{
"type": "FeatureCollection",
"name": "campinas_apg",
"crs": { "type": "name", "properties": { "name": "urn:ogc:def:crs:OGC:1.3:CRS84" } },
"features": [
{ "type": "Feature", "properties": { "APG": "Ouro Verde" }, "geometry": { "type": "Polygon", "coordinates": [ [ [ -47.11753638321084, -23.014089030415104 ], [ -47.122453792304391, -23.020612781478722 ], [ -47.125915606310144, -23.024719153066528 ], [ -47.132910274497291, -23.033015102924043 ], [ -47.13294014327623, -23.03302688680397 ], [ -47.133079958894953, -23.033152835734334 ], [ -47.133195912338238, -23.0333098548751 ], [ -47.133600532992375, -23.033767693884453 ], [ -47.133824411361644, -23.034140862045003 ], [ -47.134302612691926, -23.035098252878178 ], [ -47.134706756530633, -23.036441856646334 ], [ -47.134994940567488, -23.03768524034734 ], [ -47.135056563407424, -23.038221473355637 ], [ -47.135222131591583, -23.039190356872119 ], [ -47.135528366680205, -23.040788950770786 ], [ -47.136008115596837, -23.042408985533417 ], [ -47.1364385378075, -23.043396941101133 ], [ -47.136812538042875, -23.045379579668275 ], [ -47.137726749465394, -23.047029211247072 ], [ -47.137822219711346, -23.047190679909871 ], [ -47.137898104783453, -23.047304027780221 ], [ -47.138050825051693, -23.047504260939331 ], [ -47.138099909964922, -23.047560919504235 ], [ -47.139285793328376, -23.048316750972457 ], [ -47.146520395226112, -23.055146935584364 ], [ -47.146563606750981, -23.055106809835237 ], [ -47.146814709128932, -23.054873658576916 ], [ -47.146856334636929, -23.05483499864237 ], [ -47.146911704760257, -23.054770153862876 ], [ -47.146945709871865, -23.05473800669003 ], [ -47.146968561619552, -23.054702671003227 ], [ -47.146998353297427, -23.054623008135277 ], [ -47.14699976428129, -23.054585165328415 ], [ -47.146962384760592, -23.054511109136442 ], [ -47.146921083388136, -23.054448480385361 ], [ -47.146919442223599, -23.05443631606699 ], [ -47.146951243897092, -23.05434642525378 ], [ -47.146909994099339, -23.054231257945712 ], [ -47.146869125742342, -23.054129987207311 ], [ -47.146866205532469, -23.054103126054027 ], [ -47.146914768814632, -23.054030159075516 ], [ -47.146930753251887, -23.053993020995623 ], [ -47.146968777122865, -23.053904851076211 ], [ -47.146980797936799, -23.053795369321975 ], [ -47.147021703748365, -23.053665725751536 ], [ -47.147038620176154, -23.053631553952272 ], [ -47.147110667130136, -23.053573252904549 ], [ -47.147239212718759, -23.053445216988599 ], [ -47.147369630318074, -23.053303344050011 ], [ -47.147453247641117, -23.053259329041875 ], [ -47.14754965454464, -23.053179663616163 ], [ -47.147647830234838, -23.053115139662669 ], [ -47.147764528206892, -23.053072029022548 ], [ -47.147824190654497, -23.053003966157185 ], [ -47.147924788659104, -23.052919730006622 ], [ -47.147999975597735, -23.052907243682483 ], [ -47.148103227545384, -23.052929401081528 ], [ -47.148229855462773, -23.052903667754219 ], [ -47.148249025517366, -23.052894921685411 ], [ -47.148267319787998, -23.052876618774466 ], [ -47.148447079160938, -23.052695799346239 ], [ -47.148522503494377, -23.052596920049027 ], [ -47.148567331727797, -23.052501616165493 ], [ -47.148628831647912, -23.052407439685176 ], [ -47.148665160857497, -23.052384919613242 ], [ -47.148697045425514, -23.052376361720498 ], [ -47.148765095626537, -23.052340050224863 ], [ -47.148789478566172, -23.052244121552935 ], [ -47.148840593873551, -23.052174910763078 ], [ -47.148825742808711, -23.05204015729996 ], [ -47.148814252536532, -23.052025870138973 ], [ -47.148725322686104, -23.05201389963414 ], [ -47.14861206318934, -23.052020133531634 ], [ -47.148570669256713, -23.052012481597721 ], [ -47.148482970750969, -23.051920965308863 ], [ -47.148433730801578, -23.0518954560313 ], [ -47.148258528993225, -23.051760174025841 ], [ -47.148190685684874, -23.051697996615392 ], [ -47.148131307239105, -23.051560869300065 ], [ -47.148068141703241, -23.051479129668376 ], [ -47.148074949792935, -23.051385967532969 ], [ -47.148069959750849, -23.05132501202354 ], [ -47.148088536381927, -23.051283956962209 ], [ -47.148146455689655, -23.051248054258018 ], [ -47.148229033328768, -23.051163972643888 ], [ -47.148366531492044, -23.050996997686759 ], [ -47.14840097313737, -23.050972156299519 ], [ -47.148413063189736, -23.050963416194524 ], [ -47.148450247154081, -23.050964355080055 ], [ -47.148594487437478, -23.050999134663638 ], [ -47.148625976679917, -23.050991033533982 ], [ -47.148648170028082, -23.050980170095709 ], [ -47.148854376517704, -23.050879241884093 ], [ -47.149058936010519, -23.050872217824981 ], [ -47.149107488885747, -23.050864606752604 ], [ -47.149199231597628, -23.050881503752052 ], [ -47.149280292587285, -23.050889428567732 ], [ -47.149397260031975, -23.050873575082555 ], [ -47.149590448068928, -23.050819222360783 ], [ -47.149709844050228, -23.050809383786316 ], [ -47.14989061588566, -23.050809091450262 ], [ -47.150130800974367, -23.05074037759152 ], [ -47.150231088161028, -23.050667157446838 ], [ -47.150238613921211, -23.050639522371466 ], [ -47.150229793346448, -23.050590715426441 ], [ -47.150234928563179, -23.050579722758968 ], [ -47.150305402374428, -23.05052893432272 ], [ -47.150330632369119, -23.050501600003997 ], [ -47.150321118256791, -23.050444587829073 ], [ -47.150314451917843, -23.050404778691895 ], [ -47.150326575611096, -23.050317141038018 ], [ -47.150326886731399, -23.050235441445157 ], [ -47.150282091858926, -23.050084575934747 ], [ -47.150323736164864, -23.050006737296179 ], [ -47.15035515808286, -23.04992858636955 ], [ -47.150354180823747, -23.049897456129283 ], [ -47.150314705897088, -23.049807992873671 ], [ -47.150301263632421, -23.049746791388319 ], [ -47.150288338661639, -23.049728281104436 ], [ -47.150209501607684, -23.049677989353576 ], [ -47.15011482100828, -23.049658424728101 ], [ -47.150009806921709, -23.049611287369203 ], [ -47.149951227196709, -23.049539686747529 ], [ -47.149935519112091, -23.04950803470043 ], [ -47.149875013154727, -23.049264493716358 ], [ -47.149836561731881, -23.04907734300086 ], [ -47.149787715355508, -23.048990444354274 ], [ -47.149752655613476, -23.048880068222378 ], [ -47.149730085693044, -23.048740545169011 ], [ -47.149686768983933, -23.048621886093304 ], [ -47.149612242295305, -23.048473139794957 ], [ -47.149510093225054, -23.048307437022114 ], [ -47.149441591019652, -23.04815301187632 ], [ -47.149420563943643, -23.048059957415489 ], [ -47.149413728212139, -23.048029719254366 ], [ -47.149360506423626, -23.047895216740361 ], [ -47.149355168921154, -23.047822530747585 ], [ -47.149382141831801, -23.047575633381221 ], [ -47.149403076793909, -23.047475418512942 ], [ -47.149413308600266, -23.047369932912591 ], [ -47.149412571118958, -23.047232279386705 ], [ -47.149412301973996, -23.047169725115982 ], [ -47.149422599499808, -23.047073446280631 ], [ -47.149405962791576, -23.046881936502739 ], [ -47.14939925107371, -23.046687222541035 ], [ -47.149397827518712, -23.046577291588179 ], [ -47.149404745451378, -23.046480968432377 ], [ -47.149419205207195, -23.046388424387466 ], [ -47.149442659040808, -23.046294855332015 ], [ -47.149484429911936, -23.046199683135669 ], [ -47.149580089477503, -23.045890918677976 ], [ -47.149601167438632, -23.045799728964738 ], [ -47.149604075100008, -23.04570418250594 ], [ -47.149615908024664, -23.045603278948395 ], [ -47.149779336548043, -23.045169831042902 ], [ -47.149778081909567, -23.045070549796769 ], [ -47.149767695344153, -23.044973739786215 ], [ -47.149774660320951, -23.044880394928356 ], [ -47.149830993562865, -23.044526939295675 ], [ -47.149833156989352, -23.044435194342324 ], [ -47.149824774484856, -23.04424673181126 ], [ -47.149835967881209, -23.044151162936888 ], [ -47.149861838759612, -23.044047721408269 ], [ -47.149920541538634, -23.04393471599041 ], [ -47.149961009011989, -23.043874045031075 ], [ -47.149979634030146, -23.043846259020007 ], [ -47.15002547829652, -23.043759426548586 ], [ -47.150057290296921, -23.043670437859209 ], [ -47.150126347227804, -23.043586358884319 ], [ -47.150292041793492, -23.043447795749845 ], [ -47.150382809760458, -23.043383371300759 ], [ -47.150422462372106, -23.043327134614227 ], [ -47.150474626604392, -23.043212773630575 ], [ -47.150503043087056, -23.043117692620221 ], [ -47.150518253352928, -23.043016743080781 ], [ -47.150550639844326, -23.042913303112247 ], [ -47.150572396604986, -23.042809195296655 ], [ -47.150559680025587, -23.042717652762779 ], [ -47.150602264145114, -23.042511706549668 ], [ -47.150648114943266, -23.042420270018461 ], [ -47.150666477914271, -23.042310160191882 ], [ -47.150610752880581, -23.042220556784933 ], [ -47.150583088523746, -23.042155305953081 ], [ -47.15057155059489, -23.042127839919441 ], [ -47.150602497437447, -23.042035071529114 ], [ -47.150655042242605, -23.04194977265448 ], [ -47.150698217480709, -23.041846908073136 ], [ -47.15072171035164, -23.041745755574457 ], [ -47.150757540288723, -23.041651476395117 ], [ -47.150813898478795, -23.041553036281563 ], [ -47.150846687610169, -23.04146484662359 ], [ -47.150905438778167, -23.041354999760898 ], [ -47.150946947592672, -23.041253602138205 ], [ -47.150973739241188, -23.041152495005392 ], [ -47.151040266709856, -23.041066283627188 ], [ -47.151126086180156, -23.041009508959128 ], [ -47.151183376990701, -23.040721667129009 ], [ -47.151200890536877, -23.040613825597838 ], [ -47.151231036554215, -23.040526394012545 ], [ -47.151301894843314, -23.040454567008666 ], [ -47.151391914894901, -23.04039385340684 ], [ -47.151431437479282, -23.040375080832586 ], [ -47.151483813003587, -23.040350085181171 ], [ -47.151503929964981, -23.040304856392009 ], [ -47.151522186886993, -23.040264076199424 ], [ -47.151585342897071, -23.040173306681151 ], [ -47.151602854652623, -23.040065374876392 ], [ -47.151655005557508, -23.03982878662833 ], [ -47.15171890978003, -23.039729431127885 ], [ -47.15178550782742, -23.039647732092416 ], [ -47.151831914745095, -23.039535705905731 ], [ -47.151859915533976, -23.039343679152147 ], [ -47.151924580539315, -23.039246660282824 ], [ -47.152087932669424, -23.039118057347785 ], [ -47.152147999553804, -23.039045564468339 ], [ -47.152152345007607, -23.038939346446604 ], [ -47.152164376770003, -23.038846022848503 ], [ -47.152200154885506, -23.038748584636803 ], [ -47.152239505974045, -23.03866337466107 ], [ -47.1523178238143, -23.038595327401467 ], [ -47.152415376361773, -23.038542996261576 ], [ -47.152490436575398, -23.038482576046714 ], [ -47.152582469205534, -23.038452436385292 ], [ -47.15291900335837, -23.038383671716286 ], [ -47.153061944133391, -23.038403300168394 ], [ -47.153359745166433, -23.038418111419901 ], [ -47.153737470181028, -23.038506397386204 ], [ -47.153966182976667, -23.038658638399884 ], [ -47.154060388076765, -23.03883085604506 ], [ -47.154272707795897, -23.039616300559327 ], [ -47.15435797673171, -23.039737456013484 ], [ -47.154364759552614, -23.039819961605136 ], [ -47.154369243144814, -23.039874243685347 ], [ -47.15438950340868, -23.039969564662162 ], [ -47.15439073664173, -23.040067311403757 ], [ -47.154350316107511, -23.040257160561602 ], [ -47.154339358652734, -23.040357239916581 ], [ -47.154372228963105, -23.040471526524861 ], [ -47.154421310143348, -23.040558059556876 ], [ -47.15449563170251, -23.040628180375258 ], [ -47.154559494698546, -23.040708373490951 ], [ -47.154638053264414, -23.040786921968699 ], [ -47.154820184114094, -23.040888070923298 ], [ -47.155024723267701, -23.040941431661651 ], [ -47.155140901295404, -23.040927119842841 ], [ -47.155233622762687, -23.040894712411934 ], [ -47.155336442472091, -23.040925627779568 ], [ -47.155424545231895, -23.040971999512937 ], [ -47.155510522542279, -23.0410465647203 ], [ -47.155570992207693, -23.041060093375805 ], [ -47.155589882965714, -23.041064259096395 ], [ -47.155704805885648, -23.041077225809239 ], [ -47.15583465270867, -23.041092787340311 ], [ -47.155888494163719, -23.041099274843791 ], [ -47.155950476184572, -23.041106734572224 ], [ -47.156292302316153, -23.041147750019729 ], [ -47.156322325294539, -23.041148784880409 ], [ -47.156364290713299, -23.041167259688383 ], [ -47.15641362835192, -23.041188973957262 ], [ -47.156459381931448, -23.041278620850356 ], [ -47.156476386652038, -23.041381568604855 ], [ -47.156508302350289, -23.041481243755531 ], [ -47.156617185356517, -23.041534191917265 ], [ -47.156931253102776, -23.04157486237763 ], [ -47.15705578175416, -23.041569642836375 ], [ -47.157267982694279, -23.041578663261429 ], [ -47.157377131028454, -23.041592700492529 ], [ -47.157427106832003, -23.041624154973576 ], [ -47.157464154077552, -23.041677270339736 ], [ -47.157518514321097, -23.041686006960376 ], [ -47.157568170653128, -23.041682260100711 ], [ -47.157687118796375, -23.041639834333292 ], [ -47.157752887450769, -23.041667823416663 ], [ -47.157797323674643, -23.041760557041727 ], [ -47.157806535856814, -23.041768194606259 ], [ -47.157836213341938, -23.041792975128743 ], [ -47.157885642455263, -23.041774968468467 ], [ -47.157928939673383, -23.04173059612004 ], [ -47.157955056099411, -23.041663168381199 ], [ -47.158020948942799, -23.041592940933459 ], [ -47.158106815806185, -23.0415393214669 ], [ -47.158155909752828, -23.041444769599707 ], [ -47.158150261257802, -23.041332640001411 ], [ -47.158161172614669, -23.041224797895971 ], [ -47.158195296359523, -23.041119708137089 ], [ -47.158193932408807, -23.041018984452865 ], [ -47.158126914920963, -23.04094795337225 ], [ -47.158098008831708, -23.040860514369204 ], [ -47.158096095891771, -23.040740480200242 ], [ -47.158128685821474, -23.040640105477127 ], [ -47.158176834358457, -23.040541775142994 ], [ -47.158196330185859, -23.040442572127052 ], [ -47.158189735331142, -23.040331628957084 ], [ -47.158213364498692, -23.040229300308042 ], [ -47.158305463783982, -23.040062034935225 ], [ -47.158309572183576, -23.039976582593514 ], [ -47.158302168455826, -23.039855269316618 ], [ -47.158330561435164, -23.039754049147305 ], [ -47.158366695595738, -23.039653987091675 ], [ -47.158364599853932, -23.039522491016559 ], [ -47.158339300064576, -23.03942408002754 ], [ -47.158296630568643, -23.039315976338447 ], [ -47.15827198689319, -23.039203203302293 ], [ -47.158271733499618, -23.038990438257141 ], [ -47.158319356206633, -23.0389096276365 ], [ -47.158402129354222, -23.038803332135032 ], [ -47.1584215409842, -23.038739245625681 ], [ -47.158415233960589, -23.038711979641601 ], [ -47.158400407516112, -23.038690246208201 ], [ -47.158247984810792, -23.038630942618472 ], [ -47.158168667642919, -23.038565405336794 ], [ -47.158137407432797, -23.038506885111115 ], [ -47.158043714799419, -23.038478193959314 ], [ -47.157953209088042, -23.038376881437458 ], [ -47.157925463991972, -23.038276427479914 ], [ -47.157931555609515, -23.038239694350391 ], [ -47.158076332260606, -23.038202873848839 ], [ -47.158147227353162, -23.03813871657918 ], [ -47.158171837692905, -23.038123215158265 ], [ -47.158269598865999, -23.038089202704995 ], [ -47.15833594312857, -23.038052459560674 ], [ -47.158345490270626, -23.037959982105257 ], [ -47.158321554864095, -23.037906778178005 ], [ -47.158349182113618, -23.037808005776885 ], [ -47.158403445412361, -23.037790564950473 ], [ -47.158441901775177, -23.037765576584775 ], [ -47.158486362682183, -23.037733735925329 ], [ -47.158499252889563, -23.037689507761641 ], [ -47.158535183915724, -23.037526258829267 ], [ -47.158572289969278, -23.037436745104021 ], [ -47.158632015026093, -23.037363261764465 ], [ -47.158669845581308, -23.037359585827382 ], [ -47.158710965629787, -23.037380599198002 ], [ -47.158750221739467, -23.037466362234966 ], [ -47.158760396282155, -23.03754448819037 ], [ -47.158793001508947, -23.037576360019983 ], [ -47.158849616389347, -23.037585336313498 ], [ -47.158963284740075, -23.037570243706508 ], [ -47.159069018582976, -23.037572140015882 ], [ -47.159167324687168, -23.037582442601973 ], [ -47.159278397445476, -23.037555920813116 ], [ -47.159379137771388, -23.037562488920059 ], [ -47.159391609861693, -23.037522328600776 ], [ -47.159505575624252, -23.037515807280332 ], [ -47.159658484152139, -23.037524912475757 ], [ -47.159880050327828, -23.037551585218999 ], [ -47.160041244815908, -23.037535481562436 ], [ -47.160148435229225, -23.037467307083876 ], [ -47.160199681839039, -23.037442324124079 ], [ -47.160221355065914, -23.037434355009736 ], [ -47.160252788500166, -23.037423002799137 ], [ -47.160295649873987, -23.037417000972276 ], [ -47.160344524325687, -23.037404688293027 ], [ -47.160405758338896, -23.037385526690699 ], [ -47.160449793837209, -23.037362357324664 ], [ -47.160478222273525, -23.037339130380602 ], [ -47.160461544616041, -23.037246740387548 ], [ -47.160463026931914, -23.037213590741803 ], [ -47.160470304930989, -23.037160502326831 ], [ -47.160505482764087, -23.037046009629378 ], [ -47.160498588366487, -23.037027327498642 ], [ -47.160372450072025, -23.036880916487476 ], [ -47.160338488208438, -23.036829565029226 ], [ -47.160318747769189, -23.036787226893004 ], [ -47.160308845051148, -23.036741324058713 ], [ -47.16029519125258, -23.036661981989734 ], [ -47.160285367508841, -23.036575636737975 ], [ -47.160285479019436, -23.036522104607407 ], [ -47.160296809889545, -23.036506242681334 ], [ -47.16031585194019, -23.036499753842961 ], [ -47.160415610898198, -23.036515452096378 ], [ -47.160444370275783, -23.036512982936859 ], [ -47.160470417821934, -23.036501884823998 ], [ -47.160490302416044, -23.036482656266415 ], [ -47.160498102772344, -23.036457273857049 ], [ -47.160490294745095, -23.036431743622689 ], [ -47.1604744126534, -23.036409392911466 ], [ -47.160391266383861, -23.036325674324839 ], [ -47.160368203019289, -23.03629186704654 ], [ -47.160352003024038, -23.036254625975303 ], [ -47.160328708814511, -23.036191213007935 ], [ -47.160324535278455, -23.036151460585685 ], [ -47.16033081996698, -23.03611174582608 ], [ -47.160344333405199, -23.036046114847245 ], [ -47.160342568323827, -23.036006058708214 ], [ -47.160311875701019, -23.0358822653446 ], [ -47.160301836151348, -23.035822733472898 ], [ -47.160305037867687, -23.035796511187442 ], [ -47.160324167443697, -23.035790472512282 ], [ -47.160359807647751, -23.035795762936953 ], [ -47.160408053440314, -23.035809637405109 ], [ -47.160487043765386, -23.035834556202893 ], [ -47.16069885242235, -23.035890157671709 ], [ -47.160773344763527, -23.035915498863904 ], [ -47.160863383932025, -23.035982513230451 ], [ -47.160955959786421, -23.036057256163868 ], [ -47.160993210652784, -23.036077780195939 ], [ -47.161034657642979, -23.036089039250143 ], [ -47.161077951125471, -23.036089982185427 ], [ -47.161229060408978, -23.036077174738399 ], [ -47.161285175464066, -23.036064943381636 ], [ -47.161400282235874, -23.036009027052749 ], [ -47.161434966817865, -23.03599979669217 ], [ -47.161463622808853, -23.03600093959971 ], [ -47.161489546224487, -23.036012320453754 ], [ -47.161506937785667, -23.036033476902592 ], [ -47.161541158568966, -23.036121203687944 ], [ -47.161613337682709, -23.036213286197523 ], [ -47.16168182813, -23.036290975767841 ], [ -47.16176515516058, -23.036416215713363 ], [ -47.161799726976213, -23.036450316782517 ], [ -47.16183086978247, -23.036466139755444 ], [ -47.161859741217945, -23.03646565476528 ], [ -47.161987450690596, -23.036443326970964 ], [ -47.162034394130032, -23.036425985037361 ], [ -47.16207048126499, -23.036403826637244 ], [ -47.162100754430256, -23.036375248230208 ], [ -47.162120172987478, -23.036346998778384 ], [ -47.162139432809681, -23.036303766548254 ], [ -47.162153034007886, -23.036258806274216 ], [ -47.162145837148685, -23.03622622666354 ], [ -47.162127681731306, -23.036182422775639 ], [ -47.162124685996737, -23.036156014402788 ], [ -47.162138314128249, -23.036132899286951 ], [ -47.162169011466446, -23.036115779457862 ], [ -47.162203184639957, -23.036104750507601 ], [ -47.162240516946483, -23.036085012359351 ], [ -47.162263027627155, -23.036058977380943 ], [ -47.16229627565157, -23.036015192776535 ], [ -47.162323521589386, -23.035993516306696 ], [ -47.162349476905895, -23.035981696994014 ], [ -47.162402632809496, -23.035960478638113 ], [ -47.162470648679943, -23.03593788353108 ], [ -47.16256058033369, -23.035912461098572 ], [ -47.162692842572703, -23.035878064499585 ], [ -47.162756867882202, -23.03586752986104 ], [ -47.162800083720619, -23.035868653931018 ], [ -47.162841457533659, -23.035880364860176 ], [ -47.162887460557776, -23.035899866014013 ], [ -47.162950323518942, -23.035932406335924 ], [ -47.163050020192344, -23.036019778742912 ], [ -47.16308070785076, -23.036037322836826 ], [ -47.163109075285149, -23.036040545618174 ], [ -47.163135705643484, -23.036030702901737 ], [ -47.16316507709206, -23.036011163716097 ], [ -47.163200992392049, -23.035978265209547 ], [ -47.163243542043666, -23.035932638035447 ], [ -47.163296428186463, -23.035869356923303 ], [ -47.163338713988296, -23.035807213795213 ], [ -47.163366367596915, -23.035785892663476 ], [ -47.163400386925709, -23.035775316923171 ], [ -47.163436476282818, -23.035773469114389 ], [ -47.163487010786305, -23.035774492868224 ], [ -47.163529372480042, -23.035782579270904 ], [ -47.16356818742112, -23.035800282884562 ], [ -47.163596354813755, -23.035821201376585 ], [ -47.163623320771741, -23.035852517432975 ], [ -47.163642477136129, -23.035888453875927 ], [ -47.163661704768977, -23.035938922924004 ], [ -47.163692493091382, -23.036028230726266 ], [ -47.163727967879602, -23.036144013978134 ], [ -47.163735707394771, -23.036190397484987 ], [ -47.163748224562859, -23.036228681523557 ], [ -47.163767818567244, -23.036256758405372 ], [ -47.163800415579509, -23.036283032480114 ], [ -47.163838762563778, -23.036301645125533 ], [ -47.163975022331513, -23.036346269869377 ], [ -47.164018677771203, -23.036369864980095 ], [ -47.164078715083157, -23.036406776483069 ], [ -47.164137294015113, -23.036432965709736 ], [ -47.164223595983707, -23.03646735119359 ], [ -47.16428535849326, -23.036486365405928 ], [ -47.164320254602636, -23.03648534615224 ], [ -47.164386694413608, -23.036434607347495 ], [ -47.164422420385471, -23.036430146427815 ], [ -47.164458395181832, -23.036431188604904 ], [ -47.164537270647898, -23.036463960424626 ], [ -47.164558561822048, -23.036462314915557 ], [ -47.164583360748836, -23.036448615388338 ], [ -47.164616902300672, -23.036423241534202 ], [ -47.164656338392298, -23.036384156111708 ], [ -47.164701923265596, -23.036332168072789 ], [ -47.164748186870071, -23.036272317183769 ], [ -47.164786318762815, -23.036232166339747 ], [ -47.164828610033069, -23.036195569370463 ], [ -47.164861031642282, -23.036175627042045 ], [ -47.164891886919023, -23.036163379157163 ], [ -47.16491418930417, -23.036164608419814 ], [ -47.164932765064783, -23.03616922871467 ], [ -47.164991900518267, -23.036184938606567 ], [ -47.165027662817565, -23.036187788979969 ], [ -47.165054046349553, -23.036182643399812 ], [ -47.165082669890118, -23.036171689824084 ], [ -47.165160623083558, -23.036141735866508 ], [ -47.165249620495196, -23.036113255515723 ], [ -47.165315884882531, -23.036086801553481 ], [ -47.165352300243917, -23.036065089299854 ], [ -47.165365125724485, -23.036052185512695 ], [ -47.165376604170319, -23.036040563959503 ], [ -47.165386313207769, -23.036008836284715 ], [ -47.165383046344857, -23.035975571157334 ], [ -47.165370446887458, -23.035937198130949 ], [ -47.165349655227388, -23.035894604293023 ], [ -47.165311338752083, -23.035822551385149 ], [ -47.165292110542318, -23.035772082582653 ], [ -47.165275173915674, -23.035713999664317 ], [ -47.165264491714012, -23.035654657583514 ], [ -47.165271207715328, -23.035621887650141 ], [ -47.16528783006536, -23.03558482961969 ], [ -47.165313934619405, -23.035537080082083 ], [ -47.165331494268806, -23.035493238915581 ], [ -47.165333939064666, -23.03545998584319 ], [ -47.165326979901806, -23.035427222623706 ], [ -47.165310176047676, -23.035377442786121 ], [ -47.165283834060723, -23.035299629109819 ], [ -47.165276013674848, -23.035253246811653 ], [ -47.165271781754441, -23.035199864537049 ], [ -47.165273824421995, -23.035146486616398 ], [ -47.165290947684255, -23.035125670444561 ], [ -47.165320236733784, -23.03510604174517 ], [ -47.165331523228858, -23.035082416831674 ], [ -47.165330613635021, -23.035055709176412 ], [ -47.165307937662632, -23.034930453210684 ], [ -47.165308099911641, -23.034890280551707 ], [ -47.165310919040849, -23.034830121699571 ], [ -47.165320129593063, -23.03477727752356 ], [ -47.165337608739058, -23.034733437461366 ], [ -47.165360310437372, -23.034699275114832 ], [ -47.165397408461693, -23.034649840435698 ], [ -47.165415168165879, -23.034613488988612 ], [ -47.165419706867603, -23.034580387782675 ], [ -47.165432280101228, -23.034556745244657 ], [ -47.165458793850298, -23.03454970215008 ], [ -47.165493296707645, -23.034559339989233 ], [ -47.165528964791868, -23.034556323974247 ], [ -47.165577172575304, -23.034542664834539 ], [ -47.165603520006918, -23.034520187714929 ], [ -47.165620668363594, -23.034490885730499 ], [ -47.165627787809697, -23.034458200532416 ], [ -47.165624735884506, -23.034418252435181 ], [ -47.165611225529027, -23.034373211863912 ], [ -47.165587082546629, -23.034317213609054 ], [ -47.165470751667705, -23.034064875311781 ], [ -47.165463557072322, -23.034032476397435 ], [ -47.16546731785165, -23.034006065870344 ], [ -47.165478951138276, -23.033953820406701 ], [ -47.165473522994731, -23.033921216762046 ], [ -47.165433615938596, -23.033850268865976 ], [ -47.165439645908592, -23.033824910514468 ], [ -47.165459608363115, -23.03380559005689 ], [ -47.165493147680486, -23.0337801258203 ], [ -47.165536192891302, -23.033755524383444 ], [ -47.165693003309265, -23.033686937792204 ], [ -47.165813777481766, -23.03361342835257 ], [ -47.165919399023423, -23.033543105291226 ], [ -47.166021820427602, -23.033468854089101 ], [ -47.166104030151722, -23.033403365110022 ], [ -47.166120215807005, -23.033389332005562 ], [ -47.166161714615704, -23.033353558035852 ], [ -47.166185913377198, -23.033332554598044 ], [ -47.166233275076294, -23.033286138640673 ], [ -47.166305030553104, -23.033215827885755 ], [ -47.166374424404943, -23.033138688886691 ], [ -47.166440236242146, -23.033058890813486 ], [ -47.166501982083524, -23.032976350030061 ], [ -47.166523993237249, -23.032934253192412 ], [ -47.166550266642396, -23.03287196761368 ], [ -47.166556335975116, -23.032839025961756 ], [ -47.166563585814636, -23.032698826646865 ], [ -47.166574177610521, -23.032666996555651 ], [ -47.166596527489546, -23.032641053510513 ], [ -47.166629132350224, -23.032627607854192 ], [ -47.166664965467255, -23.032629915320303 ], [ -47.166700089620157, -23.03263819035169 ], [ -47.166792294944997, -23.032654529825098 ], [ -47.166828247052436, -23.032654217775676 ], [ -47.166860262941576, -23.032639155271752 ], [ -47.166895279634005, -23.032615566208687 ], [ -47.167031392723842, -23.032505376436589 ], [ -47.167105509797238, -23.032452003875338 ], [ -47.167246554037298, -23.032373521612598 ], [ -47.167260347400635, -23.032365840129767 ], [ -47.167305338436918, -23.032332184530382 ], [ -47.167345260919568, -23.032293452958207 ], [ -47.167380541510454, -23.032251174169708 ], [ -47.167391861222598, -23.03221960487215 ], [ -47.167393311133068, -23.032179504861517 ], [ -47.167391223582086, -23.032119413260649 ], [ -47.167396728285333, -23.032086389056104 ], [ -47.167409456037014, -23.032062383190222 ], [ -47.167428195724035, -23.032042086295089 ], [ -47.167463295471869, -23.032018676523226 ], [ -47.167502767360332, -23.032002067386756 ], [ -47.167563223392307, -23.031979754403942 ], [ -47.167625365837317, -23.031962292896178 ], [ -47.167677441857606, -23.031954176939081 ], [ -47.167732924958337, -23.031952874828587 ], [ -47.167811675707682, -23.031962898666936 ], [ -47.167883334812444, -23.031972116970454 ], [ -47.168026837983646, -23.031987030390574 ], [ -47.168235475482653, -23.032005564226242 ], [ -47.168293194532076, -23.032003238286858 ], [ -47.168307470797494, -23.032000605248257 ], [ -47.168335704523969, -23.031995524079395 ], [ -47.168367552000667, -23.031980012245164 ], [ -47.168393974555812, -23.031957262871927 ], [ -47.168418463121107, -23.031924249169855 ], [ -47.168432772652267, -23.031893541524969 ], [ -47.168441717464589, -23.031854331734472 ], [ -47.168458868478417, -23.031694588518214 ], [ -47.168479052387831, -23.031548434567341 ], [ -47.168512507037619, -23.0313368330477 ], [ -47.168534076742155, -23.031252134332689 ], [ -47.168575374051073, -23.031103343839717 ], [ -47.168592685102482, -23.03107421989899 ], [ -47.168667940162621, -23.031011623483838 ], [ -47.168794542071709, -23.030935594775805 ], [ -47.16881010881211, -23.030913084484155 ], [ -47.168835094076108, -23.03086589144602 ], [ -47.168849530018605, -23.030747619616871 ], [ -47.16889366722107, -23.030670735738489 ], [ -47.168946188525233, -23.030625151018608 ], [ -47.16896622756137, -23.030620723759654 ], [ -47.169002167521292, -23.03061968925137 ], [ -47.169066794057208, -23.030621781861996 ], [ -47.169101597534492, -23.030630151052652 ], [ -47.169218858862905, -23.030719354932479 ], [ -47.169278860093137, -23.030754098550251 ], [ -47.169321086507338, -23.030758845325593 ], [ -47.169347639796683, -23.030769403842623 ], [ -47.169396791759304, -23.030794727550965 ], [ -47.169431275782131, -23.03085347199336 ], [ -47.169459955850051, -23.030891353281721 ], [ -47.16949546739886, -23.030913794866244 ], [ -47.169625037957942, -23.03097295002032 ], [ -47.169713369274554, -23.031018678896658 ], [ -47.16982465145167, -23.031081063696636 ], [ -47.169883383972277, -23.031106887691028 ], [ -47.169893479580978, -23.031159647686678 ], [ -47.1698986829742, -23.031218342384953 ], [ -47.169857939981682, -23.031311248094365 ], [ -47.16983724788598, -23.031375353225812 ], [ -47.169813439934565, -23.03143074486638 ], [ -47.169746706839213, -23.031518139547064 ], [ -47.169726847570807, -23.031553888306753 ], [ -47.169665028401425, -23.031651777191417 ], [ -47.169501996682762, -23.031773622140122 ], [ -47.169415914428853, -23.031833208003988 ], [ -47.169408928871619, -23.031859121192014 ], [ -47.169359067060384, -23.032005501754586 ], [ -47.169352330565516, -23.032051993199666 ], [ -47.169356946616944, -23.032084066180442 ], [ -47.169399964239375, -23.032183405541332 ], [ -47.16942175519209, -23.032218041306816 ], [ -47.169457387663854, -23.032268103989214 ], [ -47.169561983943211, -23.032370028831195 ], [ -47.169595922145376, -23.032394658440129 ], [ -47.169643466823999, -23.03242505922487 ], [ -47.169754214563227, -23.032474091295118 ], [ -47.169782021355196, -23.032492576318596 ], [ -47.169798428712518, -23.032557707037203 ], [ -47.169804744560196, -23.032610518884557 ], [ -47.16980466219696, -23.032771111198795 ], [ -47.169798782505843, -23.032810820610312 ], [ -47.169784849447566, -23.032854973498825 ], [ -47.169758866816046, -23.032895139265914 ], [ -47.169745122444617, -23.032930984678902 ], [ -47.169759356190127, -23.032960849460896 ], [ -47.169809017886436, -23.033017941194601 ], [ -47.169837103270943, -23.033048789432549 ], [ -47.1698928766817, -23.033100742131882 ], [ -47.169923960748065, -23.033117918365669 ], [ -47.169981256700602, -23.033144393866309 ], [ -47.169996881977625, -23.033145623789274 ], [ -47.170089427291344, -23.03315301984804 ], [ -47.17012380026933, -23.033144514097337 ], [ -47.170265706553842, -23.033094813653204 ], [ -47.170323914444388, -23.033067746131511 ], [ -47.17036396543002, -23.0330421012915 ], [ -47.170405559532142, -23.032957127577035 ], [ -47.170405507070534, -23.032923728229541 ], [ -47.17041127593798, -23.03285702946221 ], [ -47.170425098627639, -23.032750771973951 ], [ -47.170440901645613, -23.032722932330319 ], [ -47.170472882722521, -23.03269568308454 ], [ -47.170482535497307, -23.032700696020463 ], [ -47.170533395044671, -23.03275722945202 ], [ -47.170542548706294, -23.032781296298772 ], [ -47.170543031343811, -23.032821460024074 ], [ -47.170548268286957, -23.032907325612904 ], [ -47.170560801187314, -23.032931436347468 ], [ -47.170588496388049, -23.032978087125578 ], [ -47.170613497809022, -23.033002207260196 ], [ -47.170661431689382, -23.033041809951659 ], [ -47.170747887821776, -23.033075828714232 ], [ -47.170825283632247, -23.03311168693546 ], [ -47.170866965766017, -23.03312257910731 ], [ -47.17094405501021, -23.03313930414399 ], [ -47.171218684042515, -23.033139505782088 ], [ -47.171355127491495, -23.033145485958666 ], [ -47.171442202199401, -23.033112695730772 ], [ -47.171463356106855, -23.033097510651508 ], [ -47.171495006403319, -23.03307974414161 ], [ -47.171552744482256, -23.03305349506714 ], [ -47.171588926284144, -23.033052456610104 ], [ -47.171646134732889, -23.033053386166383 ], [ -47.17175110120877, -23.033097982623744 ], [ -47.171793013085832, -23.033108149228489 ], [ -47.171870070563209, -23.033122888293935 ], [ -47.171946148589235, -23.033101622888246 ], [ -47.171973190088018, -23.033082384986994 ], [ -47.172016887179787, -23.032998194461367 ], [ -47.172031684803365, -23.032912685710446 ], [ -47.172050939675934, -23.032894457447348 ], [ -47.172087350111482, -23.032872563280268 ], [ -47.172143756341121, -23.032843533912576 ], [ -47.172172430607937, -23.032835828163972 ], [ -47.17218548603482, -23.03283230883887 ], [ -47.172221389482004, -23.032833982175486 ], [ -47.172271502392896, -23.03283889059832 ], [ -47.172355777784198, -23.032877361666486 ], [ -47.172376787863925, -23.032873281704486 ], [ -47.172417675681032, -23.032859721104995 ], [ -47.172507289961096, -23.03283483922252 ], [ -47.172557553776763, -23.032829093577867 ], [ -47.172643931901469, -23.032823122583395 ], [ -47.172678342677031, -23.032832037951351 ], [ -47.172725978221926, -23.032847993247756 ], [ -47.172777355856745, -23.032871570096034 ], [ -47.172819126158963, -23.03289798703668 ], [ -47.172819449603622, -23.032923168021011 ], [ -47.172815477159574, -23.032956351819426 ], [ -47.172810643189393, -23.033036126956063 ], [ -47.172866313262602, -23.033046465322691 ], [ -47.172922133411404, -23.033051114575265 ], [ -47.172987673161622, -23.033009772920352 ], [ -47.173007587558715, -23.03301762361497 ], [ -47.173054582061525, -23.033028713015302 ], [ -47.173068838034183, -23.033024816039422 ], [ -47.1731425400612, -23.033000874610671 ], [ -47.173276826126262, -23.032862359972228 ], [ -47.17337296395042, -23.032832964713123 ], [ -47.173424226330788, -23.032809241276354 ], [ -47.17348754827983, -23.032745001246678 ], [ -47.173521651078332, -23.032574282713899 ], [ -47.17357569027677, -23.032503038880527 ], [ -47.173595112063637, -23.032500244376212 ], [ -47.173686917100902, -23.032516675547907 ], [ -47.173725424963834, -23.032535283569235 ], [ -47.173797037228908, -23.032566616014151 ], [ -47.173921783672625, -23.032600648307433 ], [ -47.174033756886296, -23.032610663650789 ], [ -47.174058569141586, -23.032612940393541 ], [ -47.174104150469553, -23.032561040241788 ], [ -47.174123155870483, -23.032527288683525 ], [ -47.174121896158972, -23.032493905989789 ], [ -47.174123288414393, -23.032435301423643 ], [ -47.174141931549215, -23.032399027275865 ], [ -47.174173267815256, -23.032346691051632 ], [ -47.174263927302142, -23.032251653821046 ], [ -47.174313970036451, -23.032207094446878 ], [ -47.17434111975377, -23.032174584948976 ], [ -47.174376462366631, -23.032151350914223 ], [ -47.174449376907859, -23.032108462983036 ], [ -47.174546786869101, -23.03208320199818 ], [ -47.174582374948258, -23.032080275360173 ], [ -47.174701112058145, -23.032050658865778 ], [ -47.174731325624144, -23.032033633665481 ], [ -47.174785668177996, -23.031991362055237 ], [ -47.174840449767217, -23.031946376282374 ], [ -47.174849731745226, -23.031918264852315 ], [ -47.174794849830256, -23.031831728209816 ], [ -47.174747978285694, -23.031763135448251 ], [ -47.174727292456879, -23.031732276652473 ], [ -47.174756018524931, -23.031707779472573 ], [ -47.174790308149987, -23.031704148487005 ], [ -47.174888718207818, -23.031726175185025 ], [ -47.174956864862253, -23.031747083423674 ], [ -47.175097919793778, -23.031814922427806 ], [ -47.175196566889142, -23.031856714853031 ], [ -47.175237088184723, -23.031865455354357 ], [ -47.175278374574951, -23.031861728025564 ], [ -47.175422393638577, -23.031838623805591 ], [ -47.175591339311737, -23.031844965738017 ], [ -47.175659530897562, -23.031828591433598 ], [ -47.175791957284765, -23.031774864210202 ], [ -47.175965438693368, -23.031708024456478 ], [ -47.176050141292798, -23.031682937416036 ], [ -47.176111504707734, -23.03165212336901 ], [ -47.176231003499147, -23.031564812614103 ], [ -47.176303911881419, -23.031506578027393 ], [ -47.176364593826044, -23.031443366259253 ], [ -47.176467817650618, -23.031314393926838 ], [ -47.176522789285016, -23.03123122070323 ], [ -47.176584668338755, -23.031137390786125 ], [ -47.176653134650515, -23.031043018838773 ], [ -47.176703149133836, -23.0309817591788 ], [ -47.176722634861207, -23.030957930468396 ], [ -47.176753156543597, -23.030940088237752 ], [ -47.176810962827275, -23.030913204524555 ], [ -47.17686617329251, -23.030899987321391 ], [ -47.176909559759551, -23.030901827433521 ], [ -47.176959248912922, -23.030910441314123 ], [ -47.177028391560803, -23.030928265769678 ], [ -47.177150001669666, -23.030987433846402 ], [ -47.177175618135706, -23.031009739026096 ], [ -47.177251119713233, -23.031107906575674 ], [ -47.177277461466069, -23.031130292021476 ], [ -47.177318671920546, -23.031156896002653 ], [ -47.177379690512957, -23.031164721877694 ], [ -47.177404435142961, -23.031167811470542 ], [ -47.177440337298911, -23.031164428531827 ], [ -47.177519657099467, -23.031159815908545 ], [ -47.177583733817521, -23.031162725009171 ], [ -47.177609272688457, -23.031175191731471 ], [ -47.177675093757514, -23.031201547019695 ], [ -47.177816815694101, -23.031225773876884 ], [ -47.177888095747136, -23.031271461983692 ], [ -47.177961958677713, -23.031312691248075 ], [ -47.178090881040255, -23.031356321655668 ], [ -47.178154023467982, -23.031371159044319 ], [ -47.178252714697152, -23.031390652190211 ], [ -47.178310439631311, -23.031393738741937 ], [ -47.178411254766303, -23.031395238776039 ], [ -47.178567517602964, -23.031368262026749 ], [ -47.178711196732358, -23.031364116280887 ], [ -47.178860379904251, -23.031382101024082 ], [ -47.178926716956504, -23.031375500068677 ], [ -47.179003301272765, -23.031355849274973 ], [ -47.179152381672388, -23.031377445960413 ], [ -47.179208029856696, -23.031396448335716 ], [ -47.179301210134078, -23.031428383754804 ], [ -47.179463631964516, -23.031449254674712 ], [ -47.179597883660541, -23.031514114108834 ], [ -47.179758302209208, -23.031510458864059 ], [ -47.179817451414529, -23.03148707609737 ], [ -47.179880418944862, -23.031446038016117 ], [ -47.179935107105599, -23.031315385583852 ], [ -47.180038397103345, -23.031215747993855 ], [ -47.180120010661085, -23.031173730643108 ], [ -47.180182598349504, -23.03111410205814 ], [ -47.180250114372498, -23.031020825049076 ], [ -47.18027222103084, -23.030984953890389 ], [ -47.180481554345327, -23.030611960723096 ], [ -47.180590583051668, -23.030494099424189 ], [ -47.180720589235086, -23.030395176338128 ], [ -47.180831578060939, -23.030294168365423 ], [ -47.180974973317632, -23.030222502560953 ], [ -47.181021873540615, -23.030192788856422 ], [ -47.181208560964656, -23.030082161081467 ], [ -47.181451550543159, -23.029951258228859 ], [ -47.18154506864456, -23.029874322058276 ], [ -47.181597737185335, -23.02981320493771 ], [ -47.181738254900459, -23.029627837971667 ], [ -47.181820482226989, -23.029559091438784 ], [ -47.181863517002355, -23.029504155229446 ], [ -47.181907059467761, -23.029415812104265 ], [ -47.181951136727747, -23.029405635416165 ], [ -47.18215168041268, -23.029391314103009 ], [ -47.182310153957118, -23.029391925950794 ], [ -47.18242434152468, -23.029414723257247 ], [ -47.182436883757191, -23.029419334500275 ], [ -47.182514972241215, -23.029448226594138 ], [ -47.182750853557636, -23.029535331680535 ], [ -47.18286151933448, -23.029569190197162 ], [ -47.182974436260373, -23.029578012782942 ], [ -47.183088922657369, -23.029564426674892 ], [ -47.183143231592609, -23.0295452619741 ], [ -47.18317031225984, -23.029518619614787 ], [ -47.183164265463091, -23.029492795604639 ], [ -47.183108892544503, -23.029440932542666 ], [ -47.18307335065569, -23.029396739493595 ], [ -47.183081805304951, -23.029377305025303 ], [ -47.183115377317606, -23.029359148723501 ], [ -47.18316904483374, -23.029350103107141 ], [ -47.183238265627175, -23.029357813531053 ], [ -47.183426126452161, -23.029405049243326 ], [ -47.183488241529069, -23.02944102187011 ], [ -47.18359298855539, -23.029541851599575 ], [ -47.183626244805133, -23.029573979903191 ], [ -47.183815868235882, -23.029740527626942 ], [ -47.183892708236002, -23.029771783264504 ], [ -47.183946206902917, -23.029772218050095 ], [ -47.184030216949807, -23.029739282971562 ], [ -47.18406163524061, -23.029737224256632 ], [ -47.184131501718568, -23.02975503558638 ], [ -47.184156768201888, -23.029775539013404 ], [ -47.18421130407787, -23.029860271477236 ], [ -47.184330681300032, -23.030070215459141 ], [ -47.184377391415858, -23.030103602089742 ], [ -47.184437613432927, -23.030121907550765 ], [ -47.184531416171204, -23.030122597885356 ], [ -47.184606211550047, -23.03012680042541 ], [ -47.184716025177572, -23.03016762013144 ], [ -47.184790646584865, -23.030190962199377 ], [ -47.184935473628315, -23.030218208935725 ], [ -47.185006135177815, -23.030245396936994 ], [ -47.185047910704604, -23.030296995770403 ], [ -47.185122679591935, -23.030404286607148 ], [ -47.185191455206137, -23.030449193465092 ], [ -47.185323016047974, -23.030496753293384 ], [ -47.185417002868789, -23.030543748973606 ], [ -47.185466398568131, -23.030569064127111 ], [ -47.185672481935882, -23.030703606937809 ], [ -47.185778435407364, -23.030754408880384 ], [ -47.186032567147947, -23.030825730134627 ], [ -47.18607941498626, -23.030842685205641 ], [ -47.186103686972743, -23.030851376687721 ], [ -47.18614252635394, -23.030890468270911 ], [ -47.186194340764239, -23.030960974921168 ], [ -47.186240161479446, -23.030989047324667 ], [ -47.186277666283402, -23.031000263947188 ], [ -47.186525324609036, -23.031039266990565 ], [ -47.186645291328539, -23.031036254317847 ], [ -47.186724015572693, -23.031049609015472 ], [ -47.186800555596641, -23.031082131068604 ], [ -47.186926140071236, -23.031177976180704 ], [ -47.186936543267436, -23.031184602558959 ], [ -47.18699578960954, -23.031222147943467 ], [ -47.187024558898109, -23.031240345681013 ], [ -47.187177287325923, -23.031298533792739 ], [ -47.187416223007695, -23.031360223455728 ], [ -47.187486101484396, -23.031393649718225 ], [ -47.187542576750701, -23.031438906138412 ], [ -47.187594977541082, -23.031525742978928 ], [ -47.187642163347306, -23.031573565134991 ], [ -47.187708643876469, -23.031605774513988 ], [ -47.187784989387922, -23.031621237763321 ], [ -47.187901219220976, -23.031615928786859 ], [ -47.18795620501951, -23.031598829265242 ], [ -47.188018861712486, -23.031578554427579 ], [ -47.188045902043619, -23.031584318662659 ], [ -47.188061284867423, -23.031605409492723 ], [ -47.188084077174132, -23.031761531585278 ], [ -47.188100356027583, -23.031818176283267 ], [ -47.188121025605298, -23.031822945408951 ], [ -47.188179329890701, -23.031792169164831 ], [ -47.188239134953946, -23.031749727341641 ], [ -47.188471841901041, -23.031585105078364 ], [ -47.18853942508575, -23.031556095975059 ], [ -47.188636220188002, -23.031527856091891 ], [ -47.1886744246872, -23.031497718915944 ], [ -47.188704916231465, -23.031463174989025 ], [ -47.188800201798685, -23.031540661717006 ], [ -47.188850384799601, -23.031604690548264 ], [ -47.188902978278335, -23.031718334327145 ], [ -47.188961900004173, -23.032004576400148 ], [ -47.188994019503298, -23.03225995610353 ], [ -47.189005009116237, -23.032437274180189 ], [ -47.1889794512837, -23.032498379435804 ], [ -47.188792263939519, -23.032662462756299 ], [ -47.188772480331245, -23.032722495101041 ], [ -47.18878183332361, -23.032773638833291 ], [ -47.188804316450067, -23.032806005281206 ], [ -47.188818893860784, -23.032827016896139 ], [ -47.188863693780192, -23.032851582069217 ], [ -47.189273160970636, -23.032962723056212 ], [ -47.189363115386179, -23.032964095555791 ], [ -47.189406680264476, -23.032942098520575 ], [ -47.18945499851894, -23.032890698026947 ], [ -47.189513597064654, -23.032853237255321 ], [ -47.189583812067433, -23.032837731692741 ], [ -47.189651478656181, -23.032853675222555 ], [ -47.189715807432151, -23.032897016641265 ], [ -47.189823139899907, -23.032948338176425 ], [ -47.19000651017862, -23.03302090325737 ], [ -47.19006623154872, -23.033067828840498 ], [ -47.190116744900664, -23.033127339128871 ], [ -47.190177507468874, -23.033173979435475 ], [ -47.190372956007025, -23.033252244304464 ], [ -47.190389958535178, -23.033259049836108 ], [ -47.190529700972242, -23.033334746087146 ], [ -47.190580549691482, -23.03334036060755 ], [ -47.190629700090994, -23.033320542609442 ], [ -47.19078287243633, -23.033226887364354 ], [ -47.190832212505065, -23.033218801727095 ], [ -47.190876371099527, -23.033238500623291 ], [ -47.1909181618554, -23.033275925150388 ], [ -47.190945853146793, -23.033287096015211 ], [ -47.190982692020029, -23.03330184119211 ], [ -47.191019072137813, -23.033303142547645 ], [ -47.191097668717788, -23.033283638590955 ], [ -47.191225932702928, -23.033206666842382 ], [ -47.191311857021354, -23.033162778734745 ], [ -47.191432906832183, -23.033117230336355 ], [ -47.191563382973506, -23.033032825575219 ], [ -47.191628636866035, -23.032999063142611 ], [ -47.191797684273901, -23.032932087298416 ], [ -47.191866987600484, -23.032934827819421 ], [ -47.191937964657676, -23.032961466541941 ], [ -47.192013357967546, -23.032972698194222 ], [ -47.192071927398153, -23.032963310747451 ], [ -47.192130257012771, -23.032954016873248 ], [ -47.192270318245825, -23.032900260610084 ], [ -47.192341999431264, -23.032885907017793 ], [ -47.192562134048984, -23.03285920452041 ], [ -47.192670120806874, -23.032831619421362 ], [ -47.192727498854296, -23.032793362010572 ], [ -47.192797012425537, -23.032714676107933 ], [ -47.192888502720272, -23.032656898779216 ], [ -47.193027270701023, -23.032602798735649 ], [ -47.193093851830334, -23.032556650404551 ], [ -47.19314478915544, -23.032473347421114 ], [ -47.193165634910862, -23.032439297538591 ], [ -47.193253263329126, -23.032366588837753 ], [ -47.193277733862992, -23.032332849750425 ], [ -47.193294260055325, -23.032310233717329 ], [ -47.193328955155138, -23.03220747719336 ], [ -47.193369665300729, -23.032143362855166 ], [ -47.193425077775814, -23.032093036367215 ], [ -47.193448411822295, -23.032083505245499 ], [ -47.193493240438315, -23.032065100392138 ], [ -47.193566799881516, -23.032057490438916 ], [ -47.193673513207735, -23.032075508457659 ], [ -47.193745717078791, -23.032078569023508 ], [ -47.193813211317284, -23.032064002069934 ], [ -47.193834565638838, -23.032036534729382 ], [ -47.193826558925664, -23.031994128873798 ], [ -47.193774802465306, -23.031838048738599 ], [ -47.193776545685168, -23.031806610776972 ], [ -47.193799572834756, -23.031768197630221 ], [ -47.193844468642219, -23.031739049685715 ], [ -47.19388606585084, -23.031689997933356 ], [ -47.193893798373942, -23.031640964607455 ], [ -47.193898997614625, -23.03150007209161 ], [ -47.193918661841792, -23.03143281934873 ], [ -47.193974098895254, -23.031354238007275 ], [ -47.1940159574959, -23.031331270482248 ], [ -47.194026600846271, -23.031332837948028 ], [ -47.194060060360336, -23.031337609391919 ], [ -47.19410367030963, -23.031368147346615 ], [ -47.194149793674406, -23.031419773473896 ], [ -47.194178927635285, -23.031490230807606 ], [ -47.194234615239424, -23.03156122241522 ], [ -47.194400406568519, -23.031705609948922 ], [ -47.1944635487977, -23.031750139343163 ], [ -47.194498580301406, -23.031752632137238 ], [ -47.19453093888297, -23.031758953330872 ], [ -47.19457006459227, -23.031751008309332 ], [ -47.19463941554951, -23.031736866600173 ], [ -47.194754546669238, -23.031713423676294 ], [ -47.194882980892125, -23.031657118507049 ], [ -47.195002007192741, -23.031620893359829 ], [ -47.195193237029869, -23.031602622505048 ], [ -47.195272516242554, -23.031615423544284 ], [ -47.195348137085425, -23.031645697324198 ], [ -47.195412368896562, -23.031687954460786 ], [ -47.195509080973622, -23.031798636224799 ], [ -47.195550939767891, -23.031855105378877 ], [ -47.195591258698009, -23.031871155203262 ], [ -47.195641039430392, -23.031860534449738 ], [ -47.195777673272865, -23.031784074922371 ], [ -47.195929253268474, -23.031662002251284 ], [ -47.195994957123986, -23.031631301030586 ], [ -47.196064998039731, -23.031625002564549 ], [ -47.196107273388776, -23.031642649940121 ], [ -47.196147784179381, -23.031695346328725 ], [ -47.196186322283644, -23.031725593022593 ], [ -47.196240524791399, -23.031734679676209 ], [ -47.196347745092865, -23.031719469710133 ], [ -47.196500569726382, -23.03167916329129 ], [ -47.19685767834514, -23.031522821378054 ], [ -47.197068484098153, -23.031446865040788 ], [ -47.197162423445064, -23.031376594203692 ], [ -47.197230858225247, -23.031345674015078 ], [ -47.19734531455336, -23.031335237409507 ], [ -47.19746226115786, -23.031334515208442 ], [ -47.197540288159601, -23.031319710089441 ], [ -47.197580874060868, -23.031302626848575 ], [ -47.19761586855482, -23.031287968296699 ], [ -47.197676250544738, -23.031241633498617 ], [ -47.19772352224058, -23.031185460969834 ], [ -47.197781538476683, -23.031147012442258 ], [ -47.197852290854016, -23.031130051537357 ], [ -47.197897826560968, -23.031130501949669 ], [ -47.197925342165803, -23.031130841707562 ], [ -47.197996264907125, -23.031149173673342 ], [ -47.1980500044289, -23.031189228520908 ], [ -47.198111642356785, -23.031274849839246 ], [ -47.198122726015839, -23.031283722720087 ], [ -47.198169995353162, -23.03132161071602 ], [ -47.198239437322961, -23.031352781385856 ], [ -47.198353853127763, -23.031364641132679 ], [ -47.198508278298661, -23.031403205941739 ], [ -47.198628913190781, -23.031426533499261 ], [ -47.198846293109007, -23.031453390436738 ], [ -47.198986090806017, -23.031448106732931 ], [ -47.199024467821225, -23.031453530890648 ], [ -47.199067360126776, -23.031459614408277 ], [ -47.19925674953862, -23.031541111797527 ], [ -47.19941542747943, -23.031633507290469 ], [ -47.199486596622911, -23.031662035553964 ], [ -47.199603569289458, -23.031692634812728 ], [ -47.199673663890621, -23.031724337355666 ], [ -47.199873640054811, -23.031838544703628 ], [ -47.199983325972589, -23.031925663288398 ], [ -47.200089957441165, -23.031973286363122 ], [ -47.200281927926696, -23.032030373840133 ], [ -47.20043224818599, -23.032207376475508 ], [ -47.200494874720938, -23.032249744028611 ], [ -47.200558825954538, -23.032254811944568 ], [ -47.200598936268179, -23.03223322109374 ], [ -47.200635611281136, -23.032198227927008 ], [ -47.200695620575956, -23.032173561809426 ], [ -47.200764067815449, -23.032173150928433 ], [ -47.20080556955245, -23.032172844192889 ], [ -47.20091736630107, -23.032162080905611 ], [ -47.200978337418363, -23.032132255955993 ], [ -47.201016046044955, -23.032096526169902 ], [ -47.201028323637807, -23.032084800841027 ], [ -47.201090192296178, -23.032050810978145 ], [ -47.201280422534687, -23.03200077192864 ], [ -47.201496150741313, -23.03192591477417 ], [ -47.201624284372791, -23.031856248635112 ], [ -47.201705750266093, -23.031785787797769 ], [ -47.201768228482791, -23.031754677814035 ], [ -47.202133113686635, -23.031686228476683 ], [ -47.202151537657329, -23.03169138808029 ], [ -47.202193879159218, -23.031703165359257 ], [ -47.202232949421813, -23.03173638196192 ], [ -47.202274517812285, -23.031755030437047 ], [ -47.202320918915795, -23.031749329207585 ], [ -47.202407218854631, -23.031714005674374 ], [ -47.202482272674104, -23.031699420076471 ], [ -47.20255765046204, -23.031699814604899 ], [ -47.202662075066137, -23.031730405770475 ], [ -47.202760178427575, -23.031782839763256 ], [ -47.202826578442959, -23.031809898322308 ], [ -47.202898408955342, -23.031809800478946 ], [ -47.20296703876852, -23.031786006415665 ], [ -47.203080485496855, -23.031698670453252 ], [ -47.203167291779032, -23.031674713370474 ], [ -47.203232320805071, -23.03168671591926 ], [ -47.20332885058788, -23.031756142056214 ], [ -47.203399032775835, -23.031773398614291 ], [ -47.203472298763664, -23.031767593559518 ], [ -47.203670370918282, -23.031675557600892 ], [ -47.203741758938015, -23.031663098682202 ], [ -47.203814089800986, -23.03166904148198 ], [ -47.203883547058012, -23.031691182454807 ], [ -47.203976876935684, -23.031746841601141 ], [ -47.204044905767311, -23.031770175902931 ], [ -47.204103823701544, -23.031772423925947 ], [ -47.204119518968632, -23.031773017602628 ], [ -47.20418570391336, -23.031752235976789 ], [ -47.20433239408726, -23.03164159776799 ], [ -47.204368948876692, -23.031619062605902 ], [ -47.20450027757731, -23.031538246616261 ], [ -47.204616328083993, -23.031442929654105 ], [ -47.204678838444089, -23.03140396471607 ], [ -47.204787434481375, -23.031369592881557 ], [ -47.20493592745396, -23.031350010470476 ], [ -47.205042510287633, -23.03132045079289 ], [ -47.205106173154626, -23.031288059265226 ], [ -47.205127692399365, -23.031270878914924 ], [ -47.205189710434546, -23.031221449447948 ], [ -47.205218614737021, -23.031198388895984 ], [ -47.205272699002307, -23.03115078513726 ], [ -47.205304263400464, -23.031133013350011 ], [ -47.205320124547562, -23.031124036084332 ], [ -47.205335987161547, -23.031115149065716 ], [ -47.205362313229244, -23.031106657751408 ], [ -47.205399522098126, -23.031094674721501 ], [ -47.205478819006679, -23.031069015753193 ], [ -47.205506504468303, -23.031055089318997 ], [ -47.205506582019758, -23.030867148186729 ], [ -47.205537578753557, -23.030789806736994 ], [ -47.205609945470485, -23.030699160415146 ], [ -47.205700943868365, -23.030616558966912 ], [ -47.205852066610888, -23.030546117638163 ], [ -47.205989843356711, -23.030505741360905 ], [ -47.206100361565028, -23.030495624230216 ], [ -47.206271580960475, -23.030523205099346 ], [ -47.206373835157834, -23.030568718473695 ], [ -47.206489854041926, -23.030609887367699 ], [ -47.206572847439844, -23.03060872946374 ], [ -47.206673929823182, -23.030577349836161 ], [ -47.206746782193179, -23.030516575292395 ], [ -47.206848958958936, -23.030275846605257 ], [ -47.206865785539883, -23.030173066290015 ], [ -47.206937035236997, -23.030013920888578 ], [ -47.206979497769495, -23.029791176486508 ], [ -47.206987422931988, -23.029709823845945 ], [ -47.207014053293179, -23.029641028377245 ], [ -47.207068397263598, -23.029584754632278 ], [ -47.207192062611796, -23.029527513476328 ], [ -47.207246218854479, -23.02944984855872 ], [ -47.207277145210689, -23.029368265181521 ], [ -47.207241490496138, -23.029223790854825 ], [ -47.207209234200363, -23.02916448296839 ], [ -47.207084348644855, -23.029043098899084 ], [ -47.207063346981592, -23.029003132014548 ], [ -47.207049025550333, -23.028958468192187 ], [ -47.207047644893755, -23.028853956012799 ], [ -47.207031333672049, -23.028761206600706 ], [ -47.207045246973884, -23.02868699191157 ], [ -47.207065753497901, -23.028666936859285 ], [ -47.20712241492285, -23.028664069996548 ], [ -47.207222792539696, -23.028683340824834 ], [ -47.207295059615802, -23.028680526925484 ], [ -47.207361825553505, -23.028656034953251 ], [ -47.207401757309086, -23.028608808615225 ], [ -47.207442146936138, -23.028402070663891 ], [ -47.207473399396186, -23.028340522414901 ], [ -47.207586041259873, -23.028214018065352 ], [ -47.2077085337109, -23.028153994623484 ], [ -47.207748166046372, -23.028113091216753 ], [ -47.20776985237773, -23.028061786566518 ], [ -47.20777312455516, -23.027981221007444 ], [ -47.207745920486751, -23.02792590479978 ], [ -47.207704347374467, -23.027897057407579 ], [ -47.207671104305696, -23.02788578644649 ], [ -47.207606414638995, -23.027889577958085 ], [ -47.207416127388647, -23.027989904736451 ], [ -47.207345925543706, -23.027996029797166 ], [ -47.207257854505741, -23.027966838228359 ], [ -47.207210872583659, -23.027917033514715 ], [ -47.207190769082629, -23.027863062411839 ], [ -47.207186298049862, -23.027815733601759 ], [ -47.207181408923063, -23.027752613558011 ], [ -47.207183484715578, -23.027697339989675 ], [ -47.207155243097034, -23.02757830825287 ], [ -47.20715268171773, -23.027514884916258 ], [ -47.207186990301381, -23.027473062978995 ], [ -47.207245975281097, -23.027444978640627 ], [ -47.207291312383646, -23.027448137259988 ], [ -47.207405256384348, -23.027500347414342 ], [ -47.207431291560283, -23.027518489204031 ], [ -47.207445468220897, -23.027514770864816 ], [ -47.207480000765074, -23.027476827308739 ], [ -47.207519288058151, -23.027404876262921 ], [ -47.207514190793908, -23.027353674641418 ], [ -47.207525698622, -23.027329321954962 ], [ -47.207598859316796, -23.027272785469371 ], [ -47.207648662906188, -23.027224247816008 ], [ -47.207682417272828, -23.027168171026833 ], [ -47.207677474803248, -23.027131410282824 ], [ -47.207628638464477, -23.027091200071268 ], [ -47.207603080102103, -23.0270578864721 ], [ -47.207605644000409, -23.027017771276196 ], [ -47.207686896062931, -23.026865436750526 ], [ -47.207685869530899, -23.026832051568856 ], [ -47.207653804611795, -23.026814084240328 ], [ -47.2076007236574, -23.026804624695774 ], [ -47.207546663706594, -23.026769632683127 ], [ -47.207514470739795, -23.026709240703468 ], [ -47.207492359823803, -23.026606101063877 ], [ -47.207490705258905, -23.026465033777662 ], [ -47.207502189648714, -23.026424433010167 ], [ -47.207520901610927, -23.026402868392495 ], [ -47.207532587267252, -23.026389435770056 ], [ -47.207604840579791, -23.026361166154082 ], [ -47.207668573133006, -23.026323356653293 ], [ -47.207724078655353, -23.026274288068695 ], [ -47.207787734108408, -23.026241624930172 ], [ -47.207868966534001, -23.026216479555597 ], [ -47.207893692615407, -23.026183908410719 ], [ -47.207917446964956, -23.025983089518927 ], [ -47.20795087781336, -23.025926926938475 ], [ -47.208032944325453, -23.025864127702537 ], [ -47.208271537888649, -23.02572728923861 ], [ -47.208420462325869, -23.025704989871912 ], [ -47.208563393706925, -23.025670316934132 ], [ -47.208663727608013, -23.02562287886332 ], [ -47.208719352606096, -23.025576245558682 ], [ -47.208785191993535, -23.025499951673197 ], [ -47.208824379014011, -23.025476205365649 ], [ -47.208973611951663, -23.025443249461482 ], [ -47.209095283909541, -23.025397228261582 ], [ -47.209141191480001, -23.025351542951256 ], [ -47.209156360726112, -23.025305113424707 ], [ -47.209164016681029, -23.025148119159187 ], [ -47.209180154343684, -23.02510682143367 ], [ -47.209217359688481, -23.02507994330379 ], [ -47.209308288167648, -23.02505755043434 ], [ -47.209420301465215, -23.025045695281563 ], [ -47.209492665566081, -23.025053891950261 ], [ -47.209615827523102, -23.025084487847419 ], [ -47.209722259770864, -23.025085528620782 ], [ -47.209759406219128, -23.025069844533363 ], [ -47.209763036549987, -23.025040907779612 ], [ -47.209742619324651, -23.02499732232582 ], [ -47.209700824586633, -23.024954847915765 ], [ -47.20960862239609, -23.02488924663599 ], [ -47.209600559568216, -23.024868326612342 ], [ -47.209647868877994, -23.024765571661579 ], [ -47.209630921485093, -23.024737463965593 ], [ -47.209568963047047, -23.0247113390311 ], [ -47.209514962839094, -23.024670118276092 ], [ -47.209479015064844, -23.024611313725146 ], [ -47.209466377215293, -23.024546586912837 ], [ -47.209478336427402, -23.024480884657546 ], [ -47.209517331692361, -23.024430601826694 ], [ -47.2095786723701, -23.024394179081142 ], [ -47.209601020109538, -23.024373646692734 ], [ -47.209631291733587, -23.024345782106518 ], [ -47.20966991565043, -23.024282595979983 ], [ -47.209714779655329, -23.024133476970142 ], [ -47.20974819772654, -23.024106200295567 ], [ -47.209780554793561, -23.024097714363609 ], [ -47.209964368755145, -23.024074384668516 ], [ -47.210026240122424, -23.024095184816325 ], [ -47.210077546350227, -23.024143845089011 ], [ -47.210182192605785, -23.02421297327512 ], [ -47.210218769158594, -23.024216614595787 ], [ -47.210229081536269, -23.024217644005084 ], [ -47.210273632776193, -23.024197342910011 ], [ -47.210420290393735, -23.024055918566194 ], [ -47.210492037712477, -23.023937566494652 ], [ -47.210558390958944, -23.023843572095206 ], [ -47.21064462168296, -23.023765006674356 ], [ -47.210867256655376, -23.02363642159963 ], [ -47.210959348772469, -23.023572036582848 ], [ -47.211081347465502, -23.023437726508192 ], [ -47.211142390611009, -23.023402841935408 ], [ -47.211431030434376, -23.023282270145131 ], [ -47.211631404369022, -23.023174666833818 ], [ -47.211770269759761, -23.023122716439367 ], [ -47.212117434153924, -23.023034814923257 ], [ -47.212201421919033, -23.022991394659453 ], [ -47.212225667702434, -23.022954135668169 ], [ -47.212230569055372, -23.022909474344754 ], [ -47.212246902338983, -23.022875304871135 ], [ -47.212284165967695, -23.022857000809676 ], [ -47.212374720064524, -23.022851220987874 ], [ -47.212484425079978, -23.022860699504974 ], [ -47.212539259186272, -23.022893873656518 ], [ -47.212568240061266, -23.022934811421504 ], [ -47.212617957736924, -23.022974827260395 ], [ -47.212741434862174, -23.023000180804782 ], [ -47.212810289531646, -23.023025034551985 ], [ -47.212871228588924, -23.023062636620423 ], [ -47.212931808544127, -23.023127504851185 ], [ -47.212989293613923, -23.023160461210317 ], [ -47.213044836091854, -23.02316311442183 ], [ -47.213121714042387, -23.023147325113808 ], [ -47.213190096991831, -23.023118655918594 ], [ -47.213243526663632, -23.023075662635375 ], [ -47.213282052066603, -23.023001644876043 ], [ -47.213324690663754, -23.022952935077786 ], [ -47.213445829023669, -23.022904029615361 ], [ -47.21350297235648, -23.02286188698012 ], [ -47.213601844966114, -23.022739994741997 ], [ -47.21365389616706, -23.022701263255019 ], [ -47.213926838080077, -23.022658898965698 ], [ -47.214039941012416, -23.022669592613752 ], [ -47.214113089029198, -23.022666763475563 ], [ -47.214200222093311, -23.022643608639783 ], [ -47.214233374120269, -23.022605051227799 ], [ -47.214283805334041, -23.022536102205606 ], [ -47.214327856624692, -23.02251481407886 ], [ -47.214403051087906, -23.022509248106246 ], [ -47.214531253097682, -23.022479199409521 ], [ -47.214559208902905, -23.022452449606849 ], [ -47.214555634872724, -23.022415850548537 ], [ -47.214503016382189, -23.022345997008532 ], [ -47.214421603627777, -23.022276185430691 ], [ -47.214378974929204, -23.022222079297457 ], [ -47.214352264033323, -23.022157640249766 ], [ -47.214340774414239, -23.022089467661573 ], [ -47.214347486487405, -23.022022755405136 ], [ -47.214375645947797, -23.021988781290212 ], [ -47.214425468402233, -23.02197120365177 ], [ -47.214653240602196, -23.02194084433139 ], [ -47.214761971328947, -23.021920275468688 ], [ -47.214832375879112, -23.021926782106561 ], [ -47.215080913172862, -23.022015376385401 ], [ -47.215196517602443, -23.021967540109074 ], [ -47.215248674275621, -23.02192546672347 ], [ -47.215271827189255, -23.021880459523448 ], [ -47.215267490917775, -23.021841524178544 ], [ -47.215235832212201, -23.021809019424836 ], [ -47.215172171600841, -23.021777143304544 ], [ -47.215065589693999, -23.021752006399847 ], [ -47.214934194744544, -23.021694900634699 ], [ -47.214863766799908, -23.021677110776061 ], [ -47.214773126800068, -23.021667728031559 ], [ -47.214735297693373, -23.021641538090346 ], [ -47.214712315132324, -23.021598530858189 ], [ -47.214714387099484, -23.021557971207326 ], [ -47.214744510231974, -23.02152604572693 ], [ -47.214796981010814, -23.021503195324932 ], [ -47.214873349421779, -23.021490752309283 ], [ -47.215071145122813, -23.02150134275664 ], [ -47.215712340375759, -23.021490738906781 ], [ -47.216011307981461, -23.021515347105684 ], [ -47.21608514134936, -23.021505286004743 ], [ -47.216191467113518, -23.021480326718255 ], [ -47.216281450417817, -23.021488905432488 ], [ -47.216327522472461, -23.02148302441347 ], [ -47.21636286693942, -23.021455629201267 ], [ -47.216450595950498, -23.021321434437564 ], [ -47.216487081520448, -23.021260533554827 ], [ -47.216482824463029, -23.021177275257124 ], [ -47.216495459626373, -23.021138372994027 ], [ -47.216531741653405, -23.021114214285824 ], [ -47.216700464371122, -23.02108323513956 ], [ -47.216772705332843, -23.02106434972298 ], [ -47.21683629984917, -23.021028253859615 ], [ -47.216883304663085, -23.020976142091207 ], [ -47.216908705257403, -23.020891565544488 ], [ -47.216940408504037, -23.020833349378265 ], [ -47.21704522676491, -23.020765442827521 ], [ -47.217118601685129, -23.02068804732059 ], [ -47.217177526821118, -23.020656620471172 ], [ -47.217286679511012, -23.020642272576783 ], [ -47.217378484916608, -23.020619682496338 ], [ -47.217423728649678, -23.020592689938152 ], [ -47.217505968980653, -23.020477076667969 ], [ -47.217550466773204, -23.020448740504357 ], [ -47.217641441282346, -23.020424537093675 ], [ -47.217941848872151, -23.020399654406503 ], [ -47.218034131109924, -23.020416053297698 ], [ -47.218080052192306, -23.020410805791336 ], [ -47.21811405623135, -23.020380179349075 ], [ -47.218136154368509, -23.020329770473712 ], [ -47.218146584895784, -23.020259395291649 ], [ -47.218112836221692, -23.020045119540573 ], [ -47.21811458066977, -23.019974775869642 ], [ -47.218133020816992, -23.019907267254165 ], [ -47.218156173926516, -23.019862349970541 ], [ -47.218267404784413, -23.019803018564033 ], [ -47.218408866675738, -23.01976267093346 ], [ -47.218629106402005, -23.01967536206087 ], [ -47.218656314931486, -23.019647268064357 ], [ -47.218654579099542, -23.019610011496361 ], [ -47.218627553783051, -23.019570672316945 ], [ -47.218588314961515, -23.019551724555907 ], [ -47.218464503783736, -23.019559869762642 ], [ -47.218377892035491, -23.019526240552199 ], [ -47.218332851254402, -23.019477134108214 ], [ -47.21831970119046, -23.019430469103074 ], [ -47.218331991579518, -23.019370538988635 ], [ -47.218364886445499, -23.01933604651294 ], [ -47.218414204828157, -23.01931233651187 ], [ -47.218485057853989, -23.019307010128703 ], [ -47.218597830817671, -23.01933702276845 ], [ -47.218750213274554, -23.019364403677006 ], [ -47.218854509219462, -23.0194022981009 ], [ -47.218929443018126, -23.019415329067449 ], [ -47.219007607696767, -23.019409538827777 ], [ -47.219051052898237, -23.019385730470237 ], [ -47.219114320729318, -23.019285547697017 ], [ -47.219185179356401, -23.019236350418893 ], [ -47.219232984066466, -23.019228277859959 ], [ -47.219280080279866, -23.019240796448692 ], [ -47.219353096848117, -23.019293933334115 ], [ -47.21941170889049, -23.019361354137665 ], [ -47.219440032945442, -23.019376844064571 ], [ -47.219463524767505, -23.019357558127201 ], [ -47.219488346695577, -23.019277051474113 ], [ -47.219491276334885, -23.019190713674835 ], [ -47.219506637972856, -23.019156286407284 ], [ -47.219544735503192, -23.01914482946162 ], [ -47.219639018176494, -23.019150818517016 ], [ -47.219735419142232, -23.019138814363348 ], [ -47.219768767618035, -23.019117313921416 ], [ -47.219771013088057, -23.019082529042709 ], [ -47.219746805583434, -23.019038456570069 ], [ -47.21969666159751, -23.018987165418743 ], [ -47.219631977181884, -23.018941855424579 ], [ -47.219577849976503, -23.018878163055955 ], [ -47.219522458438021, -23.018756897086764 ], [ -47.21949413977606, -23.018653305013974 ], [ -47.219505082421655, -23.018589692737947 ], [ -47.21954370245097, -23.018531559647418 ], [ -47.219603247180771, -23.018498769261733 ], [ -47.219679909182055, -23.018489659870031 ], [ -47.21979047732902, -23.01846364587437 ], [ -47.219855567435282, -23.0184305970606 ], [ -47.219921057295643, -23.018367934543207 ], [ -47.219933189573702, -23.01832786563849 ], [ -47.219914885629848, -23.018290661026153 ], [ -47.219840039179481, -23.018238723538488 ], [ -47.219734037561267, -23.018199770428716 ], [ -47.219669035087549, -23.018164484690359 ], [ -47.219614254193885, -23.018114883370082 ], [ -47.219576112436592, -23.018054848264953 ], [ -47.219555931855481, -23.017986527286393 ], [ -47.219556810303409, -23.01791736927289 ], [ -47.2195844030731, -23.017814527417048 ], [ -47.219596285373349, -23.017714975080995 ], [ -47.219578677246432, -23.017676045552815 ], [ -47.219407971127865, -23.017561000804836 ], [ -47.219396176565475, -23.017533273270416 ], [ -47.219420121017841, -23.017512175635989 ], [ -47.219608856316022, -23.017446249863561 ], [ -47.219651785344404, -23.01740078417745 ], [ -47.21966963733481, -23.01733671389032 ], [ -47.219669738234707, -23.017269191616773 ], [ -47.219652032159196, -23.017204627204599 ], [ -47.219620720430562, -23.017173653009383 ], [ -47.219501462434067, -23.017145356795108 ], [ -47.219437733197935, -23.017114115145176 ], [ -47.219389409378429, -23.017065867431374 ], [ -47.219362303794298, -23.016982297888063 ], [ -47.219375300193484, -23.016916400093677 ], [ -47.219517019197845, -23.016749491575045 ], [ -47.219532190411805, -23.016688708572058 ], [ -47.219498052960127, -23.016573553430593 ], [ -47.21949699760691, -23.016489437953446 ], [ -47.219518159550944, -23.016450686711156 ], [ -47.219559833232353, -23.016426812853606 ], [ -47.219616232027164, -23.016418078075802 ], [ -47.219685986866651, -23.016429285799081 ], [ -47.219781356555799, -23.016467395239584 ], [ -47.219815300277773, -23.016467550920446 ], [ -47.219879473545831, -23.016447333144715 ], [ -47.219895982137423, -23.016419118292436 ], [ -47.21987156026713, -23.016366834369951 ], [ -47.21986611203198, -23.016328817487118 ], [ -47.219892218183873, -23.01629730858868 ], [ -47.219940898435766, -23.016269093717373 ], [ -47.219994888216682, -23.016221306337542 ], [ -47.220059959680732, -23.016138068467512 ], [ -47.220115961981826, -23.01609530785197 ], [ -47.220181340913129, -23.016065233782037 ], [ -47.220272860912608, -23.016045083491459 ], [ -47.220334090347507, -23.01602192799383 ], [ -47.220631193624186, -23.015810682750519 ], [ -47.22068564441863, -23.015727232632671 ], [ -47.220707726161848, -23.015651367995623 ], [ -47.220711451927052, -23.015638226774279 ], [ -47.220729974359628, -23.01561512889101 ], [ -47.220744789936091, -23.015596506186728 ], [ -47.220850648162362, -23.015523708358803 ], [ -47.220955514481048, -23.015464013319999 ], [ -47.221113564128082, -23.015508644211849 ], [ -47.221216937527771, -23.015544383744981 ], [ -47.221270644851906, -23.015562856998706 ], [ -47.2213740924701, -23.015588395044375 ], [ -47.22153961346902, -23.015681575304757 ], [ -47.221781792900764, -23.015770429347089 ], [ -47.221913589163371, -23.01578843776085 ], [ -47.221971619194576, -23.015795837313227 ], [ -47.222120540751334, -23.015833103050248 ], [ -47.222284130447399, -23.015891827058162 ], [ -47.222444544231664, -23.015962871999974 ], [ -47.222601544020854, -23.016016994260696 ], [ -47.222768242627147, -23.016039656974392 ], [ -47.222934901901894, -23.016025580822397 ], [ -47.223066016817448, -23.015982395848773 ], [ -47.223209605108011, -23.015944541887713 ], [ -47.223337840865774, -23.015936692089863 ], [ -47.223551980047034, -23.015958597101307 ], [ -47.223748077222446, -23.01596911075897 ], [ -47.223912997266019, -23.01595198890525 ], [ -47.224099256431877, -23.015911909583991 ], [ -47.224171106387161, -23.015859627221687 ], [ -47.224189156294095, -23.015788151776444 ], [ -47.224169624286397, -23.015676132500253 ], [ -47.224120606730168, -23.015521921006521 ], [ -47.224151716180266, -23.015462087153804 ], [ -47.224221537413065, -23.015413624569298 ], [ -47.224301588529492, -23.01538081511616 ], [ -47.224465414124076, -23.015370568513458 ], [ -47.224645403742429, -23.015276867086303 ], [ -47.224744022214594, -23.015174741105032 ], [ -47.224819220255739, -23.015042253135984 ], [ -47.224874695742855, -23.014923402160356 ], [ -47.225108852570976, -23.014724317652654 ], [ -47.2253260410601, -23.014505792974383 ], [ -47.225465478901818, -23.014411216700022 ], [ -47.225585756504131, -23.014320430261446 ], [ -47.225694648351642, -23.014197487834217 ], [ -47.225753036751222, -23.014079769127815 ], [ -47.225783339830151, -23.013946377691376 ], [ -47.22579340622169, -23.01380018199303 ], [ -47.225811991938436, -23.013736913297731 ], [ -47.225833918594148, -23.013661591923817 ], [ -47.225920580678405, -23.013526956376545 ], [ -47.226024420697271, -23.013404987515571 ], [ -47.226159660069762, -23.013319316073076 ], [ -47.226320315906001, -23.013287628453394 ], [ -47.226481687399648, -23.013299530182472 ], [ -47.226642912866311, -23.013331924696235 ], [ -47.22679159865897, -23.013428405425444 ], [ -47.226935939985495, -23.013421951061986 ], [ -47.2270923869604, -23.013339681404371 ], [ -47.227207906436497, -23.01320906225143 ], [ -47.227332450459471, -23.013123540393266 ], [ -47.227483865500375, -23.013121770203941 ], [ -47.227638557846667, -23.013162831142392 ], [ -47.227775581185284, -23.013269043518196 ], [ -47.227915073198993, -23.013359062993729 ], [ -47.228069920636102, -23.013380172025798 ], [ -47.22823397365304, -23.013330110207061 ], [ -47.22835863393437, -23.013188078048131 ], [ -47.228430216080618, -23.013060965370222 ], [ -47.228493977513509, -23.012913110849126 ], [ -47.228575271540052, -23.012799491849581 ], [ -47.228663842766338, -23.012702921283761 ], [ -47.228693987485542, -23.012599229936701 ], [ -47.228713547292053, -23.012531704666053 ], [ -47.228684205886935, -23.012390667645224 ], [ -47.228805111704659, -23.012308987228117 ], [ -47.228977804728181, -23.012270898980983 ], [ -47.229148265221362, -23.012263352640609 ], [ -47.229337325730924, -23.012271792361414 ], [ -47.229510018505188, -23.012233703548318 ], [ -47.229647808888039, -23.012132196458591 ], [ -47.229754871184014, -23.012035274556037 ], [ -47.229825737900704, -23.011913677790435 ], [ -47.229868553199566, -23.01178335917993 ], [ -47.229949981271076, -23.011663328649885 ], [ -47.22999673741726, -23.011513456565091 ], [ -47.230028662387369, -23.011371375986901 ], [ -47.23010209320703, -23.011239452427322 ], [ -47.230214164976076, -23.011143994236484 ], [ -47.230346024351171, -23.011073171109242 ], [ -47.230494341769869, -23.011029918501347 ], [ -47.230630314988346, -23.010959849584413 ], [ -47.230727520490333, -23.010850518777637 ], [ -47.230787864552205, -23.01069558051195 ], [ -47.230869196186049, -23.010569773788621 ], [ -47.230986181820285, -23.010479752200915 ], [ -47.2310908237409, -23.010382502568696 ], [ -47.231157535545492, -23.010262678984848 ], [ -47.231208968614844, -23.009981671414742 ], [ -47.231307213544618, -23.009813380590931 ], [ -47.231407008387961, -23.009675759019551 ], [ -47.23151419187996, -23.00956195426226 ], [ -47.23163490608254, -23.009507986931734 ], [ -47.231776001124871, -23.009500039642607 ], [ -47.231956489904043, -23.009544975377285 ], [ -47.231978786353935, -23.009541230748539 ], [ -47.232067169563052, -23.009526353790214 ], [ -47.232127906807087, -23.00942963248724 ], [ -47.232090309976115, -23.009310015934673 ], [ -47.23206757917081, -23.009267820252887 ], [ -47.231877435766954, -23.00891475526549 ], [ -47.231822398301446, -23.008771373251662 ], [ -47.23177992374756, -23.008624113066059 ], [ -47.23177639396966, -23.008473144319563 ], [ -47.231847066496279, -23.008354618690738 ], [ -47.231903084324976, -23.008200824334455 ], [ -47.232003588228281, -23.008086842718047 ], [ -47.232138030035699, -23.008016794317804 ], [ -47.232249229165241, -23.0078978775202 ], [ -47.232257964287648, -23.007768941771953 ], [ -47.232338768569925, -23.007650363337312 ], [ -47.232436728084807, -23.007547971688556 ], [ -47.232505120420029, -23.007418013938054 ], [ -47.232599882032268, -23.00729725262493 ], [ -47.232757371773594, -23.0072350027793 ], [ -47.23277295411777, -23.007228915539294 ], [ -47.232905671284023, -23.007176312624001 ], [ -47.232968999169948, -23.007041641948298 ], [ -47.233147091093628, -23.007029109587169 ], [ -47.233107640315744, -23.006914123089025 ], [ -47.233004574532238, -23.006808880340504 ], [ -47.232926372211637, -23.006689746544687 ], [ -47.232858913008116, -23.006568565517529 ], [ -47.232784899047445, -23.006459572838335 ], [ -47.232742798060563, -23.00643272523568 ], [ -47.232730939089471, -23.006415831854511 ], [ -47.232699242204987, -23.006371235202213 ], [ -47.232675445369658, -23.006337539811526 ], [ -47.232649601118339, -23.006306491070593 ], [ -47.232600951477295, -23.006248232237105 ], [ -47.232494609160717, -23.006149083268085 ], [ -47.23242316242218, -23.00601035596992 ], [ -47.232309269410194, -23.005887302033948 ], [ -47.232170413291968, -23.005820927335694 ], [ -47.23202070108335, -23.00579370141514 ], [ -47.231859238037536, -23.005800130510789 ], [ -47.231764466674775, -23.005812750303811 ], [ -47.231684620716976, -23.005823354242676 ], [ -47.231528969400323, -23.005821306126865 ], [ -47.231373494435488, -23.005805534614442 ], [ -47.231214670699899, -23.005762188099553 ], [ -47.231056863110247, -23.005707272772007 ], [ -47.230907121217868, -23.005683115308948 ], [ -47.230750721723872, -23.005640456285644 ], [ -47.230613572268403, -23.005584888279873 ], [ -47.230322817937648, -23.005416934259991 ], [ -47.230202360936048, -23.005320058638492 ], [ -47.230048638118326, -23.005244503539227 ], [ -47.229900705132366, -23.005183580431478 ], [ -47.229783505714892, -23.005098935040674 ], [ -47.229638928009315, -23.00500727320906 ], [ -47.229481839776184, -23.004971573205321 ], [ -47.229396944250432, -23.004900012732978 ], [ -47.229256384333006, -23.004852164294515 ], [ -47.229139168512638, -23.004800737322725 ], [ -47.229119240968046, -23.004791991129576 ], [ -47.229003765574397, -23.004699648023756 ], [ -47.228894867426028, -23.004601344771771 ], [ -47.228795998116084, -23.004472209015908 ], [ -47.228709418487938, -23.004347052489798 ], [ -47.228595708276615, -23.004210362464359 ], [ -47.228456916947827, -23.004137935375208 ], [ -47.2281527433016, -23.004038860049604 ], [ -47.22804310046655, -23.003958800808004 ], [ -47.227928361927425, -23.003808403924026 ], [ -47.227808822452388, -23.003669267775397 ], [ -47.227677690366455, -23.003568568425983 ], [ -47.227558719988807, -23.003488549797485 ], [ -47.227409364743238, -23.00335551976767 ], [ -47.227254183281069, -23.003244777562063 ], [ -47.227064039775598, -23.0031598021992 ], [ -47.22690128075638, -23.003077329945089 ], [ -47.226786601948561, -23.002984341925718 ], [ -47.226667893812923, -23.00286144139114 ], [ -47.22657060106031, -23.002739954635999 ], [ -47.22647654319578, -23.002609756545915 ], [ -47.226373761464963, -23.002467404579392 ], [ -47.226248339514527, -23.002356784325169 ], [ -47.226119447057876, -23.002279702335542 ], [ -47.226002287361226, -23.002187380426818 ], [ -47.225888486648337, -23.002064500468016 ], [ -47.22568164433136, -23.001819351085487 ], [ -47.225578608375379, -23.001720240647327 ], [ -47.225481647766095, -23.001648305789967 ], [ -47.225320112677579, -23.001547128942239 ], [ -47.225204595690954, -23.001447020181406 ], [ -47.225079125883028, -23.001357883428621 ], [ -47.224942702934378, -23.001292280035571 ], [ -47.224791317100582, -23.00128032572702 ], [ -47.224619415562287, -23.001238419630056 ], [ -47.224477201038496, -23.001187430422146 ], [ -47.224308537435704, -23.001151707000464 ], [ -47.224159415245211, -23.001164995445087 ], [ -47.223975511022537, -23.001215060318756 ], [ -47.22382630255607, -23.001281969159187 ], [ -47.22367880370556, -23.001330529346063 ], [ -47.223534926363421, -23.001305650231917 ], [ -47.223380857814512, -23.001331193682056 ], [ -47.223233323614551, -23.001387426787847 ], [ -47.223063630714144, -23.001421403797622 ], [ -47.22292349285523, -23.001467693492863 ], [ -47.22277440183511, -23.001502554405853 ], [ -47.222605681369018, -23.001468274259008 ], [ -47.222546235536612, -23.001423162156847 ], [ -47.222514232556819, -23.001398877869583 ], [ -47.222452425566708, -23.001351993505178 ], [ -47.222369612329935, -23.001259908646951 ], [ -47.222221098654558, -23.001172898354039 ], [ -47.222049565245378, -23.001158335613255 ], [ -47.22189903175903, -23.001178772966465 ], [ -47.221742014730985, -23.001132321873158 ], [ -47.221624808538181, -23.001036927971622 ], [ -47.221427758315677, -23.000819527982522 ], [ -47.221341328493409, -23.000688226414212 ], [ -47.221244153998391, -23.000563755419808 ], [ -47.221147542194487, -23.000488382590888 ], [ -47.221124406834136, -23.000470292379894 ], [ -47.221122044171224, -23.000468429886649 ], [ -47.221068011978311, -23.000360955855516 ], [ -47.220952132108827, -23.00018439126119 ], [ -47.220845460052928, -23.000064295832495 ], [ -47.220712651277665, -22.999983472729895 ], [ -47.220585197338707, -22.999954659411166 ], [ -47.220462334516803, -22.999931197713217 ], [ -47.220290889329014, -22.999892439707526 ], [ -47.220200162706661, -22.999871957315278 ], [ -47.220098759484898, -22.99988213540183 ], [ -47.219958518556425, -22.999922105075118 ], [ -47.219793470383046, -22.99995483988992 ], [ -47.219708979068521, -22.999946817135033 ], [ -47.219643175195294, -22.999916055426578 ], [ -47.219536436655652, -22.999801646883025 ], [ -47.219482814551014, -22.999753563263077 ], [ -47.219418515502682, -22.999716461545137 ], [ -47.219329383032949, -22.999690179090823 ], [ -47.219243596018025, -22.999696346426212 ], [ -47.219108076023659, -22.999769287524426 ], [ -47.219068272405721, -22.999774449145008 ], [ -47.218809609917194, -22.999792066152324 ], [ -47.218655217660078, -22.999763357969137 ], [ -47.218474394182358, -22.999736283771188 ], [ -47.218312892856339, -22.999725277269714 ], [ -47.218167501293784, -22.999745368150695 ], [ -47.218013410144543, -22.999794105711686 ], [ -47.217867742538232, -22.999856355708509 ], [ -47.217710378286384, -22.999906583141875 ], [ -47.217548037910952, -22.999947582441752 ], [ -47.217400808547012, -22.999958581233496 ], [ -47.217232388119093, -22.999927721144239 ], [ -47.217093435231305, -22.999884171647597 ], [ -47.216955490773429, -22.999838351181236 ], [ -47.216811388118607, -22.999774924129028 ], [ -47.216674104059564, -22.999725212596655 ], [ -47.216529757066034, -22.999700965364571 ], [ -47.216356571065496, -22.999688495602182 ], [ -47.216234464374956, -22.999598040485392 ], [ -47.216104452408764, -22.999530714476009 ], [ -47.215950234705396, -22.999512652874774 ], [ -47.215900990812536, -22.999520834436815 ], [ -47.215619401318335, -22.999567562882032 ], [ -47.215531171519956, -22.999586670842643 ], [ -47.215477561499675, -22.999598343593451 ], [ -47.215168175802255, -22.999676422455561 ], [ -47.21502110437919, -22.999746362402291 ], [ -47.214868845241568, -22.999808882479009 ], [ -47.214716407708565, -22.999860482375421 ], [ -47.214424316492789, -22.999919180898221 ], [ -47.214086700925925, -22.999923270982887 ], [ -47.213926657149251, -22.999903032173471 ], [ -47.213773108199973, -22.999930905998287 ], [ -47.213633943037223, -22.999977805846648 ], [ -47.213472232398445, -23.000018070085709 ], [ -47.213314245584804, -23.000025333932737 ], [ -47.213176640058677, -23.000034749967092 ], [ -47.213001898960435, -23.000055156182878 ], [ -47.212984645937837, -23.0000525087436 ], [ -47.212913056589066, -23.000041684184669 ], [ -47.212887464811757, -23.000035632801378 ], [ -47.212762812717486, -23.000005961484952 ], [ -47.212610678006129, -23.000017024402812 ], [ -47.212460425005467, -23.000044850913245 ], [ -47.212302882939589, -23.000084333574797 ], [ -47.212145736680895, -23.000093841241718 ], [ -47.211969698524271, -23.00011363257115 ], [ -47.21179914392615, -23.000163948298713 ], [ -47.211710625302693, -23.000199938527846 ], [ -47.211659255091973, -23.00022078616945 ], [ -47.211489909616645, -23.000246621777201 ], [ -47.211328700796123, -23.000258532391651 ], [ -47.211158568321025, -23.000280497074574 ], [ -47.211005563391552, -23.00023325681536 ], [ -47.21092780226288, -23.000194082791488 ], [ -47.21086885465489, -23.000164485326493 ], [ -47.21072487503389, -23.00011341771016 ], [ -47.210565257895311, -23.000060131036999 ], [ -47.210415801924889, -23.000082618627594 ], [ -47.210261455534635, -23.000115916377641 ], [ -47.210109265418907, -23.00018285425411 ], [ -47.209935363413003, -23.000230145599637 ], [ -47.209789351600541, -23.000207359712999 ], [ -47.209641353396478, -23.000220618791364 ], [ -47.209436573281529, -23.000277999367217 ], [ -47.209221305876149, -23.000372897456785 ], [ -47.209065456105691, -23.000407749631727 ], [ -47.208906358169045, -23.000391283832858 ], [ -47.208872541534532, -23.000378937440658 ], [ -47.208764856643569, -23.000339277132326 ], [ -47.208618307806326, -23.000273619799053 ], [ -47.208451171528274, -23.000222782845821 ], [ -47.207985914236822, -23.000216183313679 ], [ -47.207827737693634, -23.000201960285104 ], [ -47.207662653589672, -23.000183319959589 ], [ -47.207503107631744, -23.000193668922638 ], [ -47.207345394309961, -23.000217803364471 ], [ -47.207184751811987, -23.00026951060315 ], [ -47.207053236265786, -23.000336969825408 ], [ -47.206928545149786, -23.000413631543768 ], [ -47.206699566149801, -23.000352912751016 ], [ -47.206556550583251, -23.000296772734085 ], [ -47.206403166207416, -23.000240957625905 ], [ -47.206216784866712, -23.000183616269943 ], [ -47.206111436614584, -23.000188695088401 ], [ -47.20597098491168, -23.000146781332436 ], [ -47.205820412326915, -23.000095710724118 ], [ -47.205679113046131, -23.000056065237889 ], [ -47.205463554708828, -23.000044173828812 ], [ -47.205387529438468, -23.000042434546874 ], [ -47.205243015488414, -23.000052391289824 ], [ -47.205099092323657, -23.000093753394356 ], [ -47.204963354608424, -23.000119204239166 ], [ -47.204826430303534, -23.000126076014968 ], [ -47.204249717922075, -23.000184296424255 ], [ -47.203913122630034, -23.00031572069522 ], [ -47.20384668327258, -23.000329824911876 ], [ -47.203779300840843, -23.000340331454534 ], [ -47.203711242713489, -23.000343896633144 ], [ -47.203643640179358, -23.000335900961403 ], [ -47.203578747447871, -23.000316493601424 ], [ -47.203516406872147, -23.000290822104272 ], [ -47.203455545592938, -23.000262151102387 ], [ -47.203395621317107, -23.000231751916086 ], [ -47.203337112062506, -23.000199347085434 ], [ -47.203282535008334, -23.000161471343606 ], [ -47.203235550551177, -23.00011572674984 ], [ -47.203197864720927, -23.000063172801717 ], [ -47.203170628054018, -23.00000532807481 ], [ -47.203153149162716, -22.999944188123159 ], [ -47.203143850770672, -22.999881670557404 ], [ -47.203140895346827, -22.999818523105741 ], [ -47.203142765504992, -22.999755398770638 ], [ -47.203180639377607, -22.999314357044792 ], [ -47.203189547768041, -22.9991250284077 ], [ -47.203208275381584, -22.998936195010518 ], [ -47.203216022157079, -22.998873440239937 ], [ -47.203226669235924, -22.998811006186109 ], [ -47.203242479572246, -22.998749583512613 ], [ -47.203265964646953, -22.998690310770421 ], [ -47.203296248830021, -22.998633741758727 ], [ -47.20339942038715, -22.99846991130433 ], [ -47.203435948109281, -22.998416505078914 ], [ -47.203479878761193, -22.998368321712011 ], [ -47.203559952774647, -22.99830744893244 ], [ -47.203586725474239, -22.998287217045046 ], [ -47.203636981738846, -22.998247250384175 ], [ -47.203729237171189, -22.998154072079394 ], [ -47.203777320842903, -22.998109080533297 ], [ -47.203827614879337, -22.998066495480845 ], [ -47.203880606082684, -22.998026580951908 ], [ -47.203936059114142, -22.997989701297261 ], [ -47.203993816105097, -22.99795603925056 ], [ -47.204053802520278, -22.997925956924298 ], [ -47.204115531560582, -22.997899190284421 ], [ -47.2041785880322, -22.997874932684478 ], [ -47.204242647402992, -22.997853008102094 ], [ -47.204308142465472, -22.997835306167154 ], [ -47.204576114181961, -22.997786801542119 ], [ -47.204711079668932, -22.997768402930379 ], [ -47.204777513273577, -22.997754027704097 ], [ -47.204842243535886, -22.997733808663401 ], [ -47.204905299777018, -22.997709550789402 ], [ -47.204966613323755, -22.997681977195491 ], [ -47.205086003527818, -22.997620646437255 ], [ -47.205147645927603, -22.997593519544431 ], [ -47.205210956440943, -22.997570070438343 ], [ -47.205271190915823, -22.997540435568428 ], [ -47.205321976914469, -22.997498475114135 ], [ -47.205361756294224, -22.997447279945025 ], [ -47.205390986798044, -22.9973902739275 ], [ -47.205416087529301, -22.997331520043421 ], [ -47.205471952150141, -22.997216099845737 ], [ -47.205496649352042, -22.997157261303649 ], [ -47.205560227225071, -22.99697710080379 ], [ -47.205631969350193, -22.996799534635578 ], [ -47.205651490021545, -22.996738872530212 ], [ -47.205683108128305, -22.996616026875941 ], [ -47.205707626069781, -22.99649174554844 ], [ -47.205716337904043, -22.99642906754686 ], [ -47.205730150227474, -22.996239851169712 ], [ -47.205736284858013, -22.996176938260955 ], [ -47.205773228333506, -22.995926558122704 ], [ -47.20577734855717, -22.995863402466505 ], [ -47.205775438827033, -22.99580033081148 ], [ -47.20576902820563, -22.995737412125404 ], [ -47.205750587841479, -22.995612194642941 ], [ -47.205743857118264, -22.995549370681761 ], [ -47.205742508748806, -22.995486200933655 ], [ -47.205748643371145, -22.995423288021978 ], [ -47.20576098192317, -22.995361101111012 ], [ -47.205826958369165, -22.995115822944989 ], [ -47.205845755186679, -22.995055170909403 ], [ -47.205886979928103, -22.994934628672702 ], [ -47.205925297047038, -22.994813314510981 ], [ -47.205947162144007, -22.994753432146165 ], [ -47.205971858781318, -22.994694593563811 ], [ -47.206081806150415, -22.994463145833492 ], [ -47.206113060442881, -22.994407014222311 ], [ -47.206149749821016, -22.994353785770478 ], [ -47.206192616937663, -22.994304623628622 ], [ -47.206238008650338, -22.994257412227071 ], [ -47.20628014331745, -22.994207718654138 ], [ -47.206392156718806, -22.99404899903838 ], [ -47.206422925473461, -22.993992693604422 ], [ -47.206442125366173, -22.993932126170389 ], [ -47.206446169303646, -22.993869242377873 ], [ -47.206458555212208, -22.993676435069368 ], [ -47.206431617442121, -22.993627072022967 ], [ -47.206365650873011, -22.993516689099391 ], [ -47.206206636707797, -22.993237715649627 ], [ -47.206177405163523, -22.993180801879291 ], [ -47.206151686209388, -22.993122304586262 ], [ -47.206130526479498, -22.993062299460451 ], [ -47.206098217184177, -22.992939712468356 ], [ -47.206074497990819, -22.992880555411368 ], [ -47.206041118185738, -22.992825685320852 ], [ -47.205966387845606, -22.992720298807846 ], [ -47.205932847332505, -22.992665430926948 ], [ -47.205839479061964, -22.992496844612383 ], [ -47.20580474150038, -22.992442534986619 ], [ -47.205764668676892, -22.992391459093721 ], [ -47.205720779343665, -22.992343054159061 ], [ -47.205679752080925, -22.992292623419829 ], [ -47.205647724682564, -22.992236831692804 ], [ -47.205626005495567, -22.992177014801662 ], [ -47.205619046984609, -22.992139740201395 ], [ -47.205614461578044, -22.992114889720934 ], [ -47.205612148681986, -22.992051733376201 ], [ -47.205616995533894, -22.991988748118988 ], [ -47.2056266750078, -22.991926237169402 ], [ -47.205654851210397, -22.991799467613397 ], [ -47.20566951257301, -22.991657540497183 ], [ -47.205670273712421, -22.991481685159549 ], [ -47.205612593383876, -22.99124273305636 ], [ -47.205597094350964, -22.991214333525637 ], [ -47.205504585610306, -22.991044110076782 ], [ -47.205472558622134, -22.99098831827769 ], [ -47.205438458948159, -22.990933638567515 ], [ -47.20540228512354, -22.990879980695855 ], [ -47.205371783560331, -22.990838881538 ], [ -47.205286282809169, -22.990723805199426 ], [ -47.205251945026028, -22.990669309292954 ], [ -47.205223193963306, -22.990612208040101 ], [ -47.20519867607414, -22.990553332716431 ], [ -47.205156596719469, -22.990433138185111 ], [ -47.205116677881989, -22.990312281667538 ], [ -47.205095118633913, -22.990252372160104 ], [ -47.205069881710912, -22.990193777626349 ], [ -47.205037936988077, -22.990138074833865 ], [ -47.204999059408145, -22.990086259875273 ], [ -47.204915494069297, -22.989986321592031 ], [ -47.204876454324427, -22.989934418584994 ], [ -47.204840045688314, -22.989881124894531 ], [ -47.204771527374369, -22.989771859820717 ], [ -47.204674895890541, -22.989605123363955 ], [ -47.204550223079963, -22.989380372838436 ], [ -47.204517001246572, -22.989325229303873 ], [ -47.204481467021942, -22.989271291450262 ], [ -47.204405778220206, -22.989166097837074 ], [ -47.204325951473315, -22.989063579586574 ], [ -47.204281984871727, -22.989015265478582 ], [ -47.204233101192756, -22.988971172185781 ], [ -47.204157378086556, -22.988913370372309 ], [ -47.204127741988643, -22.988890854378042 ], [ -47.204072462134597, -22.988853981332216 ], [ -47.204011302109521, -22.98882639758089 ], [ -47.203945356857538, -22.988811157042857 ], [ -47.203810335916891, -22.988795884713564 ], [ -47.203743180550404, -22.988785354940457 ], [ -47.203677906157914, -22.988766855251459 ], [ -47.203617759150788, -22.98873727131603 ], [ -47.203562318695027, -22.988700400312908 ], [ -47.203493796765393, -22.988650261135813 ], [ -47.203402938989498, -22.988581476075897 ], [ -47.203358978724182, -22.988533522667581 ], [ -47.20333126677486, -22.988475955174202 ], [ -47.203308004249216, -22.988415076073395 ], [ -47.203288951585115, -22.988355943792197 ], [ -47.203260279360705, -22.988298660448386 ], [ -47.203197662605668, -22.988186243280396 ], [ -47.20316013838341, -22.988133506256769 ], [ -47.203152624880303, -22.988126389212606 ], [ -47.203112525590619, -22.988088401926369 ], [ -47.20305653595333, -22.988052350782517 ], [ -47.20299529461608, -22.988024677460992 ], [ -47.202930637472861, -22.988004543995061 ], [ -47.202863992585193, -22.987990757014998 ], [ -47.20279645911473, -22.987981676380009 ], [ -47.202728573461712, -22.987975669777725 ], [ -47.202455920256781, -22.987962490862245 ], [ -47.202387961540659, -22.987956936475829 ], [ -47.202320502639587, -22.987947493519219 ], [ -47.202254313837351, -22.987932075082384 ], [ -47.202191048301302, -22.98790849171089 ], [ -47.202131840353573, -22.98787726925335 ], [ -47.202077901780413, -22.987838751943897 ], [ -47.202033144121522, -22.987791170282701 ], [ -47.202014424391237, -22.987752524365103 ], [ -47.202005440212901, -22.98773405374282 ], [ -47.201995199783745, -22.987687707289819 ], [ -47.201912803289432, -22.987461283239529 ], [ -47.201862955699703, -22.98725850861047 ], [ -47.201811377861318, -22.987137451973787 ], [ -47.201740369616637, -22.987092582135979 ], [ -47.201709008069372, -22.987072707436418 ], [ -47.201709271368891, -22.987009605337263 ], [ -47.201706880193832, -22.986946449867503 ], [ -47.201691330699902, -22.986885102159878 ], [ -47.201657634165457, -22.986830325573568 ], [ -47.201619396164048, -22.986778139653822 ], [ -47.201592563834048, -22.986720198469676 ], [ -47.201533735265187, -22.986538761862302 ], [ -47.20147457394777, -22.986376466999619 ], [ -47.201449103727953, -22.986298376726356 ], [ -47.20143451478652, -22.986236744817663 ], [ -47.201420486981675, -22.986165085181231 ], [ -47.201392092292089, -22.986020687377522 ], [ -47.201385692384918, -22.985988008458271 ], [ -47.201376716448877, -22.985925395830762 ], [ -47.201371915144456, -22.985862364103582 ], [ -47.201369847232492, -22.985799294386489 ], [ -47.201368785786435, -22.985609833224782 ], [ -47.201370940105782, -22.985420327366423 ], [ -47.201385220486117, -22.985041357592561 ], [ -47.201387606838232, -22.985005036041258 ], [ -47.201393871650922, -22.984915311243448 ], [ -47.201401215631371, -22.984852471793157 ], [ -47.20141194489635, -22.984790126911765 ], [ -47.20142783540421, -22.984728703264736 ], [ -47.201451724314595, -22.984669605733615 ], [ -47.201484601208058, -22.9846143551454 ], [ -47.201513344635643, -22.984571980286141 ], [ -47.201555065995031, -22.984506767373134 ], [ -47.20162025099858, -22.984395912983828 ], [ -47.201655640427376, -22.984341891219703 ], [ -47.201688640176201, -22.984299186365831 ], [ -47.201777406386682, -22.984189629008942 ], [ -47.201813443234983, -22.984135869025447 ], [ -47.20184129600861, -22.984078250934026 ], [ -47.201863889582128, -22.984018629743176 ], [ -47.201889881577344, -22.983960315354089 ], [ -47.201927546665225, -22.983907796491003 ], [ -47.201976529704709, -22.983863966710398 ], [ -47.202082751436336, -22.983784587414384 ], [ -47.202117518405053, -22.983756662132404 ], [ -47.202290199838572, -22.983620301361356 ], [ -47.202344580762215, -22.983582083417158 ], [ -47.202457037748033, -22.983510380389134 ], [ -47.202678750180503, -22.983362956501455 ], [ -47.202905638086726, -22.983222320845151 ], [ -47.203073216076724, -22.98311347222365 ], [ -47.203248445951886, -22.983015349359601 ], [ -47.203474430761872, -22.982873642282623 ], [ -47.203648421916604, -22.98277355031162 ], [ -47.203819369473507, -22.982669257839259 ], [ -47.20399385855292, -22.982570151556452 ], [ -47.204050868207133, -22.982535417015907 ], [ -47.204105413350561, -22.982497467044542 ], [ -47.20415660088571, -22.982455772454568 ], [ -47.204255350563152, -22.982362052682024 ], [ -47.204256201134214, -22.982236114863614 ], [ -47.204261209464484, -22.98217312731683 ], [ -47.20426992165423, -22.982110449309641 ], [ -47.204281535250082, -22.98204818227725 ], [ -47.204295326726594, -22.981986336287022 ], [ -47.204404204691556, -22.981555589658456 ], [ -47.2044743770944, -22.981311336811441 ], [ -47.204573978448174, -22.980878823533612 ], [ -47.20462180251333, -22.980694369257677 ], [ -47.204728997403166, -22.980328459415905 ], [ -47.204750862753265, -22.980268667504596 ], [ -47.20477571863934, -22.980209826936399 ], [ -47.204803972869016, -22.980152293112706 ], [ -47.204835469053556, -22.980096339016985 ], [ -47.204870448359976, -22.980041961291068 ], [ -47.204908109814667, -22.97998935161969 ], [ -47.205029217988773, -22.979836645121988 ], [ -47.205067770944183, -22.979784474358205 ], [ -47.205101941789074, -22.979729837034508 ], [ -47.205131490823113, -22.979672826759366 ], [ -47.205187674274981, -22.979557582992669 ], [ -47.205251556206065, -22.979446023369672 ], [ -47.205281916347374, -22.979389453129802 ], [ -47.205307580161772, -22.979330872059698 ], [ -47.205353571244572, -22.979211888536586 ], [ -47.205407813273915, -22.97909594957909 ], [ -47.205429596312193, -22.979036068474063 ], [ -47.205431772060514, -22.979021504796162 ], [ -47.205690881604077, -22.977909658985283 ], [ -47.20581884095435, -22.977431344822264 ], [ -47.205811569108278, -22.977290535367985 ], [ -47.205776500082841, -22.977141266491728 ], [ -47.20543847114461, -22.975913070941278 ], [ -47.205355744842912, -22.975279808077808 ], [ -47.205258514388419, -22.975055668009023 ], [ -47.205259902526649, -22.974739976069621 ], [ -47.205263090120084, -22.974698588251034 ], [ -47.205279980807447, -22.97448594891479 ], [ -47.205334785375655, -22.974251207478542 ], [ -47.20538961310605, -22.974052573528613 ], [ -47.205545254890417, -22.973763981945613 ], [ -47.205761391505952, -22.97343275336009 ], [ -47.206136691370546, -22.972866593839175 ], [ -47.206270245420704, -22.97265882962051 ], [ -47.206690824721441, -22.972004567429067 ], [ -47.206920705719284, -22.9716931859924 ], [ -47.206795454549379, -22.97145661873973 ], [ -47.206819148570794, -22.971445185631207 ], [ -47.207256562047164, -22.971233640288556 ], [ -47.207657796852565, -22.971081724339413 ], [ -47.208039936311273, -22.970966993703669 ], [ -47.208550459266121, -22.970801637245891 ], [ -47.208640469849307, -22.970784314827469 ], [ -47.20886885554097, -22.970717672226076 ], [ -47.208923971561532, -22.970695419858412 ], [ -47.209063277091403, -22.970639045579347 ], [ -47.209124893699205, -22.970635839648356 ], [ -47.209187081795967, -22.970633167343287 ], [ -47.209250487069944, -22.970626235382593 ], [ -47.209312889571017, -22.970616970371822 ], [ -47.209378708637367, -22.970600255612315 ], [ -47.20944292554195, -22.970578959423623 ], [ -47.209501827599276, -22.970547266059921 ], [ -47.209546160013481, -22.970499707860711 ], [ -47.209572551387822, -22.97044156747048 ], [ -47.209584325706778, -22.970379478487644 ], [ -47.209582817565412, -22.970316401196865 ], [ -47.209568708211307, -22.970254673102843 ], [ -47.209546110453232, -22.970195049283159 ], [ -47.20952175454223, -22.97013608185722 ], [ -47.209498114772359, -22.970076653094203 ], [ -47.209472079650176, -22.970018250685417 ], [ -47.209442450757045, -22.969961342684705 ], [ -47.209414739363282, -22.969903685788264 ], [ -47.209394301834294, -22.969843399933765 ], [ -47.209384442701399, -22.96978098067175 ], [ -47.209387116106456, -22.969717935342086 ], [ -47.209405831357898, -22.9696574647201 ], [ -47.209444302549976, -22.969605474803217 ], [ -47.209495976360557, -22.969564403948905 ], [ -47.209553392924946, -22.969530384297109 ], [ -47.20961410845289, -22.969501463986962 ], [ -47.209677069156477, -22.969477116090847 ], [ -47.20944341671504, -22.96953616023492 ], [ -47.208967833062687, -22.969748423680294 ], [ -47.208452494737273, -22.969968461348046 ], [ -47.208202320024796, -22.970059779651844 ], [ -47.208013795041715, -22.9700955353347 ], [ -47.207836239354002, -22.970088891858623 ], [ -47.207665523641111, -22.970082604245015 ], [ -47.207334924253331, -22.970053809615919 ], [ -47.206991342305038, -22.970027632363077 ], [ -47.20667342582027, -22.970022310326431 ], [ -47.206461096964425, -22.970037994713419 ], [ -47.206279035575626, -22.970036106228712 ], [ -47.206120396748204, -22.970001123624677 ], [ -47.205973602753701, -22.969942957238707 ], [ -47.205766617091001, -22.969842028289293 ], [ -47.205568810316763, -22.969707210478589 ], [ -47.205395440750067, -22.969616645508335 ], [ -47.205223378832002, -22.969507556867672 ], [ -47.204898239294742, -22.96937414882839 ], [ -47.204632665865709, -22.969279630102815 ], [ -47.204452304868347, -22.969218950258679 ], [ -47.204294983660688, -22.969165983741835 ], [ -47.204112727138757, -22.969097476394879 ], [ -47.203941075936314, -22.969102842466746 ], [ -47.203810706382413, -22.969150061050289 ], [ -47.203408953195428, -22.969448482084022 ], [ -47.203232291903724, -22.969630845663936 ], [ -47.20309248455618, -22.969760520868409 ], [ -47.203012619408739, -22.969848199733651 ], [ -47.202881918972089, -22.969924669596573 ], [ -47.202781854594228, -22.970150109890263 ], [ -47.2026595105594, -22.970394906712368 ], [ -47.202649067108538, -22.970529373187105 ], [ -47.202557709088815, -22.970706668882269 ], [ -47.202329318637936, -22.970922067122217 ], [ -47.202148976312913, -22.971066025933808 ], [ -47.201913815273329, -22.971067127124709 ], [ -47.201727786810977, -22.971053734079689 ], [ -47.20157057837357, -22.971017734076376 ], [ -47.201440575378733, -22.970809843456514 ], [ -47.20127375413044, -22.97067675613896 ], [ -47.20109757198766, -22.970531612220231 ], [ -47.200948503079395, -22.970347817139487 ], [ -47.200908765066622, -22.970262251656013 ], [ -47.200824713467533, -22.970230560737932 ], [ -47.20078238605057, -22.970297857922553 ], [ -47.200688539430899, -22.970401075751681 ], [ -47.200531453335394, -22.970561229211732 ], [ -47.200415822091983, -22.970600206489262 ], [ -47.200249821724448, -22.970607115078995 ], [ -47.200069304074681, -22.970531808697885 ], [ -47.199845240116254, -22.970438601270491 ], [ -47.199629263275355, -22.970323435956971 ], [ -47.199534942514724, -22.970168939350927 ], [ -47.199445887637658, -22.970046686193722 ], [ -47.199347885683025, -22.969893233503928 ], [ -47.199121731604457, -22.969675752353975 ], [ -47.198555794901594, -22.969428230998933 ], [ -47.19795554548628, -22.969226498858642 ], [ -47.197460438852694, -22.969132623383896 ], [ -47.197030998970995, -22.969102017935654 ], [ -47.196709353226545, -22.969154409915131 ], [ -47.196281239112189, -22.969300352142199 ], [ -47.196042779270321, -22.969415591401606 ], [ -47.195792045222838, -22.969567379200733 ], [ -47.19550739690392, -22.969725142944608 ], [ -47.195452145305438, -22.969873499844347 ], [ -47.195377087801269, -22.97018940144066 ], [ -47.194884453972911, -22.970497636772219 ], [ -47.194261501268691, -22.970657556075235 ], [ -47.193607547460026, -22.970730069346519 ], [ -47.193055339379086, -22.970705214846014 ], [ -47.192457354000318, -22.970608865892654 ], [ -47.191949799451443, -22.970491133610857 ], [ -47.191325264590191, -22.970249090321097 ], [ -47.191140638647092, -22.970153068063134 ], [ -47.190987989640675, -22.970125389381206 ], [ -47.190854754776048, -22.970194753443355 ], [ -47.190600278014315, -22.970354258168353 ], [ -47.190207466877588, -22.970606034928405 ], [ -47.189944585500989, -22.970772966734462 ], [ -47.189755288405834, -22.970771249536426 ], [ -47.189485438816625, -22.970685429924792 ], [ -47.189077650357603, -22.970506821772926 ], [ -47.188142515021212, -22.970129497774472 ], [ -47.187766073176341, -22.969960021856696 ], [ -47.187406134424997, -22.969851701039421 ], [ -47.187155037340318, -22.96981680169921 ], [ -47.186953477653731, -22.969857406559683 ], [ -47.186611405868163, -22.970059909073186 ], [ -47.186429445205597, -22.969999410847326 ], [ -47.186324801607164, -22.969802079095597 ], [ -47.186246724745665, -22.969521873612415 ], [ -47.186247433259688, -22.969151123269931 ], [ -47.186213040021165, -22.968892431359183 ], [ -47.186198311825173, -22.968551683162662 ], [ -47.186163492079864, -22.968266457587998 ], [ -47.186105632101288, -22.96781346625438 ], [ -47.185911376654538, -22.967653207422462 ], [ -47.185557922301768, -22.967522676197031 ], [ -47.185292082659132, -22.967375680421295 ], [ -47.184975168347776, -22.967212417428431 ], [ -47.184641010987562, -22.967006783748406 ], [ -47.184206400015476, -22.96686409815678 ], [ -47.183661031906624, -22.966768614187394 ], [ -47.183331326452532, -22.966629716413383 ], [ -47.18315431322754, -22.966511462970228 ], [ -47.182927134271445, -22.966313378873011 ], [ -47.182660168908782, -22.966085962732446 ], [ -47.182194586518314, -22.965811722140192 ], [ -47.181816620016896, -22.96563123873074 ], [ -47.181571434521288, -22.965483229707619 ], [ -47.181495370417203, -22.96537270208669 ], [ -47.181445066450379, -22.965224086761037 ], [ -47.18142265153017, -22.964979671509361 ], [ -47.181300462024282, -22.964755405624839 ], [ -47.181088589510701, -22.964623998421001 ], [ -47.180805837617122, -22.964514689442346 ], [ -47.180569045769374, -22.964433634295322 ], [ -47.180226898415832, -22.964370637743016 ], [ -47.179965173914638, -22.964394277542862 ], [ -47.179645588653514, -22.964474770692103 ], [ -47.179419428518472, -22.964419926636523 ], [ -47.179102311251199, -22.964373554365263 ], [ -47.178866825716099, -22.964273612040284 ], [ -47.178696215496998, -22.964283539895913 ], [ -47.178225195350372, -22.964356452622663 ], [ -47.177667624120751, -22.964502137838622 ], [ -47.177147995650763, -22.964527059257339 ], [ -47.176671883206247, -22.964558242000049 ], [ -47.176082706379908, -22.964588086903554 ], [ -47.175945769791213, -22.964597188453503 ], [ -47.175674899130122, -22.964556854446357 ], [ -47.175399273156472, -22.964631319555291 ], [ -47.175164621703068, -22.964688882886772 ], [ -47.174939807463879, -22.964723111273869 ], [ -47.174767891549379, -22.964661558280831 ], [ -47.174632362143072, -22.964572695424767 ], [ -47.174514479105845, -22.964430962395269 ], [ -47.174373163672357, -22.964276912764269 ], [ -47.174316128265744, -22.964109068989689 ], [ -47.174208570947386, -22.963858868879601 ], [ -47.174270675649517, -22.963695258466068 ], [ -47.174326646449686, -22.963590498571719 ], [ -47.174309319507593, -22.96346228065882 ], [ -47.174187323284578, -22.963359871579506 ], [ -47.17392883325325, -22.963163466584593 ], [ -47.173706642715665, -22.962974507201142 ], [ -47.173540319289742, -22.962850227921905 ], [ -47.173300006266452, -22.96267424459505 ], [ -47.172951796096768, -22.962286880830206 ], [ -47.172753233753483, -22.962031788433737 ], [ -47.172414003875886, -22.961703066633575 ], [ -47.171744537280453, -22.961104985957942 ], [ -47.170618145814061, -22.960147560812214 ], [ -47.169973326426984, -22.959642023148035 ], [ -47.169831442385345, -22.959582671006793 ], [ -47.168877218412128, -22.959457523097218 ], [ -47.168518408234256, -22.959427496478607 ], [ -47.167665181180197, -22.959288231360109 ], [ -47.167381458600595, -22.95924282229694 ], [ -47.167150230111659, -22.959202111424847 ], [ -47.166865948080215, -22.959116538324654 ], [ -47.16636389682337, -22.958961994308655 ], [ -47.166078700181728, -22.958783633272645 ], [ -47.166030369242904, -22.958686981070308 ], [ -47.166034948577114, -22.95850005678988 ], [ -47.165991161404627, -22.95832525775602 ], [ -47.165947173262659, -22.958198395541704 ], [ -47.16581024476443, -22.958106744998911 ], [ -47.165513147120883, -22.957917983590537 ], [ -47.165144171573417, -22.957532057432683 ], [ -47.16498370042715, -22.95736544123157 ], [ -47.164746562422131, -22.957099760618839 ], [ -47.164515628489916, -22.956996483479745 ], [ -47.164229159393123, -22.956813532188288 ], [ -47.164097538772815, -22.956635959378119 ], [ -47.163971777382457, -22.956316309445949 ], [ -47.163857167781131, -22.956151774111746 ], [ -47.163748915194091, -22.95610883787791 ], [ -47.163586668790344, -22.95608306776866 ], [ -47.16330294829671, -22.956092896999852 ], [ -47.163049844647738, -22.956106911889918 ], [ -47.162518006479715, -22.956151087564269 ], [ -47.162153294518255, -22.956133583832514 ], [ -47.16200784733109, -22.956097472587317 ], [ -47.161888422848442, -22.95601930092684 ], [ -47.161720993242504, -22.955839415712965 ], [ -47.161653588619473, -22.955680554000754 ], [ -47.161549125123528, -22.955592699561361 ], [ -47.161052544636291, -22.955432195203823 ], [ -47.160820604903812, -22.95537658941803 ], [ -47.16048712562074, -22.955290591257413 ], [ -47.159528997303894, -22.954907260718656 ], [ -47.159325432188957, -22.954912019029795 ], [ -47.158966384618786, -22.955094111555603 ], [ -47.158607547525463, -22.955259139106303 ], [ -47.158297624072247, -22.955370600865141 ], [ -47.157841653948005, -22.955458773602484 ], [ -47.157495530434616, -22.955492912260762 ], [ -47.157175758137406, -22.95540933837955 ], [ -47.156246490077677, -22.955101513385898 ], [ -47.155824187998896, -22.954945217756659 ], [ -47.155500021769392, -22.954908912249703 ], [ -47.155250395586691, -22.954827811052844 ], [ -47.15489991093753, -22.954880960345957 ], [ -47.154611503998986, -22.954950146187741 ], [ -47.154389507336262, -22.954999291570399 ], [ -47.15419298822173, -22.955012433121592 ], [ -47.153999201412311, -22.955055958942488 ], [ -47.153684263992162, -22.955175965548971 ], [ -47.153414451772534, -22.955307635698034 ], [ -47.1531015606216, -22.955541717137482 ], [ -47.152699542701235, -22.955661098929049 ], [ -47.152370775206428, -22.955715121496894 ], [ -47.151878634555622, -22.955722884673428 ], [ -47.151411969791276, -22.955603017134941 ], [ -47.151210419872058, -22.955598078641838 ], [ -47.151010244081434, -22.955654596491172 ], [ -47.150759110961211, -22.955844144104709 ], [ -47.150470442658644, -22.955958101125464 ], [ -47.15027311736042, -22.956037327985815 ], [ -47.149934296877284, -22.956096356632397 ], [ -47.149576897166767, -22.956078634382113 ], [ -47.149437978887946, -22.956206176399554 ], [ -47.149256371743505, -22.956394869543271 ], [ -47.149062500297944, -22.956484158629209 ], [ -47.148559589000278, -22.956578809150283 ], [ -47.148445622540095, -22.95654036293104 ], [ -47.148379180647623, -22.956456768527396 ], [ -47.14826278347504, -22.956371323327492 ], [ -47.148147660596592, -22.956371619286966 ], [ -47.147985411609092, -22.956421932459545 ], [ -47.147746607046365, -22.956486371964893 ], [ -47.147444568703037, -22.956624517202261 ], [ -47.147175670523524, -22.956723034986727 ], [ -47.146946702533825, -22.956840239620412 ], [ -47.146815909547094, -22.956927588656907 ], [ -47.146660299709538, -22.956986025412519 ], [ -47.146462889240027, -22.95709576089704 ], [ -47.146405150095468, -22.957395343507962 ], [ -47.146473096103442, -22.95767101762091 ], [ -47.146662737392859, -22.957950099248229 ], [ -47.146666934202401, -22.958088610206264 ], [ -47.146618084938623, -22.958309625977098 ], [ -47.146559533702849, -22.958445736711482 ], [ -47.146439087487948, -22.958623307890921 ], [ -47.146223956682604, -22.9588278883718 ], [ -47.145978090231679, -22.95901573291729 ], [ -47.145786658312474, -22.959071494325276 ], [ -47.145537712131478, -22.95914067197964 ], [ -47.145087545681839, -22.959205801548734 ], [ -47.144568530357496, -22.959187637198998 ], [ -47.144143690944709, -22.959258018398213 ], [ -47.143689592823229, -22.959293136559168 ], [ -47.143075267698187, -22.959328704238661 ], [ -47.142738861136813, -22.959342729917054 ], [ -47.142482267700601, -22.959421665386085 ], [ -47.142199107695369, -22.959590238777395 ], [ -47.141778123646574, -22.959726911863434 ], [ -47.141532073886033, -22.959791350119481 ], [ -47.141291650320959, -22.959819964155468 ], [ -47.141196133841376, -22.959906561632785 ], [ -47.141107352734942, -22.960007331130374 ], [ -47.141074709501218, -22.960088926863886 ], [ -47.141064087989811, -22.960170044637362 ], [ -47.141070936473113, -22.96024244086712 ], [ -47.141112032036233, -22.960304444605242 ], [ -47.141291454997784, -22.960353747330799 ], [ -47.14147168012655, -22.960433551067034 ], [ -47.141534850882593, -22.960513762317007 ], [ -47.14157120038454, -22.960601106287726 ], [ -47.141561288380188, -22.960681311765992 ], [ -47.141456102391679, -22.960751249383421 ], [ -47.141245649305986, -22.960753279618274 ], [ -47.14102781612528, -22.960695107297276 ], [ -47.14080211116471, -22.960693551478816 ], [ -47.140470854602121, -22.96072853648128 ], [ -47.140167808707261, -22.960747613104523 ], [ -47.139908885427374, -22.960826937188465 ], [ -47.139444414776904, -22.961087232758398 ], [ -47.139096952581973, -22.961308485190909 ], [ -47.138938964169249, -22.961374710370038 ], [ -47.138852021762965, -22.961367668623794 ], [ -47.138397991767988, -22.961244162447546 ], [ -47.137739901204981, -22.961012822944895 ], [ -47.13744770575363, -22.960919268542273 ], [ -47.137052385395222, -22.960689347871142 ], [ -47.13668924519547, -22.960695957868595 ], [ -47.136233213323706, -22.960808083611841 ], [ -47.135966356988789, -22.960817637312488 ], [ -47.135814438202239, -22.960865993954883 ], [ -47.135663155913235, -22.96095487427872 ], [ -47.135421612166752, -22.961060858309139 ], [ -47.135045576494967, -22.9611679311842 ], [ -47.134622919867333, -22.961224536657451 ], [ -47.134377800608448, -22.961210414425341 ], [ -47.13413118913666, -22.961116601142844 ], [ -47.133993282958407, -22.961033330459919 ], [ -47.13333249797536, -22.960496615837751 ], [ -47.133128319626763, -22.960411798752517 ], [ -47.132917831558018, -22.960426998173016 ], [ -47.132532309970415, -22.960488063356124 ], [ -47.132063220907114, -22.960495817052095 ], [ -47.13168550754709, -22.960542151008823 ], [ -47.131416602875227, -22.960600562137255 ], [ -47.13120374704048, -22.960628880694404 ], [ -47.130881293964507, -22.960420442230163 ], [ -47.13066300534139, -22.960373996916637 ], [ -47.130540464120145, -22.96039884391195 ], [ -47.130279603854056, -22.960508871339037 ], [ -47.129881605188956, -22.960630670884211 ], [ -47.129628201844078, -22.960688148587419 ], [ -47.129368816828091, -22.960728193308309 ], [ -47.128841853729206, -22.960711257906748 ], [ -47.1283902111361, -22.960755056198245 ], [ -47.128080181544824, -22.960749378489812 ], [ -47.127762396962808, -22.960684856039066 ], [ -47.127329575846751, -22.960410637948765 ], [ -47.127073633255705, -22.960208249841887 ], [ -47.126814413993394, -22.960150973885916 ], [ -47.126466791789852, -22.960049746790233 ], [ -47.126095276486218, -22.95972135136639 ], [ -47.125813767008403, -22.959523907801593 ], [ -47.125390692594486, -22.95930182129857 ], [ -47.125129655519437, -22.959097241186331 ], [ -47.124802658542762, -22.959780477393569 ], [ -47.124467586199806, -22.960358743450815 ], [ -47.123884817796203, -22.961231548529074 ], [ -47.123229894529217, -22.962051064143228 ], [ -47.118874200680878, -22.967281819358377 ], [ -47.118136854148126, -22.968181859339222 ], [ -47.117408789705614, -22.969198315168377 ], [ -47.116846628437095, -22.970108738053412 ], [ -47.116380705115667, -22.970895192742752 ], [ -47.114431272167714, -22.97417186728061 ], [ -47.11255905322043, -22.977409036434565 ], [ -47.11239004620866, -22.977766786327983 ], [ -47.112140778742258, -22.978413487873613 ], [ -47.112061058522769, -22.97869060662164 ], [ -47.111934083822035, -22.979228071782831 ], [ -47.111825049038693, -22.979926435733748 ], [ -47.111472889271759, -22.987014519255961 ], [ -47.111459215290665, -22.987443499841984 ], [ -47.111402155709165, -22.989121177652887 ], [ -47.111261009785878, -22.990201012830955 ], [ -47.111013793115767, -22.990986255637765 ], [ -47.110625307307927, -22.99170612735514 ], [ -47.110236660329257, -22.992229655974988 ], [ -47.109848090845659, -22.992753182759937 ], [ -47.108677650448207, -22.993720072992982 ], [ -47.110681999999649, -22.999803999999411 ], [ -47.111688750558351, -23.00236757179572 ], [ -47.114087611945813, -23.007473355724247 ], [ -47.115418287037997, -23.009974102384742 ], [ -47.11753638321084, -23.014089030415104 ] ] ] } },
{ "type": "Feature", "properties": { "APG": "Nova Aparecida" }, "geometry": { "type": "Polygon", "coordinates": [ [ [ -47.150420931084604, -22.822091146396794 ], [ -47.150050332319367, -22.821906713339072 ], [ -47.14982805503373, -22.821883035361846 ], [ -47.149634130689307, -22.821957239489858 ], [ -47.149345442873795, -22.822098621765907 ], [ -47.149077785976203, -22.82223926842217 ], [ -47.148654657277397, -22.82241207312466 ], [ -47.14849268616657, -22.822511121440353 ], [ -47.148434390459201, -22.822522289236581 ], [ -47.148304235019097, -22.822509420537244 ], [ -47.14823528223716, -22.822476136931034 ], [ -47.148151253290138, -22.822367588037416 ], [ -47.148067853845085, -22.822304257591579 ], [ -47.147916332248116, -22.82221449291762 ], [ -47.147710826895882, -22.822026787134718 ], [ -47.147627349543455, -22.821953346852759 ], [ -47.14750725106861, -22.821895475946388 ], [ -47.14725477115249, -22.821795426467304 ], [ -47.147067407330887, -22.821688901862426 ], [ -47.147009323152595, -22.821554816230808 ], [ -47.146941264750289, -22.821307120411408 ], [ -47.146902207257341, -22.821167361848268 ], [ -47.146851601804727, -22.821059444912972 ], [ -47.146734652593608, -22.820864315173342 ], [ -47.146682658098989, -22.820790720819257 ], [ -47.146614031130412, -22.820726919586253 ], [ -47.146468101061487, -22.820660639380282 ], [ -47.146285692391388, -22.820649736869239 ], [ -47.146161183443112, -22.820633179262781 ], [ -47.14601275094607, -22.820576320782951 ], [ -47.145765712518475, -22.820459404510693 ], [ -47.145672457279844, -22.820382032472544 ], [ -47.145572956070126, -22.820331465478397 ], [ -47.14545787547609, -22.820281017984964 ], [ -47.145332213439282, -22.820247232980453 ], [ -47.145265245887451, -22.820212386572106 ], [ -47.145217393700072, -22.820131423720593 ], [ -47.145148102893899, -22.820091824045864 ], [ -47.145063390967621, -22.820082944479115 ], [ -47.144939903871304, -22.820111057538451 ], [ -47.144826180484174, -22.820203584653992 ], [ -47.144740712059409, -22.820289953746915 ], [ -47.144683587072812, -22.820411689521457 ], [ -47.144569817101136, -22.820557659074918 ], [ -47.144456492362551, -22.820660291236823 ], [ -47.144385857100964, -22.820760452875721 ], [ -47.144330189096344, -22.820847052501946 ], [ -47.144314652098075, -22.821024197931433 ], [ -47.144279590923361, -22.821200884008206 ], [ -47.144226683797221, -22.821335562273742 ], [ -47.144148653717316, -22.82146615531278 ], [ -47.144064818721837, -22.821610728596806 ], [ -47.143912819498915, -22.821797925766599 ], [ -47.143779572567617, -22.821941448810637 ], [ -47.143612543550852, -22.822071614548939 ], [ -47.143224923852458, -22.822271099669571 ], [ -47.14301610949623, -22.822374383907825 ], [ -47.142704226765041, -22.822507129592466 ], [ -47.142502653982397, -22.822606163192184 ], [ -47.142418262339753, -22.822674281435503 ], [ -47.142379365379085, -22.8227292396606 ], [ -47.142310821384605, -22.822901591324179 ], [ -47.142224337400386, -22.823066962367577 ], [ -47.142071325129827, -22.823148641705227 ], [ -47.141900334477548, -22.823215757798799 ], [ -47.141729182426872, -22.823267439087864 ], [ -47.141677130157596, -22.823297839074169 ], [ -47.141585987532601, -22.823350340079124 ], [ -47.141477265890096, -22.823439457696949 ], [ -47.141264585184622, -22.823614108029627 ], [ -47.141140525550121, -22.823703431649424 ], [ -47.140873288898703, -22.823897411313983 ], [ -47.140752800517845, -22.823958340706564 ], [ -47.140602199246644, -22.824029965949183 ], [ -47.140402213855268, -22.824153710774358 ], [ -47.140236630523376, -22.824258577229461 ], [ -47.140117717009709, -22.824384301562468 ], [ -47.140034154625916, -22.824515869972412 ], [ -47.139943698816403, -22.824648343433889 ], [ -47.139919554867483, -22.824706894411108 ], [ -47.139843925631247, -22.8249092210432 ], [ -47.139830147888055, -22.825081106835764 ], [ -47.139848716888665, -22.825267001813351 ], [ -47.139886038212531, -22.825434770616226 ], [ -47.139985019534599, -22.825657409774699 ], [ -47.139655065346844, -22.825801135490867 ], [ -47.139410232120142, -22.825743399620098 ], [ -47.139101989277151, -22.825801433582924 ], [ -47.138772175754646, -22.826005639091434 ], [ -47.138527143896162, -22.826187039812524 ], [ -47.138179526127885, -22.826362234562595 ], [ -47.137878938747775, -22.826463133823619 ], [ -47.137553594503103, -22.826526901199752 ], [ -47.137037344530718, -22.82653509346461 ], [ -47.135993345080152, -22.826488886855959 ], [ -47.13549926680863, -22.826517900839224 ], [ -47.135117014666172, -22.826692380045095 ], [ -47.134645583162524, -22.826916891997186 ], [ -47.134504342378413, -22.826991726509885 ], [ -47.134443665673729, -22.827077036191508 ], [ -47.134346145300569, -22.82713295897333 ], [ -47.134181133171552, -22.827177147844434 ], [ -47.134190104150242, -22.82721674816441 ], [ -47.13435408616013, -22.827945859771372 ], [ -47.135414344156501, -22.832630220823564 ], [ -47.13582420292542, -22.834444102269433 ], [ -47.135986502133292, -22.835161858610192 ], [ -47.135809968802739, -22.835497608162022 ], [ -47.135747518863433, -22.83563927309903 ], [ -47.135689905633321, -22.835776901085914 ], [ -47.135699095235793, -22.835928166999643 ], [ -47.135684992236911, -22.836022963149361 ], [ -47.135697940686619, -22.836121729547635 ], [ -47.135773466273079, -22.836693955035003 ], [ -47.135823644843612, -22.837088410272749 ], [ -47.1358579165097, -22.837194654100429 ], [ -47.135902695856494, -22.837258779622086 ], [ -47.135928681609293, -22.83735908625281 ], [ -47.135925079352624, -22.837421604048807 ], [ -47.135929522543229, -22.837541518303052 ], [ -47.135933205008577, -22.83767444218762 ], [ -47.135948946278184, -22.837751415071899 ], [ -47.135943545226745, -22.837873627974254 ], [ -47.135921200766383, -22.83808363378359 ], [ -47.135899054695592, -22.838260055079477 ], [ -47.135851788437947, -22.838448187910227 ], [ -47.135751433168558, -22.838724237487693 ], [ -47.135676439998143, -22.838962934505048 ], [ -47.135578135514699, -22.839236609370982 ], [ -47.135504870619627, -22.83947284575212 ], [ -47.135446287879098, -22.839605070288979 ], [ -47.135355648274569, -22.839752349194704 ], [ -47.135303033538179, -22.839844953711022 ], [ -47.135235792865686, -22.840137801134457 ], [ -47.135188504039881, -22.840298851991825 ], [ -47.135109513270876, -22.840492555815512 ], [ -47.1350361876585, -22.840622089227399 ], [ -47.134935479817848, -22.840736823876025 ], [ -47.134826887130764, -22.840804451019753 ], [ -47.134641872699127, -22.840880505424263 ], [ -47.134549502803701, -22.840896458761065 ], [ -47.134441861024328, -22.840875785113333 ], [ -47.134309860980906, -22.840807592871595 ], [ -47.134208452922714, -22.840707665324853 ], [ -47.134131403286894, -22.840634673824329 ], [ -47.134039560731651, -22.840591761245314 ], [ -47.133949012895009, -22.840580336823592 ], [ -47.1338583564552, -22.840587690765304 ], [ -47.13377508278829, -22.840630603860873 ], [ -47.133695315868636, -22.840692337144837 ], [ -47.133628697396865, -22.840762740987632 ], [ -47.133571685125084, -22.840851612461258 ], [ -47.133502020202982, -22.840932709407944 ], [ -47.133359634898127, -22.841007197979582 ], [ -47.133268111525958, -22.841020792119739 ], [ -47.13318404605527, -22.841018127238947 ], [ -47.13297758671294, -22.841001755897786 ], [ -47.132803914395069, -22.840986208808118 ], [ -47.132692397412228, -22.841005486946887 ], [ -47.132317891106212, -22.841097347772067 ], [ -47.132145468897221, -22.841208347243658 ], [ -47.132082165148759, -22.841254422416053 ], [ -47.13203213398009, -22.841301673897512 ], [ -47.131916300839528, -22.841461475543696 ], [ -47.131790327182841, -22.841609767595518 ], [ -47.131691522620187, -22.841702538336854 ], [ -47.131591206630169, -22.841770503934562 ], [ -47.13144918066395, -22.841816640079319 ], [ -47.131281399054053, -22.841828636324404 ], [ -47.13111197980264, -22.841854105138381 ], [ -47.130962846658079, -22.841897808349387 ], [ -47.130841708195625, -22.841959552547163 ], [ -47.130775207715963, -22.842017044558311 ], [ -47.130685835445284, -22.842106889970129 ], [ -47.130543050999854, -22.842238434670687 ], [ -47.130452796241407, -22.842333527670569 ], [ -47.130347912192498, -22.842458967936025 ], [ -47.13030845047264, -22.842545346647228 ], [ -47.13025268936893, -22.842632214320659 ], [ -47.130225499889939, -22.842676180546196 ], [ -47.13019370475196, -22.842708111694574 ], [ -47.130151812639198, -22.842741622350907 ], [ -47.130096814158982, -22.842769169767614 ], [ -47.13005181279334, -22.842788729543422 ], [ -47.130000020284605, -22.842800345803532 ], [ -47.129874923246192, -22.842804005860909 ], [ -47.129735781719177, -22.842834304024738 ], [ -47.12938931450595, -22.842916575232543 ], [ -47.129131730443895, -22.842944575633663 ], [ -47.128940944327454, -22.842939273795622 ], [ -47.128759564702953, -22.842934477838931 ], [ -47.128603759907968, -22.842962560497742 ], [ -47.128409847861946, -22.843004152057762 ], [ -47.128219541115968, -22.843050299158076 ], [ -47.128315708380079, -22.84314912718348 ], [ -47.128369214747927, -22.843195986120765 ], [ -47.128434548546593, -22.84323889536461 ], [ -47.128492286997918, -22.84326863586729 ], [ -47.12857753722858, -22.843311188429848 ], [ -47.128624650457766, -22.84333953631824 ], [ -47.128663562322402, -22.843357070719311 ], [ -47.128689726159323, -22.843391656850255 ], [ -47.12872355893294, -22.843433813700539 ], [ -47.12875806958381, -22.843473072706754 ], [ -47.128782613687427, -22.843527450494598 ], [ -47.128821530517442, -22.843596892350117 ], [ -47.128855302245455, -22.84368671466628 ], [ -47.128863300593459, -22.843736077848742 ], [ -47.128869381464767, -22.84378095297647 ], [ -47.128876938276782, -22.843843231247785 ], [ -47.128870634453342, -22.843943971097765 ], [ -47.128841464819665, -22.844051697068199 ], [ -47.128835754932894, -22.844133832524562 ], [ -47.128847125099952, -22.844183060330256 ], [ -47.128874327828278, -22.844212125804116 ], [ -47.128905876169966, -22.844236529170757 ], [ -47.128976770588892, -22.844280537328274 ], [ -47.129024549039592, -22.844315466173466 ], [ -47.129053235434441, -22.844346949163739 ], [ -47.12911306848833, -22.844407986459949 ], [ -47.129145775481724, -22.844496468815436 ], [ -47.129146475289673, -22.844618780726623 ], [ -47.129115441485169, -22.844730594003401 ], [ -47.129029156112225, -22.844900199559838 ], [ -47.128935273976381, -22.845082364511335 ], [ -47.128845900224903, -22.845306446528259 ], [ -47.128810665292391, -22.845499291741689 ], [ -47.128796646334706, -22.845651410411701 ], [ -47.128793865014686, -22.845823600142413 ], [ -47.128830338279947, -22.846061074539151 ], [ -47.128894591163117, -22.846328509373791 ], [ -47.12894673936259, -22.84652018566166 ], [ -47.129064023316801, -22.847283508130154 ], [ -47.129317938104521, -22.848252000449786 ], [ -47.129449056010593, -22.848943911015592 ], [ -47.129553268125129, -22.849496888724673 ], [ -47.129584802753392, -22.84959766379168 ], [ -47.129642520377409, -22.849713525282429 ], [ -47.129955382120258, -22.85031931875077 ], [ -47.130207778303159, -22.850833841494211 ], [ -47.130262065607788, -22.851069722605452 ], [ -47.130269996933187, -22.851140481428644 ], [ -47.130262692142402, -22.851197542048695 ], [ -47.130243453167907, -22.851277511459841 ], [ -47.130228395345597, -22.851342258880223 ], [ -47.130232048177355, -22.85143230332066 ], [ -47.13028720423695, -22.851708434912904 ], [ -47.130333318339851, -22.85193016209832 ], [ -47.130350286660331, -22.852101365014903 ], [ -47.130379031448776, -22.852249841780871 ], [ -47.130416005288552, -22.852405701086443 ], [ -47.130468939135923, -22.85254437519022 ], [ -47.130542568190393, -22.85270163939483 ], [ -47.130638731566926, -22.852871781783776 ], [ -47.13070805929646, -22.853015923498646 ], [ -47.130818021788755, -22.853153924013618 ], [ -47.130974855501904, -22.853304476671223 ], [ -47.131061359361702, -22.853380592493288 ], [ -47.131149649105872, -22.853432129858344 ], [ -47.131272681763591, -22.853496381767446 ], [ -47.131411684189317, -22.853549225689267 ], [ -47.131483639750201, -22.853599085914947 ], [ -47.131529023844919, -22.853639913602375 ], [ -47.131551852416997, -22.853671654975191 ], [ -47.131571046532315, -22.853727909238398 ], [ -47.131582039698309, -22.853778586117723 ], [ -47.13158592850445, -22.85389913983018 ], [ -47.131584977773912, -22.853966948198806 ], [ -47.131606278347668, -22.854039784612343 ], [ -47.131637944491686, -22.854107607361136 ], [ -47.131688071340015, -22.85418980712123 ], [ -47.131831345070225, -22.854403100200123 ], [ -47.131957983279207, -22.854605692904311 ], [ -47.13217810048971, -22.85480098441402 ], [ -47.132226638625625, -22.854863706117516 ], [ -47.132307207752902, -22.855079373653293 ], [ -47.132328638329206, -22.855181095789597 ], [ -47.132339118725405, -22.855440853496745 ], [ -47.132360405913339, -22.855692973628642 ], [ -47.132366529861855, -22.856085401853004 ], [ -47.132415982585712, -22.856428050105446 ], [ -47.132510041927908, -22.856802779491545 ], [ -47.132603720115007, -22.85715304970137 ], [ -47.132880929902605, -22.857958637332974 ], [ -47.133117397301874, -22.858969150185196 ], [ -47.133567801056323, -22.860518976720844 ], [ -47.133633286943798, -22.860761295602178 ], [ -47.133658332004586, -22.8609605547197 ], [ -47.133661848896075, -22.86114457552835 ], [ -47.133662128508838, -22.8615122563636 ], [ -47.133633566789086, -22.861735976493719 ], [ -47.13359995967069, -22.861883573336367 ], [ -47.133536300078426, -22.86206172467724 ], [ -47.133392461936587, -22.862456073525212 ], [ -47.133256006962078, -22.862752195793469 ], [ -47.132832090052673, -22.863676144471381 ], [ -47.13280141445059, -22.863960105391705 ], [ -47.132835735330858, -22.864552743094109 ], [ -47.132802691227397, -22.865127507194725 ], [ -47.132964775297694, -22.865592589928816 ], [ -47.133412922947684, -22.866363654367397 ], [ -47.129667801286026, -22.869616039486296 ], [ -47.128025215983946, -22.87106498696939 ], [ -47.125975807592248, -22.872834595622063 ], [ -47.122878452412778, -22.875535359728346 ], [ -47.120829714494327, -22.87733604495908 ], [ -47.118876494497776, -22.87905608271058 ], [ -47.118433250088025, -22.879468674791326 ], [ -47.117839032472638, -22.880099483714815 ], [ -47.116721790386904, -22.881424332693605 ], [ -47.116418467729353, -22.881818807256817 ], [ -47.115911526523384, -22.882498279265956 ], [ -47.115666675763691, -22.882886196716356 ], [ -47.115567166511688, -22.883055250606841 ], [ -47.114880709699023, -22.88417575136884 ], [ -47.114241052708131, -22.885356110904993 ], [ -47.114169356420014, -22.885484531811262 ], [ -47.114099523188621, -22.885613920926513 ], [ -47.113912623046801, -22.886039702713585 ], [ -47.113850392976566, -22.886172330763028 ], [ -47.113790021791679, -22.88630565626438 ], [ -47.113696598700677, -22.886561833171655 ], [ -47.113642046645339, -22.886697338094866 ], [ -47.113589432437365, -22.886833449152348 ], [ -47.113195858730386, -22.887960069335715 ], [ -47.112216434991325, -22.891217456114479 ], [ -47.111031845499042, -22.895115803555409 ], [ -47.110567866805937, -22.896628735232973 ], [ -47.109887908220074, -22.898845784919839 ], [ -47.110231617351346, -22.898855753901501 ], [ -47.110369332488098, -22.898843543011004 ], [ -47.110501282244769, -22.898811909360052 ], [ -47.11079267783353, -22.898702687928196 ], [ -47.111200966574117, -22.898518519688157 ], [ -47.111455401279294, -22.898389025213589 ], [ -47.111741342987202, -22.898353267537267 ], [ -47.112175617117394, -22.898394166121591 ], [ -47.113156214670283, -22.898985601407759 ], [ -47.113475668242003, -22.899167587317383 ], [ -47.113744578164145, -22.899292830718917 ], [ -47.113966211254855, -22.899375100365315 ], [ -47.114198353059983, -22.899445765022659 ], [ -47.114388422516299, -22.899492976396296 ], [ -47.114566805891791, -22.899532850337994 ], [ -47.114821754806499, -22.899571343722801 ], [ -47.115169532429569, -22.899589643189241 ], [ -47.115724756954265, -22.899578638660792 ], [ -47.116181197416125, -22.89951478372674 ], [ -47.116946738764014, -22.899369534291694 ], [ -47.117489451582188, -22.899230862468563 ], [ -47.118194530241347, -22.899021867232772 ], [ -47.118579271717479, -22.898879701064175 ], [ -47.11907108314125, -22.898666865789558 ], [ -47.119608509396379, -22.898384902625082 ], [ -47.120807162739133, -22.897643284650187 ], [ -47.121981172631891, -22.896961116837478 ], [ -47.122247992433593, -22.896786664623828 ], [ -47.122503486216132, -22.896602252648425 ], [ -47.122754252377185, -22.896403279117337 ], [ -47.123007392906416, -22.896176198367218 ], [ -47.123340982740579, -22.895779320501305 ], [ -47.124001827781107, -22.894986821214637 ], [ -47.124311983400688, -22.894602622379601 ], [ -47.124457503243669, -22.894426358192103 ], [ -47.124630442648147, -22.894209916541797 ], [ -47.124869394753226, -22.893944295518427 ], [ -47.125061911104282, -22.893772367409465 ], [ -47.125225004380624, -22.893641004426723 ], [ -47.125395057313114, -22.89351794365173 ], [ -47.125589678065737, -22.893393470774694 ], [ -47.126010024198827, -22.893181030113873 ], [ -47.12634246859492, -22.893057059354653 ], [ -47.126637133253986, -22.892973675069779 ], [ -47.126958325637034, -22.892911510560204 ], [ -47.127229362012017, -22.892879536361374 ], [ -47.127780524767736, -22.892867733280021 ], [ -47.128047766944725, -22.892886181162808 ], [ -47.128421685488718, -22.892943190875581 ], [ -47.129198942421219, -22.893119463199604 ], [ -47.130214593907866, -22.893324402256987 ], [ -47.131496360131671, -22.893609087355379 ], [ -47.13173243942073, -22.893654216510164 ], [ -47.131926500355689, -22.893663980274678 ], [ -47.132341720154294, -22.89366915105537 ], [ -47.132712323840281, -22.89365785794287 ], [ -47.133016336433869, -22.893612341586188 ], [ -47.133384314818535, -22.893525703912967 ], [ -47.133742503140482, -22.893424572603294 ], [ -47.133988924444942, -22.893329455290665 ], [ -47.134240132673696, -22.893206469136647 ], [ -47.134520911126607, -22.893052573002453 ], [ -47.136571622770617, -22.891981723713794 ], [ -47.137128890985622, -22.89171379149797 ], [ -47.138563848609849, -22.890975460032244 ], [ -47.14023937848193, -22.890170414588642 ], [ -47.141352869417787, -22.889595630671128 ], [ -47.14274421886266, -22.888877260330492 ], [ -47.14389319602536, -22.888286544669526 ], [ -47.144461850876496, -22.887988373922614 ], [ -47.144874510477308, -22.887785919752822 ], [ -47.145674974208731, -22.887405176036534 ], [ -47.146320796583616, -22.887129608698981 ], [ -47.146805413300925, -22.886945315864896 ], [ -47.147529803422572, -22.886684119210507 ], [ -47.148185827498565, -22.886470063183022 ], [ -47.14891963320656, -22.886276437809411 ], [ -47.149271608693844, -22.886191064724638 ], [ -47.14968461963538, -22.886088255152384 ], [ -47.150350155261307, -22.885927503351596 ], [ -47.151436221581072, -22.885651917112828 ], [ -47.15193087236738, -22.885528949206673 ], [ -47.152417979201211, -22.885416824423004 ], [ -47.152768968145118, -22.885345630009539 ], [ -47.153049757168866, -22.885306890978466 ], [ -47.15337054124069, -22.885276997933804 ], [ -47.153726043221859, -22.885262702312623 ], [ -47.154246905765298, -22.885258080627523 ], [ -47.154801973725874, -22.885287477601324 ], [ -47.155358866690513, -22.885315403507995 ], [ -47.155964880689922, -22.88536522924425 ], [ -47.156599482143442, -22.885444364374234 ], [ -47.157322343117876, -22.885586392360572 ], [ -47.157691687239797, -22.885675081312275 ], [ -47.158053241144096, -22.885774166206087 ], [ -47.158059604660124, -22.885759907032053 ], [ -47.158073878472635, -22.885727576239482 ], [ -47.158055455311533, -22.885675378132174 ], [ -47.158015590780707, -22.885624012791499 ], [ -47.157919818245993, -22.885456955130756 ], [ -47.157876154763215, -22.885409252223162 ], [ -47.157775843922657, -22.885326119145553 ], [ -47.1576849277129, -22.885232386854767 ], [ -47.157579611567947, -22.885152842211816 ], [ -47.157541183445332, -22.885100825321643 ], [ -47.157489598470576, -22.884984081139471 ], [ -47.157478570309841, -22.884921852589009 ], [ -47.157477492467798, -22.884858766787868 ], [ -47.157498699768013, -22.884670351154139 ], [ -47.157576157430228, -22.884421140767376 ], [ -47.157578684705861, -22.884357374120263 ], [ -47.157538944861599, -22.884263037243588 ], [ -47.157426251428902, -22.883879464711008 ], [ -47.157328267602189, -22.883643558672318 ], [ -47.157239353556399, -22.88347306725424 ], [ -47.157099567046423, -22.883256234228263 ], [ -47.157075411327128, -22.883197162766603 ], [ -47.157067191031842, -22.883134625231357 ], [ -47.157086229793165, -22.882946239028037 ], [ -47.157139843598735, -22.882830504297381 ], [ -47.157186501409925, -22.882711884965481 ], [ -47.157282320824805, -22.8825161376243 ], [ -47.157271108246661, -22.882467632942319 ], [ -47.157242722084561, -22.882359510689053 ], [ -47.157212323215553, -22.882235888876973 ], [ -47.157128814730889, -22.881995543317547 ], [ -47.157109168088667, -22.881870963099836 ], [ -47.157136135008919, -22.881492806805419 ], [ -47.157172069268022, -22.88117871254348 ], [ -47.157224375755703, -22.880995562006703 ], [ -47.157365679697286, -22.880708744358621 ], [ -47.157514125021443, -22.880578903795353 ], [ -47.157584899748286, -22.8804712411143 ], [ -47.157626553010822, -22.8803512452651 ], [ -47.157689411551011, -22.879976664020756 ], [ -47.157777813989654, -22.879606701016446 ], [ -47.157810974085272, -22.87935610587629 ], [ -47.157824941497665, -22.879294260181986 ], [ -47.157848755203752, -22.879235169551205 ], [ -47.157954423946627, -22.879073050153227 ], [ -47.158034266461136, -22.878898643149679 ], [ -47.158068435408772, -22.878844015815211 ], [ -47.158248638822876, -22.878654615116155 ], [ -47.158279409391426, -22.878598499249861 ], [ -47.15828718093227, -22.878536105739244 ], [ -47.158276233528952, -22.878473876094628 ], [ -47.158223453105087, -22.878357599541722 ], [ -47.158214499617614, -22.878279184047425 ], [ -47.158176843397371, -22.878092921521283 ], [ -47.158096749295247, -22.877799088651866 ], [ -47.15808500992658, -22.877483474877238 ], [ -47.158090281256698, -22.877420483399675 ], [ -47.15813226320693, -22.877250201230531 ], [ -47.158194787685638, -22.877123963971471 ], [ -47.158248983243709, -22.877085855431559 ], [ -47.158311503489614, -22.877060994185189 ], [ -47.158445484366339, -22.877038051436752 ], [ -47.158575296292597, -22.877000450770833 ], [ -47.158784791932732, -22.87695635165009 ], [ -47.15883188870982, -22.87692664438503 ], [ -47.158875231445109, -22.876878030869886 ], [ -47.158906969671733, -22.876822172589652 ], [ -47.158949909072518, -22.876702339568894 ], [ -47.159005210502848, -22.87658685228379 ], [ -47.159088030013045, -22.876280787217581 ], [ -47.159117850218486, -22.876093518263744 ], [ -47.159096231327368, -22.875905232704934 ], [ -47.159098412914986, -22.875779002184764 ], [ -47.159082530033167, -22.875653648891824 ], [ -47.159037579857404, -22.875534558038378 ], [ -47.158969481072091, -22.875221876255456 ], [ -47.158831499273234, -22.875072994869864 ], [ -47.158703350512575, -22.874966678718113 ], [ -47.158412793802825, -22.87461991486607 ], [ -47.158232707880835, -22.874430169373095 ], [ -47.158182855175212, -22.874387154190138 ], [ -47.158064557158916, -22.87432448589729 ], [ -47.157912947912394, -22.874197815041633 ], [ -47.157752488899824, -22.874080562194095 ], [ -47.157600241846509, -22.873954170474374 ], [ -47.157543011748906, -22.873851043392783 ], [ -47.157505190772916, -22.873771123774723 ], [ -47.15740862658113, -22.873604166043201 ], [ -47.157266082011965, -22.873334108928248 ], [ -47.157189151730385, -22.873229985149447 ], [ -47.157060918063671, -22.873082504321676 ], [ -47.156880401791732, -22.872814406257405 ], [ -47.156865016638967, -22.872776339384568 ], [ -47.156832820880147, -22.872696433519895 ], [ -47.156804754858896, -22.872572779697524 ], [ -47.156806816478209, -22.872510012287165 ], [ -47.156822959946751, -22.872448588496717 ], [ -47.156839501541285, -22.872259784688428 ], [ -47.156854553788556, -22.872134372435013 ], [ -47.156837794330322, -22.872009301419631 ], [ -47.156771408475585, -22.871830017802942 ], [ -47.156728635680295, -22.871645087784238 ], [ -47.156674565878525, -22.871528286233936 ], [ -47.156606468390883, -22.871357601623107 ], [ -47.156521167136262, -22.871252417384966 ], [ -47.156408674453701, -22.871094160459386 ], [ -47.156307751293056, -22.870859556453834 ], [ -47.1562842067652, -22.87070162782306 ], [ -47.15627980462024, -22.870672168369897 ], [ -47.156266751918828, -22.870496855385479 ], [ -47.156562925063177, -22.86846829482533 ], [ -47.156673928283105, -22.867779453640349 ], [ -47.156920445829499, -22.866071672714099 ], [ -47.157374592258186, -22.863114500308733 ], [ -47.157499148827583, -22.862185439863826 ], [ -47.157647782938128, -22.861265080000184 ], [ -47.157729575483401, -22.860985750168616 ], [ -47.157876877835591, -22.860733967514012 ], [ -47.157808275047081, -22.86072424597846 ], [ -47.157691519811806, -22.860707594686946 ], [ -47.157441257687559, -22.860676775861965 ], [ -47.156969236669923, -22.860614028322633 ], [ -47.15683526037116, -22.860590478363005 ], [ -47.156771214315299, -22.860569139678496 ], [ -47.156714668332029, -22.860534338917731 ], [ -47.156671718370809, -22.860485451802127 ], [ -47.156609690066368, -22.860373090799307 ], [ -47.156588897342083, -22.860312980255138 ], [ -47.156573177604969, -22.860187443486058 ], [ -47.156529289896461, -22.860002798867974 ], [ -47.156531776288652, -22.859686991190827 ], [ -47.156571183790298, -22.859501307596442 ], [ -47.156638413250086, -22.85932228807733 ], [ -47.156667881467712, -22.859265287568753 ], [ -47.156834159032456, -22.85906533592836 ], [ -47.15689072890315, -22.859030445831699 ], [ -47.157013009355751, -22.85897480472692 ], [ -47.15724782270027, -22.858846592899646 ], [ -47.15748543491214, -22.858722675880806 ], [ -47.157705949348106, -22.858574255728119 ], [ -47.158074931988544, -22.858410821982925 ], [ -47.158253512494731, -22.85831857796342 ], [ -47.158437804553252, -22.858236998707962 ], [ -47.158486272170244, -22.858192739391257 ], [ -47.15852124967158, -22.858138733113421 ], [ -47.158544251282237, -22.858079292423735 ], [ -47.15857744966199, -22.857892338660999 ], [ -47.158636770185282, -22.857711259251762 ], [ -47.158660791911032, -22.857523166179533 ], [ -47.158736991818827, -22.857347725424685 ], [ -47.158831789238413, -22.857179885992196 ], [ -47.158942223679325, -22.857020410209909 ], [ -47.159074017327328, -22.85687553947383 ], [ -47.15925804791457, -22.856609806780082 ], [ -47.159498422539265, -22.856386549696047 ], [ -47.159705909366487, -22.856136025059847 ], [ -47.159904496417617, -22.855962894379626 ], [ -47.160029058316169, -22.855812975604636 ], [ -47.160167896521067, -22.855595519539925 ], [ -47.160256436067094, -22.855499531102499 ], [ -47.160668712307782, -22.855168680386388 ], [ -47.160724206864032, -22.85513199822487 ], [ -47.160909571457069, -22.855052568413054 ], [ -47.161076467696127, -22.854943238219423 ], [ -47.161229610339156, -22.854817665090074 ], [ -47.161753213673556, -22.854521498797244 ], [ -47.16186946049492, -22.854455554943119 ], [ -47.162131293427862, -22.854253668164791 ], [ -47.16242157721873, -22.854088135236061 ], [ -47.162524300905467, -22.85400531323258 ], [ -47.162614627595104, -22.853910743703338 ], [ -47.162725538515033, -22.853837650003758 ], [ -47.162764332516417, -22.853786389512184 ], [ -47.162772909051782, -22.853724255708769 ], [ -47.162749645103865, -22.853665443443226 ], [ -47.16267343902026, -22.853560860459137 ], [ -47.162581509441992, -22.853391675470036 ], [ -47.162273174455009, -22.852974744654148 ], [ -47.162079335196182, -22.852797555863159 ], [ -47.161909435302682, -22.852600001018082 ], [ -47.161836730187204, -22.85249320343145 ], [ -47.161742265265957, -22.852402318594745 ], [ -47.16163933358996, -22.852319582978694 ], [ -47.161398235057774, -22.852013855190624 ], [ -47.161259465432295, -22.851874644099173 ], [ -47.161162781001607, -22.851785594459944 ], [ -47.16092454595411, -22.851477931190615 ], [ -47.16075925642577, -22.851277062451231 ], [ -47.159904317956737, -22.850375652130928 ], [ -47.159781985856576, -22.850224119864333 ], [ -47.159682690225914, -22.850137451704732 ], [ -47.159602195718918, -22.85003572359085 ], [ -47.15957712800278, -22.849994809183428 ], [ -47.159467620948107, -22.849816020760439 ], [ -47.159388558226503, -22.849713370355285 ], [ -47.159372090567153, -22.849652388934864 ], [ -47.159382797081747, -22.849526674321247 ], [ -47.159404992609005, -22.849467154232958 ], [ -47.159535168570905, -22.849322034621835 ], [ -47.159542005293147, -22.84929206157846 ], [ -47.159498823783558, -22.849141892183948 ], [ -47.159333395783605, -22.848865826312213 ], [ -47.159125006079705, -22.84861616112876 ], [ -47.159015321178181, -22.848456512490991 ], [ -47.158841619033268, -22.848261713418051 ], [ -47.158584325458271, -22.84796730362514 ], [ -47.158218438130802, -22.847683935028922 ], [ -47.158040376397494, -22.847492714691974 ], [ -47.157893772090588, -22.847360467060248 ], [ -47.157630208693263, -22.847070654113036 ], [ -47.157468743387369, -22.846867111450919 ], [ -47.157381773369202, -22.84669586940019 ], [ -47.157324774530345, -22.846581092877823 ], [ -47.157164744551935, -22.846376808191152 ], [ -47.15707115194688, -22.846208363869049 ], [ -47.156906035423944, -22.846007487899747 ], [ -47.156663273687982, -22.845630548604255 ], [ -47.156639691303511, -22.845571649181416 ], [ -47.156582121427306, -22.845196533126554 ], [ -47.156593794300854, -22.845070805405886 ], [ -47.156639671783616, -22.844821843100377 ], [ -47.156648886321115, -22.844759249417539 ], [ -47.156671971621435, -22.844700078688678 ], [ -47.156737541115476, -22.844589328085007 ], [ -47.156846489434777, -22.8442902220626 ], [ -47.156916299902534, -22.844112250924905 ], [ -47.156959084510206, -22.843926972836794 ], [ -47.157055767512979, -22.843624422020369 ], [ -47.157364747390801, -22.843066500561683 ], [ -47.157739637526973, -22.842562209918771 ], [ -47.157868557456574, -22.842205419103106 ], [ -47.157871428847059, -22.842097233319087 ], [ -47.157801559247872, -22.841889560008255 ], [ -47.157673681880098, -22.841660826969381 ], [ -47.157420748264485, -22.841366806400377 ], [ -47.157209697762909, -22.841110403157817 ], [ -47.15716195489599, -22.841006785019047 ], [ -47.157189924398644, -22.840819360570208 ], [ -47.157305353710996, -22.840325357667869 ], [ -47.157540752399733, -22.839869629289048 ], [ -47.157771824249771, -22.839557222326381 ], [ -47.157830755471316, -22.839443401856059 ], [ -47.157967537579815, -22.839086143373386 ], [ -47.158010159152802, -22.838900867301525 ], [ -47.158120215177924, -22.838341489012766 ], [ -47.15818340064569, -22.838161350494119 ], [ -47.158241677164156, -22.83791447659473 ], [ -47.158279539439917, -22.837600716443564 ], [ -47.15822907368117, -22.837288875974242 ], [ -47.158222600096018, -22.837066982754735 ], [ -47.158202338167904, -22.836974095843505 ], [ -47.158115477271188, -22.836834808791139 ], [ -47.157812329619375, -22.836519171486085 ], [ -47.157323040201049, -22.835992831396343 ], [ -47.157180202525446, -22.835777660532596 ], [ -47.157088053458487, -22.835684934999829 ], [ -47.156892894475419, -22.835508567911713 ], [ -47.156773279435122, -22.835355009217952 ], [ -47.156724549737199, -22.835310893977915 ], [ -47.156380434008383, -22.835106753925057 ], [ -47.156212614224721, -22.834998352223117 ], [ -47.15615286091662, -22.834968288122514 ], [ -47.156020963306375, -22.834937395551229 ], [ -47.15581687551358, -22.834928243195296 ], [ -47.155680621838535, -22.834926748043202 ], [ -47.155613317161375, -22.834917007128048 ], [ -47.15548804165136, -22.834867969841227 ], [ -47.155271828795023, -22.834752007413385 ], [ -47.155193167970232, -22.834709741213072 ], [ -47.155069429920253, -22.834651204093543 ], [ -47.154958354832537, -22.834580669705719 ], [ -47.154812196772319, -22.8344501271308 ], [ -47.154500766358083, -22.834204466054697 ], [ -47.154416792222776, -22.834105309035284 ], [ -47.154247033500759, -22.833822614016558 ], [ -47.153787786039359, -22.833386669659166 ], [ -47.153579573471077, -22.832982715527173 ], [ -47.153573171096653, -22.832576031514279 ], [ -47.153712417867865, -22.832017794892295 ], [ -47.153811980921795, -22.831433825509517 ], [ -47.153816577680104, -22.831093162887527 ], [ -47.153894256504188, -22.830680376480821 ], [ -47.154073911692421, -22.830306382090612 ], [ -47.154277589527723, -22.830045084468612 ], [ -47.154973635346693, -22.829482833794199 ], [ -47.15496320716435, -22.82947349624683 ], [ -47.15540343623703, -22.828855847696619 ], [ -47.155910995623209, -22.828260215956405 ], [ -47.156711775996826, -22.827530618786575 ], [ -47.157212624055269, -22.826922616691181 ], [ -47.157550882567698, -22.826654707929869 ], [ -47.157747369742047, -22.826396573222368 ], [ -47.15793516058838, -22.826126910933837 ], [ -47.158097242419196, -22.825811015990965 ], [ -47.158292138849895, -22.825452157640203 ], [ -47.158457360039229, -22.825131706216531 ], [ -47.158577580866918, -22.824794622447094 ], [ -47.158482178963411, -22.824260957780915 ], [ -47.158207043580482, -22.823769087647367 ], [ -47.158058731387001, -22.822834063490898 ], [ -47.157998397052609, -22.821921227728026 ], [ -47.158136708763877, -22.821427546298715 ], [ -47.15826528730296, -22.821177463013537 ], [ -47.158320127241026, -22.821044018581748 ], [ -47.158152653577936, -22.821155157084089 ], [ -47.157992349874945, -22.821201472520382 ], [ -47.15784427433907, -22.821096234254618 ], [ -47.157751413572477, -22.820998462713728 ], [ -47.157601672043313, -22.820848651874627 ], [ -47.157545396913498, -22.820814659024379 ], [ -47.157483319112018, -22.820789591508881 ], [ -47.157272765875057, -22.820812213100108 ], [ -47.156999892485729, -22.820809679716504 ], [ -47.156796733060325, -22.820771446770134 ], [ -47.156669438029809, -22.820771816274757 ], [ -47.156572764407919, -22.820834691439259 ], [ -47.156492734742081, -22.820914041735872 ], [ -47.156356758490141, -22.821077110390711 ], [ -47.156241430329054, -22.82115395943093 ], [ -47.156114980827709, -22.821208029569505 ], [ -47.15591717818964, -22.821326346872386 ], [ -47.155607889385024, -22.821541140113013 ], [ -47.155381687527615, -22.821707505359747 ], [ -47.15531335195665, -22.82175428882703 ], [ -47.155236007155466, -22.821800201169676 ], [ -47.154975533636765, -22.821906907708456 ], [ -47.154721424148164, -22.821968932809515 ], [ -47.154539793952019, -22.821997388493241 ], [ -47.154412503101803, -22.822028719905486 ], [ -47.154203798100546, -22.822071985140855 ], [ -47.154012470481511, -22.822259993847016 ], [ -47.153907496384107, -22.822418217996169 ], [ -47.153851193557841, -22.82246411597804 ], [ -47.153782822415629, -22.82249338632149 ], [ -47.153706949822784, -22.822469587157581 ], [ -47.153648558750234, -22.822423615190466 ], [ -47.153504702351881, -22.822259728406134 ], [ -47.153384992845226, -22.822165476750971 ], [ -47.153332953722952, -22.82210461396636 ], [ -47.153249290757884, -22.822091030486661 ], [ -47.153114092666051, -22.822104774227704 ], [ -47.152616858137677, -22.822115467129546 ], [ -47.15242285892446, -22.822103103541963 ], [ -47.15228293806657, -22.822077009622181 ], [ -47.15200448398749, -22.821949605015977 ], [ -47.15189170324841, -22.821923053770099 ], [ -47.151780592131686, -22.821910743064571 ], [ -47.151700087790992, -22.821934579495064 ], [ -47.151597933975104, -22.821976040811691 ], [ -47.151410167922954, -22.822058739827163 ], [ -47.151116510778166, -22.822098454317164 ], [ -47.15087748565891, -22.822098342183779 ], [ -47.150420931084604, -22.822091146396794 ] ] ] } },
{ "type": "Feature", "properties": { "APG": "BarÃ£o Geraldo" }, "geometry": { "type": "Polygon", "coordinates": [ [ [ -47.07133975932642, -22.730732912213355 ], [ -47.071255510091568, -22.730660337953324 ], [ -47.071191683926848, -22.730605315281078 ], [ -47.071020920247797, -22.730475000700487 ], [ -47.070784800212898, -22.73032738706571 ], [ -47.070561762901718, -22.730179693796593 ], [ -47.070344074934965, -22.730081043861972 ], [ -47.070107600607336, -22.730011213354274 ], [ -47.069797590079823, -22.729868835526204 ], [ -47.069626833532304, -22.729770027376091 ], [ -47.069443988600952, -22.729706131473289 ], [ -47.069187905284778, -22.729636076199057 ], [ -47.068930882212882, -22.729618704063107 ], [ -47.068699089675029, -22.729658023827234 ], [ -47.068533479116695, -22.729736091984265 ], [ -47.068434523254027, -22.729807661710471 ], [ -47.068344762274883, -22.729922767620032 ], [ -47.068230113901798, -22.730185786751548 ], [ -47.06820628632277, -22.73033063031929 ], [ -47.068198052552987, -22.730523132509258 ], [ -47.068207254338944, -22.730692181357263 ], [ -47.068234045043326, -22.730884668474893 ], [ -47.068251692990607, -22.73105307941406 ], [ -47.068278291197998, -22.731227423115481 ], [ -47.068306389065249, -22.731371775087116 ], [ -47.068308110834984, -22.731486225342589 ], [ -47.068292814258982, -22.731630958480096 ], [ -47.068247365180504, -22.731770123575718 ], [ -47.068151707326066, -22.731888903790249 ], [ -47.068047856175077, -22.732025420794873 ], [ -47.0679216481103, -22.732138882221538 ], [ -47.067805797608123, -22.732206645673944 ], [ -47.067643628184733, -22.732220751358376 ], [ -47.067487598072717, -22.732210763474715 ], [ -47.067337524122649, -22.73216449686727 ], [ -47.067167677580102, -22.732100430315196 ], [ -47.066902156744831, -22.731935225917528 ], [ -47.066705764936735, -22.73183530071838 ], [ -47.066548747347781, -22.731764928610229 ], [ -47.066463950839918, -22.731735962726336 ], [ -47.066295519624425, -22.731712772147297 ], [ -47.066145960462428, -22.731726390317299 ], [ -47.066004564658726, -22.731777278666453 ], [ -47.065856062711219, -22.731861261979937 ], [ -47.065698300901872, -22.732003581516636 ], [ -47.065638395535622, -22.73207804879932 ], [ -47.065599933562581, -22.732156817177195 ], [ -47.065562561058258, -22.732265814644563 ], [ -47.065592690084792, -22.732421090835182 ], [ -47.065662965025851, -22.732600275132594 ], [ -47.065714071419961, -22.732754222947804 ], [ -47.065732688366523, -22.733023453335626 ], [ -47.065710570695792, -22.733166687066351 ], [ -47.065625664214792, -22.733551913858964 ], [ -47.065577275376235, -22.733672518725673 ], [ -47.065469300219036, -22.73384255419132 ], [ -47.065354363922822, -22.733971346038867 ], [ -47.065354383215976, -22.73397137579342 ], [ -47.065151321949465, -22.733999278516176 ], [ -47.065002285528003, -22.733974031360404 ], [ -47.064824256664465, -22.733910339360456 ], [ -47.064509701761516, -22.733740439291338 ], [ -47.064339765643098, -22.733670412977414 ], [ -47.06411121222456, -22.733582907696544 ], [ -47.063909405650818, -22.733555362077006 ], [ -47.063662990473617, -22.733582649332917 ], [ -47.063397435489058, -22.733634287571554 ], [ -47.063171144895342, -22.733697515552414 ], [ -47.062957956571253, -22.733681761542659 ], [ -47.062751665948127, -22.733665647354229 ], [ -47.062533048218405, -22.733662511483814 ], [ -47.062393648673371, -22.733691033273669 ], [ -47.062217563668781, -22.73372472292608 ], [ -47.062055303704419, -22.733818539530425 ], [ -47.061931110495287, -22.733913670247798 ], [ -47.061817834610586, -22.734003514149236 ], [ -47.061692066190794, -22.73413279004491 ], [ -47.061619311635354, -22.73426986786874 ], [ -47.061584961520914, -22.734425408435353 ], [ -47.06159585413279, -22.734557615163894 ], [ -47.061700016450231, -22.734780611361369 ], [ -47.061786711228734, -22.73496284677082 ], [ -47.061826157119448, -22.735050719664027 ], [ -47.061813254134009, -22.735260782093949 ], [ -47.061713599869314, -22.735407957143746 ], [ -47.061625597456853, -22.735513183148569 ], [ -47.061455427977414, -22.735625698580201 ], [ -47.061319511675599, -22.735683244071485 ], [ -47.061161245766904, -22.735733133363819 ], [ -47.060994092903456, -22.735752442693663 ], [ -47.060815129682169, -22.735728209729174 ], [ -47.060542240478298, -22.735639014400576 ], [ -47.060326571348739, -22.735548990357763 ], [ -47.06009661727613, -22.735459150215075 ], [ -47.060007710720527, -22.735429150802954 ], [ -47.059839265782777, -22.735367586586456 ], [ -47.059636533174675, -22.735310526741426 ], [ -47.059295962944553, -22.735236375364213 ], [ -47.058942701288572, -22.735215199388993 ], [ -47.058754147419393, -22.73522584465266 ], [ -47.058510615890548, -22.73529055237092 ], [ -47.058299621090697, -22.735367840553987 ], [ -47.058122904408144, -22.735482874445498 ], [ -47.058017255168089, -22.735632020502859 ], [ -47.057974733377627, -22.735778186623445 ], [ -47.057956326662875, -22.735985611649149 ], [ -47.058056252867118, -22.736124345452211 ], [ -47.058212871820025, -22.73618949446578 ], [ -47.058601256423472, -22.736309976417047 ], [ -47.058817547506095, -22.736414710066597 ], [ -47.058969596367199, -22.736528396428159 ], [ -47.05915281330266, -22.736713271250725 ], [ -47.05922779328224, -22.736847721586283 ], [ -47.05929546186595, -22.737062071782503 ], [ -47.059354243163661, -22.737256494812097 ], [ -47.059391905766176, -22.737477190095511 ], [ -47.059365172656449, -22.737696639152418 ], [ -47.059303175475328, -22.737860841360732 ], [ -47.059220086210857, -22.738053121038345 ], [ -47.059120321496572, -22.738273601782364 ], [ -47.059053572149757, -22.738409969307902 ], [ -47.058800952463613, -22.738704281338798 ], [ -47.058616576888454, -22.73880126882618 ], [ -47.05830386877242, -22.738813965239668 ], [ -47.058091974812093, -22.738735084236911 ], [ -47.057940283520516, -22.738645406492711 ], [ -47.057801313082088, -22.738547529981318 ], [ -47.057666958786932, -22.738457718887986 ], [ -47.057519679183791, -22.73838387279558 ], [ -47.057310929765208, -22.738359478066521 ], [ -47.05704778954378, -22.738407012803226 ], [ -47.056835947942631, -22.738476365807418 ], [ -47.056637109361738, -22.738567127566579 ], [ -47.056484439472385, -22.738631926603766 ], [ -47.056306170636695, -22.738670423032747 ], [ -47.056130565573184, -22.73870455163642 ], [ -47.055922083006365, -22.738735582367269 ], [ -47.055731455129106, -22.738731355181773 ], [ -47.055550150510989, -22.7386796118309 ], [ -47.055391514291074, -22.738538743003826 ], [ -47.055264136644993, -22.738357117532725 ], [ -47.05521438435968, -22.738186409932155 ], [ -47.055190135879201, -22.738003457480382 ], [ -47.055186977577307, -22.737792247485842 ], [ -47.0551744302755, -22.737527533117859 ], [ -47.055153680398597, -22.73728865351136 ], [ -47.055125218594455, -22.737113789969118 ], [ -47.05504887115881, -22.736887632554382 ], [ -47.054977552117627, -22.736713230008277 ], [ -47.054818104633078, -22.736534002661365 ], [ -47.054691822003342, -22.736420071010386 ], [ -47.054544289657954, -22.736318329245353 ], [ -47.054384055757112, -22.736236792407542 ], [ -47.054194222262296, -22.736183441666334 ], [ -47.053974692642534, -22.736146451729986 ], [ -47.053811334588531, -22.736140517235967 ], [ -47.05361014944657, -22.736186978768146 ], [ -47.053422241150081, -22.73625710282337 ], [ -47.053247093162099, -22.736327062662937 ], [ -47.053106970241217, -22.736436475122893 ], [ -47.05293734601149, -22.736586079258849 ], [ -47.052788536247874, -22.736683596107149 ], [ -47.052596709525176, -22.736781665556357 ], [ -47.052382601841188, -22.736828291659169 ], [ -47.05216189433618, -22.736862995268659 ], [ -47.051916833532573, -22.73694937968067 ], [ -47.051782356206445, -22.73707144778022 ], [ -47.051675281583606, -22.737227830665343 ], [ -47.051597861834118, -22.737402700780173 ], [ -47.051537698609096, -22.737593599322508 ], [ -47.051481215832084, -22.737767568560091 ], [ -47.051454295374882, -22.737943053979972 ], [ -47.05144286486172, -22.738161403168569 ], [ -47.051459392922204, -22.738392122522246 ], [ -47.051462753779177, -22.738536614741275 ], [ -47.051446998074844, -22.738685685817437 ], [ -47.051345228694018, -22.738896438167927 ], [ -47.051253216671427, -22.73902951620174 ], [ -47.051168426296037, -22.739087119165671 ], [ -47.050831576900308, -22.739370313675312 ], [ -47.050487212555375, -22.739585714799233 ], [ -47.0501127495669, -22.739871376899366 ], [ -47.049854462833586, -22.74001868552239 ], [ -47.049603055647253, -22.740089078694176 ], [ -47.04942880026713, -22.740095557658442 ], [ -47.04925245801325, -22.740085903397954 ], [ -47.048974450921598, -22.740014358307505 ], [ -47.048816500410631, -22.739892251730478 ], [ -47.048719454996281, -22.739774058294675 ], [ -47.048595767237082, -22.739581004664771 ], [ -47.048492446243593, -22.739386425828066 ], [ -47.048390621724124, -22.739184515169676 ], [ -47.04826847379244, -22.738997760949093 ], [ -47.048085723550855, -22.738751929112578 ], [ -47.047939777960032, -22.738568007495175 ], [ -47.047804303205709, -22.738429542044464 ], [ -47.047610709697992, -22.738307078497972 ], [ -47.047436381385992, -22.738227701377738 ], [ -47.047241582250621, -22.738196704775071 ], [ -47.047071728766539, -22.738191388423793 ], [ -47.046870990330085, -22.738208946958988 ], [ -47.046660694826592, -22.738247752835111 ], [ -47.046583693367715, -22.738273295110073 ], [ -47.046383094623593, -22.738359553109021 ], [ -47.046177510011205, -22.738402089712384 ], [ -47.045950436320211, -22.738440838763935 ], [ -47.045778963358551, -22.73846695868189 ], [ -47.045598804452617, -22.738481182620244 ], [ -47.045392625588988, -22.738483822780523 ], [ -47.045207520574529, -22.738462359351789 ], [ -47.04493368093955, -22.738390031292397 ], [ -47.044691908893313, -22.738309528332554 ], [ -47.044462680047388, -22.738208822632931 ], [ -47.044285315140037, -22.738119459902471 ], [ -47.044107989672256, -22.738038131240476 ], [ -47.043911052845466, -22.737938907319695 ], [ -47.043729177607148, -22.737837684872513 ], [ -47.043533650243717, -22.737692851768728 ], [ -47.043355554121966, -22.737559621915604 ], [ -47.043185749192467, -22.737406334239708 ], [ -47.042981360338757, -22.737237689907474 ], [ -47.042806866906439, -22.737060537918946 ], [ -47.042658691114703, -22.736915007803141 ], [ -47.042505560812849, -22.736727741901127 ], [ -47.042399945740634, -22.736561715763969 ], [ -47.042307392662792, -22.736399585086311 ], [ -47.042201681339485, -22.736221643240253 ], [ -47.042108811137929, -22.736043537157808 ], [ -47.042032938783571, -22.735853296957899 ], [ -47.041929778650022, -22.735701141942457 ], [ -47.041768307702995, -22.735535829194294 ], [ -47.041612161265988, -22.735426330671832 ], [ -47.041460697897861, -22.735356494729213 ], [ -47.041287628365779, -22.735274927648501 ], [ -47.041097487384846, -22.735189696494714 ], [ -47.040855544651151, -22.735097182335824 ], [ -47.040699829825236, -22.735027490212282 ], [ -47.040509964316719, -22.734966178638899 ], [ -47.040313213829776, -22.734879044780616 ], [ -47.040110012399083, -22.734789916631794 ], [ -47.039872265485734, -22.734693375052558 ], [ -47.039595406116497, -22.734557519526529 ], [ -47.039400653615942, -22.734464310287617 ], [ -47.039136730968082, -22.73434011527802 ], [ -47.0388642655967, -22.734208174572156 ], [ -47.038604796731882, -22.734091956590056 ], [ -47.038283088588607, -22.733989893476792 ], [ -47.038004200431807, -22.733879429215182 ], [ -47.037812262809453, -22.733797286289196 ], [ -47.037552774106437, -22.733685039009721 ], [ -47.03723671350032, -22.733693132068627 ], [ -47.036901267464465, -22.733676825538133 ], [ -47.03655408191301, -22.733588715715648 ], [ -47.03637973440204, -22.733512666282873 ], [ -47.036051335976673, -22.733381433405825 ], [ -47.03577446113713, -22.733249543307714 ], [ -47.035549188679191, -22.73311690498274 ], [ -47.035340693904836, -22.732968073216373 ], [ -47.035180801759914, -22.73289845990443 ], [ -47.034978903823287, -22.732897059235036 ], [ -47.034754332851762, -22.732963656571783 ], [ -47.034545025762363, -22.733041976111817 ], [ -47.034451215688811, -22.733087046427674 ], [ -47.034264553767876, -22.733241956995023 ], [ -47.034077306137803, -22.733362735532705 ], [ -47.033860059765281, -22.733485031086737 ], [ -47.033621306087227, -22.733607690401076 ], [ -47.033364963579736, -22.733702586619401 ], [ -47.033118726053118, -22.733753478064081 ], [ -47.032877752957496, -22.733720703413617 ], [ -47.032640247187125, -22.733640126461641 ], [ -47.032488161937316, -22.733522441007082 ], [ -47.032365055511249, -22.733328822875396 ], [ -47.032221088396781, -22.733179255494861 ], [ -47.032089394130168, -22.732985656054247 ], [ -47.031978598485459, -22.732755949748871 ], [ -47.031884359953288, -22.732484233386739 ], [ -47.031790916869959, -22.732266313391495 ], [ -47.031646655433505, -22.732096707067928 ], [ -47.031511925806015, -22.7319908972772 ], [ -47.031332828617678, -22.731935395427804 ], [ -47.031105052918356, -22.731926374161468 ], [ -47.030890890433156, -22.731961984845672 ], [ -47.030651355467143, -22.732031693628588 ], [ -47.030411777007103, -22.732098475377111 ], [ -47.030159747978416, -22.732197283501762 ], [ -47.029920896904464, -22.732307930945378 ], [ -47.029645772210081, -22.732440886395295 ], [ -47.029432387253173, -22.732531257963128 ], [ -47.029141813130131, -22.732634526441537 ], [ -47.028906758931896, -22.7327251725449 ], [ -47.028642085664359, -22.732832173808873 ], [ -47.028351158623835, -22.732911611700217 ], [ -47.028103716145772, -22.733022275367627 ], [ -47.027819479896301, -22.733125461101132 ], [ -47.027584762748248, -22.733228198487097 ], [ -47.027332985267726, -22.733338916040438 ], [ -47.027089913037699, -22.733457557619197 ], [ -47.026906627614515, -22.733553502523552 ], [ -47.026731664345853, -22.733631376096902 ], [ -47.026518254983088, -22.733725806854562 ], [ -47.026187962713848, -22.733901255724163 ], [ -47.025910773442227, -22.734036217442746 ], [ -47.025607802686139, -22.734175658434054 ], [ -47.025364725995274, -22.734294207327835 ], [ -47.02521569954672, -22.734383757672955 ], [ -47.024962980408688, -22.734430836758261 ], [ -47.024748606722817, -22.734465422343128 ], [ -47.024454491966715, -22.734465086955211 ], [ -47.024213381035615, -22.734428328863977 ], [ -47.023962312214529, -22.734304035334475 ], [ -47.02375439925077, -22.734183167017321 ], [ -47.023586556181591, -22.734161459271132 ], [ -47.023368359887741, -22.734219925161177 ], [ -47.023232722093219, -22.734341172772115 ], [ -47.023074082260145, -22.734508483187341 ], [ -47.022977048070643, -22.734629332045252 ], [ -47.022923908636869, -22.734809299710058 ], [ -47.022831945874351, -22.73498569636417 ], [ -47.022731595329148, -22.735170324317178 ], [ -47.022635848722608, -22.735378727681869 ], [ -47.022544296973962, -22.735583105602394 ], [ -47.022417449059574, -22.735718144366267 ], [ -47.022299629189511, -22.735883041509208 ], [ -47.022143594296594, -22.736080290921169 ], [ -47.022008400519439, -22.736237372932596 ], [ -47.021856031562677, -22.736394672218168 ], [ -47.02168194169041, -22.736532384794391 ], [ -47.021477775755876, -22.736666415209701 ], [ -47.021360451015454, -22.736717734011897 ], [ -47.021103743677074, -22.736788781811629 ], [ -47.020880937997013, -22.736823469145108 ], [ -47.020619251392652, -22.736850703379563 ], [ -47.020348764214674, -22.736858096736189 ], [ -47.020116822115085, -22.736861029923801 ], [ -47.019870047046638, -22.736876067210343 ], [ -47.01962992719271, -22.736906999445104 ], [ -47.019419963203738, -22.736941612698949 ], [ -47.019141450967183, -22.736992891016527 ], [ -47.018944524714698, -22.737035283463999 ], [ -47.01871334174254, -22.7370899351878 ], [ -47.018461082526144, -22.737168867240321 ], [ -47.018221253256236, -22.737219655224226 ], [ -47.018035080760079, -22.737261910722992 ], [ -47.017893754823923, -22.737291502070491 ], [ -47.017752467817765, -22.737329217962458 ], [ -47.017572947433436, -22.737387187835733 ], [ -47.017559097672816, -22.737392555647844 ], [ -47.017922251215765, -22.738572904324627 ], [ -47.01839220621931, -22.740011576906049 ], [ -47.019493042756451, -22.74343065165348 ], [ -47.019662630489009, -22.744192386475358 ], [ -47.019807622435557, -22.74507206992039 ], [ -47.020289275805482, -22.750037380430467 ], [ -47.021386325411804, -22.762277995590093 ], [ -47.021473683388848, -22.763835286577145 ], [ -47.022083279725187, -22.769526709820124 ], [ -47.022399396415615, -22.774064610384137 ], [ -47.022531146480205, -22.77512555900471 ], [ -47.022712775634091, -22.775980302903434 ], [ -47.023098646983627, -22.777077301014636 ], [ -47.023608467138047, -22.777986473909223 ], [ -47.026512894348571, -22.782268954685659 ], [ -47.029562744409681, -22.786660820146441 ], [ -47.030053372878882, -22.787367304031086 ], [ -47.030686615634501, -22.788505147088948 ], [ -47.031179632166662, -22.789630147971678 ], [ -47.031698855494589, -22.791027363448308 ], [ -47.031945287246401, -22.792245058632105 ], [ -47.032425499407893, -22.797784739446598 ], [ -47.032681605276913, -22.800979313196812 ], [ -47.032954390352401, -22.804252123776802 ], [ -47.03306552930669, -22.805777401809053 ], [ -47.033210917768024, -22.806504092511261 ], [ -47.033687326578608, -22.808186216449798 ], [ -47.034439900210067, -22.810638225346995 ], [ -47.035318480832473, -22.81356312050098 ], [ -47.036225716075151, -22.816586495820232 ], [ -47.036712624465054, -22.81823461607927 ], [ -47.037420571229966, -22.821657118303378 ], [ -47.037437975209237, -22.822394646857873 ], [ -47.037336474830909, -22.823006133595509 ], [ -47.037114780927638, -22.823658699306915 ], [ -47.036813922434789, -22.824238068730004 ], [ -47.036376956802464, -22.824798684890425 ], [ -47.03547055924264, -22.825876363718422 ], [ -47.0341171089119, -22.827600090529771 ], [ -47.033829707405033, -22.828026984454258 ], [ -47.033633641183087, -22.82839493369303 ], [ -47.033416973935658, -22.828830673742949 ], [ -47.033198375710228, -22.829368994038774 ], [ -47.033055897488005, -22.829878446389493 ], [ -47.032897493544162, -22.830602783081208 ], [ -47.03281752222545, -22.831297048874465 ], [ -47.032797430511671, -22.831977550159642 ], [ -47.032828981140256, -22.832300703731057 ], [ -47.032875911786384, -22.832891244893318 ], [ -47.033050029096373, -22.833570078908618 ], [ -47.033133912128989, -22.83386873069383 ], [ -47.03333770316042, -22.834403643293385 ], [ -47.033516516819788, -22.834819888185717 ], [ -47.035959202013181, -22.83944276426687 ], [ -47.036235700496086, -22.840003734808011 ], [ -47.036704244655155, -22.841231476722225 ], [ -47.03702142289918, -22.841891140117106 ], [ -47.037606203095173, -22.842810175677212 ], [ -47.038535776791086, -22.844181327084712 ], [ -47.041025351185326, -22.844075304033332 ], [ -47.043535472037632, -22.844016825462653 ], [ -47.044360675514532, -22.8439587425582 ], [ -47.045110575928796, -22.843914803490545 ], [ -47.045804308420948, -22.843805499825176 ], [ -47.04642346771783, -22.843673228508926 ], [ -47.047233454198746, -22.843500493772826 ], [ -47.050679146086466, -22.842570969842694 ], [ -47.051146486289475, -22.842456164253342 ], [ -47.051708346055328, -22.842344652890461 ], [ -47.052297849403821, -22.84226058853465 ], [ -47.053124385390504, -22.842158659389419 ], [ -47.053996992874971, -22.842102353376731 ], [ -47.054858065706505, -22.842107128517689 ], [ -47.055576355643979, -22.842141819090649 ], [ -47.056283813262169, -22.842220069556141 ], [ -47.059956814584638, -22.842703495763907 ], [ -47.069860200596608, -22.843989561865229 ], [ -47.075449896500039, -22.844718875968368 ], [ -47.076667234140949, -22.844917944634187 ], [ -47.077675954065313, -22.845038027371317 ], [ -47.078438102649663, -22.845161414048075 ], [ -47.07913228145663, -22.845226102738266 ], [ -47.084328939057109, -22.845947232602001 ], [ -47.089026390926882, -22.846570113140544 ], [ -47.091996010255606, -22.847069327944308 ], [ -47.096865584907661, -22.848089538633811 ], [ -47.100467803455452, -22.848818400333979 ], [ -47.103549811819498, -22.849458178431373 ], [ -47.103725478486083, -22.849188046245388 ], [ -47.103940070475247, -22.849019884687333 ], [ -47.104282984305804, -22.848699388177021 ], [ -47.104728955724042, -22.848040885414175 ], [ -47.104821496954543, -22.847536205240328 ], [ -47.104912354391658, -22.84713151400253 ], [ -47.105013118058423, -22.846596404487187 ], [ -47.105084263368255, -22.846286636407189 ], [ -47.105488198537607, -22.84553701138201 ], [ -47.105792043146032, -22.845190494473524 ], [ -47.106241561318981, -22.844931865394503 ], [ -47.106731405183851, -22.844684967630371 ], [ -47.106938694556682, -22.844629773931537 ], [ -47.106952854759001, -22.844625975481119 ], [ -47.107513988368261, -22.844522764475549 ], [ -47.108126198145683, -22.844465547127257 ], [ -47.108727777823901, -22.844458751377598 ], [ -47.110091843139905, -22.844481747761783 ], [ -47.111418108002091, -22.844486276182945 ], [ -47.112562928775375, -22.844502861391849 ], [ -47.11276751691414, -22.844481007458185 ], [ -47.112960690392555, -22.844396293086721 ], [ -47.113809824279585, -22.843899430617618 ], [ -47.114544584004086, -22.84348199049435 ], [ -47.114946909230575, -22.843234528483123 ], [ -47.115401450610214, -22.842930130500648 ], [ -47.115672969266718, -22.842655066011645 ], [ -47.115984735450382, -22.84191301739272 ], [ -47.116357898120661, -22.841951297751997 ], [ -47.116416708432062, -22.842206173318349 ], [ -47.116537401797125, -22.842841726168956 ], [ -47.116890526313995, -22.843406752561499 ], [ -47.117149763748337, -22.843625289480869 ], [ -47.117586324266874, -22.843939234063821 ], [ -47.118115590412913, -22.844268824921208 ], [ -47.118491329751855, -22.843788619395863 ], [ -47.118825106266733, -22.843342914932347 ], [ -47.118971761621808, -22.843201127461121 ], [ -47.119047120872686, -22.843118786918108 ], [ -47.11910949610283, -22.843022807224511 ], [ -47.119195408445464, -22.842792095508425 ], [ -47.119343973219593, -22.842374493954967 ], [ -47.119467404533474, -22.841921297748392 ], [ -47.119563270834448, -22.841571020280313 ], [ -47.119601345645997, -22.841384367406206 ], [ -47.119619509372747, -22.841291684521874 ], [ -47.11962345631558, -22.841199100676686 ], [ -47.119638667618396, -22.841009231547886 ], [ -47.119651110643474, -22.840905069712122 ], [ -47.119696304094269, -22.840814915664758 ], [ -47.119748442117434, -22.840753015297459 ], [ -47.119851749233824, -22.84064962944224 ], [ -47.119960159550416, -22.84058526438692 ], [ -47.120111753184027, -22.840513553528705 ], [ -47.12032441627229, -22.840375760686729 ], [ -47.120413688664065, -22.840330878716209 ], [ -47.120463392687626, -22.840324439047549 ], [ -47.120523174175986, -22.840341065637073 ], [ -47.120818989522427, -22.840488966164294 ], [ -47.121087991678287, -22.840658618418548 ], [ -47.121371349917169, -22.840821579094843 ], [ -47.12168354956254, -22.840953642064683 ], [ -47.122024718300764, -22.841104456346013 ], [ -47.122552146073623, -22.8413260889814 ], [ -47.122773860841065, -22.841409253996872 ], [ -47.123004297887832, -22.841521280396254 ], [ -47.123160802835137, -22.841595203850066 ], [ -47.123363071167113, -22.841646850837623 ], [ -47.123698116533816, -22.841749717074453 ], [ -47.123912644274697, -22.841809685546156 ], [ -47.12403735865049, -22.841848644777212 ], [ -47.124134580206317, -22.841875964325062 ], [ -47.12421712639695, -22.841930742478912 ], [ -47.12429298026494, -22.841999421857913 ], [ -47.124369034586351, -22.842101680530995 ], [ -47.124467179858691, -22.842234969462659 ], [ -47.124702836477354, -22.842491452552071 ], [ -47.12478420521176, -22.8425479612978 ], [ -47.125059464754308, -22.84263898415508 ], [ -47.125150334910799, -22.842671082087033 ], [ -47.125250193542229, -22.842718135735595 ], [ -47.125380651326438, -22.842790599137839 ], [ -47.125569770396012, -22.842885028137555 ], [ -47.125638403402505, -22.842902527498001 ], [ -47.125720990995099, -22.842923722248216 ], [ -47.125952659035264, -22.843006117682297 ], [ -47.12603423524844, -22.843024256450459 ], [ -47.126145703100036, -22.843027461745635 ], [ -47.126203396913226, -22.843018205286093 ], [ -47.12625984000892, -22.843000840841935 ], [ -47.126468550500164, -22.842908681194103 ], [ -47.126595450643279, -22.842871146920114 ], [ -47.126778901746036, -22.842823197594601 ], [ -47.126858604906964, -22.842824208885983 ], [ -47.126936096911621, -22.842832832710222 ], [ -47.127232397954174, -22.842861461916343 ], [ -47.127480671138443, -22.842901023776616 ], [ -47.127659284625139, -22.842939710955381 ], [ -47.127812996570171, -22.842983605626713 ], [ -47.128028656460813, -22.84303867836465 ], [ -47.128136236411144, -22.843050149179842 ], [ -47.128219541115968, -22.843050299158076 ], [ -47.128409847861946, -22.843004152057762 ], [ -47.128603759907968, -22.842962560497742 ], [ -47.128759564702953, -22.842934477838931 ], [ -47.128940944327454, -22.842939273795622 ], [ -47.129131730443895, -22.842944575633663 ], [ -47.12938931450595, -22.842916575232543 ], [ -47.129735781719177, -22.842834304024738 ], [ -47.129874923246192, -22.842804005860909 ], [ -47.130000020284605, -22.842800345803532 ], [ -47.13005181279334, -22.842788729543422 ], [ -47.130096814158982, -22.842769169767614 ], [ -47.130151812639198, -22.842741622350907 ], [ -47.13019370475196, -22.842708111694574 ], [ -47.130225499889939, -22.842676180546196 ], [ -47.13025268936893, -22.842632214320659 ], [ -47.13030845047264, -22.842545346647228 ], [ -47.130347912192498, -22.842458967936025 ], [ -47.130452796241407, -22.842333527670569 ], [ -47.130543050999854, -22.842238434670687 ], [ -47.130685835445284, -22.842106889970129 ], [ -47.130775207715963, -22.842017044558311 ], [ -47.130841708195625, -22.841959552547163 ], [ -47.130962846658079, -22.841897808349387 ], [ -47.13111197980264, -22.841854105138381 ], [ -47.131281399054053, -22.841828636324404 ], [ -47.13144918066395, -22.841816640079319 ], [ -47.131591206630169, -22.841770503934562 ], [ -47.131691522620187, -22.841702538336854 ], [ -47.131790327182841, -22.841609767595518 ], [ -47.131916300839528, -22.841461475543696 ], [ -47.13203213398009, -22.841301673897512 ], [ -47.132082165148759, -22.841254422416053 ], [ -47.132145468897221, -22.841208347243658 ], [ -47.132317891106212, -22.841097347772067 ], [ -47.132692397412228, -22.841005486946887 ], [ -47.132803914395069, -22.840986208808118 ], [ -47.13297758671294, -22.841001755897786 ], [ -47.13318404605527, -22.841018127238947 ], [ -47.133268111525958, -22.841020792119739 ], [ -47.133359634898127, -22.841007197979582 ], [ -47.133502020202982, -22.840932709407944 ], [ -47.133571685125084, -22.840851612461258 ], [ -47.133628697396865, -22.840762740987632 ], [ -47.133695315868636, -22.840692337144837 ], [ -47.13377508278829, -22.840630603860873 ], [ -47.1338583564552, -22.840587690765304 ], [ -47.133949012895009, -22.840580336823592 ], [ -47.134039560731651, -22.840591761245314 ], [ -47.134131403286894, -22.840634673824329 ], [ -47.134208452922714, -22.840707665324853 ], [ -47.134309860980906, -22.840807592871595 ], [ -47.134441861024328, -22.840875785113333 ], [ -47.134549502803701, -22.840896458761065 ], [ -47.134641872699127, -22.840880505424263 ], [ -47.134826887130764, -22.840804451019753 ], [ -47.134935479817848, -22.840736823876025 ], [ -47.1350361876585, -22.840622089227399 ], [ -47.135109513270876, -22.840492555815512 ], [ -47.135188504039881, -22.840298851991825 ], [ -47.135235792865686, -22.840137801134457 ], [ -47.135303033538179, -22.839844953711022 ], [ -47.135355648274569, -22.839752349194704 ], [ -47.135446287879098, -22.839605070288979 ], [ -47.135504870619627, -22.83947284575212 ], [ -47.135578135514699, -22.839236609370982 ], [ -47.135676439998143, -22.838962934505048 ], [ -47.135751433168558, -22.838724237487693 ], [ -47.135851788437947, -22.838448187910227 ], [ -47.135899054695592, -22.838260055079477 ], [ -47.135921200766383, -22.83808363378359 ], [ -47.135943545226745, -22.837873627974254 ], [ -47.135948946278184, -22.837751415071899 ], [ -47.135933205008577, -22.83767444218762 ], [ -47.135929522543229, -22.837541518303052 ], [ -47.135925079352624, -22.837421604048807 ], [ -47.135928681609293, -22.83735908625281 ], [ -47.135902695856494, -22.837258779622086 ], [ -47.1358579165097, -22.837194654100429 ], [ -47.135823644843612, -22.837088410272749 ], [ -47.135773466273079, -22.836693955035003 ], [ -47.135697940686619, -22.836121729547635 ], [ -47.135684992236911, -22.836022963149361 ], [ -47.135699095235793, -22.835928166999643 ], [ -47.135689905633321, -22.835776901085914 ], [ -47.135747518863433, -22.83563927309903 ], [ -47.135809968802739, -22.835497608162022 ], [ -47.135986502133292, -22.835161858610192 ], [ -47.13582420292542, -22.834444102269433 ], [ -47.135414344156501, -22.832630220823564 ], [ -47.13435408616013, -22.827945859771372 ], [ -47.134190104150242, -22.82721674816441 ], [ -47.134181133171552, -22.827177147844434 ], [ -47.134346145300569, -22.82713295897333 ], [ -47.134443665673729, -22.827077036191508 ], [ -47.134504342378413, -22.826991726509885 ], [ -47.134645583162524, -22.826916891997186 ], [ -47.135117014666172, -22.826692380045095 ], [ -47.13549926680863, -22.826517900839224 ], [ -47.135993345080152, -22.826488886855959 ], [ -47.137037344530718, -22.82653509346461 ], [ -47.137553594503103, -22.826526901199752 ], [ -47.137878938747775, -22.826463133823619 ], [ -47.138179526127885, -22.826362234562595 ], [ -47.138527143896162, -22.826187039812524 ], [ -47.138772175754646, -22.826005639091434 ], [ -47.139101989277151, -22.825801433582924 ], [ -47.139410232120142, -22.825743399620098 ], [ -47.139655065346844, -22.825801135490867 ], [ -47.139985019534599, -22.825657409774699 ], [ -47.139886038212531, -22.825434770616226 ], [ -47.139848716888665, -22.825267001813351 ], [ -47.139830147888055, -22.825081106835764 ], [ -47.139843925631247, -22.8249092210432 ], [ -47.139919554867483, -22.824706894411108 ], [ -47.139943698816403, -22.824648343433889 ], [ -47.140034154625916, -22.824515869972412 ], [ -47.140117717009709, -22.824384301562468 ], [ -47.140236630523376, -22.824258577229461 ], [ -47.140402213855268, -22.824153710774358 ], [ -47.140602199246644, -22.824029965949183 ], [ -47.140752800517845, -22.823958340706564 ], [ -47.140873288898703, -22.823897411313983 ], [ -47.141140525550121, -22.823703431649424 ], [ -47.141264585184622, -22.823614108029627 ], [ -47.141477265890096, -22.823439457696949 ], [ -47.141585987532601, -22.823350340079124 ], [ -47.141677130157596, -22.823297839074169 ], [ -47.141729182426872, -22.823267439087864 ], [ -47.141900334477548, -22.823215757798799 ], [ -47.142071325129827, -22.823148641705227 ], [ -47.142224337400386, -22.823066962367577 ], [ -47.142310821384605, -22.822901591324179 ], [ -47.142379365379085, -22.8227292396606 ], [ -47.142418262339753, -22.822674281435503 ], [ -47.142502653982397, -22.822606163192184 ], [ -47.142704226765041, -22.822507129592466 ], [ -47.14301610949623, -22.822374383907825 ], [ -47.143224923852458, -22.822271099669571 ], [ -47.143612543550852, -22.822071614548939 ], [ -47.143779572567617, -22.821941448810637 ], [ -47.143912819498915, -22.821797925766599 ], [ -47.144064818721837, -22.821610728596806 ], [ -47.144148653717316, -22.82146615531278 ], [ -47.144226683797221, -22.821335562273742 ], [ -47.144279590923361, -22.821200884008206 ], [ -47.144314652098075, -22.821024197931433 ], [ -47.144330189096344, -22.820847052501946 ], [ -47.144385857100964, -22.820760452875721 ], [ -47.144456492362551, -22.820660291236823 ], [ -47.144569817101136, -22.820557659074918 ], [ -47.144683587072812, -22.820411689521457 ], [ -47.144740712059409, -22.820289953746915 ], [ -47.144826180484174, -22.820203584653992 ], [ -47.144939903871304, -22.820111057538451 ], [ -47.145063390967621, -22.820082944479115 ], [ -47.145148102893899, -22.820091824045864 ], [ -47.145217393700072, -22.820131423720593 ], [ -47.145265245887451, -22.820212386572106 ], [ -47.145332213439282, -22.820247232980453 ], [ -47.14545787547609, -22.820281017984964 ], [ -47.145572956070126, -22.820331465478397 ], [ -47.145672457279844, -22.820382032472544 ], [ -47.145765712518475, -22.820459404510693 ], [ -47.14601275094607, -22.820576320782951 ], [ -47.146161183443112, -22.820633179262781 ], [ -47.146285692391388, -22.820649736869239 ], [ -47.146468101061487, -22.820660639380282 ], [ -47.146614031130412, -22.820726919586253 ], [ -47.146682658098989, -22.820790720819257 ], [ -47.146734652593608, -22.820864315173342 ], [ -47.146851601804727, -22.821059444912972 ], [ -47.146902207257341, -22.821167361848268 ], [ -47.146941264750289, -22.821307120411408 ], [ -47.147009323152595, -22.821554816230808 ], [ -47.147067407330887, -22.821688901862426 ], [ -47.14725477115249, -22.821795426467304 ], [ -47.14750725106861, -22.821895475946388 ], [ -47.147627349543455, -22.821953346852759 ], [ -47.147710826895882, -22.822026787134718 ], [ -47.147916332248116, -22.82221449291762 ], [ -47.148067853845085, -22.822304257591579 ], [ -47.148151253290138, -22.822367588037416 ], [ -47.14823528223716, -22.822476136931034 ], [ -47.148304235019097, -22.822509420537244 ], [ -47.148434390459201, -22.822522289236581 ], [ -47.14849268616657, -22.822511121440353 ], [ -47.148654657277397, -22.82241207312466 ], [ -47.149077785976203, -22.82223926842217 ], [ -47.149345442873795, -22.822098621765907 ], [ -47.149634130689307, -22.821957239489858 ], [ -47.149828026591756, -22.821882982532188 ], [ -47.150050261530794, -22.821906666654023 ], [ -47.150420786033102, -22.822091187607178 ], [ -47.15087748565891, -22.822098342183779 ], [ -47.151116510778166, -22.822098454317164 ], [ -47.151410167922954, -22.822058739827163 ], [ -47.151597933975104, -22.821976040811691 ], [ -47.151700087790992, -22.821934579495064 ], [ -47.151780592131686, -22.821910743064571 ], [ -47.15189170324841, -22.821923053770099 ], [ -47.15200448398749, -22.821949605015977 ], [ -47.15228293806657, -22.822077009622181 ], [ -47.15242285892446, -22.822103103541963 ], [ -47.152616858137677, -22.822115467129546 ], [ -47.153114092666051, -22.822104774227704 ], [ -47.153249290757884, -22.822091030486661 ], [ -47.153332953722952, -22.82210461396636 ], [ -47.153384992845226, -22.822165476750971 ], [ -47.153504702351881, -22.822259728406134 ], [ -47.153648558750234, -22.822423615190466 ], [ -47.153706949822784, -22.822469587157581 ], [ -47.153782822415629, -22.82249338632149 ], [ -47.153851193557841, -22.82246411597804 ], [ -47.153907496384107, -22.822418217996169 ], [ -47.154012470481511, -22.822259993847016 ], [ -47.154203798100546, -22.822071985140855 ], [ -47.154412503101803, -22.822028719905486 ], [ -47.154539793952019, -22.821997388493241 ], [ -47.154721424148164, -22.821968932809515 ], [ -47.154975533636765, -22.821906907708456 ], [ -47.155236007155466, -22.821800201169676 ], [ -47.15531335195665, -22.82175428882703 ], [ -47.155381687527615, -22.821707505359747 ], [ -47.155607889385024, -22.821541140113013 ], [ -47.15591717818964, -22.821326346872386 ], [ -47.156114980827709, -22.821208029569505 ], [ -47.156241430329054, -22.82115395943093 ], [ -47.156356758490141, -22.821077110390711 ], [ -47.156492734742081, -22.820914041735872 ], [ -47.156572764407919, -22.820834691439259 ], [ -47.156669438029809, -22.820771816274757 ], [ -47.156796733060325, -22.820771446770134 ], [ -47.156999892485729, -22.820809679716504 ], [ -47.157272765875057, -22.820812213100108 ], [ -47.157483319112018, -22.820789591508881 ], [ -47.157545396913498, -22.820814659024379 ], [ -47.157601672043313, -22.820848651874627 ], [ -47.157751413572477, -22.820998462713728 ], [ -47.15784427433907, -22.821096234254618 ], [ -47.157992349874945, -22.821201472520382 ], [ -47.158152653577936, -22.821155157084089 ], [ -47.158320127241026, -22.821044018581748 ], [ -47.158486484747932, -22.820923235831611 ], [ -47.158509734227984, -22.820788143158044 ], [ -47.158463145207328, -22.820594236141858 ], [ -47.158405562622598, -22.820436587278184 ], [ -47.158341608358462, -22.820287420111072 ], [ -47.158318170397713, -22.820150793510667 ], [ -47.158264807437767, -22.820011141997618 ], [ -47.158207205458638, -22.819852229462455 ], [ -47.158169305335647, -22.819705056275616 ], [ -47.158175444227737, -22.819559543232515 ], [ -47.158206102877479, -22.819400247292233 ], [ -47.158255041133174, -22.819249099070138 ], [ -47.158355312379165, -22.819134357521456 ], [ -47.158493138610602, -22.819017572394394 ], [ -47.158615085136276, -22.818881864468356 ], [ -47.158699741082295, -22.818764987239213 ], [ -47.15875481633325, -22.8185956108575 ], [ -47.158798956319401, -22.818466193063095 ], [ -47.158858521615763, -22.81832690699644 ], [ -47.158933470297356, -22.818180190583355 ], [ -47.159076419044901, -22.818057287314105 ], [ -47.159143526459268, -22.817902281708605 ], [ -47.159256432853795, -22.817774008021676 ], [ -47.159379084266419, -22.817678010179435 ], [ -47.159534964722212, -22.81755014678631 ], [ -47.159676531566653, -22.817426268775538 ], [ -47.159800259225129, -22.817317076195124 ], [ -47.159914660573968, -22.8171970869492 ], [ -47.160010540196154, -22.817053606974955 ], [ -47.160092267545245, -22.816842884930676 ], [ -47.160171095789956, -22.816708031475496 ], [ -47.160223525041346, -22.816533996399539 ], [ -47.160275950784694, -22.816364836100238 ], [ -47.160288555090439, -22.816211833016379 ], [ -47.160284433957045, -22.816067722941195 ], [ -47.160285639736742, -22.815869286562414 ], [ -47.160313841340887, -22.81571733579062 ], [ -47.160367397670385, -22.81553841065935 ], [ -47.160393451726392, -22.815341984416225 ], [ -47.160418311608247, -22.815156407122199 ], [ -47.160437288660297, -22.814995012489589 ], [ -47.160440105740754, -22.814812171478756 ], [ -47.160428040186801, -22.814597214550414 ], [ -47.160393040588808, -22.814394665188775 ], [ -47.160359970927082, -22.814232983308557 ], [ -47.160336954643235, -22.814051846669685 ], [ -47.160328685139632, -22.813899307149207 ], [ -47.160344978911588, -22.813730727053599 ], [ -47.160494018882382, -22.813592123001939 ], [ -47.16059923383191, -22.813465307002069 ], [ -47.160628331081931, -22.813298900362852 ], [ -47.160545335755195, -22.813164435808368 ], [ -47.160515565956231, -22.812972648272126 ], [ -47.160487218222883, -22.812784452358137 ], [ -47.160435714397515, -22.812609840554753 ], [ -47.160393022395681, -22.812479613838466 ], [ -47.160380842111962, -22.812257346275899 ], [ -47.160396881239265, -22.812082811595026 ], [ -47.160512180579126, -22.811943672106509 ], [ -47.160665750736058, -22.811832720387745 ], [ -47.160788818199073, -22.811758381677002 ], [ -47.160932968299974, -22.811696846534506 ], [ -47.161113736105399, -22.811650341563865 ], [ -47.161281344168437, -22.811660525792718 ], [ -47.161445113316717, -22.81167681021034 ], [ -47.161589686625078, -22.811637024542271 ], [ -47.161736330048143, -22.81157067040866 ], [ -47.161922620066925, -22.811411067873628 ], [ -47.161964455059938, -22.811227516934302 ], [ -47.161967641938439, -22.811058031337957 ], [ -47.161968100798035, -22.810883617741034 ], [ -47.161974201768835, -22.810664713285437 ], [ -47.161947806241756, -22.810513773931074 ], [ -47.161856754338089, -22.810301333183538 ], [ -47.161787911348114, -22.810167941004718 ], [ -47.161735797392389, -22.810025926441448 ], [ -47.161726989380647, -22.809844416687977 ], [ -47.161705377418066, -22.80966578882169 ], [ -47.161673188458373, -22.809417433136854 ], [ -47.161682589793593, -22.809234593057795 ], [ -47.161703710869006, -22.809051413440319 ], [ -47.161738489274349, -22.808904157741555 ], [ -47.161819468653604, -22.808738040108612 ], [ -47.161850140221432, -22.80857991707661 ], [ -47.161871622904357, -22.808419661879579 ], [ -47.161903733843459, -22.808205188963438 ], [ -47.161905998771964, -22.808053589874341 ], [ -47.161943099029102, -22.807910996840739 ], [ -47.162012173952704, -22.807850569782826 ], [ -47.162196716182777, -22.807712836980762 ], [ -47.162258561439103, -22.80764212652997 ], [ -47.162384927630484, -22.807466726617488 ], [ -47.162401977592772, -22.807280081545958 ], [ -47.162445636848545, -22.807120608651811 ], [ -47.162507167085849, -22.806953671400702 ], [ -47.162551953553674, -22.806789308448799 ], [ -47.162565590159055, -22.806625548750777 ], [ -47.162582104319, -22.806476193678851 ], [ -47.162608362649259, -22.806292944276375 ], [ -47.162605927984508, -22.806103133226507 ], [ -47.162609667889015, -22.805963610709323 ], [ -47.162796683878113, -22.80596748212032 ], [ -47.162934343849464, -22.806039547379161 ], [ -47.1631002189783, -22.806092994395744 ], [ -47.163173795803047, -22.805941420385246 ], [ -47.163279422393899, -22.805836082416072 ], [ -47.16345120436938, -22.805795745566357 ], [ -47.163582185668616, -22.805729693036568 ], [ -47.163661540354909, -22.805603316824527 ], [ -47.163761834855627, -22.805490919400942 ], [ -47.163922945735457, -22.8054410677566 ], [ -47.163397717027152, -22.805500647191092 ], [ -47.162288848504197, -22.805419736044275 ], [ -47.161484186181447, -22.80543065168867 ], [ -47.16117246065869, -22.80532537809421 ], [ -47.160803369432266, -22.805330382900394 ], [ -47.160097243289378, -22.805504252492561 ], [ -47.159833643064097, -22.805644769494656 ], [ -47.159270911870443, -22.806473880484479 ], [ -47.15876869564287, -22.806939272057402 ], [ -47.158168775493714, -22.80728962337405 ], [ -47.157584840646727, -22.807721995045412 ], [ -47.156050387585346, -22.808742178486678 ], [ -47.155142518520499, -22.809233630226878 ], [ -47.154338302805861, -22.809744258116087 ], [ -47.152998855093756, -22.81002243944949 ], [ -47.152498289472604, -22.810124982247906 ], [ -47.150289668879509, -22.810538193907167 ], [ -47.148749975457719, -22.810764336907479 ], [ -47.147492921962268, -22.810644338861398 ], [ -47.145999620655012, -22.810541234305088 ], [ -47.14457556340485, -22.810608342565725 ], [ -47.144176763174777, -22.81054817086293 ], [ -47.143689684384604, -22.810620263279489 ], [ -47.142744708639846, -22.810632973791705 ], [ -47.14261083255127, -22.810566346532525 ], [ -47.142456239935541, -22.810130326550105 ], [ -47.142256630229575, -22.809640115361479 ], [ -47.142176417488123, -22.809230447914846 ], [ -47.141057754360112, -22.808756017823736 ], [ -47.139744812756668, -22.808609445112474 ], [ -47.139026196003492, -22.808454704141969 ], [ -47.138277287549307, -22.808252611357929 ], [ -47.136918632193385, -22.808253774897793 ], [ -47.135648030592634, -22.808216012192659 ], [ -47.134850724670017, -22.808226695671085 ], [ -47.133639565001651, -22.80821556386492 ], [ -47.131450171440157, -22.808200358187737 ], [ -47.129929902458422, -22.808261760261509 ], [ -47.129999322395591, -22.808609832893524 ], [ -47.130599830692795, -22.811208474812393 ], [ -47.130798885409078, -22.811913202073196 ], [ -47.130658433235759, -22.812074053273975 ], [ -47.130574819790148, -22.812207693976873 ], [ -47.130491838445025, -22.8122322748839 ], [ -47.130446831619324, -22.812245695628018 ], [ -47.130349160502192, -22.812157178675172 ], [ -47.130313394982856, -22.812108999041705 ], [ -47.130241864022118, -22.812012639744115 ], [ -47.130131561279761, -22.811901993770125 ], [ -47.129903300843573, -22.811771980916998 ], [ -47.129668463081678, -22.811652798261747 ], [ -47.129583430505576, -22.811483496892741 ], [ -47.129489047174872, -22.811218990757794 ], [ -47.129298328956402, -22.811101564953098 ], [ -47.129069684257196, -22.811117168392563 ], [ -47.128836061885657, -22.811008891339565 ], [ -47.128664422815746, -22.81092533351687 ], [ -47.128474346058276, -22.810859444740064 ], [ -47.128364800020364, -22.810823173347288 ], [ -47.12826098440074, -22.810788721097403 ], [ -47.128069001260911, -22.810775848333218 ], [ -47.127864844672871, -22.810697959796581 ], [ -47.127675576607423, -22.810560020253636 ], [ -47.127527470294403, -22.810460980788008 ], [ -47.127324036095388, -22.810434718823458 ], [ -47.127100164144125, -22.810493858201784 ], [ -47.126997250186456, -22.810631185280126 ], [ -47.126865409996704, -22.810808980256844 ], [ -47.126699891951652, -22.810990203701323 ], [ -47.126590123715594, -22.811167162243688 ], [ -47.126489645009435, -22.811332080522504 ], [ -47.126372219618332, -22.811496954084532 ], [ -47.126271588819797, -22.81167279748836 ], [ -47.126082978159246, -22.811815149440939 ], [ -47.125875216672355, -22.811831011373258 ], [ -47.125631820400876, -22.811770795686748 ], [ -47.125454866395501, -22.811743185148959 ], [ -47.125441341777275, -22.81174110869884 ], [ -47.125203993260421, -22.811729018236427 ], [ -47.125039663553565, -22.811800721334581 ], [ -47.124894215675205, -22.811919566574989 ], [ -47.124863686167792, -22.812094835416218 ], [ -47.124847186384187, -22.812294381541712 ], [ -47.1247414005867, -22.812464244476995 ], [ -47.12458985476971, -22.812661167978646 ], [ -47.124420180333985, -22.812854361000621 ], [ -47.124301630310903, -22.813014283141086 ], [ -47.124193319631132, -22.813176776929623 ], [ -47.124100641757927, -22.813332291656799 ], [ -47.123921111565295, -22.813485624009878 ], [ -47.123729454583817, -22.813670081990917 ], [ -47.123610910592305, -22.813825309340757 ], [ -47.123494891928203, -22.813982850096089 ], [ -47.123351856696843, -22.81411249491407 ], [ -47.123216430125666, -22.81420971993473 ], [ -47.123175070822903, -22.814246110102623 ], [ -47.123063001634769, -22.814332100515234 ], [ -47.122900022992191, -22.814429060518098 ], [ -47.12278449466686, -22.814478445374618 ], [ -47.122714947483367, -22.814494267309819 ], [ -47.122686262987976, -22.814415749520496 ], [ -47.12265543903942, -22.81433392006867 ], [ -47.122579255362929, -22.814191037394615 ], [ -47.122451251638957, -22.814041803596101 ], [ -47.122345332573545, -22.81389245603587 ], [ -47.122239387728428, -22.813736247863034 ], [ -47.1221172851752, -22.813490973240242 ], [ -47.12203339641205, -22.813327610244968 ], [ -47.121905553579481, -22.813188665068143 ], [ -47.121755711494146, -22.813060484588995 ], [ -47.121643255614224, -22.812966020194413 ], [ -47.121477813935329, -22.812789930768378 ], [ -47.121341046906267, -22.81255180178966 ], [ -47.121197237896816, -22.81234120989977 ], [ -47.121135274166932, -22.812156971788816 ], [ -47.121029330752378, -22.812000672317101 ], [ -47.120907763302625, -22.811789693736166 ], [ -47.120820342911529, -22.811636668237242 ], [ -47.120721895087641, -22.811487219885286 ], [ -47.120630619408608, -22.811323773702004 ], [ -47.120478260187504, -22.811038005691941 ], [ -47.120319015429999, -22.81077950179559 ], [ -47.120182915725437, -22.810589388780421 ], [ -47.12005385906491, -22.810371738401905 ], [ -47.11988746849876, -22.810134001941382 ], [ -47.119789233818246, -22.809998181504895 ], [ -47.119641225191955, -22.809993289540429 ], [ -47.119487182270696, -22.810070717986477 ], [ -47.119421359780581, -22.810119529384089 ], [ -47.119259002789313, -22.810142361714252 ], [ -47.119061934917234, -22.810309463174452 ], [ -47.118893541565257, -22.810414525454167 ], [ -47.118689194628807, -22.810588764726742 ], [ -47.118271648220457, -22.810847897952872 ], [ -47.118154883334945, -22.810952273162492 ], [ -47.117941980514708, -22.811051155585861 ], [ -47.1177734792576, -22.811149357331214 ], [ -47.117623707976875, -22.811274663254004 ], [ -47.117404370207893, -22.81143528822507 ], [ -47.117118785035395, -22.811617375832316 ], [ -47.116942708914586, -22.811708816533205 ], [ -47.116796287398671, -22.811806723975781 ], [ -47.116657861912891, -22.811938739235703 ], [ -47.116467330055912, -22.812051044425868 ], [ -47.116320907816807, -22.81214895148063 ], [ -47.116196939364222, -22.812260281968609 ], [ -47.116021391734307, -22.81238601915873 ], [ -47.11586122851611, -22.812545856321922 ], [ -47.115685786183874, -22.812678452671157 ], [ -47.11531138679252, -22.812861626348337 ], [ -47.115014051752539, -22.813006131597227 ], [ -47.114852721237533, -22.813090513534235 ], [ -47.114412893036523, -22.813343162625994 ], [ -47.114244730993235, -22.813468890289087 ], [ -47.114039417467325, -22.813581208408728 ], [ -47.113819012659476, -22.81367323409486 ], [ -47.113643674080059, -22.813812778181354 ], [ -47.113350372279108, -22.813974289001344 ], [ -47.113152869384301, -22.814114036319651 ], [ -47.112947977328936, -22.814253791136696 ], [ -47.11272084524046, -22.814394021184725 ], [ -47.112485900580239, -22.814506820656064 ], [ -47.112288394595133, -22.814646476761045 ], [ -47.112053848229934, -22.814779943333079 ], [ -47.111742232521458, -22.814951985548674 ], [ -47.111610472617414, -22.815042833388681 ], [ -47.11142710644566, -22.81514122597498 ], [ -47.11129513597951, -22.81521844483845 ], [ -47.111082959995365, -22.815365245161292 ], [ -47.110856218796677, -22.815525869740537 ], [ -47.110688156396265, -22.81565845356478 ], [ -47.110511964652467, -22.815743028322821 ], [ -47.110248602018402, -22.81592471996295 ], [ -47.109999324435144, -22.816071920133755 ], [ -47.109790576532561, -22.816201611494638 ], [ -47.109467845825534, -22.816377227255028 ], [ -47.109210918295766, -22.816497174227163 ], [ -47.108954014814465, -22.816617200264464 ], [ -47.109493507631278, -22.81570226173438 ], [ -47.109533060356426, -22.815563978222706 ], [ -47.10967043967171, -22.815363373350717 ], [ -47.10985982084771, -22.815175711259002 ], [ -47.110130096410174, -22.81495276331291 ], [ -47.110451050964322, -22.814667395496247 ], [ -47.110741928750954, -22.814348301605516 ], [ -47.111009161186317, -22.813933377631383 ], [ -47.111731571648775, -22.81282344196558 ], [ -47.111978037418993, -22.812504844519715 ], [ -47.11214201250138, -22.812149244223015 ], [ -47.112380956729837, -22.811296317893522 ], [ -47.11255990007691, -22.809953632359431 ], [ -47.112484746782165, -22.809392486111321 ], [ -47.112436114629951, -22.809118875270485 ], [ -47.112423149858664, -22.808762551018695 ], [ -47.112409419163896, -22.808351349675053 ], [ -47.112676570850084, -22.807453182458385 ], [ -47.112893240681679, -22.807114396444938 ], [ -47.112949245050373, -22.806908007370918 ], [ -47.112930982062217, -22.806682020272905 ], [ -47.112928918714751, -22.806548260022577 ], [ -47.112788921490413, -22.806104518483394 ], [ -47.112555445971978, -22.805353546001125 ], [ -47.112092529503215, -22.804581510311703 ], [ -47.111818644552095, -22.804157325974909 ], [ -47.111524599588599, -22.803581745921317 ], [ -47.111169643975288, -22.803232840373539 ], [ -47.110935448351697, -22.802913660046908 ], [ -47.110871603838966, -22.80260612566504 ], [ -47.110828041509187, -22.802181596834174 ], [ -47.1109420785358, -22.801425927815462 ], [ -47.111385831584251, -22.800950438898081 ], [ -47.111796847283287, -22.800753068981276 ], [ -47.111855069079688, -22.800690549406372 ], [ -47.111865830626435, -22.800398818117614 ], [ -47.111680677691218, -22.799931930593274 ], [ -47.111268390740079, -22.799567173421803 ], [ -47.111005765319206, -22.799320408842448 ], [ -47.110219003917244, -22.798652136984845 ], [ -47.109881805135458, -22.798354900582151 ], [ -47.10934801830259, -22.797786098782048 ], [ -47.10919216223413, -22.797750516213839 ], [ -47.108747913082844, -22.797708367032499 ], [ -47.107247807129482, -22.797529327165929 ], [ -47.105037240278207, -22.797558532815756 ], [ -47.104342042373318, -22.79730726656404 ], [ -47.103332513542028, -22.796714389431237 ], [ -47.103073331145886, -22.796538972984127 ], [ -47.102655397243915, -22.796290811550325 ], [ -47.1024262025174, -22.795813929386913 ], [ -47.102352259256861, -22.79532813859332 ], [ -47.102347654998823, -22.794787177735937 ], [ -47.102220263663469, -22.794675200594742 ], [ -47.102079132545043, -22.794635986078571 ], [ -47.101819633053019, -22.794591380748177 ], [ -47.101240728638032, -22.794455021970407 ], [ -47.100323258134409, -22.794412223681938 ], [ -47.099301904473478, -22.794350295392455 ], [ -47.098715151955318, -22.794419678678029 ], [ -47.098385989484051, -22.794650332672905 ], [ -47.098276477523584, -22.794740876182164 ], [ -47.097774481970234, -22.794802369920735 ], [ -47.095857052168817, -22.794889246464958 ], [ -47.094944370153165, -22.79468187162556 ], [ -47.094761108217817, -22.794350168529853 ], [ -47.09494381800949, -22.794167667405109 ], [ -47.095316838009303, -22.7938954586017 ], [ -47.095706065543212, -22.793722249145706 ], [ -47.096554286170132, -22.792891934429285 ], [ -47.09696823215134, -22.792739070267306 ], [ -47.097366681388628, -22.792565374671987 ], [ -47.097568404433517, -22.792387315091737 ], [ -47.097829721132584, -22.79215222938647 ], [ -47.098033522245217, -22.791968364291346 ], [ -47.098121775570512, -22.791805880161448 ], [ -47.09829124621038, -22.791509170422312 ], [ -47.098401683443512, -22.791311367226783 ], [ -47.098607731321266, -22.790943941284464 ], [ -47.098676343698962, -22.790851859691688 ], [ -47.098766501364366, -22.790808604505845 ], [ -47.098878896867134, -22.790744022299226 ], [ -47.098982859799847, -22.790616448265201 ], [ -47.099117115799402, -22.790495426615028 ], [ -47.099279788028319, -22.790247915522535 ], [ -47.099411143450922, -22.789937533316351 ], [ -47.099534738796251, -22.789613350737852 ], [ -47.099597370024121, -22.789261895057351 ], [ -47.09970807194501, -22.789081601145742 ], [ -47.100281464260277, -22.788246492271643 ], [ -47.100839128436292, -22.787622111868068 ], [ -47.101212126388461, -22.787287510654586 ], [ -47.101674471446849, -22.786857122260997 ], [ -47.101987123871716, -22.786530536784827 ], [ -47.102013331592651, -22.786270648757878 ], [ -47.101764026258046, -22.78578996661096 ], [ -47.101443464113459, -22.78541178307534 ], [ -47.10130557893514, -22.785258867325346 ], [ -47.101121118038122, -22.785048066389088 ], [ -47.100912017431313, -22.784811770924648 ], [ -47.100639798414562, -22.78452791870356 ], [ -47.10055227267916, -22.784396727254094 ], [ -47.100445942502901, -22.784322205755927 ], [ -47.100266286120657, -22.784168033559332 ], [ -47.100081759110367, -22.783957954281128 ], [ -47.099920394593468, -22.783760750046156 ], [ -47.099641070253419, -22.783615653019758 ], [ -47.09938717535065, -22.783489900864492 ], [ -47.099156261102081, -22.783286479428085 ], [ -47.098955723232457, -22.783147566181153 ], [ -47.098738991996107, -22.782989366157548 ], [ -47.098563808132013, -22.782807147422098 ], [ -47.098347165725698, -22.782670431285865 ], [ -47.098046985121961, -22.782557924357519 ], [ -47.097819549409117, -22.782513430829781 ], [ -47.097523276455036, -22.782446370523108 ], [ -47.097288936658096, -22.782344190424933 ], [ -47.097097715728509, -22.782205242385132 ], [ -47.096911030640292, -22.782042582163015 ], [ -47.096732042482849, -22.781595541566535 ], [ -47.096631137491229, -22.781387156960733 ], [ -47.096407038202969, -22.781177322120428 ], [ -47.09618584441499, -22.781057724705875 ], [ -47.095982864045858, -22.780895187085321 ], [ -47.09583324518124, -22.780693580739772 ], [ -47.095709024300142, -22.780483064308417 ], [ -47.095646328966701, -22.780294850085678 ], [ -47.095596050879806, -22.780152062071334 ], [ -47.095495217093642, -22.779837781844364 ], [ -47.095429798371747, -22.779555355102598 ], [ -47.095311295677043, -22.779224966832 ], [ -47.095274550888433, -22.779032439346402 ], [ -47.0953058981057, -22.778840100752415 ], [ -47.095232832593148, -22.778593162493877 ], [ -47.095134729591365, -22.778110571452366 ], [ -47.094970587336107, -22.77776209502963 ], [ -47.094805909792932, -22.777378508013545 ], [ -47.094808505070695, -22.777048966295332 ], [ -47.094863705807199, -22.776704560433799 ], [ -47.094924338201146, -22.776216363726743 ], [ -47.094999017664108, -22.775654317255569 ], [ -47.095125160313074, -22.775354930217532 ], [ -47.09521721661698, -22.775178946774965 ], [ -47.095363063174396, -22.774971111573464 ], [ -47.095488868289827, -22.774739074688469 ], [ -47.095616168036351, -22.774526066340325 ], [ -47.095671423664342, -22.774264262165783 ], [ -47.095770011074073, -22.77416375374052 ], [ -47.09586525377609, -22.774075566743974 ], [ -47.096059073408505, -22.773891475331418 ], [ -47.096213195274174, -22.77371043302653 ], [ -47.096453756992624, -22.773579802393588 ], [ -47.096617166079113, -22.77337606870222 ], [ -47.096723829977314, -22.773157914238055 ], [ -47.09677892950625, -22.772922833560454 ], [ -47.096884467099422, -22.772715075560296 ], [ -47.097001691250256, -22.772504997282301 ], [ -47.097089648757709, -22.77226072789307 ], [ -47.097073272071789, -22.772029746247284 ], [ -47.0969779156163, -22.771784636247745 ], [ -47.09690419120372, -22.771657322927016 ], [ -47.09685720699148, -22.771514491773804 ], [ -47.096807779099507, -22.771285298540292 ], [ -47.096755756149847, -22.771164741460385 ], [ -47.096612006371814, -22.770941933326377 ], [ -47.096457086400171, -22.77074996565479 ], [ -47.096269099471733, -22.770569265358652 ], [ -47.096135369910265, -22.770371602352288 ], [ -47.095994866467599, -22.770166715823425 ], [ -47.095950066030682, -22.770030084654053 ], [ -47.095952094249128, -22.769926330785445 ], [ -47.095979762166053, -22.769897981764487 ], [ -47.095988852853615, -22.769888654191284 ], [ -47.096026959521879, -22.769849876568653 ], [ -47.096155209230815, -22.769783463890327 ], [ -47.096318614454859, -22.769584966736694 ], [ -47.096490342204056, -22.769442511811807 ], [ -47.096631135805055, -22.769251262724545 ], [ -47.096717987104796, -22.768997709642349 ], [ -47.096790173210444, -22.768772244534603 ], [ -47.096923100282631, -22.76856015456379 ], [ -47.097070822531101, -22.768333787003016 ], [ -47.097264834359457, -22.768162872387741 ], [ -47.097443462033759, -22.767978257260712 ], [ -47.097622917231313, -22.767842560696785 ], [ -47.097809329783026, -22.767668314897044 ], [ -47.098003259472762, -22.767497400564846 ], [ -47.098182179448585, -22.767326773651995 ], [ -47.098345500049753, -22.767128366116911 ], [ -47.098485886996883, -22.766916086684212 ], [ -47.098649393238006, -22.766724627697865 ], [ -47.098812495778255, -22.76651204929172 ], [ -47.098979961312878, -22.76633805148823 ], [ -47.099173835628712, -22.766153234137708 ], [ -47.099421275239564, -22.76601664149867 ], [ -47.099715892169641, -22.765998772626947 ], [ -47.099942626828437, -22.76598874772283 ], [ -47.100221535296939, -22.765935967279567 ], [ -47.100447733807293, -22.765890921653838 ], [ -47.100663514835993, -22.765805208119239 ], [ -47.100832636176349, -22.765692393840549 ], [ -47.101065856675596, -22.765628838646013 ], [ -47.101214660858162, -22.765578672138748 ], [ -47.101382785216536, -22.765516154128509 ], [ -47.101654095553243, -22.765391972802028 ], [ -47.101860756328932, -22.765292746181881 ], [ -47.102067230175535, -22.765181334528442 ], [ -47.102300186342021, -22.765105864678155 ], [ -47.102546862167678, -22.765066504651092 ], [ -47.102716092758833, -22.765076281698299 ], [ -47.102885959533417, -22.765122341075063 ], [ -47.1030691992597, -22.765192327686687 ], [ -47.103277442175788, -22.765201680292925 ], [ -47.103550597992495, -22.765198080060383 ], [ -47.10378465028176, -22.765188946366209 ], [ -47.104057249766662, -22.765149061726852 ], [ -47.104303659231277, -22.765097605560843 ], [ -47.104472520323853, -22.765083281967978 ], [ -47.104719218733315, -22.765055924998983 ], [ -47.104939700832553, -22.76500480980852 ], [ -47.105133644088326, -22.764929850489061 ], [ -47.105236562270413, -22.764856091721779 ], [ -47.1053129997551, -22.764746571922565 ], [ -47.105506016155914, -22.764611229931429 ], [ -47.105660553255802, -22.764500589325372 ], [ -47.105761991971406, -22.764330435277401 ], [ -47.105786331781559, -22.764221422127967 ], [ -47.105784296284178, -22.764088743639029 ], [ -47.105716134411487, -22.763884626757825 ], [ -47.105646859573937, -22.763607942805994 ], [ -47.105644084921636, -22.763427066794431 ], [ -47.105655156916114, -22.763306222027971 ], [ -47.105691947649518, -22.763161024589785 ], [ -47.105715733561816, -22.763015908450726 ], [ -47.105713696868008, -22.762883139678241 ], [ -47.105646460701607, -22.762739314695096 ], [ -47.105553587665334, -22.762619931516852 ], [ -47.105473452346089, -22.762488283285617 ], [ -47.105431850886561, -22.762319835824549 ], [ -47.105429815920822, -22.762187157273726 ], [ -47.105467161821565, -22.762078153137765 ], [ -47.105491224756861, -22.761951088513669 ], [ -47.105489189770431, -22.761818409961812 ], [ -47.10550060793183, -22.761709657572851 ], [ -47.105498758460527, -22.761589073525627 ], [ -47.105483269015203, -22.761432378542636 ], [ -47.105494317565608, -22.761299527392243 ], [ -47.105491357931967, -22.761106556802044 ], [ -47.105462576088357, -22.760925933511746 ], [ -47.105432501472819, -22.760661009669118 ], [ -47.105403823681996, -22.76049239165739 ], [ -47.105400864292271, -22.760299421036454 ], [ -47.10537245239631, -22.760142896455605 ], [ -47.105369493101215, -22.759949925822319 ], [ -47.105339416274582, -22.759684821387243 ], [ -47.10532345543524, -22.759492112501068 ], [ -47.105307017158452, -22.75926302875094 ], [ -47.105290974815794, -22.759070230645992 ], [ -47.105301099038748, -22.758877087420615 ], [ -47.105337160001405, -22.758689560311851 ], [ -47.105374134344927, -22.758556367192501 ], [ -47.105399110499953, -22.758483636564073 ], [ -47.105486986422164, -22.758277370844375 ], [ -47.105575047578149, -22.758083199603732 ], [ -47.105663556963634, -22.757913035779225 ], [ -47.105777994391119, -22.757742710437288 ], [ -47.105880721638343, -22.757656857113478 ], [ -47.10602124455216, -22.757486187496777 ], [ -47.106110042424284, -22.757340123303955 ], [ -47.10621240088733, -22.757230261298009 ], [ -47.106289202125645, -22.757144749813936 ], [ -47.10639118784367, -22.757010608439238 ], [ -47.106493545843087, -22.756900746284128 ], [ -47.106569607293117, -22.756767037176601 ], [ -47.106646063359861, -22.756669523421856 ], [ -47.106734650870493, -22.75649935808449 ], [ -47.10682381992563, -22.756377572851328 ], [ -47.10690017168146, -22.756268053693503 ], [ -47.106988969285268, -22.756122079378034 ], [ -47.107116404991118, -22.755951491404172 ], [ -47.107231287794804, -22.755805172671813 ], [ -47.107307823150833, -22.755707657605306 ], [ -47.107435152745715, -22.755524973865935 ], [ -47.107588037139912, -22.755317849045692 ], [ -47.107728368634419, -22.755134993461265 ], [ -47.107855895383992, -22.754970452265209 ], [ -47.108034865353247, -22.754763072939991 ], [ -47.108188116619189, -22.754579956138869 ], [ -47.108251093843158, -22.754446509433098 ], [ -47.108223977485693, -22.754374466374632 ], [ -47.108184044304437, -22.754314689507314 ], [ -47.10806590898185, -22.754243758030906 ], [ -47.107874589882563, -22.754106808118465 ], [ -47.107763544383175, -22.754042734021368 ], [ -47.107618930678427, -22.753936041449929 ], [ -47.107408403226927, -22.753781921268512 ], [ -47.107250442866352, -22.753663397820734 ], [ -47.107035931101755, -22.75353731517712 ], [ -47.106821733651721, -22.753389832704155 ], [ -47.106395858944808, -22.753143943602542 ], [ -47.106160822424449, -22.753014248602444 ], [ -47.105964350846648, -22.752928460254335 ], [ -47.105794372842155, -22.752874189590376 ], [ -47.105616473953077, -22.752805940165505 ], [ -47.105480280873344, -22.75274562647321 ], [ -47.105349172065615, -22.752687051129872 ], [ -47.105231411673671, -22.752640396629459 ], [ -47.105064430313966, -22.752566856867489 ], [ -47.104948635554869, -22.752438927923958 ], [ -47.104868369046002, -22.752334904992818 ], [ -47.104260894142499, -22.751700057585825 ], [ -47.104050928186979, -22.75158212573594 ], [ -47.103764057583966, -22.751537608224513 ], [ -47.103529566790897, -22.751516594063521 ], [ -47.103216322781847, -22.751448319320641 ], [ -47.102980804063883, -22.751354916537821 ], [ -47.102770101714491, -22.751188785212587 ], [ -47.102585484654291, -22.751022310070592 ], [ -47.102316532172551, -22.750847646703953 ], [ -47.102136972934709, -22.750717846721336 ], [ -47.101914572534554, -22.750647470462699 ], [ -47.101729293260846, -22.750610729602894 ], [ -47.101571345344979, -22.750581663356868 ], [ -47.101383971858752, -22.750565442313381 ], [ -47.101228310551058, -22.750481186950026 ], [ -47.101079743095966, -22.750388352124503 ], [ -47.100844963120551, -22.7502328263054 ], [ -47.100610265905324, -22.750061681251669 ], [ -47.100273887153769, -22.749939629381593 ], [ -47.100013163906446, -22.74988284444073 ], [ -47.099791537043835, -22.749831412875665 ], [ -47.099557553818897, -22.749822392699983 ], [ -47.099330453548831, -22.749843524194603 ], [ -47.099077795976299, -22.749889004807851 ], [ -47.098863315886611, -22.749879727225636 ], [ -47.098649020596305, -22.749830003196919 ], [ -47.098547646277495, -22.749752163351392 ], [ -47.098523376304719, -22.749666358843093 ], [ -47.098541943669332, -22.749468229425588 ], [ -47.09866326703019, -22.749328060948432 ], [ -47.098830029449438, -22.749193343642688 ], [ -47.098983581703799, -22.749034696092536 ], [ -47.099123865055155, -22.748864035563344 ], [ -47.099260053089857, -22.748672304146687 ], [ -47.099279787566211, -22.748440305790798 ], [ -47.099237456142269, -22.748217970444689 ], [ -47.099111715229256, -22.748068952488772 ], [ -47.098948624042826, -22.747992014377555 ], [ -47.098782219762647, -22.747976687994136 ], [ -47.098610687101598, -22.74801451123685 ], [ -47.098472613855286, -22.748082859336325 ], [ -47.098334054093009, -22.748187685304536 ], [ -47.098167119650498, -22.74831635581468 ], [ -47.098025464970036, -22.748402535030522 ], [ -47.097870612616404, -22.748470832276077 ], [ -47.097728406238275, -22.748520908005172 ], [ -47.097528035620833, -22.748583844670744 ], [ -47.09732721521317, -22.748622592970168 ], [ -47.097158796870957, -22.748648908733706 ], [ -47.096963915450658, -22.748645509851951 ], [ -47.096736262555275, -22.748630353755125 ], [ -47.096560251586098, -22.74859050580611 ], [ -47.096367659075888, -22.74852668130367 ], [ -47.096171489972583, -22.74843889001421 ], [ -47.095975149950583, -22.748345142474584 ], [ -47.09575243702389, -22.748227546757231 ], [ -47.09554335889495, -22.748145972577571 ], [ -47.095346926052166, -22.748046086636396 ], [ -47.095111706674231, -22.747955827241412 ], [ -47.094935390053607, -22.747911648158091 ], [ -47.094782371304873, -22.747963397839762 ], [ -47.094675895283359, -22.748040355895949 ], [ -47.094569156905841, -22.748142233604327 ], [ -47.094525348455996, -22.748264771597654 ], [ -47.094494955759345, -22.748403744463133 ], [ -47.094445058493157, -22.748542882879388 ], [ -47.09431758697319, -22.748701274567733 ], [ -47.094201933444005, -22.748787109529754 ], [ -47.094053408438938, -22.748849361984171 ], [ -47.093865301334439, -22.748863835487295 ], [ -47.09365669312426, -22.748818363223052 ], [ -47.093405215358679, -22.748725335381074 ], [ -47.093248535678661, -22.748679181770065 ], [ -47.093027269202324, -22.748645881350839 ], [ -47.092897328282568, -22.74864758450844 ], [ -47.092709142327237, -22.748662147947723 ], [ -47.092547510542069, -22.748712473762673 ], [ -47.092411881518153, -22.748762368412198 ], [ -47.092276895785616, -22.748854503899807 ], [ -47.092174427096161, -22.748952261758578 ], [ -47.092123382140613, -22.749016214352075 ], [ -47.091964948910736, -22.749271334982478 ], [ -47.091876031714541, -22.749405025718641 ], [ -47.091787482720804, -22.749562905681373 ], [ -47.091691971976438, -22.749690634187232 ], [ -47.09159609546888, -22.749794353896796 ], [ -47.091467527662886, -22.749886314439014 ], [ -47.091338846728213, -22.749960311350844 ], [ -47.091177489034962, -22.750028777877056 ], [ -47.091015774726692, -22.750079103345971 ], [ -47.090801936924642, -22.750112055887993 ], [ -47.090603680571206, -22.750108603264344 ], [ -47.090403139810938, -22.750102742834688 ], [ -47.090187188299403, -22.750017911378738 ], [ -47.090110689516919, -22.749902185215248 ], [ -47.09007910944996, -22.749784065513126 ], [ -47.090090187556008, -22.749657443091859 ], [ -47.090201444424345, -22.749556772844805 ], [ -47.090352258726277, -22.749539271012537 ], [ -47.090553806519935, -22.749516410443089 ], [ -47.09076865759689, -22.749460424510097 ], [ -47.090990748512617, -22.749379066073409 ], [ -47.091189006288126, -22.749256131182253 ], [ -47.091335536217244, -22.749104894812081 ], [ -47.0914990156081, -22.748891145550385 ], [ -47.091561286819058, -22.748715644923738 ], [ -47.091565310018375, -22.74855282373861 ], [ -47.091536909595504, -22.748390517519354 ], [ -47.091470420959368, -22.748289014849401 ], [ -47.091345237523413, -22.748176093544817 ], [ -47.091201274480888, -22.748105667464728 ], [ -47.090960117489026, -22.748057638668342 ], [ -47.090572096694885, -22.748033379209065 ], [ -47.090378027939053, -22.748078078961989 ], [ -47.09020349607011, -22.748140578063939 ], [ -47.09004232378966, -22.748221137987109 ], [ -47.089887832251883, -22.748313436550358 ], [ -47.089772177352266, -22.748399358747012 ], [ -47.089617765680018, -22.748491656025081 ], [ -47.089277548236616, -22.748670612404119 ], [ -47.089070957925912, -22.748689113716345 ], [ -47.088790940996475, -22.748693499088048 ], [ -47.088537212939578, -22.74867930425394 ], [ -47.088328423675151, -22.748621820468053 ], [ -47.088139045862391, -22.74855803402378 ], [ -47.087919080243985, -22.748404280393647 ], [ -47.087708905458406, -22.748250308144712 ], [ -47.087556807160333, -22.748077611309043 ], [ -47.087450571149766, -22.747922370113073 ], [ -47.087435646156997, -22.747795997350522 ], [ -47.087492600172894, -22.747692879107319 ], [ -47.087576128784796, -22.747637530895805 ], [ -47.087712123720515, -22.747611649118415 ], [ -47.087842522269796, -22.747640096657943 ], [ -47.08796660229018, -22.747680633496984 ], [ -47.088091162562719, -22.747763323139381 ], [ -47.088248388704663, -22.747845585497622 ], [ -47.088484385055395, -22.747987212540689 ], [ -47.088687221280246, -22.748080884687841 ], [ -47.088964188314975, -22.748155802316862 ], [ -47.089148838977231, -22.748162143458934 ], [ -47.089326297528501, -22.748138967773265 ], [ -47.089647492948025, -22.7479761489647 ], [ -47.089820450905158, -22.747884060355815 ], [ -47.089972568610847, -22.747746564397971 ], [ -47.090075454113709, -22.747618108419246 ], [ -47.090176927241941, -22.747460150441022 ], [ -47.090226013659645, -22.747272725764137 ], [ -47.090223354903159, -22.747097985173831 ], [ -47.09014828092829, -22.746906949600241 ], [ -47.09003572480831, -22.746763799736264 ], [ -47.089884174810052, -22.746627208622311 ], [ -47.089700280777862, -22.746491040593067 ], [ -47.089393006036985, -22.746365514318434 ], [ -47.089190709374336, -22.74630189797309 ], [ -47.089014438746091, -22.746249947693894 ], [ -47.088825510726423, -22.746210259838193 ], [ -47.088656279863635, -22.746188369456149 ], [ -47.08848723290302, -22.74617857355382 ], [ -47.088305366504265, -22.746180951901557 ], [ -47.088110406240752, -22.74617745271863 ], [ -47.087793478410632, -22.746251199741796 ], [ -47.087600287577636, -22.74630075948377 ], [ -47.087466863202756, -22.746390071984827 ], [ -47.087255325841902, -22.746510738335232 ], [ -47.087106802015256, -22.746515026731782 ], [ -47.086926551356491, -22.746496979887322 ], [ -47.086752581244539, -22.746374490908892 ], [ -47.086687505077713, -22.746238842894531 ], [ -47.086664736500232, -22.745976525483663 ], [ -47.086708907504999, -22.745803429542388 ], [ -47.086790869108555, -22.745639679942332 ], [ -47.086931727776779, -22.745347509407821 ], [ -47.08699967930287, -22.745117589434436 ], [ -47.087016438534583, -22.744936726750577 ], [ -47.087000966082194, -22.744774250336274 ], [ -47.086932936771305, -22.744576259756176 ], [ -47.08680720182921, -22.744421272662894 ], [ -47.086635948076626, -22.744260741368489 ], [ -47.086497875285851, -22.744160171499455 ], [ -47.086301524071295, -22.744054314279147 ], [ -47.086098419948492, -22.743942496462171 ], [ -47.085869312699401, -22.743831017982124 ], [ -47.085588564752477, -22.743744317416507 ], [ -47.085396612781786, -22.743716671512718 ], [ -47.085155875830118, -22.743695710862795 ], [ -47.084954488109084, -22.743686333245392 ], [ -47.084759439367112, -22.743676782349151 ], [ -47.084531795962256, -22.743661698375252 ], [ -47.084336463284941, -22.743628137029699 ], [ -47.084121810200045, -22.743606834379705 ], [ -47.08383993590224, -22.743477534666106 ], [ -47.083673548486487, -22.743362345647373 ], [ -47.083463479042898, -22.743182726946134 ], [ -47.083242091626424, -22.7430084013412 ], [ -47.083037916729161, -22.742836288375614 ], [ -47.082616596932866, -22.742541882974248 ], [ -47.082343848436864, -22.742431870918161 ], [ -47.082075060718246, -22.742328938611106 ], [ -47.08177434238344, -22.74211059670775 ], [ -47.081676157384436, -22.742046245096695 ], [ -47.081479194002029, -22.741910146697965 ], [ -47.081261774341954, -22.74176429384941 ], [ -47.081118414742221, -22.741679947365441 ], [ -47.080916311252381, -22.741628414424401 ], [ -47.080675020105438, -22.741565294603664 ], [ -47.080435005478968, -22.741586476491467 ], [ -47.080237570509794, -22.74163120741925 ], [ -47.080069895302216, -22.74171166134823 ], [ -47.079947646519024, -22.741791613828475 ], [ -47.079813933926047, -22.741968041080597 ], [ -47.079719784911767, -22.742186202720539 ], [ -47.079663909691284, -22.74235556775286 ], [ -47.079576524350223, -22.742585738380189 ], [ -47.079469929215485, -22.742846131056222 ], [ -47.079394279113643, -22.742997788358881 ], [ -47.079299343134529, -22.743158724421637 ], [ -47.079197778018681, -22.743316587044333 ], [ -47.079063426654358, -22.743450953006477 ], [ -47.078857473873882, -22.743580202324022 ], [ -47.078551395013413, -22.743723754429286 ], [ -47.078164866751926, -22.743786742367273 ], [ -47.077890993962882, -22.743761597723658 ], [ -47.077614865095981, -22.743666878316152 ], [ -47.077450839269353, -22.743574852991191 ], [ -47.077403300592422, -22.743430396052442 ], [ -47.077448986422361, -22.743208081238112 ], [ -47.077500246214143, -22.743088970913071 ], [ -47.077675970302145, -22.742914165510193 ], [ -47.077868277453284, -22.742742484446445 ], [ -47.078036419294492, -22.742533472047484 ], [ -47.078222194997792, -22.742163536846533 ], [ -47.078296195319041, -22.741897430166077 ], [ -47.078325431437989, -22.741686252755319 ], [ -47.07834139017568, -22.741457012139495 ], [ -47.078337473623513, -22.741198058149863 ], [ -47.078333828783016, -22.740957065756849 ], [ -47.078309760055575, -22.740650075724474 ], [ -47.078292567886855, -22.740373148747029 ], [ -47.078329985466596, -22.739896179371698 ], [ -47.078352135412146, -22.739497769158117 ], [ -47.07832263183294, -22.739351543026523 ], [ -47.078238724828935, -22.739180115187676 ], [ -47.078136593006086, -22.739082771072951 ], [ -47.078011318968173, -22.738951964302263 ], [ -47.077794269322013, -22.738776941837756 ], [ -47.077616544760048, -22.738622622691139 ], [ -47.077484780790897, -22.738497858146577 ], [ -47.077331168070323, -22.738297725358194 ], [ -47.077207179162684, -22.738188116273669 ], [ -47.077068823969682, -22.738057388471102 ], [ -47.07693679801779, -22.737920529667512 ], [ -47.076649191116644, -22.737740013120838 ], [ -47.07637238386792, -22.737631396834526 ], [ -47.076185403046502, -22.737549598519813 ], [ -47.075995632706238, -22.737431905891611 ], [ -47.075656178181873, -22.737118812000993 ], [ -47.075560405750899, -22.736921446474128 ], [ -47.075508824099231, -22.736694979118816 ], [ -47.075499149386069, -22.736490175471641 ], [ -47.075516195024775, -22.736327274411991 ], [ -47.07561730349677, -22.736139177128504 ], [ -47.075738823825489, -22.73601111976954 ], [ -47.075886598737171, -22.735915401527524 ], [ -47.07618491518533, -22.735779629759765 ], [ -47.076425156871558, -22.735662487207303 ], [ -47.076566509079122, -22.735561435231435 ], [ -47.076704066896532, -22.735411141111509 ], [ -47.076805819718096, -22.735271152571091 ], [ -47.076868196908102, -22.735101703843444 ], [ -47.076878467654616, -22.73492083535745 ], [ -47.076881588583696, -22.734691761512106 ], [ -47.076858822677167, -22.734481260186982 ], [ -47.07679080288591, -22.73427721514846 ], [ -47.076690101143754, -22.734061678296545 ], [ -47.076608570863591, -22.733818718720389 ], [ -47.076573794477511, -22.733668588323976 ], [ -47.076551198218773, -22.733463952707282 ], [ -47.076548559995985, -22.733289300550318 ], [ -47.076539421406409, -22.73311473287702 ], [ -47.076523495978321, -22.732915968830753 ], [ -47.076507866840871, -22.732747443800875 ], [ -47.07646952800296, -22.732462395159931 ], [ -47.076402277644235, -22.732271971679026 ], [ -47.076291362938875, -22.732171941461822 ], [ -47.076205810161952, -22.732103630013683 ], [ -47.076087873999967, -22.732032940711871 ], [ -47.07591187767369, -22.73198701944828 ], [ -47.075769030644537, -22.731988875378931 ], [ -47.075639104035972, -22.731990563330967 ], [ -47.075470539171327, -22.732016857134173 ], [ -47.075286196488179, -22.732061411161318 ], [ -47.075111392537501, -22.732099792515086 ], [ -47.074923042858586, -22.732102238674067 ], [ -47.074741092591445, -22.732092594627513 ], [ -47.074539469769114, -22.732077157226939 ], [ -47.07438289455515, -22.73203098207718 ], [ -47.074245548117538, -22.731966501663642 ], [ -47.074114803005145, -22.731913942314989 ], [ -47.073970956451703, -22.731849546030798 ], [ -47.073833520504351, -22.7317791080944 ], [ -47.073665080470221, -22.731701940513645 ], [ -47.073412649809839, -22.731574765720925 ], [ -47.073253382265747, -22.731525645186146 ], [ -47.073028789067536, -22.731466629062346 ], [ -47.072617628973042, -22.731427095293355 ], [ -47.072335881288687, -22.731410347177253 ], [ -47.072044011054466, -22.731350396663892 ], [ -47.071887153028356, -22.7312800282713 ], [ -47.071761912671555, -22.731161222143086 ], [ -47.07162329790139, -22.731012436639482 ], [ -47.071471783439598, -22.730875825136632 ], [ -47.071453505379374, -22.730856020505911 ], [ -47.07133975932642, -22.730732912213355 ] ] ] } },
{ "type": "Feature", "properties": { "APG": "APA Campinas" }, "geometry": { "type": "Polygon", "coordinates": [ [ [ -46.998278895732199, -22.778237236619375 ], [ -46.998278902812181, -22.778237237442269 ], [ -46.997824730992768, -22.777728108682421 ], [ -46.997632478492143, -22.77751102898155 ], [ -46.997475048771989, -22.77733321698193 ], [ -46.997368554383065, -22.777215922528889 ], [ -46.997169782528111, -22.777042274912937 ], [ -46.996883702029542, -22.776866740647396 ], [ -46.996666096866335, -22.776689987706401 ], [ -46.996052659634401, -22.776492909049487 ], [ -46.996052619824169, -22.776492919773588 ], [ -46.994422748561966, -22.775929099979528 ], [ -46.993640938629873, -22.775635278541834 ], [ -46.993391942803804, -22.775151653686148 ], [ -46.993161093110835, -22.774612989377481 ], [ -46.993276815184956, -22.773045256152457 ], [ -46.993002503893592, -22.772518409413689 ], [ -46.992081810707148, -22.77220057231207 ], [ -46.99119114948526, -22.771793736925755 ], [ -46.990490143526401, -22.771222737884202 ], [ -46.990189143877664, -22.770499712142829 ], [ -46.989673869715361, -22.769025672510026 ], [ -46.989531168819447, -22.767825674248808 ], [ -46.98960588720486, -22.767049357259705 ], [ -46.989904062381157, -22.766358411966895 ], [ -46.990256461739087, -22.765892969103948 ], [ -46.991081231354833, -22.765184144305525 ], [ -46.991795584077991, -22.764355124814053 ], [ -46.992134915882474, -22.763537347348588 ], [ -46.992547386310477, -22.762260197962117 ], [ -46.992911836173313, -22.761664410042133 ], [ -46.993418662072337, -22.761178770461509 ], [ -46.99435113814215, -22.760647291835021 ], [ -46.995704921703478, -22.760426929123362 ], [ -46.997057351100992, -22.759997406068489 ], [ -46.997437135540558, -22.759825442153588 ], [ -46.997703148288529, -22.759397700358413 ], [ -46.99774733127709, -22.758074951624312 ], [ -46.998010045647376, -22.757406113142853 ], [ -46.998517237697648, -22.756996132390324 ], [ -46.99955845704654, -22.756848943756992 ], [ -47.000572471040314, -22.756161547242222 ], [ -47.000572351179258, -22.756161468338089 ], [ -47.000572502265818, -22.756161501766027 ], [ -47.00083184986191, -22.755689788628672 ], [ -47.000958322208568, -22.755630966010617 ], [ -47.001144045576396, -22.755621867138384 ], [ -47.001342501767382, -22.755516911643078 ], [ -47.001409577941203, -22.755370900546954 ], [ -47.001483981766476, -22.755320042953333 ], [ -47.001653919405562, -22.755296516055964 ], [ -47.001821392237787, -22.755373772339055 ], [ -47.001932078544883, -22.75543819852534 ], [ -47.002060509517094, -22.755442185368221 ], [ -47.002153136726299, -22.755413307817285 ], [ -47.002264167737252, -22.755380227084846 ], [ -47.002397938265055, -22.755320950724975 ], [ -47.002483149838234, -22.755157919713703 ], [ -47.002609044463199, -22.755081588789562 ], [ -47.002751620567807, -22.755059126199441 ], [ -47.003118330576619, -22.754875951886088 ], [ -47.003170084678963, -22.754670367095741 ], [ -47.003167629630141, -22.754557096586701 ], [ -47.003187933437559, -22.754396956078352 ], [ -47.003231589677299, -22.754214133139484 ], [ -47.003303102226106, -22.754130268590082 ], [ -47.003457665988051, -22.754104134097979 ], [ -47.003689326067146, -22.754184284461292 ], [ -47.003811566989732, -22.754369358861602 ], [ -47.003941596491998, -22.754526980574877 ], [ -47.004143602600173, -22.754742561140098 ], [ -47.004280970826677, -22.754940896909812 ], [ -47.00468851817142, -22.755232011184912 ], [ -47.005057871491232, -22.755282693977833 ], [ -47.00528993780236, -22.755284093008679 ], [ -47.005700385296358, -22.755299699676776 ], [ -47.005959194086529, -22.755345053655791 ], [ -47.00634999106159, -22.755448757063768 ], [ -47.006698180199038, -22.755545453241037 ], [ -47.006983192376779, -22.755633737562491 ], [ -47.007275679778289, -22.75585273246104 ], [ -47.007454371730475, -22.756172403292762 ], [ -47.007601242688779, -22.756450063214793 ], [ -47.007898839674318, -22.757058104343347 ], [ -47.008068463155503, -22.757430762763995 ], [ -47.008213623868301, -22.757713399039773 ], [ -47.008435405013806, -22.758187515467093 ], [ -47.008677961443425, -22.758657505617478 ], [ -47.009011929330185, -22.759442587999452 ], [ -47.009281202587538, -22.759966164724908 ], [ -47.009572728458295, -22.760305421702743 ], [ -47.009910647119796, -22.76051924298956 ], [ -47.010336123355856, -22.760725898058595 ], [ -47.011030627323812, -22.760880672455066 ], [ -47.011431790015209, -22.760908416311874 ], [ -47.01196881336719, -22.761014521236905 ], [ -47.012446099553593, -22.761137446389807 ], [ -47.013194828335322, -22.761210660310066 ], [ -47.013580643554185, -22.761126539300143 ], [ -47.013908008297868, -22.760938330553412 ], [ -47.014122167216854, -22.760776088696542 ], [ -47.014165399696047, -22.760657769418323 ], [ -47.014293050380722, -22.760457844191762 ], [ -47.014291210519133, -22.760329641100455 ], [ -47.014288590629079, -22.760107319522938 ], [ -47.01413635802875, -22.759915799555056 ], [ -47.013978473522855, -22.75972361045579 ], [ -47.013749631560273, -22.759416625279766 ], [ -47.013506335531503, -22.758813837809559 ], [ -47.013460513519767, -22.758687837132246 ], [ -47.013356630820546, -22.758402181029027 ], [ -47.013343618435563, -22.758132590146985 ], [ -47.01332834474109, -22.757869330409363 ], [ -47.013344399615242, -22.75750437264545 ], [ -47.013320125757815, -22.757346642623173 ], [ -47.013255460661078, -22.757262276226523 ], [ -47.013118622307609, -22.757239531472905 ], [ -47.013116224120665, -22.757239841650215 ], [ -47.012832184669172, -22.75727361443295 ], [ -47.012645888227105, -22.75725016082297 ], [ -47.012565517241583, -22.757176776373246 ], [ -47.012418130599002, -22.757077330806261 ], [ -47.012222971767478, -22.756895912166453 ], [ -47.012122679278399, -22.75667717118997 ], [ -47.012140563441804, -22.75646155048376 ], [ -47.012219695682134, -22.756293281629279 ], [ -47.012295916766902, -22.756086676157292 ], [ -47.012536237938804, -22.755825466992668 ], [ -47.012798234331342, -22.755521482116421 ], [ -47.013023488399263, -22.755351738779385 ], [ -47.013524374265984, -22.755065510902082 ], [ -47.013961052050455, -22.754695981540717 ], [ -47.014335311535149, -22.754086891240362 ], [ -47.014585170725766, -22.75360650625915 ], [ -47.014801476714013, -22.752994819006812 ], [ -47.015112649632393, -22.752144137617645 ], [ -47.015863698625949, -22.750264768250911 ], [ -47.015949525382482, -22.750027461532763 ], [ -47.016055922474159, -22.749557620447369 ], [ -47.016068859539047, -22.749258054937584 ], [ -47.016021875909395, -22.749078868673067 ], [ -47.015913004485185, -22.748971153285105 ], [ -47.015733066887307, -22.748901534992008 ], [ -47.015496768240524, -22.748909734789521 ], [ -47.015203149790302, -22.748913456287188 ], [ -47.014974399955172, -22.748948342293193 ], [ -47.0147985899779, -22.749047426823562 ], [ -47.014649889147961, -22.749169622296431 ], [ -47.014580370745989, -22.749588400149051 ], [ -47.014278452028918, -22.750177060848962 ], [ -47.013975600649204, -22.750617109582791 ], [ -47.013535684984689, -22.751099318287284 ], [ -47.013280822237867, -22.75143721591434 ], [ -47.013041102365491, -22.751553745004205 ], [ -47.012799617223806, -22.751568958882146 ], [ -47.012612778334287, -22.751496769619287 ], [ -47.012306321370801, -22.751072083121013 ], [ -47.011997370272276, -22.750597080114218 ], [ -47.011565550980784, -22.749873550362654 ], [ -47.011250724784531, -22.749311200962232 ], [ -47.011198921357803, -22.749163379488859 ], [ -47.011193057520984, -22.748968939031414 ], [ -47.01131573339088, -22.748712206061811 ], [ -47.011521294828029, -22.7482946388096 ], [ -47.011612479337728, -22.747858434644655 ], [ -47.011617021452793, -22.747639651006903 ], [ -47.011809858069832, -22.747506314537446 ], [ -47.012116673218642, -22.747362076103482 ], [ -47.01230198675659, -22.747172098623658 ], [ -47.012608999649849, -22.746775248655524 ], [ -47.012609213330592, -22.746775001101781 ], [ -47.012711991030862, -22.74655600857033 ], [ -47.012714547703176, -22.74635509394524 ], [ -47.012656242879288, -22.746146011125198 ], [ -47.011657449870512, -22.745476661128869 ], [ -47.011372056573066, -22.744906689755304 ], [ -47.011121258808224, -22.744643333553974 ], [ -47.010772945448643, -22.744370641564963 ], [ -47.010489652325028, -22.744097401105485 ], [ -47.010281843490084, -22.743792604138243 ], [ -47.010182246753097, -22.743476423539288 ], [ -47.010190574286774, -22.743118257321001 ], [ -47.010264391498069, -22.742841153305498 ], [ -47.010393004262973, -22.742665920781498 ], [ -47.010629617420712, -22.742448520866176 ], [ -47.010768231864155, -22.742150377646666 ], [ -47.010863720131624, -22.741873090891335 ], [ -47.010894412605566, -22.741617023756667 ], [ -47.010849956997376, -22.741453720240617 ], [ -47.010718420148031, -22.741209536191118 ], [ -47.010780637227157, -22.740820085711988 ], [ -47.010722281826972, -22.740217009193785 ], [ -47.010741304678163, -22.739838214095485 ], [ -47.01077665903415, -22.739285260575279 ], [ -47.011206902846297, -22.738472476732625 ], [ -47.011382179121945, -22.738094439896692 ], [ -47.01169991149029, -22.737867144779337 ], [ -47.012363853631101, -22.737786239821823 ], [ -47.012866483803329, -22.737716348316713 ], [ -47.013303938598192, -22.737575863064155 ], [ -47.013619093769876, -22.737416333824086 ], [ -47.013891835865422, -22.737359087255729 ], [ -47.014337498517541, -22.737368003893856 ], [ -47.014337498520739, -22.737368003895018 ], [ -47.014690249199539, -22.737445893333128 ], [ -47.014956853937093, -22.737545001595358 ], [ -47.01544733930411, -22.737791244391744 ], [ -47.01589349809241, -22.737861271643638 ], [ -47.016395800619136, -22.737747315347598 ], [ -47.017393605739038, -22.737457342997548 ], [ -47.017282137409254, -22.737404673205994 ], [ -47.017116219877899, -22.737213570066508 ], [ -47.017035364610848, -22.736993315784403 ], [ -47.016917039468773, -22.736779673527721 ], [ -47.0168387013901, -22.736555866417447 ], [ -47.016695332667972, -22.736325838388591 ], [ -47.01649661590033, -22.736175052081098 ], [ -47.016305229175245, -22.736009547687942 ], [ -47.016058487971257, -22.73579698368097 ], [ -47.015994638471213, -22.735728996355252 ], [ -47.015860295149537, -22.73554498641483 ], [ -47.015770393964345, -22.735326199609581 ], [ -47.015623203433826, -22.735092607438972 ], [ -47.015392962204558, -22.734926689185297 ], [ -47.015146504669033, -22.734793475784649 ], [ -47.014802452720488, -22.734776238253655 ], [ -47.014707083206851, -22.734770218583176 ], [ -47.014565221792537, -22.734713867374232 ], [ -47.014369892656831, -22.734585785877364 ], [ -47.014135753122162, -22.734476881302388 ], [ -47.013910084921754, -22.734359924960337 ], [ -47.013675514130675, -22.734227010692479 ], [ -47.013464932629162, -22.734098759110058 ], [ -47.013193392108278, -22.733940760818477 ], [ -47.012909177277315, -22.733805220808684 ], [ -47.012726207182524, -22.733731600663518 ], [ -47.012422739012017, -22.733854502439083 ], [ -47.012138817213859, -22.733936351034199 ], [ -47.011898508459424, -22.734047442272349 ], [ -47.011667205095705, -22.734159593417587 ], [ -47.011394848581006, -22.734225496159123 ], [ -47.011183290253328, -22.734414406741408 ], [ -47.010909912931595, -22.734498377512836 ], [ -47.01062954074257, -22.734548671206284 ], [ -47.010373008307802, -22.734626380347201 ], [ -47.01029070481836, -22.734866115911853 ], [ -47.010139486305228, -22.735086495876534 ], [ -47.010214638616745, -22.735214018501356 ], [ -47.010120269844208, -22.735232539622039 ], [ -47.009995161627721, -22.735196467003256 ], [ -47.009896033759517, -22.735180470681591 ], [ -47.009717076341019, -22.73520565308138 ], [ -47.009513121928912, -22.735223114798085 ], [ -47.009245801977606, -22.735150551632199 ], [ -47.008980378119745, -22.735042935557406 ], [ -47.008733088201652, -22.734995217430772 ], [ -47.008515090289116, -22.735122815371188 ], [ -47.008267274117202, -22.735115999943787 ], [ -47.008153460530146, -22.735331032906107 ], [ -47.008111968678222, -22.73559535239599 ], [ -47.00810177326693, -22.735870021801688 ], [ -47.008072699063014, -22.736105205337164 ], [ -47.007863908913045, -22.736242346725771 ], [ -47.007834318339405, -22.736513648698278 ], [ -47.007746446690625, -22.736795704220331 ], [ -47.007522288105243, -22.736941434416867 ], [ -47.007297095635117, -22.736829518353865 ], [ -47.007049755120214, -22.736718060769331 ], [ -47.006781361463624, -22.736726036800277 ], [ -47.006910453435331, -22.737040394971704 ], [ -47.00698198167813, -22.737156228341512 ], [ -47.007110087321351, -22.737452452407702 ], [ -47.00691333530721, -22.737738042260354 ], [ -47.006688620133467, -22.738148208402162 ], [ -47.006545060968662, -22.738508964836008 ], [ -47.006468868542449, -22.738645522384171 ], [ -47.006481071477658, -22.738689606285824 ], [ -47.006456594693461, -22.738723046478157 ], [ -47.006336581686298, -22.738777728779315 ], [ -47.00616339874842, -22.738874426986897 ], [ -47.005863365017561, -22.738920355558356 ], [ -47.005634669610473, -22.738832586028302 ], [ -47.005389983263484, -22.738919708703904 ], [ -47.00522078529805, -22.739058516670649 ], [ -47.005217601340554, -22.739252929487055 ], [ -47.005253894702193, -22.739473659886855 ], [ -47.005247189928269, -22.73957530905373 ], [ -47.005147636612868, -22.739640386725512 ], [ -47.005030995790086, -22.739596169179521 ], [ -47.004780995141168, -22.739478692925353 ], [ -47.004551681974, -22.73935960244534 ], [ -47.004303042273797, -22.7393794242479 ], [ -47.004087987065844, -22.739307731748365 ], [ -47.003811348689574, -22.73930668824179 ], [ -47.003490317868128, -22.739338611592363 ], [ -47.003213545123295, -22.739377923933077 ], [ -47.002953649969093, -22.739550819265695 ], [ -47.002682428555659, -22.73967916756542 ], [ -47.002379253164513, -22.739757629978037 ], [ -47.002094747100465, -22.739734563543202 ], [ -47.001798726458546, -22.739653951891512 ], [ -47.001545703104178, -22.739648455665066 ], [ -47.001402541918502, -22.739425722728896 ], [ -47.001285161631955, -22.739192826100229 ], [ -47.001247535920079, -22.738929769705379 ], [ -47.001103875462682, -22.738744328374896 ], [ -47.000814445122067, -22.738669590660884 ], [ -47.000568777529537, -22.738639895830218 ], [ -47.000453585484138, -22.738623372669345 ], [ -47.00031257258577, -22.738603200429655 ], [ -47.000076387252356, -22.738530051587716 ], [ -46.99977595449495, -22.738554216246612 ], [ -46.999482311388633, -22.738460208815457 ], [ -46.999208830108735, -22.738471937499259 ], [ -46.998853269531622, -22.738348459883021 ], [ -46.998637908598965, -22.738327230257262 ], [ -46.998377048946963, -22.738450656850148 ], [ -46.998155753654935, -22.738612047552195 ], [ -46.997866553506228, -22.738541996071675 ], [ -46.997586008910474, -22.73845991881063 ], [ -46.997329054412774, -22.738520730664757 ], [ -46.997052266216876, -22.738559039432083 ], [ -46.996792788314885, -22.73866168178888 ], [ -46.996458216633137, -22.738761741356999 ], [ -46.996165743839562, -22.738781376059368 ], [ -46.995924717011356, -22.738800367434148 ], [ -46.995693193342248, -22.738965223091295 ], [ -46.995732867660386, -22.739204241249514 ], [ -46.995703886806467, -22.739430755656354 ], [ -46.995595304063798, -22.739659347912664 ], [ -46.995502238575, -22.739867523457317 ], [ -46.995270613833313, -22.740102979138097 ], [ -46.995131787209282, -22.740250064610066 ], [ -46.995072268750441, -22.740468835139843 ], [ -46.995137904356618, -22.740671417028334 ], [ -46.995218982575821, -22.740859451398034 ], [ -46.995206284410862, -22.741063011696824 ], [ -46.995067927943083, -22.74125360642789 ], [ -46.99490180942567, -22.741411956575426 ], [ -46.994716239563509, -22.741574160701823 ], [ -46.994622186777498, -22.741836155285547 ], [ -46.994681776377305, -22.742562348767024 ], [ -46.99473334165868, -22.742813135628584 ], [ -46.994684293089207, -22.743089645014688 ], [ -46.994435524061622, -22.743239457271766 ], [ -46.994166473957293, -22.743275137139022 ], [ -46.994059101394932, -22.743327486142213 ], [ -46.993959620968731, -22.743376035052918 ], [ -46.993672844135169, -22.743434866640513 ], [ -46.993435353746655, -22.743294285099545 ], [ -46.993231986067677, -22.743109762168274 ], [ -46.993035989341571, -22.742968481574746 ], [ -46.992808439073144, -22.742871109585529 ], [ -46.99268831721799, -22.742808238332973 ], [ -46.992506224317012, -22.742728896516649 ], [ -46.99232456133123, -22.742690265608204 ], [ -46.992148336591363, -22.742683435664933 ], [ -46.991986022904157, -22.742617298315633 ], [ -46.991850779662435, -22.742585581190994 ], [ -46.991729921160839, -22.742704452992371 ], [ -46.991701670131889, -22.742931951001253 ], [ -46.991738338213423, -22.743168841147192 ], [ -46.991482646207885, -22.743251115234862 ], [ -46.991289587362786, -22.743423249678386 ], [ -46.991236810641382, -22.743653490991054 ], [ -46.991399802636046, -22.743832832326593 ], [ -46.991646402510881, -22.743926267231011 ], [ -46.991605806541543, -22.744155002524789 ], [ -46.991544950732695, -22.744376136043702 ], [ -46.991396204601315, -22.744564961681178 ], [ -46.99123632659753, -22.744799969041697 ], [ -46.991135276817367, -22.745050583612734 ], [ -46.990817798906164, -22.745079639403965 ], [ -46.990713340891084, -22.745233605820939 ], [ -46.990614398444073, -22.745446908007356 ], [ -46.990588321894968, -22.745508804338222 ], [ -46.990394248842598, -22.745661088835664 ], [ -46.990182124824138, -22.745459517858158 ], [ -46.989963988870528, -22.745336114129319 ], [ -46.989646550345547, -22.74542339810197 ], [ -46.989432152875729, -22.745585865551231 ], [ -46.989175818466194, -22.745662998273868 ], [ -46.988900250879851, -22.745687014308327 ], [ -46.988654290545192, -22.745665611191228 ], [ -46.988455552178074, -22.745523456277699 ], [ -46.988397263043467, -22.745456381289163 ], [ -46.988062686989984, -22.745130570930939 ], [ -46.987823315010452, -22.745164968154157 ], [ -46.987559258082946, -22.745252125277315 ], [ -46.98726309633124, -22.745262040124949 ], [ -46.98698401260652, -22.745165030221361 ], [ -46.98668968660516, -22.745240826038955 ], [ -46.986422997679888, -22.745201530851038 ], [ -46.986189811628122, -22.74503082128458 ], [ -46.985950547454756, -22.744911646915636 ], [ -46.985819667735989, -22.745131934180893 ], [ -46.985876562100238, -22.745391415694215 ], [ -46.98604635527326, -22.745558400014509 ], [ -46.986097780536092, -22.745850450458171 ], [ -46.985888315042587, -22.745860187445832 ], [ -46.985630571436346, -22.745828905020858 ], [ -46.985376577600491, -22.745862667945538 ], [ -46.985125849316148, -22.745927988131864 ], [ -46.984841454219847, -22.745946780387381 ], [ -46.984594051759053, -22.745803329365842 ], [ -46.984291442186255, -22.745694870558399 ], [ -46.984090092705308, -22.745499476736239 ], [ -46.983978556732083, -22.745230561750009 ], [ -46.983795541469107, -22.745014987669791 ], [ -46.98355690345349, -22.744872328803297 ], [ -46.983302798309388, -22.744742591215218 ], [ -46.983145692987371, -22.744570029309074 ], [ -46.983057110467705, -22.744422888138057 ], [ -46.982998381393564, -22.744325120971947 ], [ -46.982700667901589, -22.744299746712517 ], [ -46.982442037835284, -22.744429350364172 ], [ -46.982203974624028, -22.744259597933763 ], [ -46.981887134973292, -22.744260640961947 ], [ -46.981649557660219, -22.744358293537406 ], [ -46.981438539738647, -22.744477373963559 ], [ -46.981195516802408, -22.744609400195621 ], [ -46.980950099856187, -22.744709044938094 ], [ -46.980708813934591, -22.744744448372629 ], [ -46.980443539378669, -22.744886680385903 ], [ -46.980259620853083, -22.744997929992561 ], [ -46.980039444586367, -22.745161269612417 ], [ -46.979684951531077, -22.745440840472178 ], [ -46.979513460242117, -22.745562227270302 ], [ -46.979264716698395, -22.74573765652249 ], [ -46.979000004862201, -22.745763146073898 ], [ -46.978723071196079, -22.745731548489331 ], [ -46.978481412168072, -22.74562972623211 ], [ -46.978294152588205, -22.745520278106582 ], [ -46.978248374773358, -22.745379555416136 ], [ -46.97819804792875, -22.745285293478883 ], [ -46.978147801420981, -22.74519103052566 ], [ -46.978092880883551, -22.745084366665676 ], [ -46.978015372660288, -22.744953335821876 ], [ -46.977929489406201, -22.744859514143076 ], [ -46.977825329699876, -22.744745244394011 ], [ -46.977571206237059, -22.744591573096329 ], [ -46.977304563760853, -22.744521837145456 ], [ -46.976953069665917, -22.744441053412299 ], [ -46.976738914841988, -22.744459593601594 ], [ -46.976507045858781, -22.74440748209631 ], [ -46.975998966874066, -22.74430687620319 ], [ -46.975844550472132, -22.74423692285951 ], [ -46.975610881826427, -22.744126600963746 ], [ -46.975523895588388, -22.744263008307133 ], [ -46.975411593422407, -22.744313690843789 ], [ -46.97530992270017, -22.744266286814849 ], [ -46.975309842436857, -22.744266287807537 ], [ -46.975219333944949, -22.744230301645288 ], [ -46.974962556356616, -22.744159807694388 ], [ -46.974699093117962, -22.744238540407331 ], [ -46.974447656520631, -22.744193348577369 ], [ -46.974156570429244, -22.744215725335803 ], [ -46.973867739319587, -22.744182731345575 ], [ -46.973564713607253, -22.74416191962262 ], [ -46.97333946666722, -22.744123624884349 ], [ -46.973069538785076, -22.744070895127088 ], [ -46.972719672210829, -22.743985838522253 ], [ -46.972476652525323, -22.744040390585234 ], [ -46.972225002700668, -22.74395791167116 ], [ -46.971979494808892, -22.744029286021053 ], [ -46.971726987404665, -22.744004506608732 ], [ -46.971464374995186, -22.744036367592326 ], [ -46.971298700647772, -22.744216718038498 ], [ -46.971045381467739, -22.744264082316327 ], [ -46.97078336496805, -22.744186423665955 ], [ -46.970494747804906, -22.744190707049384 ], [ -46.97024740678134, -22.744179132906435 ], [ -46.970006146676724, -22.744098959855037 ], [ -46.969832417037338, -22.743986355087937 ], [ -46.969517952577533, -22.744169983347138 ], [ -46.969325252491075, -22.744201249554173 ], [ -46.969055461704812, -22.744118808666975 ], [ -46.968798150593614, -22.744156558519443 ], [ -46.968557632504847, -22.744195364921307 ], [ -46.968477293723737, -22.74437041760326 ], [ -46.968208759188386, -22.744560609555293 ], [ -46.968036249922903, -22.744577992939636 ], [ -46.967599392840818, -22.744898638140921 ], [ -46.967505852830513, -22.744959195674713 ], [ -46.967241881303366, -22.745058958227251 ], [ -46.966825773939483, -22.745006754459137 ], [ -46.966693847304931, -22.74503835252338 ], [ -46.966547478205698, -22.745115359316742 ], [ -46.966426810466999, -22.74518762574473 ], [ -46.966282115572135, -22.745286279243771 ], [ -46.966147981248781, -22.745399247643647 ], [ -46.965937422186528, -22.745467384028448 ], [ -46.965690206273614, -22.745582556564742 ], [ -46.965426529156581, -22.745523507515991 ], [ -46.965308637962707, -22.745475664613551 ], [ -46.965056981515524, -22.745381437790176 ], [ -46.964814639906237, -22.745225614250849 ], [ -46.964629299631405, -22.745064394488821 ], [ -46.964512107360648, -22.744857646892289 ], [ -46.964324266598283, -22.744701152116043 ], [ -46.964168171259239, -22.74467066082607 ], [ -46.963872080392477, -22.744472342142679 ], [ -46.963671098785547, -22.744306257692362 ], [ -46.963276265245014, -22.74387180155804 ], [ -46.963211630896282, -22.743730583133406 ], [ -46.963168050911307, -22.743602106431002 ], [ -46.96312599972115, -22.743288443392284 ], [ -46.963073735509639, -22.743192665036432 ], [ -46.963047426905533, -22.743036891520454 ], [ -46.962996742957991, -22.742928093156401 ], [ -46.96293565034896, -22.742804345663988 ], [ -46.962829883611079, -22.742728364425773 ], [ -46.962671965390086, -22.742654378181903 ], [ -46.962408381193939, -22.742517048416602 ], [ -46.962345575530989, -22.742453178413911 ], [ -46.962314392372384, -22.742343869351206 ], [ -46.962364742652483, -22.742243850689654 ], [ -46.9625975741045, -22.741987298626341 ], [ -46.962918980253569, -22.741716025256331 ], [ -46.963248341565695, -22.741512816132303 ], [ -46.963696895658039, -22.741246659323778 ], [ -46.96405690161231, -22.741019688983002 ], [ -46.964469624767631, -22.740639493724366 ], [ -46.964897507264759, -22.739994676386072 ], [ -46.965077937564466, -22.739683874518665 ], [ -46.965192634646556, -22.739435724034504 ], [ -46.965249450492685, -22.739277212912977 ], [ -46.965319548751602, -22.739009026850177 ], [ -46.965284639207447, -22.738639211720418 ], [ -46.965120429132561, -22.738007003924317 ], [ -46.965017987808913, -22.737562634251582 ], [ -46.965152479727081, -22.737155073944578 ], [ -46.965259620618575, -22.736867021689172 ], [ -46.965415297594248, -22.736509577711143 ], [ -46.965034667591254, -22.735837599551783 ], [ -46.964713484041162, -22.735606546774513 ], [ -46.964357317915365, -22.73529792009851 ], [ -46.964120305676865, -22.735266527088392 ], [ -46.963956509126852, -22.735179432747699 ], [ -46.963903157740667, -22.735063534992175 ], [ -46.963645604454477, -22.73467307278634 ], [ -46.962573134504183, -22.733805011047938 ], [ -46.961956858752146, -22.733071818433601 ], [ -46.961268713824005, -22.732122467837979 ], [ -46.960419262148243, -22.731934994737973 ], [ -46.959980181825266, -22.731653556056422 ], [ -46.959926638360173, -22.731039574176457 ], [ -46.959788937117764, -22.730468154058507 ], [ -46.959552499482598, -22.730042756659184 ], [ -46.959228223711072, -22.72963251978215 ], [ -46.958713135763944, -22.729272019120092 ], [ -46.958437283027251, -22.729110906549973 ], [ -46.958052357186133, -22.729007014517759 ], [ -46.957855191239652, -22.72920823114292 ], [ -46.957370070352205, -22.729525917755378 ], [ -46.956737276538604, -22.729726961470984 ], [ -46.956419689523031, -22.729842619227686 ], [ -46.955969346468919, -22.730021112654114 ], [ -46.955694450199346, -22.730214972367715 ], [ -46.955536498932723, -22.730301048297616 ], [ -46.95504946291075, -22.730416971474554 ], [ -46.95468391664901, -22.730462431611205 ], [ -46.954431661243532, -22.730555167288834 ], [ -46.954121517842928, -22.730816444868239 ], [ -46.953561980030578, -22.731372021174263 ], [ -46.952936585961766, -22.732191121552454 ], [ -46.952427694952206, -22.732679266585826 ], [ -46.952049173496803, -22.732778146068792 ], [ -46.951766268603357, -22.732855362656583 ], [ -46.951239082720399, -22.733095632419356 ], [ -46.950972094082537, -22.73328198496208 ], [ -46.950796511877478, -22.733427135794244 ], [ -46.950666147169883, -22.733596652272229 ], [ -46.950537689179669, -22.733900575512649 ], [ -46.950482974282181, -22.734304443590691 ], [ -46.95028521754783, -22.734833112420603 ], [ -46.950003345461646, -22.735385288021611 ], [ -46.949470933886424, -22.735722128043182 ], [ -46.949062469328624, -22.735872646673727 ], [ -46.948545415443313, -22.736013384069516 ], [ -46.948221146498028, -22.736140574000032 ], [ -46.948101228596165, -22.736237645202923 ], [ -46.947913639277196, -22.736391335869854 ], [ -46.947694528405471, -22.736535569876356 ], [ -46.947468585367872, -22.736667879353671 ], [ -46.947283687472854, -22.736813320852789 ], [ -46.947166243724737, -22.736960467910023 ], [ -46.947040460509541, -22.737283947495357 ], [ -46.947010059726964, -22.737704943032437 ], [ -46.946785798306209, -22.738290538388235 ], [ -46.946286650208208, -22.738732864496907 ], [ -46.945609679132168, -22.738987401192418 ], [ -46.945075700447859, -22.739084818233227 ], [ -46.944700251853298, -22.738999739015107 ], [ -46.944337241141959, -22.738936987799963 ], [ -46.944058744037847, -22.738884402256442 ], [ -46.943817316900443, -22.73888734020332 ], [ -46.943373291818887, -22.738959641869943 ], [ -46.943118110814559, -22.739136720246069 ], [ -46.942872907372632, -22.739548320828568 ], [ -46.942666973267677, -22.740171155737034 ], [ -46.942561078091821, -22.740550907354063 ], [ -46.942431919743619, -22.741034134585593 ], [ -46.942263654402659, -22.741380246904981 ], [ -46.94151046761101, -22.741810119681716 ], [ -46.941271013954754, -22.741947460616412 ], [ -46.940935768010696, -22.742060595910903 ], [ -46.94063969268219, -22.742167747391772 ], [ -46.940445870383456, -22.742267787788798 ], [ -46.940358858415287, -22.742330959169902 ], [ -46.940082971934437, -22.742526250948405 ], [ -46.93982327364688, -22.742662752362286 ], [ -46.939655761403152, -22.742795515719077 ], [ -46.939349559782158, -22.743010133794964 ], [ -46.938521018080941, -22.743568387278557 ], [ -46.937947692570667, -22.743934308104723 ], [ -46.927646423976491, -22.749743991085492 ], [ -46.926344520400313, -22.750490812673085 ], [ -46.906269954648238, -22.761845001308174 ], [ -46.904940787783609, -22.762599930697114 ], [ -46.90496983805442, -22.762801367780277 ], [ -46.905216477466219, -22.763199553877158 ], [ -46.905445494242706, -22.763473358580281 ], [ -46.905881792911359, -22.763796962075773 ], [ -46.906009777451708, -22.764022496839154 ], [ -46.906160808624861, -22.764242429504044 ], [ -46.90611981468593, -22.764950380673302 ], [ -46.905986650916603, -22.765583594397992 ], [ -46.905908147380202, -22.766001551404479 ], [ -46.905871484880677, -22.76611366991694 ], [ -46.905690096257842, -22.76641963991873 ], [ -46.905147197015353, -22.766810187721784 ], [ -46.904896268960073, -22.766936600560197 ], [ -46.904225491643977, -22.766982344038958 ], [ -46.903650389246529, -22.766956161195594 ], [ -46.903333792469027, -22.76687507071728 ], [ -46.902996259782668, -22.76673753112502 ], [ -46.902404532595071, -22.76661250080657 ], [ -46.901783415242441, -22.766829090650763 ], [ -46.901281710595747, -22.767116572836663 ], [ -46.901203848807576, -22.767489198263309 ], [ -46.90142531713748, -22.767878842228029 ], [ -46.902194780196602, -22.768360183467582 ], [ -46.902492819322589, -22.768573582192207 ], [ -46.902526514377001, -22.768809001261911 ], [ -46.902418605621214, -22.769093326795971 ], [ -46.902302722956748, -22.769538091006982 ], [ -46.902326745324125, -22.769811363949266 ], [ -46.90267599934927, -22.770052500608141 ], [ -46.902902947929157, -22.770280830138258 ], [ -46.903000435537926, -22.770704180919875 ], [ -46.903115237101694, -22.770997948757078 ], [ -46.90316305807621, -22.771215413201418 ], [ -46.90297924112518, -22.771659814316219 ], [ -46.902786824224904, -22.771970517581774 ], [ -46.90271310539849, -22.772062673326271 ], [ -46.902634423056433, -22.772184862368903 ], [ -46.902294447716145, -22.772613429203552 ], [ -46.902026734126196, -22.7729027293108 ], [ -46.901874435662435, -22.773060915860711 ], [ -46.901833248906975, -22.773130834856619 ], [ -46.901761395546536, -22.77335767109297 ], [ -46.901749037000876, -22.773491438096773 ], [ -46.901751665674077, -22.773681092571785 ], [ -46.901770635635991, -22.773914249520477 ], [ -46.901814848911236, -22.774074246725483 ], [ -46.901838388757533, -22.774208398380445 ], [ -46.901944635227764, -22.77452790942942 ], [ -46.901955887621462, -22.774783548630676 ], [ -46.901079672763032, -22.775553998589828 ], [ -46.900965071404777, -22.775784684402367 ], [ -46.900824817998696, -22.775937399897103 ], [ -46.900728796201726, -22.77595010017971 ], [ -46.900567227987288, -22.77595536543107 ], [ -46.900512814773769, -22.775922698967662 ], [ -46.900457880407629, -22.775846612277096 ], [ -46.900403178678921, -22.775787315543887 ], [ -46.900304891445565, -22.775688632572688 ], [ -46.900217662099209, -22.775623042202881 ], [ -46.900138129667646, -22.775568194147667 ], [ -46.899882479878968, -22.775476892240054 ], [ -46.89958876862007, -22.775565346384969 ], [ -46.899481108114685, -22.775868356112575 ], [ -46.899156583542698, -22.776683508333729 ], [ -46.898833978218761, -22.776895000686636 ], [ -46.898544634328339, -22.777299303661543 ], [ -46.89823705070107, -22.777859562545395 ], [ -46.89828085694208, -22.778094771956471 ], [ -46.898426760128629, -22.778338336486755 ], [ -46.898663066253441, -22.778505347806373 ], [ -46.899174999473651, -22.778744554792496 ], [ -46.899635980071565, -22.778974796709708 ], [ -46.900335546240818, -22.779542022647068 ], [ -46.90071676852525, -22.779886426844186 ], [ -46.901034281388824, -22.78004307721837 ], [ -46.901539007264525, -22.780126622826149 ], [ -46.901956545184127, -22.780159383624301 ], [ -46.902345746158971, -22.780343344963825 ], [ -46.902552778985807, -22.780605045349446 ], [ -46.902734356112063, -22.781225564715704 ], [ -46.902741487879794, -22.78173964398577 ], [ -46.902685178293936, -22.782079871770332 ], [ -46.902788999496224, -22.782229677555922 ], [ -46.903281162533119, -22.782506754095145 ], [ -46.903814609196324, -22.78283055447816 ], [ -46.90418591580525, -22.783194027108092 ], [ -46.9046509811226, -22.78371672245693 ], [ -46.90500903098517, -22.783853920516172 ], [ -46.905204647421463, -22.784021407023364 ], [ -46.904993209320807, -22.784547485653611 ], [ -46.904866423262604, -22.784935773794686 ], [ -46.90452516678598, -22.785279404820553 ], [ -46.903922997543482, -22.785871540272794 ], [ -46.903317730697076, -22.786246669383772 ], [ -46.902515301358008, -22.786331630149707 ], [ -46.901569140192798, -22.786626133230104 ], [ -46.901007846408142, -22.786860519532226 ], [ -46.900613052446161, -22.787085426288176 ], [ -46.900424365147316, -22.787417841552493 ], [ -46.900458798522877, -22.787700469970861 ], [ -46.90047205205942, -22.787926652733187 ], [ -46.9002817958036, -22.788145961366443 ], [ -46.899943039542926, -22.788381664967162 ], [ -46.899689755926531, -22.78856723554135 ], [ -46.899415754228478, -22.788793499525035 ], [ -46.899313145775615, -22.788940078070766 ], [ -46.899289397618347, -22.78913880407768 ], [ -46.899372971222995, -22.789368844216987 ], [ -46.899551150822717, -22.789744106961592 ], [ -46.899536114243688, -22.790131060582453 ], [ -46.899431321240982, -22.790641688316093 ], [ -46.899388074084186, -22.791189321418887 ], [ -46.899241263742489, -22.791606103276251 ], [ -46.899175138488538, -22.791974796085466 ], [ -46.899139464553564, -22.792153260013812 ], [ -46.899130273025825, -22.792243382126376 ], [ -46.899112320317627, -22.792338754743074 ], [ -46.899024285630979, -22.792476672987711 ], [ -46.898891443807635, -22.792609166083086 ], [ -46.898893833399434, -22.792781669385047 ], [ -46.89889663566607, -22.792983961321209 ], [ -46.898848046574358, -22.79318090655385 ], [ -46.898728794941427, -22.793372734531033 ], [ -46.898502421613117, -22.793524758939629 ], [ -46.89831475133969, -22.793606803975479 ], [ -46.898000884650898, -22.793640243688003 ], [ -46.897596350923642, -22.793633231422028 ], [ -46.897008092678121, -22.793564031886238 ], [ -46.89675183089193, -22.793546947267203 ], [ -46.896664569982562, -22.793537873511443 ], [ -46.896491176320318, -22.793595460355299 ], [ -46.896247278767085, -22.793810346952551 ], [ -46.896178513382416, -22.794070098052366 ], [ -46.89615113167136, -22.794215509396487 ], [ -46.896115784300079, -22.794417894120219 ], [ -46.89601866242306, -22.794868751585447 ], [ -46.895944455241022, -22.795066091082667 ], [ -46.895838786717768, -22.795317162248089 ], [ -46.895784100557869, -22.795543972866025 ], [ -46.895768725062567, -22.79570973577275 ], [ -46.895781741845362, -22.79586116712564 ], [ -46.895814271182282, -22.79614011771222 ], [ -46.895869061814267, -22.796269203687164 ], [ -46.89597017760309, -22.796461117809447 ], [ -46.896100634560952, -22.796620180819207 ], [ -46.896199790607277, -22.796821326985008 ], [ -46.89622243671932, -22.797065003794252 ], [ -46.896090827292802, -22.79729868808845 ], [ -46.895882372894818, -22.797539154570533 ], [ -46.895646906253241, -22.797684783128219 ], [ -46.89530148873132, -22.797766262939241 ], [ -46.894999723127846, -22.797757932696332 ], [ -46.894760223127584, -22.797606123505588 ], [ -46.894577572107337, -22.797523156737178 ], [ -46.894478276492606, -22.79749770303545 ], [ -46.894074101263215, -22.797407075551053 ], [ -46.893556272852365, -22.797321317988345 ], [ -46.893367365132924, -22.79736671714743 ], [ -46.89304903862984, -22.7975489880696 ], [ -46.892890166665737, -22.797669958601261 ], [ -46.892700524191731, -22.797871556481262 ], [ -46.892634282986975, -22.798210003813249 ], [ -46.892774886683767, -22.798574705645034 ], [ -46.892925092426928, -22.798803055252193 ], [ -46.893101748584691, -22.799044994268829 ], [ -46.893310522646409, -22.799286371038875 ], [ -46.893628060576901, -22.799511739343565 ], [ -46.89397067908282, -22.799692208876358 ], [ -46.894376962482085, -22.799836078494305 ], [ -46.894610533554619, -22.800011883643322 ], [ -46.894680884318227, -22.800209129682734 ], [ -46.8947063384933, -22.800324931822558 ], [ -46.894647400323983, -22.801231898798722 ], [ -46.894680559835919, -22.801364763214337 ], [ -46.894536010315008, -22.80158659257809 ], [ -46.894409749903595, -22.80174292945852 ], [ -46.894336110233127, -22.801981701804888 ], [ -46.894415671927703, -22.80217125460134 ], [ -46.894457669100092, -22.802414701662727 ], [ -46.89433890033412, -22.802648232211574 ], [ -46.894027317910151, -22.802860128740267 ], [ -46.893759168225984, -22.803047583551294 ], [ -46.893610611184592, -22.803165633706922 ], [ -46.893443452537667, -22.803396398054186 ], [ -46.893366473472327, -22.803800518967616 ], [ -46.89335782296223, -22.80415092203204 ], [ -46.893467772311567, -22.804412250869216 ], [ -46.893647660431256, -22.804707237015577 ], [ -46.893818781322437, -22.805117438612509 ], [ -46.893986988022739, -22.805316772213491 ], [ -46.894136342963854, -22.805378286107803 ], [ -46.894276139483061, -22.805439732888754 ], [ -46.894339305861074, -22.805465706072383 ], [ -46.894538369540555, -22.805567346625011 ], [ -46.894631446418842, -22.805700220970433 ], [ -46.894647012370669, -22.805902361298784 ], [ -46.894746587011895, -22.806139164917294 ], [ -46.894839987075926, -22.806399876702592 ], [ -46.894860903493623, -22.806512662976001 ], [ -46.894883716268566, -22.806768345479675 ], [ -46.894925966531332, -22.807041492428976 ], [ -46.894813759833497, -22.807296703691819 ], [ -46.894676904392746, -22.80744224262186 ], [ -46.894491403527773, -22.80761878525421 ], [ -46.894359763439084, -22.807746566379024 ], [ -46.894302491234072, -22.807908764331859 ], [ -46.894329998772498, -22.808039348459157 ], [ -46.8944286716928, -22.808216666054275 ], [ -46.894470592530858, -22.80846020403434 ], [ -46.894462391917713, -22.808796426978709 ], [ -46.894383315991462, -22.809112727228118 ], [ -46.89423982780658, -22.809406048527109 ], [ -46.894147080414804, -22.809668882792746 ], [ -46.894034810531572, -22.809902336059579 ], [ -46.893845775071171, -22.81016044613704 ], [ -46.89369540724109, -22.810421075882349 ], [ -46.893672834570999, -22.810647414020988 ], [ -46.893625797417556, -22.810957464828647 ], [ -46.893610543446876, -22.811120607817763 ], [ -46.893576125814164, -22.811442967773587 ], [ -46.893524354561762, -22.811677868650897 ], [ -46.893457885330534, -22.812069676320121 ], [ -46.893433361807539, -22.812201420494745 ], [ -46.893240995668812, -22.812445485377246 ], [ -46.89315910970948, -22.812483293938239 ], [ -46.893044453646894, -22.812550201930836 ], [ -46.892859779316012, -22.812653513312203 ], [ -46.892586555689334, -22.812853035080131 ], [ -46.89233952687583, -22.813094046608914 ], [ -46.892118274712779, -22.813334661426993 ], [ -46.891898259174617, -22.813676469140706 ], [ -46.891744918744116, -22.813955008797716 ], [ -46.891582639764273, -22.814290081664428 ], [ -46.89148411752177, -22.814594784541352 ], [ -46.891417799386488, -22.814904973515226 ], [ -46.891357086018814, -22.815161557793406 ], [ -46.891362016099208, -22.815518480400748 ], [ -46.891320137575448, -22.815702343398303 ], [ -46.891296333803147, -22.815868928243333 ], [ -46.89125000364119, -22.816073609283592 ], [ -46.8912180644421, -22.816186210847963 ], [ -46.891146008301746, -22.816325290248376 ], [ -46.891061172729216, -22.816492870337122 ], [ -46.890955928781544, -22.81679377055433 ], [ -46.890824617626649, -22.817039275137635 ], [ -46.890550893361585, -22.817209186898666 ], [ -46.890443765802331, -22.817239980796806 ], [ -46.890312883460879, -22.817289745171625 ], [ -46.89022059792341, -22.817348350731326 ], [ -46.890001246436327, -22.817500462629585 ], [ -46.889616806991938, -22.817738225266076 ], [ -46.889445317327095, -22.817796505832739 ], [ -46.889196545413306, -22.817900573607915 ], [ -46.888947695919676, -22.818010690935157 ], [ -46.888711365704872, -22.818096734319379 ], [ -46.888558972311912, -22.818217624981621 ], [ -46.888433058160061, -22.818400587623557 ], [ -46.888276042734518, -22.81864648536542 ], [ -46.888112025473177, -22.818850664641417 ], [ -46.88790311869473, -22.819067383460784 ], [ -46.887700554020221, -22.819278068168 ], [ -46.887588127587463, -22.819361648695377 ], [ -46.887155284222509, -22.819462567648415 ], [ -46.886876518307311, -22.819494670129224 ], [ -46.88651331346248, -22.819403090307766 ], [ -46.88621210824472, -22.81931068528678 ], [ -46.885868570104151, -22.81914231050466 ], [ -46.88507665136904, -22.818710646975095 ], [ -46.884595731020923, -22.818481689275643 ], [ -46.884376133118479, -22.818383078739952 ], [ -46.884008966755935, -22.818330181248676 ], [ -46.88358106770572, -22.818446019093354 ], [ -46.883300662517975, -22.818598302369686 ], [ -46.882919004002254, -22.818846670221568 ], [ -46.882664948193536, -22.819040171587176 ], [ -46.882404711610327, -22.819257399978305 ], [ -46.882087057323211, -22.819493272815727 ], [ -46.881742796347794, -22.819727834244613 ], [ -46.881652167436243, -22.819901527455489 ], [ -46.881624116537537, -22.820122331942883 ], [ -46.881608169892772, -22.820224450762286 ], [ -46.881591566553276, -22.820272948729698 ], [ -46.881538152675304, -22.820425075910187 ], [ -46.881425034380548, -22.820598944356423 ], [ -46.881311178913982, -22.820719192830126 ], [ -46.88107639394773, -22.820918423084965 ], [ -46.880815252112008, -22.821070204050173 ], [ -46.880540032888689, -22.821126991591985 ], [ -46.880263180457597, -22.821064894063742 ], [ -46.880003071618098, -22.820976145256086 ], [ -46.879759567670675, -22.820850635082344 ], [ -46.879524192574699, -22.820773059647465 ], [ -46.879363481089207, -22.820751120763951 ], [ -46.879158041401396, -22.820753544302047 ], [ -46.878850043900172, -22.820763135941803 ], [ -46.87847795824085, -22.820779441464534 ], [ -46.878195251884321, -22.820758939898958 ], [ -46.878019814335367, -22.820600393042554 ], [ -46.877914322127324, -22.820405359276304 ], [ -46.877860716614144, -22.820239326944233 ], [ -46.877845582070577, -22.820072931389291 ], [ -46.877817022928284, -22.819858933838187 ], [ -46.87777488362552, -22.819597697244774 ], [ -46.877707776280467, -22.819384244296256 ], [ -46.877586902402015, -22.818992933503132 ], [ -46.877427153002635, -22.81857824571345 ], [ -46.877177943485506, -22.818188446783214 ], [ -46.876942647113431, -22.81788181562872 ], [ -46.876808970584406, -22.817792654962734 ], [ -46.876672008007993, -22.817721589692525 ], [ -46.876477792960458, -22.8176753044769 ], [ -46.876299865656598, -22.817662864291226 ], [ -46.876146995754752, -22.817673602689482 ], [ -46.875449445753091, -22.817707546507513 ], [ -46.875005700320337, -22.817734257134752 ], [ -46.874661995467271, -22.817593576332065 ], [ -46.874391161485676, -22.817377823878264 ], [ -46.873694227032765, -22.816998883197645 ], [ -46.873265502515359, -22.81680827874337 ], [ -46.872836564012495, -22.816907307306149 ], [ -46.872259685056697, -22.817289489232344 ], [ -46.871267330103748, -22.817527941817325 ], [ -46.87031529129294, -22.817625071625368 ], [ -46.869470315564904, -22.817533419026859 ], [ -46.868771295832033, -22.817306880526878 ], [ -46.868282067474908, -22.817320472951078 ], [ -46.867716837737682, -22.817327100113427 ], [ -46.867331201112428, -22.817503702505842 ], [ -46.867340000329648, -22.818148861925923 ], [ -46.867376124814271, -22.818942309096794 ], [ -46.867383056963561, -22.819450528884101 ], [ -46.867308437532081, -22.820163295818173 ], [ -46.867174037536465, -22.820821780219571 ], [ -46.867284139695897, -22.821473606747322 ], [ -46.867333451421942, -22.821997039098431 ], [ -46.867349459031487, -22.822552190468524 ], [ -46.867451664287373, -22.823243202323411 ], [ -46.867524219324395, -22.824227805114887 ], [ -46.867603661975195, -22.825098929855891 ], [ -46.867697704298571, -22.825809538304551 ], [ -46.867720759856972, -22.826262856249212 ], [ -46.86773263491034, -22.826520839784873 ], [ -46.867822705071575, -22.826934368967997 ], [ -46.867852941543894, -22.827301651955789 ], [ -46.867737836335365, -22.827514086492553 ], [ -46.867391377095096, -22.827479055995823 ], [ -46.867103070719558, -22.827372921254298 ], [ -46.866671424450836, -22.827276230474123 ], [ -46.866158114599124, -22.827376231816231 ], [ -46.865682250150734, -22.827365194567218 ], [ -46.865175272569388, -22.827199050564872 ], [ -46.865027137733918, -22.827045315585828 ], [ -46.864820927854232, -22.826773897596176 ], [ -46.864536583696221, -22.826339256943157 ], [ -46.864336413703612, -22.825891893439611 ], [ -46.864145771752312, -22.825518812447072 ], [ -46.863963481297098, -22.82514545285159 ], [ -46.863741476012798, -22.824952494594282 ], [ -46.8635527786765, -22.824727907874458 ], [ -46.863373340173382, -22.824557924964264 ], [ -46.863238329668043, -22.824559504333855 ], [ -46.862878099678291, -22.824751509516297 ], [ -46.862333719627109, -22.825047146932899 ], [ -46.861869122977815, -22.82531467436543 ], [ -46.861559167679438, -22.825482524804581 ], [ -46.861308750405449, -22.825681007659341 ], [ -46.861118852805845, -22.825988207855929 ], [ -46.861105044721725, -22.826207399480829 ], [ -46.861178704821761, -22.826667982969475 ], [ -46.861224354663598, -22.826917718213124 ], [ -46.861313048584215, -22.827237372314386 ], [ -46.861376123744932, -22.827533851773115 ], [ -46.861430739371102, -22.827822575302431 ], [ -46.861426639966027, -22.828147196002931 ], [ -46.861236496966207, -22.829056687208553 ], [ -46.861101584307384, -22.829680053219779 ], [ -46.860996734926282, -22.830033207466833 ], [ -46.860917105271724, -22.830386066958894 ], [ -46.860870971738983, -22.830715151327087 ], [ -46.860840959935651, -22.830989244609302 ], [ -46.860777000193558, -22.831248025064131 ], [ -46.860755448230591, -22.831529874227709 ], [ -46.860784232428706, -22.83177980648874 ], [ -46.860878716021745, -22.832058313448908 ], [ -46.860957197672953, -22.832252952482754 ], [ -46.860985557648462, -22.832471651188587 ], [ -46.861014101419343, -22.832709758892101 ], [ -46.861016921924055, -22.832917109353797 ], [ -46.860977624427086, -22.833128653707849 ], [ -46.86089275525363, -22.83339760984628 ], [ -46.860716202888071, -22.833605882759251 ], [ -46.860458641398353, -22.833723192425172 ], [ -46.860192454778648, -22.833820649585704 ], [ -46.860191576155515, -22.833821020987958 ], [ -46.86013262645023, -22.833863511360597 ], [ -46.86007615002579, -22.833898840346592 ], [ -46.860025551204473, -22.833941052562373 ], [ -46.859935987912579, -22.834036265476964 ], [ -46.859889216870904, -22.834082315175863 ], [ -46.859846181078659, -22.834131300622513 ], [ -46.85981092728727, -22.834185431666334 ], [ -46.85978690687017, -22.834244487431576 ], [ -46.859774978832782, -22.834306652199604 ], [ -46.859765224376069, -22.834369152717962 ], [ -46.859746931285464, -22.834429947274607 ], [ -46.859716366715467, -22.834486280645645 ], [ -46.859672598030201, -22.834534552337242 ], [ -46.859619553619488, -22.834574174752586 ], [ -46.859561112237579, -22.834606817989616 ], [ -46.859498219343564, -22.834631116733341 ], [ -46.859431895815256, -22.834645343650813 ], [ -46.859364372924688, -22.834654077191662 ], [ -46.859297203209167, -22.8346651539776 ], [ -46.859230710405924, -22.834678750798144 ], [ -46.859096538911594, -22.834701443978076 ], [ -46.859030729120043, -22.834718012131525 ], [ -46.858840480841231, -22.834787766050223 ], [ -46.858781540061244, -22.834819150861676 ], [ -46.858731917843727, -22.834862344430899 ], [ -46.858695688524911, -22.834915674084357 ], [ -46.858674893877087, -22.83497568518445 ], [ -46.858650798180179, -22.835100197970938 ], [ -46.858635970623219, -22.835161854818892 ], [ -46.858616872494487, -22.835222568385944 ], [ -46.858600352016595, -22.835283793569953 ], [ -46.858593252518368, -22.835346624189789 ], [ -46.858589449904251, -22.835409687178963 ], [ -46.858579293249086, -22.835472192345428 ], [ -46.858562290799028, -22.835533423152302 ], [ -46.858521915867222, -22.83565415342537 ], [ -46.858505719051045, -22.835715555392863 ], [ -46.858480010538898, -22.835839635561463 ], [ -46.858464458720555, -22.835901210566135 ], [ -46.858390885368301, -22.836144663847055 ], [ -46.8583703338589, -22.836204852647679 ], [ -46.858294560207781, -22.836380979315674 ], [ -46.858263593029655, -22.836437317150448 ], [ -46.858223475770927, -22.836488344698502 ], [ -46.858187651155887, -22.836541940391033 ], [ -46.858185020116807, -22.836555242923481 ], [ -46.85817531451633, -22.836603658419566 ], [ -46.858179786206279, -22.836666715119868 ], [ -46.858190594832898, -22.836729065870536 ], [ -46.858208614147166, -22.836789978196101 ], [ -46.858235031834894, -22.83684817424859 ], [ -46.85826991351162, -22.836902569843247 ], [ -46.858311642910955, -22.836952461562504 ], [ -46.858355123506655, -22.837001159130192 ], [ -46.85839526244898, -22.83705224308617 ], [ -46.858429982372257, -22.837106550241657 ], [ -46.858486974055673, -22.837221358893231 ], [ -46.858553865829265, -22.837331628009778 ], [ -46.858606701758745, -22.837448019953083 ], [ -46.858642777559872, -22.837501588945415 ], [ -46.858683235605817, -22.837552488517733 ], [ -46.858715880864601, -22.837607812944281 ], [ -46.858740701063716, -22.837666659528409 ], [ -46.85876775807732, -22.837724577147686 ], [ -46.85879849282454, -22.837781187840026 ], [ -46.858825789632277, -22.837839012361989 ], [ -46.858850050115244, -22.837898046026481 ], [ -46.858880700935771, -22.837954386824261 ], [ -46.858920680951059, -22.838005562756223 ], [ -46.858963446562569, -22.838054810176782 ], [ -46.859004620453454, -22.838105159583435 ], [ -46.859042371126606, -22.838157806061691 ], [ -46.859075258886811, -22.838213217847752 ], [ -46.859103036624298, -22.838270946407938 ], [ -46.859125538778727, -22.838330632540519 ], [ -46.859143959159944, -22.83839144974705 ], [ -46.85916005875459, -22.838452926042702 ], [ -46.859189372464449, -22.838576363744043 ], [ -46.859198015469339, -22.838638920238314 ], [ -46.859195902420389, -22.838702144046792 ], [ -46.859178726956138, -22.838827478901447 ], [ -46.859158556069744, -22.839016138149795 ], [ -46.859148238887975, -22.839078645202335 ], [ -46.859123820667683, -22.839203071500958 ], [ -46.859117283617856, -22.839265895546433 ], [ -46.85912183501928, -22.839328860957654 ], [ -46.859140654735874, -22.839389492918244 ], [ -46.859170348294867, -22.83944629622712 ], [ -46.859207223231664, -22.839499494568365 ], [ -46.859326291453222, -22.839653754419391 ], [ -46.859410549956145, -22.839753076363586 ], [ -46.859445351359014, -22.839807382269861 ], [ -46.85947296897411, -22.839865112599139 ], [ -46.859495791673858, -22.839924704617083 ], [ -46.859513731764366, -22.839985617643602 ], [ -46.85952550526963, -22.840047956962628 ], [ -46.859531101135531, -22.840110910145025 ], [ -46.859532281592628, -22.840174095470168 ], [ -46.859529605227458, -22.840237235560512 ], [ -46.85952347120493, -22.840300145184738 ], [ -46.85951315291279, -22.840362561976654 ], [ -46.859497036479638, -22.840423963079896 ], [ -46.859475035435921, -22.840483898080894 ], [ -46.85942602613347, -22.840601840302817 ], [ -46.859398855993099, -22.840659759128751 ], [ -46.859366431552907, -22.840715301640053 ], [ -46.859326800455477, -22.840766684947496 ], [ -46.859279619303919, -22.840812287936558 ], [ -46.859229997680451, -22.840855662304083 ], [ -46.859183872967598, -22.840902155774049 ], [ -46.859143107376376, -22.840952830015137 ], [ -46.859107284556814, -22.84100660648005 ], [ -46.859075749637896, -22.841062589975007 ], [ -46.859046721964503, -22.841119808167679 ], [ -46.859019713450529, -22.841177815336799 ], [ -46.858969168765618, -22.841295143382375 ], [ -46.858937633730555, -22.841351126856161 ], [ -46.858902621353209, -22.841405435525548 ], [ -46.858876742197126, -22.841463790625035 ], [ -46.85886682518823, -22.84152620270191 ], [ -46.858861736308754, -22.841589190391588 ], [ -46.858852867205009, -22.841651861084554 ], [ -46.858839570356842, -22.841713861203669 ], [ -46.858822808442063, -22.841775089222708 ], [ -46.858783563024687, -22.841896257798581 ], [ -46.858766801068271, -22.841957485813513 ], [ -46.858757527825524, -22.842019980652282 ], [ -46.85875396754404, -22.842083131058981 ], [ -46.858750309679053, -22.84239916936183 ], [ -46.858754386651903, -22.842651827937214 ], [ -46.858746439373952, -22.842841427795307 ], [ -46.858747674008946, -22.842967721321802 ], [ -46.858746605084754, -22.843030932916498 ], [ -46.858740149366398, -22.843093846273614 ], [ -46.858707103321628, -22.84328103066262 ], [ -46.858677608921909, -22.843404432756397 ], [ -46.858665196706674, -22.843466512817315 ], [ -46.858654879117545, -22.843529019841906 ], [ -46.858639243990083, -22.843590415257729 ], [ -46.858593705506287, -22.843709671021752 ], [ -46.858558810618675, -22.843831781888408 ], [ -46.858513835515964, -22.843951121340925 ], [ -46.858496428183699, -22.84401217629987 ], [ -46.858483533887537, -22.844074261978459 ], [ -46.858473216189921, -22.844136768995291 ], [ -46.858465875504159, -22.844199602391182 ], [ -46.858463198709273, -22.844262742471155 ], [ -46.858464168682517, -22.844452328477868 ], [ -46.858468641040503, -22.84451538508543 ], [ -46.858479131837186, -22.844577920000344 ], [ -46.858494509132512, -22.8446394047307 ], [ -46.858513731127246, -22.844700032007744 ], [ -46.858535833893974, -22.844759813084799 ], [ -46.858608780076359, -22.844936911953997 ], [ -46.858636640763038, -22.844994729804274 ], [ -46.85867072532438, -22.845049405300486 ], [ -46.858711582561547, -22.845099938901125 ], [ -46.858758482163701, -22.845145797422649 ], [ -46.858859657463697, -22.845230476377111 ], [ -46.858907272748333, -22.84527578478437 ], [ -46.858947332999101, -22.845326779044552 ], [ -46.859016143971616, -22.845436032087083 ], [ -46.859053099747385, -22.84548913911501 ], [ -46.859091887142874, -22.845541051041867 ], [ -46.859128126162268, -22.845594617842323 ], [ -46.859152865465965, -22.845653284596754 ], [ -46.859162150549295, -22.845715743235633 ], [ -46.859161563862777, -22.845778949171564 ], [ -46.859155027976023, -22.845841863459189 ], [ -46.85914390600712, -22.845904289607596 ], [ -46.859128594681707, -22.845965861844636 ], [ -46.859108849326745, -22.846026312174065 ], [ -46.859085795761878, -22.846085717729199 ], [ -46.859065729060525, -22.846146171807828 ], [ -46.859054684909943, -22.846208416473683 ], [ -46.859042578193097, -22.846334324053846 ], [ -46.859038536113246, -22.846397480062677 ], [ -46.859042687553192, -22.846460540370753 ], [ -46.859056303053805, -22.846522406723903 ], [ -46.859078086320821, -22.84658228170057 ], [ -46.859128369847483, -22.846699696071877 ], [ -46.859150553596095, -22.846759476071867 ], [ -46.859174736994284, -22.846818600718645 ], [ -46.859201318005894, -22.846876794509299 ], [ -46.859225660880384, -22.846935826997949 ], [ -46.859241360168809, -22.846997307845712 ], [ -46.859250726987376, -22.84705985579242 ], [ -46.859261857372275, -22.847122112283099 ], [ -46.859284439223039, -22.847181616750976 ], [ -46.859321871458818, -22.847234266686762 ], [ -46.85940836094575, -22.84733184682738 ], [ -46.859448503592532, -22.847382930228243 ], [ -46.859484342871333, -22.847436591856738 ], [ -46.859513719712851, -22.847493579216177 ], [ -46.859555525928833, -22.847613800976895 ], [ -46.859581147010111, -22.847672276750266 ], [ -46.859610605506099, -22.847729353415659 ], [ -46.859665764284088, -22.847844814618995 ], [ -46.85972419947894, -22.847958973530901 ], [ -46.859751738791061, -22.848016704577745 ], [ -46.859846313057126, -22.848253769568746 ], [ -46.85991134361857, -22.848433397754821 ], [ -46.85992407737249, -22.848495364576532 ], [ -46.859926060452153, -22.848558450161288 ], [ -46.859937028199731, -22.848620527902764 ], [ -46.85997398036082, -22.848673273536058 ], [ -46.860013005162827, -22.848724821239408 ], [ -46.860008856197396, -22.848785992229015 ], [ -46.859940520792001, -22.848894951498128 ], [ -46.859897393192256, -22.84901426970811 ], [ -46.859854264186474, -22.849062624429699 ], [ -46.859797449331055, -22.849097144998279 ], [ -46.859736119271098, -22.849124585846653 ], [ -46.859673711736598, -22.849149601585509 ], [ -46.859612050480848, -22.849176323983716 ], [ -46.859490459031697, -22.849232998723263 ], [ -46.859430528836334, -22.849262951066049 ], [ -46.859374781405002, -22.849299174424598 ], [ -46.859324825796044, -22.84934183057365 ], [ -46.859278616917308, -22.849388234879939 ], [ -46.859235493710401, -22.849437040803977 ], [ -46.859196181605853, -22.849488420442299 ], [ -46.859159061720447, -22.849541489865665 ], [ -46.859081170163755, -22.849644962817685 ], [ -46.85905084092601, -22.849701112846958 ], [ -46.859036891201164, -22.849762398315836 ], [ -46.859029307226358, -22.849825053973611 ], [ -46.859015805630165, -22.849877937760059 ], [ -46.85897638859484, -22.849939340143493 ], [ -46.858843842200656, -22.850082634828091 ], [ -46.858795925102534, -22.850127524130752 ], [ -46.858746137042232, -22.850170719869521 ], [ -46.858700576479336, -22.850217567879113 ], [ -46.858667339102055, -22.850272578115415 ], [ -46.858643719994596, -22.850331809663853 ], [ -46.858617112666636, -22.850389902411827 ], [ -46.858582340337286, -22.850444298569354 ], [ -46.858542707617204, -22.850495772098096 ], [ -46.858459303475968, -22.850595697792812 ], [ -46.8582967953406, -22.850798658807868 ], [ -46.858103005127901, -22.851058683525107 ], [ -46.858062801148314, -22.851109531629398 ], [ -46.858014230973495, -22.851153706074737 ], [ -46.857957500013057, -22.851188586208071 ], [ -46.857895841161728, -22.851215578827663 ], [ -46.857767467346456, -22.851258156904947 ], [ -46.857702317948551, -22.851276613183291 ], [ -46.857635132617247, -22.851287148174045 ], [ -46.857498841882702, -22.85129108644605 ], [ -46.857430857485838, -22.851296033045109 ], [ -46.857363147194825, -22.851303414095295 ], [ -46.857296132288944, -22.851314669231037 ], [ -46.857233720811422, -22.851339503561416 ], [ -46.857174279754759, -22.851393735923487 ], [ -46.857149643103824, -22.851437269674232 ], [ -46.857122066056128, -22.851495012389993 ], [ -46.857101512186766, -22.851555201106297 ], [ -46.857087568807607, -22.851617028081616 ], [ -46.857076444389357, -22.851679363865941 ], [ -46.857050170350263, -22.851803450414344 ], [ -46.857006718068071, -22.852052871624256 ], [ -46.857000181104304, -22.852115785861777 ], [ -46.856997744752682, -22.852178923100336 ], [ -46.856990161012661, -22.852241668983591 ], [ -46.856971140666403, -22.852302381498376 ], [ -46.856921962571846, -22.852420144540606 ], [ -46.856900280173527, -22.852480075552638 ], [ -46.856883919312217, -22.852541389016753 ], [ -46.856872472201324, -22.852603638270523 ], [ -46.856855778267324, -22.852729147839337 ], [ -46.856843086904213, -22.852788522508813 ], [ -46.856839009556971, -22.852801841895396 ], [ -46.856810237510025, -22.852913588595513 ], [ -46.856804078110898, -22.853039787795691 ], [ -46.856785570004085, -22.853291987558997 ], [ -46.856782119143588, -22.853481534807372 ], [ -46.856778717493853, -22.853544593018974 ], [ -46.856763471870721, -22.853670266244706 ], [ -46.856759104991802, -22.853733245433723 ], [ -46.856760365103895, -22.853796429816637 ], [ -46.856767244856655, -22.853859277772209 ], [ -46.856776932598265, -22.853921822107761 ], [ -46.856784614474591, -22.853984570416721 ], [ -46.856783842968525, -22.854057890356966 ], [ -46.856765152819754, -22.854172498790422 ], [ -46.856753059228893, -22.854234484724969 ], [ -46.856720869421991, -22.854289843538851 ], [ -46.856679932457816, -22.854340067916471 ], [ -46.856653963834475, -22.854397972375967 ], [ -46.8566296195294, -22.854522216918429 ], [ -46.856614546159278, -22.854583695906889 ], [ -46.856601890142201, -22.854645688395141 ], [ -46.856577445069718, -22.854833494328357 ], [ -46.856547287666949, -22.855020734916764 ], [ -46.8565331639902, -22.855146214460621 ], [ -46.856524130286118, -22.855208706385824 ], [ -46.856501475239469, -22.855333111770612 ], [ -46.85649195828465, -22.855395519048109 ], [ -46.856488395852622, -22.855458579125742 ], [ -46.856489814132487, -22.855521581090247 ], [ -46.856495624292826, -22.855647640607121 ], [ -46.856495999466496, -22.855710745024986 ], [ -46.856490425004722, -22.855773557723353 ], [ -46.856472286511185, -22.855834169619516 ], [ -46.856446161798289, -22.855892437014326 ], [ -46.856431729688843, -22.855953818222357 ], [ -46.856437322900163, -22.856016590905483 ], [ -46.856437132041322, -22.856079431073258 ], [ -46.856407930039943, -22.856135928679777 ], [ -46.856361879879515, -22.856182420713818 ], [ -46.856260093359971, -22.856266218456529 ], [ -46.856207526832584, -22.856306195711525 ], [ -46.856152428214422, -22.85634313281972 ], [ -46.856095121297258, -22.856377206570027 ], [ -46.856036666371196, -22.856409578288936 ], [ -46.855979602851271, -22.856443829729969 ], [ -46.85592890470916, -22.856485319940916 ], [ -46.855902751457471, -22.85654151105286 ], [ -46.855890061828951, -22.856612893469062 ], [ -46.855873308358568, -22.856663106449002 ], [ -46.855858554593588, -22.856724491369903 ], [ -46.855878966641043, -22.856783931276251 ], [ -46.855918234758057, -22.856835567342635 ], [ -46.855954157037594, -22.856889318967148 ], [ -46.855981856341003, -22.856946958447512 ], [ -46.856005879877308, -22.857006085350175 ], [ -46.856050408214635, -22.857125553884909 ], [ -46.856069471886165, -22.857186273467327 ], [ -46.856082767387946, -22.857248234033186 ], [ -46.856087078854493, -22.857311292531008 ], [ -46.856077561639992, -22.8573736997906 ], [ -46.856054262955745, -22.857433017581034 ], [ -46.856001692520046, -22.857549646290412 ], [ -46.855969019706855, -22.857605010624738 ], [ -46.855924349343795, -22.85765256987656 ], [ -46.855877975968717, -22.857698975284976 ], [ -46.855839149766965, -22.857750890281434 ], [ -46.855802510983118, -22.857804134021368 ], [ -46.855758086408862, -22.857852051502729 ], [ -46.855708701268114, -22.85789560289545 ], [ -46.85561278063787, -22.857985471220374 ], [ -46.855471226891119, -22.858063863854909 ], [ -46.855215073583388, -22.858229362911416 ], [ -46.855155140982305, -22.858259494473725 ], [ -46.855092649315438, -22.858284599925465 ], [ -46.855028503114603, -22.858306203552253 ], [ -46.854967825354343, -22.85833471861617 ], [ -46.854917052013498, -22.858376660849075 ], [ -46.854877412093835, -22.85842786284838 ], [ -46.854847733109182, -22.858484817198615 ], [ -46.854825563328916, -22.858544482817177 ], [ -46.854807670943003, -22.858605543117427 ], [ -46.854794209276804, -22.858667454606433 ], [ -46.854778398025232, -22.858793044009296 ], [ -46.854767916122007, -22.858855462464568 ], [ -46.854753085030957, -22.858917119062273 ], [ -46.854735191350642, -22.858978089086865 ], [ -46.854713346477325, -22.859038021759016 ], [ -46.854685928977176, -22.85909585256632 ], [ -46.854651151840905, -22.859150157787322 ], [ -46.854608510989159, -22.859199318174014 ], [ -46.854558474957976, -22.859242335129856 ], [ -46.854449018319492, -22.859317734540181 ], [ -46.854397674758502, -22.859359141570931 ], [ -46.854353898014438, -22.859407502576573 ], [ -46.854311991030421, -22.859457466898608 ], [ -46.854265453382425, -22.859503693235702 ], [ -46.854213949022537, -22.859545102087157 ], [ -46.854159015370719, -22.859582488090268 ], [ -46.854043992449512, -22.85965036822429 ], [ -46.853987423801541, -22.859685696684117 ], [ -46.853935673376654, -22.859726747182521 ], [ -46.853890271245142, -22.859773772747847 ], [ -46.853850390770127, -22.859825067613347 ], [ -46.853816260717316, -22.859879726272766 ], [ -46.853789166480468, -22.859937733751664 ], [ -46.853768772022804, -22.85999801055533 ], [ -46.853751927068217, -22.860059329411069 ], [ -46.853738948069967, -22.860121325494593 ], [ -46.853731362659992, -22.860184071290941 ], [ -46.853729567631682, -22.860247201039179 ], [ -46.8537332906985, -22.860373555889886 ], [ -46.853732219933917, -22.860436767482103 ], [ -46.853724876750555, -22.860499600738997 ], [ -46.853711576364667, -22.860561600565017 ], [ -46.853693682051187, -22.860622570505313 ], [ -46.853672156626331, -22.860682409055578 ], [ -46.853598304713351, -22.860859324234511 ], [ -46.853570320384009, -22.860916890633938 ], [ -46.853545515727603, -22.860948237491279 ], [ -46.853466355437092, -22.860994482580796 ], [ -46.853401366352507, -22.861013296629043 ], [ -46.853334267176102, -22.861024641623949 ], [ -46.853266187540399, -22.86102886554054 ], [ -46.853198018514561, -22.861026499703655 ], [ -46.853130343285308, -22.861019072155244 ], [ -46.852996024520081, -22.860997343333981 ], [ -46.85292992376494, -22.860981591188096 ], [ -46.852864981564757, -22.86096239471016 ], [ -46.852798883286113, -22.860946823048071 ], [ -46.852731288442811, -22.860939394390051 ], [ -46.85266325442273, -22.860935130774301 ], [ -46.852595424696069, -22.860928156215557 ], [ -46.852528339597185, -22.860916839300966 ], [ -46.852396452263939, -22.860884789216065 ], [ -46.852262959894325, -22.860858806767208 ], [ -46.852197707491001, -22.860840426180214 ], [ -46.852164893483426, -22.860826272415174 ], [ -46.852084520438225, -22.860771231742564 ], [ -46.852033095440824, -22.860729667556182 ], [ -46.85198024765122, -22.860689835320049 ], [ -46.851925738503645, -22.860651918378966 ], [ -46.851872650986131, -22.860612179178528 ], [ -46.851823605641904, -22.860568330103447 ], [ -46.851730991026486, -22.860475602514125 ], [ -46.851504179438933, -22.860239620335076 ], [ -46.85140830936718, -22.86014972923817 ], [ -46.851309504870379, -22.860062671043746 ], [ -46.851256418981748, -22.860023021878234 ], [ -46.851198440292698, -22.859989930113414 ], [ -46.851134664681851, -22.8599678302072 ], [ -46.851067077701344, -22.859960942424919 ], [ -46.851000130879392, -22.859971652653222 ], [ -46.850939618235138, -22.860000615760637 ], [ -46.850885092448571, -22.860038537650276 ], [ -46.85077987776269, -22.860118850969492 ], [ -46.85073057171131, -22.86016249029856 ], [ -46.850687036812232, -22.86021102812937 ], [ -46.850618611977715, -22.86032025585731 ], [ -46.850574206372102, -22.860363838138749 ], [ -46.850507564243905, -22.860385198206334 ], [ -46.850439817097389, -22.860390229593079 ], [ -46.850371709473833, -22.860392376037638 ], [ -46.850304410454939, -22.860400832968715 ], [ -46.850240084591483, -22.860421172857336 ], [ -46.850177427794918, -22.860446097823417 ], [ -46.850051188859247, -22.860492888770018 ], [ -46.849991496248734, -22.860523105985902 ], [ -46.849932790881361, -22.860555027107818 ], [ -46.84987145113503, -22.860582284043339 ], [ -46.849807957816061, -22.860604780914027 ], [ -46.84955016659184, -22.860685784081387 ], [ -46.849488164450058, -22.860711604023237 ], [ -46.849430605592453, -22.86074513676358 ], [ -46.84938137553884, -22.860788503969079 ], [ -46.849340435187827, -22.860838816994701 ], [ -46.84930144123652, -22.860890461654272 ], [ -46.84925936754766, -22.860940155843924 ], [ -46.849213392416104, -22.860986554843681 ], [ -46.849164488444877, -22.861030279337278 ], [ -46.849116890614717, -22.861075523473843 ], [ -46.849075218491649, -22.861125212952828 ], [ -46.849040355793981, -22.861179337507256 ], [ -46.849012206307521, -22.861236724559593 ], [ -46.848987611209395, -22.861295514850202 ], [ -46.848935433793045, -22.861412046725558 ], [ -46.848849044681288, -22.86158332753299 ], [ -46.848823480517325, -22.861641767927022 ], [ -46.848805017843389, -22.861702473186561 ], [ -46.848796141041703, -22.861764963017897 ], [ -46.84879104745589, -22.861827950589266 ], [ -46.848787963543522, -22.861891005089177 ], [ -46.848792912230081, -22.861953875951794 ], [ -46.848822059049859, -22.862077046559826 ], [ -46.84885536227879, -22.862263909783707 ], [ -46.848870336223086, -22.862325400138033 ], [ -46.848906293663525, -22.862447137292502 ], [ -46.848919744889791, -22.862508916190375 ], [ -46.848951843321785, -22.862695793375142 ], [ -46.848980992935772, -22.862819144464133 ], [ -46.848992440663274, -22.862881307775009 ], [ -46.849009001606959, -22.863006610866421 ], [ -46.849052710027543, -22.863255739708993 ], [ -46.849091143461308, -22.863441640346981 ], [ -46.849107720796326, -22.863502841166145 ], [ -46.849130059350358, -22.863562259604286 ], [ -46.849171338419914, -22.863620013306928 ], [ -46.849203597229526, -22.863670287952445 ], [ -46.849215435837024, -22.863707889282562 ], [ -46.849201461150606, -22.863791474689418 ], [ -46.849171373360548, -22.86384816203476 ], [ -46.849143707946411, -22.863905724061823 ], [ -46.849111293642551, -22.864027985047542 ], [ -46.849085164396406, -22.864086251485961 ], [ -46.849020051214858, -22.864196974993785 ], [ -46.848894839818264, -22.864420891620185 ], [ -46.848860462007956, -22.864475281382148 ], [ -46.848822685467873, -22.864527904949306 ], [ -46.848742181485925, -22.864629507934087 ], [ -46.848705698848867, -22.864682748431047 ], [ -46.848680696521896, -22.864741182286572 ], [ -46.848671174409091, -22.864803499034043 ], [ -46.848668783748479, -22.864929654385911 ], [ -46.848662079632099, -22.864992389804286 ], [ -46.848644501507898, -22.865053175054904 ], [ -46.848615057182776, -22.865109945120569 ], [ -46.84857419570038, -22.865160257092931 ], [ -46.84852121203032, -22.865199514643034 ], [ -46.848457377896338, -22.865220751066733 ], [ -46.848322785766037, -22.865238476032424 ], [ -46.848255764294194, -22.865249818108957 ], [ -46.848188476139633, -22.865259267279846 ], [ -46.848122127897113, -22.865272858593759 ], [ -46.84806495998096, -22.865305754409626 ], [ -46.848027818308807, -22.865357828727966 ], [ -46.848010883805763, -22.865418696730625 ], [ -46.848009428437422, -22.865429908930263 ], [ -46.848016521717575, -22.865544397681255 ], [ -46.848036620449818, -22.865604564566773 ], [ -46.84806775122091, -22.865660540464798 ], [ -46.848103828929247, -22.865713930908548 ], [ -46.84813799437304, -22.86576851726079 ], [ -46.848170404567952, -22.865824026844649 ], [ -46.848239613235947, -22.865932737881561 ], [ -46.848264352346433, -22.865991406253361 ], [ -46.848277242595159, -22.866053281980964 ], [ -46.848294684800393, -22.866178394307266 ], [ -46.848306212958555, -22.866240556711134 ], [ -46.848332558400351, -22.866364482153585 ], [ -46.848340397025858, -22.866427138849257 ], [ -46.848343900916895, -22.866490116770066 ], [ -46.848346492404957, -22.866616304499399 ], [ -46.84836055830057, -22.866747234251601 ], [ -46.848359886927078, -22.866810441258288 ], [ -46.848350296185757, -22.866867702848886 ], [ -46.848344800676998, -22.866930695061885 ], [ -46.848344581483872, -22.867057005731709 ], [ -46.848338496162327, -22.867183294285063 ], [ -46.848341761517723, -22.867246455540709 ], [ -46.84835537381386, -22.867308232569471 ], [ -46.848381154040645, -22.867366617945216 ], [ -46.848413965245285, -22.867422032498723 ], [ -46.848449169618455, -22.867476155246997 ], [ -46.848488596690657, -22.867527610657074 ], [ -46.848534469148333, -22.867574386632612 ], [ -46.848631532288266, -22.867663091643095 ], [ -46.848681928107013, -22.867705661905642 ], [ -46.848739987573872, -22.867738572908035 ], [ -46.848802600574203, -22.867763576200989 ], [ -46.8488633330536, -22.867792122425435 ], [ -46.848919264921193, -22.867828127764426 ], [ -46.849024493694131, -22.867908611975562 ], [ -46.84908066178663, -22.867944253367948 ], [ -46.849138803008273, -22.867977253547043 ], [ -46.849186175442348, -22.868022025612831 ], [ -46.84921251489822, -22.868080133466922 ], [ -46.849223441461326, -22.868103751258385 ], [ -46.849333092069067, -22.868231854060461 ], [ -46.849367498494772, -22.868286346985574 ], [ -46.849405251196053, -22.868338724446637 ], [ -46.849456596937593, -22.868380199973565 ], [ -46.84956893498282, -22.868451572657055 ], [ -46.849632397978517, -22.868474037743812 ], [ -46.849698037215866, -22.868491060423594 ], [ -46.849756800764425, -22.868522518279423 ], [ -46.849809331023309, -22.868562445068903 ], [ -46.84991185247565, -22.868644675520191 ], [ -46.849938232151985, -22.86867605854615 ], [ -46.84995888388535, -22.868759150927499 ], [ -46.849951834777002, -22.86888536036793 ], [ -46.849954135647309, -22.868948442469957 ], [ -46.849961334957172, -22.869011287024549 ], [ -46.849965163565749, -22.869074441639196 ], [ -46.849964625873525, -22.869200846189205 ], [ -46.849967890875661, -22.869263917073415 ], [ -46.84997661428131, -22.869326563326563 ], [ -46.85000200158597, -22.86945077033355 ], [ -46.850009602674909, -22.86951361020617 ], [ -46.850014233541124, -22.869576665197446 ], [ -46.850023227716839, -22.869766067716476 ], [ -46.850035114280523, -22.869955436583435 ], [ -46.850036613039002, -22.870018618288821 ], [ -46.850029588112861, -22.870081357440434 ], [ -46.850006202198792, -22.870140494964538 ], [ -46.849971745686233, -22.870195066470433 ], [ -46.849940281404884, -22.870251047715591 ], [ -46.849869568352297, -22.870429008414014 ], [ -46.849852557554463, -22.870490148308814 ], [ -46.849844970132871, -22.870552893997633 ], [ -46.849840038925095, -22.870615969927687 ], [ -46.849832290808536, -22.87067871748485 ], [ -46.849810919712461, -22.870803558656213 ], [ -46.849801724174277, -22.870866232763266 ], [ -46.849796952410273, -22.870929216552355 ], [ -46.849794755303776, -22.870992441247235 ], [ -46.849780897894433, -22.871244857276604 ], [ -46.849772506987549, -22.871307612306495 ], [ -46.849761540185476, -22.871370036159611 ], [ -46.849754274078698, -22.871432778105401 ], [ -46.849753362462565, -22.871495987845417 ], [ -46.849763615511286, -22.871748665127267 ], [ -46.849762302188758, -22.871811879537503 ], [ -46.849755278329141, -22.871874708948194 ], [ -46.849719395283593, -22.872061292915586 ], [ -46.849712371400031, -22.872124122324649 ], [ -46.849697444025018, -22.872439930474634 ], [ -46.849693958268233, -22.872692767540119 ], [ -46.849698266608627, -22.87275573598712 ], [ -46.849724215729239, -22.872879846150457 ], [ -46.849728765129932, -22.872942811790256 ], [ -46.849727773200712, -22.873006022454746 ], [ -46.849729030924536, -22.873069206950941 ], [ -46.849735187235261, -22.873132153897142 ], [ -46.849746156903272, -22.873194503145982 ], [ -46.84976201661101, -22.873255982950759 ], [ -46.849816989969234, -22.873321883123474 ], [ -46.849852252461339, -22.873374199047252 ], [ -46.849910751369208, -22.873498652780427 ], [ -46.849925911328178, -22.87356185610582 ], [ -46.849946316774151, -22.873662285883462 ], [ -46.850030701080833, -22.873834921161755 ], [ -46.850056244860539, -22.87389348943713 ], [ -46.850075387956267, -22.873954118433552 ], [ -46.850088203367036, -22.874016265597778 ], [ -46.850091837486055, -22.874059108426344 ], [ -46.850086340303584, -22.874121920071421 ], [ -46.850066041151933, -22.874201335699471 ], [ -46.85003684046125, -22.874258374063722 ], [ -46.850016925950143, -22.874318735194525 ], [ -46.850004669927749, -22.874380903196176 ], [ -46.849987901093996, -22.874442130570998 ], [ -46.849963711103307, -22.874501277455941 ], [ -46.84991056376559, -22.874617640421519 ], [ -46.84987569959933, -22.874671855547003 ], [ -46.849834677767987, -22.874722350353441 ], [ -46.849799408149181, -22.87477629932804 ], [ -46.849752236740017, -22.874894849842551 ], [ -46.849717777843743, -22.874949331077786 ], [ -46.849674401387077, -22.874998047550513 ], [ -46.849624517741013, -22.875040971216077 ], [ -46.849569086164095, -22.875077729772748 ], [ -46.849509146264069, -22.875107949984709 ], [ -46.849446317192424, -22.875132515858791 ], [ -46.84938182615366, -22.875153038238349 ], [ -46.849315828953536, -22.875169154171214 ], [ -46.849181869171041, -22.875192741504822 ], [ -46.849116956765222, -22.875211824129146 ], [ -46.849056108438376, -22.875240249052958 ], [ -46.849000595047791, -22.875276918089888 ], [ -46.848948921460348, -22.875318237252298 ], [ -46.848843044343759, -22.875398015844493 ], [ -46.848806727095045, -22.875493327095292 ], [ -46.848802323387673, -22.875506379261967 ], [ -46.848779828543123, -22.875566138279044 ], [ -46.848747875717933, -22.875621763889793 ], [ -46.848703280059425, -22.875669501170009 ], [ -46.84865396683557, -22.875713049916463 ], [ -46.848606935056786, -22.87575891952147 ], [ -46.848566558872591, -22.87580967738424 ], [ -46.848530620044585, -22.875861737918658 ], [ -46.848518583712661, -22.875880837587953 ], [ -46.848465433702387, -22.87597932385119 ], [ -46.848432820460381, -22.876027734327046 ], [ -46.848387086267927, -22.876074491635553 ], [ -46.848344684139363, -22.876124009017861 ], [ -46.848301713443853, -22.876173081576955 ], [ -46.848263203333005, -22.876225171948526 ], [ -46.848239332482251, -22.876284224622186 ], [ -46.848234557551116, -22.876347027842922 ], [ -46.848249132738616, -22.876408613009588 ], [ -46.848272197812896, -22.876468113227592 ], [ -46.848281959558534, -22.876530296047935 ], [ -46.848272358948108, -22.876592794224482 ], [ -46.848256637302867, -22.876654280138563 ], [ -46.848242688166017, -22.876716106585594 ], [ -46.848225216884757, -22.876773008326563 ], [ -46.848216156961371, -22.876816089051914 ], [ -46.848229734158778, -22.876904861443965 ], [ -46.848235007494985, -22.876967908997404 ], [ -46.848234494624748, -22.87703093352528 ], [ -46.848216192041491, -22.877091727161375 ], [ -46.848195631168245, -22.877151915054718 ], [ -46.848188929106023, -22.877214830956071 ], [ -46.848176507719963, -22.877276729924091 ], [ -46.848140262890453, -22.877329967645593 ], [ -46.848092820120748, -22.877375209915247 ], [ -46.84804302036266, -22.877418493309104 ], [ -46.847993056212168, -22.877461507746087 ], [ -46.84794390650147, -22.877505325263385 ], [ -46.847897034591028, -22.877551192837011 ], [ -46.847855442662571, -22.877601242405365 ], [ -46.847824380186772, -22.877657399222862 ], [ -46.847799704240707, -22.877716370916847 ], [ -46.847768641718552, -22.877772527725913 ], [ -46.847739682871534, -22.87782974349625 ], [ -46.847713794317023, -22.877888187564622 ], [ -46.847676335387177, -22.877940807312957 ], [ -46.847626450059515, -22.877983730448104 ], [ -46.847575426393192, -22.878025673667619 ], [ -46.847525135598545, -22.878068330632107 ], [ -46.847473788034506, -22.878110097016663 ], [ -46.847420479107363, -22.878149448494703 ], [ -46.847365537538842, -22.878186922951762 ], [ -46.847312065410541, -22.878226095723615 ], [ -46.847266573616764, -22.878273030510886 ], [ -46.847225631356984, -22.878323614093322 ], [ -46.847181197461246, -22.878371529697482 ], [ -46.847127726428447, -22.878410792684981 ], [ -46.847071965313617, -22.878447102872045 ], [ -46.847021592634711, -22.878489670358675 ], [ -46.846972767300166, -22.878533754692278 ], [ -46.846916184291587, -22.878568720109186 ], [ -46.846853768303369, -22.878594273390057 ], [ -46.846791102697217, -22.878619197555434 ], [ -46.846730089213807, -22.878647443034442 ], [ -46.846670804534618, -22.878678738084893 ], [ -46.846612341625786, -22.878711377837853 ], [ -46.846552972878087, -22.878742402969891 ], [ -46.846491628123943, -22.878769929933757 ], [ -46.846428548411197, -22.878793955927602 ], [ -46.846363890777035, -22.878814208271898 ], [ -46.846297803712986, -22.878829782394831 ], [ -46.84623060983904, -22.878840764832468 ], [ -46.846163145607044, -22.878849583552785 ], [ -46.846095608340725, -22.87885894480014 ], [ -46.846028584892437, -22.878870647451325 ], [ -46.845962330952453, -22.878885771952941 ], [ -46.845896073333776, -22.878900625616755 ], [ -46.845828872056295, -22.878911066266593 ], [ -46.845760838999396, -22.878913481220177 ], [ -46.84569307097906, -22.878905781198352 ], [ -46.845625903033437, -22.878894914221917 ], [ -46.845557867332111, -22.878891189769252 ], [ -46.845489671134004, -22.878893425930993 ], [ -46.8454215929155, -22.878892500734569 ], [ -46.845353826134087, -22.87888489083652 ], [ -46.845286879735625, -22.878872576590108 ], [ -46.845220624756188, -22.878857906891533 ], [ -46.845154287000355, -22.878843057556033 ], [ -46.845087496450375, -22.878830380276447 ], [ -46.845019881863834, -22.878822136474881 ], [ -46.844951700139625, -22.878819496869035 ], [ -46.844883481987495, -22.878820107901348 ], [ -46.844815272372209, -22.878821350797391 ], [ -46.844747154080942, -22.878823405165839 ], [ -46.844679049203911, -22.878826452480002 ], [ -46.844610867632738, -22.878829771508688 ], [ -46.844542750547298, -22.87883191606042 ], [ -46.844474539692122, -22.878833068540359 ], [ -46.844406327613882, -22.878834130720652 ], [ -46.844338193441409, -22.878835011398753 ], [ -46.844269959403974, -22.878834448652455 ], [ -46.844201833620936, -22.87883000238315 ], [ -46.844135125922776, -22.87881750430595 ], [ -46.844070482766234, -22.878797217777823 ], [ -46.844006309522918, -22.878776022926019 ], [ -46.843941201383004, -22.878757005720644 ], [ -46.843877571104045, -22.878734359963566 ], [ -46.843817461413259, -22.878704631151258 ], [ -46.84375758547678, -22.878674357896202 ], [ -46.843694576102727, -22.878650079738229 ], [ -46.843629317114733, -22.87863178642538 ], [ -46.843562599796087, -22.878618565933834 ], [ -46.843494844166777, -22.878611767661504 ], [ -46.843428251422075, -22.878619672272148 ], [ -46.84335886852439, -22.878635193113976 ], [ -46.843302312283022, -22.878660315958822 ], [ -46.843256456052487, -22.878704184224343 ], [ -46.843220779851563, -22.878758046338191 ], [ -46.843187774622066, -22.878813322034699 ], [ -46.843158248726084, -22.87887036308268 ], [ -46.843132357988665, -22.878928806538841 ], [ -46.843101131322058, -22.878984874163677 ], [ -46.84305750649019, -22.879033321028466 ], [ -46.843006237456294, -22.879075085146489 ], [ -46.842951292986818, -22.879112467906442 ], [ -46.842892909254452, -22.879145105428282 ], [ -46.842831150768241, -22.87917182325992 ], [ -46.842768155342796, -22.879196208004682 ], [ -46.842711271342552, -22.879226841818522 ], [ -46.842667764035632, -22.879248292112734 ], [ -46.842595764908879, -22.87929625515563 ], [ -46.842541312071823, -22.879334354363056 ], [ -46.84248530699027, -22.87937057556422 ], [ -46.842429381008564, -22.879406705545755 ], [ -46.842372306964279, -22.879441133404416 ], [ -46.842312118718588, -22.879471083097616 ], [ -46.842248451020865, -22.879493308605934 ], [ -46.842182959586523, -22.879511402126713 ], [ -46.84212037170883, -22.879536233329254 ], [ -46.842058449743142, -22.87956277220162 ], [ -46.84199286084224, -22.87957960279083 ], [ -46.841924947805644, -22.879584994125874 ], [ -46.84185730260517, -22.879592368592224 ], [ -46.841793054051919, -22.879613246383652 ], [ -46.841733520560453, -22.879644091129578 ], [ -46.841675628122054, -22.879677444815918 ], [ -46.841615188812959, -22.879706674888737 ], [ -46.841549766562842, -22.879723954794287 ], [ -46.841482217442056, -22.879732501693592 ], [ -46.841415106588535, -22.879743752029306 ], [ -46.841351520160202, -22.879766066535353 ], [ -46.841294166911936, -22.879809616015923 ], [ -46.841272808831668, -22.879864575901284 ], [ -46.841255309945566, -22.879925630449165 ], [ -46.841235311698185, -22.879986081948413 ], [ -46.841211358059653, -22.880045224983153 ], [ -46.841184416868899, -22.880103319197396 ], [ -46.841158929249232, -22.880161938282566 ], [ -46.841139252328759, -22.880222386051017 ], [ -46.841115215829255, -22.880281349464315 ], [ -46.841073373385662, -22.880330948896976 ], [ -46.841011570154336, -22.8803663339148 ], [ -46.840951683085471, -22.880382917503304 ], [ -46.840883584528605, -22.880386504870234 ], [ -46.840815372746647, -22.880387655832038 ], [ -46.840747374006554, -22.880392686540471 ], [ -46.840679269346225, -22.880395822467413 ], [ -46.84061114886579, -22.880391826055895 ], [ -46.840543184217097, -22.880387466671998 ], [ -46.840475161114632, -22.880390691852014 ], [ -46.840407358345161, -22.880398338403868 ], [ -46.840339446006325, -22.880403819362115 ], [ -46.840271215937705, -22.880403616031565 ], [ -46.840203609218193, -22.880396002108572 ], [ -46.840136666018346, -22.880383956524565 ], [ -46.84006927115432, -22.880374173257657 ], [ -46.840001299212972, -22.880369272016335 ], [ -46.839933049681996, -22.880367624208898 ], [ -46.839864819618811, -22.88036742070263 ], [ -46.839796587120155, -22.880367036625717 ], [ -46.839748091336446, -22.880370216085964 ], [ -46.839660322965265, -22.880369245456546 ], [ -46.83959268569955, -22.880377250886252 ], [ -46.839525489100716, -22.880388140300898 ], [ -46.839521310928085, -22.880388188645007 ], [ -46.839453089357299, -22.880388616857342 ], [ -46.839384873866152, -22.880389496393835 ], [ -46.839316744803448, -22.880390826324952 ], [ -46.839248523224029, -22.880391254449588 ], [ -46.839180267584936, -22.88038915496546 ], [ -46.839112300504212, -22.880384614425065 ], [ -46.83904439918053, -22.880378989677403 ], [ -46.839035398821395, -22.880379003505066 ], [ -46.8389673075323, -22.880377172882067 ], [ -46.838900443544723, -22.880365035569358 ], [ -46.838836421159947, -22.880343114604852 ], [ -46.838773803738803, -22.880318107681134 ], [ -46.838710718834427, -22.880294189555485 ], [ -46.838645845495506, -22.880274716041473 ], [ -46.83858012237517, -22.880257780301427 ], [ -46.838516025813632, -22.880236311483767 ], [ -46.838454660039531, -22.88020876197951 ], [ -46.83839321393944, -22.880181213378961 ], [ -46.838329970888147, -22.880157477492986 ], [ -46.838266962826893, -22.880133287439477 ], [ -46.838205990380906, -22.880105101292056 ], [ -46.838134029547192, -22.880078486722244 ], [ -46.838076213505644, -22.880069855832058 ], [ -46.838007982318068, -22.880069561247801 ], [ -46.837939770576291, -22.880070710966429 ], [ -46.837871545461319, -22.880070867677404 ], [ -46.837803431078157, -22.880073280199532 ], [ -46.837735343428029, -22.880077678649627 ], [ -46.837667186499026, -22.88007693163657 ], [ -46.837599500869814, -22.880069407784777 ], [ -46.837532027128916, -22.880059714618831 ], [ -46.837464560686492, -22.880050563048318 ], [ -46.837397018762111, -22.880041773460327 ], [ -46.837329251592209, -22.880034160149101 ], [ -46.837261232287084, -22.880031695958074 ], [ -46.837193235906739, -22.880036905684339 ], [ -46.837125859067008, -22.880046351610346 ], [ -46.837058663567888, -22.880057330255241 ], [ -46.836992322573849, -22.880072090962443 ], [ -46.836928077765513, -22.880093327932141 ], [ -46.836865243822501, -22.880117889115549 ], [ -46.836801911967051, -22.880141282324715 ], [ -46.836738580088266, -22.880164675510002 ], [ -46.836677153313097, -22.880192290050466 ], [ -46.836617042469214, -22.880222146487906 ], [ -46.836555446439789, -22.880249130945046 ], [ -46.836491200254223, -22.880270277476701 ], [ -46.83642476901349, -22.880284316718775 ], [ -46.836356968367014, -22.880292142095417 ], [ -46.836289049714466, -22.880297169975542 ], [ -46.836220966712503, -22.880301928870445 ], [ -46.836153058974539, -22.88030776913072 ], [ -46.836085042950756, -22.880311534060663 ], [ -46.836017440018296, -22.880304189150834 ], [ -46.835952724032069, -22.880284441844132 ], [ -46.835887773084792, -22.88026514864768 ], [ -46.835820451512959, -22.880254821001778 ], [ -46.835752547855101, -22.880249014292509 ], [ -46.835684796401956, -22.880242573802235 ], [ -46.83561709980949, -22.880234236666471 ], [ -46.83554986104226, -22.88022408851759 ], [ -46.835482165676808, -22.88021584159408 ], [ -46.835413986768913, -22.880213468742269 ], [ -46.835345963464881, -22.880216691728808 ], [ -46.835278066626827, -22.880223344052926 ], [ -46.835210340188624, -22.880230716660638 ], [ -46.835141161380236, -22.880237654580007 ], [ -46.835074245952747, -22.880239600674084 ], [ -46.835006334518667, -22.880245169632779 ], [ -46.834938878219297, -22.880254705846102 ], [ -46.834872282437409, -22.880268475491057 ], [ -46.834806275782782, -22.880284224578023 ], [ -46.834739157829738, -22.880295020792353 ], [ -46.834670960401375, -22.880297252367946 ], [ -46.834602793573303, -22.880295781879113 ], [ -46.834533435783243, -22.880301367328403 ], [ -46.834467378387068, -22.880307366089909 ], [ -46.834357131741854, -22.880326063156513 ], [ -46.834326769839855, -22.880315218139501 ], [ -46.834278839774178, -22.880270809243431 ], [ -46.834237632073666, -22.880206369800547 ], [ -46.834219941997304, -22.880151770933526 ], [ -46.834193763075241, -22.880093387746559 ], [ -46.834169502861428, -22.880034260138363 ], [ -46.834144204191986, -22.879975595929952 ], [ -46.834116666678092, -22.879917770108776 ], [ -46.834086492213636, -22.879861058121072 ], [ -46.834052247854004, -22.879806469630118 ], [ -46.834012740490543, -22.879754921246054 ], [ -46.833969651397624, -22.879705942145883 ], [ -46.833925767332758, -22.879657604196897 ], [ -46.833882916924921, -22.879608441746139 ], [ -46.833841736904127, -22.87955799602522 ], [ -46.833802070209586, -22.879506539701961 ], [ -46.833762722517072, -22.879454899117594 ], [ -46.8337240573522, -22.879412188861544 ], [ -46.833681638577048, -22.879353270591714 ], [ -46.833645480688489, -22.879299787483639 ], [ -46.833611713900133, -22.879244832229396 ], [ -46.833572685330147, -22.879193007338102 ], [ -46.833533496092556, -22.879141184288226 ], [ -46.833498773691275, -22.879086872019858 ], [ -46.833461897659049, -22.879033758282461 ], [ -46.833415391581497, -22.878987617244047 ], [ -46.833363173158148, -22.878946959160203 ], [ -46.833310084263722, -22.878907304229582 ], [ -46.833255412668755, -22.878869473228701 ], [ -46.833197192080618, -22.878836648802604 ], [ -46.833139838385321, -22.878802550368448 ], [ -46.833093893723699, -22.878756312466574 ], [ -46.833063162370451, -22.878699967801076 ], [ -46.833037863242119, -22.878641213089132 ], [ -46.833015045249944, -22.878581707486639 ], [ -46.833002880925115, -22.878519641359961 ], [ -46.833004122713788, -22.878456517824826 ], [ -46.833010348540633, -22.878393517399118 ], [ -46.833015851226897, -22.878330525310012 ], [ -46.833021112864706, -22.878267535999559 ], [ -46.833028384424033, -22.878204613801579 ], [ -46.833043147778298, -22.878143049790822 ], [ -46.833069770823094, -22.878084960448003 ], [ -46.833105127230837, -22.878030923522413 ], [ -46.833144778439475, -22.877979545623266 ], [ -46.833188160795586, -22.877930742961304 ], [ -46.833234874980242, -22.877884700707803 ], [ -46.833279963984339, -22.877837322905858 ], [ -46.833313702373516, -22.877782492031461 ], [ -46.833333061172169, -22.877722048717292 ], [ -46.833342024736837, -22.877659468140497 ], [ -46.833339811421993, -22.877596384444931 ], [ -46.833320037039336, -22.877536121502267 ], [ -46.83328515569255, -22.877481901268645 ], [ -46.833247163834201, -22.877429432304844 ], [ -46.833210288392365, -22.877376318463032 ], [ -46.833166247120907, -22.877328162619467 ], [ -46.833113475487508, -22.877288142781204 ], [ -46.833063160731491, -22.877245566618413 ], [ -46.833026207489404, -22.877192634193236 ], [ -46.833002110286877, -22.877133594738357 ], [ -46.832987620908291, -22.877071916537112 ], [ -46.832980991083154, -22.877009064307362 ], [ -46.832979981972329, -22.876945876425435 ], [ -46.832981301736133, -22.876882571410526 ], [ -46.832981497845573, -22.876819369633807 ], [ -46.832980569090211, -22.87675618082412 ], [ -46.832980524161457, -22.876692981825187 ], [ -46.832980560794532, -22.876629872170565 ], [ -46.832977141274384, -22.876566712072844 ], [ -46.83296890575852, -22.876503968632708 ], [ -46.832956898770227, -22.876441629808095 ], [ -46.832942488644399, -22.876379860394252 ], [ -46.832926956094255, -22.876318284486814 ], [ -46.832906648148949, -22.876230219825192 ], [ -46.832903910017542, -22.876193866520687 ], [ -46.832898082564768, -22.876130914742685 ], [ -46.832887441557112, -22.876068560160711 ], [ -46.83286654520554, -22.876008490631808 ], [ -46.832842525029754, -22.875949179386925 ], [ -46.832823068908837, -22.875888641822979 ], [ -46.832802411236131, -22.875828388960162 ], [ -46.832772640067525, -22.87577167197033 ], [ -46.832734967887546, -22.87571901858302 ], [ -46.832693869898456, -22.875668571511188 ], [ -46.832650226283278, -22.87562004975247 ], [ -46.832603720501496, -22.875573818093113 ], [ -46.83255506961742, -22.875529416841278 ], [ -46.832505309659346, -22.875486202059889 ], [ -46.832452310349979, -22.875423161879645 ], [ -46.832451542591592, -22.875359971187951 ], [ -46.832447413152664, -22.875285804459118 ], [ -46.832438536437749, -22.875223158639535 ], [ -46.832425155913128, -22.875172211492835 ], [ -46.832376957449469, -22.874987863113176 ], [ -46.83235870205295, -22.874926950490536 ], [ -46.832336684924478, -22.874867164632679 ], [ -46.832309230905878, -22.874809427691453 ], [ -46.832242260889736, -22.874699329309564 ], [ -46.832180797335489, -22.874586368608799 ], [ -46.832140179568796, -22.874535735254661 ], [ -46.832097092899708, -22.874486755465337 ], [ -46.832024939477698, -22.874379605813516 ], [ -46.831976292857327, -22.874335475151625 ], [ -46.831924075501149, -22.874294726157554 ], [ -46.83187892420915, -22.874247575786512 ], [ -46.831841330747231, -22.87419474066013 ], [ -46.831735013766618, -22.874032820215142 ], [ -46.831696704574767, -22.87398053500225 ], [ -46.831654970808025, -22.873930546352018 ], [ -46.831520144704392, -22.873787913988135 ], [ -46.831474195108292, -22.873741133817894 ], [ -46.83142530906958, -22.873697096004918 ], [ -46.831371906306899, -22.873657805018613 ], [ -46.831313139335087, -22.873625979167951 ], [ -46.831248941447555, -22.873614620272395 ], [ -46.831173657372887, -22.873615487218945 ], [ -46.831123050371815, -22.873616882538521 ], [ -46.831044130597036, -22.873610297623916 ], [ -46.8309084043319, -22.873598227347312 ], [ -46.830840362732957, -22.873593864494691 ], [ -46.830772179348294, -22.873596906626052 ], [ -46.830705323388784, -22.873609052245126 ], [ -46.830640077496433, -22.873627408976027 ], [ -46.830575750486553, -22.873648373372195 ], [ -46.830510590951249, -22.873667180483352 ], [ -46.830443821322866, -22.873679776427263 ], [ -46.830375906743981, -22.873684891855415 ], [ -46.830307804116416, -22.873681974040906 ], [ -46.830240339901941, -22.873672728888511 ], [ -46.83017377813723, -22.873658868777639 ], [ -46.830042724771985, -22.873623721262771 ], [ -46.829913686662856, -22.873583043050406 ], [ -46.82972093636721, -22.873519262545432 ], [ -46.829658244434533, -22.873494342892823 ], [ -46.829477767581018, -22.873404960441153 ], [ -46.829358655568669, -22.87334340196707 ], [ -46.829296589609562, -22.873317210969557 ], [ -46.829231178853767, -22.873299274374364 ], [ -46.829164239801415, -22.873287223868385 ], [ -46.829029539591502, -22.873267736770682 ], [ -46.828896109770341, -22.873241102414813 ], [ -46.828828801681652, -22.873231493709099 ], [ -46.828761034497099, -22.873223605672962 ], [ -46.828693946907094, -22.873212459524741 ], [ -46.828628384033991, -22.873195156419925 ], [ -46.828565536565669, -22.87317059924581 ], [ -46.828505982646064, -22.873139955065163 ], [ -46.828389703263746, -22.873073848994643 ], [ -46.82832748535818, -22.873048291344688 ], [ -46.828195277320518, -22.873016857216047 ], [ -46.828131418140153, -22.87299474919347 ], [ -46.82807052872338, -22.872966377323415 ], [ -46.82801144377364, -22.87293473441715 ], [ -46.827949772702333, -22.872907996617503 ], [ -46.827883297864233, -22.87289458594001 ], [ -46.827815314003196, -22.872888505683616 ], [ -46.827747354924462, -22.872890279929553 ], [ -46.827697625845666, -22.872903220566624 ], [ -46.827627641821586, -22.872945826969037 ], [ -46.827568985281694, -22.872976204937977 ], [ -46.82750169911759, -22.872980228479214 ], [ -46.827433979807928, -22.872981909552987 ], [ -46.827383656186363, -22.873022484216765 ], [ -46.82728825774128, -22.873189615042595 ], [ -46.827230726873836, -22.873304125825328 ], [ -46.827195287570227, -22.873358072197806 ], [ -46.827165165630731, -22.873389025009452 ], [ -46.82708763953778, -22.873432530420327 ], [ -46.827021795679052, -22.873448274284058 ], [ -46.826954267003913, -22.873452210107398 ], [ -46.826887817270311, -22.873452702666555 ], [ -46.826823206402324, -22.873458500904285 ], [ -46.826761087392583, -22.873476368717707 ], [ -46.826702753008213, -22.873506832971803 ], [ -46.826649512360227, -22.873545635225511 ], [ -46.826600748679446, -22.873588719731071 ], [ -46.826550434240694, -22.873630016329979 ], [ -46.826493583403945, -22.873663262315983 ], [ -46.826432296040188, -22.873689246131157 ], [ -46.82618076771363, -22.873778899060728 ], [ -46.8261166579126, -22.873798143775524 ], [ -46.826051960315866, -22.873815499223916 ], [ -46.825988185140226, -22.873835733184357 ], [ -46.825925897220316, -22.87385901974303 ], [ -46.825861700956878, -22.873877813924928 ], [ -46.825728556706565, -22.873896587139928 ], [ -46.825596531744814, -22.873920945084695 ], [ -46.825529691383274, -22.873928303256527 ], [ -46.825395300279268, -22.873937971693611 ], [ -46.825127141952279, -22.873961905620774 ], [ -46.825060226010713, -22.8739696256062 ], [ -46.824994338163812, -22.873982118887419 ], [ -46.824929299614524, -22.873998033237935 ], [ -46.824862817944819, -22.874008185861992 ], [ -46.82479500318501, -22.874008783510401 ], [ -46.824727895132327, -22.874014158143602 ], [ -46.824666894836177, -22.874037610018917 ], [ -46.824613701137942, -22.874073973386562 ], [ -46.824565096077727, -22.874116965203356 ], [ -46.824524491859854, -22.874157337217035 ], [ -46.824425771895605, -22.874244602105602 ], [ -46.824373993123402, -22.874296658817478 ], [ -46.824345178226913, -22.87435332746626 ], [ -46.82434095587697, -22.874416214514021 ], [ -46.824345575278755, -22.874479270978085 ], [ -46.824347223064606, -22.874542451819579 ], [ -46.824343607617138, -22.874668802504871 ], [ -46.824334479286343, -22.874731384695078 ], [ -46.824312617546965, -22.874791223840841 ], [ -46.824282111631859, -22.874847641026474 ], [ -46.824254537799298, -22.87488894691564 ], [ -46.824214226817531, -22.87495730395861 ], [ -46.824175707376831, -22.875009389077047 ], [ -46.824133377827252, -22.875058989905938 ], [ -46.824042709033954, -22.875153475348348 ], [ -46.823998755566436, -22.87520183077876 ], [ -46.823914825346719, -22.875301475409582 ], [ -46.823821473432446, -22.875393644096924 ], [ -46.82374003284913, -22.875481161851813 ], [ -46.823683880081738, -22.875536699381225 ], [ -46.823652031412259, -22.875570831378695 ], [ -46.823592317198184, -22.875630472566307 ], [ -46.823545844919352, -22.875676780208995 ], [ -46.823500346424005, -22.875723798955153 ], [ -46.823456636038273, -22.875772332035485 ], [ -46.82341584706743, -22.875822998452843 ], [ -46.823381619265014, -22.875877562178843 ], [ -46.823359513498225, -22.875937223445263 ], [ -46.823352877858284, -22.875999957585197 ], [ -46.823363753181191, -22.876062129781843 ], [ -46.823391364518983, -22.876119866646135 ], [ -46.823431423318475, -22.876170960214186 ], [ -46.823480623272161, -22.876214545539515 ], [ -46.823536947245337, -22.876250013749473 ], [ -46.823597760636872, -22.876278659047564 ], [ -46.823657946946, -22.876308485222694 ], [ -46.823711820012463, -22.876346960892352 ], [ -46.823748362988283, -22.876399539259776 ], [ -46.823749599201818, -22.8764620025451 ], [ -46.823714832764253, -22.876530386177542 ], [ -46.823677222955219, -22.876566389973387 ], [ -46.823620718091284, -22.876601617332046 ], [ -46.823560771058517, -22.876631828169227 ], [ -46.823500823998017, -22.876662038985401 ], [ -46.82344374575856, -22.876696460292671 ], [ -46.823389451166783, -22.876734731929513 ], [ -46.823336788823823, -22.876774880824346 ], [ -46.823283065045679, -22.876813777879565 ], [ -46.823227078227546, -22.876851707728601 ], [ -46.823162498886589, -22.87687204015165 ], [ -46.823099333662711, -22.876895967750112 ], [ -46.823038315329129, -22.87692420440731 ], [ -46.82297779231763, -22.876953428502471 ], [ -46.822916113064288, -22.876980318412123 ], [ -46.822853277571383, -22.877004874134748 ], [ -46.822789531707201, -22.877027453991765 ], [ -46.822725286857214, -22.877048775549074 ], [ -46.822660959226752, -22.877069917459561 ], [ -46.822596042622955, -22.877089079817772 ], [ -46.822529867749147, -22.877104284016042 ], [ -46.822462758413863, -22.877115706911813 ], [ -46.822395302366267, -22.877125237760403 ], [ -46.822328364546856, -22.877137471203227 ], [ -46.822264115945408, -22.877158521767058 ], [ -46.822205313699044, -22.877190253851289 ], [ -46.822153057373889, -22.877230758867842 ], [ -46.822107394784183, -22.877277598569453 ], [ -46.822066524529944, -22.877328265613709 ], [ -46.822033710034191, -22.87736836722809 ], [ -46.821988104726927, -22.877431547901235 ], [ -46.821944801037219, -22.877480527380399 ], [ -46.821901331800781, -22.877529147604445 ], [ -46.821861029861566, -22.87758025951738 ], [ -46.821824939753789, -22.877633851153043 ], [ -46.821792815616142, -22.87768956418952 ], [ -46.821764976437947, -22.877747214403293 ], [ -46.821741256707725, -22.877806442551073 ], [ -46.821720120166198, -22.877866543953012 ], [ -46.821698499105629, -22.87792647033325 ], [ -46.821675346580967, -22.877986053116057 ], [ -46.8216471569947, -22.878041540477991 ], [ -46.821616200590448, -22.878094441258398 ], [ -46.821595157333846, -22.878131428512891 ], [ -46.821565722428815, -22.878220064876551 ], [ -46.821544390128146, -22.878277550225604 ], [ -46.821515581733422, -22.87833485036613 ], [ -46.821485400153996, -22.878391624521502 ], [ -46.821452710864428, -22.878447163405031 ], [ -46.821419210830832, -22.878502169858248 ], [ -46.821387410149363, -22.878558059692267 ], [ -46.821359974800053, -22.878615885792549 ], [ -46.821339725443622, -22.878676247846915 ], [ -46.821323023485434, -22.87873747211643 ], [ -46.821301886642139, -22.878797573477289 ], [ -46.82127857191756, -22.878857067786093 ], [ -46.821264125721449, -22.8789187176376 ], [ -46.821260788215525, -22.878981775088945 ], [ -46.821248559269968, -22.879040961834132 ], [ -46.821241311469912, -22.879069936190842 ], [ -46.821207499099749, -22.879161782635375 ], [ -46.821169465509733, -22.879214312985749 ], [ -46.821127294316923, -22.879263911303344 ], [ -46.821082608168261, -22.879311732709429 ], [ -46.821042384575868, -22.87936275326576 ], [ -46.821012200189053, -22.879419346808486 ], [ -46.820984522276575, -22.879477085348768 ], [ -46.820950212306002, -22.879531649569717 ], [ -46.820909014771303, -22.879581958968668 ], [ -46.820868871388484, -22.879632978568512 ], [ -46.820832943499852, -22.879686748728819 ], [ -46.820797177487876, -22.879740607313678 ], [ -46.820758251309485, -22.879792515803519 ], [ -46.82071608100015, -22.879842204301411 ], [ -46.82067212489909, -22.879890558958575 ], [ -46.820630845603908, -22.879940778945397 ], [ -46.820594917545478, -22.879994549061205 ], [ -46.820553725448811, -22.880039260620855 ], [ -46.82049680123653, -22.880079367188642 ], [ -46.820434045404973, -22.880104011417544 ], [ -46.820370382823647, -22.880126950581822 ], [ -46.820307875217843, -22.880152133633551 ], [ -46.820246444642677, -22.880179742037505 ], [ -46.820185919561467, -22.880208965189993 ], [ -46.820126048088575, -22.880238993406849 ], [ -46.820066676744993, -22.880270370158513 ], [ -46.820010169390173, -22.880305596377216 ], [ -46.819959052990569, -22.880347351702095 ], [ -46.819918810336524, -22.880390968817867 ], [ -46.819877804159162, -22.880443623209491 ], [ -46.819842984591091, -22.880514263864963 ], [ -46.819852714055855, -22.880587012850178 ], [ -46.819846426151663, -22.880633762403679 ], [ -46.819812993862271, -22.880699963187478 ], [ -46.819778682563332, -22.880742428953997 ], [ -46.819725284826355, -22.880781862905636 ], [ -46.819671966205199, -22.880821205649774 ], [ -46.819625405709722, -22.880867152150515 ], [ -46.819589556168701, -22.880920830883067 ], [ -46.819560666100941, -22.880978131659838 ], [ -46.819533552150524, -22.881036044102675 ], [ -46.819501102535909, -22.881091579900584 ], [ -46.819463311235161, -22.881144287692216 ], [ -46.819445617362582, -22.881173381537728 ], [ -46.819442763704082, -22.881266769358046 ], [ -46.819449870998739, -22.88132970726539 ], [ -46.819450069322187, -22.881392814528187 ], [ -46.819440938508002, -22.881455396561272 ], [ -46.819428425723771, -22.881517475586413 ], [ -46.819416559348817, -22.881579818069223 ], [ -46.819407670769721, -22.88164248761375 ], [ -46.819400874924568, -22.88170540406383 ], [ -46.81939150302388, -22.881767988853301 ], [ -46.819377781320512, -22.88182981085405 ], [ -46.81936631666202, -22.881892148736174 ], [ -46.819358152415099, -22.881954900273925 ], [ -46.81933365277466, -22.882016033048313 ], [ -46.819293026552522, -22.882079156081371 ], [ -46.819259041657496, -22.882109971197153 ], [ -46.819218491056915, -22.882148625990304 ], [ -46.819181527221872, -22.882209179095369 ], [ -46.819159259257134, -22.882268932028072 ], [ -46.81912963958014, -22.882325789664229 ], [ -46.819098322871632, -22.882381944431032 ], [ -46.819070321007736, -22.882439596114725 ], [ -46.819041753050776, -22.882496983415511 ], [ -46.819008818409344, -22.882552344111758 ], [ -46.81897361705132, -22.88260646674193 ], [ -46.818939225199131, -22.882661031530432 ], [ -46.818907260716429, -22.882716832535642 ], [ -46.818878612287577, -22.882774220732749 ], [ -46.818852629883125, -22.882832661847896 ], [ -46.818827534937689, -22.882891363662257 ], [ -46.818803331061304, -22.882950596991257 ], [ -46.818781223534195, -22.883010348045541 ], [ -46.818758067804694, -22.88306984023345 ], [ -46.818725615034992, -22.883125195367708 ], [ -46.81868498412998, -22.883175949214927 ], [ -46.818651966437059, -22.883231130228499 ], [ -46.818615596065527, -22.883300072981992 ], [ -46.818603884630228, -22.883349954252942 ], [ -46.818596292081288, -22.883413421507829 ], [ -46.818586839397213, -22.883476007187696 ], [ -46.818583982810082, -22.883539059120228 ], [ -46.818579519176339, -22.883602129437076 ], [ -46.818562652410286, -22.883663174794471 ], [ -46.818534326275334, -22.883720649539981 ], [ -46.81850438344685, -22.883777420492038 ], [ -46.818476220377022, -22.883835073934524 ], [ -46.818446197149498, -22.883891845797208 ], [ -46.818412694684014, -22.883946851745431 ], [ -46.818378140392781, -22.884001328006651 ], [ -46.818344962893832, -22.884056601081902 ], [ -46.818313159782889, -22.884112490428507 ], [ -46.818282650708696, -22.884168996966334 ], [ -46.818253273764455, -22.884226032262514 ], [ -46.818224462874191, -22.884283331936022 ], [ -46.818195087086458, -22.884340457495533 ], [ -46.818163364207201, -22.884396345899432 ], [ -46.818130671056039, -22.884451793968214 ], [ -46.818100001132549, -22.884508302316533 ], [ -46.81807409846337, -22.884566742416077 ], [ -46.818040128010146, -22.884622837076368 ], [ -46.818026596366799, -22.884656758604017 ], [ -46.81802475035262, -22.884747426328978 ], [ -46.818027823032239, -22.884815195574166 ], [ -46.818016920072687, -22.884877526959681 ], [ -46.818000458308887, -22.884938838494641 ], [ -46.817985447699371, -22.885000494573497 ], [ -46.817975270295697, -22.885062998229497 ], [ -46.817952823875501, -22.88512148907088 ], [ -46.817927108321754, -22.885151757945604 ], [ -46.817850404934497, -22.885197416742923 ], [ -46.817785817163156, -22.885217476452208 ], [ -46.817720480940501, -22.88523564869994 ], [ -46.817654560582596, -22.885252202462574 ], [ -46.817588719357779, -22.885268665008329 ], [ -46.817523800475286, -22.885288006116884 ], [ -46.81746021651864, -22.885311033641596 ], [ -46.817396459810055, -22.885333160262174 ], [ -46.817331209833469, -22.885351782796473 ], [ -46.817266457585326, -22.88537157332599 ], [ -46.817204028539685, -22.885396844686021 ], [ -46.817143171862639, -22.885425528896544 ], [ -46.817082006966942, -22.885455209748812 ], [ -46.817020959479386, -22.885481638958829 ], [ -46.816967390002674, -22.885520442067104 ], [ -46.816922455756682, -22.88556799443402 ], [ -46.816879388841869, -22.885616970013807 ], [ -46.81683510457399, -22.885665056642459 ], [ -46.816790578012515, -22.88571305574396 ], [ -46.816745398976309, -22.885760340007714 ], [ -46.816696317264508, -22.885804238014725 ], [ -46.816642997040724, -22.885843670173546 ], [ -46.816589349362133, -22.885882654630652 ], [ -46.816537252407379, -22.885923427059474 ], [ -46.816483523110783, -22.885962322130968 ], [ -46.816425540884978, -22.885995668083989 ], [ -46.81636877475151, -22.886029812690467 ], [ -46.816320311619371, -22.886071897812542 ], [ -46.816284468528004, -22.886102101600624 ], [ -46.816218997038028, -22.886158465581765 ], [ -46.816171297848321, -22.886203611641335 ], [ -46.816117567132281, -22.88624241632979 ], [ -46.816061384918221, -22.886278179302703 ], [ -46.816012787323402, -22.886322252157228 ], [ -46.815978877940339, -22.886376991452803 ], [ -46.815956606794245, -22.886436653769419 ], [ -46.815942078458384, -22.88649839447805 ], [ -46.815932865499533, -22.886560977315217 ], [ -46.815925585840517, -22.886623899206935 ], [ -46.815916533578353, -22.886686480207228 ], [ -46.815920523399406, -22.886780963568508 ], [ -46.815920001776895, -22.886892743004456 ], [ -46.815903243355095, -22.886931847521666 ], [ -46.815864184442916, -22.886955948552327 ], [ -46.815776241199309, -22.886978441169639 ], [ -46.815720407517418, -22.887010227494955 ], [ -46.81566594236039, -22.887048227870665 ], [ -46.815608864990274, -22.887083188359671 ], [ -46.815556926794557, -22.887123868402046 ], [ -46.815514345843802, -22.887173199246131 ], [ -46.815478736610039, -22.887227055012023 ], [ -46.815446445908982, -22.887282678578337 ], [ -46.815413914118828, -22.887338304892769 ], [ -46.815379600088377, -22.887392868130799 ], [ -46.815348038508525, -22.887448934780359 ], [ -46.815323184779174, -22.887507813951199 ], [ -46.815295855752865, -22.887573944231988 ], [ -46.815286307720555, -22.887629488598574 ], [ -46.815279024138107, -22.887692139660086 ], [ -46.815288613879048, -22.887754507727212 ], [ -46.815307824605533, -22.887815140771398 ], [ -46.815322387973609, -22.887876820031302 ], [ -46.815325479806951, -22.887940074876919 ], [ -46.815328408533276, -22.888003151013688 ], [ -46.815341769012804, -22.88806502457857 ], [ -46.815364502230238, -22.888124624237491 ], [ -46.815393391588273, -22.888181806154087 ], [ -46.815421802444085, -22.888239264385785 ], [ -46.815442773921177, -22.888299335579127 ], [ -46.815471483425164, -22.888355074962643 ], [ -46.815490453390481, -22.888421759851791 ], [ -46.815494201267114, -22.888479951202644 ], [ -46.81548194426118, -22.888549340202342 ], [ -46.815485355226237, -22.888612410818975 ], [ -46.815489730461834, -22.888675470420495 ], [ -46.815494909258334, -22.888738520842434 ], [ -46.815495748864471, -22.888801620828641 ], [ -46.815488629671293, -22.888864540868457 ], [ -46.815475390236905, -22.888926537676198 ], [ -46.815459410293506, -22.888987933787902 ], [ -46.815446976796693, -22.889050101958951 ], [ -46.815439671159609, -22.889086931612184 ], [ -46.81545507844563, -22.889175777141073 ], [ -46.815462585177414, -22.889238620398316 ], [ -46.815464631327231, -22.889301796885331 ], [ -46.815459522207945, -22.889364784247523 ], [ -46.81545449344199, -22.889427770691469 ], [ -46.815461597215354, -22.889490528263572 ], [ -46.815480967830332, -22.88955106914602 ], [ -46.815509617715925, -22.889608344034606 ], [ -46.815543140514102, -22.889663396399627 ], [ -46.81556179121057, -22.889706068961541 ], [ -46.815591482579677, -22.889781208463269 ], [ -46.815612615130128, -22.889841277767136 ], [ -46.815644381009257, -22.88989716274429 ], [ -46.815682289891413, -22.889949636970666 ], [ -46.815719242938755, -22.890002754104575 ], [ -46.815757312593249, -22.890055226472562 ], [ -46.815802465503381, -22.890102471629778 ], [ -46.815832876918641, -22.890135078378286 ], [ -46.815857627648789, -22.890177139487104 ], [ -46.815891217542926, -22.890267402334121 ], [ -46.815904419061908, -22.890329367912258 ], [ -46.81592899275789, -22.890388314414611 ], [ -46.815957803740787, -22.89044558735689 ], [ -46.815983336955462, -22.890504161742122 ], [ -46.816005990576485, -22.890563762165833 ], [ -46.81602744367715, -22.890623737444777 ], [ -46.816045374326414, -22.890684746110214 ], [ -46.816056732573273, -22.890747093871632 ], [ -46.816066725970984, -22.890809547512895 ], [ -46.816066770154343, -22.890849092046672 ], [ -46.816096514653324, -22.890916105116467 ], [ -46.81612885175894, -22.890966566310169 ], [ -46.816146611138478, -22.891032813471554 ], [ -46.816175266459624, -22.891090449278845 ], [ -46.816193116893956, -22.891151458834322 ], [ -46.816211688154667, -22.891212279577896 ], [ -46.816226974088899, -22.891261761894697 ], [ -46.816250348773515, -22.891321173454696 ], [ -46.816275961457677, -22.891379656578035 ], [ -46.816304133571656, -22.891437207589959 ], [ -46.816333744926645, -22.891494200433449 ], [ -46.816365512728282, -22.891550175483268 ], [ -46.81640286469019, -22.891603016995649 ], [ -46.816445315067007, -22.891652459662122 ], [ -46.816485137728108, -22.891703738059206 ], [ -46.816515946166483, -22.891760085179037 ], [ -46.81653916036106, -22.891819498516412 ], [ -46.816557571171884, -22.89188032103592 ], [ -46.816573177909653, -22.89194180760256 ], [ -46.816587183526927, -22.892003763895776 ], [ -46.816599904642963, -22.892065825155051 ], [ -46.816610541288199, -22.892128271381555 ], [ -46.816618690470548, -22.892191016897023 ], [ -46.81662386883967, -22.892253976941777 ], [ -46.816622218028186, -22.89231710533636 ], [ -46.816606868983406, -22.892371542342854 ], [ -46.816576775183769, -22.892435266723826 ], [ -46.816542947461897, -22.892490185808054 ], [ -46.816511869905213, -22.892546427732068 ], [ -46.816482410296437, -22.892603463726321 ], [ -46.816452869104651, -22.892660410363092 ], [ -46.816425348853812, -22.892718236750369 ], [ -46.816402916364623, -22.892777900975496 ], [ -46.816380564215379, -22.892837564279851 ], [ -46.816350376467334, -22.892894247434651 ], [ -46.816316466990799, -22.892949077127604 ], [ -46.816292337290086, -22.893008038454688 ], [ -46.816280869446572, -22.893070285910795 ], [ -46.816271656426949, -22.893132868737084 ], [ -46.816258497442675, -22.893194864663847 ], [ -46.816242679419823, -22.893256349267432 ], [ -46.816225249414408, -22.893317491151333 ], [ -46.816205318676879, -22.893377939330794 ], [ -46.816182725285785, -22.893437605370149 ], [ -46.816161987327405, -22.893497791914481 ], [ -46.816147538931752, -22.89355953171393 ], [ -46.816135266208825, -22.893621698074796 ], [ -46.816119689169454, -22.893683179914618 ], [ -46.816102662061461, -22.893744407468859 ], [ -46.816088778533434, -22.893806321379376 ], [ -46.816070782291185, -22.893867198864704 ], [ -46.816032813698691, -22.89391900519318 ], [ -46.815976135481201, -22.893953961372901 ], [ -46.815913037848993, -22.893977614923784 ], [ -46.815847699612576, -22.893995967212156 ], [ -46.81578285912957, -22.894015487497846 ], [ -46.815720427129634, -22.894040848793072 ], [ -46.815661291155884, -22.894072311816522 ], [ -46.815605597502056, -22.894108791475144 ], [ -46.815551702947126, -22.894147597982784 ], [ -46.815497398157284, -22.894185777162171 ], [ -46.815441624052518, -22.894222257686693 ], [ -46.815384129946139, -22.894256320134886 ], [ -46.815324829474079, -22.894287514064075 ], [ -46.815263720235897, -22.894315658928647 ], [ -46.815202607367311, -22.894343532955972 ], [ -46.815144374300367, -22.894376430052677 ], [ -46.81509113198269, -22.89441595124881 ], [ -46.815042533751317, -22.894460204514086 ], [ -46.814998409279312, -22.894508469514374 ], [ -46.814960124669781, -22.894560730650323 ], [ -46.814927994155852, -22.894616442624066 ], [ -46.814899260314327, -22.894673740937005 ], [ -46.814871174126623, -22.894731392990721 ], [ -46.814843410553934, -22.894789131641261 ], [ -46.814816777991844, -22.894847308798262 ], [ -46.814792245555402, -22.894906274536275 ], [ -46.814771103797895, -22.894966375259347 ], [ -46.814751978209813, -22.895026994667642 ], [ -46.814732611528839, -22.895087616827446 ], [ -46.814717839723492, -22.895149269936773 ], [ -46.814718678031205, -22.895212279627629 ], [ -46.814735967189549, -22.895273386019884 ], [ -46.814747630876994, -22.895316409273814 ], [ -46.814766522448778, -22.895377136218379 ], [ -46.8147917567684, -22.895455486673228 ], [ -46.814806000744895, -22.895517259829553 ], [ -46.814830094125909, -22.895576302214238 ], [ -46.81486561408488, -22.895630338672092 ], [ -46.814901848901137, -22.895683734957114 ], [ -46.81493369639999, -22.89573961905073 ], [ -46.814965543926185, -22.895795503135911 ], [ -46.81500002653182, -22.895850093117932 ], [ -46.815030516407177, -22.895906624692259 ], [ -46.815053011178414, -22.895966317290032 ], [ -46.815081740397318, -22.896023410675358 ], [ -46.81512999201022, -22.896067821654558 ], [ -46.815179910787514, -22.896110678719658 ], [ -46.815218202915723, -22.896167662832575 ], [ -46.815248053684499, -22.896224472511896 ], [ -46.815274650434951, -22.896278339938547 ], [ -46.815303382222162, -22.896335613814898 ], [ -46.815332514633369, -22.896392792821967 ], [ -46.815366436230413, -22.896447479399658 ], [ -46.815414924363942, -22.896491526433273 ], [ -46.815475114764524, -22.896521084361343 ], [ -46.81552425500535, -22.896547698817916 ], [ -46.815552822183037, -22.896586556290739 ], [ -46.815575318665175, -22.89665238818181 ], [ -46.815591235403701, -22.896725066657922 ], [ -46.815591755141618, -22.896788260522019 ], [ -46.81560847881024, -22.896849102382216 ], [ -46.815646388611171, -22.896901486178372 ], [ -46.815684697840034, -22.8969536848285 ], [ -46.815715749591156, -22.897010119530009 ], [ -46.815749033432326, -22.897065174435294 ], [ -46.815787662989067, -22.897117279109132 ], [ -46.815821505804934, -22.89717205675154 ], [ -46.815849758272059, -22.897229516549512 ], [ -46.815887031403832, -22.897282358978451 ], [ -46.815933062489563, -22.897328961896701 ], [ -46.815968577366171, -22.89738254668065 ], [ -46.815988430547215, -22.897442991575161 ], [ -46.816003878338279, -22.897504570241022 ], [ -46.816026211918249, -22.897564174210395 ], [ -46.816060054950576, -22.897618951785741 ], [ -46.816098923471309, -22.897670873063838 ], [ -46.816137553344426, -22.897722977629122 ], [ -46.816174827934098, -22.897775910243201 ], [ -46.816210905556858, -22.897829488526575 ], [ -46.816248102249503, -22.89788260258096 ], [ -46.816288405394261, -22.897933604550275 ], [ -46.816330141840943, -22.897983596983373 ], [ -46.816371002764768, -22.898034231410115 ], [ -46.816415046896893, -22.898082482013749 ], [ -46.816468610533917, -22.898121324377875 ], [ -46.816527387846186, -22.89815333571153 ], [ -46.816582298439755, -22.898190718068193 ], [ -46.816627772360853, -22.898237688262967 ], [ -46.816665126446566, -22.898290529546944 ], [ -46.816698173532004, -22.898345857771435 ], [ -46.816735288998316, -22.898398882334345 ], [ -46.816783699125708, -22.898443020057098 ], [ -46.816838613513411, -22.898480673126652 ], [ -46.816892892257364, -22.898518875156373 ], [ -46.816952843983742, -22.898548525467412 ], [ -46.817020082680187, -22.89855804906961 ], [ -46.817088017723371, -22.898553480162658 ], [ -46.817155224470021, -22.898542509295758 ], [ -46.817221073253286, -22.898526136810929 ], [ -46.817284999132319, -22.898504188601144 ], [ -46.817346029346496, -22.898476043798045 ], [ -46.817402624999175, -22.89844081715427 ], [ -46.817455704944891, -22.898401116439391 ], [ -46.817508947987399, -22.898361594413256 ], [ -46.817565460781132, -22.898326188092806 ], [ -46.817626739154107, -22.898298582061763 ], [ -46.817691914783424, -22.89827995995746 ], [ -46.817758695460043, -22.898267188011797 ], [ -46.817825993182197, -22.898257028398017 ], [ -46.817893635198665, -22.898248580238377 ], [ -46.817961369598976, -22.898241033846645 ], [ -46.818029196384416, -22.898234389222615 ], [ -46.818097198324118, -22.898228825989662 ], [ -46.818165327552471, -22.898226782399028 ], [ -46.818233381504491, -22.898231149898752 ], [ -46.818300782016927, -22.898240761395691 ], [ -46.818367738886586, -22.898253267070952 ], [ -46.818434382748272, -22.898266408296816 ], [ -46.818501411573799, -22.898278281093578 ], [ -46.818568589093431, -22.898289249306377 ], [ -46.818635621549134, -22.898301392859587 ], [ -46.818701963269554, -22.898315981993637 ], [ -46.818761823751181, -22.898338770966959 ], [ -46.818820264239754, -22.898363562448321 ], [ -46.818876887444226, -22.898384673013297 ], [ -46.818951625911097, -22.8984141532754 ], [ -46.819006857457111, -22.898451440791469 ], [ -46.819061057583895, -22.898489733233358 ], [ -46.819117470522833, -22.898525201475969 ], [ -46.819179074130858, -22.898552123448578 ], [ -46.819243879842844, -22.89857205676466 ], [ -46.819307982794363, -22.898593532949992 ], [ -46.819369509718122, -22.898620726578716 ], [ -46.819428683639195, -22.898652280820379 ], [ -46.819486122159404, -22.898686292614002 ], [ -46.819543482755016, -22.898720485848138 ], [ -46.819602184225076, -22.898752767712985 ], [ -46.819662456810995, -22.898782323002838 ], [ -46.819724613522965, -22.898808516134256 ], [ -46.819788250141897, -22.898831171164478 ], [ -46.819853053650782, -22.898850923674075 ], [ -46.81991661235562, -22.898873760113453 ], [ -46.819974915780278, -22.898906317246812 ], [ -46.820022455148468, -22.898951366740601 ], [ -46.820050785297724, -22.899008463634711 ], [ -46.820061262359424, -22.89907082101119 ], [ -46.820064113534599, -22.899133897740754 ], [ -46.820065199172859, -22.899197175265211 ], [ -46.820066524693921, -22.899260359755953 ], [ -46.820070742027546, -22.899323420833642 ], [ -46.820080498289123, -22.89938596703254 ], [ -46.820096107703385, -22.899447453040032 ], [ -46.82011388087286, -22.899508462830909 ], [ -46.820131975506712, -22.899569468935795 ], [ -46.820153671975589, -22.899629350351194 ], [ -46.820183685116589, -22.89968606678514 ], [ -46.820227169769446, -22.899734412916597 ], [ -46.820285628341985, -22.899766516705448 ], [ -46.820347314292924, -22.899793527520504 ], [ -46.820398578089311, -22.899834561651286 ], [ -46.82043720899776, -22.89988657474029 ], [ -46.820481094408734, -22.899934825915722 ], [ -46.820530385406165, -22.899978591160171 ], [ -46.820576338596275, -22.900025193477308 ], [ -46.820620227717562, -22.900073715421669 ], [ -46.820670388328431, -22.900116387229073 ], [ -46.820723957528976, -22.900155498832941 ], [ -46.820747536072204, -22.900193780409118 ], [ -46.820780133626009, -22.900257419050629 ], [ -46.820805139003973, -22.900324304676538 ], [ -46.820820108393058, -22.900385978488732 ], [ -46.820841164827897, -22.900446047687318 ], [ -46.820870619531696, -22.900503041217153 ], [ -46.820906860446925, -22.900556616408601 ], [ -46.820944774532734, -22.900609088990372 ], [ -46.820981653583225, -22.900662295706198 ], [ -46.821021161713865, -22.90071375685811 ], [ -46.82106711653342, -22.900760449273694 ], [ -46.821119497548082, -22.900800838333883 ], [ -46.821177254016881, -22.900834484651249 ], [ -46.821235954365306, -22.900866585277534 ], [ -46.821290710169322, -22.900904238496789 ], [ -46.821338093581716, -22.900949560169554 ], [ -46.821376806747743, -22.901001662329566 ], [ -46.82141527885679, -22.901053767241923 ], [ -46.821468679475117, -22.90109224849575 ], [ -46.821522762300809, -22.901109595176003 ], [ -46.821594397589323, -22.901141276497835 ], [ -46.821657800523298, -22.901164384803199 ], [ -46.821724146300895, -22.901179153101566 ], [ -46.821792192085212, -22.90118279680139 ], [ -46.821860317787895, -22.901180390449163 ], [ -46.821928410920307, -22.901175546741875 ], [ -46.821995803249045, -22.901166377354883 ], [ -46.822062072449761, -22.90115135228525 ], [ -46.82212741663367, -22.901133268102495 ], [ -46.822192758385782, -22.9011150033513 ], [ -46.822257601054993, -22.901095480306402 ], [ -46.822321273993396, -22.901072630102608 ], [ -46.822384534238886, -22.901048972041878 ], [ -46.822449459619357, -22.901029628543085 ], [ -46.822516154632687, -22.901016404108077 ], [ -46.82258380239108, -22.901008314968962 ], [ -46.822651737077386, -22.901003653345033 ], [ -46.822719840928144, -22.900999621747424 ], [ -46.822787932705744, -22.900994687407959 ], [ -46.822855863751521, -22.90098975488371 ], [ -46.822923966375953, -22.900985632928109 ], [ -46.822992169872514, -22.900983044633211 ], [ -46.823060396294878, -22.900982171463479 ], [ -46.823128628748748, -22.900981749620858 ], [ -46.823196767561065, -22.900980335687187 ], [ -46.823264870159498, -22.900976213586336 ], [ -46.823332515415565, -22.900967943589844 ], [ -46.823399722636829, -22.900956970038873 ], [ -46.82346693105233, -22.900946086731398 ], [ -46.82353449349818, -22.900937637030452 ], [ -46.82360251569196, -22.900933515709195 ], [ -46.8236707662114, -22.900934447704021 ], [ -46.823738898261198, -22.900938541008006 ], [ -46.82380694632851, -22.900942364391312 ], [ -46.823874981789132, -22.900939235937347 ], [ -46.823941676575487, -22.900926010915224 ], [ -46.824007607031675, -22.900909724947766 ], [ -46.824073788217248, -22.90089415835574 ], [ -46.824139050381355, -22.90087598402128 ], [ -46.82421551558987, -22.90084811080586 ], [ -46.824280020634511, -22.900827417126496 ], [ -46.82433340659253, -22.900816692176534 ], [ -46.824399848096789, -22.90080256702479 ], [ -46.824466966300818, -22.900790962057076 ], [ -46.824534350942415, -22.900781249988349 ], [ -46.824601913206934, -22.900772799842628 ], [ -46.824669379395779, -22.90076317706604 ], [ -46.824735484884833, -22.900747972215203 ], [ -46.824798331809738, -22.90072350540299 ], [ -46.824858865753455, -22.900694370310998 ], [ -46.824920551316922, -22.900667208240407 ], [ -46.824980922066558, -22.900637894408796 ], [ -46.825037515188768, -22.900602574851273 ], [ -46.825091328853084, -22.900563766087082 ], [ -46.825143917724937, -22.900523526815554 ], [ -46.825195526514555, -22.900482125081769 ], [ -46.825246810199936, -22.900440456212497 ], [ -46.825302995316846, -22.900404689829632 ], [ -46.825366596643718, -22.900382561549286 ], [ -46.825434468599127, -22.900379253751591 ], [ -46.825498170191466, -22.900400641661012 ], [ -46.825552134122781, -22.900439115023008 ], [ -46.825599521100195, -22.900484615887844 ], [ -46.8256449999678, -22.900531673508617 ], [ -46.825693497573319, -22.900576078158689 ], [ -46.825744455008312, -22.900618107113299 ], [ -46.825785877192175, -22.90066232218539 ], [ -46.825821527839452, -22.900707686993737 ], [ -46.825865668539485, -22.900768844385439 ], [ -46.825901191778101, -22.90082269742939 ], [ -46.825942216518243, -22.900873236973272 ], [ -46.825983718627263, -22.900923409877937 ], [ -46.826018524739723, -22.900977722557418 ], [ -46.826040142434024, -22.901037513629348 ], [ -46.826061922082474, -22.901097393120448 ], [ -46.826100472662617, -22.901149225042456 ], [ -46.826148573665051, -22.901193995229448 ], [ -46.826194529094863, -22.901240595763294 ], [ -46.826234598189927, -22.901291778196796 ], [ -46.826270202082391, -22.901345630212806 ], [ -46.826303812660541, -22.901400678838492 ], [ -46.826338860118938, -22.901454988657061 ], [ -46.826377574053936, -22.901506999190751 ], [ -46.826421462009343, -22.90155524854541 ], [ -46.82647107080507, -22.901598556725087 ], [ -46.826525433671158, -22.901636754269514 ], [ -46.82658240379056, -22.901671581271874 ], [ -46.826636053126428, -22.901710509258631 ], [ -46.826679781722959, -22.901758850649642 ], [ -46.826716344225041, -22.901812240099655 ], [ -46.826752109176596, -22.901866090135073 ], [ -46.826790027019456, -22.901918651414974 ], [ -46.826831130376348, -22.901969009213648 ], [ -46.826872633159205, -22.902019181836629 ], [ -46.826908635690316, -22.902072758242337 ], [ -46.826940250951175, -22.902128822785691 ], [ -46.826974898256907, -22.902183227322503 ], [ -46.827011619302553, -22.90223643429648 ], [ -46.827029775565904, -22.902259789869607 ], [ -46.827050526121802, -22.902356788142047 ], [ -46.827058920914716, -22.902419439651407 ], [ -46.827069563463517, -22.902481884738428 ], [ -46.827078520818723, -22.902544529775028 ], [ -46.827081536152086, -22.90260760428928 ], [ -46.827082623984346, -22.90267079125606 ], [ -46.827088371675352, -22.902733834344065 ], [ -46.827089317617563, -22.902804426308823 ], [ -46.827105305695071, -22.902851912889417 ], [ -46.82714617821977, -22.902915003414652 ], [ -46.827176515241362, -22.902971624301458 ], [ -46.827209327827063, -22.903027043002499 ], [ -46.827241820196839, -22.903082555663108 ], [ -46.827275032235718, -22.903137789182505 ], [ -46.827315180271391, -22.903188789802901 ], [ -46.827362012328045, -22.903234747852771 ], [ -46.827399816064265, -22.903290741086686 ], [ -46.827414006261165, -22.903347999080804 ], [ -46.827413003616329, -22.903411119794107 ], [ -46.827413930909408, -22.9034743085911 ], [ -46.827416626205874, -22.903537477049465 ], [ -46.827413212656836, -22.90360062549518 ], [ -46.827403522266849, -22.903663214151141 ], [ -46.827393589568906, -22.903725715308973 ], [ -46.827389289589398, -22.903788693380712 ], [ -46.827395197025361, -22.90385164431704 ], [ -46.82741561403224, -22.903911719792589 ], [ -46.827457506174333, -22.903960894595205 ], [ -46.827516287173218, -22.903992811238428 ], [ -46.827551896057955, -22.904016959083904 ], [ -46.827644887725604, -22.904034668501538 ], [ -46.827694405159811, -22.904065066523575 ], [ -46.827752270516925, -22.904112612901329 ], [ -46.827773988789978, -22.904179805855737 ], [ -46.827762233961252, -22.90428024766107 ], [ -46.827773196074503, -22.904342508416129 ], [ -46.82776873554495, -22.904405488332756 ], [ -46.827753848016464, -22.904458115170339 ], [ -46.82774259623023, -22.90451214473325 ], [ -46.827770050922361, -22.904593536697249 ], [ -46.827772422567143, -22.904656528285752 ], [ -46.827760959449186, -22.904718776208874 ], [ -46.827746595944376, -22.904780515793664 ], [ -46.827735697779566, -22.904842937784743 ], [ -46.827727133806299, -22.904905603772896 ], [ -46.827720261111956, -22.904968521155613 ], [ -46.82771901877048, -22.905031734895232 ], [ -46.827726531325744, -22.905094486761101 ], [ -46.827737494726648, -22.905156837780375 ], [ -46.827747737278486, -22.905219377661968 ], [ -46.827756855946788, -22.905282020758627 ], [ -46.827765653166807, -22.905344667552544 ], [ -46.827775093314933, -22.9054073069473 ], [ -46.827786217503323, -22.905469656108387 ], [ -46.827799025734144, -22.905531715035313 ], [ -46.827815265461197, -22.905591928776531 ], [ -46.827829794305487, -22.90563843889532 ], [ -46.82785341698375, -22.905709763004335 ], [ -46.827878993619436, -22.905770952713574 ], [ -46.827918824891029, -22.905822227612472 ], [ -46.827960012715131, -22.905872764609335 ], [ -46.828003347427959, -22.90592156147391 ], [ -46.828049384322419, -22.905968070104485 ], [ -46.828096775349856, -22.906013660286497 ], [ -46.828143289656147, -22.906059802252003 ], [ -46.828188851718231, -22.906106858010553 ], [ -46.828233936463484, -22.906154280387412 ], [ -46.828277113056814, -22.906203259555323 ], [ -46.828315270257178, -22.906255546739665 ], [ -46.828348963354742, -22.906310593843216 ], [ -46.828383533234415, -22.906365089136195 ], [ -46.828421930408858, -22.906417283242192 ], [ -46.828463594744377, -22.906467363175874 ], [ -46.82850796368475, -22.906515335410525 ], [ -46.828555352637785, -22.906560744888512 ], [ -46.828604568231086, -22.906604508194214 ], [ -46.828648300397496, -22.906652939138819 ], [ -46.828677997258247, -22.906709657291685 ], [ -46.828694328042943, -22.906764633335996 ], [ -46.828708843690073, -22.906798142476298 ], [ -46.828765758991985, -22.906870617949899 ], [ -46.828821746837392, -22.906921887134761 ], [ -46.828853522441392, -22.906977768748401 ], [ -46.828883302253502, -22.907034666467052 ], [ -46.828918030852812, -22.907088979220681 ], [ -46.828964542180223, -22.907134850085125 ], [ -46.829022695312652, -22.907167766429978 ], [ -46.829086102163842, -22.907190871489416 ], [ -46.829153199434799, -22.907201474714981 ], [ -46.829207985801531, -22.907217095068233 ], [ -46.829259421879172, -22.907222642082854 ], [ -46.829344022715858, -22.907255795425478 ], [ -46.829400187844179, -22.90728431056267 ], [ -46.829463828632164, -22.907306871061127 ], [ -46.82953129267284, -22.907314851637434 ], [ -46.82959905112002, -22.907308834644489 ], [ -46.829664567385393, -22.907291467562239 ], [ -46.829729010216653, -22.907283953865409 ], [ -46.829797831988841, -22.907291286694008 ], [ -46.829861711507789, -22.907313663709299 ], [ -46.829928115878424, -22.907326531703436 ], [ -46.829996047150956, -22.907321415398638 ], [ -46.830062741802536, -22.907308007109826 ], [ -46.830128847216457, -22.907292619316927 ], [ -46.830194778550414, -22.907276240370173 ], [ -46.83025978948347, -22.907257163458144 ], [ -46.830320246957825, -22.907228207662001 ], [ -46.830374469345436, -22.907189843789698 ], [ -46.830430163737944, -22.907153358918055 ], [ -46.830491360175422, -22.907125568247491 ], [ -46.830553793587733, -22.90710011070373 ], [ -46.830614493232979, -22.907071242295839 ], [ -46.830674287009089, -22.907040759180116 ], [ -46.830734655439166, -22.907011172267836 ], [ -46.830794863110725, -22.906981587186788 ], [ -46.830854082121135, -22.906950207784107 ], [ -46.830913218312809, -22.906918648745709 ], [ -46.830973921430953, -22.906890051022376 ], [ -46.831036353421659, -22.906864503030164 ], [ -46.83109928334305, -22.906840122976629 ], [ -46.831162376396357, -22.906815921588183 ], [ -46.831225057897726, -22.906791002642205 ], [ -46.831286418361479, -22.906763480644386 ], [ -46.831343667153639, -22.906729054101621 ], [ -46.831397153623392, -22.906689795540455 ], [ -46.831455881675154, -22.906657789593435 ], [ -46.831519226583531, -22.906634397729469 ], [ -46.831584152986871, -22.906615050419838 ], [ -46.831649500602516, -22.906597142783703 ], [ -46.831715006503757, -22.906579052726705 ], [ -46.831779768478079, -22.906559436381634 ], [ -46.831843944828151, -22.906538111354351 ], [ -46.831907786351991, -22.906515797031279 ], [ -46.831972128240835, -22.906494831184073 ], [ -46.83203831214346, -22.906479351436559 ], [ -46.832105964144297, -22.906471438648126 ], [ -46.832174130791195, -22.906471916376738 ], [ -46.832241758856611, -22.906480164776834 ], [ -46.832308332188191, -22.906493661829625 ], [ -46.832374145560259, -22.906510417871232 ], [ -46.832439189270147, -22.906529710736368 ], [ -46.832503373248521, -22.906550819187014 ], [ -46.832566707205636, -22.906574465389877 ], [ -46.832629024346637, -22.906600199846562 ], [ -46.832692122104, -22.906624209860912 ], [ -46.832757471588437, -22.906642325360526 ], [ -46.832824120545759, -22.906655460178143 ], [ -46.832891229858532, -22.906666964529943 ], [ -46.832958491414757, -22.906677835102855 ], [ -46.833025816351594, -22.906687440929215 ], [ -46.833093534625149, -22.906696410194179 ], [ -46.833161015451395, -22.906705653024254 ], [ -46.833228348907497, -22.906715890657757 ], [ -46.83329537790636, -22.90672739576199 ], [ -46.83336218888526, -22.906740618763084 ], [ -46.83342807677036, -22.906756922070112 ], [ -46.833492262195499, -22.906778120374145 ], [ -46.833552382774585, -22.90680785233474 ], [ -46.833606748416855, -22.906845956896547 ], [ -46.833681488794333, -22.90689294498268 ], [ -46.833728413433143, -22.906897730063918 ], [ -46.833796430664385, -22.906893062581361 ], [ -46.833862877446883, -22.906879204163356 ], [ -46.83392672116306, -22.906857069581744 ], [ -46.833982502032754, -22.906821124229083 ], [ -46.834026138421258, -22.906772679227846 ], [ -46.83405964046753, -22.90671776045124 ], [ -46.834086830280711, -22.906659664305721 ], [ -46.834113940921604, -22.906601659355253 ], [ -46.834145741866784, -22.90654576707438 ], [ -46.834182482708719, -22.906492616571175 ], [ -46.834223762832664, -22.906442302753213 ], [ -46.834267803273576, -22.906394033598062 ], [ -46.834313224464232, -22.906346831903321 ], [ -46.834359622149911, -22.906300521766909 ], [ -46.834407321434234, -22.906255370287553 ], [ -46.834458276584016, -22.906213250872668 ], [ -46.834514625676618, -22.906177750212862 ], [ -46.834573597436197, -22.906146011199926 ], [ -46.834629862459835, -22.906110240618975 ], [ -46.834679760593303, -22.906067230500582 ], [ -46.834722421186811, -22.906017984038428 ], [ -46.8347623226203, -22.905966783173781 ], [ -46.834811409722803, -22.905923240678266 ], [ -46.83487893468012, -22.905870095582969 ], [ -46.834917825984796, -22.905839400969739 ], [ -46.834956040678911, -22.905794268618632 ], [ -46.834990835248817, -22.905739876449143 ], [ -46.835033170526501, -22.905690362817172 ], [ -46.835082009058929, -22.905646281410135 ], [ -46.835133209724333, -22.905604520101146 ], [ -46.835184817041217, -22.905563115217589 ], [ -46.835234877958349, -22.905520283630619 ], [ -46.835281600153628, -22.905474240356735 ], [ -46.835305859012031, -22.905437304506567 ], [ -46.835355810940193, -22.905368472165939 ], [ -46.835398637881113, -22.905319675044041 ], [ -46.835456463292537, -22.905286414137059 ], [ -46.835517739328189, -22.905258710985844 ], [ -46.835576873603706, -22.905227150321764 ], [ -46.835635350351318, -22.905194513819612 ], [ -46.835695800784379, -22.905165195020537 ], [ -46.835758232198842, -22.905139735545625 ], [ -46.835822073540172, -22.905117509999624 ], [ -46.835886579653405, -22.905096901869317 ], [ -46.835951088176671, -22.905076474255178 ], [ -46.836016514723859, -22.905058563974652 ], [ -46.836083043125285, -22.905044884309529 ], [ -46.836147551589008, -22.905024456618964 ], [ -46.836207344321764, -22.90499406182121 ], [ -46.836259235457717, -22.904979738720378 ], [ -46.836339104113392, -22.904971863525809 ], [ -46.836406881329886, -22.904979295892069 ], [ -46.836475067776924, -22.904981306421064 ], [ -46.83654135255631, -22.904967448815391 ], [ -46.836604195248668, -22.904942706542144 ], [ -46.836665884849452, -22.904915901031554 ], [ -46.836727903177561, -22.904889633404871 ], [ -46.836790415826258, -22.904864262885315 ], [ -46.836853673618243, -22.904840508848718 ], [ -46.836918012606411, -22.904819450823243 ], [ -46.83698327206595, -22.904801090666044 ], [ -46.837049285190517, -22.904784978881914 ], [ -46.837115810891156, -22.904771118257948 ], [ -46.837183192522616, -22.904761129944937 ], [ -46.837250922360496, -22.904753123837409 ], [ -46.837317034034044, -22.904738365073683 ], [ -46.837390360333167, -22.904710250999923 ], [ -46.837446482445877, -22.90469976082106 ], [ -46.837514408240395, -22.904694370589574 ], [ -46.837582239063039, -22.904687898012995 ], [ -46.837647839274069, -22.904670978201676 ], [ -46.837711015222872, -22.904647134497701 ], [ -46.837774936325268, -22.904624907271153 ], [ -46.837839779129965, -22.904605468177866 ], [ -46.837904116610289, -22.904584319498831 ], [ -46.837966300112299, -22.904558410635044 ], [ -46.838024779596985, -22.904526044117581 ], [ -46.838079324921317, -22.904488035174793 ], [ -46.838132237382382, -22.904448149133355 ], [ -46.838186128781196, -22.904409335162519 ], [ -46.838242147334526, -22.904373295380726 ], [ -46.838300459856811, -22.904340479278037 ], [ -46.838358526390373, -22.904307304863828 ], [ -46.838414543636361, -22.904271174756023 ], [ -46.838472695343349, -22.904238360455299 ], [ -46.838537041058125, -22.90421784342977 ], [ -46.838604966535314, -22.904212452749846 ], [ -46.838672133382509, -22.904222328909611 ], [ -46.83873655445985, -22.904243161252147 ], [ -46.838799650768998, -22.904267078576442 ], [ -46.838864148594574, -22.90428763912286 ], [ -46.838930873488131, -22.904300499675568 ], [ -46.838998998668046, -22.904303954397722 ], [ -46.83906712749998, -22.904301721122906 ], [ -46.83913523806185, -22.904298133762595 ], [ -46.839203400981312, -22.904298428001535 ], [ -46.839271103648926, -22.904306311439843 ], [ -46.839337981997275, -22.904318628334849 ], [ -46.839404940719234, -22.904330944270342 ], [ -46.839471895797431, -22.904342989365556 ], [ -46.839538702338025, -22.904355938997046 ], [ -46.839605205705254, -22.904370246378228 ], [ -46.839671323101342, -22.90438573189925 ], [ -46.839737210382708, -22.904402032617458 ], [ -46.839803255968825, -22.904418150904966 ], [ -46.839869450113831, -22.904433364598475 ], [ -46.839936104524938, -22.90444694781154 ], [ -46.840003136399609, -22.904458720933807 ], [ -46.840070388662944, -22.904468956637899 ], [ -46.840137940457929, -22.904477563722384 ], [ -46.840205784471564, -22.904484000564839 ], [ -46.8402739255745, -22.904488628246522 ], [ -46.840341618616584, -22.904495789055048 ], [ -46.840408273090709, -22.904509372064723 ], [ -46.840474849649681, -22.904523136517323 ], [ -46.840542758212294, -22.904528398767535 ], [ -46.840610889517954, -22.904526345365372 ], [ -46.840679095089257, -22.904523839651166 ], [ -46.840747342094637, -22.904524403099487 ], [ -46.840815320053686, -22.904528851868083 ], [ -46.840882802507899, -22.90453827199488 ], [ -46.84094899557968, -22.904553394956082 ], [ -46.841013730017131, -22.904573590723235 ], [ -46.841077372294087, -22.904596236801186 ], [ -46.841140859958486, -22.904619336066641 ], [ -46.841204503493742, -22.90464207236105 ], [ -46.841268305337685, -22.904664626224836 ], [ -46.841331011369711, -22.904689359590574 ], [ -46.84139160490632, -22.904718360786894 ], [ -46.841450863984981, -22.90474972482345 ], [ -46.841510516373354, -22.904780452285721 ], [ -46.84157157875466, -22.904808454844808 ], [ -46.841634992322625, -22.90483200618333 ], [ -46.841698402252582, -22.904855286684146 ], [ -46.841757735721501, -22.904886198313996 ], [ -46.841814551232943, -22.904921111629683 ], [ -46.84184907268471, -22.904935969427786 ], [ -46.841945407343864, -22.904951103601977 ], [ -46.842013591238533, -22.904952931207323 ], [ -46.84208150978359, -22.904958914943407 ], [ -46.842149205537076, -22.904966255499904 ], [ -46.842217331027783, -22.904969708813788 ], [ -46.842285537958219, -22.904967292667298 ], [ -46.842352843655661, -22.904957664191876 ], [ -46.842418938853818, -22.904941729820283 ], [ -46.842483447344456, -22.904921389890426 ], [ -46.842546621193677, -22.904897454040327 ], [ -46.842608308210217, -22.904870556027905 ], [ -46.842669168382145, -22.904841952180664 ], [ -46.842730192914985, -22.904813617257876 ], [ -46.842791797049152, -22.904786539570519 ], [ -46.842854057488992, -22.904760447374827 ], [ -46.84291615839642, -22.904734447291094 ], [ -46.842977266848699, -22.904706382157819 ], [ -46.843036727731771, -22.904675356733225 ], [ -46.843096435779138, -22.904644779841824 ], [ -46.843157874147224, -22.904617342805594 ], [ -46.843218322497506, -22.904588021262473 ], [ -46.843273767346375, -22.904551264153866 ], [ -46.843326516231016, -22.904511288074005 ], [ -46.843382613690274, -22.904475245632334 ], [ -46.843440188175471, -22.904441443141053 ], [ -46.84349342647122, -22.904402003036836 ], [ -46.843541610187238, -22.904357294798775 ], [ -46.843591747005874, -22.904314369567874 ], [ -46.84364637457719, -22.904276628696298 ], [ -46.843702227099186, -22.904240318140022 ], [ -46.843757752033618, -22.904203559945916 ], [ -46.843815325084947, -22.904169667060877 ], [ -46.843875855888378, -22.904140524895659 ], [ -46.843935071551769, -22.904109231149874 ], [ -46.843988391153296, -22.904069880233308 ], [ -46.844038690889839, -22.904027133550549 ], [ -46.84408220634301, -22.903993855182186 ], [ -46.844151557193015, -22.903957207213114 ], [ -46.844214814290851, -22.903933540622393 ], [ -46.844278904302342, -22.903912031161891 ], [ -46.844341167689599, -22.903886209235509 ], [ -46.844399396789015, -22.903853301663197 ], [ -46.844453695160986, -22.903815022649699 ], [ -46.844505544753083, -22.903773973237868 ], [ -46.844559191609768, -22.903735069765709 ], [ -46.84461877454612, -22.903701243555169 ], [ -46.844681365324071, -22.903675869123337 ], [ -46.844745016921649, -22.903657614811291 ], [ -46.844809357566859, -22.903636824511413 ], [ -46.844869887900828, -22.903607681994711 ], [ -46.844926806507821, -22.90357298377377 ], [ -46.844983967395052, -22.903538373004285 ], [ -46.845042442153826, -22.903505823495163 ], [ -46.84510190322635, -22.90347488762777 ], [ -46.845161364270709, -22.903443951739753 ], [ -46.845219428577707, -22.903410774946749 ], [ -46.845277162852391, -22.903376969977277 ], [ -46.845338935055217, -22.903350521396355 ], [ -46.845404356819365, -22.903332426837871 ], [ -46.8454670410662, -22.903308044153547 ], [ -46.845520848175696, -22.903269138517082 ], [ -46.845575152092692, -22.903231310503777 ], [ -46.845639499720988, -22.903211061508511 ], [ -46.845707413189317, -22.903204855409523 ], [ -46.845775615396605, -22.903202167014651 ], [ -46.845843014900041, -22.903193619438184 ], [ -46.845905453016961, -22.903168878310595 ], [ -46.845957712272529, -22.9031284556877 ], [ -46.846000612474604, -22.903079474512595 ], [ -46.846038156165925, -22.903026673348386 ], [ -46.846076997850879, -22.902974759935766 ], [ -46.846121356709972, -22.902926664624278 ], [ -46.846168236107665, -22.902880706832764 ], [ -46.846215848513815, -22.90283546278447 ], [ -46.846268595835063, -22.902795485818821 ], [ -46.846328965952267, -22.902766434925791 ], [ -46.846392716466987, -22.902743664621671 ], [ -46.84645672516011, -22.902722155272116 ], [ -46.846481279352496, -22.902719161346774 ], [ -46.846584504078869, -22.902750554132979 ], [ -46.846637684224973, -22.902790022181748 ], [ -46.846689836807371, -22.90283076613564 ], [ -46.846744048276101, -22.902869229029374 ], [ -46.846797229735962, -22.902908787288144 ], [ -46.846847401472417, -22.902951630750675 ], [ -46.846897970161415, -22.902994108443451 ], [ -46.846951943110177, -22.903032754600339 ], [ -46.847009388450545, -22.903066665583285 ], [ -46.847069747309725, -22.903096118739576 ], [ -46.847130655279116, -22.903124572359868 ], [ -46.847189916017527, -22.903156024489331 ], [ -46.847248229553742, -22.903188751588861 ], [ -46.847326816354929, -22.903240654026504 ], [ -46.847371943291506, -22.903255206718608 ], [ -46.847436804327309, -22.903272870418583 ], [ -46.847497569331956, -22.903290762295843 ], [ -46.847560510627758, -22.903315039018832 ], [ -46.847622437812056, -22.903341584616179 ], [ -46.847684053354989, -22.903368856086516 ], [ -46.847745900222286, -22.903395402567085 ], [ -46.84780814280856, -22.903421492998071 ], [ -46.847870224691846, -22.90344758527262 ], [ -46.847931212106857, -22.903475947358594 ], [ -46.847989524719587, -22.903508583893988 ], [ -46.848045474196468, -22.903544768982048 ], [ -46.84809984336664, -22.90358295868624 ], [ -46.848153975149302, -22.903621421984422 ], [ -46.848209608157624, -22.90365797182795 ], [ -46.848267845442514, -22.903690970265806 ], [ -46.848329065563547, -22.903718697490785 ], [ -46.848392944616037, -22.90374097670022 ], [ -46.848458446443331, -22.903758451937481 ], [ -46.848525024409568, -22.903772303256414 ], [ -46.848592055189883, -22.903783982456627 ], [ -46.848659313604315, -22.903794665852715 ], [ -46.848726800875454, -22.903804443714439 ], [ -46.848794278361559, -22.903813499387294 ], [ -46.848861977357167, -22.903821107905959 ], [ -46.848929972102127, -22.903826816985255 ], [ -46.848998109213149, -22.903831170115335 ], [ -46.849066157393686, -22.90383489226182 ], [ -46.84913441972968, -22.903836625634252 ], [ -46.849202550723753, -22.903840527326253 ], [ -46.849270544257209, -22.903846145988201 ], [ -46.849338737251813, -22.903848692636959 ], [ -46.849406829067746, -22.903849705603434 ], [ -46.849475059566672, -22.903849091811086 ], [ -46.849543281490753, -22.903847846100142 ], [ -46.849611529128268, -22.903848496027852 ], [ -46.849679584662148, -22.903852759529119 ], [ -46.849747357937332, -22.903859915380515 ], [ -46.849814840384902, -22.903869331692864 ], [ -46.849881949195797, -22.903880828862434 ], [ -46.849948754937174, -22.903893683794532 ], [ -46.850015934330955, -22.903904457811024 ], [ -46.850083915654139, -22.903909173421567 ], [ -46.850150810867511, -22.903899004769858 ], [ -46.850204143137312, -22.903860735126162 ], [ -46.850258119504382, -22.903792935052078 ], [ -46.850295151298518, -22.903767675585748 ], [ -46.850355188378522, -22.903737814508606 ], [ -46.850415717408346, -22.90370866995265 ], [ -46.850472879255307, -22.903674237834881 ], [ -46.850528729540414, -22.903637925009772 ], [ -46.850584253443458, -22.903601254832129 ], [ -46.850636181322223, -22.903560202607228 ], [ -46.850696377131598, -22.903494677332134 ], [ -46.850734000608675, -22.903441964505465 ], [ -46.850750605635675, -22.903404032288851 ], [ -46.850777870374401, -22.903346113373363 ], [ -46.850799884574371, -22.903286269375723 ], [ -46.850819155406498, -22.903225644780878 ], [ -46.850839071573091, -22.903165193233747 ], [ -46.850858180424346, -22.903104480238291 ], [ -46.850872211730831, -22.903042742990205 ], [ -46.850881730485966, -22.90298015547593 ], [ -46.850891409958962, -22.902917566088576 ], [ -46.850905681098538, -22.902855735759655 ], [ -46.85092745409181, -22.902795894558615 ], [ -46.850957063857727, -22.902739031705934 ], [ -46.850989259892373, -22.902683222123976 ], [ -46.851017979500853, -22.902625918213072 ], [ -46.851034752813298, -22.90256487127763 ], [ -46.851031888379872, -22.902501886338285 ], [ -46.851018749878207, -22.902439923950116 ], [ -46.851008497066246, -22.902377386232189 ], [ -46.85100667490881, -22.902314208577774 ], [ -46.851012572392314, -22.902251302113459 ], [ -46.851026764293074, -22.902189562983104 ], [ -46.851051847910718, -22.902130856888515 ], [ -46.851089067873545, -22.902078058414805 ], [ -46.851125328006887, -22.902049286693895 ], [ -46.851210539070181, -22.902044411556645 ], [ -46.85127207303119, -22.902071592296803 ], [ -46.851328729994343, -22.902106594279619 ], [ -46.851384444707186, -22.902143232335384 ], [ -46.851442285090684, -22.902176595368797 ], [ -46.851505223988497, -22.902200689979274 ], [ -46.851572392803646, -22.902210741227496 ], [ -46.851640339637093, -22.902207060195195 ], [ -46.851706015625076, -22.902190043556242 ], [ -46.85176885754214, -22.902165566345769 ], [ -46.851831863836459, -22.902141358047722 ], [ -46.851895784736172, -22.902119396166476 ], [ -46.851960033190686, -22.902097881862545 ], [ -46.852024536195387, -22.90207735769107 ], [ -46.852090296102091, -22.902060610772658 ], [ -46.852157503067502, -22.902049805706554 ], [ -46.852225531373982, -22.90204621376294 ], [ -46.852293594583614, -22.902051108086813 ], [ -46.852359397784724, -22.902067133674347 ], [ -46.852420305000898, -22.902095494956928 ], [ -46.852475778888099, -22.902132135421969 ], [ -46.852526823682574, -22.902174063989968 ], [ -46.852574139339396, -22.902219557105322 ], [ -46.8526182761263, -22.902267705513559 ], [ -46.852657238490103, -22.902319525614136 ], [ -46.85268806285378, -22.902375774245261 ], [ -46.852710576221476, -22.902435550588898 ], [ -46.852727242818204, -22.902496839660767 ], [ -46.852743187401167, -22.902558227434277 ], [ -46.852765698375457, -22.902617823225732 ], [ -46.852794208307841, -22.902675272513701 ], [ -46.852818959650556, -22.902734119892727 ], [ -46.852836186423012, -22.902795221844944 ], [ -46.85285277399619, -22.902856602101444 ], [ -46.852873503639827, -22.902903398311736 ], [ -46.852909707576913, -22.902971050213015 ], [ -46.852941651145855, -22.903026834302704 ], [ -46.852968881587095, -22.903084749892283 ], [ -46.852998589788101, -22.90314164344943 ], [ -46.853031332152945, -22.903197057062169 ], [ -46.853060560686991, -22.903254136767501 ], [ -46.853085714077594, -22.903312979399342 ], [ -46.853110386544124, -22.903371917919735 ], [ -46.853137776632956, -22.903429741324125 ], [ -46.853170439994884, -22.903485246105191 ], [ -46.853206133846527, -22.903539000127758 ], [ -46.853238318770735, -22.903594781324752 ], [ -46.853265708964194, -22.90365260469903 ], [ -46.853300307878179, -22.903702669823844 ], [ -46.853339643928237, -22.903758277281668 ], [ -46.853378526659732, -22.903810098087639 ], [ -46.853403837348736, -22.903868667965092 ], [ -46.853426189366843, -22.903928355765348 ], [ -46.853456777044521, -22.903984877813699 ], [ -46.853485764856721, -22.904041960225559 ], [ -46.853497057557426, -22.90410403415008 ], [ -46.853496630795128, -22.904167237939923 ], [ -46.853501024580154, -22.904230295199081 ], [ -46.853515528144783, -22.904292060803126 ], [ -46.853536679759017, -22.904352123721146 ], [ -46.853561032413111, -22.904411156159558 ], [ -46.853584504778652, -22.904470469716514 ], [ -46.853604134467538, -22.904530911516055 ], [ -46.853623872819234, -22.904605255780723 ], [ -46.853647237832213, -22.904650757123875 ], [ -46.853678703641279, -22.904706817444072 ], [ -46.853719260919135, -22.904757625474488 ], [ -46.85376459092344, -22.904804766435372 ], [ -46.853808730240345, -22.904853004684917 ], [ -46.85385414067116, -22.904900144677718 ], [ -46.853907557347959, -22.904939065656563 ], [ -46.853967762541757, -22.904968878986153 ], [ -46.85402945660762, -22.904995876110167 ], [ -46.8540904458414, -22.905024235695393 ], [ -46.854150808152539, -22.905053776265181 ], [ -46.854213822025237, -22.905100981519187 ], [ -46.854280249596364, -22.905121422839336 ], [ -46.85433697520002, -22.905131775299218 ], [ -46.854401010317588, -22.905153598755177 ], [ -46.854463251123832, -22.905179415626449 ], [ -46.854524476698643, -22.905207411139855 ], [ -46.854586247649323, -22.905234136285259 ], [ -46.854650047898353, -22.905256413797645 ], [ -46.85471639822952, -22.905271167939542 ], [ -46.854784090724401, -22.905278232244683 ], [ -46.854852343844257, -22.905279240949199 ], [ -46.854920455188712, -22.905275737082238 ], [ -46.854988287361124, -22.905269437643895 ], [ -46.855056406062566, -22.905266475336784 ], [ -46.855122731862735, -22.905279423913623 ], [ -46.855182465089719, -22.905309964541999 ], [ -46.855241723532153, -22.905341052395219 ], [ -46.855306069265175, -22.90536205928889 ], [ -46.855372190893497, -22.90537771866023 ], [ -46.855437772104864, -22.905395009426389 ], [ -46.855502117888157, -22.905416016236799 ], [ -46.855564750981927, -22.905441105803554 ], [ -46.855626208133224, -22.905468375895705 ], [ -46.855687824806026, -22.905495553815161 ], [ -46.855749442730769, -22.905522821978554 ], [ -46.855810039300188, -22.905551817443619 ], [ -46.855869616973827, -22.905582720750537 ], [ -46.855928326649625, -22.905614807865945 ], [ -46.855987116715589, -22.905646894018727 ], [ -46.856047164359367, -22.905676888923875 ], [ -46.8561087020665, -22.905704157876119 ], [ -46.856170786364444, -22.905730246725195 ], [ -46.856233031411989, -22.905756333670112 ], [ -46.856296053077109, -22.905780425267736 ], [ -46.856360553733992, -22.905800978482635 ], [ -46.856426213152538, -22.905818087339725 ], [ -46.856492565126629, -22.90583293097718 ], [ -46.856558993788873, -22.90584750283811 ], [ -46.856624728695103, -22.90586424959254 ], [ -46.856690006021772, -22.905882807345009 ], [ -46.856755122636926, -22.905901366948221 ], [ -46.856820858817045, -22.905918203887527 ], [ -46.856887515112206, -22.905931779823007 ], [ -46.856954922183078, -22.905941464746292 ], [ -46.857022847540243, -22.90594789336183 ], [ -46.857090820063668, -22.905951883732058 ], [ -46.8571590919085, -22.905954245463793 ], [ -46.857227264942992, -22.905955254063368 ], [ -46.857295498662744, -22.905954817382256 ], [ -46.857363706552491, -22.905952485012836 ], [ -46.857431624149847, -22.905946544654498 ], [ -46.857498833641529, -22.905935827503722 ], [ -46.85756535224084, -22.905921597334334 ], [ -46.857631367731379, -22.905905838196066 ], [ -46.857697294230384, -22.905889448084977 ], [ -46.857755412325311, -22.905883983331943 ], [ -46.857784317813071, -22.905875880854836 ], [ -46.857893816497096, -22.905836500375965 ], [ -46.857958656367551, -22.905817053218708 ], [ -46.858022823781738, -22.905795447089659 ], [ -46.858085748809998, -22.905771146953555 ], [ -46.858147267031228, -22.905743883883879 ], [ -46.858207710970433, -22.905714466546929 ], [ -46.858268487410427, -22.905685857852898 ], [ -46.858330831336367, -22.905660210165095 ], [ -46.858394166670877, -22.905636537099191 ], [ -46.85845775291677, -22.905613583344092 ], [ -46.85852192383485, -22.905592247832569 ], [ -46.858587266584252, -22.905574329370097 ], [ -46.858653954203085, -22.905560728768382 ], [ -46.858721509439555, -22.905551812745237 ], [ -46.858789530483229, -22.905547586001155 ], [ -46.858857694656542, -22.905547962027423 ], [ -46.858925762107027, -22.905553033914185 ], [ -46.858993170297886, -22.905562808244674 ], [ -46.859059821639079, -22.905576022188267 ], [ -46.859126553354564, -22.905589235162431 ], [ -46.859193811924115, -22.905599823711174 ], [ -46.859261510824886, -22.905607337427853 ], [ -46.859313803344484, -22.905616746842842 ], [ -46.859397568561938, -22.905605925398756 ], [ -46.859463330229339, -22.905589265650548 ], [ -46.859526338921711, -22.905565234833389 ], [ -46.859588764114214, -22.905539675999048 ], [ -46.859652101599963, -22.905516182987785 ], [ -46.859717022610177, -22.905496824466724 ], [ -46.859782697656172, -22.905479714186114 ], [ -46.859847616163776, -22.90546017507523 ], [ -46.85991120080859, -22.905437130489705 ], [ -46.85997404245564, -22.905412650039455 ], [ -46.860036718425576, -22.905387810370424 ], [ -46.860099142196553, -22.905362161077164 ], [ -46.860161402752688, -22.905336333104326 ], [ -46.860224657203666, -22.905312660279211 ], [ -46.860289328307836, -22.905292672473426 ], [ -46.860354832586502, -22.905274841694578 ], [ -46.860420340541687, -22.905257281697811 ], [ -46.860485933768814, -22.905240081811112 ], [ -46.860551775458532, -22.905223420690469 ], [ -46.860617364952994, -22.905205949943628 ], [ -46.860682032241755, -22.905185691176797 ], [ -46.860743390116802, -22.90515851930288 ], [ -46.860796624456604, -22.905119163979581 ], [ -46.860840087059437, -22.905070533603098 ], [ -46.860880139885339, -22.905019415216383 ], [ -46.860919055278572, -22.904967407308593 ], [ -46.860952868347667, -22.904912570087991 ], [ -46.860978917263765, -22.904854212472056 ], [ -46.861000524021584, -22.904794281787563 ], [ -46.861020596475086, -22.904733827373619 ], [ -46.861039459774034, -22.904673116272591 ], [ -46.861057355008278, -22.904612145660224 ], [ -46.861077103500008, -22.904551514468697 ], [ -46.861100891058662, -22.904492370777103 ], [ -46.861125162006523, -22.904433311702913 ], [ -46.861143944863997, -22.904372601534654 ], [ -46.861157486887215, -22.904310688795594 ], [ -46.861170303172777, -22.904248603991149 ], [ -46.861184651265454, -22.904186862373521 ], [ -46.861201255657669, -22.904125545737642 ], [ -46.861219875259195, -22.904064656907721 ], [ -46.86123889912259, -22.904003943906964 ], [ -46.861257439564476, -22.903943146284856 ], [ -46.861276302673353, -22.903882435164121 ], [ -46.86129693989924, -22.903822154673058 ], [ -46.86132258421511, -22.90376362118602 ], [ -46.861356154534683, -22.903708696457613 ], [ -46.861399536152661, -22.903660066904266 ], [ -46.861452605312259, -22.903620442480502 ], [ -46.861508451121956, -22.903584035717497 ], [ -46.861558504916111, -22.90354137694905 ], [ -46.861600829376705, -22.903491856897539 ], [ -46.861637879739753, -22.903438697010341 ], [ -46.861670802030829, -22.903383418683887 ], [ -46.861699759442907, -22.903326200575421 ], [ -46.861724918866969, -22.903267492149656 ], [ -46.861746363134507, -22.903207473004869 ], [ -46.86176425667162, -22.903146412066462 ], [ -46.861777798329882, -22.903084499292085 ], [ -46.861786185729891, -22.903021834369934 ], [ -46.861791031044248, -22.90295875954109 ], [ -46.861793624995784, -22.902895620813588 ], [ -46.861793887225957, -22.902832419129158 ], [ -46.861791820203251, -22.902769335026132 ], [ -46.861785735104647, -22.90270629801293 ], [ -46.861774996438704, -22.902643857238839 ], [ -46.861760891228592, -22.902582087903156 ], [ -46.861746543716279, -22.902520231120963 ], [ -46.861733239685449, -22.902458271823843 ], [ -46.861720577327624, -22.902396214720973 ], [ -46.861708796493609, -22.902333966717983 ], [ -46.861698778692073, -22.902271336917337 ], [ -46.86169117050877, -22.902208588593489 ], [ -46.861685567669056, -22.902145545917087 ], [ -46.86168245603514, -22.902082474046015 ], [ -46.861682798705502, -22.902019271410605 ], [ -46.861687322623325, -22.901956200343513 ], [ -46.861694744469723, -22.901893456451017 ], [ -46.861704014616535, -22.901830690898315 ], [ -46.861716106021319, -22.90176852426956 ], [ -46.8617327111916, -22.901707297864945 ], [ -46.861754720254815, -22.901647452670719 ], [ -46.861782222192886, -22.901589619628421 ], [ -46.861813686444691, -22.901533545821469 ], [ -46.861846446306458, -22.901478179095356 ], [ -46.861879771133879, -22.901422986309822 ], [ -46.861914957792756, -22.901368764819082 ], [ -46.861952656563417, -22.901316048703077 ], [ -46.861991329495929, -22.901264043431794 ], [ -46.862029595665469, -22.901211681784904 ], [ -46.862065108587579, -22.901157817576745 ], [ -46.862096492271995, -22.901101744667013 ], [ -46.86212552944879, -22.901044525567229 ], [ -46.862154486242062, -22.900987307405273 ], [ -46.862184331909411, -22.900930439955062 ], [ -46.862215552311234, -22.900874188372281 ], [ -46.86224693587512, -22.900818115439321 ], [ -46.862276943424618, -22.900761336360898 ], [ -46.862304849251856, -22.900703679077061 ], [ -46.862331057626633, -22.900645319417322 ], [ -46.862357023666718, -22.900586872311077 ], [ -46.862385657603056, -22.900529567615461 ], [ -46.862420439581626, -22.900475170206992 ], [ -46.862464876868948, -22.900427430883067 ], [ -46.862516962921099, -22.900386553726658 ], [ -46.862563595763163, -22.900340684597172 ], [ -46.862595384572266, -22.900284877706614 ], [ -46.862632437452845, -22.900231988457982 ], [ -46.862680776261826, -22.900187453553418 ], [ -46.862735395243845, -22.900149616282587 ], [ -46.862792716633521, -22.900115448941534 ], [ -46.862849135536187, -22.900079937907289 ], [ -46.862899674768087, -22.900037634234458 ], [ -46.862944351592994, -22.8999898016983 ], [ -46.862989273166313, -22.899942237132212 ], [ -46.863037692114744, -22.899897701189637 ], [ -46.863088391940003, -22.899855395579479 ], [ -46.863139989258336, -22.89981407255058 ], [ -46.863190770613386, -22.899771856238342 ], [ -46.863239434214499, -22.899727588222216 ], [ -46.863285331016776, -22.899680824697469 ], [ -46.863328871453589, -22.89963219283883 ], [ -46.863373224090921, -22.899584183429809 ], [ -46.86342180597299, -22.899539826038378 ], [ -46.86347340306979, -22.899498502914149 ], [ -46.863525571287163, -22.899457805061729 ], [ -46.86357757505305, -22.899416838271492 ], [ -46.863629008868678, -22.899375336448994 ], [ -46.863679381941289, -22.899332673366008 ], [ -46.863727230528198, -22.899287602222199 ], [ -46.863776383340721, -22.899243870021287 ], [ -46.863834438415829, -22.899210506281751 ], [ -46.863897385190057, -22.899188099745796 ], [ -46.863961388952681, -22.899166583622339 ], [ -46.864018626779341, -22.899132236286675 ], [ -46.864072672567417, -22.899093683049461 ], [ -46.864131141636619, -22.899061217187842 ], [ -46.864193399754143, -22.899035478124155 ], [ -46.864257231566235, -22.899013151351841 ], [ -46.864321062121668, -22.898990734285963 ], [ -46.864383485821378, -22.898965354342945 ], [ -46.864444339475533, -22.898936832872227 ], [ -46.864504780199105, -22.898907503672241 ], [ -46.864563659512257, -22.898875664831845 ], [ -46.864616562727598, -22.898835860859531 ], [ -46.86465953496338, -22.898786874205207 ], [ -46.864694235245729, -22.898732477319815 ], [ -46.864723110148923, -22.898675259720488 ], [ -46.864748265060626, -22.89861637038749 ], [ -46.864771485164098, -22.898557052341399 ], [ -46.864793088194666, -22.898497031002712 ], [ -46.864812271799138, -22.89843640607284 ], [ -46.864826376730434, -22.898374667062253 ], [ -46.864833151712531, -22.89831175011167 ], [ -46.864835663969245, -22.898248612341622 ], [ -46.864840990018166, -22.89818553182921 ], [ -46.864855417588444, -22.898123879313275 ], [ -46.864886642465571, -22.898068078647682 ], [ -46.864956971019303, -22.898015430339886 ], [ -46.865003119247547, -22.89801064532525 ], [ -46.865069364199691, -22.898023771410468 ], [ -46.865128856221574, -22.898054401485144 ], [ -46.865180772103898, -22.898095232243325 ], [ -46.865226343270166, -22.898142276754946 ], [ -46.865268335362167, -22.898192071778645 ], [ -46.865310169237105, -22.898242049214048 ], [ -46.865355342408101, -22.898289369206196 ], [ -46.865406231068675, -22.898331475911959 ], [ -46.865461234213825, -22.898368839541686 ], [ -46.865517974413784, -22.898403925664027 ], [ -46.865576684099508, -22.898436099562577 ], [ -46.865638299172716, -22.898463273722133 ], [ -46.865701629063167, -22.89848654552366 ], [ -46.865764963913556, -22.898510178374941 ], [ -46.865840743388873, -22.898526984068095 ], [ -46.865906931757145, -22.898541825838169 ], [ -46.865965633319924, -22.898544025516358 ], [ -46.866030883410353, -22.898554905773569 ], [ -46.866098428098084, -22.898563140828085 ], [ -46.866165533871921, -22.89857454093524 ], [ -46.866232867143488, -22.898584945221437 ], [ -46.866300346316997, -22.898594264361343 ], [ -46.866367824262177, -22.898603493202842 ], [ -46.866435523524295, -22.89861127487757 ], [ -46.866503653055602, -22.898615259556937 ], [ -46.86657174181628, -22.89861626532695 ], [ -46.866639996235932, -22.898617630255838 ], [ -46.866707836459803, -22.898623965619478 ], [ -46.86677302723097, -22.898642249517714 ], [ -46.866832127957842, -22.898673605782278 ], [ -46.866885866864465, -22.898712518563489 ], [ -46.866937229631908, -22.898753987185913 ], [ -46.866991443338719, -22.898792352646964 ], [ -46.86705695678058, -22.898834196644941 ], [ -46.867105789015653, -22.898861069004045 ], [ -46.867157233499036, -22.898902626871152 ], [ -46.867205741804412, -22.898946927733711 ], [ -46.867253379786504, -22.898992231927362 ], [ -46.867298157006438, -22.899039917099842 ], [ -46.867336406605439, -22.89909219315641 ], [ -46.867369314192004, -22.899147601629899 ], [ -46.867401102957174, -22.899203474662812 ], [ -46.867435447177883, -22.899258143964833 ], [ -46.867474493071093, -22.899309868919737 ], [ -46.867519985057392, -22.899356913631628 ], [ -46.867572457220277, -22.899397195295126 ], [ -46.867629277477214, -22.899432189380843 ], [ -46.867681153804753, -22.899475908783831 ], [ -46.867746863137498, -22.899549620254536 ], [ -46.867791455240919, -22.899566159617724 ], [ -46.867850237582331, -22.899568357623014 ], [ -46.867918415799906, -22.899569993721602 ], [ -46.867986649645928, -22.899569823465939 ], [ -46.868054871123881, -22.899568750490964 ], [ -46.868122797109272, -22.89956370848564 ], [ -46.86818982798053, -22.899551995995402 ], [ -46.868254079597122, -22.899531016955294 ], [ -46.868314685308505, -22.89950204553006 ], [ -46.868373562632122, -22.899470115052122 ], [ -46.868431126967387, -22.899436213757156 ], [ -46.868483701537329, -22.899395960994703 ], [ -46.868530166256903, -22.899349731076953 ], [ -46.868598566436702, -22.899285457307869 ], [ -46.868648366627887, -22.899242167486229 ], [ -46.868676801259369, -22.899217456500281 ], [ -46.868724242533148, -22.89917211788098 ], [ -46.86877054390289, -22.89912570925453 ], [ -46.868816438497412, -22.89907894426668 ], [ -46.868865588248404, -22.899035120333401 ], [ -46.86892208781029, -22.898999786863744 ], [ -46.868983104824999, -22.898971532631919 ], [ -46.86904420588364, -22.898943548239757 ], [ -46.869105140011655, -22.898915114371633 ], [ -46.869167893976105, -22.898890450978932 ], [ -46.869243509199919, -22.898877643955302 ], [ -46.869304453356925, -22.898867537446861 ], [ -46.869371068344137, -22.898854836255378 ], [ -46.869435823997868, -22.898847212789789 ], [ -46.869503106811727, -22.898853914637289 ], [ -46.869561262438701, -22.898886635218318 ], [ -46.869613577955704, -22.898927188879579 ], [ -46.869662404734321, -22.89897121434884 ], [ -46.869701928543748, -22.899022571957687 ], [ -46.869734199112955, -22.899078348520014 ], [ -46.869767905035125, -22.899133295630733 ], [ -46.869806473288008, -22.899185296437693 ], [ -46.869844560653725, -22.899237393176399 ], [ -46.869885286288188, -22.899288465735335 ], [ -46.869928553742675, -22.89933734156239 ], [ -46.869980549343744, -22.899377989133949 ], [ -46.870041223573764, -22.899406797685749 ], [ -46.870100505828916, -22.899439595069861 ], [ -46.870145329838977, -22.899484750886344 ], [ -46.870184950437945, -22.899537280899548 ], [ -46.870219801390995, -22.899587790527303 ], [ -46.870253826604412, -22.899642553188649 ], [ -46.870292635032946, -22.899694460745732 ], [ -46.870335504682004, -22.899743611977911 ], [ -46.870377658555739, -22.899793313323798 ], [ -46.870415511429236, -22.899845864078557 ], [ -46.870448419185799, -22.899901181545133 ], [ -46.870476776190664, -22.899958719383132 ], [ -46.870501455251791, -22.900017654768202 ], [ -46.870523733452238, -22.90007734068228 ], [ -46.87053064030858, -22.90011797719648 ], [ -46.870541651958433, -22.900170753645892 ], [ -46.870553188385713, -22.900250067246848 ], [ -46.870559221722189, -22.900314910004838 ], [ -46.870570073069821, -22.900385293607684 ], [ -46.870583775155801, -22.900446705583271 ], [ -46.870615884496168, -22.900502393534165 ], [ -46.870644399957314, -22.900559748895034 ], [ -46.870660431300557, -22.900621043150512 ], [ -46.870661134952073, -22.900684052701621 ], [ -46.870648080941109, -22.900746050560127 ], [ -46.870635026920368, -22.900808048417915 ], [ -46.870632840080404, -22.900871272569724 ], [ -46.870635875412134, -22.900934344948489 ], [ -46.870635456499201, -22.900997548282753 ], [ -46.87063077601946, -22.901060621228357 ], [ -46.87062432513514, -22.901123534452712 ], [ -46.870621091135803, -22.901186590365793 ], [ -46.870627177696491, -22.901249446248219 ], [ -46.870641369517301, -22.90131139414078 ], [ -46.870657161130893, -22.901372781492864 ], [ -46.870673595644284, -22.901434161271954 ], [ -46.870695394511721, -22.901494033346754 ], [ -46.870725428425487, -22.90155073880937 ], [ -46.870762165588943, -22.901603934559084 ], [ -46.870803841789474, -22.901653912216691 ], [ -46.870848461638133, -22.90170168839413 ], [ -46.870894037175816, -22.901748821318396 ], [ -46.870938736209823, -22.901796506250566 ], [ -46.870981846641591, -22.901845564128628 ], [ -46.871026387494716, -22.901893431461936 ], [ -46.871076642506551, -22.90193599504288 ], [ -46.871129753374028, -22.901975816467118 ], [ -46.871179532477314, -22.902018837034031 ], [ -46.871224152578904, -22.902066613087154 ], [ -46.871265272762585, -22.902117048570211 ], [ -46.87130655246014, -22.90216739187829 ], [ -46.871352762528929, -22.902213885192999 ], [ -46.871402148658106, -22.902257542293174 ], [ -46.871444222147488, -22.902307153941535 ], [ -46.871482634995395, -22.902359426919478 ], [ -46.871523357278498, -22.902410137861601 ], [ -46.871565273856106, -22.902460022170743 ], [ -46.87160631392814, -22.902510458493598 ], [ -46.871645123747363, -22.902562365614102 ], [ -46.871683058298963, -22.902614915019157 ], [ -46.871722587711339, -22.902666542788516 ], [ -46.871764901292849, -22.902716061224115 ], [ -46.871809204107159, -22.902764111673854 ], [ -46.87185072281428, -22.902814271432067 ], [ -46.871885067288837, -22.902868759032049 ], [ -46.87191720629221, -22.90292652281213 ], [ -46.871964750751694, -22.902970652827911 ], [ -46.872012868925694, -22.903015588617038 ], [ -46.872055816939671, -22.903064467501643 ], [ -46.872093891021464, -22.903138863717164 ], [ -46.872124804929776, -22.903195197348907 ], [ -46.872156619369548, -22.903229310655142 ], [ -46.872199728228281, -22.903278187597536 ], [ -46.872247685867734, -22.903323125195708 ], [ -46.872298023394052, -22.903365777644161 ], [ -46.872348124825635, -22.903408793990817 ], [ -46.872398144687459, -22.903451720997815 ], [ -46.872449670375495, -22.903493095421009 ], [ -46.872501198574, -22.903534650362634 ], [ -46.872547566527118, -22.903580870563573 ], [ -46.872585898572986, -22.903633053893341 ], [ -46.872618170274983, -22.903688739419529 ], [ -46.872653312708842, -22.903742765995837 ], [ -46.872699840269973, -22.903788893979609 ], [ -46.872751287055628, -22.903830359504791 ], [ -46.872807319217515, -22.903866263669386 ], [ -46.872862784678148, -22.903890166812086 ], [ -46.872936129674919, -22.903905011364202 ], [ -46.873004243237837, -22.903907639033363 ], [ -46.873072438155312, -22.903904487581826 ], [ -46.873140357256659, -22.903898811420767 ], [ -46.873208197228585, -22.903893226447327 ], [ -46.873276387166257, -22.903889713834232 ], [ -46.873344621749887, -22.903889450864451 ], [ -46.873412861292465, -22.90388954894005 ], [ -46.873480970854473, -22.903886037187316 ], [ -46.873548442210364, -22.903877025651564 ], [ -46.873614540932074, -22.903861710446716 ], [ -46.873679791360033, -22.903843155022226 ], [ -46.873745632833838, -22.903826669115862 ], [ -46.873812405412409, -22.903813602964778 ], [ -46.873879265781838, -22.903801077450382 ], [ -46.873945699514138, -22.903786751275689 ], [ -46.874011284946384, -22.903769184883252 ], [ -46.874075700627827, -22.903748382066663 ], [ -46.874139700830391, -22.903726591010656 ], [ -46.874204034866061, -22.903705698824009 ], [ -46.874268198229629, -22.903684086359807 ], [ -46.874395325671941, -22.903641326923928 ], [ -46.874451521377487, -22.903630642394202 ], [ -46.874515535724164, -22.903621580965876 ], [ -46.87456678622663, -22.903613663248294 ], [ -46.874598280193965, -22.903606881489122 ], [ -46.874654251841072, -22.903591595087008 ], [ -46.874731075585665, -22.903578861361705 ], [ -46.874801075112238, -22.903572527967004 ], [ -46.874864189607926, -22.903568171749768 ], [ -46.874949105650643, -22.903565273569647 ], [ -46.875019227141806, -22.903573654809186 ], [ -46.875070821133363, -22.903584872924732 ], [ -46.875135346893437, -22.903613001908642 ], [ -46.87519591476044, -22.9036338646433 ], [ -46.875236205123116, -22.90364720236715 ], [ -46.875325664340458, -22.903659056802617 ], [ -46.875394477208175, -22.903677474759654 ], [ -46.875449212967908, -22.903712580712948 ], [ -46.87546294928719, -22.903723703943601 ], [ -46.875553984568207, -22.903791695804848 ], [ -46.875621241397305, -22.903837216996227 ], [ -46.875685835519043, -22.903887825456994 ], [ -46.8758428126838, -22.903964157108952 ], [ -46.87596643840466, -22.90401740882837 ], [ -46.876030863922011, -22.904038225669577 ], [ -46.876096525558815, -22.904055416556446 ], [ -46.87616079535568, -22.904076596314614 ], [ -46.87622241361683, -22.904103675771051 ], [ -46.876461908627867, -22.904224715418856 ], [ -46.87651239975137, -22.904266732638664 ], [ -46.876549220246432, -22.904319925884192 ], [ -46.87658276954064, -22.904374873144089 ], [ -46.876656173319624, -22.904481533236499 ], [ -46.876723991639118, -22.904591148338319 ], [ -46.876760733191034, -22.904644432739357 ], [ -46.876800742279521, -22.904695692294304 ], [ -46.876883862361581, -22.904795827355048 ], [ -46.876956707810727, -22.904902764724532 ], [ -46.876997272131241, -22.904953475960596 ], [ -46.877044754670976, -22.904998778727904 ], [ -46.8770996844084, -22.905036229124082 ], [ -46.877156744183694, -22.905070765267013 ], [ -46.877209300398974, -22.90511095216506 ], [ -46.877258689385343, -22.905154607234035 ], [ -46.877313222402343, -22.905192423370007 ], [ -46.877432223990034, -22.905254124829497 ], [ -46.877489994765952, -22.905287749607229 ], [ -46.877551299827189, -22.905315373900077 ], [ -46.877616726120742, -22.905332928025313 ], [ -46.877750192959027, -22.905359428390984 ], [ -46.877814771364491, -22.905379610665655 ], [ -46.877875530151883, -22.905408414965517 ], [ -46.877934637412075, -22.905439856976216 ], [ -46.877994768271222, -22.905469752048422 ], [ -46.878053562837984, -22.90550182969038 ], [ -46.878107464492921, -22.905540465544899 ], [ -46.878156455829888, -22.905584395858952 ], [ -46.878201237728106, -22.905631987253617 ], [ -46.878239493352417, -22.905684260241994 ], [ -46.878267055036488, -22.905742076658175 ], [ -46.878289099083332, -22.905801944541398 ], [ -46.878341583039926, -22.90591851138625 ], [ -46.878361704665728, -22.905978853403397 ], [ -46.878387447079739, -22.906102959098643 ], [ -46.87840564626908, -22.906163775255774 ], [ -46.87843400678792, -22.906221221051474 ], [ -46.878476070346409, -22.90626983760928 ], [ -46.87850199443816, -22.9063021232203 ], [ -46.878570486012229, -22.906361261170556 ], [ -46.878619397440055, -22.906405192258301 ], [ -46.878670291850987, -22.906447203930565 ], [ -46.878728769276989, -22.906479555887152 ], [ -46.878792882335169, -22.906500916908158 ], [ -46.878858693727587, -22.90651720196071 ], [ -46.87905843436122, -22.906558445886024 ], [ -46.879123709394158, -22.90657663311476 ], [ -46.879186266305496, -22.906601713986102 ], [ -46.879305192038686, -22.906663595380351 ], [ -46.879370223569794, -22.906681604817756 ], [ -46.879438318522688, -22.906682785331753 ], [ -46.879503877770468, -22.906698260543237 ], [ -46.879564793222329, -22.906726701153996 ], [ -46.879631058345126, -22.906740903995438 ], [ -46.879698762005759, -22.906748679688526 ], [ -46.879765179162142, -22.906762248692079 ], [ -46.879830987033777, -22.906778262519971 ], [ -46.879898872055179, -22.906781702393811 ], [ -46.879966919739559, -22.906779452481985 ], [ -46.879999606939435, -22.90678339918551 ], [ -46.88008402772094, -22.906820228548749 ], [ -46.880143996846392, -22.906867458997905 ], [ -46.880205526760868, -22.906893815567653 ], [ -46.880272924000174, -22.90690267803302 ], [ -46.880409140230583, -22.906906933875245 ], [ -46.880477269560402, -22.906904773057967 ], [ -46.880544824556267, -22.906895938068462 ], [ -46.880611352916972, -22.906882601055425 ], [ -46.88067736172269, -22.906866561676626 ], [ -46.88074211524728, -22.906846925814374 ], [ -46.880804791173254, -22.906822348962525 ], [ -46.880865725893599, -22.906793910536411 ], [ -46.880925180422174, -22.906763051975378 ], [ -46.880982745468302, -22.906729236430078 ], [ -46.88103736136312, -22.906691393055823 ], [ -46.881089119678315, -22.906650333318243 ], [ -46.881139247034433, -22.906607577504044 ], [ -46.88118587266063, -22.906561522677158 ], [ -46.881224217772584, -22.906509516948965 ], [ -46.881254463033052, -22.906453002713238 ], [ -46.881282603886199, -22.90639543000135 ], [ -46.881314385959932, -22.906339619818233 ], [ -46.881357927752731, -22.906291434681066 ], [ -46.881420304274478, -22.906268486244535 ], [ -46.88148561493697, -22.906260128872756 ], [ -46.881547512341207, -22.906278174537171 ], [ -46.88160891263388, -22.906318435678202 ], [ -46.881670220139206, -22.906357795062707 ], [ -46.881730820599756, -22.906386689972582 ], [ -46.881794622506803, -22.906408775706925 ], [ -46.881860126371855, -22.90642605625299 ], [ -46.881992138984934, -22.906457716300018 ], [ -46.882121223736995, -22.906498529505502 ], [ -46.882184559773847, -22.906521794275015 ], [ -46.882245159157492, -22.906550598707664 ], [ -46.882302617586561, -22.906584767031461 ], [ -46.882362664451691, -22.906614300227268 ], [ -46.882428397095275, -22.9066306749882 ], [ -46.882496097028003, -22.906638178676861 ], [ -46.882563995670665, -22.906642610361054 ], [ -46.882632089278694, -22.906643699236394 ], [ -46.882700115564568, -22.906639913601815 ], [ -46.882766986167212, -22.906628106455887 ], [ -46.882830574236117, -22.906605594523896 ], [ -46.882891675339643, -22.906577604789607 ], [ -46.88295409962835, -22.906552307835209 ], [ -46.883017518172139, -22.906529165860857 ], [ -46.883078045436278, -22.906500370315019 ], [ -46.883135279601433, -22.90646592596504 ], [ -46.883193913573457, -22.906433902638664 ], [ -46.883282062556162, -22.906408932548647 ], [ -46.883325492134816, -22.906410855257629 ], [ -46.883390603061883, -22.906428771800275 ], [ -46.883451357111589, -22.906457122512176 ], [ -46.883508498058298, -22.906491564998351 ], [ -46.883560898333165, -22.906531932067629 ], [ -46.88360806453678, -22.906577417029418 ], [ -46.883653802949482, -22.906624273150847 ], [ -46.883701445157151, -22.906669301021498 ], [ -46.88375210501431, -22.90671167488378 ], [ -46.883805453583975, -22.906750856938601 ], [ -46.883862985327028, -22.906784482103383 ], [ -46.883925855783602, -22.906808925352696 ], [ -46.883991355056743, -22.906825843915307 ], [ -46.884057861635519, -22.906840042015158 ], [ -46.88412481921317, -22.90685197766453 ], [ -46.884192427701826, -22.906858669156541 ], [ -46.884260606730628, -22.906860117444218 ], [ -46.884671630632646, -22.906916813901429 ], [ -46.884732667354804, -22.906919068993929 ], [ -46.884815641934573, -22.906920973458288 ], [ -46.884948802500524, -22.906930949472137 ], [ -46.885141783902398, -22.90694825057669 ], [ -46.885266677558747, -22.906953268597071 ], [ -46.885344910265104, -22.906961007166938 ], [ -46.885584471857157, -22.906981366138858 ], [ -46.885667526815219, -22.906983269200602 ], [ -46.885733204629602, -22.906984024282213 ], [ -46.885781843791236, -22.906990669446703 ], [ -46.885804566909556, -22.907000601623341 ], [ -46.885914666054369, -22.907074951415524 ], [ -46.885966986855109, -22.907115318579393 ], [ -46.886012645858081, -22.907162174906162 ], [ -46.886063687500467, -22.907232079701366 ], [ -46.88611960590881, -22.907323323591189 ], [ -46.886191182714271, -22.907430903262235 ], [ -46.886222100851455, -22.907487053131039 ], [ -46.886248785990183, -22.907545149200566 ], [ -46.886277468995182, -22.907602408992403 ], [ -46.886311662123781, -22.907657075420346 ], [ -46.886351354137638, -22.907708336068985 ], [ -46.886392718824055, -22.90775849344648 ], [ -46.886426031790478, -22.907813441145894 ], [ -46.886474044287652, -22.907931592763646 ], [ -46.88650632135186, -22.907987184724192 ], [ -46.886537689024053, -22.908029335343215 ], [ -46.886591035152648, -22.908085670140181 ], [ -46.886640899008178, -22.908128503863534 ], [ -46.88674648876308, -22.908207962393309 ], [ -46.886797701401662, -22.908249516080513 ], [ -46.886851920410905, -22.908287603289104 ], [ -46.886912359480171, -22.908316317457182 ], [ -46.886974995025362, -22.908341123346531 ], [ -46.887035280911945, -22.908370380981331 ], [ -46.88709344448943, -22.90840309455243 ], [ -46.887152626578732, -22.90843390006096 ], [ -46.887214472325454, -22.908459708344488 ], [ -46.887292021911151, -22.908481899256024 ], [ -46.887346228004184, -22.908490012562936 ], [ -46.88741383898244, -22.908491014784516 ], [ -46.88754838786479, -22.908473435785144 ], [ -46.887615727376371, -22.908478052456772 ], [ -46.887681821964684, -22.908491441320987 ], [ -46.887749186488115, -22.90849786329261 ], [ -46.887884954724079, -22.908498687193802 ], [ -46.887952764274829, -22.908496617212155 ], [ -46.888019486924442, -22.908485712414908 ], [ -46.888083838090317, -22.908466078357424 ], [ -46.888146850898757, -22.908442668310965 ], [ -46.888208704829566, -22.908416834384365 ], [ -46.888268164412956, -22.908386424482114 ], [ -46.888382489338959, -22.908318888034348 ], [ -46.888442114567098, -22.908288837232472 ], [ -46.888503471176023, -22.908261925717927 ], [ -46.888565989119272, -22.908237618570482 ], [ -46.888629417303129, -22.908215196512764 ], [ -46.888693598754664, -22.908194932258247 ], [ -46.888759200150091, -22.908178533249298 ], [ -46.888892811928471, -22.908157172405801 ], [ -46.889025979305984, -22.90813274712594 ], [ -46.889093222620993, -22.908124634461903 ], [ -46.889161021918987, -22.908121841835261 ], [ -46.889228813412025, -22.908124285668286 ], [ -46.889296047074652, -22.908132875329972 ], [ -46.889361384262003, -22.908149612963356 ], [ -46.889424867812181, -22.908171789580223 ], [ -46.889489045874065, -22.908191881406822 ], [ -46.88962102647092, -22.908221007372291 ], [ -46.889685758364479, -22.908240460548615 ], [ -46.889744542827508, -22.908271540640929 ], [ -46.889789316960808, -22.908318225744466 ], [ -46.889807398417098, -22.90835276942931 ], [ -46.889819043378459, -22.908439031377348 ], [ -46.88981163446207, -22.908501775697687 ], [ -46.889770729035959, -22.908751532826965 ], [ -46.889745925989004, -22.908875695746914 ], [ -46.88972812379567, -22.908936667789266 ], [ -46.889704187642103, -22.908995816876413 ], [ -46.889677908397374, -22.909054091011974 ], [ -46.889623062266004, -22.909191160653528 ], [ -46.889529677656569, -22.909406692997774 ], [ -46.889481396941569, -22.909524544567116 ], [ -46.889429237385563, -22.909640907464446 ], [ -46.889406349490557, -22.909700314893222 ], [ -46.889389835397644, -22.909761452147727 ], [ -46.889379205420184, -22.90982378335902 ], [ -46.889373483929774, -22.909886507590237 ], [ -46.889371142754584, -22.909949552738489 ], [ -46.889371775070956, -22.910012562512737 ], [ -46.889380838172698, -22.91007493029457 ], [ -46.889403363764181, -22.910134339155476 ], [ -46.889495005332954, -22.910303251142196 ], [ -46.889527682289327, -22.910358566768764 ], [ -46.889564667689534, -22.910411574059999 ], [ -46.889650494057477, -22.910508870699029 ], [ -46.889687318818723, -22.91056187986721 ], [ -46.889717042441454, -22.910618675108129 ], [ -46.889741967970188, -22.910677242804198 ], [ -46.889761691071641, -22.910737407203857 ], [ -46.889769621598262, -22.910776044089047 ], [ -46.889772908890713, -22.910862405456232 ], [ -46.889763621099625, -22.910986744880297 ], [ -46.889761514963801, -22.911049335807682 ], [ -46.88976454970188, -22.911111684996932 ], [ -46.889773605584232, -22.911173511124833 ], [ -46.889788515629853, -22.91123436476375 ], [ -46.889825306278617, -22.911354454281557 ], [ -46.889838853915712, -22.911415594972365 ], [ -46.88984622594257, -22.911477711976591 ], [ -46.889847473617777, -22.911602467719298 ], [ -46.889851955007686, -22.911664799684985 ], [ -46.889876796122905, -22.911850576559619 ], [ -46.889881357908912, -22.911912907564833 ], [ -46.889881822298953, -22.911975377612332 ], [ -46.889878024800531, -22.912037717812151 ], [ -46.889868834027162, -22.912099490215041 ], [ -46.889852794623408, -22.91216008016124 ], [ -46.889830462882948, -22.912219029616079 ], [ -46.889782567185797, -22.912335703024617 ], [ -46.889716135563873, -22.912512634934409 ], [ -46.889675830400044, -22.91263183618975 ], [ -46.889658258900262, -22.912692083221241 ], [ -46.889644475864834, -22.912753097715324 ], [ -46.889637380742883, -22.912815296584881 ], [ -46.88964210196756, -22.912877535414669 ], [ -46.889666535742599, -22.912935386677326 ], [ -46.889713490387479, -22.913005880359016 ], [ -46.889754366069027, -22.913020561424766 ], [ -46.889820298296954, -22.913039458429527 ], [ -46.889909979186029, -22.913049405645307 ], [ -46.889965436761919, -22.913054884854763 ], [ -46.890031807653131, -22.913064838570484 ], [ -46.890099196011853, -22.913067015844049 ], [ -46.890166558078107, -22.913067297467208 ], [ -46.890233811996268, -22.913071372218106 ], [ -46.890435308644911, -22.913087662170739 ], [ -46.89050176494667, -22.913097975800529 ], [ -46.890566159060064, -22.913116078254781 ], [ -46.890626113815991, -22.913144435466496 ], [ -46.890679293589841, -22.913182714117344 ], [ -46.890725021642226, -22.913228484641486 ], [ -46.890763352039798, -22.913279850467394 ], [ -46.89079610064622, -22.913334442632799 ], [ -46.890824376307322, -22.913391074265007 ], [ -46.890847534833981, -22.913449662754442 ], [ -46.890884248033935, -22.913569843117173 ], [ -46.890928885045902, -22.913687581765863 ], [ -46.89096295506053, -22.913808425551814 ], [ -46.890982272406205, -22.913868233425358 ], [ -46.891012303814975, -22.913923941277144 ], [ -46.891058347444321, -22.913969256510722 ], [ -46.891109234609175, -22.914010270767793 ], [ -46.891150662116111, -22.914058891115626 ], [ -46.891183219711344, -22.914128652920926 ], [ -46.891194980583336, -22.914176814020184 ], [ -46.891202363493669, -22.914239653030631 ], [ -46.891204525058598, -22.914302734789349 ], [ -46.891201141296889, -22.91436588259031 ], [ -46.891189545051425, -22.914428044807767 ], [ -46.891171259529237, -22.914488932452258 ], [ -46.891131300489171, -22.914609845259502 ], [ -46.891114063455476, -22.914670991259801 ], [ -46.89110061620044, -22.914732994951201 ], [ -46.891092242101678, -22.914795660485407 ], [ -46.891091269315623, -22.914858779571432 ], [ -46.891102341626066, -22.914921032949394 ], [ -46.891128388798855, -22.914979225835044 ], [ -46.891166571678198, -22.915031496100184 ], [ -46.89125806203247, -22.915125383685048 ], [ -46.891292335809169, -22.915179776970973 ], [ -46.891310460552582, -22.915240501806586 ], [ -46.891308199492251, -22.915303455664546 ], [ -46.891289346351677, -22.915363988950837 ], [ -46.891261289929105, -22.915421652526984 ], [ -46.89119983891505, -22.915534605616852 ], [ -46.891174528711595, -22.915593229580697 ], [ -46.891155193273043, -22.915653768598688 ], [ -46.891125960479101, -22.915777262135627 ], [ -46.891109770625555, -22.915838576229152 ], [ -46.891097208595802, -22.915900659658412 ], [ -46.891091814347902, -22.915963741112215 ], [ -46.891087217948865, -22.916090101121096 ], [ -46.891045801196725, -22.916575140734508 ], [ -46.891035518914528, -22.916656698035098 ], [ -46.891017796932964, -22.916717669237968 ], [ -46.89097065062505, -22.916836229985986 ], [ -46.89093432124664, -22.916958092640886 ], [ -46.890907394565737, -22.917016103846478 ], [ -46.890873511054664, -22.917070947723801 ], [ -46.890817333072903, -22.917152690433859 ], [ -46.8907920268027, -22.917194250905709 ], [ -46.890764465179892, -22.917235477100839 ], [ -46.890730582813823, -22.91729041122133 ], [ -46.890694269312675, -22.917343929764229 ], [ -46.890653899759457, -22.917394788120983 ], [ -46.890612720224276, -22.917445204700712 ], [ -46.890575434694931, -22.91749819309916 ], [ -46.890542521630813, -22.917553476774344 ], [ -46.890511228447608, -22.917609643982011 ], [ -46.890479449267822, -22.917665546123402 ], [ -46.890444999094704, -22.917720125822807 ], [ -46.890407631808458, -22.917773024878759 ], [ -46.890369048936641, -22.917825216139324 ], [ -46.89032932834273, -22.917876518111569 ], [ -46.890286199648571, -22.917925513303473 ], [ -46.890240307058924, -22.917972284325664 ], [ -46.890197502285154, -22.918021456205157 ], [ -46.890162484320598, -22.918075681481405 ], [ -46.890130542907279, -22.918131495212595 ], [ -46.890096172854506, -22.918186073893729 ], [ -46.890058886934291, -22.918239062193152 ], [ -46.890020222182351, -22.918291164072862 ], [ -46.889980015354226, -22.918342200909969 ], [ -46.889937941214185, -22.918391905727116 ], [ -46.889895461439572, -22.918441344515116 ], [ -46.88985541776578, -22.91849255994785 ], [ -46.889819103621285, -22.918546078327278 ], [ -46.889785785665161, -22.918601186123865 ], [ -46.889754087598341, -22.91865717745986 ], [ -46.889722066775697, -22.918713082349523 ], [ -46.889690205415569, -22.918768895053329 ], [ -46.889677280722836, -22.91880489105694 ], [ -46.889657350423924, -22.91889216064963 ], [ -46.889654908320864, -22.918913135268525 ], [ -46.889624469810293, -22.918996196360514 ], [ -46.889586730602822, -22.919068690994152 ], [ -46.889547494096597, -22.919120167603342 ], [ -46.889495407611733, -22.919160872939749 ], [ -46.889433058259648, -22.9191860815098 ], [ -46.889381909364097, -22.91920745518507 ], [ -46.889314121090365, -22.919234624368151 ], [ -46.889237010852575, -22.919267772815097 ], [ -46.889216197243897, -22.919273979129077 ], [ -46.889118569576084, -22.919288322035197 ], [ -46.889043068965314, -22.919298429182543 ], [ -46.888975516222501, -22.919307809756241 ], [ -46.888907668540462, -22.919313311659565 ], [ -46.888839456818452, -22.919315748257155 ], [ -46.888771259133712, -22.919313399681428 ], [ -46.888703555211457, -22.919306079660064 ], [ -46.888636213100689, -22.919295866262523 ], [ -46.888569097092208, -22.919284566755177 ], [ -46.888501747490082, -22.919273811692886 ], [ -46.888434188067258, -22.919265316162008 ], [ -46.888366193975571, -22.919260256510604 ], [ -46.888297432172863, -22.919263602242633 ], [ -46.888244118649247, -22.919273806263352 ], [ -46.88817334732375, -22.919306156558768 ], [ -46.888125824860538, -22.919351411606058 ], [ -46.888088535351635, -22.919404218972304 ], [ -46.888058293072106, -22.919460914961419 ], [ -46.888030637630337, -22.919518663575218 ], [ -46.888001850727029, -22.919575974226884 ], [ -46.887969989711451, -22.91963187690795 ], [ -46.887933268918452, -22.919685128893768 ], [ -46.887890868377688, -22.919734566257453 ], [ -46.88784375378232, -22.919780267794536 ], [ -46.887798834175967, -22.91982774887224 ], [ -46.887762761233652, -22.919881354251253 ], [ -46.887733731786511, -22.919938577463583 ], [ -46.887706317233217, -22.919996323166423 ], [ -46.887673241691729, -22.920051608259509 ], [ -46.887658815292269, -22.920072093373584 ], [ -46.887570341479091, -22.920132190101896 ], [ -46.887505330619639, -22.920151019531502 ], [ -46.88743749867006, -22.920157694318565 ], [ -46.887369649203237, -22.920163105328392 ], [ -46.887302954596862, -22.92017644745281 ], [ -46.887237529312451, -22.920194378875792 ], [ -46.887172271002733, -22.920212759701112 ], [ -46.88710751490494, -22.92023257905333 ], [ -46.887044178856378, -22.920256263655219 ], [ -46.886981835991712, -22.920282012929341 ], [ -46.886919240736717, -22.920306952636022 ], [ -46.886856317722533, -22.920331444801256 ], [ -46.886794224647439, -22.920357823015106 ], [ -46.886736160983482, -22.920390743954261 ], [ -46.886688390295042, -22.920435550148799 ], [ -46.886653449447451, -22.920489683547082 ], [ -46.88662724989431, -22.92054813691383 ], [ -46.886607025277542, -22.920608505494343 ], [ -46.886591075311507, -22.920669906668625 ], [ -46.886578269806236, -22.920731992737153 ], [ -46.886568283531162, -22.920794496717203 ], [ -46.886560792505314, -22.920857241893639 ], [ -46.886554188058142, -22.920920157099793 ], [ -46.886546940637253, -22.920983079945984 ], [ -46.886536873966918, -22.921045584879433 ], [ -46.886523342572623, -22.921107499004592 ], [ -46.886509570054088, -22.921169415994065 ], [ -46.886499100252294, -22.921231835433204 ], [ -46.886490643478815, -22.921294501799416 ], [ -46.886481543728102, -22.9213571758055 ], [ -46.886471396641632, -22.921419681690882 ], [ -46.886460606575781, -22.921482195215976 ], [ -46.886449894373605, -22.92154452724991 ], [ -46.886439988379998, -22.921607030268735 ], [ -46.886431773934191, -22.921669784035142 ], [ -46.88642710083726, -22.921732856851655 ], [ -46.886424840139888, -22.921795991285133 ], [ -46.886421293494607, -22.921859140998553 ], [ -46.886413482142977, -22.921921980256396 ], [ -46.886400514488528, -22.921983977956838 ], [ -46.886382386774095, -22.922044863295721 ], [ -46.886361193662637, -22.922104972512962 ], [ -46.886339596174523, -22.922164905967527 ], [ -46.886320822938643, -22.922225618405825 ], [ -46.886307050253087, -22.922287535383184 ], [ -46.886295453852568, -22.922349877914417 ], [ -46.886282164629669, -22.922411879428253 ], [ -46.886269842362303, -22.922474050017318 ], [ -46.886262915020772, -22.922536878765527 ], [ -46.886259125940917, -22.922599941073166 ], [ -46.886253083937142, -22.922662849583897 ], [ -46.886245915468166, -22.922725681196006 ], [ -46.886245103907548, -22.922788978972378 ], [ -46.886251279742787, -22.922851832594795 ], [ -46.886256975851708, -22.922914872481574 ], [ -46.886262377238978, -22.922991458265479 ], [ -46.886260611964737, -22.923043933454814 ], [ -46.88625300787939, -22.923104332610173 ], [ -46.886245839402982, -22.923167164220541 ], [ -46.886233515827236, -22.923229244539083 ], [ -46.886217890715251, -22.923290912671895 ], [ -46.886201859977888, -22.923352314775123 ], [ -46.886188489026715, -22.923414226970269 ], [ -46.88618051553788, -22.9234769778603 ], [ -46.886178094014326, -22.923540114196651 ], [ -46.886179451262215, -22.923603295917147 ], [ -46.88618466515959, -22.923666341530804 ], [ -46.886195497664701, -22.92372877868846 ], [ -46.88621330262383, -22.923789688475868 ], [ -46.886238952897052, -22.92384824797508 ], [ -46.886271873380878, -22.923903561189093 ], [ -46.886308623043774, -22.923956752393266 ], [ -46.886347367060182, -22.924008836496782 ], [ -46.886388340299483, -22.924059359293995 ], [ -46.886431541512259, -22.924108230515383 ], [ -46.886474745257004, -22.924157282258179 ], [ -46.88651484198715, -22.92420835712878 ], [ -46.886546484208218, -22.924264227159266 ], [ -46.886563166685782, -22.924325330796382 ], [ -46.886561626960692, -22.924388276078773 ], [ -46.886538895300859, -22.924447591060854 ], [ -46.88649957581832, -22.924499068019127 ], [ -46.886450667231017, -22.924543075184051 ], [ -46.886396454329045, -22.92458136728138 ], [ -46.886340198306236, -22.924617246009504 ], [ -46.886281889162461, -22.924649989224076 ], [ -46.886219043190664, -22.924674390042739 ], [ -46.886152599879118, -22.924688631644194 ], [ -46.886084854698169, -22.924695936924191 ], [ -46.886016815888333, -22.924699453793675 ], [ -46.885948597576814, -22.924701618527234 ], [ -46.885880383010509, -22.924704054034958 ], [ -46.885812167189641, -22.924706399245718 ], [ -46.885743937616382, -22.924707751481556 ], [ -46.885675686793704, -22.92470756913556 ], [ -46.885607492597977, -22.924705670717202 ], [ -46.885539375026369, -22.924703500511296 ], [ -46.885471117951177, -22.924702866738095 ], [ -46.885402873370047, -22.924703135613594 ], [ -46.885334621289203, -22.924702862852872 ], [ -46.885266384200122, -22.924703673276611 ], [ -46.885198539819733, -22.924709625119 ], [ -46.885131240141767, -22.924720084597269 ], [ -46.885063770958837, -22.924729914081762 ], [ -46.884996025662929, -22.924737218902049 ], [ -46.884928370725135, -22.924745244882228 ], [ -46.884861155121285, -22.924755974097593 ], [ -46.884794115241839, -22.924767784590703 ], [ -46.884726988729433, -22.924779144671277 ], [ -46.884659688965719, -22.924789603954149 ], [ -46.884592129333207, -22.924798712053953 ], [ -46.884524289849864, -22.924805024684488 ], [ -46.88445616177713, -22.924807909970106 ], [ -46.884387964565789, -22.924811608591547 ], [ -46.88432065600697, -22.924821435858295 ], [ -46.884254042875483, -22.924835046715444 ], [ -46.884187174871222, -22.924847667460874 ], [ -46.884120049498058, -22.924859117558423 ], [ -46.88405335345081, -22.924872548752024 ], [ -46.88398834227737, -22.924891557449207 ], [ -46.883927562493412, -22.924920085869466 ], [ -46.883872612823708, -22.924957483065988 ], [ -46.883821258248489, -22.924999080868005 ], [ -46.883770719864238, -22.925041571796203 ], [ -46.883719121607285, -22.925082991894548 ], [ -46.883664662794374, -22.92512101517914 ], [ -46.883605942116198, -22.925153130359003 ], [ -46.883543343968782, -22.925178068910014 ], [ -46.883479505235755, -22.925200494241267 ], [ -46.883416743795863, -22.9252252541167 ], [ -46.883354729413334, -22.925251720476709 ], [ -46.883292795379127, -22.925278185860446 ], [ -46.883230446967993, -22.925303753310011 ], [ -46.883167438066501, -22.925328064613705 ], [ -46.883103845305619, -22.925350848013402 ], [ -46.883039589561157, -22.925372194729622 ], [ -46.882975416664777, -22.925393721003594 ], [ -46.882912405173542, -22.925417851675672 ], [ -46.882851049808117, -22.925445483706703 ], [ -46.882791672061337, -22.925476613285532 ], [ -46.882732707387277, -22.925508550488843 ], [ -46.882671516432161, -22.925536451352542 ], [ -46.882607263016482, -22.925557978439478 ], [ -46.882541916053633, -22.925575997443119 ], [ -46.882476321710719, -22.925593567940684 ], [ -46.88241156228159, -22.925613385579862 ], [ -46.882347886371704, -22.92563598911028 ], [ -46.882283630353776, -22.925657335536478 ], [ -46.882217861459736, -22.925673914890339 ], [ -46.882151162274738, -22.925687164786108 ], [ -46.88208429484164, -22.925699874952787 ], [ -46.882017938329327, -22.925714655537945 ], [ -46.881952843544873, -22.92573348386183 ], [ -46.881888254684931, -22.925754021534612 ], [ -46.881822825890268, -22.925771950939151 ], [ -46.88175663878566, -22.925787361389354 ], [ -46.881690534532709, -22.925802951396129 ], [ -46.881624513131207, -22.925818720959597 ], [ -46.881557904150299, -22.925832691805535 ], [ -46.881490860858712, -22.925844320419678 ], [ -46.881423562713472, -22.925854958916098 ], [ -46.881356347423839, -22.92586577696807 ], [ -46.881289217483406, -22.925876955111722 ], [ -46.881222177879174, -22.925888854419295 ], [ -46.88115531147816, -22.925901654474487 ], [ -46.881088866883033, -22.925915894028318 ], [ -46.881023185537416, -22.925933013560115 ], [ -46.880958758411047, -22.925953639232741 ], [ -46.880894749342161, -22.925975433603014 ], [ -46.880830158930557, -22.925995880594659 ], [ -46.880765149173307, -22.926015068570283 ], [ -46.880699722565026, -22.926033178065339 ], [ -46.880634210576964, -22.926050927414607 ], [ -46.880568861811824, -22.926068855369579 ], [ -46.880503602126943, -22.926087414222927 ], [ -46.880438596009668, -22.926106872874659 ], [ -46.880373335038726, -22.926125341408678 ], [ -46.880307058455834, -22.926140120351509 ], [ -46.880240014866999, -22.926151748453801 ], [ -46.880173059116345, -22.926163917184912 ], [ -46.880106192449276, -22.926176716813053 ], [ -46.880038624203657, -22.92618528142992 ], [ -46.879970500182047, -22.926188525913407 ], [ -46.879902374908902, -22.926191680099784 ], [ -46.879834452742614, -22.926197901468353 ], [ -46.879766528076047, -22.926203942272057 ], [ -46.879698395308402, -22.926206554763102 ], [ -46.879630157244499, -22.926207362814871 ], [ -46.879561924160676, -22.92620853190974 ], [ -46.879493693564896, -22.926209881511561 ], [ -46.879425455491287, -22.926210689475468 ], [ -46.879357302771872, -22.926211857530909 ], [ -46.879289102060262, -22.92621537347971 ], [ -46.879221075793431, -22.926219880445636 ], [ -46.879152853895889, -22.926221861778316 ], [ -46.879084807689154, -22.926224924396326 ], [ -46.879019198783134, -22.926241500564224 ], [ -46.878961786070526, -22.926275313997287 ], [ -46.878908961488854, -22.92631539290285 ], [ -46.878856218495713, -22.926355561109474 ], [ -46.878803146500061, -22.926395191496962 ], [ -46.878749749237976, -22.926434554869413 ], [ -46.878696433564571, -22.926474007542605 ], [ -46.878643608825335, -22.926514086369192 ], [ -46.878592822065677, -22.926556217566453 ], [ -46.87854545833622, -22.926601738987859 ], [ -46.878500614836192, -22.926649307077387 ], [ -46.878456341400494, -22.926697410106708 ], [ -46.878410848613058, -22.92674453444312 ], [ -46.878363076657529, -22.926789609232483 ], [ -46.878333867167669, -22.926816678621318 ], [ -46.878356127592241, -22.926845305725319 ], [ -46.878379934104522, -22.926904430145566 ], [ -46.878393169717867, -22.926966478426007 ], [ -46.878403275693806, -22.927028924872054 ], [ -46.878412339293583, -22.927091564217903 ], [ -46.878419958639583, -22.927154401219699 ], [ -46.878423159844246, -22.92721747107143 ], [ -46.87841743565783, -22.927280375699198 ], [ -46.878402772371864, -22.927342122153213 ], [ -46.8783824628754, -22.927402490897727 ], [ -46.878358681033184, -22.927461727054268 ], [ -46.878333282947182, -22.92752035035409 ], [ -46.878307724089922, -22.927578975553168 ], [ -46.878283537821645, -22.927638035920783 ], [ -46.878260645013441, -22.92769762267676 ], [ -46.878236863075166, -22.927756858819905 ], [ -46.878209929037652, -22.927814868299059 ], [ -46.878178387420185, -22.927871036355278 ], [ -46.878143604605164, -22.92792534681805 ], [ -46.878106472192663, -22.927978330832779 ], [ -46.878068205776806, -22.928030696277776 ], [ -46.878029695715128, -22.928082884031877 ], [ -46.877991913986847, -22.928135424291941 ], [ -46.87795502632374, -22.928188676229119 ], [ -46.877918947371171, -22.928242279722319 ], [ -46.877883436002051, -22.928296237624853 ], [ -46.877848330220075, -22.92835046157079 ], [ -46.877812008812846, -22.928403977628893 ], [ -46.877771956471747, -22.928455100181111 ], [ -46.877728089084044, -22.928503559371158 ], [ -46.877683164329198, -22.92855112823031 ], [ -46.877640189729846, -22.928600208817404 ], [ -46.877602165342708, -22.928652661585271 ], [ -46.877570296814355, -22.92870847227513 ], [ -46.877538187132416, -22.928764285812349 ], [ -46.877500406281115, -22.928816916244433 ], [ -46.87746027333106, -22.928868039682051 ], [ -46.877421762812759, -22.928920227314606 ], [ -46.877384225493813, -22.928973035408035 ], [ -46.877345875671132, -22.929025221123961 ], [ -46.877305094615267, -22.929075991061929 ], [ -46.877261712860452, -22.929124715244164 ], [ -46.877217843838352, -22.92917308404747 ], [ -46.877177711926343, -22.929224297693644 ], [ -46.877142443642832, -22.929278433145015 ], [ -46.877108632065891, -22.929333273624852 ], [ -46.877072634117489, -22.929386966278134 ], [ -46.877031282753805, -22.929437201202379 ], [ -46.876984241533286, -22.929482898977472 ], [ -46.876935492462145, -22.929527172410133 ], [ -46.876888614420452, -22.929573048795941 ], [ -46.876843770650652, -22.92962070677196 ], [ -46.876800877044076, -22.929669876485658 ], [ -46.876759769115537, -22.929720289034854 ], [ -46.876720286112345, -22.929771946321644 ], [ -46.876682503435987, -22.92982448632398 ], [ -46.876645937582133, -22.929877824477064 ], [ -46.876609453321628, -22.929931251941102 ], [ -46.876571509806951, -22.929983793822508 ], [ -46.876534052258123, -22.930036600799099 ], [ -46.876500726255678, -22.930091706275814 ], [ -46.876471043320841, -22.930148664615736 ], [ -46.876438607636302, -22.930204210969858 ], [ -46.876399852749167, -22.930256220711556 ], [ -46.876356389930358, -22.930304945636134 ], [ -46.876311220500583, -22.930352336482173 ], [ -46.876270354569911, -22.930402836343667 ], [ -46.876238809117268, -22.930458823553451 ], [ -46.87621567139238, -22.930518232399372 ], [ -46.87619745905765, -22.930579208109702 ], [ -46.876181342740324, -22.930640610455068 ], [ -46.87616450052581, -22.930701840814429 ], [ -46.876146367283177, -22.930762725302309 ], [ -46.876127267008421, -22.930823440654205 ], [ -46.876107036457576, -22.930883808233716 ], [ -46.876085513630287, -22.930943739672561 ], [ -46.876063830030589, -22.931003673009574 ], [ -46.876044165805311, -22.931064304737127 ], [ -46.876026112849715, -22.931125188265295 ], [ -46.876007092859552, -22.931185902656928 ], [ -46.875987507722449, -22.931246443161225 ], [ -46.875973648050405, -22.931308270230261 ], [ -46.875968888477139, -22.931371253692621 ], [ -46.875971205887105, -22.931434424350353 ], [ -46.875978021977851, -22.931497361264913 ], [ -46.875987165306796, -22.931559999820234 ], [ -46.876006735242328, -22.931603375143752 ], [ -46.8760339818392, -22.931661285552529 ], [ -46.876063227961666, -22.931718450054916 ], [ -46.876096066247293, -22.931773766427476 ], [ -46.876134170956696, -22.931826221763199 ], [ -46.876174824162931, -22.931876931584327 ], [ -46.876212768176856, -22.931929388797059 ], [ -46.87624912082822, -22.931983038490468 ], [ -46.876291523787735, -22.932032373345809 ], [ -46.876341557253944, -22.932075388451409 ], [ -46.87639277776497, -22.932117035260788 ], [ -46.876441780061015, -22.932161055634776 ], [ -46.87649006769265, -22.9322057164222 ], [ -46.876539386588753, -22.932249371887014 ], [ -46.876589341078187, -22.932292478121461 ], [ -46.876604770231779, -22.932309539708939 ], [ -46.876648369145968, -22.932358138049278 ], [ -46.87669085523634, -22.932407652364176 ], [ -46.876734373835127, -22.932456251626689 ], [ -46.876785515474801, -22.932497989508548 ], [ -46.876845654792795, -22.932527613338095 ], [ -46.876908771365102, -22.932551604393069 ], [ -46.876971812557379, -22.932575957444666 ], [ -46.877035858867323, -22.93259740952962 ], [ -46.877102221965991, -22.93261197268583 ], [ -46.877170015190615, -22.932619476833086 ], [ -46.877238211034715, -22.932621198084604 ], [ -46.877306446182175, -22.932619939507109 ], [ -46.877374680081374, -22.932618590632167 ], [ -46.87744283608798, -22.932617423215138 ], [ -46.877511058776641, -22.932615261868513 ], [ -46.877579080868138, -22.932610213814414 ], [ -46.877646304851254, -22.932599758202809 ], [ -46.877712581165916, -22.932584709350419 ], [ -46.87777894282236, -22.932570020592671 ], [ -46.877845640916775, -22.932556411221132 ], [ -46.87791115766877, -22.932538753073072 ], [ -46.877973844415486, -22.932514086325824 ], [ -46.878034955386745, -22.932485917171626 ], [ -46.878095242624212, -22.932456313217969 ], [ -46.87815216334252, -22.932421602962307 ], [ -46.878203032676133, -22.932379470829808 ], [ -46.878254146848839, -22.932337606633268 ], [ -46.878311395214709, -22.932303343861282 ], [ -46.878371598191698, -22.932273469958339 ], [ -46.878431227284558, -22.932242790281062 ], [ -46.878490114263563, -22.932210765124413 ], [ -46.87854990903822, -22.932180444575405 ], [ -46.878612092046517, -22.932154248744734 ], [ -46.878675275688778, -22.932130659247488 ], [ -46.87873836896452, -22.932106348533388 ], [ -46.878800226648579, -22.932079885635293 ], [ -46.878861997700568, -22.932052972325813 ], [ -46.87892451579831, -22.932027765522502 ], [ -46.878988692509324, -22.932006240653592 ], [ -46.879054374556418, -22.931988941228546 ], [ -46.879120487129704, -22.931973713184114 ], [ -46.879186677572456, -22.931958303625219 ], [ -46.879252694782785, -22.931941993262718 ], [ -46.879318634089252, -22.931925864361673 ], [ -46.879384909842386, -22.931910814843381 ], [ -46.87945186598477, -22.931898465724505 ], [ -46.87951952121167, -22.931890171024538 ], [ -46.879587578940004, -22.931887739910703 ], [ -46.879655578095921, -22.931892712650345 ], [ -46.879722624562724, -22.93190437757081 ], [ -46.879788685946764, -22.931920387704047 ], [ -46.87985397596897, -22.931938754298113 ], [ -46.879918956958619, -22.931958027352763 ], [ -46.879984169127503, -22.93197657537894 ], [ -46.880049535836037, -22.931994670132646 ], [ -46.880114442729003, -22.932014395395676 ], [ -46.88017786982504, -22.932037568907838 ], [ -46.880239268194629, -22.932065190284607 ], [ -46.880298072703098, -22.932097085658228 ], [ -46.880353885204158, -22.932133530597017 ], [ -46.880404472568131, -22.932175815522307 ], [ -46.880446399731724, -22.932225515947902 ], [ -46.880477482768164, -22.93228166464819 ], [ -46.880498171522476, -22.932341908947922 ], [ -46.880510926539358, -22.932403962626722 ], [ -46.880521196077126, -22.932466497169042 ], [ -46.880533389719005, -22.932528647778753 ], [ -46.880546866934239, -22.93259060261094 ], [ -46.880552686098063, -22.932610305577555 ], [ -46.880570010274781, -22.932671402275581 ], [ -46.880585090107004, -22.93273297697985 ], [ -46.88059913002224, -22.932794925135703 ], [ -46.880619177143615, -22.932855267295192 ], [ -46.880649702750603, -22.932911783682702 ], [ -46.88068573460378, -22.932965345761467 ], [ -46.880703531463709, -22.932984997056604 ], [ -46.880747767536562, -22.933033044926265 ], [ -46.880793595002466, -22.933079900245577 ], [ -46.880841962193792, -22.933124378098121 ], [ -46.88089516517325, -22.933163923351678 ], [ -46.88095326436305, -22.933197090761688 ], [ -46.881013329396758, -22.933227074952161 ], [ -46.881074179534671, -22.933255695571294 ], [ -46.881138614865051, -22.933276148222433 ], [ -46.881206534345139, -22.933281121199215 ], [ -46.881274379534624, -22.933274899970236 ], [ -46.881341344837104, -22.933263181897985 ], [ -46.88140727946702, -22.933246691033357 ], [ -46.881470962767885, -22.933224358457341 ], [ -46.88153141397121, -22.933195022125993 ], [ -46.881586367497619, -22.933157625512827 ], [ -46.88163666580418, -22.933114957398768 ], [ -46.881686474321739, -22.933071753381565 ], [ -46.881735222914465, -22.933027478525766 ], [ -46.881777223949179, -22.932977776422202 ], [ -46.881808122018072, -22.93292161532953 ], [ -46.881824882713275, -22.932860475758666 ], [ -46.881827709231288, -22.932797424915503 ], [ -46.881823459955676, -22.932734277410667 ], [ -46.881819131555602, -22.932671221126007 ], [ -46.881821715696546, -22.932608082873031 ], [ -46.8818361379018, -22.932546429334376 ], [ -46.881861616831507, -22.932487894861541 ], [ -46.881896561128656, -22.932433671995753 ], [ -46.881935882004683, -22.932382015422469 ], [ -46.881975446481576, -22.932330536517366 ], [ -46.882015984201054, -22.932279678041048 ], [ -46.88206009471282, -22.93223139538372 ], [ -46.882109823653757, -22.932188282480581 ], [ -46.882166824755394, -22.932153660173302 ], [ -46.882227934577337, -22.932125489470884 ], [ -46.882288715372901, -22.93209678095246 ], [ -46.882348343394085, -22.932066099865803 ], [ -46.882409208257158, -22.93203766115478 ], [ -46.882472301956881, -22.932013439270239 ], [ -46.882536062369979, -22.93199092482417 ], [ -46.882600073879203, -22.931969129636382 ], [ -46.882665088594855, -22.931950121286 ], [ -46.88273110901681, -22.931934080307343 ], [ -46.882795286211483, -22.931912644208872 ], [ -46.882853518891714, -22.931879902994492 ], [ -46.882910598789763, -22.931845189218365 ], [ -46.882973036791896, -22.931820072096428 ], [ -46.883038631496525, -22.931802320675171 ], [ -46.8831041483013, -22.931784750717323 ], [ -46.883169491846523, -22.931766279962531 ], [ -46.883235262232056, -22.93174960976992 ], [ -46.883301789711382, -22.931735368198407 ], [ -46.883368667404518, -22.93172319894477 ], [ -46.883436048577614, -22.931712558493565 ], [ -46.883503531344232, -22.931703451613664 ], [ -46.883571278959565, -22.931696056932527 ], [ -46.883639388038496, -22.93169154697739 ], [ -46.883707619949966, -22.931690105145243 ], [ -46.883775863097959, -22.931689475694228 ], [ -46.883844099998228, -22.93168839487479 ], [ -46.883912184882853, -22.931687947809042 ], [ -46.883980454252082, -22.931689213894096 ], [ -46.884048727367592, -22.931690750753123 ], [ -46.884116976748658, -22.931690572494428 ], [ -46.884185128260953, -22.931689131411478 ], [ -46.884248848182388, -22.931681152282845 ], [ -46.884316500352547, -22.931672675027631 ], [ -46.884384153761403, -22.931664288011902 ], [ -46.884451805910345, -22.931655810700079 ], [ -46.884477635032034, -22.931651712132325 ], [ -46.884544762419779, -22.931640171403629 ], [ -46.884611290916254, -22.931626019563168 ], [ -46.884677651144592, -22.931611327998084 ], [ -46.88474434786152, -22.931597715801203 ], [ -46.884811139935756, -22.931585185835747 ], [ -46.884878351378347, -22.931573914818568 ], [ -46.884945748556461, -22.931564447219515 ], [ -46.885013664230399, -22.931557591629243 ], [ -46.885081701515347, -22.931553713891461 ], [ -46.885149952041623, -22.931553625460701 ], [ -46.885217941048893, -22.931557873671526 ], [ -46.885285436160444, -22.931567093262501 ], [ -46.885352185001508, -22.931580474688698 ], [ -46.885418089700593, -22.931596755157223 ], [ -46.88548422429573, -22.931612220322929 ], [ -46.885551422935343, -22.931623248971928 ], [ -46.885618994718392, -22.931632196659088 ], [ -46.885686114247079, -22.931643316472332 ], [ -46.885753160908401, -22.931654978817782 ], [ -46.885820951341785, -22.931662298732899 ], [ -46.88588894915442, -22.931667178524997 ], [ -46.885956368967911, -22.931676759849658 ], [ -46.886022197140939, -22.931693311817337 ], [ -46.886086870932708, -22.931713579060784 ], [ -46.886150767226347, -22.931735751450809 ], [ -46.886213573267646, -22.931760464683226 ], [ -46.886275364435029, -22.931787356733043 ], [ -46.886337311378149, -22.931813885775611 ], [ -46.88640066512027, -22.931837509029297 ], [ -46.886465022518841, -22.931858141002181 ], [ -46.886530624702857, -22.931875778826896 ], [ -46.886596985649859, -22.931890157432186 ], [ -46.886664036235096, -22.931902090181939 ], [ -46.886730246456665, -22.931917192782024 ], [ -46.886793286299138, -22.931941361299071 ], [ -46.886853588001351, -22.931970979296079 ], [ -46.886913967604229, -22.93200041577731 ], [ -46.886974109851913, -22.932030125903772 ], [ -46.887031893338325, -22.932063655918533 ], [ -46.887083592859547, -22.932104841985439 ], [ -46.887121458066538, -22.932157116723385 ], [ -46.887146389678065, -22.932215865023487 ], [ -46.887172202966909, -22.932274422268666 ], [ -46.887203289940253, -22.932330659732521 ], [ -46.88723205974442, -22.932387917851575 ], [ -46.88725491288676, -22.932447503387603 ], [ -46.887275923613359, -22.932507562241739 ], [ -46.887297336250519, -22.932567616311985 ], [ -46.887315865308551, -22.93262842693089 ], [ -46.887329184824374, -22.932690382891359 ], [ -46.887341302436376, -22.932752623990979 ], [ -46.88735622578961, -22.932814290025522 ], [ -46.88737227195066, -22.932875762139005 ], [ -46.887387114957313, -22.932937429123825 ], [ -46.887401797222921, -22.932999098017813 ], [ -46.887418323199576, -22.933060383851508 ], [ -46.887436532132824, -22.933121288536114 ], [ -46.88745506384933, -22.933182279660784 ], [ -46.887472550664917, -22.933243283209688 ], [ -46.887488035545537, -22.933304852261063 ], [ -46.887504080588698, -22.933366234082175 ], [ -46.887526853666223, -22.933425820509193 ], [ -46.887555224479655, -22.933483263852992 ], [ -46.887579836297867, -22.93354210613877 ], [ -46.887597085845925, -22.933603383335512 ], [ -46.887614413287018, -22.933664479037624 ], [ -46.887637025714305, -22.933724067352333 ], [ -46.887663718704289, -22.933782252886321 ], [ -46.887692409923041, -22.933839602102257 ], [ -46.887723497511381, -22.933895839415452 ], [ -46.887758177140178, -22.933950228341132 ], [ -46.887799947929921, -22.934000018776768 ], [ -46.887851251558146, -22.934041570370649 ], [ -46.887912956180834, -22.934067921035194 ], [ -46.887980750635137, -22.9340696423913 ], [ -46.88804669589608, -22.934053961203837 ], [ -46.888109710198052, -22.934029828311019 ], [ -46.888170077234946, -22.934000309944977 ], [ -46.88822797904357, -22.93396693874476 ], [ -46.888285222767927, -22.933932491965944 ], [ -46.888343944582189, -22.933900284640817 ], [ -46.888404477272012, -22.933871125349622 ], [ -46.888465916639426, -22.933843580331079 ], [ -46.888527274349634, -22.933815945979319 ], [ -46.888587725327675, -22.933786697312019 ], [ -46.888647351203097, -22.93375592364124 ], [ -46.888707471845336, -22.933726046885273 ], [ -46.88876882694337, -22.933698231911418 ], [ -46.888829855490911, -22.933670059672089 ], [ -46.888889645769879, -22.93363955480606 ], [ -46.888949438525735, -22.933609230454216 ], [ -46.889010876399759, -22.933581594971443 ], [ -46.889073307598238, -22.933556024137626 ], [ -46.889135574256947, -22.93353018439187 ], [ -46.88919726195693, -22.933503177843615 ], [ -46.889258208687451, -22.93347491613995 ], [ -46.889319647683621, -22.933447370812882 ], [ -46.889383157498649, -22.933424224647151 ], [ -46.889448336245145, -22.933405482424977 ], [ -46.889513687004026, -22.933387550670595 ], [ -46.889578446279089, -22.933367549437467 ], [ -46.889642204658394, -22.933344941906981 ], [ -46.88970530244665, -22.933321078264388 ], [ -46.889769894634924, -22.933300627533718 ], [ -46.889836340331428, -22.933286293908683 ], [ -46.889903042183747, -22.933273040594809 ], [ -46.889968810987945, -22.933256277351973 ], [ -46.8900347430369, -22.933239692703271 ], [ -46.890101704773819, -22.933227790448772 ], [ -46.890169357146547, -22.933219310671685 ], [ -46.890237014521809, -22.933211191936159 ], [ -46.890304411951938, -22.93320172203266 ], [ -46.890371540661384, -22.933190269089476 ], [ -46.890438666850535, -22.93317863558369 ], [ -46.890506324180741, -22.933170516735672 ], [ -46.89057417234141, -22.933164562362929 ], [ -46.890641565953395, -22.93315482151689 ], [ -46.890707581989368, -22.933138506441772 ], [ -46.890772010646991, -22.933117876698802 ], [ -46.890835271363599, -22.933094191245871 ], [ -46.890896958483793, -22.933067184070904 ], [ -46.890957324422544, -22.933037664709545 ], [ -46.89101826677242, -22.93300913156407 ], [ -46.89108119835398, -22.932984908245576 ], [ -46.891146040047566, -22.932965085976647 ], [ -46.89121189641417, -22.932948862884576 ], [ -46.891278085561027, -22.932933448341242 ], [ -46.891343601570277, -22.93291587501697 ], [ -46.891409027150246, -22.932897580485449 ], [ -46.891474882190849, -22.932881267020914 ], [ -46.891541152899215, -22.932865941681271 ], [ -46.891606751720552, -22.932848547829359 ], [ -46.891672015214816, -22.932830164842482 ], [ -46.891738375027927, -22.932815470337122 ], [ -46.891805770855669, -22.932805909547909 ], [ -46.891873523305399, -22.932798872384598 ], [ -46.891941531932488, -22.93279291552664 ], [ -46.892009565640187, -22.932788763987475 ], [ -46.892077787696039, -22.932786596384972 ], [ -46.892145915569643, -22.932783436770563 ], [ -46.892213919149739, -22.93277711872765 ], [ -46.892281761965421, -22.932770802572836 ], [ -46.89234997772548, -22.932768183517357 ], [ -46.892418222338982, -22.93276764058189 ], [ -46.892486458166346, -22.932766465745647 ], [ -46.892554545782438, -22.932766195470695 ], [ -46.892622622034594, -22.932770890829111 ], [ -46.892690125539843, -22.932780648798094 ], [ -46.892757090251003, -22.932792128527684 ], [ -46.892823990908177, -22.93280478266227 ], [ -46.892889895608732, -22.932820969657097 ], [ -46.892954801847502, -22.932840508978391 ], [ -46.893020018318794, -22.932859232030765 ], [ -46.893085771093411, -22.932876052729601 ], [ -46.893150288043216, -22.932896499434435 ], [ -46.893211608678456, -22.932924116543912 ], [ -46.893270732731033, -22.932955641972065 ], [ -46.893329623207812, -22.932987711856907 ], [ -46.893389374017396, -22.933018056090333 ], [ -46.893451089108346, -22.933045126701195 ], [ -46.893513663271747, -22.933070381390859 ], [ -46.893575846866042, -22.933096453255231 ], [ -46.893636932811596, -22.933124524401503 ], [ -46.893696530520472, -22.933155412032047 ], [ -46.893753449391575, -22.933190213743369 ], [ -46.893806260201274, -22.933230210545656 ], [ -46.893856614478615, -22.933272764547986 ], [ -46.893909426605632, -22.933312851578645 ], [ -46.893964135189755, -22.933350568617534 ], [ -46.894013616702004, -22.933393945520699 ], [ -46.894052842478914, -22.933445570214555 ], [ -46.894087045899049, -22.933500234155545 ], [ -46.894121171481281, -22.933555079580863 ], [ -46.894155135079593, -22.933609836648174 ], [ -46.894187822700161, -22.933665331194678 ], [ -46.894216276669056, -22.933722772194468 ], [ -46.894238011531158, -22.933782640729117 ], [ -46.894256864093549, -22.933843356204754 ], [ -46.894278359117003, -22.933903317876148 ], [ -46.894302735228024, -22.933962342329075 ], [ -46.894328072136503, -22.934021084460692 ], [ -46.894355806609617, -22.934078804861311 ], [ -46.894389211563549, -22.93413383937833 ], [ -46.894428438967076, -22.934185554218153 ], [ -46.894471010901931, -22.934234972062818 ], [ -46.894514060115732, -22.934284023067157 ], [ -46.894553445857092, -22.934335555415384 ], [ -46.894589006110657, -22.934389480762398 ], [ -46.894625286033829, -22.934443126660547 ], [ -46.894665150369974, -22.934494382414488 ], [ -46.894708357984065, -22.934543250900564 ], [ -46.894755221597919, -22.934589096406558 ], [ -46.894809138453212, -22.934627635100444 ], [ -46.894871242612176, -22.934653707347564 ], [ -46.894937757508579, -22.934667448518688 ], [ -46.895005812101758, -22.934670517974304 ], [ -46.895074032437265, -22.934668168489086 ], [ -46.895142257794667, -22.934666180043447 ], [ -46.895210397742169, -22.934663831459822 ], [ -46.895278239995882, -22.93465742370379 ], [ -46.89534554592673, -22.934647140190588 ], [ -46.895412673492146, -22.934635594829157 ], [ -46.895479122821243, -22.934621529640015 ], [ -46.89554346588239, -22.934600537855218 ], [ -46.895604410321262, -22.934572183504681 ], [ -46.895663953098435, -22.934541317975054 ], [ -46.895722673204432, -22.934509108019565 ], [ -46.895777296406742, -22.934471349492753 ], [ -46.895825471606379, -22.934426625972385 ], [ -46.895870633792285, -22.934379139688367 ], [ -46.895915473175144, -22.934331566967419 ], [ -46.895956412866227, -22.934281061515694 ], [ -46.895988679100711, -22.93422542331782 ], [ -46.8960110009155, -22.934165750950104 ], [ -46.8960239648586, -22.93410375276925 ], [ -46.89603676677784, -22.934041666241257 ], [ -46.896060948566522, -22.933982784184629 ], [ -46.896095886041721, -22.933928468285504 ], [ -46.896131795574256, -22.93387468245821 ], [ -46.896168679677835, -22.933821607236446 ], [ -46.896217834153632, -22.933777955298179 ], [ -46.89627204874936, -22.933739750093082 ], [ -46.896318923651059, -22.933694048876188 ], [ -46.896360430688141, -22.933643897684338 ], [ -46.89641464896178, -22.933605963237568 ], [ -46.896473696281994, -22.933574200532927 ], [ -46.896526033102276, -22.933533941199332 ], [ -46.89657054544346, -22.933486011096306 ], [ -46.896613919884722, -22.933437191760184 ], [ -46.896659326383393, -22.933389973205941 ], [ -46.896707174374505, -22.933344892231251 ], [ -46.896758202351194, -22.933303023393073 ], [ -46.896813805665737, -22.933266426499738 ], [ -46.89687310267778, -22.933235292648902 ], [ -46.896934126588306, -22.933206936881636 ], [ -46.89699606230031, -22.933180556399975 ], [ -46.897060404415257, -22.933159564057547 ], [ -46.897127283631356, -22.933147569574359 ], [ -46.897195459198542, -22.933147837936694 ], [ -46.8972620526254, -22.93316148694111 ], [ -46.897327110210426, -22.933180300360704 ], [ -46.897392786932393, -22.933197390989491 ], [ -46.897457152599301, -22.933218469679648 ], [ -46.897515564308407, -22.93325072423595 ], [ -46.897566950735943, -22.933292271549909 ], [ -46.897612464713475, -22.933339305993673 ], [ -46.897654241218142, -22.933389274142904 ], [ -46.897695381020803, -22.933439701303584 ], [ -46.897741690066063, -22.933486094221841 ], [ -46.897799310756447, -22.933519260943118 ], [ -46.897864448951566, -22.933538073163792 ], [ -46.897930201244307, -22.933554801523684 ], [ -46.897995260351045, -22.933573704916562 ], [ -46.898061856560645, -22.9335875340992 ], [ -46.898129823906572, -22.93359015187233 ], [ -46.898196453257306, -22.933577527945928 ], [ -46.89825731372666, -22.933548993067713 ], [ -46.898315048058151, -22.93351534948355 ], [ -46.898373851190144, -22.93348340845397 ], [ -46.898430107189895, -22.933447525463077 ], [ -46.898477550163712, -22.933402268266288 ], [ -46.898518163311131, -22.933351495275481 ], [ -46.898556748098216, -22.933299392310879 ], [ -46.89859508920518, -22.933247111689397 ], [ -46.898632944239722, -22.933194566029108 ], [ -46.898668852553428, -22.933140779702995 ], [ -46.898700550980315, -22.933084876968987 ], [ -46.898727799650075, -22.933026950981429 ], [ -46.898752461103598, -22.93296797256043 ], [ -46.898775992213913, -22.93290864653245 ], [ -46.898799846075072, -22.932849406922095 ], [ -46.898825073890599, -22.932790692561884 ], [ -46.898851999687224, -22.932732680138344 ], [ -46.898879813392554, -22.932674927933189 ], [ -46.898903991202353, -22.93261586499835 ], [ -46.898922112983342, -22.932554888319128 ], [ -46.89893620328759, -22.932493057057002 ], [ -46.898949728421222, -22.932431051992406 ], [ -46.898966078083916, -22.932369825667834 ], [ -46.898988397060357, -22.932310062708943 ], [ -46.899014756287855, -22.932251786197003 ], [ -46.899042489462282, -22.932194034933051 ], [ -46.899068687892857, -22.93213576033801 ], [ -46.899090602388618, -22.932075821643757 ], [ -46.89911009673849, -22.93201527993352 ], [ -46.899131204910894, -22.9319551703197 ], [ -46.899154250930351, -22.931895669488377 ], [ -46.899177781711991, -22.931836343417434 ], [ -46.899197679140471, -22.931775887157301 ], [ -46.899208708643883, -22.931713641095179 ], [ -46.899212247974503, -22.931650401283239 ], [ -46.899216996735042, -22.931587417843847 ], [ -46.899226413647163, -22.93152482995017 ], [ -46.899235669799182, -22.931462243979819 ], [ -46.899242188097531, -22.93139932964505 ], [ -46.899249270288514, -22.931336498843788 ], [ -46.899258687177316, -22.931273910948502 ], [ -46.899265044709402, -22.931210998536471 ], [ -46.899264403174669, -22.931147718473227 ], [ -46.899264888174386, -22.931084515210117 ], [ -46.899274950578359, -22.9310221001526 ], [ -46.899288717850368, -22.93096018244983 ], [ -46.899296524660279, -22.93089743325616 ], [ -46.899298136182736, -22.930834306792697 ], [ -46.899297415530853, -22.930771117956557 ], [ -46.899295970235407, -22.930707847509851 ], [ -46.899294124321045, -22.930644672138978 ], [ -46.899291796152887, -22.93058150253875 ], [ -46.899288504733128, -22.930518434747373 ], [ -46.899284569049762, -22.930455284383171 ], [ -46.899281599145745, -22.930392212742792 ], [ -46.899279994382255, -22.930329034483073 ], [ -46.899279111748505, -22.930265757299001 ], [ -46.899277828496572, -22.930202575190691 ], [ -46.899276384496048, -22.930139395005533 ], [ -46.899274940499161, -22.930076214819785 ], [ -46.899273657257851, -22.930013032709784 ], [ -46.899272856275601, -22.929949844828148 ], [ -46.899273662814252, -22.929886637709188 ], [ -46.899277202133533, -22.929823397887301 ], [ -46.899281629363038, -22.929760418285937 ], [ -46.899283480788519, -22.929697198661984 ], [ -46.899284208213253, -22.92963408277036 ], [ -46.899290162578616, -22.929571084893144 ], [ -46.899302963981405, -22.929509088463728 ], [ -46.899316811516954, -22.929447169796656 ], [ -46.899328966118198, -22.929384910259476 ], [ -46.899341363096234, -22.929322738103121 ], [ -46.899355775748553, -22.929260993234841 ], [ -46.89937002637982, -22.929199160022382 ], [ -46.899382424587678, -22.929137078130864 ], [ -46.899395224663408, -22.929074991429342 ], [ -46.899409960034063, -22.929013332977291 ], [ -46.89942340435163, -22.92895132884626 ], [ -46.899431693307982, -22.928888573871603 ], [ -46.899435797708968, -22.928825507846248 ], [ -46.899438534470534, -22.928762367905492 ], [ -46.899439180217954, -22.928699162706177 ], [ -46.899435165467636, -22.928636103562123 ], [ -46.899423766285942, -22.92857385504519 ], [ -46.899401630851862, -22.928514172624652 ], [ -46.8993704583851, -22.928457848500063 ], [ -46.899337132187497, -22.928402723807782 ], [ -46.899303567411152, -22.928347782525808 ], [ -46.89926362302581, -22.928296528858336 ], [ -46.899217236284962, -22.92825022750084 ], [ -46.899173632483716, -22.928201726057832 ], [ -46.899140546299172, -22.928146508160772 ], [ -46.899115770030491, -22.928087669823942 ], [ -46.899094433536554, -22.928027616657594 ], [ -46.899072136342532, -22.927967845827805 ], [ -46.899045521592669, -22.927909751729253 ], [ -46.8990168259363, -22.927852314496164 ], [ -46.898989651130591, -22.927794407649852 ], [ -46.898963275061, -22.927736130112692 ], [ -46.898936099045713, -22.927678132986255 ], [ -46.898909962889803, -22.927619762284554 ], [ -46.898889025929357, -22.927559523734228 ], [ -46.89887305584584, -22.927498052091874 ], [ -46.898857006662972, -22.9274366716751 ], [ -46.898839514532781, -22.927375579363918 ], [ -46.898823385009152, -22.927314199902391 ], [ -46.89880877758052, -22.927252441100947 ], [ -46.89879032478558, -22.927191631119186 ], [ -46.898766666558828, -22.927132237635963 ], [ -46.898746211997747, -22.927071993285171 ], [ -46.898735054436955, -22.927009741792826 ], [ -46.898728549781467, -22.926946802665011 ], [ -46.89872188564447, -22.926883955726019 ], [ -46.898721407805319, -22.926820854220978 ], [ -46.898735338322787, -22.926759115158234 ], [ -46.898759595721039, -22.926700051308778 ], [ -46.898786356020977, -22.926641770055049 ], [ -46.89881037099908, -22.926582618817203 ], [ -46.898828170735392, -22.926521646001991 ], [ -46.898845244575547, -22.926460501304625 ], [ -46.898872008574408, -22.926402490841681 ], [ -46.898907024802256, -22.926348263785922 ], [ -46.898940744953578, -22.926293329971735 ], [ -46.898970902201953, -22.926236542850933 ], [ -46.899003489518179, -22.926181080885307 ], [ -46.89904312721962, -22.926129687543447 ], [ -46.899091869956578, -22.92608558839547 ], [ -46.899149277024087, -22.926051768016524 ], [ -46.899212786541995, -22.926028979306519 ], [ -46.899279570339175, -22.92601617271173 ], [ -46.899347217025436, -22.926007599024668 ], [ -46.899415136295083, -22.926001279100706 ], [ -46.899482748312629, -22.926007512040517 ], [ -46.899543666219131, -22.926035221922874 ], [ -46.899596792097121, -22.926074851987963 ], [ -46.899646433187826, -22.926118225304869 ], [ -46.899693295227856, -22.926164069480947 ], [ -46.89973689975259, -22.926212661091348 ], [ -46.899778198654502, -22.926263085924873 ], [ -46.899818700146149, -22.92631397170025 ], [ -46.899858563715462, -22.926365226227094 ], [ -46.899897233041791, -22.926417307575171 ], [ -46.899934068911755, -22.926470494242839 ], [ -46.899968990950448, -22.926524787193486 ], [ -46.900003992132618, -22.926578988905096 ], [ -46.90004369636501, -22.926630335565068 ], [ -46.90009095681102, -22.92667590398846 ], [ -46.900145978068764, -22.926713073538444 ], [ -46.90020714005837, -22.926740960780968 ], [ -46.900270882619644, -22.926763671025121 ], [ -46.900335322115197, -22.926784476974714 ], [ -46.900401150417785, -22.926801113293305 ], [ -46.900468415143926, -22.92681123207522 ], [ -46.900536267442121, -22.926817371381169 ], [ -46.900604355827177, -22.926823146702528 ], [ -46.900671842797507, -22.926831908504383 ], [ -46.900738128200636, -22.926846733564414 ], [ -46.900801320865483, -22.926870352992946 ], [ -46.90085815822551, -22.92690515319785 ], [ -46.900909067096414, -22.926947156662926 ], [ -46.900958708913045, -22.926990529515201 ], [ -46.901011519104301, -22.927030523967439 ], [ -46.901070402206685, -22.927062139715833 ], [ -46.901133753249781, -22.927085576541515 ], [ -46.901197728403609, -22.927107651634344 ], [ -46.901260145241764, -22.927133266365942 ], [ -46.901319975287542, -22.927163606724246 ], [ -46.901375945161654, -22.927199590786064 ], [ -46.901426379613241, -22.92724214144398 ], [ -46.901468869938284, -22.92729146812237 ], [ -46.901501237206951, -22.927346964956509 ], [ -46.90152225310996, -22.927407021591304 ], [ -46.901539266701036, -22.927468299836431 ], [ -46.901560763629284, -22.927528260418583 ], [ -46.901590738672155, -22.92758514011776 ], [ -46.901630600762701, -22.927636213587789 ], [ -46.901678813967017, -22.92768086724881 ], [ -46.901732337920762, -22.927720130623392 ], [ -46.901786650522716, -22.927758301144333 ], [ -46.901836610629822, -22.927801399026116 ], [ -46.901881487308891, -22.927848891338922 ], [ -46.90192660388265, -22.927896290480426 ], [ -46.901977037507173, -22.927938750663873 ], [ -46.90203631300205, -22.927969639057892 ], [ -46.902101602114364, -22.927987906162365 ], [ -46.902166888720522, -22.928005992704939 ], [ -46.902229385250159, -22.928031515782326 ], [ -46.90228992287345, -22.928060673591471 ], [ -46.902351008012104, -22.92808874142975 ], [ -46.902414981287066, -22.928110635450242 ], [ -46.9024818738825, -22.928122834278284 ], [ -46.90254966918836, -22.928130598439179 ], [ -46.902617230942717, -22.928138907062213 ], [ -46.902684799009265, -22.928147666990252 ], [ -46.902752589287275, -22.928155069995302 ], [ -46.9028203732638, -22.928162021636592 ], [ -46.902888090745343, -22.92816996714749 ], [ -46.902955210645715, -22.928181169944814 ], [ -46.903021037349298, -22.928197624572768 ], [ -46.903086020312855, -22.928216978312189 ], [ -46.903151697650102, -22.928234247212643 ], [ -46.9032178307571, -22.928249614698444 ], [ -46.903283047322162, -22.928268423861134 ], [ -46.903346863839822, -22.928290590217692 ], [ -46.903411538002828, -22.928310850341099 ], [ -46.903477671168567, -22.928326217713963 ], [ -46.903544797485033, -22.928337871587271 ], [ -46.903612361894488, -22.928346360308872 ], [ -46.903680351773183, -22.928350781210387 ], [ -46.903748612675173, -22.928351587553799 ], [ -46.903816805820838, -22.92835329749996 ], [ -46.903884813371334, -22.928358982048415 ], [ -46.903952665224026, -22.928365029562826 ], [ -46.904020868469161, -22.928367461555016 ], [ -46.904089033849161, -22.928367185513913 ], [ -46.904157273290259, -22.928366457145316 ], [ -46.904225521564172, -22.928366360614937 ], [ -46.904293783721116, -22.928367256989794 ], [ -46.904362010530662, -22.92836562586541 ], [ -46.904429316185499, -22.928355609545566 ], [ -46.904494912075592, -22.928338300877709 ], [ -46.904560504159583, -22.928320721383489 ], [ -46.904626523348767, -22.928304942376151 ], [ -46.90469169837143, -22.928286284451115 ], [ -46.904754540813592, -22.928261786168537 ], [ -46.904815560695098, -22.928233427612742 ], [ -46.904875674963101, -22.928203545110989 ], [ -46.904936365715727, -22.928174648769904 ], [ -46.904998294892081, -22.928148084872678 ], [ -46.905059647529868, -22.928120534771502 ], [ -46.905118035938138, -22.928087964440842 ], [ -46.90517281459109, -22.928050201068725 ], [ -46.905223592979709, -22.928008061883578 ], [ -46.905266558141001, -22.927959064766203 ], [ -46.905293484100255, -22.927901322265203 ], [ -46.905304509344248, -22.92783898569256 ], [ -46.905308450269665, -22.927775921622338 ], [ -46.90531062169557, -22.927712788510853 ], [ -46.905312550735943, -22.927649568026723 ], [ -46.905315284782297, -22.927586428160861 ], [ -46.905318421962434, -22.927523373737362 ], [ -46.905321395867723, -22.927460140709648 ], [ -46.905322842663885, -22.927396926012868 ], [ -46.905321878237899, -22.927333740259733 ], [ -46.905320190448528, -22.927270563189236 ], [ -46.905319226029285, -22.927207377434986 ], [ -46.905317778106379, -22.927144107202214 ], [ -46.905314242990123, -22.92708104258681 ], [ -46.905307894792323, -22.927018011737989 ], [ -46.905298818942292, -22.926955374757366 ], [ -46.905287336939004, -22.926893127785185 ], [ -46.905274089250334, -22.926831082569141 ], [ -46.905259239151825, -22.926769417712652 ], [ -46.905242225292135, -22.926708230235064 ], [ -46.905225211449753, -22.926647042754166 ], [ -46.905212766295612, -22.92658489761369 ], [ -46.905205858095876, -22.926522054038831 ], [ -46.905198387289623, -22.926459217215726 ], [ -46.905187305996385, -22.926396875136447 ], [ -46.905176946814393, -22.926334434106305 ], [ -46.905171804343979, -22.926271388769518 ], [ -46.905170518543287, -22.926208206860462 ], [ -46.905170597831287, -22.926144918284574 ], [ -46.905168831059477, -22.926081832429258 ], [ -46.905163045624867, -22.926018794806772 ], [ -46.905161118116176, -22.925955710879396 ], [ -46.905176660652174, -22.92589449375458 ], [ -46.905209894568387, -22.925839474304006 ], [ -46.905253345139201, -22.925790742235559 ], [ -46.905305266879537, -22.925749943567013 ], [ -46.905366294384663, -22.925722216741832 ], [ -46.90543256849157, -22.925707517792169 ], [ -46.905500301120377, -22.925699391886443 ], [ -46.905568224796902, -22.925693430424506 ], [ -46.90563625536209, -22.925689363570591 ], [ -46.90570446813954, -22.925686829292484 ], [ -46.905772689754031, -22.925684926852352 ], [ -46.905840915153824, -22.925683295183205 ], [ -46.905909150655418, -22.92568238561865 ], [ -46.905977394996619, -22.925682107891895 ], [ -46.906045610279186, -22.925679754001209 ], [ -46.906113271307511, -22.925672260669273 ], [ -46.906180476134757, -22.925660890666105 ], [ -46.906247433512227, -22.925649072197277 ], [ -46.906314644629923, -22.925638153472313 ], [ -46.906381947479453, -22.92562804615466 ], [ -46.906449413590018, -22.925618117411915 ], [ -46.90651653545136, -22.925606567701909 ], [ -46.906582894768611, -22.925592228385099 ], [ -46.906648235254657, -22.925574019158599 ], [ -46.906711488044657, -22.925550237507561 ], [ -46.906770040756605, -22.925518025795782 ], [ -46.906823102292542, -22.925478296350551 ], [ -46.906876654881401, -22.925439192963164 ], [ -46.906935781488926, -22.92540778683717 ], [ -46.906998207665417, -22.925382389935191 ], [ -46.907061462824807, -22.925358788687547 ], [ -46.907122811241308, -22.925331057358935 ], [ -46.907178329285962, -22.925294548436902 ], [ -46.90722926805185, -22.925252497042528 ], [ -46.907273990920416, -22.92524302178537 ], [ -46.907340682827034, -22.925229490705416 ], [ -46.907407636063446, -22.925217400967444 ], [ -46.907474936061313, -22.925207112671803 ], [ -46.90754240817072, -22.925197634816428 ], [ -46.907609885325776, -22.925188517999565 ], [ -46.90767780352828, -22.925182194590924 ], [ -46.907746028589308, -22.925180562120918 ], [ -46.907814143478873, -22.92518254221898 ], [ -46.90788235644375, -22.925185785054463 ], [ -46.907950535267027, -22.925186590661493 ], [ -46.908018462293363, -22.925180898974499 ], [ -46.908085500854725, -22.92516916905646 ], [ -46.90815185342209, -22.925154377775076 ], [ -46.908159185041839, -22.925155553588198 ], [ -46.908225924596302, -22.925168383860235 ], [ -46.908289971269475, -22.925189823248768 ], [ -46.908350273903501, -22.925219432984434 ], [ -46.908411750532188, -22.925246771536067 ], [ -46.908476579490781, -22.925266666649591 ], [ -46.908541867934076, -22.925284931138513 ], [ -46.908606770973968, -22.925304373896921 ], [ -46.908673213174332, -22.9253189229035 ], [ -46.908741138865103, -22.925324606427093 ], [ -46.908809248747311, -22.925326225025692 ], [ -46.908877456713846, -22.92532910636049 ], [ -46.908945378615755, -22.925334518996014 ], [ -46.909013170141336, -22.925342099932873 ], [ -46.909081171158043, -22.925347421276282 ], [ -46.909149304476571, -22.925344976765949 ], [ -46.909216003776187, -22.925331986506361 ], [ -46.909278767364391, -22.925307758336292 ], [ -46.909337892027047, -22.925276261089248 ], [ -46.909396932492001, -22.925244493989027 ], [ -46.909456138735713, -22.925213086001168 ], [ -46.909511570609702, -22.925176216208236 ], [ -46.909560634672403, -22.925132381022667 ], [ -46.909606197119913, -22.925085337804287 ], [ -46.909650703302169, -22.925037494745549 ], [ -46.909694395602884, -22.924988939213094 ], [ -46.909738006234655, -22.924940294370824 ], [ -46.909785767725985, -22.924895301131166 ], [ -46.90984062664581, -22.924857715873138 ], [ -46.909898680817214, -22.924824425677695 ], [ -46.909956163491593, -22.924790510366435 ], [ -46.910014218869918, -22.924757310398807 ], [ -46.910075155610386, -22.924728950955185 ], [ -46.910139158515079, -22.924707145161523 ], [ -46.910205427666078, -22.924692173484843 ], [ -46.910272989742197, -22.924683415662578 ], [ -46.91034110494229, -22.924679706933027 ], [ -46.910409352420274, -22.924679698133787 ], [ -46.910477473338247, -22.924682128435272 ], [ -46.910545686024705, -22.924685370138448 ], [ -46.910613884783089, -22.924687618880665 ], [ -46.910682127190505, -22.924687248897897 ], [ -46.910750161995239, -22.924683540960729 ], [ -46.910817725280197, -22.924674873175611 ], [ -46.910883405117502, -22.92465801239808 ], [ -46.910945002316552, -22.924630908625829 ], [ -46.911002237173157, -22.924596544528175 ], [ -46.911056196317176, -22.924557886324905 ], [ -46.911107541723048, -22.92451628027553 ], [ -46.911157338493986, -22.924473158066732 ], [ -46.911209908417945, -22.924432891470406 ], [ -46.911269279662712, -22.924401841985503 ], [ -46.911331870260895, -22.924376802591464 ], [ -46.911392394528441, -22.924347725377665 ], [ -46.911450613879204, -22.924314793782962 ], [ -46.911512046253463, -22.92428742094382 ], [ -46.911576715727072, -22.924267321918627 ], [ -46.911640885210858, -22.924245964945396 ], [ -46.911703141502187, -22.924220026620997 ], [ -46.911766395173778, -22.92419642358578 ], [ -46.911832153741322, -22.924179471203697 ], [ -46.911898422398053, -22.924164498848857 ], [ -46.911963932211201, -22.924147007719686 ], [ -46.912029101510321, -22.924128166440497 ], [ -46.912094525844545, -22.924110315162046 ], [ -46.912160202680617, -22.924093273351076 ], [ -46.912226047845806, -22.924076771176139 ], [ -46.91229265309267, -22.924062877987016 ], [ -46.912360214655273, -22.924054119305431 ], [ -46.912428321809706, -22.924049868106191 ], [ -46.91249645937711, -22.924047783271572 ], [ -46.912564688719684, -22.924046509837055 ], [ -46.912632926931657, -22.924045868238021 ], [ -46.91270118288729, -22.924046490339126 ], [ -46.912769316127438, -22.924049822339228 ], [ -46.912836950151238, -22.924057674408218 ], [ -46.912903389509594, -22.924072041123132 ], [ -46.912967747586187, -22.924092752606043 ], [ -46.913031490598286, -22.924115457670204 ], [ -46.913095698110681, -22.924136893166473 ], [ -46.913159983477527, -22.924158147133976 ], [ -46.913223957518923, -22.924180127079598 ], [ -46.913288859269386, -22.924199477649143 ], [ -46.913355673961064, -22.924211943729553 ], [ -46.913423601669486, -22.924217805805906 ], [ -46.913491862760779, -22.92421878862611 ], [ -46.913560001628397, -22.924216793596479 ], [ -46.913628205644713, -22.924213714372797 ], [ -46.9136963267472, -22.924210455556231 ], [ -46.913764525679312, -22.924207015209028 ], [ -46.913832549909834, -22.924202583841126 ], [ -46.913900293697075, -22.924195357095403 ], [ -46.913967589950978, -22.924184885578953 ], [ -46.914034541871892, -22.924172793117314 ], [ -46.914101489973113, -22.924160429829261 ], [ -46.914168614026778, -22.924149147771168 ], [ -46.914236084927118, -22.924139667134796 ], [ -46.91430365014314, -22.924131178430468 ], [ -46.914332125037404, -22.924126772371483 ], [ -46.914399867475133, -22.924119455150418 ], [ -46.914467833648445, -22.924122337022823 ], [ -46.914534349722388, -22.924136431272647 ], [ -46.914600711408852, -22.924150978763805 ], [ -46.914668207624487, -22.924160456773304 ], [ -46.914735098942081, -22.924172650497322 ], [ -46.914799462363568, -22.924193722279938 ], [ -46.914861566087772, -22.924219877061919 ], [ -46.91490265259506, -22.924237708600753 ], [ -46.914964289355147, -22.924264952352061 ], [ -46.915025609727728, -22.924292561021083 ], [ -46.915086149250911, -22.924321804153518 ], [ -46.915144722656358, -22.924354140555025 ], [ -46.915202038062603, -22.924388478305403 ], [ -46.915260453316968, -22.924420997131996 ], [ -46.915321384647484, -22.924449513188385 ], [ -46.915384112510679, -22.9244743059987 ], [ -46.915447544700768, -22.924497736060722 ], [ -46.915508786162746, -22.924525435764544 ], [ -46.915565785316211, -22.924560138316 ], [ -46.915621997282393, -22.92459602400487 ], [ -46.915680805690585, -22.924627905949947 ], [ -46.915741737192448, -22.924656421831937 ], [ -46.915802902216349, -22.924684393181408 ], [ -46.915861084231679, -22.924717456274642 ], [ -46.915911280751793, -22.924760005006426 ], [ -46.915949474445021, -22.924812178154177 ], [ -46.915971455479351, -22.924871859782765 ], [ -46.915980213219598, -22.924934409459748 ], [ -46.915985039080439, -22.924997458001446 ], [ -46.915989463086746, -22.925060511392775 ], [ -46.915992039806461, -22.925123677362052 ], [ -46.915991885141366, -22.925186966580821 ], [ -46.915989075650415, -22.925250107280601 ], [ -46.915984978930744, -22.925313173235718 ], [ -46.915982249811051, -22.925376312964708 ], [ -46.915983620957725, -22.925439493483395 ], [ -46.91599093459503, -22.925502241147342 ], [ -46.916005629817654, -22.92556399689553 ], [ -46.916026572529347, -22.925624142444054 ], [ -46.916051995809475, -22.925682789399808 ], [ -46.916077098892508, -22.925741530496488 ], [ -46.916097962565829, -22.925801767266694 ], [ -46.916122103761403, -22.925860700527338 ], [ -46.916161095251063, -22.925912412557871 ], [ -46.916210739878679, -22.925955690073707 ], [ -46.916262365915657, -22.92599695745859 ], [ -46.916312011876066, -22.926040325204184 ], [ -46.91635792734025, -22.926087078386111 ], [ -46.91639891179598, -22.92613759262764 ], [ -46.916434238074942, -22.926191605867619 ], [ -46.916465814800382, -22.926247650561837 ], [ -46.916499066682803, -22.926302772207279 ], [ -46.916536865556296, -22.926355401342324 ], [ -46.916577133157851, -22.926406375590979 ], [ -46.916616924903735, -22.926457806980704 ], [ -46.916650976822623, -22.926512648081985 ], [ -46.916675919591796, -22.926571390991235 ], [ -46.916697743076298, -22.926631254939213 ], [ -46.916723566184579, -22.926689716362986 ], [ -46.91675434450606, -22.926746131750594 ], [ -46.916788316186064, -22.926800973782441 ], [ -46.916824280709854, -22.926854618079908 ], [ -46.91686112428723, -22.926907890625547 ], [ -46.916897488195538, -22.926961349516471 ], [ -46.916932816173826, -22.927015452878351 ], [ -46.91696662852236, -22.92707038706828 ], [ -46.916999481500802, -22.927125693961738 ], [ -46.917031458023168, -22.927181553120882 ], [ -46.917061916371608, -22.927238062578351 ], [ -46.917091736841428, -22.927294940858413 ], [ -46.917125068359169, -22.927349971094355 ], [ -46.917164144867705, -22.92740195264199 ], [ -46.917205447722729, -22.927452191938592 ], [ -46.917245875394677, -22.927503073764122 ], [ -46.917283913492199, -22.927555519226715 ], [ -46.917319322163912, -22.927609621506953 ], [ -46.917353930940294, -22.927664004284377 ], [ -46.917390535109078, -22.927717369851834 ], [ -46.917428971382044, -22.927769539617543 ], [ -46.917468205068488, -22.92782124833149 ], [ -46.917507201477086, -22.92787323074462 ], [ -46.917544761355018, -22.927925952752734 ], [ -46.917581046720272, -22.92797950268093 ], [ -46.917616932787645, -22.928033237985982 ], [ -46.917655528718626, -22.928085315474721 ], [ -46.917701204237048, -22.928132071091628 ], [ -46.917754257958066, -22.928171876156675 ], [ -46.917808970325432, -22.928209584687803 ], [ -46.917862340518163, -22.928249024763243 ], [ -46.917913970480967, -22.928290472038558 ], [ -46.917964092437558, -22.928333291739204 ], [ -46.918013818911909, -22.928376567608293 ], [ -46.918063702351716, -22.928419570718649 ], [ -46.918113034646964, -22.928463393004659 ], [ -46.918161014599235, -22.928508224712413 ], [ -46.91821303772015, -22.9285490351572 ], [ -46.918273730373336, -22.928577552812456 ], [ -46.918338248213196, -22.928597989164775 ], [ -46.918401370201174, -22.928622053617367 ], [ -46.91846355315306, -22.928647935021942 ], [ -46.918529302352042, -22.928664474308892 ], [ -46.91859729491452, -22.92866906930514 ], [ -46.918665541568146, -22.928668876286459 ], [ -46.918733718020178, -22.92866940633818 ], [ -46.918801711857057, -22.928674091512192 ], [ -46.918868982089002, -22.928684473132417 ], [ -46.918935579841971, -22.928698474109346 ], [ -46.919001951748669, -22.928713561164706 ], [ -46.919068766477864, -22.928725844114453 ], [ -46.919136631398935, -22.928732787735672 ], [ -46.919204625267852, -22.928737472733847 ], [ -46.919272557848771, -22.928743512664283 ], [ -46.919340492978066, -22.92874973309717 ], [ -46.919408633608292, -22.928753423137152 ], [ -46.919476822804299, -22.928754855526183 ], [ -46.919544995457677, -22.928755114428174 ], [ -46.919613238303377, -22.928754650200982 ], [ -46.919681458240717, -22.928752561157122 ], [ -46.919749565984979, -22.928748216407161 ], [ -46.919817220946499, -22.928740265850919 ], [ -46.919884174361364, -22.928728170810249 ], [ -46.919950273111589, -22.928712474826682 ], [ -46.920015862871502, -22.928694889065419 ], [ -46.920082302175025, -22.928680543128905 ], [ -46.920149871606995, -22.928672232342876 ], [ -46.920217791801498, -22.928665993755615 ], [ -46.920285352302997, -22.928657051051381 ], [ -46.920352472733441, -22.928645405203326 ], [ -46.920419256377443, -22.928632680026507 ], [ -46.920486213485681, -22.928620855536582 ], [ -46.920553860677963, -22.928612363077725 ], [ -46.920621867550452, -22.928606574677698 ], [ -46.92068980167987, -22.928601328817024 ], [ -46.920757802170307, -22.928595089029944 ], [ -46.920825374042792, -22.928586958493575 ], [ -46.920892842611039, -22.928577204115459 ], [ -46.920960230793298, -22.928567450682056 ], [ -46.921027881733941, -22.92855922882249 ], [ -46.921095892364164, -22.928553711020061 ], [ -46.921164107033775, -22.928551260283324 ], [ -46.921232166044653, -22.928549172526768 ], [ -46.921300376884119, -22.928546450934093 ], [ -46.921368359197757, -22.928550322613255 ], [ -46.9214332601546, -22.928569398823118 ], [ -46.921491362188192, -22.928602280071761 ], [ -46.921541325829004, -22.928645190768201 ], [ -46.921582950846044, -22.928695334624098 ], [ -46.921617881785821, -22.928749622171551 ], [ -46.921649141018065, -22.928805759790009 ], [ -46.921681358398942, -22.928861434393191 ], [ -46.92171397513102, -22.92891692359014 ], [ -46.921742199330666, -22.928974452151849 ], [ -46.921764505155593, -22.929034128837358 ], [ -46.92178601108008, -22.929094086047606 ], [ -46.92180959911601, -22.92915347635444 ], [ -46.921833506124067, -22.929212682231327 ], [ -46.921856853081415, -22.929272075447191 ], [ -46.921880998709845, -22.929331097861844 ], [ -46.921905865183682, -22.929389930979795 ], [ -46.921926971912868, -22.929450073558407 ], [ -46.92194327274931, -22.929511447986535 ], [ -46.921966937491142, -22.929570566486642 ], [ -46.922007047314672, -22.929621541081364 ], [ -46.922053681637664, -22.929667742024819 ], [ -46.922096975931694, -22.929716511277562 ], [ -46.922133821065309, -22.929769692121798 ], [ -46.922163322718752, -22.929826573143327 ], [ -46.922181624169021, -22.929887291337465 ], [ -46.922182192103499, -22.929950300772951 ], [ -46.922168031047732, -22.930012044094152 ], [ -46.922148225896841, -22.930072591833056 ], [ -46.922127935932018, -22.930132964879157 ], [ -46.922110066120709, -22.930193940581805 ], [ -46.922095421490667, -22.930255599473348 ], [ -46.922082309072735, -22.930317600932618 ], [ -46.922068632745024, -22.930379518939127 ], [ -46.922052053982192, -22.930440840126302 ], [ -46.922032732256575, -22.930501472280898 ], [ -46.922016959767369, -22.930562964263391 ], [ -46.92201004893154, -22.930625793426426 ], [ -46.922008690358062, -22.930689006755003 ], [ -46.922008455766132, -22.930752116189979 ], [ -46.922009508456448, -22.930815300316123 ], [ -46.922013213538563, -22.930878452319835 ], [ -46.922021655680851, -22.930941185829059 ], [ -46.922036753707381, -22.931002755354303 ], [ -46.922058260128743, -22.931062712484309 ], [ -46.92208416683782, -22.931121171817725 ], [ -46.922114629493088, -22.931177770341982 ], [ -46.922153386248304, -22.931229664060815 ], [ -46.922202954330935, -22.931272940386293 ], [ -46.922259955414319, -22.93130745966517 ], [ -46.922321435983484, -22.931334702164634 ], [ -46.922386113843196, -22.931354954254942 ], [ -46.922452783349193, -22.931368230537387 ], [ -46.922520767072527, -22.931372101623271 ], [ -46.92258807735044, -22.931362438654805 ], [ -46.922651833386475, -22.931340179346385 ], [ -46.922710300043818, -22.931307692036167 ], [ -46.922764340982425, -22.931269209483979 ], [ -46.922817398261486, -22.9312293846145 ], [ -46.922870213107558, -22.931189472384929 ], [ -46.922921393640308, -22.931147684035849 ], [ -46.922971512686722, -22.931104734877795 ], [ -46.923022611505594, -22.931062857208044 ], [ -46.92307616107859, -22.931023748544259 ], [ -46.923132245606737, -22.930987678707201 ], [ -46.92319038283901, -22.93095465353808 ], [ -46.923250824103825, -22.930925392238439 ], [ -46.923313827106327, -22.930901065338009 ], [ -46.923379423729386, -22.930883929477034 ], [ -46.923447079408071, -22.930875977316806 ], [ -46.923515187923833, -22.930877318602594 ], [ -46.923582610008125, -22.930886974048413 ], [ -46.92364928445928, -22.930900610899229 ], [ -46.923716408014954, -22.930911894966673 ], [ -46.92378412356701, -22.930919560581724 ], [ -46.923851987120848, -22.930926321561511 ], [ -46.923919705234155, -22.930934167649085 ], [ -46.923987200084241, -22.930943280350348 ], [ -46.924054693665568, -22.930952302756562 ], [ -46.924122696305446, -22.930957527152621 ], [ -46.924190949012917, -22.930957692741966 ], [ -46.924259136651294, -22.930958942464805 ], [ -46.924326931338776, -22.930966516604169 ], [ -46.924393980964453, -22.930978252681768 ], [ -46.924460803507657, -22.93099098457666 ], [ -46.924527997316858, -22.93100154519281 ], [ -46.924595931091559, -22.931007582748819 ], [ -46.924664074096768, -22.931011360709235 ], [ -46.924732000221702, -22.931016856612199 ], [ -46.924799496416284, -22.931026059226877 ], [ -46.924866245012872, -22.931039243249828 ], [ -46.92493238507344, -22.931054872215636 ], [ -46.924998674412116, -22.931069686812069 ], [ -46.925065724124735, -22.931081422598144 ], [ -46.925133509957298, -22.931088364525891 ], [ -46.925201718059107, -22.931091058088779 ], [ -46.925269982285457, -22.931092035599917 ], [ -46.925338150817971, -22.931091930869044 ], [ -46.925406180255081, -22.931087674864809 ], [ -46.925473564084662, -22.931077558391724 ], [ -46.92554051283475, -22.931065099860312 ], [ -46.925607379918489, -22.93105255201105 ], [ -46.925673232694685, -22.931036495478217 ], [ -46.925736652434402, -22.931013245952869 ], [ -46.925798329370451, -22.930986135463705 ], [ -46.925860091762765, -22.930959385039266 ], [ -46.92592193322777, -22.930932543351346 ], [ -46.925982700421464, -22.9309036382122 ], [ -46.926043716374906, -22.930875271718751 ], [ -46.926107555719483, -22.930853280895342 ], [ -46.926173484869899, -22.930836952392767 ], [ -46.926239075900718, -22.930819454313241 ], [ -46.92630324689901, -22.930798181637464 ], [ -46.926366746778392, -22.930774930898853 ], [ -46.926430001677616, -22.93075141226635 ], [ -46.926493835782232, -22.93072906023302 ], [ -46.926558333300214, -22.930708144619135 ], [ -46.926622422534905, -22.93068678253103 ], [ -46.92668583936949, -22.930663352116195 ], [ -46.926748675672592, -22.930638664789932 ], [ -46.926811347369103, -22.930613708595189 ], [ -46.92687343725482, -22.930587405224621 ], [ -46.926934127526508, -22.930558771516573 ], [ -46.926994975966245, -22.930529955304035 ], [ -46.927057400048888, -22.93050455061816 ], [ -46.927121566915666, -22.930483006832702 ], [ -46.927186823350638, -22.930464609628817 ], [ -46.927252583735573, -22.930447741057332 ], [ -46.927318176963936, -22.930430423084086 ], [ -46.927382674190696, -22.930409507152532 ], [ -46.927443777637656, -22.930381680770942 ], [ -46.92750117474359, -22.930347579706961 ], [ -46.927558733847256, -22.930313566937222 ], [ -46.927617855822959, -22.930282063035261 ], [ -46.927675496520379, -22.930248139516085 ], [ -46.927727984122299, -22.930207958895664 ], [ -46.927774518713711, -22.930161801738574 ], [ -46.927814957438152, -22.930110933719771 ], [ -46.92785215047445, -22.93005793837267 ], [ -46.927889749189944, -22.930005208933366 ], [ -46.927929537162008, -22.929953807108085 ], [ -46.927972492942743, -22.929904714099468 ], [ -46.928018538712237, -22.929858111412507 ], [ -46.928066781402933, -22.929813377926571 ], [ -46.928114210091792, -22.929767932068206 ], [ -46.928155704948509, -22.929717863672682 ], [ -46.928190304039852, -22.929663364993107 ], [ -46.928222960059159, -22.929607896822635 ], [ -46.928256992642829, -22.929553134170401 ], [ -46.928291834056388, -22.929498722809242 ], [ -46.928326919122604, -22.929444489043359 ], [ -46.928363464959652, -22.92939123061392 ], [ -46.928402360795999, -22.929339297839736 ], [ -46.928443123106454, -22.929288606313257 ], [ -46.928484940478114, -22.92923862420616 ], [ -46.928526435044816, -22.929188555730828 ], [ -46.928566708629198, -22.929137418710166 ], [ -46.928608365162759, -22.929087438529184 ], [ -46.928655221856602, -22.929041367512923 ], [ -46.928705911072598, -22.928999131995432 ], [ -46.928757415503455, -22.928957699085725 ], [ -46.928808838250099, -22.928916176872495 ], [ -46.928860750880183, -22.928875190376729 ], [ -46.92891462441802, -22.928836437059459 ], [ -46.928972432590903, -22.928803052766188 ], [ -46.929033446922702, -22.928774685222308 ], [ -46.9290938845445, -22.92874533157471 ], [ -46.929152019241677, -22.928712304375562 ], [ -46.929211798471393, -22.928681875316293 ], [ -46.929275796949398, -22.928659881363199 ], [ -46.929342495257231, -22.928646882666513 ], [ -46.92941043133191, -22.928641813623493 ], [ -46.929478654565017, -22.928639991176514 ], [ -46.929546867561463, -22.928637446576769 ], [ -46.92961504238982, -22.92863788168448 ], [ -46.929682378088451, -22.928647174501641 ], [ -46.929748443380355, -22.928663253809567 ], [ -46.929814196145564, -22.928679968855882 ], [ -46.929880410698821, -22.928695233763328 ], [ -46.929947087038094, -22.928709048531449 ], [ -46.930013755712537, -22.928722321678102 ], [ -46.930080118255852, -22.928736681890328 ], [ -46.930146182346398, -22.928752670760854 ], [ -46.930212016844692, -22.92876947492379 ], [ -46.930277694448336, -22.928786551809438 ], [ -46.930343374625672, -22.928803809197539 ], [ -46.930408970604944, -22.928820796738623 ], [ -46.930475036044534, -22.928836875731989 ], [ -46.930541248168247, -22.92885195982225 ], [ -46.930607156726204, -22.928868311509824 ], [ -46.930672063952265, -22.928887744901829 ], [ -46.9307366663379, -22.928908355626742 ], [ -46.930801650131897, -22.928927517189209 ], [ -46.93086740440193, -22.928944322046249 ], [ -46.93093400311858, -22.928958317892462 ], [ -46.931001640037692, -22.92896616197514 ], [ -46.931069682128111, -22.928962896544302 ], [ -46.931135869944811, -22.928947917125161 ], [ -46.931199034989554, -22.928923856085728 ], [ -46.931259884252967, -22.92889521887373 ], [ -46.931321645766516, -22.92886855671933 ], [ -46.931386313797461, -22.92884844968048 ], [ -46.931453185474936, -22.928836350801308 ], [ -46.931521206988343, -22.928831640936544 ], [ -46.931589411009476, -22.928828463597235 ], [ -46.93165734701396, -22.928823393591525 ], [ -46.931725466807848, -22.928819946376414 ], [ -46.931793667271343, -22.928822185847451 ], [ -46.931861448242103, -22.928828854159242 ], [ -46.931929100486073, -22.928837781031074 ], [ -46.931996220857243, -22.92884888108938 ], [ -46.932062817043267, -22.928862695926469 ], [ -46.932129867305854, -22.928874519027421 ], [ -46.932197913446245, -22.928877211605645 ], [ -46.932266132821688, -22.92887511715843 ], [ -46.932333977547827, -22.928880610837602 ], [ -46.932399729371433, -22.92889723451756 ], [ -46.932464098532115, -22.928918389048132 ], [ -46.932526517295358, -22.928943720219934 ], [ -46.932579011396378, -22.928983436591007 ], [ -46.932617295410076, -22.929035784735412 ], [ -46.932652628682391, -22.929089793855237 ], [ -46.932690912756172, -22.929142141977241 ], [ -46.932730231471417, -22.929193755241805 ], [ -46.932770505735846, -22.929244724892161 ], [ -46.932815711966079, -22.929292023234222 ], [ -46.932866630839314, -22.929334015700885 ], [ -46.932918422325692, -22.9293751849942 ], [ -46.932966329333546, -22.929420193373822 ], [ -46.933009947430577, -22.92946886520723 ], [ -46.933050063698445, -22.929520017260508 ], [ -46.933089382663411, -22.929571630416941 ], [ -46.933131010723606, -22.929621680662123 ], [ -46.933174308731111, -22.929670446621827 ], [ -46.933217211306939, -22.929719668788561 ], [ -46.933259874073229, -22.929768984143642 ], [ -46.933304126413162, -22.929817016190345 ], [ -46.933349412115319, -22.929864223107128 ], [ -46.93339271412551, -22.929913259790855 ], [ -46.933432829392139, -22.929964321460616 ], [ -46.933472627037418, -22.93001565783015 ], [ -46.933513937727199, -22.93006598266555 ], [ -46.933555645192975, -22.930115941530929 ], [ -46.933597274879219, -22.930166081892601 ], [ -46.933638584380731, -22.930216316423156 ], [ -46.933679656635597, -22.930266824673993 ], [ -46.933717940169984, -22.930319082225935 ], [ -46.933751122067818, -22.930374381193957 ], [ -46.933779430629627, -22.930431815991518 ], [ -46.933805102238416, -22.930490366282751 ], [ -46.933832612231825, -22.930548171921075 ], [ -46.933867308536165, -22.930602549596475 ], [ -46.933909494706455, -22.930652231673651 ], [ -46.933955972423718, -22.930698430771081 ], [ -46.934003483505286, -22.930743804732927 ], [ -46.934048214837766, -22.930791559854583 ], [ -46.934088649557189, -22.930842436870336 ], [ -46.934127969317643, -22.930894049708158 ], [ -46.934169280528735, -22.930944374332803 ], [ -46.934213613959642, -22.930992405091423 ], [ -46.934261441601762, -22.931037413982587 ], [ -46.934311888307121, -22.931080043635141 ], [ -46.934363599242396, -22.931121123087145 ], [ -46.934416659911527, -22.931161012418379 ], [ -46.93447074624914, -22.931199535016066 ], [ -46.93452672827182, -22.931235687185463 ], [ -46.934585623919538, -22.931267560619666 ], [ -46.934647967596327, -22.93129316262403 ], [ -46.934713718250052, -22.931309604710666 ], [ -46.934781566778526, -22.931315277781817 ], [ -46.934849686345956, -22.931311738880972 ], [ -46.934916900816908, -22.931301078805696 ], [ -46.934982830114208, -22.931284836964732 ], [ -46.935047413098516, -22.93126436831697 ], [ -46.935110829758365, -22.931241024881039 ], [ -46.935173581584706, -22.931216154754811 ], [ -46.935236000339721, -22.931190476139676 ], [ -46.935298092437698, -22.931164440361588 ], [ -46.935360183227296, -22.931138314295655 ], [ -46.935422518965574, -22.93111245606168 ], [ -46.93548452676329, -22.931086150400152 ], [ -46.935545292983157, -22.93105733199706 ], [ -46.935603098953621, -22.93102385507763 ], [ -46.935656809157869, -22.930985011248868 ], [ -46.93570773782281, -22.93094277066168 ], [ -46.935757773350176, -22.93089990898838 ], [ -46.935809357782873, -22.930858563180504 ], [ -46.935863801500702, -22.930820432586643 ], [ -46.935918656044777, -22.930782928929418 ], [ -46.935969832092326, -22.930741136651914 ], [ -46.936014409202656, -22.930693195488228 ], [ -46.936058745158107, -22.930645257255367 ], [ -46.936108534206305, -22.930602037366153 ], [ -46.936159138520274, -22.930559620043447 ], [ -46.936207299477019, -22.930514975496834 ], [ -46.936254560879298, -22.930469258543212 ], [ -46.936302233107781, -22.930424168529829 ], [ -46.936351858681022, -22.930380770005026 ], [ -46.936404095998533, -22.93034013830243 ], [ -46.936457639814456, -22.930300935134547 ], [ -46.936462260448678, -22.930297989773297 ], [ -46.936518422426161, -22.930262004746993 ], [ -46.936574014049889, -22.930225484977562 ], [ -46.93662894852617, -22.930187980121122 ], [ -46.93668339173859, -22.930149849277001 ], [ -46.936737998236211, -22.930111896984577 ], [ -46.936794407602576, -22.930076360252755 ], [ -46.936854105094497, -22.930045929374963 ], [ -46.936914295075859, -22.930016214711273 ], [ -46.936969148994905, -22.929978710729198 ], [ -46.937016005512376, -22.929932817950618 ], [ -46.9370583900577, -22.929883368512417 ], [ -46.937085296352755, -22.929870400820437 ], [ -46.937145486202049, -22.929840686077171 ], [ -46.937204439591881, -22.929808819667901 ], [ -46.937263063751338, -22.929776415572643 ], [ -46.937324824288432, -22.929749751136711 ], [ -46.937389490361184, -22.929729551419545 ], [ -46.937454827660872, -22.929711329658129 ], [ -46.937519576635083, -22.929691309439242 ], [ -46.937582498276598, -22.929667158592128 ], [ -46.937643593865495, -22.929638967384239 ], [ -46.93770444188327, -22.929610327773322 ], [ -46.93776603379218, -22.929583123548785 ], [ -46.937828286650493, -22.929557175160998 ], [ -46.93789087382541, -22.929532125474687 ], [ -46.937953790179172, -22.929507613429447 ], [ -46.9380161169126, -22.92948121266625 ], [ -46.938078124694606, -22.929454996335924 ], [ -46.938122198818185, -22.929428276736029 ], [ -46.938179263353028, -22.929393634350834 ], [ -46.938236161970949, -22.929358632850199 ], [ -46.93829281686773, -22.92932345374577 ], [ -46.938349224188585, -22.929287826242948 ], [ -46.938405141527191, -22.929251663021923 ], [ -46.938460812574327, -22.929215141668191 ], [ -46.938516236044741, -22.929178171917052 ], [ -46.938571252476024, -22.929140845997171 ], [ -46.938626185932634, -22.929103340511929 ], [ -46.938681037699581, -22.929065745726373 ], [ -46.938735806491664, -22.929027971375668 ], [ -46.938760345030865, -22.929006816800676 ], [ -46.938811192873288, -22.928964666570593 ], [ -46.938864736706556, -22.928925552933304 ], [ -46.938919504103978, -22.928887688260957 ], [ -46.93897116972402, -22.928846521081056 ], [ -46.939019001208379, -22.92880142837933 ], [ -46.939068218288639, -22.928757672946119 ], [ -46.939123317336595, -22.928720526402845 ], [ -46.939181612613886, -22.928687674261031 ], [ -46.939239005759127, -22.92865356919291 ], [ -46.939292794318945, -22.928614723275235 ], [ -46.939341684606575, -22.928570610635369 ], [ -46.939385611675561, -22.928522315438933 ], [ -46.939428237315987, -22.928472952767006 ], [ -46.939471918061699, -22.928424299437051 ], [ -46.939515357657307, -22.928375649043385 ], [ -46.939557250848843, -22.928325663327275 ], [ -46.939598659200577, -22.928275502965231 ], [ -46.939641285974723, -22.928226230510109 ], [ -46.939684967853189, -22.928177667395623 ], [ -46.939728324351805, -22.928128837405261 ], [ -46.939771031407432, -22.928079563938546 ], [ -46.939812925703052, -22.928029668430746 ], [ -46.939854412960869, -22.927979416765627 ], [ -46.939867360731654, -22.927957230049572 ], [ -46.939899687382876, -22.927901583217164 ], [ -46.939931367169152, -22.927845673443652 ], [ -46.939962074742461, -22.927789233864111 ], [ -46.939990031617008, -22.927731563971939 ], [ -46.940013140390953, -22.927672147720745 ], [ -46.940031889735579, -22.927611430542417 ], [ -46.940049427046894, -22.92755027677395 ], [ -46.940067771927879, -22.927489383974915 ], [ -46.940087247153528, -22.927428838480388 ], [ -46.940107690691491, -22.927368551989975 ], [ -46.94012837661657, -22.927308352815388 ], [ -46.94014865809126, -22.927247978021274 ], [ -46.940167164927729, -22.927187173514454 ], [ -46.940183492694629, -22.92712576367779 ], [ -46.940200223596364, -22.92706443919268 ], [ -46.940220829071841, -22.927004240992282 ], [ -46.94024506799952, -22.926945172022819 ], [ -46.940271003726217, -22.926886714272968 ], [ -46.940276670270158, -22.926872561229825 ], [ -46.940298728817659, -22.926812796662187 ], [ -46.94031562166959, -22.926751560468755 ], [ -46.940329128592886, -22.926689643419834 ], [ -46.940344246804926, -22.926627977514833 ], [ -46.940362429429889, -22.926566996392761 ], [ -46.940382389226357, -22.926506625508164 ], [ -46.940403882504121, -22.926446687278364 ], [ -46.940427071291168, -22.926387270002675 ], [ -46.940451470782058, -22.926328199045965 ], [ -46.940475144334904, -22.926268956399756 ], [ -46.940497121058478, -22.926209102530596 ], [ -46.940518935734922, -22.926149160359547 ], [ -46.940542044058397, -22.926089744054437 ], [ -46.940566523826632, -22.926030672102474 ], [ -46.940591813722733, -22.925972041646194 ], [ -46.940617668772376, -22.925913584838462 ], [ -46.940643764916153, -22.925855125079782 ], [ -46.94067018638404, -22.925796932182045 ], [ -46.940697657805387, -22.925739087566232 ], [ -46.940726826009474, -22.925681854165251 ], [ -46.940759313858422, -22.925626295503434 ], [ -46.940794394147581, -22.925572149628518 ], [ -46.940830607326923, -22.925518531578859 ], [ -46.940866011620123, -22.925464562290212 ], [ -46.940899551910192, -22.925409532419643 ], [ -46.940930825056142, -22.92535335661707 ], [ -46.940961288033421, -22.925296739312959 ], [ -46.940992479473117, -22.925240474218885 ], [ -46.941024724718453, -22.925184828197931 ], [ -46.941058102853091, -22.925129710001865 ], [ -46.941093261990524, -22.925075472826947 ], [ -46.941130125617605, -22.925022388449584 ], [ -46.941166987930373, -22.92496921380042 ], [ -46.941200608358606, -22.924914182896863 ], [ -46.941230343937661, -22.924857303603762 ], [ -46.941257166841929, -22.924799105717533 ], [ -46.941282535329627, -22.924740383930981 ], [ -46.941308551910261, -22.924682015337609 ], [ -46.941335457695523, -22.924623996988405 ], [ -46.941360988150024, -22.924565363491659 ], [ -46.941383529427512, -22.924505683182471 ], [ -46.941403488531684, -22.924445312206505 ], [ -46.941422155256305, -22.924384505631814 ], [ -46.941441547875144, -22.924323870738704 ], [ -46.941463604288018, -22.924264015789628 ], [ -46.941488731491134, -22.92420529692825 ], [ -46.941516767453187, -22.924147625854467 ], [ -46.941546666067971, -22.924090925081213 ], [ -46.9415772101963, -22.924034396969212 ], [ -46.941603146165598, -22.923976029323605 ], [ -46.94161600678359, -22.923913939538387 ], [ -46.941622265444046, -22.923851117977787 ], [ -46.941638754290075, -22.923789796338404 ], [ -46.941661134600899, -22.923730117967526 ], [ -46.941681334603629, -22.923669744018184 ], [ -46.941694922359744, -22.923607916175825 ], [ -46.941699328607015, -22.923544846429166 ], [ -46.941696660996165, -22.923481772926536 ], [ -46.941690778587237, -22.923418738745319 ], [ -46.941683933032436, -22.923355806624436 ], [ -46.941676527469802, -22.923293061913334 ], [ -46.941667996736818, -22.923230330963399 ], [ -46.941655456524899, -22.923168281017233 ], [ -46.941636664202598, -22.923107481187007 ], [ -46.941615471097059, -22.923047432961805 ], [ -46.941596117511189, -22.922986730269351 ], [ -46.94157452517058, -22.922926867479948 ], [ -46.941545336323792, -22.922869806012795 ], [ -46.941510718387285, -22.922815338794241 ], [ -46.941476419385197, -22.922760687104464 ], [ -46.941445392409669, -22.922704370338518 ], [ -46.941414686939709, -22.922648049632855 ], [ -46.941380307652445, -22.922593398898538 ], [ -46.941342579888435, -22.922540684996324 ], [ -46.941303817642257, -22.922488705978498 ], [ -46.941266648665945, -22.922435714379173 ], [ -46.941232030960364, -22.922381247081763 ], [ -46.941199487452714, -22.922325671044149 ], [ -46.941168461987345, -22.92226944447135 ], [ -46.941139112729033, -22.922212384869123 ], [ -46.941111761153806, -22.922154488307633 ], [ -46.941087047641744, -22.92209556639672 ], [ -46.941065694227476, -22.922035520028771 ], [ -46.941048905159818, -22.92197424420047 ], [ -46.941037888544031, -22.921911904703542 ], [ -46.941033133018962, -22.921848946968286 ], [ -46.941031991539461, -22.921785764482991 ], [ -46.941032216338115, -22.921722565292097 ], [ -46.941035655901537, -22.921659326794845 ], [ -46.941045295455446, -22.921596825017367 ], [ -46.941060737005046, -22.921535335667173 ], [ -46.941080855377223, -22.921474872500411 ], [ -46.941102752139813, -22.921415109832324 ], [ -46.941123597658176, -22.921354908612447 ], [ -46.941145332362467, -22.921295057640723 ], [ -46.941176119808311, -22.92123870720058 ], [ -46.941220287706813, -22.921190589242958 ], [ -46.941271051629442, -22.921148439420787 ], [ -46.941303191904488, -22.921119337167255 ], [ -46.941351673290448, -22.921074958217421 ], [ -46.941399174783363, -22.921029507869655 ], [ -46.94144594520801, -22.920983524765731 ], [ -46.941493121303779, -22.920937807530347 ], [ -46.941541927897205, -22.920893695393371 ], [ -46.941593506873296, -22.920852348036256 ], [ -46.941648027975468, -22.920814395344628 ], [ -46.941704022698957, -22.920778320505541 ], [ -46.941752884586975, -22.920749374776967 ], [ -46.941810190883722, -22.920715089473834 ], [ -46.941866922990947, -22.920679998649192 ], [ -46.941923161276627, -22.920644101320637 ], [ -46.941979157139805, -22.920608116658418 ], [ -46.942035806214228, -22.920572846232361 ], [ -46.942093770750056, -22.920539636149538 ], [ -46.942152965232758, -22.920508126332194 ], [ -46.942211174676039, -22.920475184055178 ], [ -46.942267741975904, -22.920439824272023 ], [ -46.942323737658562, -22.92040383949935 ], [ -46.942379976989628, -22.920368032288675 ], [ -46.942434824288938, -22.920330436479198 ], [ -46.942487053439102, -22.920289622584789 ], [ -46.942539040165919, -22.92024872136038 ], [ -46.942593477807712, -22.920210588829548 ], [ -46.942648571235416, -22.920173351063106 ], [ -46.942702028951082, -22.920134147121694 ], [ -46.942753605988067, -22.920092709162894 ], [ -46.942803960737834, -22.920050112498668 ], [ -46.942852765291704, -22.920005909740084 ], [ -46.94289693348253, -22.919957881641732 ], [ -46.942935657770612, -22.919905767248292 ], [ -46.942973978902934, -22.919853567500098 ], [ -46.943015462677394, -22.91980331521097 ], [ -46.943057678744673, -22.919753685914188 ], [ -46.943097377629854, -22.919702281803691 ], [ -46.943131321448362, -22.919647517459669 ], [ -46.943156931999887, -22.919588973037815 ], [ -46.943179633843307, -22.919529380846505 ], [ -46.943205567113502, -22.919470922749191 ], [ -46.943229480871814, -22.919411767121964 ], [ -46.943244436468419, -22.919350103000532 ], [ -46.943253591426036, -22.919287516789925 ], [ -46.943263308950179, -22.919224923693179 ], [ -46.943274073820085, -22.919162498337773 ], [ -46.943282987655891, -22.919099915076931 ], [ -46.943290692111901, -22.919037075776526 ], [ -46.943299847038531, -22.918974489563841 ], [ -46.943312061068099, -22.918912227029846 ], [ -46.943327822838093, -22.918850733595999 ], [ -46.943347134919009, -22.918790189791224 ], [ -46.943370724474121, -22.918730857555545 ], [ -46.943398679591105, -22.918673277492619 ], [ -46.94342897949749, -22.918616661810571 ], [ -46.94343657552789, -22.918602575342039 ], [ -46.943467199448321, -22.918546136249063 ], [ -46.943497985366598, -22.918489785448838 ], [ -46.943529173096003, -22.918433429725095 ], [ -46.943561738629477, -22.918377869655398 ], [ -46.943596006009116, -22.91832328183337 ], [ -46.943629705642863, -22.918268339833027 ], [ -46.943660409783099, -22.918211899727389 ], [ -46.943690467100957, -22.918155196693565 ], [ -46.943723842615881, -22.918100078083413 ], [ -46.943761026252396, -22.91804707958055 ], [ -46.94379999338399, -22.917995142602461 ], [ -46.943825150014206, -22.917961159966715 ], [ -46.943866553857241, -22.917910998753786 ], [ -46.943914219316078, -22.917865906860992 ], [ -46.943965713494045, -22.917824379300686 ], [ -46.944018433747374, -22.917784281202252 ], [ -46.944075823738515, -22.917750355268996 ], [ -46.944139398336254, -22.917727367816145 ], [ -46.944204397106702, -22.917708425524815 ], [ -46.944267143519454, -22.917683732833623 ], [ -46.944322974232605, -22.917647568896683 ], [ -46.944370639444074, -22.917602476882124 ], [ -46.944412934736874, -22.917552846308592 ], [ -46.944458318707149, -22.917505615474347 ], [ -46.944509325225916, -22.917463732602837 ], [ -46.944563352937195, -22.917425153095508 ], [ -46.944618033855001, -22.917387287815501 ], [ -46.944671081647208, -22.917347636909682 ], [ -46.944721923441897, -22.917305485151971 ], [ -46.944773174766944, -22.917263870046661 ], [ -46.944827037723542, -22.917225021633705 ], [ -46.944882782573607, -22.917188497446389 ], [ -46.94493934909476, -22.917153227103451 ], [ -46.944988478558805, -22.91710938091315 ], [ -46.945037444681589, -22.917065356149074 ], [ -46.945086410772632, -22.917021331371838 ], [ -46.945135457198056, -22.916977305596909 ], [ -46.945184261204759, -22.916933192497719 ], [ -46.945232901870241, -22.916888900825132 ], [ -46.945281541215287, -22.916844518874854 ], [ -46.945330019796607, -22.916800138880873 ], [ -46.945378578712258, -22.916755757889387 ], [ -46.94542721796217, -22.916711375900313 ], [ -46.945475859758062, -22.916667174427715 ], [ -46.945524903351739, -22.916622968018583 ], [ -46.94557387170336, -22.916579123639863 ], [ -46.945623081120843, -22.916535276293693 ], [ -46.945672455105083, -22.916491697758801 ], [ -46.945721991078166, -22.916448207505582 ], [ -46.945771284633217, -22.916404629928646 ], [ -46.945820086938802, -22.916360426394512 ], [ -46.945867992299085, -22.916315331033907 ], [ -46.945914679251551, -22.916269347787217 ], [ -46.945961119919104, -22.916223006424676 ], [ -46.946008373235493, -22.916177287053937 ], [ -46.946057014651579, -22.916133085426541 ], [ -46.946107203609238, -22.916090309306547 ], [ -46.946158859742845, -22.916048959677504 ], [ -46.946211906554929, -22.916009308317083 ], [ -46.946266341467343, -22.915971174694509 ], [ -46.946322084115067, -22.915934559793417 ], [ -46.94637889469189, -22.915899556832393 ], [ -46.946436690254515, -22.915865986266077 ], [ -46.946495307494153, -22.915833669534283 ], [ -46.94655466475681, -22.915802517356589 ], [ -46.946614680388485, -22.915772440452663 ], [ -46.946675192369831, -22.915743350527556 ], [ -46.946736195543188, -22.915714886521972 ], [ -46.94679761341277, -22.915687320214634 ], [ -46.946859363034775, -22.915660472061028 ], [ -46.946921526064912, -22.915634431340003 ], [ -46.946984022138764, -22.915609199036417 ], [ -46.94704701069773, -22.9155846829143 ], [ -46.947110171571637, -22.91556097717956 ], [ -46.947173827512032, -22.915538168154562 ], [ -46.947237816499594, -22.915516167545054 ], [ -46.947302056880098, -22.915494886071517 ], [ -46.947366381473948, -22.915473874381611 ], [ -46.94743062310085, -22.915452683123323 ], [ -46.947494610709413, -22.915430592151051 ], [ -46.947558018967804, -22.915407334614077 ], [ -46.947620595167777, -22.915382101088742 ], [ -46.947681933611364, -22.915354625711082 ], [ -46.947741865824788, -22.915324368866557 ], [ -46.947800153291276, -22.915291514043577 ], [ -46.947857043555636, -22.915256509609602 ], [ -46.947912707669495, -22.915220075711364 ], [ -46.947967551328126, -22.915182478214565 ], [ -46.948021820787432, -22.915144075220717 ], [ -46.948075845249463, -22.915105404374277 ], [ -46.948129790605897, -22.915066824761951 ], [ -46.948183896660787, -22.915028243161238 ], [ -46.948238005265594, -22.91498984207319 ], [ -46.948292192913428, -22.914951349717992 ], [ -46.948346218509876, -22.914912769053782 ], [ -46.948400080764301, -22.914874009816145 ], [ -46.948453698021247, -22.914834982726777 ], [ -46.948507149354569, -22.914795596535217 ], [ -46.948560031650054, -22.914755765907938 ], [ -46.948612503055323, -22.91471530834394 ], [ -46.948664157874646, -22.914673957981055 ], [ -46.948714835378766, -22.914631716792591 ], [ -46.948764450039562, -22.914588224707444 ], [ -46.948812519669865, -22.914543487644426 ], [ -46.948859122052625, -22.914497324089439 ], [ -46.948903772419477, -22.914449559432619 ], [ -46.948946228386916, -22.914400106370106 ], [ -46.94898673621335, -22.914349323002675 ], [ -46.949025293317874, -22.914297028802608 ], [ -46.949061906157169, -22.914243675094017 ], [ -46.949096656388235, -22.914189351156285 ], [ -46.949129704741232, -22.914134055017612 ], [ -46.949161296183782, -22.914078054513272 ], [ -46.949191349061969, -22.914021260365939 ], [ -46.94922018999862, -22.913964029688664 ], [ -46.949247979723268, -22.913906360509042 ], [ -46.949275039693333, -22.913848248881543 ], [ -46.949301534511278, -22.913789963627114 ], [ -46.949327545833007, -22.913731594023997 ], [ -46.949353555842848, -22.913673134153225 ], [ -46.949379486759383, -22.913614765530404 ], [ -46.949405658747011, -22.913556393944823 ], [ -46.949432073096723, -22.913498109660903 ], [ -46.949458487425474, -22.91343982537375 ], [ -46.94948506246083, -22.913381539110183 ], [ -46.949511719130157, -22.913323342121277 ], [ -46.949538457433398, -22.913265234407007 ], [ -46.949565356442804, -22.913207124716152 ], [ -46.949592176358607, -22.913149106273096 ], [ -46.949619155689014, -22.913090995588856 ], [ -46.94964613628941, -22.913032975165766 ], [ -46.949673115577028, -22.912974864474741 ], [ -46.949700176498176, -22.912916843058177 ], [ -46.949727157034417, -22.912858822624859 ], [ -46.94975405589441, -22.912800712910332 ], [ -46.94978103638794, -22.912742692470253 ], [ -46.949807936496747, -22.912684673013498 ], [ -46.949834835292755, -22.912626563288825 ], [ -46.94986173406744, -22.912568453560777 ], [ -46.949888713184038, -22.912510342842598 ], [ -46.949915693570794, -22.912452322385548 ], [ -46.949942592281438, -22.912394212647367 ], [ -46.949969652988614, -22.912336191196744 ], [ -46.949996713674352, -22.91227816974272 ], [ -46.950023533249443, -22.912220151245695 ], [ -46.950050351511685, -22.912162042480791 ], [ -46.950076765354432, -22.912103758117663 ], [ -46.950102773486492, -22.91204520789195 ], [ -46.95012821776573, -22.911986574306589 ], [ -46.950153016538302, -22.911927768084144 ], [ -46.950177167221632, -22.911868608695801 ], [ -46.950200349656853, -22.911809190353893 ], [ -46.950222642916238, -22.911749421807315 ], [ -46.950243807204345, -22.911689396281627 ], [ -46.950263679213727, -22.911628935221941 ], [ -46.950282420963092, -22.91156812691932 ], [ -46.950299711003325, -22.911506975321771 ], [ -46.950316034095408, -22.911445655037067 ], [ -46.950331388948889, -22.911384075800939 ], [ -46.950345937581844, -22.91132232590417 ], [ -46.950359761649594, -22.911260494624532 ], [ -46.950373181311171, -22.911198487749783 ], [ -46.950386278221288, -22.911136394557587 ], [ -46.950399214396889, -22.911074303338602 ], [ -46.950411991130004, -22.911012304357357 ], [ -46.950424927286491, -22.910950213136974 ], [ -46.950438105811962, -22.910888209219525 ], [ -46.950451526706097, -22.910826292604952 ], [ -46.950465429763341, -22.910764370067763 ], [ -46.950480058653106, -22.910702619175964 ], [ -46.950495333012306, -22.910641040916428 ], [ -46.950511654650484, -22.910579630354054 ], [ -46.950528864133979, -22.910518479727127 ], [ -46.950547203839498, -22.910457676338954 ], [ -46.950566913559662, -22.910397126963701 ], [ -46.950587995876404, -22.910337012129972 ], [ -46.950610532441758, -22.910277421114866 ], [ -46.950634843409546, -22.910218259705196 ], [ -46.950661338338058, -22.910160064552148 ], [ -46.950690096294736, -22.910102744403208 ], [ -46.950721686269006, -22.910046743670382 ], [ -46.950755867172852, -22.909992065313453 ], [ -46.950792397918832, -22.909938712292259 ], [ -46.950830630443804, -22.909886331444259 ], [ -46.950870081284684, -22.909834838426722 ], [ -46.950910502895766, -22.909783784877707 ], [ -46.95095133274534, -22.909733177706812 ], [ -46.950992487887596, -22.909682837371918 ], [ -46.951033967030263, -22.909632673608304 ], [ -46.951075688519516, -22.909582597138431 ], [ -46.95111757328587, -22.909532699213912 ], [ -46.951159458022111, -22.909482801280145 ], [ -46.951201344020461, -22.909432993601683 ], [ -46.951243147042959, -22.909383006372284 ], [ -46.951284788020494, -22.909332930843881 ], [ -46.951326266953188, -22.909282767016602 ], [ -46.951367500895316, -22.909232335348928 ], [ -46.951408250055621, -22.909181729067694 ], [ -46.951448673864562, -22.909130855933995 ], [ -46.951488852683447, -22.909079714960583 ], [ -46.951529113126398, -22.909028663255814 ], [ -46.951569780514987, -22.90897796766324 ], [ -46.951611421253716, -22.908927892063598 ], [ -46.951654360663468, -22.90887870329961 ], [ -46.951699008303422, -22.908830938019541 ], [ -46.951745689494373, -22.908784863065229 ], [ -46.951794488474299, -22.908740748240803 ], [ -46.951845324882036, -22.908698594531906 ], [ -46.951897711381832, -22.908658046804426 ], [ -46.951951325237864, -22.908619018742929 ], [ -46.952006001850933, -22.90858124152809 ], [ -46.952061496260946, -22.90854444732847 ], [ -46.952117811053803, -22.908508816672093 ], [ -46.95217741264284, -22.908478201297189 ], [ -46.952241648859626, -22.908456918089044 ], [ -46.952308334460056, -22.908443910538974 ], [ -46.952376151360497, -22.908436937837596 ], [ -46.952444259759424, -22.908433482457337 ], [ -46.952512476959441, -22.908432011877817 ], [ -46.952580633190706, -22.908431896223561 ], [ -46.95264881269528, -22.908433405299824 ], [ -46.952717011596164, -22.90843626831311 ], [ -46.952785071760353, -22.908440667768208 ], [ -46.952852993190177, -22.908446603665151 ], [ -46.952920775887939, -22.908454076003959 ], [ -46.952988257841184, -22.908462996496535 ], [ -46.95305567625411, -22.908473091385318 ], [ -46.953122784872647, -22.908484002577335 ], [ -46.953189899967022, -22.908495365062219 ], [ -46.953257013776877, -22.908506637253545 ], [ -46.95332428443642, -22.908517636645861 ], [ -46.953391543462239, -22.908527823629388 ], [ -46.953459109708774, -22.90853701372184 ], [ -46.953526815984631, -22.908544757577896 ], [ -46.95359473876718, -22.908550783415919 ], [ -46.953662795105565, -22.908554911695553 ], [ -46.953730914986771, -22.908557865520365 ], [ -46.953799038750176, -22.908561090108826 ], [ -46.953867110619832, -22.908566301472447 ], [ -46.953934517473904, -22.908575583600545 ], [ -46.954000726555357, -22.908591019494459 ], [ -46.954063680844719, -22.908614891470403 ], [ -46.954120995411387, -22.908649034480725 ], [ -46.954170009300199, -22.908692849309745 ], [ -46.954209806192139, -22.908744090232922 ], [ -46.954239954514257, -22.908800686121527 ], [ -46.954261790627712, -22.908860544091766 ], [ -46.954278744159204, -22.908921816341142 ], [ -46.954294335454442, -22.908983376190537 ], [ -46.954310086193644, -22.909044843794945 ], [ -46.954325997671219, -22.909106309418632 ], [ -46.954342229315252, -22.909167680819454 ], [ -46.954358620403916, -22.909228959975046 ], [ -46.954375252592833, -22.9092902361608 ], [ -46.954392127176597, -22.909351599640946 ], [ -46.954409159911407, -22.909412780611298 ], [ -46.954426512814216, -22.909473867358297 ], [ -46.954444106818464, -22.909534951135047 ], [ -46.954461940630104, -22.909595941677129 ], [ -46.954479854821095, -22.909656931226721 ], [ -46.954498169542667, -22.909717825563515 ], [ -46.954516564644052, -22.909778718907649 ], [ -46.95453527991527, -22.90983951802777 ], [ -46.954554234995214, -22.909900223912736 ], [ -46.954573269161102, -22.909960838540506 ], [ -46.954592624792141, -22.910021449208241 ], [ -46.954612139871053, -22.910081967629583 ], [ -46.95463197641579, -22.910142482090659 ], [ -46.954651892047245, -22.910202905294209 ], [ -46.954672209506782, -22.910263323548193 ], [ -46.95469260605347, -22.910323650544488 ], [ -46.95471340183979, -22.910383792062333 ], [ -46.954734758884364, -22.910443836387579 ], [ -46.954756595531421, -22.910503694244809 ], [ -46.954779312296132, -22.910563270423747 ], [ -46.9548027497503, -22.910622657166531 ], [ -46.954827226753125, -22.910681669987543 ], [ -46.954852743305651, -22.910740308886179 ], [ -46.954879298114214, -22.910798483597638 ], [ -46.954907212627923, -22.910856190164374 ], [ -46.954936484258553, -22.910913248057035 ], [ -46.954967273731462, -22.91096965529627 ], [ -46.954999819544696, -22.911025228384702 ], [ -46.9550351547541, -22.911079142081789 ], [ -46.955074637749249, -22.91113083798141 ], [ -46.955118890711702, -22.911178863937273 ], [ -46.955168620068136, -22.911222037605548 ], [ -46.955223729915659, -22.91125927679942 ], [ -46.955283248133227, -22.911290051801281 ], [ -46.955346209072218, -22.911314284215997 ], [ -46.955411801331209, -22.911331442349553 ], [ -46.955479213506699, -22.911340994509288 ], [ -46.955547390516102, -22.911342231444191 ], [ -46.955615218932159, -22.911335979386763 ], [ -46.955682156932596, -22.911323689493443 ], [ -46.95574790248989, -22.911306719688081 ], [ -46.955812476323963, -22.911286514200249 ], [ -46.955876378740079, -22.911264330792367 ], [ -46.955939862481657, -22.911240978874069 ], [ -46.956003267133028, -22.911217718185846 ], [ -46.956066838963061, -22.911194906815151 ], [ -46.95613065962997, -22.911172634036092 ], [ -46.956194893745511, -22.911151168661185 ], [ -46.956259297632833, -22.911130333131219 ], [ -46.956323954246244, -22.911110306984387 ], [ -46.956389023015177, -22.911090997976146 ], [ -46.956454186379439, -22.911072680858595 ], [ -46.956519844854888, -22.911055260417083 ], [ -46.956585759948133, -22.911038920149526 ], [ -46.956652010726721, -22.911023568801252 ], [ -46.956718440355729, -22.911009479144592 ], [ -46.956785208264932, -22.91099655893461 ], [ -46.956852314455894, -22.910984808170831 ], [ -46.956919519140271, -22.910974320087625 ], [ -46.956987058221344, -22.910964730657199 ], [ -46.957054529890399, -22.910956044830645 ], [ -46.957122251708043, -22.910947987854069 ], [ -46.957189979996684, -22.910940382169933 ], [ -46.957257712164392, -22.91093304724988 ], [ -46.957325525980799, -22.910925801575111 ], [ -46.9573933397877, -22.910918555871859 ], [ -46.957461068037361, -22.910910950074079 ], [ -46.957528710729285, -22.910902984181909 ], [ -46.957596344335307, -22.910894386412501 ], [ -46.957663808130661, -22.910885158747195 ], [ -46.957731096928008, -22.910874940129702 ], [ -46.957798210725961, -22.910863730560372 ], [ -46.957865227291599, -22.910851348520556 ], [ -46.957931743517143, -22.910837708700171 ], [ -46.957998080848427, -22.910822807136753 ], [ -46.958063913945814, -22.910806377001634 ], [ -46.958129404827929, -22.910788506577983 ], [ -46.958194561274404, -22.910769737450952 ], [ -46.958259470130749, -22.910750519950621 ], [ -46.958324539690437, -22.910731300443064 ], [ -46.95838969737386, -22.910712621503652 ], [ -46.958455192049541, -22.910695021743727 ], [ -46.95852127258685, -22.91067903977417 ], [ -46.958587869003459, -22.910665398697859 ], [ -46.958655154998169, -22.910654999172511 ], [ -46.958722982824611, -22.91064874582003 ], [ -46.958791211224941, -22.910647994582785 ], [ -46.958859053455704, -22.910653928804802 ], [ -46.958925643711503, -22.910667823086595 ], [ -46.958989302192109, -22.910690239830359 ], [ -46.959049606340216, -22.910719739770418 ], [ -46.959106610575091, -22.910754516637578 ], [ -46.959160772418578, -22.910792849469761 ], [ -46.959212720493952, -22.910833737433954 ], [ -46.959263245444511, -22.9108762679774 ], [ -46.959312817763127, -22.910919622776259 ], [ -46.95936215421834, -22.910963341587852 ], [ -46.959411727897617, -22.911006786615033 ], [ -46.959462172611836, -22.91104931807703 ], [ -46.959513883681339, -22.911090479695051 ], [ -46.959567179957695, -22.911130086973454 ], [ -46.959621658332395, -22.911168054604829 ], [ -46.959677164569875, -22.911204835891429 ], [ -46.959733536647327, -22.911240342551604 ], [ -46.959790539967599, -22.911275028879743 ], [ -46.959848175828071, -22.911308985139179 ], [ -46.959905965950007, -22.911342488071991 ], [ -46.959963994589359, -22.911375807478208 ], [ -46.960021863829994, -22.911409219108794 ], [ -46.960079577566553, -22.911442993755898 ], [ -46.960136896011228, -22.911477224659336 ], [ -46.960194136718158, -22.911511637059839 ], [ -46.960251929601668, -22.911545320381968 ], [ -46.960310664786832, -22.911577457289344 ], [ -46.960370812759699, -22.9116072294531 ], [ -46.960432762344396, -22.911633729271799 ], [ -46.960496111726002, -22.911656961704018 ], [ -46.960560863497506, -22.911677107276354 ], [ -46.960626378652627, -22.911694444716453 ], [ -46.960692742744222, -22.911709334087334 ], [ -46.960759557853557, -22.911722051141147 ], [ -46.960826748810099, -22.911732957925626 ], [ -46.960894239145219, -22.911742326224605 ], [ -46.96096195239079, -22.911750427822017 ], [ -46.961029650055849, -22.911757446222712 ], [ -46.961097574524452, -22.911763468713534 ], [ -46.961165644133899, -22.911768406022794 ], [ -46.961233700756011, -22.911772440663231 ], [ -46.961301902515878, -22.911775390122088 ], [ -46.961370089986417, -22.911777346648293 ], [ -46.961438343528393, -22.911778309249399 ], [ -46.961506502415801, -22.911778279910639 ], [ -46.961574727371648, -22.911777256646932 ], [ -46.961642858969213, -22.911775331707581 ], [ -46.961711057931652, -22.911772503107379 ], [ -46.961779164832457, -22.911768863095705 ], [ -46.961847179670457, -22.911764411672781 ], [ -46.961915267067226, -22.911759417644834 ], [ -46.961983264998025, -22.911753792733652 ], [ -46.962051095698776, -22.91174771846006 ], [ -46.962119081917258, -22.911741281116523 ], [ -46.962186820542279, -22.911734395403773 ], [ -46.962254544861821, -22.911726516759945 ], [ -46.962322087651494, -22.911717195851875 ], [ -46.962389200024219, -22.911705894075826 ], [ -46.962455796415895, -22.911692251370209 ], [ -46.96252162923772, -22.911675819395889 ], [ -46.962586448300527, -22.911655969286521 ], [ -46.962649766227706, -22.911632345947282 ], [ -46.962710933618524, -22.911604506006618 ], [ -46.96276946179659, -22.911572004107466 ], [ -46.962824792124046, -22.911535117997357 ], [ -46.962876687412823, -22.911494121451149 ], [ -46.962925155462443, -22.911449556055302 ], [ -46.962968986943189, -22.911401165921362 ], [ -46.963006082045638, -22.911348254769297 ], [ -46.963033946955676, -22.911290672869889 ], [ -46.963049136524404, -22.911229185052598 ], [ -46.963051442186902, -22.911166050895904 ], [ -46.963042182253446, -22.911103511101405 ], [ -46.963024024278916, -22.911042616051812 ], [ -46.96300082303631, -22.910983137535936 ], [ -46.962976343829453, -22.91092421649093 ], [ -46.962955383657089, -22.910864078305092 ], [ -46.962943957935728, -22.910801836108693 ], [ -46.962944013531818, -22.910738729759565 ], [ -46.962952757276668, -22.910676147981697 ], [ -46.962967945536555, -22.910614569906073 ], [ -46.962987648327612, -22.910553929106882 ], [ -46.963010662822768, -22.91049442101027 ], [ -46.96303634352666, -22.910435873033951 ], [ -46.963063884222407, -22.910378114582521 ], [ -46.963092476094211, -22.910320794533263 ], [ -46.9631218754568, -22.910263735338077 ], [ -46.963152245632074, -22.910207115537503 ], [ -46.963184154348276, -22.910151289232743 ], [ -46.963217923048646, -22.910096252449357 ], [ -46.963253962638639, -22.910042632066091 ], [ -46.963292597161377, -22.909990604635457 ], [ -46.96333358293117, -22.909939992608393 ], [ -46.963376601102752, -22.909890980484743 ], [ -46.963421407991468, -22.909843390715796 ], [ -46.963467921935255, -22.909797134029727 ], [ -46.963515820189286, -22.909752124135423 ], [ -46.963564939430604, -22.909708182491137 ], [ -46.963614631569989, -22.909664955989129 ], [ -46.963664729383495, -22.909621995296973 ], [ -46.963714828465712, -22.909579124854787 ], [ -46.96376451790892, -22.909535717784138 ], [ -46.963813150924935, -22.909491511243392 ], [ -46.963860641950973, -22.909446145171927 ], [ -46.963906341598168, -22.909399176201507 ], [ -46.963949846762844, -22.909350519038497 ], [ -46.963991320768692, -22.909300352224729 ], [ -46.964031332644794, -22.909249120124304 ], [ -46.96407012867671, -22.909197180812072 ], [ -46.964108355652165, -22.90914479712977 ], [ -46.964146502238556, -22.909092414433818 ], [ -46.964184161430332, -22.909039676638287 ], [ -46.964220848463356, -22.908986409179093 ], [ -46.964255833590343, -22.908932169682775 ], [ -46.964288712409044, -22.908876782592209 ], [ -46.964318921097934, -22.90882016460213 ], [ -46.964346621681308, -22.908762403989808 ], [ -46.964371897123954, -22.908703680290039 ], [ -46.964395151831788, -22.908644169061638 ], [ -46.964416309349659, -22.908584142090692 ], [ -46.964435771481234, -22.908523594408067 ], [ -46.964453860970174, -22.908462612302181 ], [ -46.964470500059996, -22.908401377294926 ], [ -46.964486251273208, -22.908339882428844 ], [ -46.964501356992052, -22.908278214985955 ], [ -46.964516059598381, -22.908216462248266 ], [ -46.964530683134498, -22.908154800767448 ], [ -46.964545466078448, -22.908093047033994 ], [ -46.964560894492287, -22.908031465875247 ], [ -46.964576969676116, -22.907970147554888 ], [ -46.964594090826303, -22.907908906575141 ], [ -46.964612261844366, -22.907848013727165 ], [ -46.964631560486751, -22.907787287489082 ], [ -46.964652233035125, -22.907727085933637 ], [ -46.964674358546461, -22.907667317802598 ], [ -46.964698099039289, -22.907608071371179 ], [ -46.964723455812681, -22.907549436902588 ], [ -46.964750671244545, -22.907491501677736 ], [ -46.964779746633845, -22.907434355959637 ], [ -46.964811004717681, -22.90737808603479 ], [ -46.964844693077666, -22.90732314023866 ], [ -46.964880811711595, -22.907269518569869 ], [ -46.96491952523963, -22.907217489829968 ], [ -46.964960999583269, -22.907167413083972 ], [ -46.965005071419824, -22.907119109790685 ], [ -46.965051014911687, -22.907072408368297 ], [ -46.965098423056858, -22.907026952731304 ], [ -46.965146646474544, -22.906982299513565 ], [ -46.96519552054226, -22.90693817991157 ], [ -46.965244473636112, -22.906893969038435 ], [ -46.965293023600921, -22.906849672860016 ], [ -46.965341491873588, -22.90680528739928 ], [ -46.965390202493403, -22.906760989206386 ], [ -46.965439239723665, -22.906717048078008 ], [ -46.96548892890506, -22.906673730827464 ], [ -46.96553959667974, -22.906631394531438 ], [ -46.965591243047747, -22.906590039188984 ], [ -46.965643953574443, -22.906550024859666 ], [ -46.965697970638743, -22.906511438822626 ], [ -46.965753296844319, -22.906474461603988 ], [ -46.96581001385244, -22.906439182471527 ], [ -46.965868046511922, -22.90640596347323 ], [ -46.965927396125956, -22.906374894871316 ], [ -46.965988061394405, -22.906345886400455 ], [ -46.966049637921202, -22.906318762504984 ], [ -46.966112041443729, -22.906293253387215 ], [ -46.966174942716975, -22.906268821442715 ], [ -46.966238258779391, -22.906245287138137 ], [ -46.966301823706438, -22.906222291407634 ], [ -46.966365389912305, -22.90619938591685 ], [ -46.966428956095044, -22.906176480402028 ], [ -46.966492602613364, -22.906153573868288 ], [ -46.966556088391144, -22.906130669300303 ], [ -46.966619734863173, -22.906107762718449 ], [ -46.966683465577411, -22.9060851259086 ], [ -46.966747279231889, -22.906062668606943 ], [ -46.966811015109577, -22.906040392803479 ], [ -46.966875078910867, -22.906018564313918 ], [ -46.966939225653206, -22.905996915332135 ], [ -46.967003540905147, -22.905975805917585 ], [ -46.967068023364853, -22.905955145806363 ], [ -46.96713267303285, -22.9059349349982 ], [ -46.967197405643439, -22.905914903697091 ], [ -46.967262223802045, -22.905895232430282 ], [ -46.967327126206463, -22.905875830933937 ], [ -46.967392029893169, -22.905856519675957 ], [ -46.967457095579213, -22.905837296665606 ], [ -46.967522083492057, -22.905818255152539 ], [ -46.967587150440401, -22.905799122354999 ], [ -46.967652055348815, -22.905779901259297 ], [ -46.96771703798958, -22.905760498615496 ], [ -46.967781853378384, -22.90574064661919 ], [ -46.967846422459289, -22.905720436529844 ], [ -46.967910903342613, -22.90569968582928 ], [ -46.967974970685056, -22.905678127709312 ], [ -46.968038866863843, -22.905655849447101 ], [ -46.968102267838539, -22.905632674498438 ], [ -46.968165333021624, -22.905608510608953 ], [ -46.968227818730682, -22.905583180239084 ], [ -46.968289723661272, -22.905556593125997 ], [ -46.968351129473675, -22.90552883853826 ], [ -46.968412126951733, -22.905500637589569 ], [ -46.968473206064708, -22.90547252588685 ], [ -46.968534615707739, -22.905445042023924 ], [ -46.968596686438346, -22.905418813861864 ], [ -46.968659748814858, -22.905394469261136 ], [ -46.96872373160587, -22.905372641061629 ], [ -46.968788719083179, -22.905353599056738 ], [ -46.968854712553785, -22.905337433508617 ], [ -46.968921387981595, -22.905323967872942 ], [ -46.968988587261506, -22.90531338466803 ], [ -46.969056307790034, -22.905305503365771 ], [ -46.969124229442542, -22.90530041821356 ], [ -46.969192435188923, -22.905298308741791 ], [ -46.969260621855867, -22.90530044262475 ], [ -46.969328246502457, -22.90530818078954 ], [ -46.969394606778224, -22.905322976420194 ], [ -46.969458809626296, -22.905344208632695 ], [ -46.969521382351886, -22.905369433338382 ], [ -46.969583251437818, -22.905396020938777 ], [ -46.969645510599527, -22.905421791159071 ], [ -46.969709329994473, -22.905444291935918 ], [ -46.969774691359099, -22.905462259578169 ], [ -46.969841278471797, -22.905476059124751 ], [ -46.969908461504843, -22.905486601182631 ], [ -46.969976248279728, -22.905494427332521 ], [ -46.970044010275956, -22.905500538445981 ], [ -46.970112076750347, -22.905505472117575 ], [ -46.970180134095692, -22.905509773915028 ], [ -46.970248260060039, -22.905513262314646 ], [ -46.970316372979411, -22.905515848049706 ], [ -46.970384632264079, -22.905517438863136 ], [ -46.970452873282163, -22.905517765958127 ], [ -46.97052109603176, -22.905516829334836 ], [ -46.970589297901405, -22.905514448466398 ], [ -46.970657399835652, -22.905510714613481 ], [ -46.970725326693895, -22.905505989827294 ], [ -46.97079332085395, -22.905500361380525 ], [ -46.970861224208186, -22.905494011794271 ], [ -46.970929040670597, -22.90548721185915 ], [ -46.970996854513807, -22.905480231368585 ], [ -46.971064668347722, -22.905473250849532 ], [ -46.971132488698103, -22.905466721619295 ], [ -46.971200577522843, -22.905462084901441 ], [ -46.971268797602839, -22.905460967432177 ], [ -46.971336771953396, -22.905465089203151 ], [ -46.971404259508205, -22.905474453206168 ], [ -46.97147092056764, -22.905487799742627 ], [ -46.971536979241279, -22.905503952396174 ], [ -46.971602414645766, -22.905521466952319 ], [ -46.971667855287095, -22.905539342533988 ], [ -46.971733525267922, -22.905556402724024 ], [ -46.9717998107105, -22.905571559373321 ], [ -46.971866623420183, -22.90558427189837 ], [ -46.971933884340999, -22.905594631559794 ], [ -46.972001515722823, -22.905602819881761 ], [ -46.972069520173967, -22.905609017390852 ], [ -46.972137497206717, -22.905613319338819 ], [ -46.972205691810139, -22.905615993522844 ], [ -46.972273865519284, -22.905617223463011 ], [ -46.97234210130199, -22.905617188688446 ], [ -46.97241032010426, -22.90561598046046 ], [ -46.972478527148517, -22.905613959832753 ], [ -46.97254664207545, -22.905611127803351 ], [ -46.972614829518456, -22.905607753166667 ], [ -46.972682851014817, -22.905604019443423 ], [ -46.972750950250706, -22.905600104166517 ], [ -46.972819048174046, -22.905596098597286 ], [ -46.972887148703641, -22.905592273525855 ], [ -46.972955253146118, -22.905588719215572 ], [ -46.973023364114709, -22.9055856161931 ], [ -46.973091565887458, -22.905583234250255 ], [ -46.973159779413898, -22.905581664648416 ], [ -46.973228008614861, -22.905581178177567 ], [ -46.973296253491966, -22.905581774837529 ], [ -46.973364354637425, -22.905583546888231 ], [ -46.973432550513735, -22.905586310807891 ], [ -46.973500755537486, -22.905589706541402 ], [ -46.973568807686803, -22.90559364582224 ], [ -46.973636865064925, -22.905597946126925 ], [ -46.973704923751846, -22.905602336665449 ], [ -46.973773060185003, -22.905606545649306 ], [ -46.973841112341134, -22.905610484812254 ], [ -46.973909237014894, -22.90561388136727 ], [ -46.973977352540402, -22.905616646049673 ], [ -46.974045537967648, -22.905618687597535 ], [ -46.974113790681294, -22.905619825484258 ], [ -46.974182030321941, -22.905620060708603 ], [ -46.974250255581012, -22.905619303007391 ], [ -46.974318462535244, -22.905617281590892 ], [ -46.974386489159421, -22.905613908193697 ], [ -46.974454576525545, -22.905609179819486 ], [ -46.974522399277447, -22.905602829674226 ], [ -46.974590036463326, -22.905594766496179 ], [ -46.974657488080688, -22.905584990285757 ], [ -46.974724514360744, -22.905573594303739 ], [ -46.97479143934823, -22.905560755081048 ], [ -46.97485786255902, -22.905546567876744 ], [ -46.97492402768048, -22.905531210220666 ], [ -46.97498985566083, -22.905514773375682 ], [ -46.975055089732081, -22.905496177180904 ], [ -46.975118736825628, -22.905473447836627 ], [ -46.975178988521328, -22.905443809168318 ], [ -46.975232759826547, -22.905405132835362 ], [ -46.975275369058451, -22.905356032592564 ], [ -46.975304602824579, -22.905299063800101 ], [ -46.975321721435975, -22.905238002530478 ], [ -46.975327882613492, -22.905175091376929 ], [ -46.975325120163873, -22.905112020358146 ], [ -46.975318021023398, -22.905049183828162 ], [ -46.975311240706382, -22.904986162773227 ], [ -46.975306147906508, -22.904923120731738 ], [ -46.975297524614668, -22.904860483711321 ], [ -46.975279204235491, -22.904799772867985 ], [ -46.97524721337448, -22.904744107111252 ], [ -46.975205579069112, -22.904694068312732 ], [ -46.975158303500343, -22.904648523344694 ], [ -46.975107302168091, -22.904606545589051 ], [ -46.975053058523002, -22.904568219310576 ], [ -46.974996053399309, -22.904533448248078 ], [ -46.974936689888374, -22.904502317666552 ], [ -46.974875604307286, -22.90447436825475 ], [ -46.974814987818377, -22.904445510190641 ], [ -46.974809030809084, -22.904433757632152 ], [ -46.974918336328038, -22.904372723901567 ], [ -46.975119966986853, -22.904260256439233 ], [ -46.9752233567676, -22.90411822506497 ], [ -46.975252647867158, -22.90411515244649 ], [ -46.975322937774102, -22.904090534861883 ], [ -46.975586496389553, -22.903953282386073 ], [ -46.975777713459067, -22.903804470745865 ], [ -46.975981058944498, -22.903666251286239 ], [ -46.976115641556888, -22.903563734910257 ], [ -46.976227639170531, -22.903494451421839 ], [ -46.976369181810554, -22.90339527888052 ], [ -46.976449089750908, -22.903402138979462 ], [ -46.976536892606021, -22.903365927773145 ], [ -46.976599183691818, -22.90329410274035 ], [ -46.97671702826544, -22.9032123778893 ], [ -46.976826427692941, -22.903169036547524 ], [ -46.976936435656214, -22.903167667510225 ], [ -46.977093334156812, -22.903201916854833 ], [ -46.977228920234708, -22.903246271779029 ], [ -46.977358592930734, -22.903276345760023 ], [ -46.977501706501975, -22.903274473946325 ], [ -46.977637024641595, -22.903222774527919 ], [ -46.977777674859745, -22.903189606174848 ], [ -46.977922120437569, -22.903168758724203 ], [ -46.97806305133934, -22.903132787968161 ], [ -46.978346437890835, -22.903066243867972 ], [ -46.978477244166413, -22.903008280394523 ], [ -46.978610354005554, -22.902953989582127 ], [ -46.97874466121398, -22.902899142072386 ], [ -46.978840478565999, -22.902866982661696 ], [ -46.978917354509747, -22.902914143905075 ], [ -46.978962959277212, -22.9029885076623 ], [ -46.979005361230698, -22.903119065080464 ], [ -46.979039759097226, -22.903268500311061 ], [ -46.97907283935217, -22.903321623847471 ], [ -46.979101813569883, -22.90335764545069 ], [ -46.979149127391331, -22.903378091056847 ], [ -46.979199103436557, -22.903382614308256 ], [ -46.979262474958496, -22.903374241245661 ], [ -46.979299756789814, -22.903351387426891 ], [ -46.979339089717023, -22.903276055729673 ], [ -46.979376622587296, -22.903242816639619 ], [ -46.979435343781063, -22.90321861228993 ], [ -46.979548159175152, -22.90319472689588 ], [ -46.979681225622578, -22.903170679325012 ], [ -46.979995919355005, -22.903129291204266 ], [ -46.980157810609562, -22.903130974681368 ], [ -46.980221670775698, -22.903139657948678 ], [ -46.980259119030706, -22.903144878715189 ], [ -46.980273050817623, -22.903146781463327 ], [ -46.980402592952537, -22.903184438013621 ], [ -46.980533763673066, -22.90329547123816 ], [ -46.980542958016422, -22.903303210904227 ], [ -46.980546619945038, -22.903306325023458 ], [ -46.980594382058896, -22.90340187699147 ], [ -46.980607295308793, -22.903427835257112 ], [ -46.980889818132958, -22.903257537943741 ], [ -46.981339217262637, -22.902984164833882 ], [ -46.981780290334363, -22.902735269824582 ], [ -46.982461169974833, -22.90238019193686 ], [ -46.982800204843699, -22.902227721995615 ], [ -46.983458991356919, -22.901939903045275 ], [ -46.983932292186161, -22.901757767782279 ], [ -46.984591815177247, -22.901542971043973 ], [ -46.98497165897794, -22.901428174974626 ], [ -46.985509130407472, -22.901281886723339 ], [ -46.985901752421832, -22.901183720721814 ], [ -46.986728796475361, -22.901026676238473 ], [ -46.987109162258641, -22.900975515464115 ], [ -46.987434798106293, -22.900935510871811 ], [ -46.988027624772862, -22.900870946600762 ], [ -46.990520002429712, -22.900687165626319 ], [ -46.991293284264188, -22.900635675555097 ], [ -46.992160231615728, -22.900570187599556 ], [ -46.993193467141836, -22.900499629497578 ], [ -46.994207925595312, -22.900420182272118 ], [ -46.994768519262209, -22.900366740907788 ], [ -46.995367187293759, -22.900289978840114 ], [ -46.995743656088884, -22.90023658963851 ], [ -46.996102961355142, -22.900174658176731 ], [ -46.996741252772381, -22.900054239919122 ], [ -46.997434478468627, -22.899887447451245 ], [ -46.998153567432723, -22.899686833366438 ], [ -46.999599313909187, -22.89924866683101 ], [ -47.000859160737917, -22.898854357135303 ], [ -47.002533653302081, -22.898451742509383 ], [ -47.003066660530521, -22.898343098894465 ], [ -47.003944558647369, -22.898182256110971 ], [ -47.00466459145737, -22.897998032324601 ], [ -47.005482006022021, -22.89763752632636 ], [ -47.006423018397548, -22.896981960509343 ], [ -47.00666260740492, -22.896811402738638 ], [ -47.005344087764669, -22.896483885624853 ], [ -47.004124689025289, -22.896106016535828 ], [ -47.003645482633473, -22.895992170436386 ], [ -47.000796939456656, -22.895106321601006 ], [ -46.999278903305935, -22.894710599098396 ], [ -46.998589579753748, -22.894516504953447 ], [ -46.994527335932887, -22.893124259383637 ], [ -46.99078038636226, -22.891948868003812 ], [ -46.99218328954538, -22.888976635422427 ], [ -46.991934156181493, -22.888452980037115 ], [ -46.992285939586338, -22.888356666534229 ], [ -46.993874282093905, -22.888268316230583 ], [ -46.993865127803296, -22.888081824462379 ], [ -46.994057439614174, -22.887961326826897 ], [ -46.994910169739669, -22.887583731537418 ], [ -46.994990740741954, -22.887548053641765 ], [ -46.996025127048355, -22.887530100963669 ], [ -46.996465632243847, -22.887511297120621 ], [ -46.996602611754746, -22.887437443565652 ], [ -46.996846754683339, -22.887306090092398 ], [ -46.996959096485604, -22.887141183597048 ], [ -46.99708391973504, -22.886956078297867 ], [ -46.997146001749051, -22.886799838031354 ], [ -46.997278187772963, -22.886799350604935 ], [ -46.997564841796667, -22.886239991615497 ], [ -46.998544005460751, -22.884328848255166 ], [ -46.993719019504773, -22.881090284683506 ], [ -46.993066189886981, -22.880655110374683 ], [ -46.993745780485632, -22.879423578435212 ], [ -46.991996461230279, -22.877856955561811 ], [ -46.991760023637845, -22.877584927518367 ], [ -46.99105679475479, -22.876992747360372 ], [ -46.990143468483183, -22.87618724573715 ], [ -46.989834266064918, -22.875713267711344 ], [ -46.989532304311368, -22.875096376546438 ], [ -46.988603204097508, -22.873504277841821 ], [ -46.988261652018494, -22.873070333132841 ], [ -46.988106717896166, -22.872765862263631 ], [ -46.988002208150867, -22.872657479486048 ], [ -46.987919545925955, -22.872609220386927 ], [ -46.987769935836106, -22.872565499590859 ], [ -46.987535319729922, -22.872505688086555 ], [ -46.987356727463741, -22.872430550795574 ], [ -46.987046378354535, -22.872229856113965 ], [ -46.986785490287737, -22.872065286518517 ], [ -46.986408785771623, -22.871793737665246 ], [ -46.985702897086576, -22.871119950933892 ], [ -46.985548007940096, -22.870972743288341 ], [ -46.985463599428741, -22.87088162185357 ], [ -46.985359540609245, -22.870831642290248 ], [ -46.985156454812191, -22.870768273595992 ], [ -46.984973225641944, -22.870727678045615 ], [ -46.98463139753364, -22.870632817542898 ], [ -46.984413420475569, -22.870578661651173 ], [ -46.984185462507575, -22.870451413300113 ], [ -46.98338721546542, -22.869951020819183 ], [ -46.983084674791861, -22.869778206951015 ], [ -46.982831802795239, -22.869600620327638 ], [ -46.982732585397741, -22.869518709868103 ], [ -46.982687814368006, -22.869445690191025 ], [ -46.98264807757036, -22.869381816251863 ], [ -46.982702216925276, -22.869281021238734 ], [ -46.98278097786212, -22.869116181854626 ], [ -46.983007536886433, -22.86872677990802 ], [ -46.98317448741799, -22.868255244367933 ], [ -46.983356325347266, -22.86780194007174 ], [ -46.98337570917721, -22.867637299243988 ], [ -46.983448625446272, -22.867175241864341 ], [ -46.983446979550301, -22.866608216382811 ], [ -46.983460508774904, -22.866123426880641 ], [ -46.983330026503204, -22.865492916342021 ], [ -46.983404420399914, -22.86464570774519 ], [ -46.983407264665423, -22.864404445188693 ], [ -46.983396461364286, -22.864335516005085 ], [ -46.983444092728419, -22.864140820916575 ], [ -46.983591693217747, -22.863322040204576 ], [ -46.983607630118968, -22.862986452729633 ], [ -46.983382069729892, -22.862320564228789 ], [ -46.983228880694455, -22.861863402281692 ], [ -46.982166082445325, -22.861876107396753 ], [ -46.981539363274877, -22.861930319306893 ], [ -46.980297917158175, -22.861774247405599 ], [ -46.98020970643983, -22.861785998521068 ], [ -46.979854309644494, -22.861767671740779 ], [ -46.978862738207361, -22.861677813152038 ], [ -46.97923587014008, -22.860596584469821 ], [ -46.979714115391189, -22.859605951921019 ], [ -46.980244998911289, -22.858223029339122 ], [ -46.980472923139828, -22.857712187872618 ], [ -46.981166313646725, -22.856777194216257 ], [ -46.981392792795134, -22.856416414638606 ], [ -46.981762335369446, -22.855710338455232 ], [ -46.981516603387853, -22.855474609032036 ], [ -46.981158832219286, -22.85509185432154 ], [ -46.98055822578641, -22.854179470695534 ], [ -46.979894463291068, -22.85318833354739 ], [ -46.979187632236453, -22.852062940779312 ], [ -46.978758499619467, -22.851305954161134 ], [ -46.978660873351949, -22.850827781744165 ], [ -46.978379248396585, -22.850059480077658 ], [ -46.978170778075665, -22.849410701803034 ], [ -46.978052462160178, -22.849145846592116 ], [ -46.977932966635279, -22.848993765595836 ], [ -46.977262553253489, -22.848639351516493 ], [ -46.976704888134712, -22.848364786044076 ], [ -46.976056933634332, -22.847918543570348 ], [ -46.975665800154395, -22.84755957090643 ], [ -46.9752226771324, -22.847171901361982 ], [ -46.974897473890451, -22.846866366614105 ], [ -46.974729423950336, -22.846594993350767 ], [ -46.974599096715693, -22.846365583513712 ], [ -46.974346751246323, -22.84607593560062 ], [ -46.974051894277459, -22.845774175266961 ], [ -46.973444368620875, -22.845494798806165 ], [ -46.973066003441311, -22.845334908910967 ], [ -46.974482754358576, -22.844345293594561 ], [ -46.975320984309207, -22.844011690341379 ], [ -46.97538455917342, -22.843985893765336 ], [ -46.977076873120993, -22.84329933773947 ], [ -46.980274535382378, -22.842244299698137 ], [ -46.977652206448681, -22.836103098473618 ], [ -46.971152964392502, -22.836870819552143 ], [ -46.971852398123275, -22.835526641544785 ], [ -46.969947194811034, -22.835611255162444 ], [ -46.969711597754461, -22.835857746534224 ], [ -46.968495841265096, -22.835859519965052 ], [ -46.967987277260377, -22.836629878073204 ], [ -46.967466953537972, -22.837413420230298 ], [ -46.961906087304811, -22.836462220337101 ], [ -46.962033816751045, -22.83421058062061 ], [ -46.962048970068842, -22.832268695479122 ], [ -46.961693607239738, -22.830209096983392 ], [ -46.961039201217581, -22.828548622201865 ], [ -46.96034573086726, -22.827339501831698 ], [ -46.959161216034232, -22.826764433336447 ], [ -46.956224493712206, -22.826134777001798 ], [ -46.951731314308326, -22.824834103108806 ], [ -46.949374769733986, -22.823683668592711 ], [ -46.945727092167147, -22.822145130802557 ], [ -46.943366656465763, -22.820821573444121 ], [ -46.937478268443606, -22.817352627034094 ], [ -46.939306123456774, -22.817634714910881 ], [ -46.941225859159424, -22.817923638555175 ], [ -46.942948863338167, -22.817734226232282 ], [ -46.943278552783653, -22.817423577340001 ], [ -46.943217045406719, -22.8167410097379 ], [ -46.943259621971301, -22.816014181548042 ], [ -46.943416115039597, -22.815304645894422 ], [ -46.944164333258279, -22.81467521567107 ], [ -46.944484442956487, -22.814492165240924 ], [ -46.944844486455487, -22.814582396701141 ], [ -46.945986094188306, -22.815642548884462 ], [ -46.946315271924092, -22.815707680586048 ], [ -46.946738243571261, -22.815504217007373 ], [ -46.947456774781188, -22.815690901342659 ], [ -46.949243995676419, -22.816747484276966 ], [ -46.949756424041446, -22.817038911396807 ], [ -46.950592971853283, -22.81722003807409 ], [ -46.951451425839132, -22.817796656860811 ], [ -46.951985190441427, -22.818113054754839 ], [ -46.952167463497126, -22.817995229430867 ], [ -46.952286356806873, -22.817690379550658 ], [ -46.95249575935987, -22.81732014184119 ], [ -46.952730595588143, -22.816766298793038 ], [ -46.953009435178892, -22.816440073547373 ], [ -46.953054316439982, -22.816130449399111 ], [ -46.952917842968802, -22.815636244423779 ], [ -46.953154247434114, -22.815413417914801 ], [ -46.953392761170186, -22.815310585160141 ], [ -46.954092964098372, -22.815513617231634 ], [ -46.954403328677586, -22.81501850753094 ], [ -46.95481573419319, -22.814453399257943 ], [ -46.955182761766459, -22.814061337345432 ], [ -46.957088606908528, -22.813918747570227 ], [ -46.958886771961936, -22.813594968117506 ], [ -46.959790971213131, -22.813328947903184 ], [ -46.96040892647288, -22.812855519881193 ], [ -46.961463993700271, -22.812032805317163 ], [ -46.961865197686457, -22.811605762212789 ], [ -46.961938564136631, -22.811240744053123 ], [ -46.961490920788087, -22.810839378419359 ], [ -46.960944905694724, -22.810728641033833 ], [ -46.960384455201897, -22.809985756875218 ], [ -46.960332714065963, -22.809529325227746 ], [ -46.960868296893963, -22.808209115605727 ], [ -46.961103165014244, -22.807590138175332 ], [ -46.961121744638909, -22.806953174396803 ], [ -46.961317845893298, -22.806633410303707 ], [ -46.961773878937578, -22.806420032103606 ], [ -46.962287073932579, -22.806053992036802 ], [ -46.962841112835335, -22.805579698069561 ], [ -46.963162176992519, -22.805343996208066 ], [ -46.963442860992885, -22.805255194779743 ], [ -46.963748458923604, -22.805466956962036 ], [ -46.964076212344082, -22.805701547470843 ], [ -46.964916330159404, -22.805819613104816 ], [ -46.965644734895271, -22.805598806378569 ], [ -46.965992610070501, -22.805349163954183 ], [ -46.966525903631833, -22.804938435582606 ], [ -46.967001411833998, -22.80477221323725 ], [ -46.967693922682315, -22.804994098266796 ], [ -46.968049409250362, -22.805477297158493 ], [ -46.968209062943963, -22.805890022901444 ], [ -46.969177101559033, -22.806326582252733 ], [ -46.970048047857716, -22.80641065675902 ], [ -46.970905775668648, -22.80689174375626 ], [ -46.97132470973709, -22.80704545101543 ], [ -46.971855967573312, -22.806477062349021 ], [ -46.972137614989052, -22.805557455723434 ], [ -46.972566800815024, -22.80467900968042 ], [ -46.97257635159265, -22.804242293474804 ], [ -46.972686514235306, -22.803502784137223 ], [ -46.972884724352987, -22.802671273317227 ], [ -46.973181558507669, -22.801722047996744 ], [ -46.973487028390011, -22.801331183659265 ], [ -46.974861977011706, -22.800401429769789 ], [ -46.975129905768462, -22.800237886185943 ], [ -46.975225752032685, -22.799804115252353 ], [ -46.974528278442413, -22.797941559765786 ], [ -46.974711579994626, -22.79686760333982 ], [ -46.975440065573977, -22.795616746340443 ], [ -46.975422344869884, -22.795068173070778 ], [ -46.974951267064576, -22.794344815904953 ], [ -46.974430585427008, -22.793564015738642 ], [ -46.974206855179702, -22.792996385329634 ], [ -46.974227355797211, -22.792482649883002 ], [ -46.974363234915117, -22.792163877245677 ], [ -46.974674614589347, -22.791881605858244 ], [ -46.975334427360231, -22.791285138202678 ], [ -46.975493168228411, -22.790491533502077 ], [ -46.975579598460349, -22.789968614250501 ], [ -46.975623039853076, -22.789593197406564 ], [ -46.97623952073539, -22.789125904634723 ], [ -46.976450612390657, -22.788825524399083 ], [ -46.976784234879176, -22.788285649455968 ], [ -46.977120688220978, -22.787866956683438 ], [ -46.977478162217814, -22.787619813857908 ], [ -46.978139906256693, -22.787553801565174 ], [ -46.978603481955368, -22.787666216782682 ], [ -46.979242550356652, -22.788073331420104 ], [ -46.980346718084547, -22.788704133511022 ], [ -46.981872624402037, -22.788906602427058 ], [ -46.983282166204177, -22.789067459571228 ], [ -46.98423189144382, -22.789155468100052 ], [ -46.984735201210661, -22.788965003780188 ], [ -46.985335045340349, -22.788914782581632 ], [ -46.985700632005631, -22.788915795685675 ], [ -46.986317805413783, -22.788716834493496 ], [ -46.987017086090255, -22.788427313190635 ], [ -46.987343806454355, -22.788340528543284 ], [ -46.987601730970411, -22.788361173420668 ], [ -46.98792647339647, -22.788515893559232 ], [ -46.988507361857366, -22.788513335931729 ], [ -46.98902987588577, -22.788612706893296 ], [ -46.989352610691682, -22.788872024442874 ], [ -46.989875818049207, -22.789550708423342 ], [ -46.990435368930974, -22.790002086467833 ], [ -46.990435382676694, -22.790001798319164 ], [ -46.990435384100465, -22.790002102805541 ], [ -46.990802792015437, -22.790257703451591 ], [ -46.991321955337526, -22.790578215341984 ], [ -46.991751763741803, -22.790750969786515 ], [ -46.99192681372697, -22.79072242142011 ], [ -46.992090885090875, -22.790640203139482 ], [ -46.992682437154883, -22.79033299205847 ], [ -46.993239891423819, -22.789989461198342 ], [ -46.993550448471204, -22.789825332085268 ], [ -46.994041023239021, -22.789725939159151 ], [ -46.994647285178914, -22.789475503918819 ], [ -46.99495912381829, -22.789311356185099 ], [ -46.995050935489481, -22.789235816930571 ], [ -46.995120889971446, -22.789076500503672 ], [ -46.995183855267896, -22.788917000658621 ], [ -46.995211934207987, -22.788722005883351 ], [ -46.995257263551203, -22.788514968603756 ], [ -46.995270856909599, -22.788389580303665 ], [ -46.99510147215527, -22.788100817662343 ], [ -46.995039751476085, -22.787810527372866 ], [ -46.994989038078629, -22.787404721598069 ], [ -46.994919285722212, -22.787186033381762 ], [ -46.994793735709891, -22.78687433248534 ], [ -46.994766108509737, -22.786691951457946 ], [ -46.994772548934428, -22.785743660671006 ], [ -46.994797392517548, -22.785447683108792 ], [ -46.994831032468483, -22.785215423441887 ], [ -46.99489911903909, -22.784983003751915 ], [ -46.995003590598955, -22.784795359172485 ], [ -46.995172412857194, -22.784653945398105 ], [ -46.995358181956256, -22.784545903582643 ], [ -46.995471155172687, -22.784484544288123 ], [ -46.995622548927052, -22.784447802011744 ], [ -46.995813086280208, -22.784419146367917 ], [ -46.996028152779303, -22.784442726431386 ], [ -46.99618584214825, -22.784540602459344 ], [ -46.99637342145251, -22.784882401577057 ], [ -46.996551664319817, -22.784941380126973 ], [ -46.996695609994191, -22.784905993975674 ], [ -46.996908686958385, -22.784737752972067 ], [ -46.997149063843374, -22.784607990206155 ], [ -46.997317282024909, -22.784546569818907 ], [ -46.997498580862199, -22.784429463328575 ], [ -46.997640201568615, -22.784284144628558 ], [ -46.997704822824367, -22.784144936229325 ], [ -46.997730526925764, -22.783980124390848 ], [ -46.997721030619388, -22.78390151930595 ], [ -46.99767905527483, -22.783847877142655 ], [ -46.997477401563387, -22.783631474066066 ], [ -46.997421661526296, -22.78344872343769 ], [ -46.997386604867067, -22.783269144397263 ], [ -46.99745543017643, -22.783104334246875 ], [ -46.997498707491964, -22.782949684531474 ], [ -46.99750116044963, -22.782721155460941 ], [ -46.997524099056548, -22.782498779706067 ], [ -46.997609632805464, -22.782213146352124 ], [ -46.997799227974788, -22.781634966777148 ], [ -46.997789960245491, -22.781511399429853 ], [ -46.997757788623275, -22.781430640760586 ], [ -46.997730806653244, -22.781342323855643 ], [ -46.997735286617477, -22.781263995094704 ], [ -46.997804490805251, -22.781026053396385 ], [ -46.998008619394284, -22.780332223659606 ], [ -46.998030947596803, -22.780216837143854 ], [ -46.998006508117946, -22.780060507675948 ], [ -46.998025984692212, -22.779914732558662 ], [ -46.998053884340024, -22.779867618122179 ], [ -46.998116809775077, -22.779816092636551 ], [ -46.998270863859005, -22.77979150262734 ], [ -46.998482827552593, -22.779701817430883 ], [ -46.998551346570665, -22.779615373682223 ], [ -46.998567161371668, -22.779444275765041 ], [ -46.998536442814121, -22.779242794848699 ], [ -46.998505008295574, -22.778689050831574 ], [ -46.998278895732199, -22.778237236619375 ] ] ] } },
{ "type": "Feature", "properties": { "APG": "Campo Grande" }, "geometry": { "type": "Polygon", "coordinates": [ [ [ -47.181552490846862, -22.911984800481925 ], [ -47.181520331206869, -22.912265173186583 ], [ -47.178215270125563, -22.911845106773573 ], [ -47.174369748181306, -22.911259050404592 ], [ -47.17127831636212, -22.91087265153546 ], [ -47.16914853219054, -22.910816090728964 ], [ -47.167730892769761, -22.91092111712679 ], [ -47.166327024285337, -22.911235373715268 ], [ -47.164678046514638, -22.911667514811803 ], [ -47.162992326568173, -22.91235777599934 ], [ -47.158042108478618, -22.915016932960128 ], [ -47.15612578372685, -22.916046252918722 ], [ -47.148285238831839, -22.920160363580994 ], [ -47.147303753868336, -22.920678717370325 ], [ -47.14670758147281, -22.920880866458141 ], [ -47.146386831001166, -22.920989739268979 ], [ -47.145247210854201, -22.921287245926287 ], [ -47.144315945360582, -22.921407704141231 ], [ -47.143563480883685, -22.921434115893341 ], [ -47.142441794932331, -22.921411073251697 ], [ -47.138855255564678, -22.920944973138962 ], [ -47.13718619710253, -22.920767227207794 ], [ -47.135779298950375, -22.920977269911965 ], [ -47.134491411752549, -22.921360378508506 ], [ -47.13357255130812, -22.921806763984563 ], [ -47.131977188370307, -22.923200169632693 ], [ -47.13103448583427, -22.924384393429573 ], [ -47.129897679006511, -22.926495343811904 ], [ -47.129141026882287, -22.928754562245373 ], [ -47.128805539382284, -22.930025776100344 ], [ -47.127780195754873, -22.93370317480894 ], [ -47.126935356398334, -22.936897354130046 ], [ -47.126498031606673, -22.938686021552552 ], [ -47.126330178502577, -22.939467690065463 ], [ -47.126268614157908, -22.939880070672345 ], [ -47.126133292454988, -22.940850605889786 ], [ -47.126060187852595, -22.941450548223415 ], [ -47.125960999999592, -22.942565999999388 ], [ -47.125955013505433, -22.943383442624089 ], [ -47.125933308632099, -22.94471598482545 ], [ -47.125850809724248, -22.950280984635857 ], [ -47.125738413486928, -22.956432073831575 ], [ -47.125708341653706, -22.956796999562282 ], [ -47.125650658959714, -22.957247152116562 ], [ -47.125517254441341, -22.957909017086308 ], [ -47.125466693238927, -22.958094754650045 ], [ -47.125388940898709, -22.958346304673423 ], [ -47.125129655519437, -22.959097241186331 ], [ -47.125390692594486, -22.95930182129857 ], [ -47.125813767008403, -22.959523907801593 ], [ -47.126095276486218, -22.95972135136639 ], [ -47.126466791789852, -22.960049746790233 ], [ -47.126814413993394, -22.960150973885916 ], [ -47.127073633255705, -22.960208249841887 ], [ -47.127329575846751, -22.960410637948765 ], [ -47.127762396962808, -22.960684856039066 ], [ -47.128080181544824, -22.960749378489812 ], [ -47.1283902111361, -22.960755056198245 ], [ -47.128841853729206, -22.960711257906748 ], [ -47.129368816828091, -22.960728193308309 ], [ -47.129628201844078, -22.960688148587419 ], [ -47.129881605188956, -22.960630670884211 ], [ -47.130279603854056, -22.960508871339037 ], [ -47.130540464120145, -22.96039884391195 ], [ -47.13066300534139, -22.960373996916637 ], [ -47.130881293964507, -22.960420442230163 ], [ -47.13120374704048, -22.960628880694404 ], [ -47.131416602875227, -22.960600562137255 ], [ -47.13168550754709, -22.960542151008823 ], [ -47.132063220907114, -22.960495817052095 ], [ -47.132532309970415, -22.960488063356124 ], [ -47.132917831558018, -22.960426998173016 ], [ -47.133128319626763, -22.960411798752517 ], [ -47.13333249797536, -22.960496615837751 ], [ -47.133993282958407, -22.961033330459919 ], [ -47.13413118913666, -22.961116601142844 ], [ -47.134377800608448, -22.961210414425341 ], [ -47.134622919867333, -22.961224536657451 ], [ -47.135045576494967, -22.9611679311842 ], [ -47.135421612166752, -22.961060858309139 ], [ -47.135663155913235, -22.96095487427872 ], [ -47.135814438202239, -22.960865993954883 ], [ -47.135966356988789, -22.960817637312488 ], [ -47.136233213323706, -22.960808083611841 ], [ -47.13668924519547, -22.960695957868595 ], [ -47.137052385395222, -22.960689347871142 ], [ -47.13744770575363, -22.960919268542273 ], [ -47.137739901204981, -22.961012822944895 ], [ -47.138397991767988, -22.961244162447546 ], [ -47.138852021762965, -22.961367668623794 ], [ -47.138938964169249, -22.961374710370038 ], [ -47.139096952581973, -22.961308485190909 ], [ -47.139444414776904, -22.961087232758398 ], [ -47.139908885427374, -22.960826937188465 ], [ -47.140167808707261, -22.960747613104523 ], [ -47.140470854602121, -22.96072853648128 ], [ -47.14080211116471, -22.960693551478816 ], [ -47.14102781612528, -22.960695107297276 ], [ -47.141245649305986, -22.960753279618274 ], [ -47.141456102391679, -22.960751249383421 ], [ -47.141561288380188, -22.960681311765992 ], [ -47.14157120038454, -22.960601106287726 ], [ -47.141534850882593, -22.960513762317007 ], [ -47.14147168012655, -22.960433551067034 ], [ -47.141291454997784, -22.960353747330799 ], [ -47.141112032036233, -22.960304444605242 ], [ -47.141070936473113, -22.96024244086712 ], [ -47.141064087989811, -22.960170044637362 ], [ -47.141074709501218, -22.960088926863886 ], [ -47.141107352734942, -22.960007331130374 ], [ -47.141196133841376, -22.959906561632785 ], [ -47.141291650320959, -22.959819964155468 ], [ -47.141532073886033, -22.959791350119481 ], [ -47.141778123646574, -22.959726911863434 ], [ -47.142199107695369, -22.959590238777395 ], [ -47.142482267700601, -22.959421665386085 ], [ -47.142738861136813, -22.959342729917054 ], [ -47.143075267698187, -22.959328704238661 ], [ -47.143689592823229, -22.959293136559168 ], [ -47.144143690944709, -22.959258018398213 ], [ -47.144568530357496, -22.959187637198998 ], [ -47.145087545681839, -22.959205801548734 ], [ -47.145537712131478, -22.95914067197964 ], [ -47.145786658312474, -22.959071494325276 ], [ -47.145978090231679, -22.95901573291729 ], [ -47.146223956682604, -22.9588278883718 ], [ -47.146439087487948, -22.958623307890921 ], [ -47.146559533702849, -22.958445736711482 ], [ -47.146618084938623, -22.958309625977098 ], [ -47.146666934202401, -22.958088610206264 ], [ -47.146662737392859, -22.957950099248229 ], [ -47.146473096103442, -22.95767101762091 ], [ -47.146405150095468, -22.957395343507962 ], [ -47.146462889240027, -22.95709576089704 ], [ -47.146660299709538, -22.956986025412519 ], [ -47.146815909547094, -22.956927588656907 ], [ -47.146946702533825, -22.956840239620412 ], [ -47.147175670523524, -22.956723034986727 ], [ -47.147444568703037, -22.956624517202261 ], [ -47.147746607046365, -22.956486371964893 ], [ -47.147985411609092, -22.956421932459545 ], [ -47.148147660596592, -22.956371619286966 ], [ -47.14826278347504, -22.956371323327492 ], [ -47.148379180647623, -22.956456768527396 ], [ -47.148445622540095, -22.95654036293104 ], [ -47.148559589000278, -22.956578809150283 ], [ -47.149062500297944, -22.956484158629209 ], [ -47.149256371743505, -22.956394869543271 ], [ -47.149437978887946, -22.956206176399554 ], [ -47.149576897166767, -22.956078634382113 ], [ -47.149934296877284, -22.956096356632397 ], [ -47.15027311736042, -22.956037327985815 ], [ -47.150470442658644, -22.955958101125464 ], [ -47.150759110961211, -22.955844144104709 ], [ -47.151010244081434, -22.955654596491172 ], [ -47.151210419872058, -22.955598078641838 ], [ -47.151411969791276, -22.955603017134941 ], [ -47.151878634555622, -22.955722884673428 ], [ -47.152370775206428, -22.955715121496894 ], [ -47.152699542701235, -22.955661098929049 ], [ -47.1531015606216, -22.955541717137482 ], [ -47.153414451772534, -22.955307635698034 ], [ -47.153684263992162, -22.955175965548971 ], [ -47.153999201412311, -22.955055958942488 ], [ -47.15419298822173, -22.955012433121592 ], [ -47.154389507336262, -22.954999291570399 ], [ -47.154611503998986, -22.954950146187741 ], [ -47.15489991093753, -22.954880960345957 ], [ -47.155250395586691, -22.954827811052844 ], [ -47.155500021769392, -22.954908912249703 ], [ -47.155824187998896, -22.954945217756659 ], [ -47.156246490077677, -22.955101513385898 ], [ -47.157175758137406, -22.95540933837955 ], [ -47.157495530434616, -22.955492912260762 ], [ -47.157841653948005, -22.955458773602484 ], [ -47.158297624072247, -22.955370600865141 ], [ -47.158607547525463, -22.955259139106303 ], [ -47.158966384618786, -22.955094111555603 ], [ -47.159325432188957, -22.954912019029795 ], [ -47.159528997303894, -22.954907260718656 ], [ -47.16048712562074, -22.955290591257413 ], [ -47.160820604903812, -22.95537658941803 ], [ -47.161052544636291, -22.955432195203823 ], [ -47.161549125123528, -22.955592699561361 ], [ -47.161653588619473, -22.955680554000754 ], [ -47.161720993242504, -22.955839415712965 ], [ -47.161888422848442, -22.95601930092684 ], [ -47.16200784733109, -22.956097472587317 ], [ -47.162153294518255, -22.956133583832514 ], [ -47.162518006479715, -22.956151087564269 ], [ -47.163049844647738, -22.956106911889918 ], [ -47.16330294829671, -22.956092896999852 ], [ -47.163586668790344, -22.95608306776866 ], [ -47.163748915194091, -22.95610883787791 ], [ -47.163857167781131, -22.956151774111746 ], [ -47.163971777382457, -22.956316309445949 ], [ -47.164097538772815, -22.956635959378119 ], [ -47.164229159393123, -22.956813532188288 ], [ -47.164515628489916, -22.956996483479745 ], [ -47.164746562422131, -22.957099760618839 ], [ -47.16498370042715, -22.95736544123157 ], [ -47.165144171573417, -22.957532057432683 ], [ -47.165513147120883, -22.957917983590537 ], [ -47.16581024476443, -22.958106744998911 ], [ -47.165947173262659, -22.958198395541704 ], [ -47.16599027723187, -22.958325269835523 ], [ -47.166034948577114, -22.95850005678988 ], [ -47.166030369242904, -22.958686981070308 ], [ -47.166078700181728, -22.958783633272645 ], [ -47.16636389682337, -22.958961994308655 ], [ -47.166865948080215, -22.959116538324654 ], [ -47.167150230111659, -22.959202111424847 ], [ -47.167381458600595, -22.95924282229694 ], [ -47.167665181180197, -22.959288231360109 ], [ -47.168518408234256, -22.959427496478607 ], [ -47.168877218412128, -22.959457523097218 ], [ -47.169831442385345, -22.959582671006793 ], [ -47.169973326426984, -22.959642023148035 ], [ -47.170618145814061, -22.960147560812214 ], [ -47.171744537280453, -22.961104985957942 ], [ -47.172414003875886, -22.961703066633575 ], [ -47.172753233753483, -22.962031788433737 ], [ -47.172951796096768, -22.962286880830206 ], [ -47.173300006266452, -22.96267424459505 ], [ -47.173540319289742, -22.962850227921905 ], [ -47.173706642715665, -22.962974507201142 ], [ -47.17392883325325, -22.963163466584593 ], [ -47.174187323284578, -22.963359871579506 ], [ -47.174309319507593, -22.96346228065882 ], [ -47.174326646449686, -22.963590498571719 ], [ -47.174270675649517, -22.963695258466068 ], [ -47.174208570947386, -22.963858868879601 ], [ -47.174316128265744, -22.964109068989689 ], [ -47.174373163672357, -22.964276912764269 ], [ -47.174514479105845, -22.964430962395269 ], [ -47.174632362143072, -22.964572695424767 ], [ -47.174767891549379, -22.964661558280831 ], [ -47.174939807463879, -22.964723111273869 ], [ -47.175164621703068, -22.964688882886772 ], [ -47.175399273156472, -22.964631319555291 ], [ -47.175674899130122, -22.964556854446357 ], [ -47.175945769791213, -22.964597188453503 ], [ -47.176083590587453, -22.964588074764684 ], [ -47.176671883206247, -22.964558242000049 ], [ -47.177147995650763, -22.964527059257339 ], [ -47.177667624120751, -22.964502137838622 ], [ -47.178225195350372, -22.964356452622663 ], [ -47.178696215496998, -22.964283539895913 ], [ -47.178866825716099, -22.964273612040284 ], [ -47.179102311251199, -22.964373554365263 ], [ -47.179419428518472, -22.964419926636523 ], [ -47.179645588653514, -22.964474770692103 ], [ -47.179965173914638, -22.964394277542862 ], [ -47.180226898415832, -22.964370637743016 ], [ -47.180569045769374, -22.964433634295322 ], [ -47.180805837617122, -22.964514689442346 ], [ -47.181088589510701, -22.964623998421001 ], [ -47.181300462024282, -22.964755405624839 ], [ -47.18142265153017, -22.964979671509361 ], [ -47.181445066450379, -22.965224086761037 ], [ -47.181495370417203, -22.96537270208669 ], [ -47.181571434521288, -22.965483229707619 ], [ -47.181816620016896, -22.96563123873074 ], [ -47.182194586518314, -22.965811722140192 ], [ -47.182660168908782, -22.966085962732446 ], [ -47.182927134271445, -22.966313378873011 ], [ -47.18315431322754, -22.966511462970228 ], [ -47.183331326452532, -22.966629716413383 ], [ -47.183661031906624, -22.966768614187394 ], [ -47.184206400015476, -22.96686409815678 ], [ -47.184641010987562, -22.967006783748406 ], [ -47.184975168347776, -22.967212417428431 ], [ -47.185292082659132, -22.967375680421295 ], [ -47.185557922301768, -22.967522676197031 ], [ -47.185911376654538, -22.967653207422462 ], [ -47.186105632101288, -22.96781346625438 ], [ -47.186163492079864, -22.968266457587998 ], [ -47.186198311825173, -22.968551683162662 ], [ -47.186213040021165, -22.968892431359183 ], [ -47.186247433259688, -22.969151123269931 ], [ -47.186246724745665, -22.969521873612415 ], [ -47.186324801607164, -22.969802079095597 ], [ -47.186429445205597, -22.969999410847326 ], [ -47.186611405868163, -22.970059909073186 ], [ -47.186953477653731, -22.969857406559683 ], [ -47.187155037340318, -22.96981680169921 ], [ -47.187406134424997, -22.969851701039421 ], [ -47.187766073176341, -22.969960021856696 ], [ -47.188142515021212, -22.970129497774472 ], [ -47.189077650357603, -22.970506821772926 ], [ -47.189485438816625, -22.970685429924792 ], [ -47.189755288405834, -22.970771249536426 ], [ -47.189944585500989, -22.970772966734462 ], [ -47.190207466877588, -22.970606034928405 ], [ -47.190600278014315, -22.970354258168353 ], [ -47.190854754776048, -22.970194753443355 ], [ -47.190987989640675, -22.970125389381206 ], [ -47.191140638647092, -22.970153068063134 ], [ -47.191325264590191, -22.970249090321097 ], [ -47.191949799451443, -22.970491133610857 ], [ -47.192457354000318, -22.970608865892654 ], [ -47.193055339379086, -22.970705214846014 ], [ -47.193607547460026, -22.970730069346519 ], [ -47.194261501268691, -22.970657556075235 ], [ -47.194884453972911, -22.970497636772219 ], [ -47.195377087801269, -22.97018940144066 ], [ -47.195452145305438, -22.969873499844347 ], [ -47.19550739690392, -22.969725142944608 ], [ -47.195792045222838, -22.969567379200733 ], [ -47.196042779270321, -22.969415591401606 ], [ -47.196281239112189, -22.969300352142199 ], [ -47.196709353226545, -22.969154409915131 ], [ -47.197030998970995, -22.969102017935654 ], [ -47.197460438852694, -22.969132623383896 ], [ -47.19795554548628, -22.969226498858642 ], [ -47.198555794901594, -22.969428230998933 ], [ -47.199121731604457, -22.969675752353975 ], [ -47.199347885683025, -22.969893233503928 ], [ -47.199445887637658, -22.970046686193722 ], [ -47.199534942514724, -22.970168939350927 ], [ -47.199629263275355, -22.970323435956971 ], [ -47.199845240116254, -22.970438601270491 ], [ -47.200069304074681, -22.970531808697885 ], [ -47.200249821724448, -22.970607115078995 ], [ -47.200415822091983, -22.970600206489262 ], [ -47.200531453335394, -22.970561229211732 ], [ -47.200688539430899, -22.970401075751681 ], [ -47.20078238605057, -22.970297857922553 ], [ -47.200824713467533, -22.970230560737932 ], [ -47.200908765066622, -22.970262251656013 ], [ -47.200948503079395, -22.970347817139487 ], [ -47.20109757198766, -22.970531612220231 ], [ -47.20127375413044, -22.97067675613896 ], [ -47.201440575378733, -22.970809843456514 ], [ -47.20157057837357, -22.971017734076376 ], [ -47.201727786810977, -22.971053734079689 ], [ -47.201913815273329, -22.971067127124709 ], [ -47.202148976312913, -22.971066025933808 ], [ -47.202329318637936, -22.970922067122217 ], [ -47.202557709088815, -22.970706668882269 ], [ -47.202649067108538, -22.970529373187105 ], [ -47.2026595105594, -22.970394906712368 ], [ -47.202781854594228, -22.970150109890263 ], [ -47.202881918972089, -22.969924669596573 ], [ -47.203012619408739, -22.969848199733651 ], [ -47.20309248455618, -22.969760520868409 ], [ -47.203232291903724, -22.969630845663936 ], [ -47.203408953195428, -22.969448482084022 ], [ -47.203810706382413, -22.969150061050289 ], [ -47.203941075936314, -22.969102842466746 ], [ -47.204112727138757, -22.969097476394879 ], [ -47.204294983660688, -22.969165983741835 ], [ -47.204452304868347, -22.969218950258679 ], [ -47.204632665865709, -22.969279630102815 ], [ -47.204898239294742, -22.96937414882839 ], [ -47.205223378832002, -22.969507556867672 ], [ -47.205395440750067, -22.969616645508335 ], [ -47.205568810316763, -22.969707210478589 ], [ -47.205766617091001, -22.969842028289293 ], [ -47.205973602753701, -22.969942957238707 ], [ -47.206120396748204, -22.970001123624677 ], [ -47.206279035575626, -22.970036106228712 ], [ -47.206461096964425, -22.970037994713419 ], [ -47.20667342582027, -22.970022310326431 ], [ -47.206991342305038, -22.970027632363077 ], [ -47.207334924253331, -22.970053809615919 ], [ -47.207665523641111, -22.970082604245015 ], [ -47.207836239354002, -22.970088891858623 ], [ -47.208013795041715, -22.9700955353347 ], [ -47.208202320024796, -22.970059779651844 ], [ -47.208452494737273, -22.969968461348046 ], [ -47.208967833062687, -22.969748423680294 ], [ -47.20944341671504, -22.96953616023492 ], [ -47.209677069156477, -22.969477116090847 ], [ -47.209740795848603, -22.969455375303593 ], [ -47.209804829375898, -22.969432727519365 ], [ -47.20986810420326, -22.969407923824139 ], [ -47.209912996474301, -22.969389875837553 ], [ -47.209947985759051, -22.969375937786715 ], [ -47.210055511159787, -22.969333185230624 ], [ -47.210089844134686, -22.969318443878024 ], [ -47.210089844137343, -22.969318443876119 ], [ -47.210117631164614, -22.969306592155704 ], [ -47.210177352497837, -22.969275880119497 ], [ -47.210232878833111, -22.969239359056854 ], [ -47.210286184875521, -22.969199799782892 ], [ -47.210340148633094, -22.969161134013522 ], [ -47.210396822262396, -22.969125950938178 ], [ -47.210457205598544, -22.969096403073674 ], [ -47.210519752277918, -22.969071338482355 ], [ -47.210582712593919, -22.969046990253176 ], [ -47.210645504778014, -22.969022192998651 ], [ -47.21070871500406, -22.968998382852366 ], [ -47.21077267802039, -22.968976367568498 ], [ -47.210837310509227, -22.968955967769524 ], [ -47.210902283597882, -22.968936736695614 ], [ -47.210967673265785, -22.968918402478174 ], [ -47.211032983999075, -22.968900159605393 ], [ -47.211097455637606, -22.968879761948831 ], [ -47.21116057797822, -22.968855501510269 ], [ -47.211222623005604, -22.968829270153201 ], [ -47.211284999819846, -22.968803666029402 ], [ -47.21134754324946, -22.968778420634976 ], [ -47.211409585262857, -22.968752008712265 ], [ -47.211470219614711, -22.968723088867446 ], [ -47.211528458206665, -22.968690230580968 ], [ -47.211583074728061, -22.968652187197559 ], [ -47.211631477827112, -22.968607821381845 ], [ -47.211671003116884, -22.96855644816662 ], [ -47.21169658501168, -22.968498047980603 ], [ -47.211705457130257, -22.968435548054124 ], [ -47.211701456241734, -22.968372505619051 ], [ -47.211688708324772, -22.968310487942833 ], [ -47.211672273097356, -22.968249153606308 ], [ -47.211656798073285, -22.96818753505918 ], [ -47.211645653448578, -22.968125224194093 ], [ -47.21164117031411, -22.968062188482627 ], [ -47.211643600090042, -22.967999056302876 ], [ -47.211651906606093, -22.967936383730667 ], [ -47.211667792574922, -22.967875049698051 ], [ -47.211693695899385, -22.967816645030908 ], [ -47.211728102520148, -22.967762003278068 ], [ -47.211766977150511, -22.967710187785638 ], [ -47.211810321256074, -22.96766128879942 ], [ -47.211860520271756, -22.967618612990673 ], [ -47.211916372868551, -22.967582447926958 ], [ -47.211972796924677, -22.967546816485712 ], [ -47.212025860640445, -22.967507260075308 ], [ -47.212075075845171, -22.967463424435326 ], [ -47.212120620931699, -22.967416390311449 ], [ -47.212164862242858, -22.967368291141991 ], [ -47.212209998010657, -22.967320811362423 ], [ -47.212254809280431, -22.967273155562538 ], [ -47.212297340436997, -22.96722372619211 ], [ -47.212338814842795, -22.96717358940823 ], [ -47.212381591492587, -22.967124427399792 ], [ -47.212426320787941, -22.967076682433259 ], [ -47.212471946008094, -22.967029647103757 ], [ -47.212517245261246, -22.966982345505372 ], [ -47.21256067219003, -22.966933625724366 ], [ -47.212602308646581, -22.966883576888836 ], [ -47.212644921410273, -22.966834236568861 ], [ -47.212689486817553, -22.966786313287809 ], [ -47.212732261753125, -22.966737060953054 ], [ -47.212770079001722, -22.966684537859312 ], [ -47.212803999693421, -22.966629722157435 ], [ -47.212836460263404, -22.966574114411554 ], [ -47.212869164892226, -22.966518683791506 ], [ -47.212903896670419, -22.966464308094825 ], [ -47.212940411512321, -22.966410810189682 ], [ -47.21297774042899, -22.966357932796363 ], [ -47.213014987466565, -22.966304966269735 ], [ -47.213051098848197, -22.966251383707672 ], [ -47.213087372435027, -22.966197889143338 ], [ -47.21312754545238, -22.966146867664143 ], [ -47.213172030092096, -22.966098945396737 ], [ -47.213216432849769, -22.966050933992687 ], [ -47.2132582310403, -22.966000973023505 ], [ -47.213300109582029, -22.965951010922943 ], [ -47.213343943699648, -22.965902646351765 ], [ -47.213386229966048, -22.965853039615361 ], [ -47.213423315952603, -22.965800075257821 ], [ -47.213456992096326, -22.965745082318296 ], [ -47.213491156380314, -22.965690443633164 ], [ -47.213527834500134, -22.965637123874487 ], [ -47.213568007195121, -22.965586102306091 ], [ -47.213611187766965, -22.965537114914863 ], [ -47.213655672043494, -22.965489192537117 ], [ -47.213700726305667, -22.965441713534378 ], [ -47.213746433874164, -22.96539485728097 ], [ -47.213791406223031, -22.96534728913074 ], [ -47.213831496886179, -22.965296178382157 ], [ -47.213865174220388, -22.965241275624013 ], [ -47.213898689297032, -22.965186284857197 ], [ -47.213936910535999, -22.965133936428153 ], [ -47.213976675152011, -22.965082559395491 ], [ -47.214014001854807, -22.965029591561017 ], [ -47.21404913766893, -22.96497539055288 ], [ -47.214083139306155, -22.964920663765717 ], [ -47.214115761215126, -22.964865143822482 ], [ -47.214146437792692, -22.964808658086284 ], [ -47.214178169585004, -22.964752789489832 ], [ -47.214216716536093, -22.964700707263336 ], [ -47.2142628314704, -22.964654206270826 ], [ -47.214313190850277, -22.964611617819639 ], [ -47.214367233482733, -22.964573040014997 ], [ -47.214427619764379, -22.964543851841327 ], [ -47.214493528746281, -22.964527946338514 ], [ -47.214561533002168, -22.964522211961011 ], [ -47.214629644597025, -22.96452306571036 ], [ -47.214697743455318, -22.964528071993769 ], [ -47.214765548735912, -22.96453479746533 ], [ -47.214833428518382, -22.964541160789388 ], [ -47.214901593058777, -22.964545263373758 ], [ -47.214969716419915, -22.964546838965287 ], [ -47.215037965241898, -22.964546246312473 ], [ -47.21510618023153, -22.964543577910707 ], [ -47.215174199154092, -22.964538745758304 ], [ -47.215242026419176, -22.964532020601759 ], [ -47.215309840436234, -22.964524483178707 ], [ -47.215377484856447, -22.96451640648214 ], [ -47.215445026819921, -22.964506977150922 ], [ -47.215512134505744, -22.964495567938823 ], [ -47.215578726059753, -22.964482089721528 ], [ -47.215645133298622, -22.964467169746072 ], [ -47.215711550819087, -22.964452881484398 ], [ -47.215778567766762, -22.96444084154631 ], [ -47.21584585232447, -22.964430422685172 ], [ -47.215913136869325, -22.96442000379621 ], [ -47.215980327778468, -22.964408773765612 ], [ -47.216047347613426, -22.964396914214557 ], [ -47.216114813479912, -22.964387756475496 ], [ -47.216182984734878, -22.96438734495695 ], [ -47.216250059736879, -22.964398593461809 ], [ -47.216313701590153, -22.964421173589336 ], [ -47.216371016620897, -22.964455125804609 ], [ -47.216417592755434, -22.964501053423859 ], [ -47.216449613858117, -22.96455666282052 ], [ -47.216468212037945, -22.964617424714316 ], [ -47.216477192555182, -22.964680036209273 ], [ -47.216485772652987, -22.964742743571296 ], [ -47.21650308920988, -22.964803794186562 ], [ -47.21653271667595, -22.964860520260181 ], [ -47.216576596871064, -22.964908742247655 ], [ -47.216630532350557, -22.964947435607215 ], [ -47.216690201695805, -22.964977834263749 ], [ -47.216752682336761, -22.965003138505576 ], [ -47.216815710943116, -22.965027532365781 ], [ -47.216878350915756, -22.965052744057314 ], [ -47.216940051368248, -22.965079503438869 ], [ -47.217002146385688, -22.965105805930154 ], [ -47.217066330732415, -22.965127114367849 ], [ -47.217132509299084, -22.965142527388878 ], [ -47.217199069169816, -22.965156671279463 ], [ -47.217265325197204, -22.965171902621162 ], [ -47.217331873312531, -22.965185324465384 ], [ -47.217399395711681, -22.965194399732646 ], [ -47.217467278792007, -22.965200942389007 ], [ -47.217535233421948, -22.965206942400027 ], [ -47.217603323783422, -22.965211405907429 ], [ -47.217671603748293, -22.965212707313338 ], [ -47.217739646374042, -22.965209318016601 ], [ -47.217807197257855, -22.96520042915569 ], [ -47.217874044704232, -22.965187849076081 ], [ -47.217940972516345, -22.965175267844426 ], [ -47.218007907677574, -22.965163137827897 ], [ -47.218074238920821, -22.965148488700244 ], [ -47.218139457447485, -22.965129702738992 ], [ -47.21820316724142, -22.965107146564364 ], [ -47.218245657184603, -22.965089852140608 ], [ -47.218245657185001, -22.965089852141293 ], [ -47.218265624166861, -22.96508171929046 ], [ -47.218303139342844, -22.965065036088067 ], [ -47.218327325239272, -22.965054316649983 ], [ -47.218388292549527, -22.965026292373032 ], [ -47.218447200875843, -22.965000192542995 ], [ -47.218512285213549, -22.96497319382722 ], [ -47.218573996492232, -22.964946422837301 ], [ -47.218633384907058, -22.964915261154033 ], [ -47.218691868483873, -22.964882848348772 ], [ -47.218752994919782, -22.964854731444042 ], [ -47.218816451536952, -22.964831456427998 ], [ -47.218877787955748, -22.964811280216633 ], [ -47.218880747294079, -22.964810336098463 ], [ -47.218914584624287, -22.96479984254259 ], [ -47.218945142563555, -22.964790387848755 ], [ -47.21900997065562, -22.964772329164976 ], [ -47.219076839178214, -22.964756137539684 ], [ -47.21911754121632, -22.964747533754597 ], [ -47.21914005586946, -22.964742795355519 ], [ -47.219143100004892, -22.964742120852602 ], [ -47.219143902334025, -22.964742019350503 ], [ -47.219144542429099, -22.964741829850698 ], [ -47.219160489475129, -22.964738627703667 ], [ -47.219210015646063, -22.964728817123021 ], [ -47.219276255810307, -22.964713536904394 ], [ -47.219341390594607, -22.964694571105216 ], [ -47.219412493452801, -22.9646718206833 ], [ -47.219470486146044, -22.96465367699053 ], [ -47.219535873798726, -22.964635429726268 ], [ -47.219601945739846, -22.96461970038682 ], [ -47.219735757602081, -22.964591919299668 ], [ -47.219800331748175, -22.964578016236182 ], [ -47.21984758356998, -22.964566793009357 ], [ -47.220064951751439, -22.964510850993978 ], [ -47.220131438719612, -22.964495928049182 ], [ -47.220264297546507, -22.964468882030268 ], [ -47.22033093785361, -22.964453505511337 ], [ -47.220460989945785, -22.964421985198513 ], [ -47.220528401563243, -22.964404611876123 ], [ -47.220593364900253, -22.964385016100369 ], [ -47.22065673906809, -22.964361651265371 ], [ -47.220717866277745, -22.964333623899172 ], [ -47.220776758321428, -22.964301655991346 ], [ -47.220833675505688, -22.964266917394351 ], [ -47.220888207081735, -22.964228872251557 ], [ -47.220937992539262, -22.964185748260395 ], [ -47.220979870520964, -22.964135964880107 ], [ -47.221007794851204, -22.964078523607991 ], [ -47.221018917590357, -22.964016262694464 ], [ -47.221021744991248, -22.963953125056321 ], [ -47.221021812098527, -22.963952311695142 ], [ -47.221022722185324, -22.963889923073978 ], [ -47.221020405291391, -22.963826857516931 ], [ -47.221012866678663, -22.963764045663442 ], [ -47.221012325413426, -22.963760442488088 ], [ -47.221001666027462, -22.963693612256439 ], [ -47.220975329212571, -22.963513623836644 ], [ -47.220973919270961, -22.963506060996778 ], [ -47.220963700149419, -22.963451410903492 ], [ -47.220948082373262, -22.963386184709673 ], [ -47.220916066646822, -22.963267026868778 ], [ -47.220902273300148, -22.96320520532614 ], [ -47.220891845573945, -22.963142704743003 ], [ -47.220884310036134, -22.963080073367436 ], [ -47.22087548549235, -22.963017279512481 ], [ -47.220863768785733, -22.962954616445927 ], [ -47.220852948058564, -22.962892662976337 ], [ -47.220847015720217, -22.962829738326736 ], [ -47.220840139967109, -22.962640179479546 ], [ -47.220839911608799, -22.962576994374679 ], [ -47.220842819503225, -22.962513855598846 ], [ -47.220850557499162, -22.962451100496924 ], [ -47.220863936750142, -22.962389169049207 ], [ -47.220882884242236, -22.962328513622733 ], [ -47.220907082876913, -22.96226940946573 ], [ -47.220936379263044, -22.962212310070296 ], [ -47.220968372357717, -22.962157880957722 ], [ -47.221000158959399, -22.962100656394028 ], [ -47.221026380245235, -22.962042336304886 ], [ -47.22104904273624, -22.961982712040733 ], [ -47.221070329927436, -22.961922565430054 ], [ -47.221092834575707, -22.96186312391098 ], [ -47.221145354400413, -22.961746302086329 ], [ -47.221191570716748, -22.961627492386484 ], [ -47.22122386593044, -22.961571885503982 ], [ -47.221265662703843, -22.961522103230607 ], [ -47.221313638978557, -22.961476567268367 ], [ -47.22136456930108, -22.96143469092716 ], [ -47.221522677571187, -22.961314674246214 ], [ -47.22156797319245, -22.96127729999143 ], [ -47.221573683720401, -22.961272525975428 ], [ -47.221585100350374, -22.961262707197918 ], [ -47.221658028993481, -22.961199309267982 ], [ -47.221716033826979, -22.961147584628296 ], [ -47.221716033829708, -22.961147584626328 ], [ -47.221722134437094, -22.961142082986726 ], [ -47.221770937803335, -22.961097979614344 ], [ -47.221821047835348, -22.961055121680623 ], [ -47.221874021214759, -22.961015292745369 ], [ -47.221929372724532, -22.960978319068733 ], [ -47.221985545683616, -22.960942417088194 ], [ -47.222041882318067, -22.960906693333182 ], [ -47.222098056691088, -22.960870881565384 ], [ -47.222154309936066, -22.96083497840484 ], [ -47.222210732757546, -22.960799614462722 ], [ -47.222267314828827, -22.96076415800086 ], [ -47.222322093151455, -22.960726560351716 ], [ -47.222374982920854, -22.960686551899229 ], [ -47.222429843034021, -22.96064904333873 ], [ -47.222489149740959, -22.960617971785844 ], [ -47.222549858250673, -22.960589047013812 ], [ -47.222608584551629, -22.960556900329337 ], [ -47.222666156026186, -22.960522964437349 ], [ -47.222724388198422, -22.960490102489775 ], [ -47.222782535536837, -22.960456970905117 ], [ -47.222838133591864, -22.960420354557712 ], [ -47.222891677907974, -22.960381058922216 ], [ -47.222946537746431, -22.9603435502023 ], [ -47.223003533115836, -22.960308809856038 ], [ -47.223060529930819, -22.960274159739619 ], [ -47.223114240780063, -22.960235222776454 ], [ -47.223156039400259, -22.960185620579569 ], [ -47.223177169096708, -22.960125746767503 ], [ -47.223186114579505, -22.960063155217814 ], [ -47.223192401704196, -22.960000239872493 ], [ -47.223202795442475, -22.959937718280823 ], [ -47.223222146460323, -22.95987723752641 ], [ -47.223248041956296, -22.959818741175237 ], [ -47.223276528685737, -22.959761381976818 ], [ -47.223305823591254, -22.95970428224701 ], [ -47.22333503809682, -22.959647183640602 ], [ -47.223366440469718, -22.959591137572836 ], [ -47.223404332013772, -22.959538611246799 ], [ -47.223446938527232, -22.959489268466108 ], [ -47.223488811286074, -22.959439304084455 ], [ -47.223527189432474, -22.959387041715893 ], [ -47.223564999008239, -22.959334426238627 ], [ -47.22360508419959, -22.9592833134075 ], [ -47.223648992829112, -22.959234945275369 ], [ -47.22369673227557, -22.959189773080283 ], [ -47.223744636872283, -22.959144869362813 ], [ -47.223789523214258, -22.959097299902961 ], [ -47.223831153125033, -22.959047248582085 ], [ -47.223871156282357, -22.958996046575702 ], [ -47.223914250627196, -22.958947057920696 ], [ -47.223965341423856, -22.958905268861407 ], [ -47.224023490727575, -22.958872317388487 ], [ -47.224085196585477, -22.958845454286624 ], [ -47.224148478292456, -22.958821547927805 ], [ -47.224370872069372, -22.958675441807124 ], [ -47.224545069287466, -22.95857604882216 ], [ -47.224828425476794, -22.958352809491807 ], [ -47.225025429979468, -22.958178263065435 ], [ -47.225244776899629, -22.958027865690735 ], [ -47.225470993072442, -22.957884593123826 ], [ -47.225576287694921, -22.957804671411495 ], [ -47.22581821626698, -22.957688168206065 ], [ -47.225927109107808, -22.95761198705614 ], [ -47.225987241030076, -22.957582347034204 ], [ -47.226374330628424, -22.957459110872527 ], [ -47.226693773210684, -22.957348468580992 ], [ -47.226889084348187, -22.957291654360269 ], [ -47.227203850572046, -22.957170425056106 ], [ -47.227566196811097, -22.956994455669861 ], [ -47.22766960235839, -22.956912212234428 ], [ -47.227754408698182, -22.956813530358879 ], [ -47.227787916115844, -22.956758537203307 ], [ -47.227802266678651, -22.956697223604277 ], [ -47.227781752224502, -22.956637483130592 ], [ -47.227719298226866, -22.956525344175795 ], [ -47.227635929672772, -22.956284866039148 ], [ -47.227625340440781, -22.956222458557008 ], [ -47.227602587837104, -22.955780732014798 ], [ -47.227571464878551, -22.955593590746304 ], [ -47.227583080451417, -22.955404585253795 ], [ -47.22757489961964, -22.955341963382256 ], [ -47.227503188479979, -22.955297746195477 ], [ -47.227440469731022, -22.955272449359722 ], [ -47.227378925572197, -22.955245240352092 ], [ -47.227319724661783, -22.955213846036912 ], [ -47.227206659759439, -22.955143128981248 ], [ -47.227149026502396, -22.955109275317916 ], [ -47.227030937550367, -22.955045940468707 ], [ -47.226970172180287, -22.955017185780953 ], [ -47.226905537405983, -22.954997602564511 ], [ -47.226837665296486, -22.954991424572992 ], [ -47.226769383362353, -22.954989675480029 ], [ -47.226701803197251, -22.954981687952884 ], [ -47.22663555302524, -22.954966550481288 ], [ -47.22644015876763, -22.954910077967245 ], [ -47.226375897897796, -22.954888774167593 ], [ -47.226249465047019, -22.954841172369779 ], [ -47.226185513909769, -22.954819141988942 ], [ -47.226120486310641, -22.954800105566516 ], [ -47.225922421186382, -22.954752335692394 ], [ -47.225856777245873, -22.954734932649199 ], [ -47.225792363169312, -22.954714082096029 ], [ -47.225729420083212, -22.954689780649293 ], [ -47.225667873526461, -22.954662390431178 ], [ -47.225607970532913, -22.954632269051078 ], [ -47.225549240678269, -22.954600145264692 ], [ -47.225376263894191, -22.954498673613969 ], [ -47.225197329581256, -22.954406492791364 ], [ -47.225138522491932, -22.954374550460891 ], [ -47.22507822672145, -22.954344975989013 ], [ -47.22501497275568, -22.954321310482786 ], [ -47.224886145219664, -22.954279608611024 ], [ -47.224824290790124, -22.95425303478088 ], [ -47.224764465563887, -22.954222731427386 ], [ -47.224706048702053, -22.954190061297183 ], [ -47.224648886841642, -22.954155477888055 ], [ -47.2245936944893, -22.95411842956316 ], [ -47.224487719266079, -22.954038674313956 ], [ -47.224433628613475, -22.95400016616793 ], [ -47.224262777681972, -22.953895865029921 ], [ -47.224209159055235, -22.95385671829472 ], [ -47.224158781159204, -22.953814186130234 ], [ -47.22406506947749, -22.953722343040479 ], [ -47.224016352951374, -22.953678162679676 ], [ -47.223962893750617, -22.953638923344908 ], [ -47.22384974991224, -22.953568114519445 ], [ -47.223794243891021, -22.953531521627959 ], [ -47.223740469218711, -22.953492647709808 ], [ -47.223637813093326, -22.953409324784474 ], [ -47.223578080558475, -22.953369902472026 ], [ -47.223522717821936, -22.953342063556406 ], [ -47.223398230184031, -22.95329036993342 ], [ -47.223335362593154, -22.953265705325947 ], [ -47.223271412585532, -22.953243673669473 ], [ -47.223206386059331, -22.953224635956225 ], [ -47.223008931552727, -22.953174687195474 ], [ -47.222676402921479, -22.953104064364027 ], [ -47.222610533719525, -22.953087565740656 ], [ -47.222350803607959, -22.953009783477061 ], [ -47.222220133075382, -22.952973250461287 ], [ -47.221962176732951, -22.952890838950449 ], [ -47.221897073090275, -22.952871982294454 ], [ -47.221830901743928, -22.952856661064281 ], [ -47.22181566846993, -22.952854256707873 ], [ -47.221763524058829, -22.952846231237302 ], [ -47.22169594507011, -22.952838241466143 ], [ -47.22162849587221, -22.952828354196782 ], [ -47.22156179881285, -22.952815296942966 ], [ -47.221495623096985, -22.952799704822279 ], [ -47.22143037059368, -22.952781572205204 ], [ -47.221366033935702, -22.952760447850466 ], [ -47.221227000770597, -22.952704081664351 ], [ -47.221115890964406, -22.952659239740342 ], [ -47.221055050326818, -22.952630664216599 ], [ -47.220935635090967, -22.952569509515005 ], [ -47.220749839493557, -22.952490057060654 ], [ -47.220626674178504, -22.952435544272774 ], [ -47.22056442975282, -22.952409606009784 ], [ -47.220503123300034, -22.952382029741841 ], [ -47.220444079902848, -22.952350269379519 ], [ -47.22027551307383, -22.952242772183421 ], [ -47.220215610731493, -22.952212558330078 ], [ -47.220151741998571, -22.952190524207882 ], [ -47.220019848609418, -22.952157797708288 ], [ -47.219954517663929, -22.952139755816191 ], [ -47.219890260393221, -22.952118539445085 ], [ -47.219827085639999, -22.952094690087179 ], [ -47.219516491941427, -22.951963995077723 ], [ -47.219455413736263, -22.951935602758663 ], [ -47.219395746916476, -22.951905024200332 ], [ -47.21927946688804, -22.951838859469802 ], [ -47.219108856028441, -22.95173409760719 ], [ -47.21899257627431, -22.951667932642376 ], [ -47.218814044036399, -22.951575287082012 ], [ -47.21875320578053, -22.95154680084342 ], [ -47.218629651929639, -22.951493013979121 ], [ -47.218447597598491, -22.951406194480317 ], [ -47.218321716712936, -22.951357585259238 ], [ -47.218259708386277, -22.951331281646894 ], [ -47.218137949003633, -22.951274129308608 ], [ -47.218075629559074, -22.951248461855648 ], [ -47.217757204191336, -22.951135204388532 ], [ -47.217692255224286, -22.951115892397901 ], [ -47.217495573659242, -22.95106375914677 ], [ -47.217381219164039, -22.951031778035407 ], [ -47.217381219161361, -22.951031778037351 ], [ -47.217299571432697, -22.951008908066214 ], [ -47.217168408921445, -22.950976529925576 ], [ -47.216968810371874, -22.950932831820445 ], [ -47.216770281243512, -22.950885688272539 ], [ -47.216569535639252, -22.950840651641734 ], [ -47.216239306988733, -22.95076267071973 ], [ -47.216108193419757, -22.950733269871638 ], [ -47.216041410000763, -22.950719760048116 ], [ -47.215974261492313, -22.950708512030474 ], [ -47.215906682222631, -22.950700429429467 ], [ -47.215770578840853, -22.950690415656208 ], [ -47.215634306391408, -22.950684827324604 ], [ -47.215497169443388, -22.950685389268529 ], [ -47.215398970832233, -22.950687754122701 ], [ -47.215361444380534, -22.95068872971963 ], [ -47.215225017526215, -22.950688469083762 ], [ -47.215156787427134, -22.950689783264416 ], [ -47.214953730462341, -22.950705167027223 ], [ -47.214816642394233, -22.950713671405499 ], [ -47.214681713499104, -22.950731352988804 ], [ -47.214546158765515, -22.95074516161533 ], [ -47.214479231617211, -22.950757379906971 ], [ -47.214416857618275, -22.950782623652731 ], [ -47.214360192380923, -22.950817807562665 ], [ -47.214305334975968, -22.950855403484258 ], [ -47.214191839196133, -22.950925502712682 ], [ -47.21413976578269, -22.950966219139136 ], [ -47.214117202407593, -22.950992531766357 ], [ -47.214097400637215, -22.951015646403579 ], [ -47.214064375260207, -22.951070901037479 ], [ -47.214010069534375, -22.951186843011609 ], [ -47.213968429099332, -22.951236350398975 ], [ -47.213910356084249, -22.951269026276893 ], [ -47.213844880141778, -22.951286459684763 ], [ -47.21384488013949, -22.951286459685381 ], [ -47.213844807840189, -22.951286464727961 ], [ -47.21379148083431, -22.951290184060962 ], [ -47.213776941703074, -22.951291193731663 ], [ -47.213640739455649, -22.951285061042643 ], [ -47.213505028008285, -22.951288947170898 ], [ -47.213440469867841, -22.951308443801636 ], [ -47.21338141311336, -22.951339959723942 ], [ -47.21327030009553, -22.951413274785843 ], [ -47.213212066072067, -22.951445952669744 ], [ -47.213149365591114, -22.951470929697809 ], [ -47.21308507191759, -22.951491866812098 ], [ -47.213021533884572, -22.951514779283876 ], [ -47.212958921046315, -22.951540206364719 ], [ -47.212895467743692, -22.951563388414492 ], [ -47.212765116008626, -22.951600593030708 ], [ -47.212730601972368, -22.951613802631993 ], [ -47.212702161027231, -22.951624761017211 ], [ -47.212640875146747, -22.951652697007958 ], [ -47.21257716739467, -22.951675070061924 ], [ -47.21251023513863, -22.951687016823275 ], [ -47.212442226814211, -22.951692118090726 ], [ -47.212305875067798, -22.951696547967472 ], [ -47.212237878467064, -22.951702371140161 ], [ -47.212170938815078, -22.951713866516521 ], [ -47.212104965455559, -22.951730403476663 ], [ -47.211974781373982, -22.951768056474066 ], [ -47.211907851932352, -22.95178018348658 ], [ -47.211839928291738, -22.95178555412684 ], [ -47.211629291513624, -22.95179472061163 ], [ -47.211499157648547, -22.951800868470865 ], [ -47.211362685694851, -22.951802861943364 ], [ -47.211294479460527, -22.95180074392248 ], [ -47.211226832571299, -22.951793472709586 ], [ -47.211161274728774, -22.951776242689952 ], [ -47.211100282838373, -22.951748116632931 ], [ -47.211044542446437, -22.951711702800555 ], [ -47.210992190631629, -22.951671089301403 ], [ -47.210936375794269, -22.951635037542864 ], [ -47.210872898632822, -22.951612271944438 ], [ -47.210806724334688, -22.951596675215523 ], [ -47.210741241131721, -22.951579082893247 ], [ -47.210676827419938, -22.951558045390325 ], [ -47.210613654218292, -22.951534192210559 ], [ -47.210489793265467, -22.951481125220837 ], [ -47.210428642349541, -22.951453091372986 ], [ -47.21036874515471, -22.951423054094004 ], [ -47.210311668072293, -22.951388464004307 ], [ -47.210259003896468, -22.951348396210403 ], [ -47.21010543030004, -22.951223076027347 ], [ -47.209961511408608, -22.951088323359503 ], [ -47.209929629622067, -22.95106069382474 ], [ -47.209704820050952, -22.950880308509305 ], [ -47.209654524902469, -22.950837589658658 ], [ -47.209605812310869, -22.950793314155664 ], [ -47.209559160113145, -22.950747204535045 ], [ -47.20951520542485, -22.950698890843174 ], [ -47.209474586827056, -22.950648093376234 ], [ -47.209438505507059, -22.950594524592361 ], [ -47.209408801231234, -22.950537617244855 ], [ -47.209387809191249, -22.950477609612001 ], [ -47.209357429312668, -22.950354363497333 ], [ -47.209337715956693, -22.950293886690758 ], [ -47.209302556681649, -22.950207988495329 ], [ -47.209260504252484, -22.950118394994824 ], [ -47.209229923406397, -22.950061951159185 ], [ -47.209196471179794, -22.950006901360673 ], [ -47.209159910856137, -22.949953519703822 ], [ -47.209120087556528, -22.949902169422348 ], [ -47.208991319855876, -22.949754747431225 ], [ -47.208865175399268, -22.949605483384371 ], [ -47.208733314801101, -22.949460631772332 ], [ -47.208412778741177, -22.949132542305772 ], [ -47.208224905755209, -22.948949202876747 ], [ -47.208087251162901, -22.948808854522241 ], [ -47.20803949109731, -22.948763752758811 ], [ -47.207988566016546, -22.948721764213282 ], [ -47.207933930899088, -22.948683979706896 ], [ -47.207820564939901, -22.948613613022445 ], [ -47.207763017693175, -22.948579660319211 ], [ -47.207703980038481, -22.948547985083181 ], [ -47.207644540742699, -22.948521280248002 ], [ -47.207539132925099, -22.948480591567112 ], [ -47.207516644706111, -22.948471967891528 ], [ -47.207456354895186, -22.948442386188837 ], [ -47.207394738340859, -22.948415260210275 ], [ -47.207331955782806, -22.948390587717238 ], [ -47.20727213655497, -22.948360277231746 ], [ -47.207216949421252, -22.94832313202528 ], [ -47.207110674002969, -22.948243819670363 ], [ -47.207054779725624, -22.948207677209258 ], [ -47.206935297917731, -22.948146782995853 ], [ -47.206878930282201, -22.948111188672275 ], [ -47.206827055977499, -22.948070115617572 ], [ -47.206777477325552, -22.948026844126709 ], [ -47.206729715028892, -22.947981561410334 ], [ -47.206684889890177, -22.947933981066026 ], [ -47.206643399371877, -22.947883826756822 ], [ -47.206530780298323, -22.947725616188745 ], [ -47.206490561198642, -22.947674541443931 ], [ -47.206461290274262, -22.947629362445735 ], [ -47.206455598297396, -22.947620414658328 ], [ -47.206403060202561, -22.947503704612103 ], [ -47.206344294276462, -22.947389608733783 ], [ -47.206317627122587, -22.947331484900559 ], [ -47.206293356475186, -22.94727242502503 ], [ -47.206263177946362, -22.947215884612501 ], [ -47.206216776561675, -22.947170221697505 ], [ -47.206155555345319, -22.947142638331723 ], [ -47.206023076071482, -22.947112976941209 ], [ -47.205960604110103, -22.947087577367775 ], [ -47.205898988440168, -22.947060450732202 ], [ -47.205836048933712, -22.947035960307275 ], [ -47.205776546240259, -22.947005283710979 ], [ -47.205728141675614, -22.946960009575612 ], [ -47.205677567252742, -22.946919730438903 ], [ -47.205610370003363, -22.946910283918065 ], [ -47.20557027879962, -22.946867060592144 ], [ -47.205564676343748, -22.946804130174925 ], [ -47.205551852268165, -22.946742022341084 ], [ -47.205544564980613, -22.946679295890679 ], [ -47.205546856482457, -22.946552886286689 ], [ -47.205545975801101, -22.946300233322301 ], [ -47.205543905612174, -22.946251877488869 ], [ -47.205536536228387, -22.946174167384815 ], [ -47.205521631409979, -22.946112630093133 ], [ -47.205493848494697, -22.946055063209009 ], [ -47.205451328845854, -22.946005825521215 ], [ -47.205400721227115, -22.945963470519573 ], [ -47.205347347510184, -22.9459240425955 ], [ -47.205182815068305, -22.945811326494812 ], [ -47.205129127306748, -22.945772354204156 ], [ -47.205078915870217, -22.945729632499027 ], [ -47.205039259066879, -22.945678459214452 ], [ -47.205010357128437, -22.945621268860645 ], [ -47.204936108683548, -22.945444559735343 ], [ -47.204914318784638, -22.945384742930901 ], [ -47.204876657142947, -22.945263221641074 ], [ -47.20485246792196, -22.945204160335866 ], [ -47.204794981549924, -22.945089504300924 ], [ -47.204769354527322, -22.945031004583246 ], [ -47.20475340834534, -22.944969662196609 ], [ -47.204746682714919, -22.944906837590796 ], [ -47.204745737832276, -22.944843571550507 ], [ -47.204747870926212, -22.944717254359404 ], [ -47.204744757546969, -22.944654108730159 ], [ -47.20472721484866, -22.944528967730367 ], [ -47.204727808706124, -22.94446640245711 ], [ -47.204735743935615, -22.944405450266004 ], [ -47.204730323212523, -22.944338816180672 ], [ -47.204700347824016, -22.944289764944763 ], [ -47.204652067416994, -22.944247106482901 ], [ -47.204602281966793, -22.944205822971028 ], [ -47.204558896749077, -22.944157680245183 ], [ -47.204524252698405, -22.944103277664162 ], [ -47.20446118080816, -22.943991136363948 ], [ -47.204435153792687, -22.943932732391826 ], [ -47.204417284931651, -22.943871777746889 ], [ -47.204402059482611, -22.943810244742028 ], [ -47.204383709907404, -22.943749387041198 ], [ -47.204360399428943, -22.943689952328405 ], [ -47.204304512810317, -22.943574732177623 ], [ -47.204282881368606, -22.943514732495441 ], [ -47.204250187708986, -22.943392148955496 ], [ -47.204186415859468, -22.943211953721566 ], [ -47.204168228682292, -22.943151183993709 ], [ -47.204139617939838, -22.943027550709594 ], [ -47.204118468887167, -22.942967544288109 ], [ -47.204092601524081, -22.942909047742962 ], [ -47.204063461020247, -22.942851950720925 ], [ -47.204036445277261, -22.942806920336874 ], [ -47.203957061179253, -22.942690130834343 ], [ -47.203922020330133, -22.942636004396608 ], [ -47.203894636365455, -22.942578160768722 ], [ -47.203883019134032, -22.942516035929504 ], [ -47.203877978929697, -22.942453007280061 ], [ -47.203857306065672, -22.942328090114223 ], [ -47.203842652062974, -22.942202547700038 ], [ -47.203833035325772, -22.942139853438007 ], [ -47.203821014877427, -22.942077643919198 ], [ -47.203807151832983, -22.942015821077312 ], [ -47.203786643138642, -22.94195562514917 ], [ -47.203753518237264, -22.941900659605999 ], [ -47.203663475404191, -22.941805682757973 ], [ -47.203626447701737, -22.941762867571668 ], [ -47.203485386414997, -22.941704255965156 ], [ -47.203468881817777, -22.941692750133893 ], [ -47.203461565435681, -22.941687706378442 ], [ -47.20340489748498, -22.941648233127093 ], [ -47.203395142318605, -22.941641508112799 ], [ -47.203303892932716, -22.941546457519909 ], [ -47.203193999893202, -22.941431896684307 ], [ -47.203013456909481, -22.941273181953743 ], [ -47.202867413936261, -22.941040869216845 ], [ -47.202732473964488, -22.940764440650614 ], [ -47.202891494195413, -22.940636486383614 ], [ -47.20304633510748, -22.940453976677738 ], [ -47.203187453394662, -22.940148799991896 ], [ -47.203247742936973, -22.939826150204841 ], [ -47.203251778812259, -22.939588864652521 ], [ -47.203207802450621, -22.939469326062717 ], [ -47.203174789579414, -22.939346746556446 ], [ -47.20313002468928, -22.938969949416855 ], [ -47.20307922222149, -22.938721690278914 ], [ -47.20305070010879, -22.938533873417729 ], [ -47.203018730971586, -22.938411189079169 ], [ -47.202903773930913, -22.938182235778449 ], [ -47.20279491014302, -22.938021802970859 ], [ -47.202722270992354, -22.937844708788802 ], [ -47.202690502176878, -22.937789001919064 ], [ -47.202603242202073, -22.937691909356801 ], [ -47.202452732915752, -22.937481322672237 ], [ -47.202358414297734, -22.937390105220882 ], [ -47.20232098656659, -22.93733736545445 ], [ -47.202295122701429, -22.937278958683788 ], [ -47.202266920096726, -22.937155499669984 ], [ -47.202250941503998, -22.936903236150847 ], [ -47.202231956159231, -22.936778114584683 ], [ -47.202174995511285, -22.936596198638764 ], [ -47.202097002856952, -22.936420983750686 ], [ -47.202078817775529, -22.936360213591605 ], [ -47.202074661437528, -22.936297082237374 ], [ -47.20208122056053, -22.936170883925843 ], [ -47.202092352430824, -22.93610871388988 ], [ -47.202124672495316, -22.936064394052959 ], [ -47.202170191150984, -22.93603099423337 ], [ -47.202245442981642, -22.9360070211339 ], [ -47.202381572871701, -22.935979855929826 ], [ -47.202494273114688, -22.935925483497929 ], [ -47.202552747776842, -22.935892986963005 ], [ -47.202607684965315, -22.935855484395091 ], [ -47.202658691620442, -22.935813522875065 ], [ -47.202707003873989, -22.93576898091613 ], [ -47.202752817572097, -22.935714092578557 ], [ -47.202780619447701, -22.935663787260975 ], [ -47.202840900724937, -22.935494596715337 ], [ -47.202844745103938, -22.935483801206203 ], [ -47.202856117684107, -22.93542162779589 ], [ -47.202851239241816, -22.935358596772609 ], [ -47.20284186773916, -22.935296079479404 ], [ -47.202834820953264, -22.935233168828844 ], [ -47.202819544273012, -22.935044174921696 ], [ -47.202805452238643, -22.934918443859726 ], [ -47.202795518260949, -22.934855934366574 ], [ -47.202745519325113, -22.934607483178926 ], [ -47.202730775294789, -22.934545762613858 ], [ -47.202713388054562, -22.934484620361108 ], [ -47.202700248401086, -22.934422696977624 ], [ -47.202698422450197, -22.934359533289811 ], [ -47.202701581941646, -22.93429648093155 ], [ -47.202701523986271, -22.934233292698799 ], [ -47.20269894418611, -22.934158314097676 ], [ -47.202708732689921, -22.934122431268452 ], [ -47.202730054342169, -22.934044232214912 ], [ -47.202752590218878, -22.933961593070155 ], [ -47.202773965754517, -22.933901627815402 ], [ -47.202807722966661, -22.933846816598734 ], [ -47.202847485426005, -22.933795532806919 ], [ -47.202879946555512, -22.933740107681093 ], [ -47.202897609252602, -22.933679200989776 ], [ -47.202906804634871, -22.933616606451526 ], [ -47.202913019287585, -22.933553601945366 ], [ -47.202916257596513, -22.933490458220628 ], [ -47.202915637037165, -22.933427277799694 ], [ -47.202910358370318, -22.933364342588455 ], [ -47.202898500202934, -22.933302130611374 ], [ -47.202877673574626, -22.933242029083392 ], [ -47.202846621904854, -22.933185860846311 ], [ -47.20280648638068, -22.93312963816836 ], [ -47.202735052298237, -22.933026819266537 ], [ -47.202704718162153, -22.932970279952333 ], [ -47.202681252866391, -22.932911027447673 ], [ -47.202662585967659, -22.932850264007843 ], [ -47.202648083323993, -22.932788540058048 ], [ -47.202637588586654, -22.932726128580313 ], [ -47.202630942486266, -22.932663122056653 ], [ -47.202627350157563, -22.932600073142023 ], [ -47.202626327963195, -22.932536898280237 ], [ -47.202629633985659, -22.932284186450875 ], [ -47.202628585569336, -22.932214422235297 ], [ -47.202627668531456, -22.932157745356605 ], [ -47.202623915515112, -22.93209469866801 ], [ -47.202615505898471, -22.93203198742647 ], [ -47.202600655615733, -22.931973608278408 ], [ -47.202575058823264, -22.931911767492032 ], [ -47.202542252809707, -22.931856435941722 ], [ -47.202502358877666, -22.931805174646865 ], [ -47.202410420319012, -22.93171175740391 ], [ -47.202366951088315, -22.931663073253667 ], [ -47.202332074802932, -22.931608943893728 ], [ -47.20230980953685, -22.931549313564581 ], [ -47.202294024377892, -22.931487787894394 ], [ -47.202275758248589, -22.931426928543932 ], [ -47.202251973475214, -22.93136777064079 ], [ -47.202171665533463, -22.931193309798484 ], [ -47.202142607662331, -22.931136120722066 ], [ -47.202109723130768, -22.931080880414065 ], [ -47.20204173454524, -22.930982255955961 ], [ -47.202034402767403, -22.930976219329082 ], [ -47.202002937089141, -22.930919244171545 ], [ -47.201973559370096, -22.930862149762621 ], [ -47.201948494905345, -22.930803370633324 ], [ -47.201891886631451, -22.930647988811238 ], [ -47.201891886633994, -22.930647988809376 ], [ -47.201861188628058, -22.930563921923678 ], [ -47.201842202519771, -22.930503253027048 ], [ -47.201830264840879, -22.930441042006922 ], [ -47.201820129405093, -22.930251705637009 ], [ -47.201823048300241, -22.930188656586797 ], [ -47.201840792984775, -22.930127839121951 ], [ -47.201870984728281, -22.930071272186979 ], [ -47.201907498588483, -22.930017957520374 ], [ -47.202064427168942, -22.929811047355262 ], [ -47.202100372526047, -22.929757379460234 ], [ -47.202133236421801, -22.929702039186793 ], [ -47.202161969793792, -22.929644770283954 ], [ -47.202212394023604, -22.929527170741938 ], [ -47.202239994986734, -22.929469466192288 ], [ -47.20227204786184, -22.929413685800537 ], [ -47.202307830861585, -22.929359929851078 ], [ -47.202425649815638, -22.929204925836462 ], [ -47.202460620343025, -22.929150639513725 ], [ -47.20248919275619, -22.929093372798267 ], [ -47.202508789699507, -22.929032800383141 ], [ -47.202557660466205, -22.928784420925151 ], [ -47.202566291901036, -22.928721743941836 ], [ -47.202570738777965, -22.928658763955088 ], [ -47.202573780212568, -22.928469154503841 ], [ -47.202571196488201, -22.928279623119732 ], [ -47.202574880837858, -22.928090004738515 ], [ -47.202574926295121, -22.927963625940919 ], [ -47.202578246683423, -22.927900571314662 ], [ -47.202587764962509, -22.92783806256049 ], [ -47.202605991242265, -22.927777238352171 ], [ -47.202635451688039, -22.927720230109863 ], [ -47.202649723711339, -22.927703151516521 ], [ -47.202677082797862, -22.927670274554512 ], [ -47.202725719671797, -22.927626089311463 ], [ -47.202776723431853, -22.927584127956347 ], [ -47.202826336233045, -22.927540651301321 ], [ -47.202872443915865, -22.927494154101005 ], [ -47.202913750514675, -22.927444022456346 ], [ -47.202948882627012, -22.927389824084191 ], [ -47.202977293806072, -22.927332559544737 ], [ -47.203023868061642, -22.927225484588543 ], [ -47.203057262993376, -22.927158311416139 ], [ -47.203090125950084, -22.927102971006832 ], [ -47.203126881152862, -22.927049743043618 ], [ -47.203167373721698, -22.926998990754434 ], [ -47.203210873123382, -22.926950272927488 ], [ -47.203301945264698, -22.926856210957755 ], [ -47.203343654776731, -22.926806163896643 ], [ -47.20335645391615, -22.926782515980619 ], [ -47.203432336049389, -22.926763047388434 ], [ -47.203564377253272, -22.926732147169396 ], [ -47.203631127614699, -22.926719575530242 ], [ -47.203698655230298, -22.926710333064545 ], [ -47.203766575838955, -22.926705508347698 ], [ -47.203834803245854, -22.926704741495339 ], [ -47.203903007258255, -22.926707495471437 ], [ -47.204046697213045, -22.926720936244571 ], [ -47.204174530237054, -22.926732972248995 ], [ -47.204242588149334, -22.926736630807188 ], [ -47.204310836004225, -22.926737127245765 ], [ -47.204515190907486, -22.926729504508522 ], [ -47.204856295650778, -22.926723682846269 ], [ -47.204884207848394, -22.926725010205018 ], [ -47.204924346243189, -22.926726889862159 ], [ -47.204947233846198, -22.926730634036669 ], [ -47.204991398960324, -22.926737964204957 ], [ -47.205187811729466, -22.926790841588275 ], [ -47.205250963517337, -22.926814156471817 ], [ -47.205375214369752, -22.926863071433598 ], [ -47.205565101002328, -22.926934815173691 ], [ -47.205688780823401, -22.926988161040033 ], [ -47.205751554371311, -22.927012925288743 ], [ -47.205816259422512, -22.927032878356194 ], [ -47.205882419666374, -22.927048387940687 ], [ -47.205913214659041, -22.927054008004223 ], [ -47.206149409991234, -22.927096672298134 ], [ -47.206215158262488, -22.927111555576051 ], [ -47.206279834166459, -22.927129703452319 ], [ -47.206343437707602, -22.927151115927899 ], [ -47.206595061592623, -22.927248088101145 ], [ -47.206659074335867, -22.927269946103337 ], [ -47.206724086421268, -22.927288991814425 ], [ -47.206789937127333, -22.927305227468345 ], [ -47.206856470120535, -22.927318926047935 ], [ -47.206990564619076, -22.927340351002034 ], [ -47.207193025611353, -22.927364616383901 ], [ -47.20732757600134, -22.927384409847345 ], [ -47.207394095899978, -22.927397295947877 ], [ -47.207659781237965, -22.927454261741136 ], [ -47.20779419737201, -22.927475681523742 ], [ -47.207995719190336, -22.927501493510423 ], [ -47.208128804148842, -22.927515168312375 ], [ -47.20846855049939, -22.9275345429492 ], [ -47.208536322306877, -22.927535405244278 ], [ -47.208666827880933, -22.927528804763778 ], [ -47.208802426784388, -22.927524028956061 ], [ -47.208869095020205, -22.927511365989719 ], [ -47.208932205158469, -22.927487468787952 ], [ -47.208950060588258, -22.927478283549963 ], [ -47.208991830392932, -22.927456849829586 ], [ -47.209106298440219, -22.927388186022508 ], [ -47.209217475877132, -22.927314873913947 ], [ -47.209325621346956, -22.927237993148637 ], [ -47.209377931911817, -22.92719745593136 ], [ -47.209428196870007, -22.927154690430687 ], [ -47.209475932605535, -22.927109613111529 ], [ -47.209521467875298, -22.927062670748338 ], [ -47.209608952755104, -22.926965766735403 ], [ -47.209688822623242, -22.926835478599209 ], [ -47.210059899573295, -22.926675679469753 ], [ -47.210305103131269, -22.926565204767336 ], [ -47.210433158663363, -22.926521626399477 ], [ -47.210634168587333, -22.926466470217349 ], [ -47.210771344615871, -22.926440096349634 ], [ -47.21086207807064, -22.926384941378881 ], [ -47.236668577439815, -22.920968487003137 ], [ -47.236929971649992, -22.920896560494082 ], [ -47.237046241152079, -22.920831192271294 ], [ -47.237141447656882, -22.920741026116556 ], [ -47.237256053092992, -22.920584148738396 ], [ -47.23749116754319, -22.92019926909845 ], [ -47.237582497396815, -22.920029720909074 ], [ -47.237756023976559, -22.919550565872708 ], [ -47.237840991928181, -22.919179717797686 ], [ -47.23785058065247, -22.919054018871709 ], [ -47.237846249844601, -22.918990982104415 ], [ -47.237865445637439, -22.918931495238557 ], [ -47.23791472339537, -22.918888103472273 ], [ -47.237971369223374, -22.918852912540377 ], [ -47.238033566163566, -22.918827843692632 ], [ -47.238099936453629, -22.918836657010701 ], [ -47.238273416839512, -22.918936936877852 ], [ -47.238534448233963, -22.919043745090217 ], [ -47.238583228395434, -22.919063006597128 ], [ -47.238651125769152, -22.919066923632332 ], [ -47.2387172771938, -22.919052630991384 ], [ -47.238778382014651, -22.919024688659256 ], [ -47.238954991989075, -22.918929040628207 ], [ -47.239016343689492, -22.918901455803322 ], [ -47.239081630640555, -22.918883474196036 ], [ -47.239149247295401, -22.918875208715633 ], [ -47.239217467701863, -22.918874336719018 ], [ -47.239353720622134, -22.918880719465196 ], [ -47.239421845833128, -22.918878946037047 ], [ -47.239488679934446, -22.918867080707471 ], [ -47.239550617685282, -22.91884093171485 ], [ -47.23960341079961, -22.918801190880483 ], [ -47.239642020837259, -22.918749373594554 ], [ -47.239695242985235, -22.918633078891322 ], [ -47.239734181770899, -22.918581708292386 ], [ -47.239749256987068, -22.918574725455525 ], [ -47.239796742931745, -22.918520165121336 ], [ -47.239838513473053, -22.91846505353449 ], [ -47.239870629896977, -22.918409356003245 ], [ -47.239895138326347, -22.918350425873204 ], [ -47.239913345172624, -22.918289508475009 ], [ -47.239933490832662, -22.918229195599654 ], [ -47.239959615145146, -22.918170784274533 ], [ -47.239992542394866, -22.91811552662708 ], [ -47.240029685000877, -22.918062466210039 ], [ -47.240064152234019, -22.918007999238672 ], [ -47.2400909252029, -22.917949939818591 ], [ -47.240110990394349, -22.917889628062358 ], [ -47.240127664485925, -22.917828371200475 ], [ -47.240148780151991, -22.91776840569241 ], [ -47.240177006790461, -22.917710777092363 ], [ -47.240203053532689, -22.917652547368974 ], [ -47.240242697174928, -22.91753165989741 ], [ -47.24027214235749, -22.917474826506993 ], [ -47.240309449851509, -22.91742203451826 ], [ -47.240368161428243, -22.917346373318786 ], [ -47.240438441135922, -22.917255744797135 ], [ -47.240465992371931, -22.917225477074677 ], [ -47.240515023152959, -22.917181817265565 ], [ -47.240575309867651, -22.917153073441906 ], [ -47.240598620759755, -22.917148411556447 ], [ -47.240663406703895, -22.917129353210104 ], [ -47.240781145630429, -22.917065676910237 ], [ -47.240844997171322, -22.917043562550369 ], [ -47.240960129447657, -22.917007093762404 ], [ -47.241103886221993, -22.916961645306561 ], [ -47.241115479194299, -22.916957961180294 ], [ -47.241139123790042, -22.916900306855155 ], [ -47.241159593116301, -22.916840169831843 ], [ -47.241154327918572, -22.916779042065912 ], [ -47.241134865891688, -22.916719649275297 ], [ -47.241164969678842, -22.916663799406926 ], [ -47.241251284663953, -22.916565993530593 ], [ -47.241306294871102, -22.916529199772722 ], [ -47.241371511851455, -22.91651194044741 ], [ -47.241438697147601, -22.916501965060721 ], [ -47.241494546416085, -22.916467325841598 ], [ -47.241530394981162, -22.916413832058154 ], [ -47.241557733959077, -22.916356035255827 ], [ -47.241604246478808, -22.916310785870024 ], [ -47.241665434230782, -22.916283112169722 ], [ -47.241728450550504, -22.916259113638617 ], [ -47.241787814110225, -22.916228035446704 ], [ -47.241844539601125, -22.916192932400953 ], [ -47.241964175677261, -22.91613229764581 ], [ -47.242022548185368, -22.916099608533933 ], [ -47.242082657032512, -22.916069873743226 ], [ -47.242146145018367, -22.916040362014865 ], [ -47.242133880672206, -22.916008128812873 ], [ -47.242121863324137, -22.915976253195417 ], [ -47.242068881642908, -22.915867686208674 ], [ -47.242063558038069, -22.915856748626176 ], [ -47.242055983155417, -22.915796917284634 ], [ -47.242071208396915, -22.915735590470199 ], [ -47.242100087044747, -22.915678584267759 ], [ -47.242138934864776, -22.915626672849211 ], [ -47.242210137071012, -22.915518969877802 ], [ -47.242251343174743, -22.915468740233411 ], [ -47.242298490541636, -22.915423030365726 ], [ -47.242350460212975, -22.9153822171474 ], [ -47.242459473244843, -22.915306115652474 ], [ -47.242509971272909, -22.915263788608097 ], [ -47.242557121452201, -22.915218259170093 ], [ -47.242599709624542, -22.915169002880223 ], [ -47.242632392603859, -22.915113657965414 ], [ -47.242651166286748, -22.915053093407082 ], [ -47.242657122772655, -22.91499018237565 ], [ -47.242668476046667, -22.914928007529333 ], [ -47.242695815768755, -22.914870300830486 ], [ -47.242730117521226, -22.914815655183276 ], [ -47.242770025755497, -22.914764721611697 ], [ -47.242859047899167, -22.914670397224786 ], [ -47.242904779703913, -22.914626602839835 ], [ -47.242960496841754, -22.914593770408452 ], [ -47.243017445815696, -22.914567419889615 ], [ -47.243071060563139, -22.914528930207354 ], [ -47.243113812014357, -22.914479852032152 ], [ -47.243146574984586, -22.91442450590155 ], [ -47.243175772847671, -22.914367404764214 ], [ -47.243210319794954, -22.914313026372312 ], [ -47.243253883538586, -22.914264478300513 ], [ -47.243303561103701, -22.914221169678328 ], [ -47.243356921213284, -22.914181871093334 ], [ -47.24352325202441, -22.914072642964779 ], [ -47.243579982108002, -22.914037900386525 ], [ -47.243639783156951, -22.914009072114432 ], [ -47.243700994695821, -22.913982931943909 ], [ -47.243735247606971, -22.913959519702598 ], [ -47.243769235774643, -22.913929792401674 ], [ -47.243882922023005, -22.913849652189093 ], [ -47.244015200182019, -22.913756521283997 ], [ -47.244136481776273, -22.91369351483873 ], [ -47.244185835962128, -22.913650120271381 ], [ -47.244228664112761, -22.913600860213979 ], [ -47.244269218686284, -22.91355018798772 ], [ -47.244311972374021, -22.913501290037697 ], [ -47.244358713655991, -22.913455404840054 ], [ -47.244503826610156, -22.91332183241169 ], [ -47.24455376231068, -22.913279603014075 ], [ -47.244606106880433, -22.91324212377738 ], [ -47.244717854635226, -22.913171217815801 ], [ -47.244771797163018, -22.913133174327886 ], [ -47.244819829624078, -22.913092506326642 ], [ -47.244911877156945, -22.913001478093324 ], [ -47.244908535405507, -22.912862060587262 ], [ -47.244904973561376, -22.912714160955986 ], [ -47.244966931176393, -22.912689454093552 ], [ -47.245033606627672, -22.912697447947984 ], [ -47.245093028192656, -22.912728562793671 ], [ -47.2451586263767, -22.91273946041591 ], [ -47.245220496164144, -22.912714303356342 ], [ -47.245263270071064, -22.912666668656925 ], [ -47.245281606285097, -22.912613782872683 ], [ -47.2453049271708, -22.912546383650039 ], [ -47.245336429134852, -22.912424346601988 ], [ -47.24535988678511, -22.912365250135782 ], [ -47.245379870125618, -22.912305029308303 ], [ -47.245382678092717, -22.912275471822241 ], [ -47.245385907173414, -22.91224220737525 ], [ -47.245405822038499, -22.912182709661419 ], [ -47.245438052362978, -22.91212926630978 ], [ -47.245463487431252, -22.9120633717366 ], [ -47.245618207092427, -22.911893555210654 ], [ -47.245935665914281, -22.91169435626707 ], [ -47.246161445625255, -22.911593853248949 ], [ -47.246248133190171, -22.911538556189885 ], [ -47.246304721815321, -22.91142708660005 ], [ -47.246357788908632, -22.911116624985688 ], [ -47.24637788355664, -22.910921812300277 ], [ -47.246387297863286, -22.910781131211362 ], [ -47.246401171588346, -22.910564832378199 ], [ -47.246396095626622, -22.91025690837624 ], [ -47.246351887764192, -22.910046847284843 ], [ -47.246308157275259, -22.909953496478376 ], [ -47.246296117663107, -22.909827652077521 ], [ -47.246273917300456, -22.909689945702489 ], [ -47.246262015948659, -22.909611490257912 ], [ -47.246220476137431, -22.909456003745237 ], [ -47.246171480758221, -22.909272368651671 ], [ -47.24614724400589, -22.909084230987126 ], [ -47.246121998626741, -22.908883650532903 ], [ -47.246020515389063, -22.908967591254484 ], [ -47.245841767461911, -22.909059214251801 ], [ -47.24559206474953, -22.909161047832363 ], [ -47.245307213888879, -22.909334329030109 ], [ -47.245182767549302, -22.909385465418378 ], [ -47.244787620694261, -22.909483486654903 ], [ -47.244449282023446, -22.909522390573553 ], [ -47.244176473660474, -22.90952426029834 ], [ -47.244042230340973, -22.909502687587477 ], [ -47.24385052258102, -22.909436973026388 ], [ -47.243731221695029, -22.909376012359619 ], [ -47.243678014071762, -22.909336594642561 ], [ -47.243631764025807, -22.909290218195011 ], [ -47.243593773440111, -22.909237857583353 ], [ -47.243534439098049, -22.909124054822811 ], [ -47.243421659514055, -22.90896614360566 ], [ -47.243353796767927, -22.908856613592654 ], [ -47.243166652322252, -22.908672581834136 ], [ -47.242994996396185, -22.908570204650704 ], [ -47.242960501875672, -22.90854956901309 ], [ -47.242836707087221, -22.908493816371738 ], [ -47.242650490148606, -22.908424682734697 ], [ -47.24248220569622, -22.908390410126607 ], [ -47.242314144367015, -22.908359925465081 ], [ -47.242137392055312, -22.908338499919761 ], [ -47.241999583947312, -22.908349291874543 ], [ -47.241813499524035, -22.90837123638622 ], [ -47.241615369626928, -22.908418174587062 ], [ -47.241488762201037, -22.908465005725553 ], [ -47.241354143550822, -22.90848405682738 ], [ -47.241285947737119, -22.908486102549997 ], [ -47.24121832513611, -22.90847902301978 ], [ -47.24117856642895, -22.908465682761182 ], [ -47.241101110663536, -22.908417759983362 ], [ -47.241061453299679, -22.908366595694979 ], [ -47.240995983782526, -22.908255857255948 ], [ -47.240908323486224, -22.908159152754674 ], [ -47.240858195678854, -22.908116350601262 ], [ -47.240801997025969, -22.90808067504776 ], [ -47.240558239770166, -22.907967487207106 ], [ -47.240492695017892, -22.907949906864069 ], [ -47.24042501311979, -22.907944091573125 ], [ -47.240288844921587, -22.907951970289606 ], [ -47.240132203385478, -22.907931703046994 ], [ -47.240083332009135, -22.907940877677479 ], [ -47.240023724966335, -22.90796184838711 ], [ -47.239857402469646, -22.908071343298321 ], [ -47.239729869291274, -22.908115658584709 ], [ -47.239605659595291, -22.90816660678891 ], [ -47.239537698949775, -22.908168287359171 ], [ -47.2391293905523, -22.908150123731527 ], [ -47.238720651988004, -22.908159587350237 ], [ -47.238585231354776, -22.908173863167118 ], [ -47.23797192461182, -22.908185757055278 ], [ -47.237837299538967, -22.908204444199551 ], [ -47.23770681403952, -22.908240314243638 ], [ -47.237439015099483, -22.908287777642478 ], [ -47.237226763943163, -22.90834601246959 ], [ -47.23717618483434, -22.90834419748699 ], [ -47.237106476323333, -22.908337326106572 ], [ -47.237014632488275, -22.908269564236747 ], [ -47.236936185823296, -22.908219938169776 ], [ -47.23683032904755, -22.908174850508878 ], [ -47.236674614942942, -22.908147435529941 ], [ -47.236517090305284, -22.908156604779514 ], [ -47.236336829973276, -22.908156435275263 ], [ -47.236149543602295, -22.908159072565972 ], [ -47.235966222862459, -22.908119317694929 ], [ -47.235791913196728, -22.908075283371687 ], [ -47.235401900332995, -22.907962340964946 ], [ -47.235045230842694, -22.90794199554751 ], [ -47.234777356790957, -22.908038832636269 ], [ -47.23464674898338, -22.908150618102137 ], [ -47.234411613921679, -22.908293482430974 ], [ -47.234212403685497, -22.908402170701155 ], [ -47.234140350311925, -22.908458158192353 ], [ -47.234054673617287, -22.908531217602928 ], [ -47.234001067308562, -22.908599673447863 ], [ -47.233825434974165, -22.908754427838971 ], [ -47.233633090035305, -22.90900257471235 ], [ -47.233399131134767, -22.909217365526146 ], [ -47.233347897757632, -22.909327672618936 ], [ -47.233284485548879, -22.909410799474948 ], [ -47.233171821178665, -22.909563313644686 ], [ -47.233064481140936, -22.90964841220806 ], [ -47.232947818257308, -22.909713872890599 ], [ -47.232781579553027, -22.909824081838345 ], [ -47.232656292651171, -22.909873324891926 ], [ -47.232575313540508, -22.909884934626724 ], [ -47.232521316327777, -22.909880548446559 ], [ -47.23246412251855, -22.909867451092914 ], [ -47.232279333492649, -22.909767593515287 ], [ -47.232155667326381, -22.909714628856278 ], [ -47.231950108796234, -22.909548805334627 ], [ -47.231875525505707, -22.909445502583971 ], [ -47.231729566445715, -22.909218812144566 ], [ -47.231577776411065, -22.909008993519649 ], [ -47.231513825696886, -22.908897326655129 ], [ -47.231401355742484, -22.908737867034183 ], [ -47.231267058764793, -22.908447823827348 ], [ -47.23093402742083, -22.907971639206544 ], [ -47.230857060351674, -22.907796244325592 ], [ -47.230833328412174, -22.907672006330319 ], [ -47.230828450180788, -22.907604734101614 ], [ -47.23072625008939, -22.907370477038043 ], [ -47.230630130704718, -22.90720329469799 ], [ -47.230598192076904, -22.907127556157835 ], [ -47.23046280389508, -22.906908117792142 ], [ -47.230268471008308, -22.906435850772812 ], [ -47.230141685739326, -22.906142902406295 ], [ -47.229993562308273, -22.905930863866995 ], [ -47.229940948188904, -22.905814433246999 ], [ -47.229825512566386, -22.905448839023478 ], [ -47.229758025117064, -22.905317271373228 ], [ -47.229748626617045, -22.905268387158888 ], [ -47.229745026619767, -22.905205520083438 ], [ -47.229730766128839, -22.905154176588063 ], [ -47.229688916267335, -22.905091485421675 ], [ -47.229628224510606, -22.905026531215519 ], [ -47.229506881234187, -22.904908898766035 ], [ -47.22939901186902, -22.904873131777329 ], [ -47.229258395894483, -22.904795668628218 ], [ -47.229200001891272, -22.904763088627885 ], [ -47.229008694961884, -22.90469653713015 ], [ -47.228827024774972, -22.904609900656844 ], [ -47.228630958191417, -22.904556955853902 ], [ -47.228382463917619, -22.904452931837834 ], [ -47.228106510307235, -22.904379893899936 ], [ -47.227989409639562, -22.904364385445149 ], [ -47.227845749202132, -22.904287415005641 ], [ -47.227613418866859, -22.904149582809278 ], [ -47.227486056994287, -22.904091339971099 ], [ -47.227375120835468, -22.90404487248983 ], [ -47.227290055506685, -22.90399804213645 ], [ -47.227221513141814, -22.903968943627603 ], [ -47.227156658591881, -22.903963895278881 ], [ -47.227059410706403, -22.903968237777875 ], [ -47.22699785025948, -22.903963143174753 ], [ -47.226926650770757, -22.903973078131852 ], [ -47.226530105083114, -22.904098695762606 ], [ -47.226260105756602, -22.904237613701753 ], [ -47.225922348991581, -22.90439553470225 ], [ -47.225713474392457, -22.904512923437313 ], [ -47.225460425662163, -22.904607280316657 ], [ -47.22539463300744, -22.90462354797889 ], [ -47.225326720536358, -22.904628110297299 ], [ -47.22512224841843, -22.904621406492357 ], [ -47.224923436269194, -22.90457743214531 ], [ -47.224788022935037, -22.904562538923297 ], [ -47.224600172020487, -22.904545130360304 ], [ -47.22437364991967, -22.904556246687008 ], [ -47.22431691265205, -22.904561103409975 ], [ -47.224112318805027, -22.904561711820666 ], [ -47.223979259752447, -22.904587676985525 ], [ -47.223785695326761, -22.904648611060921 ], [ -47.223387456349144, -22.904734797091681 ], [ -47.223130135480027, -22.90481864865745 ], [ -47.222945249899908, -22.904899319553476 ], [ -47.222781136357156, -22.905011925743253 ], [ -47.222472459391426, -22.905144879479199 ], [ -47.222342402692938, -22.90518253634681 ], [ -47.222204073262432, -22.905245132975001 ], [ -47.222087373592259, -22.905303545280702 ], [ -47.222006924723225, -22.905367317860751 ], [ -47.221957409213545, -22.905435622464939 ], [ -47.221899879057766, -22.905524981707647 ], [ -47.221695386936027, -22.90574394763739 ], [ -47.221496611455237, -22.906195367671902 ], [ -47.221458890234423, -22.906316766193179 ], [ -47.221413266024555, -22.90642663048132 ], [ -47.221417476729648, -22.906497613699855 ], [ -47.221447688797213, -22.906620589545557 ], [ -47.221482949207839, -22.906870865053722 ], [ -47.221461263639561, -22.907059019253097 ], [ -47.221412179423361, -22.907242591872006 ], [ -47.221417608840667, -22.907368622439886 ], [ -47.221406647212781, -22.90742582610164 ], [ -47.221362759200652, -22.907479518464658 ], [ -47.221250365280525, -22.907550778601919 ], [ -47.221066049016535, -22.907632161787504 ], [ -47.22102092565013, -22.907679101130299 ], [ -47.220915883471825, -22.90784152073039 ], [ -47.220738346532251, -22.908033208407467 ], [ -47.220642535355019, -22.908199921981677 ], [ -47.220531446272993, -22.908297070779518 ], [ -47.220507136244336, -22.908339024955659 ], [ -47.220482538734132, -22.908397863553422 ], [ -47.220415615329323, -22.908507664360528 ], [ -47.220382804134012, -22.908629625933909 ], [ -47.220353990249016, -22.908686176461288 ], [ -47.220264646728154, -22.908781305942377 ], [ -47.220184818387779, -22.908883343376637 ], [ -47.22008732375032, -22.908971455435424 ], [ -47.220044078480989, -22.909020263948456 ], [ -47.219983065379047, -22.909132780338705 ], [ -47.219946150336902, -22.90918538192691 ], [ -47.219830202295107, -22.909250733076075 ], [ -47.219779041131034, -22.90929215980654 ], [ -47.219735256268621, -22.909352259485939 ], [ -47.219715744158684, -22.909402631837406 ], [ -47.219666741742238, -22.909586473741747 ], [ -47.219568421325157, -22.909752228902814 ], [ -47.21951591167872, -22.909868778695785 ], [ -47.219356588654357, -22.910073750940096 ], [ -47.219105376786153, -22.910286777403453 ], [ -47.219062699081242, -22.910335938838408 ], [ -47.218993425934265, -22.910444688758783 ], [ -47.2189408555395, -22.910483517133173 ], [ -47.218877085896409, -22.910505802107437 ], [ -47.21883069391594, -22.91054896732615 ], [ -47.218806213429055, -22.910605186268977 ], [ -47.218771699194626, -22.910657212466727 ], [ -47.21867581230547, -22.910745481856157 ], [ -47.218646509961218, -22.910777034280489 ], [ -47.218491297469058, -22.911081605999261 ], [ -47.218329530241014, -22.911284715862248 ], [ -47.218300241730411, -22.911341814339789 ], [ -47.218256379219561, -22.911461402440459 ], [ -47.218226360160166, -22.91151805976525 ], [ -47.218118556566239, -22.91167907211344 ], [ -47.218028074426272, -22.911773584548975 ], [ -47.217825080589797, -22.911942335507018 ], [ -47.217707403639224, -22.912005362438894 ], [ -47.217577680846013, -22.912044274988578 ], [ -47.217376426128467, -22.912077957756821 ], [ -47.217312236079913, -22.912099164797311 ], [ -47.21712983259242, -22.912185030687091 ], [ -47.216804625863467, -22.912414794034692 ], [ -47.216647140089812, -22.912535516703773 ], [ -47.216535313657104, -22.912607488122472 ], [ -47.21643299263458, -22.912690700764202 ], [ -47.21640888557102, -22.912700786394769 ], [ -47.216300642394906, -22.912696610303719 ], [ -47.216172927406689, -22.912681151391887 ], [ -47.215869780389113, -22.912616957758527 ], [ -47.215580495554427, -22.912565027322628 ], [ -47.215366212616971, -22.912538950308996 ], [ -47.215029272483029, -22.912516840850511 ], [ -47.214688020406378, -22.912526114414835 ], [ -47.214485441355173, -22.912552590492233 ], [ -47.214173941135016, -22.91259746565968 ], [ -47.213942826182027, -22.912603847734459 ], [ -47.213806529791498, -22.912609268595254 ], [ -47.213535349195702, -22.912637783161632 ], [ -47.213401439416131, -22.912661495177211 ], [ -47.213005578075951, -22.91275746324991 ], [ -47.212870237348668, -22.912772258060354 ], [ -47.212599497323581, -22.912743804649271 ], [ -47.21239522165218, -22.912749991026864 ], [ -47.212259964131739, -22.91273526591813 ], [ -47.212201071780754, -22.912731392396839 ], [ -47.212119837517079, -22.912722594463705 ], [ -47.212024477326068, -22.912705056561702 ], [ -47.211720455684578, -22.912690876564781 ], [ -47.21159038497909, -22.912654052776233 ], [ -47.211427585147824, -22.912571466522689 ], [ -47.211274536774923, -22.912445956355263 ], [ -47.211104173161836, -22.91229839047017 ], [ -47.210990132225831, -22.912229116576945 ], [ -47.210827172523715, -22.912106903377154 ], [ -47.210534588026938, -22.911965371429066 ], [ -47.210422992978366, -22.911932893174551 ], [ -47.210284797236795, -22.911925248270258 ], [ -47.210080459158952, -22.911917621157581 ], [ -47.209947782057704, -22.911888505165276 ], [ -47.209811923805816, -22.911881278661493 ], [ -47.209676768923593, -22.911897602715253 ], [ -47.209546527579995, -22.911934439838596 ], [ -47.209376482723869, -22.912039352640438 ], [ -47.20901157046616, -22.912210255624537 ], [ -47.208897771860322, -22.912279812045096 ], [ -47.208695255821262, -22.91244908704914 ], [ -47.208562012450052, -22.912533808277953 ], [ -47.208430107857239, -22.912656514462331 ], [ -47.2083294158775, -22.912726520111498 ], [ -47.208127534431156, -22.912840811196165 ], [ -47.208019401833482, -22.912917870931892 ], [ -47.207595198851855, -22.913120106662333 ], [ -47.207484850923905, -22.913194398493502 ], [ -47.207305584230532, -22.913285896961568 ], [ -47.207241794904078, -22.913307184756881 ], [ -47.207174345646557, -22.913300991033651 ], [ -47.206989091519652, -22.913221330065216 ], [ -47.20676242446676, -22.913080680234199 ], [ -47.206640082467807, -22.913024788188029 ], [ -47.206583027594334, -22.912990466019021 ], [ -47.206330212066064, -22.91277850442912 ], [ -47.206272999591448, -22.912744364866068 ], [ -47.206028627823201, -22.912631943619356 ], [ -47.205832390609864, -22.912578702389219 ], [ -47.205709120256635, -22.912524988947716 ], [ -47.205390951353323, -22.912411335014422 ], [ -47.205190101013557, -22.912375940244726 ], [ -47.204659531100752, -22.91225801281411 ], [ -47.204026214762621, -22.912023526573627 ], [ -47.203843684241022, -22.911938136858847 ], [ -47.20377875594972, -22.91191881746462 ], [ -47.20371126946155, -22.911910275702958 ], [ -47.203574915636793, -22.911912168003255 ], [ -47.203507432075661, -22.911903806653612 ], [ -47.203319689283838, -22.91182905025202 ], [ -47.20320706786854, -22.911757855102238 ], [ -47.202659489557547, -22.911502313983604 ], [ -47.202527883356325, -22.911469746524041 ], [ -47.202124836373457, -22.911404925695077 ], [ -47.201989159107868, -22.911413848301201 ], [ -47.201725985545757, -22.911480415975557 ], [ -47.201662463259176, -22.911503322693768 ], [ -47.201603091127531, -22.911534386445833 ], [ -47.201439116960337, -22.911647331255395 ], [ -47.201317230200637, -22.911703995659799 ], [ -47.200979685839862, -22.911918011642246 ], [ -47.200768245405634, -22.912037932669481 ], [ -47.200589407265923, -22.912171122708031 ], [ -47.200531185713395, -22.91220379501145 ], [ -47.200467493410962, -22.912226162017344 ], [ -47.200334537469615, -22.91225436341179 ], [ -47.200204218047375, -22.912291555202792 ], [ -47.200013231305405, -22.912359286414226 ], [ -47.199947178279878, -22.912374825379956 ], [ -47.199811258907033, -22.912378784674502 ], [ -47.199608707050231, -22.912352433346605 ], [ -47.199472583717814, -22.912343757318887 ], [ -47.199404655343066, -22.912347677156593 ], [ -47.199340696934719, -22.9123685128144 ], [ -47.199057746842911, -22.91254448711144 ], [ -47.198995139428533, -22.912569366097291 ], [ -47.19886464835114, -22.912605927312352 ], [ -47.198557183483807, -22.912741979649464 ], [ -47.19849188961512, -22.912759764280015 ], [ -47.198356160713793, -22.912770580270294 ], [ -47.198018799630269, -22.912861910297615 ], [ -47.197903398772546, -22.912907288908301 ], [ -47.197789676480149, -22.912977017232244 ], [ -47.197726732636951, -22.913000997695324 ], [ -47.197526766286032, -22.913040324863744 ], [ -47.197458596681273, -22.913039282354866 ], [ -47.197392154648412, -22.913025758581941 ], [ -47.197329703129618, -22.913000534664445 ], [ -47.197271938794586, -22.91296694097359 ], [ -47.196948250886997, -22.912735001449068 ], [ -47.196903126066523, -22.912687782422619 ], [ -47.196869531363191, -22.912632911404113 ], [ -47.196799556156272, -22.912455053642656 ], [ -47.196788235982254, -22.912381007892673 ], [ -47.196788235979767, -22.912381007894513 ], [ -47.196786340555775, -22.91236812543362 ], [ -47.196780503770313, -22.912330112026535 ], [ -47.196790047469896, -22.912204233160651 ], [ -47.196822711379795, -22.912081735519578 ], [ -47.196901061437408, -22.911906700248402 ], [ -47.197004655347776, -22.911762097922733 ], [ -47.197077010273638, -22.911574146579323 ], [ -47.197115081238934, -22.911487953098312 ], [ -47.197114990603716, -22.911397593570513 ], [ -47.197116385290549, -22.91119997212067 ], [ -47.196983722600883, -22.910653143405774 ], [ -47.196524187972372, -22.910080144170063 ], [ -47.196425607596005, -22.909777837568527 ], [ -47.196371818503003, -22.909661681161644 ], [ -47.196307428285117, -22.909416313629521 ], [ -47.196287271305067, -22.909227746382332 ], [ -47.196189900197147, -22.908666255984823 ], [ -47.196152985339189, -22.908544901207073 ], [ -47.196020273016465, -22.908253898655271 ], [ -47.195985084577856, -22.908199771533504 ], [ -47.195738629011103, -22.907897161951418 ], [ -47.195586705339849, -22.907770446237709 ], [ -47.195529417077324, -22.907736303518071 ], [ -47.195377847451404, -22.907681438098422 ], [ -47.195201857455011, -22.907652185857977 ], [ -47.194940651262762, -22.907651102134793 ], [ -47.194674144728644, -22.907705156325406 ], [ -47.194471283366553, -22.907728992673807 ], [ -47.194267169609887, -22.907739937365651 ], [ -47.19419286312641, -22.907781856640838 ], [ -47.194177709165125, -22.907818986717228 ], [ -47.194161779899638, -22.907867862691557 ], [ -47.194114427063518, -22.908001575892303 ], [ -47.194011113596673, -22.908368328653967 ], [ -47.19396651405453, -22.908553277527872 ], [ -47.193888031479126, -22.908795113658478 ], [ -47.193846843176608, -22.909172021104453 ], [ -47.193827726433319, -22.909232586007008 ], [ -47.193795508889608, -22.909288096191325 ], [ -47.193749644516949, -22.909334587283634 ], [ -47.193694220936905, -22.909371370911582 ], [ -47.193632446300718, -22.90939804166625 ], [ -47.193566732539857, -22.909414656493926 ], [ -47.1932947734579, -22.909429786987978 ], [ -47.193096165768985, -22.909473422555898 ], [ -47.193057538238349, -22.9094902047331 ], [ -47.192993600822767, -22.909552291233968 ], [ -47.192890146698154, -22.90971575578412 ], [ -47.19286238271993, -22.909773370804835 ], [ -47.192806887667679, -22.9099555812465 ], [ -47.19272635055502, -22.910129832557594 ], [ -47.192583707848925, -22.91034520210502 ], [ -47.192453201488853, -22.910490714991443 ], [ -47.19238617608729, -22.910600687404589 ], [ -47.192271527698637, -22.910757806689585 ], [ -47.192226806088726, -22.910805455141453 ], [ -47.192159981460449, -22.91084799247222 ], [ -47.192113887130198, -22.91087525866191 ], [ -47.191790400087022, -22.910974779066454 ], [ -47.191458266887416, -22.911046434228794 ], [ -47.191265845274394, -22.911110112691244 ], [ -47.191206060123989, -22.911140636764802 ], [ -47.191038391391778, -22.911249289323031 ], [ -47.190801381338062, -22.911373973633324 ], [ -47.190734770733286, -22.911389877573242 ], [ -47.190667816257005, -22.911384392054163 ], [ -47.190604827285682, -22.91136061710155 ], [ -47.190494592153335, -22.9112874838574 ], [ -47.190364217188979, -22.911251368550474 ], [ -47.190250421626246, -22.911181714524215 ], [ -47.190187738254849, -22.911156942200613 ], [ -47.189991818886348, -22.911103044534041 ], [ -47.189815242621222, -22.911007535831594 ], [ -47.189621014424418, -22.910948830006781 ], [ -47.189558950855478, -22.910922604539877 ], [ -47.189489698106343, -22.910909116090409 ], [ -47.189430128731203, -22.910928081871546 ], [ -47.189317386162735, -22.910998964314491 ], [ -47.189253521306881, -22.91102069738087 ], [ -47.189052262160139, -22.911054615406581 ], [ -47.1889207570457, -22.91108820355765 ], [ -47.188853031321514, -22.911094733913881 ], [ -47.188184839487171, -22.911073973095736 ], [ -47.188137252152174, -22.911093405189565 ], [ -47.187988360182381, -22.911195386698861 ], [ -47.187797207359075, -22.911358251309561 ], [ -47.187562996352568, -22.911587426130655 ], [ -47.187246096487662, -22.911827308384002 ], [ -47.1871892721595, -22.911862123238027 ], [ -47.187103107657293, -22.911921625076001 ], [ -47.186778436560104, -22.912017902185113 ], [ -47.186608950533369, -22.912038651462844 ], [ -47.18620004320222, -22.91205421161947 ], [ -47.18599552612028, -22.912050527763494 ], [ -47.185791030730982, -22.912058217488248 ], [ -47.185587347465365, -22.912076457478559 ], [ -47.184905414984939, -22.91207121831097 ], [ -47.184496938077395, -22.912048493248612 ], [ -47.184297437817406, -22.912006824340011 ], [ -47.18402871782483, -22.911963760205047 ], [ -47.183834016655048, -22.911905595353424 ], [ -47.183522964532585, -22.911848849694401 ], [ -47.183372994019777, -22.911818594818932 ], [ -47.183125127794668, -22.911792935502966 ], [ -47.183040537424944, -22.911810347266979 ], [ -47.182532455481301, -22.912026670270123 ], [ -47.182464833666415, -22.912034731125704 ], [ -47.182098859915349, -22.912076501154495 ], [ -47.181887053320338, -22.912059281221154 ], [ -47.181761153206089, -22.912011452274395 ], [ -47.181695629179984, -22.911994930225823 ], [ -47.181552490846862, -22.911984800481925 ] ] ] } },
{ "type": "Feature", "properties": { "APG": "Nova Europa" }, "geometry": { "type": "Polygon", "coordinates": [ [ [ -47.025634468302364, -22.963223436914493 ], [ -47.025672910887167, -22.963266109785046 ], [ -47.025722523366596, -22.963309440935436 ], [ -47.025770788079313, -22.963354053174672 ], [ -47.025814607479354, -22.963402513854959 ], [ -47.025858823480569, -22.963450608343088 ], [ -47.025905819535346, -22.963496410353709 ], [ -47.025950275425025, -22.963544411469034 ], [ -47.025988524145951, -22.963596734936296 ], [ -47.02602541837264, -22.963649888199832 ], [ -47.026064224503926, -22.963701843411201 ], [ -47.026097051179491, -22.963757215297541 ], [ -47.026116446321907, -22.963817724101165 ], [ -47.02613375940944, -22.963878801176449 ], [ -47.02615355654109, -22.963939304834827 ], [ -47.026164471410546, -22.963991887328735 ], [ -47.026174338524946, -22.964044302658152 ], [ -47.026176560491272, -22.964096274038454 ], [ -47.026196324390746, -22.964138361523275 ], [ -47.026256218928083, -22.964240331633668 ], [ -47.026276655266606, -22.964300556265378 ], [ -47.026291484471109, -22.964362206726207 ], [ -47.026298774470398, -22.964425127159874 ], [ -47.026296901296654, -22.964488254997601 ], [ -47.026285123930094, -22.96455042610577 ], [ -47.026265441359953, -22.964610892712273 ], [ -47.02624301338119, -22.964670581912745 ], [ -47.026221311592195, -22.964730442383377 ], [ -47.026201630319051, -22.964790999244741 ], [ -47.026184450563719, -22.964852156071949 ], [ -47.026168965730108, -22.964913742620563 ], [ -47.026156060120236, -22.964975747588053 ], [ -47.026150566611214, -22.965038741144056 ], [ -47.026156569007355, -22.965101587761726 ], [ -47.026170597056968, -22.965163429021466 ], [ -47.026188951437362, -22.965224221928207 ], [ -47.026209308885583, -22.965284537840922 ], [ -47.026229588653806, -22.965345035297233 ], [ -47.026249545532053, -22.96540544659943 ], [ -47.026269262602092, -22.965465951240468 ], [ -47.026287777860269, -22.965526742072267 ], [ -47.026304209692618, -22.965588010919756 ], [ -47.026320081494156, -22.965649467477903 ], [ -47.026337716538784, -22.965710540383803 ], [ -47.026356393997716, -22.965771419406096 ], [ -47.026373227856141, -22.965832683101951 ], [ -47.026390301560518, -22.965893853451213 ], [ -47.026413858731388, -22.965953045089414 ], [ -47.026443971693084, -22.966009715424459 ], [ -47.026474644730619, -22.966066198037062 ], [ -47.026503880167354, -22.966123330962326 ], [ -47.026534152646271, -22.966179908958001 ], [ -47.026568179333623, -22.966234813956497 ], [ -47.026607224965623, -22.966286585347603 ], [ -47.026651759782091, -22.966334404619094 ], [ -47.026700106325734, -22.966379015432715 ], [ -47.026750434429744, -22.966421705068644 ], [ -47.026799493794762, -22.966465584514726 ], [ -47.026843313288381, -22.966513954534467 ], [ -47.026873823141251, -22.966570258582031 ], [ -47.026902004114127, -22.966642932600671 ], [ -47.026928670252751, -22.966684119190742 ], [ -47.02697812500157, -22.966727542128599 ], [ -47.027026392749008, -22.966772244111056 ], [ -47.027061929741762, -22.966825956060163 ], [ -47.027092283017211, -22.966882532888562 ], [ -47.0271340327564, -22.966932283440567 ], [ -47.0271808710743, -22.966978177253495 ], [ -47.027217445204997, -22.967031334231688 ], [ -47.027245642818691, -22.967088931643001 ], [ -47.02727543887606, -22.967145876662556 ], [ -47.027309941745536, -22.967200323987012 ], [ -47.027348431939878, -22.967252553647452 ], [ -47.027390423068923, -22.96730230103012 ], [ -47.027419527404028, -22.967334428600743 ], [ -47.027456549866322, -22.967396065843385 ], [ -47.027500832147027, -22.967480811481455 ], [ -47.02754932820342, -22.96750844794316 ], [ -47.027625843899941, -22.967538614834105 ], [ -47.027686362897782, -22.96756907660227 ], [ -47.027742304943445, -22.96759995800732 ], [ -47.027798008938859, -22.967636439628894 ], [ -47.027859132099096, -22.967664275555059 ], [ -47.027924757775764, -22.967681310852768 ], [ -47.027985949249896, -22.967708333357479 ], [ -47.028026663902104, -22.967758728819707 ], [ -47.028073573772133, -22.967803989473254 ], [ -47.02813632334157, -22.967827651719048 ], [ -47.028170791011618, -22.967836599522137 ], [ -47.02827083794925, -22.967816361091611 ], [ -47.02833651594942, -22.967799180454286 ], [ -47.028404133646703, -22.967793440181651 ], [ -47.028469829051893, -22.967809752134901 ], [ -47.028532986031088, -22.967833770114346 ], [ -47.028597844303356, -22.967853252430185 ], [ -47.028663320133724, -22.967871011546308 ], [ -47.028726711610908, -22.967894575057013 ], [ -47.028786504758585, -22.967924865115187 ], [ -47.028842683415036, -22.967960798604341 ], [ -47.028897204848285, -22.967998829661497 ], [ -47.028953146427767, -22.968035036974047 ], [ -47.029005926234042, -22.968074895828877 ], [ -47.029033236011784, -22.968126816756556 ], [ -47.029045598631882, -22.968184706766454 ], [ -47.029044066381289, -22.96825442041294 ], [ -47.029033500039965, -22.968316846974034 ], [ -47.029024947552884, -22.968379518586261 ], [ -47.029022353560066, -22.968442745862156 ], [ -47.029022251745133, -22.968505941234454 ], [ -47.029021989146813, -22.968569138664552 ], [ -47.029024459909579, -22.968632301103327 ], [ -47.029032311614067, -22.968695033548421 ], [ -47.029043454050075, -22.968757362756691 ], [ -47.029054676891633, -22.96881969093381 ], [ -47.029066061879547, -22.968882107310559 ], [ -47.029078166375164, -22.968944243642706 ], [ -47.029090272231805, -22.969006470232625 ], [ -47.029101414731556, -22.969068799430786 ], [ -47.02911969067582, -22.969129592867461 ], [ -47.029151800544568, -22.969185243945113 ], [ -47.02917911690372, -22.969232199493078 ], [ -47.029209992150882, -22.969280553906607 ], [ -47.029247025359375, -22.969326662818037 ], [ -47.029321659363546, -22.969381498573341 ], [ -47.029373574367014, -22.969422632216197 ], [ -47.029422714722074, -22.969466419406714 ], [ -47.029465980132478, -22.969515247053053 ], [ -47.029505029204827, -22.969567107823195 ], [ -47.02954112936122, -22.969620721609886 ], [ -47.029571083732051, -22.969677393233205 ], [ -47.029592564943847, -22.969737423331672 ], [ -47.029612044425647, -22.969798020722418 ], [ -47.029634245176879, -22.969857770766463 ], [ -47.029648353153675, -22.969919429985591 ], [ -47.029640762941895, -22.969981908732017 ], [ -47.029618254054654, -22.970041509099357 ], [ -47.029591299228642, -22.970099541407819 ], [ -47.029562160268867, -22.970156698909527 ], [ -47.029545583315134, -22.970204306716692 ], [ -47.029514537141232, -22.970300668940673 ], [ -47.029485448633309, -22.970323520447629 ], [ -47.029441106461263, -22.970358754693518 ], [ -47.029367469581672, -22.970419190263314 ], [ -47.029323420228152, -22.970463267896697 ], [ -47.029277724355872, -22.970510165194597 ], [ -47.029231052941164, -22.97055635275364 ], [ -47.029189098263025, -22.970606090999247 ], [ -47.029155827938482, -22.970661224958615 ], [ -47.029128064822721, -22.970718996720045 ], [ -47.029102323669129, -22.970777555085697 ], [ -47.029076985813894, -22.970836198561987 ], [ -47.029051325013846, -22.970894755892413 ], [ -47.029026714709957, -22.970953660879569 ], [ -47.029004772223828, -22.97101352475886 ], [ -47.028986140713556, -22.971074339297349 ], [ -47.028971301202063, -22.971136008060569 ], [ -47.028959365312581, -22.971198271590776 ], [ -47.028949282530256, -22.971260782228313 ], [ -47.028939280135504, -22.971323291836196 ], [ -47.028927746194555, -22.971385550218763 ], [ -47.028919354372306, -22.971448219761442 ], [ -47.028926399658545, -22.971510781954922 ], [ -47.02894812078658, -22.971570718779819 ], [ -47.028971347401786, -22.971623775258269 ], [ -47.028996615309595, -22.971668138985954 ], [ -47.029052303039137, -22.971724932611703 ], [ -47.029114450544689, -22.971751220089978 ], [ -47.029169914132076, -22.971787613890932 ], [ -47.029221353097327, -22.971829114725313 ], [ -47.029285476368067, -22.971847703271749 ], [ -47.029353625541653, -22.971845115376322 ], [ -47.02942174688917, -22.971846048618481 ], [ -47.029489264662146, -22.971855024230383 ], [ -47.02955742241037, -22.971858394431699 ], [ -47.029625187978908, -22.971851658581336 ], [ -47.029692844830805, -22.971843028273838 ], [ -47.029760790045479, -22.971837553946003 ], [ -47.029829012841027, -22.97183451351783 ], [ -47.02989725181142, -22.97183255617934 ], [ -47.029965409034212, -22.971830509581434 ], [ -47.030033637208106, -22.971827830105287 ], [ -47.030101872119324, -22.97182560189939 ], [ -47.03017005090485, -22.971824999372096 ], [ -47.030238282282177, -22.971827916951021 ], [ -47.03030602102568, -22.971835535223605 ], [ -47.030373386122918, -22.97184505407391 ], [ -47.030441345831193, -22.971851315299464 ], [ -47.030518604357759, -22.971855651813819 ], [ -47.030564212452703, -22.971856692453084 ], [ -47.030632460839094, -22.971855366616811 ], [ -47.030714315624941, -22.971849803934838 ], [ -47.030782559954147, -22.971848207254698 ], [ -47.030850816420248, -22.97184742288389 ], [ -47.030919080977341, -22.971847180042793 ], [ -47.030987148317038, -22.971844502217127 ], [ -47.031054902963632, -22.97183704368188 ], [ -47.031122030077221, -22.971825259858509 ], [ -47.03118830735675, -22.971810417476998 ], [ -47.031253813843534, -22.971792425248481 ], [ -47.031317900979154, -22.97177093037844 ], [ -47.031379323709317, -22.971743330791071 ], [ -47.031435068295629, -22.971707047083598 ], [ -47.031486635811611, -22.971665671105619 ], [ -47.031539673338166, -22.971625810979901 ], [ -47.031594886883184, -22.971586284052268 ], [ -47.031657318932865, -22.971550907594988 ], [ -47.031713123320266, -22.971524011850182 ], [ -47.031782529587616, -22.971514094359822 ], [ -47.031850116461634, -22.971506186261372 ], [ -47.031918058468307, -22.971511273483447 ], [ -47.031983765457653, -22.971528215631533 ], [ -47.032048781305477, -22.97154733326321 ], [ -47.032115405814743, -22.971561103892178 ], [ -47.03218270529073, -22.971571615862267 ], [ -47.03225000612472, -22.971582218062807 ], [ -47.032317372511926, -22.971591826345517 ], [ -47.032385332112405, -22.97159808673976 ], [ -47.032453530942149, -22.971598837134827 ], [ -47.032521379229664, -22.97159227955315 ], [ -47.032588512795485, -22.97158094642446 ], [ -47.03265572539209, -22.971569521977234 ], [ -47.032723208863274, -22.971560080123325 ], [ -47.032790965912334, -22.971552801381634 ], [ -47.032858992491533, -22.971547414972381 ], [ -47.032924903150963, -22.971540340411675 ], [ -47.032958987689192, -22.971539722640582 ], [ -47.033029502967096, -22.971550192996389 ], [ -47.033123110835326, -22.971588533516272 ], [ -47.033177711228333, -22.971626291082867 ], [ -47.033225742901372, -22.971671084233201 ], [ -47.033271396535369, -22.971718164802187 ], [ -47.033315140991547, -22.971766624006055 ], [ -47.033353713858297, -22.97181876062961 ], [ -47.033385268758806, -22.971874778920551 ], [ -47.033410989996312, -22.971933219255504 ], [ -47.033424002120228, -22.971968414619859 ], [ -47.033424002120732, -22.971968414621227 ], [ -47.033464147440171, -22.972076854585794 ], [ -47.033464147440178, -22.972076854585794 ], [ -47.033478106848058, -22.972112334721125 ], [ -47.033502470818426, -22.97217142409113 ], [ -47.033525872780558, -22.972230706353116 ], [ -47.033544712544227, -22.972291401300154 ], [ -47.03355730182011, -22.972353530598213 ], [ -47.03356956953175, -22.972415664020478 ], [ -47.033587850637858, -22.972476636956948 ], [ -47.033613972606915, -22.972534981529122 ], [ -47.033647361877243, -22.972589982880358 ], [ -47.033682188822894, -22.972644333837152 ], [ -47.033711267909993, -22.972701466844136 ], [ -47.033733950571971, -22.972761029121667 ], [ -47.033753591765453, -22.972821533192398 ], [ -47.033772272294179, -22.972882320417654 ], [ -47.033791354815804, -22.972943102480269 ], [ -47.0338124377705, -22.973003226930057 ], [ -47.033836881118155, -22.9730622249295 ], [ -47.033866119810909, -22.973119265571338 ], [ -47.033900945642458, -22.973173526201382 ], [ -47.033938802191386, -22.973226122945395 ], [ -47.033971314191746, -22.973281586848607 ], [ -47.033993599161271, -22.973341425006701 ], [ -47.034008433083251, -22.973403074050726 ], [ -47.034019978928598, -22.973465306955021 ], [ -47.034031445742926, -22.973527631148393 ], [ -47.034045156879102, -22.973589475150039 ], [ -47.034059670630981, -22.973651218570705 ], [ -47.034073543938788, -22.973713150762524 ], [ -47.03408957982672, -22.973774513534032 ], [ -47.034110584026031, -22.973834729210612 ], [ -47.0341365470832, -22.973893165975511 ], [ -47.034154392912825, -22.973941144575026 ], [ -47.034170128870322, -22.97398246979083 ], [ -47.034210573338342, -22.97405751208419 ], [ -47.034251189427806, -22.974122531465149 ], [ -47.034279871190932, -22.974179940255667 ], [ -47.034311108068607, -22.974236142642965 ], [ -47.034344420392422, -22.974291325336363 ], [ -47.034380203384401, -22.974345031877956 ], [ -47.03441989200369, -22.974396431354844 ], [ -47.034462605954594, -22.974445805895353 ], [ -47.034503805934953, -22.974496102625043 ], [ -47.034540149114541, -22.974549621377154 ], [ -47.034570985566383, -22.97460591911711 ], [ -47.03459734961794, -22.97466426035605 ], [ -47.034622754350764, -22.974722975012291 ], [ -47.034650076442468, -22.974780852555472 ], [ -47.034676279775361, -22.974839195839749 ], [ -47.034698243776667, -22.974899037976218 ], [ -47.03471556240661, -22.974960113351088 ], [ -47.034729034212504, -22.97502205060642 ], [ -47.034740099559102, -22.97508437986588 ], [ -47.034750604849343, -22.975146896868008 ], [ -47.034762393785677, -22.975209216832432 ], [ -47.034777147929603, -22.975270866783514 ], [ -47.034795028077149, -22.975331844655379 ], [ -47.034814750596439, -22.975392347483144 ], [ -47.034827311744323, -22.975447164572309 ], [ -47.034837629835998, -22.975491809218905 ], [ -47.034883522568364, -22.975570843758451 ], [ -47.034908927623555, -22.975629558341438 ], [ -47.034935211654819, -22.975687900524839 ], [ -47.034963573849225, -22.975745403525373 ], [ -47.034994251341978, -22.975801793466967 ], [ -47.035026606371339, -22.975857439644706 ], [ -47.035059360706988, -22.975912900132688 ], [ -47.035091395558148, -22.975968640681902 ], [ -47.035122713628454, -22.97602484181105 ], [ -47.035156825325025, -22.976079652904591 ], [ -47.035195875667569, -22.976131331157042 ], [ -47.035237794628458, -22.976181257299658 ], [ -47.03527955417966, -22.976231275753065 ], [ -47.035318526922666, -22.976283135518702 ], [ -47.035352716460537, -22.976337765007155 ], [ -47.03538059930829, -22.976395454620565 ], [ -47.035401922098877, -22.976455395128895 ], [ -47.035420526293322, -22.976516363595735 ], [ -47.03544184912456, -22.976576304095186 ], [ -47.035464214431734, -22.976636050645901 ], [ -47.035481614083203, -22.976697124851057 ], [ -47.035499414385001, -22.976758103629717 ], [ -47.035546149518311, -22.976818169039952 ], [ -47.035599406910556, -22.976825158363159 ], [ -47.035667355163376, -22.976819771611076 ], [ -47.035735502832829, -22.976822326595912 ], [ -47.035803097952488, -22.976830937172533 ], [ -47.03587125238861, -22.976833943393689 ], [ -47.035939195214368, -22.976828195489176 ], [ -47.036005817091983, -22.976814791031558 ], [ -47.036071753841334, -22.976798596780725 ], [ -47.036138891890005, -22.9767874425469 ], [ -47.036206829260117, -22.976781333493804 ], [ -47.036274399033935, -22.976772159737184 ], [ -47.036340416118527, -22.976755964345013 ], [ -47.036404754889368, -22.976735096121367 ], [ -47.036467838974488, -22.976710994046837 ], [ -47.036529262326567, -22.976683392512609 ], [ -47.036590107989461, -22.976654805340313 ], [ -47.036654954758404, -22.976635645742434 ], [ -47.036722970498595, -22.976634771498166 ], [ -47.036791138355809, -22.976638679919265 ], [ -47.03685939257565, -22.976637621998034 ], [ -47.036927559628296, -22.976636113785911 ], [ -47.036995787580395, -22.976638667199818 ], [ -47.037063531255114, -22.976646462841305 ], [ -47.037130377848086, -22.976658783806485 ], [ -47.037197604778441, -22.97666965543041 ], [ -47.037260864381203, -22.976673355922347 ], [ -47.037332863119765, -22.976659249851632 ], [ -47.0374002651551, -22.976649626396785 ], [ -47.037468433541967, -22.976648208210808 ], [ -47.037536021853114, -22.976656366751335 ], [ -47.03760234360621, -22.976671222001734 ], [ -47.037668823457572, -22.976685894637633 ], [ -47.037735976798196, -22.9766972183576 ], [ -47.037803431425829, -22.976707184028069 ], [ -47.037870794832202, -22.976716428631406 ], [ -47.03793868581824, -22.976723319234527 ], [ -47.038006846940846, -22.976726775831764 ], [ -47.03807514448377, -22.976728605670246 ], [ -47.038143271753142, -22.976729805734792 ], [ -47.038211404935829, -22.97672604049427 ], [ -47.038278025105441, -22.976712544841298 ], [ -47.038341943902417, -22.976690507658173 ], [ -47.038397638689815, -22.976672367853958 ], [ -47.038437387322197, -22.976657953950404 ], [ -47.038534762053999, -22.976620139312914 ], [ -47.03859328285801, -22.976602775572669 ], [ -47.03866281935165, -22.976585360360442 ], [ -47.038727445729364, -22.976572973492843 ], [ -47.038795386847198, -22.976567134121812 ], [ -47.03886314413441, -22.976559762389677 ], [ -47.038929760071966, -22.976545995696053 ], [ -47.038994768527786, -22.976526923357035 ], [ -47.039061126984244, -22.976512076607168 ], [ -47.039129082948463, -22.976507229943888 ], [ -47.039197349193373, -22.976506983350909 ], [ -47.039265604596288, -22.976506014657488 ], [ -47.039333830186798, -22.976503060239438 ], [ -47.039401786126987, -22.97649821346015 ], [ -47.03946989878802, -22.97649309380586 ], [ -47.039538037188159, -22.976489689041088 ], [ -47.039606270885507, -22.976487276059817 ], [ -47.039674332943306, -22.976484143048264 ], [ -47.039742574761881, -22.976482271561771 ], [ -47.039810741164821, -22.976486088423428 ], [ -47.039878266673853, -22.976495420359988 ], [ -47.039945489578358, -22.976506020030996 ], [ -47.040013016457259, -22.976515442167511 ], [ -47.040080539276808, -22.976524593498084 ], [ -47.04014776356005, -22.976535283339832 ], [ -47.040213547070266, -22.976551769385338 ], [ -47.040277177090616, -22.976574783023199 ], [ -47.040341427258205, -22.976596253952081 ], [ -47.040407439804255, -22.976611924478043 ], [ -47.040470670608087, -22.976635123727565 ], [ -47.040520127974482, -22.97667285424852 ], [ -47.040567847418259, -22.97671800978701 ], [ -47.040618422810077, -22.976765927092984 ], [ -47.040662330729852, -22.976814291354192 ], [ -47.0406954064091, -22.976869565828785 ], [ -47.040723530055175, -22.976927070702821 ], [ -47.040754449989677, -22.976983365964315 ], [ -47.040793107431455, -22.977035499130348 ], [ -47.040841696546821, -22.977079650331685 ], [ -47.040896381335436, -22.977117403664451 ], [ -47.040952800984847, -22.977152877724027 ], [ -47.041008119515304, -22.977189990917559 ], [ -47.041059404280141, -22.97723157958621 ], [ -47.041107838181489, -22.97727609379989 ], [ -47.041159404290561, -22.977309644222927 ], [ -47.041216482180189, -22.977346102737933 ], [ -47.041262369987884, -22.977381712351523 ], [ -47.041319730051299, -22.977436944645639 ], [ -47.041367989752317, -22.977480558251294 ], [ -47.041420066498631, -22.977521324099175 ], [ -47.041472383110879, -22.977561996561189 ], [ -47.041523827593309, -22.977603492726807 ], [ -47.041570277621474, -22.977649747589574 ], [ -47.041607818148968, -22.977702436571491 ], [ -47.041640655964699, -22.977757894424823 ], [ -47.041674690271968, -22.97781270491847 ], [ -47.041710398029124, -22.977866500800818 ], [ -47.0417461875697, -22.977920385895445 ], [ -47.041782852014386, -22.977973627772283 ], [ -47.041822465416047, -22.97802511638881 ], [ -47.041863907638835, -22.978075227282577 ], [ -47.041904476374761, -22.978126071629763 ], [ -47.041945760578557, -22.978176365086714 ], [ -47.041993956631991, -22.978221062604984 ], [ -47.042049275876359, -22.978258175378258 ], [ -47.042104907242106, -22.97829465217416 ], [ -47.042156985879153, -22.978335507996061 ], [ -47.042206450778608, -22.978379015496976 ], [ -47.042254092347434, -22.978424261729579 ], [ -47.04229768387836, -22.978472900368491 ], [ -47.042334906051579, -22.978525773798786 ], [ -47.042370137311273, -22.978579936748197 ], [ -47.042408873530022, -22.978631887878798 ], [ -47.042452546940694, -22.978680615687388 ], [ -47.042500741983815, -22.978725222765153 ], [ -47.042552266263833, -22.978766627241448 ], [ -47.042605057938552, -22.978806751493572 ], [ -47.042657057881179, -22.978847698418651 ], [ -47.042705888089223, -22.978891755579955 ], [ -47.042750751371216, -22.978939384639194 ], [ -47.042792434060154, -22.978989401871427 ], [ -47.042833241904894, -22.97904006230338 ], [ -47.042876835203707, -22.97908879100876 ], [ -47.042924872450577, -22.979133580525335 ], [ -47.042976001811361, -22.97917544131775 ], [ -47.043027922965763, -22.979216479396364 ], [ -47.043076753427286, -22.979260536423155 ], [ -47.043119549692456, -22.979309726709577 ], [ -47.043158685689718, -22.979361491915537 ], [ -47.043197344759463, -22.9794136243647 ], [ -47.043233691320303, -22.979467050490644 ], [ -47.043264672176136, -22.979511247362883 ], [ -47.043296894531672, -22.979579170838306 ], [ -47.043332843261538, -22.979632872894587 ], [ -47.043372934714206, -22.979683993780139 ], [ -47.043414777309188, -22.979733918478736 ], [ -47.04345828929079, -22.979782557767262 ], [ -47.043504819778953, -22.979828720653902 ], [ -47.043552939255818, -22.979873599163838 ], [ -47.04359851724832, -22.979920586789326 ], [ -47.04364203071502, -22.979969316275835 ], [ -47.043689038289216, -22.980015111841485 ], [ -47.043741750386168, -22.980055236686589 ], [ -47.04379691140781, -22.980092441085787 ], [ -47.043851756297435, -22.980130010646405 ], [ -47.043916407435681, -22.980188668561439 ], [ -47.043970642903901, -22.980233829130174 ], [ -47.044021191194879, -22.980274433167217 ], [ -47.044057850589944, -22.980295175084958 ], [ -47.044116477339237, -22.980327550014287 ], [ -47.044176986138901, -22.980356740974017 ], [ -47.044236478307887, -22.980387840824168 ], [ -47.044291322074123, -22.980425319955302 ], [ -47.044343877779909, -22.980465717424131 ], [ -47.044399195846992, -22.980502648737293 ], [ -47.044458371966051, -22.980534113679223 ], [ -47.044520133338018, -22.980561031431854 ], [ -47.044582751945505, -22.980586132574718 ], [ -47.044644201278615, -22.980613686235227 ], [ -47.044703297098515, -22.980645152115258 ], [ -47.044760588612704, -22.980679620368353 ], [ -47.044816143992975, -22.980716277631906 ], [ -47.044869884200949, -22.980755215203875 ], [ -47.044922992119524, -22.980794883125199 ], [ -47.044941822688898, -22.98080646623356 ], [ -47.045328487193245, -22.980194458803634 ], [ -47.045746779570869, -22.979488245418629 ], [ -47.05566285538341, -22.96208888800339 ], [ -47.05990539988403, -22.954653871180906 ], [ -47.069505671514904, -22.937809859523199 ], [ -47.070140645472151, -22.936688569365664 ], [ -47.070382163544807, -22.936283872687781 ], [ -47.070522291998586, -22.936068091258107 ], [ -47.070932801819772, -22.935479825129931 ], [ -47.071098110032388, -22.93527066584598 ], [ -47.071318539118444, -22.935012399232203 ], [ -47.071445395234456, -22.934870184324183 ], [ -47.071616494721134, -22.934687760783163 ], [ -47.071823762434867, -22.934478594685519 ], [ -47.072079314723432, -22.934241263828881 ], [ -47.072774905787284, -22.93366127728488 ], [ -47.07299785558692, -22.933500292599664 ], [ -47.073387000312138, -22.93323629855508 ], [ -47.073903216720325, -22.932913227803851 ], [ -47.073344353778594, -22.932700439361781 ], [ -47.072813764301834, -22.932454419269948 ], [ -47.072096842718132, -22.93203398082467 ], [ -47.071155548639595, -22.931310794544526 ], [ -47.071066657800792, -22.931237748194473 ], [ -47.070928102115722, -22.931107393032928 ], [ -47.070800020012491, -22.930973290043116 ], [ -47.07065415700545, -22.93077469138457 ], [ -47.070463444196228, -22.930486492444022 ], [ -47.068934014805471, -22.928124065519143 ], [ -47.068159401426492, -22.92692482866908 ], [ -47.068093726838704, -22.926818798035093 ], [ -47.067796343869276, -22.926243734701576 ], [ -47.067669133405801, -22.925933579690199 ], [ -47.067613614754521, -22.925786972980656 ], [ -47.067565735037029, -22.92564053756346 ], [ -47.067066056736877, -22.924071011988826 ], [ -47.066908136839018, -22.923574926829406 ], [ -47.066842380261029, -22.923367968258685 ], [ -47.066824290736058, -22.923309434279684 ], [ -47.066695259134178, -22.922900088737336 ], [ -47.066462169066554, -22.92217495886457 ], [ -47.066393923272443, -22.921957470131414 ], [ -47.066297458127067, -22.921654767218961 ], [ -47.066200675703996, -22.921347012896849 ], [ -47.066010890026199, -22.920757995871153 ], [ -47.065911929283786, -22.920444311409991 ], [ -47.065814952890072, -22.920139538333864 ], [ -47.065721101906391, -22.919839418837682 ], [ -47.065624002705711, -22.919537084618543 ], [ -47.065526669364466, -22.919229878454605 ], [ -47.065429248321813, -22.918927457955327 ], [ -47.065334320328091, -22.918625095203932 ], [ -47.065240847883679, -22.918328581357464 ], [ -47.065054063069752, -22.917746023316816 ], [ -47.064972801409162, -22.917491418950704 ], [ -47.064886199687436, -22.91721855796224 ], [ -47.064801724999867, -22.916953432962757 ], [ -47.064717057133393, -22.916686143781266 ], [ -47.064648310782566, -22.916467035375792 ], [ -47.064558502302468, -22.916184014620502 ], [ -47.064479839182788, -22.915936327303605 ], [ -47.064437808696937, -22.915809404193979 ], [ -47.064381695727626, -22.915628318055585 ], [ -47.064187534689196, -22.915189663851809 ], [ -47.064084468922083, -22.914975785848853 ], [ -47.063799828371401, -22.914193543270152 ], [ -47.06327181663638, -22.912487508451647 ], [ -47.063111230749229, -22.911940716761244 ], [ -47.062933258897509, -22.911158530221659 ], [ -47.062869239931338, -22.9108902489983 ], [ -47.062757695191422, -22.910535288124571 ], [ -47.062608827765075, -22.910061466938124 ], [ -47.062318241115392, -22.910143690728251 ], [ -47.062104818962197, -22.910215794164174 ], [ -47.061909507006661, -22.910294974550844 ], [ -47.061655521376771, -22.910421859998827 ], [ -47.06143741407223, -22.910556223634302 ], [ -47.061262013383072, -22.910676581535053 ], [ -47.061138470598266, -22.910782183125292 ], [ -47.060935992384273, -22.910961571608922 ], [ -47.060786083817334, -22.911109493517323 ], [ -47.060652730007057, -22.911262617050319 ], [ -47.060528595138109, -22.911414176448098 ], [ -47.060116222661996, -22.91196849585118 ], [ -47.059849158959253, -22.912331169062551 ], [ -47.059678528569826, -22.912570628041667 ], [ -47.059554309507512, -22.912711445021724 ], [ -47.05933527843235, -22.912907386394604 ], [ -47.059145925509327, -22.913072790410055 ], [ -47.059061435004907, -22.913140780660211 ], [ -47.058958366861511, -22.913218671306524 ], [ -47.058829016168183, -22.913307194148381 ], [ -47.058569820842209, -22.913462218558717 ], [ -47.05834777997282, -22.913581462968668 ], [ -47.058174173956772, -22.913661441087658 ], [ -47.058028661683529, -22.913722999673222 ], [ -47.057790137848237, -22.913815283846507 ], [ -47.057590677293135, -22.913881061947752 ], [ -47.05732424362494, -22.913950776949033 ], [ -47.057035190593723, -22.914007604215815 ], [ -47.05686294355386, -22.914033939280944 ], [ -47.056713506056617, -22.914048513636825 ], [ -47.056490526505883, -22.914068463868968 ], [ -47.056292985227358, -22.914080410884846 ], [ -47.055706434413615, -22.914081957131568 ], [ -47.055303931377331, -22.914077507989102 ], [ -47.055061827545927, -22.914071162530046 ], [ -47.054851001048419, -22.914065585537703 ], [ -47.054475614206069, -22.914068456865092 ], [ -47.05412217985026, -22.914098667884531 ], [ -47.053886040959021, -22.914125465164155 ], [ -47.053633772491374, -22.914175310627961 ], [ -47.053231383572715, -22.914279818354689 ], [ -47.052919842098525, -22.914385949133685 ], [ -47.052631764198033, -22.914523733860875 ], [ -47.05244471607574, -22.914629427961174 ], [ -47.052286401012203, -22.914732403296544 ], [ -47.052125220990838, -22.914847963936502 ], [ -47.051973006828845, -22.914966477958853 ], [ -47.051796341298235, -22.915126564143957 ], [ -47.051649584522359, -22.9152766041191 ], [ -47.051467163283625, -22.915486867775073 ], [ -47.051284454634526, -22.915720787391951 ], [ -47.050805628717036, -22.916381115942588 ], [ -47.050606361599463, -22.91666318557386 ], [ -47.049955467862432, -22.917544203232154 ], [ -47.049731816782874, -22.917942050397144 ], [ -47.049663844986355, -22.918082766201362 ], [ -47.049608976579336, -22.91821293102635 ], [ -47.049535156289132, -22.918461783246528 ], [ -47.049470594799466, -22.918717015826918 ], [ -47.049430605910551, -22.918949362063184 ], [ -47.049400071245039, -22.919265182275431 ], [ -47.049367803081601, -22.91959935098285 ], [ -47.049344681014645, -22.919878964897855 ], [ -47.049325952241574, -22.920028523962788 ], [ -47.049270705989919, -22.920352697744192 ], [ -47.049240975165539, -22.920481544953379 ], [ -47.049186297210696, -22.920677879881325 ], [ -47.049121852729833, -22.920850146763105 ], [ -47.04910560237235, -22.920891973976087 ], [ -47.048996080560876, -22.92115076586802 ], [ -47.048870384561191, -22.921360294939348 ], [ -47.048729680807511, -22.921566045448628 ], [ -47.048569832127264, -22.921776195632862 ], [ -47.04843225363264, -22.921927920245082 ], [ -47.048145299440236, -22.922189903899575 ], [ -47.048025822869903, -22.922283978788062 ], [ -47.047941202620663, -22.922349437646123 ], [ -47.047777640148389, -22.922462407242779 ], [ -47.047588579255361, -22.922590240108253 ], [ -47.046917511083542, -22.92300369474906 ], [ -47.046175578341476, -22.923462295774264 ], [ -47.044277137339755, -22.924639588654085 ], [ -47.043795930653935, -22.924931240099209 ], [ -47.043455389008017, -22.925104983557191 ], [ -47.043262691655002, -22.925183838268246 ], [ -47.043135982963022, -22.925230246532781 ], [ -47.042927115844577, -22.925302899347706 ], [ -47.042695768569438, -22.925366632981365 ], [ -47.042349064247631, -22.925429774273571 ], [ -47.042144398092212, -22.925450282382069 ], [ -47.041740723587495, -22.925466579492877 ], [ -47.041496168943539, -22.925453655810543 ], [ -47.041290224546785, -22.925437165800624 ], [ -47.041058588150982, -22.92540123528434 ], [ -47.040764793611935, -22.925336944208663 ], [ -47.040545642817442, -22.925275936005693 ], [ -47.040237670499884, -22.925172014120804 ], [ -47.040039839116176, -22.92508536337461 ], [ -47.039832419913274, -22.924986467656566 ], [ -47.038908731341813, -22.924501722365008 ], [ -47.038676296201295, -22.924374709141336 ], [ -47.03847326801494, -22.924273678749874 ], [ -47.038221529661207, -22.924167315275152 ], [ -47.037975940650149, -22.924079740295003 ], [ -47.037826482066066, -22.924029388786423 ], [ -47.037633039892391, -22.923983393369941 ], [ -47.037351613600023, -22.923939610324183 ], [ -47.03718554580616, -22.923918089147882 ], [ -47.037018614823715, -22.923914092595471 ], [ -47.036735923474502, -22.923909324307523 ], [ -47.036513999131692, -22.923925984038103 ], [ -47.036350107482029, -22.923947857273067 ], [ -47.036160142018041, -22.923978460560409 ], [ -47.035888394567053, -22.924044417806758 ], [ -47.035520564053598, -22.924162342410998 ], [ -47.035199992765804, -22.924312250266553 ], [ -47.035089312500844, -22.924377134045056 ], [ -47.034911900287398, -22.924484039566348 ], [ -47.034738670612946, -22.92460190508482 ], [ -47.034539649500474, -22.92475819791532 ], [ -47.034371818185832, -22.924914632440238 ], [ -47.034169982890049, -22.9251355089961 ], [ -47.034093454971483, -22.925232093085057 ], [ -47.033895373018645, -22.925521351231041 ], [ -47.033718011137204, -22.925863246033522 ], [ -47.033616110049465, -22.92615551454282 ], [ -47.033548445779786, -22.926382796281423 ], [ -47.033504589988247, -22.926578807946733 ], [ -47.03340680921275, -22.927114771572946 ], [ -47.033340329583233, -22.92754525168078 ], [ -47.033286177832643, -22.927870039979879 ], [ -47.033232588265747, -22.928119439738641 ], [ -47.033125957205883, -22.928493469333638 ], [ -47.032995918116193, -22.92880722283309 ], [ -47.032903363130181, -22.928977316734763 ], [ -47.032711633462142, -22.929310276751892 ], [ -47.032413355755324, -22.929673038366346 ], [ -47.032171382538834, -22.929914378110482 ], [ -47.031885850370927, -22.930167198751299 ], [ -47.031682431878032, -22.930315058827453 ], [ -47.031450086526213, -22.930463740332836 ], [ -47.031163125869583, -22.930620974649951 ], [ -47.030955525604448, -22.930720318315046 ], [ -47.030733895388273, -22.930806028857727 ], [ -47.030533023008424, -22.930871431993594 ], [ -47.030341319913113, -22.930926425984964 ], [ -47.030133123838418, -22.930969714158518 ], [ -47.029937898767848, -22.931004169546757 ], [ -47.029729654210158, -22.931028048238769 ], [ -47.029484608672554, -22.931042195972026 ], [ -47.029270355942025, -22.93104051218943 ], [ -47.028955912703566, -22.931026025848364 ], [ -47.028752271880073, -22.931008226628261 ], [ -47.02864844862458, -22.930994387276161 ], [ -47.028415757024668, -22.930936695344727 ], [ -47.028191099931227, -22.930878719823184 ], [ -47.027520971213129, -22.930649673073265 ], [ -47.026878284323338, -22.930422529806165 ], [ -47.026616334578272, -22.930343271421179 ], [ -47.026370518896179, -22.930284028690266 ], [ -47.026210906559598, -22.930248420975392 ], [ -47.026026529816491, -22.930217823663391 ], [ -47.025825112437239, -22.930198096376966 ], [ -47.025567693541099, -22.930185583571294 ], [ -47.025366471101776, -22.930184360057908 ], [ -47.025160066575701, -22.930196834292783 ], [ -47.024931089098331, -22.930221151776813 ], [ -47.024560981303331, -22.930279678962791 ], [ -47.024049687912068, -22.930379547505446 ], [ -47.023315645513939, -22.930517282104695 ], [ -47.022902325393495, -22.930610752116397 ], [ -47.022686779635592, -22.930668117301082 ], [ -47.022516155386796, -22.930724548606968 ], [ -47.022179333570804, -22.930843222319329 ], [ -47.021628621595767, -22.931065911504078 ], [ -47.021439666622321, -22.931149297344504 ], [ -47.020990848682267, -22.93129936730239 ], [ -47.020783704947611, -22.931354275790774 ], [ -47.02057765138435, -22.931395989622878 ], [ -47.02043464736353, -22.93142326859099 ], [ -47.020251933314412, -22.931450601571992 ], [ -47.020068009609439, -22.931472262260929 ], [ -47.019882000223845, -22.931488803467509 ], [ -47.019696014940926, -22.931496135843499 ], [ -47.019104046057258, -22.931495814480293 ], [ -47.018427708917379, -22.931487175124872 ], [ -47.017901516806397, -22.931482852932529 ], [ -47.016584968721318, -22.931462393657107 ], [ -47.01591627964298, -22.931454549152104 ], [ -47.015377092497857, -22.931446682252549 ], [ -47.014937851017521, -22.931435107057517 ], [ -47.014669306247683, -22.931415134557611 ], [ -47.014423954326674, -22.931387103314929 ], [ -47.014218435891365, -22.931356489727513 ], [ -47.014045820064418, -22.931327534688567 ], [ -47.013656464555218, -22.931248426969479 ], [ -47.012447277933923, -22.930997174902586 ], [ -47.012176931867529, -22.930942283427829 ], [ -47.011898446131539, -22.930902300234241 ], [ -47.011666313555551, -22.930876624824236 ], [ -47.011407228971052, -22.930865735125856 ], [ -47.011203437617404, -22.930864887346161 ], [ -47.011108383953854, -22.930867807212405 ], [ -47.01096547043494, -22.93087413209955 ], [ -47.010838218594223, -22.930879536191771 ], [ -47.010073872962316, -22.930942573393168 ], [ -47.009658341945105, -22.9309797040356 ], [ -47.009569086373681, -22.930988778738843 ], [ -47.009398561244026, -22.931008812994964 ], [ -47.009185439698911, -22.931040309992532 ], [ -47.009042726424731, -22.931065679272816 ], [ -47.008758886668609, -22.931120459879811 ], [ -47.008040733703034, -22.931274354304158 ], [ -47.007676507412583, -22.931351004368299 ], [ -47.007344600920113, -22.931411626715803 ], [ -47.007071112562947, -22.931454356745849 ], [ -47.006929418401278, -22.93147257931669 ], [ -47.006820109197577, -22.931484614444319 ], [ -47.006674001712241, -22.931497927307721 ], [ -47.006244345864275, -22.931536852755666 ], [ -47.005625045527665, -22.93158043086871 ], [ -47.005169562223145, -22.931612367317758 ], [ -47.004869067358008, -22.93163358754051 ], [ -47.004612305220405, -22.931644053356084 ], [ -47.004263425509393, -22.931649452999306 ], [ -47.003995737261917, -22.931643986303349 ], [ -47.003227327428135, -22.931606291791443 ], [ -47.003139981108639, -22.931603151267421 ], [ -47.002933186875367, -22.931595018282241 ], [ -47.002748853589672, -22.931589129359566 ], [ -47.002574283094425, -22.931591151785383 ], [ -47.002428342857826, -22.931599493352632 ], [ -47.002280963136585, -22.931613811309997 ], [ -47.002132950285208, -22.931634276037929 ], [ -47.00198559819912, -22.93166141288237 ], [ -47.00167382731096, -22.931741359897874 ], [ -47.001385395387061, -22.931845025993933 ], [ -47.001114174154537, -22.931971134405824 ], [ -47.000950721187259, -22.932056883377335 ], [ -47.000842098335376, -22.932121176893162 ], [ -47.000670562706567, -22.932231312354507 ], [ -47.000494488545371, -22.932377255051332 ], [ -47.000289120137708, -22.932564733717012 ], [ -47.000162449962247, -22.932702921361724 ], [ -47.000029598192789, -22.932863575840141 ], [ -46.999834233289263, -22.933141115912225 ], [ -46.999517441984068, -22.933651298274171 ], [ -46.999084235702661, -22.934357857599473 ], [ -46.998711236737684, -22.934949455526461 ], [ -46.99863001082381, -22.935067659871567 ], [ -46.998603966217793, -22.935106085361497 ], [ -46.998496302805535, -22.935246921379008 ], [ -46.998528871160254, -22.93524217782706 ], [ -46.998563765462826, -22.935226120183973 ], [ -46.99861127805115, -22.935204396624421 ], [ -46.998675712402388, -22.935163501464057 ], [ -46.998736720163855, -22.935113711889286 ], [ -46.998781359472588, -22.935082454974385 ], [ -46.998900471308815, -22.935004127709014 ], [ -46.999031686955142, -22.934945328547016 ], [ -46.99916995299921, -22.934901336374033 ], [ -46.999301284734784, -22.934861403699905 ], [ -46.999354244095969, -22.934854778055268 ], [ -46.999420202829022, -22.934846544144133 ], [ -46.999473046677338, -22.934859420024452 ], [ -46.999485309931501, -22.934862425237885 ], [ -46.999518310363825, -22.934887106763789 ], [ -46.999530414881356, -22.934912141873422 ], [ -46.999534220485252, -22.934930420408776 ], [ -46.999558087971167, -22.934962710107012 ], [ -46.999585669725697, -22.934979695967225 ], [ -46.999621739319153, -22.934994408182504 ], [ -46.999680330396288, -22.935004503215787 ], [ -46.999734276509734, -22.935010323407962 ], [ -46.999869920940171, -22.935001301360305 ], [ -47.000016013168292, -22.934997564207151 ], [ -47.000162073547017, -22.934991660643142 ], [ -47.000308242663408, -22.934993158390665 ], [ -47.000454235646103, -22.934999081857438 ], [ -47.000520917468954, -22.93500176203878 ], [ -47.000793119705037, -22.935002121729863 ], [ -47.00086116655622, -22.93500469427747 ], [ -47.000929021376002, -22.935010609511451 ], [ -47.000996453661841, -22.935020592564225 ], [ -47.00126232531786, -22.935077003767457 ], [ -47.001329458713244, -22.935088525174208 ], [ -47.001464531345277, -22.935106231322102 ], [ -47.001667689392974, -22.935129127130576 ], [ -47.002073135396508, -22.935181338682479 ], [ -47.00214026622929, -22.935192679214477 ], [ -47.002205641401083, -22.935210361342474 ], [ -47.002267056914377, -22.935237572615168 ], [ -47.00237794864195, -22.935311013886004 ], [ -47.002437247240778, -22.935341862928055 ], [ -47.002503005795468, -22.935358276194268 ], [ -47.002638367066979, -22.935373720719806 ], [ -47.002704665698445, -22.935388592355089 ], [ -47.002834041337742, -22.935428848468543 ], [ -47.002899345614672, -22.93544716313977 ], [ -47.002965794425329, -22.935461310541172 ], [ -47.003160389576585, -22.935492256953768 ], [ -47.003234309244938, -22.935506039090999 ], [ -47.003300148323731, -22.935522450999184 ], [ -47.003364915313931, -22.935542487539692 ], [ -47.003493050435544, -22.935585828212588 ], [ -47.003557891210079, -22.935605412348441 ], [ -47.003623958202738, -22.935620918457833 ], [ -47.003691078701415, -22.935631536217542 ], [ -47.003759003604003, -22.935636727103706 ], [ -47.003827251985463, -22.935636587467233 ], [ -47.003963504276314, -22.935630623673383 ], [ -47.004031738029688, -22.935629491074682 ], [ -47.004099924628079, -22.93563061599459 ], [ -47.004167849531342, -22.935635806704536 ], [ -47.004233608380609, -22.935652219227652 ], [ -47.004289279391912, -22.935687807822958 ], [ -47.004332843222684, -22.935736459098134 ], [ -47.004374021108319, -22.935786855782126 ], [ -47.0044212370316, -22.935832391440684 ], [ -47.00447154638276, -22.935875089384435 ], [ -47.004518920459716, -22.935920442455689 ], [ -47.004556991783033, -22.935972774168636 ], [ -47.004589164609555, -22.936028520677755 ], [ -47.00462381046291, -22.936082972041934 ], [ -47.0046664970709, -22.936132085681841 ], [ -47.00471641005597, -22.936175149655437 ], [ -47.004771777188822, -22.936211915513411 ], [ -47.004832961784437, -22.936239760596084 ], [ -47.004899931201791, -22.936251011674912 ], [ -47.005036223869887, -22.936247754757026 ], [ -47.005103892006723, -22.936251864953249 ], [ -47.005169855133929, -22.936265746695955 ], [ -47.005232048790965, -22.936291141359192 ], [ -47.005287968082342, -22.936327177823088 ], [ -47.005336453198396, -22.936371523522745 ], [ -47.005376356290064, -22.93642265824543 ], [ -47.005407969597158, -22.936478592187356 ], [ -47.005460735025466, -22.936595196447989 ], [ -47.005492029572515, -22.936651314952659 ], [ -47.005532808953497, -22.936701896882134 ], [ -47.005581453706547, -22.936746150196754 ], [ -47.005683420253384, -22.936830174030788 ], [ -47.005731112572789, -22.936875251834927 ], [ -47.005823406578237, -22.936968425639215 ], [ -47.005871021278196, -22.937013684932285 ], [ -47.005970769628092, -22.937099903271424 ], [ -47.00601624090244, -22.937146995173364 ], [ -47.00605255953608, -22.937200341683464 ], [ -47.006065580953745, -22.93723294796494 ], [ -47.006260955344104, -22.937283831958304 ], [ -47.006327558068229, -22.937297434259879 ], [ -47.006463154593909, -22.937312330733359 ], [ -47.006530123293949, -22.937323490814094 ], [ -47.006595892494715, -22.937340534104298 ], [ -47.006788719414608, -22.937403998280807 ], [ -47.006854105434797, -22.937422310197494 ], [ -47.00692070959748, -22.937436002501823 ], [ -47.007055195158223, -22.937457322244033 ], [ -47.007122025835763, -22.937470018538587 ], [ -47.007188098028394, -22.93748579384992 ], [ -47.007253403753751, -22.937504106611968 ], [ -47.007317861308977, -22.937524867581182 ], [ -47.007381543085273, -22.937547534174847 ], [ -47.007444528129056, -22.937572015115691 ], [ -47.007568309014218, -22.937625157403208 ], [ -47.00768974530272, -22.937682843152725 ], [ -47.007808906727931, -22.937744349263156 ], [ -47.008011277940973, -22.93782258695995 ], [ -47.008161027151139, -22.937875851492393 ], [ -47.008291705788302, -22.937916989192562 ], [ -47.008357547826556, -22.937933489131179 ], [ -47.008491664100397, -22.937956978954851 ], [ -47.00855750351176, -22.937973298285197 ], [ -47.008618921385469, -22.938000506910285 ], [ -47.008674291576341, -22.938037361531137 ], [ -47.008777604639391, -22.93811983142232 ], [ -47.008832026400427, -22.938157781324723 ], [ -47.00888960459298, -22.938191719014412 ], [ -47.009006568396593, -22.93825677282527 ], [ -47.009062963688194, -22.9382922601487 ], [ -47.009117545012479, -22.938330117645247 ], [ -47.009223785818854, -22.938409390414449 ], [ -47.009275366259217, -22.938450896967822 ], [ -47.009324567441851, -22.938494600303013 ], [ -47.009370517227815, -22.938541323968355 ], [ -47.009414162801924, -22.93858988235834 ], [ -47.009498750587476, -22.938689019448546 ], [ -47.009538974746995, -22.93873996835638 ], [ -47.009574656164041, -22.938793592848587 ], [ -47.009603711726932, -22.938850370703044 ], [ -47.009674809633637, -22.939026775825312 ], [ -47.009729492802101, -22.939142270734234 ], [ -47.009820191232926, -22.939312198309111 ], [ -47.009833243496161, -22.939341373260309 ], [ -47.009848431143681, -22.93940627118095 ], [ -47.009870532893878, -22.939465755117123 ], [ -47.009901030183237, -22.939522153521676 ], [ -47.009929449713098, -22.939579390741503 ], [ -47.009952593758307, -22.939638680901176 ], [ -47.009978536334266, -22.93969694254508 ], [ -47.010012842078041, -22.939755369061313 ], [ -47.010138392925874, -22.939900931214382 ], [ -47.010182829665844, -22.93994857654144 ], [ -47.010225519485935, -22.93999768843377 ], [ -47.010257690295944, -22.940053072490038 ], [ -47.010303818128818, -22.940171654706852 ], [ -47.010331920473988, -22.940229166685118 ], [ -47.010367921468209, -22.940282606343608 ], [ -47.010411088392509, -22.940331351017086 ], [ -47.010505523421934, -22.940422147379749 ], [ -47.010550359684352, -22.940469606964864 ], [ -47.010590024826939, -22.940520743182034 ], [ -47.010624831020223, -22.940574920134363 ], [ -47.010657882287006, -22.940630022096492 ], [ -47.010696911172424, -22.940681617733595 ], [ -47.010745556337774, -22.940725688700951 ], [ -47.010850054369634, -22.940806517004532 ], [ -47.010905422304603, -22.940843099927275 ], [ -47.010966761539194, -22.940870308527028 ], [ -47.011029821072604, -22.940894245294839 ], [ -47.011089592828178, -22.94092418204686 ], [ -47.011143854267537, -22.940962042794592 ], [ -47.011192103124692, -22.941006479744157 ], [ -47.011237337703655, -22.941053663223617 ], [ -47.011285109697383, -22.941098467297241 ], [ -47.011337479561718, -22.94113887972911 ], [ -47.01139371723, -22.941174458382228 ], [ -47.011451529116691, -22.941207760110181 ], [ -47.011507528378225, -22.941243522297462 ], [ -47.011559421435599, -22.941284301804785 ], [ -47.011608621725401, -22.9413278237699 ], [ -47.011655919678155, -22.941373175394869 ], [ -47.011698054517737, -22.94142274525144 ], [ -47.011732062957087, -22.941477293142796 ], [ -47.011763678785627, -22.941533135254218 ], [ -47.011799601660179, -22.941586665794944 ], [ -47.011841177983001, -22.941636513521306 ], [ -47.01193490215401, -22.9417280401466 ], [ -47.011978068771789, -22.941776694051779 ], [ -47.012015824467099, -22.94182911795572 ], [ -47.012049594679937, -22.941883849339881 ], [ -47.012112826831341, -22.941995533390212 ], [ -47.012146199244171, -22.942050540626745 ], [ -47.012253412876333, -22.942211590327101 ], [ -47.012286784069069, -22.942266507264051 ], [ -47.01234706131941, -22.942379492564449 ], [ -47.012380274509141, -22.942434592035767 ], [ -47.012420578619803, -22.942485358493329 ], [ -47.012463110649399, -22.942534561954421 ], [ -47.012501584818473, -22.94258661548961 ], [ -47.012570082599261, -22.942695524175857 ], [ -47.01260018258025, -22.942752107528783 ], [ -47.012621645812835, -22.942811779613209 ], [ -47.012668746044625, -22.94299589019522 ], [ -47.012680999237226, -22.943057936059972 ], [ -47.012704436121908, -22.943245596843148 ], [ -47.012704402155308, -22.943308520820111 ], [ -47.012692781686624, -22.943370779304551 ], [ -47.012673498556772, -22.943431329456054 ], [ -47.012651388814582, -22.943491012691752 ], [ -47.012633926289894, -22.943576817492232 ], [ -47.012652567129543, -22.94360871984129 ], [ -47.012707266969464, -22.943643504950732 ], [ -47.01277358941973, -22.94365421898307 ], [ -47.012841080964897, -22.943646140396144 ], [ -47.012907602878443, -22.943632296313702 ], [ -47.012975165431463, -22.943623584825978 ], [ -47.013043248713068, -22.943622901414283 ], [ -47.013110257946202, -22.943614828835013 ], [ -47.013171783490087, -22.943589311954142 ], [ -47.013232226695592, -22.943561281012332 ], [ -47.013295978499599, -22.943539527493495 ], [ -47.013360729547344, -22.943520108486766 ], [ -47.01348822770332, -22.943476240284166 ], [ -47.013545008967455, -22.943461526524182 ], [ -47.013620615891277, -22.943453164047796 ], [ -47.013687598039716, -22.943448702680556 ], [ -47.013754364656073, -22.943440542637983 ], [ -47.013821255723968, -22.943435360149927 ], [ -47.013887731085681, -22.943440113451501 ], [ -47.013954257437177, -22.943442879969581 ], [ -47.014020351606561, -22.943432742245289 ], [ -47.014085488119925, -22.943417651383299 ], [ -47.014217293418767, -22.943393227893537 ], [ -47.014281172099807, -22.943374632097289 ], [ -47.01434188414494, -22.943348493166599 ], [ -47.014398631108747, -22.943315182355079 ], [ -47.014453159725136, -22.943278649700957 ], [ -47.01450884033278, -22.943243907952606 ], [ -47.014567074107191, -22.943213286532448 ], [ -47.01468832913072, -22.943160468925353 ], [ -47.014807845326445, -22.943104242766488 ], [ -47.014877533534367, -22.943092524330336 ], [ -47.014930962496727, -22.943122901192119 ], [ -47.014969831617087, -22.94317440737715 ], [ -47.014999211950865, -22.943231179902728 ], [ -47.015023797686723, -22.943289909153609 ], [ -47.015043904986285, -22.94335023000588 ], [ -47.015076187587283, -22.943472687731667 ], [ -47.015097252800139, -22.943532545016811 ], [ -47.015121440760574, -22.943591550130634 ], [ -47.015142346595482, -22.943651499708963 ], [ -47.015175912760064, -22.943773760540211 ], [ -47.015213481880593, -22.943894887175162 ], [ -47.015229824947625, -22.943956158585845 ], [ -47.015239672066372, -22.944018505572217 ], [ -47.015244137835154, -22.944081191755341 ], [ -47.015252780630234, -22.944143644316654 ], [ -47.015278893212859, -22.944267444239976 ], [ -47.015299879622958, -22.944327392759224 ], [ -47.015332296058219, -22.944382862734546 ], [ -47.015409171303169, -22.944487239949979 ], [ -47.015441748582589, -22.944542707853493 ], [ -47.015468976598157, -22.944600681209373 ], [ -47.015519914744949, -22.944717936486597 ], [ -47.015551534267274, -22.94477386791748 ], [ -47.01569197870095, -22.944990645267925 ], [ -47.015729101739424, -22.945043617836809 ], [ -47.015769410558384, -22.945094563804389 ], [ -47.015813380748419, -22.945143025736524 ], [ -47.0158601281382, -22.945189014866653 ], [ -47.016056321653878, -22.945364729269844 ], [ -47.016107112377803, -22.945406875270152 ], [ -47.016154812473381, -22.945452039694 ], [ -47.016194324469723, -22.945503447050339 ], [ -47.016257700694226, -22.945575675994604 ], [ -47.016277178681797, -22.945604317212254 ], [ -47.016359057762813, -22.945704477498097 ], [ -47.016488102751602, -22.945851704658843 ], [ -47.016525624232763, -22.945904401106198 ], [ -47.016555806998348, -22.945960982496953 ], [ -47.016605628032671, -22.946078702912345 ], [ -47.016636770081334, -22.946134910976408 ], [ -47.016675169193228, -22.946187144833168 ], [ -47.016711256050279, -22.946240671962364 ], [ -47.016739043634679, -22.946298367090368 ], [ -47.016760833521879, -22.946358214853174 ], [ -47.016801294595197, -22.946479033349505 ], [ -47.016839383437414, -22.946586250092214 ], [ -47.016855510592599, -22.946649148995313 ], [ -47.016864016558074, -22.946702304556627 ], [ -47.016885616753711, -22.946738502002937 ], [ -47.01696775849252, -22.946823762770656 ], [ -47.016999142021966, -22.946879967669339 ], [ -47.017056396377292, -22.946994704483647 ], [ -47.017116445412867, -22.947108141844826 ], [ -47.017222723630503, -22.947340969996969 ], [ -47.017254904511773, -22.947396713300481 ], [ -47.017331821114965, -22.947460283422512 ], [ -47.01739712268531, -22.947532126208415 ], [ -47.017443156066008, -22.947578665526031 ], [ -47.01748410401261, -22.947629241722034 ], [ -47.017519156023845, -22.947683413722778 ], [ -47.017547023327189, -22.947741017370983 ], [ -47.017569214410017, -22.947800769597901 ], [ -47.017594765444045, -22.9478593957502 ], [ -47.017665268940533, -22.947967554041469 ], [ -47.017722762837586, -22.948082106939204 ], [ -47.017757177378769, -22.948136648091506 ], [ -47.01779374483089, -22.948189988238358 ], [ -47.017825845785538, -22.948245732411973 ], [ -47.017909214104037, -22.948418997480008 ], [ -47.018006537672107, -22.948655008294423 ], [ -47.018023926342032, -22.948716175696148 ], [ -47.018034660787251, -22.948778601368101 ], [ -47.018049963591807, -22.948840066136874 ], [ -47.018075434677911, -22.948898693198547 ], [ -47.018103302500741, -22.948956296706132 ], [ -47.018153205190188, -22.949073925136535 ], [ -47.018210302138755, -22.949188753675049 ], [ -47.018240647184747, -22.949245332575376 ], [ -47.018275938420203, -22.949299320757856 ], [ -47.01832006767598, -22.949347508983113 ], [ -47.018417375955153, -22.949436096639953 ], [ -47.018461345882116, -22.949484377124648 ], [ -47.018496957458723, -22.94953827089337 ], [ -47.018529456944947, -22.94959373897618 ], [ -47.018571675977519, -22.949643215314296 ], [ -47.018680050541164, -22.949729856389705 ], [ -47.018717221698118, -22.949775063618734 ], [ -47.018749083638042, -22.94983090087101 ], [ -47.01880322204574, -22.949946759847808 ], [ -47.018837716577536, -22.9500012094054 ], [ -47.018875163839056, -22.950054176928369 ], [ -47.018945508826157, -22.950162336514822 ], [ -47.018984228893842, -22.95021438502927 ], [ -47.019024779024896, -22.950265146351125 ], [ -47.019102058548981, -22.950369245366346 ], [ -47.019144598230696, -22.950418627161522 ], [ -47.019238575991274, -22.950510235782147 ], [ -47.019288181356735, -22.950553569265558 ], [ -47.019345291755783, -22.950587959990596 ], [ -47.019471813729027, -22.950635098726195 ], [ -47.019594123790803, -22.950690957616565 ], [ -47.019657737190919, -22.950713890463327 ], [ -47.019723354776801, -22.950731020009787 ], [ -47.019856801791178, -22.950757216165272 ], [ -47.019921959908793, -22.950775886193082 ], [ -47.020114193687178, -22.950841055396271 ], [ -47.020372049395327, -22.950923624398396 ], [ -47.020690575838316, -22.951036655881936 ], [ -47.020880716397429, -22.951106996585601 ], [ -47.020942145173585, -22.951134380316187 ], [ -47.021002322721017, -22.951164127175872 ], [ -47.021065156854924, -22.951188694350677 ], [ -47.021196925937765, -22.951220959294663 ], [ -47.021262238479899, -22.951239175391621 ], [ -47.021326551669304, -22.951260473625105 ], [ -47.021516065853255, -22.951331904836998 ], [ -47.021577809665395, -22.951358832904795 ], [ -47.021693610362, -22.951425606326794 ], [ -47.02175488268454, -22.951453262549261 ], [ -47.021881643286726, -22.951500125384431 ], [ -47.021943541295236, -22.95152659994827 ], [ -47.022063660028898, -22.951586366678594 ], [ -47.022126260082281, -22.951611387779231 ], [ -47.022321969538815, -22.951666850183305 ], [ -47.022389398923117, -22.951676011076394 ], [ -47.022525603497179, -22.951671294920462 ], [ -47.022593804354848, -22.951672862600507 ], [ -47.022661745424514, -22.951678586316298 ], [ -47.022728881482813, -22.951689646625667 ], [ -47.022793110661617, -22.951710674476242 ], [ -47.022851168153331, -22.951743787890617 ], [ -47.022907809656893, -22.951778995719661 ], [ -47.022970172808407, -22.951804290325217 ], [ -47.023102784070012, -22.951833654005945 ], [ -47.023168715999454, -22.951850236391866 ], [ -47.023301331363868, -22.951879870680202 ], [ -47.023363850018391, -22.951904802030697 ], [ -47.023419387833691, -22.951941468180955 ], [ -47.023526991158796, -22.952019178027818 ], [ -47.023575645860589, -22.952063334673063 ], [ -47.023613170521472, -22.952115938825397 ], [ -47.02370325795313, -22.952286225588168 ], [ -47.023735920991626, -22.952341690335203 ], [ -47.023777028120612, -22.952391901515675 ], [ -47.023830038305114, -22.95243157890453 ], [ -47.023889900830874, -22.952461689720469 ], [ -47.023952892747616, -22.952485982834688 ], [ -47.024146441977955, -22.952547428722426 ], [ -47.024212064909172, -22.952564827083076 ], [ -47.024344986550275, -22.952593373205435 ], [ -47.024410375090341, -22.952611225858735 ], [ -47.024469606834302, -22.952642156989238 ], [ -47.024516436082536, -22.952687871326312 ], [ -47.024543262467702, -22.952745486766002 ], [ -47.024549745397806, -22.952808327160042 ], [ -47.024550556018106, -22.952997808502076 ], [ -47.024539305091714, -22.953187172995495 ], [ -47.02453855621787, -22.953250286266517 ], [ -47.024543594970424, -22.953313325647734 ], [ -47.024554492335682, -22.953375658292025 ], [ -47.024570120261586, -22.953437118045347 ], [ -47.024606023643408, -22.953558985158935 ], [ -47.02462197449929, -22.95362053105746 ], [ -47.024661405663124, -22.953806540138039 ], [ -47.024679676967963, -22.953867334181943 ], [ -47.024708746384718, -22.953924379266827 ], [ -47.02474635376349, -22.953977072304813 ], [ -47.024780214028176, -22.954031889550773 ], [ -47.024828043968846, -22.954150173769161 ], [ -47.024857275628257, -22.954207307023211 ], [ -47.024880989024552, -22.954266406553863 ], [ -47.024885575114368, -22.954299028302945 ], [ -47.02486409391846, -22.954389850535545 ], [ -47.024842151744075, -22.954449713606774 ], [ -47.0248171374759, -22.954508442301119 ], [ -47.024782734091822, -22.954562957580034 ], [ -47.024745006698915, -22.954615619476687 ], [ -47.024711495553113, -22.954670665012689 ], [ -47.024655078810341, -22.954785676172293 ], [ -47.02459485837047, -22.954899020615848 ], [ -47.024569684500115, -22.954957841594222 ], [ -47.024482229703224, -22.955196838345948 ], [ -47.024456243827814, -22.955255128014855 ], [ -47.024392862500051, -22.955366797488029 ], [ -47.024368332892919, -22.955425700493496 ], [ -47.024347600170643, -22.955485818902684 ], [ -47.024321129193467, -22.955543934193031 ], [ -47.024286884800418, -22.955598357078173 ], [ -47.024167526065604, -22.955751997725521 ], [ -47.024095312444679, -22.955859085439599 ], [ -47.024061394803056, -22.955913865221504 ], [ -47.024033952290843, -22.955971541489127 ], [ -47.024007513561465, -22.956037239603582 ], [ -47.023970133461368, -22.956080869203742 ], [ -47.02391520492904, -22.956117681170873 ], [ -47.02379704078276, -22.956178772281614 ], [ -47.023741041628369, -22.956213882592294 ], [ -47.023690039983777, -22.956255248502146 ], [ -47.023642221697365, -22.956299823746598 ], [ -47.023591383447339, -22.956341368096886 ], [ -47.023535295725829, -22.956375937808716 ], [ -47.023477312098095, -22.956407371996935 ], [ -47.023421066233354, -22.95644212424375 ], [ -47.023372434533883, -22.956486077854894 ], [ -47.023335511490096, -22.956544236109199 ], [ -47.023322122618069, -22.956600830170139 ], [ -47.023323865248969, -22.956663911652981 ], [ -47.023335404201482, -22.956726145911077 ], [ -47.023367063282308, -22.956849150761261 ], [ -47.023380607894381, -22.956911088587233 ], [ -47.023391424772981, -22.956973422328318 ], [ -47.023406011743987, -22.957035166293934 ], [ -47.023429406265571, -22.957094450655195 ], [ -47.023457039777021, -22.957152236481132 ], [ -47.023482355550399, -22.957210954650257 ], [ -47.023503831620921, -22.957270985695537 ], [ -47.023539495550878, -22.95739294632919 ], [ -47.023561050724389, -22.957452886075696 ], [ -47.023609601876359, -22.95757098085058 ], [ -47.023654234340761, -22.957690479775373 ], [ -47.023681147296493, -22.957748455296421 ], [ -47.023722175821959, -22.957798667369641 ], [ -47.023773289857459, -22.957840445206092 ], [ -47.023822344776455, -22.957884325680492 ], [ -47.02386218237779, -22.957935545960584 ], [ -47.023893090617378, -22.957991845450202 ], [ -47.023941724011109, -22.958110029315264 ], [ -47.023968558140425, -22.958168096056021 ], [ -47.023993153561555, -22.958227003862493 ], [ -47.024013669441032, -22.958287317897764 ], [ -47.024037544114172, -22.958346415449142 ], [ -47.024102155699907, -22.958457714765196 ], [ -47.024126110833308, -22.95851681127089 ], [ -47.024180611698135, -22.958699648795591 ], [ -47.024221901103374, -22.958821356824568 ], [ -47.024236488713704, -22.958883100659094 ], [ -47.024251155382743, -22.958944753204651 ], [ -47.024258450545261, -22.958975715379442 ], [ -47.024274561517259, -22.95903716892677 ], [ -47.024293394916995, -22.959097865495401 ], [ -47.024308931119002, -22.959158513881459 ], [ -47.024332336607046, -22.959234679723483 ], [ -47.024343127676048, -22.95927363191494 ], [ -47.024361986927396, -22.959341460028639 ], [ -47.024372484331742, -22.959403888004417 ], [ -47.024385069130538, -22.959466108771597 ], [ -47.024397892417369, -22.959528145937366 ], [ -47.024410956880352, -22.959590180021493 ], [ -47.024427467265276, -22.959651447886646 ], [ -47.024449744060931, -22.959711197684776 ], [ -47.024478735795782, -22.959768333976381 ], [ -47.024509086080393, -22.959824911250703 ], [ -47.024533202451366, -22.959884005602444 ], [ -47.024551236269218, -22.959944983162558 ], [ -47.024573992814354, -22.960004546254865 ], [ -47.024604662060518, -22.960060938876723 ], [ -47.024635651540237, -22.960117237124273 ], [ -47.024662246605175, -22.960175397023864 ], [ -47.02468476342554, -22.960235053432065 ], [ -47.024704319361064, -22.960295650418942 ], [ -47.024722031772811, -22.960356632053767 ], [ -47.024739265908018, -22.960417890624509 ], [ -47.024755856957711, -22.960479157405025 ], [ -47.024772367636601, -22.960540425208979 ], [ -47.024790882654763, -22.960601306303339 ], [ -47.024812197829029, -22.960661248861125 ], [ -47.024831433689386, -22.960721940187451 ], [ -47.024843615583038, -22.960784075758419 ], [ -47.024853472956458, -22.960846692401343 ], [ -47.024868381351361, -22.960908341760138 ], [ -47.024887215339533, -22.960969038207285 ], [ -47.024905489317796, -22.96102992235754 ], [ -47.024923121552902, -22.961090904978047 ], [ -47.024942837179466, -22.961151409599584 ], [ -47.024958307033032, -22.9612129614951 ], [ -47.024954337708401, -22.961275754729588 ], [ -47.024938285923547, -22.961337077303959 ], [ -47.024941311728988, -22.961399871467655 ], [ -47.024960065446983, -22.96146056892221 ], [ -47.024976014997243, -22.961521934130175 ], [ -47.024987315473268, -22.961584261488973 ], [ -47.024990998377298, -22.96163179043813 ], [ -47.025029301938851, -22.961704064453581 ], [ -47.025062687544228, -22.961759248643794 ], [ -47.025100935206176, -22.961811572129758 ], [ -47.025140775882171, -22.961862882207704 ], [ -47.02517870473941, -22.96191539029731 ], [ -47.025213285536296, -22.961969836963739 ], [ -47.025244435192562, -22.962026042716627 ], [ -47.025273429169275, -22.962083269047849 ], [ -47.025302981859873, -22.962140217403153 ], [ -47.025334132941445, -22.962196513391643 ], [ -47.025366002171538, -22.962252439089198 ], [ -47.025398109906554, -22.962308181177271 ], [ -47.025431414090399, -22.96236327603177 ], [ -47.025464798691544, -22.962418369849889 ], [ -47.025493073388382, -22.962475876148925 ], [ -47.025510105743905, -22.962534338576486 ], [ -47.025515504254777, -22.962589067735571 ], [ -47.025508136903476, -22.962666619527969 ], [ -47.025509845722205, -22.962700361289841 ], [ -47.025525780785699, -22.962782309750015 ], [ -47.025542883444267, -22.962850882293591 ], [ -47.025554586284834, -22.9629132044399 ], [ -47.025566527616611, -22.962975342982997 ], [ -47.025573093633248, -22.963038272423141 ], [ -47.025579257711335, -22.963101206998015 ], [ -47.025596890588965, -22.96316218948779 ], [ -47.025607700014156, -22.963180738703603 ], [ -47.025629235794419, -22.963217657639909 ], [ -47.0256344683023, -22.963223436914433 ], [ -47.025634468302364, -22.963223436914493 ] ] ] } },
{ "type": "Feature", "properties": { "APG": "SÃ£o Domingos" }, "geometry": { "type": "Polygon", "coordinates": [ [ [ -47.108677650448207, -22.993720072992982 ], [ -47.105445256394972, -22.995923730263549 ], [ -47.103025034453822, -22.997938741056622 ], [ -47.101800950951755, -22.999363428977503 ], [ -47.100085125384979, -23.00136994654186 ], [ -47.097499183644892, -23.004390339846232 ], [ -47.095902172699411, -23.006131030091936 ], [ -47.094556359879313, -23.007581329041489 ], [ -47.091995086227577, -23.009373436856595 ], [ -47.091647098948286, -23.009626900175075 ], [ -47.08960461918138, -23.011048936046631 ], [ -47.086779704500941, -23.012974949591513 ], [ -47.085340650285396, -23.014058169542356 ], [ -47.082903335644239, -23.01603869929621 ], [ -47.082147600473363, -23.01692877767622 ], [ -47.079184851015697, -23.020144309007645 ], [ -47.077234820681888, -23.022411735215361 ], [ -47.075975910623633, -23.024135922319999 ], [ -47.074627424099496, -23.026864831437383 ], [ -47.074077386175638, -23.028061743585745 ], [ -47.073470782876882, -23.027843175153606 ], [ -47.073188677973327, -23.027693102160097 ], [ -47.073046863684915, -23.027573474732922 ], [ -47.07257919239062, -23.027296341275704 ], [ -47.072412006978197, -23.027227716263067 ], [ -47.072359511728507, -23.027082726453642 ], [ -47.072214821142268, -23.026912641516134 ], [ -47.071814069204549, -23.026734935251753 ], [ -47.07176039072273, -23.026880072815761 ], [ -47.071709689824395, -23.02704169711593 ], [ -47.071654816381631, -23.027167175784204 ], [ -47.0715772052204, -23.027194462209948 ], [ -47.07148850641947, -23.027185783803375 ], [ -47.071338955617314, -23.027148291981749 ], [ -47.071143402928712, -23.027111492603638 ], [ -47.071033635005591, -23.027122813026871 ], [ -47.070977717874527, -23.027169494874819 ], [ -47.070936126133006, -23.027232419126111 ], [ -47.070854826109411, -23.027249913466772 ], [ -47.070751892478029, -23.027241421073924 ], [ -47.070637560336877, -23.027187128064845 ], [ -47.070537412492641, -23.027129309142101 ], [ -47.070465475051812, -23.027064621134635 ], [ -47.070410757258493, -23.026963417324644 ], [ -47.070391358009999, -23.026852001570621 ], [ -47.070294627015684, -23.026554458705512 ], [ -47.070229415786912, -23.026466662507847 ], [ -47.07011551512548, -23.026435293166688 ], [ -47.070002068087398, -23.026433618149735 ], [ -47.069888990037576, -23.026461367746084 ], [ -47.069748283881118, -23.026528838493341 ], [ -47.069613001822901, -23.02661438335581 ], [ -47.069392043780198, -23.026773268661763 ], [ -47.069266559668989, -23.026794590085313 ], [ -47.069125216529372, -23.026830923896725 ], [ -47.069054938170225, -23.026869577956735 ], [ -47.068765471194894, -23.027067183615351 ], [ -47.068649228353962, -23.027119528464617 ], [ -47.068548033365204, -23.027114261771192 ], [ -47.068296245858079, -23.026992614047618 ], [ -47.068168060245824, -23.02695818019442 ], [ -47.06804053086158, -23.026961472469957 ], [ -47.0679745877353, -23.027057574365539 ], [ -47.067976042216877, -23.027152885413404 ], [ -47.067906786128887, -23.027263835646448 ], [ -47.067753336667501, -23.027313416374021 ], [ -47.067497359734546, -23.027275687317559 ], [ -47.067281587684768, -23.027194732467997 ], [ -47.067167863131772, -23.027174913860485 ], [ -47.067082847553429, -23.027180899678349 ], [ -47.067065829979917, -23.027225446943955 ], [ -47.067079191599802, -23.027289277111322 ], [ -47.067078574596877, -23.027364845109879 ], [ -47.067019206887899, -23.027428000731671 ], [ -47.066885374571029, -23.027482199132791 ], [ -47.066800310594786, -23.027485025827648 ], [ -47.066681096844754, -23.027458688547433 ], [ -47.06651527357193, -23.027398475150623 ], [ -47.066386166370748, -23.027298331876281 ], [ -47.066338607271568, -23.027202178625512 ], [ -47.066277385481285, -23.027143758121401 ], [ -47.066189980444314, -23.027103824823854 ], [ -47.066117351690373, -23.027109738598799 ], [ -47.066084378702406, -23.02715774407114 ], [ -47.066041942696245, -23.027281523381568 ], [ -47.065983030588434, -23.027369317699037 ], [ -47.065921217353988, -23.027388179972437 ], [ -47.065817982324631, -23.027359918114282 ], [ -47.065668038939208, -23.027291281404285 ], [ -47.065597459314809, -23.027310258030187 ], [ -47.065547218975098, -23.027386474066457 ], [ -47.06553855362742, -23.027514596848807 ], [ -47.065512166490485, -23.027646381483233 ], [ -47.065437142610378, -23.027732670789931 ], [ -47.065336684354754, -23.027765217571091 ], [ -47.065162964833227, -23.02776748572051 ], [ -47.065059405018005, -23.027717922765198 ], [ -47.065042374231048, -23.027650800109583 ], [ -47.06506312436499, -23.02750274938078 ], [ -47.065040966359163, -23.027442283717935 ], [ -47.064953412890091, -23.027392601986556 ], [ -47.064842695571073, -23.027343132301674 ], [ -47.06475129617683, -23.027278605309544 ], [ -47.064700417475606, -23.027202084460036 ], [ -47.064621735821383, -23.027153911672521 ], [ -47.064554388859868, -23.027158040573873 ], [ -47.06450389769568, -23.027217829567995 ], [ -47.064460836607637, -23.027295395991178 ], [ -47.064325011990022, -23.027456503668081 ], [ -47.064248631323998, -23.027680840362574 ], [ -47.064198013352453, -23.027732325646067 ], [ -47.064111329529901, -23.027745011999663 ], [ -47.064008064939799, -23.027720089507522 ], [ -47.063931052199102, -23.027665304542023 ], [ -47.063874850576966, -23.027577297684644 ], [ -47.063776293548045, -23.027512863501393 ], [ -47.063706702774233, -23.027485876506162 ], [ -47.063603494123136, -23.027459328055407 ], [ -47.063458833542789, -23.027388905047182 ], [ -47.063323646580265, -23.027359523660856 ], [ -47.063105637601389, -23.027363992172166 ], [ -47.062954625383114, -23.027341316657161 ], [ -47.062870433840793, -23.027311630899362 ], [ -47.062695482586996, -23.027269948494563 ], [ -47.062596925222863, -23.027300572992672 ], [ -47.062479339277566, -23.027386422952119 ], [ -47.062272612347968, -23.027598375491117 ], [ -47.062230529757478, -23.027698045980046 ], [ -47.062228908090212, -23.027855777376018 ], [ -47.062283700086283, -23.028067931235778 ], [ -47.06234581495648, -23.028243247702889 ], [ -47.062442074220705, -23.028579530427692 ], [ -47.062466771770083, -23.028902031376795 ], [ -47.062452827706124, -23.029027063357628 ], [ -47.062422343688354, -23.029111867857416 ], [ -47.062360251943616, -23.029197084480568 ], [ -47.062325770603167, -23.029278239815746 ], [ -47.062326495935345, -23.029325895496711 ], [ -47.0623591333541, -23.029387849890906 ], [ -47.062455116306225, -23.029441666033538 ], [ -47.062503741421835, -23.029518126724525 ], [ -47.062540846834956, -23.029609362143738 ], [ -47.062549869757419, -23.029678936684359 ], [ -47.062531008613959, -23.029745173565804 ], [ -47.062442534322038, -23.029915141263167 ], [ -47.062380194232212, -23.029989347611458 ], [ -47.062329894055921, -23.030067098221512 ], [ -47.062299656434085, -23.030162822753603 ], [ -47.062234404900124, -23.030299446955556 ], [ -47.062160019162512, -23.030359185756758 ], [ -47.062069565249907, -23.030404419209077 ], [ -47.061970949173208, -23.03043134294505 ], [ -47.061900223988239, -23.030472617834953 ], [ -47.061885496447729, -23.030546203312422 ], [ -47.061918580418023, -23.030637491300464 ], [ -47.062104737425962, -23.030891896368953 ], [ -47.062162298649156, -23.031026919292788 ], [ -47.062261775621167, -23.03131549485127 ], [ -47.062292314934624, -23.031498535167852 ], [ -47.062341274656482, -23.031596928281051 ], [ -47.062346805983715, -23.031696068224345 ], [ -47.062320397805941, -23.031784430565473 ], [ -47.062281639701446, -23.031843614610203 ], [ -47.06221041110021, -23.031851855635558 ], [ -47.062111070056424, -23.031831214114057 ], [ -47.06200331881756, -23.031781252569328 ], [ -47.061547359142352, -23.031500934854428 ], [ -47.061440526487154, -23.03150602860935 ], [ -47.061341829040195, -23.031532953064755 ], [ -47.06122633972744, -23.03149780661899 ], [ -47.061103245872857, -23.031480994717636 ], [ -47.061012592545843, -23.03150790441568 ], [ -47.060934709460021, -23.031596937350489 ], [ -47.060904584533702, -23.031700153027671 ], [ -47.060925821109286, -23.031795296885015 ], [ -47.060974860427784, -23.031893689434153 ], [ -47.060987935011489, -23.031970523555049 ], [ -47.060961024741111, -23.03202594192279 ], [ -47.060862270512544, -23.032049165573532 ], [ -47.060743422744935, -23.032047103177714 ], [ -47.060649137410948, -23.032099698094065 ], [ -47.060630667701439, -23.032191748333659 ], [ -47.060667549003583, -23.032268272305895 ], [ -47.060755378068443, -23.03231479308031 ], [ -47.060882995237812, -23.03236449660892 ], [ -47.060971215748353, -23.032436740501961 ], [ -47.061019865415759, -23.032509500019721 ], [ -47.061086482467786, -23.032721590359898 ], [ -47.061100171032919, -23.032838769333264 ], [ -47.061097903892382, -23.032948843977728 ], [ -47.061044250625201, -23.033070692110339 ], [ -47.061025803869398, -23.033158950533462 ], [ -47.061062965820653, -23.033253886797208 ], [ -47.061107594405051, -23.033326698665043 ], [ -47.061136960129765, -23.033432659770362 ], [ -47.061000752940366, -23.033860080996185 ], [ -47.060829328680633, -23.034309897861402 ], [ -47.060763659888956, -23.03442459023821 ], [ -47.060674119415843, -23.034524788569069 ], [ -47.060575947627775, -23.034581135444377 ], [ -47.060413980124459, -23.034616196105176 ], [ -47.06026419620494, -23.03466951396117 ], [ -47.060181980039076, -23.034732965006192 ], [ -47.06017099413927, -23.034788175820822 ], [ -47.060223865459463, -23.034879296625249 ], [ -47.060299959969058, -23.034936983960883 ], [ -47.060336730773827, -23.035006197126275 ], [ -47.060334661371577, -23.035134595001828 ], [ -47.060284804453815, -23.035241678668744 ], [ -47.06019937305102, -23.035352927053857 ], [ -47.060097066386049, -23.035401924999075 ], [ -47.059918975686401, -23.035418959719397 ], [ -47.059684990155752, -23.035399980359813 ], [ -47.059522488406401, -23.035394694237695 ], [ -47.059387210169675, -23.035359804348065 ], [ -47.059319027285881, -23.035309235535362 ], [ -47.059274262190691, -23.03523272366435 ], [ -47.059288379508757, -23.035118883674489 ], [ -47.059370230833913, -23.035026098453386 ], [ -47.059381018959868, -23.034952564437376 ], [ -47.059340529843901, -23.034898023980613 ], [ -47.059256639156253, -23.034851360944153 ], [ -47.059113510062872, -23.034823885283121 ], [ -47.058978813648267, -23.034821937786297 ], [ -47.058852613950883, -23.03486032274045 ], [ -47.058750643155314, -23.034931432817245 ], [ -47.058679771477713, -23.034957993528614 ], [ -47.058488662281988, -23.034901802527944 ], [ -47.058324935007491, -23.034815825249083 ], [ -47.058220565414842, -23.034729075261136 ], [ -47.058072771479424, -23.034653994149579 ], [ -47.057898257195824, -23.034641640628205 ], [ -47.057767669239475, -23.03465065217453 ], [ -47.057653236301491, -23.034685181795584 ], [ -47.057158360567115, -23.034713556851237 ], [ -47.057027995843498, -23.034737279720105 ], [ -47.056875997272371, -23.03490446008459 ], [ -47.056801494223301, -23.034956795593249 ], [ -47.056747191810182, -23.035030895458295 ], [ -47.056739952765703, -23.035078654832176 ], [ -47.056800418290948, -23.035140248477628 ], [ -47.056837248594668, -23.035224086342307 ], [ -47.05685076811946, -23.035330344773854 ], [ -47.056776957858723, -23.035423024215973 ], [ -47.056666018333722, -23.035428078071295 ], [ -47.056563592831253, -23.035458749515726 ], [ -47.056414839735623, -23.035585444073543 ], [ -47.05636109317215, -23.03569618827251 ], [ -47.056386435750703, -23.035802293014363 ], [ -47.056372064787922, -23.035894289620515 ], [ -47.056329361815052, -23.035953523699408 ], [ -47.056266403214693, -23.03598738304068 ], [ -47.056171333723697, -23.035988619213178 ], [ -47.056083669301344, -23.035953017097224 ], [ -47.055983743971098, -23.035899338774247 ], [ -47.055881014207195, -23.035915298923499 ], [ -47.055771356338035, -23.036004832984624 ], [ -47.055709701200207, -23.036119290812533 ], [ -47.055672412468454, -23.036270264103884 ], [ -47.055678469901551, -23.036409660352835 ], [ -47.055712051543352, -23.036533893678072 ], [ -47.055713276157171, -23.036614583673007 ], [ -47.055666743860812, -23.036681269935364 ], [ -47.055520475742689, -23.036701497141397 ], [ -47.055461680979604, -23.036750016904996 ], [ -47.055463072556307, -23.036841718298149 ], [ -47.055560394148749, -23.03698353923539 ], [ -47.055670598293474, -23.037194975255332 ], [ -47.055639909499746, -23.037261365278521 ], [ -47.055584523859807, -23.037269487822506 ], [ -47.055476961533387, -23.03722683179225 ], [ -47.055374236919278, -23.037253805165285 ], [ -47.055315800336352, -23.03732064607464 ], [ -47.055312805567254, -23.037383065080355 ], [ -47.055334038135136, -23.037478119587611 ], [ -47.055395116471395, -23.03758005872287 ], [ -47.055380472933301, -23.037664746533796 ], [ -47.055334440065863, -23.037764376632492 ], [ -47.05526776107817, -23.037812908553569 ], [ -47.055004909012325, -23.03772090401425 ], [ -47.054957572544765, -23.037739935305797 ], [ -47.054930961042281, -23.037809973506857 ], [ -47.054936095958325, -23.037883300424664 ], [ -47.054897752336593, -23.037975427933532 ], [ -47.05483545447013, -23.038042318870879 ], [ -47.054732698610081, -23.038061979991408 ], [ -47.054562429490652, -23.038075205995138 ], [ -47.054479683079364, -23.038109321807639 ], [ -47.054460675720087, -23.038160935299832 ], [ -47.054501194528115, -23.038222788944974 ], [ -47.054661563020453, -23.038341764111639 ], [ -47.054686261057434, -23.038400121995252 ], [ -47.054659433674971, -23.038466551962806 ], [ -47.054608568850178, -23.038507565862609 ], [ -47.054525123582501, -23.038490324261101 ], [ -47.054433381447183, -23.038451163286968 ], [ -47.054310949668448, -23.038478392078051 ], [ -47.054256812953511, -23.038563592907838 ], [ -47.054214887197773, -23.038674182942813 ], [ -47.054156751650169, -23.038755644140142 ], [ -47.053964842991839, -23.038912236734284 ], [ -47.053914367882406, -23.038978973777485 ], [ -47.053891951766232, -23.039071074748115 ], [ -47.053907583047923, -23.039316690851063 ], [ -47.053861103750997, -23.039386986985171 ], [ -47.05377916084197, -23.039468847584995 ], [ -47.053696079422139, -23.039480940264919 ], [ -47.053620068540923, -23.039434081688249 ], [ -47.053598724510493, -23.039331625804959 ], [ -47.053573859759005, -23.039262256338816 ], [ -47.053490166712336, -23.039234003863022 ], [ -47.05339972813055, -23.039275531346966 ], [ -47.053314787956047, -23.039419720489033 ], [ -47.053269174792412, -23.039552475617345 ], [ -47.053309637446795, -23.039610629015041 ], [ -47.053460289082608, -23.039608672581846 ], [ -47.053524672331058, -23.039673917820782 ], [ -47.053577818008314, -23.039783272966336 ], [ -47.053563250892964, -23.039867779126713 ], [ -47.053512473116008, -23.039919895427715 ], [ -47.053318943993105, -23.039959150731427 ], [ -47.053252732256333, -23.040033313966848 ], [ -47.053274132289616, -23.040139470451173 ], [ -47.053318703345539, -23.040208584046376 ], [ -47.053430758348682, -23.040276821222637 ], [ -47.05352211284189, -23.040290349615578 ], [ -47.053691080864873, -23.040196435512446 ], [ -47.053833244889574, -23.040165249516633 ], [ -47.053944577316315, -23.040185830445168 ], [ -47.054044424820717, -23.04023951090532 ], [ -47.054207957746847, -23.040307078750953 ], [ -47.054626027449451, -23.040421983321551 ], [ -47.054724975019113, -23.040426926478506 ], [ -47.054990794326471, -23.04051266361229 ], [ -47.055252472914354, -23.040569385535424 ], [ -47.055334259377297, -23.040609758642457 ], [ -47.055412948116299, -23.040626249087133 ], [ -47.055478752581713, -23.040626025557 ], [ -47.055545917778012, -23.040646547568066 ], [ -47.055625163891683, -23.040641454924387 ], [ -47.055794984838869, -23.040593206708966 ], [ -47.055827926763925, -23.040622208048578 ], [ -47.055834149295727, -23.04068234058386 ], [ -47.055798810093904, -23.040770998777994 ], [ -47.055740816037783, -23.040845868620032 ], [ -47.055649092616697, -23.040882268436899 ], [ -47.055604348830407, -23.040891967938986 ], [ -47.055537496279598, -23.040934453871856 ], [ -47.055511007085201, -23.040964859834336 ], [ -47.05545202447793, -23.040985216311373 ], [ -47.055310918706255, -23.040969537286752 ], [ -47.055260953663122, -23.041000970578061 ], [ -47.055183374666782, -23.04102581161775 ], [ -47.055028138995759, -23.041038572099726 ], [ -47.054924121265721, -23.041038840734796 ], [ -47.054827945087773, -23.041057513778807 ], [ -47.054822094710907, -23.041149128725074 ], [ -47.054858579910736, -23.041199569684565 ], [ -47.054922356251765, -23.041240628429648 ], [ -47.055107436362867, -23.041328407625556 ], [ -47.055165261909238, -23.04134841925211 ], [ -47.055233275829714, -23.041355930737726 ], [ -47.055300961735831, -23.04138953594439 ], [ -47.055339626734153, -23.041435163863813 ], [ -47.055380524147765, -23.041564267159462 ], [ -47.055494437480434, -23.04160638909029 ], [ -47.055522478015092, -23.04164637747968 ], [ -47.055498574923888, -23.041677562299704 ], [ -47.05542173596627, -23.041740580192883 ], [ -47.05540520052643, -23.04179604347777 ], [ -47.055362145935668, -23.041885253274085 ], [ -47.055187995319756, -23.041998194331331 ], [ -47.055122384080654, -23.04202179650385 ], [ -47.055026456775472, -23.042041008121821 ], [ -47.054950035595013, -23.042041459769589 ], [ -47.054749795799275, -23.042009757725761 ], [ -47.05465830466467, -23.042029723944879 ], [ -47.054628008865365, -23.04212210794039 ], [ -47.054635308315596, -23.042226732149523 ], [ -47.054664248784576, -23.042310131303381 ], [ -47.054672021757057, -23.042361125969467 ], [ -47.054644910626443, -23.042414198931631 ], [ -47.054512205150587, -23.042475053637652 ], [ -47.054460006536509, -23.042449461899039 ], [ -47.054398464714311, -23.042518599817768 ], [ -47.054370650879854, -23.042626117735701 ], [ -47.054375838286298, -23.042708200639176 ], [ -47.054280492843354, -23.042877170612865 ], [ -47.054168668164792, -23.043015209755403 ], [ -47.054128876049475, -23.043123334649934 ], [ -47.054071134416688, -23.043167236344136 ], [ -47.054040653514427, -23.043210332469581 ], [ -47.053957731072209, -23.043227749580687 ], [ -47.053892991804339, -23.043255853712406 ], [ -47.053774170302773, -23.043356970726098 ], [ -47.053713089235622, -23.043371666554918 ], [ -47.053647742766223, -23.043349134156873 ], [ -47.053611747131789, -23.043304464183443 ], [ -47.053571289051035, -23.043209568938451 ], [ -47.053516756050207, -23.043157376065388 ], [ -47.053477301623992, -23.043155180275249 ], [ -47.053419835499938, -23.043227875921733 ], [ -47.053392233208285, -23.043285739662473 ], [ -47.053371364434319, -23.043368522146508 ], [ -47.053338794251836, -23.043427714254413 ], [ -47.053299319736155, -23.043525001844479 ], [ -47.053310679299472, -23.043738264639746 ], [ -47.053286768398188, -23.043859182716677 ], [ -47.053210832804702, -23.043928868277074 ], [ -47.053153012580132, -23.044015380537139 ], [ -47.053063092494156, -23.044048866783488 ], [ -47.052927316239263, -23.044045303734059 ], [ -47.052921974273971, -23.044228902395435 ], [ -47.052885797718488, -23.044432310604137 ], [ -47.052827072197033, -23.04454934750688 ], [ -47.05272041423634, -23.044683436846718 ], [ -47.052650454429845, -23.044722802420409 ], [ -47.052526306262976, -23.044711504975634 ], [ -47.052451212449633, -23.044656328795117 ], [ -47.052423601511613, -23.044565058009656 ], [ -47.052417673405671, -23.044481811032497 ], [ -47.052428071823122, -23.044334527582624 ], [ -47.05237631839406, -23.044253410196177 ], [ -47.052281280641246, -23.044273060084777 ], [ -47.052237653928493, -23.044372477689699 ], [ -47.052195138510953, -23.044529295843692 ], [ -47.052118465445083, -23.044645933571772 ], [ -47.051946955794733, -23.044726518606691 ], [ -47.05186990552054, -23.044775815870679 ], [ -47.051794593143853, -23.044902636893728 ], [ -47.051710103914843, -23.044970717591358 ], [ -47.051626219637662, -23.045004395565382 ], [ -47.051514532222477, -23.045082759401193 ], [ -47.051400658605253, -23.045117729183101 ], [ -47.051193174040186, -23.045117893725749 ], [ -47.051122914545161, -23.045148144756357 ], [ -47.051046581036886, -23.045202307207472 ], [ -47.050986820198901, -23.045288302302357 ], [ -47.050926214584642, -23.045355711652103 ], [ -47.050862153978422, -23.045481844667457 ], [ -47.05077284248118, -23.045534369861826 ], [ -47.050731574388571, -23.045571827755783 ], [ -47.050685887216524, -23.045630918732709 ], [ -47.05058300319412, -23.04564254468232 ], [ -47.05056487853011, -23.045598544941903 ], [ -47.050571578995175, -23.045488502851953 ], [ -47.050591121515438, -23.045397703348627 ], [ -47.05050858386268, -23.045334407737382 ], [ -47.050445478137298, -23.045311122777029 ], [ -47.050258140813519, -23.045281685349636 ], [ -47.050147783790841, -23.045309838008095 ], [ -47.050085099638579, -23.045367524293042 ], [ -47.050051722982978, -23.04545859342949 ], [ -47.050034811279133, -23.045547824092772 ], [ -47.050039276688963, -23.045635513686666 ], [ -47.04999827110835, -23.04573814669746 ], [ -47.049946020278369, -23.045831356350281 ], [ -47.049959161946319, -23.04591821123574 ], [ -47.049904887226404, -23.045994655935061 ], [ -47.049907975590379, -23.046081731462515 ], [ -47.049957589388079, -23.046165044039032 ], [ -47.050033196251114, -23.046195659899748 ], [ -47.050211770088175, -23.046230717962377 ], [ -47.050291069086732, -23.04622887701613 ], [ -47.050347573802611, -23.046214693150105 ], [ -47.05043275784584, -23.046165832707285 ], [ -47.050501662337716, -23.046088566152452 ], [ -47.050590120497567, -23.046027476013951 ], [ -47.050666112343933, -23.046003831192472 ], [ -47.050774984978666, -23.046005127109805 ], [ -47.050819415033203, -23.046102047909258 ], [ -47.05083209449824, -23.046174284103579 ], [ -47.050806308700835, -23.04634686364858 ], [ -47.050800348321253, -23.046542928362765 ], [ -47.050824682636495, -23.046635686364535 ], [ -47.050904297313473, -23.046771510622406 ], [ -47.050934972828429, -23.04680487554846 ], [ -47.050991162262193, -23.046902636727275 ], [ -47.051000871068076, -23.047033680560283 ], [ -47.05095425868403, -23.047111380313876 ], [ -47.050882809828529, -23.047185339902686 ], [ -47.05085165345529, -23.047194591085695 ], [ -47.050656107849768, -23.047175822982247 ], [ -47.050418235882361, -23.047098112311851 ], [ -47.050309238698645, -23.047072714342349 ], [ -47.050116723807818, -23.047084058159314 ], [ -47.050075285931499, -23.047046589707918 ], [ -47.049979854140602, -23.047019119798737 ], [ -47.049912352701504, -23.046934053164104 ], [ -47.049858321143283, -23.046883116403805 ], [ -47.049771120074212, -23.046894448241087 ], [ -47.049704159936347, -23.046962029860634 ], [ -47.049684519212022, -23.047072961931164 ], [ -47.049676719249781, -23.047184823771929 ], [ -47.049623996119365, -23.047321281296892 ], [ -47.049578856492317, -23.047395350590126 ], [ -47.049475639607678, -23.047486061300255 ], [ -47.049463678133691, -23.04754624939676 ], [ -47.049456948999122, -23.047681027252782 ], [ -47.049482767105708, -23.047765551210702 ], [ -47.049495800028893, -23.04778145122091 ], [ -47.04957736911399, -23.047833836543614 ], [ -47.049657265324434, -23.047844807195123 ], [ -47.049806448699222, -23.047846212927418 ], [ -47.049880901665809, -23.047837754607698 ], [ -47.050032934244761, -23.047761667069526 ], [ -47.050145692049121, -23.047679408409113 ], [ -47.050441830741278, -23.0475510779081 ], [ -47.050566891406788, -23.04754277529759 ], [ -47.050645538956545, -23.047593482723883 ], [ -47.050707585289878, -23.047716715878646 ], [ -47.050726584677676, -23.047738767361583 ], [ -47.05080483134477, -23.047784243938896 ], [ -47.050928787183281, -23.047883563341919 ], [ -47.050914085415911, -23.048023048643877 ], [ -47.050833237963438, -23.048055513330166 ], [ -47.050727425361991, -23.048075753613958 ], [ -47.050564021257458, -23.048091595249495 ], [ -47.050531405121895, -23.048116031545653 ], [ -47.050523201463662, -23.048174636269181 ], [ -47.050468255162535, -23.048275825284367 ], [ -47.05029063736125, -23.048181895871469 ], [ -47.050252147866338, -23.048174450883899 ], [ -47.05021078161338, -23.048200174187393 ], [ -47.050087182410202, -23.048400653451175 ], [ -47.050075813350922, -23.048473382142959 ], [ -47.050113548860914, -23.048547911402402 ], [ -47.050163398810071, -23.048678615232781 ], [ -47.050264266172384, -23.04877272779969 ], [ -47.050347708120555, -23.048826532775845 ], [ -47.050483948631417, -23.048892291324051 ], [ -47.050562381402976, -23.048971257648642 ], [ -47.050520870473321, -23.049061800478995 ], [ -47.050451532605123, -23.049110545778351 ], [ -47.050410724126777, -23.049178420408818 ], [ -47.050403771210398, -23.049218683045076 ], [ -47.050411647514117, -23.049319057123022 ], [ -47.050444631168929, -23.0494038490043 ], [ -47.05043462448787, -23.04948152516792 ], [ -47.050478759165472, -23.049627920586666 ], [ -47.050500363824113, -23.049768830650923 ], [ -47.050452629420121, -23.049841579727936 ], [ -47.05033972860992, -23.049930430624485 ], [ -47.050280353336689, -23.049999539101698 ], [ -47.050137930140359, -23.050035600741815 ], [ -47.050052006869656, -23.050104872928848 ], [ -47.050024684981217, -23.050218612892621 ], [ -47.050024367209858, -23.050250754971334 ], [ -47.050061710640009, -23.050325921212327 ], [ -47.050162121735731, -23.050400449968638 ], [ -47.050292374571882, -23.050469175052164 ], [ -47.050301663318621, -23.050567183646788 ], [ -47.05026987421293, -23.050593143869719 ], [ -47.05015781507938, -23.05061012473433 ], [ -47.050005949342697, -23.050601803117392 ], [ -47.049959199269772, -23.050617395128921 ], [ -47.049873978055082, -23.050695866202922 ], [ -47.049821359197772, -23.050764886910692 ], [ -47.049735660333234, -23.050944652849346 ], [ -47.049708999299419, -23.050985171044221 ], [ -47.049617835868254, -23.051059115024938 ], [ -47.04953752283361, -23.051073878298084 ], [ -47.049433861200505, -23.051076937683124 ], [ -47.049231964584514, -23.051053556182495 ], [ -47.049160693430117, -23.051065042404879 ], [ -47.049071827363043, -23.05111006824492 ], [ -47.049038684424502, -23.051190120630089 ], [ -47.049031702736372, -23.051324179522108 ], [ -47.04901500545833, -23.051374498715006 ], [ -47.048959418142076, -23.051454751778142 ], [ -47.048987068188929, -23.051463601400801 ], [ -47.062930643713308, -23.049618824191544 ], [ -47.070935772147593, -23.048512550500902 ], [ -47.070965811405593, -23.048966778552202 ], [ -47.071069416099533, -23.049438729460341 ], [ -47.07118511279041, -23.04971236963409 ], [ -47.07130961592317, -23.050061995535653 ], [ -47.071350464570081, -23.050197232802791 ], [ -47.071556198766089, -23.051007546948274 ], [ -47.071562270476669, -23.051031028961805 ], [ -47.071738203166788, -23.051565674477136 ], [ -47.071762609134709, -23.051620060782376 ], [ -47.071794847223842, -23.051692038176554 ], [ -47.071830172140977, -23.051771197040328 ], [ -47.071855834042204, -23.051828554741139 ], [ -47.071878738793842, -23.051879701998338 ], [ -47.07192705592167, -23.051987668560916 ], [ -47.07193946837431, -23.052015400593419 ], [ -47.071950554637709, -23.052024824332317 ], [ -47.07207707320876, -23.052132668382789 ], [ -47.072090766728024, -23.052144224511082 ], [ -47.072273220027469, -23.052132353575132 ], [ -47.073019502634651, -23.051962510687066 ], [ -47.073141158438418, -23.051978699002948 ], [ -47.073244022669734, -23.052007681842333 ], [ -47.07335425183166, -23.052055254759853 ], [ -47.073643798754844, -23.052264412971134 ], [ -47.073905945783096, -23.052439084298644 ], [ -47.074261152109578, -23.052527856653583 ], [ -47.074426209986576, -23.052614610357423 ], [ -47.074684769675258, -23.052817583180499 ], [ -47.074735979610224, -23.052851666484091 ], [ -47.074850961047787, -23.052910008791834 ], [ -47.07517566525857, -23.053092522866116 ], [ -47.075562343166304, -23.053302658683439 ], [ -47.075984531678472, -23.053441191034459 ], [ -47.076323018652381, -23.053462562826411 ], [ -47.076583004134065, -23.053364900846944 ], [ -47.077099885363452, -23.05294736153764 ], [ -47.077169250010932, -23.0529271312517 ], [ -47.077335863934998, -23.05290020628485 ], [ -47.077615811034157, -23.052944732768378 ], [ -47.077764236570708, -23.052954156065436 ], [ -47.077914284565431, -23.052980168311414 ], [ -47.078065091084831, -23.053018899074715 ], [ -47.078327440793345, -23.053007234389181 ], [ -47.078477874477755, -23.053032157728964 ], [ -47.078627363428311, -23.053095098700833 ], [ -47.078933384635441, -23.053176653291573 ], [ -47.079102146573213, -23.053169107112868 ], [ -47.079265219467345, -23.053147372313749 ], [ -47.079407933922923, -23.05317781274071 ], [ -47.079561362246871, -23.053177689735428 ], [ -47.079814172924031, -23.053252088883404 ], [ -47.07991643735339, -23.053315198669569 ], [ -47.08032690751071, -23.053497204834802 ], [ -47.080662359181083, -23.053781665400724 ], [ -47.080952268318555, -23.053992519697964 ], [ -47.081159006759997, -23.054189031842437 ], [ -47.081447810137163, -23.054354040554724 ], [ -47.081829927793017, -23.054491820610657 ], [ -47.081859271819184, -23.054479879002617 ], [ -47.081918828403346, -23.054475844577208 ], [ -47.08194499940376, -23.054477305284394 ], [ -47.081969034698965, -23.054486377126487 ], [ -47.082009922717063, -23.054670448484845 ], [ -47.082028253646321, -23.054753258925604 ], [ -47.082035992824842, -23.054764712018176 ], [ -47.082106479063214, -23.054869674597573 ], [ -47.082324711397327, -23.055080928763349 ], [ -47.082438093751165, -23.05517620828314 ], [ -47.082545787282498, -23.055278242940865 ], [ -47.082652142889621, -23.055392662659003 ], [ -47.082837321147771, -23.055494939757949 ], [ -47.083033856330822, -23.055671181711919 ], [ -47.083280736759171, -23.0558773625127 ], [ -47.084034458231507, -23.056326195695366 ], [ -47.084670414591365, -23.056630154590763 ], [ -47.085362287790055, -23.056902499238632 ], [ -47.08660163322017, -23.057223762730519 ], [ -47.086923405627125, -23.057266726657048 ], [ -47.087226905632953, -23.057267412395237 ], [ -47.087522551884433, -23.057207537439893 ], [ -47.087778331956684, -23.057082559758378 ], [ -47.08861055439057, -23.05632942334427 ], [ -47.089318280870536, -23.055538569778165 ], [ -47.08937981650449, -23.055438635851889 ], [ -47.089481547750047, -23.055096869265288 ], [ -47.089536294871699, -23.054875155763831 ], [ -47.089602680877782, -23.054729840320555 ], [ -47.089674337044819, -23.054696574907982 ], [ -47.089867499809472, -23.054607087210833 ], [ -47.089892466190989, -23.054598271339984 ], [ -47.089933274738392, -23.054583739276591 ], [ -47.090072398749193, -23.054595079310282 ], [ -47.090132027693677, -23.054564500422753 ], [ -47.09017979678471, -23.054510968351284 ], [ -47.090212195347057, -23.054446806738671 ], [ -47.090253361661006, -23.054309588150073 ], [ -47.090306424107595, -23.054182052022036 ], [ -47.090352239574081, -23.054137482826633 ], [ -47.0904163950634, -23.054123905668504 ], [ -47.090485072622073, -23.054137440996094 ], [ -47.090663019110174, -23.054260928330848 ], [ -47.090798044250256, -23.054319444731888 ], [ -47.090941510216993, -23.054361870923344 ], [ -47.091078288511355, -23.054419280593123 ], [ -47.091200816846026, -23.054496919412294 ], [ -47.091253509275759, -23.054543344909874 ], [ -47.091293817633421, -23.054600586537639 ], [ -47.091386147604616, -23.054707692867723 ], [ -47.091515619822047, -23.054776482993599 ], [ -47.091587111805843, -23.054789890292678 ], [ -47.091659482585378, -23.054782071663983 ], [ -47.09172502380131, -23.054754031870054 ], [ -47.091776433495106, -23.05470704112588 ], [ -47.091855526094207, -23.054587555449931 ], [ -47.091933577741621, -23.054385122216999 ], [ -47.091965810141488, -23.054242605137322 ], [ -47.09198049422627, -23.054177594421272 ], [ -47.091995579933155, -23.054076107912486 ], [ -47.092042428700914, -23.053978714613319 ], [ -47.092094487752433, -23.053848844161152 ], [ -47.09220021972061, -23.053646676314134 ], [ -47.092220428385019, -23.053574731663456 ], [ -47.092229176614602, -23.053422414812502 ], [ -47.092240294179994, -23.053350500238825 ], [ -47.092276650263109, -23.05329260501944 ], [ -47.092331840381426, -23.053250799943736 ], [ -47.092468529053953, -23.053203582713092 ], [ -47.092593304412254, -23.053114365414093 ], [ -47.092664611134978, -23.053084624023946 ], [ -47.092931231292333, -23.053037130297934 ], [ -47.093084861433312, -23.053029318237122 ], [ -47.093300650362465, -23.053076561982913 ], [ -47.093601875282353, -23.053024456214235 ], [ -47.09367048671411, -23.052992132161272 ], [ -47.093725582697139, -23.052944279559451 ], [ -47.093836363783218, -23.052767049625945 ], [ -47.093936130753328, -23.052663177273907 ], [ -47.093993218194932, -23.052629651674611 ], [ -47.094062618048198, -23.052632704188458 ], [ -47.094129706112284, -23.052663140138055 ], [ -47.094228382478086, -23.052764383184318 ], [ -47.094289235229766, -23.052807810775182 ], [ -47.094422874288433, -23.052875550326736 ], [ -47.094671598559813, -23.053044224749279 ], [ -47.094734253480766, -23.053053324390895 ], [ -47.094788624084295, -23.053021008070186 ], [ -47.094885693453392, -23.052909226853789 ], [ -47.094991050465488, -23.052807897709169 ], [ -47.095093379744341, -23.052755265970955 ], [ -47.095168490224154, -23.052716626281214 ], [ -47.095253100238324, -23.05267316640666 ], [ -47.095363588899033, -23.052565540146603 ], [ -47.095439096646764, -23.052438246659857 ], [ -47.095503009904093, -23.052310384685715 ], [ -47.095515030564364, -23.052291719273946 ], [ -47.095536555130685, -23.052258123024117 ], [ -47.095570079634598, -23.052230506250165 ], [ -47.095680780346747, -23.052209358833263 ], [ -47.095767837949609, -23.052214884668068 ], [ -47.095832749768931, -23.052219079206459 ], [ -47.095973228480581, -23.05227129000173 ], [ -47.096101469161653, -23.052343703646667 ], [ -47.096210799631557, -23.052436679483286 ], [ -47.09630106602016, -23.052550670957004 ], [ -47.096334584566925, -23.052610980294361 ], [ -47.096348102463004, -23.05267859623391 ], [ -47.09635524395852, -23.052817612650017 ], [ -47.096391076416523, -23.0529493877203 ], [ -47.096463753623198, -23.053075708998797 ], [ -47.09657053946912, -23.053341952703725 ], [ -47.096643682278909, -23.053461948565268 ], [ -47.096697467024264, -23.05352686369071 ], [ -47.096956756263431, -23.053728073009754 ], [ -47.097043800298913, -23.053846891191032 ], [ -47.097112504890774, -23.053981569944771 ], [ -47.09719977517215, -23.054099392010688 ], [ -47.097311602885718, -23.054192424069424 ], [ -47.097434158637348, -23.054276827974363 ], [ -47.097659048004104, -23.054464590441992 ], [ -47.097839027194105, -23.054589035281484 ], [ -47.098022699921906, -23.054702598074861 ], [ -47.098159181002828, -23.054766595290243 ], [ -47.098229358400552, -23.054788592946551 ], [ -47.098449157672128, -23.05478287602941 ], [ -47.098598164962837, -23.054803736483262 ], [ -47.098747203168415, -23.054836963807961 ], [ -47.098891435378057, -23.054876754485495 ], [ -47.0990307063296, -23.054923471682851 ], [ -47.099179326500689, -23.054960856702078 ], [ -47.099253523081131, -23.054961857126997 ], [ -47.099319124774517, -23.054932639913631 ], [ -47.099528065475738, -23.054735235297379 ], [ -47.099590429017482, -23.054699561334147 ], [ -47.09966022893861, -23.054681662629488 ], [ -47.099807246943911, -23.05466246709539 ], [ -47.099886548078779, -23.054660600940679 ], [ -47.099977289449335, -23.054675283256099 ], [ -47.100209022356836, -23.054759407624207 ], [ -47.100271123590851, -23.054769053991539 ], [ -47.100331081952987, -23.054759861733153 ], [ -47.100517496862778, -23.054656007399231 ], [ -47.100713976018589, -23.054542269585543 ], [ -47.100884465304269, -23.054407662873817 ], [ -47.100951910076859, -23.054346915207081 ], [ -47.100972342959658, -23.054310444058956 ], [ -47.101017562554574, -23.054222548814629 ], [ -47.101179548101591, -23.05407920811183 ], [ -47.101402879411388, -23.05394353723916 ], [ -47.101727106197892, -23.053849584569811 ], [ -47.101769494057223, -23.053843604471496 ], [ -47.102080143438251, -23.053854548410264 ], [ -47.102371758703264, -23.053903930439784 ], [ -47.102624721682702, -23.054002934700168 ], [ -47.102652917779537, -23.054031176109483 ], [ -47.102891541134746, -23.054398210730078 ], [ -47.103160569414129, -23.055328956206132 ], [ -47.1032539052229, -23.055479462904863 ], [ -47.103424847133681, -23.055819232022742 ], [ -47.103688942613921, -23.056302829481297 ], [ -47.104019574905486, -23.057251890468745 ], [ -47.104102639391797, -23.057466085402119 ], [ -47.104283374368535, -23.057793716534935 ], [ -47.104406201051823, -23.057983008050076 ], [ -47.104712100553115, -23.058381099669884 ], [ -47.105061491788803, -23.058756042952528 ], [ -47.105207202345028, -23.058895649577465 ], [ -47.105650643348874, -23.059249297717116 ], [ -47.105934742584651, -23.059409447008978 ], [ -47.106210192704324, -23.059489458492973 ], [ -47.106407873508971, -23.059571679786075 ], [ -47.106595067537135, -23.059672817373386 ], [ -47.106728131677876, -23.059764836715804 ], [ -47.106847546458617, -23.059874189766081 ], [ -47.106911045509044, -23.060025091628575 ], [ -47.106915980296641, -23.060031976831105 ], [ -47.106963337136321, -23.060096973666067 ], [ -47.107001303299675, -23.060163449800839 ], [ -47.107035969392584, -23.060193680270704 ], [ -47.107122343302706, -23.060268628383056 ], [ -47.1072093613435, -23.060312604288011 ], [ -47.10731966554588, -23.060332888923334 ], [ -47.107430874944683, -23.060344134129064 ], [ -47.107644401266661, -23.060343272002843 ], [ -47.107693830340722, -23.060334668647727 ], [ -47.107744300946059, -23.060325780565357 ], [ -47.107849402316106, -23.060337468045184 ], [ -47.107908976597223, -23.06041196075698 ], [ -47.107977991180881, -23.060482987403699 ], [ -47.108059651703691, -23.060539401655689 ], [ -47.108148372146715, -23.060584166753511 ], [ -47.108164781957647, -23.06059423889678 ], [ -47.108327347559573, -23.060694709858016 ], [ -47.10843238118364, -23.060712355832312 ], [ -47.108527930459189, -23.060740961030266 ], [ -47.108630174050532, -23.060786087007941 ], [ -47.108727445328796, -23.06081159982558 ], [ -47.108799796940353, -23.06087987335281 ], [ -47.108848308555011, -23.060962096217285 ], [ -47.108943460001086, -23.061021940811511 ], [ -47.109153569401705, -23.061044412540831 ], [ -47.10925786178791, -23.061045457661741 ], [ -47.109354964463542, -23.061029176070658 ], [ -47.109437221420968, -23.060958658197489 ], [ -47.109525209001561, -23.060899618677542 ], [ -47.109626016354255, -23.060878412740603 ], [ -47.109820594633874, -23.060895584326367 ], [ -47.109927007951505, -23.060898496416048 ], [ -47.110010816602269, -23.060870746785579 ], [ -47.110025224563188, -23.06086595046915 ], [ -47.110101373215564, -23.060790729397848 ], [ -47.110219592437339, -23.060632346940316 ], [ -47.110296787423948, -23.060572638708958 ], [ -47.110387954578364, -23.060609155010937 ], [ -47.110479840777543, -23.060665972997363 ], [ -47.110575838463326, -23.060712986559249 ], [ -47.110688835310491, -23.060673743152378 ], [ -47.110759245450112, -23.060591737729126 ], [ -47.110801894468779, -23.060504415974169 ], [ -47.110785838715039, -23.060413906470412 ], [ -47.110798842873784, -23.060313981485532 ], [ -47.110826943658111, -23.060206994099737 ], [ -47.110766844474384, -23.060129891686163 ], [ -47.110721514586274, -23.06004537013774 ], [ -47.11074467951169, -23.059957225407874 ], [ -47.110719202272257, -23.059866209835057 ], [ -47.110703008885061, -23.059761709887475 ], [ -47.110758241744193, -23.059681622407698 ], [ -47.110805025832107, -23.059586030611502 ], [ -47.110896720027142, -23.059465555497866 ], [ -47.11115422297339, -23.059318220629102 ], [ -47.111236326422024, -23.059263772503034 ], [ -47.11138644172987, -23.05910776157765 ], [ -47.111444075918833, -23.059026919624444 ], [ -47.111472962885102, -23.058939420536237 ], [ -47.111483118943568, -23.058827166227744 ], [ -47.111463526577118, -23.05873173905675 ], [ -47.111489077665269, -23.058631556103681 ], [ -47.111450326311271, -23.058530336677304 ], [ -47.11146244380879, -23.058425187693619 ], [ -47.11151491848981, -23.058333401412561 ], [ -47.111590525332289, -23.058275158231318 ], [ -47.111685181869447, -23.058241485411408 ], [ -47.111774496974931, -23.058200662113375 ], [ -47.111861869191827, -23.058143615664289 ], [ -47.111966549714118, -23.058159368376486 ], [ -47.112065271382789, -23.058143876071728 ], [ -47.112216034574992, -23.058008889327137 ], [ -47.112318446155065, -23.057951461064256 ], [ -47.112419618115105, -23.057912555192861 ], [ -47.11252932921213, -23.05788463862838 ], [ -47.112630044006252, -23.057837072572237 ], [ -47.112832641793538, -23.057811615088411 ], [ -47.112949277679533, -23.057784057013528 ], [ -47.113156608500475, -23.057690741137815 ], [ -47.113243855237535, -23.057651479347978 ], [ -47.113358769876811, -23.057663122291835 ], [ -47.113450656912434, -23.057694301195493 ], [ -47.113548855290141, -23.057712306106623 ], [ -47.113658963822978, -23.057689258181288 ], [ -47.113854293703618, -23.057626072433283 ], [ -47.113937569227033, -23.057564385537489 ], [ -47.114022599059993, -23.057486245531532 ], [ -47.114087250418443, -23.057411808480055 ], [ -47.114160473489385, -23.057345290978823 ], [ -47.114464231270077, -23.057254565054532 ], [ -47.114557288720214, -23.057221634171537 ], [ -47.114638984377272, -23.057172154867139 ], [ -47.114711286884507, -23.057108538172105 ], [ -47.114767299507889, -23.057032230485252 ], [ -47.114849943622119, -23.056940490857869 ], [ -47.114907189544617, -23.056860736268266 ], [ -47.114983656290178, -23.056801035721318 ], [ -47.115026072505628, -23.056776274983044 ], [ -47.115089121076075, -23.056728038045286 ], [ -47.115129155155898, -23.05668985856428 ], [ -47.11516789927046, -23.056666952392078 ], [ -47.115193727732091, -23.056651621436764 ], [ -47.115222841564936, -23.056630288516683 ], [ -47.11524392262681, -23.056614930827852 ], [ -47.115303626371826, -23.056579196188814 ], [ -47.115424625636145, -23.056506622269723 ], [ -47.115611652080496, -23.056391097337741 ], [ -47.115711548716178, -23.056476602018588 ], [ -47.115928828820259, -23.056438396264795 ], [ -47.116118080293361, -23.056372581094497 ], [ -47.116207213351395, -23.05629971115102 ], [ -47.116306205355265, -23.056291344204077 ], [ -47.116468327785981, -23.056409776919317 ], [ -47.116503323525706, -23.05642501561039 ], [ -47.116674855270169, -23.05659459680798 ], [ -47.116822395058541, -23.056567705293809 ], [ -47.117015794558341, -23.05642762956834 ], [ -47.117510846278236, -23.056165435508962 ], [ -47.117803061121911, -23.056118911040379 ], [ -47.117948536981132, -23.056191526344957 ], [ -47.118114897735339, -23.056349349512313 ], [ -47.118270630244353, -23.056311333634117 ], [ -47.118358935561979, -23.056267902434577 ], [ -47.118515247422586, -23.05620523420346 ], [ -47.11889737478748, -23.056202548214301 ], [ -47.119010665265748, -23.056208160618397 ], [ -47.119109177679931, -23.056225706518557 ], [ -47.119215054210528, -23.056256243086281 ], [ -47.119342887639178, -23.056270867994172 ], [ -47.119458623601112, -23.05626823249294 ], [ -47.119586547244829, -23.056278342375201 ], [ -47.119710251999692, -23.056311889272738 ], [ -47.119912917613803, -23.056388610247534 ], [ -47.120102525911754, -23.056438153624569 ], [ -47.120191208600609, -23.056475329523391 ], [ -47.120298114491966, -23.056468839888325 ], [ -47.12039243759498, -23.05649628085407 ], [ -47.120549273028892, -23.056621099140592 ], [ -47.120647349739002, -23.056795633372253 ], [ -47.120715530358481, -23.056869644355292 ], [ -47.120844423160456, -23.057044216225762 ], [ -47.120919260754185, -23.057116873947056 ], [ -47.121101374457083, -23.057216888539422 ], [ -47.121201431526167, -23.057266188164611 ], [ -47.121255465624522, -23.057284600532398 ], [ -47.121268245943405, -23.057288942580119 ], [ -47.121278648216084, -23.057290427838542 ], [ -47.121379772269798, -23.057305138753971 ], [ -47.12147683481637, -23.057286593678057 ], [ -47.121504541449113, -23.057283332990096 ], [ -47.121577864599082, -23.057274765696537 ], [ -47.121675591317711, -23.057278057461779 ], [ -47.121780073425569, -23.057245239844185 ], [ -47.121945583449985, -23.057225324041514 ], [ -47.122032614882819, -23.057270013606395 ], [ -47.122184507128146, -23.057412950931443 ], [ -47.122255167875252, -23.057475734113069 ], [ -47.12234302287213, -23.057531876996933 ], [ -47.122440664269241, -23.057575882178394 ], [ -47.122639303301021, -23.057611128310725 ], [ -47.122736118044621, -23.057658845563136 ], [ -47.122786339848304, -23.057741943471758 ], [ -47.122840139746629, -23.057888996258388 ], [ -47.122827632688704, -23.057984130603732 ], [ -47.122844643842335, -23.058011976713477 ], [ -47.123031135226796, -23.058170336181917 ], [ -47.123209028413577, -23.058406264437568 ], [ -47.123307143683903, -23.058629091770982 ], [ -47.123379776452651, -23.058853344725254 ], [ -47.123480168666099, -23.059026401360644 ], [ -47.123499928667385, -23.059044822137153 ], [ -47.123630487905444, -23.05916628893932 ], [ -47.123747574532125, -23.059223933768116 ], [ -47.12384122463672, -23.059259596311104 ], [ -47.12394855739587, -23.059326309023319 ], [ -47.124017567859227, -23.059396606059199 ], [ -47.124050556384326, -23.059494017568252 ], [ -47.124059310474685, -23.059585255256888 ], [ -47.124060574436861, -23.059711890024179 ], [ -47.124083025550966, -23.05981458867976 ], [ -47.124142927793379, -23.059924818074549 ], [ -47.124245502277027, -23.059944653019318 ], [ -47.124364587005154, -23.059919400689981 ], [ -47.124450276414599, -23.059863092335391 ], [ -47.124520661310349, -23.059795434895111 ], [ -47.12457953379495, -23.059717099576375 ], [ -47.124629588132976, -23.059630577781245 ], [ -47.124716947050906, -23.059557636787002 ], [ -47.124838428617068, -23.059546705153995 ], [ -47.125042588159104, -23.059630981799906 ], [ -47.125161813774881, -23.059589116940359 ], [ -47.125266106029834, -23.059595387316772 ], [ -47.125359081416107, -23.059562451234761 ], [ -47.12539020503165, -23.059520597715444 ], [ -47.125400682567864, -23.059506374339588 ], [ -47.125451346334138, -23.059463806607802 ], [ -47.12555739743383, -23.059515459974609 ], [ -47.125636005261491, -23.059622999760215 ], [ -47.125756313421491, -23.059829277715195 ], [ -47.125860761033152, -23.059927352245413 ], [ -47.126062863160392, -23.060090552916318 ], [ -47.126199444756764, -23.060159849390466 ], [ -47.12625850566468, -23.06019083036291 ], [ -47.126341889633025, -23.060238725935974 ], [ -47.126392085806678, -23.06027903389602 ], [ -47.126430648800465, -23.060352176863528 ], [ -47.126439929725734, -23.060410277396823 ], [ -47.126412033774947, -23.060503903800157 ], [ -47.126402903415432, -23.060562884020076 ], [ -47.126407041388923, -23.060652107335098 ], [ -47.126421289886785, -23.060708877204227 ], [ -47.126500285841686, -23.060626027606936 ], [ -47.126690763951096, -23.060484715847288 ], [ -47.126770263704898, -23.060439051406966 ], [ -47.126844767367103, -23.060408258786207 ], [ -47.12689433826506, -23.060378072574196 ], [ -47.12697659790647, -23.060277666068519 ], [ -47.127056375269923, -23.060080792202104 ], [ -47.127098555088558, -23.059867092237564 ], [ -47.127129224983264, -23.059591710911697 ], [ -47.12717686790743, -23.05946450821132 ], [ -47.127352867437367, -23.059262186298096 ], [ -47.127522735898303, -23.059058863504831 ], [ -47.127590980452432, -23.058988254651741 ], [ -47.127830525070948, -23.058841225788861 ], [ -47.127931816826148, -23.058774414555579 ], [ -47.128002210211378, -23.058702332254722 ], [ -47.128079881994964, -23.058622388514472 ], [ -47.128118733464383, -23.058545043836126 ], [ -47.128168875858698, -23.058264796288213 ], [ -47.12815744476147, -23.058110946300459 ], [ -47.128096090569819, -23.057842040019032 ], [ -47.128081929828426, -23.057744827289852 ], [ -47.12807759481629, -23.057453848879476 ], [ -47.128076318736703, -23.057372711573077 ], [ -47.128087738500007, -23.05724960736941 ], [ -47.128094840469927, -23.057179370411141 ], [ -47.12813529523487, -23.057030057397672 ], [ -47.128269274841699, -23.056882915118461 ], [ -47.128356311520925, -23.056799956468122 ], [ -47.128423101051062, -23.05679039077091 ], [ -47.128573942575109, -23.056835480934819 ], [ -47.128633012900202, -23.056887584592449 ], [ -47.128786020720632, -23.056916938043969 ], [ -47.12889190176881, -23.056942502930024 ], [ -47.128974857940705, -23.056958175878773 ], [ -47.129047718803193, -23.05695096545913 ], [ -47.129147122938306, -23.056881922189316 ], [ -47.129246442157431, -23.056797262964949 ], [ -47.129310274101591, -23.056707123926916 ], [ -47.129330810763776, -23.056641941690451 ], [ -47.129330930844056, -23.056445057021346 ], [ -47.129321113515196, -23.056265999548099 ], [ -47.129296707133747, -23.056115935392622 ], [ -47.129228844715882, -23.05596013772379 ], [ -47.129167370915759, -23.055831967419376 ], [ -47.129032142744769, -23.055613255017395 ], [ -47.128980183029931, -23.055522148475237 ], [ -47.128915848837785, -23.055375781642653 ], [ -47.128854683246566, -23.055262050533564 ], [ -47.128847824300344, -23.055153365232552 ], [ -47.128856195787407, -23.05506668165793 ], [ -47.128888475876678, -23.054950157075186 ], [ -47.128931528617478, -23.054858673237675 ], [ -47.128993346242545, -23.054783727175305 ], [ -47.129052237345633, -23.054727326268246 ], [ -47.129168502180384, -23.054656160205102 ], [ -47.129342891737402, -23.054602626372628 ], [ -47.129456370498325, -23.054558940319094 ], [ -47.12956448047963, -23.054496188886326 ], [ -47.12961247680591, -23.05446837025838 ], [ -47.1296965339195, -23.054375160144648 ], [ -47.129748409093246, -23.054287077835266 ], [ -47.129754987109408, -23.054193828562653 ], [ -47.129755180132008, -23.054190756716004 ], [ -47.129757605013992, -23.054181245485193 ], [ -47.129767977348912, -23.054139941705294 ], [ -47.129782199189165, -23.054116491437735 ], [ -47.129782014985949, -23.054116823457409 ], [ -47.129814950988312, -23.054062487250487 ], [ -47.129876340166696, -23.05400126799373 ], [ -47.12993643786033, -23.053924449080299 ], [ -47.129944482379813, -23.05390393920645 ], [ -47.129917957547548, -23.053793081689559 ], [ -47.129901484704106, -23.053641014967376 ], [ -47.129904959117084, -23.053544828544535 ], [ -47.12991284954083, -23.053494079655081 ], [ -47.129963495295989, -23.053297236198208 ], [ -47.129976397378655, -23.053196860476387 ], [ -47.12996577012408, -23.053007252118139 ], [ -47.129970609632686, -23.052916012249231 ], [ -47.129995823907741, -23.052826032404734 ], [ -47.130014021127579, -23.052729828094925 ], [ -47.130074188109248, -23.052550098228981 ], [ -47.130186401930679, -23.052329044481038 ], [ -47.130207628760203, -23.052287323563601 ], [ -47.13027236161858, -23.052213691880208 ], [ -47.130288369438709, -23.052208420884362 ], [ -47.130570978616731, -23.052171030198444 ], [ -47.130677110615856, -23.052161655496064 ], [ -47.130716578642115, -23.052164553738447 ], [ -47.13077678941859, -23.052166540414063 ], [ -47.130798013921684, -23.052170677585853 ], [ -47.130872985535156, -23.052185283824763 ], [ -47.130967049630343, -23.052232130480398 ], [ -47.131034162589906, -23.052299471111237 ], [ -47.131059327906755, -23.052375050444134 ], [ -47.131064140184968, -23.052389429057548 ], [ -47.131134607750127, -23.052470536001355 ], [ -47.131218091413238, -23.052545419170063 ], [ -47.131462697340751, -23.05271562299615 ], [ -47.131522114741124, -23.052800038283824 ], [ -47.131537387585631, -23.052896242647137 ], [ -47.131534059885631, -23.053006780287848 ], [ -47.131538773913825, -23.053111973698527 ], [ -47.131570564083113, -23.053214815937906 ], [ -47.131622974618637, -23.053293638544123 ], [ -47.131702288174225, -23.053348898384709 ], [ -47.131803146333048, -23.053367307466978 ], [ -47.131903616606294, -23.053350876784112 ], [ -47.131988007116689, -23.053304512165017 ], [ -47.132096315492049, -23.053280031703977 ], [ -47.132170249441963, -23.053284901919348 ], [ -47.132193685161688, -23.053286391173973 ], [ -47.132290347770088, -23.053304044101534 ], [ -47.132366086591979, -23.053367295742625 ], [ -47.132406716607235, -23.053454130654089 ], [ -47.132461053592152, -23.053634753561443 ], [ -47.13250498312685, -23.053721634186385 ], [ -47.132575407381069, -23.053804997758945 ], [ -47.132797345216005, -23.054022175655874 ], [ -47.132862474498694, -23.054101367761845 ], [ -47.132898662507479, -23.0541870889233 ], [ -47.132913562821741, -23.054285103532866 ], [ -47.132907677441182, -23.05438132242401 ], [ -47.132863443168652, -23.054571219377458 ], [ -47.132820992801371, -23.054853891647802 ], [ -47.132838734903252, -23.054948437574758 ], [ -47.13290598248382, -23.055024170708663 ], [ -47.133002328021377, -23.055057354140583 ], [ -47.133104194334862, -23.05505796515089 ], [ -47.133208863294428, -23.055047525106808 ], [ -47.133278463861352, -23.055114289397679 ], [ -47.133339069516971, -23.055192278508745 ], [ -47.133411871448608, -23.055252861033882 ], [ -47.133503493970345, -23.055307953668162 ], [ -47.13359741161316, -23.055355522701483 ], [ -47.133691725964795, -23.055382323815742 ], [ -47.133786079167663, -23.05535035743987 ], [ -47.133874959034074, -23.055302938177455 ], [ -47.133938273798613, -23.055226164685379 ], [ -47.133979871651597, -23.055129373289901 ], [ -47.134029612174636, -23.055043846167273 ], [ -47.134176397029648, -23.054898061050377 ], [ -47.134178815296607, -23.054862641871967 ], [ -47.134333480586406, -23.054721715149604 ], [ -47.13447088411489, -23.054583097690536 ], [ -47.134550282943373, -23.054526327613903 ], [ -47.134638004536683, -23.05447693763389 ], [ -47.134725089680522, -23.054407606156499 ], [ -47.134821346087321, -23.054358642423892 ], [ -47.135030117214306, -23.054322331265102 ], [ -47.135121968592799, -23.054279745889875 ], [ -47.13523999067484, -23.054238612301567 ], [ -47.135451546769332, -23.054179965867082 ], [ -47.135658566538289, -23.054185653900273 ], [ -47.135761554511426, -23.054170721347582 ], [ -47.135857015920415, -23.054122399660827 ], [ -47.136006727019137, -23.05398379519352 ], [ -47.136082333311066, -23.053900896879693 ], [ -47.136146998994022, -23.053716139435334 ], [ -47.136221802875092, -23.053638487669147 ], [ -47.136312003422425, -23.053603506783396 ], [ -47.136521644941404, -23.05363262892531 ], [ -47.13658197245752, -23.053647069248676 ], [ -47.136628570058853, -23.053658174580107 ], [ -47.136734232291353, -23.053675071157034 ], [ -47.136844659203803, -23.053667620167047 ], [ -47.1370449398269, -23.053628713089886 ], [ -47.137156259497274, -23.053591189361576 ], [ -47.137248293484184, -23.053560245386258 ], [ -47.137318988796473, -23.053492488311882 ], [ -47.137413911930601, -23.053420341315817 ], [ -47.137513202386216, -23.053400583006429 ], [ -47.137614594362482, -23.053391628804352 ], [ -47.137714444796686, -23.053397138846432 ], [ -47.137818287229393, -23.05343635640271 ], [ -47.137885416827139, -23.053504506082938 ], [ -47.137849497662373, -23.053598964714869 ], [ -47.13780145890194, -23.053700357655654 ], [ -47.137787752365305, -23.053790182763613 ], [ -47.137884105659474, -23.053818759242347 ], [ -47.138074845352634, -23.05372085204116 ], [ -47.138180148652452, -23.053725204741344 ], [ -47.138376871086422, -23.053659714018011 ], [ -47.138572528504767, -23.053674488895567 ], [ -47.138648780502088, -23.053708933751256 ], [ -47.138753956900608, -23.053756166775457 ], [ -47.138808442795778, -23.053848950724102 ], [ -47.138882314440302, -23.053926216386941 ], [ -47.139008429727738, -23.054086727436271 ], [ -47.139089064854979, -23.054143951430255 ], [ -47.139179371650187, -23.054197162785144 ], [ -47.139244813104689, -23.054265334666884 ], [ -47.139309272941588, -23.054352837912504 ], [ -47.139391018246158, -23.054414108922952 ], [ -47.139476042663553, -23.054463961281101 ], [ -47.139548943704867, -23.054530677955043 ], [ -47.13966406501185, -23.0547030725272 ], [ -47.139743089166018, -23.054760137412082 ], [ -47.139823117423539, -23.054845082551541 ], [ -47.13979762867806, -23.054942740363117 ], [ -47.139790940089895, -23.055033644062167 ], [ -47.139829673974795, -23.055157965069476 ], [ -47.139920899142197, -23.05524375150895 ], [ -47.140044741452556, -23.055321423107127 ], [ -47.140230038623919, -23.055413518183897 ], [ -47.140444451720981, -23.055535549874431 ], [ -47.140609794934754, -23.055658065409048 ], [ -47.140735015791002, -23.055822829696471 ], [ -47.140831521828957, -23.055988073149859 ], [ -47.140992471979921, -23.056341381542985 ], [ -47.141141670405993, -23.056475669901673 ], [ -47.141266726819502, -23.056553685052315 ], [ -47.141377683936334, -23.056564368133337 ], [ -47.141455032104908, -23.056622176920463 ], [ -47.141474015821828, -23.05665243139704 ], [ -47.141543666753925, -23.05672207973014 ], [ -47.141653367525969, -23.056744876002487 ], [ -47.141704015785237, -23.056788151733254 ], [ -47.141730208951515, -23.05686723556304 ], [ -47.141781613876553, -23.05688206551644 ], [ -47.141811035109455, -23.056890603610341 ], [ -47.141838840973897, -23.056908912904955 ], [ -47.14191415282928, -23.057082025614566 ], [ -47.142019412640934, -23.057103798549281 ], [ -47.1421270206367, -23.057096020835676 ], [ -47.142212370527886, -23.057064622881029 ], [ -47.142223329245567, -23.057060592647105 ], [ -47.142285527011673, -23.056994844311024 ], [ -47.142353426155552, -23.056994465406977 ], [ -47.142426667449037, -23.0570621689332 ], [ -47.142517322885809, -23.05710670738069 ], [ -47.14261860798338, -23.057131512755131 ], [ -47.142731431856348, -23.057173674240566 ], [ -47.142822798144778, -23.057222445615729 ], [ -47.142845843598593, -23.057244971756056 ], [ -47.142892934103386, -23.057292176981836 ], [ -47.142929064187939, -23.057383944334862 ], [ -47.1429873191776, -23.057460426579976 ], [ -47.143058429331198, -23.05751037522154 ], [ -47.143199692661085, -23.057560004242294 ], [ -47.14324831833698, -23.057577128169225 ], [ -47.143319136044006, -23.057583208781647 ], [ -47.143464933406761, -23.057644782140741 ], [ -47.143600526895057, -23.057702160756985 ], [ -47.143697355966978, -23.05767927232035 ], [ -47.143792032751776, -23.057703354108938 ], [ -47.143839072978402, -23.057737199547891 ], [ -47.143870485815263, -23.0577597022695 ], [ -47.144014700961499, -23.057919421463797 ], [ -47.144069120303676, -23.057951812631927 ], [ -47.144099660184381, -23.057969994124697 ], [ -47.144170864181788, -23.05795982026476 ], [ -47.144191878882424, -23.057940487861117 ], [ -47.144246045308911, -23.057890916064128 ], [ -47.144317456000621, -23.057797328664726 ], [ -47.144411925843009, -23.057590047568528 ], [ -47.144448545270421, -23.057362337775299 ], [ -47.144444699422571, -23.057221205670071 ], [ -47.144464585766819, -23.057125609310617 ], [ -47.144475638398845, -23.057112279706644 ], [ -47.1445587234859, -23.057064933233161 ], [ -47.144689083520632, -23.056974878675629 ], [ -47.144738696178358, -23.056922299320942 ], [ -47.144731929521072, -23.056830404725812 ], [ -47.144734382083854, -23.056777021110225 ], [ -47.144714698021112, -23.056748311189732 ], [ -47.144681589174688, -23.056700014058826 ], [ -47.144593856556483, -23.056611475094954 ], [ -47.14458845849596, -23.056590695686946 ], [ -47.144597805201542, -23.056525573508228 ], [ -47.144691236441751, -23.056476190876122 ], [ -47.144777624006288, -23.056418959921146 ], [ -47.144870978627623, -23.056374904236094 ], [ -47.145014896258694, -23.056348396956743 ], [ -47.145230341946956, -23.056327147255352 ], [ -47.145328823127656, -23.056301978681642 ], [ -47.145446654873496, -23.056238813944351 ], [ -47.145544315209641, -23.056222773783485 ], [ -47.145647948354366, -23.056177494850346 ], [ -47.145835141547039, -23.056023568142489 ], [ -47.145911086231735, -23.055931904530741 ], [ -47.145946481959072, -23.055830139533146 ], [ -47.145965880184313, -23.055734278862847 ], [ -47.145994268557438, -23.055642177768252 ], [ -47.146022939717653, -23.055578056914651 ], [ -47.146063593541861, -23.055533903814883 ], [ -47.146084013911214, -23.055522793948011 ], [ -47.146160749709573, -23.055481039489248 ], [ -47.146227112944395, -23.055419385655995 ], [ -47.146411534588431, -23.055248073650894 ], [ -47.146520395226112, -23.055146935584364 ], [ -47.139285793328376, -23.048316750972457 ], [ -47.138099909964922, -23.047560919504235 ], [ -47.138050825051693, -23.047504260939331 ], [ -47.137898104783453, -23.047304027780221 ], [ -47.137822219711346, -23.047190679909871 ], [ -47.137726749465394, -23.047029211247072 ], [ -47.136812538042875, -23.045379579668275 ], [ -47.1364385378075, -23.043396941101133 ], [ -47.136008115596837, -23.042408985533417 ], [ -47.135528366680205, -23.040788950770786 ], [ -47.135222131591583, -23.039190356872119 ], [ -47.135056563407424, -23.038221473355637 ], [ -47.134994940567488, -23.03768524034734 ], [ -47.134706756530633, -23.036441856646334 ], [ -47.134302612691926, -23.035098252878178 ], [ -47.133824411361644, -23.034140862045003 ], [ -47.133600532992375, -23.033767693884453 ], [ -47.133195912338238, -23.0333098548751 ], [ -47.133079958894953, -23.033152835734334 ], [ -47.13294014327623, -23.03302688680397 ], [ -47.132910274497291, -23.033015102924043 ], [ -47.125915606310144, -23.024719153066528 ], [ -47.122453792304391, -23.020612781478722 ], [ -47.11753638321084, -23.014089030415104 ], [ -47.115418287037997, -23.009974102384742 ], [ -47.114087611945813, -23.007473355724247 ], [ -47.111688750558351, -23.00236757179572 ], [ -47.110681999999649, -22.999803999999411 ], [ -47.108677650448207, -22.993720072992982 ] ] ] } },
{ "type": "Feature", "properties": { "APG": "ProenÃ§a" }, "geometry": { "type": "Polygon", "coordinates": [ [ [ -47.050582580913876, -22.907571616687374 ], [ -47.050077578907263, -22.907354575874361 ], [ -47.049366405592693, -22.907098259534731 ], [ -47.048918312902707, -22.906900683244494 ], [ -47.047965142558169, -22.906365040827787 ], [ -47.047330346317587, -22.905915669905472 ], [ -47.047249217159489, -22.905791451315348 ], [ -47.046991945867823, -22.905829682612779 ], [ -47.046606782984476, -22.905875902508967 ], [ -47.045420393227111, -22.906054947233034 ], [ -47.043913212302044, -22.906291013931622 ], [ -47.04334003267946, -22.906415839096546 ], [ -47.042991582495993, -22.906573792208206 ], [ -47.042527272388803, -22.906814574075586 ], [ -47.042313966204837, -22.906889538578628 ], [ -47.042148814268508, -22.906927772901753 ], [ -47.041905392160842, -22.906939930265853 ], [ -47.041671071862346, -22.906915859492386 ], [ -47.041004730021029, -22.906680585724509 ], [ -47.039849035322433, -22.906307151365564 ], [ -47.03919282843362, -22.906098912823534 ], [ -47.036841816229057, -22.905307377205986 ], [ -47.036733139599264, -22.905209465958375 ], [ -47.035878486874154, -22.904859855788629 ], [ -47.033120750012252, -22.903896032385155 ], [ -47.032301555045535, -22.903736852352189 ], [ -47.031599052471933, -22.904909148395951 ], [ -47.029859051005111, -22.904705784741441 ], [ -47.027189886256807, -22.906024882379661 ], [ -47.027152055133747, -22.906075108115374 ], [ -47.027130795340611, -22.906185788822686 ], [ -47.027135239703675, -22.906246849961473 ], [ -47.027590409385326, -22.906891760049646 ], [ -47.027631363639543, -22.907019070111861 ], [ -47.027647953101251, -22.90712394129099 ], [ -47.027632279224449, -22.907221099384181 ], [ -47.027067050679314, -22.908908919788793 ], [ -47.030467882276703, -22.909612160438847 ], [ -47.030204416713424, -22.91008135975385 ], [ -47.03019734851803, -22.911101403358963 ], [ -47.029885492836868, -22.911325534543067 ], [ -47.02977360874003, -22.911555214473331 ], [ -47.029431036022849, -22.912157332133262 ], [ -47.028813513624151, -22.913258258277313 ], [ -47.028523711990012, -22.913462816359765 ], [ -47.028134784541407, -22.913763203122226 ], [ -47.027844079014265, -22.914054378399626 ], [ -47.027679954362988, -22.914211085029415 ], [ -47.027429726577417, -22.914436157411146 ], [ -47.027041968034311, -22.914507204892747 ], [ -47.026684010609941, -22.914525620962248 ], [ -47.026371760288924, -22.914632193729375 ], [ -47.025910202048244, -22.914905971865608 ], [ -47.02570048583717, -22.915264725456051 ], [ -47.02558558179701, -22.916440561781162 ], [ -47.025012027701621, -22.916698496382509 ], [ -47.024764420031815, -22.917033019852795 ], [ -47.024818315468288, -22.917697497518706 ], [ -47.024635688959528, -22.917942689853799 ], [ -47.024357384490337, -22.918479348922954 ], [ -47.020503435248685, -22.916434600288639 ], [ -47.018585665030947, -22.916550715347491 ], [ -47.018121560024845, -22.916534045588559 ], [ -47.017929634238598, -22.916507957171451 ], [ -47.017791071730954, -22.916481370922007 ], [ -47.0175828221413, -22.91640051036746 ], [ -47.014796822944163, -22.915133572609694 ], [ -47.014466901792872, -22.914986334132614 ], [ -47.014487879773547, -22.914806951486234 ], [ -47.014501823120113, -22.913590232315432 ], [ -47.014358224346701, -22.913229635676217 ], [ -47.014334394628897, -22.913232465744066 ], [ -47.014096656857916, -22.913559221777035 ], [ -47.013721801714325, -22.914502128784555 ], [ -47.013675539943115, -22.914676595010732 ], [ -47.012872028209408, -22.914688691056931 ], [ -47.012189431212363, -22.914639409091876 ], [ -47.012042066077889, -22.914562340240657 ], [ -47.011879661927473, -22.914414435674807 ], [ -47.011682180977004, -22.91434199032475 ], [ -47.011236010309673, -22.914459416963599 ], [ -47.011136952166936, -22.914086218278271 ], [ -47.011021676180953, -22.913262717481373 ], [ -47.010917022026526, -22.912156692158185 ], [ -47.010757918627078, -22.910830174660241 ], [ -47.010614487049352, -22.910206858775453 ], [ -47.010548628974739, -22.909920654587243 ], [ -47.010503626327626, -22.909724959714101 ], [ -47.010209243698228, -22.908805772968304 ], [ -47.009715158132352, -22.907260957063578 ], [ -47.00914848977709, -22.905447576416275 ], [ -47.008659764588046, -22.904041083963897 ], [ -47.008396266864473, -22.903465280858594 ], [ -47.008228555676851, -22.903150253725538 ], [ -47.007952746977082, -22.90278603697136 ], [ -47.007794034726331, -22.902579861381088 ], [ -47.007256387874612, -22.901839151643525 ], [ -47.006906364598208, -22.901292063761048 ], [ -47.006612748937059, -22.900640261771038 ], [ -47.006415977745888, -22.899966471925076 ], [ -47.006303567256509, -22.899214338049802 ], [ -47.006300496992615, -22.898541351537602 ], [ -47.006415089331306, -22.897917886376419 ], [ -47.006514868082746, -22.897511186070403 ], [ -47.006639396553496, -22.897142541447653 ], [ -47.00666260740492, -22.896811402738638 ], [ -47.006423018397548, -22.896981960509343 ], [ -47.005482006022021, -22.89763752632636 ], [ -47.00466459145737, -22.897998032324601 ], [ -47.003944558647369, -22.898182256110971 ], [ -47.003066660530521, -22.898343098894465 ], [ -47.002533653302081, -22.898451742509383 ], [ -47.000859160737917, -22.898854357135303 ], [ -47.000528919931895, -22.89895773206408 ], [ -46.999599313909187, -22.89924866683101 ], [ -46.998153567432723, -22.899686833366438 ], [ -46.997434478468627, -22.899887447451245 ], [ -46.996741252772381, -22.900054239919122 ], [ -46.996102961355142, -22.900174658176731 ], [ -46.995743656088884, -22.90023658963851 ], [ -46.995367187293759, -22.900289978840114 ], [ -46.994768519262209, -22.900366740907788 ], [ -46.994207925595312, -22.900420182272118 ], [ -46.993193467141836, -22.900499629497578 ], [ -46.992160231615728, -22.900570187599556 ], [ -46.991293284264188, -22.900635675555097 ], [ -46.990520002429712, -22.900687165626319 ], [ -46.988027624772862, -22.900870946600762 ], [ -46.987434798106293, -22.900935510871811 ], [ -46.987109162258641, -22.900975515464115 ], [ -46.986728796475361, -22.901026676238473 ], [ -46.985901752421832, -22.901183720721814 ], [ -46.985509130407472, -22.901281886723339 ], [ -46.98497165897794, -22.901428174974626 ], [ -46.984591815177247, -22.901542971043973 ], [ -46.983932292186161, -22.901757767782279 ], [ -46.983458991356919, -22.901939903045275 ], [ -46.982800204843699, -22.902227721995615 ], [ -46.982461169974833, -22.90238019193686 ], [ -46.981780290334363, -22.902735269824582 ], [ -46.981339217262637, -22.902984164833882 ], [ -46.980889818132958, -22.903257537943741 ], [ -46.980607295308793, -22.903427835257112 ], [ -46.98062327222722, -22.903459746934995 ], [ -46.980639744407455, -22.903492674058452 ], [ -46.980670311030728, -22.903538696497105 ], [ -46.98070202889361, -22.903586510159752 ], [ -46.980776310431068, -22.903698433052561 ], [ -46.980924110492758, -22.90374804917079 ], [ -46.980933479071126, -22.903751182393545 ], [ -46.980968208149029, -22.903762846721303 ], [ -46.981201021872437, -22.90374477623488 ], [ -46.9813321847341, -22.903766703165481 ], [ -46.98144529259978, -22.903851418745148 ], [ -46.981566229965807, -22.903927369753948 ], [ -46.981688666686985, -22.904001406092146 ], [ -46.98180431226082, -22.904083742469219 ], [ -46.98188510112842, -22.904151166183929 ], [ -46.981979401430372, -22.904296603101596 ], [ -46.982161032321713, -22.904666377482808 ], [ -46.982179056600252, -22.90480048807736 ], [ -46.982227401303014, -22.904897296080676 ], [ -46.982254537902961, -22.904978208748631 ], [ -46.982282870120997, -22.905069488600716 ], [ -46.982289446428815, -22.905090622150848 ], [ -46.982314794531064, -22.905214349480048 ], [ -46.982376108408303, -22.905340787709775 ], [ -46.98244390129797, -22.905437443177689 ], [ -46.982556050345323, -22.905533454699221 ], [ -46.982650819866997, -22.905578404472369 ], [ -46.982750463258625, -22.9055771606664 ], [ -46.982877073219953, -22.905534593396645 ], [ -46.982992364513784, -22.905465354412737 ], [ -46.983097120470717, -22.905434344708947 ], [ -46.983229186708975, -22.905474043678154 ], [ -46.983336504588976, -22.905563885670762 ], [ -46.983449157974967, -22.905650320625654 ], [ -46.983536729761568, -22.905758464876513 ], [ -46.983620246791027, -22.905869638920421 ], [ -46.983680670602048, -22.905990038960454 ], [ -46.983681976957882, -22.906123996940217 ], [ -46.9836631161143, -22.906258387344113 ], [ -46.983651977493878, -22.906393222978959 ], [ -46.983649687446409, -22.906528580057305 ], [ -46.983690671283703, -22.906655181276193 ], [ -46.983769968150241, -22.906769025993835 ], [ -46.983871438146238, -22.906865621228874 ], [ -46.983971013843785, -22.906964587309645 ], [ -46.984068448914272, -22.907065566200057 ], [ -46.984195327012308, -22.907129704427962 ], [ -46.984335531790947, -22.90718726623108 ], [ -46.984469016474456, -22.907219362872354 ], [ -46.984594599455583, -22.907222127135586 ], [ -46.984615181732195, -22.907222592187559 ], [ -46.984740285184415, -22.907264182349365 ], [ -46.98483634835236, -22.907364726467208 ], [ -46.984967235956994, -22.907422674952645 ], [ -46.985104078433551, -22.907470076519989 ], [ -46.985245212054039, -22.907503069949794 ], [ -46.985468505243752, -22.907531786160124 ], [ -46.985684173342101, -22.907572243382809 ], [ -46.985888864729155, -22.907637122623463 ], [ -46.986053291743168, -22.907685622897475 ], [ -46.986147705542017, -22.907728047051176 ], [ -46.986198953752194, -22.907764601146773 ], [ -46.986223523706911, -22.907823607226465 ], [ -46.986223711271904, -22.90797437090864 ], [ -46.986230539764577, -22.908062397872577 ], [ -46.986255394231165, -22.908185047117062 ], [ -46.986323756932421, -22.908320513520593 ], [ -46.986402756207596, -22.908391658450185 ], [ -46.986493485134524, -22.908473490109746 ], [ -46.986517326983979, -22.908526637093775 ], [ -46.986521230127025, -22.908601429598317 ], [ -46.986492361907978, -22.908771424994178 ], [ -46.986451308290675, -22.908927037871297 ], [ -46.986427296402169, -22.909066277643412 ], [ -46.986383431494694, -22.909216508927432 ], [ -46.986347578169678, -22.909331882570367 ], [ -46.986357560756417, -22.909415717222416 ], [ -46.986405014661322, -22.909500708224144 ], [ -46.986530299182427, -22.909576600577338 ], [ -46.986628652614236, -22.909591439969837 ], [ -46.98672661529038, -22.909579471318633 ], [ -46.986816097875, -22.909575733807422 ], [ -46.986888492403594, -22.909596224247945 ], [ -46.986941183791018, -22.909649010211268 ], [ -46.987008924253715, -22.909741691749705 ], [ -46.987096994457666, -22.909839535627256 ], [ -46.98717896697098, -22.909916059622418 ], [ -46.98727802086411, -22.909978918255398 ], [ -46.987394744540808, -22.910062951822482 ], [ -46.987492241250685, -22.910145781451611 ], [ -46.987632848640288, -22.910285759730968 ], [ -46.987738352423683, -22.910394037925059 ], [ -46.987817585324073, -22.910486575213216 ], [ -46.987873718124085, -22.910571366778655 ], [ -46.987926218100704, -22.910605467014957 ], [ -46.988073864693796, -22.910638376160819 ], [ -46.988259119970273, -22.910670814317928 ], [ -46.988430969714358, -22.91068789212386 ], [ -46.988659108615224, -22.910695778661786 ], [ -46.988825874759776, -22.910650898067587 ], [ -46.988975400209924, -22.910614268056065 ], [ -46.989096819249134, -22.910623400240617 ], [ -46.989270932275247, -22.910685407685136 ], [ -46.989437652339767, -22.910764028582147 ], [ -46.989507588313742, -22.910803236296616 ], [ -46.989528031510517, -22.91082166792237 ], [ -46.989526101613585, -22.910843629873078 ], [ -46.989536852153783, -22.911057004792799 ], [ -46.989536277087097, -22.911243347644788 ], [ -46.989530488659142, -22.911292802719608 ], [ -46.989510529490076, -22.911461693748397 ], [ -46.98950679016685, -22.911679041897077 ], [ -46.989521900108173, -22.911893716364172 ], [ -46.989557701003847, -22.912077707610219 ], [ -46.989611186720545, -22.912256331371147 ], [ -46.989680236555422, -22.912477010609198 ], [ -46.989717194724633, -22.912690689036431 ], [ -46.989753093673244, -22.912875852591473 ], [ -46.989800774232798, -22.913053194796181 ], [ -46.989859659677741, -22.913260278873182 ], [ -46.989937763548205, -22.913451413556611 ], [ -46.989966409410762, -22.913635223449585 ], [ -46.990051954209669, -22.913801979787532 ], [ -46.990180070026227, -22.913961251045091 ], [ -46.990218556391099, -22.914169403088788 ], [ -46.990226047835634, -22.914357630857186 ], [ -46.990254348051685, -22.914556250707733 ], [ -46.990307721508444, -22.914754556268143 ], [ -46.99039224515947, -22.91491735286796 ], [ -46.99052050227899, -22.91508619153079 ], [ -46.990577010094214, -22.915251415614822 ], [ -46.990659125703104, -22.915474909577309 ], [ -46.990690424003574, -22.915669609699602 ], [ -46.990693499600503, -22.915808600505674 ], [ -46.990691322123716, -22.915824607154299 ], [ -46.990684574976541, -22.915874435368156 ], [ -46.990680430778148, -22.915904369610303 ], [ -46.99065023624518, -22.916153827393241 ], [ -46.990644870777345, -22.916364244277457 ], [ -46.990677734603764, -22.916567049837081 ], [ -46.990820179916568, -22.916733092144991 ], [ -46.99093209909892, -22.916894822582222 ], [ -46.990968675220302, -22.91697209397622 ], [ -46.990987483140316, -22.917054553499941 ], [ -46.991029171606925, -22.917091135315061 ], [ -46.991100579444968, -22.917153796110018 ], [ -46.991117764573112, -22.917246206626583 ], [ -46.99110702146978, -22.917281098680135 ], [ -46.991105933117623, -22.917344126915093 ], [ -46.99108898269229, -22.917405277656052 ], [ -46.9910410364323, -22.91752351216418 ], [ -46.991031741670213, -22.917586011357351 ], [ -46.99103234194444, -22.91777558926012 ], [ -46.991041213480834, -22.917838131478305 ], [ -46.991057224270563, -22.917899681378042 ], [ -46.991076676238251, -22.91796019505399 ], [ -46.99110236763434, -22.918018644345974 ], [ -46.991140190034031, -22.918071163655849 ], [ -46.991224274414016, -22.918170679670904 ], [ -46.991299443835622, -22.918276175565449 ], [ -46.991412435989247, -22.918434190643072 ], [ -46.991441804618738, -22.918491239558772 ], [ -46.991484791892447, -22.918611132210867 ], [ -46.991516553068408, -22.918666887194295 ], [ -46.991552145396206, -22.918720788536948 ], [ -46.991583590446375, -22.918776908583613 ], [ -46.991612241224374, -22.918834327576942 ], [ -46.991640092337001, -22.918892027430999 ], [ -46.991663225691589, -22.918951411478744 ], [ -46.991692279954464, -22.91907490942658 ], [ -46.991714371261494, -22.919134487092485 ], [ -46.991749086383081, -22.919188850774841 ], [ -46.99182618871275, -22.91926155092348 ], [ -46.991903186816636, -22.919376593059472 ], [ -46.991977954624197, -22.919493017313282 ], [ -46.992048094369842, -22.919611756561189 ], [ -46.992147747150952, -22.919742403344451 ], [ -46.992221607377033, -22.919895672556471 ], [ -46.992185584891963, -22.920026757877892 ], [ -46.992136329571693, -22.920154398093896 ], [ -46.992078261498911, -22.920278537731541 ], [ -46.992012101305242, -22.920398987182821 ], [ -46.991856786382016, -22.920628528570031 ], [ -46.991782449476077, -22.920745017990317 ], [ -46.991717345455456, -22.920866266598072 ], [ -46.991702297879797, -22.920997088687471 ], [ -46.991717560319181, -22.92107887028126 ], [ -46.99172095591917, -22.921096702865892 ], [ -46.991727239848693, -22.921130659103316 ], [ -46.991734357698206, -22.921265626758771 ], [ -46.99172491348309, -22.921400350808494 ], [ -46.991674740301725, -22.92152574546331 ], [ -46.991614644989966, -22.921648736780838 ], [ -46.991577879807544, -22.921778567415057 ], [ -46.991598168508077, -22.921912737887929 ], [ -46.99161356148042, -22.922047421167964 ], [ -46.991623413135507, -22.922182444799436 ], [ -46.991630347409284, -22.922453284202845 ], [ -46.991636263791925, -22.922588537754301 ], [ -46.991663116076104, -22.92285822445767 ], [ -46.9916824340999, -22.922991955674565 ], [ -46.99175991006215, -22.923106540328526 ], [ -46.991841055346121, -22.923219183041756 ], [ -46.991856245835237, -22.923350979878947 ], [ -46.99185500983009, -22.923486323140537 ], [ -46.991848386553293, -22.923621553441734 ], [ -46.991805830775299, -22.92375118594224 ], [ -46.99177504428161, -22.923883108283832 ], [ -46.991761326375027, -22.923978434143844 ], [ -46.991781335004362, -22.924060426966239 ], [ -46.991778721495194, -22.924123564559416 ], [ -46.991772729885746, -22.92418656398209 ], [ -46.991760133565712, -22.924248653212164 ], [ -46.991739148586305, -22.924308771288466 ], [ -46.991709595720742, -22.924365656555533 ], [ -46.991672834619962, -22.924418840556037 ], [ -46.991632098487813, -22.924469546620415 ], [ -46.991589331999812, -22.924518833690918 ], [ -46.991542984398585, -22.924565096205932 ], [ -46.991492075424503, -22.924607263116499 ], [ -46.991439366638431, -22.924647285903713 ], [ -46.991387722407062, -22.924688649500141 ], [ -46.991341618424244, -22.924735089463795 ], [ -46.991306639708398, -22.924789244096605 ], [ -46.991279028609192, -22.924847007724392 ], [ -46.99124971919094, -22.924904070423604 ], [ -46.991217090883239, -22.924959549735618 ], [ -46.991184139756086, -22.925014942812954 ], [ -46.991151429709376, -22.925070332860511 ], [ -46.991115967307465, -22.925124403247302 ], [ -46.991075391503962, -22.925175107177711 ], [ -46.99102749803022, -22.92522012505075 ], [ -46.990973480539637, -22.925258629379595 ], [ -46.990918809511378, -22.925296419659116 ], [ -46.990867490311523, -22.925338049865776 ], [ -46.99081698796298, -22.925380572599479 ], [ -46.990764523744069, -22.925420862956379 ], [ -46.990712633950466, -22.925461958601783 ], [ -46.99066555317944, -22.925507598135258 ], [ -46.990619614693763, -22.925554396954286 ], [ -46.990568867121695, -22.925596651856225 ], [ -46.990513949457458, -22.925634083987131 ], [ -46.990458540313412, -22.925670890312727 ], [ -46.990403380161013, -22.925708235170578 ], [ -46.990347479506674, -22.925744415672821 ], [ -46.99029460524423, -22.925784169358003 ], [ -46.99026503037723, -22.92583961021618 ], [ -46.990277986712414, -22.92590110812657 ], [ -46.990310547775607, -22.925956492092197 ], [ -46.990353386794958, -22.926005608216691 ], [ -46.990402817341945, -22.92604922494834 ], [ -46.99045588817976, -22.926088914028099 ], [ -46.990514085424955, -22.926121858175705 ], [ -46.99057775418661, -22.926144171073403 ], [ -46.990644047334634, -22.926159048176977 ], [ -46.990710872733345, -22.926171842166397 ], [ -46.99077784304734, -22.926183550964925 ], [ -46.990845273154726, -22.926193719229566 ], [ -46.990912695352485, -22.92620334589196 ], [ -46.990979818513573, -22.926214511013843 ], [ -46.991046420007429, -22.926228481289808 ], [ -46.991111867440971, -22.926245986882709 ], [ -46.99117608704848, -22.926267480112482 ], [ -46.991238750758839, -22.926292513702599 ], [ -46.991299771607878, -22.926320637352276 ], [ -46.991357497478205, -22.926354309314803 ], [ -46.991408272298884, -22.926396374102509 ], [ -46.991454529449527, -22.926442828929577 ], [ -46.991504278009501, -22.926486170459906 ], [ -46.991554499577873, -22.926528874086966 ], [ -46.991595665976263, -22.926579003888232 ], [ -46.991625754763135, -22.926635682461324 ], [ -46.991656323153862, -22.926692174451517 ], [ -46.991686570092952, -22.926748670467624 ], [ -46.991691823575692, -22.926811077378719 ], [ -46.991673178225028, -22.9268717980462 ], [ -46.991644677589321, -22.926929211787261 ], [ -46.991614236176147, -22.926985837368797 ], [ -46.991584844826683, -22.927042810884416 ], [ -46.991556828981608, -22.927100399087138 ], [ -46.991530755191576, -22.927158865704889 ], [ -46.991507831647347, -22.927218376136342 ], [ -46.991488863372162, -22.927279010560529 ], [ -46.991473283821215, -22.927340505251099 ], [ -46.991460447398836, -22.927402687751762 ], [ -46.99145099310914, -22.927465279209379 ], [ -46.991445885397852, -22.927528267523403 ], [ -46.99144616644265, -22.92759145906037 ], [ -46.991452792772918, -22.927654300146184 ], [ -46.991462871070127, -22.927716827082559 ], [ -46.991471423664478, -22.927779463439375 ], [ -46.99148150198414, -22.927841990372389 ], [ -46.991503115357702, -22.927901754486985 ], [ -46.99153735466065, -22.927956394844685 ], [ -46.991575102565854, -22.928009095315435 ], [ -46.991612211498527, -22.928062074629139 ], [ -46.991651948921835, -22.928113395932826 ], [ -46.991695744342337, -22.928161867663398 ], [ -46.991737551656442, -22.928211808787097 ], [ -46.9917747410815, -22.928264787044569 ], [ -46.991811374544234, -22.928318223661663 ], [ -46.991852119799915, -22.928361497458255 ], [ -46.991885422476976, -22.928412538332282 ], [ -46.991906727855834, -22.92847320902429 ], [ -46.991930195687559, -22.928544324893593 ], [ -46.991957489301313, -22.928602212061126 ], [ -46.991986461482185, -22.928659446204364 ], [ -46.992014076629239, -22.92871732932316 ], [ -46.992042968490765, -22.928774564460632 ], [ -46.992077366349918, -22.928829022123754 ], [ -46.992118379556132, -22.928879605040954 ], [ -46.992161616766758, -22.92892835445716 ], [ -46.992204141235483, -22.928977835035063 ], [ -46.992245551107665, -22.929028051819596 ], [ -46.99228632464667, -22.929078727972183 ], [ -46.99232478858908, -22.929130877562908 ], [ -46.992360705782865, -22.929184774406401 ], [ -46.992400283093581, -22.929236097490662 ], [ -46.992451059357549, -22.929278161831736 ], [ -46.992508942251845, -22.929311470188942 ], [ -46.992568006964412, -22.92934313867088 ], [ -46.992627542041809, -22.929373988716176 ], [ -46.992690207449478, -22.929399021604059 ], [ -46.992755270593314, -22.929417614579616 ], [ -46.992821109722591, -22.929434301933338 ], [ -46.992886794729046, -22.929451442586988 ], [ -46.992952632565533, -22.929468039621774 ], [ -46.993018777367766, -22.929483639709037 ], [ -46.993084615231759, -22.929500236686742 ], [ -46.993149528293465, -22.929519553607619 ], [ -46.993213361099436, -22.929541953539243 ], [ -46.993275792168888, -22.929567440520263 ], [ -46.993337128455117, -22.92959501763259 ], [ -46.993398077444347, -22.929623592648404 ], [ -46.993459022493326, -22.929651896852999 ], [ -46.99352067504929, -22.92967910880288 ], [ -46.993582793997255, -22.929705231526039 ], [ -46.993644835239422, -22.929731535756602 ], [ -46.993705076865162, -22.929761202874996 ], [ -46.993758700815896, -22.929800071237352 ], [ -46.993803609512845, -22.929847625530261 ], [ -46.993846132213719, -22.929896925076346 ], [ -46.993889292629966, -22.929945855482888 ], [ -46.993924409585325, -22.929999942529523 ], [ -46.993957080777911, -22.930073650737992 ], [ -46.99398450249717, -22.930112757933287 ], [ -46.994030998981927, -22.930158938022359 ], [ -46.994078687852266, -22.930204200328369 ], [ -46.994122164651934, -22.930252765569907 ], [ -46.994165724498643, -22.930301510311022 ], [ -46.994214047183107, -22.9303461326563 ], [ -46.9942642710554, -22.930388835245498 ], [ -46.994309338227644, -22.930436206822012 ], [ -46.994349953535412, -22.930486974633578 ], [ -46.994396053703738, -22.930533520693395 ], [ -46.994449915303775, -22.930572114967358 ], [ -46.994505202469689, -22.930609246848942 ], [ -46.994557405411975, -22.930649848055108 ], [ -46.994606521487761, -22.93069373806496 ], [ -46.994652463714615, -22.930740466582037 ], [ -46.994693875027664, -22.930790682615346 ], [ -46.994729311376574, -22.930844584875921 ], [ -46.99475980172371, -22.930901077092592 ], [ -46.994786859907776, -22.930959237455195 ], [ -46.994813435884744, -22.931017403872666 ], [ -46.994843127879903, -22.931074267217006 ], [ -46.994878565690804, -22.931128259694905 ], [ -46.994921965353335, -22.931177006204955 ], [ -46.994971316245092, -22.931220441737125 ], [ -46.99502257361457, -22.931262318551052 ], [ -46.995073668948372, -22.931304107104896 ], [ -46.99512618852642, -22.93134434300072 ], [ -46.995181318089713, -22.931381657152613 ], [ -46.995238891600948, -22.931415690531573 ], [ -46.995298661326693, -22.931445994857466 ], [ -46.995360782716133, -22.931472207059652 ], [ -46.995424694481848, -22.931494424471595 ], [ -46.995488836799829, -22.931515916729744 ], [ -46.995551893614206, -22.931540130964393 ], [ -46.995614482769035, -22.931565344116454 ], [ -46.995678082385169, -22.931588197295504 ], [ -46.995742610764204, -22.931608601249465 ], [ -46.995807295935798, -22.93162873236874 ], [ -46.995872211655886, -22.931648138333312 ], [ -46.995938435498864, -22.931663555566125 ], [ -46.996005412792691, -22.931675532712905 ], [ -46.9960717104154, -22.931690497568134 ], [ -46.996135619732335, -22.93171253415397 ], [ -46.996196018186922, -22.931741837150017 ], [ -46.996252485396951, -22.931777147949678 ], [ -46.996306351963526, -22.931816012300956 ], [ -46.996359190925084, -22.931856063178625 ], [ -46.996410923233441, -22.931897391856545 ], [ -46.996460751782848, -22.931940459755868 ], [ -46.996507726664156, -22.931986271891617 ], [ -46.99655049081106, -22.932035477288629 ], [ -46.996585768804778, -22.9320894713358 ], [ -46.996608826602248, -22.932148855270309 ], [ -46.99662379723555, -22.932210417353364 ], [ -46.996642935347651, -22.932271114493844 ], [ -46.996670632317098, -22.932328905312701 ], [ -46.996703198951167, -22.932384377893658 ], [ -46.996737521898638, -22.932439015861661 ], [ -46.996771205864377, -22.932493932695603 ], [ -46.996803534112182, -22.932549588806619 ], [ -46.996838335410494, -22.932603949892744 ], [ -46.996877359428581, -22.932655730037858 ], [ -46.996914073847208, -22.932708983688968 ], [ -46.996941211069966, -22.932766962046355 ], [ -46.996963390351112, -22.93282671807788 ], [ -46.996988449840622, -22.932885535075702 ], [ -46.997015746557416, -22.932943421129796 ], [ -46.997040725721476, -22.933002239126857 ], [ -46.997064025018801, -22.93306161992944 ], [ -46.997089643241587, -22.933120159037959 ], [ -46.997118059982796, -22.933177669858654 ], [ -46.997146076207876, -22.933235275991528 ], [ -46.997172413890091, -22.933293535191769 ], [ -46.997199071765344, -22.933351700077697 ], [ -46.997227488607606, -22.933409210870526 ], [ -46.997257182178728, -22.933466073638744 ], [ -46.997287116896182, -22.933522933364443 ], [ -46.997315611540891, -22.933580262600149 ], [ -46.997342510661873, -22.933638424416817 ], [ -46.997374598323987, -22.933694083403108 ], [ -46.997418634760216, -22.933742279430717 ], [ -46.997467990031787, -22.933785894574239 ], [ -46.997512740621943, -22.9338334496335 ], [ -46.997552562387334, -22.933884768136053 ], [ -46.997593658240184, -22.933935258082499 ], [ -46.997635787060226, -22.933984922507197 ], [ -46.997672102943781, -22.934038361510563 ], [ -46.9977004397727, -22.934095873201553 ], [ -46.997726539409797, -22.934154315834203 ], [ -46.997753516558916, -22.934212296021581 ], [ -46.997778097091, -22.934271299437416 ], [ -46.997798195259094, -22.934331623177464 ], [ -46.997819655828032, -22.934391658925723 ], [ -46.997847911104493, -22.934449081328609 ], [ -46.99788032067903, -22.934504736131395 ], [ -46.997912889704509, -22.934560298639703 ], [ -46.997945218960822, -22.934615954436708 ], [ -46.997977788042078, -22.934671516927214 ], [ -46.998010755046863, -22.934726803563692 ], [ -46.998043882827822, -22.934782088166976 ], [ -46.998074534939057, -22.934838487274842 ], [ -46.998097835055574, -22.934897867858542 ], [ -46.998110884400994, -22.934959905310382 ], [ -46.998115747518099, -22.935022858348123 ], [ -46.998119968973249, -22.935085909743314 ], [ -46.998101965187566, -22.935151859075557 ], [ -46.998089737737246, -22.935217013443228 ], [ -46.998080801197375, -22.935259917901604 ], [ -46.998264370453576, -22.935284599488838 ], [ -46.998410794742803, -22.935259644209754 ], [ -46.998478575865221, -22.935249582158523 ], [ -46.998496302805535, -22.935246921379008 ], [ -46.998603966217793, -22.935106085361497 ], [ -46.99863001082381, -22.935067659871567 ], [ -46.998711236737684, -22.934949455526461 ], [ -46.999084235702661, -22.934357857599473 ], [ -46.999517441984068, -22.933651298274171 ], [ -46.999834233289263, -22.933141115912225 ], [ -47.000029598192789, -22.932863575840141 ], [ -47.000162449962247, -22.932702921361724 ], [ -47.000289120137708, -22.932564733717012 ], [ -47.000494488545371, -22.932377255051332 ], [ -47.000670562706567, -22.932231312354507 ], [ -47.000842098335376, -22.932121176893162 ], [ -47.000950721187259, -22.932056883377335 ], [ -47.001114174154537, -22.931971134405824 ], [ -47.001385395387061, -22.931845025993933 ], [ -47.00167382731096, -22.931741359897874 ], [ -47.00198559819912, -22.93166141288237 ], [ -47.002132950285208, -22.931634276037929 ], [ -47.002280963136585, -22.931613811309997 ], [ -47.002428342857826, -22.931599493352632 ], [ -47.002574283094425, -22.931591151785383 ], [ -47.002748853589672, -22.931589129359566 ], [ -47.002933186875367, -22.931595018282241 ], [ -47.003139981108639, -22.931603151267421 ], [ -47.003227327428135, -22.931606291791443 ], [ -47.003995737261917, -22.931643986303349 ], [ -47.004263425509393, -22.931649452999306 ], [ -47.004612305220405, -22.931644053356084 ], [ -47.004869067358008, -22.93163358754051 ], [ -47.005169562223145, -22.931612367317758 ], [ -47.005625045527665, -22.93158043086871 ], [ -47.006244345864275, -22.931536852755666 ], [ -47.006674001712241, -22.931497927307721 ], [ -47.006820109197577, -22.931484614444319 ], [ -47.006929418401278, -22.93147257931669 ], [ -47.007071112562947, -22.931454356745849 ], [ -47.007344600920113, -22.931411626715803 ], [ -47.007676507412583, -22.931351004368299 ], [ -47.008040733703034, -22.931274354304158 ], [ -47.008758886668609, -22.931120459879811 ], [ -47.009042726424731, -22.931065679272816 ], [ -47.009185439698911, -22.931040309992532 ], [ -47.009398561244026, -22.931008812994964 ], [ -47.009569086373681, -22.930988778738843 ], [ -47.009658341945105, -22.9309797040356 ], [ -47.010073872962316, -22.930942573393168 ], [ -47.010838218594223, -22.930879536191771 ], [ -47.01096547043494, -22.93087413209955 ], [ -47.011108383953854, -22.930867807212405 ], [ -47.011203437617404, -22.930864887346161 ], [ -47.011407228971052, -22.930865735125856 ], [ -47.011666313555551, -22.930876624824236 ], [ -47.011898446131539, -22.930902300234241 ], [ -47.012176931867529, -22.930942283427829 ], [ -47.012447277933923, -22.930997174902586 ], [ -47.013656464555218, -22.931248426969479 ], [ -47.014045820064418, -22.931327534688567 ], [ -47.014218435891365, -22.931356489727513 ], [ -47.014423954326674, -22.931387103314929 ], [ -47.014669306247683, -22.931415134557611 ], [ -47.014937851017521, -22.931435107057517 ], [ -47.015377092497857, -22.931446682252549 ], [ -47.01591627964298, -22.931454549152104 ], [ -47.016584968721318, -22.931462393657107 ], [ -47.017901516806397, -22.931482852932529 ], [ -47.018427708917379, -22.931487175124872 ], [ -47.019104046057258, -22.931495814480293 ], [ -47.019696014940926, -22.931496135843499 ], [ -47.019882000223845, -22.931488803467509 ], [ -47.020068009609439, -22.931472262260929 ], [ -47.020251933314412, -22.931450601571992 ], [ -47.02043464736353, -22.93142326859099 ], [ -47.02057765138435, -22.931395989622878 ], [ -47.020783704947611, -22.931354275790774 ], [ -47.020990848682267, -22.93129936730239 ], [ -47.021439666622321, -22.931149297344504 ], [ -47.021628621595767, -22.931065911504078 ], [ -47.022179333570804, -22.930843222319329 ], [ -47.022516155386796, -22.930724548606968 ], [ -47.022686779635592, -22.930668117301082 ], [ -47.022902325393495, -22.930610752116397 ], [ -47.023315645513939, -22.930517282104695 ], [ -47.024049687912068, -22.930379547505446 ], [ -47.024560981303331, -22.930279678962791 ], [ -47.024931089098331, -22.930221151776813 ], [ -47.025160066575701, -22.930196834292783 ], [ -47.025366471101776, -22.930184360057908 ], [ -47.025567693541099, -22.930185583571294 ], [ -47.025825112437239, -22.930198096376966 ], [ -47.026026529816491, -22.930217823663391 ], [ -47.026210906559598, -22.930248420975392 ], [ -47.026370518896179, -22.930284028690266 ], [ -47.026616334578272, -22.930343271421179 ], [ -47.026878284323338, -22.930422529806165 ], [ -47.027520971213129, -22.930649673073265 ], [ -47.028191099931227, -22.930878719823184 ], [ -47.028415757024668, -22.930936695344727 ], [ -47.02864844862458, -22.930994387276161 ], [ -47.028752271880073, -22.931008226628261 ], [ -47.028955912703566, -22.931026025848364 ], [ -47.029270355942025, -22.93104051218943 ], [ -47.029484608672554, -22.931042195972026 ], [ -47.029729654210158, -22.931028048238769 ], [ -47.029937898767848, -22.931004169546757 ], [ -47.030133123838418, -22.930969714158518 ], [ -47.030341319913113, -22.930926425984964 ], [ -47.030533023008424, -22.930871431993594 ], [ -47.030733895388273, -22.930806028857727 ], [ -47.030955525604448, -22.930720318315046 ], [ -47.031163125869583, -22.930620974649951 ], [ -47.031450086526213, -22.930463740332836 ], [ -47.031682431878032, -22.930315058827453 ], [ -47.031885850370927, -22.930167198751299 ], [ -47.032171382538834, -22.929914378110482 ], [ -47.032413355755324, -22.929673038366346 ], [ -47.032711633462142, -22.929310276751892 ], [ -47.032903363130181, -22.928977316734763 ], [ -47.032995918116193, -22.92880722283309 ], [ -47.033125957205883, -22.928493469333638 ], [ -47.033232588265747, -22.928119439738641 ], [ -47.033286177832643, -22.927870039979879 ], [ -47.033340329583233, -22.92754525168078 ], [ -47.03340680921275, -22.927114771572946 ], [ -47.033504589988247, -22.926578807946733 ], [ -47.033548445779786, -22.926382796281423 ], [ -47.033616110049465, -22.92615551454282 ], [ -47.033718011137204, -22.925863246033522 ], [ -47.033895373018645, -22.925521351231041 ], [ -47.034093454971483, -22.925232093085057 ], [ -47.034169982890049, -22.9251355089961 ], [ -47.034371818185832, -22.924914632440238 ], [ -47.034539649500474, -22.92475819791532 ], [ -47.034738670612946, -22.92460190508482 ], [ -47.034911900287398, -22.924484039566348 ], [ -47.035089312500844, -22.924377134045056 ], [ -47.035199992765804, -22.924312250266553 ], [ -47.035520564053598, -22.924162342410998 ], [ -47.035888394567053, -22.924044417806758 ], [ -47.036160142018041, -22.923978460560409 ], [ -47.036350107482029, -22.923947857273067 ], [ -47.036513999131692, -22.923925984038103 ], [ -47.036735923474502, -22.923909324307523 ], [ -47.037018614823715, -22.923914092595471 ], [ -47.03718554580616, -22.923918089147882 ], [ -47.037351613600023, -22.923939610324183 ], [ -47.037633039892391, -22.923983393369941 ], [ -47.037826482066066, -22.924029388786423 ], [ -47.037975940650149, -22.924079740295003 ], [ -47.038221529661207, -22.924167315275152 ], [ -47.03847326801494, -22.924273678749874 ], [ -47.038676296201295, -22.924374709141336 ], [ -47.038891712611921, -22.924492461899991 ], [ -47.038908731341813, -22.924501722365008 ], [ -47.039832419913274, -22.924986467656566 ], [ -47.040039839116176, -22.92508536337461 ], [ -47.040237670499884, -22.925172014120804 ], [ -47.040545642817442, -22.925275936005693 ], [ -47.040764793611935, -22.925336944208663 ], [ -47.041058588150982, -22.92540123528434 ], [ -47.041290224546785, -22.925437165800624 ], [ -47.041496168943539, -22.925453655810543 ], [ -47.041740723587495, -22.925466579492877 ], [ -47.042144398092212, -22.925450282382069 ], [ -47.042349064247631, -22.925429774273571 ], [ -47.042695768569438, -22.925366632981365 ], [ -47.042927115844577, -22.925302899347706 ], [ -47.043135982963022, -22.925230246532781 ], [ -47.043262691655002, -22.925183838268246 ], [ -47.043455389008017, -22.925104983557191 ], [ -47.043795930653935, -22.924931240099209 ], [ -47.044277137339755, -22.924639588654085 ], [ -47.046175578341476, -22.923462295774264 ], [ -47.046917511083542, -22.92300369474906 ], [ -47.047588579255361, -22.922590240108253 ], [ -47.047777640148389, -22.922462407242779 ], [ -47.047941202620663, -22.922349437646123 ], [ -47.048025822869903, -22.922283978788062 ], [ -47.048145299440236, -22.922189903899575 ], [ -47.04843225363264, -22.921927920245082 ], [ -47.048569832127264, -22.921776195632862 ], [ -47.048729680807511, -22.921566045448628 ], [ -47.048870384561191, -22.921360294939348 ], [ -47.048996080560876, -22.92115076586802 ], [ -47.04910560237235, -22.920891973976087 ], [ -47.049121852729833, -22.920850146763105 ], [ -47.049186297210696, -22.920677879881325 ], [ -47.049240975165539, -22.920481544953379 ], [ -47.049270705989919, -22.920352697744192 ], [ -47.049325952241574, -22.920028523962788 ], [ -47.049344681014645, -22.919878964897855 ], [ -47.049367803081601, -22.91959935098285 ], [ -47.049400071245039, -22.919265182275431 ], [ -47.049430605910551, -22.918949362063184 ], [ -47.049470594799466, -22.918717015826918 ], [ -47.049535156289132, -22.918461783246528 ], [ -47.049608976579336, -22.91821293102635 ], [ -47.049663844986355, -22.918082766201362 ], [ -47.049731816782874, -22.917942050397144 ], [ -47.049955467862432, -22.917544203232154 ], [ -47.050606361599463, -22.91666318557386 ], [ -47.050805628717036, -22.916381115942588 ], [ -47.051284454634526, -22.915720787391951 ], [ -47.051467163283625, -22.915486867775073 ], [ -47.051649584522359, -22.9152766041191 ], [ -47.051796341298235, -22.915126564143957 ], [ -47.051973006828845, -22.914966477958853 ], [ -47.052125220990838, -22.914847963936502 ], [ -47.052286401012203, -22.914732403296544 ], [ -47.05244471607574, -22.914629427961174 ], [ -47.052631764198033, -22.914523733860875 ], [ -47.052919842098525, -22.914385949133685 ], [ -47.053231383572715, -22.914279818354689 ], [ -47.053633772491374, -22.914175310627961 ], [ -47.053886040959021, -22.914125465164155 ], [ -47.05412217985026, -22.914098667884531 ], [ -47.054475614206069, -22.914068456865092 ], [ -47.054851001048419, -22.914065585537703 ], [ -47.055061827545927, -22.914071162530046 ], [ -47.055303931377331, -22.914077507989102 ], [ -47.055706434413615, -22.914081957131568 ], [ -47.056292985227358, -22.914080410884846 ], [ -47.056490526505883, -22.914068463868968 ], [ -47.056713506056617, -22.914048513636825 ], [ -47.05686294355386, -22.914033939280944 ], [ -47.057035190593723, -22.914007604215815 ], [ -47.05732424362494, -22.913950776949033 ], [ -47.057590677293135, -22.913881061947752 ], [ -47.057790137848237, -22.913815283846507 ], [ -47.058028661683529, -22.913722999673222 ], [ -47.058174173956772, -22.913661441087658 ], [ -47.05834777997282, -22.913581462968668 ], [ -47.058569820842209, -22.913462218558717 ], [ -47.058829016168183, -22.913307194148381 ], [ -47.058958366861511, -22.913218671306524 ], [ -47.058880947316069, -22.912477922443482 ], [ -47.05872028734148, -22.912085813225669 ], [ -47.058353535335236, -22.911708320483118 ], [ -47.058067925306823, -22.911580624847961 ], [ -47.055888541297556, -22.910712962366635 ], [ -47.055161725477447, -22.910399848602697 ], [ -47.052578949159312, -22.909286507686144 ], [ -47.051269136697364, -22.908789784729027 ], [ -47.050888263757656, -22.9083288383469 ], [ -47.050582580913876, -22.907571616687374 ] ] ] } },
{ "type": "Feature", "properties": { "APG": "Imperador" }, "geometry": { "type": "Polygon", "coordinates": [ [ [ -47.00666260740492, -22.896811402738638 ], [ -47.006825430282525, -22.896546972303156 ], [ -47.007049717605319, -22.896190338563944 ], [ -47.007982384309777, -22.894745295413585 ], [ -47.009680287054699, -22.891965827509448 ], [ -47.009913584377884, -22.891573325998746 ], [ -47.010374017185512, -22.890768538858989 ], [ -47.010767017056104, -22.8900398056707 ], [ -47.011192547570055, -22.889201242744107 ], [ -47.01144228587107, -22.888692614031736 ], [ -47.011661055835077, -22.888198460405334 ], [ -47.01181136791336, -22.887830389083888 ], [ -47.012093106677952, -22.887132492349696 ], [ -47.012441726527413, -22.886256441907364 ], [ -47.012449785511578, -22.886236207814413 ], [ -47.01300907371769, -22.884818888772916 ], [ -47.013450410321141, -22.883702786125607 ], [ -47.014015765180488, -22.882273109678497 ], [ -47.014201218857778, -22.881804111692968 ], [ -47.015248127326238, -22.87916031652588 ], [ -47.015854624073995, -22.877618710203748 ], [ -47.016491117774443, -22.876008922733565 ], [ -47.016718330233104, -22.875435934050234 ], [ -47.020471053806872, -22.865964700736104 ], [ -47.022344604992362, -22.86121672627155 ], [ -47.022939534013297, -22.859717586764226 ], [ -47.023538801499676, -22.858192119441526 ], [ -47.024200944724946, -22.856518877697621 ], [ -47.024422236957449, -22.855956969836623 ], [ -47.024649147592783, -22.855400226374488 ], [ -47.024853131064511, -22.854879524566122 ], [ -47.024995086185029, -22.854526626465699 ], [ -47.025164958778646, -22.854089685154005 ], [ -47.025369227363228, -22.853610146017065 ], [ -47.025497341840556, -22.853342646257982 ], [ -47.025624428682661, -22.853108833222443 ], [ -47.025810386893632, -22.852803402311967 ], [ -47.026022355975236, -22.852496737258132 ], [ -47.026221951312102, -22.852227965762104 ], [ -47.026466681373577, -22.851925667771742 ], [ -47.026701118033081, -22.851682361848944 ], [ -47.026893536514699, -22.851487799315947 ], [ -47.027101347107411, -22.8512856377018 ], [ -47.027379670213001, -22.851054771863847 ], [ -47.027667937727074, -22.850828202497517 ], [ -47.02866413483342, -22.850059698318027 ], [ -47.029011449365207, -22.849795450301219 ], [ -47.029128736307761, -22.849697628224593 ], [ -47.032204426398224, -22.847312239441681 ], [ -47.033672128815404, -22.846186414270392 ], [ -47.033881156201737, -22.846029458386756 ], [ -47.034146591137777, -22.845830163256334 ], [ -47.034521899985428, -22.845548303490574 ], [ -47.035002998127617, -22.845227986170016 ], [ -47.035460787262181, -22.844966375327175 ], [ -47.035902423228116, -22.844763830981314 ], [ -47.036432636937654, -22.844570082737473 ], [ -47.036712736254117, -22.844465839056628 ], [ -47.037027824675846, -22.844380737373761 ], [ -47.037651668728088, -22.844270828495642 ], [ -47.038535776791086, -22.844181327084712 ], [ -47.037606203095173, -22.842810175677212 ], [ -47.03702142289918, -22.841891140117106 ], [ -47.036704244655155, -22.841231476722225 ], [ -47.036235700496086, -22.840003734808011 ], [ -47.035959202013181, -22.83944276426687 ], [ -47.033516516819788, -22.834819888185717 ], [ -47.03333770316042, -22.834403643293385 ], [ -47.033133912128989, -22.83386873069383 ], [ -47.033050029096373, -22.833570078908618 ], [ -47.032875911786384, -22.832891244893318 ], [ -47.032828981140256, -22.832300703731057 ], [ -47.032797430511671, -22.831977550159642 ], [ -47.03281752222545, -22.831297048874465 ], [ -47.032897493544162, -22.830602783081208 ], [ -47.033055897488005, -22.829878446389493 ], [ -47.033198375710228, -22.829368994038774 ], [ -47.033416973935658, -22.828830673742949 ], [ -47.033633641183087, -22.82839493369303 ], [ -47.033829707405033, -22.828026984454258 ], [ -47.0341171089119, -22.827600090529771 ], [ -47.03547055924264, -22.825876363718422 ], [ -47.036376956802464, -22.824798684890425 ], [ -47.036813922434789, -22.824238068730004 ], [ -47.037114780927638, -22.823658699306915 ], [ -47.037336474830909, -22.823006133595509 ], [ -47.037437975209237, -22.822394646857873 ], [ -47.037420571229966, -22.821657118303378 ], [ -47.036712624465054, -22.81823461607927 ], [ -47.036225716075151, -22.816586495820232 ], [ -47.035318480832473, -22.81356312050098 ], [ -47.034439900210067, -22.810638225346995 ], [ -47.033687326578608, -22.808186216449798 ], [ -47.033210917768024, -22.806504092511261 ], [ -47.03306552930669, -22.805777401809053 ], [ -47.032954390352401, -22.804252123776802 ], [ -47.032681605276913, -22.800979313196812 ], [ -47.032425499407893, -22.797784739446598 ], [ -47.031945287246401, -22.792245058632105 ], [ -47.031698855494589, -22.791027363448308 ], [ -47.031179632166662, -22.789630147971678 ], [ -47.030686615634501, -22.788505147088948 ], [ -47.030053372878882, -22.787367304031086 ], [ -47.029562744409681, -22.786660820146441 ], [ -47.026512894348571, -22.782268954685659 ], [ -47.023608467138047, -22.777986473909223 ], [ -47.023098646983627, -22.777077301014636 ], [ -47.022712775634091, -22.775980302903434 ], [ -47.022531146480205, -22.77512555900471 ], [ -47.022399396415615, -22.774064610384137 ], [ -47.022083279725187, -22.769526709820124 ], [ -47.021473683388848, -22.763835286577145 ], [ -47.021386325411804, -22.762277995590093 ], [ -47.020289275805482, -22.750037380430467 ], [ -47.019807622435557, -22.74507206992039 ], [ -47.019662630489009, -22.744192386475358 ], [ -47.019493042756451, -22.74343065165348 ], [ -47.01839220621931, -22.740011576906049 ], [ -47.017922251215765, -22.738572904324627 ], [ -47.017559097672816, -22.737392555647844 ], [ -47.01739358492469, -22.737457301116507 ], [ -47.017393542501409, -22.737457313117236 ], [ -47.017393605739038, -22.737457342997548 ], [ -47.016395800619136, -22.737747315347598 ], [ -47.01589349809241, -22.737861271643638 ], [ -47.01544733930411, -22.737791244391744 ], [ -47.014956853937093, -22.737545001595358 ], [ -47.014690249199539, -22.737445893333128 ], [ -47.014337498520739, -22.737368003895018 ], [ -47.014337498517541, -22.737368003893856 ], [ -47.013891835865422, -22.737359087255729 ], [ -47.013619093769876, -22.737416333824086 ], [ -47.013303938598192, -22.737575863064155 ], [ -47.012866483803329, -22.737716348316713 ], [ -47.012363853631101, -22.737786239821823 ], [ -47.01169991149029, -22.737867144779337 ], [ -47.011382179121945, -22.738094439896692 ], [ -47.011206902846297, -22.738472476732625 ], [ -47.01077665903415, -22.739285260575279 ], [ -47.010741304678163, -22.739838214095485 ], [ -47.010722281826972, -22.740217009193785 ], [ -47.010780637227157, -22.740820085711988 ], [ -47.010718420148031, -22.741209536191118 ], [ -47.010849956997376, -22.741453720240617 ], [ -47.010894412605566, -22.741617023756667 ], [ -47.010863720131624, -22.741873090891335 ], [ -47.010768231864155, -22.742150377646666 ], [ -47.010629617420712, -22.742448520866176 ], [ -47.010393004262973, -22.742665920781498 ], [ -47.010264391498069, -22.742841153305498 ], [ -47.010190574286774, -22.743118257321001 ], [ -47.010182246753097, -22.743476423539288 ], [ -47.010281843490084, -22.743792604138243 ], [ -47.010489652325028, -22.744097401105485 ], [ -47.010772945448643, -22.744370641564963 ], [ -47.011121258808224, -22.744643333553974 ], [ -47.011372056573066, -22.744906689755304 ], [ -47.011657449870512, -22.745476661128869 ], [ -47.012656242879288, -22.746146011125198 ], [ -47.012714547703176, -22.74635509394524 ], [ -47.012711991030862, -22.74655600857033 ], [ -47.012609213330592, -22.746775001101781 ], [ -47.012608999649849, -22.746775248655524 ], [ -47.01230198675659, -22.747172098623658 ], [ -47.012116673218642, -22.747362076103482 ], [ -47.011809858069832, -22.747506314537446 ], [ -47.011617021452793, -22.747639651006903 ], [ -47.011612479337728, -22.747858434644655 ], [ -47.011521294828029, -22.7482946388096 ], [ -47.01131573339088, -22.748712206061811 ], [ -47.011193057520984, -22.748968939031414 ], [ -47.011198921357803, -22.749163379488859 ], [ -47.011250724784531, -22.749311200962232 ], [ -47.011565550980784, -22.749873550362654 ], [ -47.011997370272276, -22.750597080114218 ], [ -47.012306321370801, -22.751072083121013 ], [ -47.012612778334287, -22.751496769619287 ], [ -47.012799617223806, -22.751568958882146 ], [ -47.013041102365491, -22.751553745004205 ], [ -47.013280822237867, -22.75143721591434 ], [ -47.013535684984689, -22.751099318287284 ], [ -47.013975600649204, -22.750617109582791 ], [ -47.014278452028918, -22.750177060848962 ], [ -47.014580370745989, -22.749588400149051 ], [ -47.014649889147961, -22.749169622296431 ], [ -47.0147985899779, -22.749047426823562 ], [ -47.014974399955172, -22.748948342293193 ], [ -47.015203149790302, -22.748913456287188 ], [ -47.015496768240524, -22.748909734789521 ], [ -47.015733066887307, -22.748901534992008 ], [ -47.015913004485185, -22.748971153285105 ], [ -47.016021875909395, -22.749078868673067 ], [ -47.016068859539047, -22.749258054937584 ], [ -47.016055922474159, -22.749557620447369 ], [ -47.015949525382482, -22.750027461532763 ], [ -47.015863698625949, -22.750264768250911 ], [ -47.015112649632393, -22.752144137617645 ], [ -47.014801476714013, -22.752994819006812 ], [ -47.014585170725766, -22.75360650625915 ], [ -47.014335311535149, -22.754086891240362 ], [ -47.013961052050455, -22.754695981540717 ], [ -47.013524374265984, -22.755065510902082 ], [ -47.013023488399263, -22.755351738779385 ], [ -47.012798234331342, -22.755521482116421 ], [ -47.012536237938804, -22.755825466992668 ], [ -47.012295916766902, -22.756086676157292 ], [ -47.012219695682134, -22.756293281629279 ], [ -47.012140563441804, -22.75646155048376 ], [ -47.012122679278399, -22.75667717118997 ], [ -47.012222971767478, -22.756895912166453 ], [ -47.012418130599002, -22.757077330806261 ], [ -47.012565517241583, -22.757176776373246 ], [ -47.012645888227105, -22.75725016082297 ], [ -47.012832184669172, -22.75727361443295 ], [ -47.013116224120665, -22.757239841650215 ], [ -47.013118622307609, -22.757239531472905 ], [ -47.013255460661078, -22.757262276226523 ], [ -47.013320125757815, -22.757346642623173 ], [ -47.013344399615242, -22.75750437264545 ], [ -47.01332834474109, -22.757869330409363 ], [ -47.013343618435563, -22.758132590146985 ], [ -47.013356630820546, -22.758402181029027 ], [ -47.013460513519767, -22.758687837132246 ], [ -47.013506335531503, -22.758813837809559 ], [ -47.013749631560273, -22.759416625279766 ], [ -47.013978473522855, -22.75972361045579 ], [ -47.01413635802875, -22.759915799555056 ], [ -47.014288590629079, -22.760107319522938 ], [ -47.014291210519133, -22.760329641100455 ], [ -47.014293050380722, -22.760457844191762 ], [ -47.014165399696047, -22.760657769418323 ], [ -47.014122167216854, -22.760776088696542 ], [ -47.013908008297868, -22.760938330553412 ], [ -47.013580643554185, -22.761126539300143 ], [ -47.013194828335322, -22.761210660310066 ], [ -47.012446099553593, -22.761137446389807 ], [ -47.01196881336719, -22.761014521236905 ], [ -47.011431790015209, -22.760908416311874 ], [ -47.011030627323812, -22.760880672455066 ], [ -47.010336123355856, -22.760725898058595 ], [ -47.009910647119796, -22.76051924298956 ], [ -47.009572728458295, -22.760305421702743 ], [ -47.009281202587538, -22.759966164724908 ], [ -47.009011929330185, -22.759442587999452 ], [ -47.008677961443425, -22.758657505617478 ], [ -47.008435405013806, -22.758187515467093 ], [ -47.008213623868301, -22.757713399039773 ], [ -47.008068463155503, -22.757430762763995 ], [ -47.007898839674318, -22.757058104343347 ], [ -47.007601242688779, -22.756450063214793 ], [ -47.007454371730475, -22.756172403292762 ], [ -47.007275679778289, -22.75585273246104 ], [ -47.006983192376779, -22.755633737562491 ], [ -47.006698180199038, -22.755545453241037 ], [ -47.00634999106159, -22.755448757063768 ], [ -47.005959194086529, -22.755345053655791 ], [ -47.005700385296358, -22.755299699676776 ], [ -47.00528993780236, -22.755284093008679 ], [ -47.005057871491232, -22.755282693977833 ], [ -47.00468851817142, -22.755232011184912 ], [ -47.004280970826677, -22.754940896909812 ], [ -47.004143602600173, -22.754742561140098 ], [ -47.003941596491998, -22.754526980574877 ], [ -47.003811566989732, -22.754369358861602 ], [ -47.003689326067146, -22.754184284461292 ], [ -47.003457665988051, -22.754104134097979 ], [ -47.003303102226106, -22.754130268590082 ], [ -47.003231589677299, -22.754214133139484 ], [ -47.003187933437559, -22.754396956078352 ], [ -47.003167629630141, -22.754557096586701 ], [ -47.003170084678963, -22.754670367095741 ], [ -47.003118330576619, -22.754875951886088 ], [ -47.002751620567807, -22.755059126199441 ], [ -47.002609044463199, -22.755081588789562 ], [ -47.002483149838234, -22.755157919713703 ], [ -47.002397938265055, -22.755320950724975 ], [ -47.002264167737252, -22.755380227084846 ], [ -47.002153136726299, -22.755413307817285 ], [ -47.002060509517094, -22.755442185368221 ], [ -47.001932078544883, -22.75543819852534 ], [ -47.001821392237787, -22.755373772339055 ], [ -47.001653919405562, -22.755296516055964 ], [ -47.001483981766476, -22.755320042953333 ], [ -47.001409577941203, -22.755370900546954 ], [ -47.001342501767382, -22.755516911643078 ], [ -47.001144045576396, -22.755621867138384 ], [ -47.000958322208568, -22.755630966010617 ], [ -47.00083184986191, -22.755689788628672 ], [ -47.000572502265818, -22.756161501766027 ], [ -47.000572351179258, -22.756161468338089 ], [ -47.000572471040314, -22.756161547242222 ], [ -46.99955845704654, -22.756848943756992 ], [ -46.998517237697648, -22.756996132390324 ], [ -46.998010045647376, -22.757406113142853 ], [ -46.99774733127709, -22.758074951624312 ], [ -46.997703148288529, -22.759397700358413 ], [ -46.997437135540558, -22.759825442153588 ], [ -46.997057351100992, -22.759997406068489 ], [ -46.995704921703478, -22.760426929123362 ], [ -46.99435113814215, -22.760647291835021 ], [ -46.993418662072337, -22.761178770461509 ], [ -46.992911836173313, -22.761664410042133 ], [ -46.992547386310477, -22.762260197962117 ], [ -46.992134915882474, -22.763537347348588 ], [ -46.991795584077991, -22.764355124814053 ], [ -46.991081231354833, -22.765184144305525 ], [ -46.990256461739087, -22.765892969103948 ], [ -46.989904062381157, -22.766358411966895 ], [ -46.98960588720486, -22.767049357259705 ], [ -46.989531168819447, -22.767825674248808 ], [ -46.989673869715361, -22.769025672510026 ], [ -46.990189143877664, -22.770499712142829 ], [ -46.990490143526401, -22.771222737884202 ], [ -46.99119114948526, -22.771793736925755 ], [ -46.992081810707148, -22.77220057231207 ], [ -46.993002503893592, -22.772518409413689 ], [ -46.993276815184956, -22.773045256152457 ], [ -46.993161093110835, -22.774612989377481 ], [ -46.993391942803804, -22.775151653686148 ], [ -46.993640938629873, -22.775635278541834 ], [ -46.994422748561966, -22.775929099979528 ], [ -46.996052619824169, -22.776492919773588 ], [ -46.996052659634401, -22.776492909049487 ], [ -46.996666096866335, -22.776689987706401 ], [ -46.996883702029542, -22.776866740647396 ], [ -46.997169782528111, -22.777042274912937 ], [ -46.997368554383065, -22.777215922528889 ], [ -46.997475048771989, -22.77733321698193 ], [ -46.997632478492143, -22.77751102898155 ], [ -46.997824730992768, -22.777728108682421 ], [ -46.998278902812181, -22.778237237442269 ], [ -46.998278895732199, -22.778237236619375 ], [ -46.998505008295574, -22.778689050831574 ], [ -46.998536442814121, -22.779242794848699 ], [ -46.998567161371668, -22.779444275765041 ], [ -46.998551346570665, -22.779615373682223 ], [ -46.998482827552593, -22.779701817430883 ], [ -46.998270863859005, -22.77979150262734 ], [ -46.998116809775077, -22.779816092636551 ], [ -46.998053884340024, -22.779867618122179 ], [ -46.998025984692212, -22.779914732558662 ], [ -46.998006508117946, -22.780060507675948 ], [ -46.998030947596803, -22.780216837143854 ], [ -46.998008619394284, -22.780332223659606 ], [ -46.997804490805251, -22.781026053396385 ], [ -46.997735286617477, -22.781263995094704 ], [ -46.997730806653244, -22.781342323855643 ], [ -46.997757788623275, -22.781430640760586 ], [ -46.997789960245491, -22.781511399429853 ], [ -46.997799227974788, -22.781634966777148 ], [ -46.997609632805464, -22.782213146352124 ], [ -46.997524099056548, -22.782498779706067 ], [ -46.99750116044963, -22.782721155460941 ], [ -46.997498707491964, -22.782949684531474 ], [ -46.99745543017643, -22.783104334246875 ], [ -46.997386604867067, -22.783269144397263 ], [ -46.997421661526296, -22.78344872343769 ], [ -46.997477401563387, -22.783631474066066 ], [ -46.99767905527483, -22.783847877142655 ], [ -46.997721030619388, -22.78390151930595 ], [ -46.997730526925764, -22.783980124390848 ], [ -46.997704822824367, -22.784144936229325 ], [ -46.997640201568615, -22.784284144628558 ], [ -46.997498580862199, -22.784429463328575 ], [ -46.997317282024909, -22.784546569818907 ], [ -46.997149063843374, -22.784607990206155 ], [ -46.996908686958385, -22.784737752972067 ], [ -46.996695609994191, -22.784905993975674 ], [ -46.996551664319817, -22.784941380126973 ], [ -46.99637342145251, -22.784882401577057 ], [ -46.99618584214825, -22.784540602459344 ], [ -46.996028152779303, -22.784442726431386 ], [ -46.995813086280208, -22.784419146367917 ], [ -46.995622548927052, -22.784447802011744 ], [ -46.995471155172687, -22.784484544288123 ], [ -46.995358181956256, -22.784545903582643 ], [ -46.995172412857194, -22.784653945398105 ], [ -46.995003590598955, -22.784795359172485 ], [ -46.99489911903909, -22.784983003751915 ], [ -46.994831032468483, -22.785215423441887 ], [ -46.994797392517548, -22.785447683108792 ], [ -46.994772548934428, -22.785743660671006 ], [ -46.994766108509737, -22.786691951457946 ], [ -46.994793735709891, -22.78687433248534 ], [ -46.994919285722212, -22.787186033381762 ], [ -46.994989038078629, -22.787404721598069 ], [ -46.995039751476085, -22.787810527372866 ], [ -46.99510147215527, -22.788100817662343 ], [ -46.995270856909599, -22.788389580303665 ], [ -46.995257263551203, -22.788514968603756 ], [ -46.995211934207987, -22.788722005883351 ], [ -46.995183855267896, -22.788917000658621 ], [ -46.995120889971446, -22.789076500503672 ], [ -46.995050935489481, -22.789235816930571 ], [ -46.99495912381829, -22.789311356185099 ], [ -46.994647285178914, -22.789475503918819 ], [ -46.994041023239021, -22.789725939159151 ], [ -46.993550448471204, -22.789825332085268 ], [ -46.993239891423819, -22.789989461198342 ], [ -46.992682437154883, -22.79033299205847 ], [ -46.992090885090875, -22.790640203139482 ], [ -46.99192681372697, -22.79072242142011 ], [ -46.991751763741803, -22.790750969786515 ], [ -46.991321955337526, -22.790578215341984 ], [ -46.990802792015437, -22.790257703451591 ], [ -46.990435384100465, -22.790002102805541 ], [ -46.990435382676694, -22.790001798319164 ], [ -46.990435368930974, -22.790002086467833 ], [ -46.989875818049207, -22.789550708423342 ], [ -46.989352610691682, -22.788872024442874 ], [ -46.98902987588577, -22.788612706893296 ], [ -46.988507361857366, -22.788513335931729 ], [ -46.98792647339647, -22.788515893559232 ], [ -46.987601730970411, -22.788361173420668 ], [ -46.987343806454355, -22.788340528543284 ], [ -46.987017086090255, -22.788427313190635 ], [ -46.986317805413783, -22.788716834493496 ], [ -46.985700632005631, -22.788915795685675 ], [ -46.985335045340349, -22.788914782581632 ], [ -46.984735201210661, -22.788965003780188 ], [ -46.98423189144382, -22.789155468100052 ], [ -46.983282166204177, -22.789067459571228 ], [ -46.981872624402037, -22.788906602427058 ], [ -46.980346718084547, -22.788704133511022 ], [ -46.979242550356652, -22.788073331420104 ], [ -46.978603481955368, -22.787666216782682 ], [ -46.978139906256693, -22.787553801565174 ], [ -46.977478162217814, -22.787619813857908 ], [ -46.977120688220978, -22.787866956683438 ], [ -46.976784234879176, -22.788285649455968 ], [ -46.976450612390657, -22.788825524399083 ], [ -46.97623952073539, -22.789125904634723 ], [ -46.975623039853076, -22.789593197406564 ], [ -46.975579598460349, -22.789968614250501 ], [ -46.975493168228411, -22.790491533502077 ], [ -46.975334427360231, -22.791285138202678 ], [ -46.974674614589347, -22.791881605858244 ], [ -46.974363234915117, -22.792163877245677 ], [ -46.974227355797211, -22.792482649883002 ], [ -46.974206855179702, -22.792996385329634 ], [ -46.974430585427008, -22.793564015738642 ], [ -46.974951267064576, -22.794344815904953 ], [ -46.975422344869884, -22.795068173070778 ], [ -46.975440065573977, -22.795616746340443 ], [ -46.974711579994626, -22.79686760333982 ], [ -46.974528278442413, -22.797941559765786 ], [ -46.975225752032685, -22.799804115252353 ], [ -46.975129905768462, -22.800237886185943 ], [ -46.974861977011706, -22.800401429769789 ], [ -46.973487028390011, -22.801331183659265 ], [ -46.973181558507669, -22.801722047996744 ], [ -46.972884724352987, -22.802671273317227 ], [ -46.972686514235306, -22.803502784137223 ], [ -46.97257635159265, -22.804242293474804 ], [ -46.972566800815024, -22.80467900968042 ], [ -46.972137614989052, -22.805557455723434 ], [ -46.971855967573312, -22.806477062349021 ], [ -46.97132470973709, -22.80704545101543 ], [ -46.970905775668648, -22.80689174375626 ], [ -46.970048047857716, -22.80641065675902 ], [ -46.969177101559033, -22.806326582252733 ], [ -46.968209062943963, -22.805890022901444 ], [ -46.968049409250362, -22.805477297158493 ], [ -46.967693922682315, -22.804994098266796 ], [ -46.967001411833998, -22.80477221323725 ], [ -46.966525903631833, -22.804938435582606 ], [ -46.965992610070501, -22.805349163954183 ], [ -46.965644734895271, -22.805598806378569 ], [ -46.964916330159404, -22.805819613104816 ], [ -46.964076212344082, -22.805701547470843 ], [ -46.963748458923604, -22.805466956962036 ], [ -46.963442860992885, -22.805255194779743 ], [ -46.963162176992519, -22.805343996208066 ], [ -46.962841112835335, -22.805579698069561 ], [ -46.962287073932579, -22.806053992036802 ], [ -46.961773878937578, -22.806420032103606 ], [ -46.961317845893298, -22.806633410303707 ], [ -46.961121744638909, -22.806953174396803 ], [ -46.961103165014244, -22.807590138175332 ], [ -46.960868296893963, -22.808209115605727 ], [ -46.960332714065963, -22.809529325227746 ], [ -46.960384455201897, -22.809985756875218 ], [ -46.960944905694724, -22.810728641033833 ], [ -46.961490920788087, -22.810839378419359 ], [ -46.961938564136631, -22.811240744053123 ], [ -46.961865197686457, -22.811605762212789 ], [ -46.961463993700271, -22.812032805317163 ], [ -46.96040892647288, -22.812855519881193 ], [ -46.959790971213131, -22.813328947903184 ], [ -46.958886771961936, -22.813594968117506 ], [ -46.957088606908528, -22.813918747570227 ], [ -46.955182761766459, -22.814061337345432 ], [ -46.95481573419319, -22.814453399257943 ], [ -46.954403328677586, -22.81501850753094 ], [ -46.954092964098372, -22.815513617231634 ], [ -46.953392761170186, -22.815310585160141 ], [ -46.953154247434114, -22.815413417914801 ], [ -46.952917842968802, -22.815636244423779 ], [ -46.953054316439982, -22.816130449399111 ], [ -46.953009435178892, -22.816440073547373 ], [ -46.952730595588143, -22.816766298793038 ], [ -46.95249575935987, -22.81732014184119 ], [ -46.952286356806873, -22.817690379550658 ], [ -46.952167463497126, -22.817995229430867 ], [ -46.951985190441427, -22.818113054754839 ], [ -46.951451425839132, -22.817796656860811 ], [ -46.950592971853283, -22.81722003807409 ], [ -46.949756424041446, -22.817038911396807 ], [ -46.949243995676419, -22.816747484276966 ], [ -46.947456774781188, -22.815690901342659 ], [ -46.946738243571261, -22.815504217007373 ], [ -46.946315271924092, -22.815707680586048 ], [ -46.945986094188306, -22.815642548884462 ], [ -46.944844486455487, -22.814582396701141 ], [ -46.944484442956487, -22.814492165240924 ], [ -46.944164333258279, -22.81467521567107 ], [ -46.943416115039597, -22.815304645894422 ], [ -46.943259621971301, -22.816014181548042 ], [ -46.943217045406719, -22.8167410097379 ], [ -46.943278552783653, -22.817423577340001 ], [ -46.942948863338167, -22.817734226232282 ], [ -46.941225859159424, -22.817923638555175 ], [ -46.939306123456774, -22.817634714910881 ], [ -46.937478268443606, -22.817352627034094 ], [ -46.943366656465763, -22.820821573444121 ], [ -46.945727092167147, -22.822145130802557 ], [ -46.949374769733986, -22.823683668592711 ], [ -46.951731314308326, -22.824834103108806 ], [ -46.956224493712206, -22.826134777001798 ], [ -46.959161216034232, -22.826764433336447 ], [ -46.96034573086726, -22.827339501831698 ], [ -46.961039201217581, -22.828548622201865 ], [ -46.961693607239738, -22.830209096983392 ], [ -46.962048970068842, -22.832268695479122 ], [ -46.962033816751045, -22.83421058062061 ], [ -46.961906087304811, -22.836462220337101 ], [ -46.967466953537972, -22.837413420230298 ], [ -46.967987277260377, -22.836629878073204 ], [ -46.968495819191659, -22.835859513447019 ], [ -46.969711597754461, -22.835857746534224 ], [ -46.969947194811034, -22.835611255162444 ], [ -46.971852398123275, -22.835526641544785 ], [ -46.971152964392502, -22.836870819552143 ], [ -46.977652206448681, -22.836103098473618 ], [ -46.980274535382378, -22.842244299698137 ], [ -46.977076873120993, -22.84329933773947 ], [ -46.97538455917342, -22.843985893765336 ], [ -46.975320984309207, -22.844011690341379 ], [ -46.974482754358576, -22.844345293594561 ], [ -46.973066003441311, -22.845334908910967 ], [ -46.973444368620875, -22.845494798806165 ], [ -46.974051894277459, -22.845774175266961 ], [ -46.974346751246323, -22.84607593560062 ], [ -46.974599096715693, -22.846365583513712 ], [ -46.974729423950336, -22.846594993350767 ], [ -46.974897473890451, -22.846866366614105 ], [ -46.9752226771324, -22.847171901361982 ], [ -46.975665800154395, -22.84755957090643 ], [ -46.976056933634332, -22.847918543570348 ], [ -46.976704888134712, -22.848364786044076 ], [ -46.977262553253489, -22.848639351516493 ], [ -46.977932966635279, -22.848993765595836 ], [ -46.978052462160178, -22.849145846592116 ], [ -46.978170778075665, -22.849410701803034 ], [ -46.978379248396585, -22.850059480077658 ], [ -46.978660873351949, -22.850827781744165 ], [ -46.978758499619467, -22.851305954161134 ], [ -46.979187632236453, -22.852062940779312 ], [ -46.979894463291068, -22.85318833354739 ], [ -46.98055822578641, -22.854179470695534 ], [ -46.981158832219286, -22.85509185432154 ], [ -46.981516603387853, -22.855474609032036 ], [ -46.981762335369446, -22.855710338455232 ], [ -46.981392792795134, -22.856416414638606 ], [ -46.981166313647982, -22.856777194215276 ], [ -46.980472923141079, -22.857712187871638 ], [ -46.980244998911289, -22.858223029339122 ], [ -46.979714115389939, -22.859605951921999 ], [ -46.979235870141338, -22.860596584468858 ], [ -46.978862738206104, -22.861677813153012 ], [ -46.979854309644494, -22.861767671740779 ], [ -46.980209706438572, -22.861785998522045 ], [ -46.980297917156911, -22.861774247406572 ], [ -46.981539363276141, -22.861930319305909 ], [ -46.982166082445325, -22.861876107396753 ], [ -46.983228880694455, -22.861863402281692 ], [ -46.983382069729892, -22.862320564228789 ], [ -46.983607630118968, -22.862986452729633 ], [ -46.983591693217747, -22.863322040204576 ], [ -46.983444092728419, -22.864140820916575 ], [ -46.983396461363014, -22.864335516006069 ], [ -46.983407264666695, -22.86440444518772 ], [ -46.983404420399914, -22.86464570774519 ], [ -46.983330026503204, -22.865492916342021 ], [ -46.983460508774904, -22.866123426880641 ], [ -46.983446979549029, -22.866608216383799 ], [ -46.983448625445, -22.867175241865333 ], [ -46.983375709175938, -22.867637299244965 ], [ -46.983356325348545, -22.867801940070752 ], [ -46.98317448741799, -22.868255244367933 ], [ -46.983007536886433, -22.86872677990802 ], [ -46.982780977860855, -22.869116181855613 ], [ -46.982702216925276, -22.869281021238734 ], [ -46.98264807757036, -22.869381816251863 ], [ -46.982687814368006, -22.869445690191025 ], [ -46.982732585397741, -22.869518709868103 ], [ -46.982831802795239, -22.869600620327638 ], [ -46.983084674793133, -22.869778206950024 ], [ -46.983387215466692, -22.869951020818206 ], [ -46.984185462507575, -22.870451413300113 ], [ -46.984413420475569, -22.870578661651173 ], [ -46.984631397532368, -22.870632817543875 ], [ -46.984973225641944, -22.870727678045615 ], [ -46.985156454813485, -22.870768273595004 ], [ -46.985359540609245, -22.870831642290248 ], [ -46.985463599428741, -22.87088162185357 ], [ -46.985548007941382, -22.870972743287339 ], [ -46.985702897086576, -22.871119950933892 ], [ -46.986408785771623, -22.871793737665246 ], [ -46.986785490287737, -22.872065286518517 ], [ -46.987046378354535, -22.872229856113965 ], [ -46.987356727463741, -22.872430550795574 ], [ -46.987535319729922, -22.872505688086555 ], [ -46.987769935834812, -22.872565499591854 ], [ -46.987919545925955, -22.872609220386927 ], [ -46.988002208150867, -22.872657479486048 ], [ -46.988106717896166, -22.872765862263631 ], [ -46.988261652018494, -22.873070333132841 ], [ -46.988603204097508, -22.873504277841821 ], [ -46.989532304311368, -22.875096376546438 ], [ -46.989834266064918, -22.875713267711344 ], [ -46.990143468483183, -22.87618724573715 ], [ -46.99105679475479, -22.876992747360372 ], [ -46.991760023637845, -22.877584927518367 ], [ -46.991996461230279, -22.877856955561811 ], [ -46.993745780485632, -22.879423578435212 ], [ -46.993066189886981, -22.880655110374683 ], [ -46.993719019504773, -22.881090284683506 ], [ -46.998544005460751, -22.884328848255166 ], [ -46.997564841796667, -22.886239991615497 ], [ -46.997278187772963, -22.886799350604935 ], [ -46.997146001749051, -22.886799838031354 ], [ -46.99708391973504, -22.886956078297867 ], [ -46.996959096485604, -22.887141183597048 ], [ -46.996846754683339, -22.887306090092398 ], [ -46.996602611754746, -22.887437443565652 ], [ -46.996465632243847, -22.887511297120621 ], [ -46.996025127048355, -22.887530100963669 ], [ -46.994990740741954, -22.887548053641765 ], [ -46.994910169739669, -22.887583731537418 ], [ -46.994057439614174, -22.887961326826897 ], [ -46.993865127803296, -22.888081824462379 ], [ -46.993874282093905, -22.888268316230583 ], [ -46.992285939586338, -22.888356666534229 ], [ -46.991934156181493, -22.888452980037115 ], [ -46.99218328954538, -22.888976635422427 ], [ -46.99078038636226, -22.891948868003812 ], [ -46.994527335932887, -22.893124259383637 ], [ -46.998589579753748, -22.894516504953447 ], [ -46.999278903305935, -22.894710599098396 ], [ -47.000796939456656, -22.895106321601006 ], [ -47.003645482633473, -22.895992170436386 ], [ -47.004124689025289, -22.896106016535828 ], [ -47.005344087764669, -22.896483885624853 ], [ -47.00666260740492, -22.896811402738638 ] ] ] } },
{ "type": "Feature", "properties": { "APG": "Centro" }, "geometry": { "type": "Polygon", "coordinates": [ [ [ -47.050582580913876, -22.907571616687374 ], [ -47.050888263757656, -22.9083288383469 ], [ -47.051269136697364, -22.908789784729027 ], [ -47.051846644201959, -22.909008795956922 ], [ -47.052578949159312, -22.909286507686144 ], [ -47.055161725477447, -22.910399848602697 ], [ -47.055888541297556, -22.910712962366635 ], [ -47.058067925306823, -22.911580624847961 ], [ -47.058353535335236, -22.911708320483118 ], [ -47.05872028734148, -22.912085813225669 ], [ -47.058880947316069, -22.912477922443482 ], [ -47.058958366861511, -22.913218671306524 ], [ -47.059061435004907, -22.913140780660211 ], [ -47.059145925509327, -22.913072790410055 ], [ -47.05933527843235, -22.912907386394604 ], [ -47.059554309507512, -22.912711445021724 ], [ -47.059678528569826, -22.912570628041667 ], [ -47.059849158959253, -22.912331169062551 ], [ -47.060116222661996, -22.91196849585118 ], [ -47.060528595138109, -22.911414176448098 ], [ -47.060652730007057, -22.911262617050319 ], [ -47.060786083817334, -22.911109493517323 ], [ -47.060935992384273, -22.910961571608922 ], [ -47.061138470598266, -22.910782183125292 ], [ -47.061262013383072, -22.910676581535053 ], [ -47.06143741407223, -22.910556223634302 ], [ -47.061655521376771, -22.910421859998827 ], [ -47.061909507006661, -22.910294974550844 ], [ -47.062104818962197, -22.910215794164174 ], [ -47.062318241115392, -22.910143690728251 ], [ -47.062608827765075, -22.910061466938124 ], [ -47.062946391827374, -22.909965993753364 ], [ -47.064400376135822, -22.909571732088615 ], [ -47.066136668015417, -22.909106710024677 ], [ -47.068401781767498, -22.908434731915019 ], [ -47.069870064537902, -22.908026423537542 ], [ -47.071381036813733, -22.907603733125232 ], [ -47.072575420471914, -22.90727083215258 ], [ -47.073520754506355, -22.907013394690782 ], [ -47.074389063113195, -22.90677528378615 ], [ -47.074739745584701, -22.906666344592256 ], [ -47.074914579695786, -22.906599694136354 ], [ -47.07475977333165, -22.906318882999141 ], [ -47.074186423941043, -22.906175803620965 ], [ -47.073407874092034, -22.905959942280425 ], [ -47.07304493287328, -22.90568564944077 ], [ -47.072803324461283, -22.905234832217655 ], [ -47.072819163507418, -22.904740758708265 ], [ -47.071851487225182, -22.904328171049567 ], [ -47.069697999999235, -22.903323999999738 ], [ -47.070291292171902, -22.902197085291462 ], [ -47.071167992466577, -22.900687350782711 ], [ -47.071670660636265, -22.89963478193425 ], [ -47.073267213760097, -22.896732184184021 ], [ -47.072547476185839, -22.896669903663845 ], [ -47.072202926023685, -22.896692315622623 ], [ -47.071771863311632, -22.896748704195559 ], [ -47.071177397528494, -22.896869934014454 ], [ -47.070659639430552, -22.896948353839608 ], [ -47.070156724808612, -22.896942962357961 ], [ -47.069875765123484, -22.896907801136994 ], [ -47.069659077279269, -22.89685985699359 ], [ -47.069230652297762, -22.896665355553484 ], [ -47.068961956361065, -22.896376197768369 ], [ -47.068594952269699, -22.895980812731263 ], [ -47.067623309729747, -22.894822831209261 ], [ -47.066473050765048, -22.893362562991495 ], [ -47.064001469459356, -22.890208300203284 ], [ -47.063675666696156, -22.889764585639369 ], [ -47.063389484246585, -22.889383068260411 ], [ -47.063053837543436, -22.888927534725436 ], [ -47.062703615634305, -22.88857372393602 ], [ -47.062374210101652, -22.888265958862661 ], [ -47.062013589196965, -22.888013598588401 ], [ -47.061689839644053, -22.887823846678234 ], [ -47.061290809673444, -22.887673132656595 ], [ -47.060915877803417, -22.887578585756817 ], [ -47.060691786920771, -22.887545430296552 ], [ -47.060553810635149, -22.88752766409047 ], [ -47.059846479147581, -22.887552475072667 ], [ -47.059113636360458, -22.887645335750985 ], [ -47.058635171071195, -22.887640965155853 ], [ -47.057860536214818, -22.887638891448766 ], [ -47.057345264864601, -22.887610067309858 ], [ -47.056995832753039, -22.887543265348665 ], [ -47.056076979135966, -22.887303699919467 ], [ -47.055274484057364, -22.887087188309881 ], [ -47.054434932003034, -22.88697875105191 ], [ -47.054125184701341, -22.886994714046075 ], [ -47.052631091676609, -22.887025613350815 ], [ -47.051882753822184, -22.886999656531739 ], [ -47.051286813561127, -22.886816418445822 ], [ -47.050767061887704, -22.886560392732392 ], [ -47.050272302177468, -22.886231818476116 ], [ -47.0498757644623, -22.885792241307243 ], [ -47.049064523073298, -22.884802128023743 ], [ -47.048489740947225, -22.884319597654876 ], [ -47.048360457382245, -22.884249800170245 ], [ -47.047513332630615, -22.88368807008392 ], [ -47.046917380818556, -22.883456092089304 ], [ -47.046604987582398, -22.883269230223213 ], [ -47.046134234661338, -22.882845283073934 ], [ -47.045535264785038, -22.882410964703759 ], [ -47.044641715308252, -22.882147608701167 ], [ -47.043769192396006, -22.882076615248646 ], [ -47.044043691901315, -22.883466331584469 ], [ -47.04430631455898, -22.886385311825943 ], [ -47.044442749853658, -22.887172758446784 ], [ -47.044564328038533, -22.887821279083461 ], [ -47.04462340831941, -22.888020753378381 ], [ -47.044696632377317, -22.888230969182807 ], [ -47.044928972108586, -22.888693357577836 ], [ -47.045207760827196, -22.889085995613364 ], [ -47.045622876384989, -22.889636307358497 ], [ -47.046790730483913, -22.891187844938791 ], [ -47.046979582702448, -22.891503999416589 ], [ -47.047158724424179, -22.891842396531555 ], [ -47.047285482026105, -22.892170815620748 ], [ -47.04736321038677, -22.892439741906067 ], [ -47.047442160546197, -22.892832873296268 ], [ -47.047462743226014, -22.893058390422382 ], [ -47.047467479760108, -22.89325079957305 ], [ -47.04745546894199, -22.893564214896497 ], [ -47.047389606963172, -22.894134078315201 ], [ -47.047121473959265, -22.89646035543749 ], [ -47.047108856235738, -22.896867214995076 ], [ -47.047139650045274, -22.897242911354049 ], [ -47.047183446407807, -22.897521121760942 ], [ -47.04725682025294, -22.897794166335764 ], [ -47.047608691386969, -22.89900051397742 ], [ -47.047807738394283, -22.89973234972366 ], [ -47.047803692052113, -22.900549225810046 ], [ -47.047564167352597, -22.901676348912755 ], [ -47.047365527699647, -22.902732619223521 ], [ -47.046811456321528, -22.905129926534169 ], [ -47.046606782984476, -22.905875902508967 ], [ -47.046991945867823, -22.905829682612779 ], [ -47.047249217159489, -22.905791451315348 ], [ -47.047330346317587, -22.905915669905472 ], [ -47.047965142558169, -22.906365040827787 ], [ -47.048918312902707, -22.906900683244494 ], [ -47.049366405592693, -22.907098259534731 ], [ -47.050077578907263, -22.907354575874361 ], [ -47.050582580913876, -22.907571616687374 ] ] ] } },
{ "type": "Feature", "properties": { "APG": "SÃ£o Bernardo" }, "geometry": { "type": "Polygon", "coordinates": [ [ [ -47.080310075044693, -22.903432759500618 ], [ -47.079403736318589, -22.903983751897936 ], [ -47.078568312212063, -22.9044897571092 ], [ -47.07763628568442, -22.905059492553654 ], [ -47.076980956670788, -22.905460129878524 ], [ -47.076376930337844, -22.905825879608578 ], [ -47.075977169747262, -22.906073585311777 ], [ -47.07574245308966, -22.906208274790526 ], [ -47.07558960258762, -22.906293506417352 ], [ -47.075339183885482, -22.906420997941993 ], [ -47.075179094124628, -22.906495310172431 ], [ -47.075025008662593, -22.906557537152825 ], [ -47.074739745584701, -22.906666344592256 ], [ -47.074389063113195, -22.90677528378615 ], [ -47.073520754506355, -22.907013394690782 ], [ -47.072575420471914, -22.90727083215258 ], [ -47.071381036813733, -22.907603733125232 ], [ -47.069870064537902, -22.908026423537542 ], [ -47.068401781767498, -22.908434731915019 ], [ -47.066136668015417, -22.909106710024677 ], [ -47.064400376135822, -22.909571732088615 ], [ -47.062946391827374, -22.909965993753364 ], [ -47.062608827765075, -22.910061466938124 ], [ -47.062757695191422, -22.910535288124571 ], [ -47.062869239931338, -22.9108902489983 ], [ -47.062933258897509, -22.911158530221659 ], [ -47.063111230749229, -22.911940716761244 ], [ -47.06327181663638, -22.912487508451647 ], [ -47.063799828371401, -22.914193543270152 ], [ -47.064084468922083, -22.914975785848853 ], [ -47.064187534689196, -22.915189663851809 ], [ -47.064381695727626, -22.915628318055585 ], [ -47.064437808696937, -22.915809404193979 ], [ -47.064479839182788, -22.915936327303605 ], [ -47.064558502302468, -22.916184014620502 ], [ -47.064648310782566, -22.916467035375792 ], [ -47.064717057133393, -22.916686143781266 ], [ -47.064801724999867, -22.916953432962757 ], [ -47.064886199687436, -22.91721855796224 ], [ -47.064972801409162, -22.917491418950704 ], [ -47.065054063069752, -22.917746023316816 ], [ -47.065240847883679, -22.918328581357464 ], [ -47.065334320328091, -22.918625095203932 ], [ -47.065429248321813, -22.918927457955327 ], [ -47.065526669364466, -22.919229878454605 ], [ -47.065624002705711, -22.919537084618543 ], [ -47.065721101906391, -22.919839418837682 ], [ -47.065814952890072, -22.920139538333864 ], [ -47.065911929283786, -22.920444311409991 ], [ -47.066010890026199, -22.920757995871153 ], [ -47.066200675703996, -22.921347012896849 ], [ -47.066297458127067, -22.921654767218961 ], [ -47.066393923272443, -22.921957470131414 ], [ -47.066462169066554, -22.92217495886457 ], [ -47.066695259134178, -22.922900088737336 ], [ -47.066824290736058, -22.923309434279684 ], [ -47.066842380261029, -22.923367968258685 ], [ -47.066908136839018, -22.923574926829406 ], [ -47.067066056736877, -22.924071011988826 ], [ -47.067565735037029, -22.92564053756346 ], [ -47.067613614754521, -22.925786972980656 ], [ -47.067669133405801, -22.925933579690199 ], [ -47.067796343869276, -22.926243734701576 ], [ -47.068093726838704, -22.926818798035093 ], [ -47.068159401426492, -22.92692482866908 ], [ -47.068934014805471, -22.928124065519143 ], [ -47.070463444196228, -22.930486492444022 ], [ -47.07065415700545, -22.93077469138457 ], [ -47.070800020012491, -22.930973290043116 ], [ -47.070928102115722, -22.931107393032928 ], [ -47.071066657800792, -22.931237748194473 ], [ -47.071155548639595, -22.931310794544526 ], [ -47.072096842718132, -22.93203398082467 ], [ -47.072813764301834, -22.932454419269948 ], [ -47.073344353778594, -22.932700439361781 ], [ -47.073903216720325, -22.932913227803851 ], [ -47.080247151910839, -22.928943122903156 ], [ -47.082876863503444, -22.927349006715218 ], [ -47.087991061189371, -22.924148130113803 ], [ -47.091146905127324, -22.922195060461515 ], [ -47.092008333464996, -22.921605444065349 ], [ -47.092667265089318, -22.921076606267189 ], [ -47.093640937486704, -22.920192968342814 ], [ -47.094205043540292, -22.919612205991594 ], [ -47.094995909122908, -22.918676914889026 ], [ -47.098902658716476, -22.914252282582463 ], [ -47.099918433641378, -22.913097725922473 ], [ -47.105212132213346, -22.90710725909204 ], [ -47.10646224435046, -22.905691160772655 ], [ -47.107431020863267, -22.904580122596784 ], [ -47.107737804028098, -22.904181282391924 ], [ -47.108045703379261, -22.903745594962622 ], [ -47.108194903492468, -22.903498700643521 ], [ -47.10858341254837, -22.90283472208802 ], [ -47.108947496512812, -22.902036287569498 ], [ -47.109195677721111, -22.901330568379933 ], [ -47.109385008751389, -22.900696224839376 ], [ -47.109569102665525, -22.899967614081106 ], [ -47.109887908220074, -22.898845784919839 ], [ -47.109528449865429, -22.898815170963125 ], [ -47.109140747192647, -22.898683462859882 ], [ -47.108796611499329, -22.898469206388111 ], [ -47.108500098856808, -22.898252782389086 ], [ -47.108256309914097, -22.89807303169346 ], [ -47.107927826942522, -22.897899008333415 ], [ -47.107664684831626, -22.897829287037922 ], [ -47.107288264326797, -22.897818933743427 ], [ -47.10650893404646, -22.898081134583592 ], [ -47.106010751504783, -22.898236601911947 ], [ -47.105475852128251, -22.89833550090616 ], [ -47.104797711925016, -22.898354236473971 ], [ -47.104043447965942, -22.898205073756987 ], [ -47.102677610347016, -22.898133514248464 ], [ -47.102406211008315, -22.898070212597737 ], [ -47.102199712891469, -22.898025641279002 ], [ -47.101999016919734, -22.89798731213655 ], [ -47.101802794721685, -22.897957680182486 ], [ -47.101551800579216, -22.897925161532314 ], [ -47.101257222557763, -22.897896107720104 ], [ -47.101045807557519, -22.897881841890783 ], [ -47.100738059185502, -22.897869030163083 ], [ -47.100606133115733, -22.897865809449613 ], [ -47.100448954701001, -22.897866623752289 ], [ -47.10014244042182, -22.897876543762692 ], [ -47.099951328191167, -22.897886472514692 ], [ -47.099709448133311, -22.897908266076968 ], [ -47.09950406921989, -22.897931111580281 ], [ -47.099166168247976, -22.897979901517935 ], [ -47.099016180299252, -22.898004090825307 ], [ -47.098724322503315, -22.898063014198659 ], [ -47.098480287762669, -22.898122388668643 ], [ -47.098164244433498, -22.898207719901308 ], [ -47.097940925266258, -22.89827638910527 ], [ -47.097873230575864, -22.898300664192238 ], [ -47.097599192010499, -22.898400064174695 ], [ -47.09728085019092, -22.898518916006651 ], [ -47.096976103195175, -22.898638671084314 ], [ -47.095724322735016, -22.899159644870434 ], [ -47.095485776278785, -22.899246927724235 ], [ -47.09526596847958, -22.899324664782853 ], [ -47.095141587227126, -22.899362776250094 ], [ -47.094848486154469, -22.899445722272016 ], [ -47.094676973435035, -22.899486621478548 ], [ -47.094420125166586, -22.899538756366262 ], [ -47.094279123616218, -22.899562190945314 ], [ -47.094024681162324, -22.899598314837625 ], [ -47.093543806741039, -22.899636790572544 ], [ -47.092666219182348, -22.899657471098031 ], [ -47.092323247092182, -22.899664335799081 ], [ -47.091584679844551, -22.899673880979162 ], [ -47.090789003578941, -22.899690674151785 ], [ -47.090404812071618, -22.899698077199726 ], [ -47.089926757897224, -22.899705721142904 ], [ -47.088955216364589, -22.89972608251021 ], [ -47.088323754446648, -22.899750092539399 ], [ -47.088049880754767, -22.899766511589728 ], [ -47.087755070051095, -22.899795934121723 ], [ -47.087492079910795, -22.899830354493119 ], [ -47.087272791152266, -22.899863658600278 ], [ -47.087042699130635, -22.899905229104881 ], [ -47.086845143929082, -22.899951337008549 ], [ -47.086431557800637, -22.900054627781543 ], [ -47.08617690434231, -22.900129740922914 ], [ -47.085801068520723, -22.900263227938183 ], [ -47.085616629904685, -22.90033678636641 ], [ -47.085440951918635, -22.900410410135667 ], [ -47.085268418400396, -22.900484714646986 ], [ -47.085075153327466, -22.900580234950709 ], [ -47.08478958976805, -22.900725805271581 ], [ -47.084328760548011, -22.900987873068434 ], [ -47.08335404564216, -22.901579775342661 ], [ -47.082822568771711, -22.901899729350234 ], [ -47.082404743675042, -22.902147054890406 ], [ -47.081836236887753, -22.90250540692999 ], [ -47.081446561077577, -22.902738549091247 ], [ -47.081147806726598, -22.902920847705069 ], [ -47.080585044971457, -22.903266391521999 ], [ -47.080377036315056, -22.903391619684022 ], [ -47.080310075044693, -22.903432759500618 ] ] ] } },
{ "type": "Feature", "properties": { "APG": "Amarais" }, "geometry": { "type": "Polygon", "coordinates": [ [ [ -47.060867703368672, -22.88742118997008 ], [ -47.060915877803417, -22.887578585756817 ], [ -47.061290809673444, -22.887673132656595 ], [ -47.061689839644053, -22.887823846678234 ], [ -47.062013589196965, -22.888013598588401 ], [ -47.062374210101652, -22.888265958862661 ], [ -47.062703615634305, -22.88857372393602 ], [ -47.063053837543436, -22.888927534725436 ], [ -47.063389484246585, -22.889383068260411 ], [ -47.063675666696156, -22.889764585639369 ], [ -47.064001469459356, -22.890208300203284 ], [ -47.066473050765048, -22.893362562991495 ], [ -47.067623309729747, -22.894822831209261 ], [ -47.068594952269699, -22.895980812731263 ], [ -47.068961956361065, -22.896376197768369 ], [ -47.069230652297762, -22.896665355553484 ], [ -47.069659077279269, -22.89685985699359 ], [ -47.069875765123484, -22.896907801136994 ], [ -47.070156724808612, -22.896942962357961 ], [ -47.070659639430552, -22.896948353839608 ], [ -47.071177397528494, -22.896869934014454 ], [ -47.071771863311632, -22.896748704195559 ], [ -47.072202926023685, -22.896692315622623 ], [ -47.072547476185839, -22.896669903663845 ], [ -47.073267213760097, -22.896732184184021 ], [ -47.071670660636265, -22.89963478193425 ], [ -47.071167992466577, -22.900687350782711 ], [ -47.070291292171902, -22.902197085291462 ], [ -47.069697999999235, -22.903323999999738 ], [ -47.071851487225182, -22.904328171049567 ], [ -47.072819163507418, -22.904740758708265 ], [ -47.072803324461283, -22.905234832217655 ], [ -47.07304493287328, -22.90568564944077 ], [ -47.073407874092034, -22.905959942280425 ], [ -47.074186423941043, -22.906175803620965 ], [ -47.07475977333165, -22.906318882999141 ], [ -47.074914579695786, -22.906599694136354 ], [ -47.075025008662593, -22.906557537152825 ], [ -47.075179094124628, -22.906495310172431 ], [ -47.075339183885482, -22.906420997941993 ], [ -47.07558960258762, -22.906293506417352 ], [ -47.07574245308966, -22.906208274790526 ], [ -47.075977169747262, -22.906073585311777 ], [ -47.076376930337844, -22.905825879608578 ], [ -47.076980956670788, -22.905460129878524 ], [ -47.07763628568442, -22.905059492553654 ], [ -47.078568312212063, -22.9044897571092 ], [ -47.079403736318589, -22.903983751897936 ], [ -47.080311906600357, -22.903431652208372 ], [ -47.080377036315056, -22.903391619684022 ], [ -47.080585044971457, -22.903266391521999 ], [ -47.081147806726598, -22.902920847705069 ], [ -47.081446561077577, -22.902738549091247 ], [ -47.081836236887753, -22.90250540692999 ], [ -47.082404743675042, -22.902147054890406 ], [ -47.082822568771711, -22.901899729350234 ], [ -47.08335404564216, -22.901579775342661 ], [ -47.084328760548011, -22.900987873068434 ], [ -47.08478958976805, -22.900725805271581 ], [ -47.085075153327466, -22.900580234950709 ], [ -47.085268418400396, -22.900484714646986 ], [ -47.085440951918635, -22.900410410135667 ], [ -47.085616629904685, -22.90033678636641 ], [ -47.085801068520723, -22.900263227938183 ], [ -47.08617690434231, -22.900129740922914 ], [ -47.086431557800637, -22.900054627781543 ], [ -47.086845143929082, -22.899951337008549 ], [ -47.087042699130635, -22.899905229104881 ], [ -47.087272791152266, -22.899863658600278 ], [ -47.087492079910795, -22.899830354493119 ], [ -47.087755070051095, -22.899795934121723 ], [ -47.088049880754767, -22.899766511589728 ], [ -47.088323754446648, -22.899750092539399 ], [ -47.088955216364589, -22.89972608251021 ], [ -47.089926757897224, -22.899705721142904 ], [ -47.090404812071618, -22.899698077199726 ], [ -47.090789003578941, -22.899690674151785 ], [ -47.091584679844551, -22.899673880979162 ], [ -47.092323247092182, -22.899664335799081 ], [ -47.092666219182348, -22.899657471098031 ], [ -47.093543806741039, -22.899636790572544 ], [ -47.094024681162324, -22.899598314837625 ], [ -47.094279123616218, -22.899562190945314 ], [ -47.094420125166586, -22.899538756366262 ], [ -47.094676973435035, -22.899486621478548 ], [ -47.094848486154469, -22.899445722272016 ], [ -47.095141587227126, -22.899362776250094 ], [ -47.09526596847958, -22.899324664782853 ], [ -47.095485776278785, -22.899246927724235 ], [ -47.095724322735016, -22.899159644870434 ], [ -47.096976103195175, -22.898638671084314 ], [ -47.09728085019092, -22.898518916006651 ], [ -47.097599192010499, -22.898400064174695 ], [ -47.097873230575864, -22.898300664192238 ], [ -47.097940925266258, -22.89827638910527 ], [ -47.098164244433498, -22.898207719901308 ], [ -47.098480287762669, -22.898122388668643 ], [ -47.098724322503315, -22.898063014198659 ], [ -47.099016180299252, -22.898004090825307 ], [ -47.099166168247976, -22.897979901517935 ], [ -47.09950406921989, -22.897931111580281 ], [ -47.099709448133311, -22.897908266076968 ], [ -47.099951328191167, -22.897886472514692 ], [ -47.10014244042182, -22.897876543762692 ], [ -47.100448954701001, -22.897866623752289 ], [ -47.100606133115733, -22.897865809449613 ], [ -47.100738059185502, -22.897869030163083 ], [ -47.101045807557519, -22.897881841890783 ], [ -47.101257222557763, -22.897896107720104 ], [ -47.101551800579216, -22.897925161532314 ], [ -47.101802794721685, -22.897957680182486 ], [ -47.101999016919734, -22.89798731213655 ], [ -47.102199712891469, -22.898025641279002 ], [ -47.102406211008315, -22.898070212597737 ], [ -47.102677610347016, -22.898133514248464 ], [ -47.104043447965942, -22.898205073756987 ], [ -47.104797711925016, -22.898354236473971 ], [ -47.105475852128251, -22.89833550090616 ], [ -47.106010751504783, -22.898236601911947 ], [ -47.10650893404646, -22.898081134583592 ], [ -47.107288264326797, -22.897818933743427 ], [ -47.107664684831626, -22.897829287037922 ], [ -47.107927826942522, -22.897899008333415 ], [ -47.108256309914097, -22.89807303169346 ], [ -47.108500098856808, -22.898252782389086 ], [ -47.108796611499329, -22.898469206388111 ], [ -47.109140747192647, -22.898683462859882 ], [ -47.109528449865429, -22.898815170963125 ], [ -47.109887908220074, -22.898845784919839 ], [ -47.110567866805937, -22.896628735232973 ], [ -47.111031845499042, -22.895115803555409 ], [ -47.112216434991325, -22.891217456114479 ], [ -47.113195858730386, -22.887960069335715 ], [ -47.113589432437365, -22.886833449152348 ], [ -47.113642046645339, -22.886697338094866 ], [ -47.113696598700677, -22.886561833171655 ], [ -47.113790021791679, -22.88630565626438 ], [ -47.113850392976566, -22.886172330763028 ], [ -47.113912623046801, -22.886039702713585 ], [ -47.114099523188621, -22.885613920926513 ], [ -47.114169356420014, -22.885484531811262 ], [ -47.114241052708131, -22.885356110904993 ], [ -47.114880709699023, -22.88417575136884 ], [ -47.115567166511688, -22.883055250606841 ], [ -47.115666675763691, -22.882886196716356 ], [ -47.115911526523384, -22.882498279265956 ], [ -47.116418467729353, -22.881818807256817 ], [ -47.116721790386904, -22.881424332693605 ], [ -47.117839032472638, -22.880099483714815 ], [ -47.118433250088025, -22.879468674791326 ], [ -47.118876494497776, -22.87905608271058 ], [ -47.120829714494327, -22.87733604495908 ], [ -47.122878452412778, -22.875535359728346 ], [ -47.125975807592248, -22.872834595622063 ], [ -47.128025215983946, -22.87106498696939 ], [ -47.129667801286026, -22.869616039486296 ], [ -47.133412922947684, -22.866363654367397 ], [ -47.132964775297694, -22.865592589928816 ], [ -47.132802691227397, -22.865127507194725 ], [ -47.132835735330858, -22.864552743094109 ], [ -47.13280141445059, -22.863960105391705 ], [ -47.132832090052673, -22.863676144471381 ], [ -47.133256006962078, -22.862752195793469 ], [ -47.133392461936587, -22.862456073525212 ], [ -47.133536300078426, -22.86206172467724 ], [ -47.13359995967069, -22.861883573336367 ], [ -47.133633566789086, -22.861735976493719 ], [ -47.133662128508838, -22.8615122563636 ], [ -47.133661848896075, -22.86114457552835 ], [ -47.133658332004586, -22.8609605547197 ], [ -47.133633286943798, -22.860761295602178 ], [ -47.133567801056323, -22.860518976720844 ], [ -47.133117397301874, -22.858969150185196 ], [ -47.132880929902605, -22.857958637332974 ], [ -47.132603720115007, -22.85715304970137 ], [ -47.132510041927908, -22.856802779491545 ], [ -47.132415982585712, -22.856428050105446 ], [ -47.132366529861855, -22.856085401853004 ], [ -47.132360405913339, -22.855692973628642 ], [ -47.132339118725405, -22.855440853496745 ], [ -47.132328638329206, -22.855181095789597 ], [ -47.132307207752902, -22.855079373653293 ], [ -47.132226638625625, -22.854863706117516 ], [ -47.13217810048971, -22.85480098441402 ], [ -47.131957983279207, -22.854605692904311 ], [ -47.131831345070225, -22.854403100200123 ], [ -47.131688071340015, -22.85418980712123 ], [ -47.131637944491686, -22.854107607361136 ], [ -47.131606278347668, -22.854039784612343 ], [ -47.131584977773912, -22.853966948198806 ], [ -47.13158592850445, -22.85389913983018 ], [ -47.131582039698309, -22.853778586117723 ], [ -47.131571046532315, -22.853727909238398 ], [ -47.131551852416997, -22.853671654975191 ], [ -47.131529023844919, -22.853639913602375 ], [ -47.131483639750201, -22.853599085914947 ], [ -47.131411684189317, -22.853549225689267 ], [ -47.131272681763591, -22.853496381767446 ], [ -47.131149649105872, -22.853432129858344 ], [ -47.131061359361702, -22.853380592493288 ], [ -47.130974855501904, -22.853304476671223 ], [ -47.130818021788755, -22.853153924013618 ], [ -47.13070805929646, -22.853015923498646 ], [ -47.130638731566926, -22.852871781783776 ], [ -47.130542568190393, -22.85270163939483 ], [ -47.130468939135923, -22.85254437519022 ], [ -47.130416005288552, -22.852405701086443 ], [ -47.130379031448776, -22.852249841780871 ], [ -47.130350286660331, -22.852101365014903 ], [ -47.130333318339851, -22.85193016209832 ], [ -47.13028720423695, -22.851708434912904 ], [ -47.130232048177355, -22.85143230332066 ], [ -47.130228395345597, -22.851342258880223 ], [ -47.130243453167907, -22.851277511459841 ], [ -47.130262692142402, -22.851197542048695 ], [ -47.130269996933187, -22.851140481428644 ], [ -47.130262065607788, -22.851069722605452 ], [ -47.130207778303159, -22.850833841494211 ], [ -47.129955382120258, -22.85031931875077 ], [ -47.129642520377409, -22.849713525282429 ], [ -47.129584802753392, -22.84959766379168 ], [ -47.129553268125129, -22.849496888724673 ], [ -47.129449056010593, -22.848943911015592 ], [ -47.129317938104521, -22.848252000449786 ], [ -47.129064023316801, -22.847283508130154 ], [ -47.12894673936259, -22.84652018566166 ], [ -47.128894591163117, -22.846328509373791 ], [ -47.128830338279947, -22.846061074539151 ], [ -47.128793865014686, -22.845823600142413 ], [ -47.128796646334706, -22.845651410411701 ], [ -47.128810665292391, -22.845499291741689 ], [ -47.128845900224903, -22.845306446528259 ], [ -47.128935273976381, -22.845082364511335 ], [ -47.129029156112225, -22.844900199559838 ], [ -47.129115441485169, -22.844730594003401 ], [ -47.129146475289673, -22.844618780726623 ], [ -47.129145775481724, -22.844496468815436 ], [ -47.12911306848833, -22.844407986459949 ], [ -47.129053235434441, -22.844346949163739 ], [ -47.129024549039592, -22.844315466173466 ], [ -47.128976770588892, -22.844280537328274 ], [ -47.128905876169966, -22.844236529170757 ], [ -47.128874327828278, -22.844212125804116 ], [ -47.128847125099952, -22.844183060330256 ], [ -47.128835754932894, -22.844133832524562 ], [ -47.128841464819665, -22.844051697068199 ], [ -47.128870634453342, -22.843943971097765 ], [ -47.128876938276782, -22.843843231247785 ], [ -47.128869381464767, -22.84378095297647 ], [ -47.128863300593459, -22.843736077848742 ], [ -47.128855302245455, -22.84368671466628 ], [ -47.128821530517442, -22.843596892350117 ], [ -47.128782613687427, -22.843527450494598 ], [ -47.12875806958381, -22.843473072706754 ], [ -47.12872355893294, -22.843433813700539 ], [ -47.128689726159323, -22.843391656850255 ], [ -47.128663562322402, -22.843357070719311 ], [ -47.128624650457766, -22.84333953631824 ], [ -47.12857753722858, -22.843311188429848 ], [ -47.128492286997918, -22.84326863586729 ], [ -47.128434548546593, -22.84323889536461 ], [ -47.128369214747927, -22.843195986120765 ], [ -47.128315708380079, -22.84314912718348 ], [ -47.128219541115968, -22.843050299158076 ], [ -47.128136236411144, -22.843050149179842 ], [ -47.128028656460813, -22.84303867836465 ], [ -47.127812996570171, -22.842983605626713 ], [ -47.127659284625139, -22.842939710955381 ], [ -47.127480671138443, -22.842901023776616 ], [ -47.127232397954174, -22.842861461916343 ], [ -47.126936096911621, -22.842832832710222 ], [ -47.126858604906964, -22.842824208885983 ], [ -47.126778901746036, -22.842823197594601 ], [ -47.126595450643279, -22.842871146920114 ], [ -47.126468550500164, -22.842908681194103 ], [ -47.12625984000892, -22.843000840841935 ], [ -47.126203396913226, -22.843018205286093 ], [ -47.126145703100036, -22.843027461745635 ], [ -47.12603423524844, -22.843024256450459 ], [ -47.125952659035264, -22.843006117682297 ], [ -47.125720990995099, -22.842923722248216 ], [ -47.125638403402505, -22.842902527498001 ], [ -47.125569770396012, -22.842885028137555 ], [ -47.125380651326438, -22.842790599137839 ], [ -47.125250193542229, -22.842718135735595 ], [ -47.125150334910799, -22.842671082087033 ], [ -47.125059464754308, -22.84263898415508 ], [ -47.12478420521176, -22.8425479612978 ], [ -47.124702836477354, -22.842491452552071 ], [ -47.124467179858691, -22.842234969462659 ], [ -47.124369034586351, -22.842101680530995 ], [ -47.12429298026494, -22.841999421857913 ], [ -47.12421712639695, -22.841930742478912 ], [ -47.124134580206317, -22.841875964325062 ], [ -47.12403735865049, -22.841848644777212 ], [ -47.123912644274697, -22.841809685546156 ], [ -47.123698116533816, -22.841749717074453 ], [ -47.123363071167113, -22.841646850837623 ], [ -47.123160802835137, -22.841595203850066 ], [ -47.123004297887832, -22.841521280396254 ], [ -47.122773860841065, -22.841409253996872 ], [ -47.122552146073623, -22.8413260889814 ], [ -47.122024718300764, -22.841104456346013 ], [ -47.12168354956254, -22.840953642064683 ], [ -47.121371349917169, -22.840821579094843 ], [ -47.121087991678287, -22.840658618418548 ], [ -47.120818989522427, -22.840488966164294 ], [ -47.120523174175986, -22.840341065637073 ], [ -47.120463392687626, -22.840324439047549 ], [ -47.120413688664065, -22.840330878716209 ], [ -47.12032441627229, -22.840375760686729 ], [ -47.120111753184027, -22.840513553528705 ], [ -47.119960159550416, -22.84058526438692 ], [ -47.119851749233824, -22.84064962944224 ], [ -47.119748442117434, -22.840753015297459 ], [ -47.119696304094269, -22.840814915664758 ], [ -47.119651110643474, -22.840905069712122 ], [ -47.119638667618396, -22.841009231547886 ], [ -47.11962345631558, -22.841199100676686 ], [ -47.119619509372747, -22.841291684521874 ], [ -47.119601345645997, -22.841384367406206 ], [ -47.119563270834448, -22.841571020280313 ], [ -47.119467404533474, -22.841921297748392 ], [ -47.119343973219593, -22.842374493954967 ], [ -47.119195408445464, -22.842792095508425 ], [ -47.11910949610283, -22.843022807224511 ], [ -47.119047120872686, -22.843118786918108 ], [ -47.118971761621808, -22.843201127461121 ], [ -47.118825106266733, -22.843342914932347 ], [ -47.118491329751855, -22.843788619395863 ], [ -47.118115590412913, -22.844268824921208 ], [ -47.117586324266874, -22.843939234063821 ], [ -47.117149763748337, -22.843625289480869 ], [ -47.116890526313995, -22.843406752561499 ], [ -47.116537401797125, -22.842841726168956 ], [ -47.116416708432062, -22.842206173318349 ], [ -47.116357898120661, -22.841951297751997 ], [ -47.115984735450382, -22.84191301739272 ], [ -47.115672969266718, -22.842655066011645 ], [ -47.115401450610214, -22.842930130500648 ], [ -47.114946909230575, -22.843234528483123 ], [ -47.114544584004086, -22.84348199049435 ], [ -47.113809824279585, -22.843899430617618 ], [ -47.112960690392555, -22.844396293086721 ], [ -47.11276751691414, -22.844481007458185 ], [ -47.112562928775375, -22.844502861391849 ], [ -47.111418108002091, -22.844486276182945 ], [ -47.110091843139905, -22.844481747761783 ], [ -47.108727777823901, -22.844458751377598 ], [ -47.108126198145683, -22.844465547127257 ], [ -47.107513988368261, -22.844522764475549 ], [ -47.106952854759001, -22.844625975481119 ], [ -47.106938694556682, -22.844629773931537 ], [ -47.106731405183851, -22.844684967630371 ], [ -47.106241561318981, -22.844931865394503 ], [ -47.105792043146032, -22.845190494473524 ], [ -47.105488198537607, -22.84553701138201 ], [ -47.105084263368255, -22.846286636407189 ], [ -47.105013118058423, -22.846596404487187 ], [ -47.104912354391658, -22.84713151400253 ], [ -47.104821496954543, -22.847536205240328 ], [ -47.104728955724042, -22.848040885414175 ], [ -47.104282984305804, -22.848699388177021 ], [ -47.103940070475247, -22.849019884687333 ], [ -47.103725478486083, -22.849188046245388 ], [ -47.103549811819498, -22.849458178431373 ], [ -47.100467803455452, -22.848818400333979 ], [ -47.096865584907661, -22.848089538633811 ], [ -47.091996010255606, -22.847069327944308 ], [ -47.089026390926882, -22.846570113140544 ], [ -47.084328939057109, -22.845947232602001 ], [ -47.07913228145663, -22.845226102738266 ], [ -47.078695772817227, -22.846585403418302 ], [ -47.078526005695736, -22.84697499519562 ], [ -47.07715441667677, -22.849541667380464 ], [ -47.07506973070106, -22.853485765789365 ], [ -47.074371242488084, -22.854791238920118 ], [ -47.07349891598566, -22.856421622258388 ], [ -47.071953411440134, -22.859960452386137 ], [ -47.071807711708168, -22.860466452206651 ], [ -47.07166815440042, -22.861282199764986 ], [ -47.071374056998671, -22.863446519089862 ], [ -47.071278646448413, -22.864090166745971 ], [ -47.071199367477007, -22.865055890162534 ], [ -47.071125193064347, -22.866236404261496 ], [ -47.07103201889263, -22.866794531131053 ], [ -47.070813512735313, -22.867538724110268 ], [ -47.068541850875093, -22.873345332505462 ], [ -47.068198756898724, -22.874544149480961 ], [ -47.067740502610839, -22.875880148762949 ], [ -47.067703263155806, -22.876031574853876 ], [ -47.067693057038717, -22.876333861975866 ], [ -47.067715769406284, -22.878259571152235 ], [ -47.067614566924782, -22.878340915391615 ], [ -47.066175437121437, -22.881885447439799 ], [ -47.06583743905442, -22.88273852696177 ], [ -47.06544357032093, -22.883754919384629 ], [ -47.06525278715084, -22.884183863165308 ], [ -47.065100632741135, -22.884367114711036 ], [ -47.064496427367715, -22.884914003033675 ], [ -47.063832652405281, -22.885491453995307 ], [ -47.062027578463507, -22.886634489396329 ], [ -47.060867703368672, -22.88742118997008 ] ] ] } },
{ "type": "Feature", "properties": { "APG": "Brandina" }, "geometry": { "type": "Polygon", "coordinates": [ [ [ -47.023030337423236, -22.868111405272241 ], [ -47.02280118576904, -22.867878217565785 ], [ -47.022285381349526, -22.867485350704492 ], [ -47.021245683838124, -22.866805730247147 ], [ -47.020911759570389, -22.866671107507006 ], [ -47.020260077816438, -22.866497201439099 ], [ -47.016718330233104, -22.875435934050234 ], [ -47.016491117774443, -22.876008922733565 ], [ -47.015854624073995, -22.877618710203748 ], [ -47.015248127326238, -22.87916031652588 ], [ -47.014201218857778, -22.881804111692968 ], [ -47.014015765180488, -22.882273109678497 ], [ -47.013450410321141, -22.883702786125607 ], [ -47.01300907371769, -22.884818888772916 ], [ -47.012449785511578, -22.886236207814413 ], [ -47.012441726527413, -22.886256441907364 ], [ -47.012093106677952, -22.887132492349696 ], [ -47.01181136791336, -22.887830389083888 ], [ -47.011661055835077, -22.888198460405334 ], [ -47.01144228587107, -22.888692614031736 ], [ -47.011192547570055, -22.889201242744107 ], [ -47.010767017056104, -22.8900398056707 ], [ -47.010374017185512, -22.890768538858989 ], [ -47.009913584377884, -22.891573325998746 ], [ -47.009680287054699, -22.891965827509448 ], [ -47.007982384309777, -22.894745295413585 ], [ -47.007049717605319, -22.896190338563944 ], [ -47.006825430282525, -22.896546972303156 ], [ -47.00666260740492, -22.896811402738638 ], [ -47.006639396553496, -22.897142541447653 ], [ -47.006514868082746, -22.897511186070403 ], [ -47.006415089331306, -22.897917886376419 ], [ -47.006300496992615, -22.898541351537602 ], [ -47.006303567256509, -22.899214338049802 ], [ -47.006415977745888, -22.899966471925076 ], [ -47.006612748937059, -22.900640261771038 ], [ -47.006906364598208, -22.901292063761048 ], [ -47.007256387874612, -22.901839151643525 ], [ -47.007794034726331, -22.902579861381088 ], [ -47.007952746977082, -22.90278603697136 ], [ -47.008228555676851, -22.903150253725538 ], [ -47.008396266864473, -22.903465280858594 ], [ -47.008659764588046, -22.904041083963897 ], [ -47.00914848977709, -22.905447576416275 ], [ -47.009715158132352, -22.907260957063578 ], [ -47.010209243698228, -22.908805772968304 ], [ -47.010503626327626, -22.909724959714101 ], [ -47.010548628974739, -22.909920654587243 ], [ -47.010614487049352, -22.910206858775453 ], [ -47.010757918627078, -22.910830174660241 ], [ -47.010917022026526, -22.912156692158185 ], [ -47.011021676180953, -22.913262717481373 ], [ -47.011136952166936, -22.914086218278271 ], [ -47.011236010309673, -22.914459416963599 ], [ -47.011682180977004, -22.91434199032475 ], [ -47.011879661927473, -22.914414435674807 ], [ -47.012042066077889, -22.914562340240657 ], [ -47.012189431212363, -22.914639409091876 ], [ -47.012872028209408, -22.914688691056931 ], [ -47.013675539943115, -22.914676595010732 ], [ -47.013721801714325, -22.914502128784555 ], [ -47.014096656857916, -22.913559221777035 ], [ -47.014334394628897, -22.913232465744066 ], [ -47.014358224346701, -22.913229635676217 ], [ -47.014501823120113, -22.913590232315432 ], [ -47.014487879773547, -22.914806951486234 ], [ -47.014466901792872, -22.914986334132614 ], [ -47.014796822944163, -22.915133572609694 ], [ -47.0175828221413, -22.91640051036746 ], [ -47.017791071730954, -22.916481370922007 ], [ -47.017929634238598, -22.916507957171451 ], [ -47.018121560024845, -22.916534045588559 ], [ -47.018585665030947, -22.916550715347491 ], [ -47.020503435248685, -22.916434600288639 ], [ -47.024357384490337, -22.918479348922954 ], [ -47.024635688959528, -22.917942689853799 ], [ -47.024818315468288, -22.917697497518706 ], [ -47.024764420031815, -22.917033019852795 ], [ -47.025012027701621, -22.916698496382509 ], [ -47.02558558179701, -22.916440561781162 ], [ -47.02570048583717, -22.915264725456051 ], [ -47.025910202048244, -22.914905971865608 ], [ -47.026371760288924, -22.914632193729375 ], [ -47.026684010609941, -22.914525620962248 ], [ -47.027041968034311, -22.914507204892747 ], [ -47.027429726577417, -22.914436157411146 ], [ -47.027679954362988, -22.914211085029415 ], [ -47.027844079014265, -22.914054378399626 ], [ -47.028134784541407, -22.913763203122226 ], [ -47.028523711990012, -22.913462816359765 ], [ -47.028813513624151, -22.913258258277313 ], [ -47.029431036022849, -22.912157332133262 ], [ -47.02977360874003, -22.911555214473331 ], [ -47.029885492836868, -22.911325534543067 ], [ -47.03019734851803, -22.911101403358963 ], [ -47.030204416713424, -22.91008135975385 ], [ -47.030467882276703, -22.909612160438847 ], [ -47.027067050679314, -22.908908919788793 ], [ -47.027632279224449, -22.907221099384181 ], [ -47.027647953101251, -22.90712394129099 ], [ -47.027631363639543, -22.907019070111861 ], [ -47.027590409385326, -22.906891760049646 ], [ -47.027135239703675, -22.906246849961473 ], [ -47.027130795340611, -22.906185788822686 ], [ -47.027152055133747, -22.906075108115374 ], [ -47.027189886256807, -22.906024882379661 ], [ -47.029859051005111, -22.904705784741441 ], [ -47.031599052471933, -22.904909148395951 ], [ -47.032301555045535, -22.903736852352189 ], [ -47.033120750012252, -22.903896032385155 ], [ -47.035878486874154, -22.904859855788629 ], [ -47.036733139599264, -22.905209465958375 ], [ -47.036841816229057, -22.905307377205986 ], [ -47.03919282843362, -22.906098912823534 ], [ -47.039849035322433, -22.906307151365564 ], [ -47.041004730021029, -22.906680585724509 ], [ -47.041671071862346, -22.906915859492386 ], [ -47.041905392160842, -22.906939930265853 ], [ -47.042148814268508, -22.906927772901753 ], [ -47.042313966204837, -22.906889538578628 ], [ -47.042527272388803, -22.906814574075586 ], [ -47.042991582495993, -22.906573792208206 ], [ -47.04334003267946, -22.906415839096546 ], [ -47.043913212302044, -22.906291013931622 ], [ -47.045420393227111, -22.906054947233034 ], [ -47.046606782984476, -22.905875902508967 ], [ -47.046811456321528, -22.905129926534169 ], [ -47.047365527699647, -22.902732619223521 ], [ -47.047564167352597, -22.901676348912755 ], [ -47.047803692052113, -22.900549225810046 ], [ -47.047807738394283, -22.89973234972366 ], [ -47.047608691386969, -22.89900051397742 ], [ -47.04725682025294, -22.897794166335764 ], [ -47.047183446407807, -22.897521121760942 ], [ -47.047139650045274, -22.897242911354049 ], [ -47.047108856235738, -22.896867214995076 ], [ -47.047121473959265, -22.89646035543749 ], [ -47.047389606963172, -22.894134078315201 ], [ -47.04745546894199, -22.893564214896497 ], [ -47.047467479760108, -22.89325079957305 ], [ -47.047462743226014, -22.893058390422382 ], [ -47.047442160546197, -22.892832873296268 ], [ -47.04736321038677, -22.892439741906067 ], [ -47.047285482026105, -22.892170815620748 ], [ -47.047158724424179, -22.891842396531555 ], [ -47.046979582702448, -22.891503999416589 ], [ -47.046790730483913, -22.891187844938791 ], [ -47.045622876384989, -22.889636307358497 ], [ -47.045207760827196, -22.889085995613364 ], [ -47.044928972108586, -22.888693357577836 ], [ -47.044696632377317, -22.888230969182807 ], [ -47.04462340831941, -22.888020753378381 ], [ -47.044564328038533, -22.887821279083461 ], [ -47.044442749853658, -22.887172758446784 ], [ -47.04430631455898, -22.886385311825943 ], [ -47.044043691901315, -22.883466331584469 ], [ -47.043769192396006, -22.882076615248646 ], [ -47.042925526745556, -22.882140633347763 ], [ -47.042405896259744, -22.882089172238615 ], [ -47.042012707493889, -22.882013606167796 ], [ -47.041679212912989, -22.881888974119516 ], [ -47.041331970045704, -22.881677851794453 ], [ -47.041037587966748, -22.881374418585793 ], [ -47.04083632164825, -22.881059046341804 ], [ -47.04070146667172, -22.880719258899944 ], [ -47.040186369575245, -22.878841874749416 ], [ -47.040103347151607, -22.878324658443038 ], [ -47.039981460065796, -22.877755399349915 ], [ -47.039866735193868, -22.877434130131935 ], [ -47.039678840934009, -22.87713113274954 ], [ -47.039397718675303, -22.8768214768529 ], [ -47.038934428009533, -22.876382080929783 ], [ -47.038894466730248, -22.876342690818934 ], [ -47.038473782870192, -22.876238037008537 ], [ -47.037947614869282, -22.876075421934086 ], [ -47.03707095017559, -22.875605929322894 ], [ -47.036613905032873, -22.875374354770564 ], [ -47.033750249566495, -22.873806597495403 ], [ -47.033573127592632, -22.873691502039808 ], [ -47.032866065490836, -22.873321287136232 ], [ -47.032571787150559, -22.87318963271283 ], [ -47.030980211037075, -22.872316130276815 ], [ -47.028904048530606, -22.871933856563736 ], [ -47.025813462733069, -22.869899215458524 ], [ -47.025373153767198, -22.869611511423475 ], [ -47.024087738510424, -22.869006493334656 ], [ -47.023736965363504, -22.868737505391589 ], [ -47.023030337423236, -22.868111405272241 ] ] ] } },
{ "type": "Feature", "properties": { "APG": "Taquaral" }, "geometry": { "type": "Polygon", "coordinates": [ [ [ -47.043769192396006, -22.882076615248646 ], [ -47.044641715308252, -22.882147608701167 ], [ -47.045535264785038, -22.882410964703759 ], [ -47.046134234661338, -22.882845283073934 ], [ -47.046604987582398, -22.883269230223213 ], [ -47.046917380818556, -22.883456092089304 ], [ -47.047513332630615, -22.88368807008392 ], [ -47.048360457382245, -22.884249800170245 ], [ -47.048489740947225, -22.884319597654876 ], [ -47.049064523073298, -22.884802128023743 ], [ -47.0498757644623, -22.885792241307243 ], [ -47.050272302177468, -22.886231818476116 ], [ -47.050767061887704, -22.886560392732392 ], [ -47.051286813561127, -22.886816418445822 ], [ -47.051882753822184, -22.886999656531739 ], [ -47.052631091676609, -22.887025613350815 ], [ -47.054125184701341, -22.886994714046075 ], [ -47.054434932003034, -22.88697875105191 ], [ -47.055274484057364, -22.887087188309881 ], [ -47.056076979135966, -22.887303699919467 ], [ -47.056995832753039, -22.887543265348665 ], [ -47.057345264864601, -22.887610067309858 ], [ -47.057860536214818, -22.887638891448766 ], [ -47.058635171071195, -22.887640965155853 ], [ -47.059113636360458, -22.887645335750985 ], [ -47.059846479147581, -22.887552475072667 ], [ -47.060553810635149, -22.88752766409047 ], [ -47.060691786920771, -22.887545430296552 ], [ -47.060915877803417, -22.887578585756817 ], [ -47.060867703368672, -22.88742118997008 ], [ -47.062027578463507, -22.886634489396329 ], [ -47.063832652405281, -22.885491453995307 ], [ -47.064496427367715, -22.884914003033675 ], [ -47.065100632741135, -22.884367114711036 ], [ -47.06525278715084, -22.884183863165308 ], [ -47.06544357032093, -22.883754919384629 ], [ -47.06583743905442, -22.88273852696177 ], [ -47.066175437121437, -22.881885447439799 ], [ -47.067614566924782, -22.878340915391615 ], [ -47.067715769406284, -22.878259571152235 ], [ -47.067693057038717, -22.876333861975866 ], [ -47.067703263155806, -22.876031574853876 ], [ -47.067740502610839, -22.875880148762949 ], [ -47.068198756898724, -22.874544149480961 ], [ -47.068541850875093, -22.873345332505462 ], [ -47.070813512735313, -22.867538724110268 ], [ -47.07103201889263, -22.866794531131053 ], [ -47.071125193064347, -22.866236404261496 ], [ -47.071199367477007, -22.865055890162534 ], [ -47.071278646448413, -22.864090166745971 ], [ -47.071374056998671, -22.863446519089862 ], [ -47.07166815440042, -22.861282199764986 ], [ -47.071807711708168, -22.860466452206651 ], [ -47.071953411440134, -22.859960452386137 ], [ -47.07349891598566, -22.856421622258388 ], [ -47.074371242488084, -22.854791238920118 ], [ -47.07506973070106, -22.853485765789365 ], [ -47.07715441667677, -22.849541667380464 ], [ -47.078526005695736, -22.84697499519562 ], [ -47.078695772817227, -22.846585403418302 ], [ -47.07913228145663, -22.845226102738266 ], [ -47.078438102649663, -22.845161414048075 ], [ -47.077675954065313, -22.845038027371317 ], [ -47.076667234140949, -22.844917944634187 ], [ -47.075449896500039, -22.844718875968368 ], [ -47.069860200596608, -22.843989561865229 ], [ -47.059956814584638, -22.842703495763907 ], [ -47.056283813262169, -22.842220069556141 ], [ -47.055576355643979, -22.842141819090649 ], [ -47.054858065706505, -22.842107128517689 ], [ -47.053996992874971, -22.842102353376731 ], [ -47.053124385390504, -22.842158659389419 ], [ -47.052297849403821, -22.84226058853465 ], [ -47.051708346055328, -22.842344652890461 ], [ -47.051146486289475, -22.842456164253342 ], [ -47.050679146086466, -22.842570969842694 ], [ -47.047233454198746, -22.843500493772826 ], [ -47.04642346771783, -22.843673228508926 ], [ -47.045804308420948, -22.843805499825176 ], [ -47.045110575928796, -22.843914803490545 ], [ -47.044360675514532, -22.8439587425582 ], [ -47.043535472037632, -22.844016825462653 ], [ -47.041025351185326, -22.844075304033332 ], [ -47.038535776791086, -22.844181327084712 ], [ -47.037651668728088, -22.844270828495642 ], [ -47.037027824675846, -22.844380737373761 ], [ -47.036712736254117, -22.844465839056628 ], [ -47.036432636937654, -22.844570082737473 ], [ -47.035902423228116, -22.844763830981314 ], [ -47.035460787262181, -22.844966375327175 ], [ -47.035002998127617, -22.845227986170016 ], [ -47.034521899985428, -22.845548303490574 ], [ -47.033672128815404, -22.846186414270392 ], [ -47.032204426398224, -22.847312239441681 ], [ -47.029128736307761, -22.849697628224593 ], [ -47.029011449365207, -22.849795450301219 ], [ -47.02866413483342, -22.850059698318027 ], [ -47.027667937727074, -22.850828202497517 ], [ -47.027379670213001, -22.851054771863847 ], [ -47.027101347107411, -22.8512856377018 ], [ -47.026893536514699, -22.851487799315947 ], [ -47.026701118033081, -22.851682361848944 ], [ -47.026466681373577, -22.851925667771742 ], [ -47.026221951312102, -22.852227965762104 ], [ -47.026022355975236, -22.852496737258132 ], [ -47.025810386893632, -22.852803402311967 ], [ -47.025624428682661, -22.853108833222443 ], [ -47.025497341840556, -22.853342646257982 ], [ -47.025369227363228, -22.853610146017065 ], [ -47.025164958778646, -22.854089685154005 ], [ -47.024995086185029, -22.854526626465699 ], [ -47.024853131064511, -22.854879524566122 ], [ -47.024649147592783, -22.855400226374488 ], [ -47.024422236957449, -22.855956969836623 ], [ -47.024200944724946, -22.856518877697621 ], [ -47.023538801499676, -22.858192119441526 ], [ -47.022939534013297, -22.859717586764226 ], [ -47.022344604992362, -22.86121672627155 ], [ -47.020471053806872, -22.865964700736104 ], [ -47.020260077816438, -22.866497201439099 ], [ -47.020911759570389, -22.866671107507006 ], [ -47.021245683838124, -22.866805730247147 ], [ -47.022285381349526, -22.867485350704492 ], [ -47.02280118576904, -22.867878217565785 ], [ -47.023030337423236, -22.868111405272241 ], [ -47.023736965363504, -22.868737505391589 ], [ -47.024087738510424, -22.869006493334656 ], [ -47.025373153767198, -22.869611511423475 ], [ -47.025813462733069, -22.869899215458524 ], [ -47.028904048530606, -22.871933856563736 ], [ -47.030980211037075, -22.872316130276815 ], [ -47.032571787150559, -22.87318963271283 ], [ -47.032866065490836, -22.873321287136232 ], [ -47.033573127592632, -22.873691502039808 ], [ -47.033750249566495, -22.873806597495403 ], [ -47.036613905032873, -22.875374354770564 ], [ -47.03707095017559, -22.875605929322894 ], [ -47.037947614869282, -22.876075421934086 ], [ -47.038473782870192, -22.876238037008537 ], [ -47.038894466730248, -22.876342690818934 ], [ -47.038934428009533, -22.876382080929783 ], [ -47.039397718675303, -22.8768214768529 ], [ -47.039678840934009, -22.87713113274954 ], [ -47.039866735193868, -22.877434130131935 ], [ -47.039981460065796, -22.877755399349915 ], [ -47.040103347151607, -22.878324658443038 ], [ -47.040186369575245, -22.878841874749416 ], [ -47.04070146667172, -22.880719258899944 ], [ -47.04083632164825, -22.881059046341804 ], [ -47.041037587966748, -22.881374418585793 ], [ -47.041331970045704, -22.881677851794453 ], [ -47.041679212912989, -22.881888974119516 ], [ -47.042012707493889, -22.882013606167796 ], [ -47.042405896259744, -22.882089172238615 ], [ -47.042925526745556, -22.882140633347763 ], [ -47.043769192396006, -22.882076615248646 ] ] ] } },
{ "type": "Feature", "properties": { "APG": "SÃ£o JosÃ©" }, "geometry": { "type": "Polygon", "coordinates": [ [ [ -47.071814069204549, -23.026734935251753 ], [ -47.072214821142268, -23.026912641516134 ], [ -47.072359511728507, -23.027082726453642 ], [ -47.072412006978197, -23.027227716263067 ], [ -47.07257919239062, -23.027296341275704 ], [ -47.073046863684915, -23.027573474732922 ], [ -47.073188596738234, -23.027693015087827 ], [ -47.073470701641526, -23.027843088081507 ], [ -47.074077386175638, -23.028061743585745 ], [ -47.074627424099496, -23.026864831437383 ], [ -47.075975910623633, -23.024135922319999 ], [ -47.077234820681888, -23.022411735215361 ], [ -47.079184851015697, -23.020144309007645 ], [ -47.082147600473363, -23.01692877767622 ], [ -47.082903335644239, -23.01603869929621 ], [ -47.085340650285396, -23.014058169542356 ], [ -47.086779704500941, -23.012974949591513 ], [ -47.08960461918138, -23.011048936046631 ], [ -47.091647098948286, -23.009626900175075 ], [ -47.091995086227577, -23.009373436856595 ], [ -47.094556359879313, -23.007581329041489 ], [ -47.095902172699411, -23.006131030091936 ], [ -47.097499183644892, -23.004390339846232 ], [ -47.100085125384979, -23.00136994654186 ], [ -47.101800950951755, -22.999363428977503 ], [ -47.103025034453822, -22.997938741056622 ], [ -47.105445256394972, -22.995923730263549 ], [ -47.108677650448207, -22.993720072992982 ], [ -47.108239162223569, -22.992671698515014 ], [ -47.107684797196185, -22.990747948292888 ], [ -47.106036938001473, -22.985029194991064 ], [ -47.105616503711396, -22.98354436723616 ], [ -47.105221210073161, -22.982228195709261 ], [ -47.104232842046535, -22.979009709617916 ], [ -47.103024729577605, -22.974957653109403 ], [ -47.102571345170261, -22.973448423702312 ], [ -47.102152958115639, -22.972054097884513 ], [ -47.101931933176566, -22.971316964473935 ], [ -47.101839782521324, -22.971009991658264 ], [ -47.101668883096629, -22.970461858247326 ], [ -47.101558413491212, -22.970119289359232 ], [ -47.101325179384361, -22.969434494773168 ], [ -47.101194898868549, -22.969068987752433 ], [ -47.101069401933842, -22.968726798100832 ], [ -47.100858515627749, -22.968176575448453 ], [ -47.100735476358047, -22.967873621990005 ], [ -47.100477979647884, -22.967246741864567 ], [ -47.100245920881804, -22.966715304764922 ], [ -47.09988103387294, -22.965923471244736 ], [ -47.099701368308878, -22.965551123903559 ], [ -47.099441619680441, -22.965017253458317 ], [ -47.098950907747806, -22.964084540767427 ], [ -47.098748510798806, -22.963713305419539 ], [ -47.098461540789074, -22.963207236537109 ], [ -47.097999324036856, -22.962432032132106 ], [ -47.096762392719896, -22.960386625550946 ], [ -47.096691875573434, -22.960271555844795 ], [ -47.095285604449792, -22.957945725432129 ], [ -47.095200626582972, -22.95780511781172 ], [ -47.094569180324484, -22.956610465558455 ], [ -47.093873258017076, -22.955227265802488 ], [ -47.09327133697046, -22.954079249681488 ], [ -47.091079664043704, -22.949453432837206 ], [ -47.090351763057512, -22.947914639302557 ], [ -47.089872211961513, -22.94690437675775 ], [ -47.088529184672119, -22.944098456193561 ], [ -47.088092508291552, -22.943187555800545 ], [ -47.087633435276601, -22.942220707342411 ], [ -47.08720753866892, -22.941335660864986 ], [ -47.087017473197129, -22.940940952456195 ], [ -47.086592128414864, -22.940054632607474 ], [ -47.086418863933879, -22.939691117867675 ], [ -47.086160138559215, -22.939148718662068 ], [ -47.086025417993987, -22.938881922481581 ], [ -47.085832109002332, -22.93853735731307 ], [ -47.085710126842422, -22.938335842565273 ], [ -47.085551031197383, -22.938094011326903 ], [ -47.08543142412276, -22.937921533591346 ], [ -47.085254438653095, -22.937676777509889 ], [ -47.085123043870148, -22.9375114055795 ], [ -47.084859064561265, -22.937192141869954 ], [ -47.084596631751843, -22.93690553683237 ], [ -47.084337660714404, -22.93664019068893 ], [ -47.08409706621444, -22.936414684745802 ], [ -47.083928660128556, -22.936262707102635 ], [ -47.08362896659186, -22.936015136986978 ], [ -47.083354192746164, -22.935804251770069 ], [ -47.082991258417088, -22.935552816358229 ], [ -47.082721607531248, -22.935377160188523 ], [ -47.082391738912911, -22.935185141563906 ], [ -47.081975439408176, -22.934960493427752 ], [ -47.081534432217261, -22.93474961921574 ], [ -47.081120859356552, -22.934571695374736 ], [ -47.080598527719204, -22.934378134498651 ], [ -47.079999776628839, -22.934191531715467 ], [ -47.079567708369183, -22.934086607787606 ], [ -47.079170333428408, -22.934005782897977 ], [ -47.077425117686744, -22.933744815622699 ], [ -47.076291576458836, -22.933569261249403 ], [ -47.075566759069183, -22.933449198542977 ], [ -47.074840309476791, -22.93327471775569 ], [ -47.074421675573369, -22.933133132461538 ], [ -47.073903216720325, -22.932913227803851 ], [ -47.073387000312138, -22.93323629855508 ], [ -47.07299785558692, -22.933500292599664 ], [ -47.072774905787284, -22.93366127728488 ], [ -47.072079314723432, -22.934241263828881 ], [ -47.071823762433119, -22.934478594686809 ], [ -47.071616494719407, -22.934687760784449 ], [ -47.071445395232729, -22.934870184325469 ], [ -47.071318539116717, -22.935012399233504 ], [ -47.071098110030661, -22.935270665847273 ], [ -47.070932801818032, -22.935479825131207 ], [ -47.070621417844883, -22.935915405720259 ], [ -47.070522291996852, -22.93606809125939 ], [ -47.070382163543073, -22.936283872689085 ], [ -47.070140645470431, -22.936688569366947 ], [ -47.069505671513184, -22.937809859524485 ], [ -47.059905399882346, -22.954653871182142 ], [ -47.055662855381733, -22.962088888004626 ], [ -47.045746779569235, -22.979488245419823 ], [ -47.045328487191611, -22.980194458804835 ], [ -47.044941822687271, -22.980806466234753 ], [ -47.044979808149002, -22.980829808809961 ], [ -47.045041959510144, -22.980855908825525 ], [ -47.045104966741384, -22.9808801019702 ], [ -47.045165396938344, -22.980909383813547 ], [ -47.045224574755352, -22.980940938700531 ], [ -47.045285476522793, -22.9809694921987 ], [ -47.045345283787249, -22.98100546243672 ], [ -47.045398072856408, -22.981050641137667 ], [ -47.0454383092329, -22.981084607104403 ], [ -47.045503612072245, -22.981127728406562 ], [ -47.045540819746776, -22.981147469836337 ], [ -47.045598479294554, -22.98119032867702 ], [ -47.045649476244407, -22.981244648301349 ], [ -47.045680959350157, -22.981300754570217 ], [ -47.045715315102228, -22.981355379321307 ], [ -47.045751903027941, -22.981408711375018 ], [ -47.045789209138483, -22.981461673040162 ], [ -47.045826753757794, -22.981514451062523 ], [ -47.045863660651271, -22.981567598413317 ], [ -47.045896739678177, -22.981622871534302 ], [ -47.045923667411891, -22.981680842088945 ], [ -47.045951156606485, -22.981738715110428 ], [ -47.045986469223024, -22.981792785773724 ], [ -47.046024730814018, -22.981845103097832 ], [ -47.046057091824416, -22.981900746552729 ], [ -47.046083460972099, -22.981958995113214 ], [ -47.046108870788615, -22.982017617161734 ], [ -47.046132920634847, -22.982076708149254 ], [ -47.046152329082709, -22.982137303494415 ], [ -47.046167972364138, -22.982198850226037 ], [ -47.046185057417169, -22.982260017229009 ], [ -47.046205507037811, -22.982320328287738 ], [ -47.04622619651807, -22.982380545968272 ], [ -47.046244563943752, -22.982441425569174 ], [ -47.046260046513204, -22.982502974360909 ], [ -47.046272963102496, -22.98256500767372 ], [ -47.04628579930597, -22.982627042022695 ], [ -47.046300482002465, -22.982688871966594 ], [ -47.046317086154339, -22.982750135432553 ], [ -47.046334892243706, -22.982811112541906 ], [ -47.046351576830475, -22.982872374962628 ], [ -47.046365696791689, -22.982934212164494 ], [ -47.046381740930968, -22.982995663404374 ], [ -47.046405150620501, -22.983054943148041 ], [ -47.046432960581683, -22.983112721628832 ], [ -47.04645957000524, -22.983170876715512 ], [ -47.04648690033541, -22.983228841931176 ], [ -47.046520537428371, -22.983283746559422 ], [ -47.046557366079249, -22.983336984980159 ], [ -47.046592643735728, -22.983399361299679 ], [ -47.046635482654018, -22.983429862785254 ], [ -47.046700182335854, -22.983459540167882 ], [ -47.046767700698297, -22.983468146807404 ], [ -47.046835229950091, -22.983477475484484 ], [ -47.046900946597141, -22.983494591284384 ], [ -47.04696511919326, -22.983515969976768 ], [ -47.047029526206309, -22.983536894233019 ], [ -47.047094938986227, -22.983555187462802 ], [ -47.047161263522803, -22.983569948120532 ], [ -47.047227514474486, -22.983585161080185 ], [ -47.047292538902866, -22.983604362003192 ], [ -47.047356943276782, -22.983625105602687 ], [ -47.047422127178741, -22.983644214133147 ], [ -47.047487685882565, -22.983661512272903 ], [ -47.047553634355403, -22.983677992863331 ], [ -47.047619428845806, -22.983694926795181 ], [ -47.047684603283166, -22.983713403404064 ], [ -47.04774916583569, -22.983733964240496 ], [ -47.047828460753934, -22.983755598467202 ], [ -47.047938249083195, -22.983788935416271 ], [ -47.047974336393203, -22.983803635236814 ], [ -47.048000947336611, -22.983819179767867 ], [ -47.048007000067891, -22.983847267598133 ], [ -47.047947734851519, -22.983954017687807 ], [ -47.047909118481407, -22.984006245002362 ], [ -47.047873906133766, -22.984060233821751 ], [ -47.047847039005639, -22.984118357721265 ], [ -47.047825425127492, -22.984178219225633 ], [ -47.047805024049644, -22.984238516429357 ], [ -47.047789143096409, -22.98429992878626 ], [ -47.047780197022057, -22.984362605633699 ], [ -47.047776725008994, -22.984425663097177 ], [ -47.047778161536115, -22.984488927935349 ], [ -47.047791958040719, -22.984550588579946 ], [ -47.047825353446811, -22.984605405720405 ], [ -47.047881412354776, -22.98466462421213 ], [ -47.047931343494469, -22.984701443203409 ], [ -47.047986055253659, -22.984729985265083 ], [ -47.048026296457735, -22.984742825835845 ], [ -47.048109366696067, -22.984769466521367 ], [ -47.04818622573756, -22.98478950705509 ], [ -47.048245684200609, -22.98480218936842 ], [ -47.048312163437537, -22.984816496118214 ], [ -47.048379764289336, -22.984825191231351 ], [ -47.048447840815612, -22.98482810250804 ], [ -47.048516093188802, -22.984826678239454 ], [ -47.048584322410079, -22.984823719551137 ], [ -47.048652469863121, -22.984820671615189 ], [ -47.048720519206974, -22.984816451332684 ], [ -47.048788535861377, -22.984810064823307 ], [ -47.048856199580648, -22.984801606505172 ], [ -47.048923519894892, -22.984791708186666 ], [ -47.048990921959927, -22.984781899058458 ], [ -47.049058750533369, -22.984773709350407 ], [ -47.049126611784295, -22.984767685811374 ], [ -47.049194667880037, -22.984763916619137 ], [ -47.049262797560111, -22.984759695066693 ], [ -47.049330548419597, -22.984751686800699 ], [ -47.049398311528321, -22.984744490830192 ], [ -47.049466386636688, -22.984747311412036 ], [ -47.04952086438373, -22.984760328506908 ], [ -47.049590646844315, -22.984796348449542 ], [ -47.049641699959132, -22.984838207799289 ], [ -47.04969093385278, -22.984882076738046 ], [ -47.049743017257988, -22.984922929685691 ], [ -47.049798023762193, -22.984960314308211 ], [ -47.049855552719904, -22.984994326062974 ], [ -47.049915360199734, -22.985024787552483 ], [ -47.04997688884027, -22.985052067090486 ], [ -47.050038966685953, -22.985078436737364 ], [ -47.050100416334004, -22.98510580752232 ], [ -47.050161947769212, -22.985133267499148 ], [ -47.050224494462952, -22.98515872824261 ], [ -47.050288200861651, -22.985181104572501 ], [ -47.050353537103092, -22.985199577920252 ], [ -47.050420091635544, -22.985213521680748 ], [ -47.050487537395753, -22.985222578983343 ], [ -47.050555716299911, -22.985226932425288 ], [ -47.050623912907909, -22.985227132922375 ], [ -47.050692140844212, -22.985224083056366 ], [ -47.050760098945801, -22.985219140863077 ], [ -47.05082811699377, -22.985212843728146 ], [ -47.050895872018025, -22.985205105557345 ], [ -47.0509633694695, -22.985196287383626 ], [ -47.051030940494542, -22.985187016850137 ], [ -47.051098600089205, -22.985178286796092 ], [ -47.05116627330662, -22.985170459294839 ], [ -47.051234209532211, -22.9851640727715 ], [ -47.051302249329211, -22.985159219566 ], [ -47.051370391336356, -22.985155809419968 ], [ -47.051438636919372, -22.985153932591206 ], [ -47.05150690295217, -22.9851534096045 ], [ -47.051575077671572, -22.985152165565012 ], [ -47.051640998427857, -22.985150770137416 ], [ -47.05170111950757, -22.98515938013205 ], [ -47.051774012288377, -22.985182991001672 ], [ -47.051818083159318, -22.985193794907335 ], [ -47.051898135299048, -22.985180299932349 ], [ -47.051982334250944, -22.985169820575354 ], [ -47.052050071634476, -22.985176887362968 ], [ -47.05211677615992, -22.985190106250833 ], [ -47.052183640134324, -22.985203232768374 ], [ -47.052251166344846, -22.985212288269814 ], [ -47.052318467728398, -22.98522242996334 ], [ -47.052384796207214, -22.98523736884583 ], [ -47.052450970717324, -22.985252761073134 ], [ -47.05251812633383, -22.98526389760103 ], [ -47.052585660771172, -22.985273494504078 ], [ -47.052652673338912, -22.985285806411277 ], [ -47.052718772950563, -22.985301560596547 ], [ -47.052783718407483, -22.98532076018645 ], [ -47.052847895346183, -22.985342316876153 ], [ -47.052911528598742, -22.985365144444302 ], [ -47.052967518406994, -22.985393036209164 ], [ -47.053026823792521, -22.985422148840591 ], [ -47.053092741440182, -22.985463092136865 ], [ -47.053151906901569, -22.98550953946198 ], [ -47.05317414826812, -22.985517917646035 ], [ -47.053220633334057, -22.985555411456151 ], [ -47.053275944445851, -22.985634137104878 ], [ -47.053314607818699, -22.985686176377179 ], [ -47.053358922396782, -22.985734350804325 ], [ -47.053404903598093, -22.985781059201589 ], [ -47.053447705626724, -22.985830246239331 ], [ -47.053481903495332, -22.98588478079358 ], [ -47.053502033990355, -22.985945004521362 ], [ -47.053511745063339, -22.986007529937776 ], [ -47.053516638877191, -22.986070569181784 ], [ -47.053520728681775, -22.98613361884814 ], [ -47.053526908935929, -22.986196641412967 ], [ -47.053534212092053, -22.986259468867974 ], [ -47.05353966874744, -22.9863225008116 ], [ -47.053542874160598, -22.986385561940015 ], [ -47.053544874917037, -22.986448728960951 ], [ -47.053546232463013, -22.986511904320125 ], [ -47.053546223180611, -22.986575097398852 ], [ -47.053545893658047, -22.986638384904502 ], [ -47.05355014431948, -22.986701432478927 ], [ -47.053561300003771, -22.98676375860261 ], [ -47.053575824395615, -22.986825499396424 ], [ -47.053592271627096, -22.986886763880229 ], [ -47.05362332461538, -22.986940707221532 ], [ -47.053669758724119, -22.986985423569731 ], [ -47.053722318299187, -22.987025727250636 ], [ -47.053769898578565, -22.987071782839035 ], [ -47.053823252979704, -22.987122096772357 ], [ -47.053834853040421, -22.98713404329677 ], [ -47.053897209206475, -22.987210600965859 ], [ -47.053932959708, -22.987261413949124 ], [ -47.053978947428362, -22.987319135671477 ], [ -47.054022385210331, -22.987367772606284 ], [ -47.054068684737793, -22.987414205800835 ], [ -47.054108781185754, -22.987465233204492 ], [ -47.054144578265273, -22.98751911489688 ], [ -47.054186743389238, -22.987568671038915 ], [ -47.054237402362077, -22.987610894960074 ], [ -47.054291228303228, -22.987649827866704 ], [ -47.054346709951375, -22.987686572663932 ], [ -47.054407143634165, -22.987715760334833 ], [ -47.054471398245376, -22.987737044443051 ], [ -47.054533550295957, -22.987762869576702 ], [ -47.054587372280054, -22.987801531597746 ], [ -47.054634545648995, -22.987847231064269 ], [ -47.054679177581932, -22.987895039821133 ], [ -47.054724206096154, -22.98794248231626 ], [ -47.054771142450655, -22.987988455637101 ], [ -47.054818236910485, -22.988034246339595 ], [ -47.054862948007539, -22.988081963733503 ], [ -47.054904320471117, -22.988132252143284 ], [ -47.054941949554255, -22.988184936271566 ], [ -47.054978383554555, -22.988238358098712 ], [ -47.055016809895434, -22.988290580483447 ], [ -47.055050611153909, -22.988345390581866 ], [ -47.055082303041914, -22.988404290440851 ], [ -47.055081868902811, -22.988455301773858 ], [ -47.055077118760224, -22.988502758083335 ], [ -47.055068251926848, -22.988591704294855 ], [ -47.055062762569044, -22.988659391923576 ], [ -47.05506436213895, -22.988722564070823 ], [ -47.055066604937799, -22.988785727871669 ], [ -47.055070132825513, -22.988848784722315 ], [ -47.055072618209913, -22.988912035649939 ], [ -47.055070919898554, -22.988975160309533 ], [ -47.055064795309548, -22.98903807157328 ], [ -47.055056093712764, -22.98910074544672 ], [ -47.055044733335045, -22.989163092715071 ], [ -47.055029662097645, -22.989224675650782 ], [ -47.055015559788487, -22.989286516840469 ], [ -47.055016351235288, -22.989349428643287 ], [ -47.055037364744742, -22.989409460073503 ], [ -47.055065098014452, -22.989467147419948 ], [ -47.055088718017636, -22.989513423134465 ], [ -47.055119388750988, -22.9895526561385 ], [ -47.055200282208112, -22.989568036627357 ], [ -47.055295429267268, -22.989558135504581 ], [ -47.05536368369458, -22.989556708117323 ], [ -47.055431859080926, -22.989555372001998 ], [ -47.055500097101792, -22.989552861462361 ], [ -47.055567769333791, -22.989544851428231 ], [ -47.055633878127111, -22.98952918823613 ], [ -47.055698636212526, -22.98950929959808 ], [ -47.055763390176793, -22.989489140161464 ], [ -47.055829331273209, -22.989473027689481 ], [ -47.055896743088624, -22.989463757040749 ], [ -47.055964764189909, -22.989457547822763 ], [ -47.056032436330611, -22.989449537595302 ], [ -47.056100188864377, -22.989441526295696 ], [ -47.056168320415154, -22.989437301619006 ], [ -47.05623650664068, -22.989436687224167 ], [ -47.056304706533922, -22.989436975377696 ], [ -47.056372964954377, -22.989435818333643 ], [ -47.056441182356004, -22.989431953527447 ], [ -47.056509135298299, -22.989426557442229 ], [ -47.056577295526495, -22.98942422800376 ], [ -47.056645328026136, -22.989429393061446 ], [ -47.056711040308805, -22.989445962932134 ], [ -47.056771869052454, -22.989474602833582 ], [ -47.056829559625882, -22.98950842916684 ], [ -47.05688654027049, -22.989543167451817 ], [ -47.056939099030849, -22.989583289395966 ], [ -47.05698285611026, -22.989631650425924 ], [ -47.057019450750644, -22.989684979341568 ], [ -47.057053653827346, -22.989739693440423 ], [ -47.05709351361962, -22.989790903591135 ], [ -47.057145361213848, -22.989831847172365 ], [ -47.057202737252261, -22.989866128816281 ], [ -47.057265110068663, -22.989890505506111 ], [ -47.057315141958689, -22.989896536002863 ], [ -47.057362905957653, -22.989922727373227 ], [ -47.05741920871148, -22.989965779594979 ], [ -47.057503135576319, -22.989995563543971 ], [ -47.05757053258796, -22.990011840321355 ], [ -47.057638819968417, -22.990012578122712 ], [ -47.057707062512769, -22.990015663638893 ], [ -47.057775013541033, -22.990020738972959 ], [ -47.057842915635511, -22.990027891248676 ], [ -47.057910072529673, -22.990038935021765 ], [ -47.057976781215935, -22.990052241475759 ], [ -47.05804445306471, -22.990060118858644 ], [ -47.058079060873268, -22.990061926035914 ], [ -47.058143890192213, -22.990073270779572 ], [ -47.058244710618212, -22.990087487965212 ], [ -47.058314154445085, -22.990100849004005 ], [ -47.058418249217631, -22.990108252866051 ], [ -47.058486546200371, -22.990109622101254 ], [ -47.058535800159923, -22.990117377547421 ], [ -47.058584731156515, -22.990146261623941 ], [ -47.05861856953311, -22.990176876540684 ], [ -47.058678365391181, -22.990238118513243 ], [ -47.058731797040991, -22.990277415985908 ], [ -47.058785704300284, -22.990316255878952 ], [ -47.058844961332753, -22.990347262522235 ], [ -47.058909836360179, -22.990366911682578 ], [ -47.058961392385292, -22.99037797725212 ], [ -47.059025415852879, -22.9903998040432 ], [ -47.059088819381046, -22.990423173548692 ], [ -47.05915136723624, -22.990448449935691 ], [ -47.0592150038025, -22.990471274705609 ], [ -47.059281259114641, -22.990486482266185 ], [ -47.059348267819161, -22.990498339812593 ], [ -47.059414064008187, -22.990515087967147 ], [ -47.05947699754546, -22.990539275899284 ], [ -47.059536651358286, -22.990569916006262 ], [ -47.059590319105538, -22.990608848993045 ], [ -47.059631293416047, -22.990659231454917 ], [ -47.05965790869265, -22.990717293496953 ], [ -47.059671015916393, -22.990754316492335 ], [ -47.059704183283586, -22.990809585053174 ], [ -47.059736951397461, -22.990865039348293 ], [ -47.059769799943616, -22.990920492588621 ], [ -47.059807112805572, -22.990973360047807 ], [ -47.059854601024369, -22.991018421748251 ], [ -47.059913073719628, -22.991050702012249 ], [ -47.059976015803407, -22.991075431265177 ], [ -47.060084868175011, -22.991110125528436 ], [ -47.060106193105455, -22.991111021718787 ], [ -47.060174158932085, -22.99110643632844 ], [ -47.060243824198963, -22.991102551004417 ], [ -47.060311881374787, -22.991098686569774 ], [ -47.060377995144037, -22.991093944635466 ], [ -47.060446291202091, -22.991095222729893 ], [ -47.060514577669018, -22.991095868992172 ], [ -47.06058285180378, -22.991095702907391 ], [ -47.060651121825643, -22.991095266020668 ], [ -47.060719239256919, -22.991095372741896 ], [ -47.060787503792511, -22.991094574766411 ], [ -47.060855627631092, -22.991089806478229 ], [ -47.060923203264799, -22.991080712079476 ], [ -47.060990607116274, -22.991070897685329 ], [ -47.06105827820474, -22.99106279501618 ], [ -47.061118427370829, -22.991062463611748 ], [ -47.061173076612626, -22.991065363399287 ], [ -47.0612682513827, -22.991057263792442 ], [ -47.061330964791509, -22.991051031038737 ], [ -47.061399137910122, -22.991049511788127 ], [ -47.061467376352034, -22.991046998629681 ], [ -47.061535662762211, -22.991047644452824 ], [ -47.061603190830475, -22.991056605444733 ], [ -47.061669744930796, -22.991070273401043 ], [ -47.061737060588861, -22.991081132880627 ], [ -47.061804656746531, -22.991089280420724 ], [ -47.061871744916587, -22.991101045556093 ], [ -47.061937692838661, -22.991117158720936 ], [ -47.062003800211578, -22.991133179506001 ], [ -47.062070430667291, -22.991146575468921 ], [ -47.062137739526008, -22.99115698348583 ], [ -47.062205493797514, -22.991164948241508 ], [ -47.062273245332236, -22.991172732452764 ], [ -47.062340769371886, -22.991181422349555 ], [ -47.062408530516549, -22.991189838303544 ], [ -47.062476273840296, -22.991197080881744 ], [ -47.062544175234514, -22.991204140821363 ], [ -47.062599750109776, -22.991209736313181 ], [ -47.062643085725085, -22.991214317610186 ], [ -47.062748602914084, -22.991209422596526 ], [ -47.062816813075756, -22.991210339679871 ], [ -47.062878605137101, -22.991217569323492 ], [ -47.063010252883373, -22.991259908821142 ], [ -47.063161057385408, -22.991329803416171 ], [ -47.063292273946544, -22.991364926266161 ], [ -47.063357066814788, -22.991384394051902 ], [ -47.063420862462365, -22.991407034435166 ], [ -47.063482081619952, -22.991434763773107 ], [ -47.063538988327828, -22.991469771292383 ], [ -47.063588938855133, -22.991512723371514 ], [ -47.063635242954476, -22.99155915340469 ], [ -47.063685193544991, -22.991602105448358 ], [ -47.063742096256441, -22.991636842113053 ], [ -47.063805728524223, -22.991659303908076 ], [ -47.063873256968222, -22.991668263897722 ], [ -47.063941246137183, -22.991665211253132 ], [ -47.063997730613927, -22.991661857140517 ], [ -47.064074489904542, -22.991664377477662 ], [ -47.064123819522862, -22.991671769042068 ], [ -47.064209271066943, -22.991690606106044 ], [ -47.064271897968403, -22.9917156987913 ], [ -47.064332808152201, -22.991744244284039 ], [ -47.064392542491376, -22.991774791132883 ], [ -47.06445094017915, -22.991807341435216 ], [ -47.06462166016999, -22.991912272529202 ], [ -47.064736887514364, -22.991980011349327 ], [ -47.064796151968764, -22.992011376635745 ], [ -47.064860330912616, -22.992032747555136 ], [ -47.06499359309386, -22.992059536938616 ], [ -47.065126187975537, -22.992090036188877 ], [ -47.065259611056675, -22.992116823243325 ], [ -47.065326699917875, -22.992128586853994 ], [ -47.065457729529214, -22.992151342569603 ], [ -47.06550514538737, -22.992165077905678 ], [ -47.065581534141671, -22.992201365220556 ], [ -47.065631962483984, -22.992243949263443 ], [ -47.065686815228503, -22.99228132989645 ], [ -47.065747336266519, -22.992310692361364 ], [ -47.065800286827276, -22.99234990326552 ], [ -47.065872286543026, -22.992457113640135 ], [ -47.065910719559518, -22.992509423219854 ], [ -47.065944764684758, -22.992564046907368 ], [ -47.06602934166245, -22.992736723115481 ], [ -47.066054203524729, -22.992795619230666 ], [ -47.066073302354752, -22.992856305753357 ], [ -47.066104206568667, -22.992979308618487 ], [ -47.066124185787707, -22.993039712819598 ], [ -47.066177906650047, -22.993155918171638 ], [ -47.066200127661453, -22.993215661183946 ], [ -47.066215861976715, -22.993277204052649 ], [ -47.066225579654102, -22.993339728171343 ], [ -47.066230719737234, -22.99340267311511 ], [ -47.06623641922053, -22.993592176424976 ], [ -47.066235049235722, -22.993655386857231 ], [ -47.066227641971729, -22.993718224686067 ], [ -47.066176251142764, -22.993966429481262 ], [ -47.066159167688369, -22.994027588055086 ], [ -47.066133599030763, -22.994086058808527 ], [ -47.066099693606184, -22.994141027325643 ], [ -47.066068135035366, -22.99419695824372 ], [ -47.066033815336453, -22.994330381201472 ], [ -47.06599884930452, -22.994505880774728 ], [ -47.065988460026233, -22.994568306125423 ], [ -47.065982986499314, -22.99463138954297 ], [ -47.065975577306162, -22.994757510220435 ], [ -47.065967444874964, -22.994820267226093 ], [ -47.065953185082854, -22.994882020870595 ], [ -47.065932548459784, -22.994942232756976 ], [ -47.065858840095643, -22.995119140498343 ], [ -47.065837881777071, -22.99517935657228 ], [ -47.065781705186808, -22.99536154234951 ], [ -47.065761635397678, -22.995422017649879 ], [ -47.065745196251015, -22.995483258061117 ], [ -47.065728770325059, -22.995608774157365 ], [ -47.0657130575552, -22.995670185640563 ], [ -47.06569427970279, -22.995731005181561 ], [ -47.065661221793619, -22.995868112899146 ], [ -47.065624673739393, -22.996040112321879 ], [ -47.065619279074113, -22.996103104426471 ], [ -47.065610178817778, -22.99616569349411 ], [ -47.065592852315426, -22.996226764919218 ], [ -47.065568335231646, -22.99628567326431 ], [ -47.06553847829386, -22.996342484659984 ], [ -47.065473987359553, -22.996454003148248 ], [ -47.065404385342042, -22.996562609204766 ], [ -47.065383899476188, -22.996622187146187 ], [ -47.065418863755916, -22.996673729531398 ], [ -47.065480622476201, -22.99669973564858 ], [ -47.06554834390252, -22.996705352066133 ], [ -47.065698087780135, -22.99668922545138 ], [ -47.065766290995782, -22.996689509260982 ], [ -47.065785880792291, -22.996692593868286 ], [ -47.065857084979754, -22.996726240261889 ], [ -47.065927274011649, -22.996783010282073 ], [ -47.065975166968258, -22.996827974316844 ], [ -47.066083147464184, -22.996905375537914 ], [ -47.066130882448547, -22.996950522130589 ], [ -47.066172339482449, -22.997000625478854 ], [ -47.066251356278038, -22.997103681519548 ], [ -47.066295597434902, -22.997151762447331 ], [ -47.066390990094462, -22.99724223702556 ], [ -47.066436979698565, -22.997288940964172 ], [ -47.066479950953628, -22.997338121705194 ], [ -47.06651902074956, -22.997389881051689 ], [ -47.066553788420748, -22.997444314510876 ], [ -47.066619411361472, -22.997555037964815 ], [ -47.066657445597961, -22.997607442710052 ], [ -47.066699700241251, -22.9976570841072 ], [ -47.066788186026976, -22.997753426155636 ], [ -47.066825804585648, -22.9977943713507 ], [ -47.066855302686733, -22.99785131093785 ], [ -47.066879698696688, -22.997911205918854 ], [ -47.066900165830361, -22.99801412308674 ], [ -47.06691463674084, -22.998108813222316 ], [ -47.066976106851996, -22.998305893600111 ], [ -47.066998654228563, -22.998339452383178 ], [ -47.067046695917796, -22.998399399740268 ], [ -47.067118942787864, -22.998506696273626 ], [ -47.067156739030246, -22.998559284522877 ], [ -47.067202012564124, -22.998606448913449 ], [ -47.06725489808305, -22.998646472455416 ], [ -47.067309441958031, -22.99868448827533 ], [ -47.067362008654563, -22.998724696490136 ], [ -47.06741172743218, -22.998768011221156 ], [ -47.067507041599271, -22.998858486022279 ], [ -47.067557392738316, -22.998901070243956 ], [ -47.067604256818122, -22.99894704015782 ], [ -47.067640378549484, -22.999000552886876 ], [ -47.067670675869614, -22.999057120741391 ], [ -47.06770368922983, -22.999112479543989 ], [ -47.067738696330018, -22.999166729000734 ], [ -47.06776395824491, -22.999225348641243 ], [ -47.067784739302617, -22.999285471195194 ], [ -47.067813599025065, -22.999342689712833 ], [ -47.067851395783286, -22.999395277754378 ], [ -47.067934793802699, -22.999495386747434 ], [ -47.067970279429375, -22.999549359064279 ], [ -47.068032552227571, -22.999661750482144 ], [ -47.068070508607988, -22.999714246099181 ], [ -47.068114989772567, -22.999762142729676 ], [ -47.068162647434356, -22.999807379879037 ], [ -47.068205776842035, -22.999856287161482 ], [ -47.068279378655134, -22.999962662597206 ], [ -47.068320361874683, -23.000013222827373 ], [ -47.068358558322174, -23.000065624949578 ], [ -47.068389175090921, -23.000122007904523 ], [ -47.068442820740387, -23.000238213095511 ], [ -47.068478862764394, -23.000291726626362 ], [ -47.068577188892803, -23.000379182237335 ], [ -47.068618172355926, -23.000429742370599 ], [ -47.068655286145628, -23.000495519238296 ], [ -47.068693486519187, -23.000600912584773 ], [ -47.068820636742082, -23.000727351253332 ], [ -47.068873437850016, -23.000814498770239 ], [ -47.068907611735341, -23.000951179778394 ], [ -47.06892573085134, -23.000994906878383 ], [ -47.068976613209827, -23.001183006758335 ], [ -47.069007111085128, -23.001764249340209 ], [ -47.068998044915837, -23.002219262988618 ], [ -47.069005400042698, -23.002654111257272 ], [ -47.068994322231106, -23.002935010914424 ], [ -47.068997478506496, -23.003115609696749 ], [ -47.069016116301704, -23.00326188223746 ], [ -47.069038640058935, -23.003346536519285 ], [ -47.069145961708543, -23.003580660959674 ], [ -47.069248205365518, -23.003750756522926 ], [ -47.069358129672317, -23.003923459846614 ], [ -47.069402360733903, -23.004007559468313 ], [ -47.06945538883177, -23.004167465222164 ], [ -47.069458072500737, -23.00435393797575 ], [ -47.069369890476231, -23.004494114000167 ], [ -47.069276444087961, -23.004621359219772 ], [ -47.069095552966836, -23.004821154785446 ], [ -47.068949546723267, -23.004940510709623 ], [ -47.068876107050343, -23.004966296120255 ], [ -47.068569586118855, -23.00504477861676 ], [ -47.068387984277081, -23.005176966860422 ], [ -47.06827141361029, -23.005391267872408 ], [ -47.068225416330208, -23.005634437467037 ], [ -47.068216973635323, -23.005835048289782 ], [ -47.06812756064199, -23.006606802882807 ], [ -47.068125670280502, -23.006794057675787 ], [ -47.068141730754213, -23.006987577719343 ], [ -47.068183250631421, -23.007057359358114 ], [ -47.06831562459535, -23.007241144570777 ], [ -47.068412394619443, -23.007405534435915 ], [ -47.06848903280531, -23.007578853695282 ], [ -47.068511740405079, -23.007649151884944 ], [ -47.068608687488663, -23.007872579026614 ], [ -47.068781918335596, -23.008135271643436 ], [ -47.069083669101381, -23.008413255710927 ], [ -47.069173671338035, -23.008534582090423 ], [ -47.069252149456126, -23.008670232211927 ], [ -47.069445362555811, -23.008761140578819 ], [ -47.070036052179098, -23.008877724825346 ], [ -47.07075406894954, -23.008815521975293 ], [ -47.07110021482692, -23.008792757512257 ], [ -47.071286134123781, -23.008816775132743 ], [ -47.071482433260528, -23.00894113244982 ], [ -47.071741710553184, -23.009133996152677 ], [ -47.071946258803109, -23.009271786066037 ], [ -47.072115970618178, -23.009535242757671 ], [ -47.07250799973751, -23.009841196422034 ], [ -47.072598916153083, -23.009953661703339 ], [ -47.072855227997685, -23.01018908154159 ], [ -47.073039546344162, -23.010544967523774 ], [ -47.073101625989189, -23.010701954456856 ], [ -47.073159419783771, -23.010957396846639 ], [ -47.07324231864343, -23.011213503349751 ], [ -47.073305708610782, -23.011377243590701 ], [ -47.073328423595342, -23.011542509677334 ], [ -47.073348371847409, -23.011889805631082 ], [ -47.073398755703529, -23.01220763440033 ], [ -47.073433183558116, -23.01230251334249 ], [ -47.073607023632789, -23.012498839829924 ], [ -47.073752839595528, -23.012608779425001 ], [ -47.074112341864073, -23.012938084211655 ], [ -47.07426288083051, -23.013030718935273 ], [ -47.074407537680941, -23.013222552074229 ], [ -47.074606874576681, -23.013429195468809 ], [ -47.074662475507616, -23.013567308827536 ], [ -47.074770005793702, -23.013692915384723 ], [ -47.074916696756489, -23.013907199649186 ], [ -47.074957669720376, -23.014014450221133 ], [ -47.074971822112367, -23.014334829514659 ], [ -47.07500106044548, -23.014574034732089 ], [ -47.075094473316398, -23.014791454737047 ], [ -47.075178449903127, -23.015033462800709 ], [ -47.075173645025139, -23.015092655616176 ], [ -47.075049355072551, -23.01517020632544 ], [ -47.075010519294025, -23.015186874707201 ], [ -47.074692742109704, -23.015251073839451 ], [ -47.074444057459012, -23.015357337306241 ], [ -47.074341749570415, -23.015441731017503 ], [ -47.074205770560617, -23.015517628842638 ], [ -47.073992983214659, -23.015688599341093 ], [ -47.073968378731564, -23.015720698458647 ], [ -47.073892599607561, -23.015872540406011 ], [ -47.07376563593116, -23.016059357444597 ], [ -47.073669337255723, -23.016231689717252 ], [ -47.073548558023511, -23.016523144061864 ], [ -47.073514720468054, -23.016635257100255 ], [ -47.073466689855991, -23.016734466301273 ], [ -47.073414787740397, -23.016817205974498 ], [ -47.073335933524518, -23.016988948409068 ], [ -47.073256297563624, -23.0171148415745 ], [ -47.073123873962608, -23.017270855828176 ], [ -47.073096569782045, -23.017336843169417 ], [ -47.073094155754923, -23.017415684499234 ], [ -47.073127136585562, -23.017484222170975 ], [ -47.073203211308247, -23.017588305040402 ], [ -47.073232824572798, -23.017673316776499 ], [ -47.073233978438594, -23.017748771193965 ], [ -47.073199297825141, -23.017795265621213 ], [ -47.073142822614436, -23.01781568542204 ], [ -47.073078547662689, -23.017783667592987 ], [ -47.073006513704101, -23.017712391673282 ], [ -47.07292396521391, -23.017647843505692 ], [ -47.072860042281192, -23.017638840985626 ], [ -47.07276808183537, -23.01765313546337 ], [ -47.072694245903577, -23.017690212495346 ], [ -47.072638624757367, -23.01776650090056 ], [ -47.072618296437561, -23.017825806755376 ], [ -47.072661360892297, -23.017864692657803 ], [ -47.072722025974379, -23.017886827742696 ], [ -47.072814236355647, -23.017888869707129 ], [ -47.072864207059226, -23.017911235104901 ], [ -47.07287929414656, -23.017966827148026 ], [ -47.07285534979281, -23.018026360948063 ], [ -47.0728065837515, -23.018082789476093 ], [ -47.072775861871314, -23.018162001635218 ], [ -47.072773458107953, -23.018231002901626 ], [ -47.072825585863036, -23.018394439206936 ], [ -47.072823723712041, -23.018509383133576 ], [ -47.072775640969311, -23.018605252697732 ], [ -47.072692031481033, -23.0187080874061 ], [ -47.072576305477334, -23.018788413024655 ], [ -47.072478321418984, -23.018871756064115 ], [ -47.072405008671964, -23.01894836641603 ], [ -47.072346530389531, -23.019064051890478 ], [ -47.072302175227222, -23.019182802259692 ], [ -47.072306391625801, -23.019458626169843 ], [ -47.072273615664315, -23.019629764685366 ], [ -47.072320578673917, -23.019681599123921 ], [ -47.072370570299199, -23.019710554409045 ], [ -47.072487932698685, -23.019731946906198 ], [ -47.072542096641065, -23.019797047585012 ], [ -47.072554568144568, -23.019918303517077 ], [ -47.072552403649084, -23.020013481266201 ], [ -47.072603127208026, -23.020085036473965 ], [ -47.072674610332655, -23.020120209887182 ], [ -47.072819930694173, -23.020118306122917 ], [ -47.07294834140977, -23.020162573518675 ], [ -47.072995046024502, -23.02020800161959 ], [ -47.072999488594959, -23.020267073242145 ], [ -47.072950903066442, -23.020330089522524 ], [ -47.072796362851712, -23.020433943907669 ], [ -47.072744057478616, -23.0204904188233 ], [ -47.072738535782037, -23.02059223058566 ], [ -47.072764640407385, -23.020673948166625 ], [ -47.072769737085935, -23.020775801366405 ], [ -47.072690548552458, -23.020931118001847 ], [ -47.07268472596855, -23.021013253849972 ], [ -47.072704578507725, -23.021154273445479 ], [ -47.072774530442935, -23.021320726026012 ], [ -47.072783013924386, -23.021412604644951 ], [ -47.072763257653087, -23.021514602889212 ], [ -47.072579665695443, -23.022022726085119 ], [ -47.072508358029609, -23.022230569484574 ], [ -47.07244874959202, -23.022503889202305 ], [ -47.072426158202916, -23.022651964575299 ], [ -47.072438529341333, -23.022766631741902 ], [ -47.07253051809338, -23.022985425749674 ], [ -47.072549747494598, -23.023080413475256 ], [ -47.072544326460857, -23.023188813939424 ], [ -47.072524771360094, -23.023303989607207 ], [ -47.072548493104847, -23.023461298178951 ], [ -47.0725787897468, -23.023585660674186 ], [ -47.072580346593611, -23.023687469949994 ], [ -47.07256079010773, -23.023802555362025 ], [ -47.072471638188844, -23.024000792614487 ], [ -47.072430519645167, -23.024099820795961 ], [ -47.072400328189737, -23.024208545748209 ], [ -47.072394204594595, -23.024271005670105 ], [ -47.072445213164031, -23.024355827427126 ], [ -47.072514605673945, -23.024496107700795 ], [ -47.072529893714659, -23.024564786875278 ], [ -47.07248496630055, -23.024640935243287 ], [ -47.072390416139918, -23.02471764340352 ], [ -47.072305901772225, -23.024761540666653 ], [ -47.072025845210881, -23.024758528763464 ], [ -47.071962292457464, -23.024779221560859 ], [ -47.071927527985579, -23.024825626630431 ], [ -47.071938976338565, -23.02487467631418 ], [ -47.071999765602243, -23.024909989935647 ], [ -47.072088995514498, -23.024948271164526 ], [ -47.072160580559007, -23.024989943077788 ], [ -47.072186304649549, -23.025051985821406 ], [ -47.072148483552915, -23.025124700866396 ], [ -47.072066984889446, -23.025129108544327 ], [ -47.071939201920173, -23.025120942315429 ], [ -47.07182542176983, -23.025102662390069 ], [ -47.071704866504376, -23.02510424123523 ], [ -47.071634716761402, -23.025151199927979 ], [ -47.071610898174896, -23.025213801288846 ], [ -47.071675579375025, -23.025272174348046 ], [ -47.071775625480619, -23.025323403904196 ], [ -47.071833127388977, -23.025375190598865 ], [ -47.071870048691466, -23.025469856404293 ], [ -47.071881819589123, -23.025545262028182 ], [ -47.071801504913708, -23.025621873712232 ], [ -47.071713499418323, -23.025668976031152 ], [ -47.071597066305131, -23.025703451049839 ], [ -47.071527265273069, -23.025773244607784 ], [ -47.071521060838762, -23.025835705571978 ], [ -47.071564609650842, -23.025900855157229 ], [ -47.071680114738022, -23.02603719174494 ], [ -47.071734982026733, -23.026148142783551 ], [ -47.071746551490101, -23.026210370968258 ], [ -47.071744548930091, -23.026305636834209 ], [ -47.071851295853591, -23.0265635974845 ], [ -47.071842136963859, -23.026659047349547 ], [ -47.071814069204549, -23.026734935251753 ] ] ] } },
{ "type": "Feature", "properties": { "APG": "Santa LÃºcia" }, "geometry": { "type": "Polygon", "coordinates": [ [ [ -47.073903216720325, -22.932913227803851 ], [ -47.074421675573369, -22.933133132461538 ], [ -47.074840309476791, -22.93327471775569 ], [ -47.075584205550754, -22.933454657685061 ], [ -47.076291576458836, -22.933569261249403 ], [ -47.077425117686744, -22.933744815622699 ], [ -47.079170333428408, -22.934005782897977 ], [ -47.079567708369183, -22.934086607787606 ], [ -47.079999776628839, -22.934191531715467 ], [ -47.080598527719204, -22.934378134498651 ], [ -47.081120859356552, -22.934571695374736 ], [ -47.081534432217261, -22.93474961921574 ], [ -47.081975439408176, -22.934960493427752 ], [ -47.082391738912911, -22.935185141563906 ], [ -47.082721607531248, -22.935377160188523 ], [ -47.082991258417088, -22.935552816358229 ], [ -47.083354192746164, -22.935804251770069 ], [ -47.08362896659186, -22.936015136986978 ], [ -47.083928660128556, -22.936262707102635 ], [ -47.08409706621444, -22.936414684745802 ], [ -47.084337660714404, -22.93664019068893 ], [ -47.084596631751843, -22.93690553683237 ], [ -47.084859064561265, -22.937192141869954 ], [ -47.085123043870148, -22.9375114055795 ], [ -47.085254438653095, -22.937676777509889 ], [ -47.08543142412276, -22.937921533591346 ], [ -47.085551031197383, -22.938094011326903 ], [ -47.085710126842422, -22.938335842565273 ], [ -47.085832109002332, -22.93853735731307 ], [ -47.086025417993987, -22.938881922481581 ], [ -47.086160138559215, -22.939148718662068 ], [ -47.086418863933879, -22.939691117867675 ], [ -47.086592128414864, -22.940054632607474 ], [ -47.087017473197129, -22.940940952456195 ], [ -47.08720753866892, -22.941335660864986 ], [ -47.087633439430775, -22.942220978111955 ], [ -47.088092508291552, -22.943187555800545 ], [ -47.088529184672119, -22.944098456193561 ], [ -47.089872211961513, -22.94690437675775 ], [ -47.090351763057512, -22.947914639302557 ], [ -47.091079664043704, -22.949453432837206 ], [ -47.09327133697046, -22.954079249681488 ], [ -47.093873258017076, -22.955227265802488 ], [ -47.094569180324484, -22.956610465558455 ], [ -47.095200626582972, -22.95780511781172 ], [ -47.095285604449792, -22.957945725432129 ], [ -47.096691875573434, -22.960271555844795 ], [ -47.096762392719896, -22.960386625550946 ], [ -47.097999324036856, -22.962432032132106 ], [ -47.098461540789074, -22.963207236537109 ], [ -47.098748510798806, -22.963713305419539 ], [ -47.098950907747806, -22.964084540767427 ], [ -47.099441619680441, -22.965017253458317 ], [ -47.099701368308878, -22.965551123903559 ], [ -47.09988103387294, -22.965923471244736 ], [ -47.100245920881804, -22.966715304764922 ], [ -47.100477979647884, -22.967246741864567 ], [ -47.100735476358047, -22.967873621990005 ], [ -47.100858515627749, -22.968176575448453 ], [ -47.101069401933842, -22.968726798100832 ], [ -47.101194898868549, -22.969068987752433 ], [ -47.101325179384361, -22.969434494773168 ], [ -47.101558413491212, -22.970119289359232 ], [ -47.101668883096629, -22.970461858247326 ], [ -47.101839782521324, -22.971009991658264 ], [ -47.101931933176566, -22.971316964473935 ], [ -47.102152958115639, -22.972054097884513 ], [ -47.102571345170261, -22.973448423702312 ], [ -47.103024729577605, -22.974957653109403 ], [ -47.104232842046535, -22.979009709617916 ], [ -47.105221210073161, -22.982228195709261 ], [ -47.105616503711396, -22.98354436723616 ], [ -47.106036938001473, -22.985029194991064 ], [ -47.107684797196185, -22.990747948292888 ], [ -47.108239162223569, -22.992671698515014 ], [ -47.108677650448207, -22.993720072992982 ], [ -47.109848090845659, -22.992753182759937 ], [ -47.110236660329257, -22.992229655974988 ], [ -47.110625307307927, -22.99170612735514 ], [ -47.111013793115767, -22.990986255637765 ], [ -47.111261009785878, -22.990201012830955 ], [ -47.111402155709165, -22.989121177652887 ], [ -47.111459215290665, -22.987443499841984 ], [ -47.111472889271759, -22.987014519255961 ], [ -47.111825049038693, -22.979926435733748 ], [ -47.111934083822035, -22.979228071782831 ], [ -47.112061058522769, -22.97869060662164 ], [ -47.112140778742258, -22.978413487873613 ], [ -47.11239004620866, -22.977766786327983 ], [ -47.11255905322043, -22.977409036434565 ], [ -47.114431272167714, -22.97417186728061 ], [ -47.116380705115667, -22.970895192742752 ], [ -47.116846628437095, -22.970108738053412 ], [ -47.117408789705614, -22.969198315168377 ], [ -47.118136854148126, -22.968181859339222 ], [ -47.118874200680878, -22.967281819358377 ], [ -47.123229894529217, -22.962051064143228 ], [ -47.123884817796203, -22.961231548529074 ], [ -47.124467586199806, -22.960358743450815 ], [ -47.124802658542762, -22.959780477393569 ], [ -47.125129655519437, -22.959097241186331 ], [ -47.125388940898709, -22.958346304673423 ], [ -47.125466693238927, -22.958094754650045 ], [ -47.125517254441341, -22.957909017086308 ], [ -47.125650658959714, -22.957247152116562 ], [ -47.125708341653706, -22.956796999562282 ], [ -47.125738413486928, -22.956432073831575 ], [ -47.125850809724248, -22.950280984635857 ], [ -47.125933308632099, -22.94471598482545 ], [ -47.125955013505433, -22.943383442624089 ], [ -47.125960999999592, -22.942565999999388 ], [ -47.126060187852595, -22.941450548223415 ], [ -47.126133292454988, -22.940850605889786 ], [ -47.126268614157908, -22.939880070672345 ], [ -47.126330178502577, -22.939467690065463 ], [ -47.126498031606673, -22.938686021552552 ], [ -47.126935356398334, -22.936897354130046 ], [ -47.127780195754873, -22.93370317480894 ], [ -47.128805539382284, -22.930025776100344 ], [ -47.128099279857139, -22.929905706468762 ], [ -47.127543612080231, -22.929854840391961 ], [ -47.127050358237703, -22.929832113522977 ], [ -47.126459620652746, -22.929846620129624 ], [ -47.125345016820944, -22.929962837964407 ], [ -47.124093940459339, -22.930245082030019 ], [ -47.121632468819882, -22.930836982348122 ], [ -47.121088533161618, -22.930801554178196 ], [ -47.119097782630043, -22.93141583099878 ], [ -47.118282298228387, -22.931446669124952 ], [ -47.117248401905087, -22.931342388902038 ], [ -47.116469992041296, -22.931524382809545 ], [ -47.115836956932796, -22.931807527317503 ], [ -47.11513209108157, -22.932191198810383 ], [ -47.114461718654603, -22.932239311636511 ], [ -47.114025761162033, -22.932086689653033 ], [ -47.112719134378231, -22.931796799124619 ], [ -47.111410918342237, -22.931238263550227 ], [ -47.110431446896477, -22.931134117007193 ], [ -47.109416000594337, -22.931063392509984 ], [ -47.108147207437405, -22.931092530139669 ], [ -47.107404889908523, -22.930839240888641 ], [ -47.106511994000137, -22.93038176081448 ], [ -47.106221760215632, -22.930347156311331 ], [ -47.104698677291374, -22.93027465184737 ], [ -47.103047739696294, -22.930016959356948 ], [ -47.099876040759916, -22.930123233940812 ], [ -47.098062022866976, -22.929881729388228 ], [ -47.095914351174159, -22.930027193907094 ], [ -47.095601313216342, -22.930135053291092 ], [ -47.094259716056193, -22.928985641552948 ], [ -47.094004473109408, -22.928653989307197 ], [ -47.093658416280938, -22.928386328229337 ], [ -47.093391144469521, -22.928022379592576 ], [ -47.09312563058932, -22.927034625343801 ], [ -47.094360356181994, -22.924730338064712 ], [ -47.095074252421249, -22.923276621545504 ], [ -47.095544438136237, -22.922359300210932 ], [ -47.095736418283693, -22.921223872516308 ], [ -47.095448446613325, -22.919434356173984 ], [ -47.095276245289504, -22.919086221684136 ], [ -47.094995909122908, -22.918676914889026 ], [ -47.094205043540292, -22.919612205991594 ], [ -47.093640937486704, -22.920192968342814 ], [ -47.092667265089318, -22.921076606267189 ], [ -47.092008333464996, -22.921605444065349 ], [ -47.091146905127324, -22.922195060461515 ], [ -47.087991061189371, -22.924148130113803 ], [ -47.082876863503444, -22.927349006715218 ], [ -47.080247151910839, -22.928943122903156 ], [ -47.073903216720325, -22.932913227803851 ] ] ] } },
{ "type": "Feature", "properties": { "APG": "Garcia" }, "geometry": { "type": "Polygon", "coordinates": [ [ [ -47.094995909122908, -22.918676914889026 ], [ -47.095276245289504, -22.919086221684136 ], [ -47.095448446613325, -22.919434356173984 ], [ -47.095736418283693, -22.921223872516308 ], [ -47.095544438136237, -22.922359300210932 ], [ -47.095074252421249, -22.923276621545504 ], [ -47.094360356181994, -22.924730338064712 ], [ -47.09312563058932, -22.927034625343801 ], [ -47.093391144469521, -22.928022379592576 ], [ -47.093658416280938, -22.928386328229337 ], [ -47.094004473109408, -22.928653989307197 ], [ -47.094259716056193, -22.928985641552948 ], [ -47.095601313216342, -22.930135053291092 ], [ -47.095914351174159, -22.930027193907094 ], [ -47.098062022866976, -22.929881729388228 ], [ -47.099876040759916, -22.930123233940812 ], [ -47.103047739696294, -22.930016959356948 ], [ -47.104698677291374, -22.93027465184737 ], [ -47.106221760215632, -22.930347156311331 ], [ -47.106511994000137, -22.93038176081448 ], [ -47.107404889908523, -22.930839240888641 ], [ -47.108147207437405, -22.931092530139669 ], [ -47.109416000594337, -22.931063392509984 ], [ -47.110431446896477, -22.931134117007193 ], [ -47.111410918342237, -22.931238263550227 ], [ -47.112719134378231, -22.931796799124619 ], [ -47.114025761162033, -22.932086689653033 ], [ -47.114461718654603, -22.932239311636511 ], [ -47.11513209108157, -22.932191198810383 ], [ -47.115836956932796, -22.931807527317503 ], [ -47.116469992041296, -22.931524382809545 ], [ -47.117248401905087, -22.931342388902038 ], [ -47.118282298228387, -22.931446669124952 ], [ -47.119097782630043, -22.93141583099878 ], [ -47.121088533161618, -22.930801554178196 ], [ -47.121632468819882, -22.930836982348122 ], [ -47.124093940459339, -22.930245082030019 ], [ -47.125345016820944, -22.929962837964407 ], [ -47.126459620652746, -22.929846620129624 ], [ -47.127050358237703, -22.929832113522977 ], [ -47.127543612080231, -22.929854840391961 ], [ -47.128099279857139, -22.929905706468762 ], [ -47.128805539382284, -22.930025776100344 ], [ -47.129141026884341, -22.928754562243856 ], [ -47.129897679006511, -22.926495343811904 ], [ -47.131034485836338, -22.924384393428056 ], [ -47.131977188370307, -22.923200169632693 ], [ -47.13357255130812, -22.921806763984563 ], [ -47.134491411752549, -22.921360378508506 ], [ -47.135779298950375, -22.920977269911965 ], [ -47.13718619710253, -22.920767227207794 ], [ -47.138855255564678, -22.920944973138962 ], [ -47.142441794932331, -22.921411073251697 ], [ -47.143563480883685, -22.921434115893341 ], [ -47.144315945360582, -22.921407704141231 ], [ -47.145247210854201, -22.921287245926287 ], [ -47.146386831001166, -22.920989739268979 ], [ -47.14670758147281, -22.920880866458141 ], [ -47.147303753868336, -22.920678717370325 ], [ -47.148285238831839, -22.920160363580994 ], [ -47.15612578372685, -22.916046252918722 ], [ -47.158042108478618, -22.915016932960128 ], [ -47.162992326568173, -22.91235777599934 ], [ -47.164678046514638, -22.911667514811803 ], [ -47.166327024285337, -22.911235373715268 ], [ -47.167730892769761, -22.91092111712679 ], [ -47.16914853219054, -22.910816090728964 ], [ -47.17127831636212, -22.91087265153546 ], [ -47.174369748181306, -22.911259050404592 ], [ -47.178215270125563, -22.911845106773573 ], [ -47.181520331206869, -22.912265173186583 ], [ -47.181552490846862, -22.911984800481925 ], [ -47.181358759966912, -22.911962095764189 ], [ -47.181236496669122, -22.911920535404629 ], [ -47.180826784693323, -22.911695068673801 ], [ -47.180706719460126, -22.911635152636645 ], [ -47.180451107780563, -22.911547308316365 ], [ -47.180210906278511, -22.911428018137993 ], [ -47.18014591336064, -22.911409502158758 ], [ -47.179891221502238, -22.911359016548026 ], [ -47.179755477453561, -22.911303647998601 ], [ -47.179491059581757, -22.911243004307561 ], [ -47.179373508753002, -22.911179441833397 ], [ -47.179310208704514, -22.911156208156527 ], [ -47.179112522297132, -22.911107195666187 ], [ -47.178463501088558, -22.910913261146934 ], [ -47.178400816684658, -22.91088830348783 ], [ -47.177941745541887, -22.910616293983164 ], [ -47.177746998348574, -22.910439324907792 ], [ -47.17768761667719, -22.910389677573484 ], [ -47.177461471154572, -22.910168995986474 ], [ -47.17740915123813, -22.910128730193804 ], [ -47.177294032548886, -22.91006134130118 ], [ -47.177095413264198, -22.909888396340762 ], [ -47.17700874809114, -22.909791008117907 ], [ -47.176958954961599, -22.909747909104901 ], [ -47.17674153759841, -22.909595532395468 ], [ -47.176560591386426, -22.909507560620124 ], [ -47.176444529593581, -22.909441447771876 ], [ -47.176382395667893, -22.909415669256983 ], [ -47.176181931293087, -22.909378697044701 ], [ -47.17611701148131, -22.909359636682094 ], [ -47.175936219430874, -22.909271210676629 ], [ -47.175765699840788, -22.909166755935541 ], [ -47.175574101249083, -22.909101135674792 ], [ -47.175339078415362, -22.908973461617386 ], [ -47.175083326835981, -22.90888642243775 ], [ -47.174896298146905, -22.90880999641313 ], [ -47.174717226253456, -22.908718476127241 ], [ -47.174593658306406, -22.908665373430747 ], [ -47.174444926667356, -22.908536155225192 ], [ -47.174268915607655, -22.908439988631812 ], [ -47.174137779039306, -22.908406126733656 ], [ -47.174075107987377, -22.908381889222895 ], [ -47.173959600615156, -22.908315134919235 ], [ -47.173894835054291, -22.908295620123273 ], [ -47.173562444480183, -22.908225515198367 ], [ -47.173432374129263, -22.908187936965579 ], [ -47.173311300558481, -22.908129924403312 ], [ -47.173122796043231, -22.908056585580361 ], [ -47.172947102077217, -22.90796005199056 ], [ -47.172837410470912, -22.907885002521269 ], [ -47.172658978063289, -22.907793109900673 ], [ -47.172609821136348, -22.907749459045501 ], [ -47.17255397672254, -22.907674485146462 ], [ -47.172504133674529, -22.907587784092591 ], [ -47.172464737527974, -22.907536326575229 ], [ -47.172243832585828, -22.907295705200681 ], [ -47.172194119285471, -22.907252422890846 ], [ -47.172032503071819, -22.90713646777067 ], [ -47.171908513485178, -22.906986146049981 ], [ -47.17162607799483, -22.906711971634664 ], [ -47.171459984954687, -22.906511673083472 ], [ -47.171404704254329, -22.906396339565262 ], [ -47.1712692556356, -22.906177386915409 ], [ -47.171199616057258, -22.90611415580544 ], [ -47.171171969724462, -22.90608889659633 ], [ -47.171044802657825, -22.905940784020075 ], [ -47.170903348579046, -22.905803879750589 ], [ -47.170735671982357, -22.905695769313127 ], [ -47.170596202733371, -22.905557302983908 ], [ -47.170490380961454, -22.90547777546638 ], [ -47.170373034012457, -22.905411314215776 ], [ -47.170251462025526, -22.905357097282817 ], [ -47.1700508583654, -22.905321021437107 ], [ -47.169728421737098, -22.905219357303562 ], [ -47.169605643487486, -22.905165066054092 ], [ -47.169552220084988, -22.905125895712168 ], [ -47.169412198765556, -22.904987977391372 ], [ -47.169357353645985, -22.904950361013778 ], [ -47.169113970168738, -22.904836873434366 ], [ -47.168947158365071, -22.904727395041931 ], [ -47.168808247126016, -22.904588467968683 ], [ -47.168696365258903, -22.904516875525765 ], [ -47.168384295931411, -22.904389790807489 ], [ -47.168308820574353, -22.904338463548456 ], [ -47.168298356447906, -22.904302046323764 ], [ -47.168300286564588, -22.904175820005271 ], [ -47.168264822852258, -22.904123856219819 ], [ -47.168150739287753, -22.904055272371433 ], [ -47.168105943944745, -22.904007768971773 ], [ -47.167988951740789, -22.903852292943931 ], [ -47.167955766630627, -22.903797048187947 ], [ -47.167912880729141, -22.903677572022922 ], [ -47.167868236055114, -22.903300935426707 ], [ -47.167817188045561, -22.903178591643275 ], [ -47.167773793381187, -22.903113014637722 ], [ -47.167733551122595, -22.903099120353666 ], [ -47.167598824053179, -22.903081640801787 ], [ -47.167538334426247, -22.903052857103326 ], [ -47.167376092890798, -22.902937446782165 ], [ -47.167178757440297, -22.902762935669607 ], [ -47.166995131623096, -22.902576231084431 ], [ -47.166709596369401, -22.902222107978321 ], [ -47.166636061470548, -22.902115777748314 ], [ -47.166562372133029, -22.901939037508232 ], [ -47.166449128752248, -22.901710749805336 ], [ -47.166428372101272, -22.901522184085263 ], [ -47.16641917670637, -22.901332919047771 ], [ -47.166356475071041, -22.900831049930783 ], [ -47.166319345016028, -22.900709508670616 ], [ -47.166228151254437, -22.900275641646108 ], [ -47.16617285838619, -22.90009332418461 ], [ -47.166161665220145, -22.900031189188208 ], [ -47.166161225379554, -22.899968095109841 ], [ -47.166108702709359, -22.899697092796291 ], [ -47.166090048764666, -22.899661057836674 ], [ -47.16597188497515, -22.899507311008477 ], [ -47.165906049012285, -22.899329018841428 ], [ -47.165857729825511, -22.899145522856674 ], [ -47.165768001717929, -22.898975771089074 ], [ -47.165725914878266, -22.898926605012498 ], [ -47.165671876695441, -22.898888976116147 ], [ -47.165554265098535, -22.898825583599077 ], [ -47.165307871362714, -22.898622851262889 ], [ -47.165280110417555, -22.898575024408995 ], [ -47.165264167306994, -22.898441458639848 ], [ -47.165235535711908, -22.898384345626667 ], [ -47.165216505294367, -22.898324574133284 ], [ -47.16526228048145, -22.898206235577891 ], [ -47.165277700411181, -22.898144911278969 ], [ -47.165286349304715, -22.897955763868449 ], [ -47.165246352934687, -22.897769987622741 ], [ -47.165222434558842, -22.8977110951881 ], [ -47.165089569081914, -22.897567568062211 ], [ -47.164979514576196, -22.897408112895238 ], [ -47.164937501716338, -22.897358494184402 ], [ -47.164782305299688, -22.897235762805551 ], [ -47.164602163233454, -22.897146320427179 ], [ -47.164434812224663, -22.897037475623716 ], [ -47.164385660461868, -22.896993731413808 ], [ -47.164222423326649, -22.896875712840654 ], [ -47.163991909899885, -22.896731438573191 ], [ -47.163886945444496, -22.896649547145273 ], [ -47.163816298894531, -22.896572965653945 ], [ -47.163738106751886, -22.896420929175218 ], [ -47.163638876265637, -22.896274956568291 ], [ -47.163469208350605, -22.896040212625863 ], [ -47.163138023319576, -22.895653843966432 ], [ -47.16303235020996, -22.895527186565431 ], [ -47.162995803552995, -22.895472527864605 ], [ -47.162885750043436, -22.895439542156328 ], [ -47.162236424702641, -22.895326874027742 ], [ -47.162177812027579, -22.895294541814248 ], [ -47.161890169630304, -22.895125043226024 ], [ -47.161791135050251, -22.895026730291324 ], [ -47.161714985027025, -22.894932348716701 ], [ -47.16169154649868, -22.894873178258656 ], [ -47.161662894655301, -22.894621979557385 ], [ -47.161656395688837, -22.89449586748816 ], [ -47.161663803203155, -22.894243275452535 ], [ -47.161614002250289, -22.893950568428913 ], [ -47.161616036061417, -22.893931854419485 ], [ -47.161643006503034, -22.893808265976016 ], [ -47.161652829847675, -22.893682744280447 ], [ -47.161617175695014, -22.893496727023404 ], [ -47.161625868567576, -22.893370859615874 ], [ -47.161605604313337, -22.893182376167324 ], [ -47.161537686287915, -22.892938030595634 ], [ -47.161473844112422, -22.892758174146085 ], [ -47.161445180204616, -22.892572061711835 ], [ -47.161437825273062, -22.892386832941593 ], [ -47.161447898925793, -22.89225173897616 ], [ -47.161416008392862, -22.891927915028432 ], [ -47.161252591363741, -22.891655981115875 ], [ -47.161154226426504, -22.891432360612757 ], [ -47.160909311146966, -22.890875281405805 ], [ -47.160845627377597, -22.890695151579393 ], [ -47.160653114770305, -22.890290731741089 ], [ -47.160548170655979, -22.890128495022971 ], [ -47.160492650950559, -22.889946267998969 ], [ -47.16041694472549, -22.889813694312213 ], [ -47.160304589406003, -22.889685771330498 ], [ -47.16025410310629, -22.889643758870086 ], [ -47.160129312342086, -22.889593187589629 ], [ -47.159714674907704, -22.889375038310238 ], [ -47.159586165449198, -22.889333183253115 ], [ -47.159184692318142, -22.889261275285371 ], [ -47.158980678076638, -22.889251770096966 ], [ -47.158913656080571, -22.889241306322759 ], [ -47.158849283135339, -22.889220515485821 ], [ -47.158665178102794, -22.889138702086804 ], [ -47.158612398353497, -22.889098977019255 ], [ -47.158540953390514, -22.888991801200451 ], [ -47.158460039619023, -22.888890531381779 ], [ -47.158433411602672, -22.888832757655525 ], [ -47.158393520873304, -22.888693467571979 ], [ -47.158360470796346, -22.888646252645792 ], [ -47.158287165758495, -22.888594168086001 ], [ -47.158083766856159, -22.88848634670353 ], [ -47.158039059281847, -22.888438748372046 ], [ -47.157964981100065, -22.888332691262473 ], [ -47.157777647105974, -22.887995810784965 ], [ -47.157697206561643, -22.88789390216126 ], [ -47.157460977873761, -22.88766628276014 ], [ -47.157344578027711, -22.887510969458241 ], [ -47.157175994916805, -22.887404389307285 ], [ -47.157129306688923, -22.887358532732339 ], [ -47.157092068831119, -22.887305596893885 ], [ -47.157067063061398, -22.887228392281166 ], [ -47.157070369340587, -22.887183391735324 ], [ -47.157151817741294, -22.886942522654561 ], [ -47.157186070552491, -22.886887984542508 ], [ -47.157275446908841, -22.886792797772834 ], [ -47.157300558698125, -22.886734411733933 ], [ -47.157329546421614, -22.886611157478271 ], [ -47.157464940325184, -22.886321260252 ], [ -47.157534987497989, -22.886213155984251 ], [ -47.157669253977815, -22.886070508239857 ], [ -47.158053241144096, -22.885774166206087 ], [ -47.157691687239797, -22.885675081312275 ], [ -47.157322343117876, -22.885586392360572 ], [ -47.156599482143442, -22.885444364374234 ], [ -47.155964880689922, -22.88536522924425 ], [ -47.155358866690513, -22.885315403507995 ], [ -47.154801973725874, -22.885287477601324 ], [ -47.154246905765298, -22.885258080627523 ], [ -47.153726043221859, -22.885262702312623 ], [ -47.15337054124069, -22.885276997933804 ], [ -47.153049757168866, -22.885306890978466 ], [ -47.152768968145118, -22.885345630009539 ], [ -47.152417979201211, -22.885416824423004 ], [ -47.15193087236738, -22.885528949206673 ], [ -47.151436221581072, -22.885651917112828 ], [ -47.150350155261307, -22.885927503351596 ], [ -47.14968461963538, -22.886088255152384 ], [ -47.149271608693844, -22.886191064724638 ], [ -47.14891963320656, -22.886276437809411 ], [ -47.148185827498565, -22.886470063183022 ], [ -47.147529803422572, -22.886684119210507 ], [ -47.146805413300925, -22.886945315864896 ], [ -47.146320796583616, -22.887129608698981 ], [ -47.145674974208731, -22.887405176036534 ], [ -47.144874510477308, -22.887785919752822 ], [ -47.144461850876496, -22.887988373922614 ], [ -47.14389319602536, -22.888286544669526 ], [ -47.14274421886266, -22.888877260330492 ], [ -47.141352869417787, -22.889595630671128 ], [ -47.14023937848193, -22.890170414588642 ], [ -47.138563848609849, -22.890975460032244 ], [ -47.137128890985622, -22.89171379149797 ], [ -47.136571622770617, -22.891981723713794 ], [ -47.134520911126607, -22.893052573002453 ], [ -47.134240132673696, -22.893206469136647 ], [ -47.133988924444942, -22.893329455290665 ], [ -47.133742503140482, -22.893424572603294 ], [ -47.133384314818535, -22.893525703912967 ], [ -47.133016336433869, -22.893612341586188 ], [ -47.132712323840281, -22.89365785794287 ], [ -47.132341720154294, -22.89366915105537 ], [ -47.131926500355689, -22.893663980274678 ], [ -47.13173243942073, -22.893654216510164 ], [ -47.131496360131671, -22.893609087355379 ], [ -47.130214593907866, -22.893324402256987 ], [ -47.129198942421219, -22.893119463199604 ], [ -47.128421685488718, -22.892943190875581 ], [ -47.128047766944725, -22.892886181162808 ], [ -47.127780524767736, -22.892867733280021 ], [ -47.127229362012017, -22.892879536361374 ], [ -47.126958325637034, -22.892911510560204 ], [ -47.126637133253986, -22.892973675069779 ], [ -47.12634246859492, -22.893057059354653 ], [ -47.126010024198827, -22.893181030113873 ], [ -47.125589678065737, -22.893393470774694 ], [ -47.125395057313114, -22.89351794365173 ], [ -47.125225004380624, -22.893641004426723 ], [ -47.125061911104282, -22.893772367409465 ], [ -47.124869394753226, -22.893944295518427 ], [ -47.124630442648147, -22.894209916541797 ], [ -47.124457503243669, -22.894426358192103 ], [ -47.124311983400688, -22.894602622379601 ], [ -47.124001827781107, -22.894986821214637 ], [ -47.123340982740579, -22.895779320501305 ], [ -47.123007392906416, -22.896176198367218 ], [ -47.122754252377185, -22.896403279117337 ], [ -47.122503486216132, -22.896602252648425 ], [ -47.122247992433593, -22.896786664623828 ], [ -47.121981172631891, -22.896961116837478 ], [ -47.120807162739133, -22.897643284650187 ], [ -47.119608509396379, -22.898384902625082 ], [ -47.11907108314125, -22.898666865789558 ], [ -47.118579271717479, -22.898879701064175 ], [ -47.118194530241347, -22.899021867232772 ], [ -47.117489451582188, -22.899230862468563 ], [ -47.116946738764014, -22.899369534291694 ], [ -47.116181197416125, -22.89951478372674 ], [ -47.115724756954265, -22.899578638660792 ], [ -47.115169532429569, -22.899589643189241 ], [ -47.114821754806499, -22.899571343722801 ], [ -47.114566805891791, -22.899532850337994 ], [ -47.114388422516299, -22.899492976396296 ], [ -47.114198353059983, -22.899445765022659 ], [ -47.113966211254855, -22.899375100365315 ], [ -47.113744578164145, -22.899292830718917 ], [ -47.113475668242003, -22.899167587317383 ], [ -47.113156214670283, -22.898985601407759 ], [ -47.112175617117394, -22.898394166121591 ], [ -47.111741342987202, -22.898353267537267 ], [ -47.111455401279294, -22.898389025213589 ], [ -47.111200966574117, -22.898518519688157 ], [ -47.11079267783353, -22.898702687928196 ], [ -47.110501282244769, -22.898811909360052 ], [ -47.110369332488098, -22.898843543011004 ], [ -47.110231617351346, -22.898855753901501 ], [ -47.109887908220074, -22.898845784919839 ], [ -47.109569102665525, -22.899967614081106 ], [ -47.109385008751389, -22.900696224839376 ], [ -47.109195677721111, -22.901330568379933 ], [ -47.108947496512812, -22.902036287569498 ], [ -47.10858341254837, -22.90283472208802 ], [ -47.108194903492468, -22.903498700643521 ], [ -47.108045703379261, -22.903745594962622 ], [ -47.107737804028098, -22.904181282391924 ], [ -47.107431020863267, -22.904580122596784 ], [ -47.10646224435046, -22.905691160772655 ], [ -47.105212132213346, -22.90710725909204 ], [ -47.099918433641378, -22.913097725922473 ], [ -47.098902658716476, -22.914252282582463 ], [ -47.094995909122908, -22.918676914889026 ] ] ] } }
]
}
