{
"type": "FeatureCollection",
"name": "secoes_geo",
"crs": { "type": "name", "properties": { "name": "urn:ogc:def:crs:OGC:1.3:CRS84" } },
"features": [
{ "type": "Feature", "properties": { "NR_ZONA": "274", "NR_SECAO": "648", "NR_LOCAL_VOTACAO": "1880", "NM_UE": "CAMPINAS", "endereco_geocode": "Campinas, SP, Brasil", "lat": -22.9056391, "lng": -47.059564 }, "geometry": { "type": "Point", "coordinates": [ -47.059564, -22.9056391 ] } },
{ "type": "Feature", "properties": { "NR_ZONA": "423", "NR_SECAO": "82", "NR_LOCAL_VOTACAO": "1082", "NM_UE": "CAMPINAS", "endereco_geocode": "Campinas, SP, Brasil", "lat": -22.9056391, "lng": -47.059564 }, "geometry": { "type": "Point", "coordinates": [ -47.059564, -22.9056391 ] } },
{ "type": "Feature", "properties": { "NR_ZONA": "380", "NR_SECAO": "58", "NR_LOCAL_VOTACAO": "1155", "NM_UE": "CAMPINAS", "endereco_geocode": "Campinas, SP, Brasil", "lat": -22.9056391, "lng": -47.059564 }, "geometry": { "type": "Point", "coordinates": [ -47.059564, -22.9056391 ] } },
{ "type": "Feature", "properties": { "NR_ZONA": "275", "NR_SECAO": "179", "NR_LOCAL_VOTACAO": "1910", "NM_UE": "CAMPINAS", "endereco_geocode": "Campinas, SP, Brasil", "lat": -22.9056391, "lng": -47.059564 }, "geometry": { "type": "Point", "coordinates": [ -47.059564, -22.9056391 ] } },
{ "type": "Feature", "properties": { "NR_ZONA": "274", "NR_SECAO": "397", "NR_LOCAL_VOTACAO": "1090", "NM_UE": "CAMPINAS", "endereco_geocode": "Campinas, SP, Brasil", "lat": -22.9056391, "lng": -47.059564 }, "geometry": { "type": "Point", "coordinates": [ -47.059564, -22.9056391 ] } },
{ "type": "Feature", "properties": { "NR_ZONA": "380", "NR_SECAO": "68", "NR_LOCAL_VOTACAO": "1163", "NM_UE": "CAMPINAS", "endereco_geocode": "Campinas, SP, Brasil", "lat": -22.9056391, "lng": -47.059564 }, "geometry": { "type": "Point", "coordinates": [ -47.059564, -22.9056391 ] } },
{ "type": "Feature", "properties": { "NR_ZONA": "380", "NR_SECAO": "208", "NR_LOCAL_VOTACAO": "1414", "NM_UE": "CAMPINAS", "endereco_geocode": "Campinas, SP, Brasil", "lat": -22.9056391, "lng": -47.059564 }, "geometry": { "type": "Point", "coordinates": [ -47.059564, -22.9056391 ] } },
{ "type": "Feature", "properties": { "NR_ZONA": "379", "NR_SECAO": "505", "NR_LOCAL_VOTACAO": "1570", "NM_UE": "CAMPINAS", "endereco_geocode": "Campinas, SP, Brasil", "lat": -22.9056391, "lng": -47.059564 }, "geometry": { "type": "Point", "coordinates": [ -47.059564, -22.9056391 ] } },
{ "type": "Feature", "properties": { "NR_ZONA": "380", "NR_SECAO": "295", "NR_LOCAL_VOTACAO": "1295", "NM_UE": "CAMPINAS", "endereco_geocode": "Campinas, SP, Brasil", "lat": -22.9056391, "lng": -47.059564 }, "geometry": { "type": "Point", "coordinates": [ -47.059564, -22.9056391 ] } },
{ "type": "Feature", "properties": { "NR_ZONA": "378", "NR_SECAO": "532", "NR_LOCAL_VOTACAO": "1422", "NM_UE": "CAMPINAS", "endereco_geocode": "Campinas, SP, Brasil", "lat": -22.9056391, "lng": -47.059564 }, "geometry": { "type": "Point", "coordinates": [ -47.059564, -22.9056391 ] } },
{ "type": "Feature", "properties": { "NR_ZONA": "380", "NR_SECAO": "118", "NR_LOCAL_VOTACAO": "1317", "NM_UE": "CAMPINAS", "endereco_geocode": "Campinas, SP, Brasil", "lat": -22.9056391, "lng": -47.059564 }, "geometry": { "type": "Point", "coordinates": [ -47.059564, -22.9056391 ] } },
{ "type": "Feature", "properties": { "NR_ZONA": "423", "NR_SECAO": "169", "NR_LOCAL_VOTACAO": "1171", "NM_UE": "CAMPINAS", "endereco_geocode": "Campinas, SP, Brasil", "lat": -22.9056391, "lng": -47.059564 }, "geometry": { "type": "Point", "coordinates": [ -47.059564, -22.9056391 ] } },
{ "type": "Feature", "properties": { "NR_ZONA": "275", "NR_SECAO": "110", "NR_LOCAL_VOTACAO": "1180", "NM_UE": "CAMPINAS", "endereco_geocode": "Campinas, SP, Brasil", "lat": -22.9056391, "lng": -47.059564 }, "geometry": { "type": "Point", "coordinates": [ -47.059564, -22.9056391 ] } },
{ "type": "Feature", "properties": { "NR_ZONA": "274", "NR_SECAO": "90", "NR_LOCAL_VOTACAO": "1104", "NM_UE": "CAMPINAS", "endereco_geocode": "Campinas, SP, Brasil", "lat": -22.9056391, "lng": -47.059564 }, "geometry": { "type": "Point", "coordinates": [ -47.059564, -22.9056391 ] } },
{ "type": "Feature", "properties": { "NR_ZONA": "379", "NR_SECAO": "279", "NR_LOCAL_VOTACAO": "1392", "NM_UE": "CAMPINAS", "endereco_geocode": "Campinas, SP, Brasil", "lat": -22.9056391, "lng": -47.059564 }, "geometry": { "type": "Point", "coordinates": [ -47.059564, -22.9056391 ] } },
{ "type": "Feature", "properties": { "NR_ZONA": "379", "NR_SECAO": "215", "NR_LOCAL_VOTACAO": "1325", "NM_UE": "CAMPINAS", "endereco_geocode": "Campinas, SP, Brasil", "lat": -22.9056391, "lng": -47.059564 }, "geometry": { "type": "Point", "coordinates": [ -47.059564, -22.9056391 ] } },
{ "type": "Feature", "properties": { "NR_ZONA": "33", "NR_SECAO": "418", "NR_LOCAL_VOTACAO": "2259", "NM_UE": "CAMPINAS", "endereco_geocode": "Campinas, SP, Brasil", "lat": -22.9056391, "lng": -47.059564 }, "geometry": { "type": "Point", "coordinates": [ -47.059564, -22.9056391 ] } },
{ "type": "Feature", "properties": { "NR_ZONA": "33", "NR_SECAO": "3", "NR_LOCAL_VOTACAO": "1015", "NM_UE": "CAMPINAS", "endereco_geocode": "Campinas, SP, Brasil", "lat": -22.9056391, "lng": -47.059564 }, "geometry": { "type": "Point", "coordinates": [ -47.059564, -22.9056391 ] } },
{ "type": "Feature", "properties": { "NR_ZONA": "379", "NR_SECAO": "437", "NR_LOCAL_VOTACAO": "1244", "NM_UE": "CAMPINAS", "endereco_geocode": "Campinas, SP, Brasil", "lat": -22.9056391, "lng": -47.059564 }, "geometry": { "type": "Point", "coordinates": [ -47.059564, -22.9056391 ] } },
{ "type": "Feature", "properties": { "NR_ZONA": "378", "NR_SECAO": "249", "NR_LOCAL_VOTACAO": "1287", "NM_UE": "CAMPINAS", "endereco_geocode": "Campinas, SP, Brasil", "lat": -22.9056391, "lng": -47.059564 }, "geometry": { "type": "Point", "coordinates": [ -47.059564, -22.9056391 ] } },
{ "type": "Feature", "properties": { "NR_ZONA": "33", "NR_SECAO": "425", "NR_LOCAL_VOTACAO": "2267", "NM_UE": "CAMPINAS", "endereco_geocode": "Campinas, SP, Brasil", "lat": -22.9056391, "lng": -47.059564 }, "geometry": { "type": "Point", "coordinates": [ -47.059564, -22.9056391 ] } },
{ "type": "Feature", "properties": { "NR_ZONA": "379", "NR_SECAO": "62", "NR_LOCAL_VOTACAO": "1066", "NM_UE": "CAMPINAS", "endereco_geocode": "Campinas, SP, Brasil", "lat": -22.9056391, "lng": -47.059564 }, "geometry": { "type": "Point", "coordinates": [ -47.059564, -22.9056391 ] } },
{ "type": "Feature", "properties": { "NR_ZONA": "33", "NR_SECAO": "132", "NR_LOCAL_VOTACAO": "1201", "NM_UE": "CAMPINAS", "endereco_geocode": "Campinas, SP, Brasil", "lat": -22.9056391, "lng": -47.059564 }, "geometry": { "type": "Point", "coordinates": [ -47.059564, -22.9056391 ] } },
{ "type": "Feature", "properties": { "NR_ZONA": "33", "NR_SECAO": "319", "NR_LOCAL_VOTACAO": "2135", "NM_UE": "CAMPINAS", "endereco_geocode": "Campinas, SP, Brasil", "lat": -22.9056391, "lng": -47.059564 }, "geometry": { "type": "Point", "coordinates": [ -47.059564, -22.9056391 ] } },
{ "type": "Feature", "properties": { "NR_ZONA": "423", "NR_SECAO": "245", "NR_LOCAL_VOTACAO": "1163", "NM_UE": "CAMPINAS", "endereco_geocode": "Campinas, SP, Brasil", "lat": -22.9056391, "lng": -47.059564 }, "geometry": { "type": "Point", "coordinates": [ -47.059564, -22.9056391 ] } },
{ "type": "Feature", "properties": { "NR_ZONA": "380", "NR_SECAO": "212", "NR_LOCAL_VOTACAO": "1414", "NM_UE": "CAMPINAS", "endereco_geocode": "Campinas, SP, Brasil", "lat": -22.9056391, "lng": -47.059564 }, "geometry": { "type": "Point", "coordinates": [ -47.059564, -22.9056391 ] } },
{ "type": "Feature", "properties": { "NR_ZONA": "33", "NR_SECAO": "273", "NR_LOCAL_VOTACAO": "1040", "NM_UE": "CAMPINAS", "endereco_geocode": "Campinas, SP, Brasil", "lat": -22.9056391, "lng": -47.059564 }, "geometry": { "type": "Point", "coordinates": [ -47.059564, -22.9056391 ] } },
{ "type": "Feature", "properties": { "NR_ZONA": "380", "NR_SECAO": "77", "NR_LOCAL_VOTACAO": "1180", "NM_UE": "CAMPINAS", "endereco_geocode": "Campinas, SP, Brasil", "lat": -22.9056391, "lng": -47.059564 }, "geometry": { "type": "Point", "coordinates": [ -47.059564, -22.9056391 ] } },
{ "type": "Feature", "properties": { "NR_ZONA": "274", "NR_SECAO": "153", "NR_LOCAL_VOTACAO": "1198", "NM_UE": "CAMPINAS", "endereco_geocode": "Campinas, SP, Brasil", "lat": -22.9056391, "lng": -47.059564 }, "geometry": { "type": "Point", "coordinates": [ -47.059564, -22.9056391 ] } },
{ "type": "Feature", "properties": { "NR_ZONA": "274", "NR_SECAO": "754", "NR_LOCAL_VOTACAO": "2038", "NM_UE": "CAMPINAS", "endereco_geocode": "Campinas, SP, Brasil", "lat": -22.9056391, "lng": -47.059564 }, "geometry": { "type": "Point", "coordinates": [ -47.059564, -22.9056391 ] } },
{ "type": "Feature", "properties": { "NR_ZONA": "378", "NR_SECAO": "86", "NR_LOCAL_VOTACAO": "1066", "NM_UE": "CAMPINAS", "endereco_geocode": "Campinas, SP, Brasil", "lat": -22.9056391, "lng": -47.059564 }, "geometry": { "type": "Point", "coordinates": [ -47.059564, -22.9056391 ] } },
{ "type": "Feature", "properties": { "NR_ZONA": "380", "NR_SECAO": "206", "NR_LOCAL_VOTACAO": "1414", "NM_UE": "CAMPINAS", "endereco_geocode": "Campinas, SP, Brasil", "lat": -22.9056391, "lng": -47.059564 }, "geometry": { "type": "Point", "coordinates": [ -47.059564, -22.9056391 ] } },
{ "type": "Feature", "properties": { "NR_ZONA": "275", "NR_SECAO": "455", "NR_LOCAL_VOTACAO": "1554", "NM_UE": "CAMPINAS", "endereco_geocode": "Campinas, SP, Brasil", "lat": -22.9056391, "lng": -47.059564 }, "geometry": { "type": "Point", "coordinates": [ -47.059564, -22.9056391 ] } },
{ "type": "Feature", "properties": { "NR_ZONA": "274", "NR_SECAO": "668", "NR_LOCAL_VOTACAO": "1724", "NM_UE": "CAMPINAS", "endereco_geocode": "Campinas, SP, Brasil", "lat": -22.9056391, "lng": -47.059564 }, "geometry": { "type": "Point", "coordinates": [ -47.059564, -22.9056391 ] } },
{ "type": "Feature", "properties": { "NR_ZONA": "274", "NR_SECAO": "669", "NR_LOCAL_VOTACAO": "1929", "NM_UE": "CAMPINAS", "endereco_geocode": "Campinas, SP, Brasil", "lat": -22.9056391, "lng": -47.059564 }, "geometry": { "type": "Point", "coordinates": [ -47.059564, -22.9056391 ] } },
{ "type": "Feature", "properties": { "NR_ZONA": "275", "NR_SECAO": "600", "NR_LOCAL_VOTACAO": "1546", "NM_UE": "CAMPINAS", "endereco_geocode": "Campinas, SP, Brasil", "lat": -22.9056391, "lng": -47.059564 }, "geometry": { "type": "Point", "coordinates": [ -47.059564, -22.9056391 ] } },
{ "type": "Feature", "properties": { "NR_ZONA": "274", "NR_SECAO": "704", "NR_LOCAL_VOTACAO": "1970", "NM_UE": "CAMPINAS", "endereco_geocode": "Campinas, SP, Brasil", "lat": -22.9056391, "lng": -47.059564 }, "geometry": { "type": "Point", "coordinates": [ -47.059564, -22.9056391 ] } },
{ "type": "Feature", "properties": { "NR_ZONA": "380", "NR_SECAO": "310", "NR_LOCAL_VOTACAO": "1244", "NM_UE": "CAMPINAS", "endereco_geocode": "Campinas, SP, Brasil", "lat": -22.9056391, "lng": -47.059564 }, "geometry": { "type": "Point", "coordinates": [ -47.059564, -22.9056391 ] } },
{ "type": "Feature", "properties": { "NR_ZONA": "274", "NR_SECAO": "126", "NR_LOCAL_VOTACAO": "1155", "NM_UE": "CAMPINAS", "endereco_geocode": "Campinas, SP, Brasil", "lat": -22.9056391, "lng": -47.059564 }, "geometry": { "type": "Point", "coordinates": [ -47.059564, -22.9056391 ] } },
{ "type": "Feature", "properties": { "NR_ZONA": "379", "NR_SECAO": "285", "NR_LOCAL_VOTACAO": "1384", "NM_UE": "CAMPINAS", "endereco_geocode": "Campinas, SP, Brasil", "lat": -22.9056391, "lng": -47.059564 }, "geometry": { "type": "Point", "coordinates": [ -47.059564, -22.9056391 ] } },
{ "type": "Feature", "properties": { "NR_ZONA": "379", "NR_SECAO": "47", "NR_LOCAL_VOTACAO": "1058", "NM_UE": "CAMPINAS", "endereco_geocode": "Campinas, SP, Brasil", "lat": -22.9056391, "lng": -47.059564 }, "geometry": { "type": "Point", "coordinates": [ -47.059564, -22.9056391 ] } },
{ "type": "Feature", "properties": { "NR_ZONA": "33", "NR_SECAO": "495", "NR_LOCAL_VOTACAO": "2330", "NM_UE": "CAMPINAS", "endereco_geocode": "Campinas, SP, Brasil", "lat": -22.9056391, "lng": -47.059564 }, "geometry": { "type": "Point", "coordinates": [ -47.059564, -22.9056391 ] } },
{ "type": "Feature", "properties": { "NR_ZONA": "274", "NR_SECAO": "703", "NR_LOCAL_VOTACAO": "1970", "NM_UE": "CAMPINAS", "endereco_geocode": "Campinas, SP, Brasil", "lat": -22.9056391, "lng": -47.059564 }, "geometry": { "type": "Point", "coordinates": [ -47.059564, -22.9056391 ] } },
{ "type": "Feature", "properties": { "NR_ZONA": "378", "NR_SECAO": "107", "NR_LOCAL_VOTACAO": "1082", "NM_UE": "CAMPINAS", "endereco_geocode": "Campinas, SP, Brasil", "lat": -22.9056391, "lng": -47.059564 }, "geometry": { "type": "Point", "coordinates": [ -47.059564, -22.9056391 ] } },
{ "type": "Feature", "properties": { "NR_ZONA": "378", "NR_SECAO": "347", "NR_LOCAL_VOTACAO": "1430", "NM_UE": "CAMPINAS", "endereco_geocode": "Campinas, SP, Brasil", "lat": -22.9056391, "lng": -47.059564 }, "geometry": { "type": "Point", "coordinates": [ -47.059564, -22.9056391 ] } },
{ "type": "Feature", "properties": { "NR_ZONA": "274", "NR_SECAO": "640", "NR_LOCAL_VOTACAO": "1899", "NM_UE": "CAMPINAS", "endereco_geocode": "Campinas, SP, Brasil", "lat": -22.9056391, "lng": -47.059564 }, "geometry": { "type": "Point", "coordinates": [ -47.059564, -22.9056391 ] } },
{ "type": "Feature", "properties": { "NR_ZONA": "274", "NR_SECAO": "776", "NR_LOCAL_VOTACAO": "2062", "NM_UE": "CAMPINAS", "endereco_geocode": "Campinas, SP, Brasil", "lat": -22.9056391, "lng": -47.059564 }, "geometry": { "type": "Point", "coordinates": [ -47.059564, -22.9056391 ] } },
{ "type": "Feature", "properties": { "NR_ZONA": "33", "NR_SECAO": "116", "NR_LOCAL_VOTACAO": "1180", "NM_UE": "CAMPINAS", "endereco_geocode": "Campinas, SP, Brasil", "lat": -22.9056391, "lng": -47.059564 }, "geometry": { "type": "Point", "coordinates": [ -47.059564, -22.9056391 ] } },
{ "type": "Feature", "properties": { "NR_ZONA": "379", "NR_SECAO": "395", "NR_LOCAL_VOTACAO": "1503", "NM_UE": "CAMPINAS", "endereco_geocode": "Campinas, SP, Brasil", "lat": -22.9056391, "lng": -47.059564 }, "geometry": { "type": "Point", "coordinates": [ -47.059564, -22.9056391 ] } },
{ "type": "Feature", "properties": { "NR_ZONA": "379", "NR_SECAO": "392", "NR_LOCAL_VOTACAO": "1465", "NM_UE": "CAMPINAS", "endereco_geocode": "Campinas, SP, Brasil", "lat": -22.9056391, "lng": -47.059564 }, "geometry": { "type": "Point", "coordinates": [ -47.059564, -22.9056391 ] } },
{ "type": "Feature", "properties": { "NR_ZONA": "378", "NR_SECAO": "402", "NR_LOCAL_VOTACAO": "1376", "NM_UE": "CAMPINAS", "endereco_geocode": "Campinas, SP, Brasil", "lat": -22.9056391, "lng": -47.059564 }, "geometry": { "type": "Point", "coordinates": [ -47.059564, -22.9056391 ] } },
{ "type": "Feature", "properties": { "NR_ZONA": "378", "NR_SECAO": "206", "NR_LOCAL_VOTACAO": "1180", "NM_UE": "CAMPINAS", "endereco_geocode": "Campinas, SP, Brasil", "lat": -22.9056391, "lng": -47.059564 }, "geometry": { "type": "Point", "coordinates": [ -47.059564, -22.9056391 ] } },
{ "type": "Feature", "properties": { "NR_ZONA": "423", "NR_SECAO": "171", "NR_LOCAL_VOTACAO": "1180", "NM_UE": "CAMPINAS", "endereco_geocode": "Campinas, SP, Brasil", "lat": -22.9056391, "lng": -47.059564 }, "geometry": { "type": "Point", "coordinates": [ -47.059564, -22.9056391 ] } },
{ "type": "Feature", "properties": { "NR_ZONA": "378", "NR_SECAO": "169", "NR_LOCAL_VOTACAO": "1155", "NM_UE": "CAMPINAS", "endereco_geocode": "Campinas, SP, Brasil", "lat": -22.9056391, "lng": -47.059564 }, "geometry": { "type": "Point", "coordinates": [ -47.059564, -22.9056391 ] } },
{ "type": "Feature", "properties": { "NR_ZONA": "379", "NR_SECAO": "414", "NR_LOCAL_VOTACAO": "1473", "NM_UE": "CAMPINAS", "endereco_geocode": "Campinas, SP, Brasil", "lat": -22.9056391, "lng": -47.059564 }, "geometry": { "type": "Point", "coordinates": [ -47.059564, -22.9056391 ] } },
{ "type": "Feature", "properties": { "NR_ZONA": "379", "NR_SECAO": "483", "NR_LOCAL_VOTACAO": "1554", "NM_UE": "CAMPINAS", "endereco_geocode": "Campinas, SP, Brasil", "lat": -22.9056391, "lng": -47.059564 }, "geometry": { "type": "Point", "coordinates": [ -47.059564, -22.9056391 ] } },
{ "type": "Feature", "properties": { "NR_ZONA": "379", "NR_SECAO": "187", "NR_LOCAL_VOTACAO": "1309", "NM_UE": "CAMPINAS", "endereco_geocode": "Campinas, SP, Brasil", "lat": -22.9056391, "lng": -47.059564 }, "geometry": { "type": "Point", "coordinates": [ -47.059564, -22.9056391 ] } },
{ "type": "Feature", "properties": { "NR_ZONA": "378", "NR_SECAO": "122", "NR_LOCAL_VOTACAO": "1090", "NM_UE": "CAMPINAS", "endereco_geocode": "Campinas, SP, Brasil", "lat": -22.9056391, "lng": -47.059564 }, "geometry": { "type": "Point", "coordinates": [ -47.059564, -22.9056391 ] } },
{ "type": "Feature", "properties": { "NR_ZONA": "378", "NR_SECAO": "488", "NR_LOCAL_VOTACAO": "1422", "NM_UE": "CAMPINAS", "endereco_geocode": "Campinas, SP, Brasil", "lat": -22.9056391, "lng": -47.059564 }, "geometry": { "type": "Point", "coordinates": [ -47.059564, -22.9056391 ] } },
{ "type": "Feature", "properties": { "NR_ZONA": "423", "NR_SECAO": "198", "NR_LOCAL_VOTACAO": "1309", "NM_UE": "CAMPINAS", "endereco_geocode": "Campinas, SP, Brasil", "lat": -22.9056391, "lng": -47.059564 }, "geometry": { "type": "Point", "coordinates": [ -47.059564, -22.9056391 ] } },
{ "type": "Feature", "properties": { "NR_ZONA": "33", "NR_SECAO": "243", "NR_LOCAL_VOTACAO": "2151", "NM_UE": "CAMPINAS", "endereco_geocode": "Campinas, SP, Brasil", "lat": -22.9056391, "lng": -47.059564 }, "geometry": { "type": "Point", "coordinates": [ -47.059564, -22.9056391 ] } },
{ "type": "Feature", "properties": { "NR_ZONA": "379", "NR_SECAO": "494", "NR_LOCAL_VOTACAO": "1562", "NM_UE": "CAMPINAS", "endereco_geocode": "Campinas, SP, Brasil", "lat": -22.9056391, "lng": -47.059564 }, "geometry": { "type": "Point", "coordinates": [ -47.059564, -22.9056391 ] } },
{ "type": "Feature", "properties": { "NR_ZONA": "33", "NR_SECAO": "503", "NR_LOCAL_VOTACAO": "2330", "NM_UE": "CAMPINAS", "endereco_geocode": "Campinas, SP, Brasil", "lat": -22.9056391, "lng": -47.059564 }, "geometry": { "type": "Point", "coordinates": [ -47.059564, -22.9056391 ] } },
{ "type": "Feature", "properties": { "NR_ZONA": "379", "NR_SECAO": "236", "NR_LOCAL_VOTACAO": "1023", "NM_UE": "CAMPINAS", "endereco_geocode": "Campinas, SP, Brasil", "lat": -22.9056391, "lng": -47.059564 }, "geometry": { "type": "Point", "coordinates": [ -47.059564, -22.9056391 ] } },
{ "type": "Feature", "properties": { "NR_ZONA": "378", "NR_SECAO": "134", "NR_LOCAL_VOTACAO": "1104", "NM_UE": "CAMPINAS", "endereco_geocode": "Campinas, SP, Brasil", "lat": -22.9056391, "lng": -47.059564 }, "geometry": { "type": "Point", "coordinates": [ -47.059564, -22.9056391 ] } },
{ "type": "Feature", "properties": { "NR_ZONA": "423", "NR_SECAO": "103", "NR_LOCAL_VOTACAO": "1104", "NM_UE": "CAMPINAS", "endereco_geocode": "Campinas, SP, Brasil", "lat": -22.9056391, "lng": -47.059564 }, "geometry": { "type": "Point", "coordinates": [ -47.059564, -22.9056391 ] } },
{ "type": "Feature", "properties": { "NR_ZONA": "274", "NR_SECAO": "130", "NR_LOCAL_VOTACAO": "1155", "NM_UE": "CAMPINAS", "endereco_geocode": "Campinas, SP, Brasil", "lat": -22.9056391, "lng": -47.059564 }, "geometry": { "type": "Point", "coordinates": [ -47.059564, -22.9056391 ] } },
{ "type": "Feature", "properties": { "NR_ZONA": "274", "NR_SECAO": "369", "NR_LOCAL_VOTACAO": "1481", "NM_UE": "CAMPINAS", "endereco_geocode": "Campinas, SP, Brasil", "lat": -22.9056391, "lng": -47.059564 }, "geometry": { "type": "Point", "coordinates": [ -47.059564, -22.9056391 ] } },
{ "type": "Feature", "properties": { "NR_ZONA": "275", "NR_SECAO": "536", "NR_LOCAL_VOTACAO": "1554", "NM_UE": "CAMPINAS", "endereco_geocode": "Campinas, SP, Brasil", "lat": -22.9056391, "lng": -47.059564 }, "geometry": { "type": "Point", "coordinates": [ -47.059564, -22.9056391 ] } },
{ "type": "Feature", "properties": { "NR_ZONA": "423", "NR_SECAO": "25", "NR_LOCAL_VOTACAO": "1031", "NM_UE": "CAMPINAS", "endereco_geocode": "Campinas, SP, Brasil", "lat": -22.9056391, "lng": -47.059564 }, "geometry": { "type": "Point", "coordinates": [ -47.059564, -22.9056391 ] } },
{ "type": "Feature", "properties": { "NR_ZONA": "275", "NR_SECAO": "438", "NR_LOCAL_VOTACAO": "1465", "NM_UE": "CAMPINAS", "endereco_geocode": "Campinas, SP, Brasil", "lat": -22.9056391, "lng": -47.059564 }, "geometry": { "type": "Point", "coordinates": [ -47.059564, -22.9056391 ] } },
{ "type": "Feature", "properties": { "NR_ZONA": "274", "NR_SECAO": "742", "NR_LOCAL_VOTACAO": "2020", "NM_UE": "CAMPINAS", "endereco_geocode": "Campinas, SP, Brasil", "lat": -22.9056391, "lng": -47.059564 }, "geometry": { "type": "Point", "coordinates": [ -47.059564, -22.9056391 ] } },
{ "type": "Feature", "properties": { "NR_ZONA": "275", "NR_SECAO": "241", "NR_LOCAL_VOTACAO": "1350", "NM_UE": "CAMPINAS", "endereco_geocode": "Campinas, SP, Brasil", "lat": -22.9056391, "lng": -47.059564 }, "geometry": { "type": "Point", "coordinates": [ -47.059564, -22.9056391 ] } },
{ "type": "Feature", "properties": { "NR_ZONA": "275", "NR_SECAO": "308", "NR_LOCAL_VOTACAO": "1457", "NM_UE": "CAMPINAS", "endereco_geocode": "Campinas, SP, Brasil", "lat": -22.9056391, "lng": -47.059564 }, "geometry": { "type": "Point", "coordinates": [ -47.059564, -22.9056391 ] } },
{ "type": "Feature", "properties": { "NR_ZONA": "33", "NR_SECAO": "556", "NR_LOCAL_VOTACAO": "2372", "NM_UE": "CAMPINAS", "endereco_geocode": "Campinas, SP, Brasil", "lat": -22.9056391, "lng": -47.059564 }, "geometry": { "type": "Point", "coordinates": [ -47.059564, -22.9056391 ] } },
{ "type": "Feature", "properties": { "NR_ZONA": "379", "NR_SECAO": "204", "NR_LOCAL_VOTACAO": "1317", "NM_UE": "CAMPINAS", "endereco_geocode": "Campinas, SP, Brasil", "lat": -22.9056391, "lng": -47.059564 }, "geometry": { "type": "Point", "coordinates": [ -47.059564, -22.9056391 ] } },
{ "type": "Feature", "properties": { "NR_ZONA": "379", "NR_SECAO": "198", "NR_LOCAL_VOTACAO": "1317", "NM_UE": "CAMPINAS", "endereco_geocode": "Campinas, SP, Brasil", "lat": -22.9056391, "lng": -47.059564 }, "geometry": { "type": "Point", "coordinates": [ -47.059564, -22.9056391 ] } },
{ "type": "Feature", "properties": { "NR_ZONA": "379", "NR_SECAO": "190", "NR_LOCAL_VOTACAO": "1317", "NM_UE": "CAMPINAS", "endereco_geocode": "Campinas, SP, Brasil", "lat": -22.9056391, "lng": -47.059564 }, "geometry": { "type": "Point", "coordinates": [ -47.059564, -22.9056391 ] } },
{ "type": "Feature", "properties": { "NR_ZONA": "378", "NR_SECAO": "368", "NR_LOCAL_VOTACAO": "1198", "NM_UE": "CAMPINAS", "endereco_geocode": "Campinas, SP, Brasil", "lat": -22.9056391, "lng": -47.059564 }, "geometry": { "type": "Point", "coordinates": [ -47.059564, -22.9056391 ] } },
{ "type": "Feature", "properties": { "NR_ZONA": "274", "NR_SECAO": "667", "NR_LOCAL_VOTACAO": "1872", "NM_UE": "CAMPINAS", "endereco_geocode": "Campinas, SP, Brasil", "lat": -22.9056391, "lng": -47.059564 }, "geometry": { "type": "Point", "coordinates": [ -47.059564, -22.9056391 ] } },
{ "type": "Feature", "properties": { "NR_ZONA": "378", "NR_SECAO": "268", "NR_LOCAL_VOTACAO": "1252", "NM_UE": "CAMPINAS", "endereco_geocode": "Campinas, SP, Brasil", "lat": -22.9056391, "lng": -47.059564 }, "geometry": { "type": "Point", "coordinates": [ -47.059564, -22.9056391 ] } },
{ "type": "Feature", "properties": { "NR_ZONA": "423", "NR_SECAO": "56", "NR_LOCAL_VOTACAO": "1066", "NM_UE": "CAMPINAS", "endereco_geocode": "Campinas, SP, Brasil", "lat": -22.9056391, "lng": -47.059564 }, "geometry": { "type": "Point", "coordinates": [ -47.059564, -22.9056391 ] } },
{ "type": "Feature", "properties": { "NR_ZONA": "378", "NR_SECAO": "4", "NR_LOCAL_VOTACAO": "1015", "NM_UE": "CAMPINAS", "endereco_geocode": "Campinas, SP, Brasil", "lat": -22.9056391, "lng": -47.059564 }, "geometry": { "type": "Point", "coordinates": [ -47.059564, -22.9056391 ] } },
{ "type": "Feature", "properties": { "NR_ZONA": "275", "NR_SECAO": "339", "NR_LOCAL_VOTACAO": "1309", "NM_UE": "CAMPINAS", "endereco_geocode": "Campinas, SP, Brasil", "lat": -22.9056391, "lng": -47.059564 }, "geometry": { "type": "Point", "coordinates": [ -47.059564, -22.9056391 ] } },
{ "type": "Feature", "properties": { "NR_ZONA": "423", "NR_SECAO": "263", "NR_LOCAL_VOTACAO": "1333", "NM_UE": "CAMPINAS", "endereco_geocode": "Campinas, SP, Brasil", "lat": -22.9056391, "lng": -47.059564 }, "geometry": { "type": "Point", "coordinates": [ -47.059564, -22.9056391 ] } },
{ "type": "Feature", "properties": { "NR_ZONA": "378", "NR_SECAO": "483", "NR_LOCAL_VOTACAO": "1490", "NM_UE": "CAMPINAS", "endereco_geocode": "Campinas, SP, Brasil", "lat": -22.9056391, "lng": -47.059564 }, "geometry": { "type": "Point", "coordinates": [ -47.059564, -22.9056391 ] } },
{ "type": "Feature", "properties": { "NR_ZONA": "33", "NR_SECAO": "544", "NR_LOCAL_VOTACAO": "2364", "NM_UE": "CAMPINAS", "endereco_geocode": "Campinas, SP, Brasil", "lat": -22.9056391, "lng": -47.059564 }, "geometry": { "type": "Point", "coordinates": [ -47.059564, -22.9056391 ] } },
{ "type": "Feature", "properties": { "NR_ZONA": "378", "NR_SECAO": "10", "NR_LOCAL_VOTACAO": "1015", "NM_UE": "CAMPINAS", "endereco_geocode": "Campinas, SP, Brasil", "lat": -22.9056391, "lng": -47.059564 }, "geometry": { "type": "Point", "coordinates": [ -47.059564, -22.9056391 ] } },
{ "type": "Feature", "properties": { "NR_ZONA": "275", "NR_SECAO": "446", "NR_LOCAL_VOTACAO": "1724", "NM_UE": "CAMPINAS", "endereco_geocode": "Campinas, SP, Brasil", "lat": -22.9056391, "lng": -47.059564 }, "geometry": { "type": "Point", "coordinates": [ -47.059564, -22.9056391 ] } },
{ "type": "Feature", "properties": { "NR_ZONA": "423", "NR_SECAO": "320", "NR_LOCAL_VOTACAO": "1414", "NM_UE": "CAMPINAS", "endereco_geocode": "Campinas, SP, Brasil", "lat": -22.9056391, "lng": -47.059564 }, "geometry": { "type": "Point", "coordinates": [ -47.059564, -22.9056391 ] } },
{ "type": "Feature", "properties": { "NR_ZONA": "379", "NR_SECAO": "443", "NR_LOCAL_VOTACAO": "1368", "NM_UE": "CAMPINAS", "endereco_geocode": "Campinas, SP, Brasil", "lat": -22.9056391, "lng": -47.059564 }, "geometry": { "type": "Point", "coordinates": [ -47.059564, -22.9056391 ] } },
{ "type": "Feature", "properties": { "NR_ZONA": "423", "NR_SECAO": "201", "NR_LOCAL_VOTACAO": "1058", "NM_UE": "CAMPINAS", "endereco_geocode": "Campinas, SP, Brasil", "lat": -22.9056391, "lng": -47.059564 }, "geometry": { "type": "Point", "coordinates": [ -47.059564, -22.9056391 ] } },
{ "type": "Feature", "properties": { "NR_ZONA": "423", "NR_SECAO": "155", "NR_LOCAL_VOTACAO": "1155", "NM_UE": "CAMPINAS", "endereco_geocode": "Campinas, SP, Brasil", "lat": -22.9056391, "lng": -47.059564 }, "geometry": { "type": "Point", "coordinates": [ -47.059564, -22.9056391 ] } },
{ "type": "Feature", "properties": { "NR_ZONA": "274", "NR_SECAO": "600", "NR_LOCAL_VOTACAO": "1481", "NM_UE": "CAMPINAS", "endereco_geocode": "Campinas, SP, Brasil", "lat": -22.9056391, "lng": -47.059564 }, "geometry": { "type": "Point", "coordinates": [ -47.059564, -22.9056391 ] } },
{ "type": "Feature", "properties": { "NR_ZONA": "379", "NR_SECAO": "17", "NR_LOCAL_VOTACAO": "1023", "NM_UE": "CAMPINAS", "endereco_geocode": "Campinas, SP, Brasil", "lat": -22.9056391, "lng": -47.059564 }, "geometry": { "type": "Point", "coordinates": [ -47.059564, -22.9056391 ] } },
{ "type": "Feature", "properties": { "NR_ZONA": "423", "NR_SECAO": "4", "NR_LOCAL_VOTACAO": "1015", "NM_UE": "CAMPINAS", "endereco_geocode": "Campinas, SP, Brasil", "lat": -22.9056391, "lng": -47.059564 }, "geometry": { "type": "Point", "coordinates": [ -47.059564, -22.9056391 ] } },
{ "type": "Feature", "properties": { "NR_ZONA": "379", "NR_SECAO": "57", "NR_LOCAL_VOTACAO": "1066", "NM_UE": "CAMPINAS", "endereco_geocode": "Campinas, SP, Brasil", "lat": -22.9056391, "lng": -47.059564 }, "geometry": { "type": "Point", "coordinates": [ -47.059564, -22.9056391 ] } },
{ "type": "Feature", "properties": { "NR_ZONA": "379", "NR_SECAO": "55", "NR_LOCAL_VOTACAO": "1066", "NM_UE": "CAMPINAS", "endereco_geocode": "Campinas, SP, Brasil", "lat": -22.9056391, "lng": -47.059564 }, "geometry": { "type": "Point", "coordinates": [ -47.059564, -22.9056391 ] } },
{ "type": "Feature", "properties": { "NR_ZONA": "423", "NR_SECAO": "109", "NR_LOCAL_VOTACAO": "1104", "NM_UE": "CAMPINAS", "endereco_geocode": "Campinas, SP, Brasil", "lat": -22.9056391, "lng": -47.059564 }, "geometry": { "type": "Point", "coordinates": [ -47.059564, -22.9056391 ] } },
{ "type": "Feature", "properties": { "NR_ZONA": "274", "NR_SECAO": "152", "NR_LOCAL_VOTACAO": "1198", "NM_UE": "CAMPINAS", "endereco_geocode": "Campinas, SP, Brasil", "lat": -22.9056391, "lng": -47.059564 }, "geometry": { "type": "Point", "coordinates": [ -47.059564, -22.9056391 ] } },
{ "type": "Feature", "properties": { "NR_ZONA": "378", "NR_SECAO": "193", "NR_LOCAL_VOTACAO": "1260", "NM_UE": "CAMPINAS", "endereco_geocode": "Campinas, SP, Brasil", "lat": -22.9056391, "lng": -47.059564 }, "geometry": { "type": "Point", "coordinates": [ -47.059564, -22.9056391 ] } },
{ "type": "Feature", "properties": { "NR_ZONA": "380", "NR_SECAO": "99", "NR_LOCAL_VOTACAO": "1368", "NM_UE": "CAMPINAS", "endereco_geocode": "Campinas, SP, Brasil", "lat": -22.9056391, "lng": -47.059564 }, "geometry": { "type": "Point", "coordinates": [ -47.059564, -22.9056391 ] } },
{ "type": "Feature", "properties": { "NR_ZONA": "423", "NR_SECAO": "191", "NR_LOCAL_VOTACAO": "1155", "NM_UE": "CAMPINAS", "endereco_geocode": "Campinas, SP, Brasil", "lat": -22.9056391, "lng": -47.059564 }, "geometry": { "type": "Point", "coordinates": [ -47.059564, -22.9056391 ] } },
{ "type": "Feature", "properties": { "NR_ZONA": "423", "NR_SECAO": "113", "NR_LOCAL_VOTACAO": "1112", "NM_UE": "CAMPINAS", "endereco_geocode": "Campinas, SP, Brasil", "lat": -22.9056391, "lng": -47.059564 }, "geometry": { "type": "Point", "coordinates": [ -47.059564, -22.9056391 ] } },
{ "type": "Feature", "properties": { "NR_ZONA": "33", "NR_SECAO": "51", "NR_LOCAL_VOTACAO": "1082", "NM_UE": "CAMPINAS", "endereco_geocode": "Campinas, SP, Brasil", "lat": -22.9056391, "lng": -47.059564 }, "geometry": { "type": "Point", "coordinates": [ -47.059564, -22.9056391 ] } },
{ "type": "Feature", "properties": { "NR_ZONA": "33", "NR_SECAO": "560", "NR_LOCAL_VOTACAO": "2380", "NM_UE": "CAMPINAS", "endereco_geocode": "Campinas, SP, Brasil", "lat": -22.9056391, "lng": -47.059564 }, "geometry": { "type": "Point", "coordinates": [ -47.059564, -22.9056391 ] } },
{ "type": "Feature", "properties": { "NR_ZONA": "380", "NR_SECAO": "82", "NR_LOCAL_VOTACAO": "1198", "NM_UE": "CAMPINAS", "endereco_geocode": "Campinas, SP, Brasil", "lat": -22.9056391, "lng": -47.059564 }, "geometry": { "type": "Point", "coordinates": [ -47.059564, -22.9056391 ] } },
{ "type": "Feature", "properties": { "NR_ZONA": "33", "NR_SECAO": "548", "NR_LOCAL_VOTACAO": "2372", "NM_UE": "CAMPINAS", "endereco_geocode": "Campinas, SP, Brasil", "lat": -22.9056391, "lng": -47.059564 }, "geometry": { "type": "Point", "coordinates": [ -47.059564, -22.9056391 ] } },
{ "type": "Feature", "properties": { "NR_ZONA": "274", "NR_SECAO": "779", "NR_LOCAL_VOTACAO": "2062", "NM_UE": "CAMPINAS", "endereco_geocode": "Campinas, SP, Brasil", "lat": -22.9056391, "lng": -47.059564 }, "geometry": { "type": "Point", "coordinates": [ -47.059564, -22.9056391 ] } },
{ "type": "Feature", "properties": { "NR_ZONA": "379", "NR_SECAO": "337", "NR_LOCAL_VOTACAO": "1376", "NM_UE": "CAMPINAS", "endereco_geocode": "Campinas, SP, Brasil", "lat": -22.9056391, "lng": -47.059564 }, "geometry": { "type": "Point", "coordinates": [ -47.059564, -22.9056391 ] } },
{ "type": "Feature", "properties": { "NR_ZONA": "423", "NR_SECAO": "176", "NR_LOCAL_VOTACAO": "1198", "NM_UE": "CAMPINAS", "endereco_geocode": "Campinas, SP, Brasil", "lat": -22.9056391, "lng": -47.059564 }, "geometry": { "type": "Point", "coordinates": [ -47.059564, -22.9056391 ] } },
{ "type": "Feature", "properties": { "NR_ZONA": "378", "NR_SECAO": "128", "NR_LOCAL_VOTACAO": "1104", "NM_UE": "CAMPINAS", "endereco_geocode": "Campinas, SP, Brasil", "lat": -22.9056391, "lng": -47.059564 }, "geometry": { "type": "Point", "coordinates": [ -47.059564, -22.9056391 ] } },
{ "type": "Feature", "properties": { "NR_ZONA": "378", "NR_SECAO": "120", "NR_LOCAL_VOTACAO": "1090", "NM_UE": "CAMPINAS", "endereco_geocode": "Campinas, SP, Brasil", "lat": -22.9056391, "lng": -47.059564 }, "geometry": { "type": "Point", "coordinates": [ -47.059564, -22.9056391 ] } },
{ "type": "Feature", "properties": { "NR_ZONA": "379", "NR_SECAO": "273", "NR_LOCAL_VOTACAO": "1236", "NM_UE": "CAMPINAS", "endereco_geocode": "Campinas, SP, Brasil", "lat": -22.9056391, "lng": -47.059564 }, "geometry": { "type": "Point", "coordinates": [ -47.059564, -22.9056391 ] } },
{ "type": "Feature", "properties": { "NR_ZONA": "378", "NR_SECAO": "244", "NR_LOCAL_VOTACAO": "1155", "NM_UE": "CAMPINAS", "endereco_geocode": "Campinas, SP, Brasil", "lat": -22.9056391, "lng": -47.059564 }, "geometry": { "type": "Point", "coordinates": [ -47.059564, -22.9056391 ] } },
{ "type": "Feature", "properties": { "NR_ZONA": "378", "NR_SECAO": "310", "NR_LOCAL_VOTACAO": "1384", "NM_UE": "CAMPINAS", "endereco_geocode": "Campinas, SP, Brasil", "lat": -22.9056391, "lng": -47.059564 }, "geometry": { "type": "Point", "coordinates": [ -47.059564, -22.9056391 ] } },
{ "type": "Feature", "properties": { "NR_ZONA": "33", "NR_SECAO": "130", "NR_LOCAL_VOTACAO": "1201", "NM_UE": "CAMPINAS", "endereco_geocode": "Campinas, SP, Brasil", "lat": -22.9056391, "lng": -47.059564 }, "geometry": { "type": "Point", "coordinates": [ -47.059564, -22.9056391 ] } },
{ "type": "Feature", "properties": { "NR_ZONA": "379", "NR_SECAO": "351", "NR_LOCAL_VOTACAO": "1236", "NM_UE": "CAMPINAS", "endereco_geocode": "Campinas, SP, Brasil", "lat": -22.9056391, "lng": -47.059564 }, "geometry": { "type": "Point", "coordinates": [ -47.059564, -22.9056391 ] } },
{ "type": "Feature", "properties": { "NR_ZONA": "274", "NR_SECAO": "610", "NR_LOCAL_VOTACAO": "1856", "NM_UE": "CAMPINAS", "endereco_geocode": "Campinas, SP, Brasil", "lat": -22.9056391, "lng": -47.059564 }, "geometry": { "type": "Point", "coordinates": [ -47.059564, -22.9056391 ] } },
{ "type": "Feature", "properties": { "NR_ZONA": "33", "NR_SECAO": "14", "NR_LOCAL_VOTACAO": "1040", "NM_UE": "CAMPINAS", "endereco_geocode": "Campinas, SP, Brasil", "lat": -22.9056391, "lng": -47.059564 }, "geometry": { "type": "Point", "coordinates": [ -47.059564, -22.9056391 ] } },
{ "type": "Feature", "properties": { "NR_ZONA": "33", "NR_SECAO": "562", "NR_LOCAL_VOTACAO": "2380", "NM_UE": "CAMPINAS", "endereco_geocode": "Campinas, SP, Brasil", "lat": -22.9056391, "lng": -47.059564 }, "geometry": { "type": "Point", "coordinates": [ -47.059564, -22.9056391 ] } },
{ "type": "Feature", "properties": { "NR_ZONA": "275", "NR_SECAO": "421", "NR_LOCAL_VOTACAO": "1180", "NM_UE": "CAMPINAS", "endereco_geocode": "Campinas, SP, Brasil", "lat": -22.9056391, "lng": -47.059564 }, "geometry": { "type": "Point", "coordinates": [ -47.059564, -22.9056391 ] } },
{ "type": "Feature", "properties": { "NR_ZONA": "275", "NR_SECAO": "625", "NR_LOCAL_VOTACAO": "1929", "NM_UE": "CAMPINAS", "endereco_geocode": "Campinas, SP, Brasil", "lat": -22.9056391, "lng": -47.059564 }, "geometry": { "type": "Point", "coordinates": [ -47.059564, -22.9056391 ] } },
{ "type": "Feature", "properties": { "NR_ZONA": "380", "NR_SECAO": "1", "NR_LOCAL_VOTACAO": "1333", "NM_UE": "CAMPINAS", "endereco_geocode": "Campinas, SP, Brasil", "lat": -22.9056391, "lng": -47.059564 }, "geometry": { "type": "Point", "coordinates": [ -47.059564, -22.9056391 ] } },
{ "type": "Feature", "properties": { "NR_ZONA": "33", "NR_SECAO": "401", "NR_LOCAL_VOTACAO": "1023", "NM_UE": "CAMPINAS", "endereco_geocode": "Campinas, SP, Brasil", "lat": -22.9056391, "lng": -47.059564 }, "geometry": { "type": "Point", "coordinates": [ -47.059564, -22.9056391 ] } },
{ "type": "Feature", "properties": { "NR_ZONA": "378", "NR_SECAO": "455", "NR_LOCAL_VOTACAO": "1171", "NM_UE": "CAMPINAS", "endereco_geocode": "Campinas, SP, Brasil", "lat": -22.9056391, "lng": -47.059564 }, "geometry": { "type": "Point", "coordinates": [ -47.059564, -22.9056391 ] } },
{ "type": "Feature", "properties": { "NR_ZONA": "33", "NR_SECAO": "75", "NR_LOCAL_VOTACAO": "1120", "NM_UE": "CAMPINAS", "endereco_geocode": "Campinas, SP, Brasil", "lat": -22.9056391, "lng": -47.059564 }, "geometry": { "type": "Point", "coordinates": [ -47.059564, -22.9056391 ] } },
{ "type": "Feature", "properties": { "NR_ZONA": "33", "NR_SECAO": "492", "NR_LOCAL_VOTACAO": "2321", "NM_UE": "CAMPINAS", "endereco_geocode": "Campinas, SP, Brasil", "lat": -22.9056391, "lng": -47.059564 }, "geometry": { "type": "Point", "coordinates": [ -47.059564, -22.9056391 ] } },
{ "type": "Feature", "properties": { "NR_ZONA": "275", "NR_SECAO": "42", "NR_LOCAL_VOTACAO": "1074", "NM_UE": "CAMPINAS", "endereco_geocode": "Campinas, SP, Brasil", "lat": -22.9056391, "lng": -47.059564 }, "geometry": { "type": "Point", "coordinates": [ -47.059564, -22.9056391 ] } },
{ "type": "Feature", "properties": { "NR_ZONA": "380", "NR_SECAO": "121", "NR_LOCAL_VOTACAO": "1317", "NM_UE": "CAMPINAS", "endereco_geocode": "Campinas, SP, Brasil", "lat": -22.9056391, "lng": -47.059564 }, "geometry": { "type": "Point", "coordinates": [ -47.059564, -22.9056391 ] } },
{ "type": "Feature", "properties": { "NR_ZONA": "275", "NR_SECAO": "396", "NR_LOCAL_VOTACAO": "1074", "NM_UE": "CAMPINAS", "endereco_geocode": "Campinas, SP, Brasil", "lat": -22.9056391, "lng": -47.059564 }, "geometry": { "type": "Point", "coordinates": [ -47.059564, -22.9056391 ] } },
{ "type": "Feature", "properties": { "NR_ZONA": "275", "NR_SECAO": "31", "NR_LOCAL_VOTACAO": "1058", "NM_UE": "CAMPINAS", "endereco_geocode": "Campinas, SP, Brasil", "lat": -22.9056391, "lng": -47.059564 }, "geometry": { "type": "Point", "coordinates": [ -47.059564, -22.9056391 ] } },
{ "type": "Feature", "properties": { "NR_ZONA": "274", "NR_SECAO": "698", "NR_LOCAL_VOTACAO": "1961", "NM_UE": "CAMPINAS", "endereco_geocode": "Campinas, SP, Brasil", "lat": -22.9056391, "lng": -47.059564 }, "geometry": { "type": "Point", "coordinates": [ -47.059564, -22.9056391 ] } },
{ "type": "Feature", "properties": { "NR_ZONA": "423", "NR_SECAO": "283", "NR_LOCAL_VOTACAO": "1368", "NM_UE": "CAMPINAS", "endereco_geocode": "Campinas, SP, Brasil", "lat": -22.9056391, "lng": -47.059564 }, "geometry": { "type": "Point", "coordinates": [ -47.059564, -22.9056391 ] } },
{ "type": "Feature", "properties": { "NR_ZONA": "275", "NR_SECAO": "626", "NR_LOCAL_VOTACAO": "1988", "NM_UE": "CAMPINAS", "endereco_geocode": "Campinas, SP, Brasil", "lat": -22.9056391, "lng": -47.059564 }, "geometry": { "type": "Point", "coordinates": [ -47.059564, -22.9056391 ] } },
{ "type": "Feature", "properties": { "NR_ZONA": "274", "NR_SECAO": "165", "NR_LOCAL_VOTACAO": "1201", "NM_UE": "CAMPINAS", "endereco_geocode": "Campinas, SP, Brasil", "lat": -22.9056391, "lng": -47.059564 }, "geometry": { "type": "Point", "coordinates": [ -47.059564, -22.9056391 ] } },
{ "type": "Feature", "properties": { "NR_ZONA": "275", "NR_SECAO": "355", "NR_LOCAL_VOTACAO": "1295", "NM_UE": "CAMPINAS", "endereco_geocode": "Campinas, SP, Brasil", "lat": -22.9056391, "lng": -47.059564 }, "geometry": { "type": "Point", "coordinates": [ -47.059564, -22.9056391 ] } },
{ "type": "Feature", "properties": { "NR_ZONA": "275", "NR_SECAO": "549", "NR_LOCAL_VOTACAO": "1929", "NM_UE": "CAMPINAS", "endereco_geocode": "Campinas, SP, Brasil", "lat": -22.9056391, "lng": -47.059564 }, "geometry": { "type": "Point", "coordinates": [ -47.059564, -22.9056391 ] } },
{ "type": "Feature", "properties": { "NR_ZONA": "33", "NR_SECAO": "19", "NR_LOCAL_VOTACAO": "1058", "NM_UE": "CAMPINAS", "endereco_geocode": "Campinas, SP, Brasil", "lat": -22.9056391, "lng": -47.059564 }, "geometry": { "type": "Point", "coordinates": [ -47.059564, -22.9056391 ] } },
{ "type": "Feature", "properties": { "NR_ZONA": "379", "NR_SECAO": "510", "NR_LOCAL_VOTACAO": "1570", "NM_UE": "CAMPINAS", "endereco_geocode": "Campinas, SP, Brasil", "lat": -22.9056391, "lng": -47.059564 }, "geometry": { "type": "Point", "coordinates": [ -47.059564, -22.9056391 ] } },
{ "type": "Feature", "properties": { "NR_ZONA": "379", "NR_SECAO": "313", "NR_LOCAL_VOTACAO": "1376", "NM_UE": "CAMPINAS", "endereco_geocode": "Campinas, SP, Brasil", "lat": -22.9056391, "lng": -47.059564 }, "geometry": { "type": "Point", "coordinates": [ -47.059564, -22.9056391 ] } },
{ "type": "Feature", "properties": { "NR_ZONA": "378", "NR_SECAO": "257", "NR_LOCAL_VOTACAO": "1309", "NM_UE": "CAMPINAS", "endereco_geocode": "Campinas, SP, Brasil", "lat": -22.9056391, "lng": -47.059564 }, "geometry": { "type": "Point", "coordinates": [ -47.059564, -22.9056391 ] } },
{ "type": "Feature", "properties": { "NR_ZONA": "378", "NR_SECAO": "35", "NR_LOCAL_VOTACAO": "1031", "NM_UE": "CAMPINAS", "endereco_geocode": "Campinas, SP, Brasil", "lat": -22.9056391, "lng": -47.059564 }, "geometry": { "type": "Point", "coordinates": [ -47.059564, -22.9056391 ] } },
{ "type": "Feature", "properties": { "NR_ZONA": "275", "NR_SECAO": "497", "NR_LOCAL_VOTACAO": "1198", "NM_UE": "CAMPINAS", "endereco_geocode": "Campinas, SP, Brasil", "lat": -22.9056391, "lng": -47.059564 }, "geometry": { "type": "Point", "coordinates": [ -47.059564, -22.9056391 ] } },
{ "type": "Feature", "properties": { "NR_ZONA": "33", "NR_SECAO": "289", "NR_LOCAL_VOTACAO": "1066", "NM_UE": "CAMPINAS", "endereco_geocode": "Campinas, SP, Brasil", "lat": -22.9056391, "lng": -47.059564 }, "geometry": { "type": "Point", "coordinates": [ -47.059564, -22.9056391 ] } },
{ "type": "Feature", "properties": { "NR_ZONA": "275", "NR_SECAO": "45", "NR_LOCAL_VOTACAO": "1074", "NM_UE": "CAMPINAS", "endereco_geocode": "Campinas, SP, Brasil", "lat": -22.9056391, "lng": -47.059564 }, "geometry": { "type": "Point", "coordinates": [ -47.059564, -22.9056391 ] } },
{ "type": "Feature", "properties": { "NR_ZONA": "379", "NR_SECAO": "353", "NR_LOCAL_VOTACAO": "1422", "NM_UE": "CAMPINAS", "endereco_geocode": "Campinas, SP, Brasil", "lat": -22.9056391, "lng": -47.059564 }, "geometry": { "type": "Point", "coordinates": [ -47.059564, -22.9056391 ] } },
{ "type": "Feature", "properties": { "NR_ZONA": "379", "NR_SECAO": "363", "NR_LOCAL_VOTACAO": "1422", "NM_UE": "CAMPINAS", "endereco_geocode": "Campinas, SP, Brasil", "lat": -22.9056391, "lng": -47.059564 }, "geometry": { "type": "Point", "coordinates": [ -47.059564, -22.9056391 ] } },
{ "type": "Feature", "properties": { "NR_ZONA": "379", "NR_SECAO": "344", "NR_LOCAL_VOTACAO": "1422", "NM_UE": "CAMPINAS", "endereco_geocode": "Campinas, SP, Brasil", "lat": -22.9056391, "lng": -47.059564 }, "geometry": { "type": "Point", "coordinates": [ -47.059564, -22.9056391 ] } },
{ "type": "Feature", "properties": { "NR_ZONA": "378", "NR_SECAO": "121", "NR_LOCAL_VOTACAO": "1090", "NM_UE": "CAMPINAS", "endereco_geocode": "Campinas, SP, Brasil", "lat": -22.9056391, "lng": -47.059564 }, "geometry": { "type": "Point", "coordinates": [ -47.059564, -22.9056391 ] } },
{ "type": "Feature", "properties": { "NR_ZONA": "33", "NR_SECAO": "131", "NR_LOCAL_VOTACAO": "1201", "NM_UE": "CAMPINAS", "endereco_geocode": "Campinas, SP, Brasil", "lat": -22.9056391, "lng": -47.059564 }, "geometry": { "type": "Point", "coordinates": [ -47.059564, -22.9056391 ] } },
{ "type": "Feature", "properties": { "NR_ZONA": "33", "NR_SECAO": "577", "NR_LOCAL_VOTACAO": "2410", "NM_UE": "CAMPINAS", "endereco_geocode": "Campinas, SP, Brasil", "lat": -22.9056391, "lng": -47.059564 }, "geometry": { "type": "Point", "coordinates": [ -47.059564, -22.9056391 ] } },
{ "type": "Feature", "properties": { "NR_ZONA": "275", "NR_SECAO": "565", "NR_LOCAL_VOTACAO": "1554", "NM_UE": "CAMPINAS", "endereco_geocode": "Campinas, SP, Brasil", "lat": -22.9056391, "lng": -47.059564 }, "geometry": { "type": "Point", "coordinates": [ -47.059564, -22.9056391 ] } },
{ "type": "Feature", "properties": { "NR_ZONA": "33", "NR_SECAO": "233", "NR_LOCAL_VOTACAO": "1147", "NM_UE": "CAMPINAS", "endereco_geocode": "Campinas, SP, Brasil", "lat": -22.9056391, "lng": -47.059564 }, "geometry": { "type": "Point", "coordinates": [ -47.059564, -22.9056391 ] } },
{ "type": "Feature", "properties": { "NR_ZONA": "33", "NR_SECAO": "541", "NR_LOCAL_VOTACAO": "2364", "NM_UE": "CAMPINAS", "endereco_geocode": "Campinas, SP, Brasil", "lat": -22.9056391, "lng": -47.059564 }, "geometry": { "type": "Point", "coordinates": [ -47.059564, -22.9056391 ] } },
{ "type": "Feature", "properties": { "NR_ZONA": "423", "NR_SECAO": "164", "NR_LOCAL_VOTACAO": "1171", "NM_UE": "CAMPINAS", "endereco_geocode": "Campinas, SP, Brasil", "lat": -22.9056391, "lng": -47.059564 }, "geometry": { "type": "Point", "coordinates": [ -47.059564, -22.9056391 ] } },
{ "type": "Feature", "properties": { "NR_ZONA": "275", "NR_SECAO": "533", "NR_LOCAL_VOTACAO": "1880", "NM_UE": "CAMPINAS", "endereco_geocode": "Campinas, SP, Brasil", "lat": -22.9056391, "lng": -47.059564 }, "geometry": { "type": "Point", "coordinates": [ -47.059564, -22.9056391 ] } },
{ "type": "Feature", "properties": { "NR_ZONA": "275", "NR_SECAO": "502", "NR_LOCAL_VOTACAO": "1872", "NM_UE": "CAMPINAS", "endereco_geocode": "Campinas, SP, Brasil", "lat": -22.9056391, "lng": -47.059564 }, "geometry": { "type": "Point", "coordinates": [ -47.059564, -22.9056391 ] } },
{ "type": "Feature", "properties": { "NR_ZONA": "380", "NR_SECAO": "25", "NR_LOCAL_VOTACAO": "1120", "NM_UE": "CAMPINAS", "endereco_geocode": "Campinas, SP, Brasil", "lat": -22.9056391, "lng": -47.059564 }, "geometry": { "type": "Point", "coordinates": [ -47.059564, -22.9056391 ] } },
{ "type": "Feature", "properties": { "NR_ZONA": "380", "NR_SECAO": "199", "NR_LOCAL_VOTACAO": "1406", "NM_UE": "CAMPINAS", "endereco_geocode": "Campinas, SP, Brasil", "lat": -22.9056391, "lng": -47.059564 }, "geometry": { "type": "Point", "coordinates": [ -47.059564, -22.9056391 ] } },
{ "type": "Feature", "properties": { "NR_ZONA": "379", "NR_SECAO": "192", "NR_LOCAL_VOTACAO": "1317", "NM_UE": "CAMPINAS", "endereco_geocode": "Campinas, SP, Brasil", "lat": -22.9056391, "lng": -47.059564 }, "geometry": { "type": "Point", "coordinates": [ -47.059564, -22.9056391 ] } },
{ "type": "Feature", "properties": { "NR_ZONA": "378", "NR_SECAO": "304", "NR_LOCAL_VOTACAO": "1163", "NM_UE": "CAMPINAS", "endereco_geocode": "Campinas, SP, Brasil", "lat": -22.9056391, "lng": -47.059564 }, "geometry": { "type": "Point", "coordinates": [ -47.059564, -22.9056391 ] } },
{ "type": "Feature", "properties": { "NR_ZONA": "33", "NR_SECAO": "85", "NR_LOCAL_VOTACAO": "1147", "NM_UE": "CAMPINAS", "endereco_geocode": "Campinas, SP, Brasil", "lat": -22.9056391, "lng": -47.059564 }, "geometry": { "type": "Point", "coordinates": [ -47.059564, -22.9056391 ] } },
{ "type": "Feature", "properties": { "NR_ZONA": "378", "NR_SECAO": "38", "NR_LOCAL_VOTACAO": "1031", "NM_UE": "CAMPINAS", "endereco_geocode": "Campinas, SP, Brasil", "lat": -22.9056391, "lng": -47.059564 }, "geometry": { "type": "Point", "coordinates": [ -47.059564, -22.9056391 ] } },
{ "type": "Feature", "properties": { "NR_ZONA": "378", "NR_SECAO": "554", "NR_LOCAL_VOTACAO": "1287", "NM_UE": "CAMPINAS", "endereco_geocode": "Campinas, SP, Brasil", "lat": -22.9056391, "lng": -47.059564 }, "geometry": { "type": "Point", "coordinates": [ -47.059564, -22.9056391 ] } },
{ "type": "Feature", "properties": { "NR_ZONA": "378", "NR_SECAO": "184", "NR_LOCAL_VOTACAO": "1201", "NM_UE": "CAMPINAS", "endereco_geocode": "Campinas, SP, Brasil", "lat": -22.9056391, "lng": -47.059564 }, "geometry": { "type": "Point", "coordinates": [ -47.059564, -22.9056391 ] } },
{ "type": "Feature", "properties": { "NR_ZONA": "378", "NR_SECAO": "173", "NR_LOCAL_VOTACAO": "1171", "NM_UE": "CAMPINAS", "endereco_geocode": "Campinas, SP, Brasil", "lat": -22.9056391, "lng": -47.059564 }, "geometry": { "type": "Point", "coordinates": [ -47.059564, -22.9056391 ] } },
{ "type": "Feature", "properties": { "NR_ZONA": "379", "NR_SECAO": "248", "NR_LOCAL_VOTACAO": "1155", "NM_UE": "CAMPINAS", "endereco_geocode": "Campinas, SP, Brasil", "lat": -22.9056391, "lng": -47.059564 }, "geometry": { "type": "Point", "coordinates": [ -47.059564, -22.9056391 ] } },
{ "type": "Feature", "properties": { "NR_ZONA": "378", "NR_SECAO": "245", "NR_LOCAL_VOTACAO": "1252", "NM_UE": "CAMPINAS", "endereco_geocode": "Campinas, SP, Brasil", "lat": -22.9056391, "lng": -47.059564 }, "geometry": { "type": "Point", "coordinates": [ -47.059564, -22.9056391 ] } },
{ "type": "Feature", "properties": { "NR_ZONA": "378", "NR_SECAO": "267", "NR_LOCAL_VOTACAO": "1180", "NM_UE": "CAMPINAS", "endereco_geocode": "Campinas, SP, Brasil", "lat": -22.9056391, "lng": -47.059564 }, "geometry": { "type": "Point", "coordinates": [ -47.059564, -22.9056391 ] } },
{ "type": "Feature", "properties": { "NR_ZONA": "275", "NR_SECAO": "621", "NR_LOCAL_VOTACAO": "1198", "NM_UE": "CAMPINAS", "endereco_geocode": "Campinas, SP, Brasil", "lat": -22.9056391, "lng": -47.059564 }, "geometry": { "type": "Point", "coordinates": [ -47.059564, -22.9056391 ] } },
{ "type": "Feature", "properties": { "NR_ZONA": "274", "NR_SECAO": "258", "NR_LOCAL_VOTACAO": "1309", "NM_UE": "CAMPINAS", "endereco_geocode": "Campinas, SP, Brasil", "lat": -22.9056391, "lng": -47.059564 }, "geometry": { "type": "Point", "coordinates": [ -47.059564, -22.9056391 ] } },
{ "type": "Feature", "properties": { "NR_ZONA": "423", "NR_SECAO": "202", "NR_LOCAL_VOTACAO": "1104", "NM_UE": "CAMPINAS", "endereco_geocode": "Campinas, SP, Brasil", "lat": -22.9056391, "lng": -47.059564 }, "geometry": { "type": "Point", "coordinates": [ -47.059564, -22.9056391 ] } },
{ "type": "Feature", "properties": { "NR_ZONA": "423", "NR_SECAO": "239", "NR_LOCAL_VOTACAO": "1244", "NM_UE": "CAMPINAS", "endereco_geocode": "Campinas, SP, Brasil", "lat": -22.9056391, "lng": -47.059564 }, "geometry": { "type": "Point", "coordinates": [ -47.059564, -22.9056391 ] } },
{ "type": "Feature", "properties": { "NR_ZONA": "274", "NR_SECAO": "635", "NR_LOCAL_VOTACAO": "1856", "NM_UE": "CAMPINAS", "endereco_geocode": "Campinas, SP, Brasil", "lat": -22.9056391, "lng": -47.059564 }, "geometry": { "type": "Point", "coordinates": [ -47.059564, -22.9056391 ] } },
{ "type": "Feature", "properties": { "NR_ZONA": "423", "NR_SECAO": "190", "NR_LOCAL_VOTACAO": "1236", "NM_UE": "CAMPINAS", "endereco_geocode": "Campinas, SP, Brasil", "lat": -22.9056391, "lng": -47.059564 }, "geometry": { "type": "Point", "coordinates": [ -47.059564, -22.9056391 ] } },
{ "type": "Feature", "properties": { "NR_ZONA": "274", "NR_SECAO": "97", "NR_LOCAL_VOTACAO": "1112", "NM_UE": "CAMPINAS", "endereco_geocode": "Campinas, SP, Brasil", "lat": -22.9056391, "lng": -47.059564 }, "geometry": { "type": "Point", "coordinates": [ -47.059564, -22.9056391 ] } },
{ "type": "Feature", "properties": { "NR_ZONA": "380", "NR_SECAO": "236", "NR_LOCAL_VOTACAO": "1465", "NM_UE": "CAMPINAS", "endereco_geocode": "Campinas, SP, Brasil", "lat": -22.9056391, "lng": -47.059564 }, "geometry": { "type": "Point", "coordinates": [ -47.059564, -22.9056391 ] } },
{ "type": "Feature", "properties": { "NR_ZONA": "380", "NR_SECAO": "84", "NR_LOCAL_VOTACAO": "1198", "NM_UE": "CAMPINAS", "endereco_geocode": "Campinas, SP, Brasil", "lat": -22.9056391, "lng": -47.059564 }, "geometry": { "type": "Point", "coordinates": [ -47.059564, -22.9056391 ] } },
{ "type": "Feature", "properties": { "NR_ZONA": "380", "NR_SECAO": "273", "NR_LOCAL_VOTACAO": "1465", "NM_UE": "CAMPINAS", "endereco_geocode": "Campinas, SP, Brasil", "lat": -22.9056391, "lng": -47.059564 }, "geometry": { "type": "Point", "coordinates": [ -47.059564, -22.9056391 ] } },
{ "type": "Feature", "properties": { "NR_ZONA": "275", "NR_SECAO": "473", "NR_LOCAL_VOTACAO": "1538", "NM_UE": "CAMPINAS", "endereco_geocode": "Campinas, SP, Brasil", "lat": -22.9056391, "lng": -47.059564 }, "geometry": { "type": "Point", "coordinates": [ -47.059564, -22.9056391 ] } },
{ "type": "Feature", "properties": { "NR_ZONA": "380", "NR_SECAO": "245", "NR_LOCAL_VOTACAO": "1317", "NM_UE": "CAMPINAS", "endereco_geocode": "Campinas, SP, Brasil", "lat": -22.9056391, "lng": -47.059564 }, "geometry": { "type": "Point", "coordinates": [ -47.059564, -22.9056391 ] } },
{ "type": "Feature", "properties": { "NR_ZONA": "275", "NR_SECAO": "109", "NR_LOCAL_VOTACAO": "1180", "NM_UE": "CAMPINAS", "endereco_geocode": "Campinas, SP, Brasil", "lat": -22.9056391, "lng": -47.059564 }, "geometry": { "type": "Point", "coordinates": [ -47.059564, -22.9056391 ] } },
{ "type": "Feature", "properties": { "NR_ZONA": "275", "NR_SECAO": "628", "NR_LOCAL_VOTACAO": "2003", "NM_UE": "CAMPINAS", "endereco_geocode": "Campinas, SP, Brasil", "lat": -22.9056391, "lng": -47.059564 }, "geometry": { "type": "Point", "coordinates": [ -47.059564, -22.9056391 ] } },
{ "type": "Feature", "properties": { "NR_ZONA": "275", "NR_SECAO": "306", "NR_LOCAL_VOTACAO": "1457", "NM_UE": "CAMPINAS", "endereco_geocode": "Campinas, SP, Brasil", "lat": -22.9056391, "lng": -47.059564 }, "geometry": { "type": "Point", "coordinates": [ -47.059564, -22.9056391 ] } },
{ "type": "Feature", "properties": { "NR_ZONA": "33", "NR_SECAO": "27", "NR_LOCAL_VOTACAO": "1058", "NM_UE": "CAMPINAS", "endereco_geocode": "Campinas, SP, Brasil", "lat": -22.9056391, "lng": -47.059564 }, "geometry": { "type": "Point", "coordinates": [ -47.059564, -22.9056391 ] } },
{ "type": "Feature", "properties": { "NR_ZONA": "33", "NR_SECAO": "456", "NR_LOCAL_VOTACAO": "2291", "NM_UE": "CAMPINAS", "endereco_geocode": "Campinas, SP, Brasil", "lat": -22.9056391, "lng": -47.059564 }, "geometry": { "type": "Point", "coordinates": [ -47.059564, -22.9056391 ] } },
{ "type": "Feature", "properties": { "NR_ZONA": "33", "NR_SECAO": "361", "NR_LOCAL_VOTACAO": "1015", "NM_UE": "CAMPINAS", "endereco_geocode": "Campinas, SP, Brasil", "lat": -22.9056391, "lng": -47.059564 }, "geometry": { "type": "Point", "coordinates": [ -47.059564, -22.9056391 ] } },
{ "type": "Feature", "properties": { "NR_ZONA": "33", "NR_SECAO": "394", "NR_LOCAL_VOTACAO": "1015", "NM_UE": "CAMPINAS", "endereco_geocode": "Campinas, SP, Brasil", "lat": -22.9056391, "lng": -47.059564 }, "geometry": { "type": "Point", "coordinates": [ -47.059564, -22.9056391 ] } },
{ "type": "Feature", "properties": { "NR_ZONA": "33", "NR_SECAO": "77", "NR_LOCAL_VOTACAO": "1120", "NM_UE": "CAMPINAS", "endereco_geocode": "Campinas, SP, Brasil", "lat": -22.9056391, "lng": -47.059564 }, "geometry": { "type": "Point", "coordinates": [ -47.059564, -22.9056391 ] } },
{ "type": "Feature", "properties": { "NR_ZONA": "380", "NR_SECAO": "125", "NR_LOCAL_VOTACAO": "1325", "NM_UE": "CAMPINAS", "endereco_geocode": "Campinas, SP, Brasil", "lat": -22.9056391, "lng": -47.059564 }, "geometry": { "type": "Point", "coordinates": [ -47.059564, -22.9056391 ] } },
{ "type": "Feature", "properties": { "NR_ZONA": "380", "NR_SECAO": "305", "NR_LOCAL_VOTACAO": "1414", "NM_UE": "CAMPINAS", "endereco_geocode": "Campinas, SP, Brasil", "lat": -22.9056391, "lng": -47.059564 }, "geometry": { "type": "Point", "coordinates": [ -47.059564, -22.9056391 ] } },
{ "type": "Feature", "properties": { "NR_ZONA": "380", "NR_SECAO": "237", "NR_LOCAL_VOTACAO": "1430", "NM_UE": "CAMPINAS", "endereco_geocode": "Campinas, SP, Brasil", "lat": -22.9056391, "lng": -47.059564 }, "geometry": { "type": "Point", "coordinates": [ -47.059564, -22.9056391 ] } },
{ "type": "Feature", "properties": { "NR_ZONA": "380", "NR_SECAO": "157", "NR_LOCAL_VOTACAO": "1350", "NM_UE": "CAMPINAS", "endereco_geocode": "Campinas, SP, Brasil", "lat": -22.9056391, "lng": -47.059564 }, "geometry": { "type": "Point", "coordinates": [ -47.059564, -22.9056391 ] } },
{ "type": "Feature", "properties": { "NR_ZONA": "380", "NR_SECAO": "31", "NR_LOCAL_VOTACAO": "1120", "NM_UE": "CAMPINAS", "endereco_geocode": "Campinas, SP, Brasil", "lat": -22.9056391, "lng": -47.059564 }, "geometry": { "type": "Point", "coordinates": [ -47.059564, -22.9056391 ] } },
{ "type": "Feature", "properties": { "NR_ZONA": "380", "NR_SECAO": "248", "NR_LOCAL_VOTACAO": "1260", "NM_UE": "CAMPINAS", "endereco_geocode": "Campinas, SP, Brasil", "lat": -22.9056391, "lng": -47.059564 }, "geometry": { "type": "Point", "coordinates": [ -47.059564, -22.9056391 ] } },
{ "type": "Feature", "properties": { "NR_ZONA": "274", "NR_SECAO": "618", "NR_LOCAL_VOTACAO": "1856", "NM_UE": "CAMPINAS", "endereco_geocode": "Campinas, SP, Brasil", "lat": -22.9056391, "lng": -47.059564 }, "geometry": { "type": "Point", "coordinates": [ -47.059564, -22.9056391 ] } },
{ "type": "Feature", "properties": { "NR_ZONA": "380", "NR_SECAO": "18", "NR_LOCAL_VOTACAO": "1112", "NM_UE": "CAMPINAS", "endereco_geocode": "Campinas, SP, Brasil", "lat": -22.9056391, "lng": -47.059564 }, "geometry": { "type": "Point", "coordinates": [ -47.059564, -22.9056391 ] } },
{ "type": "Feature", "properties": { "NR_ZONA": "275", "NR_SECAO": "556", "NR_LOCAL_VOTACAO": "1538", "NM_UE": "CAMPINAS", "endereco_geocode": "Campinas, SP, Brasil", "lat": -22.9056391, "lng": -47.059564 }, "geometry": { "type": "Point", "coordinates": [ -47.059564, -22.9056391 ] } },
{ "type": "Feature", "properties": { "NR_ZONA": "380", "NR_SECAO": "47", "NR_LOCAL_VOTACAO": "1147", "NM_UE": "CAMPINAS", "endereco_geocode": "Campinas, SP, Brasil", "lat": -22.9056391, "lng": -47.059564 }, "geometry": { "type": "Point", "coordinates": [ -47.059564, -22.9056391 ] } },
{ "type": "Feature", "properties": { "NR_ZONA": "380", "NR_SECAO": "275", "NR_LOCAL_VOTACAO": "1392", "NM_UE": "CAMPINAS", "endereco_geocode": "Campinas, SP, Brasil", "lat": -22.9056391, "lng": -47.059564 }, "geometry": { "type": "Point", "coordinates": [ -47.059564, -22.9056391 ] } },
{ "type": "Feature", "properties": { "NR_ZONA": "379", "NR_SECAO": "412", "NR_LOCAL_VOTACAO": "1252", "NM_UE": "CAMPINAS", "endereco_geocode": "Campinas, SP, Brasil", "lat": -22.9056391, "lng": -47.059564 }, "geometry": { "type": "Point", "coordinates": [ -47.059564, -22.9056391 ] } },
{ "type": "Feature", "properties": { "NR_ZONA": "33", "NR_SECAO": "500", "NR_LOCAL_VOTACAO": "2330", "NM_UE": "CAMPINAS", "endereco_geocode": "Campinas, SP, Brasil", "lat": -22.9056391, "lng": -47.059564 }, "geometry": { "type": "Point", "coordinates": [ -47.059564, -22.9056391 ] } },
{ "type": "Feature", "properties": { "NR_ZONA": "33", "NR_SECAO": "490", "NR_LOCAL_VOTACAO": "2321", "NM_UE": "CAMPINAS", "endereco_geocode": "Campinas, SP, Brasil", "lat": -22.9056391, "lng": -47.059564 }, "geometry": { "type": "Point", "coordinates": [ -47.059564, -22.9056391 ] } },
{ "type": "Feature", "properties": { "NR_ZONA": "423", "NR_SECAO": "102", "NR_LOCAL_VOTACAO": "1104", "NM_UE": "CAMPINAS", "endereco_geocode": "Campinas, SP, Brasil", "lat": -22.9056391, "lng": -47.059564 }, "geometry": { "type": "Point", "coordinates": [ -47.059564, -22.9056391 ] } },
{ "type": "Feature", "properties": { "NR_ZONA": "380", "NR_SECAO": "330", "NR_LOCAL_VOTACAO": "1171", "NM_UE": "CAMPINAS", "endereco_geocode": "Campinas, SP, Brasil", "lat": -22.9056391, "lng": -47.059564 }, "geometry": { "type": "Point", "coordinates": [ -47.059564, -22.9056391 ] } },
{ "type": "Feature", "properties": { "NR_ZONA": "379", "NR_SECAO": "37", "NR_LOCAL_VOTACAO": "1040", "NM_UE": "CAMPINAS", "endereco_geocode": "Campinas, SP, Brasil", "lat": -22.9056391, "lng": -47.059564 }, "geometry": { "type": "Point", "coordinates": [ -47.059564, -22.9056391 ] } },
{ "type": "Feature", "properties": { "NR_ZONA": "274", "NR_SECAO": "675", "NR_LOCAL_VOTACAO": "1945", "NM_UE": "CAMPINAS", "endereco_geocode": "Campinas, SP, Brasil", "lat": -22.9056391, "lng": -47.059564 }, "geometry": { "type": "Point", "coordinates": [ -47.059564, -22.9056391 ] } },
{ "type": "Feature", "properties": { "NR_ZONA": "275", "NR_SECAO": "485", "NR_LOCAL_VOTACAO": "1309", "NM_UE": "CAMPINAS", "endereco_geocode": "Campinas, SP, Brasil", "lat": -22.9056391, "lng": -47.059564 }, "geometry": { "type": "Point", "coordinates": [ -47.059564, -22.9056391 ] } },
{ "type": "Feature", "properties": { "NR_ZONA": "274", "NR_SECAO": "652", "NR_LOCAL_VOTACAO": "1872", "NM_UE": "CAMPINAS", "endereco_geocode": "Campinas, SP, Brasil", "lat": -22.9056391, "lng": -47.059564 }, "geometry": { "type": "Point", "coordinates": [ -47.059564, -22.9056391 ] } },
{ "type": "Feature", "properties": { "NR_ZONA": "274", "NR_SECAO": "747", "NR_LOCAL_VOTACAO": "2020", "NM_UE": "CAMPINAS", "endereco_geocode": "Campinas, SP, Brasil", "lat": -22.9056391, "lng": -47.059564 }, "geometry": { "type": "Point", "coordinates": [ -47.059564, -22.9056391 ] } },
{ "type": "Feature", "properties": { "NR_ZONA": "423", "NR_SECAO": "73", "NR_LOCAL_VOTACAO": "1074", "NM_UE": "CAMPINAS", "endereco_geocode": "Campinas, SP, Brasil", "lat": -22.9056391, "lng": -47.059564 }, "geometry": { "type": "Point", "coordinates": [ -47.059564, -22.9056391 ] } },
{ "type": "Feature", "properties": { "NR_ZONA": "274", "NR_SECAO": "625", "NR_LOCAL_VOTACAO": "1686", "NM_UE": "CAMPINAS", "endereco_geocode": "Campinas, SP, Brasil", "lat": -22.9056391, "lng": -47.059564 }, "geometry": { "type": "Point", "coordinates": [ -47.059564, -22.9056391 ] } },
{ "type": "Feature", "properties": { "NR_ZONA": "275", "NR_SECAO": "560", "NR_LOCAL_VOTACAO": "1872", "NM_UE": "CAMPINAS", "endereco_geocode": "Campinas, SP, Brasil", "lat": -22.9056391, "lng": -47.059564 }, "geometry": { "type": "Point", "coordinates": [ -47.059564, -22.9056391 ] } },
{ "type": "Feature", "properties": { "NR_ZONA": "380", "NR_SECAO": "150", "NR_LOCAL_VOTACAO": "1171", "NM_UE": "CAMPINAS", "endereco_geocode": "Campinas, SP, Brasil", "lat": -22.9056391, "lng": -47.059564 }, "geometry": { "type": "Point", "coordinates": [ -47.059564, -22.9056391 ] } },
{ "type": "Feature", "properties": { "NR_ZONA": "380", "NR_SECAO": "240", "NR_LOCAL_VOTACAO": "1422", "NM_UE": "CAMPINAS", "endereco_geocode": "Campinas, SP, Brasil", "lat": -22.9056391, "lng": -47.059564 }, "geometry": { "type": "Point", "coordinates": [ -47.059564, -22.9056391 ] } },
{ "type": "Feature", "properties": { "NR_ZONA": "275", "NR_SECAO": "448", "NR_LOCAL_VOTACAO": "1830", "NM_UE": "CAMPINAS", "endereco_geocode": "Campinas, SP, Brasil", "lat": -22.9056391, "lng": -47.059564 }, "geometry": { "type": "Point", "coordinates": [ -47.059564, -22.9056391 ] } },
{ "type": "Feature", "properties": { "NR_ZONA": "380", "NR_SECAO": "27", "NR_LOCAL_VOTACAO": "1120", "NM_UE": "CAMPINAS", "endereco_geocode": "Campinas, SP, Brasil", "lat": -22.9056391, "lng": -47.059564 }, "geometry": { "type": "Point", "coordinates": [ -47.059564, -22.9056391 ] } },
{ "type": "Feature", "properties": { "NR_ZONA": "378", "NR_SECAO": "207", "NR_LOCAL_VOTACAO": "1333", "NM_UE": "CAMPINAS", "endereco_geocode": "Campinas, SP, Brasil", "lat": -22.9056391, "lng": -47.059564 }, "geometry": { "type": "Point", "coordinates": [ -47.059564, -22.9056391 ] } },
{ "type": "Feature", "properties": { "NR_ZONA": "378", "NR_SECAO": "248", "NR_LOCAL_VOTACAO": "1279", "NM_UE": "CAMPINAS", "endereco_geocode": "Campinas, SP, Brasil", "lat": -22.9056391, "lng": -47.059564 }, "geometry": { "type": "Point", "coordinates": [ -47.059564, -22.9056391 ] } },
{ "type": "Feature", "properties": { "NR_ZONA": "274", "NR_SECAO": "263", "NR_LOCAL_VOTACAO": "1309", "NM_UE": "CAMPINAS", "endereco_geocode": "Campinas, SP, Brasil", "lat": -22.9056391, "lng": -47.059564 }, "geometry": { "type": "Point", "coordinates": [ -47.059564, -22.9056391 ] } },
{ "type": "Feature", "properties": { "NR_ZONA": "378", "NR_SECAO": "251", "NR_LOCAL_VOTACAO": "1163", "NM_UE": "CAMPINAS", "endereco_geocode": "Campinas, SP, Brasil", "lat": -22.9056391, "lng": -47.059564 }, "geometry": { "type": "Point", "coordinates": [ -47.059564, -22.9056391 ] } },
{ "type": "Feature", "properties": { "NR_ZONA": "378", "NR_SECAO": "199", "NR_LOCAL_VOTACAO": "1325", "NM_UE": "CAMPINAS", "endereco_geocode": "Campinas, SP, Brasil", "lat": -22.9056391, "lng": -47.059564 }, "geometry": { "type": "Point", "coordinates": [ -47.059564, -22.9056391 ] } },
{ "type": "Feature", "properties": { "NR_ZONA": "378", "NR_SECAO": "334", "NR_LOCAL_VOTACAO": "1430", "NM_UE": "CAMPINAS", "endereco_geocode": "Campinas, SP, Brasil", "lat": -22.9056391, "lng": -47.059564 }, "geometry": { "type": "Point", "coordinates": [ -47.059564, -22.9056391 ] } },
{ "type": "Feature", "properties": { "NR_ZONA": "274", "NR_SECAO": "647", "NR_LOCAL_VOTACAO": "1899", "NM_UE": "CAMPINAS", "endereco_geocode": "Campinas, SP, Brasil", "lat": -22.9056391, "lng": -47.059564 }, "geometry": { "type": "Point", "coordinates": [ -47.059564, -22.9056391 ] } },
{ "type": "Feature", "properties": { "NR_ZONA": "379", "NR_SECAO": "470", "NR_LOCAL_VOTACAO": "1546", "NM_UE": "CAMPINAS", "endereco_geocode": "Campinas, SP, Brasil", "lat": -22.9056391, "lng": -47.059564 }, "geometry": { "type": "Point", "coordinates": [ -47.059564, -22.9056391 ] } },
{ "type": "Feature", "properties": { "NR_ZONA": "379", "NR_SECAO": "508", "NR_LOCAL_VOTACAO": "1570", "NM_UE": "CAMPINAS", "endereco_geocode": "Campinas, SP, Brasil", "lat": -22.9056391, "lng": -47.059564 }, "geometry": { "type": "Point", "coordinates": [ -47.059564, -22.9056391 ] } },
{ "type": "Feature", "properties": { "NR_ZONA": "33", "NR_SECAO": "354", "NR_LOCAL_VOTACAO": "1201", "NM_UE": "CAMPINAS", "endereco_geocode": "Campinas, SP, Brasil", "lat": -22.9056391, "lng": -47.059564 }, "geometry": { "type": "Point", "coordinates": [ -47.059564, -22.9056391 ] } },
{ "type": "Feature", "properties": { "NR_ZONA": "379", "NR_SECAO": "284", "NR_LOCAL_VOTACAO": "1201", "NM_UE": "CAMPINAS", "endereco_geocode": "Campinas, SP, Brasil", "lat": -22.9056391, "lng": -47.059564 }, "geometry": { "type": "Point", "coordinates": [ -47.059564, -22.9056391 ] } },
{ "type": "Feature", "properties": { "NR_ZONA": "33", "NR_SECAO": "466", "NR_LOCAL_VOTACAO": "2305", "NM_UE": "CAMPINAS", "endereco_geocode": "Campinas, SP, Brasil", "lat": -22.9056391, "lng": -47.059564 }, "geometry": { "type": "Point", "coordinates": [ -47.059564, -22.9056391 ] } },
{ "type": "Feature", "properties": { "NR_ZONA": "33", "NR_SECAO": "238", "NR_LOCAL_VOTACAO": "1015", "NM_UE": "CAMPINAS", "endereco_geocode": "Campinas, SP, Brasil", "lat": -22.9056391, "lng": -47.059564 }, "geometry": { "type": "Point", "coordinates": [ -47.059564, -22.9056391 ] } },
{ "type": "Feature", "properties": { "NR_ZONA": "423", "NR_SECAO": "258", "NR_LOCAL_VOTACAO": "1066", "NM_UE": "CAMPINAS", "endereco_geocode": "Campinas, SP, Brasil", "lat": -22.9056391, "lng": -47.059564 }, "geometry": { "type": "Point", "coordinates": [ -47.059564, -22.9056391 ] } },
{ "type": "Feature", "properties": { "NR_ZONA": "274", "NR_SECAO": "715", "NR_LOCAL_VOTACAO": "1988", "NM_UE": "CAMPINAS", "endereco_geocode": "Campinas, SP, Brasil", "lat": -22.9056391, "lng": -47.059564 }, "geometry": { "type": "Point", "coordinates": [ -47.059564, -22.9056391 ] } },
{ "type": "Feature", "properties": { "NR_ZONA": "423", "NR_SECAO": "16", "NR_LOCAL_VOTACAO": "1325", "NM_UE": "CAMPINAS", "endereco_geocode": "Campinas, SP, Brasil", "lat": -22.9056391, "lng": -47.059564 }, "geometry": { "type": "Point", "coordinates": [ -47.059564, -22.9056391 ] } },
{ "type": "Feature", "properties": { "NR_ZONA": "274", "NR_SECAO": "502", "NR_LOCAL_VOTACAO": "1180", "NM_UE": "CAMPINAS", "endereco_geocode": "Campinas, SP, Brasil", "lat": -22.9056391, "lng": -47.059564 }, "geometry": { "type": "Point", "coordinates": [ -47.059564, -22.9056391 ] } },
{ "type": "Feature", "properties": { "NR_ZONA": "423", "NR_SECAO": "114", "NR_LOCAL_VOTACAO": "1112", "NM_UE": "CAMPINAS", "endereco_geocode": "Campinas, SP, Brasil", "lat": -22.9056391, "lng": -47.059564 }, "geometry": { "type": "Point", "coordinates": [ -47.059564, -22.9056391 ] } },
{ "type": "Feature", "properties": { "NR_ZONA": "274", "NR_SECAO": "102", "NR_LOCAL_VOTACAO": "1112", "NM_UE": "CAMPINAS", "endereco_geocode": "Campinas, SP, Brasil", "lat": -22.9056391, "lng": -47.059564 }, "geometry": { "type": "Point", "coordinates": [ -47.059564, -22.9056391 ] } },
{ "type": "Feature", "properties": { "NR_ZONA": "379", "NR_SECAO": "179", "NR_LOCAL_VOTACAO": "1295", "NM_UE": "CAMPINAS", "endereco_geocode": "Campinas, SP, Brasil", "lat": -22.9056391, "lng": -47.059564 }, "geometry": { "type": "Point", "coordinates": [ -47.059564, -22.9056391 ] } },
{ "type": "Feature", "properties": { "NR_ZONA": "423", "NR_SECAO": "47", "NR_LOCAL_VOTACAO": "1058", "NM_UE": "CAMPINAS", "endereco_geocode": "Campinas, SP, Brasil", "lat": -22.9056391, "lng": -47.059564 }, "geometry": { "type": "Point", "coordinates": [ -47.059564, -22.9056391 ] } },
{ "type": "Feature", "properties": { "NR_ZONA": "423", "NR_SECAO": "34", "NR_LOCAL_VOTACAO": "1031", "NM_UE": "CAMPINAS", "endereco_geocode": "Campinas, SP, Brasil", "lat": -22.9056391, "lng": -47.059564 }, "geometry": { "type": "Point", "coordinates": [ -47.059564, -22.9056391 ] } },
{ "type": "Feature", "properties": { "NR_ZONA": "275", "NR_SECAO": "477", "NR_LOCAL_VOTACAO": "1554", "NM_UE": "CAMPINAS", "endereco_geocode": "Campinas, SP, Brasil", "lat": -22.9056391, "lng": -47.059564 }, "geometry": { "type": "Point", "coordinates": [ -47.059564, -22.9056391 ] } },
{ "type": "Feature", "properties": { "NR_ZONA": "274", "NR_SECAO": "109", "NR_LOCAL_VOTACAO": "1120", "NM_UE": "CAMPINAS", "endereco_geocode": "Campinas, SP, Brasil", "lat": -22.9056391, "lng": -47.059564 }, "geometry": { "type": "Point", "coordinates": [ -47.059564, -22.9056391 ] } },
{ "type": "Feature", "properties": { "NR_ZONA": "33", "NR_SECAO": "574", "NR_LOCAL_VOTACAO": "2410", "NM_UE": "CAMPINAS", "endereco_geocode": "Campinas, SP, Brasil", "lat": -22.9056391, "lng": -47.059564 }, "geometry": { "type": "Point", "coordinates": [ -47.059564, -22.9056391 ] } },
{ "type": "Feature", "properties": { "NR_ZONA": "33", "NR_SECAO": "530", "NR_LOCAL_VOTACAO": "2356", "NM_UE": "CAMPINAS", "endereco_geocode": "Campinas, SP, Brasil", "lat": -22.9056391, "lng": -47.059564 }, "geometry": { "type": "Point", "coordinates": [ -47.059564, -22.9056391 ] } },
{ "type": "Feature", "properties": { "NR_ZONA": "379", "NR_SECAO": "19", "NR_LOCAL_VOTACAO": "1023", "NM_UE": "CAMPINAS", "endereco_geocode": "Campinas, SP, Brasil", "lat": -22.9056391, "lng": -47.059564 }, "geometry": { "type": "Point", "coordinates": [ -47.059564, -22.9056391 ] } },
{ "type": "Feature", "properties": { "NR_ZONA": "274", "NR_SECAO": "84", "NR_LOCAL_VOTACAO": "1090", "NM_UE": "CAMPINAS", "endereco_geocode": "Campinas, SP, Brasil", "lat": -22.9056391, "lng": -47.059564 }, "geometry": { "type": "Point", "coordinates": [ -47.059564, -22.9056391 ] } },
{ "type": "Feature", "properties": { "NR_ZONA": "275", "NR_SECAO": "229", "NR_LOCAL_VOTACAO": "1350", "NM_UE": "CAMPINAS", "endereco_geocode": "Campinas, SP, Brasil", "lat": -22.9056391, "lng": -47.059564 }, "geometry": { "type": "Point", "coordinates": [ -47.059564, -22.9056391 ] } },
{ "type": "Feature", "properties": { "NR_ZONA": "378", "NR_SECAO": "99", "NR_LOCAL_VOTACAO": "1082", "NM_UE": "CAMPINAS", "endereco_geocode": "Campinas, SP, Brasil", "lat": -22.9056391, "lng": -47.059564 }, "geometry": { "type": "Point", "coordinates": [ -47.059564, -22.9056391 ] } },
{ "type": "Feature", "properties": { "NR_ZONA": "423", "NR_SECAO": "70", "NR_LOCAL_VOTACAO": "1074", "NM_UE": "CAMPINAS", "endereco_geocode": "Campinas, SP, Brasil", "lat": -22.9056391, "lng": -47.059564 }, "geometry": { "type": "Point", "coordinates": [ -47.059564, -22.9056391 ] } },
{ "type": "Feature", "properties": { "NR_ZONA": "274", "NR_SECAO": "758", "NR_LOCAL_VOTACAO": "2038", "NM_UE": "CAMPINAS", "endereco_geocode": "Campinas, SP, Brasil", "lat": -22.9056391, "lng": -47.059564 }, "geometry": { "type": "Point", "coordinates": [ -47.059564, -22.9056391 ] } },
{ "type": "Feature", "properties": { "NR_ZONA": "423", "NR_SECAO": "39", "NR_LOCAL_VOTACAO": "1040", "NM_UE": "CAMPINAS", "endereco_geocode": "Campinas, SP, Brasil", "lat": -22.9056391, "lng": -47.059564 }, "geometry": { "type": "Point", "coordinates": [ -47.059564, -22.9056391 ] } },
{ "type": "Feature", "properties": { "NR_ZONA": "275", "NR_SECAO": "311", "NR_LOCAL_VOTACAO": "1465", "NM_UE": "CAMPINAS", "endereco_geocode": "Campinas, SP, Brasil", "lat": -22.9056391, "lng": -47.059564 }, "geometry": { "type": "Point", "coordinates": [ -47.059564, -22.9056391 ] } },
{ "type": "Feature", "properties": { "NR_ZONA": "274", "NR_SECAO": "408", "NR_LOCAL_VOTACAO": "1171", "NM_UE": "CAMPINAS", "endereco_geocode": "Campinas, SP, Brasil", "lat": -22.9056391, "lng": -47.059564 }, "geometry": { "type": "Point", "coordinates": [ -47.059564, -22.9056391 ] } },
{ "type": "Feature", "properties": { "NR_ZONA": "274", "NR_SECAO": "561", "NR_LOCAL_VOTACAO": "1830", "NM_UE": "CAMPINAS", "endereco_geocode": "Campinas, SP, Brasil", "lat": -22.9056391, "lng": -47.059564 }, "geometry": { "type": "Point", "coordinates": [ -47.059564, -22.9056391 ] } },
{ "type": "Feature", "properties": { "NR_ZONA": "423", "NR_SECAO": "158", "NR_LOCAL_VOTACAO": "1155", "NM_UE": "CAMPINAS", "endereco_geocode": "Campinas, SP, Brasil", "lat": -22.9056391, "lng": -47.059564 }, "geometry": { "type": "Point", "coordinates": [ -47.059564, -22.9056391 ] } },
{ "type": "Feature", "properties": { "NR_ZONA": "378", "NR_SECAO": "301", "NR_LOCAL_VOTACAO": "1414", "NM_UE": "CAMPINAS", "endereco_geocode": "Campinas, SP, Brasil", "lat": -22.9056391, "lng": -47.059564 }, "geometry": { "type": "Point", "coordinates": [ -47.059564, -22.9056391 ] } },
{ "type": "Feature", "properties": { "NR_ZONA": "33", "NR_SECAO": "375", "NR_LOCAL_VOTACAO": "2151", "NM_UE": "CAMPINAS", "endereco_geocode": "Campinas, SP, Brasil", "lat": -22.9056391, "lng": -47.059564 }, "geometry": { "type": "Point", "coordinates": [ -47.059564, -22.9056391 ] } },
{ "type": "Feature", "properties": { "NR_ZONA": "379", "NR_SECAO": "20", "NR_LOCAL_VOTACAO": "1023", "NM_UE": "CAMPINAS", "endereco_geocode": "Campinas, SP, Brasil", "lat": -22.9056391, "lng": -47.059564 }, "geometry": { "type": "Point", "coordinates": [ -47.059564, -22.9056391 ] } },
{ "type": "Feature", "properties": { "NR_ZONA": "378", "NR_SECAO": "278", "NR_LOCAL_VOTACAO": "1287", "NM_UE": "CAMPINAS", "endereco_geocode": "Campinas, SP, Brasil", "lat": -22.9056391, "lng": -47.059564 }, "geometry": { "type": "Point", "coordinates": [ -47.059564, -22.9056391 ] } },
{ "type": "Feature", "properties": { "NR_ZONA": "33", "NR_SECAO": "65", "NR_LOCAL_VOTACAO": "1090", "NM_UE": "CAMPINAS", "endereco_geocode": "Campinas, SP, Brasil", "lat": -22.9056391, "lng": -47.059564 }, "geometry": { "type": "Point", "coordinates": [ -47.059564, -22.9056391 ] } },
{ "type": "Feature", "properties": { "NR_ZONA": "33", "NR_SECAO": "414", "NR_LOCAL_VOTACAO": "2259", "NM_UE": "CAMPINAS", "endereco_geocode": "Campinas, SP, Brasil", "lat": -22.9056391, "lng": -47.059564 }, "geometry": { "type": "Point", "coordinates": [ -47.059564, -22.9056391 ] } },
{ "type": "Feature", "properties": { "NR_ZONA": "379", "NR_SECAO": "393", "NR_LOCAL_VOTACAO": "1490", "NM_UE": "CAMPINAS", "endereco_geocode": "Campinas, SP, Brasil", "lat": -22.9056391, "lng": -47.059564 }, "geometry": { "type": "Point", "coordinates": [ -47.059564, -22.9056391 ] } },
{ "type": "Feature", "properties": { "NR_ZONA": "379", "NR_SECAO": "374", "NR_LOCAL_VOTACAO": "1406", "NM_UE": "CAMPINAS", "endereco_geocode": "Campinas, SP, Brasil", "lat": -22.9056391, "lng": -47.059564 }, "geometry": { "type": "Point", "coordinates": [ -47.059564, -22.9056391 ] } },
{ "type": "Feature", "properties": { "NR_ZONA": "379", "NR_SECAO": "322", "NR_LOCAL_VOTACAO": "1244", "NM_UE": "CAMPINAS", "endereco_geocode": "Campinas, SP, Brasil", "lat": -22.9056391, "lng": -47.059564 }, "geometry": { "type": "Point", "coordinates": [ -47.059564, -22.9056391 ] } },
{ "type": "Feature", "properties": { "NR_ZONA": "379", "NR_SECAO": "328", "NR_LOCAL_VOTACAO": "1236", "NM_UE": "CAMPINAS", "endereco_geocode": "Campinas, SP, Brasil", "lat": -22.9056391, "lng": -47.059564 }, "geometry": { "type": "Point", "coordinates": [ -47.059564, -22.9056391 ] } },
{ "type": "Feature", "properties": { "NR_ZONA": "378", "NR_SECAO": "46", "NR_LOCAL_VOTACAO": "1031", "NM_UE": "CAMPINAS", "endereco_geocode": "Campinas, SP, Brasil", "lat": -22.9056391, "lng": -47.059564 }, "geometry": { "type": "Point", "coordinates": [ -47.059564, -22.9056391 ] } },
{ "type": "Feature", "properties": { "NR_ZONA": "33", "NR_SECAO": "518", "NR_LOCAL_VOTACAO": "2348", "NM_UE": "CAMPINAS", "endereco_geocode": "Campinas, SP, Brasil", "lat": -22.9056391, "lng": -47.059564 }, "geometry": { "type": "Point", "coordinates": [ -47.059564, -22.9056391 ] } },
{ "type": "Feature", "properties": { "NR_ZONA": "423", "NR_SECAO": "315", "NR_LOCAL_VOTACAO": "1406", "NM_UE": "CAMPINAS", "endereco_geocode": "Campinas, SP, Brasil", "lat": -22.9056391, "lng": -47.059564 }, "geometry": { "type": "Point", "coordinates": [ -47.059564, -22.9056391 ] } },
{ "type": "Feature", "properties": { "NR_ZONA": "380", "NR_SECAO": "284", "NR_LOCAL_VOTACAO": "1260", "NM_UE": "CAMPINAS", "endereco_geocode": "Campinas, SP, Brasil", "lat": -22.9056391, "lng": -47.059564 }, "geometry": { "type": "Point", "coordinates": [ -47.059564, -22.9056391 ] } },
{ "type": "Feature", "properties": { "NR_ZONA": "274", "NR_SECAO": "542", "NR_LOCAL_VOTACAO": "1104", "NM_UE": "CAMPINAS", "endereco_geocode": "Campinas, SP, Brasil", "lat": -22.9056391, "lng": -47.059564 }, "geometry": { "type": "Point", "coordinates": [ -47.059564, -22.9056391 ] } },
{ "type": "Feature", "properties": { "NR_ZONA": "275", "NR_SECAO": "583", "NR_LOCAL_VOTACAO": "1910", "NM_UE": "CAMPINAS", "endereco_geocode": "Campinas, SP, Brasil", "lat": -22.9056391, "lng": -47.059564 }, "geometry": { "type": "Point", "coordinates": [ -47.059564, -22.9056391 ] } },
{ "type": "Feature", "properties": { "NR_ZONA": "380", "NR_SECAO": "317", "NR_LOCAL_VOTACAO": "1449", "NM_UE": "CAMPINAS", "endereco_geocode": "Campinas, SP, Brasil", "lat": -22.9056391, "lng": -47.059564 }, "geometry": { "type": "Point", "coordinates": [ -47.059564, -22.9056391 ] } },
{ "type": "Feature", "properties": { "NR_ZONA": "380", "NR_SECAO": "86", "NR_LOCAL_VOTACAO": "1198", "NM_UE": "CAMPINAS", "endereco_geocode": "Campinas, SP, Brasil", "lat": -22.9056391, "lng": -47.059564 }, "geometry": { "type": "Point", "coordinates": [ -47.059564, -22.9056391 ] } },
{ "type": "Feature", "properties": { "NR_ZONA": "33", "NR_SECAO": "117", "NR_LOCAL_VOTACAO": "1180", "NM_UE": "CAMPINAS", "endereco_geocode": "Campinas, SP, Brasil", "lat": -22.9056391, "lng": -47.059564 }, "geometry": { "type": "Point", "coordinates": [ -47.059564, -22.9056391 ] } },
{ "type": "Feature", "properties": { "NR_ZONA": "275", "NR_SECAO": "480", "NR_LOCAL_VOTACAO": "1198", "NM_UE": "CAMPINAS", "endereco_geocode": "Campinas, SP, Brasil", "lat": -22.9056391, "lng": -47.059564 }, "geometry": { "type": "Point", "coordinates": [ -47.059564, -22.9056391 ] } },
{ "type": "Feature", "properties": { "NR_ZONA": "380", "NR_SECAO": "70", "NR_LOCAL_VOTACAO": "1171", "NM_UE": "CAMPINAS", "endereco_geocode": "Campinas, SP, Brasil", "lat": -22.9056391, "lng": -47.059564 }, "geometry": { "type": "Point", "coordinates": [ -47.059564, -22.9056391 ] } },
{ "type": "Feature", "properties": { "NR_ZONA": "378", "NR_SECAO": "130", "NR_LOCAL_VOTACAO": "1104", "NM_UE": "CAMPINAS", "endereco_geocode": "Campinas, SP, Brasil", "lat": -22.9056391, "lng": -47.059564 }, "geometry": { "type": "Point", "coordinates": [ -47.059564, -22.9056391 ] } },
{ "type": "Feature", "properties": { "NR_ZONA": "33", "NR_SECAO": "474", "NR_LOCAL_VOTACAO": "2313", "NM_UE": "CAMPINAS", "endereco_geocode": "Campinas, SP, Brasil", "lat": -22.9056391, "lng": -47.059564 }, "geometry": { "type": "Point", "coordinates": [ -47.059564, -22.9056391 ] } },
{ "type": "Feature", "properties": { "NR_ZONA": "378", "NR_SECAO": "96", "NR_LOCAL_VOTACAO": "1074", "NM_UE": "CAMPINAS", "endereco_geocode": "Campinas, SP, Brasil", "lat": -22.9056391, "lng": -47.059564 }, "geometry": { "type": "Point", "coordinates": [ -47.059564, -22.9056391 ] } },
{ "type": "Feature", "properties": { "NR_ZONA": "33", "NR_SECAO": "447", "NR_LOCAL_VOTACAO": "2283", "NM_UE": "CAMPINAS", "endereco_geocode": "Campinas, SP, Brasil", "lat": -22.9056391, "lng": -47.059564 }, "geometry": { "type": "Point", "coordinates": [ -47.059564, -22.9056391 ] } },
{ "type": "Feature", "properties": { "NR_ZONA": "274", "NR_SECAO": "609", "NR_LOCAL_VOTACAO": "1104", "NM_UE": "CAMPINAS", "endereco_geocode": "Campinas, SP, Brasil", "lat": -22.9056391, "lng": -47.059564 }, "geometry": { "type": "Point", "coordinates": [ -47.059564, -22.9056391 ] } },
{ "type": "Feature", "properties": { "NR_ZONA": "275", "NR_SECAO": "470", "NR_LOCAL_VOTACAO": "1295", "NM_UE": "CAMPINAS", "endereco_geocode": "Campinas, SP, Brasil", "lat": -22.9056391, "lng": -47.059564 }, "geometry": { "type": "Point", "coordinates": [ -47.059564, -22.9056391 ] } },
{ "type": "Feature", "properties": { "NR_ZONA": "33", "NR_SECAO": "520", "NR_LOCAL_VOTACAO": "2356", "NM_UE": "CAMPINAS", "endereco_geocode": "Campinas, SP, Brasil", "lat": -22.9056391, "lng": -47.059564 }, "geometry": { "type": "Point", "coordinates": [ -47.059564, -22.9056391 ] } },
{ "type": "Feature", "properties": { "NR_ZONA": "33", "NR_SECAO": "475", "NR_LOCAL_VOTACAO": "2313", "NM_UE": "CAMPINAS", "endereco_geocode": "Campinas, SP, Brasil", "lat": -22.9056391, "lng": -47.059564 }, "geometry": { "type": "Point", "coordinates": [ -47.059564, -22.9056391 ] } },
{ "type": "Feature", "properties": { "NR_ZONA": "379", "NR_SECAO": "11", "NR_LOCAL_VOTACAO": "1015", "NM_UE": "CAMPINAS", "endereco_geocode": "Campinas, SP, Brasil", "lat": -22.9056391, "lng": -47.059564 }, "geometry": { "type": "Point", "coordinates": [ -47.059564, -22.9056391 ] } },
{ "type": "Feature", "properties": { "NR_ZONA": "379", "NR_SECAO": "239", "NR_LOCAL_VOTACAO": "1015", "NM_UE": "CAMPINAS", "endereco_geocode": "Campinas, SP, Brasil", "lat": -22.9056391, "lng": -47.059564 }, "geometry": { "type": "Point", "coordinates": [ -47.059564, -22.9056391 ] } },
{ "type": "Feature", "properties": { "NR_ZONA": "274", "NR_SECAO": "572", "NR_LOCAL_VOTACAO": "1724", "NM_UE": "CAMPINAS", "endereco_geocode": "Campinas, SP, Brasil", "lat": -22.9056391, "lng": -47.059564 }, "geometry": { "type": "Point", "coordinates": [ -47.059564, -22.9056391 ] } },
{ "type": "Feature", "properties": { "NR_ZONA": "275", "NR_SECAO": "591", "NR_LOCAL_VOTACAO": "1104", "NM_UE": "CAMPINAS", "endereco_geocode": "Campinas, SP, Brasil", "lat": -22.9056391, "lng": -47.059564 }, "geometry": { "type": "Point", "coordinates": [ -47.059564, -22.9056391 ] } },
{ "type": "Feature", "properties": { "NR_ZONA": "378", "NR_SECAO": "355", "NR_LOCAL_VOTACAO": "1287", "NM_UE": "CAMPINAS", "endereco_geocode": "Campinas, SP, Brasil", "lat": -22.9056391, "lng": -47.059564 }, "geometry": { "type": "Point", "coordinates": [ -47.059564, -22.9056391 ] } },
{ "type": "Feature", "properties": { "NR_ZONA": "379", "NR_SECAO": "424", "NR_LOCAL_VOTACAO": "1490", "NM_UE": "CAMPINAS", "endereco_geocode": "Campinas, SP, Brasil", "lat": -22.9056391, "lng": -47.059564 }, "geometry": { "type": "Point", "coordinates": [ -47.059564, -22.9056391 ] } },
{ "type": "Feature", "properties": { "NR_ZONA": "379", "NR_SECAO": "514", "NR_LOCAL_VOTACAO": "1589", "NM_UE": "CAMPINAS", "endereco_geocode": "Campinas, SP, Brasil", "lat": -22.9056391, "lng": -47.059564 }, "geometry": { "type": "Point", "coordinates": [ -47.059564, -22.9056391 ] } },
{ "type": "Feature", "properties": { "NR_ZONA": "379", "NR_SECAO": "390", "NR_LOCAL_VOTACAO": "1430", "NM_UE": "CAMPINAS", "endereco_geocode": "Campinas, SP, Brasil", "lat": -22.9056391, "lng": -47.059564 }, "geometry": { "type": "Point", "coordinates": [ -47.059564, -22.9056391 ] } },
{ "type": "Feature", "properties": { "NR_ZONA": "379", "NR_SECAO": "376", "NR_LOCAL_VOTACAO": "1236", "NM_UE": "CAMPINAS", "endereco_geocode": "Campinas, SP, Brasil", "lat": -22.9056391, "lng": -47.059564 }, "geometry": { "type": "Point", "coordinates": [ -47.059564, -22.9056391 ] } },
{ "type": "Feature", "properties": { "NR_ZONA": "379", "NR_SECAO": "468", "NR_LOCAL_VOTACAO": "1546", "NM_UE": "CAMPINAS", "endereco_geocode": "Campinas, SP, Brasil", "lat": -22.9056391, "lng": -47.059564 }, "geometry": { "type": "Point", "coordinates": [ -47.059564, -22.9056391 ] } },
{ "type": "Feature", "properties": { "NR_ZONA": "379", "NR_SECAO": "69", "NR_LOCAL_VOTACAO": "1074", "NM_UE": "CAMPINAS", "endereco_geocode": "Campinas, SP, Brasil", "lat": -22.9056391, "lng": -47.059564 }, "geometry": { "type": "Point", "coordinates": [ -47.059564, -22.9056391 ] } },
{ "type": "Feature", "properties": { "NR_ZONA": "275", "NR_SECAO": "240", "NR_LOCAL_VOTACAO": "1724", "NM_UE": "CAMPINAS", "endereco_geocode": "Campinas, SP, Brasil", "lat": -22.9056391, "lng": -47.059564 }, "geometry": { "type": "Point", "coordinates": [ -47.059564, -22.9056391 ] } },
{ "type": "Feature", "properties": { "NR_ZONA": "275", "NR_SECAO": "41", "NR_LOCAL_VOTACAO": "1074", "NM_UE": "CAMPINAS", "endereco_geocode": "Campinas, SP, Brasil", "lat": -22.9056391, "lng": -47.059564 }, "geometry": { "type": "Point", "coordinates": [ -47.059564, -22.9056391 ] } },
{ "type": "Feature", "properties": { "NR_ZONA": "380", "NR_SECAO": "271", "NR_LOCAL_VOTACAO": "1430", "NM_UE": "CAMPINAS", "endereco_geocode": "Campinas, SP, Brasil", "lat": -22.9056391, "lng": -47.059564 }, "geometry": { "type": "Point", "coordinates": [ -47.059564, -22.9056391 ] } },
{ "type": "Feature", "properties": { "NR_ZONA": "380", "NR_SECAO": "145", "NR_LOCAL_VOTACAO": "1171", "NM_UE": "CAMPINAS", "endereco_geocode": "Campinas, SP, Brasil", "lat": -22.9056391, "lng": -47.059564 }, "geometry": { "type": "Point", "coordinates": [ -47.059564, -22.9056391 ] } },
{ "type": "Feature", "properties": { "NR_ZONA": "423", "NR_SECAO": "126", "NR_LOCAL_VOTACAO": "1139", "NM_UE": "CAMPINAS", "endereco_geocode": "Campinas, SP, Brasil", "lat": -22.9056391, "lng": -47.059564 }, "geometry": { "type": "Point", "coordinates": [ -47.059564, -22.9056391 ] } },
{ "type": "Feature", "properties": { "NR_ZONA": "423", "NR_SECAO": "144", "NR_LOCAL_VOTACAO": "1147", "NM_UE": "CAMPINAS", "endereco_geocode": "Campinas, SP, Brasil", "lat": -22.9056391, "lng": -47.059564 }, "geometry": { "type": "Point", "coordinates": [ -47.059564, -22.9056391 ] } },
{ "type": "Feature", "properties": { "NR_ZONA": "33", "NR_SECAO": "367", "NR_LOCAL_VOTACAO": "2135", "NM_UE": "CAMPINAS", "endereco_geocode": "Campinas, SP, Brasil", "lat": -22.9056391, "lng": -47.059564 }, "geometry": { "type": "Point", "coordinates": [ -47.059564, -22.9056391 ] } },
{ "type": "Feature", "properties": { "NR_ZONA": "378", "NR_SECAO": "471", "NR_LOCAL_VOTACAO": "1163", "NM_UE": "CAMPINAS", "endereco_geocode": "Campinas, SP, Brasil", "lat": -22.9056391, "lng": -47.059564 }, "geometry": { "type": "Point", "coordinates": [ -47.059564, -22.9056391 ] } },
{ "type": "Feature", "properties": { "NR_ZONA": "378", "NR_SECAO": "170", "NR_LOCAL_VOTACAO": "1163", "NM_UE": "CAMPINAS", "endereco_geocode": "Campinas, SP, Brasil", "lat": -22.9056391, "lng": -47.059564 }, "geometry": { "type": "Point", "coordinates": [ -47.059564, -22.9056391 ] } },
{ "type": "Feature", "properties": { "NR_ZONA": "378", "NR_SECAO": "228", "NR_LOCAL_VOTACAO": "1252", "NM_UE": "CAMPINAS", "endereco_geocode": "Campinas, SP, Brasil", "lat": -22.9056391, "lng": -47.059564 }, "geometry": { "type": "Point", "coordinates": [ -47.059564, -22.9056391 ] } },
{ "type": "Feature", "properties": { "NR_ZONA": "379", "NR_SECAO": "418", "NR_LOCAL_VOTACAO": "1465", "NM_UE": "CAMPINAS", "endereco_geocode": "Campinas, SP, Brasil", "lat": -22.9056391, "lng": -47.059564 }, "geometry": { "type": "Point", "coordinates": [ -47.059564, -22.9056391 ] } },
{ "type": "Feature", "properties": { "NR_ZONA": "378", "NR_SECAO": "190", "NR_LOCAL_VOTACAO": "1090", "NM_UE": "CAMPINAS", "endereco_geocode": "Campinas, SP, Brasil", "lat": -22.9056391, "lng": -47.059564 }, "geometry": { "type": "Point", "coordinates": [ -47.059564, -22.9056391 ] } },
{ "type": "Feature", "properties": { "NR_ZONA": "379", "NR_SECAO": "419", "NR_LOCAL_VOTACAO": "1481", "NM_UE": "CAMPINAS", "endereco_geocode": "Campinas, SP, Brasil", "lat": -22.9056391, "lng": -47.059564 }, "geometry": { "type": "Point", "coordinates": [ -47.059564, -22.9056391 ] } },
{ "type": "Feature", "properties": { "NR_ZONA": "423", "NR_SECAO": "105", "NR_LOCAL_VOTACAO": "1104", "NM_UE": "CAMPINAS", "endereco_geocode": "Campinas, SP, Brasil", "lat": -22.9056391, "lng": -47.059564 }, "geometry": { "type": "Point", "coordinates": [ -47.059564, -22.9056391 ] } },
{ "type": "Feature", "properties": { "NR_ZONA": "378", "NR_SECAO": "323", "NR_LOCAL_VOTACAO": "1376", "NM_UE": "CAMPINAS", "endereco_geocode": "Campinas, SP, Brasil", "lat": -22.9056391, "lng": -47.059564 }, "geometry": { "type": "Point", "coordinates": [ -47.059564, -22.9056391 ] } },
{ "type": "Feature", "properties": { "NR_ZONA": "274", "NR_SECAO": "763", "NR_LOCAL_VOTACAO": "2046", "NM_UE": "CAMPINAS", "endereco_geocode": "Campinas, SP, Brasil", "lat": -22.9056391, "lng": -47.059564 }, "geometry": { "type": "Point", "coordinates": [ -47.059564, -22.9056391 ] } },
{ "type": "Feature", "properties": { "NR_ZONA": "378", "NR_SECAO": "67", "NR_LOCAL_VOTACAO": "1392", "NM_UE": "CAMPINAS", "endereco_geocode": "Campinas, SP, Brasil", "lat": -22.9056391, "lng": -47.059564 }, "geometry": { "type": "Point", "coordinates": [ -47.059564, -22.9056391 ] } },
{ "type": "Feature", "properties": { "NR_ZONA": "423", "NR_SECAO": "310", "NR_LOCAL_VOTACAO": "1392", "NM_UE": "CAMPINAS", "endereco_geocode": "Campinas, SP, Brasil", "lat": -22.9056391, "lng": -47.059564 }, "geometry": { "type": "Point", "coordinates": [ -47.059564, -22.9056391 ] } },
{ "type": "Feature", "properties": { "NR_ZONA": "378", "NR_SECAO": "227", "NR_LOCAL_VOTACAO": "1295", "NM_UE": "CAMPINAS", "endereco_geocode": "Campinas, SP, Brasil", "lat": -22.9056391, "lng": -47.059564 }, "geometry": { "type": "Point", "coordinates": [ -47.059564, -22.9056391 ] } },
{ "type": "Feature", "properties": { "NR_ZONA": "379", "NR_SECAO": "213", "NR_LOCAL_VOTACAO": "1325", "NM_UE": "CAMPINAS", "endereco_geocode": "Campinas, SP, Brasil", "lat": -22.9056391, "lng": -47.059564 }, "geometry": { "type": "Point", "coordinates": [ -47.059564, -22.9056391 ] } },
{ "type": "Feature", "properties": { "NR_ZONA": "379", "NR_SECAO": "356", "NR_LOCAL_VOTACAO": "1449", "NM_UE": "CAMPINAS", "endereco_geocode": "Campinas, SP, Brasil", "lat": -22.9056391, "lng": -47.059564 }, "geometry": { "type": "Point", "coordinates": [ -47.059564, -22.9056391 ] } },
{ "type": "Feature", "properties": { "NR_ZONA": "275", "NR_SECAO": "598", "NR_LOCAL_VOTACAO": "1929", "NM_UE": "CAMPINAS", "endereco_geocode": "Campinas, SP, Brasil", "lat": -22.9056391, "lng": -47.059564 }, "geometry": { "type": "Point", "coordinates": [ -47.059564, -22.9056391 ] } },
{ "type": "Feature", "properties": { "NR_ZONA": "275", "NR_SECAO": "313", "NR_LOCAL_VOTACAO": "1465", "NM_UE": "CAMPINAS", "endereco_geocode": "Campinas, SP, Brasil", "lat": -22.9056391, "lng": -47.059564 }, "geometry": { "type": "Point", "coordinates": [ -47.059564, -22.9056391 ] } },
{ "type": "Feature", "properties": { "NR_ZONA": "274", "NR_SECAO": "71", "NR_LOCAL_VOTACAO": "1082", "NM_UE": "CAMPINAS", "endereco_geocode": "Campinas, SP, Brasil", "lat": -22.9056391, "lng": -47.059564 }, "geometry": { "type": "Point", "coordinates": [ -47.059564, -22.9056391 ] } },
{ "type": "Feature", "properties": { "NR_ZONA": "33", "NR_SECAO": "20", "NR_LOCAL_VOTACAO": "1058", "NM_UE": "CAMPINAS", "endereco_geocode": "Campinas, SP, Brasil", "lat": -22.9056391, "lng": -47.059564 }, "geometry": { "type": "Point", "coordinates": [ -47.059564, -22.9056391 ] } },
{ "type": "Feature", "properties": { "NR_ZONA": "379", "NR_SECAO": "234", "NR_LOCAL_VOTACAO": "1210", "NM_UE": "CAMPINAS", "endereco_geocode": "Campinas, SP, Brasil", "lat": -22.9056391, "lng": -47.059564 }, "geometry": { "type": "Point", "coordinates": [ -47.059564, -22.9056391 ] } },
{ "type": "Feature", "properties": { "NR_ZONA": "33", "NR_SECAO": "29", "NR_LOCAL_VOTACAO": "1058", "NM_UE": "CAMPINAS", "endereco_geocode": "Campinas, SP, Brasil", "lat": -22.9056391, "lng": -47.059564 }, "geometry": { "type": "Point", "coordinates": [ -47.059564, -22.9056391 ] } },
{ "type": "Feature", "properties": { "NR_ZONA": "33", "NR_SECAO": "325", "NR_LOCAL_VOTACAO": "1074", "NM_UE": "CAMPINAS", "endereco_geocode": "Campinas, SP, Brasil", "lat": -22.9056391, "lng": -47.059564 }, "geometry": { "type": "Point", "coordinates": [ -47.059564, -22.9056391 ] } },
{ "type": "Feature", "properties": { "NR_ZONA": "275", "NR_SECAO": "43", "NR_LOCAL_VOTACAO": "1074", "NM_UE": "CAMPINAS", "endereco_geocode": "Campinas, SP, Brasil", "lat": -22.9056391, "lng": -47.059564 }, "geometry": { "type": "Point", "coordinates": [ -47.059564, -22.9056391 ] } },
{ "type": "Feature", "properties": { "NR_ZONA": "33", "NR_SECAO": "7", "NR_LOCAL_VOTACAO": "1023", "NM_UE": "CAMPINAS", "endereco_geocode": "Campinas, SP, Brasil", "lat": -22.9056391, "lng": -47.059564 }, "geometry": { "type": "Point", "coordinates": [ -47.059564, -22.9056391 ] } },
{ "type": "Feature", "properties": { "NR_ZONA": "380", "NR_SECAO": "101", "NR_LOCAL_VOTACAO": "1244", "NM_UE": "CAMPINAS", "endereco_geocode": "Campinas, SP, Brasil", "lat": -22.9056391, "lng": -47.059564 }, "geometry": { "type": "Point", "coordinates": [ -47.059564, -22.9056391 ] } },
{ "type": "Feature", "properties": { "NR_ZONA": "423", "NR_SECAO": "268", "NR_LOCAL_VOTACAO": "1333", "NM_UE": "CAMPINAS", "endereco_geocode": "Campinas, SP, Brasil", "lat": -22.9056391, "lng": -47.059564 }, "geometry": { "type": "Point", "coordinates": [ -47.059564, -22.9056391 ] } },
{ "type": "Feature", "properties": { "NR_ZONA": "274", "NR_SECAO": "601", "NR_LOCAL_VOTACAO": "1090", "NM_UE": "CAMPINAS", "endereco_geocode": "Campinas, SP, Brasil", "lat": -22.9056391, "lng": -47.059564 }, "geometry": { "type": "Point", "coordinates": [ -47.059564, -22.9056391 ] } },
{ "type": "Feature", "properties": { "NR_ZONA": "275", "NR_SECAO": "114", "NR_LOCAL_VOTACAO": "1198", "NM_UE": "CAMPINAS", "endereco_geocode": "Campinas, SP, Brasil", "lat": -22.9056391, "lng": -47.059564 }, "geometry": { "type": "Point", "coordinates": [ -47.059564, -22.9056391 ] } },
{ "type": "Feature", "properties": { "NR_ZONA": "274", "NR_SECAO": "98", "NR_LOCAL_VOTACAO": "1112", "NM_UE": "CAMPINAS", "endereco_geocode": "Campinas, SP, Brasil", "lat": -22.9056391, "lng": -47.059564 }, "geometry": { "type": "Point", "coordinates": [ -47.059564, -22.9056391 ] } },
{ "type": "Feature", "properties": { "NR_ZONA": "423", "NR_SECAO": "54", "NR_LOCAL_VOTACAO": "1058", "NM_UE": "CAMPINAS", "endereco_geocode": "Campinas, SP, Brasil", "lat": -22.9056391, "lng": -47.059564 }, "geometry": { "type": "Point", "coordinates": [ -47.059564, -22.9056391 ] } },
{ "type": "Feature", "properties": { "NR_ZONA": "274", "NR_SECAO": "107", "NR_LOCAL_VOTACAO": "1120", "NM_UE": "CAMPINAS", "endereco_geocode": "Campinas, SP, Brasil", "lat": -22.9056391, "lng": -47.059564 }, "geometry": { "type": "Point", "coordinates": [ -47.059564, -22.9056391 ] } },
{ "type": "Feature", "properties": { "NR_ZONA": "274", "NR_SECAO": "593", "NR_LOCAL_VOTACAO": "1180", "NM_UE": "CAMPINAS", "endereco_geocode": "Campinas, SP, Brasil", "lat": -22.9056391, "lng": -47.059564 }, "geometry": { "type": "Point", "coordinates": [ -47.059564, -22.9056391 ] } },
{ "type": "Feature", "properties": { "NR_ZONA": "274", "NR_SECAO": "161", "NR_LOCAL_VOTACAO": "1201", "NM_UE": "CAMPINAS", "endereco_geocode": "Campinas, SP, Brasil", "lat": -22.9056391, "lng": -47.059564 }, "geometry": { "type": "Point", "coordinates": [ -47.059564, -22.9056391 ] } },
{ "type": "Feature", "properties": { "NR_ZONA": "33", "NR_SECAO": "420", "NR_LOCAL_VOTACAO": "2259", "NM_UE": "CAMPINAS", "endereco_geocode": "Campinas, SP, Brasil", "lat": -22.9056391, "lng": -47.059564 }, "geometry": { "type": "Point", "coordinates": [ -47.059564, -22.9056391 ] } },
{ "type": "Feature", "properties": { "NR_ZONA": "33", "NR_SECAO": "547", "NR_LOCAL_VOTACAO": "2372", "NM_UE": "CAMPINAS", "endereco_geocode": "Campinas, SP, Brasil", "lat": -22.9056391, "lng": -47.059564 }, "geometry": { "type": "Point", "coordinates": [ -47.059564, -22.9056391 ] } },
{ "type": "Feature", "properties": { "NR_ZONA": "33", "NR_SECAO": "135", "NR_LOCAL_VOTACAO": "1201", "NM_UE": "CAMPINAS", "endereco_geocode": "Campinas, SP, Brasil", "lat": -22.9056391, "lng": -47.059564 }, "geometry": { "type": "Point", "coordinates": [ -47.059564, -22.9056391 ] } },
{ "type": "Feature", "properties": { "NR_ZONA": "275", "NR_SECAO": "464", "NR_LOCAL_VOTACAO": "1449", "NM_UE": "CAMPINAS", "endereco_geocode": "Campinas, SP, Brasil", "lat": -22.9056391, "lng": -47.059564 }, "geometry": { "type": "Point", "coordinates": [ -47.059564, -22.9056391 ] } },
{ "type": "Feature", "properties": { "NR_ZONA": "274", "NR_SECAO": "149", "NR_LOCAL_VOTACAO": "1180", "NM_UE": "CAMPINAS", "endereco_geocode": "Campinas, SP, Brasil", "lat": -22.9056391, "lng": -47.059564 }, "geometry": { "type": "Point", "coordinates": [ -47.059564, -22.9056391 ] } },
{ "type": "Feature", "properties": { "NR_ZONA": "275", "NR_SECAO": "481", "NR_LOCAL_VOTACAO": "1600", "NM_UE": "CAMPINAS", "endereco_geocode": "Campinas, SP, Brasil", "lat": -22.9056391, "lng": -47.059564 }, "geometry": { "type": "Point", "coordinates": [ -47.059564, -22.9056391 ] } },
{ "type": "Feature", "properties": { "NR_ZONA": "274", "NR_SECAO": "663", "NR_LOCAL_VOTACAO": "1830", "NM_UE": "CAMPINAS", "endereco_geocode": "Campinas, SP, Brasil", "lat": -22.9056391, "lng": -47.059564 }, "geometry": { "type": "Point", "coordinates": [ -47.059564, -22.9056391 ] } },
{ "type": "Feature", "properties": { "NR_ZONA": "380", "NR_SECAO": "170", "NR_LOCAL_VOTACAO": "1368", "NM_UE": "CAMPINAS", "endereco_geocode": "Campinas, SP, Brasil", "lat": -22.9056391, "lng": -47.059564 }, "geometry": { "type": "Point", "coordinates": [ -47.059564, -22.9056391 ] } },
{ "type": "Feature", "properties": { "NR_ZONA": "380", "NR_SECAO": "7", "NR_LOCAL_VOTACAO": "1104", "NM_UE": "CAMPINAS", "endereco_geocode": "Campinas, SP, Brasil", "lat": -22.9056391, "lng": -47.059564 }, "geometry": { "type": "Point", "coordinates": [ -47.059564, -22.9056391 ] } },
{ "type": "Feature", "properties": { "NR_ZONA": "378", "NR_SECAO": "434", "NR_LOCAL_VOTACAO": "1589", "NM_UE": "CAMPINAS", "endereco_geocode": "Campinas, SP, Brasil", "lat": -22.9056391, "lng": -47.059564 }, "geometry": { "type": "Point", "coordinates": [ -47.059564, -22.9056391 ] } },
{ "type": "Feature", "properties": { "NR_ZONA": "274", "NR_SECAO": "400", "NR_LOCAL_VOTACAO": "1171", "NM_UE": "CAMPINAS", "endereco_geocode": "Campinas, SP, Brasil", "lat": -22.9056391, "lng": -47.059564 }, "geometry": { "type": "Point", "coordinates": [ -47.059564, -22.9056391 ] } },
{ "type": "Feature", "properties": { "NR_ZONA": "275", "NR_SECAO": "341", "NR_LOCAL_VOTACAO": "1350", "NM_UE": "CAMPINAS", "endereco_geocode": "Campinas, SP, Brasil", "lat": -22.9056391, "lng": -47.059564 }, "geometry": { "type": "Point", "coordinates": [ -47.059564, -22.9056391 ] } },
{ "type": "Feature", "properties": { "NR_ZONA": "423", "NR_SECAO": "147", "NR_LOCAL_VOTACAO": "1155", "NM_UE": "CAMPINAS", "endereco_geocode": "Campinas, SP, Brasil", "lat": -22.9056391, "lng": -47.059564 }, "geometry": { "type": "Point", "coordinates": [ -47.059564, -22.9056391 ] } },
{ "type": "Feature", "properties": { "NR_ZONA": "275", "NR_SECAO": "634", "NR_LOCAL_VOTACAO": "1600", "NM_UE": "CAMPINAS", "endereco_geocode": "Campinas, SP, Brasil", "lat": -22.9056391, "lng": -47.059564 }, "geometry": { "type": "Point", "coordinates": [ -47.059564, -22.9056391 ] } },
{ "type": "Feature", "properties": { "NR_ZONA": "274", "NR_SECAO": "751", "NR_LOCAL_VOTACAO": "2038", "NM_UE": "CAMPINAS", "endereco_geocode": "Campinas, SP, Brasil", "lat": -22.9056391, "lng": -47.059564 }, "geometry": { "type": "Point", "coordinates": [ -47.059564, -22.9056391 ] } },
{ "type": "Feature", "properties": { "NR_ZONA": "423", "NR_SECAO": "119", "NR_LOCAL_VOTACAO": "1112", "NM_UE": "CAMPINAS", "endereco_geocode": "Campinas, SP, Brasil", "lat": -22.9056391, "lng": -47.059564 }, "geometry": { "type": "Point", "coordinates": [ -47.059564, -22.9056391 ] } },
{ "type": "Feature", "properties": { "NR_ZONA": "274", "NR_SECAO": "581", "NR_LOCAL_VOTACAO": "1163", "NM_UE": "CAMPINAS", "endereco_geocode": "Campinas, SP, Brasil", "lat": -22.9056391, "lng": -47.059564 }, "geometry": { "type": "Point", "coordinates": [ -47.059564, -22.9056391 ] } },
{ "type": "Feature", "properties": { "NR_ZONA": "275", "NR_SECAO": "469", "NR_LOCAL_VOTACAO": "1600", "NM_UE": "CAMPINAS", "endereco_geocode": "Campinas, SP, Brasil", "lat": -22.9056391, "lng": -47.059564 }, "geometry": { "type": "Point", "coordinates": [ -47.059564, -22.9056391 ] } },
{ "type": "Feature", "properties": { "NR_ZONA": "380", "NR_SECAO": "201", "NR_LOCAL_VOTACAO": "1414", "NM_UE": "CAMPINAS", "endereco_geocode": "Campinas, SP, Brasil", "lat": -22.9056391, "lng": -47.059564 }, "geometry": { "type": "Point", "coordinates": [ -47.059564, -22.9056391 ] } },
{ "type": "Feature", "properties": { "NR_ZONA": "275", "NR_SECAO": "608", "NR_LOCAL_VOTACAO": "1910", "NM_UE": "CAMPINAS", "endereco_geocode": "Campinas, SP, Brasil", "lat": -22.9056391, "lng": -47.059564 }, "geometry": { "type": "Point", "coordinates": [ -47.059564, -22.9056391 ] } },
{ "type": "Feature", "properties": { "NR_ZONA": "423", "NR_SECAO": "301", "NR_LOCAL_VOTACAO": "1376", "NM_UE": "CAMPINAS", "endereco_geocode": "Campinas, SP, Brasil", "lat": -22.9056391, "lng": -47.059564 }, "geometry": { "type": "Point", "coordinates": [ -47.059564, -22.9056391 ] } },
{ "type": "Feature", "properties": { "NR_ZONA": "274", "NR_SECAO": "749", "NR_LOCAL_VOTACAO": "2020", "NM_UE": "CAMPINAS", "endereco_geocode": "Campinas, SP, Brasil", "lat": -22.9056391, "lng": -47.059564 }, "geometry": { "type": "Point", "coordinates": [ -47.059564, -22.9056391 ] } },
{ "type": "Feature", "properties": { "NR_ZONA": "423", "NR_SECAO": "272", "NR_LOCAL_VOTACAO": "1341", "NM_UE": "CAMPINAS", "endereco_geocode": "Campinas, SP, Brasil", "lat": -22.9056391, "lng": -47.059564 }, "geometry": { "type": "Point", "coordinates": [ -47.059564, -22.9056391 ] } },
{ "type": "Feature", "properties": { "NR_ZONA": "379", "NR_SECAO": "50", "NR_LOCAL_VOTACAO": "1058", "NM_UE": "CAMPINAS", "endereco_geocode": "Campinas, SP, Brasil", "lat": -22.9056391, "lng": -47.059564 }, "geometry": { "type": "Point", "coordinates": [ -47.059564, -22.9056391 ] } },
{ "type": "Feature", "properties": { "NR_ZONA": "423", "NR_SECAO": "212", "NR_LOCAL_VOTACAO": "1180", "NM_UE": "CAMPINAS", "endereco_geocode": "Campinas, SP, Brasil", "lat": -22.9056391, "lng": -47.059564 }, "geometry": { "type": "Point", "coordinates": [ -47.059564, -22.9056391 ] } },
{ "type": "Feature", "properties": { "NR_ZONA": "380", "NR_SECAO": "183", "NR_LOCAL_VOTACAO": "1392", "NM_UE": "CAMPINAS", "endereco_geocode": "Campinas, SP, Brasil", "lat": -22.9056391, "lng": -47.059564 }, "geometry": { "type": "Point", "coordinates": [ -47.059564, -22.9056391 ] } },
{ "type": "Feature", "properties": { "NR_ZONA": "423", "NR_SECAO": "175", "NR_LOCAL_VOTACAO": "1198", "NM_UE": "CAMPINAS", "endereco_geocode": "Campinas, SP, Brasil", "lat": -22.9056391, "lng": -47.059564 }, "geometry": { "type": "Point", "coordinates": [ -47.059564, -22.9056391 ] } },
{ "type": "Feature", "properties": { "NR_ZONA": "275", "NR_SECAO": "602", "NR_LOCAL_VOTACAO": "1929", "NM_UE": "CAMPINAS", "endereco_geocode": "Campinas, SP, Brasil", "lat": -22.9056391, "lng": -47.059564 }, "geometry": { "type": "Point", "coordinates": [ -47.059564, -22.9056391 ] } },
{ "type": "Feature", "properties": { "NR_ZONA": "423", "NR_SECAO": "214", "NR_LOCAL_VOTACAO": "1295", "NM_UE": "CAMPINAS", "endereco_geocode": "Campinas, SP, Brasil", "lat": -22.9056391, "lng": -47.059564 }, "geometry": { "type": "Point", "coordinates": [ -47.059564, -22.9056391 ] } },
{ "type": "Feature", "properties": { "NR_ZONA": "275", "NR_SECAO": "234", "NR_LOCAL_VOTACAO": "1724", "NM_UE": "CAMPINAS", "endereco_geocode": "Campinas, SP, Brasil", "lat": -22.9056391, "lng": -47.059564 }, "geometry": { "type": "Point", "coordinates": [ -47.059564, -22.9056391 ] } },
{ "type": "Feature", "properties": { "NR_ZONA": "379", "NR_SECAO": "323", "NR_LOCAL_VOTACAO": "1422", "NM_UE": "CAMPINAS", "endereco_geocode": "Campinas, SP, Brasil", "lat": -22.9056391, "lng": -47.059564 }, "geometry": { "type": "Point", "coordinates": [ -47.059564, -22.9056391 ] } },
{ "type": "Feature", "properties": { "NR_ZONA": "379", "NR_SECAO": "329", "NR_LOCAL_VOTACAO": "1430", "NM_UE": "CAMPINAS", "endereco_geocode": "Campinas, SP, Brasil", "lat": -22.9056391, "lng": -47.059564 }, "geometry": { "type": "Point", "coordinates": [ -47.059564, -22.9056391 ] } },
{ "type": "Feature", "properties": { "NR_ZONA": "379", "NR_SECAO": "408", "NR_LOCAL_VOTACAO": "1430", "NM_UE": "CAMPINAS", "endereco_geocode": "Campinas, SP, Brasil", "lat": -22.9056391, "lng": -47.059564 }, "geometry": { "type": "Point", "coordinates": [ -47.059564, -22.9056391 ] } },
{ "type": "Feature", "properties": { "NR_ZONA": "33", "NR_SECAO": "36", "NR_LOCAL_VOTACAO": "1066", "NM_UE": "CAMPINAS", "endereco_geocode": "Campinas, SP, Brasil", "lat": -22.9056391, "lng": -47.059564 }, "geometry": { "type": "Point", "coordinates": [ -47.059564, -22.9056391 ] } },
{ "type": "Feature", "properties": { "NR_ZONA": "274", "NR_SECAO": "68", "NR_LOCAL_VOTACAO": "1082", "NM_UE": "CAMPINAS", "endereco_geocode": "Campinas, SP, Brasil", "lat": -22.9056391, "lng": -47.059564 }, "geometry": { "type": "Point", "coordinates": [ -47.059564, -22.9056391 ] } },
{ "type": "Feature", "properties": { "NR_ZONA": "380", "NR_SECAO": "13", "NR_LOCAL_VOTACAO": "1104", "NM_UE": "CAMPINAS", "endereco_geocode": "Campinas, SP, Brasil", "lat": -22.9056391, "lng": -47.059564 }, "geometry": { "type": "Point", "coordinates": [ -47.059564, -22.9056391 ] } },
{ "type": "Feature", "properties": { "NR_ZONA": "423", "NR_SECAO": "248", "NR_LOCAL_VOTACAO": "1279", "NM_UE": "CAMPINAS", "endereco_geocode": "Campinas, SP, Brasil", "lat": -22.9056391, "lng": -47.059564 }, "geometry": { "type": "Point", "coordinates": [ -47.059564, -22.9056391 ] } },
{ "type": "Feature", "properties": { "NR_ZONA": "423", "NR_SECAO": "84", "NR_LOCAL_VOTACAO": "1082", "NM_UE": "CAMPINAS", "endereco_geocode": "Campinas, SP, Brasil", "lat": -22.9056391, "lng": -47.059564 }, "geometry": { "type": "Point", "coordinates": [ -47.059564, -22.9056391 ] } },
{ "type": "Feature", "properties": { "NR_ZONA": "379", "NR_SECAO": "63", "NR_LOCAL_VOTACAO": "1074", "NM_UE": "CAMPINAS", "endereco_geocode": "Campinas, SP, Brasil", "lat": -22.9056391, "lng": -47.059564 }, "geometry": { "type": "Point", "coordinates": [ -47.059564, -22.9056391 ] } },
{ "type": "Feature", "properties": { "NR_ZONA": "379", "NR_SECAO": "141", "NR_LOCAL_VOTACAO": "1155", "NM_UE": "CAMPINAS", "endereco_geocode": "Campinas, SP, Brasil", "lat": -22.9056391, "lng": -47.059564 }, "geometry": { "type": "Point", "coordinates": [ -47.059564, -22.9056391 ] } },
{ "type": "Feature", "properties": { "NR_ZONA": "379", "NR_SECAO": "65", "NR_LOCAL_VOTACAO": "1074", "NM_UE": "CAMPINAS", "endereco_geocode": "Campinas, SP, Brasil", "lat": -22.9056391, "lng": -47.059564 }, "geometry": { "type": "Point", "coordinates": [ -47.059564, -22.9056391 ] } },
{ "type": "Feature", "properties": { "NR_ZONA": "274", "NR_SECAO": "728", "NR_LOCAL_VOTACAO": "1996", "NM_UE": "CAMPINAS", "endereco_geocode": "Campinas, SP, Brasil", "lat": -22.9056391, "lng": -47.059564 }, "geometry": { "type": "Point", "coordinates": [ -47.059564, -22.9056391 ] } },
{ "type": "Feature", "properties": { "NR_ZONA": "33", "NR_SECAO": "516", "NR_LOCAL_VOTACAO": "2348", "NM_UE": "CAMPINAS", "endereco_geocode": "Campinas, SP, Brasil", "lat": -22.9056391, "lng": -47.059564 }, "geometry": { "type": "Point", "coordinates": [ -47.059564, -22.9056391 ] } },
{ "type": "Feature", "properties": { "NR_ZONA": "378", "NR_SECAO": "203", "NR_LOCAL_VOTACAO": "1252", "NM_UE": "CAMPINAS", "endereco_geocode": "Campinas, SP, Brasil", "lat": -22.9056391, "lng": -47.059564 }, "geometry": { "type": "Point", "coordinates": [ -47.059564, -22.9056391 ] } },
{ "type": "Feature", "properties": { "NR_ZONA": "275", "NR_SECAO": "639", "NR_LOCAL_VOTACAO": "1988", "NM_UE": "CAMPINAS", "endereco_geocode": "Campinas, SP, Brasil", "lat": -22.9056391, "lng": -47.059564 }, "geometry": { "type": "Point", "coordinates": [ -47.059564, -22.9056391 ] } },
{ "type": "Feature", "properties": { "NR_ZONA": "275", "NR_SECAO": "432", "NR_LOCAL_VOTACAO": "1309", "NM_UE": "CAMPINAS", "endereco_geocode": "Campinas, SP, Brasil", "lat": -22.9056391, "lng": -47.059564 }, "geometry": { "type": "Point", "coordinates": [ -47.059564, -22.9056391 ] } },
{ "type": "Feature", "properties": { "NR_ZONA": "274", "NR_SECAO": "163", "NR_LOCAL_VOTACAO": "1201", "NM_UE": "CAMPINAS", "endereco_geocode": "Campinas, SP, Brasil", "lat": -22.9056391, "lng": -47.059564 }, "geometry": { "type": "Point", "coordinates": [ -47.059564, -22.9056391 ] } },
{ "type": "Feature", "properties": { "NR_ZONA": "33", "NR_SECAO": "558", "NR_LOCAL_VOTACAO": "2380", "NM_UE": "CAMPINAS", "endereco_geocode": "Campinas, SP, Brasil", "lat": -22.9056391, "lng": -47.059564 }, "geometry": { "type": "Point", "coordinates": [ -47.059564, -22.9056391 ] } },
{ "type": "Feature", "properties": { "NR_ZONA": "275", "NR_SECAO": "237", "NR_LOCAL_VOTACAO": "1350", "NM_UE": "CAMPINAS", "endereco_geocode": "Campinas, SP, Brasil", "lat": -22.9056391, "lng": -47.059564 }, "geometry": { "type": "Point", "coordinates": [ -47.059564, -22.9056391 ] } },
{ "type": "Feature", "properties": { "NR_ZONA": "33", "NR_SECAO": "55", "NR_LOCAL_VOTACAO": "1082", "NM_UE": "CAMPINAS", "endereco_geocode": "Campinas, SP, Brasil", "lat": -22.9056391, "lng": -47.059564 }, "geometry": { "type": "Point", "coordinates": [ -47.059564, -22.9056391 ] } },
{ "type": "Feature", "properties": { "NR_ZONA": "274", "NR_SECAO": "478", "NR_LOCAL_VOTACAO": "1481", "NM_UE": "CAMPINAS", "endereco_geocode": "Campinas, SP, Brasil", "lat": -22.9056391, "lng": -47.059564 }, "geometry": { "type": "Point", "coordinates": [ -47.059564, -22.9056391 ] } },
{ "type": "Feature", "properties": { "NR_ZONA": "378", "NR_SECAO": "1", "NR_LOCAL_VOTACAO": "1015", "NM_UE": "CAMPINAS", "endereco_geocode": "Campinas, SP, Brasil", "lat": -22.9056391, "lng": -47.059564 }, "geometry": { "type": "Point", "coordinates": [ -47.059564, -22.9056391 ] } },
{ "type": "Feature", "properties": { "NR_ZONA": "380", "NR_SECAO": "6", "NR_LOCAL_VOTACAO": "1082", "NM_UE": "CAMPINAS", "endereco_geocode": "Campinas, SP, Brasil", "lat": -22.9056391, "lng": -47.059564 }, "geometry": { "type": "Point", "coordinates": [ -47.059564, -22.9056391 ] } },
{ "type": "Feature", "properties": { "NR_ZONA": "274", "NR_SECAO": "104", "NR_LOCAL_VOTACAO": "1120", "NM_UE": "CAMPINAS", "endereco_geocode": "Campinas, SP, Brasil", "lat": -22.9056391, "lng": -47.059564 }, "geometry": { "type": "Point", "coordinates": [ -47.059564, -22.9056391 ] } },
{ "type": "Feature", "properties": { "NR_ZONA": "274", "NR_SECAO": "557", "NR_LOCAL_VOTACAO": "1481", "NM_UE": "CAMPINAS", "endereco_geocode": "Campinas, SP, Brasil", "lat": -22.9056391, "lng": -47.059564 }, "geometry": { "type": "Point", "coordinates": [ -47.059564, -22.9056391 ] } },
{ "type": "Feature", "properties": { "NR_ZONA": "274", "NR_SECAO": "685", "NR_LOCAL_VOTACAO": "1961", "NM_UE": "CAMPINAS", "endereco_geocode": "Campinas, SP, Brasil", "lat": -22.9056391, "lng": -47.059564 }, "geometry": { "type": "Point", "coordinates": [ -47.059564, -22.9056391 ] } },
{ "type": "Feature", "properties": { "NR_ZONA": "380", "NR_SECAO": "179", "NR_LOCAL_VOTACAO": "1392", "NM_UE": "CAMPINAS", "endereco_geocode": "Campinas, SP, Brasil", "lat": -22.9056391, "lng": -47.059564 }, "geometry": { "type": "Point", "coordinates": [ -47.059564, -22.9056391 ] } },
{ "type": "Feature", "properties": { "NR_ZONA": "379", "NR_SECAO": "51", "NR_LOCAL_VOTACAO": "1058", "NM_UE": "CAMPINAS", "endereco_geocode": "Campinas, SP, Brasil", "lat": -22.9056391, "lng": -47.059564 }, "geometry": { "type": "Point", "coordinates": [ -47.059564, -22.9056391 ] } },
{ "type": "Feature", "properties": { "NR_ZONA": "379", "NR_SECAO": "445", "NR_LOCAL_VOTACAO": "1520", "NM_UE": "CAMPINAS", "endereco_geocode": "Campinas, SP, Brasil", "lat": -22.9056391, "lng": -47.059564 }, "geometry": { "type": "Point", "coordinates": [ -47.059564, -22.9056391 ] } },
{ "type": "Feature", "properties": { "NR_ZONA": "379", "NR_SECAO": "379", "NR_LOCAL_VOTACAO": "1414", "NM_UE": "CAMPINAS", "endereco_geocode": "Campinas, SP, Brasil", "lat": -22.9056391, "lng": -47.059564 }, "geometry": { "type": "Point", "coordinates": [ -47.059564, -22.9056391 ] } },
{ "type": "Feature", "properties": { "NR_ZONA": "379", "NR_SECAO": "466", "NR_LOCAL_VOTACAO": "1546", "NM_UE": "CAMPINAS", "endereco_geocode": "Campinas, SP, Brasil", "lat": -22.9056391, "lng": -47.059564 }, "geometry": { "type": "Point", "coordinates": [ -47.059564, -22.9056391 ] } },
{ "type": "Feature", "properties": { "NR_ZONA": "33", "NR_SECAO": "429", "NR_LOCAL_VOTACAO": "2267", "NM_UE": "CAMPINAS", "endereco_geocode": "Campinas, SP, Brasil", "lat": -22.9056391, "lng": -47.059564 }, "geometry": { "type": "Point", "coordinates": [ -47.059564, -22.9056391 ] } },
{ "type": "Feature", "properties": { "NR_ZONA": "33", "NR_SECAO": "127", "NR_LOCAL_VOTACAO": "1201", "NM_UE": "CAMPINAS", "endereco_geocode": "Campinas, SP, Brasil", "lat": -22.9056391, "lng": -47.059564 }, "geometry": { "type": "Point", "coordinates": [ -47.059564, -22.9056391 ] } },
{ "type": "Feature", "properties": { "NR_ZONA": "379", "NR_SECAO": "358", "NR_LOCAL_VOTACAO": "1449", "NM_UE": "CAMPINAS", "endereco_geocode": "Campinas, SP, Brasil", "lat": -22.9056391, "lng": -47.059564 }, "geometry": { "type": "Point", "coordinates": [ -47.059564, -22.9056391 ] } },
{ "type": "Feature", "properties": { "NR_ZONA": "380", "NR_SECAO": "340", "NR_LOCAL_VOTACAO": "1180", "NM_UE": "CAMPINAS", "endereco_geocode": "Campinas, SP, Brasil", "lat": -22.9056391, "lng": -47.059564 }, "geometry": { "type": "Point", "coordinates": [ -47.059564, -22.9056391 ] } },
{ "type": "Feature", "properties": { "NR_ZONA": "423", "NR_SECAO": "299", "NR_LOCAL_VOTACAO": "1376", "NM_UE": "CAMPINAS", "endereco_geocode": "Campinas, SP, Brasil", "lat": -22.9056391, "lng": -47.059564 }, "geometry": { "type": "Point", "coordinates": [ -47.059564, -22.9056391 ] } },
{ "type": "Feature", "properties": { "NR_ZONA": "380", "NR_SECAO": "50", "NR_LOCAL_VOTACAO": "1155", "NM_UE": "CAMPINAS", "endereco_geocode": "Campinas, SP, Brasil", "lat": -22.9056391, "lng": -47.059564 }, "geometry": { "type": "Point", "coordinates": [ -47.059564, -22.9056391 ] } },
{ "type": "Feature", "properties": { "NR_ZONA": "275", "NR_SECAO": "521", "NR_LOCAL_VOTACAO": "1180", "NM_UE": "CAMPINAS", "endereco_geocode": "Campinas, SP, Brasil", "lat": -22.9056391, "lng": -47.059564 }, "geometry": { "type": "Point", "coordinates": [ -47.059564, -22.9056391 ] } },
{ "type": "Feature", "properties": { "NR_ZONA": "33", "NR_SECAO": "576", "NR_LOCAL_VOTACAO": "2410", "NM_UE": "CAMPINAS", "endereco_geocode": "Campinas, SP, Brasil", "lat": -22.9056391, "lng": -47.059564 }, "geometry": { "type": "Point", "coordinates": [ -47.059564, -22.9056391 ] } },
{ "type": "Feature", "properties": { "NR_ZONA": "33", "NR_SECAO": "453", "NR_LOCAL_VOTACAO": "2291", "NM_UE": "CAMPINAS", "endereco_geocode": "Campinas, SP, Brasil", "lat": -22.9056391, "lng": -47.059564 }, "geometry": { "type": "Point", "coordinates": [ -47.059564, -22.9056391 ] } },
{ "type": "Feature", "properties": { "NR_ZONA": "33", "NR_SECAO": "510", "NR_LOCAL_VOTACAO": "2348", "NM_UE": "CAMPINAS", "endereco_geocode": "Campinas, SP, Brasil", "lat": -22.9056391, "lng": -47.059564 }, "geometry": { "type": "Point", "coordinates": [ -47.059564, -22.9056391 ] } },
{ "type": "Feature", "properties": { "NR_ZONA": "33", "NR_SECAO": "430", "NR_LOCAL_VOTACAO": "2275", "NM_UE": "CAMPINAS", "endereco_geocode": "Campinas, SP, Brasil", "lat": -22.9056391, "lng": -47.059564 }, "geometry": { "type": "Point", "coordinates": [ -47.059564, -22.9056391 ] } },
{ "type": "Feature", "properties": { "NR_ZONA": "33", "NR_SECAO": "330", "NR_LOCAL_VOTACAO": "2135", "NM_UE": "CAMPINAS", "endereco_geocode": "Campinas, SP, Brasil", "lat": -22.9056391, "lng": -47.059564 }, "geometry": { "type": "Point", "coordinates": [ -47.059564, -22.9056391 ] } },
{ "type": "Feature", "properties": { "NR_ZONA": "33", "NR_SECAO": "1", "NR_LOCAL_VOTACAO": "1015", "NM_UE": "CAMPINAS", "endereco_geocode": "Campinas, SP, Brasil", "lat": -22.9056391, "lng": -47.059564 }, "geometry": { "type": "Point", "coordinates": [ -47.059564, -22.9056391 ] } },
{ "type": "Feature", "properties": { "NR_ZONA": "33", "NR_SECAO": "28", "NR_LOCAL_VOTACAO": "1058", "NM_UE": "CAMPINAS", "endereco_geocode": "Campinas, SP, Brasil", "lat": -22.9056391, "lng": -47.059564 }, "geometry": { "type": "Point", "coordinates": [ -47.059564, -22.9056391 ] } },
{ "type": "Feature", "properties": { "NR_ZONA": "379", "NR_SECAO": "23", "NR_LOCAL_VOTACAO": "1031", "NM_UE": "CAMPINAS", "endereco_geocode": "Campinas, SP, Brasil", "lat": -22.9056391, "lng": -47.059564 }, "geometry": { "type": "Point", "coordinates": [ -47.059564, -22.9056391 ] } },
{ "type": "Feature", "properties": { "NR_ZONA": "33", "NR_SECAO": "464", "NR_LOCAL_VOTACAO": "2291", "NM_UE": "CAMPINAS", "endereco_geocode": "Campinas, SP, Brasil", "lat": -22.9056391, "lng": -47.059564 }, "geometry": { "type": "Point", "coordinates": [ -47.059564, -22.9056391 ] } },
{ "type": "Feature", "properties": { "NR_ZONA": "423", "NR_SECAO": "148", "NR_LOCAL_VOTACAO": "1155", "NM_UE": "CAMPINAS", "endereco_geocode": "Campinas, SP, Brasil", "lat": -22.9056391, "lng": -47.059564 }, "geometry": { "type": "Point", "coordinates": [ -47.059564, -22.9056391 ] } },
{ "type": "Feature", "properties": { "NR_ZONA": "423", "NR_SECAO": "117", "NR_LOCAL_VOTACAO": "1112", "NM_UE": "CAMPINAS", "endereco_geocode": "Campinas, SP, Brasil", "lat": -22.9056391, "lng": -47.059564 }, "geometry": { "type": "Point", "coordinates": [ -47.059564, -22.9056391 ] } },
{ "type": "Feature", "properties": { "NR_ZONA": "379", "NR_SECAO": "203", "NR_LOCAL_VOTACAO": "1317", "NM_UE": "CAMPINAS", "endereco_geocode": "Campinas, SP, Brasil", "lat": -22.9056391, "lng": -47.059564 }, "geometry": { "type": "Point", "coordinates": [ -47.059564, -22.9056391 ] } },
{ "type": "Feature", "properties": { "NR_ZONA": "378", "NR_SECAO": "113", "NR_LOCAL_VOTACAO": "1082", "NM_UE": "CAMPINAS", "endereco_geocode": "Campinas, SP, Brasil", "lat": -22.9056391, "lng": -47.059564 }, "geometry": { "type": "Point", "coordinates": [ -47.059564, -22.9056391 ] } },
{ "type": "Feature", "properties": { "NR_ZONA": "33", "NR_SECAO": "561", "NR_LOCAL_VOTACAO": "2380", "NM_UE": "CAMPINAS", "endereco_geocode": "Campinas, SP, Brasil", "lat": -22.9056391, "lng": -47.059564 }, "geometry": { "type": "Point", "coordinates": [ -47.059564, -22.9056391 ] } },
{ "type": "Feature", "properties": { "NR_ZONA": "33", "NR_SECAO": "271", "NR_LOCAL_VOTACAO": "1074", "NM_UE": "CAMPINAS", "endereco_geocode": "Campinas, SP, Brasil", "lat": -22.9056391, "lng": -47.059564 }, "geometry": { "type": "Point", "coordinates": [ -47.059564, -22.9056391 ] } },
{ "type": "Feature", "properties": { "NR_ZONA": "33", "NR_SECAO": "436", "NR_LOCAL_VOTACAO": "2275", "NM_UE": "CAMPINAS", "endereco_geocode": "Campinas, SP, Brasil", "lat": -22.9056391, "lng": -47.059564 }, "geometry": { "type": "Point", "coordinates": [ -47.059564, -22.9056391 ] } },
{ "type": "Feature", "properties": { "NR_ZONA": "378", "NR_SECAO": "315", "NR_LOCAL_VOTACAO": "1430", "NM_UE": "CAMPINAS", "endereco_geocode": "Campinas, SP, Brasil", "lat": -22.9056391, "lng": -47.059564 }, "geometry": { "type": "Point", "coordinates": [ -47.059564, -22.9056391 ] } },
{ "type": "Feature", "properties": { "NR_ZONA": "33", "NR_SECAO": "31", "NR_LOCAL_VOTACAO": "1058", "NM_UE": "CAMPINAS", "endereco_geocode": "Campinas, SP, Brasil", "lat": -22.9056391, "lng": -47.059564 }, "geometry": { "type": "Point", "coordinates": [ -47.059564, -22.9056391 ] } },
{ "type": "Feature", "properties": { "NR_ZONA": "379", "NR_SECAO": "386", "NR_LOCAL_VOTACAO": "1473", "NM_UE": "CAMPINAS", "endereco_geocode": "Campinas, SP, Brasil", "lat": -22.9056391, "lng": -47.059564 }, "geometry": { "type": "Point", "coordinates": [ -47.059564, -22.9056391 ] } },
{ "type": "Feature", "properties": { "NR_ZONA": "274", "NR_SECAO": "617", "NR_LOCAL_VOTACAO": "1872", "NM_UE": "CAMPINAS", "endereco_geocode": "Campinas, SP, Brasil", "lat": -22.9056391, "lng": -47.059564 }, "geometry": { "type": "Point", "coordinates": [ -47.059564, -22.9056391 ] } },
{ "type": "Feature", "properties": { "NR_ZONA": "379", "NR_SECAO": "199", "NR_LOCAL_VOTACAO": "1317", "NM_UE": "CAMPINAS", "endereco_geocode": "Campinas, SP, Brasil", "lat": -22.9056391, "lng": -47.059564 }, "geometry": { "type": "Point", "coordinates": [ -47.059564, -22.9056391 ] } },
{ "type": "Feature", "properties": { "NR_ZONA": "275", "NR_SECAO": "357", "NR_LOCAL_VOTACAO": "1724", "NM_UE": "CAMPINAS", "endereco_geocode": "Campinas, SP, Brasil", "lat": -22.9056391, "lng": -47.059564 }, "geometry": { "type": "Point", "coordinates": [ -47.059564, -22.9056391 ] } },
{ "type": "Feature", "properties": { "NR_ZONA": "33", "NR_SECAO": "118", "NR_LOCAL_VOTACAO": "1180", "NM_UE": "CAMPINAS", "endereco_geocode": "Campinas, SP, Brasil", "lat": -22.9056391, "lng": -47.059564 }, "geometry": { "type": "Point", "coordinates": [ -47.059564, -22.9056391 ] } },
{ "type": "Feature", "properties": { "NR_ZONA": "423", "NR_SECAO": "284", "NR_LOCAL_VOTACAO": "1368", "NM_UE": "CAMPINAS", "endereco_geocode": "Campinas, SP, Brasil", "lat": -22.9056391, "lng": -47.059564 }, "geometry": { "type": "Point", "coordinates": [ -47.059564, -22.9056391 ] } },
{ "type": "Feature", "properties": { "NR_ZONA": "423", "NR_SECAO": "251", "NR_LOCAL_VOTACAO": "1279", "NM_UE": "CAMPINAS", "endereco_geocode": "Campinas, SP, Brasil", "lat": -22.9056391, "lng": -47.059564 }, "geometry": { "type": "Point", "coordinates": [ -47.059564, -22.9056391 ] } },
{ "type": "Feature", "properties": { "NR_ZONA": "275", "NR_SECAO": "596", "NR_LOCAL_VOTACAO": "1929", "NM_UE": "CAMPINAS", "endereco_geocode": "Campinas, SP, Brasil", "lat": -22.9056391, "lng": -47.059564 }, "geometry": { "type": "Point", "coordinates": [ -47.059564, -22.9056391 ] } },
{ "type": "Feature", "properties": { "NR_ZONA": "380", "NR_SECAO": "15", "NR_LOCAL_VOTACAO": "1112", "NM_UE": "CAMPINAS", "endereco_geocode": "Campinas, SP, Brasil", "lat": -22.9056391, "lng": -47.059564 }, "geometry": { "type": "Point", "coordinates": [ -47.059564, -22.9056391 ] } },
{ "type": "Feature", "properties": { "NR_ZONA": "274", "NR_SECAO": "684", "NR_LOCAL_VOTACAO": "1961", "NM_UE": "CAMPINAS", "endereco_geocode": "Campinas, SP, Brasil", "lat": -22.9056391, "lng": -47.059564 }, "geometry": { "type": "Point", "coordinates": [ -47.059564, -22.9056391 ] } },
{ "type": "Feature", "properties": { "NR_ZONA": "274", "NR_SECAO": "88", "NR_LOCAL_VOTACAO": "1104", "NM_UE": "CAMPINAS", "endereco_geocode": "Campinas, SP, Brasil", "lat": -22.9056391, "lng": -47.059564 }, "geometry": { "type": "Point", "coordinates": [ -47.059564, -22.9056391 ] } },
{ "type": "Feature", "properties": { "NR_ZONA": "380", "NR_SECAO": "274", "NR_LOCAL_VOTACAO": "1449", "NM_UE": "CAMPINAS", "endereco_geocode": "Campinas, SP, Brasil", "lat": -22.9056391, "lng": -47.059564 }, "geometry": { "type": "Point", "coordinates": [ -47.059564, -22.9056391 ] } },
{ "type": "Feature", "properties": { "NR_ZONA": "379", "NR_SECAO": "232", "NR_LOCAL_VOTACAO": "1252", "NM_UE": "CAMPINAS", "endereco_geocode": "Campinas, SP, Brasil", "lat": -22.9056391, "lng": -47.059564 }, "geometry": { "type": "Point", "coordinates": [ -47.059564, -22.9056391 ] } },
{ "type": "Feature", "properties": { "NR_ZONA": "378", "NR_SECAO": "378", "NR_LOCAL_VOTACAO": "1520", "NM_UE": "CAMPINAS", "endereco_geocode": "Campinas, SP, Brasil", "lat": -22.9056391, "lng": -47.059564 }, "geometry": { "type": "Point", "coordinates": [ -47.059564, -22.9056391 ] } },
{ "type": "Feature", "properties": { "NR_ZONA": "380", "NR_SECAO": "32", "NR_LOCAL_VOTACAO": "1139", "NM_UE": "CAMPINAS", "endereco_geocode": "Campinas, SP, Brasil", "lat": -22.9056391, "lng": -47.059564 }, "geometry": { "type": "Point", "coordinates": [ -47.059564, -22.9056391 ] } },
{ "type": "Feature", "properties": { "NR_ZONA": "380", "NR_SECAO": "287", "NR_LOCAL_VOTACAO": "1031", "NM_UE": "CAMPINAS", "endereco_geocode": "Campinas, SP, Brasil", "lat": -22.9056391, "lng": -47.059564 }, "geometry": { "type": "Point", "coordinates": [ -47.059564, -22.9056391 ] } },
{ "type": "Feature", "properties": { "NR_ZONA": "275", "NR_SECAO": "392", "NR_LOCAL_VOTACAO": "1104", "NM_UE": "CAMPINAS", "endereco_geocode": "Campinas, SP, Brasil", "lat": -22.9056391, "lng": -47.059564 }, "geometry": { "type": "Point", "coordinates": [ -47.059564, -22.9056391 ] } },
{ "type": "Feature", "properties": { "NR_ZONA": "378", "NR_SECAO": "37", "NR_LOCAL_VOTACAO": "1031", "NM_UE": "CAMPINAS", "endereco_geocode": "Campinas, SP, Brasil", "lat": -22.9056391, "lng": -47.059564 }, "geometry": { "type": "Point", "coordinates": [ -47.059564, -22.9056391 ] } },
{ "type": "Feature", "properties": { "NR_ZONA": "378", "NR_SECAO": "490", "NR_LOCAL_VOTACAO": "1163", "NM_UE": "CAMPINAS", "endereco_geocode": "Campinas, SP, Brasil", "lat": -22.9056391, "lng": -47.059564 }, "geometry": { "type": "Point", "coordinates": [ -47.059564, -22.9056391 ] } },
{ "type": "Feature", "properties": { "NR_ZONA": "379", "NR_SECAO": "22", "NR_LOCAL_VOTACAO": "1023", "NM_UE": "CAMPINAS", "endereco_geocode": "Campinas, SP, Brasil", "lat": -22.9056391, "lng": -47.059564 }, "geometry": { "type": "Point", "coordinates": [ -47.059564, -22.9056391 ] } },
{ "type": "Feature", "properties": { "NR_ZONA": "378", "NR_SECAO": "226", "NR_LOCAL_VOTACAO": "1180", "NM_UE": "CAMPINAS", "endereco_geocode": "Campinas, SP, Brasil", "lat": -22.9056391, "lng": -47.059564 }, "geometry": { "type": "Point", "coordinates": [ -47.059564, -22.9056391 ] } },
{ "type": "Feature", "properties": { "NR_ZONA": "378", "NR_SECAO": "565", "NR_LOCAL_VOTACAO": "1163", "NM_UE": "CAMPINAS", "endereco_geocode": "Campinas, SP, Brasil", "lat": -22.9056391, "lng": -47.059564 }, "geometry": { "type": "Point", "coordinates": [ -47.059564, -22.9056391 ] } },
{ "type": "Feature", "properties": { "NR_ZONA": "275", "NR_SECAO": "39", "NR_LOCAL_VOTACAO": "1066", "NM_UE": "CAMPINAS", "endereco_geocode": "Campinas, SP, Brasil", "lat": -22.9056391, "lng": -47.059564 }, "geometry": { "type": "Point", "coordinates": [ -47.059564, -22.9056391 ] } },
{ "type": "Feature", "properties": { "NR_ZONA": "380", "NR_SECAO": "202", "NR_LOCAL_VOTACAO": "1414", "NM_UE": "CAMPINAS", "endereco_geocode": "Campinas, SP, Brasil", "lat": -22.9056391, "lng": -47.059564 }, "geometry": { "type": "Point", "coordinates": [ -47.059564, -22.9056391 ] } },
{ "type": "Feature", "properties": { "NR_ZONA": "379", "NR_SECAO": "448", "NR_LOCAL_VOTACAO": "1414", "NM_UE": "CAMPINAS", "endereco_geocode": "Campinas, SP, Brasil", "lat": -22.9056391, "lng": -47.059564 }, "geometry": { "type": "Point", "coordinates": [ -47.059564, -22.9056391 ] } },
{ "type": "Feature", "properties": { "NR_ZONA": "380", "NR_SECAO": "318", "NR_LOCAL_VOTACAO": "1252", "NM_UE": "CAMPINAS", "endereco_geocode": "Campinas, SP, Brasil", "lat": -22.9056391, "lng": -47.059564 }, "geometry": { "type": "Point", "coordinates": [ -47.059564, -22.9056391 ] } },
{ "type": "Feature", "properties": { "NR_ZONA": "380", "NR_SECAO": "63", "NR_LOCAL_VOTACAO": "1163", "NM_UE": "CAMPINAS", "endereco_geocode": "Campinas, SP, Brasil", "lat": -22.9056391, "lng": -47.059564 }, "geometry": { "type": "Point", "coordinates": [ -47.059564, -22.9056391 ] } },
{ "type": "Feature", "properties": { "NR_ZONA": "275", "NR_SECAO": "607", "NR_LOCAL_VOTACAO": "1104", "NM_UE": "CAMPINAS", "endereco_geocode": "Campinas, SP, Brasil", "lat": -22.9056391, "lng": -47.059564 }, "geometry": { "type": "Point", "coordinates": [ -47.059564, -22.9056391 ] } },
{ "type": "Feature", "properties": { "NR_ZONA": "379", "NR_SECAO": "3", "NR_LOCAL_VOTACAO": "1015", "NM_UE": "CAMPINAS", "endereco_geocode": "Campinas, SP, Brasil", "lat": -22.9056391, "lng": -47.059564 }, "geometry": { "type": "Point", "coordinates": [ -47.059564, -22.9056391 ] } },
{ "type": "Feature", "properties": { "NR_ZONA": "380", "NR_SECAO": "285", "NR_LOCAL_VOTACAO": "1430", "NM_UE": "CAMPINAS", "endereco_geocode": "Campinas, SP, Brasil", "lat": -22.9056391, "lng": -47.059564 }, "geometry": { "type": "Point", "coordinates": [ -47.059564, -22.9056391 ] } },
{ "type": "Feature", "properties": { "NR_ZONA": "275", "NR_SECAO": "482", "NR_LOCAL_VOTACAO": "1872", "NM_UE": "CAMPINAS", "endereco_geocode": "Campinas, SP, Brasil", "lat": -22.9056391, "lng": -47.059564 }, "geometry": { "type": "Point", "coordinates": [ -47.059564, -22.9056391 ] } },
{ "type": "Feature", "properties": { "NR_ZONA": "275", "NR_SECAO": "299", "NR_LOCAL_VOTACAO": "1449", "NM_UE": "CAMPINAS", "endereco_geocode": "Campinas, SP, Brasil", "lat": -22.9056391, "lng": -47.059564 }, "geometry": { "type": "Point", "coordinates": [ -47.059564, -22.9056391 ] } },
{ "type": "Feature", "properties": { "NR_ZONA": "378", "NR_SECAO": "309", "NR_LOCAL_VOTACAO": "1279", "NM_UE": "CAMPINAS", "endereco_geocode": "Campinas, SP, Brasil", "lat": -22.9056391, "lng": -47.059564 }, "geometry": { "type": "Point", "coordinates": [ -47.059564, -22.9056391 ] } },
{ "type": "Feature", "properties": { "NR_ZONA": "274", "NR_SECAO": "719", "NR_LOCAL_VOTACAO": "1988", "NM_UE": "CAMPINAS", "endereco_geocode": "Campinas, SP, Brasil", "lat": -22.9056391, "lng": -47.059564 }, "geometry": { "type": "Point", "coordinates": [ -47.059564, -22.9056391 ] } },
{ "type": "Feature", "properties": { "NR_ZONA": "33", "NR_SECAO": "326", "NR_LOCAL_VOTACAO": "1201", "NM_UE": "CAMPINAS", "endereco_geocode": "Campinas, SP, Brasil", "lat": -22.9056391, "lng": -47.059564 }, "geometry": { "type": "Point", "coordinates": [ -47.059564, -22.9056391 ] } },
{ "type": "Feature", "properties": { "NR_ZONA": "379", "NR_SECAO": "24", "NR_LOCAL_VOTACAO": "1031", "NM_UE": "CAMPINAS", "endereco_geocode": "Campinas, SP, Brasil", "lat": -22.9056391, "lng": -47.059564 }, "geometry": { "type": "Point", "coordinates": [ -47.059564, -22.9056391 ] } },
{ "type": "Feature", "properties": { "NR_ZONA": "33", "NR_SECAO": "351", "NR_LOCAL_VOTACAO": "2135", "NM_UE": "CAMPINAS", "endereco_geocode": "Campinas, SP, Brasil", "lat": -22.9056391, "lng": -47.059564 }, "geometry": { "type": "Point", "coordinates": [ -47.059564, -22.9056391 ] } },
{ "type": "Feature", "properties": { "NR_ZONA": "33", "NR_SECAO": "553", "NR_LOCAL_VOTACAO": "2372", "NM_UE": "CAMPINAS", "endereco_geocode": "Campinas, SP, Brasil", "lat": -22.9056391, "lng": -47.059564 }, "geometry": { "type": "Point", "coordinates": [ -47.059564, -22.9056391 ] } },
{ "type": "Feature", "properties": { "NR_ZONA": "379", "NR_SECAO": "432", "NR_LOCAL_VOTACAO": "1520", "NM_UE": "CAMPINAS", "endereco_geocode": "Campinas, SP, Brasil", "lat": -22.9056391, "lng": -47.059564 }, "geometry": { "type": "Point", "coordinates": [ -47.059564, -22.9056391 ] } },
{ "type": "Feature", "properties": { "NR_ZONA": "379", "NR_SECAO": "205", "NR_LOCAL_VOTACAO": "1317", "NM_UE": "CAMPINAS", "endereco_geocode": "Campinas, SP, Brasil", "lat": -22.9056391, "lng": -47.059564 }, "geometry": { "type": "Point", "coordinates": [ -47.059564, -22.9056391 ] } },
{ "type": "Feature", "properties": { "NR_ZONA": "378", "NR_SECAO": "305", "NR_LOCAL_VOTACAO": "1333", "NM_UE": "CAMPINAS", "endereco_geocode": "Campinas, SP, Brasil", "lat": -22.9056391, "lng": -47.059564 }, "geometry": { "type": "Point", "coordinates": [ -47.059564, -22.9056391 ] } },
{ "type": "Feature", "properties": { "NR_ZONA": "380", "NR_SECAO": "147", "NR_LOCAL_VOTACAO": "1171", "NM_UE": "CAMPINAS", "endereco_geocode": "Campinas, SP, Brasil", "lat": -22.9056391, "lng": -47.059564 }, "geometry": { "type": "Point", "coordinates": [ -47.059564, -22.9056391 ] } },
{ "type": "Feature", "properties": { "NR_ZONA": "378", "NR_SECAO": "263", "NR_LOCAL_VOTACAO": "1295", "NM_UE": "CAMPINAS", "endereco_geocode": "Campinas, SP, Brasil", "lat": -22.9056391, "lng": -47.059564 }, "geometry": { "type": "Point", "coordinates": [ -47.059564, -22.9056391 ] } },
{ "type": "Feature", "properties": { "NR_ZONA": "378", "NR_SECAO": "137", "NR_LOCAL_VOTACAO": "1104", "NM_UE": "CAMPINAS", "endereco_geocode": "Campinas, SP, Brasil", "lat": -22.9056391, "lng": -47.059564 }, "geometry": { "type": "Point", "coordinates": [ -47.059564, -22.9056391 ] } },
{ "type": "Feature", "properties": { "NR_ZONA": "274", "NR_SECAO": "759", "NR_LOCAL_VOTACAO": "2046", "NM_UE": "CAMPINAS", "endereco_geocode": "Campinas, SP, Brasil", "lat": -22.9056391, "lng": -47.059564 }, "geometry": { "type": "Point", "coordinates": [ -47.059564, -22.9056391 ] } },
{ "type": "Feature", "properties": { "NR_ZONA": "274", "NR_SECAO": "604", "NR_LOCAL_VOTACAO": "1864", "NM_UE": "CAMPINAS", "endereco_geocode": "Campinas, SP, Brasil", "lat": -22.9056391, "lng": -47.059564 }, "geometry": { "type": "Point", "coordinates": [ -47.059564, -22.9056391 ] } },
{ "type": "Feature", "properties": { "NR_ZONA": "423", "NR_SECAO": "43", "NR_LOCAL_VOTACAO": "1058", "NM_UE": "CAMPINAS", "endereco_geocode": "Campinas, SP, Brasil", "lat": -22.9056391, "lng": -47.059564 }, "geometry": { "type": "Point", "coordinates": [ -47.059564, -22.9056391 ] } },
{ "type": "Feature", "properties": { "NR_ZONA": "423", "NR_SECAO": "152", "NR_LOCAL_VOTACAO": "1155", "NM_UE": "CAMPINAS", "endereco_geocode": "Campinas, SP, Brasil", "lat": -22.9056391, "lng": -47.059564 }, "geometry": { "type": "Point", "coordinates": [ -47.059564, -22.9056391 ] } },
{ "type": "Feature", "properties": { "NR_ZONA": "274", "NR_SECAO": "729", "NR_LOCAL_VOTACAO": "1996", "NM_UE": "CAMPINAS", "endereco_geocode": "Campinas, SP, Brasil", "lat": -22.9056391, "lng": -47.059564 }, "geometry": { "type": "Point", "coordinates": [ -47.059564, -22.9056391 ] } },
{ "type": "Feature", "properties": { "NR_ZONA": "378", "NR_SECAO": "49", "NR_LOCAL_VOTACAO": "1040", "NM_UE": "CAMPINAS", "endereco_geocode": "Campinas, SP, Brasil", "lat": -22.9056391, "lng": -47.059564 }, "geometry": { "type": "Point", "coordinates": [ -47.059564, -22.9056391 ] } },
{ "type": "Feature", "properties": { "NR_ZONA": "275", "NR_SECAO": "571", "NR_LOCAL_VOTACAO": "1872", "NM_UE": "CAMPINAS", "endereco_geocode": "Campinas, SP, Brasil", "lat": -22.9056391, "lng": -47.059564 }, "geometry": { "type": "Point", "coordinates": [ -47.059564, -22.9056391 ] } },
{ "type": "Feature", "properties": { "NR_ZONA": "378", "NR_SECAO": "358", "NR_LOCAL_VOTACAO": "1295", "NM_UE": "CAMPINAS", "endereco_geocode": "Campinas, SP, Brasil", "lat": -22.9056391, "lng": -47.059564 }, "geometry": { "type": "Point", "coordinates": [ -47.059564, -22.9056391 ] } },
{ "type": "Feature", "properties": { "NR_ZONA": "378", "NR_SECAO": "88", "NR_LOCAL_VOTACAO": "1066", "NM_UE": "CAMPINAS", "endereco_geocode": "Campinas, SP, Brasil", "lat": -22.9056391, "lng": -47.059564 }, "geometry": { "type": "Point", "coordinates": [ -47.059564, -22.9056391 ] } },
{ "type": "Feature", "properties": { "NR_ZONA": "274", "NR_SECAO": "745", "NR_LOCAL_VOTACAO": "2020", "NM_UE": "CAMPINAS", "endereco_geocode": "Campinas, SP, Brasil", "lat": -22.9056391, "lng": -47.059564 }, "geometry": { "type": "Point", "coordinates": [ -47.059564, -22.9056391 ] } },
{ "type": "Feature", "properties": { "NR_ZONA": "378", "NR_SECAO": "131", "NR_LOCAL_VOTACAO": "1104", "NM_UE": "CAMPINAS", "endereco_geocode": "Campinas, SP, Brasil", "lat": -22.9056391, "lng": -47.059564 }, "geometry": { "type": "Point", "coordinates": [ -47.059564, -22.9056391 ] } },
{ "type": "Feature", "properties": { "NR_ZONA": "378", "NR_SECAO": "145", "NR_LOCAL_VOTACAO": "1112", "NM_UE": "CAMPINAS", "endereco_geocode": "Campinas, SP, Brasil", "lat": -22.9056391, "lng": -47.059564 }, "geometry": { "type": "Point", "coordinates": [ -47.059564, -22.9056391 ] } },
{ "type": "Feature", "properties": { "NR_ZONA": "423", "NR_SECAO": "279", "NR_LOCAL_VOTACAO": "1341", "NM_UE": "CAMPINAS", "endereco_geocode": "Campinas, SP, Brasil", "lat": -22.9056391, "lng": -47.059564 }, "geometry": { "type": "Point", "coordinates": [ -47.059564, -22.9056391 ] } },
{ "type": "Feature", "properties": { "NR_ZONA": "423", "NR_SECAO": "72", "NR_LOCAL_VOTACAO": "1074", "NM_UE": "CAMPINAS", "endereco_geocode": "Campinas, SP, Brasil", "lat": -22.9056391, "lng": -47.059564 }, "geometry": { "type": "Point", "coordinates": [ -47.059564, -22.9056391 ] } },
{ "type": "Feature", "properties": { "NR_ZONA": "379", "NR_SECAO": "255", "NR_LOCAL_VOTACAO": "1201", "NM_UE": "CAMPINAS", "endereco_geocode": "Campinas, SP, Brasil", "lat": -22.9056391, "lng": -47.059564 }, "geometry": { "type": "Point", "coordinates": [ -47.059564, -22.9056391 ] } },
{ "type": "Feature", "properties": { "NR_ZONA": "33", "NR_SECAO": "525", "NR_LOCAL_VOTACAO": "2356", "NM_UE": "CAMPINAS", "endereco_geocode": "Campinas, SP, Brasil", "lat": -22.9056391, "lng": -47.059564 }, "geometry": { "type": "Point", "coordinates": [ -47.059564, -22.9056391 ] } },
{ "type": "Feature", "properties": { "NR_ZONA": "33", "NR_SECAO": "499", "NR_LOCAL_VOTACAO": "2330", "NM_UE": "CAMPINAS", "endereco_geocode": "Campinas, SP, Brasil", "lat": -22.9056391, "lng": -47.059564 }, "geometry": { "type": "Point", "coordinates": [ -47.059564, -22.9056391 ] } },
{ "type": "Feature", "properties": { "NR_ZONA": "379", "NR_SECAO": "228", "NR_LOCAL_VOTACAO": "1236", "NM_UE": "CAMPINAS", "endereco_geocode": "Campinas, SP, Brasil", "lat": -22.9056391, "lng": -47.059564 }, "geometry": { "type": "Point", "coordinates": [ -47.059564, -22.9056391 ] } },
{ "type": "Feature", "properties": { "NR_ZONA": "379", "NR_SECAO": "354", "NR_LOCAL_VOTACAO": "1406", "NM_UE": "CAMPINAS", "endereco_geocode": "Campinas, SP, Brasil", "lat": -22.9056391, "lng": -47.059564 }, "geometry": { "type": "Point", "coordinates": [ -47.059564, -22.9056391 ] } },
{ "type": "Feature", "properties": { "NR_ZONA": "423", "NR_SECAO": "280", "NR_LOCAL_VOTACAO": "1350", "NM_UE": "CAMPINAS", "endereco_geocode": "Campinas, SP, Brasil", "lat": -22.9056391, "lng": -47.059564 }, "geometry": { "type": "Point", "coordinates": [ -47.059564, -22.9056391 ] } },
{ "type": "Feature", "properties": { "NR_ZONA": "423", "NR_SECAO": "324", "NR_LOCAL_VOTACAO": "1422", "NM_UE": "CAMPINAS", "endereco_geocode": "Campinas, SP, Brasil", "lat": -22.9056391, "lng": -47.059564 }, "geometry": { "type": "Point", "coordinates": [ -47.059564, -22.9056391 ] } },
{ "type": "Feature", "properties": { "NR_ZONA": "275", "NR_SECAO": "393", "NR_LOCAL_VOTACAO": "1929", "NM_UE": "CAMPINAS", "endereco_geocode": "Campinas, SP, Brasil", "lat": -22.9056391, "lng": -47.059564 }, "geometry": { "type": "Point", "coordinates": [ -47.059564, -22.9056391 ] } },
{ "type": "Feature", "properties": { "NR_ZONA": "275", "NR_SECAO": "50", "NR_LOCAL_VOTACAO": "1090", "NM_UE": "CAMPINAS", "endereco_geocode": "Campinas, SP, Brasil", "lat": -22.9056391, "lng": -47.059564 }, "geometry": { "type": "Point", "coordinates": [ -47.059564, -22.9056391 ] } },
{ "type": "Feature", "properties": { "NR_ZONA": "423", "NR_SECAO": "182", "NR_LOCAL_VOTACAO": "1201", "NM_UE": "CAMPINAS", "endereco_geocode": "Campinas, SP, Brasil", "lat": -22.9056391, "lng": -47.059564 }, "geometry": { "type": "Point", "coordinates": [ -47.059564, -22.9056391 ] } },
{ "type": "Feature", "properties": { "NR_ZONA": "380", "NR_SECAO": "2", "NR_LOCAL_VOTACAO": "1279", "NM_UE": "CAMPINAS", "endereco_geocode": "Campinas, SP, Brasil", "lat": -22.9056391, "lng": -47.059564 }, "geometry": { "type": "Point", "coordinates": [ -47.059564, -22.9056391 ] } },
{ "type": "Feature", "properties": { "NR_ZONA": "380", "NR_SECAO": "328", "NR_LOCAL_VOTACAO": "1333", "NM_UE": "CAMPINAS", "endereco_geocode": "Campinas, SP, Brasil", "lat": -22.9056391, "lng": -47.059564 }, "geometry": { "type": "Point", "coordinates": [ -47.059564, -22.9056391 ] } },
{ "type": "Feature", "properties": { "NR_ZONA": "380", "NR_SECAO": "95", "NR_LOCAL_VOTACAO": "1198", "NM_UE": "CAMPINAS", "endereco_geocode": "Campinas, SP, Brasil", "lat": -22.9056391, "lng": -47.059564 }, "geometry": { "type": "Point", "coordinates": [ -47.059564, -22.9056391 ] } },
{ "type": "Feature", "properties": { "NR_ZONA": "274", "NR_SECAO": "160", "NR_LOCAL_VOTACAO": "1201", "NM_UE": "CAMPINAS", "endereco_geocode": "Campinas, SP, Brasil", "lat": -22.9056391, "lng": -47.059564 }, "geometry": { "type": "Point", "coordinates": [ -47.059564, -22.9056391 ] } },
{ "type": "Feature", "properties": { "NR_ZONA": "33", "NR_SECAO": "572", "NR_LOCAL_VOTACAO": "2402", "NM_UE": "CAMPINAS", "endereco_geocode": "Campinas, SP, Brasil", "lat": -22.9056391, "lng": -47.059564 }, "geometry": { "type": "Point", "coordinates": [ -47.059564, -22.9056391 ] } },
{ "type": "Feature", "properties": { "NR_ZONA": "275", "NR_SECAO": "617", "NR_LOCAL_VOTACAO": "1910", "NM_UE": "CAMPINAS", "endereco_geocode": "Campinas, SP, Brasil", "lat": -22.9056391, "lng": -47.059564 }, "geometry": { "type": "Point", "coordinates": [ -47.059564, -22.9056391 ] } },
{ "type": "Feature", "properties": { "NR_ZONA": "380", "NR_SECAO": "337", "NR_LOCAL_VOTACAO": "1295", "NM_UE": "CAMPINAS", "endereco_geocode": "Campinas, SP, Brasil", "lat": -22.9056391, "lng": -47.059564 }, "geometry": { "type": "Point", "coordinates": [ -47.059564, -22.9056391 ] } },
{ "type": "Feature", "properties": { "NR_ZONA": "380", "NR_SECAO": "348", "NR_LOCAL_VOTACAO": "1449", "NM_UE": "CAMPINAS", "endereco_geocode": "Campinas, SP, Brasil", "lat": -22.9056391, "lng": -47.059564 }, "geometry": { "type": "Point", "coordinates": [ -47.059564, -22.9056391 ] } },
{ "type": "Feature", "properties": { "NR_ZONA": "378", "NR_SECAO": "54", "NR_LOCAL_VOTACAO": "1040", "NM_UE": "CAMPINAS", "endereco_geocode": "Campinas, SP, Brasil", "lat": -22.9056391, "lng": -47.059564 }, "geometry": { "type": "Point", "coordinates": [ -47.059564, -22.9056391 ] } },
{ "type": "Feature", "properties": { "NR_ZONA": "378", "NR_SECAO": "428", "NR_LOCAL_VOTACAO": "1554", "NM_UE": "CAMPINAS", "endereco_geocode": "Campinas, SP, Brasil", "lat": -22.9056391, "lng": -47.059564 }, "geometry": { "type": "Point", "coordinates": [ -47.059564, -22.9056391 ] } },
{ "type": "Feature", "properties": { "NR_ZONA": "274", "NR_SECAO": "790", "NR_LOCAL_VOTACAO": "2089", "NM_UE": "CAMPINAS", "endereco_geocode": "Campinas, SP, Brasil", "lat": -22.9056391, "lng": -47.059564 }, "geometry": { "type": "Point", "coordinates": [ -47.059564, -22.9056391 ] } },
{ "type": "Feature", "properties": { "NR_ZONA": "380", "NR_SECAO": "60", "NR_LOCAL_VOTACAO": "1163", "NM_UE": "CAMPINAS", "endereco_geocode": "Campinas, SP, Brasil", "lat": -22.9056391, "lng": -47.059564 }, "geometry": { "type": "Point", "coordinates": [ -47.059564, -22.9056391 ] } },
{ "type": "Feature", "properties": { "NR_ZONA": "423", "NR_SECAO": "235", "NR_LOCAL_VOTACAO": "1236", "NM_UE": "CAMPINAS", "endereco_geocode": "Campinas, SP, Brasil", "lat": -22.9056391, "lng": -47.059564 }, "geometry": { "type": "Point", "coordinates": [ -47.059564, -22.9056391 ] } },
{ "type": "Feature", "properties": { "NR_ZONA": "423", "NR_SECAO": "322", "NR_LOCAL_VOTACAO": "1414", "NM_UE": "CAMPINAS", "endereco_geocode": "Campinas, SP, Brasil", "lat": -22.9056391, "lng": -47.059564 }, "geometry": { "type": "Point", "coordinates": [ -47.059564, -22.9056391 ] } },
{ "type": "Feature", "properties": { "NR_ZONA": "423", "NR_SECAO": "142", "NR_LOCAL_VOTACAO": "1147", "NM_UE": "CAMPINAS", "endereco_geocode": "Campinas, SP, Brasil", "lat": -22.9056391, "lng": -47.059564 }, "geometry": { "type": "Point", "coordinates": [ -47.059564, -22.9056391 ] } },
{ "type": "Feature", "properties": { "NR_ZONA": "378", "NR_SECAO": "439", "NR_LOCAL_VOTACAO": "1279", "NM_UE": "CAMPINAS", "endereco_geocode": "Campinas, SP, Brasil", "lat": -22.9056391, "lng": -47.059564 }, "geometry": { "type": "Point", "coordinates": [ -47.059564, -22.9056391 ] } },
{ "type": "Feature", "properties": { "NR_ZONA": "274", "NR_SECAO": "722", "NR_LOCAL_VOTACAO": "1988", "NM_UE": "CAMPINAS", "endereco_geocode": "Campinas, SP, Brasil", "lat": -22.9056391, "lng": -47.059564 }, "geometry": { "type": "Point", "coordinates": [ -47.059564, -22.9056391 ] } },
{ "type": "Feature", "properties": { "NR_ZONA": "378", "NR_SECAO": "492", "NR_LOCAL_VOTACAO": "1597", "NM_UE": "CAMPINAS", "endereco_geocode": "Campinas, SP, Brasil", "lat": -22.9056391, "lng": -47.059564 }, "geometry": { "type": "Point", "coordinates": [ -47.059564, -22.9056391 ] } },
{ "type": "Feature", "properties": { "NR_ZONA": "423", "NR_SECAO": "10", "NR_LOCAL_VOTACAO": "1015", "NM_UE": "CAMPINAS", "endereco_geocode": "Campinas, SP, Brasil", "lat": -22.9056391, "lng": -47.059564 }, "geometry": { "type": "Point", "coordinates": [ -47.059564, -22.9056391 ] } },
{ "type": "Feature", "properties": { "NR_ZONA": "275", "NR_SECAO": "113", "NR_LOCAL_VOTACAO": "1198", "NM_UE": "CAMPINAS", "endereco_geocode": "Campinas, SP, Brasil", "lat": -22.9056391, "lng": -47.059564 }, "geometry": { "type": "Point", "coordinates": [ -47.059564, -22.9056391 ] } },
{ "type": "Feature", "properties": { "NR_ZONA": "379", "NR_SECAO": "369", "NR_LOCAL_VOTACAO": "1422", "NM_UE": "CAMPINAS", "endereco_geocode": "Campinas, SP, Brasil", "lat": -22.9056391, "lng": -47.059564 }, "geometry": { "type": "Point", "coordinates": [ -47.059564, -22.9056391 ] } },
{ "type": "Feature", "properties": { "NR_ZONA": "33", "NR_SECAO": "489", "NR_LOCAL_VOTACAO": "2321", "NM_UE": "CAMPINAS", "endereco_geocode": "Campinas, SP, Brasil", "lat": -22.9056391, "lng": -47.059564 }, "geometry": { "type": "Point", "coordinates": [ -47.059564, -22.9056391 ] } },
{ "type": "Feature", "properties": { "NR_ZONA": "33", "NR_SECAO": "24", "NR_LOCAL_VOTACAO": "1058", "NM_UE": "CAMPINAS", "endereco_geocode": "Campinas, SP, Brasil", "lat": -22.9056391, "lng": -47.059564 }, "geometry": { "type": "Point", "coordinates": [ -47.059564, -22.9056391 ] } },
{ "type": "Feature", "properties": { "NR_ZONA": "379", "NR_SECAO": "146", "NR_LOCAL_VOTACAO": "1015", "NM_UE": "CAMPINAS", "endereco_geocode": "Campinas, SP, Brasil", "lat": -22.9056391, "lng": -47.059564 }, "geometry": { "type": "Point", "coordinates": [ -47.059564, -22.9056391 ] } },
{ "type": "Feature", "properties": { "NR_ZONA": "33", "NR_SECAO": "269", "NR_LOCAL_VOTACAO": "2151", "NM_UE": "CAMPINAS", "endereco_geocode": "Campinas, SP, Brasil", "lat": -22.9056391, "lng": -47.059564 }, "geometry": { "type": "Point", "coordinates": [ -47.059564, -22.9056391 ] } },
{ "type": "Feature", "properties": { "NR_ZONA": "379", "NR_SECAO": "194", "NR_LOCAL_VOTACAO": "1317", "NM_UE": "CAMPINAS", "endereco_geocode": "Campinas, SP, Brasil", "lat": -22.9056391, "lng": -47.059564 }, "geometry": { "type": "Point", "coordinates": [ -47.059564, -22.9056391 ] } },
{ "type": "Feature", "properties": { "NR_ZONA": "33", "NR_SECAO": "283", "NR_LOCAL_VOTACAO": "1139", "NM_UE": "CAMPINAS", "endereco_geocode": "Campinas, SP, Brasil", "lat": -22.9056391, "lng": -47.059564 }, "geometry": { "type": "Point", "coordinates": [ -47.059564, -22.9056391 ] } },
{ "type": "Feature", "properties": { "NR_ZONA": "33", "NR_SECAO": "42", "NR_LOCAL_VOTACAO": "1074", "NM_UE": "CAMPINAS", "endereco_geocode": "Campinas, SP, Brasil", "lat": -22.9056391, "lng": -47.059564 }, "geometry": { "type": "Point", "coordinates": [ -47.059564, -22.9056391 ] } },
{ "type": "Feature", "properties": { "NR_ZONA": "378", "NR_SECAO": "548", "NR_LOCAL_VOTACAO": "1309", "NM_UE": "CAMPINAS", "endereco_geocode": "Campinas, SP, Brasil", "lat": -22.9056391, "lng": -47.059564 }, "geometry": { "type": "Point", "coordinates": [ -47.059564, -22.9056391 ] } },
{ "type": "Feature", "properties": { "NR_ZONA": "378", "NR_SECAO": "273", "NR_LOCAL_VOTACAO": "1414", "NM_UE": "CAMPINAS", "endereco_geocode": "Campinas, SP, Brasil", "lat": -22.9056391, "lng": -47.059564 }, "geometry": { "type": "Point", "coordinates": [ -47.059564, -22.9056391 ] } },
{ "type": "Feature", "properties": { "NR_ZONA": "274", "NR_SECAO": "134", "NR_LOCAL_VOTACAO": "1163", "NM_UE": "CAMPINAS", "endereco_geocode": "Campinas, SP, Brasil", "lat": -22.9056391, "lng": -47.059564 }, "geometry": { "type": "Point", "coordinates": [ -47.059564, -22.9056391 ] } },
{ "type": "Feature", "properties": { "NR_ZONA": "275", "NR_SECAO": "554", "NR_LOCAL_VOTACAO": "1104", "NM_UE": "CAMPINAS", "endereco_geocode": "Campinas, SP, Brasil", "lat": -22.9056391, "lng": -47.059564 }, "geometry": { "type": "Point", "coordinates": [ -47.059564, -22.9056391 ] } },
{ "type": "Feature", "properties": { "NR_ZONA": "380", "NR_SECAO": "26", "NR_LOCAL_VOTACAO": "1120", "NM_UE": "CAMPINAS", "endereco_geocode": "Campinas, SP, Brasil", "lat": -22.9056391, "lng": -47.059564 }, "geometry": { "type": "Point", "coordinates": [ -47.059564, -22.9056391 ] } },
{ "type": "Feature", "properties": { "NR_ZONA": "274", "NR_SECAO": "69", "NR_LOCAL_VOTACAO": "1082", "NM_UE": "CAMPINAS", "endereco_geocode": "Campinas, SP, Brasil", "lat": -22.9056391, "lng": -47.059564 }, "geometry": { "type": "Point", "coordinates": [ -47.059564, -22.9056391 ] } },
{ "type": "Feature", "properties": { "NR_ZONA": "274", "NR_SECAO": "642", "NR_LOCAL_VOTACAO": "1686", "NM_UE": "CAMPINAS", "endereco_geocode": "Campinas, SP, Brasil", "lat": -22.9056391, "lng": -47.059564 }, "geometry": { "type": "Point", "coordinates": [ -47.059564, -22.9056391 ] } },
{ "type": "Feature", "properties": { "NR_ZONA": "33", "NR_SECAO": "297", "NR_LOCAL_VOTACAO": "1139", "NM_UE": "CAMPINAS", "endereco_geocode": "Campinas, SP, Brasil", "lat": -22.9056391, "lng": -47.059564 }, "geometry": { "type": "Point", "coordinates": [ -47.059564, -22.9056391 ] } },
{ "type": "Feature", "properties": { "NR_ZONA": "379", "NR_SECAO": "495", "NR_LOCAL_VOTACAO": "1562", "NM_UE": "CAMPINAS", "endereco_geocode": "Campinas, SP, Brasil", "lat": -22.9056391, "lng": -47.059564 }, "geometry": { "type": "Point", "coordinates": [ -47.059564, -22.9056391 ] } },
{ "type": "Feature", "properties": { "NR_ZONA": "378", "NR_SECAO": "252", "NR_LOCAL_VOTACAO": "1341", "NM_UE": "CAMPINAS", "endereco_geocode": "Campinas, SP, Brasil", "lat": -22.9056391, "lng": -47.059564 }, "geometry": { "type": "Point", "coordinates": [ -47.059564, -22.9056391 ] } },
{ "type": "Feature", "properties": { "NR_ZONA": "33", "NR_SECAO": "8", "NR_LOCAL_VOTACAO": "1023", "NM_UE": "CAMPINAS", "endereco_geocode": "Campinas, SP, Brasil", "lat": -22.9056391, "lng": -47.059564 }, "geometry": { "type": "Point", "coordinates": [ -47.059564, -22.9056391 ] } },
{ "type": "Feature", "properties": { "NR_ZONA": "379", "NR_SECAO": "416", "NR_LOCAL_VOTACAO": "1457", "NM_UE": "CAMPINAS", "endereco_geocode": "Campinas, SP, Brasil", "lat": -22.9056391, "lng": -47.059564 }, "geometry": { "type": "Point", "coordinates": [ -47.059564, -22.9056391 ] } },
{ "type": "Feature", "properties": { "NR_ZONA": "33", "NR_SECAO": "13", "NR_LOCAL_VOTACAO": "1040", "NM_UE": "CAMPINAS", "endereco_geocode": "Campinas, SP, Brasil", "lat": -22.9056391, "lng": -47.059564 }, "geometry": { "type": "Point", "coordinates": [ -47.059564, -22.9056391 ] } },
{ "type": "Feature", "properties": { "NR_ZONA": "379", "NR_SECAO": "401", "NR_LOCAL_VOTACAO": "1449", "NM_UE": "CAMPINAS", "endereco_geocode": "Campinas, SP, Brasil", "lat": -22.9056391, "lng": -47.059564 }, "geometry": { "type": "Point", "coordinates": [ -47.059564, -22.9056391 ] } },
{ "type": "Feature", "properties": { "NR_ZONA": "33", "NR_SECAO": "53", "NR_LOCAL_VOTACAO": "1082", "NM_UE": "CAMPINAS", "endereco_geocode": "Campinas, SP, Brasil", "lat": -22.9056391, "lng": -47.059564 }, "geometry": { "type": "Point", "coordinates": [ -47.059564, -22.9056391 ] } },
{ "type": "Feature", "properties": { "NR_ZONA": "33", "NR_SECAO": "467", "NR_LOCAL_VOTACAO": "2305", "NM_UE": "CAMPINAS", "endereco_geocode": "Campinas, SP, Brasil", "lat": -22.9056391, "lng": -47.059564 }, "geometry": { "type": "Point", "coordinates": [ -47.059564, -22.9056391 ] } },
{ "type": "Feature", "properties": { "NR_ZONA": "380", "NR_SECAO": "89", "NR_LOCAL_VOTACAO": "1198", "NM_UE": "CAMPINAS", "endereco_geocode": "Campinas, SP, Brasil", "lat": -22.9056391, "lng": -47.059564 }, "geometry": { "type": "Point", "coordinates": [ -47.059564, -22.9056391 ] } },
{ "type": "Feature", "properties": { "NR_ZONA": "423", "NR_SECAO": "232", "NR_LOCAL_VOTACAO": "1309", "NM_UE": "CAMPINAS", "endereco_geocode": "Campinas, SP, Brasil", "lat": -22.9056391, "lng": -47.059564 }, "geometry": { "type": "Point", "coordinates": [ -47.059564, -22.9056391 ] } },
{ "type": "Feature", "properties": { "NR_ZONA": "380", "NR_SECAO": "227", "NR_LOCAL_VOTACAO": "1430", "NM_UE": "CAMPINAS", "endereco_geocode": "Campinas, SP, Brasil", "lat": -22.9056391, "lng": -47.059564 }, "geometry": { "type": "Point", "coordinates": [ -47.059564, -22.9056391 ] } },
{ "type": "Feature", "properties": { "NR_ZONA": "380", "NR_SECAO": "261", "NR_LOCAL_VOTACAO": "1031", "NM_UE": "CAMPINAS", "endereco_geocode": "Campinas, SP, Brasil", "lat": -22.9056391, "lng": -47.059564 }, "geometry": { "type": "Point", "coordinates": [ -47.059564, -22.9056391 ] } },
{ "type": "Feature", "properties": { "NR_ZONA": "380", "NR_SECAO": "127", "NR_LOCAL_VOTACAO": "1325", "NM_UE": "CAMPINAS", "endereco_geocode": "Campinas, SP, Brasil", "lat": -22.9056391, "lng": -47.059564 }, "geometry": { "type": "Point", "coordinates": [ -47.059564, -22.9056391 ] } },
{ "type": "Feature", "properties": { "NR_ZONA": "423", "NR_SECAO": "277", "NR_LOCAL_VOTACAO": "1341", "NM_UE": "CAMPINAS", "endereco_geocode": "Campinas, SP, Brasil", "lat": -22.9056391, "lng": -47.059564 }, "geometry": { "type": "Point", "coordinates": [ -47.059564, -22.9056391 ] } },
{ "type": "Feature", "properties": { "NR_ZONA": "275", "NR_SECAO": "557", "NR_LOCAL_VOTACAO": "1929", "NM_UE": "CAMPINAS", "endereco_geocode": "Campinas, SP, Brasil", "lat": -22.9056391, "lng": -47.059564 }, "geometry": { "type": "Point", "coordinates": [ -47.059564, -22.9056391 ] } },
{ "type": "Feature", "properties": { "NR_ZONA": "275", "NR_SECAO": "553", "NR_LOCAL_VOTACAO": "1724", "NM_UE": "CAMPINAS", "endereco_geocode": "Campinas, SP, Brasil", "lat": -22.9056391, "lng": -47.059564 }, "geometry": { "type": "Point", "coordinates": [ -47.059564, -22.9056391 ] } },
{ "type": "Feature", "properties": { "NR_ZONA": "379", "NR_SECAO": "241", "NR_LOCAL_VOTACAO": "1155", "NM_UE": "CAMPINAS", "endereco_geocode": "Campinas, SP, Brasil", "lat": -22.9056391, "lng": -47.059564 }, "geometry": { "type": "Point", "coordinates": [ -47.059564, -22.9056391 ] } },
{ "type": "Feature", "properties": { "NR_ZONA": "379", "NR_SECAO": "268", "NR_LOCAL_VOTACAO": "1023", "NM_UE": "CAMPINAS", "endereco_geocode": "Campinas, SP, Brasil", "lat": -22.9056391, "lng": -47.059564 }, "geometry": { "type": "Point", "coordinates": [ -47.059564, -22.9056391 ] } },
{ "type": "Feature", "properties": { "NR_ZONA": "423", "NR_SECAO": "215", "NR_LOCAL_VOTACAO": "1171", "NM_UE": "CAMPINAS", "endereco_geocode": "Campinas, SP, Brasil", "lat": -22.9056391, "lng": -47.059564 }, "geometry": { "type": "Point", "coordinates": [ -47.059564, -22.9056391 ] } },
{ "type": "Feature", "properties": { "NR_ZONA": "274", "NR_SECAO": "70", "NR_LOCAL_VOTACAO": "1082", "NM_UE": "CAMPINAS", "endereco_geocode": "Campinas, SP, Brasil", "lat": -22.9056391, "lng": -47.059564 }, "geometry": { "type": "Point", "coordinates": [ -47.059564, -22.9056391 ] } },
{ "type": "Feature", "properties": { "NR_ZONA": "423", "NR_SECAO": "153", "NR_LOCAL_VOTACAO": "1155", "NM_UE": "CAMPINAS", "endereco_geocode": "Campinas, SP, Brasil", "lat": -22.9056391, "lng": -47.059564 }, "geometry": { "type": "Point", "coordinates": [ -47.059564, -22.9056391 ] } },
{ "type": "Feature", "properties": { "NR_ZONA": "33", "NR_SECAO": "406", "NR_LOCAL_VOTACAO": "2259", "NM_UE": "CAMPINAS", "endereco_geocode": "Campinas, SP, Brasil", "lat": -22.9056391, "lng": -47.059564 }, "geometry": { "type": "Point", "coordinates": [ -47.059564, -22.9056391 ] } },
{ "type": "Feature", "properties": { "NR_ZONA": "33", "NR_SECAO": "389", "NR_LOCAL_VOTACAO": "1023", "NM_UE": "CAMPINAS", "endereco_geocode": "Campinas, SP, Brasil", "lat": -22.9056391, "lng": -47.059564 }, "geometry": { "type": "Point", "coordinates": [ -47.059564, -22.9056391 ] } },
{ "type": "Feature", "properties": { "NR_ZONA": "33", "NR_SECAO": "15", "NR_LOCAL_VOTACAO": "1058", "NM_UE": "CAMPINAS", "endereco_geocode": "Campinas, SP, Brasil", "lat": -22.9056391, "lng": -47.059564 }, "geometry": { "type": "Point", "coordinates": [ -47.059564, -22.9056391 ] } },
{ "type": "Feature", "properties": { "NR_ZONA": "33", "NR_SECAO": "439", "NR_LOCAL_VOTACAO": "2275", "NM_UE": "CAMPINAS", "endereco_geocode": "Campinas, SP, Brasil", "lat": -22.9056391, "lng": -47.059564 }, "geometry": { "type": "Point", "coordinates": [ -47.059564, -22.9056391 ] } },
{ "type": "Feature", "properties": { "NR_ZONA": "33", "NR_SECAO": "445", "NR_LOCAL_VOTACAO": "2283", "NM_UE": "CAMPINAS", "endereco_geocode": "Campinas, SP, Brasil", "lat": -22.9056391, "lng": -47.059564 }, "geometry": { "type": "Point", "coordinates": [ -47.059564, -22.9056391 ] } },
{ "type": "Feature", "properties": { "NR_ZONA": "33", "NR_SECAO": "43", "NR_LOCAL_VOTACAO": "1074", "NM_UE": "CAMPINAS", "endereco_geocode": "Campinas, SP, Brasil", "lat": -22.9056391, "lng": -47.059564 }, "geometry": { "type": "Point", "coordinates": [ -47.059564, -22.9056391 ] } },
{ "type": "Feature", "properties": { "NR_ZONA": "33", "NR_SECAO": "461", "NR_LOCAL_VOTACAO": "2291", "NM_UE": "CAMPINAS", "endereco_geocode": "Campinas, SP, Brasil", "lat": -22.9056391, "lng": -47.059564 }, "geometry": { "type": "Point", "coordinates": [ -47.059564, -22.9056391 ] } },
{ "type": "Feature", "properties": { "NR_ZONA": "33", "NR_SECAO": "416", "NR_LOCAL_VOTACAO": "2259", "NM_UE": "CAMPINAS", "endereco_geocode": "Campinas, SP, Brasil", "lat": -22.9056391, "lng": -47.059564 }, "geometry": { "type": "Point", "coordinates": [ -47.059564, -22.9056391 ] } },
{ "type": "Feature", "properties": { "NR_ZONA": "33", "NR_SECAO": "403", "NR_LOCAL_VOTACAO": "2259", "NM_UE": "CAMPINAS", "endereco_geocode": "Campinas, SP, Brasil", "lat": -22.9056391, "lng": -47.059564 }, "geometry": { "type": "Point", "coordinates": [ -47.059564, -22.9056391 ] } },
{ "type": "Feature", "properties": { "NR_ZONA": "378", "NR_SECAO": "14", "NR_LOCAL_VOTACAO": "1015", "NM_UE": "CAMPINAS", "endereco_geocode": "Campinas, SP, Brasil", "lat": -22.9056391, "lng": -47.059564 }, "geometry": { "type": "Point", "coordinates": [ -47.059564, -22.9056391 ] } },
{ "type": "Feature", "properties": { "NR_ZONA": "380", "NR_SECAO": "137", "NR_LOCAL_VOTACAO": "1333", "NM_UE": "CAMPINAS", "endereco_geocode": "Campinas, SP, Brasil", "lat": -22.9056391, "lng": -47.059564 }, "geometry": { "type": "Point", "coordinates": [ -47.059564, -22.9056391 ] } },
{ "type": "Feature", "properties": { "NR_ZONA": "378", "NR_SECAO": "102", "NR_LOCAL_VOTACAO": "1082", "NM_UE": "CAMPINAS", "endereco_geocode": "Campinas, SP, Brasil", "lat": -22.9056391, "lng": -47.059564 }, "geometry": { "type": "Point", "coordinates": [ -47.059564, -22.9056391 ] } },
{ "type": "Feature", "properties": { "NR_ZONA": "380", "NR_SECAO": "178", "NR_LOCAL_VOTACAO": "1392", "NM_UE": "CAMPINAS", "endereco_geocode": "Campinas, SP, Brasil", "lat": -22.9056391, "lng": -47.059564 }, "geometry": { "type": "Point", "coordinates": [ -47.059564, -22.9056391 ] } },
{ "type": "Feature", "properties": { "NR_ZONA": "380", "NR_SECAO": "51", "NR_LOCAL_VOTACAO": "1155", "NM_UE": "CAMPINAS", "endereco_geocode": "Campinas, SP, Brasil", "lat": -22.9056391, "lng": -47.059564 }, "geometry": { "type": "Point", "coordinates": [ -47.059564, -22.9056391 ] } },
{ "type": "Feature", "properties": { "NR_ZONA": "380", "NR_SECAO": "249", "NR_LOCAL_VOTACAO": "1163", "NM_UE": "CAMPINAS", "endereco_geocode": "Campinas, SP, Brasil", "lat": -22.9056391, "lng": -47.059564 }, "geometry": { "type": "Point", "coordinates": [ -47.059564, -22.9056391 ] } },
{ "type": "Feature", "properties": { "NR_ZONA": "423", "NR_SECAO": "196", "NR_LOCAL_VOTACAO": "1287", "NM_UE": "CAMPINAS", "endereco_geocode": "Campinas, SP, Brasil", "lat": -22.9056391, "lng": -47.059564 }, "geometry": { "type": "Point", "coordinates": [ -47.059564, -22.9056391 ] } },
{ "type": "Feature", "properties": { "NR_ZONA": "380", "NR_SECAO": "354", "NR_LOCAL_VOTACAO": "1490", "NM_UE": "CAMPINAS", "endereco_geocode": "Campinas, SP, Brasil", "lat": -22.9056391, "lng": -47.059564 }, "geometry": { "type": "Point", "coordinates": [ -47.059564, -22.9056391 ] } },
{ "type": "Feature", "properties": { "NR_ZONA": "378", "NR_SECAO": "217", "NR_LOCAL_VOTACAO": "1325", "NM_UE": "CAMPINAS", "endereco_geocode": "Campinas, SP, Brasil", "lat": -22.9056391, "lng": -47.059564 }, "geometry": { "type": "Point", "coordinates": [ -47.059564, -22.9056391 ] } },
{ "type": "Feature", "properties": { "NR_ZONA": "33", "NR_SECAO": "52", "NR_LOCAL_VOTACAO": "1082", "NM_UE": "CAMPINAS", "endereco_geocode": "Campinas, SP, Brasil", "lat": -22.9056391, "lng": -47.059564 }, "geometry": { "type": "Point", "coordinates": [ -47.059564, -22.9056391 ] } },
{ "type": "Feature", "properties": { "NR_ZONA": "380", "NR_SECAO": "102", "NR_LOCAL_VOTACAO": "1244", "NM_UE": "CAMPINAS", "endereco_geocode": "Campinas, SP, Brasil", "lat": -22.9056391, "lng": -47.059564 }, "geometry": { "type": "Point", "coordinates": [ -47.059564, -22.9056391 ] } },
{ "type": "Feature", "properties": { "NR_ZONA": "423", "NR_SECAO": "257", "NR_LOCAL_VOTACAO": "1279", "NM_UE": "CAMPINAS", "endereco_geocode": "Campinas, SP, Brasil", "lat": -22.9056391, "lng": -47.059564 }, "geometry": { "type": "Point", "coordinates": [ -47.059564, -22.9056391 ] } },
{ "type": "Feature", "properties": { "NR_ZONA": "423", "NR_SECAO": "297", "NR_LOCAL_VOTACAO": "1376", "NM_UE": "CAMPINAS", "endereco_geocode": "Campinas, SP, Brasil", "lat": -22.9056391, "lng": -47.059564 }, "geometry": { "type": "Point", "coordinates": [ -47.059564, -22.9056391 ] } },
{ "type": "Feature", "properties": { "NR_ZONA": "380", "NR_SECAO": "131", "NR_LOCAL_VOTACAO": "1325", "NM_UE": "CAMPINAS", "endereco_geocode": "Campinas, SP, Brasil", "lat": -22.9056391, "lng": -47.059564 }, "geometry": { "type": "Point", "coordinates": [ -47.059564, -22.9056391 ] } },
{ "type": "Feature", "properties": { "NR_ZONA": "379", "NR_SECAO": "46", "NR_LOCAL_VOTACAO": "1058", "NM_UE": "CAMPINAS", "endereco_geocode": "Campinas, SP, Brasil", "lat": -22.9056391, "lng": -47.059564 }, "geometry": { "type": "Point", "coordinates": [ -47.059564, -22.9056391 ] } },
{ "type": "Feature", "properties": { "NR_ZONA": "378", "NR_SECAO": "9", "NR_LOCAL_VOTACAO": "1015", "NM_UE": "CAMPINAS", "endereco_geocode": "Campinas, SP, Brasil", "lat": -22.9056391, "lng": -47.059564 }, "geometry": { "type": "Point", "coordinates": [ -47.059564, -22.9056391 ] } },
{ "type": "Feature", "properties": { "NR_ZONA": "378", "NR_SECAO": "280", "NR_LOCAL_VOTACAO": "1074", "NM_UE": "CAMPINAS", "endereco_geocode": "Campinas, SP, Brasil", "lat": -22.9056391, "lng": -47.059564 }, "geometry": { "type": "Point", "coordinates": [ -47.059564, -22.9056391 ] } },
{ "type": "Feature", "properties": { "NR_ZONA": "274", "NR_SECAO": "716", "NR_LOCAL_VOTACAO": "1988", "NM_UE": "CAMPINAS", "endereco_geocode": "Campinas, SP, Brasil", "lat": -22.9056391, "lng": -47.059564 }, "geometry": { "type": "Point", "coordinates": [ -47.059564, -22.9056391 ] } },
{ "type": "Feature", "properties": { "NR_ZONA": "275", "NR_SECAO": "365", "NR_LOCAL_VOTACAO": "1198", "NM_UE": "CAMPINAS", "endereco_geocode": "Campinas, SP, Brasil", "lat": -22.9056391, "lng": -47.059564 }, "geometry": { "type": "Point", "coordinates": [ -47.059564, -22.9056391 ] } },
{ "type": "Feature", "properties": { "NR_ZONA": "423", "NR_SECAO": "99", "NR_LOCAL_VOTACAO": "1090", "NM_UE": "CAMPINAS", "endereco_geocode": "Campinas, SP, Brasil", "lat": -22.9056391, "lng": -47.059564 }, "geometry": { "type": "Point", "coordinates": [ -47.059564, -22.9056391 ] } },
{ "type": "Feature", "properties": { "NR_ZONA": "274", "NR_SECAO": "770", "NR_LOCAL_VOTACAO": "2062", "NM_UE": "CAMPINAS", "endereco_geocode": "Campinas, SP, Brasil", "lat": -22.9056391, "lng": -47.059564 }, "geometry": { "type": "Point", "coordinates": [ -47.059564, -22.9056391 ] } },
{ "type": "Feature", "properties": { "NR_ZONA": "378", "NR_SECAO": "117", "NR_LOCAL_VOTACAO": "1090", "NM_UE": "CAMPINAS", "endereco_geocode": "Campinas, SP, Brasil", "lat": -22.9056391, "lng": -47.059564 }, "geometry": { "type": "Point", "coordinates": [ -47.059564, -22.9056391 ] } },
{ "type": "Feature", "properties": { "NR_ZONA": "275", "NR_SECAO": "491", "NR_LOCAL_VOTACAO": "1600", "NM_UE": "CAMPINAS", "endereco_geocode": "Campinas, SP, Brasil", "lat": -22.9056391, "lng": -47.059564 }, "geometry": { "type": "Point", "coordinates": [ -47.059564, -22.9056391 ] } },
{ "type": "Feature", "properties": { "NR_ZONA": "379", "NR_SECAO": "9", "NR_LOCAL_VOTACAO": "1015", "NM_UE": "CAMPINAS", "endereco_geocode": "Campinas, SP, Brasil", "lat": -22.9056391, "lng": -47.059564 }, "geometry": { "type": "Point", "coordinates": [ -47.059564, -22.9056391 ] } },
{ "type": "Feature", "properties": { "NR_ZONA": "33", "NR_SECAO": "4", "NR_LOCAL_VOTACAO": "1015", "NM_UE": "CAMPINAS", "endereco_geocode": "Campinas, SP, Brasil", "lat": -22.9056391, "lng": -47.059564 }, "geometry": { "type": "Point", "coordinates": [ -47.059564, -22.9056391 ] } },
{ "type": "Feature", "properties": { "NR_ZONA": "379", "NR_SECAO": "52", "NR_LOCAL_VOTACAO": "1058", "NM_UE": "CAMPINAS", "endereco_geocode": "Campinas, SP, Brasil", "lat": -22.9056391, "lng": -47.059564 }, "geometry": { "type": "Point", "coordinates": [ -47.059564, -22.9056391 ] } },
{ "type": "Feature", "properties": { "NR_ZONA": "33", "NR_SECAO": "129", "NR_LOCAL_VOTACAO": "1201", "NM_UE": "CAMPINAS", "endereco_geocode": "Campinas, SP, Brasil", "lat": -22.9056391, "lng": -47.059564 }, "geometry": { "type": "Point", "coordinates": [ -47.059564, -22.9056391 ] } },
{ "type": "Feature", "properties": { "NR_ZONA": "274", "NR_SECAO": "775", "NR_LOCAL_VOTACAO": "2062", "NM_UE": "CAMPINAS", "endereco_geocode": "Campinas, SP, Brasil", "lat": -22.9056391, "lng": -47.059564 }, "geometry": { "type": "Point", "coordinates": [ -47.059564, -22.9056391 ] } },
{ "type": "Feature", "properties": { "NR_ZONA": "379", "NR_SECAO": "289", "NR_LOCAL_VOTACAO": "1252", "NM_UE": "CAMPINAS", "endereco_geocode": "Campinas, SP, Brasil", "lat": -22.9056391, "lng": -47.059564 }, "geometry": { "type": "Point", "coordinates": [ -47.059564, -22.9056391 ] } },
{ "type": "Feature", "properties": { "NR_ZONA": "379", "NR_SECAO": "511", "NR_LOCAL_VOTACAO": "1589", "NM_UE": "CAMPINAS", "endereco_geocode": "Campinas, SP, Brasil", "lat": -22.9056391, "lng": -47.059564 }, "geometry": { "type": "Point", "coordinates": [ -47.059564, -22.9056391 ] } },
{ "type": "Feature", "properties": { "NR_ZONA": "379", "NR_SECAO": "300", "NR_LOCAL_VOTACAO": "1414", "NM_UE": "CAMPINAS", "endereco_geocode": "Campinas, SP, Brasil", "lat": -22.9056391, "lng": -47.059564 }, "geometry": { "type": "Point", "coordinates": [ -47.059564, -22.9056391 ] } },
{ "type": "Feature", "properties": { "NR_ZONA": "33", "NR_SECAO": "488", "NR_LOCAL_VOTACAO": "2321", "NM_UE": "CAMPINAS", "endereco_geocode": "Campinas, SP, Brasil", "lat": -22.9056391, "lng": -47.059564 }, "geometry": { "type": "Point", "coordinates": [ -47.059564, -22.9056391 ] } },
{ "type": "Feature", "properties": { "NR_ZONA": "423", "NR_SECAO": "40", "NR_LOCAL_VOTACAO": "1040", "NM_UE": "CAMPINAS", "endereco_geocode": "Campinas, SP, Brasil", "lat": -22.9056391, "lng": -47.059564 }, "geometry": { "type": "Point", "coordinates": [ -47.059564, -22.9056391 ] } },
{ "type": "Feature", "properties": { "NR_ZONA": "379", "NR_SECAO": "280", "NR_LOCAL_VOTACAO": "1201", "NM_UE": "CAMPINAS", "endereco_geocode": "Campinas, SP, Brasil", "lat": -22.9056391, "lng": -47.059564 }, "geometry": { "type": "Point", "coordinates": [ -47.059564, -22.9056391 ] } },
{ "type": "Feature", "properties": { "NR_ZONA": "274", "NR_SECAO": "597", "NR_LOCAL_VOTACAO": "1163", "NM_UE": "CAMPINAS", "endereco_geocode": "Campinas, SP, Brasil", "lat": -22.9056391, "lng": -47.059564 }, "geometry": { "type": "Point", "coordinates": [ -47.059564, -22.9056391 ] } },
{ "type": "Feature", "properties": { "NR_ZONA": "274", "NR_SECAO": "688", "NR_LOCAL_VOTACAO": "1961", "NM_UE": "CAMPINAS", "endereco_geocode": "Campinas, SP, Brasil", "lat": -22.9056391, "lng": -47.059564 }, "geometry": { "type": "Point", "coordinates": [ -47.059564, -22.9056391 ] } },
{ "type": "Feature", "properties": { "NR_ZONA": "380", "NR_SECAO": "96", "NR_LOCAL_VOTACAO": "1198", "NM_UE": "CAMPINAS", "endereco_geocode": "Campinas, SP, Brasil", "lat": -22.9056391, "lng": -47.059564 }, "geometry": { "type": "Point", "coordinates": [ -47.059564, -22.9056391 ] } },
{ "type": "Feature", "properties": { "NR_ZONA": "379", "NR_SECAO": "261", "NR_LOCAL_VOTACAO": "1201", "NM_UE": "CAMPINAS", "endereco_geocode": "Campinas, SP, Brasil", "lat": -22.9056391, "lng": -47.059564 }, "geometry": { "type": "Point", "coordinates": [ -47.059564, -22.9056391 ] } },
{ "type": "Feature", "properties": { "NR_ZONA": "423", "NR_SECAO": "30", "NR_LOCAL_VOTACAO": "1031", "NM_UE": "CAMPINAS", "endereco_geocode": "Campinas, SP, Brasil", "lat": -22.9056391, "lng": -47.059564 }, "geometry": { "type": "Point", "coordinates": [ -47.059564, -22.9056391 ] } },
{ "type": "Feature", "properties": { "NR_ZONA": "423", "NR_SECAO": "112", "NR_LOCAL_VOTACAO": "1112", "NM_UE": "CAMPINAS", "endereco_geocode": "Campinas, SP, Brasil", "lat": -22.9056391, "lng": -47.059564 }, "geometry": { "type": "Point", "coordinates": [ -47.059564, -22.9056391 ] } },
{ "type": "Feature", "properties": { "NR_ZONA": "274", "NR_SECAO": "105", "NR_LOCAL_VOTACAO": "1120", "NM_UE": "CAMPINAS", "endereco_geocode": "Campinas, SP, Brasil", "lat": -22.9056391, "lng": -47.059564 }, "geometry": { "type": "Point", "coordinates": [ -47.059564, -22.9056391 ] } },
{ "type": "Feature", "properties": { "NR_ZONA": "423", "NR_SECAO": "295", "NR_LOCAL_VOTACAO": "1376", "NM_UE": "CAMPINAS", "endereco_geocode": "Campinas, SP, Brasil", "lat": -22.9056391, "lng": -47.059564 }, "geometry": { "type": "Point", "coordinates": [ -47.059564, -22.9056391 ] } },
{ "type": "Feature", "properties": { "NR_ZONA": "423", "NR_SECAO": "302", "NR_LOCAL_VOTACAO": "1376", "NM_UE": "CAMPINAS", "endereco_geocode": "Campinas, SP, Brasil", "lat": -22.9056391, "lng": -47.059564 }, "geometry": { "type": "Point", "coordinates": [ -47.059564, -22.9056391 ] } },
{ "type": "Feature", "properties": { "NR_ZONA": "274", "NR_SECAO": "627", "NR_LOCAL_VOTACAO": "1872", "NM_UE": "CAMPINAS", "endereco_geocode": "Campinas, SP, Brasil", "lat": -22.9056391, "lng": -47.059564 }, "geometry": { "type": "Point", "coordinates": [ -47.059564, -22.9056391 ] } },
{ "type": "Feature", "properties": { "NR_ZONA": "423", "NR_SECAO": "74", "NR_LOCAL_VOTACAO": "1074", "NM_UE": "CAMPINAS", "endereco_geocode": "Campinas, SP, Brasil", "lat": -22.9056391, "lng": -47.059564 }, "geometry": { "type": "Point", "coordinates": [ -47.059564, -22.9056391 ] } },
{ "type": "Feature", "properties": { "NR_ZONA": "423", "NR_SECAO": "140", "NR_LOCAL_VOTACAO": "1139", "NM_UE": "CAMPINAS", "endereco_geocode": "Campinas, SP, Brasil", "lat": -22.9056391, "lng": -47.059564 }, "geometry": { "type": "Point", "coordinates": [ -47.059564, -22.9056391 ] } },
{ "type": "Feature", "properties": { "NR_ZONA": "379", "NR_SECAO": "315", "NR_LOCAL_VOTACAO": "1422", "NM_UE": "CAMPINAS", "endereco_geocode": "Campinas, SP, Brasil", "lat": -22.9056391, "lng": -47.059564 }, "geometry": { "type": "Point", "coordinates": [ -47.059564, -22.9056391 ] } },
{ "type": "Feature", "properties": { "NR_ZONA": "423", "NR_SECAO": "58", "NR_LOCAL_VOTACAO": "1066", "NM_UE": "CAMPINAS", "endereco_geocode": "Campinas, SP, Brasil", "lat": -22.9056391, "lng": -47.059564 }, "geometry": { "type": "Point", "coordinates": [ -47.059564, -22.9056391 ] } },
{ "type": "Feature", "properties": { "NR_ZONA": "423", "NR_SECAO": "24", "NR_LOCAL_VOTACAO": "1023", "NM_UE": "CAMPINAS", "endereco_geocode": "Campinas, SP, Brasil", "lat": -22.9056391, "lng": -47.059564 }, "geometry": { "type": "Point", "coordinates": [ -47.059564, -22.9056391 ] } },
{ "type": "Feature", "properties": { "NR_ZONA": "378", "NR_SECAO": "72", "NR_LOCAL_VOTACAO": "1058", "NM_UE": "CAMPINAS", "endereco_geocode": "Campinas, SP, Brasil", "lat": -22.9056391, "lng": -47.059564 }, "geometry": { "type": "Point", "coordinates": [ -47.059564, -22.9056391 ] } },
{ "type": "Feature", "properties": { "NR_ZONA": "378", "NR_SECAO": "7", "NR_LOCAL_VOTACAO": "1015", "NM_UE": "CAMPINAS", "endereco_geocode": "Campinas, SP, Brasil", "lat": -22.9056391, "lng": -47.059564 }, "geometry": { "type": "Point", "coordinates": [ -47.059564, -22.9056391 ] } },
{ "type": "Feature", "properties": { "NR_ZONA": "274", "NR_SECAO": "683", "NR_LOCAL_VOTACAO": "1961", "NM_UE": "CAMPINAS", "endereco_geocode": "Campinas, SP, Brasil", "lat": -22.9056391, "lng": -47.059564 }, "geometry": { "type": "Point", "coordinates": [ -47.059564, -22.9056391 ] } },
{ "type": "Feature", "properties": { "NR_ZONA": "380", "NR_SECAO": "185", "NR_LOCAL_VOTACAO": "1392", "NM_UE": "CAMPINAS", "endereco_geocode": "Campinas, SP, Brasil", "lat": -22.9056391, "lng": -47.059564 }, "geometry": { "type": "Point", "coordinates": [ -47.059564, -22.9056391 ] } },
{ "type": "Feature", "properties": { "NR_ZONA": "275", "NR_SECAO": "177", "NR_LOCAL_VOTACAO": "1910", "NM_UE": "CAMPINAS", "endereco_geocode": "Campinas, SP, Brasil", "lat": -22.9056391, "lng": -47.059564 }, "geometry": { "type": "Point", "coordinates": [ -47.059564, -22.9056391 ] } },
{ "type": "Feature", "properties": { "NR_ZONA": "274", "NR_SECAO": "702", "NR_LOCAL_VOTACAO": "1961", "NM_UE": "CAMPINAS", "endereco_geocode": "Campinas, SP, Brasil", "lat": -22.9056391, "lng": -47.059564 }, "geometry": { "type": "Point", "coordinates": [ -47.059564, -22.9056391 ] } },
{ "type": "Feature", "properties": { "NR_ZONA": "423", "NR_SECAO": "7", "NR_LOCAL_VOTACAO": "1015", "NM_UE": "CAMPINAS", "endereco_geocode": "Campinas, SP, Brasil", "lat": -22.9056391, "lng": -47.059564 }, "geometry": { "type": "Point", "coordinates": [ -47.059564, -22.9056391 ] } },
{ "type": "Feature", "properties": { "NR_ZONA": "274", "NR_SECAO": "692", "NR_LOCAL_VOTACAO": "1961", "NM_UE": "CAMPINAS", "endereco_geocode": "Campinas, SP, Brasil", "lat": -22.9056391, "lng": -47.059564 }, "geometry": { "type": "Point", "coordinates": [ -47.059564, -22.9056391 ] } },
{ "type": "Feature", "properties": { "NR_ZONA": "275", "NR_SECAO": "337", "NR_LOCAL_VOTACAO": "1198", "NM_UE": "CAMPINAS", "endereco_geocode": "Campinas, SP, Brasil", "lat": -22.9056391, "lng": -47.059564 }, "geometry": { "type": "Point", "coordinates": [ -47.059564, -22.9056391 ] } },
{ "type": "Feature", "properties": { "NR_ZONA": "274", "NR_SECAO": "788", "NR_LOCAL_VOTACAO": "2089", "NM_UE": "CAMPINAS", "endereco_geocode": "Campinas, SP, Brasil", "lat": -22.9056391, "lng": -47.059564 }, "geometry": { "type": "Point", "coordinates": [ -47.059564, -22.9056391 ] } },
{ "type": "Feature", "properties": { "NR_ZONA": "274", "NR_SECAO": "268", "NR_LOCAL_VOTACAO": "1309", "NM_UE": "CAMPINAS", "endereco_geocode": "Campinas, SP, Brasil", "lat": -22.9056391, "lng": -47.059564 }, "geometry": { "type": "Point", "coordinates": [ -47.059564, -22.9056391 ] } },
{ "type": "Feature", "properties": { "NR_ZONA": "274", "NR_SECAO": "367", "NR_LOCAL_VOTACAO": "1481", "NM_UE": "CAMPINAS", "endereco_geocode": "Campinas, SP, Brasil", "lat": -22.9056391, "lng": -47.059564 }, "geometry": { "type": "Point", "coordinates": [ -47.059564, -22.9056391 ] } },
{ "type": "Feature", "properties": { "NR_ZONA": "423", "NR_SECAO": "22", "NR_LOCAL_VOTACAO": "1023", "NM_UE": "CAMPINAS", "endereco_geocode": "Campinas, SP, Brasil", "lat": -22.9056391, "lng": -47.059564 }, "geometry": { "type": "Point", "coordinates": [ -47.059564, -22.9056391 ] } },
{ "type": "Feature", "properties": { "NR_ZONA": "274", "NR_SECAO": "591", "NR_LOCAL_VOTACAO": "1155", "NM_UE": "CAMPINAS", "endereco_geocode": "Campinas, SP, Brasil", "lat": -22.9056391, "lng": -47.059564 }, "geometry": { "type": "Point", "coordinates": [ -47.059564, -22.9056391 ] } },
{ "type": "Feature", "properties": { "NR_ZONA": "274", "NR_SECAO": "723", "NR_LOCAL_VOTACAO": "1988", "NM_UE": "CAMPINAS", "endereco_geocode": "Campinas, SP, Brasil", "lat": -22.9056391, "lng": -47.059564 }, "geometry": { "type": "Point", "coordinates": [ -47.059564, -22.9056391 ] } },
{ "type": "Feature", "properties": { "NR_ZONA": "379", "NR_SECAO": "469", "NR_LOCAL_VOTACAO": "1546", "NM_UE": "CAMPINAS", "endereco_geocode": "Campinas, SP, Brasil", "lat": -22.9056391, "lng": -47.059564 }, "geometry": { "type": "Point", "coordinates": [ -47.059564, -22.9056391 ] } },
{ "type": "Feature", "properties": { "NR_ZONA": "379", "NR_SECAO": "60", "NR_LOCAL_VOTACAO": "1066", "NM_UE": "CAMPINAS", "endereco_geocode": "Campinas, SP, Brasil", "lat": -22.9056391, "lng": -47.059564 }, "geometry": { "type": "Point", "coordinates": [ -47.059564, -22.9056391 ] } },
{ "type": "Feature", "properties": { "NR_ZONA": "275", "NR_SECAO": "531", "NR_LOCAL_VOTACAO": "1546", "NM_UE": "CAMPINAS", "endereco_geocode": "Campinas, SP, Brasil", "lat": -22.9056391, "lng": -47.059564 }, "geometry": { "type": "Point", "coordinates": [ -47.059564, -22.9056391 ] } },
{ "type": "Feature", "properties": { "NR_ZONA": "380", "NR_SECAO": "350", "NR_LOCAL_VOTACAO": "1031", "NM_UE": "CAMPINAS", "endereco_geocode": "Campinas, SP, Brasil", "lat": -22.9056391, "lng": -47.059564 }, "geometry": { "type": "Point", "coordinates": [ -47.059564, -22.9056391 ] } },
{ "type": "Feature", "properties": { "NR_ZONA": "378", "NR_SECAO": "93", "NR_LOCAL_VOTACAO": "1074", "NM_UE": "CAMPINAS", "endereco_geocode": "Campinas, SP, Brasil", "lat": -22.9056391, "lng": -47.059564 }, "geometry": { "type": "Point", "coordinates": [ -47.059564, -22.9056391 ] } },
{ "type": "Feature", "properties": { "NR_ZONA": "378", "NR_SECAO": "528", "NR_LOCAL_VOTACAO": "1384", "NM_UE": "CAMPINAS", "endereco_geocode": "Campinas, SP, Brasil", "lat": -22.9056391, "lng": -47.059564 }, "geometry": { "type": "Point", "coordinates": [ -47.059564, -22.9056391 ] } },
{ "type": "Feature", "properties": { "NR_ZONA": "275", "NR_SECAO": "627", "NR_LOCAL_VOTACAO": "1996", "NM_UE": "CAMPINAS", "endereco_geocode": "Campinas, SP, Brasil", "lat": -22.9056391, "lng": -47.059564 }, "geometry": { "type": "Point", "coordinates": [ -47.059564, -22.9056391 ] } },
{ "type": "Feature", "properties": { "NR_ZONA": "378", "NR_SECAO": "79", "NR_LOCAL_VOTACAO": "1058", "NM_UE": "CAMPINAS", "endereco_geocode": "Campinas, SP, Brasil", "lat": -22.9056391, "lng": -47.059564 }, "geometry": { "type": "Point", "coordinates": [ -47.059564, -22.9056391 ] } },
{ "type": "Feature", "properties": { "NR_ZONA": "378", "NR_SECAO": "48", "NR_LOCAL_VOTACAO": "1040", "NM_UE": "CAMPINAS", "endereco_geocode": "Campinas, SP, Brasil", "lat": -22.9056391, "lng": -47.059564 }, "geometry": { "type": "Point", "coordinates": [ -47.059564, -22.9056391 ] } },
{ "type": "Feature", "properties": { "NR_ZONA": "380", "NR_SECAO": "37", "NR_LOCAL_VOTACAO": "1139", "NM_UE": "CAMPINAS", "endereco_geocode": "Campinas, SP, Brasil", "lat": -22.9056391, "lng": -47.059564 }, "geometry": { "type": "Point", "coordinates": [ -47.059564, -22.9056391 ] } },
{ "type": "Feature", "properties": { "NR_ZONA": "380", "NR_SECAO": "79", "NR_LOCAL_VOTACAO": "1180", "NM_UE": "CAMPINAS", "endereco_geocode": "Campinas, SP, Brasil", "lat": -22.9056391, "lng": -47.059564 }, "geometry": { "type": "Point", "coordinates": [ -47.059564, -22.9056391 ] } },
{ "type": "Feature", "properties": { "NR_ZONA": "423", "NR_SECAO": "234", "NR_LOCAL_VOTACAO": "1279", "NM_UE": "CAMPINAS", "endereco_geocode": "Campinas, SP, Brasil", "lat": -22.9056391, "lng": -47.059564 }, "geometry": { "type": "Point", "coordinates": [ -47.059564, -22.9056391 ] } },
{ "type": "Feature", "properties": { "NR_ZONA": "380", "NR_SECAO": "135", "NR_LOCAL_VOTACAO": "1333", "NM_UE": "CAMPINAS", "endereco_geocode": "Campinas, SP, Brasil", "lat": -22.9056391, "lng": -47.059564 }, "geometry": { "type": "Point", "coordinates": [ -47.059564, -22.9056391 ] } },
{ "type": "Feature", "properties": { "NR_ZONA": "379", "NR_SECAO": "331", "NR_LOCAL_VOTACAO": "1406", "NM_UE": "CAMPINAS", "endereco_geocode": "Campinas, SP, Brasil", "lat": -22.9056391, "lng": -47.059564 }, "geometry": { "type": "Point", "coordinates": [ -47.059564, -22.9056391 ] } },
{ "type": "Feature", "properties": { "NR_ZONA": "380", "NR_SECAO": "73", "NR_LOCAL_VOTACAO": "1171", "NM_UE": "CAMPINAS", "endereco_geocode": "Campinas, SP, Brasil", "lat": -22.9056391, "lng": -47.059564 }, "geometry": { "type": "Point", "coordinates": [ -47.059564, -22.9056391 ] } },
{ "type": "Feature", "properties": { "NR_ZONA": "380", "NR_SECAO": "252", "NR_LOCAL_VOTACAO": "1074", "NM_UE": "CAMPINAS", "endereco_geocode": "Campinas, SP, Brasil", "lat": -22.9056391, "lng": -47.059564 }, "geometry": { "type": "Point", "coordinates": [ -47.059564, -22.9056391 ] } },
{ "type": "Feature", "properties": { "NR_ZONA": "423", "NR_SECAO": "236", "NR_LOCAL_VOTACAO": "1180", "NM_UE": "CAMPINAS", "endereco_geocode": "Campinas, SP, Brasil", "lat": -22.9056391, "lng": -47.059564 }, "geometry": { "type": "Point", "coordinates": [ -47.059564, -22.9056391 ] } },
{ "type": "Feature", "properties": { "NR_ZONA": "423", "NR_SECAO": "141", "NR_LOCAL_VOTACAO": "1309", "NM_UE": "CAMPINAS", "endereco_geocode": "Campinas, SP, Brasil", "lat": -22.9056391, "lng": -47.059564 }, "geometry": { "type": "Point", "coordinates": [ -47.059564, -22.9056391 ] } },
{ "type": "Feature", "properties": { "NR_ZONA": "380", "NR_SECAO": "97", "NR_LOCAL_VOTACAO": "1198", "NM_UE": "CAMPINAS", "endereco_geocode": "Campinas, SP, Brasil", "lat": -22.9056391, "lng": -47.059564 }, "geometry": { "type": "Point", "coordinates": [ -47.059564, -22.9056391 ] } },
{ "type": "Feature", "properties": { "NR_ZONA": "275", "NR_SECAO": "36", "NR_LOCAL_VOTACAO": "1066", "NM_UE": "CAMPINAS", "endereco_geocode": "Campinas, SP, Brasil", "lat": -22.9056391, "lng": -47.059564 }, "geometry": { "type": "Point", "coordinates": [ -47.059564, -22.9056391 ] } },
{ "type": "Feature", "properties": { "NR_ZONA": "380", "NR_SECAO": "323", "NR_LOCAL_VOTACAO": "1171", "NM_UE": "CAMPINAS", "endereco_geocode": "Campinas, SP, Brasil", "lat": -22.9056391, "lng": -47.059564 }, "geometry": { "type": "Point", "coordinates": [ -47.059564, -22.9056391 ] } },
{ "type": "Feature", "properties": { "NR_ZONA": "423", "NR_SECAO": "300", "NR_LOCAL_VOTACAO": "1376", "NM_UE": "CAMPINAS", "endereco_geocode": "Campinas, SP, Brasil", "lat": -22.9056391, "lng": -47.059564 }, "geometry": { "type": "Point", "coordinates": [ -47.059564, -22.9056391 ] } },
{ "type": "Feature", "properties": { "NR_ZONA": "380", "NR_SECAO": "196", "NR_LOCAL_VOTACAO": "1392", "NM_UE": "CAMPINAS", "endereco_geocode": "Campinas, SP, Brasil", "lat": -22.9056391, "lng": -47.059564 }, "geometry": { "type": "Point", "coordinates": [ -47.059564, -22.9056391 ] } },
{ "type": "Feature", "properties": { "NR_ZONA": "379", "NR_SECAO": "144", "NR_LOCAL_VOTACAO": "1155", "NM_UE": "CAMPINAS", "endereco_geocode": "Campinas, SP, Brasil", "lat": -22.9056391, "lng": -47.059564 }, "geometry": { "type": "Point", "coordinates": [ -47.059564, -22.9056391 ] } },
{ "type": "Feature", "properties": { "NR_ZONA": "423", "NR_SECAO": "224", "NR_LOCAL_VOTACAO": "1295", "NM_UE": "CAMPINAS", "endereco_geocode": "Campinas, SP, Brasil", "lat": -22.9056391, "lng": -47.059564 }, "geometry": { "type": "Point", "coordinates": [ -47.059564, -22.9056391 ] } },
{ "type": "Feature", "properties": { "NR_ZONA": "379", "NR_SECAO": "224", "NR_LOCAL_VOTACAO": "1341", "NM_UE": "CAMPINAS", "endereco_geocode": "Campinas, SP, Brasil", "lat": -22.9056391, "lng": -47.059564 }, "geometry": { "type": "Point", "coordinates": [ -47.059564, -22.9056391 ] } },
{ "type": "Feature", "properties": { "NR_ZONA": "33", "NR_SECAO": "540", "NR_LOCAL_VOTACAO": "2364", "NM_UE": "CAMPINAS", "endereco_geocode": "Campinas, SP, Brasil", "lat": -22.9056391, "lng": -47.059564 }, "geometry": { "type": "Point", "coordinates": [ -47.059564, -22.9056391 ] } },
{ "type": "Feature", "properties": { "NR_ZONA": "423", "NR_SECAO": "210", "NR_LOCAL_VOTACAO": "1120", "NM_UE": "CAMPINAS", "endereco_geocode": "Campinas, SP, Brasil", "lat": -22.9056391, "lng": -47.059564 }, "geometry": { "type": "Point", "coordinates": [ -47.059564, -22.9056391 ] } },
{ "type": "Feature", "properties": { "NR_ZONA": "274", "NR_SECAO": "95", "NR_LOCAL_VOTACAO": "1112", "NM_UE": "CAMPINAS", "endereco_geocode": "Campinas, SP, Brasil", "lat": -22.9056391, "lng": -47.059564 }, "geometry": { "type": "Point", "coordinates": [ -47.059564, -22.9056391 ] } },
{ "type": "Feature", "properties": { "NR_ZONA": "378", "NR_SECAO": "364", "NR_LOCAL_VOTACAO": "1287", "NM_UE": "CAMPINAS", "endereco_geocode": "Campinas, SP, Brasil", "lat": -22.9056391, "lng": -47.059564 }, "geometry": { "type": "Point", "coordinates": [ -47.059564, -22.9056391 ] } },
{ "type": "Feature", "properties": { "NR_ZONA": "380", "NR_SECAO": "90", "NR_LOCAL_VOTACAO": "1198", "NM_UE": "CAMPINAS", "endereco_geocode": "Campinas, SP, Brasil", "lat": -22.9056391, "lng": -47.059564 }, "geometry": { "type": "Point", "coordinates": [ -47.059564, -22.9056391 ] } },
{ "type": "Feature", "properties": { "NR_ZONA": "274", "NR_SECAO": "677", "NR_LOCAL_VOTACAO": "1945", "NM_UE": "CAMPINAS", "endereco_geocode": "Campinas, SP, Brasil", "lat": -22.9056391, "lng": -47.059564 }, "geometry": { "type": "Point", "coordinates": [ -47.059564, -22.9056391 ] } },
{ "type": "Feature", "properties": { "NR_ZONA": "275", "NR_SECAO": "518", "NR_LOCAL_VOTACAO": "1724", "NM_UE": "CAMPINAS", "endereco_geocode": "Campinas, SP, Brasil", "lat": -22.9056391, "lng": -47.059564 }, "geometry": { "type": "Point", "coordinates": [ -47.059564, -22.9056391 ] } },
{ "type": "Feature", "properties": { "NR_ZONA": "275", "NR_SECAO": "37", "NR_LOCAL_VOTACAO": "1066", "NM_UE": "CAMPINAS", "endereco_geocode": "Campinas, SP, Brasil", "lat": -22.9056391, "lng": -47.059564 }, "geometry": { "type": "Point", "coordinates": [ -47.059564, -22.9056391 ] } },
{ "type": "Feature", "properties": { "NR_ZONA": "275", "NR_SECAO": "636", "NR_LOCAL_VOTACAO": "1872", "NM_UE": "CAMPINAS", "endereco_geocode": "Campinas, SP, Brasil", "lat": -22.9056391, "lng": -47.059564 }, "geometry": { "type": "Point", "coordinates": [ -47.059564, -22.9056391 ] } },
{ "type": "Feature", "properties": { "NR_ZONA": "379", "NR_SECAO": "267", "NR_LOCAL_VOTACAO": "1210", "NM_UE": "CAMPINAS", "endereco_geocode": "Campinas, SP, Brasil", "lat": -22.9056391, "lng": -47.059564 }, "geometry": { "type": "Point", "coordinates": [ -47.059564, -22.9056391 ] } },
{ "type": "Feature", "properties": { "NR_ZONA": "275", "NR_SECAO": "407", "NR_LOCAL_VOTACAO": "1589", "NM_UE": "CAMPINAS", "endereco_geocode": "Campinas, SP, Brasil", "lat": -22.9056391, "lng": -47.059564 }, "geometry": { "type": "Point", "coordinates": [ -47.059564, -22.9056391 ] } },
{ "type": "Feature", "properties": { "NR_ZONA": "274", "NR_SECAO": "140", "NR_LOCAL_VOTACAO": "1171", "NM_UE": "CAMPINAS", "endereco_geocode": "Campinas, SP, Brasil", "lat": -22.9056391, "lng": -47.059564 }, "geometry": { "type": "Point", "coordinates": [ -47.059564, -22.9056391 ] } },
{ "type": "Feature", "properties": { "NR_ZONA": "378", "NR_SECAO": "285", "NR_LOCAL_VOTACAO": "1252", "NM_UE": "CAMPINAS", "endereco_geocode": "Campinas, SP, Brasil", "lat": -22.9056391, "lng": -47.059564 }, "geometry": { "type": "Point", "coordinates": [ -47.059564, -22.9056391 ] } },
{ "type": "Feature", "properties": { "NR_ZONA": "378", "NR_SECAO": "44", "NR_LOCAL_VOTACAO": "1031", "NM_UE": "CAMPINAS", "endereco_geocode": "Campinas, SP, Brasil", "lat": -22.9056391, "lng": -47.059564 }, "geometry": { "type": "Point", "coordinates": [ -47.059564, -22.9056391 ] } },
{ "type": "Feature", "properties": { "NR_ZONA": "274", "NR_SECAO": "762", "NR_LOCAL_VOTACAO": "2046", "NM_UE": "CAMPINAS", "endereco_geocode": "Campinas, SP, Brasil", "lat": -22.9056391, "lng": -47.059564 }, "geometry": { "type": "Point", "coordinates": [ -47.059564, -22.9056391 ] } },
{ "type": "Feature", "properties": { "NR_ZONA": "378", "NR_SECAO": "295", "NR_LOCAL_VOTACAO": "1252", "NM_UE": "CAMPINAS", "endereco_geocode": "Campinas, SP, Brasil", "lat": -22.9056391, "lng": -47.059564 }, "geometry": { "type": "Point", "coordinates": [ -47.059564, -22.9056391 ] } },
{ "type": "Feature", "properties": { "NR_ZONA": "378", "NR_SECAO": "564", "NR_LOCAL_VOTACAO": "1660", "NM_UE": "CAMPINAS", "endereco_geocode": "Campinas, SP, Brasil", "lat": -22.9056391, "lng": -47.059564 }, "geometry": { "type": "Point", "coordinates": [ -47.059564, -22.9056391 ] } },
{ "type": "Feature", "properties": { "NR_ZONA": "423", "NR_SECAO": "170", "NR_LOCAL_VOTACAO": "1180", "NM_UE": "CAMPINAS", "endereco_geocode": "Campinas, SP, Brasil", "lat": -22.9056391, "lng": -47.059564 }, "geometry": { "type": "Point", "coordinates": [ -47.059564, -22.9056391 ] } },
{ "type": "Feature", "properties": { "NR_ZONA": "380", "NR_SECAO": "238", "NR_LOCAL_VOTACAO": "1120", "NM_UE": "CAMPINAS", "endereco_geocode": "Campinas, SP, Brasil", "lat": -22.9056391, "lng": -47.059564 }, "geometry": { "type": "Point", "coordinates": [ -47.059564, -22.9056391 ] } },
{ "type": "Feature", "properties": { "NR_ZONA": "275", "NR_SECAO": "197", "NR_LOCAL_VOTACAO": "1309", "NM_UE": "CAMPINAS", "endereco_geocode": "Campinas, SP, Brasil", "lat": -22.9056391, "lng": -47.059564 }, "geometry": { "type": "Point", "coordinates": [ -47.059564, -22.9056391 ] } },
{ "type": "Feature", "properties": { "NR_ZONA": "33", "NR_SECAO": "469", "NR_LOCAL_VOTACAO": "2305", "NM_UE": "CAMPINAS", "endereco_geocode": "Campinas, SP, Brasil", "lat": -22.9056391, "lng": -47.059564 }, "geometry": { "type": "Point", "coordinates": [ -47.059564, -22.9056391 ] } },
{ "type": "Feature", "properties": { "NR_ZONA": "423", "NR_SECAO": "218", "NR_LOCAL_VOTACAO": "1309", "NM_UE": "CAMPINAS", "endereco_geocode": "Campinas, SP, Brasil", "lat": -22.9056391, "lng": -47.059564 }, "geometry": { "type": "Point", "coordinates": [ -47.059564, -22.9056391 ] } },
{ "type": "Feature", "properties": { "NR_ZONA": "380", "NR_SECAO": "21", "NR_LOCAL_VOTACAO": "1120", "NM_UE": "CAMPINAS", "endereco_geocode": "Campinas, SP, Brasil", "lat": -22.9056391, "lng": -47.059564 }, "geometry": { "type": "Point", "coordinates": [ -47.059564, -22.9056391 ] } },
{ "type": "Feature", "properties": { "NR_ZONA": "380", "NR_SECAO": "224", "NR_LOCAL_VOTACAO": "1430", "NM_UE": "CAMPINAS", "endereco_geocode": "Campinas, SP, Brasil", "lat": -22.9056391, "lng": -47.059564 }, "geometry": { "type": "Point", "coordinates": [ -47.059564, -22.9056391 ] } },
{ "type": "Feature", "properties": { "NR_ZONA": "423", "NR_SECAO": "29", "NR_LOCAL_VOTACAO": "1031", "NM_UE": "CAMPINAS", "endereco_geocode": "Campinas, SP, Brasil", "lat": -22.9056391, "lng": -47.059564 }, "geometry": { "type": "Point", "coordinates": [ -47.059564, -22.9056391 ] } },
{ "type": "Feature", "properties": { "NR_ZONA": "274", "NR_SECAO": "733", "NR_LOCAL_VOTACAO": "2003", "NM_UE": "CAMPINAS", "endereco_geocode": "Campinas, SP, Brasil", "lat": -22.9056391, "lng": -47.059564 }, "geometry": { "type": "Point", "coordinates": [ -47.059564, -22.9056391 ] } },
{ "type": "Feature", "properties": { "NR_ZONA": "378", "NR_SECAO": "136", "NR_LOCAL_VOTACAO": "1104", "NM_UE": "CAMPINAS", "endereco_geocode": "Campinas, SP, Brasil", "lat": -22.9056391, "lng": -47.059564 }, "geometry": { "type": "Point", "coordinates": [ -47.059564, -22.9056391 ] } },
{ "type": "Feature", "properties": { "NR_ZONA": "275", "NR_SECAO": "601", "NR_LOCAL_VOTACAO": "1198", "NM_UE": "CAMPINAS", "endereco_geocode": "Campinas, SP, Brasil", "lat": -22.9056391, "lng": -47.059564 }, "geometry": { "type": "Point", "coordinates": [ -47.059564, -22.9056391 ] } },
{ "type": "Feature", "properties": { "NR_ZONA": "423", "NR_SECAO": "163", "NR_LOCAL_VOTACAO": "1163", "NM_UE": "CAMPINAS", "endereco_geocode": "Campinas, SP, Brasil", "lat": -22.9056391, "lng": -47.059564 }, "geometry": { "type": "Point", "coordinates": [ -47.059564, -22.9056391 ] } },
{ "type": "Feature", "properties": { "NR_ZONA": "274", "NR_SECAO": "621", "NR_LOCAL_VOTACAO": "1880", "NM_UE": "CAMPINAS", "endereco_geocode": "Campinas, SP, Brasil", "lat": -22.9056391, "lng": -47.059564 }, "geometry": { "type": "Point", "coordinates": [ -47.059564, -22.9056391 ] } },
{ "type": "Feature", "properties": { "NR_ZONA": "274", "NR_SECAO": "681", "NR_LOCAL_VOTACAO": "1139", "NM_UE": "CAMPINAS", "endereco_geocode": "Campinas, SP, Brasil", "lat": -22.9056391, "lng": -47.059564 }, "geometry": { "type": "Point", "coordinates": [ -47.059564, -22.9056391 ] } },
{ "type": "Feature", "properties": { "NR_ZONA": "274", "NR_SECAO": "655", "NR_LOCAL_VOTACAO": "1848", "NM_UE": "CAMPINAS", "endereco_geocode": "Campinas, SP, Brasil", "lat": -22.9056391, "lng": -47.059564 }, "geometry": { "type": "Point", "coordinates": [ -47.059564, -22.9056391 ] } },
{ "type": "Feature", "properties": { "NR_ZONA": "274", "NR_SECAO": "624", "NR_LOCAL_VOTACAO": "1155", "NM_UE": "CAMPINAS", "endereco_geocode": "Campinas, SP, Brasil", "lat": -22.9056391, "lng": -47.059564 }, "geometry": { "type": "Point", "coordinates": [ -47.059564, -22.9056391 ] } },
{ "type": "Feature", "properties": { "NR_ZONA": "274", "NR_SECAO": "141", "NR_LOCAL_VOTACAO": "1171", "NM_UE": "CAMPINAS", "endereco_geocode": "Campinas, SP, Brasil", "lat": -22.9056391, "lng": -47.059564 }, "geometry": { "type": "Point", "coordinates": [ -47.059564, -22.9056391 ] } },
{ "type": "Feature", "properties": { "NR_ZONA": "274", "NR_SECAO": "587", "NR_LOCAL_VOTACAO": "1120", "NM_UE": "CAMPINAS", "endereco_geocode": "Campinas, SP, Brasil", "lat": -22.9056391, "lng": -47.059564 }, "geometry": { "type": "Point", "coordinates": [ -47.059564, -22.9056391 ] } },
{ "type": "Feature", "properties": { "NR_ZONA": "380", "NR_SECAO": "161", "NR_LOCAL_VOTACAO": "1350", "NM_UE": "CAMPINAS", "endereco_geocode": "Campinas, SP, Brasil", "lat": -22.9056391, "lng": -47.059564 }, "geometry": { "type": "Point", "coordinates": [ -47.059564, -22.9056391 ] } },
{ "type": "Feature", "properties": { "NR_ZONA": "380", "NR_SECAO": "114", "NR_LOCAL_VOTACAO": "1309", "NM_UE": "CAMPINAS", "endereco_geocode": "Campinas, SP, Brasil", "lat": -22.9056391, "lng": -47.059564 }, "geometry": { "type": "Point", "coordinates": [ -47.059564, -22.9056391 ] } },
{ "type": "Feature", "properties": { "NR_ZONA": "275", "NR_SECAO": "590", "NR_LOCAL_VOTACAO": "1929", "NM_UE": "CAMPINAS", "endereco_geocode": "Campinas, SP, Brasil", "lat": -22.9056391, "lng": -47.059564 }, "geometry": { "type": "Point", "coordinates": [ -47.059564, -22.9056391 ] } },
{ "type": "Feature", "properties": { "NR_ZONA": "380", "NR_SECAO": "136", "NR_LOCAL_VOTACAO": "1333", "NM_UE": "CAMPINAS", "endereco_geocode": "Campinas, SP, Brasil", "lat": -22.9056391, "lng": -47.059564 }, "geometry": { "type": "Point", "coordinates": [ -47.059564, -22.9056391 ] } },
{ "type": "Feature", "properties": { "NR_ZONA": "423", "NR_SECAO": "273", "NR_LOCAL_VOTACAO": "1341", "NM_UE": "CAMPINAS", "endereco_geocode": "Campinas, SP, Brasil", "lat": -22.9056391, "lng": -47.059564 }, "geometry": { "type": "Point", "coordinates": [ -47.059564, -22.9056391 ] } },
{ "type": "Feature", "properties": { "NR_ZONA": "380", "NR_SECAO": "315", "NR_LOCAL_VOTACAO": "1325", "NM_UE": "CAMPINAS", "endereco_geocode": "Campinas, SP, Brasil", "lat": -22.9056391, "lng": -47.059564 }, "geometry": { "type": "Point", "coordinates": [ -47.059564, -22.9056391 ] } },
{ "type": "Feature", "properties": { "NR_ZONA": "423", "NR_SECAO": "21", "NR_LOCAL_VOTACAO": "1023", "NM_UE": "CAMPINAS", "endereco_geocode": "Campinas, SP, Brasil", "lat": -22.9056391, "lng": -47.059564 }, "geometry": { "type": "Point", "coordinates": [ -47.059564, -22.9056391 ] } },
{ "type": "Feature", "properties": { "NR_ZONA": "378", "NR_SECAO": "481", "NR_LOCAL_VOTACAO": "1520", "NM_UE": "CAMPINAS", "endereco_geocode": "Campinas, SP, Brasil", "lat": -22.9056391, "lng": -47.059564 }, "geometry": { "type": "Point", "coordinates": [ -47.059564, -22.9056391 ] } },
{ "type": "Feature", "properties": { "NR_ZONA": "378", "NR_SECAO": "197", "NR_LOCAL_VOTACAO": "1309", "NM_UE": "CAMPINAS", "endereco_geocode": "Campinas, SP, Brasil", "lat": -22.9056391, "lng": -47.059564 }, "geometry": { "type": "Point", "coordinates": [ -47.059564, -22.9056391 ] } },
{ "type": "Feature", "properties": { "NR_ZONA": "378", "NR_SECAO": "171", "NR_LOCAL_VOTACAO": "1171", "NM_UE": "CAMPINAS", "endereco_geocode": "Campinas, SP, Brasil", "lat": -22.9056391, "lng": -47.059564 }, "geometry": { "type": "Point", "coordinates": [ -47.059564, -22.9056391 ] } },
{ "type": "Feature", "properties": { "NR_ZONA": "378", "NR_SECAO": "221", "NR_LOCAL_VOTACAO": "1163", "NM_UE": "CAMPINAS", "endereco_geocode": "Campinas, SP, Brasil", "lat": -22.9056391, "lng": -47.059564 }, "geometry": { "type": "Point", "coordinates": [ -47.059564, -22.9056391 ] } },
{ "type": "Feature", "properties": { "NR_ZONA": "33", "NR_SECAO": "74", "NR_LOCAL_VOTACAO": "1139", "NM_UE": "CAMPINAS", "endereco_geocode": "Campinas, SP, Brasil", "lat": -22.9056391, "lng": -47.059564 }, "geometry": { "type": "Point", "coordinates": [ -47.059564, -22.9056391 ] } },
{ "type": "Feature", "properties": { "NR_ZONA": "379", "NR_SECAO": "346", "NR_LOCAL_VOTACAO": "1406", "NM_UE": "CAMPINAS", "endereco_geocode": "Campinas, SP, Brasil", "lat": -22.9056391, "lng": -47.059564 }, "geometry": { "type": "Point", "coordinates": [ -47.059564, -22.9056391 ] } },
{ "type": "Feature", "properties": { "NR_ZONA": "379", "NR_SECAO": "257", "NR_LOCAL_VOTACAO": "1236", "NM_UE": "CAMPINAS", "endereco_geocode": "Campinas, SP, Brasil", "lat": -22.9056391, "lng": -47.059564 }, "geometry": { "type": "Point", "coordinates": [ -47.059564, -22.9056391 ] } },
{ "type": "Feature", "properties": { "NR_ZONA": "33", "NR_SECAO": "281", "NR_LOCAL_VOTACAO": "1147", "NM_UE": "CAMPINAS", "endereco_geocode": "Campinas, SP, Brasil", "lat": -22.9056391, "lng": -47.059564 }, "geometry": { "type": "Point", "coordinates": [ -47.059564, -22.9056391 ] } },
{ "type": "Feature", "properties": { "NR_ZONA": "423", "NR_SECAO": "177", "NR_LOCAL_VOTACAO": "1198", "NM_UE": "CAMPINAS", "endereco_geocode": "Campinas, SP, Brasil", "lat": -22.9056391, "lng": -47.059564 }, "geometry": { "type": "Point", "coordinates": [ -47.059564, -22.9056391 ] } },
{ "type": "Feature", "properties": { "NR_ZONA": "378", "NR_SECAO": "98", "NR_LOCAL_VOTACAO": "1074", "NM_UE": "CAMPINAS", "endereco_geocode": "Campinas, SP, Brasil", "lat": -22.9056391, "lng": -47.059564 }, "geometry": { "type": "Point", "coordinates": [ -47.059564, -22.9056391 ] } },
{ "type": "Feature", "properties": { "NR_ZONA": "378", "NR_SECAO": "148", "NR_LOCAL_VOTACAO": "1112", "NM_UE": "CAMPINAS", "endereco_geocode": "Campinas, SP, Brasil", "lat": -22.9056391, "lng": -47.059564 }, "geometry": { "type": "Point", "coordinates": [ -47.059564, -22.9056391 ] } },
{ "type": "Feature", "properties": { "NR_ZONA": "379", "NR_SECAO": "201", "NR_LOCAL_VOTACAO": "1317", "NM_UE": "CAMPINAS", "endereco_geocode": "Campinas, SP, Brasil", "lat": -22.9056391, "lng": -47.059564 }, "geometry": { "type": "Point", "coordinates": [ -47.059564, -22.9056391 ] } },
{ "type": "Feature", "properties": { "NR_ZONA": "33", "NR_SECAO": "391", "NR_LOCAL_VOTACAO": "1023", "NM_UE": "CAMPINAS", "endereco_geocode": "Campinas, SP, Brasil", "lat": -22.9056391, "lng": -47.059564 }, "geometry": { "type": "Point", "coordinates": [ -47.059564, -22.9056391 ] } },
{ "type": "Feature", "properties": { "NR_ZONA": "33", "NR_SECAO": "336", "NR_LOCAL_VOTACAO": "2135", "NM_UE": "CAMPINAS", "endereco_geocode": "Campinas, SP, Brasil", "lat": -22.9056391, "lng": -47.059564 }, "geometry": { "type": "Point", "coordinates": [ -47.059564, -22.9056391 ] } },
{ "type": "Feature", "properties": { "NR_ZONA": "33", "NR_SECAO": "242", "NR_LOCAL_VOTACAO": "1090", "NM_UE": "CAMPINAS", "endereco_geocode": "Campinas, SP, Brasil", "lat": -22.9056391, "lng": -47.059564 }, "geometry": { "type": "Point", "coordinates": [ -47.059564, -22.9056391 ] } },
{ "type": "Feature", "properties": { "NR_ZONA": "33", "NR_SECAO": "407", "NR_LOCAL_VOTACAO": "2259", "NM_UE": "CAMPINAS", "endereco_geocode": "Campinas, SP, Brasil", "lat": -22.9056391, "lng": -47.059564 }, "geometry": { "type": "Point", "coordinates": [ -47.059564, -22.9056391 ] } },
{ "type": "Feature", "properties": { "NR_ZONA": "379", "NR_SECAO": "32", "NR_LOCAL_VOTACAO": "1040", "NM_UE": "CAMPINAS", "endereco_geocode": "Campinas, SP, Brasil", "lat": -22.9056391, "lng": -47.059564 }, "geometry": { "type": "Point", "coordinates": [ -47.059564, -22.9056391 ] } },
{ "type": "Feature", "properties": { "NR_ZONA": "274", "NR_SECAO": "135", "NR_LOCAL_VOTACAO": "1163", "NM_UE": "CAMPINAS", "endereco_geocode": "Campinas, SP, Brasil", "lat": -22.9056391, "lng": -47.059564 }, "geometry": { "type": "Point", "coordinates": [ -47.059564, -22.9056391 ] } },
{ "type": "Feature", "properties": { "NR_ZONA": "380", "NR_SECAO": "167", "NR_LOCAL_VOTACAO": "1368", "NM_UE": "CAMPINAS", "endereco_geocode": "Campinas, SP, Brasil", "lat": -22.9056391, "lng": -47.059564 }, "geometry": { "type": "Point", "coordinates": [ -47.059564, -22.9056391 ] } },
{ "type": "Feature", "properties": { "NR_ZONA": "380", "NR_SECAO": "198", "NR_LOCAL_VOTACAO": "1406", "NM_UE": "CAMPINAS", "endereco_geocode": "Campinas, SP, Brasil", "lat": -22.9056391, "lng": -47.059564 }, "geometry": { "type": "Point", "coordinates": [ -47.059564, -22.9056391 ] } },
{ "type": "Feature", "properties": { "NR_ZONA": "379", "NR_SECAO": "478", "NR_LOCAL_VOTACAO": "1554", "NM_UE": "CAMPINAS", "endereco_geocode": "Campinas, SP, Brasil", "lat": -22.9056391, "lng": -47.059564 }, "geometry": { "type": "Point", "coordinates": [ -47.059564, -22.9056391 ] } },
{ "type": "Feature", "properties": { "NR_ZONA": "380", "NR_SECAO": "186", "NR_LOCAL_VOTACAO": "1392", "NM_UE": "CAMPINAS", "endereco_geocode": "Campinas, SP, Brasil", "lat": -22.9056391, "lng": -47.059564 }, "geometry": { "type": "Point", "coordinates": [ -47.059564, -22.9056391 ] } },
{ "type": "Feature", "properties": { "NR_ZONA": "275", "NR_SECAO": "585", "NR_LOCAL_VOTACAO": "1880", "NM_UE": "CAMPINAS", "endereco_geocode": "Campinas, SP, Brasil", "lat": -22.9056391, "lng": -47.059564 }, "geometry": { "type": "Point", "coordinates": [ -47.059564, -22.9056391 ] } },
{ "type": "Feature", "properties": { "NR_ZONA": "380", "NR_SECAO": "242", "NR_LOCAL_VOTACAO": "1066", "NM_UE": "CAMPINAS", "endereco_geocode": "Campinas, SP, Brasil", "lat": -22.9056391, "lng": -47.059564 }, "geometry": { "type": "Point", "coordinates": [ -47.059564, -22.9056391 ] } },
{ "type": "Feature", "properties": { "NR_ZONA": "275", "NR_SECAO": "528", "NR_LOCAL_VOTACAO": "1899", "NM_UE": "CAMPINAS", "endereco_geocode": "Campinas, SP, Brasil", "lat": -22.9056391, "lng": -47.059564 }, "geometry": { "type": "Point", "coordinates": [ -47.059564, -22.9056391 ] } },
{ "type": "Feature", "properties": { "NR_ZONA": "380", "NR_SECAO": "80", "NR_LOCAL_VOTACAO": "1180", "NM_UE": "CAMPINAS", "endereco_geocode": "Campinas, SP, Brasil", "lat": -22.9056391, "lng": -47.059564 }, "geometry": { "type": "Point", "coordinates": [ -47.059564, -22.9056391 ] } },
{ "type": "Feature", "properties": { "NR_ZONA": "380", "NR_SECAO": "128", "NR_LOCAL_VOTACAO": "1325", "NM_UE": "CAMPINAS", "endereco_geocode": "Campinas, SP, Brasil", "lat": -22.9056391, "lng": -47.059564 }, "geometry": { "type": "Point", "coordinates": [ -47.059564, -22.9056391 ] } },
{ "type": "Feature", "properties": { "NR_ZONA": "380", "NR_SECAO": "235", "NR_LOCAL_VOTACAO": "1279", "NM_UE": "CAMPINAS", "endereco_geocode": "Campinas, SP, Brasil", "lat": -22.9056391, "lng": -47.059564 }, "geometry": { "type": "Point", "coordinates": [ -47.059564, -22.9056391 ] } },
{ "type": "Feature", "properties": { "NR_ZONA": "275", "NR_SECAO": "228", "NR_LOCAL_VOTACAO": "1929", "NM_UE": "CAMPINAS", "endereco_geocode": "Campinas, SP, Brasil", "lat": -22.9056391, "lng": -47.059564 }, "geometry": { "type": "Point", "coordinates": [ -47.059564, -22.9056391 ] } },
{ "type": "Feature", "properties": { "NR_ZONA": "380", "NR_SECAO": "20", "NR_LOCAL_VOTACAO": "1112", "NM_UE": "CAMPINAS", "endereco_geocode": "Campinas, SP, Brasil", "lat": -22.9056391, "lng": -47.059564 }, "geometry": { "type": "Point", "coordinates": [ -47.059564, -22.9056391 ] } },
{ "type": "Feature", "properties": { "NR_ZONA": "275", "NR_SECAO": "375", "NR_LOCAL_VOTACAO": "1180", "NM_UE": "CAMPINAS", "endereco_geocode": "Campinas, SP, Brasil", "lat": -22.9056391, "lng": -47.059564 }, "geometry": { "type": "Point", "coordinates": [ -47.059564, -22.9056391 ] } },
{ "type": "Feature", "properties": { "NR_ZONA": "274", "NR_SECAO": "670", "NR_LOCAL_VOTACAO": "1104", "NM_UE": "CAMPINAS", "endereco_geocode": "Campinas, SP, Brasil", "lat": -22.9056391, "lng": -47.059564 }, "geometry": { "type": "Point", "coordinates": [ -47.059564, -22.9056391 ] } },
{ "type": "Feature", "properties": { "NR_ZONA": "423", "NR_SECAO": "203", "NR_LOCAL_VOTACAO": "1210", "NM_UE": "CAMPINAS", "endereco_geocode": "Campinas, SP, Brasil", "lat": -22.9056391, "lng": -47.059564 }, "geometry": { "type": "Point", "coordinates": [ -47.059564, -22.9056391 ] } },
{ "type": "Feature", "properties": { "NR_ZONA": "380", "NR_SECAO": "270", "NR_LOCAL_VOTACAO": "1171", "NM_UE": "CAMPINAS", "endereco_geocode": "Campinas, SP, Brasil", "lat": -22.9056391, "lng": -47.059564 }, "geometry": { "type": "Point", "coordinates": [ -47.059564, -22.9056391 ] } },
{ "type": "Feature", "properties": { "NR_ZONA": "275", "NR_SECAO": "35", "NR_LOCAL_VOTACAO": "1066", "NM_UE": "CAMPINAS", "endereco_geocode": "Campinas, SP, Brasil", "lat": -22.9056391, "lng": -47.059564 }, "geometry": { "type": "Point", "coordinates": [ -47.059564, -22.9056391 ] } },
{ "type": "Feature", "properties": { "NR_ZONA": "380", "NR_SECAO": "221", "NR_LOCAL_VOTACAO": "1422", "NM_UE": "CAMPINAS", "endereco_geocode": "Campinas, SP, Brasil", "lat": -22.9056391, "lng": -47.059564 }, "geometry": { "type": "Point", "coordinates": [ -47.059564, -22.9056391 ] } },
{ "type": "Feature", "properties": { "NR_ZONA": "378", "NR_SECAO": "461", "NR_LOCAL_VOTACAO": "1597", "NM_UE": "CAMPINAS", "endereco_geocode": "Campinas, SP, Brasil", "lat": -22.9056391, "lng": -47.059564 }, "geometry": { "type": "Point", "coordinates": [ -47.059564, -22.9056391 ] } },
{ "type": "Feature", "properties": { "NR_ZONA": "423", "NR_SECAO": "69", "NR_LOCAL_VOTACAO": "1074", "NM_UE": "CAMPINAS", "endereco_geocode": "Campinas, SP, Brasil", "lat": -22.9056391, "lng": -47.059564 }, "geometry": { "type": "Point", "coordinates": [ -47.059564, -22.9056391 ] } },
{ "type": "Feature", "properties": { "NR_ZONA": "379", "NR_SECAO": "176", "NR_LOCAL_VOTACAO": "1295", "NM_UE": "CAMPINAS", "endereco_geocode": "Campinas, SP, Brasil", "lat": -22.9056391, "lng": -47.059564 }, "geometry": { "type": "Point", "coordinates": [ -47.059564, -22.9056391 ] } },
{ "type": "Feature", "properties": { "NR_ZONA": "378", "NR_SECAO": "573", "NR_LOCAL_VOTACAO": "1660", "NM_UE": "CAMPINAS", "endereco_geocode": "Campinas, SP, Brasil", "lat": -22.9056391, "lng": -47.059564 }, "geometry": { "type": "Point", "coordinates": [ -47.059564, -22.9056391 ] } },
{ "type": "Feature", "properties": { "NR_ZONA": "378", "NR_SECAO": "332", "NR_LOCAL_VOTACAO": "1295", "NM_UE": "CAMPINAS", "endereco_geocode": "Campinas, SP, Brasil", "lat": -22.9056391, "lng": -47.059564 }, "geometry": { "type": "Point", "coordinates": [ -47.059564, -22.9056391 ] } },
{ "type": "Feature", "properties": { "NR_ZONA": "33", "NR_SECAO": "481", "NR_LOCAL_VOTACAO": "2313", "NM_UE": "CAMPINAS", "endereco_geocode": "Campinas, SP, Brasil", "lat": -22.9056391, "lng": -47.059564 }, "geometry": { "type": "Point", "coordinates": [ -47.059564, -22.9056391 ] } },
{ "type": "Feature", "properties": { "NR_ZONA": "378", "NR_SECAO": "467", "NR_LOCAL_VOTACAO": "1198", "NM_UE": "CAMPINAS", "endereco_geocode": "Campinas, SP, Brasil", "lat": -22.9056391, "lng": -47.059564 }, "geometry": { "type": "Point", "coordinates": [ -47.059564, -22.9056391 ] } },
{ "type": "Feature", "properties": { "NR_ZONA": "378", "NR_SECAO": "194", "NR_LOCAL_VOTACAO": "1279", "NM_UE": "CAMPINAS", "endereco_geocode": "Campinas, SP, Brasil", "lat": -22.9056391, "lng": -47.059564 }, "geometry": { "type": "Point", "coordinates": [ -47.059564, -22.9056391 ] } },
{ "type": "Feature", "properties": { "NR_ZONA": "380", "NR_SECAO": "138", "NR_LOCAL_VOTACAO": "1333", "NM_UE": "CAMPINAS", "endereco_geocode": "Campinas, SP, Brasil", "lat": -22.9056391, "lng": -47.059564 }, "geometry": { "type": "Point", "coordinates": [ -47.059564, -22.9056391 ] } },
{ "type": "Feature", "properties": { "NR_ZONA": "378", "NR_SECAO": "94", "NR_LOCAL_VOTACAO": "1074", "NM_UE": "CAMPINAS", "endereco_geocode": "Campinas, SP, Brasil", "lat": -22.9056391, "lng": -47.059564 }, "geometry": { "type": "Point", "coordinates": [ -47.059564, -22.9056391 ] } },
{ "type": "Feature", "properties": { "NR_ZONA": "378", "NR_SECAO": "147", "NR_LOCAL_VOTACAO": "1112", "NM_UE": "CAMPINAS", "endereco_geocode": "Campinas, SP, Brasil", "lat": -22.9056391, "lng": -47.059564 }, "geometry": { "type": "Point", "coordinates": [ -47.059564, -22.9056391 ] } },
{ "type": "Feature", "properties": { "NR_ZONA": "275", "NR_SECAO": "231", "NR_LOCAL_VOTACAO": "1350", "NM_UE": "CAMPINAS", "endereco_geocode": "Campinas, SP, Brasil", "lat": -22.9056391, "lng": -47.059564 }, "geometry": { "type": "Point", "coordinates": [ -47.059564, -22.9056391 ] } },
{ "type": "Feature", "properties": { "NR_ZONA": "379", "NR_SECAO": "206", "NR_LOCAL_VOTACAO": "1325", "NM_UE": "CAMPINAS", "endereco_geocode": "Campinas, SP, Brasil", "lat": -22.9056391, "lng": -47.059564 }, "geometry": { "type": "Point", "coordinates": [ -47.059564, -22.9056391 ] } },
{ "type": "Feature", "properties": { "NR_ZONA": "423", "NR_SECAO": "127", "NR_LOCAL_VOTACAO": "1139", "NM_UE": "CAMPINAS", "endereco_geocode": "Campinas, SP, Brasil", "lat": -22.9056391, "lng": -47.059564 }, "geometry": { "type": "Point", "coordinates": [ -47.059564, -22.9056391 ] } },
{ "type": "Feature", "properties": { "NR_ZONA": "274", "NR_SECAO": "766", "NR_LOCAL_VOTACAO": "2054", "NM_UE": "CAMPINAS", "endereco_geocode": "Campinas, SP, Brasil", "lat": -22.9056391, "lng": -47.059564 }, "geometry": { "type": "Point", "coordinates": [ -47.059564, -22.9056391 ] } },
{ "type": "Feature", "properties": { "NR_ZONA": "274", "NR_SECAO": "108", "NR_LOCAL_VOTACAO": "1120", "NM_UE": "CAMPINAS", "endereco_geocode": "Campinas, SP, Brasil", "lat": -22.9056391, "lng": -47.059564 }, "geometry": { "type": "Point", "coordinates": [ -47.059564, -22.9056391 ] } },
{ "type": "Feature", "properties": { "NR_ZONA": "379", "NR_SECAO": "6", "NR_LOCAL_VOTACAO": "1015", "NM_UE": "CAMPINAS", "endereco_geocode": "Campinas, SP, Brasil", "lat": -22.9056391, "lng": -47.059564 }, "geometry": { "type": "Point", "coordinates": [ -47.059564, -22.9056391 ] } },
{ "type": "Feature", "properties": { "NR_ZONA": "423", "NR_SECAO": "87", "NR_LOCAL_VOTACAO": "1090", "NM_UE": "CAMPINAS", "endereco_geocode": "Campinas, SP, Brasil", "lat": -22.9056391, "lng": -47.059564 }, "geometry": { "type": "Point", "coordinates": [ -47.059564, -22.9056391 ] } },
{ "type": "Feature", "properties": { "NR_ZONA": "274", "NR_SECAO": "81", "NR_LOCAL_VOTACAO": "1090", "NM_UE": "CAMPINAS", "endereco_geocode": "Campinas, SP, Brasil", "lat": -22.9056391, "lng": -47.059564 }, "geometry": { "type": "Point", "coordinates": [ -47.059564, -22.9056391 ] } },
{ "type": "Feature", "properties": { "NR_ZONA": "378", "NR_SECAO": "123", "NR_LOCAL_VOTACAO": "1090", "NM_UE": "CAMPINAS", "endereco_geocode": "Campinas, SP, Brasil", "lat": -22.9056391, "lng": -47.059564 }, "geometry": { "type": "Point", "coordinates": [ -47.059564, -22.9056391 ] } },
{ "type": "Feature", "properties": { "NR_ZONA": "378", "NR_SECAO": "338", "NR_LOCAL_VOTACAO": "1279", "NM_UE": "CAMPINAS", "endereco_geocode": "Campinas, SP, Brasil", "lat": -22.9056391, "lng": -47.059564 }, "geometry": { "type": "Point", "coordinates": [ -47.059564, -22.9056391 ] } },
{ "type": "Feature", "properties": { "NR_ZONA": "378", "NR_SECAO": "229", "NR_LOCAL_VOTACAO": "1376", "NM_UE": "CAMPINAS", "endereco_geocode": "Campinas, SP, Brasil", "lat": -22.9056391, "lng": -47.059564 }, "geometry": { "type": "Point", "coordinates": [ -47.059564, -22.9056391 ] } },
{ "type": "Feature", "properties": { "NR_ZONA": "274", "NR_SECAO": "606", "NR_LOCAL_VOTACAO": "1872", "NM_UE": "CAMPINAS", "endereco_geocode": "Campinas, SP, Brasil", "lat": -22.9056391, "lng": -47.059564 }, "geometry": { "type": "Point", "coordinates": [ -47.059564, -22.9056391 ] } },
{ "type": "Feature", "properties": { "NR_ZONA": "423", "NR_SECAO": "97", "NR_LOCAL_VOTACAO": "1090", "NM_UE": "CAMPINAS", "endereco_geocode": "Campinas, SP, Brasil", "lat": -22.9056391, "lng": -47.059564 }, "geometry": { "type": "Point", "coordinates": [ -47.059564, -22.9056391 ] } },
{ "type": "Feature", "properties": { "NR_ZONA": "274", "NR_SECAO": "707", "NR_LOCAL_VOTACAO": "1970", "NM_UE": "CAMPINAS", "endereco_geocode": "Campinas, SP, Brasil", "lat": -22.9056391, "lng": -47.059564 }, "geometry": { "type": "Point", "coordinates": [ -47.059564, -22.9056391 ] } },
{ "type": "Feature", "properties": { "NR_ZONA": "274", "NR_SECAO": "92", "NR_LOCAL_VOTACAO": "1112", "NM_UE": "CAMPINAS", "endereco_geocode": "Campinas, SP, Brasil", "lat": -22.9056391, "lng": -47.059564 }, "geometry": { "type": "Point", "coordinates": [ -47.059564, -22.9056391 ] } },
{ "type": "Feature", "properties": { "NR_ZONA": "380", "NR_SECAO": "55", "NR_LOCAL_VOTACAO": "1155", "NM_UE": "CAMPINAS", "endereco_geocode": "Campinas, SP, Brasil", "lat": -22.9056391, "lng": -47.059564 }, "geometry": { "type": "Point", "coordinates": [ -47.059564, -22.9056391 ] } },
{ "type": "Feature", "properties": { "NR_ZONA": "379", "NR_SECAO": "266", "NR_LOCAL_VOTACAO": "1376", "NM_UE": "CAMPINAS", "endereco_geocode": "Campinas, SP, Brasil", "lat": -22.9056391, "lng": -47.059564 }, "geometry": { "type": "Point", "coordinates": [ -47.059564, -22.9056391 ] } },
{ "type": "Feature", "properties": { "NR_ZONA": "380", "NR_SECAO": "334", "NR_LOCAL_VOTACAO": "1457", "NM_UE": "CAMPINAS", "endereco_geocode": "Campinas, SP, Brasil", "lat": -22.9056391, "lng": -47.059564 }, "geometry": { "type": "Point", "coordinates": [ -47.059564, -22.9056391 ] } },
{ "type": "Feature", "properties": { "NR_ZONA": "33", "NR_SECAO": "457", "NR_LOCAL_VOTACAO": "2291", "NM_UE": "CAMPINAS", "endereco_geocode": "Campinas, SP, Brasil", "lat": -22.9056391, "lng": -47.059564 }, "geometry": { "type": "Point", "coordinates": [ -47.059564, -22.9056391 ] } },
{ "type": "Feature", "properties": { "NR_ZONA": "275", "NR_SECAO": "577", "NR_LOCAL_VOTACAO": "1929", "NM_UE": "CAMPINAS", "endereco_geocode": "Campinas, SP, Brasil", "lat": -22.9056391, "lng": -47.059564 }, "geometry": { "type": "Point", "coordinates": [ -47.059564, -22.9056391 ] } },
{ "type": "Feature", "properties": { "NR_ZONA": "378", "NR_SECAO": "68", "NR_LOCAL_VOTACAO": "1392", "NM_UE": "CAMPINAS", "endereco_geocode": "Campinas, SP, Brasil", "lat": -22.9056391, "lng": -47.059564 }, "geometry": { "type": "Point", "coordinates": [ -47.059564, -22.9056391 ] } },
{ "type": "Feature", "properties": { "NR_ZONA": "33", "NR_SECAO": "216", "NR_LOCAL_VOTACAO": "1023", "NM_UE": "CAMPINAS", "endereco_geocode": "Campinas, SP, Brasil", "lat": -22.9056391, "lng": -47.059564 }, "geometry": { "type": "Point", "coordinates": [ -47.059564, -22.9056391 ] } },
{ "type": "Feature", "properties": { "NR_ZONA": "33", "NR_SECAO": "293", "NR_LOCAL_VOTACAO": "2135", "NM_UE": "CAMPINAS", "endereco_geocode": "Campinas, SP, Brasil", "lat": -22.9056391, "lng": -47.059564 }, "geometry": { "type": "Point", "coordinates": [ -47.059564, -22.9056391 ] } },
{ "type": "Feature", "properties": { "NR_ZONA": "380", "NR_SECAO": "243", "NR_LOCAL_VOTACAO": "1325", "NM_UE": "CAMPINAS", "endereco_geocode": "Campinas, SP, Brasil", "lat": -22.9056391, "lng": -47.059564 }, "geometry": { "type": "Point", "coordinates": [ -47.059564, -22.9056391 ] } },
{ "type": "Feature", "properties": { "NR_ZONA": "379", "NR_SECAO": "336", "NR_LOCAL_VOTACAO": "1368", "NM_UE": "CAMPINAS", "endereco_geocode": "Campinas, SP, Brasil", "lat": -22.9056391, "lng": -47.059564 }, "geometry": { "type": "Point", "coordinates": [ -47.059564, -22.9056391 ] } },
{ "type": "Feature", "properties": { "NR_ZONA": "33", "NR_SECAO": "479", "NR_LOCAL_VOTACAO": "2313", "NM_UE": "CAMPINAS", "endereco_geocode": "Campinas, SP, Brasil", "lat": -22.9056391, "lng": -47.059564 }, "geometry": { "type": "Point", "coordinates": [ -47.059564, -22.9056391 ] } },
{ "type": "Feature", "properties": { "NR_ZONA": "33", "NR_SECAO": "422", "NR_LOCAL_VOTACAO": "2267", "NM_UE": "CAMPINAS", "endereco_geocode": "Campinas, SP, Brasil", "lat": -22.9056391, "lng": -47.059564 }, "geometry": { "type": "Point", "coordinates": [ -47.059564, -22.9056391 ] } },
{ "type": "Feature", "properties": { "NR_ZONA": "380", "NR_SECAO": "342", "NR_LOCAL_VOTACAO": "1350", "NM_UE": "CAMPINAS", "endereco_geocode": "Campinas, SP, Brasil", "lat": -22.9056391, "lng": -47.059564 }, "geometry": { "type": "Point", "coordinates": [ -47.059564, -22.9056391 ] } },
{ "type": "Feature", "properties": { "NR_ZONA": "274", "NR_SECAO": "765", "NR_LOCAL_VOTACAO": "2054", "NM_UE": "CAMPINAS", "endereco_geocode": "Campinas, SP, Brasil", "lat": -22.9056391, "lng": -47.059564 }, "geometry": { "type": "Point", "coordinates": [ -47.059564, -22.9056391 ] } },
{ "type": "Feature", "properties": { "NR_ZONA": "423", "NR_SECAO": "96", "NR_LOCAL_VOTACAO": "1090", "NM_UE": "CAMPINAS", "endereco_geocode": "Campinas, SP, Brasil", "lat": -22.9056391, "lng": -47.059564 }, "geometry": { "type": "Point", "coordinates": [ -47.059564, -22.9056391 ] } },
{ "type": "Feature", "properties": { "NR_ZONA": "378", "NR_SECAO": "176", "NR_LOCAL_VOTACAO": "1171", "NM_UE": "CAMPINAS", "endereco_geocode": "Campinas, SP, Brasil", "lat": -22.9056391, "lng": -47.059564 }, "geometry": { "type": "Point", "coordinates": [ -47.059564, -22.9056391 ] } },
{ "type": "Feature", "properties": { "NR_ZONA": "379", "NR_SECAO": "507", "NR_LOCAL_VOTACAO": "1570", "NM_UE": "CAMPINAS", "endereco_geocode": "Campinas, SP, Brasil", "lat": -22.9056391, "lng": -47.059564 }, "geometry": { "type": "Point", "coordinates": [ -47.059564, -22.9056391 ] } },
{ "type": "Feature", "properties": { "NR_ZONA": "33", "NR_SECAO": "25", "NR_LOCAL_VOTACAO": "1058", "NM_UE": "CAMPINAS", "endereco_geocode": "Campinas, SP, Brasil", "lat": -22.9056391, "lng": -47.059564 }, "geometry": { "type": "Point", "coordinates": [ -47.059564, -22.9056391 ] } },
{ "type": "Feature", "properties": { "NR_ZONA": "379", "NR_SECAO": "474", "NR_LOCAL_VOTACAO": "1546", "NM_UE": "CAMPINAS", "endereco_geocode": "Campinas, SP, Brasil", "lat": -22.9056391, "lng": -47.059564 }, "geometry": { "type": "Point", "coordinates": [ -47.059564, -22.9056391 ] } },
{ "type": "Feature", "properties": { "NR_ZONA": "379", "NR_SECAO": "387", "NR_LOCAL_VOTACAO": "1481", "NM_UE": "CAMPINAS", "endereco_geocode": "Campinas, SP, Brasil", "lat": -22.9056391, "lng": -47.059564 }, "geometry": { "type": "Point", "coordinates": [ -47.059564, -22.9056391 ] } },
{ "type": "Feature", "properties": { "NR_ZONA": "378", "NR_SECAO": "470", "NR_LOCAL_VOTACAO": "1503", "NM_UE": "CAMPINAS", "endereco_geocode": "Campinas, SP, Brasil", "lat": -22.9056391, "lng": -47.059564 }, "geometry": { "type": "Point", "coordinates": [ -47.059564, -22.9056391 ] } },
{ "type": "Feature", "properties": { "NR_ZONA": "274", "NR_SECAO": "142", "NR_LOCAL_VOTACAO": "1171", "NM_UE": "CAMPINAS", "endereco_geocode": "Campinas, SP, Brasil", "lat": -22.9056391, "lng": -47.059564 }, "geometry": { "type": "Point", "coordinates": [ -47.059564, -22.9056391 ] } },
{ "type": "Feature", "properties": { "NR_ZONA": "274", "NR_SECAO": "131", "NR_LOCAL_VOTACAO": "1163", "NM_UE": "CAMPINAS", "endereco_geocode": "Campinas, SP, Brasil", "lat": -22.9056391, "lng": -47.059564 }, "geometry": { "type": "Point", "coordinates": [ -47.059564, -22.9056391 ] } },
{ "type": "Feature", "properties": { "NR_ZONA": "33", "NR_SECAO": "47", "NR_LOCAL_VOTACAO": "1074", "NM_UE": "CAMPINAS", "endereco_geocode": "Campinas, SP, Brasil", "lat": -22.9056391, "lng": -47.059564 }, "geometry": { "type": "Point", "coordinates": [ -47.059564, -22.9056391 ] } },
{ "type": "Feature", "properties": { "NR_ZONA": "33", "NR_SECAO": "567", "NR_LOCAL_VOTACAO": "2399", "NM_UE": "CAMPINAS", "endereco_geocode": "Campinas, SP, Brasil", "lat": -22.9056391, "lng": -47.059564 }, "geometry": { "type": "Point", "coordinates": [ -47.059564, -22.9056391 ] } },
{ "type": "Feature", "properties": { "NR_ZONA": "379", "NR_SECAO": "249", "NR_LOCAL_VOTACAO": "1201", "NM_UE": "CAMPINAS", "endereco_geocode": "Campinas, SP, Brasil", "lat": -22.9056391, "lng": -47.059564 }, "geometry": { "type": "Point", "coordinates": [ -47.059564, -22.9056391 ] } },
{ "type": "Feature", "properties": { "NR_ZONA": "33", "NR_SECAO": "471", "NR_LOCAL_VOTACAO": "2313", "NM_UE": "CAMPINAS", "endereco_geocode": "Campinas, SP, Brasil", "lat": -22.9056391, "lng": -47.059564 }, "geometry": { "type": "Point", "coordinates": [ -47.059564, -22.9056391 ] } },
{ "type": "Feature", "properties": { "NR_ZONA": "274", "NR_SECAO": "711", "NR_LOCAL_VOTACAO": "1988", "NM_UE": "CAMPINAS", "endereco_geocode": "Campinas, SP, Brasil", "lat": -22.9056391, "lng": -47.059564 }, "geometry": { "type": "Point", "coordinates": [ -47.059564, -22.9056391 ] } },
{ "type": "Feature", "properties": { "NR_ZONA": "380", "NR_SECAO": "314", "NR_LOCAL_VOTACAO": "1465", "NM_UE": "CAMPINAS", "endereco_geocode": "Campinas, SP, Brasil", "lat": -22.9056391, "lng": -47.059564 }, "geometry": { "type": "Point", "coordinates": [ -47.059564, -22.9056391 ] } },
{ "type": "Feature", "properties": { "NR_ZONA": "33", "NR_SECAO": "405", "NR_LOCAL_VOTACAO": "2259", "NM_UE": "CAMPINAS", "endereco_geocode": "Campinas, SP, Brasil", "lat": -22.9056391, "lng": -47.059564 }, "geometry": { "type": "Point", "coordinates": [ -47.059564, -22.9056391 ] } },
{ "type": "Feature", "properties": { "NR_ZONA": "380", "NR_SECAO": "326", "NR_LOCAL_VOTACAO": "1449", "NM_UE": "CAMPINAS", "endereco_geocode": "Campinas, SP, Brasil", "lat": -22.9056391, "lng": -47.059564 }, "geometry": { "type": "Point", "coordinates": [ -47.059564, -22.9056391 ] } },
{ "type": "Feature", "properties": { "NR_ZONA": "378", "NR_SECAO": "253", "NR_LOCAL_VOTACAO": "1376", "NM_UE": "CAMPINAS", "endereco_geocode": "Campinas, SP, Brasil", "lat": -22.9056391, "lng": -47.059564 }, "geometry": { "type": "Point", "coordinates": [ -47.059564, -22.9056391 ] } },
{ "type": "Feature", "properties": { "NR_ZONA": "378", "NR_SECAO": "181", "NR_LOCAL_VOTACAO": "1201", "NM_UE": "CAMPINAS", "endereco_geocode": "Campinas, SP, Brasil", "lat": -22.9056391, "lng": -47.059564 }, "geometry": { "type": "Point", "coordinates": [ -47.059564, -22.9056391 ] } },
{ "type": "Feature", "properties": { "NR_ZONA": "378", "NR_SECAO": "180", "NR_LOCAL_VOTACAO": "1201", "NM_UE": "CAMPINAS", "endereco_geocode": "Campinas, SP, Brasil", "lat": -22.9056391, "lng": -47.059564 }, "geometry": { "type": "Point", "coordinates": [ -47.059564, -22.9056391 ] } },
{ "type": "Feature", "properties": { "NR_ZONA": "379", "NR_SECAO": "330", "NR_LOCAL_VOTACAO": "1384", "NM_UE": "CAMPINAS", "endereco_geocode": "Campinas, SP, Brasil", "lat": -22.9056391, "lng": -47.059564 }, "geometry": { "type": "Point", "coordinates": [ -47.059564, -22.9056391 ] } },
{ "type": "Feature", "properties": { "NR_ZONA": "33", "NR_SECAO": "32", "NR_LOCAL_VOTACAO": "1058", "NM_UE": "CAMPINAS", "endereco_geocode": "Campinas, SP, Brasil", "lat": -22.9056391, "lng": -47.059564 }, "geometry": { "type": "Point", "coordinates": [ -47.059564, -22.9056391 ] } },
{ "type": "Feature", "properties": { "NR_ZONA": "33", "NR_SECAO": "254", "NR_LOCAL_VOTACAO": "1120", "NM_UE": "CAMPINAS", "endereco_geocode": "Campinas, SP, Brasil", "lat": -22.9056391, "lng": -47.059564 }, "geometry": { "type": "Point", "coordinates": [ -47.059564, -22.9056391 ] } },
{ "type": "Feature", "properties": { "NR_ZONA": "423", "NR_SECAO": "281", "NR_LOCAL_VOTACAO": "1368", "NM_UE": "CAMPINAS", "endereco_geocode": "Campinas, SP, Brasil", "lat": -22.9056391, "lng": -47.059564 }, "geometry": { "type": "Point", "coordinates": [ -47.059564, -22.9056391 ] } },
{ "type": "Feature", "properties": { "NR_ZONA": "379", "NR_SECAO": "431", "NR_LOCAL_VOTACAO": "1481", "NM_UE": "CAMPINAS", "endereco_geocode": "Campinas, SP, Brasil", "lat": -22.9056391, "lng": -47.059564 }, "geometry": { "type": "Point", "coordinates": [ -47.059564, -22.9056391 ] } },
{ "type": "Feature", "properties": { "NR_ZONA": "33", "NR_SECAO": "404", "NR_LOCAL_VOTACAO": "2259", "NM_UE": "CAMPINAS", "endereco_geocode": "Campinas, SP, Brasil", "lat": -22.9056391, "lng": -47.059564 }, "geometry": { "type": "Point", "coordinates": [ -47.059564, -22.9056391 ] } },
{ "type": "Feature", "properties": { "NR_ZONA": "33", "NR_SECAO": "388", "NR_LOCAL_VOTACAO": "2135", "NM_UE": "CAMPINAS", "endereco_geocode": "Campinas, SP, Brasil", "lat": -22.9056391, "lng": -47.059564 }, "geometry": { "type": "Point", "coordinates": [ -47.059564, -22.9056391 ] } },
{ "type": "Feature", "properties": { "NR_ZONA": "274", "NR_SECAO": "578", "NR_LOCAL_VOTACAO": "1201", "NM_UE": "CAMPINAS", "endereco_geocode": "Campinas, SP, Brasil", "lat": -22.9056391, "lng": -47.059564 }, "geometry": { "type": "Point", "coordinates": [ -47.059564, -22.9056391 ] } },
{ "type": "Feature", "properties": { "NR_ZONA": "274", "NR_SECAO": "598", "NR_LOCAL_VOTACAO": "1830", "NM_UE": "CAMPINAS", "endereco_geocode": "Campinas, SP, Brasil", "lat": -22.9056391, "lng": -47.059564 }, "geometry": { "type": "Point", "coordinates": [ -47.059564, -22.9056391 ] } },
{ "type": "Feature", "properties": { "NR_ZONA": "380", "NR_SECAO": "122", "NR_LOCAL_VOTACAO": "1317", "NM_UE": "CAMPINAS", "endereco_geocode": "Campinas, SP, Brasil", "lat": -22.9056391, "lng": -47.059564 }, "geometry": { "type": "Point", "coordinates": [ -47.059564, -22.9056391 ] } },
{ "type": "Feature", "properties": { "NR_ZONA": "379", "NR_SECAO": "316", "NR_LOCAL_VOTACAO": "1368", "NM_UE": "CAMPINAS", "endereco_geocode": "Campinas, SP, Brasil", "lat": -22.9056391, "lng": -47.059564 }, "geometry": { "type": "Point", "coordinates": [ -47.059564, -22.9056391 ] } },
{ "type": "Feature", "properties": { "NR_ZONA": "33", "NR_SECAO": "524", "NR_LOCAL_VOTACAO": "2356", "NM_UE": "CAMPINAS", "endereco_geocode": "Campinas, SP, Brasil", "lat": -22.9056391, "lng": -47.059564 }, "geometry": { "type": "Point", "coordinates": [ -47.059564, -22.9056391 ] } },
{ "type": "Feature", "properties": { "NR_ZONA": "380", "NR_SECAO": "320", "NR_LOCAL_VOTACAO": "1279", "NM_UE": "CAMPINAS", "endereco_geocode": "Campinas, SP, Brasil", "lat": -22.9056391, "lng": -47.059564 }, "geometry": { "type": "Point", "coordinates": [ -47.059564, -22.9056391 ] } },
{ "type": "Feature", "properties": { "NR_ZONA": "378", "NR_SECAO": "498", "NR_LOCAL_VOTACAO": "1554", "NM_UE": "CAMPINAS", "endereco_geocode": "Campinas, SP, Brasil", "lat": -22.9056391, "lng": -47.059564 }, "geometry": { "type": "Point", "coordinates": [ -47.059564, -22.9056391 ] } },
{ "type": "Feature", "properties": { "NR_ZONA": "275", "NR_SECAO": "606", "NR_LOCAL_VOTACAO": "1929", "NM_UE": "CAMPINAS", "endereco_geocode": "Campinas, SP, Brasil", "lat": -22.9056391, "lng": -47.059564 }, "geometry": { "type": "Point", "coordinates": [ -47.059564, -22.9056391 ] } },
{ "type": "Feature", "properties": { "NR_ZONA": "423", "NR_SECAO": "15", "NR_LOCAL_VOTACAO": "1015", "NM_UE": "CAMPINAS", "endereco_geocode": "Campinas, SP, Brasil", "lat": -22.9056391, "lng": -47.059564 }, "geometry": { "type": "Point", "coordinates": [ -47.059564, -22.9056391 ] } },
{ "type": "Feature", "properties": { "NR_ZONA": "378", "NR_SECAO": "542", "NR_LOCAL_VOTACAO": "1694", "NM_UE": "CAMPINAS", "endereco_geocode": "Campinas, SP, Brasil", "lat": -22.9056391, "lng": -47.059564 }, "geometry": { "type": "Point", "coordinates": [ -47.059564, -22.9056391 ] } },
{ "type": "Feature", "properties": { "NR_ZONA": "378", "NR_SECAO": "383", "NR_LOCAL_VOTACAO": "1457", "NM_UE": "CAMPINAS", "endereco_geocode": "Campinas, SP, Brasil", "lat": -22.9056391, "lng": -47.059564 }, "geometry": { "type": "Point", "coordinates": [ -47.059564, -22.9056391 ] } },
{ "type": "Feature", "properties": { "NR_ZONA": "275", "NR_SECAO": "439", "NR_LOCAL_VOTACAO": "1457", "NM_UE": "CAMPINAS", "endereco_geocode": "Campinas, SP, Brasil", "lat": -22.9056391, "lng": -47.059564 }, "geometry": { "type": "Point", "coordinates": [ -47.059564, -22.9056391 ] } },
{ "type": "Feature", "properties": { "NR_ZONA": "423", "NR_SECAO": "19", "NR_LOCAL_VOTACAO": "1023", "NM_UE": "CAMPINAS", "endereco_geocode": "Campinas, SP, Brasil", "lat": -22.9056391, "lng": -47.059564 }, "geometry": { "type": "Point", "coordinates": [ -47.059564, -22.9056391 ] } },
{ "type": "Feature", "properties": { "NR_ZONA": "378", "NR_SECAO": "409", "NR_LOCAL_VOTACAO": "1309", "NM_UE": "CAMPINAS", "endereco_geocode": "Campinas, SP, Brasil", "lat": -22.9056391, "lng": -47.059564 }, "geometry": { "type": "Point", "coordinates": [ -47.059564, -22.9056391 ] } },
{ "type": "Feature", "properties": { "NR_ZONA": "274", "NR_SECAO": "139", "NR_LOCAL_VOTACAO": "1171", "NM_UE": "CAMPINAS", "endereco_geocode": "Campinas, SP, Brasil", "lat": -22.9056391, "lng": -47.059564 }, "geometry": { "type": "Point", "coordinates": [ -47.059564, -22.9056391 ] } },
{ "type": "Feature", "properties": { "NR_ZONA": "379", "NR_SECAO": "209", "NR_LOCAL_VOTACAO": "1325", "NM_UE": "CAMPINAS", "endereco_geocode": "Campinas, SP, Brasil", "lat": -22.9056391, "lng": -47.059564 }, "geometry": { "type": "Point", "coordinates": [ -47.059564, -22.9056391 ] } },
{ "type": "Feature", "properties": { "NR_ZONA": "274", "NR_SECAO": "731", "NR_LOCAL_VOTACAO": "1996", "NM_UE": "CAMPINAS", "endereco_geocode": "Campinas, SP, Brasil", "lat": -22.9056391, "lng": -47.059564 }, "geometry": { "type": "Point", "coordinates": [ -47.059564, -22.9056391 ] } },
{ "type": "Feature", "properties": { "NR_ZONA": "380", "NR_SECAO": "344", "NR_LOCAL_VOTACAO": "1449", "NM_UE": "CAMPINAS", "endereco_geocode": "Campinas, SP, Brasil", "lat": -22.9056391, "lng": -47.059564 }, "geometry": { "type": "Point", "coordinates": [ -47.059564, -22.9056391 ] } },
{ "type": "Feature", "properties": { "NR_ZONA": "380", "NR_SECAO": "3", "NR_LOCAL_VOTACAO": "1031", "NM_UE": "CAMPINAS", "endereco_geocode": "Campinas, SP, Brasil", "lat": -22.9056391, "lng": -47.059564 }, "geometry": { "type": "Point", "coordinates": [ -47.059564, -22.9056391 ] } },
{ "type": "Feature", "properties": { "NR_ZONA": "380", "NR_SECAO": "341", "NR_LOCAL_VOTACAO": "1171", "NM_UE": "CAMPINAS", "endereco_geocode": "Campinas, SP, Brasil", "lat": -22.9056391, "lng": -47.059564 }, "geometry": { "type": "Point", "coordinates": [ -47.059564, -22.9056391 ] } },
{ "type": "Feature", "properties": { "NR_ZONA": "380", "NR_SECAO": "163", "NR_LOCAL_VOTACAO": "1350", "NM_UE": "CAMPINAS", "endereco_geocode": "Campinas, SP, Brasil", "lat": -22.9056391, "lng": -47.059564 }, "geometry": { "type": "Point", "coordinates": [ -47.059564, -22.9056391 ] } },
{ "type": "Feature", "properties": { "NR_ZONA": "423", "NR_SECAO": "266", "NR_LOCAL_VOTACAO": "1333", "NM_UE": "CAMPINAS", "endereco_geocode": "Campinas, SP, Brasil", "lat": -22.9056391, "lng": -47.059564 }, "geometry": { "type": "Point", "coordinates": [ -47.059564, -22.9056391 ] } },
{ "type": "Feature", "properties": { "NR_ZONA": "380", "NR_SECAO": "117", "NR_LOCAL_VOTACAO": "1317", "NM_UE": "CAMPINAS", "endereco_geocode": "Campinas, SP, Brasil", "lat": -22.9056391, "lng": -47.059564 }, "geometry": { "type": "Point", "coordinates": [ -47.059564, -22.9056391 ] } },
{ "type": "Feature", "properties": { "NR_ZONA": "275", "NR_SECAO": "632", "NR_LOCAL_VOTACAO": "1996", "NM_UE": "CAMPINAS", "endereco_geocode": "Campinas, SP, Brasil", "lat": -22.9056391, "lng": -47.059564 }, "geometry": { "type": "Point", "coordinates": [ -47.059564, -22.9056391 ] } },
{ "type": "Feature", "properties": { "NR_ZONA": "379", "NR_SECAO": "184", "NR_LOCAL_VOTACAO": "1309", "NM_UE": "CAMPINAS", "endereco_geocode": "Campinas, SP, Brasil", "lat": -22.9056391, "lng": -47.059564 }, "geometry": { "type": "Point", "coordinates": [ -47.059564, -22.9056391 ] } },
{ "type": "Feature", "properties": { "NR_ZONA": "379", "NR_SECAO": "68", "NR_LOCAL_VOTACAO": "1074", "NM_UE": "CAMPINAS", "endereco_geocode": "Campinas, SP, Brasil", "lat": -22.9056391, "lng": -47.059564 }, "geometry": { "type": "Point", "coordinates": [ -47.059564, -22.9056391 ] } },
{ "type": "Feature", "properties": { "NR_ZONA": "379", "NR_SECAO": "503", "NR_LOCAL_VOTACAO": "1570", "NM_UE": "CAMPINAS", "endereco_geocode": "Campinas, SP, Brasil", "lat": -22.9056391, "lng": -47.059564 }, "geometry": { "type": "Point", "coordinates": [ -47.059564, -22.9056391 ] } },
{ "type": "Feature", "properties": { "NR_ZONA": "379", "NR_SECAO": "453", "NR_LOCAL_VOTACAO": "1457", "NM_UE": "CAMPINAS", "endereco_geocode": "Campinas, SP, Brasil", "lat": -22.9056391, "lng": -47.059564 }, "geometry": { "type": "Point", "coordinates": [ -47.059564, -22.9056391 ] } },
{ "type": "Feature", "properties": { "NR_ZONA": "378", "NR_SECAO": "234", "NR_LOCAL_VOTACAO": "1279", "NM_UE": "CAMPINAS", "endereco_geocode": "Campinas, SP, Brasil", "lat": -22.9056391, "lng": -47.059564 }, "geometry": { "type": "Point", "coordinates": [ -47.059564, -22.9056391 ] } },
{ "type": "Feature", "properties": { "NR_ZONA": "379", "NR_SECAO": "151", "NR_LOCAL_VOTACAO": "1210", "NM_UE": "CAMPINAS", "endereco_geocode": "Campinas, SP, Brasil", "lat": -22.9056391, "lng": -47.059564 }, "geometry": { "type": "Point", "coordinates": [ -47.059564, -22.9056391 ] } },
{ "type": "Feature", "properties": { "NR_ZONA": "379", "NR_SECAO": "333", "NR_LOCAL_VOTACAO": "1392", "NM_UE": "CAMPINAS", "endereco_geocode": "Campinas, SP, Brasil", "lat": -22.9056391, "lng": -47.059564 }, "geometry": { "type": "Point", "coordinates": [ -47.059564, -22.9056391 ] } },
{ "type": "Feature", "properties": { "NR_ZONA": "378", "NR_SECAO": "336", "NR_LOCAL_VOTACAO": "1376", "NM_UE": "CAMPINAS", "endereco_geocode": "Campinas, SP, Brasil", "lat": -22.9056391, "lng": -47.059564 }, "geometry": { "type": "Point", "coordinates": [ -47.059564, -22.9056391 ] } },
{ "type": "Feature", "properties": { "NR_ZONA": "378", "NR_SECAO": "369", "NR_LOCAL_VOTACAO": "1260", "NM_UE": "CAMPINAS", "endereco_geocode": "Campinas, SP, Brasil", "lat": -22.9056391, "lng": -47.059564 }, "geometry": { "type": "Point", "coordinates": [ -47.059564, -22.9056391 ] } },
{ "type": "Feature", "properties": { "NR_ZONA": "378", "NR_SECAO": "493", "NR_LOCAL_VOTACAO": "1171", "NM_UE": "CAMPINAS", "endereco_geocode": "Campinas, SP, Brasil", "lat": -22.9056391, "lng": -47.059564 }, "geometry": { "type": "Point", "coordinates": [ -47.059564, -22.9056391 ] } },
{ "type": "Feature", "properties": { "NR_ZONA": "33", "NR_SECAO": "517", "NR_LOCAL_VOTACAO": "2348", "NM_UE": "CAMPINAS", "endereco_geocode": "Campinas, SP, Brasil", "lat": -22.9056391, "lng": -47.059564 }, "geometry": { "type": "Point", "coordinates": [ -47.059564, -22.9056391 ] } },
{ "type": "Feature", "properties": { "NR_ZONA": "274", "NR_SECAO": "783", "NR_LOCAL_VOTACAO": "2070", "NM_UE": "CAMPINAS", "endereco_geocode": "Campinas, SP, Brasil", "lat": -22.9056391, "lng": -47.059564 }, "geometry": { "type": "Point", "coordinates": [ -47.059564, -22.9056391 ] } },
{ "type": "Feature", "properties": { "NR_ZONA": "378", "NR_SECAO": "403", "NR_LOCAL_VOTACAO": "1279", "NM_UE": "CAMPINAS", "endereco_geocode": "Campinas, SP, Brasil", "lat": -22.9056391, "lng": -47.059564 }, "geometry": { "type": "Point", "coordinates": [ -47.059564, -22.9056391 ] } },
{ "type": "Feature", "properties": { "NR_ZONA": "274", "NR_SECAO": "76", "NR_LOCAL_VOTACAO": "1082", "NM_UE": "CAMPINAS", "endereco_geocode": "Campinas, SP, Brasil", "lat": -22.9056391, "lng": -47.059564 }, "geometry": { "type": "Point", "coordinates": [ -47.059564, -22.9056391 ] } },
{ "type": "Feature", "properties": { "NR_ZONA": "378", "NR_SECAO": "320", "NR_LOCAL_VOTACAO": "1333", "NM_UE": "CAMPINAS", "endereco_geocode": "Campinas, SP, Brasil", "lat": -22.9056391, "lng": -47.059564 }, "geometry": { "type": "Point", "coordinates": [ -47.059564, -22.9056391 ] } },
{ "type": "Feature", "properties": { "NR_ZONA": "379", "NR_SECAO": "314", "NR_LOCAL_VOTACAO": "1236", "NM_UE": "CAMPINAS", "endereco_geocode": "Campinas, SP, Brasil", "lat": -22.9056391, "lng": -47.059564 }, "geometry": { "type": "Point", "coordinates": [ -47.059564, -22.9056391 ] } },
{ "type": "Feature", "properties": { "NR_ZONA": "379", "NR_SECAO": "197", "NR_LOCAL_VOTACAO": "1317", "NM_UE": "CAMPINAS", "endereco_geocode": "Campinas, SP, Brasil", "lat": -22.9056391, "lng": -47.059564 }, "geometry": { "type": "Point", "coordinates": [ -47.059564, -22.9056391 ] } },
{ "type": "Feature", "properties": { "NR_ZONA": "379", "NR_SECAO": "440", "NR_LOCAL_VOTACAO": "1449", "NM_UE": "CAMPINAS", "endereco_geocode": "Campinas, SP, Brasil", "lat": -22.9056391, "lng": -47.059564 }, "geometry": { "type": "Point", "coordinates": [ -47.059564, -22.9056391 ] } },
{ "type": "Feature", "properties": { "NR_ZONA": "33", "NR_SECAO": "67", "NR_LOCAL_VOTACAO": "2151", "NM_UE": "CAMPINAS", "endereco_geocode": "Campinas, SP, Brasil", "lat": -22.9056391, "lng": -47.059564 }, "geometry": { "type": "Point", "coordinates": [ -47.059564, -22.9056391 ] } },
{ "type": "Feature", "properties": { "NR_ZONA": "423", "NR_SECAO": "8", "NR_LOCAL_VOTACAO": "1015", "NM_UE": "CAMPINAS", "endereco_geocode": "Campinas, SP, Brasil", "lat": -22.9056391, "lng": -47.059564 }, "geometry": { "type": "Point", "coordinates": [ -47.059564, -22.9056391 ] } },
{ "type": "Feature", "properties": { "NR_ZONA": "379", "NR_SECAO": "493", "NR_LOCAL_VOTACAO": "1562", "NM_UE": "CAMPINAS", "endereco_geocode": "Campinas, SP, Brasil", "lat": -22.9056391, "lng": -47.059564 }, "geometry": { "type": "Point", "coordinates": [ -47.059564, -22.9056391 ] } },
{ "type": "Feature", "properties": { "NR_ZONA": "380", "NR_SECAO": "61", "NR_LOCAL_VOTACAO": "1163", "NM_UE": "CAMPINAS", "endereco_geocode": "Campinas, SP, Brasil", "lat": -22.9056391, "lng": -47.059564 }, "geometry": { "type": "Point", "coordinates": [ -47.059564, -22.9056391 ] } },
{ "type": "Feature", "properties": { "NR_ZONA": "380", "NR_SECAO": "169", "NR_LOCAL_VOTACAO": "1368", "NM_UE": "CAMPINAS", "endereco_geocode": "Campinas, SP, Brasil", "lat": -22.9056391, "lng": -47.059564 }, "geometry": { "type": "Point", "coordinates": [ -47.059564, -22.9056391 ] } },
{ "type": "Feature", "properties": { "NR_ZONA": "275", "NR_SECAO": "538", "NR_LOCAL_VOTACAO": "1929", "NM_UE": "CAMPINAS", "endereco_geocode": "Campinas, SP, Brasil", "lat": -22.9056391, "lng": -47.059564 }, "geometry": { "type": "Point", "coordinates": [ -47.059564, -22.9056391 ] } },
{ "type": "Feature", "properties": { "NR_ZONA": "380", "NR_SECAO": "57", "NR_LOCAL_VOTACAO": "1155", "NM_UE": "CAMPINAS", "endereco_geocode": "Campinas, SP, Brasil", "lat": -22.9056391, "lng": -47.059564 }, "geometry": { "type": "Point", "coordinates": [ -47.059564, -22.9056391 ] } },
{ "type": "Feature", "properties": { "NR_ZONA": "378", "NR_SECAO": "133", "NR_LOCAL_VOTACAO": "1104", "NM_UE": "CAMPINAS", "endereco_geocode": "Campinas, SP, Brasil", "lat": -22.9056391, "lng": -47.059564 }, "geometry": { "type": "Point", "coordinates": [ -47.059564, -22.9056391 ] } },
{ "type": "Feature", "properties": { "NR_ZONA": "275", "NR_SECAO": "471", "NR_LOCAL_VOTACAO": "1058", "NM_UE": "CAMPINAS", "endereco_geocode": "Campinas, SP, Brasil", "lat": -22.9056391, "lng": -47.059564 }, "geometry": { "type": "Point", "coordinates": [ -47.059564, -22.9056391 ] } },
{ "type": "Feature", "properties": { "NR_ZONA": "380", "NR_SECAO": "231", "NR_LOCAL_VOTACAO": "1430", "NM_UE": "CAMPINAS", "endereco_geocode": "Campinas, SP, Brasil", "lat": -22.9056391, "lng": -47.059564 }, "geometry": { "type": "Point", "coordinates": [ -47.059564, -22.9056391 ] } },
{ "type": "Feature", "properties": { "NR_ZONA": "274", "NR_SECAO": "736", "NR_LOCAL_VOTACAO": "2003", "NM_UE": "CAMPINAS", "endereco_geocode": "Campinas, SP, Brasil", "lat": -22.9056391, "lng": -47.059564 }, "geometry": { "type": "Point", "coordinates": [ -47.059564, -22.9056391 ] } },
{ "type": "Feature", "properties": { "NR_ZONA": "275", "NR_SECAO": "640", "NR_LOCAL_VOTACAO": "1899", "NM_UE": "CAMPINAS", "endereco_geocode": "Campinas, SP, Brasil", "lat": -22.9056391, "lng": -47.059564 }, "geometry": { "type": "Point", "coordinates": [ -47.059564, -22.9056391 ] } },
{ "type": "Feature", "properties": { "NR_ZONA": "423", "NR_SECAO": "189", "NR_LOCAL_VOTACAO": "1236", "NM_UE": "CAMPINAS", "endereco_geocode": "Campinas, SP, Brasil", "lat": -22.9056391, "lng": -47.059564 }, "geometry": { "type": "Point", "coordinates": [ -47.059564, -22.9056391 ] } },
{ "type": "Feature", "properties": { "NR_ZONA": "275", "NR_SECAO": "526", "NR_LOCAL_VOTACAO": "1902", "NM_UE": "CAMPINAS", "endereco_geocode": "Campinas, SP, Brasil", "lat": -22.9056391, "lng": -47.059564 }, "geometry": { "type": "Point", "coordinates": [ -47.059564, -22.9056391 ] } },
{ "type": "Feature", "properties": { "NR_ZONA": "380", "NR_SECAO": "164", "NR_LOCAL_VOTACAO": "1368", "NM_UE": "CAMPINAS", "endereco_geocode": "Campinas, SP, Brasil", "lat": -22.9056391, "lng": -47.059564 }, "geometry": { "type": "Point", "coordinates": [ -47.059564, -22.9056391 ] } },
{ "type": "Feature", "properties": { "NR_ZONA": "274", "NR_SECAO": "639", "NR_LOCAL_VOTACAO": "1309", "NM_UE": "CAMPINAS", "endereco_geocode": "Campinas, SP, Brasil", "lat": -22.9056391, "lng": -47.059564 }, "geometry": { "type": "Point", "coordinates": [ -47.059564, -22.9056391 ] } },
{ "type": "Feature", "properties": { "NR_ZONA": "33", "NR_SECAO": "531", "NR_LOCAL_VOTACAO": "2364", "NM_UE": "CAMPINAS", "endereco_geocode": "Campinas, SP, Brasil", "lat": -22.9056391, "lng": -47.059564 }, "geometry": { "type": "Point", "coordinates": [ -47.059564, -22.9056391 ] } },
{ "type": "Feature", "properties": { "NR_ZONA": "379", "NR_SECAO": "456", "NR_LOCAL_VOTACAO": "1520", "NM_UE": "CAMPINAS", "endereco_geocode": "Campinas, SP, Brasil", "lat": -22.9056391, "lng": -47.059564 }, "geometry": { "type": "Point", "coordinates": [ -47.059564, -22.9056391 ] } },
{ "type": "Feature", "properties": { "NR_ZONA": "379", "NR_SECAO": "365", "NR_LOCAL_VOTACAO": "1295", "NM_UE": "CAMPINAS", "endereco_geocode": "Campinas, SP, Brasil", "lat": -22.9056391, "lng": -47.059564 }, "geometry": { "type": "Point", "coordinates": [ -47.059564, -22.9056391 ] } },
{ "type": "Feature", "properties": { "NR_ZONA": "33", "NR_SECAO": "81", "NR_LOCAL_VOTACAO": "1139", "NM_UE": "CAMPINAS", "endereco_geocode": "Campinas, SP, Brasil", "lat": -22.9056391, "lng": -47.059564 }, "geometry": { "type": "Point", "coordinates": [ -47.059564, -22.9056391 ] } },
{ "type": "Feature", "properties": { "NR_ZONA": "379", "NR_SECAO": "306", "NR_LOCAL_VOTACAO": "1384", "NM_UE": "CAMPINAS", "endereco_geocode": "Campinas, SP, Brasil", "lat": -22.9056391, "lng": -47.059564 }, "geometry": { "type": "Point", "coordinates": [ -47.059564, -22.9056391 ] } },
{ "type": "Feature", "properties": { "NR_ZONA": "379", "NR_SECAO": "193", "NR_LOCAL_VOTACAO": "1317", "NM_UE": "CAMPINAS", "endereco_geocode": "Campinas, SP, Brasil", "lat": -22.9056391, "lng": -47.059564 }, "geometry": { "type": "Point", "coordinates": [ -47.059564, -22.9056391 ] } },
{ "type": "Feature", "properties": { "NR_ZONA": "275", "NR_SECAO": "641", "NR_LOCAL_VOTACAO": "1880", "NM_UE": "CAMPINAS", "endereco_geocode": "Campinas, SP, Brasil", "lat": -22.9056391, "lng": -47.059564 }, "geometry": { "type": "Point", "coordinates": [ -47.059564, -22.9056391 ] } },
{ "type": "Feature", "properties": { "NR_ZONA": "423", "NR_SECAO": "249", "NR_LOCAL_VOTACAO": "1309", "NM_UE": "CAMPINAS", "endereco_geocode": "Campinas, SP, Brasil", "lat": -22.9056391, "lng": -47.059564 }, "geometry": { "type": "Point", "coordinates": [ -47.059564, -22.9056391 ] } },
{ "type": "Feature", "properties": { "NR_ZONA": "423", "NR_SECAO": "86", "NR_LOCAL_VOTACAO": "1090", "NM_UE": "CAMPINAS", "endereco_geocode": "Campinas, SP, Brasil", "lat": -22.9056391, "lng": -47.059564 }, "geometry": { "type": "Point", "coordinates": [ -47.059564, -22.9056391 ] } },
{ "type": "Feature", "properties": { "NR_ZONA": "378", "NR_SECAO": "324", "NR_LOCAL_VOTACAO": "1163", "NM_UE": "CAMPINAS", "endereco_geocode": "Campinas, SP, Brasil", "lat": -22.9056391, "lng": -47.059564 }, "geometry": { "type": "Point", "coordinates": [ -47.059564, -22.9056391 ] } },
{ "type": "Feature", "properties": { "NR_ZONA": "378", "NR_SECAO": "235", "NR_LOCAL_VOTACAO": "1252", "NM_UE": "CAMPINAS", "endereco_geocode": "Campinas, SP, Brasil", "lat": -22.9056391, "lng": -47.059564 }, "geometry": { "type": "Point", "coordinates": [ -47.059564, -22.9056391 ] } },
{ "type": "Feature", "properties": { "NR_ZONA": "378", "NR_SECAO": "322", "NR_LOCAL_VOTACAO": "1279", "NM_UE": "CAMPINAS", "endereco_geocode": "Campinas, SP, Brasil", "lat": -22.9056391, "lng": -47.059564 }, "geometry": { "type": "Point", "coordinates": [ -47.059564, -22.9056391 ] } },
{ "type": "Feature", "properties": { "NR_ZONA": "33", "NR_SECAO": "526", "NR_LOCAL_VOTACAO": "2356", "NM_UE": "CAMPINAS", "endereco_geocode": "Campinas, SP, Brasil", "lat": -22.9056391, "lng": -47.059564 }, "geometry": { "type": "Point", "coordinates": [ -47.059564, -22.9056391 ] } },
{ "type": "Feature", "properties": { "NR_ZONA": "275", "NR_SECAO": "529", "NR_LOCAL_VOTACAO": "1198", "NM_UE": "CAMPINAS", "endereco_geocode": "Campinas, SP, Brasil", "lat": -22.9056391, "lng": -47.059564 }, "geometry": { "type": "Point", "coordinates": [ -47.059564, -22.9056391 ] } },
{ "type": "Feature", "properties": { "NR_ZONA": "380", "NR_SECAO": "264", "NR_LOCAL_VOTACAO": "1252", "NM_UE": "CAMPINAS", "endereco_geocode": "Campinas, SP, Brasil", "lat": -22.9056391, "lng": -47.059564 }, "geometry": { "type": "Point", "coordinates": [ -47.059564, -22.9056391 ] } },
{ "type": "Feature", "properties": { "NR_ZONA": "378", "NR_SECAO": "333", "NR_LOCAL_VOTACAO": "1260", "NM_UE": "CAMPINAS", "endereco_geocode": "Campinas, SP, Brasil", "lat": -22.9056391, "lng": -47.059564 }, "geometry": { "type": "Point", "coordinates": [ -47.059564, -22.9056391 ] } },
{ "type": "Feature", "properties": { "NR_ZONA": "33", "NR_SECAO": "512", "NR_LOCAL_VOTACAO": "2348", "NM_UE": "CAMPINAS", "endereco_geocode": "Campinas, SP, Brasil", "lat": -22.9056391, "lng": -47.059564 }, "geometry": { "type": "Point", "coordinates": [ -47.059564, -22.9056391 ] } },
{ "type": "Feature", "properties": { "NR_ZONA": "423", "NR_SECAO": "50", "NR_LOCAL_VOTACAO": "1058", "NM_UE": "CAMPINAS", "endereco_geocode": "Campinas, SP, Brasil", "lat": -22.9056391, "lng": -47.059564 }, "geometry": { "type": "Point", "coordinates": [ -47.059564, -22.9056391 ] } },
{ "type": "Feature", "properties": { "NR_ZONA": "275", "NR_SECAO": "305", "NR_LOCAL_VOTACAO": "1449", "NM_UE": "CAMPINAS", "endereco_geocode": "Campinas, SP, Brasil", "lat": -22.9056391, "lng": -47.059564 }, "geometry": { "type": "Point", "coordinates": [ -47.059564, -22.9056391 ] } },
{ "type": "Feature", "properties": { "NR_ZONA": "33", "NR_SECAO": "39", "NR_LOCAL_VOTACAO": "1066", "NM_UE": "CAMPINAS", "endereco_geocode": "Campinas, SP, Brasil", "lat": -22.9056391, "lng": -47.059564 }, "geometry": { "type": "Point", "coordinates": [ -47.059564, -22.9056391 ] } },
{ "type": "Feature", "properties": { "NR_ZONA": "378", "NR_SECAO": "80", "NR_LOCAL_VOTACAO": "1058", "NM_UE": "CAMPINAS", "endereco_geocode": "Campinas, SP, Brasil", "lat": -22.9056391, "lng": -47.059564 }, "geometry": { "type": "Point", "coordinates": [ -47.059564, -22.9056391 ] } },
{ "type": "Feature", "properties": { "NR_ZONA": "275", "NR_SECAO": "227", "NR_LOCAL_VOTACAO": "1929", "NM_UE": "CAMPINAS", "endereco_geocode": "Campinas, SP, Brasil", "lat": -22.9056391, "lng": -47.059564 }, "geometry": { "type": "Point", "coordinates": [ -47.059564, -22.9056391 ] } },
{ "type": "Feature", "properties": { "NR_ZONA": "379", "NR_SECAO": "233", "NR_LOCAL_VOTACAO": "1201", "NM_UE": "CAMPINAS", "endereco_geocode": "Campinas, SP, Brasil", "lat": -22.9056391, "lng": -47.059564 }, "geometry": { "type": "Point", "coordinates": [ -47.059564, -22.9056391 ] } },
{ "type": "Feature", "properties": { "NR_ZONA": "33", "NR_SECAO": "133", "NR_LOCAL_VOTACAO": "1201", "NM_UE": "CAMPINAS", "endereco_geocode": "Campinas, SP, Brasil", "lat": -22.9056391, "lng": -47.059564 }, "geometry": { "type": "Point", "coordinates": [ -47.059564, -22.9056391 ] } },
{ "type": "Feature", "properties": { "NR_ZONA": "423", "NR_SECAO": "293", "NR_LOCAL_VOTACAO": "1376", "NM_UE": "CAMPINAS", "endereco_geocode": "Campinas, SP, Brasil", "lat": -22.9056391, "lng": -47.059564 }, "geometry": { "type": "Point", "coordinates": [ -47.059564, -22.9056391 ] } },
{ "type": "Feature", "properties": { "NR_ZONA": "33", "NR_SECAO": "69", "NR_LOCAL_VOTACAO": "2151", "NM_UE": "CAMPINAS", "endereco_geocode": "Campinas, SP, Brasil", "lat": -22.9056391, "lng": -47.059564 }, "geometry": { "type": "Point", "coordinates": [ -47.059564, -22.9056391 ] } },
{ "type": "Feature", "properties": { "NR_ZONA": "33", "NR_SECAO": "444", "NR_LOCAL_VOTACAO": "2283", "NM_UE": "CAMPINAS", "endereco_geocode": "Campinas, SP, Brasil", "lat": -22.9056391, "lng": -47.059564 }, "geometry": { "type": "Point", "coordinates": [ -47.059564, -22.9056391 ] } },
{ "type": "Feature", "properties": { "NR_ZONA": "379", "NR_SECAO": "459", "NR_LOCAL_VOTACAO": "1546", "NM_UE": "CAMPINAS", "endereco_geocode": "Campinas, SP, Brasil", "lat": -22.9056391, "lng": -47.059564 }, "geometry": { "type": "Point", "coordinates": [ -47.059564, -22.9056391 ] } },
{ "type": "Feature", "properties": { "NR_ZONA": "274", "NR_SECAO": "613", "NR_LOCAL_VOTACAO": "1309", "NM_UE": "CAMPINAS", "endereco_geocode": "Campinas, SP, Brasil", "lat": -22.9056391, "lng": -47.059564 }, "geometry": { "type": "Point", "coordinates": [ -47.059564, -22.9056391 ] } },
{ "type": "Feature", "properties": { "NR_ZONA": "378", "NR_SECAO": "413", "NR_LOCAL_VOTACAO": "1295", "NM_UE": "CAMPINAS", "endereco_geocode": "Campinas, SP, Brasil", "lat": -22.9056391, "lng": -47.059564 }, "geometry": { "type": "Point", "coordinates": [ -47.059564, -22.9056391 ] } },
{ "type": "Feature", "properties": { "NR_ZONA": "380", "NR_SECAO": "311", "NR_LOCAL_VOTACAO": "1082", "NM_UE": "CAMPINAS", "endereco_geocode": "Campinas, SP, Brasil", "lat": -22.9056391, "lng": -47.059564 }, "geometry": { "type": "Point", "coordinates": [ -47.059564, -22.9056391 ] } },
{ "type": "Feature", "properties": { "NR_ZONA": "423", "NR_SECAO": "292", "NR_LOCAL_VOTACAO": "1376", "NM_UE": "CAMPINAS", "endereco_geocode": "Campinas, SP, Brasil", "lat": -22.9056391, "lng": -47.059564 }, "geometry": { "type": "Point", "coordinates": [ -47.059564, -22.9056391 ] } },
{ "type": "Feature", "properties": { "NR_ZONA": "380", "NR_SECAO": "286", "NR_LOCAL_VOTACAO": "1155", "NM_UE": "CAMPINAS", "endereco_geocode": "Campinas, SP, Brasil", "lat": -22.9056391, "lng": -47.059564 }, "geometry": { "type": "Point", "coordinates": [ -47.059564, -22.9056391 ] } },
{ "type": "Feature", "properties": { "NR_ZONA": "379", "NR_SECAO": "451", "NR_LOCAL_VOTACAO": "1520", "NM_UE": "CAMPINAS", "endereco_geocode": "Campinas, SP, Brasil", "lat": -22.9056391, "lng": -47.059564 }, "geometry": { "type": "Point", "coordinates": [ -47.059564, -22.9056391 ] } },
{ "type": "Feature", "properties": { "NR_ZONA": "379", "NR_SECAO": "347", "NR_LOCAL_VOTACAO": "1430", "NM_UE": "CAMPINAS", "endereco_geocode": "Campinas, SP, Brasil", "lat": -22.9056391, "lng": -47.059564 }, "geometry": { "type": "Point", "coordinates": [ -47.059564, -22.9056391 ] } },
{ "type": "Feature", "properties": { "NR_ZONA": "33", "NR_SECAO": "412", "NR_LOCAL_VOTACAO": "2259", "NM_UE": "CAMPINAS", "endereco_geocode": "Campinas, SP, Brasil", "lat": -22.9056391, "lng": -47.059564 }, "geometry": { "type": "Point", "coordinates": [ -47.059564, -22.9056391 ] } },
{ "type": "Feature", "properties": { "NR_ZONA": "378", "NR_SECAO": "109", "NR_LOCAL_VOTACAO": "1082", "NM_UE": "CAMPINAS", "endereco_geocode": "Campinas, SP, Brasil", "lat": -22.9056391, "lng": -47.059564 }, "geometry": { "type": "Point", "coordinates": [ -47.059564, -22.9056391 ] } },
{ "type": "Feature", "properties": { "NR_ZONA": "378", "NR_SECAO": "61", "NR_LOCAL_VOTACAO": "1040", "NM_UE": "CAMPINAS", "endereco_geocode": "Campinas, SP, Brasil", "lat": -22.9056391, "lng": -47.059564 }, "geometry": { "type": "Point", "coordinates": [ -47.059564, -22.9056391 ] } },
{ "type": "Feature", "properties": { "NR_ZONA": "378", "NR_SECAO": "553", "NR_LOCAL_VOTACAO": "1660", "NM_UE": "CAMPINAS", "endereco_geocode": "Campinas, SP, Brasil", "lat": -22.9056391, "lng": -47.059564 }, "geometry": { "type": "Point", "coordinates": [ -47.059564, -22.9056391 ] } },
{ "type": "Feature", "properties": { "NR_ZONA": "378", "NR_SECAO": "116", "NR_LOCAL_VOTACAO": "1082", "NM_UE": "CAMPINAS", "endereco_geocode": "Campinas, SP, Brasil", "lat": -22.9056391, "lng": -47.059564 }, "geometry": { "type": "Point", "coordinates": [ -47.059564, -22.9056391 ] } },
{ "type": "Feature", "properties": { "NR_ZONA": "380", "NR_SECAO": "225", "NR_LOCAL_VOTACAO": "1430", "NM_UE": "CAMPINAS", "endereco_geocode": "Campinas, SP, Brasil", "lat": -22.9056391, "lng": -47.059564 }, "geometry": { "type": "Point", "coordinates": [ -47.059564, -22.9056391 ] } },
{ "type": "Feature", "properties": { "NR_ZONA": "423", "NR_SECAO": "208", "NR_LOCAL_VOTACAO": "1236", "NM_UE": "CAMPINAS", "endereco_geocode": "Campinas, SP, Brasil", "lat": -22.9056391, "lng": -47.059564 }, "geometry": { "type": "Point", "coordinates": [ -47.059564, -22.9056391 ] } },
{ "type": "Feature", "properties": { "NR_ZONA": "380", "NR_SECAO": "281", "NR_LOCAL_VOTACAO": "1252", "NM_UE": "CAMPINAS", "endereco_geocode": "Campinas, SP, Brasil", "lat": -22.9056391, "lng": -47.059564 }, "geometry": { "type": "Point", "coordinates": [ -47.059564, -22.9056391 ] } },
{ "type": "Feature", "properties": { "NR_ZONA": "274", "NR_SECAO": "607", "NR_LOCAL_VOTACAO": "1686", "NM_UE": "CAMPINAS", "endereco_geocode": "Campinas, SP, Brasil", "lat": -22.9056391, "lng": -47.059564 }, "geometry": { "type": "Point", "coordinates": [ -47.059564, -22.9056391 ] } },
{ "type": "Feature", "properties": { "NR_ZONA": "274", "NR_SECAO": "732", "NR_LOCAL_VOTACAO": "1996", "NM_UE": "CAMPINAS", "endereco_geocode": "Campinas, SP, Brasil", "lat": -22.9056391, "lng": -47.059564 }, "geometry": { "type": "Point", "coordinates": [ -47.059564, -22.9056391 ] } },
{ "type": "Feature", "properties": { "NR_ZONA": "378", "NR_SECAO": "275", "NR_LOCAL_VOTACAO": "1163", "NM_UE": "CAMPINAS", "endereco_geocode": "Campinas, SP, Brasil", "lat": -22.9056391, "lng": -47.059564 }, "geometry": { "type": "Point", "coordinates": [ -47.059564, -22.9056391 ] } },
{ "type": "Feature", "properties": { "NR_ZONA": "423", "NR_SECAO": "269", "NR_LOCAL_VOTACAO": "1333", "NM_UE": "CAMPINAS", "endereco_geocode": "Campinas, SP, Brasil", "lat": -22.9056391, "lng": -47.059564 }, "geometry": { "type": "Point", "coordinates": [ -47.059564, -22.9056391 ] } },
{ "type": "Feature", "properties": { "NR_ZONA": "379", "NR_SECAO": "189", "NR_LOCAL_VOTACAO": "1309", "NM_UE": "CAMPINAS", "endereco_geocode": "Campinas, SP, Brasil", "lat": -22.9056391, "lng": -47.059564 }, "geometry": { "type": "Point", "coordinates": [ -47.059564, -22.9056391 ] } },
{ "type": "Feature", "properties": { "NR_ZONA": "33", "NR_SECAO": "433", "NR_LOCAL_VOTACAO": "2275", "NM_UE": "CAMPINAS", "endereco_geocode": "Campinas, SP, Brasil", "lat": -22.9056391, "lng": -47.059564 }, "geometry": { "type": "Point", "coordinates": [ -47.059564, -22.9056391 ] } },
{ "type": "Feature", "properties": { "NR_ZONA": "33", "NR_SECAO": "448", "NR_LOCAL_VOTACAO": "2283", "NM_UE": "CAMPINAS", "endereco_geocode": "Campinas, SP, Brasil", "lat": -22.9056391, "lng": -47.059564 }, "geometry": { "type": "Point", "coordinates": [ -47.059564, -22.9056391 ] } },
{ "type": "Feature", "properties": { "NR_ZONA": "33", "NR_SECAO": "570", "NR_LOCAL_VOTACAO": "2402", "NM_UE": "CAMPINAS", "endereco_geocode": "Campinas, SP, Brasil", "lat": -22.9056391, "lng": -47.059564 }, "geometry": { "type": "Point", "coordinates": [ -47.059564, -22.9056391 ] } },
{ "type": "Feature", "properties": { "NR_ZONA": "33", "NR_SECAO": "76", "NR_LOCAL_VOTACAO": "1120", "NM_UE": "CAMPINAS", "endereco_geocode": "Campinas, SP, Brasil", "lat": -22.9056391, "lng": -47.059564 }, "geometry": { "type": "Point", "coordinates": [ -47.059564, -22.9056391 ] } },
{ "type": "Feature", "properties": { "NR_ZONA": "33", "NR_SECAO": "575", "NR_LOCAL_VOTACAO": "2410", "NM_UE": "CAMPINAS", "endereco_geocode": "Campinas, SP, Brasil", "lat": -22.9056391, "lng": -47.059564 }, "geometry": { "type": "Point", "coordinates": [ -47.059564, -22.9056391 ] } },
{ "type": "Feature", "properties": { "NR_ZONA": "378", "NR_SECAO": "459", "NR_LOCAL_VOTACAO": "1430", "NM_UE": "CAMPINAS", "endereco_geocode": "Campinas, SP, Brasil", "lat": -22.9056391, "lng": -47.059564 }, "geometry": { "type": "Point", "coordinates": [ -47.059564, -22.9056391 ] } },
{ "type": "Feature", "properties": { "NR_ZONA": "33", "NR_SECAO": "396", "NR_LOCAL_VOTACAO": "1023", "NM_UE": "CAMPINAS", "endereco_geocode": "Campinas, SP, Brasil", "lat": -22.9056391, "lng": -47.059564 }, "geometry": { "type": "Point", "coordinates": [ -47.059564, -22.9056391 ] } },
{ "type": "Feature", "properties": { "NR_ZONA": "423", "NR_SECAO": "246", "NR_LOCAL_VOTACAO": "1325", "NM_UE": "CAMPINAS", "endereco_geocode": "Campinas, SP, Brasil", "lat": -22.9056391, "lng": -47.059564 }, "geometry": { "type": "Point", "coordinates": [ -47.059564, -22.9056391 ] } },
{ "type": "Feature", "properties": { "NR_ZONA": "423", "NR_SECAO": "290", "NR_LOCAL_VOTACAO": "1368", "NM_UE": "CAMPINAS", "endereco_geocode": "Campinas, SP, Brasil", "lat": -22.9056391, "lng": -47.059564 }, "geometry": { "type": "Point", "coordinates": [ -47.059564, -22.9056391 ] } },
{ "type": "Feature", "properties": { "NR_ZONA": "380", "NR_SECAO": "92", "NR_LOCAL_VOTACAO": "1198", "NM_UE": "CAMPINAS", "endereco_geocode": "Campinas, SP, Brasil", "lat": -22.9056391, "lng": -47.059564 }, "geometry": { "type": "Point", "coordinates": [ -47.059564, -22.9056391 ] } },
{ "type": "Feature", "properties": { "NR_ZONA": "380", "NR_SECAO": "302", "NR_LOCAL_VOTACAO": "1260", "NM_UE": "CAMPINAS", "endereco_geocode": "Campinas, SP, Brasil", "lat": -22.9056391, "lng": -47.059564 }, "geometry": { "type": "Point", "coordinates": [ -47.059564, -22.9056391 ] } },
{ "type": "Feature", "properties": { "NR_ZONA": "423", "NR_SECAO": "221", "NR_LOCAL_VOTACAO": "1295", "NM_UE": "CAMPINAS", "endereco_geocode": "Campinas, SP, Brasil", "lat": -22.9056391, "lng": -47.059564 }, "geometry": { "type": "Point", "coordinates": [ -47.059564, -22.9056391 ] } },
{ "type": "Feature", "properties": { "NR_ZONA": "275", "NR_SECAO": "609", "NR_LOCAL_VOTACAO": "1929", "NM_UE": "CAMPINAS", "endereco_geocode": "Campinas, SP, Brasil", "lat": -22.9056391, "lng": -47.059564 }, "geometry": { "type": "Point", "coordinates": [ -47.059564, -22.9056391 ] } },
{ "type": "Feature", "properties": { "NR_ZONA": "423", "NR_SECAO": "165", "NR_LOCAL_VOTACAO": "1171", "NM_UE": "CAMPINAS", "endereco_geocode": "Campinas, SP, Brasil", "lat": -22.9056391, "lng": -47.059564 }, "geometry": { "type": "Point", "coordinates": [ -47.059564, -22.9056391 ] } },
{ "type": "Feature", "properties": { "NR_ZONA": "275", "NR_SECAO": "28", "NR_LOCAL_VOTACAO": "1058", "NM_UE": "CAMPINAS", "endereco_geocode": "Campinas, SP, Brasil", "lat": -22.9056391, "lng": -47.059564 }, "geometry": { "type": "Point", "coordinates": [ -47.059564, -22.9056391 ] } },
{ "type": "Feature", "properties": { "NR_ZONA": "423", "NR_SECAO": "271", "NR_LOCAL_VOTACAO": "1341", "NM_UE": "CAMPINAS", "endereco_geocode": "Campinas, SP, Brasil", "lat": -22.9056391, "lng": -47.059564 }, "geometry": { "type": "Point", "coordinates": [ -47.059564, -22.9056391 ] } },
{ "type": "Feature", "properties": { "NR_ZONA": "380", "NR_SECAO": "106", "NR_LOCAL_VOTACAO": "1279", "NM_UE": "CAMPINAS", "endereco_geocode": "Campinas, SP, Brasil", "lat": -22.9056391, "lng": -47.059564 }, "geometry": { "type": "Point", "coordinates": [ -47.059564, -22.9056391 ] } },
{ "type": "Feature", "properties": { "NR_ZONA": "380", "NR_SECAO": "265", "NR_LOCAL_VOTACAO": "1295", "NM_UE": "CAMPINAS", "endereco_geocode": "Campinas, SP, Brasil", "lat": -22.9056391, "lng": -47.059564 }, "geometry": { "type": "Point", "coordinates": [ -47.059564, -22.9056391 ] } },
{ "type": "Feature", "properties": { "NR_ZONA": "380", "NR_SECAO": "204", "NR_LOCAL_VOTACAO": "1414", "NM_UE": "CAMPINAS", "endereco_geocode": "Campinas, SP, Brasil", "lat": -22.9056391, "lng": -47.059564 }, "geometry": { "type": "Point", "coordinates": [ -47.059564, -22.9056391 ] } },
{ "type": "Feature", "properties": { "NR_ZONA": "380", "NR_SECAO": "87", "NR_LOCAL_VOTACAO": "1198", "NM_UE": "CAMPINAS", "endereco_geocode": "Campinas, SP, Brasil", "lat": -22.9056391, "lng": -47.059564 }, "geometry": { "type": "Point", "coordinates": [ -47.059564, -22.9056391 ] } },
{ "type": "Feature", "properties": { "NR_ZONA": "378", "NR_SECAO": "480", "NR_LOCAL_VOTACAO": "1554", "NM_UE": "CAMPINAS", "endereco_geocode": "Campinas, SP, Brasil", "lat": -22.9056391, "lng": -47.059564 }, "geometry": { "type": "Point", "coordinates": [ -47.059564, -22.9056391 ] } },
{ "type": "Feature", "properties": { "NR_ZONA": "378", "NR_SECAO": "224", "NR_LOCAL_VOTACAO": "1287", "NM_UE": "CAMPINAS", "endereco_geocode": "Campinas, SP, Brasil", "lat": -22.9056391, "lng": -47.059564 }, "geometry": { "type": "Point", "coordinates": [ -47.059564, -22.9056391 ] } },
{ "type": "Feature", "properties": { "NR_ZONA": "275", "NR_SECAO": "638", "NR_LOCAL_VOTACAO": "1910", "NM_UE": "CAMPINAS", "endereco_geocode": "Campinas, SP, Brasil", "lat": -22.9056391, "lng": -47.059564 }, "geometry": { "type": "Point", "coordinates": [ -47.059564, -22.9056391 ] } },
{ "type": "Feature", "properties": { "NR_ZONA": "274", "NR_SECAO": "262", "NR_LOCAL_VOTACAO": "1309", "NM_UE": "CAMPINAS", "endereco_geocode": "Campinas, SP, Brasil", "lat": -22.9056391, "lng": -47.059564 }, "geometry": { "type": "Point", "coordinates": [ -47.059564, -22.9056391 ] } },
{ "type": "Feature", "properties": { "NR_ZONA": "33", "NR_SECAO": "393", "NR_LOCAL_VOTACAO": "1120", "NM_UE": "CAMPINAS", "endereco_geocode": "Campinas, SP, Brasil", "lat": -22.9056391, "lng": -47.059564 }, "geometry": { "type": "Point", "coordinates": [ -47.059564, -22.9056391 ] } },
{ "type": "Feature", "properties": { "NR_ZONA": "274", "NR_SECAO": "710", "NR_LOCAL_VOTACAO": "1988", "NM_UE": "CAMPINAS", "endereco_geocode": "Campinas, SP, Brasil", "lat": -22.9056391, "lng": -47.059564 }, "geometry": { "type": "Point", "coordinates": [ -47.059564, -22.9056391 ] } },
{ "type": "Feature", "properties": { "NR_ZONA": "274", "NR_SECAO": "767", "NR_LOCAL_VOTACAO": "2054", "NM_UE": "CAMPINAS", "endereco_geocode": "Campinas, SP, Brasil", "lat": -22.9056391, "lng": -47.059564 }, "geometry": { "type": "Point", "coordinates": [ -47.059564, -22.9056391 ] } },
{ "type": "Feature", "properties": { "NR_ZONA": "380", "NR_SECAO": "29", "NR_LOCAL_VOTACAO": "1120", "NM_UE": "CAMPINAS", "endereco_geocode": "Campinas, SP, Brasil", "lat": -22.9056391, "lng": -47.059564 }, "geometry": { "type": "Point", "coordinates": [ -47.059564, -22.9056391 ] } },
{ "type": "Feature", "properties": { "NR_ZONA": "379", "NR_SECAO": "41", "NR_LOCAL_VOTACAO": "1058", "NM_UE": "CAMPINAS", "endereco_geocode": "Campinas, SP, Brasil", "lat": -22.9056391, "lng": -47.059564 }, "geometry": { "type": "Point", "coordinates": [ -47.059564, -22.9056391 ] } },
{ "type": "Feature", "properties": { "NR_ZONA": "379", "NR_SECAO": "499", "NR_LOCAL_VOTACAO": "1562", "NM_UE": "CAMPINAS", "endereco_geocode": "Campinas, SP, Brasil", "lat": -22.9056391, "lng": -47.059564 }, "geometry": { "type": "Point", "coordinates": [ -47.059564, -22.9056391 ] } },
{ "type": "Feature", "properties": { "NR_ZONA": "378", "NR_SECAO": "84", "NR_LOCAL_VOTACAO": "1066", "NM_UE": "CAMPINAS", "endereco_geocode": "Campinas, SP, Brasil", "lat": -22.9056391, "lng": -47.059564 }, "geometry": { "type": "Point", "coordinates": [ -47.059564, -22.9056391 ] } },
{ "type": "Feature", "properties": { "NR_ZONA": "274", "NR_SECAO": "712", "NR_LOCAL_VOTACAO": "1988", "NM_UE": "CAMPINAS", "endereco_geocode": "Campinas, SP, Brasil", "lat": -22.9056391, "lng": -47.059564 }, "geometry": { "type": "Point", "coordinates": [ -47.059564, -22.9056391 ] } },
{ "type": "Feature", "properties": { "NR_ZONA": "378", "NR_SECAO": "118", "NR_LOCAL_VOTACAO": "1090", "NM_UE": "CAMPINAS", "endereco_geocode": "Campinas, SP, Brasil", "lat": -22.9056391, "lng": -47.059564 }, "geometry": { "type": "Point", "coordinates": [ -47.059564, -22.9056391 ] } },
{ "type": "Feature", "properties": { "NR_ZONA": "33", "NR_SECAO": "2", "NR_LOCAL_VOTACAO": "1015", "NM_UE": "CAMPINAS", "endereco_geocode": "Campinas, SP, Brasil", "lat": -22.9056391, "lng": -47.059564 }, "geometry": { "type": "Point", "coordinates": [ -47.059564, -22.9056391 ] } },
{ "type": "Feature", "properties": { "NR_ZONA": "379", "NR_SECAO": "252", "NR_LOCAL_VOTACAO": "1244", "NM_UE": "CAMPINAS", "endereco_geocode": "Campinas, SP, Brasil", "lat": -22.9056391, "lng": -47.059564 }, "geometry": { "type": "Point", "coordinates": [ -47.059564, -22.9056391 ] } },
{ "type": "Feature", "properties": { "NR_ZONA": "380", "NR_SECAO": "189", "NR_LOCAL_VOTACAO": "1392", "NM_UE": "CAMPINAS", "endereco_geocode": "Campinas, SP, Brasil", "lat": -22.9056391, "lng": -47.059564 }, "geometry": { "type": "Point", "coordinates": [ -47.059564, -22.9056391 ] } },
{ "type": "Feature", "properties": { "NR_ZONA": "274", "NR_SECAO": "94", "NR_LOCAL_VOTACAO": "1112", "NM_UE": "CAMPINAS", "endereco_geocode": "Campinas, SP, Brasil", "lat": -22.9056391, "lng": -47.059564 }, "geometry": { "type": "Point", "coordinates": [ -47.059564, -22.9056391 ] } },
{ "type": "Feature", "properties": { "NR_ZONA": "423", "NR_SECAO": "312", "NR_LOCAL_VOTACAO": "1392", "NM_UE": "CAMPINAS", "endereco_geocode": "Campinas, SP, Brasil", "lat": -22.9056391, "lng": -47.059564 }, "geometry": { "type": "Point", "coordinates": [ -47.059564, -22.9056391 ] } },
{ "type": "Feature", "properties": { "NR_ZONA": "274", "NR_SECAO": "72", "NR_LOCAL_VOTACAO": "1082", "NM_UE": "CAMPINAS", "endereco_geocode": "Campinas, SP, Brasil", "lat": -22.9056391, "lng": -47.059564 }, "geometry": { "type": "Point", "coordinates": [ -47.059564, -22.9056391 ] } },
{ "type": "Feature", "properties": { "NR_ZONA": "33", "NR_SECAO": "274", "NR_LOCAL_VOTACAO": "1023", "NM_UE": "CAMPINAS", "endereco_geocode": "Campinas, SP, Brasil", "lat": -22.9056391, "lng": -47.059564 }, "geometry": { "type": "Point", "coordinates": [ -47.059564, -22.9056391 ] } },
{ "type": "Feature", "properties": { "NR_ZONA": "379", "NR_SECAO": "441", "NR_LOCAL_VOTACAO": "1490", "NM_UE": "CAMPINAS", "endereco_geocode": "Campinas, SP, Brasil", "lat": -22.9056391, "lng": -47.059564 }, "geometry": { "type": "Point", "coordinates": [ -47.059564, -22.9056391 ] } },
{ "type": "Feature", "properties": { "NR_ZONA": "33", "NR_SECAO": "423", "NR_LOCAL_VOTACAO": "2267", "NM_UE": "CAMPINAS", "endereco_geocode": "Campinas, SP, Brasil", "lat": -22.9056391, "lng": -47.059564 }, "geometry": { "type": "Point", "coordinates": [ -47.059564, -22.9056391 ] } },
{ "type": "Feature", "properties": { "NR_ZONA": "33", "NR_SECAO": "221", "NR_LOCAL_VOTACAO": "1074", "NM_UE": "CAMPINAS", "endereco_geocode": "Campinas, SP, Brasil", "lat": -22.9056391, "lng": -47.059564 }, "geometry": { "type": "Point", "coordinates": [ -47.059564, -22.9056391 ] } },
{ "type": "Feature", "properties": { "NR_ZONA": "380", "NR_SECAO": "278", "NR_LOCAL_VOTACAO": "1295", "NM_UE": "CAMPINAS", "endereco_geocode": "Campinas, SP, Brasil", "lat": -22.9056391, "lng": -47.059564 }, "geometry": { "type": "Point", "coordinates": [ -47.059564, -22.9056391 ] } },
{ "type": "Feature", "properties": { "NR_ZONA": "275", "NR_SECAO": "510", "NR_LOCAL_VOTACAO": "1899", "NM_UE": "CAMPINAS", "endereco_geocode": "Campinas, SP, Brasil", "lat": -22.9056391, "lng": -47.059564 }, "geometry": { "type": "Point", "coordinates": [ -47.059564, -22.9056391 ] } },
{ "type": "Feature", "properties": { "NR_ZONA": "33", "NR_SECAO": "22", "NR_LOCAL_VOTACAO": "1058", "NM_UE": "CAMPINAS", "endereco_geocode": "Campinas, SP, Brasil", "lat": -22.9056391, "lng": -47.059564 }, "geometry": { "type": "Point", "coordinates": [ -47.059564, -22.9056391 ] } },
{ "type": "Feature", "properties": { "NR_ZONA": "33", "NR_SECAO": "432", "NR_LOCAL_VOTACAO": "2275", "NM_UE": "CAMPINAS", "endereco_geocode": "Campinas, SP, Brasil", "lat": -22.9056391, "lng": -47.059564 }, "geometry": { "type": "Point", "coordinates": [ -47.059564, -22.9056391 ] } },
{ "type": "Feature", "properties": { "NR_ZONA": "380", "NR_SECAO": "300", "NR_LOCAL_VOTACAO": "1457", "NM_UE": "CAMPINAS", "endereco_geocode": "Campinas, SP, Brasil", "lat": -22.9056391, "lng": -47.059564 }, "geometry": { "type": "Point", "coordinates": [ -47.059564, -22.9056391 ] } },
{ "type": "Feature", "properties": { "NR_ZONA": "379", "NR_SECAO": "25", "NR_LOCAL_VOTACAO": "1031", "NM_UE": "CAMPINAS", "endereco_geocode": "Campinas, SP, Brasil", "lat": -22.9056391, "lng": -47.059564 }, "geometry": { "type": "Point", "coordinates": [ -47.059564, -22.9056391 ] } },
{ "type": "Feature", "properties": { "NR_ZONA": "423", "NR_SECAO": "125", "NR_LOCAL_VOTACAO": "1120", "NM_UE": "CAMPINAS", "endereco_geocode": "Campinas, SP, Brasil", "lat": -22.9056391, "lng": -47.059564 }, "geometry": { "type": "Point", "coordinates": [ -47.059564, -22.9056391 ] } },
{ "type": "Feature", "properties": { "NR_ZONA": "274", "NR_SECAO": "746", "NR_LOCAL_VOTACAO": "2020", "NM_UE": "CAMPINAS", "endereco_geocode": "Campinas, SP, Brasil", "lat": -22.9056391, "lng": -47.059564 }, "geometry": { "type": "Point", "coordinates": [ -47.059564, -22.9056391 ] } },
{ "type": "Feature", "properties": { "NR_ZONA": "274", "NR_SECAO": "596", "NR_LOCAL_VOTACAO": "1309", "NM_UE": "CAMPINAS", "endereco_geocode": "Campinas, SP, Brasil", "lat": -22.9056391, "lng": -47.059564 }, "geometry": { "type": "Point", "coordinates": [ -47.059564, -22.9056391 ] } },
{ "type": "Feature", "properties": { "NR_ZONA": "423", "NR_SECAO": "94", "NR_LOCAL_VOTACAO": "1090", "NM_UE": "CAMPINAS", "endereco_geocode": "Campinas, SP, Brasil", "lat": -22.9056391, "lng": -47.059564 }, "geometry": { "type": "Point", "coordinates": [ -47.059564, -22.9056391 ] } },
{ "type": "Feature", "properties": { "NR_ZONA": "274", "NR_SECAO": "782", "NR_LOCAL_VOTACAO": "2070", "NM_UE": "CAMPINAS", "endereco_geocode": "Campinas, SP, Brasil", "lat": -22.9056391, "lng": -47.059564 }, "geometry": { "type": "Point", "coordinates": [ -47.059564, -22.9056391 ] } },
{ "type": "Feature", "properties": { "NR_ZONA": "275", "NR_SECAO": "486", "NR_LOCAL_VOTACAO": "1457", "NM_UE": "CAMPINAS", "endereco_geocode": "Campinas, SP, Brasil", "lat": -22.9056391, "lng": -47.059564 }, "geometry": { "type": "Point", "coordinates": [ -47.059564, -22.9056391 ] } },
{ "type": "Feature", "properties": { "NR_ZONA": "274", "NR_SECAO": "579", "NR_LOCAL_VOTACAO": "1872", "NM_UE": "CAMPINAS", "endereco_geocode": "Campinas, SP, Brasil", "lat": -22.9056391, "lng": -47.059564 }, "geometry": { "type": "Point", "coordinates": [ -47.059564, -22.9056391 ] } },
{ "type": "Feature", "properties": { "NR_ZONA": "423", "NR_SECAO": "247", "NR_LOCAL_VOTACAO": "1147", "NM_UE": "CAMPINAS", "endereco_geocode": "Campinas, SP, Brasil", "lat": -22.9056391, "lng": -47.059564 }, "geometry": { "type": "Point", "coordinates": [ -47.059564, -22.9056391 ] } },
{ "type": "Feature", "properties": { "NR_ZONA": "379", "NR_SECAO": "220", "NR_LOCAL_VOTACAO": "1201", "NM_UE": "CAMPINAS", "endereco_geocode": "Campinas, SP, Brasil", "lat": -22.9056391, "lng": -47.059564 }, "geometry": { "type": "Point", "coordinates": [ -47.059564, -22.9056391 ] } },
{ "type": "Feature", "properties": { "NR_ZONA": "33", "NR_SECAO": "443", "NR_LOCAL_VOTACAO": "2283", "NM_UE": "CAMPINAS", "endereco_geocode": "Campinas, SP, Brasil", "lat": -22.9056391, "lng": -47.059564 }, "geometry": { "type": "Point", "coordinates": [ -47.059564, -22.9056391 ] } },
{ "type": "Feature", "properties": { "NR_ZONA": "378", "NR_SECAO": "435", "NR_LOCAL_VOTACAO": "1597", "NM_UE": "CAMPINAS", "endereco_geocode": "Campinas, SP, Brasil", "lat": -22.9056391, "lng": -47.059564 }, "geometry": { "type": "Point", "coordinates": [ -47.059564, -22.9056391 ] } },
{ "type": "Feature", "properties": { "NR_ZONA": "275", "NR_SECAO": "494", "NR_LOCAL_VOTACAO": "1058", "NM_UE": "CAMPINAS", "endereco_geocode": "Campinas, SP, Brasil", "lat": -22.9056391, "lng": -47.059564 }, "geometry": { "type": "Point", "coordinates": [ -47.059564, -22.9056391 ] } },
{ "type": "Feature", "properties": { "NR_ZONA": "380", "NR_SECAO": "151", "NR_LOCAL_VOTACAO": "1171", "NM_UE": "CAMPINAS", "endereco_geocode": "Campinas, SP, Brasil", "lat": -22.9056391, "lng": -47.059564 }, "geometry": { "type": "Point", "coordinates": [ -47.059564, -22.9056391 ] } },
{ "type": "Feature", "properties": { "NR_ZONA": "380", "NR_SECAO": "48", "NR_LOCAL_VOTACAO": "1147", "NM_UE": "CAMPINAS", "endereco_geocode": "Campinas, SP, Brasil", "lat": -22.9056391, "lng": -47.059564 }, "geometry": { "type": "Point", "coordinates": [ -47.059564, -22.9056391 ] } },
{ "type": "Feature", "properties": { "NR_ZONA": "379", "NR_SECAO": "140", "NR_LOCAL_VOTACAO": "1155", "NM_UE": "CAMPINAS", "endereco_geocode": "Campinas, SP, Brasil", "lat": -22.9056391, "lng": -47.059564 }, "geometry": { "type": "Point", "coordinates": [ -47.059564, -22.9056391 ] } },
{ "type": "Feature", "properties": { "NR_ZONA": "274", "NR_SECAO": "154", "NR_LOCAL_VOTACAO": "1198", "NM_UE": "CAMPINAS", "endereco_geocode": "Campinas, SP, Brasil", "lat": -22.9056391, "lng": -47.059564 }, "geometry": { "type": "Point", "coordinates": [ -47.059564, -22.9056391 ] } },
{ "type": "Feature", "properties": { "NR_ZONA": "33", "NR_SECAO": "57", "NR_LOCAL_VOTACAO": "1082", "NM_UE": "CAMPINAS", "endereco_geocode": "Campinas, SP, Brasil", "lat": -22.9056391, "lng": -47.059564 }, "geometry": { "type": "Point", "coordinates": [ -47.059564, -22.9056391 ] } },
{ "type": "Feature", "properties": { "NR_ZONA": "274", "NR_SECAO": "735", "NR_LOCAL_VOTACAO": "2003", "NM_UE": "CAMPINAS", "endereco_geocode": "Campinas, SP, Brasil", "lat": -22.9056391, "lng": -47.059564 }, "geometry": { "type": "Point", "coordinates": [ -47.059564, -22.9056391 ] } },
{ "type": "Feature", "properties": { "NR_ZONA": "274", "NR_SECAO": "128", "NR_LOCAL_VOTACAO": "1155", "NM_UE": "CAMPINAS", "endereco_geocode": "Campinas, SP, Brasil", "lat": -22.9056391, "lng": -47.059564 }, "geometry": { "type": "Point", "coordinates": [ -47.059564, -22.9056391 ] } },
{ "type": "Feature", "properties": { "NR_ZONA": "378", "NR_SECAO": "444", "NR_LOCAL_VOTACAO": "1171", "NM_UE": "CAMPINAS", "endereco_geocode": "Campinas, SP, Brasil", "lat": -22.9056391, "lng": -47.059564 }, "geometry": { "type": "Point", "coordinates": [ -47.059564, -22.9056391 ] } },
{ "type": "Feature", "properties": { "NR_ZONA": "274", "NR_SECAO": "772", "NR_LOCAL_VOTACAO": "2062", "NM_UE": "CAMPINAS", "endereco_geocode": "Campinas, SP, Brasil", "lat": -22.9056391, "lng": -47.059564 }, "geometry": { "type": "Point", "coordinates": [ -47.059564, -22.9056391 ] } },
{ "type": "Feature", "properties": { "NR_ZONA": "423", "NR_SECAO": "228", "NR_LOCAL_VOTACAO": "1210", "NM_UE": "CAMPINAS", "endereco_geocode": "Campinas, SP, Brasil", "lat": -22.9056391, "lng": -47.059564 }, "geometry": { "type": "Point", "coordinates": [ -47.059564, -22.9056391 ] } },
{ "type": "Feature", "properties": { "NR_ZONA": "274", "NR_SECAO": "150", "NR_LOCAL_VOTACAO": "1180", "NM_UE": "CAMPINAS", "endereco_geocode": "Campinas, SP, Brasil", "lat": -22.9056391, "lng": -47.059564 }, "geometry": { "type": "Point", "coordinates": [ -47.059564, -22.9056391 ] } },
{ "type": "Feature", "properties": { "NR_ZONA": "423", "NR_SECAO": "195", "NR_LOCAL_VOTACAO": "1260", "NM_UE": "CAMPINAS", "endereco_geocode": "Campinas, SP, Brasil", "lat": -22.9056391, "lng": -47.059564 }, "geometry": { "type": "Point", "coordinates": [ -47.059564, -22.9056391 ] } },
{ "type": "Feature", "properties": { "NR_ZONA": "275", "NR_SECAO": "542", "NR_LOCAL_VOTACAO": "1198", "NM_UE": "CAMPINAS", "endereco_geocode": "Campinas, SP, Brasil", "lat": -22.9056391, "lng": -47.059564 }, "geometry": { "type": "Point", "coordinates": [ -47.059564, -22.9056391 ] } },
{ "type": "Feature", "properties": { "NR_ZONA": "33", "NR_SECAO": "35", "NR_LOCAL_VOTACAO": "1066", "NM_UE": "CAMPINAS", "endereco_geocode": "Campinas, SP, Brasil", "lat": -22.9056391, "lng": -47.059564 }, "geometry": { "type": "Point", "coordinates": [ -47.059564, -22.9056391 ] } },
{ "type": "Feature", "properties": { "NR_ZONA": "378", "NR_SECAO": "396", "NR_LOCAL_VOTACAO": "1503", "NM_UE": "CAMPINAS", "endereco_geocode": "Campinas, SP, Brasil", "lat": -22.9056391, "lng": -47.059564 }, "geometry": { "type": "Point", "coordinates": [ -47.059564, -22.9056391 ] } },
{ "type": "Feature", "properties": { "NR_ZONA": "274", "NR_SECAO": "755", "NR_LOCAL_VOTACAO": "2038", "NM_UE": "CAMPINAS", "endereco_geocode": "Campinas, SP, Brasil", "lat": -22.9056391, "lng": -47.059564 }, "geometry": { "type": "Point", "coordinates": [ -47.059564, -22.9056391 ] } },
{ "type": "Feature", "properties": { "NR_ZONA": "274", "NR_SECAO": "637", "NR_LOCAL_VOTACAO": "1724", "NM_UE": "CAMPINAS", "endereco_geocode": "Campinas, SP, Brasil", "lat": -22.9056391, "lng": -47.059564 }, "geometry": { "type": "Point", "coordinates": [ -47.059564, -22.9056391 ] } },
{ "type": "Feature", "properties": { "NR_ZONA": "380", "NR_SECAO": "153", "NR_LOCAL_VOTACAO": "1350", "NM_UE": "CAMPINAS", "endereco_geocode": "Campinas, SP, Brasil", "lat": -22.9056391, "lng": -47.059564 }, "geometry": { "type": "Point", "coordinates": [ -47.059564, -22.9056391 ] } },
{ "type": "Feature", "properties": { "NR_ZONA": "274", "NR_SECAO": "646", "NR_LOCAL_VOTACAO": "1856", "NM_UE": "CAMPINAS", "endereco_geocode": "Campinas, SP, Brasil", "lat": -22.9056391, "lng": -47.059564 }, "geometry": { "type": "Point", "coordinates": [ -47.059564, -22.9056391 ] } },
{ "type": "Feature", "properties": { "NR_ZONA": "380", "NR_SECAO": "347", "NR_LOCAL_VOTACAO": "1260", "NM_UE": "CAMPINAS", "endereco_geocode": "Campinas, SP, Brasil", "lat": -22.9056391, "lng": -47.059564 }, "geometry": { "type": "Point", "coordinates": [ -47.059564, -22.9056391 ] } },
{ "type": "Feature", "properties": { "NR_ZONA": "423", "NR_SECAO": "46", "NR_LOCAL_VOTACAO": "1058", "NM_UE": "CAMPINAS", "endereco_geocode": "Campinas, SP, Brasil", "lat": -22.9056391, "lng": -47.059564 }, "geometry": { "type": "Point", "coordinates": [ -47.059564, -22.9056391 ] } },
{ "type": "Feature", "properties": { "NR_ZONA": "423", "NR_SECAO": "53", "NR_LOCAL_VOTACAO": "1058", "NM_UE": "CAMPINAS", "endereco_geocode": "Campinas, SP, Brasil", "lat": -22.9056391, "lng": -47.059564 }, "geometry": { "type": "Point", "coordinates": [ -47.059564, -22.9056391 ] } },
{ "type": "Feature", "properties": { "NR_ZONA": "33", "NR_SECAO": "120", "NR_LOCAL_VOTACAO": "1180", "NM_UE": "CAMPINAS", "endereco_geocode": "Campinas, SP, Brasil", "lat": -22.9056391, "lng": -47.059564 }, "geometry": { "type": "Point", "coordinates": [ -47.059564, -22.9056391 ] } },
{ "type": "Feature", "properties": { "NR_ZONA": "33", "NR_SECAO": "12", "NR_LOCAL_VOTACAO": "1074", "NM_UE": "CAMPINAS", "endereco_geocode": "Campinas, SP, Brasil", "lat": -22.9056391, "lng": -47.059564 }, "geometry": { "type": "Point", "coordinates": [ -47.059564, -22.9056391 ] } },
{ "type": "Feature", "properties": { "NR_ZONA": "423", "NR_SECAO": "194", "NR_LOCAL_VOTACAO": "1317", "NM_UE": "CAMPINAS", "endereco_geocode": "Campinas, SP, Brasil", "lat": -22.9056391, "lng": -47.059564 }, "geometry": { "type": "Point", "coordinates": [ -47.059564, -22.9056391 ] } },
{ "type": "Feature", "properties": { "NR_ZONA": "379", "NR_SECAO": "309", "NR_LOCAL_VOTACAO": "1414", "NM_UE": "CAMPINAS", "endereco_geocode": "Campinas, SP, Brasil", "lat": -22.9056391, "lng": -47.059564 }, "geometry": { "type": "Point", "coordinates": [ -47.059564, -22.9056391 ] } },
{ "type": "Feature", "properties": { "NR_ZONA": "380", "NR_SECAO": "126", "NR_LOCAL_VOTACAO": "1325", "NM_UE": "CAMPINAS", "endereco_geocode": "Campinas, SP, Brasil", "lat": -22.9056391, "lng": -47.059564 }, "geometry": { "type": "Point", "coordinates": [ -47.059564, -22.9056391 ] } },
{ "type": "Feature", "properties": { "NR_ZONA": "33", "NR_SECAO": "340", "NR_LOCAL_VOTACAO": "1139", "NM_UE": "CAMPINAS", "endereco_geocode": "Campinas, SP, Brasil", "lat": -22.9056391, "lng": -47.059564 }, "geometry": { "type": "Point", "coordinates": [ -47.059564, -22.9056391 ] } },
{ "type": "Feature", "properties": { "NR_ZONA": "423", "NR_SECAO": "309", "NR_LOCAL_VOTACAO": "1392", "NM_UE": "CAMPINAS", "endereco_geocode": "Campinas, SP, Brasil", "lat": -22.9056391, "lng": -47.059564 }, "geometry": { "type": "Point", "coordinates": [ -47.059564, -22.9056391 ] } },
{ "type": "Feature", "properties": { "NR_ZONA": "378", "NR_SECAO": "114", "NR_LOCAL_VOTACAO": "1082", "NM_UE": "CAMPINAS", "endereco_geocode": "Campinas, SP, Brasil", "lat": -22.9056391, "lng": -47.059564 }, "geometry": { "type": "Point", "coordinates": [ -47.059564, -22.9056391 ] } },
{ "type": "Feature", "properties": { "NR_ZONA": "378", "NR_SECAO": "151", "NR_LOCAL_VOTACAO": "1112", "NM_UE": "CAMPINAS", "endereco_geocode": "Campinas, SP, Brasil", "lat": -22.9056391, "lng": -47.059564 }, "geometry": { "type": "Point", "coordinates": [ -47.059564, -22.9056391 ] } },
{ "type": "Feature", "properties": { "NR_ZONA": "378", "NR_SECAO": "535", "NR_LOCAL_VOTACAO": "1430", "NM_UE": "CAMPINAS", "endereco_geocode": "Campinas, SP, Brasil", "lat": -22.9056391, "lng": -47.059564 }, "geometry": { "type": "Point", "coordinates": [ -47.059564, -22.9056391 ] } },
{ "type": "Feature", "properties": { "NR_ZONA": "33", "NR_SECAO": "472", "NR_LOCAL_VOTACAO": "2313", "NM_UE": "CAMPINAS", "endereco_geocode": "Campinas, SP, Brasil", "lat": -22.9056391, "lng": -47.059564 }, "geometry": { "type": "Point", "coordinates": [ -47.059564, -22.9056391 ] } },
{ "type": "Feature", "properties": { "NR_ZONA": "33", "NR_SECAO": "222", "NR_LOCAL_VOTACAO": "1201", "NM_UE": "CAMPINAS", "endereco_geocode": "Campinas, SP, Brasil", "lat": -22.9056391, "lng": -47.059564 }, "geometry": { "type": "Point", "coordinates": [ -47.059564, -22.9056391 ] } },
{ "type": "Feature", "properties": { "NR_ZONA": "275", "NR_SECAO": "630", "NR_LOCAL_VOTACAO": "1589", "NM_UE": "CAMPINAS", "endereco_geocode": "Campinas, SP, Brasil", "lat": -22.9056391, "lng": -47.059564 }, "geometry": { "type": "Point", "coordinates": [ -47.059564, -22.9056391 ] } },
{ "type": "Feature", "properties": { "NR_ZONA": "423", "NR_SECAO": "41", "NR_LOCAL_VOTACAO": "1058", "NM_UE": "CAMPINAS", "endereco_geocode": "Campinas, SP, Brasil", "lat": -22.9056391, "lng": -47.059564 }, "geometry": { "type": "Point", "coordinates": [ -47.059564, -22.9056391 ] } },
{ "type": "Feature", "properties": { "NR_ZONA": "423", "NR_SECAO": "216", "NR_LOCAL_VOTACAO": "1066", "NM_UE": "CAMPINAS", "endereco_geocode": "Campinas, SP, Brasil", "lat": -22.9056391, "lng": -47.059564 }, "geometry": { "type": "Point", "coordinates": [ -47.059564, -22.9056391 ] } },
{ "type": "Feature", "properties": { "NR_ZONA": "378", "NR_SECAO": "427", "NR_LOCAL_VOTACAO": "1325", "NM_UE": "CAMPINAS", "endereco_geocode": "Campinas, SP, Brasil", "lat": -22.9056391, "lng": -47.059564 }, "geometry": { "type": "Point", "coordinates": [ -47.059564, -22.9056391 ] } },
{ "type": "Feature", "properties": { "NR_ZONA": "423", "NR_SECAO": "68", "NR_LOCAL_VOTACAO": "1074", "NM_UE": "CAMPINAS", "endereco_geocode": "Campinas, SP, Brasil", "lat": -22.9056391, "lng": -47.059564 }, "geometry": { "type": "Point", "coordinates": [ -47.059564, -22.9056391 ] } },
{ "type": "Feature", "properties": { "NR_ZONA": "274", "NR_SECAO": "629", "NR_LOCAL_VOTACAO": "1724", "NM_UE": "CAMPINAS", "endereco_geocode": "Campinas, SP, Brasil", "lat": -22.9056391, "lng": -47.059564 }, "geometry": { "type": "Point", "coordinates": [ -47.059564, -22.9056391 ] } },
{ "type": "Feature", "properties": { "NR_ZONA": "380", "NR_SECAO": "207", "NR_LOCAL_VOTACAO": "1414", "NM_UE": "CAMPINAS", "endereco_geocode": "Campinas, SP, Brasil", "lat": -22.9056391, "lng": -47.059564 }, "geometry": { "type": "Point", "coordinates": [ -47.059564, -22.9056391 ] } },
{ "type": "Feature", "properties": { "NR_ZONA": "275", "NR_SECAO": "195", "NR_LOCAL_VOTACAO": "1309", "NM_UE": "CAMPINAS", "endereco_geocode": "Campinas, SP, Brasil", "lat": -22.9056391, "lng": -47.059564 }, "geometry": { "type": "Point", "coordinates": [ -47.059564, -22.9056391 ] } },
{ "type": "Feature", "properties": { "NR_ZONA": "379", "NR_SECAO": "421", "NR_LOCAL_VOTACAO": "1520", "NM_UE": "CAMPINAS", "endereco_geocode": "Campinas, SP, Brasil", "lat": -22.9056391, "lng": -47.059564 }, "geometry": { "type": "Point", "coordinates": [ -47.059564, -22.9056391 ] } },
{ "type": "Feature", "properties": { "NR_ZONA": "274", "NR_SECAO": "85", "NR_LOCAL_VOTACAO": "1104", "NM_UE": "CAMPINAS", "endereco_geocode": "Campinas, SP, Brasil", "lat": -22.9056391, "lng": -47.059564 }, "geometry": { "type": "Point", "coordinates": [ -47.059564, -22.9056391 ] } },
{ "type": "Feature", "properties": { "NR_ZONA": "379", "NR_SECAO": "291", "NR_LOCAL_VOTACAO": "1376", "NM_UE": "CAMPINAS", "endereco_geocode": "Campinas, SP, Brasil", "lat": -22.9056391, "lng": -47.059564 }, "geometry": { "type": "Point", "coordinates": [ -47.059564, -22.9056391 ] } },
{ "type": "Feature", "properties": { "NR_ZONA": "380", "NR_SECAO": "64", "NR_LOCAL_VOTACAO": "1163", "NM_UE": "CAMPINAS", "endereco_geocode": "Campinas, SP, Brasil", "lat": -22.9056391, "lng": -47.059564 }, "geometry": { "type": "Point", "coordinates": [ -47.059564, -22.9056391 ] } },
{ "type": "Feature", "properties": { "NR_ZONA": "378", "NR_SECAO": "416", "NR_LOCAL_VOTACAO": "1520", "NM_UE": "CAMPINAS", "endereco_geocode": "Campinas, SP, Brasil", "lat": -22.9056391, "lng": -47.059564 }, "geometry": { "type": "Point", "coordinates": [ -47.059564, -22.9056391 ] } },
{ "type": "Feature", "properties": { "NR_ZONA": "380", "NR_SECAO": "74", "NR_LOCAL_VOTACAO": "1180", "NM_UE": "CAMPINAS", "endereco_geocode": "Campinas, SP, Brasil", "lat": -22.9056391, "lng": -47.059564 }, "geometry": { "type": "Point", "coordinates": [ -47.059564, -22.9056391 ] } },
{ "type": "Feature", "properties": { "NR_ZONA": "379", "NR_SECAO": "40", "NR_LOCAL_VOTACAO": "1040", "NM_UE": "CAMPINAS", "endereco_geocode": "Campinas, SP, Brasil", "lat": -22.9056391, "lng": -47.059564 }, "geometry": { "type": "Point", "coordinates": [ -47.059564, -22.9056391 ] } },
{ "type": "Feature", "properties": { "NR_ZONA": "274", "NR_SECAO": "158", "NR_LOCAL_VOTACAO": "1201", "NM_UE": "CAMPINAS", "endereco_geocode": "Campinas, SP, Brasil", "lat": -22.9056391, "lng": -47.059564 }, "geometry": { "type": "Point", "coordinates": [ -47.059564, -22.9056391 ] } },
{ "type": "Feature", "properties": { "NR_ZONA": "274", "NR_SECAO": "373", "NR_LOCAL_VOTACAO": "1201", "NM_UE": "CAMPINAS", "endereco_geocode": "Campinas, SP, Brasil", "lat": -22.9056391, "lng": -47.059564 }, "geometry": { "type": "Point", "coordinates": [ -47.059564, -22.9056391 ] } },
{ "type": "Feature", "properties": { "NR_ZONA": "379", "NR_SECAO": "319", "NR_LOCAL_VOTACAO": "1384", "NM_UE": "CAMPINAS", "endereco_geocode": "Campinas, SP, Brasil", "lat": -22.9056391, "lng": -47.059564 }, "geometry": { "type": "Point", "coordinates": [ -47.059564, -22.9056391 ] } },
{ "type": "Feature", "properties": { "NR_ZONA": "274", "NR_SECAO": "584", "NR_LOCAL_VOTACAO": "1309", "NM_UE": "CAMPINAS", "endereco_geocode": "Campinas, SP, Brasil", "lat": -22.9056391, "lng": -47.059564 }, "geometry": { "type": "Point", "coordinates": [ -47.059564, -22.9056391 ] } },
{ "type": "Feature", "properties": { "NR_ZONA": "274", "NR_SECAO": "539", "NR_LOCAL_VOTACAO": "1163", "NM_UE": "CAMPINAS", "endereco_geocode": "Campinas, SP, Brasil", "lat": -22.9056391, "lng": -47.059564 }, "geometry": { "type": "Point", "coordinates": [ -47.059564, -22.9056391 ] } },
{ "type": "Feature", "properties": { "NR_ZONA": "423", "NR_SECAO": "65", "NR_LOCAL_VOTACAO": "1074", "NM_UE": "CAMPINAS", "endereco_geocode": "Campinas, SP, Brasil", "lat": -22.9056391, "lng": -47.059564 }, "geometry": { "type": "Point", "coordinates": [ -47.059564, -22.9056391 ] } },
{ "type": "Feature", "properties": { "NR_ZONA": "423", "NR_SECAO": "123", "NR_LOCAL_VOTACAO": "1120", "NM_UE": "CAMPINAS", "endereco_geocode": "Campinas, SP, Brasil", "lat": -22.9056391, "lng": -47.059564 }, "geometry": { "type": "Point", "coordinates": [ -47.059564, -22.9056391 ] } },
{ "type": "Feature", "properties": { "NR_ZONA": "275", "NR_SECAO": "307", "NR_LOCAL_VOTACAO": "1457", "NM_UE": "CAMPINAS", "endereco_geocode": "Campinas, SP, Brasil", "lat": -22.9056391, "lng": -47.059564 }, "geometry": { "type": "Point", "coordinates": [ -47.059564, -22.9056391 ] } },
{ "type": "Feature", "properties": { "NR_ZONA": "275", "NR_SECAO": "347", "NR_LOCAL_VOTACAO": "1465", "NM_UE": "CAMPINAS", "endereco_geocode": "Campinas, SP, Brasil", "lat": -22.9056391, "lng": -47.059564 }, "geometry": { "type": "Point", "coordinates": [ -47.059564, -22.9056391 ] } },
{ "type": "Feature", "properties": { "NR_ZONA": "378", "NR_SECAO": "45", "NR_LOCAL_VOTACAO": "1031", "NM_UE": "CAMPINAS", "endereco_geocode": "Campinas, SP, Brasil", "lat": -22.9056391, "lng": -47.059564 }, "geometry": { "type": "Point", "coordinates": [ -47.059564, -22.9056391 ] } },
{ "type": "Feature", "properties": { "NR_ZONA": "275", "NR_SECAO": "567", "NR_LOCAL_VOTACAO": "1198", "NM_UE": "CAMPINAS", "endereco_geocode": "Campinas, SP, Brasil", "lat": -22.9056391, "lng": -47.059564 }, "geometry": { "type": "Point", "coordinates": [ -47.059564, -22.9056391 ] } },
{ "type": "Feature", "properties": { "NR_ZONA": "378", "NR_SECAO": "103", "NR_LOCAL_VOTACAO": "1082", "NM_UE": "CAMPINAS", "endereco_geocode": "Campinas, SP, Brasil", "lat": -22.9056391, "lng": -47.059564 }, "geometry": { "type": "Point", "coordinates": [ -47.059564, -22.9056391 ] } },
{ "type": "Feature", "properties": { "NR_ZONA": "423", "NR_SECAO": "325", "NR_LOCAL_VOTACAO": "1422", "NM_UE": "CAMPINAS", "endereco_geocode": "Campinas, SP, Brasil", "lat": -22.9056391, "lng": -47.059564 }, "geometry": { "type": "Point", "coordinates": [ -47.059564, -22.9056391 ] } },
{ "type": "Feature", "properties": { "NR_ZONA": "423", "NR_SECAO": "222", "NR_LOCAL_VOTACAO": "1317", "NM_UE": "CAMPINAS", "endereco_geocode": "Campinas, SP, Brasil", "lat": -22.9056391, "lng": -47.059564 }, "geometry": { "type": "Point", "coordinates": [ -47.059564, -22.9056391 ] } },
{ "type": "Feature", "properties": { "NR_ZONA": "275", "NR_SECAO": "115", "NR_LOCAL_VOTACAO": "1198", "NM_UE": "CAMPINAS", "endereco_geocode": "Campinas, SP, Brasil", "lat": -22.9056391, "lng": -47.059564 }, "geometry": { "type": "Point", "coordinates": [ -47.059564, -22.9056391 ] } },
{ "type": "Feature", "properties": { "NR_ZONA": "33", "NR_SECAO": "463", "NR_LOCAL_VOTACAO": "2291", "NM_UE": "CAMPINAS", "endereco_geocode": "Campinas, SP, Brasil", "lat": -22.9056391, "lng": -47.059564 }, "geometry": { "type": "Point", "coordinates": [ -47.059564, -22.9056391 ] } },
{ "type": "Feature", "properties": { "NR_ZONA": "379", "NR_SECAO": "355", "NR_LOCAL_VOTACAO": "1210", "NM_UE": "CAMPINAS", "endereco_geocode": "Campinas, SP, Brasil", "lat": -22.9056391, "lng": -47.059564 }, "geometry": { "type": "Point", "coordinates": [ -47.059564, -22.9056391 ] } },
{ "type": "Feature", "properties": { "NR_ZONA": "380", "NR_SECAO": "133", "NR_LOCAL_VOTACAO": "1333", "NM_UE": "CAMPINAS", "endereco_geocode": "Campinas, SP, Brasil", "lat": -22.9056391, "lng": -47.059564 }, "geometry": { "type": "Point", "coordinates": [ -47.059564, -22.9056391 ] } },
{ "type": "Feature", "properties": { "NR_ZONA": "275", "NR_SECAO": "541", "NR_LOCAL_VOTACAO": "1104", "NM_UE": "CAMPINAS", "endereco_geocode": "Campinas, SP, Brasil", "lat": -22.9056391, "lng": -47.059564 }, "geometry": { "type": "Point", "coordinates": [ -47.059564, -22.9056391 ] } },
{ "type": "Feature", "properties": { "NR_ZONA": "378", "NR_SECAO": "50", "NR_LOCAL_VOTACAO": "1040", "NM_UE": "CAMPINAS", "endereco_geocode": "Campinas, SP, Brasil", "lat": -22.9056391, "lng": -47.059564 }, "geometry": { "type": "Point", "coordinates": [ -47.059564, -22.9056391 ] } },
{ "type": "Feature", "properties": { "NR_ZONA": "275", "NR_SECAO": "405", "NR_LOCAL_VOTACAO": "1198", "NM_UE": "CAMPINAS", "endereco_geocode": "Campinas, SP, Brasil", "lat": -22.9056391, "lng": -47.059564 }, "geometry": { "type": "Point", "coordinates": [ -47.059564, -22.9056391 ] } },
{ "type": "Feature", "properties": { "NR_ZONA": "274", "NR_SECAO": "643", "NR_LOCAL_VOTACAO": "1872", "NM_UE": "CAMPINAS", "endereco_geocode": "Campinas, SP, Brasil", "lat": -22.9056391, "lng": -47.059564 }, "geometry": { "type": "Point", "coordinates": [ -47.059564, -22.9056391 ] } },
{ "type": "Feature", "properties": { "NR_ZONA": "378", "NR_SECAO": "431", "NR_LOCAL_VOTACAO": "1503", "NM_UE": "CAMPINAS", "endereco_geocode": "Campinas, SP, Brasil", "lat": -22.9056391, "lng": -47.059564 }, "geometry": { "type": "Point", "coordinates": [ -47.059564, -22.9056391 ] } },
{ "type": "Feature", "properties": { "NR_ZONA": "423", "NR_SECAO": "28", "NR_LOCAL_VOTACAO": "1031", "NM_UE": "CAMPINAS", "endereco_geocode": "Campinas, SP, Brasil", "lat": -22.9056391, "lng": -47.059564 }, "geometry": { "type": "Point", "coordinates": [ -47.059564, -22.9056391 ] } },
{ "type": "Feature", "properties": { "NR_ZONA": "274", "NR_SECAO": "73", "NR_LOCAL_VOTACAO": "1082", "NM_UE": "CAMPINAS", "endereco_geocode": "Campinas, SP, Brasil", "lat": -22.9056391, "lng": -47.059564 }, "geometry": { "type": "Point", "coordinates": [ -47.059564, -22.9056391 ] } },
{ "type": "Feature", "properties": { "NR_ZONA": "275", "NR_SECAO": "112", "NR_LOCAL_VOTACAO": "1198", "NM_UE": "CAMPINAS", "endereco_geocode": "Campinas, SP, Brasil", "lat": -22.9056391, "lng": -47.059564 }, "geometry": { "type": "Point", "coordinates": [ -47.059564, -22.9056391 ] } },
{ "type": "Feature", "properties": { "NR_ZONA": "423", "NR_SECAO": "57", "NR_LOCAL_VOTACAO": "1066", "NM_UE": "CAMPINAS", "endereco_geocode": "Campinas, SP, Brasil", "lat": -22.9056391, "lng": -47.059564 }, "geometry": { "type": "Point", "coordinates": [ -47.059564, -22.9056391 ] } },
{ "type": "Feature", "properties": { "NR_ZONA": "33", "NR_SECAO": "79", "NR_LOCAL_VOTACAO": "1139", "NM_UE": "CAMPINAS", "endereco_geocode": "Campinas, SP, Brasil", "lat": -22.9056391, "lng": -47.059564 }, "geometry": { "type": "Point", "coordinates": [ -47.059564, -22.9056391 ] } },
{ "type": "Feature", "properties": { "NR_ZONA": "423", "NR_SECAO": "192", "NR_LOCAL_VOTACAO": "1163", "NM_UE": "CAMPINAS", "endereco_geocode": "Campinas, SP, Brasil", "lat": -22.9056391, "lng": -47.059564 }, "geometry": { "type": "Point", "coordinates": [ -47.059564, -22.9056391 ] } },
{ "type": "Feature", "properties": { "NR_ZONA": "274", "NR_SECAO": "620", "NR_LOCAL_VOTACAO": "1120", "NM_UE": "CAMPINAS", "endereco_geocode": "Campinas, SP, Brasil", "lat": -22.9056391, "lng": -47.059564 }, "geometry": { "type": "Point", "coordinates": [ -47.059564, -22.9056391 ] } },
{ "type": "Feature", "properties": { "NR_ZONA": "274", "NR_SECAO": "116", "NR_LOCAL_VOTACAO": "1139", "NM_UE": "CAMPINAS", "endereco_geocode": "Campinas, SP, Brasil", "lat": -22.9056391, "lng": -47.059564 }, "geometry": { "type": "Point", "coordinates": [ -47.059564, -22.9056391 ] } },
{ "type": "Feature", "properties": { "NR_ZONA": "423", "NR_SECAO": "33", "NR_LOCAL_VOTACAO": "1031", "NM_UE": "CAMPINAS", "endereco_geocode": "Campinas, SP, Brasil", "lat": -22.9056391, "lng": -47.059564 }, "geometry": { "type": "Point", "coordinates": [ -47.059564, -22.9056391 ] } },
{ "type": "Feature", "properties": { "NR_ZONA": "275", "NR_SECAO": "506", "NR_LOCAL_VOTACAO": "1546", "NM_UE": "CAMPINAS", "endereco_geocode": "Campinas, SP, Brasil", "lat": -22.9056391, "lng": -47.059564 }, "geometry": { "type": "Point", "coordinates": [ -47.059564, -22.9056391 ] } },
{ "type": "Feature", "properties": { "NR_ZONA": "33", "NR_SECAO": "18", "NR_LOCAL_VOTACAO": "1058", "NM_UE": "CAMPINAS", "endereco_geocode": "Campinas, SP, Brasil", "lat": -22.9056391, "lng": -47.059564 }, "geometry": { "type": "Point", "coordinates": [ -47.059564, -22.9056391 ] } },
{ "type": "Feature", "properties": { "NR_ZONA": "33", "NR_SECAO": "527", "NR_LOCAL_VOTACAO": "2356", "NM_UE": "CAMPINAS", "endereco_geocode": "Campinas, SP, Brasil", "lat": -22.9056391, "lng": -47.059564 }, "geometry": { "type": "Point", "coordinates": [ -47.059564, -22.9056391 ] } },
{ "type": "Feature", "properties": { "NR_ZONA": "33", "NR_SECAO": "477", "NR_LOCAL_VOTACAO": "2313", "NM_UE": "CAMPINAS", "endereco_geocode": "Campinas, SP, Brasil", "lat": -22.9056391, "lng": -47.059564 }, "geometry": { "type": "Point", "coordinates": [ -47.059564, -22.9056391 ] } },
{ "type": "Feature", "properties": { "NR_ZONA": "378", "NR_SECAO": "36", "NR_LOCAL_VOTACAO": "1031", "NM_UE": "CAMPINAS", "endereco_geocode": "Campinas, SP, Brasil", "lat": -22.9056391, "lng": -47.059564 }, "geometry": { "type": "Point", "coordinates": [ -47.059564, -22.9056391 ] } },
{ "type": "Feature", "properties": { "NR_ZONA": "423", "NR_SECAO": "143", "NR_LOCAL_VOTACAO": "1147", "NM_UE": "CAMPINAS", "endereco_geocode": "Campinas, SP, Brasil", "lat": -22.9056391, "lng": -47.059564 }, "geometry": { "type": "Point", "coordinates": [ -47.059564, -22.9056391 ] } },
{ "type": "Feature", "properties": { "NR_ZONA": "379", "NR_SECAO": "53", "NR_LOCAL_VOTACAO": "1066", "NM_UE": "CAMPINAS", "endereco_geocode": "Campinas, SP, Brasil", "lat": -22.9056391, "lng": -47.059564 }, "geometry": { "type": "Point", "coordinates": [ -47.059564, -22.9056391 ] } },
{ "type": "Feature", "properties": { "NR_ZONA": "33", "NR_SECAO": "483", "NR_LOCAL_VOTACAO": "2313", "NM_UE": "CAMPINAS", "endereco_geocode": "Campinas, SP, Brasil", "lat": -22.9056391, "lng": -47.059564 }, "geometry": { "type": "Point", "coordinates": [ -47.059564, -22.9056391 ] } },
{ "type": "Feature", "properties": { "NR_ZONA": "274", "NR_SECAO": "270", "NR_LOCAL_VOTACAO": "1309", "NM_UE": "CAMPINAS", "endereco_geocode": "Campinas, SP, Brasil", "lat": -22.9056391, "lng": -47.059564 }, "geometry": { "type": "Point", "coordinates": [ -47.059564, -22.9056391 ] } },
{ "type": "Feature", "properties": { "NR_ZONA": "423", "NR_SECAO": "85", "NR_LOCAL_VOTACAO": "1090", "NM_UE": "CAMPINAS", "endereco_geocode": "Campinas, SP, Brasil", "lat": -22.9056391, "lng": -47.059564 }, "geometry": { "type": "Point", "coordinates": [ -47.059564, -22.9056391 ] } },
{ "type": "Feature", "properties": { "NR_ZONA": "275", "NR_SECAO": "505", "NR_LOCAL_VOTACAO": "1880", "NM_UE": "CAMPINAS", "endereco_geocode": "Campinas, SP, Brasil", "lat": -22.9056391, "lng": -47.059564 }, "geometry": { "type": "Point", "coordinates": [ -47.059564, -22.9056391 ] } },
{ "type": "Feature", "properties": { "NR_ZONA": "423", "NR_SECAO": "3", "NR_LOCAL_VOTACAO": "1015", "NM_UE": "CAMPINAS", "endereco_geocode": "Campinas, SP, Brasil", "lat": -22.9056391, "lng": -47.059564 }, "geometry": { "type": "Point", "coordinates": [ -47.059564, -22.9056391 ] } },
{ "type": "Feature", "properties": { "NR_ZONA": "379", "NR_SECAO": "254", "NR_LOCAL_VOTACAO": "1341", "NM_UE": "CAMPINAS", "endereco_geocode": "Campinas, SP, Brasil", "lat": -22.9056391, "lng": -47.059564 }, "geometry": { "type": "Point", "coordinates": [ -47.059564, -22.9056391 ] } },
{ "type": "Feature", "properties": { "NR_ZONA": "423", "NR_SECAO": "130", "NR_LOCAL_VOTACAO": "1139", "NM_UE": "CAMPINAS", "endereco_geocode": "Campinas, SP, Brasil", "lat": -22.9056391, "lng": -47.059564 }, "geometry": { "type": "Point", "coordinates": [ -47.059564, -22.9056391 ] } },
{ "type": "Feature", "properties": { "NR_ZONA": "379", "NR_SECAO": "324", "NR_LOCAL_VOTACAO": "1414", "NM_UE": "CAMPINAS", "endereco_geocode": "Campinas, SP, Brasil", "lat": -22.9056391, "lng": -47.059564 }, "geometry": { "type": "Point", "coordinates": [ -47.059564, -22.9056391 ] } },
{ "type": "Feature", "properties": { "NR_ZONA": "378", "NR_SECAO": "47", "NR_LOCAL_VOTACAO": "1040", "NM_UE": "CAMPINAS", "endereco_geocode": "Campinas, SP, Brasil", "lat": -22.9056391, "lng": -47.059564 }, "geometry": { "type": "Point", "coordinates": [ -47.059564, -22.9056391 ] } },
{ "type": "Feature", "properties": { "NR_ZONA": "378", "NR_SECAO": "74", "NR_LOCAL_VOTACAO": "1058", "NM_UE": "CAMPINAS", "endereco_geocode": "Campinas, SP, Brasil", "lat": -22.9056391, "lng": -47.059564 }, "geometry": { "type": "Point", "coordinates": [ -47.059564, -22.9056391 ] } },
{ "type": "Feature", "properties": { "NR_ZONA": "378", "NR_SECAO": "76", "NR_LOCAL_VOTACAO": "1058", "NM_UE": "CAMPINAS", "endereco_geocode": "Campinas, SP, Brasil", "lat": -22.9056391, "lng": -47.059564 }, "geometry": { "type": "Point", "coordinates": [ -47.059564, -22.9056391 ] } },
{ "type": "Feature", "properties": { "NR_ZONA": "423", "NR_SECAO": "128", "NR_LOCAL_VOTACAO": "1139", "NM_UE": "CAMPINAS", "endereco_geocode": "Campinas, SP, Brasil", "lat": -22.9056391, "lng": -47.059564 }, "geometry": { "type": "Point", "coordinates": [ -47.059564, -22.9056391 ] } },
{ "type": "Feature", "properties": { "NR_ZONA": "378", "NR_SECAO": "312", "NR_LOCAL_VOTACAO": "1287", "NM_UE": "CAMPINAS", "endereco_geocode": "Campinas, SP, Brasil", "lat": -22.9056391, "lng": -47.059564 }, "geometry": { "type": "Point", "coordinates": [ -47.059564, -22.9056391 ] } },
{ "type": "Feature", "properties": { "NR_ZONA": "380", "NR_SECAO": "187", "NR_LOCAL_VOTACAO": "1392", "NM_UE": "CAMPINAS", "endereco_geocode": "Campinas, SP, Brasil", "lat": -22.9056391, "lng": -47.059564 }, "geometry": { "type": "Point", "coordinates": [ -47.059564, -22.9056391 ] } },
{ "type": "Feature", "properties": { "NR_ZONA": "378", "NR_SECAO": "179", "NR_LOCAL_VOTACAO": "1201", "NM_UE": "CAMPINAS", "endereco_geocode": "Campinas, SP, Brasil", "lat": -22.9056391, "lng": -47.059564 }, "geometry": { "type": "Point", "coordinates": [ -47.059564, -22.9056391 ] } },
{ "type": "Feature", "properties": { "NR_ZONA": "378", "NR_SECAO": "202", "NR_LOCAL_VOTACAO": "1201", "NM_UE": "CAMPINAS", "endereco_geocode": "Campinas, SP, Brasil", "lat": -22.9056391, "lng": -47.059564 }, "geometry": { "type": "Point", "coordinates": [ -47.059564, -22.9056391 ] } },
{ "type": "Feature", "properties": { "NR_ZONA": "378", "NR_SECAO": "259", "NR_LOCAL_VOTACAO": "1252", "NM_UE": "CAMPINAS", "endereco_geocode": "Campinas, SP, Brasil", "lat": -22.9056391, "lng": -47.059564 }, "geometry": { "type": "Point", "coordinates": [ -47.059564, -22.9056391 ] } },
{ "type": "Feature", "properties": { "NR_ZONA": "275", "NR_SECAO": "644", "NR_LOCAL_VOTACAO": "2038", "NM_UE": "CAMPINAS", "endereco_geocode": "Campinas, SP, Brasil", "lat": -22.9056391, "lng": -47.059564 }, "geometry": { "type": "Point", "coordinates": [ -47.059564, -22.9056391 ] } },
{ "type": "Feature", "properties": { "NR_ZONA": "378", "NR_SECAO": "127", "NR_LOCAL_VOTACAO": "1090", "NM_UE": "CAMPINAS", "endereco_geocode": "Campinas, SP, Brasil", "lat": -22.9056391, "lng": -47.059564 }, "geometry": { "type": "Point", "coordinates": [ -47.059564, -22.9056391 ] } },
{ "type": "Feature", "properties": { "NR_ZONA": "378", "NR_SECAO": "456", "NR_LOCAL_VOTACAO": "1295", "NM_UE": "CAMPINAS", "endereco_geocode": "Campinas, SP, Brasil", "lat": -22.9056391, "lng": -47.059564 }, "geometry": { "type": "Point", "coordinates": [ -47.059564, -22.9056391 ] } },
{ "type": "Feature", "properties": { "NR_ZONA": "33", "NR_SECAO": "455", "NR_LOCAL_VOTACAO": "2291", "NM_UE": "CAMPINAS", "endereco_geocode": "Campinas, SP, Brasil", "lat": -22.9056391, "lng": -47.059564 }, "geometry": { "type": "Point", "coordinates": [ -47.059564, -22.9056391 ] } },
{ "type": "Feature", "properties": { "NR_ZONA": "378", "NR_SECAO": "69", "NR_LOCAL_VOTACAO": "1392", "NM_UE": "CAMPINAS", "endereco_geocode": "Campinas, SP, Brasil", "lat": -22.9056391, "lng": -47.059564 }, "geometry": { "type": "Point", "coordinates": [ -47.059564, -22.9056391 ] } },
{ "type": "Feature", "properties": { "NR_ZONA": "380", "NR_SECAO": "222", "NR_LOCAL_VOTACAO": "1422", "NM_UE": "CAMPINAS", "endereco_geocode": "Campinas, SP, Brasil", "lat": -22.9056391, "lng": -47.059564 }, "geometry": { "type": "Point", "coordinates": [ -47.059564, -22.9056391 ] } },
{ "type": "Feature", "properties": { "NR_ZONA": "380", "NR_SECAO": "325", "NR_LOCAL_VOTACAO": "1422", "NM_UE": "CAMPINAS", "endereco_geocode": "Campinas, SP, Brasil", "lat": -22.9056391, "lng": -47.059564 }, "geometry": { "type": "Point", "coordinates": [ -47.059564, -22.9056391 ] } },
{ "type": "Feature", "properties": { "NR_ZONA": "380", "NR_SECAO": "53", "NR_LOCAL_VOTACAO": "1155", "NM_UE": "CAMPINAS", "endereco_geocode": "Campinas, SP, Brasil", "lat": -22.9056391, "lng": -47.059564 }, "geometry": { "type": "Point", "coordinates": [ -47.059564, -22.9056391 ] } },
{ "type": "Feature", "properties": { "NR_ZONA": "274", "NR_SECAO": "687", "NR_LOCAL_VOTACAO": "1961", "NM_UE": "CAMPINAS", "endereco_geocode": "Campinas, SP, Brasil", "lat": -22.9056391, "lng": -47.059564 }, "geometry": { "type": "Point", "coordinates": [ -47.059564, -22.9056391 ] } },
{ "type": "Feature", "properties": { "NR_ZONA": "380", "NR_SECAO": "355", "NR_LOCAL_VOTACAO": "1287", "NM_UE": "CAMPINAS", "endereco_geocode": "Campinas, SP, Brasil", "lat": -22.9056391, "lng": -47.059564 }, "geometry": { "type": "Point", "coordinates": [ -47.059564, -22.9056391 ] } },
{ "type": "Feature", "properties": { "NR_ZONA": "423", "NR_SECAO": "188", "NR_LOCAL_VOTACAO": "1287", "NM_UE": "CAMPINAS", "endereco_geocode": "Campinas, SP, Brasil", "lat": -22.9056391, "lng": -47.059564 }, "geometry": { "type": "Point", "coordinates": [ -47.059564, -22.9056391 ] } },
{ "type": "Feature", "properties": { "NR_ZONA": "380", "NR_SECAO": "279", "NR_LOCAL_VOTACAO": "1422", "NM_UE": "CAMPINAS", "endereco_geocode": "Campinas, SP, Brasil", "lat": -22.9056391, "lng": -47.059564 }, "geometry": { "type": "Point", "coordinates": [ -47.059564, -22.9056391 ] } },
{ "type": "Feature", "properties": { "NR_ZONA": "275", "NR_SECAO": "573", "NR_LOCAL_VOTACAO": "1880", "NM_UE": "CAMPINAS", "endereco_geocode": "Campinas, SP, Brasil", "lat": -22.9056391, "lng": -47.059564 }, "geometry": { "type": "Point", "coordinates": [ -47.059564, -22.9056391 ] } },
{ "type": "Feature", "properties": { "NR_ZONA": "423", "NR_SECAO": "252", "NR_LOCAL_VOTACAO": "1260", "NM_UE": "CAMPINAS", "endereco_geocode": "Campinas, SP, Brasil", "lat": -22.9056391, "lng": -47.059564 }, "geometry": { "type": "Point", "coordinates": [ -47.059564, -22.9056391 ] } },
{ "type": "Feature", "properties": { "NR_ZONA": "378", "NR_SECAO": "406", "NR_LOCAL_VOTACAO": "1520", "NM_UE": "CAMPINAS", "endereco_geocode": "Campinas, SP, Brasil", "lat": -22.9056391, "lng": -47.059564 }, "geometry": { "type": "Point", "coordinates": [ -47.059564, -22.9056391 ] } },
{ "type": "Feature", "properties": { "NR_ZONA": "378", "NR_SECAO": "552", "NR_LOCAL_VOTACAO": "1660", "NM_UE": "CAMPINAS", "endereco_geocode": "Campinas, SP, Brasil", "lat": -22.9056391, "lng": -47.059564 }, "geometry": { "type": "Point", "coordinates": [ -47.059564, -22.9056391 ] } },
{ "type": "Feature", "properties": { "NR_ZONA": "423", "NR_SECAO": "204", "NR_LOCAL_VOTACAO": "1180", "NM_UE": "CAMPINAS", "endereco_geocode": "Campinas, SP, Brasil", "lat": -22.9056391, "lng": -47.059564 }, "geometry": { "type": "Point", "coordinates": [ -47.059564, -22.9056391 ] } },
{ "type": "Feature", "properties": { "NR_ZONA": "275", "NR_SECAO": "597", "NR_LOCAL_VOTACAO": "1910", "NM_UE": "CAMPINAS", "endereco_geocode": "Campinas, SP, Brasil", "lat": -22.9056391, "lng": -47.059564 }, "geometry": { "type": "Point", "coordinates": [ -47.059564, -22.9056391 ] } },
{ "type": "Feature", "properties": { "NR_ZONA": "275", "NR_SECAO": "226", "NR_LOCAL_VOTACAO": "1929", "NM_UE": "CAMPINAS", "endereco_geocode": "Campinas, SP, Brasil", "lat": -22.9056391, "lng": -47.059564 }, "geometry": { "type": "Point", "coordinates": [ -47.059564, -22.9056391 ] } },
{ "type": "Feature", "properties": { "NR_ZONA": "378", "NR_SECAO": "421", "NR_LOCAL_VOTACAO": "1511", "NM_UE": "CAMPINAS", "endereco_geocode": "Campinas, SP, Brasil", "lat": -22.9056391, "lng": -47.059564 }, "geometry": { "type": "Point", "coordinates": [ -47.059564, -22.9056391 ] } },
{ "type": "Feature", "properties": { "NR_ZONA": "378", "NR_SECAO": "306", "NR_LOCAL_VOTACAO": "1252", "NM_UE": "CAMPINAS", "endereco_geocode": "Campinas, SP, Brasil", "lat": -22.9056391, "lng": -47.059564 }, "geometry": { "type": "Point", "coordinates": [ -47.059564, -22.9056391 ] } },
{ "type": "Feature", "properties": { "NR_ZONA": "379", "NR_SECAO": "290", "NR_LOCAL_VOTACAO": "1333", "NM_UE": "CAMPINAS", "endereco_geocode": "Campinas, SP, Brasil", "lat": -22.9056391, "lng": -47.059564 }, "geometry": { "type": "Point", "coordinates": [ -47.059564, -22.9056391 ] } },
{ "type": "Feature", "properties": { "NR_ZONA": "379", "NR_SECAO": "219", "NR_LOCAL_VOTACAO": "1228", "NM_UE": "CAMPINAS", "endereco_geocode": "Campinas, SP, Brasil", "lat": -22.9056391, "lng": -47.059564 }, "geometry": { "type": "Point", "coordinates": [ -47.059564, -22.9056391 ] } },
{ "type": "Feature", "properties": { "NR_ZONA": "379", "NR_SECAO": "272", "NR_LOCAL_VOTACAO": "1198", "NM_UE": "CAMPINAS", "endereco_geocode": "Campinas, SP, Brasil", "lat": -22.9056391, "lng": -47.059564 }, "geometry": { "type": "Point", "coordinates": [ -47.059564, -22.9056391 ] } },
{ "type": "Feature", "properties": { "NR_ZONA": "423", "NR_SECAO": "139", "NR_LOCAL_VOTACAO": "1139", "NM_UE": "CAMPINAS", "endereco_geocode": "Campinas, SP, Brasil", "lat": -22.9056391, "lng": -47.059564 }, "geometry": { "type": "Point", "coordinates": [ -47.059564, -22.9056391 ] } },
{ "type": "Feature", "properties": { "NR_ZONA": "379", "NR_SECAO": "263", "NR_LOCAL_VOTACAO": "1201", "NM_UE": "CAMPINAS", "endereco_geocode": "Campinas, SP, Brasil", "lat": -22.9056391, "lng": -47.059564 }, "geometry": { "type": "Point", "coordinates": [ -47.059564, -22.9056391 ] } },
{ "type": "Feature", "properties": { "NR_ZONA": "423", "NR_SECAO": "110", "NR_LOCAL_VOTACAO": "1112", "NM_UE": "CAMPINAS", "endereco_geocode": "Campinas, SP, Brasil", "lat": -22.9056391, "lng": -47.059564 }, "geometry": { "type": "Point", "coordinates": [ -47.059564, -22.9056391 ] } },
{ "type": "Feature", "properties": { "NR_ZONA": "378", "NR_SECAO": "343", "NR_LOCAL_VOTACAO": "1457", "NM_UE": "CAMPINAS", "endereco_geocode": "Campinas, SP, Brasil", "lat": -22.9056391, "lng": -47.059564 }, "geometry": { "type": "Point", "coordinates": [ -47.059564, -22.9056391 ] } },
{ "type": "Feature", "properties": { "NR_ZONA": "378", "NR_SECAO": "220", "NR_LOCAL_VOTACAO": "1252", "NM_UE": "CAMPINAS", "endereco_geocode": "Campinas, SP, Brasil", "lat": -22.9056391, "lng": -47.059564 }, "geometry": { "type": "Point", "coordinates": [ -47.059564, -22.9056391 ] } },
{ "type": "Feature", "properties": { "NR_ZONA": "378", "NR_SECAO": "52", "NR_LOCAL_VOTACAO": "1040", "NM_UE": "CAMPINAS", "endereco_geocode": "Campinas, SP, Brasil", "lat": -22.9056391, "lng": -47.059564 }, "geometry": { "type": "Point", "coordinates": [ -47.059564, -22.9056391 ] } },
{ "type": "Feature", "properties": { "NR_ZONA": "378", "NR_SECAO": "443", "NR_LOCAL_VOTACAO": "1414", "NM_UE": "CAMPINAS", "endereco_geocode": "Campinas, SP, Brasil", "lat": -22.9056391, "lng": -47.059564 }, "geometry": { "type": "Point", "coordinates": [ -47.059564, -22.9056391 ] } },
{ "type": "Feature", "properties": { "NR_ZONA": "378", "NR_SECAO": "568", "NR_LOCAL_VOTACAO": "1376", "NM_UE": "CAMPINAS", "endereco_geocode": "Campinas, SP, Brasil", "lat": -22.9056391, "lng": -47.059564 }, "geometry": { "type": "Point", "coordinates": [ -47.059564, -22.9056391 ] } },
{ "type": "Feature", "properties": { "NR_ZONA": "380", "NR_SECAO": "229", "NR_LOCAL_VOTACAO": "1430", "NM_UE": "CAMPINAS", "endereco_geocode": "Campinas, SP, Brasil", "lat": -22.9056391, "lng": -47.059564 }, "geometry": { "type": "Point", "coordinates": [ -47.059564, -22.9056391 ] } },
{ "type": "Feature", "properties": { "NR_ZONA": "380", "NR_SECAO": "5", "NR_LOCAL_VOTACAO": "1074", "NM_UE": "CAMPINAS", "endereco_geocode": "Campinas, SP, Brasil", "lat": -22.9056391, "lng": -47.059564 }, "geometry": { "type": "Point", "coordinates": [ -47.059564, -22.9056391 ] } },
{ "type": "Feature", "properties": { "NR_ZONA": "380", "NR_SECAO": "111", "NR_LOCAL_VOTACAO": "1295", "NM_UE": "CAMPINAS", "endereco_geocode": "Campinas, SP, Brasil", "lat": -22.9056391, "lng": -47.059564 }, "geometry": { "type": "Point", "coordinates": [ -47.059564, -22.9056391 ] } },
{ "type": "Feature", "properties": { "NR_ZONA": "275", "NR_SECAO": "196", "NR_LOCAL_VOTACAO": "1309", "NM_UE": "CAMPINAS", "endereco_geocode": "Campinas, SP, Brasil", "lat": -22.9056391, "lng": -47.059564 }, "geometry": { "type": "Point", "coordinates": [ -47.059564, -22.9056391 ] } },
{ "type": "Feature", "properties": { "NR_ZONA": "378", "NR_SECAO": "186", "NR_LOCAL_VOTACAO": "1201", "NM_UE": "CAMPINAS", "endereco_geocode": "Campinas, SP, Brasil", "lat": -22.9056391, "lng": -47.059564 }, "geometry": { "type": "Point", "coordinates": [ -47.059564, -22.9056391 ] } },
{ "type": "Feature", "properties": { "NR_ZONA": "33", "NR_SECAO": "70", "NR_LOCAL_VOTACAO": "2151", "NM_UE": "CAMPINAS", "endereco_geocode": "Campinas, SP, Brasil", "lat": -22.9056391, "lng": -47.059564 }, "geometry": { "type": "Point", "coordinates": [ -47.059564, -22.9056391 ] } },
{ "type": "Feature", "properties": { "NR_ZONA": "379", "NR_SECAO": "49", "NR_LOCAL_VOTACAO": "1058", "NM_UE": "CAMPINAS", "endereco_geocode": "Campinas, SP, Brasil", "lat": -22.9056391, "lng": -47.059564 }, "geometry": { "type": "Point", "coordinates": [ -47.059564, -22.9056391 ] } },
{ "type": "Feature", "properties": { "NR_ZONA": "274", "NR_SECAO": "125", "NR_LOCAL_VOTACAO": "1155", "NM_UE": "CAMPINAS", "endereco_geocode": "Campinas, SP, Brasil", "lat": -22.9056391, "lng": -47.059564 }, "geometry": { "type": "Point", "coordinates": [ -47.059564, -22.9056391 ] } },
{ "type": "Feature", "properties": { "NR_ZONA": "274", "NR_SECAO": "638", "NR_LOCAL_VOTACAO": "1864", "NM_UE": "CAMPINAS", "endereco_geocode": "Campinas, SP, Brasil", "lat": -22.9056391, "lng": -47.059564 }, "geometry": { "type": "Point", "coordinates": [ -47.059564, -22.9056391 ] } },
{ "type": "Feature", "properties": { "NR_ZONA": "274", "NR_SECAO": "705", "NR_LOCAL_VOTACAO": "1970", "NM_UE": "CAMPINAS", "endereco_geocode": "Campinas, SP, Brasil", "lat": -22.9056391, "lng": -47.059564 }, "geometry": { "type": "Point", "coordinates": [ -47.059564, -22.9056391 ] } },
{ "type": "Feature", "properties": { "NR_ZONA": "380", "NR_SECAO": "152", "NR_LOCAL_VOTACAO": "1171", "NM_UE": "CAMPINAS", "endereco_geocode": "Campinas, SP, Brasil", "lat": -22.9056391, "lng": -47.059564 }, "geometry": { "type": "Point", "coordinates": [ -47.059564, -22.9056391 ] } },
{ "type": "Feature", "properties": { "NR_ZONA": "423", "NR_SECAO": "230", "NR_LOCAL_VOTACAO": "1236", "NM_UE": "CAMPINAS", "endereco_geocode": "Campinas, SP, Brasil", "lat": -22.9056391, "lng": -47.059564 }, "geometry": { "type": "Point", "coordinates": [ -47.059564, -22.9056391 ] } },
{ "type": "Feature", "properties": { "NR_ZONA": "33", "NR_SECAO": "522", "NR_LOCAL_VOTACAO": "2356", "NM_UE": "CAMPINAS", "endereco_geocode": "Campinas, SP, Brasil", "lat": -22.9056391, "lng": -47.059564 }, "geometry": { "type": "Point", "coordinates": [ -47.059564, -22.9056391 ] } },
{ "type": "Feature", "properties": { "NR_ZONA": "380", "NR_SECAO": "309", "NR_LOCAL_VOTACAO": "1163", "NM_UE": "CAMPINAS", "endereco_geocode": "Campinas, SP, Brasil", "lat": -22.9056391, "lng": -47.059564 }, "geometry": { "type": "Point", "coordinates": [ -47.059564, -22.9056391 ] } },
{ "type": "Feature", "properties": { "NR_ZONA": "378", "NR_SECAO": "379", "NR_LOCAL_VOTACAO": "1511", "NM_UE": "CAMPINAS", "endereco_geocode": "Campinas, SP, Brasil", "lat": -22.9056391, "lng": -47.059564 }, "geometry": { "type": "Point", "coordinates": [ -47.059564, -22.9056391 ] } },
{ "type": "Feature", "properties": { "NR_ZONA": "378", "NR_SECAO": "211", "NR_LOCAL_VOTACAO": "1406", "NM_UE": "CAMPINAS", "endereco_geocode": "Campinas, SP, Brasil", "lat": -22.9056391, "lng": -47.059564 }, "geometry": { "type": "Point", "coordinates": [ -47.059564, -22.9056391 ] } },
{ "type": "Feature", "properties": { "NR_ZONA": "274", "NR_SECAO": "371", "NR_LOCAL_VOTACAO": "1481", "NM_UE": "CAMPINAS", "endereco_geocode": "Campinas, SP, Brasil", "lat": -22.9056391, "lng": -47.059564 }, "geometry": { "type": "Point", "coordinates": [ -47.059564, -22.9056391 ] } },
{ "type": "Feature", "properties": { "NR_ZONA": "275", "NR_SECAO": "235", "NR_LOCAL_VOTACAO": "1350", "NM_UE": "CAMPINAS", "endereco_geocode": "Campinas, SP, Brasil", "lat": -22.9056391, "lng": -47.059564 }, "geometry": { "type": "Point", "coordinates": [ -47.059564, -22.9056391 ] } },
{ "type": "Feature", "properties": { "NR_ZONA": "274", "NR_SECAO": "83", "NR_LOCAL_VOTACAO": "1090", "NM_UE": "CAMPINAS", "endereco_geocode": "Campinas, SP, Brasil", "lat": -22.9056391, "lng": -47.059564 }, "geometry": { "type": "Point", "coordinates": [ -47.059564, -22.9056391 ] } },
{ "type": "Feature", "properties": { "NR_ZONA": "275", "NR_SECAO": "594", "NR_LOCAL_VOTACAO": "1198", "NM_UE": "CAMPINAS", "endereco_geocode": "Campinas, SP, Brasil", "lat": -22.9056391, "lng": -47.059564 }, "geometry": { "type": "Point", "coordinates": [ -47.059564, -22.9056391 ] } },
{ "type": "Feature", "properties": { "NR_ZONA": "275", "NR_SECAO": "377", "NR_LOCAL_VOTACAO": "1449", "NM_UE": "CAMPINAS", "endereco_geocode": "Campinas, SP, Brasil", "lat": -22.9056391, "lng": -47.059564 }, "geometry": { "type": "Point", "coordinates": [ -47.059564, -22.9056391 ] } },
{ "type": "Feature", "properties": { "NR_ZONA": "274", "NR_SECAO": "386", "NR_LOCAL_VOTACAO": "1481", "NM_UE": "CAMPINAS", "endereco_geocode": "Campinas, SP, Brasil", "lat": -22.9056391, "lng": -47.059564 }, "geometry": { "type": "Point", "coordinates": [ -47.059564, -22.9056391 ] } },
{ "type": "Feature", "properties": { "NR_ZONA": "423", "NR_SECAO": "45", "NR_LOCAL_VOTACAO": "1058", "NM_UE": "CAMPINAS", "endereco_geocode": "Campinas, SP, Brasil", "lat": -22.9056391, "lng": -47.059564 }, "geometry": { "type": "Point", "coordinates": [ -47.059564, -22.9056391 ] } },
{ "type": "Feature", "properties": { "NR_ZONA": "423", "NR_SECAO": "121", "NR_LOCAL_VOTACAO": "1112", "NM_UE": "CAMPINAS", "endereco_geocode": "Campinas, SP, Brasil", "lat": -22.9056391, "lng": -47.059564 }, "geometry": { "type": "Point", "coordinates": [ -47.059564, -22.9056391 ] } },
{ "type": "Feature", "properties": { "NR_ZONA": "423", "NR_SECAO": "104", "NR_LOCAL_VOTACAO": "1104", "NM_UE": "CAMPINAS", "endereco_geocode": "Campinas, SP, Brasil", "lat": -22.9056391, "lng": -47.059564 }, "geometry": { "type": "Point", "coordinates": [ -47.059564, -22.9056391 ] } },
{ "type": "Feature", "properties": { "NR_ZONA": "274", "NR_SECAO": "576", "NR_LOCAL_VOTACAO": "1686", "NM_UE": "CAMPINAS", "endereco_geocode": "Campinas, SP, Brasil", "lat": -22.9056391, "lng": -47.059564 }, "geometry": { "type": "Point", "coordinates": [ -47.059564, -22.9056391 ] } },
{ "type": "Feature", "properties": { "NR_ZONA": "33", "NR_SECAO": "343", "NR_LOCAL_VOTACAO": "1201", "NM_UE": "CAMPINAS", "endereco_geocode": "Campinas, SP, Brasil", "lat": -22.9056391, "lng": -47.059564 }, "geometry": { "type": "Point", "coordinates": [ -47.059564, -22.9056391 ] } },
{ "type": "Feature", "properties": { "NR_ZONA": "274", "NR_SECAO": "370", "NR_LOCAL_VOTACAO": "1481", "NM_UE": "CAMPINAS", "endereco_geocode": "Campinas, SP, Brasil", "lat": -22.9056391, "lng": -47.059564 }, "geometry": { "type": "Point", "coordinates": [ -47.059564, -22.9056391 ] } },
{ "type": "Feature", "properties": { "NR_ZONA": "275", "NR_SECAO": "230", "NR_LOCAL_VOTACAO": "1350", "NM_UE": "CAMPINAS", "endereco_geocode": "Campinas, SP, Brasil", "lat": -22.9056391, "lng": -47.059564 }, "geometry": { "type": "Point", "coordinates": [ -47.059564, -22.9056391 ] } },
{ "type": "Feature", "properties": { "NR_ZONA": "378", "NR_SECAO": "238", "NR_LOCAL_VOTACAO": "1295", "NM_UE": "CAMPINAS", "endereco_geocode": "Campinas, SP, Brasil", "lat": -22.9056391, "lng": -47.059564 }, "geometry": { "type": "Point", "coordinates": [ -47.059564, -22.9056391 ] } },
{ "type": "Feature", "properties": { "NR_ZONA": "378", "NR_SECAO": "426", "NR_LOCAL_VOTACAO": "1260", "NM_UE": "CAMPINAS", "endereco_geocode": "Campinas, SP, Brasil", "lat": -22.9056391, "lng": -47.059564 }, "geometry": { "type": "Point", "coordinates": [ -47.059564, -22.9056391 ] } },
{ "type": "Feature", "properties": { "NR_ZONA": "33", "NR_SECAO": "571", "NR_LOCAL_VOTACAO": "2402", "NM_UE": "CAMPINAS", "endereco_geocode": "Campinas, SP, Brasil", "lat": -22.9056391, "lng": -47.059564 }, "geometry": { "type": "Point", "coordinates": [ -47.059564, -22.9056391 ] } },
{ "type": "Feature", "properties": { "NR_ZONA": "379", "NR_SECAO": "8", "NR_LOCAL_VOTACAO": "1015", "NM_UE": "CAMPINAS", "endereco_geocode": "Campinas, SP, Brasil", "lat": -22.9056391, "lng": -47.059564 }, "geometry": { "type": "Point", "coordinates": [ -47.059564, -22.9056391 ] } },
{ "type": "Feature", "properties": { "NR_ZONA": "423", "NR_SECAO": "286", "NR_LOCAL_VOTACAO": "1368", "NM_UE": "CAMPINAS", "endereco_geocode": "Campinas, SP, Brasil", "lat": -22.9056391, "lng": -47.059564 }, "geometry": { "type": "Point", "coordinates": [ -47.059564, -22.9056391 ] } },
{ "type": "Feature", "properties": { "NR_ZONA": "274", "NR_SECAO": "405", "NR_LOCAL_VOTACAO": "1201", "NM_UE": "CAMPINAS", "endereco_geocode": "Campinas, SP, Brasil", "lat": -22.9056391, "lng": -47.059564 }, "geometry": { "type": "Point", "coordinates": [ -47.059564, -22.9056391 ] } },
{ "type": "Feature", "properties": { "NR_ZONA": "380", "NR_SECAO": "88", "NR_LOCAL_VOTACAO": "1198", "NM_UE": "CAMPINAS", "endereco_geocode": "Campinas, SP, Brasil", "lat": -22.9056391, "lng": -47.059564 }, "geometry": { "type": "Point", "coordinates": [ -47.059564, -22.9056391 ] } },
{ "type": "Feature", "properties": { "NR_ZONA": "33", "NR_SECAO": "368", "NR_LOCAL_VOTACAO": "1201", "NM_UE": "CAMPINAS", "endereco_geocode": "Campinas, SP, Brasil", "lat": -22.9056391, "lng": -47.059564 }, "geometry": { "type": "Point", "coordinates": [ -47.059564, -22.9056391 ] } },
{ "type": "Feature", "properties": { "NR_ZONA": "378", "NR_SECAO": "177", "NR_LOCAL_VOTACAO": "1180", "NM_UE": "CAMPINAS", "endereco_geocode": "Campinas, SP, Brasil", "lat": -22.9056391, "lng": -47.059564 }, "geometry": { "type": "Point", "coordinates": [ -47.059564, -22.9056391 ] } },
{ "type": "Feature", "properties": { "NR_ZONA": "380", "NR_SECAO": "130", "NR_LOCAL_VOTACAO": "1325", "NM_UE": "CAMPINAS", "endereco_geocode": "Campinas, SP, Brasil", "lat": -22.9056391, "lng": -47.059564 }, "geometry": { "type": "Point", "coordinates": [ -47.059564, -22.9056391 ] } },
{ "type": "Feature", "properties": { "NR_ZONA": "378", "NR_SECAO": "178", "NR_LOCAL_VOTACAO": "1198", "NM_UE": "CAMPINAS", "endereco_geocode": "Campinas, SP, Brasil", "lat": -22.9056391, "lng": -47.059564 }, "geometry": { "type": "Point", "coordinates": [ -47.059564, -22.9056391 ] } },
{ "type": "Feature", "properties": { "NR_ZONA": "378", "NR_SECAO": "255", "NR_LOCAL_VOTACAO": "1252", "NM_UE": "CAMPINAS", "endereco_geocode": "Campinas, SP, Brasil", "lat": -22.9056391, "lng": -47.059564 }, "geometry": { "type": "Point", "coordinates": [ -47.059564, -22.9056391 ] } },
{ "type": "Feature", "properties": { "NR_ZONA": "380", "NR_SECAO": "35", "NR_LOCAL_VOTACAO": "1139", "NM_UE": "CAMPINAS", "endereco_geocode": "Campinas, SP, Brasil", "lat": -22.9056391, "lng": -47.059564 }, "geometry": { "type": "Point", "coordinates": [ -47.059564, -22.9056391 ] } },
{ "type": "Feature", "properties": { "NR_ZONA": "275", "NR_SECAO": "29", "NR_LOCAL_VOTACAO": "1058", "NM_UE": "CAMPINAS", "endereco_geocode": "Campinas, SP, Brasil", "lat": -22.9056391, "lng": -47.059564 }, "geometry": { "type": "Point", "coordinates": [ -47.059564, -22.9056391 ] } },
{ "type": "Feature", "properties": { "NR_ZONA": "380", "NR_SECAO": "250", "NR_LOCAL_VOTACAO": "1333", "NM_UE": "CAMPINAS", "endereco_geocode": "Campinas, SP, Brasil", "lat": -22.9056391, "lng": -47.059564 }, "geometry": { "type": "Point", "coordinates": [ -47.059564, -22.9056391 ] } },
{ "type": "Feature", "properties": { "NR_ZONA": "423", "NR_SECAO": "276", "NR_LOCAL_VOTACAO": "1341", "NM_UE": "CAMPINAS", "endereco_geocode": "Campinas, SP, Brasil", "lat": -22.9056391, "lng": -47.059564 }, "geometry": { "type": "Point", "coordinates": [ -47.059564, -22.9056391 ] } },
{ "type": "Feature", "properties": { "NR_ZONA": "380", "NR_SECAO": "107", "NR_LOCAL_VOTACAO": "1287", "NM_UE": "CAMPINAS", "endereco_geocode": "Campinas, SP, Brasil", "lat": -22.9056391, "lng": -47.059564 }, "geometry": { "type": "Point", "coordinates": [ -47.059564, -22.9056391 ] } },
{ "type": "Feature", "properties": { "NR_ZONA": "380", "NR_SECAO": "304", "NR_LOCAL_VOTACAO": "1287", "NM_UE": "CAMPINAS", "endereco_geocode": "Campinas, SP, Brasil", "lat": -22.9056391, "lng": -47.059564 }, "geometry": { "type": "Point", "coordinates": [ -47.059564, -22.9056391 ] } },
{ "type": "Feature", "properties": { "NR_ZONA": "380", "NR_SECAO": "241", "NR_LOCAL_VOTACAO": "1287", "NM_UE": "CAMPINAS", "endereco_geocode": "Campinas, SP, Brasil", "lat": -22.9056391, "lng": -47.059564 }, "geometry": { "type": "Point", "coordinates": [ -47.059564, -22.9056391 ] } },
{ "type": "Feature", "properties": { "NR_ZONA": "274", "NR_SECAO": "594", "NR_LOCAL_VOTACAO": "1724", "NM_UE": "CAMPINAS", "endereco_geocode": "Campinas, SP, Brasil", "lat": -22.9056391, "lng": -47.059564 }, "geometry": { "type": "Point", "coordinates": [ -47.059564, -22.9056391 ] } },
{ "type": "Feature", "properties": { "NR_ZONA": "33", "NR_SECAO": "373", "NR_LOCAL_VOTACAO": "2135", "NM_UE": "CAMPINAS", "endereco_geocode": "Campinas, SP, Brasil", "lat": -22.9056391, "lng": -47.059564 }, "geometry": { "type": "Point", "coordinates": [ -47.059564, -22.9056391 ] } },
{ "type": "Feature", "properties": { "NR_ZONA": "33", "NR_SECAO": "60", "NR_LOCAL_VOTACAO": "1090", "NM_UE": "CAMPINAS", "endereco_geocode": "Campinas, SP, Brasil", "lat": -22.9056391, "lng": -47.059564 }, "geometry": { "type": "Point", "coordinates": [ -47.059564, -22.9056391 ] } },
{ "type": "Feature", "properties": { "NR_ZONA": "33", "NR_SECAO": "316", "NR_LOCAL_VOTACAO": "2151", "NM_UE": "CAMPINAS", "endereco_geocode": "Campinas, SP, Brasil", "lat": -22.9056391, "lng": -47.059564 }, "geometry": { "type": "Point", "coordinates": [ -47.059564, -22.9056391 ] } },
{ "type": "Feature", "properties": { "NR_ZONA": "33", "NR_SECAO": "227", "NR_LOCAL_VOTACAO": "1180", "NM_UE": "CAMPINAS", "endereco_geocode": "Campinas, SP, Brasil", "lat": -22.9056391, "lng": -47.059564 }, "geometry": { "type": "Point", "coordinates": [ -47.059564, -22.9056391 ] } },
{ "type": "Feature", "properties": { "NR_ZONA": "33", "NR_SECAO": "470", "NR_LOCAL_VOTACAO": "2305", "NM_UE": "CAMPINAS", "endereco_geocode": "Campinas, SP, Brasil", "lat": -22.9056391, "lng": -47.059564 }, "geometry": { "type": "Point", "coordinates": [ -47.059564, -22.9056391 ] } },
{ "type": "Feature", "properties": { "NR_ZONA": "33", "NR_SECAO": "496", "NR_LOCAL_VOTACAO": "2330", "NM_UE": "CAMPINAS", "endereco_geocode": "Campinas, SP, Brasil", "lat": -22.9056391, "lng": -47.059564 }, "geometry": { "type": "Point", "coordinates": [ -47.059564, -22.9056391 ] } },
{ "type": "Feature", "properties": { "NR_ZONA": "33", "NR_SECAO": "441", "NR_LOCAL_VOTACAO": "2283", "NM_UE": "CAMPINAS", "endereco_geocode": "Campinas, SP, Brasil", "lat": -22.9056391, "lng": -47.059564 }, "geometry": { "type": "Point", "coordinates": [ -47.059564, -22.9056391 ] } },
{ "type": "Feature", "properties": { "NR_ZONA": "33", "NR_SECAO": "506", "NR_LOCAL_VOTACAO": "2330", "NM_UE": "CAMPINAS", "endereco_geocode": "Campinas, SP, Brasil", "lat": -22.9056391, "lng": -47.059564 }, "geometry": { "type": "Point", "coordinates": [ -47.059564, -22.9056391 ] } },
{ "type": "Feature", "properties": { "NR_ZONA": "275", "NR_SECAO": "569", "NR_LOCAL_VOTACAO": "1929", "NM_UE": "CAMPINAS", "endereco_geocode": "Campinas, SP, Brasil", "lat": -22.9056391, "lng": -47.059564 }, "geometry": { "type": "Point", "coordinates": [ -47.059564, -22.9056391 ] } },
{ "type": "Feature", "properties": { "NR_ZONA": "380", "NR_SECAO": "83", "NR_LOCAL_VOTACAO": "1198", "NM_UE": "CAMPINAS", "endereco_geocode": "Campinas, SP, Brasil", "lat": -22.9056391, "lng": -47.059564 }, "geometry": { "type": "Point", "coordinates": [ -47.059564, -22.9056391 ] } },
{ "type": "Feature", "properties": { "NR_ZONA": "380", "NR_SECAO": "331", "NR_LOCAL_VOTACAO": "1244", "NM_UE": "CAMPINAS", "endereco_geocode": "Campinas, SP, Brasil", "lat": -22.9056391, "lng": -47.059564 }, "geometry": { "type": "Point", "coordinates": [ -47.059564, -22.9056391 ] } },
{ "type": "Feature", "properties": { "NR_ZONA": "380", "NR_SECAO": "24", "NR_LOCAL_VOTACAO": "1120", "NM_UE": "CAMPINAS", "endereco_geocode": "Campinas, SP, Brasil", "lat": -22.9056391, "lng": -47.059564 }, "geometry": { "type": "Point", "coordinates": [ -47.059564, -22.9056391 ] } },
{ "type": "Feature", "properties": { "NR_ZONA": "274", "NR_SECAO": "682", "NR_LOCAL_VOTACAO": "1961", "NM_UE": "CAMPINAS", "endereco_geocode": "Campinas, SP, Brasil", "lat": -22.9056391, "lng": -47.059564 }, "geometry": { "type": "Point", "coordinates": [ -47.059564, -22.9056391 ] } },
{ "type": "Feature", "properties": { "NR_ZONA": "379", "NR_SECAO": "427", "NR_LOCAL_VOTACAO": "1414", "NM_UE": "CAMPINAS", "endereco_geocode": "Campinas, SP, Brasil", "lat": -22.9056391, "lng": -47.059564 }, "geometry": { "type": "Point", "coordinates": [ -47.059564, -22.9056391 ] } },
{ "type": "Feature", "properties": { "NR_ZONA": "275", "NR_SECAO": "431", "NR_LOCAL_VOTACAO": "1929", "NM_UE": "CAMPINAS", "endereco_geocode": "Campinas, SP, Brasil", "lat": -22.9056391, "lng": -47.059564 }, "geometry": { "type": "Point", "coordinates": [ -47.059564, -22.9056391 ] } },
{ "type": "Feature", "properties": { "NR_ZONA": "275", "NR_SECAO": "397", "NR_LOCAL_VOTACAO": "1180", "NM_UE": "CAMPINAS", "endereco_geocode": "Campinas, SP, Brasil", "lat": -22.9056391, "lng": -47.059564 }, "geometry": { "type": "Point", "coordinates": [ -47.059564, -22.9056391 ] } },
{ "type": "Feature", "properties": { "NR_ZONA": "275", "NR_SECAO": "336", "NR_LOCAL_VOTACAO": "1180", "NM_UE": "CAMPINAS", "endereco_geocode": "Campinas, SP, Brasil", "lat": -22.9056391, "lng": -47.059564 }, "geometry": { "type": "Point", "coordinates": [ -47.059564, -22.9056391 ] } },
{ "type": "Feature", "properties": { "NR_ZONA": "275", "NR_SECAO": "461", "NR_LOCAL_VOTACAO": "1180", "NM_UE": "CAMPINAS", "endereco_geocode": "Campinas, SP, Brasil", "lat": -22.9056391, "lng": -47.059564 }, "geometry": { "type": "Point", "coordinates": [ -47.059564, -22.9056391 ] } },
{ "type": "Feature", "properties": { "NR_ZONA": "423", "NR_SECAO": "240", "NR_LOCAL_VOTACAO": "1180", "NM_UE": "CAMPINAS", "endereco_geocode": "Campinas, SP, Brasil", "lat": -22.9056391, "lng": -47.059564 }, "geometry": { "type": "Point", "coordinates": [ -47.059564, -22.9056391 ] } },
{ "type": "Feature", "properties": { "NR_ZONA": "275", "NR_SECAO": "475", "NR_LOCAL_VOTACAO": "1589", "NM_UE": "CAMPINAS", "endereco_geocode": "Campinas, SP, Brasil", "lat": -22.9056391, "lng": -47.059564 }, "geometry": { "type": "Point", "coordinates": [ -47.059564, -22.9056391 ] } },
{ "type": "Feature", "properties": { "NR_ZONA": "275", "NR_SECAO": "387", "NR_LOCAL_VOTACAO": "1074", "NM_UE": "CAMPINAS", "endereco_geocode": "Campinas, SP, Brasil", "lat": -22.9056391, "lng": -47.059564 }, "geometry": { "type": "Point", "coordinates": [ -47.059564, -22.9056391 ] } },
{ "type": "Feature", "properties": { "NR_ZONA": "380", "NR_SECAO": "140", "NR_LOCAL_VOTACAO": "1333", "NM_UE": "CAMPINAS", "endereco_geocode": "Campinas, SP, Brasil", "lat": -22.9056391, "lng": -47.059564 }, "geometry": { "type": "Point", "coordinates": [ -47.059564, -22.9056391 ] } },
{ "type": "Feature", "properties": { "NR_ZONA": "33", "NR_SECAO": "282", "NR_LOCAL_VOTACAO": "1139", "NM_UE": "CAMPINAS", "endereco_geocode": "Campinas, SP, Brasil", "lat": -22.9056391, "lng": -47.059564 }, "geometry": { "type": "Point", "coordinates": [ -47.059564, -22.9056391 ] } },
{ "type": "Feature", "properties": { "NR_ZONA": "380", "NR_SECAO": "209", "NR_LOCAL_VOTACAO": "1414", "NM_UE": "CAMPINAS", "endereco_geocode": "Campinas, SP, Brasil", "lat": -22.9056391, "lng": -47.059564 }, "geometry": { "type": "Point", "coordinates": [ -47.059564, -22.9056391 ] } },
{ "type": "Feature", "properties": { "NR_ZONA": "423", "NR_SECAO": "220", "NR_LOCAL_VOTACAO": "1210", "NM_UE": "CAMPINAS", "endereco_geocode": "Campinas, SP, Brasil", "lat": -22.9056391, "lng": -47.059564 }, "geometry": { "type": "Point", "coordinates": [ -47.059564, -22.9056391 ] } },
{ "type": "Feature", "properties": { "NR_ZONA": "275", "NR_SECAO": "525", "NR_LOCAL_VOTACAO": "1104", "NM_UE": "CAMPINAS", "endereco_geocode": "Campinas, SP, Brasil", "lat": -22.9056391, "lng": -47.059564 }, "geometry": { "type": "Point", "coordinates": [ -47.059564, -22.9056391 ] } },
{ "type": "Feature", "properties": { "NR_ZONA": "275", "NR_SECAO": "40", "NR_LOCAL_VOTACAO": "1066", "NM_UE": "CAMPINAS", "endereco_geocode": "Campinas, SP, Brasil", "lat": -22.9056391, "lng": -47.059564 }, "geometry": { "type": "Point", "coordinates": [ -47.059564, -22.9056391 ] } },
{ "type": "Feature", "properties": { "NR_ZONA": "275", "NR_SECAO": "616", "NR_LOCAL_VOTACAO": "1929", "NM_UE": "CAMPINAS", "endereco_geocode": "Campinas, SP, Brasil", "lat": -22.9056391, "lng": -47.059564 }, "geometry": { "type": "Point", "coordinates": [ -47.059564, -22.9056391 ] } },
{ "type": "Feature", "properties": { "NR_ZONA": "275", "NR_SECAO": "579", "NR_LOCAL_VOTACAO": "1198", "NM_UE": "CAMPINAS", "endereco_geocode": "Campinas, SP, Brasil", "lat": -22.9056391, "lng": -47.059564 }, "geometry": { "type": "Point", "coordinates": [ -47.059564, -22.9056391 ] } },
{ "type": "Feature", "properties": { "NR_ZONA": "423", "NR_SECAO": "321", "NR_LOCAL_VOTACAO": "1414", "NM_UE": "CAMPINAS", "endereco_geocode": "Campinas, SP, Brasil", "lat": -22.9056391, "lng": -47.059564 }, "geometry": { "type": "Point", "coordinates": [ -47.059564, -22.9056391 ] } },
{ "type": "Feature", "properties": { "NR_ZONA": "380", "NR_SECAO": "254", "NR_LOCAL_VOTACAO": "1317", "NM_UE": "CAMPINAS", "endereco_geocode": "Campinas, SP, Brasil", "lat": -22.9056391, "lng": -47.059564 }, "geometry": { "type": "Point", "coordinates": [ -47.059564, -22.9056391 ] } },
{ "type": "Feature", "properties": { "NR_ZONA": "275", "NR_SECAO": "578", "NR_LOCAL_VOTACAO": "1104", "NM_UE": "CAMPINAS", "endereco_geocode": "Campinas, SP, Brasil", "lat": -22.9056391, "lng": -47.059564 }, "geometry": { "type": "Point", "coordinates": [ -47.059564, -22.9056391 ] } },
{ "type": "Feature", "properties": { "NR_ZONA": "379", "NR_SECAO": "175", "NR_LOCAL_VOTACAO": "1295", "NM_UE": "CAMPINAS", "endereco_geocode": "Campinas, SP, Brasil", "lat": -22.9056391, "lng": -47.059564 }, "geometry": { "type": "Point", "coordinates": [ -47.059564, -22.9056391 ] } },
{ "type": "Feature", "properties": { "NR_ZONA": "274", "NR_SECAO": "756", "NR_LOCAL_VOTACAO": "2038", "NM_UE": "CAMPINAS", "endereco_geocode": "Campinas, SP, Brasil", "lat": -22.9056391, "lng": -47.059564 }, "geometry": { "type": "Point", "coordinates": [ -47.059564, -22.9056391 ] } },
{ "type": "Feature", "properties": { "NR_ZONA": "380", "NR_SECAO": "59", "NR_LOCAL_VOTACAO": "1163", "NM_UE": "CAMPINAS", "endereco_geocode": "Campinas, SP, Brasil", "lat": -22.9056391, "lng": -47.059564 }, "geometry": { "type": "Point", "coordinates": [ -47.059564, -22.9056391 ] } },
{ "type": "Feature", "properties": { "NR_ZONA": "33", "NR_SECAO": "34", "NR_LOCAL_VOTACAO": "1058", "NM_UE": "CAMPINAS", "endereco_geocode": "Campinas, SP, Brasil", "lat": -22.9056391, "lng": -47.059564 }, "geometry": { "type": "Point", "coordinates": [ -47.059564, -22.9056391 ] } },
{ "type": "Feature", "properties": { "NR_ZONA": "33", "NR_SECAO": "33", "NR_LOCAL_VOTACAO": "1058", "NM_UE": "CAMPINAS", "endereco_geocode": "Campinas, SP, Brasil", "lat": -22.9056391, "lng": -47.059564 }, "geometry": { "type": "Point", "coordinates": [ -47.059564, -22.9056391 ] } },
{ "type": "Feature", "properties": { "NR_ZONA": "33", "NR_SECAO": "40", "NR_LOCAL_VOTACAO": "1066", "NM_UE": "CAMPINAS", "endereco_geocode": "Campinas, SP, Brasil", "lat": -22.9056391, "lng": -47.059564 }, "geometry": { "type": "Point", "coordinates": [ -47.059564, -22.9056391 ] } },
{ "type": "Feature", "properties": { "NR_ZONA": "274", "NR_SECAO": "726", "NR_LOCAL_VOTACAO": "1996", "NM_UE": "CAMPINAS", "endereco_geocode": "Campinas, SP, Brasil", "lat": -22.9056391, "lng": -47.059564 }, "geometry": { "type": "Point", "coordinates": [ -47.059564, -22.9056391 ] } },
{ "type": "Feature", "properties": { "NR_ZONA": "423", "NR_SECAO": "253", "NR_LOCAL_VOTACAO": "1244", "NM_UE": "CAMPINAS", "endereco_geocode": "Campinas, SP, Brasil", "lat": -22.9056391, "lng": -47.059564 }, "geometry": { "type": "Point", "coordinates": [ -47.059564, -22.9056391 ] } },
{ "type": "Feature", "properties": { "NR_ZONA": "275", "NR_SECAO": "503", "NR_LOCAL_VOTACAO": "1554", "NM_UE": "CAMPINAS", "endereco_geocode": "Campinas, SP, Brasil", "lat": -22.9056391, "lng": -47.059564 }, "geometry": { "type": "Point", "coordinates": [ -47.059564, -22.9056391 ] } },
{ "type": "Feature", "properties": { "NR_ZONA": "33", "NR_SECAO": "549", "NR_LOCAL_VOTACAO": "2372", "NM_UE": "CAMPINAS", "endereco_geocode": "Campinas, SP, Brasil", "lat": -22.9056391, "lng": -47.059564 }, "geometry": { "type": "Point", "coordinates": [ -47.059564, -22.9056391 ] } },
{ "type": "Feature", "properties": { "NR_ZONA": "378", "NR_SECAO": "129", "NR_LOCAL_VOTACAO": "1104", "NM_UE": "CAMPINAS", "endereco_geocode": "Campinas, SP, Brasil", "lat": -22.9056391, "lng": -47.059564 }, "geometry": { "type": "Point", "coordinates": [ -47.059564, -22.9056391 ] } },
{ "type": "Feature", "properties": { "NR_ZONA": "378", "NR_SECAO": "153", "NR_LOCAL_VOTACAO": "1112", "NM_UE": "CAMPINAS", "endereco_geocode": "Campinas, SP, Brasil", "lat": -22.9056391, "lng": -47.059564 }, "geometry": { "type": "Point", "coordinates": [ -47.059564, -22.9056391 ] } },
{ "type": "Feature", "properties": { "NR_ZONA": "379", "NR_SECAO": "339", "NR_LOCAL_VOTACAO": "1333", "NM_UE": "CAMPINAS", "endereco_geocode": "Campinas, SP, Brasil", "lat": -22.9056391, "lng": -47.059564 }, "geometry": { "type": "Point", "coordinates": [ -47.059564, -22.9056391 ] } },
{ "type": "Feature", "properties": { "NR_ZONA": "378", "NR_SECAO": "12", "NR_LOCAL_VOTACAO": "1015", "NM_UE": "CAMPINAS", "endereco_geocode": "Campinas, SP, Brasil", "lat": -22.9056391, "lng": -47.059564 }, "geometry": { "type": "Point", "coordinates": [ -47.059564, -22.9056391 ] } },
{ "type": "Feature", "properties": { "NR_ZONA": "379", "NR_SECAO": "221", "NR_LOCAL_VOTACAO": "1198", "NM_UE": "CAMPINAS", "endereco_geocode": "Campinas, SP, Brasil", "lat": -22.9056391, "lng": -47.059564 }, "geometry": { "type": "Point", "coordinates": [ -47.059564, -22.9056391 ] } },
{ "type": "Feature", "properties": { "NR_ZONA": "275", "NR_SECAO": "562", "NR_LOCAL_VOTACAO": "1104", "NM_UE": "CAMPINAS", "endereco_geocode": "Campinas, SP, Brasil", "lat": -22.9056391, "lng": -47.059564 }, "geometry": { "type": "Point", "coordinates": [ -47.059564, -22.9056391 ] } },
{ "type": "Feature", "properties": { "NR_ZONA": "378", "NR_SECAO": "497", "NR_LOCAL_VOTACAO": "1287", "NM_UE": "CAMPINAS", "endereco_geocode": "Campinas, SP, Brasil", "lat": -22.9056391, "lng": -47.059564 }, "geometry": { "type": "Point", "coordinates": [ -47.059564, -22.9056391 ] } },
{ "type": "Feature", "properties": { "NR_ZONA": "378", "NR_SECAO": "271", "NR_LOCAL_VOTACAO": "1414", "NM_UE": "CAMPINAS", "endereco_geocode": "Campinas, SP, Brasil", "lat": -22.9056391, "lng": -47.059564 }, "geometry": { "type": "Point", "coordinates": [ -47.059564, -22.9056391 ] } },
{ "type": "Feature", "properties": { "NR_ZONA": "378", "NR_SECAO": "97", "NR_LOCAL_VOTACAO": "1074", "NM_UE": "CAMPINAS", "endereco_geocode": "Campinas, SP, Brasil", "lat": -22.9056391, "lng": -47.059564 }, "geometry": { "type": "Point", "coordinates": [ -47.059564, -22.9056391 ] } },
{ "type": "Feature", "properties": { "NR_ZONA": "378", "NR_SECAO": "331", "NR_LOCAL_VOTACAO": "1287", "NM_UE": "CAMPINAS", "endereco_geocode": "Campinas, SP, Brasil", "lat": -22.9056391, "lng": -47.059564 }, "geometry": { "type": "Point", "coordinates": [ -47.059564, -22.9056391 ] } },
{ "type": "Feature", "properties": { "NR_ZONA": "423", "NR_SECAO": "159", "NR_LOCAL_VOTACAO": "1155", "NM_UE": "CAMPINAS", "endereco_geocode": "Campinas, SP, Brasil", "lat": -22.9056391, "lng": -47.059564 }, "geometry": { "type": "Point", "coordinates": [ -47.059564, -22.9056391 ] } },
{ "type": "Feature", "properties": { "NR_ZONA": "379", "NR_SECAO": "485", "NR_LOCAL_VOTACAO": "1554", "NM_UE": "CAMPINAS", "endereco_geocode": "Campinas, SP, Brasil", "lat": -22.9056391, "lng": -47.059564 }, "geometry": { "type": "Point", "coordinates": [ -47.059564, -22.9056391 ] } },
{ "type": "Feature", "properties": { "NR_ZONA": "379", "NR_SECAO": "36", "NR_LOCAL_VOTACAO": "1040", "NM_UE": "CAMPINAS", "endereco_geocode": "Campinas, SP, Brasil", "lat": -22.9056391, "lng": -47.059564 }, "geometry": { "type": "Point", "coordinates": [ -47.059564, -22.9056391 ] } },
{ "type": "Feature", "properties": { "NR_ZONA": "274", "NR_SECAO": "267", "NR_LOCAL_VOTACAO": "1309", "NM_UE": "CAMPINAS", "endereco_geocode": "Campinas, SP, Brasil", "lat": -22.9056391, "lng": -47.059564 }, "geometry": { "type": "Point", "coordinates": [ -47.059564, -22.9056391 ] } },
{ "type": "Feature", "properties": { "NR_ZONA": "33", "NR_SECAO": "399", "NR_LOCAL_VOTACAO": "2135", "NM_UE": "CAMPINAS", "endereco_geocode": "Campinas, SP, Brasil", "lat": -22.9056391, "lng": -47.059564 }, "geometry": { "type": "Point", "coordinates": [ -47.059564, -22.9056391 ] } },
{ "type": "Feature", "properties": { "NR_ZONA": "423", "NR_SECAO": "296", "NR_LOCAL_VOTACAO": "1376", "NM_UE": "CAMPINAS", "endereco_geocode": "Campinas, SP, Brasil", "lat": -22.9056391, "lng": -47.059564 }, "geometry": { "type": "Point", "coordinates": [ -47.059564, -22.9056391 ] } },
{ "type": "Feature", "properties": { "NR_ZONA": "33", "NR_SECAO": "509", "NR_LOCAL_VOTACAO": "2348", "NM_UE": "CAMPINAS", "endereco_geocode": "Campinas, SP, Brasil", "lat": -22.9056391, "lng": -47.059564 }, "geometry": { "type": "Point", "coordinates": [ -47.059564, -22.9056391 ] } },
{ "type": "Feature", "properties": { "NR_ZONA": "380", "NR_SECAO": "216", "NR_LOCAL_VOTACAO": "1422", "NM_UE": "CAMPINAS", "endereco_geocode": "Campinas, SP, Brasil", "lat": -22.9056391, "lng": -47.059564 }, "geometry": { "type": "Point", "coordinates": [ -47.059564, -22.9056391 ] } },
{ "type": "Feature", "properties": { "NR_ZONA": "33", "NR_SECAO": "450", "NR_LOCAL_VOTACAO": "2283", "NM_UE": "CAMPINAS", "endereco_geocode": "Campinas, SP, Brasil", "lat": -22.9056391, "lng": -47.059564 }, "geometry": { "type": "Point", "coordinates": [ -47.059564, -22.9056391 ] } },
{ "type": "Feature", "properties": { "NR_ZONA": "423", "NR_SECAO": "77", "NR_LOCAL_VOTACAO": "1082", "NM_UE": "CAMPINAS", "endereco_geocode": "Campinas, SP, Brasil", "lat": -22.9056391, "lng": -47.059564 }, "geometry": { "type": "Point", "coordinates": [ -47.059564, -22.9056391 ] } },
{ "type": "Feature", "properties": { "NR_ZONA": "33", "NR_SECAO": "459", "NR_LOCAL_VOTACAO": "2291", "NM_UE": "CAMPINAS", "endereco_geocode": "Campinas, SP, Brasil", "lat": -22.9056391, "lng": -47.059564 }, "geometry": { "type": "Point", "coordinates": [ -47.059564, -22.9056391 ] } },
{ "type": "Feature", "properties": { "NR_ZONA": "33", "NR_SECAO": "514", "NR_LOCAL_VOTACAO": "2348", "NM_UE": "CAMPINAS", "endereco_geocode": "Campinas, SP, Brasil", "lat": -22.9056391, "lng": -47.059564 }, "geometry": { "type": "Point", "coordinates": [ -47.059564, -22.9056391 ] } },
{ "type": "Feature", "properties": { "NR_ZONA": "378", "NR_SECAO": "325", "NR_LOCAL_VOTACAO": "1414", "NM_UE": "CAMPINAS", "endereco_geocode": "Campinas, SP, Brasil", "lat": -22.9056391, "lng": -47.059564 }, "geometry": { "type": "Point", "coordinates": [ -47.059564, -22.9056391 ] } },
{ "type": "Feature", "properties": { "NR_ZONA": "274", "NR_SECAO": "586", "NR_LOCAL_VOTACAO": "1481", "NM_UE": "CAMPINAS", "endereco_geocode": "Campinas, SP, Brasil", "lat": -22.9056391, "lng": -47.059564 }, "geometry": { "type": "Point", "coordinates": [ -47.059564, -22.9056391 ] } },
{ "type": "Feature", "properties": { "NR_ZONA": "379", "NR_SECAO": "39", "NR_LOCAL_VOTACAO": "1040", "NM_UE": "CAMPINAS", "endereco_geocode": "Campinas, SP, Brasil", "lat": -22.9056391, "lng": -47.059564 }, "geometry": { "type": "Point", "coordinates": [ -47.059564, -22.9056391 ] } },
{ "type": "Feature", "properties": { "NR_ZONA": "380", "NR_SECAO": "112", "NR_LOCAL_VOTACAO": "1309", "NM_UE": "CAMPINAS", "endereco_geocode": "Campinas, SP, Brasil", "lat": -22.9056391, "lng": -47.059564 }, "geometry": { "type": "Point", "coordinates": [ -47.059564, -22.9056391 ] } },
{ "type": "Feature", "properties": { "NR_ZONA": "380", "NR_SECAO": "154", "NR_LOCAL_VOTACAO": "1350", "NM_UE": "CAMPINAS", "endereco_geocode": "Campinas, SP, Brasil", "lat": -22.9056391, "lng": -47.059564 }, "geometry": { "type": "Point", "coordinates": [ -47.059564, -22.9056391 ] } },
{ "type": "Feature", "properties": { "NR_ZONA": "379", "NR_SECAO": "422", "NR_LOCAL_VOTACAO": "1236", "NM_UE": "CAMPINAS", "endereco_geocode": "Campinas, SP, Brasil", "lat": -22.9056391, "lng": -47.059564 }, "geometry": { "type": "Point", "coordinates": [ -47.059564, -22.9056391 ] } },
{ "type": "Feature", "properties": { "NR_ZONA": "423", "NR_SECAO": "157", "NR_LOCAL_VOTACAO": "1155", "NM_UE": "CAMPINAS", "endereco_geocode": "Campinas, SP, Brasil", "lat": -22.9056391, "lng": -47.059564 }, "geometry": { "type": "Point", "coordinates": [ -47.059564, -22.9056391 ] } },
{ "type": "Feature", "properties": { "NR_ZONA": "379", "NR_SECAO": "262", "NR_LOCAL_VOTACAO": "1325", "NM_UE": "CAMPINAS", "endereco_geocode": "Campinas, SP, Brasil", "lat": -22.9056391, "lng": -47.059564 }, "geometry": { "type": "Point", "coordinates": [ -47.059564, -22.9056391 ] } },
{ "type": "Feature", "properties": { "NR_ZONA": "275", "NR_SECAO": "316", "NR_LOCAL_VOTACAO": "1465", "NM_UE": "CAMPINAS", "endereco_geocode": "Campinas, SP, Brasil", "lat": -22.9056391, "lng": -47.059564 }, "geometry": { "type": "Point", "coordinates": [ -47.059564, -22.9056391 ] } },
{ "type": "Feature", "properties": { "NR_ZONA": "33", "NR_SECAO": "493", "NR_LOCAL_VOTACAO": "2321", "NM_UE": "CAMPINAS", "endereco_geocode": "Campinas, SP, Brasil", "lat": -22.9056391, "lng": -47.059564 }, "geometry": { "type": "Point", "coordinates": [ -47.059564, -22.9056391 ] } },
{ "type": "Feature", "properties": { "NR_ZONA": "33", "NR_SECAO": "417", "NR_LOCAL_VOTACAO": "2259", "NM_UE": "CAMPINAS", "endereco_geocode": "Campinas, SP, Brasil", "lat": -22.9056391, "lng": -47.059564 }, "geometry": { "type": "Point", "coordinates": [ -47.059564, -22.9056391 ] } },
{ "type": "Feature", "properties": { "NR_ZONA": "378", "NR_SECAO": "266", "NR_LOCAL_VOTACAO": "1198", "NM_UE": "CAMPINAS", "endereco_geocode": "Campinas, SP, Brasil", "lat": -22.9056391, "lng": -47.059564 }, "geometry": { "type": "Point", "coordinates": [ -47.059564, -22.9056391 ] } },
{ "type": "Feature", "properties": { "NR_ZONA": "33", "NR_SECAO": "66", "NR_LOCAL_VOTACAO": "1090", "NM_UE": "CAMPINAS", "endereco_geocode": "Campinas, SP, Brasil", "lat": -22.9056391, "lng": -47.059564 }, "geometry": { "type": "Point", "coordinates": [ -47.059564, -22.9056391 ] } },
{ "type": "Feature", "properties": { "NR_ZONA": "33", "NR_SECAO": "9", "NR_LOCAL_VOTACAO": "1023", "NM_UE": "CAMPINAS", "endereco_geocode": "Campinas, SP, Brasil", "lat": -22.9056391, "lng": -47.059564 }, "geometry": { "type": "Point", "coordinates": [ -47.059564, -22.9056391 ] } },
{ "type": "Feature", "properties": { "NR_ZONA": "379", "NR_SECAO": "498", "NR_LOCAL_VOTACAO": "1562", "NM_UE": "CAMPINAS", "endereco_geocode": "Campinas, SP, Brasil", "lat": -22.9056391, "lng": -47.059564 }, "geometry": { "type": "Point", "coordinates": [ -47.059564, -22.9056391 ] } },
{ "type": "Feature", "properties": { "NR_ZONA": "33", "NR_SECAO": "435", "NR_LOCAL_VOTACAO": "2275", "NM_UE": "CAMPINAS", "endereco_geocode": "Campinas, SP, Brasil", "lat": -22.9056391, "lng": -47.059564 }, "geometry": { "type": "Point", "coordinates": [ -47.059564, -22.9056391 ] } },
{ "type": "Feature", "properties": { "NR_ZONA": "275", "NR_SECAO": "298", "NR_LOCAL_VOTACAO": "1449", "NM_UE": "CAMPINAS", "endereco_geocode": "Campinas, SP, Brasil", "lat": -22.9056391, "lng": -47.059564 }, "geometry": { "type": "Point", "coordinates": [ -47.059564, -22.9056391 ] } },
{ "type": "Feature", "properties": { "NR_ZONA": "274", "NR_SECAO": "537", "NR_LOCAL_VOTACAO": "1198", "NM_UE": "CAMPINAS", "endereco_geocode": "Campinas, SP, Brasil", "lat": -22.9056391, "lng": -47.059564 }, "geometry": { "type": "Point", "coordinates": [ -47.059564, -22.9056391 ] } },
{ "type": "Feature", "properties": { "NR_ZONA": "33", "NR_SECAO": "71", "NR_LOCAL_VOTACAO": "2151", "NM_UE": "CAMPINAS", "endereco_geocode": "Campinas, SP, Brasil", "lat": -22.9056391, "lng": -47.059564 }, "geometry": { "type": "Point", "coordinates": [ -47.059564, -22.9056391 ] } },
{ "type": "Feature", "properties": { "NR_ZONA": "274", "NR_SECAO": "136", "NR_LOCAL_VOTACAO": "1163", "NM_UE": "CAMPINAS", "endereco_geocode": "Campinas, SP, Brasil", "lat": -22.9056391, "lng": -47.059564 }, "geometry": { "type": "Point", "coordinates": [ -47.059564, -22.9056391 ] } },
{ "type": "Feature", "properties": { "NR_ZONA": "275", "NR_SECAO": "543", "NR_LOCAL_VOTACAO": "1830", "NM_UE": "CAMPINAS", "endereco_geocode": "Campinas, SP, Brasil", "lat": -22.9056391, "lng": -47.059564 }, "geometry": { "type": "Point", "coordinates": [ -47.059564, -22.9056391 ] } },
{ "type": "Feature", "properties": { "NR_ZONA": "274", "NR_SECAO": "695", "NR_LOCAL_VOTACAO": "1961", "NM_UE": "CAMPINAS", "endereco_geocode": "Campinas, SP, Brasil", "lat": -22.9056391, "lng": -47.059564 }, "geometry": { "type": "Point", "coordinates": [ -47.059564, -22.9056391 ] } },
{ "type": "Feature", "properties": { "NR_ZONA": "378", "NR_SECAO": "340", "NR_LOCAL_VOTACAO": "1287", "NM_UE": "CAMPINAS", "endereco_geocode": "Campinas, SP, Brasil", "lat": -22.9056391, "lng": -47.059564 }, "geometry": { "type": "Point", "coordinates": [ -47.059564, -22.9056391 ] } },
{ "type": "Feature", "properties": { "NR_ZONA": "378", "NR_SECAO": "101", "NR_LOCAL_VOTACAO": "1082", "NM_UE": "CAMPINAS", "endereco_geocode": "Campinas, SP, Brasil", "lat": -22.9056391, "lng": -47.059564 }, "geometry": { "type": "Point", "coordinates": [ -47.059564, -22.9056391 ] } },
{ "type": "Feature", "properties": { "NR_ZONA": "380", "NR_SECAO": "319", "NR_LOCAL_VOTACAO": "1287", "NM_UE": "CAMPINAS", "endereco_geocode": "Campinas, SP, Brasil", "lat": -22.9056391, "lng": -47.059564 }, "geometry": { "type": "Point", "coordinates": [ -47.059564, -22.9056391 ] } },
{ "type": "Feature", "properties": { "NR_ZONA": "380", "NR_SECAO": "30", "NR_LOCAL_VOTACAO": "1120", "NM_UE": "CAMPINAS", "endereco_geocode": "Campinas, SP, Brasil", "lat": -22.9056391, "lng": -47.059564 }, "geometry": { "type": "Point", "coordinates": [ -47.059564, -22.9056391 ] } },
{ "type": "Feature", "properties": { "NR_ZONA": "379", "NR_SECAO": "410", "NR_LOCAL_VOTACAO": "1511", "NM_UE": "CAMPINAS", "endereco_geocode": "Campinas, SP, Brasil", "lat": -22.9056391, "lng": -47.059564 }, "geometry": { "type": "Point", "coordinates": [ -47.059564, -22.9056391 ] } },
{ "type": "Feature", "properties": { "NR_ZONA": "275", "NR_SECAO": "511", "NR_LOCAL_VOTACAO": "1309", "NM_UE": "CAMPINAS", "endereco_geocode": "Campinas, SP, Brasil", "lat": -22.9056391, "lng": -47.059564 }, "geometry": { "type": "Point", "coordinates": [ -47.059564, -22.9056391 ] } },
{ "type": "Feature", "properties": { "NR_ZONA": "379", "NR_SECAO": "256", "NR_LOCAL_VOTACAO": "1155", "NM_UE": "CAMPINAS", "endereco_geocode": "Campinas, SP, Brasil", "lat": -22.9056391, "lng": -47.059564 }, "geometry": { "type": "Point", "coordinates": [ -47.059564, -22.9056391 ] } },
{ "type": "Feature", "properties": { "NR_ZONA": "379", "NR_SECAO": "506", "NR_LOCAL_VOTACAO": "1570", "NM_UE": "CAMPINAS", "endereco_geocode": "Campinas, SP, Brasil", "lat": -22.9056391, "lng": -47.059564 }, "geometry": { "type": "Point", "coordinates": [ -47.059564, -22.9056391 ] } },
{ "type": "Feature", "properties": { "NR_ZONA": "380", "NR_SECAO": "36", "NR_LOCAL_VOTACAO": "1139", "NM_UE": "CAMPINAS", "endereco_geocode": "Campinas, SP, Brasil", "lat": -22.9056391, "lng": -47.059564 }, "geometry": { "type": "Point", "coordinates": [ -47.059564, -22.9056391 ] } },
{ "type": "Feature", "properties": { "NR_ZONA": "380", "NR_SECAO": "116", "NR_LOCAL_VOTACAO": "1317", "NM_UE": "CAMPINAS", "endereco_geocode": "Campinas, SP, Brasil", "lat": -22.9056391, "lng": -47.059564 }, "geometry": { "type": "Point", "coordinates": [ -47.059564, -22.9056391 ] } },
{ "type": "Feature", "properties": { "NR_ZONA": "379", "NR_SECAO": "442", "NR_LOCAL_VOTACAO": "1511", "NM_UE": "CAMPINAS", "endereco_geocode": "Campinas, SP, Brasil", "lat": -22.9056391, "lng": -47.059564 }, "geometry": { "type": "Point", "coordinates": [ -47.059564, -22.9056391 ] } },
{ "type": "Feature", "properties": { "NR_ZONA": "33", "NR_SECAO": "431", "NR_LOCAL_VOTACAO": "2275", "NM_UE": "CAMPINAS", "endereco_geocode": "Campinas, SP, Brasil", "lat": -22.9056391, "lng": -47.059564 }, "geometry": { "type": "Point", "coordinates": [ -47.059564, -22.9056391 ] } },
{ "type": "Feature", "properties": { "NR_ZONA": "274", "NR_SECAO": "699", "NR_LOCAL_VOTACAO": "1961", "NM_UE": "CAMPINAS", "endereco_geocode": "Campinas, SP, Brasil", "lat": -22.9056391, "lng": -47.059564 }, "geometry": { "type": "Point", "coordinates": [ -47.059564, -22.9056391 ] } },
{ "type": "Feature", "properties": { "NR_ZONA": "379", "NR_SECAO": "260", "NR_LOCAL_VOTACAO": "1252", "NM_UE": "CAMPINAS", "endereco_geocode": "Campinas, SP, Brasil", "lat": -22.9056391, "lng": -47.059564 }, "geometry": { "type": "Point", "coordinates": [ -47.059564, -22.9056391 ] } },
{ "type": "Feature", "properties": { "NR_ZONA": "274", "NR_SECAO": "708", "NR_LOCAL_VOTACAO": "1988", "NM_UE": "CAMPINAS", "endereco_geocode": "Campinas, SP, Brasil", "lat": -22.9056391, "lng": -47.059564 }, "geometry": { "type": "Point", "coordinates": [ -47.059564, -22.9056391 ] } },
{ "type": "Feature", "properties": { "NR_ZONA": "33", "NR_SECAO": "426", "NR_LOCAL_VOTACAO": "2267", "NM_UE": "CAMPINAS", "endereco_geocode": "Campinas, SP, Brasil", "lat": -22.9056391, "lng": -47.059564 }, "geometry": { "type": "Point", "coordinates": [ -47.059564, -22.9056391 ] } },
{ "type": "Feature", "properties": { "NR_ZONA": "378", "NR_SECAO": "92", "NR_LOCAL_VOTACAO": "1074", "NM_UE": "CAMPINAS", "endereco_geocode": "Campinas, SP, Brasil", "lat": -22.9056391, "lng": -47.059564 }, "geometry": { "type": "Point", "coordinates": [ -47.059564, -22.9056391 ] } },
{ "type": "Feature", "properties": { "NR_ZONA": "378", "NR_SECAO": "70", "NR_LOCAL_VOTACAO": "1058", "NM_UE": "CAMPINAS", "endereco_geocode": "Campinas, SP, Brasil", "lat": -22.9056391, "lng": -47.059564 }, "geometry": { "type": "Point", "coordinates": [ -47.059564, -22.9056391 ] } },
{ "type": "Feature", "properties": { "NR_ZONA": "423", "NR_SECAO": "150", "NR_LOCAL_VOTACAO": "1155", "NM_UE": "CAMPINAS", "endereco_geocode": "Campinas, SP, Brasil", "lat": -22.9056391, "lng": -47.059564 }, "geometry": { "type": "Point", "coordinates": [ -47.059564, -22.9056391 ] } },
{ "type": "Feature", "properties": { "NR_ZONA": "274", "NR_SECAO": "148", "NR_LOCAL_VOTACAO": "1180", "NM_UE": "CAMPINAS", "endereco_geocode": "Campinas, SP, Brasil", "lat": -22.9056391, "lng": -47.059564 }, "geometry": { "type": "Point", "coordinates": [ -47.059564, -22.9056391 ] } },
{ "type": "Feature", "properties": { "NR_ZONA": "275", "NR_SECAO": "332", "NR_LOCAL_VOTACAO": "1350", "NM_UE": "CAMPINAS", "endereco_geocode": "Campinas, SP, Brasil", "lat": -22.9056391, "lng": -47.059564 }, "geometry": { "type": "Point", "coordinates": [ -47.059564, -22.9056391 ] } },
{ "type": "Feature", "properties": { "NR_ZONA": "275", "NR_SECAO": "561", "NR_LOCAL_VOTACAO": "1910", "NM_UE": "CAMPINAS", "endereco_geocode": "Campinas, SP, Brasil", "lat": -22.9056391, "lng": -47.059564 }, "geometry": { "type": "Point", "coordinates": [ -47.059564, -22.9056391 ] } },
{ "type": "Feature", "properties": { "NR_ZONA": "380", "NR_SECAO": "9", "NR_LOCAL_VOTACAO": "1104", "NM_UE": "CAMPINAS", "endereco_geocode": "Campinas, SP, Brasil", "lat": -22.9056391, "lng": -47.059564 }, "geometry": { "type": "Point", "coordinates": [ -47.059564, -22.9056391 ] } },
{ "type": "Feature", "properties": { "NR_ZONA": "33", "NR_SECAO": "270", "NR_LOCAL_VOTACAO": "1090", "NM_UE": "CAMPINAS", "endereco_geocode": "Campinas, SP, Brasil", "lat": -22.9056391, "lng": -47.059564 }, "geometry": { "type": "Point", "coordinates": [ -47.059564, -22.9056391 ] } },
{ "type": "Feature", "properties": { "NR_ZONA": "33", "NR_SECAO": "507", "NR_LOCAL_VOTACAO": "2348", "NM_UE": "CAMPINAS", "endereco_geocode": "Campinas, SP, Brasil", "lat": -22.9056391, "lng": -47.059564 }, "geometry": { "type": "Point", "coordinates": [ -47.059564, -22.9056391 ] } },
{ "type": "Feature", "properties": { "NR_ZONA": "379", "NR_SECAO": "491", "NR_LOCAL_VOTACAO": "1554", "NM_UE": "CAMPINAS", "endereco_geocode": "Campinas, SP, Brasil", "lat": -22.9056391, "lng": -47.059564 }, "geometry": { "type": "Point", "coordinates": [ -47.059564, -22.9056391 ] } },
{ "type": "Feature", "properties": { "NR_ZONA": "423", "NR_SECAO": "237", "NR_LOCAL_VOTACAO": "1040", "NM_UE": "CAMPINAS", "endereco_geocode": "Campinas, SP, Brasil", "lat": -22.9056391, "lng": -47.059564 }, "geometry": { "type": "Point", "coordinates": [ -47.059564, -22.9056391 ] } },
{ "type": "Feature", "properties": { "NR_ZONA": "274", "NR_SECAO": "760", "NR_LOCAL_VOTACAO": "2046", "NM_UE": "CAMPINAS", "endereco_geocode": "Campinas, SP, Brasil", "lat": -22.9056391, "lng": -47.059564 }, "geometry": { "type": "Point", "coordinates": [ -47.059564, -22.9056391 ] } },
{ "type": "Feature", "properties": { "NR_ZONA": "275", "NR_SECAO": "440", "NR_LOCAL_VOTACAO": "1449", "NM_UE": "CAMPINAS", "endereco_geocode": "Campinas, SP, Brasil", "lat": -22.9056391, "lng": -47.059564 }, "geometry": { "type": "Point", "coordinates": [ -47.059564, -22.9056391 ] } },
{ "type": "Feature", "properties": { "NR_ZONA": "33", "NR_SECAO": "54", "NR_LOCAL_VOTACAO": "1082", "NM_UE": "CAMPINAS", "endereco_geocode": "Campinas, SP, Brasil", "lat": -22.9056391, "lng": -47.059564 }, "geometry": { "type": "Point", "coordinates": [ -47.059564, -22.9056391 ] } },
{ "type": "Feature", "properties": { "NR_ZONA": "379", "NR_SECAO": "425", "NR_LOCAL_VOTACAO": "1406", "NM_UE": "CAMPINAS", "endereco_geocode": "Campinas, SP, Brasil", "lat": -22.9056391, "lng": -47.059564 }, "geometry": { "type": "Point", "coordinates": [ -47.059564, -22.9056391 ] } },
{ "type": "Feature", "properties": { "NR_ZONA": "379", "NR_SECAO": "278", "NR_LOCAL_VOTACAO": "1384", "NM_UE": "CAMPINAS", "endereco_geocode": "Campinas, SP, Brasil", "lat": -22.9056391, "lng": -47.059564 }, "geometry": { "type": "Point", "coordinates": [ -47.059564, -22.9056391 ] } },
{ "type": "Feature", "properties": { "NR_ZONA": "379", "NR_SECAO": "366", "NR_LOCAL_VOTACAO": "1236", "NM_UE": "CAMPINAS", "endereco_geocode": "Campinas, SP, Brasil", "lat": -22.9056391, "lng": -47.059564 }, "geometry": { "type": "Point", "coordinates": [ -47.059564, -22.9056391 ] } },
{ "type": "Feature", "properties": { "NR_ZONA": "33", "NR_SECAO": "515", "NR_LOCAL_VOTACAO": "2348", "NM_UE": "CAMPINAS", "endereco_geocode": "Campinas, SP, Brasil", "lat": -22.9056391, "lng": -47.059564 }, "geometry": { "type": "Point", "coordinates": [ -47.059564, -22.9056391 ] } },
{ "type": "Feature", "properties": { "NR_ZONA": "33", "NR_SECAO": "569", "NR_LOCAL_VOTACAO": "2402", "NM_UE": "CAMPINAS", "endereco_geocode": "Campinas, SP, Brasil", "lat": -22.9056391, "lng": -47.059564 }, "geometry": { "type": "Point", "coordinates": [ -47.059564, -22.9056391 ] } },
{ "type": "Feature", "properties": { "NR_ZONA": "274", "NR_SECAO": "374", "NR_LOCAL_VOTACAO": "1180", "NM_UE": "CAMPINAS", "endereco_geocode": "Campinas, SP, Brasil", "lat": -22.9056391, "lng": -47.059564 }, "geometry": { "type": "Point", "coordinates": [ -47.059564, -22.9056391 ] } },
{ "type": "Feature", "properties": { "NR_ZONA": "33", "NR_SECAO": "554", "NR_LOCAL_VOTACAO": "2372", "NM_UE": "CAMPINAS", "endereco_geocode": "Campinas, SP, Brasil", "lat": -22.9056391, "lng": -47.059564 }, "geometry": { "type": "Point", "coordinates": [ -47.059564, -22.9056391 ] } },
{ "type": "Feature", "properties": { "NR_ZONA": "379", "NR_SECAO": "515", "NR_LOCAL_VOTACAO": "1589", "NM_UE": "CAMPINAS", "endereco_geocode": "Campinas, SP, Brasil", "lat": -22.9056391, "lng": -47.059564 }, "geometry": { "type": "Point", "coordinates": [ -47.059564, -22.9056391 ] } },
{ "type": "Feature", "properties": { "NR_ZONA": "274", "NR_SECAO": "545", "NR_LOCAL_VOTACAO": "1309", "NM_UE": "CAMPINAS", "endereco_geocode": "Campinas, SP, Brasil", "lat": -22.9056391, "lng": -47.059564 }, "geometry": { "type": "Point", "coordinates": [ -47.059564, -22.9056391 ] } },
{ "type": "Feature", "properties": { "NR_ZONA": "380", "NR_SECAO": "158", "NR_LOCAL_VOTACAO": "1350", "NM_UE": "CAMPINAS", "endereco_geocode": "Campinas, SP, Brasil", "lat": -22.9056391, "lng": -47.059564 }, "geometry": { "type": "Point", "coordinates": [ -47.059564, -22.9056391 ] } },
{ "type": "Feature", "properties": { "NR_ZONA": "274", "NR_SECAO": "381", "NR_LOCAL_VOTACAO": "1309", "NM_UE": "CAMPINAS", "endereco_geocode": "Campinas, SP, Brasil", "lat": -22.9056391, "lng": -47.059564 }, "geometry": { "type": "Point", "coordinates": [ -47.059564, -22.9056391 ] } },
{ "type": "Feature", "properties": { "NR_ZONA": "33", "NR_SECAO": "552", "NR_LOCAL_VOTACAO": "2372", "NM_UE": "CAMPINAS", "endereco_geocode": "Campinas, SP, Brasil", "lat": -22.9056391, "lng": -47.059564 }, "geometry": { "type": "Point", "coordinates": [ -47.059564, -22.9056391 ] } },
{ "type": "Feature", "properties": { "NR_ZONA": "379", "NR_SECAO": "299", "NR_LOCAL_VOTACAO": "1236", "NM_UE": "CAMPINAS", "endereco_geocode": "Campinas, SP, Brasil", "lat": -22.9056391, "lng": -47.059564 }, "geometry": { "type": "Point", "coordinates": [ -47.059564, -22.9056391 ] } },
{ "type": "Feature", "properties": { "NR_ZONA": "378", "NR_SECAO": "110", "NR_LOCAL_VOTACAO": "1082", "NM_UE": "CAMPINAS", "endereco_geocode": "Campinas, SP, Brasil", "lat": -22.9056391, "lng": -47.059564 }, "geometry": { "type": "Point", "coordinates": [ -47.059564, -22.9056391 ] } },
{ "type": "Feature", "properties": { "NR_ZONA": "274", "NR_SECAO": "740", "NR_LOCAL_VOTACAO": "2011", "NM_UE": "CAMPINAS", "endereco_geocode": "Campinas, SP, Brasil", "lat": -22.9056391, "lng": -47.059564 }, "geometry": { "type": "Point", "coordinates": [ -47.059564, -22.9056391 ] } },
{ "type": "Feature", "properties": { "NR_ZONA": "423", "NR_SECAO": "187", "NR_LOCAL_VOTACAO": "1210", "NM_UE": "CAMPINAS", "endereco_geocode": "Campinas, SP, Brasil", "lat": -22.9056391, "lng": -47.059564 }, "geometry": { "type": "Point", "coordinates": [ -47.059564, -22.9056391 ] } },
{ "type": "Feature", "properties": { "NR_ZONA": "378", "NR_SECAO": "478", "NR_LOCAL_VOTACAO": "1163", "NM_UE": "CAMPINAS", "endereco_geocode": "Campinas, SP, Brasil", "lat": -22.9056391, "lng": -47.059564 }, "geometry": { "type": "Point", "coordinates": [ -47.059564, -22.9056391 ] } },
{ "type": "Feature", "properties": { "NR_ZONA": "274", "NR_SECAO": "80", "NR_LOCAL_VOTACAO": "1090", "NM_UE": "CAMPINAS", "endereco_geocode": "Campinas, SP, Brasil", "lat": -22.9056391, "lng": -47.059564 }, "geometry": { "type": "Point", "coordinates": [ -47.059564, -22.9056391 ] } },
{ "type": "Feature", "properties": { "NR_ZONA": "423", "NR_SECAO": "42", "NR_LOCAL_VOTACAO": "1058", "NM_UE": "CAMPINAS", "endereco_geocode": "Campinas, SP, Brasil", "lat": -22.9056391, "lng": -47.059564 }, "geometry": { "type": "Point", "coordinates": [ -47.059564, -22.9056391 ] } },
{ "type": "Feature", "properties": { "NR_ZONA": "423", "NR_SECAO": "66", "NR_LOCAL_VOTACAO": "1074", "NM_UE": "CAMPINAS", "endereco_geocode": "Campinas, SP, Brasil", "lat": -22.9056391, "lng": -47.059564 }, "geometry": { "type": "Point", "coordinates": [ -47.059564, -22.9056391 ] } },
{ "type": "Feature", "properties": { "NR_ZONA": "275", "NR_SECAO": "296", "NR_LOCAL_VOTACAO": "1449", "NM_UE": "CAMPINAS", "endereco_geocode": "Campinas, SP, Brasil", "lat": -22.9056391, "lng": -47.059564 }, "geometry": { "type": "Point", "coordinates": [ -47.059564, -22.9056391 ] } },
{ "type": "Feature", "properties": { "NR_ZONA": "423", "NR_SECAO": "90", "NR_LOCAL_VOTACAO": "1090", "NM_UE": "CAMPINAS", "endereco_geocode": "Campinas, SP, Brasil", "lat": -22.9056391, "lng": -47.059564 }, "geometry": { "type": "Point", "coordinates": [ -47.059564, -22.9056391 ] } },
{ "type": "Feature", "properties": { "NR_ZONA": "275", "NR_SECAO": "312", "NR_LOCAL_VOTACAO": "1465", "NM_UE": "CAMPINAS", "endereco_geocode": "Campinas, SP, Brasil", "lat": -22.9056391, "lng": -47.059564 }, "geometry": { "type": "Point", "coordinates": [ -47.059564, -22.9056391 ] } },
{ "type": "Feature", "properties": { "NR_ZONA": "378", "NR_SECAO": "272", "NR_LOCAL_VOTACAO": "1422", "NM_UE": "CAMPINAS", "endereco_geocode": "Campinas, SP, Brasil", "lat": -22.9056391, "lng": -47.059564 }, "geometry": { "type": "Point", "coordinates": [ -47.059564, -22.9056391 ] } },
{ "type": "Feature", "properties": { "NR_ZONA": "33", "NR_SECAO": "523", "NR_LOCAL_VOTACAO": "2356", "NM_UE": "CAMPINAS", "endereco_geocode": "Campinas, SP, Brasil", "lat": -22.9056391, "lng": -47.059564 }, "geometry": { "type": "Point", "coordinates": [ -47.059564, -22.9056391 ] } },
{ "type": "Feature", "properties": { "NR_ZONA": "378", "NR_SECAO": "108", "NR_LOCAL_VOTACAO": "1082", "NM_UE": "CAMPINAS", "endereco_geocode": "Campinas, SP, Brasil", "lat": -22.9056391, "lng": -47.059564 }, "geometry": { "type": "Point", "coordinates": [ -47.059564, -22.9056391 ] } },
{ "type": "Feature", "properties": { "NR_ZONA": "275", "NR_SECAO": "420", "NR_LOCAL_VOTACAO": "1198", "NM_UE": "CAMPINAS", "endereco_geocode": "Campinas, SP, Brasil", "lat": -22.9056391, "lng": -47.059564 }, "geometry": { "type": "Point", "coordinates": [ -47.059564, -22.9056391 ] } },
{ "type": "Feature", "properties": { "NR_ZONA": "33", "NR_SECAO": "535", "NR_LOCAL_VOTACAO": "2364", "NM_UE": "CAMPINAS", "endereco_geocode": "Campinas, SP, Brasil", "lat": -22.9056391, "lng": -47.059564 }, "geometry": { "type": "Point", "coordinates": [ -47.059564, -22.9056391 ] } },
{ "type": "Feature", "properties": { "NR_ZONA": "33", "NR_SECAO": "411", "NR_LOCAL_VOTACAO": "2259", "NM_UE": "CAMPINAS", "endereco_geocode": "Campinas, SP, Brasil", "lat": -22.9056391, "lng": -47.059564 }, "geometry": { "type": "Point", "coordinates": [ -47.059564, -22.9056391 ] } },
{ "type": "Feature", "properties": { "NR_ZONA": "378", "NR_SECAO": "503", "NR_LOCAL_VOTACAO": "1589", "NM_UE": "CAMPINAS", "endereco_geocode": "Campinas, SP, Brasil", "lat": -22.9056391, "lng": -47.059564 }, "geometry": { "type": "Point", "coordinates": [ -47.059564, -22.9056391 ] } },
{ "type": "Feature", "properties": { "NR_ZONA": "380", "NR_SECAO": "333", "NR_LOCAL_VOTACAO": "1449", "NM_UE": "CAMPINAS", "endereco_geocode": "Campinas, SP, Brasil", "lat": -22.9056391, "lng": -47.059564 }, "geometry": { "type": "Point", "coordinates": [ -47.059564, -22.9056391 ] } },
{ "type": "Feature", "properties": { "NR_ZONA": "33", "NR_SECAO": "485", "NR_LOCAL_VOTACAO": "2321", "NM_UE": "CAMPINAS", "endereco_geocode": "Campinas, SP, Brasil", "lat": -22.9056391, "lng": -47.059564 }, "geometry": { "type": "Point", "coordinates": [ -47.059564, -22.9056391 ] } },
{ "type": "Feature", "properties": { "NR_ZONA": "378", "NR_SECAO": "75", "NR_LOCAL_VOTACAO": "1058", "NM_UE": "CAMPINAS", "endereco_geocode": "Campinas, SP, Brasil", "lat": -22.9056391, "lng": -47.059564 }, "geometry": { "type": "Point", "coordinates": [ -47.059564, -22.9056391 ] } },
{ "type": "Feature", "properties": { "NR_ZONA": "379", "NR_SECAO": "2", "NR_LOCAL_VOTACAO": "1015", "NM_UE": "CAMPINAS", "endereco_geocode": "Campinas, SP, Brasil", "lat": -22.9056391, "lng": -47.059564 }, "geometry": { "type": "Point", "coordinates": [ -47.059564, -22.9056391 ] } },
{ "type": "Feature", "properties": { "NR_ZONA": "380", "NR_SECAO": "34", "NR_LOCAL_VOTACAO": "1139", "NM_UE": "CAMPINAS", "endereco_geocode": "Campinas, SP, Brasil", "lat": -22.9056391, "lng": -47.059564 }, "geometry": { "type": "Point", "coordinates": [ -47.059564, -22.9056391 ] } },
{ "type": "Feature", "properties": { "NR_ZONA": "274", "NR_SECAO": "113", "NR_LOCAL_VOTACAO": "1139", "NM_UE": "CAMPINAS", "endereco_geocode": "Campinas, SP, Brasil", "lat": -22.9056391, "lng": -47.059564 }, "geometry": { "type": "Point", "coordinates": [ -47.059564, -22.9056391 ] } },
{ "type": "Feature", "properties": { "NR_ZONA": "423", "NR_SECAO": "9", "NR_LOCAL_VOTACAO": "1015", "NM_UE": "CAMPINAS", "endereco_geocode": "Campinas, SP, Brasil", "lat": -22.9056391, "lng": -47.059564 }, "geometry": { "type": "Point", "coordinates": [ -47.059564, -22.9056391 ] } },
{ "type": "Feature", "properties": { "NR_ZONA": "423", "NR_SECAO": "244", "NR_LOCAL_VOTACAO": "1279", "NM_UE": "CAMPINAS", "endereco_geocode": "Campinas, SP, Brasil", "lat": -22.9056391, "lng": -47.059564 }, "geometry": { "type": "Point", "coordinates": [ -47.059564, -22.9056391 ] } },
{ "type": "Feature", "properties": { "NR_ZONA": "380", "NR_SECAO": "109", "NR_LOCAL_VOTACAO": "1295", "NM_UE": "CAMPINAS", "endereco_geocode": "Campinas, SP, Brasil", "lat": -22.9056391, "lng": -47.059564 }, "geometry": { "type": "Point", "coordinates": [ -47.059564, -22.9056391 ] } },
{ "type": "Feature", "properties": { "NR_ZONA": "380", "NR_SECAO": "332", "NR_LOCAL_VOTACAO": "1171", "NM_UE": "CAMPINAS", "endereco_geocode": "Campinas, SP, Brasil", "lat": -22.9056391, "lng": -47.059564 }, "geometry": { "type": "Point", "coordinates": [ -47.059564, -22.9056391 ] } },
{ "type": "Feature", "properties": { "NR_ZONA": "274", "NR_SECAO": "75", "NR_LOCAL_VOTACAO": "1082", "NM_UE": "CAMPINAS", "endereco_geocode": "Campinas, SP, Brasil", "lat": -22.9056391, "lng": -47.059564 }, "geometry": { "type": "Point", "coordinates": [ -47.059564, -22.9056391 ] } },
{ "type": "Feature", "properties": { "NR_ZONA": "274", "NR_SECAO": "773", "NR_LOCAL_VOTACAO": "2062", "NM_UE": "CAMPINAS", "endereco_geocode": "Campinas, SP, Brasil", "lat": -22.9056391, "lng": -47.059564 }, "geometry": { "type": "Point", "coordinates": [ -47.059564, -22.9056391 ] } },
{ "type": "Feature", "properties": { "NR_ZONA": "33", "NR_SECAO": "494", "NR_LOCAL_VOTACAO": "2330", "NM_UE": "CAMPINAS", "endereco_geocode": "Campinas, SP, Brasil", "lat": -22.9056391, "lng": -47.059564 }, "geometry": { "type": "Point", "coordinates": [ -47.059564, -22.9056391 ] } },
{ "type": "Feature", "properties": { "NR_ZONA": "274", "NR_SECAO": "753", "NR_LOCAL_VOTACAO": "2038", "NM_UE": "CAMPINAS", "endereco_geocode": "Campinas, SP, Brasil", "lat": -22.9056391, "lng": -47.059564 }, "geometry": { "type": "Point", "coordinates": [ -47.059564, -22.9056391 ] } },
{ "type": "Feature", "properties": { "NR_ZONA": "275", "NR_SECAO": "462", "NR_LOCAL_VOTACAO": "1198", "NM_UE": "CAMPINAS", "endereco_geocode": "Campinas, SP, Brasil", "lat": -22.9056391, "lng": -47.059564 }, "geometry": { "type": "Point", "coordinates": [ -47.059564, -22.9056391 ] } },
{ "type": "Feature", "properties": { "NR_ZONA": "274", "NR_SECAO": "786", "NR_LOCAL_VOTACAO": "2089", "NM_UE": "CAMPINAS", "endereco_geocode": "Campinas, SP, Brasil", "lat": -22.9056391, "lng": -47.059564 }, "geometry": { "type": "Point", "coordinates": [ -47.059564, -22.9056391 ] } },
{ "type": "Feature", "properties": { "NR_ZONA": "378", "NR_SECAO": "152", "NR_LOCAL_VOTACAO": "1112", "NM_UE": "CAMPINAS", "endereco_geocode": "Campinas, SP, Brasil", "lat": -22.9056391, "lng": -47.059564 }, "geometry": { "type": "Point", "coordinates": [ -47.059564, -22.9056391 ] } },
{ "type": "Feature", "properties": { "NR_ZONA": "423", "NR_SECAO": "217", "NR_LOCAL_VOTACAO": "1090", "NM_UE": "CAMPINAS", "endereco_geocode": "Campinas, SP, Brasil", "lat": -22.9056391, "lng": -47.059564 }, "geometry": { "type": "Point", "coordinates": [ -47.059564, -22.9056391 ] } },
{ "type": "Feature", "properties": { "NR_ZONA": "379", "NR_SECAO": "332", "NR_LOCAL_VOTACAO": "1414", "NM_UE": "CAMPINAS", "endereco_geocode": "Campinas, SP, Brasil", "lat": -22.9056391, "lng": -47.059564 }, "geometry": { "type": "Point", "coordinates": [ -47.059564, -22.9056391 ] } },
{ "type": "Feature", "properties": { "NR_ZONA": "274", "NR_SECAO": "739", "NR_LOCAL_VOTACAO": "2003", "NM_UE": "CAMPINAS", "endereco_geocode": "Campinas, SP, Brasil", "lat": -22.9056391, "lng": -47.059564 }, "geometry": { "type": "Point", "coordinates": [ -47.059564, -22.9056391 ] } },
{ "type": "Feature", "properties": { "NR_ZONA": "378", "NR_SECAO": "356", "NR_LOCAL_VOTACAO": "1457", "NM_UE": "CAMPINAS", "endereco_geocode": "Campinas, SP, Brasil", "lat": -22.9056391, "lng": -47.059564 }, "geometry": { "type": "Point", "coordinates": [ -47.059564, -22.9056391 ] } },
{ "type": "Feature", "properties": { "NR_ZONA": "274", "NR_SECAO": "143", "NR_LOCAL_VOTACAO": "1171", "NM_UE": "CAMPINAS", "endereco_geocode": "Campinas, SP, Brasil", "lat": -22.9056391, "lng": -47.059564 }, "geometry": { "type": "Point", "coordinates": [ -47.059564, -22.9056391 ] } },
{ "type": "Feature", "properties": { "NR_ZONA": "423", "NR_SECAO": "229", "NR_LOCAL_VOTACAO": "1295", "NM_UE": "CAMPINAS", "endereco_geocode": "Campinas, SP, Brasil", "lat": -22.9056391, "lng": -47.059564 }, "geometry": { "type": "Point", "coordinates": [ -47.059564, -22.9056391 ] } },
{ "type": "Feature", "properties": { "NR_ZONA": "275", "NR_SECAO": "624", "NR_LOCAL_VOTACAO": "1929", "NM_UE": "CAMPINAS", "endereco_geocode": "Campinas, SP, Brasil", "lat": -22.9056391, "lng": -47.059564 }, "geometry": { "type": "Point", "coordinates": [ -47.059564, -22.9056391 ] } },
{ "type": "Feature", "properties": { "NR_ZONA": "274", "NR_SECAO": "717", "NR_LOCAL_VOTACAO": "1988", "NM_UE": "CAMPINAS", "endereco_geocode": "Campinas, SP, Brasil", "lat": -22.9056391, "lng": -47.059564 }, "geometry": { "type": "Point", "coordinates": [ -47.059564, -22.9056391 ] } },
{ "type": "Feature", "properties": { "NR_ZONA": "274", "NR_SECAO": "774", "NR_LOCAL_VOTACAO": "2062", "NM_UE": "CAMPINAS", "endereco_geocode": "Campinas, SP, Brasil", "lat": -22.9056391, "lng": -47.059564 }, "geometry": { "type": "Point", "coordinates": [ -47.059564, -22.9056391 ] } },
{ "type": "Feature", "properties": { "NR_ZONA": "423", "NR_SECAO": "223", "NR_LOCAL_VOTACAO": "1309", "NM_UE": "CAMPINAS", "endereco_geocode": "Campinas, SP, Brasil", "lat": -22.9056391, "lng": -47.059564 }, "geometry": { "type": "Point", "coordinates": [ -47.059564, -22.9056391 ] } },
{ "type": "Feature", "properties": { "NR_ZONA": "33", "NR_SECAO": "421", "NR_LOCAL_VOTACAO": "2267", "NM_UE": "CAMPINAS", "endereco_geocode": "Campinas, SP, Brasil", "lat": -22.9056391, "lng": -47.059564 }, "geometry": { "type": "Point", "coordinates": [ -47.059564, -22.9056391 ] } },
{ "type": "Feature", "properties": { "NR_ZONA": "33", "NR_SECAO": "230", "NR_LOCAL_VOTACAO": "1201", "NM_UE": "CAMPINAS", "endereco_geocode": "Campinas, SP, Brasil", "lat": -22.9056391, "lng": -47.059564 }, "geometry": { "type": "Point", "coordinates": [ -47.059564, -22.9056391 ] } },
{ "type": "Feature", "properties": { "NR_ZONA": "274", "NR_SECAO": "96", "NR_LOCAL_VOTACAO": "1112", "NM_UE": "CAMPINAS", "endereco_geocode": "Campinas, SP, Brasil", "lat": -22.9056391, "lng": -47.059564 }, "geometry": { "type": "Point", "coordinates": [ -47.059564, -22.9056391 ] } },
{ "type": "Feature", "properties": { "NR_ZONA": "423", "NR_SECAO": "233", "NR_LOCAL_VOTACAO": "1244", "NM_UE": "CAMPINAS", "endereco_geocode": "Campinas, SP, Brasil", "lat": -22.9056391, "lng": -47.059564 }, "geometry": { "type": "Point", "coordinates": [ -47.059564, -22.9056391 ] } },
{ "type": "Feature", "properties": { "NR_ZONA": "275", "NR_SECAO": "532", "NR_LOCAL_VOTACAO": "1180", "NM_UE": "CAMPINAS", "endereco_geocode": "Campinas, SP, Brasil", "lat": -22.9056391, "lng": -47.059564 }, "geometry": { "type": "Point", "coordinates": [ -47.059564, -22.9056391 ] } },
{ "type": "Feature", "properties": { "NR_ZONA": "378", "NR_SECAO": "346", "NR_LOCAL_VOTACAO": "1414", "NM_UE": "CAMPINAS", "endereco_geocode": "Campinas, SP, Brasil", "lat": -22.9056391, "lng": -47.059564 }, "geometry": { "type": "Point", "coordinates": [ -47.059564, -22.9056391 ] } },
{ "type": "Feature", "properties": { "NR_ZONA": "378", "NR_SECAO": "13", "NR_LOCAL_VOTACAO": "1015", "NM_UE": "CAMPINAS", "endereco_geocode": "Campinas, SP, Brasil", "lat": -22.9056391, "lng": -47.059564 }, "geometry": { "type": "Point", "coordinates": [ -47.059564, -22.9056391 ] } },
{ "type": "Feature", "properties": { "NR_ZONA": "378", "NR_SECAO": "17", "NR_LOCAL_VOTACAO": "1015", "NM_UE": "CAMPINAS", "endereco_geocode": "Campinas, SP, Brasil", "lat": -22.9056391, "lng": -47.059564 }, "geometry": { "type": "Point", "coordinates": [ -47.059564, -22.9056391 ] } },
{ "type": "Feature", "properties": { "NR_ZONA": "423", "NR_SECAO": "133", "NR_LOCAL_VOTACAO": "1139", "NM_UE": "CAMPINAS", "endereco_geocode": "Campinas, SP, Brasil", "lat": -22.9056391, "lng": -47.059564 }, "geometry": { "type": "Point", "coordinates": [ -47.059564, -22.9056391 ] } },
{ "type": "Feature", "properties": { "NR_ZONA": "380", "NR_SECAO": "259", "NR_LOCAL_VOTACAO": "1465", "NM_UE": "CAMPINAS", "endereco_geocode": "Campinas, SP, Brasil", "lat": -22.9056391, "lng": -47.059564 }, "geometry": { "type": "Point", "coordinates": [ -47.059564, -22.9056391 ] } },
{ "type": "Feature", "properties": { "NR_ZONA": "275", "NR_SECAO": "555", "NR_LOCAL_VOTACAO": "1880", "NM_UE": "CAMPINAS", "endereco_geocode": "Campinas, SP, Brasil", "lat": -22.9056391, "lng": -47.059564 }, "geometry": { "type": "Point", "coordinates": [ -47.059564, -22.9056391 ] } },
{ "type": "Feature", "properties": { "NR_ZONA": "423", "NR_SECAO": "238", "NR_LOCAL_VOTACAO": "1210", "NM_UE": "CAMPINAS", "endereco_geocode": "Campinas, SP, Brasil", "lat": -22.9056391, "lng": -47.059564 }, "geometry": { "type": "Point", "coordinates": [ -47.059564, -22.9056391 ] } },
{ "type": "Feature", "properties": { "NR_ZONA": "274", "NR_SECAO": "630", "NR_LOCAL_VOTACAO": "1120", "NM_UE": "CAMPINAS", "endereco_geocode": "Campinas, SP, Brasil", "lat": -22.9056391, "lng": -47.059564 }, "geometry": { "type": "Point", "coordinates": [ -47.059564, -22.9056391 ] } },
{ "type": "Feature", "properties": { "NR_ZONA": "274", "NR_SECAO": "738", "NR_LOCAL_VOTACAO": "2003", "NM_UE": "CAMPINAS", "endereco_geocode": "Campinas, SP, Brasil", "lat": -22.9056391, "lng": -47.059564 }, "geometry": { "type": "Point", "coordinates": [ -47.059564, -22.9056391 ] } },
{ "type": "Feature", "properties": { "NR_ZONA": "275", "NR_SECAO": "492", "NR_LOCAL_VOTACAO": "1449", "NM_UE": "CAMPINAS", "endereco_geocode": "Campinas, SP, Brasil", "lat": -22.9056391, "lng": -47.059564 }, "geometry": { "type": "Point", "coordinates": [ -47.059564, -22.9056391 ] } },
{ "type": "Feature", "properties": { "NR_ZONA": "378", "NR_SECAO": "353", "NR_LOCAL_VOTACAO": "1376", "NM_UE": "CAMPINAS", "endereco_geocode": "Campinas, SP, Brasil", "lat": -22.9056391, "lng": -47.059564 }, "geometry": { "type": "Point", "coordinates": [ -47.059564, -22.9056391 ] } },
{ "type": "Feature", "properties": { "NR_ZONA": "423", "NR_SECAO": "92", "NR_LOCAL_VOTACAO": "1090", "NM_UE": "CAMPINAS", "endereco_geocode": "Campinas, SP, Brasil", "lat": -22.9056391, "lng": -47.059564 }, "geometry": { "type": "Point", "coordinates": [ -47.059564, -22.9056391 ] } },
{ "type": "Feature", "properties": { "NR_ZONA": "274", "NR_SECAO": "78", "NR_LOCAL_VOTACAO": "1082", "NM_UE": "CAMPINAS", "endereco_geocode": "Campinas, SP, Brasil", "lat": -22.9056391, "lng": -47.059564 }, "geometry": { "type": "Point", "coordinates": [ -47.059564, -22.9056391 ] } },
{ "type": "Feature", "properties": { "NR_ZONA": "274", "NR_SECAO": "611", "NR_LOCAL_VOTACAO": "1759", "NM_UE": "CAMPINAS", "endereco_geocode": "Campinas, SP, Brasil", "lat": -22.9056391, "lng": -47.059564 }, "geometry": { "type": "Point", "coordinates": [ -47.059564, -22.9056391 ] } },
{ "type": "Feature", "properties": { "NR_ZONA": "380", "NR_SECAO": "180", "NR_LOCAL_VOTACAO": "1392", "NM_UE": "CAMPINAS", "endereco_geocode": "Campinas, SP, Brasil", "lat": -22.9056391, "lng": -47.059564 }, "geometry": { "type": "Point", "coordinates": [ -47.059564, -22.9056391 ] } },
{ "type": "Feature", "properties": { "NR_ZONA": "33", "NR_SECAO": "84", "NR_LOCAL_VOTACAO": "1147", "NM_UE": "CAMPINAS", "endereco_geocode": "Campinas, SP, Brasil", "lat": -22.9056391, "lng": -47.059564 }, "geometry": { "type": "Point", "coordinates": [ -47.059564, -22.9056391 ] } },
{ "type": "Feature", "properties": { "NR_ZONA": "423", "NR_SECAO": "184", "NR_LOCAL_VOTACAO": "1201", "NM_UE": "CAMPINAS", "endereco_geocode": "Campinas, SP, Brasil", "lat": -22.9056391, "lng": -47.059564 }, "geometry": { "type": "Point", "coordinates": [ -47.059564, -22.9056391 ] } },
{ "type": "Feature", "properties": { "NR_ZONA": "380", "NR_SECAO": "76", "NR_LOCAL_VOTACAO": "1180", "NM_UE": "CAMPINAS", "endereco_geocode": "Campinas, SP, Brasil", "lat": -22.9056391, "lng": -47.059564 }, "geometry": { "type": "Point", "coordinates": [ -47.059564, -22.9056391 ] } },
{ "type": "Feature", "properties": { "NR_ZONA": "380", "NR_SECAO": "188", "NR_LOCAL_VOTACAO": "1392", "NM_UE": "CAMPINAS", "endereco_geocode": "Campinas, SP, Brasil", "lat": -22.9056391, "lng": -47.059564 }, "geometry": { "type": "Point", "coordinates": [ -47.059564, -22.9056391 ] } },
{ "type": "Feature", "properties": { "NR_ZONA": "423", "NR_SECAO": "270", "NR_LOCAL_VOTACAO": "1333", "NM_UE": "CAMPINAS", "endereco_geocode": "Campinas, SP, Brasil", "lat": -22.9056391, "lng": -47.059564 }, "geometry": { "type": "Point", "coordinates": [ -47.059564, -22.9056391 ] } },
{ "type": "Feature", "properties": { "NR_ZONA": "379", "NR_SECAO": "433", "NR_LOCAL_VOTACAO": "1503", "NM_UE": "CAMPINAS", "endereco_geocode": "Campinas, SP, Brasil", "lat": -22.9056391, "lng": -47.059564 }, "geometry": { "type": "Point", "coordinates": [ -47.059564, -22.9056391 ] } },
{ "type": "Feature", "properties": { "NR_ZONA": "378", "NR_SECAO": "140", "NR_LOCAL_VOTACAO": "1104", "NM_UE": "CAMPINAS", "endereco_geocode": "Campinas, SP, Brasil", "lat": -22.9056391, "lng": -47.059564 }, "geometry": { "type": "Point", "coordinates": [ -47.059564, -22.9056391 ] } },
{ "type": "Feature", "properties": { "NR_ZONA": "378", "NR_SECAO": "484", "NR_LOCAL_VOTACAO": "1589", "NM_UE": "CAMPINAS", "endereco_geocode": "Campinas, SP, Brasil", "lat": -22.9056391, "lng": -47.059564 }, "geometry": { "type": "Point", "coordinates": [ -47.059564, -22.9056391 ] } },
{ "type": "Feature", "properties": { "NR_ZONA": "378", "NR_SECAO": "106", "NR_LOCAL_VOTACAO": "1082", "NM_UE": "CAMPINAS", "endereco_geocode": "Campinas, SP, Brasil", "lat": -22.9056391, "lng": -47.059564 }, "geometry": { "type": "Point", "coordinates": [ -47.059564, -22.9056391 ] } },
{ "type": "Feature", "properties": { "NR_ZONA": "378", "NR_SECAO": "436", "NR_LOCAL_VOTACAO": "1589", "NM_UE": "CAMPINAS", "endereco_geocode": "Campinas, SP, Brasil", "lat": -22.9056391, "lng": -47.059564 }, "geometry": { "type": "Point", "coordinates": [ -47.059564, -22.9056391 ] } },
{ "type": "Feature", "properties": { "NR_ZONA": "378", "NR_SECAO": "441", "NR_LOCAL_VOTACAO": "1600", "NM_UE": "CAMPINAS", "endereco_geocode": "Campinas, SP, Brasil", "lat": -22.9056391, "lng": -47.059564 }, "geometry": { "type": "Point", "coordinates": [ -47.059564, -22.9056391 ] } },
{ "type": "Feature", "properties": { "NR_ZONA": "378", "NR_SECAO": "288", "NR_LOCAL_VOTACAO": "1333", "NM_UE": "CAMPINAS", "endereco_geocode": "Campinas, SP, Brasil", "lat": -22.9056391, "lng": -47.059564 }, "geometry": { "type": "Point", "coordinates": [ -47.059564, -22.9056391 ] } },
{ "type": "Feature", "properties": { "NR_ZONA": "379", "NR_SECAO": "211", "NR_LOCAL_VOTACAO": "1325", "NM_UE": "CAMPINAS", "endereco_geocode": "Campinas, SP, Brasil", "lat": -22.9056391, "lng": -47.059564 }, "geometry": { "type": "Point", "coordinates": [ -47.059564, -22.9056391 ] } },
{ "type": "Feature", "properties": { "NR_ZONA": "33", "NR_SECAO": "82", "NR_LOCAL_VOTACAO": "1139", "NM_UE": "CAMPINAS", "endereco_geocode": "Campinas, SP, Brasil", "lat": -22.9056391, "lng": -47.059564 }, "geometry": { "type": "Point", "coordinates": [ -47.059564, -22.9056391 ] } },
{ "type": "Feature", "properties": { "NR_ZONA": "380", "NR_SECAO": "321", "NR_LOCAL_VOTACAO": "1031", "NM_UE": "CAMPINAS", "endereco_geocode": "Campinas, SP, Brasil", "lat": -22.9056391, "lng": -47.059564 }, "geometry": { "type": "Point", "coordinates": [ -47.059564, -22.9056391 ] } },
{ "type": "Feature", "properties": { "NR_ZONA": "378", "NR_SECAO": "16", "NR_LOCAL_VOTACAO": "1015", "NM_UE": "CAMPINAS", "endereco_geocode": "Campinas, SP, Brasil", "lat": -22.9056391, "lng": -47.059564 }, "geometry": { "type": "Point", "coordinates": [ -47.059564, -22.9056391 ] } },
{ "type": "Feature", "properties": { "NR_ZONA": "33", "NR_SECAO": "415", "NR_LOCAL_VOTACAO": "2259", "NM_UE": "CAMPINAS", "endereco_geocode": "Campinas, SP, Brasil", "lat": -22.9056391, "lng": -47.059564 }, "geometry": { "type": "Point", "coordinates": [ -47.059564, -22.9056391 ] } },
{ "type": "Feature", "properties": { "NR_ZONA": "33", "NR_SECAO": "460", "NR_LOCAL_VOTACAO": "2291", "NM_UE": "CAMPINAS", "endereco_geocode": "Campinas, SP, Brasil", "lat": -22.9056391, "lng": -47.059564 }, "geometry": { "type": "Point", "coordinates": [ -47.059564, -22.9056391 ] } },
{ "type": "Feature", "properties": { "NR_ZONA": "379", "NR_SECAO": "181", "NR_LOCAL_VOTACAO": "1295", "NM_UE": "CAMPINAS", "endereco_geocode": "Campinas, SP, Brasil", "lat": -22.9056391, "lng": -47.059564 }, "geometry": { "type": "Point", "coordinates": [ -47.059564, -22.9056391 ] } },
{ "type": "Feature", "properties": { "NR_ZONA": "33", "NR_SECAO": "410", "NR_LOCAL_VOTACAO": "2259", "NM_UE": "CAMPINAS", "endereco_geocode": "Campinas, SP, Brasil", "lat": -22.9056391, "lng": -47.059564 }, "geometry": { "type": "Point", "coordinates": [ -47.059564, -22.9056391 ] } },
{ "type": "Feature", "properties": { "NR_ZONA": "274", "NR_SECAO": "269", "NR_LOCAL_VOTACAO": "1309", "NM_UE": "CAMPINAS", "endereco_geocode": "Campinas, SP, Brasil", "lat": -22.9056391, "lng": -47.059564 }, "geometry": { "type": "Point", "coordinates": [ -47.059564, -22.9056391 ] } },
{ "type": "Feature", "properties": { "NR_ZONA": "274", "NR_SECAO": "757", "NR_LOCAL_VOTACAO": "2038", "NM_UE": "CAMPINAS", "endereco_geocode": "Campinas, SP, Brasil", "lat": -22.9056391, "lng": -47.059564 }, "geometry": { "type": "Point", "coordinates": [ -47.059564, -22.9056391 ] } },
{ "type": "Feature", "properties": { "NR_ZONA": "379", "NR_SECAO": "178", "NR_LOCAL_VOTACAO": "1295", "NM_UE": "CAMPINAS", "endereco_geocode": "Campinas, SP, Brasil", "lat": -22.9056391, "lng": -47.059564 }, "geometry": { "type": "Point", "coordinates": [ -47.059564, -22.9056391 ] } },
{ "type": "Feature", "properties": { "NR_ZONA": "379", "NR_SECAO": "16", "NR_LOCAL_VOTACAO": "1023", "NM_UE": "CAMPINAS", "endereco_geocode": "Campinas, SP, Brasil", "lat": -22.9056391, "lng": -47.059564 }, "geometry": { "type": "Point", "coordinates": [ -47.059564, -22.9056391 ] } },
{ "type": "Feature", "properties": { "NR_ZONA": "378", "NR_SECAO": "40", "NR_LOCAL_VOTACAO": "1031", "NM_UE": "CAMPINAS", "endereco_geocode": "Campinas, SP, Brasil", "lat": -22.9056391, "lng": -47.059564 }, "geometry": { "type": "Point", "coordinates": [ -47.059564, -22.9056391 ] } },
{ "type": "Feature", "properties": { "NR_ZONA": "379", "NR_SECAO": "497", "NR_LOCAL_VOTACAO": "1562", "NM_UE": "CAMPINAS", "endereco_geocode": "Campinas, SP, Brasil", "lat": -22.9056391, "lng": -47.059564 }, "geometry": { "type": "Point", "coordinates": [ -47.059564, -22.9056391 ] } },
{ "type": "Feature", "properties": { "NR_ZONA": "380", "NR_SECAO": "228", "NR_LOCAL_VOTACAO": "1430", "NM_UE": "CAMPINAS", "endereco_geocode": "Campinas, SP, Brasil", "lat": -22.9056391, "lng": -47.059564 }, "geometry": { "type": "Point", "coordinates": [ -47.059564, -22.9056391 ] } },
{ "type": "Feature", "properties": { "NR_ZONA": "274", "NR_SECAO": "486", "NR_LOCAL_VOTACAO": "1201", "NM_UE": "CAMPINAS", "endereco_geocode": "Campinas, SP, Brasil", "lat": -22.9056391, "lng": -47.059564 }, "geometry": { "type": "Point", "coordinates": [ -47.059564, -22.9056391 ] } },
{ "type": "Feature", "properties": { "NR_ZONA": "378", "NR_SECAO": "525", "NR_LOCAL_VOTACAO": "1457", "NM_UE": "CAMPINAS", "endereco_geocode": "Campinas, SP, Brasil", "lat": -22.9056391, "lng": -47.059564 }, "geometry": { "type": "Point", "coordinates": [ -47.059564, -22.9056391 ] } },
{ "type": "Feature", "properties": { "NR_ZONA": "380", "NR_SECAO": "336", "NR_LOCAL_VOTACAO": "1481", "NM_UE": "CAMPINAS", "endereco_geocode": "Campinas, SP, Brasil", "lat": -22.9056391, "lng": -47.059564 }, "geometry": { "type": "Point", "coordinates": [ -47.059564, -22.9056391 ] } },
{ "type": "Feature", "properties": { "NR_ZONA": "275", "NR_SECAO": "467", "NR_LOCAL_VOTACAO": "1309", "NM_UE": "CAMPINAS", "endereco_geocode": "Campinas, SP, Brasil", "lat": -22.9056391, "lng": -47.059564 }, "geometry": { "type": "Point", "coordinates": [ -47.059564, -22.9056391 ] } },
{ "type": "Feature", "properties": { "NR_ZONA": "423", "NR_SECAO": "37", "NR_LOCAL_VOTACAO": "1040", "NM_UE": "CAMPINAS", "endereco_geocode": "Campinas, SP, Brasil", "lat": -22.9056391, "lng": -47.059564 }, "geometry": { "type": "Point", "coordinates": [ -47.059564, -22.9056391 ] } },
{ "type": "Feature", "properties": { "NR_ZONA": "274", "NR_SECAO": "111", "NR_LOCAL_VOTACAO": "1139", "NM_UE": "CAMPINAS", "endereco_geocode": "Campinas, SP, Brasil", "lat": -22.9056391, "lng": -47.059564 }, "geometry": { "type": "Point", "coordinates": [ -47.059564, -22.9056391 ] } },
{ "type": "Feature", "properties": { "NR_ZONA": "378", "NR_SECAO": "240", "NR_LOCAL_VOTACAO": "1279", "NM_UE": "CAMPINAS", "endereco_geocode": "Campinas, SP, Brasil", "lat": -22.9056391, "lng": -47.059564 }, "geometry": { "type": "Point", "coordinates": [ -47.059564, -22.9056391 ] } },
{ "type": "Feature", "properties": { "NR_ZONA": "274", "NR_SECAO": "127", "NR_LOCAL_VOTACAO": "1155", "NM_UE": "CAMPINAS", "endereco_geocode": "Campinas, SP, Brasil", "lat": -22.9056391, "lng": -47.059564 }, "geometry": { "type": "Point", "coordinates": [ -47.059564, -22.9056391 ] } },
{ "type": "Feature", "properties": { "NR_ZONA": "378", "NR_SECAO": "78", "NR_LOCAL_VOTACAO": "1058", "NM_UE": "CAMPINAS", "endereco_geocode": "Campinas, SP, Brasil", "lat": -22.9056391, "lng": -47.059564 }, "geometry": { "type": "Point", "coordinates": [ -47.059564, -22.9056391 ] } },
{ "type": "Feature", "properties": { "NR_ZONA": "274", "NR_SECAO": "603", "NR_LOCAL_VOTACAO": "1856", "NM_UE": "CAMPINAS", "endereco_geocode": "Campinas, SP, Brasil", "lat": -22.9056391, "lng": -47.059564 }, "geometry": { "type": "Point", "coordinates": [ -47.059564, -22.9056391 ] } },
{ "type": "Feature", "properties": { "NR_ZONA": "379", "NR_SECAO": "240", "NR_LOCAL_VOTACAO": "1040", "NM_UE": "CAMPINAS", "endereco_geocode": "Campinas, SP, Brasil", "lat": -22.9056391, "lng": -47.059564 }, "geometry": { "type": "Point", "coordinates": [ -47.059564, -22.9056391 ] } },
{ "type": "Feature", "properties": { "NR_ZONA": "378", "NR_SECAO": "95", "NR_LOCAL_VOTACAO": "1074", "NM_UE": "CAMPINAS", "endereco_geocode": "Campinas, SP, Brasil", "lat": -22.9056391, "lng": -47.059564 }, "geometry": { "type": "Point", "coordinates": [ -47.059564, -22.9056391 ] } },
{ "type": "Feature", "properties": { "NR_ZONA": "378", "NR_SECAO": "51", "NR_LOCAL_VOTACAO": "1040", "NM_UE": "CAMPINAS", "endereco_geocode": "Campinas, SP, Brasil", "lat": -22.9056391, "lng": -47.059564 }, "geometry": { "type": "Point", "coordinates": [ -47.059564, -22.9056391 ] } },
{ "type": "Feature", "properties": { "NR_ZONA": "33", "NR_SECAO": "61", "NR_LOCAL_VOTACAO": "1090", "NM_UE": "CAMPINAS", "endereco_geocode": "Campinas, SP, Brasil", "lat": -22.9056391, "lng": -47.059564 }, "geometry": { "type": "Point", "coordinates": [ -47.059564, -22.9056391 ] } },
{ "type": "Feature", "properties": { "NR_ZONA": "33", "NR_SECAO": "413", "NR_LOCAL_VOTACAO": "2259", "NM_UE": "CAMPINAS", "endereco_geocode": "Campinas, SP, Brasil", "lat": -22.9056391, "lng": -47.059564 }, "geometry": { "type": "Point", "coordinates": [ -47.059564, -22.9056391 ] } },
{ "type": "Feature", "properties": { "NR_ZONA": "33", "NR_SECAO": "48", "NR_LOCAL_VOTACAO": "1074", "NM_UE": "CAMPINAS", "endereco_geocode": "Campinas, SP, Brasil", "lat": -22.9056391, "lng": -47.059564 }, "geometry": { "type": "Point", "coordinates": [ -47.059564, -22.9056391 ] } },
{ "type": "Feature", "properties": { "NR_ZONA": "378", "NR_SECAO": "419", "NR_LOCAL_VOTACAO": "1520", "NM_UE": "CAMPINAS", "endereco_geocode": "Campinas, SP, Brasil", "lat": -22.9056391, "lng": -47.059564 }, "geometry": { "type": "Point", "coordinates": [ -47.059564, -22.9056391 ] } },
{ "type": "Feature", "properties": { "NR_ZONA": "380", "NR_SECAO": "292", "NR_LOCAL_VOTACAO": "1171", "NM_UE": "CAMPINAS", "endereco_geocode": "Campinas, SP, Brasil", "lat": -22.9056391, "lng": -47.059564 }, "geometry": { "type": "Point", "coordinates": [ -47.059564, -22.9056391 ] } },
{ "type": "Feature", "properties": { "NR_ZONA": "33", "NR_SECAO": "121", "NR_LOCAL_VOTACAO": "1180", "NM_UE": "CAMPINAS", "endereco_geocode": "Campinas, SP, Brasil", "lat": -22.9056391, "lng": -47.059564 }, "geometry": { "type": "Point", "coordinates": [ -47.059564, -22.9056391 ] } },
{ "type": "Feature", "properties": { "NR_ZONA": "423", "NR_SECAO": "59", "NR_LOCAL_VOTACAO": "1066", "NM_UE": "CAMPINAS", "endereco_geocode": "Campinas, SP, Brasil", "lat": -22.9056391, "lng": -47.059564 }, "geometry": { "type": "Point", "coordinates": [ -47.059564, -22.9056391 ] } },
{ "type": "Feature", "properties": { "NR_ZONA": "379", "NR_SECAO": "500", "NR_LOCAL_VOTACAO": "1570", "NM_UE": "CAMPINAS", "endereco_geocode": "Campinas, SP, Brasil", "lat": -22.9056391, "lng": -47.059564 }, "geometry": { "type": "Point", "coordinates": [ -47.059564, -22.9056391 ] } },
{ "type": "Feature", "properties": { "NR_ZONA": "379", "NR_SECAO": "477", "NR_LOCAL_VOTACAO": "1546", "NM_UE": "CAMPINAS", "endereco_geocode": "Campinas, SP, Brasil", "lat": -22.9056391, "lng": -47.059564 }, "geometry": { "type": "Point", "coordinates": [ -47.059564, -22.9056391 ] } },
{ "type": "Feature", "properties": { "NR_ZONA": "33", "NR_SECAO": "72", "NR_LOCAL_VOTACAO": "1139", "NM_UE": "CAMPINAS", "endereco_geocode": "Campinas, SP, Brasil", "lat": -22.9056391, "lng": -47.059564 }, "geometry": { "type": "Point", "coordinates": [ -47.059564, -22.9056391 ] } },
{ "type": "Feature", "properties": { "NR_ZONA": "275", "NR_SECAO": "550", "NR_LOCAL_VOTACAO": "1163", "NM_UE": "CAMPINAS", "endereco_geocode": "Campinas, SP, Brasil", "lat": -22.9056391, "lng": -47.059564 }, "geometry": { "type": "Point", "coordinates": [ -47.059564, -22.9056391 ] } },
{ "type": "Feature", "properties": { "NR_ZONA": "378", "NR_SECAO": "239", "NR_LOCAL_VOTACAO": "1252", "NM_UE": "CAMPINAS", "endereco_geocode": "Campinas, SP, Brasil", "lat": -22.9056391, "lng": -47.059564 }, "geometry": { "type": "Point", "coordinates": [ -47.059564, -22.9056391 ] } },
{ "type": "Feature", "properties": { "NR_ZONA": "33", "NR_SECAO": "438", "NR_LOCAL_VOTACAO": "2275", "NM_UE": "CAMPINAS", "endereco_geocode": "Campinas, SP, Brasil", "lat": -22.9056391, "lng": -47.059564 }, "geometry": { "type": "Point", "coordinates": [ -47.059564, -22.9056391 ] } },
{ "type": "Feature", "properties": { "NR_ZONA": "274", "NR_SECAO": "654", "NR_LOCAL_VOTACAO": "1929", "NM_UE": "CAMPINAS", "endereco_geocode": "Campinas, SP, Brasil", "lat": -22.9056391, "lng": -47.059564 }, "geometry": { "type": "Point", "coordinates": [ -47.059564, -22.9056391 ] } },
{ "type": "Feature", "properties": { "NR_ZONA": "275", "NR_SECAO": "314", "NR_LOCAL_VOTACAO": "1465", "NM_UE": "CAMPINAS", "endereco_geocode": "Campinas, SP, Brasil", "lat": -22.9056391, "lng": -47.059564 }, "geometry": { "type": "Point", "coordinates": [ -47.059564, -22.9056391 ] } },
{ "type": "Feature", "properties": { "NR_ZONA": "274", "NR_SECAO": "79", "NR_LOCAL_VOTACAO": "1090", "NM_UE": "CAMPINAS", "endereco_geocode": "Campinas, SP, Brasil", "lat": -22.9056391, "lng": -47.059564 }, "geometry": { "type": "Point", "coordinates": [ -47.059564, -22.9056391 ] } },
{ "type": "Feature", "properties": { "NR_ZONA": "380", "NR_SECAO": "81", "NR_LOCAL_VOTACAO": "1180", "NM_UE": "CAMPINAS", "endereco_geocode": "Campinas, SP, Brasil", "lat": -22.9056391, "lng": -47.059564 }, "geometry": { "type": "Point", "coordinates": [ -47.059564, -22.9056391 ] } },
{ "type": "Feature", "properties": { "NR_ZONA": "275", "NR_SECAO": "593", "NR_LOCAL_VOTACAO": "1163", "NM_UE": "CAMPINAS", "endereco_geocode": "Campinas, SP, Brasil", "lat": -22.9056391, "lng": -47.059564 }, "geometry": { "type": "Point", "coordinates": [ -47.059564, -22.9056391 ] } },
{ "type": "Feature", "properties": { "NR_ZONA": "379", "NR_SECAO": "307", "NR_LOCAL_VOTACAO": "1392", "NM_UE": "CAMPINAS", "endereco_geocode": "Campinas, SP, Brasil", "lat": -22.9056391, "lng": -47.059564 }, "geometry": { "type": "Point", "coordinates": [ -47.059564, -22.9056391 ] } },
{ "type": "Feature", "properties": { "NR_ZONA": "275", "NR_SECAO": "564", "NR_LOCAL_VOTACAO": "1538", "NM_UE": "CAMPINAS", "endereco_geocode": "Campinas, SP, Brasil", "lat": -22.9056391, "lng": -47.059564 }, "geometry": { "type": "Point", "coordinates": [ -47.059564, -22.9056391 ] } },
{ "type": "Feature", "properties": { "NR_ZONA": "275", "NR_SECAO": "185", "NR_LOCAL_VOTACAO": "1295", "NM_UE": "CAMPINAS", "endereco_geocode": "Campinas, SP, Brasil", "lat": -22.9056391, "lng": -47.059564 }, "geometry": { "type": "Point", "coordinates": [ -47.059564, -22.9056391 ] } },
{ "type": "Feature", "properties": { "NR_ZONA": "378", "NR_SECAO": "556", "NR_LOCAL_VOTACAO": "1260", "NM_UE": "CAMPINAS", "endereco_geocode": "Campinas, SP, Brasil", "lat": -22.9056391, "lng": -47.059564 }, "geometry": { "type": "Point", "coordinates": [ -47.059564, -22.9056391 ] } },
{ "type": "Feature", "properties": { "NR_ZONA": "378", "NR_SECAO": "183", "NR_LOCAL_VOTACAO": "1201", "NM_UE": "CAMPINAS", "endereco_geocode": "Campinas, SP, Brasil", "lat": -22.9056391, "lng": -47.059564 }, "geometry": { "type": "Point", "coordinates": [ -47.059564, -22.9056391 ] } },
{ "type": "Feature", "properties": { "NR_ZONA": "378", "NR_SECAO": "42", "NR_LOCAL_VOTACAO": "1031", "NM_UE": "CAMPINAS", "endereco_geocode": "Campinas, SP, Brasil", "lat": -22.9056391, "lng": -47.059564 }, "geometry": { "type": "Point", "coordinates": [ -47.059564, -22.9056391 ] } },
{ "type": "Feature", "properties": { "NR_ZONA": "33", "NR_SECAO": "56", "NR_LOCAL_VOTACAO": "1082", "NM_UE": "CAMPINAS", "endereco_geocode": "Campinas, SP, Brasil", "lat": -22.9056391, "lng": -47.059564 }, "geometry": { "type": "Point", "coordinates": [ -47.059564, -22.9056391 ] } },
{ "type": "Feature", "properties": { "NR_ZONA": "379", "NR_SECAO": "287", "NR_LOCAL_VOTACAO": "1406", "NM_UE": "CAMPINAS", "endereco_geocode": "Campinas, SP, Brasil", "lat": -22.9056391, "lng": -47.059564 }, "geometry": { "type": "Point", "coordinates": [ -47.059564, -22.9056391 ] } },
{ "type": "Feature", "properties": { "NR_ZONA": "423", "NR_SECAO": "115", "NR_LOCAL_VOTACAO": "1112", "NM_UE": "CAMPINAS", "endereco_geocode": "Campinas, SP, Brasil", "lat": -22.9056391, "lng": -47.059564 }, "geometry": { "type": "Point", "coordinates": [ -47.059564, -22.9056391 ] } },
{ "type": "Feature", "properties": { "NR_ZONA": "379", "NR_SECAO": "487", "NR_LOCAL_VOTACAO": "1554", "NM_UE": "CAMPINAS", "endereco_geocode": "Campinas, SP, Brasil", "lat": -22.9056391, "lng": -47.059564 }, "geometry": { "type": "Point", "coordinates": [ -47.059564, -22.9056391 ] } },
{ "type": "Feature", "properties": { "NR_ZONA": "274", "NR_SECAO": "780", "NR_LOCAL_VOTACAO": "2062", "NM_UE": "CAMPINAS", "endereco_geocode": "Campinas, SP, Brasil", "lat": -22.9056391, "lng": -47.059564 }, "geometry": { "type": "Point", "coordinates": [ -47.059564, -22.9056391 ] } },
{ "type": "Feature", "properties": { "NR_ZONA": "379", "NR_SECAO": "405", "NR_LOCAL_VOTACAO": "1368", "NM_UE": "CAMPINAS", "endereco_geocode": "Campinas, SP, Brasil", "lat": -22.9056391, "lng": -47.059564 }, "geometry": { "type": "Point", "coordinates": [ -47.059564, -22.9056391 ] } },
{ "type": "Feature", "properties": { "NR_ZONA": "378", "NR_SECAO": "265", "NR_LOCAL_VOTACAO": "1252", "NM_UE": "CAMPINAS", "endereco_geocode": "Campinas, SP, Brasil", "lat": -22.9056391, "lng": -47.059564 }, "geometry": { "type": "Point", "coordinates": [ -47.059564, -22.9056391 ] } },
{ "type": "Feature", "properties": { "NR_ZONA": "378", "NR_SECAO": "236", "NR_LOCAL_VOTACAO": "1198", "NM_UE": "CAMPINAS", "endereco_geocode": "Campinas, SP, Brasil", "lat": -22.9056391, "lng": -47.059564 }, "geometry": { "type": "Point", "coordinates": [ -47.059564, -22.9056391 ] } },
{ "type": "Feature", "properties": { "NR_ZONA": "378", "NR_SECAO": "175", "NR_LOCAL_VOTACAO": "1171", "NM_UE": "CAMPINAS", "endereco_geocode": "Campinas, SP, Brasil", "lat": -22.9056391, "lng": -47.059564 }, "geometry": { "type": "Point", "coordinates": [ -47.059564, -22.9056391 ] } },
{ "type": "Feature", "properties": { "NR_ZONA": "378", "NR_SECAO": "64", "NR_LOCAL_VOTACAO": "1392", "NM_UE": "CAMPINAS", "endereco_geocode": "Campinas, SP, Brasil", "lat": -22.9056391, "lng": -47.059564 }, "geometry": { "type": "Point", "coordinates": [ -47.059564, -22.9056391 ] } },
{ "type": "Feature", "properties": { "NR_ZONA": "378", "NR_SECAO": "237", "NR_LOCAL_VOTACAO": "1180", "NM_UE": "CAMPINAS", "endereco_geocode": "Campinas, SP, Brasil", "lat": -22.9056391, "lng": -47.059564 }, "geometry": { "type": "Point", "coordinates": [ -47.059564, -22.9056391 ] } },
{ "type": "Feature", "properties": { "NR_ZONA": "33", "NR_SECAO": "11", "NR_LOCAL_VOTACAO": "1074", "NM_UE": "CAMPINAS", "endereco_geocode": "Campinas, SP, Brasil", "lat": -22.9056391, "lng": -47.059564 }, "geometry": { "type": "Point", "coordinates": [ -47.059564, -22.9056391 ] } },
{ "type": "Feature", "properties": { "NR_ZONA": "275", "NR_SECAO": "297", "NR_LOCAL_VOTACAO": "1449", "NM_UE": "CAMPINAS", "endereco_geocode": "Campinas, SP, Brasil", "lat": -22.9056391, "lng": -47.059564 }, "geometry": { "type": "Point", "coordinates": [ -47.059564, -22.9056391 ] } },
{ "type": "Feature", "properties": { "NR_ZONA": "275", "NR_SECAO": "301", "NR_LOCAL_VOTACAO": "1449", "NM_UE": "CAMPINAS", "endereco_geocode": "Campinas, SP, Brasil", "lat": -22.9056391, "lng": -47.059564 }, "geometry": { "type": "Point", "coordinates": [ -47.059564, -22.9056391 ] } },
{ "type": "Feature", "properties": { "NR_ZONA": "378", "NR_SECAO": "230", "NR_LOCAL_VOTACAO": "1341", "NM_UE": "CAMPINAS", "endereco_geocode": "Campinas, SP, Brasil", "lat": -22.9056391, "lng": -47.059564 }, "geometry": { "type": "Point", "coordinates": [ -47.059564, -22.9056391 ] } },
{ "type": "Feature", "properties": { "NR_ZONA": "378", "NR_SECAO": "442", "NR_LOCAL_VOTACAO": "1503", "NM_UE": "CAMPINAS", "endereco_geocode": "Campinas, SP, Brasil", "lat": -22.9056391, "lng": -47.059564 }, "geometry": { "type": "Point", "coordinates": [ -47.059564, -22.9056391 ] } },
{ "type": "Feature", "properties": { "NR_ZONA": "274", "NR_SECAO": "664", "NR_LOCAL_VOTACAO": "1929", "NM_UE": "CAMPINAS", "endereco_geocode": "Campinas, SP, Brasil", "lat": -22.9056391, "lng": -47.059564 }, "geometry": { "type": "Point", "coordinates": [ -47.059564, -22.9056391 ] } },
{ "type": "Feature", "properties": { "NR_ZONA": "378", "NR_SECAO": "62", "NR_LOCAL_VOTACAO": "1040", "NM_UE": "CAMPINAS", "endereco_geocode": "Campinas, SP, Brasil", "lat": -22.9056391, "lng": -47.059564 }, "geometry": { "type": "Point", "coordinates": [ -47.059564, -22.9056391 ] } },
{ "type": "Feature", "properties": { "NR_ZONA": "380", "NR_SECAO": "78", "NR_LOCAL_VOTACAO": "1180", "NM_UE": "CAMPINAS", "endereco_geocode": "Campinas, SP, Brasil", "lat": -22.9056391, "lng": -47.059564 }, "geometry": { "type": "Point", "coordinates": [ -47.059564, -22.9056391 ] } },
{ "type": "Feature", "properties": { "NR_ZONA": "378", "NR_SECAO": "83", "NR_LOCAL_VOTACAO": "1066", "NM_UE": "CAMPINAS", "endereco_geocode": "Campinas, SP, Brasil", "lat": -22.9056391, "lng": -47.059564 }, "geometry": { "type": "Point", "coordinates": [ -47.059564, -22.9056391 ] } },
{ "type": "Feature", "properties": { "NR_ZONA": "33", "NR_SECAO": "304", "NR_LOCAL_VOTACAO": "1201", "NM_UE": "CAMPINAS", "endereco_geocode": "Campinas, SP, Brasil", "lat": -22.9056391, "lng": -47.059564 }, "geometry": { "type": "Point", "coordinates": [ -47.059564, -22.9056391 ] } },
{ "type": "Feature", "properties": { "NR_ZONA": "379", "NR_SECAO": "449", "NR_LOCAL_VOTACAO": "1201", "NM_UE": "CAMPINAS", "endereco_geocode": "Campinas, SP, Brasil", "lat": -22.9056391, "lng": -47.059564 }, "geometry": { "type": "Point", "coordinates": [ -47.059564, -22.9056391 ] } },
{ "type": "Feature", "properties": { "NR_ZONA": "379", "NR_SECAO": "33", "NR_LOCAL_VOTACAO": "1040", "NM_UE": "CAMPINAS", "endereco_geocode": "Campinas, SP, Brasil", "lat": -22.9056391, "lng": -47.059564 }, "geometry": { "type": "Point", "coordinates": [ -47.059564, -22.9056391 ] } },
{ "type": "Feature", "properties": { "NR_ZONA": "33", "NR_SECAO": "538", "NR_LOCAL_VOTACAO": "2364", "NM_UE": "CAMPINAS", "endereco_geocode": "Campinas, SP, Brasil", "lat": -22.9056391, "lng": -47.059564 }, "geometry": { "type": "Point", "coordinates": [ -47.059564, -22.9056391 ] } },
{ "type": "Feature", "properties": { "NR_ZONA": "379", "NR_SECAO": "404", "NR_LOCAL_VOTACAO": "1244", "NM_UE": "CAMPINAS", "endereco_geocode": "Campinas, SP, Brasil", "lat": -22.9056391, "lng": -47.059564 }, "geometry": { "type": "Point", "coordinates": [ -47.059564, -22.9056391 ] } },
{ "type": "Feature", "properties": { "NR_ZONA": "275", "NR_SECAO": "310", "NR_LOCAL_VOTACAO": "1457", "NM_UE": "CAMPINAS", "endereco_geocode": "Campinas, SP, Brasil", "lat": -22.9056391, "lng": -47.059564 }, "geometry": { "type": "Point", "coordinates": [ -47.059564, -22.9056391 ] } },
{ "type": "Feature", "properties": { "NR_ZONA": "275", "NR_SECAO": "519", "NR_LOCAL_VOTACAO": "1449", "NM_UE": "CAMPINAS", "endereco_geocode": "Campinas, SP, Brasil", "lat": -22.9056391, "lng": -47.059564 }, "geometry": { "type": "Point", "coordinates": [ -47.059564, -22.9056391 ] } },
{ "type": "Feature", "properties": { "NR_ZONA": "423", "NR_SECAO": "71", "NR_LOCAL_VOTACAO": "1074", "NM_UE": "CAMPINAS", "endereco_geocode": "Campinas, SP, Brasil", "lat": -22.9056391, "lng": -47.059564 }, "geometry": { "type": "Point", "coordinates": [ -47.059564, -22.9056391 ] } },
{ "type": "Feature", "properties": { "NR_ZONA": "274", "NR_SECAO": "665", "NR_LOCAL_VOTACAO": "1120", "NM_UE": "CAMPINAS", "endereco_geocode": "Campinas, SP, Brasil", "lat": -22.9056391, "lng": -47.059564 }, "geometry": { "type": "Point", "coordinates": [ -47.059564, -22.9056391 ] } },
{ "type": "Feature", "properties": { "NR_ZONA": "275", "NR_SECAO": "242", "NR_LOCAL_VOTACAO": "1350", "NM_UE": "CAMPINAS", "endereco_geocode": "Campinas, SP, Brasil", "lat": -22.9056391, "lng": -47.059564 }, "geometry": { "type": "Point", "coordinates": [ -47.059564, -22.9056391 ] } },
{ "type": "Feature", "properties": { "NR_ZONA": "380", "NR_SECAO": "66", "NR_LOCAL_VOTACAO": "1163", "NM_UE": "CAMPINAS", "endereco_geocode": "Campinas, SP, Brasil", "lat": -22.9056391, "lng": -47.059564 }, "geometry": { "type": "Point", "coordinates": [ -47.059564, -22.9056391 ] } },
{ "type": "Feature", "properties": { "NR_ZONA": "378", "NR_SECAO": "313", "NR_LOCAL_VOTACAO": "1414", "NM_UE": "CAMPINAS", "endereco_geocode": "Campinas, SP, Brasil", "lat": -22.9056391, "lng": -47.059564 }, "geometry": { "type": "Point", "coordinates": [ -47.059564, -22.9056391 ] } },
{ "type": "Feature", "properties": { "NR_ZONA": "423", "NR_SECAO": "81", "NR_LOCAL_VOTACAO": "1082", "NM_UE": "CAMPINAS", "endereco_geocode": "Campinas, SP, Brasil", "lat": -22.9056391, "lng": -47.059564 }, "geometry": { "type": "Point", "coordinates": [ -47.059564, -22.9056391 ] } },
{ "type": "Feature", "properties": { "NR_ZONA": "33", "NR_SECAO": "486", "NR_LOCAL_VOTACAO": "2321", "NM_UE": "CAMPINAS", "endereco_geocode": "Campinas, SP, Brasil", "lat": -22.9056391, "lng": -47.059564 }, "geometry": { "type": "Point", "coordinates": [ -47.059564, -22.9056391 ] } },
{ "type": "Feature", "properties": { "NR_ZONA": "33", "NR_SECAO": "533", "NR_LOCAL_VOTACAO": "2364", "NM_UE": "CAMPINAS", "endereco_geocode": "Campinas, SP, Brasil", "lat": -22.9056391, "lng": -47.059564 }, "geometry": { "type": "Point", "coordinates": [ -47.059564, -22.9056391 ] } },
{ "type": "Feature", "properties": { "NR_ZONA": "380", "NR_SECAO": "134", "NR_LOCAL_VOTACAO": "1333", "NM_UE": "CAMPINAS", "endereco_geocode": "Campinas, SP, Brasil", "lat": -22.9056391, "lng": -47.059564 }, "geometry": { "type": "Point", "coordinates": [ -47.059564, -22.9056391 ] } },
{ "type": "Feature", "properties": { "NR_ZONA": "274", "NR_SECAO": "761", "NR_LOCAL_VOTACAO": "2046", "NM_UE": "CAMPINAS", "endereco_geocode": "Campinas, SP, Brasil", "lat": -22.9056391, "lng": -47.059564 }, "geometry": { "type": "Point", "coordinates": [ -47.059564, -22.9056391 ] } },
{ "type": "Feature", "properties": { "NR_ZONA": "423", "NR_SECAO": "313", "NR_LOCAL_VOTACAO": "1406", "NM_UE": "CAMPINAS", "endereco_geocode": "Campinas, SP, Brasil", "lat": -22.9056391, "lng": -47.059564 }, "geometry": { "type": "Point", "coordinates": [ -47.059564, -22.9056391 ] } },
{ "type": "Feature", "properties": { "NR_ZONA": "380", "NR_SECAO": "43", "NR_LOCAL_VOTACAO": "1147", "NM_UE": "CAMPINAS", "endereco_geocode": "Campinas, SP, Brasil", "lat": -22.9056391, "lng": -47.059564 }, "geometry": { "type": "Point", "coordinates": [ -47.059564, -22.9056391 ] } },
{ "type": "Feature", "properties": { "NR_ZONA": "274", "NR_SECAO": "595", "NR_LOCAL_VOTACAO": "1090", "NM_UE": "CAMPINAS", "endereco_geocode": "Campinas, SP, Brasil", "lat": -22.9056391, "lng": -47.059564 }, "geometry": { "type": "Point", "coordinates": [ -47.059564, -22.9056391 ] } },
{ "type": "Feature", "properties": { "NR_ZONA": "379", "NR_SECAO": "5", "NR_LOCAL_VOTACAO": "1015", "NM_UE": "CAMPINAS", "endereco_geocode": "Campinas, SP, Brasil", "lat": -22.9056391, "lng": -47.059564 }, "geometry": { "type": "Point", "coordinates": [ -47.059564, -22.9056391 ] } },
{ "type": "Feature", "properties": { "NR_ZONA": "275", "NR_SECAO": "605", "NR_LOCAL_VOTACAO": "1872", "NM_UE": "CAMPINAS", "endereco_geocode": "Campinas, SP, Brasil", "lat": -22.9056391, "lng": -47.059564 }, "geometry": { "type": "Point", "coordinates": [ -47.059564, -22.9056391 ] } },
{ "type": "Feature", "properties": { "NR_ZONA": "380", "NR_SECAO": "256", "NR_LOCAL_VOTACAO": "1430", "NM_UE": "CAMPINAS", "endereco_geocode": "Campinas, SP, Brasil", "lat": -22.9056391, "lng": -47.059564 }, "geometry": { "type": "Point", "coordinates": [ -47.059564, -22.9056391 ] } },
{ "type": "Feature", "properties": { "NR_ZONA": "274", "NR_SECAO": "112", "NR_LOCAL_VOTACAO": "1139", "NM_UE": "CAMPINAS", "endereco_geocode": "Campinas, SP, Brasil", "lat": -22.9056391, "lng": -47.059564 }, "geometry": { "type": "Point", "coordinates": [ -47.059564, -22.9056391 ] } },
{ "type": "Feature", "properties": { "NR_ZONA": "274", "NR_SECAO": "714", "NR_LOCAL_VOTACAO": "1988", "NM_UE": "CAMPINAS", "endereco_geocode": "Campinas, SP, Brasil", "lat": -22.9056391, "lng": -47.059564 }, "geometry": { "type": "Point", "coordinates": [ -47.059564, -22.9056391 ] } },
{ "type": "Feature", "properties": { "NR_ZONA": "423", "NR_SECAO": "254", "NR_LOCAL_VOTACAO": "1112", "NM_UE": "CAMPINAS", "endereco_geocode": "Campinas, SP, Brasil", "lat": -22.9056391, "lng": -47.059564 }, "geometry": { "type": "Point", "coordinates": [ -47.059564, -22.9056391 ] } },
{ "type": "Feature", "properties": { "NR_ZONA": "33", "NR_SECAO": "442", "NR_LOCAL_VOTACAO": "2283", "NM_UE": "CAMPINAS", "endereco_geocode": "Campinas, SP, Brasil", "lat": -22.9056391, "lng": -47.059564 }, "geometry": { "type": "Point", "coordinates": [ -47.059564, -22.9056391 ] } },
{ "type": "Feature", "properties": { "NR_ZONA": "378", "NR_SECAO": "58", "NR_LOCAL_VOTACAO": "1040", "NM_UE": "CAMPINAS", "endereco_geocode": "Campinas, SP, Brasil", "lat": -22.9056391, "lng": -47.059564 }, "geometry": { "type": "Point", "coordinates": [ -47.059564, -22.9056391 ] } },
{ "type": "Feature", "properties": { "NR_ZONA": "378", "NR_SECAO": "77", "NR_LOCAL_VOTACAO": "1058", "NM_UE": "CAMPINAS", "endereco_geocode": "Campinas, SP, Brasil", "lat": -22.9056391, "lng": -47.059564 }, "geometry": { "type": "Point", "coordinates": [ -47.059564, -22.9056391 ] } },
{ "type": "Feature", "properties": { "NR_ZONA": "379", "NR_SECAO": "375", "NR_LOCAL_VOTACAO": "1210", "NM_UE": "CAMPINAS", "endereco_geocode": "Campinas, SP, Brasil", "lat": -22.9056391, "lng": -47.059564 }, "geometry": { "type": "Point", "coordinates": [ -47.059564, -22.9056391 ] } },
{ "type": "Feature", "properties": { "NR_ZONA": "33", "NR_SECAO": "449", "NR_LOCAL_VOTACAO": "2283", "NM_UE": "CAMPINAS", "endereco_geocode": "Campinas, SP, Brasil", "lat": -22.9056391, "lng": -47.059564 }, "geometry": { "type": "Point", "coordinates": [ -47.059564, -22.9056391 ] } },
{ "type": "Feature", "properties": { "NR_ZONA": "378", "NR_SECAO": "284", "NR_LOCAL_VOTACAO": "1295", "NM_UE": "CAMPINAS", "endereco_geocode": "Campinas, SP, Brasil", "lat": -22.9056391, "lng": -47.059564 }, "geometry": { "type": "Point", "coordinates": [ -47.059564, -22.9056391 ] } },
{ "type": "Feature", "properties": { "NR_ZONA": "380", "NR_SECAO": "263", "NR_LOCAL_VOTACAO": "1155", "NM_UE": "CAMPINAS", "endereco_geocode": "Campinas, SP, Brasil", "lat": -22.9056391, "lng": -47.059564 }, "geometry": { "type": "Point", "coordinates": [ -47.059564, -22.9056391 ] } },
{ "type": "Feature", "properties": { "NR_ZONA": "275", "NR_SECAO": "495", "NR_LOCAL_VOTACAO": "1880", "NM_UE": "CAMPINAS", "endereco_geocode": "Campinas, SP, Brasil", "lat": -22.9056391, "lng": -47.059564 }, "geometry": { "type": "Point", "coordinates": [ -47.059564, -22.9056391 ] } },
{ "type": "Feature", "properties": { "NR_ZONA": "275", "NR_SECAO": "410", "NR_LOCAL_VOTACAO": "1090", "NM_UE": "CAMPINAS", "endereco_geocode": "Campinas, SP, Brasil", "lat": -22.9056391, "lng": -47.059564 }, "geometry": { "type": "Point", "coordinates": [ -47.059564, -22.9056391 ] } },
{ "type": "Feature", "properties": { "NR_ZONA": "33", "NR_SECAO": "390", "NR_LOCAL_VOTACAO": "1147", "NM_UE": "CAMPINAS", "endereco_geocode": "Campinas, SP, Brasil", "lat": -22.9056391, "lng": -47.059564 }, "geometry": { "type": "Point", "coordinates": [ -47.059564, -22.9056391 ] } },
{ "type": "Feature", "properties": { "NR_ZONA": "423", "NR_SECAO": "264", "NR_LOCAL_VOTACAO": "1333", "NM_UE": "CAMPINAS", "endereco_geocode": "Campinas, SP, Brasil", "lat": -22.9056391, "lng": -47.059564 }, "geometry": { "type": "Point", "coordinates": [ -47.059564, -22.9056391 ] } },
{ "type": "Feature", "properties": { "NR_ZONA": "380", "NR_SECAO": "234", "NR_LOCAL_VOTACAO": "1317", "NM_UE": "CAMPINAS", "endereco_geocode": "Campinas, SP, Brasil", "lat": -22.9056391, "lng": -47.059564 }, "geometry": { "type": "Point", "coordinates": [ -47.059564, -22.9056391 ] } },
{ "type": "Feature", "properties": { "NR_ZONA": "274", "NR_SECAO": "93", "NR_LOCAL_VOTACAO": "1112", "NM_UE": "CAMPINAS", "endereco_geocode": "Campinas, SP, Brasil", "lat": -22.9056391, "lng": -47.059564 }, "geometry": { "type": "Point", "coordinates": [ -47.059564, -22.9056391 ] } },
{ "type": "Feature", "properties": { "NR_ZONA": "33", "NR_SECAO": "563", "NR_LOCAL_VOTACAO": "2380", "NM_UE": "CAMPINAS", "endereco_geocode": "Campinas, SP, Brasil", "lat": -22.9056391, "lng": -47.059564 }, "geometry": { "type": "Point", "coordinates": [ -47.059564, -22.9056391 ] } },
{ "type": "Feature", "properties": { "NR_ZONA": "274", "NR_SECAO": "748", "NR_LOCAL_VOTACAO": "2020", "NM_UE": "CAMPINAS", "endereco_geocode": "Campinas, SP, Brasil", "lat": -22.9056391, "lng": -47.059564 }, "geometry": { "type": "Point", "coordinates": [ -47.059564, -22.9056391 ] } },
{ "type": "Feature", "properties": { "NR_ZONA": "379", "NR_SECAO": "352", "NR_LOCAL_VOTACAO": "1392", "NM_UE": "CAMPINAS", "endereco_geocode": "Campinas, SP, Brasil", "lat": -22.9056391, "lng": -47.059564 }, "geometry": { "type": "Point", "coordinates": [ -47.059564, -22.9056391 ] } },
{ "type": "Feature", "properties": { "NR_ZONA": "33", "NR_SECAO": "473", "NR_LOCAL_VOTACAO": "2313", "NM_UE": "CAMPINAS", "endereco_geocode": "Campinas, SP, Brasil", "lat": -22.9056391, "lng": -47.059564 }, "geometry": { "type": "Point", "coordinates": [ -47.059564, -22.9056391 ] } },
{ "type": "Feature", "properties": { "NR_ZONA": "274", "NR_SECAO": "261", "NR_LOCAL_VOTACAO": "1309", "NM_UE": "CAMPINAS", "endereco_geocode": "Campinas, SP, Brasil", "lat": -22.9056391, "lng": -47.059564 }, "geometry": { "type": "Point", "coordinates": [ -47.059564, -22.9056391 ] } },
{ "type": "Feature", "properties": { "NR_ZONA": "423", "NR_SECAO": "93", "NR_LOCAL_VOTACAO": "1090", "NM_UE": "CAMPINAS", "endereco_geocode": "Campinas, SP, Brasil", "lat": -22.9056391, "lng": -47.059564 }, "geometry": { "type": "Point", "coordinates": [ -47.059564, -22.9056391 ] } },
{ "type": "Feature", "properties": { "NR_ZONA": "274", "NR_SECAO": "89", "NR_LOCAL_VOTACAO": "1104", "NM_UE": "CAMPINAS", "endereco_geocode": "Campinas, SP, Brasil", "lat": -22.9056391, "lng": -47.059564 }, "geometry": { "type": "Point", "coordinates": [ -47.059564, -22.9056391 ] } },
{ "type": "Feature", "properties": { "NR_ZONA": "379", "NR_SECAO": "372", "NR_LOCAL_VOTACAO": "1465", "NM_UE": "CAMPINAS", "endereco_geocode": "Campinas, SP, Brasil", "lat": -22.9056391, "lng": -47.059564 }, "geometry": { "type": "Point", "coordinates": [ -47.059564, -22.9056391 ] } },
{ "type": "Feature", "properties": { "NR_ZONA": "379", "NR_SECAO": "473", "NR_LOCAL_VOTACAO": "1546", "NM_UE": "CAMPINAS", "endereco_geocode": "Campinas, SP, Brasil", "lat": -22.9056391, "lng": -47.059564 }, "geometry": { "type": "Point", "coordinates": [ -47.059564, -22.9056391 ] } },
{ "type": "Feature", "properties": { "NR_ZONA": "275", "NR_SECAO": "34", "NR_LOCAL_VOTACAO": "1066", "NM_UE": "CAMPINAS", "endereco_geocode": "Campinas, SP, Brasil", "lat": -22.9056391, "lng": -47.059564 }, "geometry": { "type": "Point", "coordinates": [ -47.059564, -22.9056391 ] } },
{ "type": "Feature", "properties": { "NR_ZONA": "378", "NR_SECAO": "144", "NR_LOCAL_VOTACAO": "1686", "NM_UE": "CAMPINAS", "endereco_geocode": "Campinas, SP, Brasil", "lat": -22.9056391, "lng": -47.059564 }, "geometry": { "type": "Point", "coordinates": [ -47.059564, -22.9056391 ] } },
{ "type": "Feature", "properties": { "NR_ZONA": "378", "NR_SECAO": "104", "NR_LOCAL_VOTACAO": "1082", "NM_UE": "CAMPINAS", "endereco_geocode": "Campinas, SP, Brasil", "lat": -22.9056391, "lng": -47.059564 }, "geometry": { "type": "Point", "coordinates": [ -47.059564, -22.9056391 ] } },
{ "type": "Feature", "properties": { "NR_ZONA": "33", "NR_SECAO": "37", "NR_LOCAL_VOTACAO": "1066", "NM_UE": "CAMPINAS", "endereco_geocode": "Campinas, SP, Brasil", "lat": -22.9056391, "lng": -47.059564 }, "geometry": { "type": "Point", "coordinates": [ -47.059564, -22.9056391 ] } },
{ "type": "Feature", "properties": { "NR_ZONA": "379", "NR_SECAO": "305", "NR_LOCAL_VOTACAO": "1406", "NM_UE": "CAMPINAS", "endereco_geocode": "Campinas, SP, Brasil", "lat": -22.9056391, "lng": -47.059564 }, "geometry": { "type": "Point", "coordinates": [ -47.059564, -22.9056391 ] } },
{ "type": "Feature", "properties": { "NR_ZONA": "275", "NR_SECAO": "572", "NR_LOCAL_VOTACAO": "1104", "NM_UE": "CAMPINAS", "endereco_geocode": "Campinas, SP, Brasil", "lat": -22.9056391, "lng": -47.059564 }, "geometry": { "type": "Point", "coordinates": [ -47.059564, -22.9056391 ] } },
{ "type": "Feature", "properties": { "NR_ZONA": "380", "NR_SECAO": "12", "NR_LOCAL_VOTACAO": "1104", "NM_UE": "CAMPINAS", "endereco_geocode": "Campinas, SP, Brasil", "lat": -22.9056391, "lng": -47.059564 }, "geometry": { "type": "Point", "coordinates": [ -47.059564, -22.9056391 ] } },
{ "type": "Feature", "properties": { "NR_ZONA": "379", "NR_SECAO": "420", "NR_LOCAL_VOTACAO": "1520", "NM_UE": "CAMPINAS", "endereco_geocode": "Campinas, SP, Brasil", "lat": -22.9056391, "lng": -47.059564 }, "geometry": { "type": "Point", "coordinates": [ -47.059564, -22.9056391 ] } },
{ "type": "Feature", "properties": { "NR_ZONA": "275", "NR_SECAO": "182", "NR_LOCAL_VOTACAO": "1295", "NM_UE": "CAMPINAS", "endereco_geocode": "Campinas, SP, Brasil", "lat": -22.9056391, "lng": -47.059564 }, "geometry": { "type": "Point", "coordinates": [ -47.059564, -22.9056391 ] } },
{ "type": "Feature", "properties": { "NR_ZONA": "33", "NR_SECAO": "217", "NR_LOCAL_VOTACAO": "1066", "NM_UE": "CAMPINAS", "endereco_geocode": "Campinas, SP, Brasil", "lat": -22.9056391, "lng": -47.059564 }, "geometry": { "type": "Point", "coordinates": [ -47.059564, -22.9056391 ] } },
{ "type": "Feature", "properties": { "NR_ZONA": "379", "NR_SECAO": "207", "NR_LOCAL_VOTACAO": "1325", "NM_UE": "CAMPINAS", "endereco_geocode": "Campinas, SP, Brasil", "lat": -22.9056391, "lng": -47.059564 }, "geometry": { "type": "Point", "coordinates": [ -47.059564, -22.9056391 ] } },
{ "type": "Feature", "properties": { "NR_ZONA": "33", "NR_SECAO": "566", "NR_LOCAL_VOTACAO": "2399", "NM_UE": "CAMPINAS", "endereco_geocode": "Campinas, SP, Brasil", "lat": -22.9056391, "lng": -47.059564 }, "geometry": { "type": "Point", "coordinates": [ -47.059564, -22.9056391 ] } },
{ "type": "Feature", "properties": { "NR_ZONA": "380", "NR_SECAO": "268", "NR_LOCAL_VOTACAO": "1287", "NM_UE": "CAMPINAS", "endereco_geocode": "Campinas, SP, Brasil", "lat": -22.9056391, "lng": -47.059564 }, "geometry": { "type": "Point", "coordinates": [ -47.059564, -22.9056391 ] } },
{ "type": "Feature", "properties": { "NR_ZONA": "423", "NR_SECAO": "1", "NR_LOCAL_VOTACAO": "1015", "NM_UE": "CAMPINAS", "endereco_geocode": "Campinas, SP, Brasil", "lat": -22.9056391, "lng": -47.059564 }, "geometry": { "type": "Point", "coordinates": [ -47.059564, -22.9056391 ] } },
{ "type": "Feature", "properties": { "NR_ZONA": "423", "NR_SECAO": "146", "NR_LOCAL_VOTACAO": "1147", "NM_UE": "CAMPINAS", "endereco_geocode": "Campinas, SP, Brasil", "lat": -22.9056391, "lng": -47.059564 }, "geometry": { "type": "Point", "coordinates": [ -47.059564, -22.9056391 ] } },
{ "type": "Feature", "properties": { "NR_ZONA": "380", "NR_SECAO": "65", "NR_LOCAL_VOTACAO": "1163", "NM_UE": "CAMPINAS", "endereco_geocode": "Campinas, SP, Brasil", "lat": -22.9056391, "lng": -47.059564 }, "geometry": { "type": "Point", "coordinates": [ -47.059564, -22.9056391 ] } },
{ "type": "Feature", "properties": { "NR_ZONA": "379", "NR_SECAO": "435", "NR_LOCAL_VOTACAO": "1465", "NM_UE": "CAMPINAS", "endereco_geocode": "Campinas, SP, Brasil", "lat": -22.9056391, "lng": -47.059564 }, "geometry": { "type": "Point", "coordinates": [ -47.059564, -22.9056391 ] } },
{ "type": "Feature", "properties": { "NR_ZONA": "275", "NR_SECAO": "108", "NR_LOCAL_VOTACAO": "1180", "NM_UE": "CAMPINAS", "endereco_geocode": "Campinas, SP, Brasil", "lat": -22.9056391, "lng": -47.059564 }, "geometry": { "type": "Point", "coordinates": [ -47.059564, -22.9056391 ] } },
{ "type": "Feature", "properties": { "NR_ZONA": "378", "NR_SECAO": "366", "NR_LOCAL_VOTACAO": "1457", "NM_UE": "CAMPINAS", "endereco_geocode": "Campinas, SP, Brasil", "lat": -22.9056391, "lng": -47.059564 }, "geometry": { "type": "Point", "coordinates": [ -47.059564, -22.9056391 ] } },
{ "type": "Feature", "properties": { "NR_ZONA": "379", "NR_SECAO": "486", "NR_LOCAL_VOTACAO": "1554", "NM_UE": "CAMPINAS", "endereco_geocode": "Campinas, SP, Brasil", "lat": -22.9056391, "lng": -47.059564 }, "geometry": { "type": "Point", "coordinates": [ -47.059564, -22.9056391 ] } },
{ "type": "Feature", "properties": { "NR_ZONA": "274", "NR_SECAO": "167", "NR_LOCAL_VOTACAO": "1201", "NM_UE": "CAMPINAS", "endereco_geocode": "Campinas, SP, Brasil", "lat": -22.9056391, "lng": -47.059564 }, "geometry": { "type": "Point", "coordinates": [ -47.059564, -22.9056391 ] } },
{ "type": "Feature", "properties": { "NR_ZONA": "379", "NR_SECAO": "465", "NR_LOCAL_VOTACAO": "1546", "NM_UE": "CAMPINAS", "endereco_geocode": "Campinas, SP, Brasil", "lat": -22.9056391, "lng": -47.059564 }, "geometry": { "type": "Point", "coordinates": [ -47.059564, -22.9056391 ] } },
{ "type": "Feature", "properties": { "NR_ZONA": "378", "NR_SECAO": "167", "NR_LOCAL_VOTACAO": "1155", "NM_UE": "CAMPINAS", "endereco_geocode": "Campinas, SP, Brasil", "lat": -22.9056391, "lng": -47.059564 }, "geometry": { "type": "Point", "coordinates": [ -47.059564, -22.9056391 ] } },
{ "type": "Feature", "properties": { "NR_ZONA": "274", "NR_SECAO": "616", "NR_LOCAL_VOTACAO": "1848", "NM_UE": "CAMPINAS", "endereco_geocode": "Campinas, SP, Brasil", "lat": -22.9056391, "lng": -47.059564 }, "geometry": { "type": "Point", "coordinates": [ -47.059564, -22.9056391 ] } },
{ "type": "Feature", "properties": { "NR_ZONA": "378", "NR_SECAO": "2", "NR_LOCAL_VOTACAO": "1015", "NM_UE": "CAMPINAS", "endereco_geocode": "Campinas, SP, Brasil", "lat": -22.9056391, "lng": -47.059564 }, "geometry": { "type": "Point", "coordinates": [ -47.059564, -22.9056391 ] } },
{ "type": "Feature", "properties": { "NR_ZONA": "423", "NR_SECAO": "106", "NR_LOCAL_VOTACAO": "1104", "NM_UE": "CAMPINAS", "endereco_geocode": "Campinas, SP, Brasil", "lat": -22.9056391, "lng": -47.059564 }, "geometry": { "type": "Point", "coordinates": [ -47.059564, -22.9056391 ] } },
{ "type": "Feature", "properties": { "NR_ZONA": "423", "NR_SECAO": "63", "NR_LOCAL_VOTACAO": "1066", "NM_UE": "CAMPINAS", "endereco_geocode": "Campinas, SP, Brasil", "lat": -22.9056391, "lng": -47.059564 }, "geometry": { "type": "Point", "coordinates": [ -47.059564, -22.9056391 ] } },
{ "type": "Feature", "properties": { "NR_ZONA": "423", "NR_SECAO": "107", "NR_LOCAL_VOTACAO": "1104", "NM_UE": "CAMPINAS", "endereco_geocode": "Campinas, SP, Brasil", "lat": -22.9056391, "lng": -47.059564 }, "geometry": { "type": "Point", "coordinates": [ -47.059564, -22.9056391 ] } },
{ "type": "Feature", "properties": { "NR_ZONA": "274", "NR_SECAO": "720", "NR_LOCAL_VOTACAO": "1988", "NM_UE": "CAMPINAS", "endereco_geocode": "Campinas, SP, Brasil", "lat": -22.9056391, "lng": -47.059564 }, "geometry": { "type": "Point", "coordinates": [ -47.059564, -22.9056391 ] } },
{ "type": "Feature", "properties": { "NR_ZONA": "378", "NR_SECAO": "386", "NR_LOCAL_VOTACAO": "1198", "NM_UE": "CAMPINAS", "endereco_geocode": "Campinas, SP, Brasil", "lat": -22.9056391, "lng": -47.059564 }, "geometry": { "type": "Point", "coordinates": [ -47.059564, -22.9056391 ] } },
{ "type": "Feature", "properties": { "NR_ZONA": "423", "NR_SECAO": "95", "NR_LOCAL_VOTACAO": "1090", "NM_UE": "CAMPINAS", "endereco_geocode": "Campinas, SP, Brasil", "lat": -22.9056391, "lng": -47.059564 }, "geometry": { "type": "Point", "coordinates": [ -47.059564, -22.9056391 ] } },
{ "type": "Feature", "properties": { "NR_ZONA": "379", "NR_SECAO": "137", "NR_LOCAL_VOTACAO": "1155", "NM_UE": "CAMPINAS", "endereco_geocode": "Campinas, SP, Brasil", "lat": -22.9056391, "lng": -47.059564 }, "geometry": { "type": "Point", "coordinates": [ -47.059564, -22.9056391 ] } },
{ "type": "Feature", "properties": { "NR_ZONA": "379", "NR_SECAO": "231", "NR_LOCAL_VOTACAO": "1155", "NM_UE": "CAMPINAS", "endereco_geocode": "Campinas, SP, Brasil", "lat": -22.9056391, "lng": -47.059564 }, "geometry": { "type": "Point", "coordinates": [ -47.059564, -22.9056391 ] } },
{ "type": "Feature", "properties": { "NR_ZONA": "274", "NR_SECAO": "86", "NR_LOCAL_VOTACAO": "1104", "NM_UE": "CAMPINAS", "endereco_geocode": "Campinas, SP, Brasil", "lat": -22.9056391, "lng": -47.059564 }, "geometry": { "type": "Point", "coordinates": [ -47.059564, -22.9056391 ] } },
{ "type": "Feature", "properties": { "NR_ZONA": "378", "NR_SECAO": "143", "NR_LOCAL_VOTACAO": "1686", "NM_UE": "CAMPINAS", "endereco_geocode": "Campinas, SP, Brasil", "lat": -22.9056391, "lng": -47.059564 }, "geometry": { "type": "Point", "coordinates": [ -47.059564, -22.9056391 ] } },
{ "type": "Feature", "properties": { "NR_ZONA": "33", "NR_SECAO": "26", "NR_LOCAL_VOTACAO": "1058", "NM_UE": "CAMPINAS", "endereco_geocode": "Campinas, SP, Brasil", "lat": -22.9056391, "lng": -47.059564 }, "geometry": { "type": "Point", "coordinates": [ -47.059564, -22.9056391 ] } },
{ "type": "Feature", "properties": { "NR_ZONA": "33", "NR_SECAO": "6", "NR_LOCAL_VOTACAO": "1023", "NM_UE": "CAMPINAS", "endereco_geocode": "Campinas, SP, Brasil", "lat": -22.9056391, "lng": -47.059564 }, "geometry": { "type": "Point", "coordinates": [ -47.059564, -22.9056391 ] } },
{ "type": "Feature", "properties": { "NR_ZONA": "33", "NR_SECAO": "487", "NR_LOCAL_VOTACAO": "2321", "NM_UE": "CAMPINAS", "endereco_geocode": "Campinas, SP, Brasil", "lat": -22.9056391, "lng": -47.059564 }, "geometry": { "type": "Point", "coordinates": [ -47.059564, -22.9056391 ] } },
{ "type": "Feature", "properties": { "NR_ZONA": "423", "NR_SECAO": "14", "NR_LOCAL_VOTACAO": "1015", "NM_UE": "CAMPINAS", "endereco_geocode": "Campinas, SP, Brasil", "lat": -22.9056391, "lng": -47.059564 }, "geometry": { "type": "Point", "coordinates": [ -47.059564, -22.9056391 ] } },
{ "type": "Feature", "properties": { "NR_ZONA": "379", "NR_SECAO": "496", "NR_LOCAL_VOTACAO": "1562", "NM_UE": "CAMPINAS", "endereco_geocode": "Campinas, SP, Brasil", "lat": -22.9056391, "lng": -47.059564 }, "geometry": { "type": "Point", "coordinates": [ -47.059564, -22.9056391 ] } },
{ "type": "Feature", "properties": { "NR_ZONA": "379", "NR_SECAO": "308", "NR_LOCAL_VOTACAO": "1422", "NM_UE": "CAMPINAS", "endereco_geocode": "Campinas, SP, Brasil", "lat": -22.9056391, "lng": -47.059564 }, "geometry": { "type": "Point", "coordinates": [ -47.059564, -22.9056391 ] } },
{ "type": "Feature", "properties": { "NR_ZONA": "379", "NR_SECAO": "212", "NR_LOCAL_VOTACAO": "1325", "NM_UE": "CAMPINAS", "endereco_geocode": "Campinas, SP, Brasil", "lat": -22.9056391, "lng": -47.059564 }, "geometry": { "type": "Point", "coordinates": [ -47.059564, -22.9056391 ] } },
{ "type": "Feature", "properties": { "NR_ZONA": "379", "NR_SECAO": "383", "NR_LOCAL_VOTACAO": "1465", "NM_UE": "CAMPINAS", "endereco_geocode": "Campinas, SP, Brasil", "lat": -22.9056391, "lng": -47.059564 }, "geometry": { "type": "Point", "coordinates": [ -47.059564, -22.9056391 ] } },
{ "type": "Feature", "properties": { "NR_ZONA": "379", "NR_SECAO": "195", "NR_LOCAL_VOTACAO": "1317", "NM_UE": "CAMPINAS", "endereco_geocode": "Campinas, SP, Brasil", "lat": -22.9056391, "lng": -47.059564 }, "geometry": { "type": "Point", "coordinates": [ -47.059564, -22.9056391 ] } },
{ "type": "Feature", "properties": { "NR_ZONA": "378", "NR_SECAO": "289", "NR_LOCAL_VOTACAO": "1414", "NM_UE": "CAMPINAS", "endereco_geocode": "Campinas, SP, Brasil", "lat": -22.9056391, "lng": -47.059564 }, "geometry": { "type": "Point", "coordinates": [ -47.059564, -22.9056391 ] } },
{ "type": "Feature", "properties": { "NR_ZONA": "33", "NR_SECAO": "272", "NR_LOCAL_VOTACAO": "1040", "NM_UE": "CAMPINAS", "endereco_geocode": "Campinas, SP, Brasil", "lat": -22.9056391, "lng": -47.059564 }, "geometry": { "type": "Point", "coordinates": [ -47.059564, -22.9056391 ] } },
{ "type": "Feature", "properties": { "NR_ZONA": "379", "NR_SECAO": "229", "NR_LOCAL_VOTACAO": "1325", "NM_UE": "CAMPINAS", "endereco_geocode": "Campinas, SP, Brasil", "lat": -22.9056391, "lng": -47.059564 }, "geometry": { "type": "Point", "coordinates": [ -47.059564, -22.9056391 ] } },
{ "type": "Feature", "properties": { "NR_ZONA": "378", "NR_SECAO": "572", "NR_LOCAL_VOTACAO": "1694", "NM_UE": "CAMPINAS", "endereco_geocode": "Campinas, SP, Brasil", "lat": -22.9056391, "lng": -47.059564 }, "geometry": { "type": "Point", "coordinates": [ -47.059564, -22.9056391 ] } },
{ "type": "Feature", "properties": { "NR_ZONA": "378", "NR_SECAO": "119", "NR_LOCAL_VOTACAO": "1090", "NM_UE": "CAMPINAS", "endereco_geocode": "Campinas, SP, Brasil", "lat": -22.9056391, "lng": -47.059564 }, "geometry": { "type": "Point", "coordinates": [ -47.059564, -22.9056391 ] } },
{ "type": "Feature", "properties": { "NR_ZONA": "33", "NR_SECAO": "498", "NR_LOCAL_VOTACAO": "2330", "NM_UE": "CAMPINAS", "endereco_geocode": "Campinas, SP, Brasil", "lat": -22.9056391, "lng": -47.059564 }, "geometry": { "type": "Point", "coordinates": [ -47.059564, -22.9056391 ] } },
{ "type": "Feature", "properties": { "NR_ZONA": "33", "NR_SECAO": "568", "NR_LOCAL_VOTACAO": "2402", "NM_UE": "CAMPINAS", "endereco_geocode": "Campinas, SP, Brasil", "lat": -22.9056391, "lng": -47.059564 }, "geometry": { "type": "Point", "coordinates": [ -47.059564, -22.9056391 ] } },
{ "type": "Feature", "properties": { "NR_ZONA": "379", "NR_SECAO": "226", "NR_LOCAL_VOTACAO": "1040", "NM_UE": "CAMPINAS", "endereco_geocode": "Campinas, SP, Brasil", "lat": -22.9056391, "lng": -47.059564 }, "geometry": { "type": "Point", "coordinates": [ -47.059564, -22.9056391 ] } },
{ "type": "Feature", "properties": { "NR_ZONA": "379", "NR_SECAO": "357", "NR_LOCAL_VOTACAO": "1457", "NM_UE": "CAMPINAS", "endereco_geocode": "Campinas, SP, Brasil", "lat": -22.9056391, "lng": -47.059564 }, "geometry": { "type": "Point", "coordinates": [ -47.059564, -22.9056391 ] } },
{ "type": "Feature", "properties": { "NR_ZONA": "33", "NR_SECAO": "114", "NR_LOCAL_VOTACAO": "1180", "NM_UE": "CAMPINAS", "endereco_geocode": "Campinas, SP, Brasil", "lat": -22.9056391, "lng": -47.059564 }, "geometry": { "type": "Point", "coordinates": [ -47.059564, -22.9056391 ] } },
{ "type": "Feature", "properties": { "NR_ZONA": "274", "NR_SECAO": "797", "NR_LOCAL_VOTACAO": "2097", "NM_UE": "CAMPINAS", "endereco_geocode": "Campinas, SP, Brasil", "lat": -22.9056391, "lng": -47.059564 }, "geometry": { "type": "Point", "coordinates": [ -47.059564, -22.9056391 ] } },
{ "type": "Feature", "properties": { "NR_ZONA": "379", "NR_SECAO": "343", "NR_LOCAL_VOTACAO": "1384", "NM_UE": "CAMPINAS", "endereco_geocode": "Campinas, SP, Brasil", "lat": -22.9056391, "lng": -47.059564 }, "geometry": { "type": "Point", "coordinates": [ -47.059564, -22.9056391 ] } },
{ "type": "Feature", "properties": { "NR_ZONA": "379", "NR_SECAO": "191", "NR_LOCAL_VOTACAO": "1317", "NM_UE": "CAMPINAS", "endereco_geocode": "Campinas, SP, Brasil", "lat": -22.9056391, "lng": -47.059564 }, "geometry": { "type": "Point", "coordinates": [ -47.059564, -22.9056391 ] } },
{ "type": "Feature", "properties": { "NR_ZONA": "379", "NR_SECAO": "294", "NR_LOCAL_VOTACAO": "1392", "NM_UE": "CAMPINAS", "endereco_geocode": "Campinas, SP, Brasil", "lat": -22.9056391, "lng": -47.059564 }, "geometry": { "type": "Point", "coordinates": [ -47.059564, -22.9056391 ] } },
{ "type": "Feature", "properties": { "NR_ZONA": "379", "NR_SECAO": "27", "NR_LOCAL_VOTACAO": "1040", "NM_UE": "CAMPINAS", "endereco_geocode": "Campinas, SP, Brasil", "lat": -22.9056391, "lng": -47.059564 }, "geometry": { "type": "Point", "coordinates": [ -47.059564, -22.9056391 ] } },
{ "type": "Feature", "properties": { "NR_ZONA": "274", "NR_SECAO": "543", "NR_LOCAL_VOTACAO": "1090", "NM_UE": "CAMPINAS", "endereco_geocode": "Campinas, SP, Brasil", "lat": -22.9056391, "lng": -47.059564 }, "geometry": { "type": "Point", "coordinates": [ -47.059564, -22.9056391 ] } },
{ "type": "Feature", "properties": { "NR_ZONA": "274", "NR_SECAO": "752", "NR_LOCAL_VOTACAO": "2038", "NM_UE": "CAMPINAS", "endereco_geocode": "Campinas, SP, Brasil", "lat": -22.9056391, "lng": -47.059564 }, "geometry": { "type": "Point", "coordinates": [ -47.059564, -22.9056391 ] } },
{ "type": "Feature", "properties": { "NR_ZONA": "275", "NR_SECAO": "581", "NR_LOCAL_VOTACAO": "1872", "NM_UE": "CAMPINAS", "endereco_geocode": "Campinas, SP, Brasil", "lat": -22.9056391, "lng": -47.059564 }, "geometry": { "type": "Point", "coordinates": [ -47.059564, -22.9056391 ] } },
{ "type": "Feature", "properties": { "NR_ZONA": "380", "NR_SECAO": "54", "NR_LOCAL_VOTACAO": "1155", "NM_UE": "CAMPINAS", "endereco_geocode": "Campinas, SP, Brasil", "lat": -22.9056391, "lng": -47.059564 }, "geometry": { "type": "Point", "coordinates": [ -47.059564, -22.9056391 ] } },
{ "type": "Feature", "properties": { "NR_ZONA": "379", "NR_SECAO": "217", "NR_LOCAL_VOTACAO": "1031", "NM_UE": "CAMPINAS", "endereco_geocode": "Campinas, SP, Brasil", "lat": -22.9056391, "lng": -47.059564 }, "geometry": { "type": "Point", "coordinates": [ -47.059564, -22.9056391 ] } },
{ "type": "Feature", "properties": { "NR_ZONA": "33", "NR_SECAO": "261", "NR_LOCAL_VOTACAO": "1023", "NM_UE": "CAMPINAS", "endereco_geocode": "Campinas, SP, Brasil", "lat": -22.9056391, "lng": -47.059564 }, "geometry": { "type": "Point", "coordinates": [ -47.059564, -22.9056391 ] } },
{ "type": "Feature", "properties": { "NR_ZONA": "33", "NR_SECAO": "427", "NR_LOCAL_VOTACAO": "2267", "NM_UE": "CAMPINAS", "endereco_geocode": "Campinas, SP, Brasil", "lat": -22.9056391, "lng": -47.059564 }, "geometry": { "type": "Point", "coordinates": [ -47.059564, -22.9056391 ] } },
{ "type": "Feature", "properties": { "NR_ZONA": "379", "NR_SECAO": "274", "NR_LOCAL_VOTACAO": "1341", "NM_UE": "CAMPINAS", "endereco_geocode": "Campinas, SP, Brasil", "lat": -22.9056391, "lng": -47.059564 }, "geometry": { "type": "Point", "coordinates": [ -47.059564, -22.9056391 ] } },
{ "type": "Feature", "properties": { "NR_ZONA": "275", "NR_SECAO": "192", "NR_LOCAL_VOTACAO": "1309", "NM_UE": "CAMPINAS", "endereco_geocode": "Campinas, SP, Brasil", "lat": -22.9056391, "lng": -47.059564 }, "geometry": { "type": "Point", "coordinates": [ -47.059564, -22.9056391 ] } },
{ "type": "Feature", "properties": { "NR_ZONA": "423", "NR_SECAO": "287", "NR_LOCAL_VOTACAO": "1368", "NM_UE": "CAMPINAS", "endereco_geocode": "Campinas, SP, Brasil", "lat": -22.9056391, "lng": -47.059564 }, "geometry": { "type": "Point", "coordinates": [ -47.059564, -22.9056391 ] } },
{ "type": "Feature", "properties": { "NR_ZONA": "423", "NR_SECAO": "265", "NR_LOCAL_VOTACAO": "1333", "NM_UE": "CAMPINAS", "endereco_geocode": "Campinas, SP, Brasil", "lat": -22.9056391, "lng": -47.059564 }, "geometry": { "type": "Point", "coordinates": [ -47.059564, -22.9056391 ] } },
{ "type": "Feature", "properties": { "NR_ZONA": "378", "NR_SECAO": "185", "NR_LOCAL_VOTACAO": "1201", "NM_UE": "CAMPINAS", "endereco_geocode": "Campinas, SP, Brasil", "lat": -22.9056391, "lng": -47.059564 }, "geometry": { "type": "Point", "coordinates": [ -47.059564, -22.9056391 ] } },
{ "type": "Feature", "properties": { "NR_ZONA": "378", "NR_SECAO": "345", "NR_LOCAL_VOTACAO": "1155", "NM_UE": "CAMPINAS", "endereco_geocode": "Campinas, SP, Brasil", "lat": -22.9056391, "lng": -47.059564 }, "geometry": { "type": "Point", "coordinates": [ -47.059564, -22.9056391 ] } },
{ "type": "Feature", "properties": { "NR_ZONA": "378", "NR_SECAO": "87", "NR_LOCAL_VOTACAO": "1066", "NM_UE": "CAMPINAS", "endereco_geocode": "Campinas, SP, Brasil", "lat": -22.9056391, "lng": -47.059564 }, "geometry": { "type": "Point", "coordinates": [ -47.059564, -22.9056391 ] } },
{ "type": "Feature", "properties": { "NR_ZONA": "33", "NR_SECAO": "551", "NR_LOCAL_VOTACAO": "2372", "NM_UE": "CAMPINAS", "endereco_geocode": "Campinas, SP, Brasil", "lat": -22.9056391, "lng": -47.059564 }, "geometry": { "type": "Point", "coordinates": [ -47.059564, -22.9056391 ] } },
{ "type": "Feature", "properties": { "NR_ZONA": "380", "NR_SECAO": "307", "NR_LOCAL_VOTACAO": "1465", "NM_UE": "CAMPINAS", "endereco_geocode": "Campinas, SP, Brasil", "lat": -22.9056391, "lng": -47.059564 }, "geometry": { "type": "Point", "coordinates": [ -47.059564, -22.9056391 ] } },
{ "type": "Feature", "properties": { "NR_ZONA": "380", "NR_SECAO": "345", "NR_LOCAL_VOTACAO": "1481", "NM_UE": "CAMPINAS", "endereco_geocode": "Campinas, SP, Brasil", "lat": -22.9056391, "lng": -47.059564 }, "geometry": { "type": "Point", "coordinates": [ -47.059564, -22.9056391 ] } },
{ "type": "Feature", "properties": { "NR_ZONA": "33", "NR_SECAO": "478", "NR_LOCAL_VOTACAO": "2313", "NM_UE": "CAMPINAS", "endereco_geocode": "Campinas, SP, Brasil", "lat": -22.9056391, "lng": -47.059564 }, "geometry": { "type": "Point", "coordinates": [ -47.059564, -22.9056391 ] } },
{ "type": "Feature", "properties": { "NR_ZONA": "275", "NR_SECAO": "512", "NR_LOCAL_VOTACAO": "1180", "NM_UE": "CAMPINAS", "endereco_geocode": "Campinas, SP, Brasil", "lat": -22.9056391, "lng": -47.059564 }, "geometry": { "type": "Point", "coordinates": [ -47.059564, -22.9056391 ] } },
{ "type": "Feature", "properties": { "NR_ZONA": "33", "NR_SECAO": "451", "NR_LOCAL_VOTACAO": "2283", "NM_UE": "CAMPINAS", "endereco_geocode": "Campinas, SP, Brasil", "lat": -22.9056391, "lng": -47.059564 }, "geometry": { "type": "Point", "coordinates": [ -47.059564, -22.9056391 ] } },
{ "type": "Feature", "properties": { "NR_ZONA": "275", "NR_SECAO": "360", "NR_LOCAL_VOTACAO": "1058", "NM_UE": "CAMPINAS", "endereco_geocode": "Campinas, SP, Brasil", "lat": -22.9056391, "lng": -47.059564 }, "geometry": { "type": "Point", "coordinates": [ -47.059564, -22.9056391 ] } },
{ "type": "Feature", "properties": { "NR_ZONA": "423", "NR_SECAO": "260", "NR_LOCAL_VOTACAO": "1260", "NM_UE": "CAMPINAS", "endereco_geocode": "Campinas, SP, Brasil", "lat": -22.9056391, "lng": -47.059564 }, "geometry": { "type": "Point", "coordinates": [ -47.059564, -22.9056391 ] } },
{ "type": "Feature", "properties": { "NR_ZONA": "379", "NR_SECAO": "295", "NR_LOCAL_VOTACAO": "1422", "NM_UE": "CAMPINAS", "endereco_geocode": "Campinas, SP, Brasil", "lat": -22.9056391, "lng": -47.059564 }, "geometry": { "type": "Point", "coordinates": [ -47.059564, -22.9056391 ] } },
{ "type": "Feature", "properties": { "NR_ZONA": "379", "NR_SECAO": "463", "NR_LOCAL_VOTACAO": "1546", "NM_UE": "CAMPINAS", "endereco_geocode": "Campinas, SP, Brasil", "lat": -22.9056391, "lng": -47.059564 }, "geometry": { "type": "Point", "coordinates": [ -47.059564, -22.9056391 ] } },
{ "type": "Feature", "properties": { "NR_ZONA": "378", "NR_SECAO": "6", "NR_LOCAL_VOTACAO": "1015", "NM_UE": "CAMPINAS", "endereco_geocode": "Campinas, SP, Brasil", "lat": -22.9056391, "lng": -47.059564 }, "geometry": { "type": "Point", "coordinates": [ -47.059564, -22.9056391 ] } },
{ "type": "Feature", "properties": { "NR_ZONA": "423", "NR_SECAO": "122", "NR_LOCAL_VOTACAO": "1120", "NM_UE": "CAMPINAS", "endereco_geocode": "Campinas, SP, Brasil", "lat": -22.9056391, "lng": -47.059564 }, "geometry": { "type": "Point", "coordinates": [ -47.059564, -22.9056391 ] } },
{ "type": "Feature", "properties": { "NR_ZONA": "423", "NR_SECAO": "186", "NR_LOCAL_VOTACAO": "1210", "NM_UE": "CAMPINAS", "endereco_geocode": "Campinas, SP, Brasil", "lat": -22.9056391, "lng": -47.059564 }, "geometry": { "type": "Point", "coordinates": [ -47.059564, -22.9056391 ] } },
{ "type": "Feature", "properties": { "NR_ZONA": "423", "NR_SECAO": "241", "NR_LOCAL_VOTACAO": "1325", "NM_UE": "CAMPINAS", "endereco_geocode": "Campinas, SP, Brasil", "lat": -22.9056391, "lng": -47.059564 }, "geometry": { "type": "Point", "coordinates": [ -47.059564, -22.9056391 ] } },
{ "type": "Feature", "properties": { "NR_ZONA": "275", "NR_SECAO": "523", "NR_LOCAL_VOTACAO": "1910", "NM_UE": "CAMPINAS", "endereco_geocode": "Campinas, SP, Brasil", "lat": -22.9056391, "lng": -47.059564 }, "geometry": { "type": "Point", "coordinates": [ -47.059564, -22.9056391 ] } },
{ "type": "Feature", "properties": { "NR_ZONA": "423", "NR_SECAO": "154", "NR_LOCAL_VOTACAO": "1155", "NM_UE": "CAMPINAS", "endereco_geocode": "Campinas, SP, Brasil", "lat": -22.9056391, "lng": -47.059564 }, "geometry": { "type": "Point", "coordinates": [ -47.059564, -22.9056391 ] } },
{ "type": "Feature", "properties": { "NR_ZONA": "274", "NR_SECAO": "764", "NR_LOCAL_VOTACAO": "2054", "NM_UE": "CAMPINAS", "endereco_geocode": "Campinas, SP, Brasil", "lat": -22.9056391, "lng": -47.059564 }, "geometry": { "type": "Point", "coordinates": [ -47.059564, -22.9056391 ] } },
{ "type": "Feature", "properties": { "NR_ZONA": "380", "NR_SECAO": "162", "NR_LOCAL_VOTACAO": "1350", "NM_UE": "CAMPINAS", "endereco_geocode": "Campinas, SP, Brasil", "lat": -22.9056391, "lng": -47.059564 }, "geometry": { "type": "Point", "coordinates": [ -47.059564, -22.9056391 ] } },
{ "type": "Feature", "properties": { "NR_ZONA": "378", "NR_SECAO": "11", "NR_LOCAL_VOTACAO": "1015", "NM_UE": "CAMPINAS", "endereco_geocode": "Campinas, SP, Brasil", "lat": -22.9056391, "lng": -47.059564 }, "geometry": { "type": "Point", "coordinates": [ -47.059564, -22.9056391 ] } },
{ "type": "Feature", "properties": { "NR_ZONA": "275", "NR_SECAO": "30", "NR_LOCAL_VOTACAO": "1058", "NM_UE": "CAMPINAS", "endereco_geocode": "Campinas, SP, Brasil", "lat": -22.9056391, "lng": -47.059564 }, "geometry": { "type": "Point", "coordinates": [ -47.059564, -22.9056391 ] } },
{ "type": "Feature", "properties": { "NR_ZONA": "275", "NR_SECAO": "430", "NR_LOCAL_VOTACAO": "1929", "NM_UE": "CAMPINAS", "endereco_geocode": "Campinas, SP, Brasil", "lat": -22.9056391, "lng": -47.059564 }, "geometry": { "type": "Point", "coordinates": [ -47.059564, -22.9056391 ] } },
{ "type": "Feature", "properties": { "NR_ZONA": "378", "NR_SECAO": "316", "NR_LOCAL_VOTACAO": "1074", "NM_UE": "CAMPINAS", "endereco_geocode": "Campinas, SP, Brasil", "lat": -22.9056391, "lng": -47.059564 }, "geometry": { "type": "Point", "coordinates": [ -47.059564, -22.9056391 ] } },
{ "type": "Feature", "properties": { "NR_ZONA": "380", "NR_SECAO": "69", "NR_LOCAL_VOTACAO": "1171", "NM_UE": "CAMPINAS", "endereco_geocode": "Campinas, SP, Brasil", "lat": -22.9056391, "lng": -47.059564 }, "geometry": { "type": "Point", "coordinates": [ -47.059564, -22.9056391 ] } },
{ "type": "Feature", "properties": { "NR_ZONA": "33", "NR_SECAO": "115", "NR_LOCAL_VOTACAO": "1180", "NM_UE": "CAMPINAS", "endereco_geocode": "Campinas, SP, Brasil", "lat": -22.9056391, "lng": -47.059564 }, "geometry": { "type": "Point", "coordinates": [ -47.059564, -22.9056391 ] } },
{ "type": "Feature", "properties": { "NR_ZONA": "274", "NR_SECAO": "671", "NR_LOCAL_VOTACAO": "1171", "NM_UE": "CAMPINAS", "endereco_geocode": "Campinas, SP, Brasil", "lat": -22.9056391, "lng": -47.059564 }, "geometry": { "type": "Point", "coordinates": [ -47.059564, -22.9056391 ] } },
{ "type": "Feature", "properties": { "NR_ZONA": "379", "NR_SECAO": "38", "NR_LOCAL_VOTACAO": "1040", "NM_UE": "CAMPINAS", "endereco_geocode": "Campinas, SP, Brasil", "lat": -22.9056391, "lng": -47.059564 }, "geometry": { "type": "Point", "coordinates": [ -47.059564, -22.9056391 ] } },
{ "type": "Feature", "properties": { "NR_ZONA": "379", "NR_SECAO": "364", "NR_LOCAL_VOTACAO": "1414", "NM_UE": "CAMPINAS", "endereco_geocode": "Campinas, SP, Brasil", "lat": -22.9056391, "lng": -47.059564 }, "geometry": { "type": "Point", "coordinates": [ -47.059564, -22.9056391 ] } },
{ "type": "Feature", "properties": { "NR_ZONA": "423", "NR_SECAO": "49", "NR_LOCAL_VOTACAO": "1058", "NM_UE": "CAMPINAS", "endereco_geocode": "Campinas, SP, Brasil", "lat": -22.9056391, "lng": -47.059564 }, "geometry": { "type": "Point", "coordinates": [ -47.059564, -22.9056391 ] } },
{ "type": "Feature", "properties": { "NR_ZONA": "275", "NR_SECAO": "413", "NR_LOCAL_VOTACAO": "1295", "NM_UE": "CAMPINAS", "endereco_geocode": "Campinas, SP, Brasil", "lat": -22.9056391, "lng": -47.059564 }, "geometry": { "type": "Point", "coordinates": [ -47.059564, -22.9056391 ] } },
{ "type": "Feature", "properties": { "NR_ZONA": "274", "NR_SECAO": "488", "NR_LOCAL_VOTACAO": "1139", "NM_UE": "CAMPINAS", "endereco_geocode": "Campinas, SP, Brasil", "lat": -22.9056391, "lng": -47.059564 }, "geometry": { "type": "Point", "coordinates": [ -47.059564, -22.9056391 ] } },
{ "type": "Feature", "properties": { "NR_ZONA": "380", "NR_SECAO": "316", "NR_LOCAL_VOTACAO": "1171", "NM_UE": "CAMPINAS", "endereco_geocode": "Campinas, SP, Brasil", "lat": -22.9056391, "lng": -47.059564 }, "geometry": { "type": "Point", "coordinates": [ -47.059564, -22.9056391 ] } },
{ "type": "Feature", "properties": { "NR_ZONA": "378", "NR_SECAO": "196", "NR_LOCAL_VOTACAO": "1295", "NM_UE": "CAMPINAS", "endereco_geocode": "Campinas, SP, Brasil", "lat": -22.9056391, "lng": -47.059564 }, "geometry": { "type": "Point", "coordinates": [ -47.059564, -22.9056391 ] } },
{ "type": "Feature", "properties": { "NR_ZONA": "274", "NR_SECAO": "82", "NR_LOCAL_VOTACAO": "1090", "NM_UE": "CAMPINAS", "endereco_geocode": "Campinas, SP, Brasil", "lat": -22.9056391, "lng": -47.059564 }, "geometry": { "type": "Point", "coordinates": [ -47.059564, -22.9056391 ] } },
{ "type": "Feature", "properties": { "NR_ZONA": "275", "NR_SECAO": "614", "NR_LOCAL_VOTACAO": "1198", "NM_UE": "CAMPINAS", "endereco_geocode": "Campinas, SP, Brasil", "lat": -22.9056391, "lng": -47.059564 }, "geometry": { "type": "Point", "coordinates": [ -47.059564, -22.9056391 ] } },
{ "type": "Feature", "properties": { "NR_ZONA": "33", "NR_SECAO": "468", "NR_LOCAL_VOTACAO": "2305", "NM_UE": "CAMPINAS", "endereco_geocode": "Campinas, SP, Brasil", "lat": -22.9056391, "lng": -47.059564 }, "geometry": { "type": "Point", "coordinates": [ -47.059564, -22.9056391 ] } },
{ "type": "Feature", "properties": { "NR_ZONA": "274", "NR_SECAO": "768", "NR_LOCAL_VOTACAO": "2062", "NM_UE": "CAMPINAS", "endereco_geocode": "Campinas, SP, Brasil", "lat": -22.9056391, "lng": -47.059564 }, "geometry": { "type": "Point", "coordinates": [ -47.059564, -22.9056391 ] } },
{ "type": "Feature", "properties": { "NR_ZONA": "275", "NR_SECAO": "517", "NR_LOCAL_VOTACAO": "1872", "NM_UE": "CAMPINAS", "endereco_geocode": "Campinas, SP, Brasil", "lat": -22.9056391, "lng": -47.059564 }, "geometry": { "type": "Point", "coordinates": [ -47.059564, -22.9056391 ] } },
{ "type": "Feature", "properties": { "NR_ZONA": "380", "NR_SECAO": "272", "NR_LOCAL_VOTACAO": "1333", "NM_UE": "CAMPINAS", "endereco_geocode": "Campinas, SP, Brasil", "lat": -22.9056391, "lng": -47.059564 }, "geometry": { "type": "Point", "coordinates": [ -47.059564, -22.9056391 ] } },
{ "type": "Feature", "properties": { "NR_ZONA": "378", "NR_SECAO": "389", "NR_LOCAL_VOTACAO": "1520", "NM_UE": "CAMPINAS", "endereco_geocode": "Campinas, SP, Brasil", "lat": -22.9056391, "lng": -47.059564 }, "geometry": { "type": "Point", "coordinates": [ -47.059564, -22.9056391 ] } },
{ "type": "Feature", "properties": { "NR_ZONA": "33", "NR_SECAO": "320", "NR_LOCAL_VOTACAO": "1139", "NM_UE": "CAMPINAS", "endereco_geocode": "Campinas, SP, Brasil", "lat": -22.9056391, "lng": -47.059564 }, "geometry": { "type": "Point", "coordinates": [ -47.059564, -22.9056391 ] } },
{ "type": "Feature", "properties": { "NR_ZONA": "274", "NR_SECAO": "259", "NR_LOCAL_VOTACAO": "1309", "NM_UE": "CAMPINAS", "endereco_geocode": "Campinas, SP, Brasil", "lat": -22.9056391, "lng": -47.059564 }, "geometry": { "type": "Point", "coordinates": [ -47.059564, -22.9056391 ] } },
{ "type": "Feature", "properties": { "NR_ZONA": "423", "NR_SECAO": "243", "NR_LOCAL_VOTACAO": "1040", "NM_UE": "CAMPINAS", "endereco_geocode": "Campinas, SP, Brasil", "lat": -22.9056391, "lng": -47.059564 }, "geometry": { "type": "Point", "coordinates": [ -47.059564, -22.9056391 ] } },
{ "type": "Feature", "properties": { "NR_ZONA": "274", "NR_SECAO": "791", "NR_LOCAL_VOTACAO": "2097", "NM_UE": "CAMPINAS", "endereco_geocode": "Campinas, SP, Brasil", "lat": -22.9056391, "lng": -47.059564 }, "geometry": { "type": "Point", "coordinates": [ -47.059564, -22.9056391 ] } },
{ "type": "Feature", "properties": { "NR_ZONA": "379", "NR_SECAO": "447", "NR_LOCAL_VOTACAO": "1295", "NM_UE": "CAMPINAS", "endereco_geocode": "Campinas, SP, Brasil", "lat": -22.9056391, "lng": -47.059564 }, "geometry": { "type": "Point", "coordinates": [ -47.059564, -22.9056391 ] } },
{ "type": "Feature", "properties": { "NR_ZONA": "379", "NR_SECAO": "509", "NR_LOCAL_VOTACAO": "1570", "NM_UE": "CAMPINAS", "endereco_geocode": "Campinas, SP, Brasil", "lat": -22.9056391, "lng": -47.059564 }, "geometry": { "type": "Point", "coordinates": [ -47.059564, -22.9056391 ] } },
{ "type": "Feature", "properties": { "NR_ZONA": "274", "NR_SECAO": "614", "NR_LOCAL_VOTACAO": "1180", "NM_UE": "CAMPINAS", "endereco_geocode": "Campinas, SP, Brasil", "lat": -22.9056391, "lng": -47.059564 }, "geometry": { "type": "Point", "coordinates": [ -47.059564, -22.9056391 ] } },
{ "type": "Feature", "properties": { "NR_ZONA": "379", "NR_SECAO": "467", "NR_LOCAL_VOTACAO": "1546", "NM_UE": "CAMPINAS", "endereco_geocode": "Campinas, SP, Brasil", "lat": -22.9056391, "lng": -47.059564 }, "geometry": { "type": "Point", "coordinates": [ -47.059564, -22.9056391 ] } },
{ "type": "Feature", "properties": { "NR_ZONA": "378", "NR_SECAO": "213", "NR_LOCAL_VOTACAO": "1341", "NM_UE": "CAMPINAS", "endereco_geocode": "Campinas, SP, Brasil", "lat": -22.9056391, "lng": -47.059564 }, "geometry": { "type": "Point", "coordinates": [ -47.059564, -22.9056391 ] } },
{ "type": "Feature", "properties": { "NR_ZONA": "379", "NR_SECAO": "196", "NR_LOCAL_VOTACAO": "1317", "NM_UE": "CAMPINAS", "endereco_geocode": "Campinas, SP, Brasil", "lat": -22.9056391, "lng": -47.059564 }, "geometry": { "type": "Point", "coordinates": [ -47.059564, -22.9056391 ] } },
{ "type": "Feature", "properties": { "NR_ZONA": "33", "NR_SECAO": "555", "NR_LOCAL_VOTACAO": "2372", "NM_UE": "CAMPINAS", "endereco_geocode": "Campinas, SP, Brasil", "lat": -22.9056391, "lng": -47.059564 }, "geometry": { "type": "Point", "coordinates": [ -47.059564, -22.9056391 ] } },
{ "type": "Feature", "properties": { "NR_ZONA": "379", "NR_SECAO": "238", "NR_LOCAL_VOTACAO": "1201", "NM_UE": "CAMPINAS", "endereco_geocode": "Campinas, SP, Brasil", "lat": -22.9056391, "lng": -47.059564 }, "geometry": { "type": "Point", "coordinates": [ -47.059564, -22.9056391 ] } },
{ "type": "Feature", "properties": { "NR_ZONA": "380", "NR_SECAO": "262", "NR_LOCAL_VOTACAO": "1244", "NM_UE": "CAMPINAS", "endereco_geocode": "Campinas, SP, Brasil", "lat": -22.9056391, "lng": -47.059564 }, "geometry": { "type": "Point", "coordinates": [ -47.059564, -22.9056391 ] } },
{ "type": "Feature", "properties": { "NR_ZONA": "33", "NR_SECAO": "400", "NR_LOCAL_VOTACAO": "1023", "NM_UE": "CAMPINAS", "endereco_geocode": "Campinas, SP, Brasil", "lat": -22.9056391, "lng": -47.059564 }, "geometry": { "type": "Point", "coordinates": [ -47.059564, -22.9056391 ] } },
{ "type": "Feature", "properties": { "NR_ZONA": "379", "NR_SECAO": "14", "NR_LOCAL_VOTACAO": "1023", "NM_UE": "CAMPINAS", "endereco_geocode": "Campinas, SP, Brasil", "lat": -22.9056391, "lng": -47.059564 }, "geometry": { "type": "Point", "coordinates": [ -47.059564, -22.9056391 ] } },
{ "type": "Feature", "properties": { "NR_ZONA": "379", "NR_SECAO": "367", "NR_LOCAL_VOTACAO": "1457", "NM_UE": "CAMPINAS", "endereco_geocode": "Campinas, SP, Brasil", "lat": -22.9056391, "lng": -47.059564 }, "geometry": { "type": "Point", "coordinates": [ -47.059564, -22.9056391 ] } },
{ "type": "Feature", "properties": { "NR_ZONA": "423", "NR_SECAO": "78", "NR_LOCAL_VOTACAO": "1082", "NM_UE": "CAMPINAS", "endereco_geocode": "Campinas, SP, Brasil", "lat": -22.9056391, "lng": -47.059564 }, "geometry": { "type": "Point", "coordinates": [ -47.059564, -22.9056391 ] } },
{ "type": "Feature", "properties": { "NR_ZONA": "423", "NR_SECAO": "162", "NR_LOCAL_VOTACAO": "1163", "NM_UE": "CAMPINAS", "endereco_geocode": "Campinas, SP, Brasil", "lat": -22.9056391, "lng": -47.059564 }, "geometry": { "type": "Point", "coordinates": [ -47.059564, -22.9056391 ] } },
{ "type": "Feature", "properties": { "NR_ZONA": "275", "NR_SECAO": "487", "NR_LOCAL_VOTACAO": "1465", "NM_UE": "CAMPINAS", "endereco_geocode": "Campinas, SP, Brasil", "lat": -22.9056391, "lng": -47.059564 }, "geometry": { "type": "Point", "coordinates": [ -47.059564, -22.9056391 ] } },
{ "type": "Feature", "properties": { "NR_ZONA": "275", "NR_SECAO": "619", "NR_LOCAL_VOTACAO": "1929", "NM_UE": "CAMPINAS", "endereco_geocode": "Campinas, SP, Brasil", "lat": -22.9056391, "lng": -47.059564 }, "geometry": { "type": "Point", "coordinates": [ -47.059564, -22.9056391 ] } },
{ "type": "Feature", "properties": { "NR_ZONA": "275", "NR_SECAO": "635", "NR_LOCAL_VOTACAO": "1880", "NM_UE": "CAMPINAS", "endereco_geocode": "Campinas, SP, Brasil", "lat": -22.9056391, "lng": -47.059564 }, "geometry": { "type": "Point", "coordinates": [ -47.059564, -22.9056391 ] } },
{ "type": "Feature", "properties": { "NR_ZONA": "275", "NR_SECAO": "173", "NR_LOCAL_VOTACAO": "1910", "NM_UE": "CAMPINAS", "endereco_geocode": "Campinas, SP, Brasil", "lat": -22.9056391, "lng": -47.059564 }, "geometry": { "type": "Point", "coordinates": [ -47.059564, -22.9056391 ] } },
{ "type": "Feature", "properties": { "NR_ZONA": "380", "NR_SECAO": "226", "NR_LOCAL_VOTACAO": "1430", "NM_UE": "CAMPINAS", "endereco_geocode": "Campinas, SP, Brasil", "lat": -22.9056391, "lng": -47.059564 }, "geometry": { "type": "Point", "coordinates": [ -47.059564, -22.9056391 ] } },
{ "type": "Feature", "properties": { "NR_ZONA": "275", "NR_SECAO": "454", "NR_LOCAL_VOTACAO": "1066", "NM_UE": "CAMPINAS", "endereco_geocode": "Campinas, SP, Brasil", "lat": -22.9056391, "lng": -47.059564 }, "geometry": { "type": "Point", "coordinates": [ -47.059564, -22.9056391 ] } },
{ "type": "Feature", "properties": { "NR_ZONA": "380", "NR_SECAO": "194", "NR_LOCAL_VOTACAO": "1392", "NM_UE": "CAMPINAS", "endereco_geocode": "Campinas, SP, Brasil", "lat": -22.9056391, "lng": -47.059564 }, "geometry": { "type": "Point", "coordinates": [ -47.059564, -22.9056391 ] } },
{ "type": "Feature", "properties": { "NR_ZONA": "379", "NR_SECAO": "303", "NR_LOCAL_VOTACAO": "1198", "NM_UE": "CAMPINAS", "endereco_geocode": "Campinas, SP, Brasil", "lat": -22.9056391, "lng": -47.059564 }, "geometry": { "type": "Point", "coordinates": [ -47.059564, -22.9056391 ] } },
{ "type": "Feature", "properties": { "NR_ZONA": "33", "NR_SECAO": "386", "NR_LOCAL_VOTACAO": "1201", "NM_UE": "CAMPINAS", "endereco_geocode": "Campinas, SP, Brasil", "lat": -22.9056391, "lng": -47.059564 }, "geometry": { "type": "Point", "coordinates": [ -47.059564, -22.9056391 ] } },
{ "type": "Feature", "properties": { "NR_ZONA": "274", "NR_SECAO": "138", "NR_LOCAL_VOTACAO": "1163", "NM_UE": "CAMPINAS", "endereco_geocode": "Campinas, SP, Brasil", "lat": -22.9056391, "lng": -47.059564 }, "geometry": { "type": "Point", "coordinates": [ -47.059564, -22.9056391 ] } },
{ "type": "Feature", "properties": { "NR_ZONA": "33", "NR_SECAO": "236", "NR_LOCAL_VOTACAO": "1201", "NM_UE": "CAMPINAS", "endereco_geocode": "Campinas, SP, Brasil", "lat": -22.9056391, "lng": -47.059564 }, "geometry": { "type": "Point", "coordinates": [ -47.059564, -22.9056391 ] } },
{ "type": "Feature", "properties": { "NR_ZONA": "423", "NR_SECAO": "225", "NR_LOCAL_VOTACAO": "1180", "NM_UE": "CAMPINAS", "endereco_geocode": "Campinas, SP, Brasil", "lat": -22.9056391, "lng": -47.059564 }, "geometry": { "type": "Point", "coordinates": [ -47.059564, -22.9056391 ] } },
{ "type": "Feature", "properties": { "NR_ZONA": "423", "NR_SECAO": "172", "NR_LOCAL_VOTACAO": "1180", "NM_UE": "CAMPINAS", "endereco_geocode": "Campinas, SP, Brasil", "lat": -22.9056391, "lng": -47.059564 }, "geometry": { "type": "Point", "coordinates": [ -47.059564, -22.9056391 ] } },
{ "type": "Feature", "properties": { "NR_ZONA": "274", "NR_SECAO": "169", "NR_LOCAL_VOTACAO": "1201", "NM_UE": "CAMPINAS", "endereco_geocode": "Campinas, SP, Brasil", "lat": -22.9056391, "lng": -47.059564 }, "geometry": { "type": "Point", "coordinates": [ -47.059564, -22.9056391 ] } },
{ "type": "Feature", "properties": { "NR_ZONA": "423", "NR_SECAO": "5", "NR_LOCAL_VOTACAO": "1015", "NM_UE": "CAMPINAS", "endereco_geocode": "Campinas, SP, Brasil", "lat": -22.9056391, "lng": -47.059564 }, "geometry": { "type": "Point", "coordinates": [ -47.059564, -22.9056391 ] } },
{ "type": "Feature", "properties": { "NR_ZONA": "378", "NR_SECAO": "420", "NR_LOCAL_VOTACAO": "1171", "NM_UE": "CAMPINAS", "endereco_geocode": "Campinas, SP, Brasil", "lat": -22.9056391, "lng": -47.059564 }, "geometry": { "type": "Point", "coordinates": [ -47.059564, -22.9056391 ] } },
{ "type": "Feature", "properties": { "NR_ZONA": "378", "NR_SECAO": "225", "NR_LOCAL_VOTACAO": "1279", "NM_UE": "CAMPINAS", "endereco_geocode": "Campinas, SP, Brasil", "lat": -22.9056391, "lng": -47.059564 }, "geometry": { "type": "Point", "coordinates": [ -47.059564, -22.9056391 ] } },
{ "type": "Feature", "properties": { "NR_ZONA": "33", "NR_SECAO": "521", "NR_LOCAL_VOTACAO": "2356", "NM_UE": "CAMPINAS", "endereco_geocode": "Campinas, SP, Brasil", "lat": -22.9056391, "lng": -47.059564 }, "geometry": { "type": "Point", "coordinates": [ -47.059564, -22.9056391 ] } },
{ "type": "Feature", "properties": { "NR_ZONA": "33", "NR_SECAO": "458", "NR_LOCAL_VOTACAO": "2291", "NM_UE": "CAMPINAS", "endereco_geocode": "Campinas, SP, Brasil", "lat": -22.9056391, "lng": -47.059564 }, "geometry": { "type": "Point", "coordinates": [ -47.059564, -22.9056391 ] } },
{ "type": "Feature", "properties": { "NR_ZONA": "378", "NR_SECAO": "124", "NR_LOCAL_VOTACAO": "1090", "NM_UE": "CAMPINAS", "endereco_geocode": "Campinas, SP, Brasil", "lat": -22.9056391, "lng": -47.059564 }, "geometry": { "type": "Point", "coordinates": [ -47.059564, -22.9056391 ] } },
{ "type": "Feature", "properties": { "NR_ZONA": "379", "NR_SECAO": "265", "NR_LOCAL_VOTACAO": "1368", "NM_UE": "CAMPINAS", "endereco_geocode": "Campinas, SP, Brasil", "lat": -22.9056391, "lng": -47.059564 }, "geometry": { "type": "Point", "coordinates": [ -47.059564, -22.9056391 ] } },
{ "type": "Feature", "properties": { "NR_ZONA": "275", "NR_SECAO": "530", "NR_LOCAL_VOTACAO": "1163", "NM_UE": "CAMPINAS", "endereco_geocode": "Campinas, SP, Brasil", "lat": -22.9056391, "lng": -47.059564 }, "geometry": { "type": "Point", "coordinates": [ -47.059564, -22.9056391 ] } },
{ "type": "Feature", "properties": { "NR_ZONA": "378", "NR_SECAO": "287", "NR_LOCAL_VOTACAO": "1376", "NM_UE": "CAMPINAS", "endereco_geocode": "Campinas, SP, Brasil", "lat": -22.9056391, "lng": -47.059564 }, "geometry": { "type": "Point", "coordinates": [ -47.059564, -22.9056391 ] } },
{ "type": "Feature", "properties": { "NR_ZONA": "275", "NR_SECAO": "172", "NR_LOCAL_VOTACAO": "1910", "NM_UE": "CAMPINAS", "endereco_geocode": "Campinas, SP, Brasil", "lat": -22.9056391, "lng": -47.059564 }, "geometry": { "type": "Point", "coordinates": [ -47.059564, -22.9056391 ] } },
{ "type": "Feature", "properties": { "NR_ZONA": "423", "NR_SECAO": "242", "NR_LOCAL_VOTACAO": "1287", "NM_UE": "CAMPINAS", "endereco_geocode": "Campinas, SP, Brasil", "lat": -22.9056391, "lng": -47.059564 }, "geometry": { "type": "Point", "coordinates": [ -47.059564, -22.9056391 ] } },
{ "type": "Feature", "properties": { "NR_ZONA": "378", "NR_SECAO": "65", "NR_LOCAL_VOTACAO": "1392", "NM_UE": "CAMPINAS", "endereco_geocode": "Campinas, SP, Brasil", "lat": -22.9056391, "lng": -47.059564 }, "geometry": { "type": "Point", "coordinates": [ -47.059564, -22.9056391 ] } },
{ "type": "Feature", "properties": { "NR_ZONA": "379", "NR_SECAO": "429", "NR_LOCAL_VOTACAO": "1368", "NM_UE": "CAMPINAS", "endereco_geocode": "Campinas, SP, Brasil", "lat": -22.9056391, "lng": -47.059564 }, "geometry": { "type": "Point", "coordinates": [ -47.059564, -22.9056391 ] } },
{ "type": "Feature", "properties": { "NR_ZONA": "423", "NR_SECAO": "38", "NR_LOCAL_VOTACAO": "1040", "NM_UE": "CAMPINAS", "endereco_geocode": "Campinas, SP, Brasil", "lat": -22.9056391, "lng": -47.059564 }, "geometry": { "type": "Point", "coordinates": [ -47.059564, -22.9056391 ] } },
{ "type": "Feature", "properties": { "NR_ZONA": "379", "NR_SECAO": "426", "NR_LOCAL_VOTACAO": "1309", "NM_UE": "CAMPINAS", "endereco_geocode": "Campinas, SP, Brasil", "lat": -22.9056391, "lng": -47.059564 }, "geometry": { "type": "Point", "coordinates": [ -47.059564, -22.9056391 ] } },
{ "type": "Feature", "properties": { "NR_ZONA": "378", "NR_SECAO": "274", "NR_LOCAL_VOTACAO": "1422", "NM_UE": "CAMPINAS", "endereco_geocode": "Campinas, SP, Brasil", "lat": -22.9056391, "lng": -47.059564 }, "geometry": { "type": "Point", "coordinates": [ -47.059564, -22.9056391 ] } },
{ "type": "Feature", "properties": { "NR_ZONA": "379", "NR_SECAO": "502", "NR_LOCAL_VOTACAO": "1570", "NM_UE": "CAMPINAS", "endereco_geocode": "Campinas, SP, Brasil", "lat": -22.9056391, "lng": -47.059564 }, "geometry": { "type": "Point", "coordinates": [ -47.059564, -22.9056391 ] } },
{ "type": "Feature", "properties": { "NR_ZONA": "379", "NR_SECAO": "481", "NR_LOCAL_VOTACAO": "1554", "NM_UE": "CAMPINAS", "endereco_geocode": "Campinas, SP, Brasil", "lat": -22.9056391, "lng": -47.059564 }, "geometry": { "type": "Point", "coordinates": [ -47.059564, -22.9056391 ] } },
{ "type": "Feature", "properties": { "NR_ZONA": "379", "NR_SECAO": "501", "NR_LOCAL_VOTACAO": "1570", "NM_UE": "CAMPINAS", "endereco_geocode": "Campinas, SP, Brasil", "lat": -22.9056391, "lng": -47.059564 }, "geometry": { "type": "Point", "coordinates": [ -47.059564, -22.9056391 ] } },
{ "type": "Feature", "properties": { "NR_ZONA": "378", "NR_SECAO": "574", "NR_LOCAL_VOTACAO": "1660", "NM_UE": "CAMPINAS", "endereco_geocode": "Campinas, SP, Brasil", "lat": -22.9056391, "lng": -47.059564 }, "geometry": { "type": "Point", "coordinates": [ -47.059564, -22.9056391 ] } },
{ "type": "Feature", "properties": { "NR_ZONA": "379", "NR_SECAO": "297", "NR_LOCAL_VOTACAO": "1406", "NM_UE": "CAMPINAS", "endereco_geocode": "Campinas, SP, Brasil", "lat": -22.9056391, "lng": -47.059564 }, "geometry": { "type": "Point", "coordinates": [ -47.059564, -22.9056391 ] } },
{ "type": "Feature", "properties": { "NR_ZONA": "379", "NR_SECAO": "326", "NR_LOCAL_VOTACAO": "1422", "NM_UE": "CAMPINAS", "endereco_geocode": "Campinas, SP, Brasil", "lat": -22.9056391, "lng": -47.059564 }, "geometry": { "type": "Point", "coordinates": [ -47.059564, -22.9056391 ] } },
{ "type": "Feature", "properties": { "NR_ZONA": "379", "NR_SECAO": "301", "NR_LOCAL_VOTACAO": "1384", "NM_UE": "CAMPINAS", "endereco_geocode": "Campinas, SP, Brasil", "lat": -22.9056391, "lng": -47.059564 }, "geometry": { "type": "Point", "coordinates": [ -47.059564, -22.9056391 ] } },
{ "type": "Feature", "properties": { "NR_ZONA": "379", "NR_SECAO": "44", "NR_LOCAL_VOTACAO": "1058", "NM_UE": "CAMPINAS", "endereco_geocode": "Campinas, SP, Brasil", "lat": -22.9056391, "lng": -47.059564 }, "geometry": { "type": "Point", "coordinates": [ -47.059564, -22.9056391 ] } },
{ "type": "Feature", "properties": { "NR_ZONA": "378", "NR_SECAO": "142", "NR_LOCAL_VOTACAO": "1686", "NM_UE": "CAMPINAS", "endereco_geocode": "Campinas, SP, Brasil", "lat": -22.9056391, "lng": -47.059564 }, "geometry": { "type": "Point", "coordinates": [ -47.059564, -22.9056391 ] } },
{ "type": "Feature", "properties": { "NR_ZONA": "379", "NR_SECAO": "275", "NR_LOCAL_VOTACAO": "1252", "NM_UE": "CAMPINAS", "endereco_geocode": "Campinas, SP, Brasil", "lat": -22.9056391, "lng": -47.059564 }, "geometry": { "type": "Point", "coordinates": [ -47.059564, -22.9056391 ] } },
{ "type": "Feature", "properties": { "NR_ZONA": "379", "NR_SECAO": "428", "NR_LOCAL_VOTACAO": "1210", "NM_UE": "CAMPINAS", "endereco_geocode": "Campinas, SP, Brasil", "lat": -22.9056391, "lng": -47.059564 }, "geometry": { "type": "Point", "coordinates": [ -47.059564, -22.9056391 ] } },
{ "type": "Feature", "properties": { "NR_ZONA": "378", "NR_SECAO": "562", "NR_LOCAL_VOTACAO": "1040", "NM_UE": "CAMPINAS", "endereco_geocode": "Campinas, SP, Brasil", "lat": -22.9056391, "lng": -47.059564 }, "geometry": { "type": "Point", "coordinates": [ -47.059564, -22.9056391 ] } },
{ "type": "Feature", "properties": { "NR_ZONA": "379", "NR_SECAO": "200", "NR_LOCAL_VOTACAO": "1317", "NM_UE": "CAMPINAS", "endereco_geocode": "Campinas, SP, Brasil", "lat": -22.9056391, "lng": -47.059564 }, "geometry": { "type": "Point", "coordinates": [ -47.059564, -22.9056391 ] } },
{ "type": "Feature", "properties": { "NR_ZONA": "33", "NR_SECAO": "49", "NR_LOCAL_VOTACAO": "1074", "NM_UE": "CAMPINAS", "endereco_geocode": "Campinas, SP, Brasil", "lat": -22.9056391, "lng": -47.059564 }, "geometry": { "type": "Point", "coordinates": [ -47.059564, -22.9056391 ] } },
{ "type": "Feature", "properties": { "NR_ZONA": "274", "NR_SECAO": "376", "NR_LOCAL_VOTACAO": "1163", "NM_UE": "CAMPINAS", "endereco_geocode": "Campinas, SP, Brasil", "lat": -22.9056391, "lng": -47.059564 }, "geometry": { "type": "Point", "coordinates": [ -47.059564, -22.9056391 ] } },
{ "type": "Feature", "properties": { "NR_ZONA": "423", "NR_SECAO": "160", "NR_LOCAL_VOTACAO": "1163", "NM_UE": "CAMPINAS", "endereco_geocode": "Campinas, SP, Brasil", "lat": -22.9056391, "lng": -47.059564 }, "geometry": { "type": "Point", "coordinates": [ -47.059564, -22.9056391 ] } },
{ "type": "Feature", "properties": { "NR_ZONA": "423", "NR_SECAO": "12", "NR_LOCAL_VOTACAO": "1015", "NM_UE": "CAMPINAS", "endereco_geocode": "Campinas, SP, Brasil", "lat": -22.9056391, "lng": -47.059564 }, "geometry": { "type": "Point", "coordinates": [ -47.059564, -22.9056391 ] } },
{ "type": "Feature", "properties": { "NR_ZONA": "379", "NR_SECAO": "370", "NR_LOCAL_VOTACAO": "1392", "NM_UE": "CAMPINAS", "endereco_geocode": "Campinas, SP, Brasil", "lat": -22.9056391, "lng": -47.059564 }, "geometry": { "type": "Point", "coordinates": [ -47.059564, -22.9056391 ] } },
{ "type": "Feature", "properties": { "NR_ZONA": "379", "NR_SECAO": "492", "NR_LOCAL_VOTACAO": "1562", "NM_UE": "CAMPINAS", "endereco_geocode": "Campinas, SP, Brasil", "lat": -22.9056391, "lng": -47.059564 }, "geometry": { "type": "Point", "coordinates": [ -47.059564, -22.9056391 ] } },
{ "type": "Feature", "properties": { "NR_ZONA": "274", "NR_SECAO": "87", "NR_LOCAL_VOTACAO": "1104", "NM_UE": "CAMPINAS", "endereco_geocode": "Campinas, SP, Brasil", "lat": -22.9056391, "lng": -47.059564 }, "geometry": { "type": "Point", "coordinates": [ -47.059564, -22.9056391 ] } },
{ "type": "Feature", "properties": { "NR_ZONA": "275", "NR_SECAO": "191", "NR_LOCAL_VOTACAO": "1309", "NM_UE": "CAMPINAS", "endereco_geocode": "Campinas, SP, Brasil", "lat": -22.9056391, "lng": -47.059564 }, "geometry": { "type": "Point", "coordinates": [ -47.059564, -22.9056391 ] } },
{ "type": "Feature", "properties": { "NR_ZONA": "33", "NR_SECAO": "543", "NR_LOCAL_VOTACAO": "2364", "NM_UE": "CAMPINAS", "endereco_geocode": "Campinas, SP, Brasil", "lat": -22.9056391, "lng": -47.059564 }, "geometry": { "type": "Point", "coordinates": [ -47.059564, -22.9056391 ] } },
{ "type": "Feature", "properties": { "NR_ZONA": "380", "NR_SECAO": "165", "NR_LOCAL_VOTACAO": "1368", "NM_UE": "CAMPINAS", "endereco_geocode": "Campinas, SP, Brasil", "lat": -22.9056391, "lng": -47.059564 }, "geometry": { "type": "Point", "coordinates": [ -47.059564, -22.9056391 ] } },
{ "type": "Feature", "properties": { "NR_ZONA": "380", "NR_SECAO": "19", "NR_LOCAL_VOTACAO": "1112", "NM_UE": "CAMPINAS", "endereco_geocode": "Campinas, SP, Brasil", "lat": -22.9056391, "lng": -47.059564 }, "geometry": { "type": "Point", "coordinates": [ -47.059564, -22.9056391 ] } },
{ "type": "Feature", "properties": { "NR_ZONA": "379", "NR_SECAO": "335", "NR_LOCAL_VOTACAO": "1198", "NM_UE": "CAMPINAS", "endereco_geocode": "Campinas, SP, Brasil", "lat": -22.9056391, "lng": -47.059564 }, "geometry": { "type": "Point", "coordinates": [ -47.059564, -22.9056391 ] } },
{ "type": "Feature", "properties": { "NR_ZONA": "378", "NR_SECAO": "3", "NR_LOCAL_VOTACAO": "1015", "NM_UE": "CAMPINAS", "endereco_geocode": "Campinas, SP, Brasil", "lat": -22.9056391, "lng": -47.059564 }, "geometry": { "type": "Point", "coordinates": [ -47.059564, -22.9056391 ] } },
{ "type": "Feature", "properties": { "NR_ZONA": "378", "NR_SECAO": "463", "NR_LOCAL_VOTACAO": "1554", "NM_UE": "CAMPINAS", "endereco_geocode": "Campinas, SP, Brasil", "lat": -22.9056391, "lng": -47.059564 }, "geometry": { "type": "Point", "coordinates": [ -47.059564, -22.9056391 ] } },
{ "type": "Feature", "properties": { "NR_ZONA": "380", "NR_SECAO": "182", "NR_LOCAL_VOTACAO": "1392", "NM_UE": "CAMPINAS", "endereco_geocode": "Campinas, SP, Brasil", "lat": -22.9056391, "lng": -47.059564 }, "geometry": { "type": "Point", "coordinates": [ -47.059564, -22.9056391 ] } },
{ "type": "Feature", "properties": { "NR_ZONA": "380", "NR_SECAO": "91", "NR_LOCAL_VOTACAO": "1198", "NM_UE": "CAMPINAS", "endereco_geocode": "Campinas, SP, Brasil", "lat": -22.9056391, "lng": -47.059564 }, "geometry": { "type": "Point", "coordinates": [ -47.059564, -22.9056391 ] } },
{ "type": "Feature", "properties": { "NR_ZONA": "380", "NR_SECAO": "266", "NR_LOCAL_VOTACAO": "1090", "NM_UE": "CAMPINAS", "endereco_geocode": "Campinas, SP, Brasil", "lat": -22.9056391, "lng": -47.059564 }, "geometry": { "type": "Point", "coordinates": [ -47.059564, -22.9056391 ] } },
{ "type": "Feature", "properties": { "NR_ZONA": "423", "NR_SECAO": "278", "NR_LOCAL_VOTACAO": "1341", "NM_UE": "CAMPINAS", "endereco_geocode": "Campinas, SP, Brasil", "lat": -22.9056391, "lng": -47.059564 }, "geometry": { "type": "Point", "coordinates": [ -47.059564, -22.9056391 ] } },
{ "type": "Feature", "properties": { "NR_ZONA": "379", "NR_SECAO": "183", "NR_LOCAL_VOTACAO": "1309", "NM_UE": "CAMPINAS", "endereco_geocode": "Campinas, SP, Brasil", "lat": -22.9056391, "lng": -47.059564 }, "geometry": { "type": "Point", "coordinates": [ -47.059564, -22.9056391 ] } },
{ "type": "Feature", "properties": { "NR_ZONA": "378", "NR_SECAO": "371", "NR_LOCAL_VOTACAO": "1490", "NM_UE": "CAMPINAS", "endereco_geocode": "Campinas, SP, Brasil", "lat": -22.9056391, "lng": -47.059564 }, "geometry": { "type": "Point", "coordinates": [ -47.059564, -22.9056391 ] } },
{ "type": "Feature", "properties": { "NR_ZONA": "380", "NR_SECAO": "191", "NR_LOCAL_VOTACAO": "1392", "NM_UE": "CAMPINAS", "endereco_geocode": "Campinas, SP, Brasil", "lat": -22.9056391, "lng": -47.059564 }, "geometry": { "type": "Point", "coordinates": [ -47.059564, -22.9056391 ] } },
{ "type": "Feature", "properties": { "NR_ZONA": "275", "NR_SECAO": "620", "NR_LOCAL_VOTACAO": "1830", "NM_UE": "CAMPINAS", "endereco_geocode": "Campinas, SP, Brasil", "lat": -22.9056391, "lng": -47.059564 }, "geometry": { "type": "Point", "coordinates": [ -47.059564, -22.9056391 ] } },
{ "type": "Feature", "properties": { "NR_ZONA": "379", "NR_SECAO": "462", "NR_LOCAL_VOTACAO": "1546", "NM_UE": "CAMPINAS", "endereco_geocode": "Campinas, SP, Brasil", "lat": -22.9056391, "lng": -47.059564 }, "geometry": { "type": "Point", "coordinates": [ -47.059564, -22.9056391 ] } },
{ "type": "Feature", "properties": { "NR_ZONA": "378", "NR_SECAO": "232", "NR_LOCAL_VOTACAO": "1163", "NM_UE": "CAMPINAS", "endereco_geocode": "Campinas, SP, Brasil", "lat": -22.9056391, "lng": -47.059564 }, "geometry": { "type": "Point", "coordinates": [ -47.059564, -22.9056391 ] } },
{ "type": "Feature", "properties": { "NR_ZONA": "378", "NR_SECAO": "544", "NR_LOCAL_VOTACAO": "1163", "NM_UE": "CAMPINAS", "endereco_geocode": "Campinas, SP, Brasil", "lat": -22.9056391, "lng": -47.059564 }, "geometry": { "type": "Point", "coordinates": [ -47.059564, -22.9056391 ] } },
{ "type": "Feature", "properties": { "NR_ZONA": "378", "NR_SECAO": "446", "NR_LOCAL_VOTACAO": "1520", "NM_UE": "CAMPINAS", "endereco_geocode": "Campinas, SP, Brasil", "lat": -22.9056391, "lng": -47.059564 }, "geometry": { "type": "Point", "coordinates": [ -47.059564, -22.9056391 ] } },
{ "type": "Feature", "properties": { "NR_ZONA": "379", "NR_SECAO": "472", "NR_LOCAL_VOTACAO": "1546", "NM_UE": "CAMPINAS", "endereco_geocode": "Campinas, SP, Brasil", "lat": -22.9056391, "lng": -47.059564 }, "geometry": { "type": "Point", "coordinates": [ -47.059564, -22.9056391 ] } },
{ "type": "Feature", "properties": { "NR_ZONA": "423", "NR_SECAO": "200", "NR_LOCAL_VOTACAO": "1325", "NM_UE": "CAMPINAS", "endereco_geocode": "Campinas, SP, Brasil", "lat": -22.9056391, "lng": -47.059564 }, "geometry": { "type": "Point", "coordinates": [ -47.059564, -22.9056391 ] } },
{ "type": "Feature", "properties": { "NR_ZONA": "378", "NR_SECAO": "360", "NR_LOCAL_VOTACAO": "1430", "NM_UE": "CAMPINAS", "endereco_geocode": "Campinas, SP, Brasil", "lat": -22.9056391, "lng": -47.059564 }, "geometry": { "type": "Point", "coordinates": [ -47.059564, -22.9056391 ] } },
{ "type": "Feature", "properties": { "NR_ZONA": "379", "NR_SECAO": "202", "NR_LOCAL_VOTACAO": "1317", "NM_UE": "CAMPINAS", "endereco_geocode": "Campinas, SP, Brasil", "lat": -22.9056391, "lng": -47.059564 }, "geometry": { "type": "Point", "coordinates": [ -47.059564, -22.9056391 ] } },
{ "type": "Feature", "properties": { "NR_ZONA": "379", "NR_SECAO": "29", "NR_LOCAL_VOTACAO": "1040", "NM_UE": "CAMPINAS", "endereco_geocode": "Campinas, SP, Brasil", "lat": -22.9056391, "lng": -47.059564 }, "geometry": { "type": "Point", "coordinates": [ -47.059564, -22.9056391 ] } },
{ "type": "Feature", "properties": { "NR_ZONA": "275", "NR_SECAO": "32", "NR_LOCAL_VOTACAO": "1058", "NM_UE": "CAMPINAS", "endereco_geocode": "Campinas, SP, Brasil", "lat": -22.9056391, "lng": -47.059564 }, "geometry": { "type": "Point", "coordinates": [ -47.059564, -22.9056391 ] } },
{ "type": "Feature", "properties": { "NR_ZONA": "33", "NR_SECAO": "10", "NR_LOCAL_VOTACAO": "1023", "NM_UE": "CAMPINAS", "endereco_geocode": "Campinas, SP, Brasil", "lat": -22.9056391, "lng": -47.059564 }, "geometry": { "type": "Point", "coordinates": [ -47.059564, -22.9056391 ] } },
{ "type": "Feature", "properties": { "NR_ZONA": "379", "NR_SECAO": "368", "NR_LOCAL_VOTACAO": "1430", "NM_UE": "CAMPINAS", "endereco_geocode": "Campinas, SP, Brasil", "lat": -22.9056391, "lng": -47.059564 }, "geometry": { "type": "Point", "coordinates": [ -47.059564, -22.9056391 ] } },
{ "type": "Feature", "properties": { "NR_ZONA": "33", "NR_SECAO": "244", "NR_LOCAL_VOTACAO": "1139", "NM_UE": "CAMPINAS", "endereco_geocode": "Campinas, SP, Brasil", "lat": -22.9056391, "lng": -47.059564 }, "geometry": { "type": "Point", "coordinates": [ -47.059564, -22.9056391 ] } },
{ "type": "Feature", "properties": { "NR_ZONA": "379", "NR_SECAO": "325", "NR_LOCAL_VOTACAO": "1430", "NM_UE": "CAMPINAS", "endereco_geocode": "Campinas, SP, Brasil", "lat": -22.9056391, "lng": -47.059564 }, "geometry": { "type": "Point", "coordinates": [ -47.059564, -22.9056391 ] } },
{ "type": "Feature", "properties": { "NR_ZONA": "33", "NR_SECAO": "30", "NR_LOCAL_VOTACAO": "1058", "NM_UE": "CAMPINAS", "endereco_geocode": "Campinas, SP, Brasil", "lat": -22.9056391, "lng": -47.059564 }, "geometry": { "type": "Point", "coordinates": [ -47.059564, -22.9056391 ] } },
{ "type": "Feature", "properties": { "NR_ZONA": "275", "NR_SECAO": "47", "NR_LOCAL_VOTACAO": "1074", "NM_UE": "CAMPINAS", "endereco_geocode": "Campinas, SP, Brasil", "lat": -22.9056391, "lng": -47.059564 }, "geometry": { "type": "Point", "coordinates": [ -47.059564, -22.9056391 ] } },
{ "type": "Feature", "properties": { "NR_ZONA": "379", "NR_SECAO": "380", "NR_LOCAL_VOTACAO": "1430", "NM_UE": "CAMPINAS", "endereco_geocode": "Campinas, SP, Brasil", "lat": -22.9056391, "lng": -47.059564 }, "geometry": { "type": "Point", "coordinates": [ -47.059564, -22.9056391 ] } },
{ "type": "Feature", "properties": { "NR_ZONA": "274", "NR_SECAO": "777", "NR_LOCAL_VOTACAO": "2062", "NM_UE": "CAMPINAS", "endereco_geocode": "Campinas, SP, Brasil", "lat": -22.9056391, "lng": -47.059564 }, "geometry": { "type": "Point", "coordinates": [ -47.059564, -22.9056391 ] } },
{ "type": "Feature", "properties": { "NR_ZONA": "275", "NR_SECAO": "390", "NR_LOCAL_VOTACAO": "1554", "NM_UE": "CAMPINAS", "endereco_geocode": "Campinas, SP, Brasil", "lat": -22.9056391, "lng": -47.059564 }, "geometry": { "type": "Point", "coordinates": [ -47.059564, -22.9056391 ] } },
{ "type": "Feature", "properties": { "NR_ZONA": "378", "NR_SECAO": "524", "NR_LOCAL_VOTACAO": "1287", "NM_UE": "CAMPINAS", "endereco_geocode": "Campinas, SP, Brasil", "lat": -22.9056391, "lng": -47.059564 }, "geometry": { "type": "Point", "coordinates": [ -47.059564, -22.9056391 ] } },
{ "type": "Feature", "properties": { "NR_ZONA": "274", "NR_SECAO": "103", "NR_LOCAL_VOTACAO": "1120", "NM_UE": "CAMPINAS", "endereco_geocode": "Campinas, SP, Brasil", "lat": -22.9056391, "lng": -47.059564 }, "geometry": { "type": "Point", "coordinates": [ -47.059564, -22.9056391 ] } },
{ "type": "Feature", "properties": { "NR_ZONA": "274", "NR_SECAO": "168", "NR_LOCAL_VOTACAO": "1201", "NM_UE": "CAMPINAS", "endereco_geocode": "Campinas, SP, Brasil", "lat": -22.9056391, "lng": -47.059564 }, "geometry": { "type": "Point", "coordinates": [ -47.059564, -22.9056391 ] } },
{ "type": "Feature", "properties": { "NR_ZONA": "33", "NR_SECAO": "21", "NR_LOCAL_VOTACAO": "1058", "NM_UE": "CAMPINAS", "endereco_geocode": "Campinas, SP, Brasil", "lat": -22.9056391, "lng": -47.059564 }, "geometry": { "type": "Point", "coordinates": [ -47.059564, -22.9056391 ] } },
{ "type": "Feature", "properties": { "NR_ZONA": "378", "NR_SECAO": "516", "NR_LOCAL_VOTACAO": "1503", "NM_UE": "CAMPINAS", "endereco_geocode": "Campinas, SP, Brasil", "lat": -22.9056391, "lng": -47.059564 }, "geometry": { "type": "Point", "coordinates": [ -47.059564, -22.9056391 ] } },
{ "type": "Feature", "properties": { "NR_ZONA": "379", "NR_SECAO": "143", "NR_LOCAL_VOTACAO": "1155", "NM_UE": "CAMPINAS", "endereco_geocode": "Campinas, SP, Brasil", "lat": -22.9056391, "lng": -47.059564 }, "geometry": { "type": "Point", "coordinates": [ -47.059564, -22.9056391 ] } },
{ "type": "Feature", "properties": { "NR_ZONA": "275", "NR_SECAO": "500", "NR_LOCAL_VOTACAO": "1538", "NM_UE": "CAMPINAS", "endereco_geocode": "Campinas, SP, Brasil", "lat": -22.9056391, "lng": -47.059564 }, "geometry": { "type": "Point", "coordinates": [ -47.059564, -22.9056391 ] } },
{ "type": "Feature", "properties": { "NR_ZONA": "33", "NR_SECAO": "557", "NR_LOCAL_VOTACAO": "2372", "NM_UE": "CAMPINAS", "endereco_geocode": "Campinas, SP, Brasil", "lat": -22.9056391, "lng": -47.059564 }, "geometry": { "type": "Point", "coordinates": [ -47.059564, -22.9056391 ] } },
{ "type": "Feature", "properties": { "NR_ZONA": "423", "NR_SECAO": "31", "NR_LOCAL_VOTACAO": "1031", "NM_UE": "CAMPINAS", "endereco_geocode": "Campinas, SP, Brasil", "lat": -22.9056391, "lng": -47.059564 }, "geometry": { "type": "Point", "coordinates": [ -47.059564, -22.9056391 ] } },
{ "type": "Feature", "properties": { "NR_ZONA": "274", "NR_SECAO": "366", "NR_LOCAL_VOTACAO": "1481", "NM_UE": "CAMPINAS", "endereco_geocode": "Campinas, SP, Brasil", "lat": -22.9056391, "lng": -47.059564 }, "geometry": { "type": "Point", "coordinates": [ -47.059564, -22.9056391 ] } },
{ "type": "Feature", "properties": { "NR_ZONA": "33", "NR_SECAO": "502", "NR_LOCAL_VOTACAO": "2330", "NM_UE": "CAMPINAS", "endereco_geocode": "Campinas, SP, Brasil", "lat": -22.9056391, "lng": -47.059564 }, "geometry": { "type": "Point", "coordinates": [ -47.059564, -22.9056391 ] } },
{ "type": "Feature", "properties": { "NR_ZONA": "378", "NR_SECAO": "218", "NR_LOCAL_VOTACAO": "1295", "NM_UE": "CAMPINAS", "endereco_geocode": "Campinas, SP, Brasil", "lat": -22.9056391, "lng": -47.059564 }, "geometry": { "type": "Point", "coordinates": [ -47.059564, -22.9056391 ] } },
{ "type": "Feature", "properties": { "NR_ZONA": "378", "NR_SECAO": "8", "NR_LOCAL_VOTACAO": "1015", "NM_UE": "CAMPINAS", "endereco_geocode": "Campinas, SP, Brasil", "lat": -22.9056391, "lng": -47.059564 }, "geometry": { "type": "Point", "coordinates": [ -47.059564, -22.9056391 ] } },
{ "type": "Feature", "properties": { "NR_ZONA": "33", "NR_SECAO": "240", "NR_LOCAL_VOTACAO": "1023", "NM_UE": "CAMPINAS", "endereco_geocode": "Campinas, SP, Brasil", "lat": -22.9056391, "lng": -47.059564 }, "geometry": { "type": "Point", "coordinates": [ -47.059564, -22.9056391 ] } },
{ "type": "Feature", "properties": { "NR_ZONA": "33", "NR_SECAO": "5", "NR_LOCAL_VOTACAO": "1015", "NM_UE": "CAMPINAS", "endereco_geocode": "Campinas, SP, Brasil", "lat": -22.9056391, "lng": -47.059564 }, "geometry": { "type": "Point", "coordinates": [ -47.059564, -22.9056391 ] } },
{ "type": "Feature", "properties": { "NR_ZONA": "379", "NR_SECAO": "264", "NR_LOCAL_VOTACAO": "1155", "NM_UE": "CAMPINAS", "endereco_geocode": "Campinas, SP, Brasil", "lat": -22.9056391, "lng": -47.059564 }, "geometry": { "type": "Point", "coordinates": [ -47.059564, -22.9056391 ] } },
{ "type": "Feature", "properties": { "NR_ZONA": "380", "NR_SECAO": "257", "NR_LOCAL_VOTACAO": "1287", "NM_UE": "CAMPINAS", "endereco_geocode": "Campinas, SP, Brasil", "lat": -22.9056391, "lng": -47.059564 }, "geometry": { "type": "Point", "coordinates": [ -47.059564, -22.9056391 ] } },
{ "type": "Feature", "properties": { "NR_ZONA": "33", "NR_SECAO": "241", "NR_LOCAL_VOTACAO": "1074", "NM_UE": "CAMPINAS", "endereco_geocode": "Campinas, SP, Brasil", "lat": -22.9056391, "lng": -47.059564 }, "geometry": { "type": "Point", "coordinates": [ -47.059564, -22.9056391 ] } },
{ "type": "Feature", "properties": { "NR_ZONA": "380", "NR_SECAO": "139", "NR_LOCAL_VOTACAO": "1333", "NM_UE": "CAMPINAS", "endereco_geocode": "Campinas, SP, Brasil", "lat": -22.9056391, "lng": -47.059564 }, "geometry": { "type": "Point", "coordinates": [ -47.059564, -22.9056391 ] } },
{ "type": "Feature", "properties": { "NR_ZONA": "274", "NR_SECAO": "657", "NR_LOCAL_VOTACAO": "1724", "NM_UE": "CAMPINAS", "endereco_geocode": "Campinas, SP, Brasil", "lat": -22.9056391, "lng": -47.059564 }, "geometry": { "type": "Point", "coordinates": [ -47.059564, -22.9056391 ] } },
{ "type": "Feature", "properties": { "NR_ZONA": "379", "NR_SECAO": "471", "NR_LOCAL_VOTACAO": "1546", "NM_UE": "CAMPINAS", "endereco_geocode": "Campinas, SP, Brasil", "lat": -22.9056391, "lng": -47.059564 }, "geometry": { "type": "Point", "coordinates": [ -47.059564, -22.9056391 ] } },
{ "type": "Feature", "properties": { "NR_ZONA": "423", "NR_SECAO": "17", "NR_LOCAL_VOTACAO": "1325", "NM_UE": "CAMPINAS", "endereco_geocode": "Campinas, SP, Brasil", "lat": -22.9056391, "lng": -47.059564 }, "geometry": { "type": "Point", "coordinates": [ -47.059564, -22.9056391 ] } },
{ "type": "Feature", "properties": { "NR_ZONA": "380", "NR_SECAO": "215", "NR_LOCAL_VOTACAO": "1414", "NM_UE": "CAMPINAS", "endereco_geocode": "Campinas, SP, Brasil", "lat": -22.9056391, "lng": -47.059564 }, "geometry": { "type": "Point", "coordinates": [ -47.059564, -22.9056391 ] } },
{ "type": "Feature", "properties": { "NR_ZONA": "380", "NR_SECAO": "156", "NR_LOCAL_VOTACAO": "1350", "NM_UE": "CAMPINAS", "endereco_geocode": "Campinas, SP, Brasil", "lat": -22.9056391, "lng": -47.059564 }, "geometry": { "type": "Point", "coordinates": [ -47.059564, -22.9056391 ] } },
{ "type": "Feature", "properties": { "NR_ZONA": "380", "NR_SECAO": "288", "NR_LOCAL_VOTACAO": "1465", "NM_UE": "CAMPINAS", "endereco_geocode": "Campinas, SP, Brasil", "lat": -22.9056391, "lng": -47.059564 }, "geometry": { "type": "Point", "coordinates": [ -47.059564, -22.9056391 ] } },
{ "type": "Feature", "properties": { "NR_ZONA": "380", "NR_SECAO": "110", "NR_LOCAL_VOTACAO": "1295", "NM_UE": "CAMPINAS", "endereco_geocode": "Campinas, SP, Brasil", "lat": -22.9056391, "lng": -47.059564 }, "geometry": { "type": "Point", "coordinates": [ -47.059564, -22.9056391 ] } },
{ "type": "Feature", "properties": { "NR_ZONA": "379", "NR_SECAO": "461", "NR_LOCAL_VOTACAO": "1546", "NM_UE": "CAMPINAS", "endereco_geocode": "Campinas, SP, Brasil", "lat": -22.9056391, "lng": -47.059564 }, "geometry": { "type": "Point", "coordinates": [ -47.059564, -22.9056391 ] } },
{ "type": "Feature", "properties": { "NR_ZONA": "379", "NR_SECAO": "476", "NR_LOCAL_VOTACAO": "1546", "NM_UE": "CAMPINAS", "endereco_geocode": "Campinas, SP, Brasil", "lat": -22.9056391, "lng": -47.059564 }, "geometry": { "type": "Point", "coordinates": [ -47.059564, -22.9056391 ] } },
{ "type": "Feature", "properties": { "NR_ZONA": "33", "NR_SECAO": "501", "NR_LOCAL_VOTACAO": "2330", "NM_UE": "CAMPINAS", "endereco_geocode": "Campinas, SP, Brasil", "lat": -22.9056391, "lng": -47.059564 }, "geometry": { "type": "Point", "coordinates": [ -47.059564, -22.9056391 ] } },
{ "type": "Feature", "properties": { "NR_ZONA": "33", "NR_SECAO": "508", "NR_LOCAL_VOTACAO": "2348", "NM_UE": "CAMPINAS", "endereco_geocode": "Campinas, SP, Brasil", "lat": -22.9056391, "lng": -47.059564 }, "geometry": { "type": "Point", "coordinates": [ -47.059564, -22.9056391 ] } },
{ "type": "Feature", "properties": { "NR_ZONA": "275", "NR_SECAO": "183", "NR_LOCAL_VOTACAO": "1295", "NM_UE": "CAMPINAS", "endereco_geocode": "Campinas, SP, Brasil", "lat": -22.9056391, "lng": -47.059564 }, "geometry": { "type": "Point", "coordinates": [ -47.059564, -22.9056391 ] } },
{ "type": "Feature", "properties": { "NR_ZONA": "378", "NR_SECAO": "189", "NR_LOCAL_VOTACAO": "1066", "NM_UE": "CAMPINAS", "endereco_geocode": "Campinas, SP, Brasil", "lat": -22.9056391, "lng": -47.059564 }, "geometry": { "type": "Point", "coordinates": [ -47.059564, -22.9056391 ] } },
{ "type": "Feature", "properties": { "NR_ZONA": "379", "NR_SECAO": "214", "NR_LOCAL_VOTACAO": "1325", "NM_UE": "CAMPINAS", "endereco_geocode": "Campinas, SP, Brasil", "lat": -22.9056391, "lng": -47.059564 }, "geometry": { "type": "Point", "coordinates": [ -47.059564, -22.9056391 ] } },
{ "type": "Feature", "properties": { "NR_ZONA": "379", "NR_SECAO": "150", "NR_LOCAL_VOTACAO": "1201", "NM_UE": "CAMPINAS", "endereco_geocode": "Campinas, SP, Brasil", "lat": -22.9056391, "lng": -47.059564 }, "geometry": { "type": "Point", "coordinates": [ -47.059564, -22.9056391 ] } },
{ "type": "Feature", "properties": { "NR_ZONA": "274", "NR_SECAO": "132", "NR_LOCAL_VOTACAO": "1163", "NM_UE": "CAMPINAS", "endereco_geocode": "Campinas, SP, Brasil", "lat": -22.9056391, "lng": -47.059564 }, "geometry": { "type": "Point", "coordinates": [ -47.059564, -22.9056391 ] } },
{ "type": "Feature", "properties": { "NR_ZONA": "275", "NR_SECAO": "496", "NR_LOCAL_VOTACAO": "1295", "NM_UE": "CAMPINAS", "endereco_geocode": "Campinas, SP, Brasil", "lat": -22.9056391, "lng": -47.059564 }, "geometry": { "type": "Point", "coordinates": [ -47.059564, -22.9056391 ] } },
{ "type": "Feature", "properties": { "NR_ZONA": "275", "NR_SECAO": "615", "NR_LOCAL_VOTACAO": "1899", "NM_UE": "CAMPINAS", "endereco_geocode": "Campinas, SP, Brasil", "lat": -22.9056391, "lng": -47.059564 }, "geometry": { "type": "Point", "coordinates": [ -47.059564, -22.9056391 ] } },
{ "type": "Feature", "properties": { "NR_ZONA": "33", "NR_SECAO": "440", "NR_LOCAL_VOTACAO": "2275", "NM_UE": "CAMPINAS", "endereco_geocode": "Campinas, SP, Brasil", "lat": -22.9056391, "lng": -47.059564 }, "geometry": { "type": "Point", "coordinates": [ -47.059564, -22.9056391 ] } },
{ "type": "Feature", "properties": { "NR_ZONA": "380", "NR_SECAO": "149", "NR_LOCAL_VOTACAO": "1171", "NM_UE": "CAMPINAS", "endereco_geocode": "Campinas, SP, Brasil", "lat": -22.9056391, "lng": -47.059564 }, "geometry": { "type": "Point", "coordinates": [ -47.059564, -22.9056391 ] } },
{ "type": "Feature", "properties": { "NR_ZONA": "380", "NR_SECAO": "14", "NR_LOCAL_VOTACAO": "1104", "NM_UE": "CAMPINAS", "endereco_geocode": "Campinas, SP, Brasil", "lat": -22.9056391, "lng": -47.059564 }, "geometry": { "type": "Point", "coordinates": [ -47.059564, -22.9056391 ] } },
{ "type": "Feature", "properties": { "NR_ZONA": "275", "NR_SECAO": "534", "NR_LOCAL_VOTACAO": "1538", "NM_UE": "CAMPINAS", "endereco_geocode": "Campinas, SP, Brasil", "lat": -22.9056391, "lng": -47.059564 }, "geometry": { "type": "Point", "coordinates": [ -47.059564, -22.9056391 ] } },
{ "type": "Feature", "properties": { "NR_ZONA": "379", "NR_SECAO": "398", "NR_LOCAL_VOTACAO": "1392", "NM_UE": "CAMPINAS", "endereco_geocode": "Campinas, SP, Brasil", "lat": -22.9056391, "lng": -47.059564 }, "geometry": { "type": "Point", "coordinates": [ -47.059564, -22.9056391 ] } },
{ "type": "Feature", "properties": { "NR_ZONA": "379", "NR_SECAO": "338", "NR_LOCAL_VOTACAO": "1236", "NM_UE": "CAMPINAS", "endereco_geocode": "Campinas, SP, Brasil", "lat": -22.9056391, "lng": -47.059564 }, "geometry": { "type": "Point", "coordinates": [ -47.059564, -22.9056391 ] } },
{ "type": "Feature", "properties": { "NR_ZONA": "378", "NR_SECAO": "507", "NR_LOCAL_VOTACAO": "1325", "NM_UE": "CAMPINAS", "endereco_geocode": "Campinas, SP, Brasil", "lat": -22.9056391, "lng": -47.059564 }, "geometry": { "type": "Point", "coordinates": [ -47.059564, -22.9056391 ] } },
{ "type": "Feature", "properties": { "NR_ZONA": "274", "NR_SECAO": "145", "NR_LOCAL_VOTACAO": "1171", "NM_UE": "CAMPINAS", "endereco_geocode": "Campinas, SP, Brasil", "lat": -22.9056391, "lng": -47.059564 }, "geometry": { "type": "Point", "coordinates": [ -47.059564, -22.9056391 ] } },
{ "type": "Feature", "properties": { "NR_ZONA": "423", "NR_SECAO": "289", "NR_LOCAL_VOTACAO": "1368", "NM_UE": "CAMPINAS", "endereco_geocode": "Campinas, SP, Brasil", "lat": -22.9056391, "lng": -47.059564 }, "geometry": { "type": "Point", "coordinates": [ -47.059564, -22.9056391 ] } },
{ "type": "Feature", "properties": { "NR_ZONA": "378", "NR_SECAO": "430", "NR_LOCAL_VOTACAO": "1430", "NM_UE": "CAMPINAS", "endereco_geocode": "Campinas, SP, Brasil", "lat": -22.9056391, "lng": -47.059564 }, "geometry": { "type": "Point", "coordinates": [ -47.059564, -22.9056391 ] } },
{ "type": "Feature", "properties": { "NR_ZONA": "33", "NR_SECAO": "364", "NR_LOCAL_VOTACAO": "1040", "NM_UE": "CAMPINAS", "endereco_geocode": "Campinas, SP, Brasil", "lat": -22.9056391, "lng": -47.059564 }, "geometry": { "type": "Point", "coordinates": [ -47.059564, -22.9056391 ] } },
{ "type": "Feature", "properties": { "NR_ZONA": "378", "NR_SECAO": "547", "NR_LOCAL_VOTACAO": "1155", "NM_UE": "CAMPINAS", "endereco_geocode": "Campinas, SP, Brasil", "lat": -22.9056391, "lng": -47.059564 }, "geometry": { "type": "Point", "coordinates": [ -47.059564, -22.9056391 ] } },
{ "type": "Feature", "properties": { "NR_ZONA": "379", "NR_SECAO": "64", "NR_LOCAL_VOTACAO": "1074", "NM_UE": "CAMPINAS", "endereco_geocode": "Campinas, SP, Brasil", "lat": -22.9056391, "lng": -47.059564 }, "geometry": { "type": "Point", "coordinates": [ -47.059564, -22.9056391 ] } },
{ "type": "Feature", "properties": { "NR_ZONA": "33", "NR_SECAO": "68", "NR_LOCAL_VOTACAO": "2151", "NM_UE": "CAMPINAS", "endereco_geocode": "Campinas, SP, Brasil", "lat": -22.9056391, "lng": -47.059564 }, "geometry": { "type": "Point", "coordinates": [ -47.059564, -22.9056391 ] } },
{ "type": "Feature", "properties": { "NR_ZONA": "379", "NR_SECAO": "48", "NR_LOCAL_VOTACAO": "1058", "NM_UE": "CAMPINAS", "endereco_geocode": "Campinas, SP, Brasil", "lat": -22.9056391, "lng": -47.059564 }, "geometry": { "type": "Point", "coordinates": [ -47.059564, -22.9056391 ] } },
{ "type": "Feature", "properties": { "NR_ZONA": "378", "NR_SECAO": "89", "NR_LOCAL_VOTACAO": "1074", "NM_UE": "CAMPINAS", "endereco_geocode": "Campinas, SP, Brasil", "lat": -22.9056391, "lng": -47.059564 }, "geometry": { "type": "Point", "coordinates": [ -47.059564, -22.9056391 ] } },
{ "type": "Feature", "properties": { "NR_ZONA": "378", "NR_SECAO": "407", "NR_LOCAL_VOTACAO": "1155", "NM_UE": "CAMPINAS", "endereco_geocode": "Campinas, SP, Brasil", "lat": -22.9056391, "lng": -47.059564 }, "geometry": { "type": "Point", "coordinates": [ -47.059564, -22.9056391 ] } },
{ "type": "Feature", "properties": { "NR_ZONA": "275", "NR_SECAO": "548", "NR_LOCAL_VOTACAO": "1872", "NM_UE": "CAMPINAS", "endereco_geocode": "Campinas, SP, Brasil", "lat": -22.9056391, "lng": -47.059564 }, "geometry": { "type": "Point", "coordinates": [ -47.059564, -22.9056391 ] } },
{ "type": "Feature", "properties": { "NR_ZONA": "274", "NR_SECAO": "615", "NR_LOCAL_VOTACAO": "1724", "NM_UE": "CAMPINAS", "endereco_geocode": "Campinas, SP, Brasil", "lat": -22.9056391, "lng": -47.059564 }, "geometry": { "type": "Point", "coordinates": [ -47.059564, -22.9056391 ] } },
{ "type": "Feature", "properties": { "NR_ZONA": "275", "NR_SECAO": "456", "NR_LOCAL_VOTACAO": "1198", "NM_UE": "CAMPINAS", "endereco_geocode": "Campinas, SP, Brasil", "lat": -22.9056391, "lng": -47.059564 }, "geometry": { "type": "Point", "coordinates": [ -47.059564, -22.9056391 ] } },
{ "type": "Feature", "properties": { "NR_ZONA": "379", "NR_SECAO": "350", "NR_LOCAL_VOTACAO": "1384", "NM_UE": "CAMPINAS", "endereco_geocode": "Campinas, SP, Brasil", "lat": -22.9056391, "lng": -47.059564 }, "geometry": { "type": "Point", "coordinates": [ -47.059564, -22.9056391 ] } },
{ "type": "Feature", "properties": { "NR_ZONA": "379", "NR_SECAO": "389", "NR_LOCAL_VOTACAO": "1473", "NM_UE": "CAMPINAS", "endereco_geocode": "Campinas, SP, Brasil", "lat": -22.9056391, "lng": -47.059564 }, "geometry": { "type": "Point", "coordinates": [ -47.059564, -22.9056391 ] } },
{ "type": "Feature", "properties": { "NR_ZONA": "380", "NR_SECAO": "297", "NR_LOCAL_VOTACAO": "1449", "NM_UE": "CAMPINAS", "endereco_geocode": "Campinas, SP, Brasil", "lat": -22.9056391, "lng": -47.059564 }, "geometry": { "type": "Point", "coordinates": [ -47.059564, -22.9056391 ] } },
{ "type": "Feature", "properties": { "NR_ZONA": "380", "NR_SECAO": "351", "NR_LOCAL_VOTACAO": "1040", "NM_UE": "CAMPINAS", "endereco_geocode": "Campinas, SP, Brasil", "lat": -22.9056391, "lng": -47.059564 }, "geometry": { "type": "Point", "coordinates": [ -47.059564, -22.9056391 ] } },
{ "type": "Feature", "properties": { "NR_ZONA": "33", "NR_SECAO": "62", "NR_LOCAL_VOTACAO": "1090", "NM_UE": "CAMPINAS", "endereco_geocode": "Campinas, SP, Brasil", "lat": -22.9056391, "lng": -47.059564 }, "geometry": { "type": "Point", "coordinates": [ -47.059564, -22.9056391 ] } },
{ "type": "Feature", "properties": { "NR_ZONA": "378", "NR_SECAO": "519", "NR_LOCAL_VOTACAO": "1660", "NM_UE": "CAMPINAS", "endereco_geocode": "Campinas, SP, Brasil", "lat": -22.9056391, "lng": -47.059564 }, "geometry": { "type": "Point", "coordinates": [ -47.059564, -22.9056391 ] } },
{ "type": "Feature", "properties": { "NR_ZONA": "378", "NR_SECAO": "561", "NR_LOCAL_VOTACAO": "1660", "NM_UE": "CAMPINAS", "endereco_geocode": "Campinas, SP, Brasil", "lat": -22.9056391, "lng": -47.059564 }, "geometry": { "type": "Point", "coordinates": [ -47.059564, -22.9056391 ] } },
{ "type": "Feature", "properties": { "NR_ZONA": "423", "NR_SECAO": "76", "NR_LOCAL_VOTACAO": "1074", "NM_UE": "CAMPINAS", "endereco_geocode": "Campinas, SP, Brasil", "lat": -22.9056391, "lng": -47.059564 }, "geometry": { "type": "Point", "coordinates": [ -47.059564, -22.9056391 ] } },
{ "type": "Feature", "properties": { "NR_ZONA": "380", "NR_SECAO": "203", "NR_LOCAL_VOTACAO": "1414", "NM_UE": "CAMPINAS", "endereco_geocode": "Campinas, SP, Brasil", "lat": -22.9056391, "lng": -47.059564 }, "geometry": { "type": "Point", "coordinates": [ -47.059564, -22.9056391 ] } },
{ "type": "Feature", "properties": { "NR_ZONA": "380", "NR_SECAO": "282", "NR_LOCAL_VOTACAO": "1287", "NM_UE": "CAMPINAS", "endereco_geocode": "Campinas, SP, Brasil", "lat": -22.9056391, "lng": -47.059564 }, "geometry": { "type": "Point", "coordinates": [ -47.059564, -22.9056391 ] } },
{ "type": "Feature", "properties": { "NR_ZONA": "380", "NR_SECAO": "195", "NR_LOCAL_VOTACAO": "1392", "NM_UE": "CAMPINAS", "endereco_geocode": "Campinas, SP, Brasil", "lat": -22.9056391, "lng": -47.059564 }, "geometry": { "type": "Point", "coordinates": [ -47.059564, -22.9056391 ] } },
{ "type": "Feature", "properties": { "NR_ZONA": "378", "NR_SECAO": "105", "NR_LOCAL_VOTACAO": "1082", "NM_UE": "CAMPINAS", "endereco_geocode": "Campinas, SP, Brasil", "lat": -22.9056391, "lng": -47.059564 }, "geometry": { "type": "Point", "coordinates": [ -47.059564, -22.9056391 ] } },
{ "type": "Feature", "properties": { "NR_ZONA": "423", "NR_SECAO": "98", "NR_LOCAL_VOTACAO": "1090", "NM_UE": "CAMPINAS", "endereco_geocode": "Campinas, SP, Brasil", "lat": -22.9056391, "lng": -47.059564 }, "geometry": { "type": "Point", "coordinates": [ -47.059564, -22.9056391 ] } },
{ "type": "Feature", "properties": { "NR_ZONA": "379", "NR_SECAO": "153", "NR_LOCAL_VOTACAO": "1236", "NM_UE": "CAMPINAS", "endereco_geocode": "Campinas, SP, Brasil", "lat": -22.9056391, "lng": -47.059564 }, "geometry": { "type": "Point", "coordinates": [ -47.059564, -22.9056391 ] } },
{ "type": "Feature", "properties": { "NR_ZONA": "33", "NR_SECAO": "342", "NR_LOCAL_VOTACAO": "1147", "NM_UE": "CAMPINAS", "endereco_geocode": "Campinas, SP, Brasil", "lat": -22.9056391, "lng": -47.059564 }, "geometry": { "type": "Point", "coordinates": [ -47.059564, -22.9056391 ] } },
{ "type": "Feature", "properties": { "NR_ZONA": "274", "NR_SECAO": "162", "NR_LOCAL_VOTACAO": "1201", "NM_UE": "CAMPINAS", "endereco_geocode": "Campinas, SP, Brasil", "lat": -22.9056391, "lng": -47.059564 }, "geometry": { "type": "Point", "coordinates": [ -47.059564, -22.9056391 ] } },
{ "type": "Feature", "properties": { "NR_ZONA": "275", "NR_SECAO": "513", "NR_LOCAL_VOTACAO": "1295", "NM_UE": "CAMPINAS", "endereco_geocode": "Campinas, SP, Brasil", "lat": -22.9056391, "lng": -47.059564 }, "geometry": { "type": "Point", "coordinates": [ -47.059564, -22.9056391 ] } },
{ "type": "Feature", "properties": { "NR_ZONA": "379", "NR_SECAO": "394", "NR_LOCAL_VOTACAO": "1490", "NM_UE": "CAMPINAS", "endereco_geocode": "Campinas, SP, Brasil", "lat": -22.9056391, "lng": -47.059564 }, "geometry": { "type": "Point", "coordinates": [ -47.059564, -22.9056391 ] } },
{ "type": "Feature", "properties": { "NR_ZONA": "379", "NR_SECAO": "513", "NR_LOCAL_VOTACAO": "1589", "NM_UE": "CAMPINAS", "endereco_geocode": "Campinas, SP, Brasil", "lat": -22.9056391, "lng": -47.059564 }, "geometry": { "type": "Point", "coordinates": [ -47.059564, -22.9056391 ] } },
{ "type": "Feature", "properties": { "NR_ZONA": "380", "NR_SECAO": "132", "NR_LOCAL_VOTACAO": "1333", "NM_UE": "CAMPINAS", "endereco_geocode": "Campinas, SP, Brasil", "lat": -22.9056391, "lng": -47.059564 }, "geometry": { "type": "Point", "coordinates": [ -47.059564, -22.9056391 ] } },
{ "type": "Feature", "properties": { "NR_ZONA": "380", "NR_SECAO": "232", "NR_LOCAL_VOTACAO": "1430", "NM_UE": "CAMPINAS", "endereco_geocode": "Campinas, SP, Brasil", "lat": -22.9056391, "lng": -47.059564 }, "geometry": { "type": "Point", "coordinates": [ -47.059564, -22.9056391 ] } },
{ "type": "Feature", "properties": { "NR_ZONA": "423", "NR_SECAO": "319", "NR_LOCAL_VOTACAO": "1414", "NM_UE": "CAMPINAS", "endereco_geocode": "Campinas, SP, Brasil", "lat": -22.9056391, "lng": -47.059564 }, "geometry": { "type": "Point", "coordinates": [ -47.059564, -22.9056391 ] } },
{ "type": "Feature", "properties": { "NR_ZONA": "33", "NR_SECAO": "559", "NR_LOCAL_VOTACAO": "2380", "NM_UE": "CAMPINAS", "endereco_geocode": "Campinas, SP, Brasil", "lat": -22.9056391, "lng": -47.059564 }, "geometry": { "type": "Point", "coordinates": [ -47.059564, -22.9056391 ] } },
{ "type": "Feature", "properties": { "NR_ZONA": "379", "NR_SECAO": "450", "NR_LOCAL_VOTACAO": "1317", "NM_UE": "CAMPINAS", "endereco_geocode": "Campinas, SP, Brasil", "lat": -22.9056391, "lng": -47.059564 }, "geometry": { "type": "Point", "coordinates": [ -47.059564, -22.9056391 ] } },
{ "type": "Feature", "properties": { "NR_ZONA": "33", "NR_SECAO": "392", "NR_LOCAL_VOTACAO": "1040", "NM_UE": "CAMPINAS", "endereco_geocode": "Campinas, SP, Brasil", "lat": -22.9056391, "lng": -47.059564 }, "geometry": { "type": "Point", "coordinates": [ -47.059564, -22.9056391 ] } },
{ "type": "Feature", "properties": { "NR_ZONA": "275", "NR_SECAO": "498", "NR_LOCAL_VOTACAO": "1830", "NM_UE": "CAMPINAS", "endereco_geocode": "Campinas, SP, Brasil", "lat": -22.9056391, "lng": -47.059564 }, "geometry": { "type": "Point", "coordinates": [ -47.059564, -22.9056391 ] } },
{ "type": "Feature", "properties": { "NR_ZONA": "379", "NR_SECAO": "342", "NR_LOCAL_VOTACAO": "1228", "NM_UE": "CAMPINAS", "endereco_geocode": "Campinas, SP, Brasil", "lat": -22.9056391, "lng": -47.059564 }, "geometry": { "type": "Point", "coordinates": [ -47.059564, -22.9056391 ] } },
{ "type": "Feature", "properties": { "NR_ZONA": "380", "NR_SECAO": "28", "NR_LOCAL_VOTACAO": "1120", "NM_UE": "CAMPINAS", "endereco_geocode": "Campinas, SP, Brasil", "lat": -22.9056391, "lng": -47.059564 }, "geometry": { "type": "Point", "coordinates": [ -47.059564, -22.9056391 ] } },
{ "type": "Feature", "properties": { "NR_ZONA": "423", "NR_SECAO": "183", "NR_LOCAL_VOTACAO": "1201", "NM_UE": "CAMPINAS", "endereco_geocode": "Campinas, SP, Brasil", "lat": -22.9056391, "lng": -47.059564 }, "geometry": { "type": "Point", "coordinates": [ -47.059564, -22.9056391 ] } },
{ "type": "Feature", "properties": { "NR_ZONA": "275", "NR_SECAO": "381", "NR_LOCAL_VOTACAO": "1929", "NM_UE": "CAMPINAS", "endereco_geocode": "Campinas, SP, Brasil", "lat": -22.9056391, "lng": -47.059564 }, "geometry": { "type": "Point", "coordinates": [ -47.059564, -22.9056391 ] } },
{ "type": "Feature", "properties": { "NR_ZONA": "380", "NR_SECAO": "38", "NR_LOCAL_VOTACAO": "1139", "NM_UE": "CAMPINAS", "endereco_geocode": "Campinas, SP, Brasil", "lat": -22.9056391, "lng": -47.059564 }, "geometry": { "type": "Point", "coordinates": [ -47.059564, -22.9056391 ] } },
{ "type": "Feature", "properties": { "NR_ZONA": "379", "NR_SECAO": "378", "NR_LOCAL_VOTACAO": "1422", "NM_UE": "CAMPINAS", "endereco_geocode": "Campinas, SP, Brasil", "lat": -22.9056391, "lng": -47.059564 }, "geometry": { "type": "Point", "coordinates": [ -47.059564, -22.9056391 ] } },
{ "type": "Feature", "properties": { "NR_ZONA": "378", "NR_SECAO": "555", "NR_LOCAL_VOTACAO": "1252", "NM_UE": "CAMPINAS", "endereco_geocode": "Campinas, SP, Brasil", "lat": -22.9056391, "lng": -47.059564 }, "geometry": { "type": "Point", "coordinates": [ -47.059564, -22.9056391 ] } },
{ "type": "Feature", "properties": { "NR_ZONA": "33", "NR_SECAO": "255", "NR_LOCAL_VOTACAO": "1023", "NM_UE": "CAMPINAS", "endereco_geocode": "Campinas, SP, Brasil", "lat": -22.9056391, "lng": -47.059564 }, "geometry": { "type": "Point", "coordinates": [ -47.059564, -22.9056391 ] } },
{ "type": "Feature", "properties": { "NR_ZONA": "33", "NR_SECAO": "452", "NR_LOCAL_VOTACAO": "2291", "NM_UE": "CAMPINAS", "endereco_geocode": "Campinas, SP, Brasil", "lat": -22.9056391, "lng": -47.059564 }, "geometry": { "type": "Point", "coordinates": [ -47.059564, -22.9056391 ] } },
{ "type": "Feature", "properties": { "NR_ZONA": "378", "NR_SECAO": "290", "NR_LOCAL_VOTACAO": "1287", "NM_UE": "CAMPINAS", "endereco_geocode": "Campinas, SP, Brasil", "lat": -22.9056391, "lng": -47.059564 }, "geometry": { "type": "Point", "coordinates": [ -47.059564, -22.9056391 ] } },
{ "type": "Feature", "properties": { "NR_ZONA": "380", "NR_SECAO": "223", "NR_LOCAL_VOTACAO": "1422", "NM_UE": "CAMPINAS", "endereco_geocode": "Campinas, SP, Brasil", "lat": -22.9056391, "lng": -47.059564 }, "geometry": { "type": "Point", "coordinates": [ -47.059564, -22.9056391 ] } },
{ "type": "Feature", "properties": { "NR_ZONA": "379", "NR_SECAO": "391", "NR_LOCAL_VOTACAO": "1449", "NM_UE": "CAMPINAS", "endereco_geocode": "Campinas, SP, Brasil", "lat": -22.9056391, "lng": -47.059564 }, "geometry": { "type": "Point", "coordinates": [ -47.059564, -22.9056391 ] } },
{ "type": "Feature", "properties": { "NR_ZONA": "33", "NR_SECAO": "275", "NR_LOCAL_VOTACAO": "1015", "NM_UE": "CAMPINAS", "endereco_geocode": "Campinas, SP, Brasil", "lat": -22.9056391, "lng": -47.059564 }, "geometry": { "type": "Point", "coordinates": [ -47.059564, -22.9056391 ] } },
{ "type": "Feature", "properties": { "NR_ZONA": "274", "NR_SECAO": "795", "NR_LOCAL_VOTACAO": "2097", "NM_UE": "CAMPINAS", "endereco_geocode": "Campinas, SP, Brasil", "lat": -22.9056391, "lng": -47.059564 }, "geometry": { "type": "Point", "coordinates": [ -47.059564, -22.9056391 ] } },
{ "type": "Feature", "properties": { "NR_ZONA": "379", "NR_SECAO": "70", "NR_LOCAL_VOTACAO": "1074", "NM_UE": "CAMPINAS", "endereco_geocode": "Campinas, SP, Brasil", "lat": -22.9056391, "lng": -47.059564 }, "geometry": { "type": "Point", "coordinates": [ -47.059564, -22.9056391 ] } },
{ "type": "Feature", "properties": { "NR_ZONA": "33", "NR_SECAO": "122", "NR_LOCAL_VOTACAO": "1180", "NM_UE": "CAMPINAS", "endereco_geocode": "Campinas, SP, Brasil", "lat": -22.9056391, "lng": -47.059564 }, "geometry": { "type": "Point", "coordinates": [ -47.059564, -22.9056391 ] } },
{ "type": "Feature", "properties": { "NR_ZONA": "33", "NR_SECAO": "46", "NR_LOCAL_VOTACAO": "1074", "NM_UE": "CAMPINAS", "endereco_geocode": "Campinas, SP, Brasil", "lat": -22.9056391, "lng": -47.059564 }, "geometry": { "type": "Point", "coordinates": [ -47.059564, -22.9056391 ] } },
{ "type": "Feature", "properties": { "NR_ZONA": "380", "NR_SECAO": "119", "NR_LOCAL_VOTACAO": "1317", "NM_UE": "CAMPINAS", "endereco_geocode": "Campinas, SP, Brasil", "lat": -22.9056391, "lng": -47.059564 }, "geometry": { "type": "Point", "coordinates": [ -47.059564, -22.9056391 ] } },
{ "type": "Feature", "properties": { "NR_ZONA": "378", "NR_SECAO": "460", "NR_LOCAL_VOTACAO": "1287", "NM_UE": "CAMPINAS", "endereco_geocode": "Campinas, SP, Brasil", "lat": -22.9056391, "lng": -47.059564 }, "geometry": { "type": "Point", "coordinates": [ -47.059564, -22.9056391 ] } },
{ "type": "Feature", "properties": { "NR_ZONA": "378", "NR_SECAO": "5", "NR_LOCAL_VOTACAO": "1015", "NM_UE": "CAMPINAS", "endereco_geocode": "Campinas, SP, Brasil", "lat": -22.9056391, "lng": -47.059564 }, "geometry": { "type": "Point", "coordinates": [ -47.059564, -22.9056391 ] } },
{ "type": "Feature", "properties": { "NR_ZONA": "379", "NR_SECAO": "177", "NR_LOCAL_VOTACAO": "1295", "NM_UE": "CAMPINAS", "endereco_geocode": "Campinas, SP, Brasil", "lat": -22.9056391, "lng": -47.059564 }, "geometry": { "type": "Point", "coordinates": [ -47.059564, -22.9056391 ] } },
{ "type": "Feature", "properties": { "NR_ZONA": "275", "NR_SECAO": "468", "NR_LOCAL_VOTACAO": "1724", "NM_UE": "CAMPINAS", "endereco_geocode": "Campinas, SP, Brasil", "lat": -22.9056391, "lng": -47.059564 }, "geometry": { "type": "Point", "coordinates": [ -47.059564, -22.9056391 ] } },
{ "type": "Feature", "properties": { "NR_ZONA": "423", "NR_SECAO": "145", "NR_LOCAL_VOTACAO": "1147", "NM_UE": "CAMPINAS", "endereco_geocode": "Campinas, SP, Brasil", "lat": -22.9056391, "lng": -47.059564 }, "geometry": { "type": "Point", "coordinates": [ -47.059564, -22.9056391 ] } },
{ "type": "Feature", "properties": { "NR_ZONA": "423", "NR_SECAO": "20", "NR_LOCAL_VOTACAO": "1023", "NM_UE": "CAMPINAS", "endereco_geocode": "Campinas, SP, Brasil", "lat": -22.9056391, "lng": -47.059564 }, "geometry": { "type": "Point", "coordinates": [ -47.059564, -22.9056391 ] } },
{ "type": "Feature", "properties": { "NR_ZONA": "423", "NR_SECAO": "137", "NR_LOCAL_VOTACAO": "1139", "NM_UE": "CAMPINAS", "endereco_geocode": "Campinas, SP, Brasil", "lat": -22.9056391, "lng": -47.059564 }, "geometry": { "type": "Point", "coordinates": [ -47.059564, -22.9056391 ] } },
{ "type": "Feature", "properties": { "NR_ZONA": "274", "NR_SECAO": "660", "NR_LOCAL_VOTACAO": "1929", "NM_UE": "CAMPINAS", "endereco_geocode": "Campinas, SP, Brasil", "lat": -22.9056391, "lng": -47.059564 }, "geometry": { "type": "Point", "coordinates": [ -47.059564, -22.9056391 ] } },
{ "type": "Feature", "properties": { "NR_ZONA": "423", "NR_SECAO": "138", "NR_LOCAL_VOTACAO": "1139", "NM_UE": "CAMPINAS", "endereco_geocode": "Campinas, SP, Brasil", "lat": -22.9056391, "lng": -47.059564 }, "geometry": { "type": "Point", "coordinates": [ -47.059564, -22.9056391 ] } },
{ "type": "Feature", "properties": { "NR_ZONA": "275", "NR_SECAO": "309", "NR_LOCAL_VOTACAO": "1457", "NM_UE": "CAMPINAS", "endereco_geocode": "Campinas, SP, Brasil", "lat": -22.9056391, "lng": -47.059564 }, "geometry": { "type": "Point", "coordinates": [ -47.059564, -22.9056391 ] } },
{ "type": "Feature", "properties": { "NR_ZONA": "378", "NR_SECAO": "349", "NR_LOCAL_VOTACAO": "1198", "NM_UE": "CAMPINAS", "endereco_geocode": "Campinas, SP, Brasil", "lat": -22.9056391, "lng": -47.059564 }, "geometry": { "type": "Point", "coordinates": [ -47.059564, -22.9056391 ] } },
{ "type": "Feature", "properties": { "NR_ZONA": "378", "NR_SECAO": "408", "NR_LOCAL_VOTACAO": "1260", "NM_UE": "CAMPINAS", "endereco_geocode": "Campinas, SP, Brasil", "lat": -22.9056391, "lng": -47.059564 }, "geometry": { "type": "Point", "coordinates": [ -47.059564, -22.9056391 ] } },
{ "type": "Feature", "properties": { "NR_ZONA": "423", "NR_SECAO": "304", "NR_LOCAL_VOTACAO": "1384", "NM_UE": "CAMPINAS", "endereco_geocode": "Campinas, SP, Brasil", "lat": -22.9056391, "lng": -47.059564 }, "geometry": { "type": "Point", "coordinates": [ -47.059564, -22.9056391 ] } },
{ "type": "Feature", "properties": { "NR_ZONA": "275", "NR_SECAO": "190", "NR_LOCAL_VOTACAO": "1295", "NM_UE": "CAMPINAS", "endereco_geocode": "Campinas, SP, Brasil", "lat": -22.9056391, "lng": -47.059564 }, "geometry": { "type": "Point", "coordinates": [ -47.059564, -22.9056391 ] } },
{ "type": "Feature", "properties": { "NR_ZONA": "275", "NR_SECAO": "563", "NR_LOCAL_VOTACAO": "1929", "NM_UE": "CAMPINAS", "endereco_geocode": "Campinas, SP, Brasil", "lat": -22.9056391, "lng": -47.059564 }, "geometry": { "type": "Point", "coordinates": [ -47.059564, -22.9056391 ] } },
{ "type": "Feature", "properties": { "NR_ZONA": "275", "NR_SECAO": "539", "NR_LOCAL_VOTACAO": "1872", "NM_UE": "CAMPINAS", "endereco_geocode": "Campinas, SP, Brasil", "lat": -22.9056391, "lng": -47.059564 }, "geometry": { "type": "Point", "coordinates": [ -47.059564, -22.9056391 ] } },
{ "type": "Feature", "properties": { "NR_ZONA": "423", "NR_SECAO": "227", "NR_LOCAL_VOTACAO": "1325", "NM_UE": "CAMPINAS", "endereco_geocode": "Campinas, SP, Brasil", "lat": -22.9056391, "lng": -47.059564 }, "geometry": { "type": "Point", "coordinates": [ -47.059564, -22.9056391 ] } },
{ "type": "Feature", "properties": { "NR_ZONA": "275", "NR_SECAO": "174", "NR_LOCAL_VOTACAO": "1910", "NM_UE": "CAMPINAS", "endereco_geocode": "Campinas, SP, Brasil", "lat": -22.9056391, "lng": -47.059564 }, "geometry": { "type": "Point", "coordinates": [ -47.059564, -22.9056391 ] } },
{ "type": "Feature", "properties": { "NR_ZONA": "274", "NR_SECAO": "589", "NR_LOCAL_VOTACAO": "1104", "NM_UE": "CAMPINAS", "endereco_geocode": "Campinas, SP, Brasil", "lat": -22.9056391, "lng": -47.059564 }, "geometry": { "type": "Point", "coordinates": [ -47.059564, -22.9056391 ] } },
{ "type": "Feature", "properties": { "NR_ZONA": "275", "NR_SECAO": "178", "NR_LOCAL_VOTACAO": "1910", "NM_UE": "CAMPINAS", "endereco_geocode": "Campinas, SP, Brasil", "lat": -22.9056391, "lng": -47.059564 }, "geometry": { "type": "Point", "coordinates": [ -47.059564, -22.9056391 ] } },
{ "type": "Feature", "properties": { "NR_ZONA": "380", "NR_SECAO": "306", "NR_LOCAL_VOTACAO": "1333", "NM_UE": "CAMPINAS", "endereco_geocode": "Campinas, SP, Brasil", "lat": -22.9056391, "lng": -47.059564 }, "geometry": { "type": "Point", "coordinates": [ -47.059564, -22.9056391 ] } },
{ "type": "Feature", "properties": { "NR_ZONA": "380", "NR_SECAO": "339", "NR_LOCAL_VOTACAO": "1287", "NM_UE": "CAMPINAS", "endereco_geocode": "Campinas, SP, Brasil", "lat": -22.9056391, "lng": -47.059564 }, "geometry": { "type": "Point", "coordinates": [ -47.059564, -22.9056391 ] } },
{ "type": "Feature", "properties": { "NR_ZONA": "379", "NR_SECAO": "61", "NR_LOCAL_VOTACAO": "1066", "NM_UE": "CAMPINAS", "endereco_geocode": "Campinas, SP, Brasil", "lat": -22.9056391, "lng": -47.059564 }, "geometry": { "type": "Point", "coordinates": [ -47.059564, -22.9056391 ] } },
{ "type": "Feature", "properties": { "NR_ZONA": "33", "NR_SECAO": "497", "NR_LOCAL_VOTACAO": "2330", "NM_UE": "CAMPINAS", "endereco_geocode": "Campinas, SP, Brasil", "lat": -22.9056391, "lng": -47.059564 }, "geometry": { "type": "Point", "coordinates": [ -47.059564, -22.9056391 ] } },
{ "type": "Feature", "properties": { "NR_ZONA": "380", "NR_SECAO": "52", "NR_LOCAL_VOTACAO": "1155", "NM_UE": "CAMPINAS", "endereco_geocode": "Campinas, SP, Brasil", "lat": -22.9056391, "lng": -47.059564 }, "geometry": { "type": "Point", "coordinates": [ -47.059564, -22.9056391 ] } },
{ "type": "Feature", "properties": { "NR_ZONA": "380", "NR_SECAO": "23", "NR_LOCAL_VOTACAO": "1120", "NM_UE": "CAMPINAS", "endereco_geocode": "Campinas, SP, Brasil", "lat": -22.9056391, "lng": -47.059564 }, "geometry": { "type": "Point", "coordinates": [ -47.059564, -22.9056391 ] } },
{ "type": "Feature", "properties": { "NR_ZONA": "380", "NR_SECAO": "190", "NR_LOCAL_VOTACAO": "1392", "NM_UE": "CAMPINAS", "endereco_geocode": "Campinas, SP, Brasil", "lat": -22.9056391, "lng": -47.059564 }, "geometry": { "type": "Point", "coordinates": [ -47.059564, -22.9056391 ] } },
{ "type": "Feature", "properties": { "NR_ZONA": "380", "NR_SECAO": "56", "NR_LOCAL_VOTACAO": "1155", "NM_UE": "CAMPINAS", "endereco_geocode": "Campinas, SP, Brasil", "lat": -22.9056391, "lng": -47.059564 }, "geometry": { "type": "Point", "coordinates": [ -47.059564, -22.9056391 ] } },
{ "type": "Feature", "properties": { "NR_ZONA": "274", "NR_SECAO": "260", "NR_LOCAL_VOTACAO": "1309", "NM_UE": "CAMPINAS", "endereco_geocode": "Campinas, SP, Brasil", "lat": -22.9056391, "lng": -47.059564 }, "geometry": { "type": "Point", "coordinates": [ -47.059564, -22.9056391 ] } },
{ "type": "Feature", "properties": { "NR_ZONA": "423", "NR_SECAO": "116", "NR_LOCAL_VOTACAO": "1112", "NM_UE": "CAMPINAS", "endereco_geocode": "Campinas, SP, Brasil", "lat": -22.9056391, "lng": -47.059564 }, "geometry": { "type": "Point", "coordinates": [ -47.059564, -22.9056391 ] } },
{ "type": "Feature", "properties": { "NR_ZONA": "379", "NR_SECAO": "10", "NR_LOCAL_VOTACAO": "1015", "NM_UE": "CAMPINAS", "endereco_geocode": "Campinas, SP, Brasil", "lat": -22.9056391, "lng": -47.059564 }, "geometry": { "type": "Point", "coordinates": [ -47.059564, -22.9056391 ] } },
{ "type": "Feature", "properties": { "NR_ZONA": "380", "NR_SECAO": "312", "NR_LOCAL_VOTACAO": "1066", "NM_UE": "CAMPINAS", "endereco_geocode": "Campinas, SP, Brasil", "lat": -22.9056391, "lng": -47.059564 }, "geometry": { "type": "Point", "coordinates": [ -47.059564, -22.9056391 ] } },
{ "type": "Feature", "properties": { "NR_ZONA": "379", "NR_SECAO": "31", "NR_LOCAL_VOTACAO": "1040", "NM_UE": "CAMPINAS", "endereco_geocode": "Campinas, SP, Brasil", "lat": -22.9056391, "lng": -47.059564 }, "geometry": { "type": "Point", "coordinates": [ -47.059564, -22.9056391 ] } },
{ "type": "Feature", "properties": { "NR_ZONA": "423", "NR_SECAO": "18", "NR_LOCAL_VOTACAO": "1023", "NM_UE": "CAMPINAS", "endereco_geocode": "Campinas, SP, Brasil", "lat": -22.9056391, "lng": -47.059564 }, "geometry": { "type": "Point", "coordinates": [ -47.059564, -22.9056391 ] } },
{ "type": "Feature", "properties": { "NR_ZONA": "33", "NR_SECAO": "352", "NR_LOCAL_VOTACAO": "1139", "NM_UE": "CAMPINAS", "endereco_geocode": "Campinas, SP, Brasil", "lat": -22.9056391, "lng": -47.059564 }, "geometry": { "type": "Point", "coordinates": [ -47.059564, -22.9056391 ] } },
{ "type": "Feature", "properties": { "NR_ZONA": "378", "NR_SECAO": "41", "NR_LOCAL_VOTACAO": "1031", "NM_UE": "CAMPINAS", "endereco_geocode": "Campinas, SP, Brasil", "lat": -22.9056391, "lng": -47.059564 }, "geometry": { "type": "Point", "coordinates": [ -47.059564, -22.9056391 ] } },
{ "type": "Feature", "properties": { "NR_ZONA": "274", "NR_SECAO": "77", "NR_LOCAL_VOTACAO": "1082", "NM_UE": "CAMPINAS", "endereco_geocode": "Campinas, SP, Brasil", "lat": -22.9056391, "lng": -47.059564 }, "geometry": { "type": "Point", "coordinates": [ -47.059564, -22.9056391 ] } },
{ "type": "Feature", "properties": { "NR_ZONA": "380", "NR_SECAO": "327", "NR_LOCAL_VOTACAO": "1260", "NM_UE": "CAMPINAS", "endereco_geocode": "Campinas, SP, Brasil", "lat": -22.9056391, "lng": -47.059564 }, "geometry": { "type": "Point", "coordinates": [ -47.059564, -22.9056391 ] } },
{ "type": "Feature", "properties": { "NR_ZONA": "274", "NR_SECAO": "166", "NR_LOCAL_VOTACAO": "1201", "NM_UE": "CAMPINAS", "endereco_geocode": "Campinas, SP, Brasil", "lat": -22.9056391, "lng": -47.059564 }, "geometry": { "type": "Point", "coordinates": [ -47.059564, -22.9056391 ] } },
{ "type": "Feature", "properties": { "NR_ZONA": "380", "NR_SECAO": "129", "NR_LOCAL_VOTACAO": "1325", "NM_UE": "CAMPINAS", "endereco_geocode": "Campinas, SP, Brasil", "lat": -22.9056391, "lng": -47.059564 }, "geometry": { "type": "Point", "coordinates": [ -47.059564, -22.9056391 ] } },
{ "type": "Feature", "properties": { "NR_ZONA": "275", "NR_SECAO": "460", "NR_LOCAL_VOTACAO": "1600", "NM_UE": "CAMPINAS", "endereco_geocode": "Campinas, SP, Brasil", "lat": -22.9056391, "lng": -47.059564 }, "geometry": { "type": "Point", "coordinates": [ -47.059564, -22.9056391 ] } },
{ "type": "Feature", "properties": { "NR_ZONA": "274", "NR_SECAO": "737", "NR_LOCAL_VOTACAO": "2003", "NM_UE": "CAMPINAS", "endereco_geocode": "Campinas, SP, Brasil", "lat": -22.9056391, "lng": -47.059564 }, "geometry": { "type": "Point", "coordinates": [ -47.059564, -22.9056391 ] } },
{ "type": "Feature", "properties": { "NR_ZONA": "274", "NR_SECAO": "743", "NR_LOCAL_VOTACAO": "2020", "NM_UE": "CAMPINAS", "endereco_geocode": "Campinas, SP, Brasil", "lat": -22.9056391, "lng": -47.059564 }, "geometry": { "type": "Point", "coordinates": [ -47.059564, -22.9056391 ] } },
{ "type": "Feature", "properties": { "NR_ZONA": "423", "NR_SECAO": "323", "NR_LOCAL_VOTACAO": "1422", "NM_UE": "CAMPINAS", "endereco_geocode": "Campinas, SP, Brasil", "lat": -22.9056391, "lng": -47.059564 }, "geometry": { "type": "Point", "coordinates": [ -47.059564, -22.9056391 ] } },
{ "type": "Feature", "properties": { "NR_ZONA": "274", "NR_SECAO": "744", "NR_LOCAL_VOTACAO": "2020", "NM_UE": "CAMPINAS", "endereco_geocode": "Campinas, SP, Brasil", "lat": -22.9056391, "lng": -47.059564 }, "geometry": { "type": "Point", "coordinates": [ -47.059564, -22.9056391 ] } },
{ "type": "Feature", "properties": { "NR_ZONA": "379", "NR_SECAO": "396", "NR_LOCAL_VOTACAO": "1503", "NM_UE": "CAMPINAS", "endereco_geocode": "Campinas, SP, Brasil", "lat": -22.9056391, "lng": -47.059564 }, "geometry": { "type": "Point", "coordinates": [ -47.059564, -22.9056391 ] } },
{ "type": "Feature", "properties": { "NR_ZONA": "379", "NR_SECAO": "403", "NR_LOCAL_VOTACAO": "1481", "NM_UE": "CAMPINAS", "endereco_geocode": "Campinas, SP, Brasil", "lat": -22.9056391, "lng": -47.059564 }, "geometry": { "type": "Point", "coordinates": [ -47.059564, -22.9056391 ] } },
{ "type": "Feature", "properties": { "NR_ZONA": "379", "NR_SECAO": "142", "NR_LOCAL_VOTACAO": "1155", "NM_UE": "CAMPINAS", "endereco_geocode": "Campinas, SP, Brasil", "lat": -22.9056391, "lng": -47.059564 }, "geometry": { "type": "Point", "coordinates": [ -47.059564, -22.9056391 ] } },
{ "type": "Feature", "properties": { "NR_ZONA": "379", "NR_SECAO": "444", "NR_LOCAL_VOTACAO": "1481", "NM_UE": "CAMPINAS", "endereco_geocode": "Campinas, SP, Brasil", "lat": -22.9056391, "lng": -47.059564 }, "geometry": { "type": "Point", "coordinates": [ -47.059564, -22.9056391 ] } },
{ "type": "Feature", "properties": { "NR_ZONA": "379", "NR_SECAO": "30", "NR_LOCAL_VOTACAO": "1040", "NM_UE": "CAMPINAS", "endereco_geocode": "Campinas, SP, Brasil", "lat": -22.9056391, "lng": -47.059564 }, "geometry": { "type": "Point", "coordinates": [ -47.059564, -22.9056391 ] } },
{ "type": "Feature", "properties": { "NR_ZONA": "378", "NR_SECAO": "71", "NR_LOCAL_VOTACAO": "1058", "NM_UE": "CAMPINAS", "endereco_geocode": "Campinas, SP, Brasil", "lat": -22.9056391, "lng": -47.059564 }, "geometry": { "type": "Point", "coordinates": [ -47.059564, -22.9056391 ] } },
{ "type": "Feature", "properties": { "NR_ZONA": "423", "NR_SECAO": "32", "NR_LOCAL_VOTACAO": "1031", "NM_UE": "CAMPINAS", "endereco_geocode": "Campinas, SP, Brasil", "lat": -22.9056391, "lng": -47.059564 }, "geometry": { "type": "Point", "coordinates": [ -47.059564, -22.9056391 ] } },
{ "type": "Feature", "properties": { "NR_ZONA": "275", "NR_SECAO": "38", "NR_LOCAL_VOTACAO": "1066", "NM_UE": "CAMPINAS", "endereco_geocode": "Campinas, SP, Brasil", "lat": -22.9056391, "lng": -47.059564 }, "geometry": { "type": "Point", "coordinates": [ -47.059564, -22.9056391 ] } },
{ "type": "Feature", "properties": { "NR_ZONA": "275", "NR_SECAO": "509", "NR_LOCAL_VOTACAO": "1902", "NM_UE": "CAMPINAS", "endereco_geocode": "Campinas, SP, Brasil", "lat": -22.9056391, "lng": -47.059564 }, "geometry": { "type": "Point", "coordinates": [ -47.059564, -22.9056391 ] } },
{ "type": "Feature", "properties": { "NR_ZONA": "275", "NR_SECAO": "452", "NR_LOCAL_VOTACAO": "1163", "NM_UE": "CAMPINAS", "endereco_geocode": "Campinas, SP, Brasil", "lat": -22.9056391, "lng": -47.059564 }, "geometry": { "type": "Point", "coordinates": [ -47.059564, -22.9056391 ] } },
{ "type": "Feature", "properties": { "NR_ZONA": "33", "NR_SECAO": "408", "NR_LOCAL_VOTACAO": "2259", "NM_UE": "CAMPINAS", "endereco_geocode": "Campinas, SP, Brasil", "lat": -22.9056391, "lng": -47.059564 }, "geometry": { "type": "Point", "coordinates": [ -47.059564, -22.9056391 ] } },
{ "type": "Feature", "properties": { "NR_ZONA": "33", "NR_SECAO": "119", "NR_LOCAL_VOTACAO": "1180", "NM_UE": "CAMPINAS", "endereco_geocode": "Campinas, SP, Brasil", "lat": -22.9056391, "lng": -47.059564 }, "geometry": { "type": "Point", "coordinates": [ -47.059564, -22.9056391 ] } },
{ "type": "Feature", "properties": { "NR_ZONA": "379", "NR_SECAO": "139", "NR_LOCAL_VOTACAO": "1155", "NM_UE": "CAMPINAS", "endereco_geocode": "Campinas, SP, Brasil", "lat": -22.9056391, "lng": -47.059564 }, "geometry": { "type": "Point", "coordinates": [ -47.059564, -22.9056391 ] } },
{ "type": "Feature", "properties": { "NR_ZONA": "423", "NR_SECAO": "291", "NR_LOCAL_VOTACAO": "1368", "NM_UE": "CAMPINAS", "endereco_geocode": "Campinas, SP, Brasil", "lat": -22.9056391, "lng": -47.059564 }, "geometry": { "type": "Point", "coordinates": [ -47.059564, -22.9056391 ] } },
{ "type": "Feature", "properties": { "NR_ZONA": "380", "NR_SECAO": "269", "NR_LOCAL_VOTACAO": "1325", "NM_UE": "CAMPINAS", "endereco_geocode": "Campinas, SP, Brasil", "lat": -22.9056391, "lng": -47.059564 }, "geometry": { "type": "Point", "coordinates": [ -47.059564, -22.9056391 ] } },
{ "type": "Feature", "properties": { "NR_ZONA": "274", "NR_SECAO": "628", "NR_LOCAL_VOTACAO": "1864", "NM_UE": "CAMPINAS", "endereco_geocode": "Campinas, SP, Brasil", "lat": -22.9056391, "lng": -47.059564 }, "geometry": { "type": "Point", "coordinates": [ -47.059564, -22.9056391 ] } },
{ "type": "Feature", "properties": { "NR_ZONA": "379", "NR_SECAO": "399", "NR_LOCAL_VOTACAO": "1457", "NM_UE": "CAMPINAS", "endereco_geocode": "Campinas, SP, Brasil", "lat": -22.9056391, "lng": -47.059564 }, "geometry": { "type": "Point", "coordinates": [ -47.059564, -22.9056391 ] } },
{ "type": "Feature", "properties": { "NR_ZONA": "423", "NR_SECAO": "294", "NR_LOCAL_VOTACAO": "1376", "NM_UE": "CAMPINAS", "endereco_geocode": "Campinas, SP, Brasil", "lat": -22.9056391, "lng": -47.059564 }, "geometry": { "type": "Point", "coordinates": [ -47.059564, -22.9056391 ] } },
{ "type": "Feature", "properties": { "NR_ZONA": "33", "NR_SECAO": "86", "NR_LOCAL_VOTACAO": "1147", "NM_UE": "CAMPINAS", "endereco_geocode": "Campinas, SP, Brasil", "lat": -22.9056391, "lng": -47.059564 }, "geometry": { "type": "Point", "coordinates": [ -47.059564, -22.9056391 ] } },
{ "type": "Feature", "properties": { "NR_ZONA": "379", "NR_SECAO": "454", "NR_LOCAL_VOTACAO": "1449", "NM_UE": "CAMPINAS", "endereco_geocode": "Campinas, SP, Brasil", "lat": -22.9056391, "lng": -47.059564 }, "geometry": { "type": "Point", "coordinates": [ -47.059564, -22.9056391 ] } },
{ "type": "Feature", "properties": { "NR_ZONA": "379", "NR_SECAO": "174", "NR_LOCAL_VOTACAO": "1295", "NM_UE": "CAMPINAS", "endereco_geocode": "Campinas, SP, Brasil", "lat": -22.9056391, "lng": -47.059564 }, "geometry": { "type": "Point", "coordinates": [ -47.059564, -22.9056391 ] } },
{ "type": "Feature", "properties": { "NR_ZONA": "380", "NR_SECAO": "144", "NR_LOCAL_VOTACAO": "1171", "NM_UE": "CAMPINAS", "endereco_geocode": "Campinas, SP, Brasil", "lat": -22.9056391, "lng": -47.059564 }, "geometry": { "type": "Point", "coordinates": [ -47.059564, -22.9056391 ] } },
{ "type": "Feature", "properties": { "NR_ZONA": "379", "NR_SECAO": "244", "NR_LOCAL_VOTACAO": "1201", "NM_UE": "CAMPINAS", "endereco_geocode": "Campinas, SP, Brasil", "lat": -22.9056391, "lng": -47.059564 }, "geometry": { "type": "Point", "coordinates": [ -47.059564, -22.9056391 ] } },
{ "type": "Feature", "properties": { "NR_ZONA": "380", "NR_SECAO": "42", "NR_LOCAL_VOTACAO": "1147", "NM_UE": "CAMPINAS", "endereco_geocode": "Campinas, SP, Brasil", "lat": -22.9056391, "lng": -47.059564 }, "geometry": { "type": "Point", "coordinates": [ -47.059564, -22.9056391 ] } },
{ "type": "Feature", "properties": { "NR_ZONA": "33", "NR_SECAO": "573", "NR_LOCAL_VOTACAO": "2402", "NM_UE": "CAMPINAS", "endereco_geocode": "Campinas, SP, Brasil", "lat": -22.9056391, "lng": -47.059564 }, "geometry": { "type": "Point", "coordinates": [ -47.059564, -22.9056391 ] } },
{ "type": "Feature", "properties": { "NR_ZONA": "33", "NR_SECAO": "382", "NR_LOCAL_VOTACAO": "1040", "NM_UE": "CAMPINAS", "endereco_geocode": "Campinas, SP, Brasil", "lat": -22.9056391, "lng": -47.059564 }, "geometry": { "type": "Point", "coordinates": [ -47.059564, -22.9056391 ] } },
{ "type": "Feature", "properties": { "NR_ZONA": "380", "NR_SECAO": "120", "NR_LOCAL_VOTACAO": "1317", "NM_UE": "CAMPINAS", "endereco_geocode": "Campinas, SP, Brasil", "lat": -22.9056391, "lng": -47.059564 }, "geometry": { "type": "Point", "coordinates": [ -47.059564, -22.9056391 ] } },
{ "type": "Feature", "properties": { "NR_ZONA": "379", "NR_SECAO": "458", "NR_LOCAL_VOTACAO": "1465", "NM_UE": "CAMPINAS", "endereco_geocode": "Campinas, SP, Brasil", "lat": -22.9056391, "lng": -47.059564 }, "geometry": { "type": "Point", "coordinates": [ -47.059564, -22.9056391 ] } },
{ "type": "Feature", "properties": { "NR_ZONA": "275", "NR_SECAO": "198", "NR_LOCAL_VOTACAO": "1309", "NM_UE": "CAMPINAS", "endereco_geocode": "Campinas, SP, Brasil", "lat": -22.9056391, "lng": -47.059564 }, "geometry": { "type": "Point", "coordinates": [ -47.059564, -22.9056391 ] } },
{ "type": "Feature", "properties": { "NR_ZONA": "423", "NR_SECAO": "75", "NR_LOCAL_VOTACAO": "1074", "NM_UE": "CAMPINAS", "endereco_geocode": "Campinas, SP, Brasil", "lat": -22.9056391, "lng": -47.059564 }, "geometry": { "type": "Point", "coordinates": [ -47.059564, -22.9056391 ] } },
{ "type": "Feature", "properties": { "NR_ZONA": "378", "NR_SECAO": "523", "NR_LOCAL_VOTACAO": "1503", "NM_UE": "CAMPINAS", "endereco_geocode": "Campinas, SP, Brasil", "lat": -22.9056391, "lng": -47.059564 }, "geometry": { "type": "Point", "coordinates": [ -47.059564, -22.9056391 ] } },
{ "type": "Feature", "properties": { "NR_ZONA": "378", "NR_SECAO": "91", "NR_LOCAL_VOTACAO": "1074", "NM_UE": "CAMPINAS", "endereco_geocode": "Campinas, SP, Brasil", "lat": -22.9056391, "lng": -47.059564 }, "geometry": { "type": "Point", "coordinates": [ -47.059564, -22.9056391 ] } },
{ "type": "Feature", "properties": { "NR_ZONA": "274", "NR_SECAO": "718", "NR_LOCAL_VOTACAO": "1988", "NM_UE": "CAMPINAS", "endereco_geocode": "Campinas, SP, Brasil", "lat": -22.9056391, "lng": -47.059564 }, "geometry": { "type": "Point", "coordinates": [ -47.059564, -22.9056391 ] } },
{ "type": "Feature", "properties": { "NR_ZONA": "378", "NR_SECAO": "372", "NR_LOCAL_VOTACAO": "1503", "NM_UE": "CAMPINAS", "endereco_geocode": "Campinas, SP, Brasil", "lat": -22.9056391, "lng": -47.059564 }, "geometry": { "type": "Point", "coordinates": [ -47.059564, -22.9056391 ] } },
{ "type": "Feature", "properties": { "NR_ZONA": "378", "NR_SECAO": "494", "NR_LOCAL_VOTACAO": "1503", "NM_UE": "CAMPINAS", "endereco_geocode": "Campinas, SP, Brasil", "lat": -22.9056391, "lng": -47.059564 }, "geometry": { "type": "Point", "coordinates": [ -47.059564, -22.9056391 ] } },
{ "type": "Feature", "properties": { "NR_ZONA": "379", "NR_SECAO": "227", "NR_LOCAL_VOTACAO": "1201", "NM_UE": "CAMPINAS", "endereco_geocode": "Campinas, SP, Brasil", "lat": -22.9056391, "lng": -47.059564 }, "geometry": { "type": "Point", "coordinates": [ -47.059564, -22.9056391 ] } },
{ "type": "Feature", "properties": { "NR_ZONA": "33", "NR_SECAO": "395", "NR_LOCAL_VOTACAO": "1023", "NM_UE": "CAMPINAS", "endereco_geocode": "Campinas, SP, Brasil", "lat": -22.9056391, "lng": -47.059564 }, "geometry": { "type": "Point", "coordinates": [ -47.059564, -22.9056391 ] } },
{ "type": "Feature", "properties": { "NR_ZONA": "33", "NR_SECAO": "383", "NR_LOCAL_VOTACAO": "1023", "NM_UE": "CAMPINAS", "endereco_geocode": "Campinas, SP, Brasil", "lat": -22.9056391, "lng": -47.059564 }, "geometry": { "type": "Point", "coordinates": [ -47.059564, -22.9056391 ] } },
{ "type": "Feature", "properties": { "NR_ZONA": "275", "NR_SECAO": "508", "NR_LOCAL_VOTACAO": "1198", "NM_UE": "CAMPINAS", "endereco_geocode": "Campinas, SP, Brasil", "lat": -22.9056391, "lng": -47.059564 }, "geometry": { "type": "Point", "coordinates": [ -47.059564, -22.9056391 ] } },
{ "type": "Feature", "properties": { "NR_ZONA": "423", "NR_SECAO": "61", "NR_LOCAL_VOTACAO": "1066", "NM_UE": "CAMPINAS", "endereco_geocode": "Campinas, SP, Brasil", "lat": -22.9056391, "lng": -47.059564 }, "geometry": { "type": "Point", "coordinates": [ -47.059564, -22.9056391 ] } },
{ "type": "Feature", "properties": { "NR_ZONA": "379", "NR_SECAO": "34", "NR_LOCAL_VOTACAO": "1040", "NM_UE": "CAMPINAS", "endereco_geocode": "Campinas, SP, Brasil", "lat": -22.9056391, "lng": -47.059564 }, "geometry": { "type": "Point", "coordinates": [ -47.059564, -22.9056391 ] } },
{ "type": "Feature", "properties": { "NR_ZONA": "275", "NR_SECAO": "404", "NR_LOCAL_VOTACAO": "1554", "NM_UE": "CAMPINAS", "endereco_geocode": "Campinas, SP, Brasil", "lat": -22.9056391, "lng": -47.059564 }, "geometry": { "type": "Point", "coordinates": [ -47.059564, -22.9056391 ] } },
{ "type": "Feature", "properties": { "NR_ZONA": "380", "NR_SECAO": "4", "NR_LOCAL_VOTACAO": "1465", "NM_UE": "CAMPINAS", "endereco_geocode": "Campinas, SP, Brasil", "lat": -22.9056391, "lng": -47.059564 }, "geometry": { "type": "Point", "coordinates": [ -47.059564, -22.9056391 ] } },
{ "type": "Feature", "properties": { "NR_ZONA": "33", "NR_SECAO": "550", "NR_LOCAL_VOTACAO": "2372", "NM_UE": "CAMPINAS", "endereco_geocode": "Campinas, SP, Brasil", "lat": -22.9056391, "lng": -47.059564 }, "geometry": { "type": "Point", "coordinates": [ -47.059564, -22.9056391 ] } },
{ "type": "Feature", "properties": { "NR_ZONA": "423", "NR_SECAO": "267", "NR_LOCAL_VOTACAO": "1333", "NM_UE": "CAMPINAS", "endereco_geocode": "Campinas, SP, Brasil", "lat": -22.9056391, "lng": -47.059564 }, "geometry": { "type": "Point", "coordinates": [ -47.059564, -22.9056391 ] } },
{ "type": "Feature", "properties": { "NR_ZONA": "33", "NR_SECAO": "434", "NR_LOCAL_VOTACAO": "2275", "NM_UE": "CAMPINAS", "endereco_geocode": "Campinas, SP, Brasil", "lat": -22.9056391, "lng": -47.059564 }, "geometry": { "type": "Point", "coordinates": [ -47.059564, -22.9056391 ] } },
{ "type": "Feature", "properties": { "NR_ZONA": "275", "NR_SECAO": "193", "NR_LOCAL_VOTACAO": "1309", "NM_UE": "CAMPINAS", "endereco_geocode": "Campinas, SP, Brasil", "lat": -22.9056391, "lng": -47.059564 }, "geometry": { "type": "Point", "coordinates": [ -47.059564, -22.9056391 ] } },
{ "type": "Feature", "properties": { "NR_ZONA": "275", "NR_SECAO": "186", "NR_LOCAL_VOTACAO": "1295", "NM_UE": "CAMPINAS", "endereco_geocode": "Campinas, SP, Brasil", "lat": -22.9056391, "lng": -47.059564 }, "geometry": { "type": "Point", "coordinates": [ -47.059564, -22.9056391 ] } },
{ "type": "Feature", "properties": { "NR_ZONA": "380", "NR_SECAO": "277", "NR_LOCAL_VOTACAO": "1457", "NM_UE": "CAMPINAS", "endereco_geocode": "Campinas, SP, Brasil", "lat": -22.9056391, "lng": -47.059564 }, "geometry": { "type": "Point", "coordinates": [ -47.059564, -22.9056391 ] } },
{ "type": "Feature", "properties": { "NR_ZONA": "275", "NR_SECAO": "188", "NR_LOCAL_VOTACAO": "1295", "NM_UE": "CAMPINAS", "endereco_geocode": "Campinas, SP, Brasil", "lat": -22.9056391, "lng": -47.059564 }, "geometry": { "type": "Point", "coordinates": [ -47.059564, -22.9056391 ] } },
{ "type": "Feature", "properties": { "NR_ZONA": "378", "NR_SECAO": "293", "NR_LOCAL_VOTACAO": "1163", "NM_UE": "CAMPINAS", "endereco_geocode": "Campinas, SP, Brasil", "lat": -22.9056391, "lng": -47.059564 }, "geometry": { "type": "Point", "coordinates": [ -47.059564, -22.9056391 ] } },
{ "type": "Feature", "properties": { "NR_ZONA": "378", "NR_SECAO": "382", "NR_LOCAL_VOTACAO": "1503", "NM_UE": "CAMPINAS", "endereco_geocode": "Campinas, SP, Brasil", "lat": -22.9056391, "lng": -47.059564 }, "geometry": { "type": "Point", "coordinates": [ -47.059564, -22.9056391 ] } },
{ "type": "Feature", "properties": { "NR_ZONA": "378", "NR_SECAO": "359", "NR_LOCAL_VOTACAO": "1414", "NM_UE": "CAMPINAS", "endereco_geocode": "Campinas, SP, Brasil", "lat": -22.9056391, "lng": -47.059564 }, "geometry": { "type": "Point", "coordinates": [ -47.059564, -22.9056391 ] } },
{ "type": "Feature", "properties": { "NR_ZONA": "378", "NR_SECAO": "341", "NR_LOCAL_VOTACAO": "1325", "NM_UE": "CAMPINAS", "endereco_geocode": "Campinas, SP, Brasil", "lat": -22.9056391, "lng": -47.059564 }, "geometry": { "type": "Point", "coordinates": [ -47.059564, -22.9056391 ] } },
{ "type": "Feature", "properties": { "NR_ZONA": "378", "NR_SECAO": "56", "NR_LOCAL_VOTACAO": "1040", "NM_UE": "CAMPINAS", "endereco_geocode": "Campinas, SP, Brasil", "lat": -22.9056391, "lng": -47.059564 }, "geometry": { "type": "Point", "coordinates": [ -47.059564, -22.9056391 ] } },
{ "type": "Feature", "properties": { "NR_ZONA": "380", "NR_SECAO": "40", "NR_LOCAL_VOTACAO": "1139", "NM_UE": "CAMPINAS", "endereco_geocode": "Campinas, SP, Brasil", "lat": -22.9056391, "lng": -47.059564 }, "geometry": { "type": "Point", "coordinates": [ -47.059564, -22.9056391 ] } },
{ "type": "Feature", "properties": { "NR_ZONA": "379", "NR_SECAO": "180", "NR_LOCAL_VOTACAO": "1295", "NM_UE": "CAMPINAS", "endereco_geocode": "Campinas, SP, Brasil", "lat": -22.9056391, "lng": -47.059564 }, "geometry": { "type": "Point", "coordinates": [ -47.059564, -22.9056391 ] } },
{ "type": "Feature", "properties": { "NR_ZONA": "379", "NR_SECAO": "438", "NR_LOCAL_VOTACAO": "1481", "NM_UE": "CAMPINAS", "endereco_geocode": "Campinas, SP, Brasil", "lat": -22.9056391, "lng": -47.059564 }, "geometry": { "type": "Point", "coordinates": [ -47.059564, -22.9056391 ] } },
{ "type": "Feature", "properties": { "NR_ZONA": "33", "NR_SECAO": "50", "NR_LOCAL_VOTACAO": "1082", "NM_UE": "CAMPINAS", "endereco_geocode": "Campinas, SP, Brasil", "lat": -22.9056391, "lng": -47.059564 }, "geometry": { "type": "Point", "coordinates": [ -47.059564, -22.9056391 ] } },
{ "type": "Feature", "properties": { "NR_ZONA": "274", "NR_SECAO": "164", "NR_LOCAL_VOTACAO": "1201", "NM_UE": "CAMPINAS", "endereco_geocode": "Campinas, SP, Brasil", "lat": -22.9056391, "lng": -47.059564 }, "geometry": { "type": "Point", "coordinates": [ -47.059564, -22.9056391 ] } },
{ "type": "Feature", "properties": { "NR_ZONA": "275", "NR_SECAO": "612", "NR_LOCAL_VOTACAO": "1929", "NM_UE": "CAMPINAS", "endereco_geocode": "Campinas, SP, Brasil", "lat": -22.9056391, "lng": -47.059564 }, "geometry": { "type": "Point", "coordinates": [ -47.059564, -22.9056391 ] } },
{ "type": "Feature", "properties": { "NR_ZONA": "423", "NR_SECAO": "205", "NR_LOCAL_VOTACAO": "1295", "NM_UE": "CAMPINAS", "endereco_geocode": "Campinas, SP, Brasil", "lat": -22.9056391, "lng": -47.059564 }, "geometry": { "type": "Point", "coordinates": [ -47.059564, -22.9056391 ] } },
{ "type": "Feature", "properties": { "NR_ZONA": "378", "NR_SECAO": "311", "NR_LOCAL_VOTACAO": "1163", "NM_UE": "CAMPINAS", "endereco_geocode": "Campinas, SP, Brasil", "lat": -22.9056391, "lng": -47.059564 }, "geometry": { "type": "Point", "coordinates": [ -47.059564, -22.9056391 ] } },
{ "type": "Feature", "properties": { "NR_ZONA": "274", "NR_SECAO": "99", "NR_LOCAL_VOTACAO": "1112", "NM_UE": "CAMPINAS", "endereco_geocode": "Campinas, SP, Brasil", "lat": -22.9056391, "lng": -47.059564 }, "geometry": { "type": "Point", "coordinates": [ -47.059564, -22.9056391 ] } },
{ "type": "Feature", "properties": { "NR_ZONA": "379", "NR_SECAO": "321", "NR_LOCAL_VOTACAO": "1406", "NM_UE": "CAMPINAS", "endereco_geocode": "Campinas, SP, Brasil", "lat": -22.9056391, "lng": -47.059564 }, "geometry": { "type": "Point", "coordinates": [ -47.059564, -22.9056391 ] } },
{ "type": "Feature", "properties": { "NR_ZONA": "423", "NR_SECAO": "89", "NR_LOCAL_VOTACAO": "1090", "NM_UE": "CAMPINAS", "endereco_geocode": "Campinas, SP, Brasil", "lat": -22.9056391, "lng": -47.059564 }, "geometry": { "type": "Point", "coordinates": [ -47.059564, -22.9056391 ] } },
{ "type": "Feature", "properties": { "NR_ZONA": "379", "NR_SECAO": "382", "NR_LOCAL_VOTACAO": "1449", "NM_UE": "CAMPINAS", "endereco_geocode": "Campinas, SP, Brasil", "lat": -22.9056391, "lng": -47.059564 }, "geometry": { "type": "Point", "coordinates": [ -47.059564, -22.9056391 ] } },
{ "type": "Feature", "properties": { "NR_ZONA": "274", "NR_SECAO": "721", "NR_LOCAL_VOTACAO": "1988", "NM_UE": "CAMPINAS", "endereco_geocode": "Campinas, SP, Brasil", "lat": -22.9056391, "lng": -47.059564 }, "geometry": { "type": "Point", "coordinates": [ -47.059564, -22.9056391 ] } },
{ "type": "Feature", "properties": { "NR_ZONA": "274", "NR_SECAO": "146", "NR_LOCAL_VOTACAO": "1180", "NM_UE": "CAMPINAS", "endereco_geocode": "Campinas, SP, Brasil", "lat": -22.9056391, "lng": -47.059564 }, "geometry": { "type": "Point", "coordinates": [ -47.059564, -22.9056391 ] } },
{ "type": "Feature", "properties": { "NR_ZONA": "423", "NR_SECAO": "80", "NR_LOCAL_VOTACAO": "1082", "NM_UE": "CAMPINAS", "endereco_geocode": "Campinas, SP, Brasil", "lat": -22.9056391, "lng": -47.059564 }, "geometry": { "type": "Point", "coordinates": [ -47.059564, -22.9056391 ] } },
{ "type": "Feature", "properties": { "NR_ZONA": "274", "NR_SECAO": "129", "NR_LOCAL_VOTACAO": "1155", "NM_UE": "CAMPINAS", "endereco_geocode": "Campinas, SP, Brasil", "lat": -22.9056391, "lng": -47.059564 }, "geometry": { "type": "Point", "coordinates": [ -47.059564, -22.9056391 ] } },
{ "type": "Feature", "properties": { "NR_ZONA": "423", "NR_SECAO": "149", "NR_LOCAL_VOTACAO": "1155", "NM_UE": "CAMPINAS", "endereco_geocode": "Campinas, SP, Brasil", "lat": -22.9056391, "lng": -47.059564 }, "geometry": { "type": "Point", "coordinates": [ -47.059564, -22.9056391 ] } },
{ "type": "Feature", "properties": { "NR_ZONA": "274", "NR_SECAO": "679", "NR_LOCAL_VOTACAO": "1171", "NM_UE": "CAMPINAS", "endereco_geocode": "Campinas, SP, Brasil", "lat": -22.9056391, "lng": -47.059564 }, "geometry": { "type": "Point", "coordinates": [ -47.059564, -22.9056391 ] } },
{ "type": "Feature", "properties": { "NR_ZONA": "274", "NR_SECAO": "137", "NR_LOCAL_VOTACAO": "1163", "NM_UE": "CAMPINAS", "endereco_geocode": "Campinas, SP, Brasil", "lat": -22.9056391, "lng": -47.059564 }, "geometry": { "type": "Point", "coordinates": [ -47.059564, -22.9056391 ] } },
{ "type": "Feature", "properties": { "NR_ZONA": "274", "NR_SECAO": "785", "NR_LOCAL_VOTACAO": "2089", "NM_UE": "CAMPINAS", "endereco_geocode": "Campinas, SP, Brasil", "lat": -22.9056391, "lng": -47.059564 }, "geometry": { "type": "Point", "coordinates": [ -47.059564, -22.9056391 ] } },
{ "type": "Feature", "properties": { "NR_ZONA": "379", "NR_SECAO": "361", "NR_LOCAL_VOTACAO": "1430", "NM_UE": "CAMPINAS", "endereco_geocode": "Campinas, SP, Brasil", "lat": -22.9056391, "lng": -47.059564 }, "geometry": { "type": "Point", "coordinates": [ -47.059564, -22.9056391 ] } },
{ "type": "Feature", "properties": { "NR_ZONA": "379", "NR_SECAO": "381", "NR_LOCAL_VOTACAO": "1457", "NM_UE": "CAMPINAS", "endereco_geocode": "Campinas, SP, Brasil", "lat": -22.9056391, "lng": -47.059564 }, "geometry": { "type": "Point", "coordinates": [ -47.059564, -22.9056391 ] } },
{ "type": "Feature", "properties": { "NR_ZONA": "378", "NR_SECAO": "526", "NR_LOCAL_VOTACAO": "1490", "NM_UE": "CAMPINAS", "endereco_geocode": "Campinas, SP, Brasil", "lat": -22.9056391, "lng": -47.059564 }, "geometry": { "type": "Point", "coordinates": [ -47.059564, -22.9056391 ] } },
{ "type": "Feature", "properties": { "NR_ZONA": "379", "NR_SECAO": "56", "NR_LOCAL_VOTACAO": "1066", "NM_UE": "CAMPINAS", "endereco_geocode": "Campinas, SP, Brasil", "lat": -22.9056391, "lng": -47.059564 }, "geometry": { "type": "Point", "coordinates": [ -47.059564, -22.9056391 ] } },
{ "type": "Feature", "properties": { "NR_ZONA": "380", "NR_SECAO": "283", "NR_LOCAL_VOTACAO": "1449", "NM_UE": "CAMPINAS", "endereco_geocode": "Campinas, SP, Brasil", "lat": -22.9056391, "lng": -47.059564 }, "geometry": { "type": "Point", "coordinates": [ -47.059564, -22.9056391 ] } },
{ "type": "Feature", "properties": { "NR_ZONA": "379", "NR_SECAO": "371", "NR_LOCAL_VOTACAO": "1449", "NM_UE": "CAMPINAS", "endereco_geocode": "Campinas, SP, Brasil", "lat": -22.9056391, "lng": -47.059564 }, "geometry": { "type": "Point", "coordinates": [ -47.059564, -22.9056391 ] } },
{ "type": "Feature", "properties": { "NR_ZONA": "378", "NR_SECAO": "462", "NR_LOCAL_VOTACAO": "1163", "NM_UE": "CAMPINAS", "endereco_geocode": "Campinas, SP, Brasil", "lat": -22.9056391, "lng": -47.059564 }, "geometry": { "type": "Point", "coordinates": [ -47.059564, -22.9056391 ] } },
{ "type": "Feature", "properties": { "NR_ZONA": "379", "NR_SECAO": "21", "NR_LOCAL_VOTACAO": "1023", "NM_UE": "CAMPINAS", "endereco_geocode": "Campinas, SP, Brasil", "lat": -22.9056391, "lng": -47.059564 }, "geometry": { "type": "Point", "coordinates": [ -47.059564, -22.9056391 ] } },
{ "type": "Feature", "properties": { "NR_ZONA": "274", "NR_SECAO": "133", "NR_LOCAL_VOTACAO": "1163", "NM_UE": "CAMPINAS", "endereco_geocode": "Campinas, SP, Brasil", "lat": -22.9056391, "lng": -47.059564 }, "geometry": { "type": "Point", "coordinates": [ -47.059564, -22.9056391 ] } },
{ "type": "Feature", "properties": { "NR_ZONA": "274", "NR_SECAO": "784", "NR_LOCAL_VOTACAO": "2070", "NM_UE": "CAMPINAS", "endereco_geocode": "Campinas, SP, Brasil", "lat": -22.9056391, "lng": -47.059564 }, "geometry": { "type": "Point", "coordinates": [ -47.059564, -22.9056391 ] } },
{ "type": "Feature", "properties": { "NR_ZONA": "33", "NR_SECAO": "249", "NR_LOCAL_VOTACAO": "1074", "NM_UE": "CAMPINAS", "endereco_geocode": "Campinas, SP, Brasil", "lat": -22.9056391, "lng": -47.059564 }, "geometry": { "type": "Point", "coordinates": [ -47.059564, -22.9056391 ] } },
{ "type": "Feature", "properties": { "NR_ZONA": "274", "NR_SECAO": "694", "NR_LOCAL_VOTACAO": "1961", "NM_UE": "CAMPINAS", "endereco_geocode": "Campinas, SP, Brasil", "lat": -22.9056391, "lng": -47.059564 }, "geometry": { "type": "Point", "coordinates": [ -47.059564, -22.9056391 ] } },
{ "type": "Feature", "properties": { "NR_ZONA": "379", "NR_SECAO": "377", "NR_LOCAL_VOTACAO": "1244", "NM_UE": "CAMPINAS", "endereco_geocode": "Campinas, SP, Brasil", "lat": -22.9056391, "lng": -47.059564 }, "geometry": { "type": "Point", "coordinates": [ -47.059564, -22.9056391 ] } },
{ "type": "Feature", "properties": { "NR_ZONA": "275", "NR_SECAO": "568", "NR_LOCAL_VOTACAO": "1546", "NM_UE": "CAMPINAS", "endereco_geocode": "Campinas, SP, Brasil", "lat": -22.9056391, "lng": -47.059564 }, "geometry": { "type": "Point", "coordinates": [ -47.059564, -22.9056391 ] } },
{ "type": "Feature", "properties": { "NR_ZONA": "379", "NR_SECAO": "145", "NR_LOCAL_VOTACAO": "1155", "NM_UE": "CAMPINAS", "endereco_geocode": "Campinas, SP, Brasil", "lat": -22.9056391, "lng": -47.059564 }, "geometry": { "type": "Point", "coordinates": [ -47.059564, -22.9056391 ] } },
{ "type": "Feature", "properties": { "NR_ZONA": "378", "NR_SECAO": "82", "NR_LOCAL_VOTACAO": "1066", "NM_UE": "CAMPINAS", "endereco_geocode": "Campinas, SP, Brasil", "lat": -22.9056391, "lng": -47.059564 }, "geometry": { "type": "Point", "coordinates": [ -47.059564, -22.9056391 ] } },
{ "type": "Feature", "properties": { "NR_ZONA": "423", "NR_SECAO": "259", "NR_LOCAL_VOTACAO": "1244", "NM_UE": "CAMPINAS", "endereco_geocode": "Campinas, SP, Brasil", "lat": -22.9056391, "lng": -47.059564 }, "geometry": { "type": "Point", "coordinates": [ -47.059564, -22.9056391 ] } },
{ "type": "Feature", "properties": { "NR_ZONA": "275", "NR_SECAO": "181", "NR_LOCAL_VOTACAO": "1295", "NM_UE": "CAMPINAS", "endereco_geocode": "Campinas, SP, Brasil", "lat": -22.9056391, "lng": -47.059564 }, "geometry": { "type": "Point", "coordinates": [ -47.059564, -22.9056391 ] } },
{ "type": "Feature", "properties": { "NR_ZONA": "274", "NR_SECAO": "101", "NR_LOCAL_VOTACAO": "1112", "NM_UE": "CAMPINAS", "endereco_geocode": "Campinas, SP, Brasil", "lat": -22.9056391, "lng": -47.059564 }, "geometry": { "type": "Point", "coordinates": [ -47.059564, -22.9056391 ] } },
{ "type": "Feature", "properties": { "NR_ZONA": "275", "NR_SECAO": "403", "NR_LOCAL_VOTACAO": "1589", "NM_UE": "CAMPINAS", "endereco_geocode": "Campinas, SP, Brasil", "lat": -22.9056391, "lng": -47.059564 }, "geometry": { "type": "Point", "coordinates": [ -47.059564, -22.9056391 ] } },
{ "type": "Feature", "properties": { "NR_ZONA": "380", "NR_SECAO": "44", "NR_LOCAL_VOTACAO": "1147", "NM_UE": "CAMPINAS", "endereco_geocode": "Campinas, SP, Brasil", "lat": -22.9056391, "lng": -47.059564 }, "geometry": { "type": "Point", "coordinates": [ -47.059564, -22.9056391 ] } },
{ "type": "Feature", "properties": { "NR_ZONA": "423", "NR_SECAO": "261", "NR_LOCAL_VOTACAO": "1317", "NM_UE": "CAMPINAS", "endereco_geocode": "Campinas, SP, Brasil", "lat": -22.9056391, "lng": -47.059564 }, "geometry": { "type": "Point", "coordinates": [ -47.059564, -22.9056391 ] } },
{ "type": "Feature", "properties": { "NR_ZONA": "275", "NR_SECAO": "545", "NR_LOCAL_VOTACAO": "1902", "NM_UE": "CAMPINAS", "endereco_geocode": "Campinas, SP, Brasil", "lat": -22.9056391, "lng": -47.059564 }, "geometry": { "type": "Point", "coordinates": [ -47.059564, -22.9056391 ] } },
{ "type": "Feature", "properties": { "NR_ZONA": "380", "NR_SECAO": "343", "NR_LOCAL_VOTACAO": "1481", "NM_UE": "CAMPINAS", "endereco_geocode": "Campinas, SP, Brasil", "lat": -22.9056391, "lng": -47.059564 }, "geometry": { "type": "Point", "coordinates": [ -47.059564, -22.9056391 ] } },
{ "type": "Feature", "properties": { "NR_ZONA": "274", "NR_SECAO": "100", "NR_LOCAL_VOTACAO": "1112", "NM_UE": "CAMPINAS", "endereco_geocode": "Campinas, SP, Brasil", "lat": -22.9056391, "lng": -47.059564 }, "geometry": { "type": "Point", "coordinates": [ -47.059564, -22.9056391 ] } },
{ "type": "Feature", "properties": { "NR_ZONA": "423", "NR_SECAO": "27", "NR_LOCAL_VOTACAO": "1031", "NM_UE": "CAMPINAS", "endereco_geocode": "Campinas, SP, Brasil", "lat": -22.9056391, "lng": -47.059564 }, "geometry": { "type": "Point", "coordinates": [ -47.059564, -22.9056391 ] } },
{ "type": "Feature", "properties": { "NR_ZONA": "275", "NR_SECAO": "522", "NR_LOCAL_VOTACAO": "1929", "NM_UE": "CAMPINAS", "endereco_geocode": "Campinas, SP, Brasil", "lat": -22.9056391, "lng": -47.059564 }, "geometry": { "type": "Point", "coordinates": [ -47.059564, -22.9056391 ] } },
{ "type": "Feature", "properties": { "NR_ZONA": "380", "NR_SECAO": "75", "NR_LOCAL_VOTACAO": "1180", "NM_UE": "CAMPINAS", "endereco_geocode": "Campinas, SP, Brasil", "lat": -22.9056391, "lng": -47.059564 }, "geometry": { "type": "Point", "coordinates": [ -47.059564, -22.9056391 ] } },
{ "type": "Feature", "properties": { "NR_ZONA": "275", "NR_SECAO": "107", "NR_LOCAL_VOTACAO": "1180", "NM_UE": "CAMPINAS", "endereco_geocode": "Campinas, SP, Brasil", "lat": -22.9056391, "lng": -47.059564 }, "geometry": { "type": "Point", "coordinates": [ -47.059564, -22.9056391 ] } },
{ "type": "Feature", "properties": { "NR_ZONA": "380", "NR_SECAO": "148", "NR_LOCAL_VOTACAO": "1171", "NM_UE": "CAMPINAS", "endereco_geocode": "Campinas, SP, Brasil", "lat": -22.9056391, "lng": -47.059564 }, "geometry": { "type": "Point", "coordinates": [ -47.059564, -22.9056391 ] } },
{ "type": "Feature", "properties": { "NR_ZONA": "423", "NR_SECAO": "11", "NR_LOCAL_VOTACAO": "1015", "NM_UE": "CAMPINAS", "endereco_geocode": "Campinas, SP, Brasil", "lat": -22.9056391, "lng": -47.059564 }, "geometry": { "type": "Point", "coordinates": [ -47.059564, -22.9056391 ] } },
{ "type": "Feature", "properties": { "NR_ZONA": "275", "NR_SECAO": "362", "NR_LOCAL_VOTACAO": "1295", "NM_UE": "CAMPINAS", "endereco_geocode": "Campinas, SP, Brasil", "lat": -22.9056391, "lng": -47.059564 }, "geometry": { "type": "Point", "coordinates": [ -47.059564, -22.9056391 ] } },
{ "type": "Feature", "properties": { "NR_ZONA": "275", "NR_SECAO": "189", "NR_LOCAL_VOTACAO": "1295", "NM_UE": "CAMPINAS", "endereco_geocode": "Campinas, SP, Brasil", "lat": -22.9056391, "lng": -47.059564 }, "geometry": { "type": "Point", "coordinates": [ -47.059564, -22.9056391 ] } },
{ "type": "Feature", "properties": { "NR_ZONA": "423", "NR_SECAO": "91", "NR_LOCAL_VOTACAO": "1090", "NM_UE": "CAMPINAS", "endereco_geocode": "Campinas, SP, Brasil", "lat": -22.9056391, "lng": -47.059564 }, "geometry": { "type": "Point", "coordinates": [ -47.059564, -22.9056391 ] } },
{ "type": "Feature", "properties": { "NR_ZONA": "33", "NR_SECAO": "546", "NR_LOCAL_VOTACAO": "2364", "NM_UE": "CAMPINAS", "endereco_geocode": "Campinas, SP, Brasil", "lat": -22.9056391, "lng": -47.059564 }, "geometry": { "type": "Point", "coordinates": [ -47.059564, -22.9056391 ] } },
{ "type": "Feature", "properties": { "NR_ZONA": "380", "NR_SECAO": "346", "NR_LOCAL_VOTACAO": "1244", "NM_UE": "CAMPINAS", "endereco_geocode": "Campinas, SP, Brasil", "lat": -22.9056391, "lng": -47.059564 }, "geometry": { "type": "Point", "coordinates": [ -47.059564, -22.9056391 ] } },
{ "type": "Feature", "properties": { "NR_ZONA": "380", "NR_SECAO": "233", "NR_LOCAL_VOTACAO": "1066", "NM_UE": "CAMPINAS", "endereco_geocode": "Campinas, SP, Brasil", "lat": -22.9056391, "lng": -47.059564 }, "geometry": { "type": "Point", "coordinates": [ -47.059564, -22.9056391 ] } },
{ "type": "Feature", "properties": { "NR_ZONA": "274", "NR_SECAO": "592", "NR_LOCAL_VOTACAO": "1201", "NM_UE": "CAMPINAS", "endereco_geocode": "Campinas, SP, Brasil", "lat": -22.9056391, "lng": -47.059564 }, "geometry": { "type": "Point", "coordinates": [ -47.059564, -22.9056391 ] } },
{ "type": "Feature", "properties": { "NR_ZONA": "274", "NR_SECAO": "117", "NR_LOCAL_VOTACAO": "1139", "NM_UE": "CAMPINAS", "endereco_geocode": "Campinas, SP, Brasil", "lat": -22.9056391, "lng": -47.059564 }, "geometry": { "type": "Point", "coordinates": [ -47.059564, -22.9056391 ] } },
{ "type": "Feature", "properties": { "NR_ZONA": "274", "NR_SECAO": "151", "NR_LOCAL_VOTACAO": "1198", "NM_UE": "CAMPINAS", "endereco_geocode": "Campinas, SP, Brasil", "lat": -22.9056391, "lng": -47.059564 }, "geometry": { "type": "Point", "coordinates": [ -47.059564, -22.9056391 ] } },
{ "type": "Feature", "properties": { "NR_ZONA": "275", "NR_SECAO": "574", "NR_LOCAL_VOTACAO": "1350", "NM_UE": "CAMPINAS", "endereco_geocode": "Campinas, SP, Brasil", "lat": -22.9056391, "lng": -47.059564 }, "geometry": { "type": "Point", "coordinates": [ -47.059564, -22.9056391 ] } },
{ "type": "Feature", "properties": { "NR_ZONA": "423", "NR_SECAO": "298", "NR_LOCAL_VOTACAO": "1376", "NM_UE": "CAMPINAS", "endereco_geocode": "Campinas, SP, Brasil", "lat": -22.9056391, "lng": -47.059564 }, "geometry": { "type": "Point", "coordinates": [ -47.059564, -22.9056391 ] } },
{ "type": "Feature", "properties": { "NR_ZONA": "379", "NR_SECAO": "407", "NR_LOCAL_VOTACAO": "1465", "NM_UE": "CAMPINAS", "endereco_geocode": "Campinas, SP, Brasil", "lat": -22.9056391, "lng": -47.059564 }, "geometry": { "type": "Point", "coordinates": [ -47.059564, -22.9056391 ] } },
{ "type": "Feature", "properties": { "NR_ZONA": "274", "NR_SECAO": "725", "NR_LOCAL_VOTACAO": "1996", "NM_UE": "CAMPINAS", "endereco_geocode": "Campinas, SP, Brasil", "lat": -22.9056391, "lng": -47.059564 }, "geometry": { "type": "Point", "coordinates": [ -47.059564, -22.9056391 ] } },
{ "type": "Feature", "properties": { "NR_ZONA": "423", "NR_SECAO": "108", "NR_LOCAL_VOTACAO": "1104", "NM_UE": "CAMPINAS", "endereco_geocode": "Campinas, SP, Brasil", "lat": -22.9056391, "lng": -47.059564 }, "geometry": { "type": "Point", "coordinates": [ -47.059564, -22.9056391 ] } },
{ "type": "Feature", "properties": { "NR_ZONA": "274", "NR_SECAO": "713", "NR_LOCAL_VOTACAO": "1988", "NM_UE": "CAMPINAS", "endereco_geocode": "Campinas, SP, Brasil", "lat": -22.9056391, "lng": -47.059564 }, "geometry": { "type": "Point", "coordinates": [ -47.059564, -22.9056391 ] } },
{ "type": "Feature", "properties": { "NR_ZONA": "274", "NR_SECAO": "602", "NR_LOCAL_VOTACAO": "1848", "NM_UE": "CAMPINAS", "endereco_geocode": "Campinas, SP, Brasil", "lat": -22.9056391, "lng": -47.059564 }, "geometry": { "type": "Point", "coordinates": [ -47.059564, -22.9056391 ] } },
{ "type": "Feature", "properties": { "NR_ZONA": "33", "NR_SECAO": "17", "NR_LOCAL_VOTACAO": "1058", "NM_UE": "CAMPINAS", "endereco_geocode": "Campinas, SP, Brasil", "lat": -22.9056391, "lng": -47.059564 }, "geometry": { "type": "Point", "coordinates": [ -47.059564, -22.9056391 ] } },
{ "type": "Feature", "properties": { "NR_ZONA": "33", "NR_SECAO": "437", "NR_LOCAL_VOTACAO": "2275", "NM_UE": "CAMPINAS", "endereco_geocode": "Campinas, SP, Brasil", "lat": -22.9056391, "lng": -47.059564 }, "geometry": { "type": "Point", "coordinates": [ -47.059564, -22.9056391 ] } },
{ "type": "Feature", "properties": { "NR_ZONA": "379", "NR_SECAO": "35", "NR_LOCAL_VOTACAO": "1040", "NM_UE": "CAMPINAS", "endereco_geocode": "Campinas, SP, Brasil", "lat": -22.9056391, "lng": -47.059564 }, "geometry": { "type": "Point", "coordinates": [ -47.059564, -22.9056391 ] } },
{ "type": "Feature", "properties": { "NR_ZONA": "379", "NR_SECAO": "188", "NR_LOCAL_VOTACAO": "1309", "NM_UE": "CAMPINAS", "endereco_geocode": "Campinas, SP, Brasil", "lat": -22.9056391, "lng": -47.059564 }, "geometry": { "type": "Point", "coordinates": [ -47.059564, -22.9056391 ] } },
{ "type": "Feature", "properties": { "NR_ZONA": "274", "NR_SECAO": "420", "NR_LOCAL_VOTACAO": "1090", "NM_UE": "CAMPINAS", "endereco_geocode": "Campinas, SP, Brasil", "lat": -22.9056391, "lng": -47.059564 }, "geometry": { "type": "Point", "coordinates": [ -47.059564, -22.9056391 ] } },
{ "type": "Feature", "properties": { "NR_ZONA": "378", "NR_SECAO": "55", "NR_LOCAL_VOTACAO": "1040", "NM_UE": "CAMPINAS", "endereco_geocode": "Campinas, SP, Brasil", "lat": -22.9056391, "lng": -47.059564 }, "geometry": { "type": "Point", "coordinates": [ -47.059564, -22.9056391 ] } },
{ "type": "Feature", "properties": { "NR_ZONA": "274", "NR_SECAO": "781", "NR_LOCAL_VOTACAO": "2070", "NM_UE": "CAMPINAS", "endereco_geocode": "Campinas, SP, Brasil", "lat": -22.9056391, "lng": -47.059564 }, "geometry": { "type": "Point", "coordinates": [ -47.059564, -22.9056391 ] } },
{ "type": "Feature", "properties": { "NR_ZONA": "274", "NR_SECAO": "792", "NR_LOCAL_VOTACAO": "2097", "NM_UE": "CAMPINAS", "endereco_geocode": "Campinas, SP, Brasil", "lat": -22.9056391, "lng": -47.059564 }, "geometry": { "type": "Point", "coordinates": [ -47.059564, -22.9056391 ] } },
{ "type": "Feature", "properties": { "NR_ZONA": "275", "NR_SECAO": "54", "NR_LOCAL_VOTACAO": "1104", "NM_UE": "CAMPINAS", "endereco_geocode": "Campinas, SP, Brasil", "lat": -22.9056391, "lng": -47.059564 }, "geometry": { "type": "Point", "coordinates": [ -47.059564, -22.9056391 ] } },
{ "type": "Feature", "properties": { "NR_ZONA": "275", "NR_SECAO": "488", "NR_LOCAL_VOTACAO": "1180", "NM_UE": "CAMPINAS", "endereco_geocode": "Campinas, SP, Brasil", "lat": -22.9056391, "lng": -47.059564 }, "geometry": { "type": "Point", "coordinates": [ -47.059564, -22.9056391 ] } },
{ "type": "Feature", "properties": { "NR_ZONA": "380", "NR_SECAO": "329", "NR_LOCAL_VOTACAO": "1287", "NM_UE": "CAMPINAS", "endereco_geocode": "Campinas, SP, Brasil", "lat": -22.9056391, "lng": -47.059564 }, "geometry": { "type": "Point", "coordinates": [ -47.059564, -22.9056391 ] } },
{ "type": "Feature", "properties": { "NR_ZONA": "275", "NR_SECAO": "328", "NR_LOCAL_VOTACAO": "1090", "NM_UE": "CAMPINAS", "endereco_geocode": "Campinas, SP, Brasil", "lat": -22.9056391, "lng": -47.059564 }, "geometry": { "type": "Point", "coordinates": [ -47.059564, -22.9056391 ] } },
{ "type": "Feature", "properties": { "NR_ZONA": "379", "NR_SECAO": "480", "NR_LOCAL_VOTACAO": "1554", "NM_UE": "CAMPINAS", "endereco_geocode": "Campinas, SP, Brasil", "lat": -22.9056391, "lng": -47.059564 }, "geometry": { "type": "Point", "coordinates": [ -47.059564, -22.9056391 ] } },
{ "type": "Feature", "properties": { "NR_ZONA": "378", "NR_SECAO": "566", "NR_LOCAL_VOTACAO": "1287", "NM_UE": "CAMPINAS", "endereco_geocode": "Campinas, SP, Brasil", "lat": -22.9056391, "lng": -47.059564 }, "geometry": { "type": "Point", "coordinates": [ -47.059564, -22.9056391 ] } },
{ "type": "Feature", "properties": { "NR_ZONA": "379", "NR_SECAO": "479", "NR_LOCAL_VOTACAO": "1554", "NM_UE": "CAMPINAS", "endereco_geocode": "Campinas, SP, Brasil", "lat": -22.9056391, "lng": -47.059564 }, "geometry": { "type": "Point", "coordinates": [ -47.059564, -22.9056391 ] } },
{ "type": "Feature", "properties": { "NR_ZONA": "378", "NR_SECAO": "549", "NR_LOCAL_VOTACAO": "1279", "NM_UE": "CAMPINAS", "endereco_geocode": "Campinas, SP, Brasil", "lat": -22.9056391, "lng": -47.059564 }, "geometry": { "type": "Point", "coordinates": [ -47.059564, -22.9056391 ] } },
{ "type": "Feature", "properties": { "NR_ZONA": "274", "NR_SECAO": "159", "NR_LOCAL_VOTACAO": "1201", "NM_UE": "CAMPINAS", "endereco_geocode": "Campinas, SP, Brasil", "lat": -22.9056391, "lng": -47.059564 }, "geometry": { "type": "Point", "coordinates": [ -47.059564, -22.9056391 ] } },
{ "type": "Feature", "properties": { "NR_ZONA": "378", "NR_SECAO": "154", "NR_LOCAL_VOTACAO": "1112", "NM_UE": "CAMPINAS", "endereco_geocode": "Campinas, SP, Brasil", "lat": -22.9056391, "lng": -47.059564 }, "geometry": { "type": "Point", "coordinates": [ -47.059564, -22.9056391 ] } },
{ "type": "Feature", "properties": { "NR_ZONA": "33", "NR_SECAO": "59", "NR_LOCAL_VOTACAO": "1082", "NM_UE": "CAMPINAS", "endereco_geocode": "Campinas, SP, Brasil", "lat": -22.9056391, "lng": -47.059564 }, "geometry": { "type": "Point", "coordinates": [ -47.059564, -22.9056391 ] } },
{ "type": "Feature", "properties": { "NR_ZONA": "378", "NR_SECAO": "100", "NR_LOCAL_VOTACAO": "1082", "NM_UE": "CAMPINAS", "endereco_geocode": "Campinas, SP, Brasil", "lat": -22.9056391, "lng": -47.059564 }, "geometry": { "type": "Point", "coordinates": [ -47.059564, -22.9056391 ] } },
{ "type": "Feature", "properties": { "NR_ZONA": "33", "NR_SECAO": "308", "NR_LOCAL_VOTACAO": "1023", "NM_UE": "CAMPINAS", "endereco_geocode": "Campinas, SP, Brasil", "lat": -22.9056391, "lng": -47.059564 }, "geometry": { "type": "Point", "coordinates": [ -47.059564, -22.9056391 ] } },
{ "type": "Feature", "properties": { "NR_ZONA": "378", "NR_SECAO": "335", "NR_LOCAL_VOTACAO": "1414", "NM_UE": "CAMPINAS", "endereco_geocode": "Campinas, SP, Brasil", "lat": -22.9056391, "lng": -47.059564 }, "geometry": { "type": "Point", "coordinates": [ -47.059564, -22.9056391 ] } },
{ "type": "Feature", "properties": { "NR_ZONA": "275", "NR_SECAO": "595", "NR_LOCAL_VOTACAO": "1872", "NM_UE": "CAMPINAS", "endereco_geocode": "Campinas, SP, Brasil", "lat": -22.9056391, "lng": -47.059564 }, "geometry": { "type": "Point", "coordinates": [ -47.059564, -22.9056391 ] } },
{ "type": "Feature", "properties": { "NR_ZONA": "380", "NR_SECAO": "98", "NR_LOCAL_VOTACAO": "1350", "NM_UE": "CAMPINAS", "endereco_geocode": "Campinas, SP, Brasil", "lat": -22.9056391, "lng": -47.059564 }, "geometry": { "type": "Point", "coordinates": [ -47.059564, -22.9056391 ] } },
{ "type": "Feature", "properties": { "NR_ZONA": "274", "NR_SECAO": "605", "NR_LOCAL_VOTACAO": "1724", "NM_UE": "CAMPINAS", "endereco_geocode": "Campinas, SP, Brasil", "lat": -22.9056391, "lng": -47.059564 }, "geometry": { "type": "Point", "coordinates": [ -47.059564, -22.9056391 ] } },
{ "type": "Feature", "properties": { "NR_ZONA": "379", "NR_SECAO": "512", "NR_LOCAL_VOTACAO": "1589", "NM_UE": "CAMPINAS", "endereco_geocode": "Campinas, SP, Brasil", "lat": -22.9056391, "lng": -47.059564 }, "geometry": { "type": "Point", "coordinates": [ -47.059564, -22.9056391 ] } },
{ "type": "Feature", "properties": { "NR_ZONA": "423", "NR_SECAO": "305", "NR_LOCAL_VOTACAO": "1384", "NM_UE": "CAMPINAS", "endereco_geocode": "Campinas, SP, Brasil", "lat": -22.9056391, "lng": -47.059564 }, "geometry": { "type": "Point", "coordinates": [ -47.059564, -22.9056391 ] } },
{ "type": "Feature", "properties": { "NR_ZONA": "379", "NR_SECAO": "286", "NR_LOCAL_VOTACAO": "1198", "NM_UE": "CAMPINAS", "endereco_geocode": "Campinas, SP, Brasil", "lat": -22.9056391, "lng": -47.059564 }, "geometry": { "type": "Point", "coordinates": [ -47.059564, -22.9056391 ] } },
{ "type": "Feature", "properties": { "NR_ZONA": "275", "NR_SECAO": "52", "NR_LOCAL_VOTACAO": "1104", "NM_UE": "CAMPINAS", "endereco_geocode": "Campinas, SP, Brasil", "lat": -22.9056391, "lng": -47.059564 }, "geometry": { "type": "Point", "coordinates": [ -47.059564, -22.9056391 ] } },
{ "type": "Feature", "properties": { "NR_ZONA": "33", "NR_SECAO": "322", "NR_LOCAL_VOTACAO": "1015", "NM_UE": "CAMPINAS", "endereco_geocode": "Campinas, SP, Brasil", "lat": -22.9056391, "lng": -47.059564 }, "geometry": { "type": "Point", "coordinates": [ -47.059564, -22.9056391 ] } },
{ "type": "Feature", "properties": { "NR_ZONA": "379", "NR_SECAO": "18", "NR_LOCAL_VOTACAO": "1023", "NM_UE": "CAMPINAS", "endereco_geocode": "Campinas, SP, Brasil", "lat": -22.9056391, "lng": -47.059564 }, "geometry": { "type": "Point", "coordinates": [ -47.059564, -22.9056391 ] } },
{ "type": "Feature", "properties": { "NR_ZONA": "33", "NR_SECAO": "277", "NR_LOCAL_VOTACAO": "1201", "NM_UE": "CAMPINAS", "endereco_geocode": "Campinas, SP, Brasil", "lat": -22.9056391, "lng": -47.059564 }, "geometry": { "type": "Point", "coordinates": [ -47.059564, -22.9056391 ] } },
{ "type": "Feature", "properties": { "NR_ZONA": "380", "NR_SECAO": "200", "NR_LOCAL_VOTACAO": "1406", "NM_UE": "CAMPINAS", "endereco_geocode": "Campinas, SP, Brasil", "lat": -22.9056391, "lng": -47.059564 }, "geometry": { "type": "Point", "coordinates": [ -47.059564, -22.9056391 ] } },
{ "type": "Feature", "properties": { "NR_ZONA": "275", "NR_SECAO": "236", "NR_LOCAL_VOTACAO": "1350", "NM_UE": "CAMPINAS", "endereco_geocode": "Campinas, SP, Brasil", "lat": -22.9056391, "lng": -47.059564 }, "geometry": { "type": "Point", "coordinates": [ -47.059564, -22.9056391 ] } },
{ "type": "Feature", "properties": { "NR_ZONA": "378", "NR_SECAO": "539", "NR_LOCAL_VOTACAO": "1660", "NM_UE": "CAMPINAS", "endereco_geocode": "Campinas, SP, Brasil", "lat": -22.9056391, "lng": -47.059564 }, "geometry": { "type": "Point", "coordinates": [ -47.059564, -22.9056391 ] } },
{ "type": "Feature", "properties": { "NR_ZONA": "33", "NR_SECAO": "134", "NR_LOCAL_VOTACAO": "1201", "NM_UE": "CAMPINAS", "endereco_geocode": "Campinas, SP, Brasil", "lat": -22.9056391, "lng": -47.059564 }, "geometry": { "type": "Point", "coordinates": [ -47.059564, -22.9056391 ] } },
{ "type": "Feature", "properties": { "NR_ZONA": "378", "NR_SECAO": "534", "NR_LOCAL_VOTACAO": "1287", "NM_UE": "CAMPINAS", "endereco_geocode": "Campinas, SP, Brasil", "lat": -22.9056391, "lng": -47.059564 }, "geometry": { "type": "Point", "coordinates": [ -47.059564, -22.9056391 ] } },
{ "type": "Feature", "properties": { "NR_ZONA": "378", "NR_SECAO": "302", "NR_LOCAL_VOTACAO": "1155", "NM_UE": "CAMPINAS", "endereco_geocode": "Campinas, SP, Brasil", "lat": -22.9056391, "lng": -47.059564 }, "geometry": { "type": "Point", "coordinates": [ -47.059564, -22.9056391 ] } },
{ "type": "Feature", "properties": { "NR_ZONA": "33", "NR_SECAO": "128", "NR_LOCAL_VOTACAO": "1201", "NM_UE": "CAMPINAS", "endereco_geocode": "Campinas, SP, Brasil", "lat": -22.9056391, "lng": -47.059564 }, "geometry": { "type": "Point", "coordinates": [ -47.059564, -22.9056391 ] } },
{ "type": "Feature", "properties": { "NR_ZONA": "33", "NR_SECAO": "45", "NR_LOCAL_VOTACAO": "1074", "NM_UE": "CAMPINAS", "endereco_geocode": "Campinas, SP, Brasil", "lat": -22.9056391, "lng": -47.059564 }, "geometry": { "type": "Point", "coordinates": [ -47.059564, -22.9056391 ] } },
{ "type": "Feature", "properties": { "NR_ZONA": "423", "NR_SECAO": "231", "NR_LOCAL_VOTACAO": "1287", "NM_UE": "CAMPINAS", "endereco_geocode": "Campinas, SP, Brasil", "lat": -22.9056391, "lng": -47.059564 }, "geometry": { "type": "Point", "coordinates": [ -47.059564, -22.9056391 ] } },
{ "type": "Feature", "properties": { "NR_ZONA": "275", "NR_SECAO": "472", "NR_LOCAL_VOTACAO": "1546", "NM_UE": "CAMPINAS", "endereco_geocode": "Campinas, SP, Brasil", "lat": -22.9056391, "lng": -47.059564 }, "geometry": { "type": "Point", "coordinates": [ -47.059564, -22.9056391 ] } },
{ "type": "Feature", "properties": { "NR_ZONA": "380", "NR_SECAO": "184", "NR_LOCAL_VOTACAO": "1392", "NM_UE": "CAMPINAS", "endereco_geocode": "Campinas, SP, Brasil", "lat": -22.9056391, "lng": -47.059564 }, "geometry": { "type": "Point", "coordinates": [ -47.059564, -22.9056391 ] } },
{ "type": "Feature", "properties": { "NR_ZONA": "274", "NR_SECAO": "794", "NR_LOCAL_VOTACAO": "2097", "NM_UE": "CAMPINAS", "endereco_geocode": "Campinas, SP, Brasil", "lat": -22.9056391, "lng": -47.059564 }, "geometry": { "type": "Point", "coordinates": [ -47.059564, -22.9056391 ] } },
{ "type": "Feature", "properties": { "NR_ZONA": "378", "NR_SECAO": "204", "NR_LOCAL_VOTACAO": "1163", "NM_UE": "CAMPINAS", "endereco_geocode": "Campinas, SP, Brasil", "lat": -22.9056391, "lng": -47.059564 }, "geometry": { "type": "Point", "coordinates": [ -47.059564, -22.9056391 ] } },
{ "type": "Feature", "properties": { "NR_ZONA": "423", "NR_SECAO": "167", "NR_LOCAL_VOTACAO": "1171", "NM_UE": "CAMPINAS", "endereco_geocode": "Campinas, SP, Brasil", "lat": -22.9056391, "lng": -47.059564 }, "geometry": { "type": "Point", "coordinates": [ -47.059564, -22.9056391 ] } },
{ "type": "Feature", "properties": { "NR_ZONA": "275", "NR_SECAO": "199", "NR_LOCAL_VOTACAO": "1309", "NM_UE": "CAMPINAS", "endereco_geocode": "Campinas, SP, Brasil", "lat": -22.9056391, "lng": -47.059564 }, "geometry": { "type": "Point", "coordinates": [ -47.059564, -22.9056391 ] } },
{ "type": "Feature", "properties": { "NR_ZONA": "378", "NR_SECAO": "512", "NR_LOCAL_VOTACAO": "1600", "NM_UE": "CAMPINAS", "endereco_geocode": "Campinas, SP, Brasil", "lat": -22.9056391, "lng": -47.059564 }, "geometry": { "type": "Point", "coordinates": [ -47.059564, -22.9056391 ] } },
{ "type": "Feature", "properties": { "NR_ZONA": "275", "NR_SECAO": "304", "NR_LOCAL_VOTACAO": "1449", "NM_UE": "CAMPINAS", "endereco_geocode": "Campinas, SP, Brasil", "lat": -22.9056391, "lng": -47.059564 }, "geometry": { "type": "Point", "coordinates": [ -47.059564, -22.9056391 ] } },
{ "type": "Feature", "properties": { "NR_ZONA": "274", "NR_SECAO": "485", "NR_LOCAL_VOTACAO": "1120", "NM_UE": "CAMPINAS", "endereco_geocode": "Campinas, SP, Brasil", "lat": -22.9056391, "lng": -47.059564 }, "geometry": { "type": "Point", "coordinates": [ -47.059564, -22.9056391 ] } },
{ "type": "Feature", "properties": { "NR_ZONA": "274", "NR_SECAO": "656", "NR_LOCAL_VOTACAO": "1759", "NM_UE": "CAMPINAS", "endereco_geocode": "Campinas, SP, Brasil", "lat": -22.9056391, "lng": -47.059564 }, "geometry": { "type": "Point", "coordinates": [ -47.059564, -22.9056391 ] } },
{ "type": "Feature", "properties": { "NR_ZONA": "33", "NR_SECAO": "519", "NR_LOCAL_VOTACAO": "2356", "NM_UE": "CAMPINAS", "endereco_geocode": "Campinas, SP, Brasil", "lat": -22.9056391, "lng": -47.059564 }, "geometry": { "type": "Point", "coordinates": [ -47.059564, -22.9056391 ] } },
{ "type": "Feature", "properties": { "NR_ZONA": "379", "NR_SECAO": "218", "NR_LOCAL_VOTACAO": "1210", "NM_UE": "CAMPINAS", "endereco_geocode": "Campinas, SP, Brasil", "lat": -22.9056391, "lng": -47.059564 }, "geometry": { "type": "Point", "coordinates": [ -47.059564, -22.9056391 ] } },
{ "type": "Feature", "properties": { "NR_ZONA": "379", "NR_SECAO": "185", "NR_LOCAL_VOTACAO": "1309", "NM_UE": "CAMPINAS", "endereco_geocode": "Campinas, SP, Brasil", "lat": -22.9056391, "lng": -47.059564 }, "geometry": { "type": "Point", "coordinates": [ -47.059564, -22.9056391 ] } },
{ "type": "Feature", "properties": { "NR_ZONA": "275", "NR_SECAO": "344", "NR_LOCAL_VOTACAO": "1074", "NM_UE": "CAMPINAS", "endereco_geocode": "Campinas, SP, Brasil", "lat": -22.9056391, "lng": -47.059564 }, "geometry": { "type": "Point", "coordinates": [ -47.059564, -22.9056391 ] } },
{ "type": "Feature", "properties": { "NR_ZONA": "380", "NR_SECAO": "11", "NR_LOCAL_VOTACAO": "1104", "NM_UE": "CAMPINAS", "endereco_geocode": "Campinas, SP, Brasil", "lat": -22.9056391, "lng": -47.059564 }, "geometry": { "type": "Point", "coordinates": [ -47.059564, -22.9056391 ] } },
{ "type": "Feature", "properties": { "NR_ZONA": "379", "NR_SECAO": "446", "NR_LOCAL_VOTACAO": "1473", "NM_UE": "CAMPINAS", "endereco_geocode": "Campinas, SP, Brasil", "lat": -22.9056391, "lng": -47.059564 }, "geometry": { "type": "Point", "coordinates": [ -47.059564, -22.9056391 ] } },
{ "type": "Feature", "properties": { "NR_ZONA": "378", "NR_SECAO": "339", "NR_LOCAL_VOTACAO": "1406", "NM_UE": "CAMPINAS", "endereco_geocode": "Campinas, SP, Brasil", "lat": -22.9056391, "lng": -47.059564 }, "geometry": { "type": "Point", "coordinates": [ -47.059564, -22.9056391 ] } },
{ "type": "Feature", "properties": { "NR_ZONA": "380", "NR_SECAO": "93", "NR_LOCAL_VOTACAO": "1198", "NM_UE": "CAMPINAS", "endereco_geocode": "Campinas, SP, Brasil", "lat": -22.9056391, "lng": -47.059564 }, "geometry": { "type": "Point", "coordinates": [ -47.059564, -22.9056391 ] } },
{ "type": "Feature", "properties": { "NR_ZONA": "33", "NR_SECAO": "292", "NR_LOCAL_VOTACAO": "2151", "NM_UE": "CAMPINAS", "endereco_geocode": "Campinas, SP, Brasil", "lat": -22.9056391, "lng": -47.059564 }, "geometry": { "type": "Point", "coordinates": [ -47.059564, -22.9056391 ] } },
{ "type": "Feature", "properties": { "NR_ZONA": "378", "NR_SECAO": "297", "NR_LOCAL_VOTACAO": "1309", "NM_UE": "CAMPINAS", "endereco_geocode": "Campinas, SP, Brasil", "lat": -22.9056391, "lng": -47.059564 }, "geometry": { "type": "Point", "coordinates": [ -47.059564, -22.9056391 ] } },
{ "type": "Feature", "properties": { "NR_ZONA": "274", "NR_SECAO": "626", "NR_LOCAL_VOTACAO": "1309", "NM_UE": "CAMPINAS", "endereco_geocode": "Campinas, SP, Brasil", "lat": -22.9056391, "lng": -47.059564 }, "geometry": { "type": "Point", "coordinates": [ -47.059564, -22.9056391 ] } },
{ "type": "Feature", "properties": { "NR_ZONA": "380", "NR_SECAO": "210", "NR_LOCAL_VOTACAO": "1414", "NM_UE": "CAMPINAS", "endereco_geocode": "Campinas, SP, Brasil", "lat": -22.9056391, "lng": -47.059564 }, "geometry": { "type": "Point", "coordinates": [ -47.059564, -22.9056391 ] } },
{ "type": "Feature", "properties": { "NR_ZONA": "275", "NR_SECAO": "330", "NR_LOCAL_VOTACAO": "1295", "NM_UE": "CAMPINAS", "endereco_geocode": "Campinas, SP, Brasil", "lat": -22.9056391, "lng": -47.059564 }, "geometry": { "type": "Point", "coordinates": [ -47.059564, -22.9056391 ] } },
{ "type": "Feature", "properties": { "NR_ZONA": "380", "NR_SECAO": "246", "NR_LOCAL_VOTACAO": "1040", "NM_UE": "CAMPINAS", "endereco_geocode": "Campinas, SP, Brasil", "lat": -22.9056391, "lng": -47.059564 }, "geometry": { "type": "Point", "coordinates": [ -47.059564, -22.9056391 ] } },
{ "type": "Feature", "properties": { "NR_ZONA": "380", "NR_SECAO": "244", "NR_LOCAL_VOTACAO": "1090", "NM_UE": "CAMPINAS", "endereco_geocode": "Campinas, SP, Brasil", "lat": -22.9056391, "lng": -47.059564 }, "geometry": { "type": "Point", "coordinates": [ -47.059564, -22.9056391 ] } },
{ "type": "Feature", "properties": { "NR_ZONA": "423", "NR_SECAO": "51", "NR_LOCAL_VOTACAO": "1058", "NM_UE": "CAMPINAS", "endereco_geocode": "Campinas, SP, Brasil", "lat": -22.9056391, "lng": -47.059564 }, "geometry": { "type": "Point", "coordinates": [ -47.059564, -22.9056391 ] } },
{ "type": "Feature", "properties": { "NR_ZONA": "274", "NR_SECAO": "672", "NR_LOCAL_VOTACAO": "1880", "NM_UE": "CAMPINAS", "endereco_geocode": "Campinas, SP, Brasil", "lat": -22.9056391, "lng": -47.059564 }, "geometry": { "type": "Point", "coordinates": [ -47.059564, -22.9056391 ] } },
{ "type": "Feature", "properties": { "NR_ZONA": "274", "NR_SECAO": "649", "NR_LOCAL_VOTACAO": "1139", "NM_UE": "CAMPINAS", "endereco_geocode": "Campinas, SP, Brasil", "lat": -22.9056391, "lng": -47.059564 }, "geometry": { "type": "Point", "coordinates": [ -47.059564, -22.9056391 ] } },
{ "type": "Feature", "properties": { "NR_ZONA": "274", "NR_SECAO": "706", "NR_LOCAL_VOTACAO": "1970", "NM_UE": "CAMPINAS", "endereco_geocode": "Campinas, SP, Brasil", "lat": -22.9056391, "lng": -47.059564 }, "geometry": { "type": "Point", "coordinates": [ -47.059564, -22.9056391 ] } },
{ "type": "Feature", "properties": { "NR_ZONA": "379", "NR_SECAO": "434", "NR_LOCAL_VOTACAO": "1520", "NM_UE": "CAMPINAS", "endereco_geocode": "Campinas, SP, Brasil", "lat": -22.9056391, "lng": -47.059564 }, "geometry": { "type": "Point", "coordinates": [ -47.059564, -22.9056391 ] } },
{ "type": "Feature", "properties": { "NR_ZONA": "275", "NR_SECAO": "516", "NR_LOCAL_VOTACAO": "1198", "NM_UE": "CAMPINAS", "endereco_geocode": "Campinas, SP, Brasil", "lat": -22.9056391, "lng": -47.059564 }, "geometry": { "type": "Point", "coordinates": [ -47.059564, -22.9056391 ] } },
{ "type": "Feature", "properties": { "NR_ZONA": "423", "NR_SECAO": "135", "NR_LOCAL_VOTACAO": "1139", "NM_UE": "CAMPINAS", "endereco_geocode": "Campinas, SP, Brasil", "lat": -22.9056391, "lng": -47.059564 }, "geometry": { "type": "Point", "coordinates": [ -47.059564, -22.9056391 ] } },
{ "type": "Feature", "properties": { "NR_ZONA": "378", "NR_SECAO": "404", "NR_LOCAL_VOTACAO": "1414", "NM_UE": "CAMPINAS", "endereco_geocode": "Campinas, SP, Brasil", "lat": -22.9056391, "lng": -47.059564 }, "geometry": { "type": "Point", "coordinates": [ -47.059564, -22.9056391 ] } },
{ "type": "Feature", "properties": { "NR_ZONA": "275", "NR_SECAO": "414", "NR_LOCAL_VOTACAO": "1910", "NM_UE": "CAMPINAS", "endereco_geocode": "Campinas, SP, Brasil", "lat": -22.9056391, "lng": -47.059564 }, "geometry": { "type": "Point", "coordinates": [ -47.059564, -22.9056391 ] } },
{ "type": "Feature", "properties": { "NR_ZONA": "378", "NR_SECAO": "563", "NR_LOCAL_VOTACAO": "1309", "NM_UE": "CAMPINAS", "endereco_geocode": "Campinas, SP, Brasil", "lat": -22.9056391, "lng": -47.059564 }, "geometry": { "type": "Point", "coordinates": [ -47.059564, -22.9056391 ] } },
{ "type": "Feature", "properties": { "NR_ZONA": "423", "NR_SECAO": "285", "NR_LOCAL_VOTACAO": "1368", "NM_UE": "CAMPINAS", "endereco_geocode": "Campinas, SP, Brasil", "lat": -22.9056391, "lng": -47.059564 }, "geometry": { "type": "Point", "coordinates": [ -47.059564, -22.9056391 ] } },
{ "type": "Feature", "properties": { "NR_ZONA": "423", "NR_SECAO": "211", "NR_LOCAL_VOTACAO": "1040", "NM_UE": "CAMPINAS", "endereco_geocode": "Campinas, SP, Brasil", "lat": -22.9056391, "lng": -47.059564 }, "geometry": { "type": "Point", "coordinates": [ -47.059564, -22.9056391 ] } },
{ "type": "Feature", "properties": { "NR_ZONA": "274", "NR_SECAO": "91", "NR_LOCAL_VOTACAO": "1112", "NM_UE": "CAMPINAS", "endereco_geocode": "Campinas, SP, Brasil", "lat": -22.9056391, "lng": -47.059564 }, "geometry": { "type": "Point", "coordinates": [ -47.059564, -22.9056391 ] } },
{ "type": "Feature", "properties": { "NR_ZONA": "379", "NR_SECAO": "277", "NR_LOCAL_VOTACAO": "1406", "NM_UE": "CAMPINAS", "endereco_geocode": "Campinas, SP, Brasil", "lat": -22.9056391, "lng": -47.059564 }, "geometry": { "type": "Point", "coordinates": [ -47.059564, -22.9056391 ] } },
{ "type": "Feature", "properties": { "NR_ZONA": "378", "NR_SECAO": "422", "NR_LOCAL_VOTACAO": "1490", "NM_UE": "CAMPINAS", "endereco_geocode": "Campinas, SP, Brasil", "lat": -22.9056391, "lng": -47.059564 }, "geometry": { "type": "Point", "coordinates": [ -47.059564, -22.9056391 ] } },
{ "type": "Feature", "properties": { "NR_ZONA": "378", "NR_SECAO": "354", "NR_LOCAL_VOTACAO": "1422", "NM_UE": "CAMPINAS", "endereco_geocode": "Campinas, SP, Brasil", "lat": -22.9056391, "lng": -47.059564 }, "geometry": { "type": "Point", "coordinates": [ -47.059564, -22.9056391 ] } },
{ "type": "Feature", "properties": { "NR_ZONA": "379", "NR_SECAO": "490", "NR_LOCAL_VOTACAO": "1554", "NM_UE": "CAMPINAS", "endereco_geocode": "Campinas, SP, Brasil", "lat": -22.9056391, "lng": -47.059564 }, "geometry": { "type": "Point", "coordinates": [ -47.059564, -22.9056391 ] } },
{ "type": "Feature", "properties": { "NR_ZONA": "274", "NR_SECAO": "424", "NR_LOCAL_VOTACAO": "1481", "NM_UE": "CAMPINAS", "endereco_geocode": "Campinas, SP, Brasil", "lat": -22.9056391, "lng": -47.059564 }, "geometry": { "type": "Point", "coordinates": [ -47.059564, -22.9056391 ] } },
{ "type": "Feature", "properties": { "NR_ZONA": "378", "NR_SECAO": "85", "NR_LOCAL_VOTACAO": "1066", "NM_UE": "CAMPINAS", "endereco_geocode": "Campinas, SP, Brasil", "lat": -22.9056391, "lng": -47.059564 }, "geometry": { "type": "Point", "coordinates": [ -47.059564, -22.9056391 ] } },
{ "type": "Feature", "properties": { "NR_ZONA": "275", "NR_SECAO": "176", "NR_LOCAL_VOTACAO": "1910", "NM_UE": "CAMPINAS", "endereco_geocode": "Campinas, SP, Brasil", "lat": -22.9056391, "lng": -47.059564 }, "geometry": { "type": "Point", "coordinates": [ -47.059564, -22.9056391 ] } },
{ "type": "Feature", "properties": { "NR_ZONA": "33", "NR_SECAO": "78", "NR_LOCAL_VOTACAO": "1120", "NM_UE": "CAMPINAS", "endereco_geocode": "Campinas, SP, Brasil", "lat": -22.9056391, "lng": -47.059564 }, "geometry": { "type": "Point", "coordinates": [ -47.059564, -22.9056391 ] } },
{ "type": "Feature", "properties": { "NR_ZONA": "378", "NR_SECAO": "39", "NR_LOCAL_VOTACAO": "1031", "NM_UE": "CAMPINAS", "endereco_geocode": "Campinas, SP, Brasil", "lat": -22.9056391, "lng": -47.059564 }, "geometry": { "type": "Point", "coordinates": [ -47.059564, -22.9056391 ] } },
{ "type": "Feature", "properties": { "NR_ZONA": "378", "NR_SECAO": "449", "NR_LOCAL_VOTACAO": "1554", "NM_UE": "CAMPINAS", "endereco_geocode": "Campinas, SP, Brasil", "lat": -22.9056391, "lng": -47.059564 }, "geometry": { "type": "Point", "coordinates": [ -47.059564, -22.9056391 ] } },
{ "type": "Feature", "properties": { "NR_ZONA": "378", "NR_SECAO": "508", "NR_LOCAL_VOTACAO": "1503", "NM_UE": "CAMPINAS", "endereco_geocode": "Campinas, SP, Brasil", "lat": -22.9056391, "lng": -47.059564 }, "geometry": { "type": "Point", "coordinates": [ -47.059564, -22.9056391 ] } },
{ "type": "Feature", "properties": { "NR_ZONA": "378", "NR_SECAO": "216", "NR_LOCAL_VOTACAO": "1279", "NM_UE": "CAMPINAS", "endereco_geocode": "Campinas, SP, Brasil", "lat": -22.9056391, "lng": -47.059564 }, "geometry": { "type": "Point", "coordinates": [ -47.059564, -22.9056391 ] } },
{ "type": "Feature", "properties": { "NR_ZONA": "379", "NR_SECAO": "216", "NR_LOCAL_VOTACAO": "1325", "NM_UE": "CAMPINAS", "endereco_geocode": "Campinas, SP, Brasil", "lat": -22.9056391, "lng": -47.059564 }, "geometry": { "type": "Point", "coordinates": [ -47.059564, -22.9056391 ] } },
{ "type": "Feature", "properties": { "NR_ZONA": "379", "NR_SECAO": "28", "NR_LOCAL_VOTACAO": "1040", "NM_UE": "CAMPINAS", "endereco_geocode": "Campinas, SP, Brasil", "lat": -22.9056391, "lng": -47.059564 }, "geometry": { "type": "Point", "coordinates": [ -47.059564, -22.9056391 ] } },
{ "type": "Feature", "properties": { "NR_ZONA": "379", "NR_SECAO": "436", "NR_LOCAL_VOTACAO": "1457", "NM_UE": "CAMPINAS", "endereco_geocode": "Campinas, SP, Brasil", "lat": -22.9056391, "lng": -47.059564 }, "geometry": { "type": "Point", "coordinates": [ -47.059564, -22.9056391 ] } },
{ "type": "Feature", "properties": { "NR_ZONA": "33", "NR_SECAO": "299", "NR_LOCAL_VOTACAO": "1023", "NM_UE": "CAMPINAS", "endereco_geocode": "Campinas, SP, Brasil", "lat": -22.9056391, "lng": -47.059564 }, "geometry": { "type": "Point", "coordinates": [ -47.059564, -22.9056391 ] } },
{ "type": "Feature", "properties": { "NR_ZONA": "378", "NR_SECAO": "376", "NR_LOCAL_VOTACAO": "1295", "NM_UE": "CAMPINAS", "endereco_geocode": "Campinas, SP, Brasil", "lat": -22.9056391, "lng": -47.059564 }, "geometry": { "type": "Point", "coordinates": [ -47.059564, -22.9056391 ] } },
{ "type": "Feature", "properties": { "NR_ZONA": "379", "NR_SECAO": "242", "NR_LOCAL_VOTACAO": "1244", "NM_UE": "CAMPINAS", "endereco_geocode": "Campinas, SP, Brasil", "lat": -22.9056391, "lng": -47.059564 }, "geometry": { "type": "Point", "coordinates": [ -47.059564, -22.9056391 ] } },
{ "type": "Feature", "properties": { "NR_ZONA": "378", "NR_SECAO": "243", "NR_LOCAL_VOTACAO": "1163", "NM_UE": "CAMPINAS", "endereco_geocode": "Campinas, SP, Brasil", "lat": -22.9056391, "lng": -47.059564 }, "geometry": { "type": "Point", "coordinates": [ -47.059564, -22.9056391 ] } },
{ "type": "Feature", "properties": { "NR_ZONA": "423", "NR_SECAO": "256", "NR_LOCAL_VOTACAO": "1074", "NM_UE": "CAMPINAS", "endereco_geocode": "Campinas, SP, Brasil", "lat": -22.9056391, "lng": -47.059564 }, "geometry": { "type": "Point", "coordinates": [ -47.059564, -22.9056391 ] } },
{ "type": "Feature", "properties": { "NR_ZONA": "379", "NR_SECAO": "413", "NR_LOCAL_VOTACAO": "1481", "NM_UE": "CAMPINAS", "endereco_geocode": "Campinas, SP, Brasil", "lat": -22.9056391, "lng": -47.059564 }, "geometry": { "type": "Point", "coordinates": [ -47.059564, -22.9056391 ] } },
{ "type": "Feature", "properties": { "NR_ZONA": "378", "NR_SECAO": "73", "NR_LOCAL_VOTACAO": "1058", "NM_UE": "CAMPINAS", "endereco_geocode": "Campinas, SP, Brasil", "lat": -22.9056391, "lng": -47.059564 }, "geometry": { "type": "Point", "coordinates": [ -47.059564, -22.9056391 ] } },
{ "type": "Feature", "properties": { "NR_ZONA": "378", "NR_SECAO": "60", "NR_LOCAL_VOTACAO": "1040", "NM_UE": "CAMPINAS", "endereco_geocode": "Campinas, SP, Brasil", "lat": -22.9056391, "lng": -47.059564 }, "geometry": { "type": "Point", "coordinates": [ -47.059564, -22.9056391 ] } },
{ "type": "Feature", "properties": { "NR_ZONA": "378", "NR_SECAO": "401", "NR_LOCAL_VOTACAO": "1171", "NM_UE": "CAMPINAS", "endereco_geocode": "Campinas, SP, Brasil", "lat": -22.9056391, "lng": -47.059564 }, "geometry": { "type": "Point", "coordinates": [ -47.059564, -22.9056391 ] } },
{ "type": "Feature", "properties": { "NR_ZONA": "379", "NR_SECAO": "43", "NR_LOCAL_VOTACAO": "1058", "NM_UE": "CAMPINAS", "endereco_geocode": "Campinas, SP, Brasil", "lat": -22.9056391, "lng": -47.059564 }, "geometry": { "type": "Point", "coordinates": [ -47.059564, -22.9056391 ] } },
{ "type": "Feature", "properties": { "NR_ZONA": "275", "NR_SECAO": "527", "NR_LOCAL_VOTACAO": "1872", "NM_UE": "CAMPINAS", "endereco_geocode": "Campinas, SP, Brasil", "lat": -22.9056391, "lng": -47.059564 }, "geometry": { "type": "Point", "coordinates": [ -47.059564, -22.9056391 ] } },
{ "type": "Feature", "properties": { "NR_ZONA": "379", "NR_SECAO": "292", "NR_LOCAL_VOTACAO": "1368", "NM_UE": "CAMPINAS", "endereco_geocode": "Campinas, SP, Brasil", "lat": -22.9056391, "lng": -47.059564 }, "geometry": { "type": "Point", "coordinates": [ -47.059564, -22.9056391 ] } },
{ "type": "Feature", "properties": { "NR_ZONA": "275", "NR_SECAO": "633", "NR_LOCAL_VOTACAO": "1929", "NM_UE": "CAMPINAS", "endereco_geocode": "Campinas, SP, Brasil", "lat": -22.9056391, "lng": -47.059564 }, "geometry": { "type": "Point", "coordinates": [ -47.059564, -22.9056391 ] } },
{ "type": "Feature", "properties": { "NR_ZONA": "33", "NR_SECAO": "513", "NR_LOCAL_VOTACAO": "2348", "NM_UE": "CAMPINAS", "endereco_geocode": "Campinas, SP, Brasil", "lat": -22.9056391, "lng": -47.059564 }, "geometry": { "type": "Point", "coordinates": [ -47.059564, -22.9056391 ] } },
{ "type": "Feature", "properties": { "NR_ZONA": "378", "NR_SECAO": "487", "NR_LOCAL_VOTACAO": "1600", "NM_UE": "CAMPINAS", "endereco_geocode": "Campinas, SP, Brasil", "lat": -22.9056391, "lng": -47.059564 }, "geometry": { "type": "Point", "coordinates": [ -47.059564, -22.9056391 ] } },
{ "type": "Feature", "properties": { "NR_ZONA": "379", "NR_SECAO": "482", "NR_LOCAL_VOTACAO": "1554", "NM_UE": "CAMPINAS", "endereco_geocode": "Campinas, SP, Brasil", "lat": -22.9056391, "lng": -47.059564 }, "geometry": { "type": "Point", "coordinates": [ -47.059564, -22.9056391 ] } },
{ "type": "Feature", "properties": { "NR_ZONA": "379", "NR_SECAO": "388", "NR_LOCAL_VOTACAO": "1481", "NM_UE": "CAMPINAS", "endereco_geocode": "Campinas, SP, Brasil", "lat": -22.9056391, "lng": -47.059564 }, "geometry": { "type": "Point", "coordinates": [ -47.059564, -22.9056391 ] } },
{ "type": "Feature", "properties": { "NR_ZONA": "380", "NR_SECAO": "39", "NR_LOCAL_VOTACAO": "1139", "NM_UE": "CAMPINAS", "endereco_geocode": "Campinas, SP, Brasil", "lat": -22.9056391, "lng": -47.059564 }, "geometry": { "type": "Point", "coordinates": [ -47.059564, -22.9056391 ] } },
{ "type": "Feature", "properties": { "NR_ZONA": "33", "NR_SECAO": "511", "NR_LOCAL_VOTACAO": "2348", "NM_UE": "CAMPINAS", "endereco_geocode": "Campinas, SP, Brasil", "lat": -22.9056391, "lng": -47.059564 }, "geometry": { "type": "Point", "coordinates": [ -47.059564, -22.9056391 ] } },
{ "type": "Feature", "properties": { "NR_ZONA": "33", "NR_SECAO": "64", "NR_LOCAL_VOTACAO": "1090", "NM_UE": "CAMPINAS", "endereco_geocode": "Campinas, SP, Brasil", "lat": -22.9056391, "lng": -47.059564 }, "geometry": { "type": "Point", "coordinates": [ -47.059564, -22.9056391 ] } },
{ "type": "Feature", "properties": { "NR_ZONA": "378", "NR_SECAO": "319", "NR_LOCAL_VOTACAO": "1295", "NM_UE": "CAMPINAS", "endereco_geocode": "Campinas, SP, Brasil", "lat": -22.9056391, "lng": -47.059564 }, "geometry": { "type": "Point", "coordinates": [ -47.059564, -22.9056391 ] } },
{ "type": "Feature", "properties": { "NR_ZONA": "378", "NR_SECAO": "247", "NR_LOCAL_VOTACAO": "1392", "NM_UE": "CAMPINAS", "endereco_geocode": "Campinas, SP, Brasil", "lat": -22.9056391, "lng": -47.059564 }, "geometry": { "type": "Point", "coordinates": [ -47.059564, -22.9056391 ] } },
{ "type": "Feature", "properties": { "NR_ZONA": "379", "NR_SECAO": "155", "NR_LOCAL_VOTACAO": "1252", "NM_UE": "CAMPINAS", "endereco_geocode": "Campinas, SP, Brasil", "lat": -22.9056391, "lng": -47.059564 }, "geometry": { "type": "Point", "coordinates": [ -47.059564, -22.9056391 ] } },
{ "type": "Feature", "properties": { "NR_ZONA": "275", "NR_SECAO": "302", "NR_LOCAL_VOTACAO": "1449", "NM_UE": "CAMPINAS", "endereco_geocode": "Campinas, SP, Brasil", "lat": -22.9056391, "lng": -47.059564 }, "geometry": { "type": "Point", "coordinates": [ -47.059564, -22.9056391 ] } },
{ "type": "Feature", "properties": { "NR_ZONA": "275", "NR_SECAO": "93", "NR_LOCAL_VOTACAO": "1163", "NM_UE": "CAMPINAS", "endereco_geocode": "Campinas, SP, Brasil", "lat": -22.9056391, "lng": -47.059564 }, "geometry": { "type": "Point", "coordinates": [ -47.059564, -22.9056391 ] } },
{ "type": "Feature", "properties": { "NR_ZONA": "274", "NR_SECAO": "106", "NR_LOCAL_VOTACAO": "1120", "NM_UE": "CAMPINAS", "endereco_geocode": "Campinas, SP, Brasil", "lat": -22.9056391, "lng": -47.059564 }, "geometry": { "type": "Point", "coordinates": [ -47.059564, -22.9056391 ] } },
{ "type": "Feature", "properties": { "NR_ZONA": "275", "NR_SECAO": "315", "NR_LOCAL_VOTACAO": "1465", "NM_UE": "CAMPINAS", "endereco_geocode": "Campinas, SP, Brasil", "lat": -22.9056391, "lng": -47.059564 }, "geometry": { "type": "Point", "coordinates": [ -47.059564, -22.9056391 ] } },
{ "type": "Feature", "properties": { "NR_ZONA": "275", "NR_SECAO": "175", "NR_LOCAL_VOTACAO": "1910", "NM_UE": "CAMPINAS", "endereco_geocode": "Campinas, SP, Brasil", "lat": -22.9056391, "lng": -47.059564 }, "geometry": { "type": "Point", "coordinates": [ -47.059564, -22.9056391 ] } },
{ "type": "Feature", "properties": { "NR_ZONA": "379", "NR_SECAO": "362", "NR_LOCAL_VOTACAO": "1368", "NM_UE": "CAMPINAS", "endereco_geocode": "Campinas, SP, Brasil", "lat": -22.9056391, "lng": -47.059564 }, "geometry": { "type": "Point", "coordinates": [ -47.059564, -22.9056391 ] } },
{ "type": "Feature", "properties": { "NR_ZONA": "379", "NR_SECAO": "1", "NR_LOCAL_VOTACAO": "1015", "NM_UE": "CAMPINAS", "endereco_geocode": "Campinas, SP, Brasil", "lat": -22.9056391, "lng": -47.059564 }, "geometry": { "type": "Point", "coordinates": [ -47.059564, -22.9056391 ] } },
{ "type": "Feature", "properties": { "NR_ZONA": "33", "NR_SECAO": "564", "NR_LOCAL_VOTACAO": "2399", "NM_UE": "CAMPINAS", "endereco_geocode": "Campinas, SP, Brasil", "lat": -22.9056391, "lng": -47.059564 }, "geometry": { "type": "Point", "coordinates": [ -47.059564, -22.9056391 ] } },
{ "type": "Feature", "properties": { "NR_ZONA": "379", "NR_SECAO": "258", "NR_LOCAL_VOTACAO": "1210", "NM_UE": "CAMPINAS", "endereco_geocode": "Campinas, SP, Brasil", "lat": -22.9056391, "lng": -47.059564 }, "geometry": { "type": "Point", "coordinates": [ -47.059564, -22.9056391 ] } },
{ "type": "Feature", "properties": { "NR_ZONA": "423", "NR_SECAO": "151", "NR_LOCAL_VOTACAO": "1155", "NM_UE": "CAMPINAS", "endereco_geocode": "Campinas, SP, Brasil", "lat": -22.9056391, "lng": -47.059564 }, "geometry": { "type": "Point", "coordinates": [ -47.059564, -22.9056391 ] } },
{ "type": "Feature", "properties": { "NR_ZONA": "275", "NR_SECAO": "238", "NR_LOCAL_VOTACAO": "1350", "NM_UE": "CAMPINAS", "endereco_geocode": "Campinas, SP, Brasil", "lat": -22.9056391, "lng": -47.059564 }, "geometry": { "type": "Point", "coordinates": [ -47.059564, -22.9056391 ] } },
{ "type": "Feature", "properties": { "NR_ZONA": "378", "NR_SECAO": "115", "NR_LOCAL_VOTACAO": "1082", "NM_UE": "CAMPINAS", "endereco_geocode": "Campinas, SP, Brasil", "lat": -22.9056391, "lng": -47.059564 }, "geometry": { "type": "Point", "coordinates": [ -47.059564, -22.9056391 ] } },
{ "type": "Feature", "properties": { "NR_ZONA": "274", "NR_SECAO": "789", "NR_LOCAL_VOTACAO": "2089", "NM_UE": "CAMPINAS", "endereco_geocode": "Campinas, SP, Brasil", "lat": -22.9056391, "lng": -47.059564 }, "geometry": { "type": "Point", "coordinates": [ -47.059564, -22.9056391 ] } },
{ "type": "Feature", "properties": { "NR_ZONA": "423", "NR_SECAO": "13", "NR_LOCAL_VOTACAO": "1015", "NM_UE": "CAMPINAS", "endereco_geocode": "Campinas, SP, Brasil", "lat": -22.9056391, "lng": -47.059564 }, "geometry": { "type": "Point", "coordinates": [ -47.059564, -22.9056391 ] } },
{ "type": "Feature", "properties": { "NR_ZONA": "378", "NR_SECAO": "66", "NR_LOCAL_VOTACAO": "1392", "NM_UE": "CAMPINAS", "endereco_geocode": "Campinas, SP, Brasil", "lat": -22.9056391, "lng": -47.059564 }, "geometry": { "type": "Point", "coordinates": [ -47.059564, -22.9056391 ] } },
{ "type": "Feature", "properties": { "NR_ZONA": "378", "NR_SECAO": "511", "NR_LOCAL_VOTACAO": "1490", "NM_UE": "CAMPINAS", "endereco_geocode": "Campinas, SP, Brasil", "lat": -22.9056391, "lng": -47.059564 }, "geometry": { "type": "Point", "coordinates": [ -47.059564, -22.9056391 ] } },
{ "type": "Feature", "properties": { "NR_ZONA": "275", "NR_SECAO": "27", "NR_LOCAL_VOTACAO": "1058", "NM_UE": "CAMPINAS", "endereco_geocode": "Campinas, SP, Brasil", "lat": -22.9056391, "lng": -47.059564 }, "geometry": { "type": "Point", "coordinates": [ -47.059564, -22.9056391 ] } },
{ "type": "Feature", "properties": { "NR_ZONA": "33", "NR_SECAO": "476", "NR_LOCAL_VOTACAO": "2313", "NM_UE": "CAMPINAS", "endereco_geocode": "Campinas, SP, Brasil", "lat": -22.9056391, "lng": -47.059564 }, "geometry": { "type": "Point", "coordinates": [ -47.059564, -22.9056391 ] } },
{ "type": "Feature", "properties": { "NR_ZONA": "275", "NR_SECAO": "611", "NR_LOCAL_VOTACAO": "1538", "NM_UE": "CAMPINAS", "endereco_geocode": "Campinas, SP, Brasil", "lat": -22.9056391, "lng": -47.059564 }, "geometry": { "type": "Point", "coordinates": [ -47.059564, -22.9056391 ] } },
{ "type": "Feature", "properties": { "NR_ZONA": "423", "NR_SECAO": "23", "NR_LOCAL_VOTACAO": "1023", "NM_UE": "CAMPINAS", "endereco_geocode": "Campinas, SP, Brasil", "lat": -22.9056391, "lng": -47.059564 }, "geometry": { "type": "Point", "coordinates": [ -47.059564, -22.9056391 ] } },
{ "type": "Feature", "properties": { "NR_ZONA": "379", "NR_SECAO": "402", "NR_LOCAL_VOTACAO": "1465", "NM_UE": "CAMPINAS", "endereco_geocode": "Campinas, SP, Brasil", "lat": -22.9056391, "lng": -47.059564 }, "geometry": { "type": "Point", "coordinates": [ -47.059564, -22.9056391 ] } },
{ "type": "Feature", "properties": { "NR_ZONA": "380", "NR_SECAO": "22", "NR_LOCAL_VOTACAO": "1120", "NM_UE": "CAMPINAS", "endereco_geocode": "Campinas, SP, Brasil", "lat": -22.9056391, "lng": -47.059564 }, "geometry": { "type": "Point", "coordinates": [ -47.059564, -22.9056391 ] } },
{ "type": "Feature", "properties": { "NR_ZONA": "378", "NR_SECAO": "205", "NR_LOCAL_VOTACAO": "1155", "NM_UE": "CAMPINAS", "endereco_geocode": "Campinas, SP, Brasil", "lat": -22.9056391, "lng": -47.059564 }, "geometry": { "type": "Point", "coordinates": [ -47.059564, -22.9056391 ] } },
{ "type": "Feature", "properties": { "NR_ZONA": "378", "NR_SECAO": "223", "NR_LOCAL_VOTACAO": "1309", "NM_UE": "CAMPINAS", "endereco_geocode": "Campinas, SP, Brasil", "lat": -22.9056391, "lng": -47.059564 }, "geometry": { "type": "Point", "coordinates": [ -47.059564, -22.9056391 ] } },
{ "type": "Feature", "properties": { "NR_ZONA": "275", "NR_SECAO": "303", "NR_LOCAL_VOTACAO": "1449", "NM_UE": "CAMPINAS", "endereco_geocode": "Campinas, SP, Brasil", "lat": -22.9056391, "lng": -47.059564 }, "geometry": { "type": "Point", "coordinates": [ -47.059564, -22.9056391 ] } },
{ "type": "Feature", "properties": { "NR_ZONA": "33", "NR_SECAO": "402", "NR_LOCAL_VOTACAO": "2259", "NM_UE": "CAMPINAS", "endereco_geocode": "Campinas, SP, Brasil", "lat": -22.9056391, "lng": -47.059564 }, "geometry": { "type": "Point", "coordinates": [ -47.059564, -22.9056391 ] } },
{ "type": "Feature", "properties": { "NR_ZONA": "423", "NR_SECAO": "262", "NR_LOCAL_VOTACAO": "1333", "NM_UE": "CAMPINAS", "endereco_geocode": "Campinas, SP, Brasil", "lat": -22.9056391, "lng": -47.059564 }, "geometry": { "type": "Point", "coordinates": [ -47.059564, -22.9056391 ] } },
{ "type": "Feature", "properties": { "NR_ZONA": "379", "NR_SECAO": "247", "NR_LOCAL_VOTACAO": "1228", "NM_UE": "CAMPINAS", "endereco_geocode": "Campinas, SP, Brasil", "lat": -22.9056391, "lng": -47.059564 }, "geometry": { "type": "Point", "coordinates": [ -47.059564, -22.9056391 ] } },
{ "type": "Feature", "properties": { "NR_ZONA": "378", "NR_SECAO": "276", "NR_LOCAL_VOTACAO": "1260", "NM_UE": "CAMPINAS", "endereco_geocode": "Campinas, SP, Brasil", "lat": -22.9056391, "lng": -47.059564 }, "geometry": { "type": "Point", "coordinates": [ -47.059564, -22.9056391 ] } },
{ "type": "Feature", "properties": { "NR_ZONA": "380", "NR_SECAO": "218", "NR_LOCAL_VOTACAO": "1422", "NM_UE": "CAMPINAS", "endereco_geocode": "Campinas, SP, Brasil", "lat": -22.9056391, "lng": -47.059564 }, "geometry": { "type": "Point", "coordinates": [ -47.059564, -22.9056391 ] } },
{ "type": "Feature", "properties": { "NR_ZONA": "33", "NR_SECAO": "565", "NR_LOCAL_VOTACAO": "2399", "NM_UE": "CAMPINAS", "endereco_geocode": "Campinas, SP, Brasil", "lat": -22.9056391, "lng": -47.059564 }, "geometry": { "type": "Point", "coordinates": [ -47.059564, -22.9056391 ] } },
{ "type": "Feature", "properties": { "NR_ZONA": "380", "NR_SECAO": "213", "NR_LOCAL_VOTACAO": "1414", "NM_UE": "CAMPINAS", "endereco_geocode": "Campinas, SP, Brasil", "lat": -22.9056391, "lng": -47.059564 }, "geometry": { "type": "Point", "coordinates": [ -47.059564, -22.9056391 ] } },
{ "type": "Feature", "properties": { "NR_ZONA": "423", "NR_SECAO": "308", "NR_LOCAL_VOTACAO": "1384", "NM_UE": "CAMPINAS", "endereco_geocode": "Campinas, SP, Brasil", "lat": -22.9056391, "lng": -47.059564 }, "geometry": { "type": "Point", "coordinates": [ -47.059564, -22.9056391 ] } },
{ "type": "Feature", "properties": { "NR_ZONA": "423", "NR_SECAO": "60", "NR_LOCAL_VOTACAO": "1066", "NM_UE": "CAMPINAS", "endereco_geocode": "Campinas, SP, Brasil", "lat": -22.9056391, "lng": -47.059564 }, "geometry": { "type": "Point", "coordinates": [ -47.059564, -22.9056391 ] } },
{ "type": "Feature", "properties": { "NR_ZONA": "379", "NR_SECAO": "59", "NR_LOCAL_VOTACAO": "1066", "NM_UE": "CAMPINAS", "endereco_geocode": "Campinas, SP, Brasil", "lat": -22.9056391, "lng": -47.059564 }, "geometry": { "type": "Point", "coordinates": [ -47.059564, -22.9056391 ] } },
{ "type": "Feature", "properties": { "NR_ZONA": "423", "NR_SECAO": "250", "NR_LOCAL_VOTACAO": "1244", "NM_UE": "CAMPINAS", "endereco_geocode": "Campinas, SP, Brasil", "lat": -22.9056391, "lng": -47.059564 }, "geometry": { "type": "Point", "coordinates": [ -47.059564, -22.9056391 ] } },
{ "type": "Feature", "properties": { "NR_ZONA": "423", "NR_SECAO": "62", "NR_LOCAL_VOTACAO": "1066", "NM_UE": "CAMPINAS", "endereco_geocode": "Campinas, SP, Brasil", "lat": -22.9056391, "lng": -47.059564 }, "geometry": { "type": "Point", "coordinates": [ -47.059564, -22.9056391 ] } },
{ "type": "Feature", "properties": { "NR_ZONA": "274", "NR_SECAO": "724", "NR_LOCAL_VOTACAO": "1996", "NM_UE": "CAMPINAS", "endereco_geocode": "Campinas, SP, Brasil", "lat": -22.9056391, "lng": -47.059564 }, "geometry": { "type": "Point", "coordinates": [ -47.059564, -22.9056391 ] } },
{ "type": "Feature", "properties": { "NR_ZONA": "423", "NR_SECAO": "197", "NR_LOCAL_VOTACAO": "1155", "NM_UE": "CAMPINAS", "endereco_geocode": "Campinas, SP, Brasil", "lat": -22.9056391, "lng": -47.059564 }, "geometry": { "type": "Point", "coordinates": [ -47.059564, -22.9056391 ] } },
{ "type": "Feature", "properties": { "NR_ZONA": "423", "NR_SECAO": "64", "NR_LOCAL_VOTACAO": "1066", "NM_UE": "CAMPINAS", "endereco_geocode": "Campinas, SP, Brasil", "lat": -22.9056391, "lng": -47.059564 }, "geometry": { "type": "Point", "coordinates": [ -47.059564, -22.9056391 ] } },
{ "type": "Feature", "properties": { "NR_ZONA": "274", "NR_SECAO": "264", "NR_LOCAL_VOTACAO": "1309", "NM_UE": "CAMPINAS", "endereco_geocode": "Campinas, SP, Brasil", "lat": -22.9056391, "lng": -47.059564 }, "geometry": { "type": "Point", "coordinates": [ -47.059564, -22.9056391 ] } },
{ "type": "Feature", "properties": { "NR_ZONA": "423", "NR_SECAO": "2", "NR_LOCAL_VOTACAO": "1015", "NM_UE": "CAMPINAS", "endereco_geocode": "Campinas, SP, Brasil", "lat": -22.9056391, "lng": -47.059564 }, "geometry": { "type": "Point", "coordinates": [ -47.059564, -22.9056391 ] } },
{ "type": "Feature", "properties": { "NR_ZONA": "378", "NR_SECAO": "250", "NR_LOCAL_VOTACAO": "1384", "NM_UE": "CAMPINAS", "endereco_geocode": "Campinas, SP, Brasil", "lat": -22.9056391, "lng": -47.059564 }, "geometry": { "type": "Point", "coordinates": [ -47.059564, -22.9056391 ] } },
{ "type": "Feature", "properties": { "NR_ZONA": "378", "NR_SECAO": "414", "NR_LOCAL_VOTACAO": "1490", "NM_UE": "CAMPINAS", "endereco_geocode": "Campinas, SP, Brasil", "lat": -22.9056391, "lng": -47.059564 }, "geometry": { "type": "Point", "coordinates": [ -47.059564, -22.9056391 ] } },
{ "type": "Feature", "properties": { "NR_ZONA": "378", "NR_SECAO": "348", "NR_LOCAL_VOTACAO": "1384", "NM_UE": "CAMPINAS", "endereco_geocode": "Campinas, SP, Brasil", "lat": -22.9056391, "lng": -47.059564 }, "geometry": { "type": "Point", "coordinates": [ -47.059564, -22.9056391 ] } },
{ "type": "Feature", "properties": { "NR_ZONA": "274", "NR_SECAO": "569", "NR_LOCAL_VOTACAO": "1759", "NM_UE": "CAMPINAS", "endereco_geocode": "Campinas, SP, Brasil", "lat": -22.9056391, "lng": -47.059564 }, "geometry": { "type": "Point", "coordinates": [ -47.059564, -22.9056391 ] } },
{ "type": "Feature", "properties": { "NR_ZONA": "423", "NR_SECAO": "83", "NR_LOCAL_VOTACAO": "1082", "NM_UE": "CAMPINAS", "endereco_geocode": "Campinas, SP, Brasil", "lat": -22.9056391, "lng": -47.059564 }, "geometry": { "type": "Point", "coordinates": [ -47.059564, -22.9056391 ] } },
{ "type": "Feature", "properties": { "NR_ZONA": "274", "NR_SECAO": "155", "NR_LOCAL_VOTACAO": "1198", "NM_UE": "CAMPINAS", "endereco_geocode": "Campinas, SP, Brasil", "lat": -22.9056391, "lng": -47.059564 }, "geometry": { "type": "Point", "coordinates": [ -47.059564, -22.9056391 ] } },
{ "type": "Feature", "properties": { "NR_ZONA": "274", "NR_SECAO": "390", "NR_LOCAL_VOTACAO": "1171", "NM_UE": "CAMPINAS", "endereco_geocode": "Campinas, SP, Brasil", "lat": -22.9056391, "lng": -47.059564 }, "geometry": { "type": "Point", "coordinates": [ -47.059564, -22.9056391 ] } },
{ "type": "Feature", "properties": { "NR_ZONA": "274", "NR_SECAO": "633", "NR_LOCAL_VOTACAO": "1872", "NM_UE": "CAMPINAS", "endereco_geocode": "Campinas, SP, Brasil", "lat": -22.9056391, "lng": -47.059564 }, "geometry": { "type": "Point", "coordinates": [ -47.059564, -22.9056391 ] } },
{ "type": "Feature", "properties": { "NR_ZONA": "274", "NR_SECAO": "623", "NR_LOCAL_VOTACAO": "1830", "NM_UE": "CAMPINAS", "endereco_geocode": "Campinas, SP, Brasil", "lat": -22.9056391, "lng": -47.059564 }, "geometry": { "type": "Point", "coordinates": [ -47.059564, -22.9056391 ] } },
{ "type": "Feature", "properties": { "NR_ZONA": "378", "NR_SECAO": "482", "NR_LOCAL_VOTACAO": "1155", "NM_UE": "CAMPINAS", "endereco_geocode": "Campinas, SP, Brasil", "lat": -22.9056391, "lng": -47.059564 }, "geometry": { "type": "Point", "coordinates": [ -47.059564, -22.9056391 ] } },
{ "type": "Feature", "properties": { "NR_ZONA": "379", "NR_SECAO": "7", "NR_LOCAL_VOTACAO": "1015", "NM_UE": "CAMPINAS", "endereco_geocode": "Campinas, SP, Brasil", "lat": -22.9056391, "lng": -47.059564 }, "geometry": { "type": "Point", "coordinates": [ -47.059564, -22.9056391 ] } },
{ "type": "Feature", "properties": { "NR_ZONA": "380", "NR_SECAO": "108", "NR_LOCAL_VOTACAO": "1295", "NM_UE": "CAMPINAS", "endereco_geocode": "Campinas, SP, Brasil", "lat": -22.9056391, "lng": -47.059564 }, "geometry": { "type": "Point", "coordinates": [ -47.059564, -22.9056391 ] } },
{ "type": "Feature", "properties": { "NR_ZONA": "275", "NR_SECAO": "459", "NR_LOCAL_VOTACAO": "1589", "NM_UE": "CAMPINAS", "endereco_geocode": "Campinas, SP, Brasil", "lat": -22.9056391, "lng": -47.059564 }, "geometry": { "type": "Point", "coordinates": [ -47.059564, -22.9056391 ] } },
{ "type": "Feature", "properties": { "NR_ZONA": "378", "NR_SECAO": "303", "NR_LOCAL_VOTACAO": "1376", "NM_UE": "CAMPINAS", "endereco_geocode": "Campinas, SP, Brasil", "lat": -22.9056391, "lng": -47.059564 }, "geometry": { "type": "Point", "coordinates": [ -47.059564, -22.9056391 ] } },
{ "type": "Feature", "properties": { "NR_ZONA": "378", "NR_SECAO": "571", "NR_LOCAL_VOTACAO": "1279", "NM_UE": "CAMPINAS", "endereco_geocode": "Campinas, SP, Brasil", "lat": -22.9056391, "lng": -47.059564 }, "geometry": { "type": "Point", "coordinates": [ -47.059564, -22.9056391 ] } },
{ "type": "Feature", "properties": { "NR_ZONA": "378", "NR_SECAO": "172", "NR_LOCAL_VOTACAO": "1171", "NM_UE": "CAMPINAS", "endereco_geocode": "Campinas, SP, Brasil", "lat": -22.9056391, "lng": -47.059564 }, "geometry": { "type": "Point", "coordinates": [ -47.059564, -22.9056391 ] } },
{ "type": "Feature", "properties": { "NR_ZONA": "379", "NR_SECAO": "182", "NR_LOCAL_VOTACAO": "1309", "NM_UE": "CAMPINAS", "endereco_geocode": "Campinas, SP, Brasil", "lat": -22.9056391, "lng": -47.059564 }, "geometry": { "type": "Point", "coordinates": [ -47.059564, -22.9056391 ] } },
{ "type": "Feature", "properties": { "NR_ZONA": "379", "NR_SECAO": "373", "NR_LOCAL_VOTACAO": "1465", "NM_UE": "CAMPINAS", "endereco_geocode": "Campinas, SP, Brasil", "lat": -22.9056391, "lng": -47.059564 }, "geometry": { "type": "Point", "coordinates": [ -47.059564, -22.9056391 ] } },
{ "type": "Feature", "properties": { "NR_ZONA": "33", "NR_SECAO": "83", "NR_LOCAL_VOTACAO": "1139", "NM_UE": "CAMPINAS", "endereco_geocode": "Campinas, SP, Brasil", "lat": -22.9056391, "lng": -47.059564 }, "geometry": { "type": "Point", "coordinates": [ -47.059564, -22.9056391 ] } },
{ "type": "Feature", "properties": { "NR_ZONA": "379", "NR_SECAO": "334", "NR_LOCAL_VOTACAO": "1244", "NM_UE": "CAMPINAS", "endereco_geocode": "Campinas, SP, Brasil", "lat": -22.9056391, "lng": -47.059564 }, "geometry": { "type": "Point", "coordinates": [ -47.059564, -22.9056391 ] } },
{ "type": "Feature", "properties": { "NR_ZONA": "380", "NR_SECAO": "251", "NR_LOCAL_VOTACAO": "1295", "NM_UE": "CAMPINAS", "endereco_geocode": "Campinas, SP, Brasil", "lat": -22.9056391, "lng": -47.059564 }, "geometry": { "type": "Point", "coordinates": [ -47.059564, -22.9056391 ] } },
{ "type": "Feature", "properties": { "NR_ZONA": "274", "NR_SECAO": "701", "NR_LOCAL_VOTACAO": "1961", "NM_UE": "CAMPINAS", "endereco_geocode": "Campinas, SP, Brasil", "lat": -22.9056391, "lng": -47.059564 }, "geometry": { "type": "Point", "coordinates": [ -47.059564, -22.9056391 ] } },
{ "type": "Feature", "properties": { "NR_ZONA": "275", "NR_SECAO": "479", "NR_LOCAL_VOTACAO": "1090", "NM_UE": "CAMPINAS", "endereco_geocode": "Campinas, SP, Brasil", "lat": -22.9056391, "lng": -47.059564 }, "geometry": { "type": "Point", "coordinates": [ -47.059564, -22.9056391 ] } },
{ "type": "Feature", "properties": { "NR_ZONA": "379", "NR_SECAO": "251", "NR_LOCAL_VOTACAO": "1210", "NM_UE": "CAMPINAS", "endereco_geocode": "Campinas, SP, Brasil", "lat": -22.9056391, "lng": -47.059564 }, "geometry": { "type": "Point", "coordinates": [ -47.059564, -22.9056391 ] } },
{ "type": "Feature", "properties": { "NR_ZONA": "379", "NR_SECAO": "235", "NR_LOCAL_VOTACAO": "1155", "NM_UE": "CAMPINAS", "endereco_geocode": "Campinas, SP, Brasil", "lat": -22.9056391, "lng": -47.059564 }, "geometry": { "type": "Point", "coordinates": [ -47.059564, -22.9056391 ] } },
{ "type": "Feature", "properties": { "NR_ZONA": "379", "NR_SECAO": "489", "NR_LOCAL_VOTACAO": "1554", "NM_UE": "CAMPINAS", "endereco_geocode": "Campinas, SP, Brasil", "lat": -22.9056391, "lng": -47.059564 }, "geometry": { "type": "Point", "coordinates": [ -47.059564, -22.9056391 ] } },
{ "type": "Feature", "properties": { "NR_ZONA": "378", "NR_SECAO": "377", "NR_LOCAL_VOTACAO": "1414", "NM_UE": "CAMPINAS", "endereco_geocode": "Campinas, SP, Brasil", "lat": -22.9056391, "lng": -47.059564 }, "geometry": { "type": "Point", "coordinates": [ -47.059564, -22.9056391 ] } },
{ "type": "Feature", "properties": { "NR_ZONA": "378", "NR_SECAO": "132", "NR_LOCAL_VOTACAO": "1104", "NM_UE": "CAMPINAS", "endereco_geocode": "Campinas, SP, Brasil", "lat": -22.9056391, "lng": -47.059564 }, "geometry": { "type": "Point", "coordinates": [ -47.059564, -22.9056391 ] } },
{ "type": "Feature", "properties": { "NR_ZONA": "423", "NR_SECAO": "306", "NR_LOCAL_VOTACAO": "1384", "NM_UE": "CAMPINAS", "endereco_geocode": "Campinas, SP, Brasil", "lat": -22.9056391, "lng": -47.059564 }, "geometry": { "type": "Point", "coordinates": [ -47.059564, -22.9056391 ] } },
{ "type": "Feature", "properties": { "NR_ZONA": "380", "NR_SECAO": "62", "NR_LOCAL_VOTACAO": "1163", "NM_UE": "CAMPINAS", "endereco_geocode": "Campinas, SP, Brasil", "lat": -22.9056391, "lng": -47.059564 }, "geometry": { "type": "Point", "coordinates": [ -47.059564, -22.9056391 ] } },
{ "type": "Feature", "properties": { "NR_ZONA": "33", "NR_SECAO": "294", "NR_LOCAL_VOTACAO": "2151", "NM_UE": "CAMPINAS", "endereco_geocode": "Campinas, SP, Brasil", "lat": -22.9056391, "lng": -47.059564 }, "geometry": { "type": "Point", "coordinates": [ -47.059564, -22.9056391 ] } },
{ "type": "Feature", "properties": { "NR_ZONA": "378", "NR_SECAO": "81", "NR_LOCAL_VOTACAO": "1058", "NM_UE": "CAMPINAS", "endereco_geocode": "Campinas, SP, Brasil", "lat": -22.9056391, "lng": -47.059564 }, "geometry": { "type": "Point", "coordinates": [ -47.059564, -22.9056391 ] } },
{ "type": "Feature", "properties": { "NR_ZONA": "378", "NR_SECAO": "533", "NR_LOCAL_VOTACAO": "1600", "NM_UE": "CAMPINAS", "endereco_geocode": "Campinas, SP, Brasil", "lat": -22.9056391, "lng": -47.059564 }, "geometry": { "type": "Point", "coordinates": [ -47.059564, -22.9056391 ] } },
{ "type": "Feature", "properties": { "NR_ZONA": "380", "NR_SECAO": "16", "NR_LOCAL_VOTACAO": "1112", "NM_UE": "CAMPINAS", "endereco_geocode": "Campinas, SP, Brasil", "lat": -22.9056391, "lng": -47.059564 }, "geometry": { "type": "Point", "coordinates": [ -47.059564, -22.9056391 ] } },
{ "type": "Feature", "properties": { "NR_ZONA": "380", "NR_SECAO": "197", "NR_LOCAL_VOTACAO": "1406", "NM_UE": "CAMPINAS", "endereco_geocode": "Campinas, SP, Brasil", "lat": -22.9056391, "lng": -47.059564 }, "geometry": { "type": "Point", "coordinates": [ -47.059564, -22.9056391 ] } },
{ "type": "Feature", "properties": { "NR_ZONA": "379", "NR_SECAO": "45", "NR_LOCAL_VOTACAO": "1058", "NM_UE": "CAMPINAS", "endereco_geocode": "Campinas, SP, Brasil", "lat": -22.9056391, "lng": -47.059564 }, "geometry": { "type": "Point", "coordinates": [ -47.059564, -22.9056391 ] } },
{ "type": "Feature", "properties": { "NR_ZONA": "379", "NR_SECAO": "26", "NR_LOCAL_VOTACAO": "1040", "NM_UE": "CAMPINAS", "endereco_geocode": "Campinas, SP, Brasil", "lat": -22.9056391, "lng": -47.059564 }, "geometry": { "type": "Point", "coordinates": [ -47.059564, -22.9056391 ] } },
{ "type": "Feature", "properties": { "NR_ZONA": "423", "NR_SECAO": "193", "NR_LOCAL_VOTACAO": "1120", "NM_UE": "CAMPINAS", "endereco_geocode": "Campinas, SP, Brasil", "lat": -22.9056391, "lng": -47.059564 }, "geometry": { "type": "Point", "coordinates": [ -47.059564, -22.9056391 ] } },
{ "type": "Feature", "properties": { "NR_ZONA": "379", "NR_SECAO": "283", "NR_LOCAL_VOTACAO": "1414", "NM_UE": "CAMPINAS", "endereco_geocode": "Campinas, SP, Brasil", "lat": -22.9056391, "lng": -47.059564 }, "geometry": { "type": "Point", "coordinates": [ -47.059564, -22.9056391 ] } },
{ "type": "Feature", "properties": { "NR_ZONA": "378", "NR_SECAO": "286", "NR_LOCAL_VOTACAO": "1406", "NM_UE": "CAMPINAS", "endereco_geocode": "Campinas, SP, Brasil", "lat": -22.9056391, "lng": -47.059564 }, "geometry": { "type": "Point", "coordinates": [ -47.059564, -22.9056391 ] } },
{ "type": "Feature", "properties": { "NR_ZONA": "378", "NR_SECAO": "53", "NR_LOCAL_VOTACAO": "1040", "NM_UE": "CAMPINAS", "endereco_geocode": "Campinas, SP, Brasil", "lat": -22.9056391, "lng": -47.059564 }, "geometry": { "type": "Point", "coordinates": [ -47.059564, -22.9056391 ] } },
{ "type": "Feature", "properties": { "NR_ZONA": "378", "NR_SECAO": "269", "NR_LOCAL_VOTACAO": "1406", "NM_UE": "CAMPINAS", "endereco_geocode": "Campinas, SP, Brasil", "lat": -22.9056391, "lng": -47.059564 }, "geometry": { "type": "Point", "coordinates": [ -47.059564, -22.9056391 ] } },
{ "type": "Feature", "properties": { "NR_ZONA": "274", "NR_SECAO": "538", "NR_LOCAL_VOTACAO": "1180", "NM_UE": "CAMPINAS", "endereco_geocode": "Campinas, SP, Brasil", "lat": -22.9056391, "lng": -47.059564 }, "geometry": { "type": "Point", "coordinates": [ -47.059564, -22.9056391 ] } },
{ "type": "Feature", "properties": { "NR_ZONA": "378", "NR_SECAO": "150", "NR_LOCAL_VOTACAO": "1112", "NM_UE": "CAMPINAS", "endereco_geocode": "Campinas, SP, Brasil", "lat": -22.9056391, "lng": -47.059564 }, "geometry": { "type": "Point", "coordinates": [ -47.059564, -22.9056391 ] } },
{ "type": "Feature", "properties": { "NR_ZONA": "378", "NR_SECAO": "445", "NR_LOCAL_VOTACAO": "1325", "NM_UE": "CAMPINAS", "endereco_geocode": "Campinas, SP, Brasil", "lat": -22.9056391, "lng": -47.059564 }, "geometry": { "type": "Point", "coordinates": [ -47.059564, -22.9056391 ] } },
{ "type": "Feature", "properties": { "NR_ZONA": "274", "NR_SECAO": "769", "NR_LOCAL_VOTACAO": "2062", "NM_UE": "CAMPINAS", "endereco_geocode": "Campinas, SP, Brasil", "lat": -22.9056391, "lng": -47.059564 }, "geometry": { "type": "Point", "coordinates": [ -47.059564, -22.9056391 ] } },
{ "type": "Feature", "properties": { "NR_ZONA": "33", "NR_SECAO": "419", "NR_LOCAL_VOTACAO": "2259", "NM_UE": "CAMPINAS", "endereco_geocode": "Campinas, SP, Brasil", "lat": -22.9056391, "lng": -47.059564 }, "geometry": { "type": "Point", "coordinates": [ -47.059564, -22.9056391 ] } },
{ "type": "Feature", "properties": { "NR_ZONA": "380", "NR_SECAO": "220", "NR_LOCAL_VOTACAO": "1422", "NM_UE": "CAMPINAS", "endereco_geocode": "Campinas, SP, Brasil", "lat": -22.9056391, "lng": -47.059564 }, "geometry": { "type": "Point", "coordinates": [ -47.059564, -22.9056391 ] } },
{ "type": "Feature", "properties": { "NR_ZONA": "380", "NR_SECAO": "33", "NR_LOCAL_VOTACAO": "1139", "NM_UE": "CAMPINAS", "endereco_geocode": "Campinas, SP, Brasil", "lat": -22.9056391, "lng": -47.059564 }, "geometry": { "type": "Point", "coordinates": [ -47.059564, -22.9056391 ] } },
{ "type": "Feature", "properties": { "NR_ZONA": "423", "NR_SECAO": "316", "NR_LOCAL_VOTACAO": "1414", "NM_UE": "CAMPINAS", "endereco_geocode": "Campinas, SP, Brasil", "lat": -22.9056391, "lng": -47.059564 }, "geometry": { "type": "Point", "coordinates": [ -47.059564, -22.9056391 ] } },
{ "type": "Feature", "properties": { "NR_ZONA": "33", "NR_SECAO": "529", "NR_LOCAL_VOTACAO": "2356", "NM_UE": "CAMPINAS", "endereco_geocode": "Campinas, SP, Brasil", "lat": -22.9056391, "lng": -47.059564 }, "geometry": { "type": "Point", "coordinates": [ -47.059564, -22.9056391 ] } },
{ "type": "Feature", "properties": { "NR_ZONA": "379", "NR_SECAO": "423", "NR_LOCAL_VOTACAO": "1449", "NM_UE": "CAMPINAS", "endereco_geocode": "Campinas, SP, Brasil", "lat": -22.9056391, "lng": -47.059564 }, "geometry": { "type": "Point", "coordinates": [ -47.059564, -22.9056391 ] } },
{ "type": "Feature", "properties": { "NR_ZONA": "274", "NR_SECAO": "540", "NR_LOCAL_VOTACAO": "1155", "NM_UE": "CAMPINAS", "endereco_geocode": "Campinas, SP, Brasil", "lat": -22.9056391, "lng": -47.059564 }, "geometry": { "type": "Point", "coordinates": [ -47.059564, -22.9056391 ] } },
{ "type": "Feature", "properties": { "NR_ZONA": "380", "NR_SECAO": "115", "NR_LOCAL_VOTACAO": "1309", "NM_UE": "CAMPINAS", "endereco_geocode": "Campinas, SP, Brasil", "lat": -22.9056391, "lng": -47.059564 }, "geometry": { "type": "Point", "coordinates": [ -47.059564, -22.9056391 ] } },
{ "type": "Feature", "properties": { "NR_ZONA": "379", "NR_SECAO": "452", "NR_LOCAL_VOTACAO": "1295", "NM_UE": "CAMPINAS", "endereco_geocode": "Campinas, SP, Brasil", "lat": -22.9056391, "lng": -47.059564 }, "geometry": { "type": "Point", "coordinates": [ -47.059564, -22.9056391 ] } },
{ "type": "Feature", "properties": { "NR_ZONA": "378", "NR_SECAO": "457", "NR_LOCAL_VOTACAO": "1422", "NM_UE": "CAMPINAS", "endereco_geocode": "Campinas, SP, Brasil", "lat": -22.9056391, "lng": -47.059564 }, "geometry": { "type": "Point", "coordinates": [ -47.059564, -22.9056391 ] } },
{ "type": "Feature", "properties": { "NR_ZONA": "274", "NR_SECAO": "734", "NR_LOCAL_VOTACAO": "2003", "NM_UE": "CAMPINAS", "endereco_geocode": "Campinas, SP, Brasil", "lat": -22.9056391, "lng": -47.059564 }, "geometry": { "type": "Point", "coordinates": [ -47.059564, -22.9056391 ] } },
{ "type": "Feature", "properties": { "NR_ZONA": "274", "NR_SECAO": "798", "NR_LOCAL_VOTACAO": "2097", "NM_UE": "CAMPINAS", "endereco_geocode": "Campinas, SP, Brasil", "lat": -22.9056391, "lng": -47.059564 }, "geometry": { "type": "Point", "coordinates": [ -47.059564, -22.9056391 ] } },
{ "type": "Feature", "properties": { "NR_ZONA": "33", "NR_SECAO": "356", "NR_LOCAL_VOTACAO": "1066", "NM_UE": "CAMPINAS", "endereco_geocode": "Campinas, SP, Brasil", "lat": -22.9056391, "lng": -47.059564 }, "geometry": { "type": "Point", "coordinates": [ -47.059564, -22.9056391 ] } },
{ "type": "Feature", "properties": { "NR_ZONA": "33", "NR_SECAO": "462", "NR_LOCAL_VOTACAO": "2291", "NM_UE": "CAMPINAS", "endereco_geocode": "Campinas, SP, Brasil", "lat": -22.9056391, "lng": -47.059564 }, "geometry": { "type": "Point", "coordinates": [ -47.059564, -22.9056391 ] } },
{ "type": "Feature", "properties": { "NR_ZONA": "274", "NR_SECAO": "771", "NR_LOCAL_VOTACAO": "2062", "NM_UE": "CAMPINAS", "endereco_geocode": "Campinas, SP, Brasil", "lat": -22.9056391, "lng": -47.059564 }, "geometry": { "type": "Point", "coordinates": [ -47.059564, -22.9056391 ] } },
{ "type": "Feature", "properties": { "NR_ZONA": "378", "NR_SECAO": "397", "NR_LOCAL_VOTACAO": "1520", "NM_UE": "CAMPINAS", "endereco_geocode": "Campinas, SP, Brasil", "lat": -22.9056391, "lng": -47.059564 }, "geometry": { "type": "Point", "coordinates": [ -47.059564, -22.9056391 ] } },
{ "type": "Feature", "properties": { "NR_ZONA": "274", "NR_SECAO": "634", "NR_LOCAL_VOTACAO": "1899", "NM_UE": "CAMPINAS", "endereco_geocode": "Campinas, SP, Brasil", "lat": -22.9056391, "lng": -47.059564 }, "geometry": { "type": "Point", "coordinates": [ -47.059564, -22.9056391 ] } },
{ "type": "Feature", "properties": { "NR_ZONA": "274", "NR_SECAO": "676", "NR_LOCAL_VOTACAO": "1929", "NM_UE": "CAMPINAS", "endereco_geocode": "Campinas, SP, Brasil", "lat": -22.9056391, "lng": -47.059564 }, "geometry": { "type": "Point", "coordinates": [ -47.059564, -22.9056391 ] } },
{ "type": "Feature", "properties": { "NR_ZONA": "423", "NR_SECAO": "36", "NR_LOCAL_VOTACAO": "1040", "NM_UE": "CAMPINAS", "endereco_geocode": "Campinas, SP, Brasil", "lat": -22.9056391, "lng": -47.059564 }, "geometry": { "type": "Point", "coordinates": [ -47.059564, -22.9056391 ] } },
{ "type": "Feature", "properties": { "NR_ZONA": "380", "NR_SECAO": "46", "NR_LOCAL_VOTACAO": "1147", "NM_UE": "CAMPINAS", "endereco_geocode": "Campinas, SP, Brasil", "lat": -22.9056391, "lng": -47.059564 }, "geometry": { "type": "Point", "coordinates": [ -47.059564, -22.9056391 ] } },
{ "type": "Feature", "properties": { "NR_ZONA": "380", "NR_SECAO": "160", "NR_LOCAL_VOTACAO": "1350", "NM_UE": "CAMPINAS", "endereco_geocode": "Campinas, SP, Brasil", "lat": -22.9056391, "lng": -47.059564 }, "geometry": { "type": "Point", "coordinates": [ -47.059564, -22.9056391 ] } },
{ "type": "Feature", "properties": { "NR_ZONA": "378", "NR_SECAO": "208", "NR_LOCAL_VOTACAO": "1376", "NM_UE": "CAMPINAS", "endereco_geocode": "Campinas, SP, Brasil", "lat": -22.9056391, "lng": -47.059564 }, "geometry": { "type": "Point", "coordinates": [ -47.059564, -22.9056391 ] } },
{ "type": "Feature", "properties": { "NR_ZONA": "378", "NR_SECAO": "429", "NR_LOCAL_VOTACAO": "1392", "NM_UE": "CAMPINAS", "endereco_geocode": "Campinas, SP, Brasil", "lat": -22.9056391, "lng": -47.059564 }, "geometry": { "type": "Point", "coordinates": [ -47.059564, -22.9056391 ] } },
{ "type": "Feature", "properties": { "NR_ZONA": "33", "NR_SECAO": "44", "NR_LOCAL_VOTACAO": "1074", "NM_UE": "CAMPINAS", "endereco_geocode": "Campinas, SP, Brasil", "lat": -22.9056391, "lng": -47.059564 }, "geometry": { "type": "Point", "coordinates": [ -47.059564, -22.9056391 ] } },
{ "type": "Feature", "properties": { "NR_ZONA": "33", "NR_SECAO": "504", "NR_LOCAL_VOTACAO": "2330", "NM_UE": "CAMPINAS", "endereco_geocode": "Campinas, SP, Brasil", "lat": -22.9056391, "lng": -47.059564 }, "geometry": { "type": "Point", "coordinates": [ -47.059564, -22.9056391 ] } },
{ "type": "Feature", "properties": { "NR_ZONA": "33", "NR_SECAO": "397", "NR_LOCAL_VOTACAO": "1120", "NM_UE": "CAMPINAS", "endereco_geocode": "Campinas, SP, Brasil", "lat": -22.9056391, "lng": -47.059564 }, "geometry": { "type": "Point", "coordinates": [ -47.059564, -22.9056391 ] } },
{ "type": "Feature", "properties": { "NR_ZONA": "423", "NR_SECAO": "6", "NR_LOCAL_VOTACAO": "1015", "NM_UE": "CAMPINAS", "endereco_geocode": "Campinas, SP, Brasil", "lat": -22.9056391, "lng": -47.059564 }, "geometry": { "type": "Point", "coordinates": [ -47.059564, -22.9056391 ] } },
{ "type": "Feature", "properties": { "NR_ZONA": "379", "NR_SECAO": "409", "NR_LOCAL_VOTACAO": "1449", "NM_UE": "CAMPINAS", "endereco_geocode": "Campinas, SP, Brasil", "lat": -22.9056391, "lng": -47.059564 }, "geometry": { "type": "Point", "coordinates": [ -47.059564, -22.9056391 ] } },
{ "type": "Feature", "properties": { "NR_ZONA": "274", "NR_SECAO": "730", "NR_LOCAL_VOTACAO": "1996", "NM_UE": "CAMPINAS", "endereco_geocode": "Campinas, SP, Brasil", "lat": -22.9056391, "lng": -47.059564 }, "geometry": { "type": "Point", "coordinates": [ -47.059564, -22.9056391 ] } },
{ "type": "Feature", "properties": { "NR_ZONA": "275", "NR_SECAO": "570", "NR_LOCAL_VOTACAO": "1910", "NM_UE": "CAMPINAS", "endereco_geocode": "Campinas, SP, Brasil", "lat": -22.9056391, "lng": -47.059564 }, "geometry": { "type": "Point", "coordinates": [ -47.059564, -22.9056391 ] } },
{ "type": "Feature", "properties": { "NR_ZONA": "379", "NR_SECAO": "186", "NR_LOCAL_VOTACAO": "1309", "NM_UE": "CAMPINAS", "endereco_geocode": "Campinas, SP, Brasil", "lat": -22.9056391, "lng": -47.059564 }, "geometry": { "type": "Point", "coordinates": [ -47.059564, -22.9056391 ] } },
{ "type": "Feature", "properties": { "NR_ZONA": "33", "NR_SECAO": "454", "NR_LOCAL_VOTACAO": "2291", "NM_UE": "CAMPINAS", "endereco_geocode": "Campinas, SP, Brasil", "lat": -22.9056391, "lng": -47.059564 }, "geometry": { "type": "Point", "coordinates": [ -47.059564, -22.9056391 ] } },
{ "type": "Feature", "properties": { "NR_ZONA": "380", "NR_SECAO": "280", "NR_LOCAL_VOTACAO": "1317", "NM_UE": "CAMPINAS", "endereco_geocode": "Campinas, SP, Brasil", "lat": -22.9056391, "lng": -47.059564 }, "geometry": { "type": "Point", "coordinates": [ -47.059564, -22.9056391 ] } },
{ "type": "Feature", "properties": { "NR_ZONA": "378", "NR_SECAO": "418", "NR_LOCAL_VOTACAO": "1554", "NM_UE": "CAMPINAS", "endereco_geocode": "Campinas, SP, Brasil", "lat": -22.9056391, "lng": -47.059564 }, "geometry": { "type": "Point", "coordinates": [ -47.059564, -22.9056391 ] } },
{ "type": "Feature", "properties": { "NR_ZONA": "379", "NR_SECAO": "304", "NR_LOCAL_VOTACAO": "1422", "NM_UE": "CAMPINAS", "endereco_geocode": "Campinas, SP, Brasil", "lat": -22.9056391, "lng": -47.059564 }, "geometry": { "type": "Point", "coordinates": [ -47.059564, -22.9056391 ] } },
{ "type": "Feature", "properties": { "NR_ZONA": "275", "NR_SECAO": "300", "NR_LOCAL_VOTACAO": "1449", "NM_UE": "CAMPINAS", "endereco_geocode": "Campinas, SP, Brasil", "lat": -22.9056391, "lng": -47.059564 }, "geometry": { "type": "Point", "coordinates": [ -47.059564, -22.9056391 ] } },
{ "type": "Feature", "properties": { "NR_ZONA": "379", "NR_SECAO": "455", "NR_LOCAL_VOTACAO": "1317", "NM_UE": "CAMPINAS", "endereco_geocode": "Campinas, SP, Brasil", "lat": -22.9056391, "lng": -47.059564 }, "geometry": { "type": "Point", "coordinates": [ -47.059564, -22.9056391 ] } },
{ "type": "Feature", "properties": { "NR_ZONA": "378", "NR_SECAO": "195", "NR_LOCAL_VOTACAO": "1287", "NM_UE": "CAMPINAS", "endereco_geocode": "Campinas, SP, Brasil", "lat": -22.9056391, "lng": -47.059564 }, "geometry": { "type": "Point", "coordinates": [ -47.059564, -22.9056391 ] } },
{ "type": "Feature", "properties": { "NR_ZONA": "380", "NR_SECAO": "104", "NR_LOCAL_VOTACAO": "1252", "NM_UE": "CAMPINAS", "endereco_geocode": "Campinas, SP, Brasil", "lat": -22.9056391, "lng": -47.059564 }, "geometry": { "type": "Point", "coordinates": [ -47.059564, -22.9056391 ] } },
{ "type": "Feature", "properties": { "NR_ZONA": "378", "NR_SECAO": "135", "NR_LOCAL_VOTACAO": "1104", "NM_UE": "CAMPINAS", "endereco_geocode": "Campinas, SP, Brasil", "lat": -22.9056391, "lng": -47.059564 }, "geometry": { "type": "Point", "coordinates": [ -47.059564, -22.9056391 ] } },
{ "type": "Feature", "properties": { "NR_ZONA": "275", "NR_SECAO": "383", "NR_LOCAL_VOTACAO": "1104", "NM_UE": "CAMPINAS", "endereco_geocode": "Campinas, SP, Brasil", "lat": -22.9056391, "lng": -47.059564 }, "geometry": { "type": "Point", "coordinates": [ -47.059564, -22.9056391 ] } },
{ "type": "Feature", "properties": { "NR_ZONA": "378", "NR_SECAO": "168", "NR_LOCAL_VOTACAO": "1155", "NM_UE": "CAMPINAS", "endereco_geocode": "Campinas, SP, Brasil", "lat": -22.9056391, "lng": -47.059564 }, "geometry": { "type": "Point", "coordinates": [ -47.059564, -22.9056391 ] } },
{ "type": "Feature", "properties": { "NR_ZONA": "33", "NR_SECAO": "87", "NR_LOCAL_VOTACAO": "1147", "NM_UE": "CAMPINAS", "endereco_geocode": "Campinas, SP, Brasil", "lat": -22.9056391, "lng": -47.059564 }, "geometry": { "type": "Point", "coordinates": [ -47.059564, -22.9056391 ] } },
{ "type": "Feature", "properties": { "NR_ZONA": "33", "NR_SECAO": "41", "NR_LOCAL_VOTACAO": "1066", "NM_UE": "CAMPINAS", "endereco_geocode": "Campinas, SP, Brasil", "lat": -22.9056391, "lng": -47.059564 }, "geometry": { "type": "Point", "coordinates": [ -47.059564, -22.9056391 ] } },
{ "type": "Feature", "properties": { "NR_ZONA": "274", "NR_SECAO": "115", "NR_LOCAL_VOTACAO": "1139", "NM_UE": "CAMPINAS", "endereco_geocode": "Campinas, SP, Brasil", "lat": -22.9056391, "lng": -47.059564 }, "geometry": { "type": "Point", "coordinates": [ -47.059564, -22.9056391 ] } },
{ "type": "Feature", "properties": { "NR_ZONA": "378", "NR_SECAO": "292", "NR_LOCAL_VOTACAO": "1198", "NM_UE": "CAMPINAS", "endereco_geocode": "Campinas, SP, Brasil", "lat": -22.9056391, "lng": -47.059564 }, "geometry": { "type": "Point", "coordinates": [ -47.059564, -22.9056391 ] } },
{ "type": "Feature", "properties": { "NR_ZONA": "378", "NR_SECAO": "395", "NR_LOCAL_VOTACAO": "1384", "NM_UE": "CAMPINAS", "endereco_geocode": "Campinas, SP, Brasil", "lat": -22.9056391, "lng": -47.059564 }, "geometry": { "type": "Point", "coordinates": [ -47.059564, -22.9056391 ] } },
{ "type": "Feature", "properties": { "NR_ZONA": "274", "NR_SECAO": "74", "NR_LOCAL_VOTACAO": "1082", "NM_UE": "CAMPINAS", "endereco_geocode": "Campinas, SP, Brasil", "lat": -22.9056391, "lng": -47.059564 }, "geometry": { "type": "Point", "coordinates": [ -47.059564, -22.9056391 ] } },
{ "type": "Feature", "properties": { "NR_ZONA": "274", "NR_SECAO": "368", "NR_LOCAL_VOTACAO": "1481", "NM_UE": "CAMPINAS", "endereco_geocode": "Campinas, SP, Brasil", "lat": -22.9056391, "lng": -47.059564 }, "geometry": { "type": "Point", "coordinates": [ -47.059564, -22.9056391 ] } },
{ "type": "Feature", "properties": { "NR_ZONA": "274", "NR_SECAO": "666", "NR_LOCAL_VOTACAO": "1090", "NM_UE": "CAMPINAS", "endereco_geocode": "Campinas, SP, Brasil", "lat": -22.9056391, "lng": -47.059564 }, "geometry": { "type": "Point", "coordinates": [ -47.059564, -22.9056391 ] } },
{ "type": "Feature", "properties": { "NR_ZONA": "274", "NR_SECAO": "590", "NR_LOCAL_VOTACAO": "1163", "NM_UE": "CAMPINAS", "endereco_geocode": "Campinas, SP, Brasil", "lat": -22.9056391, "lng": -47.059564 }, "geometry": { "type": "Point", "coordinates": [ -47.059564, -22.9056391 ] } },
{ "type": "Feature", "properties": { "NR_ZONA": "274", "NR_SECAO": "709", "NR_LOCAL_VOTACAO": "1988", "NM_UE": "CAMPINAS", "endereco_geocode": "Campinas, SP, Brasil", "lat": -22.9056391, "lng": -47.059564 }, "geometry": { "type": "Point", "coordinates": [ -47.059564, -22.9056391 ] } },
{ "type": "Feature", "properties": { "NR_ZONA": "274", "NR_SECAO": "266", "NR_LOCAL_VOTACAO": "1309", "NM_UE": "CAMPINAS", "endereco_geocode": "Campinas, SP, Brasil", "lat": -22.9056391, "lng": -47.059564 }, "geometry": { "type": "Point", "coordinates": [ -47.059564, -22.9056391 ] } },
{ "type": "Feature", "properties": { "NR_ZONA": "380", "NR_SECAO": "141", "NR_LOCAL_VOTACAO": "1333", "NM_UE": "CAMPINAS", "endereco_geocode": "Campinas, SP, Brasil", "lat": -22.9056391, "lng": -47.059564 }, "geometry": { "type": "Point", "coordinates": [ -47.059564, -22.9056391 ] } },
{ "type": "Feature", "properties": { "NR_ZONA": "380", "NR_SECAO": "338", "NR_LOCAL_VOTACAO": "1368", "NM_UE": "CAMPINAS", "endereco_geocode": "Campinas, SP, Brasil", "lat": -22.9056391, "lng": -47.059564 }, "geometry": { "type": "Point", "coordinates": [ -47.059564, -22.9056391 ] } },
{ "type": "Feature", "properties": { "NR_ZONA": "378", "NR_SECAO": "464", "NR_LOCAL_VOTACAO": "1414", "NM_UE": "CAMPINAS", "endereco_geocode": "Campinas, SP, Brasil", "lat": -22.9056391, "lng": -47.059564 }, "geometry": { "type": "Point", "coordinates": [ -47.059564, -22.9056391 ] } },
{ "type": "Feature", "properties": { "NR_ZONA": "274", "NR_SECAO": "673", "NR_LOCAL_VOTACAO": "1171", "NM_UE": "CAMPINAS", "endereco_geocode": "Campinas, SP, Brasil", "lat": -22.9056391, "lng": -47.059564 }, "geometry": { "type": "Point", "coordinates": [ -47.059564, -22.9056391 ] } },
{ "type": "Feature", "properties": { "NR_ZONA": "423", "NR_SECAO": "136", "NR_LOCAL_VOTACAO": "1139", "NM_UE": "CAMPINAS", "endereco_geocode": "Campinas, SP, Brasil", "lat": -22.9056391, "lng": -47.059564 }, "geometry": { "type": "Point", "coordinates": [ -47.059564, -22.9056391 ] } },
{ "type": "Feature", "properties": { "NR_ZONA": "379", "NR_SECAO": "397", "NR_LOCAL_VOTACAO": "1376", "NM_UE": "CAMPINAS", "endereco_geocode": "Campinas, SP, Brasil", "lat": -22.9056391, "lng": -47.059564 }, "geometry": { "type": "Point", "coordinates": [ -47.059564, -22.9056391 ] } },
{ "type": "Feature", "properties": { "NR_ZONA": "33", "NR_SECAO": "491", "NR_LOCAL_VOTACAO": "2321", "NM_UE": "CAMPINAS", "endereco_geocode": "Campinas, SP, Brasil", "lat": -22.9056391, "lng": -47.059564 }, "geometry": { "type": "Point", "coordinates": [ -47.059564, -22.9056391 ] } },
{ "type": "Feature", "properties": { "NR_ZONA": "380", "NR_SECAO": "239", "NR_LOCAL_VOTACAO": "1279", "NM_UE": "CAMPINAS", "endereco_geocode": "Campinas, SP, Brasil", "lat": -22.9056391, "lng": -47.059564 }, "geometry": { "type": "Point", "coordinates": [ -47.059564, -22.9056391 ] } },
{ "type": "Feature", "properties": { "NR_ZONA": "274", "NR_SECAO": "585", "NR_LOCAL_VOTACAO": "1724", "NM_UE": "CAMPINAS", "endereco_geocode": "Campinas, SP, Brasil", "lat": -22.9056391, "lng": -47.059564 }, "geometry": { "type": "Point", "coordinates": [ -47.059564, -22.9056391 ] } },
{ "type": "Feature", "properties": { "NR_ZONA": "378", "NR_SECAO": "300", "NR_LOCAL_VOTACAO": "1295", "NM_UE": "CAMPINAS", "endereco_geocode": "Campinas, SP, Brasil", "lat": -22.9056391, "lng": -47.059564 }, "geometry": { "type": "Point", "coordinates": [ -47.059564, -22.9056391 ] } },
{ "type": "Feature", "properties": { "NR_ZONA": "379", "NR_SECAO": "66", "NR_LOCAL_VOTACAO": "1074", "NM_UE": "CAMPINAS", "endereco_geocode": "Campinas, SP, Brasil", "lat": -22.9056391, "lng": -47.059564 }, "geometry": { "type": "Point", "coordinates": [ -47.059564, -22.9056391 ] } },
{ "type": "Feature", "properties": { "NR_ZONA": "275", "NR_SECAO": "643", "NR_LOCAL_VOTACAO": "1902", "NM_UE": "CAMPINAS", "endereco_geocode": "Campinas, SP, Brasil", "lat": -22.9056391, "lng": -47.059564 }, "geometry": { "type": "Point", "coordinates": [ -47.059564, -22.9056391 ] } },
{ "type": "Feature", "properties": { "NR_ZONA": "274", "NR_SECAO": "265", "NR_LOCAL_VOTACAO": "1309", "NM_UE": "CAMPINAS", "endereco_geocode": "Campinas, SP, Brasil", "lat": -22.9056391, "lng": -47.059564 }, "geometry": { "type": "Point", "coordinates": [ -47.059564, -22.9056391 ] } },
{ "type": "Feature", "properties": { "NR_ZONA": "274", "NR_SECAO": "477", "NR_LOCAL_VOTACAO": "1082", "NM_UE": "CAMPINAS", "endereco_geocode": "Campinas, SP, Brasil", "lat": -22.9056391, "lng": -47.059564 }, "geometry": { "type": "Point", "coordinates": [ -47.059564, -22.9056391 ] } },
{ "type": "Feature", "properties": { "NR_ZONA": "33", "NR_SECAO": "545", "NR_LOCAL_VOTACAO": "2364", "NM_UE": "CAMPINAS", "endereco_geocode": "Campinas, SP, Brasil", "lat": -22.9056391, "lng": -47.059564 }, "geometry": { "type": "Point", "coordinates": [ -47.059564, -22.9056391 ] } },
{ "type": "Feature", "properties": { "NR_ZONA": "275", "NR_SECAO": "384", "NR_LOCAL_VOTACAO": "1554", "NM_UE": "CAMPINAS", "endereco_geocode": "Campinas, SP, Brasil", "lat": -22.9056391, "lng": -47.059564 }, "geometry": { "type": "Point", "coordinates": [ -47.059564, -22.9056391 ] } },
{ "type": "Feature", "properties": { "NR_ZONA": "378", "NR_SECAO": "367", "NR_LOCAL_VOTACAO": "1422", "NM_UE": "CAMPINAS", "endereco_geocode": "Campinas, SP, Brasil", "lat": -22.9056391, "lng": -47.059564 }, "geometry": { "type": "Point", "coordinates": [ -47.059564, -22.9056391 ] } },
{ "type": "Feature", "properties": { "NR_ZONA": "378", "NR_SECAO": "182", "NR_LOCAL_VOTACAO": "1201", "NM_UE": "CAMPINAS", "endereco_geocode": "Campinas, SP, Brasil", "lat": -22.9056391, "lng": -47.059564 }, "geometry": { "type": "Point", "coordinates": [ -47.059564, -22.9056391 ] } },
{ "type": "Feature", "properties": { "NR_ZONA": "378", "NR_SECAO": "90", "NR_LOCAL_VOTACAO": "1074", "NM_UE": "CAMPINAS", "endereco_geocode": "Campinas, SP, Brasil", "lat": -22.9056391, "lng": -47.059564 }, "geometry": { "type": "Point", "coordinates": [ -47.059564, -22.9056391 ] } },
{ "type": "Feature", "properties": { "NR_ZONA": "378", "NR_SECAO": "254", "NR_LOCAL_VOTACAO": "1180", "NM_UE": "CAMPINAS", "endereco_geocode": "Campinas, SP, Brasil", "lat": -22.9056391, "lng": -47.059564 }, "geometry": { "type": "Point", "coordinates": [ -47.059564, -22.9056391 ] } },
{ "type": "Feature", "properties": { "NR_ZONA": "379", "NR_SECAO": "4", "NR_LOCAL_VOTACAO": "1015", "NM_UE": "CAMPINAS", "endereco_geocode": "Campinas, SP, Brasil", "lat": -22.9056391, "lng": -47.059564 }, "geometry": { "type": "Point", "coordinates": [ -47.059564, -22.9056391 ] } },
{ "type": "Feature", "properties": { "NR_ZONA": "423", "NR_SECAO": "213", "NR_LOCAL_VOTACAO": "1104", "NM_UE": "CAMPINAS", "endereco_geocode": "Campinas, SP, Brasil", "lat": -22.9056391, "lng": -47.059564 }, "geometry": { "type": "Point", "coordinates": [ -47.059564, -22.9056391 ] } },
{ "type": "Feature", "properties": { "NR_ZONA": "33", "NR_SECAO": "398", "NR_LOCAL_VOTACAO": "2135", "NM_UE": "CAMPINAS", "endereco_geocode": "Campinas, SP, Brasil", "lat": -22.9056391, "lng": -47.059564 }, "geometry": { "type": "Point", "coordinates": [ -47.059564, -22.9056391 ] } },
{ "type": "Feature", "properties": { "NR_ZONA": "423", "NR_SECAO": "327", "NR_LOCAL_VOTACAO": "1350", "NM_UE": "CAMPINAS", "endereco_geocode": "Campinas, SP, Brasil", "lat": -22.9056391, "lng": -47.059564 }, "geometry": { "type": "Point", "coordinates": [ -47.059564, -22.9056391 ] } },
{ "type": "Feature", "properties": { "NR_ZONA": "275", "NR_SECAO": "613", "NR_LOCAL_VOTACAO": "1104", "NM_UE": "CAMPINAS", "endereco_geocode": "Campinas, SP, Brasil", "lat": -22.9056391, "lng": -47.059564 }, "geometry": { "type": "Point", "coordinates": [ -47.059564, -22.9056391 ] } },
{ "type": "Feature", "properties": { "NR_ZONA": "274", "NR_SECAO": "622", "NR_LOCAL_VOTACAO": "1899", "NM_UE": "CAMPINAS", "endereco_geocode": "Campinas, SP, Brasil", "lat": -22.9056391, "lng": -47.059564 }, "geometry": { "type": "Point", "coordinates": [ -47.059564, -22.9056391 ] } },
{ "type": "Feature", "properties": { "NR_ZONA": "275", "NR_SECAO": "493", "NR_LOCAL_VOTACAO": "1724", "NM_UE": "CAMPINAS", "endereco_geocode": "Campinas, SP, Brasil", "lat": -22.9056391, "lng": -47.059564 }, "geometry": { "type": "Point", "coordinates": [ -47.059564, -22.9056391 ] } },
{ "type": "Feature", "properties": { "NR_ZONA": "423", "NR_SECAO": "166", "NR_LOCAL_VOTACAO": "1171", "NM_UE": "CAMPINAS", "endereco_geocode": "Campinas, SP, Brasil", "lat": -22.9056391, "lng": -47.059564 }, "geometry": { "type": "Point", "coordinates": [ -47.059564, -22.9056391 ] } },
{ "type": "Feature", "properties": { "NR_ZONA": "274", "NR_SECAO": "612", "NR_LOCAL_VOTACAO": "1872", "NM_UE": "CAMPINAS", "endereco_geocode": "Campinas, SP, Brasil", "lat": -22.9056391, "lng": -47.059564 }, "geometry": { "type": "Point", "coordinates": [ -47.059564, -22.9056391 ] } },
{ "type": "Feature", "properties": { "NR_ZONA": "33", "NR_SECAO": "465", "NR_LOCAL_VOTACAO": "2291", "NM_UE": "CAMPINAS", "endereco_geocode": "Campinas, SP, Brasil", "lat": -22.9056391, "lng": -47.059564 }, "geometry": { "type": "Point", "coordinates": [ -47.059564, -22.9056391 ] } },
{ "type": "Feature", "properties": { "NR_ZONA": "274", "NR_SECAO": "686", "NR_LOCAL_VOTACAO": "1961", "NM_UE": "CAMPINAS", "endereco_geocode": "Campinas, SP, Brasil", "lat": -22.9056391, "lng": -47.059564 }, "geometry": { "type": "Point", "coordinates": [ -47.059564, -22.9056391 ] } },
{ "type": "Feature", "properties": { "NR_ZONA": "423", "NR_SECAO": "274", "NR_LOCAL_VOTACAO": "1341", "NM_UE": "CAMPINAS", "endereco_geocode": "Campinas, SP, Brasil", "lat": -22.9056391, "lng": -47.059564 }, "geometry": { "type": "Point", "coordinates": [ -47.059564, -22.9056391 ] } },
{ "type": "Feature", "properties": { "NR_ZONA": "423", "NR_SECAO": "156", "NR_LOCAL_VOTACAO": "1155", "NM_UE": "CAMPINAS", "endereco_geocode": "Campinas, SP, Brasil", "lat": -22.9056391, "lng": -47.059564 }, "geometry": { "type": "Point", "coordinates": [ -47.059564, -22.9056391 ] } },
{ "type": "Feature", "properties": { "NR_ZONA": "274", "NR_SECAO": "147", "NR_LOCAL_VOTACAO": "1180", "NM_UE": "CAMPINAS", "endereco_geocode": "Campinas, SP, Brasil", "lat": -22.9056391, "lng": -47.059564 }, "geometry": { "type": "Point", "coordinates": [ -47.059564, -22.9056391 ] } },
{ "type": "Feature", "properties": { "NR_ZONA": "379", "NR_SECAO": "154", "NR_LOCAL_VOTACAO": "1244", "NM_UE": "CAMPINAS", "endereco_geocode": "Campinas, SP, Brasil", "lat": -22.9056391, "lng": -47.059564 }, "geometry": { "type": "Point", "coordinates": [ -47.059564, -22.9056391 ] } },
{ "type": "Feature", "properties": { "NR_ZONA": "378", "NR_SECAO": "59", "NR_LOCAL_VOTACAO": "1040", "NM_UE": "CAMPINAS", "endereco_geocode": "Campinas, SP, Brasil", "lat": -22.9056391, "lng": -47.059564 }, "geometry": { "type": "Point", "coordinates": [ -47.059564, -22.9056391 ] } },
{ "type": "Feature", "properties": { "NR_ZONA": "423", "NR_SECAO": "168", "NR_LOCAL_VOTACAO": "1171", "NM_UE": "CAMPINAS", "endereco_geocode": "Campinas, SP, Brasil", "lat": -22.9056391, "lng": -47.059564 }, "geometry": { "type": "Point", "coordinates": [ -47.059564, -22.9056391 ] } },
{ "type": "Feature", "properties": { "NR_ZONA": "423", "NR_SECAO": "317", "NR_LOCAL_VOTACAO": "1414", "NM_UE": "CAMPINAS", "endereco_geocode": "Campinas, SP, Brasil", "lat": -22.9056391, "lng": -47.059564 }, "geometry": { "type": "Point", "coordinates": [ -47.059564, -22.9056391 ] } },
{ "type": "Feature", "properties": { "NR_ZONA": "423", "NR_SECAO": "134", "NR_LOCAL_VOTACAO": "1139", "NM_UE": "CAMPINAS", "endereco_geocode": "Campinas, SP, Brasil", "lat": -22.9056391, "lng": -47.059564 }, "geometry": { "type": "Point", "coordinates": [ -47.059564, -22.9056391 ] } },
{ "type": "Feature", "properties": { "NR_ZONA": "423", "NR_SECAO": "88", "NR_LOCAL_VOTACAO": "1090", "NM_UE": "CAMPINAS", "endereco_geocode": "Campinas, SP, Brasil", "lat": -22.9056391, "lng": -47.059564 }, "geometry": { "type": "Point", "coordinates": [ -47.059564, -22.9056391 ] } },
{ "type": "Feature", "properties": { "NR_ZONA": "380", "NR_SECAO": "255", "NR_LOCAL_VOTACAO": "1090", "NM_UE": "CAMPINAS", "endereco_geocode": "Campinas, SP, Brasil", "lat": -22.9056391, "lng": -47.059564 }, "geometry": { "type": "Point", "coordinates": [ -47.059564, -22.9056391 ] } },
{ "type": "Feature", "properties": { "NR_ZONA": "380", "NR_SECAO": "181", "NR_LOCAL_VOTACAO": "1392", "NM_UE": "CAMPINAS", "endereco_geocode": "Campinas, SP, Brasil", "lat": -22.9056391, "lng": -47.059564 }, "geometry": { "type": "Point", "coordinates": [ -47.059564, -22.9056391 ] } },
{ "type": "Feature", "properties": { "NR_ZONA": "275", "NR_SECAO": "580", "NR_LOCAL_VOTACAO": "1899", "NM_UE": "CAMPINAS", "endereco_geocode": "Campinas, SP, Brasil", "lat": -22.9056391, "lng": -47.059564 }, "geometry": { "type": "Point", "coordinates": [ -47.059564, -22.9056391 ] } },
{ "type": "Feature", "properties": { "NR_ZONA": "423", "NR_SECAO": "67", "NR_LOCAL_VOTACAO": "1074", "NM_UE": "CAMPINAS", "endereco_geocode": "Campinas, SP, Brasil", "lat": -22.9056391, "lng": -47.059564 }, "geometry": { "type": "Point", "coordinates": [ -47.059564, -22.9056391 ] } },
{ "type": "Feature", "properties": { "NR_ZONA": "423", "NR_SECAO": "55", "NR_LOCAL_VOTACAO": "1066", "NM_UE": "CAMPINAS", "endereco_geocode": "Campinas, SP, Brasil", "lat": -22.9056391, "lng": -47.059564 }, "geometry": { "type": "Point", "coordinates": [ -47.059564, -22.9056391 ] } },
{ "type": "Feature", "properties": { "NR_ZONA": "380", "NR_SECAO": "8", "NR_LOCAL_VOTACAO": "1104", "NM_UE": "CAMPINAS", "endereco_geocode": "Campinas, SP, Brasil", "lat": -22.9056391, "lng": -47.059564 }, "geometry": { "type": "Point", "coordinates": [ -47.059564, -22.9056391 ] } },
{ "type": "Feature", "properties": { "NR_ZONA": "275", "NR_SECAO": "351", "NR_LOCAL_VOTACAO": "1104", "NM_UE": "CAMPINAS", "endereco_geocode": "Campinas, SP, Brasil", "lat": -22.9056391, "lng": -47.059564 }, "geometry": { "type": "Point", "coordinates": [ -47.059564, -22.9056391 ] } },
{ "type": "Feature", "properties": { "NR_ZONA": "274", "NR_SECAO": "110", "NR_LOCAL_VOTACAO": "1139", "NM_UE": "CAMPINAS", "endereco_geocode": "Campinas, SP, Brasil", "lat": -22.9056391, "lng": -47.059564 }, "geometry": { "type": "Point", "coordinates": [ -47.059564, -22.9056391 ] } },
{ "type": "Feature", "properties": { "NR_ZONA": "378", "NR_SECAO": "146", "NR_LOCAL_VOTACAO": "1112", "NM_UE": "CAMPINAS", "endereco_geocode": "Campinas, SP, Brasil", "lat": -22.9056391, "lng": -47.059564 }, "geometry": { "type": "Point", "coordinates": [ -47.059564, -22.9056391 ] } },
{ "type": "Feature", "properties": { "NR_ZONA": "275", "NR_SECAO": "53", "NR_LOCAL_VOTACAO": "1104", "NM_UE": "CAMPINAS", "endereco_geocode": "Campinas, SP, Brasil", "lat": -22.9056391, "lng": -47.059564 }, "geometry": { "type": "Point", "coordinates": [ -47.059564, -22.9056391 ] } },
{ "type": "Feature", "properties": { "NR_ZONA": "380", "NR_SECAO": "192", "NR_LOCAL_VOTACAO": "1392", "NM_UE": "CAMPINAS", "endereco_geocode": "Campinas, SP, Brasil", "lat": -22.9056391, "lng": -47.059564 }, "geometry": { "type": "Point", "coordinates": [ -47.059564, -22.9056391 ] } },
{ "type": "Feature", "properties": { "NR_ZONA": "423", "NR_SECAO": "311", "NR_LOCAL_VOTACAO": "1392", "NM_UE": "CAMPINAS", "endereco_geocode": "Campinas, SP, Brasil", "lat": -22.9056391, "lng": -47.059564 }, "geometry": { "type": "Point", "coordinates": [ -47.059564, -22.9056391 ] } },
{ "type": "Feature", "properties": { "NR_ZONA": "380", "NR_SECAO": "349", "NR_LOCAL_VOTACAO": "1287", "NM_UE": "CAMPINAS", "endereco_geocode": "Campinas, SP, Brasil", "lat": -22.9056391, "lng": -47.059564 }, "geometry": { "type": "Point", "coordinates": [ -47.059564, -22.9056391 ] } },
{ "type": "Feature", "properties": { "NR_ZONA": "379", "NR_SECAO": "250", "NR_LOCAL_VOTACAO": "1325", "NM_UE": "CAMPINAS", "endereco_geocode": "Campinas, SP, Brasil", "lat": -22.9056391, "lng": -47.059564 }, "geometry": { "type": "Point", "coordinates": [ -47.059564, -22.9056391 ] } },
{ "type": "Feature", "properties": { "NR_ZONA": "378", "NR_SECAO": "149", "NR_LOCAL_VOTACAO": "1112", "NM_UE": "CAMPINAS", "endereco_geocode": "Campinas, SP, Brasil", "lat": -22.9056391, "lng": -47.059564 }, "geometry": { "type": "Point", "coordinates": [ -47.059564, -22.9056391 ] } },
{ "type": "Feature", "properties": { "NR_ZONA": "33", "NR_SECAO": "539", "NR_LOCAL_VOTACAO": "2364", "NM_UE": "CAMPINAS", "endereco_geocode": "Campinas, SP, Brasil", "lat": -22.9056391, "lng": -47.059564 }, "geometry": { "type": "Point", "coordinates": [ -47.059564, -22.9056391 ] } },
{ "type": "Feature", "properties": { "NR_ZONA": "33", "NR_SECAO": "537", "NR_LOCAL_VOTACAO": "2364", "NM_UE": "CAMPINAS", "endereco_geocode": "Campinas, SP, Brasil", "lat": -22.9056391, "lng": -47.059564 }, "geometry": { "type": "Point", "coordinates": [ -47.059564, -22.9056391 ] } },
{ "type": "Feature", "properties": { "NR_ZONA": "33", "NR_SECAO": "300", "NR_LOCAL_VOTACAO": "1066", "NM_UE": "CAMPINAS", "endereco_geocode": "Campinas, SP, Brasil", "lat": -22.9056391, "lng": -47.059564 }, "geometry": { "type": "Point", "coordinates": [ -47.059564, -22.9056391 ] } },
{ "type": "Feature", "properties": { "NR_ZONA": "379", "NR_SECAO": "13", "NR_LOCAL_VOTACAO": "1015", "NM_UE": "CAMPINAS", "endereco_geocode": "Campinas, SP, Brasil", "lat": -22.9056391, "lng": -47.059564 }, "geometry": { "type": "Point", "coordinates": [ -47.059564, -22.9056391 ] } },
{ "type": "Feature", "properties": { "NR_ZONA": "423", "NR_SECAO": "124", "NR_LOCAL_VOTACAO": "1120", "NM_UE": "CAMPINAS", "endereco_geocode": "Campinas, SP, Brasil", "lat": -22.9056391, "lng": -47.059564 }, "geometry": { "type": "Point", "coordinates": [ -47.059564, -22.9056391 ] } },
{ "type": "Feature", "properties": { "NR_ZONA": "378", "NR_SECAO": "474", "NR_LOCAL_VOTACAO": "1384", "NM_UE": "CAMPINAS", "endereco_geocode": "Campinas, SP, Brasil", "lat": -22.9056391, "lng": -47.059564 }, "geometry": { "type": "Point", "coordinates": [ -47.059564, -22.9056391 ] } },
{ "type": "Feature", "properties": { "NR_ZONA": "378", "NR_SECAO": "373", "NR_LOCAL_VOTACAO": "1430", "NM_UE": "CAMPINAS", "endereco_geocode": "Campinas, SP, Brasil", "lat": -22.9056391, "lng": -47.059564 }, "geometry": { "type": "Point", "coordinates": [ -47.059564, -22.9056391 ] } },
{ "type": "Feature", "properties": { "NR_ZONA": "378", "NR_SECAO": "111", "NR_LOCAL_VOTACAO": "1082", "NM_UE": "CAMPINAS", "endereco_geocode": "Campinas, SP, Brasil", "lat": -22.9056391, "lng": -47.059564 }, "geometry": { "type": "Point", "coordinates": [ -47.059564, -22.9056391 ] } },
{ "type": "Feature", "properties": { "NR_ZONA": "378", "NR_SECAO": "509", "NR_LOCAL_VOTACAO": "1660", "NM_UE": "CAMPINAS", "endereco_geocode": "Campinas, SP, Brasil", "lat": -22.9056391, "lng": -47.059564 }, "geometry": { "type": "Point", "coordinates": [ -47.059564, -22.9056391 ] } },
{ "type": "Feature", "properties": { "NR_ZONA": "275", "NR_SECAO": "184", "NR_LOCAL_VOTACAO": "1295", "NM_UE": "CAMPINAS", "endereco_geocode": "Campinas, SP, Brasil", "lat": -22.9056391, "lng": -47.059564 }, "geometry": { "type": "Point", "coordinates": [ -47.059564, -22.9056391 ] } },
{ "type": "Feature", "properties": { "NR_ZONA": "274", "NR_SECAO": "144", "NR_LOCAL_VOTACAO": "1171", "NM_UE": "CAMPINAS", "endereco_geocode": "Campinas, SP, Brasil", "lat": -22.9056391, "lng": -47.059564 }, "geometry": { "type": "Point", "coordinates": [ -47.059564, -22.9056391 ] } },
{ "type": "Feature", "properties": { "NR_ZONA": "379", "NR_SECAO": "42", "NR_LOCAL_VOTACAO": "1058", "NM_UE": "CAMPINAS", "endereco_geocode": "Campinas, SP, Brasil", "lat": -22.9056391, "lng": -47.059564 }, "geometry": { "type": "Point", "coordinates": [ -47.059564, -22.9056391 ] } },
{ "type": "Feature", "properties": { "NR_ZONA": "380", "NR_SECAO": "123", "NR_LOCAL_VOTACAO": "1317", "NM_UE": "CAMPINAS", "endereco_geocode": "Campinas, SP, Brasil", "lat": -22.9056391, "lng": -47.059564 }, "geometry": { "type": "Point", "coordinates": [ -47.059564, -22.9056391 ] } },
{ "type": "Feature", "properties": { "NR_ZONA": "274", "NR_SECAO": "632", "NR_LOCAL_VOTACAO": "1899", "NM_UE": "CAMPINAS", "endereco_geocode": "Campinas, SP, Brasil", "lat": -22.9056391, "lng": -47.059564 }, "geometry": { "type": "Point", "coordinates": [ -47.059564, -22.9056391 ] } },
{ "type": "Feature", "properties": { "NR_ZONA": "380", "NR_SECAO": "353", "NR_LOCAL_VOTACAO": "1279", "NM_UE": "CAMPINAS", "endereco_geocode": "Campinas, SP, Brasil", "lat": -22.9056391, "lng": -47.059564 }, "geometry": { "type": "Point", "coordinates": [ -47.059564, -22.9056391 ] } },
{ "type": "Feature", "properties": { "NR_ZONA": "33", "NR_SECAO": "258", "NR_LOCAL_VOTACAO": "1201", "NM_UE": "CAMPINAS", "endereco_geocode": "Campinas, SP, Brasil", "lat": -22.9056391, "lng": -47.059564 }, "geometry": { "type": "Point", "coordinates": [ -47.059564, -22.9056391 ] } },
{ "type": "Feature", "properties": { "NR_ZONA": "379", "NR_SECAO": "15", "NR_LOCAL_VOTACAO": "1023", "NM_UE": "CAMPINAS", "endereco_geocode": "Campinas, SP, Brasil", "lat": -22.9056391, "lng": -47.059564 }, "geometry": { "type": "Point", "coordinates": [ -47.059564, -22.9056391 ] } },
{ "type": "Feature", "properties": { "NR_ZONA": "33", "NR_SECAO": "63", "NR_LOCAL_VOTACAO": "1090", "NM_UE": "CAMPINAS", "endereco_geocode": "Campinas, SP, Brasil", "lat": -22.9056391, "lng": -47.059564 }, "geometry": { "type": "Point", "coordinates": [ -47.059564, -22.9056391 ] } },
{ "type": "Feature", "properties": { "NR_ZONA": "275", "NR_SECAO": "111", "NR_LOCAL_VOTACAO": "1198", "NM_UE": "CAMPINAS", "endereco_geocode": "Campinas, SP, Brasil", "lat": -22.9056391, "lng": -47.059564 }, "geometry": { "type": "Point", "coordinates": [ -47.059564, -22.9056391 ] } },
{ "type": "Feature", "properties": { "NR_ZONA": "274", "NR_SECAO": "644", "NR_LOCAL_VOTACAO": "1830", "NM_UE": "CAMPINAS", "endereco_geocode": "Campinas, SP, Brasil", "lat": -22.9056391, "lng": -47.059564 }, "geometry": { "type": "Point", "coordinates": [ -47.059564, -22.9056391 ] } },
{ "type": "Feature", "properties": { "NR_ZONA": "33", "NR_SECAO": "344", "NR_LOCAL_VOTACAO": "1040", "NM_UE": "CAMPINAS", "endereco_geocode": "Campinas, SP, Brasil", "lat": -22.9056391, "lng": -47.059564 }, "geometry": { "type": "Point", "coordinates": [ -47.059564, -22.9056391 ] } },
{ "type": "Feature", "properties": { "NR_ZONA": "275", "NR_SECAO": "515", "NR_LOCAL_VOTACAO": "1880", "NM_UE": "CAMPINAS", "endereco_geocode": "Campinas, SP, Brasil", "lat": -22.9056391, "lng": -47.059564 }, "geometry": { "type": "Point", "coordinates": [ -47.059564, -22.9056391 ] } },
{ "type": "Feature", "properties": { "NR_ZONA": "423", "NR_SECAO": "178", "NR_LOCAL_VOTACAO": "1198", "NM_UE": "CAMPINAS", "endereco_geocode": "Campinas, SP, Brasil", "lat": -22.9056391, "lng": -47.059564 }, "geometry": { "type": "Point", "coordinates": [ -47.059564, -22.9056391 ] } },
{ "type": "Feature", "properties": { "NR_ZONA": "378", "NR_SECAO": "125", "NR_LOCAL_VOTACAO": "1090", "NM_UE": "CAMPINAS", "endereco_geocode": "Campinas, SP, Brasil", "lat": -22.9056391, "lng": -47.059564 }, "geometry": { "type": "Point", "coordinates": [ -47.059564, -22.9056391 ] } },
{ "type": "Feature", "properties": { "NR_ZONA": "378", "NR_SECAO": "499", "NR_LOCAL_VOTACAO": "1163", "NM_UE": "CAMPINAS", "endereco_geocode": "Campinas, SP, Brasil", "lat": -22.9056391, "lng": -47.059564 }, "geometry": { "type": "Point", "coordinates": [ -47.059564, -22.9056391 ] } },
{ "type": "Feature", "properties": { "NR_ZONA": "33", "NR_SECAO": "446", "NR_LOCAL_VOTACAO": "2283", "NM_UE": "CAMPINAS", "endereco_geocode": "Campinas, SP, Brasil", "lat": -22.9056391, "lng": -47.059564 }, "geometry": { "type": "Point", "coordinates": [ -47.059564, -22.9056391 ] } },
{ "type": "Feature", "properties": { "NR_ZONA": "274", "NR_SECAO": "417", "NR_LOCAL_VOTACAO": "1171", "NM_UE": "CAMPINAS", "endereco_geocode": "Campinas, SP, Brasil", "lat": -22.9056391, "lng": -47.059564 }, "geometry": { "type": "Point", "coordinates": [ -47.059564, -22.9056391 ] } },
{ "type": "Feature", "properties": { "NR_ZONA": "379", "NR_SECAO": "310", "NR_LOCAL_VOTACAO": "1252", "NM_UE": "CAMPINAS", "endereco_geocode": "Campinas, SP, Brasil", "lat": -22.9056391, "lng": -47.059564 }, "geometry": { "type": "Point", "coordinates": [ -47.059564, -22.9056391 ] } },
{ "type": "Feature", "properties": { "NR_ZONA": "378", "NR_SECAO": "314", "NR_LOCAL_VOTACAO": "1422", "NM_UE": "CAMPINAS", "endereco_geocode": "Campinas, SP, Brasil", "lat": -22.9056391, "lng": -47.059564 }, "geometry": { "type": "Point", "coordinates": [ -47.059564, -22.9056391 ] } },
{ "type": "Feature", "properties": { "NR_ZONA": "379", "NR_SECAO": "302", "NR_LOCAL_VOTACAO": "1252", "NM_UE": "CAMPINAS", "endereco_geocode": "Campinas, SP, Brasil", "lat": -22.9056391, "lng": -47.059564 }, "geometry": { "type": "Point", "coordinates": [ -47.059564, -22.9056391 ] } },
{ "type": "Feature", "properties": { "NR_ZONA": "379", "NR_SECAO": "270", "NR_LOCAL_VOTACAO": "1201", "NM_UE": "CAMPINAS", "endereco_geocode": "Campinas, SP, Brasil", "lat": -22.9056391, "lng": -47.059564 }, "geometry": { "type": "Point", "coordinates": [ -47.059564, -22.9056391 ] } },
{ "type": "Feature", "properties": { "NR_ZONA": "378", "NR_SECAO": "437", "NR_LOCAL_VOTACAO": "1597", "NM_UE": "CAMPINAS", "endereco_geocode": "Campinas, SP, Brasil", "lat": -22.9056391, "lng": -47.059564 }, "geometry": { "type": "Point", "coordinates": [ -47.059564, -22.9056391 ] } },
{ "type": "Feature", "properties": { "NR_ZONA": "275", "NR_SECAO": "233", "NR_LOCAL_VOTACAO": "1350", "NM_UE": "CAMPINAS", "endereco_geocode": "Campinas, SP, Brasil", "lat": -22.9056391, "lng": -47.059564 }, "geometry": { "type": "Point", "coordinates": [ -47.059564, -22.9056391 ] } },
{ "type": "Feature", "properties": { "NR_ZONA": "275", "NR_SECAO": "599", "NR_LOCAL_VOTACAO": "1104", "NM_UE": "CAMPINAS", "endereco_geocode": "Campinas, SP, Brasil", "lat": -22.9056391, "lng": -47.059564 }, "geometry": { "type": "Point", "coordinates": [ -47.059564, -22.9056391 ] } },
{ "type": "Feature", "properties": { "NR_ZONA": "275", "NR_SECAO": "618", "NR_LOCAL_VOTACAO": "1104", "NM_UE": "CAMPINAS", "endereco_geocode": "Campinas, SP, Brasil", "lat": -22.9056391, "lng": -47.059564 }, "geometry": { "type": "Point", "coordinates": [ -47.059564, -22.9056391 ] } },
{ "type": "Feature", "properties": { "NR_ZONA": "378", "NR_SECAO": "393", "NR_LOCAL_VOTACAO": "1406", "NM_UE": "CAMPINAS", "endereco_geocode": "Campinas, SP, Brasil", "lat": -22.9056391, "lng": -47.059564 }, "geometry": { "type": "Point", "coordinates": [ -47.059564, -22.9056391 ] } },
{ "type": "Feature", "properties": { "NR_ZONA": "33", "NR_SECAO": "80", "NR_LOCAL_VOTACAO": "1139", "NM_UE": "CAMPINAS", "endereco_geocode": "Campinas, SP, Brasil", "lat": -22.9056391, "lng": -47.059564 }, "geometry": { "type": "Point", "coordinates": [ -47.059564, -22.9056391 ] } },
{ "type": "Feature", "properties": { "NR_ZONA": "275", "NR_SECAO": "376", "NR_LOCAL_VOTACAO": "1309", "NM_UE": "CAMPINAS", "endereco_geocode": "Campinas, SP, Brasil", "lat": -22.9056391, "lng": -47.059564 }, "geometry": { "type": "Point", "coordinates": [ -47.059564, -22.9056391 ] } },
{ "type": "Feature", "properties": { "NR_ZONA": "379", "NR_SECAO": "348", "NR_LOCAL_VOTACAO": "1414", "NM_UE": "CAMPINAS", "endereco_geocode": "Campinas, SP, Brasil", "lat": -22.9056391, "lng": -47.059564 }, "geometry": { "type": "Point", "coordinates": [ -47.059564, -22.9056391 ] } },
{ "type": "Feature", "properties": { "NR_ZONA": "274", "NR_SECAO": "650", "NR_LOCAL_VOTACAO": "1724", "NM_UE": "CAMPINAS", "endereco_geocode": "Campinas, SP, Brasil", "lat": -22.9056391, "lng": -47.059564 }, "geometry": { "type": "Point", "coordinates": [ -47.059564, -22.9056391 ] } },
{ "type": "Feature", "properties": { "NR_ZONA": "380", "NR_SECAO": "85", "NR_LOCAL_VOTACAO": "1198", "NM_UE": "CAMPINAS", "endereco_geocode": "Campinas, SP, Brasil", "lat": -22.9056391, "lng": -47.059564 }, "geometry": { "type": "Point", "coordinates": [ -47.059564, -22.9056391 ] } },
{ "type": "Feature", "properties": { "NR_ZONA": "423", "NR_SECAO": "180", "NR_LOCAL_VOTACAO": "1201", "NM_UE": "CAMPINAS", "endereco_geocode": "Campinas, SP, Brasil", "lat": -22.9056391, "lng": -47.059564 }, "geometry": { "type": "Point", "coordinates": [ -47.059564, -22.9056391 ] } },
{ "type": "Feature", "properties": { "NR_ZONA": "33", "NR_SECAO": "482", "NR_LOCAL_VOTACAO": "2313", "NM_UE": "CAMPINAS", "endereco_geocode": "Campinas, SP, Brasil", "lat": -22.9056391, "lng": -47.059564 }, "geometry": { "type": "Point", "coordinates": [ -47.059564, -22.9056391 ] } },
{ "type": "Feature", "properties": { "NR_ZONA": "275", "NR_SECAO": "575", "NR_LOCAL_VOTACAO": "1538", "NM_UE": "CAMPINAS", "endereco_geocode": "Campinas, SP, Brasil", "lat": -22.9056391, "lng": -47.059564 }, "geometry": { "type": "Point", "coordinates": [ -47.059564, -22.9056391 ] } },
{ "type": "Feature", "properties": { "NR_ZONA": "423", "NR_SECAO": "181", "NR_LOCAL_VOTACAO": "1201", "NM_UE": "CAMPINAS", "endereco_geocode": "Campinas, SP, Brasil", "lat": -22.9056391, "lng": -47.059564 }, "geometry": { "type": "Point", "coordinates": [ -47.059564, -22.9056391 ] } },
{ "type": "Feature", "properties": { "NR_ZONA": "423", "NR_SECAO": "209", "NR_LOCAL_VOTACAO": "1287", "NM_UE": "CAMPINAS", "endereco_geocode": "Campinas, SP, Brasil", "lat": -22.9056391, "lng": -47.059564 }, "geometry": { "type": "Point", "coordinates": [ -47.059564, -22.9056391 ] } },
{ "type": "Feature", "properties": { "NR_ZONA": "274", "NR_SECAO": "156", "NR_LOCAL_VOTACAO": "1198", "NM_UE": "CAMPINAS", "endereco_geocode": "Campinas, SP, Brasil", "lat": -22.9056391, "lng": -47.059564 }, "geometry": { "type": "Point", "coordinates": [ -47.059564, -22.9056391 ] } },
{ "type": "Feature", "properties": { "NR_ZONA": "423", "NR_SECAO": "101", "NR_LOCAL_VOTACAO": "1104", "NM_UE": "CAMPINAS", "endereco_geocode": "Campinas, SP, Brasil", "lat": -22.9056391, "lng": -47.059564 }, "geometry": { "type": "Point", "coordinates": [ -47.059564, -22.9056391 ] } },
{ "type": "Feature", "properties": { "NR_ZONA": "379", "NR_SECAO": "417", "NR_LOCAL_VOTACAO": "1503", "NM_UE": "CAMPINAS", "endereco_geocode": "Campinas, SP, Brasil", "lat": -22.9056391, "lng": -47.059564 }, "geometry": { "type": "Point", "coordinates": [ -47.059564, -22.9056391 ] } },
{ "type": "Feature", "properties": { "NR_ZONA": "33", "NR_SECAO": "428", "NR_LOCAL_VOTACAO": "2267", "NM_UE": "CAMPINAS", "endereco_geocode": "Campinas, SP, Brasil", "lat": -22.9056391, "lng": -47.059564 }, "geometry": { "type": "Point", "coordinates": [ -47.059564, -22.9056391 ] } },
{ "type": "Feature", "properties": { "NR_ZONA": "378", "NR_SECAO": "391", "NR_LOCAL_VOTACAO": "1295", "NM_UE": "CAMPINAS", "endereco_geocode": "Campinas, SP, Brasil", "lat": -22.9056391, "lng": -47.059564 }, "geometry": { "type": "Point", "coordinates": [ -47.059564, -22.9056391 ] } },
{ "type": "Feature", "properties": { "NR_ZONA": "275", "NR_SECAO": "373", "NR_LOCAL_VOTACAO": "1074", "NM_UE": "CAMPINAS", "endereco_geocode": "Campinas, SP, Brasil", "lat": -22.9056391, "lng": -47.059564 }, "geometry": { "type": "Point", "coordinates": [ -47.059564, -22.9056391 ] } },
{ "type": "Feature", "properties": { "NR_ZONA": "275", "NR_SECAO": "333", "NR_LOCAL_VOTACAO": "1457", "NM_UE": "CAMPINAS", "endereco_geocode": "Campinas, SP, Brasil", "lat": -22.9056391, "lng": -47.059564 }, "geometry": { "type": "Point", "coordinates": [ -47.059564, -22.9056391 ] } },
{ "type": "Feature", "properties": { "NR_ZONA": "423", "NR_SECAO": "226", "NR_LOCAL_VOTACAO": "1163", "NM_UE": "CAMPINAS", "endereco_geocode": "Campinas, SP, Brasil", "lat": -22.9056391, "lng": -47.059564 }, "geometry": { "type": "Point", "coordinates": [ -47.059564, -22.9056391 ] } },
{ "type": "Feature", "properties": { "NR_ZONA": "380", "NR_SECAO": "193", "NR_LOCAL_VOTACAO": "1392", "NM_UE": "CAMPINAS", "endereco_geocode": "Campinas, SP, Brasil", "lat": -22.9056391, "lng": -47.059564 }, "geometry": { "type": "Point", "coordinates": [ -47.059564, -22.9056391 ] } },
{ "type": "Feature", "properties": { "NR_ZONA": "380", "NR_SECAO": "49", "NR_LOCAL_VOTACAO": "1147", "NM_UE": "CAMPINAS", "endereco_geocode": "Campinas, SP, Brasil", "lat": -22.9056391, "lng": -47.059564 }, "geometry": { "type": "Point", "coordinates": [ -47.059564, -22.9056391 ] } },
{ "type": "Feature", "properties": { "NR_ZONA": "33", "NR_SECAO": "113", "NR_LOCAL_VOTACAO": "1180", "NM_UE": "CAMPINAS", "endereco_geocode": "Campinas, SP, Brasil", "lat": -22.9056391, "lng": -47.059564 }, "geometry": { "type": "Point", "coordinates": [ -47.059564, -22.9056391 ] } },
{ "type": "Feature", "properties": { "NR_ZONA": "33", "NR_SECAO": "224", "NR_LOCAL_VOTACAO": "1015", "NM_UE": "CAMPINAS", "endereco_geocode": "Campinas, SP, Brasil", "lat": -22.9056391, "lng": -47.059564 }, "geometry": { "type": "Point", "coordinates": [ -47.059564, -22.9056391 ] } },
{ "type": "Feature", "properties": { "NR_ZONA": "275", "NR_SECAO": "239", "NR_LOCAL_VOTACAO": "1350", "NM_UE": "CAMPINAS", "endereco_geocode": "Campinas, SP, Brasil", "lat": -22.9056391, "lng": -47.059564 }, "geometry": { "type": "Point", "coordinates": [ -47.059564, -22.9056391 ] } },
{ "type": "Feature", "properties": { "NR_ZONA": "379", "NR_SECAO": "12", "NR_LOCAL_VOTACAO": "1015", "NM_UE": "CAMPINAS", "endereco_geocode": "Campinas, SP, Brasil", "lat": -22.9056391, "lng": -47.059564 }, "geometry": { "type": "Point", "coordinates": [ -47.059564, -22.9056391 ] } },
{ "type": "Feature", "properties": { "NR_ZONA": "380", "NR_SECAO": "293", "NR_LOCAL_VOTACAO": "1180", "NM_UE": "CAMPINAS", "endereco_geocode": "Campinas, SP, Brasil", "lat": -22.9056391, "lng": -47.059564 }, "geometry": { "type": "Point", "coordinates": [ -47.059564, -22.9056391 ] } },
{ "type": "Feature", "properties": { "NR_ZONA": "380", "NR_SECAO": "214", "NR_LOCAL_VOTACAO": "1414", "NM_UE": "CAMPINAS", "endereco_geocode": "Campinas, SP, Brasil", "lat": -22.9056391, "lng": -47.059564 }, "geometry": { "type": "Point", "coordinates": [ -47.059564, -22.9056391 ] } },
{ "type": "Feature", "properties": { "NR_ZONA": "378", "NR_SECAO": "15", "NR_LOCAL_VOTACAO": "1015", "NM_UE": "CAMPINAS", "endereco_geocode": "Campinas, SP, Brasil", "lat": -22.9056391, "lng": -47.059564 }, "geometry": { "type": "Point", "coordinates": [ -47.059564, -22.9056391 ] } },
{ "type": "Feature", "properties": { "NR_ZONA": "33", "NR_SECAO": "73", "NR_LOCAL_VOTACAO": "1139", "NM_UE": "CAMPINAS", "endereco_geocode": "Campinas, SP, Brasil", "lat": -22.9056391, "lng": -47.059564 }, "geometry": { "type": "Point", "coordinates": [ -47.059564, -22.9056391 ] } },
{ "type": "Feature", "properties": { "NR_ZONA": "274", "NR_SECAO": "793", "NR_LOCAL_VOTACAO": "2097", "NM_UE": "CAMPINAS", "endereco_geocode": "Campinas, SP, Brasil", "lat": -22.9056391, "lng": -47.059564 }, "geometry": { "type": "Point", "coordinates": [ -47.059564, -22.9056391 ] } },
{ "type": "Feature", "properties": { "NR_ZONA": "33", "NR_SECAO": "484", "NR_LOCAL_VOTACAO": "2321", "NM_UE": "CAMPINAS", "endereco_geocode": "Campinas, SP, Brasil", "lat": -22.9056391, "lng": -47.059564 }, "geometry": { "type": "Point", "coordinates": [ -47.059564, -22.9056391 ] } },
{ "type": "Feature", "properties": { "NR_ZONA": "379", "NR_SECAO": "223", "NR_LOCAL_VOTACAO": "1333", "NM_UE": "CAMPINAS", "endereco_geocode": "Campinas, SP, Brasil", "lat": -22.9056391, "lng": -47.059564 }, "geometry": { "type": "Point", "coordinates": [ -47.059564, -22.9056391 ] } },
{ "type": "Feature", "properties": { "NR_ZONA": "274", "NR_SECAO": "741", "NR_LOCAL_VOTACAO": "2020", "NM_UE": "CAMPINAS", "endereco_geocode": "Campinas, SP, Brasil", "lat": -22.9056391, "lng": -47.059564 }, "geometry": { "type": "Point", "coordinates": [ -47.059564, -22.9056391 ] } },
{ "type": "Feature", "properties": { "NR_ZONA": "274", "NR_SECAO": "583", "NR_LOCAL_VOTACAO": "1090", "NM_UE": "CAMPINAS", "endereco_geocode": "Campinas, SP, Brasil", "lat": -22.9056391, "lng": -47.059564 }, "geometry": { "type": "Point", "coordinates": [ -47.059564, -22.9056391 ] } },
{ "type": "Feature", "properties": { "NR_ZONA": "423", "NR_SECAO": "219", "NR_LOCAL_VOTACAO": "1295", "NM_UE": "CAMPINAS", "endereco_geocode": "Campinas, SP, Brasil", "lat": -22.9056391, "lng": -47.059564 }, "geometry": { "type": "Point", "coordinates": [ -47.059564, -22.9056391 ] } },
{ "type": "Feature", "properties": { "NR_ZONA": "379", "NR_SECAO": "293", "NR_LOCAL_VOTACAO": "1384", "NM_UE": "CAMPINAS", "endereco_geocode": "Campinas, SP, Brasil", "lat": -22.9056391, "lng": -47.059564 }, "geometry": { "type": "Point", "coordinates": [ -47.059564, -22.9056391 ] } },
{ "type": "Feature", "properties": { "NR_ZONA": "380", "NR_SECAO": "41", "NR_LOCAL_VOTACAO": "1139", "NM_UE": "CAMPINAS", "endereco_geocode": "Campinas, SP, Brasil", "lat": -22.9056391, "lng": -47.059564 }, "geometry": { "type": "Point", "coordinates": [ -47.059564, -22.9056391 ] } },
{ "type": "Feature", "properties": { "NR_ZONA": "423", "NR_SECAO": "282", "NR_LOCAL_VOTACAO": "1368", "NM_UE": "CAMPINAS", "endereco_geocode": "Campinas, SP, Brasil", "lat": -22.9056391, "lng": -47.059564 }, "geometry": { "type": "Point", "coordinates": [ -47.059564, -22.9056391 ] } },
{ "type": "Feature", "properties": { "NR_ZONA": "380", "NR_SECAO": "159", "NR_LOCAL_VOTACAO": "1350", "NM_UE": "CAMPINAS", "endereco_geocode": "Campinas, SP, Brasil", "lat": -22.9056391, "lng": -47.059564 }, "geometry": { "type": "Point", "coordinates": [ -47.059564, -22.9056391 ] } },
{ "type": "Feature", "properties": { "NR_ZONA": "275", "NR_SECAO": "411", "NR_LOCAL_VOTACAO": "1058", "NM_UE": "CAMPINAS", "endereco_geocode": "Campinas, SP, Brasil", "lat": -22.9056391, "lng": -47.059564 }, "geometry": { "type": "Point", "coordinates": [ -47.059564, -22.9056391 ] } },
{ "type": "Feature", "properties": { "NR_ZONA": "275", "NR_SECAO": "48", "NR_LOCAL_VOTACAO": "1074", "NM_UE": "CAMPINAS", "endereco_geocode": "Campinas, SP, Brasil", "lat": -22.9056391, "lng": -47.059564 }, "geometry": { "type": "Point", "coordinates": [ -47.059564, -22.9056391 ] } },
{ "type": "Feature", "properties": { "NR_ZONA": "378", "NR_SECAO": "43", "NR_LOCAL_VOTACAO": "1031", "NM_UE": "CAMPINAS", "endereco_geocode": "Campinas, SP, Brasil", "lat": -22.9056391, "lng": -47.059564 }, "geometry": { "type": "Point", "coordinates": [ -47.059564, -22.9056391 ] } },
{ "type": "Feature", "properties": { "NR_ZONA": "275", "NR_SECAO": "232", "NR_LOCAL_VOTACAO": "1350", "NM_UE": "CAMPINAS", "endereco_geocode": "Campinas, SP, Brasil", "lat": -22.9056391, "lng": -47.059564 }, "geometry": { "type": "Point", "coordinates": [ -47.059564, -22.9056391 ] } },
{ "type": "Feature", "properties": { "NR_ZONA": "423", "NR_SECAO": "129", "NR_LOCAL_VOTACAO": "1139", "NM_UE": "CAMPINAS", "endereco_geocode": "Campinas, SP, Brasil", "lat": -22.9056391, "lng": -47.059564 }, "geometry": { "type": "Point", "coordinates": [ -47.059564, -22.9056391 ] } },
{ "type": "Feature", "properties": { "NR_ZONA": "379", "NR_SECAO": "173", "NR_LOCAL_VOTACAO": "1295", "NM_UE": "CAMPINAS", "endereco_geocode": "Campinas, SP, Brasil", "lat": -22.9056391, "lng": -47.059564 }, "geometry": { "type": "Point", "coordinates": [ -47.059564, -22.9056391 ] } },
{ "type": "Feature", "properties": { "NR_ZONA": "380", "NR_SECAO": "146", "NR_LOCAL_VOTACAO": "1171", "NM_UE": "CAMPINAS", "endereco_geocode": "Campinas, SP, Brasil", "lat": -22.9056391, "lng": -47.059564 }, "geometry": { "type": "Point", "coordinates": [ -47.059564, -22.9056391 ] } },
{ "type": "Feature", "properties": { "NR_ZONA": "379", "NR_SECAO": "149", "NR_LOCAL_VOTACAO": "1198", "NM_UE": "CAMPINAS", "endereco_geocode": "Campinas, SP, Brasil", "lat": -22.9056391, "lng": -47.059564 }, "geometry": { "type": "Point", "coordinates": [ -47.059564, -22.9056391 ] } },
{ "type": "Feature", "properties": { "NR_ZONA": "33", "NR_SECAO": "58", "NR_LOCAL_VOTACAO": "1082", "NM_UE": "CAMPINAS", "endereco_geocode": "Campinas, SP, Brasil", "lat": -22.9056391, "lng": -47.059564 }, "geometry": { "type": "Point", "coordinates": [ -47.059564, -22.9056391 ] } },
{ "type": "Feature", "properties": { "NR_ZONA": "33", "NR_SECAO": "333", "NR_LOCAL_VOTACAO": "1201", "NM_UE": "CAMPINAS", "endereco_geocode": "Campinas, SP, Brasil", "lat": -22.9056391, "lng": -47.059564 }, "geometry": { "type": "Point", "coordinates": [ -47.059564, -22.9056391 ] } },
{ "type": "Feature", "properties": { "NR_ZONA": "33", "NR_SECAO": "16", "NR_LOCAL_VOTACAO": "1058", "NM_UE": "CAMPINAS", "endereco_geocode": "Campinas, SP, Brasil", "lat": -22.9056391, "lng": -47.059564 }, "geometry": { "type": "Point", "coordinates": [ -47.059564, -22.9056391 ] } },
{ "type": "Feature", "properties": { "NR_ZONA": "379", "NR_SECAO": "484", "NR_LOCAL_VOTACAO": "1554", "NM_UE": "CAMPINAS", "endereco_geocode": "Campinas, SP, Brasil", "lat": -22.9056391, "lng": -47.059564 }, "geometry": { "type": "Point", "coordinates": [ -47.059564, -22.9056391 ] } },
{ "type": "Feature", "properties": { "NR_ZONA": "33", "NR_SECAO": "409", "NR_LOCAL_VOTACAO": "2259", "NM_UE": "CAMPINAS", "endereco_geocode": "Campinas, SP, Brasil", "lat": -22.9056391, "lng": -47.059564 }, "geometry": { "type": "Point", "coordinates": [ -47.059564, -22.9056391 ] } },
{ "type": "Feature", "properties": { "NR_ZONA": "379", "NR_SECAO": "67", "NR_LOCAL_VOTACAO": "1074", "NM_UE": "CAMPINAS", "endereco_geocode": "Campinas, SP, Brasil", "lat": -22.9056391, "lng": -47.059564 }, "geometry": { "type": "Point", "coordinates": [ -47.059564, -22.9056391 ] } },
{ "type": "Feature", "properties": { "NR_ZONA": "379", "NR_SECAO": "504", "NR_LOCAL_VOTACAO": "1570", "NM_UE": "CAMPINAS", "endereco_geocode": "Campinas, SP, Brasil", "lat": -22.9056391, "lng": -47.059564 }, "geometry": { "type": "Point", "coordinates": [ -47.059564, -22.9056391 ] } },
{ "type": "Feature", "properties": { "NR_ZONA": "380", "NR_SECAO": "45", "NR_LOCAL_VOTACAO": "1147", "NM_UE": "CAMPINAS", "endereco_geocode": "Campinas, SP, Brasil", "lat": -22.9056391, "lng": -47.059564 }, "geometry": { "type": "Point", "coordinates": [ -47.059564, -22.9056391 ] } },
{ "type": "Feature", "properties": { "NR_ZONA": "275", "NR_SECAO": "463", "NR_LOCAL_VOTACAO": "1929", "NM_UE": "CAMPINAS", "endereco_geocode": "Campinas, SP, Brasil", "lat": -22.9056391, "lng": -47.059564 }, "geometry": { "type": "Point", "coordinates": [ -47.059564, -22.9056391 ] } },
{ "type": "Feature", "properties": { "NR_ZONA": "378", "NR_SECAO": "330", "NR_LOCAL_VOTACAO": "1279", "NM_UE": "CAMPINAS", "endereco_geocode": "Campinas, SP, Brasil", "lat": -22.9056391, "lng": -47.059564 }, "geometry": { "type": "Point", "coordinates": [ -47.059564, -22.9056391 ] } },
{ "type": "Feature", "properties": { "NR_ZONA": "379", "NR_SECAO": "475", "NR_LOCAL_VOTACAO": "1546", "NM_UE": "CAMPINAS", "endereco_geocode": "Campinas, SP, Brasil", "lat": -22.9056391, "lng": -47.059564 }, "geometry": { "type": "Point", "coordinates": [ -47.059564, -22.9056391 ] } },
{ "type": "Feature", "properties": { "NR_ZONA": "378", "NR_SECAO": "138", "NR_LOCAL_VOTACAO": "1104", "NM_UE": "CAMPINAS", "endereco_geocode": "Campinas, SP, Brasil", "lat": -22.9056391, "lng": -47.059564 }, "geometry": { "type": "Point", "coordinates": [ -47.059564, -22.9056391 ] } },
{ "type": "Feature", "properties": { "NR_ZONA": "379", "NR_SECAO": "385", "NR_LOCAL_VOTACAO": "1228", "NM_UE": "CAMPINAS", "endereco_geocode": "Campinas, SP, Brasil", "lat": -22.9056391, "lng": -47.059564 }, "geometry": { "type": "Point", "coordinates": [ -47.059564, -22.9056391 ] } },
{ "type": "Feature", "properties": { "NR_ZONA": "379", "NR_SECAO": "225", "NR_LOCAL_VOTACAO": "1210", "NM_UE": "CAMPINAS", "endereco_geocode": "Campinas, SP, Brasil", "lat": -22.9056391, "lng": -47.059564 }, "geometry": { "type": "Point", "coordinates": [ -47.059564, -22.9056391 ] } },
{ "type": "Feature", "properties": { "NR_ZONA": "379", "NR_SECAO": "243", "NR_LOCAL_VOTACAO": "1210", "NM_UE": "CAMPINAS", "endereco_geocode": "Campinas, SP, Brasil", "lat": -22.9056391, "lng": -47.059564 }, "geometry": { "type": "Point", "coordinates": [ -47.059564, -22.9056391 ] } },
{ "type": "Feature", "properties": { "NR_ZONA": "379", "NR_SECAO": "253", "NR_LOCAL_VOTACAO": "1198", "NM_UE": "CAMPINAS", "endereco_geocode": "Campinas, SP, Brasil", "lat": -22.9056391, "lng": -47.059564 }, "geometry": { "type": "Point", "coordinates": [ -47.059564, -22.9056391 ] } },
{ "type": "Feature", "properties": { "NR_ZONA": "380", "NR_SECAO": "10", "NR_LOCAL_VOTACAO": "1104", "NM_UE": "CAMPINAS", "endereco_geocode": "Campinas, SP, Brasil", "lat": -22.9056391, "lng": -47.059564 }, "geometry": { "type": "Point", "coordinates": [ -47.059564, -22.9056391 ] } },
{ "type": "Feature", "properties": { "NR_ZONA": "379", "NR_SECAO": "460", "NR_LOCAL_VOTACAO": "1546", "NM_UE": "CAMPINAS", "endereco_geocode": "Campinas, SP, Brasil", "lat": -22.9056391, "lng": -47.059564 }, "geometry": { "type": "Point", "coordinates": [ -47.059564, -22.9056391 ] } },
{ "type": "Feature", "properties": { "NR_ZONA": "378", "NR_SECAO": "453", "NR_LOCAL_VOTACAO": "1163", "NM_UE": "CAMPINAS", "endereco_geocode": "Campinas, SP, Brasil", "lat": -22.9056391, "lng": -47.059564 }, "geometry": { "type": "Point", "coordinates": [ -47.059564, -22.9056391 ] } },
{ "type": "Feature", "properties": { "NR_ZONA": "275", "NR_SECAO": "465", "NR_LOCAL_VOTACAO": "1910", "NM_UE": "CAMPINAS", "endereco_geocode": "Campinas, SP, Brasil", "lat": -22.9056391, "lng": -47.059564 }, "geometry": { "type": "Point", "coordinates": [ -47.059564, -22.9056391 ] } },
{ "type": "Feature", "properties": { "NR_ZONA": "378", "NR_SECAO": "63", "NR_LOCAL_VOTACAO": "1392", "NM_UE": "CAMPINAS", "endereco_geocode": "Campinas, SP, Brasil", "lat": -22.9056391, "lng": -47.059564 }, "geometry": { "type": "Point", "coordinates": [ -47.059564, -22.9056391 ] } },
{ "type": "Feature", "properties": { "NR_ZONA": "423", "NR_SECAO": "318", "NR_LOCAL_VOTACAO": "1414", "NM_UE": "CAMPINAS", "endereco_geocode": "Campinas, SP, Brasil", "lat": -22.9056391, "lng": -47.059564 }, "geometry": { "type": "Point", "coordinates": [ -47.059564, -22.9056391 ] } },
{ "type": "Feature", "properties": { "NR_ZONA": "423", "NR_SECAO": "206", "NR_LOCAL_VOTACAO": "1163", "NM_UE": "CAMPINAS", "endereco_geocode": "Campinas, SP, Brasil", "lat": -22.9056391, "lng": -47.059564 }, "geometry": { "type": "Point", "coordinates": [ -47.059564, -22.9056391 ] } },
{ "type": "Feature", "properties": { "NR_ZONA": "423", "NR_SECAO": "100", "NR_LOCAL_VOTACAO": "1104", "NM_UE": "CAMPINAS", "endereco_geocode": "Campinas, SP, Brasil", "lat": -22.9056391, "lng": -47.059564 }, "geometry": { "type": "Point", "coordinates": [ -47.059564, -22.9056391 ] } },
{ "type": "Feature", "properties": { "NR_ZONA": "378", "NR_SECAO": "174", "NR_LOCAL_VOTACAO": "1171", "NM_UE": "CAMPINAS", "endereco_geocode": "Campinas, SP, Brasil", "lat": -22.9056391, "lng": -47.059564 }, "geometry": { "type": "Point", "coordinates": [ -47.059564, -22.9056391 ] } },
{ "type": "Feature", "properties": { "NR_ZONA": "274", "NR_SECAO": "787", "NR_LOCAL_VOTACAO": "2089", "NM_UE": "CAMPINAS", "endereco_geocode": "Campinas, SP, Brasil", "lat": -22.9056391, "lng": -47.059564 }, "geometry": { "type": "Point", "coordinates": [ -47.059564, -22.9056391 ] } },
{ "type": "Feature", "properties": { "NR_ZONA": "33", "NR_SECAO": "505", "NR_LOCAL_VOTACAO": "2330", "NM_UE": "CAMPINAS", "endereco_geocode": "Campinas, SP, Brasil", "lat": -22.9056391, "lng": -47.059564 }, "geometry": { "type": "Point", "coordinates": [ -47.059564, -22.9056391 ] } },
{ "type": "Feature", "properties": { "NR_ZONA": "378", "NR_SECAO": "531", "NR_LOCAL_VOTACAO": "1660", "NM_UE": "CAMPINAS", "endereco_geocode": "Campinas, SP, Brasil", "lat": -22.9056391, "lng": -47.059564 }, "geometry": { "type": "Point", "coordinates": [ -47.059564, -22.9056391 ] } },
{ "type": "Feature", "properties": { "NR_ZONA": "380", "NR_SECAO": "230", "NR_LOCAL_VOTACAO": "1430", "NM_UE": "CAMPINAS", "endereco_geocode": "Campinas, SP, Brasil", "lat": -22.9056391, "lng": -47.059564 }, "geometry": { "type": "Point", "coordinates": [ -47.059564, -22.9056391 ] } },
{ "type": "Feature", "properties": { "NR_ZONA": "380", "NR_SECAO": "301", "NR_LOCAL_VOTACAO": "1252", "NM_UE": "CAMPINAS", "endereco_geocode": "Campinas, SP, Brasil", "lat": -22.9056391, "lng": -47.059564 }, "geometry": { "type": "Point", "coordinates": [ -47.059564, -22.9056391 ] } },
{ "type": "Feature", "properties": { "NR_ZONA": "380", "NR_SECAO": "308", "NR_LOCAL_VOTACAO": "1198", "NM_UE": "CAMPINAS", "endereco_geocode": "Campinas, SP, Brasil", "lat": -22.9056391, "lng": -47.059564 }, "geometry": { "type": "Point", "coordinates": [ -47.059564, -22.9056391 ] } },
{ "type": "Feature", "properties": { "NR_ZONA": "423", "NR_SECAO": "174", "NR_LOCAL_VOTACAO": "1180", "NM_UE": "CAMPINAS", "endereco_geocode": "Campinas, SP, Brasil", "lat": -22.9056391, "lng": -47.059564 }, "geometry": { "type": "Point", "coordinates": [ -47.059564, -22.9056391 ] } },
{ "type": "Feature", "properties": { "NR_ZONA": "380", "NR_SECAO": "103", "NR_LOCAL_VOTACAO": "1244", "NM_UE": "CAMPINAS", "endereco_geocode": "Campinas, SP, Brasil", "lat": -22.9056391, "lng": -47.059564 }, "geometry": { "type": "Point", "coordinates": [ -47.059564, -22.9056391 ] } },
{ "type": "Feature", "properties": { "NR_ZONA": "380", "NR_SECAO": "155", "NR_LOCAL_VOTACAO": "1350", "NM_UE": "CAMPINAS", "endereco_geocode": "Campinas, SP, Brasil", "lat": -22.9056391, "lng": -47.059564 }, "geometry": { "type": "Point", "coordinates": [ -47.059564, -22.9056391 ] } },
{ "type": "Feature", "properties": { "NR_ZONA": "380", "NR_SECAO": "356", "NR_LOCAL_VOTACAO": "1449", "NM_UE": "CAMPINAS", "endereco_geocode": "Campinas, SP, Brasil", "lat": -22.9056391, "lng": -47.059564 }, "geometry": { "type": "Point", "coordinates": [ -47.059564, -22.9056391 ] } },
{ "type": "Feature", "properties": { "NR_ZONA": "380", "NR_SECAO": "142", "NR_LOCAL_VOTACAO": "1171", "NM_UE": "CAMPINAS", "endereco_geocode": "Campinas, SP, Brasil", "lat": -22.9056391, "lng": -47.059564 }, "geometry": { "type": "Point", "coordinates": [ -47.059564, -22.9056391 ] } },
{ "type": "Feature", "properties": { "NR_ZONA": "275", "NR_SECAO": "547", "NR_LOCAL_VOTACAO": "1910", "NM_UE": "CAMPINAS", "endereco_geocode": "Campinas, SP, Brasil", "lat": -22.9056391, "lng": -47.059564 }, "geometry": { "type": "Point", "coordinates": [ -47.059564, -22.9056391 ] } },
{ "type": "Feature", "properties": { "NR_ZONA": "423", "NR_SECAO": "288", "NR_LOCAL_VOTACAO": "1368", "NM_UE": "CAMPINAS", "endereco_geocode": "Campinas, SP, Brasil", "lat": -22.9056391, "lng": -47.059564 }, "geometry": { "type": "Point", "coordinates": [ -47.059564, -22.9056391 ] } },
{ "type": "Feature", "properties": { "NR_ZONA": "380", "NR_SECAO": "124", "NR_LOCAL_VOTACAO": "1317", "NM_UE": "CAMPINAS", "endereco_geocode": "Campinas, SP, Brasil", "lat": -22.9056391, "lng": -47.059564 }, "geometry": { "type": "Point", "coordinates": [ -47.059564, -22.9056391 ] } },
{ "type": "Feature", "properties": { "NR_ZONA": "380", "NR_SECAO": "324", "NR_LOCAL_VOTACAO": "1295", "NM_UE": "CAMPINAS", "endereco_geocode": "Campinas, SP, Brasil", "lat": -22.9056391, "lng": -47.059564 }, "geometry": { "type": "Point", "coordinates": [ -47.059564, -22.9056391 ] } },
{ "type": "Feature", "properties": { "NR_ZONA": "380", "NR_SECAO": "166", "NR_LOCAL_VOTACAO": "1368", "NM_UE": "CAMPINAS", "endereco_geocode": "Campinas, SP, Brasil", "lat": -22.9056391, "lng": -47.059564 }, "geometry": { "type": "Point", "coordinates": [ -47.059564, -22.9056391 ] } },
{ "type": "Feature", "properties": { "NR_ZONA": "423", "NR_SECAO": "173", "NR_LOCAL_VOTACAO": "1180", "NM_UE": "CAMPINAS", "endereco_geocode": "Campinas, SP, Brasil", "lat": -22.9056391, "lng": -47.059564 }, "geometry": { "type": "Point", "coordinates": [ -47.059564, -22.9056391 ] } },
{ "type": "Feature", "properties": { "NR_ZONA": "380", "NR_SECAO": "247", "NR_LOCAL_VOTACAO": "1465", "NM_UE": "CAMPINAS", "endereco_geocode": "Campinas, SP, Brasil", "lat": -22.9056391, "lng": -47.059564 }, "geometry": { "type": "Point", "coordinates": [ -47.059564, -22.9056391 ] } },
{ "type": "Feature", "properties": { "NR_ZONA": "380", "NR_SECAO": "17", "NR_LOCAL_VOTACAO": "1112", "NM_UE": "CAMPINAS", "endereco_geocode": "Campinas, SP, Brasil", "lat": -22.9056391, "lng": -47.059564 }, "geometry": { "type": "Point", "coordinates": [ -47.059564, -22.9056391 ] } },
{ "type": "Feature", "properties": { "NR_ZONA": "379", "NR_SECAO": "54", "NR_LOCAL_VOTACAO": "1066", "NM_UE": "CAMPINAS", "endereco_geocode": "Campinas, SP, Brasil", "lat": -22.9056391, "lng": -47.059564 }, "geometry": { "type": "Point", "coordinates": [ -47.059564, -22.9056391 ] } },
{ "type": "Feature", "properties": { "NR_ZONA": "275", "NR_SECAO": "637", "NR_LOCAL_VOTACAO": "1902", "NM_UE": "CAMPINAS", "endereco_geocode": "Campinas, SP, Brasil", "lat": -22.9056391, "lng": -47.059564 }, "geometry": { "type": "Point", "coordinates": [ -47.059564, -22.9056391 ] } },
{ "type": "Feature", "properties": { "NR_ZONA": "379", "NR_SECAO": "317", "NR_LOCAL_VOTACAO": "1198", "NM_UE": "CAMPINAS", "endereco_geocode": "Campinas, SP, Brasil", "lat": -22.9056391, "lng": -47.059564 }, "geometry": { "type": "Point", "coordinates": [ -47.059564, -22.9056391 ] } },
{ "type": "Feature", "properties": { "NR_ZONA": "378", "NR_SECAO": "192", "NR_LOCAL_VOTACAO": "1252", "NM_UE": "CAMPINAS", "endereco_geocode": "Campinas, SP, Brasil", "lat": -22.9056391, "lng": -47.059564 }, "geometry": { "type": "Point", "coordinates": [ -47.059564, -22.9056391 ] } },
{ "type": "Feature", "properties": { "NR_ZONA": "423", "NR_SECAO": "255", "NR_LOCAL_VOTACAO": "1163", "NM_UE": "CAMPINAS", "endereco_geocode": "Campinas, SP, Brasil", "lat": -22.9056391, "lng": -47.059564 }, "geometry": { "type": "Point", "coordinates": [ -47.059564, -22.9056391 ] } },
{ "type": "Feature", "properties": { "NR_ZONA": "379", "NR_SECAO": "152", "NR_LOCAL_VOTACAO": "1228", "NM_UE": "CAMPINAS", "endereco_geocode": "Campinas, SP, Brasil", "lat": -22.9056391, "lng": -47.059564 }, "geometry": { "type": "Point", "coordinates": [ -47.059564, -22.9056391 ] } },
{ "type": "Feature", "properties": { "NR_ZONA": "380", "NR_SECAO": "211", "NR_LOCAL_VOTACAO": "1414", "NM_UE": "CAMPINAS", "endereco_geocode": "Campinas, SP, Brasil", "lat": -22.9056391, "lng": -47.059564 }, "geometry": { "type": "Point", "coordinates": [ -47.059564, -22.9056391 ] } },
{ "type": "Feature", "properties": { "NR_ZONA": "275", "NR_SECAO": "576", "NR_LOCAL_VOTACAO": "1830", "NM_UE": "CAMPINAS", "endereco_geocode": "Campinas, SP, Brasil", "lat": -22.9056391, "lng": -47.059564 }, "geometry": { "type": "Point", "coordinates": [ -47.059564, -22.9056391 ] } },
{ "type": "Feature", "properties": { "NR_ZONA": "33", "NR_SECAO": "480", "NR_LOCAL_VOTACAO": "2313", "NM_UE": "CAMPINAS", "endereco_geocode": "Campinas, SP, Brasil", "lat": -22.9056391, "lng": -47.059564 }, "geometry": { "type": "Point", "coordinates": [ -47.059564, -22.9056391 ] } },
{ "type": "Feature", "properties": { "NR_ZONA": "378", "NR_SECAO": "384", "NR_LOCAL_VOTACAO": "1422", "NM_UE": "CAMPINAS", "endereco_geocode": "Campinas, SP, Brasil", "lat": -22.9056391, "lng": -47.059564 }, "geometry": { "type": "Point", "coordinates": [ -47.059564, -22.9056391 ] } },
{ "type": "Feature", "properties": { "NR_ZONA": "275", "NR_SECAO": "559", "NR_LOCAL_VOTACAO": "1198", "NM_UE": "CAMPINAS", "endereco_geocode": "Campinas, SP, Brasil", "lat": -22.9056391, "lng": -47.059564 }, "geometry": { "type": "Point", "coordinates": [ -47.059564, -22.9056391 ] } },
{ "type": "Feature", "properties": { "NR_ZONA": "423", "NR_SECAO": "185", "NR_LOCAL_VOTACAO": "1201", "NM_UE": "CAMPINAS", "endereco_geocode": "Campinas, SP, Brasil", "lat": -22.9056391, "lng": -47.059564 }, "geometry": { "type": "Point", "coordinates": [ -47.059564, -22.9056391 ] } },
{ "type": "Feature", "properties": { "NR_ZONA": "380", "NR_SECAO": "71", "NR_LOCAL_VOTACAO": "1171", "NM_UE": "CAMPINAS", "endereco_geocode": "Campinas, SP, Brasil", "lat": -22.9056391, "lng": -47.059564 }, "geometry": { "type": "Point", "coordinates": [ -47.059564, -22.9056391 ] } },
{ "type": "Feature", "properties": { "NR_ZONA": "33", "NR_SECAO": "313", "NR_LOCAL_VOTACAO": "1201", "NM_UE": "CAMPINAS", "endereco_geocode": "Campinas, SP, Brasil", "lat": -22.9056391, "lng": -47.059564 }, "geometry": { "type": "Point", "coordinates": [ -47.059564, -22.9056391 ] } },
{ "type": "Feature", "properties": { "NR_ZONA": "423", "NR_SECAO": "48", "NR_LOCAL_VOTACAO": "1058", "NM_UE": "CAMPINAS", "endereco_geocode": "Campinas, SP, Brasil", "lat": -22.9056391, "lng": -47.059564 }, "geometry": { "type": "Point", "coordinates": [ -47.059564, -22.9056391 ] } },
{ "type": "Feature", "properties": { "NR_ZONA": "380", "NR_SECAO": "94", "NR_LOCAL_VOTACAO": "1198", "NM_UE": "CAMPINAS", "endereco_geocode": "Campinas, SP, Brasil", "lat": -22.9056391, "lng": -47.059564 }, "geometry": { "type": "Point", "coordinates": [ -47.059564, -22.9056391 ] } },
{ "type": "Feature", "properties": { "NR_ZONA": "378", "NR_SECAO": "139", "NR_LOCAL_VOTACAO": "1104", "NM_UE": "CAMPINAS", "endereco_geocode": "Campinas, SP, Brasil", "lat": -22.9056391, "lng": -47.059564 }, "geometry": { "type": "Point", "coordinates": [ -47.059564, -22.9056391 ] } },
{ "type": "Feature", "properties": { "NR_ZONA": "379", "NR_SECAO": "210", "NR_LOCAL_VOTACAO": "1325", "NM_UE": "CAMPINAS", "endereco_geocode": "Campinas, SP, Brasil", "lat": -22.9056391, "lng": -47.059564 }, "geometry": { "type": "Point", "coordinates": [ -47.059564, -22.9056391 ] } },
{ "type": "Feature", "properties": { "NR_ZONA": "379", "NR_SECAO": "269", "NR_LOCAL_VOTACAO": "1341", "NM_UE": "CAMPINAS", "endereco_geocode": "Campinas, SP, Brasil", "lat": -22.9056391, "lng": -47.059564 }, "geometry": { "type": "Point", "coordinates": [ -47.059564, -22.9056391 ] } },
{ "type": "Feature", "properties": { "NR_ZONA": "380", "NR_SECAO": "313", "NR_LOCAL_VOTACAO": "1090", "NM_UE": "CAMPINAS", "endereco_geocode": "Campinas, SP, Brasil", "lat": -22.9056391, "lng": -47.059564 }, "geometry": { "type": "Point", "coordinates": [ -47.059564, -22.9056391 ] } },
{ "type": "Feature", "properties": { "NR_ZONA": "380", "NR_SECAO": "72", "NR_LOCAL_VOTACAO": "1171", "NM_UE": "CAMPINAS", "endereco_geocode": "Campinas, SP, Brasil", "lat": -22.9056391, "lng": -47.059564 }, "geometry": { "type": "Point", "coordinates": [ -47.059564, -22.9056391 ] } },
{ "type": "Feature", "properties": { "NR_ZONA": "378", "NR_SECAO": "452", "NR_LOCAL_VOTACAO": "1520", "NM_UE": "CAMPINAS", "endereco_geocode": "Campinas, SP, Brasil", "lat": -22.9056391, "lng": -47.059564 }, "geometry": { "type": "Point", "coordinates": [ -47.059564, -22.9056391 ] } },
{ "type": "Feature", "properties": { "NR_ZONA": "378", "NR_SECAO": "256", "NR_LOCAL_VOTACAO": "1295", "NM_UE": "CAMPINAS", "endereco_geocode": "Campinas, SP, Brasil", "lat": -22.9056391, "lng": -47.059564 }, "geometry": { "type": "Point", "coordinates": [ -47.059564, -22.9056391 ] } },
{ "type": "Feature", "properties": { "NR_ZONA": "380", "NR_SECAO": "217", "NR_LOCAL_VOTACAO": "1422", "NM_UE": "CAMPINAS", "endereco_geocode": "Campinas, SP, Brasil", "lat": -22.9056391, "lng": -47.059564 }, "geometry": { "type": "Point", "coordinates": [ -47.059564, -22.9056391 ] } },
{ "type": "Feature", "properties": { "NR_ZONA": "380", "NR_SECAO": "298", "NR_LOCAL_VOTACAO": "1155", "NM_UE": "CAMPINAS", "endereco_geocode": "Campinas, SP, Brasil", "lat": -22.9056391, "lng": -47.059564 }, "geometry": { "type": "Point", "coordinates": [ -47.059564, -22.9056391 ] } },
{ "type": "Feature", "properties": { "NR_ZONA": "423", "NR_SECAO": "275", "NR_LOCAL_VOTACAO": "1341", "NM_UE": "CAMPINAS", "endereco_geocode": "Campinas, SP, Brasil", "lat": -22.9056391, "lng": -47.059564 }, "geometry": { "type": "Point", "coordinates": [ -47.059564, -22.9056391 ] } },
{ "type": "Feature", "properties": { "NR_ZONA": "423", "NR_SECAO": "132", "NR_LOCAL_VOTACAO": "1139", "NM_UE": "CAMPINAS", "endereco_geocode": "Campinas, SP, Brasil", "lat": -22.9056391, "lng": -47.059564 }, "geometry": { "type": "Point", "coordinates": [ -47.059564, -22.9056391 ] } },
{ "type": "Feature", "properties": { "NR_ZONA": "378", "NR_SECAO": "279", "NR_LOCAL_VOTACAO": "1384", "NM_UE": "CAMPINAS", "endereco_geocode": "Campinas, SP, Brasil", "lat": -22.9056391, "lng": -47.059564 }, "geometry": { "type": "Point", "coordinates": [ -47.059564, -22.9056391 ] } },
{ "type": "Feature", "properties": { "NR_ZONA": "423", "NR_SECAO": "79", "NR_LOCAL_VOTACAO": "1082", "NM_UE": "CAMPINAS", "endereco_geocode": "Campinas, SP, Brasil", "lat": -22.9056391, "lng": -47.059564 }, "geometry": { "type": "Point", "coordinates": [ -47.059564, -22.9056391 ] } },
{ "type": "Feature", "properties": { "NR_ZONA": "423", "NR_SECAO": "44", "NR_LOCAL_VOTACAO": "1058", "NM_UE": "CAMPINAS", "endereco_geocode": "Campinas, SP, Brasil", "lat": -22.9056391, "lng": -47.059564 }, "geometry": { "type": "Point", "coordinates": [ -47.059564, -22.9056391 ] } },
{ "type": "Feature", "properties": { "NR_ZONA": "274", "NR_SECAO": "680", "NR_LOCAL_VOTACAO": "1171", "NM_UE": "CAMPINAS", "endereco_geocode": "Campinas, SP, Brasil", "lat": -22.9056391, "lng": -47.059564 }, "geometry": { "type": "Point", "coordinates": [ -47.059564, -22.9056391 ] } },
{ "type": "Feature", "properties": { "NR_ZONA": "423", "NR_SECAO": "35", "NR_LOCAL_VOTACAO": "1040", "NM_UE": "CAMPINAS", "endereco_geocode": "Campinas, SP, Brasil", "lat": -22.9056391, "lng": -47.059564 }, "geometry": { "type": "Point", "coordinates": [ -47.059564, -22.9056391 ] } },
{ "type": "Feature", "properties": { "NR_ZONA": "423", "NR_SECAO": "26", "NR_LOCAL_VOTACAO": "1031", "NM_UE": "CAMPINAS", "endereco_geocode": "Campinas, SP, Brasil", "lat": -22.9056391, "lng": -47.059564 }, "geometry": { "type": "Point", "coordinates": [ -47.059564, -22.9056391 ] } },
{ "type": "Feature", "properties": { "NR_ZONA": "274", "NR_SECAO": "114", "NR_LOCAL_VOTACAO": "1139", "NM_UE": "CAMPINAS", "endereco_geocode": "Campinas, SP, Brasil", "lat": -22.9056391, "lng": -47.059564 }, "geometry": { "type": "Point", "coordinates": [ -47.059564, -22.9056391 ] } },
{ "type": "Feature", "properties": { "NR_ZONA": "274", "NR_SECAO": "799", "NR_LOCAL_VOTACAO": "2089", "NM_UE": "CAMPINAS", "endereco_geocode": "Campinas, SP, Brasil", "lat": -22.9056391, "lng": -47.059564 }, "geometry": { "type": "Point", "coordinates": [ -47.059564, -22.9056391 ] } },
{ "type": "Feature", "properties": { "NR_ZONA": "33", "NR_SECAO": "305", "NR_LOCAL_VOTACAO": "1015", "NM_UE": "CAMPINAS", "endereco_geocode": "Campinas, SP, Brasil", "lat": -22.9056391, "lng": -47.059564 }, "geometry": { "type": "Point", "coordinates": [ -47.059564, -22.9056391 ] } },
{ "type": "Feature", "properties": { "NR_ZONA": "379", "NR_SECAO": "411", "NR_LOCAL_VOTACAO": "1511", "NM_UE": "CAMPINAS", "endereco_geocode": "Campinas, SP, Brasil", "lat": -22.9056391, "lng": -47.059564 }, "geometry": { "type": "Point", "coordinates": [ -47.059564, -22.9056391 ] } },
{ "type": "Feature", "properties": { "NR_ZONA": "378", "NR_SECAO": "57", "NR_LOCAL_VOTACAO": "1040", "NM_UE": "CAMPINAS", "endereco_geocode": "Campinas, SP, Brasil", "lat": -22.9056391, "lng": -47.059564 }, "geometry": { "type": "Point", "coordinates": [ -47.059564, -22.9056391 ] } },
{ "type": "Feature", "properties": { "NR_ZONA": "274", "NR_SECAO": "674", "NR_LOCAL_VOTACAO": "1830", "NM_UE": "CAMPINAS", "endereco_geocode": "Campinas, SP, Brasil", "lat": -22.9056391, "lng": -47.059564 }, "geometry": { "type": "Point", "coordinates": [ -47.059564, -22.9056391 ] } },
{ "type": "Feature", "properties": { "NR_ZONA": "274", "NR_SECAO": "661", "NR_LOCAL_VOTACAO": "1724", "NM_UE": "CAMPINAS", "endereco_geocode": "Campinas, SP, Brasil", "lat": -22.9056391, "lng": -47.059564 }, "geometry": { "type": "Point", "coordinates": [ -47.059564, -22.9056391 ] } },
{ "type": "Feature", "properties": { "NR_ZONA": "33", "NR_SECAO": "536", "NR_LOCAL_VOTACAO": "2364", "NM_UE": "CAMPINAS", "endereco_geocode": "Campinas, SP, Brasil", "lat": -22.9056391, "lng": -47.059564 }, "geometry": { "type": "Point", "coordinates": [ -47.059564, -22.9056391 ] } },
{ "type": "Feature", "properties": { "NR_ZONA": "423", "NR_SECAO": "207", "NR_LOCAL_VOTACAO": "1325", "NM_UE": "CAMPINAS", "endereco_geocode": "Campinas, SP, Brasil", "lat": -22.9056391, "lng": -47.059564 }, "geometry": { "type": "Point", "coordinates": [ -47.059564, -22.9056391 ] } },
{ "type": "Feature", "properties": { "NR_ZONA": "423", "NR_SECAO": "307", "NR_LOCAL_VOTACAO": "1384", "NM_UE": "CAMPINAS", "endereco_geocode": "Campinas, SP, Brasil", "lat": -22.9056391, "lng": -47.059564 }, "geometry": { "type": "Point", "coordinates": [ -47.059564, -22.9056391 ] } },
{ "type": "Feature", "properties": { "NR_ZONA": "378", "NR_SECAO": "502", "NR_LOCAL_VOTACAO": "1422", "NM_UE": "CAMPINAS", "endereco_geocode": "Campinas, SP, Brasil", "lat": -22.9056391, "lng": -47.059564 }, "geometry": { "type": "Point", "coordinates": [ -47.059564, -22.9056391 ] } },
{ "type": "Feature", "properties": { "NR_ZONA": "378", "NR_SECAO": "415", "NR_LOCAL_VOTACAO": "1171", "NM_UE": "CAMPINAS", "endereco_geocode": "Campinas, SP, Brasil", "lat": -22.9056391, "lng": -47.059564 }, "geometry": { "type": "Point", "coordinates": [ -47.059564, -22.9056391 ] } },
{ "type": "Feature", "properties": { "NR_ZONA": "378", "NR_SECAO": "126", "NR_LOCAL_VOTACAO": "1090", "NM_UE": "CAMPINAS", "endereco_geocode": "Campinas, SP, Brasil", "lat": -22.9056391, "lng": -47.059564 }, "geometry": { "type": "Point", "coordinates": [ -47.059564, -22.9056391 ] } },
{ "type": "Feature", "properties": { "NR_ZONA": "378", "NR_SECAO": "141", "NR_LOCAL_VOTACAO": "1686", "NM_UE": "CAMPINAS", "endereco_geocode": "Campinas, SP, Brasil", "lat": -22.9056391, "lng": -47.059564 }, "geometry": { "type": "Point", "coordinates": [ -47.059564, -22.9056391 ] } },
{ "type": "Feature", "properties": { "NR_ZONA": "423", "NR_SECAO": "52", "NR_LOCAL_VOTACAO": "1058", "NM_UE": "CAMPINAS", "endereco_geocode": "Campinas, SP, Brasil", "lat": -22.9056391, "lng": -47.059564 }, "geometry": { "type": "Point", "coordinates": [ -47.059564, -22.9056391 ] } },
{ "type": "Feature", "properties": { "NR_ZONA": "379", "NR_SECAO": "464", "NR_LOCAL_VOTACAO": "1546", "NM_UE": "CAMPINAS", "endereco_geocode": "Campinas, SP, Brasil", "lat": -22.9056391, "lng": -47.059564 }, "geometry": { "type": "Point", "coordinates": [ -47.059564, -22.9056391 ] } },
{ "type": "Feature", "properties": { "NR_ZONA": "423", "NR_SECAO": "111", "NR_LOCAL_VOTACAO": "1112", "NM_UE": "CAMPINAS", "endereco_geocode": "Campinas, SP, Brasil", "lat": -22.9056391, "lng": -47.059564 }, "geometry": { "type": "Point", "coordinates": [ -47.059564, -22.9056391 ] } },
{ "type": "Feature", "properties": { "NR_ZONA": "378", "NR_SECAO": "283", "NR_LOCAL_VOTACAO": "1309", "NM_UE": "CAMPINAS", "endereco_geocode": "Campinas, SP, Brasil", "lat": -22.9056391, "lng": -47.059564 }, "geometry": { "type": "Point", "coordinates": [ -47.059564, -22.9056391 ] } },
{ "type": "Feature", "properties": { "NR_ZONA": "379", "NR_SECAO": "439", "NR_LOCAL_VOTACAO": "1520", "NM_UE": "CAMPINAS", "endereco_geocode": "Campinas, SP, Brasil", "lat": -22.9056391, "lng": -47.059564 }, "geometry": { "type": "Point", "coordinates": [ -47.059564, -22.9056391 ] } },
{ "type": "Feature", "properties": { "NR_ZONA": "33", "NR_SECAO": "23", "NR_LOCAL_VOTACAO": "1058", "NM_UE": "CAMPINAS", "endereco_geocode": "Campinas, SP, Brasil", "lat": -22.9056391, "lng": -47.059564 }, "geometry": { "type": "Point", "coordinates": [ -47.059564, -22.9056391 ] } },
{ "type": "Feature", "properties": { "NR_ZONA": "423", "NR_SECAO": "120", "NR_LOCAL_VOTACAO": "1112", "NM_UE": "CAMPINAS", "endereco_geocode": "Campinas, SP, Brasil", "lat": -22.9056391, "lng": -47.059564 }, "geometry": { "type": "Point", "coordinates": [ -47.059564, -22.9056391 ] } },
{ "type": "Feature", "properties": { "NR_ZONA": "275", "NR_SECAO": "187", "NR_LOCAL_VOTACAO": "1295", "NM_UE": "CAMPINAS", "endereco_geocode": "Campinas, SP, Brasil", "lat": -22.9056391, "lng": -47.059564 }, "geometry": { "type": "Point", "coordinates": [ -47.059564, -22.9056391 ] } },
{ "type": "Feature", "properties": { "NR_ZONA": "379", "NR_SECAO": "320", "NR_LOCAL_VOTACAO": "1392", "NM_UE": "CAMPINAS", "endereco_geocode": "Campinas, SP, Brasil", "lat": -22.9056391, "lng": -47.059564 }, "geometry": { "type": "Point", "coordinates": [ -47.059564, -22.9056391 ] } },
{ "type": "Feature", "properties": { "NR_ZONA": "33", "NR_SECAO": "387", "NR_LOCAL_VOTACAO": "1015", "NM_UE": "CAMPINAS", "endereco_geocode": "Campinas, SP, Brasil", "lat": -22.9056391, "lng": -47.059564 }, "geometry": { "type": "Point", "coordinates": [ -47.059564, -22.9056391 ] } },
{ "type": "Feature", "properties": { "NR_ZONA": "275", "NR_SECAO": "433", "NR_LOCAL_VOTACAO": "1546", "NM_UE": "CAMPINAS", "endereco_geocode": "Campinas, SP, Brasil", "lat": -22.9056391, "lng": -47.059564 }, "geometry": { "type": "Point", "coordinates": [ -47.059564, -22.9056391 ] } },
{ "type": "Feature", "properties": { "NR_ZONA": "379", "NR_SECAO": "246", "NR_LOCAL_VOTACAO": "1252", "NM_UE": "CAMPINAS", "endereco_geocode": "Campinas, SP, Brasil", "lat": -22.9056391, "lng": -47.059564 }, "geometry": { "type": "Point", "coordinates": [ -47.059564, -22.9056391 ] } },
{ "type": "Feature", "properties": { "NR_ZONA": "423", "NR_SECAO": "161", "NR_LOCAL_VOTACAO": "1163", "NM_UE": "CAMPINAS", "endereco_geocode": "Campinas, SP, Brasil", "lat": -22.9056391, "lng": -47.059564 }, "geometry": { "type": "Point", "coordinates": [ -47.059564, -22.9056391 ] } },
{ "type": "Feature", "properties": { "NR_ZONA": "423", "NR_SECAO": "179", "NR_LOCAL_VOTACAO": "1201", "NM_UE": "CAMPINAS", "endereco_geocode": "Campinas, SP, Brasil", "lat": -22.9056391, "lng": -47.059564 }, "geometry": { "type": "Point", "coordinates": [ -47.059564, -22.9056391 ] } },
{ "type": "Feature", "properties": { "NR_ZONA": "378", "NR_SECAO": "112", "NR_LOCAL_VOTACAO": "1082", "NM_UE": "CAMPINAS", "endereco_geocode": "Campinas, SP, Brasil", "lat": -22.9056391, "lng": -47.059564 }, "geometry": { "type": "Point", "coordinates": [ -47.059564, -22.9056391 ] } },
{ "type": "Feature", "properties": { "NR_ZONA": "379", "NR_SECAO": "208", "NR_LOCAL_VOTACAO": "1325", "NM_UE": "CAMPINAS", "endereco_geocode": "Campinas, SP, Brasil", "lat": -22.9056391, "lng": -47.059564 }, "geometry": { "type": "Point", "coordinates": [ -47.059564, -22.9056391 ] } },
{ "type": "Feature", "properties": { "NR_ZONA": "379", "NR_SECAO": "312", "NR_LOCAL_VOTACAO": "1406", "NM_UE": "CAMPINAS", "endereco_geocode": "Campinas, SP, Brasil", "lat": -22.9056391, "lng": -47.059564 }, "geometry": { "type": "Point", "coordinates": [ -47.059564, -22.9056391 ] } },
{ "type": "Feature", "properties": { "NR_ZONA": "380", "NR_SECAO": "205", "NR_LOCAL_VOTACAO": "1414", "NM_UE": "CAMPINAS", "endereco_geocode": "Campinas, SP, Brasil", "lat": -22.9056391, "lng": -47.059564 }, "geometry": { "type": "Point", "coordinates": [ -47.059564, -22.9056391 ] } },
{ "type": "Feature", "properties": { "NR_ZONA": "274", "NR_SECAO": "641", "NR_LOCAL_VOTACAO": "1180", "NM_UE": "CAMPINAS", "endereco_geocode": "Campinas, SP, Brasil", "lat": -22.9056391, "lng": -47.059564 }, "geometry": { "type": "Point", "coordinates": [ -47.059564, -22.9056391 ] } },
{ "type": "Feature", "properties": { "NR_ZONA": "380", "NR_SECAO": "168", "NR_LOCAL_VOTACAO": "1368", "NM_UE": "CAMPINAS", "endereco_geocode": "Campinas, SP, Brasil", "lat": -22.9056391, "lng": -47.059564 }, "geometry": { "type": "Point", "coordinates": [ -47.059564, -22.9056391 ] } },
{ "type": "Feature", "properties": { "NR_ZONA": "423", "NR_SECAO": "131", "NR_LOCAL_VOTACAO": "1139", "NM_UE": "CAMPINAS", "endereco_geocode": "Campinas, SP, Brasil", "lat": -22.9056391, "lng": -47.059564 }, "geometry": { "type": "Point", "coordinates": [ -47.059564, -22.9056391 ] } },
{ "type": "Feature", "properties": { "NR_ZONA": "380", "NR_SECAO": "267", "NR_LOCAL_VOTACAO": "1066", "NM_UE": "CAMPINAS", "endereco_geocode": "Campinas, SP, Brasil", "lat": -22.9056391, "lng": -47.059564 }, "geometry": { "type": "Point", "coordinates": [ -47.059564, -22.9056391 ] } },
{ "type": "Feature", "properties": { "NR_ZONA": "275", "NR_SECAO": "546", "NR_LOCAL_VOTACAO": "1538", "NM_UE": "CAMPINAS", "endereco_geocode": "Campinas, SP, Brasil", "lat": -22.9056391, "lng": -47.059564 }, "geometry": { "type": "Point", "coordinates": [ -47.059564, -22.9056391 ] } },
{ "type": "Feature", "properties": { "NR_ZONA": "380", "NR_SECAO": "303", "NR_LOCAL_VOTACAO": "1295", "NM_UE": "CAMPINAS", "endereco_geocode": "Campinas, SP, Brasil", "lat": -22.9056391, "lng": -47.059564 }, "geometry": { "type": "Point", "coordinates": [ -47.059564, -22.9056391 ] } },
{ "type": "Feature", "properties": { "NR_ZONA": "275", "NR_SECAO": "46", "NR_LOCAL_VOTACAO": "1074", "NM_UE": "CAMPINAS", "endereco_geocode": "Campinas, SP, Brasil", "lat": -22.9056391, "lng": -47.059564 }, "geometry": { "type": "Point", "coordinates": [ -47.059564, -22.9056391 ] } },
{ "type": "Feature", "properties": { "NR_ZONA": "378", "NR_SECAO": "399", "NR_LOCAL_VOTACAO": "1422", "NM_UE": "CAMPINAS", "endereco_geocode": "Campinas, SP, Brasil", "lat": -22.9056391, "lng": -47.059564 }, "geometry": { "type": "Point", "coordinates": [ -47.059564, -22.9056391 ] } },
{ "type": "Feature", "properties": { "NR_ZONA": "275", "NR_SECAO": "194", "NR_LOCAL_VOTACAO": "1309", "NM_UE": "CAMPINAS", "endereco_geocode": "Campinas, SP, Brasil", "lat": -22.9056391, "lng": -47.059564 }, "geometry": { "type": "Point", "coordinates": [ -47.059564, -22.9056391 ] } },
{ "type": "Feature", "properties": { "NR_ZONA": "33", "NR_SECAO": "532", "NR_LOCAL_VOTACAO": "2364", "NM_UE": "CAMPINAS", "endereco_geocode": "Campinas, SP, Brasil", "lat": -22.9056391, "lng": -47.059564 }, "geometry": { "type": "Point", "coordinates": [ -47.059564, -22.9056391 ] } },
{ "type": "Feature", "properties": { "NR_ZONA": "379", "NR_SECAO": "384", "NR_LOCAL_VOTACAO": "1368", "NM_UE": "CAMPINAS", "endereco_geocode": "Campinas, SP, Brasil", "lat": -22.9056391, "lng": -47.059564 }, "geometry": { "type": "Point", "coordinates": [ -47.059564, -22.9056391 ] } },
{ "type": "Feature", "properties": { "NR_ZONA": "379", "NR_SECAO": "237", "NR_LOCAL_VOTACAO": "1198", "NM_UE": "CAMPINAS", "endereco_geocode": "Campinas, SP, Brasil", "lat": -22.9056391, "lng": -47.059564 }, "geometry": { "type": "Point", "coordinates": [ -47.059564, -22.9056391 ] } },
{ "type": "Feature", "properties": { "NR_ZONA": "274", "NR_SECAO": "727", "NR_LOCAL_VOTACAO": "1996", "NM_UE": "CAMPINAS", "endereco_geocode": "Campinas, SP, Brasil", "lat": -22.9056391, "lng": -47.059564 }, "geometry": { "type": "Point", "coordinates": [ -47.059564, -22.9056391 ] } },
{ "type": "Feature", "properties": { "NR_ZONA": "423", "NR_SECAO": "326", "NR_LOCAL_VOTACAO": "1422", "NM_UE": "CAMPINAS", "endereco_geocode": "Campinas, SP, Brasil", "lat": -22.9056391, "lng": -47.059564 }, "geometry": { "type": "Point", "coordinates": [ -47.059564, -22.9056391 ] } },
{ "type": "Feature", "properties": { "NR_ZONA": "378", "NR_SECAO": "440", "NR_LOCAL_VOTACAO": "1600", "NM_UE": "CAMPINAS", "endereco_geocode": "Campinas, SP, Brasil", "lat": -22.9056391, "lng": -47.059564 }, "geometry": { "type": "Point", "coordinates": [ -47.059564, -22.9056391 ] } },
{ "type": "Feature", "properties": { "NR_ZONA": "379", "NR_SECAO": "488", "NR_LOCAL_VOTACAO": "1554", "NM_UE": "CAMPINAS", "endereco_geocode": "Campinas, SP, Brasil", "lat": -22.9056391, "lng": -47.059564 }, "geometry": { "type": "Point", "coordinates": [ -47.059564, -22.9056391 ] } },
{ "type": "Feature", "properties": { "NR_ZONA": "378", "NR_SECAO": "468", "NR_LOCAL_VOTACAO": "1589", "NM_UE": "CAMPINAS", "endereco_geocode": "Campinas, SP, Brasil", "lat": -22.9056391, "lng": -47.059564 }, "geometry": { "type": "Point", "coordinates": [ -47.059564, -22.9056391 ] } },
{ "type": "Feature", "properties": { "NR_ZONA": "380", "NR_SECAO": "143", "NR_LOCAL_VOTACAO": "1171", "NM_UE": "CAMPINAS", "endereco_geocode": "Campinas, SP, Brasil", "lat": -22.9056391, "lng": -47.059564 }, "geometry": { "type": "Point", "coordinates": [ -47.059564, -22.9056391 ] } },
{ "type": "Feature", "properties": { "NR_ZONA": "378", "NR_SECAO": "466", "NR_LOCAL_VOTACAO": "1511", "NM_UE": "CAMPINAS", "endereco_geocode": "Campinas, SP, Brasil", "lat": -22.9056391, "lng": -47.059564 }, "geometry": { "type": "Point", "coordinates": [ -47.059564, -22.9056391 ] } },
{ "type": "Feature", "properties": { "NR_ZONA": "275", "NR_SECAO": "33", "NR_LOCAL_VOTACAO": "1066", "NM_UE": "CAMPINAS", "endereco_geocode": "Campinas, SP, Brasil", "lat": -22.9056391, "lng": -47.059564 }, "geometry": { "type": "Point", "coordinates": [ -47.059564, -22.9056391 ] } },
{ "type": "Feature", "properties": { "NR_ZONA": "379", "NR_SECAO": "138", "NR_LOCAL_VOTACAO": "1155", "NM_UE": "CAMPINAS", "endereco_geocode": "Campinas, SP, Brasil", "lat": -22.9056391, "lng": -47.059564 }, "geometry": { "type": "Point", "coordinates": [ -47.059564, -22.9056391 ] } },
{ "type": "Feature", "properties": { "NR_ZONA": "274", "NR_SECAO": "750", "NR_LOCAL_VOTACAO": "2020", "NM_UE": "CAMPINAS", "endereco_geocode": "Campinas, SP, Brasil", "lat": -22.9056391, "lng": -47.059564 }, "geometry": { "type": "Point", "coordinates": [ -47.059564, -22.9056391 ] } },
{ "type": "Feature", "properties": { "NR_ZONA": "423", "NR_SECAO": "314", "NR_LOCAL_VOTACAO": "1406", "NM_UE": "CAMPINAS", "endereco_geocode": "Campinas, SP, Brasil", "lat": -22.9056391, "lng": -47.059564 }, "geometry": { "type": "Point", "coordinates": [ -47.059564, -22.9056391 ] } },
{ "type": "Feature", "properties": { "NR_ZONA": "275", "NR_SECAO": "44", "NR_LOCAL_VOTACAO": "1074", "NM_UE": "CAMPINAS", "endereco_geocode": "Campinas, SP, Brasil", "lat": -22.9056391, "lng": -47.059564 }, "geometry": { "type": "Point", "coordinates": [ -47.059564, -22.9056391 ] } },
{ "type": "Feature", "properties": { "NR_ZONA": "379", "NR_SECAO": "58", "NR_LOCAL_VOTACAO": "1066", "NM_UE": "CAMPINAS", "endereco_geocode": "Campinas, SP, Brasil", "lat": -22.9056391, "lng": -47.059564 }, "geometry": { "type": "Point", "coordinates": [ -47.059564, -22.9056391 ] } },
{ "type": "Feature", "properties": { "NR_ZONA": "379", "NR_SECAO": "430", "NR_LOCAL_VOTACAO": "1511", "NM_UE": "CAMPINAS", "endereco_geocode": "Campinas, SP, Brasil", "lat": -22.9056391, "lng": -47.059564 }, "geometry": { "type": "Point", "coordinates": [ -47.059564, -22.9056391 ] } },
{ "type": "Feature", "properties": { "NR_ZONA": "423", "NR_SECAO": "118", "NR_LOCAL_VOTACAO": "1112", "NM_UE": "CAMPINAS", "endereco_geocode": "Campinas, SP, Brasil", "lat": -22.9056391, "lng": -47.059564 }, "geometry": { "type": "Point", "coordinates": [ -47.059564, -22.9056391 ] } },
{ "type": "Feature", "properties": { "NR_ZONA": "274", "NR_SECAO": "582", "NR_LOCAL_VOTACAO": "1201", "NM_UE": "CAMPINAS", "endereco_geocode": "Campinas, SP, Brasil", "lat": -22.9056391, "lng": -47.059564 }, "geometry": { "type": "Point", "coordinates": [ -47.059564, -22.9056391 ] } },
{ "type": "Feature", "properties": { "NR_ZONA": "378", "NR_SECAO": "209", "NR_LOCAL_VOTACAO": "1384", "NM_UE": "CAMPINAS", "endereco_geocode": "Campinas, SP, Brasil", "lat": -22.9056391, "lng": -47.059564 }, "geometry": { "type": "Point", "coordinates": [ -47.059564, -22.9056391 ] } },
{ "type": "Feature", "properties": { "NR_ZONA": "380", "NR_SECAO": "258", "NR_LOCAL_VOTACAO": "1422", "NM_UE": "CAMPINAS", "endereco_geocode": "Campinas, SP, Brasil", "lat": -22.9056391, "lng": -47.059564 }, "geometry": { "type": "Point", "coordinates": [ -47.059564, -22.9056391 ] } },
{ "type": "Feature", "properties": { "NR_ZONA": "380", "NR_SECAO": "105", "NR_LOCAL_VOTACAO": "1260", "NM_UE": "CAMPINAS", "endereco_geocode": "Campinas, SP, Brasil", "lat": -22.9056391, "lng": -47.059564 }, "geometry": { "type": "Point", "coordinates": [ -47.059564, -22.9056391 ] } },
{ "type": "Feature", "properties": { "NR_ZONA": "380", "NR_SECAO": "291", "NR_LOCAL_VOTACAO": "1147", "NM_UE": "CAMPINAS", "endereco_geocode": "Campinas, SP, Brasil", "lat": -22.9056391, "lng": -47.059564 }, "geometry": { "type": "Point", "coordinates": [ -47.059564, -22.9056391 ] } },
{ "type": "Feature", "properties": { "NR_ZONA": "378", "NR_SECAO": "476", "NR_LOCAL_VOTACAO": "1457", "NM_UE": "CAMPINAS", "endereco_geocode": "Campinas, SP, Brasil", "lat": -22.9056391, "lng": -47.059564 }, "geometry": { "type": "Point", "coordinates": [ -47.059564, -22.9056391 ] } },
{ "type": "Feature", "properties": { "NR_ZONA": "378", "NR_SECAO": "475", "NR_LOCAL_VOTACAO": "1406", "NM_UE": "CAMPINAS", "endereco_geocode": "Campinas, SP, Brasil", "lat": -22.9056391, "lng": -47.059564 }, "geometry": { "type": "Point", "coordinates": [ -47.059564, -22.9056391 ] } },
{ "type": "Feature", "properties": { "NR_ZONA": "274", "NR_SECAO": "778", "NR_LOCAL_VOTACAO": "2062", "NM_UE": "CAMPINAS", "endereco_geocode": "Campinas, SP, Brasil", "lat": -22.9056391, "lng": -47.059564 }, "geometry": { "type": "Point", "coordinates": [ -47.059564, -22.9056391 ] } },
{ "type": "Feature", "properties": { "NR_ZONA": "379", "NR_SECAO": "457", "NR_LOCAL_VOTACAO": "1511", "NM_UE": "CAMPINAS", "endereco_geocode": "Campinas, SP, Brasil", "lat": -22.9056391, "lng": -47.059564 }, "geometry": { "type": "Point", "coordinates": [ -47.059564, -22.9056391 ] } },
{ "type": "Feature", "properties": { "NR_ZONA": "274", "NR_SECAO": "658", "NR_LOCAL_VOTACAO": "1856", "NM_UE": "CAMPINAS", "endereco_geocode": "Campinas, SP, Brasil", "lat": -22.9056391, "lng": -47.059564 }, "geometry": { "type": "Point", "coordinates": [ -47.059564, -22.9056391 ] } },
{ "type": "Feature", "properties": { "NR_ZONA": "380", "NR_SECAO": "299", "NR_LOCAL_VOTACAO": "1040", "NM_UE": "CAMPINAS", "endereco_geocode": "Campinas, SP, Brasil", "lat": -22.9056391, "lng": -47.059564 }, "geometry": { "type": "Point", "coordinates": [ -47.059564, -22.9056391 ] } },
{ "type": "Feature", "properties": { "NR_ZONA": "423", "NR_SECAO": "199", "NR_LOCAL_VOTACAO": "1090", "NM_UE": "CAMPINAS", "endereco_geocode": "Campinas, SP, Brasil", "lat": -22.9056391, "lng": -47.059564 }, "geometry": { "type": "Point", "coordinates": [ -47.059564, -22.9056391 ] } },
{ "type": "Feature", "properties": { "NR_ZONA": "379", "NR_SECAO": "327", "NR_LOCAL_VOTACAO": "1228", "NM_UE": "CAMPINAS", "endereco_geocode": "Campinas, SP, Brasil", "lat": -22.9056391, "lng": -47.059564 }, "geometry": { "type": "Point", "coordinates": [ -47.059564, -22.9056391 ] } },
{ "type": "Feature", "properties": { "NR_ZONA": "275", "NR_SECAO": "51", "NR_LOCAL_VOTACAO": "1090", "NM_UE": "CAMPINAS", "endereco_geocode": "Campinas, SP, Brasil", "lat": -22.9056391, "lng": -47.059564 }, "geometry": { "type": "Point", "coordinates": [ -47.059564, -22.9056391 ] } },
{ "type": "Feature", "properties": { "NR_ZONA": "275", "NR_SECAO": "434", "NR_LOCAL_VOTACAO": "1538", "NM_UE": "CAMPINAS", "endereco_geocode": "Campinas, SP, Brasil", "lat": -22.9056391, "lng": -47.059564 }, "geometry": { "type": "Point", "coordinates": [ -47.059564, -22.9056391 ] } },
{ "type": "Feature", "properties": { "NR_ZONA": "379", "NR_SECAO": "406", "NR_LOCAL_VOTACAO": "1503", "NM_UE": "CAMPINAS", "endereco_geocode": "Campinas, SP, Brasil", "lat": -22.9056391, "lng": -47.059564 }, "geometry": { "type": "Point", "coordinates": [ -47.059564, -22.9056391 ] } },
{ "type": "Feature", "properties": { "NR_ZONA": "33", "NR_SECAO": "38", "NR_LOCAL_VOTACAO": "1066", "NM_UE": "CAMPINAS", "endereco_geocode": "Campinas, SP, Brasil", "lat": -22.9056391, "lng": -47.059564 }, "geometry": { "type": "Point", "coordinates": [ -47.059564, -22.9056391 ] } },
{ "type": "Feature", "properties": { "NR_ZONA": "379", "NR_SECAO": "311", "NR_LOCAL_VOTACAO": "1384", "NM_UE": "CAMPINAS", "endereco_geocode": "Campinas, SP, Brasil", "lat": -22.9056391, "lng": -47.059564 }, "geometry": { "type": "Point", "coordinates": [ -47.059564, -22.9056391 ] } },
{ "type": "Feature", "properties": { "NR_ZONA": "379", "NR_SECAO": "359", "NR_LOCAL_VOTACAO": "1457", "NM_UE": "CAMPINAS", "endereco_geocode": "Campinas, SP, Brasil", "lat": -22.9056391, "lng": -47.059564 }, "geometry": { "type": "Point", "coordinates": [ -47.059564, -22.9056391 ] } },
{ "type": "Feature", "properties": { "NR_ZONA": "380", "NR_SECAO": "67", "NR_LOCAL_VOTACAO": "1163", "NM_UE": "CAMPINAS", "endereco_geocode": "Campinas, SP, Brasil", "lat": -22.9056391, "lng": -47.059564 }, "geometry": { "type": "Point", "coordinates": [ -47.059564, -22.9056391 ] } },
{ "type": "Feature", "properties": { "NR_ZONA": "380", "NR_SECAO": "322", "NR_LOCAL_VOTACAO": "1465", "NM_UE": "CAMPINAS", "endereco_geocode": "Campinas, SP, Brasil", "lat": -22.9056391, "lng": -47.059564 }, "geometry": { "type": "Point", "coordinates": [ -47.059564, -22.9056391 ] } },
{ "type": "Feature", "properties": { "NR_ZONA": "275", "NR_SECAO": "524", "NR_LOCAL_VOTACAO": "1902", "NM_UE": "CAMPINAS", "endereco_geocode": "Campinas, SP, Brasil", "lat": -22.9056391, "lng": -47.059564 }, "geometry": { "type": "Point", "coordinates": [ -47.059564, -22.9056391 ] } },
{ "type": "Feature", "properties": { "NR_ZONA": "33", "NR_SECAO": "424", "NR_LOCAL_VOTACAO": "2267", "NM_UE": "CAMPINAS", "endereco_geocode": "Campinas, SP, Brasil", "lat": -22.9056391, "lng": -47.059564 }, "geometry": { "type": "Point", "coordinates": [ -47.059564, -22.9056391 ] } },
{ "type": "Feature", "properties": { "NR_ZONA": "275", "NR_SECAO": "584", "NR_LOCAL_VOTACAO": "1538", "NM_UE": "CAMPINAS", "endereco_geocode": "Campinas, SP, Brasil", "lat": -22.9056391, "lng": -47.059564 }, "geometry": { "type": "Point", "coordinates": [ -47.059564, -22.9056391 ] } },
{ "type": "Feature", "properties": { "NR_ZONA": "380", "NR_SECAO": "219", "NR_LOCAL_VOTACAO": "1422", "NM_UE": "CAMPINAS", "endereco_geocode": "Campinas, SP, Brasil", "lat": -22.9056391, "lng": -47.059564 }, "geometry": { "type": "Point", "coordinates": [ -47.059564, -22.9056391 ] } },
{ "type": "Feature", "properties": { "NR_ZONA": "33", "NR_SECAO": "534", "NR_LOCAL_VOTACAO": "2364", "NM_UE": "CAMPINAS", "endereco_geocode": "Campinas, SP, Brasil", "lat": -22.9056391, "lng": -47.059564 }, "geometry": { "type": "Point", "coordinates": [ -47.059564, -22.9056391 ] } },
{ "type": "Feature", "properties": { "NR_ZONA": "274", "NR_SECAO": "678", "NR_LOCAL_VOTACAO": "1830", "NM_UE": "CAMPINAS", "endereco_geocode": "Campinas, SP, Brasil", "lat": -22.9056391, "lng": -47.059564 }, "geometry": { "type": "Point", "coordinates": [ -47.059564, -22.9056391 ] } },
{ "type": "Feature", "properties": { "NR_ZONA": "378", "NR_SECAO": "398", "NR_LOCAL_VOTACAO": "1430", "NM_UE": "CAMPINAS", "endereco_geocode": "Campinas, SP, Brasil", "lat": -22.9056391, "lng": -47.059564 }, "geometry": { "type": "Point", "coordinates": [ -47.059564, -22.9056391 ] } },
{ "type": "Feature", "properties": { "NR_ZONA": "378", "NR_SECAO": "381", "NR_LOCAL_VOTACAO": "1430", "NM_UE": "CAMPINAS", "endereco_geocode": "Campinas, SP, Brasil", "lat": -22.9056391, "lng": -47.059564 }, "geometry": { "type": "Point", "coordinates": [ -47.059564, -22.9056391 ] } },
{ "type": "Feature", "properties": { "NR_ZONA": "33", "NR_SECAO": "542", "NR_LOCAL_VOTACAO": "2364", "NM_UE": "CAMPINAS", "endereco_geocode": "Campinas, SP, Brasil", "lat": -22.9056391, "lng": -47.059564 }, "geometry": { "type": "Point", "coordinates": [ -47.059564, -22.9056391 ] } },
{ "type": "Feature", "properties": { "NR_ZONA": "379", "NR_SECAO": "400", "NR_LOCAL_VOTACAO": "1430", "NM_UE": "CAMPINAS", "endereco_geocode": "Campinas, SP, Brasil", "lat": -22.9056391, "lng": -47.059564 }, "geometry": { "type": "Point", "coordinates": [ -47.059564, -22.9056391 ] } },
{ "type": "Feature", "properties": { "NR_ZONA": "379", "NR_SECAO": "296", "NR_LOCAL_VOTACAO": "1228", "NM_UE": "CAMPINAS", "endereco_geocode": "Campinas, SP, Brasil", "lat": -22.9056391, "lng": -47.059564 }, "geometry": { "type": "Point", "coordinates": [ -47.059564, -22.9056391 ] } },
{ "type": "Feature", "properties": { "NR_ZONA": "380", "NR_SECAO": "113", "NR_LOCAL_VOTACAO": "1309", "NM_UE": "CAMPINAS", "endereco_geocode": "Campinas, SP, Brasil", "lat": -22.9056391, "lng": -47.059564 }, "geometry": { "type": "Point", "coordinates": [ -47.059564, -22.9056391 ] } },
{ "type": "Feature", "properties": { "NR_ZONA": "423", "NR_SECAO": "303", "NR_LOCAL_VOTACAO": "1376", "NM_UE": "CAMPINAS", "endereco_geocode": "Campinas, SP, Brasil", "lat": -22.9056391, "lng": -47.059564 }, "geometry": { "type": "Point", "coordinates": [ -47.059564, -22.9056391 ] } },
{ "type": "Feature", "properties": { "NR_ZONA": "274", "NR_SECAO": "157", "NR_LOCAL_VOTACAO": "1201", "NM_UE": "CAMPINAS", "endereco_geocode": "Campinas, SP, Brasil", "lat": -22.9056391, "lng": -47.059564 }, "geometry": { "type": "Point", "coordinates": [ -47.059564, -22.9056391 ] } },
{ "type": "Feature", "properties": { "NR_ZONA": "380", "NR_SECAO": "358", "NR_LOCAL_VOTACAO": "1465", "NM_UE": "CAMPINAS", "endereco_geocode": "Campinas, SP, Brasil", "lat": -22.9056391, "lng": -47.059564 }, "geometry": { "type": "Point", "coordinates": [ -47.059564, -22.9056391 ] } },
{ "type": "Feature", "properties": { "NR_ZONA": "33", "NR_SECAO": "528", "NR_LOCAL_VOTACAO": "2356", "NM_UE": "CAMPINAS", "endereco_geocode": "Campinas, SP, Brasil", "lat": -22.9056391, "lng": -47.059564 }, "geometry": { "type": "Point", "coordinates": [ -47.059564, -22.9056391 ] } },
{ "type": "Feature", "properties": { "NR_ZONA": "378", "NR_SECAO": "281", "NR_LOCAL_VOTACAO": "1163", "NM_UE": "CAMPINAS", "endereco_geocode": "Campinas, SP, Brasil", "lat": -22.9056391, "lng": -47.059564 }, "geometry": { "type": "Point", "coordinates": [ -47.059564, -22.9056391 ] } },
{ "type": "Feature", "properties": { "NR_ZONA": "380", "NR_SECAO": "359", "NR_LOCAL_VOTACAO": "1481", "NM_UE": "CAMPINAS", "endereco_geocode": "Campinas, SP, Brasil", "lat": -22.9056391, "lng": -47.059564 }, "geometry": { "type": "Point", "coordinates": [ -47.059564, -22.9056391 ] } },
{ "type": "Feature", "properties": { "NR_ZONA": "378", "NR_SECAO": "538", "NR_LOCAL_VOTACAO": "1660", "NM_UE": "CAMPINAS", "endereco_geocode": "Campinas, SP, Brasil", "lat": -22.9056391, "lng": -47.059564 }, "geometry": { "type": "Point", "coordinates": [ -47.059564, -22.9056391 ] } },
{ "type": "Feature", "properties": { "NR_ZONA": "274", "NR_SECAO": "796", "NR_LOCAL_VOTACAO": "2097", "NM_UE": "CAMPINAS", "endereco_geocode": "Campinas, SP, Brasil", "lat": -22.9056391, "lng": -47.059564 }, "geometry": { "type": "Point", "coordinates": [ -47.059564, -22.9056391 ] } }
]
}
