nr_candidato,nm_candidato,sg_partido,ds_cargo,total_votos,zonas_com_voto,ano
23000,RAFAEL FERNANDO ZIMBALDI,CIDADANIA,Deputado Estadual,32579,7,2022
10200,HIGOR DIEGO RALLA,REPUBLICANOS,Deputado Estadual,28142,7,2022
50100,MARIANA CONTI TAKAHASHI,PSOL,Deputado Estadual,20917,7,2022
22922,VALERIA MULLER RAMOS BOLSONARO,PL,Deputado Estadual,20834,7,2022
13133,EDUARDO MATARAZZO SUPLICY,PT,Deputado Estadual,18750,7,2022
55655,ARTUR CASSEB ORSI,PSD,Deputado Estadual,17321,7,2022
44019,RODRIGO LUIS DE BARROS ALMEIDA,UNIÃO,Deputado Estadual,15525,7,2022
13199,PAOLLA CATHERINE DOS SANTOS MIGUEL AGARD,PT,Deputado Estadual,11841,7,2022
45200,CÉLIA CAMARGO LEÃO EDELMUTH,PSDB,Deputado Estadual,10749,7,2022
10123,GILMACI DOS SANTOS BARBOSA,REPUBLICANOS,Deputado Estadual,9700,7,2022
55400,MARTA MARIA FREIRE DA COSTA,PSD,Deputado Estadual,9398,7,2022
22100,BRUNO ZAMBELLI SALGADO,PL,Deputado Estadual,9348,7,2022
45678,LUIZ HENRIQUE CIRILO,PSDB,Deputado Estadual,9204,7,2022
40456,PERMÍNIO MONTEIRO DA SILVA,PSB,Deputado Estadual,9092,7,2022
10550,TOME ABDUCH,REPUBLICANOS,Deputado Estadual,9047,7,2022
23456,ANTONIO DIRCEU DALBEN,CIDADANIA,Deputado Estadual,8019,7,2022
22422,PAULO JORGE MANSUR NETO,PL,Deputado Estadual,7168,7,2022
13121,ANA LUCIA LIPPAUS PERUGINI,PT,Deputado Estadual,7156,7,2022
22120,GILDEVANIO ILSO DOS SANTOS DINIZ,PL,Deputado Estadual,7058,7,2022
22000,DIMAS MECCA SAMPAIO,PL,Deputado Estadual,6864,7,2022
50000,PAULA NUNES DOS SANTOS,PSOL,Deputado Estadual,6159,7,2022
30730,HENRIQUE MAGALHÃES TEIXEIRA,NOVO,Deputado Estadual,5906,7,2022
13300,WAGNER DE MELO ROMÃO,PT,Deputado Estadual,5618,7,2022
19519,EDUARDO DOS REIS MAGOGA,PODE,Deputado Estadual,5423,7,2022
22112,CARLOS CEZAR DA SILVA,PL,Deputado Estadual,5018,7,2022
22500,LUCAS DIEZ BOVE,PL,Deputado Estadual,4994,7,2022
44220,ANDRE CRISTHIANO CAYRES RIBEIRO,UNIÃO,Deputado Estadual,4806,7,2022
13112,EVELYN SILVA DO NASCIMENTO VICENTE DA SILVA,PT,Deputado Estadual,4727,7,2022
50777,PAULO ROBERTO BUFALO,PSOL,Deputado Estadual,4400,7,2022
44777,AUGUSTO ZACARIAS CORREA LEITE,UNIÃO,Deputado Estadual,4338,7,2022
22138,ROBERVAL CONTE LOPES LIMA,PL,Deputado Estadual,3929,7,2022
50789,CARLOS ALBERTO GIANNASI,PSOL,Deputado Estadual,3919,7,2022
22222,MARCOS ROBERTO DAMASIO DA SILVA,PL,Deputado Estadual,3768,7,2022
40000,ANDRÉA WERNER SILVA BONOLI,PSB,Deputado Estadual,3710,7,2022
65656,MARCIA REGINA QUINTANILHA,PC do B,Deputado Estadual,3683,7,2022
13120,CARLOS ROBERTO DE OLIVEIRA,PT,Deputado Estadual,3669,7,2022
50110,EDIANE MARIA DO NASCIMENTO,PSOL,Deputado Estadual,3668,7,2022
22444,MATHEUS COIMBRA MARTINS DE AGUIAR,PL,Deputado Estadual,3532,7,2022
13651,PAULO BATISTA DOS REIS,PT,Deputado Estadual,3224,7,2022
11777,ANTONIO ASSUNÇÃO DE OLIM,PP,Deputado Estadual,3057,7,2022
30600,LEONARDO DE SIQUEIRA LIMA,NOVO,Deputado Estadual,2985,7,2022
13016,THAINARA KAROLINE FARIA,PT,Deputado Estadual,2914,7,2022
19101,CLARICE CARASSOL AREVALO GANEM,PODE,Deputado Estadual,2910,7,2022
13123,MARIA IZABEL AZEVEDO NORONHA,PT,Deputado Estadual,2788,7,2022
10099,LEONICE ALVES DA PAZ,REPUBLICANOS,Deputado Estadual,2682,7,2022
13800,JORGE DO CARMO SILVA,PT,Deputado Estadual,2592,7,2022
13331,VERA LUCIA RODRIGUES DE FARIA,PT,Deputado Estadual,2519,7,2022
44007,FELIPE SOUZA MURAKAMI DE FRANCO,UNIÃO,Deputado Estadual,2436,7,2022
23888,LI LI MIN,CIDADANIA,Deputado Estadual,2426,7,2022
20123,HELIO DONIZETE ZANATTA,PSC,Deputado Estadual,2361,7,2022
12200,WILSON KELLER DE MATOS,PDT,Deputado Estadual,2360,7,2022
65035,LECI BRANDÃO DA SILVA,PC do B,Deputado Estadual,2311,7,2022
30130,MARIA CRISTINA DE OLIVEIRA,NOVO,Deputado Estadual,2164,7,2022
13654,JANDYRA MASSUE UEHARA ALVES,PT,Deputado Estadual,2154,7,2022
77040,ADILSON DE SOUZA ROCHA,SOLIDARIEDADE,Deputado Estadual,1898,7,2022
35555,DANILO RIDYER PALMA,PMB,Deputado Estadual,1880,7,2022
20320,JOSÉ CARLOS FURIOSO,PSC,Deputado Estadual,1878,7,2022
22180,RAQUEL KOBASHI GALLINATI LOMBARDI,PL,Deputado Estadual,1874,7,2022
18000,MARINA MEDEIROS HELOU,REDE,Deputado Estadual,1868,7,2022
50900,MÔNICA CRISTINA SEIXAS BONFIM,PSOL,Deputado Estadual,1862,7,2022
22343,THIAGO REIS AURICCHIO,PL,Deputado Estadual,1816,7,2022
13134,LUIZ FERNANDO TEIXEIRA FERREIRA,PT,Deputado Estadual,1756,7,2022
35352,FERNANDO LUIS COUTINHO NEVES,PMB,Deputado Estadual,1748,7,2022
44333,AMANDA VETTORAZZO CARNEIRO,UNIÃO,Deputado Estadual,1736,7,2022
13700,ANTONIO DONATO MADORMO,PT,Deputado Estadual,1707,7,2022
11190,RAFAEL HENRIQUE CANO TELHADA,PP,Deputado Estadual,1686,7,2022
44077,RAFAEL SARAIVA GAIA,UNIÃO,Deputado Estadual,1644,7,2022
55777,OSEIAS SANTOS DA SILVA,PSD,Deputado Estadual,1635,7,2022
13310,LUIZ CLAUDIO MARCOLINO,PT,Deputado Estadual,1631,7,2022
44999,RENATO DE SOUZA BATTISTA,UNIÃO,Deputado Estadual,1590,7,2022
15363,JOSÉ ROGERIO SOARES DOS SANTOS,MDB,Deputado Estadual,1575,7,2022
20190,LUIZ PAULO MADALHANO MAGALHÃES,PSC,Deputado Estadual,1487,7,2022
22555,FABIO ROGÉRIO CANDIDO,PL,Deputado Estadual,1478,7,2022
10000,JORGE WILSON GONÇALVES DE MATTOS,REPUBLICANOS,Deputado Estadual,1444,7,2022
22553,THELMA ELAINE BRASILEIRO ROBERTI,PL,Deputado Estadual,1365,7,2022
22007,DANILO MASCARENHAS DE BALAS,PL,Deputado Estadual,1362,7,2022
22051,FABIANA DE LIMA BARROSO,PL,Deputado Estadual,1360,7,2022
28357,MARDQUEU SILVIO FRANCA FILHO,PRTB,Deputado Estadual,1358,7,2022
45123,ROGERIO NOGUEIRA LOPES CRUZ,PSDB,Deputado Estadual,1320,7,2022
22900,FLAVIO GONÇALVES DA COSTA,PL,Deputado Estadual,1232,7,2022
44111,DANIEL BEZERRA RIBEIRO SOARES,UNIÃO,Deputado Estadual,1222,7,2022
40400,RENATA FALZONI,PSB,Deputado Estadual,1167,7,2022
50456,ADRIANA SCANAVEZ DOS SANTOS,PSOL,Deputado Estadual,1099,7,2022
13290,LEANDRO CÂNDIDO SOARES,PT,Deputado Estadual,1091,7,2022
15121,ANDRE CESAR COSTA,MDB,Deputado Estadual,1055,7,2022
10222,ÉLITON SOUSA LEITE,REPUBLICANOS,Deputado Estadual,1036,7,2022
44008,CESAR ROCHA ANDRADE DA SILVA,UNIÃO,Deputado Estadual,1003,7,2022
40153,LUCAS DE OLIVEIRA CARDOSO,PSB,Deputado Estadual,990,7,2022
20900,PAULO SERGIO GALTERIO,PSC,Deputado Estadual,954,7,2022
13113,MARCIA APARECIDA OVEJANEDA LIA,PT,Deputado Estadual,900,7,2022
13131,EMIDIO PEREIRA DE SOUZA,PT,Deputado Estadual,896,7,2022
10777,MANOEL BARBOSA DO NASCIMENTO,REPUBLICANOS,Deputado Estadual,895,7,2022
30555,LUCAS PAVANATO DE OLIVEIRA,NOVO,Deputado Estadual,857,7,2022
30153,MIRIAM MARIA ANTUNES DE SOUZA,NOVO,Deputado Estadual,849,7,2022
22541,RODRIGO AUGUSTO MORAES,PL,Deputado Estadual,848,7,2022
50005,GUILHERME DA COSTA AGUIAR CORTEZ,PSOL,Deputado Estadual,840,7,2022
19111,GERSON DOS SANTOS PIRES,PODE,Deputado Estadual,832,7,2022
22288,OSCAR CASTELO BRANCO DE LUCA,PL,Deputado Estadual,830,7,2022
55190,SÉRGIO DE MOURA CAVALCANTI,PSD,Deputado Estadual,813,7,2022
10999,RICARDO MOLINA DIAS,REPUBLICANOS,Deputado Estadual,805,7,2022
10100,AILDO RODRIGUES FERREIRA,REPUBLICANOS,Deputado Estadual,797,7,2022
50522,CHIRLEY MARIA DE SOUZA ALMEIDA SANTOS,PSOL,Deputado Estadual,791,7,2022
45000,BRUNA DIAS FURLAN VICENTE,PSDB,Deputado Estadual,783,7,2022
50500,DÉBORA ALVES CAMILO,PSOL,Deputado Estadual,769,7,2022
12345,MÁRCIO MASSAMI NAKASHIMA,PDT,Deputado Estadual,759,7,2022
12777,PEDRO JOSÉ DE PAULA,PDT,Deputado Estadual,747,7,2022
22008,FELIPE CARMONA CANTERA,PL,Deputado Estadual,747,7,2022
50700,NEON DOS AFONSO CUNHA,PSOL,Deputado Estadual,733,7,2022
15300,ITAMAR FRANCISCO MACHADO BORGES,MDB,Deputado Estadual,717,7,2022
30246,PAULO SÉRGIO CONTADOR MIRAS,NOVO,Deputado Estadual,714,7,2022
44118,EDMIR JOSE ABI CHEDID,UNIÃO,Deputado Estadual,709,7,2022
22808,FABRIZIO FASANO JUNIOR,PL,Deputado Estadual,700,7,2022
13066,ADÉLIA OLIVEIRA DE FARIAS,PT,Deputado Estadual,688,7,2022
22144,LUIZ CARLOS DA COSTA VALLE,PL,Deputado Estadual,661,7,2022
20000,MARCELO THEODORO DE AGUIAR,PSC,Deputado Estadual,659,7,2022
50550,RAUL MARCELO DE SOUZA,PSOL,Deputado Estadual,658,7,2022
13000,ALESSANDRO CÉZAR ARAÚJO AZEVEDO,PT,Deputado Estadual,631,7,2022
50300,KEITCHELE LIMA DA SILVA,PSOL,Deputado Estadual,627,7,2022
45245,DAMARIS DIAS MOURA KUO,PSDB,Deputado Estadual,608,7,2022
22223,DANILO BERTIPAGLIA BARNABÉ,PL,Deputado Estadual,594,7,2022
22038,AMERICO MASSAKI HIGUTI,PL,Deputado Estadual,587,7,2022
30500,SERGIO LUIZ VICTOR JUNIOR,NOVO,Deputado Estadual,581,7,2022
15190,SANDRA CANDIDO MORETTI,MDB,Deputado Estadual,577,7,2022
12321,CASEMIRO DOS REIS JÚNIOR,PDT,Deputado Estadual,575,7,2022
10017,DANILO CESAR CAMPETTI,REPUBLICANOS,Deputado Estadual,565,7,2022
11019,LUCIVÂNIA PINHEIRO BARBOSA,PP,Deputado Estadual,558,7,2022
23333,RICARDO MARCILIO MONTEIRO,CIDADANIA,Deputado Estadual,544,7,2022
13180,MARIA EDUARDA ALENCAR HIDALGO,PT,Deputado Estadual,525,7,2022
22221,SERGIO MATHEUS SANTOS GARCEZ,PL,Deputado Estadual,522,7,2022
40111,FÁBIO CESAR FERREIRA,PSB,Deputado Estadual,505,7,2022
22150,RAFAEL RIBEIRO ZUCCO,PL,Deputado Estadual,493,7,2022
55300,VALÉRIA APARECIDA COSTA TORRES,PSD,Deputado Estadual,492,7,2022
12555,ROBINSON FARINAZZO CASAL,PDT,Deputado Estadual,485,7,2022
45045,ISRAEL ALEXANDRE DE SOUZA,PSDB,Deputado Estadual,465,7,2022
80123,AMANDA OLIVEIRA BISPO,UP,Deputado Estadual,444,7,2022
30000,EDNEY BENEDITO SAMPAIO DUARTE JÚNIOR,NOVO,Deputado Estadual,437,7,2022
15000,JORGE LUIS CARUSO,MDB,Deputado Estadual,430,7,2022
65000,EWERTON DA SILVA CARVALHO,PC do B,Deputado Estadual,416,7,2022
18888,VICTOR AUGUSTO LINS MENDES,REDE,Deputado Estadual,413,7,2022
51051,EVERTON LUIZ FERNANDES SODARIO RAIMUNDO,PATRIOTA,Deputado Estadual,410,7,2022
43123,WILLDSON MENDES STAHN,PV,Deputado Estadual,402,7,2022
19333,GUILHERME ANDREW GONÇALVES DA SILVA,PODE,Deputado Estadual,400,7,2022
80000,LIGIA MENDES DA SILVA,UP,Deputado Estadual,396,7,2022
22322,DANIELE MAZUQUELI ALONSO,PL,Deputado Estadual,395,7,2022
20180,CLAUDETE MARTINS SANTOS DE ANDRADE,PSC,Deputado Estadual,393,7,2022
40300,CARMEN DA SILVA FERREIRA,PSB,Deputado Estadual,386,7,2022
65300,MARIANA NUNES DE MOURA SOUZA,PC do B,Deputado Estadual,380,7,2022
21000,GABRIEL VIGHY DE CARVALHO,PCB,Deputado Estadual,374,7,2022
22456,ANTONIO CARLOS ALBINO,PL,Deputado Estadual,367,7,2022
10111,RUI ALVES SOUZA JUNIOR,REPUBLICANOS,Deputado Estadual,367,7,2022
51050,CARLOS ROBERTO TOLEDO,PATRIOTA,Deputado Estadual,357,7,2022
15150,DIEGO LOPES DEL RIO,MDB,Deputado Estadual,356,7,2022
10700,EDSON PIRES SALOMÃO,REPUBLICANOS,Deputado Estadual,354,7,2022
11111,JOÃO JORGE FADEL FILHO,PP,Deputado Estadual,350,7,2022
19222,ADILSON DOMINGOS CENSI,PODE,Deputado Estadual,347,7,2022
23233,MARIO LACERDA SOUZA,CIDADANIA,Deputado Estadual,346,7,2022
40123,CAMILA GODOI DA SILVA RODRIGUES,PSB,Deputado Estadual,344,7,2022
44444,MARIA HELENA PASINI PEDROSO PETERNELLI,UNIÃO,Deputado Estadual,342,7,2022
40640,CAIO FRANÇA DE GOUVÊA GOMES,PSB,Deputado Estadual,338,7,2022
77888,CARLOS AUGUSTO DOS SANTOS,SOLIDARIEDADE,Deputado Estadual,332,7,2022
13555,SIMÃO PEDRO CHIOVETTI,PT,Deputado Estadual,325,7,2022
22250,ALISSON GUIMARÃES PEREIRA DE SOUZA,PL,Deputado Estadual,323,7,2022
12180,NAYLA DE SOUZA,PDT,Deputado Estadual,318,7,2022
11333,JOSE MENDES DE SOUZA NETO BOTA,PP,Deputado Estadual,313,7,2022
51011,INES REGINA SCISCI MACIEL,PATRIOTA,Deputado Estadual,311,7,2022
20500,LEANDRO JERONIMO BASSON,PSC,Deputado Estadual,308,7,2022
11022,LETICIA AGUIAR RESENDE ALVES,PP,Deputado Estadual,305,7,2022
13613,PAULO ROBERTO FIORILO,PT,Deputado Estadual,305,7,2022
45777,ALEXANDRE FROTA DE ANDRADE,PSDB,Deputado Estadual,303,7,2022
45545,JOSE ANTONIO BARROS MUNHOZ,PSDB,Deputado Estadual,302,7,2022
20600,GUSTAVO MESQUITA GALVÃO BUENO,PSC,Deputado Estadual,301,7,2022
19100,RICARDO LONGATTI FRANÇA,PODE,Deputado Estadual,300,7,2022
55000,ROBERTA MARIA GONÇALVES FRANCESCHI BOTION,PSD,Deputado Estadual,296,7,2022
22022,ANA PAULA ROSSI DE ALMEIDA MAGDESIAN,PL,Deputado Estadual,294,7,2022
10038,CAIQUE MAFRA BARBOSA,REPUBLICANOS,Deputado Estadual,293,7,2022
20020,MARCO ANTONIO BIOTO,PSC,Deputado Estadual,292,7,2022
22010,ANDRE LUIS BUENO,PL,Deputado Estadual,288,7,2022
40635,LAÍS HELENA ANTONIO DOS SANTOS ALOISE,PSB,Deputado Estadual,287,7,2022
22777,ALEXANDER MUNIZ DE OLIVEIRA,PL,Deputado Estadual,281,7,2022
19454,MARISTELA MORESCHI RIBEIRO NADER,PODE,Deputado Estadual,281,7,2022
13616,JOSEMUNDO DARIO QUEIROZ,PT,Deputado Estadual,273,7,2022
13011,MARIO MAURICI DE LIMA MORAIS,PT,Deputado Estadual,272,7,2022
13580,CARLOS ALBERTO MARCOS,PT,Deputado Estadual,272,7,2022
30310,SILVANA MARQUES MONTEIRO,NOVO,Deputado Estadual,269,7,2022
22888,GRACIELA DE LOURDES DAVID AMBROSIO,PL,Deputado Estadual,265,7,2022
28312,MICHAEL WILLI DA SILVA STREIDL,PRTB,Deputado Estadual,265,7,2022
22580,ANA CLAUDIA PERES LUCAS LOPES,PL,Deputado Estadual,259,7,2022
22200,DONIZETE ALVES BARBOSA,PL,Deputado Estadual,254,7,2022
50075,ANA CLAUDIA SILVA MIELKE,PSOL,Deputado Estadual,249,7,2022
77777,ALEXANDRE PEREIRA DA SILVA,SOLIDARIEDADE,Deputado Estadual,249,7,2022
19500,KLEBER CABRAL,PODE,Deputado Estadual,246,7,2022
51236,BRUNO LOPES ROVAI,PATRIOTA,Deputado Estadual,246,7,2022
30190,DOUGLAS HENRIQUE DE OLIVEIRA,NOVO,Deputado Estadual,246,7,2022
11110,CARLOS EDUARDO RICATTO,PP,Deputado Estadual,243,7,2022
44044,SOLANGE CRISTINA DE FREITAS,UNIÃO,Deputado Estadual,237,7,2022
55015,DECIO MARMIROLLI,PSD,Deputado Estadual,235,7,2022
28741,JOSÉ MACENA DA SILVA FILHO,PRTB,Deputado Estadual,234,7,2022
11567,HENRIQUE GOMES DE LIMA,PP,Deputado Estadual,232,7,2022
10196,MAYRA ROSANNA GAMA DE ARAÚJO SILVA DA COSTA,REPUBLICANOS,Deputado Estadual,230,7,2022
13333,THAISE BEZERRA PACHECO SANTOS,PT,Deputado Estadual,228,7,2022
13013,ALEXYA LUCAS EVANGELISTA SALVADOR,PT,Deputado Estadual,228,7,2022
10120,MARCO ANTONIO ZANONI BUENO,REPUBLICANOS,Deputado Estadual,228,7,2022
50011,MARIANA FELIX SANTOS,PSOL,Deputado Estadual,227,7,2022
22190,SERGIO CALDAS SANTANA,PL,Deputado Estadual,226,7,2022
13110,TEONÍLIO MONTEIRO DA COSTA,PT,Deputado Estadual,225,7,2022
22999,ANDRE LUIS DO PRADO,PL,Deputado Estadual,222,7,2022
19800,MURILO BERBERT AVIGO FELIX,PODE,Deputado Estadual,219,7,2022
19020,URIÃ FANCELLI BAUMGARTNER,PODE,Deputado Estadual,219,7,2022
12000,VICTOR HENRIQUE MARQUES,PDT,Deputado Estadual,218,7,2022
44250,MILTON LEITE DA SILVA FILHO,UNIÃO,Deputado Estadual,216,7,2022
51023,FABIANA APARECIDA BRITO ERNANE,PATRIOTA,Deputado Estadual,215,7,2022
22233,SIRINEU DE ARAUJO SANTOS,PL,Deputado Estadual,214,7,2022
22122,MARCIA TAPIGLIANI BAPTISTA,PL,Deputado Estadual,214,7,2022
65555,WAGNER CIPRIANO ARAUJO,PC do B,Deputado Estadual,213,7,2022
55555,HELIO BRESSAN,PSD,Deputado Estadual,213,7,2022
77771,TELMA MARIA CARDIA,SOLIDARIEDADE,Deputado Estadual,209,7,2022
65180,CARINA VITRAL COSTA,PC do B,Deputado Estadual,206,7,2022
13900,JULIANA SOARES DO NASCIMENTO,PT,Deputado Estadual,206,7,2022
22123,RICARDO ROSSI MADALENA,PL,Deputado Estadual,205,7,2022
11125,CAIO FIORI DIAS,PP,Deputado Estadual,205,7,2022
12122,GILBERTO APARECIDO BORGES,PDT,Deputado Estadual,205,7,2022
22090,JOSE BRAZ DE OLIVEIRA JUNIOR,PL,Deputado Estadual,202,7,2022
45145,GIOVANNA GUIMARÃES TRIPOLI VON USLAR,PSDB,Deputado Estadual,199,7,2022
22012,JULIO CESAR PEREIRA DE SOUZA,PL,Deputado Estadual,199,7,2022
13192,MARCOS MONTANI CASEIRO,PT,Deputado Estadual,190,7,2022
15678,MARCELO FORTES BARBIERI,MDB,Deputado Estadual,186,7,2022
43000,CLAUDIA VISONI,PV,Deputado Estadual,184,7,2022
28285,LEANDRO FERREIRA FELICIANO,PRTB,Deputado Estadual,184,7,2022
13456,ELISABETH SAHÃO,PT,Deputado Estadual,179,7,2022
45011,FAOUAZ TAHA,PSDB,Deputado Estadual,177,7,2022
10333,ALTAIR MORAES DE OLIVEIRA,REPUBLICANOS,Deputado Estadual,177,7,2022
40777,PETERSON RUAN AIELLO DO COUTO RAMOS,PSB,Deputado Estadual,175,7,2022
19777,EDSON RODRIGUES,PODE,Deputado Estadual,173,7,2022
22550,LUCAS PAVAN ZANATTA,PL,Deputado Estadual,172,7,2022
35019,TIAGO MANOEL CAETANO,PMB,Deputado Estadual,171,7,2022
50501,DJALMA NERY FERREIRA NETO,PSOL,Deputado Estadual,170,7,2022
19700,CARLOS ALEXANDRE VIANNA SOARES,PODE,Deputado Estadual,169,7,2022
45680,CARLA SARDANO MORANDO,PSDB,Deputado Estadual,167,7,2022
10202,CLEMILTON ALVES DA SILVA,REPUBLICANOS,Deputado Estadual,165,7,2022
40001,ISABELA RODAS MESSIAS,PSB,Deputado Estadual,164,7,2022
40012,TALITA DE LIMA BARBOSA,PSB,Deputado Estadual,158,7,2022
22622,JOSEPH RAFFOUL JUNIOR,PL,Deputado Estadual,158,7,2022
40121,MÁRIO MEDEIROS NETO,PSB,Deputado Estadual,156,7,2022
13400,CHEILA MARIA SUBENKO OLALLA,PT,Deputado Estadual,156,7,2022
45180,PATRÍCIA GAMA DE QUADROS BEZERRA,PSDB,Deputado Estadual,154,7,2022
40222,GABRIELA VARGAS SABINO,PSB,Deputado Estadual,153,7,2022
22678,ISAC FELIX DOS SANTOS,PL,Deputado Estadual,153,7,2022
15500,MARIA DO CARMO GUILHERME,MDB,Deputado Estadual,152,7,2022
45232,CARLOS EDUARDO PIGNATARI,PSDB,Deputado Estadual,150,7,2022
77192,AGNALDO PISCOPO,SOLIDARIEDADE,Deputado Estadual,147,7,2022
35051,LIGIA MAYUMI FUNAKI,PMB,Deputado Estadual,147,7,2022
13222,JULIANA FRAGA E SILVA DE SOUZA,PT,Deputado Estadual,143,7,2022
44001,EDSON DE OLIVEIRA GIRIBONI,UNIÃO,Deputado Estadual,143,7,2022
22400,MARILZA JOANA GARCIA DE MELO,PL,Deputado Estadual,142,7,2022
10087,MARCO ROBERTO DA SILVA,REPUBLICANOS,Deputado Estadual,139,7,2022
40321,ABIDAN HENRIQUE DA SILVA,PSB,Deputado Estadual,139,7,2022
44100,VITOR ABOU ANNI,UNIÃO,Deputado Estadual,139,7,2022
43033,THIAGO RODRIGO MARTINS,PV,Deputado Estadual,139,7,2022
51351,FRANCISCO ANTONIO DA SILVA,PATRIOTA,Deputado Estadual,138,7,2022
13114,ENIO FRANCISCO TATTO,PT,Deputado Estadual,137,7,2022
20012,ELTON ALVES RIBEIRO DE CARVALHO JUNIOR,PSC,Deputado Estadual,137,7,2022
12312,ADOLFO BASSO,PDT,Deputado Estadual,136,7,2022
55123,RAFAEL ANTONIO DA SILVA,PSD,Deputado Estadual,136,7,2022
23023,ANA CAROLINA ROSSI BARRETO SERRA,CIDADANIA,Deputado Estadual,135,7,2022
22433,JOSE GUSTAVO DUARTE DE ARAÚJO,PL,Deputado Estadual,134,7,2022
22299,VICENTE FERNANDES CASCIONE,PL,Deputado Estadual,134,7,2022
16555,MAÍRA MACHADO RODRIGUES,PSTU,Deputado Estadual,134,7,2022
19069,ROBERTO MIGUEL REY JUNIOR,PODE,Deputado Estadual,134,7,2022
55055,CAROLINE STEINMETZ,PSD,Deputado Estadual,133,7,2022
44222,JORGE TADEU MUDALEN,UNIÃO,Deputado Estadual,133,7,2022
22099,CRISTIANY DE CASTRO,PL,Deputado Estadual,133,7,2022
51006,ANDREIA PEREIRA FERRAZ,PATRIOTA,Deputado Estadual,132,7,2022
40077,EDSON FLORINDO PEREIRA,PSB,Deputado Estadual,130,7,2022
55455,JOSÉ CARLOS TREVENZOLLI FILHO,PSD,Deputado Estadual,129,7,2022
30972,ALEXANDRA DE ABREU,NOVO,Deputado Estadual,128,7,2022
44025,FERNANDO GALVAO MOURA,UNIÃO,Deputado Estadual,128,7,2022
13130,FERNANDO SOUZA PUGA,PT,Deputado Estadual,128,7,2022
44122,JOSE ALDO DEMARCHI,UNIÃO,Deputado Estadual,127,7,2022
10456,EDNA BEZERRA SAMPAIO FERNANDES,REPUBLICANOS,Deputado Estadual,127,7,2022
23623,ROBERTO TURCHI DE MORAIS,CIDADANIA,Deputado Estadual,126,7,2022
45222,ANDRÉ GASPARINI SPADARO,PSDB,Deputado Estadual,126,7,2022
40040,MAYARA OLIVEIRA TORRES DA SILVA,PSB,Deputado Estadual,125,7,2022
51013,MÁRCIA DE FÁTIMA MORAIS,PATRIOTA,Deputado Estadual,125,7,2022
65013,ROZANA FONSECA BARROSO DA SILVA,PC do B,Deputado Estadual,123,7,2022
15153,CÍCERO LUIZ DE BRITO,MDB,Deputado Estadual,123,7,2022
12123,DOUGLAS AUGUSTO PINHEIRO DE OLIVEIRA,PDT,Deputado Estadual,119,7,2022
15622,GEORGE VATUTIN HATO,MDB,Deputado Estadual,118,7,2022
13500,ANDREIA TEIXEIRA BATISTA,PT,Deputado Estadual,118,7,2022
19999,ALVARO COSTA VIEIRA,PODE,Deputado Estadual,118,7,2022
30444,ADALGISA SOLANGE SPINA,NOVO,Deputado Estadual,117,7,2022
51556,LUIZ CARLOS DO ESPÍRITO SANTO,PATRIOTA,Deputado Estadual,116,7,2022
55101,FRANCISCO DA COSTA NETO,PSD,Deputado Estadual,115,7,2022
30300,JOÃO VESTIM GRANDE,NOVO,Deputado Estadual,115,7,2022
10147,CLAUDIO ERNANI MARCONDES DE MIRANDA,REPUBLICANOS,Deputado Estadual,115,7,2022
19888,JAE KRUN PARK KIM,PODE,Deputado Estadual,114,7,2022
22232,ANA CRISTINA VARGAS CALDEIRA,PL,Deputado Estadual,114,7,2022
13019,JOÃO GUILHERME BENETTI RAMOS,PT,Deputado Estadual,114,7,2022
45400,ANALICE FERNANDES,PSDB,Deputado Estadual,113,7,2022
13270,THIAGO HENRIQUE MAIA SORATTO,PT,Deputado Estadual,113,7,2022
28190,LUCIANO GALESCO,PRTB,Deputado Estadual,113,7,2022
13004,TELMA SANDRA AUGUSTO DE SOUZA,PT,Deputado Estadual,111,7,2022
22822,ANTONIO GINACK JUNIOR,PL,Deputado Estadual,110,7,2022
18420,RUBENS EDUARDO DOCAMPO ANTONINI,REDE,Deputado Estadual,110,7,2022
22058,ANDROMEDES BARBOSA OKABE,PL,Deputado Estadual,109,7,2022
44190,ADMILSON DE SOUZA,UNIÃO,Deputado Estadual,108,7,2022
23123,CAROLINE GOMES FERREIRA DE MELLO,CIDADANIA,Deputado Estadual,107,7,2022
28444,DANIELLE GOMES DE CARVALHO,PRTB,Deputado Estadual,107,7,2022
13313,RENATO MORENI AIRES DA SILVA,PT,Deputado Estadual,106,7,2022
19000,RAUL APARECIDO GONÇALVES PAULA,PODE,Deputado Estadual,105,7,2022
21100,FABIANA TAYANE MEDRADO DA CRUZ,PCB,Deputado Estadual,103,7,2022
50020,JULIO CEZAR DE ANDRADE,PSOL,Deputado Estadual,103,7,2022
51280,MONIZ JOSE BIELAWSKI RIBEIRO,PATRIOTA,Deputado Estadual,103,7,2022
22212,TIAGO FINESSI,PL,Deputado Estadual,102,7,2022
30030,MONICA RAMIRES FERRAZ CURY,NOVO,Deputado Estadual,102,7,2022
77010,JONES DONIZETTE SOBRINHO,SOLIDARIEDADE,Deputado Estadual,100,7,2022
10190,HELENA DOS SANTOS REIS,REPUBLICANOS,Deputado Estadual,100,7,2022
22111,CLAUDIO NAZARENO SOUZA DE QUEIROZ,PL,Deputado Estadual,98,7,2022
55033,MARIA CONSTANTINO EMIDIO,PSD,Deputado Estadual,98,7,2022
22522,JOSE FERNANDES DE LIRA JUNIOR,PL,Deputado Estadual,97,7,2022
45452,LEILA BEDANI FERREIRA,PSDB,Deputado Estadual,96,7,2022
13330,ALEX SANDRO GOMES,PT,Deputado Estadual,96,7,2022
44744,ADRIANA CRISTINA SGRIGNEIRO NUNES,UNIÃO,Deputado Estadual,95,7,2022
44156,ALINE CARBALLO TEIXEIRA,UNIÃO,Deputado Estadual,94,7,2022
50420,FERNANDO TAVARES ARAÚJO DA SILVA,PSOL,Deputado Estadual,94,7,2022
30331,ANA PAULA MAGALHÃES DA SILVA PETILI,NOVO,Deputado Estadual,93,7,2022
11100,GUILHERME LAZO SOLANO NETO,PP,Deputado Estadual,93,7,2022
22762,JOSE CARLOS FERNANDES,PL,Deputado Estadual,92,7,2022
12222,ANTONIO DA ROCHA MARMO CEZAR,PDT,Deputado Estadual,91,7,2022
30800,RODRIGO BRUNO NAHAS,NOVO,Deputado Estadual,90,7,2022
40789,JOSÉ ANTÔNIO FERREIRA,PSB,Deputado Estadual,89,7,2022
15001,HUGO MOREIRA SANTOS,MDB,Deputado Estadual,88,7,2022
40013,CELSO DA SILVA,PSB,Deputado Estadual,88,7,2022
11212,HELIO JOSÉ DOS SANTOS,PP,Deputado Estadual,88,7,2022
55888,SÔNIA REGINA RODRIGUES MÓDENA,PSD,Deputado Estadual,87,7,2022
10555,VITOR ALEXANDRE RODRIGUES,REPUBLICANOS,Deputado Estadual,87,7,2022
45122,ALESSANDRA VIEIRA DE CAMARGO TELES,PSDB,Deputado Estadual,85,7,2022
35190,REINALDO PEREIRA ZACHARIAS,PMB,Deputado Estadual,85,7,2022
28000,JOSE VINICIUS CAMPOS AITH,PRTB,Deputado Estadual,85,7,2022
20120,OZELITO JOSÉ BENEDITO,PSC,Deputado Estadual,84,7,2022
35931,ELIANA SÃO ROQUE MARTINS,PMB,Deputado Estadual,84,7,2022
50013,ALDENIR DIAS DOS SANTOS,PSOL,Deputado Estadual,84,7,2022
45789,VINICIUS ALMEIDA CAMARINHA,PSDB,Deputado Estadual,83,7,2022
55030,AUGUSTO DOS REIS FERREIRA,PSD,Deputado Estadual,83,7,2022
20147,ANISTALDO LUIZ LOPES DA SILVA,PSC,Deputado Estadual,83,7,2022
13147,MARIANA ROSSETO SANTOS,PT,Deputado Estadual,83,7,2022
45455,ALEXANDRE RIBEIRO MUSTAFA,PSDB,Deputado Estadual,81,7,2022
40112,LEIDE MENGATTI,PSB,Deputado Estadual,80,7,2022
10122,GILSON DE SOUZA,REPUBLICANOS,Deputado Estadual,80,7,2022
45555,PEDRO MOTOITIRO KAWAI,PSDB,Deputado Estadual,79,7,2022
22333,EDNALDO DOS SANTOS PASSOS,PL,Deputado Estadual,78,7,2022
10600,FLEITAS FIDELES MONTEIRO,REPUBLICANOS,Deputado Estadual,78,7,2022
55222,RAUL VICENTINI,PSD,Deputado Estadual,77,7,2022
10321,SEBASTIÃO DOS SANTOS FILHO,REPUBLICANOS,Deputado Estadual,77,7,2022
19299,EDUARDO LIMA DE SOUZA,PODE,Deputado Estadual,77,7,2022
40999,ABDULBASET JAROUR,PSB,Deputado Estadual,76,7,2022
11000,JEFERSON MODESTO SILVA,PP,Deputado Estadual,76,7,2022
45888,ADALBERTO GODOY FREITAS,PSDB,Deputado Estadual,75,7,2022
35099,JOÃO DA CONCEIÇÃO SILVA PAP,PMB,Deputado Estadual,75,7,2022
30333,EDSON TEIXEIRA,NOVO,Deputado Estadual,74,7,2022
29029,NATÁLIA BRAGA COSTA PIMENTA,PCO,Deputado Estadual,74,7,2022
10114,VALDECIR SOUZA DOS SANTOS,REPUBLICANOS,Deputado Estadual,73,7,2022
12600,JUSSARA APARECIDA FERNANDES,PDT,Deputado Estadual,73,7,2022
20100,FELIPE TALVANI SONTINI,PSC,Deputado Estadual,72,7,2022
22290,JUCIANE APARECIDA DA CUNHA,PL,Deputado Estadual,72,7,2022
12212,NEUDES RIBEIRO DE CARVALHO,PDT,Deputado Estadual,71,7,2022
20202,JOHN GOKI KAGE,PSC,Deputado Estadual,71,7,2022
35180,PAULO DE OLIVEIRA ENEAS,PMB,Deputado Estadual,70,7,2022
35000,LAERCIO BENKO LOPES,PMB,Deputado Estadual,69,7,2022
13513,CAROLINA MALAVAZZI GALVÃO,PT,Deputado Estadual,68,7,2022
44400,RAFAEL ELIAS MACHADO PEREIRA ANTUNES,UNIÃO,Deputado Estadual,68,7,2022
22230,ANNE CAROLINE SILVA,PL,Deputado Estadual,68,7,2022
22030,JOÃO CÉSAR DE MORAES,PL,Deputado Estadual,68,7,2022
44456,FERNANDO HENRIQUE CURY,UNIÃO,Deputado Estadual,68,7,2022
11222,SAULO DE OLIVEIRA SOUZA,PP,Deputado Estadual,67,7,2022
77788,HERY WALDIR KATTWINKEL JUNIOR,SOLIDARIEDADE,Deputado Estadual,66,7,2022
15555,FERNANDA MORENO DA SILVA,MDB,Deputado Estadual,65,7,2022
50008,CINTIA VANESSA GOMES,PSOL,Deputado Estadual,65,7,2022
28177,MARCELO LOPES,PRTB,Deputado Estadual,65,7,2022
16100,CRISTIANE BANHOL,PSTU,Deputado Estadual,64,7,2022
30011,MARCOS ANTONIO HOMSI GARCIA,NOVO,Deputado Estadual,63,7,2022
22011,KAREN LIMA VIEIRA,PL,Deputado Estadual,62,7,2022
30100,EMILIO CURY JUNIOR,NOVO,Deputado Estadual,61,7,2022
22338,ROGÉRIO DA SILVA SANTOS,PL,Deputado Estadual,61,7,2022
13100,GARRY DERALUS,PT,Deputado Estadual,61,7,2022
20250,DÁRIO CASSIANO DE SOUZA,PSC,Deputado Estadual,60,7,2022
12121,PAULA MAYARA DARRÔ MARTINS ROCHA FILZEK,PDT,Deputado Estadual,60,7,2022
10055,IARA FRANCISCA DOS SANTOS,REPUBLICANOS,Deputado Estadual,59,7,2022
51000,LUIS CLAUDIO LAPENA BARRETO,PATRIOTA,Deputado Estadual,59,7,2022
15556,ADRIANA VASCONCELLOS VIEIRA DE OLIVEIRA LUIZ,MDB,Deputado Estadual,59,7,2022
51777,CLEBER BROCH,PATRIOTA,Deputado Estadual,59,7,2022
19200,DANIEL DA ROCHA MARTINI,PODE,Deputado Estadual,58,7,2022
22300,RICARDO RIBEIRO PEDROSO,PL,Deputado Estadual,58,7,2022
55022,ANDRÉ LUIZ PREVIATO KODJAOGLANIAN,PSD,Deputado Estadual,58,7,2022
13360,MIRIAM MANETTA ALGARRA,PT,Deputado Estadual,57,7,2022
20333,VALDENIR JOSÉ BITIU,PSC,Deputado Estadual,57,7,2022
22700,EDNE JOSE PIFFER JUNIOR,PL,Deputado Estadual,57,7,2022
12003,MARCO ANTONIO ALVES JORGE,PDT,Deputado Estadual,57,7,2022
10910,ANTÔNIO CARLOS DA SILVA,REPUBLICANOS,Deputado Estadual,57,7,2022
19321,LEONARDO DA SILVA BRIGAGÃO,PODE,Deputado Estadual,57,7,2022
28887,CLAUDINEI VIEIRA SOARES,PRTB,Deputado Estadual,57,7,2022
22330,GIOVANNI BARBIERATTO,PL,Deputado Estadual,56,7,2022
15910,ERNESTO TEIXEIRA DA CUNHA,MDB,Deputado Estadual,56,7,2022
51003,RENATO DE SOUZA OLIVEIRA,PATRIOTA,Deputado Estadual,55,7,2022
20522,RENAN DIAS DA MATA,PSC,Deputado Estadual,55,7,2022
51133,NELSON PEDRO ROJA JUNIOR,PATRIOTA,Deputado Estadual,55,7,2022
12033,ADRIANA GOMES,PDT,Deputado Estadual,55,7,2022
22800,CLODOALDO APARECIDO DE MORAES,PL,Deputado Estadual,54,7,2022
13200,CONSTANTINO CURY NETO,PT,Deputado Estadual,54,7,2022
13789,ROMULO CESAR FERNANDES,PT,Deputado Estadual,54,7,2022
45125,MAURO BRAGATO,PSDB,Deputado Estadual,54,7,2022
12645,LEONARDO LORO MARTINS PINTO,PDT,Deputado Estadual,54,7,2022
10110,ABELARDO WANDERLINO DA COSTA NETO,REPUBLICANOS,Deputado Estadual,54,7,2022
19019,GERSON DIAS PESSOA,PODE,Deputado Estadual,53,7,2022
10500,DOUGLAS ALBERTO SANTOS,REPUBLICANOS,Deputado Estadual,53,7,2022
40500,GRAZIELA COSTA LEITE,PSB,Deputado Estadual,53,7,2022
50321,BRUNA CHAMAS BIONDI,PSOL,Deputado Estadual,52,7,2022
10422,THIAGO ANTONIO BRIGANO,REPUBLICANOS,Deputado Estadual,52,7,2022
65123,PEDRO ANTONIO BIGARDI,PC do B,Deputado Estadual,52,7,2022
18180,BUDGA DEROBY NHAMBIQUARA,REDE,Deputado Estadual,52,7,2022
22001,MONICA BATALHA PRADO,PL,Deputado Estadual,52,7,2022
19001,ATAIDE TERUEL PEREZ,PODE,Deputado Estadual,52,7,2022
77566,JAMIL AKIO ONO,SOLIDARIEDADE,Deputado Estadual,51,7,2022
10511,CLAUDIO MASANOBU TERASAKA,REPUBLICANOS,Deputado Estadual,50,7,2022
12750,GILBERTO JEFFERSON DE BARROS,PDT,Deputado Estadual,50,7,2022
44363,TANIA CRISTINA FRUCHI,UNIÃO,Deputado Estadual,49,7,2022
19456,ADRIANO SANTANA DOS SANTOS,PODE,Deputado Estadual,49,7,2022
15200,CAIO VINICIUS DE MOURA LUZ,MDB,Deputado Estadual,49,7,2022
19021,JOSÉ WALTER FIGUEIREDO SILVA,PODE,Deputado Estadual,49,7,2022
22211,CARLOS AGUIAR DE ANDRADE,PL,Deputado Estadual,49,7,2022
13713,ROMULO ORNELAS DE OLIVEIRA,PT,Deputado Estadual,49,7,2022
19900,MARCOS PAULO TAVARES FURLAN,PODE,Deputado Estadual,48,7,2022
15990,ROMAR WILLIAM CULLEN DELLAPIAZZA,MDB,Deputado Estadual,48,7,2022
11123,AUDREY KLEYS CABRAL DE OLIVEIRA DINAU,PP,Deputado Estadual,48,7,2022
22390,JULIANO DA SILVA MELO,PL,Deputado Estadual,47,7,2022
55456,EFANEU NOLASCO GODINHO,PSD,Deputado Estadual,47,7,2022
45114,MARIA LUCIA CARDOSO PINTO AMARY,PSDB,Deputado Estadual,47,7,2022
13444,EDNA DA SILVA DELLA NINA,PT,Deputado Estadual,46,7,2022
35305,LUIS CARLOS FABIANI,PMB,Deputado Estadual,46,7,2022
45151,JOSÉ BERNARDO ORTIZ MONTEIRO JÚNIOR,PSDB,Deputado Estadual,46,7,2022
20200,WELINGTON APARECIDO ALFREDO,PSC,Deputado Estadual,46,7,2022
11334,RODRIGO DE PAULA RUIS,PP,Deputado Estadual,46,7,2022
15315,ADEMIR MARTINS BOAVENTURA,MDB,Deputado Estadual,46,7,2022
15222,FERNANDO MARTINS DOS SANTOS,MDB,Deputado Estadual,46,7,2022
10900,MARCOS VINÍCIO BILANCIERI,REPUBLICANOS,Deputado Estadual,45,7,2022
12456,RAI SAYLON DE PAULA RIBEIRO,PDT,Deputado Estadual,45,7,2022
15345,MARCELO COSTA DEL BOSCO AMARAL,MDB,Deputado Estadual,44,7,2022
15770,CINTIA ROBERTA SILVA RODRIGUES,MDB,Deputado Estadual,44,7,2022
45111,MACIEL DOS SANTOS ROCHA,PSDB,Deputado Estadual,44,7,2022
55522,CLAUDIO CESAR SILVA APOLINARIO,PSD,Deputado Estadual,44,7,2022
50111,DANILO PRISEAJNIUC BIFONE,PSOL,Deputado Estadual,44,7,2022
20057,WAGNER DE AVILA RIBEIRO,PSC,Deputado Estadual,43,7,2022
10010,VANESSA GALLONI CARRERA,REPUBLICANOS,Deputado Estadual,43,7,2022
13127,BRUNO RAMOS DA SILVA,PT,Deputado Estadual,43,7,2022
50010,ÉRIKA FERNANDA CÂNDIDO,PSOL,Deputado Estadual,43,7,2022
50650,ANTONIO BIAGIO VESPOLI,PSOL,Deputado Estadual,43,7,2022
20700,THIAGO RODRIGO ROCHITI,PSC,Deputado Estadual,43,7,2022
30007,DIOGO DE FREITAS VALEIRO GARCIA,NOVO,Deputado Estadual,42,7,2022
10070,WALTER PEREIRA FERREIRA,REPUBLICANOS,Deputado Estadual,42,7,2022
40133,JOÃO CARLOS CARAMEZ,PSB,Deputado Estadual,42,7,2022
30005,TAIS ALEXANDRE ZUZA CUSTÓDIO,NOVO,Deputado Estadual,41,7,2022
15144,EVERSON MARCOS DE OLIVEIRA,MDB,Deputado Estadual,41,7,2022
30700,LUCAS ROMERO DA SILVA,NOVO,Deputado Estadual,41,7,2022
11888,DANIELA DE OLIVEIRA SOUZA SOUTO,PP,Deputado Estadual,40,7,2022
44500,CARLOS LOTHAR KAUTZA,UNIÃO,Deputado Estadual,40,7,2022
18013,ANTONIO CARLOS MUNHOZ,REDE,Deputado Estadual,40,7,2022
30303,DANIELLI CRISTIAN CARDOSO RÔA,NOVO,Deputado Estadual,40,7,2022
22556,CARLOS EDUARDO THOMAZ PEDROSO,PL,Deputado Estadual,40,7,2022
20022,LUIS DONIZETTI VAZ JUNIOR,PSC,Deputado Estadual,40,7,2022
22002,REGIS LEANDRO YASUMURA,PL,Deputado Estadual,39,7,2022
11611,ADRIANA APARECIDA FELIX,PP,Deputado Estadual,39,7,2022
44300,GILBERTO DANIEL JUNIOR,UNIÃO,Deputado Estadual,39,7,2022
45454,RENATO PUPO DE PAULA,PSDB,Deputado Estadual,39,7,2022
13301,ROMILDO ANTONIO DA SILVA,PT,Deputado Estadual,39,7,2022
11120,DANIEL JOSÉ MILLER DE AZEVEDO,PP,Deputado Estadual,39,7,2022
30015,CAROLINA ZANIRATO BUZONI,NOVO,Deputado Estadual,38,7,2022
30999,ANDRÉ LUIZ NAVARRO GARCIA MANZANO,NOVO,Deputado Estadual,38,7,2022
35083,EDVAN LIMA BARBOSA,PMB,Deputado Estadual,38,7,2022
19252,FÁBIO FARIAS DE SÁ,PODE,Deputado Estadual,37,7,2022
30321,VALMARA CRISTINA DE PAULA CAMARGO,NOVO,Deputado Estadual,37,7,2022
50400,PRISCILLA BERNARDES AIRES PEDROSA,PSOL,Deputado Estadual,37,7,2022
45019,ISABEL CRISTINA DA SILVA MARCELINO VIEIRA,PSDB,Deputado Estadual,37,7,2022
19133,TATIANA DE FREITAS SIVIERO,PODE,Deputado Estadual,37,7,2022
51447,CARLOS ALBERTO FABRINI,PATRIOTA,Deputado Estadual,37,7,2022
50001,CLAUDIA APARECIDA DE MELLO MONTANARI,PSOL,Deputado Estadual,37,7,2022
50012,JÉSSICA MARQUES RIBEIRO,PSOL,Deputado Estadual,37,7,2022
15333,ALLINY FERNANDA SARTORI PADALINO ROGÉRIO,MDB,Deputado Estadual,37,7,2022
15123,OCIMAR DONIZETI LEO OLIVEIRA,MDB,Deputado Estadual,37,7,2022
55077,LAURA HIROMI KAMIA,PSD,Deputado Estadual,36,7,2022
10001,RALFI RAFAEL DA SILVA,REPUBLICANOS,Deputado Estadual,36,7,2022
65010,MARCOS JESUS DOS SANTOS,PC do B,Deputado Estadual,36,7,2022
45240,VANDERLEI BORGES DE CARVALHO,PSDB,Deputado Estadual,36,7,2022
22600,UBIRATAN SILVEIRA GARCIA,PL,Deputado Estadual,36,7,2022
51010,OSVALDO DA SILVA LOBEIRO MACHADO,PATRIOTA,Deputado Estadual,35,7,2022
15158,ANDRÉA DE PAULA SANTOS,MDB,Deputado Estadual,35,7,2022
40211,VALDOMIRO LOPES DA SILVA JUNIOR,PSB,Deputado Estadual,35,7,2022
13650,MARCELO RIBEIRO DA SILVA,PT,Deputado Estadual,35,7,2022
19190,MAURO MARQUES DAS NEVES,PODE,Deputado Estadual,35,7,2022
22373,ALESSANDRA ALMEIDA PEREIRA,PL,Deputado Estadual,35,7,2022
18123,EMERSON MARCIO VITALINO,REDE,Deputado Estadual,34,7,2022
50033,REGINA CÉLIA GONÇALVES DOS SANTOS,PSOL,Deputado Estadual,34,7,2022
20150,NILSON PEREIRA DUARTE,PSC,Deputado Estadual,34,7,2022
55699,PAULO ALVES CORRÊA JUNIOR,PSD,Deputado Estadual,34,7,2022
30330,SILVIA BARNABE,NOVO,Deputado Estadual,33,7,2022
22225,JOSE CARLOS FERREIRA VILELA,PL,Deputado Estadual,33,7,2022
45780,MARCOS ANTONIO ZERBINI,PSDB,Deputado Estadual,33,7,2022
15999,CÁSSIO DE CASTRO NAVARRO,MDB,Deputado Estadual,33,7,2022
10980,PAULO AUGUSTO LEITE MOTOOKA,REPUBLICANOS,Deputado Estadual,33,7,2022
13003,DOUGLAS MARTINS DE SOUZA,PT,Deputado Estadual,33,7,2022
10605,CLAUDIA SILVIA MACHADO DA SILVA,REPUBLICANOS,Deputado Estadual,33,7,2022
12990,ALESSANDRO FAUSTINO MARTINS,PDT,Deputado Estadual,33,7,2022
28328,GIANE DA SILVA FERREIRA,PRTB,Deputado Estadual,33,7,2022
44440,JUAREZ PEREIRA DA SILVA,UNIÃO,Deputado Estadual,33,7,2022
19011,JOBERT ALEXANDRINO,PODE,Deputado Estadual,32,7,2022
22789,DANIEL ROSSI,PL,Deputado Estadual,32,7,2022
18018,MARIANA DUARTE GARCIA DE LACERDA,REDE,Deputado Estadual,32,7,2022
35482,SUELI GUETE AGUIAR,PMB,Deputado Estadual,32,7,2022
22047,VICENTE PAULA RIBEIRO,PL,Deputado Estadual,32,7,2022
11445,ARNALDO JOSE MARÍA CANCELA,PP,Deputado Estadual,32,7,2022
15220,PHILIPE DE PAULA DA SILVA,MDB,Deputado Estadual,32,7,2022
40888,CYNTHIA MICHELS,PSB,Deputado Estadual,32,7,2022
12100,ALEXSANDRA OLIVEIRA BEZERRA,PDT,Deputado Estadual,31,7,2022
13600,MARLY GOMES CALDAS,PT,Deputado Estadual,31,7,2022
20678,MARCOS APARECIDO BARROS DE LIMA,PSC,Deputado Estadual,31,7,2022
65789,RENÉ VICENTE DOS SANTOS,PC do B,Deputado Estadual,31,7,2022
12720,RAFAEL TURRINI PURGATO,PDT,Deputado Estadual,31,7,2022
13258,ESTELA ALEXANDRE ALMAGRO,PT,Deputado Estadual,31,7,2022
28700,RICARDO AZEVEDO DA SILVA,PRTB,Deputado Estadual,30,7,2022
19123,MARCIO PASCHOAL GIUDICIO,PODE,Deputado Estadual,30,7,2022
19992,DANIEL ARAUJO NEVES SANTIAGO LIMA,PODE,Deputado Estadual,30,7,2022
28290,LUIS HENRIQUE USAI,PRTB,Deputado Estadual,30,7,2022
45745,MARCO AURÉLIO GOMES DOS SANTOS,PSDB,Deputado Estadual,30,7,2022
22045,VIVIANE ROBERTA MATIOLI,PL,Deputado Estadual,30,7,2022
44321,RAFAELA KOBAL FERNANDES DE CARVALHO,UNIÃO,Deputado Estadual,30,7,2022
13888,FRANCISCA NILMAR ARRAES MANOEL,PT,Deputado Estadual,30,7,2022
12126,ELISANGELA RODRIGUES DE SOUSA,PDT,Deputado Estadual,30,7,2022
22181,HUGO PEREIRA DE CASTRO,PL,Deputado Estadual,30,7,2022
28056,THIAGO FELIPE NEVES,PRTB,Deputado Estadual,29,7,2022
19099,SILVIA MIRANDA NAGATA,PODE,Deputado Estadual,29,7,2022
19015,MARCOS ESCAMES FÉLIX DA SILVA,PODE,Deputado Estadual,29,7,2022
22070,MARIA DE FÁTIMA ALVES BARBOSA,PL,Deputado Estadual,29,7,2022
44018,DEOMERCE DE SOUZA DAMASCENO,UNIÃO,Deputado Estadual,29,7,2022
40069,COSMO DAMIÃO FREITAS CID,PSB,Deputado Estadual,29,7,2022
50180,THALITA DE ALMEIDA TAVARES,PSOL,Deputado Estadual,29,7,2022
22244,THIAGO SANTOS ALVES DE SOUSA,PL,Deputado Estadual,29,7,2022
51132,FRANCISLEY ILDECIR RODRIGUES,PATRIOTA,Deputado Estadual,29,7,2022
15914,TARSO LUIZ FURTADO GOUVEIA,MDB,Deputado Estadual,29,7,2022
13545,APARECIDA DA GRAÇA CARLOS,PT,Deputado Estadual,29,7,2022
12333,PAULO ALEXANDRE ZEMUNER MASCARO,PDT,Deputado Estadual,28,7,2022
40004,ALBERTO ADRIANO DE JESUS,PSB,Deputado Estadual,28,7,2022
12013,DANIELLE MARINHO RABELO,PDT,Deputado Estadual,28,7,2022
45617,ANDRE LUIS ANCHÃO BRAGA,PSDB,Deputado Estadual,28,7,2022
12012,DANIELA APARECIDA RODRIGUEIRO,PDT,Deputado Estadual,28,7,2022
15023,SUENIRA TEIXEIRA PINTO,MDB,Deputado Estadual,28,7,2022
20222,ROSIRENE DE JESUS SANTOS,PSC,Deputado Estadual,28,7,2022
11193,WALKER ISAAC DE SOUSA,PP,Deputado Estadual,28,7,2022
28008,EMERSON ZOCCHI,PRTB,Deputado Estadual,28,7,2022
19153,JOSELITO DE SOUSA LIMA,PODE,Deputado Estadual,28,7,2022
50123,RICARDO ALVAREZ,PSOL,Deputado Estadual,27,7,2022
11660,RENATO DE OLIVEIRA ZUCOLOTO,PP,Deputado Estadual,27,7,2022
44014,MYRIAN RAVANELLI SCANDAR KARAM,UNIÃO,Deputado Estadual,27,7,2022
12500,FERNANDO PEREIRA SIRCHIA JUNIOR,PDT,Deputado Estadual,27,7,2022
44944,RUBENS LOBATO PINHEIRO NETO,UNIÃO,Deputado Estadual,27,7,2022
19209,FÁBIO ANDRÉ CAPUTO FERRACINI,PODE,Deputado Estadual,27,7,2022
77123,VANDERLEY CAVALCANTE DA SILVA,SOLIDARIEDADE,Deputado Estadual,27,7,2022
10220,MARCO AURELIO MOREIRA ROQUE,REPUBLICANOS,Deputado Estadual,27,7,2022
15040,LUIZ CARLOS DE PAULA,MDB,Deputado Estadual,27,7,2022
10102,RUBI CRUSE,REPUBLICANOS,Deputado Estadual,26,7,2022
23455,VALMIR ROSA,CIDADANIA,Deputado Estadual,26,7,2022
15800,SANDRA REGINA VIEIRA,MDB,Deputado Estadual,26,7,2022
15522,DANIEL GIROTTO,MDB,Deputado Estadual,26,7,2022
28022,PAULO ROBERTO DIAS PEREIRA,PRTB,Deputado Estadual,26,7,2022
15051,LEONARDO FRANCISCO SAMPAIO DE SOUZA FILHO,MDB,Deputado Estadual,26,7,2022
40008,LUIZ JOSÉ TEGAMI,PSB,Deputado Estadual,26,7,2022
10022,EDSON ANTONIO DE SOUZA,REPUBLICANOS,Deputado Estadual,26,7,2022
45445,JOSÉ CARLOS CARRASCOSA DOS SANTOS,PSDB,Deputado Estadual,26,7,2022
30077,CAROLINE STAFOKER DA SILVA,NOVO,Deputado Estadual,26,7,2022
10101,EDISON LOURENÇO RICCOMI,REPUBLICANOS,Deputado Estadual,26,7,2022
50555,RAMON FERNANDES FAUSTINO,PSOL,Deputado Estadual,25,7,2022
12120,JOÃO VICTOR MATTA DIAS FERREIRA,PDT,Deputado Estadual,25,7,2022
77002,VALDINEIA MEIRA MOTA,SOLIDARIEDADE,Deputado Estadual,25,7,2022
40404,CAMILA TAPIA ROJAS SEGATO,PSB,Deputado Estadual,25,7,2022
15456,JOSÉ AGRIPINO DA SILVA,MDB,Deputado Estadual,25,7,2022
13777,ALMIR ROGERIO DA SILVA,PT,Deputado Estadual,25,7,2022
10300,RODRIGO FERNANDO NOVELLI,REPUBLICANOS,Deputado Estadual,25,7,2022
20400,MOACIR COVA,PSC,Deputado Estadual,25,7,2022
50150,MARIA APARECIDA AIRES DA SILVA,PSOL,Deputado Estadual,25,7,2022
30010,ANDRÉ NALEPA ABBUD,NOVO,Deputado Estadual,25,7,2022
51190,RUBENS CLÁUDIO SIQUEIRA NERI,PATRIOTA,Deputado Estadual,25,7,2022
40333,RAFAEL ZAMPRONIO DA SILVEIRA,PSB,Deputado Estadual,24,7,2022
40150,EDUARDO NASCIMENTO,PSB,Deputado Estadual,24,7,2022
77000,ÁTILA CESAR MONTEIRO JACOMUSSI,SOLIDARIEDADE,Deputado Estadual,24,7,2022
19762,FABIO DUARTE,PODE,Deputado Estadual,24,7,2022
11122,WILSON JOAQUIM DA SILVA,PP,Deputado Estadual,24,7,2022
23510,CARLOS AUGUSTO ABRANCHES,CIDADANIA,Deputado Estadual,24,7,2022
55654,JUVENIL DE ALMEIDA SILVERIO,PSD,Deputado Estadual,24,7,2022
20456,JÚLIO CESAR FUZARI,PSC,Deputado Estadual,24,7,2022
20010,CAIO ALEXANDRE GOMES DA SILVA,PSC,Deputado Estadual,24,7,2022
50050,INÊS PAZ,PSOL,Deputado Estadual,24,7,2022
43433,RICARDO JOSÉ LEMES,PV,Deputado Estadual,23,7,2022
20220,LIDIA FREITAS DO NASCIMENTO,PSC,Deputado Estadual,23,7,2022
50800,JUVENIL BATISTA LOPES,PSOL,Deputado Estadual,23,7,2022
51150,ODAIR DE MOURA E SILVA,PATRIOTA,Deputado Estadual,23,7,2022
19987,QUELEN HELOISA DOS SANTOS VANDERLEI,PODE,Deputado Estadual,23,7,2022
44110,HELIO VIEIRA MALHEIROS JUNIOR,UNIÃO,Deputado Estadual,23,7,2022
44544,MAURICIO MENNA BARRETO GASPARINI,UNIÃO,Deputado Estadual,23,7,2022
28999,PEDRO IGOR RIBEIRO RAMOS,PRTB,Deputado Estadual,23,7,2022
45450,ADRIANO BEDORE,PSDB,Deputado Estadual,23,7,2022
19714,CARLOS EDUARDO NOBREGA,PODE,Deputado Estadual,23,7,2022
45012,EDGARD TAKASHI SASAKI,PSDB,Deputado Estadual,23,7,2022
30018,BRUNO TIAGO DA SILVA BRANDINO,NOVO,Deputado Estadual,23,7,2022
44600,MARCOS FERNANDO PORTELLA FONTES,UNIÃO,Deputado Estadual,23,7,2022
51300,ZELINDA DRAGO,PATRIOTA,Deputado Estadual,23,7,2022
15022,ANGELA OROSCO DE MELO,MDB,Deputado Estadual,23,7,2022
11900,KLEBER FERREIRA MARUXO,PP,Deputado Estadual,22,7,2022
50007,JASPE LOPES BASTOS,PSOL,Deputado Estadual,22,7,2022
43444,ROMILDO DE PINHO CAMPELLO,PV,Deputado Estadual,22,7,2022
22677,ANDERSON FABIANO PUPO FERNANDES,PL,Deputado Estadual,22,7,2022
28023,WELLITON BEZERRA DA SILVA,PRTB,Deputado Estadual,22,7,2022
50200,AILTON AMARAL DOS SANTOS,PSOL,Deputado Estadual,22,7,2022
13877,JANETE ROCHA PIETÁ,PT,Deputado Estadual,22,7,2022
11444,TIAGO BAUAB BEDANI,PP,Deputado Estadual,22,7,2022
19719,ALESSANDRA CRISTIANE SOARES GARCIA ALGARIN,PODE,Deputado Estadual,22,7,2022
44200,RENATO DA SILVA GOIS,UNIÃO,Deputado Estadual,21,7,2022
13696,CHRISTIANE GRACE GUIMARÃES DA SILVA,PT,Deputado Estadual,21,7,2022
18100,RAFAEL CASTRO KOCIAN,REDE,Deputado Estadual,21,7,2022
20021,LUCIA DE FATIMA SILVA ROSIM,PSC,Deputado Estadual,21,7,2022
50222,SUZETE CHAFFIN,PSOL,Deputado Estadual,21,7,2022
51333,ANA PAULA CARVALHO BEATHALTER,PATRIOTA,Deputado Estadual,21,7,2022
40120,GABRIEL BELÉM DOS SANTOS,PSB,Deputado Estadual,21,7,2022
12300,ANTONIO CARLOS TRIGO,PDT,Deputado Estadual,21,7,2022
12112,FERNANDO DOS SANTOS MOURA,PDT,Deputado Estadual,21,7,2022
45500,DÉBORA MARCONDES SILVA FERRARESI,PSDB,Deputado Estadual,21,7,2022
45100,CARLOS ALESSANDRO FRANCO BORRO DE MATOS,PSDB,Deputado Estadual,21,7,2022
35735,ABEL FELIX CAMPOS NETO,PMB,Deputado Estadual,20,7,2022
30001,LEONE LUIZ DE FARIA JUNIOR,NOVO,Deputado Estadual,20,7,2022
55999,SILVIA ELIANA PALMA,PSD,Deputado Estadual,20,7,2022
10193,ADEMAR FRANCISCO MARTINS NETO,REPUBLICANOS,Deputado Estadual,20,7,2022
35016,EDUARDO JOSE CORNELIO DE OLIVEIRA,PMB,Deputado Estadual,20,7,2022
21001,MICHEL LEITE VIANA,PCB,Deputado Estadual,20,7,2022
43500,AMILCAR MARCEL DE SOUZA,PV,Deputado Estadual,20,7,2022
19991,MARIA DO CARMO PORTELA RUMBO,PODE,Deputado Estadual,20,7,2022
50888,JUSTINO DIOGO DOS SANTOS,PSOL,Deputado Estadual,20,7,2022
44888,WALTER MARTINS JUNIOR,UNIÃO,Deputado Estadual,19,7,2022
12311,PAULO HENRIQUE RIBEIRO FLORIANO,PDT,Deputado Estadual,19,7,2022
12111,LEONORA DA SILVA PÉRICO,PDT,Deputado Estadual,19,7,2022
30023,VÂNIA CRISTINA DA SILVA,NOVO,Deputado Estadual,19,7,2022
22380,CLAUDIO FERNANDO DE AGUIAR,PL,Deputado Estadual,19,7,2022
40600,ANDRÉA DAS NEVES NERI DE SANTANA,PSB,Deputado Estadual,19,7,2022
44045,OSTERLAINE HENRIQUES ALVES,UNIÃO,Deputado Estadual,19,7,2022
10800,MARCELO SQUASSONI,REPUBLICANOS,Deputado Estadual,19,7,2022
50133,MARCELO REINA SILIANO,PSOL,Deputado Estadual,19,7,2022
22567,IZAQUE JOSÉ DA SILVA,PL,Deputado Estadual,19,7,2022
15177,ALEXANDRE DE OLIVEIRA,MDB,Deputado Estadual,19,7,2022
45663,NATALINO ANTONIO DA SILVA,PSDB,Deputado Estadual,19,7,2022
44560,NELMA APARECIDA ANDRADE SOUZA,UNIÃO,Deputado Estadual,18,7,2022
30456,CARLOS EDUARDO PEREZ,NOVO,Deputado Estadual,18,7,2022
19125,MARIZETE GOMES DE MAGALHÃES BERGAMIN,PODE,Deputado Estadual,18,7,2022
44700,LUIZ CARLOS GONDIM TEIXEIRA,UNIÃO,Deputado Estadual,18,7,2022
30777,CRISTIANE PEREIRA MACEDO,NOVO,Deputado Estadual,18,7,2022
19088,ELVIO ANTONIO PINOTTI NETO,PODE,Deputado Estadual,18,7,2022
65658,FRANCISCA PEREIRA DA ROCHA SEIXAS,PC do B,Deputado Estadual,18,7,2022
44193,BENEDITO ROBERTO MEIRA,UNIÃO,Deputado Estadual,18,7,2022
40200,LUIZ CARLOS SILVA LEMOS,PSB,Deputado Estadual,18,7,2022
13321,HERIVELTO DOS SANTOS MORAES,PT,Deputado Estadual,18,7,2022
12007,CLAUDIO JOSÉ DE OLIVEIRA GONÇALVES,PDT,Deputado Estadual,18,7,2022
77073,ALEXANDRA DOS SANTOS MOTA,SOLIDARIEDADE,Deputado Estadual,18,7,2022
20133,EDIVALDO SILVA MEIRA,PSC,Deputado Estadual,18,7,2022
44411,LEANDRO CALDEIRA NAVA,UNIÃO,Deputado Estadual,18,7,2022
30200,RAFAEL GUSTAVO BERNARDO,NOVO,Deputado Estadual,18,7,2022
22345,ROY NELSON PINTO,PL,Deputado Estadual,18,7,2022
11555,EZEQUIEL DE SOUZA DAMASCENO,PP,Deputado Estadual,18,7,2022
15015,MOHAMED AHMED YOUSSEF,MDB,Deputado Estadual,18,7,2022
10911,PEDRO RODRIGUES DE MIRANDA NETO,REPUBLICANOS,Deputado Estadual,18,7,2022
15400,CELIA APARECIDA DA CRUZ OLIVEIRA MENEZES,MDB,Deputado Estadual,18,7,2022
15112,ROSELEI APARECIDO FRANÇOSO,MDB,Deputado Estadual,18,7,2022
55089,MAURO DA SILVA OLIVEIRA,PSD,Deputado Estadual,18,7,2022
55122,ANTONIO DE SOUSA RAMALHO,PSD,Deputado Estadual,17,7,2022
55111,CICERO JOÃO DA SILVA,PSD,Deputado Estadual,17,7,2022
12340,MAGALI RABELLO ROCHA,PDT,Deputado Estadual,17,7,2022
77177,EDSON MUNIS,SOLIDARIEDADE,Deputado Estadual,17,7,2022
43333,LEONARDO CÉSAR TASSINARI,PV,Deputado Estadual,17,7,2022
15155,EDIMAR CANDIDO DE LIMA,MDB,Deputado Estadual,17,7,2022
40570,ANTONIO CARLOS RODRIGUES TEIXEIRA JUNIOR,PSB,Deputado Estadual,17,7,2022
11999,WAGNER RODRIGUES,PP,Deputado Estadual,17,7,2022
10345,ABNER DELUQUI ISIDORO,REPUBLICANOS,Deputado Estadual,17,7,2022
10780,GERLANY FELISMINO DE LIMA ROCHA,REPUBLICANOS,Deputado Estadual,17,7,2022
44450,FLAVIA MENDES GOMES,UNIÃO,Deputado Estadual,17,7,2022
28128,LIVIA MARIA RODRIGUES FIDELIX DA CRUZ,PRTB,Deputado Estadual,17,7,2022
12400,CESAR MICHELON LOUREIRO SANTANA,PDT,Deputado Estadual,17,7,2022
13140,JORGE RODRIGO VALVERDE SANTANA,PT,Deputado Estadual,17,7,2022
30013,SÉRGIO ZAGARINO JUNIOR,NOVO,Deputado Estadual,16,7,2022
19360,TÁBATA FREITAS MANZOLI,PODE,Deputado Estadual,16,7,2022
30080,FERNANDO MARTINS,NOVO,Deputado Estadual,16,7,2022
12016,MARIA EUGENIA UGUCIONE BIFFI,PDT,Deputado Estadual,16,7,2022
28333,MIGUEL AFFONSO COIMBRA NETO,PRTB,Deputado Estadual,16,7,2022
45444,DANIEL HENRIQUE SILVA BASSI,PSDB,Deputado Estadual,16,7,2022
10444,EDSON JOSÉ BOMBONATTI,REPUBLICANOS,Deputado Estadual,16,7,2022
40180,JOSÉ APARECIDO ALVES,PSB,Deputado Estadual,16,7,2022
45456,SARITA DE SOUZA GREGORIO,PSDB,Deputado Estadual,16,7,2022
18800,HONÓRIO MARQUES DA SILVA,REDE,Deputado Estadual,15,7,2022
43222,CRISTIANE ALEXANDRE MENDES,PV,Deputado Estadual,15,7,2022
15151,GIULIANO GRISO,MDB,Deputado Estadual,15,7,2022
77555,MARCELO GOUVEIA NASCIMENTO,SOLIDARIEDADE,Deputado Estadual,15,7,2022
55240,PRISCILA BRUNETTO DE ARAUJO,PSD,Deputado Estadual,15,7,2022
30123,CICERA SEVERINA DA CONCEIÇÃO MUSA,NOVO,Deputado Estadual,15,7,2022
30202,PRISCILA GONÇALVES IEIRI PARRA,NOVO,Deputado Estadual,15,7,2022
22252,TATIANA REGINA CRISCUOLO,PL,Deputado Estadual,15,7,2022
40044,ELISANDRA PEDROSO FERREIRA,PSB,Deputado Estadual,15,7,2022
15620,ARLINDO MARIANO DE ARAUJO FILHO,MDB,Deputado Estadual,15,7,2022
12369,ALEXSANDER MELO BUENO,PDT,Deputado Estadual,15,7,2022
11200,LETÍCIA DA SILVA GUEDES,PP,Deputado Estadual,15,7,2022
77055,FABIANO RUEDA AMORIM,SOLIDARIEDADE,Deputado Estadual,14,7,2022
55001,ROGÉRIO SILVA PEDRO,PSD,Deputado Estadual,14,7,2022
35500,ELIS REGINA NOGUEIRA RODRIGUES,PMB,Deputado Estadual,14,7,2022
30400,LUIS GUILHERME PIRES,NOVO,Deputado Estadual,14,7,2022
19119,GABRIEL PINELLI FERRAZ,PODE,Deputado Estadual,14,7,2022
11234,FLAVIO ROBERTO SALATINO,PP,Deputado Estadual,14,7,2022
40666,CARLOS ALBERTO ROSSI,PSB,Deputado Estadual,14,7,2022
10788,SIDNEY NERY DA SILVA,REPUBLICANOS,Deputado Estadual,14,7,2022
51233,RONALDO AUGUSTO BRETAS MARZAGÃO JUNIOR,PATRIOTA,Deputado Estadual,14,7,2022
45666,ANA CRISTINA ALVES,PSDB,Deputado Estadual,14,7,2022
44770,ADENILSON PEREIRA DE AMORIM,UNIÃO,Deputado Estadual,14,7,2022
15030,CLAUDETE FERREIRA DA SILVA,MDB,Deputado Estadual,14,7,2022
45800,MARCOS ANTÔNIO DE SOUZA,PSDB,Deputado Estadual,14,7,2022
35123,DANTE HENRIQUE MANTOVANI,PMB,Deputado Estadual,14,7,2022
55600,LUIZ FERNANDO PIVA CRUZ,PSD,Deputado Estadual,13,7,2022
44345,REINALDO BRIGIDO DE SOUSA,UNIÃO,Deputado Estadual,13,7,2022
19755,VANICE IZAURA CAMARGO COSTA DA SILVA,PODE,Deputado Estadual,13,7,2022
15111,HENRIQUE DE ALMEIDA BASANO,MDB,Deputado Estadual,13,7,2022
20777,RELDER SANDRO DE SOUZA FIALHO,PSC,Deputado Estadual,13,7,2022
44567,AGLIBERTO DO SOCORRO CHAGAS,UNIÃO,Deputado Estadual,13,7,2022
15605,FERNANDO LUIZ ISOPPO PETITI,MDB,Deputado Estadual,13,7,2022
10855,JOSE SILVIO VALDISSERA,REPUBLICANOS,Deputado Estadual,13,7,2022
30888,VITOR LUIS ARTIOLI KUNDRAT,NOVO,Deputado Estadual,13,7,2022
16123,AMANDA COELHO MARZALL,PSTU,Deputado Estadual,13,7,2022
20077,ALLINSON PAULO NUNES,PSC,Deputado Estadual,13,7,2022
50019,VINÍCIUS ROSA RODRIGUES,PSOL,Deputado Estadual,13,7,2022
45453,ANA KEYLA SILVA SANTIAGO,PSDB,Deputado Estadual,13,7,2022
15070,ALLI AHMAD MAJDOUB,MDB,Deputado Estadual,13,7,2022
45451,CARLOS CESAR ARCOLINO,PSDB,Deputado Estadual,13,7,2022
44556,GILVANIA MEDEIROS DE OLIVEIRA,UNIÃO,Deputado Estadual,12,7,2022
19179,CRISTIANE VIVIAN ALVES GOMES,PODE,Deputado Estadual,12,7,2022
11001,FABIA DA SILVA PORTO,PP,Deputado Estadual,12,7,2022
10255,LUIZ ANTONIO DINIZ DE ALMEIDA,REPUBLICANOS,Deputado Estadual,12,7,2022
19490,CARLOS HENRIQUE SILVESTRE GARZON,PODE,Deputado Estadual,12,7,2022
30111,RAFAEL PINTER,NOVO,Deputado Estadual,12,7,2022
30022,WILSON DE MELLO JUNIOR,NOVO,Deputado Estadual,12,7,2022
77048,ADENILDES ALVES ROCHA,SOLIDARIEDADE,Deputado Estadual,12,7,2022
51155,MARCOS ANDRE DE OLIVEIRA,PATRIOTA,Deputado Estadual,12,7,2022
51555,ANTONIO CÍCERO FERREIRA DE ARAUJO,PATRIOTA,Deputado Estadual,12,7,2022
10611,CARLOS WEVERTON ORTEGA SANCHES,REPUBLICANOS,Deputado Estadual,12,7,2022
11225,VALÉRIA CLAYTON REZENDE DE LIMA,PP,Deputado Estadual,12,7,2022
10181,LÔIDE CAMILO SOUZA FIUZA DE CARVALHO,REPUBLICANOS,Deputado Estadual,12,7,2022
20005,EVANDRO ANTONIO RAMOS TERRA VARONIL DE SOUSA,PSC,Deputado Estadual,12,7,2022
51551,PATRICIA ANDALAFT FREIRE,PATRIOTA,Deputado Estadual,12,7,2022
11511,EDSON RODRIGUES CARDOSO,PP,Deputado Estadual,12,7,2022
11245,FABIO ROGERIO FAGUNDES,PP,Deputado Estadual,12,7,2022
13234,JOSÉ WILSON CARDOSO DE SOUZA,PT,Deputado Estadual,12,7,2022
12310,ATAIDE ROBERTO DA SILVA JUNIOR,PDT,Deputado Estadual,11,7,2022
44070,FABIO DUARTE JOANA,UNIÃO,Deputado Estadual,11,7,2022
11680,MARCELO LEANDRO BRAGA PALINI,PP,Deputado Estadual,11,7,2022
40192,LEANDRO ALTRÃO MARTINES,PSB,Deputado Estadual,11,7,2022
44123,OLIVIO AUGUSTO FREITAS CHAVES,UNIÃO,Deputado Estadual,11,7,2022
11800,FERNANDO SIQUEIRA MUNIZ,PP,Deputado Estadual,11,7,2022
77707,ALESSANDRA JULIO PAES,SOLIDARIEDADE,Deputado Estadual,11,7,2022
20122,FABIO SANTOS DE OLIVEIRA,PSC,Deputado Estadual,11,7,2022
19753,VLADIMIR CODINHOTO,PODE,Deputado Estadual,11,7,2022
23451,LEANDRO FRANCOIS DE ALMEIDA,CIDADANIA,Deputado Estadual,11,7,2022
55523,LUIS ANTONIO PANONE,PSD,Deputado Estadual,11,7,2022
10852,PAULO ELIAS VICENTE,REPUBLICANOS,Deputado Estadual,11,7,2022
22424,MARCELA REGINA RODRIGUES DA CUNHA,PL,Deputado Estadual,11,7,2022
55195,EDIVALDO BENÍCIO,PSD,Deputado Estadual,11,7,2022
40445,JOSELI ELVIRA CAVALHEIRO,PSB,Deputado Estadual,11,7,2022
35111,RICARDO ALEXANDRE ZUPIROLLI,PMB,Deputado Estadual,11,7,2022
77300,GLACIMERE BRITTO DE OLIVEIRA PIMENTA,SOLIDARIEDADE,Deputado Estadual,11,7,2022
20720,ANTÔNIO MANOEL,PSC,Deputado Estadual,11,7,2022
45150,DANIELLE SANTOS SILVA,PSDB,Deputado Estadual,11,7,2022
30003,KAIQUE CARDOSO VICENTE,NOVO,Deputado Estadual,11,7,2022
19033,SABRINA PRADO DOS SANTOS,PODE,Deputado Estadual,11,7,2022
30014,RODRIGO REY RODRIGUEZ,NOVO,Deputado Estadual,11,7,2022
35355,MARCIA WALERIA NUNES DE OLIVEIRA DIAS,PMB,Deputado Estadual,10,7,2022
30345,ROMEU SÃO MARCOS ESCANHOELA,NOVO,Deputado Estadual,10,7,2022
35361,ADRIANA RANGEL RIBEIRO,PMB,Deputado Estadual,10,7,2022
12444,BRUNO DE OLIVEIRA ALVES,PDT,Deputado Estadual,10,7,2022
35100,JOSÉ LUIZ BONITO,PMB,Deputado Estadual,10,7,2022
10400,CHAYNI MELO DA SILVA,REPUBLICANOS,Deputado Estadual,10,7,2022
44155,FERNANDA ALVES DA SILVA,UNIÃO,Deputado Estadual,10,7,2022
10107,FABIO DE CAMARGO TELLES,REPUBLICANOS,Deputado Estadual,10,7,2022
15777,DALCIDES BATISTA DA SILVA NETO,MDB,Deputado Estadual,10,7,2022
28400,MARCELO MENDES BINI,PRTB,Deputado Estadual,10,7,2022
50112,LEANDRO ROMEO PECCEQUILLO FREIRE,PSOL,Deputado Estadual,10,7,2022
51022,MARISTELA TRINDADE,PATRIOTA,Deputado Estadual,10,7,2022
55355,IRENILDE APARECIDA JULIANI DA SILVA,PSD,Deputado Estadual,10,7,2022
55333,ROMILDO VIRGÍNIO DOS SANTOS,PSD,Deputado Estadual,10,7,2022
15100,GILMAR RAIMUNDO LUCAS,MDB,Deputado Estadual,10,7,2022
40700,ELIAS PEREIRA FREITAS DA SILVA JUNIOR,PSB,Deputado Estadual,10,7,2022
43043,DACIO BERALDO BICUDO,PV,Deputado Estadual,10,7,2022
12999,EDNELSON PACHECO FERREIRA,PDT,Deputado Estadual,10,7,2022
45040,FLÁVIO SPINUCCI JUNIOR,PSDB,Deputado Estadual,10,7,2022
20345,IZILDA DE LOURDES ALIPIO,PSC,Deputado Estadual,10,7,2022
55100,JANDER CAVALCANTI DE LIRA,PSD,Deputado Estadual,10,7,2022
12344,RAMILSON DE FREITAS PEREIRA,PDT,Deputado Estadual,10,7,2022
12022,GABRIEL COSTA PLACCE,PDT,Deputado Estadual,10,7,2022
65400,KEILA PEREIRA FRANCISCO,PC do B,Deputado Estadual,10,7,2022
28888,RENE SILVEIRA,PRTB,Deputado Estadual,10,7,2022
45600,ESTANISLAU MATIAS BARROS,PSDB,Deputado Estadual,10,7,2022
22566,WANDERLENE IEDA BACARO DE BRITO,PL,Deputado Estadual,10,7,2022
51400,MARCIA VALÉRIA JACINTHO AZEVEDO,PATRIOTA,Deputado Estadual,10,7,2022
55534,JOSÉ CARLOS ROSSI,PSD,Deputado Estadual,10,7,2022
45321,RAFAEL POSTIGO MAZZALI,PSDB,Deputado Estadual,10,7,2022
19577,JOSÉ EDUARDO DOS SANTOS,PODE,Deputado Estadual,9,7,2022
50002,JOEFERSON FACCIN JOSÉ DE ALMEIDA,PSOL,Deputado Estadual,9,7,2022
12900,EVELYN CRISTINA FERREIRA PAULA,PDT,Deputado Estadual,9,7,2022
10125,BRIGIDA PINATTI AMATTE,REPUBLICANOS,Deputado Estadual,9,7,2022
30301,EDUARDO ALMEIDA PERES,NOVO,Deputado Estadual,9,7,2022
10234,LUIZ CARLOS DONEGÁ NETO,REPUBLICANOS,Deputado Estadual,9,7,2022
19199,VICTOR MORAES FILHO,PODE,Deputado Estadual,9,7,2022
51111,ADEMIR WELLITON DE OLIVEIRA,PATRIOTA,Deputado Estadual,9,7,2022
30020,YGOR FROES CARVALHO,NOVO,Deputado Estadual,9,7,2022
50130,ALINE CATARINE GONDIM,PSOL,Deputado Estadual,9,7,2022
11700,MARCELO RIBEIRO COSTA,PP,Deputado Estadual,9,7,2022
22013,TIAGO MARTINS PERETTO,PL,Deputado Estadual,9,7,2022
10870,DANIEL PLANA BOGALHO,REPUBLICANOS,Deputado Estadual,9,7,2022
55040,MARCELO ALVES DE CARVALHO ALMEIDA,PSD,Deputado Estadual,9,7,2022
55191,EDSON GOMES DA ROCHA,PSD,Deputado Estadual,9,7,2022
10699,AUREA ROCHA,REPUBLICANOS,Deputado Estadual,9,7,2022
55050,ALINE NOVAIS,PSD,Deputado Estadual,9,7,2022
19555,GREGÓRIO MATIAS DE FREITAS,PODE,Deputado Estadual,9,7,2022
18001,MARINA MOREIRA,REDE,Deputado Estadual,9,7,2022
28800,WALTER RESENDE FILHO,PRTB,Deputado Estadual,9,7,2022
77400,LUIZ CARLOS DE MORAES,SOLIDARIEDADE,Deputado Estadual,8,7,2022
12800,MARCELO DE MELLO CASSUCCI,PDT,Deputado Estadual,8,7,2022
51999,GIRLENIO GOMES DE OLIVEIRA,PATRIOTA,Deputado Estadual,8,7,2022
11018,EVANDRO GONÇALVES PESSOA,PP,Deputado Estadual,8,7,2022
55011,PAULA FONSECA ESTEVES,PSD,Deputado Estadual,8,7,2022
19400,JOSE BISPO DOS SANTOS FILHO,PODE,Deputado Estadual,8,7,2022
44900,MARCUS LEVY ANDRADE ACOSTA,UNIÃO,Deputado Estadual,8,7,2022
35035,RAFAEL MORENO SOUZA SANTOS,PMB,Deputado Estadual,8,7,2022
15180,JAQUELINE LILIAN BARCELOS COUTINHO,MDB,Deputado Estadual,8,7,2022
51221,SUSANA DAS NEVES,PATRIOTA,Deputado Estadual,8,7,2022
20322,LENILSON ALVES DE LIMA,PSC,Deputado Estadual,8,7,2022
30900,JURANDI SOARES GUIMARÃES,NOVO,Deputado Estadual,8,7,2022
12124,AIRTON DA COSTA LOURENÇO,PDT,Deputado Estadual,8,7,2022
12125,NUBIA DE JESUS SANTOS,PDT,Deputado Estadual,8,7,2022
51122,RENAN MARINO,PATRIOTA,Deputado Estadual,8,7,2022
51002,VANIL ALVES DOS SANTOS,PATRIOTA,Deputado Estadual,8,7,2022
51200,ALAINE SILVA SOUZA SANTOS,PATRIOTA,Deputado Estadual,8,7,2022
50999,DÉBORA CRISTIANE FIRMO DORIA,PSOL,Deputado Estadual,8,7,2022
10789,GILMAR SOUZA DOS SANTOS,REPUBLICANOS,Deputado Estadual,8,7,2022
15900,MAURO CESAR RAMOS DE ALMEIDA,MDB,Deputado Estadual,8,7,2022
45192,DULCE RITA CHAVES DE ANDRADE DABKIWICZ,PSDB,Deputado Estadual,8,7,2022
44441,LUIZ CLAUDIO VENANCIO ALVES,UNIÃO,Deputado Estadual,8,7,2022
44445,JOAO BATISTA ROCHA,UNIÃO,Deputado Estadual,8,7,2022
20201,SEBASTIÃO RAIMUNDO DE OLIVEIRA,PSC,Deputado Estadual,8,7,2022
22722,ISABELA CRISTINA CARDOSO DA CRUZ,PL,Deputado Estadual,8,7,2022
11321,ELISANGELA ALCANTARA DA SILVA GONZALEZ,PP,Deputado Estadual,8,7,2022
50333,ALBA SOLANGE CHALITA DA SILVA,PSOL,Deputado Estadual,8,7,2022
55790,ALEXANDRO DE ARAÚJO,PSD,Deputado Estadual,8,7,2022
20088,GIRLANE LIMA DE SOUZA,PSC,Deputado Estadual,8,7,2022
20023,ANGELO ANTONIO BUCIOLOTI,PSC,Deputado Estadual,8,7,2022
43773,JOEL MOREIRA PASSOS JUNIOR,PV,Deputado Estadual,8,7,2022
44004,ANDERSON REITANO RICARDO,UNIÃO,Deputado Estadual,8,7,2022
28317,ROSANGELA SALVIANO POLIDO VAZ,PRTB,Deputado Estadual,8,7,2022
50160,DIEGO WEIDEMANN RACHE VITELLO,PSOL,Deputado Estadual,8,7,2022
50600,EDMILSON SOUZA SANTOS,PSOL,Deputado Estadual,8,7,2022
18181,THÍFANY FELIX GUIMARÃES,REDE,Deputado Estadual,8,7,2022
28020,CRISTIANE NOVAK,PRTB,Deputado Estadual,8,7,2022
12001,SOLANGE MARIA TEODORO,PDT,Deputado Estadual,8,7,2022
19619,CÉSAR AUGUSTO JOSÉ,PODE,Deputado Estadual,8,7,2022
40020,GERALDO ANTÔNIO DA NÓBREGA,PSB,Deputado Estadual,8,7,2022
35360,GILVAN DE ANDRADE GAIA,PMB,Deputado Estadual,8,7,2022
40096,EDVAN JOSE DOS SANTOS,PSB,Deputado Estadual,7,7,2022
10224,MARIA NILZA FERREIRA ALVES,REPUBLICANOS,Deputado Estadual,7,7,2022
45007,DOMINGOS COSTA MINÉZIO GALLÉ,PSDB,Deputado Estadual,7,7,2022
11300,JOSÉ FRANCISCO GALDINO DE CARVALHO,PP,Deputado Estadual,7,7,2022
18188,ERIVELTON PEREIRA RAMOS,REDE,Deputado Estadual,7,7,2022
28555,DAVID MONTEIRO DE MELLO,PRTB,Deputado Estadual,7,7,2022
27321,ALEXANDRE CABRAL DE OLIVEIRA,DC,Deputado Estadual,7,7,2022
20038,LEANDRO ALVES,PSC,Deputado Estadual,7,7,2022
11456,LUCAS DE ASSIS COSTA,PP,Deputado Estadual,7,7,2022
28007,BIANCA CESÁRIO DE OLIVEIRA,PRTB,Deputado Estadual,7,7,2022
44081,AUGUSTO CÉSAR CORREA NETO,UNIÃO,Deputado Estadual,7,7,2022
13413,JOÃO ALFREDO DE OLIVEIRA,PT,Deputado Estadual,7,7,2022
12131,ARNALDO REISDECOPA NASCIMENTO,PDT,Deputado Estadual,7,7,2022
12888,CRISTIANE AQUINO PASTOR,PDT,Deputado Estadual,7,7,2022
44433,MARCELO FUSCO,UNIÃO,Deputado Estadual,7,7,2022
20422,HELENA IZABEL DA SILVA GOMES,PSC,Deputado Estadual,7,7,2022
51510,ROGÉRIO SILVA DE SOUZA,PATRIOTA,Deputado Estadual,7,7,2022
20234,VERA LUCIA DE SOUZA BUENO URBAN,PSC,Deputado Estadual,7,7,2022
16789,ADILSON DOS SANTOS,PSTU,Deputado Estadual,7,7,2022
30012,JOSÉ ALENCAR GALVÃO,NOVO,Deputado Estadual,7,7,2022
22711,ANITA DOS SANTOS TAKAIYASU,PL,Deputado Estadual,7,7,2022
22921,ANTONIO BESERRA LIMA,PL,Deputado Estadual,7,7,2022
11181,LUIZ ANTONIO GATO,PP,Deputado Estadual,7,7,2022
15122,MARIA CRISTIANE PINHEIRO,MDB,Deputado Estadual,7,7,2022
10018,CACILDA SANTOS MAGALHÃES,REPUBLICANOS,Deputado Estadual,7,7,2022
10722,VASCO DA GAMA JUNIOR,REPUBLICANOS,Deputado Estadual,7,7,2022
35122,ANDERSON ROGERIO ALVES,PMB,Deputado Estadual,7,7,2022
15014,DANIELE SOUZA AKAMINE,MDB,Deputado Estadual,7,7,2022
18777,RAFAEL BERNARDO FERREIRA SANTOS,REDE,Deputado Estadual,7,7,2022
55550,RENATO SABINO COLOMBANO,PSD,Deputado Estadual,7,7,2022
22765,REGIANE ROCHA,PL,Deputado Estadual,7,7,2022
10470,ANA CRISTINA DA SILVA COSTA,REPUBLICANOS,Deputado Estadual,7,7,2022
44023,ANA ROSA TEIXEIRA DE ARAUJO,UNIÃO,Deputado Estadual,6,7,2022
20044,JOSÉ ROBERTO DE MELLO,PSC,Deputado Estadual,6,7,2022
12051,CÍCERO JUSTINO DA SILVA,PDT,Deputado Estadual,6,7,2022
12366,MANOEL JOSÉ DA SILVA,PDT,Deputado Estadual,6,7,2022
40010,VANDERLEI NERES PEREIRA,PSB,Deputado Estadual,6,7,2022
50088,JACI SABINA DE LIMA MATTOS,PSOL,Deputado Estadual,6,7,2022
11550,LYGIA APARECIDA FAZIO DE OLIVEIRA,PP,Deputado Estadual,6,7,2022
44002,MARIA INES PINTO DE OLIVEIRA SANTIAGO,UNIÃO,Deputado Estadual,6,7,2022
28100,ANA ANGELA PALERMO,PRTB,Deputado Estadual,6,7,2022
50014,CÁTIA DOS SANTOS MACHADO,PSOL,Deputado Estadual,6,7,2022
44557,SERGIO DE PAULA REIS FILHO,UNIÃO,Deputado Estadual,6,7,2022
40022,NATALINO DE JESUS,PSB,Deputado Estadual,6,7,2022
15600,EIDA SILVA DOS SANTOS AZEVEDO,MDB,Deputado Estadual,6,7,2022
10020,SILVIO ALESSANDER ENCARNAÇÃO,REPUBLICANOS,Deputado Estadual,6,7,2022
45055,CAROLINA RIBEIRO FREITAS,PSDB,Deputado Estadual,6,7,2022
10011,SONIA APARECIDA GONÇALVES BELARMINO,REPUBLICANOS,Deputado Estadual,6,7,2022
15855,ANA PAULA CALVO,MDB,Deputado Estadual,6,7,2022
29829,STEFANIA DE ALMEIDA ROBUSTELLI,PCO,Deputado Estadual,6,7,2022
11119,ANDERSON DOS SANTOS,PP,Deputado Estadual,6,7,2022
51101,SÔNIA MARIA FERRAZ DE MOURA,PATRIOTA,Deputado Estadual,6,7,2022
30878,MARCIO ANTONI SANTANA,NOVO,Deputado Estadual,6,7,2022
15060,ZORAIDA MARIA LOBATO VIOTTI,MDB,Deputado Estadual,6,7,2022
30008,MANOEL CORREA DA FONSECA NETO,NOVO,Deputado Estadual,6,7,2022
40850,RICARDO DE FARIA SILVA,PSB,Deputado Estadual,6,7,2022
12770,LUCINEIDE CRUZ ALVES,PDT,Deputado Estadual,6,7,2022
18199,LILIAN CRISTINA DOS SANTOS FARIA,REDE,Deputado Estadual,6,7,2022
15019,LUIS FELIPE SILVEIRA AMANCIO TORELLA D AVILA,MDB,Deputado Estadual,6,7,2022
19030,JORGE GABRIEL GRASI,PODE,Deputado Estadual,6,7,2022
20300,MARILDA DE SANTANA GIRON,PSC,Deputado Estadual,6,7,2022
16461,FERNANDO DE SOUZA,PSTU,Deputado Estadual,6,7,2022
19110,WAGNER BAPTISTA RIGUEIRA,PODE,Deputado Estadual,6,7,2022
50750,JOSÉ CARLOS SILVA,PSOL,Deputado Estadual,6,7,2022
35350,VIVIAN FILETO MARTINS DOS SANTOS,PMB,Deputado Estadual,5,7,2022
35322,KAISON ROBERTO ALVES,PMB,Deputado Estadual,5,7,2022
12357,ROSA MARIA DA SILVA CLIMACO,PDT,Deputado Estadual,5,7,2022
40412,FERNANDA DE MORAES DA SILVA,PSB,Deputado Estadual,5,7,2022
28018,MARCIA RAICHER,PRTB,Deputado Estadual,5,7,2022
28111,DJALMA DE LIMA SANTOS,PRTB,Deputado Estadual,5,7,2022
50580,JOSÉ DE RIBAMAR DA SILVA PASSOS,PSOL,Deputado Estadual,5,7,2022
65777,SAMUEL EUZÉBIO DE OLIVEIRA,PC do B,Deputado Estadual,5,7,2022
77800,ADENILTON FERREIRA DA SILVA,SOLIDARIEDADE,Deputado Estadual,5,7,2022
19600,ANDERSON DOS SANTOS MARTINS DE SOUZA,PODE,Deputado Estadual,5,7,2022
19678,PÉRICLES RÉGIS MENDONÇA DE LIMA,PODE,Deputado Estadual,5,7,2022
19070,EMERSON FRACAROLI,PODE,Deputado Estadual,5,7,2022
28622,EDMAR DIAS BRITO,PRTB,Deputado Estadual,5,7,2022
27133,ANTONIO GENARO PEREIRA DA SILVA,DC,Deputado Estadual,5,7,2022
44040,OCIMAR DOS REIS OLIVEIRA,UNIÃO,Deputado Estadual,5,7,2022
45647,FRANCISCO PEREIRA LIMA,PSDB,Deputado Estadual,5,7,2022
20555,CRISTIANE FERREIRA PASSOS LASTÓRIA,PSC,Deputado Estadual,5,7,2022
20520,FERNANDO ROCHA GARCIA,PSC,Deputado Estadual,5,7,2022
23230,RODRIGO CAPEL,CIDADANIA,Deputado Estadual,5,7,2022
51005,SAMUEL DOS SANTOS,PATRIOTA,Deputado Estadual,5,7,2022
43190,ANGELO PAULINO DA SILVA,PV,Deputado Estadual,5,7,2022
15117,JOSEFA ANADETE DOS SANTOS SILVA,MDB,Deputado Estadual,5,7,2022
18016,JULIANA GORGA SALVETTI,REDE,Deputado Estadual,5,7,2022
12008,PATRYCIA FACIOLO DOS SANTOS,PDT,Deputado Estadual,5,7,2022
19037,MARIA VILMA FIGUEIREDO DA SILVA JACINTO,PODE,Deputado Estadual,5,7,2022
77077,VALDOMIRO NUNES DE QUEIROZ,SOLIDARIEDADE,Deputado Estadual,5,7,2022
77215,DEBORA MEIKO IKEJIRI,SOLIDARIEDADE,Deputado Estadual,5,7,2022
22057,IVETA DE SOUZA ALVES,PL,Deputado Estadual,5,7,2022
55007,FLÁVIA REGINA ROMANI,PSD,Deputado Estadual,5,7,2022
12912,MARCIO DE ALMEIDA PINO,PDT,Deputado Estadual,5,7,2022
15157,CASSIANE DE MELO FERNANDES,MDB,Deputado Estadual,5,7,2022
15115,MARCUS VINICIUS DE ALMEIDA FERREIRA,MDB,Deputado Estadual,5,7,2022
44550,HUMBERTO YUDI WATANABE,UNIÃO,Deputado Estadual,5,7,2022
10666,ELIANA ATTINI PALMIERI,REPUBLICANOS,Deputado Estadual,5,7,2022
55005,MIRTES GONÇALVES QUEIROZ,PSD,Deputado Estadual,5,7,2022
20888,MAURÍCIO FERREIRA LIMA,PSC,Deputado Estadual,5,7,2022
30222,MATILDE FÁTIMA ALVES CANUTO,NOVO,Deputado Estadual,5,7,2022
77007,RICARDO DE SOUZA GENOVEZ,SOLIDARIEDADE,Deputado Estadual,5,7,2022
77654,ROBSON ALEXANDRE DE OLIVEIRA,SOLIDARIEDADE,Deputado Estadual,5,7,2022
10192,ELTON CARVALHO PORTO,REPUBLICANOS,Deputado Estadual,5,7,2022
44800,JAQUELINE DA SILVA LIRA ARRUDA,UNIÃO,Deputado Estadual,5,7,2022
40026,GERALDO RIBEIRO GUIMARÃES NETO,PSB,Deputado Estadual,5,7,2022
40050,ELVIO FERNANDEZ GONZALEZ,PSB,Deputado Estadual,5,7,2022
12202,SIVALDO DE JESUS,PDT,Deputado Estadual,5,7,2022
10069,WAGNER BERNARDINO DA SILVA,REPUBLICANOS,Deputado Estadual,4,7,2022
77789,RUBENS DE SOUZA,SOLIDARIEDADE,Deputado Estadual,4,7,2022
77757,JORGE JERONIMO TEIXEIRA DOS SANTOS,SOLIDARIEDADE,Deputado Estadual,4,7,2022
10317,ROGERIO MOURA TOMAZ,REPUBLICANOS,Deputado Estadual,4,7,2022
35635,LUIS RENATO PINTO DE OLIVEIRA,PMB,Deputado Estadual,4,7,2022
12307,MIRELLE CRISTINA DE SOUZA BUENO,PDT,Deputado Estadual,4,7,2022
30033,WAGNER DE BRITO TEIXEIRA,NOVO,Deputado Estadual,4,7,2022
10033,ROGERIO PEDROSO DE PADUA JUNIOR,REPUBLICANOS,Deputado Estadual,4,7,2022
35789,VALDIRENE SANTOS DA SILVA,PMB,Deputado Estadual,4,7,2022
28300,IEDA MARIA NOGUEIRA SILVA,PRTB,Deputado Estadual,4,7,2022
28633,ROBERTO FIGUEIREDO JUNIOR,PRTB,Deputado Estadual,4,7,2022
44422,SIDELI DA SILVA LOPES,UNIÃO,Deputado Estadual,4,7,2022
12156,EUGÊNIO MIRANDA,PDT,Deputado Estadual,4,7,2022
51033,DEOCLÉCIO KAWAHATA PLACCO,PATRIOTA,Deputado Estadual,4,7,2022
51001,ANDRÉ LUIZ GALHARDO JOÃO,PATRIOTA,Deputado Estadual,4,7,2022
11023,FLAVIO AUGUSTO OLMOS,PP,Deputado Estadual,4,7,2022
51107,JOSE ALCY PINHEIRO SUBRINHO,PATRIOTA,Deputado Estadual,4,7,2022
11258,MÁRCIO APARECIDO MARTINS,PP,Deputado Estadual,4,7,2022
12737,JHONATAN WILLIAM OLIVEIRA DO NASCIMENTO,PDT,Deputado Estadual,4,7,2022
50099,VALDOMIRO MARQUES,PSOL,Deputado Estadual,4,7,2022
50009,DENISE FERNANDES DE SOUZA PANTALEÃO,PSOL,Deputado Estadual,4,7,2022
44125,JOAO BATISTA DO PRADO,UNIÃO,Deputado Estadual,4,7,2022
44127,CAMILA GRASIELE SANGREGORIO SOARES,UNIÃO,Deputado Estadual,4,7,2022
12050,ANTONIO FERNANDO PEREIRA,PDT,Deputado Estadual,4,7,2022
12028,PAULO ROGÉRIO DA SILVA,PDT,Deputado Estadual,4,7,2022
44016,CLAUDINEI LUIS DA SILVA,UNIÃO,Deputado Estadual,4,7,2022
44009,FELIPPE LOURENÇO OLIVEIRA COELHO,UNIÃO,Deputado Estadual,4,7,2022
20212,CARLOS ROBERTO BATISTA DOS SANTOS,PSC,Deputado Estadual,4,7,2022
10369,ANDRE GEORGE NERES DE FARIAS,REPUBLICANOS,Deputado Estadual,4,7,2022
10318,LILIANE HELENA BARBOSA CHIARELLI,REPUBLICANOS,Deputado Estadual,4,7,2022
10360,VAGNER FERNANDES DA SILVA,REPUBLICANOS,Deputado Estadual,4,7,2022
40199,FABIO ADONIS PEREIRA,PSB,Deputado Estadual,4,7,2022
55700,ANDRÉA PAROLIN PAVANI PERINOTI,PSD,Deputado Estadual,4,7,2022
55855,VANILDA APARECIDA PEREIRA DA SILVA,PSD,Deputado Estadual,4,7,2022
55844,JOSE CARLOS ADAO,PSD,Deputado Estadual,4,7,2022
20002,JEAN ALEX DE ANDRADE DOS SANTOS,PSC,Deputado Estadual,4,7,2022
20007,JOEL BATISTA RAMOS,PSC,Deputado Estadual,4,7,2022
77111,ELI CORREIA DE MELO,SOLIDARIEDADE,Deputado Estadual,4,7,2022
77700,LUCAS DE OLIVEIRA,SOLIDARIEDADE,Deputado Estadual,4,7,2022
77550,BRUNO LUCIANO MEIRA MARTINS,SOLIDARIEDADE,Deputado Estadual,4,7,2022
77147,GEORGES HABIB JARROUGE,SOLIDARIEDADE,Deputado Estadual,4,7,2022
10007,CLEUSA APARECIDA DOS SANTOS,REPUBLICANOS,Deputado Estadual,4,7,2022
18441,EDILSON RODRIGO NOGUEIRA MARCIANO,REDE,Deputado Estadual,4,7,2022
20025,ALEXSANDRA BEZERRA LEITE DA SILVA,PSC,Deputado Estadual,4,7,2022
55009,HUMBERTO YUTAKA NAKAMURA,PSD,Deputado Estadual,4,7,2022
10770,MARIA APARECIDA ROQUE DE OLIVEIRA,REPUBLICANOS,Deputado Estadual,4,7,2022
20330,ALLAN DAVID FERREIRA DE LIMA,PSC,Deputado Estadual,4,7,2022
40525,WAINES MOREIRA ALVES,PSB,Deputado Estadual,4,7,2022
20620,PEDRO MARQUES FERREIRA ASSAD,PSC,Deputado Estadual,4,7,2022
15550,RONALDO FRANCISCO DA CRUZ,MDB,Deputado Estadual,4,7,2022
40650,CASSIANO ROSADO CORREIA,PSB,Deputado Estadual,4,7,2022
15050,ANDRÉ LUIZ BARBEZANI,MDB,Deputado Estadual,4,7,2022
11007,DAVID GONÇALVES MOREIRA,PP,Deputado Estadual,4,7,2022
43090,JOANA DARQUE DA PAZ,PV,Deputado Estadual,4,7,2022
43430,DONIZETI APARECIDO ALVES FERREIRA,PV,Deputado Estadual,4,7,2022
51234,RICARDO ROCHA DE OLIVEIRA,PATRIOTA,Deputado Estadual,4,7,2022
51533,ALEX SANDRO BENTO FERNANDES,PATRIOTA,Deputado Estadual,4,7,2022
51007,CLAUDIO SEBASTIÃO AGUIAR,PATRIOTA,Deputado Estadual,3,7,2022
12666,JAIRO ANZILEIRO,PDT,Deputado Estadual,3,7,2022
23001,LUZIMAR BARBOSA DA SILVA,CIDADANIA,Deputado Estadual,3,7,2022
51100,BRIAN VANDERSON FERREIRA LEME,PATRIOTA,Deputado Estadual,3,7,2022
44054,MARI CRISTINA BIZARI,UNIÃO,Deputado Estadual,3,7,2022
50850,MARCELO DOS SANTOS ROLDAN,PSOL,Deputado Estadual,3,7,2022
27123,AHMAD ABOU ADILE,DC,Deputado Estadual,3,7,2022
12735,ANGELO SCAVASSINI NETO,PDT,Deputado Estadual,3,7,2022
44130,LETICIA CRISTINA DA SILVA,UNIÃO,Deputado Estadual,3,7,2022
44150,GISELE APARECIDA DA SILVA RAMOS,UNIÃO,Deputado Estadual,3,7,2022
12363,EZEQUIEL DE ARAÚJO SILVA,PDT,Deputado Estadual,3,7,2022
50018,MATHEUS LEMES MARTINS DE ASSIS,PSOL,Deputado Estadual,3,7,2022
11972,BENEDITO TORRES BARRETO,PP,Deputado Estadual,3,7,2022
11877,EDUARDO OLIVEIRA DE ARAUJO,PP,Deputado Estadual,3,7,2022
28173,ALMIRO RODRIGUES RIBEIRO,PRTB,Deputado Estadual,3,7,2022
50666,MARIA HELENA DE CARVALHO,PSOL,Deputado Estadual,3,7,2022
12077,MARCIO AURELIO SOARES,PDT,Deputado Estadual,3,7,2022
28286,LUANA SILVA QUEIROZ,PRTB,Deputado Estadual,3,7,2022
35888,ALESSANDRA ABE,PMB,Deputado Estadual,3,7,2022
35777,DALTON TADEU IZZO JUNIOR,PMB,Deputado Estadual,3,7,2022
40015,MILTON NERY NETO,PSB,Deputado Estadual,3,7,2022
35550,DOUGLAS KAJFES GARCIA,PMB,Deputado Estadual,3,7,2022
10310,HUGO DANTAS DA SILVA,REPUBLICANOS,Deputado Estadual,3,7,2022
77747,MAURA DA SILVA BUENO SANTOS,SOLIDARIEDADE,Deputado Estadual,3,7,2022
29295,MARIA ANGELA ABDUCH,PCO,Deputado Estadual,3,7,2022
30369,TIAGO ROCHA FERREIRA,NOVO,Deputado Estadual,3,7,2022
12002,EDINEIA PRADO DA COSTA,PDT,Deputado Estadual,3,7,2022
45219,JULIO CESAR DE OLIVEIRA,PSDB,Deputado Estadual,3,7,2022
45345,EDILZA DE SOUSA MATSUSHITA,PSDB,Deputado Estadual,3,7,2022
30987,MAURICIO AGUIAR GIUNTINI,NOVO,Deputado Estadual,3,7,2022
12622,SANDRA MARIA DOS SANTOS,PDT,Deputado Estadual,3,7,2022
51349,JOSE ALAOR FERNANDES ROSSI,PATRIOTA,Deputado Estadual,3,7,2022
10850,SILMARA APARECIDA DOS REIS CIPRIANO,REPUBLICANOS,Deputado Estadual,3,7,2022
55511,ANDRE PEREIRA DE MEDEIROS,PSD,Deputado Estadual,3,7,2022
16000,LUCAS ANTONIO NIZUMA SIMABUKULO,PSTU,Deputado Estadual,3,7,2022
40440,CLAUDIO OLIVEIRA DE MESSIAS,PSB,Deputado Estadual,3,7,2022
35222,MARCOS RIBEIRO DA SILVA,PMB,Deputado Estadual,3,7,2022
20722,ANDERSON RUGEL VAZ,PSC,Deputado Estadual,3,7,2022
35010,IRENIO OLIVEIRA CARDOSO,PMB,Deputado Estadual,3,7,2022
40444,JULIANO MALAQUIAS BOTELHO,PSB,Deputado Estadual,3,7,2022
15590,RUBIA MARA DA SILVA OLIVEIRA,MDB,Deputado Estadual,3,7,2022
20800,FREDERICH GERALDO MARTINS,PSC,Deputado Estadual,3,7,2022
51525,FERNANDO FERREIRA DE QUEIROZ,PATRIOTA,Deputado Estadual,3,7,2022
51455,MARCOS CORDEIRO DE SOUSA CHAVES,PATRIOTA,Deputado Estadual,3,7,2022
40813,ALEXANDRE SIMÕES PIMENTEL,PSB,Deputado Estadual,3,7,2022
15012,BRUNO DE SOUSA ALVES,MDB,Deputado Estadual,3,7,2022
15133,LILIAN APARECIDA DE PAULA,MDB,Deputado Estadual,3,7,2022
10990,REJAINE TEREZA DOS SANTOS MARCHESINI,REPUBLICANOS,Deputado Estadual,3,7,2022
51123,ANDREA SEIXAS,PATRIOTA,Deputado Estadual,3,7,2022
40256,EDUARDO LUIZ,PSB,Deputado Estadual,3,7,2022
20080,MILTON BEZERRA FEITOZA,PSC,Deputado Estadual,3,7,2022
55755,FERNANDO LUCCHESI ANTUNES DE OLIVEIRA,PSD,Deputado Estadual,3,7,2022
35107,ROSEMARA LEANDRO DA SILVA,PMB,Deputado Estadual,3,7,2022
20140,ODETE BARBOSA DA SILVA,PSC,Deputado Estadual,3,7,2022
77134,MARIA GORETE DA SILVA,SOLIDARIEDADE,Deputado Estadual,3,7,2022
77577,LUCIMARA SILVEIRA MANHA,SOLIDARIEDADE,Deputado Estadual,3,7,2022
10170,GENILZA MEDEIROS DE CASTRO,REPUBLICANOS,Deputado Estadual,3,7,2022
40113,JOSÉ RONALDO GOMES DA SILVA,PSB,Deputado Estadual,3,7,2022
35300,CLEBER VALADÃO ANTUNES,PMB,Deputado Estadual,3,7,2022
35380,REGINALDO DA ROCHA MÁXIMO,PMB,Deputado Estadual,3,7,2022
40054,ADRIANO DE OLIVEIRA SILVA DOS SANTOS,PSB,Deputado Estadual,3,7,2022
19196,SÉRGIO DONIZETE FERREIRA,PODE,Deputado Estadual,3,7,2022
80080,JOÃO GABRIEL COELHO,UP,Deputado Estadual,3,7,2022
10003,HELIO GERALDO RAMOS JUNIOR,REPUBLICANOS,Deputado Estadual,3,7,2022
35330,ADELMACIR DE SOUZA,PMB,Deputado Estadual,2,7,2022
77770,REGINA DE MATOS COELHO NOGUEIRA,SOLIDARIEDADE,Deputado Estadual,2,7,2022
30025,MATEUS JOSE DE CAMARGO STEFANI,NOVO,Deputado Estadual,2,7,2022
28193,ROBERTO CASTRO COSTA,PRTB,Deputado Estadual,2,7,2022
10014,VIVIAN MAIRA DA SILVA MARCOS SOARES,REPUBLICANOS,Deputado Estadual,2,7,2022
28199,SANDRO APARECIDO BATISTA,PRTB,Deputado Estadual,2,7,2022
28200,JULIO CESAR FRANCISCO,PRTB,Deputado Estadual,2,7,2022
12234,JOSUÉ GONÇALVES,PDT,Deputado Estadual,2,7,2022
77997,MOISES JULIANO MONTIEL,SOLIDARIEDADE,Deputado Estadual,2,7,2022
11560,LINDINALVA ZEFERINO DE AZEVEDO,PP,Deputado Estadual,2,7,2022
11571,WELLINGTON WILLIAN DO NASCIMENTO SALES,PP,Deputado Estadual,2,7,2022
40134,JOÃO AGUIAR RIBEIRO,PSB,Deputado Estadual,2,7,2022
77999,LUCIANO APARECIDO MORENO,SOLIDARIEDADE,Deputado Estadual,2,7,2022
15009,AUDEIDE CARDOSO,MDB,Deputado Estadual,2,7,2022
50513,RONALDO RODRIGUES DOS SANTOS,PSOL,Deputado Estadual,2,7,2022
45002,IVONE FERNANDES DIAS DO NASCIMENTO,PSDB,Deputado Estadual,2,7,2022
45088,RENE VLADEMIR BLOTA JUNIOR,PSDB,Deputado Estadual,2,7,2022
28028,SAMUEL PORFIRIO FRANCA,PRTB,Deputado Estadual,2,7,2022
40240,JOCELY RAMOS DOS REIS MARCO,PSB,Deputado Estadual,2,7,2022
28033,JOSE DE SOUZA JUNIOR,PRTB,Deputado Estadual,2,7,2022
44041,SORAIA DOS SANTOS CARNEIRO D EPIRO,UNIÃO,Deputado Estadual,2,7,2022
28050,PAULA MICHELLE DIAS,PRTB,Deputado Estadual,2,7,2022
28386,BRAZ PEREIRA,PRTB,Deputado Estadual,2,7,2022
40377,ALEXANDRE SÓCRATES NAVISKAS,PSB,Deputado Estadual,2,7,2022
11211,CARLOS ALBERTO BOARINI,PP,Deputado Estadual,2,7,2022
12054,SANDRA HELENA CANDIDO DOS SANTOS,PDT,Deputado Estadual,2,7,2022
27011,ALEXANDRE HARTMANN,DC,Deputado Estadual,2,7,2022
35102,JOSÉ RICARDO DA SILVA,PMB,Deputado Estadual,2,7,2022
35700,ROGÉRIO MARTINIUC DE OLIVEIRA,PMB,Deputado Estadual,2,7,2022
27113,EVERILDA XAVIER MOREIRA,DC,Deputado Estadual,2,7,2022
27500,ODILIA CRISTINA SANTOS DO NASCIMENTO,DC,Deputado Estadual,2,7,2022
51017,GETULIO ALEGRE DOS SANTOS,PATRIOTA,Deputado Estadual,2,7,2022
35121,WILSON DE VASCONCELOS VEIGA,PMB,Deputado Estadual,2,7,2022
51332,MÁRCIA CRISTINA DA SILVA,PATRIOTA,Deputado Estadual,2,7,2022
51350,ADRIANA NOGUEIRA DO PRADO,PATRIOTA,Deputado Estadual,2,7,2022
35200,NOELMA DE SOUZA RODRIGUES,PMB,Deputado Estadual,2,7,2022
44470,WERMESON PEREIRA DA SILVA,UNIÃO,Deputado Estadual,2,7,2022
44477,MISAEL ARAUJO RODRIGUES DA SILVA,UNIÃO,Deputado Estadual,2,7,2022
40457,LISETE GOMES DAS NEVES,PSB,Deputado Estadual,2,7,2022
51666,ANGELA GISELDA RUSSO PUCCIA DE LIMA,PATRIOTA,Deputado Estadual,2,7,2022
15515,OSMARIO SILVA,MDB,Deputado Estadual,2,7,2022
30771,ODETE FIORDA,NOVO,Deputado Estadual,2,7,2022
55008,WAGNER SEQUIN,PSD,Deputado Estadual,2,7,2022
12789,RAFAEL COSTA AMADEU,PDT,Deputado Estadual,2,7,2022
50043,RODRIGO DA SILVA BANDINI,PSOL,Deputado Estadual,2,7,2022
16161,LEANDRO JOSE DE SOUZA DUQUE,PSTU,Deputado Estadual,2,7,2022
45688,ERIKA TEREZA COITINHO AFFONSO,PSDB,Deputado Estadual,2,7,2022
15525,ROSANA APARECIDA BRANQUINHO,MDB,Deputado Estadual,2,7,2022
28528,FABIAN ALVES RAMOS,PRTB,Deputado Estadual,2,7,2022
28628,ANTONIO DA CUNHA LIMA,PRTB,Deputado Estadual,2,7,2022
15557,ANDRÉ LUIZ DA SILVA,MDB,Deputado Estadual,2,7,2022
55177,VERA LUCIA MENDES DA SILVA,PSD,Deputado Estadual,2,7,2022
55200,JOSÉ GARRIS DEL VALLE,PSD,Deputado Estadual,2,7,2022
44055,LAERCIO SANDES DE OLIVEIRA,UNIÃO,Deputado Estadual,2,7,2022
15980,JOÃO ALVES VIEIRA,MDB,Deputado Estadual,2,7,2022
44080,ELIANA PAULA CARETI,UNIÃO,Deputado Estadual,2,7,2022
16016,MARISA DOS SANTOS MENDES,PSTU,Deputado Estadual,2,7,2022
20627,AIRTON DOS SANTOS,PSC,Deputado Estadual,2,7,2022
44144,RONALDO FORMIGAO,UNIÃO,Deputado Estadual,2,7,2022
18010,BENEDITO RODRIGUES CORREA,REDE,Deputado Estadual,2,7,2022
18555,JOSÉ MENINO DE OLIVEIRA,REDE,Deputado Estadual,2,7,2022
40670,ROBERTO MONTEIRO,PSB,Deputado Estadual,2,7,2022
40021,EDNA PENHA DA SILVA,PSB,Deputado Estadual,2,7,2022
19007,JAIRO DOS SANTOS,PODE,Deputado Estadual,2,7,2022
10322,MAURICIO NOGUEIRA DIAS,REPUBLICANOS,Deputado Estadual,2,7,2022
20028,VÂNIA FERREIRA DE FRANÇA,PSC,Deputado Estadual,2,7,2022
40717,SUSIMEIRE RIBEIRO DOS SANTOS,PSB,Deputado Estadual,2,7,2022
40900,PAULO CEZAR CONCEIÇÃO QUADROS,PSB,Deputado Estadual,2,7,2022
43007,MARIA DAS DORES ALVES SILVA,PV,Deputado Estadual,2,7,2022
20033,AGILDO FAUSTINO DOS SANTOS JUNIOR,PSC,Deputado Estadual,2,7,2022
12377,LUIS CARLOS DE SOUZA,PDT,Deputado Estadual,2,7,2022
19911,MARCOS MENDES DA SILVA,PODE,Deputado Estadual,2,7,2022
20001,DIEGO VOLGARINE PARDAL,PSC,Deputado Estadual,2,7,2022
20011,CLÁUDIO DO NASCIMENTO TORRES,PSC,Deputado Estadual,2,7,2022
77008,PAULO MACHADO DA SILVA,SOLIDARIEDADE,Deputado Estadual,2,7,2022
12712,OSVALDO GOMES DE LIMA,PDT,Deputado Estadual,2,7,2022
19009,ESTER COSCARELLI DOMINGUES,PODE,Deputado Estadual,2,7,2022
50444,ROSIVALDO DE JESUS SANTOS,PSOL,Deputado Estadual,2,7,2022
12388,CINTIA APARECIDA DE MATOS,PDT,Deputado Estadual,2,7,2022
12412,JOAQUIM MARCELINO JOFFRE NETO,PDT,Deputado Estadual,2,7,2022
12422,GILMAR FERNANDES DE MELO,PDT,Deputado Estadual,2,7,2022
19013,LARISSA FORJANES DOS SANTOS,PODE,Deputado Estadual,2,7,2022
19022,PEDRO MARIN BELMONTE NETO,PODE,Deputado Estadual,2,7,2022
77088,CAIO ALEXANDRE RAMOS FORCEL,SOLIDARIEDADE,Deputado Estadual,2,7,2022
77200,MARISSOL APARECIDA DA SILVA BARROS,SOLIDARIEDADE,Deputado Estadual,2,7,2022
77600,VALDIR DE ALVARENGA,SOLIDARIEDADE,Deputado Estadual,2,7,2022
19667,MARIA APARECIDA DA COSTA BATISTA,PODE,Deputado Estadual,2,7,2022
19219,SANDRA DE AMORIM BARBOSA DE OLIVEIRA,PODE,Deputado Estadual,2,7,2022
19077,JULIANA MARA DA SILVA SPADA,PODE,Deputado Estadual,2,7,2022
11350,IZABEL CRISTINA DA SILVA ANDRE,PP,Deputado Estadual,2,7,2022
11377,MARIA DE FÁTIMA SILVA,PP,Deputado Estadual,2,7,2022
11400,PAULO ROBERTO CASSIOLATO FILHO,PP,Deputado Estadual,2,7,2022
19300,EDUARDO CARNEIRO MARTINS,PODE,Deputado Estadual,2,7,2022
77715,LUIZ CARLOS MAGESTO,SOLIDARIEDADE,Deputado Estadual,2,7,2022
44707,BENEDITO DE VITTO JUNIOR,UNIÃO,Deputado Estadual,1,7,2022
44789,JOÃO DA SILVA FILHO,UNIÃO,Deputado Estadual,1,7,2022
10030,EDNA MARIA VERTELLO SILVA,REPUBLICANOS,Deputado Estadual,1,7,2022
45059,EDSON ROBERTO PARRON,PSDB,Deputado Estadual,1,7,2022
77880,MARIA NILVA SEVERINO GONÇALVES,SOLIDARIEDADE,Deputado Estadual,1,7,2022
12240,ADRIANO NERES DE OLIVEIRA,PDT,Deputado Estadual,1,7,2022
40128,ANTONIO LAURO CAMPANHA,PSB,Deputado Estadual,1,7,2022
12244,RENAN FONSECA DA SILVA,PDT,Deputado Estadual,1,7,2022
40155,MARIA JOSÉ DA SILVA BEZERRA,PSB,Deputado Estadual,1,7,2022
12277,MARCIO ALEXANDRE BARRETO,PDT,Deputado Estadual,1,7,2022
45116,SILVANO SALES PEIXOTO,PSDB,Deputado Estadual,1,7,2022
12101,FLÁVIA APARECIDA RODRIGUES,PDT,Deputado Estadual,1,7,2022
40303,DAVID SANTANA DA SILVA,PSB,Deputado Estadual,1,7,2022
35088,JANAINA BASTOS DE OLIVEIRA,PMB,Deputado Estadual,1,7,2022
35667,FATIMA NASCIMENTO ALEXANDRE,PMB,Deputado Estadual,1,7,2022
35722,ADELINO CASTELLEIRO FILHO,PMB,Deputado Estadual,1,7,2022
44350,MARCIA LENTZ,UNIÃO,Deputado Estadual,1,7,2022
35119,NIELTON CARVALHO DE MATOS,PMB,Deputado Estadual,1,7,2022
29999,RODRIGO ANTUNES DE LIMA,PCO,Deputado Estadual,1,7,2022
30016,IVAN PAULO PEREIRA DA SILVA,NOVO,Deputado Estadual,1,7,2022
40505,MARCELO FERREIRA KAWATOKO,PSB,Deputado Estadual,1,7,2022
12190,MARCELO AFONSO PIMENTA,PDT,Deputado Estadual,1,7,2022
45377,SERGIO OLIVETTI JACOMINI,PSDB,Deputado Estadual,1,7,2022
28886,RANGEL RODRIGO DE FIGUEIREDO BONELLI,PRTB,Deputado Estadual,1,7,2022
28367,RENATA ROSA DE SA BOAVENTURA,PRTB,Deputado Estadual,1,7,2022
35666,DULCINEIA COELHO DA SILVA,PMB,Deputado Estadual,1,7,2022
45622,VONG IEK LEONG,PSDB,Deputado Estadual,1,7,2022
35022,ARLINDO PEREIRA FIGUEIREDO JUNIOR,PMB,Deputado Estadual,1,7,2022
35054,CLEONICE APARECIDA PEREIRA DA SILVA,PMB,Deputado Estadual,1,7,2022
35077,JULIO CESAR FREITAS ROCHA,PMB,Deputado Estadual,1,7,2022
45845,NELSA FLORINDA DE QUEIROZ METZLER,PSDB,Deputado Estadual,1,7,2022
44171,JAQUELINE MONTEIRO DE CARVALHO BARRETO,UNIÃO,Deputado Estadual,1,7,2022
40665,SHIRLEI APARECIDA MOURA DA SILVA,PSB,Deputado Estadual,1,7,2022
44611,VIVIANE DOS SANTOS SILVA CASAMASSA,UNIÃO,Deputado Estadual,1,7,2022
35444,MARIA ESTELA CAPELETTI DA ROCHA,PMB,Deputado Estadual,1,7,2022
35447,ANDERSON HENRIQUE PINTO,PMB,Deputado Estadual,1,7,2022
35522,THAISE CARVALHO MIRANDA,PMB,Deputado Estadual,1,7,2022
35551,ELISANGELA VALINHO QUEIROZ DOS SANTOS,PMB,Deputado Estadual,1,7,2022
12612,DEJANIRA VICENCIA SANTOS ALVES,PDT,Deputado Estadual,1,7,2022
12678,JHONY ANTONIO BARBOZA,PDT,Deputado Estadual,1,7,2022
12700,WINNITU DIEGO DA SILVA TOZADORE,PDT,Deputado Estadual,1,7,2022
40051,REINALDO RÚBIO RODA,PSB,Deputado Estadual,1,7,2022
44644,RODRIGO CESAR REGORAO VERONEZI,UNIÃO,Deputado Estadual,1,7,2022
12512,SIDNEI TAVARES MEDEIROS,PDT,Deputado Estadual,1,7,2022
28963,LEDIVAN LOPES SEABRA,PRTB,Deputado Estadual,1,7,2022
44678,DONILZETE JOSÉ SOARES,UNIÃO,Deputado Estadual,1,7,2022
44705,ROLGACIANO FERNANDES ALMEIDA,UNIÃO,Deputado Estadual,1,7,2022
35321,VALQUIRIA JUSTINO,PMB,Deputado Estadual,1,7,2022
35325,ROBERTO FRANCISCO DA SILVA,PMB,Deputado Estadual,1,7,2022
50157,DARCI RAMOS VITÓRIO,PSOL,Deputado Estadual,1,7,2022
28099,ANTONIO D AGOSTINO,PRTB,Deputado Estadual,1,7,2022
28122,WALTER NOLA,PRTB,Deputado Estadual,1,7,2022
28145,ANDRESSA MAZZEI SIGNORETTI DA SILVA,PRTB,Deputado Estadual,1,7,2022
28280,CLAUDIO MARTINS NEVES DE FRANCA,PRTB,Deputado Estadual,1,7,2022
11600,MARCIA APARECIDA TASCHETTI,PP,Deputado Estadual,1,7,2022
51231,MARCIO DE PAULA PINHEIRO,PATRIOTA,Deputado Estadual,1,7,2022
20789,ANDRE MARCOS DE ABREU,PSC,Deputado Estadual,1,7,2022
20820,ADILSON RIBEIRO,PSC,Deputado Estadual,1,7,2022
51321,EDUARDO DIAS DE BRITO,PATRIOTA,Deputado Estadual,1,7,2022
28088,MARCELO MAMBRINI,PRTB,Deputado Estadual,1,7,2022
11224,PATRICIA ROSSI CICOTOSTE,PP,Deputado Estadual,1,7,2022
51451,FERNANDO HENRIQUE GOMES DA SILVA,PATRIOTA,Deputado Estadual,1,7,2022
18019,MARIO EDUARDO DA SILVA,REDE,Deputado Estadual,1,7,2022
55505,PATRICIA APARECIDA ROSSI,PSD,Deputado Estadual,1,7,2022
20227,SANDRA PEDROSA GARCIA DOS SANTOS,PSC,Deputado Estadual,1,7,2022
18270,EDILMA MARIA DA SILVA,REDE,Deputado Estadual,1,7,2022
51511,ARAFETH ALI HUSSEIN NASREDDINE,PATRIOTA,Deputado Estadual,1,7,2022
18717,ANTOINE BALADY,REDE,Deputado Estadual,1,7,2022
19002,JOSÉ CARLOS DE ALMEIDA,PODE,Deputado Estadual,1,7,2022
40070,JOSÉ DILSON DAS CHAGAS,PSB,Deputado Estadual,1,7,2022
55678,RAIMUNDO FERNANDES DE PAIVA,PSD,Deputado Estadual,1,7,2022
15090,SAMUEL DE JESUS SANTOS PEREIRA,MDB,Deputado Estadual,1,7,2022
11227,MARIA APARECIDA DE JESUS,PP,Deputado Estadual,1,7,2022
51888,PATRÍCIA MAGDA GIRO LOBO BELLI,PATRIOTA,Deputado Estadual,1,7,2022
20035,MARIA JOSE DA SILVA,PSC,Deputado Estadual,1,7,2022
20124,VALERIA DE CAMPOS BALBINO,PSC,Deputado Estadual,1,7,2022
10450,PEDRO LUIZ CONTI MARIOZI,REPUBLICANOS,Deputado Estadual,1,7,2022
19789,CUSTODIA DE SOUZA RANGEL,PODE,Deputado Estadual,1,7,2022
19798,DEISE DUARTE,PODE,Deputado Estadual,1,7,2022
10987,SARA MARGARETE DE SOUZA SILVA,REPUBLICANOS,Deputado Estadual,1,7,2022
15256,MARCOS ANTONIO GONÇALVES DA SILVA,MDB,Deputado Estadual,1,7,2022
15339,RODNEY DE PAIVA,MDB,Deputado Estadual,1,7,2022
77001,DAVID DOS REIS RODRIGUES SABACIANSKIS,SOLIDARIEDADE,Deputado Estadual,1,7,2022
77003,CRISTIANO ALEXANDRE DA SILVA,SOLIDARIEDADE,Deputado Estadual,1,7,2022
15432,IVONE MOREIRA SANTOS,MDB,Deputado Estadual,1,7,2022
77059,ELLEN CRISTINA DE MORAES,SOLIDARIEDADE,Deputado Estadual,1,7,2022
51009,RODRIGO SALOMÃO JUNQUEIRA,PATRIOTA,Deputado Estadual,1,7,2022
15130,FERNANDO RAMOS,MDB,Deputado Estadual,1,7,2022
23777,CARLOS AUGUSTO DA CUNHA SILVA,CIDADANIA,Deputado Estadual,1,7,2022
55025,CLAUDIA URIAS,PSD,Deputado Estadual,1,7,2022
77156,GERALDO NUNES REIS,SOLIDARIEDADE,Deputado Estadual,1,7,2022
55044,CARLOS EDUARDO UTUARI,PSD,Deputado Estadual,1,7,2022
77250,BRIGIDA CAIRES DINARDI,SOLIDARIEDADE,Deputado Estadual,1,7,2022
55090,ANTONIO EDUARDO DOS SANTOS,PSD,Deputado Estadual,1,7,2022
19444,MALBA TANIA RODRIGUES ABRANTES COELHO GOMES,PODE,Deputado Estadual,1,7,2022
19565,HENRIQUE LOPES SILVA,PODE,Deputado Estadual,1,7,2022
16107,RAQUEL DE PAULA,PSTU,Deputado Estadual,1,7,2022
19699,DOUGLAS BORGONI,PODE,Deputado Estadual,1,7,2022
23231,LUCIANA CRISTINA MENDES SANTOS,CIDADANIA,Deputado Estadual,1,7,2022
16321,NELSON BOTELHO DA SILVA,PSTU,Deputado Estadual,1,7,2022
19115,VERONICA COSMO AMERICO,PODE,Deputado Estadual,1,7,2022
19141,LUIS ANTONIO DE SOUZA,PODE,Deputado Estadual,1,7,2022
11050,JOÃO ROBERTO DE SIQUEIRA,PP,Deputado Estadual,1,7,2022
22491,VALDETE GUEDES DE OLIVEIRA,PL,Deputado Estadual,1,7,2022
77737,NEZINHO GONÇALVES NUNES,SOLIDARIEDADE,Deputado Estadual,1,7,2022
15700,IVAN RIBEIRO DE BRITO,MDB,Deputado Estadual,1,7,2022
77787,SÉTIMA MARIA VIEIRA DE ARAUJO,SOLIDARIEDADE,Deputado Estadual,1,7,2022
77808,MICHELLE SCOASSADO,SOLIDARIEDADE,Deputado Estadual,1,7,2022
19192,ALDO FERNANDO NUNES,PODE,Deputado Estadual,1,7,2022
77970,RAIMUNDO LUSTOZA LUCAS,SOLIDARIEDADE,Deputado Estadual,1,7,2022
55121,ANTÔNIO EMÍDIO DE MORAIS,PSD,Deputado Estadual,1,7,2022
51222,SANDRA DELMIRO DE LIMA GABRIEL,PATRIOTA,Deputado Estadual,1,7,2022
14016,CHARLES DOS SANTOS PEREIRA,PTB,Deputado Estadual,0,7,2022
14017,PAULO CESAR DA SILVA SANT ANA,PTB,Deputado Estadual,0,7,2022
14019,AHMED TARIQUE TOMBOUCTOU AGIO,PTB,Deputado Estadual,0,7,2022
14020,GILBERTO MEGDA,PTB,Deputado Estadual,0,7,2022
14021,MAGDA DOS SANTOS CABRAL,PTB,Deputado Estadual,0,7,2022
14022,WASHINGTON JOSE DA CRUZ,PTB,Deputado Estadual,0,7,2022
14032,AFONSO MARIA SILVA SALES,PTB,Deputado Estadual,0,7,2022
14033,ANGELA TORRES PRADO,PTB,Deputado Estadual,0,7,2022
36888,CESAR BENEDITO ALVES,AGIR,Deputado Estadual,0,7,2022
36889,SERGILVAN OLIVEIRA DE BRITO,AGIR,Deputado Estadual,0,7,2022
36890,JOSE CICERO FERNANDES DA SILVA,AGIR,Deputado Estadual,0,7,2022
36918,ANA CLAUDIA SEVERINO RIVERA,AGIR,Deputado Estadual,0,7,2022
36936,HEITOR ROBERTO TOMMASINI,AGIR,Deputado Estadual,0,7,2022
36960,SALVADOR FERREIRA DA SILVA JUNIOR,AGIR,Deputado Estadual,0,7,2022
36963,REINALDO MARTINS,AGIR,Deputado Estadual,0,7,2022
36969,TARCISIO BRUNO GUIDI,AGIR,Deputado Estadual,0,7,2022
36980,OSNI RAMOS JUNIOR,AGIR,Deputado Estadual,0,7,2022
36999,DONIZETE APARECIDO FERREIRA,AGIR,Deputado Estadual,0,7,2022
35432,BENEDITO EDELCIO DA SILVA,PMB,Deputado Estadual,0,7,2022
35450,INGRID DE MENDONÇA RIBEIRO,PMB,Deputado Estadual,0,7,2022
35469,ERALDO NUNES GALDINO,PMB,Deputado Estadual,0,7,2022
35474,CASSIO EDUARDO FONSECA,PMB,Deputado Estadual,0,7,2022
35533,JORGE CLAUDIO ANSELMO,PMB,Deputado Estadual,0,7,2022
35553,ENEAS SILVA FERREIRA SALES,PMB,Deputado Estadual,0,7,2022
35554,ALEIXO ANDRE MANOEL NETO,PMB,Deputado Estadual,0,7,2022
35600,CARLOS FERNANDO SERRA DO NASCIMENTO,PMB,Deputado Estadual,0,7,2022
35622,JULIO AURELIANO DA SILVA,PMB,Deputado Estadual,0,7,2022
40095,NILDO SILVESTRE DA SILVA,PSB,Deputado Estadual,0,7,2022
14000,JOSE CARLOS BERNARDI,PTB,Deputado Estadual,0,7,2022
14001,EVANDRO PEREIRA DOS REIS,PTB,Deputado Estadual,0,7,2022
14002,CRISTINA ALVES DE GODOY,PTB,Deputado Estadual,0,7,2022
14003,PANAGIOTIS SERAFIM SPANOS,PTB,Deputado Estadual,0,7,2022
35259,ELAINE CRISTINA PUPE DE MORAIS,PMB,Deputado Estadual,0,7,2022
35274,MARIA DA CONCEIÇÃO FERNANDES GRANATO,PMB,Deputado Estadual,0,7,2022
35312,SILAS DA SILVA MOREIRA,PMB,Deputado Estadual,0,7,2022
35333,LUCIANA APARECIDA DE PAULA CARVALHO,PMB,Deputado Estadual,0,7,2022
35369,ROBERIO DOS SANTOS BENEDITO,PMB,Deputado Estadual,0,7,2022
35400,WILLIAM DE SOUZA PALMA BOARRETTO,PMB,Deputado Estadual,0,7,2022
14004,CRISTINA DOS SANTOS,PTB,Deputado Estadual,0,7,2022
14005,LILIANE DURCE,PTB,Deputado Estadual,0,7,2022
14006,GILBERTO MARQUES DO COUTO,PTB,Deputado Estadual,0,7,2022
40140,EDSON ELIAS KHOURI,PSB,Deputado Estadual,0,7,2022
40167,GRACE LAINE PINCERATO CARREIRA DINI,PSB,Deputado Estadual,0,7,2022
40185,MARIA SALETE MARINI,PSB,Deputado Estadual,0,7,2022
40233,POLIANA ALVES FERNANDES PINTO,PSB,Deputado Estadual,0,7,2022
40234,CLERISTON DOS SANTOS ARAÚJO,PSB,Deputado Estadual,0,7,2022
40245,CHARLES ROBERTO PAES,PSB,Deputado Estadual,0,7,2022
40261,MAURICIO MARTINEZ,PSB,Deputado Estadual,0,7,2022
40345,ANDERSON FREITAS BARBOSA PASSOS,PSB,Deputado Estadual,0,7,2022
35113,RONALDO ELIAS MARIANO,PMB,Deputado Estadual,0,7,2022
35191,JOSÉ PEREIRA NETO,PMB,Deputado Estadual,0,7,2022
35193,ANGELO MARCIO DE JESUS SILVA,PMB,Deputado Estadual,0,7,2022
35221,LUIS JACINTO BARRETO,PMB,Deputado Estadual,0,7,2022
35224,FRANCISCO ALVES DE SOUSA,PMB,Deputado Estadual,0,7,2022
40537,FLORDINICE PINHEIRO,PSB,Deputado Estadual,0,7,2022
40540,LARA EUNICE SANTOS BARBOSA,PSB,Deputado Estadual,0,7,2022
40555,PEDRO TOMISHIGUE MORI,PSB,Deputado Estadual,0,7,2022
12812,EDMILSON PINTO CARDOZO,PDT,Deputado Estadual,0,7,2022
33888,CAIO HENRIQUE DA SILVA,PMN,Deputado Estadual,0,7,2022
33911,WAGNER CARDOSO DE OLIVEIRA,PMN,Deputado Estadual,0,7,2022
33912,JOSÉ LUIZ ALVES NETO,PMN,Deputado Estadual,0,7,2022
33933,ANGÉLICA DIAS DA SILVA,PMN,Deputado Estadual,0,7,2022
33999,MICHAEL RICHARD DE JESUS PEDRO,PMN,Deputado Estadual,0,7,2022
35001,LUIS ALEXANDRE PINHEIRO,PMB,Deputado Estadual,0,7,2022
35005,DANILO MARTINS DE OLIVEIRA FRANÇA,PMB,Deputado Estadual,0,7,2022
35030,SOFIA BRAGA PALMA,PMB,Deputado Estadual,0,7,2022
35059,MARCO ANTONIO SARTI,PMB,Deputado Estadual,0,7,2022
35081,MARCOS JOSÉ DO VALLE,PMB,Deputado Estadual,0,7,2022
40577,RODRIGO ALMEIDA PASSOS,PSB,Deputado Estadual,0,7,2022
40656,SÍLVIA ELENA BITTENCOURT,PSB,Deputado Estadual,0,7,2022
40690,DOUGLAS AMPARADO CABRAL,PSB,Deputado Estadual,0,7,2022
43343,LUISA DA SILVA FERNANDES,PV,Deputado Estadual,0,7,2022
12723,CARLA DENISE BAPTISTA LEOPOLDO,PDT,Deputado Estadual,0,7,2022
33500,ELIANDRO SILVA DIAS,PMN,Deputado Estadual,0,7,2022
33536,MANOEL DE SOUSA COELHO JUNIOR,PMN,Deputado Estadual,0,7,2022
33552,JOSÉ OSÓRIO FILHO,PMN,Deputado Estadual,0,7,2022
33555,ROBERTO LUIZ DO NASCIMENTO,PMN,Deputado Estadual,0,7,2022
33581,CLÁUDIO DE OLIVEIRA LEOPOLDO,PMN,Deputado Estadual,0,7,2022
33606,CLEBER NUNES DOS SANTOS,PMN,Deputado Estadual,0,7,2022
33666,WILLIAM SILVEIRA MEDEIROS,PMN,Deputado Estadual,0,7,2022
33699,JOAQUIM ALVES PINHEIRO,PMN,Deputado Estadual,0,7,2022
33700,DEIDILAN LIANG CORREIA DE SOUZA,PMN,Deputado Estadual,0,7,2022
33713,MARIA LUCINDA RESENDE,PMN,Deputado Estadual,0,7,2022
33722,ROSANGELA LOURENÇO BRITO SOUZA,PMN,Deputado Estadual,0,7,2022
33733,RAIMUNDA GONÇALVES DOS SANTOS,PMN,Deputado Estadual,0,7,2022
33766,LOURIVAL TORRES,PMN,Deputado Estadual,0,7,2022
33777,TAIS CRISTINA LOURENÇO DE SOUZA,PMN,Deputado Estadual,0,7,2022
33789,ANA CLÁUDIA MESQUITA ROCHA,PMN,Deputado Estadual,0,7,2022
33843,RONALDO SEGALA,PMN,Deputado Estadual,0,7,2022
12736,JOSÉ NELSON DA SILVA,PDT,Deputado Estadual,0,7,2022
44011,CARLOS JOSE GASPAR,UNIÃO,Deputado Estadual,0,7,2022
44033,PAULO NUNES PINHEIRO,UNIÃO,Deputado Estadual,0,7,2022
33300,DAVI CICHETTO DE MORAES,PMN,Deputado Estadual,0,7,2022
33312,MÁRCIA APARECIDA MENDES,PMN,Deputado Estadual,0,7,2022
33313,SIDNEY MELO DA SILVA,PMN,Deputado Estadual,0,7,2022
33321,MARCOS KOHLMANN BARBOZA,PMN,Deputado Estadual,0,7,2022
33322,JÉSSIKA RUSSO MACHADO,PMN,Deputado Estadual,0,7,2022
33331,MARCELLO MAZÁRIO COSTA,PMN,Deputado Estadual,0,7,2022
33333,LEANDRA SOARES DOS SANTOS,PMN,Deputado Estadual,0,7,2022
33334,GISELE CASARIN DA SILVA,PMN,Deputado Estadual,0,7,2022
33355,ROSÂNGELA HERNANDES AZEVEDO,PMN,Deputado Estadual,0,7,2022
33366,CÍCERO PEREIRA DO VALE,PMN,Deputado Estadual,0,7,2022
33377,CELSO DA LUZ GUEDES,PMN,Deputado Estadual,0,7,2022
33383,JOSÉ DOMINGOS SANTOS RIBEIRO,PMN,Deputado Estadual,0,7,2022
33400,OSVALDO SANTOS DA SILVA,PMN,Deputado Estadual,0,7,2022
33422,RAQUEL TOIAN DOS SANTOS,PMN,Deputado Estadual,0,7,2022
33444,CÍCERO JOSÉ DE GOUVEIA,PMN,Deputado Estadual,0,7,2022
33456,JOENE HENRIQUES DE FIGUEIREDO,PMN,Deputado Estadual,0,7,2022
44050,JURACY DA CONCEIÇÃO DOS SANTOS,UNIÃO,Deputado Estadual,0,7,2022
44140,THIAGO VERONICO DE FREITAS,UNIÃO,Deputado Estadual,0,7,2022
44234,LUIZ OTAVIO DA SILVA,UNIÃO,Deputado Estadual,0,7,2022
12443,VERÔNICA EVANGELISTA DOS SANTOS,PDT,Deputado Estadual,0,7,2022
33120,SEBASTIÃO RIBEIRO DA SILVA,PMN,Deputado Estadual,0,7,2022
33122,LUIZ MARQUES,PMN,Deputado Estadual,0,7,2022
33123,ERICH DE ANDRES,PMN,Deputado Estadual,0,7,2022
33133,ALESSANDRA VECCHIO SOBRINHO,PMN,Deputado Estadual,0,7,2022
33136,AGNALDO ALVES PEREIRA,PMN,Deputado Estadual,0,7,2022
33144,LUIZ FERNANDO BRASILIENSE,PMN,Deputado Estadual,0,7,2022
33150,ROSILENE DOS SANTOS,PMN,Deputado Estadual,0,7,2022
33190,FERNANDO DOS SANTOS CORREA,PMN,Deputado Estadual,0,7,2022
33193,MARCOS DE OLIVEIRA SAMPAIO,PMN,Deputado Estadual,0,7,2022
33199,PAULINA ROSA DE SOUZA JACINTO,PMN,Deputado Estadual,0,7,2022
33222,GERALDO PEREIRA FILHO,PMN,Deputado Estadual,0,7,2022
33234,IRENILDO ELIAS BARBOSA,PMN,Deputado Estadual,0,7,2022
33240,IVAN CARLOS CONSTANTINO DE OLIVEIRA,PMN,Deputado Estadual,0,7,2022
33246,JORGILENE ALVES SILVA,PMN,Deputado Estadual,0,7,2022
33277,DORALICE SOUZA MATOS FAUSTINO,PMN,Deputado Estadual,0,7,2022
33290,MÁRCIA LOPES DE ARAUJO,PMN,Deputado Estadual,0,7,2022
44447,JUAN RAMON SOTO,UNIÃO,Deputado Estadual,0,7,2022
44451,EDEMIR DE MELO,UNIÃO,Deputado Estadual,0,7,2022
44532,LUCAS MÁXIMO DE JESUS,UNIÃO,Deputado Estadual,0,7,2022
33000,LUCCAS SANTOS DA CUNHA,PMN,Deputado Estadual,0,7,2022
33006,PAMELA BARBOSA,PMN,Deputado Estadual,0,7,2022
33007,SEBASTIÃO DE MESQUITA SILVA,PMN,Deputado Estadual,0,7,2022
33010,FRANCISCO HORWATH NETO,PMN,Deputado Estadual,0,7,2022
33017,GABRIELY DE LISIEUX LIMA BARBOSA,PMN,Deputado Estadual,0,7,2022
33065,ADRIANA COELHO DE OLIVEIRA,PMN,Deputado Estadual,0,7,2022
33100,PAULO CEZAR XAVIER ALEXANDRE,PMN,Deputado Estadual,0,7,2022
33105,GENILDO RODRIGUES CASTRO,PMN,Deputado Estadual,0,7,2022
33111,PATROCÍNIO RAMOS DA CRUZ NETO,PMN,Deputado Estadual,0,7,2022
33112,GILMAR DIAS PEREIRA,PMN,Deputado Estadual,0,7,2022
44662,ANGELA DONATIELLO LOPES,UNIÃO,Deputado Estadual,0,7,2022
44767,CECILIA CLAUDINO GOMES DO AMARAL PEREIRA,UNIÃO,Deputado Estadual,0,7,2022
44852,CICERO APARECIDO DE MELO,UNIÃO,Deputado Estadual,0,7,2022
14038,PAULO HUGENNEYER KOGOS,PTB,Deputado Estadual,0,7,2022
14039,NURIA DANIELA GALLÃO ARTHUZO,PTB,Deputado Estadual,0,7,2022
14040,LUIS FERNANDO DA SILVA,PTB,Deputado Estadual,0,7,2022
14041,VERA LUCIA SOVERAL DA SILVEIRA,PTB,Deputado Estadual,0,7,2022
14044,MARCOS VITOR LESSA,PTB,Deputado Estadual,0,7,2022
14045,VIOLETA FILOMENA DACCACHE,PTB,Deputado Estadual,0,7,2022
14046,MARCELO OLIVEIRA ROSADO,PTB,Deputado Estadual,0,7,2022
14049,ROSYMEIRE DE SOUZA LEITE RODRIGUES,PTB,Deputado Estadual,0,7,2022
14050,MARIA RISOLETA ESTRELA DOS SANTOS,PTB,Deputado Estadual,0,7,2022
14060,DENIVIA ROSA DOS SANTOS OLIVEIRA,PTB,Deputado Estadual,0,7,2022
14088,MARCELO CRISTIANO REIS,PTB,Deputado Estadual,0,7,2022
14099,IOLANDA REGINA ALVES FRONTEROTTA,PTB,Deputado Estadual,0,7,2022
14100,JOSE VANDERLEI MACHADO,PTB,Deputado Estadual,0,7,2022
14108,ANTONIO DA SILVA E SOUZA,PTB,Deputado Estadual,0,7,2022
14110,WENDELL BRAZ NICOLICHE,PTB,Deputado Estadual,0,7,2022
14111,ALEXANDRE GONÇALVES DEMETRIO ZAHRA,PTB,Deputado Estadual,0,7,2022
14190,MARCOS ROGERIO MANTEIGA,PTB,Deputado Estadual,0,7,2022
14193,DEYCON FRANCISCO DA SILVA,PTB,Deputado Estadual,0,7,2022
14112,EDILSON GUARNIERI,PTB,Deputado Estadual,0,7,2022
14114,MARIA ADALZIRA RIBEIRO ORTIZ,PTB,Deputado Estadual,0,7,2022
14115,MOISES GOMES DO NASCIMENTO,PTB,Deputado Estadual,0,7,2022
14121,ROBERTO CARLOS DE ALMEIDA,PTB,Deputado Estadual,0,7,2022
14122,CLODOALDO ALVES DE AMORIM,PTB,Deputado Estadual,0,7,2022
14123,GUILHERME CESAR ZAFANI,PTB,Deputado Estadual,0,7,2022
14124,MARCELO COSTA MORAES,PTB,Deputado Estadual,0,7,2022
14125,ADA HENRIQUE XAVIER,PTB,Deputado Estadual,0,7,2022
14128,ADRIANO DE BARROS CARUSO,PTB,Deputado Estadual,0,7,2022
14130,AUDREY ANA MARCONDES GOGLIANO,PTB,Deputado Estadual,0,7,2022
14141,ADAUTO VIANA JUNIOR,PTB,Deputado Estadual,0,7,2022
14143,NOEMIA VIEIRA FONSECA,PTB,Deputado Estadual,0,7,2022
14162,ANTONIO BERALDO ALVES,PTB,Deputado Estadual,0,7,2022
14177,CLAUDIO AUGUSTO PEREIRA,PTB,Deputado Estadual,0,7,2022
28994,SEVERINA BENEDITA DA SILVA,PRTB,Deputado Estadual,0,7,2022
45575,DINACI FERREIRA OLEAN,PSDB,Deputado Estadual,0,7,2022
28433,JOEL DE OLIVEIRA,PRTB,Deputado Estadual,0,7,2022
28456,ADEMILSON RAMOS DA SILVA,PRTB,Deputado Estadual,0,7,2022
28522,ROSANA DE ANDRADE MARQUES,PRTB,Deputado Estadual,0,7,2022
28666,VÂNIA LUIZ AMANCIO,PRTB,Deputado Estadual,0,7,2022
28765,LUCAS MARIANO DE CAMPOS,PRTB,Deputado Estadual,0,7,2022
28780,JUAREZ PEREIRA DIAS,PRTB,Deputado Estadual,0,7,2022
28788,FRANCISCO UELITON DE OLIVEIRA SOUZA,PRTB,Deputado Estadual,0,7,2022
28879,EVERTON REZENDE BELASCO,PRTB,Deputado Estadual,0,7,2022
12014,JEFFERSON RODRIGO GOMES DA SILVA,PDT,Deputado Estadual,0,7,2022
12021,SANDRA NAVAJAS,PDT,Deputado Estadual,0,7,2022
28289,PASCOAL LEAL DE PAULA,PRTB,Deputado Estadual,0,7,2022
28311,DIONE FRANCISCO DA SILVA,PRTB,Deputado Estadual,0,7,2022
28321,VANDERLEI GROSSI DA SILVA,PRTB,Deputado Estadual,0,7,2022
28322,ALEUSON ROSA DA SILVA,PRTB,Deputado Estadual,0,7,2022
28379,MADALENA BARBOSA DE SIQUEIRA,PRTB,Deputado Estadual,0,7,2022
28388,ANTONIO TARCIDO MARQUES FERNANDES,PRTB,Deputado Estadual,0,7,2022
28419,GETULIO DE SOUSA SANTOS,PRTB,Deputado Estadual,0,7,2022
28422,CICERO SEBASTIAO DE ARAUJO,PRTB,Deputado Estadual,0,7,2022
28428,CLAUDIA CARVALHO DA ROCHA,PRTB,Deputado Estadual,0,7,2022
11650,LUCIAUREA CORREIA DOS SANTOS,PP,Deputado Estadual,0,7,2022
11890,ALBERTO SABINO DE OLIVEIRA,PP,Deputado Estadual,0,7,2022
11911,EDYMAR BUENO,PP,Deputado Estadual,0,7,2022
50015,CLEBER DA SILVA,PSOL,Deputado Estadual,0,7,2022
50085,GERALDO DO NASCIMENTO,PSOL,Deputado Estadual,0,7,2022
50113,CLAUDIO BENVINDO BARBOSA,PSOL,Deputado Estadual,0,7,2022
14200,RENATO SALVADOR MARTINS,PTB,Deputado Estadual,0,7,2022
14221,LINDEMBERG MELO GONCALVES,PTB,Deputado Estadual,0,7,2022
14222,FLAVIO RICARDO BEALL,PTB,Deputado Estadual,0,7,2022
14244,LUCAS ANTUNES,PTB,Deputado Estadual,0,7,2022
14245,PATRICIA MARIA DE MELO ZANOTTI MONTILHA,PTB,Deputado Estadual,0,7,2022
14250,EMERSON PEREIRA BATISTA,PTB,Deputado Estadual,0,7,2022
14300,DENE IRENO DE SOUSA,PTB,Deputado Estadual,0,7,2022
14321,SIMONE APARECIDA NASCIMENTO DA CONCEIÇÃO,PTB,Deputado Estadual,0,7,2022
14400,NELSON ROBERTO GRITTI,PTB,Deputado Estadual,0,7,2022
14422,VALERIA CRISTINA RODRIGUES,PTB,Deputado Estadual,0,7,2022
14441,GABRIEL SILVA GOMES,PTB,Deputado Estadual,0,7,2022
14444,MANOEL LOPES FERREIRA JUNIOR,PTB,Deputado Estadual,0,7,2022
14455,SERGIO ANTONIO,PTB,Deputado Estadual,0,7,2022
14456,GIOVANA LIMA DE AGUIAR,PTB,Deputado Estadual,0,7,2022
14457,PAULO ROBERTO TORRES GALINDO,PTB,Deputado Estadual,0,7,2022
14500,CRISTINA APARECIDA TEIXEIRA CORDEIRO DE JESUS,PTB,Deputado Estadual,0,7,2022
90050,EDSON MORO JUNIOR,PROS,Deputado Estadual,0,7,2022
11345,MITUO TAKAHASI,PP,Deputado Estadual,0,7,2022
90033,MARIA DA GLORIA IBARRA DOS REIS,PROS,Deputado Estadual,0,7,2022
90722,PAULO JOSE GONÇALVES,PROS,Deputado Estadual,0,7,2022
90999,RICARDO PELISSARO LOQUETE,PROS,Deputado Estadual,0,7,2022
11470,LEANDRO DE JESUS,PP,Deputado Estadual,0,7,2022
11490,ELOIZA PEREIRA CORREIA,PP,Deputado Estadual,0,7,2022
10060,JORGE LUIS DE SOUZA RODRIGUES,REPUBLICANOS,Deputado Estadual,0,7,2022
90600,VICTOR GUATELLI CAVALCANTE,PROS,Deputado Estadual,0,7,2022
90318,WAGNER IRINEU DA SILVA,PROS,Deputado Estadual,0,7,2022
28148,JOSE APARECIDO ROSA FILHO,PRTB,Deputado Estadual,0,7,2022
90321,JOSÉ IVANILDO MARINHO PINHEIRO,PROS,Deputado Estadual,0,7,2022
90334,NEILTON LISBOA DOS SANTOS,PROS,Deputado Estadual,0,7,2022
90354,LUCAS MARCOLINO CORTEZ DOS SANTOS,PROS,Deputado Estadual,0,7,2022
28228,EDSON ROBERTO ALOISIO,PRTB,Deputado Estadual,0,7,2022
28238,ADILSON ALVES LUZ,PRTB,Deputado Estadual,0,7,2022
28248,SHIRLEY VITORIA BERLINI CODREANSCHI,PRTB,Deputado Estadual,0,7,2022
90454,GERALDO CARDOSO DE JESUS,PROS,Deputado Estadual,0,7,2022
28281,MAGNA DA SILVA,PRTB,Deputado Estadual,0,7,2022
90478,AMARINILDA JOSÉ CUSTÓDIO,PROS,Deputado Estadual,0,7,2022
90480,NEIVA ANTONIA MARTINS MARQUES,PROS,Deputado Estadual,0,7,2022
90500,JOÃO BOSCO LOURENÇO,PROS,Deputado Estadual,0,7,2022
50175,MARIA DE JESUS BUENO DA SILVA,PSOL,Deputado Estadual,0,7,2022
90533,LUIS CARLOS MESSIAS,PROS,Deputado Estadual,0,7,2022
90555,JEFFERSON DE JESUS NOGUEIRA,PROS,Deputado Estadual,0,7,2022
50517,ELIEZER ALMEIDA GUIMARÃES,PSOL,Deputado Estadual,0,7,2022
50563,ENOC MANOEL DE SANTANA,PSOL,Deputado Estadual,0,7,2022
50567,LUIZ GUEDES DE ALENCAR JUNIOR,PSOL,Deputado Estadual,0,7,2022
28003,FRANCISCO SEVERIANO DA SILVA,PRTB,Deputado Estadual,0,7,2022
28014,ANTONIO JOSE FERREIRA,PRTB,Deputado Estadual,0,7,2022
28025,FERNANDA APARECIDA GOMES DA SILVA CAETANO,PRTB,Deputado Estadual,0,7,2022
90557,ANTONIO AGNALDO DOS SANTOS,PROS,Deputado Estadual,0,7,2022
90567,PÂMELA ZÉLIA PAN TONIOLO,PROS,Deputado Estadual,0,7,2022
28038,FABIANO GABRIEL CARVALHO SILVA,PRTB,Deputado Estadual,0,7,2022
90590,DEBORA CRISTINA DA MOTA,PROS,Deputado Estadual,0,7,2022
28069,ROGERIO JACOMO MICHELETTI,PRTB,Deputado Estadual,0,7,2022
28070,DANIELE ANSELMO DE MORAIS,PRTB,Deputado Estadual,0,7,2022
90919,BENJAMIN NOEL,PROS,Deputado Estadual,0,7,2022
90675,ANTONIO LUCIANO DO ROSARIO BARBOSA,PROS,Deputado Estadual,0,7,2022
90988,PAULO CAINE DOS SANTOS SILVA,PROS,Deputado Estadual,0,7,2022
35678,DANIEL RODRIGUES BRANDO,PMB,Deputado Estadual,0,7,2022
23479,ROSEMEIRE RIBEIRO,CIDADANIA,Deputado Estadual,0,7,2022
35733,SANTA DA PAIXÃO GOMES DA SILVA,PMB,Deputado Estadual,0,7,2022
35744,CLAUDIA VALDENIA GOMES MAIA,PMB,Deputado Estadual,0,7,2022
35799,MARTIM VIEIRA FERREIRA,PMB,Deputado Estadual,0,7,2022
27251,JOSE CANDIDO DA SILVA,DC,Deputado Estadual,0,7,2022
27277,MARCELO PEREIRA,DC,Deputado Estadual,0,7,2022
35808,SIMONE SILVA SANTOS DA COSTA,PMB,Deputado Estadual,0,7,2022
27653,MARIA ROSA DE ALBUQUERQUE,DC,Deputado Estadual,0,7,2022
27866,ANTÔNIO ROCHA DOS SANTOS,DC,Deputado Estadual,0,7,2022
27911,JOSÉ FÁBIO DOS SANTOS SILVA,DC,Deputado Estadual,0,7,2022
51008,EDMILSON ALVES DA SILVA,PATRIOTA,Deputado Estadual,0,7,2022
35822,ANA PAULA MELO PETILO,PMB,Deputado Estadual,0,7,2022
35835,RONALDO GALDINO DOS SANTOS,PMB,Deputado Estadual,0,7,2022
51020,WALDENIR CHAGA FILHO,PATRIOTA,Deputado Estadual,0,7,2022
51070,SÔNIA DAS GRAÇAS RIBEIRO SILVEIRA,PATRIOTA,Deputado Estadual,0,7,2022
14700,GILBERTO SOARES PINHEIRO,PTB,Deputado Estadual,0,7,2022
14701,MARCELINO SILVA,PTB,Deputado Estadual,0,7,2022
14714,KARINA PAULA DE SOUZA OLIVEIRA MARTINS,PTB,Deputado Estadual,0,7,2022
14772,WILLIAM APARECIDO DE SOUZA,PTB,Deputado Estadual,0,7,2022
14775,CASSIO LUIZ DE OLIVEIRA,PTB,Deputado Estadual,0,7,2022
14777,AGEU DA CRUZ ALMEIDA,PTB,Deputado Estadual,0,7,2022
14789,GERALDO APARECIDO MENDES,PTB,Deputado Estadual,0,7,2022
23011,HARLLEM GONÇALVES DE OLIVEIRA,CIDADANIA,Deputado Estadual,0,7,2022
23131,FABIOLA TATCHER MARTINS RODA,CIDADANIA,Deputado Estadual,0,7,2022
35885,NORMANDO BARBOSA DE OLIVEIRA,PMB,Deputado Estadual,0,7,2022
51144,SOLANGE GUAPYASSU,PATRIOTA,Deputado Estadual,0,7,2022
51151,ROSANE REZENDE LEANDRO,PATRIOTA,Deputado Estadual,0,7,2022
11035,VERA APARECIDA ORTEGA DOS SANTOS,PP,Deputado Estadual,0,7,2022
11040,EVELLYN JULIANA DA SILVA,PP,Deputado Estadual,0,7,2022
11045,RODRIGO OTÁVIO SANTOS VELLASCO,PP,Deputado Estadual,0,7,2022
35900,RODRIGO MOLLER,PMB,Deputado Estadual,0,7,2022
11060,APARECIDO JOVANIR PENA JUNIOR,PP,Deputado Estadual,0,7,2022
51188,RENATA GOUVEA,PATRIOTA,Deputado Estadual,0,7,2022
15017,FERNANDA DA GLÓRIA GOMES,MDB,Deputado Estadual,0,7,2022
35999,ANDERSON GUIMARÃES DE ALMEIDA,PMB,Deputado Estadual,0,7,2022
14522,RODRIGO RODRIGUES PEDROSO,PTB,Deputado Estadual,0,7,2022
14550,JOSE MARCIO DE CAMPOS,PTB,Deputado Estadual,0,7,2022
14555,MARCO AURELIO MIETO DOMINGUES,PTB,Deputado Estadual,0,7,2022
14567,LILIANE MARIA DA SILVA PAES,PTB,Deputado Estadual,0,7,2022
14580,MARIA DE JESUS LOPES MARTINS SILVA,PTB,Deputado Estadual,0,7,2022
14617,CECILIA RANIELE ROSAL SALVADOR,PTB,Deputado Estadual,0,7,2022
14620,GILSON MOREIRA,PTB,Deputado Estadual,0,7,2022
14624,CARLOS ALBERTO VIDAL TONON JUNIOR,PTB,Deputado Estadual,0,7,2022
14699,SIDINEI GIRON,PTB,Deputado Estadual,0,7,2022
51210,EQUIMARCILIAS DE SOUZA FREIRE,PATRIOTA,Deputado Estadual,0,7,2022
36000,SIMONE MARQUES LOPES,AGIR,Deputado Estadual,0,7,2022
36001,CAMILA CRISTINA BRITO,AGIR,Deputado Estadual,0,7,2022
51235,FABIO MARTINS BELARMINO,PATRIOTA,Deputado Estadual,0,7,2022
51250,JOSE BENTO DE JESUS,PATRIOTA,Deputado Estadual,0,7,2022
36003,JULIANO MERKES,AGIR,Deputado Estadual,0,7,2022
36004,ALESSANDRO CAMARGO RODRIGUES,AGIR,Deputado Estadual,0,7,2022
36006,JORGE MOTA DE OLIVEIRA JUNIOR,AGIR,Deputado Estadual,0,7,2022
51360,TAILANDIA FERNANDES SOARES PAIXÃO,PATRIOTA,Deputado Estadual,0,7,2022
51444,RUI ALVES BRUM JUNIOR,PATRIOTA,Deputado Estadual,0,7,2022
36007,DOUGLAS SOLANO DAS NEVES,AGIR,Deputado Estadual,0,7,2022
51500,MARIA ALICE FERNANDES MOSTARDINHA,PATRIOTA,Deputado Estadual,0,7,2022
36009,SIMONE VANESSA SANTOS DIAZ,AGIR,Deputado Estadual,0,7,2022
51545,JORGE DE JESUS OLIVEIRA,PATRIOTA,Deputado Estadual,0,7,2022
51566,ELIANA CRISTINA DA SILVA PASCON,PATRIOTA,Deputado Estadual,0,7,2022
51600,PEDRO ELES DA SILVA,PATRIOTA,Deputado Estadual,0,7,2022
51622,DAVI BENEDITO DOS SANTOS,PATRIOTA,Deputado Estadual,0,7,2022
14800,MÔNICA PRADO,PTB,Deputado Estadual,0,7,2022
14822,CLAUDIO LUIS CAIVANO,PTB,Deputado Estadual,0,7,2022
14851,JURACILDE DE LIMA PINTO,PTB,Deputado Estadual,0,7,2022
14888,AVEDIS GOGENHAN,PTB,Deputado Estadual,0,7,2022
14900,VALDINEI CAMPELO FELIX,PTB,Deputado Estadual,0,7,2022
14961,MARIA ALICE TANIGUSHI,PTB,Deputado Estadual,0,7,2022
14999,APARECIDO MOREIRA DA SILVA,PTB,Deputado Estadual,0,7,2022
36010,JOEL XAVIER DA SILVA,AGIR,Deputado Estadual,0,7,2022
15013,HILDON DE OLIVEIRA ROCHA,MDB,Deputado Estadual,0,7,2022
15215,MARCOS RIBEIRO DA COSTA,MDB,Deputado Estadual,0,7,2022
36011,ANDREIA TASSIANE ANTONACCI,AGIR,Deputado Estadual,0,7,2022
36013,JANAINA CRISP GIULIANO CAVALCANTE,AGIR,Deputado Estadual,0,7,2022
51700,DILSO PANTALEÃO MANZANO,PATRIOTA,Deputado Estadual,0,7,2022
51773,EMÍLIO CARPANEZ FILHO,PATRIOTA,Deputado Estadual,0,7,2022
51800,EDUARDO APARECIDO ALEIXO,PATRIOTA,Deputado Estadual,0,7,2022
51880,ERNESTO ANTONIO MATTOS,PATRIOTA,Deputado Estadual,0,7,2022
36016,ELIZEU RODRIGUES VARELA,AGIR,Deputado Estadual,0,7,2022
51900,JOÃO TEIXEIRA JUNIOR,PATRIOTA,Deputado Estadual,0,7,2022
51911,MAURÍCIO SOUZA DOS REIS,PATRIOTA,Deputado Estadual,0,7,2022
10888,VLAMIR BERNARDES DA SILVA,REPUBLICANOS,Deputado Estadual,0,7,2022
36017,ALENATO MARTINS VIDAL,AGIR,Deputado Estadual,0,7,2022
36020,MAURO FRANCISCO DE TOLEDO,AGIR,Deputado Estadual,0,7,2022
15270,NIQUEIAS FERREIRA BORGES,MDB,Deputado Estadual,0,7,2022
15277,PLAUTO JOSE RIBEIRO HOLTZ MORAES,MDB,Deputado Estadual,0,7,2022
36021,JÉSUA DE LIMA FERREIRA DA SILVA,AGIR,Deputado Estadual,0,7,2022
36022,ROSIMEIRE SANTOS CESCHINI,AGIR,Deputado Estadual,0,7,2022
15451,LUCIENE PEREIRA FRANCO,MDB,Deputado Estadual,0,7,2022
36029,MARIA APARECIDA SANTOS ARAUJO,AGIR,Deputado Estadual,0,7,2022
36030,JOSE FERNANDES DE OLIVEIRA BARBOSA,AGIR,Deputado Estadual,0,7,2022
11012,FERNANDO CESAR RAMOS,PP,Deputado Estadual,0,7,2022
51965,EDILEIDE SILVA,PATRIOTA,Deputado Estadual,0,7,2022
36031,MOÉSIO ALVES CORREIA,AGIR,Deputado Estadual,0,7,2022
36033,JORGE MOTTA CARNEIRO,AGIR,Deputado Estadual,0,7,2022
36050,MARIA FERREIRA LIMA,AGIR,Deputado Estadual,0,7,2022
36051,ELIAS DOS SANTOS BITENCOURT,AGIR,Deputado Estadual,0,7,2022
36056,PAULO KAZUO DE SOUZA IFUKU,AGIR,Deputado Estadual,0,7,2022
36061,JOSELITO ALVES DOS SANTOS,AGIR,Deputado Estadual,0,7,2022
36070,SAULO FAUSTINO,AGIR,Deputado Estadual,0,7,2022
36075,CARLOS LUIS GUERRA DE LIMA,AGIR,Deputado Estadual,0,7,2022
36088,MARIA DANIELA NOGUEIRA DONI,AGIR,Deputado Estadual,0,7,2022
36089,JOSE CARLOS FERREIRA DA SILVA,AGIR,Deputado Estadual,0,7,2022
55116,TEREZINHA DE AQUINO,PSD,Deputado Estadual,0,7,2022
36090,MAGNO ALVES DE OLIVEIRA,AGIR,Deputado Estadual,0,7,2022
55135,JULIANA SOARES DE PAULA,PSD,Deputado Estadual,0,7,2022
36100,SILVIO DO CARMO CAMARGO,AGIR,Deputado Estadual,0,7,2022
36101,JUCILENE DE JESUS LIMA,AGIR,Deputado Estadual,0,7,2022
55212,CAROLINA ANGELELLI,PSD,Deputado Estadual,0,7,2022
55234,CHUKWUEMEKA UJOR,PSD,Deputado Estadual,0,7,2022
55250,JOSIAS JOSE DO NASCIMENTO,PSD,Deputado Estadual,0,7,2022
55255,CARLOS ANTONIO VILELA,PSD,Deputado Estadual,0,7,2022
55331,EDINALVA NUNES DE JESUS,PSD,Deputado Estadual,0,7,2022
20745,SILVIO BARBOSA LOPES FILHO,PSC,Deputado Estadual,0,7,2022
36102,RICARDO BORGES DE OLIVEIRA,AGIR,Deputado Estadual,0,7,2022
36110,JOAO VIANELLE PINTO,AGIR,Deputado Estadual,0,7,2022
20920,EDNA CHRISTINA SANTIAGO,PSC,Deputado Estadual,0,7,2022
15964,LUCIANO MARQUES DA SILVA,MDB,Deputado Estadual,0,7,2022
36111,VALMIR FERREIRA VERAS,AGIR,Deputado Estadual,0,7,2022
36112,OSEIAS VIEIRA DE SOUSA,AGIR,Deputado Estadual,0,7,2022
16023,OSVALDO MARIANO DIOGO,PSTU,Deputado Estadual,0,7,2022
20611,VALTER FAUSTINO MARTINS JUNIOR,PSC,Deputado Estadual,0,7,2022
36113,PAULO DONIZETI SAGIO,AGIR,Deputado Estadual,0,7,2022
20629,ELISABETE NATALI ALVARENGA,PSC,Deputado Estadual,0,7,2022
36114,EDIVALDA CORDEIRO DE LIMA SILVA,AGIR,Deputado Estadual,0,7,2022
18012,ANTONIO CARLOS DE MORAES,REDE,Deputado Estadual,0,7,2022
36117,SILMARA CRISTIANE DA SILVA POMPOLLO,AGIR,Deputado Estadual,0,7,2022
18109,ISTÊNIO VIANA MELLO,REDE,Deputado Estadual,0,7,2022
18111,OLINDA CAETANO GARCIA,REDE,Deputado Estadual,0,7,2022
20666,TIAGO DE OLIVEIRA SOUZA,PSC,Deputado Estadual,0,7,2022
55450,NEIMAR DE ALMEIDA ORTIZ,PSD,Deputado Estadual,0,7,2022
36125,JOSE CICERO FERREIRA DE LIMA,AGIR,Deputado Estadual,0,7,2022
36133,LUCIANO MARTINS CRUZ,AGIR,Deputado Estadual,0,7,2022
20297,ENID KREBSKY DE CARVALHO,PSC,Deputado Estadual,0,7,2022
20350,DOUGLAS VANDERLEI AUGUSTO,PSC,Deputado Estadual,0,7,2022
20420,ARIELY PEDROSO SILVA PRETER,PSC,Deputado Estadual,0,7,2022
20141,TRACE CAROLINE DIAS DAS CHAGAS,PSC,Deputado Estadual,0,7,2022
20153,RICARDO DOS SANTOS SATURNO,PSC,Deputado Estadual,0,7,2022
36151,EDSON GARCIA,AGIR,Deputado Estadual,0,7,2022
18456,ANDRE RICARDO DE SOUZA,REDE,Deputado Estadual,0,7,2022
36175,DERIONERIO OLIVEIRA DE ASSIS,AGIR,Deputado Estadual,0,7,2022
36177,LUIZ CARLOS DE FREITAS,AGIR,Deputado Estadual,0,7,2022
36190,ADRIANA SANCHES GALDEANO BORGO,AGIR,Deputado Estadual,0,7,2022
36193,ALDO ALMEIDA,AGIR,Deputado Estadual,0,7,2022
55599,LUIS TADEO GIMENES,PSD,Deputado Estadual,0,7,2022
36203,ADRIANA SANTOS BARRENHA,AGIR,Deputado Estadual,0,7,2022
36212,THAMIRES DE OLIVEIRA DAMATTO,AGIR,Deputado Estadual,0,7,2022
36220,ISMAEL DA SILVA SOUZA,AGIR,Deputado Estadual,0,7,2022
36222,JOAO BATISTA DE OLIVEIRA,AGIR,Deputado Estadual,0,7,2022
36228,MARIA CAROLINA DA SILVA TAVARES CRUZ,AGIR,Deputado Estadual,0,7,2022
20040,SONIA DA SILVA LIMA,PSC,Deputado Estadual,0,7,2022
36233,EDSON MARCOS DE CARVALHO,AGIR,Deputado Estadual,0,7,2022
36260,JOSE SILVA LIMA,AGIR,Deputado Estadual,0,7,2022
55789,NÚBIA CRISTINA SILVÉRIO,PSD,Deputado Estadual,0,7,2022
55800,LUCIANO RODRIGUES DE AQUINO,PSD,Deputado Estadual,0,7,2022
65012,GERSON BARBOSA DE SOUSA,PC do B,Deputado Estadual,0,7,2022
65333,RODRIGO FIRMINO ROMÃO,PC do B,Deputado Estadual,0,7,2022
70000,DAVI PIRES BATISTA,AVANTE,Deputado Estadual,0,7,2022
70001,JEAN CARLOS HERZOGENRATH DE BRITO,AVANTE,Deputado Estadual,0,7,2022
70003,DONATO DOS SANTOS SILVA,AVANTE,Deputado Estadual,0,7,2022
70005,VANIA MAIA DOS REIS,AVANTE,Deputado Estadual,0,7,2022
70007,LEANDRO VIEIRA DE LIMA,AVANTE,Deputado Estadual,0,7,2022
70008,CARLOS EDUARDO PLACUCCI,AVANTE,Deputado Estadual,0,7,2022
70010,FRANCISCA QUELINDEJARA VASCONCELOS SOBIESKI,AVANTE,Deputado Estadual,0,7,2022
70012,CARLOS ALBERTO DA FONSECA,AVANTE,Deputado Estadual,0,7,2022
70013,MICHELE NOVAES CANDIDO,AVANTE,Deputado Estadual,0,7,2022
70014,WILLAMS FERNANDES DA SILVA,AVANTE,Deputado Estadual,0,7,2022
70016,RAPHAEL GOZUEN CAMARGO,AVANTE,Deputado Estadual,0,7,2022
70017,ELIETE DE MIRANDA MACHADO,AVANTE,Deputado Estadual,0,7,2022
70020,NELSON MERRWELVELSON FERREIRA E SOUZA,AVANTE,Deputado Estadual,0,7,2022
70021,GERALDO FERREIRA COSTA FILHO,AVANTE,Deputado Estadual,0,7,2022
70022,ISRAEL BEZERRA DA SILVA,AVANTE,Deputado Estadual,0,7,2022
70029,LOREDANA NOCITO SALAMONE,AVANTE,Deputado Estadual,0,7,2022
70033,FRANCISCA ROSANA MONTANHER,AVANTE,Deputado Estadual,0,7,2022
70040,PASCOAL DOS SANTOS LIMA,AVANTE,Deputado Estadual,0,7,2022
70050,JURANDIR FERREIRA SILVA,AVANTE,Deputado Estadual,0,7,2022
70070,WALDECK RODRIGUES DE MORAES,AVANTE,Deputado Estadual,0,7,2022
70077,LUCIANO COSTA OLIVAN,AVANTE,Deputado Estadual,0,7,2022
70088,KELLY VESCO MOZZONE,AVANTE,Deputado Estadual,0,7,2022
70090,MARIA JULIANA PATRÍCIA DA COSTA,AVANTE,Deputado Estadual,0,7,2022
70100,VALDENOR DE JESUS GONÇALVES FONSECA,AVANTE,Deputado Estadual,0,7,2022
70110,NADIA AGUIAR SILVA LIMA,AVANTE,Deputado Estadual,0,7,2022
70111,LUCIANO ZACCHIA DE ARAUJO,AVANTE,Deputado Estadual,0,7,2022
70113,MARIA DAS MERCES CANDIDA DE ARAUJO,AVANTE,Deputado Estadual,0,7,2022
70120,FABIO FEREZINI,AVANTE,Deputado Estadual,0,7,2022
70123,MÁRCIO ROGÉRIO DIAS,AVANTE,Deputado Estadual,0,7,2022
70127,MARCOS TIAGO DOS SANTOS NUNES,AVANTE,Deputado Estadual,0,7,2022
70130,TANIA DAS NEVES BELO,AVANTE,Deputado Estadual,0,7,2022
70140,ANTONIO CARLOS DE CAMPOS MACHADO,AVANTE,Deputado Estadual,0,7,2022
70141,ZENIA PEREIRA DE ANDRADE SOUSA,AVANTE,Deputado Estadual,0,7,2022
70142,TIRSO DOS SANTOS JUNIOR,AVANTE,Deputado Estadual,0,7,2022
70145,PAULA CRISTINA LOURENÇO,AVANTE,Deputado Estadual,0,7,2022
70150,MARCELO AUGUSTO MARTINS COUBASSIER,AVANTE,Deputado Estadual,0,7,2022
70156,JOSANGELA SILVEIRA MELO,AVANTE,Deputado Estadual,0,7,2022
70160,ROQUE BARBIERE,AVANTE,Deputado Estadual,0,7,2022
70170,LUIZ DE SOUSA CHAGAS,AVANTE,Deputado Estadual,0,7,2022
70177,RITA DE CASSIA RAMOS ORIGUELLA,AVANTE,Deputado Estadual,0,7,2022
70180,SANDRA DAMASCENO NUNES DE MIRANDA,AVANTE,Deputado Estadual,0,7,2022
70190,KARINA CARLA DA SILVA,AVANTE,Deputado Estadual,0,7,2022
70192,WILSON DOS SANTOS JÚNIOR,AVANTE,Deputado Estadual,0,7,2022
70200,FRANCISCO MARCOS IRAN AQUINO ROLIM,AVANTE,Deputado Estadual,0,7,2022
70202,SERGIO RAMOS ROBERTO,AVANTE,Deputado Estadual,0,7,2022
70222,SERGIO UZUM JUNIOR,AVANTE,Deputado Estadual,0,7,2022
70233,BOAVENTURA PEREIRA SANTOS,AVANTE,Deputado Estadual,0,7,2022
70234,JUSSIMARA NUNES DE JESUS,AVANTE,Deputado Estadual,0,7,2022
70270,DAVID CRISTIAN DE OLIVEIRA,AVANTE,Deputado Estadual,0,7,2022
70300,MATIAS GERALDO MUNIZ,AVANTE,Deputado Estadual,0,7,2022
70313,GILMAR BORGES DE ALMEIDA,AVANTE,Deputado Estadual,0,7,2022
70321,JOSÉ AMARO DA SILVA,AVANTE,Deputado Estadual,0,7,2022
70333,MÁRIO COROCHEL NETO,AVANTE,Deputado Estadual,0,7,2022
70345,ADRIANA SOUZA DOS SANTOS PEREIRA,AVANTE,Deputado Estadual,0,7,2022
70369,PEDRO ADERSON FURTADO SOARES,AVANTE,Deputado Estadual,0,7,2022
70400,JOÃO VANE CAVALCANTI REIS,AVANTE,Deputado Estadual,0,7,2022
70440,JONEIDE GOMES LOPES,AVANTE,Deputado Estadual,0,7,2022
70444,OZÉIAS BATISTA DOS SANTOS,AVANTE,Deputado Estadual,0,7,2022
70456,LUZIA MARIA VIDICA CÂNDIDO,AVANTE,Deputado Estadual,0,7,2022
70470,WALNEY ARAUJO DA SILVEIRA,AVANTE,Deputado Estadual,0,7,2022
70555,RENATA APARECIDA MORAIS DE VASCONCELOS,AVANTE,Deputado Estadual,0,7,2022
70567,ADONAI DOS SANTOS SOARES JÚNIOR,AVANTE,Deputado Estadual,0,7,2022
70570,PAULO SÉRGIO SILVESTRE,AVANTE,Deputado Estadual,0,7,2022
70600,ALEXANDRE CHICHURRA,AVANTE,Deputado Estadual,0,7,2022
70677,ROGÉRIO MACIEL MONTEIRO JUNIOR,AVANTE,Deputado Estadual,0,7,2022
70700,MORGANA SIQUEIRA,AVANTE,Deputado Estadual,0,7,2022
70707,LUCINEIA DOS SANTOS,AVANTE,Deputado Estadual,0,7,2022
70709,JORGE SAMPAIO DA SILVA,AVANTE,Deputado Estadual,0,7,2022
70717,LUCIANA VEIGA DE PAULA,AVANTE,Deputado Estadual,0,7,2022
70730,LAELSON DA PAZ DE OLIVEIRA,AVANTE,Deputado Estadual,0,7,2022
70740,ALINE FELIPE SOARES CARVALHO,AVANTE,Deputado Estadual,0,7,2022
70770,ANTONIO GILBERTO DA SILVA,AVANTE,Deputado Estadual,0,7,2022
70775,ANTONIO CONSTANTINO OLIVEIRA,AVANTE,Deputado Estadual,0,7,2022
70777,WALTER CAVEANHA,AVANTE,Deputado Estadual,0,7,2022
70778,JOSENILDO JOSE DE OLIVEIRA,AVANTE,Deputado Estadual,0,7,2022
70789,PAULO CALADO FARIAS,AVANTE,Deputado Estadual,0,7,2022
70800,DONIZETE NATAL PONTES,AVANTE,Deputado Estadual,0,7,2022
70840,LUIZ ANTONIO CIRINO,AVANTE,Deputado Estadual,0,7,2022
70888,OSWALDO LUIZ RODRIGUES DE OLIVEIRA,AVANTE,Deputado Estadual,0,7,2022
70900,JORGE DURAN GONÇALEZ,AVANTE,Deputado Estadual,0,7,2022
70930,NILSON DE OLIVEIRA VALIM,AVANTE,Deputado Estadual,0,7,2022
70940,RICARDO DIAS,AVANTE,Deputado Estadual,0,7,2022
70950,SERGIO WAGNER LOCATELLI,AVANTE,Deputado Estadual,0,7,2022
19055,SILVAN PEREIRA DE SOUZA,PODE,Deputado Estadual,0,7,2022
36290,MARCOS VINICIUS MOUTA MENDONÇA,AGIR,Deputado Estadual,0,7,2022
36301,DAILAS RODRIGUES DA SILVA SOARES,AGIR,Deputado Estadual,0,7,2022
36310,VERA LUCIA APARECIDA ALVES,AGIR,Deputado Estadual,0,7,2022
36315,WAGNER ALVES DE LIMA,AGIR,Deputado Estadual,0,7,2022
20003,ELZA DIAS AMARO,PSC,Deputado Estadual,0,7,2022
20004,RITA VALÉRIA ALVES,PSC,Deputado Estadual,0,7,2022
36322,ANTONIO CARLOS DOS SANTOS,AGIR,Deputado Estadual,0,7,2022
20015,ELIANE MARIA DE SANTANA OLIVEIRA,PSC,Deputado Estadual,0,7,2022
20018,GILBERTO SANTOS SILVA DE VASCONCELOS,PSC,Deputado Estadual,0,7,2022
70960,SILVIA DOS REIS,AVANTE,Deputado Estadual,0,7,2022
70970,KARINA CRISTINA DE OLIVEIRA SILVA SOARES,AVANTE,Deputado Estadual,0,7,2022
70977,JOSÉ LUIZ DE LIMA,AVANTE,Deputado Estadual,0,7,2022
70987,EDNEI APARECIDO VALENCIO,AVANTE,Deputado Estadual,0,7,2022
70988,ROBSON CRISTIANO DE SOUZA,AVANTE,Deputado Estadual,0,7,2022
70990,ELAINE CRISTINA RODRIGUES,AVANTE,Deputado Estadual,0,7,2022
70999,HANGELBRT PIRES SOARES,AVANTE,Deputado Estadual,0,7,2022
36333,PAULA NATALEN FARIAS DE MORAES MULLER,AGIR,Deputado Estadual,0,7,2022
36336,JACQUELINE MARINO FERNANDES DA SILVA,AGIR,Deputado Estadual,0,7,2022
36358,CARLINHO NASCIMENTO SILVA,AGIR,Deputado Estadual,0,7,2022
36361,GILMAR VAZ DA ROCHA,AGIR,Deputado Estadual,0,7,2022
19775,MARIA APARECIDA BORGES DE MACEDO,PODE,Deputado Estadual,0,7,2022
19778,ANTONIO CARLOS BOLGIONI,PODE,Deputado Estadual,0,7,2022
36363,MARCOS LUIZ ABDO DE SIQUEIRA,AGIR,Deputado Estadual,0,7,2022
36400,JOSEMAR CARLOS DE OLIVEIRA,AGIR,Deputado Estadual,0,7,2022
36407,LEIA DA SILVA FELISBERTO,AGIR,Deputado Estadual,0,7,2022
19023,PATRÍCIA MODESTO,PODE,Deputado Estadual,0,7,2022
19027,CRISTIANE SILVA DE ALMEIDA SANTOS,PODE,Deputado Estadual,0,7,2022
19054,ARLINDO AMARO DOS SANTOS,PODE,Deputado Estadual,0,7,2022
36500,HELENA NOBUCO SUZUKI TAKADACHI,AGIR,Deputado Estadual,0,7,2022
77126,ALAN EDUARDO DE PAULA,SOLIDARIEDADE,Deputado Estadual,0,7,2022
77154,FLORISA BATISTA DE ALMEIDA,SOLIDARIEDADE,Deputado Estadual,0,7,2022
36541,GENTIL ALVES DOS SANTOS NETO,AGIR,Deputado Estadual,0,7,2022
36551,NERINALVA SANTOS SANTANA,AGIR,Deputado Estadual,0,7,2022
77222,LUCIANO BATISTA,SOLIDARIEDADE,Deputado Estadual,0,7,2022
77234,JOSE MARIA FELIX,SOLIDARIEDADE,Deputado Estadual,0,7,2022
77241,MARIA DE LOURDES DO NASCIMENTO NUNES,SOLIDARIEDADE,Deputado Estadual,0,7,2022
36566,PEDRO PAULO DE OLIVEIRA FILHO,AGIR,Deputado Estadual,0,7,2022
77332,VALDIR SOARES DE ALBUQUERQUE,SOLIDARIEDADE,Deputado Estadual,0,7,2022
77345,WILLIAM CLEMENTE CORREA,SOLIDARIEDADE,Deputado Estadual,0,7,2022
77444,EDSON NASCIMENTO DE OLIVEIRA,SOLIDARIEDADE,Deputado Estadual,0,7,2022
77458,ANDERSON MARTINS SALGADO,SOLIDARIEDADE,Deputado Estadual,0,7,2022
77510,ANTONIO ALBERTO DOS REIS,SOLIDARIEDADE,Deputado Estadual,0,7,2022
77513,JOSÉ ALVIM FILHO,SOLIDARIEDADE,Deputado Estadual,0,7,2022
77567,LAERTE VANDERLEY CORNELIO,SOLIDARIEDADE,Deputado Estadual,0,7,2022
36600,MARCOS DOS SANTOS SENA,AGIR,Deputado Estadual,0,7,2022
77677,VALQUIRO MARTINS BOMFIM,SOLIDARIEDADE,Deputado Estadual,0,7,2022
19313,ELISÂNGELA VENTURA ROCHA,PODE,Deputado Estadual,0,7,2022
19345,ANDRE MARTINS MACHADO,PODE,Deputado Estadual,0,7,2022
36636,KLEBER ADELIPIO BARROS SANTOS,AGIR,Deputado Estadual,0,7,2022
36640,UBIRAJARA DE ARAUJO MORAIS,AGIR,Deputado Estadual,0,7,2022
19650,MARCOS ANTONIO SERAFIM BERNARDES JUNIOR,PODE,Deputado Estadual,0,7,2022
19666,RUBENS CESTARI CAMPOS,PODE,Deputado Estadual,0,7,2022
36661,SÉRGIO MARTINS DA SILVA,AGIR,Deputado Estadual,0,7,2022
36666,ALEX FABIANO COSTA GARCIA,AGIR,Deputado Estadual,0,7,2022
36700,FABIANO DA SILVA MONTEIRO,AGIR,Deputado Estadual,0,7,2022
19233,CHARLES DOS ANJOS,PODE,Deputado Estadual,0,7,2022
19234,FABIO LEANDRO CARDOSO TEIXEIRA,PODE,Deputado Estadual,0,7,2022
36712,GISELE CRISTINA DOS SANTOS SILVA,AGIR,Deputado Estadual,0,7,2022
19097,ARLETE TAVARES DOS SANTOS BARBOSA,PODE,Deputado Estadual,0,7,2022
36779,JOSE DE OLIVEIRA LEME FILHO,AGIR,Deputado Estadual,0,7,2022
36789,SHIRLEY PALADY CAMBUR,AGIR,Deputado Estadual,0,7,2022
19147,AURELIANO CARNEIRO DE LIMA,PODE,Deputado Estadual,0,7,2022
36820,WILLIANS ROCHA MONTEIRO,AGIR,Deputado Estadual,0,7,2022
77678,ISRAEL SAMPAIO DE LACERDA FILHO,SOLIDARIEDADE,Deputado Estadual,0,7,2022
77710,RENATA TEODORO DA FONSECA,SOLIDARIEDADE,Deputado Estadual,0,7,2022
36841,SAMUEL DO CARMO,AGIR,Deputado Estadual,0,7,2022
77724,ANDREIA MARQUETE PASSOS,SOLIDARIEDADE,Deputado Estadual,0,7,2022
14007,RICARDO CRUZ DE REZENDE PAOLIELLO,PTB,Deputado Estadual,0,7,2022
77744,EDUARDO SILVA NICOLAU DE SOUZA,SOLIDARIEDADE,Deputado Estadual,0,7,2022
14009,CARLOS RICARDO CEOLONI,PTB,Deputado Estadual,0,7,2022
77772,ANA IMACULADA VALERIO,SOLIDARIEDADE,Deputado Estadual,0,7,2022
14010,EDUARDO FRANCISCO DE MELO,PTB,Deputado Estadual,0,7,2022
14011,PAULO SERGIO MOREIRA MELLO,PTB,Deputado Estadual,0,7,2022
90789,ADÃO DA SILVA,PROS,Deputado Estadual,0,7,2022
90800,GLORIAMAR JACINTHO,PROS,Deputado Estadual,0,7,2022
90828,ANNE VITORIA DIAS MOTA,PROS,Deputado Estadual,0,7,2022
90888,HAMILTON ALVES FERNANDES,PROS,Deputado Estadual,0,7,2022
90889,WALMIR CHARLEAUX BLANCO ESTEVES,PROS,Deputado Estadual,0,7,2022
90900,AMANDA LIMA DIAS,PROS,Deputado Estadual,0,7,2022
90901,VIVIANE DA SILVA FERNANDES DE LIMA,PROS,Deputado Estadual,0,7,2022
90905,CAROLINA CASSACA NOEL,PROS,Deputado Estadual,0,7,2022
90912,ELENICE MARIA DE OLIVEIRA,PROS,Deputado Estadual,0,7,2022
90913,ANETE DÁLIA SEABRA SAMPAIO DE SOUZA,PROS,Deputado Estadual,0,7,2022
19157,RODRIGO FEITOSA LOPES,PODE,Deputado Estadual,0,7,2022
14012,LILIAN RENATA GARCIA VIEIRA MEDEIROS,PTB,Deputado Estadual,0,7,2022
19197,ELIANA CONRADO GOTTSFRITZ FERNANDES,PODE,Deputado Estadual,0,7,2022
90666,EBION PEREIRA DA COSTA,PROS,Deputado Estadual,0,7,2022
77890,THIAGO FERREIRA ZANI,SOLIDARIEDADE,Deputado Estadual,0,7,2022
14013,ALAELSON ALVES DA SILVA,PTB,Deputado Estadual,0,7,2022
14014,EDISON LUCIANO KLIMAN BENEDITO,PTB,Deputado Estadual,0,7,2022
14015,MARIA DO ROSARIO ALMEIDA,PTB,Deputado Estadual,0,7,2022
90000,NEZIO ANTONIO MONTEIRO FILHO,PROS,Deputado Estadual,0,7,2022
90005,WELLISSON WESLEY CANDIDO PEIXOTO,PROS,Deputado Estadual,0,7,2022
90007,ARJUNA DE HUR FRAGA DE ASSUNÇÃO,PROS,Deputado Estadual,0,7,2022
90009,JOSE CARLOS RICARDO,PROS,Deputado Estadual,0,7,2022
90011,LUIZ AUGUSTO ROMANI DE OLIVEIRA,PROS,Deputado Estadual,0,7,2022
90013,ERISVALDO DE SOUSA AGUIAR,PROS,Deputado Estadual,0,7,2022
90014,ÁKILA SEVERO DE AZEVEDO,PROS,Deputado Estadual,0,7,2022
90020,EDUARDO JOAQUIM DE OLIVEIRA,PROS,Deputado Estadual,0,7,2022
90022,CHRISTINA MASSIS DELLA TORRE LEMES,PROS,Deputado Estadual,0,7,2022
90025,MICHEL CAETANO DE ALBUQUERQUE,PROS,Deputado Estadual,0,7,2022
90707,RAPHAEL DIAS FERNANDES NETO,PROS,Deputado Estadual,0,7,2022
90700,MARCIA CRISTINA DOS SANTOS VENTURINI,PROS,Deputado Estadual,0,7,2022
90090,NESTOR FERREIRA DOS SANTOS,PROS,Deputado Estadual,0,7,2022
90100,CARLOS ALBERTO DE ZAGOTTIS SAAD,PROS,Deputado Estadual,0,7,2022
90111,ANILTON HERCULINO DOS SANTOS,PROS,Deputado Estadual,0,7,2022
90123,ALEXANDRE EUGENIO BATISTA,PROS,Deputado Estadual,0,7,2022
90160,MARJORIE HOSANA CAMARGO MONTEIRO,PROS,Deputado Estadual,0,7,2022
90192,MARILUCI FELICIANO DE OLIVEIRA GUEDES,PROS,Deputado Estadual,0,7,2022
90193,IVANISE MARIA DE SOUSA GIAMPAGLIA,PROS,Deputado Estadual,0,7,2022
90198,LEANDRO CALDAS DE CASTRO,PROS,Deputado Estadual,0,7,2022
90199,CARLOS AUGUSTO PEREIRA COSTA,PROS,Deputado Estadual,0,7,2022
90200,OSVALDY MARTINS,PROS,Deputado Estadual,0,7,2022
90202,ENZO LEONARDO SUZIN MOMENTI,PROS,Deputado Estadual,0,7,2022
90222,IRANILDO DANTAS,PROS,Deputado Estadual,0,7,2022
90258,CELSO RICARDO DE MOURA,PROS,Deputado Estadual,0,7,2022
90300,ARLINDO DE OLIVEIRA CAMARGO,PROS,Deputado Estadual,0,7,2022
90922,ALEX CANUTO DE SÁ CUNHA,PROS,Deputado Estadual,0,7,2022
