nr_local,nr_candidato,nm_candidato,votos,sg_partido,ano,lat,lng
1015,10,DARIO JORGE GIOLO SAADI,8183,REPUBLICANOS,2020,-22.9056391,-47.059564
1015,10,REPUBLICANOS,107,REPUBLICANOS,2020,-22.9056391,-47.059564
1015,10000,PAULO SERGIO CAMPANA,42,REPUBLICANOS,2020,-22.9056391,-47.059564
1015,10010,CLAUDIO CORMANICH,34,REPUBLICANOS,2020,-22.9056391,-47.059564
1015,10080,LUIZ FELIPE DE OLIVEIRA THEODORO,35,REPUBLICANOS,2020,-22.9056391,-47.059564
1015,10122,LUIZ GONZAGA,40,REPUBLICANOS,2020,-22.9056391,-47.059564
1015,10123,FERNANDO CESAR RIBEIRO MENDES,99,REPUBLICANOS,2020,-22.9056391,-47.059564
1015,10200,HIGOR DIEGO RALLA,51,REPUBLICANOS,2020,-22.9056391,-47.059564
1015,10234,JAKSSON LEANDRO LUCIANO GONÇALVES,68,REPUBLICANOS,2020,-22.9056391,-47.059564
1015,11111,JAIME DE SOUZA,69,PP,2020,-22.9056391,-47.059564
1015,11123,DENILSON DO PRADO,73,PP,2020,-22.9056391,-47.059564
1015,11181,MARCOS ALVES FERREIRA,35,PP,2020,-22.9056391,-47.059564
1015,11190,ISRAEL NANTES SANTOS,49,PP,2020,-22.9056391,-47.059564
1015,12,HÉLIO DE OLIVEIRA SANTOS,100,,2020,-22.9056391,-47.059564
1015,12,Partido Democrático Trabalhista,31,,2020,-22.9056391,-47.059564
1015,12345,AURELIO JOSE CLAUDIO,86,PDT,2020,-22.9056391,-47.059564
1015,13,PEDRO TOURINHO DE SIQUEIRA,2111,PT,2020,-22.9056391,-47.059564
1015,13,Partido dos Trabalhadores,192,PT,2020,-22.9056391,-47.059564
1015,13011,CECÍLIO SERAFIM DOS SANTOS,32,PT,2020,-22.9056391,-47.059564
1015,13020,MARGARIDA DA SILVA CALIXTO,112,PT,2020,-22.9056391,-47.059564
1015,13060,WALCY DE OLIVEIRA,33,PT,2020,-22.9056391,-47.059564
1015,13123,PAOLLA CATHERINE DOS SANTOS MIGUEL AGARD,62,PT,2020,-22.9056391,-47.059564
1015,13138,SOLANGE LOUREIRO POZZUTO,47,PT,2020,-22.9056391,-47.059564
1015,13300,WAGNER DE MELO ROMÃO,68,PT,2020,-22.9056391,-47.059564
1015,13331,VERA LÚCIA RODRIGUES DE FARIA,50,PT,2020,-22.9056391,-47.059564
1015,13613,CARLOS ROBERTO DE OLIVEIRA,36,PT,2020,-22.9056391,-47.059564
1015,14,TERESINHA DE CARVALHO,371,PTB,2020,-22.9056391,-47.059564
1015,14013,KATIA STANCATO,50,PTB,2020,-22.9056391,-47.059564
1015,14333,RODOLFO TEIXEIRA CORREA,43,PTB,2020,-22.9056391,-47.059564
1015,14604,JOÃO DIRANI JUNIOR,55,PTB,2020,-22.9056391,-47.059564
1015,15000,ARNALDO SALVETTI PALÁCIO JUNIOR,95,MDB,2020,-22.9056391,-47.059564
1015,15100,YANKO GONCALVES MELLO,66,MDB,2020,-22.9056391,-47.059564
1015,17000,APARECIDO SOUZA SANTOS,31,PSL,2020,-22.9056391,-47.059564
1015,17200,EDISON RIBEIRO,83,PSL,2020,-22.9056391,-47.059564
1015,17325,SAMYA DANIELLE MARTINS MEYER,30,PSL,2020,-22.9056391,-47.059564
1015,17800,JEZIEL SEVERINO DA SILVA,39,PSL,2020,-22.9056391,-47.059564
1015,19000,APARECIDO DE CAMPOS FILHO,31,,2020,-22.9056391,-47.059564
1015,19555,EDUARDO DOS REIS MAGOGA,38,PODE,2020,-22.9056391,-47.059564
1015,20000,DEBORA DE ANDRADE PALERMO,32,PSC,2020,-22.9056391,-47.059564
1015,20020,CARLOS EDUARDO CRUZ,39,PSC,2020,-22.9056391,-47.059564
1015,20333,JOSÉ DOMINGOS DA SILVA SANTOS,36,PSC,2020,-22.9056391,-47.059564
1015,20345,ISAC MONEGO,60,PSC,2020,-22.9056391,-47.059564
1015,20500,JOSÉ CARLOS FURIOSO,32,PSC,2020,-22.9056391,-47.059564
1015,20888,MANOEL NEVES DOS SANTOS,45,PSC,2020,-22.9056391,-47.059564
1015,22,Partido Liberal,84,PL,2020,-22.9056391,-47.059564
1015,22,RAFAEL FERNANDO ZIMBALDI,5539,PL,2020,-22.9056391,-47.059564
1015,22000,ALBERTO ALVES DA FONSECA,70,PL,2020,-22.9056391,-47.059564
1015,22019,FELIPE PEREIRA DE CAMPOS VERGUEIRO,39,PL,2020,-22.9056391,-47.059564
1015,22111,CAROLINA LOURENÇO DEFILIPPI GONÇALVES,58,PL,2020,-22.9056391,-47.059564
1015,22123,JORGE ROBERTO SCHENEIDER,106,PL,2020,-22.9056391,-47.059564
1015,22222,PAULO SERGIO GALTÉRIO,31,PL,2020,-22.9056391,-47.059564
1015,22300,JORGE VEIGA JUNIOR,36,PL,2020,-22.9056391,-47.059564
1015,22456,FÁBIO LUIS DE LIMA,35,PL,2020,-22.9056391,-47.059564
1015,22500,MOISES MARQUES DE ABREU,32,PL,2020,-22.9056391,-47.059564
1015,22567,OTTO ALEJANDRO RIGAZZO ETTINGER,32,PL,2020,-22.9056391,-47.059564
1015,22622,EDEVALDO DE MELO,147,PL,2020,-22.9056391,-47.059564
1015,22888,SANDRO ORLANDO RAFFA,41,PL,2020,-22.9056391,-47.059564
1015,22999,GASPARINO RAIMUNDO DA SILVA,39,PL,2020,-22.9056391,-47.059564
1015,23,ANDRÉ LUIZ DE CAMARGO VON ZUBEN,162,CIDADANIA,2020,-22.9056391,-47.059564
1015,23026,MARJORIE DA COSTA HENRIQUE RODRIGUES,31,CIDADANIA,2020,-22.9056391,-47.059564
1015,23123,PAULO CESAR HADDAD,57,CIDADANIA,2020,-22.9056391,-47.059564
1015,23456,HENRI MAEDA,60,CIDADANIA,2020,-22.9056391,-47.059564
1015,25000,RODRIGO LUIS DE BARROS ALMEIDA,70,DEM,2020,-22.9056391,-47.059564
1015,25025,APARECIDO GOMES CORREIA,30,DEM,2020,-22.9056391,-47.059564
1015,25123,WANDERLEY LUIZ SARTORI,61,DEM,2020,-22.9056391,-47.059564
1015,28,ROGÉRIO STRACIALANO PARADA,175,PRTB,2020,-22.9056391,-47.059564
1015,28028,CARLOS ALBERTO BERTOLDO,32,PRTB,2020,-22.9056391,-47.059564
1015,30,Partido Novo,90,,2020,-22.9056391,-47.059564
1015,30000,ANDRE ROBERTO FREITAS FERREIRA PINTO,45,NOVO,2020,-22.9056391,-47.059564
1015,30333,FRANCISCO ASSIS DA CONCEIÇÃO,36,NOVO,2020,-22.9056391,-47.059564
1015,30500,MARIA CRISTINA DE OLIVEIRA,58,NOVO,2020,-22.9056391,-47.059564
1015,30777,JONATHAS DE SIQUEIRA FERREIRA,110,NOVO,2020,-22.9056391,-47.059564
1015,30900,DANIEL BISCOLA PEREIRA,44,NOVO,2020,-22.9056391,-47.059564
1015,30999,PAULO SÉRGIO BARCELLOS GASPAR,98,NOVO,2020,-22.9056391,-47.059564
1015,33,AHMED TARIQUE TOMBOUCTOU AGIO,35,PMN,2020,-22.9056391,-47.059564
1015,40000,LUIS MOKITI YABIKU,83,PSB,2020,-22.9056391,-47.059564
1015,40013,JAIRSON VALERIO DOS ANJOS,50,PSB,2020,-22.9056391,-47.059564
1015,40112,FILIPE BATISTA MARCHESI,55,PSB,2020,-22.9056391,-47.059564
1015,40123,GILBERTO CARLOS CARDOSO,37,PSB,2020,-22.9056391,-47.059564
1015,40222,ELIAS HERNANE AZEVEDO,38,PSB,2020,-22.9056391,-47.059564
1015,40345,CLAUDINEI ALMEIDA,62,PSB,2020,-22.9056391,-47.059564
1015,40456,PERMINIO MONTEIRO DA SILVA,69,PSB,2020,-22.9056391,-47.059564
1015,40580,JOSE CARLOS DOS SANTOS,59,PSB,2020,-22.9056391,-47.059564
1015,40677,CID FERREIRA DE SOUZA,42,PSB,2020,-22.9056391,-47.059564
1015,40678,JOSÉ CARLOS SILVA,112,PSB,2020,-22.9056391,-47.059564
1015,43,ROGERIO MENEZES DE MELLO,139,PV,2020,-22.9056391,-47.059564
1015,43123,LUIZ CARLOS ROSSINI,71,PV,2020,-22.9056391,-47.059564
1015,43430,CARLOS ROBERTO ALVIM,46,PV,2020,-22.9056391,-47.059564
1015,45123,GUILHERME DAMASCENO FERNANDES,70,PSDB,2020,-22.9056391,-47.059564
1015,45234,MARCOS JOSÉ BERNARDELLI,93,PSDB,2020,-22.9056391,-47.059564
1015,45500,WILSON DA SILVA,37,PSDB,2020,-22.9056391,-47.059564
1015,45678,LUIZ HENRIQUE CIRILO,70,PSDB,2020,-22.9056391,-47.059564
1015,50,Partido Socialismo e Liberdade,48,,2020,-22.9056391,-47.059564
1015,50000,PAULO ROBERTO BUFALO,92,PSOL,2020,-22.9056391,-47.059564
1015,50001,MARCELA DIAS MOREIRA,72,PSOL,2020,-22.9056391,-47.059564
1015,50100,MARIANA CONTI TAKAHASHI,288,PSOL,2020,-22.9056391,-47.059564
1015,50123,ÉLICE NATALIA BOTELHO,62,PSOL,2020,-22.9056391,-47.059564
1015,50300,LETÍCIA SOUZA MOREIRA BENEVIDES,60,PSOL,2020,-22.9056391,-47.059564
1015,51,WILSON KELLER DE MATOS,332,PATRIOTA,2020,-22.9056391,-47.059564
1015,55,ARTUR CASSEB ORSI,2211,PSD,2020,-22.9056391,-47.059564
1015,55,Partido Social Democrático,77,PSD,2020,-22.9056391,-47.059564
1015,55005,EDUARDO FACTOR,32,PSD,2020,-22.9056391,-47.059564
1015,55055,MARCELO DUCHOVNI SILVA,235,PSD,2020,-22.9056391,-47.059564
1015,55123,ANGELO DINIZ,49,PSD,2020,-22.9056391,-47.059564
1015,55555,FLÁVIO MAYNARDES ARAUJO,99,PSD,2020,-22.9056391,-47.059564
1015,55655,NELSON HOSSRI NETO,165,PSD,2020,-22.9056391,-47.059564
1015,65,ALESSANDRA RIBEIRO MARTINS,305,PC DO B,2020,-22.9056391,-47.059564
1015,65035,ANDREA APARECIDA DE JESUS MENDES,34,PC DO B,2020,-22.9056391,-47.059564
1015,65123,ORESTES AUGUSTO TOLEDO,52,PC DO B,2020,-22.9056391,-47.059564
1015,65222,ADRIANO APARECIDO ELIAS DA SILVA,47,PC DO B,2020,-22.9056391,-47.059564
1015,65656,GUSTAVO LEMOS PETTA,71,PC DO B,2020,-22.9056391,-47.059564
1015,70000,FRANCISCA ROSANA MONTANHER,43,AVANTE,2020,-22.9056391,-47.059564
1015,70030,FELIPE CEZAR MONTEIRO DE SOUZA,79,AVANTE,2020,-22.9056391,-47.059564
1015,70123,VALDEIR LUCCHIARI,50,AVANTE,2020,-22.9056391,-47.059564
1015,70133,HELIO ALVES MOREIRA,42,AVANTE,2020,-22.9056391,-47.059564
1015,70655,JOSÉ WILSON DANTAS,100,AVANTE,2020,-22.9056391,-47.059564
1015,70890,MILTON SOARES MUCHIUTTE,55,AVANTE,2020,-22.9056391,-47.059564
1015,77000,RICARDO JOSÉ PEREIRA,39,SOLIDARIEDADE,2020,-22.9056391,-47.059564
1015,77100,JAIR QUINALIA,74,SOLIDARIEDADE,2020,-22.9056391,-47.059564
1015,77800,CREBIO DINIZ DE ALMEIDA,36,SOLIDARIEDADE,2020,-22.9056391,-47.059564
1015,95,VOTO BRANCO,2769,,2020,-22.9056391,-47.059564
1015,96,VOTO NULO,5479,,2020,-22.9056391,-47.059564
1023,10,DARIO JORGE GIOLO SAADI,7798,REPUBLICANOS,2020,-22.9056391,-47.059564
1023,10,REPUBLICANOS,123,REPUBLICANOS,2020,-22.9056391,-47.059564
1023,10000,PAULO SERGIO CAMPANA,36,REPUBLICANOS,2020,-22.9056391,-47.059564
1023,10080,LUIZ FELIPE DE OLIVEIRA THEODORO,33,REPUBLICANOS,2020,-22.9056391,-47.059564
1023,10122,LUIZ GONZAGA,31,REPUBLICANOS,2020,-22.9056391,-47.059564
1023,10123,FERNANDO CESAR RIBEIRO MENDES,110,REPUBLICANOS,2020,-22.9056391,-47.059564
1023,10200,HIGOR DIEGO RALLA,49,REPUBLICANOS,2020,-22.9056391,-47.059564
1023,10234,JAKSSON LEANDRO LUCIANO GONÇALVES,49,REPUBLICANOS,2020,-22.9056391,-47.059564
1023,11111,JAIME DE SOUZA,62,PP,2020,-22.9056391,-47.059564
1023,11123,DENILSON DO PRADO,61,PP,2020,-22.9056391,-47.059564
1023,11190,ISRAEL NANTES SANTOS,41,PP,2020,-22.9056391,-47.059564
1023,12,HÉLIO DE OLIVEIRA SANTOS,100,,2020,-22.9056391,-47.059564
1023,12345,AURELIO JOSE CLAUDIO,83,PDT,2020,-22.9056391,-47.059564
1023,13,PEDRO TOURINHO DE SIQUEIRA,1949,PT,2020,-22.9056391,-47.059564
1023,13,Partido dos Trabalhadores,182,PT,2020,-22.9056391,-47.059564
1023,13020,MARGARIDA DA SILVA CALIXTO,80,PT,2020,-22.9056391,-47.059564
1023,13060,WALCY DE OLIVEIRA,71,PT,2020,-22.9056391,-47.059564
1023,13123,PAOLLA CATHERINE DOS SANTOS MIGUEL AGARD,47,PT,2020,-22.9056391,-47.059564
1023,13300,WAGNER DE MELO ROMÃO,69,PT,2020,-22.9056391,-47.059564
1023,13331,VERA LÚCIA RODRIGUES DE FARIA,42,PT,2020,-22.9056391,-47.059564
1023,13613,CARLOS ROBERTO DE OLIVEIRA,37,PT,2020,-22.9056391,-47.059564
1023,14,TERESINHA DE CARVALHO,287,PTB,2020,-22.9056391,-47.059564
1023,14013,KATIA STANCATO,55,PTB,2020,-22.9056391,-47.059564
1023,15000,ARNALDO SALVETTI PALÁCIO JUNIOR,62,MDB,2020,-22.9056391,-47.059564
1023,15100,YANKO GONCALVES MELLO,51,MDB,2020,-22.9056391,-47.059564
1023,17100,GERALDO GABRIEL GAVA,54,PSL,2020,-22.9056391,-47.059564
1023,17200,EDISON RIBEIRO,73,PSL,2020,-22.9056391,-47.059564
1023,19000,APARECIDO DE CAMPOS FILHO,32,,2020,-22.9056391,-47.059564
1023,19555,EDUARDO DOS REIS MAGOGA,61,PODE,2020,-22.9056391,-47.059564
1023,20000,DEBORA DE ANDRADE PALERMO,36,PSC,2020,-22.9056391,-47.059564
1023,20020,CARLOS EDUARDO CRUZ,50,PSC,2020,-22.9056391,-47.059564
1023,20500,JOSÉ CARLOS FURIOSO,44,PSC,2020,-22.9056391,-47.059564
1023,22,Partido Liberal,100,PL,2020,-22.9056391,-47.059564
1023,22,RAFAEL FERNANDO ZIMBALDI,5321,PL,2020,-22.9056391,-47.059564
1023,22000,ALBERTO ALVES DA FONSECA,71,PL,2020,-22.9056391,-47.059564
1023,22006,ALDO ALVES JUNIOR,37,PL,2020,-22.9056391,-47.059564
1023,22019,FELIPE PEREIRA DE CAMPOS VERGUEIRO,659,PL,2020,-22.9056391,-47.059564
1023,22111,CAROLINA LOURENÇO DEFILIPPI GONÇALVES,79,PL,2020,-22.9056391,-47.059564
1023,22123,JORGE ROBERTO SCHENEIDER,54,PL,2020,-22.9056391,-47.059564
1023,22222,PAULO SERGIO GALTÉRIO,31,PL,2020,-22.9056391,-47.059564
1023,22622,EDEVALDO DE MELO,40,PL,2020,-22.9056391,-47.059564
1023,23,ANDRÉ LUIZ DE CAMARGO VON ZUBEN,211,CIDADANIA,2020,-22.9056391,-47.059564
1023,23123,PAULO CESAR HADDAD,98,CIDADANIA,2020,-22.9056391,-47.059564
1023,23238,LI LI MIN,37,CIDADANIA,2020,-22.9056391,-47.059564
1023,23698,RILDO CARLOS PRAZERES DOS SANTOS,91,CIDADANIA,2020,-22.9056391,-47.059564
1023,25000,RODRIGO LUIS DE BARROS ALMEIDA,53,DEM,2020,-22.9056391,-47.059564
1023,28,ROGÉRIO STRACIALANO PARADA,151,PRTB,2020,-22.9056391,-47.059564
1023,30,Partido Novo,94,,2020,-22.9056391,-47.059564
1023,30000,ANDRE ROBERTO FREITAS FERREIRA PINTO,34,NOVO,2020,-22.9056391,-47.059564
1023,30100,ADELSON FONSECA BEZERRA,35,NOVO,2020,-22.9056391,-47.059564
1023,30153,MIRIAM MARIA ANTUNES DE SOUZA,38,NOVO,2020,-22.9056391,-47.059564
1023,30333,FRANCISCO ASSIS DA CONCEIÇÃO,48,NOVO,2020,-22.9056391,-47.059564
1023,30500,MARIA CRISTINA DE OLIVEIRA,64,NOVO,2020,-22.9056391,-47.059564
1023,30777,JONATHAS DE SIQUEIRA FERREIRA,79,NOVO,2020,-22.9056391,-47.059564
1023,30900,DANIEL BISCOLA PEREIRA,67,NOVO,2020,-22.9056391,-47.059564
1023,30999,PAULO SÉRGIO BARCELLOS GASPAR,116,NOVO,2020,-22.9056391,-47.059564
1023,40000,LUIS MOKITI YABIKU,68,PSB,2020,-22.9056391,-47.059564
1023,40013,JAIRSON VALERIO DOS ANJOS,73,PSB,2020,-22.9056391,-47.059564
1023,40112,FILIPE BATISTA MARCHESI,42,PSB,2020,-22.9056391,-47.059564
1023,40123,GILBERTO CARLOS CARDOSO,39,PSB,2020,-22.9056391,-47.059564
1023,40345,CLAUDINEI ALMEIDA,48,PSB,2020,-22.9056391,-47.059564
1023,40580,JOSE CARLOS DOS SANTOS,77,PSB,2020,-22.9056391,-47.059564
1023,40678,JOSÉ CARLOS SILVA,36,PSB,2020,-22.9056391,-47.059564
1023,43,ROGERIO MENEZES DE MELLO,145,PV,2020,-22.9056391,-47.059564
1023,43000,VAGNER DOS SANTOS BELLINI,32,PV,2020,-22.9056391,-47.059564
1023,43123,LUIZ CARLOS ROSSINI,86,PV,2020,-22.9056391,-47.059564
1023,43430,CARLOS ROBERTO ALVIM,88,PV,2020,-22.9056391,-47.059564
1023,45123,GUILHERME DAMASCENO FERNANDES,102,PSDB,2020,-22.9056391,-47.059564
1023,45234,MARCOS JOSÉ BERNARDELLI,82,PSDB,2020,-22.9056391,-47.059564
1023,45678,LUIZ HENRIQUE CIRILO,98,PSDB,2020,-22.9056391,-47.059564
1023,50,Partido Socialismo e Liberdade,31,,2020,-22.9056391,-47.059564
1023,50000,PAULO ROBERTO BUFALO,79,PSOL,2020,-22.9056391,-47.059564
1023,50001,MARCELA DIAS MOREIRA,64,PSOL,2020,-22.9056391,-47.059564
1023,50100,MARIANA CONTI TAKAHASHI,291,PSOL,2020,-22.9056391,-47.059564
1023,50123,ÉLICE NATALIA BOTELHO,65,PSOL,2020,-22.9056391,-47.059564
1023,50300,LETÍCIA SOUZA MOREIRA BENEVIDES,59,PSOL,2020,-22.9056391,-47.059564
1023,51,WILSON KELLER DE MATOS,208,PATRIOTA,2020,-22.9056391,-47.059564
1023,55,ARTUR CASSEB ORSI,2288,PSD,2020,-22.9056391,-47.059564
1023,55,Partido Social Democrático,75,PSD,2020,-22.9056391,-47.059564
1023,55055,MARCELO DUCHOVNI SILVA,392,PSD,2020,-22.9056391,-47.059564
1023,55123,ANGELO DINIZ,71,PSD,2020,-22.9056391,-47.059564
1023,55444,RONALD TANIMOTO CELESTINO,31,,2020,-22.9056391,-47.059564
1023,55555,FLÁVIO MAYNARDES ARAUJO,69,PSD,2020,-22.9056391,-47.059564
1023,55655,NELSON HOSSRI NETO,283,PSD,2020,-22.9056391,-47.059564
1023,65,ALESSANDRA RIBEIRO MARTINS,325,PC DO B,2020,-22.9056391,-47.059564
1023,65222,ADRIANO APARECIDO ELIAS DA SILVA,111,PC DO B,2020,-22.9056391,-47.059564
1023,65656,GUSTAVO LEMOS PETTA,128,PC DO B,2020,-22.9056391,-47.059564
1023,70030,FELIPE CEZAR MONTEIRO DE SOUZA,55,AVANTE,2020,-22.9056391,-47.059564
1023,70133,HELIO ALVES MOREIRA,30,AVANTE,2020,-22.9056391,-47.059564
1023,70555,MARCELO VITAL,39,AVANTE,2020,-22.9056391,-47.059564
1023,70890,MILTON SOARES MUCHIUTTE,78,AVANTE,2020,-22.9056391,-47.059564
1023,77100,JAIR QUINALIA,41,SOLIDARIEDADE,2020,-22.9056391,-47.059564
1023,95,VOTO BRANCO,2415,,2020,-22.9056391,-47.059564
1023,96,VOTO NULO,4430,,2020,-22.9056391,-47.059564
1031,10,DARIO JORGE GIOLO SAADI,5312,REPUBLICANOS,2020,-22.9056391,-47.059564
1031,10,REPUBLICANOS,70,REPUBLICANOS,2020,-22.9056391,-47.059564
1031,10123,FERNANDO CESAR RIBEIRO MENDES,95,REPUBLICANOS,2020,-22.9056391,-47.059564
1031,11111,JAIME DE SOUZA,45,PP,2020,-22.9056391,-47.059564
1031,11123,DENILSON DO PRADO,42,PP,2020,-22.9056391,-47.059564
1031,11190,ISRAEL NANTES SANTOS,33,PP,2020,-22.9056391,-47.059564
1031,12,HÉLIO DE OLIVEIRA SANTOS,71,,2020,-22.9056391,-47.059564
1031,13,PEDRO TOURINHO DE SIQUEIRA,1194,PT,2020,-22.9056391,-47.059564
1031,13,Partido dos Trabalhadores,101,PT,2020,-22.9056391,-47.059564
1031,13020,MARGARIDA DA SILVA CALIXTO,55,PT,2020,-22.9056391,-47.059564
1031,13123,PAOLLA CATHERINE DOS SANTOS MIGUEL AGARD,34,PT,2020,-22.9056391,-47.059564
1031,13613,CARLOS ROBERTO DE OLIVEIRA,41,PT,2020,-22.9056391,-47.059564
1031,14,TERESINHA DE CARVALHO,194,PTB,2020,-22.9056391,-47.059564
1031,15000,ARNALDO SALVETTI PALÁCIO JUNIOR,64,MDB,2020,-22.9056391,-47.059564
1031,15100,YANKO GONCALVES MELLO,31,MDB,2020,-22.9056391,-47.059564
1031,17800,JEZIEL SEVERINO DA SILVA,30,PSL,2020,-22.9056391,-47.059564
1031,19000,APARECIDO DE CAMPOS FILHO,35,,2020,-22.9056391,-47.059564
1031,22,Partido Liberal,63,PL,2020,-22.9056391,-47.059564
1031,22,RAFAEL FERNANDO ZIMBALDI,3262,PL,2020,-22.9056391,-47.059564
1031,22006,ALDO ALVES JUNIOR,42,PL,2020,-22.9056391,-47.059564
1031,22019,FELIPE PEREIRA DE CAMPOS VERGUEIRO,45,PL,2020,-22.9056391,-47.059564
1031,22111,CAROLINA LOURENÇO DEFILIPPI GONÇALVES,62,PL,2020,-22.9056391,-47.059564
1031,22123,JORGE ROBERTO SCHENEIDER,48,PL,2020,-22.9056391,-47.059564
1031,22622,EDEVALDO DE MELO,47,PL,2020,-22.9056391,-47.059564
1031,23,ANDRÉ LUIZ DE CAMARGO VON ZUBEN,113,CIDADANIA,2020,-22.9056391,-47.059564
1031,23123,PAULO CESAR HADDAD,35,CIDADANIA,2020,-22.9056391,-47.059564
1031,23456,HENRI MAEDA,41,CIDADANIA,2020,-22.9056391,-47.059564
1031,25123,WANDERLEY LUIZ SARTORI,81,DEM,2020,-22.9056391,-47.059564
1031,28,ROGÉRIO STRACIALANO PARADA,124,PRTB,2020,-22.9056391,-47.059564
1031,30,Partido Novo,56,,2020,-22.9056391,-47.059564
1031,30333,FRANCISCO ASSIS DA CONCEIÇÃO,47,NOVO,2020,-22.9056391,-47.059564
1031,30500,MARIA CRISTINA DE OLIVEIRA,49,NOVO,2020,-22.9056391,-47.059564
1031,30777,JONATHAS DE SIQUEIRA FERREIRA,77,NOVO,2020,-22.9056391,-47.059564
1031,30900,DANIEL BISCOLA PEREIRA,51,NOVO,2020,-22.9056391,-47.059564
1031,30999,PAULO SÉRGIO BARCELLOS GASPAR,86,NOVO,2020,-22.9056391,-47.059564
1031,40000,LUIS MOKITI YABIKU,83,PSB,2020,-22.9056391,-47.059564
1031,40013,JAIRSON VALERIO DOS ANJOS,136,PSB,2020,-22.9056391,-47.059564
1031,40112,FILIPE BATISTA MARCHESI,62,PSB,2020,-22.9056391,-47.059564
1031,40345,CLAUDINEI ALMEIDA,32,PSB,2020,-22.9056391,-47.059564
1031,40456,PERMINIO MONTEIRO DA SILVA,72,PSB,2020,-22.9056391,-47.059564
1031,43,ROGERIO MENEZES DE MELLO,123,PV,2020,-22.9056391,-47.059564
1031,43123,LUIZ CARLOS ROSSINI,50,PV,2020,-22.9056391,-47.059564
1031,43210,ROGERS FUSSI AVEIRO,36,PV,2020,-22.9056391,-47.059564
1031,43430,CARLOS ROBERTO ALVIM,82,PV,2020,-22.9056391,-47.059564
1031,45123,GUILHERME DAMASCENO FERNANDES,54,PSDB,2020,-22.9056391,-47.059564
1031,45222,JORGE DOS SANTOS MONTANARI,43,PSDB,2020,-22.9056391,-47.059564
1031,45234,MARCOS JOSÉ BERNARDELLI,42,PSDB,2020,-22.9056391,-47.059564
1031,45678,LUIZ HENRIQUE CIRILO,87,PSDB,2020,-22.9056391,-47.059564
1031,50000,PAULO ROBERTO BUFALO,48,PSOL,2020,-22.9056391,-47.059564
1031,50001,MARCELA DIAS MOREIRA,36,PSOL,2020,-22.9056391,-47.059564
1031,50100,MARIANA CONTI TAKAHASHI,140,PSOL,2020,-22.9056391,-47.059564
1031,50123,ÉLICE NATALIA BOTELHO,37,PSOL,2020,-22.9056391,-47.059564
1031,50300,LETÍCIA SOUZA MOREIRA BENEVIDES,62,PSOL,2020,-22.9056391,-47.059564
1031,51,WILSON KELLER DE MATOS,163,PATRIOTA,2020,-22.9056391,-47.059564
1031,55,ARTUR CASSEB ORSI,1749,PSD,2020,-22.9056391,-47.059564
1031,55,Partido Social Democrático,51,PSD,2020,-22.9056391,-47.059564
1031,55055,MARCELO DUCHOVNI SILVA,347,PSD,2020,-22.9056391,-47.059564
1031,55123,ANGELO DINIZ,34,PSD,2020,-22.9056391,-47.059564
1031,55555,FLÁVIO MAYNARDES ARAUJO,63,PSD,2020,-22.9056391,-47.059564
1031,55655,NELSON HOSSRI NETO,134,PSD,2020,-22.9056391,-47.059564
1031,65,ALESSANDRA RIBEIRO MARTINS,169,PC DO B,2020,-22.9056391,-47.059564
1031,65656,GUSTAVO LEMOS PETTA,54,PC DO B,2020,-22.9056391,-47.059564
1031,70030,FELIPE CEZAR MONTEIRO DE SOUZA,48,AVANTE,2020,-22.9056391,-47.059564
1031,70890,MILTON SOARES MUCHIUTTE,34,AVANTE,2020,-22.9056391,-47.059564
1031,77100,JAIR QUINALIA,30,SOLIDARIEDADE,2020,-22.9056391,-47.059564
1031,77677,CLOVIS CORDEIRO,45,SOLIDARIEDADE,2020,-22.9056391,-47.059564
1031,95,VOTO BRANCO,1546,,2020,-22.9056391,-47.059564
1031,96,VOTO NULO,3028,,2020,-22.9056391,-47.059564
1040,10,DARIO JORGE GIOLO SAADI,6888,REPUBLICANOS,2020,-22.9056391,-47.059564
1040,10,REPUBLICANOS,83,REPUBLICANOS,2020,-22.9056391,-47.059564
1040,10122,LUIZ GONZAGA,88,REPUBLICANOS,2020,-22.9056391,-47.059564
1040,10123,FERNANDO CESAR RIBEIRO MENDES,174,REPUBLICANOS,2020,-22.9056391,-47.059564
1040,10200,HIGOR DIEGO RALLA,55,REPUBLICANOS,2020,-22.9056391,-47.059564
1040,10234,JAKSSON LEANDRO LUCIANO GONÇALVES,79,REPUBLICANOS,2020,-22.9056391,-47.059564
1040,11111,JAIME DE SOUZA,46,PP,2020,-22.9056391,-47.059564
1040,11190,ISRAEL NANTES SANTOS,45,PP,2020,-22.9056391,-47.059564
1040,12,HÉLIO DE OLIVEIRA SANTOS,196,,2020,-22.9056391,-47.059564
1040,12,Partido Democrático Trabalhista,43,,2020,-22.9056391,-47.059564
1040,12345,AURELIO JOSE CLAUDIO,197,PDT,2020,-22.9056391,-47.059564
1040,13,PEDRO TOURINHO DE SIQUEIRA,2072,PT,2020,-22.9056391,-47.059564
1040,13,Partido dos Trabalhadores,228,PT,2020,-22.9056391,-47.059564
1040,13020,MARGARIDA DA SILVA CALIXTO,83,PT,2020,-22.9056391,-47.059564
1040,13112,JUAREZ BISPO MATEUS,50,PT,2020,-22.9056391,-47.059564
1040,13123,PAOLLA CATHERINE DOS SANTOS MIGUEL AGARD,39,PT,2020,-22.9056391,-47.059564
1040,13331,VERA LÚCIA RODRIGUES DE FARIA,92,PT,2020,-22.9056391,-47.059564
1040,13613,CARLOS ROBERTO DE OLIVEIRA,45,PT,2020,-22.9056391,-47.059564
1040,14,TERESINHA DE CARVALHO,275,PTB,2020,-22.9056391,-47.059564
1040,15000,ARNALDO SALVETTI PALÁCIO JUNIOR,66,MDB,2020,-22.9056391,-47.059564
1040,17000,APARECIDO SOUZA SANTOS,37,PSL,2020,-22.9056391,-47.059564
1040,17200,EDISON RIBEIRO,96,PSL,2020,-22.9056391,-47.059564
1040,17500,ORLEANS DE SA ALENCAR,129,PSL,2020,-22.9056391,-47.059564
1040,17800,JEZIEL SEVERINO DA SILVA,46,PSL,2020,-22.9056391,-47.059564
1040,19555,EDUARDO DOS REIS MAGOGA,32,PODE,2020,-22.9056391,-47.059564
1040,19999,RUBENS BRASILINO ROCHA,40,PODE,2020,-22.9056391,-47.059564
1040,20456,FABIO CAMILO DE ALMEIDA,43,PSC,2020,-22.9056391,-47.059564
1040,20500,JOSÉ CARLOS FURIOSO,56,PSC,2020,-22.9056391,-47.059564
1040,20620,GILBERTO LEÃO DE ARAUJO,53,PSC,2020,-22.9056391,-47.059564
1040,22,Partido Liberal,132,PL,2020,-22.9056391,-47.059564
1040,22,RAFAEL FERNANDO ZIMBALDI,5844,PL,2020,-22.9056391,-47.059564
1040,22000,ALBERTO ALVES DA FONSECA,83,PL,2020,-22.9056391,-47.059564
1040,22123,JORGE ROBERTO SCHENEIDER,41,PL,2020,-22.9056391,-47.059564
1040,22212,DANIEL DOS SANTOS,51,PL,2020,-22.9056391,-47.059564
1040,22222,PAULO SERGIO GALTÉRIO,38,PL,2020,-22.9056391,-47.059564
1040,22456,FÁBIO LUIS DE LIMA,73,PL,2020,-22.9056391,-47.059564
1040,22500,MOISES MARQUES DE ABREU,65,PL,2020,-22.9056391,-47.059564
1040,22567,OTTO ALEJANDRO RIGAZZO ETTINGER,201,PL,2020,-22.9056391,-47.059564
1040,22622,EDEVALDO DE MELO,92,PL,2020,-22.9056391,-47.059564
1040,22999,GASPARINO RAIMUNDO DA SILVA,37,PL,2020,-22.9056391,-47.059564
1040,23,ANDRÉ LUIZ DE CAMARGO VON ZUBEN,109,CIDADANIA,2020,-22.9056391,-47.059564
1040,23123,PAULO CESAR HADDAD,32,CIDADANIA,2020,-22.9056391,-47.059564
1040,23698,RILDO CARLOS PRAZERES DOS SANTOS,113,CIDADANIA,2020,-22.9056391,-47.059564
1040,25000,RODRIGO LUIS DE BARROS ALMEIDA,592,DEM,2020,-22.9056391,-47.059564
1040,25003,ANDREY DA SILVA CARVALHO,33,DEM,2020,-22.9056391,-47.059564
1040,25600,LUCIANA AUGUSTA DOS SANTOS CARVALHO PINHO,117,DEM,2020,-22.9056391,-47.059564
1040,28,ROGÉRIO STRACIALANO PARADA,99,PRTB,2020,-22.9056391,-47.059564
1040,30,Partido Novo,33,,2020,-22.9056391,-47.059564
1040,30777,JONATHAS DE SIQUEIRA FERREIRA,53,NOVO,2020,-22.9056391,-47.059564
1040,30999,PAULO SÉRGIO BARCELLOS GASPAR,38,NOVO,2020,-22.9056391,-47.059564
1040,33,AHMED TARIQUE TOMBOUCTOU AGIO,30,PMN,2020,-22.9056391,-47.059564
1040,40000,LUIS MOKITI YABIKU,50,PSB,2020,-22.9056391,-47.059564
1040,40024,DONIZETE DA COSTA AMARAL,61,PSB,2020,-22.9056391,-47.059564
1040,40112,FILIPE BATISTA MARCHESI,61,PSB,2020,-22.9056391,-47.059564
1040,40123,GILBERTO CARLOS CARDOSO,33,PSB,2020,-22.9056391,-47.059564
1040,40222,ELIAS HERNANE AZEVEDO,45,PSB,2020,-22.9056391,-47.059564
1040,40345,CLAUDINEI ALMEIDA,52,PSB,2020,-22.9056391,-47.059564
1040,40456,PERMINIO MONTEIRO DA SILVA,40,PSB,2020,-22.9056391,-47.059564
1040,40580,JOSE CARLOS DOS SANTOS,103,PSB,2020,-22.9056391,-47.059564
1040,40678,JOSÉ CARLOS SILVA,33,PSB,2020,-22.9056391,-47.059564
1040,43,ROGERIO MENEZES DE MELLO,80,PV,2020,-22.9056391,-47.059564
1040,43123,LUIZ CARLOS ROSSINI,32,PV,2020,-22.9056391,-47.059564
1040,45123,GUILHERME DAMASCENO FERNANDES,30,PSDB,2020,-22.9056391,-47.059564
1040,45234,MARCOS JOSÉ BERNARDELLI,45,PSDB,2020,-22.9056391,-47.059564
1040,45678,LUIZ HENRIQUE CIRILO,58,PSDB,2020,-22.9056391,-47.059564
1040,50000,PAULO ROBERTO BUFALO,58,PSOL,2020,-22.9056391,-47.059564
1040,50001,MARCELA DIAS MOREIRA,35,PSOL,2020,-22.9056391,-47.059564
1040,50100,MARIANA CONTI TAKAHASHI,145,PSOL,2020,-22.9056391,-47.059564
1040,50123,ÉLICE NATALIA BOTELHO,36,PSOL,2020,-22.9056391,-47.059564
1040,51,WILSON KELLER DE MATOS,286,PATRIOTA,2020,-22.9056391,-47.059564
1040,55,ARTUR CASSEB ORSI,1269,PSD,2020,-22.9056391,-47.059564
1040,55,Partido Social Democrático,34,PSD,2020,-22.9056391,-47.059564
1040,55055,MARCELO DUCHOVNI SILVA,77,PSD,2020,-22.9056391,-47.059564
1040,55555,FLÁVIO MAYNARDES ARAUJO,40,PSD,2020,-22.9056391,-47.059564
1040,55655,NELSON HOSSRI NETO,80,PSD,2020,-22.9056391,-47.059564
1040,65,ALESSANDRA RIBEIRO MARTINS,262,PC DO B,2020,-22.9056391,-47.059564
1040,65222,ADRIANO APARECIDO ELIAS DA SILVA,33,PC DO B,2020,-22.9056391,-47.059564
1040,65565,PAULO SERGIO PEREIRA DA SILVA,39,PC DO B,2020,-22.9056391,-47.059564
1040,65656,GUSTAVO LEMOS PETTA,106,PC DO B,2020,-22.9056391,-47.059564
1040,70030,FELIPE CEZAR MONTEIRO DE SOUZA,45,AVANTE,2020,-22.9056391,-47.059564
1040,70070,EMERSON SANTANA PIVATO,52,AVANTE,2020,-22.9056391,-47.059564
1040,70123,VALDEIR LUCCHIARI,72,AVANTE,2020,-22.9056391,-47.059564
1040,70555,MARCELO VITAL,52,AVANTE,2020,-22.9056391,-47.059564
1040,70890,MILTON SOARES MUCHIUTTE,67,AVANTE,2020,-22.9056391,-47.059564
1040,77025,JUVENIL NATALINO CELESTINO,43,SOLIDARIEDADE,2020,-22.9056391,-47.059564
1040,77100,JAIR QUINALIA,49,SOLIDARIEDADE,2020,-22.9056391,-47.059564
1040,95,VOTO BRANCO,2676,,2020,-22.9056391,-47.059564
1040,96,VOTO NULO,4735,,2020,-22.9056391,-47.059564
1058,10,DARIO JORGE GIOLO SAADI,8966,REPUBLICANOS,2020,-22.9056391,-47.059564
1058,10,REPUBLICANOS,141,REPUBLICANOS,2020,-22.9056391,-47.059564
1058,10122,LUIZ GONZAGA,47,REPUBLICANOS,2020,-22.9056391,-47.059564
1058,10123,FERNANDO CESAR RIBEIRO MENDES,177,REPUBLICANOS,2020,-22.9056391,-47.059564
1058,11111,JAIME DE SOUZA,50,PP,2020,-22.9056391,-47.059564
1058,11190,ISRAEL NANTES SANTOS,31,PP,2020,-22.9056391,-47.059564
1058,11336,FLÁVIO EDILSON PADOVINI,33,PP,2020,-22.9056391,-47.059564
1058,12,HÉLIO DE OLIVEIRA SANTOS,232,,2020,-22.9056391,-47.059564
1058,12,Partido Democrático Trabalhista,52,,2020,-22.9056391,-47.059564
1058,12345,AURELIO JOSE CLAUDIO,52,PDT,2020,-22.9056391,-47.059564
1058,13,PEDRO TOURINHO DE SIQUEIRA,2862,PT,2020,-22.9056391,-47.059564
1058,13,Partido dos Trabalhadores,243,PT,2020,-22.9056391,-47.059564
1058,13020,MARGARIDA DA SILVA CALIXTO,189,PT,2020,-22.9056391,-47.059564
1058,13123,PAOLLA CATHERINE DOS SANTOS MIGUEL AGARD,80,PT,2020,-22.9056391,-47.059564
1058,13138,SOLANGE LOUREIRO POZZUTO,30,PT,2020,-22.9056391,-47.059564
1058,13300,WAGNER DE MELO ROMÃO,78,PT,2020,-22.9056391,-47.059564
1058,13331,VERA LÚCIA RODRIGUES DE FARIA,59,PT,2020,-22.9056391,-47.059564
1058,13613,CARLOS ROBERTO DE OLIVEIRA,58,PT,2020,-22.9056391,-47.059564
1058,14,TERESINHA DE CARVALHO,376,PTB,2020,-22.9056391,-47.059564
1058,14013,KATIA STANCATO,37,PTB,2020,-22.9056391,-47.059564
1058,15000,ARNALDO SALVETTI PALÁCIO JUNIOR,87,MDB,2020,-22.9056391,-47.059564
1058,15100,YANKO GONCALVES MELLO,35,MDB,2020,-22.9056391,-47.059564
1058,17000,APARECIDO SOUZA SANTOS,283,PSL,2020,-22.9056391,-47.059564
1058,17200,EDISON RIBEIRO,32,PSL,2020,-22.9056391,-47.059564
1058,17412,JOSE REIS GABRIEL,38,PSL,2020,-22.9056391,-47.059564
1058,17800,JEZIEL SEVERINO DA SILVA,64,PSL,2020,-22.9056391,-47.059564
1058,19000,APARECIDO DE CAMPOS FILHO,69,,2020,-22.9056391,-47.059564
1058,19099,JOÃO OLIMPIO SANTANA FERREIRA,35,PODE,2020,-22.9056391,-47.059564
1058,19466,SEBASTIÃO ROQUE RODRIGUES,43,PODE,2020,-22.9056391,-47.059564
1058,19555,EDUARDO DOS REIS MAGOGA,56,PODE,2020,-22.9056391,-47.059564
1058,19620,MIGUEL ARCANJO MONTEIRO VICENTE,45,PODE,2020,-22.9056391,-47.059564
1058,20020,CARLOS EDUARDO CRUZ,36,PSC,2020,-22.9056391,-47.059564
1058,20345,ISAC MONEGO,58,PSC,2020,-22.9056391,-47.059564
1058,22,Partido Liberal,113,PL,2020,-22.9056391,-47.059564
1058,22,RAFAEL FERNANDO ZIMBALDI,6383,PL,2020,-22.9056391,-47.059564
1058,22000,ALBERTO ALVES DA FONSECA,81,PL,2020,-22.9056391,-47.059564
1058,22019,FELIPE PEREIRA DE CAMPOS VERGUEIRO,34,PL,2020,-22.9056391,-47.059564
1058,22111,CAROLINA LOURENÇO DEFILIPPI GONÇALVES,49,PL,2020,-22.9056391,-47.059564
1058,22122,DAIANE PATRICIA DE BARROS BEZERRA,33,PL,2020,-22.9056391,-47.059564
1058,22123,JORGE ROBERTO SCHENEIDER,33,PL,2020,-22.9056391,-47.059564
1058,22222,PAULO SERGIO GALTÉRIO,44,PL,2020,-22.9056391,-47.059564
1058,22333,THELMA ELAINE BRASILEIRO ROBERTI,33,PL,2020,-22.9056391,-47.059564
1058,22555,HUMBERTO FERNANDO RODRIGUES,71,PL,2020,-22.9056391,-47.059564
1058,22789,JUSCELINO DE SOUZA MARTINS,31,PL,2020,-22.9056391,-47.059564
1058,22999,GASPARINO RAIMUNDO DA SILVA,163,PL,2020,-22.9056391,-47.059564
1058,23,ANDRÉ LUIZ DE CAMARGO VON ZUBEN,175,CIDADANIA,2020,-22.9056391,-47.059564
1058,23000,NADINA APARECIDA FERNANDES DOS SANTOS,31,CIDADANIA,2020,-22.9056391,-47.059564
1058,23019,ELTON RODRIGUES DOS SANTOS,40,CIDADANIA,2020,-22.9056391,-47.059564
1058,23026,MARJORIE DA COSTA HENRIQUE RODRIGUES,35,CIDADANIA,2020,-22.9056391,-47.059564
1058,23123,PAULO CESAR HADDAD,60,CIDADANIA,2020,-22.9056391,-47.059564
1058,23238,LI LI MIN,30,CIDADANIA,2020,-22.9056391,-47.059564
1058,23456,HENRI MAEDA,36,CIDADANIA,2020,-22.9056391,-47.059564
1058,25000,RODRIGO LUIS DE BARROS ALMEIDA,64,DEM,2020,-22.9056391,-47.059564
1058,25025,APARECIDO GOMES CORREIA,76,DEM,2020,-22.9056391,-47.059564
1058,25123,WANDERLEY LUIZ SARTORI,60,DEM,2020,-22.9056391,-47.059564
1058,25200,MARCELINO FELISBERTO DA COSTA,161,DEM,2020,-22.9056391,-47.059564
1058,28,ROGÉRIO STRACIALANO PARADA,179,PRTB,2020,-22.9056391,-47.059564
1058,30,Partido Novo,52,,2020,-22.9056391,-47.059564
1058,30500,MARIA CRISTINA DE OLIVEIRA,44,NOVO,2020,-22.9056391,-47.059564
1058,30777,JONATHAS DE SIQUEIRA FERREIRA,68,NOVO,2020,-22.9056391,-47.059564
1058,30900,DANIEL BISCOLA PEREIRA,36,NOVO,2020,-22.9056391,-47.059564
1058,30999,PAULO SÉRGIO BARCELLOS GASPAR,69,NOVO,2020,-22.9056391,-47.059564
1058,40,Partido Socialista Brasileiro,33,,2020,-22.9056391,-47.059564
1058,40000,LUIS MOKITI YABIKU,83,PSB,2020,-22.9056391,-47.059564
1058,40013,JAIRSON VALERIO DOS ANJOS,42,PSB,2020,-22.9056391,-47.059564
1058,40100,JOSE BATISTA DE CARVALHO FILHO,31,PSB,2020,-22.9056391,-47.059564
1058,40112,FILIPE BATISTA MARCHESI,75,PSB,2020,-22.9056391,-47.059564
1058,40123,GILBERTO CARLOS CARDOSO,31,PSB,2020,-22.9056391,-47.059564
1058,40222,ELIAS HERNANE AZEVEDO,47,PSB,2020,-22.9056391,-47.059564
1058,40345,CLAUDINEI ALMEIDA,47,PSB,2020,-22.9056391,-47.059564
1058,40456,PERMINIO MONTEIRO DA SILVA,82,PSB,2020,-22.9056391,-47.059564
1058,40580,JOSE CARLOS DOS SANTOS,143,PSB,2020,-22.9056391,-47.059564
1058,40677,CID FERREIRA DE SOUZA,39,PSB,2020,-22.9056391,-47.059564
1058,40678,JOSÉ CARLOS SILVA,34,PSB,2020,-22.9056391,-47.059564
1058,40888,AILTON FERNANDES SARMENTO,38,PSB,2020,-22.9056391,-47.059564
1058,40999,GILBERTO MANOEL DE ALMEIDA,38,PSB,2020,-22.9056391,-47.059564
1058,43,ROGERIO MENEZES DE MELLO,185,PV,2020,-22.9056391,-47.059564
1058,43000,VAGNER DOS SANTOS BELLINI,107,PV,2020,-22.9056391,-47.059564
1058,43123,LUIZ CARLOS ROSSINI,65,PV,2020,-22.9056391,-47.059564
1058,43300,CARLOS EDUARDO DEPIERI,52,PV,2020,-22.9056391,-47.059564
1058,43333,GIVALDO FERREIRA DE LIMA,125,PV,2020,-22.9056391,-47.059564
1058,43430,CARLOS ROBERTO ALVIM,40,PV,2020,-22.9056391,-47.059564
1058,45022,VALDIR APARECIDO TERRAZAN,115,PSDB,2020,-22.9056391,-47.059564
1058,45045,THOMAZ ALCANTARA CAVALLARO,35,PSDB,2020,-22.9056391,-47.059564
1058,45123,GUILHERME DAMASCENO FERNANDES,52,PSDB,2020,-22.9056391,-47.059564
1058,45234,MARCOS JOSÉ BERNARDELLI,101,PSDB,2020,-22.9056391,-47.059564
1058,45678,LUIZ HENRIQUE CIRILO,494,PSDB,2020,-22.9056391,-47.059564
1058,45888,JOÃO DE FREITAS PATRICIO NETO,38,PSDB,2020,-22.9056391,-47.059564
1058,50,Partido Socialismo e Liberdade,42,,2020,-22.9056391,-47.059564
1058,50000,PAULO ROBERTO BUFALO,118,PSOL,2020,-22.9056391,-47.059564
1058,50001,MARCELA DIAS MOREIRA,115,PSOL,2020,-22.9056391,-47.059564
1058,50100,MARIANA CONTI TAKAHASHI,406,PSOL,2020,-22.9056391,-47.059564
1058,50123,ÉLICE NATALIA BOTELHO,82,PSOL,2020,-22.9056391,-47.059564
1058,50222,ROBERTO LUIS STEVENSON PRADO,63,PSOL,2020,-22.9056391,-47.059564
1058,50300,LETÍCIA SOUZA MOREIRA BENEVIDES,99,PSOL,2020,-22.9056391,-47.059564
1058,51,WILSON KELLER DE MATOS,365,PATRIOTA,2020,-22.9056391,-47.059564
1058,55,ARTUR CASSEB ORSI,1920,PSD,2020,-22.9056391,-47.059564
1058,55,Partido Social Democrático,72,PSD,2020,-22.9056391,-47.059564
1058,55055,MARCELO DUCHOVNI SILVA,180,PSD,2020,-22.9056391,-47.059564
1058,55123,ANGELO DINIZ,45,PSD,2020,-22.9056391,-47.059564
1058,55555,FLÁVIO MAYNARDES ARAUJO,82,PSD,2020,-22.9056391,-47.059564
1058,55655,NELSON HOSSRI NETO,162,PSD,2020,-22.9056391,-47.059564
1058,65,ALESSANDRA RIBEIRO MARTINS,359,PC DO B,2020,-22.9056391,-47.059564
1058,65035,ANDREA APARECIDA DE JESUS MENDES,37,PC DO B,2020,-22.9056391,-47.059564
1058,65123,ORESTES AUGUSTO TOLEDO,34,PC DO B,2020,-22.9056391,-47.059564
1058,65222,ADRIANO APARECIDO ELIAS DA SILVA,175,PC DO B,2020,-22.9056391,-47.059564
1058,65656,GUSTAVO LEMOS PETTA,106,PC DO B,2020,-22.9056391,-47.059564
1058,70030,FELIPE CEZAR MONTEIRO DE SOUZA,80,AVANTE,2020,-22.9056391,-47.059564
1058,70133,HELIO ALVES MOREIRA,40,AVANTE,2020,-22.9056391,-47.059564
1058,70890,MILTON SOARES MUCHIUTTE,103,AVANTE,2020,-22.9056391,-47.059564
1058,77100,JAIR QUINALIA,42,SOLIDARIEDADE,2020,-22.9056391,-47.059564
1058,90567,ANDRE DIONISIO FAVELA,106,PROS,2020,-22.9056391,-47.059564
1058,95,VOTO BRANCO,3341,,2020,-22.9056391,-47.059564
1058,96,VOTO NULO,5786,,2020,-22.9056391,-47.059564
1066,10,DARIO JORGE GIOLO SAADI,7037,REPUBLICANOS,2020,-22.9056391,-47.059564
1066,10,REPUBLICANOS,114,REPUBLICANOS,2020,-22.9056391,-47.059564
1066,10000,PAULO SERGIO CAMPANA,69,REPUBLICANOS,2020,-22.9056391,-47.059564
1066,10123,FERNANDO CESAR RIBEIRO MENDES,130,REPUBLICANOS,2020,-22.9056391,-47.059564
1066,10234,JAKSSON LEANDRO LUCIANO GONÇALVES,40,REPUBLICANOS,2020,-22.9056391,-47.059564
1066,11111,JAIME DE SOUZA,47,PP,2020,-22.9056391,-47.059564
1066,11190,ISRAEL NANTES SANTOS,34,PP,2020,-22.9056391,-47.059564
1066,12,HÉLIO DE OLIVEIRA SANTOS,147,,2020,-22.9056391,-47.059564
1066,12,Partido Democrático Trabalhista,36,,2020,-22.9056391,-47.059564
1066,12345,AURELIO JOSE CLAUDIO,65,PDT,2020,-22.9056391,-47.059564
1066,13,PEDRO TOURINHO DE SIQUEIRA,2055,PT,2020,-22.9056391,-47.059564
1066,13,Partido dos Trabalhadores,218,PT,2020,-22.9056391,-47.059564
1066,13020,MARGARIDA DA SILVA CALIXTO,77,PT,2020,-22.9056391,-47.059564
1066,13123,PAOLLA CATHERINE DOS SANTOS MIGUEL AGARD,46,PT,2020,-22.9056391,-47.059564
1066,13300,WAGNER DE MELO ROMÃO,82,PT,2020,-22.9056391,-47.059564
1066,13331,VERA LÚCIA RODRIGUES DE FARIA,40,PT,2020,-22.9056391,-47.059564
1066,13613,CARLOS ROBERTO DE OLIVEIRA,53,PT,2020,-22.9056391,-47.059564
1066,14,TERESINHA DE CARVALHO,287,PTB,2020,-22.9056391,-47.059564
1066,14013,KATIA STANCATO,39,PTB,2020,-22.9056391,-47.059564
1066,15000,ARNALDO SALVETTI PALÁCIO JUNIOR,76,MDB,2020,-22.9056391,-47.059564
1066,15800,ALEXANDRE DE OLIVEIRA,65,MDB,2020,-22.9056391,-47.059564
1066,17000,APARECIDO SOUZA SANTOS,467,PSL,2020,-22.9056391,-47.059564
1066,17200,EDISON RIBEIRO,55,PSL,2020,-22.9056391,-47.059564
1066,17800,JEZIEL SEVERINO DA SILVA,39,PSL,2020,-22.9056391,-47.059564
1066,19000,APARECIDO DE CAMPOS FILHO,34,,2020,-22.9056391,-47.059564
1066,19099,JOÃO OLIMPIO SANTANA FERREIRA,50,PODE,2020,-22.9056391,-47.059564
1066,19422,ARMANDO LOPES,33,PODE,2020,-22.9056391,-47.059564
1066,19466,SEBASTIÃO ROQUE RODRIGUES,48,PODE,2020,-22.9056391,-47.059564
1066,19555,EDUARDO DOS REIS MAGOGA,121,PODE,2020,-22.9056391,-47.059564
1066,20020,CARLOS EDUARDO CRUZ,44,PSC,2020,-22.9056391,-47.059564
1066,20120,CLAUDINEY ALONSO,54,PSC,2020,-22.9056391,-47.059564
1066,20620,GILBERTO LEÃO DE ARAUJO,39,PSC,2020,-22.9056391,-47.059564
1066,22,Partido Liberal,84,PL,2020,-22.9056391,-47.059564
1066,22,RAFAEL FERNANDO ZIMBALDI,5149,PL,2020,-22.9056391,-47.059564
1066,22000,ALBERTO ALVES DA FONSECA,75,PL,2020,-22.9056391,-47.059564
1066,22111,CAROLINA LOURENÇO DEFILIPPI GONÇALVES,61,PL,2020,-22.9056391,-47.059564
1066,22222,PAULO SERGIO GALTÉRIO,43,PL,2020,-22.9056391,-47.059564
1066,22243,ABRAÃO STREY,43,PL,2020,-22.9056391,-47.059564
1066,22369,FERNANDA APARECIDA FIDELIS DE SOUZA,58,PL,2020,-22.9056391,-47.059564
1066,23,ANDRÉ LUIZ DE CAMARGO VON ZUBEN,146,CIDADANIA,2020,-22.9056391,-47.059564
1066,23123,PAULO CESAR HADDAD,58,CIDADANIA,2020,-22.9056391,-47.059564
1066,25000,RODRIGO LUIS DE BARROS ALMEIDA,118,DEM,2020,-22.9056391,-47.059564
1066,25065,FRANCISCO DAS CHAGAS VIDAL FERREIRA,34,DEM,2020,-22.9056391,-47.059564
1066,25110,AMANDO RIBEIRO DOS SANTOS JUNIOR,64,DEM,2020,-22.9056391,-47.059564
1066,28,ROGÉRIO STRACIALANO PARADA,124,PRTB,2020,-22.9056391,-47.059564
1066,30,Partido Novo,82,,2020,-22.9056391,-47.059564
1066,30222,MARCIA ANTONIA CIA RIBEIRO SANTOS,31,NOVO,2020,-22.9056391,-47.059564
1066,30500,MARIA CRISTINA DE OLIVEIRA,52,NOVO,2020,-22.9056391,-47.059564
1066,30777,JONATHAS DE SIQUEIRA FERREIRA,43,NOVO,2020,-22.9056391,-47.059564
1066,30900,DANIEL BISCOLA PEREIRA,34,NOVO,2020,-22.9056391,-47.059564
1066,30999,PAULO SÉRGIO BARCELLOS GASPAR,78,NOVO,2020,-22.9056391,-47.059564
1066,40000,LUIS MOKITI YABIKU,56,PSB,2020,-22.9056391,-47.059564
1066,40100,JOSE BATISTA DE CARVALHO FILHO,30,PSB,2020,-22.9056391,-47.059564
1066,40112,FILIPE BATISTA MARCHESI,30,PSB,2020,-22.9056391,-47.059564
1066,40222,ELIAS HERNANE AZEVEDO,37,PSB,2020,-22.9056391,-47.059564
1066,40345,CLAUDINEI ALMEIDA,39,PSB,2020,-22.9056391,-47.059564
1066,40456,PERMINIO MONTEIRO DA SILVA,36,PSB,2020,-22.9056391,-47.059564
1066,40580,JOSE CARLOS DOS SANTOS,61,PSB,2020,-22.9056391,-47.059564
1066,40677,CID FERREIRA DE SOUZA,30,PSB,2020,-22.9056391,-47.059564
1066,40678,JOSÉ CARLOS SILVA,135,PSB,2020,-22.9056391,-47.059564
1066,40777,ANDRÉ JORGE MARUJO,30,PSB,2020,-22.9056391,-47.059564
1066,43,ROGERIO MENEZES DE MELLO,148,PV,2020,-22.9056391,-47.059564
1066,43000,VAGNER DOS SANTOS BELLINI,89,PV,2020,-22.9056391,-47.059564
1066,43123,LUIZ CARLOS ROSSINI,38,PV,2020,-22.9056391,-47.059564
1066,43333,GIVALDO FERREIRA DE LIMA,105,PV,2020,-22.9056391,-47.059564
1066,43430,CARLOS ROBERTO ALVIM,72,PV,2020,-22.9056391,-47.059564
1066,45022,VALDIR APARECIDO TERRAZAN,114,PSDB,2020,-22.9056391,-47.059564
1066,45123,GUILHERME DAMASCENO FERNANDES,48,PSDB,2020,-22.9056391,-47.059564
1066,45234,MARCOS JOSÉ BERNARDELLI,48,PSDB,2020,-22.9056391,-47.059564
1066,45600,DANILO RIDYER PALMA,56,PSDB,2020,-22.9056391,-47.059564
1066,45678,LUIZ HENRIQUE CIRILO,92,PSDB,2020,-22.9056391,-47.059564
1066,50000,PAULO ROBERTO BUFALO,61,PSOL,2020,-22.9056391,-47.059564
1066,50001,MARCELA DIAS MOREIRA,59,PSOL,2020,-22.9056391,-47.059564
1066,50100,MARIANA CONTI TAKAHASHI,290,PSOL,2020,-22.9056391,-47.059564
1066,50123,ÉLICE NATALIA BOTELHO,44,PSOL,2020,-22.9056391,-47.059564
1066,50222,ROBERTO LUIS STEVENSON PRADO,47,PSOL,2020,-22.9056391,-47.059564
1066,50300,LETÍCIA SOUZA MOREIRA BENEVIDES,46,PSOL,2020,-22.9056391,-47.059564
1066,51,WILSON KELLER DE MATOS,290,PATRIOTA,2020,-22.9056391,-47.059564
1066,51051,JOÃO ADELINO ROCHA,84,PATRIOTA,2020,-22.9056391,-47.059564
1066,55,ARTUR CASSEB ORSI,1720,PSD,2020,-22.9056391,-47.059564
1066,55,Partido Social Democrático,48,PSD,2020,-22.9056391,-47.059564
1066,55055,MARCELO DUCHOVNI SILVA,147,PSD,2020,-22.9056391,-47.059564
1066,55123,ANGELO DINIZ,81,PSD,2020,-22.9056391,-47.059564
1066,55555,FLÁVIO MAYNARDES ARAUJO,72,PSD,2020,-22.9056391,-47.059564
1066,55655,NELSON HOSSRI NETO,93,PSD,2020,-22.9056391,-47.059564
1066,65,ALESSANDRA RIBEIRO MARTINS,217,PC DO B,2020,-22.9056391,-47.059564
1066,65565,PAULO SERGIO PEREIRA DA SILVA,43,PC DO B,2020,-22.9056391,-47.059564
1066,65656,GUSTAVO LEMOS PETTA,45,PC DO B,2020,-22.9056391,-47.059564
1066,70030,FELIPE CEZAR MONTEIRO DE SOUZA,37,AVANTE,2020,-22.9056391,-47.059564
1066,70133,HELIO ALVES MOREIRA,32,AVANTE,2020,-22.9056391,-47.059564
1066,70190,CLODOALDO MAIOLINI FILHO,31,AVANTE,2020,-22.9056391,-47.059564
1066,70555,MARCELO VITAL,36,AVANTE,2020,-22.9056391,-47.059564
1066,70890,MILTON SOARES MUCHIUTTE,87,AVANTE,2020,-22.9056391,-47.059564
1066,77007,CLOVIS DE AZEVEDO NETO,59,SOLIDARIEDADE,2020,-22.9056391,-47.059564
1066,77300,MILTON DA SILVA FARIA,37,SOLIDARIEDADE,2020,-22.9056391,-47.059564
1066,95,VOTO BRANCO,2552,,2020,-22.9056391,-47.059564
1066,96,VOTO NULO,5057,,2020,-22.9056391,-47.059564
1074,10,DARIO JORGE GIOLO SAADI,7620,REPUBLICANOS,2020,-22.9056391,-47.059564
1074,10,REPUBLICANOS,106,REPUBLICANOS,2020,-22.9056391,-47.059564
1074,10000,PAULO SERGIO CAMPANA,32,REPUBLICANOS,2020,-22.9056391,-47.059564
1074,10122,LUIZ GONZAGA,38,REPUBLICANOS,2020,-22.9056391,-47.059564
1074,10123,FERNANDO CESAR RIBEIRO MENDES,141,REPUBLICANOS,2020,-22.9056391,-47.059564
1074,10234,JAKSSON LEANDRO LUCIANO GONÇALVES,38,REPUBLICANOS,2020,-22.9056391,-47.059564
1074,11111,JAIME DE SOUZA,67,PP,2020,-22.9056391,-47.059564
1074,11190,ISRAEL NANTES SANTOS,42,PP,2020,-22.9056391,-47.059564
1074,11336,FLÁVIO EDILSON PADOVINI,70,PP,2020,-22.9056391,-47.059564
1074,12,HÉLIO DE OLIVEIRA SANTOS,156,,2020,-22.9056391,-47.059564
1074,12,Partido Democrático Trabalhista,48,,2020,-22.9056391,-47.059564
1074,13,PEDRO TOURINHO DE SIQUEIRA,2487,PT,2020,-22.9056391,-47.059564
1074,13,Partido dos Trabalhadores,235,PT,2020,-22.9056391,-47.059564
1074,13020,MARGARIDA DA SILVA CALIXTO,120,PT,2020,-22.9056391,-47.059564
1074,13123,PAOLLA CATHERINE DOS SANTOS MIGUEL AGARD,62,PT,2020,-22.9056391,-47.059564
1074,13300,WAGNER DE MELO ROMÃO,111,PT,2020,-22.9056391,-47.059564
1074,13331,VERA LÚCIA RODRIGUES DE FARIA,41,PT,2020,-22.9056391,-47.059564
1074,13613,CARLOS ROBERTO DE OLIVEIRA,59,PT,2020,-22.9056391,-47.059564
1074,14,TERESINHA DE CARVALHO,321,PTB,2020,-22.9056391,-47.059564
1074,14013,KATIA STANCATO,36,PTB,2020,-22.9056391,-47.059564
1074,15000,ARNALDO SALVETTI PALÁCIO JUNIOR,84,MDB,2020,-22.9056391,-47.059564
1074,15100,YANKO GONCALVES MELLO,45,MDB,2020,-22.9056391,-47.059564
1074,17000,APARECIDO SOUZA SANTOS,242,PSL,2020,-22.9056391,-47.059564
1074,17200,EDISON RIBEIRO,40,PSL,2020,-22.9056391,-47.059564
1074,17333,ROSA FERREIRA DA SILVA,55,PSL,2020,-22.9056391,-47.059564
1074,17800,JEZIEL SEVERINO DA SILVA,41,PSL,2020,-22.9056391,-47.059564
1074,19000,APARECIDO DE CAMPOS FILHO,37,,2020,-22.9056391,-47.059564
1074,19555,EDUARDO DOS REIS MAGOGA,52,PODE,2020,-22.9056391,-47.059564
1074,19620,MIGUEL ARCANJO MONTEIRO VICENTE,53,PODE,2020,-22.9056391,-47.059564
1074,20020,CARLOS EDUARDO CRUZ,33,PSC,2020,-22.9056391,-47.059564
1074,20120,CLAUDINEY ALONSO,34,PSC,2020,-22.9056391,-47.059564
1074,20345,ISAC MONEGO,56,PSC,2020,-22.9056391,-47.059564
1074,22,Partido Liberal,94,PL,2020,-22.9056391,-47.059564
1074,22,RAFAEL FERNANDO ZIMBALDI,5976,PL,2020,-22.9056391,-47.059564
1074,22000,ALBERTO ALVES DA FONSECA,74,PL,2020,-22.9056391,-47.059564
1074,22111,CAROLINA LOURENÇO DEFILIPPI GONÇALVES,41,PL,2020,-22.9056391,-47.059564
1074,22123,JORGE ROBERTO SCHENEIDER,41,PL,2020,-22.9056391,-47.059564
1074,22222,PAULO SERGIO GALTÉRIO,34,PL,2020,-22.9056391,-47.059564
1074,22300,JORGE VEIGA JUNIOR,32,PL,2020,-22.9056391,-47.059564
1074,22567,OTTO ALEJANDRO RIGAZZO ETTINGER,46,PL,2020,-22.9056391,-47.059564
1074,22700,PAULA DA SILVA RAMOS,44,PL,2020,-22.9056391,-47.059564
1074,22789,JUSCELINO DE SOUZA MARTINS,254,PL,2020,-22.9056391,-47.059564
1074,22999,GASPARINO RAIMUNDO DA SILVA,36,PL,2020,-22.9056391,-47.059564
1074,23,ANDRÉ LUIZ DE CAMARGO VON ZUBEN,175,CIDADANIA,2020,-22.9056391,-47.059564
1074,23000,NADINA APARECIDA FERNANDES DOS SANTOS,48,CIDADANIA,2020,-22.9056391,-47.059564
1074,23026,MARJORIE DA COSTA HENRIQUE RODRIGUES,33,CIDADANIA,2020,-22.9056391,-47.059564
1074,23123,PAULO CESAR HADDAD,64,CIDADANIA,2020,-22.9056391,-47.059564
1074,23333,GUILHERME AUGUSTO ANTONIOLI,34,CIDADANIA,2020,-22.9056391,-47.059564
1074,23923,ANA STELA ALVES DE LIMA,33,CIDADANIA,2020,-22.9056391,-47.059564
1074,25000,RODRIGO LUIS DE BARROS ALMEIDA,48,DEM,2020,-22.9056391,-47.059564
1074,28,ROGÉRIO STRACIALANO PARADA,153,PRTB,2020,-22.9056391,-47.059564
1074,30,Partido Novo,78,,2020,-22.9056391,-47.059564
1074,30222,MARCIA ANTONIA CIA RIBEIRO SANTOS,40,NOVO,2020,-22.9056391,-47.059564
1074,30333,FRANCISCO ASSIS DA CONCEIÇÃO,31,NOVO,2020,-22.9056391,-47.059564
1074,30500,MARIA CRISTINA DE OLIVEIRA,55,NOVO,2020,-22.9056391,-47.059564
1074,30777,JONATHAS DE SIQUEIRA FERREIRA,60,NOVO,2020,-22.9056391,-47.059564
1074,30999,PAULO SÉRGIO BARCELLOS GASPAR,79,NOVO,2020,-22.9056391,-47.059564
1074,40000,LUIS MOKITI YABIKU,85,PSB,2020,-22.9056391,-47.059564
1074,40112,FILIPE BATISTA MARCHESI,49,PSB,2020,-22.9056391,-47.059564
1074,40222,ELIAS HERNANE AZEVEDO,42,PSB,2020,-22.9056391,-47.059564
1074,40345,CLAUDINEI ALMEIDA,35,PSB,2020,-22.9056391,-47.059564
1074,40456,PERMINIO MONTEIRO DA SILVA,47,PSB,2020,-22.9056391,-47.059564
1074,40580,JOSE CARLOS DOS SANTOS,78,PSB,2020,-22.9056391,-47.059564
1074,40677,CID FERREIRA DE SOUZA,47,PSB,2020,-22.9056391,-47.059564
1074,40678,JOSÉ CARLOS SILVA,40,PSB,2020,-22.9056391,-47.059564
1074,40888,AILTON FERNANDES SARMENTO,37,PSB,2020,-22.9056391,-47.059564
1074,43,ROGERIO MENEZES DE MELLO,143,PV,2020,-22.9056391,-47.059564
1074,43000,VAGNER DOS SANTOS BELLINI,147,PV,2020,-22.9056391,-47.059564
1074,43123,LUIZ CARLOS ROSSINI,66,PV,2020,-22.9056391,-47.059564
1074,43333,GIVALDO FERREIRA DE LIMA,47,PV,2020,-22.9056391,-47.059564
1074,43430,CARLOS ROBERTO ALVIM,49,PV,2020,-22.9056391,-47.059564
1074,43555,LUIZ GUSTAVO MERLO,37,PV,2020,-22.9056391,-47.059564
1074,45,Partido da Social Democracia Brasileira,33,,2020,-22.9056391,-47.059564
1074,45022,VALDIR APARECIDO TERRAZAN,169,PSDB,2020,-22.9056391,-47.059564
1074,45123,GUILHERME DAMASCENO FERNANDES,41,PSDB,2020,-22.9056391,-47.059564
1074,45222,JORGE DOS SANTOS MONTANARI,32,PSDB,2020,-22.9056391,-47.059564
1074,45234,MARCOS JOSÉ BERNARDELLI,62,PSDB,2020,-22.9056391,-47.059564
1074,45678,LUIZ HENRIQUE CIRILO,170,PSDB,2020,-22.9056391,-47.059564
1074,50,Partido Socialismo e Liberdade,67,,2020,-22.9056391,-47.059564
1074,50000,PAULO ROBERTO BUFALO,97,PSOL,2020,-22.9056391,-47.059564
1074,50001,MARCELA DIAS MOREIRA,77,PSOL,2020,-22.9056391,-47.059564
1074,50100,MARIANA CONTI TAKAHASHI,383,PSOL,2020,-22.9056391,-47.059564
1074,50123,ÉLICE NATALIA BOTELHO,69,PSOL,2020,-22.9056391,-47.059564
1074,50222,ROBERTO LUIS STEVENSON PRADO,63,PSOL,2020,-22.9056391,-47.059564
1074,50300,LETÍCIA SOUZA MOREIRA BENEVIDES,79,PSOL,2020,-22.9056391,-47.059564
1074,51,WILSON KELLER DE MATOS,302,PATRIOTA,2020,-22.9056391,-47.059564
1074,55,ARTUR CASSEB ORSI,1884,PSD,2020,-22.9056391,-47.059564
1074,55,Partido Social Democrático,74,PSD,2020,-22.9056391,-47.059564
1074,55055,MARCELO DUCHOVNI SILVA,153,PSD,2020,-22.9056391,-47.059564
1074,55123,ANGELO DINIZ,48,PSD,2020,-22.9056391,-47.059564
1074,55555,FLÁVIO MAYNARDES ARAUJO,75,PSD,2020,-22.9056391,-47.059564
1074,55655,NELSON HOSSRI NETO,85,PSD,2020,-22.9056391,-47.059564
1074,65,ALESSANDRA RIBEIRO MARTINS,304,PC DO B,2020,-22.9056391,-47.059564
1074,65035,ANDREA APARECIDA DE JESUS MENDES,33,PC DO B,2020,-22.9056391,-47.059564
1074,65222,ADRIANO APARECIDO ELIAS DA SILVA,31,PC DO B,2020,-22.9056391,-47.059564
1074,65656,GUSTAVO LEMOS PETTA,60,PC DO B,2020,-22.9056391,-47.059564
1074,70030,FELIPE CEZAR MONTEIRO DE SOUZA,71,AVANTE,2020,-22.9056391,-47.059564
1074,70133,HELIO ALVES MOREIRA,32,AVANTE,2020,-22.9056391,-47.059564
1074,70190,CLODOALDO MAIOLINI FILHO,31,AVANTE,2020,-22.9056391,-47.059564
1074,70890,MILTON SOARES MUCHIUTTE,271,AVANTE,2020,-22.9056391,-47.059564
1074,77100,JAIR QUINALIA,56,SOLIDARIEDADE,2020,-22.9056391,-47.059564
1074,77456,SILVIO CESAR SOUZA,101,SOLIDARIEDADE,2020,-22.9056391,-47.059564
1074,77500,CLAUDINEI APARECIDO DO CARMO,34,SOLIDARIEDADE,2020,-22.9056391,-47.059564
1074,95,VOTO BRANCO,2971,,2020,-22.9056391,-47.059564
1074,96,VOTO NULO,5547,,2020,-22.9056391,-47.059564
1082,10,DARIO JORGE GIOLO SAADI,8568,REPUBLICANOS,2020,-22.9056391,-47.059564
1082,10,REPUBLICANOS,116,REPUBLICANOS,2020,-22.9056391,-47.059564
1082,10123,FERNANDO CESAR RIBEIRO MENDES,186,REPUBLICANOS,2020,-22.9056391,-47.059564
1082,11111,JAIME DE SOUZA,102,PP,2020,-22.9056391,-47.059564
1082,11190,ISRAEL NANTES SANTOS,47,PP,2020,-22.9056391,-47.059564
1082,12,HÉLIO DE OLIVEIRA SANTOS,189,,2020,-22.9056391,-47.059564
1082,12,Partido Democrático Trabalhista,38,,2020,-22.9056391,-47.059564
1082,13,PEDRO TOURINHO DE SIQUEIRA,2237,PT,2020,-22.9056391,-47.059564
1082,13,Partido dos Trabalhadores,246,PT,2020,-22.9056391,-47.059564
1082,13020,MARGARIDA DA SILVA CALIXTO,107,PT,2020,-22.9056391,-47.059564
1082,13123,PAOLLA CATHERINE DOS SANTOS MIGUEL AGARD,63,PT,2020,-22.9056391,-47.059564
1082,13300,WAGNER DE MELO ROMÃO,31,PT,2020,-22.9056391,-47.059564
1082,13331,VERA LÚCIA RODRIGUES DE FARIA,48,PT,2020,-22.9056391,-47.059564
1082,13613,CARLOS ROBERTO DE OLIVEIRA,73,PT,2020,-22.9056391,-47.059564
1082,14,TERESINHA DE CARVALHO,321,PTB,2020,-22.9056391,-47.059564
1082,15000,ARNALDO SALVETTI PALÁCIO JUNIOR,72,MDB,2020,-22.9056391,-47.059564
1082,15100,YANKO GONCALVES MELLO,46,MDB,2020,-22.9056391,-47.059564
1082,15135,CLAUDIO LUIZ MORAES,39,MDB,2020,-22.9056391,-47.059564
1082,15222,WENDELL BRANDAO DOS SANTOS,134,MDB,2020,-22.9056391,-47.059564
1082,15789,JOSE CARLOS DO NASCIMENTO OLIVEIRA,35,MDB,2020,-22.9056391,-47.059564
1082,15800,ALEXANDRE DE OLIVEIRA,48,MDB,2020,-22.9056391,-47.059564
1082,17000,APARECIDO SOUZA SANTOS,396,PSL,2020,-22.9056391,-47.059564
1082,17200,EDISON RIBEIRO,60,PSL,2020,-22.9056391,-47.059564
1082,17500,ORLEANS DE SA ALENCAR,46,PSL,2020,-22.9056391,-47.059564
1082,17800,JEZIEL SEVERINO DA SILVA,42,PSL,2020,-22.9056391,-47.059564
1082,19466,SEBASTIÃO ROQUE RODRIGUES,44,PODE,2020,-22.9056391,-47.059564
1082,19555,EDUARDO DOS REIS MAGOGA,55,PODE,2020,-22.9056391,-47.059564
1082,19620,MIGUEL ARCANJO MONTEIRO VICENTE,43,PODE,2020,-22.9056391,-47.059564
1082,20020,CARLOS EDUARDO CRUZ,62,PSC,2020,-22.9056391,-47.059564
1082,20300,VALDIR FERREIRA,38,PSC,2020,-22.9056391,-47.059564
1082,20345,ISAC MONEGO,41,PSC,2020,-22.9056391,-47.059564
1082,20500,JOSÉ CARLOS FURIOSO,40,PSC,2020,-22.9056391,-47.059564
1082,20620,GILBERTO LEÃO DE ARAUJO,47,PSC,2020,-22.9056391,-47.059564
1082,22,Partido Liberal,131,PL,2020,-22.9056391,-47.059564
1082,22,RAFAEL FERNANDO ZIMBALDI,6748,PL,2020,-22.9056391,-47.059564
1082,22000,ALBERTO ALVES DA FONSECA,72,PL,2020,-22.9056391,-47.059564
1082,22111,CAROLINA LOURENÇO DEFILIPPI GONÇALVES,30,PL,2020,-22.9056391,-47.059564
1082,22123,JORGE ROBERTO SCHENEIDER,83,PL,2020,-22.9056391,-47.059564
1082,22222,PAULO SERGIO GALTÉRIO,61,PL,2020,-22.9056391,-47.059564
1082,22243,ABRAÃO STREY,51,PL,2020,-22.9056391,-47.059564
1082,22369,FERNANDA APARECIDA FIDELIS DE SOUZA,30,PL,2020,-22.9056391,-47.059564
1082,22500,MOISES MARQUES DE ABREU,54,PL,2020,-22.9056391,-47.059564
1082,22567,OTTO ALEJANDRO RIGAZZO ETTINGER,140,PL,2020,-22.9056391,-47.059564
1082,22999,GASPARINO RAIMUNDO DA SILVA,41,PL,2020,-22.9056391,-47.059564
1082,23,ANDRÉ LUIZ DE CAMARGO VON ZUBEN,139,CIDADANIA,2020,-22.9056391,-47.059564
1082,23123,PAULO CESAR HADDAD,34,CIDADANIA,2020,-22.9056391,-47.059564
1082,23456,HENRI MAEDA,40,CIDADANIA,2020,-22.9056391,-47.059564
1082,23923,ANA STELA ALVES DE LIMA,33,CIDADANIA,2020,-22.9056391,-47.059564
1082,25,Democratas,32,,2020,-22.9056391,-47.059564
1082,25000,RODRIGO LUIS DE BARROS ALMEIDA,871,DEM,2020,-22.9056391,-47.059564
1082,28,ROGÉRIO STRACIALANO PARADA,153,PRTB,2020,-22.9056391,-47.059564
1082,30,Partido Novo,48,,2020,-22.9056391,-47.059564
1082,30500,MARIA CRISTINA DE OLIVEIRA,50,NOVO,2020,-22.9056391,-47.059564
1082,30777,JONATHAS DE SIQUEIRA FERREIRA,72,NOVO,2020,-22.9056391,-47.059564
1082,30900,DANIEL BISCOLA PEREIRA,39,NOVO,2020,-22.9056391,-47.059564
1082,30999,PAULO SÉRGIO BARCELLOS GASPAR,49,NOVO,2020,-22.9056391,-47.059564
1082,40000,LUIS MOKITI YABIKU,92,PSB,2020,-22.9056391,-47.059564
1082,40013,JAIRSON VALERIO DOS ANJOS,39,PSB,2020,-22.9056391,-47.059564
1082,40112,FILIPE BATISTA MARCHESI,58,PSB,2020,-22.9056391,-47.059564
1082,40222,ELIAS HERNANE AZEVEDO,58,PSB,2020,-22.9056391,-47.059564
1082,40400,IVONE CRESCENCIO DA SILVA MENDONÇA,49,PSB,2020,-22.9056391,-47.059564
1082,40456,PERMINIO MONTEIRO DA SILVA,405,PSB,2020,-22.9056391,-47.059564
1082,40580,JOSE CARLOS DOS SANTOS,105,PSB,2020,-22.9056391,-47.059564
1082,40677,CID FERREIRA DE SOUZA,47,PSB,2020,-22.9056391,-47.059564
1082,40888,AILTON FERNANDES SARMENTO,38,PSB,2020,-22.9056391,-47.059564
1082,43,ROGERIO MENEZES DE MELLO,119,PV,2020,-22.9056391,-47.059564
1082,43123,LUIZ CARLOS ROSSINI,51,PV,2020,-22.9056391,-47.059564
1082,43300,CARLOS EDUARDO DEPIERI,33,PV,2020,-22.9056391,-47.059564
1082,43333,GIVALDO FERREIRA DE LIMA,145,PV,2020,-22.9056391,-47.059564
1082,45045,THOMAZ ALCANTARA CAVALLARO,43,PSDB,2020,-22.9056391,-47.059564
1082,45123,GUILHERME DAMASCENO FERNANDES,49,PSDB,2020,-22.9056391,-47.059564
1082,45234,MARCOS JOSÉ BERNARDELLI,56,PSDB,2020,-22.9056391,-47.059564
1082,45678,LUIZ HENRIQUE CIRILO,89,PSDB,2020,-22.9056391,-47.059564
1082,50000,PAULO ROBERTO BUFALO,76,PSOL,2020,-22.9056391,-47.059564
1082,50001,MARCELA DIAS MOREIRA,51,PSOL,2020,-22.9056391,-47.059564
1082,50050,JOSÉ APARECIDO RODRIGUES DE SOUZA,86,PSOL,2020,-22.9056391,-47.059564
1082,50100,MARIANA CONTI TAKAHASHI,178,PSOL,2020,-22.9056391,-47.059564
1082,50123,ÉLICE NATALIA BOTELHO,45,PSOL,2020,-22.9056391,-47.059564
1082,50300,LETÍCIA SOUZA MOREIRA BENEVIDES,38,PSOL,2020,-22.9056391,-47.059564
1082,51,WILSON KELLER DE MATOS,314,PATRIOTA,2020,-22.9056391,-47.059564
1082,55,ARTUR CASSEB ORSI,1856,PSD,2020,-22.9056391,-47.059564
1082,55,Partido Social Democrático,59,PSD,2020,-22.9056391,-47.059564
1082,55055,MARCELO DUCHOVNI SILVA,124,PSD,2020,-22.9056391,-47.059564
1082,55555,FLÁVIO MAYNARDES ARAUJO,77,PSD,2020,-22.9056391,-47.059564
1082,55655,NELSON HOSSRI NETO,86,PSD,2020,-22.9056391,-47.059564
1082,55888,DANILO BOTELHO SANCHES,53,PSD,2020,-22.9056391,-47.059564
1082,65,ALESSANDRA RIBEIRO MARTINS,255,PC DO B,2020,-22.9056391,-47.059564
1082,65017,MARIO LUIZ ADÃO DE SOUZA,31,PC DO B,2020,-22.9056391,-47.059564
1082,65123,ORESTES AUGUSTO TOLEDO,35,PC DO B,2020,-22.9056391,-47.059564
1082,65656,GUSTAVO LEMOS PETTA,72,PC DO B,2020,-22.9056391,-47.059564
1082,70000,FRANCISCA ROSANA MONTANHER,47,AVANTE,2020,-22.9056391,-47.059564
1082,70030,FELIPE CEZAR MONTEIRO DE SOUZA,68,AVANTE,2020,-22.9056391,-47.059564
1082,70234,NOEL CORDEIRO TEIXEIRA,93,AVANTE,2020,-22.9056391,-47.059564
1082,70555,MARCELO VITAL,104,AVANTE,2020,-22.9056391,-47.059564
1082,70890,MILTON SOARES MUCHIUTTE,43,AVANTE,2020,-22.9056391,-47.059564
1082,77100,JAIR QUINALIA,138,SOLIDARIEDADE,2020,-22.9056391,-47.059564
1082,95,VOTO BRANCO,2816,,2020,-22.9056391,-47.059564
1082,96,VOTO NULO,5603,,2020,-22.9056391,-47.059564
1090,10,DARIO JORGE GIOLO SAADI,10308,REPUBLICANOS,2020,-22.9056391,-47.059564
1090,10,REPUBLICANOS,117,REPUBLICANOS,2020,-22.9056391,-47.059564
1090,10000,PAULO SERGIO CAMPANA,37,REPUBLICANOS,2020,-22.9056391,-47.059564
1090,10025,BRUNO APARECIDO DE LIMA,53,REPUBLICANOS,2020,-22.9056391,-47.059564
1090,10080,LUIZ FELIPE DE OLIVEIRA THEODORO,31,REPUBLICANOS,2020,-22.9056391,-47.059564
1090,10122,LUIZ GONZAGA,30,REPUBLICANOS,2020,-22.9056391,-47.059564
1090,10123,FERNANDO CESAR RIBEIRO MENDES,166,REPUBLICANOS,2020,-22.9056391,-47.059564
1090,10190,ARGEU ALENCAR DA SILVA,31,REPUBLICANOS,2020,-22.9056391,-47.059564
1090,10200,HIGOR DIEGO RALLA,41,REPUBLICANOS,2020,-22.9056391,-47.059564
1090,11111,JAIME DE SOUZA,105,PP,2020,-22.9056391,-47.059564
1090,11181,MARCOS ALVES FERREIRA,54,PP,2020,-22.9056391,-47.059564
1090,11190,ISRAEL NANTES SANTOS,56,PP,2020,-22.9056391,-47.059564
1090,12,HÉLIO DE OLIVEIRA SANTOS,297,,2020,-22.9056391,-47.059564
1090,12,Partido Democrático Trabalhista,49,,2020,-22.9056391,-47.059564
1090,13,PEDRO TOURINHO DE SIQUEIRA,2708,PT,2020,-22.9056391,-47.059564
1090,13,Partido dos Trabalhadores,228,PT,2020,-22.9056391,-47.059564
1090,13020,MARGARIDA DA SILVA CALIXTO,76,PT,2020,-22.9056391,-47.059564
1090,13123,PAOLLA CATHERINE DOS SANTOS MIGUEL AGARD,77,PT,2020,-22.9056391,-47.059564
1090,13300,WAGNER DE MELO ROMÃO,45,PT,2020,-22.9056391,-47.059564
1090,13331,VERA LÚCIA RODRIGUES DE FARIA,49,PT,2020,-22.9056391,-47.059564
1090,13613,CARLOS ROBERTO DE OLIVEIRA,39,PT,2020,-22.9056391,-47.059564
1090,14,Partido Trabalhista Brasileiro,35,PTB,2020,-22.9056391,-47.059564
1090,14,TERESINHA DE CARVALHO,476,PTB,2020,-22.9056391,-47.059564
1090,15000,ARNALDO SALVETTI PALÁCIO JUNIOR,106,MDB,2020,-22.9056391,-47.059564
1090,15100,YANKO GONCALVES MELLO,56,MDB,2020,-22.9056391,-47.059564
1090,15222,WENDELL BRANDAO DOS SANTOS,198,MDB,2020,-22.9056391,-47.059564
1090,17000,APARECIDO SOUZA SANTOS,37,PSL,2020,-22.9056391,-47.059564
1090,17117,CLEMENTE JOSE CAPUCHINHO,37,PSL,2020,-22.9056391,-47.059564
1090,17123,SEBASTIÃO PEREIRA DOS SANTOS,30,PSL,2020,-22.9056391,-47.059564
1090,17200,EDISON RIBEIRO,49,PSL,2020,-22.9056391,-47.059564
1090,17500,ORLEANS DE SA ALENCAR,32,PSL,2020,-22.9056391,-47.059564
1090,17620,PEDRO ALVES MARTINS,50,PSL,2020,-22.9056391,-47.059564
1090,17800,JEZIEL SEVERINO DA SILVA,54,PSL,2020,-22.9056391,-47.059564
1090,19000,APARECIDO DE CAMPOS FILHO,41,,2020,-22.9056391,-47.059564
1090,19555,EDUARDO DOS REIS MAGOGA,52,PODE,2020,-22.9056391,-47.059564
1090,19620,MIGUEL ARCANJO MONTEIRO VICENTE,33,PODE,2020,-22.9056391,-47.059564
1090,20000,DEBORA DE ANDRADE PALERMO,31,PSC,2020,-22.9056391,-47.059564
1090,20220,CARMO LUIZ GREGÓRIO DA SILVA,45,PSC,2020,-22.9056391,-47.059564
1090,20345,ISAC MONEGO,68,PSC,2020,-22.9056391,-47.059564
1090,20456,FABIO CAMILO DE ALMEIDA,113,PSC,2020,-22.9056391,-47.059564
1090,20620,GILBERTO LEÃO DE ARAUJO,169,PSC,2020,-22.9056391,-47.059564
1090,20700,ELCIO BATISTA,50,PSC,2020,-22.9056391,-47.059564
1090,22,Partido Liberal,134,PL,2020,-22.9056391,-47.059564
1090,22,RAFAEL FERNANDO ZIMBALDI,8112,PL,2020,-22.9056391,-47.059564
1090,22000,ALBERTO ALVES DA FONSECA,116,PL,2020,-22.9056391,-47.059564
1090,22019,FELIPE PEREIRA DE CAMPOS VERGUEIRO,49,PL,2020,-22.9056391,-47.059564
1090,22111,CAROLINA LOURENÇO DEFILIPPI GONÇALVES,43,PL,2020,-22.9056391,-47.059564
1090,22123,JORGE ROBERTO SCHENEIDER,51,PL,2020,-22.9056391,-47.059564
1090,22222,PAULO SERGIO GALTÉRIO,54,PL,2020,-22.9056391,-47.059564
1090,22243,ABRAÃO STREY,56,PL,2020,-22.9056391,-47.059564
1090,22300,JORGE VEIGA JUNIOR,70,PL,2020,-22.9056391,-47.059564
1090,22333,THELMA ELAINE BRASILEIRO ROBERTI,31,PL,2020,-22.9056391,-47.059564
1090,22567,OTTO ALEJANDRO RIGAZZO ETTINGER,60,PL,2020,-22.9056391,-47.059564
1090,22580,CRISTIANO FORIGATO,33,PL,2020,-22.9056391,-47.059564
1090,22622,EDEVALDO DE MELO,227,PL,2020,-22.9056391,-47.059564
1090,22700,PAULA DA SILVA RAMOS,31,PL,2020,-22.9056391,-47.059564
1090,22789,JUSCELINO DE SOUZA MARTINS,56,PL,2020,-22.9056391,-47.059564
1090,22999,GASPARINO RAIMUNDO DA SILVA,43,PL,2020,-22.9056391,-47.059564
1090,23,ANDRÉ LUIZ DE CAMARGO VON ZUBEN,235,CIDADANIA,2020,-22.9056391,-47.059564
1090,23000,NADINA APARECIDA FERNANDES DOS SANTOS,109,CIDADANIA,2020,-22.9056391,-47.059564
1090,23026,MARJORIE DA COSTA HENRIQUE RODRIGUES,35,CIDADANIA,2020,-22.9056391,-47.059564
1090,23123,PAULO CESAR HADDAD,41,CIDADANIA,2020,-22.9056391,-47.059564
1090,23321,MARCIA APARECIDA RODRIGUES,61,CIDADANIA,2020,-22.9056391,-47.059564
1090,23456,HENRI MAEDA,69,CIDADANIA,2020,-22.9056391,-47.059564
1090,23923,ANA STELA ALVES DE LIMA,34,CIDADANIA,2020,-22.9056391,-47.059564
1090,25000,RODRIGO LUIS DE BARROS ALMEIDA,125,DEM,2020,-22.9056391,-47.059564
1090,25007,LEONARDO RUELA SANTANA,91,DEM,2020,-22.9056391,-47.059564
1090,25123,WANDERLEY LUIZ SARTORI,62,DEM,2020,-22.9056391,-47.059564
1090,25500,RUBENS SOARES DO NASCIMENTO,47,DEM,2020,-22.9056391,-47.059564
1090,25999,MARCONE JOSÉ DE LIMA,48,DEM,2020,-22.9056391,-47.059564
1090,28,ROGÉRIO STRACIALANO PARADA,226,PRTB,2020,-22.9056391,-47.059564
1090,30,Partido Novo,76,,2020,-22.9056391,-47.059564
1090,30123,MARNE DA SILVA CAMPOS,35,NOVO,2020,-22.9056391,-47.059564
1090,30500,MARIA CRISTINA DE OLIVEIRA,49,NOVO,2020,-22.9056391,-47.059564
1090,30777,JONATHAS DE SIQUEIRA FERREIRA,72,NOVO,2020,-22.9056391,-47.059564
1090,30900,DANIEL BISCOLA PEREIRA,46,NOVO,2020,-22.9056391,-47.059564
1090,30999,PAULO SÉRGIO BARCELLOS GASPAR,68,NOVO,2020,-22.9056391,-47.059564
1090,40,Partido Socialista Brasileiro,37,,2020,-22.9056391,-47.059564
1090,40000,LUIS MOKITI YABIKU,117,PSB,2020,-22.9056391,-47.059564
1090,40012,JURACY PEREIRA COUTINHO JUNIOR,32,PSB,2020,-22.9056391,-47.059564
1090,40013,JAIRSON VALERIO DOS ANJOS,67,PSB,2020,-22.9056391,-47.059564
1090,40110,ARMINDO LIMA DE ALMEIDA,217,PSB,2020,-22.9056391,-47.059564
1090,40112,FILIPE BATISTA MARCHESI,80,PSB,2020,-22.9056391,-47.059564
1090,40222,ELIAS HERNANE AZEVEDO,75,PSB,2020,-22.9056391,-47.059564
1090,40345,CLAUDINEI ALMEIDA,41,PSB,2020,-22.9056391,-47.059564
1090,40456,PERMINIO MONTEIRO DA SILVA,489,PSB,2020,-22.9056391,-47.059564
1090,40500,JOÃO JOTA SILVA,33,PSB,2020,-22.9056391,-47.059564
1090,40555,LUIZ FERNANDO MARIANO MATEUS,34,PSB,2020,-22.9056391,-47.059564
1090,40580,JOSE CARLOS DOS SANTOS,138,PSB,2020,-22.9056391,-47.059564
1090,40677,CID FERREIRA DE SOUZA,39,PSB,2020,-22.9056391,-47.059564
1090,40678,JOSÉ CARLOS SILVA,45,PSB,2020,-22.9056391,-47.059564
1090,40999,GILBERTO MANOEL DE ALMEIDA,35,PSB,2020,-22.9056391,-47.059564
1090,43,ROGERIO MENEZES DE MELLO,117,PV,2020,-22.9056391,-47.059564
1090,43000,VAGNER DOS SANTOS BELLINI,86,PV,2020,-22.9056391,-47.059564
1090,43123,LUIZ CARLOS ROSSINI,69,PV,2020,-22.9056391,-47.059564
1090,43430,CARLOS ROBERTO ALVIM,47,PV,2020,-22.9056391,-47.059564
1090,45022,VALDIR APARECIDO TERRAZAN,43,PSDB,2020,-22.9056391,-47.059564
1090,45045,THOMAZ ALCANTARA CAVALLARO,34,PSDB,2020,-22.9056391,-47.059564
1090,45222,JORGE DOS SANTOS MONTANARI,311,PSDB,2020,-22.9056391,-47.059564
1090,45234,MARCOS JOSÉ BERNARDELLI,58,PSDB,2020,-22.9056391,-47.059564
1090,45678,LUIZ HENRIQUE CIRILO,45,PSDB,2020,-22.9056391,-47.059564
1090,50,Partido Socialismo e Liberdade,44,,2020,-22.9056391,-47.059564
1090,50000,PAULO ROBERTO BUFALO,112,PSOL,2020,-22.9056391,-47.059564
1090,50001,MARCELA DIAS MOREIRA,99,PSOL,2020,-22.9056391,-47.059564
1090,50100,MARIANA CONTI TAKAHASHI,325,PSOL,2020,-22.9056391,-47.059564
1090,50123,ÉLICE NATALIA BOTELHO,57,PSOL,2020,-22.9056391,-47.059564
1090,50222,ROBERTO LUIS STEVENSON PRADO,35,PSOL,2020,-22.9056391,-47.059564
1090,50300,LETÍCIA SOUZA MOREIRA BENEVIDES,59,PSOL,2020,-22.9056391,-47.059564
1090,51,WILSON KELLER DE MATOS,455,PATRIOTA,2020,-22.9056391,-47.059564
1090,55,ARTUR CASSEB ORSI,2442,PSD,2020,-22.9056391,-47.059564
1090,55,Partido Social Democrático,82,PSD,2020,-22.9056391,-47.059564
1090,55055,MARCELO DUCHOVNI SILVA,135,PSD,2020,-22.9056391,-47.059564
1090,55123,ANGELO DINIZ,42,PSD,2020,-22.9056391,-47.059564
1090,55555,FLÁVIO MAYNARDES ARAUJO,100,PSD,2020,-22.9056391,-47.059564
1090,55655,NELSON HOSSRI NETO,115,PSD,2020,-22.9056391,-47.059564
1090,55888,DANILO BOTELHO SANCHES,48,PSD,2020,-22.9056391,-47.059564
1090,65,ALESSANDRA RIBEIRO MARTINS,373,PC DO B,2020,-22.9056391,-47.059564
1090,65123,ORESTES AUGUSTO TOLEDO,45,PC DO B,2020,-22.9056391,-47.059564
1090,65656,GUSTAVO LEMOS PETTA,107,PC DO B,2020,-22.9056391,-47.059564
1090,70000,FRANCISCA ROSANA MONTANHER,48,AVANTE,2020,-22.9056391,-47.059564
1090,70030,FELIPE CEZAR MONTEIRO DE SOUZA,78,AVANTE,2020,-22.9056391,-47.059564
1090,70133,HELIO ALVES MOREIRA,59,AVANTE,2020,-22.9056391,-47.059564
1090,70190,CLODOALDO MAIOLINI FILHO,33,AVANTE,2020,-22.9056391,-47.059564
1090,70234,NOEL CORDEIRO TEIXEIRA,35,AVANTE,2020,-22.9056391,-47.059564
1090,70555,MARCELO VITAL,284,AVANTE,2020,-22.9056391,-47.059564
1090,70890,MILTON SOARES MUCHIUTTE,93,AVANTE,2020,-22.9056391,-47.059564
1090,77031,ANDRÉ LUIS TOLOTTO,283,SOLIDARIEDADE,2020,-22.9056391,-47.059564
1090,77100,JAIR QUINALIA,628,SOLIDARIEDADE,2020,-22.9056391,-47.059564
1090,77456,SILVIO CESAR SOUZA,46,SOLIDARIEDADE,2020,-22.9056391,-47.059564
1090,77500,CLAUDINEI APARECIDO DO CARMO,30,SOLIDARIEDADE,2020,-22.9056391,-47.059564
1090,77801,EDILSON EUGENIO,54,SOLIDARIEDADE,2020,-22.9056391,-47.059564
1090,95,VOTO BRANCO,3596,,2020,-22.9056391,-47.059564
1090,96,VOTO NULO,7292,,2020,-22.9056391,-47.059564
1104,10,DARIO JORGE GIOLO SAADI,9978,REPUBLICANOS,2020,-22.9056391,-47.059564
1104,10,REPUBLICANOS,134,REPUBLICANOS,2020,-22.9056391,-47.059564
1104,10025,BRUNO APARECIDO DE LIMA,139,REPUBLICANOS,2020,-22.9056391,-47.059564
1104,10123,FERNANDO CESAR RIBEIRO MENDES,156,REPUBLICANOS,2020,-22.9056391,-47.059564
1104,10200,HIGOR DIEGO RALLA,38,REPUBLICANOS,2020,-22.9056391,-47.059564
1104,10500,ROGERIO BERNARDES BOGONE,62,REPUBLICANOS,2020,-22.9056391,-47.059564
1104,11111,JAIME DE SOUZA,102,PP,2020,-22.9056391,-47.059564
1104,11181,MARCOS ALVES FERREIRA,42,PP,2020,-22.9056391,-47.059564
1104,11190,ISRAEL NANTES SANTOS,44,PP,2020,-22.9056391,-47.059564
1104,12,HÉLIO DE OLIVEIRA SANTOS,170,,2020,-22.9056391,-47.059564
1104,12,Partido Democrático Trabalhista,38,,2020,-22.9056391,-47.059564
1104,13,PEDRO TOURINHO DE SIQUEIRA,3496,PT,2020,-22.9056391,-47.059564
1104,13,Partido dos Trabalhadores,270,PT,2020,-22.9056391,-47.059564
1104,13011,CECÍLIO SERAFIM DOS SANTOS,34,PT,2020,-22.9056391,-47.059564
1104,13020,MARGARIDA DA SILVA CALIXTO,130,PT,2020,-22.9056391,-47.059564
1104,13123,PAOLLA CATHERINE DOS SANTOS MIGUEL AGARD,115,PT,2020,-22.9056391,-47.059564
1104,13300,WAGNER DE MELO ROMÃO,253,PT,2020,-22.9056391,-47.059564
1104,13331,VERA LÚCIA RODRIGUES DE FARIA,41,PT,2020,-22.9056391,-47.059564
1104,13613,CARLOS ROBERTO DE OLIVEIRA,69,PT,2020,-22.9056391,-47.059564
1104,14,TERESINHA DE CARVALHO,435,PTB,2020,-22.9056391,-47.059564
1104,14013,KATIA STANCATO,88,PTB,2020,-22.9056391,-47.059564
1104,15000,ARNALDO SALVETTI PALÁCIO JUNIOR,71,MDB,2020,-22.9056391,-47.059564
1104,15100,YANKO GONCALVES MELLO,55,MDB,2020,-22.9056391,-47.059564
1104,15222,WENDELL BRANDAO DOS SANTOS,46,MDB,2020,-22.9056391,-47.059564
1104,15789,JOSE CARLOS DO NASCIMENTO OLIVEIRA,30,MDB,2020,-22.9056391,-47.059564
1104,17000,APARECIDO SOUZA SANTOS,59,PSL,2020,-22.9056391,-47.059564
1104,17200,EDISON RIBEIRO,41,PSL,2020,-22.9056391,-47.059564
1104,17800,JEZIEL SEVERINO DA SILVA,58,PSL,2020,-22.9056391,-47.059564
1104,19000,APARECIDO DE CAMPOS FILHO,35,,2020,-22.9056391,-47.059564
1104,19555,EDUARDO DOS REIS MAGOGA,319,PODE,2020,-22.9056391,-47.059564
1104,20000,DEBORA DE ANDRADE PALERMO,30,PSC,2020,-22.9056391,-47.059564
1104,20345,ISAC MONEGO,51,PSC,2020,-22.9056391,-47.059564
1104,20456,FABIO CAMILO DE ALMEIDA,137,PSC,2020,-22.9056391,-47.059564
1104,20620,GILBERTO LEÃO DE ARAUJO,136,PSC,2020,-22.9056391,-47.059564
1104,22,Partido Liberal,165,PL,2020,-22.9056391,-47.059564
1104,22,RAFAEL FERNANDO ZIMBALDI,7567,PL,2020,-22.9056391,-47.059564
1104,22000,ALBERTO ALVES DA FONSECA,97,PL,2020,-22.9056391,-47.059564
1104,22019,FELIPE PEREIRA DE CAMPOS VERGUEIRO,46,PL,2020,-22.9056391,-47.059564
1104,22111,CAROLINA LOURENÇO DEFILIPPI GONÇALVES,56,PL,2020,-22.9056391,-47.059564
1104,22123,JORGE ROBERTO SCHENEIDER,65,PL,2020,-22.9056391,-47.059564
1104,22222,PAULO SERGIO GALTÉRIO,45,PL,2020,-22.9056391,-47.059564
1104,22243,ABRAÃO STREY,33,PL,2020,-22.9056391,-47.059564
1104,22300,JORGE VEIGA JUNIOR,43,PL,2020,-22.9056391,-47.059564
1104,22333,THELMA ELAINE BRASILEIRO ROBERTI,31,PL,2020,-22.9056391,-47.059564
1104,22567,OTTO ALEJANDRO RIGAZZO ETTINGER,58,PL,2020,-22.9056391,-47.059564
1104,22580,CRISTIANO FORIGATO,39,PL,2020,-22.9056391,-47.059564
1104,22622,EDEVALDO DE MELO,270,PL,2020,-22.9056391,-47.059564
1104,22789,JUSCELINO DE SOUZA MARTINS,43,PL,2020,-22.9056391,-47.059564
1104,22999,GASPARINO RAIMUNDO DA SILVA,49,PL,2020,-22.9056391,-47.059564
1104,23,ANDRÉ LUIZ DE CAMARGO VON ZUBEN,344,CIDADANIA,2020,-22.9056391,-47.059564
1104,23,Cidadania,31,CIDADANIA,2020,-22.9056391,-47.059564
1104,23026,MARJORIE DA COSTA HENRIQUE RODRIGUES,39,CIDADANIA,2020,-22.9056391,-47.059564
1104,23123,PAULO CESAR HADDAD,50,CIDADANIA,2020,-22.9056391,-47.059564
1104,23238,LI LI MIN,129,CIDADANIA,2020,-22.9056391,-47.059564
1104,23456,HENRI MAEDA,85,CIDADANIA,2020,-22.9056391,-47.059564
1104,23500,ROSA CASTELO,73,CIDADANIA,2020,-22.9056391,-47.059564
1104,23923,ANA STELA ALVES DE LIMA,63,CIDADANIA,2020,-22.9056391,-47.059564
1104,25000,RODRIGO LUIS DE BARROS ALMEIDA,123,DEM,2020,-22.9056391,-47.059564
1104,25110,AMANDO RIBEIRO DOS SANTOS JUNIOR,32,DEM,2020,-22.9056391,-47.059564
1104,28,ROGÉRIO STRACIALANO PARADA,210,PRTB,2020,-22.9056391,-47.059564
1104,30,Partido Novo,130,,2020,-22.9056391,-47.059564
1104,30000,ANDRE ROBERTO FREITAS FERREIRA PINTO,33,NOVO,2020,-22.9056391,-47.059564
1104,30100,ADELSON FONSECA BEZERRA,40,NOVO,2020,-22.9056391,-47.059564
1104,30153,MIRIAM MARIA ANTUNES DE SOUZA,48,NOVO,2020,-22.9056391,-47.059564
1104,30222,MARCIA ANTONIA CIA RIBEIRO SANTOS,93,NOVO,2020,-22.9056391,-47.059564
1104,30300,SANDRA HELENA FERNANDES,50,NOVO,2020,-22.9056391,-47.059564
1104,30333,FRANCISCO ASSIS DA CONCEIÇÃO,35,NOVO,2020,-22.9056391,-47.059564
1104,30500,MARIA CRISTINA DE OLIVEIRA,85,NOVO,2020,-22.9056391,-47.059564
1104,30777,JONATHAS DE SIQUEIRA FERREIRA,100,NOVO,2020,-22.9056391,-47.059564
1104,30900,DANIEL BISCOLA PEREIRA,65,NOVO,2020,-22.9056391,-47.059564
1104,30999,PAULO SÉRGIO BARCELLOS GASPAR,125,NOVO,2020,-22.9056391,-47.059564
1104,40,Partido Socialista Brasileiro,35,,2020,-22.9056391,-47.059564
1104,40000,LUIS MOKITI YABIKU,91,PSB,2020,-22.9056391,-47.059564
1104,40040,ADILSON DE SOUZA ROCHA,30,PSB,2020,-22.9056391,-47.059564
1104,40110,ARMINDO LIMA DE ALMEIDA,62,PSB,2020,-22.9056391,-47.059564
1104,40112,FILIPE BATISTA MARCHESI,59,PSB,2020,-22.9056391,-47.059564
1104,40222,ELIAS HERNANE AZEVEDO,62,PSB,2020,-22.9056391,-47.059564
1104,40345,CLAUDINEI ALMEIDA,37,PSB,2020,-22.9056391,-47.059564
1104,40456,PERMINIO MONTEIRO DA SILVA,516,PSB,2020,-22.9056391,-47.059564
1104,40580,JOSE CARLOS DOS SANTOS,60,PSB,2020,-22.9056391,-47.059564
1104,40677,CID FERREIRA DE SOUZA,76,PSB,2020,-22.9056391,-47.059564
1104,40678,JOSÉ CARLOS SILVA,367,PSB,2020,-22.9056391,-47.059564
1104,40777,ANDRÉ JORGE MARUJO,51,PSB,2020,-22.9056391,-47.059564
1104,43,Partido Verde,33,PV,2020,-22.9056391,-47.059564
1104,43,ROGERIO MENEZES DE MELLO,184,PV,2020,-22.9056391,-47.059564
1104,43000,VAGNER DOS SANTOS BELLINI,145,PV,2020,-22.9056391,-47.059564
1104,43123,LUIZ CARLOS ROSSINI,80,PV,2020,-22.9056391,-47.059564
1104,43430,CARLOS ROBERTO ALVIM,58,PV,2020,-22.9056391,-47.059564
1104,45,Partido da Social Democracia Brasileira,40,,2020,-22.9056391,-47.059564
1104,45022,VALDIR APARECIDO TERRAZAN,65,PSDB,2020,-22.9056391,-47.059564
1104,45123,GUILHERME DAMASCENO FERNANDES,51,PSDB,2020,-22.9056391,-47.059564
1104,45234,MARCOS JOSÉ BERNARDELLI,58,PSDB,2020,-22.9056391,-47.059564
1104,45678,LUIZ HENRIQUE CIRILO,40,PSDB,2020,-22.9056391,-47.059564
1104,50,Partido Socialismo e Liberdade,83,,2020,-22.9056391,-47.059564
1104,50000,PAULO ROBERTO BUFALO,115,PSOL,2020,-22.9056391,-47.059564
1104,50001,MARCELA DIAS MOREIRA,123,PSOL,2020,-22.9056391,-47.059564
1104,50100,MARIANA CONTI TAKAHASHI,697,PSOL,2020,-22.9056391,-47.059564
1104,50123,ÉLICE NATALIA BOTELHO,127,PSOL,2020,-22.9056391,-47.059564
1104,50222,ROBERTO LUIS STEVENSON PRADO,116,PSOL,2020,-22.9056391,-47.059564
1104,50300,LETÍCIA SOUZA MOREIRA BENEVIDES,155,PSOL,2020,-22.9056391,-47.059564
1104,51,WILSON KELLER DE MATOS,385,PATRIOTA,2020,-22.9056391,-47.059564
1104,55,ARTUR CASSEB ORSI,2400,PSD,2020,-22.9056391,-47.059564
1104,55,Partido Social Democrático,84,PSD,2020,-22.9056391,-47.059564
1104,55055,MARCELO DUCHOVNI SILVA,166,PSD,2020,-22.9056391,-47.059564
1104,55123,ANGELO DINIZ,56,PSD,2020,-22.9056391,-47.059564
1104,55555,FLÁVIO MAYNARDES ARAUJO,89,PSD,2020,-22.9056391,-47.059564
1104,55655,NELSON HOSSRI NETO,114,PSD,2020,-22.9056391,-47.059564
1104,55888,DANILO BOTELHO SANCHES,37,PSD,2020,-22.9056391,-47.059564
1104,65,ALESSANDRA RIBEIRO MARTINS,477,PC DO B,2020,-22.9056391,-47.059564
1104,65035,ANDREA APARECIDA DE JESUS MENDES,51,PC DO B,2020,-22.9056391,-47.059564
1104,65123,ORESTES AUGUSTO TOLEDO,64,PC DO B,2020,-22.9056391,-47.059564
1104,65656,GUSTAVO LEMOS PETTA,146,PC DO B,2020,-22.9056391,-47.059564
1104,70000,FRANCISCA ROSANA MONTANHER,53,AVANTE,2020,-22.9056391,-47.059564
1104,70030,FELIPE CEZAR MONTEIRO DE SOUZA,78,AVANTE,2020,-22.9056391,-47.059564
1104,70100,RAFAEL BRESSANE ALVES,30,AVANTE,2020,-22.9056391,-47.059564
1104,70123,VALDEIR LUCCHIARI,36,AVANTE,2020,-22.9056391,-47.059564
1104,70234,NOEL CORDEIRO TEIXEIRA,56,AVANTE,2020,-22.9056391,-47.059564
1104,70555,MARCELO VITAL,217,AVANTE,2020,-22.9056391,-47.059564
1104,70777,ANTONIO GONZALEZ DOS SANTOS,30,AVANTE,2020,-22.9056391,-47.059564
1104,77031,ANDRÉ LUIS TOLOTTO,95,SOLIDARIEDADE,2020,-22.9056391,-47.059564
1104,77100,JAIR QUINALIA,83,SOLIDARIEDADE,2020,-22.9056391,-47.059564
1104,77800,CREBIO DINIZ DE ALMEIDA,30,SOLIDARIEDADE,2020,-22.9056391,-47.059564
1104,95,VOTO BRANCO,3357,,2020,-22.9056391,-47.059564
1104,96,VOTO NULO,6776,,2020,-22.9056391,-47.059564
1112,10,DARIO JORGE GIOLO SAADI,7572,REPUBLICANOS,2020,-22.9056391,-47.059564
1112,10,REPUBLICANOS,116,REPUBLICANOS,2020,-22.9056391,-47.059564
1112,10123,FERNANDO CESAR RIBEIRO MENDES,205,REPUBLICANOS,2020,-22.9056391,-47.059564
1112,10200,HIGOR DIEGO RALLA,31,REPUBLICANOS,2020,-22.9056391,-47.059564
1112,11111,JAIME DE SOUZA,68,PP,2020,-22.9056391,-47.059564
1112,11181,MARCOS ALVES FERREIRA,36,PP,2020,-22.9056391,-47.059564
1112,11190,ISRAEL NANTES SANTOS,34,PP,2020,-22.9056391,-47.059564
1112,12,HÉLIO DE OLIVEIRA SANTOS,185,,2020,-22.9056391,-47.059564
1112,13,PEDRO TOURINHO DE SIQUEIRA,2043,PT,2020,-22.9056391,-47.059564
1112,13,Partido dos Trabalhadores,220,PT,2020,-22.9056391,-47.059564
1112,13020,MARGARIDA DA SILVA CALIXTO,60,PT,2020,-22.9056391,-47.059564
1112,13123,PAOLLA CATHERINE DOS SANTOS MIGUEL AGARD,77,PT,2020,-22.9056391,-47.059564
1112,13300,WAGNER DE MELO ROMÃO,38,PT,2020,-22.9056391,-47.059564
1112,13613,CARLOS ROBERTO DE OLIVEIRA,70,PT,2020,-22.9056391,-47.059564
1112,14,TERESINHA DE CARVALHO,378,PTB,2020,-22.9056391,-47.059564
1112,15000,ARNALDO SALVETTI PALÁCIO JUNIOR,78,MDB,2020,-22.9056391,-47.059564
1112,15100,YANKO GONCALVES MELLO,52,MDB,2020,-22.9056391,-47.059564
1112,15755,ERIVELTO SOUZA DE MORAES,35,MDB,2020,-22.9056391,-47.059564
1112,17000,APARECIDO SOUZA SANTOS,70,PSL,2020,-22.9056391,-47.059564
1112,17200,EDISON RIBEIRO,39,PSL,2020,-22.9056391,-47.059564
1112,17620,PEDRO ALVES MARTINS,91,PSL,2020,-22.9056391,-47.059564
1112,17800,JEZIEL SEVERINO DA SILVA,32,PSL,2020,-22.9056391,-47.059564
1112,19000,APARECIDO DE CAMPOS FILHO,32,,2020,-22.9056391,-47.059564
1112,19555,EDUARDO DOS REIS MAGOGA,56,PODE,2020,-22.9056391,-47.059564
1112,20345,ISAC MONEGO,41,PSC,2020,-22.9056391,-47.059564
1112,20456,FABIO CAMILO DE ALMEIDA,173,PSC,2020,-22.9056391,-47.059564
1112,20620,GILBERTO LEÃO DE ARAUJO,161,PSC,2020,-22.9056391,-47.059564
1112,22,Partido Liberal,147,PL,2020,-22.9056391,-47.059564
1112,22,RAFAEL FERNANDO ZIMBALDI,6463,PL,2020,-22.9056391,-47.059564
1112,22000,ALBERTO ALVES DA FONSECA,99,PL,2020,-22.9056391,-47.059564
1112,22019,FELIPE PEREIRA DE CAMPOS VERGUEIRO,34,PL,2020,-22.9056391,-47.059564
1112,22123,JORGE ROBERTO SCHENEIDER,51,PL,2020,-22.9056391,-47.059564
1112,22222,PAULO SERGIO GALTÉRIO,40,PL,2020,-22.9056391,-47.059564
1112,22243,ABRAÃO STREY,30,PL,2020,-22.9056391,-47.059564
1112,22333,THELMA ELAINE BRASILEIRO ROBERTI,34,PL,2020,-22.9056391,-47.059564
1112,22500,MOISES MARQUES DE ABREU,31,PL,2020,-22.9056391,-47.059564
1112,22567,OTTO ALEJANDRO RIGAZZO ETTINGER,46,PL,2020,-22.9056391,-47.059564
1112,22622,EDEVALDO DE MELO,368,PL,2020,-22.9056391,-47.059564
1112,22700,PAULA DA SILVA RAMOS,73,PL,2020,-22.9056391,-47.059564
1112,22789,JUSCELINO DE SOUZA MARTINS,576,PL,2020,-22.9056391,-47.059564
1112,22999,GASPARINO RAIMUNDO DA SILVA,42,PL,2020,-22.9056391,-47.059564
1112,23,ANDRÉ LUIZ DE CAMARGO VON ZUBEN,137,CIDADANIA,2020,-22.9056391,-47.059564
1112,23026,MARJORIE DA COSTA HENRIQUE RODRIGUES,31,CIDADANIA,2020,-22.9056391,-47.059564
1112,23123,PAULO CESAR HADDAD,49,CIDADANIA,2020,-22.9056391,-47.059564
1112,23500,ROSA CASTELO,31,CIDADANIA,2020,-22.9056391,-47.059564
1112,25000,RODRIGO LUIS DE BARROS ALMEIDA,101,DEM,2020,-22.9056391,-47.059564
1112,25500,RUBENS SOARES DO NASCIMENTO,32,DEM,2020,-22.9056391,-47.059564
1112,25777,JORGE RICARDO TEIXEIRA CEZARIO,43,DEM,2020,-22.9056391,-47.059564
1112,25877,ANTONIA JAIARA ALVES CARDOZO,30,DEM,2020,-22.9056391,-47.059564
1112,25999,MARCONE JOSÉ DE LIMA,52,DEM,2020,-22.9056391,-47.059564
1112,28,ROGÉRIO STRACIALANO PARADA,173,PRTB,2020,-22.9056391,-47.059564
1112,30,Partido Novo,48,,2020,-22.9056391,-47.059564
1112,30777,JONATHAS DE SIQUEIRA FERREIRA,53,NOVO,2020,-22.9056391,-47.059564
1112,30900,DANIEL BISCOLA PEREIRA,38,NOVO,2020,-22.9056391,-47.059564
1112,30999,PAULO SÉRGIO BARCELLOS GASPAR,45,NOVO,2020,-22.9056391,-47.059564
1112,40000,LUIS MOKITI YABIKU,76,PSB,2020,-22.9056391,-47.059564
1112,40013,JAIRSON VALERIO DOS ANJOS,31,PSB,2020,-22.9056391,-47.059564
1112,40110,ARMINDO LIMA DE ALMEIDA,35,PSB,2020,-22.9056391,-47.059564
1112,40112,FILIPE BATISTA MARCHESI,71,PSB,2020,-22.9056391,-47.059564
1112,40222,ELIAS HERNANE AZEVEDO,100,PSB,2020,-22.9056391,-47.059564
1112,40345,CLAUDINEI ALMEIDA,33,PSB,2020,-22.9056391,-47.059564
1112,40456,PERMINIO MONTEIRO DA SILVA,132,PSB,2020,-22.9056391,-47.059564
1112,40580,JOSE CARLOS DOS SANTOS,122,PSB,2020,-22.9056391,-47.059564
1112,40677,CID FERREIRA DE SOUZA,45,PSB,2020,-22.9056391,-47.059564
1112,40678,JOSÉ CARLOS SILVA,63,PSB,2020,-22.9056391,-47.059564
1112,40777,ANDRÉ JORGE MARUJO,47,PSB,2020,-22.9056391,-47.059564
1112,40888,AILTON FERNANDES SARMENTO,148,PSB,2020,-22.9056391,-47.059564
1112,43,ROGERIO MENEZES DE MELLO,97,PV,2020,-22.9056391,-47.059564
1112,43123,LUIZ CARLOS ROSSINI,65,PV,2020,-22.9056391,-47.059564
1112,45123,GUILHERME DAMASCENO FERNANDES,32,PSDB,2020,-22.9056391,-47.059564
1112,45222,JORGE DOS SANTOS MONTANARI,38,PSDB,2020,-22.9056391,-47.059564
1112,45234,MARCOS JOSÉ BERNARDELLI,45,PSDB,2020,-22.9056391,-47.059564
1112,45678,LUIZ HENRIQUE CIRILO,32,PSDB,2020,-22.9056391,-47.059564
1112,50,Partido Socialismo e Liberdade,40,,2020,-22.9056391,-47.059564
1112,50000,PAULO ROBERTO BUFALO,117,PSOL,2020,-22.9056391,-47.059564
1112,50001,MARCELA DIAS MOREIRA,45,PSOL,2020,-22.9056391,-47.059564
1112,50100,MARIANA CONTI TAKAHASHI,163,PSOL,2020,-22.9056391,-47.059564
1112,50123,ÉLICE NATALIA BOTELHO,38,PSOL,2020,-22.9056391,-47.059564
1112,51,WILSON KELLER DE MATOS,315,PATRIOTA,2020,-22.9056391,-47.059564
1112,55,ARTUR CASSEB ORSI,1683,PSD,2020,-22.9056391,-47.059564
1112,55,Partido Social Democrático,58,PSD,2020,-22.9056391,-47.059564
1112,55055,MARCELO DUCHOVNI SILVA,84,PSD,2020,-22.9056391,-47.059564
1112,55555,FLÁVIO MAYNARDES ARAUJO,59,PSD,2020,-22.9056391,-47.059564
1112,55655,NELSON HOSSRI NETO,88,PSD,2020,-22.9056391,-47.059564
1112,65,ALESSANDRA RIBEIRO MARTINS,250,PC DO B,2020,-22.9056391,-47.059564
1112,65003,ROBERSON ACASSIO DA SILVA,63,PC DO B,2020,-22.9056391,-47.059564
1112,65656,GUSTAVO LEMOS PETTA,45,PC DO B,2020,-22.9056391,-47.059564
1112,70000,FRANCISCA ROSANA MONTANHER,37,AVANTE,2020,-22.9056391,-47.059564
1112,70030,FELIPE CEZAR MONTEIRO DE SOUZA,72,AVANTE,2020,-22.9056391,-47.059564
1112,70234,NOEL CORDEIRO TEIXEIRA,31,AVANTE,2020,-22.9056391,-47.059564
1112,70555,MARCELO VITAL,274,AVANTE,2020,-22.9056391,-47.059564
1112,77100,JAIR QUINALIA,51,SOLIDARIEDADE,2020,-22.9056391,-47.059564
1112,95,VOTO BRANCO,2692,,2020,-22.9056391,-47.059564
1112,96,VOTO NULO,5231,,2020,-22.9056391,-47.059564
1120,10,DARIO JORGE GIOLO SAADI,8073,REPUBLICANOS,2020,-22.9056391,-47.059564
1120,10,REPUBLICANOS,96,REPUBLICANOS,2020,-22.9056391,-47.059564
1120,10000,PAULO SERGIO CAMPANA,42,REPUBLICANOS,2020,-22.9056391,-47.059564
1120,10010,CLAUDIO CORMANICH,30,REPUBLICANOS,2020,-22.9056391,-47.059564
1120,10123,FERNANDO CESAR RIBEIRO MENDES,128,REPUBLICANOS,2020,-22.9056391,-47.059564
1120,10500,ROGERIO BERNARDES BOGONE,43,REPUBLICANOS,2020,-22.9056391,-47.059564
1120,11111,JAIME DE SOUZA,56,PP,2020,-22.9056391,-47.059564
1120,11190,ISRAEL NANTES SANTOS,54,PP,2020,-22.9056391,-47.059564
1120,11611,APARECIDO SEVERINO BENTO,35,PP,2020,-22.9056391,-47.059564
1120,12,HÉLIO DE OLIVEIRA SANTOS,160,,2020,-22.9056391,-47.059564
1120,12,Partido Democrático Trabalhista,34,,2020,-22.9056391,-47.059564
1120,12777,CLAUDIO RISSI,39,PDT,2020,-22.9056391,-47.059564
1120,13,PEDRO TOURINHO DE SIQUEIRA,2123,PT,2020,-22.9056391,-47.059564
1120,13,Partido dos Trabalhadores,194,PT,2020,-22.9056391,-47.059564
1120,13020,MARGARIDA DA SILVA CALIXTO,73,PT,2020,-22.9056391,-47.059564
1120,13123,PAOLLA CATHERINE DOS SANTOS MIGUEL AGARD,68,PT,2020,-22.9056391,-47.059564
1120,13300,WAGNER DE MELO ROMÃO,73,PT,2020,-22.9056391,-47.059564
1120,13613,CARLOS ROBERTO DE OLIVEIRA,73,PT,2020,-22.9056391,-47.059564
1120,14,TERESINHA DE CARVALHO,466,PTB,2020,-22.9056391,-47.059564
1120,14230,MARCO ANTONIO HENRIQUE,100,PTB,2020,-22.9056391,-47.059564
1120,14400,CARLOS ROBERTO DE SOUZA,30,PTB,2020,-22.9056391,-47.059564
1120,15000,ARNALDO SALVETTI PALÁCIO JUNIOR,97,MDB,2020,-22.9056391,-47.059564
1120,15050,ANDRE LUIS SILVA DE SOUZA,59,MDB,2020,-22.9056391,-47.059564
1120,15100,YANKO GONCALVES MELLO,44,MDB,2020,-22.9056391,-47.059564
1120,17000,APARECIDO SOUZA SANTOS,43,PSL,2020,-22.9056391,-47.059564
1120,17800,JEZIEL SEVERINO DA SILVA,48,PSL,2020,-22.9056391,-47.059564
1120,19555,EDUARDO DOS REIS MAGOGA,45,PODE,2020,-22.9056391,-47.059564
1120,20000,DEBORA DE ANDRADE PALERMO,126,PSC,2020,-22.9056391,-47.059564
1120,20153,ALEXANDRE MORAES DE ALVARENGA RANGEL,35,PSC,2020,-22.9056391,-47.059564
1120,20220,CARMO LUIZ GREGÓRIO DA SILVA,31,PSC,2020,-22.9056391,-47.059564
1120,20345,ISAC MONEGO,39,PSC,2020,-22.9056391,-47.059564
1120,20700,ELCIO BATISTA,278,PSC,2020,-22.9056391,-47.059564
1120,22,Partido Liberal,93,PL,2020,-22.9056391,-47.059564
1120,22,RAFAEL FERNANDO ZIMBALDI,5788,PL,2020,-22.9056391,-47.059564
1120,22000,ALBERTO ALVES DA FONSECA,80,PL,2020,-22.9056391,-47.059564
1120,22111,CAROLINA LOURENÇO DEFILIPPI GONÇALVES,43,PL,2020,-22.9056391,-47.059564
1120,22122,DAIANE PATRICIA DE BARROS BEZERRA,43,PL,2020,-22.9056391,-47.059564
1120,22123,JORGE ROBERTO SCHENEIDER,65,PL,2020,-22.9056391,-47.059564
1120,22222,PAULO SERGIO GALTÉRIO,36,PL,2020,-22.9056391,-47.059564
1120,22333,THELMA ELAINE BRASILEIRO ROBERTI,40,PL,2020,-22.9056391,-47.059564
1120,22789,JUSCELINO DE SOUZA MARTINS,69,PL,2020,-22.9056391,-47.059564
1120,23,ANDRÉ LUIZ DE CAMARGO VON ZUBEN,154,CIDADANIA,2020,-22.9056391,-47.059564
1120,23123,PAULO CESAR HADDAD,42,CIDADANIA,2020,-22.9056391,-47.059564
1120,23456,HENRI MAEDA,40,CIDADANIA,2020,-22.9056391,-47.059564
1120,23500,ROSA CASTELO,30,CIDADANIA,2020,-22.9056391,-47.059564
1120,23923,ANA STELA ALVES DE LIMA,39,CIDADANIA,2020,-22.9056391,-47.059564
1120,25333,EMERSON VETACA,33,DEM,2020,-22.9056391,-47.059564
1120,25777,JORGE RICARDO TEIXEIRA CEZARIO,53,DEM,2020,-22.9056391,-47.059564
1120,28,ROGÉRIO STRACIALANO PARADA,200,PRTB,2020,-22.9056391,-47.059564
1120,30,Partido Novo,67,,2020,-22.9056391,-47.059564
1120,30333,FRANCISCO ASSIS DA CONCEIÇÃO,36,NOVO,2020,-22.9056391,-47.059564
1120,30500,MARIA CRISTINA DE OLIVEIRA,55,NOVO,2020,-22.9056391,-47.059564
1120,30777,JONATHAS DE SIQUEIRA FERREIRA,70,NOVO,2020,-22.9056391,-47.059564
1120,30900,DANIEL BISCOLA PEREIRA,60,NOVO,2020,-22.9056391,-47.059564
1120,30999,PAULO SÉRGIO BARCELLOS GASPAR,57,NOVO,2020,-22.9056391,-47.059564
1120,40000,LUIS MOKITI YABIKU,75,PSB,2020,-22.9056391,-47.059564
1120,40013,JAIRSON VALERIO DOS ANJOS,74,PSB,2020,-22.9056391,-47.059564
1120,40112,FILIPE BATISTA MARCHESI,88,PSB,2020,-22.9056391,-47.059564
1120,40123,GILBERTO CARLOS CARDOSO,54,PSB,2020,-22.9056391,-47.059564
1120,40222,ELIAS HERNANE AZEVEDO,65,PSB,2020,-22.9056391,-47.059564
1120,40345,CLAUDINEI ALMEIDA,34,PSB,2020,-22.9056391,-47.059564
1120,40456,PERMINIO MONTEIRO DA SILVA,129,PSB,2020,-22.9056391,-47.059564
1120,40580,JOSE CARLOS DOS SANTOS,63,PSB,2020,-22.9056391,-47.059564
1120,40677,CID FERREIRA DE SOUZA,77,PSB,2020,-22.9056391,-47.059564
1120,40678,JOSÉ CARLOS SILVA,43,PSB,2020,-22.9056391,-47.059564
1120,40777,ANDRÉ JORGE MARUJO,39,PSB,2020,-22.9056391,-47.059564
1120,40888,AILTON FERNANDES SARMENTO,125,PSB,2020,-22.9056391,-47.059564
1120,40999,GILBERTO MANOEL DE ALMEIDA,59,PSB,2020,-22.9056391,-47.059564
1120,43,ROGERIO MENEZES DE MELLO,143,PV,2020,-22.9056391,-47.059564
1120,43123,LUIZ CARLOS ROSSINI,72,PV,2020,-22.9056391,-47.059564
1120,43300,CARLOS EDUARDO DEPIERI,55,PV,2020,-22.9056391,-47.059564
1120,43430,CARLOS ROBERTO ALVIM,88,PV,2020,-22.9056391,-47.059564
1120,45045,THOMAZ ALCANTARA CAVALLARO,77,PSDB,2020,-22.9056391,-47.059564
1120,45123,GUILHERME DAMASCENO FERNANDES,54,PSDB,2020,-22.9056391,-47.059564
1120,45222,JORGE DOS SANTOS MONTANARI,653,PSDB,2020,-22.9056391,-47.059564
1120,45234,MARCOS JOSÉ BERNARDELLI,108,PSDB,2020,-22.9056391,-47.059564
1120,45600,DANILO RIDYER PALMA,36,PSDB,2020,-22.9056391,-47.059564
1120,45678,LUIZ HENRIQUE CIRILO,66,PSDB,2020,-22.9056391,-47.059564
1120,50,Partido Socialismo e Liberdade,50,,2020,-22.9056391,-47.059564
1120,50000,PAULO ROBERTO BUFALO,129,PSOL,2020,-22.9056391,-47.059564
1120,50001,MARCELA DIAS MOREIRA,68,PSOL,2020,-22.9056391,-47.059564
1120,50100,MARIANA CONTI TAKAHASHI,266,PSOL,2020,-22.9056391,-47.059564
1120,50123,ÉLICE NATALIA BOTELHO,56,PSOL,2020,-22.9056391,-47.059564
1120,50300,LETÍCIA SOUZA MOREIRA BENEVIDES,78,PSOL,2020,-22.9056391,-47.059564
1120,51,WILSON KELLER DE MATOS,360,PATRIOTA,2020,-22.9056391,-47.059564
1120,55,ARTUR CASSEB ORSI,2083,PSD,2020,-22.9056391,-47.059564
1120,55,Partido Social Democrático,76,PSD,2020,-22.9056391,-47.059564
1120,55055,MARCELO DUCHOVNI SILVA,157,PSD,2020,-22.9056391,-47.059564
1120,55150,ISRAEL APARECIDO NASCIMENTO,49,PSD,2020,-22.9056391,-47.059564
1120,55200,MARIANGELA DA COSTA PETTINARI PENNA MAGLIONI,30,PSD,2020,-22.9056391,-47.059564
1120,55555,FLÁVIO MAYNARDES ARAUJO,83,PSD,2020,-22.9056391,-47.059564
1120,55655,NELSON HOSSRI NETO,113,PSD,2020,-22.9056391,-47.059564
1120,55999,VALDOMIRO PINHEIRO DE CAMPOS,38,PSD,2020,-22.9056391,-47.059564
1120,65,ALESSANDRA RIBEIRO MARTINS,276,PC DO B,2020,-22.9056391,-47.059564
1120,65035,ANDREA APARECIDA DE JESUS MENDES,47,PC DO B,2020,-22.9056391,-47.059564
1120,65123,ORESTES AUGUSTO TOLEDO,38,PC DO B,2020,-22.9056391,-47.059564
1120,65656,GUSTAVO LEMOS PETTA,78,PC DO B,2020,-22.9056391,-47.059564
1120,70000,FRANCISCA ROSANA MONTANHER,43,AVANTE,2020,-22.9056391,-47.059564
1120,70030,FELIPE CEZAR MONTEIRO DE SOUZA,64,AVANTE,2020,-22.9056391,-47.059564
1120,77100,JAIR QUINALIA,200,SOLIDARIEDADE,2020,-22.9056391,-47.059564
1120,77111,PASCUAL DANETTI,47,SOLIDARIEDADE,2020,-22.9056391,-47.059564
1120,77890,ANA PAULA DA SILVA LUZ,82,SOLIDARIEDADE,2020,-22.9056391,-47.059564
1120,95,VOTO BRANCO,2718,,2020,-22.9056391,-47.059564
1120,96,VOTO NULO,5791,,2020,-22.9056391,-47.059564
1139,10,DARIO JORGE GIOLO SAADI,12101,REPUBLICANOS,2020,-22.9056391,-47.059564
1139,10,REPUBLICANOS,133,REPUBLICANOS,2020,-22.9056391,-47.059564
1139,10000,PAULO SERGIO CAMPANA,31,REPUBLICANOS,2020,-22.9056391,-47.059564
1139,10010,CLAUDIO CORMANICH,33,REPUBLICANOS,2020,-22.9056391,-47.059564
1139,10122,LUIZ GONZAGA,39,REPUBLICANOS,2020,-22.9056391,-47.059564
1139,10123,FERNANDO CESAR RIBEIRO MENDES,213,REPUBLICANOS,2020,-22.9056391,-47.059564
1139,10156,DORACI CORREIA DE ALMEIDA,31,REPUBLICANOS,2020,-22.9056391,-47.059564
1139,10600,RUBENS EIDE JUNIOR,31,REPUBLICANOS,2020,-22.9056391,-47.059564
1139,11011,WALDIR CUSTÓDIO DE LIMA,31,PP,2020,-22.9056391,-47.059564
1139,11111,JAIME DE SOUZA,76,PP,2020,-22.9056391,-47.059564
1139,11190,ISRAEL NANTES SANTOS,53,PP,2020,-22.9056391,-47.059564
1139,12,HÉLIO DE OLIVEIRA SANTOS,232,,2020,-22.9056391,-47.059564
1139,12,Partido Democrático Trabalhista,55,,2020,-22.9056391,-47.059564
1139,12777,CLAUDIO RISSI,105,PDT,2020,-22.9056391,-47.059564
1139,13,PEDRO TOURINHO DE SIQUEIRA,3414,PT,2020,-22.9056391,-47.059564
1139,13,Partido dos Trabalhadores,293,PT,2020,-22.9056391,-47.059564
1139,13001,SILVIO JOSÉ MARQUES,43,PT,2020,-22.9056391,-47.059564
1139,13020,MARGARIDA DA SILVA CALIXTO,121,PT,2020,-22.9056391,-47.059564
1139,13123,PAOLLA CATHERINE DOS SANTOS MIGUEL AGARD,112,PT,2020,-22.9056391,-47.059564
1139,13138,SOLANGE LOUREIRO POZZUTO,34,PT,2020,-22.9056391,-47.059564
1139,13300,WAGNER DE MELO ROMÃO,114,PT,2020,-22.9056391,-47.059564
1139,13613,CARLOS ROBERTO DE OLIVEIRA,112,PT,2020,-22.9056391,-47.059564
1139,14,Partido Trabalhista Brasileiro,43,PTB,2020,-22.9056391,-47.059564
1139,14,TERESINHA DE CARVALHO,621,PTB,2020,-22.9056391,-47.059564
1139,14013,KATIA STANCATO,40,PTB,2020,-22.9056391,-47.059564
1139,14104,JOEL BORGES SILVA,45,PTB,2020,-22.9056391,-47.059564
1139,14230,MARCO ANTONIO HENRIQUE,250,PTB,2020,-22.9056391,-47.059564
1139,15000,ARNALDO SALVETTI PALÁCIO JUNIOR,153,MDB,2020,-22.9056391,-47.059564
1139,15001,CLAUDINEI BENEDITO PRUDÊNCIO FORTES,31,MDB,2020,-22.9056391,-47.059564
1139,15050,ANDRE LUIS SILVA DE SOUZA,211,MDB,2020,-22.9056391,-47.059564
1139,15100,YANKO GONCALVES MELLO,55,MDB,2020,-22.9056391,-47.059564
1139,15150,PAULO RICARDO  DA CRUZ VITAL,41,MDB,2020,-22.9056391,-47.059564
1139,17000,APARECIDO SOUZA SANTOS,64,PSL,2020,-22.9056391,-47.059564
1139,17200,EDISON RIBEIRO,38,PSL,2020,-22.9056391,-47.059564
1139,17800,JEZIEL SEVERINO DA SILVA,70,PSL,2020,-22.9056391,-47.059564
1139,19000,APARECIDO DE CAMPOS FILHO,30,,2020,-22.9056391,-47.059564
1139,19555,EDUARDO DOS REIS MAGOGA,50,PODE,2020,-22.9056391,-47.059564
1139,19620,MIGUEL ARCANJO MONTEIRO VICENTE,34,PODE,2020,-22.9056391,-47.059564
1139,20000,DEBORA DE ANDRADE PALERMO,524,PSC,2020,-22.9056391,-47.059564
1139,20020,CARLOS EDUARDO CRUZ,49,PSC,2020,-22.9056391,-47.059564
1139,20220,CARMO LUIZ GREGÓRIO DA SILVA,76,PSC,2020,-22.9056391,-47.059564
1139,20222,SEBASTIÃO CARLOS TORRES,127,PSC,2020,-22.9056391,-47.059564
1139,20345,ISAC MONEGO,37,PSC,2020,-22.9056391,-47.059564
1139,20638,ANA PAULA DA SILVA MORAES,62,PSC,2020,-22.9056391,-47.059564
1139,20700,ELCIO BATISTA,233,PSC,2020,-22.9056391,-47.059564
1139,22,Partido Liberal,131,PL,2020,-22.9056391,-47.059564
1139,22,RAFAEL FERNANDO ZIMBALDI,9011,PL,2020,-22.9056391,-47.059564
1139,22000,ALBERTO ALVES DA FONSECA,148,PL,2020,-22.9056391,-47.059564
1139,22019,FELIPE PEREIRA DE CAMPOS VERGUEIRO,73,PL,2020,-22.9056391,-47.059564
1139,22111,CAROLINA LOURENÇO DEFILIPPI GONÇALVES,50,PL,2020,-22.9056391,-47.059564
1139,22122,DAIANE PATRICIA DE BARROS BEZERRA,116,PL,2020,-22.9056391,-47.059564
1139,22123,JORGE ROBERTO SCHENEIDER,40,PL,2020,-22.9056391,-47.059564
1139,22222,PAULO SERGIO GALTÉRIO,104,PL,2020,-22.9056391,-47.059564
1139,22243,ABRAÃO STREY,31,PL,2020,-22.9056391,-47.059564
1139,22333,THELMA ELAINE BRASILEIRO ROBERTI,33,PL,2020,-22.9056391,-47.059564
1139,22567,OTTO ALEJANDRO RIGAZZO ETTINGER,33,PL,2020,-22.9056391,-47.059564
1139,22580,CRISTIANO FORIGATO,30,PL,2020,-22.9056391,-47.059564
1139,22789,JUSCELINO DE SOUZA MARTINS,81,PL,2020,-22.9056391,-47.059564
1139,22999,GASPARINO RAIMUNDO DA SILVA,77,PL,2020,-22.9056391,-47.059564
1139,23,ANDRÉ LUIZ DE CAMARGO VON ZUBEN,243,CIDADANIA,2020,-22.9056391,-47.059564
1139,23026,MARJORIE DA COSTA HENRIQUE RODRIGUES,34,CIDADANIA,2020,-22.9056391,-47.059564
1139,23123,PAULO CESAR HADDAD,78,CIDADANIA,2020,-22.9056391,-47.059564
1139,23222,MARCIO OLIVEIRA SANTOS,40,CIDADANIA,2020,-22.9056391,-47.059564
1139,23456,HENRI MAEDA,47,CIDADANIA,2020,-22.9056391,-47.059564
1139,23923,ANA STELA ALVES DE LIMA,62,CIDADANIA,2020,-22.9056391,-47.059564
1139,25000,RODRIGO LUIS DE BARROS ALMEIDA,45,DEM,2020,-22.9056391,-47.059564
1139,25123,WANDERLEY LUIZ SARTORI,33,DEM,2020,-22.9056391,-47.059564
1139,25333,EMERSON VETACA,43,DEM,2020,-22.9056391,-47.059564
1139,25777,JORGE RICARDO TEIXEIRA CEZARIO,146,DEM,2020,-22.9056391,-47.059564
1139,28,ROGÉRIO STRACIALANO PARADA,237,PRTB,2020,-22.9056391,-47.059564
1139,30,Partido Novo,73,,2020,-22.9056391,-47.059564
1139,30222,MARCIA ANTONIA CIA RIBEIRO SANTOS,31,NOVO,2020,-22.9056391,-47.059564
1139,30333,FRANCISCO ASSIS DA CONCEIÇÃO,35,NOVO,2020,-22.9056391,-47.059564
1139,30500,MARIA CRISTINA DE OLIVEIRA,59,NOVO,2020,-22.9056391,-47.059564
1139,30777,JONATHAS DE SIQUEIRA FERREIRA,95,NOVO,2020,-22.9056391,-47.059564
1139,30900,DANIEL BISCOLA PEREIRA,59,NOVO,2020,-22.9056391,-47.059564
1139,30999,PAULO SÉRGIO BARCELLOS GASPAR,87,NOVO,2020,-22.9056391,-47.059564
1139,40000,LUIS MOKITI YABIKU,73,PSB,2020,-22.9056391,-47.059564
1139,40013,JAIRSON VALERIO DOS ANJOS,188,PSB,2020,-22.9056391,-47.059564
1139,40100,JOSE BATISTA DE CARVALHO FILHO,32,PSB,2020,-22.9056391,-47.059564
1139,40112,FILIPE BATISTA MARCHESI,183,PSB,2020,-22.9056391,-47.059564
1139,40123,GILBERTO CARLOS CARDOSO,177,PSB,2020,-22.9056391,-47.059564
1139,40222,ELIAS HERNANE AZEVEDO,64,PSB,2020,-22.9056391,-47.059564
1139,40345,CLAUDINEI ALMEIDA,70,PSB,2020,-22.9056391,-47.059564
1139,40400,IVONE CRESCENCIO DA SILVA MENDONÇA,48,PSB,2020,-22.9056391,-47.059564
1139,40456,PERMINIO MONTEIRO DA SILVA,157,PSB,2020,-22.9056391,-47.059564
1139,40580,JOSE CARLOS DOS SANTOS,72,PSB,2020,-22.9056391,-47.059564
1139,40677,CID FERREIRA DE SOUZA,62,PSB,2020,-22.9056391,-47.059564
1139,40678,JOSÉ CARLOS SILVA,54,PSB,2020,-22.9056391,-47.059564
1139,40777,ANDRÉ JORGE MARUJO,36,PSB,2020,-22.9056391,-47.059564
1139,40888,AILTON FERNANDES SARMENTO,509,PSB,2020,-22.9056391,-47.059564
1139,40900,JOSE HONORATO DOS SANTOS,55,PSB,2020,-22.9056391,-47.059564
1139,43,Partido Verde,38,PV,2020,-22.9056391,-47.059564
1139,43,ROGERIO MENEZES DE MELLO,288,PV,2020,-22.9056391,-47.059564
1139,43000,VAGNER DOS SANTOS BELLINI,30,PV,2020,-22.9056391,-47.059564
1139,43123,LUIZ CARLOS ROSSINI,94,PV,2020,-22.9056391,-47.059564
1139,43300,CARLOS EDUARDO DEPIERI,182,PV,2020,-22.9056391,-47.059564
1139,43430,CARLOS ROBERTO ALVIM,230,PV,2020,-22.9056391,-47.059564
1139,43867,PEDRO DE CAIRO,58,PV,2020,-22.9056391,-47.059564
1139,45,Partido da Social Democracia Brasileira,40,,2020,-22.9056391,-47.059564
1139,45045,THOMAZ ALCANTARA CAVALLARO,193,PSDB,2020,-22.9056391,-47.059564
1139,45123,GUILHERME DAMASCENO FERNANDES,78,PSDB,2020,-22.9056391,-47.059564
1139,45222,JORGE DOS SANTOS MONTANARI,504,PSDB,2020,-22.9056391,-47.059564
1139,45234,MARCOS JOSÉ BERNARDELLI,163,PSDB,2020,-22.9056391,-47.059564
1139,45678,LUIZ HENRIQUE CIRILO,113,PSDB,2020,-22.9056391,-47.059564
1139,50,Partido Socialismo e Liberdade,59,,2020,-22.9056391,-47.059564
1139,50000,PAULO ROBERTO BUFALO,199,PSOL,2020,-22.9056391,-47.059564
1139,50001,MARCELA DIAS MOREIRA,120,PSOL,2020,-22.9056391,-47.059564
1139,50100,MARIANA CONTI TAKAHASHI,349,PSOL,2020,-22.9056391,-47.059564
1139,50123,ÉLICE NATALIA BOTELHO,133,PSOL,2020,-22.9056391,-47.059564
1139,50222,ROBERTO LUIS STEVENSON PRADO,46,PSOL,2020,-22.9056391,-47.059564
1139,50300,LETÍCIA SOUZA MOREIRA BENEVIDES,118,PSOL,2020,-22.9056391,-47.059564
1139,51,WILSON KELLER DE MATOS,483,PATRIOTA,2020,-22.9056391,-47.059564
1139,55,ARTUR CASSEB ORSI,2945,PSD,2020,-22.9056391,-47.059564
1139,55,Partido Social Democrático,89,PSD,2020,-22.9056391,-47.059564
1139,55055,MARCELO DUCHOVNI SILVA,208,PSD,2020,-22.9056391,-47.059564
1139,55123,ANGELO DINIZ,50,PSD,2020,-22.9056391,-47.059564
1139,55150,ISRAEL APARECIDO NASCIMENTO,113,PSD,2020,-22.9056391,-47.059564
1139,55200,MARIANGELA DA COSTA PETTINARI PENNA MAGLIONI,43,PSD,2020,-22.9056391,-47.059564
1139,55555,FLÁVIO MAYNARDES ARAUJO,105,PSD,2020,-22.9056391,-47.059564
1139,55655,NELSON HOSSRI NETO,159,PSD,2020,-22.9056391,-47.059564
1139,55888,DANILO BOTELHO SANCHES,32,PSD,2020,-22.9056391,-47.059564
1139,55999,VALDOMIRO PINHEIRO DE CAMPOS,39,PSD,2020,-22.9056391,-47.059564
1139,65,ALESSANDRA RIBEIRO MARTINS,416,PC DO B,2020,-22.9056391,-47.059564
1139,65035,ANDREA APARECIDA DE JESUS MENDES,53,PC DO B,2020,-22.9056391,-47.059564
1139,65123,ORESTES AUGUSTO TOLEDO,38,PC DO B,2020,-22.9056391,-47.059564
1139,65656,GUSTAVO LEMOS PETTA,100,PC DO B,2020,-22.9056391,-47.059564
1139,70000,FRANCISCA ROSANA MONTANHER,48,AVANTE,2020,-22.9056391,-47.059564
1139,70030,FELIPE CEZAR MONTEIRO DE SOUZA,99,AVANTE,2020,-22.9056391,-47.059564
1139,70123,VALDEIR LUCCHIARI,38,AVANTE,2020,-22.9056391,-47.059564
1139,70890,MILTON SOARES MUCHIUTTE,43,AVANTE,2020,-22.9056391,-47.059564
1139,77015,ROSIMEIRE DE PAULA ISMÉRIO,36,SOLIDARIEDADE,2020,-22.9056391,-47.059564
1139,77100,JAIR QUINALIA,286,SOLIDARIEDADE,2020,-22.9056391,-47.059564
1139,77111,PASCUAL DANETTI,58,SOLIDARIEDADE,2020,-22.9056391,-47.059564
1139,77733,MARIA JOSE DALLA BERNARDINA,34,SOLIDARIEDADE,2020,-22.9056391,-47.059564
1139,77888,JOSE CARLOS DE JESUS CLARIO,30,SOLIDARIEDADE,2020,-22.9056391,-47.059564
1139,77890,ANA PAULA DA SILVA LUZ,177,SOLIDARIEDADE,2020,-22.9056391,-47.059564
1139,90333,IVANI DOS SANTOS PINHEIRO,66,PROS,2020,-22.9056391,-47.059564
1139,95,VOTO BRANCO,4209,,2020,-22.9056391,-47.059564
1139,96,VOTO NULO,7536,,2020,-22.9056391,-47.059564
1147,10,DARIO JORGE GIOLO SAADI,7464,REPUBLICANOS,2020,-22.9056391,-47.059564
1147,10,REPUBLICANOS,81,REPUBLICANOS,2020,-22.9056391,-47.059564
1147,10010,CLAUDIO CORMANICH,31,REPUBLICANOS,2020,-22.9056391,-47.059564
1147,10123,FERNANDO CESAR RIBEIRO MENDES,170,REPUBLICANOS,2020,-22.9056391,-47.059564
1147,10200,HIGOR DIEGO RALLA,37,REPUBLICANOS,2020,-22.9056391,-47.059564
1147,11111,JAIME DE SOUZA,73,PP,2020,-22.9056391,-47.059564
1147,11190,ISRAEL NANTES SANTOS,51,PP,2020,-22.9056391,-47.059564
1147,12,HÉLIO DE OLIVEIRA SANTOS,125,,2020,-22.9056391,-47.059564
1147,12,Partido Democrático Trabalhista,38,,2020,-22.9056391,-47.059564
1147,13,PEDRO TOURINHO DE SIQUEIRA,1958,PT,2020,-22.9056391,-47.059564
1147,13,Partido dos Trabalhadores,222,PT,2020,-22.9056391,-47.059564
1147,13001,SILVIO JOSÉ MARQUES,35,PT,2020,-22.9056391,-47.059564
1147,13020,MARGARIDA DA SILVA CALIXTO,63,PT,2020,-22.9056391,-47.059564
1147,13123,PAOLLA CATHERINE DOS SANTOS MIGUEL AGARD,46,PT,2020,-22.9056391,-47.059564
1147,13300,WAGNER DE MELO ROMÃO,47,PT,2020,-22.9056391,-47.059564
1147,13613,CARLOS ROBERTO DE OLIVEIRA,52,PT,2020,-22.9056391,-47.059564
1147,14,Partido Trabalhista Brasileiro,42,PTB,2020,-22.9056391,-47.059564
1147,14,TERESINHA DE CARVALHO,441,PTB,2020,-22.9056391,-47.059564
1147,14013,KATIA STANCATO,36,PTB,2020,-22.9056391,-47.059564
1147,14115,PEDRO ANDRE DOS SANTOS,342,PTB,2020,-22.9056391,-47.059564
1147,14230,MARCO ANTONIO HENRIQUE,33,PTB,2020,-22.9056391,-47.059564
1147,15000,ARNALDO SALVETTI PALÁCIO JUNIOR,108,MDB,2020,-22.9056391,-47.059564
1147,15050,ANDRE LUIS SILVA DE SOUZA,107,MDB,2020,-22.9056391,-47.059564
1147,15100,YANKO GONCALVES MELLO,55,MDB,2020,-22.9056391,-47.059564
1147,15156,JOSE TADEU ALVES MOREIRA,32,MDB,2020,-22.9056391,-47.059564
1147,17000,APARECIDO SOUZA SANTOS,34,PSL,2020,-22.9056391,-47.059564
1147,17800,JEZIEL SEVERINO DA SILVA,53,PSL,2020,-22.9056391,-47.059564
1147,19555,EDUARDO DOS REIS MAGOGA,43,PODE,2020,-22.9056391,-47.059564
1147,20000,DEBORA DE ANDRADE PALERMO,129,PSC,2020,-22.9056391,-47.059564
1147,20020,CARLOS EDUARDO CRUZ,40,PSC,2020,-22.9056391,-47.059564
1147,20220,CARMO LUIZ GREGÓRIO DA SILVA,33,PSC,2020,-22.9056391,-47.059564
1147,20345,ISAC MONEGO,99,PSC,2020,-22.9056391,-47.059564
1147,22,Partido Liberal,90,PL,2020,-22.9056391,-47.059564
1147,22,RAFAEL FERNANDO ZIMBALDI,5474,PL,2020,-22.9056391,-47.059564
1147,22000,ALBERTO ALVES DA FONSECA,116,PL,2020,-22.9056391,-47.059564
1147,22111,CAROLINA LOURENÇO DEFILIPPI GONÇALVES,41,PL,2020,-22.9056391,-47.059564
1147,22122,DAIANE PATRICIA DE BARROS BEZERRA,87,PL,2020,-22.9056391,-47.059564
1147,22123,JORGE ROBERTO SCHENEIDER,40,PL,2020,-22.9056391,-47.059564
1147,22222,PAULO SERGIO GALTÉRIO,37,PL,2020,-22.9056391,-47.059564
1147,22567,OTTO ALEJANDRO RIGAZZO ETTINGER,37,PL,2020,-22.9056391,-47.059564
1147,22999,GASPARINO RAIMUNDO DA SILVA,44,PL,2020,-22.9056391,-47.059564
1147,23,ANDRÉ LUIZ DE CAMARGO VON ZUBEN,136,CIDADANIA,2020,-22.9056391,-47.059564
1147,23123,PAULO CESAR HADDAD,46,CIDADANIA,2020,-22.9056391,-47.059564
1147,23456,HENRI MAEDA,33,CIDADANIA,2020,-22.9056391,-47.059564
1147,25000,RODRIGO LUIS DE BARROS ALMEIDA,47,DEM,2020,-22.9056391,-47.059564
1147,28,ROGÉRIO STRACIALANO PARADA,153,PRTB,2020,-22.9056391,-47.059564
1147,30,Partido Novo,86,,2020,-22.9056391,-47.059564
1147,30300,SANDRA HELENA FERNANDES,31,NOVO,2020,-22.9056391,-47.059564
1147,30500,MARIA CRISTINA DE OLIVEIRA,37,NOVO,2020,-22.9056391,-47.059564
1147,30777,JONATHAS DE SIQUEIRA FERREIRA,62,NOVO,2020,-22.9056391,-47.059564
1147,30900,DANIEL BISCOLA PEREIRA,60,NOVO,2020,-22.9056391,-47.059564
1147,30999,PAULO SÉRGIO BARCELLOS GASPAR,83,NOVO,2020,-22.9056391,-47.059564
1147,40000,LUIS MOKITI YABIKU,79,PSB,2020,-22.9056391,-47.059564
1147,40013,JAIRSON VALERIO DOS ANJOS,87,PSB,2020,-22.9056391,-47.059564
1147,40112,FILIPE BATISTA MARCHESI,197,PSB,2020,-22.9056391,-47.059564
1147,40123,GILBERTO CARLOS CARDOSO,38,PSB,2020,-22.9056391,-47.059564
1147,40222,ELIAS HERNANE AZEVEDO,49,PSB,2020,-22.9056391,-47.059564
1147,40345,CLAUDINEI ALMEIDA,36,PSB,2020,-22.9056391,-47.059564
1147,40456,PERMINIO MONTEIRO DA SILVA,101,PSB,2020,-22.9056391,-47.059564
1147,40580,JOSE CARLOS DOS SANTOS,63,PSB,2020,-22.9056391,-47.059564
1147,40677,CID FERREIRA DE SOUZA,36,PSB,2020,-22.9056391,-47.059564
1147,40678,JOSÉ CARLOS SILVA,30,PSB,2020,-22.9056391,-47.059564
1147,40888,AILTON FERNANDES SARMENTO,47,PSB,2020,-22.9056391,-47.059564
1147,40900,JOSE HONORATO DOS SANTOS,61,PSB,2020,-22.9056391,-47.059564
1147,43,ROGERIO MENEZES DE MELLO,154,PV,2020,-22.9056391,-47.059564
1147,43123,LUIZ CARLOS ROSSINI,65,PV,2020,-22.9056391,-47.059564
1147,43300,CARLOS EDUARDO DEPIERI,121,PV,2020,-22.9056391,-47.059564
1147,43430,CARLOS ROBERTO ALVIM,62,PV,2020,-22.9056391,-47.059564
1147,43867,PEDRO DE CAIRO,41,PV,2020,-22.9056391,-47.059564
1147,45,Partido da Social Democracia Brasileira,30,,2020,-22.9056391,-47.059564
1147,45045,THOMAZ ALCANTARA CAVALLARO,250,PSDB,2020,-22.9056391,-47.059564
1147,45123,GUILHERME DAMASCENO FERNANDES,109,PSDB,2020,-22.9056391,-47.059564
1147,45222,JORGE DOS SANTOS MONTANARI,61,PSDB,2020,-22.9056391,-47.059564
1147,45234,MARCOS JOSÉ BERNARDELLI,71,PSDB,2020,-22.9056391,-47.059564
1147,45678,LUIZ HENRIQUE CIRILO,82,PSDB,2020,-22.9056391,-47.059564
1147,50,Partido Socialismo e Liberdade,35,,2020,-22.9056391,-47.059564
1147,50000,PAULO ROBERTO BUFALO,96,PSOL,2020,-22.9056391,-47.059564
1147,50001,MARCELA DIAS MOREIRA,75,PSOL,2020,-22.9056391,-47.059564
1147,50100,MARIANA CONTI TAKAHASHI,221,PSOL,2020,-22.9056391,-47.059564
1147,50123,ÉLICE NATALIA BOTELHO,65,PSOL,2020,-22.9056391,-47.059564
1147,50300,LETÍCIA SOUZA MOREIRA BENEVIDES,43,PSOL,2020,-22.9056391,-47.059564
1147,51,WILSON KELLER DE MATOS,297,PATRIOTA,2020,-22.9056391,-47.059564
1147,55,ARTUR CASSEB ORSI,1919,PSD,2020,-22.9056391,-47.059564
1147,55,Partido Social Democrático,61,PSD,2020,-22.9056391,-47.059564
1147,55055,MARCELO DUCHOVNI SILVA,171,PSD,2020,-22.9056391,-47.059564
1147,55123,ANGELO DINIZ,49,PSD,2020,-22.9056391,-47.059564
1147,55150,ISRAEL APARECIDO NASCIMENTO,30,PSD,2020,-22.9056391,-47.059564
1147,55555,FLÁVIO MAYNARDES ARAUJO,79,PSD,2020,-22.9056391,-47.059564
1147,55655,NELSON HOSSRI NETO,162,PSD,2020,-22.9056391,-47.059564
1147,65,ALESSANDRA RIBEIRO MARTINS,232,PC DO B,2020,-22.9056391,-47.059564
1147,65123,ORESTES AUGUSTO TOLEDO,43,PC DO B,2020,-22.9056391,-47.059564
1147,65656,GUSTAVO LEMOS PETTA,53,PC DO B,2020,-22.9056391,-47.059564
1147,70030,FELIPE CEZAR MONTEIRO DE SOUZA,74,AVANTE,2020,-22.9056391,-47.059564
1147,77100,JAIR QUINALIA,30,SOLIDARIEDADE,2020,-22.9056391,-47.059564
1147,77500,CLAUDINEI APARECIDO DO CARMO,40,SOLIDARIEDADE,2020,-22.9056391,-47.059564
1147,77733,MARIA JOSE DALLA BERNARDINA,37,SOLIDARIEDADE,2020,-22.9056391,-47.059564
1147,77890,ANA PAULA DA SILVA LUZ,72,SOLIDARIEDADE,2020,-22.9056391,-47.059564
1147,95,VOTO BRANCO,2667,,2020,-22.9056391,-47.059564
1147,96,VOTO NULO,5003,,2020,-22.9056391,-47.059564
1155,10,DARIO JORGE GIOLO SAADI,10776,REPUBLICANOS,2020,-22.9056391,-47.059564
1155,10,REPUBLICANOS,106,REPUBLICANOS,2020,-22.9056391,-47.059564
1155,10010,CLAUDIO CORMANICH,30,REPUBLICANOS,2020,-22.9056391,-47.059564
1155,10080,LUIZ FELIPE DE OLIVEIRA THEODORO,37,REPUBLICANOS,2020,-22.9056391,-47.059564
1155,10123,FERNANDO CESAR RIBEIRO MENDES,133,REPUBLICANOS,2020,-22.9056391,-47.059564
1155,10200,HIGOR DIEGO RALLA,782,REPUBLICANOS,2020,-22.9056391,-47.059564
1155,10321,JORDANA DE SOUSA MOURA ARAUJO,33,REPUBLICANOS,2020,-22.9056391,-47.059564
1155,11111,JAIME DE SOUZA,75,PP,2020,-22.9056391,-47.059564
1155,11181,MARCOS ALVES FERREIRA,32,PP,2020,-22.9056391,-47.059564
1155,11190,ISRAEL NANTES SANTOS,46,PP,2020,-22.9056391,-47.059564
1155,12,HÉLIO DE OLIVEIRA SANTOS,454,,2020,-22.9056391,-47.059564
1155,12,Partido Democrático Trabalhista,47,,2020,-22.9056391,-47.059564
1155,13,PEDRO TOURINHO DE SIQUEIRA,2553,PT,2020,-22.9056391,-47.059564
1155,13,Partido dos Trabalhadores,209,PT,2020,-22.9056391,-47.059564
1155,13000,IRANDIR SANTOS DA CONCEIÇÃO,36,PT,2020,-22.9056391,-47.059564
1155,13001,SILVIO JOSÉ MARQUES,32,PT,2020,-22.9056391,-47.059564
1155,13011,CECÍLIO SERAFIM DOS SANTOS,60,PT,2020,-22.9056391,-47.059564
1155,13020,MARGARIDA DA SILVA CALIXTO,88,PT,2020,-22.9056391,-47.059564
1155,13100,LUIZ CARLOS FELICIDADE,70,PT,2020,-22.9056391,-47.059564
1155,13123,PAOLLA CATHERINE DOS SANTOS MIGUEL AGARD,76,PT,2020,-22.9056391,-47.059564
1155,13300,WAGNER DE MELO ROMÃO,40,PT,2020,-22.9056391,-47.059564
1155,13331,VERA LÚCIA RODRIGUES DE FARIA,32,PT,2020,-22.9056391,-47.059564
1155,13613,CARLOS ROBERTO DE OLIVEIRA,50,PT,2020,-22.9056391,-47.059564
1155,14,TERESINHA DE CARVALHO,539,PTB,2020,-22.9056391,-47.059564
1155,14013,KATIA STANCATO,37,PTB,2020,-22.9056391,-47.059564
1155,14115,PEDRO ANDRE DOS SANTOS,352,PTB,2020,-22.9056391,-47.059564
1155,15000,ARNALDO SALVETTI PALÁCIO JUNIOR,98,MDB,2020,-22.9056391,-47.059564
1155,15100,YANKO GONCALVES MELLO,62,MDB,2020,-22.9056391,-47.059564
1155,15271,JOSE CANDIDO DA SILVA,66,MDB,2020,-22.9056391,-47.059564
1155,17000,APARECIDO SOUZA SANTOS,43,PSL,2020,-22.9056391,-47.059564
1155,17200,EDISON RIBEIRO,81,PSL,2020,-22.9056391,-47.059564
1155,17800,JEZIEL SEVERINO DA SILVA,34,PSL,2020,-22.9056391,-47.059564
1155,19000,APARECIDO DE CAMPOS FILHO,36,,2020,-22.9056391,-47.059564
1155,19555,EDUARDO DOS REIS MAGOGA,49,PODE,2020,-22.9056391,-47.059564
1155,20000,DEBORA DE ANDRADE PALERMO,40,PSC,2020,-22.9056391,-47.059564
1155,20020,CARLOS EDUARDO CRUZ,49,PSC,2020,-22.9056391,-47.059564
1155,20123,MAURICELE DA SILVA LOPES,116,PSC,2020,-22.9056391,-47.059564
1155,20220,CARMO LUIZ GREGÓRIO DA SILVA,36,PSC,2020,-22.9056391,-47.059564
1155,20320,CLAUDIO JOSÉ BERNARDES,391,PSC,2020,-22.9056391,-47.059564
1155,20345,ISAC MONEGO,73,PSC,2020,-22.9056391,-47.059564
1155,20456,FABIO CAMILO DE ALMEIDA,54,PSC,2020,-22.9056391,-47.059564
1155,22,Partido Liberal,76,PL,2020,-22.9056391,-47.059564
1155,22,RAFAEL FERNANDO ZIMBALDI,7012,PL,2020,-22.9056391,-47.059564
1155,22000,ALBERTO ALVES DA FONSECA,91,PL,2020,-22.9056391,-47.059564
1155,22006,ALDO ALVES JUNIOR,55,PL,2020,-22.9056391,-47.059564
1155,22019,FELIPE PEREIRA DE CAMPOS VERGUEIRO,177,PL,2020,-22.9056391,-47.059564
1155,22111,CAROLINA LOURENÇO DEFILIPPI GONÇALVES,54,PL,2020,-22.9056391,-47.059564
1155,22123,JORGE ROBERTO SCHENEIDER,33,PL,2020,-22.9056391,-47.059564
1155,22222,PAULO SERGIO GALTÉRIO,43,PL,2020,-22.9056391,-47.059564
1155,22500,MOISES MARQUES DE ABREU,36,PL,2020,-22.9056391,-47.059564
1155,22567,OTTO ALEJANDRO RIGAZZO ETTINGER,60,PL,2020,-22.9056391,-47.059564
1155,22622,EDEVALDO DE MELO,61,PL,2020,-22.9056391,-47.059564
1155,22789,JUSCELINO DE SOUZA MARTINS,39,PL,2020,-22.9056391,-47.059564
1155,23,ANDRÉ LUIZ DE CAMARGO VON ZUBEN,194,CIDADANIA,2020,-22.9056391,-47.059564
1155,23026,MARJORIE DA COSTA HENRIQUE RODRIGUES,33,CIDADANIA,2020,-22.9056391,-47.059564
1155,23123,PAULO CESAR HADDAD,49,CIDADANIA,2020,-22.9056391,-47.059564
1155,23923,ANA STELA ALVES DE LIMA,32,CIDADANIA,2020,-22.9056391,-47.059564
1155,25000,RODRIGO LUIS DE BARROS ALMEIDA,37,DEM,2020,-22.9056391,-47.059564
1155,28,ROGÉRIO STRACIALANO PARADA,183,PRTB,2020,-22.9056391,-47.059564
1155,30,Partido Novo,133,,2020,-22.9056391,-47.059564
1155,30000,ANDRE ROBERTO FREITAS FERREIRA PINTO,44,NOVO,2020,-22.9056391,-47.059564
1155,30007,MARCÉLIO ANDRADE LEÃO,35,NOVO,2020,-22.9056391,-47.059564
1155,30100,ADELSON FONSECA BEZERRA,36,NOVO,2020,-22.9056391,-47.059564
1155,30153,MIRIAM MARIA ANTUNES DE SOUZA,35,NOVO,2020,-22.9056391,-47.059564
1155,30300,SANDRA HELENA FERNANDES,36,NOVO,2020,-22.9056391,-47.059564
1155,30333,FRANCISCO ASSIS DA CONCEIÇÃO,60,NOVO,2020,-22.9056391,-47.059564
1155,30500,MARIA CRISTINA DE OLIVEIRA,71,NOVO,2020,-22.9056391,-47.059564
1155,30777,JONATHAS DE SIQUEIRA FERREIRA,74,NOVO,2020,-22.9056391,-47.059564
1155,30900,DANIEL BISCOLA PEREIRA,68,NOVO,2020,-22.9056391,-47.059564
1155,30999,PAULO SÉRGIO BARCELLOS GASPAR,148,NOVO,2020,-22.9056391,-47.059564
1155,40,Partido Socialista Brasileiro,30,,2020,-22.9056391,-47.059564
1155,40000,LUIS MOKITI YABIKU,107,PSB,2020,-22.9056391,-47.059564
1155,40112,FILIPE BATISTA MARCHESI,1702,PSB,2020,-22.9056391,-47.059564
1155,40123,GILBERTO CARLOS CARDOSO,75,PSB,2020,-22.9056391,-47.059564
1155,40222,ELIAS HERNANE AZEVEDO,38,PSB,2020,-22.9056391,-47.059564
1155,40456,PERMINIO MONTEIRO DA SILVA,81,PSB,2020,-22.9056391,-47.059564
1155,40580,JOSE CARLOS DOS SANTOS,60,PSB,2020,-22.9056391,-47.059564
1155,40677,CID FERREIRA DE SOUZA,49,PSB,2020,-22.9056391,-47.059564
1155,40678,JOSÉ CARLOS SILVA,60,PSB,2020,-22.9056391,-47.059564
1155,40888,AILTON FERNANDES SARMENTO,47,PSB,2020,-22.9056391,-47.059564
1155,40900,JOSE HONORATO DOS SANTOS,36,PSB,2020,-22.9056391,-47.059564
1155,43,ROGERIO MENEZES DE MELLO,172,PV,2020,-22.9056391,-47.059564
1155,43123,LUIZ CARLOS ROSSINI,62,PV,2020,-22.9056391,-47.059564
1155,43430,CARLOS ROBERTO ALVIM,71,PV,2020,-22.9056391,-47.059564
1155,45123,GUILHERME DAMASCENO FERNANDES,135,PSDB,2020,-22.9056391,-47.059564
1155,45192,CRISTIANE APARECIDA DE BRITO,36,PSDB,2020,-22.9056391,-47.059564
1155,45222,JORGE DOS SANTOS MONTANARI,124,PSDB,2020,-22.9056391,-47.059564
1155,45234,MARCOS JOSÉ BERNARDELLI,71,PSDB,2020,-22.9056391,-47.059564
1155,45678,LUIZ HENRIQUE CIRILO,149,PSDB,2020,-22.9056391,-47.059564
1155,50,Partido Socialismo e Liberdade,45,,2020,-22.9056391,-47.059564
1155,50000,PAULO ROBERTO BUFALO,121,PSOL,2020,-22.9056391,-47.059564
1155,50001,MARCELA DIAS MOREIRA,68,PSOL,2020,-22.9056391,-47.059564
1155,50100,MARIANA CONTI TAKAHASHI,286,PSOL,2020,-22.9056391,-47.059564
1155,50123,ÉLICE NATALIA BOTELHO,85,PSOL,2020,-22.9056391,-47.059564
1155,50222,ROBERTO LUIS STEVENSON PRADO,30,PSOL,2020,-22.9056391,-47.059564
1155,50300,LETÍCIA SOUZA MOREIRA BENEVIDES,86,PSOL,2020,-22.9056391,-47.059564
1155,51,WILSON KELLER DE MATOS,471,PATRIOTA,2020,-22.9056391,-47.059564
1155,51153,CLEIR APARECIDO COELHO,47,PATRIOTA,2020,-22.9056391,-47.059564
1155,55,ARTUR CASSEB ORSI,2937,PSD,2020,-22.9056391,-47.059564
1155,55,Partido Social Democrático,72,PSD,2020,-22.9056391,-47.059564
1155,55005,EDUARDO FACTOR,31,PSD,2020,-22.9056391,-47.059564
1155,55055,MARCELO DUCHOVNI SILVA,503,PSD,2020,-22.9056391,-47.059564
1155,55123,ANGELO DINIZ,61,PSD,2020,-22.9056391,-47.059564
1155,55321,LUIS HENRIQUE CARVALHO DA SILVA,54,PSD,2020,-22.9056391,-47.059564
1155,55555,FLÁVIO MAYNARDES ARAUJO,100,PSD,2020,-22.9056391,-47.059564
1155,55655,NELSON HOSSRI NETO,236,PSD,2020,-22.9056391,-47.059564
1155,55888,DANILO BOTELHO SANCHES,30,PSD,2020,-22.9056391,-47.059564
1155,65,ALESSANDRA RIBEIRO MARTINS,297,PC DO B,2020,-22.9056391,-47.059564
1155,65035,ANDREA APARECIDA DE JESUS MENDES,39,PC DO B,2020,-22.9056391,-47.059564
1155,65123,ORESTES AUGUSTO TOLEDO,37,PC DO B,2020,-22.9056391,-47.059564
1155,65656,GUSTAVO LEMOS PETTA,72,PC DO B,2020,-22.9056391,-47.059564
1155,70030,FELIPE CEZAR MONTEIRO DE SOUZA,52,AVANTE,2020,-22.9056391,-47.059564
1155,70070,EMERSON SANTANA PIVATO,37,AVANTE,2020,-22.9056391,-47.059564
1155,70890,MILTON SOARES MUCHIUTTE,33,AVANTE,2020,-22.9056391,-47.059564
1155,77010,PAULO ROBERTO DOS SANTOS VIEIRA,125,SOLIDARIEDADE,2020,-22.9056391,-47.059564
1155,77800,CREBIO DINIZ DE ALMEIDA,31,SOLIDARIEDADE,2020,-22.9056391,-47.059564
1155,95,VOTO BRANCO,3585,,2020,-22.9056391,-47.059564
1155,96,VOTO NULO,6326,,2020,-22.9056391,-47.059564
1163,10,DARIO JORGE GIOLO SAADI,8206,REPUBLICANOS,2020,-22.9056391,-47.059564
1163,10,REPUBLICANOS,108,REPUBLICANOS,2020,-22.9056391,-47.059564
1163,10000,PAULO SERGIO CAMPANA,31,REPUBLICANOS,2020,-22.9056391,-47.059564
1163,10001,EDERSON ROGERIO WULK,31,REPUBLICANOS,2020,-22.9056391,-47.059564
1163,10014,JURANDIR QUIRINO DOS SANTOS,47,REPUBLICANOS,2020,-22.9056391,-47.059564
1163,10123,FERNANDO CESAR RIBEIRO MENDES,219,REPUBLICANOS,2020,-22.9056391,-47.059564
1163,11111,JAIME DE SOUZA,52,PP,2020,-22.9056391,-47.059564
1163,11190,ISRAEL NANTES SANTOS,41,PP,2020,-22.9056391,-47.059564
1163,12,HÉLIO DE OLIVEIRA SANTOS,151,,2020,-22.9056391,-47.059564
1163,13,PEDRO TOURINHO DE SIQUEIRA,2218,PT,2020,-22.9056391,-47.059564
1163,13,Partido dos Trabalhadores,191,PT,2020,-22.9056391,-47.059564
1163,13020,MARGARIDA DA SILVA CALIXTO,71,PT,2020,-22.9056391,-47.059564
1163,13123,PAOLLA CATHERINE DOS SANTOS MIGUEL AGARD,39,PT,2020,-22.9056391,-47.059564
1163,13135,EVELYN SILVA DO NASCIMENTO VICENTE DA SILVA,338,PT,2020,-22.9056391,-47.059564
1163,13333,ALEX PEREIRA BAHIA,103,PT,2020,-22.9056391,-47.059564
1163,13722,DAIANE CRISTINA MENDES,33,PT,2020,-22.9056391,-47.059564
1163,14,TERESINHA DE CARVALHO,337,PTB,2020,-22.9056391,-47.059564
1163,14115,PEDRO ANDRE DOS SANTOS,154,PTB,2020,-22.9056391,-47.059564
1163,15000,ARNALDO SALVETTI PALÁCIO JUNIOR,121,MDB,2020,-22.9056391,-47.059564
1163,15100,YANKO GONCALVES MELLO,34,MDB,2020,-22.9056391,-47.059564
1163,17000,APARECIDO SOUZA SANTOS,134,PSL,2020,-22.9056391,-47.059564
1163,17700,CLAUDIO ROBERTO NAVA,51,PSL,2020,-22.9056391,-47.059564
1163,17716,DIVINO SEBASTIÃO DA SILVA,91,PSL,2020,-22.9056391,-47.059564
1163,17800,JEZIEL SEVERINO DA SILVA,69,PSL,2020,-22.9056391,-47.059564
1163,19555,EDUARDO DOS REIS MAGOGA,38,PODE,2020,-22.9056391,-47.059564
1163,20020,CARLOS EDUARDO CRUZ,63,PSC,2020,-22.9056391,-47.059564
1163,20220,CARMO LUIZ GREGÓRIO DA SILVA,219,PSC,2020,-22.9056391,-47.059564
1163,20345,ISAC MONEGO,48,PSC,2020,-22.9056391,-47.059564
1163,22,Partido Liberal,84,PL,2020,-22.9056391,-47.059564
1163,22,RAFAEL FERNANDO ZIMBALDI,5688,PL,2020,-22.9056391,-47.059564
1163,22000,ALBERTO ALVES DA FONSECA,90,PL,2020,-22.9056391,-47.059564
1163,22123,JORGE ROBERTO SCHENEIDER,42,PL,2020,-22.9056391,-47.059564
1163,22222,PAULO SERGIO GALTÉRIO,42,PL,2020,-22.9056391,-47.059564
1163,23,ANDRÉ LUIZ DE CAMARGO VON ZUBEN,127,CIDADANIA,2020,-22.9056391,-47.059564
1163,23051,MANOEL CORREIA NETO,47,CIDADANIA,2020,-22.9056391,-47.059564
1163,25111,JOSÉ FRANCISCO DA SILVA,140,DEM,2020,-22.9056391,-47.059564
1163,25200,MARCELINO FELISBERTO DA COSTA,37,DEM,2020,-22.9056391,-47.059564
1163,25500,RUBENS SOARES DO NASCIMENTO,186,DEM,2020,-22.9056391,-47.059564
1163,25555,SARA EVANGELISTA SARDINHA,111,DEM,2020,-22.9056391,-47.059564
1163,28,ROGÉRIO STRACIALANO PARADA,145,PRTB,2020,-22.9056391,-47.059564
1163,30,Partido Novo,52,,2020,-22.9056391,-47.059564
1163,30500,MARIA CRISTINA DE OLIVEIRA,41,NOVO,2020,-22.9056391,-47.059564
1163,30777,JONATHAS DE SIQUEIRA FERREIRA,56,NOVO,2020,-22.9056391,-47.059564
1163,30900,DANIEL BISCOLA PEREIRA,33,NOVO,2020,-22.9056391,-47.059564
1163,30999,PAULO SÉRGIO BARCELLOS GASPAR,59,NOVO,2020,-22.9056391,-47.059564
1163,40000,LUIS MOKITI YABIKU,130,PSB,2020,-22.9056391,-47.059564
1163,40013,JAIRSON VALERIO DOS ANJOS,52,PSB,2020,-22.9056391,-47.059564
1163,40040,ADILSON DE SOUZA ROCHA,31,PSB,2020,-22.9056391,-47.059564
1163,40112,FILIPE BATISTA MARCHESI,100,PSB,2020,-22.9056391,-47.059564
1163,40222,ELIAS HERNANE AZEVEDO,40,PSB,2020,-22.9056391,-47.059564
1163,40456,PERMINIO MONTEIRO DA SILVA,182,PSB,2020,-22.9056391,-47.059564
1163,40580,JOSE CARLOS DOS SANTOS,79,PSB,2020,-22.9056391,-47.059564
1163,40677,CID FERREIRA DE SOUZA,56,PSB,2020,-22.9056391,-47.059564
1163,40678,JOSÉ CARLOS SILVA,33,PSB,2020,-22.9056391,-47.059564
1163,40888,AILTON FERNANDES SARMENTO,39,PSB,2020,-22.9056391,-47.059564
1163,40900,JOSE HONORATO DOS SANTOS,730,PSB,2020,-22.9056391,-47.059564
1163,43,ROGERIO MENEZES DE MELLO,97,PV,2020,-22.9056391,-47.059564
1163,43123,LUIZ CARLOS ROSSINI,33,PV,2020,-22.9056391,-47.059564
1163,43333,GIVALDO FERREIRA DE LIMA,53,PV,2020,-22.9056391,-47.059564
1163,45123,GUILHERME DAMASCENO FERNANDES,37,PSDB,2020,-22.9056391,-47.059564
1163,45222,JORGE DOS SANTOS MONTANARI,122,PSDB,2020,-22.9056391,-47.059564
1163,45234,MARCOS JOSÉ BERNARDELLI,40,PSDB,2020,-22.9056391,-47.059564
1163,45678,LUIZ HENRIQUE CIRILO,178,PSDB,2020,-22.9056391,-47.059564
1163,50000,PAULO ROBERTO BUFALO,73,PSOL,2020,-22.9056391,-47.059564
1163,50001,MARCELA DIAS MOREIRA,51,PSOL,2020,-22.9056391,-47.059564
1163,50100,MARIANA CONTI TAKAHASHI,182,PSOL,2020,-22.9056391,-47.059564
1163,50123,ÉLICE NATALIA BOTELHO,37,PSOL,2020,-22.9056391,-47.059564
1163,50300,LETÍCIA SOUZA MOREIRA BENEVIDES,59,PSOL,2020,-22.9056391,-47.059564
1163,51,WILSON KELLER DE MATOS,443,PATRIOTA,2020,-22.9056391,-47.059564
1163,55,ARTUR CASSEB ORSI,1493,PSD,2020,-22.9056391,-47.059564
1163,55,Partido Social Democrático,47,PSD,2020,-22.9056391,-47.059564
1163,55055,MARCELO DUCHOVNI SILVA,72,PSD,2020,-22.9056391,-47.059564
1163,55555,FLÁVIO MAYNARDES ARAUJO,42,PSD,2020,-22.9056391,-47.059564
1163,55655,NELSON HOSSRI NETO,88,PSD,2020,-22.9056391,-47.059564
1163,65,ALESSANDRA RIBEIRO MARTINS,227,PC DO B,2020,-22.9056391,-47.059564
1163,65123,ORESTES AUGUSTO TOLEDO,54,PC DO B,2020,-22.9056391,-47.059564
1163,65656,GUSTAVO LEMOS PETTA,36,PC DO B,2020,-22.9056391,-47.059564
1163,70030,FELIPE CEZAR MONTEIRO DE SOUZA,71,AVANTE,2020,-22.9056391,-47.059564
1163,70800,ELIAS AGOSTINHO,30,,2020,-22.9056391,-47.059564
1163,95,VOTO BRANCO,3276,,2020,-22.9056391,-47.059564
1163,96,VOTO NULO,5321,,2020,-22.9056391,-47.059564
1171,10,DARIO JORGE GIOLO SAADI,8630,REPUBLICANOS,2020,-22.9056391,-47.059564
1171,10,REPUBLICANOS,117,REPUBLICANOS,2020,-22.9056391,-47.059564
1171,10010,CLAUDIO CORMANICH,49,REPUBLICANOS,2020,-22.9056391,-47.059564
1171,10123,FERNANDO CESAR RIBEIRO MENDES,169,REPUBLICANOS,2020,-22.9056391,-47.059564
1171,10200,HIGOR DIEGO RALLA,34,REPUBLICANOS,2020,-22.9056391,-47.059564
1171,11111,JAIME DE SOUZA,56,PP,2020,-22.9056391,-47.059564
1171,11123,DENILSON DO PRADO,46,PP,2020,-22.9056391,-47.059564
1171,11190,ISRAEL NANTES SANTOS,38,PP,2020,-22.9056391,-47.059564
1171,12,HÉLIO DE OLIVEIRA SANTOS,176,,2020,-22.9056391,-47.059564
1171,12,Partido Democrático Trabalhista,36,,2020,-22.9056391,-47.059564
1171,12345,AURELIO JOSE CLAUDIO,30,PDT,2020,-22.9056391,-47.059564
1171,13,PEDRO TOURINHO DE SIQUEIRA,2255,PT,2020,-22.9056391,-47.059564
1171,13,Partido dos Trabalhadores,215,PT,2020,-22.9056391,-47.059564
1171,13020,MARGARIDA DA SILVA CALIXTO,101,PT,2020,-22.9056391,-47.059564
1171,13123,PAOLLA CATHERINE DOS SANTOS MIGUEL AGARD,43,PT,2020,-22.9056391,-47.059564
1171,13135,EVELYN SILVA DO NASCIMENTO VICENTE DA SILVA,80,PT,2020,-22.9056391,-47.059564
1171,13138,SOLANGE LOUREIRO POZZUTO,37,PT,2020,-22.9056391,-47.059564
1171,13300,WAGNER DE MELO ROMÃO,75,PT,2020,-22.9056391,-47.059564
1171,13333,ALEX PEREIRA BAHIA,58,PT,2020,-22.9056391,-47.059564
1171,13613,CARLOS ROBERTO DE OLIVEIRA,62,PT,2020,-22.9056391,-47.059564
1171,14,TERESINHA DE CARVALHO,381,PTB,2020,-22.9056391,-47.059564
1171,14013,KATIA STANCATO,33,PTB,2020,-22.9056391,-47.059564
1171,15000,ARNALDO SALVETTI PALÁCIO JUNIOR,141,MDB,2020,-22.9056391,-47.059564
1171,15100,YANKO GONCALVES MELLO,45,MDB,2020,-22.9056391,-47.059564
1171,15111,INACIO RODRIGUES DA FONSECA,36,MDB,2020,-22.9056391,-47.059564
1171,17000,APARECIDO SOUZA SANTOS,74,PSL,2020,-22.9056391,-47.059564
1171,17123,SEBASTIÃO PEREIRA DOS SANTOS,50,PSL,2020,-22.9056391,-47.059564
1171,17200,EDISON RIBEIRO,75,PSL,2020,-22.9056391,-47.059564
1171,17456,IRDIVAL APARECIDO FREZZATO,51,PSL,2020,-22.9056391,-47.059564
1171,17700,CLAUDIO ROBERTO NAVA,32,PSL,2020,-22.9056391,-47.059564
1171,17800,JEZIEL SEVERINO DA SILVA,37,PSL,2020,-22.9056391,-47.059564
1171,19000,APARECIDO DE CAMPOS FILHO,36,,2020,-22.9056391,-47.059564
1171,19555,EDUARDO DOS REIS MAGOGA,52,PODE,2020,-22.9056391,-47.059564
1171,20000,DEBORA DE ANDRADE PALERMO,31,PSC,2020,-22.9056391,-47.059564
1171,20020,CARLOS EDUARDO CRUZ,36,PSC,2020,-22.9056391,-47.059564
1171,20220,CARMO LUIZ GREGÓRIO DA SILVA,317,PSC,2020,-22.9056391,-47.059564
1171,20300,VALDIR FERREIRA,36,PSC,2020,-22.9056391,-47.059564
1171,20345,ISAC MONEGO,37,PSC,2020,-22.9056391,-47.059564
1171,20720,ALLINE DE OLIVEIRA SANTANA,32,PSC,2020,-22.9056391,-47.059564
1171,22,Partido Liberal,100,PL,2020,-22.9056391,-47.059564
1171,22,RAFAEL FERNANDO ZIMBALDI,5893,PL,2020,-22.9056391,-47.059564
1171,22000,ALBERTO ALVES DA FONSECA,89,PL,2020,-22.9056391,-47.059564
1171,22111,CAROLINA LOURENÇO DEFILIPPI GONÇALVES,64,PL,2020,-22.9056391,-47.059564
1171,22123,JORGE ROBERTO SCHENEIDER,265,PL,2020,-22.9056391,-47.059564
1171,22200,WESLEY ALVARO MONTEIRO AGUIAR,32,PL,2020,-22.9056391,-47.059564
1171,22222,PAULO SERGIO GALTÉRIO,90,PL,2020,-22.9056391,-47.059564
1171,23,ANDRÉ LUIZ DE CAMARGO VON ZUBEN,141,CIDADANIA,2020,-22.9056391,-47.059564
1171,23026,MARJORIE DA COSTA HENRIQUE RODRIGUES,41,CIDADANIA,2020,-22.9056391,-47.059564
1171,23123,PAULO CESAR HADDAD,51,CIDADANIA,2020,-22.9056391,-47.059564
1171,23456,HENRI MAEDA,30,CIDADANIA,2020,-22.9056391,-47.059564
1171,23923,ANA STELA ALVES DE LIMA,33,CIDADANIA,2020,-22.9056391,-47.059564
1171,25000,RODRIGO LUIS DE BARROS ALMEIDA,30,DEM,2020,-22.9056391,-47.059564
1171,25111,JOSÉ FRANCISCO DA SILVA,44,DEM,2020,-22.9056391,-47.059564
1171,25555,SARA EVANGELISTA SARDINHA,140,DEM,2020,-22.9056391,-47.059564
1171,28,ROGÉRIO STRACIALANO PARADA,212,PRTB,2020,-22.9056391,-47.059564
1171,30,Partido Novo,86,,2020,-22.9056391,-47.059564
1171,30007,MARCÉLIO ANDRADE LEÃO,39,NOVO,2020,-22.9056391,-47.059564
1171,30333,FRANCISCO ASSIS DA CONCEIÇÃO,40,NOVO,2020,-22.9056391,-47.059564
1171,30500,MARIA CRISTINA DE OLIVEIRA,38,NOVO,2020,-22.9056391,-47.059564
1171,30777,JONATHAS DE SIQUEIRA FERREIRA,52,NOVO,2020,-22.9056391,-47.059564
1171,30900,DANIEL BISCOLA PEREIRA,59,NOVO,2020,-22.9056391,-47.059564
1171,30999,PAULO SÉRGIO BARCELLOS GASPAR,66,NOVO,2020,-22.9056391,-47.059564
1171,40000,LUIS MOKITI YABIKU,100,PSB,2020,-22.9056391,-47.059564
1171,40040,ADILSON DE SOUZA ROCHA,36,PSB,2020,-22.9056391,-47.059564
1171,40112,FILIPE BATISTA MARCHESI,109,PSB,2020,-22.9056391,-47.059564
1171,40123,GILBERTO CARLOS CARDOSO,33,PSB,2020,-22.9056391,-47.059564
1171,40222,ELIAS HERNANE AZEVEDO,62,PSB,2020,-22.9056391,-47.059564
1171,40345,CLAUDINEI ALMEIDA,31,PSB,2020,-22.9056391,-47.059564
1171,40456,PERMINIO MONTEIRO DA SILVA,101,PSB,2020,-22.9056391,-47.059564
1171,40555,LUIZ FERNANDO MARIANO MATEUS,51,PSB,2020,-22.9056391,-47.059564
1171,40580,JOSE CARLOS DOS SANTOS,58,PSB,2020,-22.9056391,-47.059564
1171,40677,CID FERREIRA DE SOUZA,63,PSB,2020,-22.9056391,-47.059564
1171,40678,JOSÉ CARLOS SILVA,35,PSB,2020,-22.9056391,-47.059564
1171,40888,AILTON FERNANDES SARMENTO,71,PSB,2020,-22.9056391,-47.059564
1171,40900,JOSE HONORATO DOS SANTOS,295,PSB,2020,-22.9056391,-47.059564
1171,43,ROGERIO MENEZES DE MELLO,141,PV,2020,-22.9056391,-47.059564
1171,43123,LUIZ CARLOS ROSSINI,72,PV,2020,-22.9056391,-47.059564
1171,43430,CARLOS ROBERTO ALVIM,51,PV,2020,-22.9056391,-47.059564
1171,45123,GUILHERME DAMASCENO FERNANDES,67,PSDB,2020,-22.9056391,-47.059564
1171,45145,THIAGO LUIZ BALTAZAR,60,,2020,-22.9056391,-47.059564
1171,45222,JORGE DOS SANTOS MONTANARI,32,PSDB,2020,-22.9056391,-47.059564
1171,45234,MARCOS JOSÉ BERNARDELLI,89,PSDB,2020,-22.9056391,-47.059564
1171,45678,LUIZ HENRIQUE CIRILO,124,PSDB,2020,-22.9056391,-47.059564
1171,50,Partido Socialismo e Liberdade,44,,2020,-22.9056391,-47.059564
1171,50000,PAULO ROBERTO BUFALO,126,PSOL,2020,-22.9056391,-47.059564
1171,50001,MARCELA DIAS MOREIRA,58,PSOL,2020,-22.9056391,-47.059564
1171,50100,MARIANA CONTI TAKAHASHI,265,PSOL,2020,-22.9056391,-47.059564
1171,50123,ÉLICE NATALIA BOTELHO,64,PSOL,2020,-22.9056391,-47.059564
1171,50222,ROBERTO LUIS STEVENSON PRADO,34,PSOL,2020,-22.9056391,-47.059564
1171,50300,LETÍCIA SOUZA MOREIRA BENEVIDES,60,PSOL,2020,-22.9056391,-47.059564
1171,51,WILSON KELLER DE MATOS,377,PATRIOTA,2020,-22.9056391,-47.059564
1171,55,ARTUR CASSEB ORSI,2019,PSD,2020,-22.9056391,-47.059564
1171,55,Partido Social Democrático,58,PSD,2020,-22.9056391,-47.059564
1171,55055,MARCELO DUCHOVNI SILVA,167,PSD,2020,-22.9056391,-47.059564
1171,55123,ANGELO DINIZ,55,PSD,2020,-22.9056391,-47.059564
1171,55555,FLÁVIO MAYNARDES ARAUJO,92,PSD,2020,-22.9056391,-47.059564
1171,55655,NELSON HOSSRI NETO,149,PSD,2020,-22.9056391,-47.059564
1171,65,ALESSANDRA RIBEIRO MARTINS,319,PC DO B,2020,-22.9056391,-47.059564
1171,65123,ORESTES AUGUSTO TOLEDO,46,PC DO B,2020,-22.9056391,-47.059564
1171,65656,GUSTAVO LEMOS PETTA,68,PC DO B,2020,-22.9056391,-47.059564
1171,70000,FRANCISCA ROSANA MONTANHER,50,AVANTE,2020,-22.9056391,-47.059564
1171,70030,FELIPE CEZAR MONTEIRO DE SOUZA,89,AVANTE,2020,-22.9056391,-47.059564
1171,77000,RICARDO JOSÉ PEREIRA,40,SOLIDARIEDADE,2020,-22.9056391,-47.059564
1171,77100,JAIR QUINALIA,32,SOLIDARIEDADE,2020,-22.9056391,-47.059564
1171,77767,JULIANO ANTONIO MARÇAL,34,SOLIDARIEDADE,2020,-22.9056391,-47.059564
1171,95,VOTO BRANCO,2895,,2020,-22.9056391,-47.059564
1171,96,VOTO NULO,5595,,2020,-22.9056391,-47.059564
1180,10,DARIO JORGE GIOLO SAADI,9281,REPUBLICANOS,2020,-22.9056391,-47.059564
1180,10,REPUBLICANOS,99,REPUBLICANOS,2020,-22.9056391,-47.059564
1180,10000,PAULO SERGIO CAMPANA,33,REPUBLICANOS,2020,-22.9056391,-47.059564
1180,10010,CLAUDIO CORMANICH,30,REPUBLICANOS,2020,-22.9056391,-47.059564
1180,10080,LUIZ FELIPE DE OLIVEIRA THEODORO,45,REPUBLICANOS,2020,-22.9056391,-47.059564
1180,10123,FERNANDO CESAR RIBEIRO MENDES,134,REPUBLICANOS,2020,-22.9056391,-47.059564
1180,11111,JAIME DE SOUZA,71,PP,2020,-22.9056391,-47.059564
1180,11181,MARCOS ALVES FERREIRA,63,PP,2020,-22.9056391,-47.059564
1180,11190,ISRAEL NANTES SANTOS,60,PP,2020,-22.9056391,-47.059564
1180,11311,ALMIRANTE PEDRO ALVARES CABRAL,33,PP,2020,-22.9056391,-47.059564
1180,11321,ALEXANDRE BARBOSA DA SILVA,42,PP,2020,-22.9056391,-47.059564
1180,12,HÉLIO DE OLIVEIRA SANTOS,117,,2020,-22.9056391,-47.059564
1180,13,PEDRO TOURINHO DE SIQUEIRA,2137,PT,2020,-22.9056391,-47.059564
1180,13,Partido dos Trabalhadores,163,PT,2020,-22.9056391,-47.059564
1180,13001,SILVIO JOSÉ MARQUES,42,PT,2020,-22.9056391,-47.059564
1180,13020,MARGARIDA DA SILVA CALIXTO,92,PT,2020,-22.9056391,-47.059564
1180,13123,PAOLLA CATHERINE DOS SANTOS MIGUEL AGARD,44,PT,2020,-22.9056391,-47.059564
1180,13300,WAGNER DE MELO ROMÃO,91,PT,2020,-22.9056391,-47.059564
1180,13331,VERA LÚCIA RODRIGUES DE FARIA,32,PT,2020,-22.9056391,-47.059564
1180,13613,CARLOS ROBERTO DE OLIVEIRA,61,PT,2020,-22.9056391,-47.059564
1180,14,TERESINHA DE CARVALHO,400,PTB,2020,-22.9056391,-47.059564
1180,14013,KATIA STANCATO,56,PTB,2020,-22.9056391,-47.059564
1180,14182,KARYN JANAINA DO PRADO LIMA,39,PTB,2020,-22.9056391,-47.059564
1180,15000,ARNALDO SALVETTI PALÁCIO JUNIOR,93,MDB,2020,-22.9056391,-47.059564
1180,15100,YANKO GONCALVES MELLO,71,MDB,2020,-22.9056391,-47.059564
1180,17000,APARECIDO SOUZA SANTOS,157,PSL,2020,-22.9056391,-47.059564
1180,17123,SEBASTIÃO PEREIRA DOS SANTOS,32,PSL,2020,-22.9056391,-47.059564
1180,17800,JEZIEL SEVERINO DA SILVA,36,PSL,2020,-22.9056391,-47.059564
1180,19000,APARECIDO DE CAMPOS FILHO,42,,2020,-22.9056391,-47.059564
1180,19555,EDUARDO DOS REIS MAGOGA,48,PODE,2020,-22.9056391,-47.059564
1180,20000,DEBORA DE ANDRADE PALERMO,54,PSC,2020,-22.9056391,-47.059564
1180,20020,CARLOS EDUARDO CRUZ,65,PSC,2020,-22.9056391,-47.059564
1180,20153,ALEXANDRE MORAES DE ALVARENGA RANGEL,33,PSC,2020,-22.9056391,-47.059564
1180,20222,SEBASTIÃO CARLOS TORRES,31,PSC,2020,-22.9056391,-47.059564
1180,22,Partido Liberal,77,PL,2020,-22.9056391,-47.059564
1180,22,RAFAEL FERNANDO ZIMBALDI,5761,PL,2020,-22.9056391,-47.059564
1180,22000,ALBERTO ALVES DA FONSECA,61,PL,2020,-22.9056391,-47.059564
1180,22006,ALDO ALVES JUNIOR,60,PL,2020,-22.9056391,-47.059564
1180,22019,FELIPE PEREIRA DE CAMPOS VERGUEIRO,117,PL,2020,-22.9056391,-47.059564
1180,22111,CAROLINA LOURENÇO DEFILIPPI GONÇALVES,102,PL,2020,-22.9056391,-47.059564
1180,22123,JORGE ROBERTO SCHENEIDER,51,PL,2020,-22.9056391,-47.059564
1180,22211,RAIMUNDO ELIEL NUNES DE LIMA,37,PL,2020,-22.9056391,-47.059564
1180,22222,PAULO SERGIO GALTÉRIO,47,PL,2020,-22.9056391,-47.059564
1180,22369,FERNANDA APARECIDA FIDELIS DE SOUZA,82,PL,2020,-22.9056391,-47.059564
1180,22622,EDEVALDO DE MELO,52,PL,2020,-22.9056391,-47.059564
1180,22777,VALMIR APARECIDO MARÇAL,162,PL,2020,-22.9056391,-47.059564
1180,22889,ELISÂNGELA KELI DELARICA MACHADO DE FARIA,75,PL,2020,-22.9056391,-47.059564
1180,22999,GASPARINO RAIMUNDO DA SILVA,30,PL,2020,-22.9056391,-47.059564
1180,23,ANDRÉ LUIZ DE CAMARGO VON ZUBEN,249,CIDADANIA,2020,-22.9056391,-47.059564
1180,23026,MARJORIE DA COSTA HENRIQUE RODRIGUES,38,CIDADANIA,2020,-22.9056391,-47.059564
1180,23123,PAULO CESAR HADDAD,55,CIDADANIA,2020,-22.9056391,-47.059564
1180,23222,MARCIO OLIVEIRA SANTOS,81,CIDADANIA,2020,-22.9056391,-47.059564
1180,23238,LI LI MIN,46,CIDADANIA,2020,-22.9056391,-47.059564
1180,23456,HENRI MAEDA,59,CIDADANIA,2020,-22.9056391,-47.059564
1180,23923,ANA STELA ALVES DE LIMA,35,CIDADANIA,2020,-22.9056391,-47.059564
1180,28,ROGÉRIO STRACIALANO PARADA,274,PRTB,2020,-22.9056391,-47.059564
1180,28000,JOSE AFONSO DA COSTA BITTENCOURT,41,PRTB,2020,-22.9056391,-47.059564
1180,30,Partido Novo,178,,2020,-22.9056391,-47.059564
1180,30000,ANDRE ROBERTO FREITAS FERREIRA PINTO,111,NOVO,2020,-22.9056391,-47.059564
1180,30007,MARCÉLIO ANDRADE LEÃO,33,NOVO,2020,-22.9056391,-47.059564
1180,30100,ADELSON FONSECA BEZERRA,70,NOVO,2020,-22.9056391,-47.059564
1180,30153,MIRIAM MARIA ANTUNES DE SOUZA,48,NOVO,2020,-22.9056391,-47.059564
1180,30222,MARCIA ANTONIA CIA RIBEIRO SANTOS,36,NOVO,2020,-22.9056391,-47.059564
1180,30300,SANDRA HELENA FERNANDES,57,NOVO,2020,-22.9056391,-47.059564
1180,30333,FRANCISCO ASSIS DA CONCEIÇÃO,89,NOVO,2020,-22.9056391,-47.059564
1180,30500,MARIA CRISTINA DE OLIVEIRA,137,NOVO,2020,-22.9056391,-47.059564
1180,30777,JONATHAS DE SIQUEIRA FERREIRA,77,NOVO,2020,-22.9056391,-47.059564
1180,30900,DANIEL BISCOLA PEREIRA,112,NOVO,2020,-22.9056391,-47.059564
1180,30999,PAULO SÉRGIO BARCELLOS GASPAR,219,NOVO,2020,-22.9056391,-47.059564
1180,40000,LUIS MOKITI YABIKU,132,PSB,2020,-22.9056391,-47.059564
1180,40001,ANDERSON DELBUE GIANETTI,31,PSB,2020,-22.9056391,-47.059564
1180,40013,JAIRSON VALERIO DOS ANJOS,238,PSB,2020,-22.9056391,-47.059564
1180,40100,JOSE BATISTA DE CARVALHO FILHO,35,PSB,2020,-22.9056391,-47.059564
1180,40112,FILIPE BATISTA MARCHESI,85,PSB,2020,-22.9056391,-47.059564
1180,40123,GILBERTO CARLOS CARDOSO,31,PSB,2020,-22.9056391,-47.059564
1180,40220,DOUGLAS MENEZES,34,PSB,2020,-22.9056391,-47.059564
1180,40345,CLAUDINEI ALMEIDA,35,PSB,2020,-22.9056391,-47.059564
1180,40456,PERMINIO MONTEIRO DA SILVA,48,PSB,2020,-22.9056391,-47.059564
1180,40580,JOSE CARLOS DOS SANTOS,183,PSB,2020,-22.9056391,-47.059564
1180,40677,CID FERREIRA DE SOUZA,43,PSB,2020,-22.9056391,-47.059564
1180,40678,JOSÉ CARLOS SILVA,50,PSB,2020,-22.9056391,-47.059564
1180,40888,AILTON FERNANDES SARMENTO,105,PSB,2020,-22.9056391,-47.059564
1180,43,Partido Verde,32,PV,2020,-22.9056391,-47.059564
1180,43,ROGERIO MENEZES DE MELLO,184,PV,2020,-22.9056391,-47.059564
1180,43000,VAGNER DOS SANTOS BELLINI,54,PV,2020,-22.9056391,-47.059564
1180,43013,ROSEMEIRE BENTO DE SOUSA,36,PV,2020,-22.9056391,-47.059564
1180,43123,LUIZ CARLOS ROSSINI,117,PV,2020,-22.9056391,-47.059564
1180,43210,ROGERS FUSSI AVEIRO,30,PV,2020,-22.9056391,-47.059564
1180,43430,CARLOS ROBERTO ALVIM,122,PV,2020,-22.9056391,-47.059564
1180,45,Partido da Social Democracia Brasileira,32,,2020,-22.9056391,-47.059564
1180,45045,THOMAZ ALCANTARA CAVALLARO,40,PSDB,2020,-22.9056391,-47.059564
1180,45123,GUILHERME DAMASCENO FERNANDES,127,PSDB,2020,-22.9056391,-47.059564
1180,45222,JORGE DOS SANTOS MONTANARI,43,PSDB,2020,-22.9056391,-47.059564
1180,45234,MARCOS JOSÉ BERNARDELLI,101,PSDB,2020,-22.9056391,-47.059564
1180,45567,ROBERTO AQUIO SASAKI,42,PSDB,2020,-22.9056391,-47.059564
1180,45678,LUIZ HENRIQUE CIRILO,99,PSDB,2020,-22.9056391,-47.059564
1180,50,Partido Socialismo e Liberdade,54,,2020,-22.9056391,-47.059564
1180,50000,PAULO ROBERTO BUFALO,92,PSOL,2020,-22.9056391,-47.059564
1180,50001,MARCELA DIAS MOREIRA,78,PSOL,2020,-22.9056391,-47.059564
1180,50100,MARIANA CONTI TAKAHASHI,370,PSOL,2020,-22.9056391,-47.059564
1180,50123,ÉLICE NATALIA BOTELHO,96,PSOL,2020,-22.9056391,-47.059564
1180,50300,LETÍCIA SOUZA MOREIRA BENEVIDES,125,PSOL,2020,-22.9056391,-47.059564
1180,51,WILSON KELLER DE MATOS,320,PATRIOTA,2020,-22.9056391,-47.059564
1180,55,ARTUR CASSEB ORSI,3427,PSD,2020,-22.9056391,-47.059564
1180,55,Partido Social Democrático,105,PSD,2020,-22.9056391,-47.059564
1180,55005,EDUARDO FACTOR,51,PSD,2020,-22.9056391,-47.059564
1180,55055,MARCELO DUCHOVNI SILVA,622,PSD,2020,-22.9056391,-47.059564
1180,55123,ANGELO DINIZ,98,PSD,2020,-22.9056391,-47.059564
1180,55234,MARINÊS BARBOSA DA SILVA,49,PSD,2020,-22.9056391,-47.059564
1180,55555,FLÁVIO MAYNARDES ARAUJO,173,PSD,2020,-22.9056391,-47.059564
1180,55655,NELSON HOSSRI NETO,297,PSD,2020,-22.9056391,-47.059564
1180,65,ALESSANDRA RIBEIRO MARTINS,282,PC DO B,2020,-22.9056391,-47.059564
1180,65035,ANDREA APARECIDA DE JESUS MENDES,40,PC DO B,2020,-22.9056391,-47.059564
1180,65123,ORESTES AUGUSTO TOLEDO,35,PC DO B,2020,-22.9056391,-47.059564
1180,65656,GUSTAVO LEMOS PETTA,98,PC DO B,2020,-22.9056391,-47.059564
1180,70030,FELIPE CEZAR MONTEIRO DE SOUZA,66,AVANTE,2020,-22.9056391,-47.059564
1180,77100,JAIR QUINALIA,180,SOLIDARIEDADE,2020,-22.9056391,-47.059564
1180,77211,DORGIVAL JOSE DE LIMA,136,SOLIDARIEDADE,2020,-22.9056391,-47.059564
1180,77800,CREBIO DINIZ DE ALMEIDA,30,SOLIDARIEDADE,2020,-22.9056391,-47.059564
1180,77888,JOSE CARLOS DE JESUS CLARIO,57,SOLIDARIEDADE,2020,-22.9056391,-47.059564
1180,95,VOTO BRANCO,2708,,2020,-22.9056391,-47.059564
1180,96,VOTO NULO,5581,,2020,-22.9056391,-47.059564
1198,10,DARIO JORGE GIOLO SAADI,9999,REPUBLICANOS,2020,-22.9056391,-47.059564
1198,10,REPUBLICANOS,106,REPUBLICANOS,2020,-22.9056391,-47.059564
1198,10000,PAULO SERGIO CAMPANA,39,REPUBLICANOS,2020,-22.9056391,-47.059564
1198,10080,LUIZ FELIPE DE OLIVEIRA THEODORO,33,REPUBLICANOS,2020,-22.9056391,-47.059564
1198,10123,FERNANDO CESAR RIBEIRO MENDES,121,REPUBLICANOS,2020,-22.9056391,-47.059564
1198,10200,HIGOR DIEGO RALLA,189,REPUBLICANOS,2020,-22.9056391,-47.059564
1198,11111,JAIME DE SOUZA,86,PP,2020,-22.9056391,-47.059564
1198,11123,DENILSON DO PRADO,31,PP,2020,-22.9056391,-47.059564
1198,11181,MARCOS ALVES FERREIRA,78,PP,2020,-22.9056391,-47.059564
1198,11190,ISRAEL NANTES SANTOS,56,PP,2020,-22.9056391,-47.059564
1198,11249,NOEMIAS CAMARGO JUNIOR,39,PP,2020,-22.9056391,-47.059564
1198,11311,ALMIRANTE PEDRO ALVARES CABRAL,34,PP,2020,-22.9056391,-47.059564
1198,12,HÉLIO DE OLIVEIRA SANTOS,194,,2020,-22.9056391,-47.059564
1198,12,Partido Democrático Trabalhista,34,,2020,-22.9056391,-47.059564
1198,12345,AURELIO JOSE CLAUDIO,40,PDT,2020,-22.9056391,-47.059564
1198,13,PEDRO TOURINHO DE SIQUEIRA,2782,PT,2020,-22.9056391,-47.059564
1198,13,Partido dos Trabalhadores,211,PT,2020,-22.9056391,-47.059564
1198,13011,CECÍLIO SERAFIM DOS SANTOS,485,PT,2020,-22.9056391,-47.059564
1198,13020,MARGARIDA DA SILVA CALIXTO,114,PT,2020,-22.9056391,-47.059564
1198,13123,PAOLLA CATHERINE DOS SANTOS MIGUEL AGARD,74,PT,2020,-22.9056391,-47.059564
1198,13300,WAGNER DE MELO ROMÃO,70,PT,2020,-22.9056391,-47.059564
1198,13331,VERA LÚCIA RODRIGUES DE FARIA,31,PT,2020,-22.9056391,-47.059564
1198,13613,CARLOS ROBERTO DE OLIVEIRA,59,PT,2020,-22.9056391,-47.059564
1198,14,TERESINHA DE CARVALHO,434,PTB,2020,-22.9056391,-47.059564
1198,14013,KATIA STANCATO,61,PTB,2020,-22.9056391,-47.059564
1198,14014,ANNIBAL MATHIAS FILHO,30,PTB,2020,-22.9056391,-47.059564
1198,14230,MARCO ANTONIO HENRIQUE,56,PTB,2020,-22.9056391,-47.059564
1198,15000,ARNALDO SALVETTI PALÁCIO JUNIOR,91,MDB,2020,-22.9056391,-47.059564
1198,15100,YANKO GONCALVES MELLO,69,MDB,2020,-22.9056391,-47.059564
1198,17000,APARECIDO SOUZA SANTOS,76,PSL,2020,-22.9056391,-47.059564
1198,17123,SEBASTIÃO PEREIRA DOS SANTOS,101,PSL,2020,-22.9056391,-47.059564
1198,17200,EDISON RIBEIRO,112,PSL,2020,-22.9056391,-47.059564
1198,17333,ROSA FERREIRA DA SILVA,59,PSL,2020,-22.9056391,-47.059564
1198,17800,JEZIEL SEVERINO DA SILVA,47,PSL,2020,-22.9056391,-47.059564
1198,19000,APARECIDO DE CAMPOS FILHO,46,,2020,-22.9056391,-47.059564
1198,19555,EDUARDO DOS REIS MAGOGA,57,PODE,2020,-22.9056391,-47.059564
1198,20000,DEBORA DE ANDRADE PALERMO,129,PSC,2020,-22.9056391,-47.059564
1198,20078,CARLOS EDUARDO ZANCHETA,30,PSC,2020,-22.9056391,-47.059564
1198,20123,MAURICELE DA SILVA LOPES,54,PSC,2020,-22.9056391,-47.059564
1198,20153,ALEXANDRE MORAES DE ALVARENGA RANGEL,31,PSC,2020,-22.9056391,-47.059564
1198,22,Partido Liberal,89,PL,2020,-22.9056391,-47.059564
1198,22,RAFAEL FERNANDO ZIMBALDI,7433,PL,2020,-22.9056391,-47.059564
1198,22000,ALBERTO ALVES DA FONSECA,101,PL,2020,-22.9056391,-47.059564
1198,22019,FELIPE PEREIRA DE CAMPOS VERGUEIRO,55,PL,2020,-22.9056391,-47.059564
1198,22038,TULIO AUGUSTO MARTINS SIQUEIRA,41,PL,2020,-22.9056391,-47.059564
1198,22111,CAROLINA LOURENÇO DEFILIPPI GONÇALVES,100,PL,2020,-22.9056391,-47.059564
1198,22123,JORGE ROBERTO SCHENEIDER,489,PL,2020,-22.9056391,-47.059564
1198,22200,WESLEY ALVARO MONTEIRO AGUIAR,37,PL,2020,-22.9056391,-47.059564
1198,22222,PAULO SERGIO GALTÉRIO,49,PL,2020,-22.9056391,-47.059564
1198,22300,JORGE VEIGA JUNIOR,31,PL,2020,-22.9056391,-47.059564
1198,22567,OTTO ALEJANDRO RIGAZZO ETTINGER,34,PL,2020,-22.9056391,-47.059564
1198,22622,EDEVALDO DE MELO,58,PL,2020,-22.9056391,-47.059564
1198,22789,JUSCELINO DE SOUZA MARTINS,34,PL,2020,-22.9056391,-47.059564
1198,23,ANDRÉ LUIZ DE CAMARGO VON ZUBEN,242,CIDADANIA,2020,-22.9056391,-47.059564
1198,23011,ELIAS RODRIGUES BASTOS,32,CIDADANIA,2020,-22.9056391,-47.059564
1198,23026,MARJORIE DA COSTA HENRIQUE RODRIGUES,56,CIDADANIA,2020,-22.9056391,-47.059564
1198,23123,PAULO CESAR HADDAD,62,CIDADANIA,2020,-22.9056391,-47.059564
1198,23238,LI LI MIN,40,CIDADANIA,2020,-22.9056391,-47.059564
1198,23456,HENRI MAEDA,44,CIDADANIA,2020,-22.9056391,-47.059564
1198,23789,ELIAS ALVES DOS SANTOS,39,CIDADANIA,2020,-22.9056391,-47.059564
1198,23923,ANA STELA ALVES DE LIMA,39,CIDADANIA,2020,-22.9056391,-47.059564
1198,25000,RODRIGO LUIS DE BARROS ALMEIDA,40,DEM,2020,-22.9056391,-47.059564
1198,25190,VLADIMIR RIBEIRO,61,DEM,2020,-22.9056391,-47.059564
1198,28,ROGÉRIO STRACIALANO PARADA,274,PRTB,2020,-22.9056391,-47.059564
1198,30,Partido Novo,146,,2020,-22.9056391,-47.059564
1198,30000,ANDRE ROBERTO FREITAS FERREIRA PINTO,57,NOVO,2020,-22.9056391,-47.059564
1198,30007,MARCÉLIO ANDRADE LEÃO,80,NOVO,2020,-22.9056391,-47.059564
1198,30100,ADELSON FONSECA BEZERRA,82,NOVO,2020,-22.9056391,-47.059564
1198,30153,MIRIAM MARIA ANTUNES DE SOUZA,47,NOVO,2020,-22.9056391,-47.059564
1198,30222,MARCIA ANTONIA CIA RIBEIRO SANTOS,40,NOVO,2020,-22.9056391,-47.059564
1198,30300,SANDRA HELENA FERNANDES,45,NOVO,2020,-22.9056391,-47.059564
1198,30333,FRANCISCO ASSIS DA CONCEIÇÃO,73,NOVO,2020,-22.9056391,-47.059564
1198,30500,MARIA CRISTINA DE OLIVEIRA,119,NOVO,2020,-22.9056391,-47.059564
1198,30777,JONATHAS DE SIQUEIRA FERREIRA,75,NOVO,2020,-22.9056391,-47.059564
1198,30900,DANIEL BISCOLA PEREIRA,82,NOVO,2020,-22.9056391,-47.059564
1198,30999,PAULO SÉRGIO BARCELLOS GASPAR,108,NOVO,2020,-22.9056391,-47.059564
1198,40000,LUIS MOKITI YABIKU,119,PSB,2020,-22.9056391,-47.059564
1198,40001,ANDERSON DELBUE GIANETTI,31,PSB,2020,-22.9056391,-47.059564
1198,40019,ALEXANDRE SPENCER RAMPAZO VASCONCELLOS,31,PSB,2020,-22.9056391,-47.059564
1198,40040,ADILSON DE SOUZA ROCHA,32,PSB,2020,-22.9056391,-47.059564
1198,40100,JOSE BATISTA DE CARVALHO FILHO,37,PSB,2020,-22.9056391,-47.059564
1198,40112,FILIPE BATISTA MARCHESI,37,PSB,2020,-22.9056391,-47.059564
1198,40123,GILBERTO CARLOS CARDOSO,91,PSB,2020,-22.9056391,-47.059564
1198,40222,ELIAS HERNANE AZEVEDO,35,PSB,2020,-22.9056391,-47.059564
1198,40345,CLAUDINEI ALMEIDA,35,PSB,2020,-22.9056391,-47.059564
1198,40456,PERMINIO MONTEIRO DA SILVA,50,PSB,2020,-22.9056391,-47.059564
1198,40580,JOSE CARLOS DOS SANTOS,78,PSB,2020,-22.9056391,-47.059564
1198,40677,CID FERREIRA DE SOUZA,47,PSB,2020,-22.9056391,-47.059564
1198,40678,JOSÉ CARLOS SILVA,66,PSB,2020,-22.9056391,-47.059564
1198,40777,ANDRÉ JORGE MARUJO,42,PSB,2020,-22.9056391,-47.059564
1198,40888,AILTON FERNANDES SARMENTO,231,PSB,2020,-22.9056391,-47.059564
1198,43,ROGERIO MENEZES DE MELLO,227,PV,2020,-22.9056391,-47.059564
1198,43000,VAGNER DOS SANTOS BELLINI,40,PV,2020,-22.9056391,-47.059564
1198,43123,LUIZ CARLOS ROSSINI,94,PV,2020,-22.9056391,-47.059564
1198,43190,CARLOS ROBERTO DOS SANTOS,31,PV,2020,-22.9056391,-47.059564
1198,43430,CARLOS ROBERTO ALVIM,144,PV,2020,-22.9056391,-47.059564
1198,43555,LUIZ GUSTAVO MERLO,31,PV,2020,-22.9056391,-47.059564
1198,45,Partido da Social Democracia Brasileira,35,,2020,-22.9056391,-47.059564
1198,45045,THOMAZ ALCANTARA CAVALLARO,56,PSDB,2020,-22.9056391,-47.059564
1198,45123,GUILHERME DAMASCENO FERNANDES,201,PSDB,2020,-22.9056391,-47.059564
1198,45222,JORGE DOS SANTOS MONTANARI,65,PSDB,2020,-22.9056391,-47.059564
1198,45234,MARCOS JOSÉ BERNARDELLI,124,PSDB,2020,-22.9056391,-47.059564
1198,45245,SABRINA TAMARA DO COUTO,31,PSDB,2020,-22.9056391,-47.059564
1198,45567,ROBERTO AQUIO SASAKI,48,PSDB,2020,-22.9056391,-47.059564
1198,45678,LUIZ HENRIQUE CIRILO,109,PSDB,2020,-22.9056391,-47.059564
1198,50,Partido Socialismo e Liberdade,64,,2020,-22.9056391,-47.059564
1198,50000,PAULO ROBERTO BUFALO,135,PSOL,2020,-22.9056391,-47.059564
1198,50001,MARCELA DIAS MOREIRA,70,PSOL,2020,-22.9056391,-47.059564
1198,50100,MARIANA CONTI TAKAHASHI,426,PSOL,2020,-22.9056391,-47.059564
1198,50123,ÉLICE NATALIA BOTELHO,89,PSOL,2020,-22.9056391,-47.059564
1198,50222,ROBERTO LUIS STEVENSON PRADO,44,PSOL,2020,-22.9056391,-47.059564
1198,50300,LETÍCIA SOUZA MOREIRA BENEVIDES,95,PSOL,2020,-22.9056391,-47.059564
1198,51,WILSON KELLER DE MATOS,376,PATRIOTA,2020,-22.9056391,-47.059564
1198,55,ARTUR CASSEB ORSI,2863,PSD,2020,-22.9056391,-47.059564
1198,55,Partido Social Democrático,85,PSD,2020,-22.9056391,-47.059564
1198,55005,EDUARDO FACTOR,31,PSD,2020,-22.9056391,-47.059564
1198,55055,MARCELO DUCHOVNI SILVA,290,PSD,2020,-22.9056391,-47.059564
1198,55123,ANGELO DINIZ,102,PSD,2020,-22.9056391,-47.059564
1198,55200,MARIANGELA DA COSTA PETTINARI PENNA MAGLIONI,33,PSD,2020,-22.9056391,-47.059564
1198,55555,FLÁVIO MAYNARDES ARAUJO,116,PSD,2020,-22.9056391,-47.059564
1198,55655,NELSON HOSSRI NETO,167,PSD,2020,-22.9056391,-47.059564
1198,65,ALESSANDRA RIBEIRO MARTINS,391,PC DO B,2020,-22.9056391,-47.059564
1198,65123,ORESTES AUGUSTO TOLEDO,49,PC DO B,2020,-22.9056391,-47.059564
1198,65656,GUSTAVO LEMOS PETTA,103,PC DO B,2020,-22.9056391,-47.059564
1198,70030,FELIPE CEZAR MONTEIRO DE SOUZA,81,AVANTE,2020,-22.9056391,-47.059564
1198,70100,RAFAEL BRESSANE ALVES,33,AVANTE,2020,-22.9056391,-47.059564
1198,70133,HELIO ALVES MOREIRA,32,AVANTE,2020,-22.9056391,-47.059564
1198,70190,CLODOALDO MAIOLINI FILHO,51,AVANTE,2020,-22.9056391,-47.059564
1198,70890,MILTON SOARES MUCHIUTTE,163,AVANTE,2020,-22.9056391,-47.059564
1198,77000,RICARDO JOSÉ PEREIRA,44,SOLIDARIEDADE,2020,-22.9056391,-47.059564
1198,77088,JOÃO BATISTA DE PAULA,111,SOLIDARIEDADE,2020,-22.9056391,-47.059564
1198,77100,JAIR QUINALIA,32,SOLIDARIEDADE,2020,-22.9056391,-47.059564
1198,77118,CARLOS ANTONIO DE MENDONÇA,36,SOLIDARIEDADE,2020,-22.9056391,-47.059564
1198,77300,MILTON DA SILVA FARIA,74,SOLIDARIEDADE,2020,-22.9056391,-47.059564
1198,95,VOTO BRANCO,3578,,2020,-22.9056391,-47.059564
1198,96,VOTO NULO,6736,,2020,-22.9056391,-47.059564
1201,10,DARIO JORGE GIOLO SAADI,9502,REPUBLICANOS,2020,-22.9056391,-47.059564
1201,10,REPUBLICANOS,106,REPUBLICANOS,2020,-22.9056391,-47.059564
1201,10000,PAULO SERGIO CAMPANA,32,REPUBLICANOS,2020,-22.9056391,-47.059564
1201,10010,CLAUDIO CORMANICH,34,REPUBLICANOS,2020,-22.9056391,-47.059564
1201,10123,FERNANDO CESAR RIBEIRO MENDES,124,REPUBLICANOS,2020,-22.9056391,-47.059564
1201,10200,HIGOR DIEGO RALLA,56,REPUBLICANOS,2020,-22.9056391,-47.059564
1201,10234,JAKSSON LEANDRO LUCIANO GONÇALVES,169,REPUBLICANOS,2020,-22.9056391,-47.059564
1201,10333,NOEMI SILVANA PRATES DE OLIVEIRA,34,REPUBLICANOS,2020,-22.9056391,-47.059564
1201,11111,JAIME DE SOUZA,82,PP,2020,-22.9056391,-47.059564
1201,11190,ISRAEL NANTES SANTOS,71,PP,2020,-22.9056391,-47.059564
1201,12,HÉLIO DE OLIVEIRA SANTOS,157,,2020,-22.9056391,-47.059564
1201,12345,AURELIO JOSE CLAUDIO,55,PDT,2020,-22.9056391,-47.059564
1201,13,PEDRO TOURINHO DE SIQUEIRA,2689,PT,2020,-22.9056391,-47.059564
1201,13,Partido dos Trabalhadores,253,PT,2020,-22.9056391,-47.059564
1201,13001,SILVIO JOSÉ MARQUES,30,PT,2020,-22.9056391,-47.059564
1201,13020,MARGARIDA DA SILVA CALIXTO,141,PT,2020,-22.9056391,-47.059564
1201,13123,PAOLLA CATHERINE DOS SANTOS MIGUEL AGARD,67,PT,2020,-22.9056391,-47.059564
1201,13138,SOLANGE LOUREIRO POZZUTO,30,PT,2020,-22.9056391,-47.059564
1201,13300,WAGNER DE MELO ROMÃO,39,PT,2020,-22.9056391,-47.059564
1201,13331,VERA LÚCIA RODRIGUES DE FARIA,60,PT,2020,-22.9056391,-47.059564
1201,13613,CARLOS ROBERTO DE OLIVEIRA,153,PT,2020,-22.9056391,-47.059564
1201,14,TERESINHA DE CARVALHO,415,PTB,2020,-22.9056391,-47.059564
1201,14013,KATIA STANCATO,31,PTB,2020,-22.9056391,-47.059564
1201,15000,ARNALDO SALVETTI PALÁCIO JUNIOR,120,MDB,2020,-22.9056391,-47.059564
1201,15100,YANKO GONCALVES MELLO,36,MDB,2020,-22.9056391,-47.059564
1201,15500,JOSE PEDRO NUNES,47,MDB,2020,-22.9056391,-47.059564
1201,15800,ALEXANDRE DE OLIVEIRA,32,MDB,2020,-22.9056391,-47.059564
1201,17000,APARECIDO SOUZA SANTOS,451,PSL,2020,-22.9056391,-47.059564
1201,17200,EDISON RIBEIRO,66,PSL,2020,-22.9056391,-47.059564
1201,17500,ORLEANS DE SA ALENCAR,38,PSL,2020,-22.9056391,-47.059564
1201,17800,JEZIEL SEVERINO DA SILVA,61,PSL,2020,-22.9056391,-47.059564
1201,19000,APARECIDO DE CAMPOS FILHO,31,,2020,-22.9056391,-47.059564
1201,19555,EDUARDO DOS REIS MAGOGA,62,PODE,2020,-22.9056391,-47.059564
1201,20020,CARLOS EDUARDO CRUZ,35,PSC,2020,-22.9056391,-47.059564
1201,20120,CLAUDINEY ALONSO,82,PSC,2020,-22.9056391,-47.059564
1201,20153,ALEXANDRE MORAES DE ALVARENGA RANGEL,32,PSC,2020,-22.9056391,-47.059564
1201,20500,JOSÉ CARLOS FURIOSO,34,PSC,2020,-22.9056391,-47.059564
1201,20620,GILBERTO LEÃO DE ARAUJO,31,PSC,2020,-22.9056391,-47.059564
1201,22,Partido Liberal,89,PL,2020,-22.9056391,-47.059564
1201,22,RAFAEL FERNANDO ZIMBALDI,6976,PL,2020,-22.9056391,-47.059564
1201,22000,ALBERTO ALVES DA FONSECA,103,PL,2020,-22.9056391,-47.059564
1201,22111,CAROLINA LOURENÇO DEFILIPPI GONÇALVES,40,PL,2020,-22.9056391,-47.059564
1201,22123,JORGE ROBERTO SCHENEIDER,42,PL,2020,-22.9056391,-47.059564
1201,22200,WESLEY ALVARO MONTEIRO AGUIAR,35,PL,2020,-22.9056391,-47.059564
1201,22222,PAULO SERGIO GALTÉRIO,43,PL,2020,-22.9056391,-47.059564
1201,22243,ABRAÃO STREY,55,PL,2020,-22.9056391,-47.059564
1201,22369,FERNANDA APARECIDA FIDELIS DE SOUZA,67,PL,2020,-22.9056391,-47.059564
1201,22500,MOISES MARQUES DE ABREU,30,PL,2020,-22.9056391,-47.059564
1201,22567,OTTO ALEJANDRO RIGAZZO ETTINGER,75,PL,2020,-22.9056391,-47.059564
1201,22789,JUSCELINO DE SOUZA MARTINS,37,PL,2020,-22.9056391,-47.059564
1201,22889,ELISÂNGELA KELI DELARICA MACHADO DE FARIA,34,PL,2020,-22.9056391,-47.059564
1201,22999,GASPARINO RAIMUNDO DA SILVA,36,PL,2020,-22.9056391,-47.059564
1201,23,ANDRÉ LUIZ DE CAMARGO VON ZUBEN,159,CIDADANIA,2020,-22.9056391,-47.059564
1201,23123,PAULO CESAR HADDAD,31,CIDADANIA,2020,-22.9056391,-47.059564
1201,23456,HENRI MAEDA,30,CIDADANIA,2020,-22.9056391,-47.059564
1201,25000,RODRIGO LUIS DE BARROS ALMEIDA,205,DEM,2020,-22.9056391,-47.059564
1201,25777,JORGE RICARDO TEIXEIRA CEZARIO,46,DEM,2020,-22.9056391,-47.059564
1201,28,ROGÉRIO STRACIALANO PARADA,170,PRTB,2020,-22.9056391,-47.059564
1201,30,Partido Novo,90,,2020,-22.9056391,-47.059564
1201,30500,MARIA CRISTINA DE OLIVEIRA,36,NOVO,2020,-22.9056391,-47.059564
1201,30777,JONATHAS DE SIQUEIRA FERREIRA,81,NOVO,2020,-22.9056391,-47.059564
1201,30900,DANIEL BISCOLA PEREIRA,49,NOVO,2020,-22.9056391,-47.059564
1201,30999,PAULO SÉRGIO BARCELLOS GASPAR,67,NOVO,2020,-22.9056391,-47.059564
1201,40000,LUIS MOKITI YABIKU,74,PSB,2020,-22.9056391,-47.059564
1201,40013,JAIRSON VALERIO DOS ANJOS,35,PSB,2020,-22.9056391,-47.059564
1201,40112,FILIPE BATISTA MARCHESI,47,PSB,2020,-22.9056391,-47.059564
1201,40123,GILBERTO CARLOS CARDOSO,57,PSB,2020,-22.9056391,-47.059564
1201,40222,ELIAS HERNANE AZEVEDO,59,PSB,2020,-22.9056391,-47.059564
1201,40345,CLAUDINEI ALMEIDA,58,PSB,2020,-22.9056391,-47.059564
1201,40456,PERMINIO MONTEIRO DA SILVA,77,PSB,2020,-22.9056391,-47.059564
1201,40580,JOSE CARLOS DOS SANTOS,149,PSB,2020,-22.9056391,-47.059564
1201,40677,CID FERREIRA DE SOUZA,40,PSB,2020,-22.9056391,-47.059564
1201,40678,JOSÉ CARLOS SILVA,32,PSB,2020,-22.9056391,-47.059564
1201,40777,ANDRÉ JORGE MARUJO,38,PSB,2020,-22.9056391,-47.059564
1201,40888,AILTON FERNANDES SARMENTO,563,PSB,2020,-22.9056391,-47.059564
1201,43,Partido Verde,31,PV,2020,-22.9056391,-47.059564
1201,43,ROGERIO MENEZES DE MELLO,150,PV,2020,-22.9056391,-47.059564
1201,43123,LUIZ CARLOS ROSSINI,72,PV,2020,-22.9056391,-47.059564
1201,43210,ROGERS FUSSI AVEIRO,51,PV,2020,-22.9056391,-47.059564
1201,43333,GIVALDO FERREIRA DE LIMA,78,PV,2020,-22.9056391,-47.059564
1201,43430,CARLOS ROBERTO ALVIM,48,PV,2020,-22.9056391,-47.059564
1201,45045,THOMAZ ALCANTARA CAVALLARO,47,PSDB,2020,-22.9056391,-47.059564
1201,45123,GUILHERME DAMASCENO FERNANDES,73,PSDB,2020,-22.9056391,-47.059564
1201,45222,JORGE DOS SANTOS MONTANARI,43,PSDB,2020,-22.9056391,-47.059564
1201,45234,MARCOS JOSÉ BERNARDELLI,81,PSDB,2020,-22.9056391,-47.059564
1201,45387,HELENICE DE FATIMA SOUZA ALMEIDA,48,PSDB,2020,-22.9056391,-47.059564
1201,45600,DANILO RIDYER PALMA,49,PSDB,2020,-22.9056391,-47.059564
1201,45678,LUIZ HENRIQUE CIRILO,143,PSDB,2020,-22.9056391,-47.059564
1201,50,Partido Socialismo e Liberdade,35,,2020,-22.9056391,-47.059564
1201,50000,PAULO ROBERTO BUFALO,135,PSOL,2020,-22.9056391,-47.059564
1201,50001,MARCELA DIAS MOREIRA,80,PSOL,2020,-22.9056391,-47.059564
1201,50100,MARIANA CONTI TAKAHASHI,291,PSOL,2020,-22.9056391,-47.059564
1201,50123,ÉLICE NATALIA BOTELHO,56,PSOL,2020,-22.9056391,-47.059564
1201,50300,LETÍCIA SOUZA MOREIRA BENEVIDES,47,PSOL,2020,-22.9056391,-47.059564
1201,51,WILSON KELLER DE MATOS,411,PATRIOTA,2020,-22.9056391,-47.059564
1201,51051,JOÃO ADELINO ROCHA,58,PATRIOTA,2020,-22.9056391,-47.059564
1201,55,ARTUR CASSEB ORSI,2372,PSD,2020,-22.9056391,-47.059564
1201,55,Partido Social Democrático,64,PSD,2020,-22.9056391,-47.059564
1201,55055,MARCELO DUCHOVNI SILVA,229,PSD,2020,-22.9056391,-47.059564
1201,55123,ANGELO DINIZ,50,PSD,2020,-22.9056391,-47.059564
1201,55555,FLÁVIO MAYNARDES ARAUJO,108,PSD,2020,-22.9056391,-47.059564
1201,55655,NELSON HOSSRI NETO,130,PSD,2020,-22.9056391,-47.059564
1201,65,ALESSANDRA RIBEIRO MARTINS,331,PC DO B,2020,-22.9056391,-47.059564
1201,65123,ORESTES AUGUSTO TOLEDO,38,PC DO B,2020,-22.9056391,-47.059564
1201,65565,PAULO SERGIO PEREIRA DA SILVA,44,PC DO B,2020,-22.9056391,-47.059564
1201,65656,GUSTAVO LEMOS PETTA,92,PC DO B,2020,-22.9056391,-47.059564
1201,70000,FRANCISCA ROSANA MONTANHER,71,AVANTE,2020,-22.9056391,-47.059564
1201,70030,FELIPE CEZAR MONTEIRO DE SOUZA,59,AVANTE,2020,-22.9056391,-47.059564
1201,70070,EMERSON SANTANA PIVATO,32,AVANTE,2020,-22.9056391,-47.059564
1201,70100,RAFAEL BRESSANE ALVES,30,AVANTE,2020,-22.9056391,-47.059564
1201,70123,VALDEIR LUCCHIARI,61,AVANTE,2020,-22.9056391,-47.059564
1201,70133,HELIO ALVES MOREIRA,41,AVANTE,2020,-22.9056391,-47.059564
1201,70555,MARCELO VITAL,52,AVANTE,2020,-22.9056391,-47.059564
1201,70890,MILTON SOARES MUCHIUTTE,62,AVANTE,2020,-22.9056391,-47.059564
1201,77007,CLOVIS DE AZEVEDO NETO,60,SOLIDARIEDADE,2020,-22.9056391,-47.059564
1201,77100,JAIR QUINALIA,48,SOLIDARIEDADE,2020,-22.9056391,-47.059564
1201,77211,DORGIVAL JOSE DE LIMA,38,SOLIDARIEDADE,2020,-22.9056391,-47.059564
1201,77300,MILTON DA SILVA FARIA,118,SOLIDARIEDADE,2020,-22.9056391,-47.059564
1201,77500,CLAUDINEI APARECIDO DO CARMO,36,SOLIDARIEDADE,2020,-22.9056391,-47.059564
1201,77800,CREBIO DINIZ DE ALMEIDA,31,SOLIDARIEDADE,2020,-22.9056391,-47.059564
1201,77990,VALERIA RUSSO DA SILVA,36,SOLIDARIEDADE,2020,-22.9056391,-47.059564
1201,95,VOTO BRANCO,3320,,2020,-22.9056391,-47.059564
1201,96,VOTO NULO,6803,,2020,-22.9056391,-47.059564
1210,10,DARIO JORGE GIOLO SAADI,3435,REPUBLICANOS,2020,-22.9056391,-47.059564
1210,10,REPUBLICANOS,52,REPUBLICANOS,2020,-22.9056391,-47.059564
1210,10123,FERNANDO CESAR RIBEIRO MENDES,86,REPUBLICANOS,2020,-22.9056391,-47.059564
1210,10200,HIGOR DIEGO RALLA,198,REPUBLICANOS,2020,-22.9056391,-47.059564
1210,12,HÉLIO DE OLIVEIRA SANTOS,133,,2020,-22.9056391,-47.059564
1210,13,PEDRO TOURINHO DE SIQUEIRA,1066,PT,2020,-22.9056391,-47.059564
1210,13,Partido dos Trabalhadores,80,PT,2020,-22.9056391,-47.059564
1210,13011,CECÍLIO SERAFIM DOS SANTOS,87,PT,2020,-22.9056391,-47.059564
1210,13123,PAOLLA CATHERINE DOS SANTOS MIGUEL AGARD,34,PT,2020,-22.9056391,-47.059564
1210,13613,CARLOS ROBERTO DE OLIVEIRA,44,PT,2020,-22.9056391,-47.059564
1210,14,TERESINHA DE CARVALHO,135,PTB,2020,-22.9056391,-47.059564
1210,15456,LUCINEA APARECIDA DA SILVA,445,MDB,2020,-22.9056391,-47.059564
1210,15800,ALEXANDRE DE OLIVEIRA,37,MDB,2020,-22.9056391,-47.059564
1210,17000,APARECIDO SOUZA SANTOS,183,PSL,2020,-22.9056391,-47.059564
1210,17200,EDISON RIBEIRO,112,PSL,2020,-22.9056391,-47.059564
1210,19466,SEBASTIÃO ROQUE RODRIGUES,42,PODE,2020,-22.9056391,-47.059564
1210,19555,EDUARDO DOS REIS MAGOGA,55,PODE,2020,-22.9056391,-47.059564
1210,20123,MAURICELE DA SILVA LOPES,46,PSC,2020,-22.9056391,-47.059564
1210,22,Partido Liberal,54,PL,2020,-22.9056391,-47.059564
1210,22,RAFAEL FERNANDO ZIMBALDI,3253,PL,2020,-22.9056391,-47.059564
1210,22000,ALBERTO ALVES DA FONSECA,56,PL,2020,-22.9056391,-47.059564
1210,23,ANDRÉ LUIZ DE CAMARGO VON ZUBEN,49,CIDADANIA,2020,-22.9056391,-47.059564
1210,25030,ITAMAR MARTINS CAMPOY,64,DEM,2020,-22.9056391,-47.059564
1210,40013,JAIRSON VALERIO DOS ANJOS,107,PSB,2020,-22.9056391,-47.059564
1210,40123,GILBERTO CARLOS CARDOSO,36,PSB,2020,-22.9056391,-47.059564
1210,40222,ELIAS HERNANE AZEVEDO,30,PSB,2020,-22.9056391,-47.059564
1210,40456,PERMINIO MONTEIRO DA SILVA,31,PSB,2020,-22.9056391,-47.059564
1210,43,ROGERIO MENEZES DE MELLO,103,PV,2020,-22.9056391,-47.059564
1210,43190,CARLOS ROBERTO DOS SANTOS,52,PV,2020,-22.9056391,-47.059564
1210,43210,ROGERS FUSSI AVEIRO,35,PV,2020,-22.9056391,-47.059564
1210,43300,CARLOS EDUARDO DEPIERI,55,PV,2020,-22.9056391,-47.059564
1210,43333,GIVALDO FERREIRA DE LIMA,188,PV,2020,-22.9056391,-47.059564
1210,45678,LUIZ HENRIQUE CIRILO,57,PSDB,2020,-22.9056391,-47.059564
1210,50100,MARIANA CONTI TAKAHASHI,37,PSOL,2020,-22.9056391,-47.059564
1210,50150,JOSE LITO DA SILVA NASCIMENTO,38,PSOL,2020,-22.9056391,-47.059564
1210,51,WILSON KELLER DE MATOS,173,PATRIOTA,2020,-22.9056391,-47.059564
1210,55,ARTUR CASSEB ORSI,508,PSD,2020,-22.9056391,-47.059564
1210,55555,FLÁVIO MAYNARDES ARAUJO,31,PSD,2020,-22.9056391,-47.059564
1210,65,ALESSANDRA RIBEIRO MARTINS,78,PC DO B,2020,-22.9056391,-47.059564
1210,70133,HELIO ALVES MOREIRA,40,AVANTE,2020,-22.9056391,-47.059564
1210,70789,RAIMUNDO MIRANDA DOS SANTOS FILHO,39,AVANTE,2020,-22.9056391,-47.059564
1210,77088,JOÃO BATISTA DE PAULA,342,SOLIDARIEDADE,2020,-22.9056391,-47.059564
1210,77808,BENEDITO ROBERTO DE BARRETTO,76,SOLIDARIEDADE,2020,-22.9056391,-47.059564
1210,95,VOTO BRANCO,1411,,2020,-22.9056391,-47.059564
1210,96,VOTO NULO,2389,,2020,-22.9056391,-47.059564
1228,10,DARIO JORGE GIOLO SAADI,1516,REPUBLICANOS,2020,-22.9056391,-47.059564
1228,10123,FERNANDO CESAR RIBEIRO MENDES,38,REPUBLICANOS,2020,-22.9056391,-47.059564
1228,10200,HIGOR DIEGO RALLA,381,REPUBLICANOS,2020,-22.9056391,-47.059564
1228,10555,FLAUBERT DE ARAUJO,32,REPUBLICANOS,2020,-22.9056391,-47.059564
1228,12,HÉLIO DE OLIVEIRA SANTOS,137,,2020,-22.9056391,-47.059564
1228,13,PEDRO TOURINHO DE SIQUEIRA,464,PT,2020,-22.9056391,-47.059564
1228,13,Partido dos Trabalhadores,34,PT,2020,-22.9056391,-47.059564
1228,14,TERESINHA DE CARVALHO,82,PTB,2020,-22.9056391,-47.059564
1228,17200,EDISON RIBEIRO,33,PSL,2020,-22.9056391,-47.059564
1228,19200,PAULINO DE CAMPOS,33,PODE,2020,-22.9056391,-47.059564
1228,20000,DEBORA DE ANDRADE PALERMO,53,PSC,2020,-22.9056391,-47.059564
1228,20123,MAURICELE DA SILVA LOPES,44,PSC,2020,-22.9056391,-47.059564
1228,22,RAFAEL FERNANDO ZIMBALDI,1356,PL,2020,-22.9056391,-47.059564
1228,30999,PAULO SÉRGIO BARCELLOS GASPAR,31,NOVO,2020,-22.9056391,-47.059564
1228,40112,FILIPE BATISTA MARCHESI,53,PSB,2020,-22.9056391,-47.059564
1228,40123,GILBERTO CARLOS CARDOSO,35,PSB,2020,-22.9056391,-47.059564
1228,43,ROGERIO MENEZES DE MELLO,36,PV,2020,-22.9056391,-47.059564
1228,45045,THOMAZ ALCANTARA CAVALLARO,31,PSDB,2020,-22.9056391,-47.059564
1228,50100,MARIANA CONTI TAKAHASHI,50,PSOL,2020,-22.9056391,-47.059564
1228,51,WILSON KELLER DE MATOS,71,PATRIOTA,2020,-22.9056391,-47.059564
1228,55,ARTUR CASSEB ORSI,346,PSD,2020,-22.9056391,-47.059564
1228,55055,MARCELO DUCHOVNI SILVA,40,PSD,2020,-22.9056391,-47.059564
1228,65,ALESSANDRA RIBEIRO MARTINS,44,PC DO B,2020,-22.9056391,-47.059564
1228,95,VOTO BRANCO,582,,2020,-22.9056391,-47.059564
1228,96,VOTO NULO,833,,2020,-22.9056391,-47.059564
1236,10,DARIO JORGE GIOLO SAADI,3981,REPUBLICANOS,2020,-22.9056391,-47.059564
1236,10,REPUBLICANOS,37,REPUBLICANOS,2020,-22.9056391,-47.059564
1236,10123,FERNANDO CESAR RIBEIRO MENDES,74,REPUBLICANOS,2020,-22.9056391,-47.059564
1236,10200,HIGOR DIEGO RALLA,33,REPUBLICANOS,2020,-22.9056391,-47.059564
1236,11123,DENILSON DO PRADO,31,PP,2020,-22.9056391,-47.059564
1236,12,HÉLIO DE OLIVEIRA SANTOS,77,,2020,-22.9056391,-47.059564
1236,12345,AURELIO JOSE CLAUDIO,65,PDT,2020,-22.9056391,-47.059564
1236,13,PEDRO TOURINHO DE SIQUEIRA,928,PT,2020,-22.9056391,-47.059564
1236,13,Partido dos Trabalhadores,85,PT,2020,-22.9056391,-47.059564
1236,13020,MARGARIDA DA SILVA CALIXTO,60,PT,2020,-22.9056391,-47.059564
1236,13060,WALCY DE OLIVEIRA,41,PT,2020,-22.9056391,-47.059564
1236,13300,WAGNER DE MELO ROMÃO,30,PT,2020,-22.9056391,-47.059564
1236,14,TERESINHA DE CARVALHO,191,PTB,2020,-22.9056391,-47.059564
1236,15000,ARNALDO SALVETTI PALÁCIO JUNIOR,43,MDB,2020,-22.9056391,-47.059564
1236,17000,APARECIDO SOUZA SANTOS,56,PSL,2020,-22.9056391,-47.059564
1236,17200,EDISON RIBEIRO,31,PSL,2020,-22.9056391,-47.059564
1236,19999,RUBENS BRASILINO ROCHA,57,PODE,2020,-22.9056391,-47.059564
1236,20000,DEBORA DE ANDRADE PALERMO,39,PSC,2020,-22.9056391,-47.059564
1236,20222,SEBASTIÃO CARLOS TORRES,39,PSC,2020,-22.9056391,-47.059564
1236,22,Partido Liberal,43,PL,2020,-22.9056391,-47.059564
1236,22,RAFAEL FERNANDO ZIMBALDI,2625,PL,2020,-22.9056391,-47.059564
1236,22000,ALBERTO ALVES DA FONSECA,36,PL,2020,-22.9056391,-47.059564
1236,22111,CAROLINA LOURENÇO DEFILIPPI GONÇALVES,33,PL,2020,-22.9056391,-47.059564
1236,22123,JORGE ROBERTO SCHENEIDER,43,PL,2020,-22.9056391,-47.059564
1236,23,ANDRÉ LUIZ DE CAMARGO VON ZUBEN,94,CIDADANIA,2020,-22.9056391,-47.059564
1236,23123,PAULO CESAR HADDAD,37,CIDADANIA,2020,-22.9056391,-47.059564
1236,28,ROGÉRIO STRACIALANO PARADA,75,PRTB,2020,-22.9056391,-47.059564
1236,30,Partido Novo,55,,2020,-22.9056391,-47.059564
1236,30500,MARIA CRISTINA DE OLIVEIRA,48,NOVO,2020,-22.9056391,-47.059564
1236,30777,JONATHAS DE SIQUEIRA FERREIRA,46,NOVO,2020,-22.9056391,-47.059564
1236,30900,DANIEL BISCOLA PEREIRA,39,NOVO,2020,-22.9056391,-47.059564
1236,30999,PAULO SÉRGIO BARCELLOS GASPAR,62,NOVO,2020,-22.9056391,-47.059564
1236,40000,LUIS MOKITI YABIKU,44,PSB,2020,-22.9056391,-47.059564
1236,40580,JOSE CARLOS DOS SANTOS,42,PSB,2020,-22.9056391,-47.059564
1236,40677,CID FERREIRA DE SOUZA,43,PSB,2020,-22.9056391,-47.059564
1236,40678,JOSÉ CARLOS SILVA,31,PSB,2020,-22.9056391,-47.059564
1236,43,ROGERIO MENEZES DE MELLO,67,PV,2020,-22.9056391,-47.059564
1236,43430,CARLOS ROBERTO ALVIM,40,PV,2020,-22.9056391,-47.059564
1236,45123,GUILHERME DAMASCENO FERNANDES,33,PSDB,2020,-22.9056391,-47.059564
1236,45234,MARCOS JOSÉ BERNARDELLI,59,PSDB,2020,-22.9056391,-47.059564
1236,45678,LUIZ HENRIQUE CIRILO,86,PSDB,2020,-22.9056391,-47.059564
1236,45888,JOÃO DE FREITAS PATRICIO NETO,48,PSDB,2020,-22.9056391,-47.059564
1236,50,Partido Socialismo e Liberdade,31,,2020,-22.9056391,-47.059564
1236,50000,PAULO ROBERTO BUFALO,42,PSOL,2020,-22.9056391,-47.059564
1236,50001,MARCELA DIAS MOREIRA,30,PSOL,2020,-22.9056391,-47.059564
1236,50100,MARIANA CONTI TAKAHASHI,116,PSOL,2020,-22.9056391,-47.059564
1236,50123,ÉLICE NATALIA BOTELHO,30,PSOL,2020,-22.9056391,-47.059564
1236,51,WILSON KELLER DE MATOS,160,PATRIOTA,2020,-22.9056391,-47.059564
1236,55,ARTUR CASSEB ORSI,1228,PSD,2020,-22.9056391,-47.059564
1236,55,Partido Social Democrático,32,PSD,2020,-22.9056391,-47.059564
1236,55055,MARCELO DUCHOVNI SILVA,125,PSD,2020,-22.9056391,-47.059564
1236,55123,ANGELO DINIZ,32,PSD,2020,-22.9056391,-47.059564
1236,55555,FLÁVIO MAYNARDES ARAUJO,40,PSD,2020,-22.9056391,-47.059564
1236,55655,NELSON HOSSRI NETO,62,PSD,2020,-22.9056391,-47.059564
1236,65,ALESSANDRA RIBEIRO MARTINS,148,PC DO B,2020,-22.9056391,-47.059564
1236,65222,ADRIANO APARECIDO ELIAS DA SILVA,50,PC DO B,2020,-22.9056391,-47.059564
1236,70030,FELIPE CEZAR MONTEIRO DE SOUZA,39,AVANTE,2020,-22.9056391,-47.059564
1236,70655,JOSÉ WILSON DANTAS,44,AVANTE,2020,-22.9056391,-47.059564
1236,70890,MILTON SOARES MUCHIUTTE,38,AVANTE,2020,-22.9056391,-47.059564
1236,95,VOTO BRANCO,1371,,2020,-22.9056391,-47.059564
1236,96,VOTO NULO,2558,,2020,-22.9056391,-47.059564
1244,10,DARIO JORGE GIOLO SAADI,4987,REPUBLICANOS,2020,-22.9056391,-47.059564
1244,10,REPUBLICANOS,55,REPUBLICANOS,2020,-22.9056391,-47.059564
1244,10123,FERNANDO CESAR RIBEIRO MENDES,98,REPUBLICANOS,2020,-22.9056391,-47.059564
1244,10200,HIGOR DIEGO RALLA,37,REPUBLICANOS,2020,-22.9056391,-47.059564
1244,11111,JAIME DE SOUZA,33,PP,2020,-22.9056391,-47.059564
1244,11190,ISRAEL NANTES SANTOS,32,PP,2020,-22.9056391,-47.059564
1244,12,HÉLIO DE OLIVEIRA SANTOS,140,,2020,-22.9056391,-47.059564
1244,13,PEDRO TOURINHO DE SIQUEIRA,1279,PT,2020,-22.9056391,-47.059564
1244,13,Partido dos Trabalhadores,116,PT,2020,-22.9056391,-47.059564
1244,13020,MARGARIDA DA SILVA CALIXTO,37,PT,2020,-22.9056391,-47.059564
1244,13123,PAOLLA CATHERINE DOS SANTOS MIGUEL AGARD,42,PT,2020,-22.9056391,-47.059564
1244,13331,VERA LÚCIA RODRIGUES DE FARIA,32,PT,2020,-22.9056391,-47.059564
1244,14,TERESINHA DE CARVALHO,185,PTB,2020,-22.9056391,-47.059564
1244,15000,ARNALDO SALVETTI PALÁCIO JUNIOR,34,MDB,2020,-22.9056391,-47.059564
1244,15700,PEDRO AGOSTINHO BERNARDO DE OLIVEIRA,85,MDB,2020,-22.9056391,-47.059564
1244,15755,ERIVELTO SOUZA DE MORAES,113,MDB,2020,-22.9056391,-47.059564
1244,15789,JOSE CARLOS DO NASCIMENTO OLIVEIRA,51,MDB,2020,-22.9056391,-47.059564
1244,17000,APARECIDO SOUZA SANTOS,74,PSL,2020,-22.9056391,-47.059564
1244,20120,CLAUDINEY ALONSO,32,PSC,2020,-22.9056391,-47.059564
1244,20620,GILBERTO LEÃO DE ARAUJO,45,PSC,2020,-22.9056391,-47.059564
1244,22,Partido Liberal,84,PL,2020,-22.9056391,-47.059564
1244,22,RAFAEL FERNANDO ZIMBALDI,4537,PL,2020,-22.9056391,-47.059564
1244,22000,ALBERTO ALVES DA FONSECA,57,PL,2020,-22.9056391,-47.059564
1244,22020,LENILDO FRANCISCO DA SILVA,71,PL,2020,-22.9056391,-47.059564
1244,22567,OTTO ALEJANDRO RIGAZZO ETTINGER,42,PL,2020,-22.9056391,-47.059564
1244,22700,PAULA DA SILVA RAMOS,52,PL,2020,-22.9056391,-47.059564
1244,22789,JUSCELINO DE SOUZA MARTINS,502,PL,2020,-22.9056391,-47.059564
1244,22999,GASPARINO RAIMUNDO DA SILVA,37,PL,2020,-22.9056391,-47.059564
1244,23,ANDRÉ LUIZ DE CAMARGO VON ZUBEN,67,CIDADANIA,2020,-22.9056391,-47.059564
1244,25000,RODRIGO LUIS DE BARROS ALMEIDA,33,DEM,2020,-22.9056391,-47.059564
1244,25999,MARCONE JOSÉ DE LIMA,417,DEM,2020,-22.9056391,-47.059564
1244,28,ROGÉRIO STRACIALANO PARADA,57,PRTB,2020,-22.9056391,-47.059564
1244,30777,JONATHAS DE SIQUEIRA FERREIRA,37,NOVO,2020,-22.9056391,-47.059564
1244,30999,PAULO SÉRGIO BARCELLOS GASPAR,30,NOVO,2020,-22.9056391,-47.059564
1244,40000,LUIS MOKITI YABIKU,39,PSB,2020,-22.9056391,-47.059564
1244,40110,ARMINDO LIMA DE ALMEIDA,79,PSB,2020,-22.9056391,-47.059564
1244,40112,FILIPE BATISTA MARCHESI,33,PSB,2020,-22.9056391,-47.059564
1244,40222,ELIAS HERNANE AZEVEDO,34,PSB,2020,-22.9056391,-47.059564
1244,40555,LUIZ FERNANDO MARIANO MATEUS,161,PSB,2020,-22.9056391,-47.059564
1244,40580,JOSE CARLOS DOS SANTOS,75,PSB,2020,-22.9056391,-47.059564
1244,43,ROGERIO MENEZES DE MELLO,43,PV,2020,-22.9056391,-47.059564
1244,45234,MARCOS JOSÉ BERNARDELLI,36,PSDB,2020,-22.9056391,-47.059564
1244,45678,LUIZ HENRIQUE CIRILO,60,PSDB,2020,-22.9056391,-47.059564
1244,50100,MARIANA CONTI TAKAHASHI,118,PSOL,2020,-22.9056391,-47.059564
1244,51,WILSON KELLER DE MATOS,248,PATRIOTA,2020,-22.9056391,-47.059564
1244,55,ARTUR CASSEB ORSI,912,PSD,2020,-22.9056391,-47.059564
1244,55055,MARCELO DUCHOVNI SILVA,55,PSD,2020,-22.9056391,-47.059564
1244,55655,NELSON HOSSRI NETO,39,PSD,2020,-22.9056391,-47.059564
1244,65,ALESSANDRA RIBEIRO MARTINS,135,PC DO B,2020,-22.9056391,-47.059564
1244,70030,FELIPE CEZAR MONTEIRO DE SOUZA,31,AVANTE,2020,-22.9056391,-47.059564
1244,70555,MARCELO VITAL,74,AVANTE,2020,-22.9056391,-47.059564
1244,70777,ANTONIO GONZALEZ DOS SANTOS,189,AVANTE,2020,-22.9056391,-47.059564
1244,77100,JAIR QUINALIA,150,SOLIDARIEDADE,2020,-22.9056391,-47.059564
1244,77123,CLODOALDO MISTURA,119,SOLIDARIEDADE,2020,-22.9056391,-47.059564
1244,77456,SILVIO CESAR SOUZA,104,SOLIDARIEDADE,2020,-22.9056391,-47.059564
1244,95,VOTO BRANCO,2076,,2020,-22.9056391,-47.059564
1244,96,VOTO NULO,3585,,2020,-22.9056391,-47.059564
1252,10,DARIO JORGE GIOLO SAADI,3806,REPUBLICANOS,2020,-22.9056391,-47.059564
1252,10,REPUBLICANOS,39,REPUBLICANOS,2020,-22.9056391,-47.059564
1252,10123,FERNANDO CESAR RIBEIRO MENDES,56,REPUBLICANOS,2020,-22.9056391,-47.059564
1252,10200,HIGOR DIEGO RALLA,105,REPUBLICANOS,2020,-22.9056391,-47.059564
1252,11190,ISRAEL NANTES SANTOS,30,PP,2020,-22.9056391,-47.059564
1252,12,HÉLIO DE OLIVEIRA SANTOS,131,,2020,-22.9056391,-47.059564
1252,13,PEDRO TOURINHO DE SIQUEIRA,1145,PT,2020,-22.9056391,-47.059564
1252,13,Partido dos Trabalhadores,120,PT,2020,-22.9056391,-47.059564
1252,13011,CECÍLIO SERAFIM DOS SANTOS,42,PT,2020,-22.9056391,-47.059564
1252,13020,MARGARIDA DA SILVA CALIXTO,34,PT,2020,-22.9056391,-47.059564
1252,13456,ROSEMIRO APARECIDO FERREIRA,33,PT,2020,-22.9056391,-47.059564
1252,13613,CARLOS ROBERTO DE OLIVEIRA,30,PT,2020,-22.9056391,-47.059564
1252,14,TERESINHA DE CARVALHO,154,PTB,2020,-22.9056391,-47.059564
1252,17000,APARECIDO SOUZA SANTOS,35,PSL,2020,-22.9056391,-47.059564
1252,17007,DAVID DOS SANTOS GOMES,31,PSL,2020,-22.9056391,-47.059564
1252,17117,CLEMENTE JOSE CAPUCHINHO,43,PSL,2020,-22.9056391,-47.059564
1252,17200,EDISON RIBEIRO,594,PSL,2020,-22.9056391,-47.059564
1252,17500,ORLEANS DE SA ALENCAR,43,PSL,2020,-22.9056391,-47.059564
1252,17800,JEZIEL SEVERINO DA SILVA,30,PSL,2020,-22.9056391,-47.059564
1252,20620,GILBERTO LEÃO DE ARAUJO,63,PSC,2020,-22.9056391,-47.059564
1252,22,Partido Liberal,74,PL,2020,-22.9056391,-47.059564
1252,22,RAFAEL FERNANDO ZIMBALDI,4718,PL,2020,-22.9056391,-47.059564
1252,22000,ALBERTO ALVES DA FONSECA,73,PL,2020,-22.9056391,-47.059564
1252,22123,JORGE ROBERTO SCHENEIDER,54,PL,2020,-22.9056391,-47.059564
1252,22222,PAULO SERGIO GALTÉRIO,45,PL,2020,-22.9056391,-47.059564
1252,22243,ABRAÃO STREY,31,PL,2020,-22.9056391,-47.059564
1252,22500,MOISES MARQUES DE ABREU,32,PL,2020,-22.9056391,-47.059564
1252,22567,OTTO ALEJANDRO RIGAZZO ETTINGER,111,PL,2020,-22.9056391,-47.059564
1252,22999,GASPARINO RAIMUNDO DA SILVA,81,PL,2020,-22.9056391,-47.059564
1252,23,ANDRÉ LUIZ DE CAMARGO VON ZUBEN,37,CIDADANIA,2020,-22.9056391,-47.059564
1252,25000,RODRIGO LUIS DE BARROS ALMEIDA,351,DEM,2020,-22.9056391,-47.059564
1252,30777,JONATHAS DE SIQUEIRA FERREIRA,39,NOVO,2020,-22.9056391,-47.059564
1252,40110,ARMINDO LIMA DE ALMEIDA,37,PSB,2020,-22.9056391,-47.059564
1252,40112,FILIPE BATISTA MARCHESI,34,PSB,2020,-22.9056391,-47.059564
1252,40123,GILBERTO CARLOS CARDOSO,44,PSB,2020,-22.9056391,-47.059564
1252,40222,ELIAS HERNANE AZEVEDO,37,PSB,2020,-22.9056391,-47.059564
1252,40580,JOSE CARLOS DOS SANTOS,69,PSB,2020,-22.9056391,-47.059564
1252,43,ROGERIO MENEZES DE MELLO,48,PV,2020,-22.9056391,-47.059564
1252,45016,CRISTIANO OLIVEIRA DA SILVA,31,PSDB,2020,-22.9056391,-47.059564
1252,45200,ADENILTON FELIPE DOS SANTOS,137,PSDB,2020,-22.9056391,-47.059564
1252,50050,JOSÉ APARECIDO RODRIGUES DE SOUZA,34,PSOL,2020,-22.9056391,-47.059564
1252,50100,MARIANA CONTI TAKAHASHI,78,PSOL,2020,-22.9056391,-47.059564
1252,50123,ÉLICE NATALIA BOTELHO,34,PSOL,2020,-22.9056391,-47.059564
1252,51,WILSON KELLER DE MATOS,208,PATRIOTA,2020,-22.9056391,-47.059564
1252,55,ARTUR CASSEB ORSI,664,PSD,2020,-22.9056391,-47.059564
1252,55655,NELSON HOSSRI NETO,36,PSD,2020,-22.9056391,-47.059564
1252,55678,ABIATA JOSE DE LIMA,34,PSD,2020,-22.9056391,-47.059564
1252,65,ALESSANDRA RIBEIRO MARTINS,121,PC DO B,2020,-22.9056391,-47.059564
1252,65656,GUSTAVO LEMOS PETTA,39,PC DO B,2020,-22.9056391,-47.059564
1252,70133,HELIO ALVES MOREIRA,33,AVANTE,2020,-22.9056391,-47.059564
1252,70170,ELIZABETH RUIZ DA SILVA,39,AVANTE,2020,-22.9056391,-47.059564
1252,70234,NOEL CORDEIRO TEIXEIRA,44,AVANTE,2020,-22.9056391,-47.059564
1252,70456,AGENOR JOSÉ DOS SANTOS,63,AVANTE,2020,-22.9056391,-47.059564
1252,70555,MARCELO VITAL,89,AVANTE,2020,-22.9056391,-47.059564
1252,77118,CARLOS ANTONIO DE MENDONÇA,32,SOLIDARIEDADE,2020,-22.9056391,-47.059564
1252,77676,ADRIANO APARECIDO DA SILVA,50,SOLIDARIEDADE,2020,-22.9056391,-47.059564
1252,95,VOTO BRANCO,1677,,2020,-22.9056391,-47.059564
1252,96,VOTO NULO,2706,,2020,-22.9056391,-47.059564
1260,10,DARIO JORGE GIOLO SAADI,3404,REPUBLICANOS,2020,-22.9056391,-47.059564
1260,10123,FERNANDO CESAR RIBEIRO MENDES,55,REPUBLICANOS,2020,-22.9056391,-47.059564
1260,11190,ISRAEL NANTES SANTOS,38,PP,2020,-22.9056391,-47.059564
1260,12,HÉLIO DE OLIVEIRA SANTOS,67,,2020,-22.9056391,-47.059564
1260,13,PEDRO TOURINHO DE SIQUEIRA,781,PT,2020,-22.9056391,-47.059564
1260,13,Partido dos Trabalhadores,59,PT,2020,-22.9056391,-47.059564
1260,14,TERESINHA DE CARVALHO,126,PTB,2020,-22.9056391,-47.059564
1260,15000,ARNALDO SALVETTI PALÁCIO JUNIOR,40,MDB,2020,-22.9056391,-47.059564
1260,15755,ERIVELTO SOUZA DE MORAES,45,MDB,2020,-22.9056391,-47.059564
1260,17500,ORLEANS DE SA ALENCAR,134,PSL,2020,-22.9056391,-47.059564
1260,20500,JOSÉ CARLOS FURIOSO,41,PSC,2020,-22.9056391,-47.059564
1260,22,Partido Liberal,54,PL,2020,-22.9056391,-47.059564
1260,22,RAFAEL FERNANDO ZIMBALDI,3053,PL,2020,-22.9056391,-47.059564
1260,22000,ALBERTO ALVES DA FONSECA,54,PL,2020,-22.9056391,-47.059564
1260,22300,JORGE VEIGA JUNIOR,61,PL,2020,-22.9056391,-47.059564
1260,22567,OTTO ALEJANDRO RIGAZZO ETTINGER,71,PL,2020,-22.9056391,-47.059564
1260,22700,PAULA DA SILVA RAMOS,45,PL,2020,-22.9056391,-47.059564
1260,22789,JUSCELINO DE SOUZA MARTINS,543,PL,2020,-22.9056391,-47.059564
1260,23,ANDRÉ LUIZ DE CAMARGO VON ZUBEN,46,CIDADANIA,2020,-22.9056391,-47.059564
1260,23456,HENRI MAEDA,59,CIDADANIA,2020,-22.9056391,-47.059564
1260,25000,RODRIGO LUIS DE BARROS ALMEIDA,129,DEM,2020,-22.9056391,-47.059564
1260,28,ROGÉRIO STRACIALANO PARADA,74,PRTB,2020,-22.9056391,-47.059564
1260,40000,LUIS MOKITI YABIKU,30,PSB,2020,-22.9056391,-47.059564
1260,40222,ELIAS HERNANE AZEVEDO,46,PSB,2020,-22.9056391,-47.059564
1260,40678,JOSÉ CARLOS SILVA,32,PSB,2020,-22.9056391,-47.059564
1260,43,ROGERIO MENEZES DE MELLO,39,PV,2020,-22.9056391,-47.059564
1260,50100,MARIANA CONTI TAKAHASHI,71,PSOL,2020,-22.9056391,-47.059564
1260,51,WILSON KELLER DE MATOS,166,PATRIOTA,2020,-22.9056391,-47.059564
1260,55,ARTUR CASSEB ORSI,680,PSD,2020,-22.9056391,-47.059564
1260,55055,MARCELO DUCHOVNI SILVA,32,PSD,2020,-22.9056391,-47.059564
1260,65,ALESSANDRA RIBEIRO MARTINS,102,PC DO B,2020,-22.9056391,-47.059564
1260,65656,GUSTAVO LEMOS PETTA,87,PC DO B,2020,-22.9056391,-47.059564
1260,77100,JAIR QUINALIA,532,SOLIDARIEDADE,2020,-22.9056391,-47.059564
1260,95,VOTO BRANCO,1230,,2020,-22.9056391,-47.059564
1260,96,VOTO NULO,2330,,2020,-22.9056391,-47.059564
1279,10,DARIO JORGE GIOLO SAADI,5814,REPUBLICANOS,2020,-22.9056391,-47.059564
1279,10,REPUBLICANOS,74,REPUBLICANOS,2020,-22.9056391,-47.059564
1279,10123,FERNANDO CESAR RIBEIRO MENDES,93,REPUBLICANOS,2020,-22.9056391,-47.059564
1279,10200,HIGOR DIEGO RALLA,61,REPUBLICANOS,2020,-22.9056391,-47.059564
1279,11111,JAIME DE SOUZA,43,PP,2020,-22.9056391,-47.059564
1279,11181,MARCOS ALVES FERREIRA,38,PP,2020,-22.9056391,-47.059564
1279,11190,ISRAEL NANTES SANTOS,50,PP,2020,-22.9056391,-47.059564
1279,12,HÉLIO DE OLIVEIRA SANTOS,115,,2020,-22.9056391,-47.059564
1279,13,PEDRO TOURINHO DE SIQUEIRA,1413,PT,2020,-22.9056391,-47.059564
1279,13,Partido dos Trabalhadores,110,PT,2020,-22.9056391,-47.059564
1279,13011,CECÍLIO SERAFIM DOS SANTOS,32,PT,2020,-22.9056391,-47.059564
1279,13020,MARGARIDA DA SILVA CALIXTO,57,PT,2020,-22.9056391,-47.059564
1279,13123,PAOLLA CATHERINE DOS SANTOS MIGUEL AGARD,37,PT,2020,-22.9056391,-47.059564
1279,13300,WAGNER DE MELO ROMÃO,36,PT,2020,-22.9056391,-47.059564
1279,13613,CARLOS ROBERTO DE OLIVEIRA,36,PT,2020,-22.9056391,-47.059564
1279,14,TERESINHA DE CARVALHO,258,PTB,2020,-22.9056391,-47.059564
1279,15000,ARNALDO SALVETTI PALÁCIO JUNIOR,63,MDB,2020,-22.9056391,-47.059564
1279,15100,YANKO GONCALVES MELLO,41,MDB,2020,-22.9056391,-47.059564
1279,15135,CLAUDIO LUIZ MORAES,45,MDB,2020,-22.9056391,-47.059564
1279,17117,CLEMENTE JOSE CAPUCHINHO,37,PSL,2020,-22.9056391,-47.059564
1279,17200,EDISON RIBEIRO,175,PSL,2020,-22.9056391,-47.059564
1279,17500,ORLEANS DE SA ALENCAR,39,PSL,2020,-22.9056391,-47.059564
1279,17800,JEZIEL SEVERINO DA SILVA,33,PSL,2020,-22.9056391,-47.059564
1279,19555,EDUARDO DOS REIS MAGOGA,33,PODE,2020,-22.9056391,-47.059564
1279,20153,ALEXANDRE MORAES DE ALVARENGA RANGEL,38,PSC,2020,-22.9056391,-47.059564
1279,22,Partido Liberal,75,PL,2020,-22.9056391,-47.059564
1279,22,RAFAEL FERNANDO ZIMBALDI,4562,PL,2020,-22.9056391,-47.059564
1279,22000,ALBERTO ALVES DA FONSECA,56,PL,2020,-22.9056391,-47.059564
1279,22019,FELIPE PEREIRA DE CAMPOS VERGUEIRO,48,PL,2020,-22.9056391,-47.059564
1279,22111,CAROLINA LOURENÇO DEFILIPPI GONÇALVES,37,PL,2020,-22.9056391,-47.059564
1279,22123,JORGE ROBERTO SCHENEIDER,46,PL,2020,-22.9056391,-47.059564
1279,22243,ABRAÃO STREY,31,PL,2020,-22.9056391,-47.059564
1279,22500,MOISES MARQUES DE ABREU,30,PL,2020,-22.9056391,-47.059564
1279,22567,OTTO ALEJANDRO RIGAZZO ETTINGER,99,PL,2020,-22.9056391,-47.059564
1279,22622,EDEVALDO DE MELO,49,PL,2020,-22.9056391,-47.059564
1279,22722,SANDRO TEIXEIRA BATISTA,39,PL,2020,-22.9056391,-47.059564
1279,22999,GASPARINO RAIMUNDO DA SILVA,46,PL,2020,-22.9056391,-47.059564
1279,23,ANDRÉ LUIZ DE CAMARGO VON ZUBEN,107,CIDADANIA,2020,-22.9056391,-47.059564
1279,23123,PAULO CESAR HADDAD,39,CIDADANIA,2020,-22.9056391,-47.059564
1279,23456,HENRI MAEDA,30,CIDADANIA,2020,-22.9056391,-47.059564
1279,25000,RODRIGO LUIS DE BARROS ALMEIDA,691,DEM,2020,-22.9056391,-47.059564
1279,28,ROGÉRIO STRACIALANO PARADA,132,PRTB,2020,-22.9056391,-47.059564
1279,30,Partido Novo,61,,2020,-22.9056391,-47.059564
1279,30000,ANDRE ROBERTO FREITAS FERREIRA PINTO,33,NOVO,2020,-22.9056391,-47.059564
1279,30500,MARIA CRISTINA DE OLIVEIRA,56,NOVO,2020,-22.9056391,-47.059564
1279,30777,JONATHAS DE SIQUEIRA FERREIRA,43,NOVO,2020,-22.9056391,-47.059564
1279,30900,DANIEL BISCOLA PEREIRA,42,NOVO,2020,-22.9056391,-47.059564
1279,30999,PAULO SÉRGIO BARCELLOS GASPAR,81,NOVO,2020,-22.9056391,-47.059564
1279,40000,LUIS MOKITI YABIKU,61,PSB,2020,-22.9056391,-47.059564
1279,40112,FILIPE BATISTA MARCHESI,76,PSB,2020,-22.9056391,-47.059564
1279,40123,GILBERTO CARLOS CARDOSO,42,PSB,2020,-22.9056391,-47.059564
1279,40222,ELIAS HERNANE AZEVEDO,48,PSB,2020,-22.9056391,-47.059564
1279,40580,JOSE CARLOS DOS SANTOS,49,PSB,2020,-22.9056391,-47.059564
1279,40677,CID FERREIRA DE SOUZA,36,PSB,2020,-22.9056391,-47.059564
1279,40678,JOSÉ CARLOS SILVA,37,PSB,2020,-22.9056391,-47.059564
1279,43,ROGERIO MENEZES DE MELLO,96,PV,2020,-22.9056391,-47.059564
1279,43123,LUIZ CARLOS ROSSINI,117,PV,2020,-22.9056391,-47.059564
1279,43430,CARLOS ROBERTO ALVIM,39,PV,2020,-22.9056391,-47.059564
1279,45016,CRISTIANO OLIVEIRA DA SILVA,60,PSDB,2020,-22.9056391,-47.059564
1279,45123,GUILHERME DAMASCENO FERNANDES,62,PSDB,2020,-22.9056391,-47.059564
1279,45234,MARCOS JOSÉ BERNARDELLI,34,PSDB,2020,-22.9056391,-47.059564
1279,45678,LUIZ HENRIQUE CIRILO,38,PSDB,2020,-22.9056391,-47.059564
1279,50000,PAULO ROBERTO BUFALO,38,PSOL,2020,-22.9056391,-47.059564
1279,50001,MARCELA DIAS MOREIRA,41,PSOL,2020,-22.9056391,-47.059564
1279,50050,JOSÉ APARECIDO RODRIGUES DE SOUZA,52,PSOL,2020,-22.9056391,-47.059564
1279,50100,MARIANA CONTI TAKAHASHI,198,PSOL,2020,-22.9056391,-47.059564
1279,50123,ÉLICE NATALIA BOTELHO,39,PSOL,2020,-22.9056391,-47.059564
1279,50300,LETÍCIA SOUZA MOREIRA BENEVIDES,34,PSOL,2020,-22.9056391,-47.059564
1279,51,WILSON KELLER DE MATOS,260,PATRIOTA,2020,-22.9056391,-47.059564
1279,55,ARTUR CASSEB ORSI,1582,PSD,2020,-22.9056391,-47.059564
1279,55,Partido Social Democrático,42,PSD,2020,-22.9056391,-47.059564
1279,55055,MARCELO DUCHOVNI SILVA,191,PSD,2020,-22.9056391,-47.059564
1279,55123,ANGELO DINIZ,42,PSD,2020,-22.9056391,-47.059564
1279,55555,FLÁVIO MAYNARDES ARAUJO,54,PSD,2020,-22.9056391,-47.059564
1279,55655,NELSON HOSSRI NETO,89,PSD,2020,-22.9056391,-47.059564
1279,65,ALESSANDRA RIBEIRO MARTINS,219,PC DO B,2020,-22.9056391,-47.059564
1279,65656,GUSTAVO LEMOS PETTA,43,PC DO B,2020,-22.9056391,-47.059564
1279,70030,FELIPE CEZAR MONTEIRO DE SOUZA,40,AVANTE,2020,-22.9056391,-47.059564
1279,70133,HELIO ALVES MOREIRA,36,AVANTE,2020,-22.9056391,-47.059564
1279,70555,MARCELO VITAL,44,AVANTE,2020,-22.9056391,-47.059564
1279,77100,JAIR QUINALIA,37,SOLIDARIEDADE,2020,-22.9056391,-47.059564
1279,95,VOTO BRANCO,1971,,2020,-22.9056391,-47.059564
1279,96,VOTO NULO,3967,,2020,-22.9056391,-47.059564
1287,10,DARIO JORGE GIOLO SAADI,5499,REPUBLICANOS,2020,-22.9056391,-47.059564
1287,10,REPUBLICANOS,70,REPUBLICANOS,2020,-22.9056391,-47.059564
1287,10123,FERNANDO CESAR RIBEIRO MENDES,163,REPUBLICANOS,2020,-22.9056391,-47.059564
1287,11111,JAIME DE SOUZA,40,PP,2020,-22.9056391,-47.059564
1287,12,HÉLIO DE OLIVEIRA SANTOS,126,,2020,-22.9056391,-47.059564
1287,13,PEDRO TOURINHO DE SIQUEIRA,1625,PT,2020,-22.9056391,-47.059564
1287,13,Partido dos Trabalhadores,147,PT,2020,-22.9056391,-47.059564
1287,13001,SILVIO JOSÉ MARQUES,34,PT,2020,-22.9056391,-47.059564
1287,13020,MARGARIDA DA SILVA CALIXTO,41,PT,2020,-22.9056391,-47.059564
1287,13053,SUELI DOS SANTOS SILVA BARBOSA,59,PT,2020,-22.9056391,-47.059564
1287,13123,PAOLLA CATHERINE DOS SANTOS MIGUEL AGARD,53,PT,2020,-22.9056391,-47.059564
1287,13135,EVELYN SILVA DO NASCIMENTO VICENTE DA SILVA,97,PT,2020,-22.9056391,-47.059564
1287,14,TERESINHA DE CARVALHO,191,PTB,2020,-22.9056391,-47.059564
1287,15000,ARNALDO SALVETTI PALÁCIO JUNIOR,47,MDB,2020,-22.9056391,-47.059564
1287,15123,FABIO OLIVEIRA DA SILVA,170,MDB,2020,-22.9056391,-47.059564
1287,17716,DIVINO SEBASTIÃO DA SILVA,365,PSL,2020,-22.9056391,-47.059564
1287,17800,JEZIEL SEVERINO DA SILVA,37,PSL,2020,-22.9056391,-47.059564
1287,19555,EDUARDO DOS REIS MAGOGA,130,PODE,2020,-22.9056391,-47.059564
1287,19620,MIGUEL ARCANJO MONTEIRO VICENTE,32,PODE,2020,-22.9056391,-47.059564
1287,20220,CARMO LUIZ GREGÓRIO DA SILVA,146,PSC,2020,-22.9056391,-47.059564
1287,22,Partido Liberal,81,PL,2020,-22.9056391,-47.059564
1287,22,RAFAEL FERNANDO ZIMBALDI,4269,PL,2020,-22.9056391,-47.059564
1287,22000,ALBERTO ALVES DA FONSECA,66,PL,2020,-22.9056391,-47.059564
1287,22111,CAROLINA LOURENÇO DEFILIPPI GONÇALVES,64,PL,2020,-22.9056391,-47.059564
1287,22700,PAULA DA SILVA RAMOS,39,PL,2020,-22.9056391,-47.059564
1287,22789,JUSCELINO DE SOUZA MARTINS,112,PL,2020,-22.9056391,-47.059564
1287,23,ANDRÉ LUIZ DE CAMARGO VON ZUBEN,115,CIDADANIA,2020,-22.9056391,-47.059564
1287,23023,MIKAIL CARDOSO SOARES,117,CIDADANIA,2020,-22.9056391,-47.059564
1287,25111,JOSÉ FRANCISCO DA SILVA,217,DEM,2020,-22.9056391,-47.059564
1287,25300,NILSON ADRIÃO SILVEIRA,100,,2020,-22.9056391,-47.059564
1287,25500,RUBENS SOARES DO NASCIMENTO,85,DEM,2020,-22.9056391,-47.059564
1287,25555,SARA EVANGELISTA SARDINHA,92,DEM,2020,-22.9056391,-47.059564
1287,28,ROGÉRIO STRACIALANO PARADA,87,PRTB,2020,-22.9056391,-47.059564
1287,30,Partido Novo,30,,2020,-22.9056391,-47.059564
1287,30999,PAULO SÉRGIO BARCELLOS GASPAR,39,NOVO,2020,-22.9056391,-47.059564
1287,40000,LUIS MOKITI YABIKU,39,PSB,2020,-22.9056391,-47.059564
1287,40013,JAIRSON VALERIO DOS ANJOS,30,PSB,2020,-22.9056391,-47.059564
1287,40112,FILIPE BATISTA MARCHESI,66,PSB,2020,-22.9056391,-47.059564
1287,40222,ELIAS HERNANE AZEVEDO,43,PSB,2020,-22.9056391,-47.059564
1287,40345,CLAUDINEI ALMEIDA,39,PSB,2020,-22.9056391,-47.059564
1287,40580,JOSE CARLOS DOS SANTOS,38,PSB,2020,-22.9056391,-47.059564
1287,40677,CID FERREIRA DE SOUZA,33,PSB,2020,-22.9056391,-47.059564
1287,40678,JOSÉ CARLOS SILVA,160,PSB,2020,-22.9056391,-47.059564
1287,40900,JOSE HONORATO DOS SANTOS,165,PSB,2020,-22.9056391,-47.059564
1287,43,ROGERIO MENEZES DE MELLO,65,PV,2020,-22.9056391,-47.059564
1287,43123,LUIZ CARLOS ROSSINI,40,PV,2020,-22.9056391,-47.059564
1287,45234,MARCOS JOSÉ BERNARDELLI,35,PSDB,2020,-22.9056391,-47.059564
1287,50000,PAULO ROBERTO BUFALO,58,PSOL,2020,-22.9056391,-47.059564
1287,50001,MARCELA DIAS MOREIRA,36,PSOL,2020,-22.9056391,-47.059564
1287,50100,MARIANA CONTI TAKAHASHI,153,PSOL,2020,-22.9056391,-47.059564
1287,50123,ÉLICE NATALIA BOTELHO,50,PSOL,2020,-22.9056391,-47.059564
1287,50300,LETÍCIA SOUZA MOREIRA BENEVIDES,40,PSOL,2020,-22.9056391,-47.059564
1287,51,WILSON KELLER DE MATOS,308,PATRIOTA,2020,-22.9056391,-47.059564
1287,51511,EDINILSON LUCAS BEZERRA,45,PATRIOTA,2020,-22.9056391,-47.059564
1287,55,ARTUR CASSEB ORSI,996,PSD,2020,-22.9056391,-47.059564
1287,55,Partido Social Democrático,39,PSD,2020,-22.9056391,-47.059564
1287,55055,MARCELO DUCHOVNI SILVA,78,PSD,2020,-22.9056391,-47.059564
1287,55555,FLÁVIO MAYNARDES ARAUJO,47,PSD,2020,-22.9056391,-47.059564
1287,55655,NELSON HOSSRI NETO,52,PSD,2020,-22.9056391,-47.059564
1287,65,ALESSANDRA RIBEIRO MARTINS,179,PC DO B,2020,-22.9056391,-47.059564
1287,65656,GUSTAVO LEMOS PETTA,34,PC DO B,2020,-22.9056391,-47.059564
1287,70030,FELIPE CEZAR MONTEIRO DE SOUZA,41,AVANTE,2020,-22.9056391,-47.059564
1287,70133,HELIO ALVES MOREIRA,37,AVANTE,2020,-22.9056391,-47.059564
1287,70800,ELIAS AGOSTINHO,60,,2020,-22.9056391,-47.059564
1287,77980,MARINA DOS SANTOS,79,SOLIDARIEDADE,2020,-22.9056391,-47.059564
1287,95,VOTO BRANCO,2446,,2020,-22.9056391,-47.059564
1287,96,VOTO NULO,3391,,2020,-22.9056391,-47.059564
1295,10,DARIO JORGE GIOLO SAADI,9205,REPUBLICANOS,2020,-22.9056391,-47.059564
1295,10,REPUBLICANOS,123,REPUBLICANOS,2020,-22.9056391,-47.059564
1295,10122,LUIZ GONZAGA,40,REPUBLICANOS,2020,-22.9056391,-47.059564
1295,10123,FERNANDO CESAR RIBEIRO MENDES,187,REPUBLICANOS,2020,-22.9056391,-47.059564
1295,10200,HIGOR DIEGO RALLA,465,REPUBLICANOS,2020,-22.9056391,-47.059564
1295,10555,FLAUBERT DE ARAUJO,43,REPUBLICANOS,2020,-22.9056391,-47.059564
1295,11111,JAIME DE SOUZA,35,PP,2020,-22.9056391,-47.059564
1295,11190,ISRAEL NANTES SANTOS,53,PP,2020,-22.9056391,-47.059564
1295,12,HÉLIO DE OLIVEIRA SANTOS,412,,2020,-22.9056391,-47.059564
1295,12,Partido Democrático Trabalhista,45,,2020,-22.9056391,-47.059564
1295,13,PEDRO TOURINHO DE SIQUEIRA,2418,PT,2020,-22.9056391,-47.059564
1295,13,Partido dos Trabalhadores,235,PT,2020,-22.9056391,-47.059564
1295,13011,CECÍLIO SERAFIM DOS SANTOS,87,PT,2020,-22.9056391,-47.059564
1295,13020,MARGARIDA DA SILVA CALIXTO,56,PT,2020,-22.9056391,-47.059564
1295,13100,LUIZ CARLOS FELICIDADE,45,PT,2020,-22.9056391,-47.059564
1295,13123,PAOLLA CATHERINE DOS SANTOS MIGUEL AGARD,58,PT,2020,-22.9056391,-47.059564
1295,13331,VERA LÚCIA RODRIGUES DE FARIA,53,PT,2020,-22.9056391,-47.059564
1295,13456,ROSEMIRO APARECIDO FERREIRA,62,PT,2020,-22.9056391,-47.059564
1295,13613,CARLOS ROBERTO DE OLIVEIRA,44,PT,2020,-22.9056391,-47.059564
1295,14,Partido Trabalhista Brasileiro,31,PTB,2020,-22.9056391,-47.059564
1295,14,TERESINHA DE CARVALHO,364,PTB,2020,-22.9056391,-47.059564
1295,15000,ARNALDO SALVETTI PALÁCIO JUNIOR,65,MDB,2020,-22.9056391,-47.059564
1295,15400,ALTAIR DE JESUS AMORIM,236,MDB,2020,-22.9056391,-47.059564
1295,17000,APARECIDO SOUZA SANTOS,36,PSL,2020,-22.9056391,-47.059564
1295,17117,CLEMENTE JOSE CAPUCHINHO,40,PSL,2020,-22.9056391,-47.059564
1295,17200,EDISON RIBEIRO,81,PSL,2020,-22.9056391,-47.059564
1295,17500,ORLEANS DE SA ALENCAR,296,PSL,2020,-22.9056391,-47.059564
1295,17800,JEZIEL SEVERINO DA SILVA,82,PSL,2020,-22.9056391,-47.059564
1295,19555,EDUARDO DOS REIS MAGOGA,454,PODE,2020,-22.9056391,-47.059564
1295,19877,NEY HAMILTON DE OLIVEIRA,82,PODE,2020,-22.9056391,-47.059564
1295,20123,MAURICELE DA SILVA LOPES,64,PSC,2020,-22.9056391,-47.059564
1295,20320,CLAUDIO JOSÉ BERNARDES,292,PSC,2020,-22.9056391,-47.059564
1295,20456,FABIO CAMILO DE ALMEIDA,68,PSC,2020,-22.9056391,-47.059564
1295,20500,JOSÉ CARLOS FURIOSO,89,PSC,2020,-22.9056391,-47.059564
1295,22,Partido Liberal,145,PL,2020,-22.9056391,-47.059564
1295,22,RAFAEL FERNANDO ZIMBALDI,8425,PL,2020,-22.9056391,-47.059564
1295,22000,ALBERTO ALVES DA FONSECA,164,PL,2020,-22.9056391,-47.059564
1295,22212,DANIEL DOS SANTOS,46,PL,2020,-22.9056391,-47.059564
1295,22222,PAULO SERGIO GALTÉRIO,65,PL,2020,-22.9056391,-47.059564
1295,22243,ABRAÃO STREY,32,PL,2020,-22.9056391,-47.059564
1295,22567,OTTO ALEJANDRO RIGAZZO ETTINGER,242,PL,2020,-22.9056391,-47.059564
1295,22766,MARCELO LEANDRO PEREIRA DOS SANTOS,87,PL,2020,-22.9056391,-47.059564
1295,22888,SANDRO ORLANDO RAFFA,66,PL,2020,-22.9056391,-47.059564
1295,23,ANDRÉ LUIZ DE CAMARGO VON ZUBEN,84,CIDADANIA,2020,-22.9056391,-47.059564
1295,23023,MIKAIL CARDOSO SOARES,37,CIDADANIA,2020,-22.9056391,-47.059564
1295,25,Democratas,39,,2020,-22.9056391,-47.059564
1295,25000,RODRIGO LUIS DE BARROS ALMEIDA,437,DEM,2020,-22.9056391,-47.059564
1295,25003,ANDREY DA SILVA CARVALHO,42,DEM,2020,-22.9056391,-47.059564
1295,25110,AMANDO RIBEIRO DOS SANTOS JUNIOR,92,DEM,2020,-22.9056391,-47.059564
1295,25500,RUBENS SOARES DO NASCIMENTO,1391,DEM,2020,-22.9056391,-47.059564
1295,25905,HILDEBRANDO ALVES DE OLIVEIRA,47,DEM,2020,-22.9056391,-47.059564
1295,28,ROGÉRIO STRACIALANO PARADA,109,PRTB,2020,-22.9056391,-47.059564
1295,30777,JONATHAS DE SIQUEIRA FERREIRA,45,NOVO,2020,-22.9056391,-47.059564
1295,40,Partido Socialista Brasileiro,39,,2020,-22.9056391,-47.059564
1295,40024,DONIZETE DA COSTA AMARAL,98,PSB,2020,-22.9056391,-47.059564
1295,40040,ADILSON DE SOUZA ROCHA,33,PSB,2020,-22.9056391,-47.059564
1295,40112,FILIPE BATISTA MARCHESI,100,PSB,2020,-22.9056391,-47.059564
1295,40123,GILBERTO CARLOS CARDOSO,65,PSB,2020,-22.9056391,-47.059564
1295,40222,ELIAS HERNANE AZEVEDO,56,PSB,2020,-22.9056391,-47.059564
1295,40345,CLAUDINEI ALMEIDA,48,PSB,2020,-22.9056391,-47.059564
1295,40400,IVONE CRESCENCIO DA SILVA MENDONÇA,48,PSB,2020,-22.9056391,-47.059564
1295,40513,NEUSA SILVA,123,PSB,2020,-22.9056391,-47.059564
1295,40580,JOSE CARLOS DOS SANTOS,113,PSB,2020,-22.9056391,-47.059564
1295,40677,CID FERREIRA DE SOUZA,30,PSB,2020,-22.9056391,-47.059564
1295,40678,JOSÉ CARLOS SILVA,461,PSB,2020,-22.9056391,-47.059564
1295,43,ROGERIO MENEZES DE MELLO,75,PV,2020,-22.9056391,-47.059564
1295,43123,LUIZ CARLOS ROSSINI,30,PV,2020,-22.9056391,-47.059564
1295,45678,LUIZ HENRIQUE CIRILO,86,PSDB,2020,-22.9056391,-47.059564
1295,50000,PAULO ROBERTO BUFALO,48,PSOL,2020,-22.9056391,-47.059564
1295,50001,MARCELA DIAS MOREIRA,36,PSOL,2020,-22.9056391,-47.059564
1295,50100,MARIANA CONTI TAKAHASHI,93,PSOL,2020,-22.9056391,-47.059564
1295,50123,ÉLICE NATALIA BOTELHO,30,PSOL,2020,-22.9056391,-47.059564
1295,51,WILSON KELLER DE MATOS,364,PATRIOTA,2020,-22.9056391,-47.059564
1295,55,ARTUR CASSEB ORSI,1298,PSD,2020,-22.9056391,-47.059564
1295,55,Partido Social Democrático,36,PSD,2020,-22.9056391,-47.059564
1295,55055,MARCELO DUCHOVNI SILVA,57,PSD,2020,-22.9056391,-47.059564
1295,55321,LUIS HENRIQUE CARVALHO DA SILVA,58,PSD,2020,-22.9056391,-47.059564
1295,55655,NELSON HOSSRI NETO,45,PSD,2020,-22.9056391,-47.059564
1295,65,ALESSANDRA RIBEIRO MARTINS,307,PC DO B,2020,-22.9056391,-47.059564
1295,65656,GUSTAVO LEMOS PETTA,179,PC DO B,2020,-22.9056391,-47.059564
1295,70030,FELIPE CEZAR MONTEIRO DE SOUZA,44,AVANTE,2020,-22.9056391,-47.059564
1295,70234,NOEL CORDEIRO TEIXEIRA,30,AVANTE,2020,-22.9056391,-47.059564
1295,70701,LUIZ NUNES MENDES NETO,50,AVANTE,2020,-22.9056391,-47.059564
1295,77010,PAULO ROBERTO DOS SANTOS VIEIRA,60,SOLIDARIEDADE,2020,-22.9056391,-47.059564
1295,77100,JAIR QUINALIA,70,SOLIDARIEDADE,2020,-22.9056391,-47.059564
1295,77556,VALÉRIA APARECIDA FORTUNATO DE PAULA,33,SOLIDARIEDADE,2020,-22.9056391,-47.059564
1295,95,VOTO BRANCO,3603,,2020,-22.9056391,-47.059564
1295,96,VOTO NULO,5757,,2020,-22.9056391,-47.059564
1309,10,DARIO JORGE GIOLO SAADI,8671,REPUBLICANOS,2020,-22.9056391,-47.059564
1309,10,REPUBLICANOS,138,REPUBLICANOS,2020,-22.9056391,-47.059564
1309,10122,LUIZ GONZAGA,32,REPUBLICANOS,2020,-22.9056391,-47.059564
1309,10123,FERNANDO CESAR RIBEIRO MENDES,161,REPUBLICANOS,2020,-22.9056391,-47.059564
1309,10200,HIGOR DIEGO RALLA,479,REPUBLICANOS,2020,-22.9056391,-47.059564
1309,10555,FLAUBERT DE ARAUJO,44,REPUBLICANOS,2020,-22.9056391,-47.059564
1309,11111,JAIME DE SOUZA,63,PP,2020,-22.9056391,-47.059564
1309,11190,ISRAEL NANTES SANTOS,64,PP,2020,-22.9056391,-47.059564
1309,12,HÉLIO DE OLIVEIRA SANTOS,320,,2020,-22.9056391,-47.059564
1309,12,Partido Democrático Trabalhista,53,,2020,-22.9056391,-47.059564
1309,13,PEDRO TOURINHO DE SIQUEIRA,2413,PT,2020,-22.9056391,-47.059564
1309,13,Partido dos Trabalhadores,220,PT,2020,-22.9056391,-47.059564
1309,13011,CECÍLIO SERAFIM DOS SANTOS,146,PT,2020,-22.9056391,-47.059564
1309,13020,MARGARIDA DA SILVA CALIXTO,69,PT,2020,-22.9056391,-47.059564
1309,13100,LUIZ CARLOS FELICIDADE,51,PT,2020,-22.9056391,-47.059564
1309,13123,PAOLLA CATHERINE DOS SANTOS MIGUEL AGARD,51,PT,2020,-22.9056391,-47.059564
1309,13331,VERA LÚCIA RODRIGUES DE FARIA,52,PT,2020,-22.9056391,-47.059564
1309,13420,ALEXANDRE DOS SANTOS PINTO,45,PT,2020,-22.9056391,-47.059564
1309,13456,ROSEMIRO APARECIDO FERREIRA,135,PT,2020,-22.9056391,-47.059564
1309,13613,CARLOS ROBERTO DE OLIVEIRA,33,PT,2020,-22.9056391,-47.059564
1309,14,TERESINHA DE CARVALHO,422,PTB,2020,-22.9056391,-47.059564
1309,14111,JAIRO INACIO DO NASCIMENTO,132,PTB,2020,-22.9056391,-47.059564
1309,15000,ARNALDO SALVETTI PALÁCIO JUNIOR,92,MDB,2020,-22.9056391,-47.059564
1309,15400,ALTAIR DE JESUS AMORIM,84,MDB,2020,-22.9056391,-47.059564
1309,17200,EDISON RIBEIRO,156,PSL,2020,-22.9056391,-47.059564
1309,17800,JEZIEL SEVERINO DA SILVA,83,PSL,2020,-22.9056391,-47.059564
1309,19555,EDUARDO DOS REIS MAGOGA,38,PODE,2020,-22.9056391,-47.059564
1309,20123,MAURICELE DA SILVA LOPES,75,PSC,2020,-22.9056391,-47.059564
1309,20220,CARMO LUIZ GREGÓRIO DA SILVA,88,PSC,2020,-22.9056391,-47.059564
1309,20320,CLAUDIO JOSÉ BERNARDES,64,PSC,2020,-22.9056391,-47.059564
1309,20620,GILBERTO LEÃO DE ARAUJO,106,PSC,2020,-22.9056391,-47.059564
1309,20789,VALDIRLEI MARTINGHI,56,PSC,2020,-22.9056391,-47.059564
1309,22,Partido Liberal,110,PL,2020,-22.9056391,-47.059564
1309,22,RAFAEL FERNANDO ZIMBALDI,6318,PL,2020,-22.9056391,-47.059564
1309,22000,ALBERTO ALVES DA FONSECA,109,PL,2020,-22.9056391,-47.059564
1309,22123,JORGE ROBERTO SCHENEIDER,30,PL,2020,-22.9056391,-47.059564
1309,22222,PAULO SERGIO GALTÉRIO,51,PL,2020,-22.9056391,-47.059564
1309,22243,ABRAÃO STREY,32,PL,2020,-22.9056391,-47.059564
1309,22300,JORGE VEIGA JUNIOR,31,PL,2020,-22.9056391,-47.059564
1309,22333,THELMA ELAINE BRASILEIRO ROBERTI,46,PL,2020,-22.9056391,-47.059564
1309,22567,OTTO ALEJANDRO RIGAZZO ETTINGER,32,PL,2020,-22.9056391,-47.059564
1309,22766,MARCELO LEANDRO PEREIRA DOS SANTOS,50,PL,2020,-22.9056391,-47.059564
1309,22999,GASPARINO RAIMUNDO DA SILVA,54,PL,2020,-22.9056391,-47.059564
1309,23,ANDRÉ LUIZ DE CAMARGO VON ZUBEN,109,CIDADANIA,2020,-22.9056391,-47.059564
1309,23456,HENRI MAEDA,55,CIDADANIA,2020,-22.9056391,-47.059564
1309,25000,RODRIGO LUIS DE BARROS ALMEIDA,71,DEM,2020,-22.9056391,-47.059564
1309,25500,RUBENS SOARES DO NASCIMENTO,998,DEM,2020,-22.9056391,-47.059564
1309,25999,MARCONE JOSÉ DE LIMA,36,DEM,2020,-22.9056391,-47.059564
1309,28,ROGÉRIO STRACIALANO PARADA,122,PRTB,2020,-22.9056391,-47.059564
1309,30,Partido Novo,35,,2020,-22.9056391,-47.059564
1309,30222,MARCIA ANTONIA CIA RIBEIRO SANTOS,30,NOVO,2020,-22.9056391,-47.059564
1309,30777,JONATHAS DE SIQUEIRA FERREIRA,59,NOVO,2020,-22.9056391,-47.059564
1309,30900,DANIEL BISCOLA PEREIRA,42,NOVO,2020,-22.9056391,-47.059564
1309,30999,PAULO SÉRGIO BARCELLOS GASPAR,37,NOVO,2020,-22.9056391,-47.059564
1309,40000,LUIS MOKITI YABIKU,54,PSB,2020,-22.9056391,-47.059564
1309,40112,FILIPE BATISTA MARCHESI,246,PSB,2020,-22.9056391,-47.059564
1309,40123,GILBERTO CARLOS CARDOSO,60,PSB,2020,-22.9056391,-47.059564
1309,40222,ELIAS HERNANE AZEVEDO,44,PSB,2020,-22.9056391,-47.059564
1309,40400,IVONE CRESCENCIO DA SILVA MENDONÇA,249,PSB,2020,-22.9056391,-47.059564
1309,40456,PERMINIO MONTEIRO DA SILVA,46,PSB,2020,-22.9056391,-47.059564
1309,40580,JOSE CARLOS DOS SANTOS,75,PSB,2020,-22.9056391,-47.059564
1309,40677,CID FERREIRA DE SOUZA,39,PSB,2020,-22.9056391,-47.059564
1309,40678,JOSÉ CARLOS SILVA,74,PSB,2020,-22.9056391,-47.059564
1309,40777,ANDRÉ JORGE MARUJO,31,PSB,2020,-22.9056391,-47.059564
1309,43,ROGERIO MENEZES DE MELLO,79,PV,2020,-22.9056391,-47.059564
1309,43123,LUIZ CARLOS ROSSINI,53,PV,2020,-22.9056391,-47.059564
1309,45123,GUILHERME DAMASCENO FERNANDES,33,PSDB,2020,-22.9056391,-47.059564
1309,45234,MARCOS JOSÉ BERNARDELLI,34,PSDB,2020,-22.9056391,-47.059564
1309,45678,LUIZ HENRIQUE CIRILO,44,PSDB,2020,-22.9056391,-47.059564
1309,50000,PAULO ROBERTO BUFALO,56,PSOL,2020,-22.9056391,-47.059564
1309,50001,MARCELA DIAS MOREIRA,55,PSOL,2020,-22.9056391,-47.059564
1309,50050,JOSÉ APARECIDO RODRIGUES DE SOUZA,34,PSOL,2020,-22.9056391,-47.059564
1309,50100,MARIANA CONTI TAKAHASHI,165,PSOL,2020,-22.9056391,-47.059564
1309,50123,ÉLICE NATALIA BOTELHO,30,PSOL,2020,-22.9056391,-47.059564
1309,51,WILSON KELLER DE MATOS,314,PATRIOTA,2020,-22.9056391,-47.059564
1309,51555,CÉSAR HENRIQUE MASUTTE,125,PATRIOTA,2020,-22.9056391,-47.059564
1309,55,ARTUR CASSEB ORSI,1558,PSD,2020,-22.9056391,-47.059564
1309,55,Partido Social Democrático,58,PSD,2020,-22.9056391,-47.059564
1309,55055,MARCELO DUCHOVNI SILVA,59,PSD,2020,-22.9056391,-47.059564
1309,55123,ANGELO DINIZ,34,PSD,2020,-22.9056391,-47.059564
1309,55321,LUIS HENRIQUE CARVALHO DA SILVA,42,PSD,2020,-22.9056391,-47.059564
1309,55555,FLÁVIO MAYNARDES ARAUJO,55,PSD,2020,-22.9056391,-47.059564
1309,55655,NELSON HOSSRI NETO,99,PSD,2020,-22.9056391,-47.059564
1309,65,ALESSANDRA RIBEIRO MARTINS,231,PC DO B,2020,-22.9056391,-47.059564
1309,65123,ORESTES AUGUSTO TOLEDO,38,PC DO B,2020,-22.9056391,-47.059564
1309,65656,GUSTAVO LEMOS PETTA,32,PC DO B,2020,-22.9056391,-47.059564
1309,70030,FELIPE CEZAR MONTEIRO DE SOUZA,74,AVANTE,2020,-22.9056391,-47.059564
1309,70123,VALDEIR LUCCHIARI,38,AVANTE,2020,-22.9056391,-47.059564
1309,70555,MARCELO VITAL,170,AVANTE,2020,-22.9056391,-47.059564
1309,70890,MILTON SOARES MUCHIUTTE,75,AVANTE,2020,-22.9056391,-47.059564
1309,77010,PAULO ROBERTO DOS SANTOS VIEIRA,35,SOLIDARIEDADE,2020,-22.9056391,-47.059564
1309,77100,JAIR QUINALIA,144,SOLIDARIEDADE,2020,-22.9056391,-47.059564
1309,95,VOTO BRANCO,2978,,2020,-22.9056391,-47.059564
1309,96,VOTO NULO,5458,,2020,-22.9056391,-47.059564
1317,10,DARIO JORGE GIOLO SAADI,6604,REPUBLICANOS,2020,-22.9056391,-47.059564
1317,10,REPUBLICANOS,80,REPUBLICANOS,2020,-22.9056391,-47.059564
1317,10123,FERNANDO CESAR RIBEIRO MENDES,149,REPUBLICANOS,2020,-22.9056391,-47.059564
1317,10200,HIGOR DIEGO RALLA,255,REPUBLICANOS,2020,-22.9056391,-47.059564
1317,10345,OSCAR NEVES GUIMARÃES,37,REPUBLICANOS,2020,-22.9056391,-47.059564
1317,11111,JAIME DE SOUZA,43,PP,2020,-22.9056391,-47.059564
1317,11190,ISRAEL NANTES SANTOS,30,PP,2020,-22.9056391,-47.059564
1317,12,HÉLIO DE OLIVEIRA SANTOS,248,,2020,-22.9056391,-47.059564
1317,12,Partido Democrático Trabalhista,44,,2020,-22.9056391,-47.059564
1317,13,PEDRO TOURINHO DE SIQUEIRA,2079,PT,2020,-22.9056391,-47.059564
1317,13,Partido dos Trabalhadores,188,PT,2020,-22.9056391,-47.059564
1317,13001,SILVIO JOSÉ MARQUES,32,PT,2020,-22.9056391,-47.059564
1317,13011,CECÍLIO SERAFIM DOS SANTOS,246,PT,2020,-22.9056391,-47.059564
1317,13020,MARGARIDA DA SILVA CALIXTO,64,PT,2020,-22.9056391,-47.059564
1317,13123,PAOLLA CATHERINE DOS SANTOS MIGUEL AGARD,49,PT,2020,-22.9056391,-47.059564
1317,13456,ROSEMIRO APARECIDO FERREIRA,51,PT,2020,-22.9056391,-47.059564
1317,13613,CARLOS ROBERTO DE OLIVEIRA,41,PT,2020,-22.9056391,-47.059564
1317,14,TERESINHA DE CARVALHO,311,PTB,2020,-22.9056391,-47.059564
1317,15000,ARNALDO SALVETTI PALÁCIO JUNIOR,51,MDB,2020,-22.9056391,-47.059564
1317,15700,PEDRO AGOSTINHO BERNARDO DE OLIVEIRA,42,MDB,2020,-22.9056391,-47.059564
1317,15789,JOSE CARLOS DO NASCIMENTO OLIVEIRA,30,MDB,2020,-22.9056391,-47.059564
1317,17000,APARECIDO SOUZA SANTOS,33,PSL,2020,-22.9056391,-47.059564
1317,17200,EDISON RIBEIRO,233,PSL,2020,-22.9056391,-47.059564
1317,17213,VALDIR APARECIDO MERIN,41,PSL,2020,-22.9056391,-47.059564
1317,17800,JEZIEL SEVERINO DA SILVA,52,PSL,2020,-22.9056391,-47.059564
1317,19123,VONE DA SILVA MARQUES,52,PODE,2020,-22.9056391,-47.059564
1317,19555,EDUARDO DOS REIS MAGOGA,46,PODE,2020,-22.9056391,-47.059564
1317,20078,CARLOS EDUARDO ZANCHETA,126,PSC,2020,-22.9056391,-47.059564
1317,20123,MAURICELE DA SILVA LOPES,72,PSC,2020,-22.9056391,-47.059564
1317,20320,CLAUDIO JOSÉ BERNARDES,45,PSC,2020,-22.9056391,-47.059564
1317,20620,GILBERTO LEÃO DE ARAUJO,34,PSC,2020,-22.9056391,-47.059564
1317,22,Partido Liberal,97,PL,2020,-22.9056391,-47.059564
1317,22,RAFAEL FERNANDO ZIMBALDI,6171,PL,2020,-22.9056391,-47.059564
1317,22000,ALBERTO ALVES DA FONSECA,90,PL,2020,-22.9056391,-47.059564
1317,22123,JORGE ROBERTO SCHENEIDER,64,PL,2020,-22.9056391,-47.059564
1317,22222,PAULO SERGIO GALTÉRIO,61,PL,2020,-22.9056391,-47.059564
1317,22789,JUSCELINO DE SOUZA MARTINS,37,PL,2020,-22.9056391,-47.059564
1317,23,ANDRÉ LUIZ DE CAMARGO VON ZUBEN,101,CIDADANIA,2020,-22.9056391,-47.059564
1317,23345,WILLIAM GONÇALVEZ MARTINS,54,CIDADANIA,2020,-22.9056391,-47.059564
1317,25030,ITAMAR MARTINS CAMPOY,98,DEM,2020,-22.9056391,-47.059564
1317,25999,MARCONE JOSÉ DE LIMA,343,DEM,2020,-22.9056391,-47.059564
1317,28,ROGÉRIO STRACIALANO PARADA,130,PRTB,2020,-22.9056391,-47.059564
1317,30,Partido Novo,42,,2020,-22.9056391,-47.059564
1317,30777,JONATHAS DE SIQUEIRA FERREIRA,36,NOVO,2020,-22.9056391,-47.059564
1317,40000,LUIS MOKITI YABIKU,65,PSB,2020,-22.9056391,-47.059564
1317,40110,ARMINDO LIMA DE ALMEIDA,31,PSB,2020,-22.9056391,-47.059564
1317,40123,GILBERTO CARLOS CARDOSO,136,PSB,2020,-22.9056391,-47.059564
1317,40222,ELIAS HERNANE AZEVEDO,62,PSB,2020,-22.9056391,-47.059564
1317,40555,LUIZ FERNANDO MARIANO MATEUS,104,PSB,2020,-22.9056391,-47.059564
1317,40580,JOSE CARLOS DOS SANTOS,68,PSB,2020,-22.9056391,-47.059564
1317,40677,CID FERREIRA DE SOUZA,34,PSB,2020,-22.9056391,-47.059564
1317,40678,JOSÉ CARLOS SILVA,84,PSB,2020,-22.9056391,-47.059564
1317,40777,ANDRÉ JORGE MARUJO,39,PSB,2020,-22.9056391,-47.059564
1317,43,ROGERIO MENEZES DE MELLO,104,PV,2020,-22.9056391,-47.059564
1317,43123,LUIZ CARLOS ROSSINI,34,PV,2020,-22.9056391,-47.059564
1317,43190,CARLOS ROBERTO DOS SANTOS,132,PV,2020,-22.9056391,-47.059564
1317,45222,JORGE DOS SANTOS MONTANARI,68,PSDB,2020,-22.9056391,-47.059564
1317,45234,MARCOS JOSÉ BERNARDELLI,30,PSDB,2020,-22.9056391,-47.059564
1317,45678,LUIZ HENRIQUE CIRILO,35,PSDB,2020,-22.9056391,-47.059564
1317,50000,PAULO ROBERTO BUFALO,44,PSOL,2020,-22.9056391,-47.059564
1317,50001,MARCELA DIAS MOREIRA,41,PSOL,2020,-22.9056391,-47.059564
1317,50100,MARIANA CONTI TAKAHASHI,135,PSOL,2020,-22.9056391,-47.059564
1317,50123,ÉLICE NATALIA BOTELHO,31,PSOL,2020,-22.9056391,-47.059564
1317,50300,LETÍCIA SOUZA MOREIRA BENEVIDES,35,PSOL,2020,-22.9056391,-47.059564
1317,51,WILSON KELLER DE MATOS,350,PATRIOTA,2020,-22.9056391,-47.059564
1317,55,ARTUR CASSEB ORSI,1324,PSD,2020,-22.9056391,-47.059564
1317,55,Partido Social Democrático,52,PSD,2020,-22.9056391,-47.059564
1317,55000,RAFAEL FERNANDES TEÓFILO,39,PSD,2020,-22.9056391,-47.059564
1317,55055,MARCELO DUCHOVNI SILVA,53,PSD,2020,-22.9056391,-47.059564
1317,55500,AILTON LOURENÇO DA SILVA,133,PSD,2020,-22.9056391,-47.059564
1317,55555,FLÁVIO MAYNARDES ARAUJO,61,PSD,2020,-22.9056391,-47.059564
1317,55655,NELSON HOSSRI NETO,49,PSD,2020,-22.9056391,-47.059564
1317,65,ALESSANDRA RIBEIRO MARTINS,207,PC DO B,2020,-22.9056391,-47.059564
1317,65656,GUSTAVO LEMOS PETTA,31,PC DO B,2020,-22.9056391,-47.059564
1317,70030,FELIPE CEZAR MONTEIRO DE SOUZA,69,AVANTE,2020,-22.9056391,-47.059564
1317,70133,HELIO ALVES MOREIRA,35,AVANTE,2020,-22.9056391,-47.059564
1317,70190,CLODOALDO MAIOLINI FILHO,51,AVANTE,2020,-22.9056391,-47.059564
1317,70555,MARCELO VITAL,66,AVANTE,2020,-22.9056391,-47.059564
1317,70777,ANTONIO GONZALEZ DOS SANTOS,77,AVANTE,2020,-22.9056391,-47.059564
1317,70789,RAIMUNDO MIRANDA DOS SANTOS FILHO,59,AVANTE,2020,-22.9056391,-47.059564
1317,77000,RICARDO JOSÉ PEREIRA,33,SOLIDARIEDADE,2020,-22.9056391,-47.059564
1317,77088,JOÃO BATISTA DE PAULA,353,SOLIDARIEDADE,2020,-22.9056391,-47.059564
1317,77118,CARLOS ANTONIO DE MENDONÇA,114,SOLIDARIEDADE,2020,-22.9056391,-47.059564
1317,77123,CLODOALDO MISTURA,30,SOLIDARIEDADE,2020,-22.9056391,-47.059564
1317,77777,WLADMIR DE SOUZA CARNEIRO,110,SOLIDARIEDADE,2020,-22.9056391,-47.059564
1317,95,VOTO BRANCO,2480,,2020,-22.9056391,-47.059564
1317,96,VOTO NULO,4526,,2020,-22.9056391,-47.059564
1325,10,DARIO JORGE GIOLO SAADI,5609,REPUBLICANOS,2020,-22.9056391,-47.059564
1325,10,REPUBLICANOS,63,REPUBLICANOS,2020,-22.9056391,-47.059564
1325,10123,FERNANDO CESAR RIBEIRO MENDES,119,REPUBLICANOS,2020,-22.9056391,-47.059564
1325,10200,HIGOR DIEGO RALLA,538,REPUBLICANOS,2020,-22.9056391,-47.059564
1325,10555,FLAUBERT DE ARAUJO,206,REPUBLICANOS,2020,-22.9056391,-47.059564
1325,11111,JAIME DE SOUZA,37,PP,2020,-22.9056391,-47.059564
1325,11181,MARCOS ALVES FERREIRA,30,PP,2020,-22.9056391,-47.059564
1325,11190,ISRAEL NANTES SANTOS,41,PP,2020,-22.9056391,-47.059564
1325,12,HÉLIO DE OLIVEIRA SANTOS,374,,2020,-22.9056391,-47.059564
1325,12,Partido Democrático Trabalhista,47,,2020,-22.9056391,-47.059564
1325,13,PEDRO TOURINHO DE SIQUEIRA,1852,PT,2020,-22.9056391,-47.059564
1325,13,Partido dos Trabalhadores,170,PT,2020,-22.9056391,-47.059564
1325,13011,CECÍLIO SERAFIM DOS SANTOS,142,PT,2020,-22.9056391,-47.059564
1325,13020,MARGARIDA DA SILVA CALIXTO,62,PT,2020,-22.9056391,-47.059564
1325,13100,LUIZ CARLOS FELICIDADE,159,PT,2020,-22.9056391,-47.059564
1325,13123,PAOLLA CATHERINE DOS SANTOS MIGUEL AGARD,69,PT,2020,-22.9056391,-47.059564
1325,13613,CARLOS ROBERTO DE OLIVEIRA,34,PT,2020,-22.9056391,-47.059564
1325,14,TERESINHA DE CARVALHO,267,PTB,2020,-22.9056391,-47.059564
1325,15000,ARNALDO SALVETTI PALÁCIO JUNIOR,39,MDB,2020,-22.9056391,-47.059564
1325,15100,YANKO GONCALVES MELLO,36,MDB,2020,-22.9056391,-47.059564
1325,17000,APARECIDO SOUZA SANTOS,66,PSL,2020,-22.9056391,-47.059564
1325,17200,EDISON RIBEIRO,123,PSL,2020,-22.9056391,-47.059564
1325,17800,JEZIEL SEVERINO DA SILVA,38,PSL,2020,-22.9056391,-47.059564
1325,20123,MAURICELE DA SILVA LOPES,108,PSC,2020,-22.9056391,-47.059564
1325,20320,CLAUDIO JOSÉ BERNARDES,51,PSC,2020,-22.9056391,-47.059564
1325,20620,GILBERTO LEÃO DE ARAUJO,75,PSC,2020,-22.9056391,-47.059564
1325,22,Partido Liberal,89,PL,2020,-22.9056391,-47.059564
1325,22,RAFAEL FERNANDO ZIMBALDI,4894,PL,2020,-22.9056391,-47.059564
1325,22000,ALBERTO ALVES DA FONSECA,62,PL,2020,-22.9056391,-47.059564
1325,22123,JORGE ROBERTO SCHENEIDER,235,PL,2020,-22.9056391,-47.059564
1325,22222,PAULO SERGIO GALTÉRIO,98,PL,2020,-22.9056391,-47.059564
1325,22567,OTTO ALEJANDRO RIGAZZO ETTINGER,75,PL,2020,-22.9056391,-47.059564
1325,22622,EDEVALDO DE MELO,54,PL,2020,-22.9056391,-47.059564
1325,22789,JUSCELINO DE SOUZA MARTINS,30,PL,2020,-22.9056391,-47.059564
1325,22999,GASPARINO RAIMUNDO DA SILVA,37,PL,2020,-22.9056391,-47.059564
1325,23,ANDRÉ LUIZ DE CAMARGO VON ZUBEN,65,CIDADANIA,2020,-22.9056391,-47.059564
1325,25000,RODRIGO LUIS DE BARROS ALMEIDA,54,DEM,2020,-22.9056391,-47.059564
1325,28,ROGÉRIO STRACIALANO PARADA,123,PRTB,2020,-22.9056391,-47.059564
1325,30,Partido Novo,31,,2020,-22.9056391,-47.059564
1325,30777,JONATHAS DE SIQUEIRA FERREIRA,37,NOVO,2020,-22.9056391,-47.059564
1325,30999,PAULO SÉRGIO BARCELLOS GASPAR,38,NOVO,2020,-22.9056391,-47.059564
1325,40000,LUIS MOKITI YABIKU,38,PSB,2020,-22.9056391,-47.059564
1325,40019,ALEXANDRE SPENCER RAMPAZO VASCONCELLOS,44,PSB,2020,-22.9056391,-47.059564
1325,40112,FILIPE BATISTA MARCHESI,52,PSB,2020,-22.9056391,-47.059564
1325,40123,GILBERTO CARLOS CARDOSO,82,PSB,2020,-22.9056391,-47.059564
1325,40580,JOSE CARLOS DOS SANTOS,49,PSB,2020,-22.9056391,-47.059564
1325,40677,CID FERREIRA DE SOUZA,30,PSB,2020,-22.9056391,-47.059564
1325,40678,JOSÉ CARLOS SILVA,38,PSB,2020,-22.9056391,-47.059564
1325,43,ROGERIO MENEZES DE MELLO,77,PV,2020,-22.9056391,-47.059564
1325,43123,LUIZ CARLOS ROSSINI,57,PV,2020,-22.9056391,-47.059564
1325,45234,MARCOS JOSÉ BERNARDELLI,34,PSDB,2020,-22.9056391,-47.059564
1325,45678,LUIZ HENRIQUE CIRILO,44,PSDB,2020,-22.9056391,-47.059564
1325,50000,PAULO ROBERTO BUFALO,35,PSOL,2020,-22.9056391,-47.059564
1325,50100,MARIANA CONTI TAKAHASHI,122,PSOL,2020,-22.9056391,-47.059564
1325,50123,ÉLICE NATALIA BOTELHO,44,PSOL,2020,-22.9056391,-47.059564
1325,51,WILSON KELLER DE MATOS,246,PATRIOTA,2020,-22.9056391,-47.059564
1325,55,ARTUR CASSEB ORSI,1284,PSD,2020,-22.9056391,-47.059564
1325,55,Partido Social Democrático,54,PSD,2020,-22.9056391,-47.059564
1325,55055,MARCELO DUCHOVNI SILVA,60,PSD,2020,-22.9056391,-47.059564
1325,55321,LUIS HENRIQUE CARVALHO DA SILVA,438,PSD,2020,-22.9056391,-47.059564
1325,55500,AILTON LOURENÇO DA SILVA,30,PSD,2020,-22.9056391,-47.059564
1325,55555,FLÁVIO MAYNARDES ARAUJO,40,PSD,2020,-22.9056391,-47.059564
1325,55655,NELSON HOSSRI NETO,43,PSD,2020,-22.9056391,-47.059564
1325,65,ALESSANDRA RIBEIRO MARTINS,172,PC DO B,2020,-22.9056391,-47.059564
1325,65656,GUSTAVO LEMOS PETTA,35,PC DO B,2020,-22.9056391,-47.059564
1325,70030,FELIPE CEZAR MONTEIRO DE SOUZA,53,AVANTE,2020,-22.9056391,-47.059564
1325,70200,MAURO VITORIANO SANCHEZ,73,AVANTE,2020,-22.9056391,-47.059564
1325,70555,MARCELO VITAL,86,AVANTE,2020,-22.9056391,-47.059564
1325,77010,PAULO ROBERTO DOS SANTOS VIEIRA,32,SOLIDARIEDADE,2020,-22.9056391,-47.059564
1325,77088,JOÃO BATISTA DE PAULA,39,SOLIDARIEDADE,2020,-22.9056391,-47.059564
1325,95,VOTO BRANCO,2111,,2020,-22.9056391,-47.059564
1325,96,VOTO NULO,4123,,2020,-22.9056391,-47.059564
1333,10,DARIO JORGE GIOLO SAADI,2847,REPUBLICANOS,2020,-22.9056391,-47.059564
1333,10,REPUBLICANOS,33,REPUBLICANOS,2020,-22.9056391,-47.059564
1333,10123,FERNANDO CESAR RIBEIRO MENDES,52,REPUBLICANOS,2020,-22.9056391,-47.059564
1333,11111,JAIME DE SOUZA,33,PP,2020,-22.9056391,-47.059564
1333,11190,ISRAEL NANTES SANTOS,36,PP,2020,-22.9056391,-47.059564
1333,11249,NOEMIAS CAMARGO JUNIOR,38,PP,2020,-22.9056391,-47.059564
1333,12,HÉLIO DE OLIVEIRA SANTOS,63,,2020,-22.9056391,-47.059564
1333,13,PEDRO TOURINHO DE SIQUEIRA,802,PT,2020,-22.9056391,-47.059564
1333,13,Partido dos Trabalhadores,64,PT,2020,-22.9056391,-47.059564
1333,13020,MARGARIDA DA SILVA CALIXTO,42,PT,2020,-22.9056391,-47.059564
1333,13599,UBIRATAN ROBERTO ALVES FERREIRA,65,PT,2020,-22.9056391,-47.059564
1333,14,TERESINHA DE CARVALHO,142,PTB,2020,-22.9056391,-47.059564
1333,17123,SEBASTIÃO PEREIRA DOS SANTOS,57,PSL,2020,-22.9056391,-47.059564
1333,17200,EDISON RIBEIRO,38,PSL,2020,-22.9056391,-47.059564
1333,22,Partido Liberal,30,PL,2020,-22.9056391,-47.059564
1333,22,RAFAEL FERNANDO ZIMBALDI,2042,PL,2020,-22.9056391,-47.059564
1333,22123,JORGE ROBERTO SCHENEIDER,289,PL,2020,-22.9056391,-47.059564
1333,22999,GASPARINO RAIMUNDO DA SILVA,64,PL,2020,-22.9056391,-47.059564
1333,23,ANDRÉ LUIZ DE CAMARGO VON ZUBEN,39,CIDADANIA,2020,-22.9056391,-47.059564
1333,25123,WANDERLEY LUIZ SARTORI,31,DEM,2020,-22.9056391,-47.059564
1333,28,ROGÉRIO STRACIALANO PARADA,43,PRTB,2020,-22.9056391,-47.059564
1333,30777,JONATHAS DE SIQUEIRA FERREIRA,40,NOVO,2020,-22.9056391,-47.059564
1333,40222,ELIAS HERNANE AZEVEDO,36,PSB,2020,-22.9056391,-47.059564
1333,40456,PERMINIO MONTEIRO DA SILVA,41,PSB,2020,-22.9056391,-47.059564
1333,40555,LUIZ FERNANDO MARIANO MATEUS,68,PSB,2020,-22.9056391,-47.059564
1333,50100,MARIANA CONTI TAKAHASHI,83,PSOL,2020,-22.9056391,-47.059564
1333,50123,ÉLICE NATALIA BOTELHO,31,PSOL,2020,-22.9056391,-47.059564
1333,51,WILSON KELLER DE MATOS,166,PATRIOTA,2020,-22.9056391,-47.059564
1333,55,ARTUR CASSEB ORSI,615,PSD,2020,-22.9056391,-47.059564
1333,55055,MARCELO DUCHOVNI SILVA,36,PSD,2020,-22.9056391,-47.059564
1333,55655,NELSON HOSSRI NETO,32,PSD,2020,-22.9056391,-47.059564
1333,65,ALESSANDRA RIBEIRO MARTINS,210,PC DO B,2020,-22.9056391,-47.059564
1333,65222,ADRIANO APARECIDO ELIAS DA SILVA,98,PC DO B,2020,-22.9056391,-47.059564
1333,70030,FELIPE CEZAR MONTEIRO DE SOUZA,41,AVANTE,2020,-22.9056391,-47.059564
1333,77000,RICARDO JOSÉ PEREIRA,34,SOLIDARIEDADE,2020,-22.9056391,-47.059564
1333,95,VOTO BRANCO,1129,,2020,-22.9056391,-47.059564
1333,96,VOTO NULO,2477,,2020,-22.9056391,-47.059564
1341,10,DARIO JORGE GIOLO SAADI,1110,REPUBLICANOS,2020,-22.9056391,-47.059564
1341,10200,HIGOR DIEGO RALLA,276,REPUBLICANOS,2020,-22.9056391,-47.059564
1341,12,HÉLIO DE OLIVEIRA SANTOS,113,,2020,-22.9056391,-47.059564
1341,13,PEDRO TOURINHO DE SIQUEIRA,324,PT,2020,-22.9056391,-47.059564
1341,13,Partido dos Trabalhadores,32,PT,2020,-22.9056391,-47.059564
1341,14,TERESINHA DE CARVALHO,42,PTB,2020,-22.9056391,-47.059564
1341,17200,EDISON RIBEIRO,64,PSL,2020,-22.9056391,-47.059564
1341,20123,MAURICELE DA SILVA LOPES,31,PSC,2020,-22.9056391,-47.059564
1341,20320,CLAUDIO JOSÉ BERNARDES,37,PSC,2020,-22.9056391,-47.059564
1341,22,RAFAEL FERNANDO ZIMBALDI,916,PL,2020,-22.9056391,-47.059564
1341,51,WILSON KELLER DE MATOS,52,PATRIOTA,2020,-22.9056391,-47.059564
1341,55,ARTUR CASSEB ORSI,200,PSD,2020,-22.9056391,-47.059564
1341,77010,PAULO ROBERTO DOS SANTOS VIEIRA,39,SOLIDARIEDADE,2020,-22.9056391,-47.059564
1341,95,VOTO BRANCO,471,,2020,-22.9056391,-47.059564
1341,96,VOTO NULO,755,,2020,-22.9056391,-47.059564
1350,10,DARIO JORGE GIOLO SAADI,4320,REPUBLICANOS,2020,-22.9056391,-47.059564
1350,10,REPUBLICANOS,40,REPUBLICANOS,2020,-22.9056391,-47.059564
1350,10080,LUIZ FELIPE DE OLIVEIRA THEODORO,38,REPUBLICANOS,2020,-22.9056391,-47.059564
1350,10123,FERNANDO CESAR RIBEIRO MENDES,58,REPUBLICANOS,2020,-22.9056391,-47.059564
1350,11111,JAIME DE SOUZA,34,PP,2020,-22.9056391,-47.059564
1350,11181,MARCOS ALVES FERREIRA,115,PP,2020,-22.9056391,-47.059564
1350,12,HÉLIO DE OLIVEIRA SANTOS,61,,2020,-22.9056391,-47.059564
1350,13,PEDRO TOURINHO DE SIQUEIRA,1022,PT,2020,-22.9056391,-47.059564
1350,13,Partido dos Trabalhadores,80,PT,2020,-22.9056391,-47.059564
1350,13020,MARGARIDA DA SILVA CALIXTO,45,PT,2020,-22.9056391,-47.059564
1350,13123,PAOLLA CATHERINE DOS SANTOS MIGUEL AGARD,36,PT,2020,-22.9056391,-47.059564
1350,13456,ROSEMIRO APARECIDO FERREIRA,64,PT,2020,-22.9056391,-47.059564
1350,14,TERESINHA DE CARVALHO,225,PTB,2020,-22.9056391,-47.059564
1350,15000,ARNALDO SALVETTI PALÁCIO JUNIOR,61,MDB,2020,-22.9056391,-47.059564
1350,15100,YANKO GONCALVES MELLO,42,MDB,2020,-22.9056391,-47.059564
1350,17213,VALDIR APARECIDO MERIN,59,PSL,2020,-22.9056391,-47.059564
1350,20078,CARLOS EDUARDO ZANCHETA,148,PSC,2020,-22.9056391,-47.059564
1350,20345,ISAC MONEGO,38,PSC,2020,-22.9056391,-47.059564
1350,22,Partido Liberal,45,PL,2020,-22.9056391,-47.059564
1350,22,RAFAEL FERNANDO ZIMBALDI,2624,PL,2020,-22.9056391,-47.059564
1350,22111,CAROLINA LOURENÇO DEFILIPPI GONÇALVES,36,PL,2020,-22.9056391,-47.059564
1350,22123,JORGE ROBERTO SCHENEIDER,78,PL,2020,-22.9056391,-47.059564
1350,22622,EDEVALDO DE MELO,40,PL,2020,-22.9056391,-47.059564
1350,23,ANDRÉ LUIZ DE CAMARGO VON ZUBEN,100,CIDADANIA,2020,-22.9056391,-47.059564
1350,23026,MARJORIE DA COSTA HENRIQUE RODRIGUES,32,CIDADANIA,2020,-22.9056391,-47.059564
1350,23123,PAULO CESAR HADDAD,36,CIDADANIA,2020,-22.9056391,-47.059564
1350,28,ROGÉRIO STRACIALANO PARADA,166,PRTB,2020,-22.9056391,-47.059564
1350,30,Partido Novo,48,,2020,-22.9056391,-47.059564
1350,30333,FRANCISCO ASSIS DA CONCEIÇÃO,36,NOVO,2020,-22.9056391,-47.059564
1350,30500,MARIA CRISTINA DE OLIVEIRA,33,NOVO,2020,-22.9056391,-47.059564
1350,30777,JONATHAS DE SIQUEIRA FERREIRA,36,NOVO,2020,-22.9056391,-47.059564
1350,30900,DANIEL BISCOLA PEREIRA,33,NOVO,2020,-22.9056391,-47.059564
1350,30999,PAULO SÉRGIO BARCELLOS GASPAR,39,NOVO,2020,-22.9056391,-47.059564
1350,40000,LUIS MOKITI YABIKU,85,PSB,2020,-22.9056391,-47.059564
1350,40013,JAIRSON VALERIO DOS ANJOS,52,PSB,2020,-22.9056391,-47.059564
1350,40019,ALEXANDRE SPENCER RAMPAZO VASCONCELLOS,31,PSB,2020,-22.9056391,-47.059564
1350,40677,CID FERREIRA DE SOUZA,59,PSB,2020,-22.9056391,-47.059564
1350,40678,JOSÉ CARLOS SILVA,63,PSB,2020,-22.9056391,-47.059564
1350,43,ROGERIO MENEZES DE MELLO,89,PV,2020,-22.9056391,-47.059564
1350,43000,VAGNER DOS SANTOS BELLINI,31,PV,2020,-22.9056391,-47.059564
1350,43123,LUIZ CARLOS ROSSINI,47,PV,2020,-22.9056391,-47.059564
1350,43430,CARLOS ROBERTO ALVIM,46,PV,2020,-22.9056391,-47.059564
1350,45123,GUILHERME DAMASCENO FERNANDES,39,PSDB,2020,-22.9056391,-47.059564
1350,45222,JORGE DOS SANTOS MONTANARI,45,PSDB,2020,-22.9056391,-47.059564
1350,45234,MARCOS JOSÉ BERNARDELLI,54,PSDB,2020,-22.9056391,-47.059564
1350,45678,LUIZ HENRIQUE CIRILO,47,PSDB,2020,-22.9056391,-47.059564
1350,50000,PAULO ROBERTO BUFALO,47,PSOL,2020,-22.9056391,-47.059564
1350,50001,MARCELA DIAS MOREIRA,31,PSOL,2020,-22.9056391,-47.059564
1350,50100,MARIANA CONTI TAKAHASHI,149,PSOL,2020,-22.9056391,-47.059564
1350,50123,ÉLICE NATALIA BOTELHO,30,PSOL,2020,-22.9056391,-47.059564
1350,50300,LETÍCIA SOUZA MOREIRA BENEVIDES,31,PSOL,2020,-22.9056391,-47.059564
1350,51,WILSON KELLER DE MATOS,156,PATRIOTA,2020,-22.9056391,-47.059564
1350,55,ARTUR CASSEB ORSI,1322,PSD,2020,-22.9056391,-47.059564
1350,55,Partido Social Democrático,47,PSD,2020,-22.9056391,-47.059564
1350,55055,MARCELO DUCHOVNI SILVA,128,PSD,2020,-22.9056391,-47.059564
1350,55555,FLÁVIO MAYNARDES ARAUJO,63,PSD,2020,-22.9056391,-47.059564
1350,55655,NELSON HOSSRI NETO,88,PSD,2020,-22.9056391,-47.059564
1350,65,ALESSANDRA RIBEIRO MARTINS,135,PC DO B,2020,-22.9056391,-47.059564
1350,65656,GUSTAVO LEMOS PETTA,33,PC DO B,2020,-22.9056391,-47.059564
1350,70030,FELIPE CEZAR MONTEIRO DE SOUZA,54,AVANTE,2020,-22.9056391,-47.059564
1350,70190,CLODOALDO MAIOLINI FILHO,35,AVANTE,2020,-22.9056391,-47.059564
1350,70700,VITO ANTONIO LUGIANNATIELLO,31,AVANTE,2020,-22.9056391,-47.059564
1350,77118,CARLOS ANTONIO DE MENDONÇA,107,SOLIDARIEDADE,2020,-22.9056391,-47.059564
1350,95,VOTO BRANCO,1354,,2020,-22.9056391,-47.059564
1350,96,VOTO NULO,2906,,2020,-22.9056391,-47.059564
1368,10,DARIO JORGE GIOLO SAADI,5582,REPUBLICANOS,2020,-22.9056391,-47.059564
1368,10,REPUBLICANOS,60,REPUBLICANOS,2020,-22.9056391,-47.059564
1368,10123,FERNANDO CESAR RIBEIRO MENDES,83,REPUBLICANOS,2020,-22.9056391,-47.059564
1368,10234,JAKSSON LEANDRO LUCIANO GONÇALVES,141,REPUBLICANOS,2020,-22.9056391,-47.059564
1368,11000,ANTONIO JOSÉ SOARES DOS SANTOS,30,PP,2020,-22.9056391,-47.059564
1368,11038,EDERSON PERIN MARTINS,39,PP,2020,-22.9056391,-47.059564
1368,11111,JAIME DE SOUZA,62,PP,2020,-22.9056391,-47.059564
1368,11181,MARCOS ALVES FERREIRA,106,PP,2020,-22.9056391,-47.059564
1368,11190,ISRAEL NANTES SANTOS,37,PP,2020,-22.9056391,-47.059564
1368,11311,ALMIRANTE PEDRO ALVARES CABRAL,85,PP,2020,-22.9056391,-47.059564
1368,12,HÉLIO DE OLIVEIRA SANTOS,114,,2020,-22.9056391,-47.059564
1368,12345,AURELIO JOSE CLAUDIO,47,PDT,2020,-22.9056391,-47.059564
1368,13,PEDRO TOURINHO DE SIQUEIRA,1469,PT,2020,-22.9056391,-47.059564
1368,13,Partido dos Trabalhadores,126,PT,2020,-22.9056391,-47.059564
1368,13020,MARGARIDA DA SILVA CALIXTO,65,PT,2020,-22.9056391,-47.059564
1368,13123,PAOLLA CATHERINE DOS SANTOS MIGUEL AGARD,32,PT,2020,-22.9056391,-47.059564
1368,13300,WAGNER DE MELO ROMÃO,43,PT,2020,-22.9056391,-47.059564
1368,13331,VERA LÚCIA RODRIGUES DE FARIA,33,PT,2020,-22.9056391,-47.059564
1368,13613,CARLOS ROBERTO DE OLIVEIRA,41,PT,2020,-22.9056391,-47.059564
1368,14,TERESINHA DE CARVALHO,249,PTB,2020,-22.9056391,-47.059564
1368,15000,ARNALDO SALVETTI PALÁCIO JUNIOR,67,MDB,2020,-22.9056391,-47.059564
1368,15100,YANKO GONCALVES MELLO,55,MDB,2020,-22.9056391,-47.059564
1368,17000,APARECIDO SOUZA SANTOS,30,PSL,2020,-22.9056391,-47.059564
1368,17200,EDISON RIBEIRO,61,PSL,2020,-22.9056391,-47.059564
1368,17800,JEZIEL SEVERINO DA SILVA,55,PSL,2020,-22.9056391,-47.059564
1368,17888,LUIZ CARLOS MOLINA,33,PSL,2020,-22.9056391,-47.059564
1368,19017,FERNANDO LUIS COUTINHO NEVES,32,PODE,2020,-22.9056391,-47.059564
1368,19555,EDUARDO DOS REIS MAGOGA,34,PODE,2020,-22.9056391,-47.059564
1368,20240,SILVIA BATISTA DOS SANTOS,63,PSC,2020,-22.9056391,-47.059564
1368,22,Partido Liberal,62,PL,2020,-22.9056391,-47.059564
1368,22,RAFAEL FERNANDO ZIMBALDI,4367,PL,2020,-22.9056391,-47.059564
1368,22000,ALBERTO ALVES DA FONSECA,64,PL,2020,-22.9056391,-47.059564
1368,22111,CAROLINA LOURENÇO DEFILIPPI GONÇALVES,52,PL,2020,-22.9056391,-47.059564
1368,22123,JORGE ROBERTO SCHENEIDER,33,PL,2020,-22.9056391,-47.059564
1368,22222,PAULO SERGIO GALTÉRIO,31,PL,2020,-22.9056391,-47.059564
1368,22622,EDEVALDO DE MELO,74,PL,2020,-22.9056391,-47.059564
1368,22999,GASPARINO RAIMUNDO DA SILVA,32,PL,2020,-22.9056391,-47.059564
1368,23,ANDRÉ LUIZ DE CAMARGO VON ZUBEN,109,CIDADANIA,2020,-22.9056391,-47.059564
1368,23123,PAULO CESAR HADDAD,58,CIDADANIA,2020,-22.9056391,-47.059564
1368,25000,RODRIGO LUIS DE BARROS ALMEIDA,33,DEM,2020,-22.9056391,-47.059564
1368,25031,CLAUDEMIR DOMINGOS,73,DEM,2020,-22.9056391,-47.059564
1368,28,ROGÉRIO STRACIALANO PARADA,193,PRTB,2020,-22.9056391,-47.059564
1368,30,Partido Novo,41,,2020,-22.9056391,-47.059564
1368,30000,ANDRE ROBERTO FREITAS FERREIRA PINTO,47,NOVO,2020,-22.9056391,-47.059564
1368,30500,MARIA CRISTINA DE OLIVEIRA,33,NOVO,2020,-22.9056391,-47.059564
1368,30777,JONATHAS DE SIQUEIRA FERREIRA,51,NOVO,2020,-22.9056391,-47.059564
1368,30900,DANIEL BISCOLA PEREIRA,30,NOVO,2020,-22.9056391,-47.059564
1368,30999,PAULO SÉRGIO BARCELLOS GASPAR,47,NOVO,2020,-22.9056391,-47.059564
1368,40000,LUIS MOKITI YABIKU,119,PSB,2020,-22.9056391,-47.059564
1368,40019,ALEXANDRE SPENCER RAMPAZO VASCONCELLOS,31,PSB,2020,-22.9056391,-47.059564
1368,40112,FILIPE BATISTA MARCHESI,444,PSB,2020,-22.9056391,-47.059564
1368,40123,GILBERTO CARLOS CARDOSO,35,PSB,2020,-22.9056391,-47.059564
1368,40222,ELIAS HERNANE AZEVEDO,42,PSB,2020,-22.9056391,-47.059564
1368,40580,JOSE CARLOS DOS SANTOS,46,PSB,2020,-22.9056391,-47.059564
1368,40678,JOSÉ CARLOS SILVA,86,PSB,2020,-22.9056391,-47.059564
1368,43,ROGERIO MENEZES DE MELLO,95,PV,2020,-22.9056391,-47.059564
1368,43123,LUIZ CARLOS ROSSINI,62,PV,2020,-22.9056391,-47.059564
1368,43430,CARLOS ROBERTO ALVIM,47,PV,2020,-22.9056391,-47.059564
1368,45123,GUILHERME DAMASCENO FERNANDES,34,PSDB,2020,-22.9056391,-47.059564
1368,45222,JORGE DOS SANTOS MONTANARI,44,PSDB,2020,-22.9056391,-47.059564
1368,45234,MARCOS JOSÉ BERNARDELLI,37,PSDB,2020,-22.9056391,-47.059564
1368,45678,LUIZ HENRIQUE CIRILO,47,PSDB,2020,-22.9056391,-47.059564
1368,50000,PAULO ROBERTO BUFALO,42,PSOL,2020,-22.9056391,-47.059564
1368,50001,MARCELA DIAS MOREIRA,41,PSOL,2020,-22.9056391,-47.059564
1368,50100,MARIANA CONTI TAKAHASHI,164,PSOL,2020,-22.9056391,-47.059564
1368,50123,ÉLICE NATALIA BOTELHO,36,PSOL,2020,-22.9056391,-47.059564
1368,50300,LETÍCIA SOUZA MOREIRA BENEVIDES,47,PSOL,2020,-22.9056391,-47.059564
1368,51,WILSON KELLER DE MATOS,255,PATRIOTA,2020,-22.9056391,-47.059564
1368,55,ARTUR CASSEB ORSI,1594,PSD,2020,-22.9056391,-47.059564
1368,55,Partido Social Democrático,41,PSD,2020,-22.9056391,-47.059564
1368,55055,MARCELO DUCHOVNI SILVA,92,PSD,2020,-22.9056391,-47.059564
1368,55123,ANGELO DINIZ,33,PSD,2020,-22.9056391,-47.059564
1368,55500,AILTON LOURENÇO DA SILVA,40,PSD,2020,-22.9056391,-47.059564
1368,55555,FLÁVIO MAYNARDES ARAUJO,40,PSD,2020,-22.9056391,-47.059564
1368,55655,NELSON HOSSRI NETO,66,PSD,2020,-22.9056391,-47.059564
1368,65,ALESSANDRA RIBEIRO MARTINS,190,PC DO B,2020,-22.9056391,-47.059564
1368,65123,ORESTES AUGUSTO TOLEDO,34,PC DO B,2020,-22.9056391,-47.059564
1368,65656,GUSTAVO LEMOS PETTA,62,PC DO B,2020,-22.9056391,-47.059564
1368,70030,FELIPE CEZAR MONTEIRO DE SOUZA,55,AVANTE,2020,-22.9056391,-47.059564
1368,70123,VALDEIR LUCCHIARI,45,AVANTE,2020,-22.9056391,-47.059564
1368,77677,CLOVIS CORDEIRO,109,SOLIDARIEDADE,2020,-22.9056391,-47.059564
1368,77767,JULIANO ANTONIO MARÇAL,382,SOLIDARIEDADE,2020,-22.9056391,-47.059564
1368,95,VOTO BRANCO,2100,,2020,-22.9056391,-47.059564
1368,96,VOTO NULO,3999,,2020,-22.9056391,-47.059564
1376,10,DARIO JORGE GIOLO SAADI,2679,REPUBLICANOS,2020,-22.9056391,-47.059564
1376,10123,FERNANDO CESAR RIBEIRO MENDES,62,REPUBLICANOS,2020,-22.9056391,-47.059564
1376,12,HÉLIO DE OLIVEIRA SANTOS,59,,2020,-22.9056391,-47.059564
1376,12345,AURELIO JOSE CLAUDIO,47,PDT,2020,-22.9056391,-47.059564
1376,13,PEDRO TOURINHO DE SIQUEIRA,783,PT,2020,-22.9056391,-47.059564
1376,13,Partido dos Trabalhadores,69,PT,2020,-22.9056391,-47.059564
1376,13123,PAOLLA CATHERINE DOS SANTOS MIGUEL AGARD,35,PT,2020,-22.9056391,-47.059564
1376,13331,VERA LÚCIA RODRIGUES DE FARIA,34,PT,2020,-22.9056391,-47.059564
1376,14,TERESINHA DE CARVALHO,152,PTB,2020,-22.9056391,-47.059564
1376,17200,EDISON RIBEIRO,33,PSL,2020,-22.9056391,-47.059564
1376,20620,GILBERTO LEÃO DE ARAUJO,60,PSC,2020,-22.9056391,-47.059564
1376,22,Partido Liberal,45,PL,2020,-22.9056391,-47.059564
1376,22,RAFAEL FERNANDO ZIMBALDI,2597,PL,2020,-22.9056391,-47.059564
1376,22000,ALBERTO ALVES DA FONSECA,52,PL,2020,-22.9056391,-47.059564
1376,23,ANDRÉ LUIZ DE CAMARGO VON ZUBEN,82,CIDADANIA,2020,-22.9056391,-47.059564
1376,23698,RILDO CARLOS PRAZERES DOS SANTOS,52,CIDADANIA,2020,-22.9056391,-47.059564
1376,25000,RODRIGO LUIS DE BARROS ALMEIDA,131,DEM,2020,-22.9056391,-47.059564
1376,28,ROGÉRIO STRACIALANO PARADA,49,PRTB,2020,-22.9056391,-47.059564
1376,40000,LUIS MOKITI YABIKU,57,PSB,2020,-22.9056391,-47.059564
1376,40580,JOSE CARLOS DOS SANTOS,37,PSB,2020,-22.9056391,-47.059564
1376,43,ROGERIO MENEZES DE MELLO,45,PV,2020,-22.9056391,-47.059564
1376,50050,JOSÉ APARECIDO RODRIGUES DE SOUZA,39,PSOL,2020,-22.9056391,-47.059564
1376,50100,MARIANA CONTI TAKAHASHI,79,PSOL,2020,-22.9056391,-47.059564
1376,51,WILSON KELLER DE MATOS,114,PATRIOTA,2020,-22.9056391,-47.059564
1376,55,ARTUR CASSEB ORSI,590,PSD,2020,-22.9056391,-47.059564
1376,55055,MARCELO DUCHOVNI SILVA,43,PSD,2020,-22.9056391,-47.059564
1376,55655,NELSON HOSSRI NETO,37,PSD,2020,-22.9056391,-47.059564
1376,65,ALESSANDRA RIBEIRO MARTINS,85,PC DO B,2020,-22.9056391,-47.059564
1376,65300,GEREMIAS MARTINS DE OLIVEIRA,43,PC DO B,2020,-22.9056391,-47.059564
1376,70123,VALDEIR LUCCHIARI,39,AVANTE,2020,-22.9056391,-47.059564
1376,70555,MARCELO VITAL,145,AVANTE,2020,-22.9056391,-47.059564
1376,77222,JOSÉ FERNANDES SILVA,60,SOLIDARIEDADE,2020,-22.9056391,-47.059564
1376,77567,SUELI SENE LEMOS DE MATOS,32,SOLIDARIEDADE,2020,-22.9056391,-47.059564
1376,95,VOTO BRANCO,1198,,2020,-22.9056391,-47.059564
1376,96,VOTO NULO,2137,,2020,-22.9056391,-47.059564
1384,10,DARIO JORGE GIOLO SAADI,2731,REPUBLICANOS,2020,-22.9056391,-47.059564
1384,10123,FERNANDO CESAR RIBEIRO MENDES,77,REPUBLICANOS,2020,-22.9056391,-47.059564
1384,10200,HIGOR DIEGO RALLA,392,REPUBLICANOS,2020,-22.9056391,-47.059564
1384,12,HÉLIO DE OLIVEIRA SANTOS,212,,2020,-22.9056391,-47.059564
1384,13,PEDRO TOURINHO DE SIQUEIRA,843,PT,2020,-22.9056391,-47.059564
1384,13,Partido dos Trabalhadores,72,PT,2020,-22.9056391,-47.059564
1384,13020,MARGARIDA DA SILVA CALIXTO,45,PT,2020,-22.9056391,-47.059564
1384,14,TERESINHA DE CARVALHO,107,PTB,2020,-22.9056391,-47.059564
1384,15271,JOSE CANDIDO DA SILVA,32,MDB,2020,-22.9056391,-47.059564
1384,17200,EDISON RIBEIRO,54,PSL,2020,-22.9056391,-47.059564
1384,19099,JOÃO OLIMPIO SANTANA FERREIRA,159,PODE,2020,-22.9056391,-47.059564
1384,19422,ARMANDO LOPES,118,PODE,2020,-22.9056391,-47.059564
1384,20123,MAURICELE DA SILVA LOPES,62,PSC,2020,-22.9056391,-47.059564
1384,20320,CLAUDIO JOSÉ BERNARDES,154,PSC,2020,-22.9056391,-47.059564
1384,22,Partido Liberal,38,PL,2020,-22.9056391,-47.059564
1384,22,RAFAEL FERNANDO ZIMBALDI,2426,PL,2020,-22.9056391,-47.059564
1384,22000,ALBERTO ALVES DA FONSECA,31,PL,2020,-22.9056391,-47.059564
1384,22567,OTTO ALEJANDRO RIGAZZO ETTINGER,45,PL,2020,-22.9056391,-47.059564
1384,23,ANDRÉ LUIZ DE CAMARGO VON ZUBEN,42,CIDADANIA,2020,-22.9056391,-47.059564
1384,25000,RODRIGO LUIS DE BARROS ALMEIDA,38,DEM,2020,-22.9056391,-47.059564
1384,28,ROGÉRIO STRACIALANO PARADA,51,PRTB,2020,-22.9056391,-47.059564
1384,40112,FILIPE BATISTA MARCHESI,40,PSB,2020,-22.9056391,-47.059564
1384,40123,GILBERTO CARLOS CARDOSO,52,PSB,2020,-22.9056391,-47.059564
1384,43,ROGERIO MENEZES DE MELLO,32,PV,2020,-22.9056391,-47.059564
1384,50100,MARIANA CONTI TAKAHASHI,40,PSOL,2020,-22.9056391,-47.059564
1384,51,WILSON KELLER DE MATOS,170,PATRIOTA,2020,-22.9056391,-47.059564
1384,55,ARTUR CASSEB ORSI,571,PSD,2020,-22.9056391,-47.059564
1384,65,ALESSANDRA RIBEIRO MARTINS,81,PC DO B,2020,-22.9056391,-47.059564
1384,77010,PAULO ROBERTO DOS SANTOS VIEIRA,85,SOLIDARIEDADE,2020,-22.9056391,-47.059564
1384,95,VOTO BRANCO,1162,,2020,-22.9056391,-47.059564
1384,96,VOTO NULO,2088,,2020,-22.9056391,-47.059564
1392,10,DARIO JORGE GIOLO SAADI,4873,REPUBLICANOS,2020,-22.9056391,-47.059564
1392,10,REPUBLICANOS,67,REPUBLICANOS,2020,-22.9056391,-47.059564
1392,10123,FERNANDO CESAR RIBEIRO MENDES,98,REPUBLICANOS,2020,-22.9056391,-47.059564
1392,10200,HIGOR DIEGO RALLA,338,REPUBLICANOS,2020,-22.9056391,-47.059564
1392,10555,FLAUBERT DE ARAUJO,84,REPUBLICANOS,2020,-22.9056391,-47.059564
1392,11111,JAIME DE SOUZA,65,PP,2020,-22.9056391,-47.059564
1392,11190,ISRAEL NANTES SANTOS,31,PP,2020,-22.9056391,-47.059564
1392,11311,ALMIRANTE PEDRO ALVARES CABRAL,35,PP,2020,-22.9056391,-47.059564
1392,12,HÉLIO DE OLIVEIRA SANTOS,176,,2020,-22.9056391,-47.059564
1392,13,PEDRO TOURINHO DE SIQUEIRA,1473,PT,2020,-22.9056391,-47.059564
1392,13,Partido dos Trabalhadores,146,PT,2020,-22.9056391,-47.059564
1392,13011,CECÍLIO SERAFIM DOS SANTOS,50,PT,2020,-22.9056391,-47.059564
1392,13020,MARGARIDA DA SILVA CALIXTO,53,PT,2020,-22.9056391,-47.059564
1392,13100,LUIZ CARLOS FELICIDADE,114,PT,2020,-22.9056391,-47.059564
1392,13123,PAOLLA CATHERINE DOS SANTOS MIGUEL AGARD,40,PT,2020,-22.9056391,-47.059564
1392,14,TERESINHA DE CARVALHO,245,PTB,2020,-22.9056391,-47.059564
1392,15000,ARNALDO SALVETTI PALÁCIO JUNIOR,50,MDB,2020,-22.9056391,-47.059564
1392,15100,YANKO GONCALVES MELLO,30,MDB,2020,-22.9056391,-47.059564
1392,17200,EDISON RIBEIRO,57,PSL,2020,-22.9056391,-47.059564
1392,17500,ORLEANS DE SA ALENCAR,34,PSL,2020,-22.9056391,-47.059564
1392,20123,MAURICELE DA SILVA LOPES,59,PSC,2020,-22.9056391,-47.059564
1392,22,Partido Liberal,51,PL,2020,-22.9056391,-47.059564
1392,22,RAFAEL FERNANDO ZIMBALDI,4039,PL,2020,-22.9056391,-47.059564
1392,22000,ALBERTO ALVES DA FONSECA,44,PL,2020,-22.9056391,-47.059564
1392,22123,JORGE ROBERTO SCHENEIDER,53,PL,2020,-22.9056391,-47.059564
1392,22222,PAULO SERGIO GALTÉRIO,132,PL,2020,-22.9056391,-47.059564
1392,22567,OTTO ALEJANDRO RIGAZZO ETTINGER,72,PL,2020,-22.9056391,-47.059564
1392,23,ANDRÉ LUIZ DE CAMARGO VON ZUBEN,79,CIDADANIA,2020,-22.9056391,-47.059564
1392,23123,PAULO CESAR HADDAD,30,CIDADANIA,2020,-22.9056391,-47.059564
1392,25000,RODRIGO LUIS DE BARROS ALMEIDA,247,DEM,2020,-22.9056391,-47.059564
1392,28,ROGÉRIO STRACIALANO PARADA,145,PRTB,2020,-22.9056391,-47.059564
1392,30,Partido Novo,42,,2020,-22.9056391,-47.059564
1392,30000,ANDRE ROBERTO FREITAS FERREIRA PINTO,54,NOVO,2020,-22.9056391,-47.059564
1392,30500,MARIA CRISTINA DE OLIVEIRA,32,NOVO,2020,-22.9056391,-47.059564
1392,30777,JONATHAS DE SIQUEIRA FERREIRA,42,NOVO,2020,-22.9056391,-47.059564
1392,30900,DANIEL BISCOLA PEREIRA,31,NOVO,2020,-22.9056391,-47.059564
1392,30999,PAULO SÉRGIO BARCELLOS GASPAR,47,NOVO,2020,-22.9056391,-47.059564
1392,40000,LUIS MOKITI YABIKU,120,PSB,2020,-22.9056391,-47.059564
1392,40123,GILBERTO CARLOS CARDOSO,41,PSB,2020,-22.9056391,-47.059564
1392,40580,JOSE CARLOS DOS SANTOS,50,PSB,2020,-22.9056391,-47.059564
1392,40677,CID FERREIRA DE SOUZA,60,PSB,2020,-22.9056391,-47.059564
1392,40678,JOSÉ CARLOS SILVA,35,PSB,2020,-22.9056391,-47.059564
1392,43,ROGERIO MENEZES DE MELLO,95,PV,2020,-22.9056391,-47.059564
1392,43123,LUIZ CARLOS ROSSINI,45,PV,2020,-22.9056391,-47.059564
1392,45222,JORGE DOS SANTOS MONTANARI,80,PSDB,2020,-22.9056391,-47.059564
1392,45234,MARCOS JOSÉ BERNARDELLI,34,PSDB,2020,-22.9056391,-47.059564
1392,45678,LUIZ HENRIQUE CIRILO,41,PSDB,2020,-22.9056391,-47.059564
1392,50000,PAULO ROBERTO BUFALO,56,PSOL,2020,-22.9056391,-47.059564
1392,50001,MARCELA DIAS MOREIRA,48,PSOL,2020,-22.9056391,-47.059564
1392,50100,MARIANA CONTI TAKAHASHI,140,PSOL,2020,-22.9056391,-47.059564
1392,50123,ÉLICE NATALIA BOTELHO,33,PSOL,2020,-22.9056391,-47.059564
1392,51,WILSON KELLER DE MATOS,241,PATRIOTA,2020,-22.9056391,-47.059564
1392,55,ARTUR CASSEB ORSI,1240,PSD,2020,-22.9056391,-47.059564
1392,55,Partido Social Democrático,47,PSD,2020,-22.9056391,-47.059564
1392,55055,MARCELO DUCHOVNI SILVA,89,PSD,2020,-22.9056391,-47.059564
1392,55123,ANGELO DINIZ,36,PSD,2020,-22.9056391,-47.059564
1392,55321,LUIS HENRIQUE CARVALHO DA SILVA,138,PSD,2020,-22.9056391,-47.059564
1392,55555,FLÁVIO MAYNARDES ARAUJO,44,PSD,2020,-22.9056391,-47.059564
1392,55655,NELSON HOSSRI NETO,75,PSD,2020,-22.9056391,-47.059564
1392,65,ALESSANDRA RIBEIRO MARTINS,197,PC DO B,2020,-22.9056391,-47.059564
1392,65656,GUSTAVO LEMOS PETTA,41,PC DO B,2020,-22.9056391,-47.059564
1392,70030,FELIPE CEZAR MONTEIRO DE SOUZA,42,AVANTE,2020,-22.9056391,-47.059564
1392,70555,MARCELO VITAL,33,AVANTE,2020,-22.9056391,-47.059564
1392,77118,CARLOS ANTONIO DE MENDONÇA,54,SOLIDARIEDADE,2020,-22.9056391,-47.059564
1392,77677,CLOVIS CORDEIRO,108,SOLIDARIEDADE,2020,-22.9056391,-47.059564
1392,77800,CREBIO DINIZ DE ALMEIDA,32,SOLIDARIEDADE,2020,-22.9056391,-47.059564
1392,95,VOTO BRANCO,1826,,2020,-22.9056391,-47.059564
1392,96,VOTO NULO,3381,,2020,-22.9056391,-47.059564
1406,10,DARIO JORGE GIOLO SAADI,2321,REPUBLICANOS,2020,-22.9056391,-47.059564
1406,10123,FERNANDO CESAR RIBEIRO MENDES,70,REPUBLICANOS,2020,-22.9056391,-47.059564
1406,10200,HIGOR DIEGO RALLA,211,REPUBLICANOS,2020,-22.9056391,-47.059564
1406,12,HÉLIO DE OLIVEIRA SANTOS,131,,2020,-22.9056391,-47.059564
1406,13,PEDRO TOURINHO DE SIQUEIRA,915,PT,2020,-22.9056391,-47.059564
1406,13,Partido dos Trabalhadores,85,PT,2020,-22.9056391,-47.059564
1406,13011,CECÍLIO SERAFIM DOS SANTOS,55,PT,2020,-22.9056391,-47.059564
1406,13613,CARLOS ROBERTO DE OLIVEIRA,42,PT,2020,-22.9056391,-47.059564
1406,14,TERESINHA DE CARVALHO,82,PTB,2020,-22.9056391,-47.059564
1406,15789,JOSE CARLOS DO NASCIMENTO OLIVEIRA,40,MDB,2020,-22.9056391,-47.059564
1406,17200,EDISON RIBEIRO,120,PSL,2020,-22.9056391,-47.059564
1406,19555,EDUARDO DOS REIS MAGOGA,118,PODE,2020,-22.9056391,-47.059564
1406,20123,MAURICELE DA SILVA LOPES,34,PSC,2020,-22.9056391,-47.059564
1406,20224,REGINALDO DOS SANTOS NUNES,34,PSC,2020,-22.9056391,-47.059564
1406,22,Partido Liberal,46,PL,2020,-22.9056391,-47.059564
1406,22,RAFAEL FERNANDO ZIMBALDI,2809,PL,2020,-22.9056391,-47.059564
1406,22000,ALBERTO ALVES DA FONSECA,50,PL,2020,-22.9056391,-47.059564
1406,23,ANDRÉ LUIZ DE CAMARGO VON ZUBEN,34,CIDADANIA,2020,-22.9056391,-47.059564
1406,25030,ITAMAR MARTINS CAMPOY,51,DEM,2020,-22.9056391,-47.059564
1406,40112,FILIPE BATISTA MARCHESI,34,PSB,2020,-22.9056391,-47.059564
1406,40123,GILBERTO CARLOS CARDOSO,37,PSB,2020,-22.9056391,-47.059564
1406,40580,JOSE CARLOS DOS SANTOS,60,PSB,2020,-22.9056391,-47.059564
1406,40678,JOSÉ CARLOS SILVA,105,PSB,2020,-22.9056391,-47.059564
1406,40900,JOSE HONORATO DOS SANTOS,68,PSB,2020,-22.9056391,-47.059564
1406,43190,CARLOS ROBERTO DOS SANTOS,37,PV,2020,-22.9056391,-47.059564
1406,50150,JOSE LITO DA SILVA NASCIMENTO,46,PSOL,2020,-22.9056391,-47.059564
1406,51,WILSON KELLER DE MATOS,132,PATRIOTA,2020,-22.9056391,-47.059564
1406,55,ARTUR CASSEB ORSI,398,PSD,2020,-22.9056391,-47.059564
1406,65,ALESSANDRA RIBEIRO MARTINS,79,PC DO B,2020,-22.9056391,-47.059564
1406,77088,JOÃO BATISTA DE PAULA,426,SOLIDARIEDADE,2020,-22.9056391,-47.059564
1406,95,VOTO BRANCO,1374,,2020,-22.9056391,-47.059564
1406,96,VOTO NULO,1856,,2020,-22.9056391,-47.059564
1414,10,DARIO JORGE GIOLO SAADI,5398,REPUBLICANOS,2020,-22.9056391,-47.059564
1414,10,REPUBLICANOS,82,REPUBLICANOS,2020,-22.9056391,-47.059564
1414,10123,FERNANDO CESAR RIBEIRO MENDES,113,REPUBLICANOS,2020,-22.9056391,-47.059564
1414,10200,HIGOR DIEGO RALLA,671,REPUBLICANOS,2020,-22.9056391,-47.059564
1414,11190,ISRAEL NANTES SANTOS,49,PP,2020,-22.9056391,-47.059564
1414,12,HÉLIO DE OLIVEIRA SANTOS,287,,2020,-22.9056391,-47.059564
1414,12,Partido Democrático Trabalhista,31,,2020,-22.9056391,-47.059564
1414,12000,VIVIANE REGINA DE LIMA CRISPIM,37,PDT,2020,-22.9056391,-47.059564
1414,13,PEDRO TOURINHO DE SIQUEIRA,1503,PT,2020,-22.9056391,-47.059564
1414,13,Partido dos Trabalhadores,138,PT,2020,-22.9056391,-47.059564
1414,13011,CECÍLIO SERAFIM DOS SANTOS,90,PT,2020,-22.9056391,-47.059564
1414,13020,MARGARIDA DA SILVA CALIXTO,33,PT,2020,-22.9056391,-47.059564
1414,13100,LUIZ CARLOS FELICIDADE,43,PT,2020,-22.9056391,-47.059564
1414,13123,PAOLLA CATHERINE DOS SANTOS MIGUEL AGARD,56,PT,2020,-22.9056391,-47.059564
1414,14,TERESINHA DE CARVALHO,268,PTB,2020,-22.9056391,-47.059564
1414,15000,ARNALDO SALVETTI PALÁCIO JUNIOR,36,MDB,2020,-22.9056391,-47.059564
1414,15789,JOSE CARLOS DO NASCIMENTO OLIVEIRA,32,MDB,2020,-22.9056391,-47.059564
1414,17200,EDISON RIBEIRO,96,PSL,2020,-22.9056391,-47.059564
1414,17620,PEDRO ALVES MARTINS,98,PSL,2020,-22.9056391,-47.059564
1414,17717,ANTONIO VILSON DOS SANTOS,34,PSL,2020,-22.9056391,-47.059564
1414,17800,JEZIEL SEVERINO DA SILVA,79,PSL,2020,-22.9056391,-47.059564
1414,19555,EDUARDO DOS REIS MAGOGA,497,PODE,2020,-22.9056391,-47.059564
1414,20123,MAURICELE DA SILVA LOPES,58,PSC,2020,-22.9056391,-47.059564
1414,20620,GILBERTO LEÃO DE ARAUJO,158,PSC,2020,-22.9056391,-47.059564
1414,22,Partido Liberal,94,PL,2020,-22.9056391,-47.059564
1414,22,RAFAEL FERNANDO ZIMBALDI,5787,PL,2020,-22.9056391,-47.059564
1414,22000,ALBERTO ALVES DA FONSECA,105,PL,2020,-22.9056391,-47.059564
1414,22222,PAULO SERGIO GALTÉRIO,35,PL,2020,-22.9056391,-47.059564
1414,22243,ABRAÃO STREY,42,PL,2020,-22.9056391,-47.059564
1414,22567,OTTO ALEJANDRO RIGAZZO ETTINGER,71,PL,2020,-22.9056391,-47.059564
1414,22622,EDEVALDO DE MELO,33,PL,2020,-22.9056391,-47.059564
1414,22789,JUSCELINO DE SOUZA MARTINS,59,PL,2020,-22.9056391,-47.059564
1414,23,ANDRÉ LUIZ DE CAMARGO VON ZUBEN,67,CIDADANIA,2020,-22.9056391,-47.059564
1414,23023,MIKAIL CARDOSO SOARES,77,CIDADANIA,2020,-22.9056391,-47.059564
1414,25000,RODRIGO LUIS DE BARROS ALMEIDA,100,DEM,2020,-22.9056391,-47.059564
1414,25110,AMANDO RIBEIRO DOS SANTOS JUNIOR,245,DEM,2020,-22.9056391,-47.059564
1414,25500,RUBENS SOARES DO NASCIMENTO,47,DEM,2020,-22.9056391,-47.059564
1414,25999,MARCONE JOSÉ DE LIMA,42,DEM,2020,-22.9056391,-47.059564
1414,28,ROGÉRIO STRACIALANO PARADA,63,PRTB,2020,-22.9056391,-47.059564
1414,30777,JONATHAS DE SIQUEIRA FERREIRA,31,NOVO,2020,-22.9056391,-47.059564
1414,40040,ADILSON DE SOUZA ROCHA,33,PSB,2020,-22.9056391,-47.059564
1414,40110,ARMINDO LIMA DE ALMEIDA,116,PSB,2020,-22.9056391,-47.059564
1414,40112,FILIPE BATISTA MARCHESI,75,PSB,2020,-22.9056391,-47.059564
1414,40123,GILBERTO CARLOS CARDOSO,42,PSB,2020,-22.9056391,-47.059564
1414,40222,ELIAS HERNANE AZEVEDO,85,PSB,2020,-22.9056391,-47.059564
1414,40580,JOSE CARLOS DOS SANTOS,67,PSB,2020,-22.9056391,-47.059564
1414,40678,JOSÉ CARLOS SILVA,693,PSB,2020,-22.9056391,-47.059564
1414,43,ROGERIO MENEZES DE MELLO,51,PV,2020,-22.9056391,-47.059564
1414,43123,LUIZ CARLOS ROSSINI,40,PV,2020,-22.9056391,-47.059564
1414,50100,MARIANA CONTI TAKAHASHI,83,PSOL,2020,-22.9056391,-47.059564
1414,51,WILSON KELLER DE MATOS,276,PATRIOTA,2020,-22.9056391,-47.059564
1414,55,ARTUR CASSEB ORSI,911,PSD,2020,-22.9056391,-47.059564
1414,55,Partido Social Democrático,34,PSD,2020,-22.9056391,-47.059564
1414,55321,LUIS HENRIQUE CARVALHO DA SILVA,43,PSD,2020,-22.9056391,-47.059564
1414,55678,ABIATA JOSE DE LIMA,46,PSD,2020,-22.9056391,-47.059564
1414,65,ALESSANDRA RIBEIRO MARTINS,167,PC DO B,2020,-22.9056391,-47.059564
1414,70030,FELIPE CEZAR MONTEIRO DE SOUZA,32,AVANTE,2020,-22.9056391,-47.059564
1414,70133,HELIO ALVES MOREIRA,32,AVANTE,2020,-22.9056391,-47.059564
1414,70555,MARCELO VITAL,357,AVANTE,2020,-22.9056391,-47.059564
1414,70800,ELIAS AGOSTINHO,34,,2020,-22.9056391,-47.059564
1414,77010,PAULO ROBERTO DOS SANTOS VIEIRA,42,SOLIDARIEDADE,2020,-22.9056391,-47.059564
1414,95,VOTO BRANCO,2535,,2020,-22.9056391,-47.059564
1414,96,VOTO NULO,3736,,2020,-22.9056391,-47.059564
1422,10,DARIO JORGE GIOLO SAADI,4504,REPUBLICANOS,2020,-22.9056391,-47.059564
1422,10,REPUBLICANOS,61,REPUBLICANOS,2020,-22.9056391,-47.059564
1422,10123,FERNANDO CESAR RIBEIRO MENDES,76,REPUBLICANOS,2020,-22.9056391,-47.059564
1422,10200,HIGOR DIEGO RALLA,37,REPUBLICANOS,2020,-22.9056391,-47.059564
1422,10234,JAKSSON LEANDRO LUCIANO GONÇALVES,120,REPUBLICANOS,2020,-22.9056391,-47.059564
1422,10333,NOEMI SILVANA PRATES DE OLIVEIRA,35,REPUBLICANOS,2020,-22.9056391,-47.059564
1422,11111,JAIME DE SOUZA,33,PP,2020,-22.9056391,-47.059564
1422,11190,ISRAEL NANTES SANTOS,44,PP,2020,-22.9056391,-47.059564
1422,12,HÉLIO DE OLIVEIRA SANTOS,134,,2020,-22.9056391,-47.059564
1422,12345,AURELIO JOSE CLAUDIO,56,PDT,2020,-22.9056391,-47.059564
1422,13,PEDRO TOURINHO DE SIQUEIRA,1299,PT,2020,-22.9056391,-47.059564
1422,13,Partido dos Trabalhadores,95,PT,2020,-22.9056391,-47.059564
1422,13020,MARGARIDA DA SILVA CALIXTO,61,PT,2020,-22.9056391,-47.059564
1422,13123,PAOLLA CATHERINE DOS SANTOS MIGUEL AGARD,59,PT,2020,-22.9056391,-47.059564
1422,13613,CARLOS ROBERTO DE OLIVEIRA,52,PT,2020,-22.9056391,-47.059564
1422,14,TERESINHA DE CARVALHO,176,PTB,2020,-22.9056391,-47.059564
1422,15000,ARNALDO SALVETTI PALÁCIO JUNIOR,49,MDB,2020,-22.9056391,-47.059564
1422,17125,MARIA JOSE DE SOUZA PEREIRA,44,PSL,2020,-22.9056391,-47.059564
1422,17200,EDISON RIBEIRO,36,PSL,2020,-22.9056391,-47.059564
1422,17500,ORLEANS DE SA ALENCAR,66,PSL,2020,-22.9056391,-47.059564
1422,19555,EDUARDO DOS REIS MAGOGA,275,PODE,2020,-22.9056391,-47.059564
1422,20120,CLAUDINEY ALONSO,54,PSC,2020,-22.9056391,-47.059564
1422,20500,JOSÉ CARLOS FURIOSO,30,PSC,2020,-22.9056391,-47.059564
1422,22,Partido Liberal,63,PL,2020,-22.9056391,-47.059564
1422,22,RAFAEL FERNANDO ZIMBALDI,4500,PL,2020,-22.9056391,-47.059564
1422,22000,ALBERTO ALVES DA FONSECA,67,PL,2020,-22.9056391,-47.059564
1422,22567,OTTO ALEJANDRO RIGAZZO ETTINGER,84,PL,2020,-22.9056391,-47.059564
1422,22789,JUSCELINO DE SOUZA MARTINS,40,PL,2020,-22.9056391,-47.059564
1422,23,ANDRÉ LUIZ DE CAMARGO VON ZUBEN,66,CIDADANIA,2020,-22.9056391,-47.059564
1422,23023,MIKAIL CARDOSO SOARES,38,CIDADANIA,2020,-22.9056391,-47.059564
1422,25000,RODRIGO LUIS DE BARROS ALMEIDA,630,DEM,2020,-22.9056391,-47.059564
1422,25050,JOEL VALENCIO DE SOUZA,44,DEM,2020,-22.9056391,-47.059564
1422,25110,AMANDO RIBEIRO DOS SANTOS JUNIOR,159,DEM,2020,-22.9056391,-47.059564
1422,25500,RUBENS SOARES DO NASCIMENTO,35,DEM,2020,-22.9056391,-47.059564
1422,28,ROGÉRIO STRACIALANO PARADA,36,PRTB,2020,-22.9056391,-47.059564
1422,30777,JONATHAS DE SIQUEIRA FERREIRA,42,NOVO,2020,-22.9056391,-47.059564
1422,40123,GILBERTO CARLOS CARDOSO,39,PSB,2020,-22.9056391,-47.059564
1422,40222,ELIAS HERNANE AZEVEDO,52,PSB,2020,-22.9056391,-47.059564
1422,40580,JOSE CARLOS DOS SANTOS,40,PSB,2020,-22.9056391,-47.059564
1422,40678,JOSÉ CARLOS SILVA,424,PSB,2020,-22.9056391,-47.059564
1422,43,ROGERIO MENEZES DE MELLO,35,PV,2020,-22.9056391,-47.059564
1422,50050,JOSÉ APARECIDO RODRIGUES DE SOUZA,47,PSOL,2020,-22.9056391,-47.059564
1422,50100,MARIANA CONTI TAKAHASHI,76,PSOL,2020,-22.9056391,-47.059564
1422,50123,ÉLICE NATALIA BOTELHO,31,PSOL,2020,-22.9056391,-47.059564
1422,51,WILSON KELLER DE MATOS,276,PATRIOTA,2020,-22.9056391,-47.059564
1422,51051,JOÃO ADELINO ROCHA,40,PATRIOTA,2020,-22.9056391,-47.059564
1422,55,ARTUR CASSEB ORSI,734,PSD,2020,-22.9056391,-47.059564
1422,55,Partido Social Democrático,30,PSD,2020,-22.9056391,-47.059564
1422,55055,MARCELO DUCHOVNI SILVA,36,PSD,2020,-22.9056391,-47.059564
1422,65,ALESSANDRA RIBEIRO MARTINS,201,PC DO B,2020,-22.9056391,-47.059564
1422,65565,PAULO SERGIO PEREIRA DA SILVA,37,PC DO B,2020,-22.9056391,-47.059564
1422,70030,FELIPE CEZAR MONTEIRO DE SOUZA,37,AVANTE,2020,-22.9056391,-47.059564
1422,70123,VALDEIR LUCCHIARI,56,AVANTE,2020,-22.9056391,-47.059564
1422,70779,VALERIA APARECIDA FIRMINO,41,AVANTE,2020,-22.9056391,-47.059564
1422,70800,ELIAS AGOSTINHO,30,,2020,-22.9056391,-47.059564
1422,70890,MILTON SOARES MUCHIUTTE,40,AVANTE,2020,-22.9056391,-47.059564
1422,77007,CLOVIS DE AZEVEDO NETO,52,SOLIDARIEDADE,2020,-22.9056391,-47.059564
1422,95,VOTO BRANCO,2069,,2020,-22.9056391,-47.059564
1422,96,VOTO NULO,3221,,2020,-22.9056391,-47.059564
1430,10,DARIO JORGE GIOLO SAADI,4583,REPUBLICANOS,2020,-22.9056391,-47.059564
1430,10,REPUBLICANOS,66,REPUBLICANOS,2020,-22.9056391,-47.059564
1430,10123,FERNANDO CESAR RIBEIRO MENDES,100,REPUBLICANOS,2020,-22.9056391,-47.059564
1430,10200,HIGOR DIEGO RALLA,80,REPUBLICANOS,2020,-22.9056391,-47.059564
1430,11111,JAIME DE SOUZA,37,PP,2020,-22.9056391,-47.059564
1430,11123,DENILSON DO PRADO,69,PP,2020,-22.9056391,-47.059564
1430,11190,ISRAEL NANTES SANTOS,35,PP,2020,-22.9056391,-47.059564
1430,12,HÉLIO DE OLIVEIRA SANTOS,119,,2020,-22.9056391,-47.059564
1430,12151,MANOEL MESSIAS DOS SANTOS,36,PDT,2020,-22.9056391,-47.059564
1430,13,PEDRO TOURINHO DE SIQUEIRA,1188,PT,2020,-22.9056391,-47.059564
1430,13,Partido dos Trabalhadores,115,PT,2020,-22.9056391,-47.059564
1430,13011,CECÍLIO SERAFIM DOS SANTOS,44,PT,2020,-22.9056391,-47.059564
1430,13020,MARGARIDA DA SILVA CALIXTO,36,PT,2020,-22.9056391,-47.059564
1430,13100,LUIZ CARLOS FELICIDADE,43,PT,2020,-22.9056391,-47.059564
1430,13123,PAOLLA CATHERINE DOS SANTOS MIGUEL AGARD,36,PT,2020,-22.9056391,-47.059564
1430,13135,EVELYN SILVA DO NASCIMENTO VICENTE DA SILVA,49,PT,2020,-22.9056391,-47.059564
1430,14,TERESINHA DE CARVALHO,154,PTB,2020,-22.9056391,-47.059564
1430,15000,ARNALDO SALVETTI PALÁCIO JUNIOR,46,MDB,2020,-22.9056391,-47.059564
1430,17200,EDISON RIBEIRO,538,PSL,2020,-22.9056391,-47.059564
1430,19555,EDUARDO DOS REIS MAGOGA,31,PODE,2020,-22.9056391,-47.059564
1430,20020,CARLOS EDUARDO CRUZ,44,PSC,2020,-22.9056391,-47.059564
1430,20220,CARMO LUIZ GREGÓRIO DA SILVA,137,PSC,2020,-22.9056391,-47.059564
1430,22,Partido Liberal,59,PL,2020,-22.9056391,-47.059564
1430,22,RAFAEL FERNANDO ZIMBALDI,3734,PL,2020,-22.9056391,-47.059564
1430,22000,ALBERTO ALVES DA FONSECA,61,PL,2020,-22.9056391,-47.059564
1430,22123,JORGE ROBERTO SCHENEIDER,78,PL,2020,-22.9056391,-47.059564
1430,22222,PAULO SERGIO GALTÉRIO,84,PL,2020,-22.9056391,-47.059564
1430,23,ANDRÉ LUIZ DE CAMARGO VON ZUBEN,35,CIDADANIA,2020,-22.9056391,-47.059564
1430,23123,PAULO CESAR HADDAD,31,CIDADANIA,2020,-22.9056391,-47.059564
1430,25555,SARA EVANGELISTA SARDINHA,268,DEM,2020,-22.9056391,-47.059564
1430,28,ROGÉRIO STRACIALANO PARADA,60,PRTB,2020,-22.9056391,-47.059564
1430,30777,JONATHAS DE SIQUEIRA FERREIRA,39,NOVO,2020,-22.9056391,-47.059564
1430,40112,FILIPE BATISTA MARCHESI,45,PSB,2020,-22.9056391,-47.059564
1430,40123,GILBERTO CARLOS CARDOSO,43,PSB,2020,-22.9056391,-47.059564
1430,40580,JOSE CARLOS DOS SANTOS,37,PSB,2020,-22.9056391,-47.059564
1430,40900,JOSE HONORATO DOS SANTOS,278,PSB,2020,-22.9056391,-47.059564
1430,43,ROGERIO MENEZES DE MELLO,33,PV,2020,-22.9056391,-47.059564
1430,45200,ADENILTON FELIPE DOS SANTOS,153,PSDB,2020,-22.9056391,-47.059564
1430,50100,MARIANA CONTI TAKAHASHI,90,PSOL,2020,-22.9056391,-47.059564
1430,51,WILSON KELLER DE MATOS,254,PATRIOTA,2020,-22.9056391,-47.059564
1430,55,ARTUR CASSEB ORSI,662,PSD,2020,-22.9056391,-47.059564
1430,55655,NELSON HOSSRI NETO,41,PSD,2020,-22.9056391,-47.059564
1430,55678,ABIATA JOSE DE LIMA,35,PSD,2020,-22.9056391,-47.059564
1430,65,ALESSANDRA RIBEIRO MARTINS,140,PC DO B,2020,-22.9056391,-47.059564
1430,65656,GUSTAVO LEMOS PETTA,30,PC DO B,2020,-22.9056391,-47.059564
1430,70030,FELIPE CEZAR MONTEIRO DE SOUZA,33,AVANTE,2020,-22.9056391,-47.059564
1430,70456,AGENOR JOSÉ DOS SANTOS,68,AVANTE,2020,-22.9056391,-47.059564
1430,77088,JOÃO BATISTA DE PAULA,33,SOLIDARIEDADE,2020,-22.9056391,-47.059564
1430,95,VOTO BRANCO,1776,,2020,-22.9056391,-47.059564
1430,96,VOTO NULO,2908,,2020,-22.9056391,-47.059564
1449,10,DARIO JORGE GIOLO SAADI,6143,REPUBLICANOS,2020,-22.9056391,-47.059564
1449,10,REPUBLICANOS,87,REPUBLICANOS,2020,-22.9056391,-47.059564
1449,10123,FERNANDO CESAR RIBEIRO MENDES,142,REPUBLICANOS,2020,-22.9056391,-47.059564
1449,10200,HIGOR DIEGO RALLA,408,REPUBLICANOS,2020,-22.9056391,-47.059564
1449,11190,ISRAEL NANTES SANTOS,33,PP,2020,-22.9056391,-47.059564
1449,12,HÉLIO DE OLIVEIRA SANTOS,212,,2020,-22.9056391,-47.059564
1449,13,PEDRO TOURINHO DE SIQUEIRA,1807,PT,2020,-22.9056391,-47.059564
1449,13,Partido dos Trabalhadores,170,PT,2020,-22.9056391,-47.059564
1449,13011,CECÍLIO SERAFIM DOS SANTOS,60,PT,2020,-22.9056391,-47.059564
1449,13020,MARGARIDA DA SILVA CALIXTO,69,PT,2020,-22.9056391,-47.059564
1449,13113,MATHEUS ALVES ALBINO,34,PT,2020,-22.9056391,-47.059564
1449,13123,PAOLLA CATHERINE DOS SANTOS MIGUEL AGARD,68,PT,2020,-22.9056391,-47.059564
1449,13331,VERA LÚCIA RODRIGUES DE FARIA,30,PT,2020,-22.9056391,-47.059564
1449,13613,CARLOS ROBERTO DE OLIVEIRA,32,PT,2020,-22.9056391,-47.059564
1449,14,TERESINHA DE CARVALHO,278,PTB,2020,-22.9056391,-47.059564
1449,15000,ARNALDO SALVETTI PALÁCIO JUNIOR,80,MDB,2020,-22.9056391,-47.059564
1449,15100,YANKO GONCALVES MELLO,30,MDB,2020,-22.9056391,-47.059564
1449,15300,ADRIANA EMILIA HEITMANN GONÇALVES TEIXEIRA FONTES,38,MDB,2020,-22.9056391,-47.059564
1449,15700,PEDRO AGOSTINHO BERNARDO DE OLIVEIRA,40,MDB,2020,-22.9056391,-47.059564
1449,15789,JOSE CARLOS DO NASCIMENTO OLIVEIRA,47,MDB,2020,-22.9056391,-47.059564
1449,17200,EDISON RIBEIRO,65,PSL,2020,-22.9056391,-47.059564
1449,17800,JEZIEL SEVERINO DA SILVA,65,PSL,2020,-22.9056391,-47.059564
1449,19555,EDUARDO DOS REIS MAGOGA,206,PODE,2020,-22.9056391,-47.059564
1449,20123,MAURICELE DA SILVA LOPES,82,PSC,2020,-22.9056391,-47.059564
1449,20456,FABIO CAMILO DE ALMEIDA,40,PSC,2020,-22.9056391,-47.059564
1449,20620,GILBERTO LEÃO DE ARAUJO,47,PSC,2020,-22.9056391,-47.059564
1449,22,Partido Liberal,85,PL,2020,-22.9056391,-47.059564
1449,22,RAFAEL FERNANDO ZIMBALDI,5400,PL,2020,-22.9056391,-47.059564
1449,22000,ALBERTO ALVES DA FONSECA,86,PL,2020,-22.9056391,-47.059564
1449,22243,ABRAÃO STREY,35,PL,2020,-22.9056391,-47.059564
1449,22522,MARIA DE LOURDES DOS ANJOS,30,PL,2020,-22.9056391,-47.059564
1449,22567,OTTO ALEJANDRO RIGAZZO ETTINGER,49,PL,2020,-22.9056391,-47.059564
1449,23,ANDRÉ LUIZ DE CAMARGO VON ZUBEN,109,CIDADANIA,2020,-22.9056391,-47.059564
1449,23023,MIKAIL CARDOSO SOARES,51,CIDADANIA,2020,-22.9056391,-47.059564
1449,25000,RODRIGO LUIS DE BARROS ALMEIDA,43,DEM,2020,-22.9056391,-47.059564
1449,25110,AMANDO RIBEIRO DOS SANTOS JUNIOR,54,DEM,2020,-22.9056391,-47.059564
1449,25500,RUBENS SOARES DO NASCIMENTO,39,DEM,2020,-22.9056391,-47.059564
1449,25905,HILDEBRANDO ALVES DE OLIVEIRA,57,DEM,2020,-22.9056391,-47.059564
1449,25999,MARCONE JOSÉ DE LIMA,167,DEM,2020,-22.9056391,-47.059564
1449,28,ROGÉRIO STRACIALANO PARADA,75,PRTB,2020,-22.9056391,-47.059564
1449,30777,JONATHAS DE SIQUEIRA FERREIRA,38,NOVO,2020,-22.9056391,-47.059564
1449,30999,PAULO SÉRGIO BARCELLOS GASPAR,42,NOVO,2020,-22.9056391,-47.059564
1449,40000,LUIS MOKITI YABIKU,52,PSB,2020,-22.9056391,-47.059564
1449,40112,FILIPE BATISTA MARCHESI,64,PSB,2020,-22.9056391,-47.059564
1449,40123,GILBERTO CARLOS CARDOSO,52,PSB,2020,-22.9056391,-47.059564
1449,40220,DOUGLAS MENEZES,253,PSB,2020,-22.9056391,-47.059564
1449,40222,ELIAS HERNANE AZEVEDO,49,PSB,2020,-22.9056391,-47.059564
1449,40555,LUIZ FERNANDO MARIANO MATEUS,39,PSB,2020,-22.9056391,-47.059564
1449,40580,JOSE CARLOS DOS SANTOS,238,PSB,2020,-22.9056391,-47.059564
1449,40677,CID FERREIRA DE SOUZA,31,PSB,2020,-22.9056391,-47.059564
1449,40678,JOSÉ CARLOS SILVA,427,PSB,2020,-22.9056391,-47.059564
1449,43,ROGERIO MENEZES DE MELLO,83,PV,2020,-22.9056391,-47.059564
1449,43123,LUIZ CARLOS ROSSINI,49,PV,2020,-22.9056391,-47.059564
1449,45045,THOMAZ ALCANTARA CAVALLARO,36,PSDB,2020,-22.9056391,-47.059564
1449,45123,GUILHERME DAMASCENO FERNANDES,31,PSDB,2020,-22.9056391,-47.059564
1449,45234,MARCOS JOSÉ BERNARDELLI,32,PSDB,2020,-22.9056391,-47.059564
1449,45567,ROBERTO AQUIO SASAKI,40,PSDB,2020,-22.9056391,-47.059564
1449,45678,LUIZ HENRIQUE CIRILO,33,PSDB,2020,-22.9056391,-47.059564
1449,50000,PAULO ROBERTO BUFALO,39,PSOL,2020,-22.9056391,-47.059564
1449,50001,MARCELA DIAS MOREIRA,34,PSOL,2020,-22.9056391,-47.059564
1449,50100,MARIANA CONTI TAKAHASHI,178,PSOL,2020,-22.9056391,-47.059564
1449,50123,ÉLICE NATALIA BOTELHO,46,PSOL,2020,-22.9056391,-47.059564
1449,51,WILSON KELLER DE MATOS,338,PATRIOTA,2020,-22.9056391,-47.059564
1449,55,ARTUR CASSEB ORSI,886,PSD,2020,-22.9056391,-47.059564
1449,55,Partido Social Democrático,48,PSD,2020,-22.9056391,-47.059564
1449,55055,MARCELO DUCHOVNI SILVA,69,PSD,2020,-22.9056391,-47.059564
1449,55555,FLÁVIO MAYNARDES ARAUJO,40,PSD,2020,-22.9056391,-47.059564
1449,55655,NELSON HOSSRI NETO,49,PSD,2020,-22.9056391,-47.059564
1449,65,ALESSANDRA RIBEIRO MARTINS,241,PC DO B,2020,-22.9056391,-47.059564
1449,65656,GUSTAVO LEMOS PETTA,51,PC DO B,2020,-22.9056391,-47.059564
1449,70030,FELIPE CEZAR MONTEIRO DE SOUZA,53,AVANTE,2020,-22.9056391,-47.059564
1449,70555,MARCELO VITAL,127,AVANTE,2020,-22.9056391,-47.059564
1449,70777,ANTONIO GONZALEZ DOS SANTOS,31,AVANTE,2020,-22.9056391,-47.059564
1449,77010,PAULO ROBERTO DOS SANTOS VIEIRA,184,SOLIDARIEDADE,2020,-22.9056391,-47.059564
1449,77400,MARCELO TEIXEIRA,74,SOLIDARIEDADE,2020,-22.9056391,-47.059564
1449,95,VOTO BRANCO,2939,,2020,-22.9056391,-47.059564
1449,96,VOTO NULO,4642,,2020,-22.9056391,-47.059564
1457,10,DARIO JORGE GIOLO SAADI,2920,REPUBLICANOS,2020,-22.9056391,-47.059564
1457,10,REPUBLICANOS,35,REPUBLICANOS,2020,-22.9056391,-47.059564
1457,10123,FERNANDO CESAR RIBEIRO MENDES,67,REPUBLICANOS,2020,-22.9056391,-47.059564
1457,10200,HIGOR DIEGO RALLA,120,REPUBLICANOS,2020,-22.9056391,-47.059564
1457,11190,ISRAEL NANTES SANTOS,34,PP,2020,-22.9056391,-47.059564
1457,12,HÉLIO DE OLIVEIRA SANTOS,75,,2020,-22.9056391,-47.059564
1457,13,PEDRO TOURINHO DE SIQUEIRA,946,PT,2020,-22.9056391,-47.059564
1457,13,Partido dos Trabalhadores,93,PT,2020,-22.9056391,-47.059564
1457,13011,CECÍLIO SERAFIM DOS SANTOS,87,PT,2020,-22.9056391,-47.059564
1457,13020,MARGARIDA DA SILVA CALIXTO,33,PT,2020,-22.9056391,-47.059564
1457,13113,MATHEUS ALVES ALBINO,39,PT,2020,-22.9056391,-47.059564
1457,14,TERESINHA DE CARVALHO,144,PTB,2020,-22.9056391,-47.059564
1457,15000,ARNALDO SALVETTI PALÁCIO JUNIOR,34,MDB,2020,-22.9056391,-47.059564
1457,15300,ADRIANA EMILIA HEITMANN GONÇALVES TEIXEIRA FONTES,63,MDB,2020,-22.9056391,-47.059564
1457,17200,EDISON RIBEIRO,107,PSL,2020,-22.9056391,-47.059564
1457,19555,EDUARDO DOS REIS MAGOGA,32,PODE,2020,-22.9056391,-47.059564
1457,20700,ELCIO BATISTA,32,PSC,2020,-22.9056391,-47.059564
1457,22,Partido Liberal,40,PL,2020,-22.9056391,-47.059564
1457,22,RAFAEL FERNANDO ZIMBALDI,2911,PL,2020,-22.9056391,-47.059564
1457,22000,ALBERTO ALVES DA FONSECA,40,PL,2020,-22.9056391,-47.059564
1457,22222,PAULO SERGIO GALTÉRIO,33,PL,2020,-22.9056391,-47.059564
1457,22567,OTTO ALEJANDRO RIGAZZO ETTINGER,43,PL,2020,-22.9056391,-47.059564
1457,23,ANDRÉ LUIZ DE CAMARGO VON ZUBEN,50,CIDADANIA,2020,-22.9056391,-47.059564
1457,25000,RODRIGO LUIS DE BARROS ALMEIDA,132,DEM,2020,-22.9056391,-47.059564
1457,40123,GILBERTO CARLOS CARDOSO,41,PSB,2020,-22.9056391,-47.059564
1457,40220,DOUGLAS MENEZES,66,PSB,2020,-22.9056391,-47.059564
1457,40678,JOSÉ CARLOS SILVA,128,PSB,2020,-22.9056391,-47.059564
1457,43,ROGERIO MENEZES DE MELLO,46,PV,2020,-22.9056391,-47.059564
1457,45222,JORGE DOS SANTOS MONTANARI,118,PSDB,2020,-22.9056391,-47.059564
1457,50100,MARIANA CONTI TAKAHASHI,69,PSOL,2020,-22.9056391,-47.059564
1457,51,WILSON KELLER DE MATOS,187,PATRIOTA,2020,-22.9056391,-47.059564
1457,55,ARTUR CASSEB ORSI,613,PSD,2020,-22.9056391,-47.059564
1457,65,ALESSANDRA RIBEIRO MARTINS,141,PC DO B,2020,-22.9056391,-47.059564
1457,65999,ADÃO BERNARDINO DA SILVA,47,PC DO B,2020,-22.9056391,-47.059564
1457,70030,FELIPE CEZAR MONTEIRO DE SOUZA,33,AVANTE,2020,-22.9056391,-47.059564
1457,70900,ANTONIO DA SILVA,34,AVANTE,2020,-22.9056391,-47.059564
1457,77088,JOÃO BATISTA DE PAULA,81,SOLIDARIEDADE,2020,-22.9056391,-47.059564
1457,77400,MARCELO TEIXEIRA,38,SOLIDARIEDADE,2020,-22.9056391,-47.059564
1457,95,VOTO BRANCO,1418,,2020,-22.9056391,-47.059564
1457,96,VOTO NULO,2387,,2020,-22.9056391,-47.059564
1465,10,DARIO JORGE GIOLO SAADI,3553,REPUBLICANOS,2020,-22.9056391,-47.059564
1465,10,REPUBLICANOS,46,REPUBLICANOS,2020,-22.9056391,-47.059564
1465,10123,FERNANDO CESAR RIBEIRO MENDES,74,REPUBLICANOS,2020,-22.9056391,-47.059564
1465,10200,HIGOR DIEGO RALLA,378,REPUBLICANOS,2020,-22.9056391,-47.059564
1465,11190,ISRAEL NANTES SANTOS,31,PP,2020,-22.9056391,-47.059564
1465,11311,ALMIRANTE PEDRO ALVARES CABRAL,30,PP,2020,-22.9056391,-47.059564
1465,12,HÉLIO DE OLIVEIRA SANTOS,159,,2020,-22.9056391,-47.059564
1465,13,PEDRO TOURINHO DE SIQUEIRA,1065,PT,2020,-22.9056391,-47.059564
1465,13,Partido dos Trabalhadores,85,PT,2020,-22.9056391,-47.059564
1465,13011,CECÍLIO SERAFIM DOS SANTOS,42,PT,2020,-22.9056391,-47.059564
1465,13020,MARGARIDA DA SILVA CALIXTO,44,PT,2020,-22.9056391,-47.059564
1465,13123,PAOLLA CATHERINE DOS SANTOS MIGUEL AGARD,43,PT,2020,-22.9056391,-47.059564
1465,14,TERESINHA DE CARVALHO,178,PTB,2020,-22.9056391,-47.059564
1465,15000,ARNALDO SALVETTI PALÁCIO JUNIOR,60,MDB,2020,-22.9056391,-47.059564
1465,15100,YANKO GONCALVES MELLO,36,MDB,2020,-22.9056391,-47.059564
1465,17000,APARECIDO SOUZA SANTOS,34,PSL,2020,-22.9056391,-47.059564
1465,17200,EDISON RIBEIRO,60,PSL,2020,-22.9056391,-47.059564
1465,20320,CLAUDIO JOSÉ BERNARDES,74,PSC,2020,-22.9056391,-47.059564
1465,22,Partido Liberal,42,PL,2020,-22.9056391,-47.059564
1465,22,RAFAEL FERNANDO ZIMBALDI,2745,PL,2020,-22.9056391,-47.059564
1465,22000,ALBERTO ALVES DA FONSECA,31,PL,2020,-22.9056391,-47.059564
1465,22222,PAULO SERGIO GALTÉRIO,33,PL,2020,-22.9056391,-47.059564
1465,23,ANDRÉ LUIZ DE CAMARGO VON ZUBEN,85,CIDADANIA,2020,-22.9056391,-47.059564
1465,23123,PAULO CESAR HADDAD,42,CIDADANIA,2020,-22.9056391,-47.059564
1465,28,ROGÉRIO STRACIALANO PARADA,100,PRTB,2020,-22.9056391,-47.059564
1465,30,Partido Novo,38,,2020,-22.9056391,-47.059564
1465,30000,ANDRE ROBERTO FREITAS FERREIRA PINTO,30,NOVO,2020,-22.9056391,-47.059564
1465,30999,PAULO SÉRGIO BARCELLOS GASPAR,48,NOVO,2020,-22.9056391,-47.059564
1465,40000,LUIS MOKITI YABIKU,85,PSB,2020,-22.9056391,-47.059564
1465,40123,GILBERTO CARLOS CARDOSO,31,PSB,2020,-22.9056391,-47.059564
1465,40220,DOUGLAS MENEZES,165,PSB,2020,-22.9056391,-47.059564
1465,40678,JOSÉ CARLOS SILVA,54,PSB,2020,-22.9056391,-47.059564
1465,43,ROGERIO MENEZES DE MELLO,58,PV,2020,-22.9056391,-47.059564
1465,45123,GUILHERME DAMASCENO FERNANDES,40,PSDB,2020,-22.9056391,-47.059564
1465,50000,PAULO ROBERTO BUFALO,35,PSOL,2020,-22.9056391,-47.059564
1465,50001,MARCELA DIAS MOREIRA,36,PSOL,2020,-22.9056391,-47.059564
1465,50100,MARIANA CONTI TAKAHASHI,176,PSOL,2020,-22.9056391,-47.059564
1465,50123,ÉLICE NATALIA BOTELHO,39,PSOL,2020,-22.9056391,-47.059564
1465,50300,LETÍCIA SOUZA MOREIRA BENEVIDES,34,PSOL,2020,-22.9056391,-47.059564
1465,51,WILSON KELLER DE MATOS,215,PATRIOTA,2020,-22.9056391,-47.059564
1465,55,ARTUR CASSEB ORSI,840,PSD,2020,-22.9056391,-47.059564
1465,55,Partido Social Democrático,32,PSD,2020,-22.9056391,-47.059564
1465,55055,MARCELO DUCHOVNI SILVA,54,PSD,2020,-22.9056391,-47.059564
1465,55555,FLÁVIO MAYNARDES ARAUJO,32,PSD,2020,-22.9056391,-47.059564
1465,55655,NELSON HOSSRI NETO,38,PSD,2020,-22.9056391,-47.059564
1465,65,ALESSANDRA RIBEIRO MARTINS,196,PC DO B,2020,-22.9056391,-47.059564
1465,65656,GUSTAVO LEMOS PETTA,45,PC DO B,2020,-22.9056391,-47.059564
1465,70030,FELIPE CEZAR MONTEIRO DE SOUZA,35,AVANTE,2020,-22.9056391,-47.059564
1465,77400,MARCELO TEIXEIRA,36,SOLIDARIEDADE,2020,-22.9056391,-47.059564
1465,77677,CLOVIS CORDEIRO,68,SOLIDARIEDADE,2020,-22.9056391,-47.059564
1465,95,VOTO BRANCO,1444,,2020,-22.9056391,-47.059564
1465,96,VOTO NULO,2705,,2020,-22.9056391,-47.059564
1473,10,DARIO JORGE GIOLO SAADI,2290,REPUBLICANOS,2020,-22.9056391,-47.059564
1473,10123,FERNANDO CESAR RIBEIRO MENDES,93,REPUBLICANOS,2020,-22.9056391,-47.059564
1473,10200,HIGOR DIEGO RALLA,66,REPUBLICANOS,2020,-22.9056391,-47.059564
1473,12,HÉLIO DE OLIVEIRA SANTOS,42,,2020,-22.9056391,-47.059564
1473,13,PEDRO TOURINHO DE SIQUEIRA,646,PT,2020,-22.9056391,-47.059564
1473,13,Partido dos Trabalhadores,60,PT,2020,-22.9056391,-47.059564
1473,13011,CECÍLIO SERAFIM DOS SANTOS,98,PT,2020,-22.9056391,-47.059564
1473,14,TERESINHA DE CARVALHO,80,PTB,2020,-22.9056391,-47.059564
1473,15011,CLAUDIOMAR CEZARIO DOS SANTOS LIMA,39,MDB,2020,-22.9056391,-47.059564
1473,22,RAFAEL FERNANDO ZIMBALDI,1596,PL,2020,-22.9056391,-47.059564
1473,22000,ALBERTO ALVES DA FONSECA,32,PL,2020,-22.9056391,-47.059564
1473,23,ANDRÉ LUIZ DE CAMARGO VON ZUBEN,52,CIDADANIA,2020,-22.9056391,-47.059564
1473,23222,MARCIO OLIVEIRA SANTOS,43,CIDADANIA,2020,-22.9056391,-47.059564
1473,28,ROGÉRIO STRACIALANO PARADA,50,PRTB,2020,-22.9056391,-47.059564
1473,33170,RAIMUNDO FERREIRA DE SOUZA,68,PMN,2020,-22.9056391,-47.059564
1473,40013,JAIRSON VALERIO DOS ANJOS,327,PSB,2020,-22.9056391,-47.059564
1473,40234,FRANCIELI CRISTINA BOCHNIE,47,PSB,2020,-22.9056391,-47.059564
1473,43,ROGERIO MENEZES DE MELLO,33,PV,2020,-22.9056391,-47.059564
1473,50100,MARIANA CONTI TAKAHASHI,73,PSOL,2020,-22.9056391,-47.059564
1473,50300,LETÍCIA SOUZA MOREIRA BENEVIDES,46,PSOL,2020,-22.9056391,-47.059564
1473,51,WILSON KELLER DE MATOS,137,PATRIOTA,2020,-22.9056391,-47.059564
1473,55,ARTUR CASSEB ORSI,376,PSD,2020,-22.9056391,-47.059564
1473,65,ALESSANDRA RIBEIRO MARTINS,93,PC DO B,2020,-22.9056391,-47.059564
1473,77888,JOSE CARLOS DE JESUS CLARIO,36,SOLIDARIEDADE,2020,-22.9056391,-47.059564
1473,95,VOTO BRANCO,850,,2020,-22.9056391,-47.059564
1473,96,VOTO NULO,1551,,2020,-22.9056391,-47.059564
1481,10,DARIO JORGE GIOLO SAADI,4207,REPUBLICANOS,2020,-22.9056391,-47.059564
1481,10,REPUBLICANOS,57,REPUBLICANOS,2020,-22.9056391,-47.059564
1481,10123,FERNANDO CESAR RIBEIRO MENDES,129,REPUBLICANOS,2020,-22.9056391,-47.059564
1481,10200,HIGOR DIEGO RALLA,137,REPUBLICANOS,2020,-22.9056391,-47.059564
1481,11190,ISRAEL NANTES SANTOS,33,PP,2020,-22.9056391,-47.059564
1481,12,HÉLIO DE OLIVEIRA SANTOS,153,,2020,-22.9056391,-47.059564
1481,13,PEDRO TOURINHO DE SIQUEIRA,1216,PT,2020,-22.9056391,-47.059564
1481,13,Partido dos Trabalhadores,118,PT,2020,-22.9056391,-47.059564
1481,13011,CECÍLIO SERAFIM DOS SANTOS,57,PT,2020,-22.9056391,-47.059564
1481,13020,MARGARIDA DA SILVA CALIXTO,30,PT,2020,-22.9056391,-47.059564
1481,13613,CARLOS ROBERTO DE OLIVEIRA,44,PT,2020,-22.9056391,-47.059564
1481,14,TERESINHA DE CARVALHO,149,PTB,2020,-22.9056391,-47.059564
1481,15000,ARNALDO SALVETTI PALÁCIO JUNIOR,47,MDB,2020,-22.9056391,-47.059564
1481,15050,ANDRE LUIS SILVA DE SOUZA,52,MDB,2020,-22.9056391,-47.059564
1481,15500,JOSE PEDRO NUNES,184,MDB,2020,-22.9056391,-47.059564
1481,17000,APARECIDO SOUZA SANTOS,73,PSL,2020,-22.9056391,-47.059564
1481,17200,EDISON RIBEIRO,75,PSL,2020,-22.9056391,-47.059564
1481,17717,ANTONIO VILSON DOS SANTOS,35,PSL,2020,-22.9056391,-47.059564
1481,19555,EDUARDO DOS REIS MAGOGA,84,PODE,2020,-22.9056391,-47.059564
1481,20224,REGINALDO DOS SANTOS NUNES,184,PSC,2020,-22.9056391,-47.059564
1481,22,Partido Liberal,71,PL,2020,-22.9056391,-47.059564
1481,22,RAFAEL FERNANDO ZIMBALDI,3786,PL,2020,-22.9056391,-47.059564
1481,22000,ALBERTO ALVES DA FONSECA,67,PL,2020,-22.9056391,-47.059564
1481,22333,THELMA ELAINE BRASILEIRO ROBERTI,83,PL,2020,-22.9056391,-47.059564
1481,23,ANDRÉ LUIZ DE CAMARGO VON ZUBEN,78,CIDADANIA,2020,-22.9056391,-47.059564
1481,23023,MIKAIL CARDOSO SOARES,147,CIDADANIA,2020,-22.9056391,-47.059564
1481,25030,ITAMAR MARTINS CAMPOY,116,DEM,2020,-22.9056391,-47.059564
1481,25065,FRANCISCO DAS CHAGAS VIDAL FERREIRA,54,DEM,2020,-22.9056391,-47.059564
1481,28,ROGÉRIO STRACIALANO PARADA,55,PRTB,2020,-22.9056391,-47.059564
1481,40013,JAIRSON VALERIO DOS ANJOS,76,PSB,2020,-22.9056391,-47.059564
1481,40112,FILIPE BATISTA MARCHESI,31,PSB,2020,-22.9056391,-47.059564
1481,40222,ELIAS HERNANE AZEVEDO,58,PSB,2020,-22.9056391,-47.059564
1481,40456,PERMINIO MONTEIRO DA SILVA,48,PSB,2020,-22.9056391,-47.059564
1481,40580,JOSE CARLOS DOS SANTOS,62,PSB,2020,-22.9056391,-47.059564
1481,40678,JOSÉ CARLOS SILVA,72,PSB,2020,-22.9056391,-47.059564
1481,40888,AILTON FERNANDES SARMENTO,335,PSB,2020,-22.9056391,-47.059564
1481,43,ROGERIO MENEZES DE MELLO,75,PV,2020,-22.9056391,-47.059564
1481,43190,CARLOS ROBERTO DOS SANTOS,33,PV,2020,-22.9056391,-47.059564
1481,43300,CARLOS EDUARDO DEPIERI,80,PV,2020,-22.9056391,-47.059564
1481,45100,ANTONIO LOPES,42,PSDB,2020,-22.9056391,-47.059564
1481,50100,MARIANA CONTI TAKAHASHI,54,PSOL,2020,-22.9056391,-47.059564
1481,51,WILSON KELLER DE MATOS,239,PATRIOTA,2020,-22.9056391,-47.059564
1481,55,ARTUR CASSEB ORSI,563,PSD,2020,-22.9056391,-47.059564
1481,65,ALESSANDRA RIBEIRO MARTINS,106,PC DO B,2020,-22.9056391,-47.059564
1481,70000,FRANCISCA ROSANA MONTANHER,43,AVANTE,2020,-22.9056391,-47.059564
1481,77088,JOÃO BATISTA DE PAULA,57,SOLIDARIEDADE,2020,-22.9056391,-47.059564
1481,77890,ANA PAULA DA SILVA LUZ,45,SOLIDARIEDADE,2020,-22.9056391,-47.059564
1481,77990,VALERIA RUSSO DA SILVA,84,SOLIDARIEDADE,2020,-22.9056391,-47.059564
1481,95,VOTO BRANCO,1813,,2020,-22.9056391,-47.059564
1481,96,VOTO NULO,2681,,2020,-22.9056391,-47.059564
1490,10,DARIO JORGE GIOLO SAADI,1171,REPUBLICANOS,2020,-22.9056391,-47.059564
1490,12,HÉLIO DE OLIVEIRA SANTOS,34,,2020,-22.9056391,-47.059564
1490,13,PEDRO TOURINHO DE SIQUEIRA,395,PT,2020,-22.9056391,-47.059564
1490,13,Partido dos Trabalhadores,37,PT,2020,-22.9056391,-47.059564
1490,14,TERESINHA DE CARVALHO,54,PTB,2020,-22.9056391,-47.059564
1490,20620,GILBERTO LEÃO DE ARAUJO,76,PSC,2020,-22.9056391,-47.059564
1490,22,RAFAEL FERNANDO ZIMBALDI,1250,PL,2020,-22.9056391,-47.059564
1490,22243,ABRAÃO STREY,41,PL,2020,-22.9056391,-47.059564
1490,22567,OTTO ALEJANDRO RIGAZZO ETTINGER,30,PL,2020,-22.9056391,-47.059564
1490,25000,RODRIGO LUIS DE BARROS ALMEIDA,35,DEM,2020,-22.9056391,-47.059564
1490,50100,MARIANA CONTI TAKAHASHI,31,PSOL,2020,-22.9056391,-47.059564
1490,51,WILSON KELLER DE MATOS,55,PATRIOTA,2020,-22.9056391,-47.059564
1490,55,ARTUR CASSEB ORSI,256,PSD,2020,-22.9056391,-47.059564
1490,65,ALESSANDRA RIBEIRO MARTINS,45,PC DO B,2020,-22.9056391,-47.059564
1490,70555,MARCELO VITAL,102,AVANTE,2020,-22.9056391,-47.059564
1490,95,VOTO BRANCO,510,,2020,-22.9056391,-47.059564
1490,96,VOTO NULO,976,,2020,-22.9056391,-47.059564
1503,10,DARIO JORGE GIOLO SAADI,3653,REPUBLICANOS,2020,-22.9056391,-47.059564
1503,10,REPUBLICANOS,59,REPUBLICANOS,2020,-22.9056391,-47.059564
1503,10123,FERNANDO CESAR RIBEIRO MENDES,101,REPUBLICANOS,2020,-22.9056391,-47.059564
1503,10234,JAKSSON LEANDRO LUCIANO GONÇALVES,40,REPUBLICANOS,2020,-22.9056391,-47.059564
1503,10345,OSCAR NEVES GUIMARÃES,132,REPUBLICANOS,2020,-22.9056391,-47.059564
1503,11111,JAIME DE SOUZA,31,PP,2020,-22.9056391,-47.059564
1503,11190,ISRAEL NANTES SANTOS,43,PP,2020,-22.9056391,-47.059564
1503,12,HÉLIO DE OLIVEIRA SANTOS,119,,2020,-22.9056391,-47.059564
1503,12345,AURELIO JOSE CLAUDIO,31,PDT,2020,-22.9056391,-47.059564
1503,13,PEDRO TOURINHO DE SIQUEIRA,1128,PT,2020,-22.9056391,-47.059564
1503,13,Partido dos Trabalhadores,100,PT,2020,-22.9056391,-47.059564
1503,13020,MARGARIDA DA SILVA CALIXTO,44,PT,2020,-22.9056391,-47.059564
1503,13123,PAOLLA CATHERINE DOS SANTOS MIGUEL AGARD,50,PT,2020,-22.9056391,-47.059564
1503,13613,CARLOS ROBERTO DE OLIVEIRA,33,PT,2020,-22.9056391,-47.059564
1503,14,TERESINHA DE CARVALHO,148,PTB,2020,-22.9056391,-47.059564
1503,15000,ARNALDO SALVETTI PALÁCIO JUNIOR,37,MDB,2020,-22.9056391,-47.059564
1503,17117,CLEMENTE JOSE CAPUCHINHO,31,PSL,2020,-22.9056391,-47.059564
1503,17200,EDISON RIBEIRO,38,PSL,2020,-22.9056391,-47.059564
1503,17500,ORLEANS DE SA ALENCAR,31,PSL,2020,-22.9056391,-47.059564
1503,19123,VONE DA SILVA MARQUES,130,PODE,2020,-22.9056391,-47.059564
1503,19555,EDUARDO DOS REIS MAGOGA,41,PODE,2020,-22.9056391,-47.059564
1503,20220,CARMO LUIZ GREGÓRIO DA SILVA,37,PSC,2020,-22.9056391,-47.059564
1503,20620,GILBERTO LEÃO DE ARAUJO,107,PSC,2020,-22.9056391,-47.059564
1503,22,Partido Liberal,73,PL,2020,-22.9056391,-47.059564
1503,22,RAFAEL FERNANDO ZIMBALDI,4226,PL,2020,-22.9056391,-47.059564
1503,22000,ALBERTO ALVES DA FONSECA,60,PL,2020,-22.9056391,-47.059564
1503,22222,PAULO SERGIO GALTÉRIO,37,PL,2020,-22.9056391,-47.059564
1503,22567,OTTO ALEJANDRO RIGAZZO ETTINGER,36,PL,2020,-22.9056391,-47.059564
1503,22999,GASPARINO RAIMUNDO DA SILVA,36,PL,2020,-22.9056391,-47.059564
1503,23,ANDRÉ LUIZ DE CAMARGO VON ZUBEN,69,CIDADANIA,2020,-22.9056391,-47.059564
1503,23345,WILLIAM GONÇALVEZ MARTINS,98,CIDADANIA,2020,-22.9056391,-47.059564
1503,25000,RODRIGO LUIS DE BARROS ALMEIDA,102,DEM,2020,-22.9056391,-47.059564
1503,28,ROGÉRIO STRACIALANO PARADA,87,PRTB,2020,-22.9056391,-47.059564
1503,40006,ROSA PAULA SELHI,37,PSB,2020,-22.9056391,-47.059564
1503,40112,FILIPE BATISTA MARCHESI,30,PSB,2020,-22.9056391,-47.059564
1503,40123,GILBERTO CARLOS CARDOSO,109,PSB,2020,-22.9056391,-47.059564
1503,40222,ELIAS HERNANE AZEVEDO,41,PSB,2020,-22.9056391,-47.059564
1503,40580,JOSE CARLOS DOS SANTOS,60,PSB,2020,-22.9056391,-47.059564
1503,40678,JOSÉ CARLOS SILVA,42,PSB,2020,-22.9056391,-47.059564
1503,43,ROGERIO MENEZES DE MELLO,31,PV,2020,-22.9056391,-47.059564
1503,45678,LUIZ HENRIQUE CIRILO,33,PSDB,2020,-22.9056391,-47.059564
1503,50050,JOSÉ APARECIDO RODRIGUES DE SOUZA,50,PSOL,2020,-22.9056391,-47.059564
1503,50100,MARIANA CONTI TAKAHASHI,58,PSOL,2020,-22.9056391,-47.059564
1503,51,WILSON KELLER DE MATOS,198,PATRIOTA,2020,-22.9056391,-47.059564
1503,55,ARTUR CASSEB ORSI,783,PSD,2020,-22.9056391,-47.059564
1503,55,Partido Social Democrático,36,PSD,2020,-22.9056391,-47.059564
1503,55000,RAFAEL FERNANDES TEÓFILO,74,PSD,2020,-22.9056391,-47.059564
1503,55500,AILTON LOURENÇO DA SILVA,169,PSD,2020,-22.9056391,-47.059564
1503,65,ALESSANDRA RIBEIRO MARTINS,122,PC DO B,2020,-22.9056391,-47.059564
1503,65300,GEREMIAS MARTINS DE OLIVEIRA,55,PC DO B,2020,-22.9056391,-47.059564
1503,70030,FELIPE CEZAR MONTEIRO DE SOUZA,32,AVANTE,2020,-22.9056391,-47.059564
1503,70123,VALDEIR LUCCHIARI,61,AVANTE,2020,-22.9056391,-47.059564
1503,70555,MARCELO VITAL,115,AVANTE,2020,-22.9056391,-47.059564
1503,70890,MILTON SOARES MUCHIUTTE,30,AVANTE,2020,-22.9056391,-47.059564
1503,77222,JOSÉ FERNANDES SILVA,66,SOLIDARIEDADE,2020,-22.9056391,-47.059564
1503,77300,MILTON DA SILVA FARIA,30,SOLIDARIEDADE,2020,-22.9056391,-47.059564
1503,77777,WLADMIR DE SOUZA CARNEIRO,185,SOLIDARIEDADE,2020,-22.9056391,-47.059564
1503,95,VOTO BRANCO,1886,,2020,-22.9056391,-47.059564
1503,96,VOTO NULO,3133,,2020,-22.9056391,-47.059564
1511,10,DARIO JORGE GIOLO SAADI,899,REPUBLICANOS,2020,-22.9056391,-47.059564
1511,10200,HIGOR DIEGO RALLA,165,REPUBLICANOS,2020,-22.9056391,-47.059564
1511,12,HÉLIO DE OLIVEIRA SANTOS,77,,2020,-22.9056391,-47.059564
1511,13,PEDRO TOURINHO DE SIQUEIRA,221,PT,2020,-22.9056391,-47.059564
1511,14,TERESINHA DE CARVALHO,35,PTB,2020,-22.9056391,-47.059564
1511,20123,MAURICELE DA SILVA LOPES,45,PSC,2020,-22.9056391,-47.059564
1511,22,RAFAEL FERNANDO ZIMBALDI,694,PL,2020,-22.9056391,-47.059564
1511,40112,FILIPE BATISTA MARCHESI,317,PSB,2020,-22.9056391,-47.059564
1511,55,ARTUR CASSEB ORSI,92,PSD,2020,-22.9056391,-47.059564
1511,77010,PAULO ROBERTO DOS SANTOS VIEIRA,55,SOLIDARIEDADE,2020,-22.9056391,-47.059564
1511,95,VOTO BRANCO,349,,2020,-22.9056391,-47.059564
1511,96,VOTO NULO,481,,2020,-22.9056391,-47.059564
1520,10,DARIO JORGE GIOLO SAADI,2213,REPUBLICANOS,2020,-22.9056391,-47.059564
1520,10,REPUBLICANOS,35,REPUBLICANOS,2020,-22.9056391,-47.059564
1520,10123,FERNANDO CESAR RIBEIRO MENDES,55,REPUBLICANOS,2020,-22.9056391,-47.059564
1520,12,HÉLIO DE OLIVEIRA SANTOS,79,,2020,-22.9056391,-47.059564
1520,13,PEDRO TOURINHO DE SIQUEIRA,707,PT,2020,-22.9056391,-47.059564
1520,13,Partido dos Trabalhadores,68,PT,2020,-22.9056391,-47.059564
1520,13011,CECÍLIO SERAFIM DOS SANTOS,36,PT,2020,-22.9056391,-47.059564
1520,13135,EVELYN SILVA DO NASCIMENTO VICENTE DA SILVA,63,PT,2020,-22.9056391,-47.059564
1520,14,TERESINHA DE CARVALHO,54,PTB,2020,-22.9056391,-47.059564
1520,17200,EDISON RIBEIRO,114,PSL,2020,-22.9056391,-47.059564
1520,17716,DIVINO SEBASTIÃO DA SILVA,239,PSL,2020,-22.9056391,-47.059564
1520,20220,CARMO LUIZ GREGÓRIO DA SILVA,90,PSC,2020,-22.9056391,-47.059564
1520,22,Partido Liberal,51,PL,2020,-22.9056391,-47.059564
1520,22,RAFAEL FERNANDO ZIMBALDI,2281,PL,2020,-22.9056391,-47.059564
1520,25111,JOSÉ FRANCISCO DA SILVA,134,DEM,2020,-22.9056391,-47.059564
1520,25555,SARA EVANGELISTA SARDINHA,46,DEM,2020,-22.9056391,-47.059564
1520,40013,JAIRSON VALERIO DOS ANJOS,34,PSB,2020,-22.9056391,-47.059564
1520,40123,GILBERTO CARLOS CARDOSO,39,PSB,2020,-22.9056391,-47.059564
1520,40900,JOSE HONORATO DOS SANTOS,142,PSB,2020,-22.9056391,-47.059564
1520,51,WILSON KELLER DE MATOS,118,PATRIOTA,2020,-22.9056391,-47.059564
1520,51511,EDINILSON LUCAS BEZERRA,32,PATRIOTA,2020,-22.9056391,-47.059564
1520,55,ARTUR CASSEB ORSI,188,PSD,2020,-22.9056391,-47.059564
1520,65,ALESSANDRA RIBEIRO MARTINS,40,PC DO B,2020,-22.9056391,-47.059564
1520,70555,MARCELO VITAL,50,AVANTE,2020,-22.9056391,-47.059564
1520,77980,MARINA DOS SANTOS,54,SOLIDARIEDADE,2020,-22.9056391,-47.059564
1520,95,VOTO BRANCO,1116,,2020,-22.9056391,-47.059564
1520,96,VOTO NULO,1184,,2020,-22.9056391,-47.059564
1538,10,DARIO JORGE GIOLO SAADI,2267,REPUBLICANOS,2020,-22.9056391,-47.059564
1538,10,REPUBLICANOS,34,REPUBLICANOS,2020,-22.9056391,-47.059564
1538,10123,FERNANDO CESAR RIBEIRO MENDES,53,REPUBLICANOS,2020,-22.9056391,-47.059564
1538,12,HÉLIO DE OLIVEIRA SANTOS,51,,2020,-22.9056391,-47.059564
1538,13,PEDRO TOURINHO DE SIQUEIRA,623,PT,2020,-22.9056391,-47.059564
1538,13,Partido dos Trabalhadores,44,PT,2020,-22.9056391,-47.059564
1538,14,TERESINHA DE CARVALHO,79,PTB,2020,-22.9056391,-47.059564
1538,14111,JAIRO INACIO DO NASCIMENTO,30,PTB,2020,-22.9056391,-47.059564
1538,15000,ARNALDO SALVETTI PALÁCIO JUNIOR,38,MDB,2020,-22.9056391,-47.059564
1538,15050,ANDRE LUIS SILVA DE SOUZA,81,MDB,2020,-22.9056391,-47.059564
1538,15400,ALTAIR DE JESUS AMORIM,148,MDB,2020,-22.9056391,-47.059564
1538,17800,JEZIEL SEVERINO DA SILVA,37,PSL,2020,-22.9056391,-47.059564
1538,20456,FABIO CAMILO DE ALMEIDA,45,PSC,2020,-22.9056391,-47.059564
1538,22,RAFAEL FERNANDO ZIMBALDI,1776,PL,2020,-22.9056391,-47.059564
1538,22000,ALBERTO ALVES DA FONSECA,30,PL,2020,-22.9056391,-47.059564
1538,22766,MARCELO LEANDRO PEREIRA DOS SANTOS,45,PL,2020,-22.9056391,-47.059564
1538,25500,RUBENS SOARES DO NASCIMENTO,825,DEM,2020,-22.9056391,-47.059564
1538,40013,JAIRSON VALERIO DOS ANJOS,42,PSB,2020,-22.9056391,-47.059564
1538,40112,FILIPE BATISTA MARCHESI,38,PSB,2020,-22.9056391,-47.059564
1538,40513,NEUSA SILVA,38,PSB,2020,-22.9056391,-47.059564
1538,43300,CARLOS EDUARDO DEPIERI,34,PV,2020,-22.9056391,-47.059564
1538,51,WILSON KELLER DE MATOS,90,PATRIOTA,2020,-22.9056391,-47.059564
1538,55,ARTUR CASSEB ORSI,200,PSD,2020,-22.9056391,-47.059564
1538,65,ALESSANDRA RIBEIRO MARTINS,63,PC DO B,2020,-22.9056391,-47.059564
1538,77890,ANA PAULA DA SILVA LUZ,40,SOLIDARIEDADE,2020,-22.9056391,-47.059564
1538,95,VOTO BRANCO,1039,,2020,-22.9056391,-47.059564
1538,96,VOTO NULO,1507,,2020,-22.9056391,-47.059564
1546,10,DARIO JORGE GIOLO SAADI,734,REPUBLICANOS,2020,-22.9056391,-47.059564
1546,11336,FLÁVIO EDILSON PADOVINI,41,PP,2020,-22.9056391,-47.059564
1546,13,PEDRO TOURINHO DE SIQUEIRA,406,PT,2020,-22.9056391,-47.059564
1546,13300,WAGNER DE MELO ROMÃO,38,PT,2020,-22.9056391,-47.059564
1546,14,TERESINHA DE CARVALHO,33,PTB,2020,-22.9056391,-47.059564
1546,22,RAFAEL FERNANDO ZIMBALDI,644,PL,2020,-22.9056391,-47.059564
1546,23,ANDRÉ LUIZ DE CAMARGO VON ZUBEN,34,CIDADANIA,2020,-22.9056391,-47.059564
1546,43000,VAGNER DOS SANTOS BELLINI,51,PV,2020,-22.9056391,-47.059564
1546,45022,VALDIR APARECIDO TERRAZAN,34,PSDB,2020,-22.9056391,-47.059564
1546,50100,MARIANA CONTI TAKAHASHI,94,PSOL,2020,-22.9056391,-47.059564
1546,55,ARTUR CASSEB ORSI,177,PSD,2020,-22.9056391,-47.059564
1546,65,ALESSANDRA RIBEIRO MARTINS,30,PC DO B,2020,-22.9056391,-47.059564
1546,90000,ROBER BLU ORLANDO,32,PROS,2020,-22.9056391,-47.059564
1546,95,VOTO BRANCO,459,,2020,-22.9056391,-47.059564
1546,96,VOTO NULO,705,,2020,-22.9056391,-47.059564
1554,10,DARIO JORGE GIOLO SAADI,2257,REPUBLICANOS,2020,-22.9056391,-47.059564
1554,10,REPUBLICANOS,31,REPUBLICANOS,2020,-22.9056391,-47.059564
1554,10123,FERNANDO CESAR RIBEIRO MENDES,57,REPUBLICANOS,2020,-22.9056391,-47.059564
1554,12,HÉLIO DE OLIVEIRA SANTOS,51,,2020,-22.9056391,-47.059564
1554,13,PEDRO TOURINHO DE SIQUEIRA,629,PT,2020,-22.9056391,-47.059564
1554,13,Partido dos Trabalhadores,81,PT,2020,-22.9056391,-47.059564
1554,13456,ROSEMIRO APARECIDO FERREIRA,43,PT,2020,-22.9056391,-47.059564
1554,14,TERESINHA DE CARVALHO,107,PTB,2020,-22.9056391,-47.059564
1554,19390,FRANCISCO CARLOS DE OLIVEIRA,156,PODE,2020,-22.9056391,-47.059564
1554,20121,CLAUDIONOR RODRIGUES PORTO,134,PSC,2020,-22.9056391,-47.059564
1554,22,Partido Liberal,39,PL,2020,-22.9056391,-47.059564
1554,22,RAFAEL FERNANDO ZIMBALDI,1949,PL,2020,-22.9056391,-47.059564
1554,23,ANDRÉ LUIZ DE CAMARGO VON ZUBEN,31,CIDADANIA,2020,-22.9056391,-47.059564
1554,25500,RUBENS SOARES DO NASCIMENTO,302,DEM,2020,-22.9056391,-47.059564
1554,28,ROGÉRIO STRACIALANO PARADA,34,PRTB,2020,-22.9056391,-47.059564
1554,30777,JONATHAS DE SIQUEIRA FERREIRA,30,NOVO,2020,-22.9056391,-47.059564
1554,40013,JAIRSON VALERIO DOS ANJOS,52,PSB,2020,-22.9056391,-47.059564
1554,40580,JOSE CARLOS DOS SANTOS,88,PSB,2020,-22.9056391,-47.059564
1554,50100,MARIANA CONTI TAKAHASHI,50,PSOL,2020,-22.9056391,-47.059564
1554,51,WILSON KELLER DE MATOS,88,PATRIOTA,2020,-22.9056391,-47.059564
1554,55,ARTUR CASSEB ORSI,343,PSD,2020,-22.9056391,-47.059564
1554,65,ALESSANDRA RIBEIRO MARTINS,82,PC DO B,2020,-22.9056391,-47.059564
1554,95,VOTO BRANCO,1120,,2020,-22.9056391,-47.059564
1554,96,VOTO NULO,1618,,2020,-22.9056391,-47.059564
1562,10,DARIO JORGE GIOLO SAADI,2004,REPUBLICANOS,2020,,
1562,10123,FERNANDO CESAR RIBEIRO MENDES,51,REPUBLICANOS,2020,,
1562,13,PEDRO TOURINHO DE SIQUEIRA,388,PT,2020,,
1562,14,TERESINHA DE CARVALHO,80,PTB,2020,,
1562,22,RAFAEL FERNANDO ZIMBALDI,1050,PL,2020,,
1562,22800,ANA CAROLINA LOPES CALUSNI,132,PL,2020,,
1562,23,ANDRÉ LUIZ DE CAMARGO VON ZUBEN,54,CIDADANIA,2020,,
1562,28,ROGÉRIO STRACIALANO PARADA,53,PRTB,2020,,
1562,30,Partido Novo,46,,2020,,
1562,30777,JONATHAS DE SIQUEIRA FERREIRA,36,NOVO,2020,,
1562,30900,DANIEL BISCOLA PEREIRA,55,NOVO,2020,,
1562,40013,JAIRSON VALERIO DOS ANJOS,209,PSB,2020,,
1562,40456,PERMINIO MONTEIRO DA SILVA,39,PSB,2020,,
1562,43,ROGERIO MENEZES DE MELLO,39,PV,2020,,
1562,50100,MARIANA CONTI TAKAHASHI,62,PSOL,2020,,
1562,51,WILSON KELLER DE MATOS,90,PATRIOTA,2020,,
1562,55,ARTUR CASSEB ORSI,500,PSD,2020,,
1562,55055,MARCELO DUCHOVNI SILVA,51,PSD,2020,,
1562,65,ALESSANDRA RIBEIRO MARTINS,60,PC DO B,2020,,
1562,95,VOTO BRANCO,525,,2020,,
1562,96,VOTO NULO,1008,,2020,,
1570,10,DARIO JORGE GIOLO SAADI,456,REPUBLICANOS,2020,,
1570,13,PEDRO TOURINHO DE SIQUEIRA,110,PT,2020,,
1570,22,RAFAEL FERNANDO ZIMBALDI,335,PL,2020,,
1570,40013,JAIRSON VALERIO DOS ANJOS,70,PSB,2020,,
1570,55,ARTUR CASSEB ORSI,69,PSD,2020,,
1570,95,VOTO BRANCO,181,,2020,,
1570,96,VOTO NULO,234,,2020,,
1589,10,DARIO JORGE GIOLO SAADI,1055,REPUBLICANOS,2020,-22.9056391,-47.059564
1589,13,PEDRO TOURINHO DE SIQUEIRA,494,PT,2020,-22.9056391,-47.059564
1589,14,TERESINHA DE CARVALHO,47,PTB,2020,-22.9056391,-47.059564
1589,22,RAFAEL FERNANDO ZIMBALDI,981,PL,2020,-22.9056391,-47.059564
1589,25000,RODRIGO LUIS DE BARROS ALMEIDA,163,DEM,2020,-22.9056391,-47.059564
1589,43000,VAGNER DOS SANTOS BELLINI,46,PV,2020,-22.9056391,-47.059564
1589,50100,MARIANA CONTI TAKAHASHI,100,PSOL,2020,-22.9056391,-47.059564
1589,51,WILSON KELLER DE MATOS,41,PATRIOTA,2020,-22.9056391,-47.059564
1589,55,ARTUR CASSEB ORSI,226,PSD,2020,-22.9056391,-47.059564
1589,65,ALESSANDRA RIBEIRO MARTINS,44,PC DO B,2020,-22.9056391,-47.059564
1589,95,VOTO BRANCO,484,,2020,-22.9056391,-47.059564
1589,96,VOTO NULO,889,,2020,-22.9056391,-47.059564
1597,10,DARIO JORGE GIOLO SAADI,393,REPUBLICANOS,2020,-22.9056391,-47.059564
1597,13,PEDRO TOURINHO DE SIQUEIRA,124,PT,2020,-22.9056391,-47.059564
1597,22,RAFAEL FERNANDO ZIMBALDI,274,PL,2020,-22.9056391,-47.059564
1597,55,ARTUR CASSEB ORSI,96,PSD,2020,-22.9056391,-47.059564
1597,95,VOTO BRANCO,162,,2020,-22.9056391,-47.059564
1597,96,VOTO NULO,288,,2020,-22.9056391,-47.059564
1600,10,DARIO JORGE GIOLO SAADI,1006,REPUBLICANOS,2020,-22.9056391,-47.059564
1600,13,PEDRO TOURINHO DE SIQUEIRA,580,PT,2020,-22.9056391,-47.059564
1600,13,Partido dos Trabalhadores,40,PT,2020,-22.9056391,-47.059564
1600,13300,WAGNER DE MELO ROMÃO,57,PT,2020,-22.9056391,-47.059564
1600,14,TERESINHA DE CARVALHO,53,PTB,2020,-22.9056391,-47.059564
1600,22,RAFAEL FERNANDO ZIMBALDI,989,PL,2020,-22.9056391,-47.059564
1600,23,ANDRÉ LUIZ DE CAMARGO VON ZUBEN,42,CIDADANIA,2020,-22.9056391,-47.059564
1600,23238,LI LI MIN,30,CIDADANIA,2020,-22.9056391,-47.059564
1600,25000,RODRIGO LUIS DE BARROS ALMEIDA,41,DEM,2020,-22.9056391,-47.059564
1600,43,ROGERIO MENEZES DE MELLO,43,PV,2020,-22.9056391,-47.059564
1600,43000,VAGNER DOS SANTOS BELLINI,40,PV,2020,-22.9056391,-47.059564
1600,50100,MARIANA CONTI TAKAHASHI,119,PSOL,2020,-22.9056391,-47.059564
1600,51,WILSON KELLER DE MATOS,32,PATRIOTA,2020,-22.9056391,-47.059564
1600,55,ARTUR CASSEB ORSI,276,PSD,2020,-22.9056391,-47.059564
1600,65,ALESSANDRA RIBEIRO MARTINS,55,PC DO B,2020,-22.9056391,-47.059564
1600,95,VOTO BRANCO,423,,2020,-22.9056391,-47.059564
1600,96,VOTO NULO,948,,2020,-22.9056391,-47.059564
1643,10,DARIO JORGE GIOLO SAADI,657,REPUBLICANOS,2020,,
1643,13,PEDRO TOURINHO DE SIQUEIRA,227,PT,2020,,
1643,14,TERESINHA DE CARVALHO,40,PTB,2020,,
1643,22,RAFAEL FERNANDO ZIMBALDI,678,PL,2020,,
1643,40112,FILIPE BATISTA MARCHESI,116,PSB,2020,,
1643,51,WILSON KELLER DE MATOS,37,PATRIOTA,2020,,
1643,55,ARTUR CASSEB ORSI,113,PSD,2020,,
1643,77767,JULIANO ANTONIO MARÇAL,166,SOLIDARIEDADE,2020,,
1643,95,VOTO BRANCO,340,,2020,,
1643,96,VOTO NULO,514,,2020,,
1651,10,DARIO JORGE GIOLO SAADI,923,REPUBLICANOS,2020,,
1651,10123,FERNANDO CESAR RIBEIRO MENDES,42,REPUBLICANOS,2020,,
1651,13,PEDRO TOURINHO DE SIQUEIRA,176,PT,2020,,
1651,15011,CLAUDIOMAR CEZARIO DOS SANTOS LIMA,30,MDB,2020,,
1651,22,RAFAEL FERNANDO ZIMBALDI,435,PL,2020,,
1651,33170,RAIMUNDO FERREIRA DE SOUZA,32,PMN,2020,,
1651,40013,JAIRSON VALERIO DOS ANJOS,312,PSB,2020,,
1651,51,WILSON KELLER DE MATOS,41,PATRIOTA,2020,,
1651,55,ARTUR CASSEB ORSI,59,PSD,2020,,
1651,95,VOTO BRANCO,245,,2020,,
1651,96,VOTO NULO,259,,2020,,
1660,10,DARIO JORGE GIOLO SAADI,680,REPUBLICANOS,2020,-22.9056391,-47.059564
1660,10123,FERNANDO CESAR RIBEIRO MENDES,33,REPUBLICANOS,2020,-22.9056391,-47.059564
1660,13,PEDRO TOURINHO DE SIQUEIRA,190,PT,2020,-22.9056391,-47.059564
1660,13135,EVELYN SILVA DO NASCIMENTO VICENTE DA SILVA,56,PT,2020,-22.9056391,-47.059564
1660,20220,CARMO LUIZ GREGÓRIO DA SILVA,41,PSC,2020,-22.9056391,-47.059564
1660,22,RAFAEL FERNANDO ZIMBALDI,612,PL,2020,-22.9056391,-47.059564
1660,25111,JOSÉ FRANCISCO DA SILVA,36,DEM,2020,-22.9056391,-47.059564
1660,40900,JOSE HONORATO DOS SANTOS,149,PSB,2020,-22.9056391,-47.059564
1660,51,WILSON KELLER DE MATOS,41,PATRIOTA,2020,-22.9056391,-47.059564
1660,95,VOTO BRANCO,362,,2020,-22.9056391,-47.059564
1660,96,VOTO NULO,278,,2020,-22.9056391,-47.059564
1678,10,DARIO JORGE GIOLO SAADI,510,REPUBLICANOS,2020,,
1678,13,PEDRO TOURINHO DE SIQUEIRA,153,PT,2020,,
1678,22,RAFAEL FERNANDO ZIMBALDI,555,PL,2020,,
1678,25999,MARCONE JOSÉ DE LIMA,96,DEM,2020,,
1678,40555,LUIZ FERNANDO MARIANO MATEUS,41,PSB,2020,,
1678,55,ARTUR CASSEB ORSI,48,PSD,2020,,
1678,70777,ANTONIO GONZALEZ DOS SANTOS,43,AVANTE,2020,,
1678,95,VOTO BRANCO,317,,2020,,
1678,96,VOTO NULO,346,,2020,,
1686,10,DARIO JORGE GIOLO SAADI,1133,REPUBLICANOS,2020,-22.9056391,-47.059564
1686,12,HÉLIO DE OLIVEIRA SANTOS,36,,2020,-22.9056391,-47.059564
1686,13,PEDRO TOURINHO DE SIQUEIRA,309,PT,2020,-22.9056391,-47.059564
1686,14,TERESINHA DE CARVALHO,36,PTB,2020,-22.9056391,-47.059564
1686,15500,JOSE PEDRO NUNES,79,MDB,2020,-22.9056391,-47.059564
1686,20620,GILBERTO LEÃO DE ARAUJO,42,PSC,2020,-22.9056391,-47.059564
1686,22,RAFAEL FERNANDO ZIMBALDI,1024,PL,2020,-22.9056391,-47.059564
1686,22333,THELMA ELAINE BRASILEIRO ROBERTI,46,PL,2020,-22.9056391,-47.059564
1686,25000,RODRIGO LUIS DE BARROS ALMEIDA,37,DEM,2020,-22.9056391,-47.059564
1686,40222,ELIAS HERNANE AZEVEDO,36,PSB,2020,-22.9056391,-47.059564
1686,40888,AILTON FERNANDES SARMENTO,96,PSB,2020,-22.9056391,-47.059564
1686,51,WILSON KELLER DE MATOS,82,PATRIOTA,2020,-22.9056391,-47.059564
1686,55,ARTUR CASSEB ORSI,197,PSD,2020,-22.9056391,-47.059564
1686,70555,MARCELO VITAL,41,AVANTE,2020,-22.9056391,-47.059564
1686,77990,VALERIA RUSSO DA SILVA,57,SOLIDARIEDADE,2020,-22.9056391,-47.059564
1686,95,VOTO BRANCO,489,,2020,-22.9056391,-47.059564
1686,96,VOTO NULO,779,,2020,-22.9056391,-47.059564
1694,10,DARIO JORGE GIOLO SAADI,44,REPUBLICANOS,2020,-22.9056391,-47.059564
1694,22,RAFAEL FERNANDO ZIMBALDI,80,PL,2020,-22.9056391,-47.059564
1694,95,VOTO BRANCO,37,,2020,-22.9056391,-47.059564
1694,96,VOTO NULO,51,,2020,-22.9056391,-47.059564
1724,10,DARIO JORGE GIOLO SAADI,2700,REPUBLICANOS,2020,-22.9056391,-47.059564
1724,10,REPUBLICANOS,35,REPUBLICANOS,2020,-22.9056391,-47.059564
1724,10123,FERNANDO CESAR RIBEIRO MENDES,30,REPUBLICANOS,2020,-22.9056391,-47.059564
1724,11111,JAIME DE SOUZA,32,PP,2020,-22.9056391,-47.059564
1724,11181,MARCOS ALVES FERREIRA,37,PP,2020,-22.9056391,-47.059564
1724,12,HÉLIO DE OLIVEIRA SANTOS,56,,2020,-22.9056391,-47.059564
1724,13,PEDRO TOURINHO DE SIQUEIRA,709,PT,2020,-22.9056391,-47.059564
1724,13,Partido dos Trabalhadores,44,PT,2020,-22.9056391,-47.059564
1724,14,TERESINHA DE CARVALHO,150,PTB,2020,-22.9056391,-47.059564
1724,15000,ARNALDO SALVETTI PALÁCIO JUNIOR,45,MDB,2020,-22.9056391,-47.059564
1724,15100,YANKO GONCALVES MELLO,38,MDB,2020,-22.9056391,-47.059564
1724,15222,WENDELL BRANDAO DOS SANTOS,36,MDB,2020,-22.9056391,-47.059564
1724,19620,MIGUEL ARCANJO MONTEIRO VICENTE,122,PODE,2020,-22.9056391,-47.059564
1724,22,RAFAEL FERNANDO ZIMBALDI,1909,PL,2020,-22.9056391,-47.059564
1724,22622,EDEVALDO DE MELO,58,PL,2020,-22.9056391,-47.059564
1724,23,ANDRÉ LUIZ DE CAMARGO VON ZUBEN,58,CIDADANIA,2020,-22.9056391,-47.059564
1724,25777,JORGE RICARDO TEIXEIRA CEZARIO,33,DEM,2020,-22.9056391,-47.059564
1724,28,ROGÉRIO STRACIALANO PARADA,64,PRTB,2020,-22.9056391,-47.059564
1724,30,Partido Novo,31,,2020,-22.9056391,-47.059564
1724,30777,JONATHAS DE SIQUEIRA FERREIRA,32,NOVO,2020,-22.9056391,-47.059564
1724,40000,LUIS MOKITI YABIKU,34,PSB,2020,-22.9056391,-47.059564
1724,40013,JAIRSON VALERIO DOS ANJOS,34,PSB,2020,-22.9056391,-47.059564
1724,40456,PERMINIO MONTEIRO DA SILVA,329,PSB,2020,-22.9056391,-47.059564
1724,40888,AILTON FERNANDES SARMENTO,31,PSB,2020,-22.9056391,-47.059564
1724,43,ROGERIO MENEZES DE MELLO,56,PV,2020,-22.9056391,-47.059564
1724,50000,PAULO ROBERTO BUFALO,31,PSOL,2020,-22.9056391,-47.059564
1724,50100,MARIANA CONTI TAKAHASHI,135,PSOL,2020,-22.9056391,-47.059564
1724,51,WILSON KELLER DE MATOS,148,PATRIOTA,2020,-22.9056391,-47.059564
1724,55,ARTUR CASSEB ORSI,791,PSD,2020,-22.9056391,-47.059564
1724,55055,MARCELO DUCHOVNI SILVA,40,PSD,2020,-22.9056391,-47.059564
1724,55655,NELSON HOSSRI NETO,35,PSD,2020,-22.9056391,-47.059564
1724,65,ALESSANDRA RIBEIRO MARTINS,133,PC DO B,2020,-22.9056391,-47.059564
1724,70345,ADEMIR PAULO NUNES DE ALMEIDA,55,AVANTE,2020,-22.9056391,-47.059564
1724,95,VOTO BRANCO,1182,,2020,-22.9056391,-47.059564
1724,96,VOTO NULO,2318,,2020,-22.9056391,-47.059564
1759,10,DARIO JORGE GIOLO SAADI,463,REPUBLICANOS,2020,-22.9056391,-47.059564
1759,13,PEDRO TOURINHO DE SIQUEIRA,115,PT,2020,-22.9056391,-47.059564
1759,14,TERESINHA DE CARVALHO,36,PTB,2020,-22.9056391,-47.059564
1759,17000,APARECIDO SOUZA SANTOS,33,PSL,2020,-22.9056391,-47.059564
1759,22,RAFAEL FERNANDO ZIMBALDI,336,PL,2020,-22.9056391,-47.059564
1759,40580,JOSE CARLOS DOS SANTOS,69,PSB,2020,-22.9056391,-47.059564
1759,40888,AILTON FERNANDES SARMENTO,34,PSB,2020,-22.9056391,-47.059564
1759,55,ARTUR CASSEB ORSI,121,PSD,2020,-22.9056391,-47.059564
1759,95,VOTO BRANCO,205,,2020,-22.9056391,-47.059564
1759,96,VOTO NULO,391,,2020,-22.9056391,-47.059564
1821,10,DARIO JORGE GIOLO SAADI,590,REPUBLICANOS,2020,,
1821,10789,CARLOS JOSE LEMOS,190,REPUBLICANOS,2020,,
1821,13,PEDRO TOURINHO DE SIQUEIRA,171,PT,2020,,
1821,22,RAFAEL FERNANDO ZIMBALDI,625,PL,2020,,
1821,22345,SILVIA MARLENE DA GRAÇA SILVA,108,PL,2020,,
1821,40110,ARMINDO LIMA DE ALMEIDA,41,PSB,2020,,
1821,45678,LUIZ HENRIQUE CIRILO,52,PSDB,2020,,
1821,55,ARTUR CASSEB ORSI,111,PSD,2020,,
1821,95,VOTO BRANCO,251,,2020,,
1821,96,VOTO NULO,376,,2020,,
1830,10,DARIO JORGE GIOLO SAADI,1648,REPUBLICANOS,2020,-22.9056391,-47.059564
1830,13,PEDRO TOURINHO DE SIQUEIRA,490,PT,2020,-22.9056391,-47.059564
1830,13,Partido dos Trabalhadores,35,PT,2020,-22.9056391,-47.059564
1830,14,TERESINHA DE CARVALHO,57,PTB,2020,-22.9056391,-47.059564
1830,15500,JOSE PEDRO NUNES,75,MDB,2020,-22.9056391,-47.059564
1830,17202,ERIKA ALMEIDA DA SILVA,101,PSL,2020,-22.9056391,-47.059564
1830,20520,JOSÉ GERALDO DAMASCENO,44,PSC,2020,-22.9056391,-47.059564
1830,22,RAFAEL FERNANDO ZIMBALDI,1148,PL,2020,-22.9056391,-47.059564
1830,22300,JORGE VEIGA JUNIOR,32,PL,2020,-22.9056391,-47.059564
1830,22333,THELMA ELAINE BRASILEIRO ROBERTI,33,PL,2020,-22.9056391,-47.059564
1830,23,ANDRÉ LUIZ DE CAMARGO VON ZUBEN,49,CIDADANIA,2020,-22.9056391,-47.059564
1830,23000,NADINA APARECIDA FERNANDES DOS SANTOS,68,CIDADANIA,2020,-22.9056391,-47.059564
1830,23123,PAULO CESAR HADDAD,31,CIDADANIA,2020,-22.9056391,-47.059564
1830,28,ROGÉRIO STRACIALANO PARADA,36,PRTB,2020,-22.9056391,-47.059564
1830,30222,MARCIA ANTONIA CIA RIBEIRO SANTOS,30,NOVO,2020,-22.9056391,-47.059564
1830,40888,AILTON FERNANDES SARMENTO,103,PSB,2020,-22.9056391,-47.059564
1830,43430,CARLOS ROBERTO ALVIM,31,PV,2020,-22.9056391,-47.059564
1830,50100,MARIANA CONTI TAKAHASHI,63,PSOL,2020,-22.9056391,-47.059564
1830,51,WILSON KELLER DE MATOS,71,PATRIOTA,2020,-22.9056391,-47.059564
1830,55,ARTUR CASSEB ORSI,324,PSD,2020,-22.9056391,-47.059564
1830,55555,FLÁVIO MAYNARDES ARAUJO,30,PSD,2020,-22.9056391,-47.059564
1830,65,ALESSANDRA RIBEIRO MARTINS,72,PC DO B,2020,-22.9056391,-47.059564
1830,95,VOTO BRANCO,820,,2020,-22.9056391,-47.059564
1830,96,VOTO NULO,1285,,2020,-22.9056391,-47.059564
1848,10,DARIO JORGE GIOLO SAADI,955,REPUBLICANOS,2020,-22.9056391,-47.059564
1848,10978,LUIZA HELENA CAGLIARI DE SOUZA,102,REPUBLICANOS,2020,-22.9056391,-47.059564
1848,13,PEDRO TOURINHO DE SIQUEIRA,304,PT,2020,-22.9056391,-47.059564
1848,14,TERESINHA DE CARVALHO,42,PTB,2020,-22.9056391,-47.059564
1848,22,RAFAEL FERNANDO ZIMBALDI,667,PL,2020,-22.9056391,-47.059564
1848,28,ROGÉRIO STRACIALANO PARADA,40,PRTB,2020,-22.9056391,-47.059564
1848,50100,MARIANA CONTI TAKAHASHI,61,PSOL,2020,-22.9056391,-47.059564
1848,51,WILSON KELLER DE MATOS,61,PATRIOTA,2020,-22.9056391,-47.059564
1848,55,ARTUR CASSEB ORSI,282,PSD,2020,-22.9056391,-47.059564
1848,65,ALESSANDRA RIBEIRO MARTINS,54,PC DO B,2020,-22.9056391,-47.059564
1848,95,VOTO BRANCO,392,,2020,-22.9056391,-47.059564
1848,96,VOTO NULO,745,,2020,-22.9056391,-47.059564
1856,10,DARIO JORGE GIOLO SAADI,1220,REPUBLICANOS,2020,-22.9056391,-47.059564
1856,10345,OSCAR NEVES GUIMARÃES,31,REPUBLICANOS,2020,-22.9056391,-47.059564
1856,12,HÉLIO DE OLIVEIRA SANTOS,34,,2020,-22.9056391,-47.059564
1856,13,PEDRO TOURINHO DE SIQUEIRA,358,PT,2020,-22.9056391,-47.059564
1856,13,Partido dos Trabalhadores,37,PT,2020,-22.9056391,-47.059564
1856,14,TERESINHA DE CARVALHO,45,PTB,2020,-22.9056391,-47.059564
1856,19123,VONE DA SILVA MARQUES,65,PODE,2020,-22.9056391,-47.059564
1856,22,RAFAEL FERNANDO ZIMBALDI,1079,PL,2020,-22.9056391,-47.059564
1856,23,ANDRÉ LUIZ DE CAMARGO VON ZUBEN,38,CIDADANIA,2020,-22.9056391,-47.059564
1856,23345,WILLIAM GONÇALVEZ MARTINS,69,CIDADANIA,2020,-22.9056391,-47.059564
1856,25777,JORGE RICARDO TEIXEIRA CEZARIO,94,DEM,2020,-22.9056391,-47.059564
1856,40888,AILTON FERNANDES SARMENTO,202,PSB,2020,-22.9056391,-47.059564
1856,50100,MARIANA CONTI TAKAHASHI,48,PSOL,2020,-22.9056391,-47.059564
1856,51,WILSON KELLER DE MATOS,75,PATRIOTA,2020,-22.9056391,-47.059564
1856,55,ARTUR CASSEB ORSI,212,PSD,2020,-22.9056391,-47.059564
1856,65,ALESSANDRA RIBEIRO MARTINS,64,PC DO B,2020,-22.9056391,-47.059564
1856,77777,WLADMIR DE SOUZA CARNEIRO,60,SOLIDARIEDADE,2020,-22.9056391,-47.059564
1856,95,VOTO BRANCO,570,,2020,-22.9056391,-47.059564
1856,96,VOTO NULO,913,,2020,-22.9056391,-47.059564
1864,10,DARIO JORGE GIOLO SAADI,1293,REPUBLICANOS,2020,-22.9056391,-47.059564
1864,10789,CARLOS JOSE LEMOS,34,REPUBLICANOS,2020,-22.9056391,-47.059564
1864,11181,MARCOS ALVES FERREIRA,50,PP,2020,-22.9056391,-47.059564
1864,13,PEDRO TOURINHO DE SIQUEIRA,352,PT,2020,-22.9056391,-47.059564
1864,13,Partido dos Trabalhadores,30,PT,2020,-22.9056391,-47.059564
1864,14,TERESINHA DE CARVALHO,65,PTB,2020,-22.9056391,-47.059564
1864,22,RAFAEL FERNANDO ZIMBALDI,1115,PL,2020,-22.9056391,-47.059564
1864,22000,ALBERTO ALVES DA FONSECA,31,PL,2020,-22.9056391,-47.059564
1864,28,ROGÉRIO STRACIALANO PARADA,70,PRTB,2020,-22.9056391,-47.059564
1864,30100,ADELSON FONSECA BEZERRA,45,NOVO,2020,-22.9056391,-47.059564
1864,40888,AILTON FERNANDES SARMENTO,55,PSB,2020,-22.9056391,-47.059564
1864,43,ROGERIO MENEZES DE MELLO,35,PV,2020,-22.9056391,-47.059564
1864,45100,ANTONIO LOPES,32,PSDB,2020,-22.9056391,-47.059564
1864,50100,MARIANA CONTI TAKAHASHI,45,PSOL,2020,-22.9056391,-47.059564
1864,51,WILSON KELLER DE MATOS,47,PATRIOTA,2020,-22.9056391,-47.059564
1864,55,ARTUR CASSEB ORSI,406,PSD,2020,-22.9056391,-47.059564
1864,55055,MARCELO DUCHOVNI SILVA,31,PSD,2020,-22.9056391,-47.059564
1864,65,ALESSANDRA RIBEIRO MARTINS,38,PC DO B,2020,-22.9056391,-47.059564
1864,95,VOTO BRANCO,648,,2020,-22.9056391,-47.059564
1864,96,VOTO NULO,1138,,2020,-22.9056391,-47.059564
1872,10,DARIO JORGE GIOLO SAADI,3055,REPUBLICANOS,2020,-22.9056391,-47.059564
1872,10,REPUBLICANOS,36,REPUBLICANOS,2020,-22.9056391,-47.059564
1872,10123,FERNANDO CESAR RIBEIRO MENDES,51,REPUBLICANOS,2020,-22.9056391,-47.059564
1872,12,HÉLIO DE OLIVEIRA SANTOS,66,,2020,-22.9056391,-47.059564
1872,13,PEDRO TOURINHO DE SIQUEIRA,913,PT,2020,-22.9056391,-47.059564
1872,13,Partido dos Trabalhadores,65,PT,2020,-22.9056391,-47.059564
1872,13500,ROGÉRIO NUNES,127,PT,2020,-22.9056391,-47.059564
1872,13613,CARLOS ROBERTO DE OLIVEIRA,47,PT,2020,-22.9056391,-47.059564
1872,14,TERESINHA DE CARVALHO,126,PTB,2020,-22.9056391,-47.059564
1872,15000,ARNALDO SALVETTI PALÁCIO JUNIOR,32,MDB,2020,-22.9056391,-47.059564
1872,17000,APARECIDO SOUZA SANTOS,68,PSL,2020,-22.9056391,-47.059564
1872,20456,FABIO CAMILO DE ALMEIDA,52,PSC,2020,-22.9056391,-47.059564
1872,22,Partido Liberal,35,PL,2020,-22.9056391,-47.059564
1872,22,RAFAEL FERNANDO ZIMBALDI,2405,PL,2020,-22.9056391,-47.059564
1872,22000,ALBERTO ALVES DA FONSECA,42,PL,2020,-22.9056391,-47.059564
1872,23,ANDRÉ LUIZ DE CAMARGO VON ZUBEN,42,CIDADANIA,2020,-22.9056391,-47.059564
1872,25500,RUBENS SOARES DO NASCIMENTO,414,DEM,2020,-22.9056391,-47.059564
1872,25777,JORGE RICARDO TEIXEIRA CEZARIO,48,DEM,2020,-22.9056391,-47.059564
1872,28,ROGÉRIO STRACIALANO PARADA,57,PRTB,2020,-22.9056391,-47.059564
1872,40006,ROSA PAULA SELHI,30,PSB,2020,-22.9056391,-47.059564
1872,40580,JOSE CARLOS DOS SANTOS,195,PSB,2020,-22.9056391,-47.059564
1872,40888,AILTON FERNANDES SARMENTO,218,PSB,2020,-22.9056391,-47.059564
1872,50000,PAULO ROBERTO BUFALO,34,PSOL,2020,-22.9056391,-47.059564
1872,50100,MARIANA CONTI TAKAHASHI,76,PSOL,2020,-22.9056391,-47.059564
1872,51,WILSON KELLER DE MATOS,150,PATRIOTA,2020,-22.9056391,-47.059564
1872,55,ARTUR CASSEB ORSI,495,PSD,2020,-22.9056391,-47.059564
1872,55055,MARCELO DUCHOVNI SILVA,31,PSD,2020,-22.9056391,-47.059564
1872,65,ALESSANDRA RIBEIRO MARTINS,102,PC DO B,2020,-22.9056391,-47.059564
1872,77300,MILTON DA SILVA FARIA,40,SOLIDARIEDADE,2020,-22.9056391,-47.059564
1872,77789,VANDERLEI MARCOS FERRARI,176,SOLIDARIEDADE,2020,-22.9056391,-47.059564
1872,95,VOTO BRANCO,1192,,2020,-22.9056391,-47.059564
1872,96,VOTO NULO,2078,,2020,-22.9056391,-47.059564
1880,10,DARIO JORGE GIOLO SAADI,1504,REPUBLICANOS,2020,-22.9056391,-47.059564
1880,13,PEDRO TOURINHO DE SIQUEIRA,631,PT,2020,-22.9056391,-47.059564
1880,13300,WAGNER DE MELO ROMÃO,50,PT,2020,-22.9056391,-47.059564
1880,14,TERESINHA DE CARVALHO,57,PTB,2020,-22.9056391,-47.059564
1880,22,RAFAEL FERNANDO ZIMBALDI,864,PL,2020,-22.9056391,-47.059564
1880,23,ANDRÉ LUIZ DE CAMARGO VON ZUBEN,69,CIDADANIA,2020,-22.9056391,-47.059564
1880,23238,LI LI MIN,34,CIDADANIA,2020,-22.9056391,-47.059564
1880,28,ROGÉRIO STRACIALANO PARADA,39,PRTB,2020,-22.9056391,-47.059564
1880,30,Partido Novo,30,,2020,-22.9056391,-47.059564
1880,30222,MARCIA ANTONIA CIA RIBEIRO SANTOS,50,NOVO,2020,-22.9056391,-47.059564
1880,30999,PAULO SÉRGIO BARCELLOS GASPAR,49,NOVO,2020,-22.9056391,-47.059564
1880,40888,AILTON FERNANDES SARMENTO,97,PSB,2020,-22.9056391,-47.059564
1880,43,ROGERIO MENEZES DE MELLO,62,PV,2020,-22.9056391,-47.059564
1880,43000,VAGNER DOS SANTOS BELLINI,72,PV,2020,-22.9056391,-47.059564
1880,45022,VALDIR APARECIDO TERRAZAN,54,PSDB,2020,-22.9056391,-47.059564
1880,45123,GUILHERME DAMASCENO FERNANDES,32,PSDB,2020,-22.9056391,-47.059564
1880,50001,MARCELA DIAS MOREIRA,47,PSOL,2020,-22.9056391,-47.059564
1880,50100,MARIANA CONTI TAKAHASHI,201,PSOL,2020,-22.9056391,-47.059564
1880,50123,ÉLICE NATALIA BOTELHO,50,PSOL,2020,-22.9056391,-47.059564
1880,50222,ROBERTO LUIS STEVENSON PRADO,48,PSOL,2020,-22.9056391,-47.059564
1880,50300,LETÍCIA SOUZA MOREIRA BENEVIDES,61,PSOL,2020,-22.9056391,-47.059564
1880,51,WILSON KELLER DE MATOS,42,PATRIOTA,2020,-22.9056391,-47.059564
1880,55,ARTUR CASSEB ORSI,402,PSD,2020,-22.9056391,-47.059564
1880,55055,MARCELO DUCHOVNI SILVA,35,PSD,2020,-22.9056391,-47.059564
1880,65,ALESSANDRA RIBEIRO MARTINS,117,PC DO B,2020,-22.9056391,-47.059564
1880,95,VOTO BRANCO,512,,2020,-22.9056391,-47.059564
1880,96,VOTO NULO,1061,,2020,-22.9056391,-47.059564
1899,10,DARIO JORGE GIOLO SAADI,1368,REPUBLICANOS,2020,-22.9056391,-47.059564
1899,11111,JAIME DE SOUZA,36,PP,2020,-22.9056391,-47.059564
1899,13,PEDRO TOURINHO DE SIQUEIRA,449,PT,2020,-22.9056391,-47.059564
1899,13,Partido dos Trabalhadores,38,PT,2020,-22.9056391,-47.059564
1899,14,TERESINHA DE CARVALHO,54,PTB,2020,-22.9056391,-47.059564
1899,15222,WENDELL BRANDAO DOS SANTOS,46,MDB,2020,-22.9056391,-47.059564
1899,22,RAFAEL FERNANDO ZIMBALDI,927,PL,2020,-22.9056391,-47.059564
1899,23,ANDRÉ LUIZ DE CAMARGO VON ZUBEN,42,CIDADANIA,2020,-22.9056391,-47.059564
1899,40456,PERMINIO MONTEIRO DA SILVA,143,PSB,2020,-22.9056391,-47.059564
1899,43,ROGERIO MENEZES DE MELLO,33,PV,2020,-22.9056391,-47.059564
1899,43000,VAGNER DOS SANTOS BELLINI,46,PV,2020,-22.9056391,-47.059564
1899,50100,MARIANA CONTI TAKAHASHI,92,PSOL,2020,-22.9056391,-47.059564
1899,50300,LETÍCIA SOUZA MOREIRA BENEVIDES,34,PSOL,2020,-22.9056391,-47.059564
1899,51,WILSON KELLER DE MATOS,73,PATRIOTA,2020,-22.9056391,-47.059564
1899,55,ARTUR CASSEB ORSI,370,PSD,2020,-22.9056391,-47.059564
1899,55055,MARCELO DUCHOVNI SILVA,40,PSD,2020,-22.9056391,-47.059564
1899,65,ALESSANDRA RIBEIRO MARTINS,79,PC DO B,2020,-22.9056391,-47.059564
1899,95,VOTO BRANCO,557,,2020,-22.9056391,-47.059564
1899,96,VOTO NULO,1150,,2020,-22.9056391,-47.059564
1902,10,DARIO JORGE GIOLO SAADI,474,REPUBLICANOS,2020,-22.9056391,-47.059564
1902,13,PEDRO TOURINHO DE SIQUEIRA,340,PT,2020,-22.9056391,-47.059564
1902,22,RAFAEL FERNANDO ZIMBALDI,409,PL,2020,-22.9056391,-47.059564
1902,43000,VAGNER DOS SANTOS BELLINI,48,PV,2020,-22.9056391,-47.059564
1902,50100,MARIANA CONTI TAKAHASHI,101,PSOL,2020,-22.9056391,-47.059564
1902,55,ARTUR CASSEB ORSI,156,PSD,2020,-22.9056391,-47.059564
1902,65,ALESSANDRA RIBEIRO MARTINS,40,PC DO B,2020,-22.9056391,-47.059564
1902,95,VOTO BRANCO,244,,2020,-22.9056391,-47.059564
1902,96,VOTO NULO,545,,2020,-22.9056391,-47.059564
1910,10,DARIO JORGE GIOLO SAADI,1409,REPUBLICANOS,2020,-22.9056391,-47.059564
1910,13,PEDRO TOURINHO DE SIQUEIRA,404,PT,2020,-22.9056391,-47.059564
1910,14,TERESINHA DE CARVALHO,55,PTB,2020,-22.9056391,-47.059564
1910,22,RAFAEL FERNANDO ZIMBALDI,796,PL,2020,-22.9056391,-47.059564
1910,23,ANDRÉ LUIZ DE CAMARGO VON ZUBEN,52,CIDADANIA,2020,-22.9056391,-47.059564
1910,28,ROGÉRIO STRACIALANO PARADA,36,PRTB,2020,-22.9056391,-47.059564
1910,30,Partido Novo,33,,2020,-22.9056391,-47.059564
1910,40000,LUIS MOKITI YABIKU,40,PSB,2020,-22.9056391,-47.059564
1910,50100,MARIANA CONTI TAKAHASHI,89,PSOL,2020,-22.9056391,-47.059564
1910,51,WILSON KELLER DE MATOS,40,PATRIOTA,2020,-22.9056391,-47.059564
1910,55,ARTUR CASSEB ORSI,517,PSD,2020,-22.9056391,-47.059564
1910,55055,MARCELO DUCHOVNI SILVA,48,PSD,2020,-22.9056391,-47.059564
1910,55555,FLÁVIO MAYNARDES ARAUJO,39,PSD,2020,-22.9056391,-47.059564
1910,55655,NELSON HOSSRI NETO,33,PSD,2020,-22.9056391,-47.059564
1910,65,ALESSANDRA RIBEIRO MARTINS,78,PC DO B,2020,-22.9056391,-47.059564
1910,95,VOTO BRANCO,492,,2020,-22.9056391,-47.059564
1910,96,VOTO NULO,998,,2020,-22.9056391,-47.059564
1929,10,DARIO JORGE GIOLO SAADI,4766,REPUBLICANOS,2020,-22.9056391,-47.059564
1929,10,REPUBLICANOS,65,REPUBLICANOS,2020,-22.9056391,-47.059564
1929,10123,FERNANDO CESAR RIBEIRO MENDES,47,REPUBLICANOS,2020,-22.9056391,-47.059564
1929,10345,OSCAR NEVES GUIMARÃES,45,REPUBLICANOS,2020,-22.9056391,-47.059564
1929,11111,JAIME DE SOUZA,56,PP,2020,-22.9056391,-47.059564
1929,11181,MARCOS ALVES FERREIRA,63,PP,2020,-22.9056391,-47.059564
1929,12,HÉLIO DE OLIVEIRA SANTOS,62,,2020,-22.9056391,-47.059564
1929,13,PEDRO TOURINHO DE SIQUEIRA,1261,PT,2020,-22.9056391,-47.059564
1929,13,Partido dos Trabalhadores,100,PT,2020,-22.9056391,-47.059564
1929,13020,MARGARIDA DA SILVA CALIXTO,48,PT,2020,-22.9056391,-47.059564
1929,13123,PAOLLA CATHERINE DOS SANTOS MIGUEL AGARD,46,PT,2020,-22.9056391,-47.059564
1929,13300,WAGNER DE MELO ROMÃO,52,PT,2020,-22.9056391,-47.059564
1929,14,TERESINHA DE CARVALHO,204,PTB,2020,-22.9056391,-47.059564
1929,14013,KATIA STANCATO,38,PTB,2020,-22.9056391,-47.059564
1929,15000,ARNALDO SALVETTI PALÁCIO JUNIOR,45,MDB,2020,-22.9056391,-47.059564
1929,15100,YANKO GONCALVES MELLO,58,MDB,2020,-22.9056391,-47.059564
1929,19123,VONE DA SILVA MARQUES,54,PODE,2020,-22.9056391,-47.059564
1929,20153,ALEXANDRE MORAES DE ALVARENGA RANGEL,31,PSC,2020,-22.9056391,-47.059564
1929,22,Partido Liberal,38,PL,2020,-22.9056391,-47.059564
1929,22,RAFAEL FERNANDO ZIMBALDI,3242,PL,2020,-22.9056391,-47.059564
1929,22000,ALBERTO ALVES DA FONSECA,39,PL,2020,-22.9056391,-47.059564
1929,22111,CAROLINA LOURENÇO DEFILIPPI GONÇALVES,66,PL,2020,-22.9056391,-47.059564
1929,22622,EDEVALDO DE MELO,50,PL,2020,-22.9056391,-47.059564
1929,23,ANDRÉ LUIZ DE CAMARGO VON ZUBEN,173,CIDADANIA,2020,-22.9056391,-47.059564
1929,23010,LUCIANA APARECIDA CARDOSO,67,CIDADANIA,2020,-22.9056391,-47.059564
1929,23026,MARJORIE DA COSTA HENRIQUE RODRIGUES,37,CIDADANIA,2020,-22.9056391,-47.059564
1929,23238,LI LI MIN,47,CIDADANIA,2020,-22.9056391,-47.059564
1929,28,ROGÉRIO STRACIALANO PARADA,162,PRTB,2020,-22.9056391,-47.059564
1929,30,Partido Novo,172,,2020,-22.9056391,-47.059564
1929,30100,ADELSON FONSECA BEZERRA,128,NOVO,2020,-22.9056391,-47.059564
1929,30153,MIRIAM MARIA ANTUNES DE SOUZA,53,NOVO,2020,-22.9056391,-47.059564
1929,30222,MARCIA ANTONIA CIA RIBEIRO SANTOS,38,NOVO,2020,-22.9056391,-47.059564
1929,30300,SANDRA HELENA FERNANDES,80,NOVO,2020,-22.9056391,-47.059564
1929,30333,FRANCISCO ASSIS DA CONCEIÇÃO,53,NOVO,2020,-22.9056391,-47.059564
1929,30500,MARIA CRISTINA DE OLIVEIRA,99,NOVO,2020,-22.9056391,-47.059564
1929,30777,JONATHAS DE SIQUEIRA FERREIRA,52,NOVO,2020,-22.9056391,-47.059564
1929,30900,DANIEL BISCOLA PEREIRA,69,NOVO,2020,-22.9056391,-47.059564
1929,30999,PAULO SÉRGIO BARCELLOS GASPAR,109,NOVO,2020,-22.9056391,-47.059564
1929,40000,LUIS MOKITI YABIKU,64,PSB,2020,-22.9056391,-47.059564
1929,40123,GILBERTO CARLOS CARDOSO,60,PSB,2020,-22.9056391,-47.059564
1929,40222,ELIAS HERNANE AZEVEDO,31,PSB,2020,-22.9056391,-47.059564
1929,40580,JOSE CARLOS DOS SANTOS,36,PSB,2020,-22.9056391,-47.059564
1929,40678,JOSÉ CARLOS SILVA,36,PSB,2020,-22.9056391,-47.059564
1929,43,ROGERIO MENEZES DE MELLO,100,PV,2020,-22.9056391,-47.059564
1929,43000,VAGNER DOS SANTOS BELLINI,46,PV,2020,-22.9056391,-47.059564
1929,43123,LUIZ CARLOS ROSSINI,39,PV,2020,-22.9056391,-47.059564
1929,43430,CARLOS ROBERTO ALVIM,49,PV,2020,-22.9056391,-47.059564
1929,45123,GUILHERME DAMASCENO FERNANDES,58,PSDB,2020,-22.9056391,-47.059564
1929,45234,MARCOS JOSÉ BERNARDELLI,45,PSDB,2020,-22.9056391,-47.059564
1929,45678,LUIZ HENRIQUE CIRILO,54,PSDB,2020,-22.9056391,-47.059564
1929,50,Partido Socialismo e Liberdade,34,,2020,-22.9056391,-47.059564
1929,50000,PAULO ROBERTO BUFALO,50,PSOL,2020,-22.9056391,-47.059564
1929,50001,MARCELA DIAS MOREIRA,58,PSOL,2020,-22.9056391,-47.059564
1929,50100,MARIANA CONTI TAKAHASHI,285,PSOL,2020,-22.9056391,-47.059564
1929,50123,ÉLICE NATALIA BOTELHO,60,PSOL,2020,-22.9056391,-47.059564
1929,50222,ROBERTO LUIS STEVENSON PRADO,39,PSOL,2020,-22.9056391,-47.059564
1929,50300,LETÍCIA SOUZA MOREIRA BENEVIDES,100,PSOL,2020,-22.9056391,-47.059564
1929,51,WILSON KELLER DE MATOS,167,PATRIOTA,2020,-22.9056391,-47.059564
1929,55,ARTUR CASSEB ORSI,1576,PSD,2020,-22.9056391,-47.059564
1929,55,Partido Social Democrático,41,PSD,2020,-22.9056391,-47.059564
1929,55000,RAFAEL FERNANDES TEÓFILO,41,PSD,2020,-22.9056391,-47.059564
1929,55055,MARCELO DUCHOVNI SILVA,169,PSD,2020,-22.9056391,-47.059564
1929,55123,ANGELO DINIZ,42,PSD,2020,-22.9056391,-47.059564
1929,55500,AILTON LOURENÇO DA SILVA,73,PSD,2020,-22.9056391,-47.059564
1929,55555,FLÁVIO MAYNARDES ARAUJO,89,PSD,2020,-22.9056391,-47.059564
1929,55655,NELSON HOSSRI NETO,104,PSD,2020,-22.9056391,-47.059564
1929,65,ALESSANDRA RIBEIRO MARTINS,238,PC DO B,2020,-22.9056391,-47.059564
1929,65656,GUSTAVO LEMOS PETTA,61,PC DO B,2020,-22.9056391,-47.059564
1929,70030,FELIPE CEZAR MONTEIRO DE SOUZA,49,AVANTE,2020,-22.9056391,-47.059564
1929,77777,WLADMIR DE SOUZA CARNEIRO,103,SOLIDARIEDADE,2020,-22.9056391,-47.059564
1929,95,VOTO BRANCO,1891,,2020,-22.9056391,-47.059564
1929,96,VOTO NULO,3048,,2020,-22.9056391,-47.059564
1937,10,DARIO JORGE GIOLO SAADI,506,REPUBLICANOS,2020,,
1937,13,PEDRO TOURINHO DE SIQUEIRA,132,PT,2020,,
1937,14,TERESINHA DE CARVALHO,34,PTB,2020,,
1937,22,RAFAEL FERNANDO ZIMBALDI,265,PL,2020,,
1937,55,ARTUR CASSEB ORSI,131,PSD,2020,,
1937,95,VOTO BRANCO,190,,2020,,
1937,96,VOTO NULO,349,,2020,,
1945,10,DARIO JORGE GIOLO SAADI,576,REPUBLICANOS,2020,-22.9056391,-47.059564
1945,10345,OSCAR NEVES GUIMARÃES,33,REPUBLICANOS,2020,-22.9056391,-47.059564
1945,13,PEDRO TOURINHO DE SIQUEIRA,162,PT,2020,-22.9056391,-47.059564
1945,14,TERESINHA DE CARVALHO,32,PTB,2020,-22.9056391,-47.059564
1945,22,RAFAEL FERNANDO ZIMBALDI,575,PL,2020,-22.9056391,-47.059564
1945,40123,GILBERTO CARLOS CARDOSO,31,PSB,2020,-22.9056391,-47.059564
1945,55,ARTUR CASSEB ORSI,165,PSD,2020,-22.9056391,-47.059564
1945,65,ALESSANDRA RIBEIRO MARTINS,32,PC DO B,2020,-22.9056391,-47.059564
1945,77777,WLADMIR DE SOUZA CARNEIRO,43,SOLIDARIEDADE,2020,-22.9056391,-47.059564
1945,95,VOTO BRANCO,276,,2020,-22.9056391,-47.059564
1945,96,VOTO NULO,460,,2020,-22.9056391,-47.059564
1961,10,DARIO JORGE GIOLO SAADI,1646,REPUBLICANOS,2020,,
1961,13,PEDRO TOURINHO DE SIQUEIRA,420,PT,2020,,
1961,13,Partido dos Trabalhadores,46,PT,2020,,
1961,14,TERESINHA DE CARVALHO,66,PTB,2020,,
1961,22,RAFAEL FERNANDO ZIMBALDI,835,PL,2020,,
1961,23,ANDRÉ LUIZ DE CAMARGO VON ZUBEN,59,CIDADANIA,2020,,
1961,28,ROGÉRIO STRACIALANO PARADA,55,PRTB,2020,,
1961,30,Partido Novo,35,,2020,,
1961,30999,PAULO SÉRGIO BARCELLOS GASPAR,41,NOVO,2020,,
1961,40000,LUIS MOKITI YABIKU,53,PSB,2020,,
1961,43,ROGERIO MENEZES DE MELLO,33,PV,2020,,
1961,50000,PAULO ROBERTO BUFALO,41,PSOL,2020,,
1961,50100,MARIANA CONTI TAKAHASHI,75,PSOL,2020,,
1961,51,WILSON KELLER DE MATOS,34,PATRIOTA,2020,,
1961,55,ARTUR CASSEB ORSI,550,PSD,2020,,
1961,55055,MARCELO DUCHOVNI SILVA,55,PSD,2020,,
1961,55555,FLÁVIO MAYNARDES ARAUJO,31,PSD,2020,,
1961,55655,NELSON HOSSRI NETO,37,PSD,2020,,
1961,65,ALESSANDRA RIBEIRO MARTINS,70,PC DO B,2020,,
1961,95,VOTO BRANCO,505,,2020,,
1961,96,VOTO NULO,936,,2020,,
1988,10,DARIO JORGE GIOLO SAADI,114,REPUBLICANOS,2020,-22.9056391,-47.059564
1988,13,PEDRO TOURINHO DE SIQUEIRA,37,PT,2020,-22.9056391,-47.059564
1988,22,RAFAEL FERNANDO ZIMBALDI,86,PL,2020,-22.9056391,-47.059564
1988,95,VOTO BRANCO,50,,2020,-22.9056391,-47.059564
1988,96,VOTO NULO,31,,2020,-22.9056391,-47.059564
1996,10,DARIO JORGE GIOLO SAADI,150,REPUBLICANOS,2020,-22.9056391,-47.059564
1996,13,PEDRO TOURINHO DE SIQUEIRA,42,PT,2020,-22.9056391,-47.059564
1996,22,RAFAEL FERNANDO ZIMBALDI,124,PL,2020,-22.9056391,-47.059564
1996,25500,RUBENS SOARES DO NASCIMENTO,39,DEM,2020,-22.9056391,-47.059564
1996,95,VOTO BRANCO,59,,2020,-22.9056391,-47.059564
1996,96,VOTO NULO,59,,2020,-22.9056391,-47.059564
2135,10,DARIO JORGE GIOLO SAADI,1310,REPUBLICANOS,2020,-22.9056391,-47.059564
2135,13,PEDRO TOURINHO DE SIQUEIRA,360,PT,2020,-22.9056391,-47.059564
2135,14,TERESINHA DE CARVALHO,39,PTB,2020,-22.9056391,-47.059564
2135,22,RAFAEL FERNANDO ZIMBALDI,719,PL,2020,-22.9056391,-47.059564
2135,22111,CAROLINA LOURENÇO DEFILIPPI GONÇALVES,30,PL,2020,-22.9056391,-47.059564
2135,23,ANDRÉ LUIZ DE CAMARGO VON ZUBEN,46,CIDADANIA,2020,-22.9056391,-47.059564
2135,28,ROGÉRIO STRACIALANO PARADA,31,PRTB,2020,-22.9056391,-47.059564
2135,30,Partido Novo,35,,2020,-22.9056391,-47.059564
2135,43,ROGERIO MENEZES DE MELLO,33,PV,2020,-22.9056391,-47.059564
2135,45123,GUILHERME DAMASCENO FERNANDES,39,PSDB,2020,-22.9056391,-47.059564
2135,45234,MARCOS JOSÉ BERNARDELLI,38,PSDB,2020,-22.9056391,-47.059564
2135,50001,MARCELA DIAS MOREIRA,30,PSOL,2020,-22.9056391,-47.059564
2135,50100,MARIANA CONTI TAKAHASHI,97,PSOL,2020,-22.9056391,-47.059564
2135,50123,ÉLICE NATALIA BOTELHO,52,PSOL,2020,-22.9056391,-47.059564
2135,55,ARTUR CASSEB ORSI,556,PSD,2020,-22.9056391,-47.059564
2135,55055,MARCELO DUCHOVNI SILVA,125,PSD,2020,-22.9056391,-47.059564
2135,55655,NELSON HOSSRI NETO,96,PSD,2020,-22.9056391,-47.059564
2135,65,ALESSANDRA RIBEIRO MARTINS,66,PC DO B,2020,-22.9056391,-47.059564
2135,95,VOTO BRANCO,464,,2020,-22.9056391,-47.059564
2135,96,VOTO NULO,760,,2020,-22.9056391,-47.059564
2151,10,DARIO JORGE GIOLO SAADI,1159,REPUBLICANOS,2020,-22.9056391,-47.059564
2151,13,PEDRO TOURINHO DE SIQUEIRA,220,PT,2020,-22.9056391,-47.059564
2151,14,TERESINHA DE CARVALHO,34,PTB,2020,-22.9056391,-47.059564
2151,22,RAFAEL FERNANDO ZIMBALDI,517,PL,2020,-22.9056391,-47.059564
2151,23,ANDRÉ LUIZ DE CAMARGO VON ZUBEN,30,CIDADANIA,2020,-22.9056391,-47.059564
2151,40580,JOSE CARLOS DOS SANTOS,236,PSB,2020,-22.9056391,-47.059564
2151,50100,MARIANA CONTI TAKAHASHI,33,PSOL,2020,-22.9056391,-47.059564
2151,55,ARTUR CASSEB ORSI,215,PSD,2020,-22.9056391,-47.059564
2151,65,ALESSANDRA RIBEIRO MARTINS,30,PC DO B,2020,-22.9056391,-47.059564
2151,95,VOTO BRANCO,257,,2020,-22.9056391,-47.059564
2151,96,VOTO NULO,575,,2020,-22.9056391,-47.059564
2240,10,DARIO JORGE GIOLO SAADI,147,REPUBLICANOS,2020,,
2240,13,PEDRO TOURINHO DE SIQUEIRA,50,PT,2020,,
2240,22,RAFAEL FERNANDO ZIMBALDI,56,PL,2020,,
2240,55,ARTUR CASSEB ORSI,51,PSD,2020,,
2240,95,VOTO BRANCO,44,,2020,,
2240,96,VOTO NULO,70,,2020,,
