nr_local,nr_candidato,nm_candidato,votos,sg_partido,ano,lat,lng
1015,10,REPUBLICANOS,47,REPUBLICANOS,2022,-22.8943716,-47.0503261
1015,10,TARCISIO GOMES DE FREITAS,16153,REPUBLICANOS,2022,-22.8943716,-47.0503261
1015,1000,CELSO UBIRAJARA RUSSOMANNO,161,REPUBLICANOS,2022,-22.8943716,-47.0503261
1015,10000,JORGE WILSON GONÇALVES DE MATTOS,30,REPUBLICANOS,2022,-22.8943716,-47.0503261
1015,10099,LEONICE ALVES DA PAZ,95,REPUBLICANOS,2022,-22.8943716,-47.0503261
1015,1010,MARCOS ANTONIO PEREIRA,77,REPUBLICANOS,2022,-22.8943716,-47.0503261
1015,10123,GILMACI DOS SANTOS BARBOSA,167,REPUBLICANOS,2022,-22.8943716,-47.0503261
1015,10200,HIGOR DIEGO RALLA,385,REPUBLICANOS,2022,-22.8943716,-47.0503261
1015,10550,TOME ABDUCH,287,REPUBLICANOS,2022,-22.8943716,-47.0503261
1015,10777,MANOEL BARBOSA DO NASCIMENTO,31,REPUBLICANOS,2022,-22.8943716,-47.0503261
1015,1078,BENEDITO ROBERTO ALVES FERREIRA,160,REPUBLICANOS,2022,-22.8943716,-47.0503261
1015,1099,ROBERTO ALVES DE LUCENA,74,REPUBLICANOS,2022,-22.8943716,-47.0503261
1015,1111,BRUNO MARCELLO DE OLIVEIRA LIMA,291,PP,2022,-22.8943716,-47.0503261
1015,1112,ISRAEL NANTES SANTOS,107,PP,2022,-22.8943716,-47.0503261
1015,11190,RAFAEL HENRIQUE CANO TELHADA,62,PP,2022,-22.8943716,-47.0503261
1015,1122,CARLOS ALBERTO DA CUNHA,103,PP,2022,-22.8943716,-47.0503261
1015,11777,ANTONIO ASSUNÇÃO DE OLIM,63,PP,2022,-22.8943716,-47.0503261
1015,12,ELVIS LEONARDO CEZAR,97,PDT,2022,-22.8943716,-47.0503261
1015,12,Partido Democrático Trabalhista,41,PDT,2022,-22.8943716,-47.0503261
1015,1212,MARIA GIOVANA LUCHIARI PISONI DUARTE FORTUNATO,33,PDT,2022,-22.8943716,-47.0503261
1015,12200,WILSON KELLER DE MATOS,52,PDT,2022,-22.8943716,-47.0503261
1015,123,JOSÉ ALDO REBELO FIGUEIREDO,155,PDT,2022,-22.8943716,-47.0503261
1015,13,FERNANDO HADDAD,9871,PT,2022,-22.8943716,-47.0503261
1015,13,Partido dos Trabalhadores,579,PT,2022,-22.8943716,-47.0503261
1015,13016,THAINARA KAROLINE FARIA,76,PT,2022,-22.8943716,-47.0503261
1015,13120,CARLOS ROBERTO DE OLIVEIRA,49,PT,2022,-22.8943716,-47.0503261
1015,13121,ANA LUCIA LIPPAUS PERUGINI,121,PT,2022,-22.8943716,-47.0503261
1015,13123,MARIA IZABEL AZEVEDO NORONHA,84,PT,2022,-22.8943716,-47.0503261
1015,1313,RUI GOETHE DA COSTA FALCÃO,51,PT,2022,-22.8943716,-47.0503261
1015,13133,EDUARDO MATARAZZO SUPLICY,465,PT,2022,-22.8943716,-47.0503261
1015,1319,PEDRO TOURINHO DE SIQUEIRA,1012,PT,2022,-22.8943716,-47.0503261
1015,13199,PAOLLA CATHERINE DOS SANTOS MIGUEL AGARD,227,PT,2022,-22.8943716,-47.0503261
1015,13300,WAGNER DE MELO ROMÃO,102,PT,2022,-22.8943716,-47.0503261
1015,13331,VERA LUCIA RODRIGUES DE FARIA,49,PT,2022,-22.8943716,-47.0503261
1015,13651,PAULO BATISTA DOS REIS,65,PT,2022,-22.8943716,-47.0503261
1015,13654,JANDYRA MASSUE UEHARA ALVES,85,PT,2022,-22.8943716,-47.0503261
1015,1366,MARIANA CERGOLI JANEIRO,50,PT,2022,-22.8943716,-47.0503261
1015,1370,CARLOS ALBERTO ROLIM ZARATTINI,37,PT,2022,-22.8943716,-47.0503261
1015,1380,JILMAR AUGUSTINHO TATTO,120,PT,2022,-22.8943716,-47.0503261
1015,14038,PAULO HUGENNEYER KOGOS,41,PTB,2022,-22.8943716,-47.0503261
1015,1414,ADRILLES REIS JORGE,73,PTB,2022,-22.8943716,-47.0503261
1015,15,Movimento Democrático Brasileiro,67,,2022,-22.8943716,-47.0503261
1015,1500,MARIO PALUMBO JUNIOR,109,MDB,2022,-22.8943716,-47.0503261
1015,15121,ANDRE CESAR COSTA,30,MDB,2022,-22.8943716,-47.0503261
1015,1532,LUIZ LAURO FERREIRA,48,MDB,2022,-22.8943716,-47.0503261
1015,1536,ENRICO VAN BLARCUM DE GRAAFF MISASI,30,MDB,2022,-22.8943716,-47.0503261
1015,155,EDSON APARECIDO DOS SANTOS,603,MDB,2022,-22.8943716,-47.0503261
1015,1580,FÁBIO EDUARDO DE OLIVEIRA TERUEL,51,MDB,2022,-22.8943716,-47.0503261
1015,1587,ARNALDO SALVETTI PALACIO JUNIOR,128,MDB,2022,-22.8943716,-47.0503261
1015,18000,MARINA MEDEIROS HELOU,40,REDE,2022,-22.8943716,-47.0503261
1015,1818,MARIA OSMARINA MARINA DA SILVA VAZ DE LIMA,202,REDE,2022,-22.8943716,-47.0503261
1015,1877,RICARDO MAGNUS OSÓRIO GALVÃO,46,REDE,2022,-22.8943716,-47.0503261
1015,1910,BRUNO AREVALO GANEM,101,PODE,2022,-22.8943716,-47.0503261
1015,19101,CLARICE CARASSOL AREVALO GANEM,74,PODE,2022,-22.8943716,-47.0503261
1015,1911,HENI OZI CUKIER,86,PODE,2022,-22.8943716,-47.0503261
1015,19111,GERSON DOS SANTOS PIRES,30,PODE,2022,-22.8943716,-47.0503261
1015,19519,EDUARDO DOS REIS MAGOGA,66,PODE,2022,-22.8943716,-47.0503261
1015,20123,HELIO DONIZETE ZANATTA,53,PSC,2022,-22.8943716,-47.0503261
1015,20190,LUIZ PAULO MADALHANO MAGALHÃES,35,PSC,2022,-22.8943716,-47.0503261
1015,2020,GILBERTO NASCIMENTO SILVA,97,PSC,2022,-22.8943716,-47.0503261
1015,20320,JOSÉ CARLOS FURIOSO,78,PSC,2022,-22.8943716,-47.0503261
1015,21,GABRIEL MAURILIO COLOMBO DE FREITAS,35,PCB,2022,-22.8943716,-47.0503261
1015,211,TITO FLAVIO BELLINI NOGUEIRA DE OLIVEIRA,55,PCB,2022,-22.8943716,-47.0503261
1015,22,Partido Liberal,477,,2022,-22.8943716,-47.0503261
1015,2200,JOSÉ AUGUSTO ROSA,69,PL,2022,-22.8943716,-47.0503261
1015,22000,DIMAS MECCA SAMPAIO,185,PL,2022,-22.8943716,-47.0503261
1015,22007,DANILO MASCARENHAS DE BALAS,45,PL,2022,-22.8943716,-47.0503261
1015,2208,MARIO LUIS FRIAS,193,PL,2022,-22.8943716,-47.0503261
1015,2210,CARLA ZAMBELLI SALGADO DE OLIVEIRA,1091,PL,2022,-22.8943716,-47.0503261
1015,22100,BRUNO ZAMBELLI SALGADO,308,PL,2022,-22.8943716,-47.0503261
1015,22112,CARLOS CEZAR DA SILVA,102,PL,2022,-22.8943716,-47.0503261
1015,22120,GILDEVANIO ILSO DOS SANTOS DINIZ,212,PL,2022,-22.8943716,-47.0503261
1015,22138,ROBERVAL CONTE LOPES LIMA,106,PL,2022,-22.8943716,-47.0503261
1015,22180,RAQUEL KOBASHI GALLINATI LOMBARDI,58,PL,2022,-22.8943716,-47.0503261
1015,222,MARCOS CESAR PONTES,7322,PL,2022,-22.8943716,-47.0503261
1015,2222,EDUARDO NANTES BOLSONARO,846,PL,2022,-22.8943716,-47.0503261
1015,22222,MARCOS ROBERTO DAMASIO DA SILVA,92,PL,2022,-22.8943716,-47.0503261
1015,2233,PAULO ROBERTO FREIRE DA COSTA,234,PL,2022,-22.8943716,-47.0503261
1015,22343,THIAGO REIS AURICCHIO,37,PL,2022,-22.8943716,-47.0503261
1015,2240,KATIA DA SILVA SASTRE,35,PL,2022,-22.8943716,-47.0503261
1015,22422,PAULO JORGE MANSUR NETO,196,PL,2022,-22.8943716,-47.0503261
1015,2243,LUIZ PHILIPPE DE ORLEANS E BRAGANÇA,109,PL,2022,-22.8943716,-47.0503261
1015,2244,LUIZ CARLOS MOTTA,33,PL,2022,-22.8943716,-47.0503261
1015,22444,MATHEUS COIMBRA MARTINS DE AGUIAR,75,PL,2022,-22.8943716,-47.0503261
1015,2247,PAULO FRANCISCO MUNIZ BILYNSKYJ,62,PL,2022,-22.8943716,-47.0503261
1015,2250,RICARDO DE AQUINO SALLES,720,PL,2022,-22.8943716,-47.0503261
1015,22500,LUCAS DIEZ BOVE,156,PL,2022,-22.8943716,-47.0503261
1015,2251,ADILSON BARROSO OLIVEIRA,31,PL,2022,-22.8943716,-47.0503261
1015,2255,FRANCISCO EVERARDO TIRIRICA OLIVEIRA SILVA,34,PL,2022,-22.8943716,-47.0503261
1015,22553,THELMA ELAINE BRASILEIRO ROBERTI,30,PL,2022,-22.8943716,-47.0503261
1015,22555,FABIO ROGÉRIO CANDIDO,37,PL,2022,-22.8943716,-47.0503261
1015,2270,MARCO ANTONIO FELICIANO,105,PL,2022,-22.8943716,-47.0503261
1015,2274,JEFFERSON ALVES DE CAMPOS,84,PL,2022,-22.8943716,-47.0503261
1015,2276,MARSCHELO RODRIGO MARIN MECHE,93,PL,2022,-22.8943716,-47.0503261
1015,22808,FABRIZIO FASANO JUNIOR,37,PL,2022,-22.8943716,-47.0503261
1015,2290,GUILHERME MURARO DERRITE,130,PL,2022,-22.8943716,-47.0503261
1015,22900,FLAVIO GONÇALVES DA COSTA,39,PL,2022,-22.8943716,-47.0503261
1015,22922,VALERIA MULLER RAMOS BOLSONARO,686,PL,2022,-22.8943716,-47.0503261
1015,2300,MARCO ANTONIO VILLA,102,CIDADANIA,2022,-22.8943716,-47.0503261
1015,23000,RAFAEL FERNANDO ZIMBALDI,751,CIDADANIA,2022,-22.8943716,-47.0503261
1015,23456,ANTONIO DIRCEU DALBEN,120,CIDADANIA,2022,-22.8943716,-47.0503261
1015,23888,LI LI MIN,38,CIDADANIA,2022,-22.8943716,-47.0503261
1015,2822,ROGERIO STRACIALANO PARADA,43,PRTB,2022,-22.8943716,-47.0503261
1015,28357,MARDQUEU SILVIO FRANCA FILHO,31,PRTB,2022,-22.8943716,-47.0503261
1015,287,JANAINA CONCEIÇÃO PASCHOAL,517,PRTB,2022,-22.8943716,-47.0503261
1015,30,Partido Novo,208,NOVO,2022,-22.8943716,-47.0503261
1015,30,VINICIUS LAZZER POIT,322,NOVO,2022,-22.8943716,-47.0503261
1015,300,RICARDO LUIS MELLÃO,302,NOVO,2022,-22.8943716,-47.0503261
1015,3000,ALEXIS JOSEPH STEVERLYNCK FONTEYNE,149,NOVO,2022,-22.8943716,-47.0503261
1015,3001,MARINA HELENA CUNHA PEREIRA SANTOS,37,NOVO,2022,-22.8943716,-47.0503261
1015,30130,MARIA CRISTINA DE OLIVEIRA,57,NOVO,2022,-22.8943716,-47.0503261
1015,3030,ADRIANA MIGUEL VENTURA,127,NOVO,2022,-22.8943716,-47.0503261
1015,3055,FERNANDO HOLIDAY SILVA BISPO,31,NOVO,2022,-22.8943716,-47.0503261
1015,30555,LUCAS PAVANATO DE OLIVEIRA,31,NOVO,2022,-22.8943716,-47.0503261
1015,30600,LEONARDO DE SIQUEIRA LIMA,75,NOVO,2022,-22.8943716,-47.0503261
1015,30730,HENRIQUE MAGALHÃES TEIXEIRA,174,NOVO,2022,-22.8943716,-47.0503261
1015,35352,FERNANDO LUIS COUTINHO NEVES,47,PMB,2022,-22.8943716,-47.0503261
1015,35555,DANILO RIDYER PALMA,50,PMB,2022,-22.8943716,-47.0503261
1015,36190,ADRIANA SANCHES GALDEANO BORGO,66,AGIR,2022,-22.8943716,-47.0503261
1015,40,Partido Socialista Brasileiro,102,,2022,-22.8943716,-47.0503261
1015,400,MÁRCIO LUIZ FRANÇA GOMES,3966,PSB,2022,-22.8943716,-47.0503261
1015,4000,JONAS DONIZETTE FERREIRA,775,PSB,2022,-22.8943716,-47.0503261
1015,40000,ANDRÉA WERNER SILVA BONOLI,85,PSB,2022,-22.8943716,-47.0503261
1015,4004,AUGUSTO DE ARRUDA BOTELHO NETO,37,PSB,2022,-22.8943716,-47.0503261
1015,4040,TABATA CLAUDIA AMARAL DE PONTES,251,PSB,2022,-22.8943716,-47.0503261
1015,40400,RENATA FALZONI,32,PSB,2022,-22.8943716,-47.0503261
1015,40456,PERMÍNIO MONTEIRO DA SILVA,177,PSB,2022,-22.8943716,-47.0503261
1015,40540,LARA EUNICE SANTOS BARBOSA,31,PSB,2022,-22.8943716,-47.0503261
1015,4400,ROSANGELA MARIA WOLFF DE QUADROS MORO,208,UNIÃO,2022,-22.8943716,-47.0503261
1015,44007,FELIPE SOUZA MURAKAMI DE FRANCO,54,UNIÃO,2022,-22.8943716,-47.0503261
1015,44019,RODRIGO LUIS DE BARROS ALMEIDA,188,UNIÃO,2022,-22.8943716,-47.0503261
1015,4407,FELIPE BECARI COMENALE,73,UNIÃO,2022,-22.8943716,-47.0503261
1015,44077,RAFAEL SARAIVA GAIA,48,UNIÃO,2022,-22.8943716,-47.0503261
1015,44220,ANDRE CRISTHIANO CAYRES RIBEIRO,106,UNIÃO,2022,-22.8943716,-47.0503261
1015,4425,ALEXANDRE LEITE DA SILVA,32,UNIÃO,2022,-22.8943716,-47.0503261
1015,4433,KIM PATROCA KATAGUIRI,213,UNIÃO,2022,-22.8943716,-47.0503261
1015,44333,AMANDA VETTORAZZO CARNEIRO,53,UNIÃO,2022,-22.8943716,-47.0503261
1015,4434,DOUGLAS DE PAULO VIEGAS,43,UNIÃO,2022,-22.8943716,-47.0503261
1015,44777,AUGUSTO ZACARIAS CORREA LEITE,108,UNIÃO,2022,-22.8943716,-47.0503261
1015,4488,CRISTIANO MOREIRA PINTO BERALDO,38,UNIÃO,2022,-22.8943716,-47.0503261
1015,44999,RENATO DE SOUZA BATTISTA,39,UNIÃO,2022,-22.8943716,-47.0503261
1015,45,Partido da Social Democracia Brasileira,84,PSDB,2022,-22.8943716,-47.0503261
1015,45,RODRIGO GARCIA,1874,PSDB,2022,-22.8943716,-47.0503261
1015,4500,CARLOS HENRIQUE FOCESI SAMPAIO,496,PSDB,2022,-22.8943716,-47.0503261
1015,45123,ROGERIO NOGUEIRA LOPES CRUZ,45,PSDB,2022,-22.8943716,-47.0503261
1015,45200,CÉLIA CAMARGO LEÃO EDELMUTH,282,PSDB,2022,-22.8943716,-47.0503261
1015,4545,JOSÉ SERRA,36,PSDB,2022,-22.8943716,-47.0503261
1015,45678,LUIZ HENRIQUE CIRILO,146,PSDB,2022,-22.8943716,-47.0503261
1015,50,Partido Socialismo e Liberdade,36,,2022,-22.8943716,-47.0503261
1015,5000,SÂMIA DE SOUZA BOMFIM,198,PSOL,2022,-22.8943716,-47.0503261
1015,50000,PAULA NUNES DOS SANTOS,130,PSOL,2022,-22.8943716,-47.0503261
1015,5010,GUILHERME CASTRO BOULOS,545,PSOL,2022,-22.8943716,-47.0503261
1015,50100,MARIANA CONTI TAKAHASHI,467,PSOL,2022,-22.8943716,-47.0503261
1015,50110,EDIANE MARIA DO NASCIMENTO,97,PSOL,2022,-22.8943716,-47.0503261
1015,5021,LUIZA ERUNDINA DE SOUSA,45,PSOL,2022,-22.8943716,-47.0503261
1015,50456,ADRIANA SCANAVEZ DOS SANTOS,30,PSOL,2022,-22.8943716,-47.0503261
1015,5050,IVAN VALENTE,39,PSOL,2022,-22.8943716,-47.0503261
1015,5070,ERIKA SANTOS SILVA,164,PSOL,2022,-22.8943716,-47.0503261
1015,50777,PAULO ROBERTO BUFALO,122,PSOL,2022,-22.8943716,-47.0503261
1015,50789,CARLOS ALBERTO GIANNASI,101,PSOL,2022,-22.8943716,-47.0503261
1015,5088,SÔNIA BONE DE SOUSA SILVA SANTOS,128,PSOL,2022,-22.8943716,-47.0503261
1015,50900,MÔNICA CRISTINA SEIXAS BONFIM,46,PSOL,2022,-22.8943716,-47.0503261
1015,5101,TERESINHA DE CARVALHO,61,PATRIOTA,2022,-22.8943716,-47.0503261
1015,55400,MARTA MARIA FREIRE DA COSTA,165,PSD,2022,-22.8943716,-47.0503261
1015,5555,GUILHERME CAMPOS JUNIOR,42,PSD,2022,-22.8943716,-47.0503261
1015,55655,ARTUR CASSEB ORSI,542,PSD,2022,-22.8943716,-47.0503261
1015,5577,ANTONIO CEZAR CORREIA FREIRE,45,PSD,2022,-22.8943716,-47.0503261
1015,55777,OSEIAS SANTOS DA SILVA,45,PSD,2022,-22.8943716,-47.0503261
1015,65035,LECI BRANDÃO DA SILVA,54,PC DO B,2022,-22.8943716,-47.0503261
1015,6565,ORLANDO SILVA DE JESUS JUNIOR,67,PC DO B,2022,-22.8943716,-47.0503261
1015,65656,MARCIA REGINA QUINTANILHA,52,PC DO B,2022,-22.8943716,-47.0503261
1015,77040,ADILSON DE SOUZA ROCHA,41,SOLIDARIEDADE,2022,-22.8943716,-47.0503261
1015,7719,MARCELO HENRIQUE SILVA,41,SOLIDARIEDADE,2022,-22.8943716,-47.0503261
1015,80,CAROLINA REJAILI VIGLIAR,65,UP,2022,-22.8943716,-47.0503261
1015,800,VIVIAN MENDES DA SILVA,195,UP,2022,-22.8943716,-47.0503261
1015,9000,PABLO HENRIQUE COSTA MARÇAL,174,PROS,2022,-22.8943716,-47.0503261
1015,90000,NEZIO ANTONIO MONTEIRO FILHO,63,PROS,2022,-22.8943716,-47.0503261
1015,9022,NISE HITOMI YAMAGUCHI,45,PROS,2022,-22.8943716,-47.0503261
1015,95,VOTO BRANCO,3945,,2022,-22.8943716,-47.0503261
1015,96,VOTO NULO,4906,,2022,-22.8943716,-47.0503261
1023,10,REPUBLICANOS,49,REPUBLICANOS,2022,-22.9394149,-47.1034374
1023,10,TARCISIO GOMES DE FREITAS,14158,REPUBLICANOS,2022,-22.9394149,-47.1034374
1023,1000,CELSO UBIRAJARA RUSSOMANNO,134,REPUBLICANOS,2022,-22.9394149,-47.1034374
1023,10000,JORGE WILSON GONÇALVES DE MATTOS,30,REPUBLICANOS,2022,-22.9394149,-47.1034374
1023,10099,LEONICE ALVES DA PAZ,63,REPUBLICANOS,2022,-22.9394149,-47.1034374
1023,1010,MARCOS ANTONIO PEREIRA,34,REPUBLICANOS,2022,-22.9394149,-47.1034374
1023,10123,GILMACI DOS SANTOS BARBOSA,173,REPUBLICANOS,2022,-22.9394149,-47.1034374
1023,10200,HIGOR DIEGO RALLA,272,REPUBLICANOS,2022,-22.9394149,-47.1034374
1023,10550,TOME ABDUCH,326,REPUBLICANOS,2022,-22.9394149,-47.1034374
1023,1078,BENEDITO ROBERTO ALVES FERREIRA,180,REPUBLICANOS,2022,-22.9394149,-47.1034374
1023,1099,ROBERTO ALVES DE LUCENA,43,REPUBLICANOS,2022,-22.9394149,-47.1034374
1023,1100,MANOEL MAURICIO SILVA NEVES,40,PP,2022,-22.9394149,-47.1034374
1023,1111,BRUNO MARCELLO DE OLIVEIRA LIMA,214,PP,2022,-22.9394149,-47.1034374
1023,1112,ISRAEL NANTES SANTOS,83,PP,2022,-22.9394149,-47.1034374
1023,1122,CARLOS ALBERTO DA CUNHA,66,PP,2022,-22.9394149,-47.1034374
1023,11777,ANTONIO ASSUNÇÃO DE OLIM,60,PP,2022,-22.9394149,-47.1034374
1023,12,ELVIS LEONARDO CEZAR,91,PDT,2022,-22.9394149,-47.1034374
1023,12,Partido Democrático Trabalhista,63,PDT,2022,-22.9394149,-47.1034374
1023,12200,WILSON KELLER DE MATOS,30,PDT,2022,-22.9394149,-47.1034374
1023,123,JOSÉ ALDO REBELO FIGUEIREDO,137,PDT,2022,-22.9394149,-47.1034374
1023,13,FERNANDO HADDAD,10164,PT,2022,-22.9394149,-47.1034374
1023,13,Partido dos Trabalhadores,497,PT,2022,-22.9394149,-47.1034374
1023,13016,THAINARA KAROLINE FARIA,147,PT,2022,-22.9394149,-47.1034374
1023,13112,EVELYN SILVA DO NASCIMENTO VICENTE DA SILVA,33,PT,2022,-22.9394149,-47.1034374
1023,13120,CARLOS ROBERTO DE OLIVEIRA,40,PT,2022,-22.9394149,-47.1034374
1023,13121,ANA LUCIA LIPPAUS PERUGINI,112,PT,2022,-22.9394149,-47.1034374
1023,13123,MARIA IZABEL AZEVEDO NORONHA,67,PT,2022,-22.9394149,-47.1034374
1023,1313,RUI GOETHE DA COSTA FALCÃO,45,PT,2022,-22.9394149,-47.1034374
1023,13133,EDUARDO MATARAZZO SUPLICY,462,PT,2022,-22.9394149,-47.1034374
1023,1319,PEDRO TOURINHO DE SIQUEIRA,1013,PT,2022,-22.9394149,-47.1034374
1023,13199,PAOLLA CATHERINE DOS SANTOS MIGUEL AGARD,248,PT,2022,-22.9394149,-47.1034374
1023,13300,WAGNER DE MELO ROMÃO,141,PT,2022,-22.9394149,-47.1034374
1023,13331,VERA LUCIA RODRIGUES DE FARIA,60,PT,2022,-22.9394149,-47.1034374
1023,13651,PAULO BATISTA DOS REIS,39,PT,2022,-22.9394149,-47.1034374
1023,13654,JANDYRA MASSUE UEHARA ALVES,79,PT,2022,-22.9394149,-47.1034374
1023,1366,MARIANA CERGOLI JANEIRO,39,PT,2022,-22.9394149,-47.1034374
1023,1380,JILMAR AUGUSTINHO TATTO,259,PT,2022,-22.9394149,-47.1034374
1023,13800,JORGE DO CARMO SILVA,64,PT,2022,-22.9394149,-47.1034374
1023,1414,ADRILLES REIS JORGE,93,PTB,2022,-22.9394149,-47.1034374
1023,15,Movimento Democrático Brasileiro,38,,2022,-22.9394149,-47.1034374
1023,1500,MARIO PALUMBO JUNIOR,74,MDB,2022,-22.9394149,-47.1034374
1023,1536,ENRICO VAN BLARCUM DE GRAAFF MISASI,64,MDB,2022,-22.9394149,-47.1034374
1023,15363,JOSÉ ROGERIO SOARES DOS SANTOS,56,MDB,2022,-22.9394149,-47.1034374
1023,155,EDSON APARECIDO DOS SANTOS,605,MDB,2022,-22.9394149,-47.1034374
1023,1580,FÁBIO EDUARDO DE OLIVEIRA TERUEL,58,MDB,2022,-22.9394149,-47.1034374
1023,1587,ARNALDO SALVETTI PALACIO JUNIOR,85,MDB,2022,-22.9394149,-47.1034374
1023,18000,MARINA MEDEIROS HELOU,92,REDE,2022,-22.9394149,-47.1034374
1023,1818,MARIA OSMARINA MARINA DA SILVA VAZ DE LIMA,222,REDE,2022,-22.9394149,-47.1034374
1023,1877,RICARDO MAGNUS OSÓRIO GALVÃO,59,REDE,2022,-22.9394149,-47.1034374
1023,1910,BRUNO AREVALO GANEM,65,PODE,2022,-22.9394149,-47.1034374
1023,19101,CLARICE CARASSOL AREVALO GANEM,52,PODE,2022,-22.9394149,-47.1034374
1023,1911,HENI OZI CUKIER,58,PODE,2022,-22.9394149,-47.1034374
1023,19519,EDUARDO DOS REIS MAGOGA,79,PODE,2022,-22.9394149,-47.1034374
1023,20123,HELIO DONIZETE ZANATTA,32,PSC,2022,-22.9394149,-47.1034374
1023,2020,GILBERTO NASCIMENTO SILVA,53,PSC,2022,-22.9394149,-47.1034374
1023,20320,JOSÉ CARLOS FURIOSO,61,PSC,2022,-22.9394149,-47.1034374
1023,211,TITO FLAVIO BELLINI NOGUEIRA DE OLIVEIRA,41,PCB,2022,-22.9394149,-47.1034374
1023,22,Partido Liberal,371,,2022,-22.9394149,-47.1034374
1023,2200,JOSÉ AUGUSTO ROSA,42,PL,2022,-22.9394149,-47.1034374
1023,22000,DIMAS MECCA SAMPAIO,146,PL,2022,-22.9394149,-47.1034374
1023,2208,MARIO LUIS FRIAS,177,PL,2022,-22.9394149,-47.1034374
1023,2210,CARLA ZAMBELLI SALGADO DE OLIVEIRA,960,PL,2022,-22.9394149,-47.1034374
1023,22100,BRUNO ZAMBELLI SALGADO,243,PL,2022,-22.9394149,-47.1034374
1023,22112,CARLOS CEZAR DA SILVA,78,PL,2022,-22.9394149,-47.1034374
1023,22120,GILDEVANIO ILSO DOS SANTOS DINIZ,180,PL,2022,-22.9394149,-47.1034374
1023,22138,ROBERVAL CONTE LOPES LIMA,106,PL,2022,-22.9394149,-47.1034374
1023,22180,RAQUEL KOBASHI GALLINATI LOMBARDI,57,PL,2022,-22.9394149,-47.1034374
1023,222,MARCOS CESAR PONTES,6370,PL,2022,-22.9394149,-47.1034374
1023,2222,EDUARDO NANTES BOLSONARO,644,PL,2022,-22.9394149,-47.1034374
1023,22222,MARCOS ROBERTO DAMASIO DA SILVA,55,PL,2022,-22.9394149,-47.1034374
1023,2233,PAULO ROBERTO FREIRE DA COSTA,199,PL,2022,-22.9394149,-47.1034374
1023,22343,THIAGO REIS AURICCHIO,50,PL,2022,-22.9394149,-47.1034374
1023,22422,PAULO JORGE MANSUR NETO,153,PL,2022,-22.9394149,-47.1034374
1023,2243,LUIZ PHILIPPE DE ORLEANS E BRAGANÇA,107,PL,2022,-22.9394149,-47.1034374
1023,22444,MATHEUS COIMBRA MARTINS DE AGUIAR,69,PL,2022,-22.9394149,-47.1034374
1023,2247,PAULO FRANCISCO MUNIZ BILYNSKYJ,44,PL,2022,-22.9394149,-47.1034374
1023,2250,RICARDO DE AQUINO SALLES,688,PL,2022,-22.9394149,-47.1034374
1023,22500,LUCAS DIEZ BOVE,144,PL,2022,-22.9394149,-47.1034374
1023,2255,FRANCISCO EVERARDO TIRIRICA OLIVEIRA SILVA,40,PL,2022,-22.9394149,-47.1034374
1023,22553,THELMA ELAINE BRASILEIRO ROBERTI,33,PL,2022,-22.9394149,-47.1034374
1023,22555,FABIO ROGÉRIO CANDIDO,31,PL,2022,-22.9394149,-47.1034374
1023,2270,MARCO ANTONIO FELICIANO,81,PL,2022,-22.9394149,-47.1034374
1023,2274,JEFFERSON ALVES DE CAMPOS,71,PL,2022,-22.9394149,-47.1034374
1023,2276,MARSCHELO RODRIGO MARIN MECHE,93,PL,2022,-22.9394149,-47.1034374
1023,2290,GUILHERME MURARO DERRITE,122,PL,2022,-22.9394149,-47.1034374
1023,22922,VALERIA MULLER RAMOS BOLSONARO,466,PL,2022,-22.9394149,-47.1034374
1023,2300,MARCO ANTONIO VILLA,125,CIDADANIA,2022,-22.9394149,-47.1034374
1023,23000,RAFAEL FERNANDO ZIMBALDI,822,CIDADANIA,2022,-22.9394149,-47.1034374
1023,23456,ANTONIO DIRCEU DALBEN,92,CIDADANIA,2022,-22.9394149,-47.1034374
1023,23888,LI LI MIN,41,CIDADANIA,2022,-22.9394149,-47.1034374
1023,287,JANAINA CONCEIÇÃO PASCHOAL,486,PRTB,2022,-22.9394149,-47.1034374
1023,30,Partido Novo,197,NOVO,2022,-22.9394149,-47.1034374
1023,30,VINICIUS LAZZER POIT,299,NOVO,2022,-22.9394149,-47.1034374
1023,300,RICARDO LUIS MELLÃO,335,NOVO,2022,-22.9394149,-47.1034374
1023,3000,ALEXIS JOSEPH STEVERLYNCK FONTEYNE,276,NOVO,2022,-22.9394149,-47.1034374
1023,3001,MARINA HELENA CUNHA PEREIRA SANTOS,80,NOVO,2022,-22.9394149,-47.1034374
1023,30130,MARIA CRISTINA DE OLIVEIRA,64,NOVO,2022,-22.9394149,-47.1034374
1023,3030,ADRIANA MIGUEL VENTURA,143,NOVO,2022,-22.9394149,-47.1034374
1023,30600,LEONARDO DE SIQUEIRA LIMA,151,NOVO,2022,-22.9394149,-47.1034374
1023,30730,HENRIQUE MAGALHÃES TEIXEIRA,288,NOVO,2022,-22.9394149,-47.1034374
1023,36190,ADRIANA SANCHES GALDEANO BORGO,104,AGIR,2022,-22.9394149,-47.1034374
1023,40,Partido Socialista Brasileiro,125,,2022,-22.9394149,-47.1034374
1023,400,MÁRCIO LUIZ FRANÇA GOMES,4212,PSB,2022,-22.9394149,-47.1034374
1023,4000,JONAS DONIZETTE FERREIRA,618,PSB,2022,-22.9394149,-47.1034374
1023,40000,ANDRÉA WERNER SILVA BONOLI,76,PSB,2022,-22.9394149,-47.1034374
1023,4004,AUGUSTO DE ARRUDA BOTELHO NETO,55,PSB,2022,-22.9394149,-47.1034374
1023,4040,TABATA CLAUDIA AMARAL DE PONTES,306,PSB,2022,-22.9394149,-47.1034374
1023,40400,RENATA FALZONI,30,PSB,2022,-22.9394149,-47.1034374
1023,40456,PERMÍNIO MONTEIRO DA SILVA,116,PSB,2022,-22.9394149,-47.1034374
1023,4400,ROSANGELA MARIA WOLFF DE QUADROS MORO,227,UNIÃO,2022,-22.9394149,-47.1034374
1023,44019,RODRIGO LUIS DE BARROS ALMEIDA,164,UNIÃO,2022,-22.9394149,-47.1034374
1023,4407,FELIPE BECARI COMENALE,62,UNIÃO,2022,-22.9394149,-47.1034374
1023,44220,ANDRE CRISTHIANO CAYRES RIBEIRO,73,UNIÃO,2022,-22.9394149,-47.1034374
1023,4433,KIM PATROCA KATAGUIRI,162,UNIÃO,2022,-22.9394149,-47.1034374
1023,44333,AMANDA VETTORAZZO CARNEIRO,30,UNIÃO,2022,-22.9394149,-47.1034374
1023,4434,DOUGLAS DE PAULO VIEGAS,34,UNIÃO,2022,-22.9394149,-47.1034374
1023,44777,AUGUSTO ZACARIAS CORREA LEITE,79,UNIÃO,2022,-22.9394149,-47.1034374
1023,45,Partido da Social Democracia Brasileira,109,PSDB,2022,-22.9394149,-47.1034374
1023,45,RODRIGO GARCIA,1927,PSDB,2022,-22.9394149,-47.1034374
1023,4500,CARLOS HENRIQUE FOCESI SAMPAIO,559,PSDB,2022,-22.9394149,-47.1034374
1023,45200,CÉLIA CAMARGO LEÃO EDELMUTH,301,PSDB,2022,-22.9394149,-47.1034374
1023,4545,JOSÉ SERRA,60,PSDB,2022,-22.9394149,-47.1034374
1023,45678,LUIZ HENRIQUE CIRILO,202,PSDB,2022,-22.9394149,-47.1034374
1023,50,Partido Socialismo e Liberdade,39,,2022,-22.9394149,-47.1034374
1023,5000,SÂMIA DE SOUZA BOMFIM,228,PSOL,2022,-22.9394149,-47.1034374
1023,50000,PAULA NUNES DOS SANTOS,160,PSOL,2022,-22.9394149,-47.1034374
1023,5010,GUILHERME CASTRO BOULOS,455,PSOL,2022,-22.9394149,-47.1034374
1023,50100,MARIANA CONTI TAKAHASHI,479,PSOL,2022,-22.9394149,-47.1034374
1023,50110,EDIANE MARIA DO NASCIMENTO,85,PSOL,2022,-22.9394149,-47.1034374
1023,5021,LUIZA ERUNDINA DE SOUSA,50,PSOL,2022,-22.9394149,-47.1034374
1023,5050,IVAN VALENTE,31,PSOL,2022,-22.9394149,-47.1034374
1023,5070,ERIKA SANTOS SILVA,171,PSOL,2022,-22.9394149,-47.1034374
1023,50777,PAULO ROBERTO BUFALO,88,PSOL,2022,-22.9394149,-47.1034374
1023,50789,CARLOS ALBERTO GIANNASI,87,PSOL,2022,-22.9394149,-47.1034374
1023,5088,SÔNIA BONE DE SOUSA SILVA SANTOS,162,PSOL,2022,-22.9394149,-47.1034374
1023,50900,MÔNICA CRISTINA SEIXAS BONFIM,50,PSOL,2022,-22.9394149,-47.1034374
1023,5101,TERESINHA DE CARVALHO,33,PATRIOTA,2022,-22.9394149,-47.1034374
1023,5515,SAULO PEDROSO DE SOUZA,31,PSD,2022,-22.9394149,-47.1034374
1023,55400,MARTA MARIA FREIRE DA COSTA,148,PSD,2022,-22.9394149,-47.1034374
1023,5555,GUILHERME CAMPOS JUNIOR,75,PSD,2022,-22.9394149,-47.1034374
1023,55655,ARTUR CASSEB ORSI,663,PSD,2022,-22.9394149,-47.1034374
1023,5577,ANTONIO CEZAR CORREIA FREIRE,54,PSD,2022,-22.9394149,-47.1034374
1023,55777,OSEIAS SANTOS DA SILVA,45,PSD,2022,-22.9394149,-47.1034374
1023,6500,ISADORA MARTINATTI PENNA,32,PC DO B,2022,-22.9394149,-47.1034374
1023,65035,LECI BRANDÃO DA SILVA,40,PC DO B,2022,-22.9394149,-47.1034374
1023,6565,ORLANDO SILVA DE JESUS JUNIOR,146,PC DO B,2022,-22.9394149,-47.1034374
1023,65656,MARCIA REGINA QUINTANILHA,139,PC DO B,2022,-22.9394149,-47.1034374
1023,77040,ADILSON DE SOUZA ROCHA,37,SOLIDARIEDADE,2022,-22.9394149,-47.1034374
1023,80,CAROLINA REJAILI VIGLIAR,43,UP,2022,-22.9394149,-47.1034374
1023,800,VIVIAN MENDES DA SILVA,160,UP,2022,-22.9394149,-47.1034374
1023,9000,PABLO HENRIQUE COSTA MARÇAL,114,PROS,2022,-22.9394149,-47.1034374
1023,90000,NEZIO ANTONIO MONTEIRO FILHO,36,PROS,2022,-22.9394149,-47.1034374
1023,9022,NISE HITOMI YAMAGUCHI,56,PROS,2022,-22.9394149,-47.1034374
1023,95,VOTO BRANCO,3656,,2022,-22.9394149,-47.1034374
1023,96,VOTO NULO,4251,,2022,-22.9394149,-47.1034374
1031,10,REPUBLICANOS,33,REPUBLICANOS,2022,-22.9064,-47.0616
1031,10,TARCISIO GOMES DE FREITAS,10061,REPUBLICANOS,2022,-22.9064,-47.0616
1031,1000,CELSO UBIRAJARA RUSSOMANNO,90,REPUBLICANOS,2022,-22.9064,-47.0616
1031,10099,LEONICE ALVES DA PAZ,41,REPUBLICANOS,2022,-22.9064,-47.0616
1031,1010,MARCOS ANTONIO PEREIRA,34,REPUBLICANOS,2022,-22.9064,-47.0616
1031,10123,GILMACI DOS SANTOS BARBOSA,120,REPUBLICANOS,2022,-22.9064,-47.0616
1031,10200,HIGOR DIEGO RALLA,152,REPUBLICANOS,2022,-22.9064,-47.0616
1031,10550,TOME ABDUCH,260,REPUBLICANOS,2022,-22.9064,-47.0616
1031,1078,BENEDITO ROBERTO ALVES FERREIRA,129,REPUBLICANOS,2022,-22.9064,-47.0616
1031,1111,BRUNO MARCELLO DE OLIVEIRA LIMA,142,PP,2022,-22.9064,-47.0616
1031,1112,ISRAEL NANTES SANTOS,55,PP,2022,-22.9064,-47.0616
1031,1122,CARLOS ALBERTO DA CUNHA,43,PP,2022,-22.9064,-47.0616
1031,11777,ANTONIO ASSUNÇÃO DE OLIM,39,PP,2022,-22.9064,-47.0616
1031,12,ELVIS LEONARDO CEZAR,59,PDT,2022,-22.9064,-47.0616
1031,123,JOSÉ ALDO REBELO FIGUEIREDO,90,PDT,2022,-22.9064,-47.0616
1031,13,FERNANDO HADDAD,6072,PT,2022,-22.9064,-47.0616
1031,13,Partido dos Trabalhadores,352,PT,2022,-22.9064,-47.0616
1031,13016,THAINARA KAROLINE FARIA,138,PT,2022,-22.9064,-47.0616
1031,13112,EVELYN SILVA DO NASCIMENTO VICENTE DA SILVA,31,PT,2022,-22.9064,-47.0616
1031,13120,CARLOS ROBERTO DE OLIVEIRA,31,PT,2022,-22.9064,-47.0616
1031,13121,ANA LUCIA LIPPAUS PERUGINI,83,PT,2022,-22.9064,-47.0616
1031,13123,MARIA IZABEL AZEVEDO NORONHA,37,PT,2022,-22.9064,-47.0616
1031,13133,EDUARDO MATARAZZO SUPLICY,260,PT,2022,-22.9064,-47.0616
1031,1319,PEDRO TOURINHO DE SIQUEIRA,588,PT,2022,-22.9064,-47.0616
1031,13199,PAOLLA CATHERINE DOS SANTOS MIGUEL AGARD,118,PT,2022,-22.9064,-47.0616
1031,13290,LEANDRO CÂNDIDO SOARES,58,PT,2022,-22.9064,-47.0616
1031,13300,WAGNER DE MELO ROMÃO,72,PT,2022,-22.9064,-47.0616
1031,13331,VERA LUCIA RODRIGUES DE FARIA,30,PT,2022,-22.9064,-47.0616
1031,13651,PAULO BATISTA DOS REIS,30,PT,2022,-22.9064,-47.0616
1031,1366,MARIANA CERGOLI JANEIRO,34,PT,2022,-22.9064,-47.0616
1031,1370,CARLOS ALBERTO ROLIM ZARATTINI,32,PT,2022,-22.9064,-47.0616
1031,1380,JILMAR AUGUSTINHO TATTO,166,PT,2022,-22.9064,-47.0616
1031,1414,ADRILLES REIS JORGE,48,PTB,2022,-22.9064,-47.0616
1031,1500,MARIO PALUMBO JUNIOR,37,MDB,2022,-22.9064,-47.0616
1031,155,EDSON APARECIDO DOS SANTOS,372,MDB,2022,-22.9064,-47.0616
1031,1580,FÁBIO EDUARDO DE OLIVEIRA TERUEL,33,MDB,2022,-22.9064,-47.0616
1031,1587,ARNALDO SALVETTI PALACIO JUNIOR,81,MDB,2022,-22.9064,-47.0616
1031,18000,MARINA MEDEIROS HELOU,32,REDE,2022,-22.9064,-47.0616
1031,1818,MARIA OSMARINA MARINA DA SILVA VAZ DE LIMA,112,REDE,2022,-22.9064,-47.0616
1031,1910,BRUNO AREVALO GANEM,58,PODE,2022,-22.9064,-47.0616
1031,19101,CLARICE CARASSOL AREVALO GANEM,47,PODE,2022,-22.9064,-47.0616
1031,1911,HENI OZI CUKIER,46,PODE,2022,-22.9064,-47.0616
1031,19519,EDUARDO DOS REIS MAGOGA,38,PODE,2022,-22.9064,-47.0616
1031,2020,GILBERTO NASCIMENTO SILVA,40,PSC,2022,-22.9064,-47.0616
1031,22,Partido Liberal,251,,2022,-22.9064,-47.0616
1031,2200,JOSÉ AUGUSTO ROSA,41,PL,2022,-22.9064,-47.0616
1031,22000,DIMAS MECCA SAMPAIO,122,PL,2022,-22.9064,-47.0616
1031,2208,MARIO LUIS FRIAS,117,PL,2022,-22.9064,-47.0616
1031,2210,CARLA ZAMBELLI SALGADO DE OLIVEIRA,645,PL,2022,-22.9064,-47.0616
1031,22100,BRUNO ZAMBELLI SALGADO,205,PL,2022,-22.9064,-47.0616
1031,22112,CARLOS CEZAR DA SILVA,53,PL,2022,-22.9064,-47.0616
1031,22120,GILDEVANIO ILSO DOS SANTOS DINIZ,97,PL,2022,-22.9064,-47.0616
1031,22138,ROBERVAL CONTE LOPES LIMA,71,PL,2022,-22.9064,-47.0616
1031,22180,RAQUEL KOBASHI GALLINATI LOMBARDI,33,PL,2022,-22.9064,-47.0616
1031,222,MARCOS CESAR PONTES,4532,PL,2022,-22.9064,-47.0616
1031,2222,EDUARDO NANTES BOLSONARO,441,PL,2022,-22.9064,-47.0616
1031,22222,MARCOS ROBERTO DAMASIO DA SILVA,51,PL,2022,-22.9064,-47.0616
1031,2233,PAULO ROBERTO FREIRE DA COSTA,150,PL,2022,-22.9064,-47.0616
1031,22422,PAULO JORGE MANSUR NETO,96,PL,2022,-22.9064,-47.0616
1031,2243,LUIZ PHILIPPE DE ORLEANS E BRAGANÇA,66,PL,2022,-22.9064,-47.0616
1031,22444,MATHEUS COIMBRA MARTINS DE AGUIAR,57,PL,2022,-22.9064,-47.0616
1031,2247,PAULO FRANCISCO MUNIZ BILYNSKYJ,38,PL,2022,-22.9064,-47.0616
1031,2250,RICARDO DE AQUINO SALLES,606,PL,2022,-22.9064,-47.0616
1031,22500,LUCAS DIEZ BOVE,121,PL,2022,-22.9064,-47.0616
1031,2251,ADILSON BARROSO OLIVEIRA,33,PL,2022,-22.9064,-47.0616
1031,22555,FABIO ROGÉRIO CANDIDO,41,PL,2022,-22.9064,-47.0616
1031,2270,MARCO ANTONIO FELICIANO,50,PL,2022,-22.9064,-47.0616
1031,2274,JEFFERSON ALVES DE CAMPOS,50,PL,2022,-22.9064,-47.0616
1031,2290,GUILHERME MURARO DERRITE,78,PL,2022,-22.9064,-47.0616
1031,22922,VALERIA MULLER RAMOS BOLSONARO,361,PL,2022,-22.9064,-47.0616
1031,2300,MARCO ANTONIO VILLA,60,CIDADANIA,2022,-22.9064,-47.0616
1031,23000,RAFAEL FERNANDO ZIMBALDI,402,CIDADANIA,2022,-22.9064,-47.0616
1031,23456,ANTONIO DIRCEU DALBEN,61,CIDADANIA,2022,-22.9064,-47.0616
1031,287,JANAINA CONCEIÇÃO PASCHOAL,332,PRTB,2022,-22.9064,-47.0616
1031,30,Partido Novo,114,NOVO,2022,-22.9064,-47.0616
1031,30,VINICIUS LAZZER POIT,204,NOVO,2022,-22.9064,-47.0616
1031,300,RICARDO LUIS MELLÃO,219,NOVO,2022,-22.9064,-47.0616
1031,3000,ALEXIS JOSEPH STEVERLYNCK FONTEYNE,249,NOVO,2022,-22.9064,-47.0616
1031,3001,MARINA HELENA CUNHA PEREIRA SANTOS,30,NOVO,2022,-22.9064,-47.0616
1031,30130,MARIA CRISTINA DE OLIVEIRA,43,NOVO,2022,-22.9064,-47.0616
1031,3030,ADRIANA MIGUEL VENTURA,79,NOVO,2022,-22.9064,-47.0616
1031,30600,LEONARDO DE SIQUEIRA LIMA,68,NOVO,2022,-22.9064,-47.0616
1031,30730,HENRIQUE MAGALHÃES TEIXEIRA,184,NOVO,2022,-22.9064,-47.0616
1031,40,Partido Socialista Brasileiro,78,,2022,-22.9064,-47.0616
1031,400,MÁRCIO LUIZ FRANÇA GOMES,2428,PSB,2022,-22.9064,-47.0616
1031,4000,JONAS DONIZETTE FERREIRA,457,PSB,2022,-22.9064,-47.0616
1031,40000,ANDRÉA WERNER SILVA BONOLI,59,PSB,2022,-22.9064,-47.0616
1031,4004,AUGUSTO DE ARRUDA BOTELHO NETO,36,PSB,2022,-22.9064,-47.0616
1031,4040,TABATA CLAUDIA AMARAL DE PONTES,168,PSB,2022,-22.9064,-47.0616
1031,40456,PERMÍNIO MONTEIRO DA SILVA,128,PSB,2022,-22.9064,-47.0616
1031,4400,ROSANGELA MARIA WOLFF DE QUADROS MORO,184,UNIÃO,2022,-22.9064,-47.0616
1031,44007,FELIPE SOUZA MURAKAMI DE FRANCO,37,UNIÃO,2022,-22.9064,-47.0616
1031,44019,RODRIGO LUIS DE BARROS ALMEIDA,94,UNIÃO,2022,-22.9064,-47.0616
1031,4407,FELIPE BECARI COMENALE,41,UNIÃO,2022,-22.9064,-47.0616
1031,44220,ANDRE CRISTHIANO CAYRES RIBEIRO,31,UNIÃO,2022,-22.9064,-47.0616
1031,4433,KIM PATROCA KATAGUIRI,117,UNIÃO,2022,-22.9064,-47.0616
1031,44777,AUGUSTO ZACARIAS CORREA LEITE,68,UNIÃO,2022,-22.9064,-47.0616
1031,45,Partido da Social Democracia Brasileira,45,PSDB,2022,-22.9064,-47.0616
1031,45,RODRIGO GARCIA,1204,PSDB,2022,-22.9064,-47.0616
1031,4500,CARLOS HENRIQUE FOCESI SAMPAIO,343,PSDB,2022,-22.9064,-47.0616
1031,45200,CÉLIA CAMARGO LEÃO EDELMUTH,223,PSDB,2022,-22.9064,-47.0616
1031,4545,JOSÉ SERRA,35,PSDB,2022,-22.9064,-47.0616
1031,45678,LUIZ HENRIQUE CIRILO,170,PSDB,2022,-22.9064,-47.0616
1031,5000,SÂMIA DE SOUZA BOMFIM,129,PSOL,2022,-22.9064,-47.0616
1031,50000,PAULA NUNES DOS SANTOS,80,PSOL,2022,-22.9064,-47.0616
1031,5010,GUILHERME CASTRO BOULOS,282,PSOL,2022,-22.9064,-47.0616
1031,50100,MARIANA CONTI TAKAHASHI,281,PSOL,2022,-22.9064,-47.0616
1031,50110,EDIANE MARIA DO NASCIMENTO,59,PSOL,2022,-22.9064,-47.0616
1031,5070,ERIKA SANTOS SILVA,106,PSOL,2022,-22.9064,-47.0616
1031,50777,PAULO ROBERTO BUFALO,40,PSOL,2022,-22.9064,-47.0616
1031,50789,CARLOS ALBERTO GIANNASI,45,PSOL,2022,-22.9064,-47.0616
1031,5088,SÔNIA BONE DE SOUSA SILVA SANTOS,68,PSOL,2022,-22.9064,-47.0616
1031,5101,TERESINHA DE CARVALHO,38,PATRIOTA,2022,-22.9064,-47.0616
1031,55400,MARTA MARIA FREIRE DA COSTA,109,PSD,2022,-22.9064,-47.0616
1031,5555,GUILHERME CAMPOS JUNIOR,53,PSD,2022,-22.9064,-47.0616
1031,55655,ARTUR CASSEB ORSI,518,PSD,2022,-22.9064,-47.0616
1031,6565,ORLANDO SILVA DE JESUS JUNIOR,34,PC DO B,2022,-22.9064,-47.0616
1031,65656,MARCIA REGINA QUINTANILHA,39,PC DO B,2022,-22.9064,-47.0616
1031,77040,ADILSON DE SOUZA ROCHA,32,SOLIDARIEDADE,2022,-22.9064,-47.0616
1031,80,CAROLINA REJAILI VIGLIAR,33,UP,2022,-22.9064,-47.0616
1031,800,VIVIAN MENDES DA SILVA,116,UP,2022,-22.9064,-47.0616
1031,9000,PABLO HENRIQUE COSTA MARÇAL,53,PROS,2022,-22.9064,-47.0616
1031,9022,NISE HITOMI YAMAGUCHI,31,PROS,2022,-22.9064,-47.0616
1031,95,VOTO BRANCO,2048,,2022,-22.9064,-47.0616
1031,96,VOTO NULO,2894,,2022,-22.9064,-47.0616
1040,10,REPUBLICANOS,34,REPUBLICANOS,2022,-22.9333917,-47.1096348
1040,10,TARCISIO GOMES DE FREITAS,11681,REPUBLICANOS,2022,-22.9333917,-47.1096348
1040,1000,CELSO UBIRAJARA RUSSOMANNO,181,REPUBLICANOS,2022,-22.9333917,-47.1096348
1040,10000,JORGE WILSON GONÇALVES DE MATTOS,39,REPUBLICANOS,2022,-22.9333917,-47.1096348
1040,10099,LEONICE ALVES DA PAZ,75,REPUBLICANOS,2022,-22.9333917,-47.1096348
1040,1010,MARCOS ANTONIO PEREIRA,48,REPUBLICANOS,2022,-22.9333917,-47.1096348
1040,10123,GILMACI DOS SANTOS BARBOSA,266,REPUBLICANOS,2022,-22.9333917,-47.1096348
1040,10200,HIGOR DIEGO RALLA,296,REPUBLICANOS,2022,-22.9333917,-47.1096348
1040,10550,TOME ABDUCH,121,REPUBLICANOS,2022,-22.9333917,-47.1096348
1040,1078,BENEDITO ROBERTO ALVES FERREIRA,269,REPUBLICANOS,2022,-22.9333917,-47.1096348
1040,1099,ROBERTO ALVES DE LUCENA,49,REPUBLICANOS,2022,-22.9333917,-47.1096348
1040,1100,MANOEL MAURICIO SILVA NEVES,30,PP,2022,-22.9333917,-47.1096348
1040,1111,BRUNO MARCELLO DE OLIVEIRA LIMA,227,PP,2022,-22.9333917,-47.1096348
1040,1112,ISRAEL NANTES SANTOS,93,PP,2022,-22.9333917,-47.1096348
1040,11190,RAFAEL HENRIQUE CANO TELHADA,30,PP,2022,-22.9333917,-47.1096348
1040,1122,CARLOS ALBERTO DA CUNHA,84,PP,2022,-22.9333917,-47.1096348
1040,11777,ANTONIO ASSUNÇÃO DE OLIM,53,PP,2022,-22.9333917,-47.1096348
1040,12,ELVIS LEONARDO CEZAR,115,PDT,2022,-22.9333917,-47.1096348
1040,12,Partido Democrático Trabalhista,50,PDT,2022,-22.9333917,-47.1096348
1040,1212,MARIA GIOVANA LUCHIARI PISONI DUARTE FORTUNATO,34,PDT,2022,-22.9333917,-47.1096348
1040,12200,WILSON KELLER DE MATOS,35,PDT,2022,-22.9333917,-47.1096348
1040,123,JOSÉ ALDO REBELO FIGUEIREDO,146,PDT,2022,-22.9333917,-47.1096348
1040,12777,PEDRO JOSÉ DE PAULA,45,PDT,2022,-22.9333917,-47.1096348
1040,13,FERNANDO HADDAD,10265,PT,2022,-22.9333917,-47.1096348
1040,13,Partido dos Trabalhadores,692,PT,2022,-22.9333917,-47.1096348
1040,13016,THAINARA KAROLINE FARIA,115,PT,2022,-22.9333917,-47.1096348
1040,13112,EVELYN SILVA DO NASCIMENTO VICENTE DA SILVA,64,PT,2022,-22.9333917,-47.1096348
1040,13120,CARLOS ROBERTO DE OLIVEIRA,61,PT,2022,-22.9333917,-47.1096348
1040,13121,ANA LUCIA LIPPAUS PERUGINI,178,PT,2022,-22.9333917,-47.1096348
1040,13123,MARIA IZABEL AZEVEDO NORONHA,50,PT,2022,-22.9333917,-47.1096348
1040,1313,RUI GOETHE DA COSTA FALCÃO,69,PT,2022,-22.9333917,-47.1096348
1040,13133,EDUARDO MATARAZZO SUPLICY,321,PT,2022,-22.9333917,-47.1096348
1040,13134,LUIZ FERNANDO TEIXEIRA FERREIRA,67,PT,2022,-22.9333917,-47.1096348
1040,1319,PEDRO TOURINHO DE SIQUEIRA,1251,PT,2022,-22.9333917,-47.1096348
1040,13199,PAOLLA CATHERINE DOS SANTOS MIGUEL AGARD,238,PT,2022,-22.9333917,-47.1096348
1040,13290,LEANDRO CÂNDIDO SOARES,60,PT,2022,-22.9333917,-47.1096348
1040,13300,WAGNER DE MELO ROMÃO,69,PT,2022,-22.9333917,-47.1096348
1040,13331,VERA LUCIA RODRIGUES DE FARIA,121,PT,2022,-22.9333917,-47.1096348
1040,13651,PAULO BATISTA DOS REIS,40,PT,2022,-22.9333917,-47.1096348
1040,13654,JANDYRA MASSUE UEHARA ALVES,91,PT,2022,-22.9333917,-47.1096348
1040,1366,MARIANA CERGOLI JANEIRO,66,PT,2022,-22.9333917,-47.1096348
1040,1370,CARLOS ALBERTO ROLIM ZARATTINI,43,PT,2022,-22.9333917,-47.1096348
1040,1375,DOUGLAS ELIAS BELCHIOR,30,PT,2022,-22.9333917,-47.1096348
1040,1380,JILMAR AUGUSTINHO TATTO,210,PT,2022,-22.9333917,-47.1096348
1040,13800,JORGE DO CARMO SILVA,51,PT,2022,-22.9333917,-47.1096348
1040,1414,ADRILLES REIS JORGE,56,PTB,2022,-22.9333917,-47.1096348
1040,15,Movimento Democrático Brasileiro,31,,2022,-22.9333917,-47.1096348
1040,1500,MARIO PALUMBO JUNIOR,75,MDB,2022,-22.9333917,-47.1096348
1040,1532,LUIZ LAURO FERREIRA,32,MDB,2022,-22.9333917,-47.1096348
1040,155,EDSON APARECIDO DOS SANTOS,504,MDB,2022,-22.9333917,-47.1096348
1040,1580,FÁBIO EDUARDO DE OLIVEIRA TERUEL,66,MDB,2022,-22.9333917,-47.1096348
1040,1587,ARNALDO SALVETTI PALACIO JUNIOR,129,MDB,2022,-22.9333917,-47.1096348
1040,1818,MARIA OSMARINA MARINA DA SILVA VAZ DE LIMA,111,REDE,2022,-22.9333917,-47.1096348
1040,1910,BRUNO AREVALO GANEM,88,PODE,2022,-22.9333917,-47.1096348
1040,19101,CLARICE CARASSOL AREVALO GANEM,70,PODE,2022,-22.9333917,-47.1096348
1040,1911,HENI OZI CUKIER,39,PODE,2022,-22.9333917,-47.1096348
1040,19519,EDUARDO DOS REIS MAGOGA,87,PODE,2022,-22.9333917,-47.1096348
1040,20123,HELIO DONIZETE ZANATTA,52,PSC,2022,-22.9333917,-47.1096348
1040,20190,LUIZ PAULO MADALHANO MAGALHÃES,42,PSC,2022,-22.9333917,-47.1096348
1040,2020,GILBERTO NASCIMENTO SILVA,112,PSC,2022,-22.9333917,-47.1096348
1040,20320,JOSÉ CARLOS FURIOSO,87,PSC,2022,-22.9333917,-47.1096348
1040,211,TITO FLAVIO BELLINI NOGUEIRA DE OLIVEIRA,44,PCB,2022,-22.9333917,-47.1096348
1040,22,Partido Liberal,364,,2022,-22.9333917,-47.1096348
1040,2200,JOSÉ AUGUSTO ROSA,48,PL,2022,-22.9333917,-47.1096348
1040,22000,DIMAS MECCA SAMPAIO,131,PL,2022,-22.9333917,-47.1096348
1040,2208,MARIO LUIS FRIAS,140,PL,2022,-22.9333917,-47.1096348
1040,2210,CARLA ZAMBELLI SALGADO DE OLIVEIRA,634,PL,2022,-22.9333917,-47.1096348
1040,22100,BRUNO ZAMBELLI SALGADO,160,PL,2022,-22.9333917,-47.1096348
1040,22112,CARLOS CEZAR DA SILVA,122,PL,2022,-22.9333917,-47.1096348
1040,22120,GILDEVANIO ILSO DOS SANTOS DINIZ,129,PL,2022,-22.9333917,-47.1096348
1040,22138,ROBERVAL CONTE LOPES LIMA,69,PL,2022,-22.9333917,-47.1096348
1040,22180,RAQUEL KOBASHI GALLINATI LOMBARDI,34,PL,2022,-22.9333917,-47.1096348
1040,222,MARCOS CESAR PONTES,5407,PL,2022,-22.9333917,-47.1096348
1040,2222,EDUARDO NANTES BOLSONARO,595,PL,2022,-22.9333917,-47.1096348
1040,22222,MARCOS ROBERTO DAMASIO DA SILVA,64,PL,2022,-22.9333917,-47.1096348
1040,2226,FERNANDO LISBOA DA CONCEIÇÃO,34,PL,2022,-22.9333917,-47.1096348
1040,2233,PAULO ROBERTO FREIRE DA COSTA,280,PL,2022,-22.9333917,-47.1096348
1040,22343,THIAGO REIS AURICCHIO,36,PL,2022,-22.9333917,-47.1096348
1040,2241,JOSÉ OLIMPIO SILVEIRA MORAES,32,PL,2022,-22.9333917,-47.1096348
1040,22422,PAULO JORGE MANSUR NETO,143,PL,2022,-22.9333917,-47.1096348
1040,2243,LUIZ PHILIPPE DE ORLEANS E BRAGANÇA,49,PL,2022,-22.9333917,-47.1096348
1040,22444,MATHEUS COIMBRA MARTINS DE AGUIAR,71,PL,2022,-22.9333917,-47.1096348
1040,2247,PAULO FRANCISCO MUNIZ BILYNSKYJ,36,PL,2022,-22.9333917,-47.1096348
1040,2250,RICARDO DE AQUINO SALLES,344,PL,2022,-22.9333917,-47.1096348
1040,22500,LUCAS DIEZ BOVE,60,PL,2022,-22.9333917,-47.1096348
1040,2255,FRANCISCO EVERARDO TIRIRICA OLIVEIRA SILVA,37,PL,2022,-22.9333917,-47.1096348
1040,2270,MARCO ANTONIO FELICIANO,135,PL,2022,-22.9333917,-47.1096348
1040,2274,JEFFERSON ALVES DE CAMPOS,125,PL,2022,-22.9333917,-47.1096348
1040,2276,MARSCHELO RODRIGO MARIN MECHE,115,PL,2022,-22.9333917,-47.1096348
1040,2290,GUILHERME MURARO DERRITE,87,PL,2022,-22.9333917,-47.1096348
1040,22922,VALERIA MULLER RAMOS BOLSONARO,371,PL,2022,-22.9333917,-47.1096348
1040,2300,MARCO ANTONIO VILLA,54,CIDADANIA,2022,-22.9333917,-47.1096348
1040,23000,RAFAEL FERNANDO ZIMBALDI,687,CIDADANIA,2022,-22.9333917,-47.1096348
1040,23456,ANTONIO DIRCEU DALBEN,114,CIDADANIA,2022,-22.9333917,-47.1096348
1040,287,JANAINA CONCEIÇÃO PASCHOAL,325,PRTB,2022,-22.9333917,-47.1096348
1040,30,Partido Novo,72,NOVO,2022,-22.9333917,-47.1096348
1040,30,VINICIUS LAZZER POIT,157,NOVO,2022,-22.9333917,-47.1096348
1040,300,RICARDO LUIS MELLÃO,162,NOVO,2022,-22.9333917,-47.1096348
1040,3000,ALEXIS JOSEPH STEVERLYNCK FONTEYNE,63,NOVO,2022,-22.9333917,-47.1096348
1040,3030,ADRIANA MIGUEL VENTURA,58,NOVO,2022,-22.9333917,-47.1096348
1040,30730,HENRIQUE MAGALHÃES TEIXEIRA,84,NOVO,2022,-22.9333917,-47.1096348
1040,35352,FERNANDO LUIS COUTINHO NEVES,35,PMB,2022,-22.9333917,-47.1096348
1040,35555,DANILO RIDYER PALMA,45,PMB,2022,-22.9333917,-47.1096348
1040,36190,ADRIANA SANCHES GALDEANO BORGO,119,AGIR,2022,-22.9333917,-47.1096348
1040,40,Partido Socialista Brasileiro,127,,2022,-22.9333917,-47.1096348
1040,400,MÁRCIO LUIZ FRANÇA GOMES,3896,PSB,2022,-22.9333917,-47.1096348
1040,4000,JONAS DONIZETTE FERREIRA,665,PSB,2022,-22.9333917,-47.1096348
1040,40000,ANDRÉA WERNER SILVA BONOLI,62,PSB,2022,-22.9333917,-47.1096348
1040,4040,TABATA CLAUDIA AMARAL DE PONTES,155,PSB,2022,-22.9333917,-47.1096348
1040,40456,PERMÍNIO MONTEIRO DA SILVA,121,PSB,2022,-22.9333917,-47.1096348
1040,44,UNIÃO BRASIL,31,,2022,-22.9333917,-47.1096348
1040,4400,ROSANGELA MARIA WOLFF DE QUADROS MORO,122,UNIÃO,2022,-22.9333917,-47.1096348
1040,44007,FELIPE SOUZA MURAKAMI DE FRANCO,47,UNIÃO,2022,-22.9333917,-47.1096348
1040,44019,RODRIGO LUIS DE BARROS ALMEIDA,1031,UNIÃO,2022,-22.9333917,-47.1096348
1040,4407,FELIPE BECARI COMENALE,56,UNIÃO,2022,-22.9333917,-47.1096348
1040,44077,RAFAEL SARAIVA GAIA,31,UNIÃO,2022,-22.9333917,-47.1096348
1040,44220,ANDRE CRISTHIANO CAYRES RIBEIRO,128,UNIÃO,2022,-22.9333917,-47.1096348
1040,4425,ALEXANDRE LEITE DA SILVA,198,UNIÃO,2022,-22.9333917,-47.1096348
1040,4433,KIM PATROCA KATAGUIRI,149,UNIÃO,2022,-22.9333917,-47.1096348
1040,4434,DOUGLAS DE PAULO VIEGAS,37,UNIÃO,2022,-22.9333917,-47.1096348
1040,44777,AUGUSTO ZACARIAS CORREA LEITE,73,UNIÃO,2022,-22.9333917,-47.1096348
1040,45,Partido da Social Democracia Brasileira,49,PSDB,2022,-22.9333917,-47.1096348
1040,45,RODRIGO GARCIA,1454,PSDB,2022,-22.9333917,-47.1096348
1040,4500,CARLOS HENRIQUE FOCESI SAMPAIO,334,PSDB,2022,-22.9333917,-47.1096348
1040,45200,CÉLIA CAMARGO LEÃO EDELMUTH,168,PSDB,2022,-22.9333917,-47.1096348
1040,45678,LUIZ HENRIQUE CIRILO,92,PSDB,2022,-22.9333917,-47.1096348
1040,5000,SÂMIA DE SOUZA BOMFIM,128,PSOL,2022,-22.9333917,-47.1096348
1040,50000,PAULA NUNES DOS SANTOS,93,PSOL,2022,-22.9333917,-47.1096348
1040,5010,GUILHERME CASTRO BOULOS,371,PSOL,2022,-22.9333917,-47.1096348
1040,50100,MARIANA CONTI TAKAHASHI,342,PSOL,2022,-22.9333917,-47.1096348
1040,50110,EDIANE MARIA DO NASCIMENTO,55,PSOL,2022,-22.9333917,-47.1096348
1040,5050,IVAN VALENTE,32,PSOL,2022,-22.9333917,-47.1096348
1040,5070,ERIKA SANTOS SILVA,126,PSOL,2022,-22.9333917,-47.1096348
1040,50777,PAULO ROBERTO BUFALO,78,PSOL,2022,-22.9333917,-47.1096348
1040,50789,CARLOS ALBERTO GIANNASI,61,PSOL,2022,-22.9333917,-47.1096348
1040,5088,SÔNIA BONE DE SOUSA SILVA SANTOS,73,PSOL,2022,-22.9333917,-47.1096348
1040,5101,TERESINHA DE CARVALHO,55,PATRIOTA,2022,-22.9333917,-47.1096348
1040,55400,MARTA MARIA FREIRE DA COSTA,199,PSD,2022,-22.9333917,-47.1096348
1040,5553,ELIEL MIRANDA,38,PSD,2022,-22.9333917,-47.1096348
1040,5555,GUILHERME CAMPOS JUNIOR,41,PSD,2022,-22.9333917,-47.1096348
1040,55655,ARTUR CASSEB ORSI,244,PSD,2022,-22.9333917,-47.1096348
1040,65035,LECI BRANDÃO DA SILVA,51,PC DO B,2022,-22.9333917,-47.1096348
1040,6565,ORLANDO SILVA DE JESUS JUNIOR,132,PC DO B,2022,-22.9333917,-47.1096348
1040,65656,MARCIA REGINA QUINTANILHA,107,PC DO B,2022,-22.9333917,-47.1096348
1040,77040,ADILSON DE SOUZA ROCHA,31,SOLIDARIEDADE,2022,-22.9333917,-47.1096348
1040,7719,MARCELO HENRIQUE SILVA,48,SOLIDARIEDADE,2022,-22.9333917,-47.1096348
1040,80,CAROLINA REJAILI VIGLIAR,41,UP,2022,-22.9333917,-47.1096348
1040,800,VIVIAN MENDES DA SILVA,139,UP,2022,-22.9333917,-47.1096348
1040,9000,PABLO HENRIQUE COSTA MARÇAL,152,PROS,2022,-22.9333917,-47.1096348
1040,90000,NEZIO ANTONIO MONTEIRO FILHO,43,PROS,2022,-22.9333917,-47.1096348
1040,95,VOTO BRANCO,4936,,2022,-22.9333917,-47.1096348
1040,96,VOTO NULO,5429,,2022,-22.9333917,-47.1096348
1058,10,REPUBLICANOS,64,REPUBLICANOS,2022,-22.818047,-47.0916928
1058,10,TARCISIO GOMES DE FREITAS,14991,REPUBLICANOS,2022,-22.818047,-47.0916928
1058,1000,CELSO UBIRAJARA RUSSOMANNO,215,REPUBLICANOS,2022,-22.818047,-47.0916928
1058,10000,JORGE WILSON GONÇALVES DE MATTOS,40,REPUBLICANOS,2022,-22.818047,-47.0916928
1058,10099,LEONICE ALVES DA PAZ,87,REPUBLICANOS,2022,-22.818047,-47.0916928
1058,1010,MARCOS ANTONIO PEREIRA,68,REPUBLICANOS,2022,-22.818047,-47.0916928
1058,10123,GILMACI DOS SANTOS BARBOSA,248,REPUBLICANOS,2022,-22.818047,-47.0916928
1058,10200,HIGOR DIEGO RALLA,233,REPUBLICANOS,2022,-22.818047,-47.0916928
1058,10222,ÉLITON SOUSA LEITE,30,REPUBLICANOS,2022,-22.818047,-47.0916928
1058,1023,HENRIQUE STEIN SCIASCIO,41,REPUBLICANOS,2022,-22.818047,-47.0916928
1058,10550,TOME ABDUCH,245,REPUBLICANOS,2022,-22.818047,-47.0916928
1058,1078,BENEDITO ROBERTO ALVES FERREIRA,257,REPUBLICANOS,2022,-22.818047,-47.0916928
1058,1099,ROBERTO ALVES DE LUCENA,55,REPUBLICANOS,2022,-22.818047,-47.0916928
1058,1111,BRUNO MARCELLO DE OLIVEIRA LIMA,288,PP,2022,-22.818047,-47.0916928
1058,1112,ISRAEL NANTES SANTOS,113,PP,2022,-22.818047,-47.0916928
1058,11190,RAFAEL HENRIQUE CANO TELHADA,52,PP,2022,-22.818047,-47.0916928
1058,1122,CARLOS ALBERTO DA CUNHA,82,PP,2022,-22.818047,-47.0916928
1058,11777,ANTONIO ASSUNÇÃO DE OLIM,89,PP,2022,-22.818047,-47.0916928
1058,1190,PAULO ADRIANO LOPES LUCINDA TELHADA,41,PP,2022,-22.818047,-47.0916928
1058,12,ELVIS LEONARDO CEZAR,114,PDT,2022,-22.818047,-47.0916928
1058,12,Partido Democrático Trabalhista,61,PDT,2022,-22.818047,-47.0916928
1058,1212,MARIA GIOVANA LUCHIARI PISONI DUARTE FORTUNATO,55,PDT,2022,-22.818047,-47.0916928
1058,12200,WILSON KELLER DE MATOS,134,PDT,2022,-22.818047,-47.0916928
1058,123,JOSÉ ALDO REBELO FIGUEIREDO,184,PDT,2022,-22.818047,-47.0916928
1058,13,FERNANDO HADDAD,13852,PT,2022,-22.818047,-47.0916928
1058,13,Partido dos Trabalhadores,657,PT,2022,-22.818047,-47.0916928
1058,13016,THAINARA KAROLINE FARIA,48,PT,2022,-22.818047,-47.0916928
1058,13112,EVELYN SILVA DO NASCIMENTO VICENTE DA SILVA,57,PT,2022,-22.818047,-47.0916928
1058,13120,CARLOS ROBERTO DE OLIVEIRA,130,PT,2022,-22.818047,-47.0916928
1058,13121,ANA LUCIA LIPPAUS PERUGINI,114,PT,2022,-22.818047,-47.0916928
1058,13123,MARIA IZABEL AZEVEDO NORONHA,82,PT,2022,-22.818047,-47.0916928
1058,1313,RUI GOETHE DA COSTA FALCÃO,53,PT,2022,-22.818047,-47.0916928
1058,13133,EDUARDO MATARAZZO SUPLICY,536,PT,2022,-22.818047,-47.0916928
1058,13134,LUIZ FERNANDO TEIXEIRA FERREIRA,66,PT,2022,-22.818047,-47.0916928
1058,1319,PEDRO TOURINHO DE SIQUEIRA,1274,PT,2022,-22.818047,-47.0916928
1058,13199,PAOLLA CATHERINE DOS SANTOS MIGUEL AGARD,354,PT,2022,-22.818047,-47.0916928
1058,13290,LEANDRO CÂNDIDO SOARES,33,PT,2022,-22.818047,-47.0916928
1058,13300,WAGNER DE MELO ROMÃO,180,PT,2022,-22.818047,-47.0916928
1058,1333,JULIANA CARDOSO,36,PT,2022,-22.818047,-47.0916928
1058,13331,VERA LUCIA RODRIGUES DE FARIA,122,PT,2022,-22.818047,-47.0916928
1058,1354,ALEXANDRE ROCHA SANTOS PADILHA,47,PT,2022,-22.818047,-47.0916928
1058,13651,PAULO BATISTA DOS REIS,31,PT,2022,-22.818047,-47.0916928
1058,13654,JANDYRA MASSUE UEHARA ALVES,46,PT,2022,-22.818047,-47.0916928
1058,1366,MARIANA CERGOLI JANEIRO,143,PT,2022,-22.818047,-47.0916928
1058,1370,CARLOS ALBERTO ROLIM ZARATTINI,36,PT,2022,-22.818047,-47.0916928
1058,1375,DOUGLAS ELIAS BELCHIOR,38,PT,2022,-22.818047,-47.0916928
1058,1380,JILMAR AUGUSTINHO TATTO,347,PT,2022,-22.818047,-47.0916928
1058,13800,JORGE DO CARMO SILVA,227,PT,2022,-22.818047,-47.0916928
1058,1398,LUIZ PAULO TEIXEIRA FERREIRA,80,PT,2022,-22.818047,-47.0916928
1058,1414,ADRILLES REIS JORGE,84,PTB,2022,-22.818047,-47.0916928
1058,15,Movimento Democrático Brasileiro,65,,2022,-22.818047,-47.0916928
1058,1500,MARIO PALUMBO JUNIOR,108,MDB,2022,-22.818047,-47.0916928
1058,1532,LUIZ LAURO FERREIRA,49,MDB,2022,-22.818047,-47.0916928
1058,1536,ENRICO VAN BLARCUM DE GRAAFF MISASI,40,MDB,2022,-22.818047,-47.0916928
1058,15363,JOSÉ ROGERIO SOARES DOS SANTOS,41,MDB,2022,-22.818047,-47.0916928
1058,155,EDSON APARECIDO DOS SANTOS,622,MDB,2022,-22.818047,-47.0916928
1058,1580,FÁBIO EDUARDO DE OLIVEIRA TERUEL,92,MDB,2022,-22.818047,-47.0916928
1058,1587,ARNALDO SALVETTI PALACIO JUNIOR,171,MDB,2022,-22.818047,-47.0916928
1058,18000,MARINA MEDEIROS HELOU,41,REDE,2022,-22.818047,-47.0916928
1058,1818,MARIA OSMARINA MARINA DA SILVA VAZ DE LIMA,230,REDE,2022,-22.818047,-47.0916928
1058,1877,RICARDO MAGNUS OSÓRIO GALVÃO,54,REDE,2022,-22.818047,-47.0916928
1058,1910,BRUNO AREVALO GANEM,95,PODE,2022,-22.818047,-47.0916928
1058,19101,CLARICE CARASSOL AREVALO GANEM,74,PODE,2022,-22.818047,-47.0916928
1058,1911,HENI OZI CUKIER,71,PODE,2022,-22.818047,-47.0916928
1058,19519,EDUARDO DOS REIS MAGOGA,79,PODE,2022,-22.818047,-47.0916928
1058,20123,HELIO DONIZETE ZANATTA,54,PSC,2022,-22.818047,-47.0916928
1058,20190,LUIZ PAULO MADALHANO MAGALHÃES,33,PSC,2022,-22.818047,-47.0916928
1058,2020,GILBERTO NASCIMENTO SILVA,98,PSC,2022,-22.818047,-47.0916928
1058,20320,JOSÉ CARLOS FURIOSO,46,PSC,2022,-22.818047,-47.0916928
1058,20900,PAULO SERGIO GALTERIO,33,PSC,2022,-22.818047,-47.0916928
1058,21,GABRIEL MAURILIO COLOMBO DE FREITAS,50,PCB,2022,-22.818047,-47.0916928
1058,211,TITO FLAVIO BELLINI NOGUEIRA DE OLIVEIRA,55,PCB,2022,-22.818047,-47.0916928
1058,22,Partido Liberal,462,,2022,-22.818047,-47.0916928
1058,2200,JOSÉ AUGUSTO ROSA,79,PL,2022,-22.818047,-47.0916928
1058,22000,DIMAS MECCA SAMPAIO,171,PL,2022,-22.818047,-47.0916928
1058,22007,DANILO MASCARENHAS DE BALAS,41,PL,2022,-22.818047,-47.0916928
1058,22051,FABIANA DE LIMA BARROSO,34,PL,2022,-22.818047,-47.0916928
1058,2208,MARIO LUIS FRIAS,180,PL,2022,-22.818047,-47.0916928
1058,2210,CARLA ZAMBELLI SALGADO DE OLIVEIRA,918,PL,2022,-22.818047,-47.0916928
1058,22100,BRUNO ZAMBELLI SALGADO,229,PL,2022,-22.818047,-47.0916928
1058,22112,CARLOS CEZAR DA SILVA,104,PL,2022,-22.818047,-47.0916928
1058,22120,GILDEVANIO ILSO DOS SANTOS DINIZ,175,PL,2022,-22.818047,-47.0916928
1058,22138,ROBERVAL CONTE LOPES LIMA,94,PL,2022,-22.818047,-47.0916928
1058,22180,RAQUEL KOBASHI GALLINATI LOMBARDI,58,PL,2022,-22.818047,-47.0916928
1058,222,MARCOS CESAR PONTES,6799,PL,2022,-22.818047,-47.0916928
1058,2222,EDUARDO NANTES BOLSONARO,795,PL,2022,-22.818047,-47.0916928
1058,22222,MARCOS ROBERTO DAMASIO DA SILVA,79,PL,2022,-22.818047,-47.0916928
1058,22288,OSCAR CASTELO BRANCO DE LUCA,34,PL,2022,-22.818047,-47.0916928
1058,2233,PAULO ROBERTO FREIRE DA COSTA,297,PL,2022,-22.818047,-47.0916928
1058,22343,THIAGO REIS AURICCHIO,37,PL,2022,-22.818047,-47.0916928
1058,2241,JOSÉ OLIMPIO SILVEIRA MORAES,40,PL,2022,-22.818047,-47.0916928
1058,22422,PAULO JORGE MANSUR NETO,192,PL,2022,-22.818047,-47.0916928
1058,2243,LUIZ PHILIPPE DE ORLEANS E BRAGANÇA,97,PL,2022,-22.818047,-47.0916928
1058,22444,MATHEUS COIMBRA MARTINS DE AGUIAR,87,PL,2022,-22.818047,-47.0916928
1058,2247,PAULO FRANCISCO MUNIZ BILYNSKYJ,55,PL,2022,-22.818047,-47.0916928
1058,2250,RICARDO DE AQUINO SALLES,610,PL,2022,-22.818047,-47.0916928
1058,22500,LUCAS DIEZ BOVE,141,PL,2022,-22.818047,-47.0916928
1058,2251,ADILSON BARROSO OLIVEIRA,37,PL,2022,-22.818047,-47.0916928
1058,22541,RODRIGO AUGUSTO MORAES,32,PL,2022,-22.818047,-47.0916928
1058,2255,FRANCISCO EVERARDO TIRIRICA OLIVEIRA SILVA,51,PL,2022,-22.818047,-47.0916928
1058,22553,THELMA ELAINE BRASILEIRO ROBERTI,37,PL,2022,-22.818047,-47.0916928
1058,22555,FABIO ROGÉRIO CANDIDO,30,PL,2022,-22.818047,-47.0916928
1058,2270,MARCO ANTONIO FELICIANO,109,PL,2022,-22.818047,-47.0916928
1058,2274,JEFFERSON ALVES DE CAMPOS,88,PL,2022,-22.818047,-47.0916928
1058,2276,MARSCHELO RODRIGO MARIN MECHE,36,PL,2022,-22.818047,-47.0916928
1058,2290,GUILHERME MURARO DERRITE,105,PL,2022,-22.818047,-47.0916928
1058,22922,VALERIA MULLER RAMOS BOLSONARO,522,PL,2022,-22.818047,-47.0916928
1058,2300,MARCO ANTONIO VILLA,117,CIDADANIA,2022,-22.818047,-47.0916928
1058,23000,RAFAEL FERNANDO ZIMBALDI,606,CIDADANIA,2022,-22.818047,-47.0916928
1058,23456,ANTONIO DIRCEU DALBEN,133,CIDADANIA,2022,-22.818047,-47.0916928
1058,23888,LI LI MIN,93,CIDADANIA,2022,-22.818047,-47.0916928
1058,2822,ROGERIO STRACIALANO PARADA,38,PRTB,2022,-22.818047,-47.0916928
1058,28357,MARDQUEU SILVIO FRANCA FILHO,31,PRTB,2022,-22.818047,-47.0916928
1058,287,JANAINA CONCEIÇÃO PASCHOAL,400,PRTB,2022,-22.818047,-47.0916928
1058,30,Partido Novo,116,NOVO,2022,-22.818047,-47.0916928
1058,30,VINICIUS LAZZER POIT,246,NOVO,2022,-22.818047,-47.0916928
1058,300,RICARDO LUIS MELLÃO,251,NOVO,2022,-22.818047,-47.0916928
1058,3000,ALEXIS JOSEPH STEVERLYNCK FONTEYNE,114,NOVO,2022,-22.818047,-47.0916928
1058,3001,MARINA HELENA CUNHA PEREIRA SANTOS,32,NOVO,2022,-22.818047,-47.0916928
1058,30130,MARIA CRISTINA DE OLIVEIRA,46,NOVO,2022,-22.818047,-47.0916928
1058,3030,ADRIANA MIGUEL VENTURA,77,NOVO,2022,-22.818047,-47.0916928
1058,30600,LEONARDO DE SIQUEIRA LIMA,56,NOVO,2022,-22.818047,-47.0916928
1058,30730,HENRIQUE MAGALHÃES TEIXEIRA,154,NOVO,2022,-22.818047,-47.0916928
1058,35352,FERNANDO LUIS COUTINHO NEVES,39,PMB,2022,-22.818047,-47.0916928
1058,35555,DANILO RIDYER PALMA,52,PMB,2022,-22.818047,-47.0916928
1058,36190,ADRIANA SANCHES GALDEANO BORGO,35,AGIR,2022,-22.818047,-47.0916928
1058,40,Partido Socialista Brasileiro,128,,2022,-22.818047,-47.0916928
1058,400,MÁRCIO LUIZ FRANÇA GOMES,5602,PSB,2022,-22.818047,-47.0916928
1058,4000,JONAS DONIZETTE FERREIRA,868,PSB,2022,-22.818047,-47.0916928
1058,40000,ANDRÉA WERNER SILVA BONOLI,63,PSB,2022,-22.818047,-47.0916928
1058,4004,AUGUSTO DE ARRUDA BOTELHO NETO,38,PSB,2022,-22.818047,-47.0916928
1058,4040,TABATA CLAUDIA AMARAL DE PONTES,193,PSB,2022,-22.818047,-47.0916928
1058,40456,PERMÍNIO MONTEIRO DA SILVA,213,PSB,2022,-22.818047,-47.0916928
1058,4400,ROSANGELA MARIA WOLFF DE QUADROS MORO,170,UNIÃO,2022,-22.818047,-47.0916928
1058,44007,FELIPE SOUZA MURAKAMI DE FRANCO,32,UNIÃO,2022,-22.818047,-47.0916928
1058,44019,RODRIGO LUIS DE BARROS ALMEIDA,218,UNIÃO,2022,-22.818047,-47.0916928
1058,4407,FELIPE BECARI COMENALE,57,UNIÃO,2022,-22.818047,-47.0916928
1058,44077,RAFAEL SARAIVA GAIA,32,UNIÃO,2022,-22.818047,-47.0916928
1058,4411,DAVID BEZERRA RIBEIRO SOARES,40,UNIÃO,2022,-22.818047,-47.0916928
1058,44111,DANIEL BEZERRA RIBEIRO SOARES,44,UNIÃO,2022,-22.818047,-47.0916928
1058,44220,ANDRE CRISTHIANO CAYRES RIBEIRO,142,UNIÃO,2022,-22.818047,-47.0916928
1058,4425,ALEXANDRE LEITE DA SILVA,58,UNIÃO,2022,-22.818047,-47.0916928
1058,4433,KIM PATROCA KATAGUIRI,162,UNIÃO,2022,-22.818047,-47.0916928
1058,4434,DOUGLAS DE PAULO VIEGAS,42,UNIÃO,2022,-22.818047,-47.0916928
1058,44777,AUGUSTO ZACARIAS CORREA LEITE,76,UNIÃO,2022,-22.818047,-47.0916928
1058,45,Partido da Social Democracia Brasileira,113,PSDB,2022,-22.818047,-47.0916928
1058,45,RODRIGO GARCIA,1889,PSDB,2022,-22.818047,-47.0916928
1058,4500,CARLOS HENRIQUE FOCESI SAMPAIO,564,PSDB,2022,-22.818047,-47.0916928
1058,45123,ROGERIO NOGUEIRA LOPES CRUZ,35,PSDB,2022,-22.818047,-47.0916928
1058,45200,CÉLIA CAMARGO LEÃO EDELMUTH,266,PSDB,2022,-22.818047,-47.0916928
1058,4567,ROSSIELI SOARES DA SILVA,32,PSDB,2022,-22.818047,-47.0916928
1058,45678,LUIZ HENRIQUE CIRILO,1015,PSDB,2022,-22.818047,-47.0916928
1058,50,Partido Socialismo e Liberdade,52,,2022,-22.818047,-47.0916928
1058,5000,SÂMIA DE SOUZA BOMFIM,332,PSOL,2022,-22.818047,-47.0916928
1058,50000,PAULA NUNES DOS SANTOS,217,PSOL,2022,-22.818047,-47.0916928
1058,5010,GUILHERME CASTRO BOULOS,690,PSOL,2022,-22.818047,-47.0916928
1058,50100,MARIANA CONTI TAKAHASHI,665,PSOL,2022,-22.818047,-47.0916928
1058,50110,EDIANE MARIA DO NASCIMENTO,129,PSOL,2022,-22.818047,-47.0916928
1058,5021,LUIZA ERUNDINA DE SOUSA,60,PSOL,2022,-22.818047,-47.0916928
1058,5033,VLADIMIR PINHEIRO SAFATLE,33,PSOL,2022,-22.818047,-47.0916928
1058,50456,ADRIANA SCANAVEZ DOS SANTOS,70,PSOL,2022,-22.818047,-47.0916928
1058,5050,IVAN VALENTE,50,PSOL,2022,-22.818047,-47.0916928
1058,50522,CHIRLEY MARIA DE SOUZA ALMEIDA SANTOS,38,PSOL,2022,-22.818047,-47.0916928
1058,5070,ERIKA SANTOS SILVA,279,PSOL,2022,-22.818047,-47.0916928
1058,50700,NEON DOS AFONSO CUNHA,37,PSOL,2022,-22.818047,-47.0916928
1058,50777,PAULO ROBERTO BUFALO,154,PSOL,2022,-22.818047,-47.0916928
1058,50789,CARLOS ALBERTO GIANNASI,137,PSOL,2022,-22.818047,-47.0916928
1058,5088,SÔNIA BONE DE SOUSA SILVA SANTOS,237,PSOL,2022,-22.818047,-47.0916928
1058,50900,MÔNICA CRISTINA SEIXAS BONFIM,59,PSOL,2022,-22.818047,-47.0916928
1058,5101,TERESINHA DE CARVALHO,49,PATRIOTA,2022,-22.818047,-47.0916928
1058,55400,MARTA MARIA FREIRE DA COSTA,234,PSD,2022,-22.818047,-47.0916928
1058,5553,ELIEL MIRANDA,30,PSD,2022,-22.818047,-47.0916928
1058,5555,GUILHERME CAMPOS JUNIOR,60,PSD,2022,-22.818047,-47.0916928
1058,55655,ARTUR CASSEB ORSI,371,PSD,2022,-22.818047,-47.0916928
1058,5577,ANTONIO CEZAR CORREIA FREIRE,30,PSD,2022,-22.818047,-47.0916928
1058,55777,OSEIAS SANTOS DA SILVA,43,PSD,2022,-22.818047,-47.0916928
1058,65035,LECI BRANDÃO DA SILVA,70,PC DO B,2022,-22.818047,-47.0916928
1058,6565,ORLANDO SILVA DE JESUS JUNIOR,143,PC DO B,2022,-22.818047,-47.0916928
1058,65656,MARCIA REGINA QUINTANILHA,123,PC DO B,2022,-22.818047,-47.0916928
1058,77040,ADILSON DE SOUZA ROCHA,36,SOLIDARIEDADE,2022,-22.818047,-47.0916928
1058,7719,MARCELO HENRIQUE SILVA,33,SOLIDARIEDADE,2022,-22.818047,-47.0916928
1058,80,CAROLINA REJAILI VIGLIAR,54,UP,2022,-22.818047,-47.0916928
1058,800,VIVIAN MENDES DA SILVA,268,UP,2022,-22.818047,-47.0916928
1058,9000,PABLO HENRIQUE COSTA MARÇAL,177,PROS,2022,-22.818047,-47.0916928
1058,90000,NEZIO ANTONIO MONTEIRO FILHO,58,PROS,2022,-22.818047,-47.0916928
1058,9022,NISE HITOMI YAMAGUCHI,45,PROS,2022,-22.818047,-47.0916928
1058,95,VOTO BRANCO,5505,,2022,-22.818047,-47.0916928
1058,96,VOTO NULO,6156,,2022,-22.818047,-47.0916928
1066,10,REPUBLICANOS,44,REPUBLICANOS,2022,-22.9064,-47.0616
1066,10,TARCISIO GOMES DE FREITAS,12746,REPUBLICANOS,2022,-22.9064,-47.0616
1066,1000,CELSO UBIRAJARA RUSSOMANNO,183,REPUBLICANOS,2022,-22.9064,-47.0616
1066,10000,JORGE WILSON GONÇALVES DE MATTOS,34,REPUBLICANOS,2022,-22.9064,-47.0616
1066,10099,LEONICE ALVES DA PAZ,62,REPUBLICANOS,2022,-22.9064,-47.0616
1066,1010,MARCOS ANTONIO PEREIRA,58,REPUBLICANOS,2022,-22.9064,-47.0616
1066,10123,GILMACI DOS SANTOS BARBOSA,199,REPUBLICANOS,2022,-22.9064,-47.0616
1066,10200,HIGOR DIEGO RALLA,204,REPUBLICANOS,2022,-22.9064,-47.0616
1066,1023,HENRIQUE STEIN SCIASCIO,40,REPUBLICANOS,2022,-22.9064,-47.0616
1066,10550,TOME ABDUCH,202,REPUBLICANOS,2022,-22.9064,-47.0616
1066,1078,BENEDITO ROBERTO ALVES FERREIRA,193,REPUBLICANOS,2022,-22.9064,-47.0616
1066,1100,MANOEL MAURICIO SILVA NEVES,32,PP,2022,-22.9064,-47.0616
1066,1111,BRUNO MARCELLO DE OLIVEIRA LIMA,202,PP,2022,-22.9064,-47.0616
1066,1112,ISRAEL NANTES SANTOS,107,PP,2022,-22.9064,-47.0616
1066,1122,CARLOS ALBERTO DA CUNHA,70,PP,2022,-22.9064,-47.0616
1066,11777,ANTONIO ASSUNÇÃO DE OLIM,61,PP,2022,-22.9064,-47.0616
1066,1190,PAULO ADRIANO LOPES LUCINDA TELHADA,33,PP,2022,-22.9064,-47.0616
1066,12,ELVIS LEONARDO CEZAR,95,PDT,2022,-22.9064,-47.0616
1066,12,Partido Democrático Trabalhista,48,PDT,2022,-22.9064,-47.0616
1066,1212,MARIA GIOVANA LUCHIARI PISONI DUARTE FORTUNATO,37,PDT,2022,-22.9064,-47.0616
1066,123,JOSÉ ALDO REBELO FIGUEIREDO,136,PDT,2022,-22.9064,-47.0616
1066,13,FERNANDO HADDAD,10106,PT,2022,-22.9064,-47.0616
1066,13,Partido dos Trabalhadores,574,PT,2022,-22.9064,-47.0616
1066,13016,THAINARA KAROLINE FARIA,32,PT,2022,-22.9064,-47.0616
1066,13112,EVELYN SILVA DO NASCIMENTO VICENTE DA SILVA,48,PT,2022,-22.9064,-47.0616
1066,13120,CARLOS ROBERTO DE OLIVEIRA,54,PT,2022,-22.9064,-47.0616
1066,13121,ANA LUCIA LIPPAUS PERUGINI,122,PT,2022,-22.9064,-47.0616
1066,13123,MARIA IZABEL AZEVEDO NORONHA,52,PT,2022,-22.9064,-47.0616
1066,1313,RUI GOETHE DA COSTA FALCÃO,56,PT,2022,-22.9064,-47.0616
1066,13133,EDUARDO MATARAZZO SUPLICY,427,PT,2022,-22.9064,-47.0616
1066,13134,LUIZ FERNANDO TEIXEIRA FERREIRA,88,PT,2022,-22.9064,-47.0616
1066,1319,PEDRO TOURINHO DE SIQUEIRA,986,PT,2022,-22.9064,-47.0616
1066,13199,PAOLLA CATHERINE DOS SANTOS MIGUEL AGARD,231,PT,2022,-22.9064,-47.0616
1066,13300,WAGNER DE MELO ROMÃO,145,PT,2022,-22.9064,-47.0616
1066,13331,VERA LUCIA RODRIGUES DE FARIA,85,PT,2022,-22.9064,-47.0616
1066,13654,JANDYRA MASSUE UEHARA ALVES,77,PT,2022,-22.9064,-47.0616
1066,1366,MARIANA CERGOLI JANEIRO,69,PT,2022,-22.9064,-47.0616
1066,1370,CARLOS ALBERTO ROLIM ZARATTINI,54,PT,2022,-22.9064,-47.0616
1066,13700,ANTONIO DONATO MADORMO,42,PT,2022,-22.9064,-47.0616
1066,1380,JILMAR AUGUSTINHO TATTO,193,PT,2022,-22.9064,-47.0616
1066,13800,JORGE DO CARMO SILVA,100,PT,2022,-22.9064,-47.0616
1066,14038,PAULO HUGENNEYER KOGOS,30,PTB,2022,-22.9064,-47.0616
1066,1414,ADRILLES REIS JORGE,48,PTB,2022,-22.9064,-47.0616
1066,15,Movimento Democrático Brasileiro,52,,2022,-22.9064,-47.0616
1066,1500,MARIO PALUMBO JUNIOR,68,MDB,2022,-22.9064,-47.0616
1066,1532,LUIZ LAURO FERREIRA,38,MDB,2022,-22.9064,-47.0616
1066,15363,JOSÉ ROGERIO SOARES DOS SANTOS,34,MDB,2022,-22.9064,-47.0616
1066,155,EDSON APARECIDO DOS SANTOS,517,MDB,2022,-22.9064,-47.0616
1066,1580,FÁBIO EDUARDO DE OLIVEIRA TERUEL,71,MDB,2022,-22.9064,-47.0616
1066,1587,ARNALDO SALVETTI PALACIO JUNIOR,153,MDB,2022,-22.9064,-47.0616
1066,18000,MARINA MEDEIROS HELOU,36,REDE,2022,-22.9064,-47.0616
1066,1818,MARIA OSMARINA MARINA DA SILVA VAZ DE LIMA,184,REDE,2022,-22.9064,-47.0616
1066,1877,RICARDO MAGNUS OSÓRIO GALVÃO,51,REDE,2022,-22.9064,-47.0616
1066,1910,BRUNO AREVALO GANEM,63,PODE,2022,-22.9064,-47.0616
1066,19101,CLARICE CARASSOL AREVALO GANEM,45,PODE,2022,-22.9064,-47.0616
1066,1911,HENI OZI CUKIER,54,PODE,2022,-22.9064,-47.0616
1066,1919,RENATA HELLMEISTER DE ABREU MELO,31,PODE,2022,-22.9064,-47.0616
1066,19519,EDUARDO DOS REIS MAGOGA,166,PODE,2022,-22.9064,-47.0616
1066,20123,HELIO DONIZETE ZANATTA,43,PSC,2022,-22.9064,-47.0616
1066,2020,GILBERTO NASCIMENTO SILVA,91,PSC,2022,-22.9064,-47.0616
1066,20320,JOSÉ CARLOS FURIOSO,37,PSC,2022,-22.9064,-47.0616
1066,21,GABRIEL MAURILIO COLOMBO DE FREITAS,35,PCB,2022,-22.9064,-47.0616
1066,211,TITO FLAVIO BELLINI NOGUEIRA DE OLIVEIRA,33,PCB,2022,-22.9064,-47.0616
1066,22,Partido Liberal,398,,2022,-22.9064,-47.0616
1066,2200,JOSÉ AUGUSTO ROSA,72,PL,2022,-22.9064,-47.0616
1066,22000,DIMAS MECCA SAMPAIO,149,PL,2022,-22.9064,-47.0616
1066,22007,DANILO MASCARENHAS DE BALAS,41,PL,2022,-22.9064,-47.0616
1066,2208,MARIO LUIS FRIAS,123,PL,2022,-22.9064,-47.0616
1066,2210,CARLA ZAMBELLI SALGADO DE OLIVEIRA,699,PL,2022,-22.9064,-47.0616
1066,22100,BRUNO ZAMBELLI SALGADO,212,PL,2022,-22.9064,-47.0616
1066,22112,CARLOS CEZAR DA SILVA,96,PL,2022,-22.9064,-47.0616
1066,22120,GILDEVANIO ILSO DOS SANTOS DINIZ,118,PL,2022,-22.9064,-47.0616
1066,22138,ROBERVAL CONTE LOPES LIMA,94,PL,2022,-22.9064,-47.0616
1066,22180,RAQUEL KOBASHI GALLINATI LOMBARDI,32,PL,2022,-22.9064,-47.0616
1066,222,MARCOS CESAR PONTES,5704,PL,2022,-22.9064,-47.0616
1066,2222,EDUARDO NANTES BOLSONARO,597,PL,2022,-22.9064,-47.0616
1066,22222,MARCOS ROBERTO DAMASIO DA SILVA,85,PL,2022,-22.9064,-47.0616
1066,2233,PAULO ROBERTO FREIRE DA COSTA,268,PL,2022,-22.9064,-47.0616
1066,22343,THIAGO REIS AURICCHIO,33,PL,2022,-22.9064,-47.0616
1066,2240,KATIA DA SILVA SASTRE,40,PL,2022,-22.9064,-47.0616
1066,22422,PAULO JORGE MANSUR NETO,151,PL,2022,-22.9064,-47.0616
1066,2243,LUIZ PHILIPPE DE ORLEANS E BRAGANÇA,90,PL,2022,-22.9064,-47.0616
1066,22444,MATHEUS COIMBRA MARTINS DE AGUIAR,75,PL,2022,-22.9064,-47.0616
1066,2247,PAULO FRANCISCO MUNIZ BILYNSKYJ,51,PL,2022,-22.9064,-47.0616
1066,2250,RICARDO DE AQUINO SALLES,546,PL,2022,-22.9064,-47.0616
1066,22500,LUCAS DIEZ BOVE,87,PL,2022,-22.9064,-47.0616
1066,2255,FRANCISCO EVERARDO TIRIRICA OLIVEIRA SILVA,33,PL,2022,-22.9064,-47.0616
1066,22555,FABIO ROGÉRIO CANDIDO,35,PL,2022,-22.9064,-47.0616
1066,2270,MARCO ANTONIO FELICIANO,92,PL,2022,-22.9064,-47.0616
1066,2274,JEFFERSON ALVES DE CAMPOS,84,PL,2022,-22.9064,-47.0616
1066,2276,MARSCHELO RODRIGO MARIN MECHE,58,PL,2022,-22.9064,-47.0616
1066,2290,GUILHERME MURARO DERRITE,102,PL,2022,-22.9064,-47.0616
1066,22922,VALERIA MULLER RAMOS BOLSONARO,452,PL,2022,-22.9064,-47.0616
1066,2300,MARCO ANTONIO VILLA,111,CIDADANIA,2022,-22.9064,-47.0616
1066,23000,RAFAEL FERNANDO ZIMBALDI,624,CIDADANIA,2022,-22.9064,-47.0616
1066,23456,ANTONIO DIRCEU DALBEN,105,CIDADANIA,2022,-22.9064,-47.0616
1066,23888,LI LI MIN,68,CIDADANIA,2022,-22.9064,-47.0616
1066,287,JANAINA CONCEIÇÃO PASCHOAL,433,PRTB,2022,-22.9064,-47.0616
1066,30,Partido Novo,163,NOVO,2022,-22.9064,-47.0616
1066,30,VINICIUS LAZZER POIT,238,NOVO,2022,-22.9064,-47.0616
1066,300,RICARDO LUIS MELLÃO,226,NOVO,2022,-22.9064,-47.0616
1066,3000,ALEXIS JOSEPH STEVERLYNCK FONTEYNE,106,NOVO,2022,-22.9064,-47.0616
1066,3001,MARINA HELENA CUNHA PEREIRA SANTOS,39,NOVO,2022,-22.9064,-47.0616
1066,30130,MARIA CRISTINA DE OLIVEIRA,49,NOVO,2022,-22.9064,-47.0616
1066,3030,ADRIANA MIGUEL VENTURA,97,NOVO,2022,-22.9064,-47.0616
1066,30600,LEONARDO DE SIQUEIRA LIMA,74,NOVO,2022,-22.9064,-47.0616
1066,30730,HENRIQUE MAGALHÃES TEIXEIRA,148,NOVO,2022,-22.9064,-47.0616
1066,35555,DANILO RIDYER PALMA,79,PMB,2022,-22.9064,-47.0616
1066,36190,ADRIANA SANCHES GALDEANO BORGO,54,AGIR,2022,-22.9064,-47.0616
1066,40,Partido Socialista Brasileiro,122,,2022,-22.9064,-47.0616
1066,400,MÁRCIO LUIZ FRANÇA GOMES,3973,PSB,2022,-22.9064,-47.0616
1066,4000,JONAS DONIZETTE FERREIRA,608,PSB,2022,-22.9064,-47.0616
1066,40000,ANDRÉA WERNER SILVA BONOLI,70,PSB,2022,-22.9064,-47.0616
1066,4004,AUGUSTO DE ARRUDA BOTELHO NETO,36,PSB,2022,-22.9064,-47.0616
1066,4040,TABATA CLAUDIA AMARAL DE PONTES,246,PSB,2022,-22.9064,-47.0616
1066,40456,PERMÍNIO MONTEIRO DA SILVA,138,PSB,2022,-22.9064,-47.0616
1066,4400,ROSANGELA MARIA WOLFF DE QUADROS MORO,188,UNIÃO,2022,-22.9064,-47.0616
1066,44007,FELIPE SOUZA MURAKAMI DE FRANCO,41,UNIÃO,2022,-22.9064,-47.0616
1066,44019,RODRIGO LUIS DE BARROS ALMEIDA,245,UNIÃO,2022,-22.9064,-47.0616
1066,4407,FELIPE BECARI COMENALE,64,UNIÃO,2022,-22.9064,-47.0616
1066,4411,DAVID BEZERRA RIBEIRO SOARES,30,UNIÃO,2022,-22.9064,-47.0616
1066,44111,DANIEL BEZERRA RIBEIRO SOARES,33,UNIÃO,2022,-22.9064,-47.0616
1066,44220,ANDRE CRISTHIANO CAYRES RIBEIRO,66,UNIÃO,2022,-22.9064,-47.0616
1066,4425,ALEXANDRE LEITE DA SILVA,72,UNIÃO,2022,-22.9064,-47.0616
1066,4433,KIM PATROCA KATAGUIRI,129,UNIÃO,2022,-22.9064,-47.0616
1066,4434,DOUGLAS DE PAULO VIEGAS,34,UNIÃO,2022,-22.9064,-47.0616
1066,44777,AUGUSTO ZACARIAS CORREA LEITE,74,UNIÃO,2022,-22.9064,-47.0616
1066,45,Partido da Social Democracia Brasileira,74,PSDB,2022,-22.9064,-47.0616
1066,45,RODRIGO GARCIA,1623,PSDB,2022,-22.9064,-47.0616
1066,4500,CARLOS HENRIQUE FOCESI SAMPAIO,436,PSDB,2022,-22.9064,-47.0616
1066,45200,CÉLIA CAMARGO LEÃO EDELMUTH,285,PSDB,2022,-22.9064,-47.0616
1066,4545,JOSÉ SERRA,37,PSDB,2022,-22.9064,-47.0616
1066,45678,LUIZ HENRIQUE CIRILO,250,PSDB,2022,-22.9064,-47.0616
1066,50,Partido Socialismo e Liberdade,32,,2022,-22.9064,-47.0616
1066,5000,SÂMIA DE SOUZA BOMFIM,181,PSOL,2022,-22.9064,-47.0616
1066,50000,PAULA NUNES DOS SANTOS,135,PSOL,2022,-22.9064,-47.0616
1066,5010,GUILHERME CASTRO BOULOS,512,PSOL,2022,-22.9064,-47.0616
1066,50100,MARIANA CONTI TAKAHASHI,510,PSOL,2022,-22.9064,-47.0616
1066,50110,EDIANE MARIA DO NASCIMENTO,63,PSOL,2022,-22.9064,-47.0616
1066,5021,LUIZA ERUNDINA DE SOUSA,43,PSOL,2022,-22.9064,-47.0616
1066,50456,ADRIANA SCANAVEZ DOS SANTOS,35,PSOL,2022,-22.9064,-47.0616
1066,5050,IVAN VALENTE,43,PSOL,2022,-22.9064,-47.0616
1066,5070,ERIKA SANTOS SILVA,160,PSOL,2022,-22.9064,-47.0616
1066,50777,PAULO ROBERTO BUFALO,105,PSOL,2022,-22.9064,-47.0616
1066,50789,CARLOS ALBERTO GIANNASI,96,PSOL,2022,-22.9064,-47.0616
1066,5088,SÔNIA BONE DE SOUSA SILVA SANTOS,155,PSOL,2022,-22.9064,-47.0616
1066,50900,MÔNICA CRISTINA SEIXAS BONFIM,36,PSOL,2022,-22.9064,-47.0616
1066,5101,TERESINHA DE CARVALHO,37,PATRIOTA,2022,-22.9064,-47.0616
1066,55400,MARTA MARIA FREIRE DA COSTA,205,PSD,2022,-22.9064,-47.0616
1066,5553,ELIEL MIRANDA,39,PSD,2022,-22.9064,-47.0616
1066,5555,GUILHERME CAMPOS JUNIOR,46,PSD,2022,-22.9064,-47.0616
1066,55655,ARTUR CASSEB ORSI,385,PSD,2022,-22.9064,-47.0616
1066,65035,LECI BRANDÃO DA SILVA,41,PC DO B,2022,-22.9064,-47.0616
1066,6565,ORLANDO SILVA DE JESUS JUNIOR,37,PC DO B,2022,-22.9064,-47.0616
1066,65656,MARCIA REGINA QUINTANILHA,46,PC DO B,2022,-22.9064,-47.0616
1066,7719,MARCELO HENRIQUE SILVA,36,SOLIDARIEDADE,2022,-22.9064,-47.0616
1066,80,CAROLINA REJAILI VIGLIAR,40,UP,2022,-22.9064,-47.0616
1066,800,VIVIAN MENDES DA SILVA,160,UP,2022,-22.9064,-47.0616
1066,9000,PABLO HENRIQUE COSTA MARÇAL,144,PROS,2022,-22.9064,-47.0616
1066,90000,NEZIO ANTONIO MONTEIRO FILHO,47,PROS,2022,-22.9064,-47.0616
1066,95,VOTO BRANCO,4322,,2022,-22.9064,-47.0616
1066,96,VOTO NULO,5009,,2022,-22.9064,-47.0616
1074,10,REPUBLICANOS,52,REPUBLICANOS,2022,-22.8976312,-47.1499056
1074,10,TARCISIO GOMES DE FREITAS,14093,REPUBLICANOS,2022,-22.8976312,-47.1499056
1074,1000,CELSO UBIRAJARA RUSSOMANNO,196,REPUBLICANOS,2022,-22.8976312,-47.1499056
1074,10000,JORGE WILSON GONÇALVES DE MATTOS,41,REPUBLICANOS,2022,-22.8976312,-47.1499056
1074,10099,LEONICE ALVES DA PAZ,98,REPUBLICANOS,2022,-22.8976312,-47.1499056
1074,1010,MARCOS ANTONIO PEREIRA,48,REPUBLICANOS,2022,-22.8976312,-47.1499056
1074,10123,GILMACI DOS SANTOS BARBOSA,221,REPUBLICANOS,2022,-22.8976312,-47.1499056
1074,10200,HIGOR DIEGO RALLA,186,REPUBLICANOS,2022,-22.8976312,-47.1499056
1074,10550,TOME ABDUCH,246,REPUBLICANOS,2022,-22.8976312,-47.1499056
1074,1078,BENEDITO ROBERTO ALVES FERREIRA,210,REPUBLICANOS,2022,-22.8976312,-47.1499056
1074,1099,ROBERTO ALVES DE LUCENA,46,REPUBLICANOS,2022,-22.8976312,-47.1499056
1074,1100,MANOEL MAURICIO SILVA NEVES,39,PP,2022,-22.8976312,-47.1499056
1074,1111,BRUNO MARCELLO DE OLIVEIRA LIMA,269,PP,2022,-22.8976312,-47.1499056
1074,1112,ISRAEL NANTES SANTOS,99,PP,2022,-22.8976312,-47.1499056
1074,11190,RAFAEL HENRIQUE CANO TELHADA,34,PP,2022,-22.8976312,-47.1499056
1074,1122,CARLOS ALBERTO DA CUNHA,79,PP,2022,-22.8976312,-47.1499056
1074,11777,ANTONIO ASSUNÇÃO DE OLIM,77,PP,2022,-22.8976312,-47.1499056
1074,12,ELVIS LEONARDO CEZAR,128,PDT,2022,-22.8976312,-47.1499056
1074,12,Partido Democrático Trabalhista,62,PDT,2022,-22.8976312,-47.1499056
1074,12200,WILSON KELLER DE MATOS,37,PDT,2022,-22.8976312,-47.1499056
1074,123,JOSÉ ALDO REBELO FIGUEIREDO,188,PDT,2022,-22.8976312,-47.1499056
1074,13,FERNANDO HADDAD,11667,PT,2022,-22.8976312,-47.1499056
1074,13,Partido dos Trabalhadores,662,PT,2022,-22.8976312,-47.1499056
1074,13016,THAINARA KAROLINE FARIA,93,PT,2022,-22.8976312,-47.1499056
1074,13112,EVELYN SILVA DO NASCIMENTO VICENTE DA SILVA,32,PT,2022,-22.8976312,-47.1499056
1074,13120,CARLOS ROBERTO DE OLIVEIRA,73,PT,2022,-22.8976312,-47.1499056
1074,13121,ANA LUCIA LIPPAUS PERUGINI,166,PT,2022,-22.8976312,-47.1499056
1074,13123,MARIA IZABEL AZEVEDO NORONHA,61,PT,2022,-22.8976312,-47.1499056
1074,1313,RUI GOETHE DA COSTA FALCÃO,59,PT,2022,-22.8976312,-47.1499056
1074,13133,EDUARDO MATARAZZO SUPLICY,566,PT,2022,-22.8976312,-47.1499056
1074,13134,LUIZ FERNANDO TEIXEIRA FERREIRA,47,PT,2022,-22.8976312,-47.1499056
1074,1319,PEDRO TOURINHO DE SIQUEIRA,1117,PT,2022,-22.8976312,-47.1499056
1074,13199,PAOLLA CATHERINE DOS SANTOS MIGUEL AGARD,234,PT,2022,-22.8976312,-47.1499056
1074,13290,LEANDRO CÂNDIDO SOARES,38,PT,2022,-22.8976312,-47.1499056
1074,13300,WAGNER DE MELO ROMÃO,156,PT,2022,-22.8976312,-47.1499056
1074,13331,VERA LUCIA RODRIGUES DE FARIA,68,PT,2022,-22.8976312,-47.1499056
1074,13654,JANDYRA MASSUE UEHARA ALVES,56,PT,2022,-22.8976312,-47.1499056
1074,1366,MARIANA CERGOLI JANEIRO,66,PT,2022,-22.8976312,-47.1499056
1074,1370,CARLOS ALBERTO ROLIM ZARATTINI,31,PT,2022,-22.8976312,-47.1499056
1074,1375,DOUGLAS ELIAS BELCHIOR,31,PT,2022,-22.8976312,-47.1499056
1074,1380,JILMAR AUGUSTINHO TATTO,180,PT,2022,-22.8976312,-47.1499056
1074,13800,JORGE DO CARMO SILVA,67,PT,2022,-22.8976312,-47.1499056
1074,1398,LUIZ PAULO TEIXEIRA FERREIRA,43,PT,2022,-22.8976312,-47.1499056
1074,1414,ADRILLES REIS JORGE,71,PTB,2022,-22.8976312,-47.1499056
1074,15,Movimento Democrático Brasileiro,56,,2022,-22.8976312,-47.1499056
1074,1500,MARIO PALUMBO JUNIOR,79,MDB,2022,-22.8976312,-47.1499056
1074,1532,LUIZ LAURO FERREIRA,44,MDB,2022,-22.8976312,-47.1499056
1074,1536,ENRICO VAN BLARCUM DE GRAAFF MISASI,54,MDB,2022,-22.8976312,-47.1499056
1074,15363,JOSÉ ROGERIO SOARES DOS SANTOS,43,MDB,2022,-22.8976312,-47.1499056
1074,155,EDSON APARECIDO DOS SANTOS,574,MDB,2022,-22.8976312,-47.1499056
1074,1580,FÁBIO EDUARDO DE OLIVEIRA TERUEL,77,MDB,2022,-22.8976312,-47.1499056
1074,1587,ARNALDO SALVETTI PALACIO JUNIOR,162,MDB,2022,-22.8976312,-47.1499056
1074,18000,MARINA MEDEIROS HELOU,49,REDE,2022,-22.8976312,-47.1499056
1074,1818,MARIA OSMARINA MARINA DA SILVA VAZ DE LIMA,211,REDE,2022,-22.8976312,-47.1499056
1074,1877,RICARDO MAGNUS OSÓRIO GALVÃO,70,REDE,2022,-22.8976312,-47.1499056
1074,1910,BRUNO AREVALO GANEM,96,PODE,2022,-22.8976312,-47.1499056
1074,19101,CLARICE CARASSOL AREVALO GANEM,63,PODE,2022,-22.8976312,-47.1499056
1074,1911,HENI OZI CUKIER,57,PODE,2022,-22.8976312,-47.1499056
1074,1919,RENATA HELLMEISTER DE ABREU MELO,41,PODE,2022,-22.8976312,-47.1499056
1074,19519,EDUARDO DOS REIS MAGOGA,106,PODE,2022,-22.8976312,-47.1499056
1074,20123,HELIO DONIZETE ZANATTA,44,PSC,2022,-22.8976312,-47.1499056
1074,2020,GILBERTO NASCIMENTO SILVA,97,PSC,2022,-22.8976312,-47.1499056
1074,20320,JOSÉ CARLOS FURIOSO,54,PSC,2022,-22.8976312,-47.1499056
1074,21,GABRIEL MAURILIO COLOMBO DE FREITAS,31,PCB,2022,-22.8976312,-47.1499056
1074,211,TITO FLAVIO BELLINI NOGUEIRA DE OLIVEIRA,46,PCB,2022,-22.8976312,-47.1499056
1074,22,Partido Liberal,436,,2022,-22.8976312,-47.1499056
1074,2200,JOSÉ AUGUSTO ROSA,71,PL,2022,-22.8976312,-47.1499056
1074,22000,DIMAS MECCA SAMPAIO,183,PL,2022,-22.8976312,-47.1499056
1074,22007,DANILO MASCARENHAS DE BALAS,47,PL,2022,-22.8976312,-47.1499056
1074,22051,FABIANA DE LIMA BARROSO,39,PL,2022,-22.8976312,-47.1499056
1074,2208,MARIO LUIS FRIAS,171,PL,2022,-22.8976312,-47.1499056
1074,2210,CARLA ZAMBELLI SALGADO DE OLIVEIRA,899,PL,2022,-22.8976312,-47.1499056
1074,22100,BRUNO ZAMBELLI SALGADO,234,PL,2022,-22.8976312,-47.1499056
1074,22112,CARLOS CEZAR DA SILVA,119,PL,2022,-22.8976312,-47.1499056
1074,22120,GILDEVANIO ILSO DOS SANTOS DINIZ,169,PL,2022,-22.8976312,-47.1499056
1074,22138,ROBERVAL CONTE LOPES LIMA,87,PL,2022,-22.8976312,-47.1499056
1074,22180,RAQUEL KOBASHI GALLINATI LOMBARDI,36,PL,2022,-22.8976312,-47.1499056
1074,222,MARCOS CESAR PONTES,6486,PL,2022,-22.8976312,-47.1499056
1074,2222,EDUARDO NANTES BOLSONARO,681,PL,2022,-22.8976312,-47.1499056
1074,22222,MARCOS ROBERTO DAMASIO DA SILVA,110,PL,2022,-22.8976312,-47.1499056
1074,2230,MARCIO TADEU ANHAIA DE LEMOS,39,PL,2022,-22.8976312,-47.1499056
1074,2233,PAULO ROBERTO FREIRE DA COSTA,197,PL,2022,-22.8976312,-47.1499056
1074,22343,THIAGO REIS AURICCHIO,51,PL,2022,-22.8976312,-47.1499056
1074,2240,KATIA DA SILVA SASTRE,34,PL,2022,-22.8976312,-47.1499056
1074,22422,PAULO JORGE MANSUR NETO,154,PL,2022,-22.8976312,-47.1499056
1074,2243,LUIZ PHILIPPE DE ORLEANS E BRAGANÇA,78,PL,2022,-22.8976312,-47.1499056
1074,22444,MATHEUS COIMBRA MARTINS DE AGUIAR,109,PL,2022,-22.8976312,-47.1499056
1074,2247,PAULO FRANCISCO MUNIZ BILYNSKYJ,66,PL,2022,-22.8976312,-47.1499056
1074,2250,RICARDO DE AQUINO SALLES,561,PL,2022,-22.8976312,-47.1499056
1074,22500,LUCAS DIEZ BOVE,99,PL,2022,-22.8976312,-47.1499056
1074,2251,ADILSON BARROSO OLIVEIRA,39,PL,2022,-22.8976312,-47.1499056
1074,2255,FRANCISCO EVERARDO TIRIRICA OLIVEIRA SILVA,37,PL,2022,-22.8976312,-47.1499056
1074,22555,FABIO ROGÉRIO CANDIDO,41,PL,2022,-22.8976312,-47.1499056
1074,2270,MARCO ANTONIO FELICIANO,106,PL,2022,-22.8976312,-47.1499056
1074,2274,JEFFERSON ALVES DE CAMPOS,94,PL,2022,-22.8976312,-47.1499056
1074,2276,MARSCHELO RODRIGO MARIN MECHE,72,PL,2022,-22.8976312,-47.1499056
1074,2290,GUILHERME MURARO DERRITE,127,PL,2022,-22.8976312,-47.1499056
1074,22922,VALERIA MULLER RAMOS BOLSONARO,502,PL,2022,-22.8976312,-47.1499056
1074,23,Cidadania,34,,2022,-22.8976312,-47.1499056
1074,2300,MARCO ANTONIO VILLA,105,CIDADANIA,2022,-22.8976312,-47.1499056
1074,23000,RAFAEL FERNANDO ZIMBALDI,665,CIDADANIA,2022,-22.8976312,-47.1499056
1074,23456,ANTONIO DIRCEU DALBEN,136,CIDADANIA,2022,-22.8976312,-47.1499056
1074,23888,LI LI MIN,97,CIDADANIA,2022,-22.8976312,-47.1499056
1074,2822,ROGERIO STRACIALANO PARADA,33,PRTB,2022,-22.8976312,-47.1499056
1074,287,JANAINA CONCEIÇÃO PASCHOAL,419,PRTB,2022,-22.8976312,-47.1499056
1074,30,Partido Novo,173,NOVO,2022,-22.8976312,-47.1499056
1074,30,VINICIUS LAZZER POIT,274,NOVO,2022,-22.8976312,-47.1499056
1074,300,RICARDO LUIS MELLÃO,243,NOVO,2022,-22.8976312,-47.1499056
1074,3000,ALEXIS JOSEPH STEVERLYNCK FONTEYNE,104,NOVO,2022,-22.8976312,-47.1499056
1074,3001,MARINA HELENA CUNHA PEREIRA SANTOS,37,NOVO,2022,-22.8976312,-47.1499056
1074,30130,MARIA CRISTINA DE OLIVEIRA,53,NOVO,2022,-22.8976312,-47.1499056
1074,3030,ADRIANA MIGUEL VENTURA,78,NOVO,2022,-22.8976312,-47.1499056
1074,30600,LEONARDO DE SIQUEIRA LIMA,63,NOVO,2022,-22.8976312,-47.1499056
1074,30730,HENRIQUE MAGALHÃES TEIXEIRA,111,NOVO,2022,-22.8976312,-47.1499056
1074,35352,FERNANDO LUIS COUTINHO NEVES,36,PMB,2022,-22.8976312,-47.1499056
1074,35555,DANILO RIDYER PALMA,52,PMB,2022,-22.8976312,-47.1499056
1074,36190,ADRIANA SANCHES GALDEANO BORGO,67,AGIR,2022,-22.8976312,-47.1499056
1074,40,Partido Socialista Brasileiro,109,,2022,-22.8976312,-47.1499056
1074,400,MÁRCIO LUIZ FRANÇA GOMES,4664,PSB,2022,-22.8976312,-47.1499056
1074,4000,JONAS DONIZETTE FERREIRA,711,PSB,2022,-22.8976312,-47.1499056
1074,40000,ANDRÉA WERNER SILVA BONOLI,106,PSB,2022,-22.8976312,-47.1499056
1074,4004,AUGUSTO DE ARRUDA BOTELHO NETO,34,PSB,2022,-22.8976312,-47.1499056
1074,4040,TABATA CLAUDIA AMARAL DE PONTES,237,PSB,2022,-22.8976312,-47.1499056
1074,40400,RENATA FALZONI,39,PSB,2022,-22.8976312,-47.1499056
1074,40456,PERMÍNIO MONTEIRO DA SILVA,154,PSB,2022,-22.8976312,-47.1499056
1074,4400,ROSANGELA MARIA WOLFF DE QUADROS MORO,199,UNIÃO,2022,-22.8976312,-47.1499056
1074,44007,FELIPE SOUZA MURAKAMI DE FRANCO,50,UNIÃO,2022,-22.8976312,-47.1499056
1074,44019,RODRIGO LUIS DE BARROS ALMEIDA,171,UNIÃO,2022,-22.8976312,-47.1499056
1074,4407,FELIPE BECARI COMENALE,94,UNIÃO,2022,-22.8976312,-47.1499056
1074,44077,RAFAEL SARAIVA GAIA,37,UNIÃO,2022,-22.8976312,-47.1499056
1074,4411,DAVID BEZERRA RIBEIRO SOARES,49,UNIÃO,2022,-22.8976312,-47.1499056
1074,44111,DANIEL BEZERRA RIBEIRO SOARES,40,UNIÃO,2022,-22.8976312,-47.1499056
1074,44220,ANDRE CRISTHIANO CAYRES RIBEIRO,42,UNIÃO,2022,-22.8976312,-47.1499056
1074,4425,ALEXANDRE LEITE DA SILVA,56,UNIÃO,2022,-22.8976312,-47.1499056
1074,4433,KIM PATROCA KATAGUIRI,189,UNIÃO,2022,-22.8976312,-47.1499056
1074,44333,AMANDA VETTORAZZO CARNEIRO,42,UNIÃO,2022,-22.8976312,-47.1499056
1074,4434,DOUGLAS DE PAULO VIEGAS,45,UNIÃO,2022,-22.8976312,-47.1499056
1074,44777,AUGUSTO ZACARIAS CORREA LEITE,100,UNIÃO,2022,-22.8976312,-47.1499056
1074,44999,RENATO DE SOUZA BATTISTA,35,UNIÃO,2022,-22.8976312,-47.1499056
1074,45,Partido da Social Democracia Brasileira,75,PSDB,2022,-22.8976312,-47.1499056
1074,45,RODRIGO GARCIA,1842,PSDB,2022,-22.8976312,-47.1499056
1074,4500,CARLOS HENRIQUE FOCESI SAMPAIO,468,PSDB,2022,-22.8976312,-47.1499056
1074,45123,ROGERIO NOGUEIRA LOPES CRUZ,30,PSDB,2022,-22.8976312,-47.1499056
1074,45200,CÉLIA CAMARGO LEÃO EDELMUTH,277,PSDB,2022,-22.8976312,-47.1499056
1074,4545,JOSÉ SERRA,52,PSDB,2022,-22.8976312,-47.1499056
1074,45678,LUIZ HENRIQUE CIRILO,465,PSDB,2022,-22.8976312,-47.1499056
1074,50,Partido Socialismo e Liberdade,41,,2022,-22.8976312,-47.1499056
1074,5000,SÂMIA DE SOUZA BOMFIM,298,PSOL,2022,-22.8976312,-47.1499056
1074,50000,PAULA NUNES DOS SANTOS,194,PSOL,2022,-22.8976312,-47.1499056
1074,5010,GUILHERME CASTRO BOULOS,630,PSOL,2022,-22.8976312,-47.1499056
1074,50100,MARIANA CONTI TAKAHASHI,712,PSOL,2022,-22.8976312,-47.1499056
1074,50110,EDIANE MARIA DO NASCIMENTO,101,PSOL,2022,-22.8976312,-47.1499056
1074,5021,LUIZA ERUNDINA DE SOUSA,59,PSOL,2022,-22.8976312,-47.1499056
1074,50456,ADRIANA SCANAVEZ DOS SANTOS,50,PSOL,2022,-22.8976312,-47.1499056
1074,5050,IVAN VALENTE,44,PSOL,2022,-22.8976312,-47.1499056
1074,5070,ERIKA SANTOS SILVA,225,PSOL,2022,-22.8976312,-47.1499056
1074,50777,PAULO ROBERTO BUFALO,131,PSOL,2022,-22.8976312,-47.1499056
1074,50789,CARLOS ALBERTO GIANNASI,112,PSOL,2022,-22.8976312,-47.1499056
1074,5088,SÔNIA BONE DE SOUSA SILVA SANTOS,200,PSOL,2022,-22.8976312,-47.1499056
1074,50900,MÔNICA CRISTINA SEIXAS BONFIM,58,PSOL,2022,-22.8976312,-47.1499056
1074,5101,TERESINHA DE CARVALHO,37,PATRIOTA,2022,-22.8976312,-47.1499056
1074,55400,MARTA MARIA FREIRE DA COSTA,136,PSD,2022,-22.8976312,-47.1499056
1074,5553,ELIEL MIRANDA,50,PSD,2022,-22.8976312,-47.1499056
1074,5555,GUILHERME CAMPOS JUNIOR,67,PSD,2022,-22.8976312,-47.1499056
1074,55655,ARTUR CASSEB ORSI,362,PSD,2022,-22.8976312,-47.1499056
1074,65035,LECI BRANDÃO DA SILVA,67,PC DO B,2022,-22.8976312,-47.1499056
1074,6565,ORLANDO SILVA DE JESUS JUNIOR,62,PC DO B,2022,-22.8976312,-47.1499056
1074,65656,MARCIA REGINA QUINTANILHA,57,PC DO B,2022,-22.8976312,-47.1499056
1074,77040,ADILSON DE SOUZA ROCHA,54,SOLIDARIEDADE,2022,-22.8976312,-47.1499056
1074,80,CAROLINA REJAILI VIGLIAR,63,UP,2022,-22.8976312,-47.1499056
1074,800,VIVIAN MENDES DA SILVA,234,UP,2022,-22.8976312,-47.1499056
1074,9000,PABLO HENRIQUE COSTA MARÇAL,173,PROS,2022,-22.8976312,-47.1499056
1074,90000,NEZIO ANTONIO MONTEIRO FILHO,57,PROS,2022,-22.8976312,-47.1499056
1074,9022,NISE HITOMI YAMAGUCHI,36,PROS,2022,-22.8976312,-47.1499056
1074,95,VOTO BRANCO,4363,,2022,-22.8976312,-47.1499056
1074,96,VOTO NULO,5439,,2022,-22.8976312,-47.1499056
1082,10,REPUBLICANOS,47,REPUBLICANOS,2022,-22.9754476,-47.1278076
1082,10,TARCISIO GOMES DE FREITAS,14478,REPUBLICANOS,2022,-22.9754476,-47.1278076
1082,1000,CELSO UBIRAJARA RUSSOMANNO,215,REPUBLICANOS,2022,-22.9754476,-47.1278076
1082,10000,JORGE WILSON GONÇALVES DE MATTOS,33,REPUBLICANOS,2022,-22.9754476,-47.1278076
1082,10099,LEONICE ALVES DA PAZ,69,REPUBLICANOS,2022,-22.9754476,-47.1278076
1082,1010,MARCOS ANTONIO PEREIRA,53,REPUBLICANOS,2022,-22.9754476,-47.1278076
1082,10123,GILMACI DOS SANTOS BARBOSA,272,REPUBLICANOS,2022,-22.9754476,-47.1278076
1082,10200,HIGOR DIEGO RALLA,224,REPUBLICANOS,2022,-22.9754476,-47.1278076
1082,10550,TOME ABDUCH,197,REPUBLICANOS,2022,-22.9754476,-47.1278076
1082,1078,BENEDITO ROBERTO ALVES FERREIRA,300,REPUBLICANOS,2022,-22.9754476,-47.1278076
1082,1099,ROBERTO ALVES DE LUCENA,48,REPUBLICANOS,2022,-22.9754476,-47.1278076
1082,1111,BRUNO MARCELLO DE OLIVEIRA LIMA,242,PP,2022,-22.9754476,-47.1278076
1082,1112,ISRAEL NANTES SANTOS,113,PP,2022,-22.9754476,-47.1278076
1082,11190,RAFAEL HENRIQUE CANO TELHADA,40,PP,2022,-22.9754476,-47.1278076
1082,1122,CARLOS ALBERTO DA CUNHA,76,PP,2022,-22.9754476,-47.1278076
1082,11777,ANTONIO ASSUNÇÃO DE OLIM,61,PP,2022,-22.9754476,-47.1278076
1082,1190,PAULO ADRIANO LOPES LUCINDA TELHADA,41,PP,2022,-22.9754476,-47.1278076
1082,12,ELVIS LEONARDO CEZAR,139,PDT,2022,-22.9754476,-47.1278076
1082,12,Partido Democrático Trabalhista,64,PDT,2022,-22.9754476,-47.1278076
1082,1212,MARIA GIOVANA LUCHIARI PISONI DUARTE FORTUNATO,40,PDT,2022,-22.9754476,-47.1278076
1082,123,JOSÉ ALDO REBELO FIGUEIREDO,146,PDT,2022,-22.9754476,-47.1278076
1082,12777,PEDRO JOSÉ DE PAULA,48,PDT,2022,-22.9754476,-47.1278076
1082,13,FERNANDO HADDAD,11610,PT,2022,-22.9754476,-47.1278076
1082,13,Partido dos Trabalhadores,742,PT,2022,-22.9754476,-47.1278076
1082,13016,THAINARA KAROLINE FARIA,64,PT,2022,-22.9754476,-47.1278076
1082,13112,EVELYN SILVA DO NASCIMENTO VICENTE DA SILVA,39,PT,2022,-22.9754476,-47.1278076
1082,13120,CARLOS ROBERTO DE OLIVEIRA,102,PT,2022,-22.9754476,-47.1278076
1082,13121,ANA LUCIA LIPPAUS PERUGINI,183,PT,2022,-22.9754476,-47.1278076
1082,13123,MARIA IZABEL AZEVEDO NORONHA,89,PT,2022,-22.9754476,-47.1278076
1082,1313,RUI GOETHE DA COSTA FALCÃO,59,PT,2022,-22.9754476,-47.1278076
1082,13133,EDUARDO MATARAZZO SUPLICY,406,PT,2022,-22.9754476,-47.1278076
1082,13134,LUIZ FERNANDO TEIXEIRA FERREIRA,69,PT,2022,-22.9754476,-47.1278076
1082,1319,PEDRO TOURINHO DE SIQUEIRA,1153,PT,2022,-22.9754476,-47.1278076
1082,13199,PAOLLA CATHERINE DOS SANTOS MIGUEL AGARD,247,PT,2022,-22.9754476,-47.1278076
1082,1322,ARLINDO CHIGNALIA JUNIOR,53,PT,2022,-22.9754476,-47.1278076
1082,13300,WAGNER DE MELO ROMÃO,86,PT,2022,-22.9754476,-47.1278076
1082,13331,VERA LUCIA RODRIGUES DE FARIA,85,PT,2022,-22.9754476,-47.1278076
1082,1354,ALEXANDRE ROCHA SANTOS PADILHA,34,PT,2022,-22.9754476,-47.1278076
1082,13654,JANDYRA MASSUE UEHARA ALVES,60,PT,2022,-22.9754476,-47.1278076
1082,1366,MARIANA CERGOLI JANEIRO,105,PT,2022,-22.9754476,-47.1278076
1082,1370,CARLOS ALBERTO ROLIM ZARATTINI,34,PT,2022,-22.9754476,-47.1278076
1082,1375,DOUGLAS ELIAS BELCHIOR,34,PT,2022,-22.9754476,-47.1278076
1082,1380,JILMAR AUGUSTINHO TATTO,284,PT,2022,-22.9754476,-47.1278076
1082,13800,JORGE DO CARMO SILVA,160,PT,2022,-22.9754476,-47.1278076
1082,1414,ADRILLES REIS JORGE,59,PTB,2022,-22.9754476,-47.1278076
1082,15,Movimento Democrático Brasileiro,77,,2022,-22.9754476,-47.1278076
1082,1500,MARIO PALUMBO JUNIOR,75,MDB,2022,-22.9754476,-47.1278076
1082,1532,LUIZ LAURO FERREIRA,58,MDB,2022,-22.9754476,-47.1278076
1082,1536,ENRICO VAN BLARCUM DE GRAAFF MISASI,40,MDB,2022,-22.9754476,-47.1278076
1082,15363,JOSÉ ROGERIO SOARES DOS SANTOS,44,MDB,2022,-22.9754476,-47.1278076
1082,155,EDSON APARECIDO DOS SANTOS,712,MDB,2022,-22.9754476,-47.1278076
1082,1580,FÁBIO EDUARDO DE OLIVEIRA TERUEL,107,MDB,2022,-22.9754476,-47.1278076
1082,1587,ARNALDO SALVETTI PALACIO JUNIOR,184,MDB,2022,-22.9754476,-47.1278076
1082,1818,MARIA OSMARINA MARINA DA SILVA VAZ DE LIMA,142,REDE,2022,-22.9754476,-47.1278076
1082,1910,BRUNO AREVALO GANEM,82,PODE,2022,-22.9754476,-47.1278076
1082,19101,CLARICE CARASSOL AREVALO GANEM,64,PODE,2022,-22.9754476,-47.1278076
1082,1911,HENI OZI CUKIER,41,PODE,2022,-22.9754476,-47.1278076
1082,19519,EDUARDO DOS REIS MAGOGA,46,PODE,2022,-22.9754476,-47.1278076
1082,20123,HELIO DONIZETE ZANATTA,53,PSC,2022,-22.9754476,-47.1278076
1082,2020,GILBERTO NASCIMENTO SILVA,90,PSC,2022,-22.9754476,-47.1278076
1082,20320,JOSÉ CARLOS FURIOSO,58,PSC,2022,-22.9754476,-47.1278076
1082,20900,PAULO SERGIO GALTERIO,37,PSC,2022,-22.9754476,-47.1278076
1082,21,GABRIEL MAURILIO COLOMBO DE FREITAS,31,PCB,2022,-22.9754476,-47.1278076
1082,211,TITO FLAVIO BELLINI NOGUEIRA DE OLIVEIRA,48,PCB,2022,-22.9754476,-47.1278076
1082,22,Partido Liberal,407,,2022,-22.9754476,-47.1278076
1082,2200,JOSÉ AUGUSTO ROSA,72,PL,2022,-22.9754476,-47.1278076
1082,22000,DIMAS MECCA SAMPAIO,161,PL,2022,-22.9754476,-47.1278076
1082,22051,FABIANA DE LIMA BARROSO,34,PL,2022,-22.9754476,-47.1278076
1082,2208,MARIO LUIS FRIAS,176,PL,2022,-22.9754476,-47.1278076
1082,2210,CARLA ZAMBELLI SALGADO DE OLIVEIRA,885,PL,2022,-22.9754476,-47.1278076
1082,22100,BRUNO ZAMBELLI SALGADO,219,PL,2022,-22.9754476,-47.1278076
1082,22112,CARLOS CEZAR DA SILVA,122,PL,2022,-22.9754476,-47.1278076
1082,22120,GILDEVANIO ILSO DOS SANTOS DINIZ,163,PL,2022,-22.9754476,-47.1278076
1082,22138,ROBERVAL CONTE LOPES LIMA,127,PL,2022,-22.9754476,-47.1278076
1082,22180,RAQUEL KOBASHI GALLINATI LOMBARDI,41,PL,2022,-22.9754476,-47.1278076
1082,222,MARCOS CESAR PONTES,6615,PL,2022,-22.9754476,-47.1278076
1082,2222,EDUARDO NANTES BOLSONARO,748,PL,2022,-22.9754476,-47.1278076
1082,22222,MARCOS ROBERTO DAMASIO DA SILVA,85,PL,2022,-22.9754476,-47.1278076
1082,2230,MARCIO TADEU ANHAIA DE LEMOS,38,PL,2022,-22.9754476,-47.1278076
1082,2233,PAULO ROBERTO FREIRE DA COSTA,271,PL,2022,-22.9754476,-47.1278076
1082,22343,THIAGO REIS AURICCHIO,30,PL,2022,-22.9754476,-47.1278076
1082,22422,PAULO JORGE MANSUR NETO,189,PL,2022,-22.9754476,-47.1278076
1082,2243,LUIZ PHILIPPE DE ORLEANS E BRAGANÇA,66,PL,2022,-22.9754476,-47.1278076
1082,2244,LUIZ CARLOS MOTTA,38,PL,2022,-22.9754476,-47.1278076
1082,22444,MATHEUS COIMBRA MARTINS DE AGUIAR,80,PL,2022,-22.9754476,-47.1278076
1082,2247,PAULO FRANCISCO MUNIZ BILYNSKYJ,40,PL,2022,-22.9754476,-47.1278076
1082,2250,RICARDO DE AQUINO SALLES,545,PL,2022,-22.9754476,-47.1278076
1082,22500,LUCAS DIEZ BOVE,97,PL,2022,-22.9754476,-47.1278076
1082,2251,ADILSON BARROSO OLIVEIRA,30,PL,2022,-22.9754476,-47.1278076
1082,2255,FRANCISCO EVERARDO TIRIRICA OLIVEIRA SILVA,57,PL,2022,-22.9754476,-47.1278076
1082,22553,THELMA ELAINE BRASILEIRO ROBERTI,34,PL,2022,-22.9754476,-47.1278076
1082,22555,FABIO ROGÉRIO CANDIDO,38,PL,2022,-22.9754476,-47.1278076
1082,2270,MARCO ANTONIO FELICIANO,94,PL,2022,-22.9754476,-47.1278076
1082,2274,JEFFERSON ALVES DE CAMPOS,124,PL,2022,-22.9754476,-47.1278076
1082,2276,MARSCHELO RODRIGO MARIN MECHE,125,PL,2022,-22.9754476,-47.1278076
1082,2290,GUILHERME MURARO DERRITE,127,PL,2022,-22.9754476,-47.1278076
1082,22922,VALERIA MULLER RAMOS BOLSONARO,557,PL,2022,-22.9754476,-47.1278076
1082,23,Cidadania,38,,2022,-22.9754476,-47.1278076
1082,2300,MARCO ANTONIO VILLA,89,CIDADANIA,2022,-22.9754476,-47.1278076
1082,23000,RAFAEL FERNANDO ZIMBALDI,770,CIDADANIA,2022,-22.9754476,-47.1278076
1082,23456,ANTONIO DIRCEU DALBEN,64,CIDADANIA,2022,-22.9754476,-47.1278076
1082,23888,LI LI MIN,43,CIDADANIA,2022,-22.9754476,-47.1278076
1082,28357,MARDQUEU SILVIO FRANCA FILHO,30,PRTB,2022,-22.9754476,-47.1278076
1082,287,JANAINA CONCEIÇÃO PASCHOAL,354,PRTB,2022,-22.9754476,-47.1278076
1082,30,Partido Novo,130,NOVO,2022,-22.9754476,-47.1278076
1082,30,VINICIUS LAZZER POIT,205,NOVO,2022,-22.9754476,-47.1278076
1082,300,RICARDO LUIS MELLÃO,196,NOVO,2022,-22.9754476,-47.1278076
1082,3000,ALEXIS JOSEPH STEVERLYNCK FONTEYNE,86,NOVO,2022,-22.9754476,-47.1278076
1082,30130,MARIA CRISTINA DE OLIVEIRA,38,NOVO,2022,-22.9754476,-47.1278076
1082,3030,ADRIANA MIGUEL VENTURA,82,NOVO,2022,-22.9754476,-47.1278076
1082,30600,LEONARDO DE SIQUEIRA LIMA,44,NOVO,2022,-22.9754476,-47.1278076
1082,30730,HENRIQUE MAGALHÃES TEIXEIRA,133,NOVO,2022,-22.9754476,-47.1278076
1082,35352,FERNANDO LUIS COUTINHO NEVES,31,PMB,2022,-22.9754476,-47.1278076
1082,35555,DANILO RIDYER PALMA,50,PMB,2022,-22.9754476,-47.1278076
1082,36190,ADRIANA SANCHES GALDEANO BORGO,83,AGIR,2022,-22.9754476,-47.1278076
1082,40,Partido Socialista Brasileiro,172,,2022,-22.9754476,-47.1278076
1082,400,MÁRCIO LUIZ FRANÇA GOMES,4539,PSB,2022,-22.9754476,-47.1278076
1082,4000,JONAS DONIZETTE FERREIRA,959,PSB,2022,-22.9754476,-47.1278076
1082,40000,ANDRÉA WERNER SILVA BONOLI,77,PSB,2022,-22.9754476,-47.1278076
1082,4004,AUGUSTO DE ARRUDA BOTELHO NETO,31,PSB,2022,-22.9754476,-47.1278076
1082,4040,TABATA CLAUDIA AMARAL DE PONTES,189,PSB,2022,-22.9754476,-47.1278076
1082,40456,PERMÍNIO MONTEIRO DA SILVA,465,PSB,2022,-22.9754476,-47.1278076
1082,44,UNIÃO BRASIL,43,,2022,-22.9754476,-47.1278076
1082,4400,ROSANGELA MARIA WOLFF DE QUADROS MORO,185,UNIÃO,2022,-22.9754476,-47.1278076
1082,44007,FELIPE SOUZA MURAKAMI DE FRANCO,31,UNIÃO,2022,-22.9754476,-47.1278076
1082,4401,MARCELA DE CARVALHO NORA,35,UNIÃO,2022,-22.9754476,-47.1278076
1082,44019,RODRIGO LUIS DE BARROS ALMEIDA,1346,UNIÃO,2022,-22.9754476,-47.1278076
1082,4407,FELIPE BECARI COMENALE,59,UNIÃO,2022,-22.9754476,-47.1278076
1082,44077,RAFAEL SARAIVA GAIA,32,UNIÃO,2022,-22.9754476,-47.1278076
1082,4411,DAVID BEZERRA RIBEIRO SOARES,33,UNIÃO,2022,-22.9754476,-47.1278076
1082,44111,DANIEL BEZERRA RIBEIRO SOARES,30,UNIÃO,2022,-22.9754476,-47.1278076
1082,44220,ANDRE CRISTHIANO CAYRES RIBEIRO,67,UNIÃO,2022,-22.9754476,-47.1278076
1082,4425,ALEXANDRE LEITE DA SILVA,265,UNIÃO,2022,-22.9754476,-47.1278076
1082,4433,KIM PATROCA KATAGUIRI,162,UNIÃO,2022,-22.9754476,-47.1278076
1082,44333,AMANDA VETTORAZZO CARNEIRO,30,UNIÃO,2022,-22.9754476,-47.1278076
1082,4434,DOUGLAS DE PAULO VIEGAS,33,UNIÃO,2022,-22.9754476,-47.1278076
1082,44777,AUGUSTO ZACARIAS CORREA LEITE,87,UNIÃO,2022,-22.9754476,-47.1278076
1082,45,Partido da Social Democracia Brasileira,73,PSDB,2022,-22.9754476,-47.1278076
1082,45,RODRIGO GARCIA,2053,PSDB,2022,-22.9754476,-47.1278076
1082,4500,CARLOS HENRIQUE FOCESI SAMPAIO,476,PSDB,2022,-22.9754476,-47.1278076
1082,45123,ROGERIO NOGUEIRA LOPES CRUZ,35,PSDB,2022,-22.9754476,-47.1278076
1082,45200,CÉLIA CAMARGO LEÃO EDELMUTH,213,PSDB,2022,-22.9754476,-47.1278076
1082,4545,JOSÉ SERRA,30,PSDB,2022,-22.9754476,-47.1278076
1082,45678,LUIZ HENRIQUE CIRILO,291,PSDB,2022,-22.9754476,-47.1278076
1082,50,Partido Socialismo e Liberdade,54,,2022,-22.9754476,-47.1278076
1082,5000,SÂMIA DE SOUZA BOMFIM,199,PSOL,2022,-22.9754476,-47.1278076
1082,50000,PAULA NUNES DOS SANTOS,86,PSOL,2022,-22.9754476,-47.1278076
1082,5010,GUILHERME CASTRO BOULOS,485,PSOL,2022,-22.9754476,-47.1278076
1082,50100,MARIANA CONTI TAKAHASHI,429,PSOL,2022,-22.9754476,-47.1278076
1082,50110,EDIANE MARIA DO NASCIMENTO,57,PSOL,2022,-22.9754476,-47.1278076
1082,5021,LUIZA ERUNDINA DE SOUSA,37,PSOL,2022,-22.9754476,-47.1278076
1082,5050,IVAN VALENTE,35,PSOL,2022,-22.9754476,-47.1278076
1082,5070,ERIKA SANTOS SILVA,159,PSOL,2022,-22.9754476,-47.1278076
1082,50777,PAULO ROBERTO BUFALO,111,PSOL,2022,-22.9754476,-47.1278076
1082,50789,CARLOS ALBERTO GIANNASI,105,PSOL,2022,-22.9754476,-47.1278076
1082,5088,SÔNIA BONE DE SOUSA SILVA SANTOS,94,PSOL,2022,-22.9754476,-47.1278076
1082,50900,MÔNICA CRISTINA SEIXAS BONFIM,38,PSOL,2022,-22.9754476,-47.1278076
1082,5101,TERESINHA DE CARVALHO,54,PATRIOTA,2022,-22.9754476,-47.1278076
1082,5515,SAULO PEDROSO DE SOUZA,34,PSD,2022,-22.9754476,-47.1278076
1082,55400,MARTA MARIA FREIRE DA COSTA,150,PSD,2022,-22.9754476,-47.1278076
1082,5553,ELIEL MIRANDA,32,PSD,2022,-22.9754476,-47.1278076
1082,5555,GUILHERME CAMPOS JUNIOR,57,PSD,2022,-22.9754476,-47.1278076
1082,55655,ARTUR CASSEB ORSI,313,PSD,2022,-22.9754476,-47.1278076
1082,5577,ANTONIO CEZAR CORREIA FREIRE,32,PSD,2022,-22.9754476,-47.1278076
1082,55777,OSEIAS SANTOS DA SILVA,35,PSD,2022,-22.9754476,-47.1278076
1082,65035,LECI BRANDÃO DA SILVA,43,PC DO B,2022,-22.9754476,-47.1278076
1082,6565,ORLANDO SILVA DE JESUS JUNIOR,103,PC DO B,2022,-22.9754476,-47.1278076
1082,65656,MARCIA REGINA QUINTANILHA,95,PC DO B,2022,-22.9754476,-47.1278076
1082,77040,ADILSON DE SOUZA ROCHA,35,SOLIDARIEDADE,2022,-22.9754476,-47.1278076
1082,7719,MARCELO HENRIQUE SILVA,33,SOLIDARIEDADE,2022,-22.9754476,-47.1278076
1082,80,CAROLINA REJAILI VIGLIAR,58,UP,2022,-22.9754476,-47.1278076
1082,800,VIVIAN MENDES DA SILVA,169,UP,2022,-22.9754476,-47.1278076
1082,9000,PABLO HENRIQUE COSTA MARÇAL,148,PROS,2022,-22.9754476,-47.1278076
1082,90000,NEZIO ANTONIO MONTEIRO FILHO,48,PROS,2022,-22.9754476,-47.1278076
1082,9022,NISE HITOMI YAMAGUCHI,35,PROS,2022,-22.9754476,-47.1278076
1082,95,VOTO BRANCO,4586,,2022,-22.9754476,-47.1278076
1082,96,VOTO NULO,6042,,2022,-22.9754476,-47.1278076
1090,10,REPUBLICANOS,71,REPUBLICANOS,2022,-22.8903927,-47.119025
1090,10,TARCISIO GOMES DE FREITAS,19155,REPUBLICANOS,2022,-22.8903927,-47.119025
1090,1000,CELSO UBIRAJARA RUSSOMANNO,255,REPUBLICANOS,2022,-22.8903927,-47.119025
1090,10000,JORGE WILSON GONÇALVES DE MATTOS,43,REPUBLICANOS,2022,-22.8903927,-47.119025
1090,10099,LEONICE ALVES DA PAZ,91,REPUBLICANOS,2022,-22.8903927,-47.119025
1090,1010,MARCOS ANTONIO PEREIRA,118,REPUBLICANOS,2022,-22.8903927,-47.119025
1090,10123,GILMACI DOS SANTOS BARBOSA,306,REPUBLICANOS,2022,-22.8903927,-47.119025
1090,10200,HIGOR DIEGO RALLA,517,REPUBLICANOS,2022,-22.8903927,-47.119025
1090,1023,HENRIQUE STEIN SCIASCIO,44,REPUBLICANOS,2022,-22.8903927,-47.119025
1090,10550,TOME ABDUCH,209,REPUBLICANOS,2022,-22.8903927,-47.119025
1090,10777,MANOEL BARBOSA DO NASCIMENTO,36,REPUBLICANOS,2022,-22.8903927,-47.119025
1090,1078,BENEDITO ROBERTO ALVES FERREIRA,290,REPUBLICANOS,2022,-22.8903927,-47.119025
1090,1099,ROBERTO ALVES DE LUCENA,59,REPUBLICANOS,2022,-22.8903927,-47.119025
1090,10999,RICARDO MOLINA DIAS,39,REPUBLICANOS,2022,-22.8903927,-47.119025
1090,1100,MANOEL MAURICIO SILVA NEVES,44,PP,2022,-22.8903927,-47.119025
1090,1111,BRUNO MARCELLO DE OLIVEIRA LIMA,443,PP,2022,-22.8903927,-47.119025
1090,1112,ISRAEL NANTES SANTOS,163,PP,2022,-22.8903927,-47.119025
1090,11190,RAFAEL HENRIQUE CANO TELHADA,67,PP,2022,-22.8903927,-47.119025
1090,1122,CARLOS ALBERTO DA CUNHA,120,PP,2022,-22.8903927,-47.119025
1090,11777,ANTONIO ASSUNÇÃO DE OLIM,90,PP,2022,-22.8903927,-47.119025
1090,1190,PAULO ADRIANO LOPES LUCINDA TELHADA,70,PP,2022,-22.8903927,-47.119025
1090,12,ELVIS LEONARDO CEZAR,137,PDT,2022,-22.8903927,-47.119025
1090,12,Partido Democrático Trabalhista,55,PDT,2022,-22.8903927,-47.119025
1090,12200,WILSON KELLER DE MATOS,58,PDT,2022,-22.8903927,-47.119025
1090,123,JOSÉ ALDO REBELO FIGUEIREDO,189,PDT,2022,-22.8903927,-47.119025
1090,13,FERNANDO HADDAD,13281,PT,2022,-22.8903927,-47.119025
1090,13,Partido dos Trabalhadores,822,PT,2022,-22.8903927,-47.119025
1090,13112,EVELYN SILVA DO NASCIMENTO VICENTE DA SILVA,35,PT,2022,-22.8903927,-47.119025
1090,13120,CARLOS ROBERTO DE OLIVEIRA,80,PT,2022,-22.8903927,-47.119025
1090,13121,ANA LUCIA LIPPAUS PERUGINI,218,PT,2022,-22.8903927,-47.119025
1090,13123,MARIA IZABEL AZEVEDO NORONHA,77,PT,2022,-22.8903927,-47.119025
1090,1313,RUI GOETHE DA COSTA FALCÃO,64,PT,2022,-22.8903927,-47.119025
1090,13133,EDUARDO MATARAZZO SUPLICY,486,PT,2022,-22.8903927,-47.119025
1090,1319,PEDRO TOURINHO DE SIQUEIRA,1290,PT,2022,-22.8903927,-47.119025
1090,13199,PAOLLA CATHERINE DOS SANTOS MIGUEL AGARD,336,PT,2022,-22.8903927,-47.119025
1090,1322,ARLINDO CHIGNALIA JUNIOR,34,PT,2022,-22.8903927,-47.119025
1090,13300,WAGNER DE MELO ROMÃO,183,PT,2022,-22.8903927,-47.119025
1090,13331,VERA LUCIA RODRIGUES DE FARIA,55,PT,2022,-22.8903927,-47.119025
1090,13651,PAULO BATISTA DOS REIS,51,PT,2022,-22.8903927,-47.119025
1090,13654,JANDYRA MASSUE UEHARA ALVES,52,PT,2022,-22.8903927,-47.119025
1090,1366,MARIANA CERGOLI JANEIRO,77,PT,2022,-22.8903927,-47.119025
1090,1370,CARLOS ALBERTO ROLIM ZARATTINI,58,PT,2022,-22.8903927,-47.119025
1090,1375,DOUGLAS ELIAS BELCHIOR,32,PT,2022,-22.8903927,-47.119025
1090,1380,JILMAR AUGUSTINHO TATTO,150,PT,2022,-22.8903927,-47.119025
1090,13800,JORGE DO CARMO SILVA,67,PT,2022,-22.8903927,-47.119025
1090,14038,PAULO HUGENNEYER KOGOS,40,PTB,2022,-22.8903927,-47.119025
1090,1414,ADRILLES REIS JORGE,74,PTB,2022,-22.8903927,-47.119025
1090,15,Movimento Democrático Brasileiro,89,,2022,-22.8903927,-47.119025
1090,1500,MARIO PALUMBO JUNIOR,99,MDB,2022,-22.8903927,-47.119025
1090,1532,LUIZ LAURO FERREIRA,75,MDB,2022,-22.8903927,-47.119025
1090,1536,ENRICO VAN BLARCUM DE GRAAFF MISASI,48,MDB,2022,-22.8903927,-47.119025
1090,15363,JOSÉ ROGERIO SOARES DOS SANTOS,47,MDB,2022,-22.8903927,-47.119025
1090,155,EDSON APARECIDO DOS SANTOS,773,MDB,2022,-22.8903927,-47.119025
1090,1580,FÁBIO EDUARDO DE OLIVEIRA TERUEL,104,MDB,2022,-22.8903927,-47.119025
1090,1587,ARNALDO SALVETTI PALACIO JUNIOR,180,MDB,2022,-22.8903927,-47.119025
1090,18000,MARINA MEDEIROS HELOU,36,REDE,2022,-22.8903927,-47.119025
1090,1818,MARIA OSMARINA MARINA DA SILVA VAZ DE LIMA,197,REDE,2022,-22.8903927,-47.119025
1090,1877,RICARDO MAGNUS OSÓRIO GALVÃO,39,REDE,2022,-22.8903927,-47.119025
1090,1910,BRUNO AREVALO GANEM,100,PODE,2022,-22.8903927,-47.119025
1090,19101,CLARICE CARASSOL AREVALO GANEM,95,PODE,2022,-22.8903927,-47.119025
1090,1911,HENI OZI CUKIER,55,PODE,2022,-22.8903927,-47.119025
1090,1919,RENATA HELLMEISTER DE ABREU MELO,30,PODE,2022,-22.8903927,-47.119025
1090,19519,EDUARDO DOS REIS MAGOGA,90,PODE,2022,-22.8903927,-47.119025
1090,20123,HELIO DONIZETE ZANATTA,84,PSC,2022,-22.8903927,-47.119025
1090,20190,LUIZ PAULO MADALHANO MAGALHÃES,35,PSC,2022,-22.8903927,-47.119025
1090,2020,GILBERTO NASCIMENTO SILVA,113,PSC,2022,-22.8903927,-47.119025
1090,20320,JOSÉ CARLOS FURIOSO,71,PSC,2022,-22.8903927,-47.119025
1090,21,GABRIEL MAURILIO COLOMBO DE FREITAS,53,PCB,2022,-22.8903927,-47.119025
1090,211,TITO FLAVIO BELLINI NOGUEIRA DE OLIVEIRA,60,PCB,2022,-22.8903927,-47.119025
1090,22,Partido Liberal,610,,2022,-22.8903927,-47.119025
1090,2200,JOSÉ AUGUSTO ROSA,88,PL,2022,-22.8903927,-47.119025
1090,22000,DIMAS MECCA SAMPAIO,255,PL,2022,-22.8903927,-47.119025
1090,22007,DANILO MASCARENHAS DE BALAS,37,PL,2022,-22.8903927,-47.119025
1090,22051,FABIANA DE LIMA BARROSO,53,PL,2022,-22.8903927,-47.119025
1090,2208,MARIO LUIS FRIAS,225,PL,2022,-22.8903927,-47.119025
1090,2210,CARLA ZAMBELLI SALGADO DE OLIVEIRA,1156,PL,2022,-22.8903927,-47.119025
1090,22100,BRUNO ZAMBELLI SALGADO,300,PL,2022,-22.8903927,-47.119025
1090,22112,CARLOS CEZAR DA SILVA,148,PL,2022,-22.8903927,-47.119025
1090,22120,GILDEVANIO ILSO DOS SANTOS DINIZ,233,PL,2022,-22.8903927,-47.119025
1090,22138,ROBERVAL CONTE LOPES LIMA,142,PL,2022,-22.8903927,-47.119025
1090,2215,ROBSON LIEBETANZ DZELVE CALABIANQUI JUNIOR,39,PL,2022,-22.8903927,-47.119025
1090,22180,RAQUEL KOBASHI GALLINATI LOMBARDI,59,PL,2022,-22.8903927,-47.119025
1090,222,MARCOS CESAR PONTES,8819,PL,2022,-22.8903927,-47.119025
1090,2222,EDUARDO NANTES BOLSONARO,996,PL,2022,-22.8903927,-47.119025
1090,22222,MARCOS ROBERTO DAMASIO DA SILVA,132,PL,2022,-22.8903927,-47.119025
1090,2223,FERNANDO PINHEIRO,32,PL,2022,-22.8903927,-47.119025
1090,2226,FERNANDO LISBOA DA CONCEIÇÃO,32,PL,2022,-22.8903927,-47.119025
1090,2230,MARCIO TADEU ANHAIA DE LEMOS,48,PL,2022,-22.8903927,-47.119025
1090,2233,PAULO ROBERTO FREIRE DA COSTA,302,PL,2022,-22.8903927,-47.119025
1090,2234,LUIZ FELIPE DE ANDRADE FOLGOSI,32,PL,2022,-22.8903927,-47.119025
1090,22343,THIAGO REIS AURICCHIO,62,PL,2022,-22.8903927,-47.119025
1090,2240,KATIA DA SILVA SASTRE,35,PL,2022,-22.8903927,-47.119025
1090,2241,JOSÉ OLIMPIO SILVEIRA MORAES,36,PL,2022,-22.8903927,-47.119025
1090,22422,PAULO JORGE MANSUR NETO,217,PL,2022,-22.8903927,-47.119025
1090,2243,LUIZ PHILIPPE DE ORLEANS E BRAGANÇA,90,PL,2022,-22.8903927,-47.119025
1090,2244,LUIZ CARLOS MOTTA,34,PL,2022,-22.8903927,-47.119025
1090,22444,MATHEUS COIMBRA MARTINS DE AGUIAR,109,PL,2022,-22.8903927,-47.119025
1090,2247,PAULO FRANCISCO MUNIZ BILYNSKYJ,74,PL,2022,-22.8903927,-47.119025
1090,2250,RICARDO DE AQUINO SALLES,693,PL,2022,-22.8903927,-47.119025
1090,22500,LUCAS DIEZ BOVE,128,PL,2022,-22.8903927,-47.119025
1090,2251,ADILSON BARROSO OLIVEIRA,44,PL,2022,-22.8903927,-47.119025
1090,22541,RODRIGO AUGUSTO MORAES,31,PL,2022,-22.8903927,-47.119025
1090,2255,FRANCISCO EVERARDO TIRIRICA OLIVEIRA SILVA,61,PL,2022,-22.8903927,-47.119025
1090,22553,THELMA ELAINE BRASILEIRO ROBERTI,42,PL,2022,-22.8903927,-47.119025
1090,22555,FABIO ROGÉRIO CANDIDO,71,PL,2022,-22.8903927,-47.119025
1090,2270,MARCO ANTONIO FELICIANO,131,PL,2022,-22.8903927,-47.119025
1090,2274,JEFFERSON ALVES DE CAMPOS,146,PL,2022,-22.8903927,-47.119025
1090,2276,MARSCHELO RODRIGO MARIN MECHE,91,PL,2022,-22.8903927,-47.119025
1090,2290,GUILHERME MURARO DERRITE,162,PL,2022,-22.8903927,-47.119025
1090,22900,FLAVIO GONÇALVES DA COSTA,45,PL,2022,-22.8903927,-47.119025
1090,22922,VALERIA MULLER RAMOS BOLSONARO,746,PL,2022,-22.8903927,-47.119025
1090,23,Cidadania,45,,2022,-22.8903927,-47.119025
1090,2300,MARCO ANTONIO VILLA,91,CIDADANIA,2022,-22.8903927,-47.119025
1090,23000,RAFAEL FERNANDO ZIMBALDI,1227,CIDADANIA,2022,-22.8903927,-47.119025
1090,23456,ANTONIO DIRCEU DALBEN,199,CIDADANIA,2022,-22.8903927,-47.119025
1090,23888,LI LI MIN,110,CIDADANIA,2022,-22.8903927,-47.119025
1090,2822,ROGERIO STRACIALANO PARADA,30,PRTB,2022,-22.8903927,-47.119025
1090,28357,MARDQUEU SILVIO FRANCA FILHO,33,PRTB,2022,-22.8903927,-47.119025
1090,287,JANAINA CONCEIÇÃO PASCHOAL,526,PRTB,2022,-22.8903927,-47.119025
1090,30,Partido Novo,156,NOVO,2022,-22.8903927,-47.119025
1090,30,VINICIUS LAZZER POIT,366,NOVO,2022,-22.8903927,-47.119025
1090,300,RICARDO LUIS MELLÃO,288,NOVO,2022,-22.8903927,-47.119025
1090,3000,ALEXIS JOSEPH STEVERLYNCK FONTEYNE,105,NOVO,2022,-22.8903927,-47.119025
1090,3001,MARINA HELENA CUNHA PEREIRA SANTOS,36,NOVO,2022,-22.8903927,-47.119025
1090,30130,MARIA CRISTINA DE OLIVEIRA,72,NOVO,2022,-22.8903927,-47.119025
1090,3030,ADRIANA MIGUEL VENTURA,100,NOVO,2022,-22.8903927,-47.119025
1090,3055,FERNANDO HOLIDAY SILVA BISPO,38,NOVO,2022,-22.8903927,-47.119025
1090,30555,LUCAS PAVANATO DE OLIVEIRA,37,NOVO,2022,-22.8903927,-47.119025
1090,30600,LEONARDO DE SIQUEIRA LIMA,60,NOVO,2022,-22.8903927,-47.119025
1090,30730,HENRIQUE MAGALHÃES TEIXEIRA,135,NOVO,2022,-22.8903927,-47.119025
1090,35352,FERNANDO LUIS COUTINHO NEVES,48,PMB,2022,-22.8903927,-47.119025
1090,35555,DANILO RIDYER PALMA,61,PMB,2022,-22.8903927,-47.119025
1090,36190,ADRIANA SANCHES GALDEANO BORGO,69,AGIR,2022,-22.8903927,-47.119025
1090,40,Partido Socialista Brasileiro,156,,2022,-22.8903927,-47.119025
1090,400,MÁRCIO LUIZ FRANÇA GOMES,5203,PSB,2022,-22.8903927,-47.119025
1090,4000,JONAS DONIZETTE FERREIRA,1219,PSB,2022,-22.8903927,-47.119025
1090,40000,ANDRÉA WERNER SILVA BONOLI,107,PSB,2022,-22.8903927,-47.119025
1090,4004,AUGUSTO DE ARRUDA BOTELHO NETO,53,PSB,2022,-22.8903927,-47.119025
1090,40153,LUCAS DE OLIVEIRA CARDOSO,34,PSB,2022,-22.8903927,-47.119025
1090,4040,TABATA CLAUDIA AMARAL DE PONTES,295,PSB,2022,-22.8903927,-47.119025
1090,40400,RENATA FALZONI,46,PSB,2022,-22.8903927,-47.119025
1090,40456,PERMÍNIO MONTEIRO DA SILVA,684,PSB,2022,-22.8903927,-47.119025
1090,44,UNIÃO BRASIL,35,,2022,-22.8903927,-47.119025
1090,4400,ROSANGELA MARIA WOLFF DE QUADROS MORO,223,UNIÃO,2022,-22.8903927,-47.119025
1090,44007,FELIPE SOUZA MURAKAMI DE FRANCO,71,UNIÃO,2022,-22.8903927,-47.119025
1090,44008,CESAR ROCHA ANDRADE DA SILVA,51,UNIÃO,2022,-22.8903927,-47.119025
1090,44019,RODRIGO LUIS DE BARROS ALMEIDA,464,UNIÃO,2022,-22.8903927,-47.119025
1090,4407,FELIPE BECARI COMENALE,111,UNIÃO,2022,-22.8903927,-47.119025
1090,44077,RAFAEL SARAIVA GAIA,51,UNIÃO,2022,-22.8903927,-47.119025
1090,4411,DAVID BEZERRA RIBEIRO SOARES,42,UNIÃO,2022,-22.8903927,-47.119025
1090,44111,DANIEL BEZERRA RIBEIRO SOARES,42,UNIÃO,2022,-22.8903927,-47.119025
1090,44220,ANDRE CRISTHIANO CAYRES RIBEIRO,78,UNIÃO,2022,-22.8903927,-47.119025
1090,4425,ALEXANDRE LEITE DA SILVA,90,UNIÃO,2022,-22.8903927,-47.119025
1090,4433,KIM PATROCA KATAGUIRI,246,UNIÃO,2022,-22.8903927,-47.119025
1090,44333,AMANDA VETTORAZZO CARNEIRO,48,UNIÃO,2022,-22.8903927,-47.119025
1090,4434,DOUGLAS DE PAULO VIEGAS,54,UNIÃO,2022,-22.8903927,-47.119025
1090,44777,AUGUSTO ZACARIAS CORREA LEITE,128,UNIÃO,2022,-22.8903927,-47.119025
1090,4488,CRISTIANO MOREIRA PINTO BERALDO,45,UNIÃO,2022,-22.8903927,-47.119025
1090,44999,RENATO DE SOUZA BATTISTA,47,UNIÃO,2022,-22.8903927,-47.119025
1090,45,Partido da Social Democracia Brasileira,86,PSDB,2022,-22.8903927,-47.119025
1090,45,RODRIGO GARCIA,2421,PSDB,2022,-22.8903927,-47.119025
1090,4500,CARLOS HENRIQUE FOCESI SAMPAIO,696,PSDB,2022,-22.8903927,-47.119025
1090,45123,ROGERIO NOGUEIRA LOPES CRUZ,44,PSDB,2022,-22.8903927,-47.119025
1090,45200,CÉLIA CAMARGO LEÃO EDELMUTH,297,PSDB,2022,-22.8903927,-47.119025
1090,4545,JOSÉ SERRA,42,PSDB,2022,-22.8903927,-47.119025
1090,45678,LUIZ HENRIQUE CIRILO,164,PSDB,2022,-22.8903927,-47.119025
1090,50,Partido Socialismo e Liberdade,31,,2022,-22.8903927,-47.119025
1090,5000,SÂMIA DE SOUZA BOMFIM,275,PSOL,2022,-22.8903927,-47.119025
1090,50000,PAULA NUNES DOS SANTOS,137,PSOL,2022,-22.8903927,-47.119025
1090,5010,GUILHERME CASTRO BOULOS,584,PSOL,2022,-22.8903927,-47.119025
1090,50100,MARIANA CONTI TAKAHASHI,623,PSOL,2022,-22.8903927,-47.119025
1090,50110,EDIANE MARIA DO NASCIMENTO,90,PSOL,2022,-22.8903927,-47.119025
1090,5021,LUIZA ERUNDINA DE SOUSA,37,PSOL,2022,-22.8903927,-47.119025
1090,50456,ADRIANA SCANAVEZ DOS SANTOS,30,PSOL,2022,-22.8903927,-47.119025
1090,5050,IVAN VALENTE,36,PSOL,2022,-22.8903927,-47.119025
1090,50500,DÉBORA ALVES CAMILO,40,PSOL,2022,-22.8903927,-47.119025
1090,5070,ERIKA SANTOS SILVA,187,PSOL,2022,-22.8903927,-47.119025
1090,50777,PAULO ROBERTO BUFALO,121,PSOL,2022,-22.8903927,-47.119025
1090,50789,CARLOS ALBERTO GIANNASI,90,PSOL,2022,-22.8903927,-47.119025
1090,5088,SÔNIA BONE DE SOUSA SILVA SANTOS,122,PSOL,2022,-22.8903927,-47.119025
1090,50900,MÔNICA CRISTINA SEIXAS BONFIM,53,PSOL,2022,-22.8903927,-47.119025
1090,5101,TERESINHA DE CARVALHO,116,PATRIOTA,2022,-22.8903927,-47.119025
1090,5152,FELIPE AUGUSTO TEDESCHI LINTZ,32,PATRIOTA,2022,-22.8903927,-47.119025
1090,5515,SAULO PEDROSO DE SOUZA,38,PSD,2022,-22.8903927,-47.119025
1090,55190,SÉRGIO DE MOURA CAVALCANTI,40,PSD,2022,-22.8903927,-47.119025
1090,55400,MARTA MARIA FREIRE DA COSTA,202,PSD,2022,-22.8903927,-47.119025
1090,5553,ELIEL MIRANDA,49,PSD,2022,-22.8903927,-47.119025
1090,5555,GUILHERME CAMPOS JUNIOR,59,PSD,2022,-22.8903927,-47.119025
1090,55655,ARTUR CASSEB ORSI,501,PSD,2022,-22.8903927,-47.119025
1090,5577,ANTONIO CEZAR CORREIA FREIRE,73,PSD,2022,-22.8903927,-47.119025
1090,55777,OSEIAS SANTOS DA SILVA,69,PSD,2022,-22.8903927,-47.119025
1090,6500,ISADORA MARTINATTI PENNA,40,PC DO B,2022,-22.8903927,-47.119025
1090,65035,LECI BRANDÃO DA SILVA,59,PC DO B,2022,-22.8903927,-47.119025
1090,6565,ORLANDO SILVA DE JESUS JUNIOR,157,PC DO B,2022,-22.8903927,-47.119025
1090,65656,MARCIA REGINA QUINTANILHA,129,PC DO B,2022,-22.8903927,-47.119025
1090,77040,ADILSON DE SOUZA ROCHA,46,SOLIDARIEDADE,2022,-22.8903927,-47.119025
1090,7719,MARCELO HENRIQUE SILVA,35,SOLIDARIEDADE,2022,-22.8903927,-47.119025
1090,80,CAROLINA REJAILI VIGLIAR,86,UP,2022,-22.8903927,-47.119025
1090,800,VIVIAN MENDES DA SILVA,243,UP,2022,-22.8903927,-47.119025
1090,9000,PABLO HENRIQUE COSTA MARÇAL,212,PROS,2022,-22.8903927,-47.119025
1090,90000,NEZIO ANTONIO MONTEIRO FILHO,59,PROS,2022,-22.8903927,-47.119025
1090,9022,NISE HITOMI YAMAGUCHI,47,PROS,2022,-22.8903927,-47.119025
1090,95,VOTO BRANCO,5890,,2022,-22.8903927,-47.119025
1090,96,VOTO NULO,7803,,2022,-22.8903927,-47.119025
1104,10,REPUBLICANOS,55,REPUBLICANOS,2022,-22.9723233,-47.1402912
1104,10,TARCISIO GOMES DE FREITAS,16725,REPUBLICANOS,2022,-22.9723233,-47.1402912
1104,1000,CELSO UBIRAJARA RUSSOMANNO,192,REPUBLICANOS,2022,-22.9723233,-47.1402912
1104,10099,LEONICE ALVES DA PAZ,63,REPUBLICANOS,2022,-22.9723233,-47.1402912
1104,1010,MARCOS ANTONIO PEREIRA,86,REPUBLICANOS,2022,-22.9723233,-47.1402912
1104,10123,GILMACI DOS SANTOS BARBOSA,246,REPUBLICANOS,2022,-22.9723233,-47.1402912
1104,10200,HIGOR DIEGO RALLA,373,REPUBLICANOS,2022,-22.9723233,-47.1402912
1104,1023,HENRIQUE STEIN SCIASCIO,70,REPUBLICANOS,2022,-22.9723233,-47.1402912
1104,10550,TOME ABDUCH,265,REPUBLICANOS,2022,-22.9723233,-47.1402912
1104,1078,BENEDITO ROBERTO ALVES FERREIRA,239,REPUBLICANOS,2022,-22.9723233,-47.1402912
1104,1099,ROBERTO ALVES DE LUCENA,46,REPUBLICANOS,2022,-22.9723233,-47.1402912
1104,10999,RICARDO MOLINA DIAS,45,REPUBLICANOS,2022,-22.9723233,-47.1402912
1104,1100,MANOEL MAURICIO SILVA NEVES,61,PP,2022,-22.9723233,-47.1402912
1104,1111,BRUNO MARCELLO DE OLIVEIRA LIMA,313,PP,2022,-22.9723233,-47.1402912
1104,1112,ISRAEL NANTES SANTOS,103,PP,2022,-22.9723233,-47.1402912
1104,11190,RAFAEL HENRIQUE CANO TELHADA,39,PP,2022,-22.9723233,-47.1402912
1104,1122,CARLOS ALBERTO DA CUNHA,87,PP,2022,-22.9723233,-47.1402912
1104,11777,ANTONIO ASSUNÇÃO DE OLIM,87,PP,2022,-22.9723233,-47.1402912
1104,12,ELVIS LEONARDO CEZAR,149,PDT,2022,-22.9723233,-47.1402912
1104,12,Partido Democrático Trabalhista,52,PDT,2022,-22.9723233,-47.1402912
1104,1212,MARIA GIOVANA LUCHIARI PISONI DUARTE FORTUNATO,38,PDT,2022,-22.9723233,-47.1402912
1104,12200,WILSON KELLER DE MATOS,36,PDT,2022,-22.9723233,-47.1402912
1104,123,JOSÉ ALDO REBELO FIGUEIREDO,242,PDT,2022,-22.9723233,-47.1402912
1104,13,FERNANDO HADDAD,15640,PT,2022,-22.9723233,-47.1402912
1104,13,Partido dos Trabalhadores,713,PT,2022,-22.9723233,-47.1402912
1104,13016,THAINARA KAROLINE FARIA,42,PT,2022,-22.9723233,-47.1402912
1104,13110,TEONÍLIO MONTEIRO DA COSTA,48,PT,2022,-22.9723233,-47.1402912
1104,13120,CARLOS ROBERTO DE OLIVEIRA,84,PT,2022,-22.9723233,-47.1402912
1104,13121,ANA LUCIA LIPPAUS PERUGINI,189,PT,2022,-22.9723233,-47.1402912
1104,13123,MARIA IZABEL AZEVEDO NORONHA,92,PT,2022,-22.9723233,-47.1402912
1104,1313,RUI GOETHE DA COSTA FALCÃO,37,PT,2022,-22.9723233,-47.1402912
1104,13133,EDUARDO MATARAZZO SUPLICY,688,PT,2022,-22.9723233,-47.1402912
1104,1319,PEDRO TOURINHO DE SIQUEIRA,1379,PT,2022,-22.9723233,-47.1402912
1104,13199,PAOLLA CATHERINE DOS SANTOS MIGUEL AGARD,309,PT,2022,-22.9723233,-47.1402912
1104,1322,ARLINDO CHIGNALIA JUNIOR,32,PT,2022,-22.9723233,-47.1402912
1104,13300,WAGNER DE MELO ROMÃO,341,PT,2022,-22.9723233,-47.1402912
1104,13331,VERA LUCIA RODRIGUES DE FARIA,75,PT,2022,-22.9723233,-47.1402912
1104,1354,ALEXANDRE ROCHA SANTOS PADILHA,43,PT,2022,-22.9723233,-47.1402912
1104,13651,PAULO BATISTA DOS REIS,39,PT,2022,-22.9723233,-47.1402912
1104,13654,JANDYRA MASSUE UEHARA ALVES,35,PT,2022,-22.9723233,-47.1402912
1104,1366,MARIANA CERGOLI JANEIRO,72,PT,2022,-22.9723233,-47.1402912
1104,1370,CARLOS ALBERTO ROLIM ZARATTINI,75,PT,2022,-22.9723233,-47.1402912
1104,1375,DOUGLAS ELIAS BELCHIOR,31,PT,2022,-22.9723233,-47.1402912
1104,1380,JILMAR AUGUSTINHO TATTO,140,PT,2022,-22.9723233,-47.1402912
1104,13800,JORGE DO CARMO SILVA,72,PT,2022,-22.9723233,-47.1402912
1104,14038,PAULO HUGENNEYER KOGOS,33,PTB,2022,-22.9723233,-47.1402912
1104,1414,ADRILLES REIS JORGE,83,PTB,2022,-22.9723233,-47.1402912
1104,15,Movimento Democrático Brasileiro,78,,2022,-22.9723233,-47.1402912
1104,1500,MARIO PALUMBO JUNIOR,97,MDB,2022,-22.9723233,-47.1402912
1104,1532,LUIZ LAURO FERREIRA,52,MDB,2022,-22.9723233,-47.1402912
1104,1536,ENRICO VAN BLARCUM DE GRAAFF MISASI,55,MDB,2022,-22.9723233,-47.1402912
1104,15363,JOSÉ ROGERIO SOARES DOS SANTOS,57,MDB,2022,-22.9723233,-47.1402912
1104,155,EDSON APARECIDO DOS SANTOS,771,MDB,2022,-22.9723233,-47.1402912
1104,1580,FÁBIO EDUARDO DE OLIVEIRA TERUEL,100,MDB,2022,-22.9723233,-47.1402912
1104,1587,ARNALDO SALVETTI PALACIO JUNIOR,159,MDB,2022,-22.9723233,-47.1402912
1104,18000,MARINA MEDEIROS HELOU,119,REDE,2022,-22.9723233,-47.1402912
1104,1818,MARIA OSMARINA MARINA DA SILVA VAZ DE LIMA,349,REDE,2022,-22.9723233,-47.1402912
1104,1877,RICARDO MAGNUS OSÓRIO GALVÃO,187,REDE,2022,-22.9723233,-47.1402912
1104,1910,BRUNO AREVALO GANEM,91,PODE,2022,-22.9723233,-47.1402912
1104,19101,CLARICE CARASSOL AREVALO GANEM,75,PODE,2022,-22.9723233,-47.1402912
1104,1911,HENI OZI CUKIER,103,PODE,2022,-22.9723233,-47.1402912
1104,19111,GERSON DOS SANTOS PIRES,32,PODE,2022,-22.9723233,-47.1402912
1104,1919,RENATA HELLMEISTER DE ABREU MELO,67,PODE,2022,-22.9723233,-47.1402912
1104,19519,EDUARDO DOS REIS MAGOGA,347,PODE,2022,-22.9723233,-47.1402912
1104,20123,HELIO DONIZETE ZANATTA,40,PSC,2022,-22.9723233,-47.1402912
1104,2020,GILBERTO NASCIMENTO SILVA,61,PSC,2022,-22.9723233,-47.1402912
1104,20320,JOSÉ CARLOS FURIOSO,30,PSC,2022,-22.9723233,-47.1402912
1104,21,GABRIEL MAURILIO COLOMBO DE FREITAS,72,PCB,2022,-22.9723233,-47.1402912
1104,211,TITO FLAVIO BELLINI NOGUEIRA DE OLIVEIRA,91,PCB,2022,-22.9723233,-47.1402912
1104,22,Partido Liberal,506,,2022,-22.9723233,-47.1402912
1104,2200,JOSÉ AUGUSTO ROSA,73,PL,2022,-22.9723233,-47.1402912
1104,22000,DIMAS MECCA SAMPAIO,207,PL,2022,-22.9723233,-47.1402912
1104,22007,DANILO MASCARENHAS DE BALAS,31,PL,2022,-22.9723233,-47.1402912
1104,22012,JULIO CESAR PEREIRA DE SOUZA,44,PL,2022,-22.9723233,-47.1402912
1104,22051,FABIANA DE LIMA BARROSO,38,PL,2022,-22.9723233,-47.1402912
1104,2208,MARIO LUIS FRIAS,170,PL,2022,-22.9723233,-47.1402912
1104,2210,CARLA ZAMBELLI SALGADO DE OLIVEIRA,1096,PL,2022,-22.9723233,-47.1402912
1104,22100,BRUNO ZAMBELLI SALGADO,282,PL,2022,-22.9723233,-47.1402912
1104,22112,CARLOS CEZAR DA SILVA,134,PL,2022,-22.9723233,-47.1402912
1104,22120,GILDEVANIO ILSO DOS SANTOS DINIZ,210,PL,2022,-22.9723233,-47.1402912
1104,22138,ROBERVAL CONTE LOPES LIMA,122,PL,2022,-22.9723233,-47.1402912
1104,22180,RAQUEL KOBASHI GALLINATI LOMBARDI,54,PL,2022,-22.9723233,-47.1402912
1104,222,MARCOS CESAR PONTES,7584,PL,2022,-22.9723233,-47.1402912
1104,2222,EDUARDO NANTES BOLSONARO,799,PL,2022,-22.9723233,-47.1402912
1104,22222,MARCOS ROBERTO DAMASIO DA SILVA,90,PL,2022,-22.9723233,-47.1402912
1104,2223,FERNANDO PINHEIRO,44,PL,2022,-22.9723233,-47.1402912
1104,2230,MARCIO TADEU ANHAIA DE LEMOS,42,PL,2022,-22.9723233,-47.1402912
1104,2233,PAULO ROBERTO FREIRE DA COSTA,225,PL,2022,-22.9723233,-47.1402912
1104,22343,THIAGO REIS AURICCHIO,60,PL,2022,-22.9723233,-47.1402912
1104,2240,KATIA DA SILVA SASTRE,46,PL,2022,-22.9723233,-47.1402912
1104,22422,PAULO JORGE MANSUR NETO,184,PL,2022,-22.9723233,-47.1402912
1104,2243,LUIZ PHILIPPE DE ORLEANS E BRAGANÇA,125,PL,2022,-22.9723233,-47.1402912
1104,22444,MATHEUS COIMBRA MARTINS DE AGUIAR,91,PL,2022,-22.9723233,-47.1402912
1104,2247,PAULO FRANCISCO MUNIZ BILYNSKYJ,70,PL,2022,-22.9723233,-47.1402912
1104,2250,RICARDO DE AQUINO SALLES,681,PL,2022,-22.9723233,-47.1402912
1104,22500,LUCAS DIEZ BOVE,155,PL,2022,-22.9723233,-47.1402912
1104,2255,FRANCISCO EVERARDO TIRIRICA OLIVEIRA SILVA,39,PL,2022,-22.9723233,-47.1402912
1104,22553,THELMA ELAINE BRASILEIRO ROBERTI,32,PL,2022,-22.9723233,-47.1402912
1104,22555,FABIO ROGÉRIO CANDIDO,53,PL,2022,-22.9723233,-47.1402912
1104,2270,MARCO ANTONIO FELICIANO,113,PL,2022,-22.9723233,-47.1402912
1104,2274,JEFFERSON ALVES DE CAMPOS,105,PL,2022,-22.9723233,-47.1402912
1104,2276,MARSCHELO RODRIGO MARIN MECHE,99,PL,2022,-22.9723233,-47.1402912
1104,2290,GUILHERME MURARO DERRITE,119,PL,2022,-22.9723233,-47.1402912
1104,22900,FLAVIO GONÇALVES DA COSTA,34,PL,2022,-22.9723233,-47.1402912
1104,22922,VALERIA MULLER RAMOS BOLSONARO,547,PL,2022,-22.9723233,-47.1402912
1104,23,Cidadania,42,,2022,-22.9723233,-47.1402912
1104,2300,MARCO ANTONIO VILLA,163,CIDADANIA,2022,-22.9723233,-47.1402912
1104,23000,RAFAEL FERNANDO ZIMBALDI,907,CIDADANIA,2022,-22.9723233,-47.1402912
1104,23456,ANTONIO DIRCEU DALBEN,183,CIDADANIA,2022,-22.9723233,-47.1402912
1104,23888,LI LI MIN,139,CIDADANIA,2022,-22.9723233,-47.1402912
1104,28357,MARDQUEU SILVIO FRANCA FILHO,37,PRTB,2022,-22.9723233,-47.1402912
1104,287,JANAINA CONCEIÇÃO PASCHOAL,562,PRTB,2022,-22.9723233,-47.1402912
1104,30,Partido Novo,252,NOVO,2022,-22.9723233,-47.1402912
1104,30,VINICIUS LAZZER POIT,404,NOVO,2022,-22.9723233,-47.1402912
1104,300,RICARDO LUIS MELLÃO,467,NOVO,2022,-22.9723233,-47.1402912
1104,3000,ALEXIS JOSEPH STEVERLYNCK FONTEYNE,153,NOVO,2022,-22.9723233,-47.1402912
1104,3001,MARINA HELENA CUNHA PEREIRA SANTOS,62,NOVO,2022,-22.9723233,-47.1402912
1104,30130,MARIA CRISTINA DE OLIVEIRA,95,NOVO,2022,-22.9723233,-47.1402912
1104,30153,MIRIAM MARIA ANTUNES DE SOUZA,45,NOVO,2022,-22.9723233,-47.1402912
1104,3030,ADRIANA MIGUEL VENTURA,197,NOVO,2022,-22.9723233,-47.1402912
1104,3055,FERNANDO HOLIDAY SILVA BISPO,37,NOVO,2022,-22.9723233,-47.1402912
1104,30555,LUCAS PAVANATO DE OLIVEIRA,35,NOVO,2022,-22.9723233,-47.1402912
1104,30600,LEONARDO DE SIQUEIRA LIMA,108,NOVO,2022,-22.9723233,-47.1402912
1104,30730,HENRIQUE MAGALHÃES TEIXEIRA,223,NOVO,2022,-22.9723233,-47.1402912
1104,35352,FERNANDO LUIS COUTINHO NEVES,44,PMB,2022,-22.9723233,-47.1402912
1104,35555,DANILO RIDYER PALMA,39,PMB,2022,-22.9723233,-47.1402912
1104,36190,ADRIANA SANCHES GALDEANO BORGO,106,AGIR,2022,-22.9723233,-47.1402912
1104,40,Partido Socialista Brasileiro,137,,2022,-22.9723233,-47.1402912
1104,400,MÁRCIO LUIZ FRANÇA GOMES,6403,PSB,2022,-22.9723233,-47.1402912
1104,4000,JONAS DONIZETTE FERREIRA,940,PSB,2022,-22.9723233,-47.1402912
1104,40000,ANDRÉA WERNER SILVA BONOLI,139,PSB,2022,-22.9723233,-47.1402912
1104,4004,AUGUSTO DE ARRUDA BOTELHO NETO,60,PSB,2022,-22.9723233,-47.1402912
1104,4040,TABATA CLAUDIA AMARAL DE PONTES,429,PSB,2022,-22.9723233,-47.1402912
1104,40400,RENATA FALZONI,47,PSB,2022,-22.9723233,-47.1402912
1104,40456,PERMÍNIO MONTEIRO DA SILVA,540,PSB,2022,-22.9723233,-47.1402912
1104,44,UNIÃO BRASIL,34,,2022,-22.9723233,-47.1402912
1104,4400,ROSANGELA MARIA WOLFF DE QUADROS MORO,275,UNIÃO,2022,-22.9723233,-47.1402912
1104,44007,FELIPE SOUZA MURAKAMI DE FRANCO,49,UNIÃO,2022,-22.9723233,-47.1402912
1104,44019,RODRIGO LUIS DE BARROS ALMEIDA,319,UNIÃO,2022,-22.9723233,-47.1402912
1104,4407,FELIPE BECARI COMENALE,90,UNIÃO,2022,-22.9723233,-47.1402912
1104,44077,RAFAEL SARAIVA GAIA,47,UNIÃO,2022,-22.9723233,-47.1402912
1104,4411,DAVID BEZERRA RIBEIRO SOARES,45,UNIÃO,2022,-22.9723233,-47.1402912
1104,44111,DANIEL BEZERRA RIBEIRO SOARES,42,UNIÃO,2022,-22.9723233,-47.1402912
1104,44220,ANDRE CRISTHIANO CAYRES RIBEIRO,51,UNIÃO,2022,-22.9723233,-47.1402912
1104,4425,ALEXANDRE LEITE DA SILVA,82,UNIÃO,2022,-22.9723233,-47.1402912
1104,4433,KIM PATROCA KATAGUIRI,244,UNIÃO,2022,-22.9723233,-47.1402912
1104,44333,AMANDA VETTORAZZO CARNEIRO,49,UNIÃO,2022,-22.9723233,-47.1402912
1104,4434,DOUGLAS DE PAULO VIEGAS,60,UNIÃO,2022,-22.9723233,-47.1402912
1104,44777,AUGUSTO ZACARIAS CORREA LEITE,120,UNIÃO,2022,-22.9723233,-47.1402912
1104,4488,CRISTIANO MOREIRA PINTO BERALDO,32,UNIÃO,2022,-22.9723233,-47.1402912
1104,44999,RENATO DE SOUZA BATTISTA,39,UNIÃO,2022,-22.9723233,-47.1402912
1104,45,Partido da Social Democracia Brasileira,105,PSDB,2022,-22.9723233,-47.1402912
1104,45,RODRIGO GARCIA,2541,PSDB,2022,-22.9723233,-47.1402912
1104,4500,CARLOS HENRIQUE FOCESI SAMPAIO,571,PSDB,2022,-22.9723233,-47.1402912
1104,45123,ROGERIO NOGUEIRA LOPES CRUZ,32,PSDB,2022,-22.9723233,-47.1402912
1104,45200,CÉLIA CAMARGO LEÃO EDELMUTH,320,PSDB,2022,-22.9723233,-47.1402912
1104,4545,JOSÉ SERRA,73,PSDB,2022,-22.9723233,-47.1402912
1104,45678,LUIZ HENRIQUE CIRILO,137,PSDB,2022,-22.9723233,-47.1402912
1104,50,Partido Socialismo e Liberdade,98,,2022,-22.9723233,-47.1402912
1104,5000,SÂMIA DE SOUZA BOMFIM,398,PSOL,2022,-22.9723233,-47.1402912
1104,50000,PAULA NUNES DOS SANTOS,303,PSOL,2022,-22.9723233,-47.1402912
1104,50005,GUILHERME DA COSTA AGUIAR CORTEZ,34,PSOL,2022,-22.9723233,-47.1402912
1104,5010,GUILHERME CASTRO BOULOS,931,PSOL,2022,-22.9723233,-47.1402912
1104,50100,MARIANA CONTI TAKAHASHI,992,PSOL,2022,-22.9723233,-47.1402912
1104,50110,EDIANE MARIA DO NASCIMENTO,171,PSOL,2022,-22.9723233,-47.1402912
1104,5021,LUIZA ERUNDINA DE SOUSA,85,PSOL,2022,-22.9723233,-47.1402912
1104,5033,VLADIMIR PINHEIRO SAFATLE,44,PSOL,2022,-22.9723233,-47.1402912
1104,50456,ADRIANA SCANAVEZ DOS SANTOS,99,PSOL,2022,-22.9723233,-47.1402912
1104,5050,IVAN VALENTE,43,PSOL,2022,-22.9723233,-47.1402912
1104,50522,CHIRLEY MARIA DE SOUZA ALMEIDA SANTOS,58,PSOL,2022,-22.9723233,-47.1402912
1104,5070,ERIKA SANTOS SILVA,309,PSOL,2022,-22.9723233,-47.1402912
1104,50700,NEON DOS AFONSO CUNHA,33,PSOL,2022,-22.9723233,-47.1402912
1104,50777,PAULO ROBERTO BUFALO,134,PSOL,2022,-22.9723233,-47.1402912
1104,50789,CARLOS ALBERTO GIANNASI,132,PSOL,2022,-22.9723233,-47.1402912
1104,5088,SÔNIA BONE DE SOUSA SILVA SANTOS,364,PSOL,2022,-22.9723233,-47.1402912
1104,50900,MÔNICA CRISTINA SEIXAS BONFIM,75,PSOL,2022,-22.9723233,-47.1402912
1104,5101,TERESINHA DE CARVALHO,83,PATRIOTA,2022,-22.9723233,-47.1402912
1104,55400,MARTA MARIA FREIRE DA COSTA,170,PSD,2022,-22.9723233,-47.1402912
1104,5553,ELIEL MIRANDA,37,PSD,2022,-22.9723233,-47.1402912
1104,5555,GUILHERME CAMPOS JUNIOR,69,PSD,2022,-22.9723233,-47.1402912
1104,55655,ARTUR CASSEB ORSI,435,PSD,2022,-22.9723233,-47.1402912
1104,5577,ANTONIO CEZAR CORREIA FREIRE,34,PSD,2022,-22.9723233,-47.1402912
1104,55777,OSEIAS SANTOS DA SILVA,36,PSD,2022,-22.9723233,-47.1402912
1104,6500,ISADORA MARTINATTI PENNA,32,PC DO B,2022,-22.9723233,-47.1402912
1104,65035,LECI BRANDÃO DA SILVA,80,PC DO B,2022,-22.9723233,-47.1402912
1104,6565,ORLANDO SILVA DE JESUS JUNIOR,175,PC DO B,2022,-22.9723233,-47.1402912
1104,65656,MARCIA REGINA QUINTANILHA,147,PC DO B,2022,-22.9723233,-47.1402912
1104,77040,ADILSON DE SOUZA ROCHA,53,SOLIDARIEDADE,2022,-22.9723233,-47.1402912
1104,80,CAROLINA REJAILI VIGLIAR,89,UP,2022,-22.9723233,-47.1402912
1104,800,VIVIAN MENDES DA SILVA,318,UP,2022,-22.9723233,-47.1402912
1104,9000,PABLO HENRIQUE COSTA MARÇAL,176,PROS,2022,-22.9723233,-47.1402912
1104,90000,NEZIO ANTONIO MONTEIRO FILHO,69,PROS,2022,-22.9723233,-47.1402912
1104,9022,NISE HITOMI YAMAGUCHI,60,PROS,2022,-22.9723233,-47.1402912
1104,95,VOTO BRANCO,4904,,2022,-22.9723233,-47.1402912
1104,96,VOTO NULO,5985,,2022,-22.9723233,-47.1402912
1112,10,REPUBLICANOS,54,REPUBLICANOS,2022,-22.8942063,-47.1449666
1112,10,TARCISIO GOMES DE FREITAS,14234,REPUBLICANOS,2022,-22.8942063,-47.1449666
1112,1000,CELSO UBIRAJARA RUSSOMANNO,202,REPUBLICANOS,2022,-22.8942063,-47.1449666
1112,10000,JORGE WILSON GONÇALVES DE MATTOS,34,REPUBLICANOS,2022,-22.8942063,-47.1449666
1112,10099,LEONICE ALVES DA PAZ,46,REPUBLICANOS,2022,-22.8942063,-47.1449666
1112,1010,MARCOS ANTONIO PEREIRA,63,REPUBLICANOS,2022,-22.8942063,-47.1449666
1112,10123,GILMACI DOS SANTOS BARBOSA,281,REPUBLICANOS,2022,-22.8942063,-47.1449666
1112,10200,HIGOR DIEGO RALLA,258,REPUBLICANOS,2022,-22.8942063,-47.1449666
1112,10550,TOME ABDUCH,180,REPUBLICANOS,2022,-22.8942063,-47.1449666
1112,1078,BENEDITO ROBERTO ALVES FERREIRA,280,REPUBLICANOS,2022,-22.8942063,-47.1449666
1112,1099,ROBERTO ALVES DE LUCENA,34,REPUBLICANOS,2022,-22.8942063,-47.1449666
1112,1100,MANOEL MAURICIO SILVA NEVES,30,PP,2022,-22.8942063,-47.1449666
1112,1111,BRUNO MARCELLO DE OLIVEIRA LIMA,267,PP,2022,-22.8942063,-47.1449666
1112,1112,ISRAEL NANTES SANTOS,108,PP,2022,-22.8942063,-47.1449666
1112,11190,RAFAEL HENRIQUE CANO TELHADA,41,PP,2022,-22.8942063,-47.1449666
1112,1122,CARLOS ALBERTO DA CUNHA,83,PP,2022,-22.8942063,-47.1449666
1112,11777,ANTONIO ASSUNÇÃO DE OLIM,76,PP,2022,-22.8942063,-47.1449666
1112,12,ELVIS LEONARDO CEZAR,127,PDT,2022,-22.8942063,-47.1449666
1112,12,Partido Democrático Trabalhista,67,PDT,2022,-22.8942063,-47.1449666
1112,12200,WILSON KELLER DE MATOS,54,PDT,2022,-22.8942063,-47.1449666
1112,123,JOSÉ ALDO REBELO FIGUEIREDO,160,PDT,2022,-22.8942063,-47.1449666
1112,13,FERNANDO HADDAD,10013,PT,2022,-22.8942063,-47.1449666
1112,13,Partido dos Trabalhadores,678,PT,2022,-22.8942063,-47.1449666
1112,13016,THAINARA KAROLINE FARIA,39,PT,2022,-22.8942063,-47.1449666
1112,13112,EVELYN SILVA DO NASCIMENTO VICENTE DA SILVA,45,PT,2022,-22.8942063,-47.1449666
1112,13120,CARLOS ROBERTO DE OLIVEIRA,102,PT,2022,-22.8942063,-47.1449666
1112,13121,ANA LUCIA LIPPAUS PERUGINI,249,PT,2022,-22.8942063,-47.1449666
1112,13123,MARIA IZABEL AZEVEDO NORONHA,92,PT,2022,-22.8942063,-47.1449666
1112,1313,RUI GOETHE DA COSTA FALCÃO,68,PT,2022,-22.8942063,-47.1449666
1112,13133,EDUARDO MATARAZZO SUPLICY,437,PT,2022,-22.8942063,-47.1449666
1112,1319,PEDRO TOURINHO DE SIQUEIRA,968,PT,2022,-22.8942063,-47.1449666
1112,13199,PAOLLA CATHERINE DOS SANTOS MIGUEL AGARD,183,PT,2022,-22.8942063,-47.1449666
1112,1322,ARLINDO CHIGNALIA JUNIOR,31,PT,2022,-22.8942063,-47.1449666
1112,13300,WAGNER DE MELO ROMÃO,100,PT,2022,-22.8942063,-47.1449666
1112,13331,VERA LUCIA RODRIGUES DE FARIA,51,PT,2022,-22.8942063,-47.1449666
1112,13654,JANDYRA MASSUE UEHARA ALVES,37,PT,2022,-22.8942063,-47.1449666
1112,1366,MARIANA CERGOLI JANEIRO,64,PT,2022,-22.8942063,-47.1449666
1112,1370,CARLOS ALBERTO ROLIM ZARATTINI,64,PT,2022,-22.8942063,-47.1449666
1112,1380,JILMAR AUGUSTINHO TATTO,134,PT,2022,-22.8942063,-47.1449666
1112,13800,JORGE DO CARMO SILVA,50,PT,2022,-22.8942063,-47.1449666
1112,14038,PAULO HUGENNEYER KOGOS,34,PTB,2022,-22.8942063,-47.1449666
1112,1414,ADRILLES REIS JORGE,76,PTB,2022,-22.8942063,-47.1449666
1112,15,Movimento Democrático Brasileiro,59,,2022,-22.8942063,-47.1449666
1112,1500,MARIO PALUMBO JUNIOR,89,MDB,2022,-22.8942063,-47.1449666
1112,1532,LUIZ LAURO FERREIRA,57,MDB,2022,-22.8942063,-47.1449666
1112,155,EDSON APARECIDO DOS SANTOS,558,MDB,2022,-22.8942063,-47.1449666
1112,1580,FÁBIO EDUARDO DE OLIVEIRA TERUEL,75,MDB,2022,-22.8942063,-47.1449666
1112,1587,ARNALDO SALVETTI PALACIO JUNIOR,206,MDB,2022,-22.8942063,-47.1449666
1112,18000,MARINA MEDEIROS HELOU,31,REDE,2022,-22.8942063,-47.1449666
1112,1818,MARIA OSMARINA MARINA DA SILVA VAZ DE LIMA,153,REDE,2022,-22.8942063,-47.1449666
1112,1910,BRUNO AREVALO GANEM,94,PODE,2022,-22.8942063,-47.1449666
1112,19101,CLARICE CARASSOL AREVALO GANEM,68,PODE,2022,-22.8942063,-47.1449666
1112,1911,HENI OZI CUKIER,40,PODE,2022,-22.8942063,-47.1449666
1112,19519,EDUARDO DOS REIS MAGOGA,84,PODE,2022,-22.8942063,-47.1449666
1112,20123,HELIO DONIZETE ZANATTA,53,PSC,2022,-22.8942063,-47.1449666
1112,2020,GILBERTO NASCIMENTO SILVA,81,PSC,2022,-22.8942063,-47.1449666
1112,20320,JOSÉ CARLOS FURIOSO,45,PSC,2022,-22.8942063,-47.1449666
1112,21,GABRIEL MAURILIO COLOMBO DE FREITAS,33,PCB,2022,-22.8942063,-47.1449666
1112,211,TITO FLAVIO BELLINI NOGUEIRA DE OLIVEIRA,36,PCB,2022,-22.8942063,-47.1449666
1112,22,Partido Liberal,450,,2022,-22.8942063,-47.1449666
1112,2200,JOSÉ AUGUSTO ROSA,54,PL,2022,-22.8942063,-47.1449666
1112,22000,DIMAS MECCA SAMPAIO,155,PL,2022,-22.8942063,-47.1449666
1112,22007,DANILO MASCARENHAS DE BALAS,36,PL,2022,-22.8942063,-47.1449666
1112,2208,MARIO LUIS FRIAS,170,PL,2022,-22.8942063,-47.1449666
1112,2210,CARLA ZAMBELLI SALGADO DE OLIVEIRA,971,PL,2022,-22.8942063,-47.1449666
1112,22100,BRUNO ZAMBELLI SALGADO,242,PL,2022,-22.8942063,-47.1449666
1112,22112,CARLOS CEZAR DA SILVA,116,PL,2022,-22.8942063,-47.1449666
1112,22120,GILDEVANIO ILSO DOS SANTOS DINIZ,179,PL,2022,-22.8942063,-47.1449666
1112,22138,ROBERVAL CONTE LOPES LIMA,106,PL,2022,-22.8942063,-47.1449666
1112,22180,RAQUEL KOBASHI GALLINATI LOMBARDI,48,PL,2022,-22.8942063,-47.1449666
1112,222,MARCOS CESAR PONTES,6531,PL,2022,-22.8942063,-47.1449666
1112,2222,EDUARDO NANTES BOLSONARO,718,PL,2022,-22.8942063,-47.1449666
1112,22222,MARCOS ROBERTO DAMASIO DA SILVA,87,PL,2022,-22.8942063,-47.1449666
1112,2223,FERNANDO PINHEIRO,30,PL,2022,-22.8942063,-47.1449666
1112,2230,MARCIO TADEU ANHAIA DE LEMOS,32,PL,2022,-22.8942063,-47.1449666
1112,2233,PAULO ROBERTO FREIRE DA COSTA,306,PL,2022,-22.8942063,-47.1449666
1112,2234,LUIZ FELIPE DE ANDRADE FOLGOSI,30,PL,2022,-22.8942063,-47.1449666
1112,22343,THIAGO REIS AURICCHIO,38,PL,2022,-22.8942063,-47.1449666
1112,22422,PAULO JORGE MANSUR NETO,170,PL,2022,-22.8942063,-47.1449666
1112,2243,LUIZ PHILIPPE DE ORLEANS E BRAGANÇA,62,PL,2022,-22.8942063,-47.1449666
1112,22444,MATHEUS COIMBRA MARTINS DE AGUIAR,97,PL,2022,-22.8942063,-47.1449666
1112,2247,PAULO FRANCISCO MUNIZ BILYNSKYJ,56,PL,2022,-22.8942063,-47.1449666
1112,2250,RICARDO DE AQUINO SALLES,525,PL,2022,-22.8942063,-47.1449666
1112,22500,LUCAS DIEZ BOVE,103,PL,2022,-22.8942063,-47.1449666
1112,2255,FRANCISCO EVERARDO TIRIRICA OLIVEIRA SILVA,44,PL,2022,-22.8942063,-47.1449666
1112,22553,THELMA ELAINE BRASILEIRO ROBERTI,40,PL,2022,-22.8942063,-47.1449666
1112,22555,FABIO ROGÉRIO CANDIDO,35,PL,2022,-22.8942063,-47.1449666
1112,2270,MARCO ANTONIO FELICIANO,83,PL,2022,-22.8942063,-47.1449666
1112,2274,JEFFERSON ALVES DE CAMPOS,102,PL,2022,-22.8942063,-47.1449666
1112,2276,MARSCHELO RODRIGO MARIN MECHE,65,PL,2022,-22.8942063,-47.1449666
1112,2290,GUILHERME MURARO DERRITE,118,PL,2022,-22.8942063,-47.1449666
1112,22922,VALERIA MULLER RAMOS BOLSONARO,538,PL,2022,-22.8942063,-47.1449666
1112,2300,MARCO ANTONIO VILLA,77,CIDADANIA,2022,-22.8942063,-47.1449666
1112,23000,RAFAEL FERNANDO ZIMBALDI,900,CIDADANIA,2022,-22.8942063,-47.1449666
1112,23456,ANTONIO DIRCEU DALBEN,126,CIDADANIA,2022,-22.8942063,-47.1449666
1112,23888,LI LI MIN,39,CIDADANIA,2022,-22.8942063,-47.1449666
1112,287,JANAINA CONCEIÇÃO PASCHOAL,397,PRTB,2022,-22.8942063,-47.1449666
1112,30,Partido Novo,89,NOVO,2022,-22.8942063,-47.1449666
1112,30,VINICIUS LAZZER POIT,229,NOVO,2022,-22.8942063,-47.1449666
1112,300,RICARDO LUIS MELLÃO,195,NOVO,2022,-22.8942063,-47.1449666
1112,3000,ALEXIS JOSEPH STEVERLYNCK FONTEYNE,67,NOVO,2022,-22.8942063,-47.1449666
1112,30130,MARIA CRISTINA DE OLIVEIRA,47,NOVO,2022,-22.8942063,-47.1449666
1112,3030,ADRIANA MIGUEL VENTURA,86,NOVO,2022,-22.8942063,-47.1449666
1112,30600,LEONARDO DE SIQUEIRA LIMA,34,NOVO,2022,-22.8942063,-47.1449666
1112,30730,HENRIQUE MAGALHÃES TEIXEIRA,106,NOVO,2022,-22.8942063,-47.1449666
1112,35352,FERNANDO LUIS COUTINHO NEVES,45,PMB,2022,-22.8942063,-47.1449666
1112,35555,DANILO RIDYER PALMA,42,PMB,2022,-22.8942063,-47.1449666
1112,36190,ADRIANA SANCHES GALDEANO BORGO,64,AGIR,2022,-22.8942063,-47.1449666
1112,40,Partido Socialista Brasileiro,120,,2022,-22.8942063,-47.1449666
1112,400,MÁRCIO LUIZ FRANÇA GOMES,3887,PSB,2022,-22.8942063,-47.1449666
1112,4000,JONAS DONIZETTE FERREIRA,870,PSB,2022,-22.8942063,-47.1449666
1112,40000,ANDRÉA WERNER SILVA BONOLI,85,PSB,2022,-22.8942063,-47.1449666
1112,4040,TABATA CLAUDIA AMARAL DE PONTES,172,PSB,2022,-22.8942063,-47.1449666
1112,40456,PERMÍNIO MONTEIRO DA SILVA,263,PSB,2022,-22.8942063,-47.1449666
1112,43123,WILLDSON MENDES STAHN,31,PV,2022,-22.8942063,-47.1449666
1112,4400,ROSANGELA MARIA WOLFF DE QUADROS MORO,184,UNIÃO,2022,-22.8942063,-47.1449666
1112,44007,FELIPE SOUZA MURAKAMI DE FRANCO,49,UNIÃO,2022,-22.8942063,-47.1449666
1112,44019,RODRIGO LUIS DE BARROS ALMEIDA,343,UNIÃO,2022,-22.8942063,-47.1449666
1112,4407,FELIPE BECARI COMENALE,72,UNIÃO,2022,-22.8942063,-47.1449666
1112,44077,RAFAEL SARAIVA GAIA,32,UNIÃO,2022,-22.8942063,-47.1449666
1112,4411,DAVID BEZERRA RIBEIRO SOARES,33,UNIÃO,2022,-22.8942063,-47.1449666
1112,44220,ANDRE CRISTHIANO CAYRES RIBEIRO,42,UNIÃO,2022,-22.8942063,-47.1449666
1112,4425,ALEXANDRE LEITE DA SILVA,71,UNIÃO,2022,-22.8942063,-47.1449666
1112,4433,KIM PATROCA KATAGUIRI,163,UNIÃO,2022,-22.8942063,-47.1449666
1112,44333,AMANDA VETTORAZZO CARNEIRO,31,UNIÃO,2022,-22.8942063,-47.1449666
1112,4434,DOUGLAS DE PAULO VIEGAS,48,UNIÃO,2022,-22.8942063,-47.1449666
1112,44777,AUGUSTO ZACARIAS CORREA LEITE,79,UNIÃO,2022,-22.8942063,-47.1449666
1112,45,Partido da Social Democracia Brasileira,95,PSDB,2022,-22.8942063,-47.1449666
1112,45,RODRIGO GARCIA,1781,PSDB,2022,-22.8942063,-47.1449666
1112,4500,CARLOS HENRIQUE FOCESI SAMPAIO,391,PSDB,2022,-22.8942063,-47.1449666
1112,45200,CÉLIA CAMARGO LEÃO EDELMUTH,325,PSDB,2022,-22.8942063,-47.1449666
1112,4545,JOSÉ SERRA,35,PSDB,2022,-22.8942063,-47.1449666
1112,45678,LUIZ HENRIQUE CIRILO,114,PSDB,2022,-22.8942063,-47.1449666
1112,50,Partido Socialismo e Liberdade,37,,2022,-22.8942063,-47.1449666
1112,5000,SÂMIA DE SOUZA BOMFIM,178,PSOL,2022,-22.8942063,-47.1449666
1112,50000,PAULA NUNES DOS SANTOS,104,PSOL,2022,-22.8942063,-47.1449666
1112,5010,GUILHERME CASTRO BOULOS,472,PSOL,2022,-22.8942063,-47.1449666
1112,50100,MARIANA CONTI TAKAHASHI,380,PSOL,2022,-22.8942063,-47.1449666
1112,50110,EDIANE MARIA DO NASCIMENTO,73,PSOL,2022,-22.8942063,-47.1449666
1112,5021,LUIZA ERUNDINA DE SOUSA,31,PSOL,2022,-22.8942063,-47.1449666
1112,5050,IVAN VALENTE,33,PSOL,2022,-22.8942063,-47.1449666
1112,5070,ERIKA SANTOS SILVA,122,PSOL,2022,-22.8942063,-47.1449666
1112,50777,PAULO ROBERTO BUFALO,131,PSOL,2022,-22.8942063,-47.1449666
1112,50789,CARLOS ALBERTO GIANNASI,77,PSOL,2022,-22.8942063,-47.1449666
1112,5088,SÔNIA BONE DE SOUSA SILVA SANTOS,92,PSOL,2022,-22.8942063,-47.1449666
1112,50900,MÔNICA CRISTINA SEIXAS BONFIM,35,PSOL,2022,-22.8942063,-47.1449666
1112,5101,TERESINHA DE CARVALHO,72,PATRIOTA,2022,-22.8942063,-47.1449666
1112,5515,SAULO PEDROSO DE SOUZA,38,PSD,2022,-22.8942063,-47.1449666
1112,55400,MARTA MARIA FREIRE DA COSTA,245,PSD,2022,-22.8942063,-47.1449666
1112,5555,GUILHERME CAMPOS JUNIOR,56,PSD,2022,-22.8942063,-47.1449666
1112,55655,ARTUR CASSEB ORSI,370,PSD,2022,-22.8942063,-47.1449666
1112,65035,LECI BRANDÃO DA SILVA,47,PC DO B,2022,-22.8942063,-47.1449666
1112,6565,ORLANDO SILVA DE JESUS JUNIOR,119,PC DO B,2022,-22.8942063,-47.1449666
1112,65656,MARCIA REGINA QUINTANILHA,94,PC DO B,2022,-22.8942063,-47.1449666
1112,7719,MARCELO HENRIQUE SILVA,38,SOLIDARIEDADE,2022,-22.8942063,-47.1449666
1112,80,CAROLINA REJAILI VIGLIAR,50,UP,2022,-22.8942063,-47.1449666
1112,800,VIVIAN MENDES DA SILVA,153,UP,2022,-22.8942063,-47.1449666
1112,9000,PABLO HENRIQUE COSTA MARÇAL,174,PROS,2022,-22.8942063,-47.1449666
1112,90000,NEZIO ANTONIO MONTEIRO FILHO,65,PROS,2022,-22.8942063,-47.1449666
1112,9022,NISE HITOMI YAMAGUCHI,45,PROS,2022,-22.8942063,-47.1449666
1112,95,VOTO BRANCO,4370,,2022,-22.8942063,-47.1449666
1112,96,VOTO NULO,6044,,2022,-22.8942063,-47.1449666
1120,10,REPUBLICANOS,37,REPUBLICANOS,2022,-22.8886166,-47.1223218
1120,10,TARCISIO GOMES DE FREITAS,14957,REPUBLICANOS,2022,-22.8886166,-47.1223218
1120,1000,CELSO UBIRAJARA RUSSOMANNO,171,REPUBLICANOS,2022,-22.8886166,-47.1223218
1120,10000,JORGE WILSON GONÇALVES DE MATTOS,36,REPUBLICANOS,2022,-22.8886166,-47.1223218
1120,10099,LEONICE ALVES DA PAZ,37,REPUBLICANOS,2022,-22.8886166,-47.1223218
1120,1010,MARCOS ANTONIO PEREIRA,50,REPUBLICANOS,2022,-22.8886166,-47.1223218
1120,10123,GILMACI DOS SANTOS BARBOSA,188,REPUBLICANOS,2022,-22.8886166,-47.1223218
1120,10200,HIGOR DIEGO RALLA,181,REPUBLICANOS,2022,-22.8886166,-47.1223218
1120,10550,TOME ABDUCH,227,REPUBLICANOS,2022,-22.8886166,-47.1223218
1120,1078,BENEDITO ROBERTO ALVES FERREIRA,198,REPUBLICANOS,2022,-22.8886166,-47.1223218
1120,1111,BRUNO MARCELLO DE OLIVEIRA LIMA,323,PP,2022,-22.8886166,-47.1223218
1120,1112,ISRAEL NANTES SANTOS,116,PP,2022,-22.8886166,-47.1223218
1120,11190,RAFAEL HENRIQUE CANO TELHADA,56,PP,2022,-22.8886166,-47.1223218
1120,1122,CARLOS ALBERTO DA CUNHA,80,PP,2022,-22.8886166,-47.1223218
1120,11777,ANTONIO ASSUNÇÃO DE OLIM,89,PP,2022,-22.8886166,-47.1223218
1120,1190,PAULO ADRIANO LOPES LUCINDA TELHADA,33,PP,2022,-22.8886166,-47.1223218
1120,12,ELVIS LEONARDO CEZAR,101,PDT,2022,-22.8886166,-47.1223218
1120,12,Partido Democrático Trabalhista,60,PDT,2022,-22.8886166,-47.1223218
1120,12200,WILSON KELLER DE MATOS,54,PDT,2022,-22.8886166,-47.1223218
1120,123,JOSÉ ALDO REBELO FIGUEIREDO,135,PDT,2022,-22.8886166,-47.1223218
1120,13,FERNANDO HADDAD,10284,PT,2022,-22.8886166,-47.1223218
1120,13,Partido dos Trabalhadores,605,PT,2022,-22.8886166,-47.1223218
1120,13016,THAINARA KAROLINE FARIA,71,PT,2022,-22.8886166,-47.1223218
1120,13112,EVELYN SILVA DO NASCIMENTO VICENTE DA SILVA,50,PT,2022,-22.8886166,-47.1223218
1120,13120,CARLOS ROBERTO DE OLIVEIRA,86,PT,2022,-22.8886166,-47.1223218
1120,13121,ANA LUCIA LIPPAUS PERUGINI,127,PT,2022,-22.8886166,-47.1223218
1120,13123,MARIA IZABEL AZEVEDO NORONHA,60,PT,2022,-22.8886166,-47.1223218
1120,1313,RUI GOETHE DA COSTA FALCÃO,62,PT,2022,-22.8886166,-47.1223218
1120,13131,EMIDIO PEREIRA DE SOUZA,54,PT,2022,-22.8886166,-47.1223218
1120,13133,EDUARDO MATARAZZO SUPLICY,502,PT,2022,-22.8886166,-47.1223218
1120,1319,PEDRO TOURINHO DE SIQUEIRA,927,PT,2022,-22.8886166,-47.1223218
1120,13199,PAOLLA CATHERINE DOS SANTOS MIGUEL AGARD,204,PT,2022,-22.8886166,-47.1223218
1120,13300,WAGNER DE MELO ROMÃO,225,PT,2022,-22.8886166,-47.1223218
1120,13331,VERA LUCIA RODRIGUES DE FARIA,48,PT,2022,-22.8886166,-47.1223218
1120,1354,ALEXANDRE ROCHA SANTOS PADILHA,34,PT,2022,-22.8886166,-47.1223218
1120,1366,MARIANA CERGOLI JANEIRO,92,PT,2022,-22.8886166,-47.1223218
1120,1380,JILMAR AUGUSTINHO TATTO,123,PT,2022,-22.8886166,-47.1223218
1120,1390,VICENTE PAULO DA SILVA,44,PT,2022,-22.8886166,-47.1223218
1120,1414,ADRILLES REIS JORGE,79,PTB,2022,-22.8886166,-47.1223218
1120,15,Movimento Democrático Brasileiro,56,,2022,-22.8886166,-47.1223218
1120,1500,MARIO PALUMBO JUNIOR,77,MDB,2022,-22.8886166,-47.1223218
1120,15121,ANDRE CESAR COSTA,36,MDB,2022,-22.8886166,-47.1223218
1120,1515,LUIZ FELIPE BALEIA TENUTO ROSSI,30,MDB,2022,-22.8886166,-47.1223218
1120,1532,LUIZ LAURO FERREIRA,49,MDB,2022,-22.8886166,-47.1223218
1120,1536,ENRICO VAN BLARCUM DE GRAAFF MISASI,61,MDB,2022,-22.8886166,-47.1223218
1120,15363,JOSÉ ROGERIO SOARES DOS SANTOS,69,MDB,2022,-22.8886166,-47.1223218
1120,155,EDSON APARECIDO DOS SANTOS,597,MDB,2022,-22.8886166,-47.1223218
1120,1580,FÁBIO EDUARDO DE OLIVEIRA TERUEL,77,MDB,2022,-22.8886166,-47.1223218
1120,1587,ARNALDO SALVETTI PALACIO JUNIOR,171,MDB,2022,-22.8886166,-47.1223218
1120,1818,MARIA OSMARINA MARINA DA SILVA VAZ DE LIMA,183,REDE,2022,-22.8886166,-47.1223218
1120,1910,BRUNO AREVALO GANEM,103,PODE,2022,-22.8886166,-47.1223218
1120,19101,CLARICE CARASSOL AREVALO GANEM,90,PODE,2022,-22.8886166,-47.1223218
1120,1911,HENI OZI CUKIER,76,PODE,2022,-22.8886166,-47.1223218
1120,1919,RENATA HELLMEISTER DE ABREU MELO,30,PODE,2022,-22.8886166,-47.1223218
1120,19519,EDUARDO DOS REIS MAGOGA,89,PODE,2022,-22.8886166,-47.1223218
1120,20123,HELIO DONIZETE ZANATTA,70,PSC,2022,-22.8886166,-47.1223218
1120,2020,GILBERTO NASCIMENTO SILVA,111,PSC,2022,-22.8886166,-47.1223218
1120,20320,JOSÉ CARLOS FURIOSO,32,PSC,2022,-22.8886166,-47.1223218
1120,21,GABRIEL MAURILIO COLOMBO DE FREITAS,35,PCB,2022,-22.8886166,-47.1223218
1120,211,TITO FLAVIO BELLINI NOGUEIRA DE OLIVEIRA,54,PCB,2022,-22.8886166,-47.1223218
1120,22,Partido Liberal,421,,2022,-22.8886166,-47.1223218
1120,2200,JOSÉ AUGUSTO ROSA,88,PL,2022,-22.8886166,-47.1223218
1120,22000,DIMAS MECCA SAMPAIO,240,PL,2022,-22.8886166,-47.1223218
1120,22007,DANILO MASCARENHAS DE BALAS,31,PL,2022,-22.8886166,-47.1223218
1120,2208,MARIO LUIS FRIAS,214,PL,2022,-22.8886166,-47.1223218
1120,2210,CARLA ZAMBELLI SALGADO DE OLIVEIRA,1063,PL,2022,-22.8886166,-47.1223218
1120,22100,BRUNO ZAMBELLI SALGADO,263,PL,2022,-22.8886166,-47.1223218
1120,22112,CARLOS CEZAR DA SILVA,93,PL,2022,-22.8886166,-47.1223218
1120,22120,GILDEVANIO ILSO DOS SANTOS DINIZ,195,PL,2022,-22.8886166,-47.1223218
1120,22138,ROBERVAL CONTE LOPES LIMA,114,PL,2022,-22.8886166,-47.1223218
1120,22180,RAQUEL KOBASHI GALLINATI LOMBARDI,52,PL,2022,-22.8886166,-47.1223218
1120,222,MARCOS CESAR PONTES,6869,PL,2022,-22.8886166,-47.1223218
1120,2222,EDUARDO NANTES BOLSONARO,759,PL,2022,-22.8886166,-47.1223218
1120,22222,MARCOS ROBERTO DAMASIO DA SILVA,96,PL,2022,-22.8886166,-47.1223218
1120,2230,MARCIO TADEU ANHAIA DE LEMOS,36,PL,2022,-22.8886166,-47.1223218
1120,2233,PAULO ROBERTO FREIRE DA COSTA,216,PL,2022,-22.8886166,-47.1223218
1120,22343,THIAGO REIS AURICCHIO,35,PL,2022,-22.8886166,-47.1223218
1120,22422,PAULO JORGE MANSUR NETO,218,PL,2022,-22.8886166,-47.1223218
1120,2243,LUIZ PHILIPPE DE ORLEANS E BRAGANÇA,102,PL,2022,-22.8886166,-47.1223218
1120,2244,LUIZ CARLOS MOTTA,35,PL,2022,-22.8886166,-47.1223218
1120,22444,MATHEUS COIMBRA MARTINS DE AGUIAR,106,PL,2022,-22.8886166,-47.1223218
1120,2247,PAULO FRANCISCO MUNIZ BILYNSKYJ,68,PL,2022,-22.8886166,-47.1223218
1120,2250,RICARDO DE AQUINO SALLES,569,PL,2022,-22.8886166,-47.1223218
1120,22500,LUCAS DIEZ BOVE,128,PL,2022,-22.8886166,-47.1223218
1120,2251,ADILSON BARROSO OLIVEIRA,42,PL,2022,-22.8886166,-47.1223218
1120,2255,FRANCISCO EVERARDO TIRIRICA OLIVEIRA SILVA,48,PL,2022,-22.8886166,-47.1223218
1120,22555,FABIO ROGÉRIO CANDIDO,44,PL,2022,-22.8886166,-47.1223218
1120,2270,MARCO ANTONIO FELICIANO,78,PL,2022,-22.8886166,-47.1223218
1120,2274,JEFFERSON ALVES DE CAMPOS,88,PL,2022,-22.8886166,-47.1223218
1120,2276,MARSCHELO RODRIGO MARIN MECHE,32,PL,2022,-22.8886166,-47.1223218
1120,2290,GUILHERME MURARO DERRITE,121,PL,2022,-22.8886166,-47.1223218
1120,22922,VALERIA MULLER RAMOS BOLSONARO,578,PL,2022,-22.8886166,-47.1223218
1120,2300,MARCO ANTONIO VILLA,89,CIDADANIA,2022,-22.8886166,-47.1223218
1120,23000,RAFAEL FERNANDO ZIMBALDI,698,CIDADANIA,2022,-22.8886166,-47.1223218
1120,23456,ANTONIO DIRCEU DALBEN,131,CIDADANIA,2022,-22.8886166,-47.1223218
1120,23888,LI LI MIN,51,CIDADANIA,2022,-22.8886166,-47.1223218
1120,2822,ROGERIO STRACIALANO PARADA,49,PRTB,2022,-22.8886166,-47.1223218
1120,28357,MARDQUEU SILVIO FRANCA FILHO,38,PRTB,2022,-22.8886166,-47.1223218
1120,287,JANAINA CONCEIÇÃO PASCHOAL,486,PRTB,2022,-22.8886166,-47.1223218
1120,30,Partido Novo,163,NOVO,2022,-22.8886166,-47.1223218
1120,30,VINICIUS LAZZER POIT,319,NOVO,2022,-22.8886166,-47.1223218
1120,300,RICARDO LUIS MELLÃO,311,NOVO,2022,-22.8886166,-47.1223218
1120,3000,ALEXIS JOSEPH STEVERLYNCK FONTEYNE,107,NOVO,2022,-22.8886166,-47.1223218
1120,30130,MARIA CRISTINA DE OLIVEIRA,54,NOVO,2022,-22.8886166,-47.1223218
1120,30153,MIRIAM MARIA ANTUNES DE SOUZA,31,NOVO,2022,-22.8886166,-47.1223218
1120,3030,ADRIANA MIGUEL VENTURA,99,NOVO,2022,-22.8886166,-47.1223218
1120,30600,LEONARDO DE SIQUEIRA LIMA,49,NOVO,2022,-22.8886166,-47.1223218
1120,30730,HENRIQUE MAGALHÃES TEIXEIRA,156,NOVO,2022,-22.8886166,-47.1223218
1120,35352,FERNANDO LUIS COUTINHO NEVES,51,PMB,2022,-22.8886166,-47.1223218
1120,35555,DANILO RIDYER PALMA,86,PMB,2022,-22.8886166,-47.1223218
1120,36190,ADRIANA SANCHES GALDEANO BORGO,52,AGIR,2022,-22.8886166,-47.1223218
1120,40,Partido Socialista Brasileiro,91,,2022,-22.8886166,-47.1223218
1120,400,MÁRCIO LUIZ FRANÇA GOMES,4100,PSB,2022,-22.8886166,-47.1223218
1120,4000,JONAS DONIZETTE FERREIRA,841,PSB,2022,-22.8886166,-47.1223218
1120,40000,ANDRÉA WERNER SILVA BONOLI,114,PSB,2022,-22.8886166,-47.1223218
1120,4040,TABATA CLAUDIA AMARAL DE PONTES,216,PSB,2022,-22.8886166,-47.1223218
1120,40456,PERMÍNIO MONTEIRO DA SILVA,286,PSB,2022,-22.8886166,-47.1223218
1120,4400,ROSANGELA MARIA WOLFF DE QUADROS MORO,203,UNIÃO,2022,-22.8886166,-47.1223218
1120,44007,FELIPE SOUZA MURAKAMI DE FRANCO,53,UNIÃO,2022,-22.8886166,-47.1223218
1120,44008,CESAR ROCHA ANDRADE DA SILVA,43,UNIÃO,2022,-22.8886166,-47.1223218
1120,44019,RODRIGO LUIS DE BARROS ALMEIDA,131,UNIÃO,2022,-22.8886166,-47.1223218
1120,4407,FELIPE BECARI COMENALE,77,UNIÃO,2022,-22.8886166,-47.1223218
1120,44077,RAFAEL SARAIVA GAIA,43,UNIÃO,2022,-22.8886166,-47.1223218
1120,44220,ANDRE CRISTHIANO CAYRES RIBEIRO,62,UNIÃO,2022,-22.8886166,-47.1223218
1120,4425,ALEXANDRE LEITE DA SILVA,33,UNIÃO,2022,-22.8886166,-47.1223218
1120,4433,KIM PATROCA KATAGUIRI,206,UNIÃO,2022,-22.8886166,-47.1223218
1120,44333,AMANDA VETTORAZZO CARNEIRO,52,UNIÃO,2022,-22.8886166,-47.1223218
1120,4434,DOUGLAS DE PAULO VIEGAS,50,UNIÃO,2022,-22.8886166,-47.1223218
1120,44777,AUGUSTO ZACARIAS CORREA LEITE,109,UNIÃO,2022,-22.8886166,-47.1223218
1120,4488,CRISTIANO MOREIRA PINTO BERALDO,37,UNIÃO,2022,-22.8886166,-47.1223218
1120,44999,RENATO DE SOUZA BATTISTA,42,UNIÃO,2022,-22.8886166,-47.1223218
1120,45,Partido da Social Democracia Brasileira,69,PSDB,2022,-22.8886166,-47.1223218
1120,45,RODRIGO GARCIA,1952,PSDB,2022,-22.8886166,-47.1223218
1120,4500,CARLOS HENRIQUE FOCESI SAMPAIO,466,PSDB,2022,-22.8886166,-47.1223218
1120,45123,ROGERIO NOGUEIRA LOPES CRUZ,39,PSDB,2022,-22.8886166,-47.1223218
1120,45200,CÉLIA CAMARGO LEÃO EDELMUTH,330,PSDB,2022,-22.8886166,-47.1223218
1120,4545,JOSÉ SERRA,33,PSDB,2022,-22.8886166,-47.1223218
1120,45678,LUIZ HENRIQUE CIRILO,188,PSDB,2022,-22.8886166,-47.1223218
1120,50,Partido Socialismo e Liberdade,50,,2022,-22.8886166,-47.1223218
1120,5000,SÂMIA DE SOUZA BOMFIM,208,PSOL,2022,-22.8886166,-47.1223218
1120,50000,PAULA NUNES DOS SANTOS,125,PSOL,2022,-22.8886166,-47.1223218
1120,5010,GUILHERME CASTRO BOULOS,559,PSOL,2022,-22.8886166,-47.1223218
1120,50100,MARIANA CONTI TAKAHASHI,534,PSOL,2022,-22.8886166,-47.1223218
1120,50110,EDIANE MARIA DO NASCIMENTO,87,PSOL,2022,-22.8886166,-47.1223218
1120,5021,LUIZA ERUNDINA DE SOUSA,53,PSOL,2022,-22.8886166,-47.1223218
1120,5050,IVAN VALENTE,53,PSOL,2022,-22.8886166,-47.1223218
1120,5070,ERIKA SANTOS SILVA,187,PSOL,2022,-22.8886166,-47.1223218
1120,50777,PAULO ROBERTO BUFALO,170,PSOL,2022,-22.8886166,-47.1223218
1120,50789,CARLOS ALBERTO GIANNASI,119,PSOL,2022,-22.8886166,-47.1223218
1120,5088,SÔNIA BONE DE SOUSA SILVA SANTOS,121,PSOL,2022,-22.8886166,-47.1223218
1120,50900,MÔNICA CRISTINA SEIXAS BONFIM,45,PSOL,2022,-22.8886166,-47.1223218
1120,5101,TERESINHA DE CARVALHO,76,PATRIOTA,2022,-22.8886166,-47.1223218
1120,55400,MARTA MARIA FREIRE DA COSTA,159,PSD,2022,-22.8886166,-47.1223218
1120,5555,GUILHERME CAMPOS JUNIOR,55,PSD,2022,-22.8886166,-47.1223218
1120,55655,ARTUR CASSEB ORSI,570,PSD,2022,-22.8886166,-47.1223218
1120,5588,VINICIUS MARCHESE MARINELLI,30,PSD,2022,-22.8886166,-47.1223218
1120,65035,LECI BRANDÃO DA SILVA,44,PC DO B,2022,-22.8886166,-47.1223218
1120,6565,ORLANDO SILVA DE JESUS JUNIOR,67,PC DO B,2022,-22.8886166,-47.1223218
1120,65656,MARCIA REGINA QUINTANILHA,45,PC DO B,2022,-22.8886166,-47.1223218
1120,77040,ADILSON DE SOUZA ROCHA,38,SOLIDARIEDADE,2022,-22.8886166,-47.1223218
1120,80,CAROLINA REJAILI VIGLIAR,61,UP,2022,-22.8886166,-47.1223218
1120,800,VIVIAN MENDES DA SILVA,207,UP,2022,-22.8886166,-47.1223218
1120,9000,PABLO HENRIQUE COSTA MARÇAL,166,PROS,2022,-22.8886166,-47.1223218
1120,90000,NEZIO ANTONIO MONTEIRO FILHO,59,PROS,2022,-22.8886166,-47.1223218
1120,9022,NISE HITOMI YAMAGUCHI,44,PROS,2022,-22.8886166,-47.1223218
1120,95,VOTO BRANCO,4074,,2022,-22.8886166,-47.1223218
1120,96,VOTO NULO,5317,,2022,-22.8886166,-47.1223218
1139,10,REPUBLICANOS,63,REPUBLICANOS,2022,-22.8841325,-46.9760309
1139,10,TARCISIO GOMES DE FREITAS,21023,REPUBLICANOS,2022,-22.8841325,-46.9760309
1139,1000,CELSO UBIRAJARA RUSSOMANNO,249,REPUBLICANOS,2022,-22.8841325,-46.9760309
1139,10000,JORGE WILSON GONÇALVES DE MATTOS,48,REPUBLICANOS,2022,-22.8841325,-46.9760309
1139,10099,LEONICE ALVES DA PAZ,77,REPUBLICANOS,2022,-22.8841325,-46.9760309
1139,1010,MARCOS ANTONIO PEREIRA,79,REPUBLICANOS,2022,-22.8841325,-46.9760309
1139,10123,GILMACI DOS SANTOS BARBOSA,326,REPUBLICANOS,2022,-22.8841325,-46.9760309
1139,10200,HIGOR DIEGO RALLA,266,REPUBLICANOS,2022,-22.8841325,-46.9760309
1139,1022,MARIA DO PARTO MENDES ROSAS,43,REPUBLICANOS,2022,-22.8841325,-46.9760309
1139,10222,ÉLITON SOUSA LEITE,65,REPUBLICANOS,2022,-22.8841325,-46.9760309
1139,1023,HENRIQUE STEIN SCIASCIO,30,REPUBLICANOS,2022,-22.8841325,-46.9760309
1139,10550,TOME ABDUCH,335,REPUBLICANOS,2022,-22.8841325,-46.9760309
1139,10777,MANOEL BARBOSA DO NASCIMENTO,36,REPUBLICANOS,2022,-22.8841325,-46.9760309
1139,1078,BENEDITO ROBERTO ALVES FERREIRA,338,REPUBLICANOS,2022,-22.8841325,-46.9760309
1139,1099,ROBERTO ALVES DE LUCENA,57,REPUBLICANOS,2022,-22.8841325,-46.9760309
1139,1100,MANOEL MAURICIO SILVA NEVES,34,PP,2022,-22.8841325,-46.9760309
1139,1111,BRUNO MARCELLO DE OLIVEIRA LIMA,375,PP,2022,-22.8841325,-46.9760309
1139,1112,ISRAEL NANTES SANTOS,155,PP,2022,-22.8841325,-46.9760309
1139,11190,RAFAEL HENRIQUE CANO TELHADA,59,PP,2022,-22.8841325,-46.9760309
1139,1122,CARLOS ALBERTO DA CUNHA,154,PP,2022,-22.8841325,-46.9760309
1139,11777,ANTONIO ASSUNÇÃO DE OLIM,106,PP,2022,-22.8841325,-46.9760309
1139,12,ELVIS LEONARDO CEZAR,180,PDT,2022,-22.8841325,-46.9760309
1139,12,Partido Democrático Trabalhista,79,PDT,2022,-22.8841325,-46.9760309
1139,1212,MARIA GIOVANA LUCHIARI PISONI DUARTE FORTUNATO,65,PDT,2022,-22.8841325,-46.9760309
1139,12200,WILSON KELLER DE MATOS,118,PDT,2022,-22.8841325,-46.9760309
1139,123,JOSÉ ALDO REBELO FIGUEIREDO,252,PDT,2022,-22.8841325,-46.9760309
1139,13,FERNANDO HADDAD,16588,PT,2022,-22.8841325,-46.9760309
1139,13,Partido dos Trabalhadores,911,PT,2022,-22.8841325,-46.9760309
1139,1300,POLLYANNA DO VALLE ATAGIBA,33,PT,2022,-22.8841325,-46.9760309
1139,13016,THAINARA KAROLINE FARIA,199,PT,2022,-22.8841325,-46.9760309
1139,13066,ADÉLIA OLIVEIRA DE FARIAS,30,PT,2022,-22.8841325,-46.9760309
1139,13112,EVELYN SILVA DO NASCIMENTO VICENTE DA SILVA,109,PT,2022,-22.8841325,-46.9760309
1139,13120,CARLOS ROBERTO DE OLIVEIRA,198,PT,2022,-22.8841325,-46.9760309
1139,13121,ANA LUCIA LIPPAUS PERUGINI,210,PT,2022,-22.8841325,-46.9760309
1139,13123,MARIA IZABEL AZEVEDO NORONHA,122,PT,2022,-22.8841325,-46.9760309
1139,1313,RUI GOETHE DA COSTA FALCÃO,75,PT,2022,-22.8841325,-46.9760309
1139,13131,EMIDIO PEREIRA DE SOUZA,50,PT,2022,-22.8841325,-46.9760309
1139,13133,EDUARDO MATARAZZO SUPLICY,686,PT,2022,-22.8841325,-46.9760309
1139,1319,PEDRO TOURINHO DE SIQUEIRA,1667,PT,2022,-22.8841325,-46.9760309
1139,13199,PAOLLA CATHERINE DOS SANTOS MIGUEL AGARD,372,PT,2022,-22.8841325,-46.9760309
1139,13290,LEANDRO CÂNDIDO SOARES,52,PT,2022,-22.8841325,-46.9760309
1139,13300,WAGNER DE MELO ROMÃO,322,PT,2022,-22.8841325,-46.9760309
1139,13331,VERA LUCIA RODRIGUES DE FARIA,80,PT,2022,-22.8841325,-46.9760309
1139,1354,ALEXANDRE ROCHA SANTOS PADILHA,55,PT,2022,-22.8841325,-46.9760309
1139,13654,JANDYRA MASSUE UEHARA ALVES,51,PT,2022,-22.8841325,-46.9760309
1139,1366,MARIANA CERGOLI JANEIRO,205,PT,2022,-22.8841325,-46.9760309
1139,1370,CARLOS ALBERTO ROLIM ZARATTINI,35,PT,2022,-22.8841325,-46.9760309
1139,1375,DOUGLAS ELIAS BELCHIOR,33,PT,2022,-22.8841325,-46.9760309
1139,1380,JILMAR AUGUSTINHO TATTO,285,PT,2022,-22.8841325,-46.9760309
1139,13800,JORGE DO CARMO SILVA,35,PT,2022,-22.8841325,-46.9760309
1139,1390,VICENTE PAULO DA SILVA,36,PT,2022,-22.8841325,-46.9760309
1139,14038,PAULO HUGENNEYER KOGOS,36,PTB,2022,-22.8841325,-46.9760309
1139,1414,ADRILLES REIS JORGE,91,PTB,2022,-22.8841325,-46.9760309
1139,15,Movimento Democrático Brasileiro,79,,2022,-22.8841325,-46.9760309
1139,1500,MARIO PALUMBO JUNIOR,99,MDB,2022,-22.8841325,-46.9760309
1139,15121,ANDRE CESAR COSTA,40,MDB,2022,-22.8841325,-46.9760309
1139,1515,LUIZ FELIPE BALEIA TENUTO ROSSI,31,MDB,2022,-22.8841325,-46.9760309
1139,1532,LUIZ LAURO FERREIRA,62,MDB,2022,-22.8841325,-46.9760309
1139,1536,ENRICO VAN BLARCUM DE GRAAFF MISASI,102,MDB,2022,-22.8841325,-46.9760309
1139,15363,JOSÉ ROGERIO SOARES DOS SANTOS,118,MDB,2022,-22.8841325,-46.9760309
1139,155,EDSON APARECIDO DOS SANTOS,763,MDB,2022,-22.8841325,-46.9760309
1139,1580,FÁBIO EDUARDO DE OLIVEIRA TERUEL,101,MDB,2022,-22.8841325,-46.9760309
1139,1587,ARNALDO SALVETTI PALACIO JUNIOR,296,MDB,2022,-22.8841325,-46.9760309
1139,18000,MARINA MEDEIROS HELOU,59,REDE,2022,-22.8841325,-46.9760309
1139,1818,MARIA OSMARINA MARINA DA SILVA VAZ DE LIMA,314,REDE,2022,-22.8841325,-46.9760309
1139,1877,RICARDO MAGNUS OSÓRIO GALVÃO,75,REDE,2022,-22.8841325,-46.9760309
1139,1910,BRUNO AREVALO GANEM,132,PODE,2022,-22.8841325,-46.9760309
1139,19101,CLARICE CARASSOL AREVALO GANEM,101,PODE,2022,-22.8841325,-46.9760309
1139,1911,HENI OZI CUKIER,99,PODE,2022,-22.8841325,-46.9760309
1139,19519,EDUARDO DOS REIS MAGOGA,90,PODE,2022,-22.8841325,-46.9760309
1139,20123,HELIO DONIZETE ZANATTA,177,PSC,2022,-22.8841325,-46.9760309
1139,20190,LUIZ PAULO MADALHANO MAGALHÃES,55,PSC,2022,-22.8841325,-46.9760309
1139,2020,GILBERTO NASCIMENTO SILVA,267,PSC,2022,-22.8841325,-46.9760309
1139,20320,JOSÉ CARLOS FURIOSO,77,PSC,2022,-22.8841325,-46.9760309
1139,20900,PAULO SERGIO GALTERIO,57,PSC,2022,-22.8841325,-46.9760309
1139,21,GABRIEL MAURILIO COLOMBO DE FREITAS,58,PCB,2022,-22.8841325,-46.9760309
1139,211,TITO FLAVIO BELLINI NOGUEIRA DE OLIVEIRA,82,PCB,2022,-22.8841325,-46.9760309
1139,22,Partido Liberal,594,,2022,-22.8841325,-46.9760309
1139,2200,JOSÉ AUGUSTO ROSA,84,PL,2022,-22.8841325,-46.9760309
1139,22000,DIMAS MECCA SAMPAIO,231,PL,2022,-22.8841325,-46.9760309
1139,22007,DANILO MASCARENHAS DE BALAS,51,PL,2022,-22.8841325,-46.9760309
1139,22008,FELIPE CARMONA CANTERA,30,PL,2022,-22.8841325,-46.9760309
1139,22051,FABIANA DE LIMA BARROSO,44,PL,2022,-22.8841325,-46.9760309
1139,2208,MARIO LUIS FRIAS,254,PL,2022,-22.8841325,-46.9760309
1139,2210,CARLA ZAMBELLI SALGADO DE OLIVEIRA,1303,PL,2022,-22.8841325,-46.9760309
1139,22100,BRUNO ZAMBELLI SALGADO,371,PL,2022,-22.8841325,-46.9760309
1139,22112,CARLOS CEZAR DA SILVA,185,PL,2022,-22.8841325,-46.9760309
1139,22120,GILDEVANIO ILSO DOS SANTOS DINIZ,236,PL,2022,-22.8841325,-46.9760309
1139,22138,ROBERVAL CONTE LOPES LIMA,155,PL,2022,-22.8841325,-46.9760309
1139,22180,RAQUEL KOBASHI GALLINATI LOMBARDI,62,PL,2022,-22.8841325,-46.9760309
1139,222,MARCOS CESAR PONTES,9570,PL,2022,-22.8841325,-46.9760309
1139,2222,EDUARDO NANTES BOLSONARO,1013,PL,2022,-22.8841325,-46.9760309
1139,22221,SERGIO MATHEUS SANTOS GARCEZ,32,PL,2022,-22.8841325,-46.9760309
1139,22222,MARCOS ROBERTO DAMASIO DA SILVA,129,PL,2022,-22.8841325,-46.9760309
1139,2226,FERNANDO LISBOA DA CONCEIÇÃO,38,PL,2022,-22.8841325,-46.9760309
1139,22288,OSCAR CASTELO BRANCO DE LUCA,33,PL,2022,-22.8841325,-46.9760309
1139,2233,PAULO ROBERTO FREIRE DA COSTA,440,PL,2022,-22.8841325,-46.9760309
1139,2234,LUIZ FELIPE DE ANDRADE FOLGOSI,32,PL,2022,-22.8841325,-46.9760309
1139,22343,THIAGO REIS AURICCHIO,52,PL,2022,-22.8841325,-46.9760309
1139,2240,KATIA DA SILVA SASTRE,42,PL,2022,-22.8841325,-46.9760309
1139,2241,JOSÉ OLIMPIO SILVEIRA MORAES,53,PL,2022,-22.8841325,-46.9760309
1139,22422,PAULO JORGE MANSUR NETO,244,PL,2022,-22.8841325,-46.9760309
1139,2243,LUIZ PHILIPPE DE ORLEANS E BRAGANÇA,130,PL,2022,-22.8841325,-46.9760309
1139,22444,MATHEUS COIMBRA MARTINS DE AGUIAR,123,PL,2022,-22.8841325,-46.9760309
1139,2247,PAULO FRANCISCO MUNIZ BILYNSKYJ,79,PL,2022,-22.8841325,-46.9760309
1139,2250,RICARDO DE AQUINO SALLES,876,PL,2022,-22.8841325,-46.9760309
1139,22500,LUCAS DIEZ BOVE,179,PL,2022,-22.8841325,-46.9760309
1139,2251,ADILSON BARROSO OLIVEIRA,90,PL,2022,-22.8841325,-46.9760309
1139,22541,RODRIGO AUGUSTO MORAES,38,PL,2022,-22.8841325,-46.9760309
1139,2255,FRANCISCO EVERARDO TIRIRICA OLIVEIRA SILVA,72,PL,2022,-22.8841325,-46.9760309
1139,22553,THELMA ELAINE BRASILEIRO ROBERTI,53,PL,2022,-22.8841325,-46.9760309
1139,22555,FABIO ROGÉRIO CANDIDO,52,PL,2022,-22.8841325,-46.9760309
1139,2270,MARCO ANTONIO FELICIANO,125,PL,2022,-22.8841325,-46.9760309
1139,2274,JEFFERSON ALVES DE CAMPOS,149,PL,2022,-22.8841325,-46.9760309
1139,2276,MARSCHELO RODRIGO MARIN MECHE,37,PL,2022,-22.8841325,-46.9760309
1139,2290,GUILHERME MURARO DERRITE,156,PL,2022,-22.8841325,-46.9760309
1139,22900,FLAVIO GONÇALVES DA COSTA,34,PL,2022,-22.8841325,-46.9760309
1139,2292,DIOGO PEREIRA FORJAZ,30,PL,2022,-22.8841325,-46.9760309
1139,22922,VALERIA MULLER RAMOS BOLSONARO,725,PL,2022,-22.8841325,-46.9760309
1139,23,Cidadania,30,,2022,-22.8841325,-46.9760309
1139,2300,MARCO ANTONIO VILLA,113,CIDADANIA,2022,-22.8841325,-46.9760309
1139,23000,RAFAEL FERNANDO ZIMBALDI,998,CIDADANIA,2022,-22.8841325,-46.9760309
1139,23456,ANTONIO DIRCEU DALBEN,216,CIDADANIA,2022,-22.8841325,-46.9760309
1139,23888,LI LI MIN,119,CIDADANIA,2022,-22.8841325,-46.9760309
1139,2822,ROGERIO STRACIALANO PARADA,68,PRTB,2022,-22.8841325,-46.9760309
1139,28357,MARDQUEU SILVIO FRANCA FILHO,40,PRTB,2022,-22.8841325,-46.9760309
1139,287,JANAINA CONCEIÇÃO PASCHOAL,549,PRTB,2022,-22.8841325,-46.9760309
1139,30,Partido Novo,192,NOVO,2022,-22.8841325,-46.9760309
1139,30,VINICIUS LAZZER POIT,417,NOVO,2022,-22.8841325,-46.9760309
1139,300,RICARDO LUIS MELLÃO,385,NOVO,2022,-22.8841325,-46.9760309
1139,3000,ALEXIS JOSEPH STEVERLYNCK FONTEYNE,188,NOVO,2022,-22.8841325,-46.9760309
1139,3001,MARINA HELENA CUNHA PEREIRA SANTOS,60,NOVO,2022,-22.8841325,-46.9760309
1139,30130,MARIA CRISTINA DE OLIVEIRA,57,NOVO,2022,-22.8841325,-46.9760309
1139,30153,MIRIAM MARIA ANTUNES DE SOUZA,32,NOVO,2022,-22.8841325,-46.9760309
1139,30246,PAULO SÉRGIO CONTADOR MIRAS,37,NOVO,2022,-22.8841325,-46.9760309
1139,3030,ADRIANA MIGUEL VENTURA,118,NOVO,2022,-22.8841325,-46.9760309
1139,30555,LUCAS PAVANATO DE OLIVEIRA,33,NOVO,2022,-22.8841325,-46.9760309
1139,30600,LEONARDO DE SIQUEIRA LIMA,82,NOVO,2022,-22.8841325,-46.9760309
1139,30730,HENRIQUE MAGALHÃES TEIXEIRA,185,NOVO,2022,-22.8841325,-46.9760309
1139,35352,FERNANDO LUIS COUTINHO NEVES,66,PMB,2022,-22.8841325,-46.9760309
1139,35555,DANILO RIDYER PALMA,58,PMB,2022,-22.8841325,-46.9760309
1139,36190,ADRIANA SANCHES GALDEANO BORGO,47,AGIR,2022,-22.8841325,-46.9760309
1139,40,Partido Socialista Brasileiro,168,,2022,-22.8841325,-46.9760309
1139,400,MÁRCIO LUIZ FRANÇA GOMES,6629,PSB,2022,-22.8841325,-46.9760309
1139,4000,JONAS DONIZETTE FERREIRA,1100,PSB,2022,-22.8841325,-46.9760309
1139,40000,ANDRÉA WERNER SILVA BONOLI,117,PSB,2022,-22.8841325,-46.9760309
1139,4004,AUGUSTO DE ARRUDA BOTELHO NETO,50,PSB,2022,-22.8841325,-46.9760309
1139,4040,TABATA CLAUDIA AMARAL DE PONTES,323,PSB,2022,-22.8841325,-46.9760309
1139,40400,RENATA FALZONI,52,PSB,2022,-22.8841325,-46.9760309
1139,40456,PERMÍNIO MONTEIRO DA SILVA,403,PSB,2022,-22.8841325,-46.9760309
1139,44,UNIÃO BRASIL,37,,2022,-22.8841325,-46.9760309
1139,4400,ROSANGELA MARIA WOLFF DE QUADROS MORO,262,UNIÃO,2022,-22.8841325,-46.9760309
1139,44007,FELIPE SOUZA MURAKAMI DE FRANCO,57,UNIÃO,2022,-22.8841325,-46.9760309
1139,44008,CESAR ROCHA ANDRADE DA SILVA,36,UNIÃO,2022,-22.8841325,-46.9760309
1139,44019,RODRIGO LUIS DE BARROS ALMEIDA,159,UNIÃO,2022,-22.8841325,-46.9760309
1139,4407,FELIPE BECARI COMENALE,111,UNIÃO,2022,-22.8841325,-46.9760309
1139,44077,RAFAEL SARAIVA GAIA,59,UNIÃO,2022,-22.8841325,-46.9760309
1139,4411,DAVID BEZERRA RIBEIRO SOARES,50,UNIÃO,2022,-22.8841325,-46.9760309
1139,44111,DANIEL BEZERRA RIBEIRO SOARES,42,UNIÃO,2022,-22.8841325,-46.9760309
1139,44220,ANDRE CRISTHIANO CAYRES RIBEIRO,97,UNIÃO,2022,-22.8841325,-46.9760309
1139,4425,ALEXANDRE LEITE DA SILVA,48,UNIÃO,2022,-22.8841325,-46.9760309
1139,4433,KIM PATROCA KATAGUIRI,325,UNIÃO,2022,-22.8841325,-46.9760309
1139,44333,AMANDA VETTORAZZO CARNEIRO,72,UNIÃO,2022,-22.8841325,-46.9760309
1139,4434,DOUGLAS DE PAULO VIEGAS,55,UNIÃO,2022,-22.8841325,-46.9760309
1139,44777,AUGUSTO ZACARIAS CORREA LEITE,144,UNIÃO,2022,-22.8841325,-46.9760309
1139,4488,CRISTIANO MOREIRA PINTO BERALDO,50,UNIÃO,2022,-22.8841325,-46.9760309
1139,44999,RENATO DE SOUZA BATTISTA,74,UNIÃO,2022,-22.8841325,-46.9760309
1139,45,Partido da Social Democracia Brasileira,126,PSDB,2022,-22.8841325,-46.9760309
1139,45,RODRIGO GARCIA,2648,PSDB,2022,-22.8841325,-46.9760309
1139,4500,CARLOS HENRIQUE FOCESI SAMPAIO,727,PSDB,2022,-22.8841325,-46.9760309
1139,45123,ROGERIO NOGUEIRA LOPES CRUZ,39,PSDB,2022,-22.8841325,-46.9760309
1139,45200,CÉLIA CAMARGO LEÃO EDELMUTH,408,PSDB,2022,-22.8841325,-46.9760309
1139,4545,JOSÉ SERRA,59,PSDB,2022,-22.8841325,-46.9760309
1139,45678,LUIZ HENRIQUE CIRILO,307,PSDB,2022,-22.8841325,-46.9760309
1139,50,Partido Socialismo e Liberdade,65,,2022,-22.8841325,-46.9760309
1139,5000,SÂMIA DE SOUZA BOMFIM,306,PSOL,2022,-22.8841325,-46.9760309
1139,50000,PAULA NUNES DOS SANTOS,201,PSOL,2022,-22.8841325,-46.9760309
1139,5010,GUILHERME CASTRO BOULOS,792,PSOL,2022,-22.8841325,-46.9760309
1139,50100,MARIANA CONTI TAKAHASHI,755,PSOL,2022,-22.8841325,-46.9760309
1139,50110,EDIANE MARIA DO NASCIMENTO,136,PSOL,2022,-22.8841325,-46.9760309
1139,5021,LUIZA ERUNDINA DE SOUSA,60,PSOL,2022,-22.8841325,-46.9760309
1139,50300,KEITCHELE LIMA DA SILVA,35,PSOL,2022,-22.8841325,-46.9760309
1139,50456,ADRIANA SCANAVEZ DOS SANTOS,47,PSOL,2022,-22.8841325,-46.9760309
1139,5050,IVAN VALENTE,107,PSOL,2022,-22.8841325,-46.9760309
1139,50522,CHIRLEY MARIA DE SOUZA ALMEIDA SANTOS,40,PSOL,2022,-22.8841325,-46.9760309
1139,5070,ERIKA SANTOS SILVA,289,PSOL,2022,-22.8841325,-46.9760309
1139,50777,PAULO ROBERTO BUFALO,281,PSOL,2022,-22.8841325,-46.9760309
1139,50789,CARLOS ALBERTO GIANNASI,171,PSOL,2022,-22.8841325,-46.9760309
1139,5088,SÔNIA BONE DE SOUSA SILVA SANTOS,234,PSOL,2022,-22.8841325,-46.9760309
1139,5089,LUCIENE CAVALCANTE DA SILVA,39,PSOL,2022,-22.8841325,-46.9760309
1139,50900,MÔNICA CRISTINA SEIXAS BONFIM,67,PSOL,2022,-22.8841325,-46.9760309
1139,5101,TERESINHA DE CARVALHO,117,PATRIOTA,2022,-22.8841325,-46.9760309
1139,55400,MARTA MARIA FREIRE DA COSTA,366,PSD,2022,-22.8841325,-46.9760309
1139,5553,ELIEL MIRANDA,39,PSD,2022,-22.8841325,-46.9760309
1139,5555,GUILHERME CAMPOS JUNIOR,77,PSD,2022,-22.8841325,-46.9760309
1139,55655,ARTUR CASSEB ORSI,893,PSD,2022,-22.8841325,-46.9760309
1139,5577,ANTONIO CEZAR CORREIA FREIRE,32,PSD,2022,-22.8841325,-46.9760309
1139,55777,OSEIAS SANTOS DA SILVA,37,PSD,2022,-22.8841325,-46.9760309
1139,5588,VINICIUS MARCHESE MARINELLI,43,PSD,2022,-22.8841325,-46.9760309
1139,6500,ISADORA MARTINATTI PENNA,43,PC DO B,2022,-22.8841325,-46.9760309
1139,65035,LECI BRANDÃO DA SILVA,76,PC DO B,2022,-22.8841325,-46.9760309
1139,6565,ORLANDO SILVA DE JESUS JUNIOR,157,PC DO B,2022,-22.8841325,-46.9760309
1139,65656,MARCIA REGINA QUINTANILHA,140,PC DO B,2022,-22.8841325,-46.9760309
1139,70033,FRANCISCA ROSANA MONTANHER,35,AVANTE,2022,-22.8841325,-46.9760309
1139,77040,ADILSON DE SOUZA ROCHA,54,SOLIDARIEDADE,2022,-22.8841325,-46.9760309
1139,7719,MARCELO HENRIQUE SILVA,62,SOLIDARIEDADE,2022,-22.8841325,-46.9760309
1139,80,CAROLINA REJAILI VIGLIAR,105,UP,2022,-22.8841325,-46.9760309
1139,800,VIVIAN MENDES DA SILVA,325,UP,2022,-22.8841325,-46.9760309
1139,9000,PABLO HENRIQUE COSTA MARÇAL,211,PROS,2022,-22.8841325,-46.9760309
1139,90000,NEZIO ANTONIO MONTEIRO FILHO,66,PROS,2022,-22.8841325,-46.9760309
1139,9022,NISE HITOMI YAMAGUCHI,62,PROS,2022,-22.8841325,-46.9760309
1139,95,VOTO BRANCO,7150,,2022,-22.8841325,-46.9760309
1139,96,VOTO NULO,7873,,2022,-22.8841325,-46.9760309
1147,10,REPUBLICANOS,58,REPUBLICANOS,2022,-22.9145125,-47.0681639
1147,10,TARCISIO GOMES DE FREITAS,14985,REPUBLICANOS,2022,-22.9145125,-47.0681639
1147,1000,CELSO UBIRAJARA RUSSOMANNO,171,REPUBLICANOS,2022,-22.9145125,-47.0681639
1147,10000,JORGE WILSON GONÇALVES DE MATTOS,30,REPUBLICANOS,2022,-22.9145125,-47.0681639
1147,10099,LEONICE ALVES DA PAZ,36,REPUBLICANOS,2022,-22.9145125,-47.0681639
1147,1010,MARCOS ANTONIO PEREIRA,44,REPUBLICANOS,2022,-22.9145125,-47.0681639
1147,10123,GILMACI DOS SANTOS BARBOSA,286,REPUBLICANOS,2022,-22.9145125,-47.0681639
1147,10200,HIGOR DIEGO RALLA,229,REPUBLICANOS,2022,-22.9145125,-47.0681639
1147,10222,ÉLITON SOUSA LEITE,49,REPUBLICANOS,2022,-22.9145125,-47.0681639
1147,1023,HENRIQUE STEIN SCIASCIO,35,REPUBLICANOS,2022,-22.9145125,-47.0681639
1147,10550,TOME ABDUCH,261,REPUBLICANOS,2022,-22.9145125,-47.0681639
1147,1078,BENEDITO ROBERTO ALVES FERREIRA,293,REPUBLICANOS,2022,-22.9145125,-47.0681639
1147,1099,ROBERTO ALVES DE LUCENA,43,REPUBLICANOS,2022,-22.9145125,-47.0681639
1147,1111,BRUNO MARCELLO DE OLIVEIRA LIMA,280,PP,2022,-22.9145125,-47.0681639
1147,1112,ISRAEL NANTES SANTOS,104,PP,2022,-22.9145125,-47.0681639
1147,11190,RAFAEL HENRIQUE CANO TELHADA,32,PP,2022,-22.9145125,-47.0681639
1147,1122,CARLOS ALBERTO DA CUNHA,96,PP,2022,-22.9145125,-47.0681639
1147,11777,ANTONIO ASSUNÇÃO DE OLIM,93,PP,2022,-22.9145125,-47.0681639
1147,1190,PAULO ADRIANO LOPES LUCINDA TELHADA,42,PP,2022,-22.9145125,-47.0681639
1147,12,ELVIS LEONARDO CEZAR,127,PDT,2022,-22.9145125,-47.0681639
1147,12,Partido Democrático Trabalhista,66,PDT,2022,-22.9145125,-47.0681639
1147,12200,WILSON KELLER DE MATOS,78,PDT,2022,-22.9145125,-47.0681639
1147,123,JOSÉ ALDO REBELO FIGUEIREDO,176,PDT,2022,-22.9145125,-47.0681639
1147,13,FERNANDO HADDAD,10360,PT,2022,-22.9145125,-47.0681639
1147,13,Partido dos Trabalhadores,576,PT,2022,-22.9145125,-47.0681639
1147,13016,THAINARA KAROLINE FARIA,77,PT,2022,-22.9145125,-47.0681639
1147,13112,EVELYN SILVA DO NASCIMENTO VICENTE DA SILVA,137,PT,2022,-22.9145125,-47.0681639
1147,13120,CARLOS ROBERTO DE OLIVEIRA,78,PT,2022,-22.9145125,-47.0681639
1147,13121,ANA LUCIA LIPPAUS PERUGINI,192,PT,2022,-22.9145125,-47.0681639
1147,13123,MARIA IZABEL AZEVEDO NORONHA,61,PT,2022,-22.9145125,-47.0681639
1147,1313,RUI GOETHE DA COSTA FALCÃO,44,PT,2022,-22.9145125,-47.0681639
1147,13133,EDUARDO MATARAZZO SUPLICY,490,PT,2022,-22.9145125,-47.0681639
1147,1319,PEDRO TOURINHO DE SIQUEIRA,905,PT,2022,-22.9145125,-47.0681639
1147,13199,PAOLLA CATHERINE DOS SANTOS MIGUEL AGARD,175,PT,2022,-22.9145125,-47.0681639
1147,13290,LEANDRO CÂNDIDO SOARES,34,PT,2022,-22.9145125,-47.0681639
1147,13300,WAGNER DE MELO ROMÃO,120,PT,2022,-22.9145125,-47.0681639
1147,13331,VERA LUCIA RODRIGUES DE FARIA,54,PT,2022,-22.9145125,-47.0681639
1147,13654,JANDYRA MASSUE UEHARA ALVES,33,PT,2022,-22.9145125,-47.0681639
1147,1366,MARIANA CERGOLI JANEIRO,86,PT,2022,-22.9145125,-47.0681639
1147,1380,JILMAR AUGUSTINHO TATTO,158,PT,2022,-22.9145125,-47.0681639
1147,14038,PAULO HUGENNEYER KOGOS,30,PTB,2022,-22.9145125,-47.0681639
1147,1414,ADRILLES REIS JORGE,77,PTB,2022,-22.9145125,-47.0681639
1147,15,Movimento Democrático Brasileiro,69,,2022,-22.9145125,-47.0681639
1147,1500,MARIO PALUMBO JUNIOR,89,MDB,2022,-22.9145125,-47.0681639
1147,1532,LUIZ LAURO FERREIRA,41,MDB,2022,-22.9145125,-47.0681639
1147,1536,ENRICO VAN BLARCUM DE GRAAFF MISASI,31,MDB,2022,-22.9145125,-47.0681639
1147,15363,JOSÉ ROGERIO SOARES DOS SANTOS,30,MDB,2022,-22.9145125,-47.0681639
1147,155,EDSON APARECIDO DOS SANTOS,585,MDB,2022,-22.9145125,-47.0681639
1147,1580,FÁBIO EDUARDO DE OLIVEIRA TERUEL,66,MDB,2022,-22.9145125,-47.0681639
1147,1587,ARNALDO SALVETTI PALACIO JUNIOR,197,MDB,2022,-22.9145125,-47.0681639
1147,18000,MARINA MEDEIROS HELOU,48,REDE,2022,-22.9145125,-47.0681639
1147,1818,MARIA OSMARINA MARINA DA SILVA VAZ DE LIMA,210,REDE,2022,-22.9145125,-47.0681639
1147,1877,RICARDO MAGNUS OSÓRIO GALVÃO,30,REDE,2022,-22.9145125,-47.0681639
1147,1910,BRUNO AREVALO GANEM,83,PODE,2022,-22.9145125,-47.0681639
1147,19101,CLARICE CARASSOL AREVALO GANEM,79,PODE,2022,-22.9145125,-47.0681639
1147,1911,HENI OZI CUKIER,77,PODE,2022,-22.9145125,-47.0681639
1147,19111,GERSON DOS SANTOS PIRES,31,PODE,2022,-22.9145125,-47.0681639
1147,19519,EDUARDO DOS REIS MAGOGA,66,PODE,2022,-22.9145125,-47.0681639
1147,20123,HELIO DONIZETE ZANATTA,62,PSC,2022,-22.9145125,-47.0681639
1147,2020,GILBERTO NASCIMENTO SILVA,106,PSC,2022,-22.9145125,-47.0681639
1147,20320,JOSÉ CARLOS FURIOSO,50,PSC,2022,-22.9145125,-47.0681639
1147,21,GABRIEL MAURILIO COLOMBO DE FREITAS,35,PCB,2022,-22.9145125,-47.0681639
1147,211,TITO FLAVIO BELLINI NOGUEIRA DE OLIVEIRA,36,PCB,2022,-22.9145125,-47.0681639
1147,22,Partido Liberal,483,,2022,-22.9145125,-47.0681639
1147,2200,JOSÉ AUGUSTO ROSA,64,PL,2022,-22.9145125,-47.0681639
1147,22000,DIMAS MECCA SAMPAIO,207,PL,2022,-22.9145125,-47.0681639
1147,22051,FABIANA DE LIMA BARROSO,31,PL,2022,-22.9145125,-47.0681639
1147,2208,MARIO LUIS FRIAS,177,PL,2022,-22.9145125,-47.0681639
1147,2210,CARLA ZAMBELLI SALGADO DE OLIVEIRA,922,PL,2022,-22.9145125,-47.0681639
1147,22100,BRUNO ZAMBELLI SALGADO,260,PL,2022,-22.9145125,-47.0681639
1147,22112,CARLOS CEZAR DA SILVA,106,PL,2022,-22.9145125,-47.0681639
1147,22120,GILDEVANIO ILSO DOS SANTOS DINIZ,166,PL,2022,-22.9145125,-47.0681639
1147,22138,ROBERVAL CONTE LOPES LIMA,104,PL,2022,-22.9145125,-47.0681639
1147,22180,RAQUEL KOBASHI GALLINATI LOMBARDI,37,PL,2022,-22.9145125,-47.0681639
1147,222,MARCOS CESAR PONTES,6826,PL,2022,-22.9145125,-47.0681639
1147,2222,EDUARDO NANTES BOLSONARO,771,PL,2022,-22.9145125,-47.0681639
1147,22222,MARCOS ROBERTO DAMASIO DA SILVA,79,PL,2022,-22.9145125,-47.0681639
1147,2230,MARCIO TADEU ANHAIA DE LEMOS,30,PL,2022,-22.9145125,-47.0681639
1147,2233,PAULO ROBERTO FREIRE DA COSTA,282,PL,2022,-22.9145125,-47.0681639
1147,22343,THIAGO REIS AURICCHIO,37,PL,2022,-22.9145125,-47.0681639
1147,2240,KATIA DA SILVA SASTRE,35,PL,2022,-22.9145125,-47.0681639
1147,22422,PAULO JORGE MANSUR NETO,174,PL,2022,-22.9145125,-47.0681639
1147,2243,LUIZ PHILIPPE DE ORLEANS E BRAGANÇA,105,PL,2022,-22.9145125,-47.0681639
1147,22444,MATHEUS COIMBRA MARTINS DE AGUIAR,93,PL,2022,-22.9145125,-47.0681639
1147,2247,PAULO FRANCISCO MUNIZ BILYNSKYJ,51,PL,2022,-22.9145125,-47.0681639
1147,2250,RICARDO DE AQUINO SALLES,590,PL,2022,-22.9145125,-47.0681639
1147,22500,LUCAS DIEZ BOVE,135,PL,2022,-22.9145125,-47.0681639
1147,2251,ADILSON BARROSO OLIVEIRA,59,PL,2022,-22.9145125,-47.0681639
1147,2255,FRANCISCO EVERARDO TIRIRICA OLIVEIRA SILVA,32,PL,2022,-22.9145125,-47.0681639
1147,22553,THELMA ELAINE BRASILEIRO ROBERTI,37,PL,2022,-22.9145125,-47.0681639
1147,22555,FABIO ROGÉRIO CANDIDO,49,PL,2022,-22.9145125,-47.0681639
1147,2270,MARCO ANTONIO FELICIANO,84,PL,2022,-22.9145125,-47.0681639
1147,2274,JEFFERSON ALVES DE CAMPOS,86,PL,2022,-22.9145125,-47.0681639
1147,2290,GUILHERME MURARO DERRITE,143,PL,2022,-22.9145125,-47.0681639
1147,22900,FLAVIO GONÇALVES DA COSTA,33,PL,2022,-22.9145125,-47.0681639
1147,22922,VALERIA MULLER RAMOS BOLSONARO,524,PL,2022,-22.9145125,-47.0681639
1147,2300,MARCO ANTONIO VILLA,98,CIDADANIA,2022,-22.9145125,-47.0681639
1147,23000,RAFAEL FERNANDO ZIMBALDI,700,CIDADANIA,2022,-22.9145125,-47.0681639
1147,23456,ANTONIO DIRCEU DALBEN,122,CIDADANIA,2022,-22.9145125,-47.0681639
1147,23888,LI LI MIN,62,CIDADANIA,2022,-22.9145125,-47.0681639
1147,2822,ROGERIO STRACIALANO PARADA,34,PRTB,2022,-22.9145125,-47.0681639
1147,28357,MARDQUEU SILVIO FRANCA FILHO,35,PRTB,2022,-22.9145125,-47.0681639
1147,287,JANAINA CONCEIÇÃO PASCHOAL,490,PRTB,2022,-22.9145125,-47.0681639
1147,30,Partido Novo,196,NOVO,2022,-22.9145125,-47.0681639
1147,30,VINICIUS LAZZER POIT,287,NOVO,2022,-22.9145125,-47.0681639
1147,300,RICARDO LUIS MELLÃO,300,NOVO,2022,-22.9145125,-47.0681639
1147,3000,ALEXIS JOSEPH STEVERLYNCK FONTEYNE,135,NOVO,2022,-22.9145125,-47.0681639
1147,3001,MARINA HELENA CUNHA PEREIRA SANTOS,59,NOVO,2022,-22.9145125,-47.0681639
1147,30130,MARIA CRISTINA DE OLIVEIRA,52,NOVO,2022,-22.9145125,-47.0681639
1147,3030,ADRIANA MIGUEL VENTURA,118,NOVO,2022,-22.9145125,-47.0681639
1147,30600,LEONARDO DE SIQUEIRA LIMA,90,NOVO,2022,-22.9145125,-47.0681639
1147,30730,HENRIQUE MAGALHÃES TEIXEIRA,188,NOVO,2022,-22.9145125,-47.0681639
1147,35352,FERNANDO LUIS COUTINHO NEVES,42,PMB,2022,-22.9145125,-47.0681639
1147,35555,DANILO RIDYER PALMA,72,PMB,2022,-22.9145125,-47.0681639
1147,40,Partido Socialista Brasileiro,112,,2022,-22.9145125,-47.0681639
1147,400,MÁRCIO LUIZ FRANÇA GOMES,4088,PSB,2022,-22.9145125,-47.0681639
1147,4000,JONAS DONIZETTE FERREIRA,752,PSB,2022,-22.9145125,-47.0681639
1147,40000,ANDRÉA WERNER SILVA BONOLI,88,PSB,2022,-22.9145125,-47.0681639
1147,4004,AUGUSTO DE ARRUDA BOTELHO NETO,30,PSB,2022,-22.9145125,-47.0681639
1147,4040,TABATA CLAUDIA AMARAL DE PONTES,242,PSB,2022,-22.9145125,-47.0681639
1147,40456,PERMÍNIO MONTEIRO DA SILVA,235,PSB,2022,-22.9145125,-47.0681639
1147,4400,ROSANGELA MARIA WOLFF DE QUADROS MORO,202,UNIÃO,2022,-22.9145125,-47.0681639
1147,44007,FELIPE SOUZA MURAKAMI DE FRANCO,59,UNIÃO,2022,-22.9145125,-47.0681639
1147,44019,RODRIGO LUIS DE BARROS ALMEIDA,158,UNIÃO,2022,-22.9145125,-47.0681639
1147,4407,FELIPE BECARI COMENALE,69,UNIÃO,2022,-22.9145125,-47.0681639
1147,44077,RAFAEL SARAIVA GAIA,44,UNIÃO,2022,-22.9145125,-47.0681639
1147,4411,DAVID BEZERRA RIBEIRO SOARES,35,UNIÃO,2022,-22.9145125,-47.0681639
1147,44220,ANDRE CRISTHIANO CAYRES RIBEIRO,60,UNIÃO,2022,-22.9145125,-47.0681639
1147,4425,ALEXANDRE LEITE DA SILVA,39,UNIÃO,2022,-22.9145125,-47.0681639
1147,4433,KIM PATROCA KATAGUIRI,217,UNIÃO,2022,-22.9145125,-47.0681639
1147,44333,AMANDA VETTORAZZO CARNEIRO,46,UNIÃO,2022,-22.9145125,-47.0681639
1147,4434,DOUGLAS DE PAULO VIEGAS,48,UNIÃO,2022,-22.9145125,-47.0681639
1147,44777,AUGUSTO ZACARIAS CORREA LEITE,89,UNIÃO,2022,-22.9145125,-47.0681639
1147,44999,RENATO DE SOUZA BATTISTA,33,UNIÃO,2022,-22.9145125,-47.0681639
1147,45,Partido da Social Democracia Brasileira,79,PSDB,2022,-22.9145125,-47.0681639
1147,45,RODRIGO GARCIA,1947,PSDB,2022,-22.9145125,-47.0681639
1147,4500,CARLOS HENRIQUE FOCESI SAMPAIO,628,PSDB,2022,-22.9145125,-47.0681639
1147,45045,ISRAEL ALEXANDRE DE SOUZA,81,PSDB,2022,-22.9145125,-47.0681639
1147,45200,CÉLIA CAMARGO LEÃO EDELMUTH,272,PSDB,2022,-22.9145125,-47.0681639
1147,4545,JOSÉ SERRA,41,PSDB,2022,-22.9145125,-47.0681639
1147,45678,LUIZ HENRIQUE CIRILO,217,PSDB,2022,-22.9145125,-47.0681639
1147,50,Partido Socialismo e Liberdade,55,,2022,-22.9145125,-47.0681639
1147,5000,SÂMIA DE SOUZA BOMFIM,220,PSOL,2022,-22.9145125,-47.0681639
1147,50000,PAULA NUNES DOS SANTOS,148,PSOL,2022,-22.9145125,-47.0681639
1147,5010,GUILHERME CASTRO BOULOS,574,PSOL,2022,-22.9145125,-47.0681639
1147,50100,MARIANA CONTI TAKAHASHI,453,PSOL,2022,-22.9145125,-47.0681639
1147,50110,EDIANE MARIA DO NASCIMENTO,107,PSOL,2022,-22.9145125,-47.0681639
1147,5013,FABIO JOSÉ RODRIGUES DE MELLO,40,PSOL,2022,-22.9145125,-47.0681639
1147,5021,LUIZA ERUNDINA DE SOUSA,48,PSOL,2022,-22.9145125,-47.0681639
1147,5070,ERIKA SANTOS SILVA,184,PSOL,2022,-22.9145125,-47.0681639
1147,50777,PAULO ROBERTO BUFALO,127,PSOL,2022,-22.9145125,-47.0681639
1147,50789,CARLOS ALBERTO GIANNASI,95,PSOL,2022,-22.9145125,-47.0681639
1147,5088,SÔNIA BONE DE SOUSA SILVA SANTOS,111,PSOL,2022,-22.9145125,-47.0681639
1147,50900,MÔNICA CRISTINA SEIXAS BONFIM,53,PSOL,2022,-22.9145125,-47.0681639
1147,5101,TERESINHA DE CARVALHO,63,PATRIOTA,2022,-22.9145125,-47.0681639
1147,55400,MARTA MARIA FREIRE DA COSTA,221,PSD,2022,-22.9145125,-47.0681639
1147,5553,ELIEL MIRANDA,30,PSD,2022,-22.9145125,-47.0681639
1147,5555,GUILHERME CAMPOS JUNIOR,54,PSD,2022,-22.9145125,-47.0681639
1147,55655,ARTUR CASSEB ORSI,480,PSD,2022,-22.9145125,-47.0681639
1147,55777,OSEIAS SANTOS DA SILVA,32,PSD,2022,-22.9145125,-47.0681639
1147,65035,LECI BRANDÃO DA SILVA,54,PC DO B,2022,-22.9145125,-47.0681639
1147,6565,ORLANDO SILVA DE JESUS JUNIOR,62,PC DO B,2022,-22.9145125,-47.0681639
1147,65656,MARCIA REGINA QUINTANILHA,45,PC DO B,2022,-22.9145125,-47.0681639
1147,80,CAROLINA REJAILI VIGLIAR,45,UP,2022,-22.9145125,-47.0681639
1147,800,VIVIAN MENDES DA SILVA,177,UP,2022,-22.9145125,-47.0681639
1147,9000,PABLO HENRIQUE COSTA MARÇAL,195,PROS,2022,-22.9145125,-47.0681639
1147,90000,NEZIO ANTONIO MONTEIRO FILHO,65,PROS,2022,-22.9145125,-47.0681639
1147,9022,NISE HITOMI YAMAGUCHI,55,PROS,2022,-22.9145125,-47.0681639
1147,95,VOTO BRANCO,4612,,2022,-22.9145125,-47.0681639
1147,96,VOTO NULO,5413,,2022,-22.9145125,-47.0681639
1155,10,REPUBLICANOS,63,REPUBLICANOS,2022,-22.9230302,-47.054197
1155,10,TARCISIO GOMES DE FREITAS,19329,REPUBLICANOS,2022,-22.9230302,-47.054197
1155,1000,CELSO UBIRAJARA RUSSOMANNO,210,REPUBLICANOS,2022,-22.9230302,-47.054197
1155,10000,JORGE WILSON GONÇALVES DE MATTOS,46,REPUBLICANOS,2022,-22.9230302,-47.054197
1155,10099,LEONICE ALVES DA PAZ,51,REPUBLICANOS,2022,-22.9230302,-47.054197
1155,1010,MARCOS ANTONIO PEREIRA,339,REPUBLICANOS,2022,-22.9230302,-47.054197
1155,10123,GILMACI DOS SANTOS BARBOSA,214,REPUBLICANOS,2022,-22.9230302,-47.054197
1155,1020,LUIS CLAUDIO FERNANDES MIRANDA,63,REPUBLICANOS,2022,-22.9230302,-47.054197
1155,10200,HIGOR DIEGO RALLA,2075,REPUBLICANOS,2022,-22.9230302,-47.054197
1155,1022,MARIA DO PARTO MENDES ROSAS,38,REPUBLICANOS,2022,-22.9230302,-47.054197
1155,1023,HENRIQUE STEIN SCIASCIO,48,REPUBLICANOS,2022,-22.9230302,-47.054197
1155,10550,TOME ABDUCH,377,REPUBLICANOS,2022,-22.9230302,-47.054197
1155,1078,BENEDITO ROBERTO ALVES FERREIRA,259,REPUBLICANOS,2022,-22.9230302,-47.054197
1155,1099,ROBERTO ALVES DE LUCENA,45,REPUBLICANOS,2022,-22.9230302,-47.054197
1155,1100,MANOEL MAURICIO SILVA NEVES,57,PP,2022,-22.9230302,-47.054197
1155,1111,BRUNO MARCELLO DE OLIVEIRA LIMA,317,PP,2022,-22.9230302,-47.054197
1155,1112,ISRAEL NANTES SANTOS,150,PP,2022,-22.9230302,-47.054197
1155,11190,RAFAEL HENRIQUE CANO TELHADA,33,PP,2022,-22.9230302,-47.054197
1155,1122,CARLOS ALBERTO DA CUNHA,132,PP,2022,-22.9230302,-47.054197
1155,11777,ANTONIO ASSUNÇÃO DE OLIM,87,PP,2022,-22.9230302,-47.054197
1155,1190,PAULO ADRIANO LOPES LUCINDA TELHADA,34,PP,2022,-22.9230302,-47.054197
1155,12,ELVIS LEONARDO CEZAR,160,PDT,2022,-22.9230302,-47.054197
1155,12,Partido Democrático Trabalhista,55,PDT,2022,-22.9230302,-47.054197
1155,1212,MARIA GIOVANA LUCHIARI PISONI DUARTE FORTUNATO,46,PDT,2022,-22.9230302,-47.054197
1155,12200,WILSON KELLER DE MATOS,63,PDT,2022,-22.9230302,-47.054197
1155,123,JOSÉ ALDO REBELO FIGUEIREDO,175,PDT,2022,-22.9230302,-47.054197
1155,13,FERNANDO HADDAD,12364,PT,2022,-22.9230302,-47.054197
1155,13,Partido dos Trabalhadores,620,PT,2022,-22.9230302,-47.054197
1155,13112,EVELYN SILVA DO NASCIMENTO VICENTE DA SILVA,191,PT,2022,-22.9230302,-47.054197
1155,13120,CARLOS ROBERTO DE OLIVEIRA,74,PT,2022,-22.9230302,-47.054197
1155,13121,ANA LUCIA LIPPAUS PERUGINI,117,PT,2022,-22.9230302,-47.054197
1155,13123,MARIA IZABEL AZEVEDO NORONHA,56,PT,2022,-22.9230302,-47.054197
1155,1313,RUI GOETHE DA COSTA FALCÃO,62,PT,2022,-22.9230302,-47.054197
1155,13131,EMIDIO PEREIRA DE SOUZA,56,PT,2022,-22.9230302,-47.054197
1155,13133,EDUARDO MATARAZZO SUPLICY,475,PT,2022,-22.9230302,-47.054197
1155,13134,LUIZ FERNANDO TEIXEIRA FERREIRA,48,PT,2022,-22.9230302,-47.054197
1155,1319,PEDRO TOURINHO DE SIQUEIRA,1210,PT,2022,-22.9230302,-47.054197
1155,13199,PAOLLA CATHERINE DOS SANTOS MIGUEL AGARD,211,PT,2022,-22.9230302,-47.054197
1155,13290,LEANDRO CÂNDIDO SOARES,80,PT,2022,-22.9230302,-47.054197
1155,13300,WAGNER DE MELO ROMÃO,106,PT,2022,-22.9230302,-47.054197
1155,13310,LUIZ CLAUDIO MARCOLINO,36,PT,2022,-22.9230302,-47.054197
1155,13331,VERA LUCIA RODRIGUES DE FARIA,64,PT,2022,-22.9230302,-47.054197
1155,1354,ALEXANDRE ROCHA SANTOS PADILHA,39,PT,2022,-22.9230302,-47.054197
1155,13651,PAULO BATISTA DOS REIS,105,PT,2022,-22.9230302,-47.054197
1155,13654,JANDYRA MASSUE UEHARA ALVES,59,PT,2022,-22.9230302,-47.054197
1155,1366,MARIANA CERGOLI JANEIRO,75,PT,2022,-22.9230302,-47.054197
1155,1370,CARLOS ALBERTO ROLIM ZARATTINI,60,PT,2022,-22.9230302,-47.054197
1155,1375,DOUGLAS ELIAS BELCHIOR,33,PT,2022,-22.9230302,-47.054197
1155,1380,JILMAR AUGUSTINHO TATTO,260,PT,2022,-22.9230302,-47.054197
1155,13800,JORGE DO CARMO SILVA,42,PT,2022,-22.9230302,-47.054197
1155,1389,ALFREDO ALVES CAVALCANTE,34,PT,2022,-22.9230302,-47.054197
1155,1390,VICENTE PAULO DA SILVA,58,PT,2022,-22.9230302,-47.054197
1155,14038,PAULO HUGENNEYER KOGOS,41,PTB,2022,-22.9230302,-47.054197
1155,1414,ADRILLES REIS JORGE,105,PTB,2022,-22.9230302,-47.054197
1155,15,Movimento Democrático Brasileiro,46,,2022,-22.9230302,-47.054197
1155,1500,MARIO PALUMBO JUNIOR,79,MDB,2022,-22.9230302,-47.054197
1155,15121,ANDRE CESAR COSTA,36,MDB,2022,-22.9230302,-47.054197
1155,1532,LUIZ LAURO FERREIRA,56,MDB,2022,-22.9230302,-47.054197
1155,1536,ENRICO VAN BLARCUM DE GRAAFF MISASI,44,MDB,2022,-22.9230302,-47.054197
1155,15363,JOSÉ ROGERIO SOARES DOS SANTOS,42,MDB,2022,-22.9230302,-47.054197
1155,155,EDSON APARECIDO DOS SANTOS,681,MDB,2022,-22.9230302,-47.054197
1155,1580,FÁBIO EDUARDO DE OLIVEIRA TERUEL,83,MDB,2022,-22.9230302,-47.054197
1155,1587,ARNALDO SALVETTI PALACIO JUNIOR,158,MDB,2022,-22.9230302,-47.054197
1155,18000,MARINA MEDEIROS HELOU,61,REDE,2022,-22.9230302,-47.054197
1155,1818,MARIA OSMARINA MARINA DA SILVA VAZ DE LIMA,244,REDE,2022,-22.9230302,-47.054197
1155,1877,RICARDO MAGNUS OSÓRIO GALVÃO,68,REDE,2022,-22.9230302,-47.054197
1155,1910,BRUNO AREVALO GANEM,96,PODE,2022,-22.9230302,-47.054197
1155,19101,CLARICE CARASSOL AREVALO GANEM,70,PODE,2022,-22.9230302,-47.054197
1155,1911,HENI OZI CUKIER,104,PODE,2022,-22.9230302,-47.054197
1155,1920,DANIEL JOSÉ DA SILVA OLIVEIRA,47,PODE,2022,-22.9230302,-47.054197
1155,19519,EDUARDO DOS REIS MAGOGA,45,PODE,2022,-22.9230302,-47.054197
1155,20123,HELIO DONIZETE ZANATTA,56,PSC,2022,-22.9230302,-47.054197
1155,20190,LUIZ PAULO MADALHANO MAGALHÃES,43,PSC,2022,-22.9230302,-47.054197
1155,2020,GILBERTO NASCIMENTO SILVA,81,PSC,2022,-22.9230302,-47.054197
1155,21,GABRIEL MAURILIO COLOMBO DE FREITAS,49,PCB,2022,-22.9230302,-47.054197
1155,211,TITO FLAVIO BELLINI NOGUEIRA DE OLIVEIRA,51,PCB,2022,-22.9230302,-47.054197
1155,22,Partido Liberal,496,,2022,-22.9230302,-47.054197
1155,2200,JOSÉ AUGUSTO ROSA,75,PL,2022,-22.9230302,-47.054197
1155,22000,DIMAS MECCA SAMPAIO,178,PL,2022,-22.9230302,-47.054197
1155,22007,DANILO MASCARENHAS DE BALAS,35,PL,2022,-22.9230302,-47.054197
1155,2208,MARIO LUIS FRIAS,212,PL,2022,-22.9230302,-47.054197
1155,2210,CARLA ZAMBELLI SALGADO DE OLIVEIRA,1064,PL,2022,-22.9230302,-47.054197
1155,22100,BRUNO ZAMBELLI SALGADO,247,PL,2022,-22.9230302,-47.054197
1155,22112,CARLOS CEZAR DA SILVA,79,PL,2022,-22.9230302,-47.054197
1155,22120,GILDEVANIO ILSO DOS SANTOS DINIZ,191,PL,2022,-22.9230302,-47.054197
1155,22138,ROBERVAL CONTE LOPES LIMA,131,PL,2022,-22.9230302,-47.054197
1155,22180,RAQUEL KOBASHI GALLINATI LOMBARDI,56,PL,2022,-22.9230302,-47.054197
1155,222,MARCOS CESAR PONTES,8700,PL,2022,-22.9230302,-47.054197
1155,2222,EDUARDO NANTES BOLSONARO,905,PL,2022,-22.9230302,-47.054197
1155,22221,SERGIO MATHEUS SANTOS GARCEZ,38,PL,2022,-22.9230302,-47.054197
1155,22222,MARCOS ROBERTO DAMASIO DA SILVA,112,PL,2022,-22.9230302,-47.054197
1155,22288,OSCAR CASTELO BRANCO DE LUCA,32,PL,2022,-22.9230302,-47.054197
1155,2230,MARCIO TADEU ANHAIA DE LEMOS,34,PL,2022,-22.9230302,-47.054197
1155,2233,PAULO ROBERTO FREIRE DA COSTA,305,PL,2022,-22.9230302,-47.054197
1155,22343,THIAGO REIS AURICCHIO,54,PL,2022,-22.9230302,-47.054197
1155,2240,KATIA DA SILVA SASTRE,40,PL,2022,-22.9230302,-47.054197
1155,22422,PAULO JORGE MANSUR NETO,155,PL,2022,-22.9230302,-47.054197
1155,2243,LUIZ PHILIPPE DE ORLEANS E BRAGANÇA,144,PL,2022,-22.9230302,-47.054197
1155,2244,LUIZ CARLOS MOTTA,36,PL,2022,-22.9230302,-47.054197
1155,22444,MATHEUS COIMBRA MARTINS DE AGUIAR,98,PL,2022,-22.9230302,-47.054197
1155,2247,PAULO FRANCISCO MUNIZ BILYNSKYJ,87,PL,2022,-22.9230302,-47.054197
1155,2250,RICARDO DE AQUINO SALLES,847,PL,2022,-22.9230302,-47.054197
1155,22500,LUCAS DIEZ BOVE,178,PL,2022,-22.9230302,-47.054197
1155,2255,FRANCISCO EVERARDO TIRIRICA OLIVEIRA SILVA,37,PL,2022,-22.9230302,-47.054197
1155,22553,THELMA ELAINE BRASILEIRO ROBERTI,33,PL,2022,-22.9230302,-47.054197
1155,22555,FABIO ROGÉRIO CANDIDO,36,PL,2022,-22.9230302,-47.054197
1155,2270,MARCO ANTONIO FELICIANO,134,PL,2022,-22.9230302,-47.054197
1155,2274,JEFFERSON ALVES DE CAMPOS,90,PL,2022,-22.9230302,-47.054197
1155,2276,MARSCHELO RODRIGO MARIN MECHE,65,PL,2022,-22.9230302,-47.054197
1155,22808,FABRIZIO FASANO JUNIOR,34,PL,2022,-22.9230302,-47.054197
1155,2290,GUILHERME MURARO DERRITE,134,PL,2022,-22.9230302,-47.054197
1155,22922,VALERIA MULLER RAMOS BOLSONARO,616,PL,2022,-22.9230302,-47.054197
1155,23,Cidadania,31,,2022,-22.9230302,-47.054197
1155,2300,MARCO ANTONIO VILLA,122,CIDADANIA,2022,-22.9230302,-47.054197
1155,23000,RAFAEL FERNANDO ZIMBALDI,783,CIDADANIA,2022,-22.9230302,-47.054197
1155,23456,ANTONIO DIRCEU DALBEN,343,CIDADANIA,2022,-22.9230302,-47.054197
1155,23888,LI LI MIN,53,CIDADANIA,2022,-22.9230302,-47.054197
1155,28357,MARDQUEU SILVIO FRANCA FILHO,61,PRTB,2022,-22.9230302,-47.054197
1155,287,JANAINA CONCEIÇÃO PASCHOAL,575,PRTB,2022,-22.9230302,-47.054197
1155,30,Partido Novo,273,NOVO,2022,-22.9230302,-47.054197
1155,30,VINICIUS LAZZER POIT,427,NOVO,2022,-22.9230302,-47.054197
1155,300,RICARDO LUIS MELLÃO,494,NOVO,2022,-22.9230302,-47.054197
1155,3000,ALEXIS JOSEPH STEVERLYNCK FONTEYNE,338,NOVO,2022,-22.9230302,-47.054197
1155,3001,MARINA HELENA CUNHA PEREIRA SANTOS,82,NOVO,2022,-22.9230302,-47.054197
1155,30130,MARIA CRISTINA DE OLIVEIRA,67,NOVO,2022,-22.9230302,-47.054197
1155,30153,MIRIAM MARIA ANTUNES DE SOUZA,39,NOVO,2022,-22.9230302,-47.054197
1155,30246,PAULO SÉRGIO CONTADOR MIRAS,40,NOVO,2022,-22.9230302,-47.054197
1155,3030,ADRIANA MIGUEL VENTURA,150,NOVO,2022,-22.9230302,-47.054197
1155,30500,SERGIO LUIZ VICTOR JUNIOR,33,NOVO,2022,-22.9230302,-47.054197
1155,30600,LEONARDO DE SIQUEIRA LIMA,163,NOVO,2022,-22.9230302,-47.054197
1155,30730,HENRIQUE MAGALHÃES TEIXEIRA,309,NOVO,2022,-22.9230302,-47.054197
1155,35352,FERNANDO LUIS COUTINHO NEVES,43,PMB,2022,-22.9230302,-47.054197
1155,35555,DANILO RIDYER PALMA,34,PMB,2022,-22.9230302,-47.054197
1155,36190,ADRIANA SANCHES GALDEANO BORGO,57,AGIR,2022,-22.9230302,-47.054197
1155,40,Partido Socialista Brasileiro,143,,2022,-22.9230302,-47.054197
1155,400,MÁRCIO LUIZ FRANÇA GOMES,4974,PSB,2022,-22.9230302,-47.054197
1155,4000,JONAS DONIZETTE FERREIRA,993,PSB,2022,-22.9230302,-47.054197
1155,40000,ANDRÉA WERNER SILVA BONOLI,96,PSB,2022,-22.9230302,-47.054197
1155,4004,AUGUSTO DE ARRUDA BOTELHO NETO,39,PSB,2022,-22.9230302,-47.054197
1155,4040,TABATA CLAUDIA AMARAL DE PONTES,352,PSB,2022,-22.9230302,-47.054197
1155,40400,RENATA FALZONI,39,PSB,2022,-22.9230302,-47.054197
1155,40456,PERMÍNIO MONTEIRO DA SILVA,154,PSB,2022,-22.9230302,-47.054197
1155,4400,ROSANGELA MARIA WOLFF DE QUADROS MORO,239,UNIÃO,2022,-22.9230302,-47.054197
1155,44007,FELIPE SOUZA MURAKAMI DE FRANCO,64,UNIÃO,2022,-22.9230302,-47.054197
1155,44019,RODRIGO LUIS DE BARROS ALMEIDA,157,UNIÃO,2022,-22.9230302,-47.054197
1155,4407,FELIPE BECARI COMENALE,93,UNIÃO,2022,-22.9230302,-47.054197
1155,44077,RAFAEL SARAIVA GAIA,57,UNIÃO,2022,-22.9230302,-47.054197
1155,4411,DAVID BEZERRA RIBEIRO SOARES,38,UNIÃO,2022,-22.9230302,-47.054197
1155,44118,EDMIR JOSE ABI CHEDID,58,UNIÃO,2022,-22.9230302,-47.054197
1155,44220,ANDRE CRISTHIANO CAYRES RIBEIRO,76,UNIÃO,2022,-22.9230302,-47.054197
1155,4433,KIM PATROCA KATAGUIRI,263,UNIÃO,2022,-22.9230302,-47.054197
1155,44333,AMANDA VETTORAZZO CARNEIRO,54,UNIÃO,2022,-22.9230302,-47.054197
1155,4434,DOUGLAS DE PAULO VIEGAS,60,UNIÃO,2022,-22.9230302,-47.054197
1155,44777,AUGUSTO ZACARIAS CORREA LEITE,123,UNIÃO,2022,-22.9230302,-47.054197
1155,4488,CRISTIANO MOREIRA PINTO BERALDO,40,UNIÃO,2022,-22.9230302,-47.054197
1155,44999,RENATO DE SOUZA BATTISTA,34,UNIÃO,2022,-22.9230302,-47.054197
1155,45,Partido da Social Democracia Brasileira,99,PSDB,2022,-22.9230302,-47.054197
1155,45,RODRIGO GARCIA,2403,PSDB,2022,-22.9230302,-47.054197
1155,4500,CARLOS HENRIQUE FOCESI SAMPAIO,821,PSDB,2022,-22.9230302,-47.054197
1155,45045,ISRAEL ALEXANDRE DE SOUZA,46,PSDB,2022,-22.9230302,-47.054197
1155,45123,ROGERIO NOGUEIRA LOPES CRUZ,36,PSDB,2022,-22.9230302,-47.054197
1155,45200,CÉLIA CAMARGO LEÃO EDELMUTH,336,PSDB,2022,-22.9230302,-47.054197
1155,4545,JOSÉ SERRA,49,PSDB,2022,-22.9230302,-47.054197
1155,45678,LUIZ HENRIQUE CIRILO,297,PSDB,2022,-22.9230302,-47.054197
1155,50,Partido Socialismo e Liberdade,47,,2022,-22.9230302,-47.054197
1155,5000,SÂMIA DE SOUZA BOMFIM,232,PSOL,2022,-22.9230302,-47.054197
1155,50000,PAULA NUNES DOS SANTOS,151,PSOL,2022,-22.9230302,-47.054197
1155,5010,GUILHERME CASTRO BOULOS,499,PSOL,2022,-22.9230302,-47.054197
1155,50100,MARIANA CONTI TAKAHASHI,508,PSOL,2022,-22.9230302,-47.054197
1155,50110,EDIANE MARIA DO NASCIMENTO,94,PSOL,2022,-22.9230302,-47.054197
1155,5021,LUIZA ERUNDINA DE SOUSA,36,PSOL,2022,-22.9230302,-47.054197
1155,5050,IVAN VALENTE,32,PSOL,2022,-22.9230302,-47.054197
1155,5070,ERIKA SANTOS SILVA,189,PSOL,2022,-22.9230302,-47.054197
1155,50777,PAULO ROBERTO BUFALO,127,PSOL,2022,-22.9230302,-47.054197
1155,50789,CARLOS ALBERTO GIANNASI,80,PSOL,2022,-22.9230302,-47.054197
1155,5088,SÔNIA BONE DE SOUSA SILVA SANTOS,144,PSOL,2022,-22.9230302,-47.054197
1155,50900,MÔNICA CRISTINA SEIXAS BONFIM,57,PSOL,2022,-22.9230302,-47.054197
1155,5101,TERESINHA DE CARVALHO,59,PATRIOTA,2022,-22.9230302,-47.054197
1155,55300,VALÉRIA APARECIDA COSTA TORRES,35,PSD,2022,-22.9230302,-47.054197
1155,55400,MARTA MARIA FREIRE DA COSTA,202,PSD,2022,-22.9230302,-47.054197
1155,5555,GUILHERME CAMPOS JUNIOR,79,PSD,2022,-22.9230302,-47.054197
1155,55655,ARTUR CASSEB ORSI,816,PSD,2022,-22.9230302,-47.054197
1155,5577,ANTONIO CEZAR CORREIA FREIRE,38,PSD,2022,-22.9230302,-47.054197
1155,55777,OSEIAS SANTOS DA SILVA,39,PSD,2022,-22.9230302,-47.054197
1155,5588,VINICIUS MARCHESE MARINELLI,46,PSD,2022,-22.9230302,-47.054197
1155,6500,ISADORA MARTINATTI PENNA,41,PC DO B,2022,-22.9230302,-47.054197
1155,65035,LECI BRANDÃO DA SILVA,43,PC DO B,2022,-22.9230302,-47.054197
1155,6565,ORLANDO SILVA DE JESUS JUNIOR,66,PC DO B,2022,-22.9230302,-47.054197
1155,65656,MARCIA REGINA QUINTANILHA,75,PC DO B,2022,-22.9230302,-47.054197
1155,77040,ADILSON DE SOUZA ROCHA,39,SOLIDARIEDADE,2022,-22.9230302,-47.054197
1155,7719,MARCELO HENRIQUE SILVA,87,SOLIDARIEDADE,2022,-22.9230302,-47.054197
1155,80,CAROLINA REJAILI VIGLIAR,64,UP,2022,-22.9230302,-47.054197
1155,800,VIVIAN MENDES DA SILVA,253,UP,2022,-22.9230302,-47.054197
1155,9000,PABLO HENRIQUE COSTA MARÇAL,192,PROS,2022,-22.9230302,-47.054197
1155,90000,NEZIO ANTONIO MONTEIRO FILHO,65,PROS,2022,-22.9230302,-47.054197
1155,9022,NISE HITOMI YAMAGUCHI,39,PROS,2022,-22.9230302,-47.054197
1155,95,VOTO BRANCO,5892,,2022,-22.9230302,-47.054197
1155,96,VOTO NULO,6858,,2022,-22.9230302,-47.054197
1163,10,REPUBLICANOS,44,REPUBLICANOS,2022,-23.0305406,-47.1157393
1163,10,TARCISIO GOMES DE FREITAS,13257,REPUBLICANOS,2022,-23.0305406,-47.1157393
1163,1000,CELSO UBIRAJARA RUSSOMANNO,181,REPUBLICANOS,2022,-23.0305406,-47.1157393
1163,10000,JORGE WILSON GONÇALVES DE MATTOS,33,REPUBLICANOS,2022,-23.0305406,-47.1157393
1163,10099,LEONICE ALVES DA PAZ,35,REPUBLICANOS,2022,-23.0305406,-47.1157393
1163,1010,MARCOS ANTONIO PEREIRA,49,REPUBLICANOS,2022,-23.0305406,-47.1157393
1163,10123,GILMACI DOS SANTOS BARBOSA,307,REPUBLICANOS,2022,-23.0305406,-47.1157393
1163,10200,HIGOR DIEGO RALLA,179,REPUBLICANOS,2022,-23.0305406,-47.1157393
1163,10550,TOME ABDUCH,163,REPUBLICANOS,2022,-23.0305406,-47.1157393
1163,10777,MANOEL BARBOSA DO NASCIMENTO,40,REPUBLICANOS,2022,-23.0305406,-47.1157393
1163,1078,BENEDITO ROBERTO ALVES FERREIRA,328,REPUBLICANOS,2022,-23.0305406,-47.1157393
1163,1111,BRUNO MARCELLO DE OLIVEIRA LIMA,255,PP,2022,-23.0305406,-47.1157393
1163,1112,ISRAEL NANTES SANTOS,111,PP,2022,-23.0305406,-47.1157393
1163,11190,RAFAEL HENRIQUE CANO TELHADA,44,PP,2022,-23.0305406,-47.1157393
1163,1122,CARLOS ALBERTO DA CUNHA,74,PP,2022,-23.0305406,-47.1157393
1163,11777,ANTONIO ASSUNÇÃO DE OLIM,70,PP,2022,-23.0305406,-47.1157393
1163,12,ELVIS LEONARDO CEZAR,112,PDT,2022,-23.0305406,-47.1157393
1163,12,Partido Democrático Trabalhista,45,PDT,2022,-23.0305406,-47.1157393
1163,1212,MARIA GIOVANA LUCHIARI PISONI DUARTE FORTUNATO,39,PDT,2022,-23.0305406,-47.1157393
1163,12200,WILSON KELLER DE MATOS,95,PDT,2022,-23.0305406,-47.1157393
1163,123,JOSÉ ALDO REBELO FIGUEIREDO,126,PDT,2022,-23.0305406,-47.1157393
1163,13,FERNANDO HADDAD,10940,PT,2022,-23.0305406,-47.1157393
1163,13,Partido dos Trabalhadores,573,PT,2022,-23.0305406,-47.1157393
1163,13016,THAINARA KAROLINE FARIA,32,PT,2022,-23.0305406,-47.1157393
1163,1311,MARTA DE SOUZA SOBRAL,36,PT,2022,-23.0305406,-47.1157393
1163,13112,EVELYN SILVA DO NASCIMENTO VICENTE DA SILVA,898,PT,2022,-23.0305406,-47.1157393
1163,13120,CARLOS ROBERTO DE OLIVEIRA,75,PT,2022,-23.0305406,-47.1157393
1163,13121,ANA LUCIA LIPPAUS PERUGINI,103,PT,2022,-23.0305406,-47.1157393
1163,13123,MARIA IZABEL AZEVEDO NORONHA,36,PT,2022,-23.0305406,-47.1157393
1163,1313,RUI GOETHE DA COSTA FALCÃO,51,PT,2022,-23.0305406,-47.1157393
1163,13133,EDUARDO MATARAZZO SUPLICY,340,PT,2022,-23.0305406,-47.1157393
1163,13134,LUIZ FERNANDO TEIXEIRA FERREIRA,33,PT,2022,-23.0305406,-47.1157393
1163,1319,PEDRO TOURINHO DE SIQUEIRA,1076,PT,2022,-23.0305406,-47.1157393
1163,13199,PAOLLA CATHERINE DOS SANTOS MIGUEL AGARD,253,PT,2022,-23.0305406,-47.1157393
1163,13300,WAGNER DE MELO ROMÃO,101,PT,2022,-23.0305406,-47.1157393
1163,13310,LUIZ CLAUDIO MARCOLINO,71,PT,2022,-23.0305406,-47.1157393
1163,13331,VERA LUCIA RODRIGUES DE FARIA,41,PT,2022,-23.0305406,-47.1157393
1163,13654,JANDYRA MASSUE UEHARA ALVES,66,PT,2022,-23.0305406,-47.1157393
1163,1366,MARIANA CERGOLI JANEIRO,160,PT,2022,-23.0305406,-47.1157393
1163,1369,SYMMY LARRAT BRITO DE CARVALHO,45,PT,2022,-23.0305406,-47.1157393
1163,1370,CARLOS ALBERTO ROLIM ZARATTINI,67,PT,2022,-23.0305406,-47.1157393
1163,1380,JILMAR AUGUSTINHO TATTO,516,PT,2022,-23.0305406,-47.1157393
1163,13800,JORGE DO CARMO SILVA,82,PT,2022,-23.0305406,-47.1157393
1163,1398,LUIZ PAULO TEIXEIRA FERREIRA,45,PT,2022,-23.0305406,-47.1157393
1163,1414,ADRILLES REIS JORGE,70,PTB,2022,-23.0305406,-47.1157393
1163,1500,MARIO PALUMBO JUNIOR,82,MDB,2022,-23.0305406,-47.1157393
1163,1532,LUIZ LAURO FERREIRA,35,MDB,2022,-23.0305406,-47.1157393
1163,1536,ENRICO VAN BLARCUM DE GRAAFF MISASI,32,MDB,2022,-23.0305406,-47.1157393
1163,15363,JOSÉ ROGERIO SOARES DOS SANTOS,32,MDB,2022,-23.0305406,-47.1157393
1163,155,EDSON APARECIDO DOS SANTOS,505,MDB,2022,-23.0305406,-47.1157393
1163,1580,FÁBIO EDUARDO DE OLIVEIRA TERUEL,73,MDB,2022,-23.0305406,-47.1157393
1163,1587,ARNALDO SALVETTI PALACIO JUNIOR,128,MDB,2022,-23.0305406,-47.1157393
1163,1818,MARIA OSMARINA MARINA DA SILVA VAZ DE LIMA,119,REDE,2022,-23.0305406,-47.1157393
1163,1910,BRUNO AREVALO GANEM,120,PODE,2022,-23.0305406,-47.1157393
1163,19101,CLARICE CARASSOL AREVALO GANEM,84,PODE,2022,-23.0305406,-47.1157393
1163,1911,HENI OZI CUKIER,50,PODE,2022,-23.0305406,-47.1157393
1163,19519,EDUARDO DOS REIS MAGOGA,60,PODE,2022,-23.0305406,-47.1157393
1163,20000,MARCELO THEODORO DE AGUIAR,33,PSC,2022,-23.0305406,-47.1157393
1163,20123,HELIO DONIZETE ZANATTA,119,PSC,2022,-23.0305406,-47.1157393
1163,20190,LUIZ PAULO MADALHANO MAGALHÃES,36,PSC,2022,-23.0305406,-47.1157393
1163,2020,GILBERTO NASCIMENTO SILVA,141,PSC,2022,-23.0305406,-47.1157393
1163,20320,JOSÉ CARLOS FURIOSO,30,PSC,2022,-23.0305406,-47.1157393
1163,21,GABRIEL MAURILIO COLOMBO DE FREITAS,31,PCB,2022,-23.0305406,-47.1157393
1163,211,TITO FLAVIO BELLINI NOGUEIRA DE OLIVEIRA,33,PCB,2022,-23.0305406,-47.1157393
1163,22,Partido Liberal,367,,2022,-23.0305406,-47.1157393
1163,2200,JOSÉ AUGUSTO ROSA,65,PL,2022,-23.0305406,-47.1157393
1163,22000,DIMAS MECCA SAMPAIO,149,PL,2022,-23.0305406,-47.1157393
1163,2208,MARIO LUIS FRIAS,184,PL,2022,-23.0305406,-47.1157393
1163,2210,CARLA ZAMBELLI SALGADO DE OLIVEIRA,724,PL,2022,-23.0305406,-47.1157393
1163,22100,BRUNO ZAMBELLI SALGADO,194,PL,2022,-23.0305406,-47.1157393
1163,22112,CARLOS CEZAR DA SILVA,78,PL,2022,-23.0305406,-47.1157393
1163,22120,GILDEVANIO ILSO DOS SANTOS DINIZ,162,PL,2022,-23.0305406,-47.1157393
1163,22138,ROBERVAL CONTE LOPES LIMA,69,PL,2022,-23.0305406,-47.1157393
1163,22180,RAQUEL KOBASHI GALLINATI LOMBARDI,54,PL,2022,-23.0305406,-47.1157393
1163,222,MARCOS CESAR PONTES,6102,PL,2022,-23.0305406,-47.1157393
1163,2222,EDUARDO NANTES BOLSONARO,708,PL,2022,-23.0305406,-47.1157393
1163,22222,MARCOS ROBERTO DAMASIO DA SILVA,86,PL,2022,-23.0305406,-47.1157393
1163,2233,PAULO ROBERTO FREIRE DA COSTA,286,PL,2022,-23.0305406,-47.1157393
1163,2241,JOSÉ OLIMPIO SILVEIRA MORAES,40,PL,2022,-23.0305406,-47.1157393
1163,22422,PAULO JORGE MANSUR NETO,192,PL,2022,-23.0305406,-47.1157393
1163,2243,LUIZ PHILIPPE DE ORLEANS E BRAGANÇA,55,PL,2022,-23.0305406,-47.1157393
1163,2244,LUIZ CARLOS MOTTA,37,PL,2022,-23.0305406,-47.1157393
1163,22444,MATHEUS COIMBRA MARTINS DE AGUIAR,86,PL,2022,-23.0305406,-47.1157393
1163,2247,PAULO FRANCISCO MUNIZ BILYNSKYJ,57,PL,2022,-23.0305406,-47.1157393
1163,2250,RICARDO DE AQUINO SALLES,400,PL,2022,-23.0305406,-47.1157393
1163,22500,LUCAS DIEZ BOVE,91,PL,2022,-23.0305406,-47.1157393
1163,2251,ADILSON BARROSO OLIVEIRA,33,PL,2022,-23.0305406,-47.1157393
1163,22541,RODRIGO AUGUSTO MORAES,30,PL,2022,-23.0305406,-47.1157393
1163,2255,FRANCISCO EVERARDO TIRIRICA OLIVEIRA SILVA,58,PL,2022,-23.0305406,-47.1157393
1163,22553,THELMA ELAINE BRASILEIRO ROBERTI,43,PL,2022,-23.0305406,-47.1157393
1163,22555,FABIO ROGÉRIO CANDIDO,36,PL,2022,-23.0305406,-47.1157393
1163,2270,MARCO ANTONIO FELICIANO,158,PL,2022,-23.0305406,-47.1157393
1163,2274,JEFFERSON ALVES DE CAMPOS,68,PL,2022,-23.0305406,-47.1157393
1163,2276,MARSCHELO RODRIGO MARIN MECHE,57,PL,2022,-23.0305406,-47.1157393
1163,2290,GUILHERME MURARO DERRITE,130,PL,2022,-23.0305406,-47.1157393
1163,22922,VALERIA MULLER RAMOS BOLSONARO,570,PL,2022,-23.0305406,-47.1157393
1163,2300,MARCO ANTONIO VILLA,79,CIDADANIA,2022,-23.0305406,-47.1157393
1163,23000,RAFAEL FERNANDO ZIMBALDI,586,CIDADANIA,2022,-23.0305406,-47.1157393
1163,23456,ANTONIO DIRCEU DALBEN,201,CIDADANIA,2022,-23.0305406,-47.1157393
1163,23888,LI LI MIN,36,CIDADANIA,2022,-23.0305406,-47.1157393
1163,28357,MARDQUEU SILVIO FRANCA FILHO,30,PRTB,2022,-23.0305406,-47.1157393
1163,287,JANAINA CONCEIÇÃO PASCHOAL,339,PRTB,2022,-23.0305406,-47.1157393
1163,30,Partido Novo,94,NOVO,2022,-23.0305406,-47.1157393
1163,30,VINICIUS LAZZER POIT,198,NOVO,2022,-23.0305406,-47.1157393
1163,300,RICARDO LUIS MELLÃO,188,NOVO,2022,-23.0305406,-47.1157393
1163,3000,ALEXIS JOSEPH STEVERLYNCK FONTEYNE,61,NOVO,2022,-23.0305406,-47.1157393
1163,30130,MARIA CRISTINA DE OLIVEIRA,40,NOVO,2022,-23.0305406,-47.1157393
1163,3030,ADRIANA MIGUEL VENTURA,66,NOVO,2022,-23.0305406,-47.1157393
1163,30600,LEONARDO DE SIQUEIRA LIMA,39,NOVO,2022,-23.0305406,-47.1157393
1163,30730,HENRIQUE MAGALHÃES TEIXEIRA,103,NOVO,2022,-23.0305406,-47.1157393
1163,35352,FERNANDO LUIS COUTINHO NEVES,35,PMB,2022,-23.0305406,-47.1157393
1163,35555,DANILO RIDYER PALMA,56,PMB,2022,-23.0305406,-47.1157393
1163,36190,ADRIANA SANCHES GALDEANO BORGO,52,AGIR,2022,-23.0305406,-47.1157393
1163,40,Partido Socialista Brasileiro,179,,2022,-23.0305406,-47.1157393
1163,400,MÁRCIO LUIZ FRANÇA GOMES,4346,PSB,2022,-23.0305406,-47.1157393
1163,4000,JONAS DONIZETTE FERREIRA,858,PSB,2022,-23.0305406,-47.1157393
1163,40000,ANDRÉA WERNER SILVA BONOLI,54,PSB,2022,-23.0305406,-47.1157393
1163,4004,AUGUSTO DE ARRUDA BOTELHO NETO,30,PSB,2022,-23.0305406,-47.1157393
1163,4040,TABATA CLAUDIA AMARAL DE PONTES,156,PSB,2022,-23.0305406,-47.1157393
1163,40456,PERMÍNIO MONTEIRO DA SILVA,297,PSB,2022,-23.0305406,-47.1157393
1163,4400,ROSANGELA MARIA WOLFF DE QUADROS MORO,173,UNIÃO,2022,-23.0305406,-47.1157393
1163,44007,FELIPE SOUZA MURAKAMI DE FRANCO,48,UNIÃO,2022,-23.0305406,-47.1157393
1163,44008,CESAR ROCHA ANDRADE DA SILVA,34,UNIÃO,2022,-23.0305406,-47.1157393
1163,44019,RODRIGO LUIS DE BARROS ALMEIDA,156,UNIÃO,2022,-23.0305406,-47.1157393
1163,4407,FELIPE BECARI COMENALE,63,UNIÃO,2022,-23.0305406,-47.1157393
1163,44077,RAFAEL SARAIVA GAIA,30,UNIÃO,2022,-23.0305406,-47.1157393
1163,4411,DAVID BEZERRA RIBEIRO SOARES,36,UNIÃO,2022,-23.0305406,-47.1157393
1163,44220,ANDRE CRISTHIANO CAYRES RIBEIRO,45,UNIÃO,2022,-23.0305406,-47.1157393
1163,4425,ALEXANDRE LEITE DA SILVA,68,UNIÃO,2022,-23.0305406,-47.1157393
1163,4433,KIM PATROCA KATAGUIRI,170,UNIÃO,2022,-23.0305406,-47.1157393
1163,44333,AMANDA VETTORAZZO CARNEIRO,47,UNIÃO,2022,-23.0305406,-47.1157393
1163,4434,DOUGLAS DE PAULO VIEGAS,46,UNIÃO,2022,-23.0305406,-47.1157393
1163,44777,AUGUSTO ZACARIAS CORREA LEITE,68,UNIÃO,2022,-23.0305406,-47.1157393
1163,45,Partido da Social Democracia Brasileira,61,PSDB,2022,-23.0305406,-47.1157393
1163,45,RODRIGO GARCIA,1568,PSDB,2022,-23.0305406,-47.1157393
1163,4500,CARLOS HENRIQUE FOCESI SAMPAIO,320,PSDB,2022,-23.0305406,-47.1157393
1163,45123,ROGERIO NOGUEIRA LOPES CRUZ,51,PSDB,2022,-23.0305406,-47.1157393
1163,45200,CÉLIA CAMARGO LEÃO EDELMUTH,238,PSDB,2022,-23.0305406,-47.1157393
1163,45678,LUIZ HENRIQUE CIRILO,355,PSDB,2022,-23.0305406,-47.1157393
1163,50,Partido Socialismo e Liberdade,30,,2022,-23.0305406,-47.1157393
1163,5000,SÂMIA DE SOUZA BOMFIM,175,PSOL,2022,-23.0305406,-47.1157393
1163,50000,PAULA NUNES DOS SANTOS,88,PSOL,2022,-23.0305406,-47.1157393
1163,5010,GUILHERME CASTRO BOULOS,424,PSOL,2022,-23.0305406,-47.1157393
1163,50100,MARIANA CONTI TAKAHASHI,319,PSOL,2022,-23.0305406,-47.1157393
1163,50110,EDIANE MARIA DO NASCIMENTO,60,PSOL,2022,-23.0305406,-47.1157393
1163,50550,RAUL MARCELO DE SOUZA,44,PSOL,2022,-23.0305406,-47.1157393
1163,5070,ERIKA SANTOS SILVA,113,PSOL,2022,-23.0305406,-47.1157393
1163,50777,PAULO ROBERTO BUFALO,100,PSOL,2022,-23.0305406,-47.1157393
1163,50789,CARLOS ALBERTO GIANNASI,92,PSOL,2022,-23.0305406,-47.1157393
1163,5088,SÔNIA BONE DE SOUSA SILVA SANTOS,77,PSOL,2022,-23.0305406,-47.1157393
1163,50900,MÔNICA CRISTINA SEIXAS BONFIM,31,PSOL,2022,-23.0305406,-47.1157393
1163,5101,TERESINHA DE CARVALHO,53,PATRIOTA,2022,-23.0305406,-47.1157393
1163,55400,MARTA MARIA FREIRE DA COSTA,213,PSD,2022,-23.0305406,-47.1157393
1163,5555,GUILHERME CAMPOS JUNIOR,33,PSD,2022,-23.0305406,-47.1157393
1163,55655,ARTUR CASSEB ORSI,218,PSD,2022,-23.0305406,-47.1157393
1163,5577,ANTONIO CEZAR CORREIA FREIRE,31,PSD,2022,-23.0305406,-47.1157393
1163,55777,OSEIAS SANTOS DA SILVA,36,PSD,2022,-23.0305406,-47.1157393
1163,6500,ISADORA MARTINATTI PENNA,34,PC DO B,2022,-23.0305406,-47.1157393
1163,65035,LECI BRANDÃO DA SILVA,87,PC DO B,2022,-23.0305406,-47.1157393
1163,6565,ORLANDO SILVA DE JESUS JUNIOR,106,PC DO B,2022,-23.0305406,-47.1157393
1163,65656,MARCIA REGINA QUINTANILHA,62,PC DO B,2022,-23.0305406,-47.1157393
1163,77040,ADILSON DE SOUZA ROCHA,67,SOLIDARIEDADE,2022,-23.0305406,-47.1157393
1163,7719,MARCELO HENRIQUE SILVA,38,SOLIDARIEDADE,2022,-23.0305406,-47.1157393
1163,80,CAROLINA REJAILI VIGLIAR,48,UP,2022,-23.0305406,-47.1157393
1163,800,VIVIAN MENDES DA SILVA,142,UP,2022,-23.0305406,-47.1157393
1163,9000,PABLO HENRIQUE COSTA MARÇAL,178,PROS,2022,-23.0305406,-47.1157393
1163,90000,NEZIO ANTONIO MONTEIRO FILHO,48,PROS,2022,-23.0305406,-47.1157393
1163,9022,NISE HITOMI YAMAGUCHI,44,PROS,2022,-23.0305406,-47.1157393
1163,95,VOTO BRANCO,5594,,2022,-23.0305406,-47.1157393
1163,96,VOTO NULO,5934,,2022,-23.0305406,-47.1157393
1171,10,REPUBLICANOS,53,REPUBLICANOS,2022,-22.9115758,-47.0449363
1171,10,TARCISIO GOMES DE FREITAS,16713,REPUBLICANOS,2022,-22.9115758,-47.0449363
1171,1000,CELSO UBIRAJARA RUSSOMANNO,185,REPUBLICANOS,2022,-22.9115758,-47.0449363
1171,10000,JORGE WILSON GONÇALVES DE MATTOS,35,REPUBLICANOS,2022,-22.9115758,-47.0449363
1171,10099,LEONICE ALVES DA PAZ,50,REPUBLICANOS,2022,-22.9115758,-47.0449363
1171,1010,MARCOS ANTONIO PEREIRA,88,REPUBLICANOS,2022,-22.9115758,-47.0449363
1171,10123,GILMACI DOS SANTOS BARBOSA,276,REPUBLICANOS,2022,-22.9115758,-47.0449363
1171,10200,HIGOR DIEGO RALLA,339,REPUBLICANOS,2022,-22.9115758,-47.0449363
1171,10550,TOME ABDUCH,289,REPUBLICANOS,2022,-22.9115758,-47.0449363
1171,1078,BENEDITO ROBERTO ALVES FERREIRA,261,REPUBLICANOS,2022,-22.9115758,-47.0449363
1171,1099,ROBERTO ALVES DE LUCENA,33,REPUBLICANOS,2022,-22.9115758,-47.0449363
1171,1111,BRUNO MARCELLO DE OLIVEIRA LIMA,358,PP,2022,-22.9115758,-47.0449363
1171,1112,ISRAEL NANTES SANTOS,88,PP,2022,-22.9115758,-47.0449363
1171,11190,RAFAEL HENRIQUE CANO TELHADA,44,PP,2022,-22.9115758,-47.0449363
1171,1122,CARLOS ALBERTO DA CUNHA,105,PP,2022,-22.9115758,-47.0449363
1171,11777,ANTONIO ASSUNÇÃO DE OLIM,78,PP,2022,-22.9115758,-47.0449363
1171,1190,PAULO ADRIANO LOPES LUCINDA TELHADA,31,PP,2022,-22.9115758,-47.0449363
1171,12,ELVIS LEONARDO CEZAR,134,PDT,2022,-22.9115758,-47.0449363
1171,12,Partido Democrático Trabalhista,49,PDT,2022,-22.9115758,-47.0449363
1171,1212,MARIA GIOVANA LUCHIARI PISONI DUARTE FORTUNATO,42,PDT,2022,-22.9115758,-47.0449363
1171,12200,WILSON KELLER DE MATOS,63,PDT,2022,-22.9115758,-47.0449363
1171,123,JOSÉ ALDO REBELO FIGUEIREDO,191,PDT,2022,-22.9115758,-47.0449363
1171,13,FERNANDO HADDAD,12664,PT,2022,-22.9115758,-47.0449363
1171,13,Partido dos Trabalhadores,708,PT,2022,-22.9115758,-47.0449363
1171,13112,EVELYN SILVA DO NASCIMENTO VICENTE DA SILVA,298,PT,2022,-22.9115758,-47.0449363
1171,13120,CARLOS ROBERTO DE OLIVEIRA,73,PT,2022,-22.9115758,-47.0449363
1171,13121,ANA LUCIA LIPPAUS PERUGINI,130,PT,2022,-22.9115758,-47.0449363
1171,13123,MARIA IZABEL AZEVEDO NORONHA,70,PT,2022,-22.9115758,-47.0449363
1171,1313,RUI GOETHE DA COSTA FALCÃO,51,PT,2022,-22.9115758,-47.0449363
1171,13133,EDUARDO MATARAZZO SUPLICY,557,PT,2022,-22.9115758,-47.0449363
1171,1319,PEDRO TOURINHO DE SIQUEIRA,1053,PT,2022,-22.9115758,-47.0449363
1171,13199,PAOLLA CATHERINE DOS SANTOS MIGUEL AGARD,254,PT,2022,-22.9115758,-47.0449363
1171,13300,WAGNER DE MELO ROMÃO,174,PT,2022,-22.9115758,-47.0449363
1171,13331,VERA LUCIA RODRIGUES DE FARIA,59,PT,2022,-22.9115758,-47.0449363
1171,1354,ALEXANDRE ROCHA SANTOS PADILHA,33,PT,2022,-22.9115758,-47.0449363
1171,13613,PAULO ROBERTO FIORILO,35,PT,2022,-22.9115758,-47.0449363
1171,13654,JANDYRA MASSUE UEHARA ALVES,39,PT,2022,-22.9115758,-47.0449363
1171,1366,MARIANA CERGOLI JANEIRO,74,PT,2022,-22.9115758,-47.0449363
1171,1370,CARLOS ALBERTO ROLIM ZARATTINI,48,PT,2022,-22.9115758,-47.0449363
1171,1375,DOUGLAS ELIAS BELCHIOR,43,PT,2022,-22.9115758,-47.0449363
1171,1380,JILMAR AUGUSTINHO TATTO,242,PT,2022,-22.9115758,-47.0449363
1171,13800,JORGE DO CARMO SILVA,82,PT,2022,-22.9115758,-47.0449363
1171,1398,LUIZ PAULO TEIXEIRA FERREIRA,35,PT,2022,-22.9115758,-47.0449363
1171,14038,PAULO HUGENNEYER KOGOS,45,PTB,2022,-22.9115758,-47.0449363
1171,1414,ADRILLES REIS JORGE,86,PTB,2022,-22.9115758,-47.0449363
1171,15,Movimento Democrático Brasileiro,57,,2022,-22.9115758,-47.0449363
1171,1500,MARIO PALUMBO JUNIOR,84,MDB,2022,-22.9115758,-47.0449363
1171,1532,LUIZ LAURO FERREIRA,34,MDB,2022,-22.9115758,-47.0449363
1171,1536,ENRICO VAN BLARCUM DE GRAAFF MISASI,46,MDB,2022,-22.9115758,-47.0449363
1171,15363,JOSÉ ROGERIO SOARES DOS SANTOS,44,MDB,2022,-22.9115758,-47.0449363
1171,155,EDSON APARECIDO DOS SANTOS,654,MDB,2022,-22.9115758,-47.0449363
1171,1580,FÁBIO EDUARDO DE OLIVEIRA TERUEL,67,MDB,2022,-22.9115758,-47.0449363
1171,1587,ARNALDO SALVETTI PALACIO JUNIOR,170,MDB,2022,-22.9115758,-47.0449363
1171,18000,MARINA MEDEIROS HELOU,56,REDE,2022,-22.9115758,-47.0449363
1171,1818,MARIA OSMARINA MARINA DA SILVA VAZ DE LIMA,233,REDE,2022,-22.9115758,-47.0449363
1171,1877,RICARDO MAGNUS OSÓRIO GALVÃO,56,REDE,2022,-22.9115758,-47.0449363
1171,1910,BRUNO AREVALO GANEM,113,PODE,2022,-22.9115758,-47.0449363
1171,19101,CLARICE CARASSOL AREVALO GANEM,99,PODE,2022,-22.9115758,-47.0449363
1171,1911,HENI OZI CUKIER,78,PODE,2022,-22.9115758,-47.0449363
1171,19519,EDUARDO DOS REIS MAGOGA,63,PODE,2022,-22.9115758,-47.0449363
1171,20123,HELIO DONIZETE ZANATTA,129,PSC,2022,-22.9115758,-47.0449363
1171,2020,GILBERTO NASCIMENTO SILVA,163,PSC,2022,-22.9115758,-47.0449363
1171,20320,JOSÉ CARLOS FURIOSO,53,PSC,2022,-22.9115758,-47.0449363
1171,20900,PAULO SERGIO GALTERIO,55,PSC,2022,-22.9115758,-47.0449363
1171,21,GABRIEL MAURILIO COLOMBO DE FREITAS,36,PCB,2022,-22.9115758,-47.0449363
1171,211,TITO FLAVIO BELLINI NOGUEIRA DE OLIVEIRA,57,PCB,2022,-22.9115758,-47.0449363
1171,22,Partido Liberal,467,,2022,-22.9115758,-47.0449363
1171,2200,JOSÉ AUGUSTO ROSA,74,PL,2022,-22.9115758,-47.0449363
1171,22000,DIMAS MECCA SAMPAIO,195,PL,2022,-22.9115758,-47.0449363
1171,22007,DANILO MASCARENHAS DE BALAS,40,PL,2022,-22.9115758,-47.0449363
1171,22051,FABIANA DE LIMA BARROSO,41,PL,2022,-22.9115758,-47.0449363
1171,2208,MARIO LUIS FRIAS,203,PL,2022,-22.9115758,-47.0449363
1171,2210,CARLA ZAMBELLI SALGADO DE OLIVEIRA,1062,PL,2022,-22.9115758,-47.0449363
1171,22100,BRUNO ZAMBELLI SALGADO,298,PL,2022,-22.9115758,-47.0449363
1171,22112,CARLOS CEZAR DA SILVA,127,PL,2022,-22.9115758,-47.0449363
1171,22120,GILDEVANIO ILSO DOS SANTOS DINIZ,200,PL,2022,-22.9115758,-47.0449363
1171,22138,ROBERVAL CONTE LOPES LIMA,101,PL,2022,-22.9115758,-47.0449363
1171,22180,RAQUEL KOBASHI GALLINATI LOMBARDI,62,PL,2022,-22.9115758,-47.0449363
1171,222,MARCOS CESAR PONTES,7696,PL,2022,-22.9115758,-47.0449363
1171,2222,EDUARDO NANTES BOLSONARO,871,PL,2022,-22.9115758,-47.0449363
1171,22222,MARCOS ROBERTO DAMASIO DA SILVA,116,PL,2022,-22.9115758,-47.0449363
1171,2230,MARCIO TADEU ANHAIA DE LEMOS,31,PL,2022,-22.9115758,-47.0449363
1171,2233,PAULO ROBERTO FREIRE DA COSTA,268,PL,2022,-22.9115758,-47.0449363
1171,2234,LUIZ FELIPE DE ANDRADE FOLGOSI,32,PL,2022,-22.9115758,-47.0449363
1171,22343,THIAGO REIS AURICCHIO,44,PL,2022,-22.9115758,-47.0449363
1171,2240,KATIA DA SILVA SASTRE,34,PL,2022,-22.9115758,-47.0449363
1171,2241,JOSÉ OLIMPIO SILVEIRA MORAES,30,PL,2022,-22.9115758,-47.0449363
1171,22422,PAULO JORGE MANSUR NETO,208,PL,2022,-22.9115758,-47.0449363
1171,2243,LUIZ PHILIPPE DE ORLEANS E BRAGANÇA,102,PL,2022,-22.9115758,-47.0449363
1171,2244,LUIZ CARLOS MOTTA,79,PL,2022,-22.9115758,-47.0449363
1171,22444,MATHEUS COIMBRA MARTINS DE AGUIAR,94,PL,2022,-22.9115758,-47.0449363
1171,2247,PAULO FRANCISCO MUNIZ BILYNSKYJ,68,PL,2022,-22.9115758,-47.0449363
1171,2250,RICARDO DE AQUINO SALLES,712,PL,2022,-22.9115758,-47.0449363
1171,22500,LUCAS DIEZ BOVE,152,PL,2022,-22.9115758,-47.0449363
1171,2251,ADILSON BARROSO OLIVEIRA,30,PL,2022,-22.9115758,-47.0449363
1171,2255,FRANCISCO EVERARDO TIRIRICA OLIVEIRA SILVA,49,PL,2022,-22.9115758,-47.0449363
1171,22555,FABIO ROGÉRIO CANDIDO,42,PL,2022,-22.9115758,-47.0449363
1171,2270,MARCO ANTONIO FELICIANO,167,PL,2022,-22.9115758,-47.0449363
1171,2274,JEFFERSON ALVES DE CAMPOS,109,PL,2022,-22.9115758,-47.0449363
1171,2276,MARSCHELO RODRIGO MARIN MECHE,83,PL,2022,-22.9115758,-47.0449363
1171,22808,FABRIZIO FASANO JUNIOR,31,PL,2022,-22.9115758,-47.0449363
1171,2290,GUILHERME MURARO DERRITE,130,PL,2022,-22.9115758,-47.0449363
1171,22922,VALERIA MULLER RAMOS BOLSONARO,703,PL,2022,-22.9115758,-47.0449363
1171,2300,MARCO ANTONIO VILLA,122,CIDADANIA,2022,-22.9115758,-47.0449363
1171,23000,RAFAEL FERNANDO ZIMBALDI,859,CIDADANIA,2022,-22.9115758,-47.0449363
1171,23456,ANTONIO DIRCEU DALBEN,123,CIDADANIA,2022,-22.9115758,-47.0449363
1171,23888,LI LI MIN,59,CIDADANIA,2022,-22.9115758,-47.0449363
1171,2822,ROGERIO STRACIALANO PARADA,37,PRTB,2022,-22.9115758,-47.0449363
1171,287,JANAINA CONCEIÇÃO PASCHOAL,491,PRTB,2022,-22.9115758,-47.0449363
1171,30,Partido Novo,179,NOVO,2022,-22.9115758,-47.0449363
1171,30,VINICIUS LAZZER POIT,364,NOVO,2022,-22.9115758,-47.0449363
1171,300,RICARDO LUIS MELLÃO,340,NOVO,2022,-22.9115758,-47.0449363
1171,3000,ALEXIS JOSEPH STEVERLYNCK FONTEYNE,149,NOVO,2022,-22.9115758,-47.0449363
1171,30130,MARIA CRISTINA DE OLIVEIRA,54,NOVO,2022,-22.9115758,-47.0449363
1171,3030,ADRIANA MIGUEL VENTURA,137,NOVO,2022,-22.9115758,-47.0449363
1171,3055,FERNANDO HOLIDAY SILVA BISPO,43,NOVO,2022,-22.9115758,-47.0449363
1171,30555,LUCAS PAVANATO DE OLIVEIRA,31,NOVO,2022,-22.9115758,-47.0449363
1171,30600,LEONARDO DE SIQUEIRA LIMA,71,NOVO,2022,-22.9115758,-47.0449363
1171,30730,HENRIQUE MAGALHÃES TEIXEIRA,198,NOVO,2022,-22.9115758,-47.0449363
1171,35352,FERNANDO LUIS COUTINHO NEVES,44,PMB,2022,-22.9115758,-47.0449363
1171,35555,DANILO RIDYER PALMA,47,PMB,2022,-22.9115758,-47.0449363
1171,36190,ADRIANA SANCHES GALDEANO BORGO,58,AGIR,2022,-22.9115758,-47.0449363
1171,40,Partido Socialista Brasileiro,103,,2022,-22.9115758,-47.0449363
1171,400,MÁRCIO LUIZ FRANÇA GOMES,5056,PSB,2022,-22.9115758,-47.0449363
1171,4000,JONAS DONIZETTE FERREIRA,850,PSB,2022,-22.9115758,-47.0449363
1171,40000,ANDRÉA WERNER SILVA BONOLI,106,PSB,2022,-22.9115758,-47.0449363
1171,4004,AUGUSTO DE ARRUDA BOTELHO NETO,65,PSB,2022,-22.9115758,-47.0449363
1171,4040,TABATA CLAUDIA AMARAL DE PONTES,319,PSB,2022,-22.9115758,-47.0449363
1171,40400,RENATA FALZONI,42,PSB,2022,-22.9115758,-47.0449363
1171,40456,PERMÍNIO MONTEIRO DA SILVA,215,PSB,2022,-22.9115758,-47.0449363
1171,4400,ROSANGELA MARIA WOLFF DE QUADROS MORO,245,UNIÃO,2022,-22.9115758,-47.0449363
1171,44007,FELIPE SOUZA MURAKAMI DE FRANCO,65,UNIÃO,2022,-22.9115758,-47.0449363
1171,44019,RODRIGO LUIS DE BARROS ALMEIDA,156,UNIÃO,2022,-22.9115758,-47.0449363
1171,4407,FELIPE BECARI COMENALE,83,UNIÃO,2022,-22.9115758,-47.0449363
1171,44077,RAFAEL SARAIVA GAIA,71,UNIÃO,2022,-22.9115758,-47.0449363
1171,44220,ANDRE CRISTHIANO CAYRES RIBEIRO,139,UNIÃO,2022,-22.9115758,-47.0449363
1171,4425,ALEXANDRE LEITE DA SILVA,46,UNIÃO,2022,-22.9115758,-47.0449363
1171,4433,KIM PATROCA KATAGUIRI,259,UNIÃO,2022,-22.9115758,-47.0449363
1171,44333,AMANDA VETTORAZZO CARNEIRO,50,UNIÃO,2022,-22.9115758,-47.0449363
1171,4434,DOUGLAS DE PAULO VIEGAS,42,UNIÃO,2022,-22.9115758,-47.0449363
1171,44777,AUGUSTO ZACARIAS CORREA LEITE,127,UNIÃO,2022,-22.9115758,-47.0449363
1171,44999,RENATO DE SOUZA BATTISTA,31,UNIÃO,2022,-22.9115758,-47.0449363
1171,45,Partido da Social Democracia Brasileira,86,PSDB,2022,-22.9115758,-47.0449363
1171,45,RODRIGO GARCIA,2149,PSDB,2022,-22.9115758,-47.0449363
1171,4500,CARLOS HENRIQUE FOCESI SAMPAIO,539,PSDB,2022,-22.9115758,-47.0449363
1171,45123,ROGERIO NOGUEIRA LOPES CRUZ,49,PSDB,2022,-22.9115758,-47.0449363
1171,45200,CÉLIA CAMARGO LEÃO EDELMUTH,309,PSDB,2022,-22.9115758,-47.0449363
1171,4545,JOSÉ SERRA,35,PSDB,2022,-22.9115758,-47.0449363
1171,45678,LUIZ HENRIQUE CIRILO,294,PSDB,2022,-22.9115758,-47.0449363
1171,50,Partido Socialismo e Liberdade,62,,2022,-22.9115758,-47.0449363
1171,5000,SÂMIA DE SOUZA BOMFIM,265,PSOL,2022,-22.9115758,-47.0449363
1171,50000,PAULA NUNES DOS SANTOS,182,PSOL,2022,-22.9115758,-47.0449363
1171,50005,GUILHERME DA COSTA AGUIAR CORTEZ,32,PSOL,2022,-22.9115758,-47.0449363
1171,5010,GUILHERME CASTRO BOULOS,721,PSOL,2022,-22.9115758,-47.0449363
1171,50100,MARIANA CONTI TAKAHASHI,645,PSOL,2022,-22.9115758,-47.0449363
1171,50110,EDIANE MARIA DO NASCIMENTO,115,PSOL,2022,-22.9115758,-47.0449363
1171,5021,LUIZA ERUNDINA DE SOUSA,47,PSOL,2022,-22.9115758,-47.0449363
1171,5033,VLADIMIR PINHEIRO SAFATLE,31,PSOL,2022,-22.9115758,-47.0449363
1171,5050,IVAN VALENTE,40,PSOL,2022,-22.9115758,-47.0449363
1171,5070,ERIKA SANTOS SILVA,193,PSOL,2022,-22.9115758,-47.0449363
1171,50777,PAULO ROBERTO BUFALO,159,PSOL,2022,-22.9115758,-47.0449363
1171,50789,CARLOS ALBERTO GIANNASI,134,PSOL,2022,-22.9115758,-47.0449363
1171,5088,SÔNIA BONE DE SOUSA SILVA SANTOS,160,PSOL,2022,-22.9115758,-47.0449363
1171,50900,MÔNICA CRISTINA SEIXAS BONFIM,57,PSOL,2022,-22.9115758,-47.0449363
1171,5101,TERESINHA DE CARVALHO,51,PATRIOTA,2022,-22.9115758,-47.0449363
1171,55400,MARTA MARIA FREIRE DA COSTA,187,PSD,2022,-22.9115758,-47.0449363
1171,5555,GUILHERME CAMPOS JUNIOR,69,PSD,2022,-22.9115758,-47.0449363
1171,55655,ARTUR CASSEB ORSI,487,PSD,2022,-22.9115758,-47.0449363
1171,55777,OSEIAS SANTOS DA SILVA,30,PSD,2022,-22.9115758,-47.0449363
1171,6500,ISADORA MARTINATTI PENNA,64,PC DO B,2022,-22.9115758,-47.0449363
1171,65035,LECI BRANDÃO DA SILVA,107,PC DO B,2022,-22.9115758,-47.0449363
1171,6565,ORLANDO SILVA DE JESUS JUNIOR,114,PC DO B,2022,-22.9115758,-47.0449363
1171,65656,MARCIA REGINA QUINTANILHA,76,PC DO B,2022,-22.9115758,-47.0449363
1171,77040,ADILSON DE SOUZA ROCHA,110,SOLIDARIEDADE,2022,-22.9115758,-47.0449363
1171,80,CAROLINA REJAILI VIGLIAR,64,UP,2022,-22.9115758,-47.0449363
1171,800,VIVIAN MENDES DA SILVA,241,UP,2022,-22.9115758,-47.0449363
1171,9000,PABLO HENRIQUE COSTA MARÇAL,170,PROS,2022,-22.9115758,-47.0449363
1171,90000,NEZIO ANTONIO MONTEIRO FILHO,45,PROS,2022,-22.9115758,-47.0449363
1171,9022,NISE HITOMI YAMAGUCHI,53,PROS,2022,-22.9115758,-47.0449363
1171,95,VOTO BRANCO,4907,,2022,-22.9115758,-47.0449363
1171,96,VOTO NULO,5929,,2022,-22.9115758,-47.0449363
1180,10,REPUBLICANOS,47,REPUBLICANOS,2022,-22.9319607,-47.0873837
1180,10,TARCISIO GOMES DE FREITAS,18433,REPUBLICANOS,2022,-22.9319607,-47.0873837
1180,1000,CELSO UBIRAJARA RUSSOMANNO,145,REPUBLICANOS,2022,-22.9319607,-47.0873837
1180,10099,LEONICE ALVES DA PAZ,53,REPUBLICANOS,2022,-22.9319607,-47.0873837
1180,1010,MARCOS ANTONIO PEREIRA,46,REPUBLICANOS,2022,-22.9319607,-47.0873837
1180,10123,GILMACI DOS SANTOS BARBOSA,154,REPUBLICANOS,2022,-22.9319607,-47.0873837
1180,10200,HIGOR DIEGO RALLA,158,REPUBLICANOS,2022,-22.9319607,-47.0873837
1180,1022,MARIA DO PARTO MENDES ROSAS,30,REPUBLICANOS,2022,-22.9319607,-47.0873837
1180,10222,ÉLITON SOUSA LEITE,31,REPUBLICANOS,2022,-22.9319607,-47.0873837
1180,10550,TOME ABDUCH,496,REPUBLICANOS,2022,-22.9319607,-47.0873837
1180,10777,MANOEL BARBOSA DO NASCIMENTO,31,REPUBLICANOS,2022,-22.9319607,-47.0873837
1180,1078,BENEDITO ROBERTO ALVES FERREIRA,148,REPUBLICANOS,2022,-22.9319607,-47.0873837
1180,1099,ROBERTO ALVES DE LUCENA,33,REPUBLICANOS,2022,-22.9319607,-47.0873837
1180,1100,MANOEL MAURICIO SILVA NEVES,50,PP,2022,-22.9319607,-47.0873837
1180,1111,BRUNO MARCELLO DE OLIVEIRA LIMA,278,PP,2022,-22.9319607,-47.0873837
1180,1112,ISRAEL NANTES SANTOS,119,PP,2022,-22.9319607,-47.0873837
1180,11190,RAFAEL HENRIQUE CANO TELHADA,40,PP,2022,-22.9319607,-47.0873837
1180,1122,CARLOS ALBERTO DA CUNHA,72,PP,2022,-22.9319607,-47.0873837
1180,11777,ANTONIO ASSUNÇÃO DE OLIM,83,PP,2022,-22.9319607,-47.0873837
1180,1190,PAULO ADRIANO LOPES LUCINDA TELHADA,31,PP,2022,-22.9319607,-47.0873837
1180,12,ELVIS LEONARDO CEZAR,85,PDT,2022,-22.9319607,-47.0873837
1180,12,Partido Democrático Trabalhista,48,PDT,2022,-22.9319607,-47.0873837
1180,1212,MARIA GIOVANA LUCHIARI PISONI DUARTE FORTUNATO,41,PDT,2022,-22.9319607,-47.0873837
1180,12200,WILSON KELLER DE MATOS,68,PDT,2022,-22.9319607,-47.0873837
1180,123,JOSÉ ALDO REBELO FIGUEIREDO,163,PDT,2022,-22.9319607,-47.0873837
1180,13,FERNANDO HADDAD,10412,PT,2022,-22.9319607,-47.0873837
1180,13,Partido dos Trabalhadores,466,PT,2022,-22.9319607,-47.0873837
1180,13016,THAINARA KAROLINE FARIA,164,PT,2022,-22.9319607,-47.0873837
1180,13112,EVELYN SILVA DO NASCIMENTO VICENTE DA SILVA,34,PT,2022,-22.9319607,-47.0873837
1180,13120,CARLOS ROBERTO DE OLIVEIRA,92,PT,2022,-22.9319607,-47.0873837
1180,13121,ANA LUCIA LIPPAUS PERUGINI,102,PT,2022,-22.9319607,-47.0873837
1180,13123,MARIA IZABEL AZEVEDO NORONHA,49,PT,2022,-22.9319607,-47.0873837
1180,1313,RUI GOETHE DA COSTA FALCÃO,31,PT,2022,-22.9319607,-47.0873837
1180,13133,EDUARDO MATARAZZO SUPLICY,504,PT,2022,-22.9319607,-47.0873837
1180,1319,PEDRO TOURINHO DE SIQUEIRA,847,PT,2022,-22.9319607,-47.0873837
1180,13199,PAOLLA CATHERINE DOS SANTOS MIGUEL AGARD,190,PT,2022,-22.9319607,-47.0873837
1180,13290,LEANDRO CÂNDIDO SOARES,56,PT,2022,-22.9319607,-47.0873837
1180,13300,WAGNER DE MELO ROMÃO,161,PT,2022,-22.9319607,-47.0873837
1180,13331,VERA LUCIA RODRIGUES DE FARIA,38,PT,2022,-22.9319607,-47.0873837
1180,13654,JANDYRA MASSUE UEHARA ALVES,33,PT,2022,-22.9319607,-47.0873837
1180,1366,MARIANA CERGOLI JANEIRO,65,PT,2022,-22.9319607,-47.0873837
1180,1370,CARLOS ALBERTO ROLIM ZARATTINI,33,PT,2022,-22.9319607,-47.0873837
1180,1380,JILMAR AUGUSTINHO TATTO,176,PT,2022,-22.9319607,-47.0873837
1180,14038,PAULO HUGENNEYER KOGOS,54,PTB,2022,-22.9319607,-47.0873837
1180,1414,ADRILLES REIS JORGE,98,PTB,2022,-22.9319607,-47.0873837
1180,15,Movimento Democrático Brasileiro,53,,2022,-22.9319607,-47.0873837
1180,1500,MARIO PALUMBO JUNIOR,68,MDB,2022,-22.9319607,-47.0873837
1180,1532,LUIZ LAURO FERREIRA,58,MDB,2022,-22.9319607,-47.0873837
1180,1536,ENRICO VAN BLARCUM DE GRAAFF MISASI,49,MDB,2022,-22.9319607,-47.0873837
1180,15363,JOSÉ ROGERIO SOARES DOS SANTOS,54,MDB,2022,-22.9319607,-47.0873837
1180,155,EDSON APARECIDO DOS SANTOS,786,MDB,2022,-22.9319607,-47.0873837
1180,1580,FÁBIO EDUARDO DE OLIVEIRA TERUEL,43,MDB,2022,-22.9319607,-47.0873837
1180,1587,ARNALDO SALVETTI PALACIO JUNIOR,176,MDB,2022,-22.9319607,-47.0873837
1180,18000,MARINA MEDEIROS HELOU,93,REDE,2022,-22.9319607,-47.0873837
1180,1818,MARIA OSMARINA MARINA DA SILVA VAZ DE LIMA,287,REDE,2022,-22.9319607,-47.0873837
1180,1877,RICARDO MAGNUS OSÓRIO GALVÃO,65,REDE,2022,-22.9319607,-47.0873837
1180,18888,VICTOR AUGUSTO LINS MENDES,30,REDE,2022,-22.9319607,-47.0873837
1180,1910,BRUNO AREVALO GANEM,104,PODE,2022,-22.9319607,-47.0873837
1180,19101,CLARICE CARASSOL AREVALO GANEM,84,PODE,2022,-22.9319607,-47.0873837
1180,1911,HENI OZI CUKIER,129,PODE,2022,-22.9319607,-47.0873837
1180,19111,GERSON DOS SANTOS PIRES,46,PODE,2022,-22.9319607,-47.0873837
1180,1920,DANIEL JOSÉ DA SILVA OLIVEIRA,68,PODE,2022,-22.9319607,-47.0873837
1180,19519,EDUARDO DOS REIS MAGOGA,73,PODE,2022,-22.9319607,-47.0873837
1180,2020,GILBERTO NASCIMENTO SILVA,44,PSC,2022,-22.9319607,-47.0873837
1180,20320,JOSÉ CARLOS FURIOSO,32,PSC,2022,-22.9319607,-47.0873837
1180,21,GABRIEL MAURILIO COLOMBO DE FREITAS,42,PCB,2022,-22.9319607,-47.0873837
1180,211,TITO FLAVIO BELLINI NOGUEIRA DE OLIVEIRA,73,PCB,2022,-22.9319607,-47.0873837
1180,22,Partido Liberal,416,,2022,-22.9319607,-47.0873837
1180,2200,JOSÉ AUGUSTO ROSA,48,PL,2022,-22.9319607,-47.0873837
1180,22000,DIMAS MECCA SAMPAIO,185,PL,2022,-22.9319607,-47.0873837
1180,22007,DANILO MASCARENHAS DE BALAS,58,PL,2022,-22.9319607,-47.0873837
1180,22038,AMERICO MASSAKI HIGUTI,30,PL,2022,-22.9319607,-47.0873837
1180,22051,FABIANA DE LIMA BARROSO,30,PL,2022,-22.9319607,-47.0873837
1180,2208,MARIO LUIS FRIAS,224,PL,2022,-22.9319607,-47.0873837
1180,2210,CARLA ZAMBELLI SALGADO DE OLIVEIRA,1229,PL,2022,-22.9319607,-47.0873837
1180,22100,BRUNO ZAMBELLI SALGADO,321,PL,2022,-22.9319607,-47.0873837
1180,22112,CARLOS CEZAR DA SILVA,61,PL,2022,-22.9319607,-47.0873837
1180,22120,GILDEVANIO ILSO DOS SANTOS DINIZ,216,PL,2022,-22.9319607,-47.0873837
1180,22138,ROBERVAL CONTE LOPES LIMA,98,PL,2022,-22.9319607,-47.0873837
1180,22180,RAQUEL KOBASHI GALLINATI LOMBARDI,51,PL,2022,-22.9319607,-47.0873837
1180,222,MARCOS CESAR PONTES,8235,PL,2022,-22.9319607,-47.0873837
1180,2222,EDUARDO NANTES BOLSONARO,758,PL,2022,-22.9319607,-47.0873837
1180,22222,MARCOS ROBERTO DAMASIO DA SILVA,84,PL,2022,-22.9319607,-47.0873837
1180,2230,MARCIO TADEU ANHAIA DE LEMOS,35,PL,2022,-22.9319607,-47.0873837
1180,2233,PAULO ROBERTO FREIRE DA COSTA,251,PL,2022,-22.9319607,-47.0873837
1180,22343,THIAGO REIS AURICCHIO,66,PL,2022,-22.9319607,-47.0873837
1180,2240,KATIA DA SILVA SASTRE,46,PL,2022,-22.9319607,-47.0873837
1180,22422,PAULO JORGE MANSUR NETO,182,PL,2022,-22.9319607,-47.0873837
1180,2243,LUIZ PHILIPPE DE ORLEANS E BRAGANÇA,152,PL,2022,-22.9319607,-47.0873837
1180,2244,LUIZ CARLOS MOTTA,30,PL,2022,-22.9319607,-47.0873837
1180,22444,MATHEUS COIMBRA MARTINS DE AGUIAR,99,PL,2022,-22.9319607,-47.0873837
1180,2247,PAULO FRANCISCO MUNIZ BILYNSKYJ,85,PL,2022,-22.9319607,-47.0873837
1180,2250,RICARDO DE AQUINO SALLES,1102,PL,2022,-22.9319607,-47.0873837
1180,22500,LUCAS DIEZ BOVE,212,PL,2022,-22.9319607,-47.0873837
1180,22553,THELMA ELAINE BRASILEIRO ROBERTI,35,PL,2022,-22.9319607,-47.0873837
1180,22555,FABIO ROGÉRIO CANDIDO,49,PL,2022,-22.9319607,-47.0873837
1180,2270,MARCO ANTONIO FELICIANO,75,PL,2022,-22.9319607,-47.0873837
1180,2274,JEFFERSON ALVES DE CAMPOS,55,PL,2022,-22.9319607,-47.0873837
1180,2276,MARSCHELO RODRIGO MARIN MECHE,53,PL,2022,-22.9319607,-47.0873837
1180,22808,FABRIZIO FASANO JUNIOR,48,PL,2022,-22.9319607,-47.0873837
1180,2290,GUILHERME MURARO DERRITE,116,PL,2022,-22.9319607,-47.0873837
1180,22900,FLAVIO GONÇALVES DA COSTA,33,PL,2022,-22.9319607,-47.0873837
1180,22922,VALERIA MULLER RAMOS BOLSONARO,619,PL,2022,-22.9319607,-47.0873837
1180,2300,MARCO ANTONIO VILLA,156,CIDADANIA,2022,-22.9319607,-47.0873837
1180,23000,RAFAEL FERNANDO ZIMBALDI,721,CIDADANIA,2022,-22.9319607,-47.0873837
1180,23456,ANTONIO DIRCEU DALBEN,111,CIDADANIA,2022,-22.9319607,-47.0873837
1180,23888,LI LI MIN,93,CIDADANIA,2022,-22.9319607,-47.0873837
1180,2822,ROGERIO STRACIALANO PARADA,55,PRTB,2022,-22.9319607,-47.0873837
1180,28357,MARDQUEU SILVIO FRANCA FILHO,36,PRTB,2022,-22.9319607,-47.0873837
1180,287,JANAINA CONCEIÇÃO PASCHOAL,686,PRTB,2022,-22.9319607,-47.0873837
1180,30,Partido Novo,318,NOVO,2022,-22.9319607,-47.0873837
1180,30,VINICIUS LAZZER POIT,524,NOVO,2022,-22.9319607,-47.0873837
1180,300,RICARDO LUIS MELLÃO,589,NOVO,2022,-22.9319607,-47.0873837
1180,3000,ALEXIS JOSEPH STEVERLYNCK FONTEYNE,470,NOVO,2022,-22.9319607,-47.0873837
1180,3001,MARINA HELENA CUNHA PEREIRA SANTOS,101,NOVO,2022,-22.9319607,-47.0873837
1180,30130,MARIA CRISTINA DE OLIVEIRA,105,NOVO,2022,-22.9319607,-47.0873837
1180,30153,MIRIAM MARIA ANTUNES DE SOUZA,35,NOVO,2022,-22.9319607,-47.0873837
1180,3030,ADRIANA MIGUEL VENTURA,185,NOVO,2022,-22.9319607,-47.0873837
1180,30500,SERGIO LUIZ VICTOR JUNIOR,34,NOVO,2022,-22.9319607,-47.0873837
1180,30600,LEONARDO DE SIQUEIRA LIMA,234,NOVO,2022,-22.9319607,-47.0873837
1180,30730,HENRIQUE MAGALHÃES TEIXEIRA,381,NOVO,2022,-22.9319607,-47.0873837
1180,35352,FERNANDO LUIS COUTINHO NEVES,39,PMB,2022,-22.9319607,-47.0873837
1180,35555,DANILO RIDYER PALMA,66,PMB,2022,-22.9319607,-47.0873837
1180,36190,ADRIANA SANCHES GALDEANO BORGO,46,AGIR,2022,-22.9319607,-47.0873837
1180,40,Partido Socialista Brasileiro,101,,2022,-22.9319607,-47.0873837
1180,400,MÁRCIO LUIZ FRANÇA GOMES,4338,PSB,2022,-22.9319607,-47.0873837
1180,4000,JONAS DONIZETTE FERREIRA,728,PSB,2022,-22.9319607,-47.0873837
1180,40000,ANDRÉA WERNER SILVA BONOLI,127,PSB,2022,-22.9319607,-47.0873837
1180,4004,AUGUSTO DE ARRUDA BOTELHO NETO,65,PSB,2022,-22.9319607,-47.0873837
1180,4040,TABATA CLAUDIA AMARAL DE PONTES,443,PSB,2022,-22.9319607,-47.0873837
1180,40400,RENATA FALZONI,59,PSB,2022,-22.9319607,-47.0873837
1180,40456,PERMÍNIO MONTEIRO DA SILVA,166,PSB,2022,-22.9319607,-47.0873837
1180,40540,LARA EUNICE SANTOS BARBOSA,30,PSB,2022,-22.9319607,-47.0873837
1180,44,UNIÃO BRASIL,30,,2022,-22.9319607,-47.0873837
1180,4400,ROSANGELA MARIA WOLFF DE QUADROS MORO,296,UNIÃO,2022,-22.9319607,-47.0873837
1180,44007,FELIPE SOUZA MURAKAMI DE FRANCO,66,UNIÃO,2022,-22.9319607,-47.0873837
1180,44008,CESAR ROCHA ANDRADE DA SILVA,35,UNIÃO,2022,-22.9319607,-47.0873837
1180,44019,RODRIGO LUIS DE BARROS ALMEIDA,90,UNIÃO,2022,-22.9319607,-47.0873837
1180,4407,FELIPE BECARI COMENALE,77,UNIÃO,2022,-22.9319607,-47.0873837
1180,44077,RAFAEL SARAIVA GAIA,45,UNIÃO,2022,-22.9319607,-47.0873837
1180,44118,EDMIR JOSE ABI CHEDID,37,UNIÃO,2022,-22.9319607,-47.0873837
1180,44220,ANDRE CRISTHIANO CAYRES RIBEIRO,37,UNIÃO,2022,-22.9319607,-47.0873837
1180,4433,KIM PATROCA KATAGUIRI,281,UNIÃO,2022,-22.9319607,-47.0873837
1180,44333,AMANDA VETTORAZZO CARNEIRO,43,UNIÃO,2022,-22.9319607,-47.0873837
1180,4434,DOUGLAS DE PAULO VIEGAS,59,UNIÃO,2022,-22.9319607,-47.0873837
1180,44777,AUGUSTO ZACARIAS CORREA LEITE,138,UNIÃO,2022,-22.9319607,-47.0873837
1180,4488,CRISTIANO MOREIRA PINTO BERALDO,45,UNIÃO,2022,-22.9319607,-47.0873837
1180,44999,RENATO DE SOUZA BATTISTA,53,UNIÃO,2022,-22.9319607,-47.0873837
1180,45,Partido da Social Democracia Brasileira,122,PSDB,2022,-22.9319607,-47.0873837
1180,45,RODRIGO GARCIA,2490,PSDB,2022,-22.9319607,-47.0873837
1180,4500,CARLOS HENRIQUE FOCESI SAMPAIO,763,PSDB,2022,-22.9319607,-47.0873837
1180,45123,ROGERIO NOGUEIRA LOPES CRUZ,33,PSDB,2022,-22.9319607,-47.0873837
1180,45200,CÉLIA CAMARGO LEÃO EDELMUTH,483,PSDB,2022,-22.9319607,-47.0873837
1180,4545,JOSÉ SERRA,55,PSDB,2022,-22.9319607,-47.0873837
1180,45678,LUIZ HENRIQUE CIRILO,260,PSDB,2022,-22.9319607,-47.0873837
1180,50,Partido Socialismo e Liberdade,68,,2022,-22.9319607,-47.0873837
1180,5000,SÂMIA DE SOUZA BOMFIM,251,PSOL,2022,-22.9319607,-47.0873837
1180,50000,PAULA NUNES DOS SANTOS,175,PSOL,2022,-22.9319607,-47.0873837
1180,5010,GUILHERME CASTRO BOULOS,609,PSOL,2022,-22.9319607,-47.0873837
1180,50100,MARIANA CONTI TAKAHASHI,626,PSOL,2022,-22.9319607,-47.0873837
1180,50110,EDIANE MARIA DO NASCIMENTO,115,PSOL,2022,-22.9319607,-47.0873837
1180,5021,LUIZA ERUNDINA DE SOUSA,53,PSOL,2022,-22.9319607,-47.0873837
1180,5033,VLADIMIR PINHEIRO SAFATLE,31,PSOL,2022,-22.9319607,-47.0873837
1180,50456,ADRIANA SCANAVEZ DOS SANTOS,31,PSOL,2022,-22.9319607,-47.0873837
1180,5050,IVAN VALENTE,38,PSOL,2022,-22.9319607,-47.0873837
1180,5070,ERIKA SANTOS SILVA,160,PSOL,2022,-22.9319607,-47.0873837
1180,50777,PAULO ROBERTO BUFALO,109,PSOL,2022,-22.9319607,-47.0873837
1180,50789,CARLOS ALBERTO GIANNASI,128,PSOL,2022,-22.9319607,-47.0873837
1180,5088,SÔNIA BONE DE SOUSA SILVA SANTOS,197,PSOL,2022,-22.9319607,-47.0873837
1180,50900,MÔNICA CRISTINA SEIXAS BONFIM,61,PSOL,2022,-22.9319607,-47.0873837
1180,5101,TERESINHA DE CARVALHO,46,PATRIOTA,2022,-22.9319607,-47.0873837
1180,51011,INES REGINA SCISCI MACIEL,30,PATRIOTA,2022,-22.9319607,-47.0873837
1180,55,Partido Social Democrático,33,,2022,-22.9319607,-47.0873837
1180,55400,MARTA MARIA FREIRE DA COSTA,192,PSD,2022,-22.9319607,-47.0873837
1180,5555,GUILHERME CAMPOS JUNIOR,111,PSD,2022,-22.9319607,-47.0873837
1180,55655,ARTUR CASSEB ORSI,947,PSD,2022,-22.9319607,-47.0873837
1180,65035,LECI BRANDÃO DA SILVA,57,PC DO B,2022,-22.9319607,-47.0873837
1180,6565,ORLANDO SILVA DE JESUS JUNIOR,41,PC DO B,2022,-22.9319607,-47.0873837
1180,65656,MARCIA REGINA QUINTANILHA,38,PC DO B,2022,-22.9319607,-47.0873837
1180,77040,ADILSON DE SOUZA ROCHA,38,SOLIDARIEDADE,2022,-22.9319607,-47.0873837
1180,80,CAROLINA REJAILI VIGLIAR,45,UP,2022,-22.9319607,-47.0873837
1180,800,VIVIAN MENDES DA SILVA,227,UP,2022,-22.9319607,-47.0873837
1180,9000,PABLO HENRIQUE COSTA MARÇAL,178,PROS,2022,-22.9319607,-47.0873837
1180,90000,NEZIO ANTONIO MONTEIRO FILHO,54,PROS,2022,-22.9319607,-47.0873837
1180,9022,NISE HITOMI YAMAGUCHI,70,PROS,2022,-22.9319607,-47.0873837
1180,95,VOTO BRANCO,3497,,2022,-22.9319607,-47.0873837
1180,96,VOTO NULO,4600,,2022,-22.9319607,-47.0873837
1198,10,REPUBLICANOS,63,REPUBLICANOS,2022,-22.9064,-47.0616
1198,10,TARCISIO GOMES DE FREITAS,19811,REPUBLICANOS,2022,-22.9064,-47.0616
1198,1000,CELSO UBIRAJARA RUSSOMANNO,181,REPUBLICANOS,2022,-22.9064,-47.0616
1198,10099,LEONICE ALVES DA PAZ,114,REPUBLICANOS,2022,-22.9064,-47.0616
1198,1010,MARCOS ANTONIO PEREIRA,141,REPUBLICANOS,2022,-22.9064,-47.0616
1198,10123,GILMACI DOS SANTOS BARBOSA,187,REPUBLICANOS,2022,-22.9064,-47.0616
1198,10200,HIGOR DIEGO RALLA,1041,REPUBLICANOS,2022,-22.9064,-47.0616
1198,1023,HENRIQUE STEIN SCIASCIO,47,REPUBLICANOS,2022,-22.9064,-47.0616
1198,10550,TOME ABDUCH,380,REPUBLICANOS,2022,-22.9064,-47.0616
1198,1078,BENEDITO ROBERTO ALVES FERREIRA,175,REPUBLICANOS,2022,-22.9064,-47.0616
1198,1099,ROBERTO ALVES DE LUCENA,54,REPUBLICANOS,2022,-22.9064,-47.0616
1198,1100,MANOEL MAURICIO SILVA NEVES,45,PP,2022,-22.9064,-47.0616
1198,1111,BRUNO MARCELLO DE OLIVEIRA LIMA,385,PP,2022,-22.9064,-47.0616
1198,1112,ISRAEL NANTES SANTOS,145,PP,2022,-22.9064,-47.0616
1198,11190,RAFAEL HENRIQUE CANO TELHADA,49,PP,2022,-22.9064,-47.0616
1198,1122,CARLOS ALBERTO DA CUNHA,102,PP,2022,-22.9064,-47.0616
1198,11777,ANTONIO ASSUNÇÃO DE OLIM,107,PP,2022,-22.9064,-47.0616
1198,1190,PAULO ADRIANO LOPES LUCINDA TELHADA,37,PP,2022,-22.9064,-47.0616
1198,12,ELVIS LEONARDO CEZAR,121,PDT,2022,-22.9064,-47.0616
1198,12,Partido Democrático Trabalhista,50,PDT,2022,-22.9064,-47.0616
1198,1212,MARIA GIOVANA LUCHIARI PISONI DUARTE FORTUNATO,42,PDT,2022,-22.9064,-47.0616
1198,12200,WILSON KELLER DE MATOS,57,PDT,2022,-22.9064,-47.0616
1198,123,JOSÉ ALDO REBELO FIGUEIREDO,179,PDT,2022,-22.9064,-47.0616
1198,13,FERNANDO HADDAD,12689,PT,2022,-22.9064,-47.0616
1198,13,Partido dos Trabalhadores,629,PT,2022,-22.9064,-47.0616
1198,13016,THAINARA KAROLINE FARIA,43,PT,2022,-22.9064,-47.0616
1198,13120,CARLOS ROBERTO DE OLIVEIRA,78,PT,2022,-22.9064,-47.0616
1198,13121,ANA LUCIA LIPPAUS PERUGINI,180,PT,2022,-22.9064,-47.0616
1198,13123,MARIA IZABEL AZEVEDO NORONHA,67,PT,2022,-22.9064,-47.0616
1198,1313,RUI GOETHE DA COSTA FALCÃO,33,PT,2022,-22.9064,-47.0616
1198,13133,EDUARDO MATARAZZO SUPLICY,622,PT,2022,-22.9064,-47.0616
1198,13134,LUIZ FERNANDO TEIXEIRA FERREIRA,37,PT,2022,-22.9064,-47.0616
1198,1319,PEDRO TOURINHO DE SIQUEIRA,1183,PT,2022,-22.9064,-47.0616
1198,13199,PAOLLA CATHERINE DOS SANTOS MIGUEL AGARD,204,PT,2022,-22.9064,-47.0616
1198,13300,WAGNER DE MELO ROMÃO,149,PT,2022,-22.9064,-47.0616
1198,13331,VERA LUCIA RODRIGUES DE FARIA,59,PT,2022,-22.9064,-47.0616
1198,13651,PAULO BATISTA DOS REIS,132,PT,2022,-22.9064,-47.0616
1198,13654,JANDYRA MASSUE UEHARA ALVES,32,PT,2022,-22.9064,-47.0616
1198,1366,MARIANA CERGOLI JANEIRO,58,PT,2022,-22.9064,-47.0616
1198,1370,CARLOS ALBERTO ROLIM ZARATTINI,166,PT,2022,-22.9064,-47.0616
1198,13700,ANTONIO DONATO MADORMO,119,PT,2022,-22.9064,-47.0616
1198,1380,JILMAR AUGUSTINHO TATTO,119,PT,2022,-22.9064,-47.0616
1198,14038,PAULO HUGENNEYER KOGOS,38,PTB,2022,-22.9064,-47.0616
1198,1414,ADRILLES REIS JORGE,127,PTB,2022,-22.9064,-47.0616
1198,15,Movimento Democrático Brasileiro,54,,2022,-22.9064,-47.0616
1198,1500,MARIO PALUMBO JUNIOR,89,MDB,2022,-22.9064,-47.0616
1198,15121,ANDRE CESAR COSTA,33,MDB,2022,-22.9064,-47.0616
1198,1515,LUIZ FELIPE BALEIA TENUTO ROSSI,30,MDB,2022,-22.9064,-47.0616
1198,15300,ITAMAR FRANCISCO MACHADO BORGES,32,MDB,2022,-22.9064,-47.0616
1198,1532,LUIZ LAURO FERREIRA,67,MDB,2022,-22.9064,-47.0616
1198,1536,ENRICO VAN BLARCUM DE GRAAFF MISASI,83,MDB,2022,-22.9064,-47.0616
1198,15363,JOSÉ ROGERIO SOARES DOS SANTOS,87,MDB,2022,-22.9064,-47.0616
1198,155,EDSON APARECIDO DOS SANTOS,729,MDB,2022,-22.9064,-47.0616
1198,1580,FÁBIO EDUARDO DE OLIVEIRA TERUEL,85,MDB,2022,-22.9064,-47.0616
1198,1587,ARNALDO SALVETTI PALACIO JUNIOR,171,MDB,2022,-22.9064,-47.0616
1198,18000,MARINA MEDEIROS HELOU,67,REDE,2022,-22.9064,-47.0616
1198,1818,MARIA OSMARINA MARINA DA SILVA VAZ DE LIMA,233,REDE,2022,-22.9064,-47.0616
1198,1877,RICARDO MAGNUS OSÓRIO GALVÃO,59,REDE,2022,-22.9064,-47.0616
1198,1910,BRUNO AREVALO GANEM,117,PODE,2022,-22.9064,-47.0616
1198,19101,CLARICE CARASSOL AREVALO GANEM,89,PODE,2022,-22.9064,-47.0616
1198,1911,HENI OZI CUKIER,98,PODE,2022,-22.9064,-47.0616
1198,19111,GERSON DOS SANTOS PIRES,30,PODE,2022,-22.9064,-47.0616
1198,1920,DANIEL JOSÉ DA SILVA OLIVEIRA,40,PODE,2022,-22.9064,-47.0616
1198,19519,EDUARDO DOS REIS MAGOGA,75,PODE,2022,-22.9064,-47.0616
1198,20123,HELIO DONIZETE ZANATTA,61,PSC,2022,-22.9064,-47.0616
1198,20190,LUIZ PAULO MADALHANO MAGALHÃES,40,PSC,2022,-22.9064,-47.0616
1198,2020,GILBERTO NASCIMENTO SILVA,107,PSC,2022,-22.9064,-47.0616
1198,20320,JOSÉ CARLOS FURIOSO,45,PSC,2022,-22.9064,-47.0616
1198,21,GABRIEL MAURILIO COLOMBO DE FREITAS,56,PCB,2022,-22.9064,-47.0616
1198,211,TITO FLAVIO BELLINI NOGUEIRA DE OLIVEIRA,81,PCB,2022,-22.9064,-47.0616
1198,22,Partido Liberal,500,,2022,-22.9064,-47.0616
1198,2200,JOSÉ AUGUSTO ROSA,71,PL,2022,-22.9064,-47.0616
1198,22000,DIMAS MECCA SAMPAIO,183,PL,2022,-22.9064,-47.0616
1198,22007,DANILO MASCARENHAS DE BALAS,45,PL,2022,-22.9064,-47.0616
1198,22051,FABIANA DE LIMA BARROSO,67,PL,2022,-22.9064,-47.0616
1198,2208,MARIO LUIS FRIAS,215,PL,2022,-22.9064,-47.0616
1198,2210,CARLA ZAMBELLI SALGADO DE OLIVEIRA,1234,PL,2022,-22.9064,-47.0616
1198,22100,BRUNO ZAMBELLI SALGADO,293,PL,2022,-22.9064,-47.0616
1198,22112,CARLOS CEZAR DA SILVA,85,PL,2022,-22.9064,-47.0616
1198,22120,GILDEVANIO ILSO DOS SANTOS DINIZ,205,PL,2022,-22.9064,-47.0616
1198,22138,ROBERVAL CONTE LOPES LIMA,106,PL,2022,-22.9064,-47.0616
1198,22180,RAQUEL KOBASHI GALLINATI LOMBARDI,66,PL,2022,-22.9064,-47.0616
1198,222,MARCOS CESAR PONTES,8984,PL,2022,-22.9064,-47.0616
1198,2222,EDUARDO NANTES BOLSONARO,933,PL,2022,-22.9064,-47.0616
1198,22221,SERGIO MATHEUS SANTOS GARCEZ,33,PL,2022,-22.9064,-47.0616
1198,22222,MARCOS ROBERTO DAMASIO DA SILVA,119,PL,2022,-22.9064,-47.0616
1198,2233,PAULO ROBERTO FREIRE DA COSTA,263,PL,2022,-22.9064,-47.0616
1198,2234,LUIZ FELIPE DE ANDRADE FOLGOSI,31,PL,2022,-22.9064,-47.0616
1198,22343,THIAGO REIS AURICCHIO,67,PL,2022,-22.9064,-47.0616
1198,2240,KATIA DA SILVA SASTRE,44,PL,2022,-22.9064,-47.0616
1198,22422,PAULO JORGE MANSUR NETO,189,PL,2022,-22.9064,-47.0616
1198,2243,LUIZ PHILIPPE DE ORLEANS E BRAGANÇA,152,PL,2022,-22.9064,-47.0616
1198,2244,LUIZ CARLOS MOTTA,126,PL,2022,-22.9064,-47.0616
1198,22444,MATHEUS COIMBRA MARTINS DE AGUIAR,103,PL,2022,-22.9064,-47.0616
1198,2247,PAULO FRANCISCO MUNIZ BILYNSKYJ,95,PL,2022,-22.9064,-47.0616
1198,2250,RICARDO DE AQUINO SALLES,813,PL,2022,-22.9064,-47.0616
1198,22500,LUCAS DIEZ BOVE,242,PL,2022,-22.9064,-47.0616
1198,2251,ADILSON BARROSO OLIVEIRA,43,PL,2022,-22.9064,-47.0616
1198,2255,FRANCISCO EVERARDO TIRIRICA OLIVEIRA SILVA,48,PL,2022,-22.9064,-47.0616
1198,22553,THELMA ELAINE BRASILEIRO ROBERTI,46,PL,2022,-22.9064,-47.0616
1198,22555,FABIO ROGÉRIO CANDIDO,49,PL,2022,-22.9064,-47.0616
1198,2270,MARCO ANTONIO FELICIANO,132,PL,2022,-22.9064,-47.0616
1198,2274,JEFFERSON ALVES DE CAMPOS,72,PL,2022,-22.9064,-47.0616
1198,2276,MARSCHELO RODRIGO MARIN MECHE,94,PL,2022,-22.9064,-47.0616
1198,2290,GUILHERME MURARO DERRITE,166,PL,2022,-22.9064,-47.0616
1198,22900,FLAVIO GONÇALVES DA COSTA,41,PL,2022,-22.9064,-47.0616
1198,22922,VALERIA MULLER RAMOS BOLSONARO,577,PL,2022,-22.9064,-47.0616
1198,2300,MARCO ANTONIO VILLA,155,CIDADANIA,2022,-22.9064,-47.0616
1198,23000,RAFAEL FERNANDO ZIMBALDI,966,CIDADANIA,2022,-22.9064,-47.0616
1198,23456,ANTONIO DIRCEU DALBEN,115,CIDADANIA,2022,-22.9064,-47.0616
1198,23888,LI LI MIN,92,CIDADANIA,2022,-22.9064,-47.0616
1198,2822,ROGERIO STRACIALANO PARADA,50,PRTB,2022,-22.9064,-47.0616
1198,28357,MARDQUEU SILVIO FRANCA FILHO,40,PRTB,2022,-22.9064,-47.0616
1198,287,JANAINA CONCEIÇÃO PASCHOAL,655,PRTB,2022,-22.9064,-47.0616
1198,30,Partido Novo,299,NOVO,2022,-22.9064,-47.0616
1198,30,VINICIUS LAZZER POIT,472,NOVO,2022,-22.9064,-47.0616
1198,300,RICARDO LUIS MELLÃO,513,NOVO,2022,-22.9064,-47.0616
1198,3000,ALEXIS JOSEPH STEVERLYNCK FONTEYNE,224,NOVO,2022,-22.9064,-47.0616
1198,3001,MARINA HELENA CUNHA PEREIRA SANTOS,65,NOVO,2022,-22.9064,-47.0616
1198,30130,MARIA CRISTINA DE OLIVEIRA,103,NOVO,2022,-22.9064,-47.0616
1198,30246,PAULO SÉRGIO CONTADOR MIRAS,44,NOVO,2022,-22.9064,-47.0616
1198,3030,ADRIANA MIGUEL VENTURA,184,NOVO,2022,-22.9064,-47.0616
1198,30500,SERGIO LUIZ VICTOR JUNIOR,30,NOVO,2022,-22.9064,-47.0616
1198,3055,FERNANDO HOLIDAY SILVA BISPO,34,NOVO,2022,-22.9064,-47.0616
1198,30600,LEONARDO DE SIQUEIRA LIMA,156,NOVO,2022,-22.9064,-47.0616
1198,30730,HENRIQUE MAGALHÃES TEIXEIRA,267,NOVO,2022,-22.9064,-47.0616
1198,35352,FERNANDO LUIS COUTINHO NEVES,44,PMB,2022,-22.9064,-47.0616
1198,35555,DANILO RIDYER PALMA,56,PMB,2022,-22.9064,-47.0616
1198,36190,ADRIANA SANCHES GALDEANO BORGO,116,AGIR,2022,-22.9064,-47.0616
1198,40,Partido Socialista Brasileiro,121,,2022,-22.9064,-47.0616
1198,400,MÁRCIO LUIZ FRANÇA GOMES,5173,PSB,2022,-22.9064,-47.0616
1198,4000,JONAS DONIZETTE FERREIRA,958,PSB,2022,-22.9064,-47.0616
1198,40000,ANDRÉA WERNER SILVA BONOLI,120,PSB,2022,-22.9064,-47.0616
1198,4004,AUGUSTO DE ARRUDA BOTELHO NETO,61,PSB,2022,-22.9064,-47.0616
1198,4040,TABATA CLAUDIA AMARAL DE PONTES,430,PSB,2022,-22.9064,-47.0616
1198,40400,RENATA FALZONI,56,PSB,2022,-22.9064,-47.0616
1198,40456,PERMÍNIO MONTEIRO DA SILVA,163,PSB,2022,-22.9064,-47.0616
1198,4400,ROSANGELA MARIA WOLFF DE QUADROS MORO,303,UNIÃO,2022,-22.9064,-47.0616
1198,44007,FELIPE SOUZA MURAKAMI DE FRANCO,86,UNIÃO,2022,-22.9064,-47.0616
1198,44008,CESAR ROCHA ANDRADE DA SILVA,35,UNIÃO,2022,-22.9064,-47.0616
1198,44019,RODRIGO LUIS DE BARROS ALMEIDA,146,UNIÃO,2022,-22.9064,-47.0616
1198,4407,FELIPE BECARI COMENALE,103,UNIÃO,2022,-22.9064,-47.0616
1198,44077,RAFAEL SARAIVA GAIA,51,UNIÃO,2022,-22.9064,-47.0616
1198,44220,ANDRE CRISTHIANO CAYRES RIBEIRO,69,UNIÃO,2022,-22.9064,-47.0616
1198,4425,ALEXANDRE LEITE DA SILVA,43,UNIÃO,2022,-22.9064,-47.0616
1198,4433,KIM PATROCA KATAGUIRI,303,UNIÃO,2022,-22.9064,-47.0616
1198,44333,AMANDA VETTORAZZO CARNEIRO,62,UNIÃO,2022,-22.9064,-47.0616
1198,4434,DOUGLAS DE PAULO VIEGAS,72,UNIÃO,2022,-22.9064,-47.0616
1198,44777,AUGUSTO ZACARIAS CORREA LEITE,124,UNIÃO,2022,-22.9064,-47.0616
1198,4488,CRISTIANO MOREIRA PINTO BERALDO,48,UNIÃO,2022,-22.9064,-47.0616
1198,44999,RENATO DE SOUZA BATTISTA,72,UNIÃO,2022,-22.9064,-47.0616
1198,45,Partido da Social Democracia Brasileira,94,PSDB,2022,-22.9064,-47.0616
1198,45,RODRIGO GARCIA,2632,PSDB,2022,-22.9064,-47.0616
1198,4500,CARLOS HENRIQUE FOCESI SAMPAIO,753,PSDB,2022,-22.9064,-47.0616
1198,45123,ROGERIO NOGUEIRA LOPES CRUZ,47,PSDB,2022,-22.9064,-47.0616
1198,45200,CÉLIA CAMARGO LEÃO EDELMUTH,425,PSDB,2022,-22.9064,-47.0616
1198,4545,JOSÉ SERRA,53,PSDB,2022,-22.9064,-47.0616
1198,45678,LUIZ HENRIQUE CIRILO,264,PSDB,2022,-22.9064,-47.0616
1198,50,Partido Socialismo e Liberdade,67,,2022,-22.9064,-47.0616
1198,5000,SÂMIA DE SOUZA BOMFIM,304,PSOL,2022,-22.9064,-47.0616
1198,50000,PAULA NUNES DOS SANTOS,195,PSOL,2022,-22.9064,-47.0616
1198,5010,GUILHERME CASTRO BOULOS,691,PSOL,2022,-22.9064,-47.0616
1198,50100,MARIANA CONTI TAKAHASHI,771,PSOL,2022,-22.9064,-47.0616
1198,50110,EDIANE MARIA DO NASCIMENTO,98,PSOL,2022,-22.9064,-47.0616
1198,5021,LUIZA ERUNDINA DE SOUSA,52,PSOL,2022,-22.9064,-47.0616
1198,5050,IVAN VALENTE,40,PSOL,2022,-22.9064,-47.0616
1198,50522,CHIRLEY MARIA DE SOUZA ALMEIDA SANTOS,30,PSOL,2022,-22.9064,-47.0616
1198,5070,ERIKA SANTOS SILVA,194,PSOL,2022,-22.9064,-47.0616
1198,50777,PAULO ROBERTO BUFALO,140,PSOL,2022,-22.9064,-47.0616
1198,50789,CARLOS ALBERTO GIANNASI,127,PSOL,2022,-22.9064,-47.0616
1198,5088,SÔNIA BONE DE SOUSA SILVA SANTOS,186,PSOL,2022,-22.9064,-47.0616
1198,50900,MÔNICA CRISTINA SEIXAS BONFIM,58,PSOL,2022,-22.9064,-47.0616
1198,5101,TERESINHA DE CARVALHO,81,PATRIOTA,2022,-22.9064,-47.0616
1198,51050,CARLOS ROBERTO TOLEDO,30,PATRIOTA,2022,-22.9064,-47.0616
1198,5177,FELICIANO NAHIMY FILHO,32,PATRIOTA,2022,-22.9064,-47.0616
1198,55400,MARTA MARIA FREIRE DA COSTA,169,PSD,2022,-22.9064,-47.0616
1198,5555,GUILHERME CAMPOS JUNIOR,97,PSD,2022,-22.9064,-47.0616
1198,55655,ARTUR CASSEB ORSI,697,PSD,2022,-22.9064,-47.0616
1198,5577,ANTONIO CEZAR CORREIA FREIRE,34,PSD,2022,-22.9064,-47.0616
1198,55777,OSEIAS SANTOS DA SILVA,40,PSD,2022,-22.9064,-47.0616
1198,6500,ISADORA MARTINATTI PENNA,35,PC DO B,2022,-22.9064,-47.0616
1198,65035,LECI BRANDÃO DA SILVA,66,PC DO B,2022,-22.9064,-47.0616
1198,6565,ORLANDO SILVA DE JESUS JUNIOR,93,PC DO B,2022,-22.9064,-47.0616
1198,65656,MARCIA REGINA QUINTANILHA,60,PC DO B,2022,-22.9064,-47.0616
1198,70033,FRANCISCA ROSANA MONTANHER,34,AVANTE,2022,-22.9064,-47.0616
1198,77040,ADILSON DE SOUZA ROCHA,43,SOLIDARIEDADE,2022,-22.9064,-47.0616
1198,7719,MARCELO HENRIQUE SILVA,76,SOLIDARIEDADE,2022,-22.9064,-47.0616
1198,80,CAROLINA REJAILI VIGLIAR,78,UP,2022,-22.9064,-47.0616
1198,800,VIVIAN MENDES DA SILVA,268,UP,2022,-22.9064,-47.0616
1198,9000,PABLO HENRIQUE COSTA MARÇAL,222,PROS,2022,-22.9064,-47.0616
1198,90000,NEZIO ANTONIO MONTEIRO FILHO,69,PROS,2022,-22.9064,-47.0616
1198,9022,NISE HITOMI YAMAGUCHI,67,PROS,2022,-22.9064,-47.0616
1198,95,VOTO BRANCO,4892,,2022,-22.9064,-47.0616
1198,96,VOTO NULO,6426,,2022,-22.9064,-47.0616
1201,10,REPUBLICANOS,46,REPUBLICANOS,2022,-22.9452875,-47.1224251
1201,10,TARCISIO GOMES DE FREITAS,17543,REPUBLICANOS,2022,-22.9452875,-47.1224251
1201,1000,CELSO UBIRAJARA RUSSOMANNO,191,REPUBLICANOS,2022,-22.9452875,-47.1224251
1201,10000,JORGE WILSON GONÇALVES DE MATTOS,43,REPUBLICANOS,2022,-22.9452875,-47.1224251
1201,10099,LEONICE ALVES DA PAZ,72,REPUBLICANOS,2022,-22.9452875,-47.1224251
1201,1010,MARCOS ANTONIO PEREIRA,65,REPUBLICANOS,2022,-22.9452875,-47.1224251
1201,10123,GILMACI DOS SANTOS BARBOSA,241,REPUBLICANOS,2022,-22.9452875,-47.1224251
1201,10200,HIGOR DIEGO RALLA,296,REPUBLICANOS,2022,-22.9452875,-47.1224251
1201,10550,TOME ABDUCH,282,REPUBLICANOS,2022,-22.9452875,-47.1224251
1201,1078,BENEDITO ROBERTO ALVES FERREIRA,228,REPUBLICANOS,2022,-22.9452875,-47.1224251
1201,1099,ROBERTO ALVES DE LUCENA,46,REPUBLICANOS,2022,-22.9452875,-47.1224251
1201,1100,MANOEL MAURICIO SILVA NEVES,34,PP,2022,-22.9452875,-47.1224251
1201,1111,BRUNO MARCELLO DE OLIVEIRA LIMA,331,PP,2022,-22.9452875,-47.1224251
1201,1112,ISRAEL NANTES SANTOS,168,PP,2022,-22.9452875,-47.1224251
1201,11190,RAFAEL HENRIQUE CANO TELHADA,44,PP,2022,-22.9452875,-47.1224251
1201,1122,CARLOS ALBERTO DA CUNHA,124,PP,2022,-22.9452875,-47.1224251
1201,11777,ANTONIO ASSUNÇÃO DE OLIM,96,PP,2022,-22.9452875,-47.1224251
1201,1190,PAULO ADRIANO LOPES LUCINDA TELHADA,41,PP,2022,-22.9452875,-47.1224251
1201,12,ELVIS LEONARDO CEZAR,136,PDT,2022,-22.9452875,-47.1224251
1201,12,Partido Democrático Trabalhista,60,PDT,2022,-22.9452875,-47.1224251
1201,1212,MARIA GIOVANA LUCHIARI PISONI DUARTE FORTUNATO,41,PDT,2022,-22.9452875,-47.1224251
1201,12200,WILSON KELLER DE MATOS,51,PDT,2022,-22.9452875,-47.1224251
1201,123,JOSÉ ALDO REBELO FIGUEIREDO,150,PDT,2022,-22.9452875,-47.1224251
1201,13,FERNANDO HADDAD,12610,PT,2022,-22.9452875,-47.1224251
1201,13,Partido dos Trabalhadores,670,PT,2022,-22.9452875,-47.1224251
1201,13016,THAINARA KAROLINE FARIA,41,PT,2022,-22.9452875,-47.1224251
1201,13112,EVELYN SILVA DO NASCIMENTO VICENTE DA SILVA,87,PT,2022,-22.9452875,-47.1224251
1201,13120,CARLOS ROBERTO DE OLIVEIRA,219,PT,2022,-22.9452875,-47.1224251
1201,13121,ANA LUCIA LIPPAUS PERUGINI,167,PT,2022,-22.9452875,-47.1224251
1201,13123,MARIA IZABEL AZEVEDO NORONHA,89,PT,2022,-22.9452875,-47.1224251
1201,1313,RUI GOETHE DA COSTA FALCÃO,52,PT,2022,-22.9452875,-47.1224251
1201,13133,EDUARDO MATARAZZO SUPLICY,594,PT,2022,-22.9452875,-47.1224251
1201,13134,LUIZ FERNANDO TEIXEIRA FERREIRA,82,PT,2022,-22.9452875,-47.1224251
1201,1319,PEDRO TOURINHO DE SIQUEIRA,1329,PT,2022,-22.9452875,-47.1224251
1201,13199,PAOLLA CATHERINE DOS SANTOS MIGUEL AGARD,339,PT,2022,-22.9452875,-47.1224251
1201,13300,WAGNER DE MELO ROMÃO,105,PT,2022,-22.9452875,-47.1224251
1201,13331,VERA LUCIA RODRIGUES DE FARIA,76,PT,2022,-22.9452875,-47.1224251
1201,1354,ALEXANDRE ROCHA SANTOS PADILHA,33,PT,2022,-22.9452875,-47.1224251
1201,13654,JANDYRA MASSUE UEHARA ALVES,102,PT,2022,-22.9452875,-47.1224251
1201,1366,MARIANA CERGOLI JANEIRO,140,PT,2022,-22.9452875,-47.1224251
1201,1370,CARLOS ALBERTO ROLIM ZARATTINI,54,PT,2022,-22.9452875,-47.1224251
1201,13700,ANTONIO DONATO MADORMO,30,PT,2022,-22.9452875,-47.1224251
1201,1375,DOUGLAS ELIAS BELCHIOR,47,PT,2022,-22.9452875,-47.1224251
1201,1380,JILMAR AUGUSTINHO TATTO,172,PT,2022,-22.9452875,-47.1224251
1201,13800,JORGE DO CARMO SILVA,63,PT,2022,-22.9452875,-47.1224251
1201,1398,LUIZ PAULO TEIXEIRA FERREIRA,35,PT,2022,-22.9452875,-47.1224251
1201,14038,PAULO HUGENNEYER KOGOS,34,PTB,2022,-22.9452875,-47.1224251
1201,1414,ADRILLES REIS JORGE,75,PTB,2022,-22.9452875,-47.1224251
1201,15,Movimento Democrático Brasileiro,53,,2022,-22.9452875,-47.1224251
1201,1500,MARIO PALUMBO JUNIOR,121,MDB,2022,-22.9452875,-47.1224251
1201,15121,ANDRE CESAR COSTA,45,MDB,2022,-22.9452875,-47.1224251
1201,15300,ITAMAR FRANCISCO MACHADO BORGES,35,MDB,2022,-22.9452875,-47.1224251
1201,1532,LUIZ LAURO FERREIRA,59,MDB,2022,-22.9452875,-47.1224251
1201,1536,ENRICO VAN BLARCUM DE GRAAFF MISASI,44,MDB,2022,-22.9452875,-47.1224251
1201,15363,JOSÉ ROGERIO SOARES DOS SANTOS,33,MDB,2022,-22.9452875,-47.1224251
1201,155,EDSON APARECIDO DOS SANTOS,631,MDB,2022,-22.9452875,-47.1224251
1201,1565,MARLON FARIAS DA LUZ,34,MDB,2022,-22.9452875,-47.1224251
1201,1580,FÁBIO EDUARDO DE OLIVEIRA TERUEL,86,MDB,2022,-22.9452875,-47.1224251
1201,1587,ARNALDO SALVETTI PALACIO JUNIOR,256,MDB,2022,-22.9452875,-47.1224251
1201,18000,MARINA MEDEIROS HELOU,45,REDE,2022,-22.9452875,-47.1224251
1201,1818,MARIA OSMARINA MARINA DA SILVA VAZ DE LIMA,229,REDE,2022,-22.9452875,-47.1224251
1201,1877,RICARDO MAGNUS OSÓRIO GALVÃO,31,REDE,2022,-22.9452875,-47.1224251
1201,1910,BRUNO AREVALO GANEM,83,PODE,2022,-22.9452875,-47.1224251
1201,19101,CLARICE CARASSOL AREVALO GANEM,62,PODE,2022,-22.9452875,-47.1224251
1201,1911,HENI OZI CUKIER,66,PODE,2022,-22.9452875,-47.1224251
1201,19519,EDUARDO DOS REIS MAGOGA,91,PODE,2022,-22.9452875,-47.1224251
1201,20123,HELIO DONIZETE ZANATTA,79,PSC,2022,-22.9452875,-47.1224251
1201,20190,LUIZ PAULO MADALHANO MAGALHÃES,45,PSC,2022,-22.9452875,-47.1224251
1201,2020,GILBERTO NASCIMENTO SILVA,99,PSC,2022,-22.9452875,-47.1224251
1201,20320,JOSÉ CARLOS FURIOSO,58,PSC,2022,-22.9452875,-47.1224251
1201,21,GABRIEL MAURILIO COLOMBO DE FREITAS,34,PCB,2022,-22.9452875,-47.1224251
1201,211,TITO FLAVIO BELLINI NOGUEIRA DE OLIVEIRA,55,PCB,2022,-22.9452875,-47.1224251
1201,22,Partido Liberal,522,,2022,-22.9452875,-47.1224251
1201,2200,JOSÉ AUGUSTO ROSA,70,PL,2022,-22.9452875,-47.1224251
1201,22000,DIMAS MECCA SAMPAIO,193,PL,2022,-22.9452875,-47.1224251
1201,22007,DANILO MASCARENHAS DE BALAS,35,PL,2022,-22.9452875,-47.1224251
1201,22051,FABIANA DE LIMA BARROSO,50,PL,2022,-22.9452875,-47.1224251
1201,2208,MARIO LUIS FRIAS,200,PL,2022,-22.9452875,-47.1224251
1201,2210,CARLA ZAMBELLI SALGADO DE OLIVEIRA,956,PL,2022,-22.9452875,-47.1224251
1201,22100,BRUNO ZAMBELLI SALGADO,306,PL,2022,-22.9452875,-47.1224251
1201,22112,CARLOS CEZAR DA SILVA,192,PL,2022,-22.9452875,-47.1224251
1201,22120,GILDEVANIO ILSO DOS SANTOS DINIZ,205,PL,2022,-22.9452875,-47.1224251
1201,22138,ROBERVAL CONTE LOPES LIMA,98,PL,2022,-22.9452875,-47.1224251
1201,22180,RAQUEL KOBASHI GALLINATI LOMBARDI,66,PL,2022,-22.9452875,-47.1224251
1201,222,MARCOS CESAR PONTES,8006,PL,2022,-22.9452875,-47.1224251
1201,2222,EDUARDO NANTES BOLSONARO,960,PL,2022,-22.9452875,-47.1224251
1201,22222,MARCOS ROBERTO DAMASIO DA SILVA,126,PL,2022,-22.9452875,-47.1224251
1201,2230,MARCIO TADEU ANHAIA DE LEMOS,47,PL,2022,-22.9452875,-47.1224251
1201,2233,PAULO ROBERTO FREIRE DA COSTA,279,PL,2022,-22.9452875,-47.1224251
1201,2234,LUIZ FELIPE DE ANDRADE FOLGOSI,32,PL,2022,-22.9452875,-47.1224251
1201,22343,THIAGO REIS AURICCHIO,54,PL,2022,-22.9452875,-47.1224251
1201,2240,KATIA DA SILVA SASTRE,39,PL,2022,-22.9452875,-47.1224251
1201,22422,PAULO JORGE MANSUR NETO,220,PL,2022,-22.9452875,-47.1224251
1201,2243,LUIZ PHILIPPE DE ORLEANS E BRAGANÇA,97,PL,2022,-22.9452875,-47.1224251
1201,22444,MATHEUS COIMBRA MARTINS DE AGUIAR,118,PL,2022,-22.9452875,-47.1224251
1201,2247,PAULO FRANCISCO MUNIZ BILYNSKYJ,74,PL,2022,-22.9452875,-47.1224251
1201,2250,RICARDO DE AQUINO SALLES,663,PL,2022,-22.9452875,-47.1224251
1201,22500,LUCAS DIEZ BOVE,148,PL,2022,-22.9452875,-47.1224251
1201,2251,ADILSON BARROSO OLIVEIRA,38,PL,2022,-22.9452875,-47.1224251
1201,2255,FRANCISCO EVERARDO TIRIRICA OLIVEIRA SILVA,45,PL,2022,-22.9452875,-47.1224251
1201,22553,THELMA ELAINE BRASILEIRO ROBERTI,43,PL,2022,-22.9452875,-47.1224251
1201,22555,FABIO ROGÉRIO CANDIDO,53,PL,2022,-22.9452875,-47.1224251
1201,2270,MARCO ANTONIO FELICIANO,136,PL,2022,-22.9452875,-47.1224251
1201,2274,JEFFERSON ALVES DE CAMPOS,173,PL,2022,-22.9452875,-47.1224251
1201,2276,MARSCHELO RODRIGO MARIN MECHE,88,PL,2022,-22.9452875,-47.1224251
1201,2290,GUILHERME MURARO DERRITE,168,PL,2022,-22.9452875,-47.1224251
1201,22900,FLAVIO GONÇALVES DA COSTA,48,PL,2022,-22.9452875,-47.1224251
1201,22922,VALERIA MULLER RAMOS BOLSONARO,573,PL,2022,-22.9452875,-47.1224251
1201,2300,MARCO ANTONIO VILLA,96,CIDADANIA,2022,-22.9452875,-47.1224251
1201,23000,RAFAEL FERNANDO ZIMBALDI,792,CIDADANIA,2022,-22.9452875,-47.1224251
1201,23456,ANTONIO DIRCEU DALBEN,82,CIDADANIA,2022,-22.9452875,-47.1224251
1201,23888,LI LI MIN,43,CIDADANIA,2022,-22.9452875,-47.1224251
1201,2822,ROGERIO STRACIALANO PARADA,37,PRTB,2022,-22.9452875,-47.1224251
1201,28357,MARDQUEU SILVIO FRANCA FILHO,41,PRTB,2022,-22.9452875,-47.1224251
1201,287,JANAINA CONCEIÇÃO PASCHOAL,496,PRTB,2022,-22.9452875,-47.1224251
1201,30,Partido Novo,200,NOVO,2022,-22.9452875,-47.1224251
1201,30,VINICIUS LAZZER POIT,327,NOVO,2022,-22.9452875,-47.1224251
1201,300,RICARDO LUIS MELLÃO,298,NOVO,2022,-22.9452875,-47.1224251
1201,3000,ALEXIS JOSEPH STEVERLYNCK FONTEYNE,140,NOVO,2022,-22.9452875,-47.1224251
1201,3001,MARINA HELENA CUNHA PEREIRA SANTOS,33,NOVO,2022,-22.9452875,-47.1224251
1201,30130,MARIA CRISTINA DE OLIVEIRA,59,NOVO,2022,-22.9452875,-47.1224251
1201,3030,ADRIANA MIGUEL VENTURA,131,NOVO,2022,-22.9452875,-47.1224251
1201,30555,LUCAS PAVANATO DE OLIVEIRA,30,NOVO,2022,-22.9452875,-47.1224251
1201,30600,LEONARDO DE SIQUEIRA LIMA,55,NOVO,2022,-22.9452875,-47.1224251
1201,30730,HENRIQUE MAGALHÃES TEIXEIRA,175,NOVO,2022,-22.9452875,-47.1224251
1201,35352,FERNANDO LUIS COUTINHO NEVES,43,PMB,2022,-22.9452875,-47.1224251
1201,35555,DANILO RIDYER PALMA,85,PMB,2022,-22.9452875,-47.1224251
1201,36190,ADRIANA SANCHES GALDEANO BORGO,108,AGIR,2022,-22.9452875,-47.1224251
1201,40,Partido Socialista Brasileiro,112,,2022,-22.9452875,-47.1224251
1201,400,MÁRCIO LUIZ FRANÇA GOMES,5159,PSB,2022,-22.9452875,-47.1224251
1201,4000,JONAS DONIZETTE FERREIRA,903,PSB,2022,-22.9452875,-47.1224251
1201,40000,ANDRÉA WERNER SILVA BONOLI,122,PSB,2022,-22.9452875,-47.1224251
1201,4004,AUGUSTO DE ARRUDA BOTELHO NETO,41,PSB,2022,-22.9452875,-47.1224251
1201,40153,LUCAS DE OLIVEIRA CARDOSO,32,PSB,2022,-22.9452875,-47.1224251
1201,4040,TABATA CLAUDIA AMARAL DE PONTES,268,PSB,2022,-22.9452875,-47.1224251
1201,40456,PERMÍNIO MONTEIRO DA SILVA,269,PSB,2022,-22.9452875,-47.1224251
1201,4400,ROSANGELA MARIA WOLFF DE QUADROS MORO,217,UNIÃO,2022,-22.9452875,-47.1224251
1201,44007,FELIPE SOUZA MURAKAMI DE FRANCO,66,UNIÃO,2022,-22.9452875,-47.1224251
1201,44008,CESAR ROCHA ANDRADE DA SILVA,33,UNIÃO,2022,-22.9452875,-47.1224251
1201,44019,RODRIGO LUIS DE BARROS ALMEIDA,507,UNIÃO,2022,-22.9452875,-47.1224251
1201,4407,FELIPE BECARI COMENALE,105,UNIÃO,2022,-22.9452875,-47.1224251
1201,44077,RAFAEL SARAIVA GAIA,50,UNIÃO,2022,-22.9452875,-47.1224251
1201,4411,DAVID BEZERRA RIBEIRO SOARES,34,UNIÃO,2022,-22.9452875,-47.1224251
1201,44111,DANIEL BEZERRA RIBEIRO SOARES,31,UNIÃO,2022,-22.9452875,-47.1224251
1201,44220,ANDRE CRISTHIANO CAYRES RIBEIRO,79,UNIÃO,2022,-22.9452875,-47.1224251
1201,4425,ALEXANDRE LEITE DA SILVA,105,UNIÃO,2022,-22.9452875,-47.1224251
1201,4433,KIM PATROCA KATAGUIRI,231,UNIÃO,2022,-22.9452875,-47.1224251
1201,44333,AMANDA VETTORAZZO CARNEIRO,46,UNIÃO,2022,-22.9452875,-47.1224251
1201,4434,DOUGLAS DE PAULO VIEGAS,50,UNIÃO,2022,-22.9452875,-47.1224251
1201,44777,AUGUSTO ZACARIAS CORREA LEITE,125,UNIÃO,2022,-22.9452875,-47.1224251
1201,4488,CRISTIANO MOREIRA PINTO BERALDO,37,UNIÃO,2022,-22.9452875,-47.1224251
1201,44999,RENATO DE SOUZA BATTISTA,55,UNIÃO,2022,-22.9452875,-47.1224251
1201,45,Partido da Social Democracia Brasileira,100,PSDB,2022,-22.9452875,-47.1224251
1201,45,RODRIGO GARCIA,2183,PSDB,2022,-22.9452875,-47.1224251
1201,4500,CARLOS HENRIQUE FOCESI SAMPAIO,620,PSDB,2022,-22.9452875,-47.1224251
1201,45123,ROGERIO NOGUEIRA LOPES CRUZ,31,PSDB,2022,-22.9452875,-47.1224251
1201,45200,CÉLIA CAMARGO LEÃO EDELMUTH,346,PSDB,2022,-22.9452875,-47.1224251
1201,4545,JOSÉ SERRA,35,PSDB,2022,-22.9452875,-47.1224251
1201,45678,LUIZ HENRIQUE CIRILO,325,PSDB,2022,-22.9452875,-47.1224251
1201,50,Partido Socialismo e Liberdade,41,,2022,-22.9452875,-47.1224251
1201,5000,SÂMIA DE SOUZA BOMFIM,226,PSOL,2022,-22.9452875,-47.1224251
1201,50000,PAULA NUNES DOS SANTOS,168,PSOL,2022,-22.9452875,-47.1224251
1201,5010,GUILHERME CASTRO BOULOS,629,PSOL,2022,-22.9452875,-47.1224251
1201,50100,MARIANA CONTI TAKAHASHI,586,PSOL,2022,-22.9452875,-47.1224251
1201,50110,EDIANE MARIA DO NASCIMENTO,66,PSOL,2022,-22.9452875,-47.1224251
1201,5021,LUIZA ERUNDINA DE SOUSA,49,PSOL,2022,-22.9452875,-47.1224251
1201,5050,IVAN VALENTE,56,PSOL,2022,-22.9452875,-47.1224251
1201,5070,ERIKA SANTOS SILVA,181,PSOL,2022,-22.9452875,-47.1224251
1201,50777,PAULO ROBERTO BUFALO,197,PSOL,2022,-22.9452875,-47.1224251
1201,50789,CARLOS ALBERTO GIANNASI,94,PSOL,2022,-22.9452875,-47.1224251
1201,5088,SÔNIA BONE DE SOUSA SILVA SANTOS,144,PSOL,2022,-22.9452875,-47.1224251
1201,50900,MÔNICA CRISTINA SEIXAS BONFIM,54,PSOL,2022,-22.9452875,-47.1224251
1201,5101,TERESINHA DE CARVALHO,55,PATRIOTA,2022,-22.9452875,-47.1224251
1201,55,Partido Social Democrático,33,,2022,-22.9452875,-47.1224251
1201,55190,SÉRGIO DE MOURA CAVALCANTI,34,PSD,2022,-22.9452875,-47.1224251
1201,55400,MARTA MARIA FREIRE DA COSTA,208,PSD,2022,-22.9452875,-47.1224251
1201,5553,ELIEL MIRANDA,37,PSD,2022,-22.9452875,-47.1224251
1201,5555,GUILHERME CAMPOS JUNIOR,88,PSD,2022,-22.9452875,-47.1224251
1201,55655,ARTUR CASSEB ORSI,475,PSD,2022,-22.9452875,-47.1224251
1201,5577,ANTONIO CEZAR CORREIA FREIRE,40,PSD,2022,-22.9452875,-47.1224251
1201,55777,OSEIAS SANTOS DA SILVA,41,PSD,2022,-22.9452875,-47.1224251
1201,65035,LECI BRANDÃO DA SILVA,50,PC DO B,2022,-22.9452875,-47.1224251
1201,6565,ORLANDO SILVA DE JESUS JUNIOR,85,PC DO B,2022,-22.9452875,-47.1224251
1201,65656,MARCIA REGINA QUINTANILHA,79,PC DO B,2022,-22.9452875,-47.1224251
1201,70033,FRANCISCA ROSANA MONTANHER,43,AVANTE,2022,-22.9452875,-47.1224251
1201,7719,MARCELO HENRIQUE SILVA,48,SOLIDARIEDADE,2022,-22.9452875,-47.1224251
1201,80,CAROLINA REJAILI VIGLIAR,69,UP,2022,-22.9452875,-47.1224251
1201,800,VIVIAN MENDES DA SILVA,224,UP,2022,-22.9452875,-47.1224251
1201,9000,PABLO HENRIQUE COSTA MARÇAL,249,PROS,2022,-22.9452875,-47.1224251
1201,90000,NEZIO ANTONIO MONTEIRO FILHO,70,PROS,2022,-22.9452875,-47.1224251
1201,95,VOTO BRANCO,5345,,2022,-22.9452875,-47.1224251
1201,96,VOTO NULO,6875,,2022,-22.9452875,-47.1224251
1210,10,TARCISIO GOMES DE FREITAS,5806,REPUBLICANOS,2022,-22.9172933,-47.0213533
1210,1000,CELSO UBIRAJARA RUSSOMANNO,114,REPUBLICANOS,2022,-22.9172933,-47.0213533
1210,10099,LEONICE ALVES DA PAZ,50,REPUBLICANOS,2022,-22.9172933,-47.0213533
1210,1010,MARCOS ANTONIO PEREIRA,89,REPUBLICANOS,2022,-22.9172933,-47.0213533
1210,10123,GILMACI DOS SANTOS BARBOSA,117,REPUBLICANOS,2022,-22.9172933,-47.0213533
1210,10200,HIGOR DIEGO RALLA,886,REPUBLICANOS,2022,-22.9172933,-47.0213533
1210,10550,TOME ABDUCH,35,REPUBLICANOS,2022,-22.9172933,-47.0213533
1210,1078,BENEDITO ROBERTO ALVES FERREIRA,115,REPUBLICANOS,2022,-22.9172933,-47.0213533
1210,1111,BRUNO MARCELLO DE OLIVEIRA LIMA,107,PP,2022,-22.9172933,-47.0213533
1210,1112,ISRAEL NANTES SANTOS,78,PP,2022,-22.9172933,-47.0213533
1210,1122,CARLOS ALBERTO DA CUNHA,51,PP,2022,-22.9172933,-47.0213533
1210,12,ELVIS LEONARDO CEZAR,60,PDT,2022,-22.9172933,-47.0213533
1210,12200,WILSON KELLER DE MATOS,40,PDT,2022,-22.9172933,-47.0213533
1210,123,JOSÉ ALDO REBELO FIGUEIREDO,57,PDT,2022,-22.9172933,-47.0213533
1210,13,FERNANDO HADDAD,5372,PT,2022,-22.9172933,-47.0213533
1210,13,Partido dos Trabalhadores,247,PT,2022,-22.9172933,-47.0213533
1210,13120,CARLOS ROBERTO DE OLIVEIRA,56,PT,2022,-22.9172933,-47.0213533
1210,13121,ANA LUCIA LIPPAUS PERUGINI,111,PT,2022,-22.9172933,-47.0213533
1210,13133,EDUARDO MATARAZZO SUPLICY,101,PT,2022,-22.9172933,-47.0213533
1210,13134,LUIZ FERNANDO TEIXEIRA FERREIRA,51,PT,2022,-22.9172933,-47.0213533
1210,1319,PEDRO TOURINHO DE SIQUEIRA,681,PT,2022,-22.9172933,-47.0213533
1210,13199,PAOLLA CATHERINE DOS SANTOS MIGUEL AGARD,140,PT,2022,-22.9172933,-47.0213533
1210,13651,PAULO BATISTA DOS REIS,151,PT,2022,-22.9172933,-47.0213533
1210,1366,MARIANA CERGOLI JANEIRO,55,PT,2022,-22.9172933,-47.0213533
1210,1370,CARLOS ALBERTO ROLIM ZARATTINI,91,PT,2022,-22.9172933,-47.0213533
1210,13700,ANTONIO DONATO MADORMO,55,PT,2022,-22.9172933,-47.0213533
1210,1380,JILMAR AUGUSTINHO TATTO,144,PT,2022,-22.9172933,-47.0213533
1210,13800,JORGE DO CARMO SILVA,46,PT,2022,-22.9172933,-47.0213533
1210,1500,MARIO PALUMBO JUNIOR,38,MDB,2022,-22.9172933,-47.0213533
1210,155,EDSON APARECIDO DOS SANTOS,190,MDB,2022,-22.9172933,-47.0213533
1210,1580,FÁBIO EDUARDO DE OLIVEIRA TERUEL,41,MDB,2022,-22.9172933,-47.0213533
1210,1587,ARNALDO SALVETTI PALACIO JUNIOR,202,MDB,2022,-22.9172933,-47.0213533
1210,1818,MARIA OSMARINA MARINA DA SILVA VAZ DE LIMA,41,REDE,2022,-22.9172933,-47.0213533
1210,20123,HELIO DONIZETE ZANATTA,48,PSC,2022,-22.9172933,-47.0213533
1210,20190,LUIZ PAULO MADALHANO MAGALHÃES,30,PSC,2022,-22.9172933,-47.0213533
1210,2020,GILBERTO NASCIMENTO SILVA,53,PSC,2022,-22.9172933,-47.0213533
1210,22,Partido Liberal,139,,2022,-22.9172933,-47.0213533
1210,22000,DIMAS MECCA SAMPAIO,49,PL,2022,-22.9172933,-47.0213533
1210,2208,MARIO LUIS FRIAS,51,PL,2022,-22.9172933,-47.0213533
1210,2210,CARLA ZAMBELLI SALGADO DE OLIVEIRA,251,PL,2022,-22.9172933,-47.0213533
1210,22100,BRUNO ZAMBELLI SALGADO,38,PL,2022,-22.9172933,-47.0213533
1210,22112,CARLOS CEZAR DA SILVA,60,PL,2022,-22.9172933,-47.0213533
1210,22120,GILDEVANIO ILSO DOS SANTOS DINIZ,49,PL,2022,-22.9172933,-47.0213533
1210,22138,ROBERVAL CONTE LOPES LIMA,31,PL,2022,-22.9172933,-47.0213533
1210,222,MARCOS CESAR PONTES,2661,PL,2022,-22.9172933,-47.0213533
1210,2222,EDUARDO NANTES BOLSONARO,283,PL,2022,-22.9172933,-47.0213533
1210,22222,MARCOS ROBERTO DAMASIO DA SILVA,34,PL,2022,-22.9172933,-47.0213533
1210,2233,PAULO ROBERTO FREIRE DA COSTA,223,PL,2022,-22.9172933,-47.0213533
1210,22422,PAULO JORGE MANSUR NETO,55,PL,2022,-22.9172933,-47.0213533
1210,2247,PAULO FRANCISCO MUNIZ BILYNSKYJ,31,PL,2022,-22.9172933,-47.0213533
1210,2250,RICARDO DE AQUINO SALLES,140,PL,2022,-22.9172933,-47.0213533
1210,2270,MARCO ANTONIO FELICIANO,114,PL,2022,-22.9172933,-47.0213533
1210,2274,JEFFERSON ALVES DE CAMPOS,52,PL,2022,-22.9172933,-47.0213533
1210,2290,GUILHERME MURARO DERRITE,55,PL,2022,-22.9172933,-47.0213533
1210,22922,VALERIA MULLER RAMOS BOLSONARO,153,PL,2022,-22.9172933,-47.0213533
1210,23000,RAFAEL FERNANDO ZIMBALDI,349,CIDADANIA,2022,-22.9172933,-47.0213533
1210,23456,ANTONIO DIRCEU DALBEN,38,CIDADANIA,2022,-22.9172933,-47.0213533
1210,287,JANAINA CONCEIÇÃO PASCHOAL,97,PRTB,2022,-22.9172933,-47.0213533
1210,30,VINICIUS LAZZER POIT,53,NOVO,2022,-22.9172933,-47.0213533
1210,300,RICARDO LUIS MELLÃO,63,NOVO,2022,-22.9172933,-47.0213533
1210,40,Partido Socialista Brasileiro,81,,2022,-22.9172933,-47.0213533
1210,400,MÁRCIO LUIZ FRANÇA GOMES,2149,PSB,2022,-22.9172933,-47.0213533
1210,4000,JONAS DONIZETTE FERREIRA,299,PSB,2022,-22.9172933,-47.0213533
1210,4040,TABATA CLAUDIA AMARAL DE PONTES,67,PSB,2022,-22.9172933,-47.0213533
1210,40456,PERMÍNIO MONTEIRO DA SILVA,111,PSB,2022,-22.9172933,-47.0213533
1210,44019,RODRIGO LUIS DE BARROS ALMEIDA,36,UNIÃO,2022,-22.9172933,-47.0213533
1210,44220,ANDRE CRISTHIANO CAYRES RIBEIRO,67,UNIÃO,2022,-22.9172933,-47.0213533
1210,4433,KIM PATROCA KATAGUIRI,83,UNIÃO,2022,-22.9172933,-47.0213533
1210,44777,AUGUSTO ZACARIAS CORREA LEITE,50,UNIÃO,2022,-22.9172933,-47.0213533
1210,45,RODRIGO GARCIA,643,PSDB,2022,-22.9172933,-47.0213533
1210,4500,CARLOS HENRIQUE FOCESI SAMPAIO,137,PSDB,2022,-22.9172933,-47.0213533
1210,45200,CÉLIA CAMARGO LEÃO EDELMUTH,104,PSDB,2022,-22.9172933,-47.0213533
1210,45678,LUIZ HENRIQUE CIRILO,122,PSDB,2022,-22.9172933,-47.0213533
1210,5000,SÂMIA DE SOUZA BOMFIM,52,PSOL,2022,-22.9172933,-47.0213533
1210,50000,PAULA NUNES DOS SANTOS,34,PSOL,2022,-22.9172933,-47.0213533
1210,5010,GUILHERME CASTRO BOULOS,142,PSOL,2022,-22.9172933,-47.0213533
1210,50100,MARIANA CONTI TAKAHASHI,113,PSOL,2022,-22.9172933,-47.0213533
1210,50110,EDIANE MARIA DO NASCIMENTO,33,PSOL,2022,-22.9172933,-47.0213533
1210,5070,ERIKA SANTOS SILVA,48,PSOL,2022,-22.9172933,-47.0213533
1210,50777,PAULO ROBERTO BUFALO,39,PSOL,2022,-22.9172933,-47.0213533
1210,55400,MARTA MARIA FREIRE DA COSTA,180,PSD,2022,-22.9172933,-47.0213533
1210,55655,ARTUR CASSEB ORSI,94,PSD,2022,-22.9172933,-47.0213533
1210,5577,ANTONIO CEZAR CORREIA FREIRE,47,PSD,2022,-22.9172933,-47.0213533
1210,55777,OSEIAS SANTOS DA SILVA,50,PSD,2022,-22.9172933,-47.0213533
1210,6565,ORLANDO SILVA DE JESUS JUNIOR,100,PC DO B,2022,-22.9172933,-47.0213533
1210,65656,MARCIA REGINA QUINTANILHA,117,PC DO B,2022,-22.9172933,-47.0213533
1210,7719,MARCELO HENRIQUE SILVA,61,SOLIDARIEDADE,2022,-22.9172933,-47.0213533
1210,800,VIVIAN MENDES DA SILVA,59,UP,2022,-22.9172933,-47.0213533
1210,9000,PABLO HENRIQUE COSTA MARÇAL,93,PROS,2022,-22.9172933,-47.0213533
1210,95,VOTO BRANCO,3018,,2022,-22.9172933,-47.0213533
1210,96,VOTO NULO,3171,,2022,-22.9172933,-47.0213533
1228,10,TARCISIO GOMES DE FREITAS,1419,REPUBLICANOS,2022,-22.9600697,-47.2168798
1228,1010,MARCOS ANTONIO PEREIRA,120,REPUBLICANOS,2022,-22.9600697,-47.2168798
1228,1020,LUIS CLAUDIO FERNANDES MIRANDA,37,REPUBLICANOS,2022,-22.9600697,-47.2168798
1228,10200,HIGOR DIEGO RALLA,925,REPUBLICANOS,2022,-22.9600697,-47.2168798
1228,1078,BENEDITO ROBERTO ALVES FERREIRA,34,REPUBLICANOS,2022,-22.9600697,-47.2168798
1228,13,FERNANDO HADDAD,1568,PT,2022,-22.9600697,-47.2168798
1228,13,Partido dos Trabalhadores,80,PT,2022,-22.9600697,-47.2168798
1228,13134,LUIZ FERNANDO TEIXEIRA FERREIRA,83,PT,2022,-22.9600697,-47.2168798
1228,1319,PEDRO TOURINHO DE SIQUEIRA,163,PT,2022,-22.9600697,-47.2168798
1228,13651,PAULO BATISTA DOS REIS,42,PT,2022,-22.9600697,-47.2168798
1228,1380,JILMAR AUGUSTINHO TATTO,155,PT,2022,-22.9600697,-47.2168798
1228,1587,ARNALDO SALVETTI PALACIO JUNIOR,30,MDB,2022,-22.9600697,-47.2168798
1228,2210,CARLA ZAMBELLI SALGADO DE OLIVEIRA,33,PL,2022,-22.9600697,-47.2168798
1228,222,MARCOS CESAR PONTES,620,PL,2022,-22.9600697,-47.2168798
1228,2222,EDUARDO NANTES BOLSONARO,75,PL,2022,-22.9600697,-47.2168798
1228,2233,PAULO ROBERTO FREIRE DA COSTA,76,PL,2022,-22.9600697,-47.2168798
1228,23000,RAFAEL FERNANDO ZIMBALDI,33,CIDADANIA,2022,-22.9600697,-47.2168798
1228,400,MÁRCIO LUIZ FRANÇA GOMES,605,PSB,2022,-22.9600697,-47.2168798
1228,4000,JONAS DONIZETTE FERREIRA,55,PSB,2022,-22.9600697,-47.2168798
1228,44220,ANDRE CRISTHIANO CAYRES RIBEIRO,33,UNIÃO,2022,-22.9600697,-47.2168798
1228,45,RODRIGO GARCIA,136,PSDB,2022,-22.9600697,-47.2168798
1228,4500,CARLOS HENRIQUE FOCESI SAMPAIO,36,PSDB,2022,-22.9600697,-47.2168798
1228,9000,PABLO HENRIQUE COSTA MARÇAL,41,PROS,2022,-22.9600697,-47.2168798
1228,95,VOTO BRANCO,934,,2022,-22.9600697,-47.2168798
1228,96,VOTO NULO,751,,2022,-22.9600697,-47.2168798
1236,10,TARCISIO GOMES DE FREITAS,7699,REPUBLICANOS,2022,-22.9064,-47.0616
1236,1000,CELSO UBIRAJARA RUSSOMANNO,76,REPUBLICANOS,2022,-22.9064,-47.0616
1236,10099,LEONICE ALVES DA PAZ,32,REPUBLICANOS,2022,-22.9064,-47.0616
1236,1010,MARCOS ANTONIO PEREIRA,30,REPUBLICANOS,2022,-22.9064,-47.0616
1236,10123,GILMACI DOS SANTOS BARBOSA,96,REPUBLICANOS,2022,-22.9064,-47.0616
1236,10200,HIGOR DIEGO RALLA,145,REPUBLICANOS,2022,-22.9064,-47.0616
1236,10550,TOME ABDUCH,159,REPUBLICANOS,2022,-22.9064,-47.0616
1236,1078,BENEDITO ROBERTO ALVES FERREIRA,97,REPUBLICANOS,2022,-22.9064,-47.0616
1236,1111,BRUNO MARCELLO DE OLIVEIRA LIMA,154,PP,2022,-22.9064,-47.0616
1236,1112,ISRAEL NANTES SANTOS,60,PP,2022,-22.9064,-47.0616
1236,1122,CARLOS ALBERTO DA CUNHA,36,PP,2022,-22.9064,-47.0616
1236,11777,ANTONIO ASSUNÇÃO DE OLIM,55,PP,2022,-22.9064,-47.0616
1236,12,ELVIS LEONARDO CEZAR,45,PDT,2022,-22.9064,-47.0616
1236,123,JOSÉ ALDO REBELO FIGUEIREDO,81,PDT,2022,-22.9064,-47.0616
1236,13,FERNANDO HADDAD,4906,PT,2022,-22.9064,-47.0616
1236,13,Partido dos Trabalhadores,243,PT,2022,-22.9064,-47.0616
1236,13121,ANA LUCIA LIPPAUS PERUGINI,58,PT,2022,-22.9064,-47.0616
1236,13133,EDUARDO MATARAZZO SUPLICY,224,PT,2022,-22.9064,-47.0616
1236,1319,PEDRO TOURINHO DE SIQUEIRA,521,PT,2022,-22.9064,-47.0616
1236,13199,PAOLLA CATHERINE DOS SANTOS MIGUEL AGARD,132,PT,2022,-22.9064,-47.0616
1236,13300,WAGNER DE MELO ROMÃO,66,PT,2022,-22.9064,-47.0616
1236,13651,PAULO BATISTA DOS REIS,31,PT,2022,-22.9064,-47.0616
1236,13654,JANDYRA MASSUE UEHARA ALVES,63,PT,2022,-22.9064,-47.0616
1236,1380,JILMAR AUGUSTINHO TATTO,32,PT,2022,-22.9064,-47.0616
1236,1414,ADRILLES REIS JORGE,44,PTB,2022,-22.9064,-47.0616
1236,1500,MARIO PALUMBO JUNIOR,49,MDB,2022,-22.9064,-47.0616
1236,155,EDSON APARECIDO DOS SANTOS,299,MDB,2022,-22.9064,-47.0616
1236,1587,ARNALDO SALVETTI PALACIO JUNIOR,66,MDB,2022,-22.9064,-47.0616
1236,18000,MARINA MEDEIROS HELOU,31,REDE,2022,-22.9064,-47.0616
1236,1818,MARIA OSMARINA MARINA DA SILVA VAZ DE LIMA,124,REDE,2022,-22.9064,-47.0616
1236,1910,BRUNO AREVALO GANEM,45,PODE,2022,-22.9064,-47.0616
1236,19101,CLARICE CARASSOL AREVALO GANEM,40,PODE,2022,-22.9064,-47.0616
1236,1911,HENI OZI CUKIER,40,PODE,2022,-22.9064,-47.0616
1236,19519,EDUARDO DOS REIS MAGOGA,31,PODE,2022,-22.9064,-47.0616
1236,2020,GILBERTO NASCIMENTO SILVA,50,PSC,2022,-22.9064,-47.0616
1236,20320,JOSÉ CARLOS FURIOSO,33,PSC,2022,-22.9064,-47.0616
1236,211,TITO FLAVIO BELLINI NOGUEIRA DE OLIVEIRA,34,PCB,2022,-22.9064,-47.0616
1236,22,Partido Liberal,155,,2022,-22.9064,-47.0616
1236,22000,DIMAS MECCA SAMPAIO,98,PL,2022,-22.9064,-47.0616
1236,2208,MARIO LUIS FRIAS,94,PL,2022,-22.9064,-47.0616
1236,2210,CARLA ZAMBELLI SALGADO DE OLIVEIRA,498,PL,2022,-22.9064,-47.0616
1236,22100,BRUNO ZAMBELLI SALGADO,139,PL,2022,-22.9064,-47.0616
1236,22112,CARLOS CEZAR DA SILVA,45,PL,2022,-22.9064,-47.0616
1236,22120,GILDEVANIO ILSO DOS SANTOS DINIZ,65,PL,2022,-22.9064,-47.0616
1236,22138,ROBERVAL CONTE LOPES LIMA,51,PL,2022,-22.9064,-47.0616
1236,222,MARCOS CESAR PONTES,3480,PL,2022,-22.9064,-47.0616
1236,2222,EDUARDO NANTES BOLSONARO,401,PL,2022,-22.9064,-47.0616
1236,22222,MARCOS ROBERTO DAMASIO DA SILVA,42,PL,2022,-22.9064,-47.0616
1236,2233,PAULO ROBERTO FREIRE DA COSTA,84,PL,2022,-22.9064,-47.0616
1236,22422,PAULO JORGE MANSUR NETO,104,PL,2022,-22.9064,-47.0616
1236,2243,LUIZ PHILIPPE DE ORLEANS E BRAGANÇA,66,PL,2022,-22.9064,-47.0616
1236,22444,MATHEUS COIMBRA MARTINS DE AGUIAR,47,PL,2022,-22.9064,-47.0616
1236,2247,PAULO FRANCISCO MUNIZ BILYNSKYJ,40,PL,2022,-22.9064,-47.0616
1236,2250,RICARDO DE AQUINO SALLES,360,PL,2022,-22.9064,-47.0616
1236,22500,LUCAS DIEZ BOVE,85,PL,2022,-22.9064,-47.0616
1236,2270,MARCO ANTONIO FELICIANO,57,PL,2022,-22.9064,-47.0616
1236,2274,JEFFERSON ALVES DE CAMPOS,34,PL,2022,-22.9064,-47.0616
1236,2276,MARSCHELO RODRIGO MARIN MECHE,47,PL,2022,-22.9064,-47.0616
1236,2290,GUILHERME MURARO DERRITE,54,PL,2022,-22.9064,-47.0616
1236,22922,VALERIA MULLER RAMOS BOLSONARO,306,PL,2022,-22.9064,-47.0616
1236,2300,MARCO ANTONIO VILLA,68,CIDADANIA,2022,-22.9064,-47.0616
1236,23000,RAFAEL FERNANDO ZIMBALDI,354,CIDADANIA,2022,-22.9064,-47.0616
1236,23456,ANTONIO DIRCEU DALBEN,60,CIDADANIA,2022,-22.9064,-47.0616
1236,287,JANAINA CONCEIÇÃO PASCHOAL,262,PRTB,2022,-22.9064,-47.0616
1236,30,Partido Novo,77,NOVO,2022,-22.9064,-47.0616
1236,30,VINICIUS LAZZER POIT,140,NOVO,2022,-22.9064,-47.0616
1236,300,RICARDO LUIS MELLÃO,170,NOVO,2022,-22.9064,-47.0616
1236,3000,ALEXIS JOSEPH STEVERLYNCK FONTEYNE,118,NOVO,2022,-22.9064,-47.0616
1236,30130,MARIA CRISTINA DE OLIVEIRA,46,NOVO,2022,-22.9064,-47.0616
1236,3030,ADRIANA MIGUEL VENTURA,54,NOVO,2022,-22.9064,-47.0616
1236,30600,LEONARDO DE SIQUEIRA LIMA,42,NOVO,2022,-22.9064,-47.0616
1236,30730,HENRIQUE MAGALHÃES TEIXEIRA,129,NOVO,2022,-22.9064,-47.0616
1236,40,Partido Socialista Brasileiro,43,,2022,-22.9064,-47.0616
1236,400,MÁRCIO LUIZ FRANÇA GOMES,1940,PSB,2022,-22.9064,-47.0616
1236,4000,JONAS DONIZETTE FERREIRA,338,PSB,2022,-22.9064,-47.0616
1236,40000,ANDRÉA WERNER SILVA BONOLI,54,PSB,2022,-22.9064,-47.0616
1236,4040,TABATA CLAUDIA AMARAL DE PONTES,163,PSB,2022,-22.9064,-47.0616
1236,40456,PERMÍNIO MONTEIRO DA SILVA,51,PSB,2022,-22.9064,-47.0616
1236,4400,ROSANGELA MARIA WOLFF DE QUADROS MORO,99,UNIÃO,2022,-22.9064,-47.0616
1236,44007,FELIPE SOUZA MURAKAMI DE FRANCO,37,UNIÃO,2022,-22.9064,-47.0616
1236,44019,RODRIGO LUIS DE BARROS ALMEIDA,60,UNIÃO,2022,-22.9064,-47.0616
1236,4407,FELIPE BECARI COMENALE,43,UNIÃO,2022,-22.9064,-47.0616
1236,44220,ANDRE CRISTHIANO CAYRES RIBEIRO,52,UNIÃO,2022,-22.9064,-47.0616
1236,4433,KIM PATROCA KATAGUIRI,111,UNIÃO,2022,-22.9064,-47.0616
1236,44333,AMANDA VETTORAZZO CARNEIRO,32,UNIÃO,2022,-22.9064,-47.0616
1236,44777,AUGUSTO ZACARIAS CORREA LEITE,52,UNIÃO,2022,-22.9064,-47.0616
1236,45,Partido da Social Democracia Brasileira,48,PSDB,2022,-22.9064,-47.0616
1236,45,RODRIGO GARCIA,1006,PSDB,2022,-22.9064,-47.0616
1236,4500,CARLOS HENRIQUE FOCESI SAMPAIO,263,PSDB,2022,-22.9064,-47.0616
1236,45200,CÉLIA CAMARGO LEÃO EDELMUTH,148,PSDB,2022,-22.9064,-47.0616
1236,45678,LUIZ HENRIQUE CIRILO,198,PSDB,2022,-22.9064,-47.0616
1236,5000,SÂMIA DE SOUZA BOMFIM,115,PSOL,2022,-22.9064,-47.0616
1236,50000,PAULA NUNES DOS SANTOS,60,PSOL,2022,-22.9064,-47.0616
1236,5010,GUILHERME CASTRO BOULOS,234,PSOL,2022,-22.9064,-47.0616
1236,50100,MARIANA CONTI TAKAHASHI,252,PSOL,2022,-22.9064,-47.0616
1236,50110,EDIANE MARIA DO NASCIMENTO,35,PSOL,2022,-22.9064,-47.0616
1236,5070,ERIKA SANTOS SILVA,87,PSOL,2022,-22.9064,-47.0616
1236,50777,PAULO ROBERTO BUFALO,44,PSOL,2022,-22.9064,-47.0616
1236,50789,CARLOS ALBERTO GIANNASI,34,PSOL,2022,-22.9064,-47.0616
1236,5088,SÔNIA BONE DE SOUSA SILVA SANTOS,60,PSOL,2022,-22.9064,-47.0616
1236,55400,MARTA MARIA FREIRE DA COSTA,68,PSD,2022,-22.9064,-47.0616
1236,55655,ARTUR CASSEB ORSI,298,PSD,2022,-22.9064,-47.0616
1236,65035,LECI BRANDÃO DA SILVA,30,PC DO B,2022,-22.9064,-47.0616
1236,65656,MARCIA REGINA QUINTANILHA,34,PC DO B,2022,-22.9064,-47.0616
1236,77040,ADILSON DE SOUZA ROCHA,36,SOLIDARIEDADE,2022,-22.9064,-47.0616
1236,800,VIVIAN MENDES DA SILVA,95,UP,2022,-22.9064,-47.0616
1236,9000,PABLO HENRIQUE COSTA MARÇAL,66,PROS,2022,-22.9064,-47.0616
1236,95,VOTO BRANCO,2139,,2022,-22.9064,-47.0616
1236,96,VOTO NULO,2577,,2022,-22.9064,-47.0616
1244,10,TARCISIO GOMES DE FREITAS,8508,REPUBLICANOS,2022,-22.9267097,-47.0891757
1244,1000,CELSO UBIRAJARA RUSSOMANNO,130,REPUBLICANOS,2022,-22.9267097,-47.0891757
1244,10099,LEONICE ALVES DA PAZ,48,REPUBLICANOS,2022,-22.9267097,-47.0891757
1244,1010,MARCOS ANTONIO PEREIRA,44,REPUBLICANOS,2022,-22.9267097,-47.0891757
1244,10123,GILMACI DOS SANTOS BARBOSA,166,REPUBLICANOS,2022,-22.9267097,-47.0891757
1244,10200,HIGOR DIEGO RALLA,228,REPUBLICANOS,2022,-22.9267097,-47.0891757
1244,10550,TOME ABDUCH,73,REPUBLICANOS,2022,-22.9267097,-47.0891757
1244,1078,BENEDITO ROBERTO ALVES FERREIRA,173,REPUBLICANOS,2022,-22.9267097,-47.0891757
1244,1099,ROBERTO ALVES DE LUCENA,30,REPUBLICANOS,2022,-22.9267097,-47.0891757
1244,1111,BRUNO MARCELLO DE OLIVEIRA LIMA,153,PP,2022,-22.9267097,-47.0891757
1244,1112,ISRAEL NANTES SANTOS,82,PP,2022,-22.9267097,-47.0891757
1244,1122,CARLOS ALBERTO DA CUNHA,68,PP,2022,-22.9267097,-47.0891757
1244,11777,ANTONIO ASSUNÇÃO DE OLIM,32,PP,2022,-22.9267097,-47.0891757
1244,12,ELVIS LEONARDO CEZAR,85,PDT,2022,-22.9267097,-47.0891757
1244,12,Partido Democrático Trabalhista,34,PDT,2022,-22.9267097,-47.0891757
1244,12200,WILSON KELLER DE MATOS,42,PDT,2022,-22.9267097,-47.0891757
1244,123,JOSÉ ALDO REBELO FIGUEIREDO,76,PDT,2022,-22.9267097,-47.0891757
1244,13,FERNANDO HADDAD,7404,PT,2022,-22.9267097,-47.0891757
1244,13,Partido dos Trabalhadores,413,PT,2022,-22.9267097,-47.0891757
1244,13016,THAINARA KAROLINE FARIA,94,PT,2022,-22.9267097,-47.0891757
1244,13120,CARLOS ROBERTO DE OLIVEIRA,53,PT,2022,-22.9267097,-47.0891757
1244,13121,ANA LUCIA LIPPAUS PERUGINI,193,PT,2022,-22.9267097,-47.0891757
1244,1313,RUI GOETHE DA COSTA FALCÃO,35,PT,2022,-22.9267097,-47.0891757
1244,13133,EDUARDO MATARAZZO SUPLICY,237,PT,2022,-22.9267097,-47.0891757
1244,13134,LUIZ FERNANDO TEIXEIRA FERREIRA,41,PT,2022,-22.9267097,-47.0891757
1244,1319,PEDRO TOURINHO DE SIQUEIRA,569,PT,2022,-22.9267097,-47.0891757
1244,13199,PAOLLA CATHERINE DOS SANTOS MIGUEL AGARD,290,PT,2022,-22.9267097,-47.0891757
1244,13300,WAGNER DE MELO ROMÃO,67,PT,2022,-22.9267097,-47.0891757
1244,13654,JANDYRA MASSUE UEHARA ALVES,44,PT,2022,-22.9267097,-47.0891757
1244,1366,MARIANA CERGOLI JANEIRO,37,PT,2022,-22.9267097,-47.0891757
1244,1370,CARLOS ALBERTO ROLIM ZARATTINI,200,PT,2022,-22.9267097,-47.0891757
1244,1380,JILMAR AUGUSTINHO TATTO,253,PT,2022,-22.9267097,-47.0891757
1244,13800,JORGE DO CARMO SILVA,139,PT,2022,-22.9267097,-47.0891757
1244,1414,ADRILLES REIS JORGE,34,PTB,2022,-22.9267097,-47.0891757
1244,15,Movimento Democrático Brasileiro,31,,2022,-22.9267097,-47.0891757
1244,1500,MARIO PALUMBO JUNIOR,34,MDB,2022,-22.9267097,-47.0891757
1244,15121,ANDRE CESAR COSTA,31,MDB,2022,-22.9267097,-47.0891757
1244,155,EDSON APARECIDO DOS SANTOS,384,MDB,2022,-22.9267097,-47.0891757
1244,1580,FÁBIO EDUARDO DE OLIVEIRA TERUEL,58,MDB,2022,-22.9267097,-47.0891757
1244,1587,ARNALDO SALVETTI PALACIO JUNIOR,146,MDB,2022,-22.9267097,-47.0891757
1244,1818,MARIA OSMARINA MARINA DA SILVA VAZ DE LIMA,84,REDE,2022,-22.9267097,-47.0891757
1244,1910,BRUNO AREVALO GANEM,54,PODE,2022,-22.9267097,-47.0891757
1244,19101,CLARICE CARASSOL AREVALO GANEM,37,PODE,2022,-22.9267097,-47.0891757
1244,1911,HENI OZI CUKIER,43,PODE,2022,-22.9267097,-47.0891757
1244,19519,EDUARDO DOS REIS MAGOGA,47,PODE,2022,-22.9267097,-47.0891757
1244,211,TITO FLAVIO BELLINI NOGUEIRA DE OLIVEIRA,30,PCB,2022,-22.9267097,-47.0891757
1244,22,Partido Liberal,215,,2022,-22.9267097,-47.0891757
1244,2200,JOSÉ AUGUSTO ROSA,44,PL,2022,-22.9267097,-47.0891757
1244,22000,DIMAS MECCA SAMPAIO,119,PL,2022,-22.9267097,-47.0891757
1244,2208,MARIO LUIS FRIAS,101,PL,2022,-22.9267097,-47.0891757
1244,2210,CARLA ZAMBELLI SALGADO DE OLIVEIRA,463,PL,2022,-22.9267097,-47.0891757
1244,22100,BRUNO ZAMBELLI SALGADO,116,PL,2022,-22.9267097,-47.0891757
1244,22112,CARLOS CEZAR DA SILVA,84,PL,2022,-22.9267097,-47.0891757
1244,22120,GILDEVANIO ILSO DOS SANTOS DINIZ,79,PL,2022,-22.9267097,-47.0891757
1244,22138,ROBERVAL CONTE LOPES LIMA,73,PL,2022,-22.9267097,-47.0891757
1244,222,MARCOS CESAR PONTES,3952,PL,2022,-22.9267097,-47.0891757
1244,2222,EDUARDO NANTES BOLSONARO,490,PL,2022,-22.9267097,-47.0891757
1244,22222,MARCOS ROBERTO DAMASIO DA SILVA,72,PL,2022,-22.9267097,-47.0891757
1244,2233,PAULO ROBERTO FREIRE DA COSTA,236,PL,2022,-22.9267097,-47.0891757
1244,22422,PAULO JORGE MANSUR NETO,131,PL,2022,-22.9267097,-47.0891757
1244,2243,LUIZ PHILIPPE DE ORLEANS E BRAGANÇA,48,PL,2022,-22.9267097,-47.0891757
1244,22444,MATHEUS COIMBRA MARTINS DE AGUIAR,59,PL,2022,-22.9267097,-47.0891757
1244,2247,PAULO FRANCISCO MUNIZ BILYNSKYJ,40,PL,2022,-22.9267097,-47.0891757
1244,2250,RICARDO DE AQUINO SALLES,211,PL,2022,-22.9267097,-47.0891757
1244,22500,LUCAS DIEZ BOVE,58,PL,2022,-22.9267097,-47.0891757
1244,2251,ADILSON BARROSO OLIVEIRA,30,PL,2022,-22.9267097,-47.0891757
1244,2255,FRANCISCO EVERARDO TIRIRICA OLIVEIRA SILVA,45,PL,2022,-22.9267097,-47.0891757
1244,22553,THELMA ELAINE BRASILEIRO ROBERTI,32,PL,2022,-22.9267097,-47.0891757
1244,2270,MARCO ANTONIO FELICIANO,99,PL,2022,-22.9267097,-47.0891757
1244,2274,JEFFERSON ALVES DE CAMPOS,74,PL,2022,-22.9267097,-47.0891757
1244,2276,MARSCHELO RODRIGO MARIN MECHE,85,PL,2022,-22.9267097,-47.0891757
1244,2290,GUILHERME MURARO DERRITE,71,PL,2022,-22.9267097,-47.0891757
1244,22922,VALERIA MULLER RAMOS BOLSONARO,253,PL,2022,-22.9267097,-47.0891757
1244,2300,MARCO ANTONIO VILLA,39,CIDADANIA,2022,-22.9267097,-47.0891757
1244,23000,RAFAEL FERNANDO ZIMBALDI,629,CIDADANIA,2022,-22.9267097,-47.0891757
1244,23456,ANTONIO DIRCEU DALBEN,66,CIDADANIA,2022,-22.9267097,-47.0891757
1244,287,JANAINA CONCEIÇÃO PASCHOAL,179,PRTB,2022,-22.9267097,-47.0891757
1244,30,Partido Novo,62,NOVO,2022,-22.9267097,-47.0891757
1244,30,VINICIUS LAZZER POIT,154,NOVO,2022,-22.9267097,-47.0891757
1244,300,RICARDO LUIS MELLÃO,126,NOVO,2022,-22.9267097,-47.0891757
1244,3000,ALEXIS JOSEPH STEVERLYNCK FONTEYNE,57,NOVO,2022,-22.9267097,-47.0891757
1244,3030,ADRIANA MIGUEL VENTURA,67,NOVO,2022,-22.9267097,-47.0891757
1244,30730,HENRIQUE MAGALHÃES TEIXEIRA,45,NOVO,2022,-22.9267097,-47.0891757
1244,36190,ADRIANA SANCHES GALDEANO BORGO,75,AGIR,2022,-22.9267097,-47.0891757
1244,40,Partido Socialista Brasileiro,145,,2022,-22.9267097,-47.0891757
1244,400,MÁRCIO LUIZ FRANÇA GOMES,2827,PSB,2022,-22.9267097,-47.0891757
1244,4000,JONAS DONIZETTE FERREIRA,725,PSB,2022,-22.9267097,-47.0891757
1244,40000,ANDRÉA WERNER SILVA BONOLI,62,PSB,2022,-22.9267097,-47.0891757
1244,4040,TABATA CLAUDIA AMARAL DE PONTES,128,PSB,2022,-22.9267097,-47.0891757
1244,40456,PERMÍNIO MONTEIRO DA SILVA,180,PSB,2022,-22.9267097,-47.0891757
1244,4400,ROSANGELA MARIA WOLFF DE QUADROS MORO,72,UNIÃO,2022,-22.9267097,-47.0891757
1244,44007,FELIPE SOUZA MURAKAMI DE FRANCO,36,UNIÃO,2022,-22.9267097,-47.0891757
1244,44019,RODRIGO LUIS DE BARROS ALMEIDA,333,UNIÃO,2022,-22.9267097,-47.0891757
1244,4407,FELIPE BECARI COMENALE,53,UNIÃO,2022,-22.9267097,-47.0891757
1244,44220,ANDRE CRISTHIANO CAYRES RIBEIRO,53,UNIÃO,2022,-22.9267097,-47.0891757
1244,4425,ALEXANDRE LEITE DA SILVA,132,UNIÃO,2022,-22.9267097,-47.0891757
1244,4433,KIM PATROCA KATAGUIRI,121,UNIÃO,2022,-22.9267097,-47.0891757
1244,4434,DOUGLAS DE PAULO VIEGAS,32,UNIÃO,2022,-22.9267097,-47.0891757
1244,44777,AUGUSTO ZACARIAS CORREA LEITE,81,UNIÃO,2022,-22.9267097,-47.0891757
1244,45,Partido da Social Democracia Brasileira,44,PSDB,2022,-22.9267097,-47.0891757
1244,45,RODRIGO GARCIA,1059,PSDB,2022,-22.9267097,-47.0891757
1244,4500,CARLOS HENRIQUE FOCESI SAMPAIO,250,PSDB,2022,-22.9267097,-47.0891757
1244,45200,CÉLIA CAMARGO LEÃO EDELMUTH,157,PSDB,2022,-22.9267097,-47.0891757
1244,45678,LUIZ HENRIQUE CIRILO,119,PSDB,2022,-22.9267097,-47.0891757
1244,5000,SÂMIA DE SOUZA BOMFIM,103,PSOL,2022,-22.9267097,-47.0891757
1244,50000,PAULA NUNES DOS SANTOS,56,PSOL,2022,-22.9267097,-47.0891757
1244,5010,GUILHERME CASTRO BOULOS,230,PSOL,2022,-22.9267097,-47.0891757
1244,50100,MARIANA CONTI TAKAHASHI,227,PSOL,2022,-22.9267097,-47.0891757
1244,50110,EDIANE MARIA DO NASCIMENTO,32,PSOL,2022,-22.9267097,-47.0891757
1244,5070,ERIKA SANTOS SILVA,94,PSOL,2022,-22.9267097,-47.0891757
1244,50777,PAULO ROBERTO BUFALO,37,PSOL,2022,-22.9267097,-47.0891757
1244,50789,CARLOS ALBERTO GIANNASI,56,PSOL,2022,-22.9267097,-47.0891757
1244,5088,SÔNIA BONE DE SOUSA SILVA SANTOS,65,PSOL,2022,-22.9267097,-47.0891757
1244,55400,MARTA MARIA FREIRE DA COSTA,194,PSD,2022,-22.9267097,-47.0891757
1244,55655,ARTUR CASSEB ORSI,222,PSD,2022,-22.9267097,-47.0891757
1244,6565,ORLANDO SILVA DE JESUS JUNIOR,43,PC DO B,2022,-22.9267097,-47.0891757
1244,65656,MARCIA REGINA QUINTANILHA,33,PC DO B,2022,-22.9267097,-47.0891757
1244,80,CAROLINA REJAILI VIGLIAR,54,UP,2022,-22.9267097,-47.0891757
1244,800,VIVIAN MENDES DA SILVA,126,UP,2022,-22.9267097,-47.0891757
1244,9000,PABLO HENRIQUE COSTA MARÇAL,126,PROS,2022,-22.9267097,-47.0891757
1244,90000,NEZIO ANTONIO MONTEIRO FILHO,41,PROS,2022,-22.9267097,-47.0891757
1244,95,VOTO BRANCO,4050,,2022,-22.9267097,-47.0891757
1244,96,VOTO NULO,4452,,2022,-22.9267097,-47.0891757
1252,10,TARCISIO GOMES DE FREITAS,6952,REPUBLICANOS,2022,-22.978587,-47.136499
1252,1000,CELSO UBIRAJARA RUSSOMANNO,109,REPUBLICANOS,2022,-22.978587,-47.136499
1252,10099,LEONICE ALVES DA PAZ,36,REPUBLICANOS,2022,-22.978587,-47.136499
1252,1010,MARCOS ANTONIO PEREIRA,55,REPUBLICANOS,2022,-22.978587,-47.136499
1252,10123,GILMACI DOS SANTOS BARBOSA,99,REPUBLICANOS,2022,-22.978587,-47.136499
1252,10200,HIGOR DIEGO RALLA,527,REPUBLICANOS,2022,-22.978587,-47.136499
1252,10550,TOME ABDUCH,53,REPUBLICANOS,2022,-22.978587,-47.136499
1252,1078,BENEDITO ROBERTO ALVES FERREIRA,111,REPUBLICANOS,2022,-22.978587,-47.136499
1252,1099,ROBERTO ALVES DE LUCENA,30,REPUBLICANOS,2022,-22.978587,-47.136499
1252,1111,BRUNO MARCELLO DE OLIVEIRA LIMA,116,PP,2022,-22.978587,-47.136499
1252,1112,ISRAEL NANTES SANTOS,89,PP,2022,-22.978587,-47.136499
1252,1122,CARLOS ALBERTO DA CUNHA,76,PP,2022,-22.978587,-47.136499
1252,11777,ANTONIO ASSUNÇÃO DE OLIM,34,PP,2022,-22.978587,-47.136499
1252,12,ELVIS LEONARDO CEZAR,100,PDT,2022,-22.978587,-47.136499
1252,12200,WILSON KELLER DE MATOS,32,PDT,2022,-22.978587,-47.136499
1252,123,JOSÉ ALDO REBELO FIGUEIREDO,74,PDT,2022,-22.978587,-47.136499
1252,13,FERNANDO HADDAD,6563,PT,2022,-22.978587,-47.136499
1252,13,Partido dos Trabalhadores,330,PT,2022,-22.978587,-47.136499
1252,13120,CARLOS ROBERTO DE OLIVEIRA,47,PT,2022,-22.978587,-47.136499
1252,13121,ANA LUCIA LIPPAUS PERUGINI,146,PT,2022,-22.978587,-47.136499
1252,13123,MARIA IZABEL AZEVEDO NORONHA,31,PT,2022,-22.978587,-47.136499
1252,13133,EDUARDO MATARAZZO SUPLICY,187,PT,2022,-22.978587,-47.136499
1252,1319,PEDRO TOURINHO DE SIQUEIRA,761,PT,2022,-22.978587,-47.136499
1252,13199,PAOLLA CATHERINE DOS SANTOS MIGUEL AGARD,159,PT,2022,-22.978587,-47.136499
1252,1322,ARLINDO CHIGNALIA JUNIOR,38,PT,2022,-22.978587,-47.136499
1252,13300,WAGNER DE MELO ROMÃO,43,PT,2022,-22.978587,-47.136499
1252,13331,VERA LUCIA RODRIGUES DE FARIA,54,PT,2022,-22.978587,-47.136499
1252,13651,PAULO BATISTA DOS REIS,127,PT,2022,-22.978587,-47.136499
1252,1366,MARIANA CERGOLI JANEIRO,62,PT,2022,-22.978587,-47.136499
1252,1370,CARLOS ALBERTO ROLIM ZARATTINI,73,PT,2022,-22.978587,-47.136499
1252,13700,ANTONIO DONATO MADORMO,37,PT,2022,-22.978587,-47.136499
1252,1380,JILMAR AUGUSTINHO TATTO,115,PT,2022,-22.978587,-47.136499
1252,13800,JORGE DO CARMO SILVA,57,PT,2022,-22.978587,-47.136499
1252,1388,CLAUDETE ALVES DA SILVA,35,PT,2022,-22.978587,-47.136499
1252,1500,MARIO PALUMBO JUNIOR,48,MDB,2022,-22.978587,-47.136499
1252,155,EDSON APARECIDO DOS SANTOS,243,MDB,2022,-22.978587,-47.136499
1252,1580,FÁBIO EDUARDO DE OLIVEIRA TERUEL,43,MDB,2022,-22.978587,-47.136499
1252,1587,ARNALDO SALVETTI PALACIO JUNIOR,68,MDB,2022,-22.978587,-47.136499
1252,1818,MARIA OSMARINA MARINA DA SILVA VAZ DE LIMA,64,REDE,2022,-22.978587,-47.136499
1252,1910,BRUNO AREVALO GANEM,35,PODE,2022,-22.978587,-47.136499
1252,2020,GILBERTO NASCIMENTO SILVA,50,PSC,2022,-22.978587,-47.136499
1252,22,Partido Liberal,178,,2022,-22.978587,-47.136499
1252,2200,JOSÉ AUGUSTO ROSA,32,PL,2022,-22.978587,-47.136499
1252,22000,DIMAS MECCA SAMPAIO,63,PL,2022,-22.978587,-47.136499
1252,2208,MARIO LUIS FRIAS,69,PL,2022,-22.978587,-47.136499
1252,2210,CARLA ZAMBELLI SALGADO DE OLIVEIRA,335,PL,2022,-22.978587,-47.136499
1252,22100,BRUNO ZAMBELLI SALGADO,60,PL,2022,-22.978587,-47.136499
1252,22112,CARLOS CEZAR DA SILVA,67,PL,2022,-22.978587,-47.136499
1252,22120,GILDEVANIO ILSO DOS SANTOS DINIZ,59,PL,2022,-22.978587,-47.136499
1252,22138,ROBERVAL CONTE LOPES LIMA,33,PL,2022,-22.978587,-47.136499
1252,222,MARCOS CESAR PONTES,3144,PL,2022,-22.978587,-47.136499
1252,2222,EDUARDO NANTES BOLSONARO,324,PL,2022,-22.978587,-47.136499
1252,22222,MARCOS ROBERTO DAMASIO DA SILVA,64,PL,2022,-22.978587,-47.136499
1252,2233,PAULO ROBERTO FREIRE DA COSTA,227,PL,2022,-22.978587,-47.136499
1252,22422,PAULO JORGE MANSUR NETO,61,PL,2022,-22.978587,-47.136499
1252,22444,MATHEUS COIMBRA MARTINS DE AGUIAR,35,PL,2022,-22.978587,-47.136499
1252,2250,RICARDO DE AQUINO SALLES,187,PL,2022,-22.978587,-47.136499
1252,2255,FRANCISCO EVERARDO TIRIRICA OLIVEIRA SILVA,34,PL,2022,-22.978587,-47.136499
1252,2270,MARCO ANTONIO FELICIANO,98,PL,2022,-22.978587,-47.136499
1252,2274,JEFFERSON ALVES DE CAMPOS,63,PL,2022,-22.978587,-47.136499
1252,2276,MARSCHELO RODRIGO MARIN MECHE,31,PL,2022,-22.978587,-47.136499
1252,2290,GUILHERME MURARO DERRITE,61,PL,2022,-22.978587,-47.136499
1252,22922,VALERIA MULLER RAMOS BOLSONARO,193,PL,2022,-22.978587,-47.136499
1252,2300,MARCO ANTONIO VILLA,50,CIDADANIA,2022,-22.978587,-47.136499
1252,23000,RAFAEL FERNANDO ZIMBALDI,529,CIDADANIA,2022,-22.978587,-47.136499
1252,23456,ANTONIO DIRCEU DALBEN,50,CIDADANIA,2022,-22.978587,-47.136499
1252,287,JANAINA CONCEIÇÃO PASCHOAL,128,PRTB,2022,-22.978587,-47.136499
1252,30,Partido Novo,33,NOVO,2022,-22.978587,-47.136499
1252,30,VINICIUS LAZZER POIT,123,NOVO,2022,-22.978587,-47.136499
1252,300,RICARDO LUIS MELLÃO,91,NOVO,2022,-22.978587,-47.136499
1252,40,Partido Socialista Brasileiro,87,,2022,-22.978587,-47.136499
1252,400,MÁRCIO LUIZ FRANÇA GOMES,2571,PSB,2022,-22.978587,-47.136499
1252,4000,JONAS DONIZETTE FERREIRA,408,PSB,2022,-22.978587,-47.136499
1252,40000,ANDRÉA WERNER SILVA BONOLI,38,PSB,2022,-22.978587,-47.136499
1252,4040,TABATA CLAUDIA AMARAL DE PONTES,80,PSB,2022,-22.978587,-47.136499
1252,40456,PERMÍNIO MONTEIRO DA SILVA,64,PSB,2022,-22.978587,-47.136499
1252,4400,ROSANGELA MARIA WOLFF DE QUADROS MORO,39,UNIÃO,2022,-22.978587,-47.136499
1252,44007,FELIPE SOUZA MURAKAMI DE FRANCO,37,UNIÃO,2022,-22.978587,-47.136499
1252,44019,RODRIGO LUIS DE BARROS ALMEIDA,695,UNIÃO,2022,-22.978587,-47.136499
1252,4407,FELIPE BECARI COMENALE,37,UNIÃO,2022,-22.978587,-47.136499
1252,44220,ANDRE CRISTHIANO CAYRES RIBEIRO,516,UNIÃO,2022,-22.978587,-47.136499
1252,4425,ALEXANDRE LEITE DA SILVA,141,UNIÃO,2022,-22.978587,-47.136499
1252,4433,KIM PATROCA KATAGUIRI,109,UNIÃO,2022,-22.978587,-47.136499
1252,4434,DOUGLAS DE PAULO VIEGAS,34,UNIÃO,2022,-22.978587,-47.136499
1252,4470,NICOLINO BOZZELLA JUNIOR,128,UNIÃO,2022,-22.978587,-47.136499
1252,44777,AUGUSTO ZACARIAS CORREA LEITE,52,UNIÃO,2022,-22.978587,-47.136499
1252,45,RODRIGO GARCIA,810,PSDB,2022,-22.978587,-47.136499
1252,4500,CARLOS HENRIQUE FOCESI SAMPAIO,224,PSDB,2022,-22.978587,-47.136499
1252,45200,CÉLIA CAMARGO LEÃO EDELMUTH,63,PSDB,2022,-22.978587,-47.136499
1252,45678,LUIZ HENRIQUE CIRILO,38,PSDB,2022,-22.978587,-47.136499
1252,5000,SÂMIA DE SOUZA BOMFIM,96,PSOL,2022,-22.978587,-47.136499
1252,50000,PAULA NUNES DOS SANTOS,44,PSOL,2022,-22.978587,-47.136499
1252,5010,GUILHERME CASTRO BOULOS,203,PSOL,2022,-22.978587,-47.136499
1252,50100,MARIANA CONTI TAKAHASHI,163,PSOL,2022,-22.978587,-47.136499
1252,5070,ERIKA SANTOS SILVA,58,PSOL,2022,-22.978587,-47.136499
1252,50777,PAULO ROBERTO BUFALO,30,PSOL,2022,-22.978587,-47.136499
1252,5088,SÔNIA BONE DE SOUSA SILVA SANTOS,44,PSOL,2022,-22.978587,-47.136499
1252,5515,SAULO PEDROSO DE SOUZA,36,PSD,2022,-22.978587,-47.136499
1252,55400,MARTA MARIA FREIRE DA COSTA,145,PSD,2022,-22.978587,-47.136499
1252,55655,ARTUR CASSEB ORSI,114,PSD,2022,-22.978587,-47.136499
1252,5577,ANTONIO CEZAR CORREIA FREIRE,34,PSD,2022,-22.978587,-47.136499
1252,55777,OSEIAS SANTOS DA SILVA,35,PSD,2022,-22.978587,-47.136499
1252,6565,ORLANDO SILVA DE JESUS JUNIOR,83,PC DO B,2022,-22.978587,-47.136499
1252,65656,MARCIA REGINA QUINTANILHA,62,PC DO B,2022,-22.978587,-47.136499
1252,7719,MARCELO HENRIQUE SILVA,38,SOLIDARIEDADE,2022,-22.978587,-47.136499
1252,800,VIVIAN MENDES DA SILVA,66,UP,2022,-22.978587,-47.136499
1252,9000,PABLO HENRIQUE COSTA MARÇAL,87,PROS,2022,-22.978587,-47.136499
1252,95,VOTO BRANCO,3735,,2022,-22.978587,-47.136499
1252,96,VOTO NULO,3812,,2022,-22.978587,-47.136499
1260,10,TARCISIO GOMES DE FREITAS,6711,REPUBLICANOS,2022,-22.920298,-47.0886003
1260,1000,CELSO UBIRAJARA RUSSOMANNO,104,REPUBLICANOS,2022,-22.920298,-47.0886003
1260,10099,LEONICE ALVES DA PAZ,34,REPUBLICANOS,2022,-22.920298,-47.0886003
1260,1010,MARCOS ANTONIO PEREIRA,36,REPUBLICANOS,2022,-22.920298,-47.0886003
1260,10123,GILMACI DOS SANTOS BARBOSA,98,REPUBLICANOS,2022,-22.920298,-47.0886003
1260,10200,HIGOR DIEGO RALLA,101,REPUBLICANOS,2022,-22.920298,-47.0886003
1260,10550,TOME ABDUCH,45,REPUBLICANOS,2022,-22.920298,-47.0886003
1260,1078,BENEDITO ROBERTO ALVES FERREIRA,108,REPUBLICANOS,2022,-22.920298,-47.0886003
1260,1111,BRUNO MARCELLO DE OLIVEIRA LIMA,144,PP,2022,-22.920298,-47.0886003
1260,1112,ISRAEL NANTES SANTOS,59,PP,2022,-22.920298,-47.0886003
1260,1122,CARLOS ALBERTO DA CUNHA,42,PP,2022,-22.920298,-47.0886003
1260,11777,ANTONIO ASSUNÇÃO DE OLIM,37,PP,2022,-22.920298,-47.0886003
1260,12,ELVIS LEONARDO CEZAR,58,PDT,2022,-22.920298,-47.0886003
1260,12200,WILSON KELLER DE MATOS,33,PDT,2022,-22.920298,-47.0886003
1260,123,JOSÉ ALDO REBELO FIGUEIREDO,63,PDT,2022,-22.920298,-47.0886003
1260,13,FERNANDO HADDAD,4584,PT,2022,-22.920298,-47.0886003
1260,13,Partido dos Trabalhadores,237,PT,2022,-22.920298,-47.0886003
1260,13016,THAINARA KAROLINE FARIA,34,PT,2022,-22.920298,-47.0886003
1260,13121,ANA LUCIA LIPPAUS PERUGINI,162,PT,2022,-22.920298,-47.0886003
1260,1313,RUI GOETHE DA COSTA FALCÃO,31,PT,2022,-22.920298,-47.0886003
1260,13133,EDUARDO MATARAZZO SUPLICY,180,PT,2022,-22.920298,-47.0886003
1260,1319,PEDRO TOURINHO DE SIQUEIRA,419,PT,2022,-22.920298,-47.0886003
1260,13199,PAOLLA CATHERINE DOS SANTOS MIGUEL AGARD,121,PT,2022,-22.920298,-47.0886003
1260,13300,WAGNER DE MELO ROMÃO,49,PT,2022,-22.920298,-47.0886003
1260,1366,MARIANA CERGOLI JANEIRO,36,PT,2022,-22.920298,-47.0886003
1260,1380,JILMAR AUGUSTINHO TATTO,81,PT,2022,-22.920298,-47.0886003
1260,1500,MARIO PALUMBO JUNIOR,37,MDB,2022,-22.920298,-47.0886003
1260,155,EDSON APARECIDO DOS SANTOS,270,MDB,2022,-22.920298,-47.0886003
1260,1580,FÁBIO EDUARDO DE OLIVEIRA TERUEL,35,MDB,2022,-22.920298,-47.0886003
1260,1587,ARNALDO SALVETTI PALACIO JUNIOR,99,MDB,2022,-22.920298,-47.0886003
1260,1818,MARIA OSMARINA MARINA DA SILVA VAZ DE LIMA,74,REDE,2022,-22.920298,-47.0886003
1260,1910,BRUNO AREVALO GANEM,38,PODE,2022,-22.920298,-47.0886003
1260,19101,CLARICE CARASSOL AREVALO GANEM,35,PODE,2022,-22.920298,-47.0886003
1260,1911,HENI OZI CUKIER,41,PODE,2022,-22.920298,-47.0886003
1260,19519,EDUARDO DOS REIS MAGOGA,31,PODE,2022,-22.920298,-47.0886003
1260,2020,GILBERTO NASCIMENTO SILVA,32,PSC,2022,-22.920298,-47.0886003
1260,20320,JOSÉ CARLOS FURIOSO,53,PSC,2022,-22.920298,-47.0886003
1260,22,Partido Liberal,143,,2022,-22.920298,-47.0886003
1260,2200,JOSÉ AUGUSTO ROSA,34,PL,2022,-22.920298,-47.0886003
1260,22000,DIMAS MECCA SAMPAIO,98,PL,2022,-22.920298,-47.0886003
1260,2208,MARIO LUIS FRIAS,68,PL,2022,-22.920298,-47.0886003
1260,2210,CARLA ZAMBELLI SALGADO DE OLIVEIRA,388,PL,2022,-22.920298,-47.0886003
1260,22100,BRUNO ZAMBELLI SALGADO,103,PL,2022,-22.920298,-47.0886003
1260,22112,CARLOS CEZAR DA SILVA,63,PL,2022,-22.920298,-47.0886003
1260,22120,GILDEVANIO ILSO DOS SANTOS DINIZ,68,PL,2022,-22.920298,-47.0886003
1260,22138,ROBERVAL CONTE LOPES LIMA,38,PL,2022,-22.920298,-47.0886003
1260,222,MARCOS CESAR PONTES,3114,PL,2022,-22.920298,-47.0886003
1260,2222,EDUARDO NANTES BOLSONARO,370,PL,2022,-22.920298,-47.0886003
1260,22222,MARCOS ROBERTO DAMASIO DA SILVA,46,PL,2022,-22.920298,-47.0886003
1260,2233,PAULO ROBERTO FREIRE DA COSTA,173,PL,2022,-22.920298,-47.0886003
1260,22422,PAULO JORGE MANSUR NETO,85,PL,2022,-22.920298,-47.0886003
1260,22444,MATHEUS COIMBRA MARTINS DE AGUIAR,38,PL,2022,-22.920298,-47.0886003
1260,2247,PAULO FRANCISCO MUNIZ BILYNSKYJ,30,PL,2022,-22.920298,-47.0886003
1260,2250,RICARDO DE AQUINO SALLES,206,PL,2022,-22.920298,-47.0886003
1260,22500,LUCAS DIEZ BOVE,58,PL,2022,-22.920298,-47.0886003
1260,2270,MARCO ANTONIO FELICIANO,64,PL,2022,-22.920298,-47.0886003
1260,2274,JEFFERSON ALVES DE CAMPOS,65,PL,2022,-22.920298,-47.0886003
1260,2276,MARSCHELO RODRIGO MARIN MECHE,100,PL,2022,-22.920298,-47.0886003
1260,2290,GUILHERME MURARO DERRITE,61,PL,2022,-22.920298,-47.0886003
1260,22922,VALERIA MULLER RAMOS BOLSONARO,291,PL,2022,-22.920298,-47.0886003
1260,2300,MARCO ANTONIO VILLA,43,CIDADANIA,2022,-22.920298,-47.0886003
1260,23000,RAFAEL FERNANDO ZIMBALDI,423,CIDADANIA,2022,-22.920298,-47.0886003
1260,23456,ANTONIO DIRCEU DALBEN,78,CIDADANIA,2022,-22.920298,-47.0886003
1260,287,JANAINA CONCEIÇÃO PASCHOAL,155,PRTB,2022,-22.920298,-47.0886003
1260,30,Partido Novo,52,NOVO,2022,-22.920298,-47.0886003
1260,30,VINICIUS LAZZER POIT,127,NOVO,2022,-22.920298,-47.0886003
1260,300,RICARDO LUIS MELLÃO,86,NOVO,2022,-22.920298,-47.0886003
1260,30730,HENRIQUE MAGALHÃES TEIXEIRA,37,NOVO,2022,-22.920298,-47.0886003
1260,36190,ADRIANA SANCHES GALDEANO BORGO,51,AGIR,2022,-22.920298,-47.0886003
1260,40,Partido Socialista Brasileiro,53,,2022,-22.920298,-47.0886003
1260,400,MÁRCIO LUIZ FRANÇA GOMES,1779,PSB,2022,-22.920298,-47.0886003
1260,4000,JONAS DONIZETTE FERREIRA,308,PSB,2022,-22.920298,-47.0886003
1260,40000,ANDRÉA WERNER SILVA BONOLI,34,PSB,2022,-22.920298,-47.0886003
1260,4040,TABATA CLAUDIA AMARAL DE PONTES,88,PSB,2022,-22.920298,-47.0886003
1260,40456,PERMÍNIO MONTEIRO DA SILVA,45,PSB,2022,-22.920298,-47.0886003
1260,4400,ROSANGELA MARIA WOLFF DE QUADROS MORO,70,UNIÃO,2022,-22.920298,-47.0886003
1260,44019,RODRIGO LUIS DE BARROS ALMEIDA,448,UNIÃO,2022,-22.920298,-47.0886003
1260,4407,FELIPE BECARI COMENALE,54,UNIÃO,2022,-22.920298,-47.0886003
1260,4425,ALEXANDRE LEITE DA SILVA,106,UNIÃO,2022,-22.920298,-47.0886003
1260,4433,KIM PATROCA KATAGUIRI,98,UNIÃO,2022,-22.920298,-47.0886003
1260,44777,AUGUSTO ZACARIAS CORREA LEITE,58,UNIÃO,2022,-22.920298,-47.0886003
1260,45,RODRIGO GARCIA,828,PSDB,2022,-22.920298,-47.0886003
1260,4500,CARLOS HENRIQUE FOCESI SAMPAIO,210,PSDB,2022,-22.920298,-47.0886003
1260,45200,CÉLIA CAMARGO LEÃO EDELMUTH,106,PSDB,2022,-22.920298,-47.0886003
1260,45678,LUIZ HENRIQUE CIRILO,56,PSDB,2022,-22.920298,-47.0886003
1260,5000,SÂMIA DE SOUZA BOMFIM,89,PSOL,2022,-22.920298,-47.0886003
1260,50000,PAULA NUNES DOS SANTOS,53,PSOL,2022,-22.920298,-47.0886003
1260,5010,GUILHERME CASTRO BOULOS,209,PSOL,2022,-22.920298,-47.0886003
1260,50100,MARIANA CONTI TAKAHASHI,193,PSOL,2022,-22.920298,-47.0886003
1260,50110,EDIANE MARIA DO NASCIMENTO,32,PSOL,2022,-22.920298,-47.0886003
1260,5070,ERIKA SANTOS SILVA,58,PSOL,2022,-22.920298,-47.0886003
1260,50777,PAULO ROBERTO BUFALO,30,PSOL,2022,-22.920298,-47.0886003
1260,50789,CARLOS ALBERTO GIANNASI,38,PSOL,2022,-22.920298,-47.0886003
1260,5088,SÔNIA BONE DE SOUSA SILVA SANTOS,38,PSOL,2022,-22.920298,-47.0886003
1260,55400,MARTA MARIA FREIRE DA COSTA,136,PSD,2022,-22.920298,-47.0886003
1260,55655,ARTUR CASSEB ORSI,115,PSD,2022,-22.920298,-47.0886003
1260,6565,ORLANDO SILVA DE JESUS JUNIOR,55,PC DO B,2022,-22.920298,-47.0886003
1260,65656,MARCIA REGINA QUINTANILHA,55,PC DO B,2022,-22.920298,-47.0886003
1260,80,CAROLINA REJAILI VIGLIAR,30,UP,2022,-22.920298,-47.0886003
1260,800,VIVIAN MENDES DA SILVA,91,UP,2022,-22.920298,-47.0886003
1260,9000,PABLO HENRIQUE COSTA MARÇAL,123,PROS,2022,-22.920298,-47.0886003
1260,90000,NEZIO ANTONIO MONTEIRO FILHO,34,PROS,2022,-22.920298,-47.0886003
1260,95,VOTO BRANCO,2368,,2022,-22.920298,-47.0886003
1260,96,VOTO NULO,2835,,2022,-22.920298,-47.0886003
1279,10,REPUBLICANOS,31,REPUBLICANOS,2022,-22.9768521,-47.1364628
1279,10,TARCISIO GOMES DE FREITAS,11244,REPUBLICANOS,2022,-22.9768521,-47.1364628
1279,1000,CELSO UBIRAJARA RUSSOMANNO,123,REPUBLICANOS,2022,-22.9768521,-47.1364628
1279,10099,LEONICE ALVES DA PAZ,35,REPUBLICANOS,2022,-22.9768521,-47.1364628
1279,1010,MARCOS ANTONIO PEREIRA,70,REPUBLICANOS,2022,-22.9768521,-47.1364628
1279,10123,GILMACI DOS SANTOS BARBOSA,111,REPUBLICANOS,2022,-22.9768521,-47.1364628
1279,10200,HIGOR DIEGO RALLA,310,REPUBLICANOS,2022,-22.9768521,-47.1364628
1279,10550,TOME ABDUCH,212,REPUBLICANOS,2022,-22.9768521,-47.1364628
1279,1078,BENEDITO ROBERTO ALVES FERREIRA,122,REPUBLICANOS,2022,-22.9768521,-47.1364628
1279,1111,BRUNO MARCELLO DE OLIVEIRA LIMA,230,PP,2022,-22.9768521,-47.1364628
1279,1112,ISRAEL NANTES SANTOS,108,PP,2022,-22.9768521,-47.1364628
1279,1122,CARLOS ALBERTO DA CUNHA,61,PP,2022,-22.9768521,-47.1364628
1279,11777,ANTONIO ASSUNÇÃO DE OLIM,52,PP,2022,-22.9768521,-47.1364628
1279,12,ELVIS LEONARDO CEZAR,89,PDT,2022,-22.9768521,-47.1364628
1279,12200,WILSON KELLER DE MATOS,30,PDT,2022,-22.9768521,-47.1364628
1279,123,JOSÉ ALDO REBELO FIGUEIREDO,116,PDT,2022,-22.9768521,-47.1364628
1279,13,FERNANDO HADDAD,7776,PT,2022,-22.9768521,-47.1364628
1279,13,Partido dos Trabalhadores,319,PT,2022,-22.9768521,-47.1364628
1279,13120,CARLOS ROBERTO DE OLIVEIRA,43,PT,2022,-22.9768521,-47.1364628
1279,13121,ANA LUCIA LIPPAUS PERUGINI,98,PT,2022,-22.9768521,-47.1364628
1279,13123,MARIA IZABEL AZEVEDO NORONHA,35,PT,2022,-22.9768521,-47.1364628
1279,13133,EDUARDO MATARAZZO SUPLICY,303,PT,2022,-22.9768521,-47.1364628
1279,1319,PEDRO TOURINHO DE SIQUEIRA,778,PT,2022,-22.9768521,-47.1364628
1279,13199,PAOLLA CATHERINE DOS SANTOS MIGUEL AGARD,194,PT,2022,-22.9768521,-47.1364628
1279,13300,WAGNER DE MELO ROMÃO,84,PT,2022,-22.9768521,-47.1364628
1279,13331,VERA LUCIA RODRIGUES DE FARIA,36,PT,2022,-22.9768521,-47.1364628
1279,1366,MARIANA CERGOLI JANEIRO,58,PT,2022,-22.9768521,-47.1364628
1279,1370,CARLOS ALBERTO ROLIM ZARATTINI,34,PT,2022,-22.9768521,-47.1364628
1279,1380,JILMAR AUGUSTINHO TATTO,83,PT,2022,-22.9768521,-47.1364628
1279,13800,JORGE DO CARMO SILVA,43,PT,2022,-22.9768521,-47.1364628
1279,14038,PAULO HUGENNEYER KOGOS,31,PTB,2022,-22.9768521,-47.1364628
1279,1414,ADRILLES REIS JORGE,57,PTB,2022,-22.9768521,-47.1364628
1279,1500,MARIO PALUMBO JUNIOR,69,MDB,2022,-22.9768521,-47.1364628
1279,155,EDSON APARECIDO DOS SANTOS,536,MDB,2022,-22.9768521,-47.1364628
1279,1580,FÁBIO EDUARDO DE OLIVEIRA TERUEL,55,MDB,2022,-22.9768521,-47.1364628
1279,1587,ARNALDO SALVETTI PALACIO JUNIOR,105,MDB,2022,-22.9768521,-47.1364628
1279,18000,MARINA MEDEIROS HELOU,31,REDE,2022,-22.9768521,-47.1364628
1279,1818,MARIA OSMARINA MARINA DA SILVA VAZ DE LIMA,121,REDE,2022,-22.9768521,-47.1364628
1279,1877,RICARDO MAGNUS OSÓRIO GALVÃO,34,REDE,2022,-22.9768521,-47.1364628
1279,1910,BRUNO AREVALO GANEM,55,PODE,2022,-22.9768521,-47.1364628
1279,19101,CLARICE CARASSOL AREVALO GANEM,48,PODE,2022,-22.9768521,-47.1364628
1279,1911,HENI OZI CUKIER,60,PODE,2022,-22.9768521,-47.1364628
1279,19519,EDUARDO DOS REIS MAGOGA,69,PODE,2022,-22.9768521,-47.1364628
1279,2020,GILBERTO NASCIMENTO SILVA,50,PSC,2022,-22.9768521,-47.1364628
1279,20320,JOSÉ CARLOS FURIOSO,30,PSC,2022,-22.9768521,-47.1364628
1279,211,TITO FLAVIO BELLINI NOGUEIRA DE OLIVEIRA,30,PCB,2022,-22.9768521,-47.1364628
1279,22,Partido Liberal,304,,2022,-22.9768521,-47.1364628
1279,2200,JOSÉ AUGUSTO ROSA,40,PL,2022,-22.9768521,-47.1364628
1279,22000,DIMAS MECCA SAMPAIO,113,PL,2022,-22.9768521,-47.1364628
1279,22007,DANILO MASCARENHAS DE BALAS,31,PL,2022,-22.9768521,-47.1364628
1279,2208,MARIO LUIS FRIAS,120,PL,2022,-22.9768521,-47.1364628
1279,2210,CARLA ZAMBELLI SALGADO DE OLIVEIRA,698,PL,2022,-22.9768521,-47.1364628
1279,22100,BRUNO ZAMBELLI SALGADO,176,PL,2022,-22.9768521,-47.1364628
1279,22112,CARLOS CEZAR DA SILVA,86,PL,2022,-22.9768521,-47.1364628
1279,22120,GILDEVANIO ILSO DOS SANTOS DINIZ,111,PL,2022,-22.9768521,-47.1364628
1279,22138,ROBERVAL CONTE LOPES LIMA,68,PL,2022,-22.9768521,-47.1364628
1279,22180,RAQUEL KOBASHI GALLINATI LOMBARDI,53,PL,2022,-22.9768521,-47.1364628
1279,222,MARCOS CESAR PONTES,5096,PL,2022,-22.9768521,-47.1364628
1279,2222,EDUARDO NANTES BOLSONARO,557,PL,2022,-22.9768521,-47.1364628
1279,22222,MARCOS ROBERTO DAMASIO DA SILVA,62,PL,2022,-22.9768521,-47.1364628
1279,2233,PAULO ROBERTO FREIRE DA COSTA,160,PL,2022,-22.9768521,-47.1364628
1279,2240,KATIA DA SILVA SASTRE,32,PL,2022,-22.9768521,-47.1364628
1279,22422,PAULO JORGE MANSUR NETO,81,PL,2022,-22.9768521,-47.1364628
1279,2243,LUIZ PHILIPPE DE ORLEANS E BRAGANÇA,53,PL,2022,-22.9768521,-47.1364628
1279,22444,MATHEUS COIMBRA MARTINS DE AGUIAR,71,PL,2022,-22.9768521,-47.1364628
1279,2247,PAULO FRANCISCO MUNIZ BILYNSKYJ,53,PL,2022,-22.9768521,-47.1364628
1279,2250,RICARDO DE AQUINO SALLES,515,PL,2022,-22.9768521,-47.1364628
1279,22500,LUCAS DIEZ BOVE,87,PL,2022,-22.9768521,-47.1364628
1279,2251,ADILSON BARROSO OLIVEIRA,37,PL,2022,-22.9768521,-47.1364628
1279,2270,MARCO ANTONIO FELICIANO,73,PL,2022,-22.9768521,-47.1364628
1279,2274,JEFFERSON ALVES DE CAMPOS,91,PL,2022,-22.9768521,-47.1364628
1279,2276,MARSCHELO RODRIGO MARIN MECHE,38,PL,2022,-22.9768521,-47.1364628
1279,2290,GUILHERME MURARO DERRITE,104,PL,2022,-22.9768521,-47.1364628
1279,22922,VALERIA MULLER RAMOS BOLSONARO,379,PL,2022,-22.9768521,-47.1364628
1279,2300,MARCO ANTONIO VILLA,72,CIDADANIA,2022,-22.9768521,-47.1364628
1279,23000,RAFAEL FERNANDO ZIMBALDI,575,CIDADANIA,2022,-22.9768521,-47.1364628
1279,23456,ANTONIO DIRCEU DALBEN,76,CIDADANIA,2022,-22.9768521,-47.1364628
1279,23888,LI LI MIN,51,CIDADANIA,2022,-22.9768521,-47.1364628
1279,287,JANAINA CONCEIÇÃO PASCHOAL,367,PRTB,2022,-22.9768521,-47.1364628
1279,30,Partido Novo,130,NOVO,2022,-22.9768521,-47.1364628
1279,30,VINICIUS LAZZER POIT,219,NOVO,2022,-22.9768521,-47.1364628
1279,300,RICARDO LUIS MELLÃO,224,NOVO,2022,-22.9768521,-47.1364628
1279,3000,ALEXIS JOSEPH STEVERLYNCK FONTEYNE,147,NOVO,2022,-22.9768521,-47.1364628
1279,3001,MARINA HELENA CUNHA PEREIRA SANTOS,34,NOVO,2022,-22.9768521,-47.1364628
1279,30130,MARIA CRISTINA DE OLIVEIRA,53,NOVO,2022,-22.9768521,-47.1364628
1279,3030,ADRIANA MIGUEL VENTURA,80,NOVO,2022,-22.9768521,-47.1364628
1279,30600,LEONARDO DE SIQUEIRA LIMA,82,NOVO,2022,-22.9768521,-47.1364628
1279,30730,HENRIQUE MAGALHÃES TEIXEIRA,154,NOVO,2022,-22.9768521,-47.1364628
1279,35555,DANILO RIDYER PALMA,37,PMB,2022,-22.9768521,-47.1364628
1279,40,Partido Socialista Brasileiro,72,,2022,-22.9768521,-47.1364628
1279,400,MÁRCIO LUIZ FRANÇA GOMES,3088,PSB,2022,-22.9768521,-47.1364628
1279,4000,JONAS DONIZETTE FERREIRA,477,PSB,2022,-22.9768521,-47.1364628
1279,40000,ANDRÉA WERNER SILVA BONOLI,63,PSB,2022,-22.9768521,-47.1364628
1279,4040,TABATA CLAUDIA AMARAL DE PONTES,205,PSB,2022,-22.9768521,-47.1364628
1279,40456,PERMÍNIO MONTEIRO DA SILVA,70,PSB,2022,-22.9768521,-47.1364628
1279,4400,ROSANGELA MARIA WOLFF DE QUADROS MORO,177,UNIÃO,2022,-22.9768521,-47.1364628
1279,44007,FELIPE SOUZA MURAKAMI DE FRANCO,40,UNIÃO,2022,-22.9768521,-47.1364628
1279,44019,RODRIGO LUIS DE BARROS ALMEIDA,1121,UNIÃO,2022,-22.9768521,-47.1364628
1279,4407,FELIPE BECARI COMENALE,51,UNIÃO,2022,-22.9768521,-47.1364628
1279,44077,RAFAEL SARAIVA GAIA,34,UNIÃO,2022,-22.9768521,-47.1364628
1279,44220,ANDRE CRISTHIANO CAYRES RIBEIRO,139,UNIÃO,2022,-22.9768521,-47.1364628
1279,4425,ALEXANDRE LEITE DA SILVA,192,UNIÃO,2022,-22.9768521,-47.1364628
1279,4433,KIM PATROCA KATAGUIRI,173,UNIÃO,2022,-22.9768521,-47.1364628
1279,44333,AMANDA VETTORAZZO CARNEIRO,38,UNIÃO,2022,-22.9768521,-47.1364628
1279,4434,DOUGLAS DE PAULO VIEGAS,35,UNIÃO,2022,-22.9768521,-47.1364628
1279,4470,NICOLINO BOZZELLA JUNIOR,30,UNIÃO,2022,-22.9768521,-47.1364628
1279,44777,AUGUSTO ZACARIAS CORREA LEITE,54,UNIÃO,2022,-22.9768521,-47.1364628
1279,45,Partido da Social Democracia Brasileira,61,PSDB,2022,-22.9768521,-47.1364628
1279,45,RODRIGO GARCIA,1615,PSDB,2022,-22.9768521,-47.1364628
1279,4500,CARLOS HENRIQUE FOCESI SAMPAIO,419,PSDB,2022,-22.9768521,-47.1364628
1279,45200,CÉLIA CAMARGO LEÃO EDELMUTH,155,PSDB,2022,-22.9768521,-47.1364628
1279,45678,LUIZ HENRIQUE CIRILO,117,PSDB,2022,-22.9768521,-47.1364628
1279,5000,SÂMIA DE SOUZA BOMFIM,128,PSOL,2022,-22.9768521,-47.1364628
1279,50000,PAULA NUNES DOS SANTOS,97,PSOL,2022,-22.9768521,-47.1364628
1279,5010,GUILHERME CASTRO BOULOS,379,PSOL,2022,-22.9768521,-47.1364628
1279,50100,MARIANA CONTI TAKAHASHI,340,PSOL,2022,-22.9768521,-47.1364628
1279,50110,EDIANE MARIA DO NASCIMENTO,74,PSOL,2022,-22.9768521,-47.1364628
1279,5070,ERIKA SANTOS SILVA,148,PSOL,2022,-22.9768521,-47.1364628
1279,50777,PAULO ROBERTO BUFALO,46,PSOL,2022,-22.9768521,-47.1364628
1279,50789,CARLOS ALBERTO GIANNASI,86,PSOL,2022,-22.9768521,-47.1364628
1279,5088,SÔNIA BONE DE SOUSA SILVA SANTOS,89,PSOL,2022,-22.9768521,-47.1364628
1279,5101,TERESINHA DE CARVALHO,49,PATRIOTA,2022,-22.9768521,-47.1364628
1279,55400,MARTA MARIA FREIRE DA COSTA,94,PSD,2022,-22.9768521,-47.1364628
1279,5555,GUILHERME CAMPOS JUNIOR,58,PSD,2022,-22.9768521,-47.1364628
1279,55655,ARTUR CASSEB ORSI,389,PSD,2022,-22.9768521,-47.1364628
1279,5577,ANTONIO CEZAR CORREIA FREIRE,38,PSD,2022,-22.9768521,-47.1364628
1279,55777,OSEIAS SANTOS DA SILVA,36,PSD,2022,-22.9768521,-47.1364628
1279,65035,LECI BRANDÃO DA SILVA,54,PC DO B,2022,-22.9768521,-47.1364628
1279,6565,ORLANDO SILVA DE JESUS JUNIOR,82,PC DO B,2022,-22.9768521,-47.1364628
1279,65656,MARCIA REGINA QUINTANILHA,50,PC DO B,2022,-22.9768521,-47.1364628
1279,7719,MARCELO HENRIQUE SILVA,32,SOLIDARIEDADE,2022,-22.9768521,-47.1364628
1279,80,CAROLINA REJAILI VIGLIAR,51,UP,2022,-22.9768521,-47.1364628
1279,800,VIVIAN MENDES DA SILVA,168,UP,2022,-22.9768521,-47.1364628
1279,9000,PABLO HENRIQUE COSTA MARÇAL,147,PROS,2022,-22.9768521,-47.1364628
1279,90000,NEZIO ANTONIO MONTEIRO FILHO,30,PROS,2022,-22.9768521,-47.1364628
1279,95,VOTO BRANCO,3370,,2022,-22.9768521,-47.1364628
1279,96,VOTO NULO,4106,,2022,-22.9768521,-47.1364628
1287,10,REPUBLICANOS,35,REPUBLICANOS,2022,-22.8851048,-47.1454026
1287,10,TARCISIO GOMES DE FREITAS,10235,REPUBLICANOS,2022,-22.8851048,-47.1454026
1287,1000,CELSO UBIRAJARA RUSSOMANNO,126,REPUBLICANOS,2022,-22.8851048,-47.1454026
1287,10000,JORGE WILSON GONÇALVES DE MATTOS,35,REPUBLICANOS,2022,-22.8851048,-47.1454026
1287,10099,LEONICE ALVES DA PAZ,53,REPUBLICANOS,2022,-22.8851048,-47.1454026
1287,1010,MARCOS ANTONIO PEREIRA,36,REPUBLICANOS,2022,-22.8851048,-47.1454026
1287,10123,GILMACI DOS SANTOS BARBOSA,247,REPUBLICANOS,2022,-22.8851048,-47.1454026
1287,10200,HIGOR DIEGO RALLA,141,REPUBLICANOS,2022,-22.8851048,-47.1454026
1287,10550,TOME ABDUCH,154,REPUBLICANOS,2022,-22.8851048,-47.1454026
1287,1078,BENEDITO ROBERTO ALVES FERREIRA,239,REPUBLICANOS,2022,-22.8851048,-47.1454026
1287,1100,MANOEL MAURICIO SILVA NEVES,49,PP,2022,-22.8851048,-47.1454026
1287,1111,BRUNO MARCELLO DE OLIVEIRA LIMA,187,PP,2022,-22.8851048,-47.1454026
1287,1112,ISRAEL NANTES SANTOS,73,PP,2022,-22.8851048,-47.1454026
1287,1122,CARLOS ALBERTO DA CUNHA,74,PP,2022,-22.8851048,-47.1454026
1287,11777,ANTONIO ASSUNÇÃO DE OLIM,58,PP,2022,-22.8851048,-47.1454026
1287,12,ELVIS LEONARDO CEZAR,102,PDT,2022,-22.8851048,-47.1454026
1287,12,Partido Democrático Trabalhista,43,PDT,2022,-22.8851048,-47.1454026
1287,1212,MARIA GIOVANA LUCHIARI PISONI DUARTE FORTUNATO,30,PDT,2022,-22.8851048,-47.1454026
1287,12200,WILSON KELLER DE MATOS,57,PDT,2022,-22.8851048,-47.1454026
1287,123,JOSÉ ALDO REBELO FIGUEIREDO,137,PDT,2022,-22.8851048,-47.1454026
1287,13,FERNANDO HADDAD,9746,PT,2022,-22.8851048,-47.1454026
1287,13,Partido dos Trabalhadores,470,PT,2022,-22.8851048,-47.1454026
1287,13112,EVELYN SILVA DO NASCIMENTO VICENTE DA SILVA,541,PT,2022,-22.8851048,-47.1454026
1287,13120,CARLOS ROBERTO DE OLIVEIRA,32,PT,2022,-22.8851048,-47.1454026
1287,13121,ANA LUCIA LIPPAUS PERUGINI,120,PT,2022,-22.8851048,-47.1454026
1287,13123,MARIA IZABEL AZEVEDO NORONHA,63,PT,2022,-22.8851048,-47.1454026
1287,1313,RUI GOETHE DA COSTA FALCÃO,55,PT,2022,-22.8851048,-47.1454026
1287,13131,EMIDIO PEREIRA DE SOUZA,34,PT,2022,-22.8851048,-47.1454026
1287,13133,EDUARDO MATARAZZO SUPLICY,342,PT,2022,-22.8851048,-47.1454026
1287,1319,PEDRO TOURINHO DE SIQUEIRA,838,PT,2022,-22.8851048,-47.1454026
1287,13199,PAOLLA CATHERINE DOS SANTOS MIGUEL AGARD,282,PT,2022,-22.8851048,-47.1454026
1287,13300,WAGNER DE MELO ROMÃO,83,PT,2022,-22.8851048,-47.1454026
1287,13310,LUIZ CLAUDIO MARCOLINO,88,PT,2022,-22.8851048,-47.1454026
1287,13313,RENATO MORENI AIRES DA SILVA,59,PT,2022,-22.8851048,-47.1454026
1287,13331,VERA LUCIA RODRIGUES DE FARIA,52,PT,2022,-22.8851048,-47.1454026
1287,1365,PAULO APARECIDO SILVA CAYRES,42,PT,2022,-22.8851048,-47.1454026
1287,13654,JANDYRA MASSUE UEHARA ALVES,50,PT,2022,-22.8851048,-47.1454026
1287,1366,MARIANA CERGOLI JANEIRO,60,PT,2022,-22.8851048,-47.1454026
1287,1370,CARLOS ALBERTO ROLIM ZARATTINI,68,PT,2022,-22.8851048,-47.1454026
1287,1371,FABIO SILVA CALIXTO,83,PT,2022,-22.8851048,-47.1454026
1287,1380,JILMAR AUGUSTINHO TATTO,362,PT,2022,-22.8851048,-47.1454026
1287,14038,PAULO HUGENNEYER KOGOS,34,PTB,2022,-22.8851048,-47.1454026
1287,1414,ADRILLES REIS JORGE,45,PTB,2022,-22.8851048,-47.1454026
1287,1500,MARIO PALUMBO JUNIOR,53,MDB,2022,-22.8851048,-47.1454026
1287,155,EDSON APARECIDO DOS SANTOS,394,MDB,2022,-22.8851048,-47.1454026
1287,1580,FÁBIO EDUARDO DE OLIVEIRA TERUEL,62,MDB,2022,-22.8851048,-47.1454026
1287,1587,ARNALDO SALVETTI PALACIO JUNIOR,71,MDB,2022,-22.8851048,-47.1454026
1287,18000,MARINA MEDEIROS HELOU,37,REDE,2022,-22.8851048,-47.1454026
1287,1818,MARIA OSMARINA MARINA DA SILVA VAZ DE LIMA,172,REDE,2022,-22.8851048,-47.1454026
1287,1910,BRUNO AREVALO GANEM,63,PODE,2022,-22.8851048,-47.1454026
1287,19101,CLARICE CARASSOL AREVALO GANEM,51,PODE,2022,-22.8851048,-47.1454026
1287,1911,HENI OZI CUKIER,44,PODE,2022,-22.8851048,-47.1454026
1287,1919,RENATA HELLMEISTER DE ABREU MELO,35,PODE,2022,-22.8851048,-47.1454026
1287,19519,EDUARDO DOS REIS MAGOGA,180,PODE,2022,-22.8851048,-47.1454026
1287,20123,HELIO DONIZETE ZANATTA,113,PSC,2022,-22.8851048,-47.1454026
1287,20190,LUIZ PAULO MADALHANO MAGALHÃES,39,PSC,2022,-22.8851048,-47.1454026
1287,2020,GILBERTO NASCIMENTO SILVA,104,PSC,2022,-22.8851048,-47.1454026
1287,211,TITO FLAVIO BELLINI NOGUEIRA DE OLIVEIRA,31,PCB,2022,-22.8851048,-47.1454026
1287,22,Partido Liberal,269,,2022,-22.8851048,-47.1454026
1287,2200,JOSÉ AUGUSTO ROSA,37,PL,2022,-22.8851048,-47.1454026
1287,22000,DIMAS MECCA SAMPAIO,106,PL,2022,-22.8851048,-47.1454026
1287,2208,MARIO LUIS FRIAS,98,PL,2022,-22.8851048,-47.1454026
1287,2210,CARLA ZAMBELLI SALGADO DE OLIVEIRA,494,PL,2022,-22.8851048,-47.1454026
1287,22100,BRUNO ZAMBELLI SALGADO,148,PL,2022,-22.8851048,-47.1454026
1287,22112,CARLOS CEZAR DA SILVA,100,PL,2022,-22.8851048,-47.1454026
1287,22120,GILDEVANIO ILSO DOS SANTOS DINIZ,123,PL,2022,-22.8851048,-47.1454026
1287,22138,ROBERVAL CONTE LOPES LIMA,43,PL,2022,-22.8851048,-47.1454026
1287,222,MARCOS CESAR PONTES,4587,PL,2022,-22.8851048,-47.1454026
1287,2222,EDUARDO NANTES BOLSONARO,534,PL,2022,-22.8851048,-47.1454026
1287,22222,MARCOS ROBERTO DAMASIO DA SILVA,54,PL,2022,-22.8851048,-47.1454026
1287,2233,PAULO ROBERTO FREIRE DA COSTA,290,PL,2022,-22.8851048,-47.1454026
1287,22343,THIAGO REIS AURICCHIO,51,PL,2022,-22.8851048,-47.1454026
1287,22422,PAULO JORGE MANSUR NETO,118,PL,2022,-22.8851048,-47.1454026
1287,2243,LUIZ PHILIPPE DE ORLEANS E BRAGANÇA,59,PL,2022,-22.8851048,-47.1454026
1287,22444,MATHEUS COIMBRA MARTINS DE AGUIAR,46,PL,2022,-22.8851048,-47.1454026
1287,2247,PAULO FRANCISCO MUNIZ BILYNSKYJ,38,PL,2022,-22.8851048,-47.1454026
1287,2250,RICARDO DE AQUINO SALLES,367,PL,2022,-22.8851048,-47.1454026
1287,22500,LUCAS DIEZ BOVE,91,PL,2022,-22.8851048,-47.1454026
1287,2255,FRANCISCO EVERARDO TIRIRICA OLIVEIRA SILVA,42,PL,2022,-22.8851048,-47.1454026
1287,2270,MARCO ANTONIO FELICIANO,105,PL,2022,-22.8851048,-47.1454026
1287,2274,JEFFERSON ALVES DE CAMPOS,95,PL,2022,-22.8851048,-47.1454026
1287,2276,MARSCHELO RODRIGO MARIN MECHE,96,PL,2022,-22.8851048,-47.1454026
1287,2290,GUILHERME MURARO DERRITE,84,PL,2022,-22.8851048,-47.1454026
1287,22922,VALERIA MULLER RAMOS BOLSONARO,373,PL,2022,-22.8851048,-47.1454026
1287,2300,MARCO ANTONIO VILLA,64,CIDADANIA,2022,-22.8851048,-47.1454026
1287,23000,RAFAEL FERNANDO ZIMBALDI,465,CIDADANIA,2022,-22.8851048,-47.1454026
1287,23456,ANTONIO DIRCEU DALBEN,105,CIDADANIA,2022,-22.8851048,-47.1454026
1287,23888,LI LI MIN,42,CIDADANIA,2022,-22.8851048,-47.1454026
1287,28357,MARDQUEU SILVIO FRANCA FILHO,30,PRTB,2022,-22.8851048,-47.1454026
1287,287,JANAINA CONCEIÇÃO PASCHOAL,331,PRTB,2022,-22.8851048,-47.1454026
1287,30,Partido Novo,123,NOVO,2022,-22.8851048,-47.1454026
1287,30,VINICIUS LAZZER POIT,221,NOVO,2022,-22.8851048,-47.1454026
1287,300,RICARDO LUIS MELLÃO,198,NOVO,2022,-22.8851048,-47.1454026
1287,3000,ALEXIS JOSEPH STEVERLYNCK FONTEYNE,102,NOVO,2022,-22.8851048,-47.1454026
1287,3001,MARINA HELENA CUNHA PEREIRA SANTOS,31,NOVO,2022,-22.8851048,-47.1454026
1287,30130,MARIA CRISTINA DE OLIVEIRA,42,NOVO,2022,-22.8851048,-47.1454026
1287,3030,ADRIANA MIGUEL VENTURA,83,NOVO,2022,-22.8851048,-47.1454026
1287,30600,LEONARDO DE SIQUEIRA LIMA,76,NOVO,2022,-22.8851048,-47.1454026
1287,30730,HENRIQUE MAGALHÃES TEIXEIRA,107,NOVO,2022,-22.8851048,-47.1454026
1287,36190,ADRIANA SANCHES GALDEANO BORGO,34,AGIR,2022,-22.8851048,-47.1454026
1287,40,Partido Socialista Brasileiro,128,,2022,-22.8851048,-47.1454026
1287,400,MÁRCIO LUIZ FRANÇA GOMES,3944,PSB,2022,-22.8851048,-47.1454026
1287,4000,JONAS DONIZETTE FERREIRA,549,PSB,2022,-22.8851048,-47.1454026
1287,40000,ANDRÉA WERNER SILVA BONOLI,58,PSB,2022,-22.8851048,-47.1454026
1287,4040,TABATA CLAUDIA AMARAL DE PONTES,214,PSB,2022,-22.8851048,-47.1454026
1287,40456,PERMÍNIO MONTEIRO DA SILVA,121,PSB,2022,-22.8851048,-47.1454026
1287,4400,ROSANGELA MARIA WOLFF DE QUADROS MORO,127,UNIÃO,2022,-22.8851048,-47.1454026
1287,44007,FELIPE SOUZA MURAKAMI DE FRANCO,48,UNIÃO,2022,-22.8851048,-47.1454026
1287,44019,RODRIGO LUIS DE BARROS ALMEIDA,132,UNIÃO,2022,-22.8851048,-47.1454026
1287,4407,FELIPE BECARI COMENALE,52,UNIÃO,2022,-22.8851048,-47.1454026
1287,44077,RAFAEL SARAIVA GAIA,40,UNIÃO,2022,-22.8851048,-47.1454026
1287,4425,ALEXANDRE LEITE DA SILVA,65,UNIÃO,2022,-22.8851048,-47.1454026
1287,4433,KIM PATROCA KATAGUIRI,136,UNIÃO,2022,-22.8851048,-47.1454026
1287,44333,AMANDA VETTORAZZO CARNEIRO,41,UNIÃO,2022,-22.8851048,-47.1454026
1287,4434,DOUGLAS DE PAULO VIEGAS,41,UNIÃO,2022,-22.8851048,-47.1454026
1287,44777,AUGUSTO ZACARIAS CORREA LEITE,58,UNIÃO,2022,-22.8851048,-47.1454026
1287,45,Partido da Social Democracia Brasileira,41,PSDB,2022,-22.8851048,-47.1454026
1287,45,RODRIGO GARCIA,1257,PSDB,2022,-22.8851048,-47.1454026
1287,4500,CARLOS HENRIQUE FOCESI SAMPAIO,257,PSDB,2022,-22.8851048,-47.1454026
1287,45200,CÉLIA CAMARGO LEÃO EDELMUTH,198,PSDB,2022,-22.8851048,-47.1454026
1287,45678,LUIZ HENRIQUE CIRILO,107,PSDB,2022,-22.8851048,-47.1454026
1287,50,Partido Socialismo e Liberdade,49,,2022,-22.8851048,-47.1454026
1287,5000,SÂMIA DE SOUZA BOMFIM,256,PSOL,2022,-22.8851048,-47.1454026
1287,50000,PAULA NUNES DOS SANTOS,105,PSOL,2022,-22.8851048,-47.1454026
1287,5010,GUILHERME CASTRO BOULOS,376,PSOL,2022,-22.8851048,-47.1454026
1287,50100,MARIANA CONTI TAKAHASHI,343,PSOL,2022,-22.8851048,-47.1454026
1287,50110,EDIANE MARIA DO NASCIMENTO,51,PSOL,2022,-22.8851048,-47.1454026
1287,5050,IVAN VALENTE,30,PSOL,2022,-22.8851048,-47.1454026
1287,50550,RAUL MARCELO DE SOUZA,107,PSOL,2022,-22.8851048,-47.1454026
1287,5070,ERIKA SANTOS SILVA,138,PSOL,2022,-22.8851048,-47.1454026
1287,50777,PAULO ROBERTO BUFALO,63,PSOL,2022,-22.8851048,-47.1454026
1287,50789,CARLOS ALBERTO GIANNASI,68,PSOL,2022,-22.8851048,-47.1454026
1287,5088,SÔNIA BONE DE SOUSA SILVA SANTOS,102,PSOL,2022,-22.8851048,-47.1454026
1287,50900,MÔNICA CRISTINA SEIXAS BONFIM,44,PSOL,2022,-22.8851048,-47.1454026
1287,5101,TERESINHA DE CARVALHO,42,PATRIOTA,2022,-22.8851048,-47.1454026
1287,55400,MARTA MARIA FREIRE DA COSTA,233,PSD,2022,-22.8851048,-47.1454026
1287,5555,GUILHERME CAMPOS JUNIOR,36,PSD,2022,-22.8851048,-47.1454026
1287,55655,ARTUR CASSEB ORSI,254,PSD,2022,-22.8851048,-47.1454026
1287,5577,ANTONIO CEZAR CORREIA FREIRE,54,PSD,2022,-22.8851048,-47.1454026
1287,55777,OSEIAS SANTOS DA SILVA,60,PSD,2022,-22.8851048,-47.1454026
1287,6500,ISADORA MARTINATTI PENNA,45,PC DO B,2022,-22.8851048,-47.1454026
1287,65035,LECI BRANDÃO DA SILVA,49,PC DO B,2022,-22.8851048,-47.1454026
1287,6565,ORLANDO SILVA DE JESUS JUNIOR,87,PC DO B,2022,-22.8851048,-47.1454026
1287,65656,MARCIA REGINA QUINTANILHA,73,PC DO B,2022,-22.8851048,-47.1454026
1287,7719,MARCELO HENRIQUE SILVA,33,SOLIDARIEDADE,2022,-22.8851048,-47.1454026
1287,80,CAROLINA REJAILI VIGLIAR,38,UP,2022,-22.8851048,-47.1454026
1287,800,VIVIAN MENDES DA SILVA,135,UP,2022,-22.8851048,-47.1454026
1287,9000,PABLO HENRIQUE COSTA MARÇAL,109,PROS,2022,-22.8851048,-47.1454026
1287,95,VOTO BRANCO,4873,,2022,-22.8851048,-47.1454026
1287,96,VOTO NULO,4390,,2022,-22.8851048,-47.1454026
1295,10,REPUBLICANOS,52,REPUBLICANOS,2022,-22.9118793,-47.098445
1295,10,TARCISIO GOMES DE FREITAS,14510,REPUBLICANOS,2022,-22.9118793,-47.098445
1295,1000,CELSO UBIRAJARA RUSSOMANNO,194,REPUBLICANOS,2022,-22.9118793,-47.098445
1295,10000,JORGE WILSON GONÇALVES DE MATTOS,40,REPUBLICANOS,2022,-22.9118793,-47.098445
1295,10099,LEONICE ALVES DA PAZ,66,REPUBLICANOS,2022,-22.9118793,-47.098445
1295,1010,MARCOS ANTONIO PEREIRA,271,REPUBLICANOS,2022,-22.9118793,-47.098445
1295,10111,RUI ALVES SOUZA JUNIOR,44,REPUBLICANOS,2022,-22.9118793,-47.098445
1295,10123,GILMACI DOS SANTOS BARBOSA,294,REPUBLICANOS,2022,-22.9118793,-47.098445
1295,1020,LUIS CLAUDIO FERNANDES MIRANDA,61,REPUBLICANOS,2022,-22.9118793,-47.098445
1295,10200,HIGOR DIEGO RALLA,1525,REPUBLICANOS,2022,-22.9118793,-47.098445
1295,1022,MARIA DO PARTO MENDES ROSAS,33,REPUBLICANOS,2022,-22.9118793,-47.098445
1295,10222,ÉLITON SOUSA LEITE,31,REPUBLICANOS,2022,-22.9118793,-47.098445
1295,1023,HENRIQUE STEIN SCIASCIO,128,REPUBLICANOS,2022,-22.9118793,-47.098445
1295,10550,TOME ABDUCH,108,REPUBLICANOS,2022,-22.9118793,-47.098445
1295,1078,BENEDITO ROBERTO ALVES FERREIRA,334,REPUBLICANOS,2022,-22.9118793,-47.098445
1295,1099,ROBERTO ALVES DE LUCENA,56,REPUBLICANOS,2022,-22.9118793,-47.098445
1295,10999,RICARDO MOLINA DIAS,35,REPUBLICANOS,2022,-22.9118793,-47.098445
1295,1100,MANOEL MAURICIO SILVA NEVES,49,PP,2022,-22.9118793,-47.098445
1295,1111,BRUNO MARCELLO DE OLIVEIRA LIMA,269,PP,2022,-22.9118793,-47.098445
1295,1112,ISRAEL NANTES SANTOS,136,PP,2022,-22.9118793,-47.098445
1295,11190,RAFAEL HENRIQUE CANO TELHADA,40,PP,2022,-22.9118793,-47.098445
1295,1122,CARLOS ALBERTO DA CUNHA,122,PP,2022,-22.9118793,-47.098445
1295,11777,ANTONIO ASSUNÇÃO DE OLIM,44,PP,2022,-22.9118793,-47.098445
1295,12,ELVIS LEONARDO CEZAR,165,PDT,2022,-22.9118793,-47.098445
1295,12,Partido Democrático Trabalhista,66,PDT,2022,-22.9118793,-47.098445
1295,12200,WILSON KELLER DE MATOS,47,PDT,2022,-22.9118793,-47.098445
1295,123,JOSÉ ALDO REBELO FIGUEIREDO,151,PDT,2022,-22.9118793,-47.098445
1295,13,FERNANDO HADDAD,13879,PT,2022,-22.9118793,-47.098445
1295,13,Partido dos Trabalhadores,821,PT,2022,-22.9118793,-47.098445
1295,13016,THAINARA KAROLINE FARIA,114,PT,2022,-22.9118793,-47.098445
1295,13112,EVELYN SILVA DO NASCIMENTO VICENTE DA SILVA,54,PT,2022,-22.9118793,-47.098445
1295,13120,CARLOS ROBERTO DE OLIVEIRA,117,PT,2022,-22.9118793,-47.098445
1295,13121,ANA LUCIA LIPPAUS PERUGINI,235,PT,2022,-22.9118793,-47.098445
1295,13123,MARIA IZABEL AZEVEDO NORONHA,52,PT,2022,-22.9118793,-47.098445
1295,1313,RUI GOETHE DA COSTA FALCÃO,80,PT,2022,-22.9118793,-47.098445
1295,13133,EDUARDO MATARAZZO SUPLICY,288,PT,2022,-22.9118793,-47.098445
1295,13134,LUIZ FERNANDO TEIXEIRA FERREIRA,58,PT,2022,-22.9118793,-47.098445
1295,1319,PEDRO TOURINHO DE SIQUEIRA,1613,PT,2022,-22.9118793,-47.098445
1295,13199,PAOLLA CATHERINE DOS SANTOS MIGUEL AGARD,387,PT,2022,-22.9118793,-47.098445
1295,13300,WAGNER DE MELO ROMÃO,63,PT,2022,-22.9118793,-47.098445
1295,13310,LUIZ CLAUDIO MARCOLINO,262,PT,2022,-22.9118793,-47.098445
1295,13331,VERA LUCIA RODRIGUES DE FARIA,71,PT,2022,-22.9118793,-47.098445
1295,1354,ALEXANDRE ROCHA SANTOS PADILHA,32,PT,2022,-22.9118793,-47.098445
1295,13651,PAULO BATISTA DOS REIS,119,PT,2022,-22.9118793,-47.098445
1295,13654,JANDYRA MASSUE UEHARA ALVES,31,PT,2022,-22.9118793,-47.098445
1295,1366,MARIANA CERGOLI JANEIRO,147,PT,2022,-22.9118793,-47.098445
1295,1370,CARLOS ALBERTO ROLIM ZARATTINI,151,PT,2022,-22.9118793,-47.098445
1295,13700,ANTONIO DONATO MADORMO,105,PT,2022,-22.9118793,-47.098445
1295,1380,JILMAR AUGUSTINHO TATTO,306,PT,2022,-22.9118793,-47.098445
1295,13800,JORGE DO CARMO SILVA,46,PT,2022,-22.9118793,-47.098445
1295,1389,ALFREDO ALVES CAVALCANTE,39,PT,2022,-22.9118793,-47.098445
1295,1414,ADRILLES REIS JORGE,35,PTB,2022,-22.9118793,-47.098445
1295,15,Movimento Democrático Brasileiro,52,,2022,-22.9118793,-47.098445
1295,1500,MARIO PALUMBO JUNIOR,80,MDB,2022,-22.9118793,-47.098445
1295,1532,LUIZ LAURO FERREIRA,32,MDB,2022,-22.9118793,-47.098445
1295,155,EDSON APARECIDO DOS SANTOS,590,MDB,2022,-22.9118793,-47.098445
1295,1580,FÁBIO EDUARDO DE OLIVEIRA TERUEL,123,MDB,2022,-22.9118793,-47.098445
1295,1587,ARNALDO SALVETTI PALACIO JUNIOR,147,MDB,2022,-22.9118793,-47.098445
1295,1818,MARIA OSMARINA MARINA DA SILVA VAZ DE LIMA,122,REDE,2022,-22.9118793,-47.098445
1295,1910,BRUNO AREVALO GANEM,81,PODE,2022,-22.9118793,-47.098445
1295,19101,CLARICE CARASSOL AREVALO GANEM,49,PODE,2022,-22.9118793,-47.098445
1295,1919,RENATA HELLMEISTER DE ABREU MELO,52,PODE,2022,-22.9118793,-47.098445
1295,19519,EDUARDO DOS REIS MAGOGA,452,PODE,2022,-22.9118793,-47.098445
1295,20190,LUIZ PAULO MADALHANO MAGALHÃES,51,PSC,2022,-22.9118793,-47.098445
1295,2020,GILBERTO NASCIMENTO SILVA,89,PSC,2022,-22.9118793,-47.098445
1295,20320,JOSÉ CARLOS FURIOSO,60,PSC,2022,-22.9118793,-47.098445
1295,211,TITO FLAVIO BELLINI NOGUEIRA DE OLIVEIRA,37,PCB,2022,-22.9118793,-47.098445
1295,22,Partido Liberal,366,,2022,-22.9118793,-47.098445
1295,2200,JOSÉ AUGUSTO ROSA,57,PL,2022,-22.9118793,-47.098445
1295,22000,DIMAS MECCA SAMPAIO,120,PL,2022,-22.9118793,-47.098445
1295,2208,MARIO LUIS FRIAS,152,PL,2022,-22.9118793,-47.098445
1295,2210,CARLA ZAMBELLI SALGADO DE OLIVEIRA,646,PL,2022,-22.9118793,-47.098445
1295,22100,BRUNO ZAMBELLI SALGADO,125,PL,2022,-22.9118793,-47.098445
1295,22112,CARLOS CEZAR DA SILVA,154,PL,2022,-22.9118793,-47.098445
1295,22120,GILDEVANIO ILSO DOS SANTOS DINIZ,129,PL,2022,-22.9118793,-47.098445
1295,22138,ROBERVAL CONTE LOPES LIMA,69,PL,2022,-22.9118793,-47.098445
1295,22144,LUIZ CARLOS DA COSTA VALLE,43,PL,2022,-22.9118793,-47.098445
1295,222,MARCOS CESAR PONTES,6639,PL,2022,-22.9118793,-47.098445
1295,2222,EDUARDO NANTES BOLSONARO,717,PL,2022,-22.9118793,-47.098445
1295,22222,MARCOS ROBERTO DAMASIO DA SILVA,103,PL,2022,-22.9118793,-47.098445
1295,2223,FERNANDO PINHEIRO,32,PL,2022,-22.9118793,-47.098445
1295,2233,PAULO ROBERTO FREIRE DA COSTA,532,PL,2022,-22.9118793,-47.098445
1295,22343,THIAGO REIS AURICCHIO,50,PL,2022,-22.9118793,-47.098445
1295,2240,KATIA DA SILVA SASTRE,34,PL,2022,-22.9118793,-47.098445
1295,2241,JOSÉ OLIMPIO SILVEIRA MORAES,64,PL,2022,-22.9118793,-47.098445
1295,22422,PAULO JORGE MANSUR NETO,150,PL,2022,-22.9118793,-47.098445
1295,2243,LUIZ PHILIPPE DE ORLEANS E BRAGANÇA,35,PL,2022,-22.9118793,-47.098445
1295,22444,MATHEUS COIMBRA MARTINS DE AGUIAR,65,PL,2022,-22.9118793,-47.098445
1295,2247,PAULO FRANCISCO MUNIZ BILYNSKYJ,52,PL,2022,-22.9118793,-47.098445
1295,2250,RICARDO DE AQUINO SALLES,317,PL,2022,-22.9118793,-47.098445
1295,22500,LUCAS DIEZ BOVE,74,PL,2022,-22.9118793,-47.098445
1295,2251,ADILSON BARROSO OLIVEIRA,37,PL,2022,-22.9118793,-47.098445
1295,2255,FRANCISCO EVERARDO TIRIRICA OLIVEIRA SILVA,63,PL,2022,-22.9118793,-47.098445
1295,2270,MARCO ANTONIO FELICIANO,217,PL,2022,-22.9118793,-47.098445
1295,2274,JEFFERSON ALVES DE CAMPOS,168,PL,2022,-22.9118793,-47.098445
1295,2276,MARSCHELO RODRIGO MARIN MECHE,98,PL,2022,-22.9118793,-47.098445
1295,2290,GUILHERME MURARO DERRITE,136,PL,2022,-22.9118793,-47.098445
1295,22900,FLAVIO GONÇALVES DA COSTA,34,PL,2022,-22.9118793,-47.098445
1295,22922,VALERIA MULLER RAMOS BOLSONARO,360,PL,2022,-22.9118793,-47.098445
1295,23,Cidadania,53,,2022,-22.9118793,-47.098445
1295,2300,MARCO ANTONIO VILLA,62,CIDADANIA,2022,-22.9118793,-47.098445
1295,23000,RAFAEL FERNANDO ZIMBALDI,887,CIDADANIA,2022,-22.9118793,-47.098445
1295,23456,ANTONIO DIRCEU DALBEN,769,CIDADANIA,2022,-22.9118793,-47.098445
1295,23888,LI LI MIN,33,CIDADANIA,2022,-22.9118793,-47.098445
1295,287,JANAINA CONCEIÇÃO PASCHOAL,261,PRTB,2022,-22.9118793,-47.098445
1295,30,Partido Novo,45,NOVO,2022,-22.9118793,-47.098445
1295,30,VINICIUS LAZZER POIT,184,NOVO,2022,-22.9118793,-47.098445
1295,300,RICARDO LUIS MELLÃO,128,NOVO,2022,-22.9118793,-47.098445
1295,3030,ADRIANA MIGUEL VENTURA,40,NOVO,2022,-22.9118793,-47.098445
1295,35352,FERNANDO LUIS COUTINHO NEVES,37,PMB,2022,-22.9118793,-47.098445
1295,35555,DANILO RIDYER PALMA,41,PMB,2022,-22.9118793,-47.098445
1295,36190,ADRIANA SANCHES GALDEANO BORGO,40,AGIR,2022,-22.9118793,-47.098445
1295,40,Partido Socialista Brasileiro,247,,2022,-22.9118793,-47.098445
1295,400,MÁRCIO LUIZ FRANÇA GOMES,5312,PSB,2022,-22.9118793,-47.098445
1295,4000,JONAS DONIZETTE FERREIRA,1323,PSB,2022,-22.9118793,-47.098445
1295,40000,ANDRÉA WERNER SILVA BONOLI,62,PSB,2022,-22.9118793,-47.098445
1295,4040,TABATA CLAUDIA AMARAL DE PONTES,150,PSB,2022,-22.9118793,-47.098445
1295,40456,PERMÍNIO MONTEIRO DA SILVA,137,PSB,2022,-22.9118793,-47.098445
1295,4400,ROSANGELA MARIA WOLFF DE QUADROS MORO,68,UNIÃO,2022,-22.9118793,-47.098445
1295,44007,FELIPE SOUZA MURAKAMI DE FRANCO,47,UNIÃO,2022,-22.9118793,-47.098445
1295,44019,RODRIGO LUIS DE BARROS ALMEIDA,999,UNIÃO,2022,-22.9118793,-47.098445
1295,4407,FELIPE BECARI COMENALE,71,UNIÃO,2022,-22.9118793,-47.098445
1295,44077,RAFAEL SARAIVA GAIA,34,UNIÃO,2022,-22.9118793,-47.098445
1295,4411,DAVID BEZERRA RIBEIRO SOARES,54,UNIÃO,2022,-22.9118793,-47.098445
1295,44111,DANIEL BEZERRA RIBEIRO SOARES,47,UNIÃO,2022,-22.9118793,-47.098445
1295,44220,ANDRE CRISTHIANO CAYRES RIBEIRO,77,UNIÃO,2022,-22.9118793,-47.098445
1295,4425,ALEXANDRE LEITE DA SILVA,199,UNIÃO,2022,-22.9118793,-47.098445
1295,4433,KIM PATROCA KATAGUIRI,184,UNIÃO,2022,-22.9118793,-47.098445
1295,44333,AMANDA VETTORAZZO CARNEIRO,36,UNIÃO,2022,-22.9118793,-47.098445
1295,4434,DOUGLAS DE PAULO VIEGAS,34,UNIÃO,2022,-22.9118793,-47.098445
1295,44777,AUGUSTO ZACARIAS CORREA LEITE,97,UNIÃO,2022,-22.9118793,-47.098445
1295,45,Partido da Social Democracia Brasileira,55,PSDB,2022,-22.9118793,-47.098445
1295,45,RODRIGO GARCIA,1742,PSDB,2022,-22.9118793,-47.098445
1295,4500,CARLOS HENRIQUE FOCESI SAMPAIO,379,PSDB,2022,-22.9118793,-47.098445
1295,45123,ROGERIO NOGUEIRA LOPES CRUZ,34,PSDB,2022,-22.9118793,-47.098445
1295,45200,CÉLIA CAMARGO LEÃO EDELMUTH,139,PSDB,2022,-22.9118793,-47.098445
1295,4545,JOSÉ SERRA,31,PSDB,2022,-22.9118793,-47.098445
1295,4567,ROSSIELI SOARES DA SILVA,34,PSDB,2022,-22.9118793,-47.098445
1295,45678,LUIZ HENRIQUE CIRILO,485,PSDB,2022,-22.9118793,-47.098445
1295,50,Partido Socialismo e Liberdade,34,,2022,-22.9118793,-47.098445
1295,5000,SÂMIA DE SOUZA BOMFIM,201,PSOL,2022,-22.9118793,-47.098445
1295,50000,PAULA NUNES DOS SANTOS,83,PSOL,2022,-22.9118793,-47.098445
1295,5010,GUILHERME CASTRO BOULOS,351,PSOL,2022,-22.9118793,-47.098445
1295,50100,MARIANA CONTI TAKAHASHI,282,PSOL,2022,-22.9118793,-47.098445
1295,50110,EDIANE MARIA DO NASCIMENTO,48,PSOL,2022,-22.9118793,-47.098445
1295,50500,DÉBORA ALVES CAMILO,32,PSOL,2022,-22.9118793,-47.098445
1295,50550,RAUL MARCELO DE SOUZA,51,PSOL,2022,-22.9118793,-47.098445
1295,5070,ERIKA SANTOS SILVA,113,PSOL,2022,-22.9118793,-47.098445
1295,50777,PAULO ROBERTO BUFALO,60,PSOL,2022,-22.9118793,-47.098445
1295,50789,CARLOS ALBERTO GIANNASI,50,PSOL,2022,-22.9118793,-47.098445
1295,5088,SÔNIA BONE DE SOUSA SILVA SANTOS,51,PSOL,2022,-22.9118793,-47.098445
1295,5101,TERESINHA DE CARVALHO,37,PATRIOTA,2022,-22.9118793,-47.098445
1295,5515,SAULO PEDROSO DE SOUZA,33,PSD,2022,-22.9118793,-47.098445
1295,55400,MARTA MARIA FREIRE DA COSTA,393,PSD,2022,-22.9118793,-47.098445
1295,5553,ELIEL MIRANDA,54,PSD,2022,-22.9118793,-47.098445
1295,5555,GUILHERME CAMPOS JUNIOR,43,PSD,2022,-22.9118793,-47.098445
1295,55655,ARTUR CASSEB ORSI,182,PSD,2022,-22.9118793,-47.098445
1295,5577,ANTONIO CEZAR CORREIA FREIRE,45,PSD,2022,-22.9118793,-47.098445
1295,55777,OSEIAS SANTOS DA SILVA,44,PSD,2022,-22.9118793,-47.098445
1295,65035,LECI BRANDÃO DA SILVA,49,PC DO B,2022,-22.9118793,-47.098445
1295,6565,ORLANDO SILVA DE JESUS JUNIOR,291,PC DO B,2022,-22.9118793,-47.098445
1295,65656,MARCIA REGINA QUINTANILHA,221,PC DO B,2022,-22.9118793,-47.098445
1295,7040,EDUARDO SIVINSKI,32,AVANTE,2022,-22.9118793,-47.098445
1295,77040,ADILSON DE SOUZA ROCHA,70,SOLIDARIEDADE,2022,-22.9118793,-47.098445
1295,7719,MARCELO HENRIQUE SILVA,80,SOLIDARIEDADE,2022,-22.9118793,-47.098445
1295,80,CAROLINA REJAILI VIGLIAR,66,UP,2022,-22.9118793,-47.098445
1295,800,VIVIAN MENDES DA SILVA,143,UP,2022,-22.9118793,-47.098445
1295,9000,PABLO HENRIQUE COSTA MARÇAL,226,PROS,2022,-22.9118793,-47.098445
1295,90000,NEZIO ANTONIO MONTEIRO FILHO,55,PROS,2022,-22.9118793,-47.098445
1295,95,VOTO BRANCO,7695,,2022,-22.9118793,-47.098445
1295,96,VOTO NULO,8039,,2022,-22.9118793,-47.098445
1309,10,REPUBLICANOS,54,REPUBLICANOS,2022,-22.8528314,-47.1080605
1309,10,TARCISIO GOMES DE FREITAS,14338,REPUBLICANOS,2022,-22.8528314,-47.1080605
1309,1000,CELSO UBIRAJARA RUSSOMANNO,188,REPUBLICANOS,2022,-22.8528314,-47.1080605
1309,10000,JORGE WILSON GONÇALVES DE MATTOS,34,REPUBLICANOS,2022,-22.8528314,-47.1080605
1309,10099,LEONICE ALVES DA PAZ,62,REPUBLICANOS,2022,-22.8528314,-47.1080605
1309,1010,MARCOS ANTONIO PEREIRA,219,REPUBLICANOS,2022,-22.8528314,-47.1080605
1309,10123,GILMACI DOS SANTOS BARBOSA,241,REPUBLICANOS,2022,-22.8528314,-47.1080605
1309,1020,LUIS CLAUDIO FERNANDES MIRANDA,50,REPUBLICANOS,2022,-22.8528314,-47.1080605
1309,10200,HIGOR DIEGO RALLA,1332,REPUBLICANOS,2022,-22.8528314,-47.1080605
1309,1023,HENRIQUE STEIN SCIASCIO,58,REPUBLICANOS,2022,-22.8528314,-47.1080605
1309,10550,TOME ABDUCH,140,REPUBLICANOS,2022,-22.8528314,-47.1080605
1309,1078,BENEDITO ROBERTO ALVES FERREIRA,258,REPUBLICANOS,2022,-22.8528314,-47.1080605
1309,1099,ROBERTO ALVES DE LUCENA,51,REPUBLICANOS,2022,-22.8528314,-47.1080605
1309,1111,BRUNO MARCELLO DE OLIVEIRA LIMA,267,PP,2022,-22.8528314,-47.1080605
1309,1112,ISRAEL NANTES SANTOS,123,PP,2022,-22.8528314,-47.1080605
1309,11190,RAFAEL HENRIQUE CANO TELHADA,46,PP,2022,-22.8528314,-47.1080605
1309,1122,CARLOS ALBERTO DA CUNHA,98,PP,2022,-22.8528314,-47.1080605
1309,11777,ANTONIO ASSUNÇÃO DE OLIM,60,PP,2022,-22.8528314,-47.1080605
1309,1190,PAULO ADRIANO LOPES LUCINDA TELHADA,31,PP,2022,-22.8528314,-47.1080605
1309,12,ELVIS LEONARDO CEZAR,129,PDT,2022,-22.8528314,-47.1080605
1309,12,Partido Democrático Trabalhista,47,PDT,2022,-22.8528314,-47.1080605
1309,123,JOSÉ ALDO REBELO FIGUEIREDO,136,PDT,2022,-22.8528314,-47.1080605
1309,13,FERNANDO HADDAD,11319,PT,2022,-22.8528314,-47.1080605
1309,13,Partido dos Trabalhadores,627,PT,2022,-22.8528314,-47.1080605
1309,13113,MARCIA APARECIDA OVEJANEDA LIA,30,PT,2022,-22.8528314,-47.1080605
1309,13120,CARLOS ROBERTO DE OLIVEIRA,52,PT,2022,-22.8528314,-47.1080605
1309,13121,ANA LUCIA LIPPAUS PERUGINI,241,PT,2022,-22.8528314,-47.1080605
1309,13123,MARIA IZABEL AZEVEDO NORONHA,74,PT,2022,-22.8528314,-47.1080605
1309,1313,RUI GOETHE DA COSTA FALCÃO,53,PT,2022,-22.8528314,-47.1080605
1309,13133,EDUARDO MATARAZZO SUPLICY,346,PT,2022,-22.8528314,-47.1080605
1309,13134,LUIZ FERNANDO TEIXEIRA FERREIRA,62,PT,2022,-22.8528314,-47.1080605
1309,1319,PEDRO TOURINHO DE SIQUEIRA,1392,PT,2022,-22.8528314,-47.1080605
1309,13199,PAOLLA CATHERINE DOS SANTOS MIGUEL AGARD,270,PT,2022,-22.8528314,-47.1080605
1309,1322,ARLINDO CHIGNALIA JUNIOR,53,PT,2022,-22.8528314,-47.1080605
1309,13300,WAGNER DE MELO ROMÃO,84,PT,2022,-22.8528314,-47.1080605
1309,13310,LUIZ CLAUDIO MARCOLINO,115,PT,2022,-22.8528314,-47.1080605
1309,13331,VERA LUCIA RODRIGUES DE FARIA,43,PT,2022,-22.8528314,-47.1080605
1309,1354,ALEXANDRE ROCHA SANTOS PADILHA,30,PT,2022,-22.8528314,-47.1080605
1309,1355,LUIZ MARINHO,38,PT,2022,-22.8528314,-47.1080605
1309,13651,PAULO BATISTA DOS REIS,133,PT,2022,-22.8528314,-47.1080605
1309,1366,MARIANA CERGOLI JANEIRO,104,PT,2022,-22.8528314,-47.1080605
1309,1370,CARLOS ALBERTO ROLIM ZARATTINI,130,PT,2022,-22.8528314,-47.1080605
1309,13700,ANTONIO DONATO MADORMO,92,PT,2022,-22.8528314,-47.1080605
1309,1380,JILMAR AUGUSTINHO TATTO,204,PT,2022,-22.8528314,-47.1080605
1309,13800,JORGE DO CARMO SILVA,92,PT,2022,-22.8528314,-47.1080605
1309,1414,ADRILLES REIS JORGE,79,PTB,2022,-22.8528314,-47.1080605
1309,15,Movimento Democrático Brasileiro,51,,2022,-22.8528314,-47.1080605
1309,1500,MARIO PALUMBO JUNIOR,77,MDB,2022,-22.8528314,-47.1080605
1309,15121,ANDRE CESAR COSTA,48,MDB,2022,-22.8528314,-47.1080605
1309,1532,LUIZ LAURO FERREIRA,43,MDB,2022,-22.8528314,-47.1080605
1309,155,EDSON APARECIDO DOS SANTOS,514,MDB,2022,-22.8528314,-47.1080605
1309,1580,FÁBIO EDUARDO DE OLIVEIRA TERUEL,88,MDB,2022,-22.8528314,-47.1080605
1309,1587,ARNALDO SALVETTI PALACIO JUNIOR,168,MDB,2022,-22.8528314,-47.1080605
1309,1818,MARIA OSMARINA MARINA DA SILVA VAZ DE LIMA,113,REDE,2022,-22.8528314,-47.1080605
1309,1910,BRUNO AREVALO GANEM,98,PODE,2022,-22.8528314,-47.1080605
1309,19101,CLARICE CARASSOL AREVALO GANEM,69,PODE,2022,-22.8528314,-47.1080605
1309,1911,HENI OZI CUKIER,54,PODE,2022,-22.8528314,-47.1080605
1309,1919,RENATA HELLMEISTER DE ABREU MELO,30,PODE,2022,-22.8528314,-47.1080605
1309,19222,ADILSON DOMINGOS CENSI,39,PODE,2022,-22.8528314,-47.1080605
1309,19519,EDUARDO DOS REIS MAGOGA,127,PODE,2022,-22.8528314,-47.1080605
1309,20123,HELIO DONIZETE ZANATTA,41,PSC,2022,-22.8528314,-47.1080605
1309,20190,LUIZ PAULO MADALHANO MAGALHÃES,38,PSC,2022,-22.8528314,-47.1080605
1309,2020,GILBERTO NASCIMENTO SILVA,84,PSC,2022,-22.8528314,-47.1080605
1309,20320,JOSÉ CARLOS FURIOSO,43,PSC,2022,-22.8528314,-47.1080605
1309,21,GABRIEL MAURILIO COLOMBO DE FREITAS,35,PCB,2022,-22.8528314,-47.1080605
1309,211,TITO FLAVIO BELLINI NOGUEIRA DE OLIVEIRA,38,PCB,2022,-22.8528314,-47.1080605
1309,22,Partido Liberal,483,,2022,-22.8528314,-47.1080605
1309,2200,JOSÉ AUGUSTO ROSA,58,PL,2022,-22.8528314,-47.1080605
1309,22000,DIMAS MECCA SAMPAIO,159,PL,2022,-22.8528314,-47.1080605
1309,22007,DANILO MASCARENHAS DE BALAS,31,PL,2022,-22.8528314,-47.1080605
1309,22051,FABIANA DE LIMA BARROSO,38,PL,2022,-22.8528314,-47.1080605
1309,2208,MARIO LUIS FRIAS,187,PL,2022,-22.8528314,-47.1080605
1309,2210,CARLA ZAMBELLI SALGADO DE OLIVEIRA,812,PL,2022,-22.8528314,-47.1080605
1309,22100,BRUNO ZAMBELLI SALGADO,206,PL,2022,-22.8528314,-47.1080605
1309,22112,CARLOS CEZAR DA SILVA,127,PL,2022,-22.8528314,-47.1080605
1309,22120,GILDEVANIO ILSO DOS SANTOS DINIZ,136,PL,2022,-22.8528314,-47.1080605
1309,22138,ROBERVAL CONTE LOPES LIMA,91,PL,2022,-22.8528314,-47.1080605
1309,22180,RAQUEL KOBASHI GALLINATI LOMBARDI,36,PL,2022,-22.8528314,-47.1080605
1309,222,MARCOS CESAR PONTES,6591,PL,2022,-22.8528314,-47.1080605
1309,2220,DANILO SILVEIRA RAMOS,34,PL,2022,-22.8528314,-47.1080605
1309,2222,EDUARDO NANTES BOLSONARO,726,PL,2022,-22.8528314,-47.1080605
1309,22222,MARCOS ROBERTO DAMASIO DA SILVA,93,PL,2022,-22.8528314,-47.1080605
1309,2223,FERNANDO PINHEIRO,34,PL,2022,-22.8528314,-47.1080605
1309,2230,MARCIO TADEU ANHAIA DE LEMOS,35,PL,2022,-22.8528314,-47.1080605
1309,2233,PAULO ROBERTO FREIRE DA COSTA,340,PL,2022,-22.8528314,-47.1080605
1309,2240,KATIA DA SILVA SASTRE,36,PL,2022,-22.8528314,-47.1080605
1309,22422,PAULO JORGE MANSUR NETO,180,PL,2022,-22.8528314,-47.1080605
1309,2243,LUIZ PHILIPPE DE ORLEANS E BRAGANÇA,42,PL,2022,-22.8528314,-47.1080605
1309,22444,MATHEUS COIMBRA MARTINS DE AGUIAR,72,PL,2022,-22.8528314,-47.1080605
1309,2247,PAULO FRANCISCO MUNIZ BILYNSKYJ,53,PL,2022,-22.8528314,-47.1080605
1309,2250,RICARDO DE AQUINO SALLES,381,PL,2022,-22.8528314,-47.1080605
1309,22500,LUCAS DIEZ BOVE,91,PL,2022,-22.8528314,-47.1080605
1309,2251,ADILSON BARROSO OLIVEIRA,35,PL,2022,-22.8528314,-47.1080605
1309,2255,FRANCISCO EVERARDO TIRIRICA OLIVEIRA SILVA,55,PL,2022,-22.8528314,-47.1080605
1309,22553,THELMA ELAINE BRASILEIRO ROBERTI,49,PL,2022,-22.8528314,-47.1080605
1309,2270,MARCO ANTONIO FELICIANO,136,PL,2022,-22.8528314,-47.1080605
1309,2274,JEFFERSON ALVES DE CAMPOS,130,PL,2022,-22.8528314,-47.1080605
1309,2276,MARSCHELO RODRIGO MARIN MECHE,36,PL,2022,-22.8528314,-47.1080605
1309,2290,GUILHERME MURARO DERRITE,99,PL,2022,-22.8528314,-47.1080605
1309,22922,VALERIA MULLER RAMOS BOLSONARO,453,PL,2022,-22.8528314,-47.1080605
1309,23,Cidadania,35,,2022,-22.8528314,-47.1080605
1309,2300,MARCO ANTONIO VILLA,99,CIDADANIA,2022,-22.8528314,-47.1080605
1309,23000,RAFAEL FERNANDO ZIMBALDI,851,CIDADANIA,2022,-22.8528314,-47.1080605
1309,23456,ANTONIO DIRCEU DALBEN,559,CIDADANIA,2022,-22.8528314,-47.1080605
1309,287,JANAINA CONCEIÇÃO PASCHOAL,350,PRTB,2022,-22.8528314,-47.1080605
1309,30,Partido Novo,70,NOVO,2022,-22.8528314,-47.1080605
1309,30,VINICIUS LAZZER POIT,202,NOVO,2022,-22.8528314,-47.1080605
1309,300,RICARDO LUIS MELLÃO,179,NOVO,2022,-22.8528314,-47.1080605
1309,3000,ALEXIS JOSEPH STEVERLYNCK FONTEYNE,57,NOVO,2022,-22.8528314,-47.1080605
1309,30130,MARIA CRISTINA DE OLIVEIRA,35,NOVO,2022,-22.8528314,-47.1080605
1309,3030,ADRIANA MIGUEL VENTURA,79,NOVO,2022,-22.8528314,-47.1080605
1309,30600,LEONARDO DE SIQUEIRA LIMA,34,NOVO,2022,-22.8528314,-47.1080605
1309,30730,HENRIQUE MAGALHÃES TEIXEIRA,72,NOVO,2022,-22.8528314,-47.1080605
1309,35352,FERNANDO LUIS COUTINHO NEVES,36,PMB,2022,-22.8528314,-47.1080605
1309,40,Partido Socialista Brasileiro,184,,2022,-22.8528314,-47.1080605
1309,400,MÁRCIO LUIZ FRANÇA GOMES,4431,PSB,2022,-22.8528314,-47.1080605
1309,4000,JONAS DONIZETTE FERREIRA,1071,PSB,2022,-22.8528314,-47.1080605
1309,40000,ANDRÉA WERNER SILVA BONOLI,77,PSB,2022,-22.8528314,-47.1080605
1309,4040,TABATA CLAUDIA AMARAL DE PONTES,183,PSB,2022,-22.8528314,-47.1080605
1309,40456,PERMÍNIO MONTEIRO DA SILVA,155,PSB,2022,-22.8528314,-47.1080605
1309,4400,ROSANGELA MARIA WOLFF DE QUADROS MORO,146,UNIÃO,2022,-22.8528314,-47.1080605
1309,44007,FELIPE SOUZA MURAKAMI DE FRANCO,48,UNIÃO,2022,-22.8528314,-47.1080605
1309,44019,RODRIGO LUIS DE BARROS ALMEIDA,210,UNIÃO,2022,-22.8528314,-47.1080605
1309,4407,FELIPE BECARI COMENALE,57,UNIÃO,2022,-22.8528314,-47.1080605
1309,44077,RAFAEL SARAIVA GAIA,40,UNIÃO,2022,-22.8528314,-47.1080605
1309,4411,DAVID BEZERRA RIBEIRO SOARES,43,UNIÃO,2022,-22.8528314,-47.1080605
1309,44111,DANIEL BEZERRA RIBEIRO SOARES,33,UNIÃO,2022,-22.8528314,-47.1080605
1309,44220,ANDRE CRISTHIANO CAYRES RIBEIRO,155,UNIÃO,2022,-22.8528314,-47.1080605
1309,4425,ALEXANDRE LEITE DA SILVA,48,UNIÃO,2022,-22.8528314,-47.1080605
1309,4433,KIM PATROCA KATAGUIRI,169,UNIÃO,2022,-22.8528314,-47.1080605
1309,44777,AUGUSTO ZACARIAS CORREA LEITE,86,UNIÃO,2022,-22.8528314,-47.1080605
1309,4488,CRISTIANO MOREIRA PINTO BERALDO,30,UNIÃO,2022,-22.8528314,-47.1080605
1309,44999,RENATO DE SOUZA BATTISTA,38,UNIÃO,2022,-22.8528314,-47.1080605
1309,45,Partido da Social Democracia Brasileira,60,PSDB,2022,-22.8528314,-47.1080605
1309,45,RODRIGO GARCIA,1683,PSDB,2022,-22.8528314,-47.1080605
1309,4500,CARLOS HENRIQUE FOCESI SAMPAIO,429,PSDB,2022,-22.8528314,-47.1080605
1309,45123,ROGERIO NOGUEIRA LOPES CRUZ,55,PSDB,2022,-22.8528314,-47.1080605
1309,45200,CÉLIA CAMARGO LEÃO EDELMUTH,173,PSDB,2022,-22.8528314,-47.1080605
1309,45678,LUIZ HENRIQUE CIRILO,199,PSDB,2022,-22.8528314,-47.1080605
1309,5000,SÂMIA DE SOUZA BOMFIM,169,PSOL,2022,-22.8528314,-47.1080605
1309,50000,PAULA NUNES DOS SANTOS,106,PSOL,2022,-22.8528314,-47.1080605
1309,5010,GUILHERME CASTRO BOULOS,446,PSOL,2022,-22.8528314,-47.1080605
1309,50100,MARIANA CONTI TAKAHASHI,406,PSOL,2022,-22.8528314,-47.1080605
1309,50110,EDIANE MARIA DO NASCIMENTO,67,PSOL,2022,-22.8528314,-47.1080605
1309,50500,DÉBORA ALVES CAMILO,82,PSOL,2022,-22.8528314,-47.1080605
1309,5070,ERIKA SANTOS SILVA,114,PSOL,2022,-22.8528314,-47.1080605
1309,50777,PAULO ROBERTO BUFALO,73,PSOL,2022,-22.8528314,-47.1080605
1309,50789,CARLOS ALBERTO GIANNASI,90,PSOL,2022,-22.8528314,-47.1080605
1309,5088,SÔNIA BONE DE SOUSA SILVA SANTOS,67,PSOL,2022,-22.8528314,-47.1080605
1309,5101,TERESINHA DE CARVALHO,39,PATRIOTA,2022,-22.8528314,-47.1080605
1309,55400,MARTA MARIA FREIRE DA COSTA,251,PSD,2022,-22.8528314,-47.1080605
1309,5553,ELIEL MIRANDA,38,PSD,2022,-22.8528314,-47.1080605
1309,5555,GUILHERME CAMPOS JUNIOR,65,PSD,2022,-22.8528314,-47.1080605
1309,55655,ARTUR CASSEB ORSI,327,PSD,2022,-22.8528314,-47.1080605
1309,5577,ANTONIO CEZAR CORREIA FREIRE,34,PSD,2022,-22.8528314,-47.1080605
1309,55777,OSEIAS SANTOS DA SILVA,32,PSD,2022,-22.8528314,-47.1080605
1309,65035,LECI BRANDÃO DA SILVA,30,PC DO B,2022,-22.8528314,-47.1080605
1309,6565,ORLANDO SILVA DE JESUS JUNIOR,70,PC DO B,2022,-22.8528314,-47.1080605
1309,65656,MARCIA REGINA QUINTANILHA,64,PC DO B,2022,-22.8528314,-47.1080605
1309,77040,ADILSON DE SOUZA ROCHA,30,SOLIDARIEDADE,2022,-22.8528314,-47.1080605
1309,7719,MARCELO HENRIQUE SILVA,66,SOLIDARIEDADE,2022,-22.8528314,-47.1080605
1309,80,CAROLINA REJAILI VIGLIAR,50,UP,2022,-22.8528314,-47.1080605
1309,800,VIVIAN MENDES DA SILVA,133,UP,2022,-22.8528314,-47.1080605
1309,9000,PABLO HENRIQUE COSTA MARÇAL,167,PROS,2022,-22.8528314,-47.1080605
1309,90000,NEZIO ANTONIO MONTEIRO FILHO,50,PROS,2022,-22.8528314,-47.1080605
1309,9022,NISE HITOMI YAMAGUCHI,36,PROS,2022,-22.8528314,-47.1080605
1309,95,VOTO BRANCO,5322,,2022,-22.8528314,-47.1080605
1309,96,VOTO NULO,6755,,2022,-22.8528314,-47.1080605
1317,10,REPUBLICANOS,66,REPUBLICANOS,2022,-22.858889,-47.0359338
1317,10,TARCISIO GOMES DE FREITAS,11965,REPUBLICANOS,2022,-22.858889,-47.0359338
1317,1000,CELSO UBIRAJARA RUSSOMANNO,204,REPUBLICANOS,2022,-22.858889,-47.0359338
1317,10000,JORGE WILSON GONÇALVES DE MATTOS,42,REPUBLICANOS,2022,-22.858889,-47.0359338
1317,10099,LEONICE ALVES DA PAZ,83,REPUBLICANOS,2022,-22.858889,-47.0359338
1317,1010,MARCOS ANTONIO PEREIRA,168,REPUBLICANOS,2022,-22.858889,-47.0359338
1317,10123,GILMACI DOS SANTOS BARBOSA,195,REPUBLICANOS,2022,-22.858889,-47.0359338
1317,1020,LUIS CLAUDIO FERNANDES MIRANDA,43,REPUBLICANOS,2022,-22.858889,-47.0359338
1317,10200,HIGOR DIEGO RALLA,1278,REPUBLICANOS,2022,-22.858889,-47.0359338
1317,1022,MARIA DO PARTO MENDES ROSAS,33,REPUBLICANOS,2022,-22.858889,-47.0359338
1317,1023,HENRIQUE STEIN SCIASCIO,34,REPUBLICANOS,2022,-22.858889,-47.0359338
1317,10550,TOME ABDUCH,115,REPUBLICANOS,2022,-22.858889,-47.0359338
1317,1078,BENEDITO ROBERTO ALVES FERREIRA,218,REPUBLICANOS,2022,-22.858889,-47.0359338
1317,1099,ROBERTO ALVES DE LUCENA,44,REPUBLICANOS,2022,-22.858889,-47.0359338
1317,1100,MANOEL MAURICIO SILVA NEVES,33,PP,2022,-22.858889,-47.0359338
1317,1111,BRUNO MARCELLO DE OLIVEIRA LIMA,218,PP,2022,-22.858889,-47.0359338
1317,1112,ISRAEL NANTES SANTOS,131,PP,2022,-22.858889,-47.0359338
1317,11190,RAFAEL HENRIQUE CANO TELHADA,36,PP,2022,-22.858889,-47.0359338
1317,1122,CARLOS ALBERTO DA CUNHA,85,PP,2022,-22.858889,-47.0359338
1317,11777,ANTONIO ASSUNÇÃO DE OLIM,67,PP,2022,-22.858889,-47.0359338
1317,1190,PAULO ADRIANO LOPES LUCINDA TELHADA,36,PP,2022,-22.858889,-47.0359338
1317,12,ELVIS LEONARDO CEZAR,120,PDT,2022,-22.858889,-47.0359338
1317,12,Partido Democrático Trabalhista,53,PDT,2022,-22.858889,-47.0359338
1317,12200,WILSON KELLER DE MATOS,48,PDT,2022,-22.858889,-47.0359338
1317,123,JOSÉ ALDO REBELO FIGUEIREDO,142,PDT,2022,-22.858889,-47.0359338
1317,13,FERNANDO HADDAD,10193,PT,2022,-22.858889,-47.0359338
1317,13,Partido dos Trabalhadores,676,PT,2022,-22.858889,-47.0359338
1317,13016,THAINARA KAROLINE FARIA,41,PT,2022,-22.858889,-47.0359338
1317,13120,CARLOS ROBERTO DE OLIVEIRA,86,PT,2022,-22.858889,-47.0359338
1317,13121,ANA LUCIA LIPPAUS PERUGINI,164,PT,2022,-22.858889,-47.0359338
1317,13123,MARIA IZABEL AZEVEDO NORONHA,91,PT,2022,-22.858889,-47.0359338
1317,1313,RUI GOETHE DA COSTA FALCÃO,47,PT,2022,-22.858889,-47.0359338
1317,13133,EDUARDO MATARAZZO SUPLICY,317,PT,2022,-22.858889,-47.0359338
1317,13134,LUIZ FERNANDO TEIXEIRA FERREIRA,50,PT,2022,-22.858889,-47.0359338
1317,1319,PEDRO TOURINHO DE SIQUEIRA,1200,PT,2022,-22.858889,-47.0359338
1317,13199,PAOLLA CATHERINE DOS SANTOS MIGUEL AGARD,283,PT,2022,-22.858889,-47.0359338
1317,1322,ARLINDO CHIGNALIA JUNIOR,37,PT,2022,-22.858889,-47.0359338
1317,13300,WAGNER DE MELO ROMÃO,90,PT,2022,-22.858889,-47.0359338
1317,13331,VERA LUCIA RODRIGUES DE FARIA,46,PT,2022,-22.858889,-47.0359338
1317,13616,JOSEMUNDO DARIO QUEIROZ,31,PT,2022,-22.858889,-47.0359338
1317,13651,PAULO BATISTA DOS REIS,220,PT,2022,-22.858889,-47.0359338
1317,13654,JANDYRA MASSUE UEHARA ALVES,33,PT,2022,-22.858889,-47.0359338
1317,1366,MARIANA CERGOLI JANEIRO,86,PT,2022,-22.858889,-47.0359338
1317,1370,CARLOS ALBERTO ROLIM ZARATTINI,243,PT,2022,-22.858889,-47.0359338
1317,13700,ANTONIO DONATO MADORMO,127,PT,2022,-22.858889,-47.0359338
1317,1380,JILMAR AUGUSTINHO TATTO,187,PT,2022,-22.858889,-47.0359338
1317,13800,JORGE DO CARMO SILVA,45,PT,2022,-22.858889,-47.0359338
1317,1414,ADRILLES REIS JORGE,40,PTB,2022,-22.858889,-47.0359338
1317,15,Movimento Democrático Brasileiro,42,,2022,-22.858889,-47.0359338
1317,1500,MARIO PALUMBO JUNIOR,77,MDB,2022,-22.858889,-47.0359338
1317,155,EDSON APARECIDO DOS SANTOS,494,MDB,2022,-22.858889,-47.0359338
1317,1580,FÁBIO EDUARDO DE OLIVEIRA TERUEL,73,MDB,2022,-22.858889,-47.0359338
1317,1587,ARNALDO SALVETTI PALACIO JUNIOR,115,MDB,2022,-22.858889,-47.0359338
1317,1818,MARIA OSMARINA MARINA DA SILVA VAZ DE LIMA,106,REDE,2022,-22.858889,-47.0359338
1317,1910,BRUNO AREVALO GANEM,61,PODE,2022,-22.858889,-47.0359338
1317,19101,CLARICE CARASSOL AREVALO GANEM,50,PODE,2022,-22.858889,-47.0359338
1317,1911,HENI OZI CUKIER,44,PODE,2022,-22.858889,-47.0359338
1317,19519,EDUARDO DOS REIS MAGOGA,71,PODE,2022,-22.858889,-47.0359338
1317,20123,HELIO DONIZETE ZANATTA,32,PSC,2022,-22.858889,-47.0359338
1317,2020,GILBERTO NASCIMENTO SILVA,55,PSC,2022,-22.858889,-47.0359338
1317,20900,PAULO SERGIO GALTERIO,33,PSC,2022,-22.858889,-47.0359338
1317,21,GABRIEL MAURILIO COLOMBO DE FREITAS,31,PCB,2022,-22.858889,-47.0359338
1317,22,Partido Liberal,384,,2022,-22.858889,-47.0359338
1317,2200,JOSÉ AUGUSTO ROSA,37,PL,2022,-22.858889,-47.0359338
1317,22000,DIMAS MECCA SAMPAIO,122,PL,2022,-22.858889,-47.0359338
1317,2208,MARIO LUIS FRIAS,106,PL,2022,-22.858889,-47.0359338
1317,2210,CARLA ZAMBELLI SALGADO DE OLIVEIRA,703,PL,2022,-22.858889,-47.0359338
1317,22100,BRUNO ZAMBELLI SALGADO,146,PL,2022,-22.858889,-47.0359338
1317,22112,CARLOS CEZAR DA SILVA,97,PL,2022,-22.858889,-47.0359338
1317,22120,GILDEVANIO ILSO DOS SANTOS DINIZ,144,PL,2022,-22.858889,-47.0359338
1317,22138,ROBERVAL CONTE LOPES LIMA,92,PL,2022,-22.858889,-47.0359338
1317,22180,RAQUEL KOBASHI GALLINATI LOMBARDI,41,PL,2022,-22.858889,-47.0359338
1317,222,MARCOS CESAR PONTES,5535,PL,2022,-22.858889,-47.0359338
1317,2222,EDUARDO NANTES BOLSONARO,604,PL,2022,-22.858889,-47.0359338
1317,22222,MARCOS ROBERTO DAMASIO DA SILVA,73,PL,2022,-22.858889,-47.0359338
1317,2230,MARCIO TADEU ANHAIA DE LEMOS,33,PL,2022,-22.858889,-47.0359338
1317,2233,PAULO ROBERTO FREIRE DA COSTA,286,PL,2022,-22.858889,-47.0359338
1317,22343,THIAGO REIS AURICCHIO,39,PL,2022,-22.858889,-47.0359338
1317,22422,PAULO JORGE MANSUR NETO,143,PL,2022,-22.858889,-47.0359338
1317,2243,LUIZ PHILIPPE DE ORLEANS E BRAGANÇA,41,PL,2022,-22.858889,-47.0359338
1317,2244,LUIZ CARLOS MOTTA,32,PL,2022,-22.858889,-47.0359338
1317,22444,MATHEUS COIMBRA MARTINS DE AGUIAR,78,PL,2022,-22.858889,-47.0359338
1317,2247,PAULO FRANCISCO MUNIZ BILYNSKYJ,64,PL,2022,-22.858889,-47.0359338
1317,2250,RICARDO DE AQUINO SALLES,390,PL,2022,-22.858889,-47.0359338
1317,22500,LUCAS DIEZ BOVE,87,PL,2022,-22.858889,-47.0359338
1317,2251,ADILSON BARROSO OLIVEIRA,34,PL,2022,-22.858889,-47.0359338
1317,2255,FRANCISCO EVERARDO TIRIRICA OLIVEIRA SILVA,41,PL,2022,-22.858889,-47.0359338
1317,2270,MARCO ANTONIO FELICIANO,139,PL,2022,-22.858889,-47.0359338
1317,2274,JEFFERSON ALVES DE CAMPOS,87,PL,2022,-22.858889,-47.0359338
1317,2276,MARSCHELO RODRIGO MARIN MECHE,36,PL,2022,-22.858889,-47.0359338
1317,2290,GUILHERME MURARO DERRITE,83,PL,2022,-22.858889,-47.0359338
1317,22922,VALERIA MULLER RAMOS BOLSONARO,343,PL,2022,-22.858889,-47.0359338
1317,2300,MARCO ANTONIO VILLA,51,CIDADANIA,2022,-22.858889,-47.0359338
1317,23000,RAFAEL FERNANDO ZIMBALDI,736,CIDADANIA,2022,-22.858889,-47.0359338
1317,23456,ANTONIO DIRCEU DALBEN,94,CIDADANIA,2022,-22.858889,-47.0359338
1317,23888,LI LI MIN,40,CIDADANIA,2022,-22.858889,-47.0359338
1317,2822,ROGERIO STRACIALANO PARADA,42,PRTB,2022,-22.858889,-47.0359338
1317,287,JANAINA CONCEIÇÃO PASCHOAL,296,PRTB,2022,-22.858889,-47.0359338
1317,30,Partido Novo,107,NOVO,2022,-22.858889,-47.0359338
1317,30,VINICIUS LAZZER POIT,204,NOVO,2022,-22.858889,-47.0359338
1317,300,RICARDO LUIS MELLÃO,199,NOVO,2022,-22.858889,-47.0359338
1317,3000,ALEXIS JOSEPH STEVERLYNCK FONTEYNE,64,NOVO,2022,-22.858889,-47.0359338
1317,3030,ADRIANA MIGUEL VENTURA,60,NOVO,2022,-22.858889,-47.0359338
1317,30730,HENRIQUE MAGALHÃES TEIXEIRA,64,NOVO,2022,-22.858889,-47.0359338
1317,35352,FERNANDO LUIS COUTINHO NEVES,37,PMB,2022,-22.858889,-47.0359338
1317,35555,DANILO RIDYER PALMA,32,PMB,2022,-22.858889,-47.0359338
1317,36190,ADRIANA SANCHES GALDEANO BORGO,43,AGIR,2022,-22.858889,-47.0359338
1317,40,Partido Socialista Brasileiro,141,,2022,-22.858889,-47.0359338
1317,400,MÁRCIO LUIZ FRANÇA GOMES,3929,PSB,2022,-22.858889,-47.0359338
1317,4000,JONAS DONIZETTE FERREIRA,679,PSB,2022,-22.858889,-47.0359338
1317,40000,ANDRÉA WERNER SILVA BONOLI,60,PSB,2022,-22.858889,-47.0359338
1317,4040,TABATA CLAUDIA AMARAL DE PONTES,153,PSB,2022,-22.858889,-47.0359338
1317,40456,PERMÍNIO MONTEIRO DA SILVA,109,PSB,2022,-22.858889,-47.0359338
1317,4400,ROSANGELA MARIA WOLFF DE QUADROS MORO,110,UNIÃO,2022,-22.858889,-47.0359338
1317,44007,FELIPE SOUZA MURAKAMI DE FRANCO,37,UNIÃO,2022,-22.858889,-47.0359338
1317,44019,RODRIGO LUIS DE BARROS ALMEIDA,260,UNIÃO,2022,-22.858889,-47.0359338
1317,4407,FELIPE BECARI COMENALE,50,UNIÃO,2022,-22.858889,-47.0359338
1317,44220,ANDRE CRISTHIANO CAYRES RIBEIRO,186,UNIÃO,2022,-22.858889,-47.0359338
1317,4425,ALEXANDRE LEITE DA SILVA,103,UNIÃO,2022,-22.858889,-47.0359338
1317,4433,KIM PATROCA KATAGUIRI,160,UNIÃO,2022,-22.858889,-47.0359338
1317,4434,DOUGLAS DE PAULO VIEGAS,32,UNIÃO,2022,-22.858889,-47.0359338
1317,4470,NICOLINO BOZZELLA JUNIOR,30,UNIÃO,2022,-22.858889,-47.0359338
1317,44777,AUGUSTO ZACARIAS CORREA LEITE,81,UNIÃO,2022,-22.858889,-47.0359338
1317,45,Partido da Social Democracia Brasileira,58,PSDB,2022,-22.858889,-47.0359338
1317,45,RODRIGO GARCIA,1548,PSDB,2022,-22.858889,-47.0359338
1317,4500,CARLOS HENRIQUE FOCESI SAMPAIO,368,PSDB,2022,-22.858889,-47.0359338
1317,45200,CÉLIA CAMARGO LEÃO EDELMUTH,182,PSDB,2022,-22.858889,-47.0359338
1317,45678,LUIZ HENRIQUE CIRILO,81,PSDB,2022,-22.858889,-47.0359338
1317,50,Partido Socialismo e Liberdade,30,,2022,-22.858889,-47.0359338
1317,5000,SÂMIA DE SOUZA BOMFIM,153,PSOL,2022,-22.858889,-47.0359338
1317,50000,PAULA NUNES DOS SANTOS,81,PSOL,2022,-22.858889,-47.0359338
1317,5010,GUILHERME CASTRO BOULOS,316,PSOL,2022,-22.858889,-47.0359338
1317,50100,MARIANA CONTI TAKAHASHI,339,PSOL,2022,-22.858889,-47.0359338
1317,50110,EDIANE MARIA DO NASCIMENTO,37,PSOL,2022,-22.858889,-47.0359338
1317,5070,ERIKA SANTOS SILVA,105,PSOL,2022,-22.858889,-47.0359338
1317,50777,PAULO ROBERTO BUFALO,57,PSOL,2022,-22.858889,-47.0359338
1317,50789,CARLOS ALBERTO GIANNASI,49,PSOL,2022,-22.858889,-47.0359338
1317,5088,SÔNIA BONE DE SOUSA SILVA SANTOS,77,PSOL,2022,-22.858889,-47.0359338
1317,50900,MÔNICA CRISTINA SEIXAS BONFIM,32,PSOL,2022,-22.858889,-47.0359338
1317,5101,TERESINHA DE CARVALHO,51,PATRIOTA,2022,-22.858889,-47.0359338
1317,5515,SAULO PEDROSO DE SOUZA,35,PSD,2022,-22.858889,-47.0359338
1317,55400,MARTA MARIA FREIRE DA COSTA,205,PSD,2022,-22.858889,-47.0359338
1317,5553,ELIEL MIRANDA,46,PSD,2022,-22.858889,-47.0359338
1317,5555,GUILHERME CAMPOS JUNIOR,78,PSD,2022,-22.858889,-47.0359338
1317,55655,ARTUR CASSEB ORSI,415,PSD,2022,-22.858889,-47.0359338
1317,5577,ANTONIO CEZAR CORREIA FREIRE,44,PSD,2022,-22.858889,-47.0359338
1317,55777,OSEIAS SANTOS DA SILVA,44,PSD,2022,-22.858889,-47.0359338
1317,65035,LECI BRANDÃO DA SILVA,41,PC DO B,2022,-22.858889,-47.0359338
1317,6565,ORLANDO SILVA DE JESUS JUNIOR,98,PC DO B,2022,-22.858889,-47.0359338
1317,65656,MARCIA REGINA QUINTANILHA,64,PC DO B,2022,-22.858889,-47.0359338
1317,77040,ADILSON DE SOUZA ROCHA,38,SOLIDARIEDADE,2022,-22.858889,-47.0359338
1317,7719,MARCELO HENRIQUE SILVA,71,SOLIDARIEDADE,2022,-22.858889,-47.0359338
1317,80,CAROLINA REJAILI VIGLIAR,49,UP,2022,-22.858889,-47.0359338
1317,800,VIVIAN MENDES DA SILVA,148,UP,2022,-22.858889,-47.0359338
1317,9000,PABLO HENRIQUE COSTA MARÇAL,154,PROS,2022,-22.858889,-47.0359338
1317,90000,NEZIO ANTONIO MONTEIRO FILHO,44,PROS,2022,-22.858889,-47.0359338
1317,95,VOTO BRANCO,4924,,2022,-22.858889,-47.0359338
1317,96,VOTO NULO,5612,,2022,-22.858889,-47.0359338
1325,10,REPUBLICANOS,44,REPUBLICANOS,2022,-22.9400851,-47.1870024
1325,10,TARCISIO GOMES DE FREITAS,10111,REPUBLICANOS,2022,-22.9400851,-47.1870024
1325,1000,CELSO UBIRAJARA RUSSOMANNO,162,REPUBLICANOS,2022,-22.9400851,-47.1870024
1325,10099,LEONICE ALVES DA PAZ,30,REPUBLICANOS,2022,-22.9400851,-47.1870024
1325,1010,MARCOS ANTONIO PEREIRA,224,REPUBLICANOS,2022,-22.9400851,-47.1870024
1325,10123,GILMACI DOS SANTOS BARBOSA,134,REPUBLICANOS,2022,-22.9400851,-47.1870024
1325,1020,LUIS CLAUDIO FERNANDES MIRANDA,54,REPUBLICANOS,2022,-22.9400851,-47.1870024
1325,10200,HIGOR DIEGO RALLA,1639,REPUBLICANOS,2022,-22.9400851,-47.1870024
1325,1022,MARIA DO PARTO MENDES ROSAS,31,REPUBLICANOS,2022,-22.9400851,-47.1870024
1325,1023,HENRIQUE STEIN SCIASCIO,34,REPUBLICANOS,2022,-22.9400851,-47.1870024
1325,10550,TOME ABDUCH,101,REPUBLICANOS,2022,-22.9400851,-47.1870024
1325,1078,BENEDITO ROBERTO ALVES FERREIRA,159,REPUBLICANOS,2022,-22.9400851,-47.1870024
1325,1100,MANOEL MAURICIO SILVA NEVES,33,PP,2022,-22.9400851,-47.1870024
1325,1111,BRUNO MARCELLO DE OLIVEIRA LIMA,216,PP,2022,-22.9400851,-47.1870024
1325,1112,ISRAEL NANTES SANTOS,85,PP,2022,-22.9400851,-47.1870024
1325,1122,CARLOS ALBERTO DA CUNHA,73,PP,2022,-22.9400851,-47.1870024
1325,11777,ANTONIO ASSUNÇÃO DE OLIM,50,PP,2022,-22.9400851,-47.1870024
1325,12,ELVIS LEONARDO CEZAR,85,PDT,2022,-22.9400851,-47.1870024
1325,12,Partido Democrático Trabalhista,35,PDT,2022,-22.9400851,-47.1870024
1325,123,JOSÉ ALDO REBELO FIGUEIREDO,91,PDT,2022,-22.9400851,-47.1870024
1325,13,FERNANDO HADDAD,8321,PT,2022,-22.9400851,-47.1870024
1325,13,Partido dos Trabalhadores,442,PT,2022,-22.9400851,-47.1870024
1325,13113,MARCIA APARECIDA OVEJANEDA LIA,33,PT,2022,-22.9400851,-47.1870024
1325,13120,CARLOS ROBERTO DE OLIVEIRA,51,PT,2022,-22.9400851,-47.1870024
1325,13121,ANA LUCIA LIPPAUS PERUGINI,136,PT,2022,-22.9400851,-47.1870024
1325,13123,MARIA IZABEL AZEVEDO NORONHA,33,PT,2022,-22.9400851,-47.1870024
1325,1313,RUI GOETHE DA COSTA FALCÃO,41,PT,2022,-22.9400851,-47.1870024
1325,13133,EDUARDO MATARAZZO SUPLICY,310,PT,2022,-22.9400851,-47.1870024
1325,13134,LUIZ FERNANDO TEIXEIRA FERREIRA,69,PT,2022,-22.9400851,-47.1870024
1325,1319,PEDRO TOURINHO DE SIQUEIRA,1066,PT,2022,-22.9400851,-47.1870024
1325,13199,PAOLLA CATHERINE DOS SANTOS MIGUEL AGARD,222,PT,2022,-22.9400851,-47.1870024
1325,13300,WAGNER DE MELO ROMÃO,64,PT,2022,-22.9400851,-47.1870024
1325,13331,VERA LUCIA RODRIGUES DE FARIA,50,PT,2022,-22.9400851,-47.1870024
1325,13651,PAULO BATISTA DOS REIS,219,PT,2022,-22.9400851,-47.1870024
1325,1366,MARIANA CERGOLI JANEIRO,48,PT,2022,-22.9400851,-47.1870024
1325,1370,CARLOS ALBERTO ROLIM ZARATTINI,80,PT,2022,-22.9400851,-47.1870024
1325,13700,ANTONIO DONATO MADORMO,51,PT,2022,-22.9400851,-47.1870024
1325,1380,JILMAR AUGUSTINHO TATTO,191,PT,2022,-22.9400851,-47.1870024
1325,13800,JORGE DO CARMO SILVA,34,PT,2022,-22.9400851,-47.1870024
1325,1389,ALFREDO ALVES CAVALCANTE,35,PT,2022,-22.9400851,-47.1870024
1325,1414,ADRILLES REIS JORGE,50,PTB,2022,-22.9400851,-47.1870024
1325,15,Movimento Democrático Brasileiro,44,,2022,-22.9400851,-47.1870024
1325,1500,MARIO PALUMBO JUNIOR,49,MDB,2022,-22.9400851,-47.1870024
1325,1532,LUIZ LAURO FERREIRA,31,MDB,2022,-22.9400851,-47.1870024
1325,155,EDSON APARECIDO DOS SANTOS,376,MDB,2022,-22.9400851,-47.1870024
1325,1580,FÁBIO EDUARDO DE OLIVEIRA TERUEL,48,MDB,2022,-22.9400851,-47.1870024
1325,1587,ARNALDO SALVETTI PALACIO JUNIOR,81,MDB,2022,-22.9400851,-47.1870024
1325,1818,MARIA OSMARINA MARINA DA SILVA VAZ DE LIMA,101,REDE,2022,-22.9400851,-47.1870024
1325,1910,BRUNO AREVALO GANEM,65,PODE,2022,-22.9400851,-47.1870024
1325,19101,CLARICE CARASSOL AREVALO GANEM,46,PODE,2022,-22.9400851,-47.1870024
1325,19519,EDUARDO DOS REIS MAGOGA,44,PODE,2022,-22.9400851,-47.1870024
1325,20190,LUIZ PAULO MADALHANO MAGALHÃES,32,PSC,2022,-22.9400851,-47.1870024
1325,2020,GILBERTO NASCIMENTO SILVA,41,PSC,2022,-22.9400851,-47.1870024
1325,20320,JOSÉ CARLOS FURIOSO,35,PSC,2022,-22.9400851,-47.1870024
1325,211,TITO FLAVIO BELLINI NOGUEIRA DE OLIVEIRA,32,PCB,2022,-22.9400851,-47.1870024
1325,22,Partido Liberal,259,,2022,-22.9400851,-47.1870024
1325,2200,JOSÉ AUGUSTO ROSA,55,PL,2022,-22.9400851,-47.1870024
1325,22000,DIMAS MECCA SAMPAIO,100,PL,2022,-22.9400851,-47.1870024
1325,2208,MARIO LUIS FRIAS,102,PL,2022,-22.9400851,-47.1870024
1325,2210,CARLA ZAMBELLI SALGADO DE OLIVEIRA,534,PL,2022,-22.9400851,-47.1870024
1325,22100,BRUNO ZAMBELLI SALGADO,140,PL,2022,-22.9400851,-47.1870024
1325,22112,CARLOS CEZAR DA SILVA,66,PL,2022,-22.9400851,-47.1870024
1325,22120,GILDEVANIO ILSO DOS SANTOS DINIZ,89,PL,2022,-22.9400851,-47.1870024
1325,22138,ROBERVAL CONTE LOPES LIMA,73,PL,2022,-22.9400851,-47.1870024
1325,222,MARCOS CESAR PONTES,4687,PL,2022,-22.9400851,-47.1870024
1325,2222,EDUARDO NANTES BOLSONARO,509,PL,2022,-22.9400851,-47.1870024
1325,22222,MARCOS ROBERTO DAMASIO DA SILVA,41,PL,2022,-22.9400851,-47.1870024
1325,2233,PAULO ROBERTO FREIRE DA COSTA,206,PL,2022,-22.9400851,-47.1870024
1325,22343,THIAGO REIS AURICCHIO,39,PL,2022,-22.9400851,-47.1870024
1325,22422,PAULO JORGE MANSUR NETO,113,PL,2022,-22.9400851,-47.1870024
1325,2243,LUIZ PHILIPPE DE ORLEANS E BRAGANÇA,42,PL,2022,-22.9400851,-47.1870024
1325,2244,LUIZ CARLOS MOTTA,102,PL,2022,-22.9400851,-47.1870024
1325,22444,MATHEUS COIMBRA MARTINS DE AGUIAR,72,PL,2022,-22.9400851,-47.1870024
1325,2247,PAULO FRANCISCO MUNIZ BILYNSKYJ,46,PL,2022,-22.9400851,-47.1870024
1325,2250,RICARDO DE AQUINO SALLES,344,PL,2022,-22.9400851,-47.1870024
1325,22500,LUCAS DIEZ BOVE,69,PL,2022,-22.9400851,-47.1870024
1325,2255,FRANCISCO EVERARDO TIRIRICA OLIVEIRA SILVA,37,PL,2022,-22.9400851,-47.1870024
1325,2270,MARCO ANTONIO FELICIANO,107,PL,2022,-22.9400851,-47.1870024
1325,2274,JEFFERSON ALVES DE CAMPOS,69,PL,2022,-22.9400851,-47.1870024
1325,2276,MARSCHELO RODRIGO MARIN MECHE,49,PL,2022,-22.9400851,-47.1870024
1325,2290,GUILHERME MURARO DERRITE,77,PL,2022,-22.9400851,-47.1870024
1325,22922,VALERIA MULLER RAMOS BOLSONARO,306,PL,2022,-22.9400851,-47.1870024
1325,2300,MARCO ANTONIO VILLA,54,CIDADANIA,2022,-22.9400851,-47.1870024
1325,23000,RAFAEL FERNANDO ZIMBALDI,695,CIDADANIA,2022,-22.9400851,-47.1870024
1325,23456,ANTONIO DIRCEU DALBEN,70,CIDADANIA,2022,-22.9400851,-47.1870024
1325,2822,ROGERIO STRACIALANO PARADA,34,PRTB,2022,-22.9400851,-47.1870024
1325,287,JANAINA CONCEIÇÃO PASCHOAL,206,PRTB,2022,-22.9400851,-47.1870024
1325,30,Partido Novo,73,NOVO,2022,-22.9400851,-47.1870024
1325,30,VINICIUS LAZZER POIT,154,NOVO,2022,-22.9400851,-47.1870024
1325,300,RICARDO LUIS MELLÃO,131,NOVO,2022,-22.9400851,-47.1870024
1325,3000,ALEXIS JOSEPH STEVERLYNCK FONTEYNE,46,NOVO,2022,-22.9400851,-47.1870024
1325,3030,ADRIANA MIGUEL VENTURA,71,NOVO,2022,-22.9400851,-47.1870024
1325,30730,HENRIQUE MAGALHÃES TEIXEIRA,73,NOVO,2022,-22.9400851,-47.1870024
1325,36190,ADRIANA SANCHES GALDEANO BORGO,43,AGIR,2022,-22.9400851,-47.1870024
1325,40,Partido Socialista Brasileiro,106,,2022,-22.9400851,-47.1870024
1325,400,MÁRCIO LUIZ FRANÇA GOMES,3249,PSB,2022,-22.9400851,-47.1870024
1325,4000,JONAS DONIZETTE FERREIRA,442,PSB,2022,-22.9400851,-47.1870024
1325,40000,ANDRÉA WERNER SILVA BONOLI,51,PSB,2022,-22.9400851,-47.1870024
1325,4040,TABATA CLAUDIA AMARAL DE PONTES,152,PSB,2022,-22.9400851,-47.1870024
1325,40456,PERMÍNIO MONTEIRO DA SILVA,53,PSB,2022,-22.9400851,-47.1870024
1325,4400,ROSANGELA MARIA WOLFF DE QUADROS MORO,106,UNIÃO,2022,-22.9400851,-47.1870024
1325,44007,FELIPE SOUZA MURAKAMI DE FRANCO,37,UNIÃO,2022,-22.9400851,-47.1870024
1325,44019,RODRIGO LUIS DE BARROS ALMEIDA,202,UNIÃO,2022,-22.9400851,-47.1870024
1325,4407,FELIPE BECARI COMENALE,59,UNIÃO,2022,-22.9400851,-47.1870024
1325,4411,DAVID BEZERRA RIBEIRO SOARES,32,UNIÃO,2022,-22.9400851,-47.1870024
1325,44220,ANDRE CRISTHIANO CAYRES RIBEIRO,116,UNIÃO,2022,-22.9400851,-47.1870024
1325,4425,ALEXANDRE LEITE DA SILVA,40,UNIÃO,2022,-22.9400851,-47.1870024
1325,4433,KIM PATROCA KATAGUIRI,121,UNIÃO,2022,-22.9400851,-47.1870024
1325,44777,AUGUSTO ZACARIAS CORREA LEITE,79,UNIÃO,2022,-22.9400851,-47.1870024
1325,45,Partido da Social Democracia Brasileira,35,PSDB,2022,-22.9400851,-47.1870024
1325,45,RODRIGO GARCIA,1268,PSDB,2022,-22.9400851,-47.1870024
1325,4500,CARLOS HENRIQUE FOCESI SAMPAIO,289,PSDB,2022,-22.9400851,-47.1870024
1325,45200,CÉLIA CAMARGO LEÃO EDELMUTH,125,PSDB,2022,-22.9400851,-47.1870024
1325,45678,LUIZ HENRIQUE CIRILO,90,PSDB,2022,-22.9400851,-47.1870024
1325,5000,SÂMIA DE SOUZA BOMFIM,124,PSOL,2022,-22.9400851,-47.1870024
1325,50000,PAULA NUNES DOS SANTOS,58,PSOL,2022,-22.9400851,-47.1870024
1325,5010,GUILHERME CASTRO BOULOS,281,PSOL,2022,-22.9400851,-47.1870024
1325,50100,MARIANA CONTI TAKAHASHI,292,PSOL,2022,-22.9400851,-47.1870024
1325,5070,ERIKA SANTOS SILVA,95,PSOL,2022,-22.9400851,-47.1870024
1325,50777,PAULO ROBERTO BUFALO,55,PSOL,2022,-22.9400851,-47.1870024
1325,50789,CARLOS ALBERTO GIANNASI,72,PSOL,2022,-22.9400851,-47.1870024
1325,5088,SÔNIA BONE DE SOUSA SILVA SANTOS,76,PSOL,2022,-22.9400851,-47.1870024
1325,5101,TERESINHA DE CARVALHO,56,PATRIOTA,2022,-22.9400851,-47.1870024
1325,55400,MARTA MARIA FREIRE DA COSTA,130,PSD,2022,-22.9400851,-47.1870024
1325,5555,GUILHERME CAMPOS JUNIOR,30,PSD,2022,-22.9400851,-47.1870024
1325,55655,ARTUR CASSEB ORSI,177,PSD,2022,-22.9400851,-47.1870024
1325,65035,LECI BRANDÃO DA SILVA,32,PC DO B,2022,-22.9400851,-47.1870024
1325,6565,ORLANDO SILVA DE JESUS JUNIOR,67,PC DO B,2022,-22.9400851,-47.1870024
1325,65656,MARCIA REGINA QUINTANILHA,39,PC DO B,2022,-22.9400851,-47.1870024
1325,7719,MARCELO HENRIQUE SILVA,59,SOLIDARIEDADE,2022,-22.9400851,-47.1870024
1325,80,CAROLINA REJAILI VIGLIAR,42,UP,2022,-22.9400851,-47.1870024
1325,800,VIVIAN MENDES DA SILVA,120,UP,2022,-22.9400851,-47.1870024
1325,9000,PABLO HENRIQUE COSTA MARÇAL,119,PROS,2022,-22.9400851,-47.1870024
1325,95,VOTO BRANCO,3487,,2022,-22.9400851,-47.1870024
1325,96,VOTO NULO,4721,,2022,-22.9400851,-47.1870024
1333,10,TARCISIO GOMES DE FREITAS,4965,REPUBLICANOS,2022,-22.9321799,-47.0940896
1333,1000,CELSO UBIRAJARA RUSSOMANNO,69,REPUBLICANOS,2022,-22.9321799,-47.0940896
1333,10099,LEONICE ALVES DA PAZ,39,REPUBLICANOS,2022,-22.9321799,-47.0940896
1333,1010,MARCOS ANTONIO PEREIRA,30,REPUBLICANOS,2022,-22.9321799,-47.0940896
1333,10123,GILMACI DOS SANTOS BARBOSA,59,REPUBLICANOS,2022,-22.9321799,-47.0940896
1333,10200,HIGOR DIEGO RALLA,155,REPUBLICANOS,2022,-22.9321799,-47.0940896
1333,10550,TOME ABDUCH,46,REPUBLICANOS,2022,-22.9321799,-47.0940896
1333,1078,BENEDITO ROBERTO ALVES FERREIRA,71,REPUBLICANOS,2022,-22.9321799,-47.0940896
1333,1111,BRUNO MARCELLO DE OLIVEIRA LIMA,138,PP,2022,-22.9321799,-47.0940896
1333,1112,ISRAEL NANTES SANTOS,54,PP,2022,-22.9321799,-47.0940896
1333,1122,CARLOS ALBERTO DA CUNHA,48,PP,2022,-22.9321799,-47.0940896
1333,12,ELVIS LEONARDO CEZAR,52,PDT,2022,-22.9321799,-47.0940896
1333,123,JOSÉ ALDO REBELO FIGUEIREDO,42,PDT,2022,-22.9321799,-47.0940896
1333,13,FERNANDO HADDAD,4090,PT,2022,-22.9321799,-47.0940896
1333,13,Partido dos Trabalhadores,236,PT,2022,-22.9321799,-47.0940896
1333,13016,THAINARA KAROLINE FARIA,51,PT,2022,-22.9321799,-47.0940896
1333,13121,ANA LUCIA LIPPAUS PERUGINI,71,PT,2022,-22.9321799,-47.0940896
1333,13133,EDUARDO MATARAZZO SUPLICY,182,PT,2022,-22.9321799,-47.0940896
1333,1319,PEDRO TOURINHO DE SIQUEIRA,465,PT,2022,-22.9321799,-47.0940896
1333,13199,PAOLLA CATHERINE DOS SANTOS MIGUEL AGARD,94,PT,2022,-22.9321799,-47.0940896
1333,13300,WAGNER DE MELO ROMÃO,71,PT,2022,-22.9321799,-47.0940896
1333,13331,VERA LUCIA RODRIGUES DE FARIA,43,PT,2022,-22.9321799,-47.0940896
1333,1380,JILMAR AUGUSTINHO TATTO,62,PT,2022,-22.9321799,-47.0940896
1333,13800,JORGE DO CARMO SILVA,30,PT,2022,-22.9321799,-47.0940896
1333,1500,MARIO PALUMBO JUNIOR,37,MDB,2022,-22.9321799,-47.0940896
1333,155,EDSON APARECIDO DOS SANTOS,146,MDB,2022,-22.9321799,-47.0940896
1333,1580,FÁBIO EDUARDO DE OLIVEIRA TERUEL,39,MDB,2022,-22.9321799,-47.0940896
1333,1587,ARNALDO SALVETTI PALACIO JUNIOR,46,MDB,2022,-22.9321799,-47.0940896
1333,1818,MARIA OSMARINA MARINA DA SILVA VAZ DE LIMA,48,REDE,2022,-22.9321799,-47.0940896
1333,1910,BRUNO AREVALO GANEM,51,PODE,2022,-22.9321799,-47.0940896
1333,19101,CLARICE CARASSOL AREVALO GANEM,32,PODE,2022,-22.9321799,-47.0940896
1333,1911,HENI OZI CUKIER,32,PODE,2022,-22.9321799,-47.0940896
1333,19519,EDUARDO DOS REIS MAGOGA,30,PODE,2022,-22.9321799,-47.0940896
1333,22,Partido Liberal,146,,2022,-22.9321799,-47.0940896
1333,22000,DIMAS MECCA SAMPAIO,63,PL,2022,-22.9321799,-47.0940896
1333,2208,MARIO LUIS FRIAS,63,PL,2022,-22.9321799,-47.0940896
1333,2210,CARLA ZAMBELLI SALGADO DE OLIVEIRA,245,PL,2022,-22.9321799,-47.0940896
1333,22100,BRUNO ZAMBELLI SALGADO,65,PL,2022,-22.9321799,-47.0940896
1333,22112,CARLOS CEZAR DA SILVA,45,PL,2022,-22.9321799,-47.0940896
1333,22120,GILDEVANIO ILSO DOS SANTOS DINIZ,74,PL,2022,-22.9321799,-47.0940896
1333,22138,ROBERVAL CONTE LOPES LIMA,35,PL,2022,-22.9321799,-47.0940896
1333,222,MARCOS CESAR PONTES,2315,PL,2022,-22.9321799,-47.0940896
1333,2222,EDUARDO NANTES BOLSONARO,316,PL,2022,-22.9321799,-47.0940896
1333,2233,PAULO ROBERTO FREIRE DA COSTA,73,PL,2022,-22.9321799,-47.0940896
1333,22422,PAULO JORGE MANSUR NETO,90,PL,2022,-22.9321799,-47.0940896
1333,2244,LUIZ CARLOS MOTTA,90,PL,2022,-22.9321799,-47.0940896
1333,2250,RICARDO DE AQUINO SALLES,130,PL,2022,-22.9321799,-47.0940896
1333,2270,MARCO ANTONIO FELICIANO,36,PL,2022,-22.9321799,-47.0940896
1333,2274,JEFFERSON ALVES DE CAMPOS,36,PL,2022,-22.9321799,-47.0940896
1333,2276,MARSCHELO RODRIGO MARIN MECHE,55,PL,2022,-22.9321799,-47.0940896
1333,2290,GUILHERME MURARO DERRITE,36,PL,2022,-22.9321799,-47.0940896
1333,22922,VALERIA MULLER RAMOS BOLSONARO,196,PL,2022,-22.9321799,-47.0940896
1333,23000,RAFAEL FERNANDO ZIMBALDI,391,CIDADANIA,2022,-22.9321799,-47.0940896
1333,23456,ANTONIO DIRCEU DALBEN,42,CIDADANIA,2022,-22.9321799,-47.0940896
1333,287,JANAINA CONCEIÇÃO PASCHOAL,118,PRTB,2022,-22.9321799,-47.0940896
1333,30,VINICIUS LAZZER POIT,104,NOVO,2022,-22.9321799,-47.0940896
1333,300,RICARDO LUIS MELLÃO,88,NOVO,2022,-22.9321799,-47.0940896
1333,36190,ADRIANA SANCHES GALDEANO BORGO,51,AGIR,2022,-22.9321799,-47.0940896
1333,400,MÁRCIO LUIZ FRANÇA GOMES,1568,PSB,2022,-22.9321799,-47.0940896
1333,4000,JONAS DONIZETTE FERREIRA,255,PSB,2022,-22.9321799,-47.0940896
1333,4040,TABATA CLAUDIA AMARAL DE PONTES,69,PSB,2022,-22.9321799,-47.0940896
1333,40456,PERMÍNIO MONTEIRO DA SILVA,64,PSB,2022,-22.9321799,-47.0940896
1333,44019,RODRIGO LUIS DE BARROS ALMEIDA,70,UNIÃO,2022,-22.9321799,-47.0940896
1333,44220,ANDRE CRISTHIANO CAYRES RIBEIRO,81,UNIÃO,2022,-22.9321799,-47.0940896
1333,4433,KIM PATROCA KATAGUIRI,72,UNIÃO,2022,-22.9321799,-47.0940896
1333,44777,AUGUSTO ZACARIAS CORREA LEITE,34,UNIÃO,2022,-22.9321799,-47.0940896
1333,45,RODRIGO GARCIA,543,PSDB,2022,-22.9321799,-47.0940896
1333,4500,CARLOS HENRIQUE FOCESI SAMPAIO,135,PSDB,2022,-22.9321799,-47.0940896
1333,45200,CÉLIA CAMARGO LEÃO EDELMUTH,62,PSDB,2022,-22.9321799,-47.0940896
1333,45678,LUIZ HENRIQUE CIRILO,61,PSDB,2022,-22.9321799,-47.0940896
1333,5000,SÂMIA DE SOUZA BOMFIM,78,PSOL,2022,-22.9321799,-47.0940896
1333,50000,PAULA NUNES DOS SANTOS,51,PSOL,2022,-22.9321799,-47.0940896
1333,5010,GUILHERME CASTRO BOULOS,166,PSOL,2022,-22.9321799,-47.0940896
1333,50100,MARIANA CONTI TAKAHASHI,180,PSOL,2022,-22.9321799,-47.0940896
1333,5070,ERIKA SANTOS SILVA,60,PSOL,2022,-22.9321799,-47.0940896
1333,50789,CARLOS ALBERTO GIANNASI,42,PSOL,2022,-22.9321799,-47.0940896
1333,5088,SÔNIA BONE DE SOUSA SILVA SANTOS,35,PSOL,2022,-22.9321799,-47.0940896
1333,55400,MARTA MARIA FREIRE DA COSTA,57,PSD,2022,-22.9321799,-47.0940896
1333,55655,ARTUR CASSEB ORSI,75,PSD,2022,-22.9321799,-47.0940896
1333,65035,LECI BRANDÃO DA SILVA,44,PC DO B,2022,-22.9321799,-47.0940896
1333,6565,ORLANDO SILVA DE JESUS JUNIOR,33,PC DO B,2022,-22.9321799,-47.0940896
1333,800,VIVIAN MENDES DA SILVA,75,UP,2022,-22.9321799,-47.0940896
1333,9000,PABLO HENRIQUE COSTA MARÇAL,84,PROS,2022,-22.9321799,-47.0940896
1333,95,VOTO BRANCO,1942,,2022,-22.9321799,-47.0940896
1333,96,VOTO NULO,2525,,2022,-22.9321799,-47.0940896
1341,10,TARCISIO GOMES DE FREITAS,2016,REPUBLICANOS,2022,-22.9518836,-47.1866038
1341,1000,CELSO UBIRAJARA RUSSOMANNO,36,REPUBLICANOS,2022,-22.9518836,-47.1866038
1341,1010,MARCOS ANTONIO PEREIRA,94,REPUBLICANOS,2022,-22.9518836,-47.1866038
1341,10200,HIGOR DIEGO RALLA,558,REPUBLICANOS,2022,-22.9518836,-47.1866038
1341,1111,BRUNO MARCELLO DE OLIVEIRA LIMA,37,PP,2022,-22.9518836,-47.1866038
1341,13,FERNANDO HADDAD,1531,PT,2022,-22.9518836,-47.1866038
1341,13,Partido dos Trabalhadores,86,PT,2022,-22.9518836,-47.1866038
1341,13133,EDUARDO MATARAZZO SUPLICY,43,PT,2022,-22.9518836,-47.1866038
1341,1319,PEDRO TOURINHO DE SIQUEIRA,235,PT,2022,-22.9518836,-47.1866038
1341,13199,PAOLLA CATHERINE DOS SANTOS MIGUEL AGARD,36,PT,2022,-22.9518836,-47.1866038
1341,13651,PAULO BATISTA DOS REIS,54,PT,2022,-22.9518836,-47.1866038
1341,1380,JILMAR AUGUSTINHO TATTO,37,PT,2022,-22.9518836,-47.1866038
1341,155,EDSON APARECIDO DOS SANTOS,56,MDB,2022,-22.9518836,-47.1866038
1341,22,Partido Liberal,49,,2022,-22.9518836,-47.1866038
1341,2210,CARLA ZAMBELLI SALGADO DE OLIVEIRA,84,PL,2022,-22.9518836,-47.1866038
1341,222,MARCOS CESAR PONTES,916,PL,2022,-22.9518836,-47.1866038
1341,2222,EDUARDO NANTES BOLSONARO,103,PL,2022,-22.9518836,-47.1866038
1341,2233,PAULO ROBERTO FREIRE DA COSTA,54,PL,2022,-22.9518836,-47.1866038
1341,2250,RICARDO DE AQUINO SALLES,37,PL,2022,-22.9518836,-47.1866038
1341,2270,MARCO ANTONIO FELICIANO,35,PL,2022,-22.9518836,-47.1866038
1341,22922,VALERIA MULLER RAMOS BOLSONARO,42,PL,2022,-22.9518836,-47.1866038
1341,23000,RAFAEL FERNANDO ZIMBALDI,94,CIDADANIA,2022,-22.9518836,-47.1866038
1341,287,JANAINA CONCEIÇÃO PASCHOAL,30,PRTB,2022,-22.9518836,-47.1866038
1341,30,VINICIUS LAZZER POIT,38,NOVO,2022,-22.9518836,-47.1866038
1341,400,MÁRCIO LUIZ FRANÇA GOMES,597,PSB,2022,-22.9518836,-47.1866038
1341,4000,JONAS DONIZETTE FERREIRA,87,PSB,2022,-22.9518836,-47.1866038
1341,44220,ANDRE CRISTHIANO CAYRES RIBEIRO,31,UNIÃO,2022,-22.9518836,-47.1866038
1341,45,RODRIGO GARCIA,194,PSDB,2022,-22.9518836,-47.1866038
1341,4500,CARLOS HENRIQUE FOCESI SAMPAIO,63,PSDB,2022,-22.9518836,-47.1866038
1341,5010,GUILHERME CASTRO BOULOS,50,PSOL,2022,-22.9518836,-47.1866038
1341,50100,MARIANA CONTI TAKAHASHI,30,PSOL,2022,-22.9518836,-47.1866038
1341,9000,PABLO HENRIQUE COSTA MARÇAL,41,PROS,2022,-22.9518836,-47.1866038
1341,95,VOTO BRANCO,840,,2022,-22.9518836,-47.1866038
1341,96,VOTO NULO,891,,2022,-22.9518836,-47.1866038
1350,10,TARCISIO GOMES DE FREITAS,8802,REPUBLICANOS,2022,-22.9039688,-47.0983115
1350,1000,CELSO UBIRAJARA RUSSOMANNO,84,REPUBLICANOS,2022,-22.9039688,-47.0983115
1350,10123,GILMACI DOS SANTOS BARBOSA,54,REPUBLICANOS,2022,-22.9039688,-47.0983115
1350,10200,HIGOR DIEGO RALLA,100,REPUBLICANOS,2022,-22.9039688,-47.0983115
1350,10550,TOME ABDUCH,167,REPUBLICANOS,2022,-22.9039688,-47.0983115
1350,1078,BENEDITO ROBERTO ALVES FERREIRA,56,REPUBLICANOS,2022,-22.9039688,-47.0983115
1350,1111,BRUNO MARCELLO DE OLIVEIRA LIMA,165,PP,2022,-22.9039688,-47.0983115
1350,1112,ISRAEL NANTES SANTOS,56,PP,2022,-22.9039688,-47.0983115
1350,11777,ANTONIO ASSUNÇÃO DE OLIM,71,PP,2022,-22.9039688,-47.0983115
1350,12,ELVIS LEONARDO CEZAR,52,PDT,2022,-22.9039688,-47.0983115
1350,12,Partido Democrático Trabalhista,32,PDT,2022,-22.9039688,-47.0983115
1350,12200,WILSON KELLER DE MATOS,40,PDT,2022,-22.9039688,-47.0983115
1350,123,JOSÉ ALDO REBELO FIGUEIREDO,77,PDT,2022,-22.9039688,-47.0983115
1350,13,FERNANDO HADDAD,4798,PT,2022,-22.9039688,-47.0983115
1350,13,Partido dos Trabalhadores,275,PT,2022,-22.9039688,-47.0983115
1350,13121,ANA LUCIA LIPPAUS PERUGINI,47,PT,2022,-22.9039688,-47.0983115
1350,13123,MARIA IZABEL AZEVEDO NORONHA,43,PT,2022,-22.9039688,-47.0983115
1350,13133,EDUARDO MATARAZZO SUPLICY,254,PT,2022,-22.9039688,-47.0983115
1350,1319,PEDRO TOURINHO DE SIQUEIRA,401,PT,2022,-22.9039688,-47.0983115
1350,13199,PAOLLA CATHERINE DOS SANTOS MIGUEL AGARD,93,PT,2022,-22.9039688,-47.0983115
1350,1322,ARLINDO CHIGNALIA JUNIOR,58,PT,2022,-22.9039688,-47.0983115
1350,13300,WAGNER DE MELO ROMÃO,120,PT,2022,-22.9039688,-47.0983115
1350,13331,VERA LUCIA RODRIGUES DE FARIA,34,PT,2022,-22.9039688,-47.0983115
1350,1414,ADRILLES REIS JORGE,60,PTB,2022,-22.9039688,-47.0983115
1350,1500,MARIO PALUMBO JUNIOR,50,MDB,2022,-22.9039688,-47.0983115
1350,1536,ENRICO VAN BLARCUM DE GRAAFF MISASI,39,MDB,2022,-22.9039688,-47.0983115
1350,15363,JOSÉ ROGERIO SOARES DOS SANTOS,43,MDB,2022,-22.9039688,-47.0983115
1350,155,EDSON APARECIDO DOS SANTOS,308,MDB,2022,-22.9039688,-47.0983115
1350,1580,FÁBIO EDUARDO DE OLIVEIRA TERUEL,33,MDB,2022,-22.9039688,-47.0983115
1350,1587,ARNALDO SALVETTI PALACIO JUNIOR,94,MDB,2022,-22.9039688,-47.0983115
1350,1818,MARIA OSMARINA MARINA DA SILVA VAZ DE LIMA,113,REDE,2022,-22.9039688,-47.0983115
1350,1910,BRUNO AREVALO GANEM,52,PODE,2022,-22.9039688,-47.0983115
1350,19101,CLARICE CARASSOL AREVALO GANEM,52,PODE,2022,-22.9039688,-47.0983115
1350,1911,HENI OZI CUKIER,46,PODE,2022,-22.9039688,-47.0983115
1350,19519,EDUARDO DOS REIS MAGOGA,38,PODE,2022,-22.9039688,-47.0983115
1350,21,GABRIEL MAURILIO COLOMBO DE FREITAS,30,PCB,2022,-22.9039688,-47.0983115
1350,211,TITO FLAVIO BELLINI NOGUEIRA DE OLIVEIRA,38,PCB,2022,-22.9039688,-47.0983115
1350,22,Partido Liberal,295,,2022,-22.9039688,-47.0983115
1350,2200,JOSÉ AUGUSTO ROSA,38,PL,2022,-22.9039688,-47.0983115
1350,22000,DIMAS MECCA SAMPAIO,141,PL,2022,-22.9039688,-47.0983115
1350,22051,FABIANA DE LIMA BARROSO,30,PL,2022,-22.9039688,-47.0983115
1350,2208,MARIO LUIS FRIAS,104,PL,2022,-22.9039688,-47.0983115
1350,2210,CARLA ZAMBELLI SALGADO DE OLIVEIRA,681,PL,2022,-22.9039688,-47.0983115
1350,22100,BRUNO ZAMBELLI SALGADO,162,PL,2022,-22.9039688,-47.0983115
1350,22112,CARLOS CEZAR DA SILVA,47,PL,2022,-22.9039688,-47.0983115
1350,22120,GILDEVANIO ILSO DOS SANTOS DINIZ,108,PL,2022,-22.9039688,-47.0983115
1350,22138,ROBERVAL CONTE LOPES LIMA,50,PL,2022,-22.9039688,-47.0983115
1350,22180,RAQUEL KOBASHI GALLINATI LOMBARDI,37,PL,2022,-22.9039688,-47.0983115
1350,222,MARCOS CESAR PONTES,3975,PL,2022,-22.9039688,-47.0983115
1350,2222,EDUARDO NANTES BOLSONARO,372,PL,2022,-22.9039688,-47.0983115
1350,22222,MARCOS ROBERTO DAMASIO DA SILVA,48,PL,2022,-22.9039688,-47.0983115
1350,2233,PAULO ROBERTO FREIRE DA COSTA,59,PL,2022,-22.9039688,-47.0983115
1350,22343,THIAGO REIS AURICCHIO,34,PL,2022,-22.9039688,-47.0983115
1350,22422,PAULO JORGE MANSUR NETO,103,PL,2022,-22.9039688,-47.0983115
1350,2243,LUIZ PHILIPPE DE ORLEANS E BRAGANÇA,63,PL,2022,-22.9039688,-47.0983115
1350,2244,LUIZ CARLOS MOTTA,31,PL,2022,-22.9039688,-47.0983115
1350,22444,MATHEUS COIMBRA MARTINS DE AGUIAR,65,PL,2022,-22.9039688,-47.0983115
1350,2247,PAULO FRANCISCO MUNIZ BILYNSKYJ,38,PL,2022,-22.9039688,-47.0983115
1350,2250,RICARDO DE AQUINO SALLES,477,PL,2022,-22.9039688,-47.0983115
1350,22500,LUCAS DIEZ BOVE,108,PL,2022,-22.9039688,-47.0983115
1350,2274,JEFFERSON ALVES DE CAMPOS,38,PL,2022,-22.9039688,-47.0983115
1350,2276,MARSCHELO RODRIGO MARIN MECHE,52,PL,2022,-22.9039688,-47.0983115
1350,2290,GUILHERME MURARO DERRITE,73,PL,2022,-22.9039688,-47.0983115
1350,22922,VALERIA MULLER RAMOS BOLSONARO,353,PL,2022,-22.9039688,-47.0983115
1350,2300,MARCO ANTONIO VILLA,67,CIDADANIA,2022,-22.9039688,-47.0983115
1350,23000,RAFAEL FERNANDO ZIMBALDI,361,CIDADANIA,2022,-22.9039688,-47.0983115
1350,23456,ANTONIO DIRCEU DALBEN,75,CIDADANIA,2022,-22.9039688,-47.0983115
1350,23888,LI LI MIN,40,CIDADANIA,2022,-22.9039688,-47.0983115
1350,287,JANAINA CONCEIÇÃO PASCHOAL,357,PRTB,2022,-22.9039688,-47.0983115
1350,30,Partido Novo,122,NOVO,2022,-22.9039688,-47.0983115
1350,30,VINICIUS LAZZER POIT,163,NOVO,2022,-22.9039688,-47.0983115
1350,300,RICARDO LUIS MELLÃO,186,NOVO,2022,-22.9039688,-47.0983115
1350,3000,ALEXIS JOSEPH STEVERLYNCK FONTEYNE,91,NOVO,2022,-22.9039688,-47.0983115
1350,30130,MARIA CRISTINA DE OLIVEIRA,52,NOVO,2022,-22.9039688,-47.0983115
1350,3030,ADRIANA MIGUEL VENTURA,78,NOVO,2022,-22.9039688,-47.0983115
1350,30600,LEONARDO DE SIQUEIRA LIMA,33,NOVO,2022,-22.9039688,-47.0983115
1350,30730,HENRIQUE MAGALHÃES TEIXEIRA,110,NOVO,2022,-22.9039688,-47.0983115
1350,35352,FERNANDO LUIS COUTINHO NEVES,33,PMB,2022,-22.9039688,-47.0983115
1350,36190,ADRIANA SANCHES GALDEANO BORGO,67,AGIR,2022,-22.9039688,-47.0983115
1350,400,MÁRCIO LUIZ FRANÇA GOMES,1986,PSB,2022,-22.9039688,-47.0983115
1350,4000,JONAS DONIZETTE FERREIRA,378,PSB,2022,-22.9039688,-47.0983115
1350,40000,ANDRÉA WERNER SILVA BONOLI,59,PSB,2022,-22.9039688,-47.0983115
1350,4040,TABATA CLAUDIA AMARAL DE PONTES,166,PSB,2022,-22.9039688,-47.0983115
1350,40456,PERMÍNIO MONTEIRO DA SILVA,55,PSB,2022,-22.9039688,-47.0983115
1350,4400,ROSANGELA MARIA WOLFF DE QUADROS MORO,132,UNIÃO,2022,-22.9039688,-47.0983115
1350,44007,FELIPE SOUZA MURAKAMI DE FRANCO,35,UNIÃO,2022,-22.9039688,-47.0983115
1350,44019,RODRIGO LUIS DE BARROS ALMEIDA,49,UNIÃO,2022,-22.9039688,-47.0983115
1350,4407,FELIPE BECARI COMENALE,42,UNIÃO,2022,-22.9039688,-47.0983115
1350,4433,KIM PATROCA KATAGUIRI,119,UNIÃO,2022,-22.9039688,-47.0983115
1350,44777,AUGUSTO ZACARIAS CORREA LEITE,49,UNIÃO,2022,-22.9039688,-47.0983115
1350,45,Partido da Social Democracia Brasileira,42,PSDB,2022,-22.9039688,-47.0983115
1350,45,RODRIGO GARCIA,1129,PSDB,2022,-22.9039688,-47.0983115
1350,4500,CARLOS HENRIQUE FOCESI SAMPAIO,283,PSDB,2022,-22.9039688,-47.0983115
1350,45200,CÉLIA CAMARGO LEÃO EDELMUTH,189,PSDB,2022,-22.9039688,-47.0983115
1350,45678,LUIZ HENRIQUE CIRILO,152,PSDB,2022,-22.9039688,-47.0983115
1350,5000,SÂMIA DE SOUZA BOMFIM,103,PSOL,2022,-22.9039688,-47.0983115
1350,50000,PAULA NUNES DOS SANTOS,60,PSOL,2022,-22.9039688,-47.0983115
1350,5010,GUILHERME CASTRO BOULOS,292,PSOL,2022,-22.9039688,-47.0983115
1350,50100,MARIANA CONTI TAKAHASHI,307,PSOL,2022,-22.9039688,-47.0983115
1350,50110,EDIANE MARIA DO NASCIMENTO,40,PSOL,2022,-22.9039688,-47.0983115
1350,5070,ERIKA SANTOS SILVA,84,PSOL,2022,-22.9039688,-47.0983115
1350,50777,PAULO ROBERTO BUFALO,64,PSOL,2022,-22.9039688,-47.0983115
1350,50789,CARLOS ALBERTO GIANNASI,79,PSOL,2022,-22.9039688,-47.0983115
1350,5088,SÔNIA BONE DE SOUSA SILVA SANTOS,74,PSOL,2022,-22.9039688,-47.0983115
1350,5101,TERESINHA DE CARVALHO,45,PATRIOTA,2022,-22.9039688,-47.0983115
1350,55400,MARTA MARIA FREIRE DA COSTA,42,PSD,2022,-22.9039688,-47.0983115
1350,5555,GUILHERME CAMPOS JUNIOR,56,PSD,2022,-22.9039688,-47.0983115
1350,55655,ARTUR CASSEB ORSI,282,PSD,2022,-22.9039688,-47.0983115
1350,65035,LECI BRANDÃO DA SILVA,33,PC DO B,2022,-22.9039688,-47.0983115
1350,800,VIVIAN MENDES DA SILVA,101,UP,2022,-22.9039688,-47.0983115
1350,9000,PABLO HENRIQUE COSTA MARÇAL,64,PROS,2022,-22.9039688,-47.0983115
1350,9022,NISE HITOMI YAMAGUCHI,45,PROS,2022,-22.9039688,-47.0983115
1350,95,VOTO BRANCO,1788,,2022,-22.9039688,-47.0983115
1350,96,VOTO NULO,2371,,2022,-22.9039688,-47.0983115
1368,10,TARCISIO GOMES DE FREITAS,11479,REPUBLICANOS,2022,-22.983569,-47.1004165
1368,1000,CELSO UBIRAJARA RUSSOMANNO,145,REPUBLICANOS,2022,-22.983569,-47.1004165
1368,10099,LEONICE ALVES DA PAZ,68,REPUBLICANOS,2022,-22.983569,-47.1004165
1368,10123,GILMACI DOS SANTOS BARBOSA,134,REPUBLICANOS,2022,-22.983569,-47.1004165
1368,10200,HIGOR DIEGO RALLA,199,REPUBLICANOS,2022,-22.983569,-47.1004165
1368,10550,TOME ABDUCH,183,REPUBLICANOS,2022,-22.983569,-47.1004165
1368,1078,BENEDITO ROBERTO ALVES FERREIRA,135,REPUBLICANOS,2022,-22.983569,-47.1004165
1368,1099,ROBERTO ALVES DE LUCENA,43,REPUBLICANOS,2022,-22.983569,-47.1004165
1368,1111,BRUNO MARCELLO DE OLIVEIRA LIMA,207,PP,2022,-22.983569,-47.1004165
1368,1112,ISRAEL NANTES SANTOS,91,PP,2022,-22.983569,-47.1004165
1368,1122,CARLOS ALBERTO DA CUNHA,85,PP,2022,-22.983569,-47.1004165
1368,11777,ANTONIO ASSUNÇÃO DE OLIM,70,PP,2022,-22.983569,-47.1004165
1368,12,ELVIS LEONARDO CEZAR,79,PDT,2022,-22.983569,-47.1004165
1368,12,Partido Democrático Trabalhista,31,PDT,2022,-22.983569,-47.1004165
1368,12200,WILSON KELLER DE MATOS,31,PDT,2022,-22.983569,-47.1004165
1368,123,JOSÉ ALDO REBELO FIGUEIREDO,102,PDT,2022,-22.983569,-47.1004165
1368,13,FERNANDO HADDAD,6789,PT,2022,-22.983569,-47.1004165
1368,13,Partido dos Trabalhadores,379,PT,2022,-22.983569,-47.1004165
1368,13112,EVELYN SILVA DO NASCIMENTO VICENTE DA SILVA,74,PT,2022,-22.983569,-47.1004165
1368,13120,CARLOS ROBERTO DE OLIVEIRA,83,PT,2022,-22.983569,-47.1004165
1368,13121,ANA LUCIA LIPPAUS PERUGINI,91,PT,2022,-22.983569,-47.1004165
1368,13123,MARIA IZABEL AZEVEDO NORONHA,43,PT,2022,-22.983569,-47.1004165
1368,13133,EDUARDO MATARAZZO SUPLICY,312,PT,2022,-22.983569,-47.1004165
1368,13134,LUIZ FERNANDO TEIXEIRA FERREIRA,34,PT,2022,-22.983569,-47.1004165
1368,1319,PEDRO TOURINHO DE SIQUEIRA,704,PT,2022,-22.983569,-47.1004165
1368,13199,PAOLLA CATHERINE DOS SANTOS MIGUEL AGARD,133,PT,2022,-22.983569,-47.1004165
1368,13300,WAGNER DE MELO ROMÃO,77,PT,2022,-22.983569,-47.1004165
1368,13331,VERA LUCIA RODRIGUES DE FARIA,43,PT,2022,-22.983569,-47.1004165
1368,13651,PAULO BATISTA DOS REIS,50,PT,2022,-22.983569,-47.1004165
1368,13654,JANDYRA MASSUE UEHARA ALVES,77,PT,2022,-22.983569,-47.1004165
1368,1366,MARIANA CERGOLI JANEIRO,64,PT,2022,-22.983569,-47.1004165
1368,1380,JILMAR AUGUSTINHO TATTO,96,PT,2022,-22.983569,-47.1004165
1368,1414,ADRILLES REIS JORGE,42,PTB,2022,-22.983569,-47.1004165
1368,15,Movimento Democrático Brasileiro,44,,2022,-22.983569,-47.1004165
1368,1500,MARIO PALUMBO JUNIOR,58,MDB,2022,-22.983569,-47.1004165
1368,1536,ENRICO VAN BLARCUM DE GRAAFF MISASI,44,MDB,2022,-22.983569,-47.1004165
1368,15363,JOSÉ ROGERIO SOARES DOS SANTOS,43,MDB,2022,-22.983569,-47.1004165
1368,155,EDSON APARECIDO DOS SANTOS,411,MDB,2022,-22.983569,-47.1004165
1368,1580,FÁBIO EDUARDO DE OLIVEIRA TERUEL,48,MDB,2022,-22.983569,-47.1004165
1368,1587,ARNALDO SALVETTI PALACIO JUNIOR,171,MDB,2022,-22.983569,-47.1004165
1368,1818,MARIA OSMARINA MARINA DA SILVA VAZ DE LIMA,119,REDE,2022,-22.983569,-47.1004165
1368,1910,BRUNO AREVALO GANEM,81,PODE,2022,-22.983569,-47.1004165
1368,19101,CLARICE CARASSOL AREVALO GANEM,72,PODE,2022,-22.983569,-47.1004165
1368,1911,HENI OZI CUKIER,46,PODE,2022,-22.983569,-47.1004165
1368,19519,EDUARDO DOS REIS MAGOGA,46,PODE,2022,-22.983569,-47.1004165
1368,20123,HELIO DONIZETE ZANATTA,37,PSC,2022,-22.983569,-47.1004165
1368,2020,GILBERTO NASCIMENTO SILVA,50,PSC,2022,-22.983569,-47.1004165
1368,20320,JOSÉ CARLOS FURIOSO,56,PSC,2022,-22.983569,-47.1004165
1368,211,TITO FLAVIO BELLINI NOGUEIRA DE OLIVEIRA,34,PCB,2022,-22.983569,-47.1004165
1368,22,Partido Liberal,302,,2022,-22.983569,-47.1004165
1368,2200,JOSÉ AUGUSTO ROSA,47,PL,2022,-22.983569,-47.1004165
1368,22000,DIMAS MECCA SAMPAIO,166,PL,2022,-22.983569,-47.1004165
1368,2208,MARIO LUIS FRIAS,160,PL,2022,-22.983569,-47.1004165
1368,2210,CARLA ZAMBELLI SALGADO DE OLIVEIRA,767,PL,2022,-22.983569,-47.1004165
1368,22100,BRUNO ZAMBELLI SALGADO,212,PL,2022,-22.983569,-47.1004165
1368,22112,CARLOS CEZAR DA SILVA,102,PL,2022,-22.983569,-47.1004165
1368,22120,GILDEVANIO ILSO DOS SANTOS DINIZ,154,PL,2022,-22.983569,-47.1004165
1368,22138,ROBERVAL CONTE LOPES LIMA,83,PL,2022,-22.983569,-47.1004165
1368,22180,RAQUEL KOBASHI GALLINATI LOMBARDI,44,PL,2022,-22.983569,-47.1004165
1368,222,MARCOS CESAR PONTES,5285,PL,2022,-22.983569,-47.1004165
1368,2222,EDUARDO NANTES BOLSONARO,614,PL,2022,-22.983569,-47.1004165
1368,22222,MARCOS ROBERTO DAMASIO DA SILVA,61,PL,2022,-22.983569,-47.1004165
1368,2233,PAULO ROBERTO FREIRE DA COSTA,183,PL,2022,-22.983569,-47.1004165
1368,22422,PAULO JORGE MANSUR NETO,122,PL,2022,-22.983569,-47.1004165
1368,2243,LUIZ PHILIPPE DE ORLEANS E BRAGANÇA,60,PL,2022,-22.983569,-47.1004165
1368,22444,MATHEUS COIMBRA MARTINS DE AGUIAR,94,PL,2022,-22.983569,-47.1004165
1368,2247,PAULO FRANCISCO MUNIZ BILYNSKYJ,58,PL,2022,-22.983569,-47.1004165
1368,2250,RICARDO DE AQUINO SALLES,465,PL,2022,-22.983569,-47.1004165
1368,22500,LUCAS DIEZ BOVE,106,PL,2022,-22.983569,-47.1004165
1368,22555,FABIO ROGÉRIO CANDIDO,32,PL,2022,-22.983569,-47.1004165
1368,2270,MARCO ANTONIO FELICIANO,60,PL,2022,-22.983569,-47.1004165
1368,2274,JEFFERSON ALVES DE CAMPOS,83,PL,2022,-22.983569,-47.1004165
1368,2276,MARSCHELO RODRIGO MARIN MECHE,91,PL,2022,-22.983569,-47.1004165
1368,2290,GUILHERME MURARO DERRITE,107,PL,2022,-22.983569,-47.1004165
1368,22900,FLAVIO GONÇALVES DA COSTA,30,PL,2022,-22.983569,-47.1004165
1368,22922,VALERIA MULLER RAMOS BOLSONARO,451,PL,2022,-22.983569,-47.1004165
1368,2300,MARCO ANTONIO VILLA,73,CIDADANIA,2022,-22.983569,-47.1004165
1368,23000,RAFAEL FERNANDO ZIMBALDI,578,CIDADANIA,2022,-22.983569,-47.1004165
1368,23456,ANTONIO DIRCEU DALBEN,101,CIDADANIA,2022,-22.983569,-47.1004165
1368,23888,LI LI MIN,32,CIDADANIA,2022,-22.983569,-47.1004165
1368,2822,ROGERIO STRACIALANO PARADA,64,PRTB,2022,-22.983569,-47.1004165
1368,28357,MARDQUEU SILVIO FRANCA FILHO,31,PRTB,2022,-22.983569,-47.1004165
1368,287,JANAINA CONCEIÇÃO PASCHOAL,274,PRTB,2022,-22.983569,-47.1004165
1368,30,Partido Novo,112,NOVO,2022,-22.983569,-47.1004165
1368,30,VINICIUS LAZZER POIT,208,NOVO,2022,-22.983569,-47.1004165
1368,300,RICARDO LUIS MELLÃO,192,NOVO,2022,-22.983569,-47.1004165
1368,3000,ALEXIS JOSEPH STEVERLYNCK FONTEYNE,70,NOVO,2022,-22.983569,-47.1004165
1368,30130,MARIA CRISTINA DE OLIVEIRA,38,NOVO,2022,-22.983569,-47.1004165
1368,3030,ADRIANA MIGUEL VENTURA,82,NOVO,2022,-22.983569,-47.1004165
1368,30600,LEONARDO DE SIQUEIRA LIMA,37,NOVO,2022,-22.983569,-47.1004165
1368,30730,HENRIQUE MAGALHÃES TEIXEIRA,107,NOVO,2022,-22.983569,-47.1004165
1368,35352,FERNANDO LUIS COUTINHO NEVES,99,PMB,2022,-22.983569,-47.1004165
1368,36190,ADRIANA SANCHES GALDEANO BORGO,75,AGIR,2022,-22.983569,-47.1004165
1368,40,Partido Socialista Brasileiro,52,,2022,-22.983569,-47.1004165
1368,400,MÁRCIO LUIZ FRANÇA GOMES,2700,PSB,2022,-22.983569,-47.1004165
1368,4000,JONAS DONIZETTE FERREIRA,481,PSB,2022,-22.983569,-47.1004165
1368,40000,ANDRÉA WERNER SILVA BONOLI,55,PSB,2022,-22.983569,-47.1004165
1368,4040,TABATA CLAUDIA AMARAL DE PONTES,183,PSB,2022,-22.983569,-47.1004165
1368,40456,PERMÍNIO MONTEIRO DA SILVA,58,PSB,2022,-22.983569,-47.1004165
1368,4400,ROSANGELA MARIA WOLFF DE QUADROS MORO,120,UNIÃO,2022,-22.983569,-47.1004165
1368,44007,FELIPE SOUZA MURAKAMI DE FRANCO,49,UNIÃO,2022,-22.983569,-47.1004165
1368,44019,RODRIGO LUIS DE BARROS ALMEIDA,128,UNIÃO,2022,-22.983569,-47.1004165
1368,4407,FELIPE BECARI COMENALE,42,UNIÃO,2022,-22.983569,-47.1004165
1368,44077,RAFAEL SARAIVA GAIA,32,UNIÃO,2022,-22.983569,-47.1004165
1368,44220,ANDRE CRISTHIANO CAYRES RIBEIRO,68,UNIÃO,2022,-22.983569,-47.1004165
1368,4433,KIM PATROCA KATAGUIRI,178,UNIÃO,2022,-22.983569,-47.1004165
1368,4434,DOUGLAS DE PAULO VIEGAS,45,UNIÃO,2022,-22.983569,-47.1004165
1368,4444,ROBERTO SEBASTIÃO PETERNELLI JUNIOR,30,UNIÃO,2022,-22.983569,-47.1004165
1368,44777,AUGUSTO ZACARIAS CORREA LEITE,93,UNIÃO,2022,-22.983569,-47.1004165
1368,4488,CRISTIANO MOREIRA PINTO BERALDO,32,UNIÃO,2022,-22.983569,-47.1004165
1368,44999,RENATO DE SOUZA BATTISTA,38,UNIÃO,2022,-22.983569,-47.1004165
1368,45,Partido da Social Democracia Brasileira,48,PSDB,2022,-22.983569,-47.1004165
1368,45,RODRIGO GARCIA,1263,PSDB,2022,-22.983569,-47.1004165
1368,4500,CARLOS HENRIQUE FOCESI SAMPAIO,315,PSDB,2022,-22.983569,-47.1004165
1368,45200,CÉLIA CAMARGO LEÃO EDELMUTH,202,PSDB,2022,-22.983569,-47.1004165
1368,4545,JOSÉ SERRA,34,PSDB,2022,-22.983569,-47.1004165
1368,45678,LUIZ HENRIQUE CIRILO,111,PSDB,2022,-22.983569,-47.1004165
1368,5000,SÂMIA DE SOUZA BOMFIM,165,PSOL,2022,-22.983569,-47.1004165
1368,50000,PAULA NUNES DOS SANTOS,92,PSOL,2022,-22.983569,-47.1004165
1368,5010,GUILHERME CASTRO BOULOS,316,PSOL,2022,-22.983569,-47.1004165
1368,50100,MARIANA CONTI TAKAHASHI,334,PSOL,2022,-22.983569,-47.1004165
1368,50110,EDIANE MARIA DO NASCIMENTO,51,PSOL,2022,-22.983569,-47.1004165
1368,5070,ERIKA SANTOS SILVA,92,PSOL,2022,-22.983569,-47.1004165
1368,50777,PAULO ROBERTO BUFALO,79,PSOL,2022,-22.983569,-47.1004165
1368,50789,CARLOS ALBERTO GIANNASI,93,PSOL,2022,-22.983569,-47.1004165
1368,5088,SÔNIA BONE DE SOUSA SILVA SANTOS,99,PSOL,2022,-22.983569,-47.1004165
1368,50900,MÔNICA CRISTINA SEIXAS BONFIM,39,PSOL,2022,-22.983569,-47.1004165
1368,5101,TERESINHA DE CARVALHO,46,PATRIOTA,2022,-22.983569,-47.1004165
1368,55400,MARTA MARIA FREIRE DA COSTA,159,PSD,2022,-22.983569,-47.1004165
1368,5555,GUILHERME CAMPOS JUNIOR,50,PSD,2022,-22.983569,-47.1004165
1368,55655,ARTUR CASSEB ORSI,280,PSD,2022,-22.983569,-47.1004165
1368,6565,ORLANDO SILVA DE JESUS JUNIOR,64,PC DO B,2022,-22.983569,-47.1004165
1368,65656,MARCIA REGINA QUINTANILHA,36,PC DO B,2022,-22.983569,-47.1004165
1368,80,CAROLINA REJAILI VIGLIAR,44,UP,2022,-22.983569,-47.1004165
1368,800,VIVIAN MENDES DA SILVA,132,UP,2022,-22.983569,-47.1004165
1368,9000,PABLO HENRIQUE COSTA MARÇAL,152,PROS,2022,-22.983569,-47.1004165
1368,90000,NEZIO ANTONIO MONTEIRO FILHO,47,PROS,2022,-22.983569,-47.1004165
1368,9022,NISE HITOMI YAMAGUCHI,39,PROS,2022,-22.983569,-47.1004165
1368,95,VOTO BRANCO,3281,,2022,-22.983569,-47.1004165
1368,96,VOTO NULO,3834,,2022,-22.983569,-47.1004165
1376,10,TARCISIO GOMES DE FREITAS,4967,REPUBLICANOS,2022,-22.9919922,-47.1386093
1376,1000,CELSO UBIRAJARA RUSSOMANNO,73,REPUBLICANOS,2022,-22.9919922,-47.1386093
1376,10123,GILMACI DOS SANTOS BARBOSA,101,REPUBLICANOS,2022,-22.9919922,-47.1386093
1376,10200,HIGOR DIEGO RALLA,125,REPUBLICANOS,2022,-22.9919922,-47.1386093
1376,10550,TOME ABDUCH,70,REPUBLICANOS,2022,-22.9919922,-47.1386093
1376,1078,BENEDITO ROBERTO ALVES FERREIRA,107,REPUBLICANOS,2022,-22.9919922,-47.1386093
1376,1111,BRUNO MARCELLO DE OLIVEIRA LIMA,98,PP,2022,-22.9919922,-47.1386093
1376,1112,ISRAEL NANTES SANTOS,58,PP,2022,-22.9919922,-47.1386093
1376,12,ELVIS LEONARDO CEZAR,56,PDT,2022,-22.9919922,-47.1386093
1376,123,JOSÉ ALDO REBELO FIGUEIREDO,67,PDT,2022,-22.9919922,-47.1386093
1376,13,FERNANDO HADDAD,4053,PT,2022,-22.9919922,-47.1386093
1376,13,Partido dos Trabalhadores,214,PT,2022,-22.9919922,-47.1386093
1376,13112,EVELYN SILVA DO NASCIMENTO VICENTE DA SILVA,37,PT,2022,-22.9919922,-47.1386093
1376,13121,ANA LUCIA LIPPAUS PERUGINI,89,PT,2022,-22.9919922,-47.1386093
1376,13133,EDUARDO MATARAZZO SUPLICY,136,PT,2022,-22.9919922,-47.1386093
1376,1319,PEDRO TOURINHO DE SIQUEIRA,365,PT,2022,-22.9919922,-47.1386093
1376,13199,PAOLLA CATHERINE DOS SANTOS MIGUEL AGARD,87,PT,2022,-22.9919922,-47.1386093
1376,1322,ARLINDO CHIGNALIA JUNIOR,31,PT,2022,-22.9919922,-47.1386093
1376,1380,JILMAR AUGUSTINHO TATTO,144,PT,2022,-22.9919922,-47.1386093
1376,13800,JORGE DO CARMO SILVA,106,PT,2022,-22.9919922,-47.1386093
1376,155,EDSON APARECIDO DOS SANTOS,158,MDB,2022,-22.9919922,-47.1386093
1376,1580,FÁBIO EDUARDO DE OLIVEIRA TERUEL,37,MDB,2022,-22.9919922,-47.1386093
1376,1587,ARNALDO SALVETTI PALACIO JUNIOR,30,MDB,2022,-22.9919922,-47.1386093
1376,1818,MARIA OSMARINA MARINA DA SILVA VAZ DE LIMA,70,REDE,2022,-22.9919922,-47.1386093
1376,19519,EDUARDO DOS REIS MAGOGA,53,PODE,2022,-22.9919922,-47.1386093
1376,2020,GILBERTO NASCIMENTO SILVA,35,PSC,2022,-22.9919922,-47.1386093
1376,22,Partido Liberal,137,,2022,-22.9919922,-47.1386093
1376,22000,DIMAS MECCA SAMPAIO,44,PL,2022,-22.9919922,-47.1386093
1376,2208,MARIO LUIS FRIAS,56,PL,2022,-22.9919922,-47.1386093
1376,2210,CARLA ZAMBELLI SALGADO DE OLIVEIRA,269,PL,2022,-22.9919922,-47.1386093
1376,22100,BRUNO ZAMBELLI SALGADO,57,PL,2022,-22.9919922,-47.1386093
1376,22112,CARLOS CEZAR DA SILVA,41,PL,2022,-22.9919922,-47.1386093
1376,22120,GILDEVANIO ILSO DOS SANTOS DINIZ,56,PL,2022,-22.9919922,-47.1386093
1376,222,MARCOS CESAR PONTES,2269,PL,2022,-22.9919922,-47.1386093
1376,2222,EDUARDO NANTES BOLSONARO,261,PL,2022,-22.9919922,-47.1386093
1376,22222,MARCOS ROBERTO DAMASIO DA SILVA,49,PL,2022,-22.9919922,-47.1386093
1376,2233,PAULO ROBERTO FREIRE DA COSTA,118,PL,2022,-22.9919922,-47.1386093
1376,22422,PAULO JORGE MANSUR NETO,64,PL,2022,-22.9919922,-47.1386093
1376,22444,MATHEUS COIMBRA MARTINS DE AGUIAR,30,PL,2022,-22.9919922,-47.1386093
1376,2250,RICARDO DE AQUINO SALLES,163,PL,2022,-22.9919922,-47.1386093
1376,22500,LUCAS DIEZ BOVE,46,PL,2022,-22.9919922,-47.1386093
1376,2270,MARCO ANTONIO FELICIANO,39,PL,2022,-22.9919922,-47.1386093
1376,2276,MARSCHELO RODRIGO MARIN MECHE,32,PL,2022,-22.9919922,-47.1386093
1376,2290,GUILHERME MURARO DERRITE,45,PL,2022,-22.9919922,-47.1386093
1376,22922,VALERIA MULLER RAMOS BOLSONARO,138,PL,2022,-22.9919922,-47.1386093
1376,2300,MARCO ANTONIO VILLA,35,CIDADANIA,2022,-22.9919922,-47.1386093
1376,23000,RAFAEL FERNANDO ZIMBALDI,365,CIDADANIA,2022,-22.9919922,-47.1386093
1376,23456,ANTONIO DIRCEU DALBEN,38,CIDADANIA,2022,-22.9919922,-47.1386093
1376,287,JANAINA CONCEIÇÃO PASCHOAL,123,PRTB,2022,-22.9919922,-47.1386093
1376,30,Partido Novo,41,NOVO,2022,-22.9919922,-47.1386093
1376,30,VINICIUS LAZZER POIT,101,NOVO,2022,-22.9919922,-47.1386093
1376,300,RICARDO LUIS MELLÃO,88,NOVO,2022,-22.9919922,-47.1386093
1376,3000,ALEXIS JOSEPH STEVERLYNCK FONTEYNE,30,NOVO,2022,-22.9919922,-47.1386093
1376,3030,ADRIANA MIGUEL VENTURA,39,NOVO,2022,-22.9919922,-47.1386093
1376,30730,HENRIQUE MAGALHÃES TEIXEIRA,32,NOVO,2022,-22.9919922,-47.1386093
1376,40,Partido Socialista Brasileiro,44,,2022,-22.9919922,-47.1386093
1376,400,MÁRCIO LUIZ FRANÇA GOMES,1619,PSB,2022,-22.9919922,-47.1386093
1376,4000,JONAS DONIZETTE FERREIRA,234,PSB,2022,-22.9919922,-47.1386093
1376,40000,ANDRÉA WERNER SILVA BONOLI,38,PSB,2022,-22.9919922,-47.1386093
1376,4040,TABATA CLAUDIA AMARAL DE PONTES,84,PSB,2022,-22.9919922,-47.1386093
1376,40456,PERMÍNIO MONTEIRO DA SILVA,37,PSB,2022,-22.9919922,-47.1386093
1376,4400,ROSANGELA MARIA WOLFF DE QUADROS MORO,49,UNIÃO,2022,-22.9919922,-47.1386093
1376,44019,RODRIGO LUIS DE BARROS ALMEIDA,229,UNIÃO,2022,-22.9919922,-47.1386093
1376,44220,ANDRE CRISTHIANO CAYRES RIBEIRO,52,UNIÃO,2022,-22.9919922,-47.1386093
1376,4425,ALEXANDRE LEITE DA SILVA,35,UNIÃO,2022,-22.9919922,-47.1386093
1376,4433,KIM PATROCA KATAGUIRI,91,UNIÃO,2022,-22.9919922,-47.1386093
1376,44777,AUGUSTO ZACARIAS CORREA LEITE,41,UNIÃO,2022,-22.9919922,-47.1386093
1376,45,RODRIGO GARCIA,592,PSDB,2022,-22.9919922,-47.1386093
1376,4500,CARLOS HENRIQUE FOCESI SAMPAIO,164,PSDB,2022,-22.9919922,-47.1386093
1376,45200,CÉLIA CAMARGO LEÃO EDELMUTH,58,PSDB,2022,-22.9919922,-47.1386093
1376,45678,LUIZ HENRIQUE CIRILO,32,PSDB,2022,-22.9919922,-47.1386093
1376,5000,SÂMIA DE SOUZA BOMFIM,69,PSOL,2022,-22.9919922,-47.1386093
1376,50000,PAULA NUNES DOS SANTOS,42,PSOL,2022,-22.9919922,-47.1386093
1376,5010,GUILHERME CASTRO BOULOS,165,PSOL,2022,-22.9919922,-47.1386093
1376,50100,MARIANA CONTI TAKAHASHI,137,PSOL,2022,-22.9919922,-47.1386093
1376,5070,ERIKA SANTOS SILVA,44,PSOL,2022,-22.9919922,-47.1386093
1376,50777,PAULO ROBERTO BUFALO,32,PSOL,2022,-22.9919922,-47.1386093
1376,50789,CARLOS ALBERTO GIANNASI,32,PSOL,2022,-22.9919922,-47.1386093
1376,5088,SÔNIA BONE DE SOUSA SILVA SANTOS,33,PSOL,2022,-22.9919922,-47.1386093
1376,55400,MARTA MARIA FREIRE DA COSTA,90,PSD,2022,-22.9919922,-47.1386093
1376,55655,ARTUR CASSEB ORSI,127,PSD,2022,-22.9919922,-47.1386093
1376,6565,ORLANDO SILVA DE JESUS JUNIOR,78,PC DO B,2022,-22.9919922,-47.1386093
1376,65656,MARCIA REGINA QUINTANILHA,78,PC DO B,2022,-22.9919922,-47.1386093
1376,800,VIVIAN MENDES DA SILVA,63,UP,2022,-22.9919922,-47.1386093
1376,9000,PABLO HENRIQUE COSTA MARÇAL,76,PROS,2022,-22.9919922,-47.1386093
1376,95,VOTO BRANCO,2010,,2022,-22.9919922,-47.1386093
1376,96,VOTO NULO,2592,,2022,-22.9919922,-47.1386093
1384,10,TARCISIO GOMES DE FREITAS,5378,REPUBLICANOS,2022,-22.9670944,-47.1132622
1384,1000,CELSO UBIRAJARA RUSSOMANNO,87,REPUBLICANOS,2022,-22.9670944,-47.1132622
1384,1010,MARCOS ANTONIO PEREIRA,179,REPUBLICANOS,2022,-22.9670944,-47.1132622
1384,10123,GILMACI DOS SANTOS BARBOSA,81,REPUBLICANOS,2022,-22.9670944,-47.1132622
1384,10200,HIGOR DIEGO RALLA,1131,REPUBLICANOS,2022,-22.9670944,-47.1132622
1384,10550,TOME ABDUCH,54,REPUBLICANOS,2022,-22.9670944,-47.1132622
1384,1078,BENEDITO ROBERTO ALVES FERREIRA,105,REPUBLICANOS,2022,-22.9670944,-47.1132622
1384,1111,BRUNO MARCELLO DE OLIVEIRA LIMA,99,PP,2022,-22.9670944,-47.1132622
1384,1112,ISRAEL NANTES SANTOS,80,PP,2022,-22.9670944,-47.1132622
1384,12,ELVIS LEONARDO CEZAR,57,PDT,2022,-22.9670944,-47.1132622
1384,123,JOSÉ ALDO REBELO FIGUEIREDO,50,PDT,2022,-22.9670944,-47.1132622
1384,13,FERNANDO HADDAD,4062,PT,2022,-22.9670944,-47.1132622
1384,13,Partido dos Trabalhadores,241,PT,2022,-22.9670944,-47.1132622
1384,13121,ANA LUCIA LIPPAUS PERUGINI,49,PT,2022,-22.9670944,-47.1132622
1384,13133,EDUARDO MATARAZZO SUPLICY,143,PT,2022,-22.9670944,-47.1132622
1384,1319,PEDRO TOURINHO DE SIQUEIRA,491,PT,2022,-22.9670944,-47.1132622
1384,13199,PAOLLA CATHERINE DOS SANTOS MIGUEL AGARD,144,PT,2022,-22.9670944,-47.1132622
1384,13300,WAGNER DE MELO ROMÃO,33,PT,2022,-22.9670944,-47.1132622
1384,13651,PAULO BATISTA DOS REIS,62,PT,2022,-22.9670944,-47.1132622
1384,13654,JANDYRA MASSUE UEHARA ALVES,31,PT,2022,-22.9670944,-47.1132622
1384,1366,MARIANA CERGOLI JANEIRO,32,PT,2022,-22.9670944,-47.1132622
1384,1370,CARLOS ALBERTO ROLIM ZARATTINI,52,PT,2022,-22.9670944,-47.1132622
1384,1380,JILMAR AUGUSTINHO TATTO,43,PT,2022,-22.9670944,-47.1132622
1384,1389,ALFREDO ALVES CAVALCANTE,30,PT,2022,-22.9670944,-47.1132622
1384,155,EDSON APARECIDO DOS SANTOS,175,MDB,2022,-22.9670944,-47.1132622
1384,1587,ARNALDO SALVETTI PALACIO JUNIOR,62,MDB,2022,-22.9670944,-47.1132622
1384,1818,MARIA OSMARINA MARINA DA SILVA VAZ DE LIMA,53,REDE,2022,-22.9670944,-47.1132622
1384,1910,BRUNO AREVALO GANEM,30,PODE,2022,-22.9670944,-47.1132622
1384,1911,HENI OZI CUKIER,35,PODE,2022,-22.9670944,-47.1132622
1384,19519,EDUARDO DOS REIS MAGOGA,53,PODE,2022,-22.9670944,-47.1132622
1384,22,Partido Liberal,146,,2022,-22.9670944,-47.1132622
1384,22000,DIMAS MECCA SAMPAIO,65,PL,2022,-22.9670944,-47.1132622
1384,2208,MARIO LUIS FRIAS,52,PL,2022,-22.9670944,-47.1132622
1384,2210,CARLA ZAMBELLI SALGADO DE OLIVEIRA,271,PL,2022,-22.9670944,-47.1132622
1384,22100,BRUNO ZAMBELLI SALGADO,61,PL,2022,-22.9670944,-47.1132622
1384,22112,CARLOS CEZAR DA SILVA,38,PL,2022,-22.9670944,-47.1132622
1384,22120,GILDEVANIO ILSO DOS SANTOS DINIZ,46,PL,2022,-22.9670944,-47.1132622
1384,222,MARCOS CESAR PONTES,2480,PL,2022,-22.9670944,-47.1132622
1384,2222,EDUARDO NANTES BOLSONARO,289,PL,2022,-22.9670944,-47.1132622
1384,22222,MARCOS ROBERTO DAMASIO DA SILVA,34,PL,2022,-22.9670944,-47.1132622
1384,2233,PAULO ROBERTO FREIRE DA COSTA,105,PL,2022,-22.9670944,-47.1132622
1384,22422,PAULO JORGE MANSUR NETO,58,PL,2022,-22.9670944,-47.1132622
1384,2247,PAULO FRANCISCO MUNIZ BILYNSKYJ,30,PL,2022,-22.9670944,-47.1132622
1384,2250,RICARDO DE AQUINO SALLES,132,PL,2022,-22.9670944,-47.1132622
1384,2270,MARCO ANTONIO FELICIANO,64,PL,2022,-22.9670944,-47.1132622
1384,2274,JEFFERSON ALVES DE CAMPOS,40,PL,2022,-22.9670944,-47.1132622
1384,2276,MARSCHELO RODRIGO MARIN MECHE,53,PL,2022,-22.9670944,-47.1132622
1384,2290,GUILHERME MURARO DERRITE,54,PL,2022,-22.9670944,-47.1132622
1384,22922,VALERIA MULLER RAMOS BOLSONARO,137,PL,2022,-22.9670944,-47.1132622
1384,2300,MARCO ANTONIO VILLA,34,CIDADANIA,2022,-22.9670944,-47.1132622
1384,23000,RAFAEL FERNANDO ZIMBALDI,263,CIDADANIA,2022,-22.9670944,-47.1132622
1384,23456,ANTONIO DIRCEU DALBEN,41,CIDADANIA,2022,-22.9670944,-47.1132622
1384,287,JANAINA CONCEIÇÃO PASCHOAL,111,PRTB,2022,-22.9670944,-47.1132622
1384,30,Partido Novo,40,NOVO,2022,-22.9670944,-47.1132622
1384,30,VINICIUS LAZZER POIT,107,NOVO,2022,-22.9670944,-47.1132622
1384,300,RICARDO LUIS MELLÃO,80,NOVO,2022,-22.9670944,-47.1132622
1384,35555,DANILO RIDYER PALMA,32,PMB,2022,-22.9670944,-47.1132622
1384,36190,ADRIANA SANCHES GALDEANO BORGO,52,AGIR,2022,-22.9670944,-47.1132622
1384,40,Partido Socialista Brasileiro,34,,2022,-22.9670944,-47.1132622
1384,400,MÁRCIO LUIZ FRANÇA GOMES,1601,PSB,2022,-22.9670944,-47.1132622
1384,4000,JONAS DONIZETTE FERREIRA,203,PSB,2022,-22.9670944,-47.1132622
1384,4040,TABATA CLAUDIA AMARAL DE PONTES,61,PSB,2022,-22.9670944,-47.1132622
1384,40456,PERMÍNIO MONTEIRO DA SILVA,56,PSB,2022,-22.9670944,-47.1132622
1384,4400,ROSANGELA MARIA WOLFF DE QUADROS MORO,54,UNIÃO,2022,-22.9670944,-47.1132622
1384,44019,RODRIGO LUIS DE BARROS ALMEIDA,108,UNIÃO,2022,-22.9670944,-47.1132622
1384,4407,FELIPE BECARI COMENALE,32,UNIÃO,2022,-22.9670944,-47.1132622
1384,44220,ANDRE CRISTHIANO CAYRES RIBEIRO,31,UNIÃO,2022,-22.9670944,-47.1132622
1384,4425,ALEXANDRE LEITE DA SILVA,31,UNIÃO,2022,-22.9670944,-47.1132622
1384,4433,KIM PATROCA KATAGUIRI,111,UNIÃO,2022,-22.9670944,-47.1132622
1384,45,RODRIGO GARCIA,615,PSDB,2022,-22.9670944,-47.1132622
1384,4500,CARLOS HENRIQUE FOCESI SAMPAIO,144,PSDB,2022,-22.9670944,-47.1132622
1384,45200,CÉLIA CAMARGO LEÃO EDELMUTH,58,PSDB,2022,-22.9670944,-47.1132622
1384,45678,LUIZ HENRIQUE CIRILO,30,PSDB,2022,-22.9670944,-47.1132622
1384,5000,SÂMIA DE SOUZA BOMFIM,49,PSOL,2022,-22.9670944,-47.1132622
1384,50000,PAULA NUNES DOS SANTOS,39,PSOL,2022,-22.9670944,-47.1132622
1384,5010,GUILHERME CASTRO BOULOS,161,PSOL,2022,-22.9670944,-47.1132622
1384,50100,MARIANA CONTI TAKAHASHI,135,PSOL,2022,-22.9670944,-47.1132622
1384,5070,ERIKA SANTOS SILVA,53,PSOL,2022,-22.9670944,-47.1132622
1384,5088,SÔNIA BONE DE SOUSA SILVA SANTOS,32,PSOL,2022,-22.9670944,-47.1132622
1384,55400,MARTA MARIA FREIRE DA COSTA,63,PSD,2022,-22.9670944,-47.1132622
1384,55655,ARTUR CASSEB ORSI,106,PSD,2022,-22.9670944,-47.1132622
1384,7719,MARCELO HENRIQUE SILVA,50,SOLIDARIEDADE,2022,-22.9670944,-47.1132622
1384,800,VIVIAN MENDES DA SILVA,59,UP,2022,-22.9670944,-47.1132622
1384,9000,PABLO HENRIQUE COSTA MARÇAL,96,PROS,2022,-22.9670944,-47.1132622
1384,90000,NEZIO ANTONIO MONTEIRO FILHO,31,PROS,2022,-22.9670944,-47.1132622
1384,95,VOTO BRANCO,2120,,2022,-22.9670944,-47.1132622
1384,96,VOTO NULO,2529,,2022,-22.9670944,-47.1132622
1392,10,TARCISIO GOMES DE FREITAS,9370,REPUBLICANOS,2022,-22.8980947,-47.085241
1392,1000,CELSO UBIRAJARA RUSSOMANNO,101,REPUBLICANOS,2022,-22.8980947,-47.085241
1392,1010,MARCOS ANTONIO PEREIRA,121,REPUBLICANOS,2022,-22.8980947,-47.085241
1392,10123,GILMACI DOS SANTOS BARBOSA,122,REPUBLICANOS,2022,-22.8980947,-47.085241
1392,10200,HIGOR DIEGO RALLA,977,REPUBLICANOS,2022,-22.8980947,-47.085241
1392,1023,HENRIQUE STEIN SCIASCIO,33,REPUBLICANOS,2022,-22.8980947,-47.085241
1392,10550,TOME ABDUCH,152,REPUBLICANOS,2022,-22.8980947,-47.085241
1392,1078,BENEDITO ROBERTO ALVES FERREIRA,135,REPUBLICANOS,2022,-22.8980947,-47.085241
1392,1111,BRUNO MARCELLO DE OLIVEIRA LIMA,180,PP,2022,-22.8980947,-47.085241
1392,1112,ISRAEL NANTES SANTOS,68,PP,2022,-22.8980947,-47.085241
1392,11190,RAFAEL HENRIQUE CANO TELHADA,31,PP,2022,-22.8980947,-47.085241
1392,1122,CARLOS ALBERTO DA CUNHA,58,PP,2022,-22.8980947,-47.085241
1392,11777,ANTONIO ASSUNÇÃO DE OLIM,57,PP,2022,-22.8980947,-47.085241
1392,12,ELVIS LEONARDO CEZAR,57,PDT,2022,-22.8980947,-47.085241
1392,12,Partido Democrático Trabalhista,40,PDT,2022,-22.8980947,-47.085241
1392,123,JOSÉ ALDO REBELO FIGUEIREDO,105,PDT,2022,-22.8980947,-47.085241
1392,13,FERNANDO HADDAD,6471,PT,2022,-22.8980947,-47.085241
1392,13,Partido dos Trabalhadores,350,PT,2022,-22.8980947,-47.085241
1392,13121,ANA LUCIA LIPPAUS PERUGINI,73,PT,2022,-22.8980947,-47.085241
1392,1313,RUI GOETHE DA COSTA FALCÃO,37,PT,2022,-22.8980947,-47.085241
1392,13133,EDUARDO MATARAZZO SUPLICY,245,PT,2022,-22.8980947,-47.085241
1392,13134,LUIZ FERNANDO TEIXEIRA FERREIRA,39,PT,2022,-22.8980947,-47.085241
1392,1319,PEDRO TOURINHO DE SIQUEIRA,706,PT,2022,-22.8980947,-47.085241
1392,13199,PAOLLA CATHERINE DOS SANTOS MIGUEL AGARD,166,PT,2022,-22.8980947,-47.085241
1392,1322,ARLINDO CHIGNALIA JUNIOR,36,PT,2022,-22.8980947,-47.085241
1392,13300,WAGNER DE MELO ROMÃO,86,PT,2022,-22.8980947,-47.085241
1392,13331,VERA LUCIA RODRIGUES DE FARIA,43,PT,2022,-22.8980947,-47.085241
1392,13651,PAULO BATISTA DOS REIS,118,PT,2022,-22.8980947,-47.085241
1392,1366,MARIANA CERGOLI JANEIRO,38,PT,2022,-22.8980947,-47.085241
1392,1370,CARLOS ALBERTO ROLIM ZARATTINI,33,PT,2022,-22.8980947,-47.085241
1392,1380,JILMAR AUGUSTINHO TATTO,109,PT,2022,-22.8980947,-47.085241
1392,1414,ADRILLES REIS JORGE,66,PTB,2022,-22.8980947,-47.085241
1392,1500,MARIO PALUMBO JUNIOR,50,MDB,2022,-22.8980947,-47.085241
1392,155,EDSON APARECIDO DOS SANTOS,336,MDB,2022,-22.8980947,-47.085241
1392,1580,FÁBIO EDUARDO DE OLIVEIRA TERUEL,42,MDB,2022,-22.8980947,-47.085241
1392,1587,ARNALDO SALVETTI PALACIO JUNIOR,92,MDB,2022,-22.8980947,-47.085241
1392,18000,MARINA MEDEIROS HELOU,33,REDE,2022,-22.8980947,-47.085241
1392,1818,MARIA OSMARINA MARINA DA SILVA VAZ DE LIMA,105,REDE,2022,-22.8980947,-47.085241
1392,1877,RICARDO MAGNUS OSÓRIO GALVÃO,31,REDE,2022,-22.8980947,-47.085241
1392,1910,BRUNO AREVALO GANEM,58,PODE,2022,-22.8980947,-47.085241
1392,19101,CLARICE CARASSOL AREVALO GANEM,36,PODE,2022,-22.8980947,-47.085241
1392,1911,HENI OZI CUKIER,47,PODE,2022,-22.8980947,-47.085241
1392,19519,EDUARDO DOS REIS MAGOGA,40,PODE,2022,-22.8980947,-47.085241
1392,2020,GILBERTO NASCIMENTO SILVA,58,PSC,2022,-22.8980947,-47.085241
1392,20900,PAULO SERGIO GALTERIO,33,PSC,2022,-22.8980947,-47.085241
1392,22,Partido Liberal,270,,2022,-22.8980947,-47.085241
1392,2200,JOSÉ AUGUSTO ROSA,32,PL,2022,-22.8980947,-47.085241
1392,22000,DIMAS MECCA SAMPAIO,84,PL,2022,-22.8980947,-47.085241
1392,22007,DANILO MASCARENHAS DE BALAS,32,PL,2022,-22.8980947,-47.085241
1392,2208,MARIO LUIS FRIAS,109,PL,2022,-22.8980947,-47.085241
1392,2210,CARLA ZAMBELLI SALGADO DE OLIVEIRA,635,PL,2022,-22.8980947,-47.085241
1392,22100,BRUNO ZAMBELLI SALGADO,163,PL,2022,-22.8980947,-47.085241
1392,22112,CARLOS CEZAR DA SILVA,34,PL,2022,-22.8980947,-47.085241
1392,22120,GILDEVANIO ILSO DOS SANTOS DINIZ,110,PL,2022,-22.8980947,-47.085241
1392,22138,ROBERVAL CONTE LOPES LIMA,55,PL,2022,-22.8980947,-47.085241
1392,222,MARCOS CESAR PONTES,4303,PL,2022,-22.8980947,-47.085241
1392,2222,EDUARDO NANTES BOLSONARO,508,PL,2022,-22.8980947,-47.085241
1392,22222,MARCOS ROBERTO DAMASIO DA SILVA,70,PL,2022,-22.8980947,-47.085241
1392,2233,PAULO ROBERTO FREIRE DA COSTA,152,PL,2022,-22.8980947,-47.085241
1392,22422,PAULO JORGE MANSUR NETO,80,PL,2022,-22.8980947,-47.085241
1392,2243,LUIZ PHILIPPE DE ORLEANS E BRAGANÇA,62,PL,2022,-22.8980947,-47.085241
1392,22444,MATHEUS COIMBRA MARTINS DE AGUIAR,41,PL,2022,-22.8980947,-47.085241
1392,2247,PAULO FRANCISCO MUNIZ BILYNSKYJ,48,PL,2022,-22.8980947,-47.085241
1392,2250,RICARDO DE AQUINO SALLES,316,PL,2022,-22.8980947,-47.085241
1392,22500,LUCAS DIEZ BOVE,60,PL,2022,-22.8980947,-47.085241
1392,2270,MARCO ANTONIO FELICIANO,65,PL,2022,-22.8980947,-47.085241
1392,2274,JEFFERSON ALVES DE CAMPOS,33,PL,2022,-22.8980947,-47.085241
1392,2290,GUILHERME MURARO DERRITE,83,PL,2022,-22.8980947,-47.085241
1392,22922,VALERIA MULLER RAMOS BOLSONARO,288,PL,2022,-22.8980947,-47.085241
1392,2300,MARCO ANTONIO VILLA,62,CIDADANIA,2022,-22.8980947,-47.085241
1392,23000,RAFAEL FERNANDO ZIMBALDI,457,CIDADANIA,2022,-22.8980947,-47.085241
1392,23456,ANTONIO DIRCEU DALBEN,49,CIDADANIA,2022,-22.8980947,-47.085241
1392,2822,ROGERIO STRACIALANO PARADA,42,PRTB,2022,-22.8980947,-47.085241
1392,287,JANAINA CONCEIÇÃO PASCHOAL,291,PRTB,2022,-22.8980947,-47.085241
1392,30,Partido Novo,106,NOVO,2022,-22.8980947,-47.085241
1392,30,VINICIUS LAZZER POIT,207,NOVO,2022,-22.8980947,-47.085241
1392,300,RICARDO LUIS MELLÃO,176,NOVO,2022,-22.8980947,-47.085241
1392,3000,ALEXIS JOSEPH STEVERLYNCK FONTEYNE,64,NOVO,2022,-22.8980947,-47.085241
1392,3030,ADRIANA MIGUEL VENTURA,68,NOVO,2022,-22.8980947,-47.085241
1392,30600,LEONARDO DE SIQUEIRA LIMA,31,NOVO,2022,-22.8980947,-47.085241
1392,30730,HENRIQUE MAGALHÃES TEIXEIRA,77,NOVO,2022,-22.8980947,-47.085241
1392,35352,FERNANDO LUIS COUTINHO NEVES,62,PMB,2022,-22.8980947,-47.085241
1392,40,Partido Socialista Brasileiro,74,,2022,-22.8980947,-47.085241
1392,400,MÁRCIO LUIZ FRANÇA GOMES,2580,PSB,2022,-22.8980947,-47.085241
1392,4000,JONAS DONIZETTE FERREIRA,407,PSB,2022,-22.8980947,-47.085241
1392,40000,ANDRÉA WERNER SILVA BONOLI,78,PSB,2022,-22.8980947,-47.085241
1392,4040,TABATA CLAUDIA AMARAL DE PONTES,142,PSB,2022,-22.8980947,-47.085241
1392,40456,PERMÍNIO MONTEIRO DA SILVA,53,PSB,2022,-22.8980947,-47.085241
1392,4400,ROSANGELA MARIA WOLFF DE QUADROS MORO,132,UNIÃO,2022,-22.8980947,-47.085241
1392,44007,FELIPE SOUZA MURAKAMI DE FRANCO,37,UNIÃO,2022,-22.8980947,-47.085241
1392,44019,RODRIGO LUIS DE BARROS ALMEIDA,397,UNIÃO,2022,-22.8980947,-47.085241
1392,4407,FELIPE BECARI COMENALE,43,UNIÃO,2022,-22.8980947,-47.085241
1392,44220,ANDRE CRISTHIANO CAYRES RIBEIRO,45,UNIÃO,2022,-22.8980947,-47.085241
1392,4425,ALEXANDRE LEITE DA SILVA,61,UNIÃO,2022,-22.8980947,-47.085241
1392,4433,KIM PATROCA KATAGUIRI,131,UNIÃO,2022,-22.8980947,-47.085241
1392,44777,AUGUSTO ZACARIAS CORREA LEITE,66,UNIÃO,2022,-22.8980947,-47.085241
1392,45,Partido da Social Democracia Brasileira,53,PSDB,2022,-22.8980947,-47.085241
1392,45,RODRIGO GARCIA,1246,PSDB,2022,-22.8980947,-47.085241
1392,4500,CARLOS HENRIQUE FOCESI SAMPAIO,313,PSDB,2022,-22.8980947,-47.085241
1392,45200,CÉLIA CAMARGO LEÃO EDELMUTH,154,PSDB,2022,-22.8980947,-47.085241
1392,45678,LUIZ HENRIQUE CIRILO,78,PSDB,2022,-22.8980947,-47.085241
1392,5000,SÂMIA DE SOUZA BOMFIM,126,PSOL,2022,-22.8980947,-47.085241
1392,50000,PAULA NUNES DOS SANTOS,56,PSOL,2022,-22.8980947,-47.085241
1392,5010,GUILHERME CASTRO BOULOS,318,PSOL,2022,-22.8980947,-47.085241
1392,50100,MARIANA CONTI TAKAHASHI,310,PSOL,2022,-22.8980947,-47.085241
1392,50110,EDIANE MARIA DO NASCIMENTO,32,PSOL,2022,-22.8980947,-47.085241
1392,5070,ERIKA SANTOS SILVA,75,PSOL,2022,-22.8980947,-47.085241
1392,50777,PAULO ROBERTO BUFALO,67,PSOL,2022,-22.8980947,-47.085241
1392,50789,CARLOS ALBERTO GIANNASI,78,PSOL,2022,-22.8980947,-47.085241
1392,5088,SÔNIA BONE DE SOUSA SILVA SANTOS,72,PSOL,2022,-22.8980947,-47.085241
1392,5101,TERESINHA DE CARVALHO,31,PATRIOTA,2022,-22.8980947,-47.085241
1392,55400,MARTA MARIA FREIRE DA COSTA,100,PSD,2022,-22.8980947,-47.085241
1392,5553,ELIEL MIRANDA,34,PSD,2022,-22.8980947,-47.085241
1392,5555,GUILHERME CAMPOS JUNIOR,30,PSD,2022,-22.8980947,-47.085241
1392,55655,ARTUR CASSEB ORSI,196,PSD,2022,-22.8980947,-47.085241
1392,65035,LECI BRANDÃO DA SILVA,35,PC DO B,2022,-22.8980947,-47.085241
1392,6565,ORLANDO SILVA DE JESUS JUNIOR,35,PC DO B,2022,-22.8980947,-47.085241
1392,7719,MARCELO HENRIQUE SILVA,46,SOLIDARIEDADE,2022,-22.8980947,-47.085241
1392,80,CAROLINA REJAILI VIGLIAR,37,UP,2022,-22.8980947,-47.085241
1392,800,VIVIAN MENDES DA SILVA,104,UP,2022,-22.8980947,-47.085241
1392,9000,PABLO HENRIQUE COSTA MARÇAL,115,PROS,2022,-22.8980947,-47.085241
1392,95,VOTO BRANCO,3024,,2022,-22.8980947,-47.085241
1392,96,VOTO NULO,3370,,2022,-22.8980947,-47.085241
1406,10,TARCISIO GOMES DE FREITAS,4573,REPUBLICANOS,2022,-22.9736544,-47.1079495
1406,1000,CELSO UBIRAJARA RUSSOMANNO,77,REPUBLICANOS,2022,-22.9736544,-47.1079495
1406,10099,LEONICE ALVES DA PAZ,50,REPUBLICANOS,2022,-22.9736544,-47.1079495
1406,1010,MARCOS ANTONIO PEREIRA,77,REPUBLICANOS,2022,-22.9736544,-47.1079495
1406,10123,GILMACI DOS SANTOS BARBOSA,82,REPUBLICANOS,2022,-22.9736544,-47.1079495
1406,1020,LUIS CLAUDIO FERNANDES MIRANDA,33,REPUBLICANOS,2022,-22.9736544,-47.1079495
1406,10200,HIGOR DIEGO RALLA,840,REPUBLICANOS,2022,-22.9736544,-47.1079495
1406,1023,HENRIQUE STEIN SCIASCIO,32,REPUBLICANOS,2022,-22.9736544,-47.1079495
1406,1078,BENEDITO ROBERTO ALVES FERREIRA,86,REPUBLICANOS,2022,-22.9736544,-47.1079495
1406,1099,ROBERTO ALVES DE LUCENA,34,REPUBLICANOS,2022,-22.9736544,-47.1079495
1406,1111,BRUNO MARCELLO DE OLIVEIRA LIMA,72,PP,2022,-22.9736544,-47.1079495
1406,1112,ISRAEL NANTES SANTOS,70,PP,2022,-22.9736544,-47.1079495
1406,1122,CARLOS ALBERTO DA CUNHA,36,PP,2022,-22.9736544,-47.1079495
1406,12,ELVIS LEONARDO CEZAR,45,PDT,2022,-22.9736544,-47.1079495
1406,123,JOSÉ ALDO REBELO FIGUEIREDO,44,PDT,2022,-22.9736544,-47.1079495
1406,13,FERNANDO HADDAD,4388,PT,2022,-22.9736544,-47.1079495
1406,13,Partido dos Trabalhadores,244,PT,2022,-22.9736544,-47.1079495
1406,13112,EVELYN SILVA DO NASCIMENTO VICENTE DA SILVA,54,PT,2022,-22.9736544,-47.1079495
1406,13120,CARLOS ROBERTO DE OLIVEIRA,58,PT,2022,-22.9736544,-47.1079495
1406,13121,ANA LUCIA LIPPAUS PERUGINI,37,PT,2022,-22.9736544,-47.1079495
1406,13123,MARIA IZABEL AZEVEDO NORONHA,31,PT,2022,-22.9736544,-47.1079495
1406,13133,EDUARDO MATARAZZO SUPLICY,86,PT,2022,-22.9736544,-47.1079495
1406,13134,LUIZ FERNANDO TEIXEIRA FERREIRA,79,PT,2022,-22.9736544,-47.1079495
1406,1319,PEDRO TOURINHO DE SIQUEIRA,597,PT,2022,-22.9736544,-47.1079495
1406,13199,PAOLLA CATHERINE DOS SANTOS MIGUEL AGARD,91,PT,2022,-22.9736544,-47.1079495
1406,13651,PAULO BATISTA DOS REIS,187,PT,2022,-22.9736544,-47.1079495
1406,1366,MARIANA CERGOLI JANEIRO,90,PT,2022,-22.9736544,-47.1079495
1406,1370,CARLOS ALBERTO ROLIM ZARATTINI,66,PT,2022,-22.9736544,-47.1079495
1406,13700,ANTONIO DONATO MADORMO,36,PT,2022,-22.9736544,-47.1079495
1406,1380,JILMAR AUGUSTINHO TATTO,138,PT,2022,-22.9736544,-47.1079495
1406,155,EDSON APARECIDO DOS SANTOS,170,MDB,2022,-22.9736544,-47.1079495
1406,1587,ARNALDO SALVETTI PALACIO JUNIOR,53,MDB,2022,-22.9736544,-47.1079495
1406,1818,MARIA OSMARINA MARINA DA SILVA VAZ DE LIMA,42,REDE,2022,-22.9736544,-47.1079495
1406,19519,EDUARDO DOS REIS MAGOGA,145,PODE,2022,-22.9736544,-47.1079495
1406,22,Partido Liberal,109,,2022,-22.9736544,-47.1079495
1406,22000,DIMAS MECCA SAMPAIO,32,PL,2022,-22.9736544,-47.1079495
1406,2208,MARIO LUIS FRIAS,33,PL,2022,-22.9736544,-47.1079495
1406,2210,CARLA ZAMBELLI SALGADO DE OLIVEIRA,195,PL,2022,-22.9736544,-47.1079495
1406,22100,BRUNO ZAMBELLI SALGADO,30,PL,2022,-22.9736544,-47.1079495
1406,22112,CARLOS CEZAR DA SILVA,34,PL,2022,-22.9736544,-47.1079495
1406,222,MARCOS CESAR PONTES,2036,PL,2022,-22.9736544,-47.1079495
1406,2222,EDUARDO NANTES BOLSONARO,239,PL,2022,-22.9736544,-47.1079495
1406,22222,MARCOS ROBERTO DAMASIO DA SILVA,36,PL,2022,-22.9736544,-47.1079495
1406,2233,PAULO ROBERTO FREIRE DA COSTA,184,PL,2022,-22.9736544,-47.1079495
1406,22422,PAULO JORGE MANSUR NETO,46,PL,2022,-22.9736544,-47.1079495
1406,2250,RICARDO DE AQUINO SALLES,95,PL,2022,-22.9736544,-47.1079495
1406,2251,ADILSON BARROSO OLIVEIRA,32,PL,2022,-22.9736544,-47.1079495
1406,2270,MARCO ANTONIO FELICIANO,77,PL,2022,-22.9736544,-47.1079495
1406,2274,JEFFERSON ALVES DE CAMPOS,31,PL,2022,-22.9736544,-47.1079495
1406,2290,GUILHERME MURARO DERRITE,34,PL,2022,-22.9736544,-47.1079495
1406,22922,VALERIA MULLER RAMOS BOLSONARO,113,PL,2022,-22.9736544,-47.1079495
1406,23000,RAFAEL FERNANDO ZIMBALDI,195,CIDADANIA,2022,-22.9736544,-47.1079495
1406,23456,ANTONIO DIRCEU DALBEN,68,CIDADANIA,2022,-22.9736544,-47.1079495
1406,287,JANAINA CONCEIÇÃO PASCHOAL,77,PRTB,2022,-22.9736544,-47.1079495
1406,30,VINICIUS LAZZER POIT,62,NOVO,2022,-22.9736544,-47.1079495
1406,300,RICARDO LUIS MELLÃO,45,NOVO,2022,-22.9736544,-47.1079495
1406,40,Partido Socialista Brasileiro,52,,2022,-22.9736544,-47.1079495
1406,400,MÁRCIO LUIZ FRANÇA GOMES,1666,PSB,2022,-22.9736544,-47.1079495
1406,4000,JONAS DONIZETTE FERREIRA,237,PSB,2022,-22.9736544,-47.1079495
1406,40456,PERMÍNIO MONTEIRO DA SILVA,36,PSB,2022,-22.9736544,-47.1079495
1406,44019,RODRIGO LUIS DE BARROS ALMEIDA,50,UNIÃO,2022,-22.9736544,-47.1079495
1406,44220,ANDRE CRISTHIANO CAYRES RIBEIRO,61,UNIÃO,2022,-22.9736544,-47.1079495
1406,4433,KIM PATROCA KATAGUIRI,56,UNIÃO,2022,-22.9736544,-47.1079495
1406,44777,AUGUSTO ZACARIAS CORREA LEITE,31,UNIÃO,2022,-22.9736544,-47.1079495
1406,45,RODRIGO GARCIA,446,PSDB,2022,-22.9736544,-47.1079495
1406,4500,CARLOS HENRIQUE FOCESI SAMPAIO,111,PSDB,2022,-22.9736544,-47.1079495
1406,45200,CÉLIA CAMARGO LEÃO EDELMUTH,47,PSDB,2022,-22.9736544,-47.1079495
1406,5000,SÂMIA DE SOUZA BOMFIM,47,PSOL,2022,-22.9736544,-47.1079495
1406,5010,GUILHERME CASTRO BOULOS,115,PSOL,2022,-22.9736544,-47.1079495
1406,50100,MARIANA CONTI TAKAHASHI,108,PSOL,2022,-22.9736544,-47.1079495
1406,5070,ERIKA SANTOS SILVA,50,PSOL,2022,-22.9736544,-47.1079495
1406,55400,MARTA MARIA FREIRE DA COSTA,143,PSD,2022,-22.9736544,-47.1079495
1406,55655,ARTUR CASSEB ORSI,83,PSD,2022,-22.9736544,-47.1079495
1406,6565,ORLANDO SILVA DE JESUS JUNIOR,31,PC DO B,2022,-22.9736544,-47.1079495
1406,77040,ADILSON DE SOUZA ROCHA,43,SOLIDARIEDADE,2022,-22.9736544,-47.1079495
1406,7719,MARCELO HENRIQUE SILVA,52,SOLIDARIEDADE,2022,-22.9736544,-47.1079495
1406,800,VIVIAN MENDES DA SILVA,48,UP,2022,-22.9736544,-47.1079495
1406,9000,PABLO HENRIQUE COSTA MARÇAL,94,PROS,2022,-22.9736544,-47.1079495
1406,95,VOTO BRANCO,2458,,2022,-22.9736544,-47.1079495
1406,96,VOTO NULO,2367,,2022,-22.9736544,-47.1079495
1414,10,TARCISIO GOMES DE FREITAS,9986,REPUBLICANOS,2022,-22.8674823,-47.151634
1414,1000,CELSO UBIRAJARA RUSSOMANNO,193,REPUBLICANOS,2022,-22.8674823,-47.151634
1414,10099,LEONICE ALVES DA PAZ,50,REPUBLICANOS,2022,-22.8674823,-47.151634
1414,1010,MARCOS ANTONIO PEREIRA,209,REPUBLICANOS,2022,-22.8674823,-47.151634
1414,10123,GILMACI DOS SANTOS BARBOSA,151,REPUBLICANOS,2022,-22.8674823,-47.151634
1414,1020,LUIS CLAUDIO FERNANDES MIRANDA,52,REPUBLICANOS,2022,-22.8674823,-47.151634
1414,10200,HIGOR DIEGO RALLA,1431,REPUBLICANOS,2022,-22.8674823,-47.151634
1414,1023,HENRIQUE STEIN SCIASCIO,44,REPUBLICANOS,2022,-22.8674823,-47.151634
1414,10550,TOME ABDUCH,70,REPUBLICANOS,2022,-22.8674823,-47.151634
1414,1078,BENEDITO ROBERTO ALVES FERREIRA,168,REPUBLICANOS,2022,-22.8674823,-47.151634
1414,1099,ROBERTO ALVES DE LUCENA,39,REPUBLICANOS,2022,-22.8674823,-47.151634
1414,1111,BRUNO MARCELLO DE OLIVEIRA LIMA,223,PP,2022,-22.8674823,-47.151634
1414,1112,ISRAEL NANTES SANTOS,110,PP,2022,-22.8674823,-47.151634
1414,11190,RAFAEL HENRIQUE CANO TELHADA,36,PP,2022,-22.8674823,-47.151634
1414,1122,CARLOS ALBERTO DA CUNHA,99,PP,2022,-22.8674823,-47.151634
1414,12,ELVIS LEONARDO CEZAR,80,PDT,2022,-22.8674823,-47.151634
1414,12,Partido Democrático Trabalhista,39,PDT,2022,-22.8674823,-47.151634
1414,123,JOSÉ ALDO REBELO FIGUEIREDO,106,PDT,2022,-22.8674823,-47.151634
1414,13,FERNANDO HADDAD,8229,PT,2022,-22.8674823,-47.151634
1414,13,Partido dos Trabalhadores,468,PT,2022,-22.8674823,-47.151634
1414,13112,EVELYN SILVA DO NASCIMENTO VICENTE DA SILVA,54,PT,2022,-22.8674823,-47.151634
1414,13113,MARCIA APARECIDA OVEJANEDA LIA,38,PT,2022,-22.8674823,-47.151634
1414,13120,CARLOS ROBERTO DE OLIVEIRA,117,PT,2022,-22.8674823,-47.151634
1414,13121,ANA LUCIA LIPPAUS PERUGINI,196,PT,2022,-22.8674823,-47.151634
1414,13123,MARIA IZABEL AZEVEDO NORONHA,50,PT,2022,-22.8674823,-47.151634
1414,1313,RUI GOETHE DA COSTA FALCÃO,46,PT,2022,-22.8674823,-47.151634
1414,13133,EDUARDO MATARAZZO SUPLICY,200,PT,2022,-22.8674823,-47.151634
1414,13134,LUIZ FERNANDO TEIXEIRA FERREIRA,53,PT,2022,-22.8674823,-47.151634
1414,1319,PEDRO TOURINHO DE SIQUEIRA,796,PT,2022,-22.8674823,-47.151634
1414,13199,PAOLLA CATHERINE DOS SANTOS MIGUEL AGARD,207,PT,2022,-22.8674823,-47.151634
1414,13300,WAGNER DE MELO ROMÃO,32,PT,2022,-22.8674823,-47.151634
1414,13651,PAULO BATISTA DOS REIS,113,PT,2022,-22.8674823,-47.151634
1414,1366,MARIANA CERGOLI JANEIRO,111,PT,2022,-22.8674823,-47.151634
1414,1370,CARLOS ALBERTO ROLIM ZARATTINI,118,PT,2022,-22.8674823,-47.151634
1414,13700,ANTONIO DONATO MADORMO,62,PT,2022,-22.8674823,-47.151634
1414,1375,DOUGLAS ELIAS BELCHIOR,30,PT,2022,-22.8674823,-47.151634
1414,1380,JILMAR AUGUSTINHO TATTO,192,PT,2022,-22.8674823,-47.151634
1414,13800,JORGE DO CARMO SILVA,53,PT,2022,-22.8674823,-47.151634
1414,1414,ADRILLES REIS JORGE,33,PTB,2022,-22.8674823,-47.151634
1414,15,Movimento Democrático Brasileiro,41,,2022,-22.8674823,-47.151634
1414,1500,MARIO PALUMBO JUNIOR,73,MDB,2022,-22.8674823,-47.151634
1414,1532,LUIZ LAURO FERREIRA,31,MDB,2022,-22.8674823,-47.151634
1414,155,EDSON APARECIDO DOS SANTOS,370,MDB,2022,-22.8674823,-47.151634
1414,1580,FÁBIO EDUARDO DE OLIVEIRA TERUEL,66,MDB,2022,-22.8674823,-47.151634
1414,1587,ARNALDO SALVETTI PALACIO JUNIOR,88,MDB,2022,-22.8674823,-47.151634
1414,1818,MARIA OSMARINA MARINA DA SILVA VAZ DE LIMA,79,REDE,2022,-22.8674823,-47.151634
1414,1910,BRUNO AREVALO GANEM,49,PODE,2022,-22.8674823,-47.151634
1414,19101,CLARICE CARASSOL AREVALO GANEM,30,PODE,2022,-22.8674823,-47.151634
1414,1911,HENI OZI CUKIER,34,PODE,2022,-22.8674823,-47.151634
1414,1919,RENATA HELLMEISTER DE ABREU MELO,86,PODE,2022,-22.8674823,-47.151634
1414,19519,EDUARDO DOS REIS MAGOGA,613,PODE,2022,-22.8674823,-47.151634
1414,2020,GILBERTO NASCIMENTO SILVA,56,PSC,2022,-22.8674823,-47.151634
1414,20320,JOSÉ CARLOS FURIOSO,34,PSC,2022,-22.8674823,-47.151634
1414,22,Partido Liberal,230,,2022,-22.8674823,-47.151634
1414,2200,JOSÉ AUGUSTO ROSA,44,PL,2022,-22.8674823,-47.151634
1414,22000,DIMAS MECCA SAMPAIO,92,PL,2022,-22.8674823,-47.151634
1414,2208,MARIO LUIS FRIAS,77,PL,2022,-22.8674823,-47.151634
1414,2210,CARLA ZAMBELLI SALGADO DE OLIVEIRA,438,PL,2022,-22.8674823,-47.151634
1414,22100,BRUNO ZAMBELLI SALGADO,89,PL,2022,-22.8674823,-47.151634
1414,22112,CARLOS CEZAR DA SILVA,148,PL,2022,-22.8674823,-47.151634
1414,22120,GILDEVANIO ILSO DOS SANTOS DINIZ,74,PL,2022,-22.8674823,-47.151634
1414,22138,ROBERVAL CONTE LOPES LIMA,41,PL,2022,-22.8674823,-47.151634
1414,222,MARCOS CESAR PONTES,4555,PL,2022,-22.8674823,-47.151634
1414,2222,EDUARDO NANTES BOLSONARO,495,PL,2022,-22.8674823,-47.151634
1414,22222,MARCOS ROBERTO DAMASIO DA SILVA,52,PL,2022,-22.8674823,-47.151634
1414,2233,PAULO ROBERTO FREIRE DA COSTA,344,PL,2022,-22.8674823,-47.151634
1414,2240,KATIA DA SILVA SASTRE,30,PL,2022,-22.8674823,-47.151634
1414,22422,PAULO JORGE MANSUR NETO,111,PL,2022,-22.8674823,-47.151634
1414,2243,LUIZ PHILIPPE DE ORLEANS E BRAGANÇA,37,PL,2022,-22.8674823,-47.151634
1414,22444,MATHEUS COIMBRA MARTINS DE AGUIAR,44,PL,2022,-22.8674823,-47.151634
1414,2247,PAULO FRANCISCO MUNIZ BILYNSKYJ,51,PL,2022,-22.8674823,-47.151634
1414,2250,RICARDO DE AQUINO SALLES,230,PL,2022,-22.8674823,-47.151634
1414,22500,LUCAS DIEZ BOVE,39,PL,2022,-22.8674823,-47.151634
1414,2255,FRANCISCO EVERARDO TIRIRICA OLIVEIRA SILVA,44,PL,2022,-22.8674823,-47.151634
1414,2270,MARCO ANTONIO FELICIANO,152,PL,2022,-22.8674823,-47.151634
1414,2274,JEFFERSON ALVES DE CAMPOS,139,PL,2022,-22.8674823,-47.151634
1414,2276,MARSCHELO RODRIGO MARIN MECHE,100,PL,2022,-22.8674823,-47.151634
1414,2290,GUILHERME MURARO DERRITE,66,PL,2022,-22.8674823,-47.151634
1414,22900,FLAVIO GONÇALVES DA COSTA,31,PL,2022,-22.8674823,-47.151634
1414,22922,VALERIA MULLER RAMOS BOLSONARO,196,PL,2022,-22.8674823,-47.151634
1414,2300,MARCO ANTONIO VILLA,45,CIDADANIA,2022,-22.8674823,-47.151634
1414,23000,RAFAEL FERNANDO ZIMBALDI,694,CIDADANIA,2022,-22.8674823,-47.151634
1414,23456,ANTONIO DIRCEU DALBEN,124,CIDADANIA,2022,-22.8674823,-47.151634
1414,287,JANAINA CONCEIÇÃO PASCHOAL,190,PRTB,2022,-22.8674823,-47.151634
1414,30,VINICIUS LAZZER POIT,125,NOVO,2022,-22.8674823,-47.151634
1414,300,RICARDO LUIS MELLÃO,84,NOVO,2022,-22.8674823,-47.151634
1414,3030,ADRIANA MIGUEL VENTURA,33,NOVO,2022,-22.8674823,-47.151634
1414,35555,DANILO RIDYER PALMA,36,PMB,2022,-22.8674823,-47.151634
1414,36190,ADRIANA SANCHES GALDEANO BORGO,80,AGIR,2022,-22.8674823,-47.151634
1414,40,Partido Socialista Brasileiro,89,,2022,-22.8674823,-47.151634
1414,400,MÁRCIO LUIZ FRANÇA GOMES,3122,PSB,2022,-22.8674823,-47.151634
1414,4000,JONAS DONIZETTE FERREIRA,535,PSB,2022,-22.8674823,-47.151634
1414,40000,ANDRÉA WERNER SILVA BONOLI,36,PSB,2022,-22.8674823,-47.151634
1414,4040,TABATA CLAUDIA AMARAL DE PONTES,102,PSB,2022,-22.8674823,-47.151634
1414,40456,PERMÍNIO MONTEIRO DA SILVA,77,PSB,2022,-22.8674823,-47.151634
1414,4400,ROSANGELA MARIA WOLFF DE QUADROS MORO,61,UNIÃO,2022,-22.8674823,-47.151634
1414,44007,FELIPE SOUZA MURAKAMI DE FRANCO,33,UNIÃO,2022,-22.8674823,-47.151634
1414,44019,RODRIGO LUIS DE BARROS ALMEIDA,342,UNIÃO,2022,-22.8674823,-47.151634
1414,4407,FELIPE BECARI COMENALE,55,UNIÃO,2022,-22.8674823,-47.151634
1414,4411,DAVID BEZERRA RIBEIRO SOARES,75,UNIÃO,2022,-22.8674823,-47.151634
1414,44111,DANIEL BEZERRA RIBEIRO SOARES,57,UNIÃO,2022,-22.8674823,-47.151634
1414,44220,ANDRE CRISTHIANO CAYRES RIBEIRO,54,UNIÃO,2022,-22.8674823,-47.151634
1414,4425,ALEXANDRE LEITE DA SILVA,72,UNIÃO,2022,-22.8674823,-47.151634
1414,4433,KIM PATROCA KATAGUIRI,123,UNIÃO,2022,-22.8674823,-47.151634
1414,44777,AUGUSTO ZACARIAS CORREA LEITE,71,UNIÃO,2022,-22.8674823,-47.151634
1414,45,RODRIGO GARCIA,1111,PSDB,2022,-22.8674823,-47.151634
1414,4500,CARLOS HENRIQUE FOCESI SAMPAIO,256,PSDB,2022,-22.8674823,-47.151634
1414,45200,CÉLIA CAMARGO LEÃO EDELMUTH,94,PSDB,2022,-22.8674823,-47.151634
1414,45678,LUIZ HENRIQUE CIRILO,41,PSDB,2022,-22.8674823,-47.151634
1414,5000,SÂMIA DE SOUZA BOMFIM,117,PSOL,2022,-22.8674823,-47.151634
1414,50000,PAULA NUNES DOS SANTOS,55,PSOL,2022,-22.8674823,-47.151634
1414,5010,GUILHERME CASTRO BOULOS,219,PSOL,2022,-22.8674823,-47.151634
1414,50100,MARIANA CONTI TAKAHASHI,165,PSOL,2022,-22.8674823,-47.151634
1414,5070,ERIKA SANTOS SILVA,77,PSOL,2022,-22.8674823,-47.151634
1414,50777,PAULO ROBERTO BUFALO,39,PSOL,2022,-22.8674823,-47.151634
1414,50789,CARLOS ALBERTO GIANNASI,43,PSOL,2022,-22.8674823,-47.151634
1414,5088,SÔNIA BONE DE SOUSA SILVA SANTOS,43,PSOL,2022,-22.8674823,-47.151634
1414,5515,SAULO PEDROSO DE SOUZA,39,PSD,2022,-22.8674823,-47.151634
1414,55400,MARTA MARIA FREIRE DA COSTA,248,PSD,2022,-22.8674823,-47.151634
1414,55655,ARTUR CASSEB ORSI,215,PSD,2022,-22.8674823,-47.151634
1414,65035,LECI BRANDÃO DA SILVA,42,PC DO B,2022,-22.8674823,-47.151634
1414,6565,ORLANDO SILVA DE JESUS JUNIOR,92,PC DO B,2022,-22.8674823,-47.151634
1414,65656,MARCIA REGINA QUINTANILHA,68,PC DO B,2022,-22.8674823,-47.151634
1414,77040,ADILSON DE SOUZA ROCHA,98,SOLIDARIEDADE,2022,-22.8674823,-47.151634
1414,7719,MARCELO HENRIQUE SILVA,74,SOLIDARIEDADE,2022,-22.8674823,-47.151634
1414,80,CAROLINA REJAILI VIGLIAR,52,UP,2022,-22.8674823,-47.151634
1414,800,VIVIAN MENDES DA SILVA,113,UP,2022,-22.8674823,-47.151634
1414,9000,PABLO HENRIQUE COSTA MARÇAL,142,PROS,2022,-22.8674823,-47.151634
1414,90000,NEZIO ANTONIO MONTEIRO FILHO,33,PROS,2022,-22.8674823,-47.151634
1414,95,VOTO BRANCO,5126,,2022,-22.8674823,-47.151634
1414,96,VOTO NULO,4947,,2022,-22.8674823,-47.151634
1422,10,TARCISIO GOMES DE FREITAS,7675,REPUBLICANOS,2022,-22.9453235,-47.1178808
1422,1000,CELSO UBIRAJARA RUSSOMANNO,113,REPUBLICANOS,2022,-22.9453235,-47.1178808
1422,10099,LEONICE ALVES DA PAZ,37,REPUBLICANOS,2022,-22.9453235,-47.1178808
1422,1010,MARCOS ANTONIO PEREIRA,51,REPUBLICANOS,2022,-22.9453235,-47.1178808
1422,10123,GILMACI DOS SANTOS BARBOSA,124,REPUBLICANOS,2022,-22.9453235,-47.1178808
1422,10200,HIGOR DIEGO RALLA,192,REPUBLICANOS,2022,-22.9453235,-47.1178808
1422,1023,HENRIQUE STEIN SCIASCIO,31,REPUBLICANOS,2022,-22.9453235,-47.1178808
1422,10550,TOME ABDUCH,55,REPUBLICANOS,2022,-22.9453235,-47.1178808
1422,1078,BENEDITO ROBERTO ALVES FERREIRA,132,REPUBLICANOS,2022,-22.9453235,-47.1178808
1422,1099,ROBERTO ALVES DE LUCENA,31,REPUBLICANOS,2022,-22.9453235,-47.1178808
1422,1111,BRUNO MARCELLO DE OLIVEIRA LIMA,188,PP,2022,-22.9453235,-47.1178808
1422,1112,ISRAEL NANTES SANTOS,75,PP,2022,-22.9453235,-47.1178808
1422,1122,CARLOS ALBERTO DA CUNHA,83,PP,2022,-22.9453235,-47.1178808
1422,11777,ANTONIO ASSUNÇÃO DE OLIM,49,PP,2022,-22.9453235,-47.1178808
1422,12,ELVIS LEONARDO CEZAR,89,PDT,2022,-22.9453235,-47.1178808
1422,12,Partido Democrático Trabalhista,32,PDT,2022,-22.9453235,-47.1178808
1422,123,JOSÉ ALDO REBELO FIGUEIREDO,91,PDT,2022,-22.9453235,-47.1178808
1422,13,FERNANDO HADDAD,6703,PT,2022,-22.9453235,-47.1178808
1422,13,Partido dos Trabalhadores,357,PT,2022,-22.9453235,-47.1178808
1422,13016,THAINARA KAROLINE FARIA,52,PT,2022,-22.9453235,-47.1178808
1422,13112,EVELYN SILVA DO NASCIMENTO VICENTE DA SILVA,46,PT,2022,-22.9453235,-47.1178808
1422,13120,CARLOS ROBERTO DE OLIVEIRA,58,PT,2022,-22.9453235,-47.1178808
1422,13121,ANA LUCIA LIPPAUS PERUGINI,132,PT,2022,-22.9453235,-47.1178808
1422,1313,RUI GOETHE DA COSTA FALCÃO,41,PT,2022,-22.9453235,-47.1178808
1422,13133,EDUARDO MATARAZZO SUPLICY,177,PT,2022,-22.9453235,-47.1178808
1422,1319,PEDRO TOURINHO DE SIQUEIRA,598,PT,2022,-22.9453235,-47.1178808
1422,13199,PAOLLA CATHERINE DOS SANTOS MIGUEL AGARD,202,PT,2022,-22.9453235,-47.1178808
1422,13300,WAGNER DE MELO ROMÃO,39,PT,2022,-22.9453235,-47.1178808
1422,13331,VERA LUCIA RODRIGUES DE FARIA,42,PT,2022,-22.9453235,-47.1178808
1422,1354,ALEXANDRE ROCHA SANTOS PADILHA,33,PT,2022,-22.9453235,-47.1178808
1422,13654,JANDYRA MASSUE UEHARA ALVES,41,PT,2022,-22.9453235,-47.1178808
1422,1366,MARIANA CERGOLI JANEIRO,67,PT,2022,-22.9453235,-47.1178808
1422,1370,CARLOS ALBERTO ROLIM ZARATTINI,32,PT,2022,-22.9453235,-47.1178808
1422,1380,JILMAR AUGUSTINHO TATTO,126,PT,2022,-22.9453235,-47.1178808
1422,1500,MARIO PALUMBO JUNIOR,50,MDB,2022,-22.9453235,-47.1178808
1422,155,EDSON APARECIDO DOS SANTOS,388,MDB,2022,-22.9453235,-47.1178808
1422,1580,FÁBIO EDUARDO DE OLIVEIRA TERUEL,55,MDB,2022,-22.9453235,-47.1178808
1422,1587,ARNALDO SALVETTI PALACIO JUNIOR,117,MDB,2022,-22.9453235,-47.1178808
1422,1818,MARIA OSMARINA MARINA DA SILVA VAZ DE LIMA,67,REDE,2022,-22.9453235,-47.1178808
1422,1910,BRUNO AREVALO GANEM,39,PODE,2022,-22.9453235,-47.1178808
1422,1919,RENATA HELLMEISTER DE ABREU MELO,51,PODE,2022,-22.9453235,-47.1178808
1422,19519,EDUARDO DOS REIS MAGOGA,337,PODE,2022,-22.9453235,-47.1178808
1422,2020,GILBERTO NASCIMENTO SILVA,47,PSC,2022,-22.9453235,-47.1178808
1422,20320,JOSÉ CARLOS FURIOSO,54,PSC,2022,-22.9453235,-47.1178808
1422,22,Partido Liberal,202,,2022,-22.9453235,-47.1178808
1422,2200,JOSÉ AUGUSTO ROSA,44,PL,2022,-22.9453235,-47.1178808
1422,22000,DIMAS MECCA SAMPAIO,79,PL,2022,-22.9453235,-47.1178808
1422,2208,MARIO LUIS FRIAS,73,PL,2022,-22.9453235,-47.1178808
1422,2210,CARLA ZAMBELLI SALGADO DE OLIVEIRA,323,PL,2022,-22.9453235,-47.1178808
1422,22100,BRUNO ZAMBELLI SALGADO,74,PL,2022,-22.9453235,-47.1178808
1422,22112,CARLOS CEZAR DA SILVA,116,PL,2022,-22.9453235,-47.1178808
1422,22120,GILDEVANIO ILSO DOS SANTOS DINIZ,70,PL,2022,-22.9453235,-47.1178808
1422,22138,ROBERVAL CONTE LOPES LIMA,58,PL,2022,-22.9453235,-47.1178808
1422,222,MARCOS CESAR PONTES,3539,PL,2022,-22.9453235,-47.1178808
1422,2222,EDUARDO NANTES BOLSONARO,396,PL,2022,-22.9453235,-47.1178808
1422,22222,MARCOS ROBERTO DAMASIO DA SILVA,52,PL,2022,-22.9453235,-47.1178808
1422,2233,PAULO ROBERTO FREIRE DA COSTA,188,PL,2022,-22.9453235,-47.1178808
1422,22422,PAULO JORGE MANSUR NETO,74,PL,2022,-22.9453235,-47.1178808
1422,22444,MATHEUS COIMBRA MARTINS DE AGUIAR,33,PL,2022,-22.9453235,-47.1178808
1422,2247,PAULO FRANCISCO MUNIZ BILYNSKYJ,36,PL,2022,-22.9453235,-47.1178808
1422,2250,RICARDO DE AQUINO SALLES,149,PL,2022,-22.9453235,-47.1178808
1422,22500,LUCAS DIEZ BOVE,32,PL,2022,-22.9453235,-47.1178808
1422,2270,MARCO ANTONIO FELICIANO,98,PL,2022,-22.9453235,-47.1178808
1422,2274,JEFFERSON ALVES DE CAMPOS,120,PL,2022,-22.9453235,-47.1178808
1422,2276,MARSCHELO RODRIGO MARIN MECHE,135,PL,2022,-22.9453235,-47.1178808
1422,2290,GUILHERME MURARO DERRITE,89,PL,2022,-22.9453235,-47.1178808
1422,22922,VALERIA MULLER RAMOS BOLSONARO,252,PL,2022,-22.9453235,-47.1178808
1422,23000,RAFAEL FERNANDO ZIMBALDI,442,CIDADANIA,2022,-22.9453235,-47.1178808
1422,23456,ANTONIO DIRCEU DALBEN,73,CIDADANIA,2022,-22.9453235,-47.1178808
1422,287,JANAINA CONCEIÇÃO PASCHOAL,140,PRTB,2022,-22.9453235,-47.1178808
1422,30,Partido Novo,38,NOVO,2022,-22.9453235,-47.1178808
1422,30,VINICIUS LAZZER POIT,108,NOVO,2022,-22.9453235,-47.1178808
1422,300,RICARDO LUIS MELLÃO,86,NOVO,2022,-22.9453235,-47.1178808
1422,36190,ADRIANA SANCHES GALDEANO BORGO,67,AGIR,2022,-22.9453235,-47.1178808
1422,40,Partido Socialista Brasileiro,80,,2022,-22.9453235,-47.1178808
1422,400,MÁRCIO LUIZ FRANÇA GOMES,2592,PSB,2022,-22.9453235,-47.1178808
1422,4000,JONAS DONIZETTE FERREIRA,439,PSB,2022,-22.9453235,-47.1178808
1422,4040,TABATA CLAUDIA AMARAL DE PONTES,84,PSB,2022,-22.9453235,-47.1178808
1422,40456,PERMÍNIO MONTEIRO DA SILVA,85,PSB,2022,-22.9453235,-47.1178808
1422,4400,ROSANGELA MARIA WOLFF DE QUADROS MORO,50,UNIÃO,2022,-22.9453235,-47.1178808
1422,44007,FELIPE SOUZA MURAKAMI DE FRANCO,41,UNIÃO,2022,-22.9453235,-47.1178808
1422,44019,RODRIGO LUIS DE BARROS ALMEIDA,1033,UNIÃO,2022,-22.9453235,-47.1178808
1422,4407,FELIPE BECARI COMENALE,31,UNIÃO,2022,-22.9453235,-47.1178808
1422,44220,ANDRE CRISTHIANO CAYRES RIBEIRO,47,UNIÃO,2022,-22.9453235,-47.1178808
1422,4425,ALEXANDRE LEITE DA SILVA,235,UNIÃO,2022,-22.9453235,-47.1178808
1422,4433,KIM PATROCA KATAGUIRI,107,UNIÃO,2022,-22.9453235,-47.1178808
1422,44333,AMANDA VETTORAZZO CARNEIRO,30,UNIÃO,2022,-22.9453235,-47.1178808
1422,44777,AUGUSTO ZACARIAS CORREA LEITE,45,UNIÃO,2022,-22.9453235,-47.1178808
1422,45,RODRIGO GARCIA,1059,PSDB,2022,-22.9453235,-47.1178808
1422,4500,CARLOS HENRIQUE FOCESI SAMPAIO,231,PSDB,2022,-22.9453235,-47.1178808
1422,45200,CÉLIA CAMARGO LEÃO EDELMUTH,81,PSDB,2022,-22.9453235,-47.1178808
1422,5000,SÂMIA DE SOUZA BOMFIM,118,PSOL,2022,-22.9453235,-47.1178808
1422,50000,PAULA NUNES DOS SANTOS,58,PSOL,2022,-22.9453235,-47.1178808
1422,5010,GUILHERME CASTRO BOULOS,210,PSOL,2022,-22.9453235,-47.1178808
1422,50100,MARIANA CONTI TAKAHASHI,185,PSOL,2022,-22.9453235,-47.1178808
1422,5070,ERIKA SANTOS SILVA,118,PSOL,2022,-22.9453235,-47.1178808
1422,50777,PAULO ROBERTO BUFALO,38,PSOL,2022,-22.9453235,-47.1178808
1422,50789,CARLOS ALBERTO GIANNASI,31,PSOL,2022,-22.9453235,-47.1178808
1422,5088,SÔNIA BONE DE SOUSA SILVA SANTOS,46,PSOL,2022,-22.9453235,-47.1178808
1422,55400,MARTA MARIA FREIRE DA COSTA,143,PSD,2022,-22.9453235,-47.1178808
1422,55655,ARTUR CASSEB ORSI,104,PSD,2022,-22.9453235,-47.1178808
1422,5577,ANTONIO CEZAR CORREIA FREIRE,34,PSD,2022,-22.9453235,-47.1178808
1422,55777,OSEIAS SANTOS DA SILVA,36,PSD,2022,-22.9453235,-47.1178808
1422,65035,LECI BRANDÃO DA SILVA,36,PC DO B,2022,-22.9453235,-47.1178808
1422,6565,ORLANDO SILVA DE JESUS JUNIOR,126,PC DO B,2022,-22.9453235,-47.1178808
1422,65656,MARCIA REGINA QUINTANILHA,104,PC DO B,2022,-22.9453235,-47.1178808
1422,77040,ADILSON DE SOUZA ROCHA,53,SOLIDARIEDADE,2022,-22.9453235,-47.1178808
1422,7719,MARCELO HENRIQUE SILVA,30,SOLIDARIEDADE,2022,-22.9453235,-47.1178808
1422,800,VIVIAN MENDES DA SILVA,90,UP,2022,-22.9453235,-47.1178808
1422,9000,PABLO HENRIQUE COSTA MARÇAL,149,PROS,2022,-22.9453235,-47.1178808
1422,90000,NEZIO ANTONIO MONTEIRO FILHO,46,PROS,2022,-22.9453235,-47.1178808
1422,95,VOTO BRANCO,4145,,2022,-22.9453235,-47.1178808
1422,96,VOTO NULO,4031,,2022,-22.9453235,-47.1178808
1430,10,TARCISIO GOMES DE FREITAS,7162,REPUBLICANOS,2022,-22.9369786,-47.1367922
1430,1000,CELSO UBIRAJARA RUSSOMANNO,160,REPUBLICANOS,2022,-22.9369786,-47.1367922
1430,1010,MARCOS ANTONIO PEREIRA,72,REPUBLICANOS,2022,-22.9369786,-47.1367922
1430,10123,GILMACI DOS SANTOS BARBOSA,196,REPUBLICANOS,2022,-22.9369786,-47.1367922
1430,10200,HIGOR DIEGO RALLA,557,REPUBLICANOS,2022,-22.9369786,-47.1367922
1430,10550,TOME ABDUCH,62,REPUBLICANOS,2022,-22.9369786,-47.1367922
1430,1078,BENEDITO ROBERTO ALVES FERREIRA,194,REPUBLICANOS,2022,-22.9369786,-47.1367922
1430,1111,BRUNO MARCELLO DE OLIVEIRA LIMA,125,PP,2022,-22.9369786,-47.1367922
1430,1112,ISRAEL NANTES SANTOS,49,PP,2022,-22.9369786,-47.1367922
1430,1122,CARLOS ALBERTO DA CUNHA,55,PP,2022,-22.9369786,-47.1367922
1430,11777,ANTONIO ASSUNÇÃO DE OLIM,35,PP,2022,-22.9369786,-47.1367922
1430,12,ELVIS LEONARDO CEZAR,65,PDT,2022,-22.9369786,-47.1367922
1430,12,Partido Democrático Trabalhista,39,PDT,2022,-22.9369786,-47.1367922
1430,12200,WILSON KELLER DE MATOS,44,PDT,2022,-22.9369786,-47.1367922
1430,123,JOSÉ ALDO REBELO FIGUEIREDO,94,PDT,2022,-22.9369786,-47.1367922
1430,13,FERNANDO HADDAD,6980,PT,2022,-22.9369786,-47.1367922
1430,13,Partido dos Trabalhadores,388,PT,2022,-22.9369786,-47.1367922
1430,13016,THAINARA KAROLINE FARIA,31,PT,2022,-22.9369786,-47.1367922
1430,13112,EVELYN SILVA DO NASCIMENTO VICENTE DA SILVA,274,PT,2022,-22.9369786,-47.1367922
1430,13121,ANA LUCIA LIPPAUS PERUGINI,107,PT,2022,-22.9369786,-47.1367922
1430,13123,MARIA IZABEL AZEVEDO NORONHA,41,PT,2022,-22.9369786,-47.1367922
1430,13133,EDUARDO MATARAZZO SUPLICY,183,PT,2022,-22.9369786,-47.1367922
1430,13134,LUIZ FERNANDO TEIXEIRA FERREIRA,35,PT,2022,-22.9369786,-47.1367922
1430,1319,PEDRO TOURINHO DE SIQUEIRA,792,PT,2022,-22.9369786,-47.1367922
1430,13199,PAOLLA CATHERINE DOS SANTOS MIGUEL AGARD,148,PT,2022,-22.9369786,-47.1367922
1430,13300,WAGNER DE MELO ROMÃO,49,PT,2022,-22.9369786,-47.1367922
1430,13651,PAULO BATISTA DOS REIS,127,PT,2022,-22.9369786,-47.1367922
1430,13654,JANDYRA MASSUE UEHARA ALVES,49,PT,2022,-22.9369786,-47.1367922
1430,1366,MARIANA CERGOLI JANEIRO,71,PT,2022,-22.9369786,-47.1367922
1430,1370,CARLOS ALBERTO ROLIM ZARATTINI,70,PT,2022,-22.9369786,-47.1367922
1430,13700,ANTONIO DONATO MADORMO,36,PT,2022,-22.9369786,-47.1367922
1430,1380,JILMAR AUGUSTINHO TATTO,220,PT,2022,-22.9369786,-47.1367922
1430,13800,JORGE DO CARMO SILVA,42,PT,2022,-22.9369786,-47.1367922
1430,15,Movimento Democrático Brasileiro,31,,2022,-22.9369786,-47.1367922
1430,1500,MARIO PALUMBO JUNIOR,42,MDB,2022,-22.9369786,-47.1367922
1430,155,EDSON APARECIDO DOS SANTOS,286,MDB,2022,-22.9369786,-47.1367922
1430,1580,FÁBIO EDUARDO DE OLIVEIRA TERUEL,61,MDB,2022,-22.9369786,-47.1367922
1430,1587,ARNALDO SALVETTI PALACIO JUNIOR,56,MDB,2022,-22.9369786,-47.1367922
1430,1818,MARIA OSMARINA MARINA DA SILVA VAZ DE LIMA,67,REDE,2022,-22.9369786,-47.1367922
1430,1910,BRUNO AREVALO GANEM,41,PODE,2022,-22.9369786,-47.1367922
1430,1911,HENI OZI CUKIER,31,PODE,2022,-22.9369786,-47.1367922
1430,19519,EDUARDO DOS REIS MAGOGA,38,PODE,2022,-22.9369786,-47.1367922
1430,20123,HELIO DONIZETE ZANATTA,65,PSC,2022,-22.9369786,-47.1367922
1430,20190,LUIZ PAULO MADALHANO MAGALHÃES,30,PSC,2022,-22.9369786,-47.1367922
1430,2020,GILBERTO NASCIMENTO SILVA,89,PSC,2022,-22.9369786,-47.1367922
1430,20900,PAULO SERGIO GALTERIO,53,PSC,2022,-22.9369786,-47.1367922
1430,22,Partido Liberal,195,,2022,-22.9369786,-47.1367922
1430,22000,DIMAS MECCA SAMPAIO,67,PL,2022,-22.9369786,-47.1367922
1430,2208,MARIO LUIS FRIAS,60,PL,2022,-22.9369786,-47.1367922
1430,2210,CARLA ZAMBELLI SALGADO DE OLIVEIRA,337,PL,2022,-22.9369786,-47.1367922
1430,22100,BRUNO ZAMBELLI SALGADO,75,PL,2022,-22.9369786,-47.1367922
1430,22112,CARLOS CEZAR DA SILVA,58,PL,2022,-22.9369786,-47.1367922
1430,22120,GILDEVANIO ILSO DOS SANTOS DINIZ,92,PL,2022,-22.9369786,-47.1367922
1430,22138,ROBERVAL CONTE LOPES LIMA,34,PL,2022,-22.9369786,-47.1367922
1430,222,MARCOS CESAR PONTES,3308,PL,2022,-22.9369786,-47.1367922
1430,2222,EDUARDO NANTES BOLSONARO,439,PL,2022,-22.9369786,-47.1367922
1430,22222,MARCOS ROBERTO DAMASIO DA SILVA,43,PL,2022,-22.9369786,-47.1367922
1430,2233,PAULO ROBERTO FREIRE DA COSTA,202,PL,2022,-22.9369786,-47.1367922
1430,22422,PAULO JORGE MANSUR NETO,81,PL,2022,-22.9369786,-47.1367922
1430,2243,LUIZ PHILIPPE DE ORLEANS E BRAGANÇA,30,PL,2022,-22.9369786,-47.1367922
1430,2247,PAULO FRANCISCO MUNIZ BILYNSKYJ,31,PL,2022,-22.9369786,-47.1367922
1430,2250,RICARDO DE AQUINO SALLES,164,PL,2022,-22.9369786,-47.1367922
1430,22500,LUCAS DIEZ BOVE,40,PL,2022,-22.9369786,-47.1367922
1430,2255,FRANCISCO EVERARDO TIRIRICA OLIVEIRA SILVA,44,PL,2022,-22.9369786,-47.1367922
1430,2270,MARCO ANTONIO FELICIANO,114,PL,2022,-22.9369786,-47.1367922
1430,2274,JEFFERSON ALVES DE CAMPOS,47,PL,2022,-22.9369786,-47.1367922
1430,2276,MARSCHELO RODRIGO MARIN MECHE,54,PL,2022,-22.9369786,-47.1367922
1430,2290,GUILHERME MURARO DERRITE,56,PL,2022,-22.9369786,-47.1367922
1430,22922,VALERIA MULLER RAMOS BOLSONARO,269,PL,2022,-22.9369786,-47.1367922
1430,2300,MARCO ANTONIO VILLA,30,CIDADANIA,2022,-22.9369786,-47.1367922
1430,23000,RAFAEL FERNANDO ZIMBALDI,418,CIDADANIA,2022,-22.9369786,-47.1367922
1430,23456,ANTONIO DIRCEU DALBEN,67,CIDADANIA,2022,-22.9369786,-47.1367922
1430,287,JANAINA CONCEIÇÃO PASCHOAL,142,PRTB,2022,-22.9369786,-47.1367922
1430,30,Partido Novo,46,NOVO,2022,-22.9369786,-47.1367922
1430,30,VINICIUS LAZZER POIT,102,NOVO,2022,-22.9369786,-47.1367922
1430,300,RICARDO LUIS MELLÃO,77,NOVO,2022,-22.9369786,-47.1367922
1430,3030,ADRIANA MIGUEL VENTURA,42,NOVO,2022,-22.9369786,-47.1367922
1430,36190,ADRIANA SANCHES GALDEANO BORGO,51,AGIR,2022,-22.9369786,-47.1367922
1430,40,Partido Socialista Brasileiro,96,,2022,-22.9369786,-47.1367922
1430,400,MÁRCIO LUIZ FRANÇA GOMES,2677,PSB,2022,-22.9369786,-47.1367922
1430,4000,JONAS DONIZETTE FERREIRA,503,PSB,2022,-22.9369786,-47.1367922
1430,40000,ANDRÉA WERNER SILVA BONOLI,42,PSB,2022,-22.9369786,-47.1367922
1430,4040,TABATA CLAUDIA AMARAL DE PONTES,81,PSB,2022,-22.9369786,-47.1367922
1430,40456,PERMÍNIO MONTEIRO DA SILVA,85,PSB,2022,-22.9369786,-47.1367922
1430,4400,ROSANGELA MARIA WOLFF DE QUADROS MORO,52,UNIÃO,2022,-22.9369786,-47.1367922
1430,44019,RODRIGO LUIS DE BARROS ALMEIDA,123,UNIÃO,2022,-22.9369786,-47.1367922
1430,4407,FELIPE BECARI COMENALE,34,UNIÃO,2022,-22.9369786,-47.1367922
1430,44220,ANDRE CRISTHIANO CAYRES RIBEIRO,404,UNIÃO,2022,-22.9369786,-47.1367922
1430,4425,ALEXANDRE LEITE DA SILVA,36,UNIÃO,2022,-22.9369786,-47.1367922
1430,4433,KIM PATROCA KATAGUIRI,88,UNIÃO,2022,-22.9369786,-47.1367922
1430,4470,NICOLINO BOZZELLA JUNIOR,71,UNIÃO,2022,-22.9369786,-47.1367922
1430,44777,AUGUSTO ZACARIAS CORREA LEITE,41,UNIÃO,2022,-22.9369786,-47.1367922
1430,45,RODRIGO GARCIA,852,PSDB,2022,-22.9369786,-47.1367922
1430,4500,CARLOS HENRIQUE FOCESI SAMPAIO,147,PSDB,2022,-22.9369786,-47.1367922
1430,45200,CÉLIA CAMARGO LEÃO EDELMUTH,101,PSDB,2022,-22.9369786,-47.1367922
1430,45678,LUIZ HENRIQUE CIRILO,34,PSDB,2022,-22.9369786,-47.1367922
1430,5000,SÂMIA DE SOUZA BOMFIM,88,PSOL,2022,-22.9369786,-47.1367922
1430,50000,PAULA NUNES DOS SANTOS,54,PSOL,2022,-22.9369786,-47.1367922
1430,5010,GUILHERME CASTRO BOULOS,220,PSOL,2022,-22.9369786,-47.1367922
1430,50100,MARIANA CONTI TAKAHASHI,194,PSOL,2022,-22.9369786,-47.1367922
1430,50110,EDIANE MARIA DO NASCIMENTO,32,PSOL,2022,-22.9369786,-47.1367922
1430,5070,ERIKA SANTOS SILVA,80,PSOL,2022,-22.9369786,-47.1367922
1430,50777,PAULO ROBERTO BUFALO,39,PSOL,2022,-22.9369786,-47.1367922
1430,50789,CARLOS ALBERTO GIANNASI,31,PSOL,2022,-22.9369786,-47.1367922
1430,55400,MARTA MARIA FREIRE DA COSTA,140,PSD,2022,-22.9369786,-47.1367922
1430,55655,ARTUR CASSEB ORSI,91,PSD,2022,-22.9369786,-47.1367922
1430,65035,LECI BRANDÃO DA SILVA,41,PC DO B,2022,-22.9369786,-47.1367922
1430,6565,ORLANDO SILVA DE JESUS JUNIOR,108,PC DO B,2022,-22.9369786,-47.1367922
1430,65656,MARCIA REGINA QUINTANILHA,79,PC DO B,2022,-22.9369786,-47.1367922
1430,77040,ADILSON DE SOUZA ROCHA,46,SOLIDARIEDADE,2022,-22.9369786,-47.1367922
1430,7719,MARCELO HENRIQUE SILVA,54,SOLIDARIEDADE,2022,-22.9369786,-47.1367922
1430,800,VIVIAN MENDES DA SILVA,79,UP,2022,-22.9369786,-47.1367922
1430,9000,PABLO HENRIQUE COSTA MARÇAL,105,PROS,2022,-22.9369786,-47.1367922
1430,95,VOTO BRANCO,3951,,2022,-22.9369786,-47.1367922
1430,96,VOTO NULO,3876,,2022,-22.9369786,-47.1367922
1449,10,REPUBLICANOS,47,REPUBLICANOS,2022,-22.9654531,-47.1619263
1449,10,TARCISIO GOMES DE FREITAS,9958,REPUBLICANOS,2022,-22.9654531,-47.1619263
1449,1000,CELSO UBIRAJARA RUSSOMANNO,151,REPUBLICANOS,2022,-22.9654531,-47.1619263
1449,10099,LEONICE ALVES DA PAZ,43,REPUBLICANOS,2022,-22.9654531,-47.1619263
1449,1010,MARCOS ANTONIO PEREIRA,162,REPUBLICANOS,2022,-22.9654531,-47.1619263
1449,10123,GILMACI DOS SANTOS BARBOSA,212,REPUBLICANOS,2022,-22.9654531,-47.1619263
1449,1020,LUIS CLAUDIO FERNANDES MIRANDA,34,REPUBLICANOS,2022,-22.9654531,-47.1619263
1449,10200,HIGOR DIEGO RALLA,1021,REPUBLICANOS,2022,-22.9654531,-47.1619263
1449,10222,ÉLITON SOUSA LEITE,39,REPUBLICANOS,2022,-22.9654531,-47.1619263
1449,1023,HENRIQUE STEIN SCIASCIO,39,REPUBLICANOS,2022,-22.9654531,-47.1619263
1449,10550,TOME ABDUCH,93,REPUBLICANOS,2022,-22.9654531,-47.1619263
1449,1078,BENEDITO ROBERTO ALVES FERREIRA,227,REPUBLICANOS,2022,-22.9654531,-47.1619263
1449,1111,BRUNO MARCELLO DE OLIVEIRA LIMA,199,PP,2022,-22.9654531,-47.1619263
1449,1112,ISRAEL NANTES SANTOS,78,PP,2022,-22.9654531,-47.1619263
1449,1122,CARLOS ALBERTO DA CUNHA,85,PP,2022,-22.9654531,-47.1619263
1449,11777,ANTONIO ASSUNÇÃO DE OLIM,46,PP,2022,-22.9654531,-47.1619263
1449,12,ELVIS LEONARDO CEZAR,118,PDT,2022,-22.9654531,-47.1619263
1449,12,Partido Democrático Trabalhista,50,PDT,2022,-22.9654531,-47.1619263
1449,12200,WILSON KELLER DE MATOS,47,PDT,2022,-22.9654531,-47.1619263
1449,123,JOSÉ ALDO REBELO FIGUEIREDO,122,PDT,2022,-22.9654531,-47.1619263
1449,13,FERNANDO HADDAD,10034,PT,2022,-22.9654531,-47.1619263
1449,13,Partido dos Trabalhadores,549,PT,2022,-22.9654531,-47.1619263
1449,13112,EVELYN SILVA DO NASCIMENTO VICENTE DA SILVA,39,PT,2022,-22.9654531,-47.1619263
1449,13120,CARLOS ROBERTO DE OLIVEIRA,61,PT,2022,-22.9654531,-47.1619263
1449,13121,ANA LUCIA LIPPAUS PERUGINI,133,PT,2022,-22.9654531,-47.1619263
1449,13123,MARIA IZABEL AZEVEDO NORONHA,38,PT,2022,-22.9654531,-47.1619263
1449,1313,RUI GOETHE DA COSTA FALCÃO,53,PT,2022,-22.9654531,-47.1619263
1449,13133,EDUARDO MATARAZZO SUPLICY,263,PT,2022,-22.9654531,-47.1619263
1449,13134,LUIZ FERNANDO TEIXEIRA FERREIRA,35,PT,2022,-22.9654531,-47.1619263
1449,1319,PEDRO TOURINHO DE SIQUEIRA,890,PT,2022,-22.9654531,-47.1619263
1449,13199,PAOLLA CATHERINE DOS SANTOS MIGUEL AGARD,514,PT,2022,-22.9654531,-47.1619263
1449,13300,WAGNER DE MELO ROMÃO,87,PT,2022,-22.9654531,-47.1619263
1449,13331,VERA LUCIA RODRIGUES DE FARIA,37,PT,2022,-22.9654531,-47.1619263
1449,13651,PAULO BATISTA DOS REIS,73,PT,2022,-22.9654531,-47.1619263
1449,13654,JANDYRA MASSUE UEHARA ALVES,35,PT,2022,-22.9654531,-47.1619263
1449,1366,MARIANA CERGOLI JANEIRO,87,PT,2022,-22.9654531,-47.1619263
1449,1370,CARLOS ALBERTO ROLIM ZARATTINI,162,PT,2022,-22.9654531,-47.1619263
1449,13700,ANTONIO DONATO MADORMO,92,PT,2022,-22.9654531,-47.1619263
1449,1375,DOUGLAS ELIAS BELCHIOR,33,PT,2022,-22.9654531,-47.1619263
1449,1380,JILMAR AUGUSTINHO TATTO,138,PT,2022,-22.9654531,-47.1619263
1449,13800,JORGE DO CARMO SILVA,51,PT,2022,-22.9654531,-47.1619263
1449,1387,FERNANDA STEFANI CURTI,48,PT,2022,-22.9654531,-47.1619263
1449,1389,ALFREDO ALVES CAVALCANTE,180,PT,2022,-22.9654531,-47.1619263
1449,1414,ADRILLES REIS JORGE,74,PTB,2022,-22.9654531,-47.1619263
1449,15,Movimento Democrático Brasileiro,48,,2022,-22.9654531,-47.1619263
1449,1500,MARIO PALUMBO JUNIOR,54,MDB,2022,-22.9654531,-47.1619263
1449,1532,LUIZ LAURO FERREIRA,44,MDB,2022,-22.9654531,-47.1619263
1449,155,EDSON APARECIDO DOS SANTOS,495,MDB,2022,-22.9654531,-47.1619263
1449,1580,FÁBIO EDUARDO DE OLIVEIRA TERUEL,70,MDB,2022,-22.9654531,-47.1619263
1449,1587,ARNALDO SALVETTI PALACIO JUNIOR,96,MDB,2022,-22.9654531,-47.1619263
1449,18000,MARINA MEDEIROS HELOU,31,REDE,2022,-22.9654531,-47.1619263
1449,1818,MARIA OSMARINA MARINA DA SILVA VAZ DE LIMA,149,REDE,2022,-22.9654531,-47.1619263
1449,1910,BRUNO AREVALO GANEM,79,PODE,2022,-22.9654531,-47.1619263
1449,19101,CLARICE CARASSOL AREVALO GANEM,56,PODE,2022,-22.9654531,-47.1619263
1449,1911,HENI OZI CUKIER,45,PODE,2022,-22.9654531,-47.1619263
1449,1919,RENATA HELLMEISTER DE ABREU MELO,95,PODE,2022,-22.9654531,-47.1619263
1449,19519,EDUARDO DOS REIS MAGOGA,388,PODE,2022,-22.9654531,-47.1619263
1449,2020,GILBERTO NASCIMENTO SILVA,36,PSC,2022,-22.9654531,-47.1619263
1449,211,TITO FLAVIO BELLINI NOGUEIRA DE OLIVEIRA,37,PCB,2022,-22.9654531,-47.1619263
1449,22,Partido Liberal,309,,2022,-22.9654531,-47.1619263
1449,2200,JOSÉ AUGUSTO ROSA,40,PL,2022,-22.9654531,-47.1619263
1449,22000,DIMAS MECCA SAMPAIO,95,PL,2022,-22.9654531,-47.1619263
1449,22051,FABIANA DE LIMA BARROSO,33,PL,2022,-22.9654531,-47.1619263
1449,2208,MARIO LUIS FRIAS,101,PL,2022,-22.9654531,-47.1619263
1449,2210,CARLA ZAMBELLI SALGADO DE OLIVEIRA,499,PL,2022,-22.9654531,-47.1619263
1449,22100,BRUNO ZAMBELLI SALGADO,123,PL,2022,-22.9654531,-47.1619263
1449,22112,CARLOS CEZAR DA SILVA,133,PL,2022,-22.9654531,-47.1619263
1449,22120,GILDEVANIO ILSO DOS SANTOS DINIZ,102,PL,2022,-22.9654531,-47.1619263
1449,22138,ROBERVAL CONTE LOPES LIMA,47,PL,2022,-22.9654531,-47.1619263
1449,22144,LUIZ CARLOS DA COSTA VALLE,37,PL,2022,-22.9654531,-47.1619263
1449,222,MARCOS CESAR PONTES,4529,PL,2022,-22.9654531,-47.1619263
1449,2222,EDUARDO NANTES BOLSONARO,540,PL,2022,-22.9654531,-47.1619263
1449,22222,MARCOS ROBERTO DAMASIO DA SILVA,83,PL,2022,-22.9654531,-47.1619263
1449,2233,PAULO ROBERTO FREIRE DA COSTA,305,PL,2022,-22.9654531,-47.1619263
1449,2241,JOSÉ OLIMPIO SILVEIRA MORAES,49,PL,2022,-22.9654531,-47.1619263
1449,22422,PAULO JORGE MANSUR NETO,131,PL,2022,-22.9654531,-47.1619263
1449,2243,LUIZ PHILIPPE DE ORLEANS E BRAGANÇA,38,PL,2022,-22.9654531,-47.1619263
1449,22444,MATHEUS COIMBRA MARTINS DE AGUIAR,32,PL,2022,-22.9654531,-47.1619263
1449,2247,PAULO FRANCISCO MUNIZ BILYNSKYJ,53,PL,2022,-22.9654531,-47.1619263
1449,2250,RICARDO DE AQUINO SALLES,278,PL,2022,-22.9654531,-47.1619263
1449,22500,LUCAS DIEZ BOVE,66,PL,2022,-22.9654531,-47.1619263
1449,2251,ADILSON BARROSO OLIVEIRA,37,PL,2022,-22.9654531,-47.1619263
1449,2270,MARCO ANTONIO FELICIANO,158,PL,2022,-22.9654531,-47.1619263
1449,2274,JEFFERSON ALVES DE CAMPOS,130,PL,2022,-22.9654531,-47.1619263
1449,2290,GUILHERME MURARO DERRITE,90,PL,2022,-22.9654531,-47.1619263
1449,22922,VALERIA MULLER RAMOS BOLSONARO,306,PL,2022,-22.9654531,-47.1619263
1449,2300,MARCO ANTONIO VILLA,46,CIDADANIA,2022,-22.9654531,-47.1619263
1449,23000,RAFAEL FERNANDO ZIMBALDI,634,CIDADANIA,2022,-22.9654531,-47.1619263
1449,23456,ANTONIO DIRCEU DALBEN,147,CIDADANIA,2022,-22.9654531,-47.1619263
1449,23888,LI LI MIN,47,CIDADANIA,2022,-22.9654531,-47.1619263
1449,287,JANAINA CONCEIÇÃO PASCHOAL,202,PRTB,2022,-22.9654531,-47.1619263
1449,30,Partido Novo,50,NOVO,2022,-22.9654531,-47.1619263
1449,30,VINICIUS LAZZER POIT,181,NOVO,2022,-22.9654531,-47.1619263
1449,300,RICARDO LUIS MELLÃO,156,NOVO,2022,-22.9654531,-47.1619263
1449,3000,ALEXIS JOSEPH STEVERLYNCK FONTEYNE,42,NOVO,2022,-22.9654531,-47.1619263
1449,3030,ADRIANA MIGUEL VENTURA,53,NOVO,2022,-22.9654531,-47.1619263
1449,30730,HENRIQUE MAGALHÃES TEIXEIRA,43,NOVO,2022,-22.9654531,-47.1619263
1449,40,Partido Socialista Brasileiro,102,,2022,-22.9654531,-47.1619263
1449,400,MÁRCIO LUIZ FRANÇA GOMES,3760,PSB,2022,-22.9654531,-47.1619263
1449,4000,JONAS DONIZETTE FERREIRA,616,PSB,2022,-22.9654531,-47.1619263
1449,40000,ANDRÉA WERNER SILVA BONOLI,46,PSB,2022,-22.9654531,-47.1619263
1449,4040,TABATA CLAUDIA AMARAL DE PONTES,166,PSB,2022,-22.9654531,-47.1619263
1449,40456,PERMÍNIO MONTEIRO DA SILVA,167,PSB,2022,-22.9654531,-47.1619263
1449,4400,ROSANGELA MARIA WOLFF DE QUADROS MORO,87,UNIÃO,2022,-22.9654531,-47.1619263
1449,44007,FELIPE SOUZA MURAKAMI DE FRANCO,40,UNIÃO,2022,-22.9654531,-47.1619263
1449,44019,RODRIGO LUIS DE BARROS ALMEIDA,213,UNIÃO,2022,-22.9654531,-47.1619263
1449,4407,FELIPE BECARI COMENALE,55,UNIÃO,2022,-22.9654531,-47.1619263
1449,4411,DAVID BEZERRA RIBEIRO SOARES,54,UNIÃO,2022,-22.9654531,-47.1619263
1449,44111,DANIEL BEZERRA RIBEIRO SOARES,44,UNIÃO,2022,-22.9654531,-47.1619263
1449,44220,ANDRE CRISTHIANO CAYRES RIBEIRO,66,UNIÃO,2022,-22.9654531,-47.1619263
1449,4425,ALEXANDRE LEITE DA SILVA,56,UNIÃO,2022,-22.9654531,-47.1619263
1449,4433,KIM PATROCA KATAGUIRI,142,UNIÃO,2022,-22.9654531,-47.1619263
1449,4434,DOUGLAS DE PAULO VIEGAS,48,UNIÃO,2022,-22.9654531,-47.1619263
1449,44777,AUGUSTO ZACARIAS CORREA LEITE,64,UNIÃO,2022,-22.9654531,-47.1619263
1449,45,Partido da Social Democracia Brasileira,43,PSDB,2022,-22.9654531,-47.1619263
1449,45,RODRIGO GARCIA,1316,PSDB,2022,-22.9654531,-47.1619263
1449,4500,CARLOS HENRIQUE FOCESI SAMPAIO,276,PSDB,2022,-22.9654531,-47.1619263
1449,45200,CÉLIA CAMARGO LEÃO EDELMUTH,127,PSDB,2022,-22.9654531,-47.1619263
1449,45678,LUIZ HENRIQUE CIRILO,55,PSDB,2022,-22.9654531,-47.1619263
1449,5000,SÂMIA DE SOUZA BOMFIM,179,PSOL,2022,-22.9654531,-47.1619263
1449,50000,PAULA NUNES DOS SANTOS,103,PSOL,2022,-22.9654531,-47.1619263
1449,5010,GUILHERME CASTRO BOULOS,332,PSOL,2022,-22.9654531,-47.1619263
1449,50100,MARIANA CONTI TAKAHASHI,381,PSOL,2022,-22.9654531,-47.1619263
1449,50110,EDIANE MARIA DO NASCIMENTO,45,PSOL,2022,-22.9654531,-47.1619263
1449,5050,IVAN VALENTE,34,PSOL,2022,-22.9654531,-47.1619263
1449,5070,ERIKA SANTOS SILVA,128,PSOL,2022,-22.9654531,-47.1619263
1449,50777,PAULO ROBERTO BUFALO,61,PSOL,2022,-22.9654531,-47.1619263
1449,50789,CARLOS ALBERTO GIANNASI,51,PSOL,2022,-22.9654531,-47.1619263
1449,5088,SÔNIA BONE DE SOUSA SILVA SANTOS,76,PSOL,2022,-22.9654531,-47.1619263
1449,55300,VALÉRIA APARECIDA COSTA TORRES,34,PSD,2022,-22.9654531,-47.1619263
1449,55400,MARTA MARIA FREIRE DA COSTA,233,PSD,2022,-22.9654531,-47.1619263
1449,55655,ARTUR CASSEB ORSI,172,PSD,2022,-22.9654531,-47.1619263
1449,5577,ANTONIO CEZAR CORREIA FREIRE,38,PSD,2022,-22.9654531,-47.1619263
1449,55777,OSEIAS SANTOS DA SILVA,41,PSD,2022,-22.9654531,-47.1619263
1449,65035,LECI BRANDÃO DA SILVA,54,PC DO B,2022,-22.9654531,-47.1619263
1449,6565,ORLANDO SILVA DE JESUS JUNIOR,117,PC DO B,2022,-22.9654531,-47.1619263
1449,65656,MARCIA REGINA QUINTANILHA,50,PC DO B,2022,-22.9654531,-47.1619263
1449,77040,ADILSON DE SOUZA ROCHA,36,SOLIDARIEDADE,2022,-22.9654531,-47.1619263
1449,7719,MARCELO HENRIQUE SILVA,60,SOLIDARIEDADE,2022,-22.9654531,-47.1619263
1449,80,CAROLINA REJAILI VIGLIAR,42,UP,2022,-22.9654531,-47.1619263
1449,800,VIVIAN MENDES DA SILVA,154,UP,2022,-22.9654531,-47.1619263
1449,9000,PABLO HENRIQUE COSTA MARÇAL,137,PROS,2022,-22.9654531,-47.1619263
1449,90000,NEZIO ANTONIO MONTEIRO FILHO,44,PROS,2022,-22.9654531,-47.1619263
1449,95,VOTO BRANCO,5858,,2022,-22.9654531,-47.1619263
1449,96,VOTO NULO,5756,,2022,-22.9654531,-47.1619263
1457,10,TARCISIO GOMES DE FREITAS,5472,REPUBLICANOS,2022,-22.8588753,-47.0612683
1457,1000,CELSO UBIRAJARA RUSSOMANNO,81,REPUBLICANOS,2022,-22.8588753,-47.0612683
1457,10099,LEONICE ALVES DA PAZ,31,REPUBLICANOS,2022,-22.8588753,-47.0612683
1457,1010,MARCOS ANTONIO PEREIRA,66,REPUBLICANOS,2022,-22.8588753,-47.0612683
1457,10123,GILMACI DOS SANTOS BARBOSA,86,REPUBLICANOS,2022,-22.8588753,-47.0612683
1457,10200,HIGOR DIEGO RALLA,531,REPUBLICANOS,2022,-22.8588753,-47.0612683
1457,10222,ÉLITON SOUSA LEITE,30,REPUBLICANOS,2022,-22.8588753,-47.0612683
1457,10550,TOME ABDUCH,63,REPUBLICANOS,2022,-22.8588753,-47.0612683
1457,1078,BENEDITO ROBERTO ALVES FERREIRA,93,REPUBLICANOS,2022,-22.8588753,-47.0612683
1457,1111,BRUNO MARCELLO DE OLIVEIRA LIMA,110,PP,2022,-22.8588753,-47.0612683
1457,1112,ISRAEL NANTES SANTOS,52,PP,2022,-22.8588753,-47.0612683
1457,1122,CARLOS ALBERTO DA CUNHA,43,PP,2022,-22.8588753,-47.0612683
1457,12,ELVIS LEONARDO CEZAR,58,PDT,2022,-22.8588753,-47.0612683
1457,123,JOSÉ ALDO REBELO FIGUEIREDO,59,PDT,2022,-22.8588753,-47.0612683
1457,13,FERNANDO HADDAD,4941,PT,2022,-22.8588753,-47.0612683
1457,13,Partido dos Trabalhadores,283,PT,2022,-22.8588753,-47.0612683
1457,13120,CARLOS ROBERTO DE OLIVEIRA,42,PT,2022,-22.8588753,-47.0612683
1457,13121,ANA LUCIA LIPPAUS PERUGINI,62,PT,2022,-22.8588753,-47.0612683
1457,13123,MARIA IZABEL AZEVEDO NORONHA,60,PT,2022,-22.8588753,-47.0612683
1457,1313,RUI GOETHE DA COSTA FALCÃO,34,PT,2022,-22.8588753,-47.0612683
1457,13133,EDUARDO MATARAZZO SUPLICY,169,PT,2022,-22.8588753,-47.0612683
1457,1319,PEDRO TOURINHO DE SIQUEIRA,572,PT,2022,-22.8588753,-47.0612683
1457,13199,PAOLLA CATHERINE DOS SANTOS MIGUEL AGARD,138,PT,2022,-22.8588753,-47.0612683
1457,1358,ALENCAR SANTANA BRAGA,30,PT,2022,-22.8588753,-47.0612683
1457,13651,PAULO BATISTA DOS REIS,126,PT,2022,-22.8588753,-47.0612683
1457,1366,MARIANA CERGOLI JANEIRO,48,PT,2022,-22.8588753,-47.0612683
1457,1370,CARLOS ALBERTO ROLIM ZARATTINI,63,PT,2022,-22.8588753,-47.0612683
1457,13700,ANTONIO DONATO MADORMO,49,PT,2022,-22.8588753,-47.0612683
1457,1380,JILMAR AUGUSTINHO TATTO,77,PT,2022,-22.8588753,-47.0612683
1457,13800,JORGE DO CARMO SILVA,30,PT,2022,-22.8588753,-47.0612683
1457,1500,MARIO PALUMBO JUNIOR,40,MDB,2022,-22.8588753,-47.0612683
1457,155,EDSON APARECIDO DOS SANTOS,209,MDB,2022,-22.8588753,-47.0612683
1457,1580,FÁBIO EDUARDO DE OLIVEIRA TERUEL,35,MDB,2022,-22.8588753,-47.0612683
1457,1587,ARNALDO SALVETTI PALACIO JUNIOR,82,MDB,2022,-22.8588753,-47.0612683
1457,1818,MARIA OSMARINA MARINA DA SILVA VAZ DE LIMA,58,REDE,2022,-22.8588753,-47.0612683
1457,1910,BRUNO AREVALO GANEM,37,PODE,2022,-22.8588753,-47.0612683
1457,19101,CLARICE CARASSOL AREVALO GANEM,37,PODE,2022,-22.8588753,-47.0612683
1457,1911,HENI OZI CUKIER,35,PODE,2022,-22.8588753,-47.0612683
1457,22,Partido Liberal,151,,2022,-22.8588753,-47.0612683
1457,22000,DIMAS MECCA SAMPAIO,57,PL,2022,-22.8588753,-47.0612683
1457,2208,MARIO LUIS FRIAS,48,PL,2022,-22.8588753,-47.0612683
1457,2210,CARLA ZAMBELLI SALGADO DE OLIVEIRA,303,PL,2022,-22.8588753,-47.0612683
1457,22100,BRUNO ZAMBELLI SALGADO,77,PL,2022,-22.8588753,-47.0612683
1457,22112,CARLOS CEZAR DA SILVA,47,PL,2022,-22.8588753,-47.0612683
1457,22120,GILDEVANIO ILSO DOS SANTOS DINIZ,63,PL,2022,-22.8588753,-47.0612683
1457,22138,ROBERVAL CONTE LOPES LIMA,38,PL,2022,-22.8588753,-47.0612683
1457,222,MARCOS CESAR PONTES,2522,PL,2022,-22.8588753,-47.0612683
1457,2222,EDUARDO NANTES BOLSONARO,286,PL,2022,-22.8588753,-47.0612683
1457,2233,PAULO ROBERTO FREIRE DA COSTA,129,PL,2022,-22.8588753,-47.0612683
1457,22422,PAULO JORGE MANSUR NETO,56,PL,2022,-22.8588753,-47.0612683
1457,22444,MATHEUS COIMBRA MARTINS DE AGUIAR,32,PL,2022,-22.8588753,-47.0612683
1457,2250,RICARDO DE AQUINO SALLES,181,PL,2022,-22.8588753,-47.0612683
1457,22500,LUCAS DIEZ BOVE,45,PL,2022,-22.8588753,-47.0612683
1457,2270,MARCO ANTONIO FELICIANO,70,PL,2022,-22.8588753,-47.0612683
1457,2274,JEFFERSON ALVES DE CAMPOS,43,PL,2022,-22.8588753,-47.0612683
1457,2290,GUILHERME MURARO DERRITE,53,PL,2022,-22.8588753,-47.0612683
1457,22922,VALERIA MULLER RAMOS BOLSONARO,156,PL,2022,-22.8588753,-47.0612683
1457,23000,RAFAEL FERNANDO ZIMBALDI,308,CIDADANIA,2022,-22.8588753,-47.0612683
1457,23456,ANTONIO DIRCEU DALBEN,40,CIDADANIA,2022,-22.8588753,-47.0612683
1457,287,JANAINA CONCEIÇÃO PASCHOAL,117,PRTB,2022,-22.8588753,-47.0612683
1457,30,VINICIUS LAZZER POIT,102,NOVO,2022,-22.8588753,-47.0612683
1457,300,RICARDO LUIS MELLÃO,77,NOVO,2022,-22.8588753,-47.0612683
1457,3030,ADRIANA MIGUEL VENTURA,31,NOVO,2022,-22.8588753,-47.0612683
1457,40,Partido Socialista Brasileiro,50,,2022,-22.8588753,-47.0612683
1457,400,MÁRCIO LUIZ FRANÇA GOMES,1869,PSB,2022,-22.8588753,-47.0612683
1457,4000,JONAS DONIZETTE FERREIRA,246,PSB,2022,-22.8588753,-47.0612683
1457,4040,TABATA CLAUDIA AMARAL DE PONTES,75,PSB,2022,-22.8588753,-47.0612683
1457,40456,PERMÍNIO MONTEIRO DA SILVA,48,PSB,2022,-22.8588753,-47.0612683
1457,4400,ROSANGELA MARIA WOLFF DE QUADROS MORO,43,UNIÃO,2022,-22.8588753,-47.0612683
1457,44019,RODRIGO LUIS DE BARROS ALMEIDA,297,UNIÃO,2022,-22.8588753,-47.0612683
1457,4407,FELIPE BECARI COMENALE,31,UNIÃO,2022,-22.8588753,-47.0612683
1457,44220,ANDRE CRISTHIANO CAYRES RIBEIRO,64,UNIÃO,2022,-22.8588753,-47.0612683
1457,4425,ALEXANDRE LEITE DA SILVA,48,UNIÃO,2022,-22.8588753,-47.0612683
1457,4433,KIM PATROCA KATAGUIRI,84,UNIÃO,2022,-22.8588753,-47.0612683
1457,44777,AUGUSTO ZACARIAS CORREA LEITE,37,UNIÃO,2022,-22.8588753,-47.0612683
1457,45,RODRIGO GARCIA,671,PSDB,2022,-22.8588753,-47.0612683
1457,4500,CARLOS HENRIQUE FOCESI SAMPAIO,166,PSDB,2022,-22.8588753,-47.0612683
1457,45200,CÉLIA CAMARGO LEÃO EDELMUTH,68,PSDB,2022,-22.8588753,-47.0612683
1457,45678,LUIZ HENRIQUE CIRILO,51,PSDB,2022,-22.8588753,-47.0612683
1457,5000,SÂMIA DE SOUZA BOMFIM,66,PSOL,2022,-22.8588753,-47.0612683
1457,50000,PAULA NUNES DOS SANTOS,37,PSOL,2022,-22.8588753,-47.0612683
1457,5010,GUILHERME CASTRO BOULOS,173,PSOL,2022,-22.8588753,-47.0612683
1457,50100,MARIANA CONTI TAKAHASHI,144,PSOL,2022,-22.8588753,-47.0612683
1457,50110,EDIANE MARIA DO NASCIMENTO,33,PSOL,2022,-22.8588753,-47.0612683
1457,5070,ERIKA SANTOS SILVA,79,PSOL,2022,-22.8588753,-47.0612683
1457,5088,SÔNIA BONE DE SOUSA SILVA SANTOS,32,PSOL,2022,-22.8588753,-47.0612683
1457,55400,MARTA MARIA FREIRE DA COSTA,91,PSD,2022,-22.8588753,-47.0612683
1457,55655,ARTUR CASSEB ORSI,114,PSD,2022,-22.8588753,-47.0612683
1457,6565,ORLANDO SILVA DE JESUS JUNIOR,57,PC DO B,2022,-22.8588753,-47.0612683
1457,65656,MARCIA REGINA QUINTANILHA,35,PC DO B,2022,-22.8588753,-47.0612683
1457,7719,MARCELO HENRIQUE SILVA,49,SOLIDARIEDADE,2022,-22.8588753,-47.0612683
1457,80,CAROLINA REJAILI VIGLIAR,30,UP,2022,-22.8588753,-47.0612683
1457,800,VIVIAN MENDES DA SILVA,94,UP,2022,-22.8588753,-47.0612683
1457,9000,PABLO HENRIQUE COSTA MARÇAL,71,PROS,2022,-22.8588753,-47.0612683
1457,95,VOTO BRANCO,2638,,2022,-22.8588753,-47.0612683
1457,96,VOTO NULO,2852,,2022,-22.8588753,-47.0612683
1465,10,TARCISIO GOMES DE FREITAS,6968,REPUBLICANOS,2022,-22.893859,-47.085441
1465,1000,CELSO UBIRAJARA RUSSOMANNO,72,REPUBLICANOS,2022,-22.893859,-47.085441
1465,1010,MARCOS ANTONIO PEREIRA,130,REPUBLICANOS,2022,-22.893859,-47.085441
1465,10123,GILMACI DOS SANTOS BARBOSA,93,REPUBLICANOS,2022,-22.893859,-47.085441
1465,10200,HIGOR DIEGO RALLA,944,REPUBLICANOS,2022,-22.893859,-47.085441
1465,1023,HENRIQUE STEIN SCIASCIO,37,REPUBLICANOS,2022,-22.893859,-47.085441
1465,10550,TOME ABDUCH,137,REPUBLICANOS,2022,-22.893859,-47.085441
1465,1078,BENEDITO ROBERTO ALVES FERREIRA,109,REPUBLICANOS,2022,-22.893859,-47.085441
1465,1111,BRUNO MARCELLO DE OLIVEIRA LIMA,151,PP,2022,-22.893859,-47.085441
1465,1112,ISRAEL NANTES SANTOS,42,PP,2022,-22.893859,-47.085441
1465,1122,CARLOS ALBERTO DA CUNHA,66,PP,2022,-22.893859,-47.085441
1465,12,ELVIS LEONARDO CEZAR,53,PDT,2022,-22.893859,-47.085441
1465,123,JOSÉ ALDO REBELO FIGUEIREDO,74,PDT,2022,-22.893859,-47.085441
1465,13,FERNANDO HADDAD,5493,PT,2022,-22.893859,-47.085441
1465,13,Partido dos Trabalhadores,218,PT,2022,-22.893859,-47.085441
1465,13121,ANA LUCIA LIPPAUS PERUGINI,41,PT,2022,-22.893859,-47.085441
1465,13133,EDUARDO MATARAZZO SUPLICY,248,PT,2022,-22.893859,-47.085441
1465,1319,PEDRO TOURINHO DE SIQUEIRA,509,PT,2022,-22.893859,-47.085441
1465,13199,PAOLLA CATHERINE DOS SANTOS MIGUEL AGARD,204,PT,2022,-22.893859,-47.085441
1465,13300,WAGNER DE MELO ROMÃO,53,PT,2022,-22.893859,-47.085441
1465,13651,PAULO BATISTA DOS REIS,85,PT,2022,-22.893859,-47.085441
1465,1366,MARIANA CERGOLI JANEIRO,41,PT,2022,-22.893859,-47.085441
1465,1380,JILMAR AUGUSTINHO TATTO,42,PT,2022,-22.893859,-47.085441
1465,1414,ADRILLES REIS JORGE,41,PTB,2022,-22.893859,-47.085441
1465,1500,MARIO PALUMBO JUNIOR,34,MDB,2022,-22.893859,-47.085441
1465,155,EDSON APARECIDO DOS SANTOS,253,MDB,2022,-22.893859,-47.085441
1465,1580,FÁBIO EDUARDO DE OLIVEIRA TERUEL,43,MDB,2022,-22.893859,-47.085441
1465,1587,ARNALDO SALVETTI PALACIO JUNIOR,76,MDB,2022,-22.893859,-47.085441
1465,1818,MARIA OSMARINA MARINA DA SILVA VAZ DE LIMA,100,REDE,2022,-22.893859,-47.085441
1465,1910,BRUNO AREVALO GANEM,33,PODE,2022,-22.893859,-47.085441
1465,19101,CLARICE CARASSOL AREVALO GANEM,30,PODE,2022,-22.893859,-47.085441
1465,1911,HENI OZI CUKIER,47,PODE,2022,-22.893859,-47.085441
1465,22,Partido Liberal,166,,2022,-22.893859,-47.085441
1465,22000,DIMAS MECCA SAMPAIO,61,PL,2022,-22.893859,-47.085441
1465,2208,MARIO LUIS FRIAS,80,PL,2022,-22.893859,-47.085441
1465,2210,CARLA ZAMBELLI SALGADO DE OLIVEIRA,422,PL,2022,-22.893859,-47.085441
1465,22100,BRUNO ZAMBELLI SALGADO,93,PL,2022,-22.893859,-47.085441
1465,22112,CARLOS CEZAR DA SILVA,51,PL,2022,-22.893859,-47.085441
1465,22120,GILDEVANIO ILSO DOS SANTOS DINIZ,85,PL,2022,-22.893859,-47.085441
1465,22138,ROBERVAL CONTE LOPES LIMA,52,PL,2022,-22.893859,-47.085441
1465,222,MARCOS CESAR PONTES,3134,PL,2022,-22.893859,-47.085441
1465,2222,EDUARDO NANTES BOLSONARO,328,PL,2022,-22.893859,-47.085441
1465,22222,MARCOS ROBERTO DAMASIO DA SILVA,34,PL,2022,-22.893859,-47.085441
1465,2233,PAULO ROBERTO FREIRE DA COSTA,95,PL,2022,-22.893859,-47.085441
1465,22422,PAULO JORGE MANSUR NETO,53,PL,2022,-22.893859,-47.085441
1465,2243,LUIZ PHILIPPE DE ORLEANS E BRAGANÇA,34,PL,2022,-22.893859,-47.085441
1465,22444,MATHEUS COIMBRA MARTINS DE AGUIAR,49,PL,2022,-22.893859,-47.085441
1465,2247,PAULO FRANCISCO MUNIZ BILYNSKYJ,34,PL,2022,-22.893859,-47.085441
1465,2250,RICARDO DE AQUINO SALLES,274,PL,2022,-22.893859,-47.085441
1465,22500,LUCAS DIEZ BOVE,56,PL,2022,-22.893859,-47.085441
1465,2251,ADILSON BARROSO OLIVEIRA,32,PL,2022,-22.893859,-47.085441
1465,2270,MARCO ANTONIO FELICIANO,67,PL,2022,-22.893859,-47.085441
1465,2274,JEFFERSON ALVES DE CAMPOS,50,PL,2022,-22.893859,-47.085441
1465,2290,GUILHERME MURARO DERRITE,45,PL,2022,-22.893859,-47.085441
1465,22922,VALERIA MULLER RAMOS BOLSONARO,188,PL,2022,-22.893859,-47.085441
1465,2300,MARCO ANTONIO VILLA,46,CIDADANIA,2022,-22.893859,-47.085441
1465,23000,RAFAEL FERNANDO ZIMBALDI,293,CIDADANIA,2022,-22.893859,-47.085441
1465,23456,ANTONIO DIRCEU DALBEN,79,CIDADANIA,2022,-22.893859,-47.085441
1465,287,JANAINA CONCEIÇÃO PASCHOAL,210,PRTB,2022,-22.893859,-47.085441
1465,30,Partido Novo,64,NOVO,2022,-22.893859,-47.085441
1465,30,VINICIUS LAZZER POIT,160,NOVO,2022,-22.893859,-47.085441
1465,300,RICARDO LUIS MELLÃO,173,NOVO,2022,-22.893859,-47.085441
1465,3000,ALEXIS JOSEPH STEVERLYNCK FONTEYNE,57,NOVO,2022,-22.893859,-47.085441
1465,3030,ADRIANA MIGUEL VENTURA,40,NOVO,2022,-22.893859,-47.085441
1465,30600,LEONARDO DE SIQUEIRA LIMA,55,NOVO,2022,-22.893859,-47.085441
1465,30730,HENRIQUE MAGALHÃES TEIXEIRA,51,NOVO,2022,-22.893859,-47.085441
1465,35352,FERNANDO LUIS COUTINHO NEVES,42,PMB,2022,-22.893859,-47.085441
1465,40,Partido Socialista Brasileiro,38,,2022,-22.893859,-47.085441
1465,400,MÁRCIO LUIZ FRANÇA GOMES,2173,PSB,2022,-22.893859,-47.085441
1465,4000,JONAS DONIZETTE FERREIRA,310,PSB,2022,-22.893859,-47.085441
1465,40000,ANDRÉA WERNER SILVA BONOLI,61,PSB,2022,-22.893859,-47.085441
1465,4040,TABATA CLAUDIA AMARAL DE PONTES,153,PSB,2022,-22.893859,-47.085441
1465,40456,PERMÍNIO MONTEIRO DA SILVA,81,PSB,2022,-22.893859,-47.085441
1465,4400,ROSANGELA MARIA WOLFF DE QUADROS MORO,87,UNIÃO,2022,-22.893859,-47.085441
1465,44019,RODRIGO LUIS DE BARROS ALMEIDA,42,UNIÃO,2022,-22.893859,-47.085441
1465,4407,FELIPE BECARI COMENALE,41,UNIÃO,2022,-22.893859,-47.085441
1465,44220,ANDRE CRISTHIANO CAYRES RIBEIRO,57,UNIÃO,2022,-22.893859,-47.085441
1465,4433,KIM PATROCA KATAGUIRI,139,UNIÃO,2022,-22.893859,-47.085441
1465,44777,AUGUSTO ZACARIAS CORREA LEITE,73,UNIÃO,2022,-22.893859,-47.085441
1465,45,Partido da Social Democracia Brasileira,39,PSDB,2022,-22.893859,-47.085441
1465,45,RODRIGO GARCIA,884,PSDB,2022,-22.893859,-47.085441
1465,4500,CARLOS HENRIQUE FOCESI SAMPAIO,213,PSDB,2022,-22.893859,-47.085441
1465,45200,CÉLIA CAMARGO LEÃO EDELMUTH,118,PSDB,2022,-22.893859,-47.085441
1465,45678,LUIZ HENRIQUE CIRILO,88,PSDB,2022,-22.893859,-47.085441
1465,5000,SÂMIA DE SOUZA BOMFIM,126,PSOL,2022,-22.893859,-47.085441
1465,50000,PAULA NUNES DOS SANTOS,85,PSOL,2022,-22.893859,-47.085441
1465,5010,GUILHERME CASTRO BOULOS,305,PSOL,2022,-22.893859,-47.085441
1465,50100,MARIANA CONTI TAKAHASHI,292,PSOL,2022,-22.893859,-47.085441
1465,50110,EDIANE MARIA DO NASCIMENTO,55,PSOL,2022,-22.893859,-47.085441
1465,5070,ERIKA SANTOS SILVA,97,PSOL,2022,-22.893859,-47.085441
1465,50777,PAULO ROBERTO BUFALO,41,PSOL,2022,-22.893859,-47.085441
1465,50789,CARLOS ALBERTO GIANNASI,50,PSOL,2022,-22.893859,-47.085441
1465,5088,SÔNIA BONE DE SOUSA SILVA SANTOS,88,PSOL,2022,-22.893859,-47.085441
1465,55400,MARTA MARIA FREIRE DA COSTA,47,PSD,2022,-22.893859,-47.085441
1465,5555,GUILHERME CAMPOS JUNIOR,34,PSD,2022,-22.893859,-47.085441
1465,55655,ARTUR CASSEB ORSI,136,PSD,2022,-22.893859,-47.085441
1465,6565,ORLANDO SILVA DE JESUS JUNIOR,74,PC DO B,2022,-22.893859,-47.085441
1465,65656,MARCIA REGINA QUINTANILHA,37,PC DO B,2022,-22.893859,-47.085441
1465,7719,MARCELO HENRIQUE SILVA,32,SOLIDARIEDADE,2022,-22.893859,-47.085441
1465,80,CAROLINA REJAILI VIGLIAR,37,UP,2022,-22.893859,-47.085441
1465,800,VIVIAN MENDES DA SILVA,134,UP,2022,-22.893859,-47.085441
1465,9000,PABLO HENRIQUE COSTA MARÇAL,105,PROS,2022,-22.893859,-47.085441
1465,90000,NEZIO ANTONIO MONTEIRO FILHO,35,PROS,2022,-22.893859,-47.085441
1465,95,VOTO BRANCO,2429,,2022,-22.893859,-47.085441
1465,96,VOTO NULO,2785,,2022,-22.893859,-47.085441
1473,10,TARCISIO GOMES DE FREITAS,2168,REPUBLICANOS,2022,-22.9307354,-47.1661866
1473,1000,CELSO UBIRAJARA RUSSOMANNO,34,REPUBLICANOS,2022,-22.9307354,-47.1661866
1473,10123,GILMACI DOS SANTOS BARBOSA,56,REPUBLICANOS,2022,-22.9307354,-47.1661866
1473,10200,HIGOR DIEGO RALLA,230,REPUBLICANOS,2022,-22.9307354,-47.1661866
1473,1078,BENEDITO ROBERTO ALVES FERREIRA,51,REPUBLICANOS,2022,-22.9307354,-47.1661866
1473,1111,BRUNO MARCELLO DE OLIVEIRA LIMA,33,PP,2022,-22.9307354,-47.1661866
1473,12,ELVIS LEONARDO CEZAR,36,PDT,2022,-22.9307354,-47.1661866
1473,12200,WILSON KELLER DE MATOS,46,PDT,2022,-22.9307354,-47.1661866
1473,13,FERNANDO HADDAD,2538,PT,2022,-22.9307354,-47.1661866
1473,13,Partido dos Trabalhadores,138,PT,2022,-22.9307354,-47.1661866
1473,13016,THAINARA KAROLINE FARIA,116,PT,2022,-22.9307354,-47.1661866
1473,13121,ANA LUCIA LIPPAUS PERUGINI,108,PT,2022,-22.9307354,-47.1661866
1473,13133,EDUARDO MATARAZZO SUPLICY,35,PT,2022,-22.9307354,-47.1661866
1473,1319,PEDRO TOURINHO DE SIQUEIRA,342,PT,2022,-22.9307354,-47.1661866
1473,13199,PAOLLA CATHERINE DOS SANTOS MIGUEL AGARD,44,PT,2022,-22.9307354,-47.1661866
1473,13290,LEANDRO CÂNDIDO SOARES,68,PT,2022,-22.9307354,-47.1661866
1473,13300,WAGNER DE MELO ROMÃO,30,PT,2022,-22.9307354,-47.1661866
1473,13651,PAULO BATISTA DOS REIS,31,PT,2022,-22.9307354,-47.1661866
1473,1370,CARLOS ALBERTO ROLIM ZARATTINI,37,PT,2022,-22.9307354,-47.1661866
1473,1380,JILMAR AUGUSTINHO TATTO,152,PT,2022,-22.9307354,-47.1661866
1473,155,EDSON APARECIDO DOS SANTOS,56,MDB,2022,-22.9307354,-47.1661866
1473,1587,ARNALDO SALVETTI PALACIO JUNIOR,43,MDB,2022,-22.9307354,-47.1661866
1473,22,Partido Liberal,63,,2022,-22.9307354,-47.1661866
1473,2210,CARLA ZAMBELLI SALGADO DE OLIVEIRA,80,PL,2022,-22.9307354,-47.1661866
1473,222,MARCOS CESAR PONTES,1031,PL,2022,-22.9307354,-47.1661866
1473,2222,EDUARDO NANTES BOLSONARO,113,PL,2022,-22.9307354,-47.1661866
1473,2233,PAULO ROBERTO FREIRE DA COSTA,146,PL,2022,-22.9307354,-47.1661866
1473,2250,RICARDO DE AQUINO SALLES,40,PL,2022,-22.9307354,-47.1661866
1473,2270,MARCO ANTONIO FELICIANO,42,PL,2022,-22.9307354,-47.1661866
1473,22922,VALERIA MULLER RAMOS BOLSONARO,55,PL,2022,-22.9307354,-47.1661866
1473,23000,RAFAEL FERNANDO ZIMBALDI,97,CIDADANIA,2022,-22.9307354,-47.1661866
1473,30,VINICIUS LAZZER POIT,30,NOVO,2022,-22.9307354,-47.1661866
1473,40,Partido Socialista Brasileiro,39,,2022,-22.9307354,-47.1661866
1473,400,MÁRCIO LUIZ FRANÇA GOMES,1026,PSB,2022,-22.9307354,-47.1661866
1473,4000,JONAS DONIZETTE FERREIRA,183,PSB,2022,-22.9307354,-47.1661866
1473,40456,PERMÍNIO MONTEIRO DA SILVA,74,PSB,2022,-22.9307354,-47.1661866
1473,45,RODRIGO GARCIA,208,PSDB,2022,-22.9307354,-47.1661866
1473,45200,CÉLIA CAMARGO LEÃO EDELMUTH,51,PSDB,2022,-22.9307354,-47.1661866
1473,5010,GUILHERME CASTRO BOULOS,46,PSOL,2022,-22.9307354,-47.1661866
1473,50100,MARIANA CONTI TAKAHASHI,47,PSOL,2022,-22.9307354,-47.1661866
1473,55400,MARTA MARIA FREIRE DA COSTA,101,PSD,2022,-22.9307354,-47.1661866
1473,55655,ARTUR CASSEB ORSI,31,PSD,2022,-22.9307354,-47.1661866
1473,7719,MARCELO HENRIQUE SILVA,30,SOLIDARIEDADE,2022,-22.9307354,-47.1661866
1473,9000,PABLO HENRIQUE COSTA MARÇAL,31,PROS,2022,-22.9307354,-47.1661866
1473,95,VOTO BRANCO,1383,,2022,-22.9307354,-47.1661866
1473,96,VOTO NULO,1256,,2022,-22.9307354,-47.1661866
1481,10,TARCISIO GOMES DE FREITAS,6546,REPUBLICANOS,2022,-22.947271,-47.0254278
1481,1000,CELSO UBIRAJARA RUSSOMANNO,110,REPUBLICANOS,2022,-22.947271,-47.0254278
1481,10099,LEONICE ALVES DA PAZ,32,REPUBLICANOS,2022,-22.947271,-47.0254278
1481,1010,MARCOS ANTONIO PEREIRA,48,REPUBLICANOS,2022,-22.947271,-47.0254278
1481,10123,GILMACI DOS SANTOS BARBOSA,202,REPUBLICANOS,2022,-22.947271,-47.0254278
1481,10200,HIGOR DIEGO RALLA,434,REPUBLICANOS,2022,-22.947271,-47.0254278
1481,10222,ÉLITON SOUSA LEITE,37,REPUBLICANOS,2022,-22.947271,-47.0254278
1481,10550,TOME ABDUCH,34,REPUBLICANOS,2022,-22.947271,-47.0254278
1481,1078,BENEDITO ROBERTO ALVES FERREIRA,210,REPUBLICANOS,2022,-22.947271,-47.0254278
1481,1111,BRUNO MARCELLO DE OLIVEIRA LIMA,106,PP,2022,-22.947271,-47.0254278
1481,1112,ISRAEL NANTES SANTOS,53,PP,2022,-22.947271,-47.0254278
1481,1122,CARLOS ALBERTO DA CUNHA,60,PP,2022,-22.947271,-47.0254278
1481,11777,ANTONIO ASSUNÇÃO DE OLIM,35,PP,2022,-22.947271,-47.0254278
1481,12,ELVIS LEONARDO CEZAR,72,PDT,2022,-22.947271,-47.0254278
1481,12,Partido Democrático Trabalhista,40,PDT,2022,-22.947271,-47.0254278
1481,12200,WILSON KELLER DE MATOS,41,PDT,2022,-22.947271,-47.0254278
1481,123,JOSÉ ALDO REBELO FIGUEIREDO,73,PDT,2022,-22.947271,-47.0254278
1481,13,FERNANDO HADDAD,6300,PT,2022,-22.947271,-47.0254278
1481,13,Partido dos Trabalhadores,332,PT,2022,-22.947271,-47.0254278
1481,13016,THAINARA KAROLINE FARIA,38,PT,2022,-22.947271,-47.0254278
1481,13112,EVELYN SILVA DO NASCIMENTO VICENTE DA SILVA,77,PT,2022,-22.947271,-47.0254278
1481,13120,CARLOS ROBERTO DE OLIVEIRA,101,PT,2022,-22.947271,-47.0254278
1481,13121,ANA LUCIA LIPPAUS PERUGINI,109,PT,2022,-22.947271,-47.0254278
1481,13123,MARIA IZABEL AZEVEDO NORONHA,40,PT,2022,-22.947271,-47.0254278
1481,13131,EMIDIO PEREIRA DE SOUZA,42,PT,2022,-22.947271,-47.0254278
1481,13133,EDUARDO MATARAZZO SUPLICY,150,PT,2022,-22.947271,-47.0254278
1481,1319,PEDRO TOURINHO DE SIQUEIRA,710,PT,2022,-22.947271,-47.0254278
1481,13199,PAOLLA CATHERINE DOS SANTOS MIGUEL AGARD,153,PT,2022,-22.947271,-47.0254278
1481,13300,WAGNER DE MELO ROMÃO,38,PT,2022,-22.947271,-47.0254278
1481,13651,PAULO BATISTA DOS REIS,134,PT,2022,-22.947271,-47.0254278
1481,1366,MARIANA CERGOLI JANEIRO,99,PT,2022,-22.947271,-47.0254278
1481,1370,CARLOS ALBERTO ROLIM ZARATTINI,89,PT,2022,-22.947271,-47.0254278
1481,13700,ANTONIO DONATO MADORMO,69,PT,2022,-22.947271,-47.0254278
1481,1380,JILMAR AUGUSTINHO TATTO,151,PT,2022,-22.947271,-47.0254278
1481,155,EDSON APARECIDO DOS SANTOS,244,MDB,2022,-22.947271,-47.0254278
1481,1580,FÁBIO EDUARDO DE OLIVEIRA TERUEL,73,MDB,2022,-22.947271,-47.0254278
1481,1587,ARNALDO SALVETTI PALACIO JUNIOR,121,MDB,2022,-22.947271,-47.0254278
1481,1818,MARIA OSMARINA MARINA DA SILVA VAZ DE LIMA,65,REDE,2022,-22.947271,-47.0254278
1481,1910,BRUNO AREVALO GANEM,45,PODE,2022,-22.947271,-47.0254278
1481,19101,CLARICE CARASSOL AREVALO GANEM,31,PODE,2022,-22.947271,-47.0254278
1481,1919,RENATA HELLMEISTER DE ABREU MELO,30,PODE,2022,-22.947271,-47.0254278
1481,19519,EDUARDO DOS REIS MAGOGA,140,PODE,2022,-22.947271,-47.0254278
1481,2020,GILBERTO NASCIMENTO SILVA,31,PSC,2022,-22.947271,-47.0254278
1481,22,Partido Liberal,174,,2022,-22.947271,-47.0254278
1481,22000,DIMAS MECCA SAMPAIO,57,PL,2022,-22.947271,-47.0254278
1481,2208,MARIO LUIS FRIAS,62,PL,2022,-22.947271,-47.0254278
1481,2210,CARLA ZAMBELLI SALGADO DE OLIVEIRA,278,PL,2022,-22.947271,-47.0254278
1481,22100,BRUNO ZAMBELLI SALGADO,57,PL,2022,-22.947271,-47.0254278
1481,22112,CARLOS CEZAR DA SILVA,146,PL,2022,-22.947271,-47.0254278
1481,22120,GILDEVANIO ILSO DOS SANTOS DINIZ,63,PL,2022,-22.947271,-47.0254278
1481,22138,ROBERVAL CONTE LOPES LIMA,33,PL,2022,-22.947271,-47.0254278
1481,222,MARCOS CESAR PONTES,3010,PL,2022,-22.947271,-47.0254278
1481,2222,EDUARDO NANTES BOLSONARO,315,PL,2022,-22.947271,-47.0254278
1481,22222,MARCOS ROBERTO DAMASIO DA SILVA,40,PL,2022,-22.947271,-47.0254278
1481,2233,PAULO ROBERTO FREIRE DA COSTA,270,PL,2022,-22.947271,-47.0254278
1481,22422,PAULO JORGE MANSUR NETO,75,PL,2022,-22.947271,-47.0254278
1481,22444,MATHEUS COIMBRA MARTINS DE AGUIAR,31,PL,2022,-22.947271,-47.0254278
1481,2250,RICARDO DE AQUINO SALLES,149,PL,2022,-22.947271,-47.0254278
1481,22500,LUCAS DIEZ BOVE,36,PL,2022,-22.947271,-47.0254278
1481,2255,FRANCISCO EVERARDO TIRIRICA OLIVEIRA SILVA,35,PL,2022,-22.947271,-47.0254278
1481,22553,THELMA ELAINE BRASILEIRO ROBERTI,91,PL,2022,-22.947271,-47.0254278
1481,2270,MARCO ANTONIO FELICIANO,91,PL,2022,-22.947271,-47.0254278
1481,2274,JEFFERSON ALVES DE CAMPOS,150,PL,2022,-22.947271,-47.0254278
1481,2276,MARSCHELO RODRIGO MARIN MECHE,32,PL,2022,-22.947271,-47.0254278
1481,2277,MIGUEL LOMBARDI,34,PL,2022,-22.947271,-47.0254278
1481,2290,GUILHERME MURARO DERRITE,47,PL,2022,-22.947271,-47.0254278
1481,22922,VALERIA MULLER RAMOS BOLSONARO,173,PL,2022,-22.947271,-47.0254278
1481,23000,RAFAEL FERNANDO ZIMBALDI,320,CIDADANIA,2022,-22.947271,-47.0254278
1481,23456,ANTONIO DIRCEU DALBEN,55,CIDADANIA,2022,-22.947271,-47.0254278
1481,23888,LI LI MIN,52,CIDADANIA,2022,-22.947271,-47.0254278
1481,287,JANAINA CONCEIÇÃO PASCHOAL,111,PRTB,2022,-22.947271,-47.0254278
1481,30,VINICIUS LAZZER POIT,96,NOVO,2022,-22.947271,-47.0254278
1481,300,RICARDO LUIS MELLÃO,69,NOVO,2022,-22.947271,-47.0254278
1481,3030,ADRIANA MIGUEL VENTURA,31,NOVO,2022,-22.947271,-47.0254278
1481,40,Partido Socialista Brasileiro,89,,2022,-22.947271,-47.0254278
1481,400,MÁRCIO LUIZ FRANÇA GOMES,2438,PSB,2022,-22.947271,-47.0254278
1481,4000,JONAS DONIZETTE FERREIRA,472,PSB,2022,-22.947271,-47.0254278
1481,40000,ANDRÉA WERNER SILVA BONOLI,47,PSB,2022,-22.947271,-47.0254278
1481,4040,TABATA CLAUDIA AMARAL DE PONTES,80,PSB,2022,-22.947271,-47.0254278
1481,40456,PERMÍNIO MONTEIRO DA SILVA,188,PSB,2022,-22.947271,-47.0254278
1481,4400,ROSANGELA MARIA WOLFF DE QUADROS MORO,46,UNIÃO,2022,-22.947271,-47.0254278
1481,44019,RODRIGO LUIS DE BARROS ALMEIDA,63,UNIÃO,2022,-22.947271,-47.0254278
1481,44220,ANDRE CRISTHIANO CAYRES RIBEIRO,61,UNIÃO,2022,-22.947271,-47.0254278
1481,4433,KIM PATROCA KATAGUIRI,85,UNIÃO,2022,-22.947271,-47.0254278
1481,44777,AUGUSTO ZACARIAS CORREA LEITE,50,UNIÃO,2022,-22.947271,-47.0254278
1481,45,RODRIGO GARCIA,780,PSDB,2022,-22.947271,-47.0254278
1481,4500,CARLOS HENRIQUE FOCESI SAMPAIO,162,PSDB,2022,-22.947271,-47.0254278
1481,45200,CÉLIA CAMARGO LEÃO EDELMUTH,114,PSDB,2022,-22.947271,-47.0254278
1481,45678,LUIZ HENRIQUE CIRILO,95,PSDB,2022,-22.947271,-47.0254278
1481,5000,SÂMIA DE SOUZA BOMFIM,74,PSOL,2022,-22.947271,-47.0254278
1481,50000,PAULA NUNES DOS SANTOS,40,PSOL,2022,-22.947271,-47.0254278
1481,5010,GUILHERME CASTRO BOULOS,175,PSOL,2022,-22.947271,-47.0254278
1481,50100,MARIANA CONTI TAKAHASHI,122,PSOL,2022,-22.947271,-47.0254278
1481,50110,EDIANE MARIA DO NASCIMENTO,33,PSOL,2022,-22.947271,-47.0254278
1481,5070,ERIKA SANTOS SILVA,56,PSOL,2022,-22.947271,-47.0254278
1481,50777,PAULO ROBERTO BUFALO,38,PSOL,2022,-22.947271,-47.0254278
1481,50789,CARLOS ALBERTO GIANNASI,44,PSOL,2022,-22.947271,-47.0254278
1481,55000,ROBERTA MARIA GONÇALVES FRANCESCHI BOTION,39,PSD,2022,-22.947271,-47.0254278
1481,55400,MARTA MARIA FREIRE DA COSTA,228,PSD,2022,-22.947271,-47.0254278
1481,55655,ARTUR CASSEB ORSI,81,PSD,2022,-22.947271,-47.0254278
1481,6565,ORLANDO SILVA DE JESUS JUNIOR,84,PC DO B,2022,-22.947271,-47.0254278
1481,65656,MARCIA REGINA QUINTANILHA,71,PC DO B,2022,-22.947271,-47.0254278
1481,70033,FRANCISCA ROSANA MONTANHER,38,AVANTE,2022,-22.947271,-47.0254278
1481,77040,ADILSON DE SOUZA ROCHA,31,SOLIDARIEDADE,2022,-22.947271,-47.0254278
1481,7719,MARCELO HENRIQUE SILVA,33,SOLIDARIEDADE,2022,-22.947271,-47.0254278
1481,800,VIVIAN MENDES DA SILVA,73,UP,2022,-22.947271,-47.0254278
1481,9000,PABLO HENRIQUE COSTA MARÇAL,90,PROS,2022,-22.947271,-47.0254278
1481,95,VOTO BRANCO,3524,,2022,-22.947271,-47.0254278
1481,96,VOTO NULO,3751,,2022,-22.947271,-47.0254278
1490,10,TARCISIO GOMES DE FREITAS,2332,REPUBLICANOS,2022,-22.9784626,-47.1486902
1490,1000,CELSO UBIRAJARA RUSSOMANNO,46,REPUBLICANOS,2022,-22.9784626,-47.1486902
1490,10123,GILMACI DOS SANTOS BARBOSA,46,REPUBLICANOS,2022,-22.9784626,-47.1486902
1490,10200,HIGOR DIEGO RALLA,86,REPUBLICANOS,2022,-22.9784626,-47.1486902
1490,1078,BENEDITO ROBERTO ALVES FERREIRA,51,REPUBLICANOS,2022,-22.9784626,-47.1486902
1490,1111,BRUNO MARCELLO DE OLIVEIRA LIMA,49,PP,2022,-22.9784626,-47.1486902
1490,123,JOSÉ ALDO REBELO FIGUEIREDO,35,PDT,2022,-22.9784626,-47.1486902
1490,13,FERNANDO HADDAD,2114,PT,2022,-22.9784626,-47.1486902
1490,13,Partido dos Trabalhadores,127,PT,2022,-22.9784626,-47.1486902
1490,13121,ANA LUCIA LIPPAUS PERUGINI,31,PT,2022,-22.9784626,-47.1486902
1490,13133,EDUARDO MATARAZZO SUPLICY,63,PT,2022,-22.9784626,-47.1486902
1490,1319,PEDRO TOURINHO DE SIQUEIRA,251,PT,2022,-22.9784626,-47.1486902
1490,13199,PAOLLA CATHERINE DOS SANTOS MIGUEL AGARD,47,PT,2022,-22.9784626,-47.1486902
1490,13331,VERA LUCIA RODRIGUES DE FARIA,32,PT,2022,-22.9784626,-47.1486902
1490,1380,JILMAR AUGUSTINHO TATTO,38,PT,2022,-22.9784626,-47.1486902
1490,155,EDSON APARECIDO DOS SANTOS,74,MDB,2022,-22.9784626,-47.1486902
1490,19519,EDUARDO DOS REIS MAGOGA,30,PODE,2022,-22.9784626,-47.1486902
1490,2020,GILBERTO NASCIMENTO SILVA,34,PSC,2022,-22.9784626,-47.1486902
1490,22,Partido Liberal,78,,2022,-22.9784626,-47.1486902
1490,2210,CARLA ZAMBELLI SALGADO DE OLIVEIRA,110,PL,2022,-22.9784626,-47.1486902
1490,22100,BRUNO ZAMBELLI SALGADO,30,PL,2022,-22.9784626,-47.1486902
1490,22120,GILDEVANIO ILSO DOS SANTOS DINIZ,35,PL,2022,-22.9784626,-47.1486902
1490,222,MARCOS CESAR PONTES,1102,PL,2022,-22.9784626,-47.1486902
1490,2222,EDUARDO NANTES BOLSONARO,122,PL,2022,-22.9784626,-47.1486902
1490,2233,PAULO ROBERTO FREIRE DA COSTA,64,PL,2022,-22.9784626,-47.1486902
1490,22422,PAULO JORGE MANSUR NETO,33,PL,2022,-22.9784626,-47.1486902
1490,2250,RICARDO DE AQUINO SALLES,47,PL,2022,-22.9784626,-47.1486902
1490,2276,MARSCHELO RODRIGO MARIN MECHE,33,PL,2022,-22.9784626,-47.1486902
1490,22922,VALERIA MULLER RAMOS BOLSONARO,52,PL,2022,-22.9784626,-47.1486902
1490,23000,RAFAEL FERNANDO ZIMBALDI,206,CIDADANIA,2022,-22.9784626,-47.1486902
1490,287,JANAINA CONCEIÇÃO PASCHOAL,65,PRTB,2022,-22.9784626,-47.1486902
1490,30,VINICIUS LAZZER POIT,46,NOVO,2022,-22.9784626,-47.1486902
1490,300,RICARDO LUIS MELLÃO,31,NOVO,2022,-22.9784626,-47.1486902
1490,36190,ADRIANA SANCHES GALDEANO BORGO,40,AGIR,2022,-22.9784626,-47.1486902
1490,400,MÁRCIO LUIZ FRANÇA GOMES,766,PSB,2022,-22.9784626,-47.1486902
1490,4000,JONAS DONIZETTE FERREIRA,118,PSB,2022,-22.9784626,-47.1486902
1490,4040,TABATA CLAUDIA AMARAL DE PONTES,48,PSB,2022,-22.9784626,-47.1486902
1490,40456,PERMÍNIO MONTEIRO DA SILVA,32,PSB,2022,-22.9784626,-47.1486902
1490,44019,RODRIGO LUIS DE BARROS ALMEIDA,126,UNIÃO,2022,-22.9784626,-47.1486902
1490,4433,KIM PATROCA KATAGUIRI,35,UNIÃO,2022,-22.9784626,-47.1486902
1490,45,RODRIGO GARCIA,261,PSDB,2022,-22.9784626,-47.1486902
1490,4500,CARLOS HENRIQUE FOCESI SAMPAIO,56,PSDB,2022,-22.9784626,-47.1486902
1490,5000,SÂMIA DE SOUZA BOMFIM,32,PSOL,2022,-22.9784626,-47.1486902
1490,5010,GUILHERME CASTRO BOULOS,82,PSOL,2022,-22.9784626,-47.1486902
1490,50100,MARIANA CONTI TAKAHASHI,71,PSOL,2022,-22.9784626,-47.1486902
1490,55400,MARTA MARIA FREIRE DA COSTA,42,PSD,2022,-22.9784626,-47.1486902
1490,55655,ARTUR CASSEB ORSI,75,PSD,2022,-22.9784626,-47.1486902
1490,800,VIVIAN MENDES DA SILVA,32,UP,2022,-22.9784626,-47.1486902
1490,9000,PABLO HENRIQUE COSTA MARÇAL,47,PROS,2022,-22.9784626,-47.1486902
1490,95,VOTO BRANCO,1034,,2022,-22.9784626,-47.1486902
1490,96,VOTO NULO,1220,,2022,-22.9784626,-47.1486902
1503,10,TARCISIO GOMES DE FREITAS,6962,REPUBLICANOS,2022,-22.8495257,-47.0372577
1503,1000,CELSO UBIRAJARA RUSSOMANNO,129,REPUBLICANOS,2022,-22.8495257,-47.0372577
1503,1010,MARCOS ANTONIO PEREIRA,46,REPUBLICANOS,2022,-22.8495257,-47.0372577
1503,10123,GILMACI DOS SANTOS BARBOSA,173,REPUBLICANOS,2022,-22.8495257,-47.0372577
1503,10200,HIGOR DIEGO RALLA,206,REPUBLICANOS,2022,-22.8495257,-47.0372577
1503,10550,TOME ABDUCH,55,REPUBLICANOS,2022,-22.8495257,-47.0372577
1503,1078,BENEDITO ROBERTO ALVES FERREIRA,189,REPUBLICANOS,2022,-22.8495257,-47.0372577
1503,1100,MANOEL MAURICIO SILVA NEVES,35,PP,2022,-22.8495257,-47.0372577
1503,1111,BRUNO MARCELLO DE OLIVEIRA LIMA,147,PP,2022,-22.8495257,-47.0372577
1503,1112,ISRAEL NANTES SANTOS,93,PP,2022,-22.8495257,-47.0372577
1503,1122,CARLOS ALBERTO DA CUNHA,72,PP,2022,-22.8495257,-47.0372577
1503,11777,ANTONIO ASSUNÇÃO DE OLIM,33,PP,2022,-22.8495257,-47.0372577
1503,12,ELVIS LEONARDO CEZAR,67,PDT,2022,-22.8495257,-47.0372577
1503,123,JOSÉ ALDO REBELO FIGUEIREDO,68,PDT,2022,-22.8495257,-47.0372577
1503,13,FERNANDO HADDAD,5919,PT,2022,-22.8495257,-47.0372577
1503,13,Partido dos Trabalhadores,326,PT,2022,-22.8495257,-47.0372577
1503,13011,MARIO MAURICI DE LIMA MORAIS,31,PT,2022,-22.8495257,-47.0372577
1503,13112,EVELYN SILVA DO NASCIMENTO VICENTE DA SILVA,31,PT,2022,-22.8495257,-47.0372577
1503,13120,CARLOS ROBERTO DE OLIVEIRA,40,PT,2022,-22.8495257,-47.0372577
1503,13121,ANA LUCIA LIPPAUS PERUGINI,164,PT,2022,-22.8495257,-47.0372577
1503,13123,MARIA IZABEL AZEVEDO NORONHA,56,PT,2022,-22.8495257,-47.0372577
1503,1313,RUI GOETHE DA COSTA FALCÃO,34,PT,2022,-22.8495257,-47.0372577
1503,13133,EDUARDO MATARAZZO SUPLICY,170,PT,2022,-22.8495257,-47.0372577
1503,1319,PEDRO TOURINHO DE SIQUEIRA,609,PT,2022,-22.8495257,-47.0372577
1503,13199,PAOLLA CATHERINE DOS SANTOS MIGUEL AGARD,172,PT,2022,-22.8495257,-47.0372577
1503,1322,ARLINDO CHIGNALIA JUNIOR,45,PT,2022,-22.8495257,-47.0372577
1503,13300,WAGNER DE MELO ROMÃO,57,PT,2022,-22.8495257,-47.0372577
1503,13331,VERA LUCIA RODRIGUES DE FARIA,33,PT,2022,-22.8495257,-47.0372577
1503,1355,LUIZ MARINHO,38,PT,2022,-22.8495257,-47.0372577
1503,13616,JOSEMUNDO DARIO QUEIROZ,51,PT,2022,-22.8495257,-47.0372577
1503,13654,JANDYRA MASSUE UEHARA ALVES,31,PT,2022,-22.8495257,-47.0372577
1503,1366,MARIANA CERGOLI JANEIRO,34,PT,2022,-22.8495257,-47.0372577
1503,1380,JILMAR AUGUSTINHO TATTO,211,PT,2022,-22.8495257,-47.0372577
1503,13800,JORGE DO CARMO SILVA,122,PT,2022,-22.8495257,-47.0372577
1503,1500,MARIO PALUMBO JUNIOR,37,MDB,2022,-22.8495257,-47.0372577
1503,155,EDSON APARECIDO DOS SANTOS,254,MDB,2022,-22.8495257,-47.0372577
1503,1580,FÁBIO EDUARDO DE OLIVEIRA TERUEL,51,MDB,2022,-22.8495257,-47.0372577
1503,1587,ARNALDO SALVETTI PALACIO JUNIOR,71,MDB,2022,-22.8495257,-47.0372577
1503,1818,MARIA OSMARINA MARINA DA SILVA VAZ DE LIMA,65,REDE,2022,-22.8495257,-47.0372577
1503,1910,BRUNO AREVALO GANEM,36,PODE,2022,-22.8495257,-47.0372577
1503,19519,EDUARDO DOS REIS MAGOGA,75,PODE,2022,-22.8495257,-47.0372577
1503,2020,GILBERTO NASCIMENTO SILVA,50,PSC,2022,-22.8495257,-47.0372577
1503,22,Partido Liberal,204,,2022,-22.8495257,-47.0372577
1503,2200,JOSÉ AUGUSTO ROSA,33,PL,2022,-22.8495257,-47.0372577
1503,22000,DIMAS MECCA SAMPAIO,59,PL,2022,-22.8495257,-47.0372577
1503,22051,FABIANA DE LIMA BARROSO,32,PL,2022,-22.8495257,-47.0372577
1503,2208,MARIO LUIS FRIAS,68,PL,2022,-22.8495257,-47.0372577
1503,2210,CARLA ZAMBELLI SALGADO DE OLIVEIRA,336,PL,2022,-22.8495257,-47.0372577
1503,22100,BRUNO ZAMBELLI SALGADO,73,PL,2022,-22.8495257,-47.0372577
1503,22112,CARLOS CEZAR DA SILVA,109,PL,2022,-22.8495257,-47.0372577
1503,22120,GILDEVANIO ILSO DOS SANTOS DINIZ,99,PL,2022,-22.8495257,-47.0372577
1503,22138,ROBERVAL CONTE LOPES LIMA,44,PL,2022,-22.8495257,-47.0372577
1503,222,MARCOS CESAR PONTES,3195,PL,2022,-22.8495257,-47.0372577
1503,2222,EDUARDO NANTES BOLSONARO,392,PL,2022,-22.8495257,-47.0372577
1503,22222,MARCOS ROBERTO DAMASIO DA SILVA,57,PL,2022,-22.8495257,-47.0372577
1503,2233,PAULO ROBERTO FREIRE DA COSTA,170,PL,2022,-22.8495257,-47.0372577
1503,22343,THIAGO REIS AURICCHIO,36,PL,2022,-22.8495257,-47.0372577
1503,22422,PAULO JORGE MANSUR NETO,97,PL,2022,-22.8495257,-47.0372577
1503,22444,MATHEUS COIMBRA MARTINS DE AGUIAR,32,PL,2022,-22.8495257,-47.0372577
1503,2247,PAULO FRANCISCO MUNIZ BILYNSKYJ,33,PL,2022,-22.8495257,-47.0372577
1503,2250,RICARDO DE AQUINO SALLES,192,PL,2022,-22.8495257,-47.0372577
1503,22500,LUCAS DIEZ BOVE,36,PL,2022,-22.8495257,-47.0372577
1503,2251,ADILSON BARROSO OLIVEIRA,31,PL,2022,-22.8495257,-47.0372577
1503,2270,MARCO ANTONIO FELICIANO,79,PL,2022,-22.8495257,-47.0372577
1503,2274,JEFFERSON ALVES DE CAMPOS,97,PL,2022,-22.8495257,-47.0372577
1503,2290,GUILHERME MURARO DERRITE,54,PL,2022,-22.8495257,-47.0372577
1503,22922,VALERIA MULLER RAMOS BOLSONARO,200,PL,2022,-22.8495257,-47.0372577
1503,23000,RAFAEL FERNANDO ZIMBALDI,573,CIDADANIA,2022,-22.8495257,-47.0372577
1503,23456,ANTONIO DIRCEU DALBEN,55,CIDADANIA,2022,-22.8495257,-47.0372577
1503,2822,ROGERIO STRACIALANO PARADA,32,PRTB,2022,-22.8495257,-47.0372577
1503,287,JANAINA CONCEIÇÃO PASCHOAL,129,PRTB,2022,-22.8495257,-47.0372577
1503,30,VINICIUS LAZZER POIT,91,NOVO,2022,-22.8495257,-47.0372577
1503,300,RICARDO LUIS MELLÃO,67,NOVO,2022,-22.8495257,-47.0372577
1503,30153,MIRIAM MARIA ANTUNES DE SOUZA,42,NOVO,2022,-22.8495257,-47.0372577
1503,40,Partido Socialista Brasileiro,76,,2022,-22.8495257,-47.0372577
1503,400,MÁRCIO LUIZ FRANÇA GOMES,2286,PSB,2022,-22.8495257,-47.0372577
1503,4000,JONAS DONIZETTE FERREIRA,393,PSB,2022,-22.8495257,-47.0372577
1503,40000,ANDRÉA WERNER SILVA BONOLI,32,PSB,2022,-22.8495257,-47.0372577
1503,4040,TABATA CLAUDIA AMARAL DE PONTES,94,PSB,2022,-22.8495257,-47.0372577
1503,40456,PERMÍNIO MONTEIRO DA SILVA,69,PSB,2022,-22.8495257,-47.0372577
1503,4400,ROSANGELA MARIA WOLFF DE QUADROS MORO,47,UNIÃO,2022,-22.8495257,-47.0372577
1503,44007,FELIPE SOUZA MURAKAMI DE FRANCO,31,UNIÃO,2022,-22.8495257,-47.0372577
1503,44019,RODRIGO LUIS DE BARROS ALMEIDA,240,UNIÃO,2022,-22.8495257,-47.0372577
1503,4407,FELIPE BECARI COMENALE,33,UNIÃO,2022,-22.8495257,-47.0372577
1503,44220,ANDRE CRISTHIANO CAYRES RIBEIRO,240,UNIÃO,2022,-22.8495257,-47.0372577
1503,4425,ALEXANDRE LEITE DA SILVA,48,UNIÃO,2022,-22.8495257,-47.0372577
1503,4433,KIM PATROCA KATAGUIRI,107,UNIÃO,2022,-22.8495257,-47.0372577
1503,44777,AUGUSTO ZACARIAS CORREA LEITE,46,UNIÃO,2022,-22.8495257,-47.0372577
1503,45,RODRIGO GARCIA,843,PSDB,2022,-22.8495257,-47.0372577
1503,4500,CARLOS HENRIQUE FOCESI SAMPAIO,191,PSDB,2022,-22.8495257,-47.0372577
1503,45200,CÉLIA CAMARGO LEÃO EDELMUTH,89,PSDB,2022,-22.8495257,-47.0372577
1503,45678,LUIZ HENRIQUE CIRILO,59,PSDB,2022,-22.8495257,-47.0372577
1503,5000,SÂMIA DE SOUZA BOMFIM,79,PSOL,2022,-22.8495257,-47.0372577
1503,50000,PAULA NUNES DOS SANTOS,56,PSOL,2022,-22.8495257,-47.0372577
1503,5010,GUILHERME CASTRO BOULOS,170,PSOL,2022,-22.8495257,-47.0372577
1503,50100,MARIANA CONTI TAKAHASHI,154,PSOL,2022,-22.8495257,-47.0372577
1503,5070,ERIKA SANTOS SILVA,64,PSOL,2022,-22.8495257,-47.0372577
1503,50777,PAULO ROBERTO BUFALO,32,PSOL,2022,-22.8495257,-47.0372577
1503,5101,TERESINHA DE CARVALHO,31,PATRIOTA,2022,-22.8495257,-47.0372577
1503,55400,MARTA MARIA FREIRE DA COSTA,130,PSD,2022,-22.8495257,-47.0372577
1503,5555,GUILHERME CAMPOS JUNIOR,65,PSD,2022,-22.8495257,-47.0372577
1503,55655,ARTUR CASSEB ORSI,275,PSD,2022,-22.8495257,-47.0372577
1503,6565,ORLANDO SILVA DE JESUS JUNIOR,121,PC DO B,2022,-22.8495257,-47.0372577
1503,65656,MARCIA REGINA QUINTANILHA,85,PC DO B,2022,-22.8495257,-47.0372577
1503,80,CAROLINA REJAILI VIGLIAR,31,UP,2022,-22.8495257,-47.0372577
1503,800,VIVIAN MENDES DA SILVA,96,UP,2022,-22.8495257,-47.0372577
1503,9000,PABLO HENRIQUE COSTA MARÇAL,109,PROS,2022,-22.8495257,-47.0372577
1503,90000,NEZIO ANTONIO MONTEIRO FILHO,38,PROS,2022,-22.8495257,-47.0372577
1503,95,VOTO BRANCO,3813,,2022,-22.8495257,-47.0372577
1503,96,VOTO NULO,3962,,2022,-22.8495257,-47.0372577
1511,10,TARCISIO GOMES DE FREITAS,1364,REPUBLICANOS,2022,-22.9064,-47.0616
1511,1000,CELSO UBIRAJARA RUSSOMANNO,38,REPUBLICANOS,2022,-22.9064,-47.0616
1511,1010,MARCOS ANTONIO PEREIRA,67,REPUBLICANOS,2022,-22.9064,-47.0616
1511,10123,GILMACI DOS SANTOS BARBOSA,34,REPUBLICANOS,2022,-22.9064,-47.0616
1511,10200,HIGOR DIEGO RALLA,476,REPUBLICANOS,2022,-22.9064,-47.0616
1511,1078,BENEDITO ROBERTO ALVES FERREIRA,39,REPUBLICANOS,2022,-22.9064,-47.0616
1511,123,JOSÉ ALDO REBELO FIGUEIREDO,33,PDT,2022,-22.9064,-47.0616
1511,13,FERNANDO HADDAD,1694,PT,2022,-22.9064,-47.0616
1511,13,Partido dos Trabalhadores,61,PT,2022,-22.9064,-47.0616
1511,13112,EVELYN SILVA DO NASCIMENTO VICENTE DA SILVA,48,PT,2022,-22.9064,-47.0616
1511,1319,PEDRO TOURINHO DE SIQUEIRA,199,PT,2022,-22.9064,-47.0616
1511,13199,PAOLLA CATHERINE DOS SANTOS MIGUEL AGARD,74,PT,2022,-22.9064,-47.0616
1511,1380,JILMAR AUGUSTINHO TATTO,76,PT,2022,-22.9064,-47.0616
1511,1389,ALFREDO ALVES CAVALCANTE,47,PT,2022,-22.9064,-47.0616
1511,155,EDSON APARECIDO DOS SANTOS,32,MDB,2022,-22.9064,-47.0616
1511,22,Partido Liberal,33,,2022,-22.9064,-47.0616
1511,2210,CARLA ZAMBELLI SALGADO DE OLIVEIRA,54,PL,2022,-22.9064,-47.0616
1511,222,MARCOS CESAR PONTES,620,PL,2022,-22.9064,-47.0616
1511,2222,EDUARDO NANTES BOLSONARO,68,PL,2022,-22.9064,-47.0616
1511,2233,PAULO ROBERTO FREIRE DA COSTA,73,PL,2022,-22.9064,-47.0616
1511,2270,MARCO ANTONIO FELICIANO,39,PL,2022,-22.9064,-47.0616
1511,22922,VALERIA MULLER RAMOS BOLSONARO,32,PL,2022,-22.9064,-47.0616
1511,23000,RAFAEL FERNANDO ZIMBALDI,41,CIDADANIA,2022,-22.9064,-47.0616
1511,23456,ANTONIO DIRCEU DALBEN,38,CIDADANIA,2022,-22.9064,-47.0616
1511,400,MÁRCIO LUIZ FRANÇA GOMES,686,PSB,2022,-22.9064,-47.0616
1511,4000,JONAS DONIZETTE FERREIRA,112,PSB,2022,-22.9064,-47.0616
1511,45,RODRIGO GARCIA,157,PSDB,2022,-22.9064,-47.0616
1511,5010,GUILHERME CASTRO BOULOS,34,PSOL,2022,-22.9064,-47.0616
1511,55300,VALÉRIA APARECIDA COSTA TORRES,43,PSD,2022,-22.9064,-47.0616
1511,55400,MARTA MARIA FREIRE DA COSTA,42,PSD,2022,-22.9064,-47.0616
1511,95,VOTO BRANCO,1047,,2022,-22.9064,-47.0616
1511,96,VOTO NULO,993,,2022,-22.9064,-47.0616
1520,10,TARCISIO GOMES DE FREITAS,3306,REPUBLICANOS,2022,-22.9555585,-47.1326861
1520,1000,CELSO UBIRAJARA RUSSOMANNO,87,REPUBLICANOS,2022,-22.9555585,-47.1326861
1520,1010,MARCOS ANTONIO PEREIRA,38,REPUBLICANOS,2022,-22.9555585,-47.1326861
1520,10123,GILMACI DOS SANTOS BARBOSA,104,REPUBLICANOS,2022,-22.9555585,-47.1326861
1520,10200,HIGOR DIEGO RALLA,156,REPUBLICANOS,2022,-22.9555585,-47.1326861
1520,1078,BENEDITO ROBERTO ALVES FERREIRA,99,REPUBLICANOS,2022,-22.9555585,-47.1326861
1520,1111,BRUNO MARCELLO DE OLIVEIRA LIMA,52,PP,2022,-22.9555585,-47.1326861
1520,1112,ISRAEL NANTES SANTOS,39,PP,2022,-22.9555585,-47.1326861
1520,1122,CARLOS ALBERTO DA CUNHA,41,PP,2022,-22.9555585,-47.1326861
1520,12,ELVIS LEONARDO CEZAR,40,PDT,2022,-22.9555585,-47.1326861
1520,123,JOSÉ ALDO REBELO FIGUEIREDO,44,PDT,2022,-22.9555585,-47.1326861
1520,13,FERNANDO HADDAD,4352,PT,2022,-22.9555585,-47.1326861
1520,13,Partido dos Trabalhadores,267,PT,2022,-22.9555585,-47.1326861
1520,13016,THAINARA KAROLINE FARIA,49,PT,2022,-22.9555585,-47.1326861
1520,13112,EVELYN SILVA DO NASCIMENTO VICENTE DA SILVA,308,PT,2022,-22.9555585,-47.1326861
1520,13121,ANA LUCIA LIPPAUS PERUGINI,75,PT,2022,-22.9555585,-47.1326861
1520,1313,RUI GOETHE DA COSTA FALCÃO,40,PT,2022,-22.9555585,-47.1326861
1520,13133,EDUARDO MATARAZZO SUPLICY,84,PT,2022,-22.9555585,-47.1326861
1520,1319,PEDRO TOURINHO DE SIQUEIRA,515,PT,2022,-22.9555585,-47.1326861
1520,13199,PAOLLA CATHERINE DOS SANTOS MIGUEL AGARD,83,PT,2022,-22.9555585,-47.1326861
1520,13310,LUIZ CLAUDIO MARCOLINO,52,PT,2022,-22.9555585,-47.1326861
1520,13654,JANDYRA MASSUE UEHARA ALVES,30,PT,2022,-22.9555585,-47.1326861
1520,1366,MARIANA CERGOLI JANEIRO,61,PT,2022,-22.9555585,-47.1326861
1520,1370,CARLOS ALBERTO ROLIM ZARATTINI,82,PT,2022,-22.9555585,-47.1326861
1520,13700,ANTONIO DONATO MADORMO,47,PT,2022,-22.9555585,-47.1326861
1520,1380,JILMAR AUGUSTINHO TATTO,205,PT,2022,-22.9555585,-47.1326861
1520,155,EDSON APARECIDO DOS SANTOS,132,MDB,2022,-22.9555585,-47.1326861
1520,1580,FÁBIO EDUARDO DE OLIVEIRA TERUEL,40,MDB,2022,-22.9555585,-47.1326861
1520,1818,MARIA OSMARINA MARINA DA SILVA VAZ DE LIMA,41,REDE,2022,-22.9555585,-47.1326861
1520,20123,HELIO DONIZETE ZANATTA,44,PSC,2022,-22.9555585,-47.1326861
1520,2020,GILBERTO NASCIMENTO SILVA,48,PSC,2022,-22.9555585,-47.1326861
1520,22,Partido Liberal,84,,2022,-22.9555585,-47.1326861
1520,2208,MARIO LUIS FRIAS,51,PL,2022,-22.9555585,-47.1326861
1520,2210,CARLA ZAMBELLI SALGADO DE OLIVEIRA,112,PL,2022,-22.9555585,-47.1326861
1520,22112,CARLOS CEZAR DA SILVA,39,PL,2022,-22.9555585,-47.1326861
1520,222,MARCOS CESAR PONTES,1508,PL,2022,-22.9555585,-47.1326861
1520,2222,EDUARDO NANTES BOLSONARO,190,PL,2022,-22.9555585,-47.1326861
1520,2233,PAULO ROBERTO FREIRE DA COSTA,169,PL,2022,-22.9555585,-47.1326861
1520,22422,PAULO JORGE MANSUR NETO,82,PL,2022,-22.9555585,-47.1326861
1520,2250,RICARDO DE AQUINO SALLES,55,PL,2022,-22.9555585,-47.1326861
1520,2255,FRANCISCO EVERARDO TIRIRICA OLIVEIRA SILVA,36,PL,2022,-22.9555585,-47.1326861
1520,2270,MARCO ANTONIO FELICIANO,65,PL,2022,-22.9555585,-47.1326861
1520,2274,JEFFERSON ALVES DE CAMPOS,38,PL,2022,-22.9555585,-47.1326861
1520,22922,VALERIA MULLER RAMOS BOLSONARO,111,PL,2022,-22.9555585,-47.1326861
1520,23000,RAFAEL FERNANDO ZIMBALDI,341,CIDADANIA,2022,-22.9555585,-47.1326861
1520,287,JANAINA CONCEIÇÃO PASCHOAL,34,PRTB,2022,-22.9555585,-47.1326861
1520,30,VINICIUS LAZZER POIT,41,NOVO,2022,-22.9555585,-47.1326861
1520,40,Partido Socialista Brasileiro,86,,2022,-22.9555585,-47.1326861
1520,400,MÁRCIO LUIZ FRANÇA GOMES,1722,PSB,2022,-22.9555585,-47.1326861
1520,4000,JONAS DONIZETTE FERREIRA,247,PSB,2022,-22.9555585,-47.1326861
1520,40000,ANDRÉA WERNER SILVA BONOLI,30,PSB,2022,-22.9555585,-47.1326861
1520,4040,TABATA CLAUDIA AMARAL DE PONTES,33,PSB,2022,-22.9555585,-47.1326861
1520,40456,PERMÍNIO MONTEIRO DA SILVA,49,PSB,2022,-22.9555585,-47.1326861
1520,44019,RODRIGO LUIS DE BARROS ALMEIDA,129,UNIÃO,2022,-22.9555585,-47.1326861
1520,44220,ANDRE CRISTHIANO CAYRES RIBEIRO,91,UNIÃO,2022,-22.9555585,-47.1326861
1520,4425,ALEXANDRE LEITE DA SILVA,47,UNIÃO,2022,-22.9555585,-47.1326861
1520,4433,KIM PATROCA KATAGUIRI,30,UNIÃO,2022,-22.9555585,-47.1326861
1520,45,RODRIGO GARCIA,391,PSDB,2022,-22.9555585,-47.1326861
1520,4500,CARLOS HENRIQUE FOCESI SAMPAIO,33,PSDB,2022,-22.9555585,-47.1326861
1520,5000,SÂMIA DE SOUZA BOMFIM,70,PSOL,2022,-22.9555585,-47.1326861
1520,5010,GUILHERME CASTRO BOULOS,84,PSOL,2022,-22.9555585,-47.1326861
1520,50100,MARIANA CONTI TAKAHASHI,66,PSOL,2022,-22.9555585,-47.1326861
1520,55400,MARTA MARIA FREIRE DA COSTA,149,PSD,2022,-22.9555585,-47.1326861
1520,55655,ARTUR CASSEB ORSI,40,PSD,2022,-22.9555585,-47.1326861
1520,65035,LECI BRANDÃO DA SILVA,41,PC DO B,2022,-22.9555585,-47.1326861
1520,6565,ORLANDO SILVA DE JESUS JUNIOR,35,PC DO B,2022,-22.9555585,-47.1326861
1520,9000,PABLO HENRIQUE COSTA MARÇAL,57,PROS,2022,-22.9555585,-47.1326861
1520,95,VOTO BRANCO,2583,,2022,-22.9555585,-47.1326861
1520,96,VOTO NULO,2195,,2022,-22.9555585,-47.1326861
1538,10,TARCISIO GOMES DE FREITAS,3012,REPUBLICANOS,2022,-22.9647092,-47.0950043
1538,1000,CELSO UBIRAJARA RUSSOMANNO,57,REPUBLICANOS,2022,-22.9647092,-47.0950043
1538,10123,GILMACI DOS SANTOS BARBOSA,81,REPUBLICANOS,2022,-22.9647092,-47.0950043
1538,10200,HIGOR DIEGO RALLA,42,REPUBLICANOS,2022,-22.9647092,-47.0950043
1538,1078,BENEDITO ROBERTO ALVES FERREIRA,84,REPUBLICANOS,2022,-22.9647092,-47.0950043
1538,1111,BRUNO MARCELLO DE OLIVEIRA LIMA,60,PP,2022,-22.9647092,-47.0950043
1538,1112,ISRAEL NANTES SANTOS,38,PP,2022,-22.9647092,-47.0950043
1538,1122,CARLOS ALBERTO DA CUNHA,38,PP,2022,-22.9647092,-47.0950043
1538,12,ELVIS LEONARDO CEZAR,36,PDT,2022,-22.9647092,-47.0950043
1538,123,JOSÉ ALDO REBELO FIGUEIREDO,34,PDT,2022,-22.9647092,-47.0950043
1538,13,FERNANDO HADDAD,3458,PT,2022,-22.9647092,-47.0950043
1538,13,Partido dos Trabalhadores,142,PT,2022,-22.9647092,-47.0950043
1538,13112,EVELYN SILVA DO NASCIMENTO VICENTE DA SILVA,44,PT,2022,-22.9647092,-47.0950043
1538,13120,CARLOS ROBERTO DE OLIVEIRA,63,PT,2022,-22.9647092,-47.0950043
1538,13121,ANA LUCIA LIPPAUS PERUGINI,53,PT,2022,-22.9647092,-47.0950043
1538,13133,EDUARDO MATARAZZO SUPLICY,60,PT,2022,-22.9647092,-47.0950043
1538,1319,PEDRO TOURINHO DE SIQUEIRA,413,PT,2022,-22.9647092,-47.0950043
1538,13199,PAOLLA CATHERINE DOS SANTOS MIGUEL AGARD,87,PT,2022,-22.9647092,-47.0950043
1538,13310,LUIZ CLAUDIO MARCOLINO,114,PT,2022,-22.9647092,-47.0950043
1538,1366,MARIANA CERGOLI JANEIRO,66,PT,2022,-22.9647092,-47.0950043
1538,1370,CARLOS ALBERTO ROLIM ZARATTINI,42,PT,2022,-22.9647092,-47.0950043
1538,13700,ANTONIO DONATO MADORMO,32,PT,2022,-22.9647092,-47.0950043
1538,1380,JILMAR AUGUSTINHO TATTO,49,PT,2022,-22.9647092,-47.0950043
1538,155,EDSON APARECIDO DOS SANTOS,90,MDB,2022,-22.9647092,-47.0950043
1538,1580,FÁBIO EDUARDO DE OLIVEIRA TERUEL,34,MDB,2022,-22.9647092,-47.0950043
1538,1587,ARNALDO SALVETTI PALACIO JUNIOR,47,MDB,2022,-22.9647092,-47.0950043
1538,22,Partido Liberal,61,,2022,-22.9647092,-47.0950043
1538,2208,MARIO LUIS FRIAS,34,PL,2022,-22.9647092,-47.0950043
1538,2210,CARLA ZAMBELLI SALGADO DE OLIVEIRA,112,PL,2022,-22.9647092,-47.0950043
1538,22112,CARLOS CEZAR DA SILVA,30,PL,2022,-22.9647092,-47.0950043
1538,22120,GILDEVANIO ILSO DOS SANTOS DINIZ,35,PL,2022,-22.9647092,-47.0950043
1538,222,MARCOS CESAR PONTES,1346,PL,2022,-22.9647092,-47.0950043
1538,2222,EDUARDO NANTES BOLSONARO,151,PL,2022,-22.9647092,-47.0950043
1538,2233,PAULO ROBERTO FREIRE DA COSTA,118,PL,2022,-22.9647092,-47.0950043
1538,22422,PAULO JORGE MANSUR NETO,52,PL,2022,-22.9647092,-47.0950043
1538,2250,RICARDO DE AQUINO SALLES,49,PL,2022,-22.9647092,-47.0950043
1538,2270,MARCO ANTONIO FELICIANO,55,PL,2022,-22.9647092,-47.0950043
1538,22922,VALERIA MULLER RAMOS BOLSONARO,72,PL,2022,-22.9647092,-47.0950043
1538,23000,RAFAEL FERNANDO ZIMBALDI,200,CIDADANIA,2022,-22.9647092,-47.0950043
1538,23456,ANTONIO DIRCEU DALBEN,293,CIDADANIA,2022,-22.9647092,-47.0950043
1538,287,JANAINA CONCEIÇÃO PASCHOAL,43,PRTB,2022,-22.9647092,-47.0950043
1538,30,VINICIUS LAZZER POIT,32,NOVO,2022,-22.9647092,-47.0950043
1538,40,Partido Socialista Brasileiro,45,,2022,-22.9647092,-47.0950043
1538,400,MÁRCIO LUIZ FRANÇA GOMES,1355,PSB,2022,-22.9647092,-47.0950043
1538,4000,JONAS DONIZETTE FERREIRA,464,PSB,2022,-22.9647092,-47.0950043
1538,4040,TABATA CLAUDIA AMARAL DE PONTES,46,PSB,2022,-22.9647092,-47.0950043
1538,40456,PERMÍNIO MONTEIRO DA SILVA,49,PSB,2022,-22.9647092,-47.0950043
1538,44019,RODRIGO LUIS DE BARROS ALMEIDA,38,UNIÃO,2022,-22.9647092,-47.0950043
1538,4433,KIM PATROCA KATAGUIRI,40,UNIÃO,2022,-22.9647092,-47.0950043
1538,45,RODRIGO GARCIA,308,PSDB,2022,-22.9647092,-47.0950043
1538,4500,CARLOS HENRIQUE FOCESI SAMPAIO,57,PSDB,2022,-22.9647092,-47.0950043
1538,45200,CÉLIA CAMARGO LEÃO EDELMUTH,50,PSDB,2022,-22.9647092,-47.0950043
1538,45678,LUIZ HENRIQUE CIRILO,184,PSDB,2022,-22.9647092,-47.0950043
1538,5000,SÂMIA DE SOUZA BOMFIM,61,PSOL,2022,-22.9647092,-47.0950043
1538,50000,PAULA NUNES DOS SANTOS,31,PSOL,2022,-22.9647092,-47.0950043
1538,5010,GUILHERME CASTRO BOULOS,88,PSOL,2022,-22.9647092,-47.0950043
1538,50100,MARIANA CONTI TAKAHASHI,59,PSOL,2022,-22.9647092,-47.0950043
1538,50550,RAUL MARCELO DE SOUZA,34,PSOL,2022,-22.9647092,-47.0950043
1538,5070,ERIKA SANTOS SILVA,42,PSOL,2022,-22.9647092,-47.0950043
1538,55400,MARTA MARIA FREIRE DA COSTA,99,PSD,2022,-22.9647092,-47.0950043
1538,6565,ORLANDO SILVA DE JESUS JUNIOR,35,PC DO B,2022,-22.9647092,-47.0950043
1538,65656,MARCIA REGINA QUINTANILHA,36,PC DO B,2022,-22.9647092,-47.0950043
1538,9000,PABLO HENRIQUE COSTA MARÇAL,47,PROS,2022,-22.9647092,-47.0950043
1538,95,VOTO BRANCO,2351,,2022,-22.9647092,-47.0950043
1538,96,VOTO NULO,2122,,2022,-22.9647092,-47.0950043
1546,10,TARCISIO GOMES DE FREITAS,1473,REPUBLICANOS,2022,-22.7919104,-47.0708398
1546,13,FERNANDO HADDAD,1734,PT,2022,-22.7919104,-47.0708398
1546,13,Partido dos Trabalhadores,55,PT,2022,-22.7919104,-47.0708398
1546,13133,EDUARDO MATARAZZO SUPLICY,85,PT,2022,-22.7919104,-47.0708398
1546,1319,PEDRO TOURINHO DE SIQUEIRA,169,PT,2022,-22.7919104,-47.0708398
1546,13199,PAOLLA CATHERINE DOS SANTOS MIGUEL AGARD,44,PT,2022,-22.7919104,-47.0708398
1546,13300,WAGNER DE MELO ROMÃO,65,PT,2022,-22.7919104,-47.0708398
1546,155,EDSON APARECIDO DOS SANTOS,63,MDB,2022,-22.7919104,-47.0708398
1546,1818,MARIA OSMARINA MARINA DA SILVA VAZ DE LIMA,55,REDE,2022,-22.7919104,-47.0708398
1546,22,Partido Liberal,31,,2022,-22.7919104,-47.0708398
1546,22000,DIMAS MECCA SAMPAIO,30,PL,2022,-22.7919104,-47.0708398
1546,2210,CARLA ZAMBELLI SALGADO DE OLIVEIRA,87,PL,2022,-22.7919104,-47.0708398
1546,222,MARCOS CESAR PONTES,672,PL,2022,-22.7919104,-47.0708398
1546,2222,EDUARDO NANTES BOLSONARO,76,PL,2022,-22.7919104,-47.0708398
1546,2233,PAULO ROBERTO FREIRE DA COSTA,48,PL,2022,-22.7919104,-47.0708398
1546,2250,RICARDO DE AQUINO SALLES,53,PL,2022,-22.7919104,-47.0708398
1546,22922,VALERIA MULLER RAMOS BOLSONARO,65,PL,2022,-22.7919104,-47.0708398
1546,23000,RAFAEL FERNANDO ZIMBALDI,47,CIDADANIA,2022,-22.7919104,-47.0708398
1546,23456,ANTONIO DIRCEU DALBEN,31,CIDADANIA,2022,-22.7919104,-47.0708398
1546,287,JANAINA CONCEIÇÃO PASCHOAL,42,PRTB,2022,-22.7919104,-47.0708398
1546,30,Partido Novo,30,NOVO,2022,-22.7919104,-47.0708398
1546,30,VINICIUS LAZZER POIT,31,NOVO,2022,-22.7919104,-47.0708398
1546,300,RICARDO LUIS MELLÃO,40,NOVO,2022,-22.7919104,-47.0708398
1546,400,MÁRCIO LUIZ FRANÇA GOMES,699,PSB,2022,-22.7919104,-47.0708398
1546,4000,JONAS DONIZETTE FERREIRA,62,PSB,2022,-22.7919104,-47.0708398
1546,4040,TABATA CLAUDIA AMARAL DE PONTES,53,PSB,2022,-22.7919104,-47.0708398
1546,45,RODRIGO GARCIA,179,PSDB,2022,-22.7919104,-47.0708398
1546,4500,CARLOS HENRIQUE FOCESI SAMPAIO,30,PSDB,2022,-22.7919104,-47.0708398
1546,5000,SÂMIA DE SOUZA BOMFIM,57,PSOL,2022,-22.7919104,-47.0708398
1546,50000,PAULA NUNES DOS SANTOS,53,PSOL,2022,-22.7919104,-47.0708398
1546,5010,GUILHERME CASTRO BOULOS,123,PSOL,2022,-22.7919104,-47.0708398
1546,50100,MARIANA CONTI TAKAHASHI,128,PSOL,2022,-22.7919104,-47.0708398
1546,50110,EDIANE MARIA DO NASCIMENTO,40,PSOL,2022,-22.7919104,-47.0708398
1546,5088,SÔNIA BONE DE SOUSA SILVA SANTOS,63,PSOL,2022,-22.7919104,-47.0708398
1546,55400,MARTA MARIA FREIRE DA COSTA,37,PSD,2022,-22.7919104,-47.0708398
1546,55655,ARTUR CASSEB ORSI,33,PSD,2022,-22.7919104,-47.0708398
1546,800,VIVIAN MENDES DA SILVA,41,UP,2022,-22.7919104,-47.0708398
1546,95,VOTO BRANCO,626,,2022,-22.7919104,-47.0708398
1546,96,VOTO NULO,652,,2022,-22.7919104,-47.0708398
1554,10,TARCISIO GOMES DE FREITAS,3761,REPUBLICANOS,2022,-22.9359335,-47.091576
1554,1000,CELSO UBIRAJARA RUSSOMANNO,63,REPUBLICANOS,2022,-22.9359335,-47.091576
1554,1010,MARCOS ANTONIO PEREIRA,41,REPUBLICANOS,2022,-22.9359335,-47.091576
1554,10123,GILMACI DOS SANTOS BARBOSA,76,REPUBLICANOS,2022,-22.9359335,-47.091576
1554,10200,HIGOR DIEGO RALLA,50,REPUBLICANOS,2022,-22.9359335,-47.091576
1554,1023,HENRIQUE STEIN SCIASCIO,120,REPUBLICANOS,2022,-22.9359335,-47.091576
1554,1078,BENEDITO ROBERTO ALVES FERREIRA,81,REPUBLICANOS,2022,-22.9359335,-47.091576
1554,1111,BRUNO MARCELLO DE OLIVEIRA LIMA,98,PP,2022,-22.9359335,-47.091576
1554,123,JOSÉ ALDO REBELO FIGUEIREDO,38,PDT,2022,-22.9359335,-47.091576
1554,13,FERNANDO HADDAD,3419,PT,2022,-22.9359335,-47.091576
1554,13,Partido dos Trabalhadores,134,PT,2022,-22.9359335,-47.091576
1554,13121,ANA LUCIA LIPPAUS PERUGINI,60,PT,2022,-22.9359335,-47.091576
1554,13133,EDUARDO MATARAZZO SUPLICY,89,PT,2022,-22.9359335,-47.091576
1554,1319,PEDRO TOURINHO DE SIQUEIRA,307,PT,2022,-22.9359335,-47.091576
1554,13199,PAOLLA CATHERINE DOS SANTOS MIGUEL AGARD,83,PT,2022,-22.9359335,-47.091576
1554,13310,LUIZ CLAUDIO MARCOLINO,99,PT,2022,-22.9359335,-47.091576
1554,1366,MARIANA CERGOLI JANEIRO,32,PT,2022,-22.9359335,-47.091576
1554,1380,JILMAR AUGUSTINHO TATTO,47,PT,2022,-22.9359335,-47.091576
1554,155,EDSON APARECIDO DOS SANTOS,123,MDB,2022,-22.9359335,-47.091576
1554,1587,ARNALDO SALVETTI PALACIO JUNIOR,36,MDB,2022,-22.9359335,-47.091576
1554,1818,MARIA OSMARINA MARINA DA SILVA VAZ DE LIMA,31,REDE,2022,-22.9359335,-47.091576
1554,22,Partido Liberal,77,,2022,-22.9359335,-47.091576
1554,22000,DIMAS MECCA SAMPAIO,35,PL,2022,-22.9359335,-47.091576
1554,2208,MARIO LUIS FRIAS,42,PL,2022,-22.9359335,-47.091576
1554,2210,CARLA ZAMBELLI SALGADO DE OLIVEIRA,196,PL,2022,-22.9359335,-47.091576
1554,22100,BRUNO ZAMBELLI SALGADO,45,PL,2022,-22.9359335,-47.091576
1554,22112,CARLOS CEZAR DA SILVA,45,PL,2022,-22.9359335,-47.091576
1554,22120,GILDEVANIO ILSO DOS SANTOS DINIZ,37,PL,2022,-22.9359335,-47.091576
1554,222,MARCOS CESAR PONTES,1729,PL,2022,-22.9359335,-47.091576
1554,2222,EDUARDO NANTES BOLSONARO,162,PL,2022,-22.9359335,-47.091576
1554,22222,MARCOS ROBERTO DAMASIO DA SILVA,33,PL,2022,-22.9359335,-47.091576
1554,2233,PAULO ROBERTO FREIRE DA COSTA,78,PL,2022,-22.9359335,-47.091576
1554,22422,PAULO JORGE MANSUR NETO,34,PL,2022,-22.9359335,-47.091576
1554,2250,RICARDO DE AQUINO SALLES,85,PL,2022,-22.9359335,-47.091576
1554,2270,MARCO ANTONIO FELICIANO,30,PL,2022,-22.9359335,-47.091576
1554,2274,JEFFERSON ALVES DE CAMPOS,46,PL,2022,-22.9359335,-47.091576
1554,2290,GUILHERME MURARO DERRITE,32,PL,2022,-22.9359335,-47.091576
1554,22922,VALERIA MULLER RAMOS BOLSONARO,97,PL,2022,-22.9359335,-47.091576
1554,23000,RAFAEL FERNANDO ZIMBALDI,243,CIDADANIA,2022,-22.9359335,-47.091576
1554,23456,ANTONIO DIRCEU DALBEN,694,CIDADANIA,2022,-22.9359335,-47.091576
1554,287,JANAINA CONCEIÇÃO PASCHOAL,93,PRTB,2022,-22.9359335,-47.091576
1554,30,VINICIUS LAZZER POIT,78,NOVO,2022,-22.9359335,-47.091576
1554,300,RICARDO LUIS MELLÃO,60,NOVO,2022,-22.9359335,-47.091576
1554,3000,ALEXIS JOSEPH STEVERLYNCK FONTEYNE,32,NOVO,2022,-22.9359335,-47.091576
1554,40,Partido Socialista Brasileiro,42,,2022,-22.9359335,-47.091576
1554,400,MÁRCIO LUIZ FRANÇA GOMES,1355,PSB,2022,-22.9359335,-47.091576
1554,4000,JONAS DONIZETTE FERREIRA,395,PSB,2022,-22.9359335,-47.091576
1554,40000,ANDRÉA WERNER SILVA BONOLI,30,PSB,2022,-22.9359335,-47.091576
1554,4040,TABATA CLAUDIA AMARAL DE PONTES,60,PSB,2022,-22.9359335,-47.091576
1554,40456,PERMÍNIO MONTEIRO DA SILVA,46,PSB,2022,-22.9359335,-47.091576
1554,4400,ROSANGELA MARIA WOLFF DE QUADROS MORO,37,UNIÃO,2022,-22.9359335,-47.091576
1554,4433,KIM PATROCA KATAGUIRI,51,UNIÃO,2022,-22.9359335,-47.091576
1554,44777,AUGUSTO ZACARIAS CORREA LEITE,31,UNIÃO,2022,-22.9359335,-47.091576
1554,45,RODRIGO GARCIA,499,PSDB,2022,-22.9359335,-47.091576
1554,4500,CARLOS HENRIQUE FOCESI SAMPAIO,98,PSDB,2022,-22.9359335,-47.091576
1554,45123,ROGERIO NOGUEIRA LOPES CRUZ,30,PSDB,2022,-22.9359335,-47.091576
1554,45200,CÉLIA CAMARGO LEÃO EDELMUTH,69,PSDB,2022,-22.9359335,-47.091576
1554,5000,SÂMIA DE SOUZA BOMFIM,50,PSOL,2022,-22.9359335,-47.091576
1554,50000,PAULA NUNES DOS SANTOS,32,PSOL,2022,-22.9359335,-47.091576
1554,5010,GUILHERME CASTRO BOULOS,128,PSOL,2022,-22.9359335,-47.091576
1554,50100,MARIANA CONTI TAKAHASHI,106,PSOL,2022,-22.9359335,-47.091576
1554,5070,ERIKA SANTOS SILVA,62,PSOL,2022,-22.9359335,-47.091576
1554,55400,MARTA MARIA FREIRE DA COSTA,64,PSD,2022,-22.9359335,-47.091576
1554,55655,ARTUR CASSEB ORSI,54,PSD,2022,-22.9359335,-47.091576
1554,800,VIVIAN MENDES DA SILVA,51,UP,2022,-22.9359335,-47.091576
1554,9000,PABLO HENRIQUE COSTA MARÇAL,61,PROS,2022,-22.9359335,-47.091576
1554,95,VOTO BRANCO,1750,,2022,-22.9359335,-47.091576
1554,96,VOTO NULO,1792,,2022,-22.9359335,-47.091576
1562,10,TARCISIO GOMES DE FREITAS,3933,REPUBLICANOS,2022,-22.9645612,-47.0771071
1562,10123,GILMACI DOS SANTOS BARBOSA,54,REPUBLICANOS,2022,-22.9645612,-47.0771071
1562,10200,HIGOR DIEGO RALLA,45,REPUBLICANOS,2022,-22.9645612,-47.0771071
1562,10550,TOME ABDUCH,55,REPUBLICANOS,2022,-22.9645612,-47.0771071
1562,1078,BENEDITO ROBERTO ALVES FERREIRA,54,REPUBLICANOS,2022,-22.9645612,-47.0771071
1562,1111,BRUNO MARCELLO DE OLIVEIRA LIMA,66,PP,2022,-22.9645612,-47.0771071
1562,12200,WILSON KELLER DE MATOS,37,PDT,2022,-22.9645612,-47.0771071
1562,123,JOSÉ ALDO REBELO FIGUEIREDO,31,PDT,2022,-22.9645612,-47.0771071
1562,13,FERNANDO HADDAD,2418,PT,2022,-22.9645612,-47.0771071
1562,13,Partido dos Trabalhadores,70,PT,2022,-22.9645612,-47.0771071
1562,13016,THAINARA KAROLINE FARIA,79,PT,2022,-22.9645612,-47.0771071
1562,13121,ANA LUCIA LIPPAUS PERUGINI,58,PT,2022,-22.9645612,-47.0771071
1562,13133,EDUARDO MATARAZZO SUPLICY,108,PT,2022,-22.9645612,-47.0771071
1562,1319,PEDRO TOURINHO DE SIQUEIRA,209,PT,2022,-22.9645612,-47.0771071
1562,13199,PAOLLA CATHERINE DOS SANTOS MIGUEL AGARD,51,PT,2022,-22.9645612,-47.0771071
1562,13290,LEANDRO CÂNDIDO SOARES,38,PT,2022,-22.9645612,-47.0771071
1562,1380,JILMAR AUGUSTINHO TATTO,72,PT,2022,-22.9645612,-47.0771071
1562,155,EDSON APARECIDO DOS SANTOS,146,MDB,2022,-22.9645612,-47.0771071
1562,1587,ARNALDO SALVETTI PALACIO JUNIOR,37,MDB,2022,-22.9645612,-47.0771071
1562,1818,MARIA OSMARINA MARINA DA SILVA VAZ DE LIMA,46,REDE,2022,-22.9645612,-47.0771071
1562,22,Partido Liberal,69,,2022,-22.9645612,-47.0771071
1562,22000,DIMAS MECCA SAMPAIO,35,PL,2022,-22.9645612,-47.0771071
1562,2208,MARIO LUIS FRIAS,49,PL,2022,-22.9645612,-47.0771071
1562,2210,CARLA ZAMBELLI SALGADO DE OLIVEIRA,241,PL,2022,-22.9645612,-47.0771071
1562,22100,BRUNO ZAMBELLI SALGADO,76,PL,2022,-22.9645612,-47.0771071
1562,22120,GILDEVANIO ILSO DOS SANTOS DINIZ,45,PL,2022,-22.9645612,-47.0771071
1562,222,MARCOS CESAR PONTES,1753,PL,2022,-22.9645612,-47.0771071
1562,2222,EDUARDO NANTES BOLSONARO,134,PL,2022,-22.9645612,-47.0771071
1562,2233,PAULO ROBERTO FREIRE DA COSTA,94,PL,2022,-22.9645612,-47.0771071
1562,22422,PAULO JORGE MANSUR NETO,39,PL,2022,-22.9645612,-47.0771071
1562,2250,RICARDO DE AQUINO SALLES,186,PL,2022,-22.9645612,-47.0771071
1562,22500,LUCAS DIEZ BOVE,59,PL,2022,-22.9645612,-47.0771071
1562,2270,MARCO ANTONIO FELICIANO,31,PL,2022,-22.9645612,-47.0771071
1562,22922,VALERIA MULLER RAMOS BOLSONARO,129,PL,2022,-22.9645612,-47.0771071
1562,23000,RAFAEL FERNANDO ZIMBALDI,195,CIDADANIA,2022,-22.9645612,-47.0771071
1562,287,JANAINA CONCEIÇÃO PASCHOAL,183,PRTB,2022,-22.9645612,-47.0771071
1562,30,Partido Novo,97,NOVO,2022,-22.9645612,-47.0771071
1562,30,VINICIUS LAZZER POIT,113,NOVO,2022,-22.9645612,-47.0771071
1562,300,RICARDO LUIS MELLÃO,145,NOVO,2022,-22.9645612,-47.0771071
1562,3000,ALEXIS JOSEPH STEVERLYNCK FONTEYNE,68,NOVO,2022,-22.9645612,-47.0771071
1562,30130,MARIA CRISTINA DE OLIVEIRA,33,NOVO,2022,-22.9645612,-47.0771071
1562,3030,ADRIANA MIGUEL VENTURA,65,NOVO,2022,-22.9645612,-47.0771071
1562,30600,LEONARDO DE SIQUEIRA LIMA,40,NOVO,2022,-22.9645612,-47.0771071
1562,30730,HENRIQUE MAGALHÃES TEIXEIRA,72,NOVO,2022,-22.9645612,-47.0771071
1562,400,MÁRCIO LUIZ FRANÇA GOMES,1060,PSB,2022,-22.9645612,-47.0771071
1562,4000,JONAS DONIZETTE FERREIRA,251,PSB,2022,-22.9645612,-47.0771071
1562,4040,TABATA CLAUDIA AMARAL DE PONTES,123,PSB,2022,-22.9645612,-47.0771071
1562,40456,PERMÍNIO MONTEIRO DA SILVA,87,PSB,2022,-22.9645612,-47.0771071
1562,4400,ROSANGELA MARIA WOLFF DE QUADROS MORO,90,UNIÃO,2022,-22.9645612,-47.0771071
1562,44019,RODRIGO LUIS DE BARROS ALMEIDA,47,UNIÃO,2022,-22.9645612,-47.0771071
1562,4433,KIM PATROCA KATAGUIRI,80,UNIÃO,2022,-22.9645612,-47.0771071
1562,44777,AUGUSTO ZACARIAS CORREA LEITE,43,UNIÃO,2022,-22.9645612,-47.0771071
1562,45,RODRIGO GARCIA,545,PSDB,2022,-22.9645612,-47.0771071
1562,4500,CARLOS HENRIQUE FOCESI SAMPAIO,102,PSDB,2022,-22.9645612,-47.0771071
1562,45200,CÉLIA CAMARGO LEÃO EDELMUTH,85,PSDB,2022,-22.9645612,-47.0771071
1562,45678,LUIZ HENRIQUE CIRILO,37,PSDB,2022,-22.9645612,-47.0771071
1562,5000,SÂMIA DE SOUZA BOMFIM,49,PSOL,2022,-22.9645612,-47.0771071
1562,50000,PAULA NUNES DOS SANTOS,35,PSOL,2022,-22.9645612,-47.0771071
1562,5010,GUILHERME CASTRO BOULOS,127,PSOL,2022,-22.9645612,-47.0771071
1562,50100,MARIANA CONTI TAKAHASHI,116,PSOL,2022,-22.9645612,-47.0771071
1562,5070,ERIKA SANTOS SILVA,44,PSOL,2022,-22.9645612,-47.0771071
1562,55400,MARTA MARIA FREIRE DA COSTA,77,PSD,2022,-22.9645612,-47.0771071
1562,55655,ARTUR CASSEB ORSI,85,PSD,2022,-22.9645612,-47.0771071
1562,800,VIVIAN MENDES DA SILVA,42,UP,2022,-22.9645612,-47.0771071
1562,9000,PABLO HENRIQUE COSTA MARÇAL,40,PROS,2022,-22.9645612,-47.0771071
1562,95,VOTO BRANCO,862,,2022,-22.9645612,-47.0771071
1562,96,VOTO NULO,872,,2022,-22.9645612,-47.0771071
1570,10,TARCISIO GOMES DE FREITAS,918,REPUBLICANOS,2022,-22.9531008,-47.0906109
1570,10123,GILMACI DOS SANTOS BARBOSA,33,REPUBLICANOS,2022,-22.9531008,-47.0906109
1570,13,FERNANDO HADDAD,830,PT,2022,-22.9531008,-47.0906109
1570,13,Partido dos Trabalhadores,41,PT,2022,-22.9531008,-47.0906109
1570,1319,PEDRO TOURINHO DE SIQUEIRA,82,PT,2022,-22.9531008,-47.0906109
1570,1380,JILMAR AUGUSTINHO TATTO,33,PT,2022,-22.9531008,-47.0906109
1570,2210,CARLA ZAMBELLI SALGADO DE OLIVEIRA,40,PL,2022,-22.9531008,-47.0906109
1570,222,MARCOS CESAR PONTES,427,PL,2022,-22.9531008,-47.0906109
1570,2222,EDUARDO NANTES BOLSONARO,40,PL,2022,-22.9531008,-47.0906109
1570,2233,PAULO ROBERTO FREIRE DA COSTA,39,PL,2022,-22.9531008,-47.0906109
1570,22922,VALERIA MULLER RAMOS BOLSONARO,31,PL,2022,-22.9531008,-47.0906109
1570,23000,RAFAEL FERNANDO ZIMBALDI,59,CIDADANIA,2022,-22.9531008,-47.0906109
1570,400,MÁRCIO LUIZ FRANÇA GOMES,325,PSB,2022,-22.9531008,-47.0906109
1570,4000,JONAS DONIZETTE FERREIRA,65,PSB,2022,-22.9531008,-47.0906109
1570,40456,PERMÍNIO MONTEIRO DA SILVA,34,PSB,2022,-22.9531008,-47.0906109
1570,45,RODRIGO GARCIA,106,PSDB,2022,-22.9531008,-47.0906109
1570,5010,GUILHERME CASTRO BOULOS,33,PSOL,2022,-22.9531008,-47.0906109
1570,55400,MARTA MARIA FREIRE DA COSTA,30,PSD,2022,-22.9531008,-47.0906109
1570,95,VOTO BRANCO,376,,2022,-22.9531008,-47.0906109
1570,96,VOTO NULO,382,,2022,-22.9531008,-47.0906109
1589,10,TARCISIO GOMES DE FREITAS,1915,REPUBLICANOS,2022,-22.8237837,-47.0909386
1589,1111,BRUNO MARCELLO DE OLIVEIRA LIMA,45,PP,2022,-22.8237837,-47.0909386
1589,123,JOSÉ ALDO REBELO FIGUEIREDO,42,PDT,2022,-22.8237837,-47.0909386
1589,13,FERNANDO HADDAD,2449,PT,2022,-22.8237837,-47.0909386
1589,13,Partido dos Trabalhadores,88,PT,2022,-22.8237837,-47.0909386
1589,13133,EDUARDO MATARAZZO SUPLICY,96,PT,2022,-22.8237837,-47.0909386
1589,1319,PEDRO TOURINHO DE SIQUEIRA,228,PT,2022,-22.8237837,-47.0909386
1589,13199,PAOLLA CATHERINE DOS SANTOS MIGUEL AGARD,73,PT,2022,-22.8237837,-47.0909386
1589,13300,WAGNER DE MELO ROMÃO,47,PT,2022,-22.8237837,-47.0909386
1589,155,EDSON APARECIDO DOS SANTOS,90,MDB,2022,-22.8237837,-47.0909386
1589,1818,MARIA OSMARINA MARINA DA SILVA VAZ DE LIMA,55,REDE,2022,-22.8237837,-47.0909386
1589,22,Partido Liberal,60,,2022,-22.8237837,-47.0909386
1589,2210,CARLA ZAMBELLI SALGADO DE OLIVEIRA,111,PL,2022,-22.8237837,-47.0909386
1589,22100,BRUNO ZAMBELLI SALGADO,37,PL,2022,-22.8237837,-47.0909386
1589,222,MARCOS CESAR PONTES,879,PL,2022,-22.8237837,-47.0909386
1589,2222,EDUARDO NANTES BOLSONARO,95,PL,2022,-22.8237837,-47.0909386
1589,2233,PAULO ROBERTO FREIRE DA COSTA,33,PL,2022,-22.8237837,-47.0909386
1589,2250,RICARDO DE AQUINO SALLES,64,PL,2022,-22.8237837,-47.0909386
1589,22922,VALERIA MULLER RAMOS BOLSONARO,51,PL,2022,-22.8237837,-47.0909386
1589,23000,RAFAEL FERNANDO ZIMBALDI,124,CIDADANIA,2022,-22.8237837,-47.0909386
1589,287,JANAINA CONCEIÇÃO PASCHOAL,51,PRTB,2022,-22.8237837,-47.0909386
1589,30,VINICIUS LAZZER POIT,41,NOVO,2022,-22.8237837,-47.0909386
1589,300,RICARDO LUIS MELLÃO,48,NOVO,2022,-22.8237837,-47.0909386
1589,400,MÁRCIO LUIZ FRANÇA GOMES,974,PSB,2022,-22.8237837,-47.0909386
1589,4000,JONAS DONIZETTE FERREIRA,88,PSB,2022,-22.8237837,-47.0909386
1589,4040,TABATA CLAUDIA AMARAL DE PONTES,54,PSB,2022,-22.8237837,-47.0909386
1589,44019,RODRIGO LUIS DE BARROS ALMEIDA,266,UNIÃO,2022,-22.8237837,-47.0909386
1589,4425,ALEXANDRE LEITE DA SILVA,61,UNIÃO,2022,-22.8237837,-47.0909386
1589,4433,KIM PATROCA KATAGUIRI,40,UNIÃO,2022,-22.8237837,-47.0909386
1589,45,RODRIGO GARCIA,307,PSDB,2022,-22.8237837,-47.0909386
1589,4500,CARLOS HENRIQUE FOCESI SAMPAIO,69,PSDB,2022,-22.8237837,-47.0909386
1589,45200,CÉLIA CAMARGO LEÃO EDELMUTH,32,PSDB,2022,-22.8237837,-47.0909386
1589,5000,SÂMIA DE SOUZA BOMFIM,79,PSOL,2022,-22.8237837,-47.0909386
1589,50000,PAULA NUNES DOS SANTOS,56,PSOL,2022,-22.8237837,-47.0909386
1589,5010,GUILHERME CASTRO BOULOS,160,PSOL,2022,-22.8237837,-47.0909386
1589,50100,MARIANA CONTI TAKAHASHI,176,PSOL,2022,-22.8237837,-47.0909386
1589,50110,EDIANE MARIA DO NASCIMENTO,40,PSOL,2022,-22.8237837,-47.0909386
1589,5070,ERIKA SANTOS SILVA,49,PSOL,2022,-22.8237837,-47.0909386
1589,5088,SÔNIA BONE DE SOUSA SILVA SANTOS,92,PSOL,2022,-22.8237837,-47.0909386
1589,800,VIVIAN MENDES DA SILVA,56,UP,2022,-22.8237837,-47.0909386
1589,95,VOTO BRANCO,849,,2022,-22.8237837,-47.0909386
1589,96,VOTO NULO,912,,2022,-22.8237837,-47.0909386
1597,10,TARCISIO GOMES DE FREITAS,880,REPUBLICANOS,2022,-22.9302629,-47.0961189
1597,1111,BRUNO MARCELLO DE OLIVEIRA LIMA,39,PP,2022,-22.9302629,-47.0961189
1597,13,FERNANDO HADDAD,676,PT,2022,-22.9302629,-47.0961189
1597,13,Partido dos Trabalhadores,33,PT,2022,-22.9302629,-47.0961189
1597,13133,EDUARDO MATARAZZO SUPLICY,40,PT,2022,-22.9302629,-47.0961189
1597,1319,PEDRO TOURINHO DE SIQUEIRA,50,PT,2022,-22.9302629,-47.0961189
1597,2210,CARLA ZAMBELLI SALGADO DE OLIVEIRA,58,PL,2022,-22.9302629,-47.0961189
1597,222,MARCOS CESAR PONTES,423,PL,2022,-22.9302629,-47.0961189
1597,2222,EDUARDO NANTES BOLSONARO,50,PL,2022,-22.9302629,-47.0961189
1597,23000,RAFAEL FERNANDO ZIMBALDI,43,CIDADANIA,2022,-22.9302629,-47.0961189
1597,400,MÁRCIO LUIZ FRANÇA GOMES,260,PSB,2022,-22.9302629,-47.0961189
1597,4000,JONAS DONIZETTE FERREIRA,39,PSB,2022,-22.9302629,-47.0961189
1597,45,RODRIGO GARCIA,91,PSDB,2022,-22.9302629,-47.0961189
1597,5010,GUILHERME CASTRO BOULOS,50,PSOL,2022,-22.9302629,-47.0961189
1597,50100,MARIANA CONTI TAKAHASHI,33,PSOL,2022,-22.9302629,-47.0961189
1597,95,VOTO BRANCO,345,,2022,-22.9302629,-47.0961189
1597,96,VOTO NULO,378,,2022,-22.9302629,-47.0961189
1600,10,TARCISIO GOMES DE FREITAS,1808,REPUBLICANOS,2022,-22.9064,-47.0616
1600,10550,TOME ABDUCH,30,REPUBLICANOS,2022,-22.9064,-47.0616
1600,1111,BRUNO MARCELLO DE OLIVEIRA LIMA,38,PP,2022,-22.9064,-47.0616
1600,123,JOSÉ ALDO REBELO FIGUEIREDO,30,PDT,2022,-22.9064,-47.0616
1600,13,FERNANDO HADDAD,2832,PT,2022,-22.9064,-47.0616
1600,13,Partido dos Trabalhadores,72,PT,2022,-22.9064,-47.0616
1600,13121,ANA LUCIA LIPPAUS PERUGINI,42,PT,2022,-22.9064,-47.0616
1600,13133,EDUARDO MATARAZZO SUPLICY,109,PT,2022,-22.9064,-47.0616
1600,1319,PEDRO TOURINHO DE SIQUEIRA,267,PT,2022,-22.9064,-47.0616
1600,13199,PAOLLA CATHERINE DOS SANTOS MIGUEL AGARD,76,PT,2022,-22.9064,-47.0616
1600,13300,WAGNER DE MELO ROMÃO,88,PT,2022,-22.9064,-47.0616
1600,155,EDSON APARECIDO DOS SANTOS,98,MDB,2022,-22.9064,-47.0616
1600,18000,MARINA MEDEIROS HELOU,30,REDE,2022,-22.9064,-47.0616
1600,1818,MARIA OSMARINA MARINA DA SILVA VAZ DE LIMA,72,REDE,2022,-22.9064,-47.0616
1600,1877,RICARDO MAGNUS OSÓRIO GALVÃO,58,REDE,2022,-22.9064,-47.0616
1600,22,Partido Liberal,53,,2022,-22.9064,-47.0616
1600,2210,CARLA ZAMBELLI SALGADO DE OLIVEIRA,96,PL,2022,-22.9064,-47.0616
1600,222,MARCOS CESAR PONTES,807,PL,2022,-22.9064,-47.0616
1600,2222,EDUARDO NANTES BOLSONARO,64,PL,2022,-22.9064,-47.0616
1600,2250,RICARDO DE AQUINO SALLES,82,PL,2022,-22.9064,-47.0616
1600,22922,VALERIA MULLER RAMOS BOLSONARO,56,PL,2022,-22.9064,-47.0616
1600,2300,MARCO ANTONIO VILLA,31,CIDADANIA,2022,-22.9064,-47.0616
1600,23000,RAFAEL FERNANDO ZIMBALDI,130,CIDADANIA,2022,-22.9064,-47.0616
1600,23888,LI LI MIN,31,CIDADANIA,2022,-22.9064,-47.0616
1600,287,JANAINA CONCEIÇÃO PASCHOAL,87,PRTB,2022,-22.9064,-47.0616
1600,30,Partido Novo,43,NOVO,2022,-22.9064,-47.0616
1600,30,VINICIUS LAZZER POIT,57,NOVO,2022,-22.9064,-47.0616
1600,300,RICARDO LUIS MELLÃO,73,NOVO,2022,-22.9064,-47.0616
1600,30600,LEONARDO DE SIQUEIRA LIMA,30,NOVO,2022,-22.9064,-47.0616
1600,30730,HENRIQUE MAGALHÃES TEIXEIRA,31,NOVO,2022,-22.9064,-47.0616
1600,400,MÁRCIO LUIZ FRANÇA GOMES,1191,PSB,2022,-22.9064,-47.0616
1600,4000,JONAS DONIZETTE FERREIRA,72,PSB,2022,-22.9064,-47.0616
1600,4040,TABATA CLAUDIA AMARAL DE PONTES,107,PSB,2022,-22.9064,-47.0616
1600,4400,ROSANGELA MARIA WOLFF DE QUADROS MORO,46,UNIÃO,2022,-22.9064,-47.0616
1600,44019,RODRIGO LUIS DE BARROS ALMEIDA,133,UNIÃO,2022,-22.9064,-47.0616
1600,4425,ALEXANDRE LEITE DA SILVA,36,UNIÃO,2022,-22.9064,-47.0616
1600,4433,KIM PATROCA KATAGUIRI,38,UNIÃO,2022,-22.9064,-47.0616
1600,45,RODRIGO GARCIA,373,PSDB,2022,-22.9064,-47.0616
1600,4500,CARLOS HENRIQUE FOCESI SAMPAIO,63,PSDB,2022,-22.9064,-47.0616
1600,45200,CÉLIA CAMARGO LEÃO EDELMUTH,34,PSDB,2022,-22.9064,-47.0616
1600,5000,SÂMIA DE SOUZA BOMFIM,97,PSOL,2022,-22.9064,-47.0616
1600,50000,PAULA NUNES DOS SANTOS,93,PSOL,2022,-22.9064,-47.0616
1600,5010,GUILHERME CASTRO BOULOS,189,PSOL,2022,-22.9064,-47.0616
1600,50100,MARIANA CONTI TAKAHASHI,191,PSOL,2022,-22.9064,-47.0616
1600,50110,EDIANE MARIA DO NASCIMENTO,65,PSOL,2022,-22.9064,-47.0616
1600,5070,ERIKA SANTOS SILVA,95,PSOL,2022,-22.9064,-47.0616
1600,5088,SÔNIA BONE DE SOUSA SILVA SANTOS,97,PSOL,2022,-22.9064,-47.0616
1600,55655,ARTUR CASSEB ORSI,63,PSD,2022,-22.9064,-47.0616
1600,800,VIVIAN MENDES DA SILVA,84,UP,2022,-22.9064,-47.0616
1600,95,VOTO BRANCO,718,,2022,-22.9064,-47.0616
1600,96,VOTO NULO,784,,2022,-22.9064,-47.0616
1643,10,TARCISIO GOMES DE FREITAS,1372,REPUBLICANOS,2022,-22.9855642,-47.1015134
1643,10123,GILMACI DOS SANTOS BARBOSA,44,REPUBLICANOS,2022,-22.9855642,-47.1015134
1643,10200,HIGOR DIEGO RALLA,41,REPUBLICANOS,2022,-22.9855642,-47.1015134
1643,1078,BENEDITO ROBERTO ALVES FERREIRA,38,REPUBLICANOS,2022,-22.9855642,-47.1015134
1643,13,FERNANDO HADDAD,1394,PT,2022,-22.9855642,-47.1015134
1643,13,Partido dos Trabalhadores,71,PT,2022,-22.9855642,-47.1015134
1643,13112,EVELYN SILVA DO NASCIMENTO VICENTE DA SILVA,45,PT,2022,-22.9855642,-47.1015134
1643,13120,CARLOS ROBERTO DE OLIVEIRA,64,PT,2022,-22.9855642,-47.1015134
1643,13133,EDUARDO MATARAZZO SUPLICY,40,PT,2022,-22.9855642,-47.1015134
1643,1319,PEDRO TOURINHO DE SIQUEIRA,113,PT,2022,-22.9855642,-47.1015134
1643,1366,MARIANA CERGOLI JANEIRO,64,PT,2022,-22.9855642,-47.1015134
1643,1380,JILMAR AUGUSTINHO TATTO,45,PT,2022,-22.9855642,-47.1015134
1643,155,EDSON APARECIDO DOS SANTOS,71,MDB,2022,-22.9855642,-47.1015134
1643,1587,ARNALDO SALVETTI PALACIO JUNIOR,48,MDB,2022,-22.9855642,-47.1015134
1643,22,Partido Liberal,35,,2022,-22.9855642,-47.1015134
1643,2210,CARLA ZAMBELLI SALGADO DE OLIVEIRA,52,PL,2022,-22.9855642,-47.1015134
1643,222,MARCOS CESAR PONTES,642,PL,2022,-22.9855642,-47.1015134
1643,2222,EDUARDO NANTES BOLSONARO,79,PL,2022,-22.9855642,-47.1015134
1643,2233,PAULO ROBERTO FREIRE DA COSTA,43,PL,2022,-22.9855642,-47.1015134
1643,22422,PAULO JORGE MANSUR NETO,30,PL,2022,-22.9855642,-47.1015134
1643,22922,VALERIA MULLER RAMOS BOLSONARO,31,PL,2022,-22.9855642,-47.1015134
1643,23000,RAFAEL FERNANDO ZIMBALDI,105,CIDADANIA,2022,-22.9855642,-47.1015134
1643,30,VINICIUS LAZZER POIT,35,NOVO,2022,-22.9855642,-47.1015134
1643,400,MÁRCIO LUIZ FRANÇA GOMES,522,PSB,2022,-22.9855642,-47.1015134
1643,4000,JONAS DONIZETTE FERREIRA,111,PSB,2022,-22.9855642,-47.1015134
1643,44019,RODRIGO LUIS DE BARROS ALMEIDA,35,UNIÃO,2022,-22.9855642,-47.1015134
1643,4433,KIM PATROCA KATAGUIRI,34,UNIÃO,2022,-22.9855642,-47.1015134
1643,45,RODRIGO GARCIA,198,PSDB,2022,-22.9855642,-47.1015134
1643,45200,CÉLIA CAMARGO LEÃO EDELMUTH,30,PSDB,2022,-22.9855642,-47.1015134
1643,5010,GUILHERME CASTRO BOULOS,46,PSOL,2022,-22.9855642,-47.1015134
1643,50100,MARIANA CONTI TAKAHASHI,49,PSOL,2022,-22.9855642,-47.1015134
1643,55400,MARTA MARIA FREIRE DA COSTA,38,PSD,2022,-22.9855642,-47.1015134
1643,95,VOTO BRANCO,803,,2022,-22.9855642,-47.1015134
1643,96,VOTO NULO,740,,2022,-22.9855642,-47.1015134
1651,10,TARCISIO GOMES DE FREITAS,1082,REPUBLICANOS,2022,-22.9522583,-47.0806396
1651,10123,GILMACI DOS SANTOS BARBOSA,50,REPUBLICANOS,2022,-22.9522583,-47.0806396
1651,1078,BENEDITO ROBERTO ALVES FERREIRA,44,REPUBLICANOS,2022,-22.9522583,-47.0806396
1651,12200,WILSON KELLER DE MATOS,46,PDT,2022,-22.9522583,-47.0806396
1651,13,FERNANDO HADDAD,1775,PT,2022,-22.9522583,-47.0806396
1651,13,Partido dos Trabalhadores,67,PT,2022,-22.9522583,-47.0806396
1651,13016,THAINARA KAROLINE FARIA,158,PT,2022,-22.9522583,-47.0806396
1651,13121,ANA LUCIA LIPPAUS PERUGINI,74,PT,2022,-22.9522583,-47.0806396
1651,1319,PEDRO TOURINHO DE SIQUEIRA,248,PT,2022,-22.9522583,-47.0806396
1651,13290,LEANDRO CÂNDIDO SOARES,91,PT,2022,-22.9522583,-47.0806396
1651,13300,WAGNER DE MELO ROMÃO,46,PT,2022,-22.9522583,-47.0806396
1651,1380,JILMAR AUGUSTINHO TATTO,137,PT,2022,-22.9522583,-47.0806396
1651,155,EDSON APARECIDO DOS SANTOS,45,MDB,2022,-22.9522583,-47.0806396
1651,1587,ARNALDO SALVETTI PALACIO JUNIOR,38,MDB,2022,-22.9522583,-47.0806396
1651,22,Partido Liberal,33,,2022,-22.9522583,-47.0806396
1651,2210,CARLA ZAMBELLI SALGADO DE OLIVEIRA,34,PL,2022,-22.9522583,-47.0806396
1651,222,MARCOS CESAR PONTES,507,PL,2022,-22.9522583,-47.0806396
1651,2222,EDUARDO NANTES BOLSONARO,55,PL,2022,-22.9522583,-47.0806396
1651,2233,PAULO ROBERTO FREIRE DA COSTA,84,PL,2022,-22.9522583,-47.0806396
1651,22922,VALERIA MULLER RAMOS BOLSONARO,39,PL,2022,-22.9522583,-47.0806396
1651,23000,RAFAEL FERNANDO ZIMBALDI,59,CIDADANIA,2022,-22.9522583,-47.0806396
1651,400,MÁRCIO LUIZ FRANÇA GOMES,760,PSB,2022,-22.9522583,-47.0806396
1651,4000,JONAS DONIZETTE FERREIRA,152,PSB,2022,-22.9522583,-47.0806396
1651,40456,PERMÍNIO MONTEIRO DA SILVA,76,PSB,2022,-22.9522583,-47.0806396
1651,45,RODRIGO GARCIA,118,PSDB,2022,-22.9522583,-47.0806396
1651,45200,CÉLIA CAMARGO LEÃO EDELMUTH,40,PSDB,2022,-22.9522583,-47.0806396
1651,5010,GUILHERME CASTRO BOULOS,32,PSOL,2022,-22.9522583,-47.0806396
1651,55400,MARTA MARIA FREIRE DA COSTA,65,PSD,2022,-22.9522583,-47.0806396
1651,95,VOTO BRANCO,903,,2022,-22.9522583,-47.0806396
1651,96,VOTO NULO,520,,2022,-22.9522583,-47.0806396
1660,10,TARCISIO GOMES DE FREITAS,1224,REPUBLICANOS,2022,-23.0395177,-47.1124719
1660,1000,CELSO UBIRAJARA RUSSOMANNO,36,REPUBLICANOS,2022,-23.0395177,-47.1124719
1660,10123,GILMACI DOS SANTOS BARBOSA,97,REPUBLICANOS,2022,-23.0395177,-47.1124719
1660,10200,HIGOR DIEGO RALLA,31,REPUBLICANOS,2022,-23.0395177,-47.1124719
1660,1078,BENEDITO ROBERTO ALVES FERREIRA,101,REPUBLICANOS,2022,-23.0395177,-47.1124719
1660,13,FERNANDO HADDAD,2163,PT,2022,-23.0395177,-47.1124719
1660,13,Partido dos Trabalhadores,106,PT,2022,-23.0395177,-47.1124719
1660,13112,EVELYN SILVA DO NASCIMENTO VICENTE DA SILVA,345,PT,2022,-23.0395177,-47.1124719
1660,1319,PEDRO TOURINHO DE SIQUEIRA,190,PT,2022,-23.0395177,-47.1124719
1660,13199,PAOLLA CATHERINE DOS SANTOS MIGUEL AGARD,42,PT,2022,-23.0395177,-47.1124719
1660,1366,MARIANA CERGOLI JANEIRO,46,PT,2022,-23.0395177,-47.1124719
1660,1380,JILMAR AUGUSTINHO TATTO,193,PT,2022,-23.0395177,-47.1124719
1660,13800,JORGE DO CARMO SILVA,31,PT,2022,-23.0395177,-47.1124719
1660,155,EDSON APARECIDO DOS SANTOS,47,MDB,2022,-23.0395177,-47.1124719
1660,22,Partido Liberal,31,,2022,-23.0395177,-47.1124719
1660,2210,CARLA ZAMBELLI SALGADO DE OLIVEIRA,33,PL,2022,-23.0395177,-47.1124719
1660,222,MARCOS CESAR PONTES,573,PL,2022,-23.0395177,-47.1124719
1660,2222,EDUARDO NANTES BOLSONARO,70,PL,2022,-23.0395177,-47.1124719
1660,2233,PAULO ROBERTO FREIRE DA COSTA,64,PL,2022,-23.0395177,-47.1124719
1660,2270,MARCO ANTONIO FELICIANO,46,PL,2022,-23.0395177,-47.1124719
1660,22922,VALERIA MULLER RAMOS BOLSONARO,45,PL,2022,-23.0395177,-47.1124719
1660,23000,RAFAEL FERNANDO ZIMBALDI,90,CIDADANIA,2022,-23.0395177,-47.1124719
1660,40,Partido Socialista Brasileiro,42,,2022,-23.0395177,-47.1124719
1660,400,MÁRCIO LUIZ FRANÇA GOMES,873,PSB,2022,-23.0395177,-47.1124719
1660,4000,JONAS DONIZETTE FERREIRA,87,PSB,2022,-23.0395177,-47.1124719
1660,45,RODRIGO GARCIA,157,PSDB,2022,-23.0395177,-47.1124719
1660,5010,GUILHERME CASTRO BOULOS,38,PSOL,2022,-23.0395177,-47.1124719
1660,55400,MARTA MARIA FREIRE DA COSTA,57,PSD,2022,-23.0395177,-47.1124719
1660,6500,ISADORA MARTINATTI PENNA,32,PC DO B,2022,-23.0395177,-47.1124719
1660,95,VOTO BRANCO,1392,,2022,-23.0395177,-47.1124719
1660,96,VOTO NULO,774,,2022,-23.0395177,-47.1124719
1678,10,TARCISIO GOMES DE FREITAS,767,REPUBLICANOS,2022,-22.9064,-47.0616
1678,10123,GILMACI DOS SANTOS BARBOSA,35,REPUBLICANOS,2022,-22.9064,-47.0616
1678,10200,HIGOR DIEGO RALLA,33,REPUBLICANOS,2022,-22.9064,-47.0616
1678,1078,BENEDITO ROBERTO ALVES FERREIRA,37,REPUBLICANOS,2022,-22.9064,-47.0616
1678,13,FERNANDO HADDAD,996,PT,2022,-22.9064,-47.0616
1678,13,Partido dos Trabalhadores,35,PT,2022,-22.9064,-47.0616
1678,1319,PEDRO TOURINHO DE SIQUEIRA,66,PT,2022,-22.9064,-47.0616
1678,13199,PAOLLA CATHERINE DOS SANTOS MIGUEL AGARD,68,PT,2022,-22.9064,-47.0616
1678,1370,CARLOS ALBERTO ROLIM ZARATTINI,43,PT,2022,-22.9064,-47.0616
1678,1380,JILMAR AUGUSTINHO TATTO,43,PT,2022,-22.9064,-47.0616
1678,155,EDSON APARECIDO DOS SANTOS,44,MDB,2022,-22.9064,-47.0616
1678,2210,CARLA ZAMBELLI SALGADO DE OLIVEIRA,34,PL,2022,-22.9064,-47.0616
1678,222,MARCOS CESAR PONTES,341,PL,2022,-22.9064,-47.0616
1678,2222,EDUARDO NANTES BOLSONARO,49,PL,2022,-22.9064,-47.0616
1678,2233,PAULO ROBERTO FREIRE DA COSTA,37,PL,2022,-22.9064,-47.0616
1678,23000,RAFAEL FERNANDO ZIMBALDI,87,CIDADANIA,2022,-22.9064,-47.0616
1678,400,MÁRCIO LUIZ FRANÇA GOMES,381,PSB,2022,-22.9064,-47.0616
1678,4000,JONAS DONIZETTE FERREIRA,97,PSB,2022,-22.9064,-47.0616
1678,44019,RODRIGO LUIS DE BARROS ALMEIDA,89,UNIÃO,2022,-22.9064,-47.0616
1678,4425,ALEXANDRE LEITE DA SILVA,32,UNIÃO,2022,-22.9064,-47.0616
1678,45,RODRIGO GARCIA,117,PSDB,2022,-22.9064,-47.0616
1678,4500,CARLOS HENRIQUE FOCESI SAMPAIO,32,PSDB,2022,-22.9064,-47.0616
1678,55400,MARTA MARIA FREIRE DA COSTA,31,PSD,2022,-22.9064,-47.0616
1678,95,VOTO BRANCO,714,,2022,-22.9064,-47.0616
1678,96,VOTO NULO,607,,2022,-22.9064,-47.0616
1686,10,TARCISIO GOMES DE FREITAS,2094,REPUBLICANOS,2022,-22.9718604,-47.1415002
1686,1000,CELSO UBIRAJARA RUSSOMANNO,34,REPUBLICANOS,2022,-22.9718604,-47.1415002
1686,10200,HIGOR DIEGO RALLA,44,REPUBLICANOS,2022,-22.9718604,-47.1415002
1686,1122,CARLOS ALBERTO DA CUNHA,34,PP,2022,-22.9718604,-47.1415002
1686,123,JOSÉ ALDO REBELO FIGUEIREDO,30,PDT,2022,-22.9718604,-47.1415002
1686,13,FERNANDO HADDAD,1749,PT,2022,-22.9718604,-47.1415002
1686,13,Partido dos Trabalhadores,116,PT,2022,-22.9718604,-47.1415002
1686,13121,ANA LUCIA LIPPAUS PERUGINI,34,PT,2022,-22.9718604,-47.1415002
1686,13133,EDUARDO MATARAZZO SUPLICY,57,PT,2022,-22.9718604,-47.1415002
1686,1319,PEDRO TOURINHO DE SIQUEIRA,177,PT,2022,-22.9718604,-47.1415002
1686,13199,PAOLLA CATHERINE DOS SANTOS MIGUEL AGARD,40,PT,2022,-22.9718604,-47.1415002
1686,155,EDSON APARECIDO DOS SANTOS,58,MDB,2022,-22.9718604,-47.1415002
1686,22,Partido Liberal,66,,2022,-22.9718604,-47.1415002
1686,2210,CARLA ZAMBELLI SALGADO DE OLIVEIRA,97,PL,2022,-22.9718604,-47.1415002
1686,22112,CARLOS CEZAR DA SILVA,76,PL,2022,-22.9718604,-47.1415002
1686,222,MARCOS CESAR PONTES,971,PL,2022,-22.9718604,-47.1415002
1686,2222,EDUARDO NANTES BOLSONARO,99,PL,2022,-22.9718604,-47.1415002
1686,2233,PAULO ROBERTO FREIRE DA COSTA,58,PL,2022,-22.9718604,-47.1415002
1686,22422,PAULO JORGE MANSUR NETO,44,PL,2022,-22.9718604,-47.1415002
1686,2250,RICARDO DE AQUINO SALLES,32,PL,2022,-22.9718604,-47.1415002
1686,22553,THELMA ELAINE BRASILEIRO ROBERTI,33,PL,2022,-22.9718604,-47.1415002
1686,2274,JEFFERSON ALVES DE CAMPOS,72,PL,2022,-22.9718604,-47.1415002
1686,22922,VALERIA MULLER RAMOS BOLSONARO,49,PL,2022,-22.9718604,-47.1415002
1686,23000,RAFAEL FERNANDO ZIMBALDI,114,CIDADANIA,2022,-22.9718604,-47.1415002
1686,400,MÁRCIO LUIZ FRANÇA GOMES,634,PSB,2022,-22.9718604,-47.1415002
1686,4000,JONAS DONIZETTE FERREIRA,140,PSB,2022,-22.9718604,-47.1415002
1686,40456,PERMÍNIO MONTEIRO DA SILVA,61,PSB,2022,-22.9718604,-47.1415002
1686,44019,RODRIGO LUIS DE BARROS ALMEIDA,107,UNIÃO,2022,-22.9718604,-47.1415002
1686,4433,KIM PATROCA KATAGUIRI,30,UNIÃO,2022,-22.9718604,-47.1415002
1686,45,RODRIGO GARCIA,229,PSDB,2022,-22.9718604,-47.1415002
1686,4500,CARLOS HENRIQUE FOCESI SAMPAIO,49,PSDB,2022,-22.9718604,-47.1415002
1686,5010,GUILHERME CASTRO BOULOS,69,PSOL,2022,-22.9718604,-47.1415002
1686,50100,MARIANA CONTI TAKAHASHI,48,PSOL,2022,-22.9718604,-47.1415002
1686,55400,MARTA MARIA FREIRE DA COSTA,48,PSD,2022,-22.9718604,-47.1415002
1686,55655,ARTUR CASSEB ORSI,42,PSD,2022,-22.9718604,-47.1415002
1686,6565,ORLANDO SILVA DE JESUS JUNIOR,40,PC DO B,2022,-22.9718604,-47.1415002
1686,65656,MARCIA REGINA QUINTANILHA,30,PC DO B,2022,-22.9718604,-47.1415002
1686,95,VOTO BRANCO,1062,,2022,-22.9718604,-47.1415002
1686,96,VOTO NULO,1072,,2022,-22.9718604,-47.1415002
1694,10,TARCISIO GOMES DE FREITAS,179,REPUBLICANOS,2022,-22.9739235,-47.1243893
1694,13,FERNANDO HADDAD,185,PT,2022,-22.9739235,-47.1243893
1694,1319,PEDRO TOURINHO DE SIQUEIRA,31,PT,2022,-22.9739235,-47.1243893
1694,222,MARCOS CESAR PONTES,92,PL,2022,-22.9739235,-47.1243893
1694,400,MÁRCIO LUIZ FRANÇA GOMES,74,PSB,2022,-22.9739235,-47.1243893
1694,44019,RODRIGO LUIS DE BARROS ALMEIDA,42,UNIÃO,2022,-22.9739235,-47.1243893
1694,95,VOTO BRANCO,111,,2022,-22.9739235,-47.1243893
1694,96,VOTO NULO,125,,2022,-22.9739235,-47.1243893
1724,10,TARCISIO GOMES DE FREITAS,5966,REPUBLICANOS,2022,-22.8804835,-47.0586452
1724,1000,CELSO UBIRAJARA RUSSOMANNO,51,REPUBLICANOS,2022,-22.8804835,-47.0586452
1724,10123,GILMACI DOS SANTOS BARBOSA,48,REPUBLICANOS,2022,-22.8804835,-47.0586452
1724,10200,HIGOR DIEGO RALLA,72,REPUBLICANOS,2022,-22.8804835,-47.0586452
1724,10550,TOME ABDUCH,90,REPUBLICANOS,2022,-22.8804835,-47.0586452
1724,1078,BENEDITO ROBERTO ALVES FERREIRA,46,REPUBLICANOS,2022,-22.8804835,-47.0586452
1724,1111,BRUNO MARCELLO DE OLIVEIRA LIMA,137,PP,2022,-22.8804835,-47.0586452
1724,1112,ISRAEL NANTES SANTOS,50,PP,2022,-22.8804835,-47.0586452
1724,1122,CARLOS ALBERTO DA CUNHA,40,PP,2022,-22.8804835,-47.0586452
1724,12,ELVIS LEONARDO CEZAR,47,PDT,2022,-22.8804835,-47.0586452
1724,123,JOSÉ ALDO REBELO FIGUEIREDO,63,PDT,2022,-22.8804835,-47.0586452
1724,13,FERNANDO HADDAD,3726,PT,2022,-22.8804835,-47.0586452
1724,13,Partido dos Trabalhadores,169,PT,2022,-22.8804835,-47.0586452
1724,13133,EDUARDO MATARAZZO SUPLICY,188,PT,2022,-22.8804835,-47.0586452
1724,1319,PEDRO TOURINHO DE SIQUEIRA,261,PT,2022,-22.8804835,-47.0586452
1724,13199,PAOLLA CATHERINE DOS SANTOS MIGUEL AGARD,65,PT,2022,-22.8804835,-47.0586452
1724,13300,WAGNER DE MELO ROMÃO,55,PT,2022,-22.8804835,-47.0586452
1724,1414,ADRILLES REIS JORGE,40,PTB,2022,-22.8804835,-47.0586452
1724,1500,MARIO PALUMBO JUNIOR,33,MDB,2022,-22.8804835,-47.0586452
1724,155,EDSON APARECIDO DOS SANTOS,202,MDB,2022,-22.8804835,-47.0586452
1724,1587,ARNALDO SALVETTI PALACIO JUNIOR,57,MDB,2022,-22.8804835,-47.0586452
1724,1818,MARIA OSMARINA MARINA DA SILVA VAZ DE LIMA,95,REDE,2022,-22.8804835,-47.0586452
1724,1910,BRUNO AREVALO GANEM,38,PODE,2022,-22.8804835,-47.0586452
1724,19101,CLARICE CARASSOL AREVALO GANEM,35,PODE,2022,-22.8804835,-47.0586452
1724,1911,HENI OZI CUKIER,31,PODE,2022,-22.8804835,-47.0586452
1724,211,TITO FLAVIO BELLINI NOGUEIRA DE OLIVEIRA,34,PCB,2022,-22.8804835,-47.0586452
1724,22,Partido Liberal,153,,2022,-22.8804835,-47.0586452
1724,22000,DIMAS MECCA SAMPAIO,72,PL,2022,-22.8804835,-47.0586452
1724,2208,MARIO LUIS FRIAS,65,PL,2022,-22.8804835,-47.0586452
1724,2210,CARLA ZAMBELLI SALGADO DE OLIVEIRA,385,PL,2022,-22.8804835,-47.0586452
1724,22100,BRUNO ZAMBELLI SALGADO,105,PL,2022,-22.8804835,-47.0586452
1724,22112,CARLOS CEZAR DA SILVA,45,PL,2022,-22.8804835,-47.0586452
1724,22120,GILDEVANIO ILSO DOS SANTOS DINIZ,94,PL,2022,-22.8804835,-47.0586452
1724,22138,ROBERVAL CONTE LOPES LIMA,46,PL,2022,-22.8804835,-47.0586452
1724,222,MARCOS CESAR PONTES,2716,PL,2022,-22.8804835,-47.0586452
1724,2222,EDUARDO NANTES BOLSONARO,328,PL,2022,-22.8804835,-47.0586452
1724,2233,PAULO ROBERTO FREIRE DA COSTA,60,PL,2022,-22.8804835,-47.0586452
1724,22422,PAULO JORGE MANSUR NETO,52,PL,2022,-22.8804835,-47.0586452
1724,2243,LUIZ PHILIPPE DE ORLEANS E BRAGANÇA,48,PL,2022,-22.8804835,-47.0586452
1724,2247,PAULO FRANCISCO MUNIZ BILYNSKYJ,35,PL,2022,-22.8804835,-47.0586452
1724,2250,RICARDO DE AQUINO SALLES,213,PL,2022,-22.8804835,-47.0586452
1724,22500,LUCAS DIEZ BOVE,44,PL,2022,-22.8804835,-47.0586452
1724,2270,MARCO ANTONIO FELICIANO,60,PL,2022,-22.8804835,-47.0586452
1724,2274,JEFFERSON ALVES DE CAMPOS,44,PL,2022,-22.8804835,-47.0586452
1724,2276,MARSCHELO RODRIGO MARIN MECHE,31,PL,2022,-22.8804835,-47.0586452
1724,2290,GUILHERME MURARO DERRITE,61,PL,2022,-22.8804835,-47.0586452
1724,22922,VALERIA MULLER RAMOS BOLSONARO,208,PL,2022,-22.8804835,-47.0586452
1724,2300,MARCO ANTONIO VILLA,31,CIDADANIA,2022,-22.8804835,-47.0586452
1724,23000,RAFAEL FERNANDO ZIMBALDI,230,CIDADANIA,2022,-22.8804835,-47.0586452
1724,23456,ANTONIO DIRCEU DALBEN,42,CIDADANIA,2022,-22.8804835,-47.0586452
1724,287,JANAINA CONCEIÇÃO PASCHOAL,163,PRTB,2022,-22.8804835,-47.0586452
1724,30,Partido Novo,75,NOVO,2022,-22.8804835,-47.0586452
1724,30,VINICIUS LAZZER POIT,147,NOVO,2022,-22.8804835,-47.0586452
1724,300,RICARDO LUIS MELLÃO,140,NOVO,2022,-22.8804835,-47.0586452
1724,3000,ALEXIS JOSEPH STEVERLYNCK FONTEYNE,51,NOVO,2022,-22.8804835,-47.0586452
1724,3030,ADRIANA MIGUEL VENTURA,56,NOVO,2022,-22.8804835,-47.0586452
1724,30600,LEONARDO DE SIQUEIRA LIMA,44,NOVO,2022,-22.8804835,-47.0586452
1724,30730,HENRIQUE MAGALHÃES TEIXEIRA,65,NOVO,2022,-22.8804835,-47.0586452
1724,35352,FERNANDO LUIS COUTINHO NEVES,35,PMB,2022,-22.8804835,-47.0586452
1724,36190,ADRIANA SANCHES GALDEANO BORGO,35,AGIR,2022,-22.8804835,-47.0586452
1724,400,MÁRCIO LUIZ FRANÇA GOMES,1525,PSB,2022,-22.8804835,-47.0586452
1724,4000,JONAS DONIZETTE FERREIRA,335,PSB,2022,-22.8804835,-47.0586452
1724,40000,ANDRÉA WERNER SILVA BONOLI,36,PSB,2022,-22.8804835,-47.0586452
1724,4040,TABATA CLAUDIA AMARAL DE PONTES,113,PSB,2022,-22.8804835,-47.0586452
1724,40456,PERMÍNIO MONTEIRO DA SILVA,344,PSB,2022,-22.8804835,-47.0586452
1724,4400,ROSANGELA MARIA WOLFF DE QUADROS MORO,89,UNIÃO,2022,-22.8804835,-47.0586452
1724,44007,FELIPE SOUZA MURAKAMI DE FRANCO,35,UNIÃO,2022,-22.8804835,-47.0586452
1724,4407,FELIPE BECARI COMENALE,31,UNIÃO,2022,-22.8804835,-47.0586452
1724,4433,KIM PATROCA KATAGUIRI,113,UNIÃO,2022,-22.8804835,-47.0586452
1724,44333,AMANDA VETTORAZZO CARNEIRO,34,UNIÃO,2022,-22.8804835,-47.0586452
1724,44777,AUGUSTO ZACARIAS CORREA LEITE,46,UNIÃO,2022,-22.8804835,-47.0586452
1724,45,Partido da Social Democracia Brasileira,30,PSDB,2022,-22.8804835,-47.0586452
1724,45,RODRIGO GARCIA,698,PSDB,2022,-22.8804835,-47.0586452
1724,4500,CARLOS HENRIQUE FOCESI SAMPAIO,171,PSDB,2022,-22.8804835,-47.0586452
1724,45200,CÉLIA CAMARGO LEÃO EDELMUTH,81,PSDB,2022,-22.8804835,-47.0586452
1724,45678,LUIZ HENRIQUE CIRILO,57,PSDB,2022,-22.8804835,-47.0586452
1724,5000,SÂMIA DE SOUZA BOMFIM,110,PSOL,2022,-22.8804835,-47.0586452
1724,50000,PAULA NUNES DOS SANTOS,66,PSOL,2022,-22.8804835,-47.0586452
1724,5010,GUILHERME CASTRO BOULOS,239,PSOL,2022,-22.8804835,-47.0586452
1724,50100,MARIANA CONTI TAKAHASHI,243,PSOL,2022,-22.8804835,-47.0586452
1724,50110,EDIANE MARIA DO NASCIMENTO,43,PSOL,2022,-22.8804835,-47.0586452
1724,5070,ERIKA SANTOS SILVA,75,PSOL,2022,-22.8804835,-47.0586452
1724,50777,PAULO ROBERTO BUFALO,49,PSOL,2022,-22.8804835,-47.0586452
1724,50789,CARLOS ALBERTO GIANNASI,43,PSOL,2022,-22.8804835,-47.0586452
1724,5088,SÔNIA BONE DE SOUSA SILVA SANTOS,71,PSOL,2022,-22.8804835,-47.0586452
1724,55400,MARTA MARIA FREIRE DA COSTA,42,PSD,2022,-22.8804835,-47.0586452
1724,55655,ARTUR CASSEB ORSI,129,PSD,2022,-22.8804835,-47.0586452
1724,6565,ORLANDO SILVA DE JESUS JUNIOR,52,PC DO B,2022,-22.8804835,-47.0586452
1724,65656,MARCIA REGINA QUINTANILHA,38,PC DO B,2022,-22.8804835,-47.0586452
1724,800,VIVIAN MENDES DA SILVA,109,UP,2022,-22.8804835,-47.0586452
1724,9000,PABLO HENRIQUE COSTA MARÇAL,81,PROS,2022,-22.8804835,-47.0586452
1724,90000,NEZIO ANTONIO MONTEIRO FILHO,35,PROS,2022,-22.8804835,-47.0586452
1724,95,VOTO BRANCO,1402,,2022,-22.8804835,-47.0586452
1724,96,VOTO NULO,2157,,2022,-22.8804835,-47.0586452
1759,10,TARCISIO GOMES DE FREITAS,820,REPUBLICANOS,2022,-22.9064,-47.0616
1759,13,FERNANDO HADDAD,604,PT,2022,-22.9064,-47.0616
1759,13,Partido dos Trabalhadores,38,PT,2022,-22.9064,-47.0616
1759,13133,EDUARDO MATARAZZO SUPLICY,30,PT,2022,-22.9064,-47.0616
1759,1319,PEDRO TOURINHO DE SIQUEIRA,61,PT,2022,-22.9064,-47.0616
1759,2210,CARLA ZAMBELLI SALGADO DE OLIVEIRA,48,PL,2022,-22.9064,-47.0616
1759,222,MARCOS CESAR PONTES,385,PL,2022,-22.9064,-47.0616
1759,2222,EDUARDO NANTES BOLSONARO,48,PL,2022,-22.9064,-47.0616
1759,23000,RAFAEL FERNANDO ZIMBALDI,35,CIDADANIA,2022,-22.9064,-47.0616
1759,400,MÁRCIO LUIZ FRANÇA GOMES,232,PSB,2022,-22.9064,-47.0616
1759,4000,JONAS DONIZETTE FERREIRA,47,PSB,2022,-22.9064,-47.0616
1759,45,RODRIGO GARCIA,88,PSDB,2022,-22.9064,-47.0616
1759,5010,GUILHERME CASTRO BOULOS,30,PSOL,2022,-22.9064,-47.0616
1759,95,VOTO BRANCO,412,,2022,-22.9064,-47.0616
1759,96,VOTO NULO,406,,2022,-22.9064,-47.0616
1821,10,TARCISIO GOMES DE FREITAS,1132,REPUBLICANOS,2022,-22.9064,-47.0616
1821,1111,BRUNO MARCELLO DE OLIVEIRA LIMA,34,PP,2022,-22.9064,-47.0616
1821,13,FERNANDO HADDAD,831,PT,2022,-22.9064,-47.0616
1821,13,Partido dos Trabalhadores,45,PT,2022,-22.9064,-47.0616
1821,1319,PEDRO TOURINHO DE SIQUEIRA,121,PT,2022,-22.9064,-47.0616
1821,13300,WAGNER DE MELO ROMÃO,54,PT,2022,-22.9064,-47.0616
1821,155,EDSON APARECIDO DOS SANTOS,47,MDB,2022,-22.9064,-47.0616
1821,22,Partido Liberal,39,,2022,-22.9064,-47.0616
1821,2210,CARLA ZAMBELLI SALGADO DE OLIVEIRA,78,PL,2022,-22.9064,-47.0616
1821,222,MARCOS CESAR PONTES,514,PL,2022,-22.9064,-47.0616
1821,2222,EDUARDO NANTES BOLSONARO,62,PL,2022,-22.9064,-47.0616
1821,2233,PAULO ROBERTO FREIRE DA COSTA,68,PL,2022,-22.9064,-47.0616
1821,2250,RICARDO DE AQUINO SALLES,53,PL,2022,-22.9064,-47.0616
1821,22922,VALERIA MULLER RAMOS BOLSONARO,33,PL,2022,-22.9064,-47.0616
1821,23000,RAFAEL FERNANDO ZIMBALDI,60,CIDADANIA,2022,-22.9064,-47.0616
1821,400,MÁRCIO LUIZ FRANÇA GOMES,317,PSB,2022,-22.9064,-47.0616
1821,4000,JONAS DONIZETTE FERREIRA,36,PSB,2022,-22.9064,-47.0616
1821,45,RODRIGO GARCIA,128,PSDB,2022,-22.9064,-47.0616
1821,4500,CARLOS HENRIQUE FOCESI SAMPAIO,30,PSDB,2022,-22.9064,-47.0616
1821,45678,LUIZ HENRIQUE CIRILO,124,PSDB,2022,-22.9064,-47.0616
1821,5010,GUILHERME CASTRO BOULOS,33,PSOL,2022,-22.9064,-47.0616
1821,50100,MARIANA CONTI TAKAHASHI,30,PSOL,2022,-22.9064,-47.0616
1821,55400,MARTA MARIA FREIRE DA COSTA,56,PSD,2022,-22.9064,-47.0616
1821,95,VOTO BRANCO,586,,2022,-22.9064,-47.0616
1821,96,VOTO NULO,509,,2022,-22.9064,-47.0616
1830,10,TARCISIO GOMES DE FREITAS,3162,REPUBLICANOS,2022,-22.9500883,-47.033105
1830,1000,CELSO UBIRAJARA RUSSOMANNO,57,REPUBLICANOS,2022,-22.9500883,-47.033105
1830,10550,TOME ABDUCH,40,REPUBLICANOS,2022,-22.9500883,-47.033105
1830,1100,MANOEL MAURICIO SILVA NEVES,46,PP,2022,-22.9500883,-47.033105
1830,1111,BRUNO MARCELLO DE OLIVEIRA LIMA,69,PP,2022,-22.9500883,-47.033105
1830,12,ELVIS LEONARDO CEZAR,33,PDT,2022,-22.9500883,-47.033105
1830,123,JOSÉ ALDO REBELO FIGUEIREDO,34,PDT,2022,-22.9500883,-47.033105
1830,13,FERNANDO HADDAD,2540,PT,2022,-22.9500883,-47.033105
1830,13,Partido dos Trabalhadores,114,PT,2022,-22.9500883,-47.033105
1830,13121,ANA LUCIA LIPPAUS PERUGINI,34,PT,2022,-22.9500883,-47.033105
1830,13133,EDUARDO MATARAZZO SUPLICY,104,PT,2022,-22.9500883,-47.033105
1830,1319,PEDRO TOURINHO DE SIQUEIRA,227,PT,2022,-22.9500883,-47.033105
1830,13199,PAOLLA CATHERINE DOS SANTOS MIGUEL AGARD,55,PT,2022,-22.9500883,-47.033105
1830,13300,WAGNER DE MELO ROMÃO,50,PT,2022,-22.9500883,-47.033105
1830,155,EDSON APARECIDO DOS SANTOS,129,MDB,2022,-22.9500883,-47.033105
1830,1587,ARNALDO SALVETTI PALACIO JUNIOR,30,MDB,2022,-22.9500883,-47.033105
1830,1818,MARIA OSMARINA MARINA DA SILVA VAZ DE LIMA,60,REDE,2022,-22.9500883,-47.033105
1830,22,Partido Liberal,81,,2022,-22.9500883,-47.033105
1830,22000,DIMAS MECCA SAMPAIO,32,PL,2022,-22.9500883,-47.033105
1830,2210,CARLA ZAMBELLI SALGADO DE OLIVEIRA,206,PL,2022,-22.9500883,-47.033105
1830,22100,BRUNO ZAMBELLI SALGADO,51,PL,2022,-22.9500883,-47.033105
1830,22112,CARLOS CEZAR DA SILVA,55,PL,2022,-22.9500883,-47.033105
1830,22120,GILDEVANIO ILSO DOS SANTOS DINIZ,49,PL,2022,-22.9500883,-47.033105
1830,222,MARCOS CESAR PONTES,1450,PL,2022,-22.9500883,-47.033105
1830,2222,EDUARDO NANTES BOLSONARO,179,PL,2022,-22.9500883,-47.033105
1830,2233,PAULO ROBERTO FREIRE DA COSTA,82,PL,2022,-22.9500883,-47.033105
1830,22343,THIAGO REIS AURICCHIO,53,PL,2022,-22.9500883,-47.033105
1830,22422,PAULO JORGE MANSUR NETO,48,PL,2022,-22.9500883,-47.033105
1830,22444,MATHEUS COIMBRA MARTINS DE AGUIAR,32,PL,2022,-22.9500883,-47.033105
1830,2250,RICARDO DE AQUINO SALLES,95,PL,2022,-22.9500883,-47.033105
1830,22553,THELMA ELAINE BRASILEIRO ROBERTI,53,PL,2022,-22.9500883,-47.033105
1830,2274,JEFFERSON ALVES DE CAMPOS,54,PL,2022,-22.9500883,-47.033105
1830,2290,GUILHERME MURARO DERRITE,31,PL,2022,-22.9500883,-47.033105
1830,22922,VALERIA MULLER RAMOS BOLSONARO,128,PL,2022,-22.9500883,-47.033105
1830,23000,RAFAEL FERNANDO ZIMBALDI,110,CIDADANIA,2022,-22.9500883,-47.033105
1830,23456,ANTONIO DIRCEU DALBEN,36,CIDADANIA,2022,-22.9500883,-47.033105
1830,287,JANAINA CONCEIÇÃO PASCHOAL,79,PRTB,2022,-22.9500883,-47.033105
1830,30,Partido Novo,31,NOVO,2022,-22.9500883,-47.033105
1830,30,VINICIUS LAZZER POIT,60,NOVO,2022,-22.9500883,-47.033105
1830,300,RICARDO LUIS MELLÃO,51,NOVO,2022,-22.9500883,-47.033105
1830,400,MÁRCIO LUIZ FRANÇA GOMES,1012,PSB,2022,-22.9500883,-47.033105
1830,4000,JONAS DONIZETTE FERREIRA,152,PSB,2022,-22.9500883,-47.033105
1830,4040,TABATA CLAUDIA AMARAL DE PONTES,63,PSB,2022,-22.9500883,-47.033105
1830,40456,PERMÍNIO MONTEIRO DA SILVA,37,PSB,2022,-22.9500883,-47.033105
1830,4400,ROSANGELA MARIA WOLFF DE QUADROS MORO,36,UNIÃO,2022,-22.9500883,-47.033105
1830,44007,FELIPE SOUZA MURAKAMI DE FRANCO,33,UNIÃO,2022,-22.9500883,-47.033105
1830,4433,KIM PATROCA KATAGUIRI,50,UNIÃO,2022,-22.9500883,-47.033105
1830,45,RODRIGO GARCIA,372,PSDB,2022,-22.9500883,-47.033105
1830,4500,CARLOS HENRIQUE FOCESI SAMPAIO,67,PSDB,2022,-22.9500883,-47.033105
1830,45200,CÉLIA CAMARGO LEÃO EDELMUTH,48,PSDB,2022,-22.9500883,-47.033105
1830,5000,SÂMIA DE SOUZA BOMFIM,52,PSOL,2022,-22.9500883,-47.033105
1830,50000,PAULA NUNES DOS SANTOS,47,PSOL,2022,-22.9500883,-47.033105
1830,5010,GUILHERME CASTRO BOULOS,171,PSOL,2022,-22.9500883,-47.033105
1830,50100,MARIANA CONTI TAKAHASHI,121,PSOL,2022,-22.9500883,-47.033105
1830,50110,EDIANE MARIA DO NASCIMENTO,35,PSOL,2022,-22.9500883,-47.033105
1830,5070,ERIKA SANTOS SILVA,60,PSOL,2022,-22.9500883,-47.033105
1830,50777,PAULO ROBERTO BUFALO,35,PSOL,2022,-22.9500883,-47.033105
1830,5088,SÔNIA BONE DE SOUSA SILVA SANTOS,43,PSOL,2022,-22.9500883,-47.033105
1830,55400,MARTA MARIA FREIRE DA COSTA,66,PSD,2022,-22.9500883,-47.033105
1830,55655,ARTUR CASSEB ORSI,51,PSD,2022,-22.9500883,-47.033105
1830,800,VIVIAN MENDES DA SILVA,60,UP,2022,-22.9500883,-47.033105
1830,9000,PABLO HENRIQUE COSTA MARÇAL,37,PROS,2022,-22.9500883,-47.033105
1830,95,VOTO BRANCO,1201,,2022,-22.9500883,-47.033105
1830,96,VOTO NULO,1333,,2022,-22.9500883,-47.033105
1848,10,TARCISIO GOMES DE FREITAS,1946,REPUBLICANOS,2022,-22.928193,-47.0468131
1848,10200,HIGOR DIEGO RALLA,37,REPUBLICANOS,2022,-22.928193,-47.0468131
1848,10550,TOME ABDUCH,38,REPUBLICANOS,2022,-22.928193,-47.0468131
1848,1111,BRUNO MARCELLO DE OLIVEIRA LIMA,40,PP,2022,-22.928193,-47.0468131
1848,13,FERNANDO HADDAD,1302,PT,2022,-22.928193,-47.0468131
1848,13,Partido dos Trabalhadores,47,PT,2022,-22.928193,-47.0468131
1848,13133,EDUARDO MATARAZZO SUPLICY,78,PT,2022,-22.928193,-47.0468131
1848,1319,PEDRO TOURINHO DE SIQUEIRA,94,PT,2022,-22.928193,-47.0468131
1848,155,EDSON APARECIDO DOS SANTOS,96,MDB,2022,-22.928193,-47.0468131
1848,1818,MARIA OSMARINA MARINA DA SILVA VAZ DE LIMA,37,REDE,2022,-22.928193,-47.0468131
1848,19519,EDUARDO DOS REIS MAGOGA,57,PODE,2022,-22.928193,-47.0468131
1848,22,Partido Liberal,44,,2022,-22.928193,-47.0468131
1848,2210,CARLA ZAMBELLI SALGADO DE OLIVEIRA,135,PL,2022,-22.928193,-47.0468131
1848,22100,BRUNO ZAMBELLI SALGADO,31,PL,2022,-22.928193,-47.0468131
1848,222,MARCOS CESAR PONTES,888,PL,2022,-22.928193,-47.0468131
1848,2222,EDUARDO NANTES BOLSONARO,85,PL,2022,-22.928193,-47.0468131
1848,2250,RICARDO DE AQUINO SALLES,99,PL,2022,-22.928193,-47.0468131
1848,22922,VALERIA MULLER RAMOS BOLSONARO,59,PL,2022,-22.928193,-47.0468131
1848,23000,RAFAEL FERNANDO ZIMBALDI,78,CIDADANIA,2022,-22.928193,-47.0468131
1848,287,JANAINA CONCEIÇÃO PASCHOAL,74,PRTB,2022,-22.928193,-47.0468131
1848,30,Partido Novo,34,NOVO,2022,-22.928193,-47.0468131
1848,30,VINICIUS LAZZER POIT,46,NOVO,2022,-22.928193,-47.0468131
1848,300,RICARDO LUIS MELLÃO,41,NOVO,2022,-22.928193,-47.0468131
1848,400,MÁRCIO LUIZ FRANÇA GOMES,527,PSB,2022,-22.928193,-47.0468131
1848,4000,JONAS DONIZETTE FERREIRA,76,PSB,2022,-22.928193,-47.0468131
1848,4040,TABATA CLAUDIA AMARAL DE PONTES,51,PSB,2022,-22.928193,-47.0468131
1848,4400,ROSANGELA MARIA WOLFF DE QUADROS MORO,49,UNIÃO,2022,-22.928193,-47.0468131
1848,4433,KIM PATROCA KATAGUIRI,46,UNIÃO,2022,-22.928193,-47.0468131
1848,45,RODRIGO GARCIA,261,PSDB,2022,-22.928193,-47.0468131
1848,4500,CARLOS HENRIQUE FOCESI SAMPAIO,63,PSDB,2022,-22.928193,-47.0468131
1848,45200,CÉLIA CAMARGO LEÃO EDELMUTH,34,PSDB,2022,-22.928193,-47.0468131
1848,5000,SÂMIA DE SOUZA BOMFIM,44,PSOL,2022,-22.928193,-47.0468131
1848,5010,GUILHERME CASTRO BOULOS,98,PSOL,2022,-22.928193,-47.0468131
1848,50100,MARIANA CONTI TAKAHASHI,87,PSOL,2022,-22.928193,-47.0468131
1848,5070,ERIKA SANTOS SILVA,31,PSOL,2022,-22.928193,-47.0468131
1848,55655,ARTUR CASSEB ORSI,42,PSD,2022,-22.928193,-47.0468131
1848,800,VIVIAN MENDES DA SILVA,38,UP,2022,-22.928193,-47.0468131
1848,95,VOTO BRANCO,522,,2022,-22.928193,-47.0468131
1848,96,VOTO NULO,615,,2022,-22.928193,-47.0468131
1856,10,TARCISIO GOMES DE FREITAS,2137,REPUBLICANOS,2022,-22.940068,-47.0410726
1856,10123,GILMACI DOS SANTOS BARBOSA,37,REPUBLICANOS,2022,-22.940068,-47.0410726
1856,1078,BENEDITO ROBERTO ALVES FERREIRA,40,REPUBLICANOS,2022,-22.940068,-47.0410726
1856,1111,BRUNO MARCELLO DE OLIVEIRA LIMA,51,PP,2022,-22.940068,-47.0410726
1856,13,FERNANDO HADDAD,2061,PT,2022,-22.940068,-47.0410726
1856,13,Partido dos Trabalhadores,82,PT,2022,-22.940068,-47.0410726
1856,13120,CARLOS ROBERTO DE OLIVEIRA,32,PT,2022,-22.940068,-47.0410726
1856,13121,ANA LUCIA LIPPAUS PERUGINI,54,PT,2022,-22.940068,-47.0410726
1856,13133,EDUARDO MATARAZZO SUPLICY,94,PT,2022,-22.940068,-47.0410726
1856,1319,PEDRO TOURINHO DE SIQUEIRA,145,PT,2022,-22.940068,-47.0410726
1856,13199,PAOLLA CATHERINE DOS SANTOS MIGUEL AGARD,57,PT,2022,-22.940068,-47.0410726
1856,1380,JILMAR AUGUSTINHO TATTO,56,PT,2022,-22.940068,-47.0410726
1856,155,EDSON APARECIDO DOS SANTOS,57,MDB,2022,-22.940068,-47.0410726
1856,1818,MARIA OSMARINA MARINA DA SILVA VAZ DE LIMA,42,REDE,2022,-22.940068,-47.0410726
1856,22,Partido Liberal,56,,2022,-22.940068,-47.0410726
1856,2210,CARLA ZAMBELLI SALGADO DE OLIVEIRA,99,PL,2022,-22.940068,-47.0410726
1856,222,MARCOS CESAR PONTES,961,PL,2022,-22.940068,-47.0410726
1856,2222,EDUARDO NANTES BOLSONARO,104,PL,2022,-22.940068,-47.0410726
1856,2233,PAULO ROBERTO FREIRE DA COSTA,55,PL,2022,-22.940068,-47.0410726
1856,22422,PAULO JORGE MANSUR NETO,34,PL,2022,-22.940068,-47.0410726
1856,2250,RICARDO DE AQUINO SALLES,71,PL,2022,-22.940068,-47.0410726
1856,2270,MARCO ANTONIO FELICIANO,39,PL,2022,-22.940068,-47.0410726
1856,22922,VALERIA MULLER RAMOS BOLSONARO,70,PL,2022,-22.940068,-47.0410726
1856,23000,RAFAEL FERNANDO ZIMBALDI,69,CIDADANIA,2022,-22.940068,-47.0410726
1856,287,JANAINA CONCEIÇÃO PASCHOAL,61,PRTB,2022,-22.940068,-47.0410726
1856,30,VINICIUS LAZZER POIT,67,NOVO,2022,-22.940068,-47.0410726
1856,300,RICARDO LUIS MELLÃO,51,NOVO,2022,-22.940068,-47.0410726
1856,400,MÁRCIO LUIZ FRANÇA GOMES,813,PSB,2022,-22.940068,-47.0410726
1856,4000,JONAS DONIZETTE FERREIRA,122,PSB,2022,-22.940068,-47.0410726
1856,4040,TABATA CLAUDIA AMARAL DE PONTES,42,PSB,2022,-22.940068,-47.0410726
1856,40456,PERMÍNIO MONTEIRO DA SILVA,65,PSB,2022,-22.940068,-47.0410726
1856,44220,ANDRE CRISTHIANO CAYRES RIBEIRO,76,UNIÃO,2022,-22.940068,-47.0410726
1856,4433,KIM PATROCA KATAGUIRI,41,UNIÃO,2022,-22.940068,-47.0410726
1856,45,RODRIGO GARCIA,219,PSDB,2022,-22.940068,-47.0410726
1856,4500,CARLOS HENRIQUE FOCESI SAMPAIO,37,PSDB,2022,-22.940068,-47.0410726
1856,45200,CÉLIA CAMARGO LEÃO EDELMUTH,31,PSDB,2022,-22.940068,-47.0410726
1856,5000,SÂMIA DE SOUZA BOMFIM,44,PSOL,2022,-22.940068,-47.0410726
1856,5010,GUILHERME CASTRO BOULOS,105,PSOL,2022,-22.940068,-47.0410726
1856,50100,MARIANA CONTI TAKAHASHI,91,PSOL,2022,-22.940068,-47.0410726
1856,5070,ERIKA SANTOS SILVA,38,PSOL,2022,-22.940068,-47.0410726
1856,50777,PAULO ROBERTO BUFALO,41,PSOL,2022,-22.940068,-47.0410726
1856,55400,MARTA MARIA FREIRE DA COSTA,51,PSD,2022,-22.940068,-47.0410726
1856,55655,ARTUR CASSEB ORSI,65,PSD,2022,-22.940068,-47.0410726
1856,6565,ORLANDO SILVA DE JESUS JUNIOR,68,PC DO B,2022,-22.940068,-47.0410726
1856,65656,MARCIA REGINA QUINTANILHA,50,PC DO B,2022,-22.940068,-47.0410726
1856,800,VIVIAN MENDES DA SILVA,41,UP,2022,-22.940068,-47.0410726
1856,9000,PABLO HENRIQUE COSTA MARÇAL,32,PROS,2022,-22.940068,-47.0410726
1856,95,VOTO BRANCO,1140,,2022,-22.940068,-47.0410726
1856,96,VOTO NULO,1182,,2022,-22.940068,-47.0410726
1864,10,TARCISIO GOMES DE FREITAS,2997,REPUBLICANOS,2022,-22.813504,-47.0340294
1864,1000,CELSO UBIRAJARA RUSSOMANNO,42,REPUBLICANOS,2022,-22.813504,-47.0340294
1864,10123,GILMACI DOS SANTOS BARBOSA,41,REPUBLICANOS,2022,-22.813504,-47.0340294
1864,10200,HIGOR DIEGO RALLA,37,REPUBLICANOS,2022,-22.813504,-47.0340294
1864,10550,TOME ABDUCH,52,REPUBLICANOS,2022,-22.813504,-47.0340294
1864,1078,BENEDITO ROBERTO ALVES FERREIRA,35,REPUBLICANOS,2022,-22.813504,-47.0340294
1864,1111,BRUNO MARCELLO DE OLIVEIRA LIMA,64,PP,2022,-22.813504,-47.0340294
1864,13,FERNANDO HADDAD,1909,PT,2022,-22.813504,-47.0340294
1864,13,Partido dos Trabalhadores,68,PT,2022,-22.813504,-47.0340294
1864,13133,EDUARDO MATARAZZO SUPLICY,67,PT,2022,-22.813504,-47.0340294
1864,1319,PEDRO TOURINHO DE SIQUEIRA,163,PT,2022,-22.813504,-47.0340294
1864,13199,PAOLLA CATHERINE DOS SANTOS MIGUEL AGARD,34,PT,2022,-22.813504,-47.0340294
1864,13300,WAGNER DE MELO ROMÃO,31,PT,2022,-22.813504,-47.0340294
1864,155,EDSON APARECIDO DOS SANTOS,108,MDB,2022,-22.813504,-47.0340294
1864,1587,ARNALDO SALVETTI PALACIO JUNIOR,31,MDB,2022,-22.813504,-47.0340294
1864,1818,MARIA OSMARINA MARINA DA SILVA VAZ DE LIMA,41,REDE,2022,-22.813504,-47.0340294
1864,22,Partido Liberal,64,,2022,-22.813504,-47.0340294
1864,22000,DIMAS MECCA SAMPAIO,34,PL,2022,-22.813504,-47.0340294
1864,2208,MARIO LUIS FRIAS,32,PL,2022,-22.813504,-47.0340294
1864,2210,CARLA ZAMBELLI SALGADO DE OLIVEIRA,208,PL,2022,-22.813504,-47.0340294
1864,22100,BRUNO ZAMBELLI SALGADO,61,PL,2022,-22.813504,-47.0340294
1864,22120,GILDEVANIO ILSO DOS SANTOS DINIZ,54,PL,2022,-22.813504,-47.0340294
1864,222,MARCOS CESAR PONTES,1334,PL,2022,-22.813504,-47.0340294
1864,2222,EDUARDO NANTES BOLSONARO,146,PL,2022,-22.813504,-47.0340294
1864,2233,PAULO ROBERTO FREIRE DA COSTA,58,PL,2022,-22.813504,-47.0340294
1864,22444,MATHEUS COIMBRA MARTINS DE AGUIAR,34,PL,2022,-22.813504,-47.0340294
1864,2250,RICARDO DE AQUINO SALLES,100,PL,2022,-22.813504,-47.0340294
1864,22500,LUCAS DIEZ BOVE,30,PL,2022,-22.813504,-47.0340294
1864,2290,GUILHERME MURARO DERRITE,37,PL,2022,-22.813504,-47.0340294
1864,22922,VALERIA MULLER RAMOS BOLSONARO,113,PL,2022,-22.813504,-47.0340294
1864,23000,RAFAEL FERNANDO ZIMBALDI,96,CIDADANIA,2022,-22.813504,-47.0340294
1864,287,JANAINA CONCEIÇÃO PASCHOAL,100,PRTB,2022,-22.813504,-47.0340294
1864,30,Partido Novo,67,NOVO,2022,-22.813504,-47.0340294
1864,30,VINICIUS LAZZER POIT,73,NOVO,2022,-22.813504,-47.0340294
1864,300,RICARDO LUIS MELLÃO,71,NOVO,2022,-22.813504,-47.0340294
1864,3000,ALEXIS JOSEPH STEVERLYNCK FONTEYNE,38,NOVO,2022,-22.813504,-47.0340294
1864,30730,HENRIQUE MAGALHÃES TEIXEIRA,39,NOVO,2022,-22.813504,-47.0340294
1864,400,MÁRCIO LUIZ FRANÇA GOMES,764,PSB,2022,-22.813504,-47.0340294
1864,4000,JONAS DONIZETTE FERREIRA,118,PSB,2022,-22.813504,-47.0340294
1864,4040,TABATA CLAUDIA AMARAL DE PONTES,58,PSB,2022,-22.813504,-47.0340294
1864,40456,PERMÍNIO MONTEIRO DA SILVA,34,PSB,2022,-22.813504,-47.0340294
1864,4400,ROSANGELA MARIA WOLFF DE QUADROS MORO,42,UNIÃO,2022,-22.813504,-47.0340294
1864,4433,KIM PATROCA KATAGUIRI,34,UNIÃO,2022,-22.813504,-47.0340294
1864,45,RODRIGO GARCIA,355,PSDB,2022,-22.813504,-47.0340294
1864,4500,CARLOS HENRIQUE FOCESI SAMPAIO,98,PSDB,2022,-22.813504,-47.0340294
1864,45200,CÉLIA CAMARGO LEÃO EDELMUTH,50,PSDB,2022,-22.813504,-47.0340294
1864,45678,LUIZ HENRIQUE CIRILO,42,PSDB,2022,-22.813504,-47.0340294
1864,5000,SÂMIA DE SOUZA BOMFIM,53,PSOL,2022,-22.813504,-47.0340294
1864,50000,PAULA NUNES DOS SANTOS,45,PSOL,2022,-22.813504,-47.0340294
1864,5010,GUILHERME CASTRO BOULOS,99,PSOL,2022,-22.813504,-47.0340294
1864,50100,MARIANA CONTI TAKAHASHI,99,PSOL,2022,-22.813504,-47.0340294
1864,5070,ERIKA SANTOS SILVA,38,PSOL,2022,-22.813504,-47.0340294
1864,5088,SÔNIA BONE DE SOUSA SILVA SANTOS,37,PSOL,2022,-22.813504,-47.0340294
1864,55400,MARTA MARIA FREIRE DA COSTA,53,PSD,2022,-22.813504,-47.0340294
1864,55655,ARTUR CASSEB ORSI,75,PSD,2022,-22.813504,-47.0340294
1864,800,VIVIAN MENDES DA SILVA,51,UP,2022,-22.813504,-47.0340294
1864,9000,PABLO HENRIQUE COSTA MARÇAL,32,PROS,2022,-22.813504,-47.0340294
1864,95,VOTO BRANCO,989,,2022,-22.813504,-47.0340294
1864,96,VOTO NULO,1081,,2022,-22.813504,-47.0340294
1872,10,TARCISIO GOMES DE FREITAS,4731,REPUBLICANOS,2022,-22.9345505,-47.0356543
1872,1000,CELSO UBIRAJARA RUSSOMANNO,85,REPUBLICANOS,2022,-22.9345505,-47.0356543
1872,10123,GILMACI DOS SANTOS BARBOSA,85,REPUBLICANOS,2022,-22.9345505,-47.0356543
1872,10200,HIGOR DIEGO RALLA,65,REPUBLICANOS,2022,-22.9345505,-47.0356543
1872,10550,TOME ABDUCH,52,REPUBLICANOS,2022,-22.9345505,-47.0356543
1872,1078,BENEDITO ROBERTO ALVES FERREIRA,91,REPUBLICANOS,2022,-22.9345505,-47.0356543
1872,1111,BRUNO MARCELLO DE OLIVEIRA LIMA,102,PP,2022,-22.9345505,-47.0356543
1872,1112,ISRAEL NANTES SANTOS,46,PP,2022,-22.9345505,-47.0356543
1872,1122,CARLOS ALBERTO DA CUNHA,40,PP,2022,-22.9345505,-47.0356543
1872,12,ELVIS LEONARDO CEZAR,53,PDT,2022,-22.9345505,-47.0356543
1872,123,JOSÉ ALDO REBELO FIGUEIREDO,37,PDT,2022,-22.9345505,-47.0356543
1872,13,FERNANDO HADDAD,4558,PT,2022,-22.9345505,-47.0356543
1872,13,Partido dos Trabalhadores,219,PT,2022,-22.9345505,-47.0356543
1872,13120,CARLOS ROBERTO DE OLIVEIRA,53,PT,2022,-22.9345505,-47.0356543
1872,13121,ANA LUCIA LIPPAUS PERUGINI,45,PT,2022,-22.9345505,-47.0356543
1872,13133,EDUARDO MATARAZZO SUPLICY,159,PT,2022,-22.9345505,-47.0356543
1872,1319,PEDRO TOURINHO DE SIQUEIRA,638,PT,2022,-22.9345505,-47.0356543
1872,13199,PAOLLA CATHERINE DOS SANTOS MIGUEL AGARD,143,PT,2022,-22.9345505,-47.0356543
1872,13310,LUIZ CLAUDIO MARCOLINO,266,PT,2022,-22.9345505,-47.0356543
1872,1366,MARIANA CERGOLI JANEIRO,48,PT,2022,-22.9345505,-47.0356543
1872,1380,JILMAR AUGUSTINHO TATTO,32,PT,2022,-22.9345505,-47.0356543
1872,155,EDSON APARECIDO DOS SANTOS,152,MDB,2022,-22.9345505,-47.0356543
1872,1580,FÁBIO EDUARDO DE OLIVEIRA TERUEL,34,MDB,2022,-22.9345505,-47.0356543
1872,1587,ARNALDO SALVETTI PALACIO JUNIOR,43,MDB,2022,-22.9345505,-47.0356543
1872,1818,MARIA OSMARINA MARINA DA SILVA VAZ DE LIMA,60,REDE,2022,-22.9345505,-47.0356543
1872,1910,BRUNO AREVALO GANEM,34,PODE,2022,-22.9345505,-47.0356543
1872,2020,GILBERTO NASCIMENTO SILVA,32,PSC,2022,-22.9345505,-47.0356543
1872,22,Partido Liberal,122,,2022,-22.9345505,-47.0356543
1872,22000,DIMAS MECCA SAMPAIO,50,PL,2022,-22.9345505,-47.0356543
1872,2208,MARIO LUIS FRIAS,58,PL,2022,-22.9345505,-47.0356543
1872,2210,CARLA ZAMBELLI SALGADO DE OLIVEIRA,250,PL,2022,-22.9345505,-47.0356543
1872,22100,BRUNO ZAMBELLI SALGADO,63,PL,2022,-22.9345505,-47.0356543
1872,22112,CARLOS CEZAR DA SILVA,54,PL,2022,-22.9345505,-47.0356543
1872,22120,GILDEVANIO ILSO DOS SANTOS DINIZ,45,PL,2022,-22.9345505,-47.0356543
1872,222,MARCOS CESAR PONTES,2148,PL,2022,-22.9345505,-47.0356543
1872,2222,EDUARDO NANTES BOLSONARO,238,PL,2022,-22.9345505,-47.0356543
1872,2233,PAULO ROBERTO FREIRE DA COSTA,136,PL,2022,-22.9345505,-47.0356543
1872,22422,PAULO JORGE MANSUR NETO,87,PL,2022,-22.9345505,-47.0356543
1872,2250,RICARDO DE AQUINO SALLES,99,PL,2022,-22.9345505,-47.0356543
1872,22500,LUCAS DIEZ BOVE,31,PL,2022,-22.9345505,-47.0356543
1872,2270,MARCO ANTONIO FELICIANO,50,PL,2022,-22.9345505,-47.0356543
1872,2274,JEFFERSON ALVES DE CAMPOS,45,PL,2022,-22.9345505,-47.0356543
1872,22922,VALERIA MULLER RAMOS BOLSONARO,119,PL,2022,-22.9345505,-47.0356543
1872,23000,RAFAEL FERNANDO ZIMBALDI,184,CIDADANIA,2022,-22.9345505,-47.0356543
1872,23456,ANTONIO DIRCEU DALBEN,509,CIDADANIA,2022,-22.9345505,-47.0356543
1872,287,JANAINA CONCEIÇÃO PASCHOAL,106,PRTB,2022,-22.9345505,-47.0356543
1872,30,VINICIUS LAZZER POIT,97,NOVO,2022,-22.9345505,-47.0356543
1872,300,RICARDO LUIS MELLÃO,74,NOVO,2022,-22.9345505,-47.0356543
1872,40,Partido Socialista Brasileiro,62,,2022,-22.9345505,-47.0356543
1872,400,MÁRCIO LUIZ FRANÇA GOMES,1791,PSB,2022,-22.9345505,-47.0356543
1872,4000,JONAS DONIZETTE FERREIRA,527,PSB,2022,-22.9345505,-47.0356543
1872,4040,TABATA CLAUDIA AMARAL DE PONTES,65,PSB,2022,-22.9345505,-47.0356543
1872,40456,PERMÍNIO MONTEIRO DA SILVA,73,PSB,2022,-22.9345505,-47.0356543
1872,4400,ROSANGELA MARIA WOLFF DE QUADROS MORO,42,UNIÃO,2022,-22.9345505,-47.0356543
1872,44019,RODRIGO LUIS DE BARROS ALMEIDA,41,UNIÃO,2022,-22.9345505,-47.0356543
1872,4433,KIM PATROCA KATAGUIRI,84,UNIÃO,2022,-22.9345505,-47.0356543
1872,44777,AUGUSTO ZACARIAS CORREA LEITE,41,UNIÃO,2022,-22.9345505,-47.0356543
1872,45,RODRIGO GARCIA,535,PSDB,2022,-22.9345505,-47.0356543
1872,4500,CARLOS HENRIQUE FOCESI SAMPAIO,110,PSDB,2022,-22.9345505,-47.0356543
1872,45200,CÉLIA CAMARGO LEÃO EDELMUTH,67,PSDB,2022,-22.9345505,-47.0356543
1872,45678,LUIZ HENRIQUE CIRILO,65,PSDB,2022,-22.9345505,-47.0356543
1872,5000,SÂMIA DE SOUZA BOMFIM,69,PSOL,2022,-22.9345505,-47.0356543
1872,50000,PAULA NUNES DOS SANTOS,53,PSOL,2022,-22.9345505,-47.0356543
1872,5010,GUILHERME CASTRO BOULOS,189,PSOL,2022,-22.9345505,-47.0356543
1872,50100,MARIANA CONTI TAKAHASHI,174,PSOL,2022,-22.9345505,-47.0356543
1872,50110,EDIANE MARIA DO NASCIMENTO,35,PSOL,2022,-22.9345505,-47.0356543
1872,5070,ERIKA SANTOS SILVA,81,PSOL,2022,-22.9345505,-47.0356543
1872,50777,PAULO ROBERTO BUFALO,41,PSOL,2022,-22.9345505,-47.0356543
1872,55400,MARTA MARIA FREIRE DA COSTA,108,PSD,2022,-22.9345505,-47.0356543
1872,55655,ARTUR CASSEB ORSI,60,PSD,2022,-22.9345505,-47.0356543
1872,6565,ORLANDO SILVA DE JESUS JUNIOR,45,PC DO B,2022,-22.9345505,-47.0356543
1872,800,VIVIAN MENDES DA SILVA,79,UP,2022,-22.9345505,-47.0356543
1872,9000,PABLO HENRIQUE COSTA MARÇAL,90,PROS,2022,-22.9345505,-47.0356543
1872,95,VOTO BRANCO,2239,,2022,-22.9345505,-47.0356543
1872,96,VOTO NULO,2556,,2022,-22.9345505,-47.0356543
1880,10,TARCISIO GOMES DE FREITAS,2725,REPUBLICANOS,2022,-22.8258066,-47.0749843
1880,10550,TOME ABDUCH,46,REPUBLICANOS,2022,-22.8258066,-47.0749843
1880,1111,BRUNO MARCELLO DE OLIVEIRA LIMA,66,PP,2022,-22.8258066,-47.0749843
1880,123,JOSÉ ALDO REBELO FIGUEIREDO,42,PDT,2022,-22.8258066,-47.0749843
1880,13,FERNANDO HADDAD,3558,PT,2022,-22.8258066,-47.0749843
1880,13,Partido dos Trabalhadores,68,PT,2022,-22.8258066,-47.0749843
1880,13133,EDUARDO MATARAZZO SUPLICY,222,PT,2022,-22.8258066,-47.0749843
1880,1319,PEDRO TOURINHO DE SIQUEIRA,195,PT,2022,-22.8258066,-47.0749843
1880,13199,PAOLLA CATHERINE DOS SANTOS MIGUEL AGARD,66,PT,2022,-22.8258066,-47.0749843
1880,13300,WAGNER DE MELO ROMÃO,82,PT,2022,-22.8258066,-47.0749843
1880,155,EDSON APARECIDO DOS SANTOS,115,MDB,2022,-22.8258066,-47.0749843
1880,18000,MARINA MEDEIROS HELOU,57,REDE,2022,-22.8258066,-47.0749843
1880,1818,MARIA OSMARINA MARINA DA SILVA VAZ DE LIMA,113,REDE,2022,-22.8258066,-47.0749843
1880,1877,RICARDO MAGNUS OSÓRIO GALVÃO,86,REDE,2022,-22.8258066,-47.0749843
1880,1911,HENI OZI CUKIER,30,PODE,2022,-22.8258066,-47.0749843
1880,21,GABRIEL MAURILIO COLOMBO DE FREITAS,39,PCB,2022,-22.8258066,-47.0749843
1880,211,TITO FLAVIO BELLINI NOGUEIRA DE OLIVEIRA,45,PCB,2022,-22.8258066,-47.0749843
1880,22,Partido Liberal,45,,2022,-22.8258066,-47.0749843
1880,2208,MARIO LUIS FRIAS,33,PL,2022,-22.8258066,-47.0749843
1880,2210,CARLA ZAMBELLI SALGADO DE OLIVEIRA,175,PL,2022,-22.8258066,-47.0749843
1880,22100,BRUNO ZAMBELLI SALGADO,57,PL,2022,-22.8258066,-47.0749843
1880,22120,GILDEVANIO ILSO DOS SANTOS DINIZ,33,PL,2022,-22.8258066,-47.0749843
1880,222,MARCOS CESAR PONTES,1197,PL,2022,-22.8258066,-47.0749843
1880,2222,EDUARDO NANTES BOLSONARO,90,PL,2022,-22.8258066,-47.0749843
1880,2250,RICARDO DE AQUINO SALLES,125,PL,2022,-22.8258066,-47.0749843
1880,22500,LUCAS DIEZ BOVE,42,PL,2022,-22.8258066,-47.0749843
1880,22922,VALERIA MULLER RAMOS BOLSONARO,72,PL,2022,-22.8258066,-47.0749843
1880,2300,MARCO ANTONIO VILLA,45,CIDADANIA,2022,-22.8258066,-47.0749843
1880,23000,RAFAEL FERNANDO ZIMBALDI,86,CIDADANIA,2022,-22.8258066,-47.0749843
1880,23888,LI LI MIN,45,CIDADANIA,2022,-22.8258066,-47.0749843
1880,287,JANAINA CONCEIÇÃO PASCHOAL,125,PRTB,2022,-22.8258066,-47.0749843
1880,30,Partido Novo,64,NOVO,2022,-22.8258066,-47.0749843
1880,30,VINICIUS LAZZER POIT,96,NOVO,2022,-22.8258066,-47.0749843
1880,300,RICARDO LUIS MELLÃO,120,NOVO,2022,-22.8258066,-47.0749843
1880,3000,ALEXIS JOSEPH STEVERLYNCK FONTEYNE,45,NOVO,2022,-22.8258066,-47.0749843
1880,3030,ADRIANA MIGUEL VENTURA,53,NOVO,2022,-22.8258066,-47.0749843
1880,30600,LEONARDO DE SIQUEIRA LIMA,55,NOVO,2022,-22.8258066,-47.0749843
1880,30730,HENRIQUE MAGALHÃES TEIXEIRA,55,NOVO,2022,-22.8258066,-47.0749843
1880,400,MÁRCIO LUIZ FRANÇA GOMES,1506,PSB,2022,-22.8258066,-47.0749843
1880,4000,JONAS DONIZETTE FERREIRA,92,PSB,2022,-22.8258066,-47.0749843
1880,40000,ANDRÉA WERNER SILVA BONOLI,32,PSB,2022,-22.8258066,-47.0749843
1880,4040,TABATA CLAUDIA AMARAL DE PONTES,166,PSB,2022,-22.8258066,-47.0749843
1880,4400,ROSANGELA MARIA WOLFF DE QUADROS MORO,59,UNIÃO,2022,-22.8258066,-47.0749843
1880,4433,KIM PATROCA KATAGUIRI,82,UNIÃO,2022,-22.8258066,-47.0749843
1880,44777,AUGUSTO ZACARIAS CORREA LEITE,34,UNIÃO,2022,-22.8258066,-47.0749843
1880,45,RODRIGO GARCIA,494,PSDB,2022,-22.8258066,-47.0749843
1880,4500,CARLOS HENRIQUE FOCESI SAMPAIO,106,PSDB,2022,-22.8258066,-47.0749843
1880,45200,CÉLIA CAMARGO LEÃO EDELMUTH,59,PSDB,2022,-22.8258066,-47.0749843
1880,50,Partido Socialismo e Liberdade,36,,2022,-22.8258066,-47.0749843
1880,5000,SÂMIA DE SOUZA BOMFIM,137,PSOL,2022,-22.8258066,-47.0749843
1880,50000,PAULA NUNES DOS SANTOS,138,PSOL,2022,-22.8258066,-47.0749843
1880,5010,GUILHERME CASTRO BOULOS,344,PSOL,2022,-22.8258066,-47.0749843
1880,50100,MARIANA CONTI TAKAHASHI,327,PSOL,2022,-22.8258066,-47.0749843
1880,50110,EDIANE MARIA DO NASCIMENTO,107,PSOL,2022,-22.8258066,-47.0749843
1880,5070,ERIKA SANTOS SILVA,145,PSOL,2022,-22.8258066,-47.0749843
1880,5088,SÔNIA BONE DE SOUSA SILVA SANTOS,142,PSOL,2022,-22.8258066,-47.0749843
1880,50900,MÔNICA CRISTINA SEIXAS BONFIM,39,PSOL,2022,-22.8258066,-47.0749843
1880,55655,ARTUR CASSEB ORSI,91,PSD,2022,-22.8258066,-47.0749843
1880,800,VIVIAN MENDES DA SILVA,141,UP,2022,-22.8258066,-47.0749843
1880,95,VOTO BRANCO,718,,2022,-22.8258066,-47.0749843
1880,96,VOTO NULO,814,,2022,-22.8258066,-47.0749843
1899,10,TARCISIO GOMES DE FREITAS,2786,REPUBLICANOS,2022,-22.9064,-47.0616
1899,10123,GILMACI DOS SANTOS BARBOSA,35,REPUBLICANOS,2022,-22.9064,-47.0616
1899,10550,TOME ABDUCH,38,REPUBLICANOS,2022,-22.9064,-47.0616
1899,1078,BENEDITO ROBERTO ALVES FERREIRA,33,REPUBLICANOS,2022,-22.9064,-47.0616
1899,1111,BRUNO MARCELLO DE OLIVEIRA LIMA,57,PP,2022,-22.9064,-47.0616
1899,123,JOSÉ ALDO REBELO FIGUEIREDO,40,PDT,2022,-22.9064,-47.0616
1899,13,FERNANDO HADDAD,2143,PT,2022,-22.9064,-47.0616
1899,13,Partido dos Trabalhadores,71,PT,2022,-22.9064,-47.0616
1899,13133,EDUARDO MATARAZZO SUPLICY,126,PT,2022,-22.9064,-47.0616
1899,1319,PEDRO TOURINHO DE SIQUEIRA,165,PT,2022,-22.9064,-47.0616
1899,13199,PAOLLA CATHERINE DOS SANTOS MIGUEL AGARD,48,PT,2022,-22.9064,-47.0616
1899,13300,WAGNER DE MELO ROMÃO,45,PT,2022,-22.9064,-47.0616
1899,155,EDSON APARECIDO DOS SANTOS,86,MDB,2022,-22.9064,-47.0616
1899,1818,MARIA OSMARINA MARINA DA SILVA VAZ DE LIMA,45,REDE,2022,-22.9064,-47.0616
1899,22,Partido Liberal,77,,2022,-22.9064,-47.0616
1899,22000,DIMAS MECCA SAMPAIO,40,PL,2022,-22.9064,-47.0616
1899,2208,MARIO LUIS FRIAS,45,PL,2022,-22.9064,-47.0616
1899,2210,CARLA ZAMBELLI SALGADO DE OLIVEIRA,195,PL,2022,-22.9064,-47.0616
1899,22100,BRUNO ZAMBELLI SALGADO,55,PL,2022,-22.9064,-47.0616
1899,22120,GILDEVANIO ILSO DOS SANTOS DINIZ,39,PL,2022,-22.9064,-47.0616
1899,222,MARCOS CESAR PONTES,1222,PL,2022,-22.9064,-47.0616
1899,2222,EDUARDO NANTES BOLSONARO,122,PL,2022,-22.9064,-47.0616
1899,22343,THIAGO REIS AURICCHIO,30,PL,2022,-22.9064,-47.0616
1899,22422,PAULO JORGE MANSUR NETO,32,PL,2022,-22.9064,-47.0616
1899,2250,RICARDO DE AQUINO SALLES,120,PL,2022,-22.9064,-47.0616
1899,22922,VALERIA MULLER RAMOS BOLSONARO,83,PL,2022,-22.9064,-47.0616
1899,23000,RAFAEL FERNANDO ZIMBALDI,104,CIDADANIA,2022,-22.9064,-47.0616
1899,287,JANAINA CONCEIÇÃO PASCHOAL,136,PRTB,2022,-22.9064,-47.0616
1899,30,Partido Novo,47,NOVO,2022,-22.9064,-47.0616
1899,30,VINICIUS LAZZER POIT,86,NOVO,2022,-22.9064,-47.0616
1899,300,RICARDO LUIS MELLÃO,74,NOVO,2022,-22.9064,-47.0616
1899,3030,ADRIANA MIGUEL VENTURA,32,NOVO,2022,-22.9064,-47.0616
1899,400,MÁRCIO LUIZ FRANÇA GOMES,872,PSB,2022,-22.9064,-47.0616
1899,4000,JONAS DONIZETTE FERREIRA,170,PSB,2022,-22.9064,-47.0616
1899,4040,TABATA CLAUDIA AMARAL DE PONTES,82,PSB,2022,-22.9064,-47.0616
1899,40456,PERMÍNIO MONTEIRO DA SILVA,164,PSB,2022,-22.9064,-47.0616
1899,4400,ROSANGELA MARIA WOLFF DE QUADROS MORO,42,UNIÃO,2022,-22.9064,-47.0616
1899,4433,KIM PATROCA KATAGUIRI,61,UNIÃO,2022,-22.9064,-47.0616
1899,44777,AUGUSTO ZACARIAS CORREA LEITE,30,UNIÃO,2022,-22.9064,-47.0616
1899,45,RODRIGO GARCIA,349,PSDB,2022,-22.9064,-47.0616
1899,4500,CARLOS HENRIQUE FOCESI SAMPAIO,76,PSDB,2022,-22.9064,-47.0616
1899,45200,CÉLIA CAMARGO LEÃO EDELMUTH,46,PSDB,2022,-22.9064,-47.0616
1899,5000,SÂMIA DE SOUZA BOMFIM,67,PSOL,2022,-22.9064,-47.0616
1899,50000,PAULA NUNES DOS SANTOS,56,PSOL,2022,-22.9064,-47.0616
1899,5010,GUILHERME CASTRO BOULOS,165,PSOL,2022,-22.9064,-47.0616
1899,50100,MARIANA CONTI TAKAHASHI,154,PSOL,2022,-22.9064,-47.0616
1899,50110,EDIANE MARIA DO NASCIMENTO,32,PSOL,2022,-22.9064,-47.0616
1899,5070,ERIKA SANTOS SILVA,62,PSOL,2022,-22.9064,-47.0616
1899,5088,SÔNIA BONE DE SOUSA SILVA SANTOS,61,PSOL,2022,-22.9064,-47.0616
1899,55655,ARTUR CASSEB ORSI,62,PSD,2022,-22.9064,-47.0616
1899,800,VIVIAN MENDES DA SILVA,64,UP,2022,-22.9064,-47.0616
1899,9000,PABLO HENRIQUE COSTA MARÇAL,45,PROS,2022,-22.9064,-47.0616
1899,95,VOTO BRANCO,769,,2022,-22.9064,-47.0616
1899,96,VOTO NULO,949,,2022,-22.9064,-47.0616
1902,10,TARCISIO GOMES DE FREITAS,1082,REPUBLICANOS,2022,-22.9064,-47.0616
1902,13,FERNANDO HADDAD,1872,PT,2022,-22.9064,-47.0616
1902,13,Partido dos Trabalhadores,49,PT,2022,-22.9064,-47.0616
1902,13133,EDUARDO MATARAZZO SUPLICY,109,PT,2022,-22.9064,-47.0616
1902,1319,PEDRO TOURINHO DE SIQUEIRA,119,PT,2022,-22.9064,-47.0616
1902,13199,PAOLLA CATHERINE DOS SANTOS MIGUEL AGARD,53,PT,2022,-22.9064,-47.0616
1902,155,EDSON APARECIDO DOS SANTOS,45,MDB,2022,-22.9064,-47.0616
1902,1818,MARIA OSMARINA MARINA DA SILVA VAZ DE LIMA,43,REDE,2022,-22.9064,-47.0616
1902,1877,RICARDO MAGNUS OSÓRIO GALVÃO,35,REDE,2022,-22.9064,-47.0616
1902,22,Partido Liberal,37,,2022,-22.9064,-47.0616
1902,2210,CARLA ZAMBELLI SALGADO DE OLIVEIRA,69,PL,2022,-22.9064,-47.0616
1902,22100,BRUNO ZAMBELLI SALGADO,31,PL,2022,-22.9064,-47.0616
1902,222,MARCOS CESAR PONTES,517,PL,2022,-22.9064,-47.0616
1902,2222,EDUARDO NANTES BOLSONARO,44,PL,2022,-22.9064,-47.0616
1902,2250,RICARDO DE AQUINO SALLES,48,PL,2022,-22.9064,-47.0616
1902,22922,VALERIA MULLER RAMOS BOLSONARO,39,PL,2022,-22.9064,-47.0616
1902,23000,RAFAEL FERNANDO ZIMBALDI,48,CIDADANIA,2022,-22.9064,-47.0616
1902,287,JANAINA CONCEIÇÃO PASCHOAL,40,PRTB,2022,-22.9064,-47.0616
1902,400,MÁRCIO LUIZ FRANÇA GOMES,764,PSB,2022,-22.9064,-47.0616
1902,4000,JONAS DONIZETTE FERREIRA,62,PSB,2022,-22.9064,-47.0616
1902,4040,TABATA CLAUDIA AMARAL DE PONTES,51,PSB,2022,-22.9064,-47.0616
1902,45,RODRIGO GARCIA,162,PSDB,2022,-22.9064,-47.0616
1902,4500,CARLOS HENRIQUE FOCESI SAMPAIO,49,PSDB,2022,-22.9064,-47.0616
1902,5000,SÂMIA DE SOUZA BOMFIM,75,PSOL,2022,-22.9064,-47.0616
1902,50000,PAULA NUNES DOS SANTOS,98,PSOL,2022,-22.9064,-47.0616
1902,5010,GUILHERME CASTRO BOULOS,189,PSOL,2022,-22.9064,-47.0616
1902,50100,MARIANA CONTI TAKAHASHI,177,PSOL,2022,-22.9064,-47.0616
1902,50110,EDIANE MARIA DO NASCIMENTO,62,PSOL,2022,-22.9064,-47.0616
1902,50456,ADRIANA SCANAVEZ DOS SANTOS,36,PSOL,2022,-22.9064,-47.0616
1902,5070,ERIKA SANTOS SILVA,64,PSOL,2022,-22.9064,-47.0616
1902,5088,SÔNIA BONE DE SOUSA SILVA SANTOS,130,PSOL,2022,-22.9064,-47.0616
1902,800,VIVIAN MENDES DA SILVA,81,UP,2022,-22.9064,-47.0616
1902,95,VOTO BRANCO,308,,2022,-22.9064,-47.0616
1902,96,VOTO NULO,353,,2022,-22.9064,-47.0616
1910,10,TARCISIO GOMES DE FREITAS,2810,REPUBLICANOS,2022,-22.8666281,-47.0605833
1910,10550,TOME ABDUCH,57,REPUBLICANOS,2022,-22.8666281,-47.0605833
1910,1111,BRUNO MARCELLO DE OLIVEIRA LIMA,67,PP,2022,-22.8666281,-47.0605833
1910,13,FERNANDO HADDAD,1695,PT,2022,-22.8666281,-47.0605833
1910,13,Partido dos Trabalhadores,57,PT,2022,-22.8666281,-47.0605833
1910,13133,EDUARDO MATARAZZO SUPLICY,114,PT,2022,-22.8666281,-47.0605833
1910,1319,PEDRO TOURINHO DE SIQUEIRA,87,PT,2022,-22.8666281,-47.0605833
1910,13199,PAOLLA CATHERINE DOS SANTOS MIGUEL AGARD,36,PT,2022,-22.8666281,-47.0605833
1910,155,EDSON APARECIDO DOS SANTOS,129,MDB,2022,-22.8666281,-47.0605833
1910,1818,MARIA OSMARINA MARINA DA SILVA VAZ DE LIMA,66,REDE,2022,-22.8666281,-47.0605833
1910,1911,HENI OZI CUKIER,40,PODE,2022,-22.8666281,-47.0605833
1910,22,Partido Liberal,62,,2022,-22.8666281,-47.0605833
1910,22000,DIMAS MECCA SAMPAIO,30,PL,2022,-22.8666281,-47.0605833
1910,2208,MARIO LUIS FRIAS,36,PL,2022,-22.8666281,-47.0605833
1910,2210,CARLA ZAMBELLI SALGADO DE OLIVEIRA,218,PL,2022,-22.8666281,-47.0605833
1910,22100,BRUNO ZAMBELLI SALGADO,66,PL,2022,-22.8666281,-47.0605833
1910,22120,GILDEVANIO ILSO DOS SANTOS DINIZ,34,PL,2022,-22.8666281,-47.0605833
1910,222,MARCOS CESAR PONTES,1302,PL,2022,-22.8666281,-47.0605833
1910,2222,EDUARDO NANTES BOLSONARO,121,PL,2022,-22.8666281,-47.0605833
1910,2243,LUIZ PHILIPPE DE ORLEANS E BRAGANÇA,34,PL,2022,-22.8666281,-47.0605833
1910,2250,RICARDO DE AQUINO SALLES,165,PL,2022,-22.8666281,-47.0605833
1910,22922,VALERIA MULLER RAMOS BOLSONARO,129,PL,2022,-22.8666281,-47.0605833
1910,23000,RAFAEL FERNANDO ZIMBALDI,111,CIDADANIA,2022,-22.8666281,-47.0605833
1910,287,JANAINA CONCEIÇÃO PASCHOAL,118,PRTB,2022,-22.8666281,-47.0605833
1910,30,Partido Novo,70,NOVO,2022,-22.8666281,-47.0605833
1910,30,VINICIUS LAZZER POIT,89,NOVO,2022,-22.8666281,-47.0605833
1910,300,RICARDO LUIS MELLÃO,104,NOVO,2022,-22.8666281,-47.0605833
1910,3000,ALEXIS JOSEPH STEVERLYNCK FONTEYNE,53,NOVO,2022,-22.8666281,-47.0605833
1910,30130,MARIA CRISTINA DE OLIVEIRA,32,NOVO,2022,-22.8666281,-47.0605833
1910,3030,ADRIANA MIGUEL VENTURA,47,NOVO,2022,-22.8666281,-47.0605833
1910,30600,LEONARDO DE SIQUEIRA LIMA,36,NOVO,2022,-22.8666281,-47.0605833
1910,30730,HENRIQUE MAGALHÃES TEIXEIRA,62,NOVO,2022,-22.8666281,-47.0605833
1910,400,MÁRCIO LUIZ FRANÇA GOMES,720,PSB,2022,-22.8666281,-47.0605833
1910,4000,JONAS DONIZETTE FERREIRA,128,PSB,2022,-22.8666281,-47.0605833
1910,4040,TABATA CLAUDIA AMARAL DE PONTES,93,PSB,2022,-22.8666281,-47.0605833
1910,4400,ROSANGELA MARIA WOLFF DE QUADROS MORO,59,UNIÃO,2022,-22.8666281,-47.0605833
1910,4433,KIM PATROCA KATAGUIRI,64,UNIÃO,2022,-22.8666281,-47.0605833
1910,44777,AUGUSTO ZACARIAS CORREA LEITE,31,UNIÃO,2022,-22.8666281,-47.0605833
1910,45,RODRIGO GARCIA,458,PSDB,2022,-22.8666281,-47.0605833
1910,4500,CARLOS HENRIQUE FOCESI SAMPAIO,98,PSDB,2022,-22.8666281,-47.0605833
1910,45200,CÉLIA CAMARGO LEÃO EDELMUTH,47,PSDB,2022,-22.8666281,-47.0605833
1910,5000,SÂMIA DE SOUZA BOMFIM,51,PSOL,2022,-22.8666281,-47.0605833
1910,50000,PAULA NUNES DOS SANTOS,67,PSOL,2022,-22.8666281,-47.0605833
1910,5010,GUILHERME CASTRO BOULOS,150,PSOL,2022,-22.8666281,-47.0605833
1910,50100,MARIANA CONTI TAKAHASHI,114,PSOL,2022,-22.8666281,-47.0605833
1910,50110,EDIANE MARIA DO NASCIMENTO,32,PSOL,2022,-22.8666281,-47.0605833
1910,5070,ERIKA SANTOS SILVA,52,PSOL,2022,-22.8666281,-47.0605833
1910,5088,SÔNIA BONE DE SOUSA SILVA SANTOS,40,PSOL,2022,-22.8666281,-47.0605833
1910,55655,ARTUR CASSEB ORSI,122,PSD,2022,-22.8666281,-47.0605833
1910,800,VIVIAN MENDES DA SILVA,62,UP,2022,-22.8666281,-47.0605833
1910,95,VOTO BRANCO,456,,2022,-22.8666281,-47.0605833
1910,96,VOTO NULO,651,,2022,-22.8666281,-47.0605833
1929,10,TARCISIO GOMES DE FREITAS,10084,REPUBLICANOS,2022,-22.8621257,-47.0439486
1929,1000,CELSO UBIRAJARA RUSSOMANNO,83,REPUBLICANOS,2022,-22.8621257,-47.0439486
1929,10123,GILMACI DOS SANTOS BARBOSA,67,REPUBLICANOS,2022,-22.8621257,-47.0439486
1929,10200,HIGOR DIEGO RALLA,59,REPUBLICANOS,2022,-22.8621257,-47.0439486
1929,10550,TOME ABDUCH,237,REPUBLICANOS,2022,-22.8621257,-47.0439486
1929,1078,BENEDITO ROBERTO ALVES FERREIRA,63,REPUBLICANOS,2022,-22.8621257,-47.0439486
1929,1100,MANOEL MAURICIO SILVA NEVES,30,PP,2022,-22.8621257,-47.0439486
1929,1111,BRUNO MARCELLO DE OLIVEIRA LIMA,193,PP,2022,-22.8621257,-47.0439486
1929,1112,ISRAEL NANTES SANTOS,62,PP,2022,-22.8621257,-47.0439486
1929,1122,CARLOS ALBERTO DA CUNHA,50,PP,2022,-22.8621257,-47.0439486
1929,11777,ANTONIO ASSUNÇÃO DE OLIM,82,PP,2022,-22.8621257,-47.0439486
1929,12,ELVIS LEONARDO CEZAR,58,PDT,2022,-22.8621257,-47.0439486
1929,12200,WILSON KELLER DE MATOS,32,PDT,2022,-22.8621257,-47.0439486
1929,123,JOSÉ ALDO REBELO FIGUEIREDO,101,PDT,2022,-22.8621257,-47.0439486
1929,13,FERNANDO HADDAD,6529,PT,2022,-22.8621257,-47.0439486
1929,13,Partido dos Trabalhadores,261,PT,2022,-22.8621257,-47.0439486
1929,13121,ANA LUCIA LIPPAUS PERUGINI,42,PT,2022,-22.8621257,-47.0439486
1929,13123,MARIA IZABEL AZEVEDO NORONHA,38,PT,2022,-22.8621257,-47.0439486
1929,1313,RUI GOETHE DA COSTA FALCÃO,32,PT,2022,-22.8621257,-47.0439486
1929,13133,EDUARDO MATARAZZO SUPLICY,410,PT,2022,-22.8621257,-47.0439486
1929,1319,PEDRO TOURINHO DE SIQUEIRA,355,PT,2022,-22.8621257,-47.0439486
1929,13199,PAOLLA CATHERINE DOS SANTOS MIGUEL AGARD,133,PT,2022,-22.8621257,-47.0439486
1929,13300,WAGNER DE MELO ROMÃO,83,PT,2022,-22.8621257,-47.0439486
1929,1354,ALEXANDRE ROCHA SANTOS PADILHA,33,PT,2022,-22.8621257,-47.0439486
1929,1380,JILMAR AUGUSTINHO TATTO,32,PT,2022,-22.8621257,-47.0439486
1929,14038,PAULO HUGENNEYER KOGOS,30,PTB,2022,-22.8621257,-47.0439486
1929,1414,ADRILLES REIS JORGE,68,PTB,2022,-22.8621257,-47.0439486
1929,1500,MARIO PALUMBO JUNIOR,36,MDB,2022,-22.8621257,-47.0439486
1929,1536,ENRICO VAN BLARCUM DE GRAAFF MISASI,45,MDB,2022,-22.8621257,-47.0439486
1929,15363,JOSÉ ROGERIO SOARES DOS SANTOS,37,MDB,2022,-22.8621257,-47.0439486
1929,155,EDSON APARECIDO DOS SANTOS,389,MDB,2022,-22.8621257,-47.0439486
1929,1580,FÁBIO EDUARDO DE OLIVEIRA TERUEL,36,MDB,2022,-22.8621257,-47.0439486
1929,1587,ARNALDO SALVETTI PALACIO JUNIOR,69,MDB,2022,-22.8621257,-47.0439486
1929,18000,MARINA MEDEIROS HELOU,75,REDE,2022,-22.8621257,-47.0439486
1929,1818,MARIA OSMARINA MARINA DA SILVA VAZ DE LIMA,193,REDE,2022,-22.8621257,-47.0439486
1929,1877,RICARDO MAGNUS OSÓRIO GALVÃO,53,REDE,2022,-22.8621257,-47.0439486
1929,1910,BRUNO AREVALO GANEM,72,PODE,2022,-22.8621257,-47.0439486
1929,19101,CLARICE CARASSOL AREVALO GANEM,49,PODE,2022,-22.8621257,-47.0439486
1929,1911,HENI OZI CUKIER,99,PODE,2022,-22.8621257,-47.0439486
1929,19111,GERSON DOS SANTOS PIRES,32,PODE,2022,-22.8621257,-47.0439486
1929,1920,DANIEL JOSÉ DA SILVA OLIVEIRA,54,PODE,2022,-22.8621257,-47.0439486
1929,19519,EDUARDO DOS REIS MAGOGA,31,PODE,2022,-22.8621257,-47.0439486
1929,21,GABRIEL MAURILIO COLOMBO DE FREITAS,32,PCB,2022,-22.8621257,-47.0439486
1929,211,TITO FLAVIO BELLINI NOGUEIRA DE OLIVEIRA,46,PCB,2022,-22.8621257,-47.0439486
1929,22,Partido Liberal,243,,2022,-22.8621257,-47.0439486
1929,2200,JOSÉ AUGUSTO ROSA,34,PL,2022,-22.8621257,-47.0439486
1929,22000,DIMAS MECCA SAMPAIO,93,PL,2022,-22.8621257,-47.0439486
1929,22007,DANILO MASCARENHAS DE BALAS,30,PL,2022,-22.8621257,-47.0439486
1929,2208,MARIO LUIS FRIAS,123,PL,2022,-22.8621257,-47.0439486
1929,2210,CARLA ZAMBELLI SALGADO DE OLIVEIRA,618,PL,2022,-22.8621257,-47.0439486
1929,22100,BRUNO ZAMBELLI SALGADO,185,PL,2022,-22.8621257,-47.0439486
1929,22112,CARLOS CEZAR DA SILVA,54,PL,2022,-22.8621257,-47.0439486
1929,22120,GILDEVANIO ILSO DOS SANTOS DINIZ,133,PL,2022,-22.8621257,-47.0439486
1929,22138,ROBERVAL CONTE LOPES LIMA,61,PL,2022,-22.8621257,-47.0439486
1929,22180,RAQUEL KOBASHI GALLINATI LOMBARDI,39,PL,2022,-22.8621257,-47.0439486
1929,222,MARCOS CESAR PONTES,4458,PL,2022,-22.8621257,-47.0439486
1929,2222,EDUARDO NANTES BOLSONARO,417,PL,2022,-22.8621257,-47.0439486
1929,22222,MARCOS ROBERTO DAMASIO DA SILVA,63,PL,2022,-22.8621257,-47.0439486
1929,2233,PAULO ROBERTO FREIRE DA COSTA,87,PL,2022,-22.8621257,-47.0439486
1929,22343,THIAGO REIS AURICCHIO,40,PL,2022,-22.8621257,-47.0439486
1929,22422,PAULO JORGE MANSUR NETO,94,PL,2022,-22.8621257,-47.0439486
1929,2243,LUIZ PHILIPPE DE ORLEANS E BRAGANÇA,87,PL,2022,-22.8621257,-47.0439486
1929,22444,MATHEUS COIMBRA MARTINS DE AGUIAR,55,PL,2022,-22.8621257,-47.0439486
1929,2247,PAULO FRANCISCO MUNIZ BILYNSKYJ,57,PL,2022,-22.8621257,-47.0439486
1929,2250,RICARDO DE AQUINO SALLES,521,PL,2022,-22.8621257,-47.0439486
1929,22500,LUCAS DIEZ BOVE,114,PL,2022,-22.8621257,-47.0439486
1929,2270,MARCO ANTONIO FELICIANO,49,PL,2022,-22.8621257,-47.0439486
1929,2274,JEFFERSON ALVES DE CAMPOS,46,PL,2022,-22.8621257,-47.0439486
1929,2290,GUILHERME MURARO DERRITE,83,PL,2022,-22.8621257,-47.0439486
1929,22922,VALERIA MULLER RAMOS BOLSONARO,351,PL,2022,-22.8621257,-47.0439486
1929,2300,MARCO ANTONIO VILLA,61,CIDADANIA,2022,-22.8621257,-47.0439486
1929,23000,RAFAEL FERNANDO ZIMBALDI,377,CIDADANIA,2022,-22.8621257,-47.0439486
1929,23456,ANTONIO DIRCEU DALBEN,53,CIDADANIA,2022,-22.8621257,-47.0439486
1929,23888,LI LI MIN,50,CIDADANIA,2022,-22.8621257,-47.0439486
1929,287,JANAINA CONCEIÇÃO PASCHOAL,470,PRTB,2022,-22.8621257,-47.0439486
1929,30,Partido Novo,291,NOVO,2022,-22.8621257,-47.0439486
1929,30,VINICIUS LAZZER POIT,347,NOVO,2022,-22.8621257,-47.0439486
1929,300,RICARDO LUIS MELLÃO,402,NOVO,2022,-22.8621257,-47.0439486
1929,3000,ALEXIS JOSEPH STEVERLYNCK FONTEYNE,206,NOVO,2022,-22.8621257,-47.0439486
1929,3001,MARINA HELENA CUNHA PEREIRA SANTOS,71,NOVO,2022,-22.8621257,-47.0439486
1929,30130,MARIA CRISTINA DE OLIVEIRA,110,NOVO,2022,-22.8621257,-47.0439486
1929,30153,MIRIAM MARIA ANTUNES DE SOUZA,42,NOVO,2022,-22.8621257,-47.0439486
1929,3030,ADRIANA MIGUEL VENTURA,159,NOVO,2022,-22.8621257,-47.0439486
1929,30500,SERGIO LUIZ VICTOR JUNIOR,37,NOVO,2022,-22.8621257,-47.0439486
1929,30555,LUCAS PAVANATO DE OLIVEIRA,36,NOVO,2022,-22.8621257,-47.0439486
1929,30600,LEONARDO DE SIQUEIRA LIMA,154,NOVO,2022,-22.8621257,-47.0439486
1929,30730,HENRIQUE MAGALHÃES TEIXEIRA,178,NOVO,2022,-22.8621257,-47.0439486
1929,40,Partido Socialista Brasileiro,44,,2022,-22.8621257,-47.0439486
1929,400,MÁRCIO LUIZ FRANÇA GOMES,2719,PSB,2022,-22.8621257,-47.0439486
1929,4000,JONAS DONIZETTE FERREIRA,369,PSB,2022,-22.8621257,-47.0439486
1929,40000,ANDRÉA WERNER SILVA BONOLI,110,PSB,2022,-22.8621257,-47.0439486
1929,4004,AUGUSTO DE ARRUDA BOTELHO NETO,49,PSB,2022,-22.8621257,-47.0439486
1929,4040,TABATA CLAUDIA AMARAL DE PONTES,337,PSB,2022,-22.8621257,-47.0439486
1929,40400,RENATA FALZONI,38,PSB,2022,-22.8621257,-47.0439486
1929,40456,PERMÍNIO MONTEIRO DA SILVA,60,PSB,2022,-22.8621257,-47.0439486
1929,4400,ROSANGELA MARIA WOLFF DE QUADROS MORO,186,UNIÃO,2022,-22.8621257,-47.0439486
1929,44007,FELIPE SOUZA MURAKAMI DE FRANCO,62,UNIÃO,2022,-22.8621257,-47.0439486
1929,44019,RODRIGO LUIS DE BARROS ALMEIDA,34,UNIÃO,2022,-22.8621257,-47.0439486
1929,4407,FELIPE BECARI COMENALE,54,UNIÃO,2022,-22.8621257,-47.0439486
1929,44077,RAFAEL SARAIVA GAIA,37,UNIÃO,2022,-22.8621257,-47.0439486
1929,44220,ANDRE CRISTHIANO CAYRES RIBEIRO,48,UNIÃO,2022,-22.8621257,-47.0439486
1929,4433,KIM PATROCA KATAGUIRI,215,UNIÃO,2022,-22.8621257,-47.0439486
1929,44333,AMANDA VETTORAZZO CARNEIRO,34,UNIÃO,2022,-22.8621257,-47.0439486
1929,44777,AUGUSTO ZACARIAS CORREA LEITE,106,UNIÃO,2022,-22.8621257,-47.0439486
1929,4488,CRISTIANO MOREIRA PINTO BERALDO,40,UNIÃO,2022,-22.8621257,-47.0439486
1929,44999,RENATO DE SOUZA BATTISTA,41,UNIÃO,2022,-22.8621257,-47.0439486
1929,45,Partido da Social Democracia Brasileira,74,PSDB,2022,-22.8621257,-47.0439486
1929,45,RODRIGO GARCIA,1534,PSDB,2022,-22.8621257,-47.0439486
1929,4500,CARLOS HENRIQUE FOCESI SAMPAIO,338,PSDB,2022,-22.8621257,-47.0439486
1929,45200,CÉLIA CAMARGO LEÃO EDELMUTH,209,PSDB,2022,-22.8621257,-47.0439486
1929,4545,JOSÉ SERRA,40,PSDB,2022,-22.8621257,-47.0439486
1929,45678,LUIZ HENRIQUE CIRILO,132,PSDB,2022,-22.8621257,-47.0439486
1929,5000,SÂMIA DE SOUZA BOMFIM,220,PSOL,2022,-22.8621257,-47.0439486
1929,50000,PAULA NUNES DOS SANTOS,194,PSOL,2022,-22.8621257,-47.0439486
1929,5010,GUILHERME CASTRO BOULOS,510,PSOL,2022,-22.8621257,-47.0439486
1929,50100,MARIANA CONTI TAKAHASHI,424,PSOL,2022,-22.8621257,-47.0439486
1929,50110,EDIANE MARIA DO NASCIMENTO,94,PSOL,2022,-22.8621257,-47.0439486
1929,5070,ERIKA SANTOS SILVA,195,PSOL,2022,-22.8621257,-47.0439486
1929,50777,PAULO ROBERTO BUFALO,61,PSOL,2022,-22.8621257,-47.0439486
1929,50789,CARLOS ALBERTO GIANNASI,60,PSOL,2022,-22.8621257,-47.0439486
1929,5088,SÔNIA BONE DE SOUSA SILVA SANTOS,131,PSOL,2022,-22.8621257,-47.0439486
1929,50900,MÔNICA CRISTINA SEIXAS BONFIM,51,PSOL,2022,-22.8621257,-47.0439486
1929,55400,MARTA MARIA FREIRE DA COSTA,71,PSD,2022,-22.8621257,-47.0439486
1929,5555,GUILHERME CAMPOS JUNIOR,46,PSD,2022,-22.8621257,-47.0439486
1929,55655,ARTUR CASSEB ORSI,345,PSD,2022,-22.8621257,-47.0439486
1929,6565,ORLANDO SILVA DE JESUS JUNIOR,38,PC DO B,2022,-22.8621257,-47.0439486
1929,77040,ADILSON DE SOUZA ROCHA,30,SOLIDARIEDADE,2022,-22.8621257,-47.0439486
1929,80,CAROLINA REJAILI VIGLIAR,40,UP,2022,-22.8621257,-47.0439486
1929,800,VIVIAN MENDES DA SILVA,181,UP,2022,-22.8621257,-47.0439486
1929,9000,PABLO HENRIQUE COSTA MARÇAL,106,PROS,2022,-22.8621257,-47.0439486
1929,90000,NEZIO ANTONIO MONTEIRO FILHO,46,PROS,2022,-22.8621257,-47.0439486
1929,90050,EDSON MORO JUNIOR,33,PROS,2022,-22.8621257,-47.0439486
1929,9022,NISE HITOMI YAMAGUCHI,41,PROS,2022,-22.8621257,-47.0439486
1929,95,VOTO BRANCO,2328,,2022,-22.8621257,-47.0439486
1929,96,VOTO NULO,2658,,2022,-22.8621257,-47.0439486
1945,10,TARCISIO GOMES DE FREITAS,1579,REPUBLICANOS,2022,-22.9597308,-47.0515456
1945,10550,TOME ABDUCH,30,REPUBLICANOS,2022,-22.9597308,-47.0515456
1945,1111,BRUNO MARCELLO DE OLIVEIRA LIMA,34,PP,2022,-22.9597308,-47.0515456
1945,123,JOSÉ ALDO REBELO FIGUEIREDO,32,PDT,2022,-22.9597308,-47.0515456
1945,13,FERNANDO HADDAD,1395,PT,2022,-22.9597308,-47.0515456
1945,13,Partido dos Trabalhadores,47,PT,2022,-22.9597308,-47.0515456
1945,13133,EDUARDO MATARAZZO SUPLICY,69,PT,2022,-22.9597308,-47.0515456
1945,1319,PEDRO TOURINHO DE SIQUEIRA,125,PT,2022,-22.9597308,-47.0515456
1945,13616,JOSEMUNDO DARIO QUEIROZ,40,PT,2022,-22.9597308,-47.0515456
1945,155,EDSON APARECIDO DOS SANTOS,40,MDB,2022,-22.9597308,-47.0515456
1945,1818,MARIA OSMARINA MARINA DA SILVA VAZ DE LIMA,34,REDE,2022,-22.9597308,-47.0515456
1945,2210,CARLA ZAMBELLI SALGADO DE OLIVEIRA,86,PL,2022,-22.9597308,-47.0515456
1945,222,MARCOS CESAR PONTES,756,PL,2022,-22.9597308,-47.0515456
1945,2222,EDUARDO NANTES BOLSONARO,86,PL,2022,-22.9597308,-47.0515456
1945,2250,RICARDO DE AQUINO SALLES,57,PL,2022,-22.9597308,-47.0515456
1945,22922,VALERIA MULLER RAMOS BOLSONARO,40,PL,2022,-22.9597308,-47.0515456
1945,23000,RAFAEL FERNANDO ZIMBALDI,98,CIDADANIA,2022,-22.9597308,-47.0515456
1945,287,JANAINA CONCEIÇÃO PASCHOAL,50,PRTB,2022,-22.9597308,-47.0515456
1945,30,VINICIUS LAZZER POIT,48,NOVO,2022,-22.9597308,-47.0515456
1945,300,RICARDO LUIS MELLÃO,44,NOVO,2022,-22.9597308,-47.0515456
1945,400,MÁRCIO LUIZ FRANÇA GOMES,542,PSB,2022,-22.9597308,-47.0515456
1945,4000,JONAS DONIZETTE FERREIRA,63,PSB,2022,-22.9597308,-47.0515456
1945,4040,TABATA CLAUDIA AMARAL DE PONTES,42,PSB,2022,-22.9597308,-47.0515456
1945,40456,PERMÍNIO MONTEIRO DA SILVA,40,PSB,2022,-22.9597308,-47.0515456
1945,4433,KIM PATROCA KATAGUIRI,38,UNIÃO,2022,-22.9597308,-47.0515456
1945,45,RODRIGO GARCIA,213,PSDB,2022,-22.9597308,-47.0515456
1945,4500,CARLOS HENRIQUE FOCESI SAMPAIO,30,PSDB,2022,-22.9597308,-47.0515456
1945,45200,CÉLIA CAMARGO LEÃO EDELMUTH,30,PSDB,2022,-22.9597308,-47.0515456
1945,5000,SÂMIA DE SOUZA BOMFIM,54,PSOL,2022,-22.9597308,-47.0515456
1945,50000,PAULA NUNES DOS SANTOS,36,PSOL,2022,-22.9597308,-47.0515456
1945,5010,GUILHERME CASTRO BOULOS,91,PSOL,2022,-22.9597308,-47.0515456
1945,50100,MARIANA CONTI TAKAHASHI,75,PSOL,2022,-22.9597308,-47.0515456
1945,55655,ARTUR CASSEB ORSI,48,PSD,2022,-22.9597308,-47.0515456
1945,800,VIVIAN MENDES DA SILVA,44,UP,2022,-22.9597308,-47.0515456
1945,95,VOTO BRANCO,598,,2022,-22.9597308,-47.0515456
1945,96,VOTO NULO,582,,2022,-22.9597308,-47.0515456
1961,10,TARCISIO GOMES DE FREITAS,3096,REPUBLICANOS,2022,-22.9145125,-47.0681639
1961,10550,TOME ABDUCH,84,REPUBLICANOS,2022,-22.9145125,-47.0681639
1961,1111,BRUNO MARCELLO DE OLIVEIRA LIMA,62,PP,2022,-22.9145125,-47.0681639
1961,123,JOSÉ ALDO REBELO FIGUEIREDO,42,PDT,2022,-22.9145125,-47.0681639
1961,13,FERNANDO HADDAD,2036,PT,2022,-22.9145125,-47.0681639
1961,13,Partido dos Trabalhadores,96,PT,2022,-22.9145125,-47.0681639
1961,13133,EDUARDO MATARAZZO SUPLICY,122,PT,2022,-22.9145125,-47.0681639
1961,1319,PEDRO TOURINHO DE SIQUEIRA,141,PT,2022,-22.9145125,-47.0681639
1961,13199,PAOLLA CATHERINE DOS SANTOS MIGUEL AGARD,44,PT,2022,-22.9145125,-47.0681639
1961,155,EDSON APARECIDO DOS SANTOS,147,MDB,2022,-22.9145125,-47.0681639
1961,1587,ARNALDO SALVETTI PALACIO JUNIOR,37,MDB,2022,-22.9145125,-47.0681639
1961,1818,MARIA OSMARINA MARINA DA SILVA VAZ DE LIMA,61,REDE,2022,-22.9145125,-47.0681639
1961,22,Partido Liberal,85,,2022,-22.9145125,-47.0681639
1961,22000,DIMAS MECCA SAMPAIO,41,PL,2022,-22.9145125,-47.0681639
1961,2208,MARIO LUIS FRIAS,36,PL,2022,-22.9145125,-47.0681639
1961,2210,CARLA ZAMBELLI SALGADO DE OLIVEIRA,227,PL,2022,-22.9145125,-47.0681639
1961,22100,BRUNO ZAMBELLI SALGADO,60,PL,2022,-22.9145125,-47.0681639
1961,22120,GILDEVANIO ILSO DOS SANTOS DINIZ,45,PL,2022,-22.9145125,-47.0681639
1961,222,MARCOS CESAR PONTES,1399,PL,2022,-22.9145125,-47.0681639
1961,2222,EDUARDO NANTES BOLSONARO,146,PL,2022,-22.9145125,-47.0681639
1961,22422,PAULO JORGE MANSUR NETO,36,PL,2022,-22.9145125,-47.0681639
1961,2243,LUIZ PHILIPPE DE ORLEANS E BRAGANÇA,32,PL,2022,-22.9145125,-47.0681639
1961,2250,RICARDO DE AQUINO SALLES,192,PL,2022,-22.9145125,-47.0681639
1961,22500,LUCAS DIEZ BOVE,40,PL,2022,-22.9145125,-47.0681639
1961,22922,VALERIA MULLER RAMOS BOLSONARO,124,PL,2022,-22.9145125,-47.0681639
1961,2300,MARCO ANTONIO VILLA,31,CIDADANIA,2022,-22.9145125,-47.0681639
1961,23000,RAFAEL FERNANDO ZIMBALDI,108,CIDADANIA,2022,-22.9145125,-47.0681639
1961,23456,ANTONIO DIRCEU DALBEN,36,CIDADANIA,2022,-22.9145125,-47.0681639
1961,287,JANAINA CONCEIÇÃO PASCHOAL,115,PRTB,2022,-22.9145125,-47.0681639
1961,30,Partido Novo,63,NOVO,2022,-22.9145125,-47.0681639
1961,30,VINICIUS LAZZER POIT,91,NOVO,2022,-22.9145125,-47.0681639
1961,300,RICARDO LUIS MELLÃO,82,NOVO,2022,-22.9145125,-47.0681639
1961,3000,ALEXIS JOSEPH STEVERLYNCK FONTEYNE,49,NOVO,2022,-22.9145125,-47.0681639
1961,3030,ADRIANA MIGUEL VENTURA,31,NOVO,2022,-22.9145125,-47.0681639
1961,30600,LEONARDO DE SIQUEIRA LIMA,30,NOVO,2022,-22.9145125,-47.0681639
1961,30730,HENRIQUE MAGALHÃES TEIXEIRA,60,NOVO,2022,-22.9145125,-47.0681639
1961,400,MÁRCIO LUIZ FRANÇA GOMES,855,PSB,2022,-22.9145125,-47.0681639
1961,4000,JONAS DONIZETTE FERREIRA,101,PSB,2022,-22.9145125,-47.0681639
1961,4040,TABATA CLAUDIA AMARAL DE PONTES,75,PSB,2022,-22.9145125,-47.0681639
1961,4400,ROSANGELA MARIA WOLFF DE QUADROS MORO,63,UNIÃO,2022,-22.9145125,-47.0681639
1961,4433,KIM PATROCA KATAGUIRI,52,UNIÃO,2022,-22.9145125,-47.0681639
1961,45,RODRIGO GARCIA,450,PSDB,2022,-22.9145125,-47.0681639
1961,4500,CARLOS HENRIQUE FOCESI SAMPAIO,138,PSDB,2022,-22.9145125,-47.0681639
1961,45200,CÉLIA CAMARGO LEÃO EDELMUTH,68,PSDB,2022,-22.9145125,-47.0681639
1961,45678,LUIZ HENRIQUE CIRILO,48,PSDB,2022,-22.9145125,-47.0681639
1961,5000,SÂMIA DE SOUZA BOMFIM,44,PSOL,2022,-22.9145125,-47.0681639
1961,50000,PAULA NUNES DOS SANTOS,58,PSOL,2022,-22.9145125,-47.0681639
1961,5010,GUILHERME CASTRO BOULOS,145,PSOL,2022,-22.9145125,-47.0681639
1961,50100,MARIANA CONTI TAKAHASHI,159,PSOL,2022,-22.9145125,-47.0681639
1961,5070,ERIKA SANTOS SILVA,55,PSOL,2022,-22.9145125,-47.0681639
1961,50789,CARLOS ALBERTO GIANNASI,37,PSOL,2022,-22.9145125,-47.0681639
1961,5088,SÔNIA BONE DE SOUSA SILVA SANTOS,47,PSOL,2022,-22.9145125,-47.0681639
1961,55655,ARTUR CASSEB ORSI,115,PSD,2022,-22.9145125,-47.0681639
1961,800,VIVIAN MENDES DA SILVA,49,UP,2022,-22.9145125,-47.0681639
1961,95,VOTO BRANCO,578,,2022,-22.9145125,-47.0681639
1961,96,VOTO NULO,738,,2022,-22.9145125,-47.0681639
1988,10,TARCISIO GOMES DE FREITAS,181,REPUBLICANOS,2022,-22.8337177,-47.142736
1988,13,FERNANDO HADDAD,443,PT,2022,-22.8337177,-47.142736
1988,1319,PEDRO TOURINHO DE SIQUEIRA,81,PT,2022,-22.8337177,-47.142736
1988,13199,PAOLLA CATHERINE DOS SANTOS MIGUEL AGARD,31,PT,2022,-22.8337177,-47.142736
1988,222,MARCOS CESAR PONTES,83,PL,2022,-22.8337177,-47.142736
1988,23456,ANTONIO DIRCEU DALBEN,42,CIDADANIA,2022,-22.8337177,-47.142736
1988,400,MÁRCIO LUIZ FRANÇA GOMES,188,PSB,2022,-22.8337177,-47.142736
1988,4000,JONAS DONIZETTE FERREIRA,59,PSB,2022,-22.8337177,-47.142736
1988,95,VOTO BRANCO,182,,2022,-22.8337177,-47.142736
1988,96,VOTO NULO,132,,2022,-22.8337177,-47.142736
1996,10,TARCISIO GOMES DE FREITAS,356,REPUBLICANOS,2022,-22.9064,-47.0616
1996,13,FERNANDO HADDAD,551,PT,2022,-22.9064,-47.0616
1996,1319,PEDRO TOURINHO DE SIQUEIRA,83,PT,2022,-22.9064,-47.0616
1996,13310,LUIZ CLAUDIO MARCOLINO,35,PT,2022,-22.9064,-47.0616
1996,222,MARCOS CESAR PONTES,171,PL,2022,-22.9064,-47.0616
1996,23456,ANTONIO DIRCEU DALBEN,98,CIDADANIA,2022,-22.9064,-47.0616
1996,400,MÁRCIO LUIZ FRANÇA GOMES,233,PSB,2022,-22.9064,-47.0616
1996,4000,JONAS DONIZETTE FERREIRA,88,PSB,2022,-22.9064,-47.0616
1996,45,RODRIGO GARCIA,51,PSDB,2022,-22.9064,-47.0616
1996,95,VOTO BRANCO,216,,2022,-22.9064,-47.0616
1996,96,VOTO NULO,174,,2022,-22.9064,-47.0616
2003,10,TARCISIO GOMES DE FREITAS,63,REPUBLICANOS,2022,-22.8458811,-47.1072229
2003,13,FERNANDO HADDAD,151,PT,2022,-22.8458811,-47.1072229
2003,222,MARCOS CESAR PONTES,30,PL,2022,-22.8458811,-47.1072229
2003,400,MÁRCIO LUIZ FRANÇA GOMES,60,PSB,2022,-22.8458811,-47.1072229
2003,95,VOTO BRANCO,60,,2022,-22.8458811,-47.1072229
2003,96,VOTO NULO,77,,2022,-22.8458811,-47.1072229
2135,10,TARCISIO GOMES DE FREITAS,2672,REPUBLICANOS,2022,-22.8980771,-47.0497121
2135,10550,TOME ABDUCH,96,REPUBLICANOS,2022,-22.8980771,-47.0497121
2135,1111,BRUNO MARCELLO DE OLIVEIRA LIMA,44,PP,2022,-22.8980771,-47.0497121
2135,123,JOSÉ ALDO REBELO FIGUEIREDO,37,PDT,2022,-22.8980771,-47.0497121
2135,13,FERNANDO HADDAD,1901,PT,2022,-22.8980771,-47.0497121
2135,13,Partido dos Trabalhadores,67,PT,2022,-22.8980771,-47.0497121
2135,13133,EDUARDO MATARAZZO SUPLICY,111,PT,2022,-22.8980771,-47.0497121
2135,1319,PEDRO TOURINHO DE SIQUEIRA,78,PT,2022,-22.8980771,-47.0497121
2135,13199,PAOLLA CATHERINE DOS SANTOS MIGUEL AGARD,32,PT,2022,-22.8980771,-47.0497121
2135,155,EDSON APARECIDO DOS SANTOS,147,MDB,2022,-22.8980771,-47.0497121
2135,1818,MARIA OSMARINA MARINA DA SILVA VAZ DE LIMA,69,REDE,2022,-22.8980771,-47.0497121
2135,22,Partido Liberal,59,,2022,-22.8980771,-47.0497121
2135,2210,CARLA ZAMBELLI SALGADO DE OLIVEIRA,154,PL,2022,-22.8980771,-47.0497121
2135,22100,BRUNO ZAMBELLI SALGADO,45,PL,2022,-22.8980771,-47.0497121
2135,22120,GILDEVANIO ILSO DOS SANTOS DINIZ,30,PL,2022,-22.8980771,-47.0497121
2135,222,MARCOS CESAR PONTES,1123,PL,2022,-22.8980771,-47.0497121
2135,2222,EDUARDO NANTES BOLSONARO,90,PL,2022,-22.8980771,-47.0497121
2135,2243,LUIZ PHILIPPE DE ORLEANS E BRAGANÇA,46,PL,2022,-22.8980771,-47.0497121
2135,2250,RICARDO DE AQUINO SALLES,184,PL,2022,-22.8980771,-47.0497121
2135,22500,LUCAS DIEZ BOVE,37,PL,2022,-22.8980771,-47.0497121
2135,22922,VALERIA MULLER RAMOS BOLSONARO,90,PL,2022,-22.8980771,-47.0497121
2135,2300,MARCO ANTONIO VILLA,38,CIDADANIA,2022,-22.8980771,-47.0497121
2135,23000,RAFAEL FERNANDO ZIMBALDI,88,CIDADANIA,2022,-22.8980771,-47.0497121
2135,287,JANAINA CONCEIÇÃO PASCHOAL,165,PRTB,2022,-22.8980771,-47.0497121
2135,30,Partido Novo,85,NOVO,2022,-22.8980771,-47.0497121
2135,30,VINICIUS LAZZER POIT,102,NOVO,2022,-22.8980771,-47.0497121
2135,300,RICARDO LUIS MELLÃO,141,NOVO,2022,-22.8980771,-47.0497121
2135,3000,ALEXIS JOSEPH STEVERLYNCK FONTEYNE,95,NOVO,2022,-22.8980771,-47.0497121
2135,3030,ADRIANA MIGUEL VENTURA,51,NOVO,2022,-22.8980771,-47.0497121
2135,30600,LEONARDO DE SIQUEIRA LIMA,63,NOVO,2022,-22.8980771,-47.0497121
2135,30730,HENRIQUE MAGALHÃES TEIXEIRA,90,NOVO,2022,-22.8980771,-47.0497121
2135,400,MÁRCIO LUIZ FRANÇA GOMES,829,PSB,2022,-22.8980771,-47.0497121
2135,4000,JONAS DONIZETTE FERREIRA,80,PSB,2022,-22.8980771,-47.0497121
2135,4040,TABATA CLAUDIA AMARAL DE PONTES,122,PSB,2022,-22.8980771,-47.0497121
2135,4400,ROSANGELA MARIA WOLFF DE QUADROS MORO,70,UNIÃO,2022,-22.8980771,-47.0497121
2135,4433,KIM PATROCA KATAGUIRI,52,UNIÃO,2022,-22.8980771,-47.0497121
2135,45,RODRIGO GARCIA,531,PSDB,2022,-22.8980771,-47.0497121
2135,4500,CARLOS HENRIQUE FOCESI SAMPAIO,150,PSDB,2022,-22.8980771,-47.0497121
2135,45200,CÉLIA CAMARGO LEÃO EDELMUTH,97,PSDB,2022,-22.8980771,-47.0497121
2135,45678,LUIZ HENRIQUE CIRILO,38,PSDB,2022,-22.8980771,-47.0497121
2135,5000,SÂMIA DE SOUZA BOMFIM,73,PSOL,2022,-22.8980771,-47.0497121
2135,50000,PAULA NUNES DOS SANTOS,67,PSOL,2022,-22.8980771,-47.0497121
2135,5010,GUILHERME CASTRO BOULOS,133,PSOL,2022,-22.8980771,-47.0497121
2135,50100,MARIANA CONTI TAKAHASHI,129,PSOL,2022,-22.8980771,-47.0497121
2135,50110,EDIANE MARIA DO NASCIMENTO,31,PSOL,2022,-22.8980771,-47.0497121
2135,5070,ERIKA SANTOS SILVA,59,PSOL,2022,-22.8980771,-47.0497121
2135,5088,SÔNIA BONE DE SOUSA SILVA SANTOS,74,PSOL,2022,-22.8980771,-47.0497121
2135,55655,ARTUR CASSEB ORSI,179,PSD,2022,-22.8980771,-47.0497121
2135,800,VIVIAN MENDES DA SILVA,65,UP,2022,-22.8980771,-47.0497121
2135,95,VOTO BRANCO,418,,2022,-22.8980771,-47.0497121
2135,96,VOTO NULO,441,,2022,-22.8980771,-47.0497121
2151,10,TARCISIO GOMES DE FREITAS,1571,REPUBLICANOS,2022,-22.9074429,-47.061008
2151,10123,GILMACI DOS SANTOS BARBOSA,33,REPUBLICANOS,2022,-22.9074429,-47.061008
2151,10550,TOME ABDUCH,30,REPUBLICANOS,2022,-22.9074429,-47.061008
2151,1111,BRUNO MARCELLO DE OLIVEIRA LIMA,35,PP,2022,-22.9074429,-47.061008
2151,13,FERNANDO HADDAD,1181,PT,2022,-22.9074429,-47.061008
2151,13,Partido dos Trabalhadores,64,PT,2022,-22.9074429,-47.061008
2151,13133,EDUARDO MATARAZZO SUPLICY,62,PT,2022,-22.9074429,-47.061008
2151,1319,PEDRO TOURINHO DE SIQUEIRA,82,PT,2022,-22.9074429,-47.061008
2151,155,EDSON APARECIDO DOS SANTOS,70,MDB,2022,-22.9074429,-47.061008
2151,22,Partido Liberal,41,,2022,-22.9074429,-47.061008
2151,2210,CARLA ZAMBELLI SALGADO DE OLIVEIRA,94,PL,2022,-22.9074429,-47.061008
2151,22100,BRUNO ZAMBELLI SALGADO,32,PL,2022,-22.9074429,-47.061008
2151,222,MARCOS CESAR PONTES,733,PL,2022,-22.9074429,-47.061008
2151,2222,EDUARDO NANTES BOLSONARO,72,PL,2022,-22.9074429,-47.061008
2151,2250,RICARDO DE AQUINO SALLES,88,PL,2022,-22.9074429,-47.061008
2151,22922,VALERIA MULLER RAMOS BOLSONARO,58,PL,2022,-22.9074429,-47.061008
2151,23000,RAFAEL FERNANDO ZIMBALDI,71,CIDADANIA,2022,-22.9074429,-47.061008
2151,287,JANAINA CONCEIÇÃO PASCHOAL,42,PRTB,2022,-22.9074429,-47.061008
2151,400,MÁRCIO LUIZ FRANÇA GOMES,464,PSB,2022,-22.9074429,-47.061008
2151,4000,JONAS DONIZETTE FERREIRA,146,PSB,2022,-22.9074429,-47.061008
2151,4040,TABATA CLAUDIA AMARAL DE PONTES,32,PSB,2022,-22.9074429,-47.061008
2151,40456,PERMÍNIO MONTEIRO DA SILVA,49,PSB,2022,-22.9074429,-47.061008
2151,45,RODRIGO GARCIA,200,PSDB,2022,-22.9074429,-47.061008
2151,4500,CARLOS HENRIQUE FOCESI SAMPAIO,37,PSDB,2022,-22.9074429,-47.061008
2151,5010,GUILHERME CASTRO BOULOS,56,PSOL,2022,-22.9074429,-47.061008
2151,50100,MARIANA CONTI TAKAHASHI,49,PSOL,2022,-22.9074429,-47.061008
2151,55655,ARTUR CASSEB ORSI,33,PSD,2022,-22.9074429,-47.061008
2151,95,VOTO BRANCO,411,,2022,-22.9074429,-47.061008
2151,96,VOTO NULO,539,,2022,-22.9074429,-47.061008
2240,10,TARCISIO GOMES DE FREITAS,245,REPUBLICANOS,2022,-22.9064,-47.0616
2240,13,FERNANDO HADDAD,177,PT,2022,-22.9064,-47.0616
2240,222,MARCOS CESAR PONTES,111,PL,2022,-22.9064,-47.0616
2240,400,MÁRCIO LUIZ FRANÇA GOMES,80,PSB,2022,-22.9064,-47.0616
2240,95,VOTO BRANCO,59,,2022,-22.9064,-47.0616
2240,96,VOTO NULO,59,,2022,-22.9064,-47.0616
