nr_candidato,nm_candidato,sg_partido,ds_cargo,total_votos,zonas_com_voto,ano
17317,JANAINA CONCEIÇÃO PASCHOAL,PSL,Deputado Estadual,92199,7,2018
40000,RAFAEL FERNANDO ZIMBALDI,PSB,Deputado Estadual,48699,7,2018
13001,PEDRO TOURINHO DE SIQUEIRA,PT,Deputado Estadual,18824,7,2018
45200,CELIA CAMARGO LEÃO EDELMUTH,PSDB,Deputado Estadual,16545,7,2018
25555,ARTHUR MOLEDO DO VAL,DEM,Deputado Estadual,16258,7,2018
50100,MARIANA CONTI TAKAHASHI,PSOL,Deputado Estadual,15269,7,2018
13813,RENATO SIMOES,PT,Deputado Estadual,11933,7,2018
65123,GUSTAVO LEMOS PETTA,PC do B,Deputado Estadual,10138,7,2018
25025,APARECIDO DE CAMPOS FILHO,DEM,Deputado Estadual,9727,7,2018
10123,GILMACI DOS SANTOS BARBOSA,PRB,Deputado Estadual,9047,7,2018
22190,JAIME DE SOUZA,PR,Deputado Estadual,8919,7,2018
17120,GILDEVANIO ILSO DOS SANTOS DINIZ,PSL,Deputado Estadual,7507,7,2018
55400,MARTA MARIA FREIRE DA COSTA,PSD,Deputado Estadual,6919,7,2018
30900,DANIEL BISCOLA PEREIRA,NOVO,Deputado Estadual,6862,7,2018
17667,VALERIA MULLER RAMOS BOLSONARO,PSL,Deputado Estadual,6581,7,2018
30300,DANIEL JOSÉ DA SILVA OLIVEIRA,NOVO,Deputado Estadual,6357,7,2018
50777,PAULO ROBERTO BUFALO,PSOL,Deputado Estadual,5061,7,2018
17000,DIMAS MECCA SAMPAIO,PSL,Deputado Estadual,4879,7,2018
22456,ANTONIO DIRCEU DALBEN,PR,Deputado Estadual,4486,7,2018
11190,PAULO ADRIANO LOPES LUCINDA TELHADA,PP,Deputado Estadual,4358,7,2018
44444,FELICIANO NAHIMY FILHO,PRP,Deputado Estadual,4144,7,2018
90040,APARECIDO SOUZA SANTOS,PROS,Deputado Estadual,4042,7,2018
30111,HENI OZI CUKIER,NOVO,Deputado Estadual,3822,7,2018
19100,BRUNO AREVALO GANEM,PODE,Deputado Estadual,3596,7,2018
40112,CARLOS CEZAR DA SILVA,PSB,Deputado Estadual,3521,7,2018
11777,ANTONIO ASSUNÇÃO DE OLIM,PP,Deputado Estadual,3492,7,2018
50900,MONICA CRISTINA SEIXAS BONFIM,PSOL,Deputado Estadual,3005,7,2018
11123,ALESSANDRA REGINA BEGALLI ZAMORA,PP,Deputado Estadual,2814,7,2018
17064,DOUGLAS GARCIA BISPO DOS SANTOS,PSL,Deputado Estadual,2720,7,2018
10000,JORGE WILSON GONÇALVES DE MATTOS,PRB,Deputado Estadual,2268,7,2018
23123,DAVID ZAIA,PPS,Deputado Estadual,2218,7,2018
45000,CAUE CASEIRO MACRIS,PSDB,Deputado Estadual,2215,7,2018
50789,CARLOS ALBERTO GIANNASI,PSOL,Deputado Estadual,2067,7,2018
17070,BRUNO MARCELLO DE OLIVEIRA LIMA,PSL,Deputado Estadual,2045,7,2018
90190,ADRIANA SANCHES GALDEANO BORGO,PROS,Deputado Estadual,1896,7,2018
25333,DANIEL BEZERRA RIBEIRO SOARES,DEM,Deputado Estadual,1795,7,2018
17067,OSCAR CASTELO BRANCO DE LUCA,PSL,Deputado Estadual,1693,7,2018
17700,MANOEL BARBOSA DO NASCIMENTO,PSL,Deputado Estadual,1670,7,2018
55777,ALEXANDER MUNIZ DE OLIVEIRA,PSD,Deputado Estadual,1604,7,2018
13199,ANTONIO MENTOR DE MELLO SOBRINHO,PT,Deputado Estadual,1569,7,2018
65035,LECI BRANDÃO DA SILVA,PC do B,Deputado Estadual,1553,7,2018
17777,RODRIGO GAMBALE VIEIRA,PSL,Deputado Estadual,1503,7,2018
13640,VERA LÚCIA RODRIGUES DE FARIA,PT,Deputado Estadual,1500,7,2018
31333,THELMA ELAINE BRASILEIRO ROBERTI,PHS,Deputado Estadual,1484,7,2018
13123,MARIA IZABEL AZEVEDO NORONHA,PT,Deputado Estadual,1473,7,2018
30000,GABRIELA SILVEIRA DA ROCHA CAMARGO,NOVO,Deputado Estadual,1402,7,2018
11138,ROBERVAL CONTE LOPES LIMA,PP,Deputado Estadual,1386,7,2018
31000,PAULO JORGE MANSUR NETO,PHS,Deputado Estadual,1377,7,2018
50888,ÉRICA DA SILVA,PSOL,Deputado Estadual,1326,7,2018
43363,REINALDO DE SOUZA ALGUZ,PV,Deputado Estadual,1270,7,2018
55153,MARIA DE LOURDES SOARES,PSD,Deputado Estadual,1221,7,2018
30153,MIRIAM MARIA ANTUNES DE SOUZA,NOVO,Deputado Estadual,1135,7,2018
22222,MARCOS ROBERTO DAMASIO DA SILVA,PR,Deputado Estadual,1112,7,2018
25111,RODRIGO AUGUSTO MORAES,DEM,Deputado Estadual,1075,7,2018
25123,ROGERIO NOGUEIRA LOPES CRUZ,DEM,Deputado Estadual,1031,7,2018
18888,MARINA MEDEIROS HELOU,REDE,Deputado Estadual,1030,7,2018
14140,ANTONIO CARLOS DE CAMPOS MACHADO,PTB,Deputado Estadual,992,7,2018
15099,FLAVIO DE SOUZA SILVEIRA,MDB,Deputado Estadual,969,7,2018
17079,ADALBERTO GODOY FREITAS,PSL,Deputado Estadual,927,7,2018
50180,ISADORA MARTINATTI PENNA,PSOL,Deputado Estadual,922,7,2018
17678,VITOR HUGO RICCOMINI,PSL,Deputado Estadual,918,7,2018
70987,LUCINEIDE DA CONCEIÇÃO LIMA,AVANTE,Deputado Estadual,911,7,2018
17500,LETICIA AGUIAR RESENDE ALVES,PSL,Deputado Estadual,909,7,2018
31031,DAMARIS DIAS MOURA KUO,PHS,Deputado Estadual,866,7,2018
65023,WLADMIR DE SOUZA CARNEIRO,PC do B,Deputado Estadual,827,7,2018
30800,ANDREA DECOURT SAVELLI,NOVO,Deputado Estadual,793,7,2018
30003,ANA PAULA LOURENÇO,NOVO,Deputado Estadual,758,7,2018
18010,ALESSANDRA APARECIDA MONTEIRO,REDE,Deputado Estadual,758,7,2018
50075,ANA CLAUDIA SILVA MIELKE,PSOL,Deputado Estadual,734,7,2018
22012,JULIO CESAR PEREIRA DE SOUZA,PR,Deputado Estadual,723,7,2018
17190,PAULO NISHIKAWA,PSL,Deputado Estadual,700,7,2018
28128,LÍVIA MARIA RODRIGUES FIDELIX DA CRUZ,PRTB,Deputado Estadual,687,7,2018
30002,CRISTINA PEREIRA MONTEIRO,NOVO,Deputado Estadual,670,7,2018
22555,ELIANA PASSARELLI,PR,Deputado Estadual,665,7,2018
45145,GIOVANNA GUIMARÃES TRIPOLI,PSDB,Deputado Estadual,664,7,2018
19200,ROBERTO FIGUEIRA MARINHO,PODE,Deputado Estadual,658,7,2018
13140,JOSE AMERICO ASCENCIO DIAS,PT,Deputado Estadual,655,7,2018
17209,MARCOS MORAES DOS SANTOS,PSL,Deputado Estadual,648,7,2018
17290,CLEMILTON ALVES DA SILVA,PSL,Deputado Estadual,646,7,2018
17007,DANILO MASCARENHAS DE BALAS,PSL,Deputado Estadual,636,7,2018
12007,ROBSON APARECIDO PRIMO,PDT,Deputado Estadual,619,7,2018
55090,CAROLINE STEINMETZ,PSD,Deputado Estadual,603,7,2018
17025,VALDEMIRO PATRICIO GOMES FILHO,PSL,Deputado Estadual,599,7,2018
30333,CAROLINA CURIMBABA CAVALCANTE,NOVO,Deputado Estadual,591,7,2018
45800,PAULO MATHIAS DE TARSO,PSDB,Deputado Estadual,582,7,2018
15100,WALTER VICIONI GONÇALVES,MDB,Deputado Estadual,570,7,2018
45777,CLAUDIO YUKIO MIYAKE,PSDB,Deputado Estadual,569,7,2018
12012,MARINA LUIZA RODRIGUES MOLINA LOPES,PDT,Deputado Estadual,565,7,2018
15000,JORGE LUIS CARUSO,MDB,Deputado Estadual,554,7,2018
12345,MARCIO MASSAMI NAKASHIMA,PDT,Deputado Estadual,553,7,2018
25118,EDMIR JOSE ABI CHEDID,DEM,Deputado Estadual,551,7,2018
30100,RICARDO LUIS MELLAO,NOVO,Deputado Estadual,550,7,2018
54300,MARIANA NUNES DE MOURA SOUZA,PPL,Deputado Estadual,530,7,2018
19800,MURILO BERBERT AVIGO FELIX,PODE,Deputado Estadual,530,7,2018
31331,BAZELAU RAMOS,PHS,Deputado Estadual,508,7,2018
17111,FREDERICO BRAUN D AVILA,PSL,Deputado Estadual,504,7,2018
13131,EMIDIO PEREIRA DE SOUZA,PT,Deputado Estadual,500,7,2018
13003,ANA LIDIA DE OLIVEIRA AGUIAR,PT,Deputado Estadual,487,7,2018
13999,CARLOS ALBERTO PLETZ NEDER,PT,Deputado Estadual,478,7,2018
45321,PATRICIA GAMA DE QUADROS BEZERRA,PSDB,Deputado Estadual,476,7,2018
90002,MARCELO PENHA DE SOUZA FERRAZ,PROS,Deputado Estadual,474,7,2018
45400,ANALICE FERNANDES,PSDB,Deputado Estadual,473,7,2018
15300,ITAMAR FRANCISCO MACHADO BORGES,MDB,Deputado Estadual,457,7,2018
31200,ALESSANDRO RUIZ MARTINEZ,PHS,Deputado Estadual,452,7,2018
17707,MATHEUS COIMBRA MARTINS DE AGUIAR,PSL,Deputado Estadual,438,7,2018
25122,JOSE ALDO DEMARCHI,DEM,Deputado Estadual,433,7,2018
40400,ADILSON ROSSI,PSB,Deputado Estadual,428,7,2018
22343,THIAGO REIS AURICCHIO,PR,Deputado Estadual,422,7,2018
19819,RONALD TANIMOTO CELESTINO,PODE,Deputado Estadual,420,7,2018
43033,FRANCISCO ANTONIO SARDELLI,PV,Deputado Estadual,412,7,2018
17222,CALIL JOSÉ BADIN VIEIRA,PSL,Deputado Estadual,396,7,2018
45454,THOMÁS ANTONIO CAPELETTO DE OLIVEIRA,PSDB,Deputado Estadual,393,7,2018
15005,SANDRA DIAS TAVARES CINTRA,MDB,Deputado Estadual,389,7,2018
65180,CARINA VITRAL COSTA,PC do B,Deputado Estadual,384,7,2018
43008,JOSÉ HENRIQUE CONTI,PV,Deputado Estadual,371,7,2018
55255,ALEXANDRE MILANESE CAMILLO,PSD,Deputado Estadual,367,7,2018
13066,ADELIA OLIVEIRA DE FARIAS,PT,Deputado Estadual,364,7,2018
19269,ADRIANA PIERIN,PODE,Deputado Estadual,363,7,2018
40640,CAIO FRANÇA DE GOUVEA GOMES,PSB,Deputado Estadual,359,7,2018
19000,MARCELO PEREIRA SURCIN,PODE,Deputado Estadual,350,7,2018
22028,MARCIO MOREIRA DE SOUZA,PR,Deputado Estadual,350,7,2018
50007,MARIA CAROLINA LUIZ RUBINATO,PSOL,Deputado Estadual,346,7,2018
45451,AURÉLIO NOMURA,PSDB,Deputado Estadual,337,7,2018
50123,JOÃO PAULO RILLO,PSOL,Deputado Estadual,336,7,2018
50800,IURIATAN FELIPE MUNIZ,PSOL,Deputado Estadual,335,7,2018
12000,GABRIEL CASSIANO CARVALHO NEVES FINZETTO,PDT,Deputado Estadual,332,7,2018
31010,ADEMIR DA GUIA,PHS,Deputado Estadual,323,7,2018
40600,FABÍOLA DE CAMPOS BRAGA MATTOZINHO,PSB,Deputado Estadual,322,7,2018
19001,ATAIDE TERUEL PEREZ,PODE,Deputado Estadual,319,7,2018
22330,APARECIDA CUSTODIO DOS SANTOS,PR,Deputado Estadual,317,7,2018
50505,BRUNO VIEIRA MAIA,PSOL,Deputado Estadual,316,7,2018
11200,EDUARDO ROZ,PP,Deputado Estadual,312,7,2018
33190,CELIMAR GOMES DA SILVA,PMN,Deputado Estadual,307,7,2018
50000,ANDERSON SEVERIANO GOMES,PSOL,Deputado Estadual,306,7,2018
50234,MADALENA SILVA SANTOS,PSOL,Deputado Estadual,305,7,2018
25250,MILTON LEITE DA SILVA FILHO,DEM,Deputado Estadual,301,7,2018
17200,JULIO CÉSAR FRANCISCO,PSL,Deputado Estadual,300,7,2018
17888,MARCELO CRISTIANO REIS,PSL,Deputado Estadual,295,7,2018
17967,ELAINE CRISTINA DO NASCIMENTO,PSL,Deputado Estadual,294,7,2018
13555,SIMÃO PEDRO CHIOVETTI,PT,Deputado Estadual,293,7,2018
11111,ANTONIO CARLOS ESPER CURIATI,PP,Deputado Estadual,288,7,2018
55190,ALVARO BATISTA CAMILO,PSD,Deputado Estadual,286,7,2018
17001,GABRIEL ROCHA MAZZALI,PSL,Deputado Estadual,280,7,2018
11000,KENNY PIRES MENDES,PP,Deputado Estadual,277,7,2018
17555,RICARDO AZEVEDO DA SILVA,PSL,Deputado Estadual,275,7,2018
30600,CECILIA CARMEN JACINTHO ANDRADE,NOVO,Deputado Estadual,273,7,2018
13222,ADRIANO DIOGO,PT,Deputado Estadual,271,7,2018
13711,ORLANDO MAURÍCIO JÚNIOR,PT,Deputado Estadual,267,7,2018
70456,CLÉLIA GOMES DA SILVA,AVANTE,Deputado Estadual,267,7,2018
43433,BRUNA HELENA SOUZA TEIXEIRA DE BARROS,PV,Deputado Estadual,263,7,2018
30500,SERGIO LUIZ VICTOR JUNIOR,NOVO,Deputado Estadual,260,7,2018
10777,VALÉRIA APARECIDA MESSIAS LIMA,PRB,Deputado Estadual,260,7,2018
40540,JOSÉ ANTONIO BARROS MUNHOZ,PSB,Deputado Estadual,256,7,2018
40300,GIL LANCASTER FRAZÃO DE MORÃES,PSB,Deputado Estadual,251,7,2018
50002,ALEXYA LUCAS EVANGELISTA SALVADOR,PSOL,Deputado Estadual,251,7,2018
77777,ALEXANDRE PEREIRA DA SILVA,SOLIDARIEDADE,Deputado Estadual,248,7,2018
17193,MARIO ANTONIO PIRES MORO,PSL,Deputado Estadual,245,7,2018
17900,JOSÉ ROBERTO BARBOSA DE SOUZA,PSL,Deputado Estadual,244,7,2018
15622,JOOJI HATO,MDB,Deputado Estadual,239,7,2018
30017,MARCO ANTONIO RIBEIRO FEITOSA,NOVO,Deputado Estadual,239,7,2018
13113,MARCIA APARECIDA OVEJANEDA LIA,PT,Deputado Estadual,230,7,2018
50450,DJALMA NERY FERREIRA NETO,PSOL,Deputado Estadual,229,7,2018
45151,JOSE CARLOS VAZ DE LIMA,PSDB,Deputado Estadual,223,7,2018
30037,JOSE RICARDO DE MORAES PINTO,NOVO,Deputado Estadual,221,7,2018
33300,ALEX BATISTA ROCHA,PMN,Deputado Estadual,221,7,2018
70000,SIRINEU DE ARAUJO SANTOS,AVANTE,Deputado Estadual,219,7,2018
13310,LUIZ CLAUDIO MARCOLINO,PT,Deputado Estadual,219,7,2018
13696,ALEXANDRE BREVIGLIERI ALVES CASTILHO,PT,Deputado Estadual,218,7,2018
40280,MARTA CRISTINA LEÃO FERREIRA DA CUNHA,PSB,Deputado Estadual,214,7,2018
17288,CRISTINA ALVES DE GODOY,PSL,Deputado Estadual,210,7,2018
12222,LUIZ EDUARDO ALMANÇA,PDT,Deputado Estadual,208,7,2018
18188,ADEMAR BUENO DA SILVA JÚNIOR,REDE,Deputado Estadual,205,7,2018
22444,JOSÉ PAGLIARINI FILHO,PR,Deputado Estadual,204,7,2018
30700,CICERO DE OLIVEIRA SALLES JUNIOR,NOVO,Deputado Estadual,197,7,2018
30007,ALEXANDRE GODINHO BERTONCELLO,NOVO,Deputado Estadual,190,7,2018
23623,ROBERTO TURCHI DE MORAIS,PPS,Deputado Estadual,186,7,2018
17218,CARMELIDIA BERTOLA,PSL,Deputado Estadual,183,7,2018
17997,EDUARDO KUPPER PACHECO DE AGUIRRE,PSL,Deputado Estadual,183,7,2018
30123,RAFAEL RIBEIRO ZUCCO,NOVO,Deputado Estadual,181,7,2018
30018,ROBERTA PINTO GRABERT,NOVO,Deputado Estadual,181,7,2018
13456,ELISABETH SAHÃO,PT,Deputado Estadual,180,7,2018
40777,ANDRÉ LUIS BUENO,PSB,Deputado Estadual,179,7,2018
55555,RITA DE CASSIA TRINCA PASSOS,PSD,Deputado Estadual,178,7,2018
51190,WILSON DE OLIVEIRA MORAIS,PATRI,Deputado Estadual,178,7,2018
17771,ELIVELTON ANTONIO WEIRICH,PSL,Deputado Estadual,176,7,2018
19019,BRAZ DOS SANTOS ADEGAS JUNIOR,PODE,Deputado Estadual,176,7,2018
22600,MARCOS MULLER,PR,Deputado Estadual,176,7,2018
17124,ADRIELE DOS SANTOS NASCIMENTO COSTA,PSL,Deputado Estadual,175,7,2018
23456,FERNANDO HENRIQUE CURY,PPS,Deputado Estadual,175,7,2018
17102,FABIANA DE CARVALHO MARINHO,PSL,Deputado Estadual,174,7,2018
17010,AGUSTIN FRANCISCO CARBALLO,PSL,Deputado Estadual,173,7,2018
30010,MONICA RAMIRES FERRAZ CURY,NOVO,Deputado Estadual,171,7,2018
30030,PAULO EDUARDO ANDRADE ORTIZ,NOVO,Deputado Estadual,169,7,2018
17217,ALOISIO BUENO,PSL,Deputado Estadual,169,7,2018
22777,WILSON CALDEIRA PAIVA,PR,Deputado Estadual,167,7,2018
30777,MARCOS DA SILVA COSTA,NOVO,Deputado Estadual,166,7,2018
50069,HAILEY KAAS ALVES PEDRO DA SILVA,PSOL,Deputado Estadual,165,7,2018
17021,ANTONIO APARECIDO DELAFINA,PSL,Deputado Estadual,163,7,2018
17123,DANIELA ANCHÃO BRAGA,PSL,Deputado Estadual,161,7,2018
51699,PAULO ALVES CORRÊA JUNIOR,PATRI,Deputado Estadual,160,7,2018
20333,JUAREZ JUVÊNCIO DOS SANTOS,PSC,Deputado Estadual,160,7,2018
43001,EDSON DE OLIVEIRA GIRIBONI,PV,Deputado Estadual,159,7,2018
51500,MARCIO DENER CORAN,PATRI,Deputado Estadual,157,7,2018
45123,MAURÍCIO MENNA BARRETO GASPARINI,PSDB,Deputado Estadual,153,7,2018
13570,ALESSANDRA TRINDADE SHIMOMOTO,PT,Deputado Estadual,152,7,2018
13114,ENIO FRANCISCO TATTO,PT,Deputado Estadual,151,7,2018
17013,ANDREA SEIXAS,PSL,Deputado Estadual,147,7,2018
17017,MARCO ANTONIO CASALE,PSL,Deputado Estadual,145,7,2018
13139,SERGIO RIBEIRO SILVA,PT,Deputado Estadual,145,7,2018
13133,ALEX SANDRO GOMES,PT,Deputado Estadual,143,7,2018
30888,LUCIANA FONTES LAVIERI ALBERTO,NOVO,Deputado Estadual,142,7,2018
30005,EDUARDO LIMA DE SOUZA,NOVO,Deputado Estadual,141,7,2018
14444,ANTONIO JOAQUIM FERNANDES,PTB,Deputado Estadual,139,7,2018
23500,MAYRA ROSANNA GAMA DE ARAUJO SILVA DA COSTA,PPS,Deputado Estadual,138,7,2018
11011,EDUARDO BOIGUES QUEROZ,PP,Deputado Estadual,138,7,2018
20777,CELSO BRAZ DO NASCIMENTO,PSC,Deputado Estadual,136,7,2018
13333,ROBERTA MOREIRA LUCHSINGER,PT,Deputado Estadual,136,7,2018
17181,EDSON MIGUEL DA SILVA,PSL,Deputado Estadual,133,7,2018
14160,ROQUE BARBIERE,PTB,Deputado Estadual,133,7,2018
17890,DANIELA CRISTINA MIGUEL BRUZARROSCO,PSL,Deputado Estadual,130,7,2018
45610,HELIO NISHIMOTO,PSDB,Deputado Estadual,128,7,2018
30190,ISAAC JULIO BARRETO LOPES BITTENCOURT,NOVO,Deputado Estadual,128,7,2018
17711,FRANCISLAINE URQUIDI FARFAN VASSER,PSL,Deputado Estadual,128,7,2018
22223,MARIA JOSÉ PEREIRA DO AMARAL HUNGLAUB,PR,Deputado Estadual,124,7,2018
12122,ARI FRIEDENBACH,PDT,Deputado Estadual,123,7,2018
20200,FLÁVIA CAMARGO DA SILVA,PSC,Deputado Estadual,123,7,2018
43333,ULYSSES MARIO TASSINARI,PV,Deputado Estadual,123,7,2018
19008,JULIANA BUSSAB SCHULHOF,PODE,Deputado Estadual,122,7,2018
70577,EXPEDITO CARLOS DE SOUZA,AVANTE,Deputado Estadual,121,7,2018
30016,MARIA APARECIDA RORATO,NOVO,Deputado Estadual,121,7,2018
45600,CAROLINA DE MORAES PONTES,PSDB,Deputado Estadual,121,7,2018
30009,PEDRO PEDRAL VANIN,NOVO,Deputado Estadual,119,7,2018
40123,EDSON TOMAZINI,PSB,Deputado Estadual,118,7,2018
50333,LEONARDO MANOEL ALVES,PSOL,Deputado Estadual,117,7,2018
13111,NORMANDO COSTA DE ANDRADE FILHO,PT,Deputado Estadual,117,7,2018
45470,ANA CRISTINA DA SILVA COSTA,PSDB,Deputado Estadual,116,7,2018
40333,ANA CRISTINA GONÇALVES DE ABREU SOUZA,PSB,Deputado Estadual,116,7,2018
70190,RUBENS CLAUDIO SIQUEIRA NERI,AVANTE,Deputado Estadual,115,7,2018
45232,CARLOS EDUARDO PIGNATARI,PSDB,Deputado Estadual,114,7,2018
19777,GUILHERME DE ALES FERRAZ DA SILVA,PODE,Deputado Estadual,114,7,2018
17201,ALESSANDRA RUDOLPHO STRINGHETA BARBOSA,PSL,Deputado Estadual,114,7,2018
30060,SUSANA LAMBERT DE BRITO SILVA,NOVO,Deputado Estadual,114,7,2018
36013,TELISVALDO OLIVEIRA RIOS,PTC,Deputado Estadual,113,7,2018
50111,JORGE DAVID SALGADO,PSOL,Deputado Estadual,113,7,2018
40023,ORLANDO JOSÉ BOLÇONE,PSB,Deputado Estadual,111,7,2018
17086,CLOVIS FERREIRA DOS REIS JUNIOR,PSL,Deputado Estadual,110,7,2018
30530,SILVANA ALVES POLO BARONE,NOVO,Deputado Estadual,110,7,2018
45045,GUSTAVO MARTINELLI,PSDB,Deputado Estadual,110,7,2018
10333,ALTAIR MORAES DE OLIVEIRA,PRB,Deputado Estadual,109,7,2018
12812,ALLAN RODRIGO ALVES,PDT,Deputado Estadual,109,7,2018
17717,HAMILTON PROCÓPIO DOS SANTOS NETTO,PSL,Deputado Estadual,108,7,2018
22700,ANTONIO PADRON NETO,PR,Deputado Estadual,107,7,2018
45555,CASSIO DE CASTRO NAVARRO,PSDB,Deputado Estadual,107,7,2018
17333,ALEXANDRE SAID BUSSAB,PSL,Deputado Estadual,106,7,2018
19133,BRUNO HIDEO OMORI,PODE,Deputado Estadual,106,7,2018
40100,ROBERTO CARVALHO ENGLER PINTO,PSB,Deputado Estadual,106,7,2018
30350,ROGERIO SILVA DE SOUZA,NOVO,Deputado Estadual,106,7,2018
77147,GEORGES HABIB JARROUGE,SOLIDARIEDADE,Deputado Estadual,103,7,2018
31299,PAULO SÉRGIO RODRIGUES DA SILVA,PHS,Deputado Estadual,102,7,2018
55000,GUSTAVO RAMOS PERISSINOTTO,PSD,Deputado Estadual,102,7,2018
33633,GERALDO DA SILVA MAIA FILHO,PMN,Deputado Estadual,102,7,2018
12123,LUIZ DE MOURA PEREIRA,PDT,Deputado Estadual,102,7,2018
55055,RENATO PUPO DE PAULA,PSD,Deputado Estadual,101,7,2018
17444,EVERTON LUIZ FERNANDES SODARIO RAIMUNDO,PSL,Deputado Estadual,101,7,2018
22599,CRISTIANY DE CASTRO,PR,Deputado Estadual,100,7,2018
70004,MARCELO DA SILVA VIEIRA,AVANTE,Deputado Estadual,100,7,2018
50222,MAIRA MACHADO RODRIGUES,PSOL,Deputado Estadual,97,7,2018
15500,MARIA DO CARMO GUILHERME,MDB,Deputado Estadual,97,7,2018
17002,RICARDO SICCHIERO,PSL,Deputado Estadual,97,7,2018
17077,CAIO TOSHIO TAKEDA,PSL,Deputado Estadual,96,7,2018
15051,LEONARDO FRANCISCO SAMPAIO DE SOUZA FILHO,MDB,Deputado Estadual,96,7,2018
45680,CARLA SARDANO MORANDO,PSDB,Deputado Estadual,95,7,2018
19190,LUCIANO GALESCO,PODE,Deputado Estadual,95,7,2018
16666,JOSE DIAS DE FREITAS JUNIOR,PSTU,Deputado Estadual,95,7,2018
17600,MARCOS FERNANDO PORTELLA FONTES,PSL,Deputado Estadual,94,7,2018
15154,RAFAEL LUIZ PAVARINI DE CAMARGO,MDB,Deputado Estadual,93,7,2018
45745,JOSÉ MARIO BRASILIENSE CARNEIRO,PSDB,Deputado Estadual,92,7,2018
50050,ANITA DE GUSMÃO DAMIÃO,PSOL,Deputado Estadual,91,7,2018
14111,EDILSON GUARNIERI,PTB,Deputado Estadual,90,7,2018
51222,ENIVALDO LEITE,PATRI,Deputado Estadual,90,7,2018
12321,PEDRO ANTONIO BIGARDI,PDT,Deputado Estadual,89,7,2018
50550,RAUL MARCELO DE SOUZA,PSOL,Deputado Estadual,89,7,2018
40610,DHONY OLIVEIRA SOUZA,PSB,Deputado Estadual,89,7,2018
55030,LUCIANO ANDRÉ RODRIGUES,PSD,Deputado Estadual,89,7,2018
19619,LUIS HENRIQUE DOS SANTOS MOREIRA,PODE,Deputado Estadual,88,7,2018
50444,ADEMILSON MIGUEL FERNANDES,PSOL,Deputado Estadual,88,7,2018
13134,LUIZ FERNANDO TEIXEIRA FERREIRA,PT,Deputado Estadual,87,7,2018
30330,MOISES BENEDITO ROSSI DA CUNHA,NOVO,Deputado Estadual,87,7,2018
40080,SUELY VILELA,PSB,Deputado Estadual,86,7,2018
25777,DANIELE ALVES DO AMPARO SOARES,DEM,Deputado Estadual,86,7,2018
45222,ANTONIO DA ROCHA MARMO CEZAR,PSDB,Deputado Estadual,85,7,2018
30400,ELIANA PRADO DE AZEVEDO,NOVO,Deputado Estadual,85,7,2018
30789,EDUARDO AUGUSTO RISSI,NOVO,Deputado Estadual,84,7,2018
65456,MARCIO JUNIOR BRIANES,PC do B,Deputado Estadual,84,7,2018
50130,LEANDRO MOREIRA GONÇALVES,PSOL,Deputado Estadual,83,7,2018
30001,PAULO ROGERIO DENONI,NOVO,Deputado Estadual,83,7,2018
17040,LUIZ CARLOS DE PAULA,PSL,Deputado Estadual,82,7,2018
17187,AGEU DA CRUZ ALMEIDA,PSL,Deputado Estadual,82,7,2018
45450,MARCUS MACEDO,PSDB,Deputado Estadual,81,7,2018
13122,JOSÉ CARLOS DE AQUINO,PT,Deputado Estadual,80,7,2018
50300,JOAO LUIS DIAS ZAFALAO,PSOL,Deputado Estadual,80,7,2018
45845,THIAGO ANTUNES CAVALCA REIS LOBO,PSDB,Deputado Estadual,80,7,2018
45445,MICHELLI VENEZIANI DA SILVA,PSDB,Deputado Estadual,79,7,2018
50005,TAMIRES DE SOUSA ARANTES,PSOL,Deputado Estadual,78,7,2018
17012,WILSON CLAUDIO DE OLIVEIRA,PSL,Deputado Estadual,78,7,2018
10999,FRANCISCO JOSÉ LANG FERNANDES DE OLIVEIRA,PRB,Deputado Estadual,77,7,2018
22123,RICARDO ROSSI MADALENA,PR,Deputado Estadual,77,7,2018
16001,ABEL BARRETO,PSTU,Deputado Estadual,77,7,2018
90790,ADEILDO REIS DOS SANTOS,PROS,Deputado Estadual,77,7,2018
15022,ANGELA OROSCO DE MELO,MDB,Deputado Estadual,76,7,2018
45111,MARCO ANTONIO SCARASATI VINHOLI,PSDB,Deputado Estadual,76,7,2018
54999,RONALDO BARROS DE OLIVEIRA,PPL,Deputado Estadual,76,7,2018
22333,LAERTE SONSIN JUNIOR,PR,Deputado Estadual,75,7,2018
17050,CLAUDINEI FERREIRA SOARES,PSL,Deputado Estadual,75,7,2018
22196,SILVIO AMARAL SOARES,PR,Deputado Estadual,75,7,2018
40500,RAFAEL ANTONIO DA SILVA,PSB,Deputado Estadual,75,7,2018
22678,JULIO CESAR LOPES FUDA,PR,Deputado Estadual,75,7,2018
22322,DANIELE MAZUQUELI ALONSO,PR,Deputado Estadual,74,7,2018
14777,LUIZ CARLOS GONDIM TEIXEIRA,PTB,Deputado Estadual,74,7,2018
18000,DANIEL DA ROCHA MARTINI,REDE,Deputado Estadual,74,7,2018
12118,ALEXANDRE REGINATO ACEDO,PDT,Deputado Estadual,74,7,2018
45125,MAURO BRAGATO,PSDB,Deputado Estadual,74,7,2018
45545,JOBERT ALEXANDRINO,PSDB,Deputado Estadual,73,7,2018
17345,MARTA MAITÊ SEVILLANO,PSL,Deputado Estadual,73,7,2018
18333,BIANCA ZEITOUN OGLOUYAN,REDE,Deputado Estadual,73,7,2018
13770,ANGELA CAMARGO SPINELI,PT,Deputado Estadual,73,7,2018
17196,ALEIXO ANDRE MANOEL NETO,PSL,Deputado Estadual,73,7,2018
33233,ADIENE CRISTINA SCAREL BRENGA,PMN,Deputado Estadual,72,7,2018
10321,SEBASTIÃO DOS SANTOS FILHO,PRB,Deputado Estadual,72,7,2018
40456,JOÃO CARLOS CARAMEZ,PSB,Deputado Estadual,72,7,2018
18001,HENRIQUE CROISFELTS,REDE,Deputado Estadual,72,7,2018
40888,EMILIANO ZAPATA FERREIRA MARCELINO SILVA,PSB,Deputado Estadual,72,7,2018
18318,HÁDIA CHRISTINY AMORIM ARAÚJO FEITOSA,REDE,Deputado Estadual,72,7,2018
15115,SANZIO RODRIGUES DA SILVA,MDB,Deputado Estadual,71,7,2018
14190,MARCOS ROGERIO MANTEIGA,PTB,Deputado Estadual,71,7,2018
31019,JULIANA AVEIRO,PHS,Deputado Estadual,71,7,2018
43135,JOSÉ AFONSO LOBATO,PV,Deputado Estadual,71,7,2018
20123,GUILHERME CESAR ZAFANI,PSC,Deputado Estadual,70,7,2018
12444,AGAMENON ALVES DA SILVA,PDT,Deputado Estadual,70,7,2018
19123,PEDRO MASSAMI KIKUDOME,PODE,Deputado Estadual,70,7,2018
51051,JAMIL AKIO ONO,PATRI,Deputado Estadual,70,7,2018
27232,JOSÉ ROBERTO ARAUJO SOUZA,DC,Deputado Estadual,70,7,2018
55133,JULIANA VIGGIANI VALIO BORGES,PSD,Deputado Estadual,70,7,2018
13670,EDMILSON SOUZA SANTOS,PT,Deputado Estadual,70,7,2018
45100,CAIO MARCIO VIOTTO COUBE,PSDB,Deputado Estadual,69,7,2018
30444,EDUARDO HERNANDES DOMINGUES,NOVO,Deputado Estadual,69,7,2018
45345,RAUL CHRISTIANO DE OLIVEIRA SANCHEZ,PSDB,Deputado Estadual,68,7,2018
22019,GUIOMAR HOFFMAN,PR,Deputado Estadual,68,7,2018
17037,ALEXANDRO DOS SANTOS TIMÓTEO,PSL,Deputado Estadual,68,7,2018
13500,LUZIA JOSÉ DOS SANTOS VECCHIATTI,PT,Deputado Estadual,67,7,2018
17712,ANDREA JOSIANE PINTO NAKASASSU,PSL,Deputado Estadual,67,7,2018
18999,CRISTIANE BRANDÃO DOS SANTOS,REDE,Deputado Estadual,67,7,2018
50500,RENATO BENTO LUIZ,PSOL,Deputado Estadual,67,7,2018
90235,EDSON FERRARINI,PROS,Deputado Estadual,67,7,2018
45855,ELISSANDRO MARCIO SILVA LINDOSO,PSDB,Deputado Estadual,67,7,2018
15555,JULIANO JUN ABE,MDB,Deputado Estadual,67,7,2018
22193,LUIZ CARLOS DOS SANTOS CAMINO,PR,Deputado Estadual,66,7,2018
19999,RICARDO FABRIZIO PACHECO DE OLIVEIRA,PODE,Deputado Estadual,66,7,2018
31043,JUAREZ SOLANA DE FREITAS,PHS,Deputado Estadual,66,7,2018
17798,LUIZ EDUARDO SCAFF,PSL,Deputado Estadual,66,7,2018
17300,TELMA ANGELICA MARIA CHRISTIANSEN,PSL,Deputado Estadual,65,7,2018
30080,INGRID MIRIA FRARE,NOVO,Deputado Estadual,65,7,2018
50019,RONALDO DA CRUZ BRAGANÇA,PSOL,Deputado Estadual,65,7,2018
70100,WILLIAM ALI CHAIM,AVANTE,Deputado Estadual,65,7,2018
20000,EBENEZÉ FRANCISCO DE PAULA,PSC,Deputado Estadual,65,7,2018
50650,ANTONIO BIAGIO VESPOLI,PSOL,Deputado Estadual,65,7,2018
40321,RODOLFO HESSEL FANGANIELLO,PSB,Deputado Estadual,65,7,2018
19773,MARCELLO MAZARIO COSTA,PODE,Deputado Estadual,65,7,2018
13011,MARIO MAURICI DE LIMA MORAIS,PT,Deputado Estadual,64,7,2018
22999,ANDRÉ LUIS DO PRADO,PR,Deputado Estadual,64,7,2018
25000,MARIANA PRADO NEVES DE OLIVEIRA ALVES,DEM,Deputado Estadual,64,7,2018
17027,VICTOR FERNANDES PEREIRA PANCHORRA,PSL,Deputado Estadual,63,7,2018
19899,LUIS DONIZETTI VAZ JUNIOR,PODE,Deputado Estadual,63,7,2018
12121,MARLI SILVA PEREIRA,PDT,Deputado Estadual,62,7,2018
45500,DEBORA MARCONDES SILVA,PSDB,Deputado Estadual,62,7,2018
44003,ABIGAIL BENTO DA SILVA,PRP,Deputado Estadual,62,7,2018
40140,NELSON DIMAS BRAMBILLA,PSB,Deputado Estadual,62,7,2018
45455,GILMAR DA SILVA GIMENES,PSDB,Deputado Estadual,61,7,2018
22022,FRANCISCO ROSSI DE ALMEIDA,PR,Deputado Estadual,61,7,2018
30022,WILSON DE MELLO JUNIOR,NOVO,Deputado Estadual,60,7,2018
13124,MARIA IZABEL BEZERRA DE SÁ,PT,Deputado Estadual,60,7,2018
22035,MAURO ALVES DOS SANTOS JUNIOR,PR,Deputado Estadual,60,7,2018
12011,ALEXANDRIA BUENO DA SILVA,PDT,Deputado Estadual,60,7,2018
23789,EDNA FLOR,PPS,Deputado Estadual,60,7,2018
13777,CLAUDIO APARECIDO DA SILVA,PT,Deputado Estadual,59,7,2018
22888,GRACIELA DE LOURDES DAVID AMBRÓSIO,PR,Deputado Estadual,59,7,2018
22225,ANTONIO DE PADUA PACHECO,PR,Deputado Estadual,59,7,2018
45477,ROBERTO MASSAFERA,PSDB,Deputado Estadual,59,7,2018
40404,NILTON ROBERTO MARTINES,PSB,Deputado Estadual,59,7,2018
17008,EDUARDO FRANCISCO DE MELO,PSL,Deputado Estadual,59,7,2018
12190,APARECIDO CARLOS LEANDRO,PDT,Deputado Estadual,59,7,2018
44000,REGINALDO PUGAS,PRP,Deputado Estadual,58,7,2018
11222,FABIO SARTORI MANFRINATO,PP,Deputado Estadual,58,7,2018
77111,GERALDO PEREIRA DE OLIVEIRA,SOLIDARIEDADE,Deputado Estadual,57,7,2018
30555,FELIPE LUIZ DE OLIVEIRA,NOVO,Deputado Estadual,57,7,2018
65192,JEFFERSON ERECY SANTOS,PC do B,Deputado Estadual,57,7,2018
51000,SERGIO ANTONIO NECHAR,PATRI,Deputado Estadual,57,7,2018
20147,ANISTALDO LUIZ LOPES DA SILVA,PSC,Deputado Estadual,57,7,2018
15021,LUIZ MANOEL FRANCISCO,MDB,Deputado Estadual,56,7,2018
45157,SANDRA CRISTINA LEITE SANTANA,PSDB,Deputado Estadual,55,7,2018
30222,RAPHAELA DE AZEVEDO GAETA,NOVO,Deputado Estadual,55,7,2018
17207,KELLY DOS SANTOS BRITO,PSL,Deputado Estadual,55,7,2018
90440,DANIEL GIROTTO,PROS,Deputado Estadual,55,7,2018
22000,GILBERTO BENZI,PR,Deputado Estadual,55,7,2018
70026,ROGÉRIO APARECIDO GOMES PIRES,AVANTE,Deputado Estadual,54,7,2018
22400,LUCIANO BATISTA,PR,Deputado Estadual,54,7,2018
22122,ANDREIA LUCIA GONÇALVES DA SILVA,PR,Deputado Estadual,54,7,2018
77192,NIVALDO LUIS RODRIGUES,SOLIDARIEDADE,Deputado Estadual,53,7,2018
55855,LIVIO ANTONIO GIOSA,PSD,Deputado Estadual,53,7,2018
31322,VALDIRENY DE MIRA DA SILVA,PHS,Deputado Estadual,53,7,2018
45333,CARLOS CESAR ARCOLINO,PSDB,Deputado Estadual,53,7,2018
18123,ALOISIO CALSONI BOZZINI,REDE,Deputado Estadual,53,7,2018
33333,CARLOS EDUARDO DA SILVA,PMN,Deputado Estadual,53,7,2018
22018,ADÃO TIMÓTEO DE LIMA,PR,Deputado Estadual,52,7,2018
10456,EDNA BEZERRA SAMPAIO FERNANDES,PRB,Deputado Estadual,52,7,2018
45780,MARCOS ANTONIO ZERBINI,PSDB,Deputado Estadual,52,7,2018
17117,JOSÉ DE LIMA OLIVEIRA JUNIOR,PSL,Deputado Estadual,51,7,2018
31025,JOSE CARLOS CAETANO,PHS,Deputado Estadual,51,7,2018
17195,ANDRÉ LUIS SIQUEIRA,PSL,Deputado Estadual,51,7,2018
50018,MAYKON RODRIGUES DOS SANTOS,PSOL,Deputado Estadual,50,7,2018
45114,MARIA LUCIA CARDOSO PINTO AMARY,PSDB,Deputado Estadual,50,7,2018
30999,MAURICIO CARLOS EGYDIO,NOVO,Deputado Estadual,50,7,2018
17011,PAULO SERGIO MOREIRA MELLO,PSL,Deputado Estadual,50,7,2018
90822,HERALDO LOPES GUIMARÃES,PROS,Deputado Estadual,50,7,2018
19197,SANDRA LANDIOZE CAPUCHO,PODE,Deputado Estadual,49,7,2018
22001,ODIR JOÃO DEMARCHI,PR,Deputado Estadual,49,7,2018
22522,MARCELO MANFRIM,PR,Deputado Estadual,49,7,2018
22220,ADRIANA RAMOS AFONSO EL RIFAI,PR,Deputado Estadual,49,7,2018
77747,CARLOS VICENTE DE OLIVEIRA,SOLIDARIEDADE,Deputado Estadual,49,7,2018
45456,MARCIO CESAR DE CAMARGO,PSDB,Deputado Estadual,48,7,2018
20690,EDIVALDO MARCELO ABENÇOADO DOS SANTOS LEAL,PSC,Deputado Estadual,48,7,2018
43010,CÉLIA CANDIDA MARCONDES SMITH,PV,Deputado Estadual,48,7,2018
51599,MARCIO XAVIER DA SILVA,PATRI,Deputado Estadual,48,7,2018
13100,GARRY DERALUS,PT,Deputado Estadual,48,7,2018
55800,RAFAEL GANZERLI AUAD,PSD,Deputado Estadual,48,7,2018
30033,JAIRO MATHEOS FILHO,NOVO,Deputado Estadual,48,7,2018
22011,GINO JOSÉ TORREZAN,PR,Deputado Estadual,47,7,2018
70670,WALTER PEREIRA FERREIRA,AVANTE,Deputado Estadual,47,7,2018
21100,ERNESTO FREIRE PICHLER,PCB,Deputado Estadual,47,7,2018
19910,ERNESTO TEIXEIRA DA CUNHA,PODE,Deputado Estadual,47,7,2018
17085,BIANCA CASALE,PSL,Deputado Estadual,46,7,2018
40789,VINICIUS ALMEIDA CAMARINHA,PSB,Deputado Estadual,46,7,2018
55155,MARINA JAYME DE MELO CARDINALI,PSD,Deputado Estadual,45,7,2018
40222,ROBERTO YOSHIHIRO SEKIYA,PSB,Deputado Estadual,45,7,2018
30808,PAULO FORTES DIAS DE SOUZA,NOVO,Deputado Estadual,45,7,2018
13690,LUIZ MARTINO TURCO,PT,Deputado Estadual,44,7,2018
13121,EUGENIO SAID,PT,Deputado Estadual,44,7,2018
45678,GILSON ALMEIDA BARRETO JUNIOR,PSDB,Deputado Estadual,44,7,2018
43777,CAIO CESAR MACHADO DA CUNHA,PV,Deputado Estadual,44,7,2018
40440,FÁBIO ALEXANDRE DE ARAÚJO NUNES,PSB,Deputado Estadual,44,7,2018
43666,ANA DA SILVA FERNANDES,PV,Deputado Estadual,44,7,2018
31500,VALDECIR APARECIDO DO NASCIMENTO,PHS,Deputado Estadual,44,7,2018
13200,WAGNER OCIMAR BALIEIRO,PT,Deputado Estadual,43,7,2018
17018,HAROLDO DE SÁ QUARTIM BARBOSA FILHO,PSL,Deputado Estadual,43,7,2018
65790,JOAQUIM TEODORO GOMA,PC do B,Deputado Estadual,43,7,2018
22007,RODRIGO DE ALMEIDA SOUZA,PR,Deputado Estadual,43,7,2018
40001,LUIS CLAUDIO LAPENA BARRETO,PSB,Deputado Estadual,43,7,2018
17778,CLAUDIA SANTOS LEAL,PSL,Deputado Estadual,43,7,2018
15123,OCIMAR DONIZETI LEO OLIVEIRA,MDB,Deputado Estadual,42,7,2018
31131,EDSON SATORU SAKASHITA,PHS,Deputado Estadual,42,7,2018
55123,RENATA LEMES DE PAIVA MENDES DA COSTA,PSD,Deputado Estadual,42,7,2018
45789,WILSON ALVES DAMASCENO,PSDB,Deputado Estadual,42,7,2018
40040,REGIS LEANDRO YASUMURA,PSB,Deputado Estadual,42,7,2018
35100,ALESSANDRA VICENTE SILVERIO,PMB,Deputado Estadual,41,7,2018
17911,ROBERTO DE LIMA FERNANDES,PSL,Deputado Estadual,41,7,2018
30077,JOSE EUGENIO FIGUEIREDO,NOVO,Deputado Estadual,41,7,2018
31111,BRUNO CESAR ANDRELLO STIPPE,PHS,Deputado Estadual,41,7,2018
22013,JOSÉ CARLOS DE ALMEIDA,PR,Deputado Estadual,41,7,2018
18018,GIOVANNI VILLIUS RIGHETTO MOCKUS,REDE,Deputado Estadual,40,7,2018
13513,ALOISIO GAMA DE SANTANA,PT,Deputado Estadual,40,7,2018
43100,CELINA HARUMI NISHIZAWA,PV,Deputado Estadual,39,7,2018
22202,CAIO CESAR ALVARES LORO NETTO,PR,Deputado Estadual,39,7,2018
13800,JORGE DO CARMO SILVA,PT,Deputado Estadual,39,7,2018
22911,HELIO VENANCIO FERREIRA,PR,Deputado Estadual,39,7,2018
65369,ALBERTO DE SOUZA GOMES,PC do B,Deputado Estadual,39,7,2018
17789,MARCOS ANTONIO RIBEIRO FARTO,PSL,Deputado Estadual,39,7,2018
17088,BRUNO CAMILO DA SILVA,PSL,Deputado Estadual,39,7,2018
13613,PAULO ROBERTO FIORILO,PT,Deputado Estadual,38,7,2018
13313,RENATO MORENI AIRES DA SILVA,PT,Deputado Estadual,38,7,2018
18321,INGRID JULIANE DOS SANTOS FERREIRA,REDE,Deputado Estadual,38,7,2018
12456,DIOGENES BRANCO DE ANDRADE,PDT,Deputado Estadual,38,7,2018
90555,LERYANE MARQUES DE ARAUJO BLASZKOWSKI,PROS,Deputado Estadual,37,7,2018
13110,TEONILIO MONTEIRO DA COSTA,PT,Deputado Estadual,37,7,2018
40004,ANGELO JOSÉ LEITE CARDOSO COELHO,PSB,Deputado Estadual,37,7,2018
50420,ELY ITO RODRIGUES,PSOL,Deputado Estadual,37,7,2018
51515,SILNEY MARCOS BERALDO,PATRI,Deputado Estadual,37,7,2018
15113,ADRIANA PAULA HORTENCIANO,MDB,Deputado Estadual,37,7,2018
50077,CÁSSIO ALBERTO DO NASCIMENTO,PSOL,Deputado Estadual,37,7,2018
15015,ENYO DAURO LEPOS CORREIA,MDB,Deputado Estadual,36,7,2018
31017,KELLY CEZARIO ESTEFANO AFONSO DA SILVA,PHS,Deputado Estadual,36,7,2018
40150,BASÍLIO ZECCHINI FILHO,PSB,Deputado Estadual,36,7,2018
65340,ADRIANA CARDOSO AZEVEDO PERMINIO,PC do B,Deputado Estadual,36,7,2018
45700,JOSE ANTONIO DE ANGELIS,PSDB,Deputado Estadual,35,7,2018
30456,JOSE LUIZ PINTO DE MIRANDA,NOVO,Deputado Estadual,35,7,2018
10100,AILDO RODRIGUES FERREIRA,PRB,Deputado Estadual,35,7,2018
40180,LUCIANA TRINDADE DE MACEDO,PSB,Deputado Estadual,35,7,2018
13213,SIDNEI LUIZ MENESES ROSA,PT,Deputado Estadual,34,7,2018
13300,CLAUDIO MARQUES DA SILVA,PT,Deputado Estadual,34,7,2018
19888,RAUL APARECIDO GONÇALVES PAULA,PODE,Deputado Estadual,34,7,2018
12777,THYAGO CEZAR,PDT,Deputado Estadual,34,7,2018
12333,VALDOMIRO NUNES DE QUEIROS,PDT,Deputado Estadual,34,7,2018
77377,SÔNIA MARIA ESTEVES DOS SANTOS SOUSA,SOLIDARIEDADE,Deputado Estadual,34,7,2018
51153,ADRIANA ALVES DE OLIVEIRA,PATRI,Deputado Estadual,33,7,2018
51155,JORGE DE FREITAS,PATRI,Deputado Estadual,33,7,2018
13021,SIMONE DINIZ DI STADIO DE ARAUJO,PT,Deputado Estadual,33,7,2018
13016,ROBERTO SAMPAIO GÂNDARA JÚNIOR,PT,Deputado Estadual,33,7,2018
43999,VERA LÚCIA DA SILVA VENTURA,PV,Deputado Estadual,33,7,2018
54019,HELITON ESCORPELI,PPL,Deputado Estadual,33,7,2018
17441,MEIRE LOPES,PSL,Deputado Estadual,33,7,2018
12767,STELLA TAVARES MACHADO,PDT,Deputado Estadual,33,7,2018
15588,APARECIDO SARAIVA DA ROCHA,MDB,Deputado Estadual,33,7,2018
50012,JESSICA MARQUES RIBEIRO,PSOL,Deputado Estadual,33,7,2018
15111,CRISTIANE FRIOLIM DAMASCENO,MDB,Deputado Estadual,33,7,2018
19977,FILIPE AUGUSTO FORNARI MONTANHOLI,PODE,Deputado Estadual,33,7,2018
12800,MIGUEL FRANCISCO DE LIMA,PDT,Deputado Estadual,32,7,2018
22192,ANA LÚCIA BATISTA PAVÃO,PR,Deputado Estadual,32,7,2018
18191,SILVIO DAMACENO SIMORA RIBEIRO,REDE,Deputado Estadual,32,7,2018
13666,ANDRÉ LUIZ COSTA DE OLIVEIRA,PT,Deputado Estadual,32,7,2018
13633,AGNELO DA SILVA MATOS NETO,PT,Deputado Estadual,32,7,2018
90500,SALOMAO PEREIRA DA SILVA,PROS,Deputado Estadual,32,7,2018
12200,FRANCISCO CARLOS SILVEIRA LEITE,PDT,Deputado Estadual,32,7,2018
14555,MARCO ANTONIO BITTENCOURT NOGUEIRA COBRA,PTB,Deputado Estadual,31,7,2018
22550,ADNA ANA SIQUEIRA TEIXEIRA,PR,Deputado Estadual,31,7,2018
14400,JAQUELINE LILIAN BARCELOS COUTINHO,PTB,Deputado Estadual,31,7,2018
18618,JOSÉ RUI CAMARGO,REDE,Deputado Estadual,31,7,2018
31007,LUIS FERNANDO QUINTEIRO DE SOUZA,PHS,Deputado Estadual,31,7,2018
65233,RUTE BARBOSA FERNANDES,PC do B,Deputado Estadual,30,7,2018
65678,RAFAEL TURRINI PURGATO,PC do B,Deputado Estadual,30,7,2018
12446,ANA CRISTINA AUGUSTA DA SILVA ENCARNAÇÃO,PDT,Deputado Estadual,30,7,2018
19027,AMERICO CICCONE NETO,PODE,Deputado Estadual,30,7,2018
55900,KARINA CARLA DA SILVA,PSD,Deputado Estadual,30,7,2018
20270,JOSE AUDIDUDIMA SALES DA SILVA,PSC,Deputado Estadual,30,7,2018
18800,ELTON TONY SOUZA PONDÉ COELHO,REDE,Deputado Estadual,30,7,2018
31555,EDICARLOS DE OLIVEIRA SANTOS,PHS,Deputado Estadual,29,7,2018
18543,CLAUDIO YUTAKA SUETU,REDE,Deputado Estadual,29,7,2018
51580,SIMONE APARECIDA SANTOS,PATRI,Deputado Estadual,29,7,2018
17022,VANESSA ALVES NASCIMENTO,PSL,Deputado Estadual,29,7,2018
13136,CÁSSIA APARECIDA JACINTHO LACERDA,PT,Deputado Estadual,29,7,2018
17321,LUIS ANTONIO DE LIMA CLEMENTE,PSL,Deputado Estadual,29,7,2018
10200,ELIAS REZEK AJUB,PRB,Deputado Estadual,29,7,2018
17005,MILTON LUIZ GEBIN CARDOSO,PSL,Deputado Estadual,29,7,2018
70060,PAULO HENRIQUE EVARISTO,AVANTE,Deputado Estadual,29,7,2018
51789,ADILSON EUGENIO DE LIMA,PATRI,Deputado Estadual,28,7,2018
13223,JOZY ELLEN DIAS SOUZA DE LEMOS,PT,Deputado Estadual,28,7,2018
77123,DAVID MARTINS DE CARVALHO,SOLIDARIEDADE,Deputado Estadual,28,7,2018
13290,HAMILTON PEREIRA,PT,Deputado Estadual,28,7,2018
25100,ROGÉRIO ANTÔNIO FURTADO BARROS,DEM,Deputado Estadual,28,7,2018
50001,ALEXANDRE PINHEIRO COSTA,PSOL,Deputado Estadual,28,7,2018
25199,ESTEVAM GALVÃO DE OLIVEIRA,DEM,Deputado Estadual,28,7,2018
23111,ANTONIO CLAUDIO FLORES PITERI,PPS,Deputado Estadual,27,7,2018
31800,JOSE ARIVALDO RODRIGUES,PHS,Deputado Estadual,27,7,2018
12640,JOSÉ MARCIO DE SOUZA CANDIDO,PDT,Deputado Estadual,27,7,2018
19018,RAPHAEL MARCO BLECH HAMAOUI,PODE,Deputado Estadual,27,7,2018
22321,WALTER ABRAHÃO FILHO,PR,Deputado Estadual,27,7,2018
90764,ANDREA DUL,PROS,Deputado Estadual,27,7,2018
19998,LEANDRO CALDEIRA NAVA,PODE,Deputado Estadual,26,7,2018
50678,ANDRÉ SAPANOS DE CARVALHO,PSOL,Deputado Estadual,26,7,2018
19199,MARCIO PASCHOAL GIUDICIO,PODE,Deputado Estadual,26,7,2018
77100,TELMA REGINA DA CUNHA GOBBI FRANCISCHONE,SOLIDARIEDADE,Deputado Estadual,26,7,2018
23222,PAULO ANDRE BERTONE FANECO,PPS,Deputado Estadual,26,7,2018
17291,AILTON JOSÉ DOS SANTOS,PSL,Deputado Estadual,26,7,2018
10444,MARCO AURÉLIO PEGOLO DOS SANTOS,PRB,Deputado Estadual,26,7,2018
11057,MARTA DE PAULA TEIXEIRA DI PIPI,PP,Deputado Estadual,26,7,2018
40111,GILMARA ALMEIDA GONÇALVES RIEVRS OLIVEIRA,PSB,Deputado Estadual,26,7,2018
40012,ANIZIA MOTTA DOS SANTOS LOURENÇO,PSB,Deputado Estadual,26,7,2018
50456,GISELE CRISTIANE VIEIRA,PSOL,Deputado Estadual,26,7,2018
90550,BENEDITA DE CAMARGO,PROS,Deputado Estadual,25,7,2018
50051,PALOMA APARECIDA SOARES,PSOL,Deputado Estadual,25,7,2018
13707,ABDAEL AMBRUSTER,PT,Deputado Estadual,25,7,2018
51015,DEUSAMAR SANTOS TEIXEIRA SALVADOR,PATRI,Deputado Estadual,25,7,2018
19119,GELSO APARECIDO DE LIMA,PODE,Deputado Estadual,25,7,2018
51888,LUCAS DE ASSIS COSTA,PATRI,Deputado Estadual,25,7,2018
23888,ALESSANDRA DE ASSIS BERRIEL,PPS,Deputado Estadual,25,7,2018
43015,JOÃO AMAURICIO PAULI,PV,Deputado Estadual,25,7,2018
44744,MARCELO EDUARDO AMICI JORGE,PRP,Deputado Estadual,25,7,2018
22722,PAULO ROBERTO DE QUEIROZ MOTTA,PR,Deputado Estadual,25,7,2018
23000,GUILHERME ANEDES SALLES MENDES,PPS,Deputado Estadual,25,7,2018
13562,MIRLEI ANTONIO CASALE,PT,Deputado Estadual,24,7,2018
51777,MARCO ANTONIO MAURO PORTELLA,PATRI,Deputado Estadual,24,7,2018
14340,CAROLINE DO AMPARO CERQUEIRA,PTB,Deputado Estadual,24,7,2018
30019,RODRIGO GONÇALVES,NOVO,Deputado Estadual,24,7,2018
13789,MARCELO SAMUEL DA COSTA,PT,Deputado Estadual,24,7,2018
45122,ANTONIO DE SOUSA RAMALHO,PSDB,Deputado Estadual,24,7,2018
12491,THIAGO DE LUCA SANT ANA RIBEIRO,PDT,Deputado Estadual,24,7,2018
50848,LUZIANE DIAS SIMÃO,PSOL,Deputado Estadual,24,7,2018
40010,HUGO DO PRADO SANTOS,PSB,Deputado Estadual,24,7,2018
17257,SERGIO GRESSENS BRANDÃO,PSL,Deputado Estadual,23,7,2018
90990,RICARDO LEITE,PROS,Deputado Estadual,23,7,2018
17202,CLEONICE APARECIDA PEREIRA DA SILVA,PSL,Deputado Estadual,23,7,2018
22055,MARCOS TADEU VILALTA,PR,Deputado Estadual,23,7,2018
19444,FAUSTO SALVADOR PERES,PODE,Deputado Estadual,23,7,2018
19714,JOSÉ APRIGIO DA SILVA,PODE,Deputado Estadual,23,7,2018
17400,JOSÉ EDILSON DE SOUZA,PSL,Deputado Estadual,23,7,2018
43043,HERNANDO MAURO DIÓGENES DE AQUINO,PV,Deputado Estadual,23,7,2018
45444,FHIAMA RAQUEL BISPO DE SOUZA,PSDB,Deputado Estadual,23,7,2018
65038,ADRIANA COELHO DE OLIVEIRA,PC do B,Deputado Estadual,23,7,2018
13367,AILTON FRANCISCO CABRAL,PT,Deputado Estadual,23,7,2018
13090,WANDA DE OLIVEIRA FERREIRA,PT,Deputado Estadual,23,7,2018
19333,ANIBAL DE FREITAS FILHO,PODE,Deputado Estadual,22,7,2018
13888,JOSILDA DE ARAÚJO CABRAL DO NASCIMENTO,PT,Deputado Estadual,22,7,2018
15215,CLEONICE REGINALDA FURQUIM,MDB,Deputado Estadual,22,7,2018
31455,EDSON FUZARO DE CASTRO,PHS,Deputado Estadual,22,7,2018
12120,DILSON FRANCISCO FLORIANO,PDT,Deputado Estadual,22,7,2018
33056,PAULO MASSARELLI,PMN,Deputado Estadual,22,7,2018
33661,IRENILDA APARECIDA MARIA FRANCISCO,PMN,Deputado Estadual,22,7,2018
12001,SOLANGE MARIA TEODORO,PDT,Deputado Estadual,22,7,2018
18118,JAMES PRADO GONDIM,REDE,Deputado Estadual,22,7,2018
13444,JOÃO BATISTA PINHEIRO SANTOS FILHO,PT,Deputado Estadual,22,7,2018
43369,ORLANDO COUTO JUNIOR,PV,Deputado Estadual,22,7,2018
17330,JOSÉ DE SOUZA JUNIOR,PSL,Deputado Estadual,22,7,2018
22789,DANIEL ROSSI,PR,Deputado Estadual,22,7,2018
31456,JOÃO AGNALDO DONIZETI GANDINI,PHS,Deputado Estadual,22,7,2018
90194,ANDRÉA MARIA DOS SANTOS,PROS,Deputado Estadual,21,7,2018
12100,DIMAS DE PAULA INACIO,PDT,Deputado Estadual,21,7,2018
90333,ROBERTO BASTOS DE OLIVEIRA JUNIOR,PROS,Deputado Estadual,21,7,2018
33003,MÔNICA MARINA BONIFÁCIO MOSCHETTA,PMN,Deputado Estadual,21,7,2018
18777,NANCY DE FÁTIMA GOMES FELIX DA SILVEIRA,REDE,Deputado Estadual,21,7,2018
19193,ALEXANDRE TEIXEIRA,PODE,Deputado Estadual,21,7,2018
13560,LUIZ FERNANDO STOPPA,PT,Deputado Estadual,21,7,2018
12628,CINTIA APARECIDA DE MATOS,PDT,Deputado Estadual,21,7,2018
40505,FABRICIO AMARO ANDRADE,PSB,Deputado Estadual,21,7,2018
10133,JOSÉ DOMINGOS BITTENCOURT,PRB,Deputado Estadual,21,7,2018
13321,HERIVELTO DOS SANTOS MORAES,PT,Deputado Estadual,21,7,2018
40234,CAMILA CORREA MARINO,PSB,Deputado Estadual,21,7,2018
15777,DAURY DE PAULA JÚNIOR,MDB,Deputado Estadual,21,7,2018
12312,MARCIA APARECIDA MENDES,PDT,Deputado Estadual,21,7,2018
40780,JOSÉ AGRIPINO DA SILVA,PSB,Deputado Estadual,21,7,2018
19009,MARCOS PEIXOTO MELLO GONÇALVES,PODE,Deputado Estadual,20,7,2018
50190,BRUNO LOZZI DA COSTA,PSOL,Deputado Estadual,20,7,2018
14040,RICARDO MANOEL DE ALMEIDA,PTB,Deputado Estadual,20,7,2018
15023,EDSON COELHO ARAUJO FILHO,MDB,Deputado Estadual,20,7,2018
70066,CEZAR AUGUSTO DE SOUZA OLIVEIRA,AVANTE,Deputado Estadual,20,7,2018
31100,MARIO CESAR TRUNCI DE MARCO,PHS,Deputado Estadual,20,7,2018
17981,ANDREIA MONIQUE DOS SANTOS,PSL,Deputado Estadual,20,7,2018
51451,SAMIR AFONSO MARGONAR,PATRI,Deputado Estadual,20,7,2018
10111,WELLINGTON DE SOUZA MOURA,PRB,Deputado Estadual,20,7,2018
17765,JURACI DE OSTI LOPES,PSL,Deputado Estadual,20,7,2018
17153,ROBERTO FIGUEIREDO JUNIOR,PSL,Deputado Estadual,20,7,2018
27317,ISMAEL DA SILVA SOUZA,DC,Deputado Estadual,20,7,2018
43123,CÍCERA SEVERINA DA CONCEIÇÃO MUSA,PV,Deputado Estadual,20,7,2018
13913,CÁSSIA GONÇALVES DE JESUS,PT,Deputado Estadual,20,7,2018
12512,VAGNER APARECIDO MALHEIROS,PDT,Deputado Estadual,20,7,2018
19111,JOÃO JORGE FADEL FILHO,PODE,Deputado Estadual,20,7,2018
13356,MOHAMAD SAMI EL KADRI,PT,Deputado Estadual,20,7,2018
15515,NEHEMIAS DOMINGOS DE MELO,MDB,Deputado Estadual,19,7,2018
31001,IONITA DE OLIVEIRA KRUGNER,PHS,Deputado Estadual,19,7,2018
50321,ROSANA BIGNAMI,PSOL,Deputado Estadual,19,7,2018
90000,IOANNIS EVANGELOS KATSAKIS,PROS,Deputado Estadual,19,7,2018
15072,ALEXANDRE EURÍPEDES DOS SANTOS,MDB,Deputado Estadual,19,7,2018
77002,SIDNEY LUIZ DA CRUZ,SOLIDARIEDADE,Deputado Estadual,19,7,2018
19026,CLAUDIA ABREU SCHEFLER,PODE,Deputado Estadual,19,7,2018
14014,WELINGTON APARECIDO ALFREDO,PTB,Deputado Estadual,19,7,2018
70500,ALESSANDRO PEREIRA DOS SANTOS,AVANTE,Deputado Estadual,19,7,2018
40555,PAULO SERGIO BAPTISTA DE SOUZA,PSB,Deputado Estadual,19,7,2018
13116,NORMACI SOUSA SAMPAIO,PT,Deputado Estadual,19,7,2018
50518,CRISTIANE GANDOLFI,PSOL,Deputado Estadual,19,7,2018
17204,FABIO DUARTE JOANA,PSL,Deputado Estadual,19,7,2018
65007,MARISA APARECIDA DE SÁ LIMA,PC do B,Deputado Estadual,19,7,2018
31190,FERDINANDO AUGUSTO GALERA,PHS,Deputado Estadual,19,7,2018
31123,PAULO DE TARSO NUNES CHIODE,PHS,Deputado Estadual,19,7,2018
55125,MANOEL DAVID KORN DE CARVALHO,PSD,Deputado Estadual,19,7,2018
45121,VANESSA ORSINI,PSDB,Deputado Estadual,19,7,2018
31300,AILTON APARECIDO TIPÓ LAURINDO,PHS,Deputado Estadual,19,7,2018
10555,MÁRCIO JOSÉ DE OLIVEIRA,PRB,Deputado Estadual,19,7,2018
31313,ULISSES ROBERTO CORNAZZANI SALES,PHS,Deputado Estadual,19,7,2018
13933,EDUARDO DIAS DA CUNHA,PT,Deputado Estadual,19,7,2018
55500,MARCIA WALÉRIA NUNES DE OLIVEIRA DIAS,PSD,Deputado Estadual,18,7,2018
22100,LINO BISPO DA ROCHA,PR,Deputado Estadual,18,7,2018
51511,ITAMAR GONÇALVES,PATRI,Deputado Estadual,18,7,2018
70777,CAMILA PINTO DA SILVA,AVANTE,Deputado Estadual,18,7,2018
18889,SILVANA CORDELINI,REDE,Deputado Estadual,18,7,2018
15002,GLAUCIA ESTELA CAMARGO,MDB,Deputado Estadual,18,7,2018
12500,JOSÉ DE PAULA SANTOS,PDT,Deputado Estadual,18,7,2018
55023,FABIO CESAR SATO,PSD,Deputado Estadual,18,7,2018
50750,REJANE DE MOURA,PSOL,Deputado Estadual,18,7,2018
36000,LAURINDA VAZ DE LIMA,PTC,Deputado Estadual,18,7,2018
28123,GERALDO PEREIRA FILHO,PRTB,Deputado Estadual,17,7,2018
17071,ROBSON CLEITON DE AMORIM LUCENA,PSL,Deputado Estadual,17,7,2018
12221,REGIA MARIA GOUVEIA SARMENTO,PDT,Deputado Estadual,17,7,2018
19314,SIDNEI ROBERTSON CAMPERO,PODE,Deputado Estadual,17,7,2018
77001,ADEMIR DA PENHA CLEMENTE,SOLIDARIEDADE,Deputado Estadual,17,7,2018
13138,EDINALVA SILVA FRANCO,PT,Deputado Estadual,17,7,2018
18180,PAULO SERGIO CAMOLESI,REDE,Deputado Estadual,17,7,2018
51550,EDSON MACENO,PATRI,Deputado Estadual,17,7,2018
13900,EDISON LUÍS ALVES,PT,Deputado Estadual,17,7,2018
18475,SONIA APARECIDA CÂNDIDA BORGES,REDE,Deputado Estadual,17,7,2018
45633,AUGUSTO DUARTE MOREIRA NETO,PSDB,Deputado Estadual,17,7,2018
22111,LUIZ PAULO SALGADO,PR,Deputado Estadual,17,7,2018
65656,LUIS ALVES DE SOUZA,PC do B,Deputado Estadual,17,7,2018
40740,ADMIR DONIZETI FERRO,PSB,Deputado Estadual,17,7,2018
90004,SUELI HELENA RODRIGUES,PROS,Deputado Estadual,16,7,2018
19722,ASSAD FRANGIEH,PODE,Deputado Estadual,16,7,2018
90420,ALESSANDRA MARTINS GONÇALVES,PROS,Deputado Estadual,16,7,2018
90999,GIRLÊNIO GOMES DE OLIVEIRA,PROS,Deputado Estadual,16,7,2018
33033,FRANCISCO MARCOS IRAN AQUINO ROLIM,PMN,Deputado Estadual,16,7,2018
50010,GENIVAL CALIXTO DA COSTA,PSOL,Deputado Estadual,16,7,2018
15155,MIGUEL ARCANJO DE SOUSA,MDB,Deputado Estadual,16,7,2018
30234,ROBERTO CARLOS DE ALMEIDA,NOVO,Deputado Estadual,16,7,2018
12611,CAMILA VERONICA SPERANDIO DE ALMEIDA,PDT,Deputado Estadual,16,7,2018
13688,ENI FERNANDES,PT,Deputado Estadual,16,7,2018
15190,ALEXANDRE PIMENTA ARAUJO,MDB,Deputado Estadual,16,7,2018
54321,AMELIA RENATA MANARA DOMENI GASTI,PPL,Deputado Estadual,16,7,2018
65065,EDSON GOMES DA SILVA,PC do B,Deputado Estadual,16,7,2018
45005,CAROLINA FUNARI LUCIO,PSDB,Deputado Estadual,16,7,2018
45009,SANDRA MARIA ANDRADE DE ALMEIDA,PSDB,Deputado Estadual,16,7,2018
15863,TATIANE DA CRUZ,MDB,Deputado Estadual,16,7,2018
11258,MARCIO APARECIDO MARTINS,PP,Deputado Estadual,16,7,2018
23120,CHANG YUET JING LIN,PPS,Deputado Estadual,16,7,2018
31133,MARCO ANTONIO ZITO ALVARENGA,PHS,Deputado Estadual,16,7,2018
31551,ANDRESSA LUIZ MARTINS,PHS,Deputado Estadual,16,7,2018
90900,EDUARDO LUIZ GREGORIO,PROS,Deputado Estadual,16,7,2018
11023,EDUARDO VIEIRA PETROV,PP,Deputado Estadual,16,7,2018
17243,JULIO CÉSAR MORENO LEAL,PSL,Deputado Estadual,15,7,2018
45300,FABIANO ANDREY BERTAGNOLI TRIGO,PSDB,Deputado Estadual,15,7,2018
17753,CLAUDIO MAGNO DA SILVA,PSL,Deputado Estadual,15,7,2018
55333,PAULO ROBERTO DE CAMPOS,PSD,Deputado Estadual,15,7,2018
22455,CARLOS ROBERTO ROSSATO,PR,Deputado Estadual,15,7,2018
27768,MARCOS TADEU DA COSTA PACHECO,DC,Deputado Estadual,15,7,2018
51555,LUIS ROBERTO TAVARES,PATRI,Deputado Estadual,15,7,2018
90001,JOSELITO DE SOUSA LIMA,PROS,Deputado Estadual,15,7,2018
13147,GERALDO LEITE DA CRUZ,PT,Deputado Estadual,15,7,2018
31717,CRISTIANE FONTES DE CARVALHO NOGUEIRA,PHS,Deputado Estadual,15,7,2018
50690,CARLOS JOSE DA SILVA,PSOL,Deputado Estadual,15,7,2018
31034,ADILSON LUIZ DA CRUZ,PHS,Deputado Estadual,15,7,2018
12999,ADENILSON APARECIDO BARBOSA,PDT,Deputado Estadual,15,7,2018
13005,NOEMIA BENTO DE OLIVEIRA,PT,Deputado Estadual,15,7,2018
12348,SERGIO LUIZ FARAUDE,PDT,Deputado Estadual,15,7,2018
51737,LUIZ ALBERTO TEIXEIRA FERREIRA,PATRI,Deputado Estadual,15,7,2018
18918,PAULO DE ABREU LEME FILHO,REDE,Deputado Estadual,15,7,2018
40193,AMILTON PEREIRA BRITO,PSB,Deputado Estadual,15,7,2018
65030,NADIA MARIA AUGUSTA DE OLIVEIRA JOAQUIM,PC do B,Deputado Estadual,14,7,2018
17988,MIRTES DE CASTRO,PSL,Deputado Estadual,14,7,2018
70011,LUCIANO LIMA DE ANDRADE,AVANTE,Deputado Estadual,14,7,2018
19007,CYBELE DA SILVA,PODE,Deputado Estadual,14,7,2018
19020,RALFI RAFAEL DA SILVA,PODE,Deputado Estadual,14,7,2018
14222,ERICA VANESSA MANTOVANI,PTB,Deputado Estadual,14,7,2018
13331,RAIMUNDO BERNARDINO DO NASCIMENTO,PT,Deputado Estadual,14,7,2018
22191,EUCLYDES DIAS BUCHLER,PR,Deputado Estadual,14,7,2018
15698,MARTA HELENA FERREIRA BARBOSA,MDB,Deputado Estadual,14,7,2018
54051,BENEDITO HONORIO BARBOSA,PPL,Deputado Estadual,14,7,2018
17032,VÂNIA REGINA DE ALMEIDA,PSL,Deputado Estadual,14,7,2018
45007,WIVIANE MARIA SPAZIANI,PSDB,Deputado Estadual,14,7,2018
44144,DANIEL MATIAS DA SILVA,PRP,Deputado Estadual,14,7,2018
90511,KLEBER ADELIPIO BARROS SANTOS,PROS,Deputado Estadual,14,7,2018
19633,AMARILDO GONÇALVES,PODE,Deputado Estadual,14,7,2018
13002,ANTONIO AUGUSTO PORTO,PT,Deputado Estadual,14,7,2018
51045,CINTHIA FERNANDES BANDEIRA,PATRI,Deputado Estadual,14,7,2018
13008,JOAQUIM MISAEL DA SILVA,PT,Deputado Estadual,14,7,2018
22200,GILMAR PAES,PR,Deputado Estadual,14,7,2018
10500,MARCOS COUTO DOS SANTOS,PRB,Deputado Estadual,14,7,2018
43024,REGINALDO SOUZA MACHADO,PV,Deputado Estadual,14,7,2018
15999,ANGELO ANTONIO BUCIOLOTI,MDB,Deputado Estadual,14,7,2018
15355,FELIPE MARTINS GONÇALVES DA CUNHA,MDB,Deputado Estadual,14,7,2018
55200,NELSON SCHREINER JUNIOR,PSD,Deputado Estadual,13,7,2018
55655,ROSSANA RODRIGUES ROSSINI CAMACHO,PSD,Deputado Estadual,13,7,2018
22269,ROSÂNGELA APARECIDA GOZZO,PR,Deputado Estadual,13,7,2018
50200,MARCELLO FERREIRA DOS SANTOS,PSOL,Deputado Estadual,13,7,2018
77987,ALINE MARIA DE MOURA,SOLIDARIEDADE,Deputado Estadual,13,7,2018
12300,CLAUDIA APARECIDA BELTRAN DOS SANTOS,PDT,Deputado Estadual,13,7,2018
55222,ADOLFO QUINTAS GONÇALVES NETO,PSD,Deputado Estadual,13,7,2018
15200,MARCOS DANIEL GOMES DE SOUSA,MDB,Deputado Estadual,13,7,2018
15511,VLADIMIR UDILOFF,MDB,Deputado Estadual,13,7,2018
17977,EDILEIDE SILVA,PSL,Deputado Estadual,13,7,2018
20320,LUCIANE SALLES DA PAZ SCHULTZ,PSC,Deputado Estadual,13,7,2018
70017,ANDERSON ROGERIO ALVES,AVANTE,Deputado Estadual,13,7,2018
70321,ALMIR ROBERTO CICOTE,AVANTE,Deputado Estadual,13,7,2018
51456,JOSE DONISETI GILDO,PATRI,Deputado Estadual,13,7,2018
40144,MARIA DE FATIMA DE CARVALHO,PSB,Deputado Estadual,13,7,2018
19122,WILLIAN SANTOS DE OLIVEIRA,PODE,Deputado Estadual,13,7,2018
51270,OSMAR MENEZES MARQUES,PATRI,Deputado Estadual,13,7,2018
50813,ANGELA CRISTINA ALVES DE AZEVEDO,PSOL,Deputado Estadual,13,7,2018
77700,EDISON DIAS JUNIOR,SOLIDARIEDADE,Deputado Estadual,13,7,2018
33777,LUISA APARECIDA DE BARROS,PMN,Deputado Estadual,13,7,2018
65100,ALCIDES AMAZONAS ARAUJO DOS SANTOS,PC do B,Deputado Estadual,12,7,2018
17205,IVANI CARVALHO SHEWCHENKO,PSL,Deputado Estadual,12,7,2018
16123,GABRIELA GUERRERO ARIONE,PSTU,Deputado Estadual,12,7,2018
22500,PATRICIA DA SILVA FEITOSA,PR,Deputado Estadual,12,7,2018
17072,RODRIGO DE ABREU OLIVEIRA,PSL,Deputado Estadual,12,7,2018
43000,FRANCISCO JARLES DA SILVA BEZERRA,PV,Deputado Estadual,12,7,2018
31164,KÁTIA TORBA PERRONE,PHS,Deputado Estadual,12,7,2018
19089,ANA CRISTINA ALVES,PODE,Deputado Estadual,12,7,2018
31651,GUSTAVO HENRIQUE FARGIANI,PHS,Deputado Estadual,12,7,2018
50250,SARA RODRIGUES DE FRANÇA VIEIRA,PSOL,Deputado Estadual,12,7,2018
50225,MARIA DO CARMO OLIVEIRA NAFALSKI,PSOL,Deputado Estadual,12,7,2018
70770,CAMILO DE LELES FERNANDES,AVANTE,Deputado Estadual,12,7,2018
14234,CARLOS BRUMER RODRIGUES,PTB,Deputado Estadual,12,7,2018
13007,EDIVALDO DE OLIVEIRA LIMA,PT,Deputado Estadual,12,7,2018
30833,IVAN RODRIGUES SANTANA,NOVO,Deputado Estadual,12,7,2018
65555,VÂNIA REGINA RIBEIRO,PC do B,Deputado Estadual,11,7,2018
31349,RICARDO HOLZ VIDAL DOS SANTOS,PHS,Deputado Estadual,11,7,2018
27000,TALITA EYMAEL LATÃES,DC,Deputado Estadual,11,7,2018
90666,HAMILTON ALVES FERNANDES,PROS,Deputado Estadual,11,7,2018
10789,DAYANI APARECIDA ESCROQUE,PRB,Deputado Estadual,11,7,2018
17203,DANIELLI FERNANDA SIQUEIRA,PSL,Deputado Estadual,11,7,2018
17208,LEOCADIA DE CASTRO,PSL,Deputado Estadual,11,7,2018
10101,HÉLIO APARECIDO DE GODOY,PRB,Deputado Estadual,11,7,2018
90022,ALESSANDRA MATOS,PROS,Deputado Estadual,11,7,2018
35477,REGIANE APARECIDA DE SOUZA NEVES,PMB,Deputado Estadual,11,7,2018
50122,ANSELMO PIRES DA SILVA NETO,PSOL,Deputado Estadual,11,7,2018
50080,LUCAS DE PAULA LANDIN,PSOL,Deputado Estadual,11,7,2018
19041,GUARACI LIMA DE MORAIS,PODE,Deputado Estadual,11,7,2018
14123,JOSE NERIVAN DA SILVA,PTB,Deputado Estadual,11,7,2018
20555,MARIA JOSE OCAMPOS,PSC,Deputado Estadual,11,7,2018
13778,PEDRO FELIPE JACYNTHO DOS SANTOS,PT,Deputado Estadual,11,7,2018
51235,NILSON PEREIRA DE ABREU,PATRI,Deputado Estadual,11,7,2018
40014,ILDACY BOTELHO CORDEIRO,PSB,Deputado Estadual,11,7,2018
50070,JOSELICIO FREITAS DOS SANTOS JUNIOR,PSOL,Deputado Estadual,11,7,2018
50021,THYAGO MARCONDES,PSOL,Deputado Estadual,11,7,2018
90121,RUTE SATIKO VIEIRA RIBEIRO,PROS,Deputado Estadual,11,7,2018
90019,AILTON JOSE DA SILVA,PROS,Deputado Estadual,11,7,2018
19456,AIDAN ANTONIO RAVIN,PODE,Deputado Estadual,11,7,2018
12412,JOSUÉ BRIZOLA,PDT,Deputado Estadual,11,7,2018
50555,MAURICIO DE MELO VIEIRA,PSOL,Deputado Estadual,11,7,2018
70141,ZÊNIA PEREIRA DE ANDRADE SOUSA,AVANTE,Deputado Estadual,11,7,2018
15600,ISABEL KAUSZ DOS REIS,MDB,Deputado Estadual,11,7,2018
36500,SERGIO BORGES ARRUDA,PTC,Deputado Estadual,11,7,2018
90123,EZEQUIEL DE SOUZA DAMASCENO,PROS,Deputado Estadual,11,7,2018
12081,AUGUSTO CESAR CORREA NETO,PDT,Deputado Estadual,10,7,2018
19002,DOMINGOS SANCHES,PODE,Deputado Estadual,10,7,2018
90110,MARCIO DOS SANTOS RODRIGUES,PROS,Deputado Estadual,10,7,2018
77900,DIEGO RODRIGO NEVES MAGALHÃES,SOLIDARIEDADE,Deputado Estadual,10,7,2018
50350,PEDRO HENRIQUE TERUJI JERONIMO MINAMIDANI,PSOL,Deputado Estadual,10,7,2018
19991,MONICA VIANA MIRANDA CAMPOS FERNANDES,PODE,Deputado Estadual,10,7,2018
20010,SERGIO LOURENÇO DA SILVA,PSC,Deputado Estadual,10,7,2018
19426,PAULO HENRIQUE MACHADO,PODE,Deputado Estadual,10,7,2018
90432,ELIFAS EUPHRASIO,PROS,Deputado Estadual,10,7,2018
33156,WILSON SANTOS MARTINS JUNIOR,PMN,Deputado Estadual,10,7,2018
65133,IRINEU SEBASTIÃO,PC do B,Deputado Estadual,10,7,2018
51551,DIOGENES MORIS MORENO DOS SANTOS,PATRI,Deputado Estadual,10,7,2018
44777,JESUS DE AQUINO,PRP,Deputado Estadual,10,7,2018
45002,IVONE FERNANDES DIAS DO NASCIMENTO,PSDB,Deputado Estadual,10,7,2018
25255,ELAINE GONÇALVES OLIVEIRA,DEM,Deputado Estadual,10,7,2018
27507,ADRIANA CARDOSO DE SA,DC,Deputado Estadual,10,7,2018
18420,ALBERTO CORUNHA TAVARES,REDE,Deputado Estadual,10,7,2018
17750,PAULO VIEIRA DA SILVA FILHO,PSL,Deputado Estadual,10,7,2018
16300,MICHELI SOUZA DA SILVA,PSTU,Deputado Estadual,10,7,2018
15605,FERNANDO LUIZ ISOPPO PETITI,MDB,Deputado Estadual,10,7,2018
18789,MARCO TSUYAMA CARDOSO,REDE,Deputado Estadual,10,7,2018
51100,ANDRE GOMES BARBOSA,PATRI,Deputado Estadual,10,7,2018
70123,FRANCISCO ESMERALDO FELIPE CARNEIRO,AVANTE,Deputado Estadual,10,7,2018
18833,DENIS DUCK,REDE,Deputado Estadual,10,7,2018
18555,REJANE DE VASCONCELOS FELIPE,REDE,Deputado Estadual,10,7,2018
50490,SHIRLANDIA SALES NOVAIS,PSOL,Deputado Estadual,10,7,2018
19109,LENI DE FÁTIMA RODRIGUES DO PRADO,PODE,Deputado Estadual,10,7,2018
36036,LEONARDO DA SILVA BRIGAGAO,PTC,Deputado Estadual,10,7,2018
51193,GUARACY RIBEIRO FILHO,PATRI,Deputado Estadual,10,7,2018
18663,NATALINO ANTÔNIO DA SILVA,REDE,Deputado Estadual,10,7,2018
22233,JOÃO MOTA DOS SANTOS,PR,Deputado Estadual,10,7,2018
22033,MARCOS AURELIO DE PAULA,PR,Deputado Estadual,10,7,2018
27717,JONADABES LOPES,DC,Deputado Estadual,9,7,2018
10900,VESPASIANO SAULO DA COSTA E SILVA,PRB,Deputado Estadual,9,7,2018
45115,JULIO PIRES DOS SANTOS JUNIOR,PSDB,Deputado Estadual,9,7,2018
90400,FATIMA APARECIDA FERREIRA,PROS,Deputado Estadual,9,7,2018
43243,ANTONIO CARLOS MARTINS RIBEIRO,PV,Deputado Estadual,9,7,2018
65900,SINCLAIR LOPES DE OLIVEIRA,PC do B,Deputado Estadual,9,7,2018
15613,ANDRÉA CRISTINA FERREIRA DE LEMOS SILVA,MDB,Deputado Estadual,9,7,2018
40866,ROSELI APARECIDA KEIKO KOBAYASHI,PSB,Deputado Estadual,9,7,2018
54222,STELIO LEAL PESSANHA,PPL,Deputado Estadual,9,7,2018
65658,SAMUEL GOMES DE JESUS,PC do B,Deputado Estadual,9,7,2018
19770,MONICA PILLAT BELMUDES,PODE,Deputado Estadual,9,7,2018
31777,GERALDO PEREIRA DE BARROS NETO,PHS,Deputado Estadual,9,7,2018
19990,JOSE GARCIA LOPES NETO,PODE,Deputado Estadual,9,7,2018
19555,DÉLBIO CAMARGO TERUEL,PODE,Deputado Estadual,9,7,2018
19634,KAYQUE GUILHERME MAIER DA SILVA,PODE,Deputado Estadual,9,7,2018
50030,SANDRO VINICIUS ORTEGA NICODEMO,PSOL,Deputado Estadual,9,7,2018
35333,CARLA ZIPER PEREIRA DE CARVALHO,PMB,Deputado Estadual,9,7,2018
12450,ELIENE DA SILVA SANTOS,PDT,Deputado Estadual,9,7,2018
50700,FABIANO DE CARVALHO BATISTA,PSOL,Deputado Estadual,9,7,2018
13009,VALQUIRIA JUSTINO,PT,Deputado Estadual,9,7,2018
19911,MARCOS MENDES DA SILVA,PODE,Deputado Estadual,9,7,2018
50917,CÉLIO PELICIARI DE PAULA JÚNIOR,PSOL,Deputado Estadual,9,7,2018
50850,JOÃO VITOR DIAMANTINO CORRÊA BARBOSA,PSOL,Deputado Estadual,9,7,2018
51055,EDSON FERREIRA PONTES,PATRI,Deputado Estadual,9,7,2018
70999,LEONARDO ALVES RIBEIRO,AVANTE,Deputado Estadual,9,7,2018
20800,FERNANDO CESAR RAMOS,PSC,Deputado Estadual,9,7,2018
22345,ROY NELSON PINTO,PR,Deputado Estadual,9,7,2018
17054,JEFFERSON DE MORAES CAMPOS,PSL,Deputado Estadual,9,7,2018
25233,ROMILDO VIRGINIO DOS SANTOS,DEM,Deputado Estadual,9,7,2018
17051,EMERSON ZOCCHI,PSL,Deputado Estadual,9,7,2018
17034,VERUSKA RODRIGUES DA SILVA,PSL,Deputado Estadual,9,7,2018
14100,MARINISIA TUROLI FERNANDES DA SILVA,PTB,Deputado Estadual,9,7,2018
19128,FRANCISCO JOSÉ CARVALHO,PODE,Deputado Estadual,9,7,2018
70016,ANA RAQUEL RICARDO,AVANTE,Deputado Estadual,9,7,2018
15110,RICARDO JOSÉ RUSSOMANNO AZEVEDO SOBRINHO,MDB,Deputado Estadual,9,7,2018
70470,JÔNATAS TABORDA,AVANTE,Deputado Estadual,9,7,2018
70557,EDSON NEVES GALINDO,AVANTE,Deputado Estadual,9,7,2018
50501,FERNANDO ANTONIO FERREIRA,PSOL,Deputado Estadual,9,7,2018
31199,EDSON RODRIGUES CARDOSO,PHS,Deputado Estadual,8,7,2018
22900,ANDERSON BRANCO DA SILVA,PR,Deputado Estadual,8,7,2018
90699,CRISTIANO PINTO FERREIRA,PROS,Deputado Estadual,8,7,2018
22800,CLEOMENES ANTUNES JUNIOR,PR,Deputado Estadual,8,7,2018
10600,WILLIAM NUNES AFFONSO,PRB,Deputado Estadual,8,7,2018
18234,SHEILA SALES ROMERA,REDE,Deputado Estadual,8,7,2018
27557,EDSON RICARDO GUIMARÃES,DC,Deputado Estadual,8,7,2018
65321,VANDERLEI SIRAQUE,PC do B,Deputado Estadual,8,7,2018
22277,JOSÉ RONALDO GOMES DA SILVA,PR,Deputado Estadual,8,7,2018
17059,JULIO CÉSAR MARTINS CASARIN,PSL,Deputado Estadual,8,7,2018
17135,HAMILTON DIAS MENEZES,PSL,Deputado Estadual,8,7,2018
16461,FERNANDO DE SOUZA,PSTU,Deputado Estadual,8,7,2018
27222,EDMILSON LÁZARO GROPPO,DC,Deputado Estadual,8,7,2018
90951,JULIANA GARCIA LORENCETTI,PROS,Deputado Estadual,8,7,2018
11012,VITO ARDITO LERÁRIO,PP,Deputado Estadual,8,7,2018
51700,SUELLEN SILVA ROSIM,PATRI,Deputado Estadual,8,7,2018
51444,FERNANDO HENRIQUE FERREIRA,PATRI,Deputado Estadual,8,7,2018
22215,APARECIDA BATISTA DIAS BARRETO DE OLIVEIRA,PR,Deputado Estadual,8,7,2018
70018,PATRICIA LUCIA GOUVEIA DA SILVA,AVANTE,Deputado Estadual,8,7,2018
22003,ISABELA CRISTINA CARDOSO DA CRUZ,PR,Deputado Estadual,8,7,2018
51056,ROBSON LIEBETANZ DZELVE CALABIANQUI,PATRI,Deputado Estadual,8,7,2018
45888,ADRIANO CAMARGO ANTONIO,PSDB,Deputado Estadual,8,7,2018
45900,MARCO ANTONIO DA FONSECA BICHEIRO,PSDB,Deputado Estadual,8,7,2018
13741,TELMA FORTUNATO DA SILVA SANT ANNA,PT,Deputado Estadual,8,7,2018
77021,VIVIAN ALBUQUERQUE SÁ,SOLIDARIEDADE,Deputado Estadual,8,7,2018
22150,WANDERLEY LEMES TEIXEIRA,PR,Deputado Estadual,8,7,2018
51004,DIMAS MENDES DA SILVA JUNIOR,PATRI,Deputado Estadual,8,7,2018
77345,JOSE ROBERTO MENDONÇA,SOLIDARIEDADE,Deputado Estadual,8,7,2018
30567,FABIO MOURA DA SILVA,NOVO,Deputado Estadual,8,7,2018
19533,ROLGACIANO FERNANDES ALMEIDA,PODE,Deputado Estadual,8,7,2018
30321,MARCOS ALEXANDRE DO NASCIMENTO ZOGNO,NOVO,Deputado Estadual,8,7,2018
90053,EVANDRO GIORA,PROS,Deputado Estadual,8,7,2018
33666,AGNALDO ALVES PEREIRA,PMN,Deputado Estadual,8,7,2018
19700,JOÃO DÁRCIO RIBAMAR SACCHI,PODE,Deputado Estadual,8,7,2018
50150,LUCAS FERREIRA CARDOSO,PSOL,Deputado Estadual,8,7,2018
33140,ROBERTO BARBOSA RODRIGUES,PMN,Deputado Estadual,8,7,2018
31900,ADRIANA LUCIA BARRETO,PHS,Deputado Estadual,8,7,2018
23444,ORESTES PIMENTEL SOARES DE MISQUITA,PPS,Deputado Estadual,7,7,2018
22899,THIAGO GONÇALES,PR,Deputado Estadual,7,7,2018
90051,MARIA GORETTI AGUIAR ALENCAR,PROS,Deputado Estadual,7,7,2018
90009,LUCELENE LOPES,PROS,Deputado Estadual,7,7,2018
70800,MIGUEL CARMINE GIANETTI NETTO,AVANTE,Deputado Estadual,7,7,2018
14500,MARIA DAS GRAÇAS FERREIRA DE MACEDO,PTB,Deputado Estadual,7,7,2018
22023,WANESSA SOUSA BOMFIM,PR,Deputado Estadual,7,7,2018
13232,JUCIMÁRIO GALDINO BARBOSA,PT,Deputado Estadual,7,7,2018
12567,ANTONIO COSTA,PDT,Deputado Estadual,7,7,2018
90012,EDUARDO FERREIRA,PROS,Deputado Estadual,7,7,2018
90013,JULIO HENRIQUE FLORENCIO DE MELO,PROS,Deputado Estadual,7,7,2018
44567,JOSE BERALDO,PRP,Deputado Estadual,7,7,2018
50120,DAMIÃO TAVARES DOS SANTOS,PSOL,Deputado Estadual,7,7,2018
19429,CARLÂNGELA SILVA DOS SANTOS DE OLIVEIRA,PODE,Deputado Estadual,7,7,2018
50133,MARCELO REINA SILIANO,PSOL,Deputado Estadual,7,7,2018
13713,FABIANO GREGÓRIO,PT,Deputado Estadual,7,7,2018
17009,NATANAEL FRANCISCO DA SILVA,PSL,Deputado Estadual,7,7,2018
28191,JASIEL ANTONIO OLIVEIRA DE SOUZA,PRTB,Deputado Estadual,7,7,2018
51082,CICERO EDINALDO DE MENEZES,PATRI,Deputado Estadual,7,7,2018
65121,JORGE ANTONIO DA SILVA,PC do B,Deputado Estadual,7,7,2018
17062,MANOEL SANTOS ROCHA,PSL,Deputado Estadual,7,7,2018
44123,JOÃO BATISTA BRANDÃO DO AMARAL,PRP,Deputado Estadual,7,7,2018
36360,MOACYR SANTANA GUIMARAES,PTC,Deputado Estadual,7,7,2018
28528,JOSÉ NILTON GOMES DOS SANTOS,PRTB,Deputado Estadual,7,7,2018
65500,DOUGLAS ALBERTO SANTOS,PC do B,Deputado Estadual,7,7,2018
65512,JOÃO ANTONIO DONIZZETTI CARVALHO,PC do B,Deputado Estadual,7,7,2018
30130,LUIS ALEXANDRE PINHEIRO,NOVO,Deputado Estadual,7,7,2018
65159,MARIANA ARANTES MASTROROCO,PC do B,Deputado Estadual,7,7,2018
19201,EVANIR DA SILVA CARVALHO,PODE,Deputado Estadual,7,7,2018
17073,RONALDO FORMIGÃO,PSL,Deputado Estadual,7,7,2018
43622,CESAR AUGUSTO JOSÉ,PV,Deputado Estadual,7,7,2018
51145,JOSE ALEXANDRE JUNCO,PATRI,Deputado Estadual,7,7,2018
17075,WAGNER DE OLIVEIRA,PSL,Deputado Estadual,7,7,2018
18432,CARLOS MANOEL CINI,REDE,Deputado Estadual,7,7,2018
43334,LUIS MARCELO COMERON,PV,Deputado Estadual,7,7,2018
12051,RIVALDO APARECIDO DE OLIVEIRA,PDT,Deputado Estadual,7,7,2018
12111,SERGIO RICARDO GONÇALVES DA SILVA,PDT,Deputado Estadual,7,7,2018
10300,LUCIANA GISELE DE OLIVEIRA ALVES DA SILVA,PRB,Deputado Estadual,7,7,2018
31421,CARLOS ALBERTO RIBEIRO,PHS,Deputado Estadual,7,7,2018
31193,ANGELO MARCIO DE JESUS SILVA,PHS,Deputado Estadual,7,7,2018
51123,REGINA DA SILVA COSTA,PATRI,Deputado Estadual,7,7,2018
43013,PRISCILA FRANÇA DE FIGUEIREDO,PV,Deputado Estadual,7,7,2018
65000,LUIS ARAUJO FRANÇA,PC do B,Deputado Estadual,7,7,2018
40550,MARIO LUIZ TARRICONE,PSB,Deputado Estadual,7,7,2018
51013,MALAQUIAS ARAUJO MELO,PATRI,Deputado Estadual,7,7,2018
51035,JOSÉ MESSIAS DA COSTA,PATRI,Deputado Estadual,7,7,2018
77160,MANOEL DONIZETTI CONCEIÇÃO,SOLIDARIEDADE,Deputado Estadual,6,7,2018
13119,MARIA DOS ANJOS SOARES MIRANDA,PT,Deputado Estadual,6,7,2018
11650,PAULO ROBERTO CECCHINATO,PP,Deputado Estadual,6,7,2018
44789,JOÃO ALFREDO DE OLIVEIRA,PRP,Deputado Estadual,6,7,2018
90545,JOAQUIM GRACA NETO,PROS,Deputado Estadual,6,7,2018
28073,DANIELA CORREA SANTOS,PRTB,Deputado Estadual,6,7,2018
18444,EDMILSON JOSÉ DE CARVALHO,REDE,Deputado Estadual,6,7,2018
43543,ANTONIO FERNANDES FERRARI,PV,Deputado Estadual,6,7,2018
18007,GEORGIANA SOARES PIRES,REDE,Deputado Estadual,6,7,2018
51017,SOLANGE DEVIETRO,PATRI,Deputado Estadual,6,7,2018
18222,ROSELEI APARECIDO FRANÇOSO,REDE,Deputado Estadual,6,7,2018
18182,MARLI CONCEIÇÃO DA SILVA,REDE,Deputado Estadual,6,7,2018
51851,ERICA NASCIMENTO SILVA,PATRI,Deputado Estadual,6,7,2018
51057,GRAZIELE CRISTINA LUCATO,PATRI,Deputado Estadual,6,7,2018
51020,ALEXANDRE FERREIRA DE SOUSA,PATRI,Deputado Estadual,6,7,2018
13678,ROSA MARIA CHIQUETTO,PT,Deputado Estadual,6,7,2018
35010,SIRA DA SILVA,PMB,Deputado Estadual,6,7,2018
19900,MARIA ALMEIDA DANTAS,PODE,Deputado Estadual,6,7,2018
70654,GUNTHER SCHWEITZER,AVANTE,Deputado Estadual,6,7,2018
70234,FÁBIO SILVA MOREIRA,AVANTE,Deputado Estadual,6,7,2018
15010,LUIZ FERNANDO RICCETTO,MDB,Deputado Estadual,6,7,2018
13565,MARIA DA PENHA SOUZA,PT,Deputado Estadual,6,7,2018
13192,ANTONIO ROBERTO DE SOUZA,PT,Deputado Estadual,6,7,2018
19975,EMMERSON DE CAMARGO,PODE,Deputado Estadual,6,7,2018
28900,WAGNERIANO DE LIMA MOREIRA,PRTB,Deputado Estadual,6,7,2018
16200,NILSON FERREIRA LEITE,PSTU,Deputado Estadual,6,7,2018
31011,ALEX DEIVE LOPES SOARES,PHS,Deputado Estadual,6,7,2018
70070,EDSON NASCIMENTO DE OLIVEIRA,AVANTE,Deputado Estadual,6,7,2018
65787,NINA RODRIGUES VIEIRA,PC do B,Deputado Estadual,6,7,2018
18881,VALERIA APARECIDA DE OLIVEIRA REI,REDE,Deputado Estadual,6,7,2018
51779,CHALANA MACHADO DOS SANTOS,PATRI,Deputado Estadual,6,7,2018
28028,ISABELLA SANCHES DE SOUSA TREVISANI,PRTB,Deputado Estadual,6,7,2018
43432,MARIA BEZERRA DE MENEZES SCORZA,PV,Deputado Estadual,6,7,2018
31303,FELIPE ANDRE CANUTO GOMES,PHS,Deputado Estadual,6,7,2018
33193,MARCIO DONIZETE CRUZ SILVA,PMN,Deputado Estadual,6,7,2018
22300,GUILHERME PIAI SILVA FILIZZOLA,PR,Deputado Estadual,6,7,2018
77690,ALEXANDRE MARTINS RICCI,SOLIDARIEDADE,Deputado Estadual,6,7,2018
22065,FABIO ELY RAMOS,PR,Deputado Estadual,6,7,2018
90111,ANTONIO RODRIGUES DE SOUSA,PROS,Deputado Estadual,6,7,2018
23423,JULIO CESAR FUZARI,PPS,Deputado Estadual,6,7,2018
77999,DENIZE JUNQUEIRA DE LIMA,SOLIDARIEDADE,Deputado Estadual,6,7,2018
22622,EDNEI APARECIDO VALENCIO,PR,Deputado Estadual,6,7,2018
22567,RÚBSON SILVA RIOS,PR,Deputado Estadual,6,7,2018
31977,LUIZ JACINTO NEPOMUCENO NETO,PHS,Deputado Estadual,6,7,2018
33900,MARIA ERIVANDA CAVALCANTE ARAÚJO,PMN,Deputado Estadual,6,7,2018
55678,FABIO FERNANDO DOS REIS SILVA,PSD,Deputado Estadual,6,7,2018
51085,MARINALVA CONCEIÇÃO SANTOS,PATRI,Deputado Estadual,6,7,2018
65651,FLAVIO MONTESINOS GODOI,PC do B,Deputado Estadual,6,7,2018
15236,ELAINE SILVEIRA NEVES,MDB,Deputado Estadual,6,7,2018
51001,MOESIO ALVES CORREIA,PATRI,Deputado Estadual,6,7,2018
43300,LUANA LACERDA DE ALMEIDA,PV,Deputado Estadual,5,7,2018
31222,WALDIR FRANCISCO LIMA,PHS,Deputado Estadual,5,7,2018
90687,RUTH MARCELINA CAETANO UGUCIONE,PROS,Deputado Estadual,5,7,2018
90444,VIRGINIA DE JESUS GONZALEZ,PROS,Deputado Estadual,5,7,2018
31444,FERNANDO BITENCOURT,PHS,Deputado Estadual,5,7,2018
17074,RODRIGO JENSON DE OLIVEIRA,PSL,Deputado Estadual,5,7,2018
17033,PAULO ROBERTO DIAS PEREIRA,PSL,Deputado Estadual,5,7,2018
51111,ZELINDIANOR OLIVEIRA DE SOUZA,PATRI,Deputado Estadual,5,7,2018
51343,ODAIR BENTO FILHO,PATRI,Deputado Estadual,5,7,2018
18077,RODRIGO PEREIRA DA SILVA,REDE,Deputado Estadual,5,7,2018
28038,HELIO SANTIAGO DOS SANTOS,PRTB,Deputado Estadual,5,7,2018
50787,EDUARDO VICENTE DA FONSECA,PSOL,Deputado Estadual,5,7,2018
44118,LUIZ FERNANDES,PRP,Deputado Estadual,5,7,2018
16316,IVANCI VIEIRA DOS SANTOS,PSTU,Deputado Estadual,5,7,2018
50666,MARCIA FREIRE DE MATTOS RUBIANO,PSOL,Deputado Estadual,5,7,2018
19222,EDUARDO VALENTIM FERNANDES PEREIRA,PODE,Deputado Estadual,5,7,2018
19070,RENALDO CARDOSO DE REZENDE,PODE,Deputado Estadual,5,7,2018
90890,JEFFERSON RIPI DA SILVA,PROS,Deputado Estadual,5,7,2018
43199,LILIAN CRISTINA DOS SANTOS FARIA,PV,Deputado Estadual,5,7,2018
18765,ROBERTA ROCHA GOMES ALBUQUERQUE,REDE,Deputado Estadual,5,7,2018
18456,ANDRÉ RICARDO DE SOUZA,REDE,Deputado Estadual,5,7,2018
28700,ROSANGELA VICENTE MOTTA,PRTB,Deputado Estadual,5,7,2018
17029,MORENO FELIX CORDEIRO,PSL,Deputado Estadual,5,7,2018
70033,ANTONIO FLAVIO ALMEIDA DE OLIVEIRA,AVANTE,Deputado Estadual,5,7,2018
65655,MARCEL FERRAZ CAMILO,PC do B,Deputado Estadual,5,7,2018
16016,MARISA DOS SANTOS MENDES,PSTU,Deputado Estadual,5,7,2018
65650,HENRIQUE DOMINGUES,PC do B,Deputado Estadual,5,7,2018
90188,LEANDRO LEME CAMARGO,PROS,Deputado Estadual,5,7,2018
77890,JOSE DE AMORIM OLIVEIRA,SOLIDARIEDADE,Deputado Estadual,5,7,2018
35017,TALALE MICHEL CHEDID FILHO,PMB,Deputado Estadual,5,7,2018
44500,ROGERIO GOMES DO NASCIMENTO,PRP,Deputado Estadual,5,7,2018
23300,JULIO ALEXANDRE SBIZERA COSTA,PPS,Deputado Estadual,5,7,2018
10012,ONANCIARA RODRIGUES FERNANDEZ,PRB,Deputado Estadual,5,7,2018
20629,ELISABETE NATALI ALVARENGA,PSC,Deputado Estadual,5,7,2018
13578,EDILEIDI CANETE RAMOS,PT,Deputado Estadual,5,7,2018
33456,REGINALDO VIANA GOMES,PMN,Deputado Estadual,5,7,2018
13890,EDSON PEREIRA CAMPOS,PT,Deputado Estadual,5,7,2018
15007,JOÃO ALBERTO CORRÊA,MDB,Deputado Estadual,5,7,2018
70389,CLAUDIO GOMES DE ARAUJO JUNIOR,AVANTE,Deputado Estadual,5,7,2018
50039,RODRIGO DA SILVA,PSOL,Deputado Estadual,5,7,2018
70002,VALDECIRO MAIA DOS SANTOS,AVANTE,Deputado Estadual,5,7,2018
50040,DORIVAL BORELLI FILHO,PSOL,Deputado Estadual,5,7,2018
25014,SEVERINO BEZERRA DE ANDRADE,DEM,Deputado Estadual,5,7,2018
50090,FRANCISCO GILBERTO DA SILVA,PSOL,Deputado Estadual,5,7,2018
22580,ISA DE SOUSA MASCARENHAS,PR,Deputado Estadual,5,7,2018
12424,MAHAYANA TACCARI,PDT,Deputado Estadual,5,7,2018
25222,ROQUE LEVI SANTOS TAVARES,DEM,Deputado Estadual,4,7,2018
90888,WALDIR JOSE SCHIAVON JUNIOR,PROS,Deputado Estadual,4,7,2018
90018,PEDRO APARECIDO TONETTI,PROS,Deputado Estadual,4,7,2018
90024,BRAZ ANASTACIO DA SILVA,PROS,Deputado Estadual,4,7,2018
90044,REGIANE MARA VEIGA ALONSO,PROS,Deputado Estadual,4,7,2018
27133,GICILENE DE LIMA MATUZAKI,DC,Deputado Estadual,4,7,2018
44610,DANUBIA CRISTINA GOMES ALVES,PRP,Deputado Estadual,4,7,2018
90090,VALDENICE ANCELMO SOARES,PROS,Deputado Estadual,4,7,2018
22299,PATRICIA BAPTISTELLA,PR,Deputado Estadual,4,7,2018
31550,TALITHA CICILINI GARAVATI,PHS,Deputado Estadual,4,7,2018
31113,LETIVAN RODRIGUES DE CARVALHO,PHS,Deputado Estadual,4,7,2018
31650,WILLIAM SEITI SASHIDA,PHS,Deputado Estadual,4,7,2018
31999,DANIELA HELENICE DANELUZZI SUTTO,PHS,Deputado Estadual,4,7,2018
65789,MICHEL RAMIRO CARNEIRO,PC do B,Deputado Estadual,4,7,2018
35135,SIMONE APARECIDA DE SOUZA SOARES,PMB,Deputado Estadual,4,7,2018
35055,SANDRO HENRIQUE DE CARVALHO COELHO,PMB,Deputado Estadual,4,7,2018
20120,EDVALDO DE OLIVEIRA PAULA,PSC,Deputado Estadual,4,7,2018
31004,ANDRÉ LUIZ COUTINHO DE SOUZA,PHS,Deputado Estadual,4,7,2018
33645,GLADISON DAVID NEIVA DIAS,PMN,Deputado Estadual,4,7,2018
77063,MARIA LUISA FRANCO DE GODOY,SOLIDARIEDADE,Deputado Estadual,4,7,2018
15009,GILBERTO FRANCISCO DE AQUINO,MDB,Deputado Estadual,4,7,2018
33848,OSCAR DE MATTOS,PMN,Deputado Estadual,4,7,2018
13644,RENATO BISPO CAROBA,PT,Deputado Estadual,4,7,2018
33464,DENIVIA ROSA DOS SANTOS OLIVEIRA,PMN,Deputado Estadual,4,7,2018
77400,GLEYSON FARNEY LIMA DIAS,SOLIDARIEDADE,Deputado Estadual,4,7,2018
44425,ELISABETH APARECIDA RODRIGUES DOS SANTOS,PRP,Deputado Estadual,4,7,2018
22024,SIMONE CARDOSO DE OLIVEIRA,PR,Deputado Estadual,4,7,2018
20888,PAULO EDUARDO TEMPLE DELGADO,PSC,Deputado Estadual,4,7,2018
19919,DANIEL CARVALHO MACHADO,PODE,Deputado Estadual,4,7,2018
77250,ARACI DE OLIVEIRA,SOLIDARIEDADE,Deputado Estadual,4,7,2018
13587,DEUSDETE ALVES DE ASSUNÇÃO,PT,Deputado Estadual,4,7,2018
13410,MARLEIDE SOARES DA SILVA,PT,Deputado Estadual,4,7,2018
33090,JOSÉ EDUARDO DE OLIVEIRA,PMN,Deputado Estadual,4,7,2018
33001,JOSÉ MILTON RUIZ LOPES,PMN,Deputado Estadual,4,7,2018
15556,VALÉRIA BENTO,MDB,Deputado Estadual,4,7,2018
15077,KELLY VESCO MOZZONE,MDB,Deputado Estadual,4,7,2018
70170,RICARDO DA SILVA SAIBRO,AVANTE,Deputado Estadual,4,7,2018
15678,MARIA DAS GRAÇAS DOS SANTOS,MDB,Deputado Estadual,4,7,2018
16002,ANDRESSA CHAVES DA SILVA,PSTU,Deputado Estadual,4,7,2018
70117,VALTER CORRÊA JUNIOR,AVANTE,Deputado Estadual,4,7,2018
65659,KEITH CRISTINE HORTA,PC do B,Deputado Estadual,4,7,2018
19300,LILIAN FERREIRA,PODE,Deputado Estadual,4,7,2018
50881,DANIEL BELARMINO,PSOL,Deputado Estadual,4,7,2018
16111,CARLOS AUGUSTO DO NASCIMENTO LEAL,PSTU,Deputado Estadual,4,7,2018
36333,PAULO FRANCISCO ALVARENGA BARBOSA,PTC,Deputado Estadual,4,7,2018
65022,GENI SALDANHA DOS SANTOS SILVA,PC do B,Deputado Estadual,4,7,2018
55955,PATRICIA DOS REIS TRAVASSOS,PSD,Deputado Estadual,4,7,2018
55677,PAULO LUIS SANTOS,PSD,Deputado Estadual,4,7,2018
65300,GERALDO MAGELA DA CRUZ,PC do B,Deputado Estadual,4,7,2018
51008,ROBERTO CARLOS DE SANTI,PATRI,Deputado Estadual,4,7,2018
51033,ANDRE RAPHAEL BUION MARQUES,PATRI,Deputado Estadual,4,7,2018
44040,WILLIAM ALBERTO DE ANDRADE,PRP,Deputado Estadual,4,7,2018
44043,JOSE VERGILIO REIS,PRP,Deputado Estadual,4,7,2018
65213,NILSON JOSE GARRIDO,PC do B,Deputado Estadual,4,7,2018
65333,RODRIGO FIRMINO ROMÃO,PC do B,Deputado Estadual,4,7,2018
65653,JEFFERSON FISCHER DA ROCHA,PC do B,Deputado Estadual,4,7,2018
40675,JOAQUIM MARCELINO JOFFRE NETO,PSB,Deputado Estadual,4,7,2018
17685,KERIN DA ROCHA SILVA,PSL,Deputado Estadual,4,7,2018
18009,JULIO CESAR RODRIGUES DE MENEZES,REDE,Deputado Estadual,4,7,2018
17083,MARCIO ANTONIO PELEGE THOMAZINI,PSL,Deputado Estadual,4,7,2018
18579,CARLOS ROBERTO ROSA,REDE,Deputado Estadual,4,7,2018
51355,CARLOS ALBERTO PINTO DA SILVA,PATRI,Deputado Estadual,4,7,2018
51326,AMANDA SANTOS DA SILVA,PATRI,Deputado Estadual,4,7,2018
51177,ROBERTO PIMENTEL,PATRI,Deputado Estadual,4,7,2018
51251,ELISA KATSUE TAKAHASHI CARARETO,PATRI,Deputado Estadual,4,7,2018
28079,ANDRÉ ALVES DA SILVA,PRTB,Deputado Estadual,4,7,2018
55100,DIEGO HENRIQUE RODRIGUES MIRANDA,PSD,Deputado Estadual,4,7,2018
51800,MARIA DE LOURDES SANTANA DA CONCEICAO,PATRI,Deputado Estadual,4,7,2018
28000,WILKER CAMARGO,PRTB,Deputado Estadual,4,7,2018
90902,IDEVANIR ARCANJO DE SOUZA,PROS,Deputado Estadual,4,7,2018
90777,MONICA BERBEL ROCHA,PROS,Deputado Estadual,4,7,2018
90321,BENEDITO AUGUSTO DOS SANTOS,PROS,Deputado Estadual,4,7,2018
90193,GALENO ROSA,PROS,Deputado Estadual,4,7,2018
12113,OSMAR VILELA DOS SANTOS,PDT,Deputado Estadual,4,7,2018
12258,ISMAEL DANTAS DE AMORIM FILHO,PDT,Deputado Estadual,4,7,2018
12133,LUIZ VICENTE DA SILVA,PDT,Deputado Estadual,4,7,2018
10190,DAVID SEVERINO DA SILVA JUNIOR,PRB,Deputado Estadual,4,7,2018
31364,DENIS DIAS DA ROCHA,PHS,Deputado Estadual,3,7,2018
90366,NELSON VALVERDE DIAS,PROS,Deputado Estadual,3,7,2018
90233,JOSE ROBERTO BEILSTREIN,PROS,Deputado Estadual,3,7,2018
90693,VALDINEI FELIX DOS SANTOS,PROS,Deputado Estadual,3,7,2018
90690,SEBASTIAO CARLOS DA SILVA,PROS,Deputado Estadual,3,7,2018
90567,CICERO FLORIANO PIRES ALVES,PROS,Deputado Estadual,3,7,2018
12077,RITA DE CASSIA SOUSA SANTOS,PDT,Deputado Estadual,3,7,2018
12022,RONALDO FLORIDO DE OLIVEIRA,PDT,Deputado Estadual,3,7,2018
31201,VINÍCIUS DE ANDRADE PEREIRA,PHS,Deputado Estadual,3,7,2018
90910,GILSON APARECIDO ZANLUCHI,PROS,Deputado Estadual,3,7,2018
51841,SAMUEL DO CARMO,PATRI,Deputado Estadual,3,7,2018
28029,GLEICE APARECIDA DA SILVA,PRTB,Deputado Estadual,3,7,2018
27640,LEVI ALEXANDRE DE OLIVEIRA,DC,Deputado Estadual,3,7,2018
51510,ANGELA MARIA DE OLIVEIRA,PATRI,Deputado Estadual,3,7,2018
19010,MOHAMAD KASSEM EL TURK,PODE,Deputado Estadual,3,7,2018
51480,MARIA DE LOURDES DE LIMA GUSSONI,PATRI,Deputado Estadual,3,7,2018
51446,GIULIO BALDI DANTAS,PATRI,Deputado Estadual,3,7,2018
19030,ANTONIO CARLOS PEREIRA SILVA,PODE,Deputado Estadual,3,7,2018
19022,SIMONE CRISTINA SANTOS SOUZA,PODE,Deputado Estadual,3,7,2018
51333,ROBERTO CARDOSO FERREIRA,PATRI,Deputado Estadual,3,7,2018
51322,MARIA ALICE ARAÚJO LIMBERG,PATRI,Deputado Estadual,3,7,2018
44018,ALAINY PRYSCILLA OLIVEIRA DA SILVA,PRP,Deputado Estadual,3,7,2018
54555,EDVALDO HEITOR BORTOLLOTTI,PPL,Deputado Estadual,3,7,2018
43044,ESTER DA SILVA,PV,Deputado Estadual,3,7,2018
51852,ANTONIO OLIVA DE ARAUJO,PATRI,Deputado Estadual,3,7,2018
18500,JONES MAIR PONTES SILVEIRA,REDE,Deputado Estadual,3,7,2018
17096,ROSANA TESSITORI,PSL,Deputado Estadual,3,7,2018
17681,THIAGO FELIPE NEVES,PSL,Deputado Estadual,3,7,2018
17334,LAURO LISBOA FILHO,PSL,Deputado Estadual,3,7,2018
28228,ADRIANO JOSÉ DOS REIS,PRTB,Deputado Estadual,3,7,2018
28222,MARA LUCIA GARCIA,PRTB,Deputado Estadual,3,7,2018
65001,GLAUBER DA SILVA,PC do B,Deputado Estadual,3,7,2018
55826,CLARICE SILVA BARBOSA,PSD,Deputado Estadual,3,7,2018
16800,MARIO CÉSAR BARBOSA CONCEIÇÃO,PSTU,Deputado Estadual,3,7,2018
51052,EDUARDO MONTEIRO,PATRI,Deputado Estadual,3,7,2018
51006,THAIS CRISTINA DE CASTRO CONDE GALVAO,PATRI,Deputado Estadual,3,7,2018
19192,JOÃO ROBERTO DE SIQUEIRA,PODE,Deputado Estadual,3,7,2018
65222,SIDNEI LUIZ PEREIRA,PC do B,Deputado Estadual,3,7,2018
65165,FRANCISCA RODRIGUES BARBOSA BRITTO,PC do B,Deputado Estadual,3,7,2018
16789,ELLEN RUIZ,PSTU,Deputado Estadual,3,7,2018
36777,EDVALDO DA SILVA GABRIEL,PTC,Deputado Estadual,3,7,2018
16234,EVELINE GUIMARÃES,PSTU,Deputado Estadual,3,7,2018
16116,JOSE ADELMO LEITE,PSTU,Deputado Estadual,3,7,2018
19191,GEREMIAS NUNES DE SIQUEIRA,PODE,Deputado Estadual,3,7,2018
19165,FERNANDO DIAS DA COSTA,PODE,Deputado Estadual,3,7,2018
50950,JOSE HERMENEGILDO DE MARTIN,PSOL,Deputado Estadual,3,7,2018
50720,WLISSES DANIEL SILVA CABRAL,PSOL,Deputado Estadual,3,7,2018
19319,FRANCISCA MARIA DO NASCIMENTO SOUSA,PODE,Deputado Estadual,3,7,2018
44111,PAULO MEDEIROS DOS SANTOS,PRP,Deputado Estadual,3,7,2018
19250,NATALIA DE ALMEIDA NASCIMENTO,PODE,Deputado Estadual,3,7,2018
19233,IEDA COSTA DE OLIVEIRA,PODE,Deputado Estadual,3,7,2018
50620,MARCOS ROBERTO COELHO,PSOL,Deputado Estadual,3,7,2018
16006,EDINOEL CARVALHO VEIGA,PSTU,Deputado Estadual,3,7,2018
15888,RICARDO LOURENÇO DO CARMO,MDB,Deputado Estadual,3,7,2018
65432,BRAZ HENRIQUE TELES,PC do B,Deputado Estadual,3,7,2018
65379,EUNICE ALVES DE OLIVEIRA NORONHA,PC do B,Deputado Estadual,3,7,2018
70188,SIDNEY MATOS DE SOUZA,AVANTE,Deputado Estadual,3,7,2018
70074,STEPHANY AKIE NAKAMORI NOVAES RIBEIRO,AVANTE,Deputado Estadual,3,7,2018
35500,JOÃO MIGUEL ALVES,PMB,Deputado Estadual,3,7,2018
70071,RAFAEL PINHEIRO DOS SANTOS,AVANTE,Deputado Estadual,3,7,2018
70040,JOSÉ NUNES DE MORAIS,AVANTE,Deputado Estadual,3,7,2018
65888,LOURIVALDO PRATES,PC do B,Deputado Estadual,3,7,2018
50235,VALERIA MAURICIO,PSOL,Deputado Estadual,3,7,2018
50197,VALDIR JOSE UCHOA,PSOL,Deputado Estadual,3,7,2018
19500,GILBERTO DANIEL JUNIOR,PODE,Deputado Estadual,3,7,2018
19733,JUSSIMAR AMELENTINO JOSEFINO,PODE,Deputado Estadual,3,7,2018
19550,JOSE MARCIO DE CAMPOS,PODE,Deputado Estadual,3,7,2018
19789,JOCELINO JOSE DE SANTANA,PODE,Deputado Estadual,3,7,2018
50036,REGIS MARQUES RIBEIRO,PSOL,Deputado Estadual,3,7,2018
50013,EDINALDO DOS SANTOS MACEDO,PSOL,Deputado Estadual,3,7,2018
70600,CARLOS ALBERTO DE ARRUDA,AVANTE,Deputado Estadual,3,7,2018
70400,ELIZEU MARTINS FELICIANO,AVANTE,Deputado Estadual,3,7,2018
15018,ELIEL JUNQUEIRA FERNANDES,MDB,Deputado Estadual,3,7,2018
30930,JOAO BATISTA DE OLIVEIRA SOBRINHO,NOVO,Deputado Estadual,3,7,2018
35163,ROSIMEIRE SANTOS CESCHINI,PMB,Deputado Estadual,3,7,2018
77077,ANDRÉ LUIS PALADINO,SOLIDARIEDADE,Deputado Estadual,3,7,2018
14345,CÉSAR RAMOS DA COSTA,PTB,Deputado Estadual,3,7,2018
70700,DANIEL ALVES REQUEJO,AVANTE,Deputado Estadual,3,7,2018
22002,VERA LUCIA LANGELLOTTI VELLO,PR,Deputado Estadual,3,7,2018
22045,JOSEFA FÁTIMA DE LIRA,PR,Deputado Estadual,3,7,2018
44544,ISAIAS GUEDES GUIMARÃES,PRP,Deputado Estadual,3,7,2018
22210,JOSE BRANCO PERES NETO,PR,Deputado Estadual,3,7,2018
22303,FABIANE MARQUES DE SOUZA CAMPOS,PR,Deputado Estadual,3,7,2018
77888,NIELTON CARVALHO DE MATOS,SOLIDARIEDADE,Deputado Estadual,3,7,2018
77787,JOSÉ VELOZO,SOLIDARIEDADE,Deputado Estadual,3,7,2018
13015,CLAUDILSON LEITE PEREIRA,PT,Deputado Estadual,3,7,2018
77500,IVANETE ANTONIA DA COSTA,SOLIDARIEDADE,Deputado Estadual,3,7,2018
13249,ELENITA DO CARMO OLIVEIRA MARTINS,PT,Deputado Estadual,3,7,2018
90038,MAURICIO TEIXEIRA ALVES,PROS,Deputado Estadual,3,7,2018
31789,GUSTAVO COELHO DA SILVA,PHS,Deputado Estadual,3,7,2018
31787,AUGUSTO VIEIRA DA SILVA,PHS,Deputado Estadual,3,7,2018
12340,JOSE SEBASTIAO FILHO,PDT,Deputado Estadual,3,7,2018
31631,RONALDO FRANCISCO DA CRUZ,PHS,Deputado Estadual,3,7,2018
31117,JAIRO PEDRO DE ASSIS,PHS,Deputado Estadual,3,7,2018
90100,VALDEMIR SARTORI DA SILVA,PROS,Deputado Estadual,3,7,2018
12900,MANOEL JOSÉ DE ALENCAR FILHO,PDT,Deputado Estadual,3,7,2018
12712,HERNANI JOSÉ BARRETO DA SILVA,PDT,Deputado Estadual,3,7,2018
12622,SANDRA MARIA DOS SANTOS,PDT,Deputado Estadual,3,7,2018
12612,LIZETE MARIA CORREA VALLEJO MORALES,PDT,Deputado Estadual,3,7,2018
27111,ROBERTO AUGUSTO PROCOPIO FERREIRA,DC,Deputado Estadual,3,7,2018
22822,JONAS DE SOUZA CAMISA NOVA,PR,Deputado Estadual,3,7,2018
22675,GERVINO CLÁUDIO GONÇALVES,PR,Deputado Estadual,3,7,2018
27100,ANTONIO JORGE FILHO,DC,Deputado Estadual,3,7,2018
90773,ALEX PAULO,PROS,Deputado Estadual,2,7,2018
90909,JOSEFA CONCEICAO OLIVEIRA SILVA LABELA,PROS,Deputado Estadual,2,7,2018
17989,MOISÉS COSTA DE SOUSA,PSL,Deputado Estadual,2,7,2018
27464,KILDARE ANTONIO DE ARAUJO,DC,Deputado Estadual,2,7,2018
90456,CARLOS HENRIQUE DOS SANTOS,PROS,Deputado Estadual,2,7,2018
90501,ALEXSSANDER DE OLIVEIRA,PROS,Deputado Estadual,2,7,2018
31139,ELIAS DIAS DOS SANTOS,PHS,Deputado Estadual,2,7,2018
90911,ROGÉRIO VALDECI DE LIMA,PROS,Deputado Estadual,2,7,2018
17015,CLAUDETE MARIA MARTINS,PSL,Deputado Estadual,2,7,2018
90144,JOSE ANTONIO DOS SANTOS,PROS,Deputado Estadual,2,7,2018
27127,EDSON CARLOS MIRANDA MONTEIRO,DC,Deputado Estadual,2,7,2018
44800,MARCELO DONIZETTI FARIA RAMALHO,PRP,Deputado Estadual,2,7,2018
90198,MARCIAL MARAJA MARCELINO,PROS,Deputado Estadual,2,7,2018
65105,LUIZ ALBERTO DA SILVA,PC do B,Deputado Estadual,2,7,2018
40401,LUCIANA OLIVEIRA DE PAIVA,PSB,Deputado Estadual,2,7,2018
28122,YURI GAMA COSTA,PRTB,Deputado Estadual,2,7,2018
18360,JEFFERSON SANTOS DA SILVA,REDE,Deputado Estadual,2,7,2018
54789,ROSLAVIO ALFREDO GRAF JUNIOR,PPL,Deputado Estadual,2,7,2018
65021,LUIS CARLOS SOARES DE OLIVEIRA,PC do B,Deputado Estadual,2,7,2018
54007,FERNANDO RODRIGO DE CARVALHO,PPL,Deputado Estadual,2,7,2018
54035,REGINA MARILIA PRADO MANSSUR,PPL,Deputado Estadual,2,7,2018
90128,DENIS AMBROSIO DA SILVA,PROS,Deputado Estadual,2,7,2018
90020,MARCOS GALESI,PROS,Deputado Estadual,2,7,2018
44441,ALESSANDRO MOGLIA,PRP,Deputado Estadual,2,7,2018
44445,MOYSES GABRIEL,PRP,Deputado Estadual,2,7,2018
90077,ANDREIA SANTINA CAPATTO,PROS,Deputado Estadual,2,7,2018
90350,MARCELO DA SILVA,PROS,Deputado Estadual,2,7,2018
54322,JOAO LUIZ LEITE,PPL,Deputado Estadual,2,7,2018
51664,ELIABE VENANCIO AIRES,PATRI,Deputado Estadual,2,7,2018
36789,ROGERIO JACOMO MICHELETTI,PTC,Deputado Estadual,2,7,2018
17046,LUANA RIBEIRO MIRANDA MASSUIA,PSL,Deputado Estadual,2,7,2018
28026,EMERSON PEIXOTO,PRTB,Deputado Estadual,2,7,2018
51707,MEGIONE BASSETTO DE CASTRO,PATRI,Deputado Estadual,2,7,2018
51749,RUTE DA COSTA ESMAEL LOPES,PATRI,Deputado Estadual,2,7,2018
51762,THIAGO BARBOZA LUZ,PATRI,Deputado Estadual,2,7,2018
36019,ROSANA CASSIA DOS SANTOS,PTC,Deputado Estadual,2,7,2018
16107,RAQUEL DE PAULA,PSTU,Deputado Estadual,2,7,2018
19011,WALMIR BAPTISTA RIGUEIRA,PODE,Deputado Estadual,2,7,2018
19014,MANOEL SANTANA PAULO,PODE,Deputado Estadual,2,7,2018
20999,ROSANGELA APARECIDA SILVEIRA GIORDANI,PSC,Deputado Estadual,2,7,2018
22228,MARIA GILCELIA DE ASSIS,PR,Deputado Estadual,2,7,2018
22260,BRUNO JACINTHO,PR,Deputado Estadual,2,7,2018
31973,ALEXANDRE OLIMPIO DOS SANTOS,PHS,Deputado Estadual,2,7,2018
90115,ELIZABETH DUTRA DA SILVA,PROS,Deputado Estadual,2,7,2018
51526,ANDRÉ ITALO MAURO,PATRI,Deputado Estadual,2,7,2018
51533,VALDEMAR DIAS PEREIRA FILHO,PATRI,Deputado Estadual,2,7,2018
65565,EVELYN CAVALCANTE CARLOS,PC do B,Deputado Estadual,2,7,2018
65666,ANTONIO CARLOS FERREIRA DE OLIVEIRA,PC do B,Deputado Estadual,2,7,2018
65677,GUARACI FERNANDO CAMPOS,PC do B,Deputado Estadual,2,7,2018
65688,ROBERTO FERREIRA DE MENEZES,PC do B,Deputado Estadual,2,7,2018
65777,SAMUEL EUZÉBIO DE OLIVEIRA,PC do B,Deputado Estadual,2,7,2018
65865,GABRIEL SOARES GONÇALVES,PC do B,Deputado Estadual,2,7,2018
15601,MARCOS LEANDRO GOMES VIEIRA,MDB,Deputado Estadual,2,7,2018
31009,WALTER PAIVA CIGLIONI,PHS,Deputado Estadual,2,7,2018
90015,GILBERTO PEREIRA DOS SANTOS,PROS,Deputado Estadual,2,7,2018
50147,ELIANAI MAESTRELLO DE LYRA,PSOL,Deputado Estadual,2,7,2018
19600,EUVALDO REIS DOS SANTOS MENEZES,PODE,Deputado Estadual,2,7,2018
44190,JEAN PIERRE FERREIRA DA SILVA,PRP,Deputado Estadual,2,7,2018
22133,SERGIO ANTONIO DONHA,PR,Deputado Estadual,2,7,2018
22177,LUCIANO FEITOSA DE MELO,PR,Deputado Estadual,2,7,2018
31055,JERUSA JANUÁRIA DA SILVA,PHS,Deputado Estadual,2,7,2018
90010,ELIANE MARESCALCHI BRITO,PROS,Deputado Estadual,2,7,2018
15180,RENATA DE OLIVEIRA COELHO,MDB,Deputado Estadual,2,7,2018
15315,DILSON DIAS RIBEIRO,MDB,Deputado Estadual,2,7,2018
70006,MÁRCIO PIMENTEL BENVENUTO,AVANTE,Deputado Estadual,2,7,2018
70009,ALEXANDRE MIGUEL COSTA,AVANTE,Deputado Estadual,2,7,2018
15091,ROBSON LUIS MARTUCHI,MDB,Deputado Estadual,2,7,2018
15097,CELINA RODRIGUES LOPES,MDB,Deputado Estadual,2,7,2018
77154,FLORISA BATISTA DE ALMEIDA,SOLIDARIEDADE,Deputado Estadual,2,7,2018
44411,AMAURY CUNHA CÂMARA,PRP,Deputado Estadual,2,7,2018
19610,CREUSA VIEIRA DANTAS ARAÚJO,PODE,Deputado Estadual,2,7,2018
19630,LUIZ EDUARDO OLIVEIRA ALVES,PODE,Deputado Estadual,2,7,2018
19720,ELISABEL APARECIDA DA CONCEIÇÃO,PODE,Deputado Estadual,2,7,2018
19851,DORA MARIA MACHADO,PODE,Deputado Estadual,2,7,2018
19890,ALESSANDRO AUREO RAFALDINI OLIVEIRA,PODE,Deputado Estadual,2,7,2018
44012,PATRICIA DE ARRUDA APOLINÁRIO,PRP,Deputado Estadual,2,7,2018
44027,MARIA JOSE DA SILVA,PRP,Deputado Estadual,2,7,2018
51121,ANTÔNIO MARCOS RODRIGUES,PATRI,Deputado Estadual,2,7,2018
19099,CUSTÓDIO TAVARES FERNANDES JUNIOR,PODE,Deputado Estadual,2,7,2018
19112,JOEL FRANCISCO BARBOSA,PODE,Deputado Estadual,2,7,2018
51127,VALDIR HENRIQUE DOS SANTOS FERREIRA,PATRI,Deputado Estadual,2,7,2018
51200,JAIR RAMALHO DA SILVA,PATRI,Deputado Estadual,2,7,2018
44088,WALTER BONETTI,PRP,Deputado Estadual,2,7,2018
35755,TIAGO CESAR GONÇALVES,PMB,Deputado Estadual,2,7,2018
70147,ÂNGELA MARIA MAGALHÃES,AVANTE,Deputado Estadual,2,7,2018
77688,JOÃO BATISTA SILVA,SOLIDARIEDADE,Deputado Estadual,2,7,2018
31028,MARCOS ANTONIO PREZENÇA,PHS,Deputado Estadual,2,7,2018
33651,RITA DE CASSIA MENEZES SANTOS NASCIMENTO,PMN,Deputado Estadual,2,7,2018
77121,WAGNER RIBEIRO GOMES,SOLIDARIEDADE,Deputado Estadual,2,7,2018
33223,SANDRO CUNHA,PMN,Deputado Estadual,2,7,2018
33321,MICHAEL REGINALDO OLIVEIRA DO NASCIMENTO,PMN,Deputado Estadual,2,7,2018
51053,CARLA ISOLA CASALE,PATRI,Deputado Estadual,2,7,2018
51077,HELENA MARIA LEME BARBOSA,PATRI,Deputado Estadual,2,7,2018
51090,RONALDO ROSA DE ALMEIDA,PATRI,Deputado Estadual,2,7,2018
51019,ANDERSON DIAS DE MENESES,PATRI,Deputado Estadual,2,7,2018
70200,JOÃO CARLOS ANDRÉ,AVANTE,Deputado Estadual,2,7,2018
35555,WENCESLAU DE SOUZA NETO,PMB,Deputado Estadual,2,7,2018
19337,JOAQUIM FERREIRA NETO,PODE,Deputado Estadual,2,7,2018
50980,GILBERTO MARQUES,PSOL,Deputado Estadual,2,7,2018
44124,DALILA RITA VITOR DOS SANTOS DA SILVA,PRP,Deputado Estadual,2,7,2018
44130,JOSE EDVALDO BRITO,PRP,Deputado Estadual,2,7,2018
19433,JACEGUAY NUNES GÓES,PODE,Deputado Estadual,2,7,2018
19511,GILDAECIO SOARES DE SOUSA,PODE,Deputado Estadual,2,7,2018
14007,ALESSANDRO RIOS CONFORTI,PTB,Deputado Estadual,2,7,2018
50567,JAIR RODRIGUES DE CARVALHO,PSOL,Deputado Estadual,2,7,2018
19234,CARLOS ROBERTO DE CARVALHO,PODE,Deputado Estadual,2,7,2018
70555,CARLOS ALBERTO MARIANO,AVANTE,Deputado Estadual,2,7,2018
70333,CRISTIANO GASPERINE,AVANTE,Deputado Estadual,2,7,2018
19211,CAIO AUGUSTO PASTORI DOS SANTOS,PODE,Deputado Estadual,2,7,2018
50999,SANDRO CUNHA DOS SANTOS,PSOL,Deputado Estadual,2,7,2018
51007,SÉRGIO GUERRA,PATRI,Deputado Estadual,2,7,2018
51011,MARCIA FERREIRA LUCAS,PATRI,Deputado Estadual,2,7,2018
44122,DEYVISON ERIK GASPAR,PRP,Deputado Estadual,2,7,2018
70753,MARCO ANTONIO DA SILVA EVARISTO,AVANTE,Deputado Estadual,2,7,2018
70787,MARCOS AURÉLIO MONTEMOR JUNIOR,AVANTE,Deputado Estadual,2,7,2018
14145,MARIA TERESA DA SILVA LATTARI,PTB,Deputado Estadual,2,7,2018
90290,LUCIANA APARECIDA FRAGOSO DA SILVA,PROS,Deputado Estadual,2,7,2018
31234,MARCUS VINÍCIUS ANDRADE AMBRÓSIO,PHS,Deputado Estadual,2,7,2018
31311,NOELI PEREIRA MAESTER,PHS,Deputado Estadual,2,7,2018
90336,LUCAS JULIANO SUSCO,PROS,Deputado Estadual,2,7,2018
28888,CÍCERO JOSÉ DE GOUVEIA,PRTB,Deputado Estadual,2,7,2018
54991,ROSANE OLIVEIRA DA COSTA,PPL,Deputado Estadual,2,7,2018
17206,JOELMA MAXICIMA DA FONSECA,PSL,Deputado Estadual,2,7,2018
90523,CÉLIA BRITO GARCIA,PROS,Deputado Estadual,2,7,2018
10005,MARCIA ROZANA FIDELIS,PRB,Deputado Estadual,1,7,2018
90600,REGINALDO APARECIDO BATISTA,PROS,Deputado Estadual,1,7,2018
28789,OSEIAS PINO GUARDIOLA,PRTB,Deputado Estadual,1,7,2018
28765,RICARDO DOS SANTOS RABAÇA,PRTB,Deputado Estadual,1,7,2018
28718,ÍTALO GOSMANI MOLON,PRTB,Deputado Estadual,1,7,2018
28111,DEIVID LOPES DA SILVA,PRTB,Deputado Estadual,1,7,2018
28080,MARIA IZABEL PRANDO,PRTB,Deputado Estadual,1,7,2018
28051,JOSÉ LUIZ GLADCHI,PRTB,Deputado Estadual,1,7,2018
28500,MARCELA TEIXEIRA BERNARDO,PRTB,Deputado Estadual,1,7,2018
28328,GETÚLIO DE SOUSA SANTOS,PRTB,Deputado Estadual,1,7,2018
28282,FABIO SILINGARDI,PRTB,Deputado Estadual,1,7,2018
28246,ILDETE FERREIRA DO PRADO COSTA,PRTB,Deputado Estadual,1,7,2018
17998,GLORIA NEY FERNANDES,PSL,Deputado Estadual,1,7,2018
55321,JONATHAN AMORA DE RAGO,PSD,Deputado Estadual,1,7,2018
55110,ANTONIO MARCOS DA SILVA POLYCENO,PSD,Deputado Estadual,1,7,2018
90322,GIVALDO JOSE DA SILVA,PROS,Deputado Estadual,1,7,2018
12177,GILVAN SANTOS SOUZA FILHO,PDT,Deputado Estadual,1,7,2018
90375,GILVAN APARECIDO FERNANDES ASNAR,PROS,Deputado Estadual,1,7,2018
44631,JONAS FONTOURA SANTANA,PRP,Deputado Estadual,1,7,2018
22552,GRAÇA ERNESTINA ANAY SILVA DIAS,PR,Deputado Estadual,1,7,2018
27047,CELIA APARECIDA FAGUNDES LEITE,DC,Deputado Estadual,1,7,2018
31183,VALDIR DONIZETE FLAUSINO,PHS,Deputado Estadual,1,7,2018
10148,SILVIA CRISTINA ASPRINO SOARES,PRB,Deputado Estadual,1,7,2018
90987,FABIO DO CARMO SANTOS,PROS,Deputado Estadual,1,7,2018
14540,ANDREIA CARVALHO DE SOUZA,PTB,Deputado Estadual,1,7,2018
14333,JONAS FERNANDES CASTRO,PTB,Deputado Estadual,1,7,2018
70444,SANDERSON RIBEIRO CORREIA DE LIMA,AVANTE,Deputado Estadual,1,7,2018
70369,PAULO HENRIQUE COELHO MARBACK D OLIVEIRA,AVANTE,Deputado Estadual,1,7,2018
70737,MICHELLE APARECIDA LAFAIETE CORRÊA DOS SANTOS,AVANTE,Deputado Estadual,1,7,2018
70727,LUCIANE MACHADO DA CUNHA SOUZA,AVANTE,Deputado Estadual,1,7,2018
70720,JOICE APARECIDA GOMES DA CRUZ,AVANTE,Deputado Estadual,1,7,2018
44117,MARCOS FRANCISCO DE MORAES,PRP,Deputado Estadual,1,7,2018
44113,MOISES FERREIRA DA SILVA,PRP,Deputado Estadual,1,7,2018
51016,ROSANA FEITOSA ALVES,PATRI,Deputado Estadual,1,7,2018
70977,PAULO TADEU MARTINS JUSSIO,AVANTE,Deputado Estadual,1,7,2018
70111,AURELIO SANTUCCI,AVANTE,Deputado Estadual,1,7,2018
70110,NILTON DANTAS,AVANTE,Deputado Estadual,1,7,2018
15013,ZAIRA AMARAL ALVES DE ABREU,MDB,Deputado Estadual,1,7,2018
31005,NELSON FERREIRA FILHO,PHS,Deputado Estadual,1,7,2018
35123,AIRTON DA COSTA,PMB,Deputado Estadual,1,7,2018
70345,JOSÉ CARLOS DA SILVA,AVANTE,Deputado Estadual,1,7,2018
70341,LUIZ CARLOS DOS ANJOS FREITAS,AVANTE,Deputado Estadual,1,7,2018
70642,ALESSANDRO AMORIM DE OLIVEIRA,AVANTE,Deputado Estadual,1,7,2018
70565,EDILEUSA MARIA ALVES DO NASCIMENTO,AVANTE,Deputado Estadual,1,7,2018
70447,KEILA ZIBORDI MORAES CARVALHO,AVANTE,Deputado Estadual,1,7,2018
19180,MADALENA LEITE,PODE,Deputado Estadual,1,7,2018
50479,SIDNEI APARECIDO GARCIA,PSOL,Deputado Estadual,1,7,2018
70956,LUIZ HENRIQUE CORONADO DA PAZ,AVANTE,Deputado Estadual,1,7,2018
70888,BEIJOMAR GOMES DE OLIVEIRA,AVANTE,Deputado Estadual,1,7,2018
70877,ANDERSON JOSÉ FRANCISCO,AVANTE,Deputado Estadual,1,7,2018
14045,LUCIMAR FREIRE DE ALMEIDA SILVA,PTB,Deputado Estadual,1,7,2018
19499,FLAVIANE MENESES AQUINO,PODE,Deputado Estadual,1,7,2018
19400,FRANCISCO NUNES SOBRINHO,PODE,Deputado Estadual,1,7,2018
19399,GLAUCIA PERES CÍLIA GONÇALVES,PODE,Deputado Estadual,1,7,2018
44176,MARCELO ROMANO GONÇALVES,PRP,Deputado Estadual,1,7,2018
19150,MARCELO LINS,PODE,Deputado Estadual,1,7,2018
35456,MARIA TERESA LANDUCCI ROSSIGALLI,PMB,Deputado Estadual,1,7,2018
31015,CÍCERA ALVES DO NASCIMENTO SOARES,PHS,Deputado Estadual,1,7,2018
70210,ANTÔNIO JOSÉ DE SOUZA SANTOS,AVANTE,Deputado Estadual,1,7,2018
51029,MARCOS ANDRE SANTOS MESSIAS,PATRI,Deputado Estadual,1,7,2018
51025,ELISMONICA SOUZA SILVA,PATRI,Deputado Estadual,1,7,2018
51022,RENATA MARCIA ALVES BRAGA,PATRI,Deputado Estadual,1,7,2018
51081,MARCOS JOSÉ DO VALLE,PATRI,Deputado Estadual,1,7,2018
13068,MARCELO PEDROSO DE OLIVEIRA,PT,Deputado Estadual,1,7,2018
70789,MARCOS EDUARDO RODRIGUES,AVANTE,Deputado Estadual,1,7,2018
77112,VERA LÚCIA ROSA DIAS,SOLIDARIEDADE,Deputado Estadual,1,7,2018
33555,JOSIVAN FERREIRA DE ASSIS,PMN,Deputado Estadual,1,7,2018
31026,PAULO BARBOSA FRANCISCO,PHS,Deputado Estadual,1,7,2018
77407,ISABEL CRISTINA VIEIRA,SOLIDARIEDADE,Deputado Estadual,1,7,2018
44301,ODIVA FERNANDES MENEZES,PRP,Deputado Estadual,1,7,2018
44255,EVERALDO CAETANO DA SILVA,PRP,Deputado Estadual,1,7,2018
44223,MARTA CORREA DOS SANTOS,PRP,Deputado Estadual,1,7,2018
44222,ROSANGELA HENRIQUE DE LIMA,PRP,Deputado Estadual,1,7,2018
44106,ANGELA ALVES PEREIRA GOUVEIA,PRP,Deputado Estadual,1,7,2018
44100,ANTONIO ELITON SANTOS DE BRITO,PRP,Deputado Estadual,1,7,2018
15078,JOSÉ BERNARDO ALVES,MDB,Deputado Estadual,1,7,2018
15074,JOSE PAIM ANUNCIAÇÃO FILHO,MDB,Deputado Estadual,1,7,2018
70077,ISMERAÍ EGIDIO DA SILVA,AVANTE,Deputado Estadual,1,7,2018
44062,PAULO PRADO LEITE,PRP,Deputado Estadual,1,7,2018
44055,JACKSON CARLOS SOUZA DO SACRAMENTO,PRP,Deputado Estadual,1,7,2018
51158,WASHINGTON SOUZA CARDOSO DOS SANTOS,PATRI,Deputado Estadual,1,7,2018
51151,RENAN ELIAS GODINHO,PATRI,Deputado Estadual,1,7,2018
19146,SARA REGINA FERREIRA DE MELO LUIZ,PODE,Deputado Estadual,1,7,2018
19129,ELINELMA SOUZA BARRETO,PODE,Deputado Estadual,1,7,2018
19125,HELIO GONÇALVES FIRMO,PODE,Deputado Estadual,1,7,2018
35678,SARA REGINA ADÃO SILVA,PMB,Deputado Estadual,1,7,2018
35600,ADILSON ALVES DE OLIVEIRA,PMB,Deputado Estadual,1,7,2018
70034,PLINIO MARCOS DE LIMA,AVANTE,Deputado Estadual,1,7,2018
70030,GILBERTO ROQUE JACINTO,AVANTE,Deputado Estadual,1,7,2018
19113,JOSÉ EUGENIO DA SILVA,PODE,Deputado Estadual,1,7,2018
19090,ANTONIO WLADEMIR DA SILVA,PODE,Deputado Estadual,1,7,2018
51120,EDSON RICARDO DE CARVALHO SOUZA,PATRI,Deputado Estadual,1,7,2018
51300,DEUSDETE PEREIRA MARINHO,PATRI,Deputado Estadual,1,7,2018
44023,GRECIONE MAGALHÃES DE ALMEIDA,PRP,Deputado Estadual,1,7,2018
44022,TELMA GIMENEZ LOUREIRO,PRP,Deputado Estadual,1,7,2018
31022,MARA CRISTINA DA SILVA TAVARES,PHS,Deputado Estadual,1,7,2018
31021,PEDRO AUGUSTO MÁXIMO FAVARON,PHS,Deputado Estadual,1,7,2018
33111,MAYCON HYPPOLITO NOGUEIRA,PMN,Deputado Estadual,1,7,2018
19527,LUIZ ANTONIO DE SOUZA,PODE,Deputado Estadual,1,7,2018
50088,PAULO PEREIRA ROCHA,PSOL,Deputado Estadual,1,7,2018
44343,PATRICIA CONSUELO DE SOUZA,PRP,Deputado Estadual,1,7,2018
77178,GERALDO RODRIGUES DE SOUZA,SOLIDARIEDADE,Deputado Estadual,1,7,2018
77880,MARIA NILVA SEVERINO GONÇALVES,SOLIDARIEDADE,Deputado Estadual,1,7,2018
77877,CLODOALDO MACIEL FILHO,SOLIDARIEDADE,Deputado Estadual,1,7,2018
44008,SERGIO ALBUQUERQUE LIMA,PRP,Deputado Estadual,1,7,2018
16026,JOSE DE ARIMATEA PAIVA NUNES,PSTU,Deputado Estadual,1,7,2018
36250,LUCIO FLAVIO PICANÇA FREIRE,PTC,Deputado Estadual,1,7,2018
70020,URIAS GONÇALVES DA SILVA FILHO,AVANTE,Deputado Estadual,1,7,2018
70007,JAIRO DOS SANTOS,AVANTE,Deputado Estadual,1,7,2018
15345,ETELVINO CAETANO DA SILVA,MDB,Deputado Estadual,1,7,2018
44002,JOSE FERNANDO DA SILVA LUZ,PRP,Deputado Estadual,1,7,2018
51233,JOSE CARLOS BISPO DOS SANTOS,PATRI,Deputado Estadual,1,7,2018
19036,GERSON FELIP CURPIEVSKY,PODE,Deputado Estadual,1,7,2018
51381,MARIA INÊS GIANINI,PATRI,Deputado Estadual,1,7,2018
90003,ILMAR CÉSAR CAVALCANTI MUNIZ,PROS,Deputado Estadual,1,7,2018
33216,ROBERTO VIEIRA DIAS,PMN,Deputado Estadual,1,7,2018
33150,JOÃO MARCOS LEITE,PMN,Deputado Estadual,1,7,2018
22005,NEUSA MARIA RODRIGUES RACOSTA,PR,Deputado Estadual,1,7,2018
22181,FABIANO MESSIAS BORGES DA SILVA,PR,Deputado Estadual,1,7,2018
44182,EDINEI ROCHA SANTANA,PRP,Deputado Estadual,1,7,2018
50135,RAFAEL FRANCIS OLIVA,PSOL,Deputado Estadual,1,7,2018
31032,JUAREZ DE CARVALHO COSTA,PHS,Deputado Estadual,1,7,2018
70003,ROGÉRIO AUGUSTO PAVÃO,AVANTE,Deputado Estadual,1,7,2018
65945,NEI ROBSON MEDEIROS DE ARAUJO,PC do B,Deputado Estadual,1,7,2018
36010,REANOLFO CLAUDIO DE SIQUEIRA,PTC,Deputado Estadual,1,7,2018
65475,RENATA CZEKAY,PC do B,Deputado Estadual,1,7,2018
51346,ARY LOPES DA CRUZ,PATRI,Deputado Estadual,1,7,2018
51345,HALSE MICHELLINE TAVARES COELHO,PATRI,Deputado Estadual,1,7,2018
90113,ROSEMEIRE RIBEIRO CASTILHO,PROS,Deputado Estadual,1,7,2018
31660,HELENA APARECIDA GOMES,PHS,Deputado Estadual,1,7,2018
31990,ELIAS DOS ANJOS,PHS,Deputado Estadual,1,7,2018
31780,BRAZ PEREIRA,PHS,Deputado Estadual,1,7,2018
22044,ALAN BEZERRA GOMES,PR,Deputado Estadual,1,7,2018
22218,MARIA EMILIA DANTAS OLIVEIRA,PR,Deputado Estadual,1,7,2018
50033,SIRLEI PEREIRA LIMA GOBI,PSOL,Deputado Estadual,1,7,2018
20175,EBENEZER DE PAULA,PSC,Deputado Estadual,1,7,2018
22031,CRISTIANE APARECIDA CELLA,PR,Deputado Estadual,1,7,2018
22017,FRANCISCO ALEXANDRE GUERREIRO GOMES,PR,Deputado Estadual,1,7,2018
31770,MARIA JOSETANIA DE OLIVEIRA TEIXEIRA,PHS,Deputado Estadual,1,7,2018
51491,GONZAGA MENDES DE OLIVEIRA,PATRI,Deputado Estadual,1,7,2018
65420,MARCOS AURÉLIO DOS SANTOS,PC do B,Deputado Estadual,1,7,2018
65230,CINTIA MARA GONÇALVES MUNIZ,PC do B,Deputado Estadual,1,7,2018
65161,MIRIAM APARECIDA DA SILVA,PC do B,Deputado Estadual,1,7,2018
16600,SANDRA DE MOURA CLEMENTINO DA SILVA,PSTU,Deputado Estadual,1,7,2018
36111,MARCELO LUCIANO DA SILVA,PTC,Deputado Estadual,1,7,2018
36016,CLAUDIA OLIVEIRA RODRIGUES SANTOS,PTC,Deputado Estadual,1,7,2018
51478,MARIA DERLÂNIA LIMA SANTOS,PATRI,Deputado Estadual,1,7,2018
51455,CLAUDENICE JEFERSINA SANTANA DA SILVA,PATRI,Deputado Estadual,1,7,2018
51760,LAURINDA FRANCISCA DOS SANTOS,PATRI,Deputado Estadual,1,7,2018
51751,GILVANETE BATISTA DE MORAIS,PATRI,Deputado Estadual,1,7,2018
28200,ERICH DE ANDRÉS,PRTB,Deputado Estadual,1,7,2018
28600,PATRÍCIA GUERREIRO,PRTB,Deputado Estadual,1,7,2018
28513,JOSÉ CARLOS ROCHA,PRTB,Deputado Estadual,1,7,2018
28510,LUIZETE FERREIRA DA SILVA,PRTB,Deputado Estadual,1,7,2018
27600,LETICIA IANCA MATOS,DC,Deputado Estadual,1,7,2018
27563,ALMIR JOSE DE MELO,DC,Deputado Estadual,1,7,2018
18108,CLÁUDIO DA SILVA VERÍSSIMO,REDE,Deputado Estadual,1,7,2018
18081,ANTONIO BETE NETO,REDE,Deputado Estadual,1,7,2018
54040,MARCOS ROBERTO OLIVAL DIAS,PPL,Deputado Estadual,1,7,2018
90131,ANTONIO MARCOS GOMES SENA,PROS,Deputado Estadual,1,7,2018
90345,DAVID SANTANA DA SILVA,PROS,Deputado Estadual,1,7,2018
90086,CAMILA CORREA TOLEDO,PROS,Deputado Estadual,1,7,2018
12789,PAULO ALVES PEREIRA,PDT,Deputado Estadual,1,7,2018
44700,ITAMAR SENA,PRP,Deputado Estadual,1,7,2018
44677,ADRIANA SOUZA DOS SANTOS PEREIRA,PRP,Deputado Estadual,1,7,2018
44553,ROMILDO FIDELIS,PRP,Deputado Estadual,1,7,2018
12569,SALVADOR RODRIGUES DE SOUZA,PDT,Deputado Estadual,1,7,2018
90033,ANA MARIA SOUZA GONÇALVES,PROS,Deputado Estadual,1,7,2018
90120,JOSÉ ALECXANDRO DA SILVA,PROS,Deputado Estadual,1,7,2018
36555,HELTON MESSIAS,PTC,Deputado Estadual,1,7,2018
65013,JOSÉ MARCOLINO DA SILVA,PC do B,Deputado Estadual,1,7,2018
65008,DECIO DOS SANTOS,PC do B,Deputado Estadual,1,7,2018
65005,GLÉDSON ANTONIO DE PROENÇA,PC do B,Deputado Estadual,1,7,2018
18678,MARCIO VITAL,REDE,Deputado Estadual,1,7,2018
18654,CARLOS DANIEL GOIS LIMA DA SILVA,REDE,Deputado Estadual,1,7,2018
18613,REGINALDO ALEXANDRE MARTINS,REDE,Deputado Estadual,1,7,2018
51773,LUIS CARLOS MIRANDA,PATRI,Deputado Estadual,1,7,2018
54501,OBERVAN DUNGA DOS SANTOS,PPL,Deputado Estadual,1,7,2018
40999,MARCO ANTONIO SILVA,PSB,Deputado Estadual,1,7,2018
65050,RODRIGO FERNANDO ASSIS DOS SANTOS,PC do B,Deputado Estadual,1,7,2018
31531,JONAS DE CASTRO DIAS,PHS,Deputado Estadual,1,7,2018
31130,MARIA DE FATIMA RODRIGUES ANDRADE PIRES,PHS,Deputado Estadual,1,7,2018
90222,MARCELO PEREIRA GUIDIO,PROS,Deputado Estadual,1,7,2018
90200,JOSE GARRIS DEL VALLE,PROS,Deputado Estadual,1,7,2018
90177,WILLAMS ALVES DA SILVA,PROS,Deputado Estadual,1,7,2018
22377,SAMUEL SIQUEIRA,PR,Deputado Estadual,1,7,2018
27137,HUMBERTO DE ALENCAR SILVA,DC,Deputado Estadual,1,7,2018
90147,FLAVIO LUIZ EUGENIO BASTOS,PROS,Deputado Estadual,1,7,2018
90139,FLAVIO LOPES ALVES,PROS,Deputado Estadual,1,7,2018
28112,ANTONIO CARLOS ALVES DE LIRA,PRTB,Deputado Estadual,1,7,2018
55755,LUIZ CARLOS GIANELLI TEIXEIRA,PSD,Deputado Estadual,1,7,2018
90531,MARIA DAS NEVES SILVA DE JESUS,PROS,Deputado Estadual,1,7,2018
90390,RENATO DA SILVA,PROS,Deputado Estadual,1,7,2018
31399,ROSEANE SEPRENYI,PHS,Deputado Estadual,1,7,2018
90508,BENEDITA SUELI DE TOLEDO DIAS,PROS,Deputado Estadual,1,7,2018
90497,FABIOLA CARDI,PROS,Deputado Estadual,1,7,2018
27333,DANIEL CRISÓSTOMO DOS SANTOS,DC,Deputado Estadual,1,7,2018
27154,APARECIDO LOURENÇO,DC,Deputado Estadual,1,7,2018
90789,CELSO DE SOUZA FILHO,PROS,Deputado Estadual,1,7,2018
12066,MAISA CARMAGNANI MESSIAS,PDT,Deputado Estadual,1,7,2018
90543,MARCOS DE AZEVEDO,PROS,Deputado Estadual,1,7,2018
31202,THEREZINHA MARIA DE JESUS DA SILVA,PHS,Deputado Estadual,0,7,2018
90922,IRANILDO DANTAS,PROS,Deputado Estadual,0,7,2018
90971,MARIA EVANGELISTA GOMES BATISTA,PROS,Deputado Estadual,0,7,2018
90977,GIOVANI CORREIA DOS SANTOS,PROS,Deputado Estadual,0,7,2018
22666,ROBERTO DOS SANTOS,PR,Deputado Estadual,0,7,2018
22422,MARIA LUCIA MELLA NAF,PR,Deputado Estadual,0,7,2018
22432,ADEMAR ALVES DE CARVALHO,PR,Deputado Estadual,0,7,2018
44663,MANOEL MILANEZ DA SILVA FILHO,PRP,Deputado Estadual,0,7,2018
31211,RAIMUNDO SOUZA TEIXEIRA,PHS,Deputado Estadual,0,7,2018
31277,LUIZ EUSTAQUIO DOS SANTOS,PHS,Deputado Estadual,0,7,2018
31291,REGINALDO NUNES BEZERRA,PHS,Deputado Estadual,0,7,2018
12181,JAAZIEL BISPO DOS SANTOS,PDT,Deputado Estadual,0,7,2018
12193,GENILDO DANTAS DA SILVA,PDT,Deputado Estadual,0,7,2018
12292,RUTHINEA DE CARVALHO,PDT,Deputado Estadual,0,7,2018
90357,WALDMIRIAN WELLNER CRUZ,PROS,Deputado Estadual,0,7,2018
90367,EDNA APARECIDA DOS SANTOS,PROS,Deputado Estadual,0,7,2018
90130,EDNEI PROCÓPIO DOS SANTOS,PROS,Deputado Estadual,0,7,2018
90158,RITA DE CASSIA DA SILVA VASCONCELOS,PROS,Deputado Estadual,0,7,2018
44774,MARCELO SOLON RODRIGUES,PRP,Deputado Estadual,0,7,2018
44779,DALILA CAMARGO,PRP,Deputado Estadual,0,7,2018
28323,EUDES APARECIDO MARTINS,PRTB,Deputado Estadual,0,7,2018
28353,FRANCISCO SEVERIANO DA SILVA,PRTB,Deputado Estadual,0,7,2018
28388,MARCIO SOUZA RIBEIRO,PRTB,Deputado Estadual,0,7,2018
28492,MARCOS ANTONIO DA CUNHA,PRTB,Deputado Estadual,0,7,2018
28048,JOSE LUIS BARROS FILHO,PRTB,Deputado Estadual,0,7,2018
28090,DANIEL BATISTA,PRTB,Deputado Estadual,0,7,2018
28100,DORIEDSON SIMÃO DE OLIVEIRA,PRTB,Deputado Estadual,0,7,2018
28660,SIMONE MORAIS DOS SANTOS,PRTB,Deputado Estadual,0,7,2018
28777,ELISANDRA DE MATTOS,PRTB,Deputado Estadual,0,7,2018
28800,ROSELI FERREIRA RICARDO,PRTB,Deputado Estadual,0,7,2018
28825,SIMONE APARECIDA DE SOUZA SANO,PRTB,Deputado Estadual,0,7,2018
28901,IZABEL CRISTINA ROSA,PRTB,Deputado Estadual,0,7,2018
40163,LUZINETE ROSA DOS SANTOS,PSB,Deputado Estadual,0,7,2018
54854,PAULO CESAR CANDIDO BARBOSA,PPL,Deputado Estadual,0,7,2018
54855,SAMIRA DIAS DA SILVA ALVES,PPL,Deputado Estadual,0,7,2018
17913,LUCIMARA FERREIRA DE MORAES,PSL,Deputado Estadual,0,7,2018
28199,LEILSON CASTRO DOS SANTOS,PRTB,Deputado Estadual,0,7,2018
28204,FRANCISCO ALVES DA SILVA,PRTB,Deputado Estadual,0,7,2018
28166,JULIO CESAR DE SIMONE,PRTB,Deputado Estadual,0,7,2018
28167,REINALDO RIBEIRO MOTA,PRTB,Deputado Estadual,0,7,2018
28190,OSVALDO SANTOS DA SILVA,PRTB,Deputado Estadual,0,7,2018
54700,LUIZ CARLOS DA SILVA,PPL,Deputado Estadual,0,7,2018
51796,HAYSLAN PIRES GONÇALVES,PATRI,Deputado Estadual,0,7,2018
51877,SONIA APARECIDA GRANITO BARBOSA,PATRI,Deputado Estadual,0,7,2018
65024,FABIO ALVES CABRAL,PC do B,Deputado Estadual,0,7,2018
65040,JAMILE RANGEL DA SILVA,PC do B,Deputado Estadual,0,7,2018
65051,VALERIA CANESTRI,PC do B,Deputado Estadual,0,7,2018
65111,RÔMULO KAZIMIERZ LUSZCZYNSKI,PC do B,Deputado Estadual,0,7,2018
28501,RAIMUNDA NONATA BORGES,PRTB,Deputado Estadual,0,7,2018
18013,RONALDO PRUDENTE,REDE,Deputado Estadual,0,7,2018
55199,WILMA DE FREITAS MALTA,PSD,Deputado Estadual,0,7,2018
28290,OZEIAS UMBELINO PINHEIRO,PRTB,Deputado Estadual,0,7,2018
16100,SILVANA MARIA DA SILVA,PSTU,Deputado Estadual,0,7,2018
36456,MARCELO DA CRUZ DE SOUZA,PTC,Deputado Estadual,0,7,2018
36705,JEFFERSON TORRES DA CRUZ,PTC,Deputado Estadual,0,7,2018
51911,ABEL ELIAS DE CAMARGO,PATRI,Deputado Estadual,0,7,2018
54119,ROBSON FLORA COSIMATTI,PPL,Deputado Estadual,0,7,2018
54290,JALMIRA DO CARMO SILVA COELHO,PPL,Deputado Estadual,0,7,2018
54333,DANIEL FERNAINE DRAGER,PPL,Deputado Estadual,0,7,2018
51678,FLAVIA MARIA DOS ANJOS SILVA,PATRI,Deputado Estadual,0,7,2018
27500,GREGORY WATERKEMPER DE SOUZA,DC,Deputado Estadual,0,7,2018
27532,HELIOMAR COELHO SILVA JUNIOR,DC,Deputado Estadual,0,7,2018
36710,ELIZABET DA SILVA ALMEIDA,PTC,Deputado Estadual,0,7,2018
36888,JOSE MARIA BARBOSA DA SILVA,PTC,Deputado Estadual,0,7,2018
36889,JOYCE FELIX BARBOZA,PTC,Deputado Estadual,0,7,2018
36904,MARCOS PRUDENTE CAJE,PTC,Deputado Estadual,0,7,2018
28518,ANTONIO CARLOS PANTANO,PRTB,Deputado Estadual,0,7,2018
16235,LEANDRO JOSÉ DE SOUZA DUQUE,PSTU,Deputado Estadual,0,7,2018
36070,ALESSANDRO LEITE CAGE,PTC,Deputado Estadual,0,7,2018
36100,MARINA CAFASSO MOREIRA FARIA,PTC,Deputado Estadual,0,7,2018
36132,MILTON ANGELO RODRIGUES FILHO,PTC,Deputado Estadual,0,7,2018
16400,CLEUSA APARECIDA DA TRINDADE,PSTU,Deputado Estadual,0,7,2018
16500,NOURIVAL CARDOSO SANTANA,PSTU,Deputado Estadual,0,7,2018
65167,NEIDE LANDE,PC do B,Deputado Estadual,0,7,2018
65194,SAMIR ANGELO BASSUALDO BENTO,PC do B,Deputado Estadual,0,7,2018
65200,GICÉLIA DOS SANTOS,PC do B,Deputado Estadual,0,7,2018
65229,NATAL DIAS DE OLIVEIRA,PC do B,Deputado Estadual,0,7,2018
65265,GENIVALDO BARBOSA DOS SANTOS,PC do B,Deputado Estadual,0,7,2018
65285,LILIAN SOARES ARAUJO SANTANA,PC do B,Deputado Estadual,0,7,2018
65332,CARMEN MIRANDA ALVES PEREIRA,PC do B,Deputado Estadual,0,7,2018
65345,ELENISIO DE ALMEIDA SILVA,PC do B,Deputado Estadual,0,7,2018
65353,JOSÉ ERIVALDO DA SILVA,PC do B,Deputado Estadual,0,7,2018
65400,WALTER FERNANDES CANDELARIO,PC do B,Deputado Estadual,0,7,2018
65117,EVELYN CAROLINE LIMA DOS SANTOS PEREIRA,PC do B,Deputado Estadual,0,7,2018
65852,EDSON LUIS DE AGUIAR,PC do B,Deputado Estadual,0,7,2018
65444,RAIMUNDO FERREIRA BARROS,PC do B,Deputado Estadual,0,7,2018
65465,JOSE CLAUDIO DA SILVA VIEIRA,PC do B,Deputado Estadual,0,7,2018
36007,RODRIGO EDUARDO DE ALMEIDA PARDI,PTC,Deputado Estadual,0,7,2018
28007,DELSO CARDOSO CYPRIANO,PRTB,Deputado Estadual,0,7,2018
28008,JUCIMARA DE ALMEIDA SILVA PIAI,PRTB,Deputado Estadual,0,7,2018
28014,VALMIR ALVES DA SILVA,PRTB,Deputado Estadual,0,7,2018
51686,LAURO MARTINS DE LARA NETO,PATRI,Deputado Estadual,0,7,2018
51445,IRENICE ODETE BARBOSA,PATRI,Deputado Estadual,0,7,2018
51458,MESSIAS JOSÉ DE MORAES,PATRI,Deputado Estadual,0,7,2018
51460,CICERO MACEDO DA SILVA,PATRI,Deputado Estadual,0,7,2018
51470,LEANDRO DE JESUS,PATRI,Deputado Estadual,0,7,2018
36015,ELIANE FLORENCIO DA SILVA,PTC,Deputado Estadual,0,7,2018
28934,RENNÊ VIEIRA DE CARVALHO,PRTB,Deputado Estadual,0,7,2018
36018,GERALDO MONTEIRO TEIXEIRA FILHO,PTC,Deputado Estadual,0,7,2018
36033,MAURICIO SIQUEIRA,PTC,Deputado Estadual,0,7,2018
36190,ALEXANDRE ALVES DA ROCHA,PTC,Deputado Estadual,0,7,2018
36222,FRANCISCA MARIA DE MORAES RODRIGUES,PTC,Deputado Estadual,0,7,2018
16036,EUGÊNIO MARIA DUARTE,PSTU,Deputado Estadual,0,7,2018
65523,LIOZINA DE ALMEIDA SARAIVA,PC do B,Deputado Estadual,0,7,2018
51479,WILLIAN GALVAO DA SILVA,PATRI,Deputado Estadual,0,7,2018
19012,RONALDO MARTINS FRANCO,PODE,Deputado Estadual,0,7,2018
51531,MAURICIO ANTONIO FOGAÇA,PATRI,Deputado Estadual,0,7,2018
51600,ALMIR DE ALEXANDRES,PATRI,Deputado Estadual,0,7,2018
51610,JOSÉ EDIMILSON DA SILVA,PATRI,Deputado Estadual,0,7,2018
51302,MARCELO BARRETO STERZA,PATRI,Deputado Estadual,0,7,2018
51351,VALENTIM PEREIRA LIMA,PATRI,Deputado Estadual,0,7,2018
51353,GIOVANNA MARQUES DOS REIS,PATRI,Deputado Estadual,0,7,2018
51369,PAULO SERGIO BENISSE,PATRI,Deputado Estadual,0,7,2018
65600,JAIR MARMELO CARDOSO DE OLIVEIRA,PC do B,Deputado Estadual,0,7,2018
65654,SERGIO LUIZ ZERBINATO RODRIGUES,PC do B,Deputado Estadual,0,7,2018
65765,JOÃO HILTON TEIXEIRA,PC do B,Deputado Estadual,0,7,2018
19017,CRISTIANO ALEXANDRE MARCONDES,PODE,Deputado Estadual,0,7,2018
19023,VAGNER EVARISTO DE MOURA,PODE,Deputado Estadual,0,7,2018
19033,SOCRATES DAMASCENO NOVELLI,PODE,Deputado Estadual,0,7,2018
19034,HENRIQUE CARVALHO DE CAMPOS,PODE,Deputado Estadual,0,7,2018
19039,MARIA LUCIA DA SILVA,PODE,Deputado Estadual,0,7,2018
51400,JORGE DONIZETTI RIBEIRO DE MATOS,PATRI,Deputado Estadual,0,7,2018
51440,WANDERLEY FAVILA,PATRI,Deputado Estadual,0,7,2018
51234,PAULO DE TARSO CARDOSO DE MIRANDA,PATRI,Deputado Estadual,0,7,2018
44004,SERGIO CUNHA,PRP,Deputado Estadual,0,7,2018
44005,APARECIDO DOS SANTOS,PRP,Deputado Estadual,0,7,2018
44007,ANTONIO CLAUDINO CORDEIRO,PRP,Deputado Estadual,0,7,2018
70005,ERALDO PEREIRA DE LIMA,AVANTE,Deputado Estadual,0,7,2018
70010,ESDRA BATISTA NASCIMENTO,AVANTE,Deputado Estadual,0,7,2018
70013,MARCIO CAETANO PEREIRA,AVANTE,Deputado Estadual,0,7,2018
70014,WEVERSON CARLOS ALMEIDA,AVANTE,Deputado Estadual,0,7,2018
70022,JEREMIAS ALVES SANTOS,AVANTE,Deputado Estadual,0,7,2018
70023,MARIA ELIANA NOGUEIRA,AVANTE,Deputado Estadual,0,7,2018
15088,GENIVAL FRANCISCO DOS SANTOS,MDB,Deputado Estadual,0,7,2018
44014,MARIA ANDRADE DA SILVA,PRP,Deputado Estadual,0,7,2018
44015,MARIA CRISTINA CICAGNO,PRP,Deputado Estadual,0,7,2018
44016,MARIA REGINA ALMEIDA SANTOS SANCHES,PRP,Deputado Estadual,0,7,2018
44025,JOSE ROOSEVELT MARTOS,PRP,Deputado Estadual,0,7,2018
70043,DÉBORA DIAS DA SILVA,AVANTE,Deputado Estadual,0,7,2018
70045,LEANDRO DE SOUZA SERRÃO,AVANTE,Deputado Estadual,0,7,2018
70047,LAMYS MITRI FERNANDES GOMES,AVANTE,Deputado Estadual,0,7,2018
70050,EDSON ANTUNES DOS PASSOS,AVANTE,Deputado Estadual,0,7,2018
70055,MARIETA ANITA DE OLIVEIRA,AVANTE,Deputado Estadual,0,7,2018
31006,JOSÉ TIAGO PEREIRA DE SANTANA,PHS,Deputado Estadual,0,7,2018
31008,EDISON BARBOSA VIEIRA SOBRINHO,PHS,Deputado Estadual,0,7,2018
65999,EDSON ALEXANDRE PEREIRA,PC do B,Deputado Estadual,0,7,2018
70001,LUIZ FÁBIO CRUZ DA SILVA,AVANTE,Deputado Estadual,0,7,2018
51394,VANDECI LAURENTINO DE OLIVEIRA,PATRI,Deputado Estadual,0,7,2018
70300,CLAUDIO INÁCIO,AVANTE,Deputado Estadual,0,7,2018
31016,JACKSON SOARES GOMES,PHS,Deputado Estadual,0,7,2018
19114,NIVALDO DA SILVA,PODE,Deputado Estadual,0,7,2018
51167,CARLOS EDUARDO MONÇÃO GARCIA,PATRI,Deputado Estadual,0,7,2018
51215,FRANCISCO MONTEIRO DE ARRUDA,PATRI,Deputado Estadual,0,7,2018
44047,ZENAIDE GONCALVES VIANA,PRP,Deputado Estadual,0,7,2018
44066,DOMINGOS SALVIO SANTOS DA ANUNCIAÇÃO,PRP,Deputado Estadual,0,7,2018
44077,HELIO BRASSAROTO,PRP,Deputado Estadual,0,7,2018
35777,ANITA DOS SANTOS TAKAIYASU,PMB,Deputado Estadual,0,7,2018
35853,WANDER RIBEIRO DE ALMEIDA,PMB,Deputado Estadual,0,7,2018
35888,JAIME DA SILVA,PMB,Deputado Estadual,0,7,2018
36003,MAGNA SOUZA ARAUJO DA SILVA,PTC,Deputado Estadual,0,7,2018
70078,ANGELICA DA SILVA MOREIRA,AVANTE,Deputado Estadual,0,7,2018
70080,MICHEL DE ANDRADE BRAZ,AVANTE,Deputado Estadual,0,7,2018
70088,MICHELE DE JESUS POINA,AVANTE,Deputado Estadual,0,7,2018
70099,ANTONIO SOARES OLIVEIRA,AVANTE,Deputado Estadual,0,7,2018
70121,VALDÍVIO JOSÉ DE LIMA,AVANTE,Deputado Estadual,0,7,2018
70156,EDNA GONÇALVES DA SILVA,AVANTE,Deputado Estadual,0,7,2018
70176,KAMEL MURCHED,AVANTE,Deputado Estadual,0,7,2018
44091,JOSE JATOBA FILHO,PRP,Deputado Estadual,0,7,2018
44105,DANIELE REGINA RODRIGUES DO CARMO,PRP,Deputado Estadual,0,7,2018
51060,FRANCISCA LUIZ PEREIRA,PATRI,Deputado Estadual,0,7,2018
51088,MARIA JOSÉ DOS SANTOS,PATRI,Deputado Estadual,0,7,2018
51021,LIDIA MARIA DE SOUZA,PATRI,Deputado Estadual,0,7,2018
51030,LUIZ CARLOS DE PAULA,PATRI,Deputado Estadual,0,7,2018
70177,DANIEL RODRIGUES DE QUEIROZ JUNIOR,AVANTE,Deputado Estadual,0,7,2018
70192,SANDRA DE OLIVEIRA SILVA,AVANTE,Deputado Estadual,0,7,2018
70222,REGINÉIA LEMES TAVARES,AVANTE,Deputado Estadual,0,7,2018
70227,ERICA CRISTINA VIARO,AVANTE,Deputado Estadual,0,7,2018
70255,OTONIEL FERREIRA DE LIMA,AVANTE,Deputado Estadual,0,7,2018
70270,MARCOS DE ARAÚJO HAGA,AVANTE,Deputado Estadual,0,7,2018
70277,GERMANO VETTAS,AVANTE,Deputado Estadual,0,7,2018
70445,SUELY MARIA DE PAULO RODRIGUES,AVANTE,Deputado Estadual,0,7,2018
70543,GIRLENE DO SOCORRO BARBOSA MAIA,AVANTE,Deputado Estadual,0,7,2018
70567,ISABEL SILVA GASPAR DE MORAIS,AVANTE,Deputado Estadual,0,7,2018
70570,EDIVALDO APARECIDO CORREA,AVANTE,Deputado Estadual,0,7,2018
70610,AXEL GUILHERME BATTISSACCO LUZ,AVANTE,Deputado Estadual,0,7,2018
70648,IDEVAL FUENTE ALBA,AVANTE,Deputado Estadual,0,7,2018
70343,JOSÉ VALMIR MENDES DA SILVA,AVANTE,Deputado Estadual,0,7,2018
35007,FRANCISCO MAURO DOS SANTOS,PMB,Deputado Estadual,0,7,2018
35011,ELIANA GUERREIRO,PMB,Deputado Estadual,0,7,2018
35022,ROSÁLIA DOS SANTOS LIMA,PMB,Deputado Estadual,0,7,2018
35111,HÉLIO TELES ALVES,PMB,Deputado Estadual,0,7,2018
35129,CLEUZA SOUZA FRANÇA ALVES,PMB,Deputado Estadual,0,7,2018
35321,MARIA DO CARMO DA CRUZ SANTOS,PMB,Deputado Estadual,0,7,2018
31002,MARCIO JOSE DA SILVA,PHS,Deputado Estadual,0,7,2018
15044,CLAYTON GUIMARAES DE ALMEIDA,MDB,Deputado Estadual,0,7,2018
15055,DALVA NEIDE MAGNANI SCHIEZARI,MDB,Deputado Estadual,0,7,2018
15056,FERNANDO GARCIA IZQUIERDO,MDB,Deputado Estadual,0,7,2018
70370,SALVADOR ALVES DOS SANTOS,AVANTE,Deputado Estadual,0,7,2018
70432,EDNA FRANCISCO COSTA BEZERRA,AVANTE,Deputado Estadual,0,7,2018
70440,JOSÉ DE SOUZA NOGUEIRA,AVANTE,Deputado Estadual,0,7,2018
51032,ISAIAS CONCEIÇÃO,PATRI,Deputado Estadual,0,7,2018
51036,MARIA DE LOURDES BORGES PIZONI,PATRI,Deputado Estadual,0,7,2018
51037,LUIZ VINICIUS DOS SANTOS,PATRI,Deputado Estadual,0,7,2018
51038,TERESINHA GERALDO LISBOA,PATRI,Deputado Estadual,0,7,2018
51040,RENATO ANTONIO FONSECA FILHO,PATRI,Deputado Estadual,0,7,2018
51041,RAQUEL AGUIAR DE OLIVEIRA SILVA,PATRI,Deputado Estadual,0,7,2018
44042,ORIDES MARTINS NEVES,PRP,Deputado Estadual,0,7,2018
44044,RODRIGO PEREIRA DE OLIVEIRA,PRP,Deputado Estadual,0,7,2018
44045,UZIEL FERREIRA DO NASCIMENTO,PRP,Deputado Estadual,0,7,2018
44046,FRANCISCO DE ASSIS VIEIRA,PRP,Deputado Estadual,0,7,2018
19322,SERGIO PINTO BOMFIM,PODE,Deputado Estadual,0,7,2018
19147,ANTONIO GOMES DA SILVA,PODE,Deputado Estadual,0,7,2018
70678,ANTONIO GOMES DA SILVA,AVANTE,Deputado Estadual,0,7,2018
70707,ORIVALDO ROBERTO OLIVEIRA DA SILVA,AVANTE,Deputado Estadual,0,7,2018
70717,JOSÉ FERNANDO APPEZZATO,AVANTE,Deputado Estadual,0,7,2018
19187,GLAUCIA MARIA RODRIGUES DE SOUZA,PODE,Deputado Estadual,0,7,2018
19196,TATIANA POLI DE OLIVEIRA,PODE,Deputado Estadual,0,7,2018
19219,RODRIGO RAMOS FIORI,PODE,Deputado Estadual,0,7,2018
51003,HENRIQUE AGUILERA FILHO,PATRI,Deputado Estadual,0,7,2018
51018,MARIA DE LOURDES SILVA DEPIERI,PATRI,Deputado Estadual,0,7,2018
19270,VAGNER ARANTES DA COSTA,PODE,Deputado Estadual,0,7,2018
44114,APARECIDO ALESSIO CRUZ DE OLIVEIRA,PRP,Deputado Estadual,0,7,2018
44120,JOSE CARLOS DOS SANTOS,PRP,Deputado Estadual,0,7,2018
70730,LIDIANNE BATISTA FERNANDES,AVANTE,Deputado Estadual,0,7,2018
70747,ELIETE DE MIRANDA MACHADO,AVANTE,Deputado Estadual,0,7,2018
70757,PAULA VIVIAN DE MORAES,AVANTE,Deputado Estadual,0,7,2018
70767,PEDRO PAULO DIAS DE ANDRADE,AVANTE,Deputado Estadual,0,7,2018
70778,JEAN CARLOS HERZOGENRATH DE BRITO,AVANTE,Deputado Estadual,0,7,2018
70870,CARLOS BARBOSA GUIMARÃES SANTOS,AVANTE,Deputado Estadual,0,7,2018
44140,MARCELO COLUSSO,PRP,Deputado Estadual,0,7,2018
44142,LUCINEIA SECANECHIA MALTA,PRP,Deputado Estadual,0,7,2018
44153,DANIEL PEREIRA DA SILVA,PRP,Deputado Estadual,0,7,2018
44157,RODNEI CESAR DE SOUZA,PRP,Deputado Estadual,0,7,2018
44160,CLEIDE MARIA ARAUJO MODESTO,PRP,Deputado Estadual,0,7,2018
19310,MARCIA TELMA DA SILVA,PODE,Deputado Estadual,0,7,2018
19321,EDINEIA APARECIDA TELES,PODE,Deputado Estadual,0,7,2018
19421,LENIR MARIA DE OLIVEIRA,PODE,Deputado Estadual,0,7,2018
14600,LUCIENE CARVALHO CHALET FERREIRA,PTB,Deputado Estadual,0,7,2018
70966,ROSEMARIO MARTINS BERNADINO,AVANTE,Deputado Estadual,0,7,2018
70970,PAULO LUIS BATISTA,AVANTE,Deputado Estadual,0,7,2018
33356,CARLOS ROBERTO SILVA,PMN,Deputado Estadual,0,7,2018
70657,CLAUDIO VITORINO DA SILVA,AVANTE,Deputado Estadual,0,7,2018
70667,IVAN ALVES FERREIRA,AVANTE,Deputado Estadual,0,7,2018
70677,JOSÉ LUIZ DE ALMEIDA,AVANTE,Deputado Estadual,0,7,2018
77416,ROBSON DUARTE DA COSTA,SOLIDARIEDADE,Deputado Estadual,0,7,2018
31023,SONIA REGINA LAZARO,PHS,Deputado Estadual,0,7,2018
31029,JOSÉ FORTUNATO SANTANA JÚNIOR,PHS,Deputado Estadual,0,7,2018
33445,LUCIANA ALVES BONIFÁCIO,PMN,Deputado Estadual,0,7,2018
33663,VERIDIANA DA SILVA CASTRO MARTINES,PMN,Deputado Estadual,0,7,2018
33707,ROGÉRIO MARCELINO DE MOURA,PMN,Deputado Estadual,0,7,2018
33789,ANDRÉ BASÍLIO DOS SANTOS,PMN,Deputado Estadual,0,7,2018
33808,ELSA MUCHA ZANELLA,PMN,Deputado Estadual,0,7,2018
33810,MARCOS ANTONIO COSTA,PMN,Deputado Estadual,0,7,2018
33888,JOSÉ FERREIRA CUNHA,PMN,Deputado Estadual,0,7,2018
35001,EDNEI APARECIDO PEREIRA,PMB,Deputado Estadual,0,7,2018
77020,OSVALDO NUNES PEREIRA,SOLIDARIEDADE,Deputado Estadual,0,7,2018
77118,JOSÉ SEBASTIÃO DE OLIVEIRA,SOLIDARIEDADE,Deputado Estadual,0,7,2018
77135,EDILSON FERREIRA,SOLIDARIEDADE,Deputado Estadual,0,7,2018
77138,TANIA CRISTINA MARTINS SILVA,SOLIDARIEDADE,Deputado Estadual,0,7,2018
70797,VALDEMIR SILVA FERREIRA,AVANTE,Deputado Estadual,0,7,2018
44418,SILVANA REGINA DA SILVA DOS SANTOS,PRP,Deputado Estadual,0,7,2018
19360,JULIANA DOS SANTOS SILVA,PODE,Deputado Estadual,0,7,2018
19833,CARLOS DA FONSECA NADAIS,PODE,Deputado Estadual,0,7,2018
19875,SANDRO HENRIQUE EUGENIO BASTOS,PODE,Deputado Estadual,0,7,2018
19883,GERSON FIUZA DE JESUS,PODE,Deputado Estadual,0,7,2018
19519,ANDREA ROSA DE MENEZES DUARTE,PODE,Deputado Estadual,0,7,2018
19549,MARCIA CARNEIRO ABRANTES PINHEIRO,PODE,Deputado Estadual,0,7,2018
50324,MOACIR CAVALCANTI DOS SANTOS,PSOL,Deputado Estadual,0,7,2018
50630,EDNALDO BISPO DA CRUZ,PSOL,Deputado Estadual,0,7,2018
19221,YEDA MARIA AMARAL,PODE,Deputado Estadual,0,7,2018
19230,DORA LICKUNAS,PODE,Deputado Estadual,0,7,2018
44213,SERGIO ALVES DOS SANTOS,PRP,Deputado Estadual,0,7,2018
44234,REGINALDO SOARES DOS SANTOS,PRP,Deputado Estadual,0,7,2018
77242,NAURA BATISTA FRANÇA,SOLIDARIEDADE,Deputado Estadual,0,7,2018
77300,MARCELO BENEDITO DE ARAUJO,SOLIDARIEDADE,Deputado Estadual,0,7,2018
77381,SANDRA ROSANA JERÔNIMO DE FRANÇA,SOLIDARIEDADE,Deputado Estadual,0,7,2018
19567,CRISTIANE PEREIRA DAVIS,PODE,Deputado Estadual,0,7,2018
19578,MARCOS CESAR CAVICHIOLLI,PODE,Deputado Estadual,0,7,2018
44201,EROS GOMES RIBEIRO,PRP,Deputado Estadual,0,7,2018
44211,RAFAEL PEREIRA DA SILVA,PRP,Deputado Estadual,0,7,2018
22080,JEFFERCY DE SOUZA NUNES CHAD,PR,Deputado Estadual,0,7,2018
22008,NEILSON PAULO DOS SANTOS,PR,Deputado Estadual,0,7,2018
33313,ANTONIO CARLOS FERREIRA JUNIOR,PMN,Deputado Estadual,0,7,2018
77771,JAILSON TORRES MACARIO,SOLIDARIEDADE,Deputado Estadual,0,7,2018
77775,WESLEY RENATO BRAMBILLA GRACINO DE OLIVEIRA,SOLIDARIEDADE,Deputado Estadual,0,7,2018
77144,VERA LÚCIA DONDA SIMPLÍCIO BENTO,SOLIDARIEDADE,Deputado Estadual,0,7,2018
77170,BENJAMIM DOS SANTOS CARVALHO,SOLIDARIEDADE,Deputado Estadual,0,7,2018
77177,MARCIA CARDOSO PINTO,SOLIDARIEDADE,Deputado Estadual,0,7,2018
77222,CARLOS GARCIA BALADO,SOLIDARIEDADE,Deputado Estadual,0,7,2018
44334,PAULO CALADO FARIAS,PRP,Deputado Estadual,0,7,2018
44344,SILVANA INES MOREIRA,PRP,Deputado Estadual,0,7,2018
44351,ILMA ROSA DA SILVA,PRP,Deputado Estadual,0,7,2018
20610,PAULO CESAR DIAS DOS REIS,PSC,Deputado Estadual,0,7,2018
20964,JOSÉ ANTONIO ALVES,PSC,Deputado Estadual,0,7,2018
19962,ANTONIA MARIA COSTA SILVA,PODE,Deputado Estadual,0,7,2018
19988,VALDECIR TOSCHI,PODE,Deputado Estadual,0,7,2018
19785,ERICA CRISTINA CINTRA,PODE,Deputado Estadual,0,7,2018
44423,LUCIANA DRAGONE COUTINHO,PRP,Deputado Estadual,0,7,2018
44440,JOSE CARLOS LEITE DE CARVALHO,PRP,Deputado Estadual,0,7,2018
31880,MARIA CORDELIZA DOS SANTOS,PHS,Deputado Estadual,0,7,2018
31972,ROSELI DE CAMPOS,PHS,Deputado Estadual,0,7,2018
90011,MARIA CRISTINA DE PAULA LEITE GOUVÊA,PROS,Deputado Estadual,0,7,2018
31035,RONALDO ELIAS MARIANO,PHS,Deputado Estadual,0,7,2018
31040,LUIZ HENRIQUE POLITA JARDIM TEIXEIRA,PHS,Deputado Estadual,0,7,2018
31044,ANA PAULA OLIVEIRA SOUZA,PHS,Deputado Estadual,0,7,2018
33125,ILIETE GERAGE,PMN,Deputado Estadual,0,7,2018
33145,DIOGO ALVES DE PAIVA,PMN,Deputado Estadual,0,7,2018
19556,GERALDO AMARO DA SILVA,PODE,Deputado Estadual,0,7,2018
44499,ROSEMEIRE RIBEIRO,PRP,Deputado Estadual,0,7,2018
44511,JOSE CARLOS FLAUSINO,PRP,Deputado Estadual,0,7,2018
44600,ARMINDO ALBINO MUNHOZ,PRP,Deputado Estadual,0,7,2018
44666,JOÃO BOSCO DANTAS LOPES,PRP,Deputado Estadual,0,7,2018
44678,OSVALDO LIMA DA SILVA,PRP,Deputado Estadual,0,7,2018
44728,WLADIMIR ROGERIO DOS SANTOS,PRP,Deputado Estadual,0,7,2018
44758,RENATO BORGIANI,PRP,Deputado Estadual,0,7,2018
90045,VALQUIRIA ALVES MOREIRA,PROS,Deputado Estadual,0,7,2018
90050,MARCOS CORREA,PROS,Deputado Estadual,0,7,2018
90068,SILVIO CEZAR FERRAIOLI,PROS,Deputado Estadual,0,7,2018
90095,EVERALDO JOSÉ DA SILVA,PROS,Deputado Estadual,0,7,2018
90107,EURICO GONÇALVES FILHO,PROS,Deputado Estadual,0,7,2018
90112,JOSE BRITO CAVALCANTE FILHO,PROS,Deputado Estadual,0,7,2018
77889,DINÁ MARIA FERREIRA,SOLIDARIEDADE,Deputado Estadual,0,7,2018
90006,ROSÂNGELA APARECIDA DE LIMA,PROS,Deputado Estadual,0,7,2018
31747,ODAIR DE ABREU,PHS,Deputado Estadual,0,7,2018
31077,CLAUDETE CACCIAGUERRA,PHS,Deputado Estadual,0,7,2018
31109,FIRMINA ALVES DA SILVA,PHS,Deputado Estadual,0,7,2018
31115,ANTONIO HENRIQUE PEREIRA LEITE,PHS,Deputado Estadual,0,7,2018
31118,SIDNEY DE OLIVEIRA SOARES,PHS,Deputado Estadual,0,7,2018
31121,FABRÍCIO MARCOS DA SILVA,PHS,Deputado Estadual,0,7,2018
31124,CINTIA DE OLIVEIRA SILVA,PHS,Deputado Estadual,0,7,2018
31611,RAMON BERTONI PEREIRA,PHS,Deputado Estadual,0,7,2018
12360,UÉBER DEIVIDI DA SILVA,PDT,Deputado Estadual,0,7,2018
12468,SIMONE APARECIDA FERREIRA,PDT,Deputado Estadual,0,7,2018
90016,LUCAS DE FARIA NERY DANIEL,PROS,Deputado Estadual,0,7,2018
90021,RUBENS MOREIRA DA SILVA,PROS,Deputado Estadual,0,7,2018
12689,PAULO VICTOR NOVAES,PDT,Deputado Estadual,0,7,2018
44443,JOÃO LIMA COSTA,PRP,Deputado Estadual,0,7,2018
44447,CARMEM MARIA UCHOA FERNANDES,PRP,Deputado Estadual,0,7,2018
44456,CARLOS ROBERTO RANGEL DE SOUZA,PRP,Deputado Estadual,0,7,2018
44491,SONIA MARIA GUERREIRO PAZINI,PRP,Deputado Estadual,0,7,2018
27112,PAULO HENRIQUE RIBEIRO,DC,Deputado Estadual,0,7,2018
22589,GILBERTO BORJA PINTO,PR,Deputado Estadual,0,7,2018
22280,ANTONINHA JOSELI PEREIRA,PR,Deputado Estadual,0,7,2018
22311,ELIANE BALSANTE LUCAS,PR,Deputado Estadual,0,7,2018
22369,NATALINO DA SILVA BRAUNA,PR,Deputado Estadual,0,7,2018
44888,JOSE VALDIVINO GREGORIO,PRP,Deputado Estadual,0,7,2018
44910,MARCOS PAULO CABRAL DE LIMA,PRP,Deputado Estadual,0,7,2018
44944,VERA LUCIA APARECIDA ALVES,PRP,Deputado Estadual,0,7,2018
44949,SILVANA REIS NICOLAU,PRP,Deputado Estadual,0,7,2018
44977,NEUSA DA SILVA OLIVEIRA,PRP,Deputado Estadual,0,7,2018
90181,ANTONIO CARLOS RENOR,PROS,Deputado Estadual,0,7,2018
90192,FABIANO JOSE SANTOS LOURENÇO,PROS,Deputado Estadual,0,7,2018
90204,LOURDES GENEROSO,PROS,Deputado Estadual,0,7,2018
90211,VALDECIR MOREIRA DE BRITO,PROS,Deputado Estadual,0,7,2018
90217,MARCOS DE AZEVEDO CARNEIRO,PROS,Deputado Estadual,0,7,2018
90221,ANTONIO CARLOS PEREIRA DA SILVA,PROS,Deputado Estadual,0,7,2018
90450,ROBSON DE OLIVEIRA,PROS,Deputado Estadual,0,7,2018
90810,JOSE IDAILSON PEREIRA DOS SANTOS,PROS,Deputado Estadual,0,7,2018
12091,VERA LUCIA RIBEIRO DOS REIS MORENO,PDT,Deputado Estadual,0,7,2018
90852,CARLOS ALBERTO FIGUEIREDO SANTANA,PROS,Deputado Estadual,0,7,2018
90620,AMARO XIMENES DE MELO,PROS,Deputado Estadual,0,7,2018
90633,LEANDRO VALDO DE ALMEIDA LIMA,PROS,Deputado Estadual,0,7,2018
90765,MARCOS ANTONIO PEREIRA DA SILVA,PROS,Deputado Estadual,0,7,2018
90996,ISABEL CRISTINA DA SILVA CALDERONE,PROS,Deputado Estadual,0,7,2018
90247,DÉBORA CRISTINA DA MOTA,PROS,Deputado Estadual,0,7,2018
90281,ANDERSON OLIVEIRA DA SILVA,PROS,Deputado Estadual,0,7,2018
90300,JOSE GOMES DE OLIVEIRA NETO,PROS,Deputado Estadual,0,7,2018
90304,JOSEFA ALVES LEITE DOS SANTOS,PROS,Deputado Estadual,0,7,2018
90312,WELINGTON ZACARIAS TISANO,PROS,Deputado Estadual,0,7,2018
44999,RODRIGO SALES BARBOSA,PRP,Deputado Estadual,0,7,2018
27027,CLARICE OLGA SCHAITNER CESTARO,DC,Deputado Estadual,0,7,2018
25077,MARIA LEDA ALVES DA COSTA,DEM,Deputado Estadual,0,7,2018
90700,IDERNANI GOMES DO CARMO,PROS,Deputado Estadual,0,7,2018
90741,GERSON DA CUNHA,PROS,Deputado Estadual,0,7,2018
27158,NEZIONETE HONORATO AMORIM,DC,Deputado Estadual,0,7,2018
27270,IONARA MACHADO SOUZA,DC,Deputado Estadual,0,7,2018
27278,RAIMUNDO NOUZINHO REIS SOARES,DC,Deputado Estadual,0,7,2018
27299,VANDERLINO BATISTA MACHADO,DC,Deputado Estadual,0,7,2018
27461,MARIA VERENA GAYOTTO CAMPOS,DC,Deputado Estadual,0,7,2018
90451,HARLEY HECTOR VICENTE,PROS,Deputado Estadual,0,7,2018
90457,SERGIO FORNAZARI,PROS,Deputado Estadual,0,7,2018
31320,EDSON DA CRUZ,PHS,Deputado Estadual,0,7,2018
31373,MICHEL HENRIQUE MOREIRA BARBOSA,PHS,Deputado Estadual,0,7,2018
31401,REGINA DE CÁSSIA  PONTES ALVES DA SILVA,PHS,Deputado Estadual,0,7,2018
31450,DALVA REGINA PERES,PHS,Deputado Estadual,0,7,2018
31051,MARIA DA GLÓRIA MATOS GUILHAMATE,PHS,Deputado Estadual,0,7,2018
90378,GISLENE MEIRELES DOS SANTOS,PROS,Deputado Estadual,0,7,2018
90417,FABIO NASCIMENTO DE LIMA,PROS,Deputado Estadual,0,7,2018
