nr_local,nr_candidato,nm_candidato,votos,sg_partido,ano,lat,lng
1015,10,DÁRIO JORGE GIOLO SAADI,7439,REPUBLICANOS,2024,-22.8943716,-47.0503261
1015,10,REPUBLICANOS,148,REPUBLICANOS,2024,-22.8943716,-47.0503261
1015,10000,LUIZ CARLOS ROSSINI,140,REPUBLICANOS,2024,-22.8943716,-47.0503261
1015,10007,TERESINHA DE CARVALHO,36,REPUBLICANOS,2024,-22.8943716,-47.0503261
1015,10010,CLAUDIO CORMANICH,30,REPUBLICANOS,2024,-22.8943716,-47.0503261
1015,10123,BENEDITO ROBERTO ALVES FERREIRA,115,REPUBLICANOS,2024,-22.8943716,-47.0503261
1015,10190,DENILSON DO PRADO,56,REPUBLICANOS,2024,-22.8943716,-47.0503261
1015,10200,HIGOR DIEGO RALLA,82,REPUBLICANOS,2024,-22.8943716,-47.0503261
1015,10222,JEZIEL SEVERINO DA SILVA,49,REPUBLICANOS,2024,-22.8943716,-47.0503261
1015,10234,MILTON SOARES MUCHIUTTE,107,REPUBLICANOS,2024,-22.8943716,-47.0503261
1015,10333,NOEMI SILVANA PRATES DE OLIVEIRA,50,REPUBLICANOS,2024,-22.8943716,-47.0503261
1015,10450,MARCELO PONTEL,30,REPUBLICANOS,2024,-22.8943716,-47.0503261
1015,10456,CARMO LUIZ GREGÓRIO DA SILVA,46,REPUBLICANOS,2024,-22.8943716,-47.0503261
1015,10500,LUIS MOKITI YABIKU,77,REPUBLICANOS,2024,-22.8943716,-47.0503261
1015,10556,GIOVANNE SOTELLO LAVORINI,32,REPUBLICANOS,2024,-22.8943716,-47.0503261
1015,11000,YANKO GONÇALVES MELLO,78,PP,2024,-22.8943716,-47.0503261
1015,11001,MICHAEL AUGUSTO CRISÓSTOMO,76,PP,2024,-22.8943716,-47.0503261
1015,11011,MARCELO DUCHOVNI SILVA,142,PP,2024,-22.8943716,-47.0503261
1015,11022,JONATHAS DE SIQUEIRA FERREIRA,65,PP,2024,-22.8943716,-47.0503261
1015,11111,VINICIUS CAMARGO GRATTI,32,PP,2024,-22.8943716,-47.0503261
1015,11153,SILVIO MARCIO LAVORATO,52,PP,2024,-22.8943716,-47.0503261
1015,11999,LEONICE ALVES DA PÁZ,55,PP,2024,-22.8943716,-47.0503261
1015,12333,RODOLFO TEIXEIRA CORREA,30,PDT,2024,-22.8943716,-47.0503261
1015,13,PEDRO TOURINHO DE SIQUEIRA,2267,PT,2024,-22.8943716,-47.0503261
1015,13,Partido dos Trabalhadores,203,PT,2024,-22.8943716,-47.0503261
1015,13011,CECILIO SERAFIM DOS SANTOS,51,PT,2024,-22.8943716,-47.0503261
1015,13020,MARGARIDA DA SILVA CALIXTO,165,PT,2024,-22.8943716,-47.0503261
1015,13100,LUIZ CARLOS FELICIDADE,35,PT,2024,-22.8943716,-47.0503261
1015,13123,PAOLLA CATHERINE DOS SANTOS MIGUEL AGARD,148,PT,2024,-22.8943716,-47.0503261
1015,13138,SOLANGE LOUREIRO POZZUTO,33,PT,2024,-22.8943716,-47.0503261
1015,13300,WAGNER DE MELO ROMÃO,94,PT,2024,-22.8943716,-47.0503261
1015,13613,CARLOS ROBERTO DE OLIVEIRA,30,PT,2024,-22.8943716,-47.0503261
1015,15000,ARNALDO SALVETTI PALÁCIO JUNIOR,113,MDB,2024,-22.8943716,-47.0503261
1015,15055,CARLOS HENRIQUE PINTO,33,MDB,2024,-22.8943716,-47.0503261
1015,15111,RODRIGO DA SILVA FREITAS DOS SANTOS,88,MDB,2024,-22.8943716,-47.0503261
1015,15123,JOÃO BATISTA DE PAULA,38,MDB,2024,-22.8943716,-47.0503261
1015,15555,HÉLIO ALVES MOREIRA,87,MDB,2024,-22.8943716,-47.0503261
1015,15567,LUIS GUSTAVO MARQUES DOS SANTOS,73,MDB,2024,-22.8943716,-47.0503261
1015,15789,JAKSSON LEANDRO LUCIANO GONÇALVES,117,MDB,2024,-22.8943716,-47.0503261
1015,20000,EDUARDO DOS REIS MAGOGA,46,PODE,2024,-22.8943716,-47.0503261
1015,20007,LUIZ GONZAGA,44,PODE,2024,-22.8943716,-47.0503261
1015,20020,LUIZ HENRIQUE CIRILO,79,PODE,2024,-22.8943716,-47.0503261
1015,20050,ANDRÉ LUIS SILVA DE SOUZA,43,PODE,2024,-22.8943716,-47.0503261
1015,20100,HEBERT GARAGNANI,124,PODE,2024,-22.8943716,-47.0503261
1015,20123,GILBERTO LEÃO DE ARAÚJO,35,PODE,2024,-22.8943716,-47.0503261
1015,20190,MARCOS ALVES FERREIRA,31,PODE,2024,-22.8943716,-47.0503261
1015,20500,JOSÉ CARLOS FURIOSO,51,PODE,2024,-22.8943716,-47.0503261
1015,20555,DANILO RIDYER PALMA,64,PODE,2024,-22.8943716,-47.0503261
1015,22,Partido Liberal,64,,2024,-22.8943716,-47.0503261
1015,22000,DEBORA DE ANDRADE PALERMO,121,PL,2024,-22.8943716,-47.0503261
1015,22022,CARLOS EDUARDO CRUZ,82,PL,2024,-22.8943716,-47.0503261
1015,22123,LUIS HENRIQUE SILVA SCHENEIDER,213,PL,2024,-22.8943716,-47.0503261
1015,22222,OTTO ALEJANDRO RIGAZZO ETTINGER,292,PL,2024,-22.8943716,-47.0503261
1015,22233,GUILHERME BANDONI TEIXEIRA,103,PL,2024,-22.8943716,-47.0503261
1015,22400,MARCIA APARECIDA PEREIRA DA SILVA PINHEIRO,43,PL,2024,-22.8943716,-47.0503261
1015,22422,BENEDITO PEREIRA LIMA,147,PL,2024,-22.8943716,-47.0503261
1015,22622,EDEVALDO DE MELO,281,PL,2024,-22.8943716,-47.0503261
1015,23,RAFAEL FERNANDO ZIMBALDI,762,CIDADANIA,2024,-22.8943716,-47.0503261
1015,23000,VINICIUS DE OLIVEIRA SANDOVAL,215,CIDADANIA,2024,-22.8943716,-47.0503261
1015,23200,JEAN MARCOS ZACARIAS DA SILVA,75,CIDADANIA,2024,-22.8943716,-47.0503261
1015,27888,ZULEICA APARECIDA DA SILVA,30,DC,2024,-22.8943716,-47.0503261
1015,30,Partido Novo,33,NOVO,2024,-22.8943716,-47.0503261
1015,30,WILSON KELLER DE MATOS,241,NOVO,2024,-22.8943716,-47.0503261
1015,30999,PAULO SERGIO BARCELLOS GASPAR,96,NOVO,2024,-22.8943716,-47.0503261
1015,40013,JAIRSON VALERIO DOS ANJOS,54,PSB,2024,-22.8943716,-47.0503261
1015,40112,FILIPE BATISTA MARCHESI,61,PSB,2024,-22.8943716,-47.0503261
1015,40234,MARCOS JOSE BERNARDELLI,105,PSB,2024,-22.8943716,-47.0503261
1015,40300,SHIRLEI APARECIDA BUENO ALVES,38,PSB,2024,-22.8943716,-47.0503261
1015,40345,CLAUDINEI ALMEIDA,84,PSB,2024,-22.8943716,-47.0503261
1015,40444,JOÃO GOMES JUNIOR,39,PSB,2024,-22.8943716,-47.0503261
1015,40456,PERMINIO MONTEIRO DA SILVA,107,PSB,2024,-22.8943716,-47.0503261
1015,40580,JOSE CARLOS DOS SANTOS,61,PSB,2024,-22.8943716,-47.0503261
1015,40678,JOSE CARLOS SILVA,84,PSB,2024,-22.8943716,-47.0503261
1015,40800,MARCELO VITAL,32,PSB,2024,-22.8943716,-47.0503261
1015,40999,MARCIO JOSE ALVES DO NASCIMENTO,31,PSB,2024,-22.8943716,-47.0503261
1015,44000,RODRIGO LUIS DE BARROS ALMEIDA,64,UNIÃO,2024,-22.8943716,-47.0503261
1015,44004,DOUGLAS FRANCISCO DA SILVA,37,UNIÃO,2024,-22.8943716,-47.0503261
1015,44019,FELIPE PEREIRA DE CAMPOS VERGUEIRO,31,UNIÃO,2024,-22.8943716,-47.0503261
1015,44100,CLAUDIA DAS DORES CAMARGO DA SILVA,32,UNIÃO,2024,-22.8943716,-47.0503261
1015,44123,WANDERLEY LUIZ SARTORI,52,UNIÃO,2024,-22.8943716,-47.0503261
1015,44190,JAIME DE SOUZA,73,UNIÃO,2024,-22.8943716,-47.0503261
1015,44200,EDSON RIBEIRO,91,UNIÃO,2024,-22.8943716,-47.0503261
1015,44444,MARJORIE DA COSTA HENRIQUE RODRIGUES,30,UNIÃO,2024,-22.8943716,-47.0503261
1015,44567,HENRI MAEDA,35,UNIÃO,2024,-22.8943716,-47.0503261
1015,45500,WILSON DA SILVA,34,PSDB,2024,-22.8943716,-47.0503261
1015,50000,PAULO ROBERTO BUFALO,72,PSOL,2024,-22.8943716,-47.0503261
1015,50001,MARCELA DIAS MOREIRA,33,PSOL,2024,-22.8943716,-47.0503261
1015,50019,THAMIRES BATISTA GOMES RAMOS,35,PSOL,2024,-22.8943716,-47.0503261
1015,50100,MARIANA CONTI TAKAHASHI,270,PSOL,2024,-22.8943716,-47.0503261
1015,50123,FERNANDA DE OLIVEIRA SOUTO,62,PSOL,2024,-22.8943716,-47.0503261
1015,55000,GUILHERME DAMASCENO FERNANDES,48,PSD,2024,-22.8943716,-47.0503261
1015,55055,NELSON HOSSRI NETO,175,PSD,2024,-22.8943716,-47.0503261
1015,55190,JOSÉ ANTONIO PEREIRA JÚNIOR,31,PSD,2024,-22.8943716,-47.0503261
1015,55321,ADAUTO JOSÉ DE JESUS,35,PSD,2024,-22.8943716,-47.0503261
1015,55510,MULLER PASCHOAL DE OLIVEIRA FERREIRA,73,PSD,2024,-22.8943716,-47.0503261
1015,55522,LUIZ LAURO FERREIRA,34,PSD,2024,-22.8943716,-47.0503261
1015,55555,FLÁVIO MAYNARDES ARAÚJO,47,PSD,2024,-22.8943716,-47.0503261
1015,55577,CID FERREIRA DE SOUZA,41,PSD,2024,-22.8943716,-47.0503261
1015,55655,PAULO CÉSAR HADDAD,115,PSD,2024,-22.8943716,-47.0503261
1015,65656,GUSTAVO LEMOS PETTA,96,PC DO B,2024,-22.8943716,-47.0503261
1015,70000,AURELIO JOSE CLAUDIO,91,AVANTE,2024,-22.8943716,-47.0503261
1015,70007,SANDRO TEIXEIRA BATISTA,34,AVANTE,2024,-22.8943716,-47.0503261
1015,70700,WILLIAM ALESSANDRO DINARTI,43,AVANTE,2024,-22.8943716,-47.0503261
1015,70777,VALDEIR LUCCHIARI,74,AVANTE,2024,-22.8943716,-47.0503261
1015,77100,JAIR QUINÁLIA,94,SOLIDARIEDADE,2024,-22.8943716,-47.0503261
1015,95,VOTO BRANCO,1189,,2024,-22.8943716,-47.0503261
1015,96,VOTO NULO,1597,,2024,-22.8943716,-47.0503261
1023,10,DÁRIO JORGE GIOLO SAADI,5586,REPUBLICANOS,2024,-22.9394149,-47.1034374
1023,10,REPUBLICANOS,127,REPUBLICANOS,2024,-22.9394149,-47.1034374
1023,10000,LUIZ CARLOS ROSSINI,161,REPUBLICANOS,2024,-22.9394149,-47.1034374
1023,10007,TERESINHA DE CARVALHO,46,REPUBLICANOS,2024,-22.9394149,-47.1034374
1023,10123,BENEDITO ROBERTO ALVES FERREIRA,91,REPUBLICANOS,2024,-22.9394149,-47.1034374
1023,10190,DENILSON DO PRADO,60,REPUBLICANOS,2024,-22.9394149,-47.1034374
1023,10200,HIGOR DIEGO RALLA,49,REPUBLICANOS,2024,-22.9394149,-47.1034374
1023,10222,JEZIEL SEVERINO DA SILVA,34,REPUBLICANOS,2024,-22.9394149,-47.1034374
1023,10500,LUIS MOKITI YABIKU,66,REPUBLICANOS,2024,-22.9394149,-47.1034374
1023,10556,GIOVANNE SOTELLO LAVORINI,38,REPUBLICANOS,2024,-22.9394149,-47.1034374
1023,11000,YANKO GONÇALVES MELLO,61,PP,2024,-22.9394149,-47.1034374
1023,11001,MICHAEL AUGUSTO CRISÓSTOMO,44,PP,2024,-22.9394149,-47.1034374
1023,11011,MARCELO DUCHOVNI SILVA,356,PP,2024,-22.9394149,-47.1034374
1023,11022,JONATHAS DE SIQUEIRA FERREIRA,36,PP,2024,-22.9394149,-47.1034374
1023,13,PEDRO TOURINHO DE SIQUEIRA,2163,PT,2024,-22.9394149,-47.1034374
1023,13,Partido dos Trabalhadores,156,PT,2024,-22.9394149,-47.1034374
1023,13011,CECILIO SERAFIM DOS SANTOS,42,PT,2024,-22.9394149,-47.1034374
1023,13020,MARGARIDA DA SILVA CALIXTO,131,PT,2024,-22.9394149,-47.1034374
1023,13123,PAOLLA CATHERINE DOS SANTOS MIGUEL AGARD,128,PT,2024,-22.9394149,-47.1034374
1023,13300,WAGNER DE MELO ROMÃO,125,PT,2024,-22.9394149,-47.1034374
1023,13456,GIVALDO FERREIRA DE LIMA,33,PT,2024,-22.9394149,-47.1034374
1023,15000,ARNALDO SALVETTI PALÁCIO JUNIOR,66,MDB,2024,-22.9394149,-47.1034374
1023,15111,RODRIGO DA SILVA FREITAS DOS SANTOS,46,MDB,2024,-22.9394149,-47.1034374
1023,15250,ANDRÉ LUIZ DE CAMARGO VON ZUBEN,33,MDB,2024,-22.9394149,-47.1034374
1023,20000,EDUARDO DOS REIS MAGOGA,44,PODE,2024,-22.9394149,-47.1034374
1023,20020,LUIZ HENRIQUE CIRILO,109,PODE,2024,-22.9394149,-47.1034374
1023,20100,HEBERT GARAGNANI,65,PODE,2024,-22.9394149,-47.1034374
1023,22,Partido Liberal,43,,2024,-22.9394149,-47.1034374
1023,22000,DEBORA DE ANDRADE PALERMO,128,PL,2024,-22.9394149,-47.1034374
1023,22022,CARLOS EDUARDO CRUZ,156,PL,2024,-22.9394149,-47.1034374
1023,22123,LUIS HENRIQUE SILVA SCHENEIDER,108,PL,2024,-22.9394149,-47.1034374
1023,22222,OTTO ALEJANDRO RIGAZZO ETTINGER,49,PL,2024,-22.9394149,-47.1034374
1023,22233,GUILHERME BANDONI TEIXEIRA,60,PL,2024,-22.9394149,-47.1034374
1023,22422,BENEDITO PEREIRA LIMA,108,PL,2024,-22.9394149,-47.1034374
1023,22622,EDEVALDO DE MELO,60,PL,2024,-22.9394149,-47.1034374
1023,23,RAFAEL FERNANDO ZIMBALDI,522,CIDADANIA,2024,-22.9394149,-47.1034374
1023,23000,VINICIUS DE OLIVEIRA SANDOVAL,128,CIDADANIA,2024,-22.9394149,-47.1034374
1023,30,Partido Novo,42,NOVO,2024,-22.9394149,-47.1034374
1023,30,WILSON KELLER DE MATOS,225,NOVO,2024,-22.9394149,-47.1034374
1023,30999,PAULO SERGIO BARCELLOS GASPAR,166,NOVO,2024,-22.9394149,-47.1034374
1023,40000,ANDERSON DELBUE GIANETTI,36,PSB,2024,-22.9394149,-47.1034374
1023,40013,JAIRSON VALERIO DOS ANJOS,73,PSB,2024,-22.9394149,-47.1034374
1023,40234,MARCOS JOSE BERNARDELLI,98,PSB,2024,-22.9394149,-47.1034374
1023,44019,FELIPE PEREIRA DE CAMPOS VERGUEIRO,826,UNIÃO,2024,-22.9394149,-47.1034374
1023,44040,APARECIDO SOUZA SANTOS,45,UNIÃO,2024,-22.9394149,-47.1034374
1023,44200,EDSON RIBEIRO,52,UNIÃO,2024,-22.9394149,-47.1034374
1023,50,Partido Socialismo e Liberdade,43,,2024,-22.9394149,-47.1034374
1023,50000,PAULO ROBERTO BUFALO,64,PSOL,2024,-22.9394149,-47.1034374
1023,50001,MARCELA DIAS MOREIRA,35,PSOL,2024,-22.9394149,-47.1034374
1023,50016,SUZY SANTOS,98,PSOL,2024,-22.9394149,-47.1034374
1023,50019,THAMIRES BATISTA GOMES RAMOS,32,PSOL,2024,-22.9394149,-47.1034374
1023,50100,MARIANA CONTI TAKAHASHI,330,PSOL,2024,-22.9394149,-47.1034374
1023,50123,FERNANDA DE OLIVEIRA SOUTO,72,PSOL,2024,-22.9394149,-47.1034374
1023,55000,GUILHERME DAMASCENO FERNANDES,71,PSD,2024,-22.9394149,-47.1034374
1023,55007,MAURÍCIO LUCENTI GEREMONTE,38,PSD,2024,-22.9394149,-47.1034374
1023,55055,NELSON HOSSRI NETO,280,PSD,2024,-22.9394149,-47.1034374
1023,55123,ANGELO DINIZ,63,PSD,2024,-22.9394149,-47.1034374
1023,55321,ADAUTO JOSÉ DE JESUS,169,PSD,2024,-22.9394149,-47.1034374
1023,55555,FLÁVIO MAYNARDES ARAÚJO,46,PSD,2024,-22.9394149,-47.1034374
1023,55655,PAULO CÉSAR HADDAD,283,PSD,2024,-22.9394149,-47.1034374
1023,65656,GUSTAVO LEMOS PETTA,118,PC DO B,2024,-22.9394149,-47.1034374
1023,70777,VALDEIR LUCCHIARI,82,AVANTE,2024,-22.9394149,-47.1034374
1023,77100,JAIR QUINÁLIA,34,SOLIDARIEDADE,2024,-22.9394149,-47.1034374
1023,95,VOTO BRANCO,885,,2024,-22.9394149,-47.1034374
1023,96,VOTO NULO,1185,,2024,-22.9394149,-47.1034374
1031,10,DÁRIO JORGE GIOLO SAADI,4851,REPUBLICANOS,2024,-22.9064,-47.0616
1031,10,REPUBLICANOS,106,REPUBLICANOS,2024,-22.9064,-47.0616
1031,10000,LUIZ CARLOS ROSSINI,100,REPUBLICANOS,2024,-22.9064,-47.0616
1031,10123,BENEDITO ROBERTO ALVES FERREIRA,93,REPUBLICANOS,2024,-22.9064,-47.0616
1031,10200,HIGOR DIEGO RALLA,51,REPUBLICANOS,2024,-22.9064,-47.0616
1031,10222,JEZIEL SEVERINO DA SILVA,48,REPUBLICANOS,2024,-22.9064,-47.0616
1031,10234,MILTON SOARES MUCHIUTTE,41,REPUBLICANOS,2024,-22.9064,-47.0616
1031,10456,CARMO LUIZ GREGÓRIO DA SILVA,42,REPUBLICANOS,2024,-22.9064,-47.0616
1031,10500,LUIS MOKITI YABIKU,83,REPUBLICANOS,2024,-22.9064,-47.0616
1031,11000,YANKO GONÇALVES MELLO,60,PP,2024,-22.9064,-47.0616
1031,11001,MICHAEL AUGUSTO CRISÓSTOMO,39,PP,2024,-22.9064,-47.0616
1031,11011,MARCELO DUCHOVNI SILVA,283,PP,2024,-22.9064,-47.0616
1031,11022,JONATHAS DE SIQUEIRA FERREIRA,52,PP,2024,-22.9064,-47.0616
1031,13,PEDRO TOURINHO DE SIQUEIRA,1423,PT,2024,-22.9064,-47.0616
1031,13,Partido dos Trabalhadores,118,PT,2024,-22.9064,-47.0616
1031,13020,MARGARIDA DA SILVA CALIXTO,76,PT,2024,-22.9064,-47.0616
1031,13123,PAOLLA CATHERINE DOS SANTOS MIGUEL AGARD,94,PT,2024,-22.9064,-47.0616
1031,13300,WAGNER DE MELO ROMÃO,66,PT,2024,-22.9064,-47.0616
1031,15000,ARNALDO SALVETTI PALÁCIO JUNIOR,63,MDB,2024,-22.9064,-47.0616
1031,15111,RODRIGO DA SILVA FREITAS DOS SANTOS,32,MDB,2024,-22.9064,-47.0616
1031,15555,HÉLIO ALVES MOREIRA,31,MDB,2024,-22.9064,-47.0616
1031,20020,LUIZ HENRIQUE CIRILO,124,PODE,2024,-22.9064,-47.0616
1031,20050,ANDRÉ LUIS SILVA DE SOUZA,55,PODE,2024,-22.9064,-47.0616
1031,20100,HEBERT GARAGNANI,66,PODE,2024,-22.9064,-47.0616
1031,20997,JOSENILTON ALMEIDA,35,PODE,2024,-22.9064,-47.0616
1031,22000,DEBORA DE ANDRADE PALERMO,101,PL,2024,-22.9064,-47.0616
1031,22022,CARLOS EDUARDO CRUZ,85,PL,2024,-22.9064,-47.0616
1031,22123,LUIS HENRIQUE SILVA SCHENEIDER,103,PL,2024,-22.9064,-47.0616
1031,22222,OTTO ALEJANDRO RIGAZZO ETTINGER,58,PL,2024,-22.9064,-47.0616
1031,22233,GUILHERME BANDONI TEIXEIRA,50,PL,2024,-22.9064,-47.0616
1031,22400,MARCIA APARECIDA PEREIRA DA SILVA PINHEIRO,37,PL,2024,-22.9064,-47.0616
1031,22422,BENEDITO PEREIRA LIMA,105,PL,2024,-22.9064,-47.0616
1031,22622,EDEVALDO DE MELO,74,PL,2024,-22.9064,-47.0616
1031,23,RAFAEL FERNANDO ZIMBALDI,509,CIDADANIA,2024,-22.9064,-47.0616
1031,23000,VINICIUS DE OLIVEIRA SANDOVAL,136,CIDADANIA,2024,-22.9064,-47.0616
1031,23200,JEAN MARCOS ZACARIAS DA SILVA,39,CIDADANIA,2024,-22.9064,-47.0616
1031,30,WILSON KELLER DE MATOS,176,NOVO,2024,-22.9064,-47.0616
1031,30999,PAULO SERGIO BARCELLOS GASPAR,110,NOVO,2024,-22.9064,-47.0616
1031,40013,JAIRSON VALERIO DOS ANJOS,213,PSB,2024,-22.9064,-47.0616
1031,40112,FILIPE BATISTA MARCHESI,62,PSB,2024,-22.9064,-47.0616
1031,40234,MARCOS JOSE BERNARDELLI,50,PSB,2024,-22.9064,-47.0616
1031,40345,CLAUDINEI ALMEIDA,37,PSB,2024,-22.9064,-47.0616
1031,40444,JOÃO GOMES JUNIOR,57,PSB,2024,-22.9064,-47.0616
1031,40456,PERMINIO MONTEIRO DA SILVA,92,PSB,2024,-22.9064,-47.0616
1031,44000,RODRIGO LUIS DE BARROS ALMEIDA,39,UNIÃO,2024,-22.9064,-47.0616
1031,44019,FELIPE PEREIRA DE CAMPOS VERGUEIRO,37,UNIÃO,2024,-22.9064,-47.0616
1031,44123,WANDERLEY LUIZ SARTORI,84,UNIÃO,2024,-22.9064,-47.0616
1031,44190,JAIME DE SOUZA,43,UNIÃO,2024,-22.9064,-47.0616
1031,44200,EDSON RIBEIRO,51,UNIÃO,2024,-22.9064,-47.0616
1031,50000,PAULO ROBERTO BUFALO,39,PSOL,2024,-22.9064,-47.0616
1031,50001,MARCELA DIAS MOREIRA,32,PSOL,2024,-22.9064,-47.0616
1031,50100,MARIANA CONTI TAKAHASHI,182,PSOL,2024,-22.9064,-47.0616
1031,55055,NELSON HOSSRI NETO,151,PSD,2024,-22.9064,-47.0616
1031,55222,JORGE DOS SANTOS MONTANARI,41,PSD,2024,-22.9064,-47.0616
1031,55510,MULLER PASCHOAL DE OLIVEIRA FERREIRA,35,PSD,2024,-22.9064,-47.0616
1031,55655,PAULO CÉSAR HADDAD,72,PSD,2024,-22.9064,-47.0616
1031,65656,GUSTAVO LEMOS PETTA,55,PC DO B,2024,-22.9064,-47.0616
1031,70700,WILLIAM ALESSANDRO DINARTI,37,AVANTE,2024,-22.9064,-47.0616
1031,70777,VALDEIR LUCCHIARI,32,AVANTE,2024,-22.9064,-47.0616
1031,77100,JAIR QUINÁLIA,55,SOLIDARIEDADE,2024,-22.9064,-47.0616
1031,95,VOTO BRANCO,794,,2024,-22.9064,-47.0616
1031,96,VOTO NULO,994,,2024,-22.9064,-47.0616
1040,10,DÁRIO JORGE GIOLO SAADI,6875,REPUBLICANOS,2024,-22.9333917,-47.1096348
1040,10,REPUBLICANOS,167,REPUBLICANOS,2024,-22.9333917,-47.1096348
1040,10000,LUIZ CARLOS ROSSINI,109,REPUBLICANOS,2024,-22.9333917,-47.1096348
1040,10123,BENEDITO ROBERTO ALVES FERREIRA,190,REPUBLICANOS,2024,-22.9333917,-47.1096348
1040,10200,HIGOR DIEGO RALLA,66,REPUBLICANOS,2024,-22.9333917,-47.1096348
1040,10222,JEZIEL SEVERINO DA SILVA,74,REPUBLICANOS,2024,-22.9333917,-47.1096348
1040,10234,MILTON SOARES MUCHIUTTE,56,REPUBLICANOS,2024,-22.9333917,-47.1096348
1040,10450,MARCELO PONTEL,54,REPUBLICANOS,2024,-22.9333917,-47.1096348
1040,10456,CARMO LUIZ GREGÓRIO DA SILVA,38,REPUBLICANOS,2024,-22.9333917,-47.1096348
1040,10500,LUIS MOKITI YABIKU,63,REPUBLICANOS,2024,-22.9333917,-47.1096348
1040,11000,YANKO GONÇALVES MELLO,57,PP,2024,-22.9333917,-47.1096348
1040,11001,MICHAEL AUGUSTO CRISÓSTOMO,37,PP,2024,-22.9333917,-47.1096348
1040,11011,MARCELO DUCHOVNI SILVA,79,PP,2024,-22.9333917,-47.1096348
1040,11022,JONATHAS DE SIQUEIRA FERREIRA,42,PP,2024,-22.9333917,-47.1096348
1040,11333,EMERSON MENDES DE SOUZA,55,PP,2024,-22.9333917,-47.1096348
1040,11456,FABIO CAMILO DE ALMEIDA,49,PP,2024,-22.9333917,-47.1096348
1040,11789,JOSE CARLOS DO NASCIMENTO,55,PP,2024,-22.9333917,-47.1096348
1040,13,PEDRO TOURINHO DE SIQUEIRA,2533,PT,2024,-22.9333917,-47.1096348
1040,13,Partido dos Trabalhadores,223,PT,2024,-22.9333917,-47.1096348
1040,13000,JOSÉ ABREU DE LUCENA,38,PT,2024,-22.9333917,-47.1096348
1040,13011,CECILIO SERAFIM DOS SANTOS,62,PT,2024,-22.9333917,-47.1096348
1040,13019,JUCELINO SOUZA DE NOVAIS JUNIOR,55,PT,2024,-22.9333917,-47.1096348
1040,13020,MARGARIDA DA SILVA CALIXTO,159,PT,2024,-22.9333917,-47.1096348
1040,13100,LUIZ CARLOS FELICIDADE,40,PT,2024,-22.9333917,-47.1096348
1040,13123,PAOLLA CATHERINE DOS SANTOS MIGUEL AGARD,112,PT,2024,-22.9333917,-47.1096348
1040,13300,WAGNER DE MELO ROMÃO,51,PT,2024,-22.9333917,-47.1096348
1040,15000,ARNALDO SALVETTI PALÁCIO JUNIOR,128,MDB,2024,-22.9333917,-47.1096348
1040,15111,RODRIGO DA SILVA FREITAS DOS SANTOS,58,MDB,2024,-22.9333917,-47.1096348
1040,15555,HÉLIO ALVES MOREIRA,50,MDB,2024,-22.9333917,-47.1096348
1040,15567,LUIS GUSTAVO MARQUES DOS SANTOS,300,MDB,2024,-22.9333917,-47.1096348
1040,15678,ORLEANS DE SÁ ALENCAR,104,MDB,2024,-22.9333917,-47.1096348
1040,15789,JAKSSON LEANDRO LUCIANO GONÇALVES,120,MDB,2024,-22.9333917,-47.1096348
1040,15888,ANA SOARES FERRO,34,MDB,2024,-22.9333917,-47.1096348
1040,20007,LUIZ GONZAGA,67,PODE,2024,-22.9333917,-47.1096348
1040,20020,LUIZ HENRIQUE CIRILO,46,PODE,2024,-22.9333917,-47.1096348
1040,20100,HEBERT GARAGNANI,93,PODE,2024,-22.9333917,-47.1096348
1040,20123,GILBERTO LEÃO DE ARAÚJO,109,PODE,2024,-22.9333917,-47.1096348
1040,20243,ABRAÃO STREY,32,PODE,2024,-22.9333917,-47.1096348
1040,20500,JOSÉ CARLOS FURIOSO,68,PODE,2024,-22.9333917,-47.1096348
1040,20555,DANILO RIDYER PALMA,53,PODE,2024,-22.9333917,-47.1096348
1040,22,Partido Liberal,40,,2024,-22.9333917,-47.1096348
1040,22000,DEBORA DE ANDRADE PALERMO,63,PL,2024,-22.9333917,-47.1096348
1040,22123,LUIS HENRIQUE SILVA SCHENEIDER,99,PL,2024,-22.9333917,-47.1096348
1040,22222,OTTO ALEJANDRO RIGAZZO ETTINGER,420,PL,2024,-22.9333917,-47.1096348
1040,22233,GUILHERME BANDONI TEIXEIRA,111,PL,2024,-22.9333917,-47.1096348
1040,22400,MARCIA APARECIDA PEREIRA DA SILVA PINHEIRO,85,PL,2024,-22.9333917,-47.1096348
1040,22422,BENEDITO PEREIRA LIMA,97,PL,2024,-22.9333917,-47.1096348
1040,22622,EDEVALDO DE MELO,172,PL,2024,-22.9333917,-47.1096348
1040,23,RAFAEL FERNANDO ZIMBALDI,966,CIDADANIA,2024,-22.9333917,-47.1096348
1040,23000,VINICIUS DE OLIVEIRA SANDOVAL,220,CIDADANIA,2024,-22.9333917,-47.1096348
1040,23200,JEAN MARCOS ZACARIAS DA SILVA,42,CIDADANIA,2024,-22.9333917,-47.1096348
1040,23456,EVERALDO LUIZ VIEIRA,76,CIDADANIA,2024,-22.9333917,-47.1096348
1040,28193,JOÃO RAMOS  DOS SANTOS SOBRINHO,35,PRTB,2024,-22.9333917,-47.1096348
1040,30,WILSON KELLER DE MATOS,162,NOVO,2024,-22.9333917,-47.1096348
1040,40112,FILIPE BATISTA MARCHESI,37,PSB,2024,-22.9333917,-47.1096348
1040,40222,ERIKA VIVIANE DE SOUZA RAMOS,30,PSB,2024,-22.9333917,-47.1096348
1040,40234,MARCOS JOSE BERNARDELLI,66,PSB,2024,-22.9333917,-47.1096348
1040,40345,CLAUDINEI ALMEIDA,42,PSB,2024,-22.9333917,-47.1096348
1040,40456,PERMINIO MONTEIRO DA SILVA,59,PSB,2024,-22.9333917,-47.1096348
1040,40555,LUIZ FERNANDO MARIANO MATEUS,42,PSB,2024,-22.9333917,-47.1096348
1040,40580,JOSE CARLOS DOS SANTOS,79,PSB,2024,-22.9333917,-47.1096348
1040,40800,MARCELO VITAL,49,PSB,2024,-22.9333917,-47.1096348
1040,44000,RODRIGO LUIS DE BARROS ALMEIDA,830,UNIÃO,2024,-22.9333917,-47.1096348
1040,44004,DOUGLAS FRANCISCO DA SILVA,138,UNIÃO,2024,-22.9333917,-47.1096348
1040,44190,JAIME DE SOUZA,33,UNIÃO,2024,-22.9333917,-47.1096348
1040,44200,EDSON RIBEIRO,91,UNIÃO,2024,-22.9333917,-47.1096348
1040,44215,PEDRO ANDRÉ DOS SANTOS,88,UNIÃO,2024,-22.9333917,-47.1096348
1040,45005,REGINALDO APÓSTOLO SANTOS,37,PSDB,2024,-22.9333917,-47.1096348
1040,50,Partido Socialismo e Liberdade,30,,2024,-22.9333917,-47.1096348
1040,50000,PAULO ROBERTO BUFALO,50,PSOL,2024,-22.9333917,-47.1096348
1040,50019,THAMIRES BATISTA GOMES RAMOS,33,PSOL,2024,-22.9333917,-47.1096348
1040,50100,MARIANA CONTI TAKAHASHI,161,PSOL,2024,-22.9333917,-47.1096348
1040,50123,FERNANDA DE OLIVEIRA SOUTO,59,PSOL,2024,-22.9333917,-47.1096348
1040,55055,NELSON HOSSRI NETO,81,PSD,2024,-22.9333917,-47.1096348
1040,55510,MULLER PASCHOAL DE OLIVEIRA FERREIRA,90,PSD,2024,-22.9333917,-47.1096348
1040,55555,FLÁVIO MAYNARDES ARAÚJO,34,PSD,2024,-22.9333917,-47.1096348
1040,55655,PAULO CÉSAR HADDAD,50,PSD,2024,-22.9333917,-47.1096348
1040,65656,GUSTAVO LEMOS PETTA,147,PC DO B,2024,-22.9333917,-47.1096348
1040,70000,AURELIO JOSE CLAUDIO,281,AVANTE,2024,-22.9333917,-47.1096348
1040,70070,EMERSON SANTANA PIVATO,30,AVANTE,2024,-22.9333917,-47.1096348
1040,70777,VALDEIR LUCCHIARI,74,AVANTE,2024,-22.9333917,-47.1096348
1040,77100,JAIR QUINÁLIA,61,SOLIDARIEDADE,2024,-22.9333917,-47.1096348
1040,95,VOTO BRANCO,1380,,2024,-22.9333917,-47.1096348
1040,96,VOTO NULO,1728,,2024,-22.9333917,-47.1096348
1058,10,DÁRIO JORGE GIOLO SAADI,8419,REPUBLICANOS,2024,-22.818047,-47.0916928
1058,10,REPUBLICANOS,175,REPUBLICANOS,2024,-22.818047,-47.0916928
1058,10000,LUIZ CARLOS ROSSINI,259,REPUBLICANOS,2024,-22.818047,-47.0916928
1058,10007,TERESINHA DE CARVALHO,40,REPUBLICANOS,2024,-22.818047,-47.0916928
1058,10123,BENEDITO ROBERTO ALVES FERREIRA,190,REPUBLICANOS,2024,-22.818047,-47.0916928
1058,10200,HIGOR DIEGO RALLA,56,REPUBLICANOS,2024,-22.818047,-47.0916928
1058,10222,JEZIEL SEVERINO DA SILVA,74,REPUBLICANOS,2024,-22.818047,-47.0916928
1058,10234,MILTON SOARES MUCHIUTTE,138,REPUBLICANOS,2024,-22.818047,-47.0916928
1058,10333,NOEMI SILVANA PRATES DE OLIVEIRA,49,REPUBLICANOS,2024,-22.818047,-47.0916928
1058,10456,CARMO LUIZ GREGÓRIO DA SILVA,77,REPUBLICANOS,2024,-22.818047,-47.0916928
1058,10500,LUIS MOKITI YABIKU,78,REPUBLICANOS,2024,-22.818047,-47.0916928
1058,10800,DONIZETI GOMES,263,REPUBLICANOS,2024,-22.818047,-47.0916928
1058,11000,YANKO GONÇALVES MELLO,98,PP,2024,-22.818047,-47.0916928
1058,11011,MARCELO DUCHOVNI SILVA,149,PP,2024,-22.818047,-47.0916928
1058,11012,JULIO CESAR BEARARI,71,PP,2024,-22.818047,-47.0916928
1058,11022,JONATHAS DE SIQUEIRA FERREIRA,53,PP,2024,-22.818047,-47.0916928
1058,11111,VINICIUS CAMARGO GRATTI,39,PP,2024,-22.818047,-47.0916928
1058,11153,SILVIO MARCIO LAVORATO,42,PP,2024,-22.818047,-47.0916928
1058,11456,FABIO CAMILO DE ALMEIDA,40,PP,2024,-22.818047,-47.0916928
1058,11567,ANDRÉ DIONÍSIO FAVELA,127,PP,2024,-22.818047,-47.0916928
1058,11999,LEONICE ALVES DA PÁZ,39,PP,2024,-22.818047,-47.0916928
1058,13,PEDRO TOURINHO DE SIQUEIRA,3563,PT,2024,-22.818047,-47.0916928
1058,13,Partido dos Trabalhadores,252,PT,2024,-22.818047,-47.0916928
1058,13011,CECILIO SERAFIM DOS SANTOS,32,PT,2024,-22.818047,-47.0916928
1058,13020,MARGARIDA DA SILVA CALIXTO,199,PT,2024,-22.818047,-47.0916928
1058,13111,JACQUELINE DE CAMPOS MEDEIROS,30,PT,2024,-22.818047,-47.0916928
1058,13112,EVELYN SILVA DO NASCIMENTO VICENTE DA SILVA,44,PT,2024,-22.818047,-47.0916928
1058,13123,PAOLLA CATHERINE DOS SANTOS MIGUEL AGARD,249,PT,2024,-22.818047,-47.0916928
1058,13138,SOLANGE LOUREIRO POZZUTO,30,PT,2024,-22.818047,-47.0916928
1058,13300,WAGNER DE MELO ROMÃO,219,PT,2024,-22.818047,-47.0916928
1058,13456,GIVALDO FERREIRA DE LIMA,42,PT,2024,-22.818047,-47.0916928
1058,13613,CARLOS ROBERTO DE OLIVEIRA,45,PT,2024,-22.818047,-47.0916928
1058,15000,ARNALDO SALVETTI PALÁCIO JUNIOR,271,MDB,2024,-22.818047,-47.0916928
1058,15055,CARLOS HENRIQUE PINTO,36,MDB,2024,-22.818047,-47.0916928
1058,15111,RODRIGO DA SILVA FREITAS DOS SANTOS,71,MDB,2024,-22.818047,-47.0916928
1058,15123,JOÃO BATISTA DE PAULA,34,MDB,2024,-22.818047,-47.0916928
1058,15250,ANDRÉ LUIZ DE CAMARGO VON ZUBEN,31,MDB,2024,-22.818047,-47.0916928
1058,15555,HÉLIO ALVES MOREIRA,72,MDB,2024,-22.818047,-47.0916928
1058,15567,LUIS GUSTAVO MARQUES DOS SANTOS,40,MDB,2024,-22.818047,-47.0916928
1058,15999,ALTAIR ALVES PAIXÃO,30,MDB,2024,-22.818047,-47.0916928
1058,20000,EDUARDO DOS REIS MAGOGA,41,PODE,2024,-22.818047,-47.0916928
1058,20002,RENAN FAGNER SALOMÃO DE SOUZA,113,PODE,2024,-22.818047,-47.0916928
1058,20007,LUIZ GONZAGA,39,PODE,2024,-22.818047,-47.0916928
1058,20020,LUIZ HENRIQUE CIRILO,734,PODE,2024,-22.818047,-47.0916928
1058,20022,JOÃO BATISTA DE MOURA,38,PODE,2024,-22.818047,-47.0916928
1058,20050,ANDRÉ LUIS SILVA DE SOUZA,85,PODE,2024,-22.818047,-47.0916928
1058,20100,HEBERT GARAGNANI,128,PODE,2024,-22.818047,-47.0916928
1058,20123,GILBERTO LEÃO DE ARAÚJO,36,PODE,2024,-22.818047,-47.0916928
1058,22,Partido Liberal,77,,2024,-22.818047,-47.0916928
1058,22000,DEBORA DE ANDRADE PALERMO,132,PL,2024,-22.818047,-47.0916928
1058,22022,CARLOS EDUARDO CRUZ,62,PL,2024,-22.818047,-47.0916928
1058,22123,LUIS HENRIQUE SILVA SCHENEIDER,103,PL,2024,-22.818047,-47.0916928
1058,22222,OTTO ALEJANDRO RIGAZZO ETTINGER,388,PL,2024,-22.818047,-47.0916928
1058,22233,GUILHERME BANDONI TEIXEIRA,99,PL,2024,-22.818047,-47.0916928
1058,22336,FLÁVIO EDILSON PADOVINI,66,PL,2024,-22.818047,-47.0916928
1058,22400,MARCIA APARECIDA PEREIRA DA SILVA PINHEIRO,63,PL,2024,-22.818047,-47.0916928
1058,22422,BENEDITO PEREIRA LIMA,140,PL,2024,-22.818047,-47.0916928
1058,22622,EDEVALDO DE MELO,47,PL,2024,-22.818047,-47.0916928
1058,23,RAFAEL FERNANDO ZIMBALDI,824,CIDADANIA,2024,-22.818047,-47.0916928
1058,23000,VINICIUS DE OLIVEIRA SANDOVAL,273,CIDADANIA,2024,-22.818047,-47.0916928
1058,23123,TAK CHUNG WU,37,CIDADANIA,2024,-22.818047,-47.0916928
1058,30,Partido Novo,44,NOVO,2024,-22.818047,-47.0916928
1058,30,WILSON KELLER DE MATOS,243,NOVO,2024,-22.818047,-47.0916928
1058,30999,PAULO SERGIO BARCELLOS GASPAR,77,NOVO,2024,-22.818047,-47.0916928
1058,40,Partido Socialista Brasileiro,31,,2024,-22.818047,-47.0916928
1058,40013,JAIRSON VALERIO DOS ANJOS,38,PSB,2024,-22.818047,-47.0916928
1058,40050,RENAN RONCOLATTO PEREIRA DE ALMEIDA,37,PSB,2024,-22.818047,-47.0916928
1058,40112,FILIPE BATISTA MARCHESI,79,PSB,2024,-22.818047,-47.0916928
1058,40234,MARCOS JOSE BERNARDELLI,104,PSB,2024,-22.818047,-47.0916928
1058,40345,CLAUDINEI ALMEIDA,56,PSB,2024,-22.818047,-47.0916928
1058,40456,PERMINIO MONTEIRO DA SILVA,99,PSB,2024,-22.818047,-47.0916928
1058,40580,JOSE CARLOS DOS SANTOS,120,PSB,2024,-22.818047,-47.0916928
1058,40678,JOSE CARLOS SILVA,33,PSB,2024,-22.818047,-47.0916928
1058,40888,AILTON FERNANDES SARMENTO,55,PSB,2024,-22.818047,-47.0916928
1058,44000,RODRIGO LUIS DE BARROS ALMEIDA,77,UNIÃO,2024,-22.818047,-47.0916928
1058,44004,DOUGLAS FRANCISCO DA SILVA,44,UNIÃO,2024,-22.818047,-47.0916928
1058,44019,FELIPE PEREIRA DE CAMPOS VERGUEIRO,33,UNIÃO,2024,-22.818047,-47.0916928
1058,44025,MARCELINO FELISBERTO DA COSTA,184,UNIÃO,2024,-22.818047,-47.0916928
1058,44040,APARECIDO SOUZA SANTOS,296,UNIÃO,2024,-22.818047,-47.0916928
1058,44100,CLAUDIA DAS DORES CAMARGO DA SILVA,39,UNIÃO,2024,-22.818047,-47.0916928
1058,44123,WANDERLEY LUIZ SARTORI,37,UNIÃO,2024,-22.818047,-47.0916928
1058,44190,JAIME DE SOUZA,54,UNIÃO,2024,-22.818047,-47.0916928
1058,44200,EDSON RIBEIRO,70,UNIÃO,2024,-22.818047,-47.0916928
1058,44444,MARJORIE DA COSTA HENRIQUE RODRIGUES,33,UNIÃO,2024,-22.818047,-47.0916928
1058,44567,HENRI MAEDA,30,UNIÃO,2024,-22.818047,-47.0916928
1058,50,Partido Socialismo e Liberdade,37,,2024,-22.818047,-47.0916928
1058,50000,PAULO ROBERTO BUFALO,93,PSOL,2024,-22.818047,-47.0916928
1058,50001,MARCELA DIAS MOREIRA,101,PSOL,2024,-22.818047,-47.0916928
1058,50016,SUZY SANTOS,63,PSOL,2024,-22.818047,-47.0916928
1058,50019,THAMIRES BATISTA GOMES RAMOS,89,PSOL,2024,-22.818047,-47.0916928
1058,50100,MARIANA CONTI TAKAHASHI,460,PSOL,2024,-22.818047,-47.0916928
1058,50123,FERNANDA DE OLIVEIRA SOUTO,135,PSOL,2024,-22.818047,-47.0916928
1058,55000,GUILHERME DAMASCENO FERNANDES,36,PSD,2024,-22.818047,-47.0916928
1058,55055,NELSON HOSSRI NETO,142,PSD,2024,-22.818047,-47.0916928
1058,55321,ADAUTO JOSÉ DE JESUS,32,PSD,2024,-22.818047,-47.0916928
1058,55510,MULLER PASCHOAL DE OLIVEIRA FERREIRA,52,PSD,2024,-22.818047,-47.0916928
1058,55522,LUIZ LAURO FERREIRA,34,PSD,2024,-22.818047,-47.0916928
1058,55555,FLÁVIO MAYNARDES ARAÚJO,49,PSD,2024,-22.818047,-47.0916928
1058,55577,CID FERREIRA DE SOUZA,30,PSD,2024,-22.818047,-47.0916928
1058,55655,PAULO CÉSAR HADDAD,152,PSD,2024,-22.818047,-47.0916928
1058,65656,GUSTAVO LEMOS PETTA,136,PC DO B,2024,-22.818047,-47.0916928
1058,70000,AURELIO JOSE CLAUDIO,68,AVANTE,2024,-22.818047,-47.0916928
1058,70777,VALDEIR LUCCHIARI,52,AVANTE,2024,-22.818047,-47.0916928
1058,77000,VAGNER  DOS SANTOS BELLINI,70,SOLIDARIEDADE,2024,-22.818047,-47.0916928
1058,77100,JAIR QUINÁLIA,138,SOLIDARIEDADE,2024,-22.818047,-47.0916928
1058,95,VOTO BRANCO,1606,,2024,-22.818047,-47.0916928
1058,96,VOTO NULO,1943,,2024,-22.818047,-47.0916928
1066,10,DÁRIO JORGE GIOLO SAADI,7021,REPUBLICANOS,2024,-22.9064,-47.0616
1066,10,REPUBLICANOS,157,REPUBLICANOS,2024,-22.9064,-47.0616
1066,10000,LUIZ CARLOS ROSSINI,126,REPUBLICANOS,2024,-22.9064,-47.0616
1066,10123,BENEDITO ROBERTO ALVES FERREIRA,121,REPUBLICANOS,2024,-22.9064,-47.0616
1066,10200,HIGOR DIEGO RALLA,44,REPUBLICANOS,2024,-22.9064,-47.0616
1066,10222,JEZIEL SEVERINO DA SILVA,60,REPUBLICANOS,2024,-22.9064,-47.0616
1066,10234,MILTON SOARES MUCHIUTTE,103,REPUBLICANOS,2024,-22.9064,-47.0616
1066,10450,MARCELO PONTEL,36,REPUBLICANOS,2024,-22.9064,-47.0616
1066,10456,CARMO LUIZ GREGÓRIO DA SILVA,53,REPUBLICANOS,2024,-22.9064,-47.0616
1066,10500,LUIS MOKITI YABIKU,95,REPUBLICANOS,2024,-22.9064,-47.0616
1066,10800,DONIZETI GOMES,266,REPUBLICANOS,2024,-22.9064,-47.0616
1066,11000,YANKO GONÇALVES MELLO,64,PP,2024,-22.9064,-47.0616
1066,11011,MARCELO DUCHOVNI SILVA,137,PP,2024,-22.9064,-47.0616
1066,11022,JONATHAS DE SIQUEIRA FERREIRA,38,PP,2024,-22.9064,-47.0616
1066,11153,SILVIO MARCIO LAVORATO,44,PP,2024,-22.9064,-47.0616
1066,11456,FABIO CAMILO DE ALMEIDA,32,PP,2024,-22.9064,-47.0616
1066,11999,LEONICE ALVES DA PÁZ,51,PP,2024,-22.9064,-47.0616
1066,13,PEDRO TOURINHO DE SIQUEIRA,2695,PT,2024,-22.9064,-47.0616
1066,13,Partido dos Trabalhadores,198,PT,2024,-22.9064,-47.0616
1066,13011,CECILIO SERAFIM DOS SANTOS,42,PT,2024,-22.9064,-47.0616
1066,13019,JUCELINO SOUZA DE NOVAIS JUNIOR,38,PT,2024,-22.9064,-47.0616
1066,13020,MARGARIDA DA SILVA CALIXTO,122,PT,2024,-22.9064,-47.0616
1066,13112,EVELYN SILVA DO NASCIMENTO VICENTE DA SILVA,44,PT,2024,-22.9064,-47.0616
1066,13123,PAOLLA CATHERINE DOS SANTOS MIGUEL AGARD,160,PT,2024,-22.9064,-47.0616
1066,13300,WAGNER DE MELO ROMÃO,174,PT,2024,-22.9064,-47.0616
1066,13456,GIVALDO FERREIRA DE LIMA,61,PT,2024,-22.9064,-47.0616
1066,13700,GEORGENIS HENRIQUE DE OLIVEIRA SOARES,33,PT,2024,-22.9064,-47.0616
1066,15000,ARNALDO SALVETTI PALÁCIO JUNIOR,389,MDB,2024,-22.9064,-47.0616
1066,15111,RODRIGO DA SILVA FREITAS DOS SANTOS,63,MDB,2024,-22.9064,-47.0616
1066,15123,JOÃO BATISTA DE PAULA,32,MDB,2024,-22.9064,-47.0616
1066,15555,HÉLIO ALVES MOREIRA,59,MDB,2024,-22.9064,-47.0616
1066,15567,LUIS GUSTAVO MARQUES DOS SANTOS,55,MDB,2024,-22.9064,-47.0616
1066,15789,JAKSSON LEANDRO LUCIANO GONÇALVES,71,MDB,2024,-22.9064,-47.0616
1066,20000,EDUARDO DOS REIS MAGOGA,155,PODE,2024,-22.9064,-47.0616
1066,20002,RENAN FAGNER SALOMÃO DE SOUZA,180,PODE,2024,-22.9064,-47.0616
1066,20007,LUIZ GONZAGA,33,PODE,2024,-22.9064,-47.0616
1066,20020,LUIZ HENRIQUE CIRILO,125,PODE,2024,-22.9064,-47.0616
1066,20100,HEBERT GARAGNANI,120,PODE,2024,-22.9064,-47.0616
1066,20123,GILBERTO LEÃO DE ARAÚJO,147,PODE,2024,-22.9064,-47.0616
1066,20243,ABRAÃO STREY,41,PODE,2024,-22.9064,-47.0616
1066,20555,DANILO RIDYER PALMA,68,PODE,2024,-22.9064,-47.0616
1066,22,Partido Liberal,67,,2024,-22.9064,-47.0616
1066,22000,DEBORA DE ANDRADE PALERMO,159,PL,2024,-22.9064,-47.0616
1066,22022,CARLOS EDUARDO CRUZ,53,PL,2024,-22.9064,-47.0616
1066,22123,LUIS HENRIQUE SILVA SCHENEIDER,75,PL,2024,-22.9064,-47.0616
1066,22222,OTTO ALEJANDRO RIGAZZO ETTINGER,443,PL,2024,-22.9064,-47.0616
1066,22233,GUILHERME BANDONI TEIXEIRA,122,PL,2024,-22.9064,-47.0616
1066,22336,FLÁVIO EDILSON PADOVINI,40,PL,2024,-22.9064,-47.0616
1066,22400,MARCIA APARECIDA PEREIRA DA SILVA PINHEIRO,53,PL,2024,-22.9064,-47.0616
1066,22422,BENEDITO PEREIRA LIMA,119,PL,2024,-22.9064,-47.0616
1066,22622,EDEVALDO DE MELO,37,PL,2024,-22.9064,-47.0616
1066,23,Cidadania,31,CIDADANIA,2024,-22.9064,-47.0616
1066,23,RAFAEL FERNANDO ZIMBALDI,751,CIDADANIA,2024,-22.9064,-47.0616
1066,23000,VINICIUS DE OLIVEIRA SANDOVAL,207,CIDADANIA,2024,-22.9064,-47.0616
1066,27022,MARCO ANTONIO CLAUDINO,54,DC,2024,-22.9064,-47.0616
1066,28299,WILSON RODRIGUES MILAGRES,60,PRTB,2024,-22.9064,-47.0616
1066,30,Partido Novo,37,NOVO,2024,-22.9064,-47.0616
1066,30,WILSON KELLER DE MATOS,213,NOVO,2024,-22.9064,-47.0616
1066,30000,CLIMÉRIO DOS SANTOS VIEIRA,48,NOVO,2024,-22.9064,-47.0616
1066,30999,PAULO SERGIO BARCELLOS GASPAR,97,NOVO,2024,-22.9064,-47.0616
1066,40234,MARCOS JOSE BERNARDELLI,65,PSB,2024,-22.9064,-47.0616
1066,40345,CLAUDINEI ALMEIDA,50,PSB,2024,-22.9064,-47.0616
1066,40456,PERMINIO MONTEIRO DA SILVA,47,PSB,2024,-22.9064,-47.0616
1066,40580,JOSE CARLOS DOS SANTOS,94,PSB,2024,-22.9064,-47.0616
1066,40678,JOSE CARLOS SILVA,142,PSB,2024,-22.9064,-47.0616
1066,40800,MARCELO VITAL,34,PSB,2024,-22.9064,-47.0616
1066,40888,AILTON FERNANDES SARMENTO,50,PSB,2024,-22.9064,-47.0616
1066,44000,RODRIGO LUIS DE BARROS ALMEIDA,125,UNIÃO,2024,-22.9064,-47.0616
1066,44040,APARECIDO SOUZA SANTOS,321,UNIÃO,2024,-22.9064,-47.0616
1066,44190,JAIME DE SOUZA,46,UNIÃO,2024,-22.9064,-47.0616
1066,44200,EDSON RIBEIRO,31,UNIÃO,2024,-22.9064,-47.0616
1066,50000,PAULO ROBERTO BUFALO,66,PSOL,2024,-22.9064,-47.0616
1066,50001,MARCELA DIAS MOREIRA,66,PSOL,2024,-22.9064,-47.0616
1066,50016,SUZY SANTOS,31,PSOL,2024,-22.9064,-47.0616
1066,50019,THAMIRES BATISTA GOMES RAMOS,87,PSOL,2024,-22.9064,-47.0616
1066,50100,MARIANA CONTI TAKAHASHI,340,PSOL,2024,-22.9064,-47.0616
1066,50123,FERNANDA DE OLIVEIRA SOUTO,80,PSOL,2024,-22.9064,-47.0616
1066,55000,GUILHERME DAMASCENO FERNANDES,31,PSD,2024,-22.9064,-47.0616
1066,55055,NELSON HOSSRI NETO,97,PSD,2024,-22.9064,-47.0616
1066,55123,ANGELO DINIZ,55,PSD,2024,-22.9064,-47.0616
1066,55190,JOSÉ ANTONIO PEREIRA JÚNIOR,39,PSD,2024,-22.9064,-47.0616
1066,55510,MULLER PASCHOAL DE OLIVEIRA FERREIRA,60,PSD,2024,-22.9064,-47.0616
1066,55555,FLÁVIO MAYNARDES ARAÚJO,31,PSD,2024,-22.9064,-47.0616
1066,55655,PAULO CÉSAR HADDAD,100,PSD,2024,-22.9064,-47.0616
1066,65656,GUSTAVO LEMOS PETTA,75,PC DO B,2024,-22.9064,-47.0616
1066,70000,AURELIO JOSE CLAUDIO,53,AVANTE,2024,-22.9064,-47.0616
1066,70123,JOSE DE ARIMATEA SANTOS SILVA FILHO,55,AVANTE,2024,-22.9064,-47.0616
1066,70190,CLODOALDO MAIOLINI FILHO,37,AVANTE,2024,-22.9064,-47.0616
1066,70777,VALDEIR LUCCHIARI,30,AVANTE,2024,-22.9064,-47.0616
1066,77000,VAGNER  DOS SANTOS BELLINI,54,SOLIDARIEDADE,2024,-22.9064,-47.0616
1066,95,VOTO BRANCO,1347,,2024,-22.9064,-47.0616
1066,96,VOTO NULO,1686,,2024,-22.9064,-47.0616
1074,10,DÁRIO JORGE GIOLO SAADI,7754,REPUBLICANOS,2024,-22.8976312,-47.1499056
1074,10,REPUBLICANOS,142,REPUBLICANOS,2024,-22.8976312,-47.1499056
1074,10000,LUIZ CARLOS ROSSINI,189,REPUBLICANOS,2024,-22.8976312,-47.1499056
1074,10123,BENEDITO ROBERTO ALVES FERREIRA,181,REPUBLICANOS,2024,-22.8976312,-47.1499056
1074,10200,HIGOR DIEGO RALLA,54,REPUBLICANOS,2024,-22.8976312,-47.1499056
1074,10222,JEZIEL SEVERINO DA SILVA,65,REPUBLICANOS,2024,-22.8976312,-47.1499056
1074,10234,MILTON SOARES MUCHIUTTE,359,REPUBLICANOS,2024,-22.8976312,-47.1499056
1074,10333,NOEMI SILVANA PRATES DE OLIVEIRA,36,REPUBLICANOS,2024,-22.8976312,-47.1499056
1074,10450,MARCELO PONTEL,31,REPUBLICANOS,2024,-22.8976312,-47.1499056
1074,10456,CARMO LUIZ GREGÓRIO DA SILVA,36,REPUBLICANOS,2024,-22.8976312,-47.1499056
1074,10500,LUIS MOKITI YABIKU,128,REPUBLICANOS,2024,-22.8976312,-47.1499056
1074,10700,BRUNO SENNA NETO,31,REPUBLICANOS,2024,-22.8976312,-47.1499056
1074,10800,DONIZETI GOMES,355,REPUBLICANOS,2024,-22.8976312,-47.1499056
1074,11000,YANKO GONÇALVES MELLO,72,PP,2024,-22.8976312,-47.1499056
1074,11011,MARCELO DUCHOVNI SILVA,120,PP,2024,-22.8976312,-47.1499056
1074,11022,JONATHAS DE SIQUEIRA FERREIRA,41,PP,2024,-22.8976312,-47.1499056
1074,11111,VINICIUS CAMARGO GRATTI,31,PP,2024,-22.8976312,-47.1499056
1074,11153,SILVIO MARCIO LAVORATO,52,PP,2024,-22.8976312,-47.1499056
1074,11999,LEONICE ALVES DA PÁZ,71,PP,2024,-22.8976312,-47.1499056
1074,13,PEDRO TOURINHO DE SIQUEIRA,3232,PT,2024,-22.8976312,-47.1499056
1074,13,Partido dos Trabalhadores,268,PT,2024,-22.8976312,-47.1499056
1074,13011,CECILIO SERAFIM DOS SANTOS,35,PT,2024,-22.8976312,-47.1499056
1074,13020,MARGARIDA DA SILVA CALIXTO,150,PT,2024,-22.8976312,-47.1499056
1074,13111,JACQUELINE DE CAMPOS MEDEIROS,31,PT,2024,-22.8976312,-47.1499056
1074,13123,PAOLLA CATHERINE DOS SANTOS MIGUEL AGARD,248,PT,2024,-22.8976312,-47.1499056
1074,13300,WAGNER DE MELO ROMÃO,219,PT,2024,-22.8976312,-47.1499056
1074,15000,ARNALDO SALVETTI PALÁCIO JUNIOR,225,MDB,2024,-22.8976312,-47.1499056
1074,15111,RODRIGO DA SILVA FREITAS DOS SANTOS,103,MDB,2024,-22.8976312,-47.1499056
1074,15123,JOÃO BATISTA DE PAULA,30,MDB,2024,-22.8976312,-47.1499056
1074,15555,HÉLIO ALVES MOREIRA,48,MDB,2024,-22.8976312,-47.1499056
1074,15567,LUIS GUSTAVO MARQUES DOS SANTOS,45,MDB,2024,-22.8976312,-47.1499056
1074,15789,JAKSSON LEANDRO LUCIANO GONÇALVES,46,MDB,2024,-22.8976312,-47.1499056
1074,15999,ALTAIR ALVES PAIXÃO,30,MDB,2024,-22.8976312,-47.1499056
1074,20000,EDUARDO DOS REIS MAGOGA,51,PODE,2024,-22.8976312,-47.1499056
1074,20002,RENAN FAGNER SALOMÃO DE SOUZA,146,PODE,2024,-22.8976312,-47.1499056
1074,20020,LUIZ HENRIQUE CIRILO,443,PODE,2024,-22.8976312,-47.1499056
1074,20100,HEBERT GARAGNANI,127,PODE,2024,-22.8976312,-47.1499056
1074,20123,GILBERTO LEÃO DE ARAÚJO,63,PODE,2024,-22.8976312,-47.1499056
1074,20500,JOSÉ CARLOS FURIOSO,40,PODE,2024,-22.8976312,-47.1499056
1074,20777,FRANCISCO DANILO ALVES GOMES,42,PODE,2024,-22.8976312,-47.1499056
1074,22,Partido Liberal,70,,2024,-22.8976312,-47.1499056
1074,22000,DEBORA DE ANDRADE PALERMO,130,PL,2024,-22.8976312,-47.1499056
1074,22022,CARLOS EDUARDO CRUZ,38,PL,2024,-22.8976312,-47.1499056
1074,22123,LUIS HENRIQUE SILVA SCHENEIDER,147,PL,2024,-22.8976312,-47.1499056
1074,22222,OTTO ALEJANDRO RIGAZZO ETTINGER,117,PL,2024,-22.8976312,-47.1499056
1074,22233,GUILHERME BANDONI TEIXEIRA,81,PL,2024,-22.8976312,-47.1499056
1074,22336,FLÁVIO EDILSON PADOVINI,91,PL,2024,-22.8976312,-47.1499056
1074,22400,MARCIA APARECIDA PEREIRA DA SILVA PINHEIRO,69,PL,2024,-22.8976312,-47.1499056
1074,22422,BENEDITO PEREIRA LIMA,140,PL,2024,-22.8976312,-47.1499056
1074,22622,EDEVALDO DE MELO,47,PL,2024,-22.8976312,-47.1499056
1074,22789,JUSCELINO DE SOUZA MARTINS,273,PL,2024,-22.8976312,-47.1499056
1074,23,Cidadania,33,CIDADANIA,2024,-22.8976312,-47.1499056
1074,23,RAFAEL FERNANDO ZIMBALDI,752,CIDADANIA,2024,-22.8976312,-47.1499056
1074,23000,VINICIUS DE OLIVEIRA SANDOVAL,252,CIDADANIA,2024,-22.8976312,-47.1499056
1074,29,ANGELINA DIAS DA SILVA,36,,2024,-22.8976312,-47.1499056
1074,30,Partido Novo,40,NOVO,2024,-22.8976312,-47.1499056
1074,30,WILSON KELLER DE MATOS,252,NOVO,2024,-22.8976312,-47.1499056
1074,30000,CLIMÉRIO DOS SANTOS VIEIRA,48,NOVO,2024,-22.8976312,-47.1499056
1074,30999,PAULO SERGIO BARCELLOS GASPAR,79,NOVO,2024,-22.8976312,-47.1499056
1074,40112,FILIPE BATISTA MARCHESI,42,PSB,2024,-22.8976312,-47.1499056
1074,40234,MARCOS JOSE BERNARDELLI,62,PSB,2024,-22.8976312,-47.1499056
1074,40345,CLAUDINEI ALMEIDA,49,PSB,2024,-22.8976312,-47.1499056
1074,40444,JOÃO GOMES JUNIOR,33,PSB,2024,-22.8976312,-47.1499056
1074,40456,PERMINIO MONTEIRO DA SILVA,72,PSB,2024,-22.8976312,-47.1499056
1074,40580,JOSE CARLOS DOS SANTOS,132,PSB,2024,-22.8976312,-47.1499056
1074,40678,JOSE CARLOS SILVA,41,PSB,2024,-22.8976312,-47.1499056
1074,40888,AILTON FERNANDES SARMENTO,59,PSB,2024,-22.8976312,-47.1499056
1074,44000,RODRIGO LUIS DE BARROS ALMEIDA,50,UNIÃO,2024,-22.8976312,-47.1499056
1074,44040,APARECIDO SOUZA SANTOS,182,UNIÃO,2024,-22.8976312,-47.1499056
1074,44123,WANDERLEY LUIZ SARTORI,37,UNIÃO,2024,-22.8976312,-47.1499056
1074,44190,JAIME DE SOUZA,54,UNIÃO,2024,-22.8976312,-47.1499056
1074,44200,EDSON RIBEIRO,42,UNIÃO,2024,-22.8976312,-47.1499056
1074,44500,ROSA FERREIRA DA SILVA,33,UNIÃO,2024,-22.8976312,-47.1499056
1074,44700,PAULA DA SILVA RAMOS,44,UNIÃO,2024,-22.8976312,-47.1499056
1074,50,Partido Socialismo e Liberdade,45,,2024,-22.8976312,-47.1499056
1074,50000,PAULO ROBERTO BUFALO,102,PSOL,2024,-22.8976312,-47.1499056
1074,50001,MARCELA DIAS MOREIRA,95,PSOL,2024,-22.8976312,-47.1499056
1074,50016,SUZY SANTOS,54,PSOL,2024,-22.8976312,-47.1499056
1074,50019,THAMIRES BATISTA GOMES RAMOS,97,PSOL,2024,-22.8976312,-47.1499056
1074,50100,MARIANA CONTI TAKAHASHI,503,PSOL,2024,-22.8976312,-47.1499056
1074,50123,FERNANDA DE OLIVEIRA SOUTO,114,PSOL,2024,-22.8976312,-47.1499056
1074,55000,GUILHERME DAMASCENO FERNANDES,40,PSD,2024,-22.8976312,-47.1499056
1074,55055,NELSON HOSSRI NETO,126,PSD,2024,-22.8976312,-47.1499056
1074,55190,JOSÉ ANTONIO PEREIRA JÚNIOR,34,PSD,2024,-22.8976312,-47.1499056
1074,55321,ADAUTO JOSÉ DE JESUS,39,PSD,2024,-22.8976312,-47.1499056
1074,55510,MULLER PASCHOAL DE OLIVEIRA FERREIRA,64,PSD,2024,-22.8976312,-47.1499056
1074,55555,FLÁVIO MAYNARDES ARAÚJO,39,PSD,2024,-22.8976312,-47.1499056
1074,55577,CID FERREIRA DE SOUZA,39,PSD,2024,-22.8976312,-47.1499056
1074,55655,PAULO CÉSAR HADDAD,188,PSD,2024,-22.8976312,-47.1499056
1074,65656,GUSTAVO LEMOS PETTA,105,PC DO B,2024,-22.8976312,-47.1499056
1074,70000,AURELIO JOSE CLAUDIO,34,AVANTE,2024,-22.8976312,-47.1499056
1074,77000,VAGNER  DOS SANTOS BELLINI,93,SOLIDARIEDADE,2024,-22.8976312,-47.1499056
1074,77100,JAIR QUINÁLIA,82,SOLIDARIEDADE,2024,-22.8976312,-47.1499056
1074,95,VOTO BRANCO,1448,,2024,-22.8976312,-47.1499056
1074,96,VOTO NULO,1799,,2024,-22.8976312,-47.1499056
1082,10,DÁRIO JORGE GIOLO SAADI,7162,REPUBLICANOS,2024,-22.9754476,-47.1278076
1082,10,REPUBLICANOS,183,REPUBLICANOS,2024,-22.9754476,-47.1278076
1082,10000,LUIZ CARLOS ROSSINI,101,REPUBLICANOS,2024,-22.9754476,-47.1278076
1082,10123,BENEDITO ROBERTO ALVES FERREIRA,173,REPUBLICANOS,2024,-22.9754476,-47.1278076
1082,10200,HIGOR DIEGO RALLA,33,REPUBLICANOS,2024,-22.9754476,-47.1278076
1082,10222,JEZIEL SEVERINO DA SILVA,83,REPUBLICANOS,2024,-22.9754476,-47.1278076
1082,10234,MILTON SOARES MUCHIUTTE,41,REPUBLICANOS,2024,-22.9754476,-47.1278076
1082,10450,MARCELO PONTEL,53,REPUBLICANOS,2024,-22.9754476,-47.1278076
1082,10456,CARMO LUIZ GREGÓRIO DA SILVA,54,REPUBLICANOS,2024,-22.9754476,-47.1278076
1082,10500,LUIS MOKITI YABIKU,89,REPUBLICANOS,2024,-22.9754476,-47.1278076
1082,11000,YANKO GONÇALVES MELLO,67,PP,2024,-22.9754476,-47.1278076
1082,11011,MARCELO DUCHOVNI SILVA,120,PP,2024,-22.9754476,-47.1278076
1082,11022,JONATHAS DE SIQUEIRA FERREIRA,43,PP,2024,-22.9754476,-47.1278076
1082,11153,SILVIO MARCIO LAVORATO,39,PP,2024,-22.9754476,-47.1278076
1082,11300,VALDIR FERREIRA,33,PP,2024,-22.9754476,-47.1278076
1082,11789,JOSE CARLOS DO NASCIMENTO,40,PP,2024,-22.9754476,-47.1278076
1082,13,PEDRO TOURINHO DE SIQUEIRA,2627,PT,2024,-22.9754476,-47.1278076
1082,13,Partido dos Trabalhadores,230,PT,2024,-22.9754476,-47.1278076
1082,13000,JOSÉ ABREU DE LUCENA,58,PT,2024,-22.9754476,-47.1278076
1082,13019,JUCELINO SOUZA DE NOVAIS JUNIOR,96,PT,2024,-22.9754476,-47.1278076
1082,13020,MARGARIDA DA SILVA CALIXTO,121,PT,2024,-22.9754476,-47.1278076
1082,13100,LUIZ CARLOS FELICIDADE,31,PT,2024,-22.9754476,-47.1278076
1082,13123,PAOLLA CATHERINE DOS SANTOS MIGUEL AGARD,136,PT,2024,-22.9754476,-47.1278076
1082,13300,WAGNER DE MELO ROMÃO,78,PT,2024,-22.9754476,-47.1278076
1082,13456,GIVALDO FERREIRA DE LIMA,75,PT,2024,-22.9754476,-47.1278076
1082,13613,CARLOS ROBERTO DE OLIVEIRA,40,PT,2024,-22.9754476,-47.1278076
1082,15000,ARNALDO SALVETTI PALÁCIO JUNIOR,285,MDB,2024,-22.9754476,-47.1278076
1082,15055,CARLOS HENRIQUE PINTO,52,MDB,2024,-22.9754476,-47.1278076
1082,15111,RODRIGO DA SILVA FREITAS DOS SANTOS,81,MDB,2024,-22.9754476,-47.1278076
1082,15222,CRISTIANO FORIGATO,46,MDB,2024,-22.9754476,-47.1278076
1082,15250,ANDRÉ LUIZ DE CAMARGO VON ZUBEN,33,MDB,2024,-22.9754476,-47.1278076
1082,15555,HÉLIO ALVES MOREIRA,56,MDB,2024,-22.9754476,-47.1278076
1082,15567,LUIS GUSTAVO MARQUES DOS SANTOS,32,MDB,2024,-22.9754476,-47.1278076
1082,15678,ORLEANS DE SÁ ALENCAR,48,MDB,2024,-22.9754476,-47.1278076
1082,15999,ALTAIR ALVES PAIXÃO,31,MDB,2024,-22.9754476,-47.1278076
1082,20000,EDUARDO DOS REIS MAGOGA,35,PODE,2024,-22.9754476,-47.1278076
1082,20002,RENAN FAGNER SALOMÃO DE SOUZA,118,PODE,2024,-22.9754476,-47.1278076
1082,20020,LUIZ HENRIQUE CIRILO,152,PODE,2024,-22.9754476,-47.1278076
1082,20100,HEBERT GARAGNANI,118,PODE,2024,-22.9754476,-47.1278076
1082,20123,GILBERTO LEÃO DE ARAÚJO,173,PODE,2024,-22.9754476,-47.1278076
1082,20243,ABRAÃO STREY,60,PODE,2024,-22.9754476,-47.1278076
1082,20500,JOSÉ CARLOS FURIOSO,38,PODE,2024,-22.9754476,-47.1278076
1082,20555,DANILO RIDYER PALMA,56,PODE,2024,-22.9754476,-47.1278076
1082,22,Partido Liberal,56,,2024,-22.9754476,-47.1278076
1082,22000,DEBORA DE ANDRADE PALERMO,66,PL,2024,-22.9754476,-47.1278076
1082,22022,CARLOS EDUARDO CRUZ,64,PL,2024,-22.9754476,-47.1278076
1082,22123,LUIS HENRIQUE SILVA SCHENEIDER,132,PL,2024,-22.9754476,-47.1278076
1082,22222,OTTO ALEJANDRO RIGAZZO ETTINGER,163,PL,2024,-22.9754476,-47.1278076
1082,22233,GUILHERME BANDONI TEIXEIRA,94,PL,2024,-22.9754476,-47.1278076
1082,22400,MARCIA APARECIDA PEREIRA DA SILVA PINHEIRO,62,PL,2024,-22.9754476,-47.1278076
1082,22422,BENEDITO PEREIRA LIMA,143,PL,2024,-22.9754476,-47.1278076
1082,22622,EDEVALDO DE MELO,39,PL,2024,-22.9754476,-47.1278076
1082,23,Cidadania,43,CIDADANIA,2024,-22.9754476,-47.1278076
1082,23,RAFAEL FERNANDO ZIMBALDI,1186,CIDADANIA,2024,-22.9754476,-47.1278076
1082,23000,VINICIUS DE OLIVEIRA SANDOVAL,243,CIDADANIA,2024,-22.9754476,-47.1278076
1082,23023,RICARDO APARECIDO DOS SANTOS,67,CIDADANIA,2024,-22.9754476,-47.1278076
1082,23300,WEDY PINHEIRO ANDRADE,40,CIDADANIA,2024,-22.9754476,-47.1278076
1082,23456,EVERALDO LUIZ VIEIRA,33,CIDADANIA,2024,-22.9754476,-47.1278076
1082,27022,MARCO ANTONIO CLAUDINO,78,DC,2024,-22.9754476,-47.1278076
1082,28193,JOÃO RAMOS  DOS SANTOS SOBRINHO,68,PRTB,2024,-22.9754476,-47.1278076
1082,30,WILSON KELLER DE MATOS,168,NOVO,2024,-22.9754476,-47.1278076
1082,30999,PAULO SERGIO BARCELLOS GASPAR,49,NOVO,2024,-22.9754476,-47.1278076
1082,40,Partido Socialista Brasileiro,48,,2024,-22.9754476,-47.1278076
1082,40013,JAIRSON VALERIO DOS ANJOS,48,PSB,2024,-22.9754476,-47.1278076
1082,40112,FILIPE BATISTA MARCHESI,42,PSB,2024,-22.9754476,-47.1278076
1082,40123,MARIO CESAR MELLO DA SILVA,33,PSB,2024,-22.9754476,-47.1278076
1082,40234,MARCOS JOSE BERNARDELLI,70,PSB,2024,-22.9754476,-47.1278076
1082,40345,CLAUDINEI ALMEIDA,54,PSB,2024,-22.9754476,-47.1278076
1082,40456,PERMINIO MONTEIRO DA SILVA,523,PSB,2024,-22.9754476,-47.1278076
1082,40580,JOSE CARLOS DOS SANTOS,94,PSB,2024,-22.9754476,-47.1278076
1082,40800,MARCELO VITAL,97,PSB,2024,-22.9754476,-47.1278076
1082,40888,AILTON FERNANDES SARMENTO,38,PSB,2024,-22.9754476,-47.1278076
1082,44000,RODRIGO LUIS DE BARROS ALMEIDA,999,UNIÃO,2024,-22.9754476,-47.1278076
1082,44040,APARECIDO SOUZA SANTOS,292,UNIÃO,2024,-22.9754476,-47.1278076
1082,44190,JAIME DE SOUZA,87,UNIÃO,2024,-22.9754476,-47.1278076
1082,44200,EDSON RIBEIRO,43,UNIÃO,2024,-22.9754476,-47.1278076
1082,44999,MARCONE JOSÉ DE LIMA,33,UNIÃO,2024,-22.9754476,-47.1278076
1082,50,Partido Socialismo e Liberdade,36,,2024,-22.9754476,-47.1278076
1082,50000,PAULO ROBERTO BUFALO,72,PSOL,2024,-22.9754476,-47.1278076
1082,50001,MARCELA DIAS MOREIRA,36,PSOL,2024,-22.9754476,-47.1278076
1082,50019,THAMIRES BATISTA GOMES RAMOS,42,PSOL,2024,-22.9754476,-47.1278076
1082,50100,MARIANA CONTI TAKAHASHI,257,PSOL,2024,-22.9754476,-47.1278076
1082,50123,FERNANDA DE OLIVEIRA SOUTO,44,PSOL,2024,-22.9754476,-47.1278076
1082,55055,NELSON HOSSRI NETO,81,PSD,2024,-22.9754476,-47.1278076
1082,55190,JOSÉ ANTONIO PEREIRA JÚNIOR,43,PSD,2024,-22.9754476,-47.1278076
1082,55510,MULLER PASCHOAL DE OLIVEIRA FERREIRA,36,PSD,2024,-22.9754476,-47.1278076
1082,55522,LUIZ LAURO FERREIRA,36,PSD,2024,-22.9754476,-47.1278076
1082,55555,FLÁVIO MAYNARDES ARAÚJO,41,PSD,2024,-22.9754476,-47.1278076
1082,55577,CID FERREIRA DE SOUZA,36,PSD,2024,-22.9754476,-47.1278076
1082,55655,PAULO CÉSAR HADDAD,49,PSD,2024,-22.9754476,-47.1278076
1082,65656,GUSTAVO LEMOS PETTA,114,PC DO B,2024,-22.9754476,-47.1278076
1082,95,VOTO BRANCO,1255,,2024,-22.9754476,-47.1278076
1082,96,VOTO NULO,1789,,2024,-22.9754476,-47.1278076
1090,10,DÁRIO JORGE GIOLO SAADI,8899,REPUBLICANOS,2024,-22.8903927,-47.119025
1090,10,REPUBLICANOS,200,REPUBLICANOS,2024,-22.8903927,-47.119025
1090,10000,LUIZ CARLOS ROSSINI,140,REPUBLICANOS,2024,-22.8903927,-47.119025
1090,10123,BENEDITO ROBERTO ALVES FERREIRA,176,REPUBLICANOS,2024,-22.8903927,-47.119025
1090,10200,HIGOR DIEGO RALLA,66,REPUBLICANOS,2024,-22.8903927,-47.119025
1090,10222,JEZIEL SEVERINO DA SILVA,70,REPUBLICANOS,2024,-22.8903927,-47.119025
1090,10234,MILTON SOARES MUCHIUTTE,84,REPUBLICANOS,2024,-22.8903927,-47.119025
1090,10450,MARCELO PONTEL,121,REPUBLICANOS,2024,-22.8903927,-47.119025
1090,10456,CARMO LUIZ GREGÓRIO DA SILVA,57,REPUBLICANOS,2024,-22.8903927,-47.119025
1090,10500,LUIS MOKITI YABIKU,116,REPUBLICANOS,2024,-22.8903927,-47.119025
1090,10789,CARLOS JOSÉ LEMOS,32,REPUBLICANOS,2024,-22.8903927,-47.119025
1090,10800,DONIZETI GOMES,121,REPUBLICANOS,2024,-22.8903927,-47.119025
1090,11000,YANKO GONÇALVES MELLO,73,PP,2024,-22.8903927,-47.119025
1090,11011,MARCELO DUCHOVNI SILVA,140,PP,2024,-22.8903927,-47.119025
1090,11022,JONATHAS DE SIQUEIRA FERREIRA,54,PP,2024,-22.8903927,-47.119025
1090,11153,SILVIO MARCIO LAVORATO,60,PP,2024,-22.8903927,-47.119025
1090,11456,FABIO CAMILO DE ALMEIDA,117,PP,2024,-22.8903927,-47.119025
1090,11789,JOSE CARLOS DO NASCIMENTO,33,PP,2024,-22.8903927,-47.119025
1090,11888,ANDRÉ LUIS TOLOTTO,534,PP,2024,-22.8903927,-47.119025
1090,11999,LEONICE ALVES DA PÁZ,39,PP,2024,-22.8903927,-47.119025
1090,13,PEDRO TOURINHO DE SIQUEIRA,2812,PT,2024,-22.8903927,-47.119025
1090,13,Partido dos Trabalhadores,246,PT,2024,-22.8903927,-47.119025
1090,13000,JOSÉ ABREU DE LUCENA,35,PT,2024,-22.8903927,-47.119025
1090,13011,CECILIO SERAFIM DOS SANTOS,43,PT,2024,-22.8903927,-47.119025
1090,13019,JUCELINO SOUZA DE NOVAIS JUNIOR,41,PT,2024,-22.8903927,-47.119025
1090,13020,MARGARIDA DA SILVA CALIXTO,105,PT,2024,-22.8903927,-47.119025
1090,13123,PAOLLA CATHERINE DOS SANTOS MIGUEL AGARD,167,PT,2024,-22.8903927,-47.119025
1090,13300,WAGNER DE MELO ROMÃO,81,PT,2024,-22.8903927,-47.119025
1090,15000,ARNALDO SALVETTI PALÁCIO JUNIOR,191,MDB,2024,-22.8903927,-47.119025
1090,15055,CARLOS HENRIQUE PINTO,37,MDB,2024,-22.8903927,-47.119025
1090,15111,RODRIGO DA SILVA FREITAS DOS SANTOS,70,MDB,2024,-22.8903927,-47.119025
1090,15222,CRISTIANO FORIGATO,58,MDB,2024,-22.8903927,-47.119025
1090,15555,HÉLIO ALVES MOREIRA,89,MDB,2024,-22.8903927,-47.119025
1090,20000,EDUARDO DOS REIS MAGOGA,60,PODE,2024,-22.8903927,-47.119025
1090,20020,LUIZ HENRIQUE CIRILO,62,PODE,2024,-22.8903927,-47.119025
1090,20050,ANDRÉ LUIS SILVA DE SOUZA,33,PODE,2024,-22.8903927,-47.119025
1090,20100,HEBERT GARAGNANI,120,PODE,2024,-22.8903927,-47.119025
1090,20123,GILBERTO LEÃO DE ARAÚJO,367,PODE,2024,-22.8903927,-47.119025
1090,20190,MARCOS ALVES FERREIRA,41,PODE,2024,-22.8903927,-47.119025
1090,20555,DANILO RIDYER PALMA,46,PODE,2024,-22.8903927,-47.119025
1090,22,Partido Liberal,69,,2024,-22.8903927,-47.119025
1090,22000,DEBORA DE ANDRADE PALERMO,89,PL,2024,-22.8903927,-47.119025
1090,22123,LUIS HENRIQUE SILVA SCHENEIDER,82,PL,2024,-22.8903927,-47.119025
1090,22222,OTTO ALEJANDRO RIGAZZO ETTINGER,86,PL,2024,-22.8903927,-47.119025
1090,22233,GUILHERME BANDONI TEIXEIRA,118,PL,2024,-22.8903927,-47.119025
1090,22336,FLÁVIO EDILSON PADOVINI,30,PL,2024,-22.8903927,-47.119025
1090,22400,MARCIA APARECIDA PEREIRA DA SILVA PINHEIRO,73,PL,2024,-22.8903927,-47.119025
1090,22422,BENEDITO PEREIRA LIMA,132,PL,2024,-22.8903927,-47.119025
1090,22622,EDEVALDO DE MELO,463,PL,2024,-22.8903927,-47.119025
1090,22789,JUSCELINO DE SOUZA MARTINS,35,PL,2024,-22.8903927,-47.119025
1090,23,Cidadania,37,CIDADANIA,2024,-22.8903927,-47.119025
1090,23,RAFAEL FERNANDO ZIMBALDI,1097,CIDADANIA,2024,-22.8903927,-47.119025
1090,23000,VINICIUS DE OLIVEIRA SANDOVAL,289,CIDADANIA,2024,-22.8903927,-47.119025
1090,23123,TAK CHUNG WU,35,CIDADANIA,2024,-22.8903927,-47.119025
1090,27123,DANIEL DE SOUZA NOVELLO ARAUJO,41,DC,2024,-22.8903927,-47.119025
1090,27456,FABIO ZOROASTRO LELLIS,39,DC,2024,-22.8903927,-47.119025
1090,29,ANGELINA DIAS DA SILVA,30,,2024,-22.8903927,-47.119025
1090,30,Partido Novo,32,NOVO,2024,-22.8903927,-47.119025
1090,30,WILSON KELLER DE MATOS,229,NOVO,2024,-22.8903927,-47.119025
1090,30999,PAULO SERGIO BARCELLOS GASPAR,55,NOVO,2024,-22.8903927,-47.119025
1090,36555,REGINALDO NERIS PEREIRA,57,AGIR,2024,-22.8903927,-47.119025
1090,40,Partido Socialista Brasileiro,41,,2024,-22.8903927,-47.119025
1090,40012,JURACY PEREIRA COUTINHO JUNIOR,38,PSB,2024,-22.8903927,-47.119025
1090,40013,JAIRSON VALERIO DOS ANJOS,67,PSB,2024,-22.8903927,-47.119025
1090,40110,ARMINDO LIMA DE ALMEIDA,187,PSB,2024,-22.8903927,-47.119025
1090,40112,FILIPE BATISTA MARCHESI,64,PSB,2024,-22.8903927,-47.119025
1090,40234,MARCOS JOSE BERNARDELLI,108,PSB,2024,-22.8903927,-47.119025
1090,40345,CLAUDINEI ALMEIDA,66,PSB,2024,-22.8903927,-47.119025
1090,40444,JOÃO GOMES JUNIOR,50,PSB,2024,-22.8903927,-47.119025
1090,40456,PERMINIO MONTEIRO DA SILVA,720,PSB,2024,-22.8903927,-47.119025
1090,40500,RUBENS SOARES DO NASCIMENTO,47,PSB,2024,-22.8903927,-47.119025
1090,40555,LUIZ FERNANDO MARIANO MATEUS,39,PSB,2024,-22.8903927,-47.119025
1090,40580,JOSE CARLOS DOS SANTOS,145,PSB,2024,-22.8903927,-47.119025
1090,40678,JOSE CARLOS SILVA,45,PSB,2024,-22.8903927,-47.119025
1090,40800,MARCELO VITAL,204,PSB,2024,-22.8903927,-47.119025
1090,44000,RODRIGO LUIS DE BARROS ALMEIDA,174,UNIÃO,2024,-22.8903927,-47.119025
1090,44007,LEONARDO RUELA SANTANA,40,UNIÃO,2024,-22.8903927,-47.119025
1090,44019,FELIPE PEREIRA DE CAMPOS VERGUEIRO,36,UNIÃO,2024,-22.8903927,-47.119025
1090,44190,JAIME DE SOUZA,100,UNIÃO,2024,-22.8903927,-47.119025
1090,44200,EDSON RIBEIRO,49,UNIÃO,2024,-22.8903927,-47.119025
1090,44567,HENRI MAEDA,31,UNIÃO,2024,-22.8903927,-47.119025
1090,44999,MARCONE JOSÉ DE LIMA,56,UNIÃO,2024,-22.8903927,-47.119025
1090,50000,PAULO ROBERTO BUFALO,58,PSOL,2024,-22.8903927,-47.119025
1090,50001,MARCELA DIAS MOREIRA,90,PSOL,2024,-22.8903927,-47.119025
1090,50016,SUZY SANTOS,34,PSOL,2024,-22.8903927,-47.119025
1090,50019,THAMIRES BATISTA GOMES RAMOS,35,PSOL,2024,-22.8903927,-47.119025
1090,50100,MARIANA CONTI TAKAHASHI,282,PSOL,2024,-22.8903927,-47.119025
1090,50123,FERNANDA DE OLIVEIRA SOUTO,72,PSOL,2024,-22.8903927,-47.119025
1090,55000,GUILHERME DAMASCENO FERNANDES,30,PSD,2024,-22.8903927,-47.119025
1090,55055,NELSON HOSSRI NETO,113,PSD,2024,-22.8903927,-47.119025
1090,55222,JORGE DOS SANTOS MONTANARI,370,PSD,2024,-22.8903927,-47.119025
1090,55510,MULLER PASCHOAL DE OLIVEIRA FERREIRA,86,PSD,2024,-22.8903927,-47.119025
1090,55522,LUIZ LAURO FERREIRA,40,PSD,2024,-22.8903927,-47.119025
1090,55555,FLÁVIO MAYNARDES ARAÚJO,41,PSD,2024,-22.8903927,-47.119025
1090,55655,PAULO CÉSAR HADDAD,160,PSD,2024,-22.8903927,-47.119025
1090,65656,GUSTAVO LEMOS PETTA,127,PC DO B,2024,-22.8903927,-47.119025
1090,70000,AURELIO JOSE CLAUDIO,35,AVANTE,2024,-22.8903927,-47.119025
1090,70800,ELCIO BATISTA,89,AVANTE,2024,-22.8903927,-47.119025
1090,77000,VAGNER  DOS SANTOS BELLINI,58,SOLIDARIEDADE,2024,-22.8903927,-47.119025
1090,77100,JAIR QUINÁLIA,47,SOLIDARIEDADE,2024,-22.8903927,-47.119025
1090,77716,TELMA FRANCISCA BARROS DE SOUSA SEVERO MARQUES,33,SOLIDARIEDADE,2024,-22.8903927,-47.119025
1090,95,VOTO BRANCO,1764,,2024,-22.8903927,-47.119025
1090,96,VOTO NULO,2088,,2024,-22.8903927,-47.119025
1104,10,DÁRIO JORGE GIOLO SAADI,7912,REPUBLICANOS,2024,-22.9723233,-47.1402912
1104,10,REPUBLICANOS,193,REPUBLICANOS,2024,-22.9723233,-47.1402912
1104,10000,LUIZ CARLOS ROSSINI,160,REPUBLICANOS,2024,-22.9723233,-47.1402912
1104,10123,BENEDITO ROBERTO ALVES FERREIRA,137,REPUBLICANOS,2024,-22.9723233,-47.1402912
1104,10200,HIGOR DIEGO RALLA,42,REPUBLICANOS,2024,-22.9723233,-47.1402912
1104,10222,JEZIEL SEVERINO DA SILVA,73,REPUBLICANOS,2024,-22.9723233,-47.1402912
1104,10450,MARCELO PONTEL,186,REPUBLICANOS,2024,-22.9723233,-47.1402912
1104,10456,CARMO LUIZ GREGÓRIO DA SILVA,60,REPUBLICANOS,2024,-22.9723233,-47.1402912
1104,10500,LUIS MOKITI YABIKU,108,REPUBLICANOS,2024,-22.9723233,-47.1402912
1104,10556,GIOVANNE SOTELLO LAVORINI,41,REPUBLICANOS,2024,-22.9723233,-47.1402912
1104,10800,DONIZETI GOMES,116,REPUBLICANOS,2024,-22.9723233,-47.1402912
1104,11000,YANKO GONÇALVES MELLO,73,PP,2024,-22.9723233,-47.1402912
1104,11011,MARCELO DUCHOVNI SILVA,173,PP,2024,-22.9723233,-47.1402912
1104,11022,JONATHAS DE SIQUEIRA FERREIRA,48,PP,2024,-22.9723233,-47.1402912
1104,11456,FABIO CAMILO DE ALMEIDA,173,PP,2024,-22.9723233,-47.1402912
1104,11888,ANDRÉ LUIS TOLOTTO,198,PP,2024,-22.9723233,-47.1402912
1104,13,PEDRO TOURINHO DE SIQUEIRA,3968,PT,2024,-22.9723233,-47.1402912
1104,13,Partido dos Trabalhadores,264,PT,2024,-22.9723233,-47.1402912
1104,13000,JOSÉ ABREU DE LUCENA,38,PT,2024,-22.9723233,-47.1402912
1104,13011,CECILIO SERAFIM DOS SANTOS,48,PT,2024,-22.9723233,-47.1402912
1104,13019,JUCELINO SOUZA DE NOVAIS JUNIOR,69,PT,2024,-22.9723233,-47.1402912
1104,13020,MARGARIDA DA SILVA CALIXTO,172,PT,2024,-22.9723233,-47.1402912
1104,13123,PAOLLA CATHERINE DOS SANTOS MIGUEL AGARD,249,PT,2024,-22.9723233,-47.1402912
1104,13300,WAGNER DE MELO ROMÃO,499,PT,2024,-22.9723233,-47.1402912
1104,15000,ARNALDO SALVETTI PALÁCIO JUNIOR,127,MDB,2024,-22.9723233,-47.1402912
1104,15111,RODRIGO DA SILVA FREITAS DOS SANTOS,76,MDB,2024,-22.9723233,-47.1402912
1104,15222,CRISTIANO FORIGATO,39,MDB,2024,-22.9723233,-47.1402912
1104,15250,ANDRÉ LUIZ DE CAMARGO VON ZUBEN,39,MDB,2024,-22.9723233,-47.1402912
1104,15555,HÉLIO ALVES MOREIRA,52,MDB,2024,-22.9723233,-47.1402912
1104,15777,LUCIANA APARECIDA CARDOSO,30,MDB,2024,-22.9723233,-47.1402912
1104,18123,CAMILA DELMONDES DIAS,45,REDE,2024,-22.9723233,-47.1402912
1104,20000,EDUARDO DOS REIS MAGOGA,289,PODE,2024,-22.9723233,-47.1402912
1104,20020,LUIZ HENRIQUE CIRILO,39,PODE,2024,-22.9723233,-47.1402912
1104,20100,HEBERT GARAGNANI,119,PODE,2024,-22.9723233,-47.1402912
1104,20123,GILBERTO LEÃO DE ARAÚJO,302,PODE,2024,-22.9723233,-47.1402912
1104,20190,MARCOS ALVES FERREIRA,34,PODE,2024,-22.9723233,-47.1402912
1104,20555,DANILO RIDYER PALMA,36,PODE,2024,-22.9723233,-47.1402912
1104,22,Partido Liberal,70,,2024,-22.9723233,-47.1402912
1104,22000,DEBORA DE ANDRADE PALERMO,121,PL,2024,-22.9723233,-47.1402912
1104,22022,CARLOS EDUARDO CRUZ,38,PL,2024,-22.9723233,-47.1402912
1104,22123,LUIS HENRIQUE SILVA SCHENEIDER,73,PL,2024,-22.9723233,-47.1402912
1104,22222,OTTO ALEJANDRO RIGAZZO ETTINGER,88,PL,2024,-22.9723233,-47.1402912
1104,22233,GUILHERME BANDONI TEIXEIRA,87,PL,2024,-22.9723233,-47.1402912
1104,22400,MARCIA APARECIDA PEREIRA DA SILVA PINHEIRO,55,PL,2024,-22.9723233,-47.1402912
1104,22422,BENEDITO PEREIRA LIMA,136,PL,2024,-22.9723233,-47.1402912
1104,22622,EDEVALDO DE MELO,473,PL,2024,-22.9723233,-47.1402912
1104,22789,JUSCELINO DE SOUZA MARTINS,33,PL,2024,-22.9723233,-47.1402912
1104,23,Cidadania,41,CIDADANIA,2024,-22.9723233,-47.1402912
1104,23,RAFAEL FERNANDO ZIMBALDI,934,CIDADANIA,2024,-22.9723233,-47.1402912
1104,23000,VINICIUS DE OLIVEIRA SANDOVAL,217,CIDADANIA,2024,-22.9723233,-47.1402912
1104,23177,MARCELO EDUARDO HEIN,64,CIDADANIA,2024,-22.9723233,-47.1402912
1104,27456,FABIO ZOROASTRO LELLIS,39,DC,2024,-22.9723233,-47.1402912
1104,28321,EVELYN VIEIRA FARIAS,37,PRTB,2024,-22.9723233,-47.1402912
1104,30,Partido Novo,74,NOVO,2024,-22.9723233,-47.1402912
1104,30,WILSON KELLER DE MATOS,297,NOVO,2024,-22.9723233,-47.1402912
1104,30000,CLIMÉRIO DOS SANTOS VIEIRA,69,NOVO,2024,-22.9723233,-47.1402912
1104,30300,AKEMI ELIZABETH SHIGIHARA,35,NOVO,2024,-22.9723233,-47.1402912
1104,30999,PAULO SERGIO BARCELLOS GASPAR,126,NOVO,2024,-22.9723233,-47.1402912
1104,40,Partido Socialista Brasileiro,38,,2024,-22.9723233,-47.1402912
1104,40013,JAIRSON VALERIO DOS ANJOS,33,PSB,2024,-22.9723233,-47.1402912
1104,40110,ARMINDO LIMA DE ALMEIDA,36,PSB,2024,-22.9723233,-47.1402912
1104,40112,FILIPE BATISTA MARCHESI,33,PSB,2024,-22.9723233,-47.1402912
1104,40222,ERIKA VIVIANE DE SOUZA RAMOS,35,PSB,2024,-22.9723233,-47.1402912
1104,40234,MARCOS JOSE BERNARDELLI,58,PSB,2024,-22.9723233,-47.1402912
1104,40345,CLAUDINEI ALMEIDA,35,PSB,2024,-22.9723233,-47.1402912
1104,40400,ARIANA PAULA FREITAS ORLANDO,32,PSB,2024,-22.9723233,-47.1402912
1104,40444,JOÃO GOMES JUNIOR,33,PSB,2024,-22.9723233,-47.1402912
1104,40456,PERMINIO MONTEIRO DA SILVA,639,PSB,2024,-22.9723233,-47.1402912
1104,40500,RUBENS SOARES DO NASCIMENTO,52,PSB,2024,-22.9723233,-47.1402912
1104,40555,LUIZ FERNANDO MARIANO MATEUS,37,PSB,2024,-22.9723233,-47.1402912
1104,40580,JOSE CARLOS DOS SANTOS,77,PSB,2024,-22.9723233,-47.1402912
1104,40678,JOSE CARLOS SILVA,348,PSB,2024,-22.9723233,-47.1402912
1104,40800,MARCELO VITAL,201,PSB,2024,-22.9723233,-47.1402912
1104,43000,VALERIA MEIRELLES MONTEIRO,37,PV,2024,-22.9723233,-47.1402912
1104,44000,RODRIGO LUIS DE BARROS ALMEIDA,156,UNIÃO,2024,-22.9723233,-47.1402912
1104,44019,FELIPE PEREIRA DE CAMPOS VERGUEIRO,52,UNIÃO,2024,-22.9723233,-47.1402912
1104,44190,JAIME DE SOUZA,96,UNIÃO,2024,-22.9723233,-47.1402912
1104,44567,HENRI MAEDA,45,UNIÃO,2024,-22.9723233,-47.1402912
1104,44999,MARCONE JOSÉ DE LIMA,33,UNIÃO,2024,-22.9723233,-47.1402912
1104,50,Partido Socialismo e Liberdade,90,,2024,-22.9723233,-47.1402912
1104,50000,PAULO ROBERTO BUFALO,107,PSOL,2024,-22.9723233,-47.1402912
1104,50001,MARCELA DIAS MOREIRA,97,PSOL,2024,-22.9723233,-47.1402912
1104,50016,SUZY SANTOS,67,PSOL,2024,-22.9723233,-47.1402912
1104,50019,THAMIRES BATISTA GOMES RAMOS,113,PSOL,2024,-22.9723233,-47.1402912
1104,50100,MARIANA CONTI TAKAHASHI,690,PSOL,2024,-22.9723233,-47.1402912
1104,50123,FERNANDA DE OLIVEIRA SOUTO,169,PSOL,2024,-22.9723233,-47.1402912
1104,55055,NELSON HOSSRI NETO,118,PSD,2024,-22.9723233,-47.1402912
1104,55123,ANGELO DINIZ,36,PSD,2024,-22.9723233,-47.1402912
1104,55510,MULLER PASCHOAL DE OLIVEIRA FERREIRA,46,PSD,2024,-22.9723233,-47.1402912
1104,55522,LUIZ LAURO FERREIRA,38,PSD,2024,-22.9723233,-47.1402912
1104,55555,FLÁVIO MAYNARDES ARAÚJO,42,PSD,2024,-22.9723233,-47.1402912
1104,55655,PAULO CÉSAR HADDAD,93,PSD,2024,-22.9723233,-47.1402912
1104,65656,GUSTAVO LEMOS PETTA,131,PC DO B,2024,-22.9723233,-47.1402912
1104,77000,VAGNER  DOS SANTOS BELLINI,122,SOLIDARIEDADE,2024,-22.9723233,-47.1402912
1104,77100,JAIR QUINÁLIA,43,SOLIDARIEDADE,2024,-22.9723233,-47.1402912
1104,77716,TELMA FRANCISCA BARROS DE SOUSA SEVERO MARQUES,33,SOLIDARIEDADE,2024,-22.9723233,-47.1402912
1104,95,VOTO BRANCO,1508,,2024,-22.9723233,-47.1402912
1104,96,VOTO NULO,1803,,2024,-22.9723233,-47.1402912
1112,10,DÁRIO JORGE GIOLO SAADI,6463,REPUBLICANOS,2024,-22.8942063,-47.1449666
1112,10,REPUBLICANOS,156,REPUBLICANOS,2024,-22.8942063,-47.1449666
1112,10000,LUIZ CARLOS ROSSINI,85,REPUBLICANOS,2024,-22.8942063,-47.1449666
1112,10123,BENEDITO ROBERTO ALVES FERREIRA,127,REPUBLICANOS,2024,-22.8942063,-47.1449666
1112,10200,HIGOR DIEGO RALLA,43,REPUBLICANOS,2024,-22.8942063,-47.1449666
1112,10222,JEZIEL SEVERINO DA SILVA,45,REPUBLICANOS,2024,-22.8942063,-47.1449666
1112,10450,MARCELO PONTEL,104,REPUBLICANOS,2024,-22.8942063,-47.1449666
1112,10456,CARMO LUIZ GREGÓRIO DA SILVA,64,REPUBLICANOS,2024,-22.8942063,-47.1449666
1112,10500,LUIS MOKITI YABIKU,46,REPUBLICANOS,2024,-22.8942063,-47.1449666
1112,11000,YANKO GONÇALVES MELLO,55,PP,2024,-22.8942063,-47.1449666
1112,11011,MARCELO DUCHOVNI SILVA,61,PP,2024,-22.8942063,-47.1449666
1112,11153,SILVIO MARCIO LAVORATO,30,PP,2024,-22.8942063,-47.1449666
1112,11456,FABIO CAMILO DE ALMEIDA,185,PP,2024,-22.8942063,-47.1449666
1112,11888,ANDRÉ LUIS TOLOTTO,47,PP,2024,-22.8942063,-47.1449666
1112,13,PEDRO TOURINHO DE SIQUEIRA,1957,PT,2024,-22.8942063,-47.1449666
1112,13,Partido dos Trabalhadores,170,PT,2024,-22.8942063,-47.1449666
1112,13011,CECILIO SERAFIM DOS SANTOS,33,PT,2024,-22.8942063,-47.1449666
1112,13019,JUCELINO SOUZA DE NOVAIS JUNIOR,42,PT,2024,-22.8942063,-47.1449666
1112,13020,MARGARIDA DA SILVA CALIXTO,78,PT,2024,-22.8942063,-47.1449666
1112,13123,PAOLLA CATHERINE DOS SANTOS MIGUEL AGARD,104,PT,2024,-22.8942063,-47.1449666
1112,13300,WAGNER DE MELO ROMÃO,60,PT,2024,-22.8942063,-47.1449666
1112,15000,ARNALDO SALVETTI PALÁCIO JUNIOR,99,MDB,2024,-22.8942063,-47.1449666
1112,15111,RODRIGO DA SILVA FREITAS DOS SANTOS,57,MDB,2024,-22.8942063,-47.1449666
1112,20020,LUIZ HENRIQUE CIRILO,56,PODE,2024,-22.8942063,-47.1449666
1112,20100,HEBERT GARAGNANI,77,PODE,2024,-22.8942063,-47.1449666
1112,20123,GILBERTO LEÃO DE ARAÚJO,402,PODE,2024,-22.8942063,-47.1449666
1112,20555,DANILO RIDYER PALMA,33,PODE,2024,-22.8942063,-47.1449666
1112,22,Partido Liberal,60,,2024,-22.8942063,-47.1449666
1112,22000,DEBORA DE ANDRADE PALERMO,63,PL,2024,-22.8942063,-47.1449666
1112,22123,LUIS HENRIQUE SILVA SCHENEIDER,59,PL,2024,-22.8942063,-47.1449666
1112,22200,MIRIAM DE JESUS TOMAZ,30,PL,2024,-22.8942063,-47.1449666
1112,22222,OTTO ALEJANDRO RIGAZZO ETTINGER,47,PL,2024,-22.8942063,-47.1449666
1112,22233,GUILHERME BANDONI TEIXEIRA,101,PL,2024,-22.8942063,-47.1449666
1112,22400,MARCIA APARECIDA PEREIRA DA SILVA PINHEIRO,63,PL,2024,-22.8942063,-47.1449666
1112,22422,BENEDITO PEREIRA LIMA,124,PL,2024,-22.8942063,-47.1449666
1112,22622,EDEVALDO DE MELO,672,PL,2024,-22.8942063,-47.1449666
1112,22789,JUSCELINO DE SOUZA MARTINS,660,PL,2024,-22.8942063,-47.1449666
1112,23,RAFAEL FERNANDO ZIMBALDI,754,CIDADANIA,2024,-22.8942063,-47.1449666
1112,23000,VINICIUS DE OLIVEIRA SANDOVAL,178,CIDADANIA,2024,-22.8942063,-47.1449666
1112,27123,DANIEL DE SOUZA NOVELLO ARAUJO,41,DC,2024,-22.8942063,-47.1449666
1112,27888,ZULEICA APARECIDA DA SILVA,80,DC,2024,-22.8942063,-47.1449666
1112,30,WILSON KELLER DE MATOS,165,NOVO,2024,-22.8942063,-47.1449666
1112,30999,PAULO SERGIO BARCELLOS GASPAR,53,NOVO,2024,-22.8942063,-47.1449666
1112,36555,REGINALDO NERIS PEREIRA,49,AGIR,2024,-22.8942063,-47.1449666
1112,40110,ARMINDO LIMA DE ALMEIDA,35,PSB,2024,-22.8942063,-47.1449666
1112,40123,MARIO CESAR MELLO DA SILVA,36,PSB,2024,-22.8942063,-47.1449666
1112,40234,MARCOS JOSE BERNARDELLI,75,PSB,2024,-22.8942063,-47.1449666
1112,40345,CLAUDINEI ALMEIDA,41,PSB,2024,-22.8942063,-47.1449666
1112,40456,PERMINIO MONTEIRO DA SILVA,147,PSB,2024,-22.8942063,-47.1449666
1112,40555,LUIZ FERNANDO MARIANO MATEUS,61,PSB,2024,-22.8942063,-47.1449666
1112,40580,JOSE CARLOS DOS SANTOS,181,PSB,2024,-22.8942063,-47.1449666
1112,40678,JOSE CARLOS SILVA,34,PSB,2024,-22.8942063,-47.1449666
1112,40800,MARCELO VITAL,220,PSB,2024,-22.8942063,-47.1449666
1112,40888,AILTON FERNANDES SARMENTO,212,PSB,2024,-22.8942063,-47.1449666
1112,44000,RODRIGO LUIS DE BARROS ALMEIDA,151,UNIÃO,2024,-22.8942063,-47.1449666
1112,44019,FELIPE PEREIRA DE CAMPOS VERGUEIRO,62,UNIÃO,2024,-22.8942063,-47.1449666
1112,44040,APARECIDO SOUZA SANTOS,32,UNIÃO,2024,-22.8942063,-47.1449666
1112,44190,JAIME DE SOUZA,50,UNIÃO,2024,-22.8942063,-47.1449666
1112,44200,EDSON RIBEIRO,39,UNIÃO,2024,-22.8942063,-47.1449666
1112,44400,JORGE RICARDO TEIXEIRA CEZARIO,41,UNIÃO,2024,-22.8942063,-47.1449666
1112,44700,PAULA DA SILVA RAMOS,54,UNIÃO,2024,-22.8942063,-47.1449666
1112,44999,MARCONE JOSÉ DE LIMA,72,UNIÃO,2024,-22.8942063,-47.1449666
1112,50000,PAULO ROBERTO BUFALO,68,PSOL,2024,-22.8942063,-47.1449666
1112,50016,SUZY SANTOS,30,PSOL,2024,-22.8942063,-47.1449666
1112,50019,THAMIRES BATISTA GOMES RAMOS,32,PSOL,2024,-22.8942063,-47.1449666
1112,50100,MARIANA CONTI TAKAHASHI,183,PSOL,2024,-22.8942063,-47.1449666
1112,55055,NELSON HOSSRI NETO,86,PSD,2024,-22.8942063,-47.1449666
1112,55222,JORGE DOS SANTOS MONTANARI,32,PSD,2024,-22.8942063,-47.1449666
1112,55510,MULLER PASCHOAL DE OLIVEIRA FERREIRA,32,PSD,2024,-22.8942063,-47.1449666
1112,55555,FLÁVIO MAYNARDES ARAÚJO,38,PSD,2024,-22.8942063,-47.1449666
1112,55655,PAULO CÉSAR HADDAD,41,PSD,2024,-22.8942063,-47.1449666
1112,65656,GUSTAVO LEMOS PETTA,63,PC DO B,2024,-22.8942063,-47.1449666
1112,70300,REBECA CRISTINA DE SOUZA,43,AVANTE,2024,-22.8942063,-47.1449666
1112,77077,JOSE DILSON RODRIGUES,30,SOLIDARIEDADE,2024,-22.8942063,-47.1449666
1112,95,VOTO BRANCO,1127,,2024,-22.8942063,-47.1449666
1112,96,VOTO NULO,1493,,2024,-22.8942063,-47.1449666
1120,10,DÁRIO JORGE GIOLO SAADI,5627,REPUBLICANOS,2024,-22.8886166,-47.1223218
1120,10,REPUBLICANOS,101,REPUBLICANOS,2024,-22.8886166,-47.1223218
1120,10000,LUIZ CARLOS ROSSINI,78,REPUBLICANOS,2024,-22.8886166,-47.1223218
1120,10123,BENEDITO ROBERTO ALVES FERREIRA,92,REPUBLICANOS,2024,-22.8886166,-47.1223218
1120,10200,HIGOR DIEGO RALLA,30,REPUBLICANOS,2024,-22.8886166,-47.1223218
1120,10222,JEZIEL SEVERINO DA SILVA,42,REPUBLICANOS,2024,-22.8886166,-47.1223218
1120,10456,CARMO LUIZ GREGÓRIO DA SILVA,36,REPUBLICANOS,2024,-22.8886166,-47.1223218
1120,10500,LUIS MOKITI YABIKU,60,REPUBLICANOS,2024,-22.8886166,-47.1223218
1120,11000,YANKO GONÇALVES MELLO,56,PP,2024,-22.8886166,-47.1223218
1120,11011,MARCELO DUCHOVNI SILVA,89,PP,2024,-22.8886166,-47.1223218
1120,12777,CLAUDIO RISSI,39,PDT,2024,-22.8886166,-47.1223218
1120,13,PEDRO TOURINHO DE SIQUEIRA,1904,PT,2024,-22.8886166,-47.1223218
1120,13,Partido dos Trabalhadores,170,PT,2024,-22.8886166,-47.1223218
1120,13020,MARGARIDA DA SILVA CALIXTO,81,PT,2024,-22.8886166,-47.1223218
1120,13123,PAOLLA CATHERINE DOS SANTOS MIGUEL AGARD,136,PT,2024,-22.8886166,-47.1223218
1120,13300,WAGNER DE MELO ROMÃO,66,PT,2024,-22.8886166,-47.1223218
1120,15000,ARNALDO SALVETTI PALÁCIO JUNIOR,85,MDB,2024,-22.8886166,-47.1223218
1120,15111,RODRIGO DA SILVA FREITAS DOS SANTOS,50,MDB,2024,-22.8886166,-47.1223218
1120,15222,CRISTIANO FORIGATO,33,MDB,2024,-22.8886166,-47.1223218
1120,20000,EDUARDO DOS REIS MAGOGA,80,PODE,2024,-22.8886166,-47.1223218
1120,20020,LUIZ HENRIQUE CIRILO,83,PODE,2024,-22.8886166,-47.1223218
1120,20100,HEBERT GARAGNANI,78,PODE,2024,-22.8886166,-47.1223218
1120,20555,DANILO RIDYER PALMA,46,PODE,2024,-22.8886166,-47.1223218
1120,22,Partido Liberal,58,,2024,-22.8886166,-47.1223218
1120,22000,DEBORA DE ANDRADE PALERMO,562,PL,2024,-22.8886166,-47.1223218
1120,22022,CARLOS EDUARDO CRUZ,50,PL,2024,-22.8886166,-47.1223218
1120,22123,LUIS HENRIQUE SILVA SCHENEIDER,90,PL,2024,-22.8886166,-47.1223218
1120,22222,OTTO ALEJANDRO RIGAZZO ETTINGER,35,PL,2024,-22.8886166,-47.1223218
1120,22233,GUILHERME BANDONI TEIXEIRA,36,PL,2024,-22.8886166,-47.1223218
1120,22422,BENEDITO PEREIRA LIMA,123,PL,2024,-22.8886166,-47.1223218
1120,22789,JUSCELINO DE SOUZA MARTINS,61,PL,2024,-22.8886166,-47.1223218
1120,23,RAFAEL FERNANDO ZIMBALDI,584,CIDADANIA,2024,-22.8886166,-47.1223218
1120,23000,VINICIUS DE OLIVEIRA SANDOVAL,203,CIDADANIA,2024,-22.8886166,-47.1223218
1120,30,WILSON KELLER DE MATOS,161,NOVO,2024,-22.8886166,-47.1223218
1120,30999,PAULO SERGIO BARCELLOS GASPAR,55,NOVO,2024,-22.8886166,-47.1223218
1120,40234,MARCOS JOSE BERNARDELLI,141,PSB,2024,-22.8886166,-47.1223218
1120,40345,CLAUDINEI ALMEIDA,32,PSB,2024,-22.8886166,-47.1223218
1120,40456,PERMINIO MONTEIRO DA SILVA,227,PSB,2024,-22.8886166,-47.1223218
1120,40580,JOSE CARLOS DOS SANTOS,101,PSB,2024,-22.8886166,-47.1223218
1120,40678,JOSE CARLOS SILVA,51,PSB,2024,-22.8886166,-47.1223218
1120,40888,AILTON FERNANDES SARMENTO,144,PSB,2024,-22.8886166,-47.1223218
1120,44019,FELIPE PEREIRA DE CAMPOS VERGUEIRO,32,UNIÃO,2024,-22.8886166,-47.1223218
1120,44190,JAIME DE SOUZA,47,UNIÃO,2024,-22.8886166,-47.1223218
1120,44400,JORGE RICARDO TEIXEIRA CEZARIO,68,UNIÃO,2024,-22.8886166,-47.1223218
1120,44644,WILIAN MENEZES XAVIER,36,UNIÃO,2024,-22.8886166,-47.1223218
1120,50,Partido Socialismo e Liberdade,41,,2024,-22.8886166,-47.1223218
1120,50000,PAULO ROBERTO BUFALO,102,PSOL,2024,-22.8886166,-47.1223218
1120,50001,MARCELA DIAS MOREIRA,30,PSOL,2024,-22.8886166,-47.1223218
1120,50013,OSMAIR QUERIDO,84,PSOL,2024,-22.8886166,-47.1223218
1120,50100,MARIANA CONTI TAKAHASHI,253,PSOL,2024,-22.8886166,-47.1223218
1120,50123,FERNANDA DE OLIVEIRA SOUTO,52,PSOL,2024,-22.8886166,-47.1223218
1120,55055,NELSON HOSSRI NETO,111,PSD,2024,-22.8886166,-47.1223218
1120,55222,JORGE DOS SANTOS MONTANARI,841,PSD,2024,-22.8886166,-47.1223218
1120,55555,FLÁVIO MAYNARDES ARAÚJO,43,PSD,2024,-22.8886166,-47.1223218
1120,65656,GUSTAVO LEMOS PETTA,77,PC DO B,2024,-22.8886166,-47.1223218
1120,70800,ELCIO BATISTA,384,AVANTE,2024,-22.8886166,-47.1223218
1120,77100,JAIR QUINÁLIA,34,SOLIDARIEDADE,2024,-22.8886166,-47.1223218
1120,77716,TELMA FRANCISCA BARROS DE SOUSA SEVERO MARQUES,48,SOLIDARIEDADE,2024,-22.8886166,-47.1223218
1120,95,VOTO BRANCO,935,,2024,-22.8886166,-47.1223218
1120,96,VOTO NULO,1271,,2024,-22.8886166,-47.1223218
1139,10,DÁRIO JORGE GIOLO SAADI,7020,REPUBLICANOS,2024,-22.8841325,-46.9760309
1139,10,REPUBLICANOS,138,REPUBLICANOS,2024,-22.8841325,-46.9760309
1139,10000,LUIZ CARLOS ROSSINI,92,REPUBLICANOS,2024,-22.8841325,-46.9760309
1139,10007,TERESINHA DE CARVALHO,39,REPUBLICANOS,2024,-22.8841325,-46.9760309
1139,10123,BENEDITO ROBERTO ALVES FERREIRA,160,REPUBLICANOS,2024,-22.8841325,-46.9760309
1139,10222,JEZIEL SEVERINO DA SILVA,64,REPUBLICANOS,2024,-22.8841325,-46.9760309
1139,10456,CARMO LUIZ GREGÓRIO DA SILVA,54,REPUBLICANOS,2024,-22.8841325,-46.9760309
1139,10500,LUIS MOKITI YABIKU,55,REPUBLICANOS,2024,-22.8841325,-46.9760309
1139,11000,YANKO GONÇALVES MELLO,68,PP,2024,-22.8841325,-46.9760309
1139,11011,MARCELO DUCHOVNI SILVA,136,PP,2024,-22.8841325,-46.9760309
1139,11153,SILVIO MARCIO LAVORATO,41,PP,2024,-22.8841325,-46.9760309
1139,12777,CLAUDIO RISSI,60,PDT,2024,-22.8841325,-46.9760309
1139,13,PEDRO TOURINHO DE SIQUEIRA,2729,PT,2024,-22.8841325,-46.9760309
1139,13,Partido dos Trabalhadores,221,PT,2024,-22.8841325,-46.9760309
1139,13011,CECILIO SERAFIM DOS SANTOS,32,PT,2024,-22.8841325,-46.9760309
1139,13013,HAMED MAUCH BITTAR,43,PT,2024,-22.8841325,-46.9760309
1139,13020,MARGARIDA DA SILVA CALIXTO,133,PT,2024,-22.8841325,-46.9760309
1139,13024,CARLOS ALEXANDRE SPUNCHIADO,33,PT,2024,-22.8841325,-46.9760309
1139,13123,PAOLLA CATHERINE DOS SANTOS MIGUEL AGARD,165,PT,2024,-22.8841325,-46.9760309
1139,13300,WAGNER DE MELO ROMÃO,137,PT,2024,-22.8841325,-46.9760309
1139,13613,CARLOS ROBERTO DE OLIVEIRA,41,PT,2024,-22.8841325,-46.9760309
1139,15000,ARNALDO SALVETTI PALÁCIO JUNIOR,76,MDB,2024,-22.8841325,-46.9760309
1139,15111,RODRIGO DA SILVA FREITAS DOS SANTOS,51,MDB,2024,-22.8841325,-46.9760309
1139,20000,EDUARDO DOS REIS MAGOGA,67,PODE,2024,-22.8841325,-46.9760309
1139,20020,LUIZ HENRIQUE CIRILO,93,PODE,2024,-22.8841325,-46.9760309
1139,20100,HEBERT GARAGNANI,99,PODE,2024,-22.8841325,-46.9760309
1139,22,Partido Liberal,80,,2024,-22.8841325,-46.9760309
1139,22000,DEBORA DE ANDRADE PALERMO,1395,PL,2024,-22.8841325,-46.9760309
1139,22022,CARLOS EDUARDO CRUZ,63,PL,2024,-22.8841325,-46.9760309
1139,22123,LUIS HENRIQUE SILVA SCHENEIDER,83,PL,2024,-22.8841325,-46.9760309
1139,22200,MIRIAM DE JESUS TOMAZ,54,PL,2024,-22.8841325,-46.9760309
1139,22222,OTTO ALEJANDRO RIGAZZO ETTINGER,35,PL,2024,-22.8841325,-46.9760309
1139,22233,GUILHERME BANDONI TEIXEIRA,78,PL,2024,-22.8841325,-46.9760309
1139,22422,BENEDITO PEREIRA LIMA,126,PL,2024,-22.8841325,-46.9760309
1139,22789,JUSCELINO DE SOUZA MARTINS,70,PL,2024,-22.8841325,-46.9760309
1139,23,RAFAEL FERNANDO ZIMBALDI,737,CIDADANIA,2024,-22.8841325,-46.9760309
1139,23000,VINICIUS DE OLIVEIRA SANDOVAL,190,CIDADANIA,2024,-22.8841325,-46.9760309
1139,23099,ROSEMERI FERREIRA ROSSIN MASIERO,40,CIDADANIA,2024,-22.8841325,-46.9760309
1139,30,Partido Novo,42,NOVO,2024,-22.8841325,-46.9760309
1139,30,WILSON KELLER DE MATOS,195,NOVO,2024,-22.8841325,-46.9760309
1139,30999,PAULO SERGIO BARCELLOS GASPAR,86,NOVO,2024,-22.8841325,-46.9760309
1139,40013,JAIRSON VALERIO DOS ANJOS,36,PSB,2024,-22.8841325,-46.9760309
1139,40050,RENAN RONCOLATTO PEREIRA DE ALMEIDA,33,PSB,2024,-22.8841325,-46.9760309
1139,40112,FILIPE BATISTA MARCHESI,32,PSB,2024,-22.8841325,-46.9760309
1139,40234,MARCOS JOSE BERNARDELLI,231,PSB,2024,-22.8841325,-46.9760309
1139,40345,CLAUDINEI ALMEIDA,33,PSB,2024,-22.8841325,-46.9760309
1139,40444,JOÃO GOMES JUNIOR,33,PSB,2024,-22.8841325,-46.9760309
1139,40456,PERMINIO MONTEIRO DA SILVA,117,PSB,2024,-22.8841325,-46.9760309
1139,40580,JOSE CARLOS DOS SANTOS,116,PSB,2024,-22.8841325,-46.9760309
1139,40678,JOSE CARLOS SILVA,37,PSB,2024,-22.8841325,-46.9760309
1139,40888,AILTON FERNANDES SARMENTO,610,PSB,2024,-22.8841325,-46.9760309
1139,43000,VALERIA MEIRELLES MONTEIRO,31,PV,2024,-22.8841325,-46.9760309
1139,44019,FELIPE PEREIRA DE CAMPOS VERGUEIRO,77,UNIÃO,2024,-22.8841325,-46.9760309
1139,44040,APARECIDO SOUZA SANTOS,41,UNIÃO,2024,-22.8841325,-46.9760309
1139,44190,JAIME DE SOUZA,38,UNIÃO,2024,-22.8841325,-46.9760309
1139,44400,JORGE RICARDO TEIXEIRA CEZARIO,95,UNIÃO,2024,-22.8841325,-46.9760309
1139,44644,WILIAN MENEZES XAVIER,31,UNIÃO,2024,-22.8841325,-46.9760309
1139,50,Partido Socialismo e Liberdade,38,,2024,-22.8841325,-46.9760309
1139,50000,PAULO ROBERTO BUFALO,117,PSOL,2024,-22.8841325,-46.9760309
1139,50001,MARCELA DIAS MOREIRA,58,PSOL,2024,-22.8841325,-46.9760309
1139,50013,OSMAIR QUERIDO,69,PSOL,2024,-22.8841325,-46.9760309
1139,50016,SUZY SANTOS,38,PSOL,2024,-22.8841325,-46.9760309
1139,50019,THAMIRES BATISTA GOMES RAMOS,55,PSOL,2024,-22.8841325,-46.9760309
1139,50100,MARIANA CONTI TAKAHASHI,370,PSOL,2024,-22.8841325,-46.9760309
1139,50123,FERNANDA DE OLIVEIRA SOUTO,63,PSOL,2024,-22.8841325,-46.9760309
1139,55000,GUILHERME DAMASCENO FERNANDES,47,PSD,2024,-22.8841325,-46.9760309
1139,55055,NELSON HOSSRI NETO,121,PSD,2024,-22.8841325,-46.9760309
1139,55222,JORGE DOS SANTOS MONTANARI,561,PSD,2024,-22.8841325,-46.9760309
1139,55555,FLÁVIO MAYNARDES ARAÚJO,47,PSD,2024,-22.8841325,-46.9760309
1139,55655,PAULO CÉSAR HADDAD,59,PSD,2024,-22.8841325,-46.9760309
1139,65656,GUSTAVO LEMOS PETTA,113,PC DO B,2024,-22.8841325,-46.9760309
1139,70800,ELCIO BATISTA,308,AVANTE,2024,-22.8841325,-46.9760309
1139,77100,JAIR QUINÁLIA,30,SOLIDARIEDADE,2024,-22.8841325,-46.9760309
1139,77716,TELMA FRANCISCA BARROS DE SOUSA SEVERO MARQUES,74,SOLIDARIEDADE,2024,-22.8841325,-46.9760309
1139,95,VOTO BRANCO,1147,,2024,-22.8841325,-46.9760309
1139,96,VOTO NULO,1521,,2024,-22.8841325,-46.9760309
1147,10,DÁRIO JORGE GIOLO SAADI,2936,REPUBLICANOS,2024,-22.9145125,-47.0681639
1147,10,REPUBLICANOS,61,REPUBLICANOS,2024,-22.9145125,-47.0681639
1147,10000,LUIZ CARLOS ROSSINI,56,REPUBLICANOS,2024,-22.9145125,-47.0681639
1147,10500,LUIS MOKITI YABIKU,36,REPUBLICANOS,2024,-22.9145125,-47.0681639
1147,11000,YANKO GONÇALVES MELLO,30,PP,2024,-22.9145125,-47.0681639
1147,11011,MARCELO DUCHOVNI SILVA,90,PP,2024,-22.9145125,-47.0681639
1147,11777,GABRIELA APOLINÁRIO,99,PP,2024,-22.9145125,-47.0681639
1147,13,PEDRO TOURINHO DE SIQUEIRA,832,PT,2024,-22.9145125,-47.0681639
1147,13,Partido dos Trabalhadores,65,PT,2024,-22.9145125,-47.0681639
1147,13005,MARIA NILDES DOS SANTOS NASCIMENTO,31,PT,2024,-22.9145125,-47.0681639
1147,13020,MARGARIDA DA SILVA CALIXTO,34,PT,2024,-22.9145125,-47.0681639
1147,13123,PAOLLA CATHERINE DOS SANTOS MIGUEL AGARD,53,PT,2024,-22.9145125,-47.0681639
1147,13300,WAGNER DE MELO ROMÃO,44,PT,2024,-22.9145125,-47.0681639
1147,15000,ARNALDO SALVETTI PALÁCIO JUNIOR,41,MDB,2024,-22.9145125,-47.0681639
1147,20020,LUIZ HENRIQUE CIRILO,47,PODE,2024,-22.9145125,-47.0681639
1147,20100,HEBERT GARAGNANI,30,PODE,2024,-22.9145125,-47.0681639
1147,22000,DEBORA DE ANDRADE PALERMO,536,PL,2024,-22.9145125,-47.0681639
1147,22022,CARLOS EDUARDO CRUZ,60,PL,2024,-22.9145125,-47.0681639
1147,22123,LUIS HENRIQUE SILVA SCHENEIDER,51,PL,2024,-22.9145125,-47.0681639
1147,22422,BENEDITO PEREIRA LIMA,60,PL,2024,-22.9145125,-47.0681639
1147,22622,EDEVALDO DE MELO,38,PL,2024,-22.9145125,-47.0681639
1147,23,RAFAEL FERNANDO ZIMBALDI,273,CIDADANIA,2024,-22.9145125,-47.0681639
1147,23000,VINICIUS DE OLIVEIRA SANDOVAL,64,CIDADANIA,2024,-22.9145125,-47.0681639
1147,30,WILSON KELLER DE MATOS,83,NOVO,2024,-22.9145125,-47.0681639
1147,30999,PAULO SERGIO BARCELLOS GASPAR,55,NOVO,2024,-22.9145125,-47.0681639
1147,40234,MARCOS JOSE BERNARDELLI,107,PSB,2024,-22.9145125,-47.0681639
1147,40580,JOSE CARLOS DOS SANTOS,45,PSB,2024,-22.9145125,-47.0681639
1147,44215,PEDRO ANDRÉ DOS SANTOS,575,UNIÃO,2024,-22.9145125,-47.0681639
1147,50000,PAULO ROBERTO BUFALO,34,PSOL,2024,-22.9145125,-47.0681639
1147,50100,MARIANA CONTI TAKAHASHI,122,PSOL,2024,-22.9145125,-47.0681639
1147,55000,GUILHERME DAMASCENO FERNANDES,34,PSD,2024,-22.9145125,-47.0681639
1147,55055,NELSON HOSSRI NETO,83,PSD,2024,-22.9145125,-47.0681639
1147,95,VOTO BRANCO,520,,2024,-22.9145125,-47.0681639
1147,96,VOTO NULO,656,,2024,-22.9145125,-47.0681639
1155,10,DÁRIO JORGE GIOLO SAADI,9837,REPUBLICANOS,2024,-22.9230302,-47.054197
1155,10,REPUBLICANOS,170,REPUBLICANOS,2024,-22.9230302,-47.054197
1155,10000,LUIZ CARLOS ROSSINI,110,REPUBLICANOS,2024,-22.9230302,-47.054197
1155,10007,TERESINHA DE CARVALHO,32,REPUBLICANOS,2024,-22.9230302,-47.054197
1155,10080,LUIZ FELIPE DE OLIVEIRA THEODORO,35,REPUBLICANOS,2024,-22.9230302,-47.054197
1155,10123,BENEDITO ROBERTO ALVES FERREIRA,147,REPUBLICANOS,2024,-22.9230302,-47.054197
1155,10150,PAULO ROBERTO DOS SANTOS VIEIRA,198,REPUBLICANOS,2024,-22.9230302,-47.054197
1155,10200,HIGOR DIEGO RALLA,967,REPUBLICANOS,2024,-22.9230302,-47.054197
1155,10210,MARCIO LOPES DOS SANTOS,39,REPUBLICANOS,2024,-22.9230302,-47.054197
1155,10222,JEZIEL SEVERINO DA SILVA,74,REPUBLICANOS,2024,-22.9230302,-47.054197
1155,10456,CARMO LUIZ GREGÓRIO DA SILVA,74,REPUBLICANOS,2024,-22.9230302,-47.054197
1155,10500,LUIS MOKITI YABIKU,97,REPUBLICANOS,2024,-22.9230302,-47.054197
1155,11000,YANKO GONÇALVES MELLO,93,PP,2024,-22.9230302,-47.054197
1155,11011,MARCELO DUCHOVNI SILVA,455,PP,2024,-22.9230302,-47.054197
1155,11022,JONATHAS DE SIQUEIRA FERREIRA,45,PP,2024,-22.9230302,-47.054197
1155,11153,SILVIO MARCIO LAVORATO,41,PP,2024,-22.9230302,-47.054197
1155,11456,FABIO CAMILO DE ALMEIDA,32,PP,2024,-22.9230302,-47.054197
1155,11500,LEANDRO ANDALICIO DE REZENDE,148,PP,2024,-22.9230302,-47.054197
1155,11777,GABRIELA APOLINÁRIO,75,PP,2024,-22.9230302,-47.054197
1155,12639,FABIANO TORTORELLI,34,PDT,2024,-22.9230302,-47.054197
1155,13,PEDRO TOURINHO DE SIQUEIRA,2711,PT,2024,-22.9230302,-47.054197
1155,13,Partido dos Trabalhadores,210,PT,2024,-22.9230302,-47.054197
1155,13011,CECILIO SERAFIM DOS SANTOS,82,PT,2024,-22.9230302,-47.054197
1155,13020,MARGARIDA DA SILVA CALIXTO,110,PT,2024,-22.9230302,-47.054197
1155,13100,LUIZ CARLOS FELICIDADE,80,PT,2024,-22.9230302,-47.054197
1155,13112,EVELYN SILVA DO NASCIMENTO VICENTE DA SILVA,63,PT,2024,-22.9230302,-47.054197
1155,13123,PAOLLA CATHERINE DOS SANTOS MIGUEL AGARD,133,PT,2024,-22.9230302,-47.054197
1155,13300,WAGNER DE MELO ROMÃO,73,PT,2024,-22.9230302,-47.054197
1155,13613,CARLOS ROBERTO DE OLIVEIRA,33,PT,2024,-22.9230302,-47.054197
1155,15000,ARNALDO SALVETTI PALÁCIO JUNIOR,154,MDB,2024,-22.9230302,-47.054197
1155,15111,RODRIGO DA SILVA FREITAS DOS SANTOS,80,MDB,2024,-22.9230302,-47.054197
1155,15123,JOÃO BATISTA DE PAULA,38,MDB,2024,-22.9230302,-47.054197
1155,15555,HÉLIO ALVES MOREIRA,45,MDB,2024,-22.9230302,-47.054197
1155,15999,ALTAIR ALVES PAIXÃO,95,MDB,2024,-22.9230302,-47.054197
1155,20000,EDUARDO DOS REIS MAGOGA,58,PODE,2024,-22.9230302,-47.054197
1155,20020,LUIZ HENRIQUE CIRILO,154,PODE,2024,-22.9230302,-47.054197
1155,20100,HEBERT GARAGNANI,114,PODE,2024,-22.9230302,-47.054197
1155,20555,DANILO RIDYER PALMA,37,PODE,2024,-22.9230302,-47.054197
1155,22,Partido Liberal,63,,2024,-22.9230302,-47.054197
1155,22000,DEBORA DE ANDRADE PALERMO,154,PL,2024,-22.9230302,-47.054197
1155,22022,CARLOS EDUARDO CRUZ,105,PL,2024,-22.9230302,-47.054197
1155,22123,LUIS HENRIQUE SILVA SCHENEIDER,100,PL,2024,-22.9230302,-47.054197
1155,22222,OTTO ALEJANDRO RIGAZZO ETTINGER,125,PL,2024,-22.9230302,-47.054197
1155,22233,GUILHERME BANDONI TEIXEIRA,116,PL,2024,-22.9230302,-47.054197
1155,22400,MARCIA APARECIDA PEREIRA DA SILVA PINHEIRO,41,PL,2024,-22.9230302,-47.054197
1155,22422,BENEDITO PEREIRA LIMA,143,PL,2024,-22.9230302,-47.054197
1155,22622,EDEVALDO DE MELO,104,PL,2024,-22.9230302,-47.054197
1155,22789,JUSCELINO DE SOUZA MARTINS,50,PL,2024,-22.9230302,-47.054197
1155,23,RAFAEL FERNANDO ZIMBALDI,951,CIDADANIA,2024,-22.9230302,-47.054197
1155,23000,VINICIUS DE OLIVEIRA SANDOVAL,255,CIDADANIA,2024,-22.9230302,-47.054197
1155,23019,GILSON ROGÉRIO DE MORAES,99,CIDADANIA,2024,-22.9230302,-47.054197
1155,23567,ANTONIO GONÇALVES DA SILVA,44,CIDADANIA,2024,-22.9230302,-47.054197
1155,28999,ANA HARUMI OLIVEIRA,36,PRTB,2024,-22.9230302,-47.054197
1155,30,Partido Novo,57,NOVO,2024,-22.9230302,-47.054197
1155,30,WILSON KELLER DE MATOS,284,NOVO,2024,-22.9230302,-47.054197
1155,30999,PAULO SERGIO BARCELLOS GASPAR,145,NOVO,2024,-22.9230302,-47.054197
1155,40112,FILIPE BATISTA MARCHESI,1518,PSB,2024,-22.9230302,-47.054197
1155,40234,MARCOS JOSE BERNARDELLI,94,PSB,2024,-22.9230302,-47.054197
1155,40345,CLAUDINEI ALMEIDA,43,PSB,2024,-22.9230302,-47.054197
1155,40444,JOÃO GOMES JUNIOR,43,PSB,2024,-22.9230302,-47.054197
1155,40456,PERMINIO MONTEIRO DA SILVA,165,PSB,2024,-22.9230302,-47.054197
1155,40580,JOSE CARLOS DOS SANTOS,121,PSB,2024,-22.9230302,-47.054197
1155,40678,JOSE CARLOS SILVA,33,PSB,2024,-22.9230302,-47.054197
1155,40888,AILTON FERNANDES SARMENTO,48,PSB,2024,-22.9230302,-47.054197
1155,43000,VALERIA MEIRELLES MONTEIRO,30,PV,2024,-22.9230302,-47.054197
1155,44000,RODRIGO LUIS DE BARROS ALMEIDA,41,UNIÃO,2024,-22.9230302,-47.054197
1155,44019,FELIPE PEREIRA DE CAMPOS VERGUEIRO,141,UNIÃO,2024,-22.9230302,-47.054197
1155,44040,APARECIDO SOUZA SANTOS,30,UNIÃO,2024,-22.9230302,-47.054197
1155,44123,WANDERLEY LUIZ SARTORI,30,UNIÃO,2024,-22.9230302,-47.054197
1155,44190,JAIME DE SOUZA,64,UNIÃO,2024,-22.9230302,-47.054197
1155,44200,EDSON RIBEIRO,112,UNIÃO,2024,-22.9230302,-47.054197
1155,44215,PEDRO ANDRÉ DOS SANTOS,640,UNIÃO,2024,-22.9230302,-47.054197
1155,44250,MAURICELE DA SILVA LOPES,238,UNIÃO,2024,-22.9230302,-47.054197
1155,50000,PAULO ROBERTO BUFALO,96,PSOL,2024,-22.9230302,-47.054197
1155,50001,MARCELA DIAS MOREIRA,56,PSOL,2024,-22.9230302,-47.054197
1155,50100,MARIANA CONTI TAKAHASHI,261,PSOL,2024,-22.9230302,-47.054197
1155,50123,FERNANDA DE OLIVEIRA SOUTO,65,PSOL,2024,-22.9230302,-47.054197
1155,55000,GUILHERME DAMASCENO FERNANDES,75,PSD,2024,-22.9230302,-47.054197
1155,55055,NELSON HOSSRI NETO,206,PSD,2024,-22.9230302,-47.054197
1155,55190,JOSÉ ANTONIO PEREIRA JÚNIOR,47,PSD,2024,-22.9230302,-47.054197
1155,55222,JORGE DOS SANTOS MONTANARI,76,PSD,2024,-22.9230302,-47.054197
1155,55444,CLÁUDIO JOSÉ BERNANDES,251,PSD,2024,-22.9230302,-47.054197
1155,55510,MULLER PASCHOAL DE OLIVEIRA FERREIRA,71,PSD,2024,-22.9230302,-47.054197
1155,55555,FLÁVIO MAYNARDES ARAÚJO,46,PSD,2024,-22.9230302,-47.054197
1155,55655,PAULO CÉSAR HADDAD,50,PSD,2024,-22.9230302,-47.054197
1155,65656,GUSTAVO LEMOS PETTA,69,PC DO B,2024,-22.9230302,-47.054197
1155,70400,ERIVAN FELIZARDO REGO,97,AVANTE,2024,-22.9230302,-47.054197
1155,77100,JAIR QUINÁLIA,40,SOLIDARIEDADE,2024,-22.9230302,-47.054197
1155,95,VOTO BRANCO,1677,,2024,-22.9230302,-47.054197
1155,96,VOTO NULO,1899,,2024,-22.9230302,-47.054197
1163,10,DÁRIO JORGE GIOLO SAADI,8198,REPUBLICANOS,2024,-23.0305406,-47.1157393
1163,10,REPUBLICANOS,198,REPUBLICANOS,2024,-23.0305406,-47.1157393
1163,10000,LUIZ CARLOS ROSSINI,99,REPUBLICANOS,2024,-23.0305406,-47.1157393
1163,10123,BENEDITO ROBERTO ALVES FERREIRA,215,REPUBLICANOS,2024,-23.0305406,-47.1157393
1163,10210,MARCIO LOPES DOS SANTOS,30,REPUBLICANOS,2024,-23.0305406,-47.1157393
1163,10222,JEZIEL SEVERINO DA SILVA,76,REPUBLICANOS,2024,-23.0305406,-47.1157393
1163,10234,MILTON SOARES MUCHIUTTE,55,REPUBLICANOS,2024,-23.0305406,-47.1157393
1163,10300,THIAGO DE OLIVEIRA GONÇALVES,38,REPUBLICANOS,2024,-23.0305406,-47.1157393
1163,10456,CARMO LUIZ GREGÓRIO DA SILVA,682,REPUBLICANOS,2024,-23.0305406,-47.1157393
1163,10500,LUIS MOKITI YABIKU,157,REPUBLICANOS,2024,-23.0305406,-47.1157393
1163,11000,YANKO GONÇALVES MELLO,86,PP,2024,-23.0305406,-47.1157393
1163,11011,MARCELO DUCHOVNI SILVA,79,PP,2024,-23.0305406,-47.1157393
1163,11022,JONATHAS DE SIQUEIRA FERREIRA,32,PP,2024,-23.0305406,-47.1157393
1163,11153,SILVIO MARCIO LAVORATO,40,PP,2024,-23.0305406,-47.1157393
1163,11200,ADILSON DE SOUZA ROCHA,37,PP,2024,-23.0305406,-47.1157393
1163,11210,JOSÉ APARECIDO DOS SANTOS,96,PP,2024,-23.0305406,-47.1157393
1163,11456,FABIO CAMILO DE ALMEIDA,34,PP,2024,-23.0305406,-47.1157393
1163,11567,ANDRÉ DIONÍSIO FAVELA,42,PP,2024,-23.0305406,-47.1157393
1163,11777,GABRIELA APOLINÁRIO,44,PP,2024,-23.0305406,-47.1157393
1163,13,PEDRO TOURINHO DE SIQUEIRA,2329,PT,2024,-23.0305406,-47.1157393
1163,13,Partido dos Trabalhadores,182,PT,2024,-23.0305406,-47.1157393
1163,13019,JUCELINO SOUZA DE NOVAIS JUNIOR,31,PT,2024,-23.0305406,-47.1157393
1163,13020,MARGARIDA DA SILVA CALIXTO,68,PT,2024,-23.0305406,-47.1157393
1163,13112,EVELYN SILVA DO NASCIMENTO VICENTE DA SILVA,418,PT,2024,-23.0305406,-47.1157393
1163,13123,PAOLLA CATHERINE DOS SANTOS MIGUEL AGARD,138,PT,2024,-23.0305406,-47.1157393
1163,13300,WAGNER DE MELO ROMÃO,75,PT,2024,-23.0305406,-47.1157393
1163,13456,GIVALDO FERREIRA DE LIMA,39,PT,2024,-23.0305406,-47.1157393
1163,15000,ARNALDO SALVETTI PALÁCIO JUNIOR,216,MDB,2024,-23.0305406,-47.1157393
1163,15111,RODRIGO DA SILVA FREITAS DOS SANTOS,68,MDB,2024,-23.0305406,-47.1157393
1163,15555,HÉLIO ALVES MOREIRA,78,MDB,2024,-23.0305406,-47.1157393
1163,15999,ALTAIR ALVES PAIXÃO,34,MDB,2024,-23.0305406,-47.1157393
1163,20000,EDUARDO DOS REIS MAGOGA,30,PODE,2024,-23.0305406,-47.1157393
1163,20002,RENAN FAGNER SALOMÃO DE SOUZA,68,PODE,2024,-23.0305406,-47.1157393
1163,20020,LUIZ HENRIQUE CIRILO,295,PODE,2024,-23.0305406,-47.1157393
1163,20050,ANDRÉ LUIS SILVA DE SOUZA,30,PODE,2024,-23.0305406,-47.1157393
1163,20100,HEBERT GARAGNANI,108,PODE,2024,-23.0305406,-47.1157393
1163,20555,DANILO RIDYER PALMA,53,PODE,2024,-23.0305406,-47.1157393
1163,22,Partido Liberal,57,,2024,-23.0305406,-47.1157393
1163,22000,DEBORA DE ANDRADE PALERMO,88,PL,2024,-23.0305406,-47.1157393
1163,22123,LUIS HENRIQUE SILVA SCHENEIDER,122,PL,2024,-23.0305406,-47.1157393
1163,22222,OTTO ALEJANDRO RIGAZZO ETTINGER,58,PL,2024,-23.0305406,-47.1157393
1163,22233,GUILHERME BANDONI TEIXEIRA,141,PL,2024,-23.0305406,-47.1157393
1163,22352,FERNANDO LUIS COUTINHO NEVES,31,PL,2024,-23.0305406,-47.1157393
1163,22400,MARCIA APARECIDA PEREIRA DA SILVA PINHEIRO,49,PL,2024,-23.0305406,-47.1157393
1163,22422,BENEDITO PEREIRA LIMA,137,PL,2024,-23.0305406,-47.1157393
1163,22789,JUSCELINO DE SOUZA MARTINS,49,PL,2024,-23.0305406,-47.1157393
1163,23,RAFAEL FERNANDO ZIMBALDI,939,CIDADANIA,2024,-23.0305406,-47.1157393
1163,23000,VINICIUS DE OLIVEIRA SANDOVAL,252,CIDADANIA,2024,-23.0305406,-47.1157393
1163,23123,TAK CHUNG WU,37,CIDADANIA,2024,-23.0305406,-47.1157393
1163,23623,PAULO HENRIQUE EMERICK DA SILVA,102,CIDADANIA,2024,-23.0305406,-47.1157393
1163,28999,ANA HARUMI OLIVEIRA,47,PRTB,2024,-23.0305406,-47.1157393
1163,30,WILSON KELLER DE MATOS,167,NOVO,2024,-23.0305406,-47.1157393
1163,30999,PAULO SERGIO BARCELLOS GASPAR,47,NOVO,2024,-23.0305406,-47.1157393
1163,35325,LUCAS AMARO DOS SANTOS,100,PMB,2024,-23.0305406,-47.1157393
1163,35678,PAULO BERNARDINO DE SOUZA,117,PMB,2024,-23.0305406,-47.1157393
1163,35700,CICERO ERIVALDO CARDOSO FEITOSA,74,PMB,2024,-23.0305406,-47.1157393
1163,40013,JAIRSON VALERIO DOS ANJOS,42,PSB,2024,-23.0305406,-47.1157393
1163,40112,FILIPE BATISTA MARCHESI,63,PSB,2024,-23.0305406,-47.1157393
1163,40234,MARCOS JOSE BERNARDELLI,61,PSB,2024,-23.0305406,-47.1157393
1163,40345,CLAUDINEI ALMEIDA,69,PSB,2024,-23.0305406,-47.1157393
1163,40444,JOÃO GOMES JUNIOR,32,PSB,2024,-23.0305406,-47.1157393
1163,40456,PERMINIO MONTEIRO DA SILVA,285,PSB,2024,-23.0305406,-47.1157393
1163,40500,RUBENS SOARES DO NASCIMENTO,305,PSB,2024,-23.0305406,-47.1157393
1163,40580,JOSE CARLOS DOS SANTOS,89,PSB,2024,-23.0305406,-47.1157393
1163,40888,AILTON FERNANDES SARMENTO,48,PSB,2024,-23.0305406,-47.1157393
1163,40900,JOSE HONORATO DOS SANTOS,589,PSB,2024,-23.0305406,-47.1157393
1163,44000,RODRIGO LUIS DE BARROS ALMEIDA,40,UNIÃO,2024,-23.0305406,-47.1157393
1163,44025,MARCELINO FELISBERTO DA COSTA,34,UNIÃO,2024,-23.0305406,-47.1157393
1163,44040,APARECIDO SOUZA SANTOS,133,UNIÃO,2024,-23.0305406,-47.1157393
1163,44111,JOSE FRANCISCO DA SILVA,85,UNIÃO,2024,-23.0305406,-47.1157393
1163,44190,JAIME DE SOUZA,62,UNIÃO,2024,-23.0305406,-47.1157393
1163,44215,PEDRO ANDRÉ DOS SANTOS,291,UNIÃO,2024,-23.0305406,-47.1157393
1163,50000,PAULO ROBERTO BUFALO,65,PSOL,2024,-23.0305406,-47.1157393
1163,50001,MARCELA DIAS MOREIRA,39,PSOL,2024,-23.0305406,-47.1157393
1163,50019,THAMIRES BATISTA GOMES RAMOS,41,PSOL,2024,-23.0305406,-47.1157393
1163,50100,MARIANA CONTI TAKAHASHI,234,PSOL,2024,-23.0305406,-47.1157393
1163,50123,FERNANDA DE OLIVEIRA SOUTO,59,PSOL,2024,-23.0305406,-47.1157393
1163,55055,NELSON HOSSRI NETO,99,PSD,2024,-23.0305406,-47.1157393
1163,55190,JOSÉ ANTONIO PEREIRA JÚNIOR,41,PSD,2024,-23.0305406,-47.1157393
1163,55222,JORGE DOS SANTOS MONTANARI,69,PSD,2024,-23.0305406,-47.1157393
1163,55510,MULLER PASCHOAL DE OLIVEIRA FERREIRA,54,PSD,2024,-23.0305406,-47.1157393
1163,55577,CID FERREIRA DE SOUZA,39,PSD,2024,-23.0305406,-47.1157393
1163,55655,PAULO CÉSAR HADDAD,64,PSD,2024,-23.0305406,-47.1157393
1163,65656,GUSTAVO LEMOS PETTA,54,PC DO B,2024,-23.0305406,-47.1157393
1163,70288,JOSÉ GONZAGA DOS SANTOS JUNIOR,63,AVANTE,2024,-23.0305406,-47.1157393
1163,70500,CLAUDINEI APARECIDO DO CARMO,31,AVANTE,2024,-23.0305406,-47.1157393
1163,77100,JAIR QUINÁLIA,34,SOLIDARIEDADE,2024,-23.0305406,-47.1157393
1163,77123,ANDRÉ LUIS BERNARDO,45,SOLIDARIEDADE,2024,-23.0305406,-47.1157393
1163,95,VOTO BRANCO,1596,,2024,-23.0305406,-47.1157393
1163,96,VOTO NULO,1751,,2024,-23.0305406,-47.1157393
1171,10,DÁRIO JORGE GIOLO SAADI,8017,REPUBLICANOS,2024,-22.9115758,-47.0449363
1171,10,REPUBLICANOS,175,REPUBLICANOS,2024,-22.9115758,-47.0449363
1171,10000,LUIZ CARLOS ROSSINI,168,REPUBLICANOS,2024,-22.9115758,-47.0449363
1171,10007,TERESINHA DE CARVALHO,42,REPUBLICANOS,2024,-22.9115758,-47.0449363
1171,10010,CLAUDIO CORMANICH,76,REPUBLICANOS,2024,-22.9115758,-47.0449363
1171,10123,BENEDITO ROBERTO ALVES FERREIRA,187,REPUBLICANOS,2024,-22.9115758,-47.0449363
1171,10190,DENILSON DO PRADO,37,REPUBLICANOS,2024,-22.9115758,-47.0449363
1171,10200,HIGOR DIEGO RALLA,49,REPUBLICANOS,2024,-22.9115758,-47.0449363
1171,10210,MARCIO LOPES DOS SANTOS,96,REPUBLICANOS,2024,-22.9115758,-47.0449363
1171,10222,JEZIEL SEVERINO DA SILVA,55,REPUBLICANOS,2024,-22.9115758,-47.0449363
1171,10234,MILTON SOARES MUCHIUTTE,30,REPUBLICANOS,2024,-22.9115758,-47.0449363
1171,10300,THIAGO DE OLIVEIRA GONÇALVES,54,REPUBLICANOS,2024,-22.9115758,-47.0449363
1171,10456,CARMO LUIZ GREGÓRIO DA SILVA,574,REPUBLICANOS,2024,-22.9115758,-47.0449363
1171,10500,LUIS MOKITI YABIKU,93,REPUBLICANOS,2024,-22.9115758,-47.0449363
1171,11000,YANKO GONÇALVES MELLO,67,PP,2024,-22.9115758,-47.0449363
1171,11001,MICHAEL AUGUSTO CRISÓSTOMO,134,PP,2024,-22.9115758,-47.0449363
1171,11011,MARCELO DUCHOVNI SILVA,115,PP,2024,-22.9115758,-47.0449363
1171,11022,JONATHAS DE SIQUEIRA FERREIRA,40,PP,2024,-22.9115758,-47.0449363
1171,11123,JULIANO ANTONIO MARÇAL,46,PP,2024,-22.9115758,-47.0449363
1171,11153,SILVIO MARCIO LAVORATO,42,PP,2024,-22.9115758,-47.0449363
1171,11210,JOSÉ APARECIDO DOS SANTOS,123,PP,2024,-22.9115758,-47.0449363
1171,11300,VALDIR FERREIRA,38,PP,2024,-22.9115758,-47.0449363
1171,13,PEDRO TOURINHO DE SIQUEIRA,2653,PT,2024,-22.9115758,-47.0449363
1171,13,Partido dos Trabalhadores,207,PT,2024,-22.9115758,-47.0449363
1171,13020,MARGARIDA DA SILVA CALIXTO,156,PT,2024,-22.9115758,-47.0449363
1171,13111,JACQUELINE DE CAMPOS MEDEIROS,57,PT,2024,-22.9115758,-47.0449363
1171,13112,EVELYN SILVA DO NASCIMENTO VICENTE DA SILVA,113,PT,2024,-22.9115758,-47.0449363
1171,13123,PAOLLA CATHERINE DOS SANTOS MIGUEL AGARD,210,PT,2024,-22.9115758,-47.0449363
1171,13300,WAGNER DE MELO ROMÃO,101,PT,2024,-22.9115758,-47.0449363
1171,13613,CARLOS ROBERTO DE OLIVEIRA,37,PT,2024,-22.9115758,-47.0449363
1171,15000,ARNALDO SALVETTI PALÁCIO JUNIOR,136,MDB,2024,-22.9115758,-47.0449363
1171,15111,RODRIGO DA SILVA FREITAS DOS SANTOS,95,MDB,2024,-22.9115758,-47.0449363
1171,15123,JOÃO BATISTA DE PAULA,43,MDB,2024,-22.9115758,-47.0449363
1171,15555,HÉLIO ALVES MOREIRA,48,MDB,2024,-22.9115758,-47.0449363
1171,20000,EDUARDO DOS REIS MAGOGA,43,PODE,2024,-22.9115758,-47.0449363
1171,20020,LUIZ HENRIQUE CIRILO,231,PODE,2024,-22.9115758,-47.0449363
1171,20100,HEBERT GARAGNANI,128,PODE,2024,-22.9115758,-47.0449363
1171,20555,DANILO RIDYER PALMA,41,PODE,2024,-22.9115758,-47.0449363
1171,22,Partido Liberal,79,,2024,-22.9115758,-47.0449363
1171,22000,DEBORA DE ANDRADE PALERMO,113,PL,2024,-22.9115758,-47.0449363
1171,22022,CARLOS EDUARDO CRUZ,50,PL,2024,-22.9115758,-47.0449363
1171,22123,LUIS HENRIQUE SILVA SCHENEIDER,574,PL,2024,-22.9115758,-47.0449363
1171,22222,OTTO ALEJANDRO RIGAZZO ETTINGER,69,PL,2024,-22.9115758,-47.0449363
1171,22233,GUILHERME BANDONI TEIXEIRA,109,PL,2024,-22.9115758,-47.0449363
1171,22400,MARCIA APARECIDA PEREIRA DA SILVA PINHEIRO,47,PL,2024,-22.9115758,-47.0449363
1171,22422,BENEDITO PEREIRA LIMA,133,PL,2024,-22.9115758,-47.0449363
1171,22789,JUSCELINO DE SOUZA MARTINS,33,PL,2024,-22.9115758,-47.0449363
1171,23,Cidadania,37,CIDADANIA,2024,-22.9115758,-47.0449363
1171,23,RAFAEL FERNANDO ZIMBALDI,899,CIDADANIA,2024,-22.9115758,-47.0449363
1171,23000,VINICIUS DE OLIVEIRA SANDOVAL,293,CIDADANIA,2024,-22.9115758,-47.0449363
1171,23200,JEAN MARCOS ZACARIAS DA SILVA,39,CIDADANIA,2024,-22.9115758,-47.0449363
1171,23623,PAULO HENRIQUE EMERICK DA SILVA,265,CIDADANIA,2024,-22.9115758,-47.0449363
1171,30,Partido Novo,38,NOVO,2024,-22.9115758,-47.0449363
1171,30,WILSON KELLER DE MATOS,223,NOVO,2024,-22.9115758,-47.0449363
1171,30999,PAULO SERGIO BARCELLOS GASPAR,80,NOVO,2024,-22.9115758,-47.0449363
1171,35678,PAULO BERNARDINO DE SOUZA,59,PMB,2024,-22.9115758,-47.0449363
1171,40013,JAIRSON VALERIO DOS ANJOS,35,PSB,2024,-22.9115758,-47.0449363
1171,40112,FILIPE BATISTA MARCHESI,70,PSB,2024,-22.9115758,-47.0449363
1171,40234,MARCOS JOSE BERNARDELLI,136,PSB,2024,-22.9115758,-47.0449363
1171,40345,CLAUDINEI ALMEIDA,64,PSB,2024,-22.9115758,-47.0449363
1171,40444,JOÃO GOMES JUNIOR,36,PSB,2024,-22.9115758,-47.0449363
1171,40456,PERMINIO MONTEIRO DA SILVA,148,PSB,2024,-22.9115758,-47.0449363
1171,40580,JOSE CARLOS DOS SANTOS,118,PSB,2024,-22.9115758,-47.0449363
1171,40888,AILTON FERNANDES SARMENTO,98,PSB,2024,-22.9115758,-47.0449363
1171,40900,JOSE HONORATO DOS SANTOS,201,PSB,2024,-22.9115758,-47.0449363
1171,44000,RODRIGO LUIS DE BARROS ALMEIDA,54,UNIÃO,2024,-22.9115758,-47.0449363
1171,44040,APARECIDO SOUZA SANTOS,49,UNIÃO,2024,-22.9115758,-47.0449363
1171,44190,JAIME DE SOUZA,46,UNIÃO,2024,-22.9115758,-47.0449363
1171,44200,EDSON RIBEIRO,71,UNIÃO,2024,-22.9115758,-47.0449363
1171,44777,INACIO RODRIGUES DA FONSECA,34,UNIÃO,2024,-22.9115758,-47.0449363
1171,50,Partido Socialismo e Liberdade,37,,2024,-22.9115758,-47.0449363
1171,50000,PAULO ROBERTO BUFALO,109,PSOL,2024,-22.9115758,-47.0449363
1171,50001,MARCELA DIAS MOREIRA,46,PSOL,2024,-22.9115758,-47.0449363
1171,50019,THAMIRES BATISTA GOMES RAMOS,45,PSOL,2024,-22.9115758,-47.0449363
1171,50100,MARIANA CONTI TAKAHASHI,341,PSOL,2024,-22.9115758,-47.0449363
1171,50123,FERNANDA DE OLIVEIRA SOUTO,75,PSOL,2024,-22.9115758,-47.0449363
1171,55000,GUILHERME DAMASCENO FERNANDES,39,PSD,2024,-22.9115758,-47.0449363
1171,55055,NELSON HOSSRI NETO,149,PSD,2024,-22.9115758,-47.0449363
1171,55190,JOSÉ ANTONIO PEREIRA JÚNIOR,37,PSD,2024,-22.9115758,-47.0449363
1171,55510,MULLER PASCHOAL DE OLIVEIRA FERREIRA,50,PSD,2024,-22.9115758,-47.0449363
1171,55522,LUIZ LAURO FERREIRA,33,PSD,2024,-22.9115758,-47.0449363
1171,55555,FLÁVIO MAYNARDES ARAÚJO,47,PSD,2024,-22.9115758,-47.0449363
1171,55577,CID FERREIRA DE SOUZA,36,PSD,2024,-22.9115758,-47.0449363
1171,55655,PAULO CÉSAR HADDAD,90,PSD,2024,-22.9115758,-47.0449363
1171,65656,GUSTAVO LEMOS PETTA,92,PC DO B,2024,-22.9115758,-47.0449363
1171,70190,CLODOALDO MAIOLINI FILHO,36,AVANTE,2024,-22.9115758,-47.0449363
1171,70444,CARLOS EDUARDO ZANCHETA,42,AVANTE,2024,-22.9115758,-47.0449363
1171,70777,VALDEIR LUCCHIARI,43,AVANTE,2024,-22.9115758,-47.0449363
1171,77100,JAIR QUINÁLIA,73,SOLIDARIEDADE,2024,-22.9115758,-47.0449363
1171,95,VOTO BRANCO,1483,,2024,-22.9115758,-47.0449363
1171,96,VOTO NULO,1698,,2024,-22.9115758,-47.0449363
1180,10,DÁRIO JORGE GIOLO SAADI,9682,REPUBLICANOS,2024,-22.9319607,-47.0873837
1180,10,REPUBLICANOS,174,REPUBLICANOS,2024,-22.9319607,-47.0873837
1180,10000,LUIZ CARLOS ROSSINI,185,REPUBLICANOS,2024,-22.9319607,-47.0873837
1180,10007,TERESINHA DE CARVALHO,54,REPUBLICANOS,2024,-22.9319607,-47.0873837
1180,10010,CLAUDIO CORMANICH,38,REPUBLICANOS,2024,-22.9319607,-47.0873837
1180,10080,LUIZ FELIPE DE OLIVEIRA THEODORO,42,REPUBLICANOS,2024,-22.9319607,-47.0873837
1180,10123,BENEDITO ROBERTO ALVES FERREIRA,93,REPUBLICANOS,2024,-22.9319607,-47.0873837
1180,10200,HIGOR DIEGO RALLA,51,REPUBLICANOS,2024,-22.9319607,-47.0873837
1180,10222,JEZIEL SEVERINO DA SILVA,44,REPUBLICANOS,2024,-22.9319607,-47.0873837
1180,10234,MILTON SOARES MUCHIUTTE,37,REPUBLICANOS,2024,-22.9319607,-47.0873837
1180,10500,LUIS MOKITI YABIKU,167,REPUBLICANOS,2024,-22.9319607,-47.0873837
1180,10556,GIOVANNE SOTELLO LAVORINI,39,REPUBLICANOS,2024,-22.9319607,-47.0873837
1180,10800,DONIZETI GOMES,32,REPUBLICANOS,2024,-22.9319607,-47.0873837
1180,11000,YANKO GONÇALVES MELLO,102,PP,2024,-22.9319607,-47.0873837
1180,11011,MARCELO DUCHOVNI SILVA,666,PP,2024,-22.9319607,-47.0873837
1180,11022,JONATHAS DE SIQUEIRA FERREIRA,58,PP,2024,-22.9319607,-47.0873837
1180,11111,VINICIUS CAMARGO GRATTI,36,PP,2024,-22.9319607,-47.0873837
1180,11153,SILVIO MARCIO LAVORATO,68,PP,2024,-22.9319607,-47.0873837
1180,13,PEDRO TOURINHO DE SIQUEIRA,2888,PT,2024,-22.9319607,-47.0873837
1180,13,Partido dos Trabalhadores,227,PT,2024,-22.9319607,-47.0873837
1180,13011,CECILIO SERAFIM DOS SANTOS,51,PT,2024,-22.9319607,-47.0873837
1180,13020,MARGARIDA DA SILVA CALIXTO,142,PT,2024,-22.9319607,-47.0873837
1180,13123,PAOLLA CATHERINE DOS SANTOS MIGUEL AGARD,168,PT,2024,-22.9319607,-47.0873837
1180,13300,WAGNER DE MELO ROMÃO,176,PT,2024,-22.9319607,-47.0873837
1180,15000,ARNALDO SALVETTI PALÁCIO JUNIOR,167,MDB,2024,-22.9319607,-47.0873837
1180,15111,RODRIGO DA SILVA FREITAS DOS SANTOS,124,MDB,2024,-22.9319607,-47.0873837
1180,15250,ANDRÉ LUIZ DE CAMARGO VON ZUBEN,58,MDB,2024,-22.9319607,-47.0873837
1180,15555,HÉLIO ALVES MOREIRA,30,MDB,2024,-22.9319607,-47.0873837
1180,15678,ORLEANS DE SÁ ALENCAR,31,MDB,2024,-22.9319607,-47.0873837
1180,15777,LUCIANA APARECIDA CARDOSO,46,MDB,2024,-22.9319607,-47.0873837
1180,15999,ALTAIR ALVES PAIXÃO,35,MDB,2024,-22.9319607,-47.0873837
1180,18123,CAMILA DELMONDES DIAS,34,REDE,2024,-22.9319607,-47.0873837
1180,20000,EDUARDO DOS REIS MAGOGA,71,PODE,2024,-22.9319607,-47.0873837
1180,20011,GERALDO CEZÁRIO RIBEIRO,73,PODE,2024,-22.9319607,-47.0873837
1180,20020,LUIZ HENRIQUE CIRILO,169,PODE,2024,-22.9319607,-47.0873837
1180,20100,HEBERT GARAGNANI,125,PODE,2024,-22.9319607,-47.0873837
1180,20190,MARCOS ALVES FERREIRA,66,PODE,2024,-22.9319607,-47.0873837
1180,20555,DANILO RIDYER PALMA,41,PODE,2024,-22.9319607,-47.0873837
1180,20997,JOSENILTON ALMEIDA,80,PODE,2024,-22.9319607,-47.0873837
1180,22,Partido Liberal,80,,2024,-22.9319607,-47.0873837
1180,22000,DEBORA DE ANDRADE PALERMO,248,PL,2024,-22.9319607,-47.0873837
1180,22022,CARLOS EDUARDO CRUZ,205,PL,2024,-22.9319607,-47.0873837
1180,22122,EDSON RIBEIRO DE OLIVEIRA,35,PL,2024,-22.9319607,-47.0873837
1180,22123,LUIS HENRIQUE SILVA SCHENEIDER,233,PL,2024,-22.9319607,-47.0873837
1180,22222,OTTO ALEJANDRO RIGAZZO ETTINGER,54,PL,2024,-22.9319607,-47.0873837
1180,22233,GUILHERME BANDONI TEIXEIRA,84,PL,2024,-22.9319607,-47.0873837
1180,22380,KLEBER SARAIVA SIMÕES,32,PL,2024,-22.9319607,-47.0873837
1180,22400,MARCIA APARECIDA PEREIRA DA SILVA PINHEIRO,57,PL,2024,-22.9319607,-47.0873837
1180,22422,BENEDITO PEREIRA LIMA,226,PL,2024,-22.9319607,-47.0873837
1180,22622,EDEVALDO DE MELO,138,PL,2024,-22.9319607,-47.0873837
1180,22777,DANIELLE GOMES DE CARVALHO,44,PL,2024,-22.9319607,-47.0873837
1180,23,RAFAEL FERNANDO ZIMBALDI,779,CIDADANIA,2024,-22.9319607,-47.0873837
1180,23000,VINICIUS DE OLIVEIRA SANDOVAL,259,CIDADANIA,2024,-22.9319607,-47.0873837
1180,27147,ROZELI DA SILVA NOGUEIRA,35,DC,2024,-22.9319607,-47.0873837
1180,28999,ANA HARUMI OLIVEIRA,33,PRTB,2024,-22.9319607,-47.0873837
1180,30,Partido Novo,89,NOVO,2024,-22.9319607,-47.0873837
1180,30,WILSON KELLER DE MATOS,398,NOVO,2024,-22.9319607,-47.0873837
1180,30007,GUILHERME PUPO NOGUEIRA MONTEIRO,71,NOVO,2024,-22.9319607,-47.0873837
1180,30999,PAULO SERGIO BARCELLOS GASPAR,292,NOVO,2024,-22.9319607,-47.0873837
1180,40,Partido Socialista Brasileiro,33,,2024,-22.9319607,-47.0873837
1180,40000,ANDERSON DELBUE GIANETTI,41,PSB,2024,-22.9319607,-47.0873837
1180,40013,JAIRSON VALERIO DOS ANJOS,333,PSB,2024,-22.9319607,-47.0873837
1180,40112,FILIPE BATISTA MARCHESI,59,PSB,2024,-22.9319607,-47.0873837
1180,40222,ERIKA VIVIANE DE SOUZA RAMOS,86,PSB,2024,-22.9319607,-47.0873837
1180,40234,MARCOS JOSE BERNARDELLI,149,PSB,2024,-22.9319607,-47.0873837
1180,40345,CLAUDINEI ALMEIDA,33,PSB,2024,-22.9319607,-47.0873837
1180,40444,JOÃO GOMES JUNIOR,50,PSB,2024,-22.9319607,-47.0873837
1180,40456,PERMINIO MONTEIRO DA SILVA,79,PSB,2024,-22.9319607,-47.0873837
1180,40580,JOSE CARLOS DOS SANTOS,892,PSB,2024,-22.9319607,-47.0873837
1180,40678,JOSE CARLOS SILVA,55,PSB,2024,-22.9319607,-47.0873837
1180,40888,AILTON FERNANDES SARMENTO,89,PSB,2024,-22.9319607,-47.0873837
1180,43000,VALERIA MEIRELLES MONTEIRO,36,PV,2024,-22.9319607,-47.0873837
1180,44000,RODRIGO LUIS DE BARROS ALMEIDA,33,UNIÃO,2024,-22.9319607,-47.0873837
1180,44019,FELIPE PEREIRA DE CAMPOS VERGUEIRO,110,UNIÃO,2024,-22.9319607,-47.0873837
1180,44040,APARECIDO SOUZA SANTOS,69,UNIÃO,2024,-22.9319607,-47.0873837
1180,44190,JAIME DE SOUZA,114,UNIÃO,2024,-22.9319607,-47.0873837
1180,44200,EDSON RIBEIRO,39,UNIÃO,2024,-22.9319607,-47.0873837
1180,44444,MARJORIE DA COSTA HENRIQUE RODRIGUES,33,UNIÃO,2024,-22.9319607,-47.0873837
1180,44567,HENRI MAEDA,39,UNIÃO,2024,-22.9319607,-47.0873837
1180,50,Partido Socialismo e Liberdade,49,,2024,-22.9319607,-47.0873837
1180,50000,PAULO ROBERTO BUFALO,99,PSOL,2024,-22.9319607,-47.0873837
1180,50001,MARCELA DIAS MOREIRA,43,PSOL,2024,-22.9319607,-47.0873837
1180,50019,THAMIRES BATISTA GOMES RAMOS,68,PSOL,2024,-22.9319607,-47.0873837
1180,50100,MARIANA CONTI TAKAHASHI,513,PSOL,2024,-22.9319607,-47.0873837
1180,50123,FERNANDA DE OLIVEIRA SOUTO,103,PSOL,2024,-22.9319607,-47.0873837
1180,55000,GUILHERME DAMASCENO FERNANDES,108,PSD,2024,-22.9319607,-47.0873837
1180,55007,MAURÍCIO LUCENTI GEREMONTE,86,PSD,2024,-22.9319607,-47.0873837
1180,55010,DANIELE CRISTINA SCHETTINI,35,PSD,2024,-22.9319607,-47.0873837
1180,55055,NELSON HOSSRI NETO,368,PSD,2024,-22.9319607,-47.0873837
1180,55123,ANGELO DINIZ,89,PSD,2024,-22.9319607,-47.0873837
1180,55190,JOSÉ ANTONIO PEREIRA JÚNIOR,31,PSD,2024,-22.9319607,-47.0873837
1180,55510,MULLER PASCHOAL DE OLIVEIRA FERREIRA,63,PSD,2024,-22.9319607,-47.0873837
1180,55522,LUIZ LAURO FERREIRA,51,PSD,2024,-22.9319607,-47.0873837
1180,55555,FLÁVIO MAYNARDES ARAÚJO,83,PSD,2024,-22.9319607,-47.0873837
1180,55577,CID FERREIRA DE SOUZA,31,PSD,2024,-22.9319607,-47.0873837
1180,55655,PAULO CÉSAR HADDAD,119,PSD,2024,-22.9319607,-47.0873837
1180,65656,GUSTAVO LEMOS PETTA,149,PC DO B,2024,-22.9319607,-47.0873837
1180,77100,JAIR QUINÁLIA,289,SOLIDARIEDADE,2024,-22.9319607,-47.0873837
1180,95,VOTO BRANCO,1400,,2024,-22.9319607,-47.0873837
1180,96,VOTO NULO,1786,,2024,-22.9319607,-47.0873837
1198,10,DÁRIO JORGE GIOLO SAADI,10628,REPUBLICANOS,2024,-22.9064,-47.0616
1198,10,REPUBLICANOS,227,REPUBLICANOS,2024,-22.9064,-47.0616
1198,10000,LUIZ CARLOS ROSSINI,203,REPUBLICANOS,2024,-22.9064,-47.0616
1198,10007,TERESINHA DE CARVALHO,52,REPUBLICANOS,2024,-22.9064,-47.0616
1198,10010,CLAUDIO CORMANICH,38,REPUBLICANOS,2024,-22.9064,-47.0616
1198,10019,ROBLEDO RUAN SANTOS SOUSA,112,REPUBLICANOS,2024,-22.9064,-47.0616
1198,10123,BENEDITO ROBERTO ALVES FERREIRA,149,REPUBLICANOS,2024,-22.9064,-47.0616
1198,10200,HIGOR DIEGO RALLA,344,REPUBLICANOS,2024,-22.9064,-47.0616
1198,10222,JEZIEL SEVERINO DA SILVA,64,REPUBLICANOS,2024,-22.9064,-47.0616
1198,10234,MILTON SOARES MUCHIUTTE,276,REPUBLICANOS,2024,-22.9064,-47.0616
1198,10333,NOEMI SILVANA PRATES DE OLIVEIRA,56,REPUBLICANOS,2024,-22.9064,-47.0616
1198,10456,CARMO LUIZ GREGÓRIO DA SILVA,52,REPUBLICANOS,2024,-22.9064,-47.0616
1198,10500,LUIS MOKITI YABIKU,165,REPUBLICANOS,2024,-22.9064,-47.0616
1198,10556,GIOVANNE SOTELLO LAVORINI,52,REPUBLICANOS,2024,-22.9064,-47.0616
1198,11000,YANKO GONÇALVES MELLO,142,PP,2024,-22.9064,-47.0616
1198,11001,MICHAEL AUGUSTO CRISÓSTOMO,32,PP,2024,-22.9064,-47.0616
1198,11011,MARCELO DUCHOVNI SILVA,311,PP,2024,-22.9064,-47.0616
1198,11022,JONATHAS DE SIQUEIRA FERREIRA,61,PP,2024,-22.9064,-47.0616
1198,11153,SILVIO MARCIO LAVORATO,69,PP,2024,-22.9064,-47.0616
1198,11999,LEONICE ALVES DA PÁZ,60,PP,2024,-22.9064,-47.0616
1198,13,PEDRO TOURINHO DE SIQUEIRA,3297,PT,2024,-22.9064,-47.0616
1198,13,Partido dos Trabalhadores,236,PT,2024,-22.9064,-47.0616
1198,13000,JOSÉ ABREU DE LUCENA,31,PT,2024,-22.9064,-47.0616
1198,13011,CECILIO SERAFIM DOS SANTOS,207,PT,2024,-22.9064,-47.0616
1198,13020,MARGARIDA DA SILVA CALIXTO,177,PT,2024,-22.9064,-47.0616
1198,13100,LUIZ CARLOS FELICIDADE,43,PT,2024,-22.9064,-47.0616
1198,13123,PAOLLA CATHERINE DOS SANTOS MIGUEL AGARD,160,PT,2024,-22.9064,-47.0616
1198,13300,WAGNER DE MELO ROMÃO,152,PT,2024,-22.9064,-47.0616
1198,15000,ARNALDO SALVETTI PALÁCIO JUNIOR,170,MDB,2024,-22.9064,-47.0616
1198,15055,CARLOS HENRIQUE PINTO,32,MDB,2024,-22.9064,-47.0616
1198,15111,RODRIGO DA SILVA FREITAS DOS SANTOS,130,MDB,2024,-22.9064,-47.0616
1198,15123,JOÃO BATISTA DE PAULA,365,MDB,2024,-22.9064,-47.0616
1198,15250,ANDRÉ LUIZ DE CAMARGO VON ZUBEN,42,MDB,2024,-22.9064,-47.0616
1198,15555,HÉLIO ALVES MOREIRA,62,MDB,2024,-22.9064,-47.0616
1198,15567,LUIS GUSTAVO MARQUES DOS SANTOS,36,MDB,2024,-22.9064,-47.0616
1198,20000,EDUARDO DOS REIS MAGOGA,54,PODE,2024,-22.9064,-47.0616
1198,20020,LUIZ HENRIQUE CIRILO,179,PODE,2024,-22.9064,-47.0616
1198,20100,HEBERT GARAGNANI,152,PODE,2024,-22.9064,-47.0616
1198,20190,MARCOS ALVES FERREIRA,106,PODE,2024,-22.9064,-47.0616
1198,20500,JOSÉ CARLOS FURIOSO,32,PODE,2024,-22.9064,-47.0616
1198,20555,DANILO RIDYER PALMA,41,PODE,2024,-22.9064,-47.0616
1198,20888,ELIÂNGELA APARECIDA HENRIQUE SOUZA,37,PODE,2024,-22.9064,-47.0616
1198,22,Partido Liberal,92,,2024,-22.9064,-47.0616
1198,22000,DEBORA DE ANDRADE PALERMO,452,PL,2024,-22.9064,-47.0616
1198,22022,CARLOS EDUARDO CRUZ,67,PL,2024,-22.9064,-47.0616
1198,22123,LUIS HENRIQUE SILVA SCHENEIDER,973,PL,2024,-22.9064,-47.0616
1198,22222,OTTO ALEJANDRO RIGAZZO ETTINGER,145,PL,2024,-22.9064,-47.0616
1198,22233,GUILHERME BANDONI TEIXEIRA,102,PL,2024,-22.9064,-47.0616
1198,22400,MARCIA APARECIDA PEREIRA DA SILVA PINHEIRO,65,PL,2024,-22.9064,-47.0616
1198,22422,BENEDITO PEREIRA LIMA,206,PL,2024,-22.9064,-47.0616
1198,22444,JAQUELINE MACIEL LUSTOSA,36,PL,2024,-22.9064,-47.0616
1198,22500,ANGELO ROBERTO SARTORI,41,PL,2024,-22.9064,-47.0616
1198,22622,EDEVALDO DE MELO,115,PL,2024,-22.9064,-47.0616
1198,22789,JUSCELINO DE SOUZA MARTINS,52,PL,2024,-22.9064,-47.0616
1198,23,Cidadania,31,CIDADANIA,2024,-22.9064,-47.0616
1198,23,RAFAEL FERNANDO ZIMBALDI,1061,CIDADANIA,2024,-22.9064,-47.0616
1198,23000,VINICIUS DE OLIVEIRA SANDOVAL,268,CIDADANIA,2024,-22.9064,-47.0616
1198,23007,MARCÉLIO ANDRADE LEÃO,42,CIDADANIA,2024,-22.9064,-47.0616
1198,28999,ANA HARUMI OLIVEIRA,32,PRTB,2024,-22.9064,-47.0616
1198,29,ANGELINA DIAS DA SILVA,33,,2024,-22.9064,-47.0616
1198,30,Partido Novo,87,NOVO,2024,-22.9064,-47.0616
1198,30,WILSON KELLER DE MATOS,327,NOVO,2024,-22.9064,-47.0616
1198,30999,PAULO SERGIO BARCELLOS GASPAR,182,NOVO,2024,-22.9064,-47.0616
1198,40000,ANDERSON DELBUE GIANETTI,30,PSB,2024,-22.9064,-47.0616
1198,40050,RENAN RONCOLATTO PEREIRA DE ALMEIDA,41,PSB,2024,-22.9064,-47.0616
1198,40112,FILIPE BATISTA MARCHESI,52,PSB,2024,-22.9064,-47.0616
1198,40222,ERIKA VIVIANE DE SOUZA RAMOS,30,PSB,2024,-22.9064,-47.0616
1198,40234,MARCOS JOSE BERNARDELLI,170,PSB,2024,-22.9064,-47.0616
1198,40345,CLAUDINEI ALMEIDA,63,PSB,2024,-22.9064,-47.0616
1198,40400,ARIANA PAULA FREITAS ORLANDO,50,PSB,2024,-22.9064,-47.0616
1198,40444,JOÃO GOMES JUNIOR,64,PSB,2024,-22.9064,-47.0616
1198,40456,PERMINIO MONTEIRO DA SILVA,93,PSB,2024,-22.9064,-47.0616
1198,40580,JOSE CARLOS DOS SANTOS,262,PSB,2024,-22.9064,-47.0616
1198,40678,JOSE CARLOS SILVA,66,PSB,2024,-22.9064,-47.0616
1198,40888,AILTON FERNANDES SARMENTO,241,PSB,2024,-22.9064,-47.0616
1198,43000,VALERIA MEIRELLES MONTEIRO,32,PV,2024,-22.9064,-47.0616
1198,44000,RODRIGO LUIS DE BARROS ALMEIDA,36,UNIÃO,2024,-22.9064,-47.0616
1198,44019,FELIPE PEREIRA DE CAMPOS VERGUEIRO,72,UNIÃO,2024,-22.9064,-47.0616
1198,44040,APARECIDO SOUZA SANTOS,54,UNIÃO,2024,-22.9064,-47.0616
1198,44190,JAIME DE SOUZA,71,UNIÃO,2024,-22.9064,-47.0616
1198,44200,EDSON RIBEIRO,164,UNIÃO,2024,-22.9064,-47.0616
1198,44250,MAURICELE DA SILVA LOPES,87,UNIÃO,2024,-22.9064,-47.0616
1198,44444,MARJORIE DA COSTA HENRIQUE RODRIGUES,54,UNIÃO,2024,-22.9064,-47.0616
1198,44500,ROSA FERREIRA DA SILVA,31,UNIÃO,2024,-22.9064,-47.0616
1198,44567,HENRI MAEDA,35,UNIÃO,2024,-22.9064,-47.0616
1198,44644,WILIAN MENEZES XAVIER,43,UNIÃO,2024,-22.9064,-47.0616
1198,50,Partido Socialismo e Liberdade,59,,2024,-22.9064,-47.0616
1198,50000,PAULO ROBERTO BUFALO,105,PSOL,2024,-22.9064,-47.0616
1198,50001,MARCELA DIAS MOREIRA,65,PSOL,2024,-22.9064,-47.0616
1198,50019,THAMIRES BATISTA GOMES RAMOS,62,PSOL,2024,-22.9064,-47.0616
1198,50100,MARIANA CONTI TAKAHASHI,565,PSOL,2024,-22.9064,-47.0616
1198,50123,FERNANDA DE OLIVEIRA SOUTO,109,PSOL,2024,-22.9064,-47.0616
1198,55000,GUILHERME DAMASCENO FERNANDES,168,PSD,2024,-22.9064,-47.0616
1198,55007,MAURÍCIO LUCENTI GEREMONTE,48,PSD,2024,-22.9064,-47.0616
1198,55055,NELSON HOSSRI NETO,254,PSD,2024,-22.9064,-47.0616
1198,55123,ANGELO DINIZ,72,PSD,2024,-22.9064,-47.0616
1198,55190,JOSÉ ANTONIO PEREIRA JÚNIOR,41,PSD,2024,-22.9064,-47.0616
1198,55222,JORGE DOS SANTOS MONTANARI,53,PSD,2024,-22.9064,-47.0616
1198,55500,AÍLTON LOURENÇO DA SILVA,45,PSD,2024,-22.9064,-47.0616
1198,55510,MULLER PASCHOAL DE OLIVEIRA FERREIRA,86,PSD,2024,-22.9064,-47.0616
1198,55522,LUIZ LAURO FERREIRA,30,PSD,2024,-22.9064,-47.0616
1198,55555,FLÁVIO MAYNARDES ARAÚJO,62,PSD,2024,-22.9064,-47.0616
1198,55577,CID FERREIRA DE SOUZA,57,PSD,2024,-22.9064,-47.0616
1198,55655,PAULO CÉSAR HADDAD,83,PSD,2024,-22.9064,-47.0616
1198,65656,GUSTAVO LEMOS PETTA,151,PC DO B,2024,-22.9064,-47.0616
1198,70190,CLODOALDO MAIOLINI FILHO,47,AVANTE,2024,-22.9064,-47.0616
1198,77100,JAIR QUINÁLIA,69,SOLIDARIEDADE,2024,-22.9064,-47.0616
1198,77716,TELMA FRANCISCA BARROS DE SOUSA SEVERO MARQUES,55,SOLIDARIEDADE,2024,-22.9064,-47.0616
1198,95,VOTO BRANCO,1706,,2024,-22.9064,-47.0616
1198,96,VOTO NULO,2292,,2024,-22.9064,-47.0616
1201,10,DÁRIO JORGE GIOLO SAADI,9479,REPUBLICANOS,2024,-22.9452875,-47.1224251
1201,10,REPUBLICANOS,176,REPUBLICANOS,2024,-22.9452875,-47.1224251
1201,10000,LUIZ CARLOS ROSSINI,128,REPUBLICANOS,2024,-22.9452875,-47.1224251
1201,10007,TERESINHA DE CARVALHO,44,REPUBLICANOS,2024,-22.9452875,-47.1224251
1201,10010,CLAUDIO CORMANICH,34,REPUBLICANOS,2024,-22.9452875,-47.1224251
1201,10015,ZILDA APARECIDA BRAMBILLA,30,REPUBLICANOS,2024,-22.9452875,-47.1224251
1201,10123,BENEDITO ROBERTO ALVES FERREIRA,152,REPUBLICANOS,2024,-22.9452875,-47.1224251
1201,10200,HIGOR DIEGO RALLA,86,REPUBLICANOS,2024,-22.9452875,-47.1224251
1201,10222,JEZIEL SEVERINO DA SILVA,65,REPUBLICANOS,2024,-22.9452875,-47.1224251
1201,10234,MILTON SOARES MUCHIUTTE,56,REPUBLICANOS,2024,-22.9452875,-47.1224251
1201,10300,THIAGO DE OLIVEIRA GONÇALVES,30,REPUBLICANOS,2024,-22.9452875,-47.1224251
1201,10450,MARCELO PONTEL,40,REPUBLICANOS,2024,-22.9452875,-47.1224251
1201,10456,CARMO LUIZ GREGÓRIO DA SILVA,68,REPUBLICANOS,2024,-22.9452875,-47.1224251
1201,10500,LUIS MOKITI YABIKU,74,REPUBLICANOS,2024,-22.9452875,-47.1224251
1201,10789,CARLOS JOSÉ LEMOS,30,REPUBLICANOS,2024,-22.9452875,-47.1224251
1201,11000,YANKO GONÇALVES MELLO,76,PP,2024,-22.9452875,-47.1224251
1201,11011,MARCELO DUCHOVNI SILVA,206,PP,2024,-22.9452875,-47.1224251
1201,11022,JONATHAS DE SIQUEIRA FERREIRA,61,PP,2024,-22.9452875,-47.1224251
1201,11153,SILVIO MARCIO LAVORATO,62,PP,2024,-22.9452875,-47.1224251
1201,11222,FRANCISCA ROSANA MONTANHER,34,PP,2024,-22.9452875,-47.1224251
1201,11456,FABIO CAMILO DE ALMEIDA,57,PP,2024,-22.9452875,-47.1224251
1201,11999,LEONICE ALVES DA PÁZ,41,PP,2024,-22.9452875,-47.1224251
1201,13,PEDRO TOURINHO DE SIQUEIRA,3473,PT,2024,-22.9452875,-47.1224251
1201,13,Partido dos Trabalhadores,266,PT,2024,-22.9452875,-47.1224251
1201,13000,JOSÉ ABREU DE LUCENA,35,PT,2024,-22.9452875,-47.1224251
1201,13011,CECILIO SERAFIM DOS SANTOS,68,PT,2024,-22.9452875,-47.1224251
1201,13019,JUCELINO SOUZA DE NOVAIS JUNIOR,67,PT,2024,-22.9452875,-47.1224251
1201,13020,MARGARIDA DA SILVA CALIXTO,175,PT,2024,-22.9452875,-47.1224251
1201,13123,PAOLLA CATHERINE DOS SANTOS MIGUEL AGARD,240,PT,2024,-22.9452875,-47.1224251
1201,13300,WAGNER DE MELO ROMÃO,95,PT,2024,-22.9452875,-47.1224251
1201,13456,GIVALDO FERREIRA DE LIMA,46,PT,2024,-22.9452875,-47.1224251
1201,13613,CARLOS ROBERTO DE OLIVEIRA,87,PT,2024,-22.9452875,-47.1224251
1201,15000,ARNALDO SALVETTI PALÁCIO JUNIOR,448,MDB,2024,-22.9452875,-47.1224251
1201,15111,RODRIGO DA SILVA FREITAS DOS SANTOS,95,MDB,2024,-22.9452875,-47.1224251
1201,15250,ANDRÉ LUIZ DE CAMARGO VON ZUBEN,32,MDB,2024,-22.9452875,-47.1224251
1201,15555,HÉLIO ALVES MOREIRA,54,MDB,2024,-22.9452875,-47.1224251
1201,15567,LUIS GUSTAVO MARQUES DOS SANTOS,131,MDB,2024,-22.9452875,-47.1224251
1201,15789,JAKSSON LEANDRO LUCIANO GONÇALVES,297,MDB,2024,-22.9452875,-47.1224251
1201,15999,ALTAIR ALVES PAIXÃO,31,MDB,2024,-22.9452875,-47.1224251
1201,20000,EDUARDO DOS REIS MAGOGA,34,PODE,2024,-22.9452875,-47.1224251
1201,20002,RENAN FAGNER SALOMÃO DE SOUZA,147,PODE,2024,-22.9452875,-47.1224251
1201,20007,LUIZ GONZAGA,42,PODE,2024,-22.9452875,-47.1224251
1201,20011,GERALDO CEZÁRIO RIBEIRO,43,PODE,2024,-22.9452875,-47.1224251
1201,20020,LUIZ HENRIQUE CIRILO,233,PODE,2024,-22.9452875,-47.1224251
1201,20100,HEBERT GARAGNANI,165,PODE,2024,-22.9452875,-47.1224251
1201,20123,GILBERTO LEÃO DE ARAÚJO,125,PODE,2024,-22.9452875,-47.1224251
1201,20243,ABRAÃO STREY,39,PODE,2024,-22.9452875,-47.1224251
1201,20500,JOSÉ CARLOS FURIOSO,40,PODE,2024,-22.9452875,-47.1224251
1201,20555,DANILO RIDYER PALMA,77,PODE,2024,-22.9452875,-47.1224251
1201,22,Partido Liberal,84,,2024,-22.9452875,-47.1224251
1201,22000,DEBORA DE ANDRADE PALERMO,116,PL,2024,-22.9452875,-47.1224251
1201,22017,LUZIA DAS GRAÇAS ASSIS,36,PL,2024,-22.9452875,-47.1224251
1201,22022,CARLOS EDUARDO CRUZ,61,PL,2024,-22.9452875,-47.1224251
1201,22123,LUIS HENRIQUE SILVA SCHENEIDER,141,PL,2024,-22.9452875,-47.1224251
1201,22222,OTTO ALEJANDRO RIGAZZO ETTINGER,247,PL,2024,-22.9452875,-47.1224251
1201,22233,GUILHERME BANDONI TEIXEIRA,140,PL,2024,-22.9452875,-47.1224251
1201,22400,MARCIA APARECIDA PEREIRA DA SILVA PINHEIRO,102,PL,2024,-22.9452875,-47.1224251
1201,22422,BENEDITO PEREIRA LIMA,188,PL,2024,-22.9452875,-47.1224251
1201,22622,EDEVALDO DE MELO,49,PL,2024,-22.9452875,-47.1224251
1201,22789,JUSCELINO DE SOUZA MARTINS,42,PL,2024,-22.9452875,-47.1224251
1201,23,Cidadania,36,CIDADANIA,2024,-22.9452875,-47.1224251
1201,23,RAFAEL FERNANDO ZIMBALDI,1087,CIDADANIA,2024,-22.9452875,-47.1224251
1201,23000,VINICIUS DE OLIVEIRA SANDOVAL,365,CIDADANIA,2024,-22.9452875,-47.1224251
1201,28193,JOÃO RAMOS  DOS SANTOS SOBRINHO,33,PRTB,2024,-22.9452875,-47.1224251
1201,28299,WILSON RODRIGUES MILAGRES,36,PRTB,2024,-22.9452875,-47.1224251
1201,29,ANGELINA DIAS DA SILVA,33,,2024,-22.9452875,-47.1224251
1201,30,Partido Novo,54,NOVO,2024,-22.9452875,-47.1224251
1201,30,WILSON KELLER DE MATOS,272,NOVO,2024,-22.9452875,-47.1224251
1201,30999,PAULO SERGIO BARCELLOS GASPAR,96,NOVO,2024,-22.9452875,-47.1224251
1201,36234,MAURO PEREIRA,59,AGIR,2024,-22.9452875,-47.1224251
1201,40,Partido Socialista Brasileiro,44,,2024,-22.9452875,-47.1224251
1201,40013,JAIRSON VALERIO DOS ANJOS,33,PSB,2024,-22.9452875,-47.1224251
1201,40050,RENAN RONCOLATTO PEREIRA DE ALMEIDA,32,PSB,2024,-22.9452875,-47.1224251
1201,40112,FILIPE BATISTA MARCHESI,39,PSB,2024,-22.9452875,-47.1224251
1201,40123,MARIO CESAR MELLO DA SILVA,30,PSB,2024,-22.9452875,-47.1224251
1201,40222,ERIKA VIVIANE DE SOUZA RAMOS,44,PSB,2024,-22.9452875,-47.1224251
1201,40234,MARCOS JOSE BERNARDELLI,110,PSB,2024,-22.9452875,-47.1224251
1201,40345,CLAUDINEI ALMEIDA,54,PSB,2024,-22.9452875,-47.1224251
1201,40444,JOÃO GOMES JUNIOR,41,PSB,2024,-22.9452875,-47.1224251
1201,40456,PERMINIO MONTEIRO DA SILVA,133,PSB,2024,-22.9452875,-47.1224251
1201,40580,JOSE CARLOS DOS SANTOS,525,PSB,2024,-22.9452875,-47.1224251
1201,40678,JOSE CARLOS SILVA,34,PSB,2024,-22.9452875,-47.1224251
1201,40800,MARCELO VITAL,53,PSB,2024,-22.9452875,-47.1224251
1201,40888,AILTON FERNANDES SARMENTO,763,PSB,2024,-22.9452875,-47.1224251
1201,43000,VALERIA MEIRELLES MONTEIRO,46,PV,2024,-22.9452875,-47.1224251
1201,44000,RODRIGO LUIS DE BARROS ALMEIDA,284,UNIÃO,2024,-22.9452875,-47.1224251
1201,44004,DOUGLAS FRANCISCO DA SILVA,44,UNIÃO,2024,-22.9452875,-47.1224251
1201,44019,FELIPE PEREIRA DE CAMPOS VERGUEIRO,35,UNIÃO,2024,-22.9452875,-47.1224251
1201,44040,APARECIDO SOUZA SANTOS,346,UNIÃO,2024,-22.9452875,-47.1224251
1201,44190,JAIME DE SOUZA,58,UNIÃO,2024,-22.9452875,-47.1224251
1201,44200,EDSON RIBEIRO,73,UNIÃO,2024,-22.9452875,-47.1224251
1201,44400,JORGE RICARDO TEIXEIRA CEZARIO,40,UNIÃO,2024,-22.9452875,-47.1224251
1201,50,Partido Socialismo e Liberdade,45,,2024,-22.9452875,-47.1224251
1201,50000,PAULO ROBERTO BUFALO,147,PSOL,2024,-22.9452875,-47.1224251
1201,50001,MARCELA DIAS MOREIRA,72,PSOL,2024,-22.9452875,-47.1224251
1201,50019,THAMIRES BATISTA GOMES RAMOS,56,PSOL,2024,-22.9452875,-47.1224251
1201,50100,MARIANA CONTI TAKAHASHI,383,PSOL,2024,-22.9452875,-47.1224251
1201,50123,FERNANDA DE OLIVEIRA SOUTO,86,PSOL,2024,-22.9452875,-47.1224251
1201,55000,GUILHERME DAMASCENO FERNANDES,63,PSD,2024,-22.9452875,-47.1224251
1201,55055,NELSON HOSSRI NETO,168,PSD,2024,-22.9452875,-47.1224251
1201,55123,ANGELO DINIZ,43,PSD,2024,-22.9452875,-47.1224251
1201,55190,JOSÉ ANTONIO PEREIRA JÚNIOR,66,PSD,2024,-22.9452875,-47.1224251
1201,55510,MULLER PASCHOAL DE OLIVEIRA FERREIRA,97,PSD,2024,-22.9452875,-47.1224251
1201,55522,LUIZ LAURO FERREIRA,33,PSD,2024,-22.9452875,-47.1224251
1201,55555,FLÁVIO MAYNARDES ARAÚJO,49,PSD,2024,-22.9452875,-47.1224251
1201,55655,PAULO CÉSAR HADDAD,69,PSD,2024,-22.9452875,-47.1224251
1201,65656,GUSTAVO LEMOS PETTA,159,PC DO B,2024,-22.9452875,-47.1224251
1201,70000,AURELIO JOSE CLAUDIO,95,AVANTE,2024,-22.9452875,-47.1224251
1201,70123,JOSE DE ARIMATEA SANTOS SILVA FILHO,78,AVANTE,2024,-22.9452875,-47.1224251
1201,70777,VALDEIR LUCCHIARI,74,AVANTE,2024,-22.9452875,-47.1224251
1201,77100,JAIR QUINÁLIA,42,SOLIDARIEDADE,2024,-22.9452875,-47.1224251
1201,95,VOTO BRANCO,1768,,2024,-22.9452875,-47.1224251
1201,96,VOTO NULO,2217,,2024,-22.9452875,-47.1224251
1210,10,DÁRIO JORGE GIOLO SAADI,2589,REPUBLICANOS,2024,-22.9172933,-47.0213533
1210,10,REPUBLICANOS,52,REPUBLICANOS,2024,-22.9172933,-47.0213533
1210,10123,BENEDITO ROBERTO ALVES FERREIRA,55,REPUBLICANOS,2024,-22.9172933,-47.0213533
1210,10200,HIGOR DIEGO RALLA,284,REPUBLICANOS,2024,-22.9172933,-47.0213533
1210,13,PEDRO TOURINHO DE SIQUEIRA,920,PT,2024,-22.9172933,-47.0213533
1210,13,Partido dos Trabalhadores,54,PT,2024,-22.9172933,-47.0213533
1210,13011,CECILIO SERAFIM DOS SANTOS,81,PT,2024,-22.9172933,-47.0213533
1210,13100,LUIZ CARLOS FELICIDADE,38,PT,2024,-22.9172933,-47.0213533
1210,13123,PAOLLA CATHERINE DOS SANTOS MIGUEL AGARD,38,PT,2024,-22.9172933,-47.0213533
1210,13456,GIVALDO FERREIRA DE LIMA,68,PT,2024,-22.9172933,-47.0213533
1210,15000,ARNALDO SALVETTI PALÁCIO JUNIOR,138,MDB,2024,-22.9172933,-47.0213533
1210,15123,JOÃO BATISTA DE PAULA,687,MDB,2024,-22.9172933,-47.0213533
1210,20002,RENAN FAGNER SALOMÃO DE SOUZA,35,PODE,2024,-22.9172933,-47.0213533
1210,20020,LUIZ HENRIQUE CIRILO,62,PODE,2024,-22.9172933,-47.0213533
1210,22222,OTTO ALEJANDRO RIGAZZO ETTINGER,30,PL,2024,-22.9172933,-47.0213533
1210,22233,GUILHERME BANDONI TEIXEIRA,84,PL,2024,-22.9172933,-47.0213533
1210,22400,MARCIA APARECIDA PEREIRA DA SILVA PINHEIRO,33,PL,2024,-22.9172933,-47.0213533
1210,22422,BENEDITO PEREIRA LIMA,31,PL,2024,-22.9172933,-47.0213533
1210,23,RAFAEL FERNANDO ZIMBALDI,370,CIDADANIA,2024,-22.9172933,-47.0213533
1210,23000,VINICIUS DE OLIVEIRA SANDOVAL,82,CIDADANIA,2024,-22.9172933,-47.0213533
1210,23567,ANTONIO GONÇALVES DA SILVA,35,CIDADANIA,2024,-22.9172933,-47.0213533
1210,30,WILSON KELLER DE MATOS,63,NOVO,2024,-22.9172933,-47.0213533
1210,40580,JOSE CARLOS DOS SANTOS,41,PSB,2024,-22.9172933,-47.0213533
1210,44040,APARECIDO SOUZA SANTOS,216,UNIÃO,2024,-22.9172933,-47.0213533
1210,44200,EDSON RIBEIRO,170,UNIÃO,2024,-22.9172933,-47.0213533
1210,44250,MAURICELE DA SILVA LOPES,62,UNIÃO,2024,-22.9172933,-47.0213533
1210,50100,MARIANA CONTI TAKAHASHI,39,PSOL,2024,-22.9172933,-47.0213533
1210,95,VOTO BRANCO,586,,2024,-22.9172933,-47.0213533
1210,96,VOTO NULO,699,,2024,-22.9172933,-47.0213533
1228,10,DÁRIO JORGE GIOLO SAADI,1232,REPUBLICANOS,2024,-22.9600697,-47.2168798
1228,10150,PAULO ROBERTO DOS SANTOS VIEIRA,40,REPUBLICANOS,2024,-22.9600697,-47.2168798
1228,10200,HIGOR DIEGO RALLA,645,REPUBLICANOS,2024,-22.9600697,-47.2168798
1228,13,PEDRO TOURINHO DE SIQUEIRA,252,PT,2024,-22.9600697,-47.2168798
1228,13011,CECILIO SERAFIM DOS SANTOS,30,PT,2024,-22.9600697,-47.2168798
1228,15999,ALTAIR ALVES PAIXÃO,176,MDB,2024,-22.9600697,-47.2168798
1228,23,RAFAEL FERNANDO ZIMBALDI,98,CIDADANIA,2024,-22.9600697,-47.2168798
1228,44200,EDSON RIBEIRO,52,UNIÃO,2024,-22.9600697,-47.2168798
1228,44250,MAURICELE DA SILVA LOPES,135,UNIÃO,2024,-22.9600697,-47.2168798
1228,95,VOTO BRANCO,185,,2024,-22.9600697,-47.2168798
1228,96,VOTO NULO,135,,2024,-22.9600697,-47.2168798
1236,10,DÁRIO JORGE GIOLO SAADI,2699,REPUBLICANOS,2024,-22.9064,-47.0616
1236,10,REPUBLICANOS,56,REPUBLICANOS,2024,-22.9064,-47.0616
1236,10000,LUIZ CARLOS ROSSINI,30,REPUBLICANOS,2024,-22.9064,-47.0616
1236,10123,BENEDITO ROBERTO ALVES FERREIRA,62,REPUBLICANOS,2024,-22.9064,-47.0616
1236,10190,DENILSON DO PRADO,32,REPUBLICANOS,2024,-22.9064,-47.0616
1236,10200,HIGOR DIEGO RALLA,44,REPUBLICANOS,2024,-22.9064,-47.0616
1236,10234,MILTON SOARES MUCHIUTTE,52,REPUBLICANOS,2024,-22.9064,-47.0616
1236,10500,LUIS MOKITI YABIKU,38,REPUBLICANOS,2024,-22.9064,-47.0616
1236,11000,YANKO GONÇALVES MELLO,34,PP,2024,-22.9064,-47.0616
1236,11001,MICHAEL AUGUSTO CRISÓSTOMO,77,PP,2024,-22.9064,-47.0616
1236,11011,MARCELO DUCHOVNI SILVA,81,PP,2024,-22.9064,-47.0616
1236,13,PEDRO TOURINHO DE SIQUEIRA,919,PT,2024,-22.9064,-47.0616
1236,13,Partido dos Trabalhadores,72,PT,2024,-22.9064,-47.0616
1236,13011,CECILIO SERAFIM DOS SANTOS,31,PT,2024,-22.9064,-47.0616
1236,13020,MARGARIDA DA SILVA CALIXTO,49,PT,2024,-22.9064,-47.0616
1236,13123,PAOLLA CATHERINE DOS SANTOS MIGUEL AGARD,86,PT,2024,-22.9064,-47.0616
1236,13300,WAGNER DE MELO ROMÃO,55,PT,2024,-22.9064,-47.0616
1236,15000,ARNALDO SALVETTI PALÁCIO JUNIOR,33,MDB,2024,-22.9064,-47.0616
1236,15111,RODRIGO DA SILVA FREITAS DOS SANTOS,38,MDB,2024,-22.9064,-47.0616
1236,15555,HÉLIO ALVES MOREIRA,33,MDB,2024,-22.9064,-47.0616
1236,15567,LUIS GUSTAVO MARQUES DOS SANTOS,51,MDB,2024,-22.9064,-47.0616
1236,20020,LUIZ HENRIQUE CIRILO,41,PODE,2024,-22.9064,-47.0616
1236,20100,HEBERT GARAGNANI,48,PODE,2024,-22.9064,-47.0616
1236,22000,DEBORA DE ANDRADE PALERMO,226,PL,2024,-22.9064,-47.0616
1236,22123,LUIS HENRIQUE SILVA SCHENEIDER,71,PL,2024,-22.9064,-47.0616
1236,22222,OTTO ALEJANDRO RIGAZZO ETTINGER,57,PL,2024,-22.9064,-47.0616
1236,22233,GUILHERME BANDONI TEIXEIRA,35,PL,2024,-22.9064,-47.0616
1236,22422,BENEDITO PEREIRA LIMA,41,PL,2024,-22.9064,-47.0616
1236,23,RAFAEL FERNANDO ZIMBALDI,295,CIDADANIA,2024,-22.9064,-47.0616
1236,23000,VINICIUS DE OLIVEIRA SANDOVAL,102,CIDADANIA,2024,-22.9064,-47.0616
1236,23200,JEAN MARCOS ZACARIAS DA SILVA,41,CIDADANIA,2024,-22.9064,-47.0616
1236,30,WILSON KELLER DE MATOS,98,NOVO,2024,-22.9064,-47.0616
1236,30999,PAULO SERGIO BARCELLOS GASPAR,55,NOVO,2024,-22.9064,-47.0616
1236,40234,MARCOS JOSE BERNARDELLI,45,PSB,2024,-22.9064,-47.0616
1236,44004,DOUGLAS FRANCISCO DA SILVA,37,UNIÃO,2024,-22.9064,-47.0616
1236,44200,EDSON RIBEIRO,48,UNIÃO,2024,-22.9064,-47.0616
1236,50100,MARIANA CONTI TAKAHASHI,104,PSOL,2024,-22.9064,-47.0616
1236,55055,NELSON HOSSRI NETO,35,PSD,2024,-22.9064,-47.0616
1236,55321,ADAUTO JOSÉ DE JESUS,68,PSD,2024,-22.9064,-47.0616
1236,55510,MULLER PASCHOAL DE OLIVEIRA FERREIRA,30,PSD,2024,-22.9064,-47.0616
1236,55655,PAULO CÉSAR HADDAD,81,PSD,2024,-22.9064,-47.0616
1236,70000,AURELIO JOSE CLAUDIO,79,AVANTE,2024,-22.9064,-47.0616
1236,70777,VALDEIR LUCCHIARI,42,AVANTE,2024,-22.9064,-47.0616
1236,77100,JAIR QUINÁLIA,35,SOLIDARIEDADE,2024,-22.9064,-47.0616
1236,95,VOTO BRANCO,524,,2024,-22.9064,-47.0616
1236,96,VOTO NULO,692,,2024,-22.9064,-47.0616
1244,10,DÁRIO JORGE GIOLO SAADI,3108,REPUBLICANOS,2024,-22.9267097,-47.0891757
1244,10,REPUBLICANOS,48,REPUBLICANOS,2024,-22.9267097,-47.0891757
1244,10000,LUIZ CARLOS ROSSINI,50,REPUBLICANOS,2024,-22.9267097,-47.0891757
1244,10123,BENEDITO ROBERTO ALVES FERREIRA,55,REPUBLICANOS,2024,-22.9267097,-47.0891757
1244,10200,HIGOR DIEGO RALLA,30,REPUBLICANOS,2024,-22.9267097,-47.0891757
1244,11000,YANKO GONÇALVES MELLO,41,PP,2024,-22.9267097,-47.0891757
1244,11011,MARCELO DUCHOVNI SILVA,44,PP,2024,-22.9267097,-47.0891757
1244,11022,JONATHAS DE SIQUEIRA FERREIRA,33,PP,2024,-22.9267097,-47.0891757
1244,13,PEDRO TOURINHO DE SIQUEIRA,952,PT,2024,-22.9267097,-47.0891757
1244,13,Partido dos Trabalhadores,63,PT,2024,-22.9267097,-47.0891757
1244,13020,MARGARIDA DA SILVA CALIXTO,58,PT,2024,-22.9267097,-47.0891757
1244,13123,PAOLLA CATHERINE DOS SANTOS MIGUEL AGARD,69,PT,2024,-22.9267097,-47.0891757
1244,15000,ARNALDO SALVETTI PALÁCIO JUNIOR,54,MDB,2024,-22.9267097,-47.0891757
1244,15111,RODRIGO DA SILVA FREITAS DOS SANTOS,37,MDB,2024,-22.9267097,-47.0891757
1244,20020,LUIZ HENRIQUE CIRILO,138,PODE,2024,-22.9267097,-47.0891757
1244,20100,HEBERT GARAGNANI,53,PODE,2024,-22.9267097,-47.0891757
1244,22,Partido Liberal,31,,2024,-22.9267097,-47.0891757
1244,22000,DEBORA DE ANDRADE PALERMO,54,PL,2024,-22.9267097,-47.0891757
1244,22123,LUIS HENRIQUE SILVA SCHENEIDER,42,PL,2024,-22.9267097,-47.0891757
1244,22222,OTTO ALEJANDRO RIGAZZO ETTINGER,39,PL,2024,-22.9267097,-47.0891757
1244,22233,GUILHERME BANDONI TEIXEIRA,55,PL,2024,-22.9267097,-47.0891757
1244,22422,BENEDITO PEREIRA LIMA,63,PL,2024,-22.9267097,-47.0891757
1244,22789,JUSCELINO DE SOUZA MARTINS,635,PL,2024,-22.9267097,-47.0891757
1244,23,RAFAEL FERNANDO ZIMBALDI,281,CIDADANIA,2024,-22.9267097,-47.0891757
1244,23000,VINICIUS DE OLIVEIRA SANDOVAL,129,CIDADANIA,2024,-22.9267097,-47.0891757
1244,28000,JANAINA ROMÃO DE SOUZA,35,PRTB,2024,-22.9267097,-47.0891757
1244,28028,CARLOS ANDRÉ MELO,31,PRTB,2024,-22.9267097,-47.0891757
1244,30,WILSON KELLER DE MATOS,114,NOVO,2024,-22.9267097,-47.0891757
1244,30999,PAULO SERGIO BARCELLOS GASPAR,53,NOVO,2024,-22.9267097,-47.0891757
1244,40456,PERMINIO MONTEIRO DA SILVA,32,PSB,2024,-22.9267097,-47.0891757
1244,40580,JOSE CARLOS DOS SANTOS,30,PSB,2024,-22.9267097,-47.0891757
1244,44040,APARECIDO SOUZA SANTOS,30,UNIÃO,2024,-22.9267097,-47.0891757
1244,44700,PAULA DA SILVA RAMOS,48,UNIÃO,2024,-22.9267097,-47.0891757
1244,50100,MARIANA CONTI TAKAHASHI,122,PSOL,2024,-22.9267097,-47.0891757
1244,55055,NELSON HOSSRI NETO,51,PSD,2024,-22.9267097,-47.0891757
1244,55321,ADAUTO JOSÉ DE JESUS,31,PSD,2024,-22.9267097,-47.0891757
1244,55510,MULLER PASCHOAL DE OLIVEIRA FERREIRA,35,PSD,2024,-22.9267097,-47.0891757
1244,65656,GUSTAVO LEMOS PETTA,42,PC DO B,2024,-22.9267097,-47.0891757
1244,70300,REBECA CRISTINA DE SOUZA,36,AVANTE,2024,-22.9267097,-47.0891757
1244,77100,JAIR QUINÁLIA,181,SOLIDARIEDADE,2024,-22.9267097,-47.0891757
1244,95,VOTO BRANCO,673,,2024,-22.9267097,-47.0891757
1244,96,VOTO NULO,856,,2024,-22.9267097,-47.0891757
1252,10,DÁRIO JORGE GIOLO SAADI,3994,REPUBLICANOS,2024,-22.978587,-47.136499
1252,10,REPUBLICANOS,72,REPUBLICANOS,2024,-22.978587,-47.136499
1252,10000,LUIZ CARLOS ROSSINI,49,REPUBLICANOS,2024,-22.978587,-47.136499
1252,10100,TIAGO LUIS DE SOUZA,199,REPUBLICANOS,2024,-22.978587,-47.136499
1252,10123,BENEDITO ROBERTO ALVES FERREIRA,58,REPUBLICANOS,2024,-22.978587,-47.136499
1252,10200,HIGOR DIEGO RALLA,113,REPUBLICANOS,2024,-22.978587,-47.136499
1252,10222,JEZIEL SEVERINO DA SILVA,38,REPUBLICANOS,2024,-22.978587,-47.136499
1252,10450,MARCELO PONTEL,90,REPUBLICANOS,2024,-22.978587,-47.136499
1252,10456,CARMO LUIZ GREGÓRIO DA SILVA,50,REPUBLICANOS,2024,-22.978587,-47.136499
1252,11022,JONATHAS DE SIQUEIRA FERREIRA,38,PP,2024,-22.978587,-47.136499
1252,11456,FABIO CAMILO DE ALMEIDA,35,PP,2024,-22.978587,-47.136499
1252,13,PEDRO TOURINHO DE SIQUEIRA,1577,PT,2024,-22.978587,-47.136499
1252,13,Partido dos Trabalhadores,118,PT,2024,-22.978587,-47.136499
1252,13000,JOSÉ ABREU DE LUCENA,30,PT,2024,-22.978587,-47.136499
1252,13011,CECILIO SERAFIM DOS SANTOS,58,PT,2024,-22.978587,-47.136499
1252,13019,JUCELINO SOUZA DE NOVAIS JUNIOR,251,PT,2024,-22.978587,-47.136499
1252,13020,MARGARIDA DA SILVA CALIXTO,61,PT,2024,-22.978587,-47.136499
1252,13123,PAOLLA CATHERINE DOS SANTOS MIGUEL AGARD,79,PT,2024,-22.978587,-47.136499
1252,15000,ARNALDO SALVETTI PALÁCIO JUNIOR,59,MDB,2024,-22.978587,-47.136499
1252,15111,RODRIGO DA SILVA FREITAS DOS SANTOS,37,MDB,2024,-22.978587,-47.136499
1252,15123,JOÃO BATISTA DE PAULA,35,MDB,2024,-22.978587,-47.136499
1252,15555,HÉLIO ALVES MOREIRA,57,MDB,2024,-22.978587,-47.136499
1252,20100,HEBERT GARAGNANI,44,PODE,2024,-22.978587,-47.136499
1252,20123,GILBERTO LEÃO DE ARAÚJO,164,PODE,2024,-22.978587,-47.136499
1252,22123,LUIS HENRIQUE SILVA SCHENEIDER,92,PL,2024,-22.978587,-47.136499
1252,22222,OTTO ALEJANDRO RIGAZZO ETTINGER,82,PL,2024,-22.978587,-47.136499
1252,22233,GUILHERME BANDONI TEIXEIRA,104,PL,2024,-22.978587,-47.136499
1252,22400,MARCIA APARECIDA PEREIRA DA SILVA PINHEIRO,33,PL,2024,-22.978587,-47.136499
1252,22422,BENEDITO PEREIRA LIMA,72,PL,2024,-22.978587,-47.136499
1252,23,RAFAEL FERNANDO ZIMBALDI,900,CIDADANIA,2024,-22.978587,-47.136499
1252,23000,VINICIUS DE OLIVEIRA SANDOVAL,168,CIDADANIA,2024,-22.978587,-47.136499
1252,28193,JOÃO RAMOS  DOS SANTOS SOBRINHO,34,PRTB,2024,-22.978587,-47.136499
1252,30,WILSON KELLER DE MATOS,79,NOVO,2024,-22.978587,-47.136499
1252,40050,RENAN RONCOLATTO PEREIRA DE ALMEIDA,41,PSB,2024,-22.978587,-47.136499
1252,40456,PERMINIO MONTEIRO DA SILVA,31,PSB,2024,-22.978587,-47.136499
1252,40555,LUIZ FERNANDO MARIANO MATEUS,45,PSB,2024,-22.978587,-47.136499
1252,40580,JOSE CARLOS DOS SANTOS,48,PSB,2024,-22.978587,-47.136499
1252,40800,MARCELO VITAL,92,PSB,2024,-22.978587,-47.136499
1252,44000,RODRIGO LUIS DE BARROS ALMEIDA,476,UNIÃO,2024,-22.978587,-47.136499
1252,44200,EDSON RIBEIRO,717,UNIÃO,2024,-22.978587,-47.136499
1252,50100,MARIANA CONTI TAKAHASHI,100,PSOL,2024,-22.978587,-47.136499
1252,55055,NELSON HOSSRI NETO,33,PSD,2024,-22.978587,-47.136499
1252,55510,MULLER PASCHOAL DE OLIVEIRA FERREIRA,46,PSD,2024,-22.978587,-47.136499
1252,55655,PAULO CÉSAR HADDAD,57,PSD,2024,-22.978587,-47.136499
1252,65656,GUSTAVO LEMOS PETTA,54,PC DO B,2024,-22.978587,-47.136499
1252,70190,CLODOALDO MAIOLINI FILHO,32,AVANTE,2024,-22.978587,-47.136499
1252,70444,CARLOS EDUARDO ZANCHETA,52,AVANTE,2024,-22.978587,-47.136499
1252,77767,ADRIANO APARECIDO DA SILVA,36,SOLIDARIEDADE,2024,-22.978587,-47.136499
1252,95,VOTO BRANCO,968,,2024,-22.978587,-47.136499
1252,96,VOTO NULO,1164,,2024,-22.978587,-47.136499
1260,10,DÁRIO JORGE GIOLO SAADI,2543,REPUBLICANOS,2024,-22.920298,-47.0886003
1260,10,REPUBLICANOS,32,REPUBLICANOS,2024,-22.920298,-47.0886003
1260,10123,BENEDITO ROBERTO ALVES FERREIRA,74,REPUBLICANOS,2024,-22.920298,-47.0886003
1260,13,PEDRO TOURINHO DE SIQUEIRA,816,PT,2024,-22.920298,-47.0886003
1260,13,Partido dos Trabalhadores,54,PT,2024,-22.920298,-47.0886003
1260,13123,PAOLLA CATHERINE DOS SANTOS MIGUEL AGARD,32,PT,2024,-22.920298,-47.0886003
1260,15000,ARNALDO SALVETTI PALÁCIO JUNIOR,77,MDB,2024,-22.920298,-47.0886003
1260,15678,ORLEANS DE SÁ ALENCAR,137,MDB,2024,-22.920298,-47.0886003
1260,20002,RENAN FAGNER SALOMÃO DE SOUZA,40,PODE,2024,-22.920298,-47.0886003
1260,20020,LUIZ HENRIQUE CIRILO,42,PODE,2024,-22.920298,-47.0886003
1260,20100,HEBERT GARAGNANI,36,PODE,2024,-22.920298,-47.0886003
1260,20500,JOSÉ CARLOS FURIOSO,52,PODE,2024,-22.920298,-47.0886003
1260,22123,LUIS HENRIQUE SILVA SCHENEIDER,36,PL,2024,-22.920298,-47.0886003
1260,22222,OTTO ALEJANDRO RIGAZZO ETTINGER,110,PL,2024,-22.920298,-47.0886003
1260,22233,GUILHERME BANDONI TEIXEIRA,81,PL,2024,-22.920298,-47.0886003
1260,22400,MARCIA APARECIDA PEREIRA DA SILVA PINHEIRO,36,PL,2024,-22.920298,-47.0886003
1260,22789,JUSCELINO DE SOUZA MARTINS,632,PL,2024,-22.920298,-47.0886003
1260,23,RAFAEL FERNANDO ZIMBALDI,375,CIDADANIA,2024,-22.920298,-47.0886003
1260,23000,VINICIUS DE OLIVEIRA SANDOVAL,102,CIDADANIA,2024,-22.920298,-47.0886003
1260,23456,EVERALDO LUIZ VIEIRA,37,CIDADANIA,2024,-22.920298,-47.0886003
1260,30,WILSON KELLER DE MATOS,43,NOVO,2024,-22.920298,-47.0886003
1260,44000,RODRIGO LUIS DE BARROS ALMEIDA,328,UNIÃO,2024,-22.920298,-47.0886003
1260,44040,APARECIDO SOUZA SANTOS,75,UNIÃO,2024,-22.920298,-47.0886003
1260,44700,PAULA DA SILVA RAMOS,54,UNIÃO,2024,-22.920298,-47.0886003
1260,50100,MARIANA CONTI TAKAHASHI,52,PSOL,2024,-22.920298,-47.0886003
1260,65656,GUSTAVO LEMOS PETTA,66,PC DO B,2024,-22.920298,-47.0886003
1260,95,VOTO BRANCO,672,,2024,-22.920298,-47.0886003
1260,96,VOTO NULO,659,,2024,-22.920298,-47.0886003
1279,10,DÁRIO JORGE GIOLO SAADI,3508,REPUBLICANOS,2024,-22.9768521,-47.1364628
1279,10,REPUBLICANOS,57,REPUBLICANOS,2024,-22.9768521,-47.1364628
1279,10000,LUIZ CARLOS ROSSINI,169,REPUBLICANOS,2024,-22.9768521,-47.1364628
1279,10123,BENEDITO ROBERTO ALVES FERREIRA,65,REPUBLICANOS,2024,-22.9768521,-47.1364628
1279,10200,HIGOR DIEGO RALLA,64,REPUBLICANOS,2024,-22.9768521,-47.1364628
1279,10450,MARCELO PONTEL,41,REPUBLICANOS,2024,-22.9768521,-47.1364628
1279,11011,MARCELO DUCHOVNI SILVA,162,PP,2024,-22.9768521,-47.1364628
1279,13,PEDRO TOURINHO DE SIQUEIRA,1223,PT,2024,-22.9768521,-47.1364628
1279,13,Partido dos Trabalhadores,67,PT,2024,-22.9768521,-47.1364628
1279,13000,JOSÉ ABREU DE LUCENA,49,PT,2024,-22.9768521,-47.1364628
1279,13019,JUCELINO SOUZA DE NOVAIS JUNIOR,130,PT,2024,-22.9768521,-47.1364628
1279,13020,MARGARIDA DA SILVA CALIXTO,57,PT,2024,-22.9768521,-47.1364628
1279,13123,PAOLLA CATHERINE DOS SANTOS MIGUEL AGARD,66,PT,2024,-22.9768521,-47.1364628
1279,13300,WAGNER DE MELO ROMÃO,37,PT,2024,-22.9768521,-47.1364628
1279,15000,ARNALDO SALVETTI PALÁCIO JUNIOR,45,MDB,2024,-22.9768521,-47.1364628
1279,15555,HÉLIO ALVES MOREIRA,38,MDB,2024,-22.9768521,-47.1364628
1279,15567,LUIS GUSTAVO MARQUES DOS SANTOS,31,MDB,2024,-22.9768521,-47.1364628
1279,20020,LUIZ HENRIQUE CIRILO,31,PODE,2024,-22.9768521,-47.1364628
1279,20100,HEBERT GARAGNANI,40,PODE,2024,-22.9768521,-47.1364628
1279,20123,GILBERTO LEÃO DE ARAÚJO,81,PODE,2024,-22.9768521,-47.1364628
1279,20243,ABRAÃO STREY,40,PODE,2024,-22.9768521,-47.1364628
1279,22000,DEBORA DE ANDRADE PALERMO,44,PL,2024,-22.9768521,-47.1364628
1279,22123,LUIS HENRIQUE SILVA SCHENEIDER,54,PL,2024,-22.9768521,-47.1364628
1279,22222,OTTO ALEJANDRO RIGAZZO ETTINGER,112,PL,2024,-22.9768521,-47.1364628
1279,22233,GUILHERME BANDONI TEIXEIRA,54,PL,2024,-22.9768521,-47.1364628
1279,22400,MARCIA APARECIDA PEREIRA DA SILVA PINHEIRO,46,PL,2024,-22.9768521,-47.1364628
1279,22422,BENEDITO PEREIRA LIMA,68,PL,2024,-22.9768521,-47.1364628
1279,22622,EDEVALDO DE MELO,72,PL,2024,-22.9768521,-47.1364628
1279,23,RAFAEL FERNANDO ZIMBALDI,652,CIDADANIA,2024,-22.9768521,-47.1364628
1279,23000,VINICIUS DE OLIVEIRA SANDOVAL,132,CIDADANIA,2024,-22.9768521,-47.1364628
1279,23300,WEDY PINHEIRO ANDRADE,33,CIDADANIA,2024,-22.9768521,-47.1364628
1279,28193,JOÃO RAMOS  DOS SANTOS SOBRINHO,35,PRTB,2024,-22.9768521,-47.1364628
1279,30,WILSON KELLER DE MATOS,123,NOVO,2024,-22.9768521,-47.1364628
1279,30999,PAULO SERGIO BARCELLOS GASPAR,48,NOVO,2024,-22.9768521,-47.1364628
1279,40234,MARCOS JOSE BERNARDELLI,30,PSB,2024,-22.9768521,-47.1364628
1279,40580,JOSE CARLOS DOS SANTOS,42,PSB,2024,-22.9768521,-47.1364628
1279,40800,MARCELO VITAL,31,PSB,2024,-22.9768521,-47.1364628
1279,44000,RODRIGO LUIS DE BARROS ALMEIDA,893,UNIÃO,2024,-22.9768521,-47.1364628
1279,44019,FELIPE PEREIRA DE CAMPOS VERGUEIRO,48,UNIÃO,2024,-22.9768521,-47.1364628
1279,44190,JAIME DE SOUZA,33,UNIÃO,2024,-22.9768521,-47.1364628
1279,44200,EDSON RIBEIRO,121,UNIÃO,2024,-22.9768521,-47.1364628
1279,50100,MARIANA CONTI TAKAHASHI,99,PSOL,2024,-22.9768521,-47.1364628
1279,55055,NELSON HOSSRI NETO,60,PSD,2024,-22.9768521,-47.1364628
1279,55510,MULLER PASCHOAL DE OLIVEIRA FERREIRA,40,PSD,2024,-22.9768521,-47.1364628
1279,65656,GUSTAVO LEMOS PETTA,40,PC DO B,2024,-22.9768521,-47.1364628
1279,95,VOTO BRANCO,806,,2024,-22.9768521,-47.1364628
1279,96,VOTO NULO,903,,2024,-22.9768521,-47.1364628
1287,10,DÁRIO JORGE GIOLO SAADI,4472,REPUBLICANOS,2024,-22.8851048,-47.1454026
1287,10,REPUBLICANOS,139,REPUBLICANOS,2024,-22.8851048,-47.1454026
1287,10123,BENEDITO ROBERTO ALVES FERREIRA,144,REPUBLICANOS,2024,-22.8851048,-47.1454026
1287,10200,HIGOR DIEGO RALLA,31,REPUBLICANOS,2024,-22.8851048,-47.1454026
1287,10222,JEZIEL SEVERINO DA SILVA,42,REPUBLICANOS,2024,-22.8851048,-47.1454026
1287,10234,MILTON SOARES MUCHIUTTE,82,REPUBLICANOS,2024,-22.8851048,-47.1454026
1287,10456,CARMO LUIZ GREGÓRIO DA SILVA,597,REPUBLICANOS,2024,-22.8851048,-47.1454026
1287,11000,YANKO GONÇALVES MELLO,32,PP,2024,-22.8851048,-47.1454026
1287,11011,MARCELO DUCHOVNI SILVA,88,PP,2024,-22.8851048,-47.1454026
1287,11210,JOSÉ APARECIDO DOS SANTOS,57,PP,2024,-22.8851048,-47.1454026
1287,11211,RONIE FERREIRA DOS SANTOS,36,PP,2024,-22.8851048,-47.1454026
1287,11456,FABIO CAMILO DE ALMEIDA,98,PP,2024,-22.8851048,-47.1454026
1287,13,PEDRO TOURINHO DE SIQUEIRA,1495,PT,2024,-22.8851048,-47.1454026
1287,13,Partido dos Trabalhadores,92,PT,2024,-22.8851048,-47.1454026
1287,13020,MARGARIDA DA SILVA CALIXTO,31,PT,2024,-22.8851048,-47.1454026
1287,13112,EVELYN SILVA DO NASCIMENTO VICENTE DA SILVA,206,PT,2024,-22.8851048,-47.1454026
1287,13123,PAOLLA CATHERINE DOS SANTOS MIGUEL AGARD,98,PT,2024,-22.8851048,-47.1454026
1287,13300,WAGNER DE MELO ROMÃO,38,PT,2024,-22.8851048,-47.1454026
1287,13700,GEORGENIS HENRIQUE DE OLIVEIRA SOARES,99,PT,2024,-22.8851048,-47.1454026
1287,15000,ARNALDO SALVETTI PALÁCIO JUNIOR,39,MDB,2024,-22.8851048,-47.1454026
1287,15555,HÉLIO ALVES MOREIRA,83,MDB,2024,-22.8851048,-47.1454026
1287,20000,EDUARDO DOS REIS MAGOGA,300,PODE,2024,-22.8851048,-47.1454026
1287,20020,LUIZ HENRIQUE CIRILO,36,PODE,2024,-22.8851048,-47.1454026
1287,20100,HEBERT GARAGNANI,38,PODE,2024,-22.8851048,-47.1454026
1287,22000,DEBORA DE ANDRADE PALERMO,195,PL,2024,-22.8851048,-47.1454026
1287,22233,GUILHERME BANDONI TEIXEIRA,125,PL,2024,-22.8851048,-47.1454026
1287,22400,MARCIA APARECIDA PEREIRA DA SILVA PINHEIRO,49,PL,2024,-22.8851048,-47.1454026
1287,22422,BENEDITO PEREIRA LIMA,70,PL,2024,-22.8851048,-47.1454026
1287,22789,JUSCELINO DE SOUZA MARTINS,147,PL,2024,-22.8851048,-47.1454026
1287,23,Cidadania,31,CIDADANIA,2024,-22.8851048,-47.1454026
1287,23,RAFAEL FERNANDO ZIMBALDI,623,CIDADANIA,2024,-22.8851048,-47.1454026
1287,23000,VINICIUS DE OLIVEIRA SANDOVAL,126,CIDADANIA,2024,-22.8851048,-47.1454026
1287,27001,MARCIO JOSE BARBOSA,35,DC,2024,-22.8851048,-47.1454026
1287,30,WILSON KELLER DE MATOS,90,NOVO,2024,-22.8851048,-47.1454026
1287,35333,MARIA DA PAZ SANTIAGO DE ARAÚJO,39,PMB,2024,-22.8851048,-47.1454026
1287,35678,PAULO BERNARDINO DE SOUZA,87,PMB,2024,-22.8851048,-47.1454026
1287,35700,CICERO ERIVALDO CARDOSO FEITOSA,38,PMB,2024,-22.8851048,-47.1454026
1287,35816,FÁBIO OLIVEIRA DA SILVA,205,PMB,2024,-22.8851048,-47.1454026
1287,36125,JOSELINDA PEREIRA BARBOSA,41,AGIR,2024,-22.8851048,-47.1454026
1287,40112,FILIPE BATISTA MARCHESI,33,PSB,2024,-22.8851048,-47.1454026
1287,40234,MARCOS JOSE BERNARDELLI,34,PSB,2024,-22.8851048,-47.1454026
1287,40345,CLAUDINEI ALMEIDA,31,PSB,2024,-22.8851048,-47.1454026
1287,40400,ARIANA PAULA FREITAS ORLANDO,46,PSB,2024,-22.8851048,-47.1454026
1287,40500,RUBENS SOARES DO NASCIMENTO,123,PSB,2024,-22.8851048,-47.1454026
1287,40678,JOSE CARLOS SILVA,136,PSB,2024,-22.8851048,-47.1454026
1287,40900,JOSE HONORATO DOS SANTOS,136,PSB,2024,-22.8851048,-47.1454026
1287,44111,JOSE FRANCISCO DA SILVA,204,UNIÃO,2024,-22.8851048,-47.1454026
1287,44234,DIMARINO ALVES DE CASTRO,48,UNIÃO,2024,-22.8851048,-47.1454026
1287,50100,MARIANA CONTI TAKAHASHI,69,PSOL,2024,-22.8851048,-47.1454026
1287,50123,FERNANDA DE OLIVEIRA SOUTO,35,PSOL,2024,-22.8851048,-47.1454026
1287,55510,MULLER PASCHOAL DE OLIVEIRA FERREIRA,34,PSD,2024,-22.8851048,-47.1454026
1287,70288,JOSÉ GONZAGA DOS SANTOS JUNIOR,56,AVANTE,2024,-22.8851048,-47.1454026
1287,70300,REBECA CRISTINA DE SOUZA,31,AVANTE,2024,-22.8851048,-47.1454026
1287,77716,TELMA FRANCISCA BARROS DE SOUSA SEVERO MARQUES,46,SOLIDARIEDADE,2024,-22.8851048,-47.1454026
1287,95,VOTO BRANCO,1261,,2024,-22.8851048,-47.1454026
1287,96,VOTO NULO,1070,,2024,-22.8851048,-47.1454026
1295,10,DÁRIO JORGE GIOLO SAADI,9338,REPUBLICANOS,2024,-22.9118793,-47.098445
1295,10,REPUBLICANOS,189,REPUBLICANOS,2024,-22.9118793,-47.098445
1295,10000,LUIZ CARLOS ROSSINI,69,REPUBLICANOS,2024,-22.9118793,-47.098445
1295,10123,BENEDITO ROBERTO ALVES FERREIRA,179,REPUBLICANOS,2024,-22.9118793,-47.098445
1295,10150,PAULO ROBERTO DOS SANTOS VIEIRA,104,REPUBLICANOS,2024,-22.9118793,-47.098445
1295,10200,HIGOR DIEGO RALLA,738,REPUBLICANOS,2024,-22.9118793,-47.098445
1295,10222,JEZIEL SEVERINO DA SILVA,142,REPUBLICANOS,2024,-22.9118793,-47.098445
1295,10234,MILTON SOARES MUCHIUTTE,77,REPUBLICANOS,2024,-22.9118793,-47.098445
1295,10333,NOEMI SILVANA PRATES DE OLIVEIRA,42,REPUBLICANOS,2024,-22.9118793,-47.098445
1295,10456,CARMO LUIZ GREGÓRIO DA SILVA,85,REPUBLICANOS,2024,-22.9118793,-47.098445
1295,10500,LUIS MOKITI YABIKU,39,REPUBLICANOS,2024,-22.9118793,-47.098445
1295,11000,YANKO GONÇALVES MELLO,58,PP,2024,-22.9118793,-47.098445
1295,11011,MARCELO DUCHOVNI SILVA,172,PP,2024,-22.9118793,-47.098445
1295,11022,JONATHAS DE SIQUEIRA FERREIRA,37,PP,2024,-22.9118793,-47.098445
1295,11153,SILVIO MARCIO LAVORATO,31,PP,2024,-22.9118793,-47.098445
1295,11456,FABIO CAMILO DE ALMEIDA,99,PP,2024,-22.9118793,-47.098445
1295,11500,LEANDRO ANDALICIO DE REZENDE,32,PP,2024,-22.9118793,-47.098445
1295,13,PEDRO TOURINHO DE SIQUEIRA,3147,PT,2024,-22.9118793,-47.098445
1295,13,Partido dos Trabalhadores,231,PT,2024,-22.9118793,-47.098445
1295,13000,JOSÉ ABREU DE LUCENA,38,PT,2024,-22.9118793,-47.098445
1295,13011,CECILIO SERAFIM DOS SANTOS,177,PT,2024,-22.9118793,-47.098445
1295,13013,HAMED MAUCH BITTAR,30,PT,2024,-22.9118793,-47.098445
1295,13019,JUCELINO SOUZA DE NOVAIS JUNIOR,48,PT,2024,-22.9118793,-47.098445
1295,13020,MARGARIDA DA SILVA CALIXTO,75,PT,2024,-22.9118793,-47.098445
1295,13100,LUIZ CARLOS FELICIDADE,119,PT,2024,-22.9118793,-47.098445
1295,13112,EVELYN SILVA DO NASCIMENTO VICENTE DA SILVA,41,PT,2024,-22.9118793,-47.098445
1295,13123,PAOLLA CATHERINE DOS SANTOS MIGUEL AGARD,138,PT,2024,-22.9118793,-47.098445
1295,13300,WAGNER DE MELO ROMÃO,31,PT,2024,-22.9118793,-47.098445
1295,13613,CARLOS ROBERTO DE OLIVEIRA,35,PT,2024,-22.9118793,-47.098445
1295,13700,GEORGENIS HENRIQUE DE OLIVEIRA SOARES,37,PT,2024,-22.9118793,-47.098445
1295,15000,ARNALDO SALVETTI PALÁCIO JUNIOR,91,MDB,2024,-22.9118793,-47.098445
1295,15111,RODRIGO DA SILVA FREITAS DOS SANTOS,52,MDB,2024,-22.9118793,-47.098445
1295,15123,JOÃO BATISTA DE PAULA,55,MDB,2024,-22.9118793,-47.098445
1295,15555,HÉLIO ALVES MOREIRA,68,MDB,2024,-22.9118793,-47.098445
1295,15678,ORLEANS DE SÁ ALENCAR,220,MDB,2024,-22.9118793,-47.098445
1295,15999,ALTAIR ALVES PAIXÃO,73,MDB,2024,-22.9118793,-47.098445
1295,20000,EDUARDO DOS REIS MAGOGA,417,PODE,2024,-22.9118793,-47.098445
1295,20020,LUIZ HENRIQUE CIRILO,190,PODE,2024,-22.9118793,-47.098445
1295,20100,HEBERT GARAGNANI,112,PODE,2024,-22.9118793,-47.098445
1295,20123,GILBERTO LEÃO DE ARAÚJO,74,PODE,2024,-22.9118793,-47.098445
1295,20444,VALÉRIA APARECIDA COSTA TORRES,32,PODE,2024,-22.9118793,-47.098445
1295,20500,JOSÉ CARLOS FURIOSO,53,PODE,2024,-22.9118793,-47.098445
1295,20555,DANILO RIDYER PALMA,47,PODE,2024,-22.9118793,-47.098445
1295,20777,FRANCISCO DANILO ALVES GOMES,35,PODE,2024,-22.9118793,-47.098445
1295,22,Partido Liberal,50,,2024,-22.9118793,-47.098445
1295,22000,DEBORA DE ANDRADE PALERMO,65,PL,2024,-22.9118793,-47.098445
1295,22123,LUIS HENRIQUE SILVA SCHENEIDER,63,PL,2024,-22.9118793,-47.098445
1295,22222,OTTO ALEJANDRO RIGAZZO ETTINGER,324,PL,2024,-22.9118793,-47.098445
1295,22233,GUILHERME BANDONI TEIXEIRA,199,PL,2024,-22.9118793,-47.098445
1295,22400,MARCIA APARECIDA PEREIRA DA SILVA PINHEIRO,76,PL,2024,-22.9118793,-47.098445
1295,22422,BENEDITO PEREIRA LIMA,76,PL,2024,-22.9118793,-47.098445
1295,22622,EDEVALDO DE MELO,58,PL,2024,-22.9118793,-47.098445
1295,22789,JUSCELINO DE SOUZA MARTINS,40,PL,2024,-22.9118793,-47.098445
1295,23,Cidadania,44,CIDADANIA,2024,-22.9118793,-47.098445
1295,23,RAFAEL FERNANDO ZIMBALDI,1376,CIDADANIA,2024,-22.9118793,-47.098445
1295,23000,VINICIUS DE OLIVEIRA SANDOVAL,218,CIDADANIA,2024,-22.9118793,-47.098445
1295,23019,GILSON ROGÉRIO DE MORAES,37,CIDADANIA,2024,-22.9118793,-47.098445
1295,23100,BENTO ROSA SOARES,79,CIDADANIA,2024,-22.9118793,-47.098445
1295,23123,TAK CHUNG WU,39,CIDADANIA,2024,-22.9118793,-47.098445
1295,23177,MARCELO EDUARDO HEIN,58,CIDADANIA,2024,-22.9118793,-47.098445
1295,23444,ANTONIO FRANCISCO NASCIMENTO,54,CIDADANIA,2024,-22.9118793,-47.098445
1295,23456,EVERALDO LUIZ VIEIRA,90,CIDADANIA,2024,-22.9118793,-47.098445
1295,30,WILSON KELLER DE MATOS,164,NOVO,2024,-22.9118793,-47.098445
1295,30999,PAULO SERGIO BARCELLOS GASPAR,58,NOVO,2024,-22.9118793,-47.098445
1295,36456,VERA LÚCIA PEREIRA,49,AGIR,2024,-22.9118793,-47.098445
1295,40,Partido Socialista Brasileiro,36,,2024,-22.9118793,-47.098445
1295,40112,FILIPE BATISTA MARCHESI,60,PSB,2024,-22.9118793,-47.098445
1295,40234,MARCOS JOSE BERNARDELLI,73,PSB,2024,-22.9118793,-47.098445
1295,40345,CLAUDINEI ALMEIDA,70,PSB,2024,-22.9118793,-47.098445
1295,40456,PERMINIO MONTEIRO DA SILVA,75,PSB,2024,-22.9118793,-47.098445
1295,40500,RUBENS SOARES DO NASCIMENTO,1885,PSB,2024,-22.9118793,-47.098445
1295,40513,NEUSA SILVA,125,PSB,2024,-22.9118793,-47.098445
1295,40580,JOSE CARLOS DOS SANTOS,73,PSB,2024,-22.9118793,-47.098445
1295,40678,JOSE CARLOS SILVA,514,PSB,2024,-22.9118793,-47.098445
1295,44000,RODRIGO LUIS DE BARROS ALMEIDA,754,UNIÃO,2024,-22.9118793,-47.098445
1295,44019,FELIPE PEREIRA DE CAMPOS VERGUEIRO,47,UNIÃO,2024,-22.9118793,-47.098445
1295,44200,EDSON RIBEIRO,191,UNIÃO,2024,-22.9118793,-47.098445
1295,44250,MAURICELE DA SILVA LOPES,183,UNIÃO,2024,-22.9118793,-47.098445
1295,50000,PAULO ROBERTO BUFALO,44,PSOL,2024,-22.9118793,-47.098445
1295,50001,MARCELA DIAS MOREIRA,46,PSOL,2024,-22.9118793,-47.098445
1295,50019,THAMIRES BATISTA GOMES RAMOS,46,PSOL,2024,-22.9118793,-47.098445
1295,50100,MARIANA CONTI TAKAHASHI,154,PSOL,2024,-22.9118793,-47.098445
1295,50123,FERNANDA DE OLIVEIRA SOUTO,54,PSOL,2024,-22.9118793,-47.098445
1295,55000,GUILHERME DAMASCENO FERNANDES,30,PSD,2024,-22.9118793,-47.098445
1295,55055,NELSON HOSSRI NETO,113,PSD,2024,-22.9118793,-47.098445
1295,55190,JOSÉ ANTONIO PEREIRA JÚNIOR,32,PSD,2024,-22.9118793,-47.098445
1295,55444,CLÁUDIO JOSÉ BERNANDES,188,PSD,2024,-22.9118793,-47.098445
1295,55510,MULLER PASCHOAL DE OLIVEIRA FERREIRA,81,PSD,2024,-22.9118793,-47.098445
1295,55555,FLÁVIO MAYNARDES ARAÚJO,30,PSD,2024,-22.9118793,-47.098445
1295,55655,PAULO CÉSAR HADDAD,36,PSD,2024,-22.9118793,-47.098445
1295,65656,GUSTAVO LEMOS PETTA,200,PC DO B,2024,-22.9118793,-47.098445
1295,70200,COSME SANTOS COSTA,32,AVANTE,2024,-22.9118793,-47.098445
1295,70400,ERIVAN FELIZARDO REGO,33,AVANTE,2024,-22.9118793,-47.098445
1295,70555,FLAUBERT DE ARAUJO,43,,2024,-22.9118793,-47.098445
1295,77100,JAIR QUINÁLIA,33,SOLIDARIEDADE,2024,-22.9118793,-47.098445
1295,77757,FABIO ORLANDO MOISÉS,36,SOLIDARIEDADE,2024,-22.9118793,-47.098445
1295,95,VOTO BRANCO,2055,,2024,-22.9118793,-47.098445
1295,96,VOTO NULO,2356,,2024,-22.9118793,-47.098445
1309,10,DÁRIO JORGE GIOLO SAADI,9447,REPUBLICANOS,2024,-22.8841325,-46.9760309
1309,10,REPUBLICANOS,203,REPUBLICANOS,2024,-22.8841325,-46.9760309
1309,10000,LUIZ CARLOS ROSSINI,168,REPUBLICANOS,2024,-22.8841325,-46.9760309
1309,10123,BENEDITO ROBERTO ALVES FERREIRA,187,REPUBLICANOS,2024,-22.8841325,-46.9760309
1309,10150,PAULO ROBERTO DOS SANTOS VIEIRA,47,REPUBLICANOS,2024,-22.8841325,-46.9760309
1309,10200,HIGOR DIEGO RALLA,663,REPUBLICANOS,2024,-22.8841325,-46.9760309
1309,10222,JEZIEL SEVERINO DA SILVA,89,REPUBLICANOS,2024,-22.8841325,-46.9760309
1309,10234,MILTON SOARES MUCHIUTTE,56,REPUBLICANOS,2024,-22.8841325,-46.9760309
1309,10450,MARCELO PONTEL,346,REPUBLICANOS,2024,-22.8841325,-46.9760309
1309,10456,CARMO LUIZ GREGÓRIO DA SILVA,90,REPUBLICANOS,2024,-22.8841325,-46.9760309
1309,10500,LUIS MOKITI YABIKU,70,REPUBLICANOS,2024,-22.8841325,-46.9760309
1309,11000,YANKO GONÇALVES MELLO,68,PP,2024,-22.8841325,-46.9760309
1309,11011,MARCELO DUCHOVNI SILVA,86,PP,2024,-22.8841325,-46.9760309
1309,11022,JONATHAS DE SIQUEIRA FERREIRA,78,PP,2024,-22.8841325,-46.9760309
1309,11111,VINICIUS CAMARGO GRATTI,540,PP,2024,-22.8841325,-46.9760309
1309,11153,SILVIO MARCIO LAVORATO,48,PP,2024,-22.8841325,-46.9760309
1309,11456,FABIO CAMILO DE ALMEIDA,32,PP,2024,-22.8841325,-46.9760309
1309,11999,LEONICE ALVES DA PÁZ,34,PP,2024,-22.8841325,-46.9760309
1309,13,PEDRO TOURINHO DE SIQUEIRA,3207,PT,2024,-22.8841325,-46.9760309
1309,13,Partido dos Trabalhadores,227,PT,2024,-22.8841325,-46.9760309
1309,13011,CECILIO SERAFIM DOS SANTOS,152,PT,2024,-22.8841325,-46.9760309
1309,13019,JUCELINO SOUZA DE NOVAIS JUNIOR,66,PT,2024,-22.8841325,-46.9760309
1309,13020,MARGARIDA DA SILVA CALIXTO,121,PT,2024,-22.8841325,-46.9760309
1309,13100,LUIZ CARLOS FELICIDADE,113,PT,2024,-22.8841325,-46.9760309
1309,13112,EVELYN SILVA DO NASCIMENTO VICENTE DA SILVA,49,PT,2024,-22.8841325,-46.9760309
1309,13123,PAOLLA CATHERINE DOS SANTOS MIGUEL AGARD,139,PT,2024,-22.8841325,-46.9760309
1309,13300,WAGNER DE MELO ROMÃO,104,PT,2024,-22.8841325,-46.9760309
1309,13500,IVONE CRESCENCIO DA SILVA MENDONÇA,99,PT,2024,-22.8841325,-46.9760309
1309,15000,ARNALDO SALVETTI PALÁCIO JUNIOR,140,MDB,2024,-22.8841325,-46.9760309
1309,15055,CARLOS HENRIQUE PINTO,117,MDB,2024,-22.8841325,-46.9760309
1309,15111,RODRIGO DA SILVA FREITAS DOS SANTOS,97,MDB,2024,-22.8841325,-46.9760309
1309,15123,JOÃO BATISTA DE PAULA,76,MDB,2024,-22.8841325,-46.9760309
1309,15555,HÉLIO ALVES MOREIRA,59,MDB,2024,-22.8841325,-46.9760309
1309,15567,LUIS GUSTAVO MARQUES DOS SANTOS,40,MDB,2024,-22.8841325,-46.9760309
1309,15789,JAKSSON LEANDRO LUCIANO GONÇALVES,35,MDB,2024,-22.8841325,-46.9760309
1309,15999,ALTAIR ALVES PAIXÃO,67,MDB,2024,-22.8841325,-46.9760309
1309,20000,EDUARDO DOS REIS MAGOGA,57,PODE,2024,-22.8841325,-46.9760309
1309,20020,LUIZ HENRIQUE CIRILO,104,PODE,2024,-22.8841325,-46.9760309
1309,20050,ANDRÉ LUIS SILVA DE SOUZA,74,PODE,2024,-22.8841325,-46.9760309
1309,20100,HEBERT GARAGNANI,119,PODE,2024,-22.8841325,-46.9760309
1309,20123,GILBERTO LEÃO DE ARAÚJO,126,PODE,2024,-22.8841325,-46.9760309
1309,20456,ROSEMIRO APARECIDO FERREIRA,68,PODE,2024,-22.8841325,-46.9760309
1309,20789,LUCINEIDE DA CONCEIÇÃO LIMA,51,PODE,2024,-22.8841325,-46.9760309
1309,22,Partido Liberal,55,,2024,-22.8841325,-46.9760309
1309,22000,DEBORA DE ANDRADE PALERMO,382,PL,2024,-22.8841325,-46.9760309
1309,22022,CARLOS EDUARDO CRUZ,33,PL,2024,-22.8841325,-46.9760309
1309,22123,LUIS HENRIQUE SILVA SCHENEIDER,116,PL,2024,-22.8841325,-46.9760309
1309,22222,OTTO ALEJANDRO RIGAZZO ETTINGER,112,PL,2024,-22.8841325,-46.9760309
1309,22233,GUILHERME BANDONI TEIXEIRA,151,PL,2024,-22.8841325,-46.9760309
1309,22400,MARCIA APARECIDA PEREIRA DA SILVA PINHEIRO,84,PL,2024,-22.8841325,-46.9760309
1309,22422,BENEDITO PEREIRA LIMA,141,PL,2024,-22.8841325,-46.9760309
1309,22622,EDEVALDO DE MELO,42,PL,2024,-22.8841325,-46.9760309
1309,23,Cidadania,30,CIDADANIA,2024,-22.8841325,-46.9760309
1309,23,RAFAEL FERNANDO ZIMBALDI,1165,CIDADANIA,2024,-22.8841325,-46.9760309
1309,23000,VINICIUS DE OLIVEIRA SANDOVAL,264,CIDADANIA,2024,-22.8841325,-46.9760309
1309,23100,BENTO ROSA SOARES,48,CIDADANIA,2024,-22.8841325,-46.9760309
1309,23123,TAK CHUNG WU,34,CIDADANIA,2024,-22.8841325,-46.9760309
1309,23567,ANTONIO GONÇALVES DA SILVA,33,CIDADANIA,2024,-22.8841325,-46.9760309
1309,30,Partido Novo,32,NOVO,2024,-22.8841325,-46.9760309
1309,30,WILSON KELLER DE MATOS,209,NOVO,2024,-22.8841325,-46.9760309
1309,30999,PAULO SERGIO BARCELLOS GASPAR,66,NOVO,2024,-22.8841325,-46.9760309
1309,36000,VALDIRLEI MARTINGHI,60,AGIR,2024,-22.8841325,-46.9760309
1309,40,Partido Socialista Brasileiro,31,,2024,-22.8841325,-46.9760309
1309,40112,FILIPE BATISTA MARCHESI,164,PSB,2024,-22.8841325,-46.9760309
1309,40222,ERIKA VIVIANE DE SOUZA RAMOS,50,PSB,2024,-22.8841325,-46.9760309
1309,40234,MARCOS JOSE BERNARDELLI,127,PSB,2024,-22.8841325,-46.9760309
1309,40345,CLAUDINEI ALMEIDA,60,PSB,2024,-22.8841325,-46.9760309
1309,40456,PERMINIO MONTEIRO DA SILVA,112,PSB,2024,-22.8841325,-46.9760309
1309,40500,RUBENS SOARES DO NASCIMENTO,1485,PSB,2024,-22.8841325,-46.9760309
1309,40580,JOSE CARLOS DOS SANTOS,124,PSB,2024,-22.8841325,-46.9760309
1309,40678,JOSE CARLOS SILVA,80,PSB,2024,-22.8841325,-46.9760309
1309,40800,MARCELO VITAL,151,PSB,2024,-22.8841325,-46.9760309
1309,44000,RODRIGO LUIS DE BARROS ALMEIDA,113,UNIÃO,2024,-22.8841325,-46.9760309
1309,44019,FELIPE PEREIRA DE CAMPOS VERGUEIRO,45,UNIÃO,2024,-22.8841325,-46.9760309
1309,44190,JAIME DE SOUZA,60,UNIÃO,2024,-22.8841325,-46.9760309
1309,44200,EDSON RIBEIRO,177,UNIÃO,2024,-22.8841325,-46.9760309
1309,44250,MAURICELE DA SILVA LOPES,186,UNIÃO,2024,-22.8841325,-46.9760309
1309,50,Partido Socialismo e Liberdade,33,,2024,-22.8841325,-46.9760309
1309,50000,PAULO ROBERTO BUFALO,70,PSOL,2024,-22.8841325,-46.9760309
1309,50001,MARCELA DIAS MOREIRA,60,PSOL,2024,-22.8841325,-46.9760309
1309,50019,THAMIRES BATISTA GOMES RAMOS,43,PSOL,2024,-22.8841325,-46.9760309
1309,50100,MARIANA CONTI TAKAHASHI,312,PSOL,2024,-22.8841325,-46.9760309
1309,50123,FERNANDA DE OLIVEIRA SOUTO,61,PSOL,2024,-22.8841325,-46.9760309
1309,55055,NELSON HOSSRI NETO,104,PSD,2024,-22.8841325,-46.9760309
1309,55444,CLÁUDIO JOSÉ BERNANDES,43,PSD,2024,-22.8841325,-46.9760309
1309,55510,MULLER PASCHOAL DE OLIVEIRA FERREIRA,66,PSD,2024,-22.8841325,-46.9760309
1309,55555,FLÁVIO MAYNARDES ARAÚJO,35,PSD,2024,-22.8841325,-46.9760309
1309,55655,PAULO CÉSAR HADDAD,41,PSD,2024,-22.8841325,-46.9760309
1309,65656,GUSTAVO LEMOS PETTA,91,PC DO B,2024,-22.8841325,-46.9760309
1309,70400,ERIVAN FELIZARDO REGO,32,AVANTE,2024,-22.8841325,-46.9760309
1309,70555,FLAUBERT DE ARAUJO,50,,2024,-22.8841325,-46.9760309
1309,77100,JAIR QUINÁLIA,282,SOLIDARIEDADE,2024,-22.8841325,-46.9760309
1309,95,VOTO BRANCO,1790,,2024,-22.8841325,-46.9760309
1309,96,VOTO NULO,2157,,2024,-22.8841325,-46.9760309
1317,10,DÁRIO JORGE GIOLO SAADI,4971,REPUBLICANOS,2024,-22.858889,-47.0359338
1317,10,REPUBLICANOS,108,REPUBLICANOS,2024,-22.858889,-47.0359338
1317,10000,LUIZ CARLOS ROSSINI,54,REPUBLICANOS,2024,-22.858889,-47.0359338
1317,10019,ROBLEDO RUAN SANTOS SOUSA,67,REPUBLICANOS,2024,-22.858889,-47.0359338
1317,10100,TIAGO LUIS DE SOUZA,46,REPUBLICANOS,2024,-22.858889,-47.0359338
1317,10123,BENEDITO ROBERTO ALVES FERREIRA,64,REPUBLICANOS,2024,-22.858889,-47.0359338
1317,10200,HIGOR DIEGO RALLA,446,REPUBLICANOS,2024,-22.858889,-47.0359338
1317,10456,CARMO LUIZ GREGÓRIO DA SILVA,38,REPUBLICANOS,2024,-22.858889,-47.0359338
1317,10500,LUIS MOKITI YABIKU,57,REPUBLICANOS,2024,-22.858889,-47.0359338
1317,11000,YANKO GONÇALVES MELLO,46,PP,2024,-22.858889,-47.0359338
1317,11011,MARCELO DUCHOVNI SILVA,76,PP,2024,-22.858889,-47.0359338
1317,11153,SILVIO MARCIO LAVORATO,32,PP,2024,-22.858889,-47.0359338
1317,13,PEDRO TOURINHO DE SIQUEIRA,1875,PT,2024,-22.858889,-47.0359338
1317,13,Partido dos Trabalhadores,159,PT,2024,-22.858889,-47.0359338
1317,13000,JOSÉ ABREU DE LUCENA,38,PT,2024,-22.858889,-47.0359338
1317,13011,CECILIO SERAFIM DOS SANTOS,192,PT,2024,-22.858889,-47.0359338
1317,13020,MARGARIDA DA SILVA CALIXTO,77,PT,2024,-22.858889,-47.0359338
1317,13100,LUIZ CARLOS FELICIDADE,65,PT,2024,-22.858889,-47.0359338
1317,13123,PAOLLA CATHERINE DOS SANTOS MIGUEL AGARD,76,PT,2024,-22.858889,-47.0359338
1317,13300,WAGNER DE MELO ROMÃO,34,PT,2024,-22.858889,-47.0359338
1317,13613,CARLOS ROBERTO DE OLIVEIRA,36,PT,2024,-22.858889,-47.0359338
1317,15000,ARNALDO SALVETTI PALÁCIO JUNIOR,69,MDB,2024,-22.858889,-47.0359338
1317,15111,RODRIGO DA SILVA FREITAS DOS SANTOS,48,MDB,2024,-22.858889,-47.0359338
1317,15123,JOÃO BATISTA DE PAULA,750,MDB,2024,-22.858889,-47.0359338
1317,15999,ALTAIR ALVES PAIXÃO,32,MDB,2024,-22.858889,-47.0359338
1317,20020,LUIZ HENRIQUE CIRILO,51,PODE,2024,-22.858889,-47.0359338
1317,20100,HEBERT GARAGNANI,67,PODE,2024,-22.858889,-47.0359338
1317,22,Partido Liberal,44,,2024,-22.858889,-47.0359338
1317,22000,DEBORA DE ANDRADE PALERMO,41,PL,2024,-22.858889,-47.0359338
1317,22123,LUIS HENRIQUE SILVA SCHENEIDER,177,PL,2024,-22.858889,-47.0359338
1317,22222,OTTO ALEJANDRO RIGAZZO ETTINGER,54,PL,2024,-22.858889,-47.0359338
1317,22233,GUILHERME BANDONI TEIXEIRA,87,PL,2024,-22.858889,-47.0359338
1317,22422,BENEDITO PEREIRA LIMA,93,PL,2024,-22.858889,-47.0359338
1317,22622,EDEVALDO DE MELO,79,PL,2024,-22.858889,-47.0359338
1317,22789,JUSCELINO DE SOUZA MARTINS,45,PL,2024,-22.858889,-47.0359338
1317,23,RAFAEL FERNANDO ZIMBALDI,580,CIDADANIA,2024,-22.858889,-47.0359338
1317,23000,VINICIUS DE OLIVEIRA SANDOVAL,139,CIDADANIA,2024,-22.858889,-47.0359338
1317,23567,ANTONIO GONÇALVES DA SILVA,101,CIDADANIA,2024,-22.858889,-47.0359338
1317,27000,ALEXSANDER LEAL DE OLIVEIRA,31,DC,2024,-22.858889,-47.0359338
1317,30,WILSON KELLER DE MATOS,133,NOVO,2024,-22.858889,-47.0359338
1317,30999,PAULO SERGIO BARCELLOS GASPAR,42,NOVO,2024,-22.858889,-47.0359338
1317,40050,RENAN RONCOLATTO PEREIRA DE ALMEIDA,52,PSB,2024,-22.858889,-47.0359338
1317,40234,MARCOS JOSE BERNARDELLI,31,PSB,2024,-22.858889,-47.0359338
1317,40345,CLAUDINEI ALMEIDA,38,PSB,2024,-22.858889,-47.0359338
1317,40444,JOÃO GOMES JUNIOR,40,PSB,2024,-22.858889,-47.0359338
1317,40456,PERMINIO MONTEIRO DA SILVA,35,PSB,2024,-22.858889,-47.0359338
1317,40580,JOSE CARLOS DOS SANTOS,43,PSB,2024,-22.858889,-47.0359338
1317,44190,JAIME DE SOUZA,31,UNIÃO,2024,-22.858889,-47.0359338
1317,44200,EDSON RIBEIRO,292,UNIÃO,2024,-22.858889,-47.0359338
1317,44250,MAURICELE DA SILVA LOPES,113,UNIÃO,2024,-22.858889,-47.0359338
1317,50100,MARIANA CONTI TAKAHASHI,179,PSOL,2024,-22.858889,-47.0359338
1317,55055,NELSON HOSSRI NETO,80,PSD,2024,-22.858889,-47.0359338
1317,55222,JORGE DOS SANTOS MONTANARI,42,PSD,2024,-22.858889,-47.0359338
1317,55510,MULLER PASCHOAL DE OLIVEIRA FERREIRA,33,PSD,2024,-22.858889,-47.0359338
1317,55555,FLÁVIO MAYNARDES ARAÚJO,34,PSD,2024,-22.858889,-47.0359338
1317,55655,PAULO CÉSAR HADDAD,36,PSD,2024,-22.858889,-47.0359338
1317,65656,GUSTAVO LEMOS PETTA,66,PC DO B,2024,-22.858889,-47.0359338
1317,70190,CLODOALDO MAIOLINI FILHO,87,AVANTE,2024,-22.858889,-47.0359338
1317,70444,CARLOS EDUARDO ZANCHETA,200,AVANTE,2024,-22.858889,-47.0359338
1317,77100,JAIR QUINÁLIA,40,SOLIDARIEDADE,2024,-22.858889,-47.0359338
1317,95,VOTO BRANCO,1036,,2024,-22.858889,-47.0359338
1317,96,VOTO NULO,1217,,2024,-22.858889,-47.0359338
1325,10,DÁRIO JORGE GIOLO SAADI,5247,REPUBLICANOS,2024,-22.9400851,-47.1870024
1325,10,REPUBLICANOS,112,REPUBLICANOS,2024,-22.9400851,-47.1870024
1325,10000,LUIZ CARLOS ROSSINI,79,REPUBLICANOS,2024,-22.9400851,-47.1870024
1325,10123,BENEDITO ROBERTO ALVES FERREIRA,102,REPUBLICANOS,2024,-22.9400851,-47.1870024
1325,10150,PAULO ROBERTO DOS SANTOS VIEIRA,43,REPUBLICANOS,2024,-22.9400851,-47.1870024
1325,10200,HIGOR DIEGO RALLA,823,REPUBLICANOS,2024,-22.9400851,-47.1870024
1325,10222,JEZIEL SEVERINO DA SILVA,47,REPUBLICANOS,2024,-22.9400851,-47.1870024
1325,10450,MARCELO PONTEL,79,REPUBLICANOS,2024,-22.9400851,-47.1870024
1325,11000,YANKO GONÇALVES MELLO,30,PP,2024,-22.9400851,-47.1870024
1325,11011,MARCELO DUCHOVNI SILVA,55,PP,2024,-22.9400851,-47.1870024
1325,11456,FABIO CAMILO DE ALMEIDA,32,PP,2024,-22.9400851,-47.1870024
1325,13,PEDRO TOURINHO DE SIQUEIRA,1952,PT,2024,-22.9400851,-47.1870024
1325,13,Partido dos Trabalhadores,168,PT,2024,-22.9400851,-47.1870024
1325,13011,CECILIO SERAFIM DOS SANTOS,98,PT,2024,-22.9400851,-47.1870024
1325,13019,JUCELINO SOUZA DE NOVAIS JUNIOR,33,PT,2024,-22.9400851,-47.1870024
1325,13020,MARGARIDA DA SILVA CALIXTO,80,PT,2024,-22.9400851,-47.1870024
1325,13100,LUIZ CARLOS FELICIDADE,230,PT,2024,-22.9400851,-47.1870024
1325,13111,JACQUELINE DE CAMPOS MEDEIROS,30,PT,2024,-22.9400851,-47.1870024
1325,13123,PAOLLA CATHERINE DOS SANTOS MIGUEL AGARD,96,PT,2024,-22.9400851,-47.1870024
1325,13300,WAGNER DE MELO ROMÃO,34,PT,2024,-22.9400851,-47.1870024
1325,15000,ARNALDO SALVETTI PALÁCIO JUNIOR,54,MDB,2024,-22.9400851,-47.1870024
1325,15055,CARLOS HENRIQUE PINTO,32,MDB,2024,-22.9400851,-47.1870024
1325,15111,RODRIGO DA SILVA FREITAS DOS SANTOS,48,MDB,2024,-22.9400851,-47.1870024
1325,15123,JOÃO BATISTA DE PAULA,83,MDB,2024,-22.9400851,-47.1870024
1325,15555,HÉLIO ALVES MOREIRA,31,MDB,2024,-22.9400851,-47.1870024
1325,15999,ALTAIR ALVES PAIXÃO,49,MDB,2024,-22.9400851,-47.1870024
1325,20000,EDUARDO DOS REIS MAGOGA,30,PODE,2024,-22.9400851,-47.1870024
1325,20020,LUIZ HENRIQUE CIRILO,52,PODE,2024,-22.9400851,-47.1870024
1325,20100,HEBERT GARAGNANI,84,PODE,2024,-22.9400851,-47.1870024
1325,20123,GILBERTO LEÃO DE ARAÚJO,108,PODE,2024,-22.9400851,-47.1870024
1325,22,Partido Liberal,30,,2024,-22.9400851,-47.1870024
1325,22000,DEBORA DE ANDRADE PALERMO,50,PL,2024,-22.9400851,-47.1870024
1325,22123,LUIS HENRIQUE SILVA SCHENEIDER,476,PL,2024,-22.9400851,-47.1870024
1325,22222,OTTO ALEJANDRO RIGAZZO ETTINGER,287,PL,2024,-22.9400851,-47.1870024
1325,22233,GUILHERME BANDONI TEIXEIRA,77,PL,2024,-22.9400851,-47.1870024
1325,22400,MARCIA APARECIDA PEREIRA DA SILVA PINHEIRO,49,PL,2024,-22.9400851,-47.1870024
1325,22422,BENEDITO PEREIRA LIMA,48,PL,2024,-22.9400851,-47.1870024
1325,22622,EDEVALDO DE MELO,126,PL,2024,-22.9400851,-47.1870024
1325,23,RAFAEL FERNANDO ZIMBALDI,712,CIDADANIA,2024,-22.9400851,-47.1870024
1325,23000,VINICIUS DE OLIVEIRA SANDOVAL,160,CIDADANIA,2024,-22.9400851,-47.1870024
1325,23567,ANTONIO GONÇALVES DA SILVA,37,CIDADANIA,2024,-22.9400851,-47.1870024
1325,30,WILSON KELLER DE MATOS,126,NOVO,2024,-22.9400851,-47.1870024
1325,30999,PAULO SERGIO BARCELLOS GASPAR,32,NOVO,2024,-22.9400851,-47.1870024
1325,40112,FILIPE BATISTA MARCHESI,43,PSB,2024,-22.9400851,-47.1870024
1325,40222,ERIKA VIVIANE DE SOUZA RAMOS,34,PSB,2024,-22.9400851,-47.1870024
1325,40234,MARCOS JOSE BERNARDELLI,47,PSB,2024,-22.9400851,-47.1870024
1325,40345,CLAUDINEI ALMEIDA,42,PSB,2024,-22.9400851,-47.1870024
1325,40456,PERMINIO MONTEIRO DA SILVA,44,PSB,2024,-22.9400851,-47.1870024
1325,40800,MARCELO VITAL,66,PSB,2024,-22.9400851,-47.1870024
1325,44000,RODRIGO LUIS DE BARROS ALMEIDA,94,UNIÃO,2024,-22.9400851,-47.1870024
1325,44190,JAIME DE SOUZA,34,UNIÃO,2024,-22.9400851,-47.1870024
1325,44200,EDSON RIBEIRO,140,UNIÃO,2024,-22.9400851,-47.1870024
1325,44250,MAURICELE DA SILVA LOPES,298,UNIÃO,2024,-22.9400851,-47.1870024
1325,50000,PAULO ROBERTO BUFALO,36,PSOL,2024,-22.9400851,-47.1870024
1325,50019,THAMIRES BATISTA GOMES RAMOS,31,PSOL,2024,-22.9400851,-47.1870024
1325,50100,MARIANA CONTI TAKAHASHI,183,PSOL,2024,-22.9400851,-47.1870024
1325,50123,FERNANDA DE OLIVEIRA SOUTO,41,PSOL,2024,-22.9400851,-47.1870024
1325,55055,NELSON HOSSRI NETO,57,PSD,2024,-22.9400851,-47.1870024
1325,55444,CLÁUDIO JOSÉ BERNANDES,33,PSD,2024,-22.9400851,-47.1870024
1325,55510,MULLER PASCHOAL DE OLIVEIRA FERREIRA,56,PSD,2024,-22.9400851,-47.1870024
1325,65656,GUSTAVO LEMOS PETTA,57,PC DO B,2024,-22.9400851,-47.1870024
1325,70555,FLAUBERT DE ARAUJO,230,,2024,-22.9400851,-47.1870024
1325,77123,ANDRÉ LUIS BERNARDO,43,SOLIDARIEDADE,2024,-22.9400851,-47.1870024
1325,95,VOTO BRANCO,973,,2024,-22.9400851,-47.1870024
1325,96,VOTO NULO,1354,,2024,-22.9400851,-47.1870024
1333,10,DÁRIO JORGE GIOLO SAADI,4426,REPUBLICANOS,2024,-22.9321799,-47.0940896
1333,10,REPUBLICANOS,95,REPUBLICANOS,2024,-22.9321799,-47.0940896
1333,10000,LUIZ CARLOS ROSSINI,85,REPUBLICANOS,2024,-22.9321799,-47.0940896
1333,10123,BENEDITO ROBERTO ALVES FERREIRA,92,REPUBLICANOS,2024,-22.9321799,-47.0940896
1333,10200,HIGOR DIEGO RALLA,88,REPUBLICANOS,2024,-22.9321799,-47.0940896
1333,10222,JEZIEL SEVERINO DA SILVA,50,REPUBLICANOS,2024,-22.9321799,-47.0940896
1333,10234,MILTON SOARES MUCHIUTTE,36,REPUBLICANOS,2024,-22.9321799,-47.0940896
1333,10500,LUIS MOKITI YABIKU,46,REPUBLICANOS,2024,-22.9321799,-47.0940896
1333,11000,YANKO GONÇALVES MELLO,57,PP,2024,-22.9321799,-47.0940896
1333,11001,MICHAEL AUGUSTO CRISÓSTOMO,51,PP,2024,-22.9321799,-47.0940896
1333,11011,MARCELO DUCHOVNI SILVA,51,PP,2024,-22.9321799,-47.0940896
1333,11022,JONATHAS DE SIQUEIRA FERREIRA,42,PP,2024,-22.9321799,-47.0940896
1333,11456,FABIO CAMILO DE ALMEIDA,32,PP,2024,-22.9321799,-47.0940896
1333,11900,ROSÂNGELA ROSA GODOI,37,PP,2024,-22.9321799,-47.0940896
1333,13,PEDRO TOURINHO DE SIQUEIRA,1448,PT,2024,-22.9321799,-47.0940896
1333,13,Partido dos Trabalhadores,102,PT,2024,-22.9321799,-47.0940896
1333,13013,HAMED MAUCH BITTAR,40,PT,2024,-22.9321799,-47.0940896
1333,13020,MARGARIDA DA SILVA CALIXTO,99,PT,2024,-22.9321799,-47.0940896
1333,13123,PAOLLA CATHERINE DOS SANTOS MIGUEL AGARD,104,PT,2024,-22.9321799,-47.0940896
1333,13599,UBIRATAN ROBERTO ALVES FERREIRA,35,PT,2024,-22.9321799,-47.0940896
1333,15000,ARNALDO SALVETTI PALÁCIO JUNIOR,68,MDB,2024,-22.9321799,-47.0940896
1333,15111,RODRIGO DA SILVA FREITAS DOS SANTOS,44,MDB,2024,-22.9321799,-47.0940896
1333,15555,HÉLIO ALVES MOREIRA,40,MDB,2024,-22.9321799,-47.0940896
1333,20000,EDUARDO DOS REIS MAGOGA,37,PODE,2024,-22.9321799,-47.0940896
1333,20020,LUIZ HENRIQUE CIRILO,54,PODE,2024,-22.9321799,-47.0940896
1333,20100,HEBERT GARAGNANI,72,PODE,2024,-22.9321799,-47.0940896
1333,22,Partido Liberal,40,,2024,-22.9321799,-47.0940896
1333,22000,DEBORA DE ANDRADE PALERMO,49,PL,2024,-22.9321799,-47.0940896
1333,22123,LUIS HENRIQUE SILVA SCHENEIDER,608,PL,2024,-22.9321799,-47.0940896
1333,22222,OTTO ALEJANDRO RIGAZZO ETTINGER,75,PL,2024,-22.9321799,-47.0940896
1333,22233,GUILHERME BANDONI TEIXEIRA,41,PL,2024,-22.9321799,-47.0940896
1333,22400,MARCIA APARECIDA PEREIRA DA SILVA PINHEIRO,64,PL,2024,-22.9321799,-47.0940896
1333,22422,BENEDITO PEREIRA LIMA,68,PL,2024,-22.9321799,-47.0940896
1333,22622,EDEVALDO DE MELO,40,PL,2024,-22.9321799,-47.0940896
1333,23,RAFAEL FERNANDO ZIMBALDI,427,CIDADANIA,2024,-22.9321799,-47.0940896
1333,23000,VINICIUS DE OLIVEIRA SANDOVAL,141,CIDADANIA,2024,-22.9321799,-47.0940896
1333,30,WILSON KELLER DE MATOS,110,NOVO,2024,-22.9321799,-47.0940896
1333,40234,MARCOS JOSE BERNARDELLI,40,PSB,2024,-22.9321799,-47.0940896
1333,40345,CLAUDINEI ALMEIDA,33,PSB,2024,-22.9321799,-47.0940896
1333,40456,PERMINIO MONTEIRO DA SILVA,60,PSB,2024,-22.9321799,-47.0940896
1333,40580,JOSE CARLOS DOS SANTOS,41,PSB,2024,-22.9321799,-47.0940896
1333,40678,JOSE CARLOS SILVA,61,PSB,2024,-22.9321799,-47.0940896
1333,44123,WANDERLEY LUIZ SARTORI,34,UNIÃO,2024,-22.9321799,-47.0940896
1333,44190,JAIME DE SOUZA,30,UNIÃO,2024,-22.9321799,-47.0940896
1333,44200,EDSON RIBEIRO,119,UNIÃO,2024,-22.9321799,-47.0940896
1333,44321,KAREN GABRIELA ARAUJO DOS SANTOS,78,UNIÃO,2024,-22.9321799,-47.0940896
1333,50000,PAULO ROBERTO BUFALO,34,PSOL,2024,-22.9321799,-47.0940896
1333,50001,MARCELA DIAS MOREIRA,33,PSOL,2024,-22.9321799,-47.0940896
1333,50100,MARIANA CONTI TAKAHASHI,136,PSOL,2024,-22.9321799,-47.0940896
1333,50123,FERNANDA DE OLIVEIRA SOUTO,40,PSOL,2024,-22.9321799,-47.0940896
1333,55055,NELSON HOSSRI NETO,86,PSD,2024,-22.9321799,-47.0940896
1333,55500,AÍLTON LOURENÇO DA SILVA,262,PSD,2024,-22.9321799,-47.0940896
1333,55510,MULLER PASCHOAL DE OLIVEIRA FERREIRA,70,PSD,2024,-22.9321799,-47.0940896
1333,55655,PAULO CÉSAR HADDAD,36,PSD,2024,-22.9321799,-47.0940896
1333,65656,GUSTAVO LEMOS PETTA,33,PC DO B,2024,-22.9321799,-47.0940896
1333,70000,AURELIO JOSE CLAUDIO,30,AVANTE,2024,-22.9321799,-47.0940896
1333,77100,JAIR QUINÁLIA,86,SOLIDARIEDADE,2024,-22.9321799,-47.0940896
1333,95,VOTO BRANCO,865,,2024,-22.9321799,-47.0940896
1333,96,VOTO NULO,1157,,2024,-22.9321799,-47.0940896
1341,10,DÁRIO JORGE GIOLO SAADI,2760,REPUBLICANOS,2024,-22.9518836,-47.1866038
1341,10,REPUBLICANOS,55,REPUBLICANOS,2024,-22.9518836,-47.1866038
1341,10000,LUIZ CARLOS ROSSINI,40,REPUBLICANOS,2024,-22.9518836,-47.1866038
1341,10123,BENEDITO ROBERTO ALVES FERREIRA,32,REPUBLICANOS,2024,-22.9518836,-47.1866038
1341,10150,PAULO ROBERTO DOS SANTOS VIEIRA,53,REPUBLICANOS,2024,-22.9518836,-47.1866038
1341,10200,HIGOR DIEGO RALLA,355,REPUBLICANOS,2024,-22.9518836,-47.1866038
1341,10500,LUIS MOKITI YABIKU,47,REPUBLICANOS,2024,-22.9518836,-47.1866038
1341,11011,MARCELO DUCHOVNI SILVA,62,PP,2024,-22.9518836,-47.1866038
1341,13,PEDRO TOURINHO DE SIQUEIRA,783,PT,2024,-22.9518836,-47.1866038
1341,13,Partido dos Trabalhadores,75,PT,2024,-22.9518836,-47.1866038
1341,13020,MARGARIDA DA SILVA CALIXTO,37,PT,2024,-22.9518836,-47.1866038
1341,13100,LUIZ CARLOS FELICIDADE,32,PT,2024,-22.9518836,-47.1866038
1341,13123,PAOLLA CATHERINE DOS SANTOS MIGUEL AGARD,33,PT,2024,-22.9518836,-47.1866038
1341,15000,ARNALDO SALVETTI PALÁCIO JUNIOR,35,MDB,2024,-22.9518836,-47.1866038
1341,15111,RODRIGO DA SILVA FREITAS DOS SANTOS,32,MDB,2024,-22.9518836,-47.1866038
1341,15369,ADEMIR LUIS GAVA,115,MDB,2024,-22.9518836,-47.1866038
1341,20100,HEBERT GARAGNANI,31,PODE,2024,-22.9518836,-47.1866038
1341,20190,MARCOS ALVES FERREIRA,51,PODE,2024,-22.9518836,-47.1866038
1341,22000,DEBORA DE ANDRADE PALERMO,39,PL,2024,-22.9518836,-47.1866038
1341,22222,OTTO ALEJANDRO RIGAZZO ETTINGER,56,PL,2024,-22.9518836,-47.1866038
1341,22233,GUILHERME BANDONI TEIXEIRA,36,PL,2024,-22.9518836,-47.1866038
1341,22422,BENEDITO PEREIRA LIMA,53,PL,2024,-22.9518836,-47.1866038
1341,22622,EDEVALDO DE MELO,74,PL,2024,-22.9518836,-47.1866038
1341,23,RAFAEL FERNANDO ZIMBALDI,239,CIDADANIA,2024,-22.9518836,-47.1866038
1341,23000,VINICIUS DE OLIVEIRA SANDOVAL,64,CIDADANIA,2024,-22.9518836,-47.1866038
1341,30,WILSON KELLER DE MATOS,73,NOVO,2024,-22.9518836,-47.1866038
1341,30999,PAULO SERGIO BARCELLOS GASPAR,33,NOVO,2024,-22.9518836,-47.1866038
1341,40234,MARCOS JOSE BERNARDELLI,31,PSB,2024,-22.9518836,-47.1866038
1341,40678,JOSE CARLOS SILVA,36,PSB,2024,-22.9518836,-47.1866038
1341,44200,EDSON RIBEIRO,85,UNIÃO,2024,-22.9518836,-47.1866038
1341,44250,MAURICELE DA SILVA LOPES,69,UNIÃO,2024,-22.9518836,-47.1866038
1341,50100,MARIANA CONTI TAKAHASHI,80,PSOL,2024,-22.9518836,-47.1866038
1341,55055,NELSON HOSSRI NETO,56,PSD,2024,-22.9518836,-47.1866038
1341,55500,AÍLTON LOURENÇO DA SILVA,65,PSD,2024,-22.9518836,-47.1866038
1341,55510,MULLER PASCHOAL DE OLIVEIRA FERREIRA,33,PSD,2024,-22.9518836,-47.1866038
1341,55655,PAULO CÉSAR HADDAD,31,PSD,2024,-22.9518836,-47.1866038
1341,65656,GUSTAVO LEMOS PETTA,34,PC DO B,2024,-22.9518836,-47.1866038
1341,95,VOTO BRANCO,426,,2024,-22.9518836,-47.1866038
1341,96,VOTO NULO,564,,2024,-22.9518836,-47.1866038
1350,10,DÁRIO JORGE GIOLO SAADI,4504,REPUBLICANOS,2024,-22.9039688,-47.0983115
1350,10,REPUBLICANOS,82,REPUBLICANOS,2024,-22.9039688,-47.0983115
1350,10000,LUIZ CARLOS ROSSINI,107,REPUBLICANOS,2024,-22.9039688,-47.0983115
1350,10080,LUIZ FELIPE DE OLIVEIRA THEODORO,33,REPUBLICANOS,2024,-22.9039688,-47.0983115
1350,10123,BENEDITO ROBERTO ALVES FERREIRA,45,REPUBLICANOS,2024,-22.9039688,-47.0983115
1350,10200,HIGOR DIEGO RALLA,34,REPUBLICANOS,2024,-22.9039688,-47.0983115
1350,10222,JEZIEL SEVERINO DA SILVA,35,REPUBLICANOS,2024,-22.9039688,-47.0983115
1350,10500,LUIS MOKITI YABIKU,112,REPUBLICANOS,2024,-22.9039688,-47.0983115
1350,11000,YANKO GONÇALVES MELLO,64,PP,2024,-22.9039688,-47.0983115
1350,11011,MARCELO DUCHOVNI SILVA,120,PP,2024,-22.9039688,-47.0983115
1350,11153,SILVIO MARCIO LAVORATO,37,PP,2024,-22.9039688,-47.0983115
1350,11444,ELIANA CRISTINA VISCALDI,45,PP,2024,-22.9039688,-47.0983115
1350,13,PEDRO TOURINHO DE SIQUEIRA,1267,PT,2024,-22.9039688,-47.0983115
1350,13,Partido dos Trabalhadores,119,PT,2024,-22.9039688,-47.0983115
1350,13011,CECILIO SERAFIM DOS SANTOS,34,PT,2024,-22.9039688,-47.0983115
1350,13020,MARGARIDA DA SILVA CALIXTO,81,PT,2024,-22.9039688,-47.0983115
1350,13123,PAOLLA CATHERINE DOS SANTOS MIGUEL AGARD,72,PT,2024,-22.9039688,-47.0983115
1350,13300,WAGNER DE MELO ROMÃO,73,PT,2024,-22.9039688,-47.0983115
1350,13613,CARLOS ROBERTO DE OLIVEIRA,36,PT,2024,-22.9039688,-47.0983115
1350,15000,ARNALDO SALVETTI PALÁCIO JUNIOR,88,MDB,2024,-22.9039688,-47.0983115
1350,15111,RODRIGO DA SILVA FREITAS DOS SANTOS,70,MDB,2024,-22.9039688,-47.0983115
1350,20000,EDUARDO DOS REIS MAGOGA,38,PODE,2024,-22.9039688,-47.0983115
1350,20001,FÁTIMA REGINA GONÇALVES DIAS DOS SANTOS,31,PODE,2024,-22.9039688,-47.0983115
1350,20020,LUIZ HENRIQUE CIRILO,81,PODE,2024,-22.9039688,-47.0983115
1350,20100,HEBERT GARAGNANI,93,PODE,2024,-22.9039688,-47.0983115
1350,20190,MARCOS ALVES FERREIRA,113,PODE,2024,-22.9039688,-47.0983115
1350,22,Partido Liberal,41,,2024,-22.9039688,-47.0983115
1350,22000,DEBORA DE ANDRADE PALERMO,77,PL,2024,-22.9039688,-47.0983115
1350,22022,CARLOS EDUARDO CRUZ,52,PL,2024,-22.9039688,-47.0983115
1350,22123,LUIS HENRIQUE SILVA SCHENEIDER,200,PL,2024,-22.9039688,-47.0983115
1350,22222,OTTO ALEJANDRO RIGAZZO ETTINGER,50,PL,2024,-22.9039688,-47.0983115
1350,22233,GUILHERME BANDONI TEIXEIRA,32,PL,2024,-22.9039688,-47.0983115
1350,22422,BENEDITO PEREIRA LIMA,119,PL,2024,-22.9039688,-47.0983115
1350,22500,ANGELO ROBERTO SARTORI,54,PL,2024,-22.9039688,-47.0983115
1350,22622,EDEVALDO DE MELO,70,PL,2024,-22.9039688,-47.0983115
1350,22789,JUSCELINO DE SOUZA MARTINS,33,PL,2024,-22.9039688,-47.0983115
1350,23,RAFAEL FERNANDO ZIMBALDI,337,CIDADANIA,2024,-22.9039688,-47.0983115
1350,23000,VINICIUS DE OLIVEIRA SANDOVAL,94,CIDADANIA,2024,-22.9039688,-47.0983115
1350,30,WILSON KELLER DE MATOS,147,NOVO,2024,-22.9039688,-47.0983115
1350,30999,PAULO SERGIO BARCELLOS GASPAR,72,NOVO,2024,-22.9039688,-47.0983115
1350,40050,RENAN RONCOLATTO PEREIRA DE ALMEIDA,33,PSB,2024,-22.9039688,-47.0983115
1350,40234,MARCOS JOSE BERNARDELLI,63,PSB,2024,-22.9039688,-47.0983115
1350,40456,PERMINIO MONTEIRO DA SILVA,43,PSB,2024,-22.9039688,-47.0983115
1350,40580,JOSE CARLOS DOS SANTOS,30,PSB,2024,-22.9039688,-47.0983115
1350,40678,JOSE CARLOS SILVA,38,PSB,2024,-22.9039688,-47.0983115
1350,44190,JAIME DE SOUZA,41,UNIÃO,2024,-22.9039688,-47.0983115
1350,44444,MARJORIE DA COSTA HENRIQUE RODRIGUES,46,UNIÃO,2024,-22.9039688,-47.0983115
1350,50000,PAULO ROBERTO BUFALO,52,PSOL,2024,-22.9039688,-47.0983115
1350,50100,MARIANA CONTI TAKAHASHI,208,PSOL,2024,-22.9039688,-47.0983115
1350,50123,FERNANDA DE OLIVEIRA SOUTO,34,PSOL,2024,-22.9039688,-47.0983115
1350,55000,GUILHERME DAMASCENO FERNANDES,39,PSD,2024,-22.9039688,-47.0983115
1350,55055,NELSON HOSSRI NETO,118,PSD,2024,-22.9039688,-47.0983115
1350,55222,JORGE DOS SANTOS MONTANARI,37,PSD,2024,-22.9039688,-47.0983115
1350,55500,AÍLTON LOURENÇO DA SILVA,47,PSD,2024,-22.9039688,-47.0983115
1350,55555,FLÁVIO MAYNARDES ARAÚJO,32,PSD,2024,-22.9039688,-47.0983115
1350,55577,CID FERREIRA DE SOUZA,37,PSD,2024,-22.9039688,-47.0983115
1350,55655,PAULO CÉSAR HADDAD,55,PSD,2024,-22.9039688,-47.0983115
1350,65656,GUSTAVO LEMOS PETTA,56,PC DO B,2024,-22.9039688,-47.0983115
1350,70190,CLODOALDO MAIOLINI FILHO,58,AVANTE,2024,-22.9039688,-47.0983115
1350,70444,CARLOS EDUARDO ZANCHETA,258,AVANTE,2024,-22.9039688,-47.0983115
1350,77100,JAIR QUINÁLIA,48,SOLIDARIEDADE,2024,-22.9039688,-47.0983115
1350,95,VOTO BRANCO,689,,2024,-22.9039688,-47.0983115
1350,96,VOTO NULO,926,,2024,-22.9039688,-47.0983115
1368,10,DÁRIO JORGE GIOLO SAADI,4454,REPUBLICANOS,2024,-22.983569,-47.1004165
1368,10,REPUBLICANOS,93,REPUBLICANOS,2024,-22.983569,-47.1004165
1368,10000,LUIZ CARLOS ROSSINI,86,REPUBLICANOS,2024,-22.983569,-47.1004165
1368,10123,BENEDITO ROBERTO ALVES FERREIRA,62,REPUBLICANOS,2024,-22.983569,-47.1004165
1368,10200,HIGOR DIEGO RALLA,40,REPUBLICANOS,2024,-22.983569,-47.1004165
1368,10222,JEZIEL SEVERINO DA SILVA,44,REPUBLICANOS,2024,-22.983569,-47.1004165
1368,10500,LUIS MOKITI YABIKU,114,REPUBLICANOS,2024,-22.983569,-47.1004165
1368,11000,YANKO GONÇALVES MELLO,73,PP,2024,-22.983569,-47.1004165
1368,11011,MARCELO DUCHOVNI SILVA,82,PP,2024,-22.983569,-47.1004165
1368,11022,JONATHAS DE SIQUEIRA FERREIRA,31,PP,2024,-22.983569,-47.1004165
1368,11153,SILVIO MARCIO LAVORATO,34,PP,2024,-22.983569,-47.1004165
1368,11888,ANDRÉ LUIS TOLOTTO,34,PP,2024,-22.983569,-47.1004165
1368,13,PEDRO TOURINHO DE SIQUEIRA,1231,PT,2024,-22.983569,-47.1004165
1368,13,Partido dos Trabalhadores,111,PT,2024,-22.983569,-47.1004165
1368,13010,SERGIO BANDEIRA OLIVEIRA,30,PT,2024,-22.983569,-47.1004165
1368,13020,MARGARIDA DA SILVA CALIXTO,60,PT,2024,-22.983569,-47.1004165
1368,13123,PAOLLA CATHERINE DOS SANTOS MIGUEL AGARD,64,PT,2024,-22.983569,-47.1004165
1368,13300,WAGNER DE MELO ROMÃO,61,PT,2024,-22.983569,-47.1004165
1368,15000,ARNALDO SALVETTI PALÁCIO JUNIOR,113,MDB,2024,-22.983569,-47.1004165
1368,15111,RODRIGO DA SILVA FREITAS DOS SANTOS,58,MDB,2024,-22.983569,-47.1004165
1368,15369,ADEMIR LUIS GAVA,86,MDB,2024,-22.983569,-47.1004165
1368,15567,LUIS GUSTAVO MARQUES DOS SANTOS,53,MDB,2024,-22.983569,-47.1004165
1368,15789,JAKSSON LEANDRO LUCIANO GONÇALVES,235,MDB,2024,-22.983569,-47.1004165
1368,20020,LUIZ HENRIQUE CIRILO,56,PODE,2024,-22.983569,-47.1004165
1368,20100,HEBERT GARAGNANI,76,PODE,2024,-22.983569,-47.1004165
1368,20190,MARCOS ALVES FERREIRA,112,PODE,2024,-22.983569,-47.1004165
1368,22,Partido Liberal,36,,2024,-22.983569,-47.1004165
1368,22000,DEBORA DE ANDRADE PALERMO,55,PL,2024,-22.983569,-47.1004165
1368,22022,CARLOS EDUARDO CRUZ,35,PL,2024,-22.983569,-47.1004165
1368,22123,LUIS HENRIQUE SILVA SCHENEIDER,164,PL,2024,-22.983569,-47.1004165
1368,22222,OTTO ALEJANDRO RIGAZZO ETTINGER,81,PL,2024,-22.983569,-47.1004165
1368,22233,GUILHERME BANDONI TEIXEIRA,60,PL,2024,-22.983569,-47.1004165
1368,22352,FERNANDO LUIS COUTINHO NEVES,81,PL,2024,-22.983569,-47.1004165
1368,22380,KLEBER SARAIVA SIMÕES,35,PL,2024,-22.983569,-47.1004165
1368,22400,MARCIA APARECIDA PEREIRA DA SILVA PINHEIRO,45,PL,2024,-22.983569,-47.1004165
1368,22422,BENEDITO PEREIRA LIMA,100,PL,2024,-22.983569,-47.1004165
1368,22622,EDEVALDO DE MELO,139,PL,2024,-22.983569,-47.1004165
1368,23,RAFAEL FERNANDO ZIMBALDI,423,CIDADANIA,2024,-22.983569,-47.1004165
1368,23000,VINICIUS DE OLIVEIRA SANDOVAL,129,CIDADANIA,2024,-22.983569,-47.1004165
1368,30,Partido Novo,31,NOVO,2024,-22.983569,-47.1004165
1368,30,WILSON KELLER DE MATOS,145,NOVO,2024,-22.983569,-47.1004165
1368,30999,PAULO SERGIO BARCELLOS GASPAR,52,NOVO,2024,-22.983569,-47.1004165
1368,40234,MARCOS JOSE BERNARDELLI,49,PSB,2024,-22.983569,-47.1004165
1368,40345,CLAUDINEI ALMEIDA,35,PSB,2024,-22.983569,-47.1004165
1368,40580,JOSE CARLOS DOS SANTOS,41,PSB,2024,-22.983569,-47.1004165
1368,40678,JOSE CARLOS SILVA,43,PSB,2024,-22.983569,-47.1004165
1368,44190,JAIME DE SOUZA,41,UNIÃO,2024,-22.983569,-47.1004165
1368,44200,EDSON RIBEIRO,44,UNIÃO,2024,-22.983569,-47.1004165
1368,50000,PAULO ROBERTO BUFALO,32,PSOL,2024,-22.983569,-47.1004165
1368,50100,MARIANA CONTI TAKAHASHI,170,PSOL,2024,-22.983569,-47.1004165
1368,50123,FERNANDA DE OLIVEIRA SOUTO,40,PSOL,2024,-22.983569,-47.1004165
1368,55055,NELSON HOSSRI NETO,101,PSD,2024,-22.983569,-47.1004165
1368,55500,AÍLTON LOURENÇO DA SILVA,67,PSD,2024,-22.983569,-47.1004165
1368,55510,MULLER PASCHOAL DE OLIVEIRA FERREIRA,40,PSD,2024,-22.983569,-47.1004165
1368,55655,PAULO CÉSAR HADDAD,149,PSD,2024,-22.983569,-47.1004165
1368,65656,GUSTAVO LEMOS PETTA,77,PC DO B,2024,-22.983569,-47.1004165
1368,70000,AURELIO JOSE CLAUDIO,83,AVANTE,2024,-22.983569,-47.1004165
1368,70777,VALDEIR LUCCHIARI,55,AVANTE,2024,-22.983569,-47.1004165
1368,77707,PÉRCIO HENRIQUE FERNANDES,32,SOLIDARIEDADE,2024,-22.983569,-47.1004165
1368,95,VOTO BRANCO,767,,2024,-22.983569,-47.1004165
1368,96,VOTO NULO,1007,,2024,-22.983569,-47.1004165
1376,10,DÁRIO JORGE GIOLO SAADI,4073,REPUBLICANOS,2024,-22.9919922,-47.1386093
1376,10,REPUBLICANOS,119,REPUBLICANOS,2024,-22.9919922,-47.1386093
1376,10000,LUIZ CARLOS ROSSINI,56,REPUBLICANOS,2024,-22.9919922,-47.1386093
1376,10123,BENEDITO ROBERTO ALVES FERREIRA,85,REPUBLICANOS,2024,-22.9919922,-47.1386093
1376,10200,HIGOR DIEGO RALLA,136,REPUBLICANOS,2024,-22.9919922,-47.1386093
1376,10222,JEZIEL SEVERINO DA SILVA,33,REPUBLICANOS,2024,-22.9919922,-47.1386093
1376,10234,MILTON SOARES MUCHIUTTE,59,REPUBLICANOS,2024,-22.9919922,-47.1386093
1376,10450,MARCELO PONTEL,188,REPUBLICANOS,2024,-22.9919922,-47.1386093
1376,10789,CARLOS JOSÉ LEMOS,37,REPUBLICANOS,2024,-22.9919922,-47.1386093
1376,11789,JOSE CARLOS DO NASCIMENTO,47,PP,2024,-22.9919922,-47.1386093
1376,11900,ROSÂNGELA ROSA GODOI,36,PP,2024,-22.9919922,-47.1386093
1376,13,PEDRO TOURINHO DE SIQUEIRA,1189,PT,2024,-22.9919922,-47.1386093
1376,13,Partido dos Trabalhadores,79,PT,2024,-22.9919922,-47.1386093
1376,13013,HAMED MAUCH BITTAR,71,PT,2024,-22.9919922,-47.1386093
1376,13019,JUCELINO SOUZA DE NOVAIS JUNIOR,48,PT,2024,-22.9919922,-47.1386093
1376,13020,MARGARIDA DA SILVA CALIXTO,45,PT,2024,-22.9919922,-47.1386093
1376,13123,PAOLLA CATHERINE DOS SANTOS MIGUEL AGARD,63,PT,2024,-22.9919922,-47.1386093
1376,15000,ARNALDO SALVETTI PALÁCIO JUNIOR,49,MDB,2024,-22.9919922,-47.1386093
1376,15111,RODRIGO DA SILVA FREITAS DOS SANTOS,38,MDB,2024,-22.9919922,-47.1386093
1376,15123,JOÃO BATISTA DE PAULA,31,MDB,2024,-22.9919922,-47.1386093
1376,15369,ADEMIR LUIS GAVA,33,MDB,2024,-22.9919922,-47.1386093
1376,15567,LUIS GUSTAVO MARQUES DOS SANTOS,94,MDB,2024,-22.9919922,-47.1386093
1376,20000,EDUARDO DOS REIS MAGOGA,79,PODE,2024,-22.9919922,-47.1386093
1376,20100,HEBERT GARAGNANI,47,PODE,2024,-22.9919922,-47.1386093
1376,20123,GILBERTO LEÃO DE ARAÚJO,105,PODE,2024,-22.9919922,-47.1386093
1376,20789,LUCINEIDE DA CONCEIÇÃO LIMA,46,PODE,2024,-22.9919922,-47.1386093
1376,22,Partido Liberal,32,,2024,-22.9919922,-47.1386093
1376,22000,DEBORA DE ANDRADE PALERMO,30,PL,2024,-22.9919922,-47.1386093
1376,22123,LUIS HENRIQUE SILVA SCHENEIDER,41,PL,2024,-22.9919922,-47.1386093
1376,22222,OTTO ALEJANDRO RIGAZZO ETTINGER,124,PL,2024,-22.9919922,-47.1386093
1376,22233,GUILHERME BANDONI TEIXEIRA,79,PL,2024,-22.9919922,-47.1386093
1376,22400,MARCIA APARECIDA PEREIRA DA SILVA PINHEIRO,46,PL,2024,-22.9919922,-47.1386093
1376,22422,BENEDITO PEREIRA LIMA,58,PL,2024,-22.9919922,-47.1386093
1376,22622,EDEVALDO DE MELO,45,PL,2024,-22.9919922,-47.1386093
1376,23,RAFAEL FERNANDO ZIMBALDI,640,CIDADANIA,2024,-22.9919922,-47.1386093
1376,23000,VINICIUS DE OLIVEIRA SANDOVAL,161,CIDADANIA,2024,-22.9919922,-47.1386093
1376,28069,ANTONIO R DE LUCENA JUNIOR,80,PRTB,2024,-22.9919922,-47.1386093
1376,30,WILSON KELLER DE MATOS,67,NOVO,2024,-22.9919922,-47.1386093
1376,40112,FILIPE BATISTA MARCHESI,31,PSB,2024,-22.9919922,-47.1386093
1376,40222,ERIKA VIVIANE DE SOUZA RAMOS,48,PSB,2024,-22.9919922,-47.1386093
1376,40555,LUIZ FERNANDO MARIANO MATEUS,43,PSB,2024,-22.9919922,-47.1386093
1376,40580,JOSE CARLOS DOS SANTOS,59,PSB,2024,-22.9919922,-47.1386093
1376,40678,JOSE CARLOS SILVA,50,PSB,2024,-22.9919922,-47.1386093
1376,40800,MARCELO VITAL,98,PSB,2024,-22.9919922,-47.1386093
1376,44000,RODRIGO LUIS DE BARROS ALMEIDA,214,UNIÃO,2024,-22.9919922,-47.1386093
1376,44200,EDSON RIBEIRO,255,UNIÃO,2024,-22.9919922,-47.1386093
1376,44321,KAREN GABRIELA ARAUJO DOS SANTOS,96,UNIÃO,2024,-22.9919922,-47.1386093
1376,50100,MARIANA CONTI TAKAHASHI,52,PSOL,2024,-22.9919922,-47.1386093
1376,55055,NELSON HOSSRI NETO,49,PSD,2024,-22.9919922,-47.1386093
1376,55500,AÍLTON LOURENÇO DA SILVA,360,PSD,2024,-22.9919922,-47.1386093
1376,55510,MULLER PASCHOAL DE OLIVEIRA FERREIRA,71,PSD,2024,-22.9919922,-47.1386093
1376,65656,GUSTAVO LEMOS PETTA,101,PC DO B,2024,-22.9919922,-47.1386093
1376,70000,AURELIO JOSE CLAUDIO,65,AVANTE,2024,-22.9919922,-47.1386093
1376,95,VOTO BRANCO,964,,2024,-22.9919922,-47.1386093
1376,96,VOTO NULO,1150,,2024,-22.9919922,-47.1386093
1384,10,DÁRIO JORGE GIOLO SAADI,3208,REPUBLICANOS,2024,-22.9670944,-47.1132622
1384,10,REPUBLICANOS,57,REPUBLICANOS,2024,-22.9670944,-47.1132622
1384,10000,LUIZ CARLOS ROSSINI,35,REPUBLICANOS,2024,-22.9670944,-47.1132622
1384,10123,BENEDITO ROBERTO ALVES FERREIRA,79,REPUBLICANOS,2024,-22.9670944,-47.1132622
1384,10150,PAULO ROBERTO DOS SANTOS VIEIRA,126,REPUBLICANOS,2024,-22.9670944,-47.1132622
1384,10200,HIGOR DIEGO RALLA,475,REPUBLICANOS,2024,-22.9670944,-47.1132622
1384,10789,CARLOS JOSÉ LEMOS,253,REPUBLICANOS,2024,-22.9670944,-47.1132622
1384,11500,LEANDRO ANDALICIO DE REZENDE,64,PP,2024,-22.9670944,-47.1132622
1384,13,PEDRO TOURINHO DE SIQUEIRA,995,PT,2024,-22.9670944,-47.1132622
1384,13,Partido dos Trabalhadores,79,PT,2024,-22.9670944,-47.1132622
1384,13011,CECILIO SERAFIM DOS SANTOS,47,PT,2024,-22.9670944,-47.1132622
1384,13020,MARGARIDA DA SILVA CALIXTO,55,PT,2024,-22.9670944,-47.1132622
1384,13100,LUIZ CARLOS FELICIDADE,36,PT,2024,-22.9670944,-47.1132622
1384,13123,PAOLLA CATHERINE DOS SANTOS MIGUEL AGARD,53,PT,2024,-22.9670944,-47.1132622
1384,15000,ARNALDO SALVETTI PALÁCIO JUNIOR,36,MDB,2024,-22.9670944,-47.1132622
1384,15999,ALTAIR ALVES PAIXÃO,42,MDB,2024,-22.9670944,-47.1132622
1384,20020,LUIZ HENRIQUE CIRILO,73,PODE,2024,-22.9670944,-47.1132622
1384,20100,HEBERT GARAGNANI,35,PODE,2024,-22.9670944,-47.1132622
1384,20190,MARCOS ALVES FERREIRA,50,PODE,2024,-22.9670944,-47.1132622
1384,20243,ABRAÃO STREY,30,PODE,2024,-22.9670944,-47.1132622
1384,22222,OTTO ALEJANDRO RIGAZZO ETTINGER,546,PL,2024,-22.9670944,-47.1132622
1384,22233,GUILHERME BANDONI TEIXEIRA,78,PL,2024,-22.9670944,-47.1132622
1384,22622,EDEVALDO DE MELO,83,PL,2024,-22.9670944,-47.1132622
1384,23,RAFAEL FERNANDO ZIMBALDI,428,CIDADANIA,2024,-22.9670944,-47.1132622
1384,23000,VINICIUS DE OLIVEIRA SANDOVAL,116,CIDADANIA,2024,-22.9670944,-47.1132622
1384,23019,GILSON ROGÉRIO DE MORAES,35,CIDADANIA,2024,-22.9670944,-47.1132622
1384,30,WILSON KELLER DE MATOS,59,NOVO,2024,-22.9670944,-47.1132622
1384,36300,JOÃO OLIMPIO SANTANA FERREIRA,84,AGIR,2024,-22.9670944,-47.1132622
1384,44000,RODRIGO LUIS DE BARROS ALMEIDA,38,UNIÃO,2024,-22.9670944,-47.1132622
1384,44200,EDSON RIBEIRO,77,UNIÃO,2024,-22.9670944,-47.1132622
1384,44250,MAURICELE DA SILVA LOPES,145,UNIÃO,2024,-22.9670944,-47.1132622
1384,50100,MARIANA CONTI TAKAHASHI,48,PSOL,2024,-22.9670944,-47.1132622
1384,55444,CLÁUDIO JOSÉ BERNANDES,113,PSD,2024,-22.9670944,-47.1132622
1384,55510,MULLER PASCHOAL DE OLIVEIRA FERREIRA,38,PSD,2024,-22.9670944,-47.1132622
1384,70400,ERIVAN FELIZARDO REGO,50,AVANTE,2024,-22.9670944,-47.1132622
1384,95,VOTO BRANCO,698,,2024,-22.9670944,-47.1132622
1384,96,VOTO NULO,750,,2024,-22.9670944,-47.1132622
1392,10,DÁRIO JORGE GIOLO SAADI,5505,REPUBLICANOS,2024,-22.8980947,-47.085241
1392,10,REPUBLICANOS,103,REPUBLICANOS,2024,-22.8980947,-47.085241
1392,10000,LUIZ CARLOS ROSSINI,97,REPUBLICANOS,2024,-22.8980947,-47.085241
1392,10007,TERESINHA DE CARVALHO,34,REPUBLICANOS,2024,-22.8980947,-47.085241
1392,10123,BENEDITO ROBERTO ALVES FERREIRA,83,REPUBLICANOS,2024,-22.8980947,-47.085241
1392,10150,PAULO ROBERTO DOS SANTOS VIEIRA,31,REPUBLICANOS,2024,-22.8980947,-47.085241
1392,10200,HIGOR DIEGO RALLA,491,REPUBLICANOS,2024,-22.8980947,-47.085241
1392,10222,JEZIEL SEVERINO DA SILVA,35,REPUBLICANOS,2024,-22.8980947,-47.085241
1392,10450,MARCELO PONTEL,34,REPUBLICANOS,2024,-22.8980947,-47.085241
1392,10456,CARMO LUIZ GREGÓRIO DA SILVA,31,REPUBLICANOS,2024,-22.8980947,-47.085241
1392,10500,LUIS MOKITI YABIKU,172,REPUBLICANOS,2024,-22.8980947,-47.085241
1392,11000,YANKO GONÇALVES MELLO,67,PP,2024,-22.8980947,-47.085241
1392,11011,MARCELO DUCHOVNI SILVA,98,PP,2024,-22.8980947,-47.085241
1392,11153,SILVIO MARCIO LAVORATO,49,PP,2024,-22.8980947,-47.085241
1392,11888,ANDRÉ LUIS TOLOTTO,30,PP,2024,-22.8980947,-47.085241
1392,13,PEDRO TOURINHO DE SIQUEIRA,1935,PT,2024,-22.8980947,-47.085241
1392,13,Partido dos Trabalhadores,174,PT,2024,-22.8980947,-47.085241
1392,13011,CECILIO SERAFIM DOS SANTOS,41,PT,2024,-22.8980947,-47.085241
1392,13020,MARGARIDA DA SILVA CALIXTO,79,PT,2024,-22.8980947,-47.085241
1392,13100,LUIZ CARLOS FELICIDADE,178,PT,2024,-22.8980947,-47.085241
1392,13111,JACQUELINE DE CAMPOS MEDEIROS,33,PT,2024,-22.8980947,-47.085241
1392,13123,PAOLLA CATHERINE DOS SANTOS MIGUEL AGARD,103,PT,2024,-22.8980947,-47.085241
1392,13300,WAGNER DE MELO ROMÃO,82,PT,2024,-22.8980947,-47.085241
1392,15000,ARNALDO SALVETTI PALÁCIO JUNIOR,81,MDB,2024,-22.8980947,-47.085241
1392,15111,RODRIGO DA SILVA FREITAS DOS SANTOS,73,MDB,2024,-22.8980947,-47.085241
1392,15555,HÉLIO ALVES MOREIRA,38,MDB,2024,-22.8980947,-47.085241
1392,15999,ALTAIR ALVES PAIXÃO,37,MDB,2024,-22.8980947,-47.085241
1392,20000,EDUARDO DOS REIS MAGOGA,121,PODE,2024,-22.8980947,-47.085241
1392,20001,FÁTIMA REGINA GONÇALVES DIAS DOS SANTOS,45,PODE,2024,-22.8980947,-47.085241
1392,20020,LUIZ HENRIQUE CIRILO,65,PODE,2024,-22.8980947,-47.085241
1392,20100,HEBERT GARAGNANI,86,PODE,2024,-22.8980947,-47.085241
1392,20123,GILBERTO LEÃO DE ARAÚJO,68,PODE,2024,-22.8980947,-47.085241
1392,22,Partido Liberal,47,,2024,-22.8980947,-47.085241
1392,22000,DEBORA DE ANDRADE PALERMO,68,PL,2024,-22.8980947,-47.085241
1392,22123,LUIS HENRIQUE SILVA SCHENEIDER,240,PL,2024,-22.8980947,-47.085241
1392,22222,OTTO ALEJANDRO RIGAZZO ETTINGER,151,PL,2024,-22.8980947,-47.085241
1392,22233,GUILHERME BANDONI TEIXEIRA,55,PL,2024,-22.8980947,-47.085241
1392,22352,FERNANDO LUIS COUTINHO NEVES,30,PL,2024,-22.8980947,-47.085241
1392,22400,MARCIA APARECIDA PEREIRA DA SILVA PINHEIRO,30,PL,2024,-22.8980947,-47.085241
1392,22422,BENEDITO PEREIRA LIMA,124,PL,2024,-22.8980947,-47.085241
1392,22622,EDEVALDO DE MELO,65,PL,2024,-22.8980947,-47.085241
1392,22789,JUSCELINO DE SOUZA MARTINS,41,PL,2024,-22.8980947,-47.085241
1392,22922,SHIRLEI ARAÚJO DOS SANTOS,31,PL,2024,-22.8980947,-47.085241
1392,23,RAFAEL FERNANDO ZIMBALDI,703,CIDADANIA,2024,-22.8980947,-47.085241
1392,23000,VINICIUS DE OLIVEIRA SANDOVAL,170,CIDADANIA,2024,-22.8980947,-47.085241
1392,30,Partido Novo,32,NOVO,2024,-22.8980947,-47.085241
1392,30,WILSON KELLER DE MATOS,183,NOVO,2024,-22.8980947,-47.085241
1392,30999,PAULO SERGIO BARCELLOS GASPAR,81,NOVO,2024,-22.8980947,-47.085241
1392,40112,FILIPE BATISTA MARCHESI,35,PSB,2024,-22.8980947,-47.085241
1392,40234,MARCOS JOSE BERNARDELLI,59,PSB,2024,-22.8980947,-47.085241
1392,40345,CLAUDINEI ALMEIDA,39,PSB,2024,-22.8980947,-47.085241
1392,40456,PERMINIO MONTEIRO DA SILVA,46,PSB,2024,-22.8980947,-47.085241
1392,40580,JOSE CARLOS DOS SANTOS,63,PSB,2024,-22.8980947,-47.085241
1392,40678,JOSE CARLOS SILVA,40,PSB,2024,-22.8980947,-47.085241
1392,44000,RODRIGO LUIS DE BARROS ALMEIDA,303,UNIÃO,2024,-22.8980947,-47.085241
1392,44190,JAIME DE SOUZA,38,UNIÃO,2024,-22.8980947,-47.085241
1392,44200,EDSON RIBEIRO,111,UNIÃO,2024,-22.8980947,-47.085241
1392,44215,PEDRO ANDRÉ DOS SANTOS,55,UNIÃO,2024,-22.8980947,-47.085241
1392,44250,MAURICELE DA SILVA LOPES,154,UNIÃO,2024,-22.8980947,-47.085241
1392,44444,MARJORIE DA COSTA HENRIQUE RODRIGUES,37,UNIÃO,2024,-22.8980947,-47.085241
1392,50000,PAULO ROBERTO BUFALO,62,PSOL,2024,-22.8980947,-47.085241
1392,50001,MARCELA DIAS MOREIRA,33,PSOL,2024,-22.8980947,-47.085241
1392,50100,MARIANA CONTI TAKAHASHI,248,PSOL,2024,-22.8980947,-47.085241
1392,50123,FERNANDA DE OLIVEIRA SOUTO,52,PSOL,2024,-22.8980947,-47.085241
1392,55007,MAURÍCIO LUCENTI GEREMONTE,65,PSD,2024,-22.8980947,-47.085241
1392,55055,NELSON HOSSRI NETO,84,PSD,2024,-22.8980947,-47.085241
1392,55222,JORGE DOS SANTOS MONTANARI,55,PSD,2024,-22.8980947,-47.085241
1392,55500,AÍLTON LOURENÇO DA SILVA,39,PSD,2024,-22.8980947,-47.085241
1392,55510,MULLER PASCHOAL DE OLIVEIRA FERREIRA,54,PSD,2024,-22.8980947,-47.085241
1392,55522,LUIZ LAURO FERREIRA,32,PSD,2024,-22.8980947,-47.085241
1392,55555,FLÁVIO MAYNARDES ARAÚJO,38,PSD,2024,-22.8980947,-47.085241
1392,55577,CID FERREIRA DE SOUZA,30,PSD,2024,-22.8980947,-47.085241
1392,55655,PAULO CÉSAR HADDAD,108,PSD,2024,-22.8980947,-47.085241
1392,65656,GUSTAVO LEMOS PETTA,68,PC DO B,2024,-22.8980947,-47.085241
1392,70555,FLAUBERT DE ARAUJO,69,,2024,-22.8980947,-47.085241
1392,95,VOTO BRANCO,1024,,2024,-22.8980947,-47.085241
1392,96,VOTO NULO,1272,,2024,-22.8980947,-47.085241
1406,10,DÁRIO JORGE GIOLO SAADI,3385,REPUBLICANOS,2024,-22.9736544,-47.1079495
1406,10,REPUBLICANOS,63,REPUBLICANOS,2024,-22.9736544,-47.1079495
1406,10123,BENEDITO ROBERTO ALVES FERREIRA,79,REPUBLICANOS,2024,-22.9736544,-47.1079495
1406,10200,HIGOR DIEGO RALLA,265,REPUBLICANOS,2024,-22.9736544,-47.1079495
1406,10234,MILTON SOARES MUCHIUTTE,44,REPUBLICANOS,2024,-22.9736544,-47.1079495
1406,13,PEDRO TOURINHO DE SIQUEIRA,1254,PT,2024,-22.9736544,-47.1079495
1406,13,Partido dos Trabalhadores,92,PT,2024,-22.9736544,-47.1079495
1406,13011,CECILIO SERAFIM DOS SANTOS,54,PT,2024,-22.9736544,-47.1079495
1406,13013,HAMED MAUCH BITTAR,47,PT,2024,-22.9736544,-47.1079495
1406,13020,MARGARIDA DA SILVA CALIXTO,36,PT,2024,-22.9736544,-47.1079495
1406,13100,LUIZ CARLOS FELICIDADE,41,PT,2024,-22.9736544,-47.1079495
1406,13123,PAOLLA CATHERINE DOS SANTOS MIGUEL AGARD,52,PT,2024,-22.9736544,-47.1079495
1406,15123,JOÃO BATISTA DE PAULA,845,MDB,2024,-22.9736544,-47.1079495
1406,15555,HÉLIO ALVES MOREIRA,41,MDB,2024,-22.9736544,-47.1079495
1406,20000,EDUARDO DOS REIS MAGOGA,116,PODE,2024,-22.9736544,-47.1079495
1406,20022,JOÃO BATISTA DE MOURA,44,PODE,2024,-22.9736544,-47.1079495
1406,20100,HEBERT GARAGNANI,36,PODE,2024,-22.9736544,-47.1079495
1406,22222,OTTO ALEJANDRO RIGAZZO ETTINGER,414,PL,2024,-22.9736544,-47.1079495
1406,22233,GUILHERME BANDONI TEIXEIRA,73,PL,2024,-22.9736544,-47.1079495
1406,22422,BENEDITO PEREIRA LIMA,41,PL,2024,-22.9736544,-47.1079495
1406,23,RAFAEL FERNANDO ZIMBALDI,407,CIDADANIA,2024,-22.9736544,-47.1079495
1406,23000,VINICIUS DE OLIVEIRA SANDOVAL,107,CIDADANIA,2024,-22.9736544,-47.1079495
1406,30,WILSON KELLER DE MATOS,57,NOVO,2024,-22.9736544,-47.1079495
1406,40222,ERIKA VIVIANE DE SOUZA RAMOS,37,PSB,2024,-22.9736544,-47.1079495
1406,40580,JOSE CARLOS DOS SANTOS,58,PSB,2024,-22.9736544,-47.1079495
1406,40678,JOSE CARLOS SILVA,90,PSB,2024,-22.9736544,-47.1079495
1406,44200,EDSON RIBEIRO,245,UNIÃO,2024,-22.9736544,-47.1079495
1406,44250,MAURICELE DA SILVA LOPES,49,UNIÃO,2024,-22.9736544,-47.1079495
1406,50001,MARCELA DIAS MOREIRA,36,PSOL,2024,-22.9736544,-47.1079495
1406,50100,MARIANA CONTI TAKAHASHI,61,PSOL,2024,-22.9736544,-47.1079495
1406,55055,NELSON HOSSRI NETO,31,PSD,2024,-22.9736544,-47.1079495
1406,55500,AÍLTON LOURENÇO DA SILVA,124,PSD,2024,-22.9736544,-47.1079495
1406,55510,MULLER PASCHOAL DE OLIVEIRA FERREIRA,42,PSD,2024,-22.9736544,-47.1079495
1406,95,VOTO BRANCO,804,,2024,-22.9736544,-47.1079495
1406,96,VOTO NULO,817,,2024,-22.9736544,-47.1079495
1414,10,DÁRIO JORGE GIOLO SAADI,7289,REPUBLICANOS,2024,-22.8674823,-47.151634
1414,10,REPUBLICANOS,138,REPUBLICANOS,2024,-22.8674823,-47.151634
1414,10000,LUIZ CARLOS ROSSINI,116,REPUBLICANOS,2024,-22.8674823,-47.151634
1414,10123,BENEDITO ROBERTO ALVES FERREIRA,134,REPUBLICANOS,2024,-22.8674823,-47.151634
1414,10150,PAULO ROBERTO DOS SANTOS VIEIRA,76,REPUBLICANOS,2024,-22.8674823,-47.151634
1414,10200,HIGOR DIEGO RALLA,931,REPUBLICANOS,2024,-22.8674823,-47.151634
1414,10222,JEZIEL SEVERINO DA SILVA,94,REPUBLICANOS,2024,-22.8674823,-47.151634
1414,10450,MARCELO PONTEL,87,REPUBLICANOS,2024,-22.8674823,-47.151634
1414,10456,CARMO LUIZ GREGÓRIO DA SILVA,47,REPUBLICANOS,2024,-22.8674823,-47.151634
1414,10500,LUIS MOKITI YABIKU,35,REPUBLICANOS,2024,-22.8674823,-47.151634
1414,10789,CARLOS JOSÉ LEMOS,32,REPUBLICANOS,2024,-22.8674823,-47.151634
1414,11000,YANKO GONÇALVES MELLO,53,PP,2024,-22.8674823,-47.151634
1414,11011,MARCELO DUCHOVNI SILVA,61,PP,2024,-22.8674823,-47.151634
1414,11022,JONATHAS DE SIQUEIRA FERREIRA,32,PP,2024,-22.8674823,-47.151634
1414,11153,SILVIO MARCIO LAVORATO,31,PP,2024,-22.8674823,-47.151634
1414,11211,RONIE FERREIRA DOS SANTOS,41,PP,2024,-22.8674823,-47.151634
1414,11456,FABIO CAMILO DE ALMEIDA,53,PP,2024,-22.8674823,-47.151634
1414,11789,JOSE CARLOS DO NASCIMENTO,43,PP,2024,-22.8674823,-47.151634
1414,13,PEDRO TOURINHO DE SIQUEIRA,2126,PT,2024,-22.8674823,-47.151634
1414,13,Partido dos Trabalhadores,151,PT,2024,-22.8674823,-47.151634
1414,13011,CECILIO SERAFIM DOS SANTOS,94,PT,2024,-22.8674823,-47.151634
1414,13019,JUCELINO SOUZA DE NOVAIS JUNIOR,62,PT,2024,-22.8674823,-47.151634
1414,13020,MARGARIDA DA SILVA CALIXTO,55,PT,2024,-22.8674823,-47.151634
1414,13100,LUIZ CARLOS FELICIDADE,55,PT,2024,-22.8674823,-47.151634
1414,13123,PAOLLA CATHERINE DOS SANTOS MIGUEL AGARD,107,PT,2024,-22.8674823,-47.151634
1414,13300,WAGNER DE MELO ROMÃO,36,PT,2024,-22.8674823,-47.151634
1414,13613,CARLOS ROBERTO DE OLIVEIRA,33,PT,2024,-22.8674823,-47.151634
1414,13700,GEORGENIS HENRIQUE DE OLIVEIRA SOARES,120,PT,2024,-22.8674823,-47.151634
1414,15000,ARNALDO SALVETTI PALÁCIO JUNIOR,64,MDB,2024,-22.8674823,-47.151634
1414,15111,RODRIGO DA SILVA FREITAS DOS SANTOS,54,MDB,2024,-22.8674823,-47.151634
1414,15123,JOÃO BATISTA DE PAULA,54,MDB,2024,-22.8674823,-47.151634
1414,15555,HÉLIO ALVES MOREIRA,44,MDB,2024,-22.8674823,-47.151634
1414,15999,ALTAIR ALVES PAIXÃO,47,MDB,2024,-22.8674823,-47.151634
1414,20000,EDUARDO DOS REIS MAGOGA,663,PODE,2024,-22.8674823,-47.151634
1414,20020,LUIZ HENRIQUE CIRILO,44,PODE,2024,-22.8674823,-47.151634
1414,20100,HEBERT GARAGNANI,81,PODE,2024,-22.8674823,-47.151634
1414,20123,GILBERTO LEÃO DE ARAÚJO,549,PODE,2024,-22.8674823,-47.151634
1414,20555,DANILO RIDYER PALMA,33,PODE,2024,-22.8674823,-47.151634
1414,22,Partido Liberal,36,,2024,-22.8674823,-47.151634
1414,22000,DEBORA DE ANDRADE PALERMO,61,PL,2024,-22.8674823,-47.151634
1414,22038,JOEVAL DE OLIVEIRA MARTINS,45,PL,2024,-22.8674823,-47.151634
1414,22123,LUIS HENRIQUE SILVA SCHENEIDER,44,PL,2024,-22.8674823,-47.151634
1414,22222,OTTO ALEJANDRO RIGAZZO ETTINGER,91,PL,2024,-22.8674823,-47.151634
1414,22233,GUILHERME BANDONI TEIXEIRA,168,PL,2024,-22.8674823,-47.151634
1414,22400,MARCIA APARECIDA PEREIRA DA SILVA PINHEIRO,57,PL,2024,-22.8674823,-47.151634
1414,22422,BENEDITO PEREIRA LIMA,91,PL,2024,-22.8674823,-47.151634
1414,22622,EDEVALDO DE MELO,47,PL,2024,-22.8674823,-47.151634
1414,22789,JUSCELINO DE SOUZA MARTINS,61,PL,2024,-22.8674823,-47.151634
1414,23,RAFAEL FERNANDO ZIMBALDI,1023,CIDADANIA,2024,-22.8674823,-47.151634
1414,23000,VINICIUS DE OLIVEIRA SANDOVAL,178,CIDADANIA,2024,-22.8674823,-47.151634
1414,23177,MARCELO EDUARDO HEIN,90,CIDADANIA,2024,-22.8674823,-47.151634
1414,27123,DANIEL DE SOUZA NOVELLO ARAUJO,67,DC,2024,-22.8674823,-47.151634
1414,27456,FABIO ZOROASTRO LELLIS,41,DC,2024,-22.8674823,-47.151634
1414,30,WILSON KELLER DE MATOS,153,NOVO,2024,-22.8674823,-47.151634
1414,30999,PAULO SERGIO BARCELLOS GASPAR,42,NOVO,2024,-22.8674823,-47.151634
1414,35411,CLAUDIANO DA SILVA FERREIRA,43,PMB,2024,-22.8674823,-47.151634
1414,35777,ABIATÁ JOSÉ DE LIMA,33,PMB,2024,-22.8674823,-47.151634
1414,36555,REGINALDO NERIS PEREIRA,83,AGIR,2024,-22.8674823,-47.151634
1414,40110,ARMINDO LIMA DE ALMEIDA,122,PSB,2024,-22.8674823,-47.151634
1414,40112,FILIPE BATISTA MARCHESI,34,PSB,2024,-22.8674823,-47.151634
1414,40123,MARIO CESAR MELLO DA SILVA,30,PSB,2024,-22.8674823,-47.151634
1414,40234,MARCOS JOSE BERNARDELLI,54,PSB,2024,-22.8674823,-47.151634
1414,40345,CLAUDINEI ALMEIDA,46,PSB,2024,-22.8674823,-47.151634
1414,40500,RUBENS SOARES DO NASCIMENTO,111,PSB,2024,-22.8674823,-47.151634
1414,40555,LUIZ FERNANDO MARIANO MATEUS,56,PSB,2024,-22.8674823,-47.151634
1414,40580,JOSE CARLOS DOS SANTOS,55,PSB,2024,-22.8674823,-47.151634
1414,40678,JOSE CARLOS SILVA,745,PSB,2024,-22.8674823,-47.151634
1414,40800,MARCELO VITAL,334,PSB,2024,-22.8674823,-47.151634
1414,44000,RODRIGO LUIS DE BARROS ALMEIDA,157,UNIÃO,2024,-22.8674823,-47.151634
1414,44200,EDSON RIBEIRO,98,UNIÃO,2024,-22.8674823,-47.151634
1414,44250,MAURICELE DA SILVA LOPES,138,UNIÃO,2024,-22.8674823,-47.151634
1414,44999,MARCONE JOSÉ DE LIMA,42,UNIÃO,2024,-22.8674823,-47.151634
1414,50100,MARIANA CONTI TAKAHASHI,144,PSOL,2024,-22.8674823,-47.151634
1414,50123,FERNANDA DE OLIVEIRA SOUTO,37,PSOL,2024,-22.8674823,-47.151634
1414,55055,NELSON HOSSRI NETO,52,PSD,2024,-22.8674823,-47.151634
1414,55444,CLÁUDIO JOSÉ BERNANDES,33,PSD,2024,-22.8674823,-47.151634
1414,55500,AÍLTON LOURENÇO DA SILVA,69,PSD,2024,-22.8674823,-47.151634
1414,55510,MULLER PASCHOAL DE OLIVEIRA FERREIRA,59,PSD,2024,-22.8674823,-47.151634
1414,65656,GUSTAVO LEMOS PETTA,45,PC DO B,2024,-22.8674823,-47.151634
1414,70300,REBECA CRISTINA DE SOUZA,56,AVANTE,2024,-22.8674823,-47.151634
1414,95,VOTO BRANCO,1590,,2024,-22.8674823,-47.151634
1414,96,VOTO NULO,1801,,2024,-22.8674823,-47.151634
1422,10,DÁRIO JORGE GIOLO SAADI,5052,REPUBLICANOS,2024,-22.9453235,-47.1178808
1422,10,REPUBLICANOS,92,REPUBLICANOS,2024,-22.9453235,-47.1178808
1422,10000,LUIZ CARLOS ROSSINI,74,REPUBLICANOS,2024,-22.9453235,-47.1178808
1422,10123,BENEDITO ROBERTO ALVES FERREIRA,89,REPUBLICANOS,2024,-22.9453235,-47.1178808
1422,10200,HIGOR DIEGO RALLA,75,REPUBLICANOS,2024,-22.9453235,-47.1178808
1422,10222,JEZIEL SEVERINO DA SILVA,47,REPUBLICANOS,2024,-22.9453235,-47.1178808
1422,10234,MILTON SOARES MUCHIUTTE,47,REPUBLICANOS,2024,-22.9453235,-47.1178808
1422,10456,CARMO LUIZ GREGÓRIO DA SILVA,34,REPUBLICANOS,2024,-22.9453235,-47.1178808
1422,11000,YANKO GONÇALVES MELLO,31,PP,2024,-22.9453235,-47.1178808
1422,11011,MARCELO DUCHOVNI SILVA,53,PP,2024,-22.9453235,-47.1178808
1422,11456,FABIO CAMILO DE ALMEIDA,55,PP,2024,-22.9453235,-47.1178808
1422,11999,LEONICE ALVES DA PÁZ,32,PP,2024,-22.9453235,-47.1178808
1422,13,PEDRO TOURINHO DE SIQUEIRA,1800,PT,2024,-22.9453235,-47.1178808
1422,13,Partido dos Trabalhadores,113,PT,2024,-22.9453235,-47.1178808
1422,13019,JUCELINO SOUZA DE NOVAIS JUNIOR,44,PT,2024,-22.9453235,-47.1178808
1422,13020,MARGARIDA DA SILVA CALIXTO,70,PT,2024,-22.9453235,-47.1178808
1422,13123,PAOLLA CATHERINE DOS SANTOS MIGUEL AGARD,137,PT,2024,-22.9453235,-47.1178808
1422,13700,GEORGENIS HENRIQUE DE OLIVEIRA SOARES,41,PT,2024,-22.9453235,-47.1178808
1422,15000,ARNALDO SALVETTI PALÁCIO JUNIOR,106,MDB,2024,-22.9453235,-47.1178808
1422,15111,RODRIGO DA SILVA FREITAS DOS SANTOS,53,MDB,2024,-22.9453235,-47.1178808
1422,15555,HÉLIO ALVES MOREIRA,55,MDB,2024,-22.9453235,-47.1178808
1422,15567,LUIS GUSTAVO MARQUES DOS SANTOS,108,MDB,2024,-22.9453235,-47.1178808
1422,15678,ORLEANS DE SÁ ALENCAR,66,MDB,2024,-22.9453235,-47.1178808
1422,15789,JAKSSON LEANDRO LUCIANO GONÇALVES,192,MDB,2024,-22.9453235,-47.1178808
1422,20000,EDUARDO DOS REIS MAGOGA,329,PODE,2024,-22.9453235,-47.1178808
1422,20100,HEBERT GARAGNANI,64,PODE,2024,-22.9453235,-47.1178808
1422,20123,GILBERTO LEÃO DE ARAÚJO,65,PODE,2024,-22.9453235,-47.1178808
1422,20500,JOSÉ CARLOS FURIOSO,31,PODE,2024,-22.9453235,-47.1178808
1422,22000,DEBORA DE ANDRADE PALERMO,33,PL,2024,-22.9453235,-47.1178808
1422,22123,LUIS HENRIQUE SILVA SCHENEIDER,37,PL,2024,-22.9453235,-47.1178808
1422,22222,OTTO ALEJANDRO RIGAZZO ETTINGER,266,PL,2024,-22.9453235,-47.1178808
1422,22233,GUILHERME BANDONI TEIXEIRA,80,PL,2024,-22.9453235,-47.1178808
1422,22400,MARCIA APARECIDA PEREIRA DA SILVA PINHEIRO,57,PL,2024,-22.9453235,-47.1178808
1422,22422,BENEDITO PEREIRA LIMA,55,PL,2024,-22.9453235,-47.1178808
1422,22789,JUSCELINO DE SOUZA MARTINS,40,PL,2024,-22.9453235,-47.1178808
1422,23,RAFAEL FERNANDO ZIMBALDI,869,CIDADANIA,2024,-22.9453235,-47.1178808
1422,23000,VINICIUS DE OLIVEIRA SANDOVAL,197,CIDADANIA,2024,-22.9453235,-47.1178808
1422,23177,MARCELO EDUARDO HEIN,75,CIDADANIA,2024,-22.9453235,-47.1178808
1422,23456,EVERALDO LUIZ VIEIRA,37,CIDADANIA,2024,-22.9453235,-47.1178808
1422,30,WILSON KELLER DE MATOS,100,NOVO,2024,-22.9453235,-47.1178808
1422,40234,MARCOS JOSE BERNARDELLI,39,PSB,2024,-22.9453235,-47.1178808
1422,40345,CLAUDINEI ALMEIDA,38,PSB,2024,-22.9453235,-47.1178808
1422,40456,PERMINIO MONTEIRO DA SILVA,41,PSB,2024,-22.9453235,-47.1178808
1422,40500,RUBENS SOARES DO NASCIMENTO,63,PSB,2024,-22.9453235,-47.1178808
1422,40580,JOSE CARLOS DOS SANTOS,34,PSB,2024,-22.9453235,-47.1178808
1422,40678,JOSE CARLOS SILVA,479,PSB,2024,-22.9453235,-47.1178808
1422,44000,RODRIGO LUIS DE BARROS ALMEIDA,802,UNIÃO,2024,-22.9453235,-47.1178808
1422,44015,CLARINDA MORENTE,35,UNIÃO,2024,-22.9453235,-47.1178808
1422,44190,JAIME DE SOUZA,35,UNIÃO,2024,-22.9453235,-47.1178808
1422,44200,EDSON RIBEIRO,67,UNIÃO,2024,-22.9453235,-47.1178808
1422,44321,KAREN GABRIELA ARAUJO DOS SANTOS,59,UNIÃO,2024,-22.9453235,-47.1178808
1422,50000,PAULO ROBERTO BUFALO,31,PSOL,2024,-22.9453235,-47.1178808
1422,50001,MARCELA DIAS MOREIRA,34,PSOL,2024,-22.9453235,-47.1178808
1422,50019,THAMIRES BATISTA GOMES RAMOS,50,PSOL,2024,-22.9453235,-47.1178808
1422,50100,MARIANA CONTI TAKAHASHI,115,PSOL,2024,-22.9453235,-47.1178808
1422,50123,FERNANDA DE OLIVEIRA SOUTO,39,PSOL,2024,-22.9453235,-47.1178808
1422,55055,NELSON HOSSRI NETO,62,PSD,2024,-22.9453235,-47.1178808
1422,55500,AÍLTON LOURENÇO DA SILVA,64,PSD,2024,-22.9453235,-47.1178808
1422,55510,MULLER PASCHOAL DE OLIVEIRA FERREIRA,85,PSD,2024,-22.9453235,-47.1178808
1422,65656,GUSTAVO LEMOS PETTA,85,PC DO B,2024,-22.9453235,-47.1178808
1422,70000,AURELIO JOSE CLAUDIO,70,AVANTE,2024,-22.9453235,-47.1178808
1422,70123,JOSE DE ARIMATEA SANTOS SILVA FILHO,36,AVANTE,2024,-22.9453235,-47.1178808
1422,70777,VALDEIR LUCCHIARI,66,AVANTE,2024,-22.9453235,-47.1178808
1422,95,VOTO BRANCO,1353,,2024,-22.9453235,-47.1178808
1422,96,VOTO NULO,1399,,2024,-22.9453235,-47.1178808
1430,10,DÁRIO JORGE GIOLO SAADI,4851,REPUBLICANOS,2024,-22.9369786,-47.1367922
1430,10,REPUBLICANOS,107,REPUBLICANOS,2024,-22.9369786,-47.1367922
1430,10000,LUIZ CARLOS ROSSINI,60,REPUBLICANOS,2024,-22.9369786,-47.1367922
1430,10100,TIAGO LUIS DE SOUZA,168,REPUBLICANOS,2024,-22.9369786,-47.1367922
1430,10123,BENEDITO ROBERTO ALVES FERREIRA,112,REPUBLICANOS,2024,-22.9369786,-47.1367922
1430,10190,DENILSON DO PRADO,60,REPUBLICANOS,2024,-22.9369786,-47.1367922
1430,10200,HIGOR DIEGO RALLA,76,REPUBLICANOS,2024,-22.9369786,-47.1367922
1430,10210,MARCIO LOPES DOS SANTOS,40,REPUBLICANOS,2024,-22.9369786,-47.1367922
1430,10222,JEZIEL SEVERINO DA SILVA,32,REPUBLICANOS,2024,-22.9369786,-47.1367922
1430,10234,MILTON SOARES MUCHIUTTE,42,REPUBLICANOS,2024,-22.9369786,-47.1367922
1430,10456,CARMO LUIZ GREGÓRIO DA SILVA,581,REPUBLICANOS,2024,-22.9369786,-47.1367922
1430,11001,MICHAEL AUGUSTO CRISÓSTOMO,122,PP,2024,-22.9369786,-47.1367922
1430,11210,JOSÉ APARECIDO DOS SANTOS,35,PP,2024,-22.9369786,-47.1367922
1430,11300,VALDIR FERREIRA,39,PP,2024,-22.9369786,-47.1367922
1430,12151,MANOEL MESSIAS DOS SANTOS,41,PDT,2024,-22.9369786,-47.1367922
1430,13,PEDRO TOURINHO DE SIQUEIRA,1445,PT,2024,-22.9369786,-47.1367922
1430,13,Partido dos Trabalhadores,116,PT,2024,-22.9369786,-47.1367922
1430,13011,CECILIO SERAFIM DOS SANTOS,53,PT,2024,-22.9369786,-47.1367922
1430,13020,MARGARIDA DA SILVA CALIXTO,80,PT,2024,-22.9369786,-47.1367922
1430,13100,LUIZ CARLOS FELICIDADE,36,PT,2024,-22.9369786,-47.1367922
1430,13112,EVELYN SILVA DO NASCIMENTO VICENTE DA SILVA,109,PT,2024,-22.9369786,-47.1367922
1430,13123,PAOLLA CATHERINE DOS SANTOS MIGUEL AGARD,86,PT,2024,-22.9369786,-47.1367922
1430,15000,ARNALDO SALVETTI PALÁCIO JUNIOR,46,MDB,2024,-22.9369786,-47.1367922
1430,15123,JOÃO BATISTA DE PAULA,36,MDB,2024,-22.9369786,-47.1367922
1430,15555,HÉLIO ALVES MOREIRA,39,MDB,2024,-22.9369786,-47.1367922
1430,15567,LUIS GUSTAVO MARQUES DOS SANTOS,33,MDB,2024,-22.9369786,-47.1367922
1430,20100,HEBERT GARAGNANI,49,PODE,2024,-22.9369786,-47.1367922
1430,20230,PAULO RICARDO GALTERIO,38,PODE,2024,-22.9369786,-47.1367922
1430,22000,DEBORA DE ANDRADE PALERMO,30,PL,2024,-22.9369786,-47.1367922
1430,22123,LUIS HENRIQUE SILVA SCHENEIDER,189,PL,2024,-22.9369786,-47.1367922
1430,22222,OTTO ALEJANDRO RIGAZZO ETTINGER,41,PL,2024,-22.9369786,-47.1367922
1430,22233,GUILHERME BANDONI TEIXEIRA,115,PL,2024,-22.9369786,-47.1367922
1430,22422,BENEDITO PEREIRA LIMA,63,PL,2024,-22.9369786,-47.1367922
1430,23,RAFAEL FERNANDO ZIMBALDI,630,CIDADANIA,2024,-22.9369786,-47.1367922
1430,23000,VINICIUS DE OLIVEIRA SANDOVAL,138,CIDADANIA,2024,-22.9369786,-47.1367922
1430,23200,JEAN MARCOS ZACARIAS DA SILVA,75,CIDADANIA,2024,-22.9369786,-47.1367922
1430,23623,PAULO HENRIQUE EMERICK DA SILVA,190,CIDADANIA,2024,-22.9369786,-47.1367922
1430,30,WILSON KELLER DE MATOS,85,NOVO,2024,-22.9369786,-47.1367922
1430,35678,PAULO BERNARDINO DE SOUZA,64,PMB,2024,-22.9369786,-47.1367922
1430,40234,MARCOS JOSE BERNARDELLI,33,PSB,2024,-22.9369786,-47.1367922
1430,40400,ARIANA PAULA FREITAS ORLANDO,37,PSB,2024,-22.9369786,-47.1367922
1430,40456,PERMINIO MONTEIRO DA SILVA,46,PSB,2024,-22.9369786,-47.1367922
1430,40900,JOSE HONORATO DOS SANTOS,209,PSB,2024,-22.9369786,-47.1367922
1430,44000,RODRIGO LUIS DE BARROS ALMEIDA,32,UNIÃO,2024,-22.9369786,-47.1367922
1430,44200,EDSON RIBEIRO,690,UNIÃO,2024,-22.9369786,-47.1367922
1430,50100,MARIANA CONTI TAKAHASHI,105,PSOL,2024,-22.9369786,-47.1367922
1430,55055,NELSON HOSSRI NETO,32,PSD,2024,-22.9369786,-47.1367922
1430,55510,MULLER PASCHOAL DE OLIVEIRA FERREIRA,51,PSD,2024,-22.9369786,-47.1367922
1430,55655,PAULO CÉSAR HADDAD,114,PSD,2024,-22.9369786,-47.1367922
1430,65656,GUSTAVO LEMOS PETTA,58,PC DO B,2024,-22.9369786,-47.1367922
1430,70777,VALDEIR LUCCHIARI,60,AVANTE,2024,-22.9369786,-47.1367922
1430,77100,JAIR QUINÁLIA,32,SOLIDARIEDADE,2024,-22.9369786,-47.1367922
1430,95,VOTO BRANCO,1122,,2024,-22.9369786,-47.1367922
1430,96,VOTO NULO,1083,,2024,-22.9369786,-47.1367922
1449,10,DÁRIO JORGE GIOLO SAADI,4942,REPUBLICANOS,2024,-22.9654531,-47.1619263
1449,10,REPUBLICANOS,98,REPUBLICANOS,2024,-22.9654531,-47.1619263
1449,10000,LUIZ CARLOS ROSSINI,65,REPUBLICANOS,2024,-22.9654531,-47.1619263
1449,10123,BENEDITO ROBERTO ALVES FERREIRA,116,REPUBLICANOS,2024,-22.9654531,-47.1619263
1449,10150,PAULO ROBERTO DOS SANTOS VIEIRA,302,REPUBLICANOS,2024,-22.9654531,-47.1619263
1449,10200,HIGOR DIEGO RALLA,448,REPUBLICANOS,2024,-22.9654531,-47.1619263
1449,10222,JEZIEL SEVERINO DA SILVA,50,REPUBLICANOS,2024,-22.9654531,-47.1619263
1449,10500,LUIS MOKITI YABIKU,87,REPUBLICANOS,2024,-22.9654531,-47.1619263
1449,11000,YANKO GONÇALVES MELLO,45,PP,2024,-22.9654531,-47.1619263
1449,11011,MARCELO DUCHOVNI SILVA,61,PP,2024,-22.9654531,-47.1619263
1449,11153,SILVIO MARCIO LAVORATO,30,PP,2024,-22.9654531,-47.1619263
1449,11456,FABIO CAMILO DE ALMEIDA,71,PP,2024,-22.9654531,-47.1619263
1449,13,PEDRO TOURINHO DE SIQUEIRA,1797,PT,2024,-22.9654531,-47.1619263
1449,13,Partido dos Trabalhadores,133,PT,2024,-22.9654531,-47.1619263
1449,13011,CECILIO SERAFIM DOS SANTOS,61,PT,2024,-22.9654531,-47.1619263
1449,13020,MARGARIDA DA SILVA CALIXTO,68,PT,2024,-22.9654531,-47.1619263
1449,13100,LUIZ CARLOS FELICIDADE,36,PT,2024,-22.9654531,-47.1619263
1449,13123,PAOLLA CATHERINE DOS SANTOS MIGUEL AGARD,167,PT,2024,-22.9654531,-47.1619263
1449,13300,WAGNER DE MELO ROMÃO,55,PT,2024,-22.9654531,-47.1619263
1449,13700,GEORGENIS HENRIQUE DE OLIVEIRA SOARES,85,PT,2024,-22.9654531,-47.1619263
1449,15000,ARNALDO SALVETTI PALÁCIO JUNIOR,81,MDB,2024,-22.9654531,-47.1619263
1449,15111,RODRIGO DA SILVA FREITAS DOS SANTOS,61,MDB,2024,-22.9654531,-47.1619263
1449,15555,HÉLIO ALVES MOREIRA,34,MDB,2024,-22.9654531,-47.1619263
1449,15999,ALTAIR ALVES PAIXÃO,34,MDB,2024,-22.9654531,-47.1619263
1449,20000,EDUARDO DOS REIS MAGOGA,425,PODE,2024,-22.9654531,-47.1619263
1449,20100,HEBERT GARAGNANI,54,PODE,2024,-22.9654531,-47.1619263
1449,22,Partido Liberal,37,,2024,-22.9654531,-47.1619263
1449,22000,DEBORA DE ANDRADE PALERMO,69,PL,2024,-22.9654531,-47.1619263
1449,22123,LUIS HENRIQUE SILVA SCHENEIDER,59,PL,2024,-22.9654531,-47.1619263
1449,22222,OTTO ALEJANDRO RIGAZZO ETTINGER,42,PL,2024,-22.9654531,-47.1619263
1449,22233,GUILHERME BANDONI TEIXEIRA,103,PL,2024,-22.9654531,-47.1619263
1449,22400,MARCIA APARECIDA PEREIRA DA SILVA PINHEIRO,76,PL,2024,-22.9654531,-47.1619263
1449,22422,BENEDITO PEREIRA LIMA,65,PL,2024,-22.9654531,-47.1619263
1449,23,RAFAEL FERNANDO ZIMBALDI,524,CIDADANIA,2024,-22.9654531,-47.1619263
1449,23000,VINICIUS DE OLIVEIRA SANDOVAL,109,CIDADANIA,2024,-22.9654531,-47.1619263
1449,23123,TAK CHUNG WU,30,CIDADANIA,2024,-22.9654531,-47.1619263
1449,30,WILSON KELLER DE MATOS,99,NOVO,2024,-22.9654531,-47.1619263
1449,40220,DOUGLAS MENEZES,227,PSB,2024,-22.9654531,-47.1619263
1449,40234,MARCOS JOSE BERNARDELLI,46,PSB,2024,-22.9654531,-47.1619263
1449,40345,CLAUDINEI ALMEIDA,32,PSB,2024,-22.9654531,-47.1619263
1449,40456,PERMINIO MONTEIRO DA SILVA,38,PSB,2024,-22.9654531,-47.1619263
1449,40500,RUBENS SOARES DO NASCIMENTO,46,PSB,2024,-22.9654531,-47.1619263
1449,40580,JOSE CARLOS DOS SANTOS,38,PSB,2024,-22.9654531,-47.1619263
1449,40678,JOSE CARLOS SILVA,294,PSB,2024,-22.9654531,-47.1619263
1449,44190,JAIME DE SOUZA,31,UNIÃO,2024,-22.9654531,-47.1619263
1449,44200,EDSON RIBEIRO,77,UNIÃO,2024,-22.9654531,-47.1619263
1449,44250,MAURICELE DA SILVA LOPES,206,UNIÃO,2024,-22.9654531,-47.1619263
1449,44743,RENY CANDIDO BEZERRA,142,UNIÃO,2024,-22.9654531,-47.1619263
1449,50019,THAMIRES BATISTA GOMES RAMOS,34,PSOL,2024,-22.9654531,-47.1619263
1449,50100,MARIANA CONTI TAKAHASHI,227,PSOL,2024,-22.9654531,-47.1619263
1449,50123,FERNANDA DE OLIVEIRA SOUTO,53,PSOL,2024,-22.9654531,-47.1619263
1449,55055,NELSON HOSSRI NETO,158,PSD,2024,-22.9654531,-47.1619263
1449,65656,GUSTAVO LEMOS PETTA,86,PC DO B,2024,-22.9654531,-47.1619263
1449,70400,ERIVAN FELIZARDO REGO,59,AVANTE,2024,-22.9654531,-47.1619263
1449,95,VOTO BRANCO,1167,,2024,-22.9654531,-47.1619263
1449,96,VOTO NULO,1257,,2024,-22.9654531,-47.1619263
1457,10,DÁRIO JORGE GIOLO SAADI,3381,REPUBLICANOS,2024,-22.8588753,-47.0612683
1457,10,REPUBLICANOS,68,REPUBLICANOS,2024,-22.8588753,-47.0612683
1457,10000,LUIZ CARLOS ROSSINI,64,REPUBLICANOS,2024,-22.8588753,-47.0612683
1457,10019,ROBLEDO RUAN SANTOS SOUSA,315,REPUBLICANOS,2024,-22.8588753,-47.0612683
1457,10123,BENEDITO ROBERTO ALVES FERREIRA,65,REPUBLICANOS,2024,-22.8588753,-47.0612683
1457,10200,HIGOR DIEGO RALLA,157,REPUBLICANOS,2024,-22.8588753,-47.0612683
1457,10222,JEZIEL SEVERINO DA SILVA,35,REPUBLICANOS,2024,-22.8588753,-47.0612683
1457,10500,LUIS MOKITI YABIKU,36,REPUBLICANOS,2024,-22.8588753,-47.0612683
1457,13,PEDRO TOURINHO DE SIQUEIRA,1216,PT,2024,-22.8588753,-47.0612683
1457,13,Partido dos Trabalhadores,98,PT,2024,-22.8588753,-47.0612683
1457,13011,CECILIO SERAFIM DOS SANTOS,70,PT,2024,-22.8588753,-47.0612683
1457,13019,JUCELINO SOUZA DE NOVAIS JUNIOR,98,PT,2024,-22.8588753,-47.0612683
1457,13020,MARGARIDA DA SILVA CALIXTO,46,PT,2024,-22.8588753,-47.0612683
1457,13100,LUIZ CARLOS FELICIDADE,36,PT,2024,-22.8588753,-47.0612683
1457,13123,PAOLLA CATHERINE DOS SANTOS MIGUEL AGARD,71,PT,2024,-22.8588753,-47.0612683
1457,15000,ARNALDO SALVETTI PALÁCIO JUNIOR,84,MDB,2024,-22.8588753,-47.0612683
1457,15111,RODRIGO DA SILVA FREITAS DOS SANTOS,37,MDB,2024,-22.8588753,-47.0612683
1457,15123,JOÃO BATISTA DE PAULA,231,MDB,2024,-22.8588753,-47.0612683
1457,15555,HÉLIO ALVES MOREIRA,44,MDB,2024,-22.8588753,-47.0612683
1457,20100,HEBERT GARAGNANI,45,PODE,2024,-22.8588753,-47.0612683
1457,20123,GILBERTO LEÃO DE ARAÚJO,46,PODE,2024,-22.8588753,-47.0612683
1457,22000,DEBORA DE ANDRADE PALERMO,36,PL,2024,-22.8588753,-47.0612683
1457,22123,LUIS HENRIQUE SILVA SCHENEIDER,38,PL,2024,-22.8588753,-47.0612683
1457,22222,OTTO ALEJANDRO RIGAZZO ETTINGER,39,PL,2024,-22.8588753,-47.0612683
1457,22233,GUILHERME BANDONI TEIXEIRA,56,PL,2024,-22.8588753,-47.0612683
1457,22400,MARCIA APARECIDA PEREIRA DA SILVA PINHEIRO,54,PL,2024,-22.8588753,-47.0612683
1457,22422,BENEDITO PEREIRA LIMA,65,PL,2024,-22.8588753,-47.0612683
1457,23,RAFAEL FERNANDO ZIMBALDI,484,CIDADANIA,2024,-22.8588753,-47.0612683
1457,23000,VINICIUS DE OLIVEIRA SANDOVAL,123,CIDADANIA,2024,-22.8588753,-47.0612683
1457,30,WILSON KELLER DE MATOS,94,NOVO,2024,-22.8588753,-47.0612683
1457,40220,DOUGLAS MENEZES,52,PSB,2024,-22.8588753,-47.0612683
1457,40678,JOSE CARLOS SILVA,100,PSB,2024,-22.8588753,-47.0612683
1457,44000,RODRIGO LUIS DE BARROS ALMEIDA,187,UNIÃO,2024,-22.8588753,-47.0612683
1457,44200,EDSON RIBEIRO,175,UNIÃO,2024,-22.8588753,-47.0612683
1457,50100,MARIANA CONTI TAKAHASHI,108,PSOL,2024,-22.8588753,-47.0612683
1457,55055,NELSON HOSSRI NETO,79,PSD,2024,-22.8588753,-47.0612683
1457,55222,JORGE DOS SANTOS MONTANARI,109,PSD,2024,-22.8588753,-47.0612683
1457,65656,GUSTAVO LEMOS PETTA,49,PC DO B,2024,-22.8588753,-47.0612683
1457,70800,ELCIO BATISTA,60,AVANTE,2024,-22.8588753,-47.0612683
1457,95,VOTO BRANCO,891,,2024,-22.8588753,-47.0612683
1457,96,VOTO NULO,928,,2024,-22.8588753,-47.0612683
1465,10,DÁRIO JORGE GIOLO SAADI,3854,REPUBLICANOS,2024,-22.893859,-47.085441
1465,10,REPUBLICANOS,90,REPUBLICANOS,2024,-22.893859,-47.085441
1465,10000,LUIZ CARLOS ROSSINI,80,REPUBLICANOS,2024,-22.893859,-47.085441
1465,10123,BENEDITO ROBERTO ALVES FERREIRA,82,REPUBLICANOS,2024,-22.893859,-47.085441
1465,10150,PAULO ROBERTO DOS SANTOS VIEIRA,68,REPUBLICANOS,2024,-22.893859,-47.085441
1465,10200,HIGOR DIEGO RALLA,501,REPUBLICANOS,2024,-22.893859,-47.085441
1465,10222,JEZIEL SEVERINO DA SILVA,30,REPUBLICANOS,2024,-22.893859,-47.085441
1465,10500,LUIS MOKITI YABIKU,104,REPUBLICANOS,2024,-22.893859,-47.085441
1465,11000,YANKO GONÇALVES MELLO,63,PP,2024,-22.893859,-47.085441
1465,11011,MARCELO DUCHOVNI SILVA,43,PP,2024,-22.893859,-47.085441
1465,11153,SILVIO MARCIO LAVORATO,42,PP,2024,-22.893859,-47.085441
1465,13,PEDRO TOURINHO DE SIQUEIRA,1336,PT,2024,-22.893859,-47.085441
1465,13,Partido dos Trabalhadores,102,PT,2024,-22.893859,-47.085441
1465,13011,CECILIO SERAFIM DOS SANTOS,35,PT,2024,-22.893859,-47.085441
1465,13020,MARGARIDA DA SILVA CALIXTO,53,PT,2024,-22.893859,-47.085441
1465,13100,LUIZ CARLOS FELICIDADE,51,PT,2024,-22.893859,-47.085441
1465,13123,PAOLLA CATHERINE DOS SANTOS MIGUEL AGARD,127,PT,2024,-22.893859,-47.085441
1465,13300,WAGNER DE MELO ROMÃO,55,PT,2024,-22.893859,-47.085441
1465,15000,ARNALDO SALVETTI PALÁCIO JUNIOR,72,MDB,2024,-22.893859,-47.085441
1465,15111,RODRIGO DA SILVA FREITAS DOS SANTOS,48,MDB,2024,-22.893859,-47.085441
1465,20020,LUIZ HENRIQUE CIRILO,30,PODE,2024,-22.893859,-47.085441
1465,20100,HEBERT GARAGNANI,63,PODE,2024,-22.893859,-47.085441
1465,22,Partido Liberal,30,,2024,-22.893859,-47.085441
1465,22000,DEBORA DE ANDRADE PALERMO,50,PL,2024,-22.893859,-47.085441
1465,22123,LUIS HENRIQUE SILVA SCHENEIDER,120,PL,2024,-22.893859,-47.085441
1465,22222,OTTO ALEJANDRO RIGAZZO ETTINGER,38,PL,2024,-22.893859,-47.085441
1465,22233,GUILHERME BANDONI TEIXEIRA,44,PL,2024,-22.893859,-47.085441
1465,22352,FERNANDO LUIS COUTINHO NEVES,41,PL,2024,-22.893859,-47.085441
1465,22400,MARCIA APARECIDA PEREIRA DA SILVA PINHEIRO,44,PL,2024,-22.893859,-47.085441
1465,22422,BENEDITO PEREIRA LIMA,69,PL,2024,-22.893859,-47.085441
1465,22622,EDEVALDO DE MELO,33,PL,2024,-22.893859,-47.085441
1465,23,RAFAEL FERNANDO ZIMBALDI,399,CIDADANIA,2024,-22.893859,-47.085441
1465,23000,VINICIUS DE OLIVEIRA SANDOVAL,135,CIDADANIA,2024,-22.893859,-47.085441
1465,30,Partido Novo,33,NOVO,2024,-22.893859,-47.085441
1465,30,WILSON KELLER DE MATOS,122,NOVO,2024,-22.893859,-47.085441
1465,30999,PAULO SERGIO BARCELLOS GASPAR,52,NOVO,2024,-22.893859,-47.085441
1465,40220,DOUGLAS MENEZES,180,PSB,2024,-22.893859,-47.085441
1465,40234,MARCOS JOSE BERNARDELLI,38,PSB,2024,-22.893859,-47.085441
1465,40456,PERMINIO MONTEIRO DA SILVA,38,PSB,2024,-22.893859,-47.085441
1465,40580,JOSE CARLOS DOS SANTOS,31,PSB,2024,-22.893859,-47.085441
1465,40678,JOSE CARLOS SILVA,50,PSB,2024,-22.893859,-47.085441
1465,44200,EDSON RIBEIRO,180,UNIÃO,2024,-22.893859,-47.085441
1465,44250,MAURICELE DA SILVA LOPES,107,UNIÃO,2024,-22.893859,-47.085441
1465,44743,RENY CANDIDO BEZERRA,71,UNIÃO,2024,-22.893859,-47.085441
1465,50000,PAULO ROBERTO BUFALO,32,PSOL,2024,-22.893859,-47.085441
1465,50100,MARIANA CONTI TAKAHASHI,210,PSOL,2024,-22.893859,-47.085441
1465,50123,FERNANDA DE OLIVEIRA SOUTO,47,PSOL,2024,-22.893859,-47.085441
1465,55055,NELSON HOSSRI NETO,99,PSD,2024,-22.893859,-47.085441
1465,55444,CLÁUDIO JOSÉ BERNANDES,58,PSD,2024,-22.893859,-47.085441
1465,55655,PAULO CÉSAR HADDAD,91,PSD,2024,-22.893859,-47.085441
1465,65656,GUSTAVO LEMOS PETTA,56,PC DO B,2024,-22.893859,-47.085441
1465,70555,FLAUBERT DE ARAUJO,31,,2024,-22.893859,-47.085441
1465,95,VOTO BRANCO,773,,2024,-22.893859,-47.085441
1465,96,VOTO NULO,997,,2024,-22.893859,-47.085441
1473,10,DÁRIO JORGE GIOLO SAADI,445,REPUBLICANOS,2024,-22.9307354,-47.1661866
1473,10200,HIGOR DIEGO RALLA,121,REPUBLICANOS,2024,-22.9307354,-47.1661866
1473,13,PEDRO TOURINHO DE SIQUEIRA,164,PT,2024,-22.9307354,-47.1661866
1473,13011,CECILIO SERAFIM DOS SANTOS,55,PT,2024,-22.9307354,-47.1661866
1473,15123,JOÃO BATISTA DE PAULA,86,MDB,2024,-22.9307354,-47.1661866
1473,23,RAFAEL FERNANDO ZIMBALDI,64,CIDADANIA,2024,-22.9307354,-47.1661866
1473,95,VOTO BRANCO,139,,2024,-22.9307354,-47.1661866
1473,96,VOTO NULO,121,,2024,-22.9307354,-47.1661866
1481,10,DÁRIO JORGE GIOLO SAADI,3399,REPUBLICANOS,2024,-22.947271,-47.0254278
1481,10,REPUBLICANOS,81,REPUBLICANOS,2024,-22.947271,-47.0254278
1481,10000,LUIZ CARLOS ROSSINI,41,REPUBLICANOS,2024,-22.947271,-47.0254278
1481,10123,BENEDITO ROBERTO ALVES FERREIRA,118,REPUBLICANOS,2024,-22.947271,-47.0254278
1481,10200,HIGOR DIEGO RALLA,211,REPUBLICANOS,2024,-22.947271,-47.0254278
1481,10234,MILTON SOARES MUCHIUTTE,38,REPUBLICANOS,2024,-22.947271,-47.0254278
1481,11000,YANKO GONÇALVES MELLO,30,PP,2024,-22.947271,-47.0254278
1481,11211,RONIE FERREIRA DOS SANTOS,38,PP,2024,-22.947271,-47.0254278
1481,13,PEDRO TOURINHO DE SIQUEIRA,1190,PT,2024,-22.947271,-47.0254278
1481,13,Partido dos Trabalhadores,70,PT,2024,-22.947271,-47.0254278
1481,13011,CECILIO SERAFIM DOS SANTOS,153,PT,2024,-22.947271,-47.0254278
1481,13100,LUIZ CARLOS FELICIDADE,33,PT,2024,-22.947271,-47.0254278
1481,13123,PAOLLA CATHERINE DOS SANTOS MIGUEL AGARD,60,PT,2024,-22.947271,-47.0254278
1481,13700,GEORGENIS HENRIQUE DE OLIVEIRA SOARES,171,PT,2024,-22.947271,-47.0254278
1481,15000,ARNALDO SALVETTI PALÁCIO JUNIOR,54,MDB,2024,-22.947271,-47.0254278
1481,15111,RODRIGO DA SILVA FREITAS DOS SANTOS,37,MDB,2024,-22.947271,-47.0254278
1481,15123,JOÃO BATISTA DE PAULA,186,MDB,2024,-22.947271,-47.0254278
1481,20000,EDUARDO DOS REIS MAGOGA,210,PODE,2024,-22.947271,-47.0254278
1481,20100,HEBERT GARAGNANI,54,PODE,2024,-22.947271,-47.0254278
1481,22233,GUILHERME BANDONI TEIXEIRA,64,PL,2024,-22.947271,-47.0254278
1481,22400,MARCIA APARECIDA PEREIRA DA SILVA PINHEIRO,66,PL,2024,-22.947271,-47.0254278
1481,22422,BENEDITO PEREIRA LIMA,49,PL,2024,-22.947271,-47.0254278
1481,23,RAFAEL FERNANDO ZIMBALDI,323,CIDADANIA,2024,-22.947271,-47.0254278
1481,23000,VINICIUS DE OLIVEIRA SANDOVAL,131,CIDADANIA,2024,-22.947271,-47.0254278
1481,30,WILSON KELLER DE MATOS,69,NOVO,2024,-22.947271,-47.0254278
1481,40580,JOSE CARLOS DOS SANTOS,479,PSB,2024,-22.947271,-47.0254278
1481,40678,JOSE CARLOS SILVA,46,PSB,2024,-22.947271,-47.0254278
1481,40888,AILTON FERNANDES SARMENTO,254,PSB,2024,-22.947271,-47.0254278
1481,44040,APARECIDO SOUZA SANTOS,51,UNIÃO,2024,-22.947271,-47.0254278
1481,44200,EDSON RIBEIRO,82,UNIÃO,2024,-22.947271,-47.0254278
1481,44400,JORGE RICARDO TEIXEIRA CEZARIO,39,UNIÃO,2024,-22.947271,-47.0254278
1481,50100,MARIANA CONTI TAKAHASHI,64,PSOL,2024,-22.947271,-47.0254278
1481,55510,MULLER PASCHOAL DE OLIVEIRA FERREIRA,30,PSD,2024,-22.947271,-47.0254278
1481,70123,JOSE DE ARIMATEA SANTOS SILVA FILHO,30,AVANTE,2024,-22.947271,-47.0254278
1481,77714,CLAYSON DIAS FERREIRA,30,SOLIDARIEDADE,2024,-22.947271,-47.0254278
1481,95,VOTO BRANCO,742,,2024,-22.947271,-47.0254278
1481,96,VOTO NULO,868,,2024,-22.947271,-47.0254278
1490,10,DÁRIO JORGE GIOLO SAADI,1381,REPUBLICANOS,2024,-22.9784626,-47.1486902
1490,10000,LUIZ CARLOS ROSSINI,33,REPUBLICANOS,2024,-22.9784626,-47.1486902
1490,10123,BENEDITO ROBERTO ALVES FERREIRA,37,REPUBLICANOS,2024,-22.9784626,-47.1486902
1490,10450,MARCELO PONTEL,113,REPUBLICANOS,2024,-22.9784626,-47.1486902
1490,13,PEDRO TOURINHO DE SIQUEIRA,499,PT,2024,-22.9784626,-47.1486902
1490,15000,ARNALDO SALVETTI PALÁCIO JUNIOR,31,MDB,2024,-22.9784626,-47.1486902
1490,15567,LUIS GUSTAVO MARQUES DOS SANTOS,68,MDB,2024,-22.9784626,-47.1486902
1490,20123,GILBERTO LEÃO DE ARAÚJO,178,PODE,2024,-22.9784626,-47.1486902
1490,22222,OTTO ALEJANDRO RIGAZZO ETTINGER,65,PL,2024,-22.9784626,-47.1486902
1490,23,RAFAEL FERNANDO ZIMBALDI,247,CIDADANIA,2024,-22.9784626,-47.1486902
1490,23000,VINICIUS DE OLIVEIRA SANDOVAL,63,CIDADANIA,2024,-22.9784626,-47.1486902
1490,30,WILSON KELLER DE MATOS,38,NOVO,2024,-22.9784626,-47.1486902
1490,40800,MARCELO VITAL,114,PSB,2024,-22.9784626,-47.1486902
1490,44000,RODRIGO LUIS DE BARROS ALMEIDA,47,UNIÃO,2024,-22.9784626,-47.1486902
1490,50100,MARIANA CONTI TAKAHASHI,37,PSOL,2024,-22.9784626,-47.1486902
1490,95,VOTO BRANCO,310,,2024,-22.9784626,-47.1486902
1490,96,VOTO NULO,385,,2024,-22.9784626,-47.1486902
1503,10,DÁRIO JORGE GIOLO SAADI,2212,REPUBLICANOS,2024,-22.8495257,-47.0372577
1503,10,REPUBLICANOS,43,REPUBLICANOS,2024,-22.8495257,-47.0372577
1503,10000,LUIZ CARLOS ROSSINI,32,REPUBLICANOS,2024,-22.8495257,-47.0372577
1503,10123,BENEDITO ROBERTO ALVES FERREIRA,96,REPUBLICANOS,2024,-22.8495257,-47.0372577
1503,10450,MARCELO PONTEL,269,REPUBLICANOS,2024,-22.8495257,-47.0372577
1503,13,PEDRO TOURINHO DE SIQUEIRA,876,PT,2024,-22.8495257,-47.0372577
1503,13,Partido dos Trabalhadores,69,PT,2024,-22.8495257,-47.0372577
1503,13019,JUCELINO SOUZA DE NOVAIS JUNIOR,42,PT,2024,-22.8495257,-47.0372577
1503,13020,MARGARIDA DA SILVA CALIXTO,41,PT,2024,-22.8495257,-47.0372577
1503,13112,EVELYN SILVA DO NASCIMENTO VICENTE DA SILVA,37,PT,2024,-22.8495257,-47.0372577
1503,13123,PAOLLA CATHERINE DOS SANTOS MIGUEL AGARD,55,PT,2024,-22.8495257,-47.0372577
1503,15000,ARNALDO SALVETTI PALÁCIO JUNIOR,44,MDB,2024,-22.8495257,-47.0372577
1503,15555,HÉLIO ALVES MOREIRA,30,MDB,2024,-22.8495257,-47.0372577
1503,15567,LUIS GUSTAVO MARQUES DOS SANTOS,45,MDB,2024,-22.8495257,-47.0372577
1503,15789,JAKSSON LEANDRO LUCIANO GONÇALVES,94,MDB,2024,-22.8495257,-47.0372577
1503,20123,GILBERTO LEÃO DE ARAÚJO,106,PODE,2024,-22.8495257,-47.0372577
1503,20789,LUCINEIDE DA CONCEIÇÃO LIMA,37,PODE,2024,-22.8495257,-47.0372577
1503,22222,OTTO ALEJANDRO RIGAZZO ETTINGER,115,PL,2024,-22.8495257,-47.0372577
1503,22233,GUILHERME BANDONI TEIXEIRA,39,PL,2024,-22.8495257,-47.0372577
1503,22422,BENEDITO PEREIRA LIMA,37,PL,2024,-22.8495257,-47.0372577
1503,23,RAFAEL FERNANDO ZIMBALDI,432,CIDADANIA,2024,-22.8495257,-47.0372577
1503,23000,VINICIUS DE OLIVEIRA SANDOVAL,110,CIDADANIA,2024,-22.8495257,-47.0372577
1503,28069,ANTONIO R DE LUCENA JUNIOR,64,PRTB,2024,-22.8495257,-47.0372577
1503,30,WILSON KELLER DE MATOS,44,NOVO,2024,-22.8495257,-47.0372577
1503,40222,ERIKA VIVIANE DE SOUZA RAMOS,71,PSB,2024,-22.8495257,-47.0372577
1503,40555,LUIZ FERNANDO MARIANO MATEUS,37,PSB,2024,-22.8495257,-47.0372577
1503,40580,JOSE CARLOS DOS SANTOS,45,PSB,2024,-22.8495257,-47.0372577
1503,40800,MARCELO VITAL,98,PSB,2024,-22.8495257,-47.0372577
1503,44000,RODRIGO LUIS DE BARROS ALMEIDA,142,UNIÃO,2024,-22.8495257,-47.0372577
1503,50100,MARIANA CONTI TAKAHASHI,48,PSOL,2024,-22.8495257,-47.0372577
1503,55510,MULLER PASCHOAL DE OLIVEIRA FERREIRA,38,PSD,2024,-22.8495257,-47.0372577
1503,65656,GUSTAVO LEMOS PETTA,70,PC DO B,2024,-22.8495257,-47.0372577
1503,70123,JOSE DE ARIMATEA SANTOS SILVA FILHO,36,AVANTE,2024,-22.8495257,-47.0372577
1503,70777,VALDEIR LUCCHIARI,36,AVANTE,2024,-22.8495257,-47.0372577
1503,95,VOTO BRANCO,667,,2024,-22.8495257,-47.0372577
1503,96,VOTO NULO,624,,2024,-22.8495257,-47.0372577
1511,10,DÁRIO JORGE GIOLO SAADI,1125,REPUBLICANOS,2024,-22.9064,-47.0616
1511,10150,PAULO ROBERTO DOS SANTOS VIEIRA,84,REPUBLICANOS,2024,-22.9064,-47.0616
1511,10200,HIGOR DIEGO RALLA,242,REPUBLICANOS,2024,-22.9064,-47.0616
1511,13,PEDRO TOURINHO DE SIQUEIRA,374,PT,2024,-22.9064,-47.0616
1511,13123,PAOLLA CATHERINE DOS SANTOS MIGUEL AGARD,36,PT,2024,-22.9064,-47.0616
1511,22233,GUILHERME BANDONI TEIXEIRA,39,PL,2024,-22.9064,-47.0616
1511,23,RAFAEL FERNANDO ZIMBALDI,128,CIDADANIA,2024,-22.9064,-47.0616
1511,40112,FILIPE BATISTA MARCHESI,329,PSB,2024,-22.9064,-47.0616
1511,44250,MAURICELE DA SILVA LOPES,90,UNIÃO,2024,-22.9064,-47.0616
1511,70400,ERIVAN FELIZARDO REGO,94,AVANTE,2024,-22.9064,-47.0616
1511,95,VOTO BRANCO,338,,2024,-22.9064,-47.0616
1511,96,VOTO NULO,264,,2024,-22.9064,-47.0616
1520,10,DÁRIO JORGE GIOLO SAADI,2349,REPUBLICANOS,2024,-22.9555585,-47.1326861
1520,10,REPUBLICANOS,58,REPUBLICANOS,2024,-22.9555585,-47.1326861
1520,10000,LUIZ CARLOS ROSSINI,30,REPUBLICANOS,2024,-22.9555585,-47.1326861
1520,10123,BENEDITO ROBERTO ALVES FERREIRA,64,REPUBLICANOS,2024,-22.9555585,-47.1326861
1520,10200,HIGOR DIEGO RALLA,34,REPUBLICANOS,2024,-22.9555585,-47.1326861
1520,10234,MILTON SOARES MUCHIUTTE,74,REPUBLICANOS,2024,-22.9555585,-47.1326861
1520,10456,CARMO LUIZ GREGÓRIO DA SILVA,320,REPUBLICANOS,2024,-22.9555585,-47.1326861
1520,11210,JOSÉ APARECIDO DOS SANTOS,33,PP,2024,-22.9555585,-47.1326861
1520,11456,FABIO CAMILO DE ALMEIDA,42,PP,2024,-22.9555585,-47.1326861
1520,13,PEDRO TOURINHO DE SIQUEIRA,862,PT,2024,-22.9555585,-47.1326861
1520,13,Partido dos Trabalhadores,53,PT,2024,-22.9555585,-47.1326861
1520,13011,CECILIO SERAFIM DOS SANTOS,37,PT,2024,-22.9555585,-47.1326861
1520,13019,JUCELINO SOUZA DE NOVAIS JUNIOR,30,PT,2024,-22.9555585,-47.1326861
1520,13112,EVELYN SILVA DO NASCIMENTO VICENTE DA SILVA,140,PT,2024,-22.9555585,-47.1326861
1520,13123,PAOLLA CATHERINE DOS SANTOS MIGUEL AGARD,53,PT,2024,-22.9555585,-47.1326861
1520,15555,HÉLIO ALVES MOREIRA,44,MDB,2024,-22.9555585,-47.1326861
1520,20123,GILBERTO LEÃO DE ARAÚJO,40,PODE,2024,-22.9555585,-47.1326861
1520,20595,SÉRGIO ROBERTO SANTIAGO SILVA,34,PODE,2024,-22.9555585,-47.1326861
1520,22222,OTTO ALEJANDRO RIGAZZO ETTINGER,48,PL,2024,-22.9555585,-47.1326861
1520,22233,GUILHERME BANDONI TEIXEIRA,77,PL,2024,-22.9555585,-47.1326861
1520,22422,BENEDITO PEREIRA LIMA,34,PL,2024,-22.9555585,-47.1326861
1520,23,RAFAEL FERNANDO ZIMBALDI,509,CIDADANIA,2024,-22.9555585,-47.1326861
1520,23000,VINICIUS DE OLIVEIRA SANDOVAL,90,CIDADANIA,2024,-22.9555585,-47.1326861
1520,27001,MARCIO JOSE BARBOSA,34,DC,2024,-22.9555585,-47.1326861
1520,27123,DANIEL DE SOUZA NOVELLO ARAUJO,116,DC,2024,-22.9555585,-47.1326861
1520,35333,MARIA DA PAZ SANTIAGO DE ARAÚJO,36,PMB,2024,-22.9555585,-47.1326861
1520,35678,PAULO BERNARDINO DE SOUZA,63,PMB,2024,-22.9555585,-47.1326861
1520,40800,MARCELO VITAL,42,PSB,2024,-22.9555585,-47.1326861
1520,40900,JOSE HONORATO DOS SANTOS,129,PSB,2024,-22.9555585,-47.1326861
1520,44000,RODRIGO LUIS DE BARROS ALMEIDA,45,UNIÃO,2024,-22.9555585,-47.1326861
1520,44111,JOSE FRANCISCO DA SILVA,122,UNIÃO,2024,-22.9555585,-47.1326861
1520,44200,EDSON RIBEIRO,210,UNIÃO,2024,-22.9555585,-47.1326861
1520,95,VOTO BRANCO,750,,2024,-22.9555585,-47.1326861
1520,96,VOTO NULO,633,,2024,-22.9555585,-47.1326861
1538,10,DÁRIO JORGE GIOLO SAADI,1428,REPUBLICANOS,2024,-22.9647092,-47.0950043
1538,10222,JEZIEL SEVERINO DA SILVA,38,REPUBLICANOS,2024,-22.9647092,-47.0950043
1538,11456,FABIO CAMILO DE ALMEIDA,36,PP,2024,-22.9647092,-47.0950043
1538,13,PEDRO TOURINHO DE SIQUEIRA,424,PT,2024,-22.9647092,-47.0950043
1538,13011,CECILIO SERAFIM DOS SANTOS,45,PT,2024,-22.9647092,-47.0950043
1538,20020,LUIZ HENRIQUE CIRILO,61,PODE,2024,-22.9647092,-47.0950043
1538,23,RAFAEL FERNANDO ZIMBALDI,187,CIDADANIA,2024,-22.9647092,-47.0950043
1538,23000,VINICIUS DE OLIVEIRA SANDOVAL,31,CIDADANIA,2024,-22.9647092,-47.0950043
1538,23100,BENTO ROSA SOARES,59,CIDADANIA,2024,-22.9647092,-47.0950043
1538,40500,RUBENS SOARES DO NASCIMENTO,1072,PSB,2024,-22.9647092,-47.0950043
1538,40513,NEUSA SILVA,35,PSB,2024,-22.9647092,-47.0950043
1538,95,VOTO BRANCO,453,,2024,-22.9647092,-47.0950043
1538,96,VOTO NULO,456,,2024,-22.9647092,-47.0950043
1546,10,DÁRIO JORGE GIOLO SAADI,2813,REPUBLICANOS,2024,-22.7919104,-47.0708398
1546,10,REPUBLICANOS,77,REPUBLICANOS,2024,-22.7919104,-47.0708398
1546,10000,LUIZ CARLOS ROSSINI,77,REPUBLICANOS,2024,-22.7919104,-47.0708398
1546,10123,BENEDITO ROBERTO ALVES FERREIRA,71,REPUBLICANOS,2024,-22.7919104,-47.0708398
1546,10234,MILTON SOARES MUCHIUTTE,85,REPUBLICANOS,2024,-22.7919104,-47.0708398
1546,10500,LUIS MOKITI YABIKU,44,REPUBLICANOS,2024,-22.7919104,-47.0708398
1546,10800,DONIZETI GOMES,67,REPUBLICANOS,2024,-22.7919104,-47.0708398
1546,11789,JOSE CARLOS DO NASCIMENTO,37,PP,2024,-22.7919104,-47.0708398
1546,13,PEDRO TOURINHO DE SIQUEIRA,1108,PT,2024,-22.7919104,-47.0708398
1546,13,Partido dos Trabalhadores,92,PT,2024,-22.7919104,-47.0708398
1546,13020,MARGARIDA DA SILVA CALIXTO,69,PT,2024,-22.7919104,-47.0708398
1546,13123,PAOLLA CATHERINE DOS SANTOS MIGUEL AGARD,62,PT,2024,-22.7919104,-47.0708398
1546,13300,WAGNER DE MELO ROMÃO,127,PT,2024,-22.7919104,-47.0708398
1546,15000,ARNALDO SALVETTI PALÁCIO JUNIOR,47,MDB,2024,-22.7919104,-47.0708398
1546,15567,LUIS GUSTAVO MARQUES DOS SANTOS,54,MDB,2024,-22.7919104,-47.0708398
1546,15789,JAKSSON LEANDRO LUCIANO GONÇALVES,33,MDB,2024,-22.7919104,-47.0708398
1546,20100,HEBERT GARAGNANI,43,PODE,2024,-22.7919104,-47.0708398
1546,20123,GILBERTO LEÃO DE ARAÚJO,39,PODE,2024,-22.7919104,-47.0708398
1546,22000,DEBORA DE ANDRADE PALERMO,46,PL,2024,-22.7919104,-47.0708398
1546,22123,LUIS HENRIQUE SILVA SCHENEIDER,40,PL,2024,-22.7919104,-47.0708398
1546,22222,OTTO ALEJANDRO RIGAZZO ETTINGER,104,PL,2024,-22.7919104,-47.0708398
1546,22233,GUILHERME BANDONI TEIXEIRA,59,PL,2024,-22.7919104,-47.0708398
1546,22336,FLÁVIO EDILSON PADOVINI,64,PL,2024,-22.7919104,-47.0708398
1546,22400,MARCIA APARECIDA PEREIRA DA SILVA PINHEIRO,39,PL,2024,-22.7919104,-47.0708398
1546,22422,BENEDITO PEREIRA LIMA,55,PL,2024,-22.7919104,-47.0708398
1546,23,RAFAEL FERNANDO ZIMBALDI,316,CIDADANIA,2024,-22.7919104,-47.0708398
1546,23000,VINICIUS DE OLIVEIRA SANDOVAL,105,CIDADANIA,2024,-22.7919104,-47.0708398
1546,30,WILSON KELLER DE MATOS,81,NOVO,2024,-22.7919104,-47.0708398
1546,40345,CLAUDINEI ALMEIDA,43,PSB,2024,-22.7919104,-47.0708398
1546,44000,RODRIGO LUIS DE BARROS ALMEIDA,47,UNIÃO,2024,-22.7919104,-47.0708398
1546,44200,EDSON RIBEIRO,32,UNIÃO,2024,-22.7919104,-47.0708398
1546,50000,PAULO ROBERTO BUFALO,31,PSOL,2024,-22.7919104,-47.0708398
1546,50019,THAMIRES BATISTA GOMES RAMOS,31,PSOL,2024,-22.7919104,-47.0708398
1546,50100,MARIANA CONTI TAKAHASHI,149,PSOL,2024,-22.7919104,-47.0708398
1546,55055,NELSON HOSSRI NETO,30,PSD,2024,-22.7919104,-47.0708398
1546,55510,MULLER PASCHOAL DE OLIVEIRA FERREIRA,32,PSD,2024,-22.7919104,-47.0708398
1546,55655,PAULO CÉSAR HADDAD,178,PSD,2024,-22.7919104,-47.0708398
1546,65656,GUSTAVO LEMOS PETTA,46,PC DO B,2024,-22.7919104,-47.0708398
1546,70000,AURELIO JOSE CLAUDIO,114,AVANTE,2024,-22.7919104,-47.0708398
1546,95,VOTO BRANCO,595,,2024,-22.7919104,-47.0708398
1546,96,VOTO NULO,652,,2024,-22.7919104,-47.0708398
1554,10,DÁRIO JORGE GIOLO SAADI,4130,REPUBLICANOS,2024,-22.9359335,-47.091576
1554,10,REPUBLICANOS,90,REPUBLICANOS,2024,-22.9359335,-47.091576
1554,10000,LUIZ CARLOS ROSSINI,42,REPUBLICANOS,2024,-22.9359335,-47.091576
1554,10123,BENEDITO ROBERTO ALVES FERREIRA,107,REPUBLICANOS,2024,-22.9359335,-47.091576
1554,10200,HIGOR DIEGO RALLA,40,REPUBLICANOS,2024,-22.9359335,-47.091576
1554,10222,JEZIEL SEVERINO DA SILVA,32,REPUBLICANOS,2024,-22.9359335,-47.091576
1554,10234,MILTON SOARES MUCHIUTTE,37,REPUBLICANOS,2024,-22.9359335,-47.091576
1554,11022,JONATHAS DE SIQUEIRA FERREIRA,54,PP,2024,-22.9359335,-47.091576
1554,11456,FABIO CAMILO DE ALMEIDA,37,PP,2024,-22.9359335,-47.091576
1554,11999,LEONICE ALVES DA PÁZ,31,PP,2024,-22.9359335,-47.091576
1554,13,PEDRO TOURINHO DE SIQUEIRA,1490,PT,2024,-22.9359335,-47.091576
1554,13,Partido dos Trabalhadores,115,PT,2024,-22.9359335,-47.091576
1554,13011,CECILIO SERAFIM DOS SANTOS,38,PT,2024,-22.9359335,-47.091576
1554,13019,JUCELINO SOUZA DE NOVAIS JUNIOR,53,PT,2024,-22.9359335,-47.091576
1554,13020,MARGARIDA DA SILVA CALIXTO,65,PT,2024,-22.9359335,-47.091576
1554,13100,LUIZ CARLOS FELICIDADE,57,PT,2024,-22.9359335,-47.091576
1554,13123,PAOLLA CATHERINE DOS SANTOS MIGUEL AGARD,73,PT,2024,-22.9359335,-47.091576
1554,15000,ARNALDO SALVETTI PALÁCIO JUNIOR,40,MDB,2024,-22.9359335,-47.091576
1554,15111,RODRIGO DA SILVA FREITAS DOS SANTOS,43,MDB,2024,-22.9359335,-47.091576
1554,15555,HÉLIO ALVES MOREIRA,50,MDB,2024,-22.9359335,-47.091576
1554,15567,LUIS GUSTAVO MARQUES DOS SANTOS,39,MDB,2024,-22.9359335,-47.091576
1554,20019,LUCIANA DA SILVA MENDES,31,PODE,2024,-22.9359335,-47.091576
1554,20100,HEBERT GARAGNANI,50,PODE,2024,-22.9359335,-47.091576
1554,20123,GILBERTO LEÃO DE ARAÚJO,49,PODE,2024,-22.9359335,-47.091576
1554,22123,LUIS HENRIQUE SILVA SCHENEIDER,45,PL,2024,-22.9359335,-47.091576
1554,22222,OTTO ALEJANDRO RIGAZZO ETTINGER,59,PL,2024,-22.9359335,-47.091576
1554,22233,GUILHERME BANDONI TEIXEIRA,80,PL,2024,-22.9359335,-47.091576
1554,22400,MARCIA APARECIDA PEREIRA DA SILVA PINHEIRO,32,PL,2024,-22.9359335,-47.091576
1554,22422,BENEDITO PEREIRA LIMA,50,PL,2024,-22.9359335,-47.091576
1554,23,RAFAEL FERNANDO ZIMBALDI,813,CIDADANIA,2024,-22.9359335,-47.091576
1554,23000,VINICIUS DE OLIVEIRA SANDOVAL,208,CIDADANIA,2024,-22.9359335,-47.091576
1554,23123,TAK CHUNG WU,53,CIDADANIA,2024,-22.9359335,-47.091576
1554,30,WILSON KELLER DE MATOS,74,NOVO,2024,-22.9359335,-47.091576
1554,36390,FRANCISCO CARLOS DE OLIVEIRA,157,AGIR,2024,-22.9359335,-47.091576
1554,40013,JAIRSON VALERIO DOS ANJOS,71,PSB,2024,-22.9359335,-47.091576
1554,40110,ARMINDO LIMA DE ALMEIDA,50,PSB,2024,-22.9359335,-47.091576
1554,40123,MARIO CESAR MELLO DA SILVA,269,PSB,2024,-22.9359335,-47.091576
1554,40234,MARCOS JOSE BERNARDELLI,68,PSB,2024,-22.9359335,-47.091576
1554,40456,PERMINIO MONTEIRO DA SILVA,33,PSB,2024,-22.9359335,-47.091576
1554,40500,RUBENS SOARES DO NASCIMENTO,405,PSB,2024,-22.9359335,-47.091576
1554,40555,LUIZ FERNANDO MARIANO MATEUS,352,PSB,2024,-22.9359335,-47.091576
1554,40580,JOSE CARLOS DOS SANTOS,127,PSB,2024,-22.9359335,-47.091576
1554,40800,MARCELO VITAL,79,PSB,2024,-22.9359335,-47.091576
1554,44000,RODRIGO LUIS DE BARROS ALMEIDA,51,UNIÃO,2024,-22.9359335,-47.091576
1554,44040,APARECIDO SOUZA SANTOS,48,UNIÃO,2024,-22.9359335,-47.091576
1554,44100,CLAUDIA DAS DORES CAMARGO DA SILVA,44,UNIÃO,2024,-22.9359335,-47.091576
1554,44200,EDSON RIBEIRO,30,UNIÃO,2024,-22.9359335,-47.091576
1554,44999,MARCONE JOSÉ DE LIMA,537,UNIÃO,2024,-22.9359335,-47.091576
1554,50100,MARIANA CONTI TAKAHASHI,97,PSOL,2024,-22.9359335,-47.091576
1554,55055,NELSON HOSSRI NETO,44,PSD,2024,-22.9359335,-47.091576
1554,55510,MULLER PASCHOAL DE OLIVEIRA FERREIRA,39,PSD,2024,-22.9359335,-47.091576
1554,65656,GUSTAVO LEMOS PETTA,44,PC DO B,2024,-22.9359335,-47.091576
1554,77077,JOSE DILSON RODRIGUES,109,SOLIDARIEDADE,2024,-22.9359335,-47.091576
1554,77100,JAIR QUINÁLIA,47,SOLIDARIEDADE,2024,-22.9359335,-47.091576
1554,95,VOTO BRANCO,1280,,2024,-22.9359335,-47.091576
1554,96,VOTO NULO,1273,,2024,-22.9359335,-47.091576
1562,10,DÁRIO JORGE GIOLO SAADI,1153,REPUBLICANOS,2024,-22.9645612,-47.0771071
1562,10123,BENEDITO ROBERTO ALVES FERREIRA,43,REPUBLICANOS,2024,-22.9645612,-47.0771071
1562,13,PEDRO TOURINHO DE SIQUEIRA,399,PT,2024,-22.9645612,-47.0771071
1562,13,Partido dos Trabalhadores,34,PT,2024,-22.9645612,-47.0771071
1562,20019,LUCIANA DA SILVA MENDES,51,PODE,2024,-22.9645612,-47.0771071
1562,20123,GILBERTO LEÃO DE ARAÚJO,46,PODE,2024,-22.9645612,-47.0771071
1562,22233,GUILHERME BANDONI TEIXEIRA,33,PL,2024,-22.9645612,-47.0771071
1562,23,RAFAEL FERNANDO ZIMBALDI,278,CIDADANIA,2024,-22.9645612,-47.0771071
1562,23000,VINICIUS DE OLIVEIRA SANDOVAL,49,CIDADANIA,2024,-22.9645612,-47.0771071
1562,40123,MARIO CESAR MELLO DA SILVA,62,PSB,2024,-22.9645612,-47.0771071
1562,40555,LUIZ FERNANDO MARIANO MATEUS,186,PSB,2024,-22.9645612,-47.0771071
1562,40800,MARCELO VITAL,53,PSB,2024,-22.9645612,-47.0771071
1562,44999,MARCONE JOSÉ DE LIMA,399,UNIÃO,2024,-22.9645612,-47.0771071
1562,77077,JOSE DILSON RODRIGUES,64,SOLIDARIEDADE,2024,-22.9645612,-47.0771071
1562,95,VOTO BRANCO,323,,2024,-22.9645612,-47.0771071
1562,96,VOTO NULO,325,,2024,-22.9645612,-47.0771071
1570,10,DÁRIO JORGE GIOLO SAADI,1473,REPUBLICANOS,2024,-22.9531008,-47.0906109
1570,10123,BENEDITO ROBERTO ALVES FERREIRA,36,REPUBLICANOS,2024,-22.9531008,-47.0906109
1570,11456,FABIO CAMILO DE ALMEIDA,95,PP,2024,-22.9531008,-47.0906109
1570,13,PEDRO TOURINHO DE SIQUEIRA,493,PT,2024,-22.9531008,-47.0906109
1570,13019,JUCELINO SOUZA DE NOVAIS JUNIOR,32,PT,2024,-22.9531008,-47.0906109
1570,13123,PAOLLA CATHERINE DOS SANTOS MIGUEL AGARD,31,PT,2024,-22.9531008,-47.0906109
1570,20123,GILBERTO LEÃO DE ARAÚJO,138,PODE,2024,-22.9531008,-47.0906109
1570,22222,OTTO ALEJANDRO RIGAZZO ETTINGER,40,PL,2024,-22.9531008,-47.0906109
1570,22233,GUILHERME BANDONI TEIXEIRA,45,PL,2024,-22.9531008,-47.0906109
1570,23,RAFAEL FERNANDO ZIMBALDI,346,CIDADANIA,2024,-22.9531008,-47.0906109
1570,23000,VINICIUS DE OLIVEIRA SANDOVAL,71,CIDADANIA,2024,-22.9531008,-47.0906109
1570,30,WILSON KELLER DE MATOS,38,NOVO,2024,-22.9531008,-47.0906109
1570,40123,MARIO CESAR MELLO DA SILVA,35,PSB,2024,-22.9531008,-47.0906109
1570,40555,LUIZ FERNANDO MARIANO MATEUS,97,PSB,2024,-22.9531008,-47.0906109
1570,40580,JOSE CARLOS DOS SANTOS,204,PSB,2024,-22.9531008,-47.0906109
1570,40800,MARCELO VITAL,99,PSB,2024,-22.9531008,-47.0906109
1570,44000,RODRIGO LUIS DE BARROS ALMEIDA,36,UNIÃO,2024,-22.9531008,-47.0906109
1570,44999,MARCONE JOSÉ DE LIMA,188,UNIÃO,2024,-22.9531008,-47.0906109
1570,77077,JOSE DILSON RODRIGUES,48,SOLIDARIEDADE,2024,-22.9531008,-47.0906109
1570,95,VOTO BRANCO,490,,2024,-22.9531008,-47.0906109
1570,96,VOTO NULO,455,,2024,-22.9531008,-47.0906109
1589,10,DÁRIO JORGE GIOLO SAADI,1638,REPUBLICANOS,2024,-22.8237837,-47.0909386
1589,10000,LUIZ CARLOS ROSSINI,40,REPUBLICANOS,2024,-22.8237837,-47.0909386
1589,10123,BENEDITO ROBERTO ALVES FERREIRA,32,REPUBLICANOS,2024,-22.8237837,-47.0909386
1589,10800,DONIZETI GOMES,81,REPUBLICANOS,2024,-22.8237837,-47.0909386
1589,13,PEDRO TOURINHO DE SIQUEIRA,949,PT,2024,-22.8237837,-47.0909386
1589,13,Partido dos Trabalhadores,62,PT,2024,-22.8237837,-47.0909386
1589,13019,JUCELINO SOUZA DE NOVAIS JUNIOR,43,PT,2024,-22.8237837,-47.0909386
1589,13020,MARGARIDA DA SILVA CALIXTO,42,PT,2024,-22.8237837,-47.0909386
1589,13123,PAOLLA CATHERINE DOS SANTOS MIGUEL AGARD,59,PT,2024,-22.8237837,-47.0909386
1589,13300,WAGNER DE MELO ROMÃO,73,PT,2024,-22.8237837,-47.0909386
1589,15555,HÉLIO ALVES MOREIRA,30,MDB,2024,-22.8237837,-47.0909386
1589,20123,GILBERTO LEÃO DE ARAÚJO,43,PODE,2024,-22.8237837,-47.0909386
1589,22222,OTTO ALEJANDRO RIGAZZO ETTINGER,57,PL,2024,-22.8237837,-47.0909386
1589,22422,BENEDITO PEREIRA LIMA,32,PL,2024,-22.8237837,-47.0909386
1589,23,RAFAEL FERNANDO ZIMBALDI,294,CIDADANIA,2024,-22.8237837,-47.0909386
1589,23000,VINICIUS DE OLIVEIRA SANDOVAL,85,CIDADANIA,2024,-22.8237837,-47.0909386
1589,30,WILSON KELLER DE MATOS,41,NOVO,2024,-22.8237837,-47.0909386
1589,40123,MARIO CESAR MELLO DA SILVA,64,PSB,2024,-22.8237837,-47.0909386
1589,40555,LUIZ FERNANDO MARIANO MATEUS,117,PSB,2024,-22.8237837,-47.0909386
1589,40800,MARCELO VITAL,33,PSB,2024,-22.8237837,-47.0909386
1589,44000,RODRIGO LUIS DE BARROS ALMEIDA,245,UNIÃO,2024,-22.8237837,-47.0909386
1589,44999,MARCONE JOSÉ DE LIMA,160,UNIÃO,2024,-22.8237837,-47.0909386
1589,50100,MARIANA CONTI TAKAHASHI,137,PSOL,2024,-22.8237837,-47.0909386
1589,50123,FERNANDA DE OLIVEIRA SOUTO,38,PSOL,2024,-22.8237837,-47.0909386
1589,55655,PAULO CÉSAR HADDAD,39,PSD,2024,-22.8237837,-47.0909386
1589,65656,GUSTAVO LEMOS PETTA,35,PC DO B,2024,-22.8237837,-47.0909386
1589,77000,VAGNER  DOS SANTOS BELLINI,35,SOLIDARIEDADE,2024,-22.8237837,-47.0909386
1589,77077,JOSE DILSON RODRIGUES,31,SOLIDARIEDADE,2024,-22.8237837,-47.0909386
1589,95,VOTO BRANCO,521,,2024,-22.8237837,-47.0909386
1589,96,VOTO NULO,517,,2024,-22.8237837,-47.0909386
1597,10,DÁRIO JORGE GIOLO SAADI,521,REPUBLICANOS,2024,-22.9302629,-47.0961189
1597,13,PEDRO TOURINHO DE SIQUEIRA,177,PT,2024,-22.9302629,-47.0961189
1597,23,RAFAEL FERNANDO ZIMBALDI,73,CIDADANIA,2024,-22.9302629,-47.0961189
1597,50100,MARIANA CONTI TAKAHASHI,31,PSOL,2024,-22.9302629,-47.0961189
1597,95,VOTO BRANCO,119,,2024,-22.9302629,-47.0961189
1597,96,VOTO NULO,153,,2024,-22.9302629,-47.0961189
1600,10,DÁRIO JORGE GIOLO SAADI,955,REPUBLICANOS,2024,-22.9064,-47.0616
1600,10800,DONIZETI GOMES,34,REPUBLICANOS,2024,-22.9064,-47.0616
1600,13,PEDRO TOURINHO DE SIQUEIRA,957,PT,2024,-22.9064,-47.0616
1600,13,Partido dos Trabalhadores,41,PT,2024,-22.9064,-47.0616
1600,13019,JUCELINO SOUZA DE NOVAIS JUNIOR,34,PT,2024,-22.9064,-47.0616
1600,13020,MARGARIDA DA SILVA CALIXTO,47,PT,2024,-22.9064,-47.0616
1600,13123,PAOLLA CATHERINE DOS SANTOS MIGUEL AGARD,59,PT,2024,-22.9064,-47.0616
1600,13300,WAGNER DE MELO ROMÃO,128,PT,2024,-22.9064,-47.0616
1600,20123,GILBERTO LEÃO DE ARAÚJO,85,PODE,2024,-22.9064,-47.0616
1600,22422,BENEDITO PEREIRA LIMA,39,PL,2024,-22.9064,-47.0616
1600,23,RAFAEL FERNANDO ZIMBALDI,234,CIDADANIA,2024,-22.9064,-47.0616
1600,30,WILSON KELLER DE MATOS,37,NOVO,2024,-22.9064,-47.0616
1600,44000,RODRIGO LUIS DE BARROS ALMEIDA,106,UNIÃO,2024,-22.9064,-47.0616
1600,50019,THAMIRES BATISTA GOMES RAMOS,48,PSOL,2024,-22.9064,-47.0616
1600,50100,MARIANA CONTI TAKAHASHI,193,PSOL,2024,-22.9064,-47.0616
1600,50123,FERNANDA DE OLIVEIRA SOUTO,53,PSOL,2024,-22.9064,-47.0616
1600,77000,VAGNER  DOS SANTOS BELLINI,35,SOLIDARIEDADE,2024,-22.9064,-47.0616
1600,95,VOTO BRANCO,263,,2024,-22.9064,-47.0616
1600,96,VOTO NULO,318,,2024,-22.9064,-47.0616
1660,10,DÁRIO JORGE GIOLO SAADI,1461,REPUBLICANOS,2024,-23.0395177,-47.1124719
1660,10,REPUBLICANOS,39,REPUBLICANOS,2024,-23.0395177,-47.1124719
1660,10123,BENEDITO ROBERTO ALVES FERREIRA,103,REPUBLICANOS,2024,-23.0395177,-47.1124719
1660,10456,CARMO LUIZ GREGÓRIO DA SILVA,170,REPUBLICANOS,2024,-23.0395177,-47.1124719
1660,11210,JOSÉ APARECIDO DOS SANTOS,117,PP,2024,-23.0395177,-47.1124719
1660,13,PEDRO TOURINHO DE SIQUEIRA,429,PT,2024,-23.0395177,-47.1124719
1660,13112,EVELYN SILVA DO NASCIMENTO VICENTE DA SILVA,159,PT,2024,-23.0395177,-47.1124719
1660,22233,GUILHERME BANDONI TEIXEIRA,41,PL,2024,-23.0395177,-47.1124719
1660,23,RAFAEL FERNANDO ZIMBALDI,288,CIDADANIA,2024,-23.0395177,-47.1124719
1660,23000,VINICIUS DE OLIVEIRA SANDOVAL,30,CIDADANIA,2024,-23.0395177,-47.1124719
1660,23623,PAULO HENRIQUE EMERICK DA SILVA,72,CIDADANIA,2024,-23.0395177,-47.1124719
1660,35325,LUCAS AMARO DOS SANTOS,37,PMB,2024,-23.0395177,-47.1124719
1660,35333,MARIA DA PAZ SANTIAGO DE ARAÚJO,53,PMB,2024,-23.0395177,-47.1124719
1660,35678,PAULO BERNARDINO DE SOUZA,63,PMB,2024,-23.0395177,-47.1124719
1660,35700,CICERO ERIVALDO CARDOSO FEITOSA,78,PMB,2024,-23.0395177,-47.1124719
1660,40900,JOSE HONORATO DOS SANTOS,235,PSB,2024,-23.0395177,-47.1124719
1660,44111,JOSE FRANCISCO DA SILVA,53,UNIÃO,2024,-23.0395177,-47.1124719
1660,70288,JOSÉ GONZAGA DOS SANTOS JUNIOR,47,AVANTE,2024,-23.0395177,-47.1124719
1660,95,VOTO BRANCO,399,,2024,-23.0395177,-47.1124719
1660,96,VOTO NULO,267,,2024,-23.0395177,-47.1124719
1686,10,DÁRIO JORGE GIOLO SAADI,1285,REPUBLICANOS,2024,-22.9718604,-47.1415002
1686,10450,MARCELO PONTEL,41,REPUBLICANOS,2024,-22.9718604,-47.1415002
1686,13,PEDRO TOURINHO DE SIQUEIRA,419,PT,2024,-22.9718604,-47.1415002
1686,13,Partido dos Trabalhadores,31,PT,2024,-22.9718604,-47.1415002
1686,13019,JUCELINO SOUZA DE NOVAIS JUNIOR,31,PT,2024,-22.9718604,-47.1415002
1686,20123,GILBERTO LEÃO DE ARAÚJO,102,PODE,2024,-22.9718604,-47.1415002
1686,22233,GUILHERME BANDONI TEIXEIRA,34,PL,2024,-22.9718604,-47.1415002
1686,22400,MARCIA APARECIDA PEREIRA DA SILVA PINHEIRO,36,PL,2024,-22.9718604,-47.1415002
1686,23,RAFAEL FERNANDO ZIMBALDI,171,CIDADANIA,2024,-22.9718604,-47.1415002
1686,23000,VINICIUS DE OLIVEIRA SANDOVAL,53,CIDADANIA,2024,-22.9718604,-47.1415002
1686,40580,JOSE CARLOS DOS SANTOS,219,PSB,2024,-22.9718604,-47.1415002
1686,40800,MARCELO VITAL,58,PSB,2024,-22.9718604,-47.1415002
1686,40888,AILTON FERNANDES SARMENTO,84,PSB,2024,-22.9718604,-47.1415002
1686,44000,RODRIGO LUIS DE BARROS ALMEIDA,63,UNIÃO,2024,-22.9718604,-47.1415002
1686,70123,JOSE DE ARIMATEA SANTOS SILVA FILHO,33,AVANTE,2024,-22.9718604,-47.1415002
1686,95,VOTO BRANCO,279,,2024,-22.9718604,-47.1415002
1686,96,VOTO NULO,285,,2024,-22.9718604,-47.1415002
1694,10,DÁRIO JORGE GIOLO SAADI,158,REPUBLICANOS,2024,-22.9739235,-47.1243893
1694,13,PEDRO TOURINHO DE SIQUEIRA,59,PT,2024,-22.9739235,-47.1243893
1694,23,RAFAEL FERNANDO ZIMBALDI,44,CIDADANIA,2024,-22.9739235,-47.1243893
1694,44000,RODRIGO LUIS DE BARROS ALMEIDA,47,UNIÃO,2024,-22.9739235,-47.1243893
1694,95,VOTO BRANCO,67,,2024,-22.9739235,-47.1243893
1694,96,VOTO NULO,50,,2024,-22.9739235,-47.1243893
1724,10,DÁRIO JORGE GIOLO SAADI,2959,REPUBLICANOS,2024,-22.8804835,-47.0586452
1724,10,REPUBLICANOS,68,REPUBLICANOS,2024,-22.8804835,-47.0586452
1724,10000,LUIZ CARLOS ROSSINI,43,REPUBLICANOS,2024,-22.8804835,-47.0586452
1724,10123,BENEDITO ROBERTO ALVES FERREIRA,36,REPUBLICANOS,2024,-22.8804835,-47.0586452
1724,10222,JEZIEL SEVERINO DA SILVA,38,REPUBLICANOS,2024,-22.8804835,-47.0586452
1724,10500,LUIS MOKITI YABIKU,38,REPUBLICANOS,2024,-22.8804835,-47.0586452
1724,11000,YANKO GONÇALVES MELLO,37,PP,2024,-22.8804835,-47.0586452
1724,11011,MARCELO DUCHOVNI SILVA,86,PP,2024,-22.8804835,-47.0586452
1724,11190,EDUARDO FRANCISCO DA SILVA,35,PP,2024,-22.8804835,-47.0586452
1724,13,PEDRO TOURINHO DE SIQUEIRA,972,PT,2024,-22.8804835,-47.0586452
1724,13,Partido dos Trabalhadores,95,PT,2024,-22.8804835,-47.0586452
1724,13020,MARGARIDA DA SILVA CALIXTO,44,PT,2024,-22.8804835,-47.0586452
1724,13123,PAOLLA CATHERINE DOS SANTOS MIGUEL AGARD,60,PT,2024,-22.8804835,-47.0586452
1724,13300,WAGNER DE MELO ROMÃO,34,PT,2024,-22.8804835,-47.0586452
1724,15000,ARNALDO SALVETTI PALÁCIO JUNIOR,64,MDB,2024,-22.8804835,-47.0586452
1724,15111,RODRIGO DA SILVA FREITAS DOS SANTOS,42,MDB,2024,-22.8804835,-47.0586452
1724,15222,CRISTIANO FORIGATO,43,MDB,2024,-22.8804835,-47.0586452
1724,20020,LUIZ HENRIQUE CIRILO,32,PODE,2024,-22.8804835,-47.0586452
1724,20100,HEBERT GARAGNANI,36,PODE,2024,-22.8804835,-47.0586452
1724,20190,MARCOS ALVES FERREIRA,33,PODE,2024,-22.8804835,-47.0586452
1724,22000,DEBORA DE ANDRADE PALERMO,61,PL,2024,-22.8804835,-47.0586452
1724,22123,LUIS HENRIQUE SILVA SCHENEIDER,40,PL,2024,-22.8804835,-47.0586452
1724,22222,OTTO ALEJANDRO RIGAZZO ETTINGER,36,PL,2024,-22.8804835,-47.0586452
1724,22422,BENEDITO PEREIRA LIMA,76,PL,2024,-22.8804835,-47.0586452
1724,22622,EDEVALDO DE MELO,54,PL,2024,-22.8804835,-47.0586452
1724,23,RAFAEL FERNANDO ZIMBALDI,315,CIDADANIA,2024,-22.8804835,-47.0586452
1724,23000,VINICIUS DE OLIVEIRA SANDOVAL,209,CIDADANIA,2024,-22.8804835,-47.0586452
1724,30,WILSON KELLER DE MATOS,94,NOVO,2024,-22.8804835,-47.0586452
1724,30999,PAULO SERGIO BARCELLOS GASPAR,37,NOVO,2024,-22.8804835,-47.0586452
1724,40013,JAIRSON VALERIO DOS ANJOS,39,PSB,2024,-22.8804835,-47.0586452
1724,40234,MARCOS JOSE BERNARDELLI,66,PSB,2024,-22.8804835,-47.0586452
1724,40456,PERMINIO MONTEIRO DA SILVA,376,PSB,2024,-22.8804835,-47.0586452
1724,40580,JOSE CARLOS DOS SANTOS,32,PSB,2024,-22.8804835,-47.0586452
1724,40888,AILTON FERNANDES SARMENTO,59,PSB,2024,-22.8804835,-47.0586452
1724,44190,JAIME DE SOUZA,41,UNIÃO,2024,-22.8804835,-47.0586452
1724,44400,JORGE RICARDO TEIXEIRA CEZARIO,37,UNIÃO,2024,-22.8804835,-47.0586452
1724,50000,PAULO ROBERTO BUFALO,35,PSOL,2024,-22.8804835,-47.0586452
1724,50100,MARIANA CONTI TAKAHASHI,156,PSOL,2024,-22.8804835,-47.0586452
1724,50123,FERNANDA DE OLIVEIRA SOUTO,36,PSOL,2024,-22.8804835,-47.0586452
1724,55055,NELSON HOSSRI NETO,68,PSD,2024,-22.8804835,-47.0586452
1724,65656,GUSTAVO LEMOS PETTA,37,PC DO B,2024,-22.8804835,-47.0586452
1724,95,VOTO BRANCO,569,,2024,-22.8804835,-47.0586452
1724,96,VOTO NULO,807,,2024,-22.8804835,-47.0586452
1759,10,DÁRIO JORGE GIOLO SAADI,543,REPUBLICANOS,2024,-22.9064,-47.0616
1759,13,PEDRO TOURINHO DE SIQUEIRA,150,PT,2024,-22.9064,-47.0616
1759,23,RAFAEL FERNANDO ZIMBALDI,37,CIDADANIA,2024,-22.9064,-47.0616
1759,40222,ERIKA VIVIANE DE SOUZA RAMOS,31,PSB,2024,-22.9064,-47.0616
1759,40580,JOSE CARLOS DOS SANTOS,246,PSB,2024,-22.9064,-47.0616
1759,40888,AILTON FERNANDES SARMENTO,37,PSB,2024,-22.9064,-47.0616
1759,95,VOTO BRANCO,112,,2024,-22.9064,-47.0616
1759,96,VOTO NULO,123,,2024,-22.9064,-47.0616
1830,10,DÁRIO JORGE GIOLO SAADI,1854,REPUBLICANOS,2024,-22.9500883,-47.033105
1830,10,REPUBLICANOS,55,REPUBLICANOS,2024,-22.9500883,-47.033105
1830,10000,LUIZ CARLOS ROSSINI,128,REPUBLICANOS,2024,-22.9500883,-47.033105
1830,10500,LUIS MOKITI YABIKU,30,REPUBLICANOS,2024,-22.9500883,-47.033105
1830,11011,MARCELO DUCHOVNI SILVA,53,PP,2024,-22.9500883,-47.033105
1830,13,PEDRO TOURINHO DE SIQUEIRA,659,PT,2024,-22.9500883,-47.033105
1830,13,Partido dos Trabalhadores,51,PT,2024,-22.9500883,-47.033105
1830,13020,MARGARIDA DA SILVA CALIXTO,32,PT,2024,-22.9500883,-47.033105
1830,13123,PAOLLA CATHERINE DOS SANTOS MIGUEL AGARD,41,PT,2024,-22.9500883,-47.033105
1830,13300,WAGNER DE MELO ROMÃO,73,PT,2024,-22.9500883,-47.033105
1830,15000,ARNALDO SALVETTI PALÁCIO JUNIOR,44,MDB,2024,-22.9500883,-47.033105
1830,15123,JOÃO BATISTA DE PAULA,31,MDB,2024,-22.9500883,-47.033105
1830,20100,HEBERT GARAGNANI,33,PODE,2024,-22.9500883,-47.033105
1830,22233,GUILHERME BANDONI TEIXEIRA,30,PL,2024,-22.9500883,-47.033105
1830,22422,BENEDITO PEREIRA LIMA,30,PL,2024,-22.9500883,-47.033105
1830,23,RAFAEL FERNANDO ZIMBALDI,163,CIDADANIA,2024,-22.9500883,-47.033105
1830,23000,VINICIUS DE OLIVEIRA SANDOVAL,60,CIDADANIA,2024,-22.9500883,-47.033105
1830,30,WILSON KELLER DE MATOS,58,NOVO,2024,-22.9500883,-47.033105
1830,40580,JOSE CARLOS DOS SANTOS,234,PSB,2024,-22.9500883,-47.033105
1830,40888,AILTON FERNANDES SARMENTO,194,PSB,2024,-22.9500883,-47.033105
1830,44400,JORGE RICARDO TEIXEIRA CEZARIO,38,UNIÃO,2024,-22.9500883,-47.033105
1830,50100,MARIANA CONTI TAKAHASHI,97,PSOL,2024,-22.9500883,-47.033105
1830,55655,PAULO CÉSAR HADDAD,72,PSD,2024,-22.9500883,-47.033105
1830,95,VOTO BRANCO,460,,2024,-22.9500883,-47.033105
1830,96,VOTO NULO,468,,2024,-22.9500883,-47.033105
1848,10,DÁRIO JORGE GIOLO SAADI,444,REPUBLICANOS,2024,-22.928193,-47.0468131
1848,13,PEDRO TOURINHO DE SIQUEIRA,200,PT,2024,-22.928193,-47.0468131
1848,23,RAFAEL FERNANDO ZIMBALDI,57,CIDADANIA,2024,-22.928193,-47.0468131
1848,40580,JOSE CARLOS DOS SANTOS,36,PSB,2024,-22.928193,-47.0468131
1848,95,VOTO BRANCO,86,,2024,-22.928193,-47.0468131
1848,96,VOTO NULO,130,,2024,-22.928193,-47.0468131
1856,10,DÁRIO JORGE GIOLO SAADI,912,REPUBLICANOS,2024,-22.940068,-47.0410726
1856,13,PEDRO TOURINHO DE SIQUEIRA,327,PT,2024,-22.940068,-47.0410726
1856,23,RAFAEL FERNANDO ZIMBALDI,72,CIDADANIA,2024,-22.940068,-47.0410726
1856,23000,VINICIUS DE OLIVEIRA SANDOVAL,55,CIDADANIA,2024,-22.940068,-47.0410726
1856,40456,PERMINIO MONTEIRO DA SILVA,38,PSB,2024,-22.940068,-47.0410726
1856,40580,JOSE CARLOS DOS SANTOS,43,PSB,2024,-22.940068,-47.0410726
1856,40888,AILTON FERNANDES SARMENTO,206,PSB,2024,-22.940068,-47.0410726
1856,44400,JORGE RICARDO TEIXEIRA CEZARIO,84,UNIÃO,2024,-22.940068,-47.0410726
1856,50100,MARIANA CONTI TAKAHASHI,55,PSOL,2024,-22.940068,-47.0410726
1856,95,VOTO BRANCO,170,,2024,-22.940068,-47.0410726
1856,96,VOTO NULO,213,,2024,-22.940068,-47.0410726
1864,10,DÁRIO JORGE GIOLO SAADI,403,REPUBLICANOS,2024,-22.813504,-47.0340294
1864,13,PEDRO TOURINHO DE SIQUEIRA,176,PT,2024,-22.813504,-47.0340294
1864,13011,CECILIO SERAFIM DOS SANTOS,37,PT,2024,-22.813504,-47.0340294
1864,23,RAFAEL FERNANDO ZIMBALDI,44,CIDADANIA,2024,-22.813504,-47.0340294
1864,40580,JOSE CARLOS DOS SANTOS,102,PSB,2024,-22.813504,-47.0340294
1864,40888,AILTON FERNANDES SARMENTO,45,PSB,2024,-22.813504,-47.0340294
1864,95,VOTO BRANCO,135,,2024,-22.813504,-47.0340294
1864,96,VOTO NULO,142,,2024,-22.813504,-47.0340294
1872,10,DÁRIO JORGE GIOLO SAADI,2885,REPUBLICANOS,2024,-22.9345505,-47.0356543
1872,10,REPUBLICANOS,54,REPUBLICANOS,2024,-22.9345505,-47.0356543
1872,10123,BENEDITO ROBERTO ALVES FERREIRA,59,REPUBLICANOS,2024,-22.9345505,-47.0356543
1872,10234,MILTON SOARES MUCHIUTTE,148,REPUBLICANOS,2024,-22.9345505,-47.0356543
1872,11456,FABIO CAMILO DE ALMEIDA,51,PP,2024,-22.9345505,-47.0356543
1872,13,PEDRO TOURINHO DE SIQUEIRA,1051,PT,2024,-22.9345505,-47.0356543
1872,13,Partido dos Trabalhadores,53,PT,2024,-22.9345505,-47.0356543
1872,13100,LUIZ CARLOS FELICIDADE,58,PT,2024,-22.9345505,-47.0356543
1872,13123,PAOLLA CATHERINE DOS SANTOS MIGUEL AGARD,77,PT,2024,-22.9345505,-47.0356543
1872,15000,ARNALDO SALVETTI PALÁCIO JUNIOR,57,MDB,2024,-22.9345505,-47.0356543
1872,15111,RODRIGO DA SILVA FREITAS DOS SANTOS,32,MDB,2024,-22.9345505,-47.0356543
1872,20100,HEBERT GARAGNANI,43,PODE,2024,-22.9345505,-47.0356543
1872,22233,GUILHERME BANDONI TEIXEIRA,74,PL,2024,-22.9345505,-47.0356543
1872,22422,BENEDITO PEREIRA LIMA,32,PL,2024,-22.9345505,-47.0356543
1872,23,RAFAEL FERNANDO ZIMBALDI,406,CIDADANIA,2024,-22.9345505,-47.0356543
1872,23000,VINICIUS DE OLIVEIRA SANDOVAL,102,CIDADANIA,2024,-22.9345505,-47.0356543
1872,23233,ROSELI APARECIDA DOS SANTOS,135,CIDADANIA,2024,-22.9345505,-47.0356543
1872,30,WILSON KELLER DE MATOS,59,NOVO,2024,-22.9345505,-47.0356543
1872,40456,PERMINIO MONTEIRO DA SILVA,54,PSB,2024,-22.9345505,-47.0356543
1872,40500,RUBENS SOARES DO NASCIMENTO,508,PSB,2024,-22.9345505,-47.0356543
1872,40580,JOSE CARLOS DOS SANTOS,330,PSB,2024,-22.9345505,-47.0356543
1872,40888,AILTON FERNANDES SARMENTO,276,PSB,2024,-22.9345505,-47.0356543
1872,44040,APARECIDO SOUZA SANTOS,53,UNIÃO,2024,-22.9345505,-47.0356543
1872,50100,MARIANA CONTI TAKAHASHI,89,PSOL,2024,-22.9345505,-47.0356543
1872,55000,GUILHERME DAMASCENO FERNANDES,37,PSD,2024,-22.9345505,-47.0356543
1872,55055,NELSON HOSSRI NETO,35,PSD,2024,-22.9345505,-47.0356543
1872,55566,ANDERSON DE SOUZA,119,PSD,2024,-22.9345505,-47.0356543
1872,95,VOTO BRANCO,685,,2024,-22.9345505,-47.0356543
1872,96,VOTO NULO,732,,2024,-22.9345505,-47.0356543
1880,10,DÁRIO JORGE GIOLO SAADI,1467,REPUBLICANOS,2024,-22.8258066,-47.0749843
1880,10,REPUBLICANOS,38,REPUBLICANOS,2024,-22.8258066,-47.0749843
1880,10000,LUIZ CARLOS ROSSINI,55,REPUBLICANOS,2024,-22.8258066,-47.0749843
1880,10500,LUIS MOKITI YABIKU,33,REPUBLICANOS,2024,-22.8258066,-47.0749843
1880,10800,DONIZETI GOMES,104,REPUBLICANOS,2024,-22.8258066,-47.0749843
1880,11011,MARCELO DUCHOVNI SILVA,47,PP,2024,-22.8258066,-47.0749843
1880,13,PEDRO TOURINHO DE SIQUEIRA,1108,PT,2024,-22.8258066,-47.0749843
1880,13,Partido dos Trabalhadores,39,PT,2024,-22.8258066,-47.0749843
1880,13020,MARGARIDA DA SILVA CALIXTO,42,PT,2024,-22.8258066,-47.0749843
1880,13123,PAOLLA CATHERINE DOS SANTOS MIGUEL AGARD,80,PT,2024,-22.8258066,-47.0749843
1880,13300,WAGNER DE MELO ROMÃO,163,PT,2024,-22.8258066,-47.0749843
1880,22422,BENEDITO PEREIRA LIMA,30,PL,2024,-22.8258066,-47.0749843
1880,23,RAFAEL FERNANDO ZIMBALDI,115,CIDADANIA,2024,-22.8258066,-47.0749843
1880,23000,VINICIUS DE OLIVEIRA SANDOVAL,33,CIDADANIA,2024,-22.8258066,-47.0749843
1880,30,WILSON KELLER DE MATOS,88,NOVO,2024,-22.8258066,-47.0749843
1880,30000,CLIMÉRIO DOS SANTOS VIEIRA,36,NOVO,2024,-22.8258066,-47.0749843
1880,30999,PAULO SERGIO BARCELLOS GASPAR,38,NOVO,2024,-22.8258066,-47.0749843
1880,40580,JOSE CARLOS DOS SANTOS,31,PSB,2024,-22.8258066,-47.0749843
1880,40888,AILTON FERNANDES SARMENTO,132,PSB,2024,-22.8258066,-47.0749843
1880,50,Partido Socialismo e Liberdade,39,,2024,-22.8258066,-47.0749843
1880,50000,PAULO ROBERTO BUFALO,34,PSOL,2024,-22.8258066,-47.0749843
1880,50001,MARCELA DIAS MOREIRA,37,PSOL,2024,-22.8258066,-47.0749843
1880,50016,SUZY SANTOS,31,PSOL,2024,-22.8258066,-47.0749843
1880,50019,THAMIRES BATISTA GOMES RAMOS,58,PSOL,2024,-22.8258066,-47.0749843
1880,50100,MARIANA CONTI TAKAHASHI,288,PSOL,2024,-22.8258066,-47.0749843
1880,50123,FERNANDA DE OLIVEIRA SOUTO,86,PSOL,2024,-22.8258066,-47.0749843
1880,55000,GUILHERME DAMASCENO FERNANDES,34,PSD,2024,-22.8258066,-47.0749843
1880,55055,NELSON HOSSRI NETO,31,PSD,2024,-22.8258066,-47.0749843
1880,55655,PAULO CÉSAR HADDAD,57,PSD,2024,-22.8258066,-47.0749843
1880,65656,GUSTAVO LEMOS PETTA,33,PC DO B,2024,-22.8258066,-47.0749843
1880,77000,VAGNER  DOS SANTOS BELLINI,94,SOLIDARIEDADE,2024,-22.8258066,-47.0749843
1880,95,VOTO BRANCO,332,,2024,-22.8258066,-47.0749843
1880,96,VOTO NULO,445,,2024,-22.8258066,-47.0749843
1899,10,DÁRIO JORGE GIOLO SAADI,1490,REPUBLICANOS,2024,-22.9064,-47.0616
1899,10000,LUIZ CARLOS ROSSINI,30,REPUBLICANOS,2024,-22.9064,-47.0616
1899,10800,DONIZETI GOMES,39,REPUBLICANOS,2024,-22.9064,-47.0616
1899,11011,MARCELO DUCHOVNI SILVA,118,PP,2024,-22.9064,-47.0616
1899,13,PEDRO TOURINHO DE SIQUEIRA,613,PT,2024,-22.9064,-47.0616
1899,13,Partido dos Trabalhadores,36,PT,2024,-22.9064,-47.0616
1899,13020,MARGARIDA DA SILVA CALIXTO,44,PT,2024,-22.9064,-47.0616
1899,13123,PAOLLA CATHERINE DOS SANTOS MIGUEL AGARD,38,PT,2024,-22.9064,-47.0616
1899,13300,WAGNER DE MELO ROMÃO,63,PT,2024,-22.9064,-47.0616
1899,22000,DEBORA DE ANDRADE PALERMO,36,PL,2024,-22.9064,-47.0616
1899,23,RAFAEL FERNANDO ZIMBALDI,135,CIDADANIA,2024,-22.9064,-47.0616
1899,23000,VINICIUS DE OLIVEIRA SANDOVAL,62,CIDADANIA,2024,-22.9064,-47.0616
1899,30,WILSON KELLER DE MATOS,69,NOVO,2024,-22.9064,-47.0616
1899,30999,PAULO SERGIO BARCELLOS GASPAR,31,NOVO,2024,-22.9064,-47.0616
1899,40456,PERMINIO MONTEIRO DA SILVA,180,PSB,2024,-22.9064,-47.0616
1899,50100,MARIANA CONTI TAKAHASHI,134,PSOL,2024,-22.9064,-47.0616
1899,50123,FERNANDA DE OLIVEIRA SOUTO,34,PSOL,2024,-22.9064,-47.0616
1899,55055,NELSON HOSSRI NETO,36,PSD,2024,-22.9064,-47.0616
1899,55655,PAULO CÉSAR HADDAD,32,PSD,2024,-22.9064,-47.0616
1899,77000,VAGNER  DOS SANTOS BELLINI,40,SOLIDARIEDADE,2024,-22.9064,-47.0616
1899,95,VOTO BRANCO,305,,2024,-22.9064,-47.0616
1899,96,VOTO NULO,407,,2024,-22.9064,-47.0616
1902,10,DÁRIO JORGE GIOLO SAADI,519,REPUBLICANOS,2024,-22.9064,-47.0616
1902,10800,DONIZETI GOMES,71,REPUBLICANOS,2024,-22.9064,-47.0616
1902,13,PEDRO TOURINHO DE SIQUEIRA,678,PT,2024,-22.9064,-47.0616
1902,13020,MARGARIDA DA SILVA CALIXTO,42,PT,2024,-22.9064,-47.0616
1902,13123,PAOLLA CATHERINE DOS SANTOS MIGUEL AGARD,78,PT,2024,-22.9064,-47.0616
1902,13300,WAGNER DE MELO ROMÃO,76,PT,2024,-22.9064,-47.0616
1902,23,RAFAEL FERNANDO ZIMBALDI,35,CIDADANIA,2024,-22.9064,-47.0616
1902,30,WILSON KELLER DE MATOS,34,NOVO,2024,-22.9064,-47.0616
1902,50019,THAMIRES BATISTA GOMES RAMOS,37,PSOL,2024,-22.9064,-47.0616
1902,50100,MARIANA CONTI TAKAHASHI,171,PSOL,2024,-22.9064,-47.0616
1902,50123,FERNANDA DE OLIVEIRA SOUTO,45,PSOL,2024,-22.9064,-47.0616
1902,77000,VAGNER  DOS SANTOS BELLINI,34,SOLIDARIEDADE,2024,-22.9064,-47.0616
1902,95,VOTO BRANCO,164,,2024,-22.9064,-47.0616
1902,96,VOTO NULO,189,,2024,-22.9064,-47.0616
1910,10,DÁRIO JORGE GIOLO SAADI,2900,REPUBLICANOS,2024,-22.8666281,-47.0605833
1910,10,REPUBLICANOS,62,REPUBLICANOS,2024,-22.8666281,-47.0605833
1910,10000,LUIZ CARLOS ROSSINI,109,REPUBLICANOS,2024,-22.8666281,-47.0605833
1910,10222,JEZIEL SEVERINO DA SILVA,30,REPUBLICANOS,2024,-22.8666281,-47.0605833
1910,10500,LUIS MOKITI YABIKU,84,REPUBLICANOS,2024,-22.8666281,-47.0605833
1910,11000,YANKO GONÇALVES MELLO,47,PP,2024,-22.8666281,-47.0605833
1910,11011,MARCELO DUCHOVNI SILVA,112,PP,2024,-22.8666281,-47.0605833
1910,13,PEDRO TOURINHO DE SIQUEIRA,939,PT,2024,-22.8666281,-47.0605833
1910,13,Partido dos Trabalhadores,73,PT,2024,-22.8666281,-47.0605833
1910,13020,MARGARIDA DA SILVA CALIXTO,35,PT,2024,-22.8666281,-47.0605833
1910,13123,PAOLLA CATHERINE DOS SANTOS MIGUEL AGARD,81,PT,2024,-22.8666281,-47.0605833
1910,13300,WAGNER DE MELO ROMÃO,73,PT,2024,-22.8666281,-47.0605833
1910,15000,ARNALDO SALVETTI PALÁCIO JUNIOR,68,MDB,2024,-22.8666281,-47.0605833
1910,15111,RODRIGO DA SILVA FREITAS DOS SANTOS,69,MDB,2024,-22.8666281,-47.0605833
1910,15777,LUCIANA APARECIDA CARDOSO,65,MDB,2024,-22.8666281,-47.0605833
1910,20020,LUIZ HENRIQUE CIRILO,57,PODE,2024,-22.8666281,-47.0605833
1910,20100,HEBERT GARAGNANI,45,PODE,2024,-22.8666281,-47.0605833
1910,20190,MARCOS ALVES FERREIRA,70,PODE,2024,-22.8666281,-47.0605833
1910,22000,DEBORA DE ANDRADE PALERMO,84,PL,2024,-22.8666281,-47.0605833
1910,22022,CARLOS EDUARDO CRUZ,35,PL,2024,-22.8666281,-47.0605833
1910,22123,LUIS HENRIQUE SILVA SCHENEIDER,48,PL,2024,-22.8666281,-47.0605833
1910,22400,MARCIA APARECIDA PEREIRA DA SILVA PINHEIRO,37,PL,2024,-22.8666281,-47.0605833
1910,22422,BENEDITO PEREIRA LIMA,89,PL,2024,-22.8666281,-47.0605833
1910,22500,ANGELO ROBERTO SARTORI,55,PL,2024,-22.8666281,-47.0605833
1910,22622,EDEVALDO DE MELO,40,PL,2024,-22.8666281,-47.0605833
1910,23,RAFAEL FERNANDO ZIMBALDI,251,CIDADANIA,2024,-22.8666281,-47.0605833
1910,23000,VINICIUS DE OLIVEIRA SANDOVAL,60,CIDADANIA,2024,-22.8666281,-47.0605833
1910,30,Partido Novo,37,NOVO,2024,-22.8666281,-47.0605833
1910,30,WILSON KELLER DE MATOS,147,NOVO,2024,-22.8666281,-47.0605833
1910,30999,PAULO SERGIO BARCELLOS GASPAR,87,NOVO,2024,-22.8666281,-47.0605833
1910,40220,DOUGLAS MENEZES,32,PSB,2024,-22.8666281,-47.0605833
1910,40234,MARCOS JOSE BERNARDELLI,50,PSB,2024,-22.8666281,-47.0605833
1910,40444,JOÃO GOMES JUNIOR,32,PSB,2024,-22.8666281,-47.0605833
1910,44190,JAIME DE SOUZA,32,UNIÃO,2024,-22.8666281,-47.0605833
1910,44743,RENY CANDIDO BEZERRA,30,UNIÃO,2024,-22.8666281,-47.0605833
1910,50019,THAMIRES BATISTA GOMES RAMOS,30,PSOL,2024,-22.8666281,-47.0605833
1910,50100,MARIANA CONTI TAKAHASHI,228,PSOL,2024,-22.8666281,-47.0605833
1910,50123,FERNANDA DE OLIVEIRA SOUTO,61,PSOL,2024,-22.8666281,-47.0605833
1910,55000,GUILHERME DAMASCENO FERNANDES,37,PSD,2024,-22.8666281,-47.0605833
1910,55055,NELSON HOSSRI NETO,140,PSD,2024,-22.8666281,-47.0605833
1910,55555,FLÁVIO MAYNARDES ARAÚJO,49,PSD,2024,-22.8666281,-47.0605833
1910,55655,PAULO CÉSAR HADDAD,33,PSD,2024,-22.8666281,-47.0605833
1910,65656,GUSTAVO LEMOS PETTA,54,PC DO B,2024,-22.8666281,-47.0605833
1910,95,VOTO BRANCO,508,,2024,-22.8666281,-47.0605833
1910,96,VOTO NULO,634,,2024,-22.8666281,-47.0605833
1929,10,DÁRIO JORGE GIOLO SAADI,4949,REPUBLICANOS,2024,-22.8621257,-47.0439486
1929,10,REPUBLICANOS,132,REPUBLICANOS,2024,-22.8621257,-47.0439486
1929,10000,LUIZ CARLOS ROSSINI,91,REPUBLICANOS,2024,-22.8621257,-47.0439486
1929,10050,ANGÉLICA SOARES,31,REPUBLICANOS,2024,-22.8621257,-47.0439486
1929,10123,BENEDITO ROBERTO ALVES FERREIRA,55,REPUBLICANOS,2024,-22.8621257,-47.0439486
1929,10200,HIGOR DIEGO RALLA,44,REPUBLICANOS,2024,-22.8621257,-47.0439486
1929,10500,LUIS MOKITI YABIKU,82,REPUBLICANOS,2024,-22.8621257,-47.0439486
1929,11000,YANKO GONÇALVES MELLO,97,PP,2024,-22.8621257,-47.0439486
1929,11011,MARCELO DUCHOVNI SILVA,176,PP,2024,-22.8621257,-47.0439486
1929,11022,JONATHAS DE SIQUEIRA FERREIRA,32,PP,2024,-22.8621257,-47.0439486
1929,11153,SILVIO MARCIO LAVORATO,31,PP,2024,-22.8621257,-47.0439486
1929,13,PEDRO TOURINHO DE SIQUEIRA,1615,PT,2024,-22.8621257,-47.0439486
1929,13,Partido dos Trabalhadores,132,PT,2024,-22.8621257,-47.0439486
1929,13020,MARGARIDA DA SILVA CALIXTO,77,PT,2024,-22.8621257,-47.0439486
1929,13123,PAOLLA CATHERINE DOS SANTOS MIGUEL AGARD,108,PT,2024,-22.8621257,-47.0439486
1929,13300,WAGNER DE MELO ROMÃO,95,PT,2024,-22.8621257,-47.0439486
1929,15000,ARNALDO SALVETTI PALÁCIO JUNIOR,59,MDB,2024,-22.8621257,-47.0439486
1929,15111,RODRIGO DA SILVA FREITAS DOS SANTOS,93,MDB,2024,-22.8621257,-47.0439486
1929,15250,ANDRÉ LUIZ DE CAMARGO VON ZUBEN,35,MDB,2024,-22.8621257,-47.0439486
1929,15369,ADEMIR LUIS GAVA,40,MDB,2024,-22.8621257,-47.0439486
1929,15777,LUCIANA APARECIDA CARDOSO,191,MDB,2024,-22.8621257,-47.0439486
1929,20000,EDUARDO DOS REIS MAGOGA,43,PODE,2024,-22.8621257,-47.0439486
1929,20020,LUIZ HENRIQUE CIRILO,84,PODE,2024,-22.8621257,-47.0439486
1929,20100,HEBERT GARAGNANI,75,PODE,2024,-22.8621257,-47.0439486
1929,20190,MARCOS ALVES FERREIRA,61,PODE,2024,-22.8621257,-47.0439486
1929,22,Partido Liberal,52,,2024,-22.8621257,-47.0439486
1929,22000,DEBORA DE ANDRADE PALERMO,103,PL,2024,-22.8621257,-47.0439486
1929,22022,CARLOS EDUARDO CRUZ,55,PL,2024,-22.8621257,-47.0439486
1929,22123,LUIS HENRIQUE SILVA SCHENEIDER,85,PL,2024,-22.8621257,-47.0439486
1929,22222,OTTO ALEJANDRO RIGAZZO ETTINGER,31,PL,2024,-22.8621257,-47.0439486
1929,22233,GUILHERME BANDONI TEIXEIRA,39,PL,2024,-22.8621257,-47.0439486
1929,22400,MARCIA APARECIDA PEREIRA DA SILVA PINHEIRO,49,PL,2024,-22.8621257,-47.0439486
1929,22422,BENEDITO PEREIRA LIMA,95,PL,2024,-22.8621257,-47.0439486
1929,22500,ANGELO ROBERTO SARTORI,30,PL,2024,-22.8621257,-47.0439486
1929,22622,EDEVALDO DE MELO,81,PL,2024,-22.8621257,-47.0439486
1929,23,RAFAEL FERNANDO ZIMBALDI,383,CIDADANIA,2024,-22.8621257,-47.0439486
1929,23000,VINICIUS DE OLIVEIRA SANDOVAL,137,CIDADANIA,2024,-22.8621257,-47.0439486
1929,23789,LUIZ ANTONIO PAOLILLO DE CRESCENZO,30,CIDADANIA,2024,-22.8621257,-47.0439486
1929,30,Partido Novo,93,NOVO,2024,-22.8621257,-47.0439486
1929,30,WILSON KELLER DE MATOS,233,NOVO,2024,-22.8621257,-47.0439486
1929,30999,PAULO SERGIO BARCELLOS GASPAR,188,NOVO,2024,-22.8621257,-47.0439486
1929,40234,MARCOS JOSE BERNARDELLI,59,PSB,2024,-22.8621257,-47.0439486
1929,40345,CLAUDINEI ALMEIDA,45,PSB,2024,-22.8621257,-47.0439486
1929,40444,JOÃO GOMES JUNIOR,36,PSB,2024,-22.8621257,-47.0439486
1929,40456,PERMINIO MONTEIRO DA SILVA,33,PSB,2024,-22.8621257,-47.0439486
1929,40580,JOSE CARLOS DOS SANTOS,80,PSB,2024,-22.8621257,-47.0439486
1929,40678,JOSE CARLOS SILVA,47,PSB,2024,-22.8621257,-47.0439486
1929,44019,FELIPE PEREIRA DE CAMPOS VERGUEIRO,36,UNIÃO,2024,-22.8621257,-47.0439486
1929,44190,JAIME DE SOUZA,42,UNIÃO,2024,-22.8621257,-47.0439486
1929,44200,EDSON RIBEIRO,58,UNIÃO,2024,-22.8621257,-47.0439486
1929,44321,KAREN GABRIELA ARAUJO DOS SANTOS,71,UNIÃO,2024,-22.8621257,-47.0439486
1929,50,Partido Socialismo e Liberdade,33,,2024,-22.8621257,-47.0439486
1929,50000,PAULO ROBERTO BUFALO,48,PSOL,2024,-22.8621257,-47.0439486
1929,50001,MARCELA DIAS MOREIRA,52,PSOL,2024,-22.8621257,-47.0439486
1929,50019,THAMIRES BATISTA GOMES RAMOS,36,PSOL,2024,-22.8621257,-47.0439486
1929,50100,MARIANA CONTI TAKAHASHI,405,PSOL,2024,-22.8621257,-47.0439486
1929,50123,FERNANDA DE OLIVEIRA SOUTO,80,PSOL,2024,-22.8621257,-47.0439486
1929,55000,GUILHERME DAMASCENO FERNANDES,63,PSD,2024,-22.8621257,-47.0439486
1929,55007,MAURÍCIO LUCENTI GEREMONTE,37,PSD,2024,-22.8621257,-47.0439486
1929,55055,NELSON HOSSRI NETO,182,PSD,2024,-22.8621257,-47.0439486
1929,55190,JOSÉ ANTONIO PEREIRA JÚNIOR,35,PSD,2024,-22.8621257,-47.0439486
1929,55500,AÍLTON LOURENÇO DA SILVA,135,PSD,2024,-22.8621257,-47.0439486
1929,55510,MULLER PASCHOAL DE OLIVEIRA FERREIRA,40,PSD,2024,-22.8621257,-47.0439486
1929,55555,FLÁVIO MAYNARDES ARAÚJO,45,PSD,2024,-22.8621257,-47.0439486
1929,55655,PAULO CÉSAR HADDAD,44,PSD,2024,-22.8621257,-47.0439486
1929,65656,GUSTAVO LEMOS PETTA,75,PC DO B,2024,-22.8621257,-47.0439486
1929,95,VOTO BRANCO,922,,2024,-22.8621257,-47.0439486
1929,96,VOTO NULO,984,,2024,-22.8621257,-47.0439486
1945,10,DÁRIO JORGE GIOLO SAADI,343,REPUBLICANOS,2024,-22.9597308,-47.0515456
1945,13,PEDRO TOURINHO DE SIQUEIRA,130,PT,2024,-22.9597308,-47.0515456
1945,23,RAFAEL FERNANDO ZIMBALDI,34,CIDADANIA,2024,-22.9597308,-47.0515456
1945,23000,VINICIUS DE OLIVEIRA SANDOVAL,35,CIDADANIA,2024,-22.9597308,-47.0515456
1945,40456,PERMINIO MONTEIRO DA SILVA,59,PSB,2024,-22.9597308,-47.0515456
1945,95,VOTO BRANCO,82,,2024,-22.9597308,-47.0515456
1945,96,VOTO NULO,83,,2024,-22.9597308,-47.0515456
1961,10,DÁRIO JORGE GIOLO SAADI,1494,REPUBLICANOS,2024,-22.8849222,-47.0681371
1961,10,REPUBLICANOS,31,REPUBLICANOS,2024,-22.8849222,-47.0681371
1961,11011,MARCELO DUCHOVNI SILVA,61,PP,2024,-22.8849222,-47.0681371
1961,13,PEDRO TOURINHO DE SIQUEIRA,423,PT,2024,-22.8849222,-47.0681371
1961,13,Partido dos Trabalhadores,42,PT,2024,-22.8849222,-47.0681371
1961,13020,MARGARIDA DA SILVA CALIXTO,40,PT,2024,-22.8849222,-47.0681371
1961,15000,ARNALDO SALVETTI PALÁCIO JUNIOR,46,MDB,2024,-22.8849222,-47.0681371
1961,20020,LUIZ HENRIQUE CIRILO,144,PODE,2024,-22.8849222,-47.0681371
1961,20100,HEBERT GARAGNANI,35,PODE,2024,-22.8849222,-47.0681371
1961,22000,DEBORA DE ANDRADE PALERMO,43,PL,2024,-22.8849222,-47.0681371
1961,22422,BENEDITO PEREIRA LIMA,34,PL,2024,-22.8849222,-47.0681371
1961,23,RAFAEL FERNANDO ZIMBALDI,105,CIDADANIA,2024,-22.8849222,-47.0681371
1961,23000,VINICIUS DE OLIVEIRA SANDOVAL,42,CIDADANIA,2024,-22.8849222,-47.0681371
1961,30,WILSON KELLER DE MATOS,57,NOVO,2024,-22.8849222,-47.0681371
1961,30999,PAULO SERGIO BARCELLOS GASPAR,34,NOVO,2024,-22.8849222,-47.0681371
1961,40234,MARCOS JOSE BERNARDELLI,42,PSB,2024,-22.8849222,-47.0681371
1961,50100,MARIANA CONTI TAKAHASHI,63,PSOL,2024,-22.8849222,-47.0681371
1961,55055,NELSON HOSSRI NETO,46,PSD,2024,-22.8849222,-47.0681371
1961,65656,GUSTAVO LEMOS PETTA,32,PC DO B,2024,-22.8849222,-47.0681371
1961,95,VOTO BRANCO,204,,2024,-22.8849222,-47.0681371
1961,96,VOTO NULO,300,,2024,-22.8849222,-47.0681371
1970,10,DÁRIO JORGE GIOLO SAADI,794,REPUBLICANOS,2024,-22.9064,-47.0616
1970,11080,ANA PAULA DA SILVA LUZ,42,PP,2024,-22.9064,-47.0616
1970,13,PEDRO TOURINHO DE SIQUEIRA,216,PT,2024,-22.9064,-47.0616
1970,20050,ANDRÉ LUIS SILVA DE SOUZA,203,PODE,2024,-22.9064,-47.0616
1970,23,RAFAEL FERNANDO ZIMBALDI,118,CIDADANIA,2024,-22.9064,-47.0616
1970,23000,VINICIUS DE OLIVEIRA SANDOVAL,32,CIDADANIA,2024,-22.9064,-47.0616
1970,40013,JAIRSON VALERIO DOS ANJOS,83,PSB,2024,-22.9064,-47.0616
1970,40112,FILIPE BATISTA MARCHESI,61,PSB,2024,-22.9064,-47.0616
1970,95,VOTO BRANCO,169,,2024,-22.9064,-47.0616
1970,96,VOTO NULO,159,,2024,-22.9064,-47.0616
1988,10,DÁRIO JORGE GIOLO SAADI,2957,REPUBLICANOS,2024,-22.8337177,-47.142736
1988,10,REPUBLICANOS,58,REPUBLICANOS,2024,-22.8337177,-47.142736
1988,10000,LUIZ CARLOS ROSSINI,36,REPUBLICANOS,2024,-22.8337177,-47.142736
1988,10123,BENEDITO ROBERTO ALVES FERREIRA,88,REPUBLICANOS,2024,-22.8337177,-47.142736
1988,10234,MILTON SOARES MUCHIUTTE,148,REPUBLICANOS,2024,-22.8337177,-47.142736
1988,10456,CARMO LUIZ GREGÓRIO DA SILVA,80,REPUBLICANOS,2024,-22.8337177,-47.142736
1988,11080,ANA PAULA DA SILVA LUZ,81,PP,2024,-22.8337177,-47.142736
1988,13,PEDRO TOURINHO DE SIQUEIRA,875,PT,2024,-22.8337177,-47.142736
1988,13,Partido dos Trabalhadores,45,PT,2024,-22.8337177,-47.142736
1988,13112,EVELYN SILVA DO NASCIMENTO VICENTE DA SILVA,35,PT,2024,-22.8337177,-47.142736
1988,13123,PAOLLA CATHERINE DOS SANTOS MIGUEL AGARD,45,PT,2024,-22.8337177,-47.142736
1988,15000,ARNALDO SALVETTI PALÁCIO JUNIOR,88,MDB,2024,-22.8337177,-47.142736
1988,20050,ANDRÉ LUIS SILVA DE SOUZA,793,PODE,2024,-22.8337177,-47.142736
1988,20997,JOSENILTON ALMEIDA,54,PODE,2024,-22.8337177,-47.142736
1988,22000,DEBORA DE ANDRADE PALERMO,35,PL,2024,-22.8337177,-47.142736
1988,22222,OTTO ALEJANDRO RIGAZZO ETTINGER,30,PL,2024,-22.8337177,-47.142736
1988,22233,GUILHERME BANDONI TEIXEIRA,79,PL,2024,-22.8337177,-47.142736
1988,23,RAFAEL FERNANDO ZIMBALDI,387,CIDADANIA,2024,-22.8337177,-47.142736
1988,23000,VINICIUS DE OLIVEIRA SANDOVAL,101,CIDADANIA,2024,-22.8337177,-47.142736
1988,30,WILSON KELLER DE MATOS,37,NOVO,2024,-22.8337177,-47.142736
1988,40013,JAIRSON VALERIO DOS ANJOS,254,PSB,2024,-22.8337177,-47.142736
1988,40112,FILIPE BATISTA MARCHESI,215,PSB,2024,-22.8337177,-47.142736
1988,40456,PERMINIO MONTEIRO DA SILVA,85,PSB,2024,-22.8337177,-47.142736
1988,40500,RUBENS SOARES DO NASCIMENTO,76,PSB,2024,-22.8337177,-47.142736
1988,40580,JOSE CARLOS DOS SANTOS,92,PSB,2024,-22.8337177,-47.142736
1988,40900,JOSE HONORATO DOS SANTOS,31,PSB,2024,-22.8337177,-47.142736
1988,44100,CLAUDIA DAS DORES CAMARGO DA SILVA,76,UNIÃO,2024,-22.8337177,-47.142736
1988,70777,VALDEIR LUCCHIARI,60,AVANTE,2024,-22.8337177,-47.142736
1988,77100,JAIR QUINÁLIA,40,SOLIDARIEDADE,2024,-22.8337177,-47.142736
1988,95,VOTO BRANCO,666,,2024,-22.8337177,-47.142736
1988,96,VOTO NULO,605,,2024,-22.8337177,-47.142736
1996,10,DÁRIO JORGE GIOLO SAADI,1802,REPUBLICANOS,2024,-22.9064,-47.0616
1996,10,REPUBLICANOS,33,REPUBLICANOS,2024,-22.9064,-47.0616
1996,10123,BENEDITO ROBERTO ALVES FERREIRA,63,REPUBLICANOS,2024,-22.9064,-47.0616
1996,10234,MILTON SOARES MUCHIUTTE,67,REPUBLICANOS,2024,-22.9064,-47.0616
1996,10456,CARMO LUIZ GREGÓRIO DA SILVA,76,REPUBLICANOS,2024,-22.9064,-47.0616
1996,11080,ANA PAULA DA SILVA LUZ,41,PP,2024,-22.9064,-47.0616
1996,13,PEDRO TOURINHO DE SIQUEIRA,584,PT,2024,-22.9064,-47.0616
1996,13,Partido dos Trabalhadores,37,PT,2024,-22.9064,-47.0616
1996,15000,ARNALDO SALVETTI PALÁCIO JUNIOR,39,MDB,2024,-22.9064,-47.0616
1996,20050,ANDRÉ LUIS SILVA DE SOUZA,478,PODE,2024,-22.9064,-47.0616
1996,22233,GUILHERME BANDONI TEIXEIRA,45,PL,2024,-22.9064,-47.0616
1996,23,RAFAEL FERNANDO ZIMBALDI,247,CIDADANIA,2024,-22.9064,-47.0616
1996,23000,VINICIUS DE OLIVEIRA SANDOVAL,44,CIDADANIA,2024,-22.9064,-47.0616
1996,40013,JAIRSON VALERIO DOS ANJOS,47,PSB,2024,-22.9064,-47.0616
1996,40112,FILIPE BATISTA MARCHESI,166,PSB,2024,-22.9064,-47.0616
1996,40500,RUBENS SOARES DO NASCIMENTO,104,PSB,2024,-22.9064,-47.0616
1996,40900,JOSE HONORATO DOS SANTOS,43,PSB,2024,-22.9064,-47.0616
1996,44100,CLAUDIA DAS DORES CAMARGO DA SILVA,61,UNIÃO,2024,-22.9064,-47.0616
1996,55566,ANDERSON DE SOUZA,33,PSD,2024,-22.9064,-47.0616
1996,95,VOTO BRANCO,455,,2024,-22.9064,-47.0616
1996,96,VOTO NULO,380,,2024,-22.9064,-47.0616
2003,10,DÁRIO JORGE GIOLO SAADI,1258,REPUBLICANOS,2024,-22.8458811,-47.1072229
2003,10210,MARCIO LOPES DOS SANTOS,119,REPUBLICANOS,2024,-22.8458811,-47.1072229
2003,10456,CARMO LUIZ GREGÓRIO DA SILVA,271,REPUBLICANOS,2024,-22.8458811,-47.1072229
2003,11456,FABIO CAMILO DE ALMEIDA,30,PP,2024,-22.8458811,-47.1072229
2003,13,PEDRO TOURINHO DE SIQUEIRA,323,PT,2024,-22.8458811,-47.1072229
2003,15000,ARNALDO SALVETTI PALÁCIO JUNIOR,99,MDB,2024,-22.8458811,-47.1072229
2003,15555,HÉLIO ALVES MOREIRA,46,MDB,2024,-22.8458811,-47.1072229
2003,20050,ANDRÉ LUIS SILVA DE SOUZA,36,PODE,2024,-22.8458811,-47.1072229
2003,22233,GUILHERME BANDONI TEIXEIRA,38,PL,2024,-22.8458811,-47.1072229
2003,23,RAFAEL FERNANDO ZIMBALDI,139,CIDADANIA,2024,-22.8458811,-47.1072229
2003,23000,VINICIUS DE OLIVEIRA SANDOVAL,47,CIDADANIA,2024,-22.8458811,-47.1072229
2003,40013,JAIRSON VALERIO DOS ANJOS,60,PSB,2024,-22.8458811,-47.1072229
2003,40456,PERMINIO MONTEIRO DA SILVA,148,PSB,2024,-22.8458811,-47.1072229
2003,40500,RUBENS SOARES DO NASCIMENTO,57,PSB,2024,-22.8458811,-47.1072229
2003,65656,GUSTAVO LEMOS PETTA,43,PC DO B,2024,-22.8458811,-47.1072229
2003,95,VOTO BRANCO,273,,2024,-22.8458811,-47.1072229
2003,96,VOTO NULO,303,,2024,-22.8458811,-47.1072229
2011,10,DÁRIO JORGE GIOLO SAADI,136,REPUBLICANOS,2024,-22.9064,-47.0616
2011,13,PEDRO TOURINHO DE SIQUEIRA,42,PT,2024,-22.9064,-47.0616
2011,40013,JAIRSON VALERIO DOS ANJOS,44,PSB,2024,-22.9064,-47.0616
2011,96,VOTO NULO,32,,2024,-22.9064,-47.0616
2020,10,DÁRIO JORGE GIOLO SAADI,1588,REPUBLICANOS,2024,-22.9064,-47.0616
2020,10,REPUBLICANOS,36,REPUBLICANOS,2024,-22.9064,-47.0616
2020,11123,JULIANO ANTONIO MARÇAL,462,PP,2024,-22.9064,-47.0616
2020,13,PEDRO TOURINHO DE SIQUEIRA,559,PT,2024,-22.9064,-47.0616
2020,13,Partido dos Trabalhadores,36,PT,2024,-22.9064,-47.0616
2020,13123,PAOLLA CATHERINE DOS SANTOS MIGUEL AGARD,31,PT,2024,-22.9064,-47.0616
2020,20050,ANDRÉ LUIS SILVA DE SOUZA,43,PODE,2024,-22.9064,-47.0616
2020,22222,OTTO ALEJANDRO RIGAZZO ETTINGER,44,PL,2024,-22.9064,-47.0616
2020,23,RAFAEL FERNANDO ZIMBALDI,236,CIDADANIA,2024,-22.9064,-47.0616
2020,23000,VINICIUS DE OLIVEIRA SANDOVAL,52,CIDADANIA,2024,-22.9064,-47.0616
2020,28777,GILMAR JACKSON BARBOSA,31,PRTB,2024,-22.9064,-47.0616
2020,30,WILSON KELLER DE MATOS,50,NOVO,2024,-22.9064,-47.0616
2020,40112,FILIPE BATISTA MARCHESI,549,PSB,2024,-22.9064,-47.0616
2020,95,VOTO BRANCO,317,,2024,-22.9064,-47.0616
2020,96,VOTO NULO,363,,2024,-22.9064,-47.0616
2038,10,DÁRIO JORGE GIOLO SAADI,1389,REPUBLICANOS,2024,-22.9064,-47.0616
2038,10123,BENEDITO ROBERTO ALVES FERREIRA,33,REPUBLICANOS,2024,-22.9064,-47.0616
2038,10234,MILTON SOARES MUCHIUTTE,42,REPUBLICANOS,2024,-22.9064,-47.0616
2038,13,PEDRO TOURINHO DE SIQUEIRA,501,PT,2024,-22.9064,-47.0616
2038,13123,PAOLLA CATHERINE DOS SANTOS MIGUEL AGARD,30,PT,2024,-22.9064,-47.0616
2038,20050,ANDRÉ LUIS SILVA DE SOUZA,33,PODE,2024,-22.9064,-47.0616
2038,20997,JOSENILTON ALMEIDA,71,PODE,2024,-22.9064,-47.0616
2038,22233,GUILHERME BANDONI TEIXEIRA,36,PL,2024,-22.9064,-47.0616
2038,23,RAFAEL FERNANDO ZIMBALDI,121,CIDADANIA,2024,-22.9064,-47.0616
2038,23000,VINICIUS DE OLIVEIRA SANDOVAL,44,CIDADANIA,2024,-22.9064,-47.0616
2038,30,WILSON KELLER DE MATOS,51,NOVO,2024,-22.9064,-47.0616
2038,40013,JAIRSON VALERIO DOS ANJOS,512,PSB,2024,-22.9064,-47.0616
2038,40112,FILIPE BATISTA MARCHESI,114,PSB,2024,-22.9064,-47.0616
2038,40456,PERMINIO MONTEIRO DA SILVA,47,PSB,2024,-22.9064,-47.0616
2038,50100,MARIANA CONTI TAKAHASHI,35,PSOL,2024,-22.9064,-47.0616
2038,95,VOTO BRANCO,341,,2024,-22.9064,-47.0616
2038,96,VOTO NULO,257,,2024,-22.9064,-47.0616
2046,10,DÁRIO JORGE GIOLO SAADI,774,REPUBLICANOS,2024,-22.9064,-47.0616
2046,13,PEDRO TOURINHO DE SIQUEIRA,255,PT,2024,-22.9064,-47.0616
2046,20050,ANDRÉ LUIS SILVA DE SOUZA,211,PODE,2024,-22.9064,-47.0616
2046,23,RAFAEL FERNANDO ZIMBALDI,107,CIDADANIA,2024,-22.9064,-47.0616
2046,23000,VINICIUS DE OLIVEIRA SANDOVAL,30,CIDADANIA,2024,-22.9064,-47.0616
2046,40013,JAIRSON VALERIO DOS ANJOS,89,PSB,2024,-22.9064,-47.0616
2046,40112,FILIPE BATISTA MARCHESI,47,PSB,2024,-22.9064,-47.0616
2046,95,VOTO BRANCO,169,,2024,-22.9064,-47.0616
2046,96,VOTO NULO,165,,2024,-22.9064,-47.0616
2054,10,DÁRIO JORGE GIOLO SAADI,613,REPUBLICANOS,2024,-22.9064,-47.0616
2054,13,PEDRO TOURINHO DE SIQUEIRA,208,PT,2024,-22.9064,-47.0616
2054,20050,ANDRÉ LUIS SILVA DE SOUZA,200,PODE,2024,-22.9064,-47.0616
2054,23,RAFAEL FERNANDO ZIMBALDI,105,CIDADANIA,2024,-22.9064,-47.0616
2054,40013,JAIRSON VALERIO DOS ANJOS,67,PSB,2024,-22.9064,-47.0616
2054,95,VOTO BRANCO,162,,2024,-22.9064,-47.0616
2054,96,VOTO NULO,129,,2024,-22.9064,-47.0616
2062,10,DÁRIO JORGE GIOLO SAADI,2213,REPUBLICANOS,2024,-22.9064,-47.0616
2062,10,REPUBLICANOS,48,REPUBLICANOS,2024,-22.9064,-47.0616
2062,10123,BENEDITO ROBERTO ALVES FERREIRA,42,REPUBLICANOS,2024,-22.9064,-47.0616
2062,10500,LUIS MOKITI YABIKU,35,REPUBLICANOS,2024,-22.9064,-47.0616
2062,11011,MARCELO DUCHOVNI SILVA,53,PP,2024,-22.9064,-47.0616
2062,13,PEDRO TOURINHO DE SIQUEIRA,644,PT,2024,-22.9064,-47.0616
2062,13,Partido dos Trabalhadores,45,PT,2024,-22.9064,-47.0616
2062,13020,MARGARIDA DA SILVA CALIXTO,42,PT,2024,-22.9064,-47.0616
2062,15000,ARNALDO SALVETTI PALÁCIO JUNIOR,40,MDB,2024,-22.9064,-47.0616
2062,15055,CARLOS HENRIQUE PINTO,41,MDB,2024,-22.9064,-47.0616
2062,20100,HEBERT GARAGNANI,32,PODE,2024,-22.9064,-47.0616
2062,22123,LUIS HENRIQUE SILVA SCHENEIDER,61,PL,2024,-22.9064,-47.0616
2062,22233,GUILHERME BANDONI TEIXEIRA,43,PL,2024,-22.9064,-47.0616
2062,22352,FERNANDO LUIS COUTINHO NEVES,39,PL,2024,-22.9064,-47.0616
2062,22422,BENEDITO PEREIRA LIMA,32,PL,2024,-22.9064,-47.0616
2062,23,RAFAEL FERNANDO ZIMBALDI,211,CIDADANIA,2024,-22.9064,-47.0616
2062,23000,VINICIUS DE OLIVEIRA SANDOVAL,85,CIDADANIA,2024,-22.9064,-47.0616
2062,23007,MARCÉLIO ANDRADE LEÃO,46,CIDADANIA,2024,-22.9064,-47.0616
2062,30,WILSON KELLER DE MATOS,115,NOVO,2024,-22.9064,-47.0616
2062,30999,PAULO SERGIO BARCELLOS GASPAR,65,NOVO,2024,-22.9064,-47.0616
2062,40013,JAIRSON VALERIO DOS ANJOS,309,PSB,2024,-22.9064,-47.0616
2062,40112,FILIPE BATISTA MARCHESI,38,PSB,2024,-22.9064,-47.0616
2062,40456,PERMINIO MONTEIRO DA SILVA,66,PSB,2024,-22.9064,-47.0616
2062,44190,JAIME DE SOUZA,34,UNIÃO,2024,-22.9064,-47.0616
2062,50100,MARIANA CONTI TAKAHASHI,108,PSOL,2024,-22.9064,-47.0616
2062,55055,NELSON HOSSRI NETO,37,PSD,2024,-22.9064,-47.0616
2062,55555,FLÁVIO MAYNARDES ARAÚJO,32,PSD,2024,-22.9064,-47.0616
2062,70153,GIULIANO SANTOS ROCHA,237,AVANTE,2024,-22.9064,-47.0616
2062,77100,JAIR QUINÁLIA,32,SOLIDARIEDADE,2024,-22.9064,-47.0616
2062,95,VOTO BRANCO,380,,2024,-22.9064,-47.0616
2062,96,VOTO NULO,405,,2024,-22.9064,-47.0616
2070,10,DÁRIO JORGE GIOLO SAADI,598,REPUBLICANOS,2024,-22.9064,-47.0616
2070,13,PEDRO TOURINHO DE SIQUEIRA,177,PT,2024,-22.9064,-47.0616
2070,20050,ANDRÉ LUIS SILVA DE SOUZA,108,PODE,2024,-22.9064,-47.0616
2070,23,RAFAEL FERNANDO ZIMBALDI,71,CIDADANIA,2024,-22.9064,-47.0616
2070,40013,JAIRSON VALERIO DOS ANJOS,89,PSB,2024,-22.9064,-47.0616
2070,95,VOTO BRANCO,116,,2024,-22.9064,-47.0616
2070,96,VOTO NULO,123,,2024,-22.9064,-47.0616
2089,10,DÁRIO JORGE GIOLO SAADI,955,REPUBLICANOS,2024,-22.9064,-47.0616
2089,10123,BENEDITO ROBERTO ALVES FERREIRA,37,REPUBLICANOS,2024,-22.9064,-47.0616
2089,11123,JULIANO ANTONIO MARÇAL,261,PP,2024,-22.9064,-47.0616
2089,13,PEDRO TOURINHO DE SIQUEIRA,328,PT,2024,-22.9064,-47.0616
2089,23,RAFAEL FERNANDO ZIMBALDI,134,CIDADANIA,2024,-22.9064,-47.0616
2089,23000,VINICIUS DE OLIVEIRA SANDOVAL,37,CIDADANIA,2024,-22.9064,-47.0616
2089,30,WILSON KELLER DE MATOS,31,NOVO,2024,-22.9064,-47.0616
2089,40112,FILIPE BATISTA MARCHESI,205,PSB,2024,-22.9064,-47.0616
2089,95,VOTO BRANCO,292,,2024,-22.9064,-47.0616
2089,96,VOTO NULO,218,,2024,-22.9064,-47.0616
2097,10,DÁRIO JORGE GIOLO SAADI,1202,REPUBLICANOS,2024,-22.9064,-47.0616
2097,10123,BENEDITO ROBERTO ALVES FERREIRA,30,REPUBLICANOS,2024,-22.9064,-47.0616
2097,13,PEDRO TOURINHO DE SIQUEIRA,404,PT,2024,-22.9064,-47.0616
2097,20997,JOSENILTON ALMEIDA,71,PODE,2024,-22.9064,-47.0616
2097,23,RAFAEL FERNANDO ZIMBALDI,110,CIDADANIA,2024,-22.9064,-47.0616
2097,40013,JAIRSON VALERIO DOS ANJOS,726,PSB,2024,-22.9064,-47.0616
2097,40112,FILIPE BATISTA MARCHESI,63,PSB,2024,-22.9064,-47.0616
2097,95,VOTO BRANCO,286,,2024,-22.9064,-47.0616
2097,96,VOTO NULO,206,,2024,-22.9064,-47.0616
2135,10,DÁRIO JORGE GIOLO SAADI,1348,REPUBLICANOS,2024,-22.8980771,-47.0497121
2135,10000,LUIZ CARLOS ROSSINI,45,REPUBLICANOS,2024,-22.8980771,-47.0497121
2135,11000,YANKO GONÇALVES MELLO,31,PP,2024,-22.8980771,-47.0497121
2135,11011,MARCELO DUCHOVNI SILVA,104,PP,2024,-22.8980771,-47.0497121
2135,13,PEDRO TOURINHO DE SIQUEIRA,571,PT,2024,-22.8980771,-47.0497121
2135,13,Partido dos Trabalhadores,45,PT,2024,-22.8980771,-47.0497121
2135,13123,PAOLLA CATHERINE DOS SANTOS MIGUEL AGARD,44,PT,2024,-22.8980771,-47.0497121
2135,13300,WAGNER DE MELO ROMÃO,42,PT,2024,-22.8980771,-47.0497121
2135,20020,LUIZ HENRIQUE CIRILO,36,PODE,2024,-22.8980771,-47.0497121
2135,22000,DEBORA DE ANDRADE PALERMO,35,PL,2024,-22.8980771,-47.0497121
2135,22022,CARLOS EDUARDO CRUZ,87,PL,2024,-22.8980771,-47.0497121
2135,22422,BENEDITO PEREIRA LIMA,40,PL,2024,-22.8980771,-47.0497121
2135,23,RAFAEL FERNANDO ZIMBALDI,119,CIDADANIA,2024,-22.8980771,-47.0497121
2135,23000,VINICIUS DE OLIVEIRA SANDOVAL,33,CIDADANIA,2024,-22.8980771,-47.0497121
2135,30,Partido Novo,30,NOVO,2024,-22.8980771,-47.0497121
2135,30,WILSON KELLER DE MATOS,78,NOVO,2024,-22.8980771,-47.0497121
2135,30999,PAULO SERGIO BARCELLOS GASPAR,61,NOVO,2024,-22.8980771,-47.0497121
2135,40234,MARCOS JOSE BERNARDELLI,30,PSB,2024,-22.8980771,-47.0497121
2135,50100,MARIANA CONTI TAKAHASHI,156,PSOL,2024,-22.8980771,-47.0497121
2135,50123,FERNANDA DE OLIVEIRA SOUTO,30,PSOL,2024,-22.8980771,-47.0497121
2135,55000,GUILHERME DAMASCENO FERNANDES,41,PSD,2024,-22.8980771,-47.0497121
2135,55055,NELSON HOSSRI NETO,87,PSD,2024,-22.8980771,-47.0497121
2135,65656,GUSTAVO LEMOS PETTA,41,PC DO B,2024,-22.8980771,-47.0497121
2135,95,VOTO BRANCO,219,,2024,-22.8980771,-47.0497121
2135,96,VOTO NULO,239,,2024,-22.8980771,-47.0497121
2151,10,DÁRIO JORGE GIOLO SAADI,857,REPUBLICANOS,2024,-22.9074429,-47.061008
2151,13,PEDRO TOURINHO DE SIQUEIRA,321,PT,2024,-22.9074429,-47.061008
2151,23,RAFAEL FERNANDO ZIMBALDI,107,CIDADANIA,2024,-22.9074429,-47.061008
2151,23000,VINICIUS DE OLIVEIRA SANDOVAL,44,CIDADANIA,2024,-22.9074429,-47.061008
2151,30,WILSON KELLER DE MATOS,33,NOVO,2024,-22.9074429,-47.061008
2151,40580,JOSE CARLOS DOS SANTOS,190,PSB,2024,-22.9074429,-47.061008
2151,50100,MARIANA CONTI TAKAHASHI,45,PSOL,2024,-22.9074429,-47.061008
2151,95,VOTO BRANCO,141,,2024,-22.9074429,-47.061008
2151,96,VOTO NULO,173,,2024,-22.9074429,-47.061008
2259,10,DÁRIO JORGE GIOLO SAADI,2633,REPUBLICANOS,2024,-22.9064,-47.0616
2259,10,REPUBLICANOS,52,REPUBLICANOS,2024,-22.9064,-47.0616
2259,10000,LUIZ CARLOS ROSSINI,50,REPUBLICANOS,2024,-22.9064,-47.0616
2259,10123,BENEDITO ROBERTO ALVES FERREIRA,89,REPUBLICANOS,2024,-22.9064,-47.0616
2259,10300,THIAGO DE OLIVEIRA GONÇALVES,100,REPUBLICANOS,2024,-22.9064,-47.0616
2259,10500,LUIS MOKITI YABIKU,47,REPUBLICANOS,2024,-22.9064,-47.0616
2259,11000,YANKO GONÇALVES MELLO,53,PP,2024,-22.9064,-47.0616
2259,11011,MARCELO DUCHOVNI SILVA,42,PP,2024,-22.9064,-47.0616
2259,13,PEDRO TOURINHO DE SIQUEIRA,878,PT,2024,-22.9064,-47.0616
2259,13,Partido dos Trabalhadores,79,PT,2024,-22.9064,-47.0616
2259,13020,MARGARIDA DA SILVA CALIXTO,44,PT,2024,-22.9064,-47.0616
2259,13123,PAOLLA CATHERINE DOS SANTOS MIGUEL AGARD,70,PT,2024,-22.9064,-47.0616
2259,13300,WAGNER DE MELO ROMÃO,32,PT,2024,-22.9064,-47.0616
2259,15000,ARNALDO SALVETTI PALÁCIO JUNIOR,75,MDB,2024,-22.9064,-47.0616
2259,15111,RODRIGO DA SILVA FREITAS DOS SANTOS,52,MDB,2024,-22.9064,-47.0616
2259,20020,LUIZ HENRIQUE CIRILO,36,PODE,2024,-22.9064,-47.0616
2259,20100,HEBERT GARAGNANI,61,PODE,2024,-22.9064,-47.0616
2259,20555,DANILO RIDYER PALMA,30,PODE,2024,-22.9064,-47.0616
2259,22000,DEBORA DE ANDRADE PALERMO,43,PL,2024,-22.9064,-47.0616
2259,22123,LUIS HENRIQUE SILVA SCHENEIDER,55,PL,2024,-22.9064,-47.0616
2259,22222,OTTO ALEJANDRO RIGAZZO ETTINGER,30,PL,2024,-22.9064,-47.0616
2259,22233,GUILHERME BANDONI TEIXEIRA,31,PL,2024,-22.9064,-47.0616
2259,22422,BENEDITO PEREIRA LIMA,63,PL,2024,-22.9064,-47.0616
2259,23,RAFAEL FERNANDO ZIMBALDI,253,CIDADANIA,2024,-22.9064,-47.0616
2259,23000,VINICIUS DE OLIVEIRA SANDOVAL,122,CIDADANIA,2024,-22.9064,-47.0616
2259,30,WILSON KELLER DE MATOS,107,NOVO,2024,-22.9064,-47.0616
2259,30999,PAULO SERGIO BARCELLOS GASPAR,40,NOVO,2024,-22.9064,-47.0616
2259,40234,MARCOS JOSE BERNARDELLI,39,PSB,2024,-22.9064,-47.0616
2259,40456,PERMINIO MONTEIRO DA SILVA,113,PSB,2024,-22.9064,-47.0616
2259,40580,JOSE CARLOS DOS SANTOS,67,PSB,2024,-22.9064,-47.0616
2259,40888,AILTON FERNANDES SARMENTO,42,PSB,2024,-22.9064,-47.0616
2259,44190,JAIME DE SOUZA,42,UNIÃO,2024,-22.9064,-47.0616
2259,50000,PAULO ROBERTO BUFALO,60,PSOL,2024,-22.9064,-47.0616
2259,50100,MARIANA CONTI TAKAHASHI,159,PSOL,2024,-22.9064,-47.0616
2259,55055,NELSON HOSSRI NETO,55,PSD,2024,-22.9064,-47.0616
2259,55510,MULLER PASCHOAL DE OLIVEIRA FERREIRA,38,PSD,2024,-22.9064,-47.0616
2259,65656,GUSTAVO LEMOS PETTA,34,PC DO B,2024,-22.9064,-47.0616
2259,70500,CLAUDINEI APARECIDO DO CARMO,49,AVANTE,2024,-22.9064,-47.0616
2259,77100,JAIR QUINÁLIA,35,SOLIDARIEDADE,2024,-22.9064,-47.0616
2259,95,VOTO BRANCO,409,,2024,-22.9064,-47.0616
2259,96,VOTO NULO,595,,2024,-22.9064,-47.0616
2267,10,DÁRIO JORGE GIOLO SAADI,773,REPUBLICANOS,2024,-22.9064,-47.0616
2267,10,REPUBLICANOS,33,REPUBLICANOS,2024,-22.9064,-47.0616
2267,11111,VINICIUS CAMARGO GRATTI,34,PP,2024,-22.9064,-47.0616
2267,13,PEDRO TOURINHO DE SIQUEIRA,288,PT,2024,-22.9064,-47.0616
2267,23,RAFAEL FERNANDO ZIMBALDI,94,CIDADANIA,2024,-22.9064,-47.0616
2267,77100,JAIR QUINÁLIA,90,SOLIDARIEDADE,2024,-22.9064,-47.0616
2267,95,VOTO BRANCO,137,,2024,-22.9064,-47.0616
2267,96,VOTO NULO,183,,2024,-22.9064,-47.0616
2275,10,DÁRIO JORGE GIOLO SAADI,1336,REPUBLICANOS,2024,-22.9064,-47.0616
2275,10000,LUIZ CARLOS ROSSINI,49,REPUBLICANOS,2024,-22.9064,-47.0616
2275,10500,LUIS MOKITI YABIKU,51,REPUBLICANOS,2024,-22.9064,-47.0616
2275,11000,YANKO GONÇALVES MELLO,30,PP,2024,-22.9064,-47.0616
2275,11011,MARCELO DUCHOVNI SILVA,56,PP,2024,-22.9064,-47.0616
2275,13,PEDRO TOURINHO DE SIQUEIRA,523,PT,2024,-22.9064,-47.0616
2275,13,Partido dos Trabalhadores,39,PT,2024,-22.9064,-47.0616
2275,13300,WAGNER DE MELO ROMÃO,43,PT,2024,-22.9064,-47.0616
2275,20100,HEBERT GARAGNANI,33,PODE,2024,-22.9064,-47.0616
2275,22422,BENEDITO PEREIRA LIMA,36,PL,2024,-22.9064,-47.0616
2275,23,RAFAEL FERNANDO ZIMBALDI,107,CIDADANIA,2024,-22.9064,-47.0616
2275,30,WILSON KELLER DE MATOS,60,NOVO,2024,-22.9064,-47.0616
2275,30999,PAULO SERGIO BARCELLOS GASPAR,57,NOVO,2024,-22.9064,-47.0616
2275,50100,MARIANA CONTI TAKAHASHI,107,PSOL,2024,-22.9064,-47.0616
2275,50123,FERNANDA DE OLIVEIRA SOUTO,35,PSOL,2024,-22.9064,-47.0616
2275,55055,NELSON HOSSRI NETO,41,PSD,2024,-22.9064,-47.0616
2275,65656,GUSTAVO LEMOS PETTA,41,PC DO B,2024,-22.9064,-47.0616
2275,95,VOTO BRANCO,206,,2024,-22.9064,-47.0616
2275,96,VOTO NULO,237,,2024,-22.9064,-47.0616
2283,10,DÁRIO JORGE GIOLO SAADI,1206,REPUBLICANOS,2024,-22.9064,-47.0616
2283,10000,LUIZ CARLOS ROSSINI,54,REPUBLICANOS,2024,-22.9064,-47.0616
2283,10500,LUIS MOKITI YABIKU,40,REPUBLICANOS,2024,-22.9064,-47.0616
2283,11011,MARCELO DUCHOVNI SILVA,60,PP,2024,-22.9064,-47.0616
2283,13,PEDRO TOURINHO DE SIQUEIRA,491,PT,2024,-22.9064,-47.0616
2283,13,Partido dos Trabalhadores,41,PT,2024,-22.9064,-47.0616
2283,13123,PAOLLA CATHERINE DOS SANTOS MIGUEL AGARD,41,PT,2024,-22.9064,-47.0616
2283,13300,WAGNER DE MELO ROMÃO,41,PT,2024,-22.9064,-47.0616
2283,22000,DEBORA DE ANDRADE PALERMO,35,PL,2024,-22.9064,-47.0616
2283,22123,LUIS HENRIQUE SILVA SCHENEIDER,31,PL,2024,-22.9064,-47.0616
2283,23,RAFAEL FERNANDO ZIMBALDI,92,CIDADANIA,2024,-22.9064,-47.0616
2283,23000,VINICIUS DE OLIVEIRA SANDOVAL,36,CIDADANIA,2024,-22.9064,-47.0616
2283,30,WILSON KELLER DE MATOS,49,NOVO,2024,-22.9064,-47.0616
2283,30999,PAULO SERGIO BARCELLOS GASPAR,47,NOVO,2024,-22.9064,-47.0616
2283,50100,MARIANA CONTI TAKAHASHI,122,PSOL,2024,-22.9064,-47.0616
2283,55055,NELSON HOSSRI NETO,48,PSD,2024,-22.9064,-47.0616
2283,55655,PAULO CÉSAR HADDAD,31,PSD,2024,-22.9064,-47.0616
2283,95,VOTO BRANCO,195,,2024,-22.9064,-47.0616
2283,96,VOTO NULO,268,,2024,-22.9064,-47.0616
2291,10,DÁRIO JORGE GIOLO SAADI,1551,REPUBLICANOS,2024,-22.9064,-47.0616
2291,10000,LUIZ CARLOS ROSSINI,51,REPUBLICANOS,2024,-22.9064,-47.0616
2291,10500,LUIS MOKITI YABIKU,72,REPUBLICANOS,2024,-22.9064,-47.0616
2291,11011,MARCELO DUCHOVNI SILVA,61,PP,2024,-22.9064,-47.0616
2291,13,PEDRO TOURINHO DE SIQUEIRA,573,PT,2024,-22.9064,-47.0616
2291,13,Partido dos Trabalhadores,42,PT,2024,-22.9064,-47.0616
2291,13020,MARGARIDA DA SILVA CALIXTO,37,PT,2024,-22.9064,-47.0616
2291,13123,PAOLLA CATHERINE DOS SANTOS MIGUEL AGARD,49,PT,2024,-22.9064,-47.0616
2291,13300,WAGNER DE MELO ROMÃO,39,PT,2024,-22.9064,-47.0616
2291,15000,ARNALDO SALVETTI PALÁCIO JUNIOR,42,MDB,2024,-22.9064,-47.0616
2291,15111,RODRIGO DA SILVA FREITAS DOS SANTOS,33,MDB,2024,-22.9064,-47.0616
2291,20100,HEBERT GARAGNANI,33,PODE,2024,-22.9064,-47.0616
2291,22000,DEBORA DE ANDRADE PALERMO,30,PL,2024,-22.9064,-47.0616
2291,22123,LUIS HENRIQUE SILVA SCHENEIDER,51,PL,2024,-22.9064,-47.0616
2291,22422,BENEDITO PEREIRA LIMA,43,PL,2024,-22.9064,-47.0616
2291,23,RAFAEL FERNANDO ZIMBALDI,128,CIDADANIA,2024,-22.9064,-47.0616
2291,30,WILSON KELLER DE MATOS,74,NOVO,2024,-22.9064,-47.0616
2291,30999,PAULO SERGIO BARCELLOS GASPAR,54,NOVO,2024,-22.9064,-47.0616
2291,50100,MARIANA CONTI TAKAHASHI,110,PSOL,2024,-22.9064,-47.0616
2291,50123,FERNANDA DE OLIVEIRA SOUTO,37,PSOL,2024,-22.9064,-47.0616
2291,55055,NELSON HOSSRI NETO,39,PSD,2024,-22.9064,-47.0616
2291,55655,PAULO CÉSAR HADDAD,40,PSD,2024,-22.9064,-47.0616
2291,65656,GUSTAVO LEMOS PETTA,41,PC DO B,2024,-22.9064,-47.0616
2291,95,VOTO BRANCO,249,,2024,-22.9064,-47.0616
2291,96,VOTO NULO,295,,2024,-22.9064,-47.0616
2305,10,DÁRIO JORGE GIOLO SAADI,597,REPUBLICANOS,2024,-22.9064,-47.0616
2305,10000,LUIZ CARLOS ROSSINI,30,REPUBLICANOS,2024,-22.9064,-47.0616
2305,13,PEDRO TOURINHO DE SIQUEIRA,235,PT,2024,-22.9064,-47.0616
2305,13123,PAOLLA CATHERINE DOS SANTOS MIGUEL AGARD,34,PT,2024,-22.9064,-47.0616
2305,23,RAFAEL FERNANDO ZIMBALDI,79,CIDADANIA,2024,-22.9064,-47.0616
2305,23000,VINICIUS DE OLIVEIRA SANDOVAL,32,CIDADANIA,2024,-22.9064,-47.0616
2305,35123,CARLOS HENRIQUE MEDEIROS,37,PMB,2024,-22.9064,-47.0616
2305,77100,JAIR QUINÁLIA,120,SOLIDARIEDADE,2024,-22.9064,-47.0616
2305,95,VOTO BRANCO,115,,2024,-22.9064,-47.0616
2305,96,VOTO NULO,120,,2024,-22.9064,-47.0616
2313,10,DÁRIO JORGE GIOLO SAADI,1847,REPUBLICANOS,2024,-22.9064,-47.0616
2313,10123,BENEDITO ROBERTO ALVES FERREIRA,31,REPUBLICANOS,2024,-22.9064,-47.0616
2313,13,PEDRO TOURINHO DE SIQUEIRA,494,PT,2024,-22.9064,-47.0616
2313,13,Partido dos Trabalhadores,34,PT,2024,-22.9064,-47.0616
2313,13123,PAOLLA CATHERINE DOS SANTOS MIGUEL AGARD,36,PT,2024,-22.9064,-47.0616
2313,22123,LUIS HENRIQUE SILVA SCHENEIDER,54,PL,2024,-22.9064,-47.0616
2313,22422,BENEDITO PEREIRA LIMA,54,PL,2024,-22.9064,-47.0616
2313,23,RAFAEL FERNANDO ZIMBALDI,161,CIDADANIA,2024,-22.9064,-47.0616
2313,23000,VINICIUS DE OLIVEIRA SANDOVAL,54,CIDADANIA,2024,-22.9064,-47.0616
2313,30,WILSON KELLER DE MATOS,64,NOVO,2024,-22.9064,-47.0616
2313,44007,LEONARDO RUELA SANTANA,36,UNIÃO,2024,-22.9064,-47.0616
2313,44567,HENRI MAEDA,49,UNIÃO,2024,-22.9064,-47.0616
2313,50100,MARIANA CONTI TAKAHASHI,82,PSOL,2024,-22.9064,-47.0616
2313,55055,NELSON HOSSRI NETO,31,PSD,2024,-22.9064,-47.0616
2313,77100,JAIR QUINÁLIA,603,SOLIDARIEDADE,2024,-22.9064,-47.0616
2313,95,VOTO BRANCO,236,,2024,-22.9064,-47.0616
2313,96,VOTO NULO,347,,2024,-22.9064,-47.0616
2321,10,DÁRIO JORGE GIOLO SAADI,1456,REPUBLICANOS,2024,-22.9064,-47.0616
2321,10123,BENEDITO ROBERTO ALVES FERREIRA,31,REPUBLICANOS,2024,-22.9064,-47.0616
2321,11011,MARCELO DUCHOVNI SILVA,30,PP,2024,-22.9064,-47.0616
2321,13,PEDRO TOURINHO DE SIQUEIRA,486,PT,2024,-22.9064,-47.0616
2321,13,Partido dos Trabalhadores,53,PT,2024,-22.9064,-47.0616
2321,20100,HEBERT GARAGNANI,39,PODE,2024,-22.9064,-47.0616
2321,22123,LUIS HENRIQUE SILVA SCHENEIDER,128,PL,2024,-22.9064,-47.0616
2321,22422,BENEDITO PEREIRA LIMA,34,PL,2024,-22.9064,-47.0616
2321,23,RAFAEL FERNANDO ZIMBALDI,139,CIDADANIA,2024,-22.9064,-47.0616
2321,23000,VINICIUS DE OLIVEIRA SANDOVAL,56,CIDADANIA,2024,-22.9064,-47.0616
2321,30,WILSON KELLER DE MATOS,48,NOVO,2024,-22.9064,-47.0616
2321,40234,MARCOS JOSE BERNARDELLI,31,PSB,2024,-22.9064,-47.0616
2321,44244,WAGNER ALBERTO GUERINI,55,UNIÃO,2024,-22.9064,-47.0616
2321,50100,MARIANA CONTI TAKAHASHI,93,PSOL,2024,-22.9064,-47.0616
2321,55055,NELSON HOSSRI NETO,30,PSD,2024,-22.9064,-47.0616
2321,77100,JAIR QUINÁLIA,105,SOLIDARIEDADE,2024,-22.9064,-47.0616
2321,95,VOTO BRANCO,234,,2024,-22.9064,-47.0616
2321,96,VOTO NULO,360,,2024,-22.9064,-47.0616
2330,10,DÁRIO JORGE GIOLO SAADI,1470,REPUBLICANOS,2024,-22.9064,-47.0616
2330,10,REPUBLICANOS,33,REPUBLICANOS,2024,-22.9064,-47.0616
2330,10123,BENEDITO ROBERTO ALVES FERREIRA,103,REPUBLICANOS,2024,-22.9064,-47.0616
2330,13,PEDRO TOURINHO DE SIQUEIRA,537,PT,2024,-22.9064,-47.0616
2330,13,Partido dos Trabalhadores,46,PT,2024,-22.9064,-47.0616
2330,15000,ARNALDO SALVETTI PALÁCIO JUNIOR,54,MDB,2024,-22.9064,-47.0616
2330,15111,RODRIGO DA SILVA FREITAS DOS SANTOS,33,MDB,2024,-22.9064,-47.0616
2330,20100,HEBERT GARAGNANI,30,PODE,2024,-22.9064,-47.0616
2330,22123,LUIS HENRIQUE SILVA SCHENEIDER,60,PL,2024,-22.9064,-47.0616
2330,22422,BENEDITO PEREIRA LIMA,40,PL,2024,-22.9064,-47.0616
2330,23,RAFAEL FERNANDO ZIMBALDI,168,CIDADANIA,2024,-22.9064,-47.0616
2330,23000,VINICIUS DE OLIVEIRA SANDOVAL,68,CIDADANIA,2024,-22.9064,-47.0616
2330,30,WILSON KELLER DE MATOS,54,NOVO,2024,-22.9064,-47.0616
2330,40580,JOSE CARLOS DOS SANTOS,55,PSB,2024,-22.9064,-47.0616
2330,50100,MARIANA CONTI TAKAHASHI,64,PSOL,2024,-22.9064,-47.0616
2330,77100,JAIR QUINÁLIA,42,SOLIDARIEDADE,2024,-22.9064,-47.0616
2330,95,VOTO BRANCO,239,,2024,-22.9064,-47.0616
2330,96,VOTO NULO,353,,2024,-22.9064,-47.0616
2348,10,DÁRIO JORGE GIOLO SAADI,1800,REPUBLICANOS,2024,-22.9064,-47.0616
2348,10,REPUBLICANOS,44,REPUBLICANOS,2024,-22.9064,-47.0616
2348,10000,LUIZ CARLOS ROSSINI,43,REPUBLICANOS,2024,-22.9064,-47.0616
2348,10123,BENEDITO ROBERTO ALVES FERREIRA,34,REPUBLICANOS,2024,-22.9064,-47.0616
2348,13,PEDRO TOURINHO DE SIQUEIRA,557,PT,2024,-22.9064,-47.0616
2348,13,Partido dos Trabalhadores,49,PT,2024,-22.9064,-47.0616
2348,13123,PAOLLA CATHERINE DOS SANTOS MIGUEL AGARD,55,PT,2024,-22.9064,-47.0616
2348,15000,ARNALDO SALVETTI PALÁCIO JUNIOR,51,MDB,2024,-22.9064,-47.0616
2348,15111,RODRIGO DA SILVA FREITAS DOS SANTOS,30,MDB,2024,-22.9064,-47.0616
2348,20100,HEBERT GARAGNANI,39,PODE,2024,-22.9064,-47.0616
2348,22123,LUIS HENRIQUE SILVA SCHENEIDER,123,PL,2024,-22.9064,-47.0616
2348,22422,BENEDITO PEREIRA LIMA,44,PL,2024,-22.9064,-47.0616
2348,23,RAFAEL FERNANDO ZIMBALDI,179,CIDADANIA,2024,-22.9064,-47.0616
2348,23000,VINICIUS DE OLIVEIRA SANDOVAL,63,CIDADANIA,2024,-22.9064,-47.0616
2348,30,WILSON KELLER DE MATOS,48,NOVO,2024,-22.9064,-47.0616
2348,50100,MARIANA CONTI TAKAHASHI,85,PSOL,2024,-22.9064,-47.0616
2348,55055,NELSON HOSSRI NETO,41,PSD,2024,-22.9064,-47.0616
2348,77100,JAIR QUINÁLIA,194,SOLIDARIEDADE,2024,-22.9064,-47.0616
2348,95,VOTO BRANCO,342,,2024,-22.9064,-47.0616
2348,96,VOTO NULO,411,,2024,-22.9064,-47.0616
2356,10,DÁRIO JORGE GIOLO SAADI,1539,REPUBLICANOS,2024,-22.9064,-47.0616
2356,11022,JONATHAS DE SIQUEIRA FERREIRA,33,PP,2024,-22.9064,-47.0616
2356,11111,VINICIUS CAMARGO GRATTI,30,PP,2024,-22.9064,-47.0616
2356,13,PEDRO TOURINHO DE SIQUEIRA,496,PT,2024,-22.9064,-47.0616
2356,13,Partido dos Trabalhadores,45,PT,2024,-22.9064,-47.0616
2356,13123,PAOLLA CATHERINE DOS SANTOS MIGUEL AGARD,40,PT,2024,-22.9064,-47.0616
2356,22123,LUIS HENRIQUE SILVA SCHENEIDER,30,PL,2024,-22.9064,-47.0616
2356,22222,OTTO ALEJANDRO RIGAZZO ETTINGER,30,PL,2024,-22.9064,-47.0616
2356,23,RAFAEL FERNANDO ZIMBALDI,161,CIDADANIA,2024,-22.9064,-47.0616
2356,23000,VINICIUS DE OLIVEIRA SANDOVAL,64,CIDADANIA,2024,-22.9064,-47.0616
2356,30,WILSON KELLER DE MATOS,53,NOVO,2024,-22.9064,-47.0616
2356,35123,CARLOS HENRIQUE MEDEIROS,30,PMB,2024,-22.9064,-47.0616
2356,50100,MARIANA CONTI TAKAHASHI,52,PSOL,2024,-22.9064,-47.0616
2356,55055,NELSON HOSSRI NETO,35,PSD,2024,-22.9064,-47.0616
2356,77100,JAIR QUINÁLIA,311,SOLIDARIEDADE,2024,-22.9064,-47.0616
2356,95,VOTO BRANCO,242,,2024,-22.9064,-47.0616
2356,96,VOTO NULO,297,,2024,-22.9064,-47.0616
2364,10,DÁRIO JORGE GIOLO SAADI,1028,REPUBLICANOS,2024,-22.9064,-47.0616
2364,10123,BENEDITO ROBERTO ALVES FERREIRA,41,REPUBLICANOS,2024,-22.9064,-47.0616
2364,13,PEDRO TOURINHO DE SIQUEIRA,395,PT,2024,-22.9064,-47.0616
2364,13,Partido dos Trabalhadores,35,PT,2024,-22.9064,-47.0616
2364,22222,OTTO ALEJANDRO RIGAZZO ETTINGER,38,PL,2024,-22.9064,-47.0616
2364,23,RAFAEL FERNANDO ZIMBALDI,137,CIDADANIA,2024,-22.9064,-47.0616
2364,40112,FILIPE BATISTA MARCHESI,51,PSB,2024,-22.9064,-47.0616
2364,50100,MARIANA CONTI TAKAHASHI,33,PSOL,2024,-22.9064,-47.0616
2364,77100,JAIR QUINÁLIA,32,SOLIDARIEDADE,2024,-22.9064,-47.0616
2364,95,VOTO BRANCO,186,,2024,-22.9064,-47.0616
2364,96,VOTO NULO,238,,2024,-22.9064,-47.0616
2372,10,DÁRIO JORGE GIOLO SAADI,1631,REPUBLICANOS,2024,-22.9064,-47.0616
2372,10,REPUBLICANOS,33,REPUBLICANOS,2024,-22.9064,-47.0616
2372,13,PEDRO TOURINHO DE SIQUEIRA,378,PT,2024,-22.9064,-47.0616
2372,13123,PAOLLA CATHERINE DOS SANTOS MIGUEL AGARD,35,PT,2024,-22.9064,-47.0616
2372,22123,LUIS HENRIQUE SILVA SCHENEIDER,43,PL,2024,-22.9064,-47.0616
2372,22422,BENEDITO PEREIRA LIMA,48,PL,2024,-22.9064,-47.0616
2372,23,RAFAEL FERNANDO ZIMBALDI,148,CIDADANIA,2024,-22.9064,-47.0616
2372,23000,VINICIUS DE OLIVEIRA SANDOVAL,69,CIDADANIA,2024,-22.9064,-47.0616
2372,30,WILSON KELLER DE MATOS,44,NOVO,2024,-22.9064,-47.0616
2372,44567,HENRI MAEDA,59,UNIÃO,2024,-22.9064,-47.0616
2372,50100,MARIANA CONTI TAKAHASHI,59,PSOL,2024,-22.9064,-47.0616
2372,77100,JAIR QUINÁLIA,515,SOLIDARIEDADE,2024,-22.9064,-47.0616
2372,95,VOTO BRANCO,237,,2024,-22.9064,-47.0616
2372,96,VOTO NULO,353,,2024,-22.9064,-47.0616
2380,10,DÁRIO JORGE GIOLO SAADI,847,REPUBLICANOS,2024,-22.9064,-47.0616
2380,13,PEDRO TOURINHO DE SIQUEIRA,313,PT,2024,-22.9064,-47.0616
2380,13111,JACQUELINE DE CAMPOS MEDEIROS,39,PT,2024,-22.9064,-47.0616
2380,20100,HEBERT GARAGNANI,30,PODE,2024,-22.9064,-47.0616
2380,22123,LUIS HENRIQUE SILVA SCHENEIDER,61,PL,2024,-22.9064,-47.0616
2380,23,RAFAEL FERNANDO ZIMBALDI,71,CIDADANIA,2024,-22.9064,-47.0616
2380,23000,VINICIUS DE OLIVEIRA SANDOVAL,30,CIDADANIA,2024,-22.9064,-47.0616
2380,30,WILSON KELLER DE MATOS,33,NOVO,2024,-22.9064,-47.0616
2380,50100,MARIANA CONTI TAKAHASHI,44,PSOL,2024,-22.9064,-47.0616
2380,55055,NELSON HOSSRI NETO,30,PSD,2024,-22.9064,-47.0616
2380,65656,GUSTAVO LEMOS PETTA,36,PC DO B,2024,-22.9064,-47.0616
2380,77100,JAIR QUINÁLIA,34,SOLIDARIEDADE,2024,-22.9064,-47.0616
2380,95,VOTO BRANCO,143,,2024,-22.9064,-47.0616
2380,96,VOTO NULO,297,,2024,-22.9064,-47.0616
2399,10,DÁRIO JORGE GIOLO SAADI,585,REPUBLICANOS,2024,-22.9064,-47.0616
2399,13,PEDRO TOURINHO DE SIQUEIRA,214,PT,2024,-22.9064,-47.0616
2399,23,RAFAEL FERNANDO ZIMBALDI,54,CIDADANIA,2024,-22.9064,-47.0616
2399,23000,VINICIUS DE OLIVEIRA SANDOVAL,37,CIDADANIA,2024,-22.9064,-47.0616
2399,50100,MARIANA CONTI TAKAHASHI,49,PSOL,2024,-22.9064,-47.0616
2399,77100,JAIR QUINÁLIA,44,SOLIDARIEDADE,2024,-22.9064,-47.0616
2399,95,VOTO BRANCO,105,,2024,-22.9064,-47.0616
2399,96,VOTO NULO,136,,2024,-22.9064,-47.0616
2402,10,DÁRIO JORGE GIOLO SAADI,769,REPUBLICANOS,2024,-22.9064,-47.0616
2402,10000,LUIZ CARLOS ROSSINI,31,REPUBLICANOS,2024,-22.9064,-47.0616
2402,10500,LUIS MOKITI YABIKU,55,REPUBLICANOS,2024,-22.9064,-47.0616
2402,13,PEDRO TOURINHO DE SIQUEIRA,295,PT,2024,-22.9064,-47.0616
2402,13300,WAGNER DE MELO ROMÃO,31,PT,2024,-22.9064,-47.0616
2402,22123,LUIS HENRIQUE SILVA SCHENEIDER,42,PL,2024,-22.9064,-47.0616
2402,22422,BENEDITO PEREIRA LIMA,31,PL,2024,-22.9064,-47.0616
2402,23,RAFAEL FERNANDO ZIMBALDI,54,CIDADANIA,2024,-22.9064,-47.0616
2402,50100,MARIANA CONTI TAKAHASHI,62,PSOL,2024,-22.9064,-47.0616
2402,55655,PAULO CÉSAR HADDAD,36,PSD,2024,-22.9064,-47.0616
2402,95,VOTO BRANCO,96,,2024,-22.9064,-47.0616
2402,96,VOTO NULO,161,,2024,-22.9064,-47.0616
2410,10,DÁRIO JORGE GIOLO SAADI,523,REPUBLICANOS,2024,-22.9064,-47.0616
2410,13,PEDRO TOURINHO DE SIQUEIRA,216,PT,2024,-22.9064,-47.0616
2410,23,RAFAEL FERNANDO ZIMBALDI,78,CIDADANIA,2024,-22.9064,-47.0616
2410,50100,MARIANA CONTI TAKAHASHI,34,PSOL,2024,-22.9064,-47.0616
2410,95,VOTO BRANCO,93,,2024,-22.9064,-47.0616
2410,96,VOTO NULO,99,,2024,-22.9064,-47.0616
