zona,nr_candidato,nm_candidato,sg_partido,ds_cargo,votos,ano
0033,10000,PAULO SERGIO CAMPANA,REPUBLICANOS,Vereador,99,2020
0033,10001,EDERSON ROGERIO WULK,REPUBLICANOS,Vereador,2,2020
0033,10010,CLAUDIO CORMANICH,REPUBLICANOS,Vereador,147,2020
0033,10012,ROSANGELA DE ANDRADE,REPUBLICANOS,Vereador,5,2020
0033,10014,JURANDIR QUIRINO DOS SANTOS,REPUBLICANOS,Vereador,1,2020
0033,10020,FERNANDO MANTOVAN,REPUBLICANOS,Vereador,19,2020
0033,10025,BRUNO APARECIDO DE LIMA,REPUBLICANOS,Vereador,9,2020
0033,10027,LUIS ROBERTO DE ALMEIDA,REPUBLICANOS,Vereador,3,2020
0033,10069,VALERIA TANIA FRANCISCHINI,REPUBLICANOS,Vereador,16,2020
0033,10080,LUIZ FELIPE DE OLIVEIRA THEODORO,REPUBLICANOS,Vereador,158,2020
0033,10100,ROVILSON ROSCITO,REPUBLICANOS,Vereador,6,2020
0033,10101,CARLOS ROBERTO DE MATTOS ROCHA JUNIOR,REPUBLICANOS,Vereador,17,2020
0033,10110,ROSANA OLIVIER GONÇALVES,REPUBLICANOS,Vereador,7,2020
0033,10111,AMBROSIO LUZ NETO,REPUBLICANOS,Vereador,28,2020
0033,10122,LUIZ GONZAGA,REPUBLICANOS,Vereador,65,2020
0033,10123,FERNANDO CESAR RIBEIRO MENDES,REPUBLICANOS,Vereador,282,2020
0033,10125,JADIELSON FERREIRA DA SILVA,REPUBLICANOS,Vereador,8,2020
0033,10147,ROSA MONICA CUSTODIO,REPUBLICANOS,Vereador,7,2020
0033,10153,CRISTIANO DE OLIVEIRA E SILVA,REPUBLICANOS,Vereador,2,2020
0033,10156,DORACI CORREIA DE ALMEIDA,REPUBLICANOS,Vereador,4,2020
0033,10159,PRISCILA MENDES FERREIRA INACIO,REPUBLICANOS,Vereador,13,2020
0033,10190,ARGEU ALENCAR DA SILVA,REPUBLICANOS,Vereador,27,2020
0033,10200,HIGOR DIEGO RALLA,REPUBLICANOS,Vereador,29,2020
0033,10234,JAKSSON LEANDRO LUCIANO GONÇALVES,REPUBLICANOS,Vereador,12,2020
0033,10300,MARCIA FABIANA DA SILVA,REPUBLICANOS,Vereador,0,2020
0033,10321,JORDANA DE SOUSA MOURA ARAUJO,REPUBLICANOS,Vereador,8,2020
0033,10333,NOEMI SILVANA PRATES DE OLIVEIRA,REPUBLICANOS,Vereador,9,2020
0033,10345,OSCAR NEVES GUIMARÃES,REPUBLICANOS,Vereador,10,2020
0033,10369,STELLA FREIRE HERRMANN,REPUBLICANOS,Vereador,31,2020
0033,10400,OSVALDO MARTINS OLIVEIRA,REPUBLICANOS,Vereador,3,2020
0033,10444,MARIA LUCIA CAMILO,REPUBLICANOS,Vereador,1,2020
0033,10456,CELINA APARECIDA PORFIRIO,REPUBLICANOS,Vereador,10,2020
0033,10500,ROGERIO BERNARDES BOGONE,REPUBLICANOS,Vereador,26,2020
0033,10544,APARECIDA TERESINHA BURATTO,REPUBLICANOS,Vereador,4,2020
0033,10555,FLAUBERT DE ARAUJO,REPUBLICANOS,Vereador,5,2020
0033,10567,RODISNEI CESAR CLOSEL,REPUBLICANOS,Vereador,9,2020
0033,10600,RUBENS EIDE JUNIOR,REPUBLICANOS,Vereador,77,2020
0033,10700,PAULO ALVES MAIA,REPUBLICANOS,Vereador,41,2020
0033,10711,JULIO CESAR FERREIRA ALVES,REPUBLICANOS,Vereador,6,2020
0033,10777,NILSON DO CARMO SANTOS,REPUBLICANOS,Vereador,16,2020
0033,10789,CARLOS JOSE LEMOS,REPUBLICANOS,Vereador,15,2020
0033,10911,SAULO FERNANDO ZACARI,REPUBLICANOS,Vereador,29,2020
0033,10978,LUIZA HELENA CAGLIARI DE SOUZA,REPUBLICANOS,Vereador,16,2020
0033,10999,ROSINEI APARECIDA MOREIRA MATOKANOVIC,REPUBLICANOS,Vereador,12,2020
0033,11000,ANTONIO JOSÉ SOARES DOS SANTOS,PP,Vereador,32,2020
0033,11007,BRUNO HENRIQUE PEREIRA FRANCISCHINI,PP,Vereador,7,2020
0033,11011,WALDIR CUSTÓDIO DE LIMA,PP,Vereador,45,2020
0033,11016,LUCIANA DA SILVA,PP,Vereador,3,2020
0033,11019,EMILY NAYARA DOS SANTOS LIMA,PP,Vereador,0,2020
0033,11023,SONIA MARIA DOS SANTOS,PP,Vereador,3,2020
0033,11033,SEBASTIAO BORGES DE ARAUJO,PP,Vereador,18,2020
0033,11038,EDERSON PERIN MARTINS,PP,Vereador,55,2020
0033,11044,PEDRO REMONDINI,PP,Vereador,4,2020
0033,11078,ZACARIAS NUNES DE SIQUEIRA,PP,Vereador,26,2020
0033,11111,JAIME DE SOUZA,PP,Vereador,217,2020
0033,11120,OSMAR DELLA PASCHOA JUNIOR,PP,Vereador,13,2020
0033,11121,VALDIR RIBEIRO PIRES,PP,Vereador,28,2020
0033,11123,DENILSON DO PRADO,PP,Vereador,5,2020
0033,11138,JEFERSON ANTONIO SOUZA PINTO,PP,Vereador,3,2020
0033,11181,MARCOS ALVES FERREIRA,PP,Vereador,104,2020
0033,11189,MILENE FORTUOSO DOS SANTOS,PP,Vereador,0,2020
0033,11190,ISRAEL NANTES SANTOS,PP,Vereador,87,2020
0033,11200,FRANCISCO DE ASSIS NASCIMENTO,PP,Vereador,3,2020
0033,11207,SIRLENE CONCEIÇÃO DE SOUZA,PP,Vereador,37,2020
0033,11211,LUCAS HENRIQUE TREVIZAN,PP,Vereador,0,2020
0033,11222,EDINEI EDUARDO CESCHI,PP,Vereador,41,2020
0033,11234,VILSON DORIVAL FRANÇA,PP,Vereador,11,2020
0033,11239,THARINE LILLENA VEIGA,PP,Vereador,9,2020
0033,11246,GERALDO JOSE LAURIA,PP,Vereador,5,2020
0033,11249,NOEMIAS CAMARGO JUNIOR,PP,Vereador,11,2020
0033,11260,MARIA CALVARIO BERNARDO DE CAMPOS,PP,Vereador,3,2020
0033,11300,MARIA CLAUDIA BERTUZZO VEIGA,PP,Vereador,39,2020
0033,11311,ALMIRANTE PEDRO ALVARES CABRAL,PP,Vereador,123,2020
0033,11321,ALEXANDRE BARBOSA DA SILVA,PP,Vereador,88,2020
0033,11336,FLÁVIO EDILSON PADOVINI,PP,Vereador,38,2020
0033,11380,ROBERVAL BEZERRA ALVES,PP,Vereador,13,2020
0033,11444,DOROTIDES CAMPELLO DOS SANTOS ANJOS,PP,Vereador,9,2020
0033,11511,SONIA APARECIDA DE CARVALHO THEODORO,PP,Vereador,4,2020
0033,11522,ANESIO PEREIRA DA SILVA FILHO,PP,Vereador,1,2020
0033,11553,PETRONIO ALVES DA CRUZ,PP,Vereador,14,2020
0033,11555,ALEXANDRE MARTINS SILVA,PP,Vereador,12,2020
0033,11600,FILETO DE ALBUQUERQUE,PP,Vereador,65,2020
0033,11611,APARECIDO SEVERINO BENTO,PP,Vereador,0,2020
0033,11636,SONIA ROSANGELA RODRIGUES,PP,Vereador,2,2020
0033,11784,NESTOR SAYÃO SARTORETTO,PP,Vereador,6,2020
0033,11878,LUCIVÂNIA PINHEIRO BARBOSA,PP,Vereador,45,2020
0033,11888,LEUCE MAGALHÃES MARANHÃO,PP,Vereador,17,2020
0033,11900,HELENA CARDOSO TABERTI,PP,Vereador,0,2020
0033,11999,CLAUDINE GONÇALVES COSTA,PP,Vereador,26,2020
0033,12000,VIVIANE REGINA DE LIMA CRISPIM,PDT,Vereador,13,2020
0033,12007,JERÔNIMO APARECIDO BORGES,PDT,Vereador,1,2020
0033,12012,CARLOS SALUSTIANO DA SILVA,PDT,Vereador,9,2020
0033,12111,IGOR CARDIA SOARES SOUZA,PDT,Vereador,16,2020
0033,12113,EDVALDO FERREIRA GUEDES,PDT,Vereador,1,2020
0033,12121,JORGE HENRIQUE RODRIGUES CERQUEIRA,PDT,Vereador,0,2020
0033,12123,AILTON FABIO GONÇALVES DE SOUZA,PDT,Vereador,5,2020
0033,12151,MANOEL MESSIAS DOS SANTOS,PDT,Vereador,0,2020
0033,12227,SHIRLEI GUIRÃO DA SILVA CHAGAS,PDT,Vereador,0,2020
0033,12255,RUTE APARECIDA LEITE RIPARI,PDT,Vereador,3,2020
0033,12321,NILTON RIBEIRO DOS SANTOS JUNIOR,PDT,Vereador,24,2020
0033,12333,MARCELO JOSÉ DIAS,PDT,Vereador,1,2020
0033,12340,PAULO HENRIQUE DE BRITO DOS SANTOS,PDT,Vereador,4,2020
0033,12344,OSMIL JOSÉ DA SILVA,PDT,Vereador,8,2020
0033,12345,AURELIO JOSE CLAUDIO,PDT,Vereador,34,2020
0033,12369,LUIS HENRIQUE FERMINO JORGE,PDT,Vereador,1,2020
0033,12500,FABIO APARECIDO MORANDI,PDT,Vereador,16,2020
0033,12612,VINICIUS STACHIN BRITO,PDT,Vereador,0,2020
0033,12661,ANTONIO CARLOS DIONISIO BISPO,PDT,Vereador,0,2020
0033,12678,CARLOS HENRIQUE POLIS,PDT,Vereador,2,2020
0033,12737,BRÍGIDA FELICIANA DOS SANTOS,PDT,Vereador,3,2020
0033,12777,CLAUDIO RISSI,PDT,Vereador,8,2020
0033,12812,JOSÉ CARLOS BRUNO,PDT,Vereador,9,2020
0033,12835,FABIO HENRIQUE DOS SANTOS,PDT,Vereador,0,2020
0033,12888,APARECIDA CUSTÓDIO DOS SANTOS,PDT,Vereador,3,2020
0033,12890,LUCIA DE FATIMA BALARINI DA SILVA,PDT,Vereador,0,2020
0033,12911,DOMINIQUE SALES SAWAZKI,PDT,Vereador,1,2020
0033,12912,LILIAN CRISTINA MOURA,PDT,Vereador,0,2020
0033,12914,MARIA ORDILIA TEIXEIRA,PDT,Vereador,6,2020
0033,12973,RENATA DA SILVA,PDT,Vereador,1,2020
0033,12999,CARLOS EDUARDO JULIO MORELLO,PDT,Vereador,0,2020
0033,13000,IRANDIR SANTOS DA CONCEIÇÃO,PT,Vereador,15,2020
0033,13001,SILVIO JOSÉ MARQUES,PT,Vereador,65,2020
0033,13010,DOUGLAS BARBOSA DA SILVA,PT,Vereador,1,2020
0033,13011,CECÍLIO SERAFIM DOS SANTOS,PT,Vereador,32,2020
0033,13013,CLOVES ALVES DOS SANTOS,PT,Vereador,23,2020
0033,13020,MARGARIDA DA SILVA CALIXTO,PT,Vereador,451,2020
0033,13030,VALMIR SANTOS DE OLIVEIRA,PT,Vereador,0,2020
0033,13053,SUELI DOS SANTOS SILVA BARBOSA,PT,Vereador,2,2020
0033,13060,WALCY DE OLIVEIRA,PT,Vereador,5,2020
0033,13093,ADLLAYNE VITORINO DAMBROSKI PEDROSO,PT,Vereador,11,2020
0033,13100,LUIZ CARLOS FELICIDADE,PT,Vereador,12,2020
0033,13111,ANA PAULA DE OLIVEIRA,PT,Vereador,10,2020
0033,13112,JUAREZ BISPO MATEUS,PT,Vereador,14,2020
0033,13113,MATHEUS ALVES ALBINO,PT,Vereador,49,2020
0033,13123,PAOLLA CATHERINE DOS SANTOS MIGUEL AGARD,PT,Vereador,241,2020
0033,13130,EDUARDO CORVELONI JUNIOR,PT,Vereador,6,2020
0033,13135,EVELYN SILVA DO NASCIMENTO VICENTE DA SILVA,PT,Vereador,6,2020
0033,13138,SOLANGE LOUREIRO POZZUTO,PT,Vereador,98,2020
0033,13161,MARIA LÚCIA QUIRINO DE CASTRO,PT,Vereador,36,2020
0033,13178,GILSON VILELA REIS,PT,Vereador,0,2020
0033,13213,JOSÉ APARECIDO DOS SANTOS,PT,Vereador,1,2020
0033,13222,JULIANO HENRIQUE DAVOLI FINELLI,PT,Vereador,28,2020
0033,13300,WAGNER DE MELO ROMÃO,PT,Vereador,307,2020
0033,13331,VERA LÚCIA RODRIGUES DE FARIA,PT,Vereador,80,2020
0033,13333,ALEX PEREIRA BAHIA,PT,Vereador,14,2020
0033,13413,JOÃO BATISTA BORGES,PT,Vereador,0,2020
0033,13420,ALEXANDRE DOS SANTOS PINTO,PT,Vereador,4,2020
0033,13456,ROSEMIRO APARECIDO FERREIRA,PT,Vereador,34,2020
0033,13500,ROGÉRIO NUNES,PT,Vereador,10,2020
0033,13555,GERALDO DANIEL ALVES BOSSO,PT,Vereador,0,2020
0033,13599,UBIRATAN ROBERTO ALVES FERREIRA,PT,Vereador,7,2020
0033,13613,CARLOS ROBERTO DE OLIVEIRA,PT,Vereador,122,2020
0033,13722,DAIANE CRISTINA MENDES,PT,Vereador,7,2020
0033,13777,GILBERTO JEFFERSON DE BARROS,PT,Vereador,1,2020
0033,13888,ALCILENE VICENTE DE CARVALHO,PT,Vereador,5,2020
0033,14000,VALDENIR ALVES DE MENEZES,PTB,Vereador,6,2020
0033,14012,FABIO AMBROSI DA SILVA,PTB,Vereador,11,2020
0033,14013,KATIA STANCATO,PTB,Vereador,207,2020
0033,14014,ANNIBAL MATHIAS FILHO,PTB,Vereador,103,2020
0033,14015,ELIENAI ALVES DE SOUZA LAZARONI,PTB,Vereador,2,2020
0033,14020,JHONNY EDERSON DA SILVA,PTB,Vereador,14,2020
0033,14033,LUCIANA DA SILVA FERNANDES,PTB,Vereador,8,2020
0033,14100,JACKSON LUIS RIBEIRO BARBOZA,PTB,Vereador,18,2020
0033,14104,JOEL BORGES SILVA,PTB,Vereador,3,2020
0033,14107,ROBERTO PEREIRA DA SILVA,PTB,Vereador,12,2020
0033,14111,JAIRO INACIO DO NASCIMENTO,PTB,Vereador,20,2020
0033,14112,VERA LUCIA SOARES SOEIRO,PTB,Vereador,13,2020
0033,14115,PEDRO ANDRE DOS SANTOS,PTB,Vereador,9,2020
0033,14121,SILVANA SILVA DOS SANTOS,PTB,Vereador,0,2020
0033,14123,CRISTINA OLIVEIRA DE PAULA FERIANI,PTB,Vereador,13,2020
0033,14133,FABIO PEREIRA BUENO,PTB,Vereador,9,2020
0033,14136,CARLOS ROBERTO TOLEDO,PTB,Vereador,51,2020
0033,14144,SANDRA APARECIDA DE ALMEIDA RAMOS,PTB,Vereador,5,2020
0033,14177,FABIANA APARECIDA BRITO ERNANE,PTB,Vereador,8,2020
0033,14182,KARYN JANAINA DO PRADO LIMA,PTB,Vereador,5,2020
0033,14192,JOSE ANTONIO FERNANDES,PTB,Vereador,0,2020
0033,14212,ETEVALDO ALVES MACHADO,PTB,Vereador,9,2020
0033,14213,JOSE ROBERTO CARNEIRO,PTB,Vereador,2,2020
0033,14222,EDUARDO AFONSO MANCO,PTB,Vereador,16,2020
0033,14230,MARCO ANTONIO HENRIQUE,PTB,Vereador,11,2020
0033,14333,RODOLFO TEIXEIRA CORREA,PTB,Vereador,19,2020
0033,14400,CARLOS ROBERTO DE SOUZA,PTB,Vereador,19,2020
0033,14444,FERNANDO ANTONIO GIANINI,PTB,Vereador,10,2020
0033,14500,FATIMA REGINA AZEVEDO TUCHIAMA,PTB,Vereador,43,2020
0033,14567,CARLOS ALEXANDRE FANTON SILVA,PTB,Vereador,13,2020
0033,14604,JOÃO DIRANI JUNIOR,PTB,Vereador,42,2020
0033,14666,DULCIOMARA INES LEOCADIO LIMA COSTA,PTB,Vereador,17,2020
0033,14777,ALEXANDRIA MARIA DO CARMO SANT ANNA LEME,PTB,Vereador,15,2020
0033,14789,FRANCISCO JOSE MONTEIRO DE BARROS JUNIOR,PTB,Vereador,12,2020
0033,14888,EDNELSON COSTA DOS SANTOS,PTB,Vereador,16,2020
0033,14999,FLAVIO DENIS DE JESUS TEIXEIRA,PTB,Vereador,4,2020
0033,15000,ARNALDO SALVETTI PALÁCIO JUNIOR,MDB,Vereador,257,2020
0033,15001,CLAUDINEI BENEDITO PRUDÊNCIO FORTES,MDB,Vereador,52,2020
0033,15005,MARIA ANGELA PONTES,MDB,Vereador,27,2020
0033,15007,WILSON TOURINHO DOS SANTOS,MDB,Vereador,0,2020
0033,15010,WAGNER DIADEME GONÇALVES,MDB,Vereador,6,2020
0033,15011,CLAUDIOMAR CEZARIO DOS SANTOS LIMA,MDB,Vereador,2,2020
0033,15015,JOAO CARLOS NUNES DA MATA,MDB,Vereador,25,2020
0033,15050,ANDRE LUIS SILVA DE SOUZA,MDB,Vereador,9,2020
0033,15100,YANKO GONCALVES MELLO,MDB,Vereador,166,2020
0033,15111,INACIO RODRIGUES DA FONSECA,MDB,Vereador,42,2020
0033,15115,ELAINE CRISTINA SANTOS MARINHO,MDB,Vereador,7,2020
0033,15123,FABIO OLIVEIRA DA SILVA,MDB,Vereador,39,2020
0033,15135,CLAUDIO LUIZ MORAES,MDB,Vereador,23,2020
0033,15140,ROBSON APARECIDO AYRES,MDB,Vereador,1,2020
0033,15150,PAULO RICARDO  DA CRUZ VITAL,MDB,Vereador,4,2020
0033,15153,DELMIRO DIAS DO NASCIMENTO,MDB,Vereador,7,2020
0033,15156,JOSE TADEU ALVES MOREIRA,MDB,Vereador,20,2020
0033,15190,SANDRA CANDIDO MORETTI,MDB,Vereador,49,2020
0033,15200,VALERIA CRISTINA IGNACIO,MDB,Vereador,11,2020
0033,15222,WENDELL BRANDAO DOS SANTOS,MDB,Vereador,6,2020
0033,15244,MARYZA ELLIRES BUENO GARIBALDI,MDB,Vereador,0,2020
0033,15271,JOSE CANDIDO DA SILVA,MDB,Vereador,0,2020
0033,15300,ADRIANA EMILIA HEITMANN GONÇALVES TEIXEIRA FONTES,MDB,Vereador,46,2020
0033,15321,BEATRIZ POSTAL COSTA,MDB,Vereador,8,2020
0033,15333,MARCIA CRISTINA SCHETINI ZICA,MDB,Vereador,4,2020
0033,15377,EVERTON RAMOS ARLINDO,MDB,Vereador,2,2020
0033,15400,ALTAIR DE JESUS AMORIM,MDB,Vereador,1,2020
0033,15456,LUCINEA APARECIDA DA SILVA,MDB,Vereador,3,2020
0033,15500,JOSE PEDRO NUNES,MDB,Vereador,9,2020
0033,15515,THIAGO AUGUSTO BERALDO,MDB,Vereador,18,2020
0033,15555,CICERO DINIZ,MDB,Vereador,10,2020
0033,15567,FRANCISCO JORGE,MDB,Vereador,7,2020
0033,15575,CRISTIAN PIVA,MDB,Vereador,8,2020
0033,15600,SANDRA APARECIDA RODRIGUES PITON,MDB,Vereador,82,2020
0033,15615,ELAINE RODRIGUES DA SILVA,MDB,Vereador,1,2020
0033,15678,BRUNO DE CASTRO SILVA,MDB,Vereador,2,2020
0033,15700,PEDRO AGOSTINHO BERNARDO DE OLIVEIRA,MDB,Vereador,1,2020
0033,15755,ERIVELTO SOUZA DE MORAES,MDB,Vereador,1,2020
0033,15777,CICERA DOS SANTOS,MDB,Vereador,4,2020
0033,15789,JOSE CARLOS DO NASCIMENTO OLIVEIRA,MDB,Vereador,13,2020
0033,15800,ALEXANDRE DE OLIVEIRA,MDB,Vereador,8,2020
0033,15888,ILARA CHRISTINA TOLEDO DE OLIVEIRA,MDB,Vereador,0,2020
0033,15900,EXPEDITO CARLOS DE SOUZA,MDB,Vereador,17,2020
0033,15915,MILENA DE CASSIA GOMES,MDB,Vereador,1,2020
0033,16000,KÁTIA SARTORI,PSTU,Vereador,11,2020
0033,17000,APARECIDO SOUZA SANTOS,PSL,Vereador,141,2020
0033,17001,ANDREIA MARIA GAONA ANDRE,PSL,Vereador,9,2020
0033,17005,VANESILDA COSTA BALDIN,PSL,Vereador,10,2020
0033,17007,DAVID DOS SANTOS GOMES,PSL,Vereador,1,2020
0033,17017,CARLOS ANDRE DE MELO,PSL,Vereador,5,2020
0033,17018,DANIEL BOLSONARO VAZ,PSL,Vereador,4,2020
0033,17022,GILDO DONIZETI DE SOUZA,PSL,Vereador,2,2020
0033,17027,MARCIA REGINA DE LIMA,PSL,Vereador,14,2020
0033,17077,ANTONIO CARLOS DE OLIVEIRA,PSL,Vereador,5,2020
0033,17100,GERALDO GABRIEL GAVA,PSL,Vereador,5,2020
0033,17107,RICARDO HENRIQUE CORREA,PSL,Vereador,3,2020
0033,17117,CLEMENTE JOSE CAPUCHINHO,PSL,Vereador,11,2020
0033,17123,SEBASTIÃO PEREIRA DOS SANTOS,PSL,Vereador,29,2020
0033,17125,MARIA JOSE DE SOUZA PEREIRA,PSL,Vereador,1,2020
0033,17150,LAVINIA PRADO DOS SANTOS,PSL,Vereador,17,2020
0033,17158,SHIRLENE MERCES DOS SANTOS,PSL,Vereador,2,2020
0033,17177,LUIZ ANTONIO DA CONCEIÇÃO PAP,PSL,Vereador,7,2020
0033,17181,ALEXANDRE FELIX SIGRIST,PSL,Vereador,7,2020
0033,17200,EDISON RIBEIRO,PSL,Vereador,50,2020
0033,17202,ERIKA ALMEIDA DA SILVA,PSL,Vereador,4,2020
0033,17213,VALDIR APARECIDO MERIN,PSL,Vereador,13,2020
0033,17222,JORGE PANSANI DE FRANÇA,PSL,Vereador,47,2020
0033,17300,ROSENILDO FRANÇA DE SOUSA,PSL,Vereador,3,2020
0033,17325,SAMYA DANIELLE MARTINS MEYER,PSL,Vereador,2,2020
0033,17332,SILVAN PEREIRA GOMES,PSL,Vereador,0,2020
0033,17333,ROSA FERREIRA DA SILVA,PSL,Vereador,29,2020
0033,17345,EDENILSON FERREIRA DOS SANTOS,PSL,Vereador,0,2020
0033,17400,RAFAEL CARLOS BRAGA SOTTRATI,PSL,Vereador,5,2020
0033,17412,JOSE REIS GABRIEL,PSL,Vereador,47,2020
0033,17444,LUCIANA FRANÇA,PSL,Vereador,2,2020
0033,17456,IRDIVAL APARECIDO FREZZATO,PSL,Vereador,18,2020
0033,17489,BRUNA REGINA DA ROCHA BAZOTTE,PSL,Vereador,3,2020
0033,17490,MARCIA MENDES LIMA DA SILVA,PSL,Vereador,12,2020
0033,17500,ORLEANS DE SA ALENCAR,PSL,Vereador,25,2020
0033,17555,CARLOS RUBEM BARRETTO XAVIER,PSL,Vereador,47,2020
0033,17576,DIANE BUENO QUERINO,PSL,Vereador,1,2020
0033,17577,VLAMIR FRANCISCO VIANA,PSL,Vereador,0,2020
0033,17580,IZAÍAS VICENTE EUZÉBIO,PSL,Vereador,2,2020
0033,17600,DORMELA LUIZA JUNQUEIRA DELGADO,PSL,Vereador,1,2020
0033,17620,PEDRO ALVES MARTINS,PSL,Vereador,3,2020
0033,17700,CLAUDIO ROBERTO NAVA,PSL,Vereador,16,2020
0033,17716,DIVINO SEBASTIÃO DA SILVA,PSL,Vereador,8,2020
0033,17717,ANTONIO VILSON DOS SANTOS,PSL,Vereador,3,2020
0033,17775,BENEDITO SIVIRINO RODRIGUES DO NASCIMENTO,PSL,Vereador,0,2020
0033,17777,SILVIO ROBERTO LIMA,PSL,Vereador,2,2020
0033,17789,MIZAEL IZIDORO BELLO GONÇALVES SILVA,PSL,Vereador,17,2020
0033,17800,JEZIEL SEVERINO DA SILVA,PSL,Vereador,102,2020
0033,17888,LUIZ CARLOS MOLINA,PSL,Vereador,15,2020
0033,17999,RENATA CRISTINA DA SILVA MOURA,PSL,Vereador,7,2020
0033,19007,GUSTAVO GONÇALVES,PODE,Vereador,10,2020
0033,19009,EDUARDO JORGE VELAZCO,PODE,Vereador,5,2020
0033,19017,FERNANDO LUIS COUTINHO NEVES,PODE,Vereador,18,2020
0033,19019,CLAYTON BUENO MENDES,PODE,Vereador,16,2020
0033,19020,SIDNEI JOSE LOPES,PODE,Vereador,11,2020
0033,19022,SONIA APARECIDA DA SILVA,PODE,Vereador,0,2020
0033,19055,ELISEU DE LIMA LÚCIO,PODE,Vereador,4,2020
0033,19069,SÔNIA MORELLI JUSTI,PODE,Vereador,8,2020
0033,19089,CREUZA RODRIGUES REAL DE OLIVEIRA,PODE,Vereador,2,2020
0033,19099,JOÃO OLIMPIO SANTANA FERREIRA,PODE,Vereador,3,2020
0033,19100,JOSÉ CARLOS DE MOURA,PODE,Vereador,0,2020
0033,19111,ADRIANA MARESTONI SPADONI,PODE,Vereador,18,2020
0033,19123,VONE DA SILVA MARQUES,PODE,Vereador,4,2020
0033,19190,RAQUEL APARECIDA DIAS,PODE,Vereador,0,2020
0033,19194,GIULIANE CAROLINE DE OLIVEIRA MARTINELLI,PODE,Vereador,0,2020
0033,19200,PAULINO DE CAMPOS,PODE,Vereador,1,2020
0033,19222,CLEUDES APARECIDA AMANCIO DA ROCHA,PODE,Vereador,1,2020
0033,19251,JÚLIO CÉSAR DE MORAIS,PODE,Vereador,1,2020
0033,19299,PAULO SERGIO RODRIGUES DA SILVA,PODE,Vereador,12,2020
0033,19300,PATRÍCIA APARECIDA BERALDO,PODE,Vereador,0,2020
0033,19321,CYNTHIA MOZER NAKAMURA,PODE,Vereador,13,2020
0033,19333,SOLANGE REGINA ALARCON TEIXEIRA,PODE,Vereador,3,2020
0033,19377,HELOISA HELENA SANT ANNA SILVEIRA,PODE,Vereador,35,2020
0033,19388,SONIA APARECIDA MARIANO,PODE,Vereador,2,2020
0033,19390,FRANCISCO CARLOS DE OLIVEIRA,PODE,Vereador,2,2020
0033,19422,ARMANDO LOPES,PODE,Vereador,6,2020
0033,19444,GISLAINE MORAES GUSMÃO DE BRITO,PODE,Vereador,13,2020
0033,19456,LUZIA DE SALES,PODE,Vereador,0,2020
0033,19466,SEBASTIÃO ROQUE RODRIGUES,PODE,Vereador,4,2020
0033,19470,MANOEL VICENTE MACHADO JUNIOR,PODE,Vereador,8,2020
0033,19555,EDUARDO DOS REIS MAGOGA,PODE,Vereador,96,2020
0033,19567,ROBERTO CARLOS GAMALIER DOS SANTOS,PODE,Vereador,7,2020
0033,19620,MIGUEL ARCANJO MONTEIRO VICENTE,PODE,Vereador,22,2020
0033,19700,ALEXSANDER LEAL DE OLIVEIRA,PODE,Vereador,3,2020
0033,19777,ARADIANE CRISTINA VICENTE RODRIGUES CHRISPIM,PODE,Vereador,2,2020
0033,19788,ARLEY PEREIRA DA SILVA,PODE,Vereador,1,2020
0033,19789,SILAS GOMES DA SILVA,PODE,Vereador,1,2020
0033,19877,NEY HAMILTON DE OLIVEIRA,PODE,Vereador,9,2020
0033,19880,MARIA RITA DE CASSIA LIVATO,PODE,Vereador,1,2020
0033,19882,ADENILSON ANTONIO PIMENTA VIEIRA,PODE,Vereador,2,2020
0033,19888,JOSE LUIS MONTEIRO,PODE,Vereador,0,2020
0033,19900,ADRIANO JARILHO DE ABREU,PODE,Vereador,7,2020
0033,19911,CARINA FERNANDA SMIRELLI,PODE,Vereador,3,2020
0033,19963,NUNO PAULO MENDONÇA FIGUEIRA,PODE,Vereador,0,2020
0033,19977,SIDIVAL CARLOS DA SILVA,PODE,Vereador,5,2020
0033,19987,APARECIDO FRANCISCO BARBINO,PODE,Vereador,2,2020
0033,19990,RONALDO DE SOUZA,PODE,Vereador,0,2020
0033,19999,RUBENS BRASILINO ROCHA,PODE,Vereador,5,2020
0033,20000,DEBORA DE ANDRADE PALERMO,PSC,Vereador,142,2020
0033,20002,MARIA EUNICE RODRIGUES,PSC,Vereador,9,2020
0033,20008,MARCOS ANTONIO GONÇALVES,PSC,Vereador,1,2020
0033,20010,JOSÉ JORGE ESCOTÃO,PSC,Vereador,3,2020
0033,20013,CARLOS CRISTOVAM PASTORE,PSC,Vereador,4,2020
0033,20020,CARLOS EDUARDO CRUZ,PSC,Vereador,142,2020
0033,20022,MILCA DOS SANTOS DUARTE,PSC,Vereador,3,2020
0033,20054,APARECIDA CELESTE LOPES,PSC,Vereador,2,2020
0033,20077,CLAUDETE MARTINS SANTOS DE ANDRADE,PSC,Vereador,2,2020
0033,20078,CARLOS EDUARDO ZANCHETA,PSC,Vereador,25,2020
0033,20110,MARIA JOSÉ CÂNDIDO,PSC,Vereador,8,2020
0033,20113,FRANCISCO DE ASSIS  MARTINS DE ALMEIDA,PSC,Vereador,0,2020
0033,20120,CLAUDINEY ALONSO,PSC,Vereador,11,2020
0033,20121,CLAUDIONOR RODRIGUES PORTO,PSC,Vereador,1,2020
0033,20123,MAURICELE DA SILVA LOPES,PSC,Vereador,19,2020
0033,20133,MARISA MARTINS DE OLIVEIRA,PSC,Vereador,18,2020
0033,20153,ALEXANDRE MORAES DE ALVARENGA RANGEL,PSC,Vereador,67,2020
0033,20164,JORGE FELIX HYMALAIA,PSC,Vereador,1,2020
0033,20200,MARCOS FERNANDO GUILLEN,PSC,Vereador,13,2020
0033,20210,ALTAZIDE RODRIGUES DA FONSECA FILHO,PSC,Vereador,21,2020
0033,20220,CARMO LUIZ GREGÓRIO DA SILVA,PSC,Vereador,58,2020
0033,20222,SEBASTIÃO CARLOS TORRES,PSC,Vereador,38,2020
0033,20223,MICHELLA SILVA LOPES,PSC,Vereador,0,2020
0033,20224,REGINALDO DOS SANTOS NUNES,PSC,Vereador,4,2020
0033,20234,MARIA DE LOURDES PEREIRA DA SILVA,PSC,Vereador,1,2020
0033,20240,SILVIA BATISTA DOS SANTOS,PSC,Vereador,3,2020
0033,20300,VALDIR FERREIRA,PSC,Vereador,19,2020
0033,20310,SERGIO MELLO MEDEIROS,PSC,Vereador,2,2020
0033,20320,CLAUDIO JOSÉ BERNARDES,PSC,Vereador,10,2020
0033,20322,ALVIMAR LEITE DOS SANTOS,PSC,Vereador,2,2020
0033,20333,JOSÉ DOMINGOS DA SILVA SANTOS,PSC,Vereador,2,2020
0033,20345,ISAC MONEGO,PSC,Vereador,68,2020
0033,20360,IARA APARECIDA RODRIGUES DOS SANTOS,PSC,Vereador,0,2020
0033,20444,NELSON JOSÉ PACHECO,PSC,Vereador,7,2020
0033,20456,FABIO CAMILO DE ALMEIDA,PSC,Vereador,19,2020
0033,20500,JOSÉ CARLOS FURIOSO,PSC,Vereador,15,2020
0033,20520,JOSÉ GERALDO DAMASCENO,PSC,Vereador,16,2020
0033,20555,ROGÉRIO RODRIGUES DE CASTRO,PSC,Vereador,9,2020
0033,20620,GILBERTO LEÃO DE ARAUJO,PSC,Vereador,8,2020
0033,20622,MAIRA ANNE PEREIRA GNATOS,PSC,Vereador,15,2020
0033,20638,ANA PAULA DA SILVA MORAES,PSC,Vereador,6,2020
0033,20666,PAULO CESAR COELHO ROCHA,PSC,Vereador,1,2020
0033,20700,ELCIO BATISTA,PSC,Vereador,21,2020
0033,20720,ALLINE DE OLIVEIRA SANTANA,PSC,Vereador,15,2020
0033,20777,MARCOS EDUARDO MARIANO,PSC,Vereador,2,2020
0033,20789,VALDIRLEI MARTINGHI,PSC,Vereador,14,2020
0033,20820,PEDRO HENRIQUE GONSALES DE OLIVEIRA,PSC,Vereador,3,2020
0033,20888,MANOEL NEVES DOS SANTOS,PSC,Vereador,6,2020
0033,20920,ELIETE APARECIDA FANTIN,PSC,Vereador,1,2020
0033,20999,JORGE LUIZ DO ROSÁRIO,PSC,Vereador,14,2020
0033,22000,ALBERTO ALVES DA FONSECA,PL,Vereador,129,2020
0033,22006,ALDO ALVES JUNIOR,PL,Vereador,97,2020
0033,22007,MIRIAM DIAS DA MACENO TERATO,PL,Vereador,19,2020
0033,22010,ROGERIO FIGUEREDO SANTANA,PL,Vereador,7,2020
0033,22019,FELIPE PEREIRA DE CAMPOS VERGUEIRO,PL,Vereador,191,2020
0033,22020,LENILDO FRANCISCO DA SILVA,PL,Vereador,1,2020
0033,22022,IVAN RICARDO LEITE NEVES,PL,Vereador,6,2020
0033,22038,TULIO AUGUSTO MARTINS SIQUEIRA,PL,Vereador,68,2020
0033,22072,LEONDAS DE JESUS PEREIRA,PL,Vereador,5,2020
0033,22100,LEONARDO ROCHA DÓRO,PL,Vereador,97,2020
0033,22111,CAROLINA LOURENÇO DEFILIPPI GONÇALVES,PL,Vereador,347,2020
0033,22112,EGLÊ SILVA PEREIRA NASCIMENTO,PL,Vereador,12,2020
0033,22120,PAULO ROBERTO MARTINS,PL,Vereador,0,2020
0033,22122,DAIANE PATRICIA DE BARROS BEZERRA,PL,Vereador,18,2020
0033,22123,JORGE ROBERTO SCHENEIDER,PL,Vereador,137,2020
0033,22125,FRANCISCO RALPH NASCIMENTO VARONI,PL,Vereador,37,2020
0033,22139,ROSANA DE SOUZA NUNES LACERDA,PL,Vereador,25,2020
0033,22200,WESLEY ALVARO MONTEIRO AGUIAR,PL,Vereador,78,2020
0033,22211,RAIMUNDO ELIEL NUNES DE LIMA,PL,Vereador,9,2020
0033,22212,DANIEL DOS SANTOS,PL,Vereador,6,2020
0033,22222,PAULO SERGIO GALTÉRIO,PL,Vereador,73,2020
0033,22223,HELIET TELMIS FERRARI,PL,Vereador,21,2020
0033,22243,ABRAÃO STREY,PL,Vereador,68,2020
0033,22300,JORGE VEIGA JUNIOR,PL,Vereador,80,2020
0033,22321,GILBERT JOSE DE MELLO,PL,Vereador,7,2020
0033,22322,TIAGO ESPINDOLA BATISTA,PL,Vereador,6,2020
0033,22333,THELMA ELAINE BRASILEIRO ROBERTI,PL,Vereador,77,2020
0033,22345,SILVIA MARLENE DA GRAÇA SILVA,PL,Vereador,8,2020
0033,22369,FERNANDA APARECIDA FIDELIS DE SOUZA,PL,Vereador,13,2020
0033,22400,ISMAILDA GOMES CAVALCANTE,PL,Vereador,2,2020
0033,22422,IRINEU SENTURIÃO,PL,Vereador,5,2020
0033,22456,FÁBIO LUIS DE LIMA,PL,Vereador,15,2020
0033,22500,MOISES MARQUES DE ABREU,PL,Vereador,24,2020
0033,22522,MARIA DE LOURDES DOS ANJOS,PL,Vereador,6,2020
0033,22552,ILZA MACENA DOS SANTOS SERRANO,PL,Vereador,3,2020
0033,22555,HUMBERTO FERNANDO RODRIGUES,PL,Vereador,14,2020
0033,22567,OTTO ALEJANDRO RIGAZZO ETTINGER,PL,Vereador,42,2020
0033,22580,CRISTIANO FORIGATO,PL,Vereador,22,2020
0033,22615,JOSE CARLOS DA SILVA CHAVES,PL,Vereador,1,2020
0033,22622,EDEVALDO DE MELO,PL,Vereador,131,2020
0033,22700,PAULA DA SILVA RAMOS,PL,Vereador,69,2020
0033,22722,SANDRO TEIXEIRA BATISTA,PL,Vereador,8,2020
0033,22766,MARCELO LEANDRO PEREIRA DOS SANTOS,PL,Vereador,0,2020
0033,22777,VALMIR APARECIDO MARÇAL,PL,Vereador,9,2020
0033,22789,JUSCELINO DE SOUZA MARTINS,PL,Vereador,40,2020
0033,22800,ANA CAROLINA LOPES CALUSNI,PL,Vereador,51,2020
0033,22840,ROSANGELA APARECIDA RIBEIRO,PL,Vereador,1,2020
0033,22888,SANDRO ORLANDO RAFFA,PL,Vereador,78,2020
0033,22889,ELISÂNGELA KELI DELARICA MACHADO DE FARIA,PL,Vereador,6,2020
0033,22999,GASPARINO RAIMUNDO DA SILVA,PL,Vereador,22,2020
0033,23000,NADINA APARECIDA FERNANDES DOS SANTOS,CIDADANIA,Vereador,11,2020
0033,23001,LUCIANO TADEU DE PAULA PAJOLA,CIDADANIA,Vereador,7,2020
0033,23005,GERALDO JOSE NOGUEIRA,CIDADANIA,Vereador,0,2020
0033,23007,AMANDA SYLVAN NEVES,CIDADANIA,Vereador,31,2020
0033,23010,LUCIANA APARECIDA CARDOSO,CIDADANIA,Vereador,6,2020
0033,23011,ELIAS RODRIGUES BASTOS,CIDADANIA,Vereador,68,2020
0033,23013,LUIZ GUILHERME WEISS FRANCO DE CAMPOS,CIDADANIA,Vereador,7,2020
0033,23014,CELSO ADRIANO DO NASCIMENTO,CIDADANIA,Vereador,0,2020
0033,23019,ELTON RODRIGUES DOS SANTOS,CIDADANIA,Vereador,3,2020
0033,23020,SIDNEI ALVES ROCHA,CIDADANIA,Vereador,1,2020
0033,23023,MIKAIL CARDOSO SOARES,CIDADANIA,Vereador,12,2020
0033,23026,MARJORIE DA COSTA HENRIQUE RODRIGUES,CIDADANIA,Vereador,122,2020
0033,23040,LEIDIANE SERAFIM MELO,CIDADANIA,Vereador,8,2020
0033,23044,ANITA MARIA DE FARIA,CIDADANIA,Vereador,0,2020
0033,23051,MANOEL CORREIA NETO,CIDADANIA,Vereador,0,2020
0033,23058,JOSE LIMA DA CRUZ,CIDADANIA,Vereador,6,2020
0033,23108,DAIANY FERREIRA OLIVEIRA,CIDADANIA,Vereador,0,2020
0033,23111,JORGE PANUTO DE OLIVEIRA,CIDADANIA,Vereador,6,2020
0033,23123,PAULO CESAR HADDAD,CIDADANIA,Vereador,165,2020
0033,23188,ANDERSON PEDRO,CIDADANIA,Vereador,0,2020
0033,23222,MARCIO OLIVEIRA SANTOS,CIDADANIA,Vereador,13,2020
0033,23230,LUIS CARLOS SANTOS,CIDADANIA,Vereador,20,2020
0033,23232,VILSON VINICIUS NASCIMENTO DA SILVA,CIDADANIA,Vereador,12,2020
0033,23234,JOSELITA RODRIGUES NUNES,CIDADANIA,Vereador,4,2020
0033,23238,LI LI MIN,CIDADANIA,Vereador,157,2020
0033,23257,DIOGO PASCHOAL STENICO,CIDADANIA,Vereador,18,2020
0033,23270,BEATRIZ DA SILVA LIMA,CIDADANIA,Vereador,2,2020
0033,23321,MARCIA APARECIDA RODRIGUES,CIDADANIA,Vereador,4,2020
0033,23323,RAFAEL FERREIRA OUTEIRO,CIDADANIA,Vereador,1,2020
0033,23333,GUILHERME AUGUSTO ANTONIOLI,CIDADANIA,Vereador,16,2020
0033,23345,WILLIAM GONÇALVEZ MARTINS,CIDADANIA,Vereador,5,2020
0033,23444,MARCOS EUNER BENUTTO,CIDADANIA,Vereador,24,2020
0033,23456,HENRI MAEDA,CIDADANIA,Vereador,144,2020
0033,23500,ROSA CASTELO,CIDADANIA,Vereador,12,2020
0033,23555,FRANCISCO ANTONIO DA SILVA,CIDADANIA,Vereador,2,2020
0033,23678,SERGIO RICARDO DE MORAIS,CIDADANIA,Vereador,9,2020
0033,23698,RILDO CARLOS PRAZERES DOS SANTOS,CIDADANIA,Vereador,5,2020
0033,23700,JOSE DE MORAIS NETO,CIDADANIA,Vereador,8,2020
0033,23723,ROSEMEIRE MARQUES VIRGINELLO,CIDADANIA,Vereador,14,2020
0033,23786,LENICE DA SILVA SANTOS,CIDADANIA,Vereador,0,2020
0033,23789,ELIAS ALVES DOS SANTOS,CIDADANIA,Vereador,1,2020
0033,23888,JOSE ALBERTO FERREIRA DE LIMA,CIDADANIA,Vereador,4,2020
0033,23923,ANA STELA ALVES DE LIMA,CIDADANIA,Vereador,125,2020
0033,25000,RODRIGO LUIS DE BARROS ALMEIDA,DEM,Vereador,66,2020
0033,25003,ANDREY DA SILVA CARVALHO,DEM,Vereador,0,2020
0033,25005,THIAGO RIBEIRO BRANDÃO,DEM,Vereador,22,2020
0033,25007,LEONARDO RUELA SANTANA,DEM,Vereador,34,2020
0033,25012,JOSELINDA PEREIRA BARBOSA,DEM,Vereador,1,2020
0033,25021,SANDRA REGINA ALVES,DEM,Vereador,1,2020
0033,25025,APARECIDO GOMES CORREIA,DEM,Vereador,4,2020
0033,25030,ITAMAR MARTINS CAMPOY,DEM,Vereador,4,2020
0033,25031,CLAUDEMIR DOMINGOS,DEM,Vereador,1,2020
0033,25049,ELAINE CRISTINA GARCIA RAMOS DE SOUSA,DEM,Vereador,17,2020
0033,25050,JOEL VALENCIO DE SOUZA,DEM,Vereador,0,2020
0033,25065,FRANCISCO DAS CHAGAS VIDAL FERREIRA,DEM,Vereador,2,2020
0033,25077,MARIA JOSÉ GALVÃO DE LIMA,DEM,Vereador,1,2020
0033,25100,BRUNA CAROLINE ROSA,DEM,Vereador,5,2020
0033,25110,AMANDO RIBEIRO DOS SANTOS JUNIOR,DEM,Vereador,14,2020
0033,25111,JOSÉ FRANCISCO DA SILVA,DEM,Vereador,7,2020
0033,25123,WANDERLEY LUIZ SARTORI,DEM,Vereador,38,2020
0033,25125,JOEL CARLOS DORNELAS,DEM,Vereador,15,2020
0033,25135,MARCELLO LEONARDI BEZERRA,DEM,Vereador,20,2020
0033,25155,FERNANDO SCALET ARAUJO,DEM,Vereador,21,2020
0033,25190,VLADIMIR RIBEIRO,DEM,Vereador,39,2020
0033,25200,MARCELINO FELISBERTO DA COSTA,DEM,Vereador,15,2020
0033,25222,MAURA ELIZABETH CRUZ,DEM,Vereador,7,2020
0033,25333,EMERSON VETACA,DEM,Vereador,34,2020
0033,25369,JULIANA DOS SANTOS RIBEIRO,DEM,Vereador,4,2020
0033,25400,FERNANDO CARVALHO ZAMITH,DEM,Vereador,29,2020
0033,25444,GENNE ALBINO PINTO,DEM,Vereador,13,2020
0033,25500,RUBENS SOARES DO NASCIMENTO,DEM,Vereador,38,2020
0033,25530,JOSE AUGUSTO MENEZES DA SILVA,DEM,Vereador,0,2020
0033,25555,SARA EVANGELISTA SARDINHA,DEM,Vereador,9,2020
0033,25600,LUCIANA AUGUSTA DOS SANTOS CARVALHO PINHO,DEM,Vereador,8,2020
0033,25625,MARTA DE JESUS NICOLAU ROCHA,DEM,Vereador,3,2020
0033,25678,LUIZ HENRIQUE DA SILVA,DEM,Vereador,1,2020
0033,25695,PAULO HENRIQUE DA SILVA,DEM,Vereador,0,2020
0033,25703,CLAUDIO CALDAS,DEM,Vereador,3,2020
0033,25777,JORGE RICARDO TEIXEIRA CEZARIO,DEM,Vereador,7,2020
0033,25789,WILSON SENIGALIA,DEM,Vereador,13,2020
0033,25800,ELZA DONIZETE DA SILVA,DEM,Vereador,3,2020
0033,25877,ANTONIA JAIARA ALVES CARDOZO,DEM,Vereador,33,2020
0033,25905,HILDEBRANDO ALVES DE OLIVEIRA,DEM,Vereador,0,2020
0033,25925,ANGELA MARTA DE BRITO,DEM,Vereador,2,2020
0033,25933,IZABEL SILVA SOUZA,DEM,Vereador,0,2020
0033,25999,MARCONE JOSÉ DE LIMA,DEM,Vereador,3,2020
0033,28000,JOSE AFONSO DA COSTA BITTENCOURT,PRTB,Vereador,118,2020
0033,28001,MARCELO TEIXEIRA BARBOSA,PRTB,Vereador,22,2020
0033,28008,JOÃO BATISTA PEDROSO,PRTB,Vereador,29,2020
0033,28010,BEATRIZ HELENA DIAS CRESPI,PRTB,Vereador,0,2020
0033,28020,JOSE GERALDO CRUZ COSTA,PRTB,Vereador,44,2020
0033,28028,CARLOS ALBERTO BERTOLDO,PRTB,Vereador,69,2020
0033,28086,JEICY KELLY DE OLIVEIRA,PRTB,Vereador,1,2020
0033,28128,ANGELA ISABEL RODRIGUES,PRTB,Vereador,6,2020
0033,28148,FRANCISCO CORDEIRO,PRTB,Vereador,5,2020
0033,28295,TANIA CORREIA GOMES DE FIGUEIREDO,PRTB,Vereador,3,2020
0033,28333,MOACIR JOSE SCACCHETTI,PRTB,Vereador,15,2020
0033,28383,ISAMAR APARECIDA SILVA MIGLIARI,PRTB,Vereador,2,2020
0033,28456,ANTONIO MOSCATELLI,PRTB,Vereador,1,2020
0033,28762,CLAUDIO KOVACSICS,PRTB,Vereador,11,2020
0033,28777,JOSE CIRO ROJAS QUISPE,PRTB,Vereador,10,2020
0033,28789,OSVALDO BORTOLETO,PRTB,Vereador,25,2020
0033,28800,TALITA RIBEIRO ALVES,PRTB,Vereador,21,2020
0033,28888,JOSE RENATO PIRES,PRTB,Vereador,4,2020
0033,30000,ANDRE ROBERTO FREITAS FERREIRA PINTO,NOVO,Vereador,123,2020
0033,30003,ALCIDES SOARES FILHO,NOVO,Vereador,14,2020
0033,30007,MARCÉLIO ANDRADE LEÃO,NOVO,Vereador,90,2020
0033,30032,JUSSARA CRISTINA DA SILVA,NOVO,Vereador,10,2020
0033,30083,CARLOS DANIEL CORADI,NOVO,Vereador,12,2020
0033,30100,ADELSON FONSECA BEZERRA,NOVO,Vereador,135,2020
0033,30123,MARNE DA SILVA CAMPOS,NOVO,Vereador,56,2020
0033,30153,MIRIAM MARIA ANTUNES DE SOUZA,NOVO,Vereador,124,2020
0033,30222,MARCIA ANTONIA CIA RIBEIRO SANTOS,NOVO,Vereador,105,2020
0033,30300,SANDRA HELENA FERNANDES,NOVO,Vereador,116,2020
0033,30333,FRANCISCO ASSIS DA CONCEIÇÃO,NOVO,Vereador,193,2020
0033,30500,MARIA CRISTINA DE OLIVEIRA,NOVO,Vereador,261,2020
0033,30730,CÁSSIO HERVELLA,NOVO,Vereador,52,2020
0033,30777,JONATHAS DE SIQUEIRA FERREIRA,NOVO,Vereador,166,2020
0033,30900,DANIEL BISCOLA PEREIRA,NOVO,Vereador,254,2020
0033,30999,PAULO SÉRGIO BARCELLOS GASPAR,NOVO,Vereador,511,2020
0033,33000,LOURIVAL RODRIGUES DA SILVA,PMN,Vereador,22,2020
0033,33007,MARINA DE JESUS TERRA,PMN,Vereador,1,2020
0033,33022,LEANDRO DE OLIVEIRA SILVA,PMN,Vereador,0,2020
0033,33096,BRENDA DA SILVA FERREIRA,PMN,Vereador,0,2020
0033,33102,PEDRO PRUDENTE DE MORAIS NETO,PMN,Vereador,1,2020
0033,33123,LILIANE HELENA AGUIAR DE OLIVEIRA,PMN,Vereador,0,2020
0033,33170,RAIMUNDO FERREIRA DE SOUZA,PMN,Vereador,3,2020
0033,33222,SERGIO RICARDO CACCIACARRO,PMN,Vereador,3,2020
0033,33333,TARYK AL JAMAHIRIYA AGIO,PMN,Vereador,1,2020
0033,33727,LUIZ HENRIQUE LANA RODRIGUES,PMN,Vereador,0,2020
0033,33777,GILBERTO GONÇALVES,PMN,Vereador,20,2020
0033,40000,LUIS MOKITI YABIKU,PSB,Vereador,354,2020
0033,40001,ANDERSON DELBUE GIANETTI,PSB,Vereador,122,2020
0033,40006,ROSA PAULA SELHI,PSB,Vereador,70,2020
0033,40007,ANA ROSA PASCOAL REIS RODRIGUES DOS SANTOS,PSB,Vereador,31,2020
0033,40008,GABRIELY DE OLIVEIRA,PSB,Vereador,21,2020
0033,40011,DELLY RIDAN ABELINI E SCUCUGLIA DE MEDEIROS SOUTO,PSB,Vereador,17,2020
0033,40012,JURACY PEREIRA COUTINHO JUNIOR,PSB,Vereador,22,2020
0033,40013,JAIRSON VALERIO DOS ANJOS,PSB,Vereador,71,2020
0033,40019,ALEXANDRE SPENCER RAMPAZO VASCONCELLOS,PSB,Vereador,59,2020
0033,40021,WELLINGTON LUCIANO DE SYLLOS,PSB,Vereador,4,2020
0033,40024,DONIZETE DA COSTA AMARAL,PSB,Vereador,3,2020
0033,40040,ADILSON DE SOUZA ROCHA,PSB,Vereador,78,2020
0033,40075,OSMAIR DONIZETE PEREIRA,PSB,Vereador,3,2020
0033,40100,JOSE BATISTA DE CARVALHO FILHO,PSB,Vereador,92,2020
0033,40110,ARMINDO LIMA DE ALMEIDA,PSB,Vereador,11,2020
0033,40111,AIRTON FEITOSA DOS SANTOS,PSB,Vereador,2,2020
0033,40112,FILIPE BATISTA MARCHESI,PSB,Vereador,93,2020
0033,40123,GILBERTO CARLOS CARDOSO,PSB,Vereador,41,2020
0033,40140,CAROLINA NOGUEIRA BOSCOLO,PSB,Vereador,30,2020
0033,40150,SERGIO LUIS DOS SANTOS,PSB,Vereador,4,2020
0033,40159,DEBORA MARINO DAS NEVES,PSB,Vereador,30,2020
0033,40180,ANA CAROLINA SANCHES,PSB,Vereador,2,2020
0033,40200,PAULO DE ELISEU GIROTO,PSB,Vereador,5,2020
0033,40203,ROGERIO DE OLIVEIRA LINS,PSB,Vereador,6,2020
0033,40204,DANIEL DE BRITO BERNABÉ,PSB,Vereador,22,2020
0033,40220,DOUGLAS MENEZES,PSB,Vereador,28,2020
0033,40222,ELIAS HERNANE AZEVEDO,PSB,Vereador,25,2020
0033,40234,FRANCIELI CRISTINA BOCHNIE,PSB,Vereador,1,2020
0033,40333,LARA SOFIA FRIGERI,PSB,Vereador,34,2020
0033,40345,CLAUDINEI ALMEIDA,PSB,Vereador,107,2020
0033,40388,ALEXANDRE ALASMAR JUNIOR,PSB,Vereador,0,2020
0033,40400,IVONE CRESCENCIO DA SILVA MENDONÇA,PSB,Vereador,40,2020
0033,40422,DEUCI FATIMA SOARES,PSB,Vereador,93,2020
0033,40424,ADRIANA CRISTINA LEITE SILVA,PSB,Vereador,3,2020
0033,40444,CÉLIA ROBERTO,PSB,Vereador,10,2020
0033,40456,PERMINIO MONTEIRO DA SILVA,PSB,Vereador,96,2020
0033,40500,JOÃO JOTA SILVA,PSB,Vereador,45,2020
0033,40513,NEUSA SILVA,PSB,Vereador,1,2020
0033,40555,LUIZ FERNANDO MARIANO MATEUS,PSB,Vereador,9,2020
0033,40580,JOSE CARLOS DOS SANTOS,PSB,Vereador,487,2020
0033,40677,CID FERREIRA DE SOUZA,PSB,Vereador,129,2020
0033,40678,JOSÉ CARLOS SILVA,PSB,Vereador,108,2020
0033,40777,ANDRÉ JORGE MARUJO,PSB,Vereador,57,2020
0033,40789,JOAO RINALDO MACHADO,PSB,Vereador,3,2020
0033,40888,AILTON FERNANDES SARMENTO,PSB,Vereador,87,2020
0033,40900,JOSE HONORATO DOS SANTOS,PSB,Vereador,24,2020
0033,40971,JEFERSON AMARANTE,PSB,Vereador,8,2020
0033,40999,GILBERTO MANOEL DE ALMEIDA,PSB,Vereador,38,2020
0033,43000,VAGNER DOS SANTOS BELLINI,PV,Vereador,106,2020
0033,43001,GILMAR DE MELO COSTA,PV,Vereador,4,2020
0033,43003,GABRIEL PIRES DO VALLE RIBEIRO,PV,Vereador,1,2020
0033,43006,ELAINE CRISTINA DA SILVA POGGETTI,PV,Vereador,0,2020
0033,43007,SILVIA HELENA SENISE FURIO VENTURI,PV,Vereador,5,2020
0033,43010,ANGELA CRISTINA MIRANDA,PV,Vereador,14,2020
0033,43011,JOSÉ TAVARES DA ROCHA,PV,Vereador,5,2020
0033,43013,ROSEMEIRE BENTO DE SOUSA,PV,Vereador,5,2020
0033,43020,JORGE FERREIRA PORTO,PV,Vereador,3,2020
0033,43033,SEBASTIÃO TEIXEIRA DE CARVALHO,PV,Vereador,3,2020
0033,43034,KATTYA CRISTINA GAIOTTO,PV,Vereador,30,2020
0033,43043,SILVIA SANTOMI MIYAMOTO,PV,Vereador,14,2020
0033,43050,CARLOS ALVES FEITOSA,PV,Vereador,0,2020
0033,43084,ADRIANO HENRIQUE HERMINI,PV,Vereador,1,2020
0033,43100,ROBINSON WILSON FELIPE,PV,Vereador,8,2020
0033,43103,LENIR MAGALHÃES BOLDRIN,PV,Vereador,9,2020
0033,43111,FRANCISCO SILVA DE MACEDO,PV,Vereador,0,2020
0033,43123,LUIZ CARLOS ROSSINI,PV,Vereador,253,2020
0033,43190,CARLOS ROBERTO DOS SANTOS,PV,Vereador,18,2020
0033,43192,CIRLENE DOS SANTOS,PV,Vereador,18,2020
0033,43200,ADRIANO DE JESUS MENDES,PV,Vereador,2,2020
0033,43210,ROGERS FUSSI AVEIRO,PV,Vereador,66,2020
0033,43221,MAIZA LISBOA,PV,Vereador,1,2020
0033,43229,FABIANA APARECIDA SILVEIRA CAMARGO,PV,Vereador,0,2020
0033,43233,CRISTIANE MENDES DE OLIVERA,PV,Vereador,37,2020
0033,43300,CARLOS EDUARDO DEPIERI,PV,Vereador,10,2020
0033,43321,CARLOS EDUARDO TREVISOLLI DA SILVA,PV,Vereador,14,2020
0033,43333,GIVALDO FERREIRA DE LIMA,PV,Vereador,34,2020
0033,43346,MAURO ACIR CRIPPA JUNIOR,PV,Vereador,76,2020
0033,43430,CARLOS ROBERTO ALVIM,PV,Vereador,307,2020
0033,43433,ZIARA CRISTINA ROQUE,PV,Vereador,10,2020
0033,43444,ANTONIO FRANCISCO NASCIMENTO,PV,Vereador,0,2020
0033,43500,CARLOS CESAR FERREIRA,PV,Vereador,8,2020
0033,43555,LUIZ GUSTAVO MERLO,PV,Vereador,54,2020
0033,43600,IVONE RAMOS DOS SANTOS,PV,Vereador,2,2020
0033,43666,ROSANA LEH DIAS,PV,Vereador,22,2020
0033,43725,GENIVAL CESAR DE MENESES,PV,Vereador,0,2020
0033,43741,MARCELO ANTONIO POLLETO,PV,Vereador,13,2020
0033,43777,DANIELLA AMADA RODRIGUES GOMES DOS SANTOS,PV,Vereador,22,2020
0033,43867,PEDRO DE CAIRO,PV,Vereador,13,2020
0033,43888,JOÃO FERREIRA DE ALMEIDA,PV,Vereador,24,2020
0033,43911,JOÃO RODRIGO NUCCI MARTIN,PV,Vereador,9,2020
0033,43999,RICARDO RÔMULO PAGANELI,PV,Vereador,6,2020
0033,45000,FRANCISCO PAULO CAVALCANTE,PSDB,Vereador,13,2020
0033,45015,STELA MARIS FERREIRA NOGUEIRA,PSDB,Vereador,1,2020
0033,45016,CRISTIANO OLIVEIRA DA SILVA,PSDB,Vereador,1,2020
0033,45022,VALDIR APARECIDO TERRAZAN,PSDB,Vereador,70,2020
0033,45033,JOSÉ CARLOS,PSDB,Vereador,1,2020
0033,45038,CAROLINA BRANCO CLAUDINO GOMES VANCINI,PSDB,Vereador,14,2020
0033,45040,LUCIANO LAURO DA SILVA,PSDB,Vereador,4,2020
0033,45045,THOMAZ ALCANTARA CAVALLARO,PSDB,Vereador,117,2020
0033,45100,ANTONIO LOPES,PSDB,Vereador,4,2020
0033,45123,GUILHERME DAMASCENO FERNANDES,PSDB,Vereador,395,2020
0033,45150,MARIA HELENA VIEIRA,PSDB,Vereador,3,2020
0033,45192,CRISTIANE APARECIDA DE BRITO,PSDB,Vereador,1,2020
0033,45200,ADENILTON FELIPE DOS SANTOS,PSDB,Vereador,3,2020
0033,45216,SELMA MARIA FERREIRA DE SOUZA,PSDB,Vereador,3,2020
0033,45222,JORGE DOS SANTOS MONTANARI,PSDB,Vereador,98,2020
0033,45234,MARCOS JOSÉ BERNARDELLI,PSDB,Vereador,478,2020
0033,45245,SABRINA TAMARA DO COUTO,PSDB,Vereador,1,2020
0033,45275,ANA APARECIDA TRISTÃO BIANCHI,PSDB,Vereador,8,2020
0033,45333,OSMAR BALDIN SIMIONATTO,PSDB,Vereador,26,2020
0033,45387,HELENICE DE FATIMA SOUZA ALMEIDA,PSDB,Vereador,13,2020
0033,45444,CLEONICE REGINA DE CARVALHO,PSDB,Vereador,1,2020
0033,45455,VERA LUZ CAMPOS SERRAZES,PSDB,Vereador,19,2020
0033,45456,DEBORAH LUZIA NASCIMENTO ROSA,PSDB,Vereador,5,2020
0033,45500,WILSON DA SILVA,PSDB,Vereador,5,2020
0033,45518,ANGELO ROBERTO RIBEIRO DA CUNHA JUNIOR,PSDB,Vereador,29,2020
0033,45555,JANAINA CORDEIRO NEVES,PSDB,Vereador,3,2020
0033,45567,ROBERTO AQUIO SASAKI,PSDB,Vereador,56,2020
0033,45580,JOSÉ OSCAR PEREIRA DE SOUZA,PSDB,Vereador,3,2020
0033,45600,DANILO RIDYER PALMA,PSDB,Vereador,44,2020
0033,45645,LEONARDO LORO MARTINS PINTO,PSDB,Vereador,17,2020
0033,45678,LUIZ HENRIQUE CIRILO,PSDB,Vereador,486,2020
0033,45700,VANDERLEI VICENTE DA SILVA,PSDB,Vereador,0,2020
0033,45777,ADILSON PIMENTEL DE ALMEIDA,PSDB,Vereador,4,2020
0033,45888,JOÃO DE FREITAS PATRICIO NETO,PSDB,Vereador,3,2020
0033,45972,ZULMIRA ALVES,PSDB,Vereador,12,2020
0033,45999,MARCELO LUIS MONTANARI,PSDB,Vereador,6,2020
0033,50000,PAULO ROBERTO BUFALO,PSOL,Vereador,458,2020
0033,50001,MARCELA DIAS MOREIRA,PSOL,Vereador,326,2020
0033,50002,AMILTON LUIS FIM LIMA,PSOL,Vereador,25,2020
0033,50005,LUAN MAYNNY SILVA AVELINO,PSOL,Vereador,13,2020
0033,50010,RAUL MARQUES PARDINHO,PSOL,Vereador,27,2020
0033,50050,JOSÉ APARECIDO RODRIGUES DE SOUZA,PSOL,Vereador,3,2020
0033,50100,MARIANA CONTI TAKAHASHI,PSOL,Vereador,1342,2020
0033,50123,ÉLICE NATALIA BOTELHO,PSOL,Vereador,299,2020
0033,50147,JOÃO PEREIRA MARINS,PSOL,Vereador,0,2020
0033,50150,JOSE LITO DA SILVA NASCIMENTO,PSOL,Vereador,0,2020
0033,50180,REBEKA GONÇALVES DIAS,PSOL,Vereador,17,2020
0033,50222,ROBERTO LUIS STEVENSON PRADO,PSOL,Vereador,119,2020
0033,50234,VALDOMIRO DIAS,PSOL,Vereador,2,2020
0033,50255,PAULO SÉRGIO EVANGELISTA DE SOUZA,PSOL,Vereador,1,2020
0033,50300,LETÍCIA SOUZA MOREIRA BENEVIDES,PSOL,Vereador,279,2020
0033,50444,DORALICE RITA SILVA DE ALCÂNTARA RODRIGUES,PSOL,Vereador,5,2020
0033,50500,NELTON MIRANDA LIMA DOS SANTOS,PSOL,Vereador,16,2020
0033,50501,DAMIÃO ALCÂNTARA DA SILVA,PSOL,Vereador,1,2020
0033,50505,DANIEL LUIS ALVES,PSOL,Vereador,25,2020
0033,50650,ALEXANDRE TORTORELLA MANDL,PSOL,Vereador,58,2020
0033,51000,ATILA FERNANDO GONCALVES RIBEIRO,PATRIOTA,Vereador,23,2020
0033,51003,NIVALDO VILLELA,PATRIOTA,Vereador,13,2020
0033,51051,JOÃO ADELINO ROCHA,PATRIOTA,Vereador,1,2020
0033,51053,GABRIELA ARAUJO,PATRIOTA,Vereador,3,2020
0033,51091,ROGERIO MANZINI,PATRIOTA,Vereador,4,2020
0033,51100,TING HUNG HAO,PATRIOTA,Vereador,23,2020
0033,51117,ELAINE PEREIRA,PATRIOTA,Vereador,3,2020
0033,51123,VALDEMIR JOSE MARTINS,PATRIOTA,Vereador,1,2020
0033,51153,CLEIR APARECIDO COELHO,PATRIOTA,Vereador,11,2020
0033,51222,LUIZ CARLOS DO ESPIRITO SANTO,PATRIOTA,Vereador,0,2020
0033,51234,ANDREIA PEREIRA FERRAZ,PATRIOTA,Vereador,17,2020
0033,51300,ALEX BATISTA ROCHA,PATRIOTA,Vereador,20,2020
0033,51511,EDINILSON LUCAS BEZERRA,PATRIOTA,Vereador,1,2020
0033,51533,EDSON TIAGO AUGUSTO,PATRIOTA,Vereador,2,2020
0033,51555,CÉSAR HENRIQUE MASUTTE,PATRIOTA,Vereador,13,2020
0033,51733,ROGERIO DE OLIVEIRA ADÃO,PATRIOTA,Vereador,7,2020
0033,51789,LETICIA MARCELA TOME,PATRIOTA,Vereador,6,2020
0033,51888,STÉFANIE JORDANA MARQUES DE ARAÚJO,PATRIOTA,Vereador,1,2020
0033,51894,GABRIEL ROSA DE FREITAS,PATRIOTA,Vereador,1,2020
0033,51999,CAROLINE ESTAELE BRITO,PATRIOTA,Vereador,1,2020
0033,55000,RAFAEL FERNANDES TEÓFILO,PSD,Vereador,27,2020
0033,55005,EDUARDO FACTOR,PSD,Vereador,152,2020
0033,55007,MARCELO DE OLIVEIRA FRANCISCO,PSD,Vereador,13,2020
0033,55013,SUELY REZENDE PENHA,PSD,Vereador,30,2020
0033,55019,MARCOS ROBERTO DIAS,PSD,Vereador,8,2020
0033,55038,RODRIGO RIBEIRO HONÓRIO,PSD,Vereador,3,2020
0033,55045,ROSANA MATIAS DA PENHA,PSD,Vereador,2,2020
0033,55055,MARCELO DUCHOVNI SILVA,PSD,Vereador,1433,2020
0033,55123,ANGELO DINIZ,PSD,Vereador,335,2020
0033,55150,ISRAEL APARECIDO NASCIMENTO,PSD,Vereador,14,2020
0033,55155,DAVID WEBER ROJAS DE LIMA,PSD,Vereador,2,2020
0033,55156,RICARDO DO PRADO MINARRO,PSD,Vereador,9,2020
0033,55200,MARIANGELA DA COSTA PETTINARI PENNA MAGLIONI,PSD,Vereador,64,2020
0033,55222,MARIA DE FATIMA DE SOUZA,PSD,Vereador,28,2020
0033,55234,MARINÊS BARBOSA DA SILVA,PSD,Vereador,31,2020
0033,55321,LUIS HENRIQUE CARVALHO DA SILVA,PSD,Vereador,10,2020
0033,55330,ANDERSON GUIZONI JUNIOR,PSD,Vereador,19,2020
0033,55333,DANIELLE GOMES DE CARVALHO,PSD,Vereador,1,2020
0033,55355,GIOVANNA FABIOLA MARTINS DUARTE,PSD,Vereador,9,2020
0033,55455,EDVANDO APARECIDO DE SOUZA,PSD,Vereador,1,2020
0033,55500,AILTON LOURENÇO DA SILVA,PSD,Vereador,9,2020
0033,55505,GENILSON SILVA,PSD,Vereador,2,2020
0033,55555,FLÁVIO MAYNARDES ARAUJO,PSD,Vereador,436,2020
0033,55655,NELSON HOSSRI NETO,PSD,Vereador,1021,2020
0033,55678,ABIATA JOSE DE LIMA,PSD,Vereador,3,2020
0033,55775,CRISLAINE CARABIA,PSD,Vereador,18,2020
0033,55777,JORGE AKIRA DE ARAUJO CALDAS,PSD,Vereador,25,2020
0033,55800,ROSANGELA HELENA COELHO,PSD,Vereador,6,2020
0033,55855,VANDILSON DA COSTA LOPES,PSD,Vereador,11,2020
0033,55888,DANILO BOTELHO SANCHES,PSD,Vereador,49,2020
0033,55955,EDEUCLEIA MORAES SENA DA SILVA,PSD,Vereador,0,2020
0033,55999,VALDOMIRO PINHEIRO DE CAMPOS,PSD,Vereador,4,2020
0033,65000,ROMARIO DA ROCHA RIBEIRO,PC do B,Vereador,20,2020
0033,65003,ROBERSON ACASSIO DA SILVA,PC do B,Vereador,0,2020
0033,65007,JOSÉ GERALDO STECCA,PC do B,Vereador,3,2020
0033,65017,MARIO LUIZ ADÃO DE SOUZA,PC do B,Vereador,6,2020
0033,65035,ANDREA APARECIDA DE JESUS MENDES,PC do B,Vereador,107,2020
0033,65100,PAULA AUGUSTO GALATI GAINO,PC do B,Vereador,28,2020
0033,65111,DAVID MAMEDIO NUNES,PC do B,Vereador,1,2020
0033,65123,ORESTES AUGUSTO TOLEDO,PC do B,Vereador,106,2020
0033,65133,CARLOS ADILSON GAUDÊNCIO,PC do B,Vereador,0,2020
0033,65180,APARECIDA CÉLIA DOS SANTOS,PC do B,Vereador,27,2020
0033,65221,FÁTIMA APARECIDA CAMARGO LOPES,PC do B,Vereador,3,2020
0033,65222,ADRIANO APARECIDO ELIAS DA SILVA,PC do B,Vereador,15,2020
0033,65234,SUZANA DA SILVA PEREIRA,PC do B,Vereador,0,2020
0033,65250,REGIVAM ESTEVAM,PC do B,Vereador,0,2020
0033,65300,GEREMIAS MARTINS DE OLIVEIRA,PC do B,Vereador,0,2020
0033,65333,ADENILSON BUENO DA SILVA,PC do B,Vereador,0,2020
0033,65355,GUILHERME LUCIUS SAVI,PC do B,Vereador,0,2020
0033,65365,MARIA GOMES DE SOUZA NASCIMENTO,PC do B,Vereador,0,2020
0033,65432,ERNÉSTO PAES DE CAMARGO FILHO,PC do B,Vereador,12,2020
0033,65444,JOSÉ RICARDO FIGUEIREDO,PC do B,Vereador,5,2020
0033,65500,ANGELO RAFAEL BARRETO,PC do B,Vereador,10,2020
0033,65514,GILBERTO ALVES,PC do B,Vereador,2,2020
0033,65555,ISMARCIA GONÇALVES DA CRUZ,PC do B,Vereador,1,2020
0033,65556,JOAQUINA GOMES DE LIMA TEIXEIRA,PC do B,Vereador,0,2020
0033,65565,PAULO SERGIO PEREIRA DA SILVA,PC do B,Vereador,11,2020
0033,65577,ANIBIO FERREIRA DA SILVA JUNIOR,PC do B,Vereador,0,2020
0033,65600,JOÃO MARTINS DE MELO,PC do B,Vereador,0,2020
0033,65650,ELISIENE DE NASCIMENTO LOBO,PC do B,Vereador,23,2020
0033,65655,SONIA HIPOLITA DE SOUZA SAWAZKI,PC do B,Vereador,3,2020
0033,65656,GUSTAVO LEMOS PETTA,PC do B,Vereador,380,2020
0033,65657,WALTER DE PAULA LACORTE JUNIOR,PC do B,Vereador,1,2020
0033,65678,CLAUDEMIR VIEIRA LOPES,PC do B,Vereador,0,2020
0033,65789,SILVANA APARECIDA GOMES VEIGA,PC do B,Vereador,2,2020
0033,65888,MARIANA DE LOURDES TEIXEIRA,PC do B,Vereador,6,2020
0033,65999,ADÃO BERNARDINO DA SILVA,PC do B,Vereador,2,2020
0033,70000,FRANCISCA ROSANA MONTANHER,AVANTE,Vereador,32,2020
0033,70001,KATARINA LEME DA SILVA,AVANTE,Vereador,6,2020
0033,70007,RICARDO MEIRA DO NASCIMENTO,AVANTE,Vereador,4,2020
0033,70010,ELIANE DO AMARAL,AVANTE,Vereador,3,2020
0033,70022,KEYLA TAVARES DA SILVA FELICIANO,AVANTE,Vereador,2,2020
0033,70030,FELIPE CEZAR MONTEIRO DE SOUZA,AVANTE,Vereador,214,2020
0033,70038,FABRÍCIA DE LIMA GOMES NASCIMENTO,AVANTE,Vereador,0,2020
0033,70053,LAUDELICE CONDE GARRIDO,AVANTE,Vereador,0,2020
0033,70055,JOSE JOVINO DE OLIVEIRA,AVANTE,Vereador,6,2020
0033,70070,EMERSON SANTANA PIVATO,AVANTE,Vereador,6,2020
0033,70074,ANDREIA DE BRITO OLIVEIRA,AVANTE,Vereador,0,2020
0033,70100,RAFAEL BRESSANE ALVES,AVANTE,Vereador,115,2020
0033,70111,WESLEY ANTONIO FONSECA,AVANTE,Vereador,6,2020
0033,70121,ANTONIO RODRIGUES,AVANTE,Vereador,0,2020
0033,70123,VALDEIR LUCCHIARI,AVANTE,Vereador,13,2020
0033,70133,HELIO ALVES MOREIRA,AVANTE,Vereador,49,2020
0033,70170,ELIZABETH RUIZ DA SILVA,AVANTE,Vereador,2,2020
0033,70175,WILZA APARECIDA ARAUJO SILVA,AVANTE,Vereador,1,2020
0033,70190,CLODOALDO MAIOLINI FILHO,AVANTE,Vereador,20,2020
0033,70200,MAURO VITORIANO SANCHEZ,AVANTE,Vereador,5,2020
0033,70207,JOZIEL PEREIRA MAIA,AVANTE,Vereador,12,2020
0033,70209,GEANE SOUZA DOS SANTOS,AVANTE,Vereador,0,2020
0033,70222,NATIVIDADE MARIA DE LIMA,AVANTE,Vereador,1,2020
0033,70234,NOEL CORDEIRO TEIXEIRA,AVANTE,Vereador,11,2020
0033,70270,NORBERTO FRANCHI DE ANDRADE,AVANTE,Vereador,33,2020
0033,70300,RICAEL ALVES,AVANTE,Vereador,0,2020
0033,70321,RODRIGO SOUZA LOPES DOS SANTOS,AVANTE,Vereador,0,2020
0033,70333,PAULO RODRIGUES REIS,AVANTE,Vereador,0,2020
0033,70345,ADEMIR PAULO NUNES DE ALMEIDA,AVANTE,Vereador,11,2020
0033,70456,AGENOR JOSÉ DOS SANTOS,AVANTE,Vereador,1,2020
0033,70500,LUCIO ANTONIO ARAÚJO CONDE,AVANTE,Vereador,10,2020
0033,70555,MARCELO VITAL,AVANTE,Vereador,14,2020
0033,70585,MARIA CELESTE CAMARGO CASEMIRO,AVANTE,Vereador,9,2020
0033,70613,EDIVILSON BARBOZA FREIRE,AVANTE,Vereador,0,2020
0033,70655,JOSÉ WILSON DANTAS,AVANTE,Vereador,9,2020
0033,70666,SANDRA SANTATERRA,AVANTE,Vereador,3,2020
0033,70678,JOSIAS DUTRA NETO,AVANTE,Vereador,3,2020
0033,70700,VITO ANTONIO LUGIANNATIELLO,AVANTE,Vereador,10,2020
0033,70701,LUIZ NUNES MENDES NETO,AVANTE,Vereador,5,2020
0033,70769,CARLOS ROBERTO PITTARELLI,AVANTE,Vereador,1,2020
0033,70777,ANTONIO GONZALEZ DOS SANTOS,AVANTE,Vereador,10,2020
0033,70779,VALERIA APARECIDA FIRMINO,AVANTE,Vereador,4,2020
0033,70789,RAIMUNDO MIRANDA DOS SANTOS FILHO,AVANTE,Vereador,5,2020
0033,70888,JOÃO LUIS CAIRES,AVANTE,Vereador,34,2020
0033,70890,MILTON SOARES MUCHIUTTE,AVANTE,Vereador,64,2020
0033,70900,ANTONIO DA SILVA,AVANTE,Vereador,3,2020
0033,70911,FABIANO HERMENEGILDO ANTONINI,AVANTE,Vereador,1,2020
0033,70913,FABIANA MARQUES DE MELO,AVANTE,Vereador,2,2020
0033,70999,CLEYTON DE SOUZA POSSATO,AVANTE,Vereador,1,2020
0033,77000,RICARDO JOSÉ PEREIRA,SOLIDARIEDADE,Vereador,35,2020
0033,77007,CLOVIS DE AZEVEDO NETO,SOLIDARIEDADE,Vereador,8,2020
0033,77009,MARCOS DOS SANTOS GOMES,SOLIDARIEDADE,Vereador,7,2020
0033,77010,PAULO ROBERTO DOS SANTOS VIEIRA,SOLIDARIEDADE,Vereador,5,2020
0033,77015,ROSIMEIRE DE PAULA ISMÉRIO,SOLIDARIEDADE,Vereador,8,2020
0033,77025,JUVENIL NATALINO CELESTINO,SOLIDARIEDADE,Vereador,5,2020
0033,77031,ANDRÉ LUIS TOLOTTO,SOLIDARIEDADE,Vereador,12,2020
0033,77077,VALTER DONIZETTI JOSÉ,SOLIDARIEDADE,Vereador,3,2020
0033,77079,CLAUDINEI DA COSTA E SILVA,SOLIDARIEDADE,Vereador,12,2020
0033,77088,JOÃO BATISTA DE PAULA,SOLIDARIEDADE,Vereador,19,2020
0033,77098,ELIANA MARIA ROCHA MIRANDA,SOLIDARIEDADE,Vereador,8,2020
0033,77099,ANDRÉ LEÃO DE SOUZA,SOLIDARIEDADE,Vereador,20,2020
0033,77100,JAIR QUINALIA,SOLIDARIEDADE,Vereador,89,2020
0033,77111,PASCUAL DANETTI,SOLIDARIEDADE,Vereador,11,2020
0033,77118,CARLOS ANTONIO DE MENDONÇA,SOLIDARIEDADE,Vereador,24,2020
0033,77123,CLODOALDO MISTURA,SOLIDARIEDADE,Vereador,1,2020
0033,77190,RICARDO JOSE DE SOUZA,SOLIDARIEDADE,Vereador,12,2020
0033,77200,LUCIANA DA SILVA,SOLIDARIEDADE,Vereador,5,2020
0033,77211,DORGIVAL JOSE DE LIMA,SOLIDARIEDADE,Vereador,16,2020
0033,77222,JOSÉ FERNANDES SILVA,SOLIDARIEDADE,Vereador,0,2020
0033,77300,MILTON DA SILVA FARIA,SOLIDARIEDADE,Vereador,18,2020
0033,77333,SERGIO DIAS RIBEIRO,SOLIDARIEDADE,Vereador,13,2020
0033,77400,MARCELO TEIXEIRA,SOLIDARIEDADE,Vereador,3,2020
0033,77444,LUIZ ANTONIO BENINE,SOLIDARIEDADE,Vereador,1,2020
0033,77456,SILVIO CESAR SOUZA,SOLIDARIEDADE,Vereador,16,2020
0033,77500,CLAUDINEI APARECIDO DO CARMO,SOLIDARIEDADE,Vereador,44,2020
0033,77555,HELEN PATRICIA MERIM,SOLIDARIEDADE,Vereador,22,2020
0033,77556,VALÉRIA APARECIDA FORTUNATO DE PAULA,SOLIDARIEDADE,Vereador,2,2020
0033,77567,SUELI SENE LEMOS DE MATOS,SOLIDARIEDADE,Vereador,1,2020
0033,77676,ADRIANO APARECIDO DA SILVA,SOLIDARIEDADE,Vereador,0,2020
0033,77677,CLOVIS CORDEIRO,SOLIDARIEDADE,Vereador,45,2020
0033,77690,MARIA EDILEUZA VASCO MARÇAL,SOLIDARIEDADE,Vereador,6,2020
0033,77708,IZABEL DE SOUZA SANTOS,SOLIDARIEDADE,Vereador,0,2020
0033,77733,MARIA JOSE DALLA BERNARDINA,SOLIDARIEDADE,Vereador,8,2020
0033,77744,ROSEMARE DOS SANTOS AVELINO,SOLIDARIEDADE,Vereador,0,2020
0033,77745,ANA MARIA RIBEIRO MARTINS,SOLIDARIEDADE,Vereador,3,2020
0033,77767,JULIANO ANTONIO MARÇAL,SOLIDARIEDADE,Vereador,12,2020
0033,77777,WLADMIR DE SOUZA CARNEIRO,SOLIDARIEDADE,Vereador,18,2020
0033,77789,VANDERLEI MARCOS FERRARI,SOLIDARIEDADE,Vereador,2,2020
0033,77800,CREBIO DINIZ DE ALMEIDA,SOLIDARIEDADE,Vereador,62,2020
0033,77801,EDILSON EUGENIO,SOLIDARIEDADE,Vereador,1,2020
0033,77808,BENEDITO ROBERTO DE BARRETTO,SOLIDARIEDADE,Vereador,4,2020
0033,77888,JOSE CARLOS DE JESUS CLARIO,SOLIDARIEDADE,Vereador,21,2020
0033,77889,FABIANO ROBERTO DE ALBUQUERQUE,SOLIDARIEDADE,Vereador,1,2020
0033,77890,ANA PAULA DA SILVA LUZ,SOLIDARIEDADE,Vereador,13,2020
0033,77898,VALMIR APARECIDO DA SILVA,SOLIDARIEDADE,Vereador,0,2020
0033,77980,MARINA DOS SANTOS,SOLIDARIEDADE,Vereador,2,2020
0033,77990,VALERIA RUSSO DA SILVA,SOLIDARIEDADE,Vereador,10,2020
0033,77999,ANGELINA MAIA PRAXEDES,SOLIDARIEDADE,Vereador,38,2020
0033,90000,ROBER BLU ORLANDO,PROS,Vereador,2,2020
0033,90014,JOSE MARCOS VIEIRA,PROS,Vereador,3,2020
0033,90100,EVANDRO EDUARDO DE SOUZA,PROS,Vereador,11,2020
0033,90111,MARCOS JOSE NOTARO,PROS,Vereador,11,2020
0033,90123,LILIA ARANTES ZEBALHO,PROS,Vereador,3,2020
0033,90333,IVANI DOS SANTOS PINHEIRO,PROS,Vereador,5,2020
0033,90567,ANDRE DIONISIO FAVELA,PROS,Vereador,14,2020
0033,90700,DAVID HONORATO,PROS,Vereador,1,2020
0033,90777,WANDERLEY GONÇALVES DE OLIVEIRA,PROS,Vereador,8,2020
0033,90789,ROBINSON LUIZ BOLSONI,PROS,Vereador,9,2020
0033,90888,CRISTIANE DE OLIVEIRA,PROS,Vereador,1,2020
0033,90999,SANDRA ROQUE PEREIRA,PROS,Vereador,4,2020
0274,10000,PAULO SERGIO CAMPANA,REPUBLICANOS,Vereador,154,2020
0274,10001,EDERSON ROGERIO WULK,REPUBLICANOS,Vereador,5,2020
0274,10010,CLAUDIO CORMANICH,REPUBLICANOS,Vereador,150,2020
0274,10012,ROSANGELA DE ANDRADE,REPUBLICANOS,Vereador,15,2020
0274,10014,JURANDIR QUIRINO DOS SANTOS,REPUBLICANOS,Vereador,1,2020
0274,10020,FERNANDO MANTOVAN,REPUBLICANOS,Vereador,3,2020
0274,10025,BRUNO APARECIDO DE LIMA,REPUBLICANOS,Vereador,7,2020
0274,10027,LUIS ROBERTO DE ALMEIDA,REPUBLICANOS,Vereador,16,2020
0274,10069,VALERIA TANIA FRANCISCHINI,REPUBLICANOS,Vereador,28,2020
0274,10080,LUIZ FELIPE DE OLIVEIRA THEODORO,REPUBLICANOS,Vereador,72,2020
0274,10100,ROVILSON ROSCITO,REPUBLICANOS,Vereador,4,2020
0274,10101,CARLOS ROBERTO DE MATTOS ROCHA JUNIOR,REPUBLICANOS,Vereador,11,2020
0274,10110,ROSANA OLIVIER GONÇALVES,REPUBLICANOS,Vereador,24,2020
0274,10111,AMBROSIO LUZ NETO,REPUBLICANOS,Vereador,16,2020
0274,10122,LUIZ GONZAGA,REPUBLICANOS,Vereador,98,2020
0274,10123,FERNANDO CESAR RIBEIRO MENDES,REPUBLICANOS,Vereador,612,2020
0274,10125,JADIELSON FERREIRA DA SILVA,REPUBLICANOS,Vereador,3,2020
0274,10147,ROSA MONICA CUSTODIO,REPUBLICANOS,Vereador,8,2020
0274,10153,CRISTIANO DE OLIVEIRA E SILVA,REPUBLICANOS,Vereador,4,2020
0274,10156,DORACI CORREIA DE ALMEIDA,REPUBLICANOS,Vereador,11,2020
0274,10159,PRISCILA MENDES FERREIRA INACIO,REPUBLICANOS,Vereador,22,2020
0274,10190,ARGEU ALENCAR DA SILVA,REPUBLICANOS,Vereador,39,2020
0274,10200,HIGOR DIEGO RALLA,REPUBLICANOS,Vereador,107,2020
0274,10234,JAKSSON LEANDRO LUCIANO GONÇALVES,REPUBLICANOS,Vereador,28,2020
0274,10300,MARCIA FABIANA DA SILVA,REPUBLICANOS,Vereador,1,2020
0274,10321,JORDANA DE SOUSA MOURA ARAUJO,REPUBLICANOS,Vereador,9,2020
0274,10333,NOEMI SILVANA PRATES DE OLIVEIRA,REPUBLICANOS,Vereador,15,2020
0274,10345,OSCAR NEVES GUIMARÃES,REPUBLICANOS,Vereador,18,2020
0274,10369,STELLA FREIRE HERRMANN,REPUBLICANOS,Vereador,21,2020
0274,10400,OSVALDO MARTINS OLIVEIRA,REPUBLICANOS,Vereador,3,2020
0274,10444,MARIA LUCIA CAMILO,REPUBLICANOS,Vereador,2,2020
0274,10456,CELINA APARECIDA PORFIRIO,REPUBLICANOS,Vereador,4,2020
0274,10500,ROGERIO BERNARDES BOGONE,REPUBLICANOS,Vereador,43,2020
0274,10544,APARECIDA TERESINHA BURATTO,REPUBLICANOS,Vereador,0,2020
0274,10555,FLAUBERT DE ARAUJO,REPUBLICANOS,Vereador,16,2020
0274,10567,RODISNEI CESAR CLOSEL,REPUBLICANOS,Vereador,8,2020
0274,10600,RUBENS EIDE JUNIOR,REPUBLICANOS,Vereador,33,2020
0274,10700,PAULO ALVES MAIA,REPUBLICANOS,Vereador,87,2020
0274,10711,JULIO CESAR FERREIRA ALVES,REPUBLICANOS,Vereador,10,2020
0274,10777,NILSON DO CARMO SANTOS,REPUBLICANOS,Vereador,10,2020
0274,10789,CARLOS JOSE LEMOS,REPUBLICANOS,Vereador,24,2020
0274,10911,SAULO FERNANDO ZACARI,REPUBLICANOS,Vereador,13,2020
0274,10978,LUIZA HELENA CAGLIARI DE SOUZA,REPUBLICANOS,Vereador,26,2020
0274,10999,ROSINEI APARECIDA MOREIRA MATOKANOVIC,REPUBLICANOS,Vereador,64,2020
0274,11000,ANTONIO JOSÉ SOARES DOS SANTOS,PP,Vereador,68,2020
0274,11007,BRUNO HENRIQUE PEREIRA FRANCISCHINI,PP,Vereador,39,2020
0274,11011,WALDIR CUSTÓDIO DE LIMA,PP,Vereador,83,2020
0274,11016,LUCIANA DA SILVA,PP,Vereador,2,2020
0274,11019,EMILY NAYARA DOS SANTOS LIMA,PP,Vereador,1,2020
0274,11023,SONIA MARIA DOS SANTOS,PP,Vereador,2,2020
0274,11033,SEBASTIAO BORGES DE ARAUJO,PP,Vereador,47,2020
0274,11038,EDERSON PERIN MARTINS,PP,Vereador,106,2020
0274,11044,PEDRO REMONDINI,PP,Vereador,2,2020
0274,11078,ZACARIAS NUNES DE SIQUEIRA,PP,Vereador,38,2020
0274,11111,JAIME DE SOUZA,PP,Vereador,475,2020
0274,11120,OSMAR DELLA PASCHOA JUNIOR,PP,Vereador,48,2020
0274,11121,VALDIR RIBEIRO PIRES,PP,Vereador,22,2020
0274,11123,DENILSON DO PRADO,PP,Vereador,27,2020
0274,11138,JEFERSON ANTONIO SOUZA PINTO,PP,Vereador,1,2020
0274,11181,MARCOS ALVES FERREIRA,PP,Vereador,72,2020
0274,11189,MILENE FORTUOSO DOS SANTOS,PP,Vereador,14,2020
0274,11190,ISRAEL NANTES SANTOS,PP,Vereador,328,2020
0274,11200,FRANCISCO DE ASSIS NASCIMENTO,PP,Vereador,10,2020
0274,11207,SIRLENE CONCEIÇÃO DE SOUZA,PP,Vereador,13,2020
0274,11211,LUCAS HENRIQUE TREVIZAN,PP,Vereador,23,2020
0274,11222,EDINEI EDUARDO CESCHI,PP,Vereador,79,2020
0274,11234,VILSON DORIVAL FRANÇA,PP,Vereador,53,2020
0274,11239,THARINE LILLENA VEIGA,PP,Vereador,8,2020
0274,11246,GERALDO JOSE LAURIA,PP,Vereador,5,2020
0274,11249,NOEMIAS CAMARGO JUNIOR,PP,Vereador,20,2020
0274,11260,MARIA CALVARIO BERNARDO DE CAMPOS,PP,Vereador,9,2020
0274,11300,MARIA CLAUDIA BERTUZZO VEIGA,PP,Vereador,22,2020
0274,11311,ALMIRANTE PEDRO ALVARES CABRAL,PP,Vereador,38,2020
0274,11321,ALEXANDRE BARBOSA DA SILVA,PP,Vereador,103,2020
0274,11336,FLÁVIO EDILSON PADOVINI,PP,Vereador,60,2020
0274,11380,ROBERVAL BEZERRA ALVES,PP,Vereador,24,2020
0274,11444,DOROTIDES CAMPELLO DOS SANTOS ANJOS,PP,Vereador,5,2020
0274,11511,SONIA APARECIDA DE CARVALHO THEODORO,PP,Vereador,14,2020
0274,11522,ANESIO PEREIRA DA SILVA FILHO,PP,Vereador,2,2020
0274,11553,PETRONIO ALVES DA CRUZ,PP,Vereador,16,2020
0274,11555,ALEXANDRE MARTINS SILVA,PP,Vereador,13,2020
0274,11600,FILETO DE ALBUQUERQUE,PP,Vereador,23,2020
0274,11611,APARECIDO SEVERINO BENTO,PP,Vereador,2,2020
0274,11636,SONIA ROSANGELA RODRIGUES,PP,Vereador,3,2020
0274,11784,NESTOR SAYÃO SARTORETTO,PP,Vereador,6,2020
0274,11878,LUCIVÂNIA PINHEIRO BARBOSA,PP,Vereador,26,2020
0274,11888,LEUCE MAGALHÃES MARANHÃO,PP,Vereador,10,2020
0274,11900,HELENA CARDOSO TABERTI,PP,Vereador,3,2020
0274,11999,CLAUDINE GONÇALVES COSTA,PP,Vereador,71,2020
0274,12000,VIVIANE REGINA DE LIMA CRISPIM,PDT,Vereador,16,2020
0274,12007,JERÔNIMO APARECIDO BORGES,PDT,Vereador,7,2020
0274,12012,CARLOS SALUSTIANO DA SILVA,PDT,Vereador,51,2020
0274,12111,IGOR CARDIA SOARES SOUZA,PDT,Vereador,30,2020
0274,12113,EDVALDO FERREIRA GUEDES,PDT,Vereador,3,2020
0274,12121,JORGE HENRIQUE RODRIGUES CERQUEIRA,PDT,Vereador,5,2020
0274,12123,AILTON FABIO GONÇALVES DE SOUZA,PDT,Vereador,52,2020
0274,12151,MANOEL MESSIAS DOS SANTOS,PDT,Vereador,1,2020
0274,12227,SHIRLEI GUIRÃO DA SILVA CHAGAS,PDT,Vereador,0,2020
0274,12255,RUTE APARECIDA LEITE RIPARI,PDT,Vereador,14,2020
0274,12321,NILTON RIBEIRO DOS SANTOS JUNIOR,PDT,Vereador,23,2020
0274,12333,MARCELO JOSÉ DIAS,PDT,Vereador,1,2020
0274,12340,PAULO HENRIQUE DE BRITO DOS SANTOS,PDT,Vereador,3,2020
0274,12344,OSMIL JOSÉ DA SILVA,PDT,Vereador,2,2020
0274,12345,AURELIO JOSE CLAUDIO,PDT,Vereador,94,2020
0274,12369,LUIS HENRIQUE FERMINO JORGE,PDT,Vereador,2,2020
0274,12500,FABIO APARECIDO MORANDI,PDT,Vereador,18,2020
0274,12612,VINICIUS STACHIN BRITO,PDT,Vereador,0,2020
0274,12661,ANTONIO CARLOS DIONISIO BISPO,PDT,Vereador,3,2020
0274,12678,CARLOS HENRIQUE POLIS,PDT,Vereador,18,2020
0274,12737,BRÍGIDA FELICIANA DOS SANTOS,PDT,Vereador,1,2020
0274,12777,CLAUDIO RISSI,PDT,Vereador,15,2020
0274,12812,JOSÉ CARLOS BRUNO,PDT,Vereador,6,2020
0274,12835,FABIO HENRIQUE DOS SANTOS,PDT,Vereador,2,2020
0274,12888,APARECIDA CUSTÓDIO DOS SANTOS,PDT,Vereador,9,2020
0274,12890,LUCIA DE FATIMA BALARINI DA SILVA,PDT,Vereador,0,2020
0274,12911,DOMINIQUE SALES SAWAZKI,PDT,Vereador,1,2020
0274,12912,LILIAN CRISTINA MOURA,PDT,Vereador,0,2020
0274,12914,MARIA ORDILIA TEIXEIRA,PDT,Vereador,32,2020
0274,12973,RENATA DA SILVA,PDT,Vereador,3,2020
0274,12999,CARLOS EDUARDO JULIO MORELLO,PDT,Vereador,8,2020
0274,13000,IRANDIR SANTOS DA CONCEIÇÃO,PT,Vereador,33,2020
0274,13001,SILVIO JOSÉ MARQUES,PT,Vereador,110,2020
0274,13010,DOUGLAS BARBOSA DA SILVA,PT,Vereador,4,2020
0274,13011,CECÍLIO SERAFIM DOS SANTOS,PT,Vereador,84,2020
0274,13013,CLOVES ALVES DOS SANTOS,PT,Vereador,8,2020
0274,13020,MARGARIDA DA SILVA CALIXTO,PT,Vereador,397,2020
0274,13030,VALMIR SANTOS DE OLIVEIRA,PT,Vereador,1,2020
0274,13053,SUELI DOS SANTOS SILVA BARBOSA,PT,Vereador,3,2020
0274,13060,WALCY DE OLIVEIRA,PT,Vereador,13,2020
0274,13093,ADLLAYNE VITORINO DAMBROSKI PEDROSO,PT,Vereador,4,2020
0274,13100,LUIZ CARLOS FELICIDADE,PT,Vereador,24,2020
0274,13111,ANA PAULA DE OLIVEIRA,PT,Vereador,12,2020
0274,13112,JUAREZ BISPO MATEUS,PT,Vereador,16,2020
0274,13113,MATHEUS ALVES ALBINO,PT,Vereador,58,2020
0274,13123,PAOLLA CATHERINE DOS SANTOS MIGUEL AGARD,PT,Vereador,277,2020
0274,13130,EDUARDO CORVELONI JUNIOR,PT,Vereador,21,2020
0274,13135,EVELYN SILVA DO NASCIMENTO VICENTE DA SILVA,PT,Vereador,9,2020
0274,13138,SOLANGE LOUREIRO POZZUTO,PT,Vereador,97,2020
0274,13161,MARIA LÚCIA QUIRINO DE CASTRO,PT,Vereador,44,2020
0274,13178,GILSON VILELA REIS,PT,Vereador,3,2020
0274,13213,JOSÉ APARECIDO DOS SANTOS,PT,Vereador,2,2020
0274,13222,JULIANO HENRIQUE DAVOLI FINELLI,PT,Vereador,35,2020
0274,13300,WAGNER DE MELO ROMÃO,PT,Vereador,177,2020
0274,13331,VERA LÚCIA RODRIGUES DE FARIA,PT,Vereador,103,2020
0274,13333,ALEX PEREIRA BAHIA,PT,Vereador,20,2020
0274,13413,JOÃO BATISTA BORGES,PT,Vereador,8,2020
0274,13420,ALEXANDRE DOS SANTOS PINTO,PT,Vereador,8,2020
0274,13456,ROSEMIRO APARECIDO FERREIRA,PT,Vereador,29,2020
0274,13500,ROGÉRIO NUNES,PT,Vereador,21,2020
0274,13555,GERALDO DANIEL ALVES BOSSO,PT,Vereador,12,2020
0274,13599,UBIRATAN ROBERTO ALVES FERREIRA,PT,Vereador,11,2020
0274,13613,CARLOS ROBERTO DE OLIVEIRA,PT,Vereador,435,2020
0274,13722,DAIANE CRISTINA MENDES,PT,Vereador,5,2020
0274,13777,GILBERTO JEFFERSON DE BARROS,PT,Vereador,5,2020
0274,13888,ALCILENE VICENTE DE CARVALHO,PT,Vereador,13,2020
0274,14000,VALDENIR ALVES DE MENEZES,PTB,Vereador,8,2020
0274,14012,FABIO AMBROSI DA SILVA,PTB,Vereador,30,2020
0274,14013,KATIA STANCATO,PTB,Vereador,118,2020
0274,14014,ANNIBAL MATHIAS FILHO,PTB,Vereador,60,2020
0274,14015,ELIENAI ALVES DE SOUZA LAZARONI,PTB,Vereador,36,2020
0274,14020,JHONNY EDERSON DA SILVA,PTB,Vereador,25,2020
0274,14033,LUCIANA DA SILVA FERNANDES,PTB,Vereador,5,2020
0274,14100,JACKSON LUIS RIBEIRO BARBOZA,PTB,Vereador,40,2020
0274,14104,JOEL BORGES SILVA,PTB,Vereador,6,2020
0274,14107,ROBERTO PEREIRA DA SILVA,PTB,Vereador,5,2020
0274,14111,JAIRO INACIO DO NASCIMENTO,PTB,Vereador,29,2020
0274,14112,VERA LUCIA SOARES SOEIRO,PTB,Vereador,60,2020
0274,14115,PEDRO ANDRE DOS SANTOS,PTB,Vereador,12,2020
0274,14121,SILVANA SILVA DOS SANTOS,PTB,Vereador,63,2020
0274,14123,CRISTINA OLIVEIRA DE PAULA FERIANI,PTB,Vereador,23,2020
0274,14133,FABIO PEREIRA BUENO,PTB,Vereador,7,2020
0274,14136,CARLOS ROBERTO TOLEDO,PTB,Vereador,28,2020
0274,14144,SANDRA APARECIDA DE ALMEIDA RAMOS,PTB,Vereador,8,2020
0274,14177,FABIANA APARECIDA BRITO ERNANE,PTB,Vereador,20,2020
0274,14182,KARYN JANAINA DO PRADO LIMA,PTB,Vereador,67,2020
0274,14192,JOSE ANTONIO FERNANDES,PTB,Vereador,0,2020
0274,14212,ETEVALDO ALVES MACHADO,PTB,Vereador,4,2020
0274,14213,JOSE ROBERTO CARNEIRO,PTB,Vereador,7,2020
0274,14222,EDUARDO AFONSO MANCO,PTB,Vereador,12,2020
0274,14230,MARCO ANTONIO HENRIQUE,PTB,Vereador,11,2020
0274,14333,RODOLFO TEIXEIRA CORREA,PTB,Vereador,45,2020
0274,14400,CARLOS ROBERTO DE SOUZA,PTB,Vereador,96,2020
0274,14444,FERNANDO ANTONIO GIANINI,PTB,Vereador,6,2020
0274,14500,FATIMA REGINA AZEVEDO TUCHIAMA,PTB,Vereador,34,2020
0274,14567,CARLOS ALEXANDRE FANTON SILVA,PTB,Vereador,12,2020
0274,14604,JOÃO DIRANI JUNIOR,PTB,Vereador,102,2020
0274,14666,DULCIOMARA INES LEOCADIO LIMA COSTA,PTB,Vereador,24,2020
0274,14777,ALEXANDRIA MARIA DO CARMO SANT ANNA LEME,PTB,Vereador,20,2020
0274,14789,FRANCISCO JOSE MONTEIRO DE BARROS JUNIOR,PTB,Vereador,29,2020
0274,14888,EDNELSON COSTA DOS SANTOS,PTB,Vereador,17,2020
0274,14999,FLAVIO DENIS DE JESUS TEIXEIRA,PTB,Vereador,24,2020
0274,15000,ARNALDO SALVETTI PALÁCIO JUNIOR,MDB,Vereador,439,2020
0274,15001,CLAUDINEI BENEDITO PRUDÊNCIO FORTES,MDB,Vereador,31,2020
0274,15005,MARIA ANGELA PONTES,MDB,Vereador,41,2020
0274,15007,WILSON TOURINHO DOS SANTOS,MDB,Vereador,5,2020
0274,15010,WAGNER DIADEME GONÇALVES,MDB,Vereador,9,2020
0274,15011,CLAUDIOMAR CEZARIO DOS SANTOS LIMA,MDB,Vereador,16,2020
0274,15015,JOAO CARLOS NUNES DA MATA,MDB,Vereador,43,2020
0274,15050,ANDRE LUIS SILVA DE SOUZA,MDB,Vereador,25,2020
0274,15100,YANKO GONCALVES MELLO,MDB,Vereador,288,2020
0274,15111,INACIO RODRIGUES DA FONSECA,MDB,Vereador,90,2020
0274,15115,ELAINE CRISTINA SANTOS MARINHO,MDB,Vereador,9,2020
0274,15123,FABIO OLIVEIRA DA SILVA,MDB,Vereador,10,2020
0274,15135,CLAUDIO LUIZ MORAES,MDB,Vereador,26,2020
0274,15140,ROBSON APARECIDO AYRES,MDB,Vereador,0,2020
0274,15150,PAULO RICARDO  DA CRUZ VITAL,MDB,Vereador,150,2020
0274,15153,DELMIRO DIAS DO NASCIMENTO,MDB,Vereador,14,2020
0274,15156,JOSE TADEU ALVES MOREIRA,MDB,Vereador,31,2020
0274,15190,SANDRA CANDIDO MORETTI,MDB,Vereador,53,2020
0274,15200,VALERIA CRISTINA IGNACIO,MDB,Vereador,10,2020
0274,15222,WENDELL BRANDAO DOS SANTOS,MDB,Vereador,550,2020
0274,15244,MARYZA ELLIRES BUENO GARIBALDI,MDB,Vereador,0,2020
0274,15271,JOSE CANDIDO DA SILVA,MDB,Vereador,6,2020
0274,15300,ADRIANA EMILIA HEITMANN GONÇALVES TEIXEIRA FONTES,MDB,Vereador,83,2020
0274,15321,BEATRIZ POSTAL COSTA,MDB,Vereador,5,2020
0274,15333,MARCIA CRISTINA SCHETINI ZICA,MDB,Vereador,2,2020
0274,15377,EVERTON RAMOS ARLINDO,MDB,Vereador,11,2020
0274,15400,ALTAIR DE JESUS AMORIM,MDB,Vereador,1,2020
0274,15456,LUCINEA APARECIDA DA SILVA,MDB,Vereador,21,2020
0274,15500,JOSE PEDRO NUNES,MDB,Vereador,466,2020
0274,15515,THIAGO AUGUSTO BERALDO,MDB,Vereador,9,2020
0274,15555,CICERO DINIZ,MDB,Vereador,21,2020
0274,15567,FRANCISCO JORGE,MDB,Vereador,1,2020
0274,15575,CRISTIAN PIVA,MDB,Vereador,9,2020
0274,15600,SANDRA APARECIDA RODRIGUES PITON,MDB,Vereador,37,2020
0274,15615,ELAINE RODRIGUES DA SILVA,MDB,Vereador,2,2020
0274,15678,BRUNO DE CASTRO SILVA,MDB,Vereador,8,2020
0274,15700,PEDRO AGOSTINHO BERNARDO DE OLIVEIRA,MDB,Vereador,12,2020
0274,15755,ERIVELTO SOUZA DE MORAES,MDB,Vereador,3,2020
0274,15777,CICERA DOS SANTOS,MDB,Vereador,3,2020
0274,15789,JOSE CARLOS DO NASCIMENTO OLIVEIRA,MDB,Vereador,36,2020
0274,15800,ALEXANDRE DE OLIVEIRA,MDB,Vereador,20,2020
0274,15888,ILARA CHRISTINA TOLEDO DE OLIVEIRA,MDB,Vereador,2,2020
0274,15900,EXPEDITO CARLOS DE SOUZA,MDB,Vereador,6,2020
0274,15915,MILENA DE CASSIA GOMES,MDB,Vereador,11,2020
0274,16000,KÁTIA SARTORI,PSTU,Vereador,20,2020
0274,17000,APARECIDO SOUZA SANTOS,PSL,Vereador,754,2020
0274,17001,ANDREIA MARIA GAONA ANDRE,PSL,Vereador,16,2020
0274,17005,VANESILDA COSTA BALDIN,PSL,Vereador,7,2020
0274,17007,DAVID DOS SANTOS GOMES,PSL,Vereador,6,2020
0274,17017,CARLOS ANDRE DE MELO,PSL,Vereador,9,2020
0274,17018,DANIEL BOLSONARO VAZ,PSL,Vereador,16,2020
0274,17022,GILDO DONIZETI DE SOUZA,PSL,Vereador,19,2020
0274,17027,MARCIA REGINA DE LIMA,PSL,Vereador,13,2020
0274,17077,ANTONIO CARLOS DE OLIVEIRA,PSL,Vereador,17,2020
0274,17100,GERALDO GABRIEL GAVA,PSL,Vereador,27,2020
0274,17107,RICARDO HENRIQUE CORREA,PSL,Vereador,1,2020
0274,17117,CLEMENTE JOSE CAPUCHINHO,PSL,Vereador,28,2020
0274,17123,SEBASTIÃO PEREIRA DOS SANTOS,PSL,Vereador,52,2020
0274,17125,MARIA JOSE DE SOUZA PEREIRA,PSL,Vereador,1,2020
0274,17150,LAVINIA PRADO DOS SANTOS,PSL,Vereador,13,2020
0274,17158,SHIRLENE MERCES DOS SANTOS,PSL,Vereador,8,2020
0274,17177,LUIZ ANTONIO DA CONCEIÇÃO PAP,PSL,Vereador,10,2020
0274,17181,ALEXANDRE FELIX SIGRIST,PSL,Vereador,17,2020
0274,17200,EDISON RIBEIRO,PSL,Vereador,107,2020
0274,17202,ERIKA ALMEIDA DA SILVA,PSL,Vereador,18,2020
0274,17213,VALDIR APARECIDO MERIN,PSL,Vereador,30,2020
0274,17222,JORGE PANSANI DE FRANÇA,PSL,Vereador,17,2020
0274,17300,ROSENILDO FRANÇA DE SOUSA,PSL,Vereador,3,2020
0274,17325,SAMYA DANIELLE MARTINS MEYER,PSL,Vereador,2,2020
0274,17332,SILVAN PEREIRA GOMES,PSL,Vereador,2,2020
0274,17333,ROSA FERREIRA DA SILVA,PSL,Vereador,22,2020
0274,17345,EDENILSON FERREIRA DOS SANTOS,PSL,Vereador,3,2020
0274,17400,RAFAEL CARLOS BRAGA SOTTRATI,PSL,Vereador,2,2020
0274,17412,JOSE REIS GABRIEL,PSL,Vereador,42,2020
0274,17444,LUCIANA FRANÇA,PSL,Vereador,41,2020
0274,17456,IRDIVAL APARECIDO FREZZATO,PSL,Vereador,28,2020
0274,17489,BRUNA REGINA DA ROCHA BAZOTTE,PSL,Vereador,3,2020
0274,17490,MARCIA MENDES LIMA DA SILVA,PSL,Vereador,1,2020
0274,17500,ORLEANS DE SA ALENCAR,PSL,Vereador,43,2020
0274,17555,CARLOS RUBEM BARRETTO XAVIER,PSL,Vereador,37,2020
0274,17576,DIANE BUENO QUERINO,PSL,Vereador,3,2020
0274,17577,VLAMIR FRANCISCO VIANA,PSL,Vereador,14,2020
0274,17580,IZAÍAS VICENTE EUZÉBIO,PSL,Vereador,7,2020
0274,17600,DORMELA LUIZA JUNQUEIRA DELGADO,PSL,Vereador,2,2020
0274,17620,PEDRO ALVES MARTINS,PSL,Vereador,3,2020
0274,17700,CLAUDIO ROBERTO NAVA,PSL,Vereador,15,2020
0274,17716,DIVINO SEBASTIÃO DA SILVA,PSL,Vereador,18,2020
0274,17717,ANTONIO VILSON DOS SANTOS,PSL,Vereador,68,2020
0274,17775,BENEDITO SIVIRINO RODRIGUES DO NASCIMENTO,PSL,Vereador,5,2020
0274,17777,SILVIO ROBERTO LIMA,PSL,Vereador,7,2020
0274,17789,MIZAEL IZIDORO BELLO GONÇALVES SILVA,PSL,Vereador,21,2020
0274,17800,JEZIEL SEVERINO DA SILVA,PSL,Vereador,174,2020
0274,17888,LUIZ CARLOS MOLINA,PSL,Vereador,10,2020
0274,17999,RENATA CRISTINA DA SILVA MOURA,PSL,Vereador,23,2020
0274,19007,GUSTAVO GONÇALVES,PODE,Vereador,4,2020
0274,19009,EDUARDO JORGE VELAZCO,PODE,Vereador,0,2020
0274,19017,FERNANDO LUIS COUTINHO NEVES,PODE,Vereador,55,2020
0274,19019,CLAYTON BUENO MENDES,PODE,Vereador,77,2020
0274,19020,SIDNEI JOSE LOPES,PODE,Vereador,10,2020
0274,19022,SONIA APARECIDA DA SILVA,PODE,Vereador,0,2020
0274,19055,ELISEU DE LIMA LÚCIO,PODE,Vereador,5,2020
0274,19069,SÔNIA MORELLI JUSTI,PODE,Vereador,2,2020
0274,19089,CREUZA RODRIGUES REAL DE OLIVEIRA,PODE,Vereador,7,2020
0274,19099,JOÃO OLIMPIO SANTANA FERREIRA,PODE,Vereador,8,2020
0274,19100,JOSÉ CARLOS DE MOURA,PODE,Vereador,1,2020
0274,19111,ADRIANA MARESTONI SPADONI,PODE,Vereador,33,2020
0274,19123,VONE DA SILVA MARQUES,PODE,Vereador,3,2020
0274,19190,RAQUEL APARECIDA DIAS,PODE,Vereador,4,2020
0274,19194,GIULIANE CAROLINE DE OLIVEIRA MARTINELLI,PODE,Vereador,2,2020
0274,19200,PAULINO DE CAMPOS,PODE,Vereador,3,2020
0274,19222,CLEUDES APARECIDA AMANCIO DA ROCHA,PODE,Vereador,0,2020
0274,19251,JÚLIO CÉSAR DE MORAIS,PODE,Vereador,7,2020
0274,19299,PAULO SERGIO RODRIGUES DA SILVA,PODE,Vereador,4,2020
0274,19300,PATRÍCIA APARECIDA BERALDO,PODE,Vereador,0,2020
0274,19321,CYNTHIA MOZER NAKAMURA,PODE,Vereador,20,2020
0274,19333,SOLANGE REGINA ALARCON TEIXEIRA,PODE,Vereador,5,2020
0274,19377,HELOISA HELENA SANT ANNA SILVEIRA,PODE,Vereador,26,2020
0274,19388,SONIA APARECIDA MARIANO,PODE,Vereador,1,2020
0274,19390,FRANCISCO CARLOS DE OLIVEIRA,PODE,Vereador,1,2020
0274,19422,ARMANDO LOPES,PODE,Vereador,12,2020
0274,19444,GISLAINE MORAES GUSMÃO DE BRITO,PODE,Vereador,16,2020
0274,19456,LUZIA DE SALES,PODE,Vereador,36,2020
0274,19466,SEBASTIÃO ROQUE RODRIGUES,PODE,Vereador,29,2020
0274,19470,MANOEL VICENTE MACHADO JUNIOR,PODE,Vereador,2,2020
0274,19555,EDUARDO DOS REIS MAGOGA,PODE,Vereador,206,2020
0274,19567,ROBERTO CARLOS GAMALIER DOS SANTOS,PODE,Vereador,4,2020
0274,19620,MIGUEL ARCANJO MONTEIRO VICENTE,PODE,Vereador,336,2020
0274,19700,ALEXSANDER LEAL DE OLIVEIRA,PODE,Vereador,4,2020
0274,19777,ARADIANE CRISTINA VICENTE RODRIGUES CHRISPIM,PODE,Vereador,5,2020
0274,19788,ARLEY PEREIRA DA SILVA,PODE,Vereador,1,2020
0274,19789,SILAS GOMES DA SILVA,PODE,Vereador,2,2020
0274,19877,NEY HAMILTON DE OLIVEIRA,PODE,Vereador,5,2020
0274,19880,MARIA RITA DE CASSIA LIVATO,PODE,Vereador,8,2020
0274,19882,ADENILSON ANTONIO PIMENTA VIEIRA,PODE,Vereador,3,2020
0274,19888,JOSE LUIS MONTEIRO,PODE,Vereador,0,2020
0274,19900,ADRIANO JARILHO DE ABREU,PODE,Vereador,20,2020
0274,19911,CARINA FERNANDA SMIRELLI,PODE,Vereador,3,2020
0274,19963,NUNO PAULO MENDONÇA FIGUEIRA,PODE,Vereador,3,2020
0274,19977,SIDIVAL CARLOS DA SILVA,PODE,Vereador,70,2020
0274,19987,APARECIDO FRANCISCO BARBINO,PODE,Vereador,1,2020
0274,19990,RONALDO DE SOUZA,PODE,Vereador,0,2020
0274,19999,RUBENS BRASILINO ROCHA,PODE,Vereador,14,2020
0274,20000,DEBORA DE ANDRADE PALERMO,PSC,Vereador,113,2020
0274,20002,MARIA EUNICE RODRIGUES,PSC,Vereador,20,2020
0274,20008,MARCOS ANTONIO GONÇALVES,PSC,Vereador,1,2020
0274,20010,JOSÉ JORGE ESCOTÃO,PSC,Vereador,3,2020
0274,20013,CARLOS CRISTOVAM PASTORE,PSC,Vereador,7,2020
0274,20020,CARLOS EDUARDO CRUZ,PSC,Vereador,91,2020
0274,20022,MILCA DOS SANTOS DUARTE,PSC,Vereador,16,2020
0274,20054,APARECIDA CELESTE LOPES,PSC,Vereador,1,2020
0274,20077,CLAUDETE MARTINS SANTOS DE ANDRADE,PSC,Vereador,9,2020
0274,20078,CARLOS EDUARDO ZANCHETA,PSC,Vereador,48,2020
0274,20110,MARIA JOSÉ CÂNDIDO,PSC,Vereador,8,2020
0274,20113,FRANCISCO DE ASSIS  MARTINS DE ALMEIDA,PSC,Vereador,11,2020
0274,20120,CLAUDINEY ALONSO,PSC,Vereador,19,2020
0274,20121,CLAUDIONOR RODRIGUES PORTO,PSC,Vereador,3,2020
0274,20123,MAURICELE DA SILVA LOPES,PSC,Vereador,55,2020
0274,20133,MARISA MARTINS DE OLIVEIRA,PSC,Vereador,18,2020
0274,20153,ALEXANDRE MORAES DE ALVARENGA RANGEL,PSC,Vereador,140,2020
0274,20164,JORGE FELIX HYMALAIA,PSC,Vereador,15,2020
0274,20200,MARCOS FERNANDO GUILLEN,PSC,Vereador,27,2020
0274,20210,ALTAZIDE RODRIGUES DA FONSECA FILHO,PSC,Vereador,7,2020
0274,20220,CARMO LUIZ GREGÓRIO DA SILVA,PSC,Vereador,54,2020
0274,20222,SEBASTIÃO CARLOS TORRES,PSC,Vereador,24,2020
0274,20223,MICHELLA SILVA LOPES,PSC,Vereador,0,2020
0274,20224,REGINALDO DOS SANTOS NUNES,PSC,Vereador,13,2020
0274,20234,MARIA DE LOURDES PEREIRA DA SILVA,PSC,Vereador,3,2020
0274,20240,SILVIA BATISTA DOS SANTOS,PSC,Vereador,11,2020
0274,20300,VALDIR FERREIRA,PSC,Vereador,13,2020
0274,20310,SERGIO MELLO MEDEIROS,PSC,Vereador,2,2020
0274,20320,CLAUDIO JOSÉ BERNARDES,PSC,Vereador,26,2020
0274,20322,ALVIMAR LEITE DOS SANTOS,PSC,Vereador,22,2020
0274,20333,JOSÉ DOMINGOS DA SILVA SANTOS,PSC,Vereador,10,2020
0274,20345,ISAC MONEGO,PSC,Vereador,157,2020
0274,20360,IARA APARECIDA RODRIGUES DOS SANTOS,PSC,Vereador,0,2020
0274,20444,NELSON JOSÉ PACHECO,PSC,Vereador,4,2020
0274,20456,FABIO CAMILO DE ALMEIDA,PSC,Vereador,49,2020
0274,20500,JOSÉ CARLOS FURIOSO,PSC,Vereador,57,2020
0274,20520,JOSÉ GERALDO DAMASCENO,PSC,Vereador,122,2020
0274,20555,ROGÉRIO RODRIGUES DE CASTRO,PSC,Vereador,44,2020
0274,20620,GILBERTO LEÃO DE ARAUJO,PSC,Vereador,21,2020
0274,20622,MAIRA ANNE PEREIRA GNATOS,PSC,Vereador,10,2020
0274,20638,ANA PAULA DA SILVA MORAES,PSC,Vereador,122,2020
0274,20666,PAULO CESAR COELHO ROCHA,PSC,Vereador,1,2020
0274,20700,ELCIO BATISTA,PSC,Vereador,57,2020
0274,20720,ALLINE DE OLIVEIRA SANTANA,PSC,Vereador,24,2020
0274,20777,MARCOS EDUARDO MARIANO,PSC,Vereador,38,2020
0274,20789,VALDIRLEI MARTINGHI,PSC,Vereador,91,2020
0274,20820,PEDRO HENRIQUE GONSALES DE OLIVEIRA,PSC,Vereador,2,2020
0274,20888,MANOEL NEVES DOS SANTOS,PSC,Vereador,24,2020
0274,20920,ELIETE APARECIDA FANTIN,PSC,Vereador,38,2020
0274,20999,JORGE LUIZ DO ROSÁRIO,PSC,Vereador,8,2020
0274,22000,ALBERTO ALVES DA FONSECA,PL,Vereador,371,2020
0274,22006,ALDO ALVES JUNIOR,PL,Vereador,15,2020
0274,22007,MIRIAM DIAS DA MACENO TERATO,PL,Vereador,26,2020
0274,22010,ROGERIO FIGUEREDO SANTANA,PL,Vereador,5,2020
0274,22019,FELIPE PEREIRA DE CAMPOS VERGUEIRO,PL,Vereador,119,2020
0274,22020,LENILDO FRANCISCO DA SILVA,PL,Vereador,2,2020
0274,22022,IVAN RICARDO LEITE NEVES,PL,Vereador,14,2020
0274,22038,TULIO AUGUSTO MARTINS SIQUEIRA,PL,Vereador,70,2020
0274,22072,LEONDAS DE JESUS PEREIRA,PL,Vereador,10,2020
0274,22100,LEONARDO ROCHA DÓRO,PL,Vereador,45,2020
0274,22111,CAROLINA LOURENÇO DEFILIPPI GONÇALVES,PL,Vereador,211,2020
0274,22112,EGLÊ SILVA PEREIRA NASCIMENTO,PL,Vereador,6,2020
0274,22120,PAULO ROBERTO MARTINS,PL,Vereador,1,2020
0274,22122,DAIANE PATRICIA DE BARROS BEZERRA,PL,Vereador,31,2020
0274,22123,JORGE ROBERTO SCHENEIDER,PL,Vereador,204,2020
0274,22125,FRANCISCO RALPH NASCIMENTO VARONI,PL,Vereador,47,2020
0274,22139,ROSANA DE SOUZA NUNES LACERDA,PL,Vereador,18,2020
0274,22200,WESLEY ALVARO MONTEIRO AGUIAR,PL,Vereador,108,2020
0274,22211,RAIMUNDO ELIEL NUNES DE LIMA,PL,Vereador,143,2020
0274,22212,DANIEL DOS SANTOS,PL,Vereador,10,2020
0274,22222,PAULO SERGIO GALTÉRIO,PL,Vereador,142,2020
0274,22223,HELIET TELMIS FERRARI,PL,Vereador,33,2020
0274,22243,ABRAÃO STREY,PL,Vereador,100,2020
0274,22300,JORGE VEIGA JUNIOR,PL,Vereador,141,2020
0274,22321,GILBERT JOSE DE MELLO,PL,Vereador,29,2020
0274,22322,TIAGO ESPINDOLA BATISTA,PL,Vereador,1,2020
0274,22333,THELMA ELAINE BRASILEIRO ROBERTI,PL,Vereador,364,2020
0274,22345,SILVIA MARLENE DA GRAÇA SILVA,PL,Vereador,10,2020
0274,22369,FERNANDA APARECIDA FIDELIS DE SOUZA,PL,Vereador,182,2020
0274,22400,ISMAILDA GOMES CAVALCANTE,PL,Vereador,1,2020
0274,22422,IRINEU SENTURIÃO,PL,Vereador,16,2020
0274,22456,FÁBIO LUIS DE LIMA,PL,Vereador,34,2020
0274,22500,MOISES MARQUES DE ABREU,PL,Vereador,76,2020
0274,22522,MARIA DE LOURDES DOS ANJOS,PL,Vereador,21,2020
0274,22552,ILZA MACENA DOS SANTOS SERRANO,PL,Vereador,7,2020
0274,22555,HUMBERTO FERNANDO RODRIGUES,PL,Vereador,17,2020
0274,22567,OTTO ALEJANDRO RIGAZZO ETTINGER,PL,Vereador,79,2020
0274,22580,CRISTIANO FORIGATO,PL,Vereador,230,2020
0274,22615,JOSE CARLOS DA SILVA CHAVES,PL,Vereador,3,2020
0274,22622,EDEVALDO DE MELO,PL,Vereador,133,2020
0274,22700,PAULA DA SILVA RAMOS,PL,Vereador,82,2020
0274,22722,SANDRO TEIXEIRA BATISTA,PL,Vereador,5,2020
0274,22766,MARCELO LEANDRO PEREIRA DOS SANTOS,PL,Vereador,3,2020
0274,22777,VALMIR APARECIDO MARÇAL,PL,Vereador,245,2020
0274,22789,JUSCELINO DE SOUZA MARTINS,PL,Vereador,137,2020
0274,22800,ANA CAROLINA LOPES CALUSNI,PL,Vereador,68,2020
0274,22840,ROSANGELA APARECIDA RIBEIRO,PL,Vereador,2,2020
0274,22888,SANDRO ORLANDO RAFFA,PL,Vereador,55,2020
0274,22889,ELISÂNGELA KELI DELARICA MACHADO DE FARIA,PL,Vereador,172,2020
0274,22999,GASPARINO RAIMUNDO DA SILVA,PL,Vereador,103,2020
0274,23000,NADINA APARECIDA FERNANDES DOS SANTOS,CIDADANIA,Vereador,17,2020
0274,23001,LUCIANO TADEU DE PAULA PAJOLA,CIDADANIA,Vereador,22,2020
0274,23005,GERALDO JOSE NOGUEIRA,CIDADANIA,Vereador,7,2020
0274,23007,AMANDA SYLVAN NEVES,CIDADANIA,Vereador,20,2020
0274,23010,LUCIANA APARECIDA CARDOSO,CIDADANIA,Vereador,6,2020
0274,23011,ELIAS RODRIGUES BASTOS,CIDADANIA,Vereador,46,2020
0274,23013,LUIZ GUILHERME WEISS FRANCO DE CAMPOS,CIDADANIA,Vereador,16,2020
0274,23014,CELSO ADRIANO DO NASCIMENTO,CIDADANIA,Vereador,0,2020
0274,23019,ELTON RODRIGUES DOS SANTOS,CIDADANIA,Vereador,2,2020
0274,23020,SIDNEI ALVES ROCHA,CIDADANIA,Vereador,21,2020
0274,23023,MIKAIL CARDOSO SOARES,CIDADANIA,Vereador,8,2020
0274,23026,MARJORIE DA COSTA HENRIQUE RODRIGUES,CIDADANIA,Vereador,164,2020
0274,23040,LEIDIANE SERAFIM MELO,CIDADANIA,Vereador,21,2020
0274,23044,ANITA MARIA DE FARIA,CIDADANIA,Vereador,2,2020
0274,23051,MANOEL CORREIA NETO,CIDADANIA,Vereador,7,2020
0274,23058,JOSE LIMA DA CRUZ,CIDADANIA,Vereador,9,2020
0274,23108,DAIANY FERREIRA OLIVEIRA,CIDADANIA,Vereador,17,2020
0274,23111,JORGE PANUTO DE OLIVEIRA,CIDADANIA,Vereador,22,2020
0274,23123,PAULO CESAR HADDAD,CIDADANIA,Vereador,129,2020
0274,23188,ANDERSON PEDRO,CIDADANIA,Vereador,5,2020
0274,23222,MARCIO OLIVEIRA SANTOS,CIDADANIA,Vereador,21,2020
0274,23230,LUIS CARLOS SANTOS,CIDADANIA,Vereador,43,2020
0274,23232,VILSON VINICIUS NASCIMENTO DA SILVA,CIDADANIA,Vereador,28,2020
0274,23234,JOSELITA RODRIGUES NUNES,CIDADANIA,Vereador,3,2020
0274,23238,LI LI MIN,CIDADANIA,Vereador,61,2020
0274,23257,DIOGO PASCHOAL STENICO,CIDADANIA,Vereador,12,2020
0274,23270,BEATRIZ DA SILVA LIMA,CIDADANIA,Vereador,2,2020
0274,23321,MARCIA APARECIDA RODRIGUES,CIDADANIA,Vereador,8,2020
0274,23323,RAFAEL FERREIRA OUTEIRO,CIDADANIA,Vereador,3,2020
0274,23333,GUILHERME AUGUSTO ANTONIOLI,CIDADANIA,Vereador,18,2020
0274,23345,WILLIAM GONÇALVEZ MARTINS,CIDADANIA,Vereador,7,2020
0274,23444,MARCOS EUNER BENUTTO,CIDADANIA,Vereador,24,2020
0274,23456,HENRI MAEDA,CIDADANIA,Vereador,240,2020
0274,23500,ROSA CASTELO,CIDADANIA,Vereador,26,2020
0274,23555,FRANCISCO ANTONIO DA SILVA,CIDADANIA,Vereador,2,2020
0274,23678,SERGIO RICARDO DE MORAIS,CIDADANIA,Vereador,8,2020
0274,23698,RILDO CARLOS PRAZERES DOS SANTOS,CIDADANIA,Vereador,24,2020
0274,23700,JOSE DE MORAIS NETO,CIDADANIA,Vereador,19,2020
0274,23723,ROSEMEIRE MARQUES VIRGINELLO,CIDADANIA,Vereador,3,2020
0274,23786,LENICE DA SILVA SANTOS,CIDADANIA,Vereador,1,2020
0274,23789,ELIAS ALVES DOS SANTOS,CIDADANIA,Vereador,20,2020
0274,23888,JOSE ALBERTO FERREIRA DE LIMA,CIDADANIA,Vereador,1,2020
0274,23923,ANA STELA ALVES DE LIMA,CIDADANIA,Vereador,136,2020
0274,25000,RODRIGO LUIS DE BARROS ALMEIDA,DEM,Vereador,190,2020
0274,25003,ANDREY DA SILVA CARVALHO,DEM,Vereador,4,2020
0274,25005,THIAGO RIBEIRO BRANDÃO,DEM,Vereador,3,2020
0274,25007,LEONARDO RUELA SANTANA,DEM,Vereador,180,2020
0274,25012,JOSELINDA PEREIRA BARBOSA,DEM,Vereador,0,2020
0274,25021,SANDRA REGINA ALVES,DEM,Vereador,1,2020
0274,25025,APARECIDO GOMES CORREIA,DEM,Vereador,12,2020
0274,25030,ITAMAR MARTINS CAMPOY,DEM,Vereador,25,2020
0274,25031,CLAUDEMIR DOMINGOS,DEM,Vereador,10,2020
0274,25049,ELAINE CRISTINA GARCIA RAMOS DE SOUSA,DEM,Vereador,15,2020
0274,25050,JOEL VALENCIO DE SOUZA,DEM,Vereador,2,2020
0274,25065,FRANCISCO DAS CHAGAS VIDAL FERREIRA,DEM,Vereador,28,2020
0274,25077,MARIA JOSÉ GALVÃO DE LIMA,DEM,Vereador,6,2020
0274,25100,BRUNA CAROLINE ROSA,DEM,Vereador,8,2020
0274,25110,AMANDO RIBEIRO DOS SANTOS JUNIOR,DEM,Vereador,20,2020
0274,25111,JOSÉ FRANCISCO DA SILVA,DEM,Vereador,18,2020
0274,25123,WANDERLEY LUIZ SARTORI,DEM,Vereador,125,2020
0274,25125,JOEL CARLOS DORNELAS,DEM,Vereador,8,2020
0274,25135,MARCELLO LEONARDI BEZERRA,DEM,Vereador,26,2020
0274,25155,FERNANDO SCALET ARAUJO,DEM,Vereador,5,2020
0274,25190,VLADIMIR RIBEIRO,DEM,Vereador,21,2020
0274,25200,MARCELINO FELISBERTO DA COSTA,DEM,Vereador,58,2020
0274,25222,MAURA ELIZABETH CRUZ,DEM,Vereador,12,2020
0274,25333,EMERSON VETACA,DEM,Vereador,172,2020
0274,25369,JULIANA DOS SANTOS RIBEIRO,DEM,Vereador,15,2020
0274,25400,FERNANDO CARVALHO ZAMITH,DEM,Vereador,6,2020
0274,25444,GENNE ALBINO PINTO,DEM,Vereador,1,2020
0274,25500,RUBENS SOARES DO NASCIMENTO,DEM,Vereador,53,2020
0274,25530,JOSE AUGUSTO MENEZES DA SILVA,DEM,Vereador,2,2020
0274,25555,SARA EVANGELISTA SARDINHA,DEM,Vereador,34,2020
0274,25600,LUCIANA AUGUSTA DOS SANTOS CARVALHO PINHO,DEM,Vereador,27,2020
0274,25625,MARTA DE JESUS NICOLAU ROCHA,DEM,Vereador,1,2020
0274,25678,LUIZ HENRIQUE DA SILVA,DEM,Vereador,7,2020
0274,25695,PAULO HENRIQUE DA SILVA,DEM,Vereador,0,2020
0274,25703,CLAUDIO CALDAS,DEM,Vereador,14,2020
0274,25777,JORGE RICARDO TEIXEIRA CEZARIO,DEM,Vereador,540,2020
0274,25789,WILSON SENIGALIA,DEM,Vereador,18,2020
0274,25800,ELZA DONIZETE DA SILVA,DEM,Vereador,11,2020
0274,25877,ANTONIA JAIARA ALVES CARDOZO,DEM,Vereador,3,2020
0274,25905,HILDEBRANDO ALVES DE OLIVEIRA,DEM,Vereador,1,2020
0274,25925,ANGELA MARTA DE BRITO,DEM,Vereador,7,2020
0274,25933,IZABEL SILVA SOUZA,DEM,Vereador,1,2020
0274,25999,MARCONE JOSÉ DE LIMA,DEM,Vereador,10,2020
0274,28000,JOSE AFONSO DA COSTA BITTENCOURT,PRTB,Vereador,48,2020
0274,28001,MARCELO TEIXEIRA BARBOSA,PRTB,Vereador,10,2020
0274,28008,JOÃO BATISTA PEDROSO,PRTB,Vereador,17,2020
0274,28010,BEATRIZ HELENA DIAS CRESPI,PRTB,Vereador,1,2020
0274,28020,JOSE GERALDO CRUZ COSTA,PRTB,Vereador,19,2020
0274,28028,CARLOS ALBERTO BERTOLDO,PRTB,Vereador,87,2020
0274,28086,JEICY KELLY DE OLIVEIRA,PRTB,Vereador,19,2020
0274,28128,ANGELA ISABEL RODRIGUES,PRTB,Vereador,11,2020
0274,28148,FRANCISCO CORDEIRO,PRTB,Vereador,7,2020
0274,28295,TANIA CORREIA GOMES DE FIGUEIREDO,PRTB,Vereador,2,2020
0274,28333,MOACIR JOSE SCACCHETTI,PRTB,Vereador,12,2020
0274,28383,ISAMAR APARECIDA SILVA MIGLIARI,PRTB,Vereador,2,2020
0274,28456,ANTONIO MOSCATELLI,PRTB,Vereador,7,2020
0274,28762,CLAUDIO KOVACSICS,PRTB,Vereador,25,2020
0274,28777,JOSE CIRO ROJAS QUISPE,PRTB,Vereador,8,2020
0274,28789,OSVALDO BORTOLETO,PRTB,Vereador,14,2020
0274,28800,TALITA RIBEIRO ALVES,PRTB,Vereador,22,2020
0274,28888,JOSE RENATO PIRES,PRTB,Vereador,7,2020
0274,30000,ANDRE ROBERTO FREITAS FERREIRA PINTO,NOVO,Vereador,74,2020
0274,30003,ALCIDES SOARES FILHO,NOVO,Vereador,1,2020
0274,30007,MARCÉLIO ANDRADE LEÃO,NOVO,Vereador,74,2020
0274,30032,JUSSARA CRISTINA DA SILVA,NOVO,Vereador,16,2020
0274,30083,CARLOS DANIEL CORADI,NOVO,Vereador,9,2020
0274,30100,ADELSON FONSECA BEZERRA,NOVO,Vereador,113,2020
0274,30123,MARNE DA SILVA CAMPOS,NOVO,Vereador,67,2020
0274,30153,MIRIAM MARIA ANTUNES DE SOUZA,NOVO,Vereador,93,2020
0274,30222,MARCIA ANTONIA CIA RIBEIRO SANTOS,NOVO,Vereador,84,2020
0274,30300,SANDRA HELENA FERNANDES,NOVO,Vereador,103,2020
0274,30333,FRANCISCO ASSIS DA CONCEIÇÃO,NOVO,Vereador,103,2020
0274,30500,MARIA CRISTINA DE OLIVEIRA,NOVO,Vereador,238,2020
0274,30730,CÁSSIO HERVELLA,NOVO,Vereador,112,2020
0274,30777,JONATHAS DE SIQUEIRA FERREIRA,NOVO,Vereador,396,2020
0274,30900,DANIEL BISCOLA PEREIRA,NOVO,Vereador,274,2020
0274,30999,PAULO SÉRGIO BARCELLOS GASPAR,NOVO,Vereador,326,2020
0274,33000,LOURIVAL RODRIGUES DA SILVA,PMN,Vereador,3,2020
0274,33007,MARINA DE JESUS TERRA,PMN,Vereador,0,2020
0274,33022,LEANDRO DE OLIVEIRA SILVA,PMN,Vereador,1,2020
0274,33096,BRENDA DA SILVA FERREIRA,PMN,Vereador,2,2020
0274,33102,PEDRO PRUDENTE DE MORAIS NETO,PMN,Vereador,6,2020
0274,33123,LILIANE HELENA AGUIAR DE OLIVEIRA,PMN,Vereador,0,2020
0274,33170,RAIMUNDO FERREIRA DE SOUZA,PMN,Vereador,25,2020
0274,33222,SERGIO RICARDO CACCIACARRO,PMN,Vereador,9,2020
0274,33333,TARYK AL JAMAHIRIYA AGIO,PMN,Vereador,3,2020
0274,33727,LUIZ HENRIQUE LANA RODRIGUES,PMN,Vereador,0,2020
0274,33777,GILBERTO GONÇALVES,PMN,Vereador,9,2020
0274,40000,LUIS MOKITI YABIKU,PSB,Vereador,387,2020
0274,40001,ANDERSON DELBUE GIANETTI,PSB,Vereador,68,2020
0274,40006,ROSA PAULA SELHI,PSB,Vereador,73,2020
0274,40007,ANA ROSA PASCOAL REIS RODRIGUES DOS SANTOS,PSB,Vereador,72,2020
0274,40008,GABRIELY DE OLIVEIRA,PSB,Vereador,26,2020
0274,40011,DELLY RIDAN ABELINI E SCUCUGLIA DE MEDEIROS SOUTO,PSB,Vereador,7,2020
0274,40012,JURACY PEREIRA COUTINHO JUNIOR,PSB,Vereador,27,2020
0274,40013,JAIRSON VALERIO DOS ANJOS,PSB,Vereador,262,2020
0274,40019,ALEXANDRE SPENCER RAMPAZO VASCONCELLOS,PSB,Vereador,46,2020
0274,40021,WELLINGTON LUCIANO DE SYLLOS,PSB,Vereador,9,2020
0274,40024,DONIZETE DA COSTA AMARAL,PSB,Vereador,16,2020
0274,40040,ADILSON DE SOUZA ROCHA,PSB,Vereador,103,2020
0274,40075,OSMAIR DONIZETE PEREIRA,PSB,Vereador,3,2020
0274,40100,JOSE BATISTA DE CARVALHO FILHO,PSB,Vereador,99,2020
0274,40110,ARMINDO LIMA DE ALMEIDA,PSB,Vereador,16,2020
0274,40111,AIRTON FEITOSA DOS SANTOS,PSB,Vereador,3,2020
0274,40112,FILIPE BATISTA MARCHESI,PSB,Vereador,495,2020
0274,40123,GILBERTO CARLOS CARDOSO,PSB,Vereador,113,2020
0274,40140,CAROLINA NOGUEIRA BOSCOLO,PSB,Vereador,44,2020
0274,40150,SERGIO LUIS DOS SANTOS,PSB,Vereador,4,2020
0274,40159,DEBORA MARINO DAS NEVES,PSB,Vereador,18,2020
0274,40180,ANA CAROLINA SANCHES,PSB,Vereador,13,2020
0274,40200,PAULO DE ELISEU GIROTO,PSB,Vereador,11,2020
0274,40203,ROGERIO DE OLIVEIRA LINS,PSB,Vereador,2,2020
0274,40204,DANIEL DE BRITO BERNABÉ,PSB,Vereador,47,2020
0274,40220,DOUGLAS MENEZES,PSB,Vereador,43,2020
0274,40222,ELIAS HERNANE AZEVEDO,PSB,Vereador,273,2020
0274,40234,FRANCIELI CRISTINA BOCHNIE,PSB,Vereador,20,2020
0274,40333,LARA SOFIA FRIGERI,PSB,Vereador,39,2020
0274,40345,CLAUDINEI ALMEIDA,PSB,Vereador,153,2020
0274,40388,ALEXANDRE ALASMAR JUNIOR,PSB,Vereador,51,2020
0274,40400,IVONE CRESCENCIO DA SILVA MENDONÇA,PSB,Vereador,353,2020
0274,40422,DEUCI FATIMA SOARES,PSB,Vereador,78,2020
0274,40424,ADRIANA CRISTINA LEITE SILVA,PSB,Vereador,1,2020
0274,40444,CÉLIA ROBERTO,PSB,Vereador,26,2020
0274,40456,PERMINIO MONTEIRO DA SILVA,PSB,Vereador,2584,2020
0274,40500,JOÃO JOTA SILVA,PSB,Vereador,100,2020
0274,40513,NEUSA SILVA,PSB,Vereador,2,2020
0274,40555,LUIZ FERNANDO MARIANO MATEUS,PSB,Vereador,27,2020
0274,40580,JOSE CARLOS DOS SANTOS,PSB,Vereador,641,2020
0274,40677,CID FERREIRA DE SOUZA,PSB,Vereador,252,2020
0274,40678,JOSÉ CARLOS SILVA,PSB,Vereador,164,2020
0274,40777,ANDRÉ JORGE MARUJO,PSB,Vereador,127,2020
0274,40789,JOAO RINALDO MACHADO,PSB,Vereador,2,2020
0274,40888,AILTON FERNANDES SARMENTO,PSB,Vereador,2938,2020
0274,40900,JOSE HONORATO DOS SANTOS,PSB,Vereador,49,2020
0274,40971,JEFERSON AMARANTE,PSB,Vereador,7,2020
0274,40999,GILBERTO MANOEL DE ALMEIDA,PSB,Vereador,135,2020
0274,43000,VAGNER DOS SANTOS BELLINI,PV,Vereador,89,2020
0274,43001,GILMAR DE MELO COSTA,PV,Vereador,2,2020
0274,43003,GABRIEL PIRES DO VALLE RIBEIRO,PV,Vereador,2,2020
0274,43006,ELAINE CRISTINA DA SILVA POGGETTI,PV,Vereador,1,2020
0274,43007,SILVIA HELENA SENISE FURIO VENTURI,PV,Vereador,5,2020
0274,43010,ANGELA CRISTINA MIRANDA,PV,Vereador,20,2020
0274,43011,JOSÉ TAVARES DA ROCHA,PV,Vereador,0,2020
0274,43013,ROSEMEIRE BENTO DE SOUSA,PV,Vereador,84,2020
0274,43020,JORGE FERREIRA PORTO,PV,Vereador,75,2020
0274,43033,SEBASTIÃO TEIXEIRA DE CARVALHO,PV,Vereador,4,2020
0274,43034,KATTYA CRISTINA GAIOTTO,PV,Vereador,129,2020
0274,43043,SILVIA SANTOMI MIYAMOTO,PV,Vereador,34,2020
0274,43050,CARLOS ALVES FEITOSA,PV,Vereador,0,2020
0274,43084,ADRIANO HENRIQUE HERMINI,PV,Vereador,0,2020
0274,43100,ROBINSON WILSON FELIPE,PV,Vereador,9,2020
0274,43103,LENIR MAGALHÃES BOLDRIN,PV,Vereador,7,2020
0274,43111,FRANCISCO SILVA DE MACEDO,PV,Vereador,4,2020
0274,43123,LUIZ CARLOS ROSSINI,PV,Vereador,239,2020
0274,43190,CARLOS ROBERTO DOS SANTOS,PV,Vereador,18,2020
0274,43192,CIRLENE DOS SANTOS,PV,Vereador,37,2020
0274,43200,ADRIANO DE JESUS MENDES,PV,Vereador,4,2020
0274,43210,ROGERS FUSSI AVEIRO,PV,Vereador,134,2020
0274,43221,MAIZA LISBOA,PV,Vereador,0,2020
0274,43229,FABIANA APARECIDA SILVEIRA CAMARGO,PV,Vereador,2,2020
0274,43233,CRISTIANE MENDES DE OLIVERA,PV,Vereador,44,2020
0274,43300,CARLOS EDUARDO DEPIERI,PV,Vereador,104,2020
0274,43321,CARLOS EDUARDO TREVISOLLI DA SILVA,PV,Vereador,21,2020
0274,43333,GIVALDO FERREIRA DE LIMA,PV,Vereador,34,2020
0274,43346,MAURO ACIR CRIPPA JUNIOR,PV,Vereador,27,2020
0274,43430,CARLOS ROBERTO ALVIM,PV,Vereador,213,2020
0274,43433,ZIARA CRISTINA ROQUE,PV,Vereador,6,2020
0274,43444,ANTONIO FRANCISCO NASCIMENTO,PV,Vereador,9,2020
0274,43500,CARLOS CESAR FERREIRA,PV,Vereador,19,2020
0274,43555,LUIZ GUSTAVO MERLO,PV,Vereador,36,2020
0274,43600,IVONE RAMOS DOS SANTOS,PV,Vereador,7,2020
0274,43666,ROSANA LEH DIAS,PV,Vereador,7,2020
0274,43725,GENIVAL CESAR DE MENESES,PV,Vereador,0,2020
0274,43741,MARCELO ANTONIO POLLETO,PV,Vereador,6,2020
0274,43777,DANIELLA AMADA RODRIGUES GOMES DOS SANTOS,PV,Vereador,28,2020
0274,43867,PEDRO DE CAIRO,PV,Vereador,18,2020
0274,43888,JOÃO FERREIRA DE ALMEIDA,PV,Vereador,12,2020
0274,43911,JOÃO RODRIGO NUCCI MARTIN,PV,Vereador,37,2020
0274,43999,RICARDO RÔMULO PAGANELI,PV,Vereador,17,2020
0274,45000,FRANCISCO PAULO CAVALCANTE,PSDB,Vereador,8,2020
0274,45015,STELA MARIS FERREIRA NOGUEIRA,PSDB,Vereador,3,2020
0274,45016,CRISTIANO OLIVEIRA DA SILVA,PSDB,Vereador,0,2020
0274,45022,VALDIR APARECIDO TERRAZAN,PSDB,Vereador,42,2020
0274,45033,JOSÉ CARLOS,PSDB,Vereador,1,2020
0274,45038,CAROLINA BRANCO CLAUDINO GOMES VANCINI,PSDB,Vereador,3,2020
0274,45040,LUCIANO LAURO DA SILVA,PSDB,Vereador,22,2020
0274,45045,THOMAZ ALCANTARA CAVALLARO,PSDB,Vereador,112,2020
0274,45100,ANTONIO LOPES,PSDB,Vereador,135,2020
0274,45123,GUILHERME DAMASCENO FERNANDES,PSDB,Vereador,241,2020
0274,45150,MARIA HELENA VIEIRA,PSDB,Vereador,10,2020
0274,45192,CRISTIANE APARECIDA DE BRITO,PSDB,Vereador,3,2020
0274,45200,ADENILTON FELIPE DOS SANTOS,PSDB,Vereador,3,2020
0274,45216,SELMA MARIA FERREIRA DE SOUZA,PSDB,Vereador,1,2020
0274,45222,JORGE DOS SANTOS MONTANARI,PSDB,Vereador,196,2020
0274,45234,MARCOS JOSÉ BERNARDELLI,PSDB,Vereador,300,2020
0274,45245,SABRINA TAMARA DO COUTO,PSDB,Vereador,6,2020
0274,45275,ANA APARECIDA TRISTÃO BIANCHI,PSDB,Vereador,19,2020
0274,45333,OSMAR BALDIN SIMIONATTO,PSDB,Vereador,14,2020
0274,45387,HELENICE DE FATIMA SOUZA ALMEIDA,PSDB,Vereador,126,2020
0274,45444,CLEONICE REGINA DE CARVALHO,PSDB,Vereador,4,2020
0274,45455,VERA LUZ CAMPOS SERRAZES,PSDB,Vereador,5,2020
0274,45456,DEBORAH LUZIA NASCIMENTO ROSA,PSDB,Vereador,10,2020
0274,45500,WILSON DA SILVA,PSDB,Vereador,20,2020
0274,45518,ANGELO ROBERTO RIBEIRO DA CUNHA JUNIOR,PSDB,Vereador,19,2020
0274,45555,JANAINA CORDEIRO NEVES,PSDB,Vereador,24,2020
0274,45567,ROBERTO AQUIO SASAKI,PSDB,Vereador,82,2020
0274,45580,JOSÉ OSCAR PEREIRA DE SOUZA,PSDB,Vereador,2,2020
0274,45600,DANILO RIDYER PALMA,PSDB,Vereador,139,2020
0274,45645,LEONARDO LORO MARTINS PINTO,PSDB,Vereador,0,2020
0274,45678,LUIZ HENRIQUE CIRILO,PSDB,Vereador,237,2020
0274,45700,VANDERLEI VICENTE DA SILVA,PSDB,Vereador,0,2020
0274,45777,ADILSON PIMENTEL DE ALMEIDA,PSDB,Vereador,19,2020
0274,45888,JOÃO DE FREITAS PATRICIO NETO,PSDB,Vereador,14,2020
0274,45972,ZULMIRA ALVES,PSDB,Vereador,5,2020
0274,45999,MARCELO LUIS MONTANARI,PSDB,Vereador,24,2020
0274,50000,PAULO ROBERTO BUFALO,PSOL,Vereador,740,2020
0274,50001,MARCELA DIAS MOREIRA,PSOL,Vereador,296,2020
0274,50002,AMILTON LUIS FIM LIMA,PSOL,Vereador,24,2020
0274,50005,LUAN MAYNNY SILVA AVELINO,PSOL,Vereador,10,2020
0274,50010,RAUL MARQUES PARDINHO,PSOL,Vereador,56,2020
0274,50050,JOSÉ APARECIDO RODRIGUES DE SOUZA,PSOL,Vereador,18,2020
0274,50100,MARIANA CONTI TAKAHASHI,PSOL,Vereador,1245,2020
0274,50123,ÉLICE NATALIA BOTELHO,PSOL,Vereador,231,2020
0274,50147,JOÃO PEREIRA MARINS,PSOL,Vereador,5,2020
0274,50150,JOSE LITO DA SILVA NASCIMENTO,PSOL,Vereador,8,2020
0274,50180,REBEKA GONÇALVES DIAS,PSOL,Vereador,27,2020
0274,50222,ROBERTO LUIS STEVENSON PRADO,PSOL,Vereador,145,2020
0274,50234,VALDOMIRO DIAS,PSOL,Vereador,0,2020
0274,50255,PAULO SÉRGIO EVANGELISTA DE SOUZA,PSOL,Vereador,25,2020
0274,50300,LETÍCIA SOUZA MOREIRA BENEVIDES,PSOL,Vereador,256,2020
0274,50444,DORALICE RITA SILVA DE ALCÂNTARA RODRIGUES,PSOL,Vereador,27,2020
0274,50500,NELTON MIRANDA LIMA DOS SANTOS,PSOL,Vereador,23,2020
0274,50501,DAMIÃO ALCÂNTARA DA SILVA,PSOL,Vereador,5,2020
0274,50505,DANIEL LUIS ALVES,PSOL,Vereador,41,2020
0274,50650,ALEXANDRE TORTORELLA MANDL,PSOL,Vereador,55,2020
0274,51000,ATILA FERNANDO GONCALVES RIBEIRO,PATRIOTA,Vereador,28,2020
0274,51003,NIVALDO VILLELA,PATRIOTA,Vereador,20,2020
0274,51051,JOÃO ADELINO ROCHA,PATRIOTA,Vereador,10,2020
0274,51053,GABRIELA ARAUJO,PATRIOTA,Vereador,5,2020
0274,51091,ROGERIO MANZINI,PATRIOTA,Vereador,5,2020
0274,51100,TING HUNG HAO,PATRIOTA,Vereador,33,2020
0274,51117,ELAINE PEREIRA,PATRIOTA,Vereador,6,2020
0274,51123,VALDEMIR JOSE MARTINS,PATRIOTA,Vereador,4,2020
0274,51153,CLEIR APARECIDO COELHO,PATRIOTA,Vereador,13,2020
0274,51222,LUIZ CARLOS DO ESPIRITO SANTO,PATRIOTA,Vereador,2,2020
0274,51234,ANDREIA PEREIRA FERRAZ,PATRIOTA,Vereador,27,2020
0274,51300,ALEX BATISTA ROCHA,PATRIOTA,Vereador,27,2020
0274,51511,EDINILSON LUCAS BEZERRA,PATRIOTA,Vereador,0,2020
0274,51533,EDSON TIAGO AUGUSTO,PATRIOTA,Vereador,22,2020
0274,51555,CÉSAR HENRIQUE MASUTTE,PATRIOTA,Vereador,156,2020
0274,51733,ROGERIO DE OLIVEIRA ADÃO,PATRIOTA,Vereador,5,2020
0274,51789,LETICIA MARCELA TOME,PATRIOTA,Vereador,9,2020
0274,51888,STÉFANIE JORDANA MARQUES DE ARAÚJO,PATRIOTA,Vereador,0,2020
0274,51894,GABRIEL ROSA DE FREITAS,PATRIOTA,Vereador,7,2020
0274,51999,CAROLINE ESTAELE BRITO,PATRIOTA,Vereador,6,2020
0274,55000,RAFAEL FERNANDES TEÓFILO,PSD,Vereador,40,2020
0274,55005,EDUARDO FACTOR,PSD,Vereador,42,2020
0274,55007,MARCELO DE OLIVEIRA FRANCISCO,PSD,Vereador,31,2020
0274,55013,SUELY REZENDE PENHA,PSD,Vereador,39,2020
0274,55019,MARCOS ROBERTO DIAS,PSD,Vereador,13,2020
0274,55038,RODRIGO RIBEIRO HONÓRIO,PSD,Vereador,15,2020
0274,55045,ROSANA MATIAS DA PENHA,PSD,Vereador,1,2020
0274,55055,MARCELO DUCHOVNI SILVA,PSD,Vereador,561,2020
0274,55123,ANGELO DINIZ,PSD,Vereador,167,2020
0274,55150,ISRAEL APARECIDO NASCIMENTO,PSD,Vereador,4,2020
0274,55155,DAVID WEBER ROJAS DE LIMA,PSD,Vereador,1,2020
0274,55156,RICARDO DO PRADO MINARRO,PSD,Vereador,38,2020
0274,55200,MARIANGELA DA COSTA PETTINARI PENNA MAGLIONI,PSD,Vereador,98,2020
0274,55222,MARIA DE FATIMA DE SOUZA,PSD,Vereador,12,2020
0274,55234,MARINÊS BARBOSA DA SILVA,PSD,Vereador,123,2020
0274,55321,LUIS HENRIQUE CARVALHO DA SILVA,PSD,Vereador,4,2020
0274,55330,ANDERSON GUIZONI JUNIOR,PSD,Vereador,29,2020
0274,55333,DANIELLE GOMES DE CARVALHO,PSD,Vereador,29,2020
0274,55355,GIOVANNA FABIOLA MARTINS DUARTE,PSD,Vereador,17,2020
0274,55455,EDVANDO APARECIDO DE SOUZA,PSD,Vereador,2,2020
0274,55500,AILTON LOURENÇO DA SILVA,PSD,Vereador,13,2020
0274,55505,GENILSON SILVA,PSD,Vereador,0,2020
0274,55555,FLÁVIO MAYNARDES ARAUJO,PSD,Vereador,395,2020
0274,55655,NELSON HOSSRI NETO,PSD,Vereador,556,2020
0274,55678,ABIATA JOSE DE LIMA,PSD,Vereador,5,2020
0274,55775,CRISLAINE CARABIA,PSD,Vereador,25,2020
0274,55777,JORGE AKIRA DE ARAUJO CALDAS,PSD,Vereador,47,2020
0274,55800,ROSANGELA HELENA COELHO,PSD,Vereador,5,2020
0274,55855,VANDILSON DA COSTA LOPES,PSD,Vereador,51,2020
0274,55888,DANILO BOTELHO SANCHES,PSD,Vereador,297,2020
0274,55955,EDEUCLEIA MORAES SENA DA SILVA,PSD,Vereador,2,2020
0274,55999,VALDOMIRO PINHEIRO DE CAMPOS,PSD,Vereador,8,2020
0274,65000,ROMARIO DA ROCHA RIBEIRO,PC do B,Vereador,21,2020
0274,65003,ROBERSON ACASSIO DA SILVA,PC do B,Vereador,3,2020
0274,65007,JOSÉ GERALDO STECCA,PC do B,Vereador,21,2020
0274,65017,MARIO LUIZ ADÃO DE SOUZA,PC do B,Vereador,9,2020
0274,65035,ANDREA APARECIDA DE JESUS MENDES,PC do B,Vereador,136,2020
0274,65100,PAULA AUGUSTO GALATI GAINO,PC do B,Vereador,29,2020
0274,65111,DAVID MAMEDIO NUNES,PC do B,Vereador,8,2020
0274,65123,ORESTES AUGUSTO TOLEDO,PC do B,Vereador,225,2020
0274,65133,CARLOS ADILSON GAUDÊNCIO,PC do B,Vereador,3,2020
0274,65180,APARECIDA CÉLIA DOS SANTOS,PC do B,Vereador,37,2020
0274,65221,FÁTIMA APARECIDA CAMARGO LOPES,PC do B,Vereador,1,2020
0274,65222,ADRIANO APARECIDO ELIAS DA SILVA,PC do B,Vereador,52,2020
0274,65234,SUZANA DA SILVA PEREIRA,PC do B,Vereador,1,2020
0274,65250,REGIVAM ESTEVAM,PC do B,Vereador,2,2020
0274,65300,GEREMIAS MARTINS DE OLIVEIRA,PC do B,Vereador,5,2020
0274,65333,ADENILSON BUENO DA SILVA,PC do B,Vereador,3,2020
0274,65355,GUILHERME LUCIUS SAVI,PC do B,Vereador,0,2020
0274,65365,MARIA GOMES DE SOUZA NASCIMENTO,PC do B,Vereador,1,2020
0274,65432,ERNÉSTO PAES DE CAMARGO FILHO,PC do B,Vereador,10,2020
0274,65444,JOSÉ RICARDO FIGUEIREDO,PC do B,Vereador,4,2020
0274,65500,ANGELO RAFAEL BARRETO,PC do B,Vereador,22,2020
0274,65514,GILBERTO ALVES,PC do B,Vereador,14,2020
0274,65555,ISMARCIA GONÇALVES DA CRUZ,PC do B,Vereador,0,2020
0274,65556,JOAQUINA GOMES DE LIMA TEIXEIRA,PC do B,Vereador,0,2020
0274,65565,PAULO SERGIO PEREIRA DA SILVA,PC do B,Vereador,23,2020
0274,65577,ANIBIO FERREIRA DA SILVA JUNIOR,PC do B,Vereador,0,2020
0274,65600,JOÃO MARTINS DE MELO,PC do B,Vereador,81,2020
0274,65650,ELISIENE DE NASCIMENTO LOBO,PC do B,Vereador,23,2020
0274,65655,SONIA HIPOLITA DE SOUZA SAWAZKI,PC do B,Vereador,9,2020
0274,65656,GUSTAVO LEMOS PETTA,PC do B,Vereador,295,2020
0274,65657,WALTER DE PAULA LACORTE JUNIOR,PC do B,Vereador,1,2020
0274,65678,CLAUDEMIR VIEIRA LOPES,PC do B,Vereador,7,2020
0274,65789,SILVANA APARECIDA GOMES VEIGA,PC do B,Vereador,2,2020
0274,65888,MARIANA DE LOURDES TEIXEIRA,PC do B,Vereador,6,2020
0274,65999,ADÃO BERNARDINO DA SILVA,PC do B,Vereador,2,2020
0274,70000,FRANCISCA ROSANA MONTANHER,AVANTE,Vereador,429,2020
0274,70001,KATARINA LEME DA SILVA,AVANTE,Vereador,13,2020
0274,70007,RICARDO MEIRA DO NASCIMENTO,AVANTE,Vereador,4,2020
0274,70010,ELIANE DO AMARAL,AVANTE,Vereador,3,2020
0274,70022,KEYLA TAVARES DA SILVA FELICIANO,AVANTE,Vereador,7,2020
0274,70030,FELIPE CEZAR MONTEIRO DE SOUZA,AVANTE,Vereador,358,2020
0274,70038,FABRÍCIA DE LIMA GOMES NASCIMENTO,AVANTE,Vereador,0,2020
0274,70053,LAUDELICE CONDE GARRIDO,AVANTE,Vereador,3,2020
0274,70055,JOSE JOVINO DE OLIVEIRA,AVANTE,Vereador,20,2020
0274,70070,EMERSON SANTANA PIVATO,AVANTE,Vereador,26,2020
0274,70074,ANDREIA DE BRITO OLIVEIRA,AVANTE,Vereador,10,2020
0274,70100,RAFAEL BRESSANE ALVES,AVANTE,Vereador,94,2020
0274,70111,WESLEY ANTONIO FONSECA,AVANTE,Vereador,10,2020
0274,70121,ANTONIO RODRIGUES,AVANTE,Vereador,0,2020
0274,70123,VALDEIR LUCCHIARI,AVANTE,Vereador,23,2020
0274,70133,HELIO ALVES MOREIRA,AVANTE,Vereador,122,2020
0274,70170,ELIZABETH RUIZ DA SILVA,AVANTE,Vereador,3,2020
0274,70175,WILZA APARECIDA ARAUJO SILVA,AVANTE,Vereador,4,2020
0274,70190,CLODOALDO MAIOLINI FILHO,AVANTE,Vereador,89,2020
0274,70200,MAURO VITORIANO SANCHEZ,AVANTE,Vereador,5,2020
0274,70207,JOZIEL PEREIRA MAIA,AVANTE,Vereador,1,2020
0274,70209,GEANE SOUZA DOS SANTOS,AVANTE,Vereador,5,2020
0274,70222,NATIVIDADE MARIA DE LIMA,AVANTE,Vereador,1,2020
0274,70234,NOEL CORDEIRO TEIXEIRA,AVANTE,Vereador,48,2020
0274,70270,NORBERTO FRANCHI DE ANDRADE,AVANTE,Vereador,7,2020
0274,70300,RICAEL ALVES,AVANTE,Vereador,4,2020
0274,70321,RODRIGO SOUZA LOPES DOS SANTOS,AVANTE,Vereador,1,2020
0274,70333,PAULO RODRIGUES REIS,AVANTE,Vereador,3,2020
0274,70345,ADEMIR PAULO NUNES DE ALMEIDA,AVANTE,Vereador,136,2020
0274,70456,AGENOR JOSÉ DOS SANTOS,AVANTE,Vereador,1,2020
0274,70500,LUCIO ANTONIO ARAÚJO CONDE,AVANTE,Vereador,10,2020
0274,70555,MARCELO VITAL,AVANTE,Vereador,136,2020
0274,70585,MARIA CELESTE CAMARGO CASEMIRO,AVANTE,Vereador,5,2020
0274,70613,EDIVILSON BARBOZA FREIRE,AVANTE,Vereador,5,2020
0274,70655,JOSÉ WILSON DANTAS,AVANTE,Vereador,32,2020
0274,70666,SANDRA SANTATERRA,AVANTE,Vereador,0,2020
0274,70678,JOSIAS DUTRA NETO,AVANTE,Vereador,3,2020
0274,70700,VITO ANTONIO LUGIANNATIELLO,AVANTE,Vereador,20,2020
0274,70701,LUIZ NUNES MENDES NETO,AVANTE,Vereador,28,2020
0274,70769,CARLOS ROBERTO PITTARELLI,AVANTE,Vereador,10,2020
0274,70777,ANTONIO GONZALEZ DOS SANTOS,AVANTE,Vereador,22,2020
0274,70779,VALERIA APARECIDA FIRMINO,AVANTE,Vereador,13,2020
0274,70789,RAIMUNDO MIRANDA DOS SANTOS FILHO,AVANTE,Vereador,11,2020
0274,70888,JOÃO LUIS CAIRES,AVANTE,Vereador,37,2020
0274,70890,MILTON SOARES MUCHIUTTE,AVANTE,Vereador,211,2020
0274,70900,ANTONIO DA SILVA,AVANTE,Vereador,5,2020
0274,70911,FABIANO HERMENEGILDO ANTONINI,AVANTE,Vereador,0,2020
0274,70913,FABIANA MARQUES DE MELO,AVANTE,Vereador,6,2020
0274,70999,CLEYTON DE SOUZA POSSATO,AVANTE,Vereador,1,2020
0274,77000,RICARDO JOSÉ PEREIRA,SOLIDARIEDADE,Vereador,109,2020
0274,77007,CLOVIS DE AZEVEDO NETO,SOLIDARIEDADE,Vereador,20,2020
0274,77009,MARCOS DOS SANTOS GOMES,SOLIDARIEDADE,Vereador,6,2020
0274,77010,PAULO ROBERTO DOS SANTOS VIEIRA,SOLIDARIEDADE,Vereador,18,2020
0274,77015,ROSIMEIRE DE PAULA ISMÉRIO,SOLIDARIEDADE,Vereador,5,2020
0274,77025,JUVENIL NATALINO CELESTINO,SOLIDARIEDADE,Vereador,19,2020
0274,77031,ANDRÉ LUIS TOLOTTO,SOLIDARIEDADE,Vereador,18,2020
0274,77077,VALTER DONIZETTI JOSÉ,SOLIDARIEDADE,Vereador,1,2020
0274,77079,CLAUDINEI DA COSTA E SILVA,SOLIDARIEDADE,Vereador,26,2020
0274,77088,JOÃO BATISTA DE PAULA,SOLIDARIEDADE,Vereador,28,2020
0274,77098,ELIANA MARIA ROCHA MIRANDA,SOLIDARIEDADE,Vereador,25,2020
0274,77099,ANDRÉ LEÃO DE SOUZA,SOLIDARIEDADE,Vereador,24,2020
0274,77100,JAIR QUINALIA,SOLIDARIEDADE,Vereador,314,2020
0274,77111,PASCUAL DANETTI,SOLIDARIEDADE,Vereador,5,2020
0274,77118,CARLOS ANTONIO DE MENDONÇA,SOLIDARIEDADE,Vereador,31,2020
0274,77123,CLODOALDO MISTURA,SOLIDARIEDADE,Vereador,12,2020
0274,77190,RICARDO JOSE DE SOUZA,SOLIDARIEDADE,Vereador,60,2020
0274,77200,LUCIANA DA SILVA,SOLIDARIEDADE,Vereador,5,2020
0274,77211,DORGIVAL JOSE DE LIMA,SOLIDARIEDADE,Vereador,232,2020
0274,77222,JOSÉ FERNANDES SILVA,SOLIDARIEDADE,Vereador,1,2020
0274,77300,MILTON DA SILVA FARIA,SOLIDARIEDADE,Vereador,352,2020
0274,77333,SERGIO DIAS RIBEIRO,SOLIDARIEDADE,Vereador,14,2020
0274,77400,MARCELO TEIXEIRA,SOLIDARIEDADE,Vereador,11,2020
0274,77444,LUIZ ANTONIO BENINE,SOLIDARIEDADE,Vereador,3,2020
0274,77456,SILVIO CESAR SOUZA,SOLIDARIEDADE,Vereador,49,2020
0274,77500,CLAUDINEI APARECIDO DO CARMO,SOLIDARIEDADE,Vereador,246,2020
0274,77555,HELEN PATRICIA MERIM,SOLIDARIEDADE,Vereador,29,2020
0274,77556,VALÉRIA APARECIDA FORTUNATO DE PAULA,SOLIDARIEDADE,Vereador,2,2020
0274,77567,SUELI SENE LEMOS DE MATOS,SOLIDARIEDADE,Vereador,7,2020
0274,77676,ADRIANO APARECIDO DA SILVA,SOLIDARIEDADE,Vereador,8,2020
0274,77677,CLOVIS CORDEIRO,SOLIDARIEDADE,Vereador,34,2020
0274,77690,MARIA EDILEUZA VASCO MARÇAL,SOLIDARIEDADE,Vereador,69,2020
0274,77708,IZABEL DE SOUZA SANTOS,SOLIDARIEDADE,Vereador,5,2020
0274,77733,MARIA JOSE DALLA BERNARDINA,SOLIDARIEDADE,Vereador,17,2020
0274,77744,ROSEMARE DOS SANTOS AVELINO,SOLIDARIEDADE,Vereador,1,2020
0274,77745,ANA MARIA RIBEIRO MARTINS,SOLIDARIEDADE,Vereador,5,2020
0274,77767,JULIANO ANTONIO MARÇAL,SOLIDARIEDADE,Vereador,66,2020
0274,77777,WLADMIR DE SOUZA CARNEIRO,SOLIDARIEDADE,Vereador,14,2020
0274,77789,VANDERLEI MARCOS FERRARI,SOLIDARIEDADE,Vereador,23,2020
0274,77800,CREBIO DINIZ DE ALMEIDA,SOLIDARIEDADE,Vereador,167,2020
0274,77801,EDILSON EUGENIO,SOLIDARIEDADE,Vereador,1,2020
0274,77808,BENEDITO ROBERTO DE BARRETTO,SOLIDARIEDADE,Vereador,12,2020
0274,77888,JOSE CARLOS DE JESUS CLARIO,SOLIDARIEDADE,Vereador,24,2020
0274,77889,FABIANO ROBERTO DE ALBUQUERQUE,SOLIDARIEDADE,Vereador,4,2020
0274,77890,ANA PAULA DA SILVA LUZ,SOLIDARIEDADE,Vereador,40,2020
0274,77898,VALMIR APARECIDO DA SILVA,SOLIDARIEDADE,Vereador,2,2020
0274,77980,MARINA DOS SANTOS,SOLIDARIEDADE,Vereador,5,2020
0274,77990,VALERIA RUSSO DA SILVA,SOLIDARIEDADE,Vereador,287,2020
0274,77999,ANGELINA MAIA PRAXEDES,SOLIDARIEDADE,Vereador,39,2020
0274,90000,ROBER BLU ORLANDO,PROS,Vereador,1,2020
0274,90014,JOSE MARCOS VIEIRA,PROS,Vereador,5,2020
0274,90100,EVANDRO EDUARDO DE SOUZA,PROS,Vereador,21,2020
0274,90111,MARCOS JOSE NOTARO,PROS,Vereador,22,2020
0274,90123,LILIA ARANTES ZEBALHO,PROS,Vereador,13,2020
0274,90333,IVANI DOS SANTOS PINHEIRO,PROS,Vereador,9,2020
0274,90567,ANDRE DIONISIO FAVELA,PROS,Vereador,4,2020
0274,90700,DAVID HONORATO,PROS,Vereador,0,2020
0274,90777,WANDERLEY GONÇALVES DE OLIVEIRA,PROS,Vereador,1,2020
0274,90789,ROBINSON LUIZ BOLSONI,PROS,Vereador,9,2020
0274,90888,CRISTIANE DE OLIVEIRA,PROS,Vereador,17,2020
0274,90999,SANDRA ROQUE PEREIRA,PROS,Vereador,31,2020
0275,10000,PAULO SERGIO CAMPANA,REPUBLICANOS,Vereador,154,2020
0275,10001,EDERSON ROGERIO WULK,REPUBLICANOS,Vereador,2,2020
0275,10010,CLAUDIO CORMANICH,REPUBLICANOS,Vereador,164,2020
0275,10012,ROSANGELA DE ANDRADE,REPUBLICANOS,Vereador,1,2020
0275,10014,JURANDIR QUIRINO DOS SANTOS,REPUBLICANOS,Vereador,1,2020
0275,10020,FERNANDO MANTOVAN,REPUBLICANOS,Vereador,28,2020
0275,10025,BRUNO APARECIDO DE LIMA,REPUBLICANOS,Vereador,21,2020
0275,10027,LUIS ROBERTO DE ALMEIDA,REPUBLICANOS,Vereador,10,2020
0275,10069,VALERIA TANIA FRANCISCHINI,REPUBLICANOS,Vereador,7,2020
0275,10080,LUIZ FELIPE DE OLIVEIRA THEODORO,REPUBLICANOS,Vereador,172,2020
0275,10100,ROVILSON ROSCITO,REPUBLICANOS,Vereador,27,2020
0275,10101,CARLOS ROBERTO DE MATTOS ROCHA JUNIOR,REPUBLICANOS,Vereador,83,2020
0275,10110,ROSANA OLIVIER GONÇALVES,REPUBLICANOS,Vereador,28,2020
0275,10111,AMBROSIO LUZ NETO,REPUBLICANOS,Vereador,66,2020
0275,10122,LUIZ GONZAGA,REPUBLICANOS,Vereador,129,2020
0275,10123,FERNANDO CESAR RIBEIRO MENDES,REPUBLICANOS,Vereador,619,2020
0275,10125,JADIELSON FERREIRA DA SILVA,REPUBLICANOS,Vereador,1,2020
0275,10147,ROSA MONICA CUSTODIO,REPUBLICANOS,Vereador,12,2020
0275,10153,CRISTIANO DE OLIVEIRA E SILVA,REPUBLICANOS,Vereador,22,2020
0275,10156,DORACI CORREIA DE ALMEIDA,REPUBLICANOS,Vereador,32,2020
0275,10159,PRISCILA MENDES FERREIRA INACIO,REPUBLICANOS,Vereador,20,2020
0275,10190,ARGEU ALENCAR DA SILVA,REPUBLICANOS,Vereador,59,2020
0275,10200,HIGOR DIEGO RALLA,REPUBLICANOS,Vereador,128,2020
0275,10234,JAKSSON LEANDRO LUCIANO GONÇALVES,REPUBLICANOS,Vereador,17,2020
0275,10300,MARCIA FABIANA DA SILVA,REPUBLICANOS,Vereador,0,2020
0275,10321,JORDANA DE SOUSA MOURA ARAUJO,REPUBLICANOS,Vereador,3,2020
0275,10333,NOEMI SILVANA PRATES DE OLIVEIRA,REPUBLICANOS,Vereador,52,2020
0275,10345,OSCAR NEVES GUIMARÃES,REPUBLICANOS,Vereador,328,2020
0275,10369,STELLA FREIRE HERRMANN,REPUBLICANOS,Vereador,40,2020
0275,10400,OSVALDO MARTINS OLIVEIRA,REPUBLICANOS,Vereador,4,2020
0275,10444,MARIA LUCIA CAMILO,REPUBLICANOS,Vereador,2,2020
0275,10456,CELINA APARECIDA PORFIRIO,REPUBLICANOS,Vereador,8,2020
0275,10500,ROGERIO BERNARDES BOGONE,REPUBLICANOS,Vereador,78,2020
0275,10544,APARECIDA TERESINHA BURATTO,REPUBLICANOS,Vereador,1,2020
0275,10555,FLAUBERT DE ARAUJO,REPUBLICANOS,Vereador,28,2020
0275,10567,RODISNEI CESAR CLOSEL,REPUBLICANOS,Vereador,14,2020
0275,10600,RUBENS EIDE JUNIOR,REPUBLICANOS,Vereador,76,2020
0275,10700,PAULO ALVES MAIA,REPUBLICANOS,Vereador,46,2020
0275,10711,JULIO CESAR FERREIRA ALVES,REPUBLICANOS,Vereador,19,2020
0275,10777,NILSON DO CARMO SANTOS,REPUBLICANOS,Vereador,24,2020
0275,10789,CARLOS JOSE LEMOS,REPUBLICANOS,Vereador,364,2020
0275,10911,SAULO FERNANDO ZACARI,REPUBLICANOS,Vereador,64,2020
0275,10978,LUIZA HELENA CAGLIARI DE SOUZA,REPUBLICANOS,Vereador,168,2020
0275,10999,ROSINEI APARECIDA MOREIRA MATOKANOVIC,REPUBLICANOS,Vereador,32,2020
0275,11000,ANTONIO JOSÉ SOARES DOS SANTOS,PP,Vereador,68,2020
0275,11007,BRUNO HENRIQUE PEREIRA FRANCISCHINI,PP,Vereador,19,2020
0275,11011,WALDIR CUSTÓDIO DE LIMA,PP,Vereador,75,2020
0275,11016,LUCIANA DA SILVA,PP,Vereador,8,2020
0275,11019,EMILY NAYARA DOS SANTOS LIMA,PP,Vereador,0,2020
0275,11023,SONIA MARIA DOS SANTOS,PP,Vereador,50,2020
0275,11033,SEBASTIAO BORGES DE ARAUJO,PP,Vereador,99,2020
0275,11038,EDERSON PERIN MARTINS,PP,Vereador,80,2020
0275,11044,PEDRO REMONDINI,PP,Vereador,6,2020
0275,11078,ZACARIAS NUNES DE SIQUEIRA,PP,Vereador,42,2020
0275,11111,JAIME DE SOUZA,PP,Vereador,389,2020
0275,11120,OSMAR DELLA PASCHOA JUNIOR,PP,Vereador,9,2020
0275,11121,VALDIR RIBEIRO PIRES,PP,Vereador,71,2020
0275,11123,DENILSON DO PRADO,PP,Vereador,22,2020
0275,11138,JEFERSON ANTONIO SOUZA PINTO,PP,Vereador,2,2020
0275,11181,MARCOS ALVES FERREIRA,PP,Vereador,704,2020
0275,11189,MILENE FORTUOSO DOS SANTOS,PP,Vereador,11,2020
0275,11190,ISRAEL NANTES SANTOS,PP,Vereador,252,2020
0275,11200,FRANCISCO DE ASSIS NASCIMENTO,PP,Vereador,5,2020
0275,11207,SIRLENE CONCEIÇÃO DE SOUZA,PP,Vereador,16,2020
0275,11211,LUCAS HENRIQUE TREVIZAN,PP,Vereador,8,2020
0275,11222,EDINEI EDUARDO CESCHI,PP,Vereador,49,2020
0275,11234,VILSON DORIVAL FRANÇA,PP,Vereador,23,2020
0275,11239,THARINE LILLENA VEIGA,PP,Vereador,16,2020
0275,11246,GERALDO JOSE LAURIA,PP,Vereador,12,2020
0275,11249,NOEMIAS CAMARGO JUNIOR,PP,Vereador,55,2020
0275,11260,MARIA CALVARIO BERNARDO DE CAMPOS,PP,Vereador,8,2020
0275,11300,MARIA CLAUDIA BERTUZZO VEIGA,PP,Vereador,73,2020
0275,11311,ALMIRANTE PEDRO ALVARES CABRAL,PP,Vereador,195,2020
0275,11321,ALEXANDRE BARBOSA DA SILVA,PP,Vereador,209,2020
0275,11336,FLÁVIO EDILSON PADOVINI,PP,Vereador,299,2020
0275,11380,ROBERVAL BEZERRA ALVES,PP,Vereador,28,2020
0275,11444,DOROTIDES CAMPELLO DOS SANTOS ANJOS,PP,Vereador,9,2020
0275,11511,SONIA APARECIDA DE CARVALHO THEODORO,PP,Vereador,4,2020
0275,11522,ANESIO PEREIRA DA SILVA FILHO,PP,Vereador,2,2020
0275,11553,PETRONIO ALVES DA CRUZ,PP,Vereador,18,2020
0275,11555,ALEXANDRE MARTINS SILVA,PP,Vereador,45,2020
0275,11600,FILETO DE ALBUQUERQUE,PP,Vereador,43,2020
0275,11611,APARECIDO SEVERINO BENTO,PP,Vereador,4,2020
0275,11636,SONIA ROSANGELA RODRIGUES,PP,Vereador,37,2020
0275,11784,NESTOR SAYÃO SARTORETTO,PP,Vereador,13,2020
0275,11878,LUCIVÂNIA PINHEIRO BARBOSA,PP,Vereador,71,2020
0275,11888,LEUCE MAGALHÃES MARANHÃO,PP,Vereador,11,2020
0275,11900,HELENA CARDOSO TABERTI,PP,Vereador,0,2020
0275,11999,CLAUDINE GONÇALVES COSTA,PP,Vereador,28,2020
0275,12000,VIVIANE REGINA DE LIMA CRISPIM,PDT,Vereador,26,2020
0275,12007,JERÔNIMO APARECIDO BORGES,PDT,Vereador,17,2020
0275,12012,CARLOS SALUSTIANO DA SILVA,PDT,Vereador,30,2020
0275,12111,IGOR CARDIA SOARES SOUZA,PDT,Vereador,16,2020
0275,12113,EDVALDO FERREIRA GUEDES,PDT,Vereador,2,2020
0275,12121,JORGE HENRIQUE RODRIGUES CERQUEIRA,PDT,Vereador,6,2020
0275,12123,AILTON FABIO GONÇALVES DE SOUZA,PDT,Vereador,13,2020
0275,12151,MANOEL MESSIAS DOS SANTOS,PDT,Vereador,0,2020
0275,12227,SHIRLEI GUIRÃO DA SILVA CHAGAS,PDT,Vereador,0,2020
0275,12255,RUTE APARECIDA LEITE RIPARI,PDT,Vereador,11,2020
0275,12321,NILTON RIBEIRO DOS SANTOS JUNIOR,PDT,Vereador,67,2020
0275,12333,MARCELO JOSÉ DIAS,PDT,Vereador,5,2020
0275,12340,PAULO HENRIQUE DE BRITO DOS SANTOS,PDT,Vereador,1,2020
0275,12344,OSMIL JOSÉ DA SILVA,PDT,Vereador,6,2020
0275,12345,AURELIO JOSE CLAUDIO,PDT,Vereador,64,2020
0275,12369,LUIS HENRIQUE FERMINO JORGE,PDT,Vereador,15,2020
0275,12500,FABIO APARECIDO MORANDI,PDT,Vereador,110,2020
0275,12612,VINICIUS STACHIN BRITO,PDT,Vereador,0,2020
0275,12661,ANTONIO CARLOS DIONISIO BISPO,PDT,Vereador,0,2020
0275,12678,CARLOS HENRIQUE POLIS,PDT,Vereador,10,2020
0275,12737,BRÍGIDA FELICIANA DOS SANTOS,PDT,Vereador,15,2020
0275,12777,CLAUDIO RISSI,PDT,Vereador,10,2020
0275,12812,JOSÉ CARLOS BRUNO,PDT,Vereador,50,2020
0275,12835,FABIO HENRIQUE DOS SANTOS,PDT,Vereador,0,2020
0275,12888,APARECIDA CUSTÓDIO DOS SANTOS,PDT,Vereador,3,2020
0275,12890,LUCIA DE FATIMA BALARINI DA SILVA,PDT,Vereador,0,2020
0275,12911,DOMINIQUE SALES SAWAZKI,PDT,Vereador,0,2020
0275,12912,LILIAN CRISTINA MOURA,PDT,Vereador,1,2020
0275,12914,MARIA ORDILIA TEIXEIRA,PDT,Vereador,0,2020
0275,12973,RENATA DA SILVA,PDT,Vereador,3,2020
0275,12999,CARLOS EDUARDO JULIO MORELLO,PDT,Vereador,2,2020
0275,13000,IRANDIR SANTOS DA CONCEIÇÃO,PT,Vereador,36,2020
0275,13001,SILVIO JOSÉ MARQUES,PT,Vereador,151,2020
0275,13010,DOUGLAS BARBOSA DA SILVA,PT,Vereador,1,2020
0275,13011,CECÍLIO SERAFIM DOS SANTOS,PT,Vereador,140,2020
0275,13013,CLOVES ALVES DOS SANTOS,PT,Vereador,17,2020
0275,13020,MARGARIDA DA SILVA CALIXTO,PT,Vereador,654,2020
0275,13030,VALMIR SANTOS DE OLIVEIRA,PT,Vereador,3,2020
0275,13053,SUELI DOS SANTOS SILVA BARBOSA,PT,Vereador,10,2020
0275,13060,WALCY DE OLIVEIRA,PT,Vereador,8,2020
0275,13093,ADLLAYNE VITORINO DAMBROSKI PEDROSO,PT,Vereador,10,2020
0275,13100,LUIZ CARLOS FELICIDADE,PT,Vereador,18,2020
0275,13111,ANA PAULA DE OLIVEIRA,PT,Vereador,26,2020
0275,13112,JUAREZ BISPO MATEUS,PT,Vereador,15,2020
0275,13113,MATHEUS ALVES ALBINO,PT,Vereador,238,2020
0275,13123,PAOLLA CATHERINE DOS SANTOS MIGUEL AGARD,PT,Vereador,463,2020
0275,13130,EDUARDO CORVELONI JUNIOR,PT,Vereador,42,2020
0275,13135,EVELYN SILVA DO NASCIMENTO VICENTE DA SILVA,PT,Vereador,11,2020
0275,13138,SOLANGE LOUREIRO POZZUTO,PT,Vereador,108,2020
0275,13161,MARIA LÚCIA QUIRINO DE CASTRO,PT,Vereador,74,2020
0275,13178,GILSON VILELA REIS,PT,Vereador,34,2020
0275,13213,JOSÉ APARECIDO DOS SANTOS,PT,Vereador,49,2020
0275,13222,JULIANO HENRIQUE DAVOLI FINELLI,PT,Vereador,178,2020
0275,13300,WAGNER DE MELO ROMÃO,PT,Vereador,1015,2020
0275,13331,VERA LÚCIA RODRIGUES DE FARIA,PT,Vereador,151,2020
0275,13333,ALEX PEREIRA BAHIA,PT,Vereador,49,2020
0275,13413,JOÃO BATISTA BORGES,PT,Vereador,1,2020
0275,13420,ALEXANDRE DOS SANTOS PINTO,PT,Vereador,3,2020
0275,13456,ROSEMIRO APARECIDO FERREIRA,PT,Vereador,390,2020
0275,13500,ROGÉRIO NUNES,PT,Vereador,210,2020
0275,13555,GERALDO DANIEL ALVES BOSSO,PT,Vereador,59,2020
0275,13599,UBIRATAN ROBERTO ALVES FERREIRA,PT,Vereador,22,2020
0275,13613,CARLOS ROBERTO DE OLIVEIRA,PT,Vereador,210,2020
0275,13722,DAIANE CRISTINA MENDES,PT,Vereador,11,2020
0275,13777,GILBERTO JEFFERSON DE BARROS,PT,Vereador,19,2020
0275,13888,ALCILENE VICENTE DE CARVALHO,PT,Vereador,10,2020
0275,14000,VALDENIR ALVES DE MENEZES,PTB,Vereador,13,2020
0275,14012,FABIO AMBROSI DA SILVA,PTB,Vereador,33,2020
0275,14013,KATIA STANCATO,PTB,Vereador,482,2020
0275,14014,ANNIBAL MATHIAS FILHO,PTB,Vereador,145,2020
0275,14015,ELIENAI ALVES DE SOUZA LAZARONI,PTB,Vereador,6,2020
0275,14020,JHONNY EDERSON DA SILVA,PTB,Vereador,45,2020
0275,14033,LUCIANA DA SILVA FERNANDES,PTB,Vereador,6,2020
0275,14100,JACKSON LUIS RIBEIRO BARBOZA,PTB,Vereador,40,2020
0275,14104,JOEL BORGES SILVA,PTB,Vereador,11,2020
0275,14107,ROBERTO PEREIRA DA SILVA,PTB,Vereador,31,2020
0275,14111,JAIRO INACIO DO NASCIMENTO,PTB,Vereador,227,2020
0275,14112,VERA LUCIA SOARES SOEIRO,PTB,Vereador,11,2020
0275,14115,PEDRO ANDRE DOS SANTOS,PTB,Vereador,16,2020
0275,14121,SILVANA SILVA DOS SANTOS,PTB,Vereador,5,2020
0275,14123,CRISTINA OLIVEIRA DE PAULA FERIANI,PTB,Vereador,93,2020
0275,14133,FABIO PEREIRA BUENO,PTB,Vereador,6,2020
0275,14136,CARLOS ROBERTO TOLEDO,PTB,Vereador,95,2020
0275,14144,SANDRA APARECIDA DE ALMEIDA RAMOS,PTB,Vereador,41,2020
0275,14177,FABIANA APARECIDA BRITO ERNANE,PTB,Vereador,19,2020
0275,14182,KARYN JANAINA DO PRADO LIMA,PTB,Vereador,3,2020
0275,14192,JOSE ANTONIO FERNANDES,PTB,Vereador,2,2020
0275,14212,ETEVALDO ALVES MACHADO,PTB,Vereador,9,2020
0275,14213,JOSE ROBERTO CARNEIRO,PTB,Vereador,1,2020
0275,14222,EDUARDO AFONSO MANCO,PTB,Vereador,16,2020
0275,14230,MARCO ANTONIO HENRIQUE,PTB,Vereador,12,2020
0275,14333,RODOLFO TEIXEIRA CORREA,PTB,Vereador,103,2020
0275,14400,CARLOS ROBERTO DE SOUZA,PTB,Vereador,17,2020
0275,14444,FERNANDO ANTONIO GIANINI,PTB,Vereador,12,2020
0275,14500,FATIMA REGINA AZEVEDO TUCHIAMA,PTB,Vereador,30,2020
0275,14567,CARLOS ALEXANDRE FANTON SILVA,PTB,Vereador,93,2020
0275,14604,JOÃO DIRANI JUNIOR,PTB,Vereador,94,2020
0275,14666,DULCIOMARA INES LEOCADIO LIMA COSTA,PTB,Vereador,21,2020
0275,14777,ALEXANDRIA MARIA DO CARMO SANT ANNA LEME,PTB,Vereador,16,2020
0275,14789,FRANCISCO JOSE MONTEIRO DE BARROS JUNIOR,PTB,Vereador,30,2020
0275,14888,EDNELSON COSTA DOS SANTOS,PTB,Vereador,12,2020
0275,14999,FLAVIO DENIS DE JESUS TEIXEIRA,PTB,Vereador,70,2020
0275,15000,ARNALDO SALVETTI PALÁCIO JUNIOR,MDB,Vereador,647,2020
0275,15001,CLAUDINEI BENEDITO PRUDÊNCIO FORTES,MDB,Vereador,66,2020
0275,15005,MARIA ANGELA PONTES,MDB,Vereador,31,2020
0275,15007,WILSON TOURINHO DOS SANTOS,MDB,Vereador,43,2020
0275,15010,WAGNER DIADEME GONÇALVES,MDB,Vereador,0,2020
0275,15011,CLAUDIOMAR CEZARIO DOS SANTOS LIMA,MDB,Vereador,4,2020
0275,15015,JOAO CARLOS NUNES DA MATA,MDB,Vereador,42,2020
0275,15050,ANDRE LUIS SILVA DE SOUZA,MDB,Vereador,14,2020
0275,15100,YANKO GONCALVES MELLO,MDB,Vereador,408,2020
0275,15111,INACIO RODRIGUES DA FONSECA,MDB,Vereador,85,2020
0275,15115,ELAINE CRISTINA SANTOS MARINHO,MDB,Vereador,3,2020
0275,15123,FABIO OLIVEIRA DA SILVA,MDB,Vereador,32,2020
0275,15135,CLAUDIO LUIZ MORAES,MDB,Vereador,20,2020
0275,15140,ROBSON APARECIDO AYRES,MDB,Vereador,2,2020
0275,15150,PAULO RICARDO  DA CRUZ VITAL,MDB,Vereador,4,2020
0275,15153,DELMIRO DIAS DO NASCIMENTO,MDB,Vereador,41,2020
0275,15156,JOSE TADEU ALVES MOREIRA,MDB,Vereador,15,2020
0275,15190,SANDRA CANDIDO MORETTI,MDB,Vereador,71,2020
0275,15200,VALERIA CRISTINA IGNACIO,MDB,Vereador,7,2020
0275,15222,WENDELL BRANDAO DOS SANTOS,MDB,Vereador,26,2020
0275,15244,MARYZA ELLIRES BUENO GARIBALDI,MDB,Vereador,2,2020
0275,15271,JOSE CANDIDO DA SILVA,MDB,Vereador,5,2020
0275,15300,ADRIANA EMILIA HEITMANN GONÇALVES TEIXEIRA FONTES,MDB,Vereador,266,2020
0275,15321,BEATRIZ POSTAL COSTA,MDB,Vereador,33,2020
0275,15333,MARCIA CRISTINA SCHETINI ZICA,MDB,Vereador,7,2020
0275,15377,EVERTON RAMOS ARLINDO,MDB,Vereador,15,2020
0275,15400,ALTAIR DE JESUS AMORIM,MDB,Vereador,522,2020
0275,15456,LUCINEA APARECIDA DA SILVA,MDB,Vereador,10,2020
0275,15500,JOSE PEDRO NUNES,MDB,Vereador,15,2020
0275,15515,THIAGO AUGUSTO BERALDO,MDB,Vereador,21,2020
0275,15555,CICERO DINIZ,MDB,Vereador,15,2020
0275,15567,FRANCISCO JORGE,MDB,Vereador,0,2020
0275,15575,CRISTIAN PIVA,MDB,Vereador,13,2020
0275,15600,SANDRA APARECIDA RODRIGUES PITON,MDB,Vereador,67,2020
0275,15615,ELAINE RODRIGUES DA SILVA,MDB,Vereador,14,2020
0275,15678,BRUNO DE CASTRO SILVA,MDB,Vereador,2,2020
0275,15700,PEDRO AGOSTINHO BERNARDO DE OLIVEIRA,MDB,Vereador,9,2020
0275,15755,ERIVELTO SOUZA DE MORAES,MDB,Vereador,0,2020
0275,15777,CICERA DOS SANTOS,MDB,Vereador,7,2020
0275,15789,JOSE CARLOS DO NASCIMENTO OLIVEIRA,MDB,Vereador,26,2020
0275,15800,ALEXANDRE DE OLIVEIRA,MDB,Vereador,8,2020
0275,15888,ILARA CHRISTINA TOLEDO DE OLIVEIRA,MDB,Vereador,6,2020
0275,15900,EXPEDITO CARLOS DE SOUZA,MDB,Vereador,22,2020
0275,15915,MILENA DE CASSIA GOMES,MDB,Vereador,10,2020
0275,16000,KÁTIA SARTORI,PSTU,Vereador,40,2020
0275,17000,APARECIDO SOUZA SANTOS,PSL,Vereador,218,2020
0275,17001,ANDREIA MARIA GAONA ANDRE,PSL,Vereador,14,2020
0275,17005,VANESILDA COSTA BALDIN,PSL,Vereador,27,2020
0275,17007,DAVID DOS SANTOS GOMES,PSL,Vereador,1,2020
0275,17017,CARLOS ANDRE DE MELO,PSL,Vereador,14,2020
0275,17018,DANIEL BOLSONARO VAZ,PSL,Vereador,16,2020
0275,17022,GILDO DONIZETI DE SOUZA,PSL,Vereador,35,2020
0275,17027,MARCIA REGINA DE LIMA,PSL,Vereador,56,2020
0275,17077,ANTONIO CARLOS DE OLIVEIRA,PSL,Vereador,23,2020
0275,17100,GERALDO GABRIEL GAVA,PSL,Vereador,4,2020
0275,17107,RICARDO HENRIQUE CORREA,PSL,Vereador,6,2020
0275,17117,CLEMENTE JOSE CAPUCHINHO,PSL,Vereador,6,2020
0275,17123,SEBASTIÃO PEREIRA DOS SANTOS,PSL,Vereador,47,2020
0275,17125,MARIA JOSE DE SOUZA PEREIRA,PSL,Vereador,4,2020
0275,17150,LAVINIA PRADO DOS SANTOS,PSL,Vereador,15,2020
0275,17158,SHIRLENE MERCES DOS SANTOS,PSL,Vereador,6,2020
0275,17177,LUIZ ANTONIO DA CONCEIÇÃO PAP,PSL,Vereador,26,2020
0275,17181,ALEXANDRE FELIX SIGRIST,PSL,Vereador,10,2020
0275,17200,EDISON RIBEIRO,PSL,Vereador,108,2020
0275,17202,ERIKA ALMEIDA DA SILVA,PSL,Vereador,141,2020
0275,17213,VALDIR APARECIDO MERIN,PSL,Vereador,38,2020
0275,17222,JORGE PANSANI DE FRANÇA,PSL,Vereador,54,2020
0275,17300,ROSENILDO FRANÇA DE SOUSA,PSL,Vereador,5,2020
0275,17325,SAMYA DANIELLE MARTINS MEYER,PSL,Vereador,3,2020
0275,17332,SILVAN PEREIRA GOMES,PSL,Vereador,1,2020
0275,17333,ROSA FERREIRA DA SILVA,PSL,Vereador,27,2020
0275,17345,EDENILSON FERREIRA DOS SANTOS,PSL,Vereador,1,2020
0275,17400,RAFAEL CARLOS BRAGA SOTTRATI,PSL,Vereador,6,2020
0275,17412,JOSE REIS GABRIEL,PSL,Vereador,69,2020
0275,17444,LUCIANA FRANÇA,PSL,Vereador,5,2020
0275,17456,IRDIVAL APARECIDO FREZZATO,PSL,Vereador,14,2020
0275,17489,BRUNA REGINA DA ROCHA BAZOTTE,PSL,Vereador,4,2020
0275,17490,MARCIA MENDES LIMA DA SILVA,PSL,Vereador,1,2020
0275,17500,ORLEANS DE SA ALENCAR,PSL,Vereador,26,2020
0275,17555,CARLOS RUBEM BARRETTO XAVIER,PSL,Vereador,90,2020
0275,17576,DIANE BUENO QUERINO,PSL,Vereador,3,2020
0275,17577,VLAMIR FRANCISCO VIANA,PSL,Vereador,1,2020
0275,17580,IZAÍAS VICENTE EUZÉBIO,PSL,Vereador,2,2020
0275,17600,DORMELA LUIZA JUNQUEIRA DELGADO,PSL,Vereador,7,2020
0275,17620,PEDRO ALVES MARTINS,PSL,Vereador,0,2020
0275,17700,CLAUDIO ROBERTO NAVA,PSL,Vereador,27,2020
0275,17716,DIVINO SEBASTIÃO DA SILVA,PSL,Vereador,6,2020
0275,17717,ANTONIO VILSON DOS SANTOS,PSL,Vereador,4,2020
0275,17775,BENEDITO SIVIRINO RODRIGUES DO NASCIMENTO,PSL,Vereador,4,2020
0275,17777,SILVIO ROBERTO LIMA,PSL,Vereador,16,2020
0275,17789,MIZAEL IZIDORO BELLO GONÇALVES SILVA,PSL,Vereador,27,2020
0275,17800,JEZIEL SEVERINO DA SILVA,PSL,Vereador,363,2020
0275,17888,LUIZ CARLOS MOLINA,PSL,Vereador,71,2020
0275,17999,RENATA CRISTINA DA SILVA MOURA,PSL,Vereador,10,2020
0275,19007,GUSTAVO GONÇALVES,PODE,Vereador,7,2020
0275,19009,EDUARDO JORGE VELAZCO,PODE,Vereador,5,2020
0275,19017,FERNANDO LUIS COUTINHO NEVES,PODE,Vereador,93,2020
0275,19019,CLAYTON BUENO MENDES,PODE,Vereador,18,2020
0275,19020,SIDNEI JOSE LOPES,PODE,Vereador,19,2020
0275,19022,SONIA APARECIDA DA SILVA,PODE,Vereador,4,2020
0275,19055,ELISEU DE LIMA LÚCIO,PODE,Vereador,14,2020
0275,19069,SÔNIA MORELLI JUSTI,PODE,Vereador,5,2020
0275,19089,CREUZA RODRIGUES REAL DE OLIVEIRA,PODE,Vereador,3,2020
0275,19099,JOÃO OLIMPIO SANTANA FERREIRA,PODE,Vereador,7,2020
0275,19100,JOSÉ CARLOS DE MOURA,PODE,Vereador,3,2020
0275,19111,ADRIANA MARESTONI SPADONI,PODE,Vereador,24,2020
0275,19123,VONE DA SILVA MARQUES,PODE,Vereador,365,2020
0275,19190,RAQUEL APARECIDA DIAS,PODE,Vereador,3,2020
0275,19194,GIULIANE CAROLINE DE OLIVEIRA MARTINELLI,PODE,Vereador,12,2020
0275,19200,PAULINO DE CAMPOS,PODE,Vereador,3,2020
0275,19222,CLEUDES APARECIDA AMANCIO DA ROCHA,PODE,Vereador,0,2020
0275,19251,JÚLIO CÉSAR DE MORAIS,PODE,Vereador,8,2020
0275,19299,PAULO SERGIO RODRIGUES DA SILVA,PODE,Vereador,8,2020
0275,19300,PATRÍCIA APARECIDA BERALDO,PODE,Vereador,1,2020
0275,19321,CYNTHIA MOZER NAKAMURA,PODE,Vereador,25,2020
0275,19333,SOLANGE REGINA ALARCON TEIXEIRA,PODE,Vereador,33,2020
0275,19377,HELOISA HELENA SANT ANNA SILVEIRA,PODE,Vereador,33,2020
0275,19388,SONIA APARECIDA MARIANO,PODE,Vereador,0,2020
0275,19390,FRANCISCO CARLOS DE OLIVEIRA,PODE,Vereador,205,2020
0275,19422,ARMANDO LOPES,PODE,Vereador,4,2020
0275,19444,GISLAINE MORAES GUSMÃO DE BRITO,PODE,Vereador,11,2020
0275,19456,LUZIA DE SALES,PODE,Vereador,0,2020
0275,19466,SEBASTIÃO ROQUE RODRIGUES,PODE,Vereador,4,2020
0275,19470,MANOEL VICENTE MACHADO JUNIOR,PODE,Vereador,10,2020
0275,19555,EDUARDO DOS REIS MAGOGA,PODE,Vereador,235,2020
0275,19567,ROBERTO CARLOS GAMALIER DOS SANTOS,PODE,Vereador,3,2020
0275,19620,MIGUEL ARCANJO MONTEIRO VICENTE,PODE,Vereador,31,2020
0275,19700,ALEXSANDER LEAL DE OLIVEIRA,PODE,Vereador,7,2020
0275,19777,ARADIANE CRISTINA VICENTE RODRIGUES CHRISPIM,PODE,Vereador,9,2020
0275,19788,ARLEY PEREIRA DA SILVA,PODE,Vereador,2,2020
0275,19789,SILAS GOMES DA SILVA,PODE,Vereador,0,2020
0275,19877,NEY HAMILTON DE OLIVEIRA,PODE,Vereador,171,2020
0275,19880,MARIA RITA DE CASSIA LIVATO,PODE,Vereador,13,2020
0275,19882,ADENILSON ANTONIO PIMENTA VIEIRA,PODE,Vereador,0,2020
0275,19888,JOSE LUIS MONTEIRO,PODE,Vereador,0,2020
0275,19900,ADRIANO JARILHO DE ABREU,PODE,Vereador,20,2020
0275,19911,CARINA FERNANDA SMIRELLI,PODE,Vereador,97,2020
0275,19963,NUNO PAULO MENDONÇA FIGUEIRA,PODE,Vereador,5,2020
0275,19977,SIDIVAL CARLOS DA SILVA,PODE,Vereador,12,2020
0275,19987,APARECIDO FRANCISCO BARBINO,PODE,Vereador,1,2020
0275,19990,RONALDO DE SOUZA,PODE,Vereador,0,2020
0275,19999,RUBENS BRASILINO ROCHA,PODE,Vereador,14,2020
0275,20000,DEBORA DE ANDRADE PALERMO,PSC,Vereador,273,2020
0275,20002,MARIA EUNICE RODRIGUES,PSC,Vereador,10,2020
0275,20008,MARCOS ANTONIO GONÇALVES,PSC,Vereador,2,2020
0275,20010,JOSÉ JORGE ESCOTÃO,PSC,Vereador,10,2020
0275,20013,CARLOS CRISTOVAM PASTORE,PSC,Vereador,4,2020
0275,20020,CARLOS EDUARDO CRUZ,PSC,Vereador,159,2020
0275,20022,MILCA DOS SANTOS DUARTE,PSC,Vereador,6,2020
0275,20054,APARECIDA CELESTE LOPES,PSC,Vereador,3,2020
0275,20077,CLAUDETE MARTINS SANTOS DE ANDRADE,PSC,Vereador,7,2020
0275,20078,CARLOS EDUARDO ZANCHETA,PSC,Vereador,47,2020
0275,20110,MARIA JOSÉ CÂNDIDO,PSC,Vereador,12,2020
0275,20113,FRANCISCO DE ASSIS  MARTINS DE ALMEIDA,PSC,Vereador,3,2020
0275,20120,CLAUDINEY ALONSO,PSC,Vereador,14,2020
0275,20121,CLAUDIONOR RODRIGUES PORTO,PSC,Vereador,212,2020
0275,20123,MAURICELE DA SILVA LOPES,PSC,Vereador,78,2020
0275,20133,MARISA MARTINS DE OLIVEIRA,PSC,Vereador,7,2020
0275,20153,ALEXANDRE MORAES DE ALVARENGA RANGEL,PSC,Vereador,235,2020
0275,20164,JORGE FELIX HYMALAIA,PSC,Vereador,74,2020
0275,20200,MARCOS FERNANDO GUILLEN,PSC,Vereador,41,2020
0275,20210,ALTAZIDE RODRIGUES DA FONSECA FILHO,PSC,Vereador,41,2020
0275,20220,CARMO LUIZ GREGÓRIO DA SILVA,PSC,Vereador,135,2020
0275,20222,SEBASTIÃO CARLOS TORRES,PSC,Vereador,59,2020
0275,20223,MICHELLA SILVA LOPES,PSC,Vereador,2,2020
0275,20224,REGINALDO DOS SANTOS NUNES,PSC,Vereador,7,2020
0275,20234,MARIA DE LOURDES PEREIRA DA SILVA,PSC,Vereador,4,2020
0275,20240,SILVIA BATISTA DOS SANTOS,PSC,Vereador,17,2020
0275,20300,VALDIR FERREIRA,PSC,Vereador,18,2020
0275,20310,SERGIO MELLO MEDEIROS,PSC,Vereador,0,2020
0275,20320,CLAUDIO JOSÉ BERNARDES,PSC,Vereador,25,2020
0275,20322,ALVIMAR LEITE DOS SANTOS,PSC,Vereador,6,2020
0275,20333,JOSÉ DOMINGOS DA SILVA SANTOS,PSC,Vereador,3,2020
0275,20345,ISAC MONEGO,PSC,Vereador,240,2020
0275,20360,IARA APARECIDA RODRIGUES DOS SANTOS,PSC,Vereador,8,2020
0275,20444,NELSON JOSÉ PACHECO,PSC,Vereador,40,2020
0275,20456,FABIO CAMILO DE ALMEIDA,PSC,Vereador,290,2020
0275,20500,JOSÉ CARLOS FURIOSO,PSC,Vereador,89,2020
0275,20520,JOSÉ GERALDO DAMASCENO,PSC,Vereador,21,2020
0275,20555,ROGÉRIO RODRIGUES DE CASTRO,PSC,Vereador,18,2020
0275,20620,GILBERTO LEÃO DE ARAUJO,PSC,Vereador,24,2020
0275,20622,MAIRA ANNE PEREIRA GNATOS,PSC,Vereador,23,2020
0275,20638,ANA PAULA DA SILVA MORAES,PSC,Vereador,15,2020
0275,20666,PAULO CESAR COELHO ROCHA,PSC,Vereador,4,2020
0275,20700,ELCIO BATISTA,PSC,Vereador,26,2020
0275,20720,ALLINE DE OLIVEIRA SANTANA,PSC,Vereador,16,2020
0275,20777,MARCOS EDUARDO MARIANO,PSC,Vereador,15,2020
0275,20789,VALDIRLEI MARTINGHI,PSC,Vereador,18,2020
0275,20820,PEDRO HENRIQUE GONSALES DE OLIVEIRA,PSC,Vereador,2,2020
0275,20888,MANOEL NEVES DOS SANTOS,PSC,Vereador,19,2020
0275,20920,ELIETE APARECIDA FANTIN,PSC,Vereador,9,2020
0275,20999,JORGE LUIZ DO ROSÁRIO,PSC,Vereador,58,2020
0275,22000,ALBERTO ALVES DA FONSECA,PL,Vereador,541,2020
0275,22006,ALDO ALVES JUNIOR,PL,Vereador,68,2020
0275,22007,MIRIAM DIAS DA MACENO TERATO,PL,Vereador,22,2020
0275,22010,ROGERIO FIGUEREDO SANTANA,PL,Vereador,8,2020
0275,22019,FELIPE PEREIRA DE CAMPOS VERGUEIRO,PL,Vereador,278,2020
0275,22020,LENILDO FRANCISCO DA SILVA,PL,Vereador,1,2020
0275,22022,IVAN RICARDO LEITE NEVES,PL,Vereador,14,2020
0275,22038,TULIO AUGUSTO MARTINS SIQUEIRA,PL,Vereador,185,2020
0275,22072,LEONDAS DE JESUS PEREIRA,PL,Vereador,16,2020
0275,22100,LEONARDO ROCHA DÓRO,PL,Vereador,80,2020
0275,22111,CAROLINA LOURENÇO DEFILIPPI GONÇALVES,PL,Vereador,544,2020
0275,22112,EGLÊ SILVA PEREIRA NASCIMENTO,PL,Vereador,11,2020
0275,22120,PAULO ROBERTO MARTINS,PL,Vereador,2,2020
0275,22122,DAIANE PATRICIA DE BARROS BEZERRA,PL,Vereador,15,2020
0275,22123,JORGE ROBERTO SCHENEIDER,PL,Vereador,234,2020
0275,22125,FRANCISCO RALPH NASCIMENTO VARONI,PL,Vereador,47,2020
0275,22139,ROSANA DE SOUZA NUNES LACERDA,PL,Vereador,14,2020
0275,22200,WESLEY ALVARO MONTEIRO AGUIAR,PL,Vereador,243,2020
0275,22211,RAIMUNDO ELIEL NUNES DE LIMA,PL,Vereador,16,2020
0275,22212,DANIEL DOS SANTOS,PL,Vereador,5,2020
0275,22222,PAULO SERGIO GALTÉRIO,PL,Vereador,143,2020
0275,22223,HELIET TELMIS FERRARI,PL,Vereador,107,2020
0275,22243,ABRAÃO STREY,PL,Vereador,85,2020
0275,22300,JORGE VEIGA JUNIOR,PL,Vereador,252,2020
0275,22321,GILBERT JOSE DE MELLO,PL,Vereador,20,2020
0275,22322,TIAGO ESPINDOLA BATISTA,PL,Vereador,3,2020
0275,22333,THELMA ELAINE BRASILEIRO ROBERTI,PL,Vereador,106,2020
0275,22345,SILVIA MARLENE DA GRAÇA SILVA,PL,Vereador,221,2020
0275,22369,FERNANDA APARECIDA FIDELIS DE SOUZA,PL,Vereador,20,2020
0275,22400,ISMAILDA GOMES CAVALCANTE,PL,Vereador,6,2020
0275,22422,IRINEU SENTURIÃO,PL,Vereador,8,2020
0275,22456,FÁBIO LUIS DE LIMA,PL,Vereador,35,2020
0275,22500,MOISES MARQUES DE ABREU,PL,Vereador,73,2020
0275,22522,MARIA DE LOURDES DOS ANJOS,PL,Vereador,82,2020
0275,22552,ILZA MACENA DOS SANTOS SERRANO,PL,Vereador,10,2020
0275,22555,HUMBERTO FERNANDO RODRIGUES,PL,Vereador,55,2020
0275,22567,OTTO ALEJANDRO RIGAZZO ETTINGER,PL,Vereador,70,2020
0275,22580,CRISTIANO FORIGATO,PL,Vereador,33,2020
0275,22615,JOSE CARLOS DA SILVA CHAVES,PL,Vereador,3,2020
0275,22622,EDEVALDO DE MELO,PL,Vereador,450,2020
0275,22700,PAULA DA SILVA RAMOS,PL,Vereador,98,2020
0275,22722,SANDRO TEIXEIRA BATISTA,PL,Vereador,7,2020
0275,22766,MARCELO LEANDRO PEREIRA DOS SANTOS,PL,Vereador,245,2020
0275,22777,VALMIR APARECIDO MARÇAL,PL,Vereador,16,2020
0275,22789,JUSCELINO DE SOUZA MARTINS,PL,Vereador,135,2020
0275,22800,ANA CAROLINA LOPES CALUSNI,PL,Vereador,119,2020
0275,22840,ROSANGELA APARECIDA RIBEIRO,PL,Vereador,17,2020
0275,22888,SANDRO ORLANDO RAFFA,PL,Vereador,221,2020
0275,22889,ELISÂNGELA KELI DELARICA MACHADO DE FARIA,PL,Vereador,30,2020
0275,22999,GASPARINO RAIMUNDO DA SILVA,PL,Vereador,156,2020
0275,23000,NADINA APARECIDA FERNANDES DOS SANTOS,CIDADANIA,Vereador,400,2020
0275,23001,LUCIANO TADEU DE PAULA PAJOLA,CIDADANIA,Vereador,18,2020
0275,23005,GERALDO JOSE NOGUEIRA,CIDADANIA,Vereador,0,2020
0275,23007,AMANDA SYLVAN NEVES,CIDADANIA,Vereador,100,2020
0275,23010,LUCIANA APARECIDA CARDOSO,CIDADANIA,Vereador,118,2020
0275,23011,ELIAS RODRIGUES BASTOS,CIDADANIA,Vereador,199,2020
0275,23013,LUIZ GUILHERME WEISS FRANCO DE CAMPOS,CIDADANIA,Vereador,32,2020
0275,23014,CELSO ADRIANO DO NASCIMENTO,CIDADANIA,Vereador,4,2020
0275,23019,ELTON RODRIGUES DOS SANTOS,CIDADANIA,Vereador,8,2020
0275,23020,SIDNEI ALVES ROCHA,CIDADANIA,Vereador,8,2020
0275,23023,MIKAIL CARDOSO SOARES,CIDADANIA,Vereador,48,2020
0275,23026,MARJORIE DA COSTA HENRIQUE RODRIGUES,CIDADANIA,Vereador,295,2020
0275,23040,LEIDIANE SERAFIM MELO,CIDADANIA,Vereador,14,2020
0275,23044,ANITA MARIA DE FARIA,CIDADANIA,Vereador,2,2020
0275,23051,MANOEL CORREIA NETO,CIDADANIA,Vereador,0,2020
0275,23058,JOSE LIMA DA CRUZ,CIDADANIA,Vereador,8,2020
0275,23108,DAIANY FERREIRA OLIVEIRA,CIDADANIA,Vereador,3,2020
0275,23111,JORGE PANUTO DE OLIVEIRA,CIDADANIA,Vereador,9,2020
0275,23123,PAULO CESAR HADDAD,CIDADANIA,Vereador,500,2020
0275,23188,ANDERSON PEDRO,CIDADANIA,Vereador,5,2020
0275,23222,MARCIO OLIVEIRA SANTOS,CIDADANIA,Vereador,18,2020
0275,23230,LUIS CARLOS SANTOS,CIDADANIA,Vereador,80,2020
0275,23232,VILSON VINICIUS NASCIMENTO DA SILVA,CIDADANIA,Vereador,13,2020
0275,23234,JOSELITA RODRIGUES NUNES,CIDADANIA,Vereador,2,2020
0275,23238,LI LI MIN,CIDADANIA,Vereador,519,2020
0275,23257,DIOGO PASCHOAL STENICO,CIDADANIA,Vereador,11,2020
0275,23270,BEATRIZ DA SILVA LIMA,CIDADANIA,Vereador,1,2020
0275,23321,MARCIA APARECIDA RODRIGUES,CIDADANIA,Vereador,20,2020
0275,23323,RAFAEL FERREIRA OUTEIRO,CIDADANIA,Vereador,5,2020
0275,23333,GUILHERME AUGUSTO ANTONIOLI,CIDADANIA,Vereador,170,2020
0275,23345,WILLIAM GONÇALVEZ MARTINS,CIDADANIA,Vereador,298,2020
0275,23444,MARCOS EUNER BENUTTO,CIDADANIA,Vereador,89,2020
0275,23456,HENRI MAEDA,CIDADANIA,Vereador,282,2020
0275,23500,ROSA CASTELO,CIDADANIA,Vereador,9,2020
0275,23555,FRANCISCO ANTONIO DA SILVA,CIDADANIA,Vereador,3,2020
0275,23678,SERGIO RICARDO DE MORAIS,CIDADANIA,Vereador,31,2020
0275,23698,RILDO CARLOS PRAZERES DOS SANTOS,CIDADANIA,Vereador,19,2020
0275,23700,JOSE DE MORAIS NETO,CIDADANIA,Vereador,17,2020
0275,23723,ROSEMEIRE MARQUES VIRGINELLO,CIDADANIA,Vereador,21,2020
0275,23786,LENICE DA SILVA SANTOS,CIDADANIA,Vereador,7,2020
0275,23789,ELIAS ALVES DOS SANTOS,CIDADANIA,Vereador,28,2020
0275,23888,JOSE ALBERTO FERREIRA DE LIMA,CIDADANIA,Vereador,5,2020
0275,23923,ANA STELA ALVES DE LIMA,CIDADANIA,Vereador,176,2020
0275,25000,RODRIGO LUIS DE BARROS ALMEIDA,DEM,Vereador,145,2020
0275,25003,ANDREY DA SILVA CARVALHO,DEM,Vereador,4,2020
0275,25005,THIAGO RIBEIRO BRANDÃO,DEM,Vereador,11,2020
0275,25007,LEONARDO RUELA SANTANA,DEM,Vereador,48,2020
0275,25012,JOSELINDA PEREIRA BARBOSA,DEM,Vereador,1,2020
0275,25021,SANDRA REGINA ALVES,DEM,Vereador,1,2020
0275,25025,APARECIDO GOMES CORREIA,DEM,Vereador,10,2020
0275,25030,ITAMAR MARTINS CAMPOY,DEM,Vereador,21,2020
0275,25031,CLAUDEMIR DOMINGOS,DEM,Vereador,1,2020
0275,25049,ELAINE CRISTINA GARCIA RAMOS DE SOUSA,DEM,Vereador,18,2020
0275,25050,JOEL VALENCIO DE SOUZA,DEM,Vereador,3,2020
0275,25065,FRANCISCO DAS CHAGAS VIDAL FERREIRA,DEM,Vereador,8,2020
0275,25077,MARIA JOSÉ GALVÃO DE LIMA,DEM,Vereador,14,2020
0275,25100,BRUNA CAROLINE ROSA,DEM,Vereador,13,2020
0275,25110,AMANDO RIBEIRO DOS SANTOS JUNIOR,DEM,Vereador,60,2020
0275,25111,JOSÉ FRANCISCO DA SILVA,DEM,Vereador,9,2020
0275,25123,WANDERLEY LUIZ SARTORI,DEM,Vereador,63,2020
0275,25125,JOEL CARLOS DORNELAS,DEM,Vereador,21,2020
0275,25135,MARCELLO LEONARDI BEZERRA,DEM,Vereador,22,2020
0275,25155,FERNANDO SCALET ARAUJO,DEM,Vereador,21,2020
0275,25190,VLADIMIR RIBEIRO,DEM,Vereador,46,2020
0275,25200,MARCELINO FELISBERTO DA COSTA,DEM,Vereador,30,2020
0275,25222,MAURA ELIZABETH CRUZ,DEM,Vereador,4,2020
0275,25333,EMERSON VETACA,DEM,Vereador,25,2020
0275,25369,JULIANA DOS SANTOS RIBEIRO,DEM,Vereador,18,2020
0275,25400,FERNANDO CARVALHO ZAMITH,DEM,Vereador,19,2020
0275,25444,GENNE ALBINO PINTO,DEM,Vereador,7,2020
0275,25500,RUBENS SOARES DO NASCIMENTO,DEM,Vereador,4336,2020
0275,25530,JOSE AUGUSTO MENEZES DA SILVA,DEM,Vereador,7,2020
0275,25555,SARA EVANGELISTA SARDINHA,DEM,Vereador,18,2020
0275,25600,LUCIANA AUGUSTA DOS SANTOS CARVALHO PINHO,DEM,Vereador,43,2020
0275,25625,MARTA DE JESUS NICOLAU ROCHA,DEM,Vereador,3,2020
0275,25678,LUIZ HENRIQUE DA SILVA,DEM,Vereador,5,2020
0275,25695,PAULO HENRIQUE DA SILVA,DEM,Vereador,4,2020
0275,25703,CLAUDIO CALDAS,DEM,Vereador,4,2020
0275,25777,JORGE RICARDO TEIXEIRA CEZARIO,DEM,Vereador,87,2020
0275,25789,WILSON SENIGALIA,DEM,Vereador,8,2020
0275,25800,ELZA DONIZETE DA SILVA,DEM,Vereador,1,2020
0275,25877,ANTONIA JAIARA ALVES CARDOZO,DEM,Vereador,6,2020
0275,25905,HILDEBRANDO ALVES DE OLIVEIRA,DEM,Vereador,92,2020
0275,25925,ANGELA MARTA DE BRITO,DEM,Vereador,19,2020
0275,25933,IZABEL SILVA SOUZA,DEM,Vereador,0,2020
0275,25999,MARCONE JOSÉ DE LIMA,DEM,Vereador,7,2020
0275,28000,JOSE AFONSO DA COSTA BITTENCOURT,PRTB,Vereador,123,2020
0275,28001,MARCELO TEIXEIRA BARBOSA,PRTB,Vereador,21,2020
0275,28008,JOÃO BATISTA PEDROSO,PRTB,Vereador,21,2020
0275,28010,BEATRIZ HELENA DIAS CRESPI,PRTB,Vereador,6,2020
0275,28020,JOSE GERALDO CRUZ COSTA,PRTB,Vereador,10,2020
0275,28028,CARLOS ALBERTO BERTOLDO,PRTB,Vereador,120,2020
0275,28086,JEICY KELLY DE OLIVEIRA,PRTB,Vereador,3,2020
0275,28128,ANGELA ISABEL RODRIGUES,PRTB,Vereador,92,2020
0275,28148,FRANCISCO CORDEIRO,PRTB,Vereador,17,2020
0275,28295,TANIA CORREIA GOMES DE FIGUEIREDO,PRTB,Vereador,13,2020
0275,28333,MOACIR JOSE SCACCHETTI,PRTB,Vereador,93,2020
0275,28383,ISAMAR APARECIDA SILVA MIGLIARI,PRTB,Vereador,1,2020
0275,28456,ANTONIO MOSCATELLI,PRTB,Vereador,12,2020
0275,28762,CLAUDIO KOVACSICS,PRTB,Vereador,62,2020
0275,28777,JOSE CIRO ROJAS QUISPE,PRTB,Vereador,17,2020
0275,28789,OSVALDO BORTOLETO,PRTB,Vereador,40,2020
0275,28800,TALITA RIBEIRO ALVES,PRTB,Vereador,35,2020
0275,28888,JOSE RENATO PIRES,PRTB,Vereador,11,2020
0275,30000,ANDRE ROBERTO FREITAS FERREIRA PINTO,NOVO,Vereador,304,2020
0275,30003,ALCIDES SOARES FILHO,NOVO,Vereador,15,2020
0275,30007,MARCÉLIO ANDRADE LEÃO,NOVO,Vereador,148,2020
0275,30032,JUSSARA CRISTINA DA SILVA,NOVO,Vereador,24,2020
0275,30083,CARLOS DANIEL CORADI,NOVO,Vereador,29,2020
0275,30100,ADELSON FONSECA BEZERRA,NOVO,Vereador,497,2020
0275,30123,MARNE DA SILVA CAMPOS,NOVO,Vereador,127,2020
0275,30153,MIRIAM MARIA ANTUNES DE SOUZA,NOVO,Vereador,394,2020
0275,30222,MARCIA ANTONIA CIA RIBEIRO SANTOS,NOVO,Vereador,537,2020
0275,30300,SANDRA HELENA FERNANDES,NOVO,Vereador,399,2020
0275,30333,FRANCISCO ASSIS DA CONCEIÇÃO,NOVO,Vereador,359,2020
0275,30500,MARIA CRISTINA DE OLIVEIRA,NOVO,Vereador,569,2020
0275,30730,CÁSSIO HERVELLA,NOVO,Vereador,82,2020
0275,30777,JONATHAS DE SIQUEIRA FERREIRA,NOVO,Vereador,371,2020
0275,30900,DANIEL BISCOLA PEREIRA,NOVO,Vereador,422,2020
0275,30999,PAULO SÉRGIO BARCELLOS GASPAR,NOVO,Vereador,871,2020
0275,33000,LOURIVAL RODRIGUES DA SILVA,PMN,Vereador,4,2020
0275,33007,MARINA DE JESUS TERRA,PMN,Vereador,1,2020
0275,33022,LEANDRO DE OLIVEIRA SILVA,PMN,Vereador,2,2020
0275,33096,BRENDA DA SILVA FERREIRA,PMN,Vereador,2,2020
0275,33102,PEDRO PRUDENTE DE MORAIS NETO,PMN,Vereador,4,2020
0275,33123,LILIANE HELENA AGUIAR DE OLIVEIRA,PMN,Vereador,2,2020
0275,33170,RAIMUNDO FERREIRA DE SOUZA,PMN,Vereador,1,2020
0275,33222,SERGIO RICARDO CACCIACARRO,PMN,Vereador,7,2020
0275,33333,TARYK AL JAMAHIRIYA AGIO,PMN,Vereador,10,2020
0275,33727,LUIZ HENRIQUE LANA RODRIGUES,PMN,Vereador,2,2020
0275,33777,GILBERTO GONÇALVES,PMN,Vereador,33,2020
0275,40000,LUIS MOKITI YABIKU,PSB,Vereador,934,2020
0275,40001,ANDERSON DELBUE GIANETTI,PSB,Vereador,120,2020
0275,40006,ROSA PAULA SELHI,PSB,Vereador,253,2020
0275,40007,ANA ROSA PASCOAL REIS RODRIGUES DOS SANTOS,PSB,Vereador,23,2020
0275,40008,GABRIELY DE OLIVEIRA,PSB,Vereador,87,2020
0275,40011,DELLY RIDAN ABELINI E SCUCUGLIA DE MEDEIROS SOUTO,PSB,Vereador,19,2020
0275,40012,JURACY PEREIRA COUTINHO JUNIOR,PSB,Vereador,102,2020
0275,40013,JAIRSON VALERIO DOS ANJOS,PSB,Vereador,69,2020
0275,40019,ALEXANDRE SPENCER RAMPAZO VASCONCELLOS,PSB,Vereador,288,2020
0275,40021,WELLINGTON LUCIANO DE SYLLOS,PSB,Vereador,13,2020
0275,40024,DONIZETE DA COSTA AMARAL,PSB,Vereador,9,2020
0275,40040,ADILSON DE SOUZA ROCHA,PSB,Vereador,177,2020
0275,40075,OSMAIR DONIZETE PEREIRA,PSB,Vereador,1,2020
0275,40100,JOSE BATISTA DE CARVALHO FILHO,PSB,Vereador,150,2020
0275,40110,ARMINDO LIMA DE ALMEIDA,PSB,Vereador,66,2020
0275,40111,AIRTON FEITOSA DOS SANTOS,PSB,Vereador,4,2020
0275,40112,FILIPE BATISTA MARCHESI,PSB,Vereador,237,2020
0275,40123,GILBERTO CARLOS CARDOSO,PSB,Vereador,359,2020
0275,40140,CAROLINA NOGUEIRA BOSCOLO,PSB,Vereador,46,2020
0275,40150,SERGIO LUIS DOS SANTOS,PSB,Vereador,10,2020
0275,40159,DEBORA MARINO DAS NEVES,PSB,Vereador,67,2020
0275,40180,ANA CAROLINA SANCHES,PSB,Vereador,2,2020
0275,40200,PAULO DE ELISEU GIROTO,PSB,Vereador,13,2020
0275,40203,ROGERIO DE OLIVEIRA LINS,PSB,Vereador,9,2020
0275,40204,DANIEL DE BRITO BERNABÉ,PSB,Vereador,40,2020
0275,40220,DOUGLAS MENEZES,PSB,Vereador,677,2020
0275,40222,ELIAS HERNANE AZEVEDO,PSB,Vereador,242,2020
0275,40234,FRANCIELI CRISTINA BOCHNIE,PSB,Vereador,3,2020
0275,40333,LARA SOFIA FRIGERI,PSB,Vereador,51,2020
0275,40345,CLAUDINEI ALMEIDA,PSB,Vereador,169,2020
0275,40388,ALEXANDRE ALASMAR JUNIOR,PSB,Vereador,7,2020
0275,40400,IVONE CRESCENCIO DA SILVA MENDONÇA,PSB,Vereador,76,2020
0275,40422,DEUCI FATIMA SOARES,PSB,Vereador,67,2020
0275,40424,ADRIANA CRISTINA LEITE SILVA,PSB,Vereador,10,2020
0275,40444,CÉLIA ROBERTO,PSB,Vereador,8,2020
0275,40456,PERMINIO MONTEIRO DA SILVA,PSB,Vereador,139,2020
0275,40500,JOÃO JOTA SILVA,PSB,Vereador,134,2020
0275,40513,NEUSA SILVA,PSB,Vereador,180,2020
0275,40555,LUIZ FERNANDO MARIANO MATEUS,PSB,Vereador,66,2020
0275,40580,JOSE CARLOS DOS SANTOS,PSB,Vereador,639,2020
0275,40677,CID FERREIRA DE SOUZA,PSB,Vereador,220,2020
0275,40678,JOSÉ CARLOS SILVA,PSB,Vereador,702,2020
0275,40777,ANDRÉ JORGE MARUJO,PSB,Vereador,191,2020
0275,40789,JOAO RINALDO MACHADO,PSB,Vereador,7,2020
0275,40888,AILTON FERNANDES SARMENTO,PSB,Vereador,81,2020
0275,40900,JOSE HONORATO DOS SANTOS,PSB,Vereador,34,2020
0275,40971,JEFERSON AMARANTE,PSB,Vereador,3,2020
0275,40999,GILBERTO MANOEL DE ALMEIDA,PSB,Vereador,50,2020
0275,43000,VAGNER DOS SANTOS BELLINI,PV,Vereador,1089,2020
0275,43001,GILMAR DE MELO COSTA,PV,Vereador,5,2020
0275,43003,GABRIEL PIRES DO VALLE RIBEIRO,PV,Vereador,0,2020
0275,43006,ELAINE CRISTINA DA SILVA POGGETTI,PV,Vereador,2,2020
0275,43007,SILVIA HELENA SENISE FURIO VENTURI,PV,Vereador,27,2020
0275,43010,ANGELA CRISTINA MIRANDA,PV,Vereador,9,2020
0275,43011,JOSÉ TAVARES DA ROCHA,PV,Vereador,4,2020
0275,43013,ROSEMEIRE BENTO DE SOUSA,PV,Vereador,8,2020
0275,43020,JORGE FERREIRA PORTO,PV,Vereador,7,2020
0275,43033,SEBASTIÃO TEIXEIRA DE CARVALHO,PV,Vereador,0,2020
0275,43034,KATTYA CRISTINA GAIOTTO,PV,Vereador,60,2020
0275,43043,SILVIA SANTOMI MIYAMOTO,PV,Vereador,23,2020
0275,43050,CARLOS ALVES FEITOSA,PV,Vereador,0,2020
0275,43084,ADRIANO HENRIQUE HERMINI,PV,Vereador,13,2020
0275,43100,ROBINSON WILSON FELIPE,PV,Vereador,54,2020
0275,43103,LENIR MAGALHÃES BOLDRIN,PV,Vereador,30,2020
0275,43111,FRANCISCO SILVA DE MACEDO,PV,Vereador,4,2020
0275,43123,LUIZ CARLOS ROSSINI,PV,Vereador,625,2020
0275,43190,CARLOS ROBERTO DOS SANTOS,PV,Vereador,18,2020
0275,43192,CIRLENE DOS SANTOS,PV,Vereador,36,2020
0275,43200,ADRIANO DE JESUS MENDES,PV,Vereador,6,2020
0275,43210,ROGERS FUSSI AVEIRO,PV,Vereador,71,2020
0275,43221,MAIZA LISBOA,PV,Vereador,6,2020
0275,43229,FABIANA APARECIDA SILVEIRA CAMARGO,PV,Vereador,0,2020
0275,43233,CRISTIANE MENDES DE OLIVERA,PV,Vereador,60,2020
0275,43300,CARLOS EDUARDO DEPIERI,PV,Vereador,47,2020
0275,43321,CARLOS EDUARDO TREVISOLLI DA SILVA,PV,Vereador,29,2020
0275,43333,GIVALDO FERREIRA DE LIMA,PV,Vereador,51,2020
0275,43346,MAURO ACIR CRIPPA JUNIOR,PV,Vereador,108,2020
0275,43430,CARLOS ROBERTO ALVIM,PV,Vereador,493,2020
0275,43433,ZIARA CRISTINA ROQUE,PV,Vereador,5,2020
0275,43444,ANTONIO FRANCISCO NASCIMENTO,PV,Vereador,4,2020
0275,43500,CARLOS CESAR FERREIRA,PV,Vereador,12,2020
0275,43555,LUIZ GUSTAVO MERLO,PV,Vereador,51,2020
0275,43600,IVONE RAMOS DOS SANTOS,PV,Vereador,7,2020
0275,43666,ROSANA LEH DIAS,PV,Vereador,57,2020
0275,43725,GENIVAL CESAR DE MENESES,PV,Vereador,1,2020
0275,43741,MARCELO ANTONIO POLLETO,PV,Vereador,4,2020
0275,43777,DANIELLA AMADA RODRIGUES GOMES DOS SANTOS,PV,Vereador,56,2020
0275,43867,PEDRO DE CAIRO,PV,Vereador,20,2020
0275,43888,JOÃO FERREIRA DE ALMEIDA,PV,Vereador,25,2020
0275,43911,JOÃO RODRIGO NUCCI MARTIN,PV,Vereador,6,2020
0275,43999,RICARDO RÔMULO PAGANELI,PV,Vereador,12,2020
0275,45000,FRANCISCO PAULO CAVALCANTE,PSDB,Vereador,25,2020
0275,45015,STELA MARIS FERREIRA NOGUEIRA,PSDB,Vereador,4,2020
0275,45016,CRISTIANO OLIVEIRA DA SILVA,PSDB,Vereador,1,2020
0275,45022,VALDIR APARECIDO TERRAZAN,PSDB,Vereador,768,2020
0275,45033,JOSÉ CARLOS,PSDB,Vereador,7,2020
0275,45038,CAROLINA BRANCO CLAUDINO GOMES VANCINI,PSDB,Vereador,8,2020
0275,45040,LUCIANO LAURO DA SILVA,PSDB,Vereador,9,2020
0275,45045,THOMAZ ALCANTARA CAVALLARO,PSDB,Vereador,158,2020
0275,45100,ANTONIO LOPES,PSDB,Vereador,10,2020
0275,45123,GUILHERME DAMASCENO FERNANDES,PSDB,Vereador,670,2020
0275,45150,MARIA HELENA VIEIRA,PSDB,Vereador,5,2020
0275,45192,CRISTIANE APARECIDA DE BRITO,PSDB,Vereador,5,2020
0275,45200,ADENILTON FELIPE DOS SANTOS,PSDB,Vereador,7,2020
0275,45216,SELMA MARIA FERREIRA DE SOUZA,PSDB,Vereador,3,2020
0275,45222,JORGE DOS SANTOS MONTANARI,PSDB,Vereador,177,2020
0275,45234,MARCOS JOSÉ BERNARDELLI,PSDB,Vereador,441,2020
0275,45245,SABRINA TAMARA DO COUTO,PSDB,Vereador,9,2020
0275,45275,ANA APARECIDA TRISTÃO BIANCHI,PSDB,Vereador,5,2020
0275,45333,OSMAR BALDIN SIMIONATTO,PSDB,Vereador,18,2020
0275,45387,HELENICE DE FATIMA SOUZA ALMEIDA,PSDB,Vereador,8,2020
0275,45444,CLEONICE REGINA DE CARVALHO,PSDB,Vereador,2,2020
0275,45455,VERA LUZ CAMPOS SERRAZES,PSDB,Vereador,9,2020
0275,45456,DEBORAH LUZIA NASCIMENTO ROSA,PSDB,Vereador,9,2020
0275,45500,WILSON DA SILVA,PSDB,Vereador,15,2020
0275,45518,ANGELO ROBERTO RIBEIRO DA CUNHA JUNIOR,PSDB,Vereador,65,2020
0275,45555,JANAINA CORDEIRO NEVES,PSDB,Vereador,8,2020
0275,45567,ROBERTO AQUIO SASAKI,PSDB,Vereador,301,2020
0275,45580,JOSÉ OSCAR PEREIRA DE SOUZA,PSDB,Vereador,4,2020
0275,45600,DANILO RIDYER PALMA,PSDB,Vereador,75,2020
0275,45645,LEONARDO LORO MARTINS PINTO,PSDB,Vereador,32,2020
0275,45678,LUIZ HENRIQUE CIRILO,PSDB,Vereador,638,2020
0275,45700,VANDERLEI VICENTE DA SILVA,PSDB,Vereador,2,2020
0275,45777,ADILSON PIMENTEL DE ALMEIDA,PSDB,Vereador,37,2020
0275,45888,JOÃO DE FREITAS PATRICIO NETO,PSDB,Vereador,15,2020
0275,45972,ZULMIRA ALVES,PSDB,Vereador,13,2020
0275,45999,MARCELO LUIS MONTANARI,PSDB,Vereador,48,2020
0275,50000,PAULO ROBERTO BUFALO,PSOL,Vereador,672,2020
0275,50001,MARCELA DIAS MOREIRA,PSOL,Vereador,816,2020
0275,50002,AMILTON LUIS FIM LIMA,PSOL,Vereador,23,2020
0275,50005,LUAN MAYNNY SILVA AVELINO,PSOL,Vereador,55,2020
0275,50010,RAUL MARQUES PARDINHO,PSOL,Vereador,34,2020
0275,50050,JOSÉ APARECIDO RODRIGUES DE SOUZA,PSOL,Vereador,9,2020
0275,50100,MARIANA CONTI TAKAHASHI,PSOL,Vereador,3482,2020
0275,50123,ÉLICE NATALIA BOTELHO,PSOL,Vereador,629,2020
0275,50147,JOÃO PEREIRA MARINS,PSOL,Vereador,4,2020
0275,50150,JOSE LITO DA SILVA NASCIMENTO,PSOL,Vereador,12,2020
0275,50180,REBEKA GONÇALVES DIAS,PSOL,Vereador,63,2020
0275,50222,ROBERTO LUIS STEVENSON PRADO,PSOL,Vereador,603,2020
0275,50234,VALDOMIRO DIAS,PSOL,Vereador,6,2020
0275,50255,PAULO SÉRGIO EVANGELISTA DE SOUZA,PSOL,Vereador,3,2020
0275,50300,LETÍCIA SOUZA MOREIRA BENEVIDES,PSOL,Vereador,918,2020
0275,50444,DORALICE RITA SILVA DE ALCÂNTARA RODRIGUES,PSOL,Vereador,8,2020
0275,50500,NELTON MIRANDA LIMA DOS SANTOS,PSOL,Vereador,35,2020
0275,50501,DAMIÃO ALCÂNTARA DA SILVA,PSOL,Vereador,2,2020
0275,50505,DANIEL LUIS ALVES,PSOL,Vereador,110,2020
0275,50650,ALEXANDRE TORTORELLA MANDL,PSOL,Vereador,143,2020
0275,51000,ATILA FERNANDO GONCALVES RIBEIRO,PATRIOTA,Vereador,39,2020
0275,51003,NIVALDO VILLELA,PATRIOTA,Vereador,18,2020
0275,51051,JOÃO ADELINO ROCHA,PATRIOTA,Vereador,11,2020
0275,51053,GABRIELA ARAUJO,PATRIOTA,Vereador,11,2020
0275,51091,ROGERIO MANZINI,PATRIOTA,Vereador,8,2020
0275,51100,TING HUNG HAO,PATRIOTA,Vereador,26,2020
0275,51117,ELAINE PEREIRA,PATRIOTA,Vereador,4,2020
0275,51123,VALDEMIR JOSE MARTINS,PATRIOTA,Vereador,19,2020
0275,51153,CLEIR APARECIDO COELHO,PATRIOTA,Vereador,25,2020
0275,51222,LUIZ CARLOS DO ESPIRITO SANTO,PATRIOTA,Vereador,6,2020
0275,51234,ANDREIA PEREIRA FERRAZ,PATRIOTA,Vereador,66,2020
0275,51300,ALEX BATISTA ROCHA,PATRIOTA,Vereador,14,2020
0275,51511,EDINILSON LUCAS BEZERRA,PATRIOTA,Vereador,0,2020
0275,51533,EDSON TIAGO AUGUSTO,PATRIOTA,Vereador,8,2020
0275,51555,CÉSAR HENRIQUE MASUTTE,PATRIOTA,Vereador,23,2020
0275,51733,ROGERIO DE OLIVEIRA ADÃO,PATRIOTA,Vereador,24,2020
0275,51789,LETICIA MARCELA TOME,PATRIOTA,Vereador,11,2020
0275,51888,STÉFANIE JORDANA MARQUES DE ARAÚJO,PATRIOTA,Vereador,0,2020
0275,51894,GABRIEL ROSA DE FREITAS,PATRIOTA,Vereador,1,2020
0275,51999,CAROLINE ESTAELE BRITO,PATRIOTA,Vereador,35,2020
0275,55000,RAFAEL FERNANDES TEÓFILO,PSD,Vereador,282,2020
0275,55005,EDUARDO FACTOR,PSD,Vereador,129,2020
0275,55007,MARCELO DE OLIVEIRA FRANCISCO,PSD,Vereador,21,2020
0275,55013,SUELY REZENDE PENHA,PSD,Vereador,10,2020
0275,55019,MARCOS ROBERTO DIAS,PSD,Vereador,8,2020
0275,55038,RODRIGO RIBEIRO HONÓRIO,PSD,Vereador,11,2020
0275,55045,ROSANA MATIAS DA PENHA,PSD,Vereador,6,2020
0275,55055,MARCELO DUCHOVNI SILVA,PSD,Vereador,1437,2020
0275,55123,ANGELO DINIZ,PSD,Vereador,425,2020
0275,55150,ISRAEL APARECIDO NASCIMENTO,PSD,Vereador,11,2020
0275,55155,DAVID WEBER ROJAS DE LIMA,PSD,Vereador,15,2020
0275,55156,RICARDO DO PRADO MINARRO,PSD,Vereador,19,2020
0275,55200,MARIANGELA DA COSTA PETTINARI PENNA MAGLIONI,PSD,Vereador,96,2020
0275,55222,MARIA DE FATIMA DE SOUZA,PSD,Vereador,17,2020
0275,55234,MARINÊS BARBOSA DA SILVA,PSD,Vereador,70,2020
0275,55321,LUIS HENRIQUE CARVALHO DA SILVA,PSD,Vereador,18,2020
0275,55330,ANDERSON GUIZONI JUNIOR,PSD,Vereador,92,2020
0275,55333,DANIELLE GOMES DE CARVALHO,PSD,Vereador,3,2020
0275,55355,GIOVANNA FABIOLA MARTINS DUARTE,PSD,Vereador,15,2020
0275,55455,EDVANDO APARECIDO DE SOUZA,PSD,Vereador,6,2020
0275,55500,AILTON LOURENÇO DA SILVA,PSD,Vereador,588,2020
0275,55505,GENILSON SILVA,PSD,Vereador,3,2020
0275,55555,FLÁVIO MAYNARDES ARAUJO,PSD,Vereador,582,2020
0275,55655,NELSON HOSSRI NETO,PSD,Vereador,842,2020
0275,55678,ABIATA JOSE DE LIMA,PSD,Vereador,1,2020
0275,55775,CRISLAINE CARABIA,PSD,Vereador,26,2020
0275,55777,JORGE AKIRA DE ARAUJO CALDAS,PSD,Vereador,43,2020
0275,55800,ROSANGELA HELENA COELHO,PSD,Vereador,8,2020
0275,55855,VANDILSON DA COSTA LOPES,PSD,Vereador,40,2020
0275,55888,DANILO BOTELHO SANCHES,PSD,Vereador,73,2020
0275,55955,EDEUCLEIA MORAES SENA DA SILVA,PSD,Vereador,1,2020
0275,55999,VALDOMIRO PINHEIRO DE CAMPOS,PSD,Vereador,16,2020
0275,65000,ROMARIO DA ROCHA RIBEIRO,PC do B,Vereador,22,2020
0275,65003,ROBERSON ACASSIO DA SILVA,PC do B,Vereador,7,2020
0275,65007,JOSÉ GERALDO STECCA,PC do B,Vereador,17,2020
0275,65017,MARIO LUIZ ADÃO DE SOUZA,PC do B,Vereador,10,2020
0275,65035,ANDREA APARECIDA DE JESUS MENDES,PC do B,Vereador,246,2020
0275,65100,PAULA AUGUSTO GALATI GAINO,PC do B,Vereador,74,2020
0275,65111,DAVID MAMEDIO NUNES,PC do B,Vereador,4,2020
0275,65123,ORESTES AUGUSTO TOLEDO,PC do B,Vereador,303,2020
0275,65133,CARLOS ADILSON GAUDÊNCIO,PC do B,Vereador,3,2020
0275,65180,APARECIDA CÉLIA DOS SANTOS,PC do B,Vereador,60,2020
0275,65221,FÁTIMA APARECIDA CAMARGO LOPES,PC do B,Vereador,5,2020
0275,65222,ADRIANO APARECIDO ELIAS DA SILVA,PC do B,Vereador,28,2020
0275,65234,SUZANA DA SILVA PEREIRA,PC do B,Vereador,58,2020
0275,65250,REGIVAM ESTEVAM,PC do B,Vereador,3,2020
0275,65300,GEREMIAS MARTINS DE OLIVEIRA,PC do B,Vereador,9,2020
0275,65333,ADENILSON BUENO DA SILVA,PC do B,Vereador,12,2020
0275,65355,GUILHERME LUCIUS SAVI,PC do B,Vereador,18,2020
0275,65365,MARIA GOMES DE SOUZA NASCIMENTO,PC do B,Vereador,2,2020
0275,65432,ERNÉSTO PAES DE CAMARGO FILHO,PC do B,Vereador,10,2020
0275,65444,JOSÉ RICARDO FIGUEIREDO,PC do B,Vereador,38,2020
0275,65500,ANGELO RAFAEL BARRETO,PC do B,Vereador,36,2020
0275,65514,GILBERTO ALVES,PC do B,Vereador,10,2020
0275,65555,ISMARCIA GONÇALVES DA CRUZ,PC do B,Vereador,0,2020
0275,65556,JOAQUINA GOMES DE LIMA TEIXEIRA,PC do B,Vereador,10,2020
0275,65565,PAULO SERGIO PEREIRA DA SILVA,PC do B,Vereador,11,2020
0275,65577,ANIBIO FERREIRA DA SILVA JUNIOR,PC do B,Vereador,0,2020
0275,65600,JOÃO MARTINS DE MELO,PC do B,Vereador,1,2020
0275,65650,ELISIENE DE NASCIMENTO LOBO,PC do B,Vereador,25,2020
0275,65655,SONIA HIPOLITA DE SOUZA SAWAZKI,PC do B,Vereador,4,2020
0275,65656,GUSTAVO LEMOS PETTA,PC do B,Vereador,598,2020
0275,65657,WALTER DE PAULA LACORTE JUNIOR,PC do B,Vereador,5,2020
0275,65678,CLAUDEMIR VIEIRA LOPES,PC do B,Vereador,2,2020
0275,65789,SILVANA APARECIDA GOMES VEIGA,PC do B,Vereador,0,2020
0275,65888,MARIANA DE LOURDES TEIXEIRA,PC do B,Vereador,19,2020
0275,65999,ADÃO BERNARDINO DA SILVA,PC do B,Vereador,1,2020
0275,70000,FRANCISCA ROSANA MONTANHER,AVANTE,Vereador,49,2020
0275,70001,KATARINA LEME DA SILVA,AVANTE,Vereador,12,2020
0275,70007,RICARDO MEIRA DO NASCIMENTO,AVANTE,Vereador,7,2020
0275,70010,ELIANE DO AMARAL,AVANTE,Vereador,0,2020
0275,70022,KEYLA TAVARES DA SILVA FELICIANO,AVANTE,Vereador,1,2020
0275,70030,FELIPE CEZAR MONTEIRO DE SOUZA,AVANTE,Vereador,527,2020
0275,70038,FABRÍCIA DE LIMA GOMES NASCIMENTO,AVANTE,Vereador,37,2020
0275,70053,LAUDELICE CONDE GARRIDO,AVANTE,Vereador,2,2020
0275,70055,JOSE JOVINO DE OLIVEIRA,AVANTE,Vereador,4,2020
0275,70070,EMERSON SANTANA PIVATO,AVANTE,Vereador,22,2020
0275,70074,ANDREIA DE BRITO OLIVEIRA,AVANTE,Vereador,2,2020
0275,70100,RAFAEL BRESSANE ALVES,AVANTE,Vereador,150,2020
0275,70111,WESLEY ANTONIO FONSECA,AVANTE,Vereador,9,2020
0275,70121,ANTONIO RODRIGUES,AVANTE,Vereador,0,2020
0275,70123,VALDEIR LUCCHIARI,AVANTE,Vereador,33,2020
0275,70133,HELIO ALVES MOREIRA,AVANTE,Vereador,129,2020
0275,70170,ELIZABETH RUIZ DA SILVA,AVANTE,Vereador,2,2020
0275,70175,WILZA APARECIDA ARAUJO SILVA,AVANTE,Vereador,1,2020
0275,70190,CLODOALDO MAIOLINI FILHO,AVANTE,Vereador,143,2020
0275,70200,MAURO VITORIANO SANCHEZ,AVANTE,Vereador,7,2020
0275,70207,JOZIEL PEREIRA MAIA,AVANTE,Vereador,5,2020
0275,70209,GEANE SOUZA DOS SANTOS,AVANTE,Vereador,4,2020
0275,70222,NATIVIDADE MARIA DE LIMA,AVANTE,Vereador,2,2020
0275,70234,NOEL CORDEIRO TEIXEIRA,AVANTE,Vereador,16,2020
0275,70270,NORBERTO FRANCHI DE ANDRADE,AVANTE,Vereador,23,2020
0275,70300,RICAEL ALVES,AVANTE,Vereador,4,2020
0275,70321,RODRIGO SOUZA LOPES DOS SANTOS,AVANTE,Vereador,61,2020
0275,70333,PAULO RODRIGUES REIS,AVANTE,Vereador,3,2020
0275,70345,ADEMIR PAULO NUNES DE ALMEIDA,AVANTE,Vereador,29,2020
0275,70456,AGENOR JOSÉ DOS SANTOS,AVANTE,Vereador,7,2020
0275,70500,LUCIO ANTONIO ARAÚJO CONDE,AVANTE,Vereador,52,2020
0275,70555,MARCELO VITAL,AVANTE,Vereador,23,2020
0275,70585,MARIA CELESTE CAMARGO CASEMIRO,AVANTE,Vereador,5,2020
0275,70613,EDIVILSON BARBOZA FREIRE,AVANTE,Vereador,8,2020
0275,70655,JOSÉ WILSON DANTAS,AVANTE,Vereador,12,2020
0275,70666,SANDRA SANTATERRA,AVANTE,Vereador,5,2020
0275,70678,JOSIAS DUTRA NETO,AVANTE,Vereador,5,2020
0275,70700,VITO ANTONIO LUGIANNATIELLO,AVANTE,Vereador,24,2020
0275,70701,LUIZ NUNES MENDES NETO,AVANTE,Vereador,17,2020
0275,70769,CARLOS ROBERTO PITTARELLI,AVANTE,Vereador,5,2020
0275,70777,ANTONIO GONZALEZ DOS SANTOS,AVANTE,Vereador,21,2020
0275,70779,VALERIA APARECIDA FIRMINO,AVANTE,Vereador,8,2020
0275,70789,RAIMUNDO MIRANDA DOS SANTOS FILHO,AVANTE,Vereador,14,2020
0275,70888,JOÃO LUIS CAIRES,AVANTE,Vereador,139,2020
0275,70890,MILTON SOARES MUCHIUTTE,AVANTE,Vereador,256,2020
0275,70900,ANTONIO DA SILVA,AVANTE,Vereador,7,2020
0275,70911,FABIANO HERMENEGILDO ANTONINI,AVANTE,Vereador,8,2020
0275,70913,FABIANA MARQUES DE MELO,AVANTE,Vereador,2,2020
0275,70999,CLEYTON DE SOUZA POSSATO,AVANTE,Vereador,2,2020
0275,77000,RICARDO JOSÉ PEREIRA,SOLIDARIEDADE,Vereador,64,2020
0275,77007,CLOVIS DE AZEVEDO NETO,SOLIDARIEDADE,Vereador,17,2020
0275,77009,MARCOS DOS SANTOS GOMES,SOLIDARIEDADE,Vereador,0,2020
0275,77010,PAULO ROBERTO DOS SANTOS VIEIRA,SOLIDARIEDADE,Vereador,15,2020
0275,77015,ROSIMEIRE DE PAULA ISMÉRIO,SOLIDARIEDADE,Vereador,3,2020
0275,77025,JUVENIL NATALINO CELESTINO,SOLIDARIEDADE,Vereador,9,2020
0275,77031,ANDRÉ LUIS TOLOTTO,SOLIDARIEDADE,Vereador,114,2020
0275,77077,VALTER DONIZETTI JOSÉ,SOLIDARIEDADE,Vereador,54,2020
0275,77079,CLAUDINEI DA COSTA E SILVA,SOLIDARIEDADE,Vereador,15,2020
0275,77088,JOÃO BATISTA DE PAULA,SOLIDARIEDADE,Vereador,19,2020
0275,77098,ELIANA MARIA ROCHA MIRANDA,SOLIDARIEDADE,Vereador,1,2020
0275,77099,ANDRÉ LEÃO DE SOUZA,SOLIDARIEDADE,Vereador,20,2020
0275,77100,JAIR QUINALIA,SOLIDARIEDADE,Vereador,109,2020
0275,77111,PASCUAL DANETTI,SOLIDARIEDADE,Vereador,9,2020
0275,77118,CARLOS ANTONIO DE MENDONÇA,SOLIDARIEDADE,Vereador,42,2020
0275,77123,CLODOALDO MISTURA,SOLIDARIEDADE,Vereador,4,2020
0275,77190,RICARDO JOSE DE SOUZA,SOLIDARIEDADE,Vereador,129,2020
0275,77200,LUCIANA DA SILVA,SOLIDARIEDADE,Vereador,9,2020
0275,77211,DORGIVAL JOSE DE LIMA,SOLIDARIEDADE,Vereador,92,2020
0275,77222,JOSÉ FERNANDES SILVA,SOLIDARIEDADE,Vereador,5,2020
0275,77300,MILTON DA SILVA FARIA,SOLIDARIEDADE,Vereador,83,2020
0275,77333,SERGIO DIAS RIBEIRO,SOLIDARIEDADE,Vereador,11,2020
0275,77400,MARCELO TEIXEIRA,SOLIDARIEDADE,Vereador,170,2020
0275,77444,LUIZ ANTONIO BENINE,SOLIDARIEDADE,Vereador,3,2020
0275,77456,SILVIO CESAR SOUZA,SOLIDARIEDADE,Vereador,20,2020
0275,77500,CLAUDINEI APARECIDO DO CARMO,SOLIDARIEDADE,Vereador,39,2020
0275,77555,HELEN PATRICIA MERIM,SOLIDARIEDADE,Vereador,50,2020
0275,77556,VALÉRIA APARECIDA FORTUNATO DE PAULA,SOLIDARIEDADE,Vereador,3,2020
0275,77567,SUELI SENE LEMOS DE MATOS,SOLIDARIEDADE,Vereador,3,2020
0275,77676,ADRIANO APARECIDO DA SILVA,SOLIDARIEDADE,Vereador,6,2020
0275,77677,CLOVIS CORDEIRO,SOLIDARIEDADE,Vereador,77,2020
0275,77690,MARIA EDILEUZA VASCO MARÇAL,SOLIDARIEDADE,Vereador,3,2020
0275,77708,IZABEL DE SOUZA SANTOS,SOLIDARIEDADE,Vereador,14,2020
0275,77733,MARIA JOSE DALLA BERNARDINA,SOLIDARIEDADE,Vereador,10,2020
0275,77744,ROSEMARE DOS SANTOS AVELINO,SOLIDARIEDADE,Vereador,8,2020
0275,77745,ANA MARIA RIBEIRO MARTINS,SOLIDARIEDADE,Vereador,4,2020
0275,77767,JULIANO ANTONIO MARÇAL,SOLIDARIEDADE,Vereador,36,2020
0275,77777,WLADMIR DE SOUZA CARNEIRO,SOLIDARIEDADE,Vereador,654,2020
0275,77789,VANDERLEI MARCOS FERRARI,SOLIDARIEDADE,Vereador,299,2020
0275,77800,CREBIO DINIZ DE ALMEIDA,SOLIDARIEDADE,Vereador,124,2020
0275,77801,EDILSON EUGENIO,SOLIDARIEDADE,Vereador,122,2020
0275,77808,BENEDITO ROBERTO DE BARRETTO,SOLIDARIEDADE,Vereador,0,2020
0275,77888,JOSE CARLOS DE JESUS CLARIO,SOLIDARIEDADE,Vereador,6,2020
0275,77889,FABIANO ROBERTO DE ALBUQUERQUE,SOLIDARIEDADE,Vereador,3,2020
0275,77890,ANA PAULA DA SILVA LUZ,SOLIDARIEDADE,Vereador,27,2020
0275,77898,VALMIR APARECIDO DA SILVA,SOLIDARIEDADE,Vereador,0,2020
0275,77980,MARINA DOS SANTOS,SOLIDARIEDADE,Vereador,5,2020
0275,77990,VALERIA RUSSO DA SILVA,SOLIDARIEDADE,Vereador,16,2020
0275,77999,ANGELINA MAIA PRAXEDES,SOLIDARIEDADE,Vereador,106,2020
0275,90000,ROBER BLU ORLANDO,PROS,Vereador,162,2020
0275,90014,JOSE MARCOS VIEIRA,PROS,Vereador,8,2020
0275,90100,EVANDRO EDUARDO DE SOUZA,PROS,Vereador,28,2020
0275,90111,MARCOS JOSE NOTARO,PROS,Vereador,20,2020
0275,90123,LILIA ARANTES ZEBALHO,PROS,Vereador,32,2020
0275,90333,IVANI DOS SANTOS PINHEIRO,PROS,Vereador,2,2020
0275,90567,ANDRE DIONISIO FAVELA,PROS,Vereador,13,2020
0275,90700,DAVID HONORATO,PROS,Vereador,2,2020
0275,90777,WANDERLEY GONÇALVES DE OLIVEIRA,PROS,Vereador,11,2020
0275,90789,ROBINSON LUIZ BOLSONI,PROS,Vereador,20,2020
0275,90888,CRISTIANE DE OLIVEIRA,PROS,Vereador,11,2020
0275,90999,SANDRA ROQUE PEREIRA,PROS,Vereador,6,2020
0378,10000,PAULO SERGIO CAMPANA,REPUBLICANOS,Vereador,293,2020
0378,10001,EDERSON ROGERIO WULK,REPUBLICANOS,Vereador,70,2020
0378,10010,CLAUDIO CORMANICH,REPUBLICANOS,Vereador,41,2020
0378,10012,ROSANGELA DE ANDRADE,REPUBLICANOS,Vereador,2,2020
0378,10014,JURANDIR QUIRINO DOS SANTOS,REPUBLICANOS,Vereador,90,2020
0378,10020,FERNANDO MANTOVAN,REPUBLICANOS,Vereador,7,2020
0378,10025,BRUNO APARECIDO DE LIMA,REPUBLICANOS,Vereador,9,2020
0378,10027,LUIS ROBERTO DE ALMEIDA,REPUBLICANOS,Vereador,4,2020
0378,10069,VALERIA TANIA FRANCISCHINI,REPUBLICANOS,Vereador,2,2020
0378,10080,LUIZ FELIPE DE OLIVEIRA THEODORO,REPUBLICANOS,Vereador,49,2020
0378,10100,ROVILSON ROSCITO,REPUBLICANOS,Vereador,7,2020
0378,10101,CARLOS ROBERTO DE MATTOS ROCHA JUNIOR,REPUBLICANOS,Vereador,12,2020
0378,10110,ROSANA OLIVIER GONÇALVES,REPUBLICANOS,Vereador,16,2020
0378,10111,AMBROSIO LUZ NETO,REPUBLICANOS,Vereador,12,2020
0378,10122,LUIZ GONZAGA,REPUBLICANOS,Vereador,301,2020
0378,10123,FERNANDO CESAR RIBEIRO MENDES,REPUBLICANOS,Vereador,2228,2020
0378,10125,JADIELSON FERREIRA DA SILVA,REPUBLICANOS,Vereador,46,2020
0378,10147,ROSA MONICA CUSTODIO,REPUBLICANOS,Vereador,6,2020
0378,10153,CRISTIANO DE OLIVEIRA E SILVA,REPUBLICANOS,Vereador,11,2020
0378,10156,DORACI CORREIA DE ALMEIDA,REPUBLICANOS,Vereador,6,2020
0378,10159,PRISCILA MENDES FERREIRA INACIO,REPUBLICANOS,Vereador,37,2020
0378,10190,ARGEU ALENCAR DA SILVA,REPUBLICANOS,Vereador,50,2020
0378,10200,HIGOR DIEGO RALLA,REPUBLICANOS,Vereador,448,2020
0378,10234,JAKSSON LEANDRO LUCIANO GONÇALVES,REPUBLICANOS,Vereador,159,2020
0378,10300,MARCIA FABIANA DA SILVA,REPUBLICANOS,Vereador,7,2020
0378,10321,JORDANA DE SOUSA MOURA ARAUJO,REPUBLICANOS,Vereador,30,2020
0378,10333,NOEMI SILVANA PRATES DE OLIVEIRA,REPUBLICANOS,Vereador,211,2020
0378,10345,OSCAR NEVES GUIMARÃES,REPUBLICANOS,Vereador,10,2020
0378,10369,STELLA FREIRE HERRMANN,REPUBLICANOS,Vereador,22,2020
0378,10400,OSVALDO MARTINS OLIVEIRA,REPUBLICANOS,Vereador,45,2020
0378,10444,MARIA LUCIA CAMILO,REPUBLICANOS,Vereador,5,2020
0378,10456,CELINA APARECIDA PORFIRIO,REPUBLICANOS,Vereador,25,2020
0378,10500,ROGERIO BERNARDES BOGONE,REPUBLICANOS,Vereador,38,2020
0378,10544,APARECIDA TERESINHA BURATTO,REPUBLICANOS,Vereador,0,2020
0378,10555,FLAUBERT DE ARAUJO,REPUBLICANOS,Vereador,68,2020
0378,10567,RODISNEI CESAR CLOSEL,REPUBLICANOS,Vereador,5,2020
0378,10600,RUBENS EIDE JUNIOR,REPUBLICANOS,Vereador,16,2020
0378,10700,PAULO ALVES MAIA,REPUBLICANOS,Vereador,39,2020
0378,10711,JULIO CESAR FERREIRA ALVES,REPUBLICANOS,Vereador,75,2020
0378,10777,NILSON DO CARMO SANTOS,REPUBLICANOS,Vereador,67,2020
0378,10789,CARLOS JOSE LEMOS,REPUBLICANOS,Vereador,52,2020
0378,10911,SAULO FERNANDO ZACARI,REPUBLICANOS,Vereador,22,2020
0378,10978,LUIZA HELENA CAGLIARI DE SOUZA,REPUBLICANOS,Vereador,9,2020
0378,10999,ROSINEI APARECIDA MOREIRA MATOKANOVIC,REPUBLICANOS,Vereador,75,2020
0378,11000,ANTONIO JOSÉ SOARES DOS SANTOS,PP,Vereador,79,2020
0378,11007,BRUNO HENRIQUE PEREIRA FRANCISCHINI,PP,Vereador,16,2020
0378,11011,WALDIR CUSTÓDIO DE LIMA,PP,Vereador,36,2020
0378,11016,LUCIANA DA SILVA,PP,Vereador,3,2020
0378,11019,EMILY NAYARA DOS SANTOS LIMA,PP,Vereador,2,2020
0378,11023,SONIA MARIA DOS SANTOS,PP,Vereador,14,2020
0378,11033,SEBASTIAO BORGES DE ARAUJO,PP,Vereador,87,2020
0378,11038,EDERSON PERIN MARTINS,PP,Vereador,225,2020
0378,11044,PEDRO REMONDINI,PP,Vereador,6,2020
0378,11078,ZACARIAS NUNES DE SIQUEIRA,PP,Vereador,53,2020
0378,11111,JAIME DE SOUZA,PP,Vereador,441,2020
0378,11120,OSMAR DELLA PASCHOA JUNIOR,PP,Vereador,6,2020
0378,11121,VALDIR RIBEIRO PIRES,PP,Vereador,13,2020
0378,11123,DENILSON DO PRADO,PP,Vereador,109,2020
0378,11138,JEFERSON ANTONIO SOUZA PINTO,PP,Vereador,3,2020
0378,11181,MARCOS ALVES FERREIRA,PP,Vereador,103,2020
0378,11189,MILENE FORTUOSO DOS SANTOS,PP,Vereador,4,2020
0378,11190,ISRAEL NANTES SANTOS,PP,Vereador,598,2020
0378,11200,FRANCISCO DE ASSIS NASCIMENTO,PP,Vereador,32,2020
0378,11207,SIRLENE CONCEIÇÃO DE SOUZA,PP,Vereador,32,2020
0378,11211,LUCAS HENRIQUE TREVIZAN,PP,Vereador,20,2020
0378,11222,EDINEI EDUARDO CESCHI,PP,Vereador,67,2020
0378,11234,VILSON DORIVAL FRANÇA,PP,Vereador,138,2020
0378,11239,THARINE LILLENA VEIGA,PP,Vereador,5,2020
0378,11246,GERALDO JOSE LAURIA,PP,Vereador,19,2020
0378,11249,NOEMIAS CAMARGO JUNIOR,PP,Vereador,87,2020
0378,11260,MARIA CALVARIO BERNARDO DE CAMPOS,PP,Vereador,11,2020
0378,11300,MARIA CLAUDIA BERTUZZO VEIGA,PP,Vereador,2,2020
0378,11311,ALMIRANTE PEDRO ALVARES CABRAL,PP,Vereador,23,2020
0378,11321,ALEXANDRE BARBOSA DA SILVA,PP,Vereador,90,2020
0378,11336,FLÁVIO EDILSON PADOVINI,PP,Vereador,81,2020
0378,11380,ROBERVAL BEZERRA ALVES,PP,Vereador,41,2020
0378,11444,DOROTIDES CAMPELLO DOS SANTOS ANJOS,PP,Vereador,15,2020
0378,11511,SONIA APARECIDA DE CARVALHO THEODORO,PP,Vereador,3,2020
0378,11522,ANESIO PEREIRA DA SILVA FILHO,PP,Vereador,50,2020
0378,11553,PETRONIO ALVES DA CRUZ,PP,Vereador,19,2020
0378,11555,ALEXANDRE MARTINS SILVA,PP,Vereador,10,2020
0378,11600,FILETO DE ALBUQUERQUE,PP,Vereador,25,2020
0378,11611,APARECIDO SEVERINO BENTO,PP,Vereador,4,2020
0378,11636,SONIA ROSANGELA RODRIGUES,PP,Vereador,0,2020
0378,11784,NESTOR SAYÃO SARTORETTO,PP,Vereador,5,2020
0378,11878,LUCIVÂNIA PINHEIRO BARBOSA,PP,Vereador,28,2020
0378,11888,LEUCE MAGALHÃES MARANHÃO,PP,Vereador,8,2020
0378,11900,HELENA CARDOSO TABERTI,PP,Vereador,1,2020
0378,11999,CLAUDINE GONÇALVES COSTA,PP,Vereador,20,2020
0378,12000,VIVIANE REGINA DE LIMA CRISPIM,PDT,Vereador,43,2020
0378,12007,JERÔNIMO APARECIDO BORGES,PDT,Vereador,3,2020
0378,12012,CARLOS SALUSTIANO DA SILVA,PDT,Vereador,29,2020
0378,12111,IGOR CARDIA SOARES SOUZA,PDT,Vereador,34,2020
0378,12113,EDVALDO FERREIRA GUEDES,PDT,Vereador,3,2020
0378,12121,JORGE HENRIQUE RODRIGUES CERQUEIRA,PDT,Vereador,5,2020
0378,12123,AILTON FABIO GONÇALVES DE SOUZA,PDT,Vereador,27,2020
0378,12151,MANOEL MESSIAS DOS SANTOS,PDT,Vereador,10,2020
0378,12227,SHIRLEI GUIRÃO DA SILVA CHAGAS,PDT,Vereador,0,2020
0378,12255,RUTE APARECIDA LEITE RIPARI,PDT,Vereador,34,2020
0378,12321,NILTON RIBEIRO DOS SANTOS JUNIOR,PDT,Vereador,11,2020
0378,12333,MARCELO JOSÉ DIAS,PDT,Vereador,9,2020
0378,12340,PAULO HENRIQUE DE BRITO DOS SANTOS,PDT,Vereador,12,2020
0378,12344,OSMIL JOSÉ DA SILVA,PDT,Vereador,2,2020
0378,12345,AURELIO JOSE CLAUDIO,PDT,Vereador,353,2020
0378,12369,LUIS HENRIQUE FERMINO JORGE,PDT,Vereador,6,2020
0378,12500,FABIO APARECIDO MORANDI,PDT,Vereador,16,2020
0378,12612,VINICIUS STACHIN BRITO,PDT,Vereador,1,2020
0378,12661,ANTONIO CARLOS DIONISIO BISPO,PDT,Vereador,36,2020
0378,12678,CARLOS HENRIQUE POLIS,PDT,Vereador,8,2020
0378,12737,BRÍGIDA FELICIANA DOS SANTOS,PDT,Vereador,4,2020
0378,12777,CLAUDIO RISSI,PDT,Vereador,38,2020
0378,12812,JOSÉ CARLOS BRUNO,PDT,Vereador,10,2020
0378,12835,FABIO HENRIQUE DOS SANTOS,PDT,Vereador,3,2020
0378,12888,APARECIDA CUSTÓDIO DOS SANTOS,PDT,Vereador,26,2020
0378,12890,LUCIA DE FATIMA BALARINI DA SILVA,PDT,Vereador,0,2020
0378,12911,DOMINIQUE SALES SAWAZKI,PDT,Vereador,0,2020
0378,12912,LILIAN CRISTINA MOURA,PDT,Vereador,0,2020
0378,12914,MARIA ORDILIA TEIXEIRA,PDT,Vereador,3,2020
0378,12973,RENATA DA SILVA,PDT,Vereador,10,2020
0378,12999,CARLOS EDUARDO JULIO MORELLO,PDT,Vereador,38,2020
0378,13000,IRANDIR SANTOS DA CONCEIÇÃO,PT,Vereador,201,2020
0378,13001,SILVIO JOSÉ MARQUES,PT,Vereador,285,2020
0378,13010,DOUGLAS BARBOSA DA SILVA,PT,Vereador,6,2020
0378,13011,CECÍLIO SERAFIM DOS SANTOS,PT,Vereador,196,2020
0378,13013,CLOVES ALVES DOS SANTOS,PT,Vereador,38,2020
0378,13020,MARGARIDA DA SILVA CALIXTO,PT,Vereador,639,2020
0378,13030,VALMIR SANTOS DE OLIVEIRA,PT,Vereador,36,2020
0378,13053,SUELI DOS SANTOS SILVA BARBOSA,PT,Vereador,151,2020
0378,13060,WALCY DE OLIVEIRA,PT,Vereador,33,2020
0378,13093,ADLLAYNE VITORINO DAMBROSKI PEDROSO,PT,Vereador,33,2020
0378,13100,LUIZ CARLOS FELICIDADE,PT,Vereador,108,2020
0378,13111,ANA PAULA DE OLIVEIRA,PT,Vereador,35,2020
0378,13112,JUAREZ BISPO MATEUS,PT,Vereador,109,2020
0378,13113,MATHEUS ALVES ALBINO,PT,Vereador,59,2020
0378,13123,PAOLLA CATHERINE DOS SANTOS MIGUEL AGARD,PT,Vereador,483,2020
0378,13130,EDUARDO CORVELONI JUNIOR,PT,Vereador,29,2020
0378,13135,EVELYN SILVA DO NASCIMENTO VICENTE DA SILVA,PT,Vereador,769,2020
0378,13138,SOLANGE LOUREIRO POZZUTO,PT,Vereador,165,2020
0378,13161,MARIA LÚCIA QUIRINO DE CASTRO,PT,Vereador,68,2020
0378,13178,GILSON VILELA REIS,PT,Vereador,0,2020
0378,13213,JOSÉ APARECIDO DOS SANTOS,PT,Vereador,5,2020
0378,13222,JULIANO HENRIQUE DAVOLI FINELLI,PT,Vereador,114,2020
0378,13300,WAGNER DE MELO ROMÃO,PT,Vereador,149,2020
0378,13331,VERA LÚCIA RODRIGUES DE FARIA,PT,Vereador,626,2020
0378,13333,ALEX PEREIRA BAHIA,PT,Vereador,316,2020
0378,13413,JOÃO BATISTA BORGES,PT,Vereador,2,2020
0378,13420,ALEXANDRE DOS SANTOS PINTO,PT,Vereador,146,2020
0378,13456,ROSEMIRO APARECIDO FERREIRA,PT,Vereador,101,2020
0378,13500,ROGÉRIO NUNES,PT,Vereador,95,2020
0378,13555,GERALDO DANIEL ALVES BOSSO,PT,Vereador,26,2020
0378,13599,UBIRATAN ROBERTO ALVES FERREIRA,PT,Vereador,11,2020
0378,13613,CARLOS ROBERTO DE OLIVEIRA,PT,Vereador,562,2020
0378,13722,DAIANE CRISTINA MENDES,PT,Vereador,94,2020
0378,13777,GILBERTO JEFFERSON DE BARROS,PT,Vereador,15,2020
0378,13888,ALCILENE VICENTE DE CARVALHO,PT,Vereador,30,2020
0378,14000,VALDENIR ALVES DE MENEZES,PTB,Vereador,51,2020
0378,14012,FABIO AMBROSI DA SILVA,PTB,Vereador,18,2020
0378,14013,KATIA STANCATO,PTB,Vereador,82,2020
0378,14014,ANNIBAL MATHIAS FILHO,PTB,Vereador,24,2020
0378,14015,ELIENAI ALVES DE SOUZA LAZARONI,PTB,Vereador,24,2020
0378,14020,JHONNY EDERSON DA SILVA,PTB,Vereador,50,2020
0378,14033,LUCIANA DA SILVA FERNANDES,PTB,Vereador,6,2020
0378,14100,JACKSON LUIS RIBEIRO BARBOZA,PTB,Vereador,32,2020
0378,14104,JOEL BORGES SILVA,PTB,Vereador,17,2020
0378,14107,ROBERTO PEREIRA DA SILVA,PTB,Vereador,9,2020
0378,14111,JAIRO INACIO DO NASCIMENTO,PTB,Vereador,22,2020
0378,14112,VERA LUCIA SOARES SOEIRO,PTB,Vereador,23,2020
0378,14115,PEDRO ANDRE DOS SANTOS,PTB,Vereador,21,2020
0378,14121,SILVANA SILVA DOS SANTOS,PTB,Vereador,6,2020
0378,14123,CRISTINA OLIVEIRA DE PAULA FERIANI,PTB,Vereador,44,2020
0378,14133,FABIO PEREIRA BUENO,PTB,Vereador,11,2020
0378,14136,CARLOS ROBERTO TOLEDO,PTB,Vereador,13,2020
0378,14144,SANDRA APARECIDA DE ALMEIDA RAMOS,PTB,Vereador,13,2020
0378,14177,FABIANA APARECIDA BRITO ERNANE,PTB,Vereador,15,2020
0378,14182,KARYN JANAINA DO PRADO LIMA,PTB,Vereador,16,2020
0378,14192,JOSE ANTONIO FERNANDES,PTB,Vereador,38,2020
0378,14212,ETEVALDO ALVES MACHADO,PTB,Vereador,25,2020
0378,14213,JOSE ROBERTO CARNEIRO,PTB,Vereador,6,2020
0378,14222,EDUARDO AFONSO MANCO,PTB,Vereador,14,2020
0378,14230,MARCO ANTONIO HENRIQUE,PTB,Vereador,7,2020
0378,14333,RODOLFO TEIXEIRA CORREA,PTB,Vereador,114,2020
0378,14400,CARLOS ROBERTO DE SOUZA,PTB,Vereador,69,2020
0378,14444,FERNANDO ANTONIO GIANINI,PTB,Vereador,31,2020
0378,14500,FATIMA REGINA AZEVEDO TUCHIAMA,PTB,Vereador,13,2020
0378,14567,CARLOS ALEXANDRE FANTON SILVA,PTB,Vereador,10,2020
0378,14604,JOÃO DIRANI JUNIOR,PTB,Vereador,45,2020
0378,14666,DULCIOMARA INES LEOCADIO LIMA COSTA,PTB,Vereador,20,2020
0378,14777,ALEXANDRIA MARIA DO CARMO SANT ANNA LEME,PTB,Vereador,23,2020
0378,14789,FRANCISCO JOSE MONTEIRO DE BARROS JUNIOR,PTB,Vereador,35,2020
0378,14888,EDNELSON COSTA DOS SANTOS,PTB,Vereador,9,2020
0378,14999,FLAVIO DENIS DE JESUS TEIXEIRA,PTB,Vereador,34,2020
0378,15000,ARNALDO SALVETTI PALÁCIO JUNIOR,MDB,Vereador,868,2020
0378,15001,CLAUDINEI BENEDITO PRUDÊNCIO FORTES,MDB,Vereador,33,2020
0378,15005,MARIA ANGELA PONTES,MDB,Vereador,15,2020
0378,15007,WILSON TOURINHO DOS SANTOS,MDB,Vereador,44,2020
0378,15010,WAGNER DIADEME GONÇALVES,MDB,Vereador,7,2020
0378,15011,CLAUDIOMAR CEZARIO DOS SANTOS LIMA,MDB,Vereador,219,2020
0378,15015,JOAO CARLOS NUNES DA MATA,MDB,Vereador,142,2020
0378,15050,ANDRE LUIS SILVA DE SOUZA,MDB,Vereador,629,2020
0378,15100,YANKO GONCALVES MELLO,MDB,Vereador,164,2020
0378,15111,INACIO RODRIGUES DA FONSECA,MDB,Vereador,211,2020
0378,15115,ELAINE CRISTINA SANTOS MARINHO,MDB,Vereador,83,2020
0378,15123,FABIO OLIVEIRA DA SILVA,MDB,Vereador,62,2020
0378,15135,CLAUDIO LUIZ MORAES,MDB,Vereador,231,2020
0378,15140,ROBSON APARECIDO AYRES,MDB,Vereador,18,2020
0378,15150,PAULO RICARDO  DA CRUZ VITAL,MDB,Vereador,12,2020
0378,15153,DELMIRO DIAS DO NASCIMENTO,MDB,Vereador,50,2020
0378,15156,JOSE TADEU ALVES MOREIRA,MDB,Vereador,180,2020
0378,15190,SANDRA CANDIDO MORETTI,MDB,Vereador,76,2020
0378,15200,VALERIA CRISTINA IGNACIO,MDB,Vereador,17,2020
0378,15222,WENDELL BRANDAO DOS SANTOS,MDB,Vereador,64,2020
0378,15244,MARYZA ELLIRES BUENO GARIBALDI,MDB,Vereador,1,2020
0378,15271,JOSE CANDIDO DA SILVA,MDB,Vereador,7,2020
0378,15300,ADRIANA EMILIA HEITMANN GONÇALVES TEIXEIRA FONTES,MDB,Vereador,91,2020
0378,15321,BEATRIZ POSTAL COSTA,MDB,Vereador,3,2020
0378,15333,MARCIA CRISTINA SCHETINI ZICA,MDB,Vereador,11,2020
0378,15377,EVERTON RAMOS ARLINDO,MDB,Vereador,51,2020
0378,15400,ALTAIR DE JESUS AMORIM,MDB,Vereador,4,2020
0378,15456,LUCINEA APARECIDA DA SILVA,MDB,Vereador,527,2020
0378,15500,JOSE PEDRO NUNES,MDB,Vereador,22,2020
0378,15515,THIAGO AUGUSTO BERALDO,MDB,Vereador,8,2020
0378,15555,CICERO DINIZ,MDB,Vereador,30,2020
0378,15567,FRANCISCO JORGE,MDB,Vereador,2,2020
0378,15575,CRISTIAN PIVA,MDB,Vereador,4,2020
0378,15600,SANDRA APARECIDA RODRIGUES PITON,MDB,Vereador,46,2020
0378,15615,ELAINE RODRIGUES DA SILVA,MDB,Vereador,0,2020
0378,15678,BRUNO DE CASTRO SILVA,MDB,Vereador,18,2020
0378,15700,PEDRO AGOSTINHO BERNARDO DE OLIVEIRA,MDB,Vereador,280,2020
0378,15755,ERIVELTO SOUZA DE MORAES,MDB,Vereador,15,2020
0378,15777,CICERA DOS SANTOS,MDB,Vereador,12,2020
0378,15789,JOSE CARLOS DO NASCIMENTO OLIVEIRA,MDB,Vereador,574,2020
0378,15800,ALEXANDRE DE OLIVEIRA,MDB,Vereador,15,2020
0378,15888,ILARA CHRISTINA TOLEDO DE OLIVEIRA,MDB,Vereador,0,2020
0378,15900,EXPEDITO CARLOS DE SOUZA,MDB,Vereador,2,2020
0378,15915,MILENA DE CASSIA GOMES,MDB,Vereador,9,2020
0378,16000,KÁTIA SARTORI,PSTU,Vereador,41,2020
0378,17000,APARECIDO SOUZA SANTOS,PSL,Vereador,490,2020
0378,17001,ANDREIA MARIA GAONA ANDRE,PSL,Vereador,63,2020
0378,17005,VANESILDA COSTA BALDIN,PSL,Vereador,35,2020
0378,17007,DAVID DOS SANTOS GOMES,PSL,Vereador,168,2020
0378,17017,CARLOS ANDRE DE MELO,PSL,Vereador,25,2020
0378,17018,DANIEL BOLSONARO VAZ,PSL,Vereador,7,2020
0378,17022,GILDO DONIZETI DE SOUZA,PSL,Vereador,10,2020
0378,17027,MARCIA REGINA DE LIMA,PSL,Vereador,21,2020
0378,17077,ANTONIO CARLOS DE OLIVEIRA,PSL,Vereador,10,2020
0378,17100,GERALDO GABRIEL GAVA,PSL,Vereador,40,2020
0378,17107,RICARDO HENRIQUE CORREA,PSL,Vereador,3,2020
0378,17117,CLEMENTE JOSE CAPUCHINHO,PSL,Vereador,626,2020
0378,17123,SEBASTIÃO PEREIRA DOS SANTOS,PSL,Vereador,72,2020
0378,17125,MARIA JOSE DE SOUZA PEREIRA,PSL,Vereador,98,2020
0378,17150,LAVINIA PRADO DOS SANTOS,PSL,Vereador,7,2020
0378,17158,SHIRLENE MERCES DOS SANTOS,PSL,Vereador,39,2020
0378,17177,LUIZ ANTONIO DA CONCEIÇÃO PAP,PSL,Vereador,18,2020
0378,17181,ALEXANDRE FELIX SIGRIST,PSL,Vereador,14,2020
0378,17200,EDISON RIBEIRO,PSL,Vereador,715,2020
0378,17202,ERIKA ALMEIDA DA SILVA,PSL,Vereador,8,2020
0378,17213,VALDIR APARECIDO MERIN,PSL,Vereador,26,2020
0378,17222,JORGE PANSANI DE FRANÇA,PSL,Vereador,26,2020
0378,17300,ROSENILDO FRANÇA DE SOUSA,PSL,Vereador,2,2020
0378,17325,SAMYA DANIELLE MARTINS MEYER,PSL,Vereador,7,2020
0378,17332,SILVAN PEREIRA GOMES,PSL,Vereador,9,2020
0378,17333,ROSA FERREIRA DA SILVA,PSL,Vereador,175,2020
0378,17345,EDENILSON FERREIRA DOS SANTOS,PSL,Vereador,62,2020
0378,17400,RAFAEL CARLOS BRAGA SOTTRATI,PSL,Vereador,5,2020
0378,17412,JOSE REIS GABRIEL,PSL,Vereador,24,2020
0378,17444,LUCIANA FRANÇA,PSL,Vereador,10,2020
0378,17456,IRDIVAL APARECIDO FREZZATO,PSL,Vereador,41,2020
0378,17489,BRUNA REGINA DA ROCHA BAZOTTE,PSL,Vereador,10,2020
0378,17490,MARCIA MENDES LIMA DA SILVA,PSL,Vereador,25,2020
0378,17500,ORLEANS DE SA ALENCAR,PSL,Vereador,1090,2020
0378,17555,CARLOS RUBEM BARRETTO XAVIER,PSL,Vereador,16,2020
0378,17576,DIANE BUENO QUERINO,PSL,Vereador,48,2020
0378,17577,VLAMIR FRANCISCO VIANA,PSL,Vereador,12,2020
0378,17580,IZAÍAS VICENTE EUZÉBIO,PSL,Vereador,71,2020
0378,17600,DORMELA LUIZA JUNQUEIRA DELGADO,PSL,Vereador,13,2020
0378,17620,PEDRO ALVES MARTINS,PSL,Vereador,366,2020
0378,17700,CLAUDIO ROBERTO NAVA,PSL,Vereador,181,2020
0378,17716,DIVINO SEBASTIÃO DA SILVA,PSL,Vereador,789,2020
0378,17717,ANTONIO VILSON DOS SANTOS,PSL,Vereador,8,2020
0378,17775,BENEDITO SIVIRINO RODRIGUES DO NASCIMENTO,PSL,Vereador,22,2020
0378,17777,SILVIO ROBERTO LIMA,PSL,Vereador,35,2020
0378,17789,MIZAEL IZIDORO BELLO GONÇALVES SILVA,PSL,Vereador,10,2020
0378,17800,JEZIEL SEVERINO DA SILVA,PSL,Vereador,628,2020
0378,17888,LUIZ CARLOS MOLINA,PSL,Vereador,12,2020
0378,17999,RENATA CRISTINA DA SILVA MOURA,PSL,Vereador,64,2020
0378,19007,GUSTAVO GONÇALVES,PODE,Vereador,3,2020
0378,19009,EDUARDO JORGE VELAZCO,PODE,Vereador,6,2020
0378,19017,FERNANDO LUIS COUTINHO NEVES,PODE,Vereador,67,2020
0378,19019,CLAYTON BUENO MENDES,PODE,Vereador,25,2020
0378,19020,SIDNEI JOSE LOPES,PODE,Vereador,9,2020
0378,19022,SONIA APARECIDA DA SILVA,PODE,Vereador,2,2020
0378,19055,ELISEU DE LIMA LÚCIO,PODE,Vereador,0,2020
0378,19069,SÔNIA MORELLI JUSTI,PODE,Vereador,0,2020
0378,19089,CREUZA RODRIGUES REAL DE OLIVEIRA,PODE,Vereador,115,2020
0378,19099,JOÃO OLIMPIO SANTANA FERREIRA,PODE,Vereador,367,2020
0378,19100,JOSÉ CARLOS DE MOURA,PODE,Vereador,17,2020
0378,19111,ADRIANA MARESTONI SPADONI,PODE,Vereador,31,2020
0378,19123,VONE DA SILVA MARQUES,PODE,Vereador,9,2020
0378,19190,RAQUEL APARECIDA DIAS,PODE,Vereador,2,2020
0378,19194,GIULIANE CAROLINE DE OLIVEIRA MARTINELLI,PODE,Vereador,7,2020
0378,19200,PAULINO DE CAMPOS,PODE,Vereador,16,2020
0378,19222,CLEUDES APARECIDA AMANCIO DA ROCHA,PODE,Vereador,1,2020
0378,19251,JÚLIO CÉSAR DE MORAIS,PODE,Vereador,97,2020
0378,19299,PAULO SERGIO RODRIGUES DA SILVA,PODE,Vereador,13,2020
0378,19300,PATRÍCIA APARECIDA BERALDO,PODE,Vereador,21,2020
0378,19321,CYNTHIA MOZER NAKAMURA,PODE,Vereador,21,2020
0378,19333,SOLANGE REGINA ALARCON TEIXEIRA,PODE,Vereador,2,2020
0378,19377,HELOISA HELENA SANT ANNA SILVEIRA,PODE,Vereador,15,2020
0378,19388,SONIA APARECIDA MARIANO,PODE,Vereador,10,2020
0378,19390,FRANCISCO CARLOS DE OLIVEIRA,PODE,Vereador,2,2020
0378,19422,ARMANDO LOPES,PODE,Vereador,218,2020
0378,19444,GISLAINE MORAES GUSMÃO DE BRITO,PODE,Vereador,67,2020
0378,19456,LUZIA DE SALES,PODE,Vereador,0,2020
0378,19466,SEBASTIÃO ROQUE RODRIGUES,PODE,Vereador,9,2020
0378,19470,MANOEL VICENTE MACHADO JUNIOR,PODE,Vereador,43,2020
0378,19555,EDUARDO DOS REIS MAGOGA,PODE,Vereador,453,2020
0378,19567,ROBERTO CARLOS GAMALIER DOS SANTOS,PODE,Vereador,122,2020
0378,19620,MIGUEL ARCANJO MONTEIRO VICENTE,PODE,Vereador,49,2020
0378,19700,ALEXSANDER LEAL DE OLIVEIRA,PODE,Vereador,38,2020
0378,19777,ARADIANE CRISTINA VICENTE RODRIGUES CHRISPIM,PODE,Vereador,22,2020
0378,19788,ARLEY PEREIRA DA SILVA,PODE,Vereador,148,2020
0378,19789,SILAS GOMES DA SILVA,PODE,Vereador,47,2020
0378,19877,NEY HAMILTON DE OLIVEIRA,PODE,Vereador,8,2020
0378,19880,MARIA RITA DE CASSIA LIVATO,PODE,Vereador,49,2020
0378,19882,ADENILSON ANTONIO PIMENTA VIEIRA,PODE,Vereador,134,2020
0378,19888,JOSE LUIS MONTEIRO,PODE,Vereador,3,2020
0378,19900,ADRIANO JARILHO DE ABREU,PODE,Vereador,16,2020
0378,19911,CARINA FERNANDA SMIRELLI,PODE,Vereador,16,2020
0378,19963,NUNO PAULO MENDONÇA FIGUEIRA,PODE,Vereador,26,2020
0378,19977,SIDIVAL CARLOS DA SILVA,PODE,Vereador,16,2020
0378,19987,APARECIDO FRANCISCO BARBINO,PODE,Vereador,10,2020
0378,19990,RONALDO DE SOUZA,PODE,Vereador,0,2020
0378,19999,RUBENS BRASILINO ROCHA,PODE,Vereador,95,2020
0378,20000,DEBORA DE ANDRADE PALERMO,PSC,Vereador,92,2020
0378,20002,MARIA EUNICE RODRIGUES,PSC,Vereador,12,2020
0378,20008,MARCOS ANTONIO GONÇALVES,PSC,Vereador,10,2020
0378,20010,JOSÉ JORGE ESCOTÃO,PSC,Vereador,6,2020
0378,20013,CARLOS CRISTOVAM PASTORE,PSC,Vereador,6,2020
0378,20020,CARLOS EDUARDO CRUZ,PSC,Vereador,243,2020
0378,20022,MILCA DOS SANTOS DUARTE,PSC,Vereador,126,2020
0378,20054,APARECIDA CELESTE LOPES,PSC,Vereador,4,2020
0378,20077,CLAUDETE MARTINS SANTOS DE ANDRADE,PSC,Vereador,109,2020
0378,20078,CARLOS EDUARDO ZANCHETA,PSC,Vereador,51,2020
0378,20110,MARIA JOSÉ CÂNDIDO,PSC,Vereador,50,2020
0378,20113,FRANCISCO DE ASSIS  MARTINS DE ALMEIDA,PSC,Vereador,37,2020
0378,20120,CLAUDINEY ALONSO,PSC,Vereador,163,2020
0378,20121,CLAUDIONOR RODRIGUES PORTO,PSC,Vereador,5,2020
0378,20123,MAURICELE DA SILVA LOPES,PSC,Vereador,170,2020
0378,20133,MARISA MARTINS DE OLIVEIRA,PSC,Vereador,16,2020
0378,20153,ALEXANDRE MORAES DE ALVARENGA RANGEL,PSC,Vereador,132,2020
0378,20164,JORGE FELIX HYMALAIA,PSC,Vereador,5,2020
0378,20200,MARCOS FERNANDO GUILLEN,PSC,Vereador,103,2020
0378,20210,ALTAZIDE RODRIGUES DA FONSECA FILHO,PSC,Vereador,36,2020
0378,20220,CARMO LUIZ GREGÓRIO DA SILVA,PSC,Vereador,1351,2020
0378,20222,SEBASTIÃO CARLOS TORRES,PSC,Vereador,52,2020
0378,20223,MICHELLA SILVA LOPES,PSC,Vereador,22,2020
0378,20224,REGINALDO DOS SANTOS NUNES,PSC,Vereador,131,2020
0378,20234,MARIA DE LOURDES PEREIRA DA SILVA,PSC,Vereador,91,2020
0378,20240,SILVIA BATISTA DOS SANTOS,PSC,Vereador,155,2020
0378,20300,VALDIR FERREIRA,PSC,Vereador,152,2020
0378,20310,SERGIO MELLO MEDEIROS,PSC,Vereador,4,2020
0378,20320,CLAUDIO JOSÉ BERNARDES,PSC,Vereador,86,2020
0378,20322,ALVIMAR LEITE DOS SANTOS,PSC,Vereador,19,2020
0378,20333,JOSÉ DOMINGOS DA SILVA SANTOS,PSC,Vereador,157,2020
0378,20345,ISAC MONEGO,PSC,Vereador,167,2020
0378,20360,IARA APARECIDA RODRIGUES DOS SANTOS,PSC,Vereador,37,2020
0378,20444,NELSON JOSÉ PACHECO,PSC,Vereador,5,2020
0378,20456,FABIO CAMILO DE ALMEIDA,PSC,Vereador,153,2020
0378,20500,JOSÉ CARLOS FURIOSO,PSC,Vereador,402,2020
0378,20520,JOSÉ GERALDO DAMASCENO,PSC,Vereador,23,2020
0378,20555,ROGÉRIO RODRIGUES DE CASTRO,PSC,Vereador,102,2020
0378,20620,GILBERTO LEÃO DE ARAUJO,PSC,Vereador,1526,2020
0378,20622,MAIRA ANNE PEREIRA GNATOS,PSC,Vereador,6,2020
0378,20638,ANA PAULA DA SILVA MORAES,PSC,Vereador,38,2020
0378,20666,PAULO CESAR COELHO ROCHA,PSC,Vereador,36,2020
0378,20700,ELCIO BATISTA,PSC,Vereador,66,2020
0378,20720,ALLINE DE OLIVEIRA SANTANA,PSC,Vereador,87,2020
0378,20777,MARCOS EDUARDO MARIANO,PSC,Vereador,37,2020
0378,20789,VALDIRLEI MARTINGHI,PSC,Vereador,75,2020
0378,20820,PEDRO HENRIQUE GONSALES DE OLIVEIRA,PSC,Vereador,5,2020
0378,20888,MANOEL NEVES DOS SANTOS,PSC,Vereador,92,2020
0378,20920,ELIETE APARECIDA FANTIN,PSC,Vereador,4,2020
0378,20999,JORGE LUIZ DO ROSÁRIO,PSC,Vereador,37,2020
0378,22000,ALBERTO ALVES DA FONSECA,PL,Vereador,1241,2020
0378,22006,ALDO ALVES JUNIOR,PL,Vereador,14,2020
0378,22007,MIRIAM DIAS DA MACENO TERATO,PL,Vereador,40,2020
0378,22010,ROGERIO FIGUEREDO SANTANA,PL,Vereador,119,2020
0378,22019,FELIPE PEREIRA DE CAMPOS VERGUEIRO,PL,Vereador,72,2020
0378,22020,LENILDO FRANCISCO DA SILVA,PL,Vereador,151,2020
0378,22022,IVAN RICARDO LEITE NEVES,PL,Vereador,57,2020
0378,22038,TULIO AUGUSTO MARTINS SIQUEIRA,PL,Vereador,52,2020
0378,22072,LEONDAS DE JESUS PEREIRA,PL,Vereador,100,2020
0378,22100,LEONARDO ROCHA DÓRO,PL,Vereador,91,2020
0378,22111,CAROLINA LOURENÇO DEFILIPPI GONÇALVES,PL,Vereador,104,2020
0378,22112,EGLÊ SILVA PEREIRA NASCIMENTO,PL,Vereador,19,2020
0378,22120,PAULO ROBERTO MARTINS,PL,Vereador,45,2020
0378,22122,DAIANE PATRICIA DE BARROS BEZERRA,PL,Vereador,420,2020
0378,22123,JORGE ROBERTO SCHENEIDER,PL,Vereador,333,2020
0378,22125,FRANCISCO RALPH NASCIMENTO VARONI,PL,Vereador,36,2020
0378,22139,ROSANA DE SOUZA NUNES LACERDA,PL,Vereador,6,2020
0378,22200,WESLEY ALVARO MONTEIRO AGUIAR,PL,Vereador,76,2020
0378,22211,RAIMUNDO ELIEL NUNES DE LIMA,PL,Vereador,6,2020
0378,22212,DANIEL DOS SANTOS,PL,Vereador,296,2020
0378,22222,PAULO SERGIO GALTÉRIO,PL,Vereador,610,2020
0378,22223,HELIET TELMIS FERRARI,PL,Vereador,22,2020
0378,22243,ABRAÃO STREY,PL,Vereador,620,2020
0378,22300,JORGE VEIGA JUNIOR,PL,Vereador,184,2020
0378,22321,GILBERT JOSE DE MELLO,PL,Vereador,147,2020
0378,22322,TIAGO ESPINDOLA BATISTA,PL,Vereador,72,2020
0378,22333,THELMA ELAINE BRASILEIRO ROBERTI,PL,Vereador,145,2020
0378,22345,SILVIA MARLENE DA GRAÇA SILVA,PL,Vereador,17,2020
0378,22369,FERNANDA APARECIDA FIDELIS DE SOUZA,PL,Vereador,12,2020
0378,22400,ISMAILDA GOMES CAVALCANTE,PL,Vereador,78,2020
0378,22422,IRINEU SENTURIÃO,PL,Vereador,31,2020
0378,22456,FÁBIO LUIS DE LIMA,PL,Vereador,199,2020
0378,22500,MOISES MARQUES DE ABREU,PL,Vereador,413,2020
0378,22522,MARIA DE LOURDES DOS ANJOS,PL,Vereador,22,2020
0378,22552,ILZA MACENA DOS SANTOS SERRANO,PL,Vereador,29,2020
0378,22555,HUMBERTO FERNANDO RODRIGUES,PL,Vereador,17,2020
0378,22567,OTTO ALEJANDRO RIGAZZO ETTINGER,PL,Vereador,1661,2020
0378,22580,CRISTIANO FORIGATO,PL,Vereador,110,2020
0378,22615,JOSE CARLOS DA SILVA CHAVES,PL,Vereador,39,2020
0378,22622,EDEVALDO DE MELO,PL,Vereador,157,2020
0378,22700,PAULA DA SILVA RAMOS,PL,Vereador,105,2020
0378,22722,SANDRO TEIXEIRA BATISTA,PL,Vereador,69,2020
0378,22766,MARCELO LEANDRO PEREIRA DOS SANTOS,PL,Vereador,9,2020
0378,22777,VALMIR APARECIDO MARÇAL,PL,Vereador,29,2020
0378,22789,JUSCELINO DE SOUZA MARTINS,PL,Vereador,171,2020
0378,22800,ANA CAROLINA LOPES CALUSNI,PL,Vereador,206,2020
0378,22840,ROSANGELA APARECIDA RIBEIRO,PL,Vereador,3,2020
0378,22888,SANDRO ORLANDO RAFFA,PL,Vereador,49,2020
0378,22889,ELISÂNGELA KELI DELARICA MACHADO DE FARIA,PL,Vereador,66,2020
0378,22999,GASPARINO RAIMUNDO DA SILVA,PL,Vereador,625,2020
0378,23000,NADINA APARECIDA FERNANDES DOS SANTOS,CIDADANIA,Vereador,14,2020
0378,23001,LUCIANO TADEU DE PAULA PAJOLA,CIDADANIA,Vereador,25,2020
0378,23005,GERALDO JOSE NOGUEIRA,CIDADANIA,Vereador,6,2020
0378,23007,AMANDA SYLVAN NEVES,CIDADANIA,Vereador,8,2020
0378,23010,LUCIANA APARECIDA CARDOSO,CIDADANIA,Vereador,2,2020
0378,23011,ELIAS RODRIGUES BASTOS,CIDADANIA,Vereador,63,2020
0378,23013,LUIZ GUILHERME WEISS FRANCO DE CAMPOS,CIDADANIA,Vereador,8,2020
0378,23014,CELSO ADRIANO DO NASCIMENTO,CIDADANIA,Vereador,2,2020
0378,23019,ELTON RODRIGUES DOS SANTOS,CIDADANIA,Vereador,8,2020
0378,23020,SIDNEI ALVES ROCHA,CIDADANIA,Vereador,5,2020
0378,23023,MIKAIL CARDOSO SOARES,CIDADANIA,Vereador,18,2020
0378,23026,MARJORIE DA COSTA HENRIQUE RODRIGUES,CIDADANIA,Vereador,93,2020
0378,23040,LEIDIANE SERAFIM MELO,CIDADANIA,Vereador,45,2020
0378,23044,ANITA MARIA DE FARIA,CIDADANIA,Vereador,11,2020
0378,23051,MANOEL CORREIA NETO,CIDADANIA,Vereador,86,2020
0378,23058,JOSE LIMA DA CRUZ,CIDADANIA,Vereador,1,2020
0378,23108,DAIANY FERREIRA OLIVEIRA,CIDADANIA,Vereador,22,2020
0378,23111,JORGE PANUTO DE OLIVEIRA,CIDADANIA,Vereador,17,2020
0378,23123,PAULO CESAR HADDAD,CIDADANIA,Vereador,194,2020
0378,23188,ANDERSON PEDRO,CIDADANIA,Vereador,10,2020
0378,23222,MARCIO OLIVEIRA SANTOS,CIDADANIA,Vereador,342,2020
0378,23230,LUIS CARLOS SANTOS,CIDADANIA,Vereador,44,2020
0378,23232,VILSON VINICIUS NASCIMENTO DA SILVA,CIDADANIA,Vereador,29,2020
0378,23234,JOSELITA RODRIGUES NUNES,CIDADANIA,Vereador,20,2020
0378,23238,LI LI MIN,CIDADANIA,Vereador,58,2020
0378,23257,DIOGO PASCHOAL STENICO,CIDADANIA,Vereador,15,2020
0378,23270,BEATRIZ DA SILVA LIMA,CIDADANIA,Vereador,10,2020
0378,23321,MARCIA APARECIDA RODRIGUES,CIDADANIA,Vereador,1,2020
0378,23323,RAFAEL FERREIRA OUTEIRO,CIDADANIA,Vereador,15,2020
0378,23333,GUILHERME AUGUSTO ANTONIOLI,CIDADANIA,Vereador,3,2020
0378,23345,WILLIAM GONÇALVEZ MARTINS,CIDADANIA,Vereador,34,2020
0378,23444,MARCOS EUNER BENUTTO,CIDADANIA,Vereador,15,2020
0378,23456,HENRI MAEDA,CIDADANIA,Vereador,165,2020
0378,23500,ROSA CASTELO,CIDADANIA,Vereador,32,2020
0378,23555,FRANCISCO ANTONIO DA SILVA,CIDADANIA,Vereador,109,2020
0378,23678,SERGIO RICARDO DE MORAIS,CIDADANIA,Vereador,17,2020
0378,23698,RILDO CARLOS PRAZERES DOS SANTOS,CIDADANIA,Vereador,254,2020
0378,23700,JOSE DE MORAIS NETO,CIDADANIA,Vereador,30,2020
0378,23723,ROSEMEIRE MARQUES VIRGINELLO,CIDADANIA,Vereador,4,2020
0378,23786,LENICE DA SILVA SANTOS,CIDADANIA,Vereador,2,2020
0378,23789,ELIAS ALVES DOS SANTOS,CIDADANIA,Vereador,107,2020
0378,23888,JOSE ALBERTO FERREIRA DE LIMA,CIDADANIA,Vereador,3,2020
0378,23923,ANA STELA ALVES DE LIMA,CIDADANIA,Vereador,89,2020
0378,25000,RODRIGO LUIS DE BARROS ALMEIDA,DEM,Vereador,5463,2020
0378,25003,ANDREY DA SILVA CARVALHO,DEM,Vereador,243,2020
0378,25005,THIAGO RIBEIRO BRANDÃO,DEM,Vereador,3,2020
0378,25007,LEONARDO RUELA SANTANA,DEM,Vereador,69,2020
0378,25012,JOSELINDA PEREIRA BARBOSA,DEM,Vereador,56,2020
0378,25021,SANDRA REGINA ALVES,DEM,Vereador,65,2020
0378,25025,APARECIDO GOMES CORREIA,DEM,Vereador,184,2020
0378,25030,ITAMAR MARTINS CAMPOY,DEM,Vereador,68,2020
0378,25031,CLAUDEMIR DOMINGOS,DEM,Vereador,33,2020
0378,25049,ELAINE CRISTINA GARCIA RAMOS DE SOUSA,DEM,Vereador,40,2020
0378,25050,JOEL VALENCIO DE SOUZA,DEM,Vereador,150,2020
0378,25065,FRANCISCO DAS CHAGAS VIDAL FERREIRA,DEM,Vereador,36,2020
0378,25077,MARIA JOSÉ GALVÃO DE LIMA,DEM,Vereador,35,2020
0378,25100,BRUNA CAROLINE ROSA,DEM,Vereador,29,2020
0378,25110,AMANDO RIBEIRO DOS SANTOS JUNIOR,DEM,Vereador,34,2020
0378,25111,JOSÉ FRANCISCO DA SILVA,DEM,Vereador,710,2020
0378,25123,WANDERLEY LUIZ SARTORI,DEM,Vereador,405,2020
0378,25125,JOEL CARLOS DORNELAS,DEM,Vereador,31,2020
0378,25135,MARCELLO LEONARDI BEZERRA,DEM,Vereador,17,2020
0378,25155,FERNANDO SCALET ARAUJO,DEM,Vereador,12,2020
0378,25190,VLADIMIR RIBEIRO,DEM,Vereador,30,2020
0378,25200,MARCELINO FELISBERTO DA COSTA,DEM,Vereador,42,2020
0378,25222,MAURA ELIZABETH CRUZ,DEM,Vereador,102,2020
0378,25333,EMERSON VETACA,DEM,Vereador,39,2020
0378,25369,JULIANA DOS SANTOS RIBEIRO,DEM,Vereador,16,2020
0378,25400,FERNANDO CARVALHO ZAMITH,DEM,Vereador,4,2020
0378,25444,GENNE ALBINO PINTO,DEM,Vereador,22,2020
0378,25500,RUBENS SOARES DO NASCIMENTO,DEM,Vereador,105,2020
0378,25530,JOSE AUGUSTO MENEZES DA SILVA,DEM,Vereador,10,2020
0378,25555,SARA EVANGELISTA SARDINHA,DEM,Vereador,761,2020
0378,25600,LUCIANA AUGUSTA DOS SANTOS CARVALHO PINHO,DEM,Vereador,123,2020
0378,25625,MARTA DE JESUS NICOLAU ROCHA,DEM,Vereador,22,2020
0378,25678,LUIZ HENRIQUE DA SILVA,DEM,Vereador,57,2020
0378,25695,PAULO HENRIQUE DA SILVA,DEM,Vereador,5,2020
0378,25703,CLAUDIO CALDAS,DEM,Vereador,9,2020
0378,25777,JORGE RICARDO TEIXEIRA CEZARIO,DEM,Vereador,168,2020
0378,25789,WILSON SENIGALIA,DEM,Vereador,11,2020
0378,25800,ELZA DONIZETE DA SILVA,DEM,Vereador,6,2020
0378,25877,ANTONIA JAIARA ALVES CARDOZO,DEM,Vereador,15,2020
0378,25905,HILDEBRANDO ALVES DE OLIVEIRA,DEM,Vereador,37,2020
0378,25925,ANGELA MARTA DE BRITO,DEM,Vereador,1,2020
0378,25933,IZABEL SILVA SOUZA,DEM,Vereador,0,2020
0378,25999,MARCONE JOSÉ DE LIMA,DEM,Vereador,1411,2020
0378,28000,JOSE AFONSO DA COSTA BITTENCOURT,PRTB,Vereador,21,2020
0378,28001,MARCELO TEIXEIRA BARBOSA,PRTB,Vereador,5,2020
0378,28008,JOÃO BATISTA PEDROSO,PRTB,Vereador,8,2020
0378,28010,BEATRIZ HELENA DIAS CRESPI,PRTB,Vereador,0,2020
0378,28020,JOSE GERALDO CRUZ COSTA,PRTB,Vereador,3,2020
0378,28028,CARLOS ALBERTO BERTOLDO,PRTB,Vereador,38,2020
0378,28086,JEICY KELLY DE OLIVEIRA,PRTB,Vereador,4,2020
0378,28128,ANGELA ISABEL RODRIGUES,PRTB,Vereador,6,2020
0378,28148,FRANCISCO CORDEIRO,PRTB,Vereador,36,2020
0378,28295,TANIA CORREIA GOMES DE FIGUEIREDO,PRTB,Vereador,0,2020
0378,28333,MOACIR JOSE SCACCHETTI,PRTB,Vereador,26,2020
0378,28383,ISAMAR APARECIDA SILVA MIGLIARI,PRTB,Vereador,1,2020
0378,28456,ANTONIO MOSCATELLI,PRTB,Vereador,10,2020
0378,28762,CLAUDIO KOVACSICS,PRTB,Vereador,30,2020
0378,28777,JOSE CIRO ROJAS QUISPE,PRTB,Vereador,7,2020
0378,28789,OSVALDO BORTOLETO,PRTB,Vereador,61,2020
0378,28800,TALITA RIBEIRO ALVES,PRTB,Vereador,17,2020
0378,28888,JOSE RENATO PIRES,PRTB,Vereador,5,2020
0378,30000,ANDRE ROBERTO FREITAS FERREIRA PINTO,NOVO,Vereador,54,2020
0378,30003,ALCIDES SOARES FILHO,NOVO,Vereador,6,2020
0378,30007,MARCÉLIO ANDRADE LEÃO,NOVO,Vereador,109,2020
0378,30032,JUSSARA CRISTINA DA SILVA,NOVO,Vereador,11,2020
0378,30083,CARLOS DANIEL CORADI,NOVO,Vereador,7,2020
0378,30100,ADELSON FONSECA BEZERRA,NOVO,Vereador,53,2020
0378,30123,MARNE DA SILVA CAMPOS,NOVO,Vereador,48,2020
0378,30153,MIRIAM MARIA ANTUNES DE SOUZA,NOVO,Vereador,41,2020
0378,30222,MARCIA ANTONIA CIA RIBEIRO SANTOS,NOVO,Vereador,45,2020
0378,30300,SANDRA HELENA FERNANDES,NOVO,Vereador,48,2020
0378,30333,FRANCISCO ASSIS DA CONCEIÇÃO,NOVO,Vereador,53,2020
0378,30500,MARIA CRISTINA DE OLIVEIRA,NOVO,Vereador,186,2020
0378,30730,CÁSSIO HERVELLA,NOVO,Vereador,9,2020
0378,30777,JONATHAS DE SIQUEIRA FERREIRA,NOVO,Vereador,712,2020
0378,30900,DANIEL BISCOLA PEREIRA,NOVO,Vereador,183,2020
0378,30999,PAULO SÉRGIO BARCELLOS GASPAR,NOVO,Vereador,190,2020
0378,33000,LOURIVAL RODRIGUES DA SILVA,PMN,Vereador,10,2020
0378,33007,MARINA DE JESUS TERRA,PMN,Vereador,1,2020
0378,33022,LEANDRO DE OLIVEIRA SILVA,PMN,Vereador,5,2020
0378,33096,BRENDA DA SILVA FERREIRA,PMN,Vereador,6,2020
0378,33102,PEDRO PRUDENTE DE MORAIS NETO,PMN,Vereador,6,2020
0378,33123,LILIANE HELENA AGUIAR DE OLIVEIRA,PMN,Vereador,0,2020
0378,33170,RAIMUNDO FERREIRA DE SOUZA,PMN,Vereador,205,2020
0378,33222,SERGIO RICARDO CACCIACARRO,PMN,Vereador,2,2020
0378,33333,TARYK AL JAMAHIRIYA AGIO,PMN,Vereador,8,2020
0378,33727,LUIZ HENRIQUE LANA RODRIGUES,PMN,Vereador,17,2020
0378,33777,GILBERTO GONÇALVES,PMN,Vereador,3,2020
0378,40000,LUIS MOKITI YABIKU,PSB,Vereador,269,2020
0378,40001,ANDERSON DELBUE GIANETTI,PSB,Vereador,40,2020
0378,40006,ROSA PAULA SELHI,PSB,Vereador,73,2020
0378,40007,ANA ROSA PASCOAL REIS RODRIGUES DOS SANTOS,PSB,Vereador,14,2020
0378,40008,GABRIELY DE OLIVEIRA,PSB,Vereador,22,2020
0378,40011,DELLY RIDAN ABELINI E SCUCUGLIA DE MEDEIROS SOUTO,PSB,Vereador,11,2020
0378,40012,JURACY PEREIRA COUTINHO JUNIOR,PSB,Vereador,61,2020
0378,40013,JAIRSON VALERIO DOS ANJOS,PSB,Vereador,2164,2020
0378,40019,ALEXANDRE SPENCER RAMPAZO VASCONCELLOS,PSB,Vereador,34,2020
0378,40021,WELLINGTON LUCIANO DE SYLLOS,PSB,Vereador,15,2020
0378,40024,DONIZETE DA COSTA AMARAL,PSB,Vereador,320,2020
0378,40040,ADILSON DE SOUZA ROCHA,PSB,Vereador,184,2020
0378,40075,OSMAIR DONIZETE PEREIRA,PSB,Vereador,10,2020
0378,40100,JOSE BATISTA DE CARVALHO FILHO,PSB,Vereador,123,2020
0378,40110,ARMINDO LIMA DE ALMEIDA,PSB,Vereador,822,2020
0378,40111,AIRTON FEITOSA DOS SANTOS,PSB,Vereador,7,2020
0378,40112,FILIPE BATISTA MARCHESI,PSB,Vereador,3712,2020
0378,40123,GILBERTO CARLOS CARDOSO,PSB,Vereador,301,2020
0378,40140,CAROLINA NOGUEIRA BOSCOLO,PSB,Vereador,29,2020
0378,40150,SERGIO LUIS DOS SANTOS,PSB,Vereador,38,2020
0378,40159,DEBORA MARINO DAS NEVES,PSB,Vereador,21,2020
0378,40180,ANA CAROLINA SANCHES,PSB,Vereador,1,2020
0378,40200,PAULO DE ELISEU GIROTO,PSB,Vereador,37,2020
0378,40203,ROGERIO DE OLIVEIRA LINS,PSB,Vereador,46,2020
0378,40204,DANIEL DE BRITO BERNABÉ,PSB,Vereador,126,2020
0378,40220,DOUGLAS MENEZES,PSB,Vereador,44,2020
0378,40222,ELIAS HERNANE AZEVEDO,PSB,Vereador,657,2020
0378,40234,FRANCIELI CRISTINA BOCHNIE,PSB,Vereador,113,2020
0378,40333,LARA SOFIA FRIGERI,PSB,Vereador,51,2020
0378,40345,CLAUDINEI ALMEIDA,PSB,Vereador,537,2020
0378,40388,ALEXANDRE ALASMAR JUNIOR,PSB,Vereador,5,2020
0378,40400,IVONE CRESCENCIO DA SILVA MENDONÇA,PSB,Vereador,216,2020
0378,40422,DEUCI FATIMA SOARES,PSB,Vereador,121,2020
0378,40424,ADRIANA CRISTINA LEITE SILVA,PSB,Vereador,2,2020
0378,40444,CÉLIA ROBERTO,PSB,Vereador,7,2020
0378,40456,PERMINIO MONTEIRO DA SILVA,PSB,Vereador,687,2020
0378,40500,JOÃO JOTA SILVA,PSB,Vereador,204,2020
0378,40513,NEUSA SILVA,PSB,Vereador,3,2020
0378,40555,LUIZ FERNANDO MARIANO MATEUS,PSB,Vereador,557,2020
0378,40580,JOSE CARLOS DOS SANTOS,PSB,Vereador,1090,2020
0378,40677,CID FERREIRA DE SOUZA,PSB,Vereador,133,2020
0378,40678,JOSÉ CARLOS SILVA,PSB,Vereador,207,2020
0378,40777,ANDRÉ JORGE MARUJO,PSB,Vereador,222,2020
0378,40789,JOAO RINALDO MACHADO,PSB,Vereador,1,2020
0378,40888,AILTON FERNANDES SARMENTO,PSB,Vereador,138,2020
0378,40900,JOSE HONORATO DOS SANTOS,PSB,Vereador,2156,2020
0378,40971,JEFERSON AMARANTE,PSB,Vereador,56,2020
0378,40999,GILBERTO MANOEL DE ALMEIDA,PSB,Vereador,69,2020
0378,43000,VAGNER DOS SANTOS BELLINI,PV,Vereador,75,2020
0378,43001,GILMAR DE MELO COSTA,PV,Vereador,7,2020
0378,43003,GABRIEL PIRES DO VALLE RIBEIRO,PV,Vereador,4,2020
0378,43006,ELAINE CRISTINA DA SILVA POGGETTI,PV,Vereador,7,2020
0378,43007,SILVIA HELENA SENISE FURIO VENTURI,PV,Vereador,5,2020
0378,43010,ANGELA CRISTINA MIRANDA,PV,Vereador,8,2020
0378,43011,JOSÉ TAVARES DA ROCHA,PV,Vereador,4,2020
0378,43013,ROSEMEIRE BENTO DE SOUSA,PV,Vereador,37,2020
0378,43020,JORGE FERREIRA PORTO,PV,Vereador,17,2020
0378,43033,SEBASTIÃO TEIXEIRA DE CARVALHO,PV,Vereador,26,2020
0378,43034,KATTYA CRISTINA GAIOTTO,PV,Vereador,27,2020
0378,43043,SILVIA SANTOMI MIYAMOTO,PV,Vereador,11,2020
0378,43050,CARLOS ALVES FEITOSA,PV,Vereador,0,2020
0378,43084,ADRIANO HENRIQUE HERMINI,PV,Vereador,0,2020
0378,43100,ROBINSON WILSON FELIPE,PV,Vereador,12,2020
0378,43103,LENIR MAGALHÃES BOLDRIN,PV,Vereador,2,2020
0378,43111,FRANCISCO SILVA DE MACEDO,PV,Vereador,54,2020
0378,43123,LUIZ CARLOS ROSSINI,PV,Vereador,379,2020
0378,43190,CARLOS ROBERTO DOS SANTOS,PV,Vereador,87,2020
0378,43192,CIRLENE DOS SANTOS,PV,Vereador,63,2020
0378,43200,ADRIANO DE JESUS MENDES,PV,Vereador,24,2020
0378,43210,ROGERS FUSSI AVEIRO,PV,Vereador,27,2020
0378,43221,MAIZA LISBOA,PV,Vereador,2,2020
0378,43229,FABIANA APARECIDA SILVEIRA CAMARGO,PV,Vereador,0,2020
0378,43233,CRISTIANE MENDES DE OLIVERA,PV,Vereador,32,2020
0378,43300,CARLOS EDUARDO DEPIERI,PV,Vereador,751,2020
0378,43321,CARLOS EDUARDO TREVISOLLI DA SILVA,PV,Vereador,24,2020
0378,43333,GIVALDO FERREIRA DE LIMA,PV,Vereador,37,2020
0378,43346,MAURO ACIR CRIPPA JUNIOR,PV,Vereador,19,2020
0378,43430,CARLOS ROBERTO ALVIM,PV,Vereador,129,2020
0378,43433,ZIARA CRISTINA ROQUE,PV,Vereador,2,2020
0378,43444,ANTONIO FRANCISCO NASCIMENTO,PV,Vereador,201,2020
0378,43500,CARLOS CESAR FERREIRA,PV,Vereador,22,2020
0378,43555,LUIZ GUSTAVO MERLO,PV,Vereador,185,2020
0378,43600,IVONE RAMOS DOS SANTOS,PV,Vereador,112,2020
0378,43666,ROSANA LEH DIAS,PV,Vereador,7,2020
0378,43725,GENIVAL CESAR DE MENESES,PV,Vereador,2,2020
0378,43741,MARCELO ANTONIO POLLETO,PV,Vereador,5,2020
0378,43777,DANIELLA AMADA RODRIGUES GOMES DOS SANTOS,PV,Vereador,64,2020
0378,43867,PEDRO DE CAIRO,PV,Vereador,11,2020
0378,43888,JOÃO FERREIRA DE ALMEIDA,PV,Vereador,5,2020
0378,43911,JOÃO RODRIGO NUCCI MARTIN,PV,Vereador,17,2020
0378,43999,RICARDO RÔMULO PAGANELI,PV,Vereador,25,2020
0378,45000,FRANCISCO PAULO CAVALCANTE,PSDB,Vereador,34,2020
0378,45015,STELA MARIS FERREIRA NOGUEIRA,PSDB,Vereador,12,2020
0378,45016,CRISTIANO OLIVEIRA DA SILVA,PSDB,Vereador,184,2020
0378,45022,VALDIR APARECIDO TERRAZAN,PSDB,Vereador,32,2020
0378,45033,JOSÉ CARLOS,PSDB,Vereador,126,2020
0378,45038,CAROLINA BRANCO CLAUDINO GOMES VANCINI,PSDB,Vereador,10,2020
0378,45040,LUCIANO LAURO DA SILVA,PSDB,Vereador,79,2020
0378,45045,THOMAZ ALCANTARA CAVALLARO,PSDB,Vereador,288,2020
0378,45100,ANTONIO LOPES,PSDB,Vereador,24,2020
0378,45123,GUILHERME DAMASCENO FERNANDES,PSDB,Vereador,138,2020
0378,45150,MARIA HELENA VIEIRA,PSDB,Vereador,12,2020
0378,45192,CRISTIANE APARECIDA DE BRITO,PSDB,Vereador,5,2020
0378,45200,ADENILTON FELIPE DOS SANTOS,PSDB,Vereador,37,2020
0378,45216,SELMA MARIA FERREIRA DE SOUZA,PSDB,Vereador,24,2020
0378,45222,JORGE DOS SANTOS MONTANARI,PSDB,Vereador,112,2020
0378,45234,MARCOS JOSÉ BERNARDELLI,PSDB,Vereador,293,2020
0378,45245,SABRINA TAMARA DO COUTO,PSDB,Vereador,14,2020
0378,45275,ANA APARECIDA TRISTÃO BIANCHI,PSDB,Vereador,27,2020
0378,45333,OSMAR BALDIN SIMIONATTO,PSDB,Vereador,3,2020
0378,45387,HELENICE DE FATIMA SOUZA ALMEIDA,PSDB,Vereador,7,2020
0378,45444,CLEONICE REGINA DE CARVALHO,PSDB,Vereador,55,2020
0378,45455,VERA LUZ CAMPOS SERRAZES,PSDB,Vereador,4,2020
0378,45456,DEBORAH LUZIA NASCIMENTO ROSA,PSDB,Vereador,16,2020
0378,45500,WILSON DA SILVA,PSDB,Vereador,26,2020
0378,45518,ANGELO ROBERTO RIBEIRO DA CUNHA JUNIOR,PSDB,Vereador,24,2020
0378,45555,JANAINA CORDEIRO NEVES,PSDB,Vereador,29,2020
0378,45567,ROBERTO AQUIO SASAKI,PSDB,Vereador,48,2020
0378,45580,JOSÉ OSCAR PEREIRA DE SOUZA,PSDB,Vereador,1,2020
0378,45600,DANILO RIDYER PALMA,PSDB,Vereador,110,2020
0378,45645,LEONARDO LORO MARTINS PINTO,PSDB,Vereador,7,2020
0378,45678,LUIZ HENRIQUE CIRILO,PSDB,Vereador,266,2020
0378,45700,VANDERLEI VICENTE DA SILVA,PSDB,Vereador,2,2020
0378,45777,ADILSON PIMENTEL DE ALMEIDA,PSDB,Vereador,16,2020
0378,45888,JOÃO DE FREITAS PATRICIO NETO,PSDB,Vereador,50,2020
0378,45972,ZULMIRA ALVES,PSDB,Vereador,18,2020
0378,45999,MARCELO LUIS MONTANARI,PSDB,Vereador,22,2020
0378,50000,PAULO ROBERTO BUFALO,PSOL,Vereador,274,2020
0378,50001,MARCELA DIAS MOREIRA,PSOL,Vereador,270,2020
0378,50002,AMILTON LUIS FIM LIMA,PSOL,Vereador,33,2020
0378,50005,LUAN MAYNNY SILVA AVELINO,PSOL,Vereador,58,2020
0378,50010,RAUL MARQUES PARDINHO,PSOL,Vereador,17,2020
0378,50050,JOSÉ APARECIDO RODRIGUES DE SOUZA,PSOL,Vereador,513,2020
0378,50100,MARIANA CONTI TAKAHASHI,PSOL,Vereador,973,2020
0378,50123,ÉLICE NATALIA BOTELHO,PSOL,Vereador,415,2020
0378,50147,JOÃO PEREIRA MARINS,PSOL,Vereador,32,2020
0378,50150,JOSE LITO DA SILVA NASCIMENTO,PSOL,Vereador,11,2020
0378,50180,REBEKA GONÇALVES DIAS,PSOL,Vereador,33,2020
0378,50222,ROBERTO LUIS STEVENSON PRADO,PSOL,Vereador,106,2020
0378,50234,VALDOMIRO DIAS,PSOL,Vereador,3,2020
0378,50255,PAULO SÉRGIO EVANGELISTA DE SOUZA,PSOL,Vereador,3,2020
0378,50300,LETÍCIA SOUZA MOREIRA BENEVIDES,PSOL,Vereador,345,2020
0378,50444,DORALICE RITA SILVA DE ALCÂNTARA RODRIGUES,PSOL,Vereador,11,2020
0378,50500,NELTON MIRANDA LIMA DOS SANTOS,PSOL,Vereador,13,2020
0378,50501,DAMIÃO ALCÂNTARA DA SILVA,PSOL,Vereador,43,2020
0378,50505,DANIEL LUIS ALVES,PSOL,Vereador,98,2020
0378,50650,ALEXANDRE TORTORELLA MANDL,PSOL,Vereador,81,2020
0378,51000,ATILA FERNANDO GONCALVES RIBEIRO,PATRIOTA,Vereador,38,2020
0378,51003,NIVALDO VILLELA,PATRIOTA,Vereador,23,2020
0378,51051,JOÃO ADELINO ROCHA,PATRIOTA,Vereador,101,2020
0378,51053,GABRIELA ARAUJO,PATRIOTA,Vereador,2,2020
0378,51091,ROGERIO MANZINI,PATRIOTA,Vereador,4,2020
0378,51100,TING HUNG HAO,PATRIOTA,Vereador,29,2020
0378,51117,ELAINE PEREIRA,PATRIOTA,Vereador,6,2020
0378,51123,VALDEMIR JOSE MARTINS,PATRIOTA,Vereador,25,2020
0378,51153,CLEIR APARECIDO COELHO,PATRIOTA,Vereador,29,2020
0378,51222,LUIZ CARLOS DO ESPIRITO SANTO,PATRIOTA,Vereador,28,2020
0378,51234,ANDREIA PEREIRA FERRAZ,PATRIOTA,Vereador,30,2020
0378,51300,ALEX BATISTA ROCHA,PATRIOTA,Vereador,45,2020
0378,51511,EDINILSON LUCAS BEZERRA,PATRIOTA,Vereador,112,2020
0378,51533,EDSON TIAGO AUGUSTO,PATRIOTA,Vereador,143,2020
0378,51555,CÉSAR HENRIQUE MASUTTE,PATRIOTA,Vereador,25,2020
0378,51733,ROGERIO DE OLIVEIRA ADÃO,PATRIOTA,Vereador,7,2020
0378,51789,LETICIA MARCELA TOME,PATRIOTA,Vereador,17,2020
0378,51888,STÉFANIE JORDANA MARQUES DE ARAÚJO,PATRIOTA,Vereador,3,2020
0378,51894,GABRIEL ROSA DE FREITAS,PATRIOTA,Vereador,1,2020
0378,51999,CAROLINE ESTAELE BRITO,PATRIOTA,Vereador,15,2020
0378,55000,RAFAEL FERNANDES TEÓFILO,PSD,Vereador,59,2020
0378,55005,EDUARDO FACTOR,PSD,Vereador,24,2020
0378,55007,MARCELO DE OLIVEIRA FRANCISCO,PSD,Vereador,130,2020
0378,55013,SUELY REZENDE PENHA,PSD,Vereador,7,2020
0378,55019,MARCOS ROBERTO DIAS,PSD,Vereador,144,2020
0378,55038,RODRIGO RIBEIRO HONÓRIO,PSD,Vereador,33,2020
0378,55045,ROSANA MATIAS DA PENHA,PSD,Vereador,19,2020
0378,55055,MARCELO DUCHOVNI SILVA,PSD,Vereador,374,2020
0378,55123,ANGELO DINIZ,PSD,Vereador,122,2020
0378,55150,ISRAEL APARECIDO NASCIMENTO,PSD,Vereador,10,2020
0378,55155,DAVID WEBER ROJAS DE LIMA,PSD,Vereador,4,2020
0378,55156,RICARDO DO PRADO MINARRO,PSD,Vereador,19,2020
0378,55200,MARIANGELA DA COSTA PETTINARI PENNA MAGLIONI,PSD,Vereador,64,2020
0378,55222,MARIA DE FATIMA DE SOUZA,PSD,Vereador,47,2020
0378,55234,MARINÊS BARBOSA DA SILVA,PSD,Vereador,39,2020
0378,55321,LUIS HENRIQUE CARVALHO DA SILVA,PSD,Vereador,25,2020
0378,55330,ANDERSON GUIZONI JUNIOR,PSD,Vereador,27,2020
0378,55333,DANIELLE GOMES DE CARVALHO,PSD,Vereador,7,2020
0378,55355,GIOVANNA FABIOLA MARTINS DUARTE,PSD,Vereador,23,2020
0378,55455,EDVANDO APARECIDO DE SOUZA,PSD,Vereador,5,2020
0378,55500,AILTON LOURENÇO DA SILVA,PSD,Vereador,47,2020
0378,55505,GENILSON SILVA,PSD,Vereador,103,2020
0378,55555,FLÁVIO MAYNARDES ARAUJO,PSD,Vereador,336,2020
0378,55655,NELSON HOSSRI NETO,PSD,Vereador,528,2020
0378,55678,ABIATA JOSE DE LIMA,PSD,Vereador,62,2020
0378,55775,CRISLAINE CARABIA,PSD,Vereador,29,2020
0378,55777,JORGE AKIRA DE ARAUJO CALDAS,PSD,Vereador,24,2020
0378,55800,ROSANGELA HELENA COELHO,PSD,Vereador,2,2020
0378,55855,VANDILSON DA COSTA LOPES,PSD,Vereador,50,2020
0378,55888,DANILO BOTELHO SANCHES,PSD,Vereador,86,2020
0378,55955,EDEUCLEIA MORAES SENA DA SILVA,PSD,Vereador,3,2020
0378,55999,VALDOMIRO PINHEIRO DE CAMPOS,PSD,Vereador,27,2020
0378,65000,ROMARIO DA ROCHA RIBEIRO,PC do B,Vereador,15,2020
0378,65003,ROBERSON ACASSIO DA SILVA,PC do B,Vereador,6,2020
0378,65007,JOSÉ GERALDO STECCA,PC do B,Vereador,14,2020
0378,65017,MARIO LUIZ ADÃO DE SOUZA,PC do B,Vereador,104,2020
0378,65035,ANDREA APARECIDA DE JESUS MENDES,PC do B,Vereador,194,2020
0378,65100,PAULA AUGUSTO GALATI GAINO,PC do B,Vereador,26,2020
0378,65111,DAVID MAMEDIO NUNES,PC do B,Vereador,124,2020
0378,65123,ORESTES AUGUSTO TOLEDO,PC do B,Vereador,186,2020
0378,65133,CARLOS ADILSON GAUDÊNCIO,PC do B,Vereador,5,2020
0378,65180,APARECIDA CÉLIA DOS SANTOS,PC do B,Vereador,27,2020
0378,65221,FÁTIMA APARECIDA CAMARGO LOPES,PC do B,Vereador,11,2020
0378,65222,ADRIANO APARECIDO ELIAS DA SILVA,PC do B,Vereador,407,2020
0378,65234,SUZANA DA SILVA PEREIRA,PC do B,Vereador,0,2020
0378,65250,REGIVAM ESTEVAM,PC do B,Vereador,82,2020
0378,65300,GEREMIAS MARTINS DE OLIVEIRA,PC do B,Vereador,160,2020
0378,65333,ADENILSON BUENO DA SILVA,PC do B,Vereador,5,2020
0378,65355,GUILHERME LUCIUS SAVI,PC do B,Vereador,3,2020
0378,65365,MARIA GOMES DE SOUZA NASCIMENTO,PC do B,Vereador,30,2020
0378,65432,ERNÉSTO PAES DE CAMARGO FILHO,PC do B,Vereador,17,2020
0378,65444,JOSÉ RICARDO FIGUEIREDO,PC do B,Vereador,3,2020
0378,65500,ANGELO RAFAEL BARRETO,PC do B,Vereador,102,2020
0378,65514,GILBERTO ALVES,PC do B,Vereador,9,2020
0378,65555,ISMARCIA GONÇALVES DA CRUZ,PC do B,Vereador,3,2020
0378,65556,JOAQUINA GOMES DE LIMA TEIXEIRA,PC do B,Vereador,6,2020
0378,65565,PAULO SERGIO PEREIRA DA SILVA,PC do B,Vereador,139,2020
0378,65577,ANIBIO FERREIRA DA SILVA JUNIOR,PC do B,Vereador,38,2020
0378,65600,JOÃO MARTINS DE MELO,PC do B,Vereador,5,2020
0378,65650,ELISIENE DE NASCIMENTO LOBO,PC do B,Vereador,77,2020
0378,65655,SONIA HIPOLITA DE SOUZA SAWAZKI,PC do B,Vereador,44,2020
0378,65656,GUSTAVO LEMOS PETTA,PC do B,Vereador,729,2020
0378,65657,WALTER DE PAULA LACORTE JUNIOR,PC do B,Vereador,5,2020
0378,65678,CLAUDEMIR VIEIRA LOPES,PC do B,Vereador,51,2020
0378,65789,SILVANA APARECIDA GOMES VEIGA,PC do B,Vereador,92,2020
0378,65888,MARIANA DE LOURDES TEIXEIRA,PC do B,Vereador,16,2020
0378,65999,ADÃO BERNARDINO DA SILVA,PC do B,Vereador,4,2020
0378,70000,FRANCISCA ROSANA MONTANHER,AVANTE,Vereador,239,2020
0378,70001,KATARINA LEME DA SILVA,AVANTE,Vereador,52,2020
0378,70007,RICARDO MEIRA DO NASCIMENTO,AVANTE,Vereador,7,2020
0378,70010,ELIANE DO AMARAL,AVANTE,Vereador,2,2020
0378,70022,KEYLA TAVARES DA SILVA FELICIANO,AVANTE,Vereador,63,2020
0378,70030,FELIPE CEZAR MONTEIRO DE SOUZA,AVANTE,Vereador,574,2020
0378,70038,FABRÍCIA DE LIMA GOMES NASCIMENTO,AVANTE,Vereador,6,2020
0378,70053,LAUDELICE CONDE GARRIDO,AVANTE,Vereador,21,2020
0378,70055,JOSE JOVINO DE OLIVEIRA,AVANTE,Vereador,3,2020
0378,70070,EMERSON SANTANA PIVATO,AVANTE,Vereador,105,2020
0378,70074,ANDREIA DE BRITO OLIVEIRA,AVANTE,Vereador,4,2020
0378,70100,RAFAEL BRESSANE ALVES,AVANTE,Vereador,78,2020
0378,70111,WESLEY ANTONIO FONSECA,AVANTE,Vereador,51,2020
0378,70121,ANTONIO RODRIGUES,AVANTE,Vereador,55,2020
0378,70123,VALDEIR LUCCHIARI,AVANTE,Vereador,440,2020
0378,70133,HELIO ALVES MOREIRA,AVANTE,Vereador,470,2020
0378,70170,ELIZABETH RUIZ DA SILVA,AVANTE,Vereador,163,2020
0378,70175,WILZA APARECIDA ARAUJO SILVA,AVANTE,Vereador,52,2020
0378,70190,CLODOALDO MAIOLINI FILHO,AVANTE,Vereador,162,2020
0378,70200,MAURO VITORIANO SANCHEZ,AVANTE,Vereador,11,2020
0378,70207,JOZIEL PEREIRA MAIA,AVANTE,Vereador,43,2020
0378,70209,GEANE SOUZA DOS SANTOS,AVANTE,Vereador,7,2020
0378,70222,NATIVIDADE MARIA DE LIMA,AVANTE,Vereador,10,2020
0378,70234,NOEL CORDEIRO TEIXEIRA,AVANTE,Vereador,496,2020
0378,70270,NORBERTO FRANCHI DE ANDRADE,AVANTE,Vereador,4,2020
0378,70300,RICAEL ALVES,AVANTE,Vereador,4,2020
0378,70321,RODRIGO SOUZA LOPES DOS SANTOS,AVANTE,Vereador,7,2020
0378,70333,PAULO RODRIGUES REIS,AVANTE,Vereador,23,2020
0378,70345,ADEMIR PAULO NUNES DE ALMEIDA,AVANTE,Vereador,22,2020
0378,70456,AGENOR JOSÉ DOS SANTOS,AVANTE,Vereador,11,2020
0378,70500,LUCIO ANTONIO ARAÚJO CONDE,AVANTE,Vereador,27,2020
0378,70555,MARCELO VITAL,AVANTE,Vereador,2526,2020
0378,70585,MARIA CELESTE CAMARGO CASEMIRO,AVANTE,Vereador,6,2020
0378,70613,EDIVILSON BARBOZA FREIRE,AVANTE,Vereador,20,2020
0378,70655,JOSÉ WILSON DANTAS,AVANTE,Vereador,28,2020
0378,70666,SANDRA SANTATERRA,AVANTE,Vereador,32,2020
0378,70678,JOSIAS DUTRA NETO,AVANTE,Vereador,7,2020
0378,70700,VITO ANTONIO LUGIANNATIELLO,AVANTE,Vereador,36,2020
0378,70701,LUIZ NUNES MENDES NETO,AVANTE,Vereador,251,2020
0378,70769,CARLOS ROBERTO PITTARELLI,AVANTE,Vereador,6,2020
0378,70777,ANTONIO GONZALEZ DOS SANTOS,AVANTE,Vereador,507,2020
0378,70779,VALERIA APARECIDA FIRMINO,AVANTE,Vereador,79,2020
0378,70789,RAIMUNDO MIRANDA DOS SANTOS FILHO,AVANTE,Vereador,54,2020
0378,70888,JOÃO LUIS CAIRES,AVANTE,Vereador,23,2020
0378,70890,MILTON SOARES MUCHIUTTE,AVANTE,Vereador,783,2020
0378,70900,ANTONIO DA SILVA,AVANTE,Vereador,73,2020
0378,70911,FABIANO HERMENEGILDO ANTONINI,AVANTE,Vereador,15,2020
0378,70913,FABIANA MARQUES DE MELO,AVANTE,Vereador,5,2020
0378,70999,CLEYTON DE SOUZA POSSATO,AVANTE,Vereador,10,2020
0378,77000,RICARDO JOSÉ PEREIRA,SOLIDARIEDADE,Vereador,107,2020
0378,77007,CLOVIS DE AZEVEDO NETO,SOLIDARIEDADE,Vereador,102,2020
0378,77009,MARCOS DOS SANTOS GOMES,SOLIDARIEDADE,Vereador,26,2020
0378,77010,PAULO ROBERTO DOS SANTOS VIEIRA,SOLIDARIEDADE,Vereador,57,2020
0378,77015,ROSIMEIRE DE PAULA ISMÉRIO,SOLIDARIEDADE,Vereador,8,2020
0378,77025,JUVENIL NATALINO CELESTINO,SOLIDARIEDADE,Vereador,89,2020
0378,77031,ANDRÉ LUIS TOLOTTO,SOLIDARIEDADE,Vereador,37,2020
0378,77077,VALTER DONIZETTI JOSÉ,SOLIDARIEDADE,Vereador,8,2020
0378,77079,CLAUDINEI DA COSTA E SILVA,SOLIDARIEDADE,Vereador,42,2020
0378,77088,JOÃO BATISTA DE PAULA,SOLIDARIEDADE,Vereador,205,2020
0378,77098,ELIANA MARIA ROCHA MIRANDA,SOLIDARIEDADE,Vereador,7,2020
0378,77099,ANDRÉ LEÃO DE SOUZA,SOLIDARIEDADE,Vereador,36,2020
0378,77100,JAIR QUINALIA,SOLIDARIEDADE,Vereador,311,2020
0378,77111,PASCUAL DANETTI,SOLIDARIEDADE,Vereador,10,2020
0378,77118,CARLOS ANTONIO DE MENDONÇA,SOLIDARIEDADE,Vereador,52,2020
0378,77123,CLODOALDO MISTURA,SOLIDARIEDADE,Vereador,316,2020
0378,77190,RICARDO JOSE DE SOUZA,SOLIDARIEDADE,Vereador,42,2020
0378,77200,LUCIANA DA SILVA,SOLIDARIEDADE,Vereador,11,2020
0378,77211,DORGIVAL JOSE DE LIMA,SOLIDARIEDADE,Vereador,79,2020
0378,77222,JOSÉ FERNANDES SILVA,SOLIDARIEDADE,Vereador,260,2020
0378,77300,MILTON DA SILVA FARIA,SOLIDARIEDADE,Vereador,81,2020
0378,77333,SERGIO DIAS RIBEIRO,SOLIDARIEDADE,Vereador,18,2020
0378,77400,MARCELO TEIXEIRA,SOLIDARIEDADE,Vereador,9,2020
0378,77444,LUIZ ANTONIO BENINE,SOLIDARIEDADE,Vereador,4,2020
0378,77456,SILVIO CESAR SOUZA,SOLIDARIEDADE,Vereador,109,2020
0378,77500,CLAUDINEI APARECIDO DO CARMO,SOLIDARIEDADE,Vereador,106,2020
0378,77555,HELEN PATRICIA MERIM,SOLIDARIEDADE,Vereador,66,2020
0378,77556,VALÉRIA APARECIDA FORTUNATO DE PAULA,SOLIDARIEDADE,Vereador,121,2020
0378,77567,SUELI SENE LEMOS DE MATOS,SOLIDARIEDADE,Vereador,99,2020
0378,77676,ADRIANO APARECIDO DA SILVA,SOLIDARIEDADE,Vereador,20,2020
0378,77677,CLOVIS CORDEIRO,SOLIDARIEDADE,Vereador,23,2020
0378,77690,MARIA EDILEUZA VASCO MARÇAL,SOLIDARIEDADE,Vereador,18,2020
0378,77708,IZABEL DE SOUZA SANTOS,SOLIDARIEDADE,Vereador,5,2020
0378,77733,MARIA JOSE DALLA BERNARDINA,SOLIDARIEDADE,Vereador,188,2020
0378,77744,ROSEMARE DOS SANTOS AVELINO,SOLIDARIEDADE,Vereador,115,2020
0378,77745,ANA MARIA RIBEIRO MARTINS,SOLIDARIEDADE,Vereador,6,2020
0378,77767,JULIANO ANTONIO MARÇAL,SOLIDARIEDADE,Vereador,768,2020
0378,77777,WLADMIR DE SOUZA CARNEIRO,SOLIDARIEDADE,Vereador,22,2020
0378,77789,VANDERLEI MARCOS FERRARI,SOLIDARIEDADE,Vereador,27,2020
0378,77800,CREBIO DINIZ DE ALMEIDA,SOLIDARIEDADE,Vereador,87,2020
0378,77801,EDILSON EUGENIO,SOLIDARIEDADE,Vereador,4,2020
0378,77808,BENEDITO ROBERTO DE BARRETTO,SOLIDARIEDADE,Vereador,104,2020
0378,77888,JOSE CARLOS DE JESUS CLARIO,SOLIDARIEDADE,Vereador,282,2020
0378,77889,FABIANO ROBERTO DE ALBUQUERQUE,SOLIDARIEDADE,Vereador,140,2020
0378,77890,ANA PAULA DA SILVA LUZ,SOLIDARIEDADE,Vereador,590,2020
0378,77898,VALMIR APARECIDO DA SILVA,SOLIDARIEDADE,Vereador,16,2020
0378,77980,MARINA DOS SANTOS,SOLIDARIEDADE,Vereador,175,2020
0378,77990,VALERIA RUSSO DA SILVA,SOLIDARIEDADE,Vereador,32,2020
0378,77999,ANGELINA MAIA PRAXEDES,SOLIDARIEDADE,Vereador,54,2020
0378,90000,ROBER BLU ORLANDO,PROS,Vereador,4,2020
0378,90014,JOSE MARCOS VIEIRA,PROS,Vereador,28,2020
0378,90100,EVANDRO EDUARDO DE SOUZA,PROS,Vereador,53,2020
0378,90111,MARCOS JOSE NOTARO,PROS,Vereador,29,2020
0378,90123,LILIA ARANTES ZEBALHO,PROS,Vereador,29,2020
0378,90333,IVANI DOS SANTOS PINHEIRO,PROS,Vereador,182,2020
0378,90567,ANDRE DIONISIO FAVELA,PROS,Vereador,24,2020
0378,90700,DAVID HONORATO,PROS,Vereador,4,2020
0378,90777,WANDERLEY GONÇALVES DE OLIVEIRA,PROS,Vereador,4,2020
0378,90789,ROBINSON LUIZ BOLSONI,PROS,Vereador,8,2020
0378,90888,CRISTIANE DE OLIVEIRA,PROS,Vereador,64,2020
0378,90999,SANDRA ROQUE PEREIRA,PROS,Vereador,9,2020
0379,10000,PAULO SERGIO CAMPANA,REPUBLICANOS,Vereador,162,2020
0379,10001,EDERSON ROGERIO WULK,REPUBLICANOS,Vereador,6,2020
0379,10010,CLAUDIO CORMANICH,REPUBLICANOS,Vereador,55,2020
0379,10012,ROSANGELA DE ANDRADE,REPUBLICANOS,Vereador,1,2020
0379,10014,JURANDIR QUIRINO DOS SANTOS,REPUBLICANOS,Vereador,5,2020
0379,10020,FERNANDO MANTOVAN,REPUBLICANOS,Vereador,12,2020
0379,10025,BRUNO APARECIDO DE LIMA,REPUBLICANOS,Vereador,7,2020
0379,10027,LUIS ROBERTO DE ALMEIDA,REPUBLICANOS,Vereador,24,2020
0379,10069,VALERIA TANIA FRANCISCHINI,REPUBLICANOS,Vereador,9,2020
0379,10080,LUIZ FELIPE DE OLIVEIRA THEODORO,REPUBLICANOS,Vereador,78,2020
0379,10100,ROVILSON ROSCITO,REPUBLICANOS,Vereador,7,2020
0379,10101,CARLOS ROBERTO DE MATTOS ROCHA JUNIOR,REPUBLICANOS,Vereador,8,2020
0379,10110,ROSANA OLIVIER GONÇALVES,REPUBLICANOS,Vereador,35,2020
0379,10111,AMBROSIO LUZ NETO,REPUBLICANOS,Vereador,6,2020
0379,10122,LUIZ GONZAGA,REPUBLICANOS,Vereador,347,2020
0379,10123,FERNANDO CESAR RIBEIRO MENDES,REPUBLICANOS,Vereador,1538,2020
0379,10125,JADIELSON FERREIRA DA SILVA,REPUBLICANOS,Vereador,23,2020
0379,10147,ROSA MONICA CUSTODIO,REPUBLICANOS,Vereador,12,2020
0379,10153,CRISTIANO DE OLIVEIRA E SILVA,REPUBLICANOS,Vereador,8,2020
0379,10156,DORACI CORREIA DE ALMEIDA,REPUBLICANOS,Vereador,7,2020
0379,10159,PRISCILA MENDES FERREIRA INACIO,REPUBLICANOS,Vereador,42,2020
0379,10190,ARGEU ALENCAR DA SILVA,REPUBLICANOS,Vereador,30,2020
0379,10200,HIGOR DIEGO RALLA,REPUBLICANOS,Vereador,6684,2020
0379,10234,JAKSSON LEANDRO LUCIANO GONÇALVES,REPUBLICANOS,Vereador,787,2020
0379,10300,MARCIA FABIANA DA SILVA,REPUBLICANOS,Vereador,51,2020
0379,10321,JORDANA DE SOUSA MOURA ARAUJO,REPUBLICANOS,Vereador,224,2020
0379,10333,NOEMI SILVANA PRATES DE OLIVEIRA,REPUBLICANOS,Vereador,180,2020
0379,10345,OSCAR NEVES GUIMARÃES,REPUBLICANOS,Vereador,17,2020
0379,10369,STELLA FREIRE HERRMANN,REPUBLICANOS,Vereador,18,2020
0379,10400,OSVALDO MARTINS OLIVEIRA,REPUBLICANOS,Vereador,3,2020
0379,10444,MARIA LUCIA CAMILO,REPUBLICANOS,Vereador,17,2020
0379,10456,CELINA APARECIDA PORFIRIO,REPUBLICANOS,Vereador,59,2020
0379,10500,ROGERIO BERNARDES BOGONE,REPUBLICANOS,Vereador,165,2020
0379,10544,APARECIDA TERESINHA BURATTO,REPUBLICANOS,Vereador,2,2020
0379,10555,FLAUBERT DE ARAUJO,REPUBLICANOS,Vereador,591,2020
0379,10567,RODISNEI CESAR CLOSEL,REPUBLICANOS,Vereador,7,2020
0379,10600,RUBENS EIDE JUNIOR,REPUBLICANOS,Vereador,21,2020
0379,10700,PAULO ALVES MAIA,REPUBLICANOS,Vereador,33,2020
0379,10711,JULIO CESAR FERREIRA ALVES,REPUBLICANOS,Vereador,27,2020
0379,10777,NILSON DO CARMO SANTOS,REPUBLICANOS,Vereador,20,2020
0379,10789,CARLOS JOSE LEMOS,REPUBLICANOS,Vereador,39,2020
0379,10911,SAULO FERNANDO ZACARI,REPUBLICANOS,Vereador,16,2020
0379,10978,LUIZA HELENA CAGLIARI DE SOUZA,REPUBLICANOS,Vereador,18,2020
0379,10999,ROSINEI APARECIDA MOREIRA MATOKANOVIC,REPUBLICANOS,Vereador,67,2020
0379,11000,ANTONIO JOSÉ SOARES DOS SANTOS,PP,Vereador,105,2020
0379,11007,BRUNO HENRIQUE PEREIRA FRANCISCHINI,PP,Vereador,19,2020
0379,11011,WALDIR CUSTÓDIO DE LIMA,PP,Vereador,45,2020
0379,11016,LUCIANA DA SILVA,PP,Vereador,25,2020
0379,11019,EMILY NAYARA DOS SANTOS LIMA,PP,Vereador,0,2020
0379,11023,SONIA MARIA DOS SANTOS,PP,Vereador,6,2020
0379,11033,SEBASTIAO BORGES DE ARAUJO,PP,Vereador,40,2020
0379,11038,EDERSON PERIN MARTINS,PP,Vereador,120,2020
0379,11044,PEDRO REMONDINI,PP,Vereador,2,2020
0379,11078,ZACARIAS NUNES DE SIQUEIRA,PP,Vereador,58,2020
0379,11111,JAIME DE SOUZA,PP,Vereador,514,2020
0379,11120,OSMAR DELLA PASCHOA JUNIOR,PP,Vereador,13,2020
0379,11121,VALDIR RIBEIRO PIRES,PP,Vereador,12,2020
0379,11123,DENILSON DO PRADO,PP,Vereador,323,2020
0379,11138,JEFERSON ANTONIO SOUZA PINTO,PP,Vereador,25,2020
0379,11181,MARCOS ALVES FERREIRA,PP,Vereador,39,2020
0379,11189,MILENE FORTUOSO DOS SANTOS,PP,Vereador,5,2020
0379,11190,ISRAEL NANTES SANTOS,PP,Vereador,430,2020
0379,11200,FRANCISCO DE ASSIS NASCIMENTO,PP,Vereador,28,2020
0379,11207,SIRLENE CONCEIÇÃO DE SOUZA,PP,Vereador,26,2020
0379,11211,LUCAS HENRIQUE TREVIZAN,PP,Vereador,10,2020
0379,11222,EDINEI EDUARDO CESCHI,PP,Vereador,50,2020
0379,11234,VILSON DORIVAL FRANÇA,PP,Vereador,57,2020
0379,11239,THARINE LILLENA VEIGA,PP,Vereador,11,2020
0379,11246,GERALDO JOSE LAURIA,PP,Vereador,17,2020
0379,11249,NOEMIAS CAMARGO JUNIOR,PP,Vereador,57,2020
0379,11260,MARIA CALVARIO BERNARDO DE CAMPOS,PP,Vereador,2,2020
0379,11300,MARIA CLAUDIA BERTUZZO VEIGA,PP,Vereador,5,2020
0379,11311,ALMIRANTE PEDRO ALVARES CABRAL,PP,Vereador,14,2020
0379,11321,ALEXANDRE BARBOSA DA SILVA,PP,Vereador,103,2020
0379,11336,FLÁVIO EDILSON PADOVINI,PP,Vereador,65,2020
0379,11380,ROBERVAL BEZERRA ALVES,PP,Vereador,14,2020
0379,11444,DOROTIDES CAMPELLO DOS SANTOS ANJOS,PP,Vereador,47,2020
0379,11511,SONIA APARECIDA DE CARVALHO THEODORO,PP,Vereador,17,2020
0379,11522,ANESIO PEREIRA DA SILVA FILHO,PP,Vereador,6,2020
0379,11553,PETRONIO ALVES DA CRUZ,PP,Vereador,13,2020
0379,11555,ALEXANDRE MARTINS SILVA,PP,Vereador,4,2020
0379,11600,FILETO DE ALBUQUERQUE,PP,Vereador,17,2020
0379,11611,APARECIDO SEVERINO BENTO,PP,Vereador,6,2020
0379,11636,SONIA ROSANGELA RODRIGUES,PP,Vereador,0,2020
0379,11784,NESTOR SAYÃO SARTORETTO,PP,Vereador,6,2020
0379,11878,LUCIVÂNIA PINHEIRO BARBOSA,PP,Vereador,33,2020
0379,11888,LEUCE MAGALHÃES MARANHÃO,PP,Vereador,5,2020
0379,11900,HELENA CARDOSO TABERTI,PP,Vereador,1,2020
0379,11999,CLAUDINE GONÇALVES COSTA,PP,Vereador,20,2020
0379,12000,VIVIANE REGINA DE LIMA CRISPIM,PDT,Vereador,24,2020
0379,12007,JERÔNIMO APARECIDO BORGES,PDT,Vereador,3,2020
0379,12012,CARLOS SALUSTIANO DA SILVA,PDT,Vereador,32,2020
0379,12111,IGOR CARDIA SOARES SOUZA,PDT,Vereador,66,2020
0379,12113,EDVALDO FERREIRA GUEDES,PDT,Vereador,6,2020
0379,12121,JORGE HENRIQUE RODRIGUES CERQUEIRA,PDT,Vereador,10,2020
0379,12123,AILTON FABIO GONÇALVES DE SOUZA,PDT,Vereador,15,2020
0379,12151,MANOEL MESSIAS DOS SANTOS,PDT,Vereador,75,2020
0379,12227,SHIRLEI GUIRÃO DA SILVA CHAGAS,PDT,Vereador,0,2020
0379,12255,RUTE APARECIDA LEITE RIPARI,PDT,Vereador,33,2020
0379,12321,NILTON RIBEIRO DOS SANTOS JUNIOR,PDT,Vereador,13,2020
0379,12333,MARCELO JOSÉ DIAS,PDT,Vereador,8,2020
0379,12340,PAULO HENRIQUE DE BRITO DOS SANTOS,PDT,Vereador,4,2020
0379,12344,OSMIL JOSÉ DA SILVA,PDT,Vereador,4,2020
0379,12345,AURELIO JOSE CLAUDIO,PDT,Vereador,693,2020
0379,12369,LUIS HENRIQUE FERMINO JORGE,PDT,Vereador,3,2020
0379,12500,FABIO APARECIDO MORANDI,PDT,Vereador,21,2020
0379,12612,VINICIUS STACHIN BRITO,PDT,Vereador,6,2020
0379,12661,ANTONIO CARLOS DIONISIO BISPO,PDT,Vereador,6,2020
0379,12678,CARLOS HENRIQUE POLIS,PDT,Vereador,3,2020
0379,12737,BRÍGIDA FELICIANA DOS SANTOS,PDT,Vereador,7,2020
0379,12777,CLAUDIO RISSI,PDT,Vereador,43,2020
0379,12812,JOSÉ CARLOS BRUNO,PDT,Vereador,7,2020
0379,12835,FABIO HENRIQUE DOS SANTOS,PDT,Vereador,3,2020
0379,12888,APARECIDA CUSTÓDIO DOS SANTOS,PDT,Vereador,5,2020
0379,12890,LUCIA DE FATIMA BALARINI DA SILVA,PDT,Vereador,0,2020
0379,12911,DOMINIQUE SALES SAWAZKI,PDT,Vereador,0,2020
0379,12912,LILIAN CRISTINA MOURA,PDT,Vereador,0,2020
0379,12914,MARIA ORDILIA TEIXEIRA,PDT,Vereador,5,2020
0379,12973,RENATA DA SILVA,PDT,Vereador,32,2020
0379,12999,CARLOS EDUARDO JULIO MORELLO,PDT,Vereador,13,2020
0379,13000,IRANDIR SANTOS DA CONCEIÇÃO,PT,Vereador,62,2020
0379,13001,SILVIO JOSÉ MARQUES,PT,Vereador,229,2020
0379,13010,DOUGLAS BARBOSA DA SILVA,PT,Vereador,53,2020
0379,13011,CECÍLIO SERAFIM DOS SANTOS,PT,Vereador,1882,2020
0379,13013,CLOVES ALVES DOS SANTOS,PT,Vereador,40,2020
0379,13020,MARGARIDA DA SILVA CALIXTO,PT,Vereador,704,2020
0379,13030,VALMIR SANTOS DE OLIVEIRA,PT,Vereador,3,2020
0379,13053,SUELI DOS SANTOS SILVA BARBOSA,PT,Vereador,6,2020
0379,13060,WALCY DE OLIVEIRA,PT,Vereador,203,2020
0379,13093,ADLLAYNE VITORINO DAMBROSKI PEDROSO,PT,Vereador,45,2020
0379,13100,LUIZ CARLOS FELICIDADE,PT,Vereador,641,2020
0379,13111,ANA PAULA DE OLIVEIRA,PT,Vereador,91,2020
0379,13112,JUAREZ BISPO MATEUS,PT,Vereador,159,2020
0379,13113,MATHEUS ALVES ALBINO,PT,Vereador,44,2020
0379,13123,PAOLLA CATHERINE DOS SANTOS MIGUEL AGARD,PT,Vereador,559,2020
0379,13130,EDUARDO CORVELONI JUNIOR,PT,Vereador,24,2020
0379,13135,EVELYN SILVA DO NASCIMENTO VICENTE DA SILVA,PT,Vereador,27,2020
0379,13138,SOLANGE LOUREIRO POZZUTO,PT,Vereador,254,2020
0379,13161,MARIA LÚCIA QUIRINO DE CASTRO,PT,Vereador,45,2020
0379,13178,GILSON VILELA REIS,PT,Vereador,1,2020
0379,13213,JOSÉ APARECIDO DOS SANTOS,PT,Vereador,2,2020
0379,13222,JULIANO HENRIQUE DAVOLI FINELLI,PT,Vereador,34,2020
0379,13300,WAGNER DE MELO ROMÃO,PT,Vereador,113,2020
0379,13331,VERA LÚCIA RODRIGUES DE FARIA,PT,Vereador,319,2020
0379,13333,ALEX PEREIRA BAHIA,PT,Vereador,49,2020
0379,13413,JOÃO BATISTA BORGES,PT,Vereador,12,2020
0379,13420,ALEXANDRE DOS SANTOS PINTO,PT,Vereador,28,2020
0379,13456,ROSEMIRO APARECIDO FERREIRA,PT,Vereador,78,2020
0379,13500,ROGÉRIO NUNES,PT,Vereador,67,2020
0379,13555,GERALDO DANIEL ALVES BOSSO,PT,Vereador,28,2020
0379,13599,UBIRATAN ROBERTO ALVES FERREIRA,PT,Vereador,19,2020
0379,13613,CARLOS ROBERTO DE OLIVEIRA,PT,Vereador,502,2020
0379,13722,DAIANE CRISTINA MENDES,PT,Vereador,9,2020
0379,13777,GILBERTO JEFFERSON DE BARROS,PT,Vereador,17,2020
0379,13888,ALCILENE VICENTE DE CARVALHO,PT,Vereador,24,2020
0379,14000,VALDENIR ALVES DE MENEZES,PTB,Vereador,52,2020
0379,14012,FABIO AMBROSI DA SILVA,PTB,Vereador,14,2020
0379,14013,KATIA STANCATO,PTB,Vereador,83,2020
0379,14014,ANNIBAL MATHIAS FILHO,PTB,Vereador,23,2020
0379,14015,ELIENAI ALVES DE SOUZA LAZARONI,PTB,Vereador,29,2020
0379,14020,JHONNY EDERSON DA SILVA,PTB,Vereador,38,2020
0379,14033,LUCIANA DA SILVA FERNANDES,PTB,Vereador,6,2020
0379,14100,JACKSON LUIS RIBEIRO BARBOZA,PTB,Vereador,47,2020
0379,14104,JOEL BORGES SILVA,PTB,Vereador,12,2020
0379,14107,ROBERTO PEREIRA DA SILVA,PTB,Vereador,18,2020
0379,14111,JAIRO INACIO DO NASCIMENTO,PTB,Vereador,35,2020
0379,14112,VERA LUCIA SOARES SOEIRO,PTB,Vereador,16,2020
0379,14115,PEDRO ANDRE DOS SANTOS,PTB,Vereador,25,2020
0379,14121,SILVANA SILVA DOS SANTOS,PTB,Vereador,5,2020
0379,14123,CRISTINA OLIVEIRA DE PAULA FERIANI,PTB,Vereador,25,2020
0379,14133,FABIO PEREIRA BUENO,PTB,Vereador,40,2020
0379,14136,CARLOS ROBERTO TOLEDO,PTB,Vereador,35,2020
0379,14144,SANDRA APARECIDA DE ALMEIDA RAMOS,PTB,Vereador,5,2020
0379,14177,FABIANA APARECIDA BRITO ERNANE,PTB,Vereador,31,2020
0379,14182,KARYN JANAINA DO PRADO LIMA,PTB,Vereador,16,2020
0379,14192,JOSE ANTONIO FERNANDES,PTB,Vereador,4,2020
0379,14212,ETEVALDO ALVES MACHADO,PTB,Vereador,101,2020
0379,14213,JOSE ROBERTO CARNEIRO,PTB,Vereador,9,2020
0379,14222,EDUARDO AFONSO MANCO,PTB,Vereador,7,2020
0379,14230,MARCO ANTONIO HENRIQUE,PTB,Vereador,8,2020
0379,14333,RODOLFO TEIXEIRA CORREA,PTB,Vereador,39,2020
0379,14400,CARLOS ROBERTO DE SOUZA,PTB,Vereador,104,2020
0379,14444,FERNANDO ANTONIO GIANINI,PTB,Vereador,24,2020
0379,14500,FATIMA REGINA AZEVEDO TUCHIAMA,PTB,Vereador,19,2020
0379,14567,CARLOS ALEXANDRE FANTON SILVA,PTB,Vereador,7,2020
0379,14604,JOÃO DIRANI JUNIOR,PTB,Vereador,39,2020
0379,14666,DULCIOMARA INES LEOCADIO LIMA COSTA,PTB,Vereador,13,2020
0379,14777,ALEXANDRIA MARIA DO CARMO SANT ANNA LEME,PTB,Vereador,26,2020
0379,14789,FRANCISCO JOSE MONTEIRO DE BARROS JUNIOR,PTB,Vereador,52,2020
0379,14888,EDNELSON COSTA DOS SANTOS,PTB,Vereador,21,2020
0379,14999,FLAVIO DENIS DE JESUS TEIXEIRA,PTB,Vereador,48,2020
0379,15000,ARNALDO SALVETTI PALÁCIO JUNIOR,MDB,Vereador,512,2020
0379,15001,CLAUDINEI BENEDITO PRUDÊNCIO FORTES,MDB,Vereador,23,2020
0379,15005,MARIA ANGELA PONTES,MDB,Vereador,17,2020
0379,15007,WILSON TOURINHO DOS SANTOS,MDB,Vereador,18,2020
0379,15010,WAGNER DIADEME GONÇALVES,MDB,Vereador,31,2020
0379,15011,CLAUDIOMAR CEZARIO DOS SANTOS LIMA,MDB,Vereador,31,2020
0379,15015,JOAO CARLOS NUNES DA MATA,MDB,Vereador,135,2020
0379,15050,ANDRE LUIS SILVA DE SOUZA,MDB,Vereador,60,2020
0379,15100,YANKO GONCALVES MELLO,MDB,Vereador,177,2020
0379,15111,INACIO RODRIGUES DA FONSECA,MDB,Vereador,148,2020
0379,15115,ELAINE CRISTINA SANTOS MARINHO,MDB,Vereador,17,2020
0379,15123,FABIO OLIVEIRA DA SILVA,MDB,Vereador,28,2020
0379,15135,CLAUDIO LUIZ MORAES,MDB,Vereador,25,2020
0379,15140,ROBSON APARECIDO AYRES,MDB,Vereador,3,2020
0379,15150,PAULO RICARDO  DA CRUZ VITAL,MDB,Vereador,12,2020
0379,15153,DELMIRO DIAS DO NASCIMENTO,MDB,Vereador,21,2020
0379,15156,JOSE TADEU ALVES MOREIRA,MDB,Vereador,49,2020
0379,15190,SANDRA CANDIDO MORETTI,MDB,Vereador,74,2020
0379,15200,VALERIA CRISTINA IGNACIO,MDB,Vereador,2,2020
0379,15222,WENDELL BRANDAO DOS SANTOS,MDB,Vereador,56,2020
0379,15244,MARYZA ELLIRES BUENO GARIBALDI,MDB,Vereador,2,2020
0379,15271,JOSE CANDIDO DA SILVA,MDB,Vereador,158,2020
0379,15300,ADRIANA EMILIA HEITMANN GONÇALVES TEIXEIRA FONTES,MDB,Vereador,53,2020
0379,15321,BEATRIZ POSTAL COSTA,MDB,Vereador,16,2020
0379,15333,MARCIA CRISTINA SCHETINI ZICA,MDB,Vereador,7,2020
0379,15377,EVERTON RAMOS ARLINDO,MDB,Vereador,61,2020
0379,15400,ALTAIR DE JESUS AMORIM,MDB,Vereador,10,2020
0379,15456,LUCINEA APARECIDA DA SILVA,MDB,Vereador,31,2020
0379,15500,JOSE PEDRO NUNES,MDB,Vereador,22,2020
0379,15515,THIAGO AUGUSTO BERALDO,MDB,Vereador,8,2020
0379,15555,CICERO DINIZ,MDB,Vereador,19,2020
0379,15567,FRANCISCO JORGE,MDB,Vereador,4,2020
0379,15575,CRISTIAN PIVA,MDB,Vereador,2,2020
0379,15600,SANDRA APARECIDA RODRIGUES PITON,MDB,Vereador,59,2020
0379,15615,ELAINE RODRIGUES DA SILVA,MDB,Vereador,1,2020
0379,15678,BRUNO DE CASTRO SILVA,MDB,Vereador,2,2020
0379,15700,PEDRO AGOSTINHO BERNARDO DE OLIVEIRA,MDB,Vereador,41,2020
0379,15755,ERIVELTO SOUZA DE MORAES,MDB,Vereador,14,2020
0379,15777,CICERA DOS SANTOS,MDB,Vereador,11,2020
0379,15789,JOSE CARLOS DO NASCIMENTO OLIVEIRA,MDB,Vereador,148,2020
0379,15800,ALEXANDRE DE OLIVEIRA,MDB,Vereador,4,2020
0379,15888,ILARA CHRISTINA TOLEDO DE OLIVEIRA,MDB,Vereador,10,2020
0379,15900,EXPEDITO CARLOS DE SOUZA,MDB,Vereador,6,2020
0379,15915,MILENA DE CASSIA GOMES,MDB,Vereador,12,2020
0379,16000,KÁTIA SARTORI,PSTU,Vereador,26,2020
0379,17000,APARECIDO SOUZA SANTOS,PSL,Vereador,193,2020
0379,17001,ANDREIA MARIA GAONA ANDRE,PSL,Vereador,54,2020
0379,17005,VANESILDA COSTA BALDIN,PSL,Vereador,13,2020
0379,17007,DAVID DOS SANTOS GOMES,PSL,Vereador,12,2020
0379,17017,CARLOS ANDRE DE MELO,PSL,Vereador,116,2020
0379,17018,DANIEL BOLSONARO VAZ,PSL,Vereador,1,2020
0379,17022,GILDO DONIZETI DE SOUZA,PSL,Vereador,14,2020
0379,17027,MARCIA REGINA DE LIMA,PSL,Vereador,31,2020
0379,17077,ANTONIO CARLOS DE OLIVEIRA,PSL,Vereador,27,2020
0379,17100,GERALDO GABRIEL GAVA,PSL,Vereador,142,2020
0379,17107,RICARDO HENRIQUE CORREA,PSL,Vereador,13,2020
0379,17117,CLEMENTE JOSE CAPUCHINHO,PSL,Vereador,130,2020
0379,17123,SEBASTIÃO PEREIRA DOS SANTOS,PSL,Vereador,131,2020
0379,17125,MARIA JOSE DE SOUZA PEREIRA,PSL,Vereador,11,2020
0379,17150,LAVINIA PRADO DOS SANTOS,PSL,Vereador,6,2020
0379,17158,SHIRLENE MERCES DOS SANTOS,PSL,Vereador,4,2020
0379,17177,LUIZ ANTONIO DA CONCEIÇÃO PAP,PSL,Vereador,20,2020
0379,17181,ALEXANDRE FELIX SIGRIST,PSL,Vereador,43,2020
0379,17200,EDISON RIBEIRO,PSL,Vereador,2864,2020
0379,17202,ERIKA ALMEIDA DA SILVA,PSL,Vereador,4,2020
0379,17213,VALDIR APARECIDO MERIN,PSL,Vereador,57,2020
0379,17222,JORGE PANSANI DE FRANÇA,PSL,Vereador,37,2020
0379,17300,ROSENILDO FRANÇA DE SOUSA,PSL,Vereador,13,2020
0379,17325,SAMYA DANIELLE MARTINS MEYER,PSL,Vereador,40,2020
0379,17332,SILVAN PEREIRA GOMES,PSL,Vereador,105,2020
0379,17333,ROSA FERREIRA DA SILVA,PSL,Vereador,64,2020
0379,17345,EDENILSON FERREIRA DOS SANTOS,PSL,Vereador,1,2020
0379,17400,RAFAEL CARLOS BRAGA SOTTRATI,PSL,Vereador,9,2020
0379,17412,JOSE REIS GABRIEL,PSL,Vereador,16,2020
0379,17444,LUCIANA FRANÇA,PSL,Vereador,5,2020
0379,17456,IRDIVAL APARECIDO FREZZATO,PSL,Vereador,62,2020
0379,17489,BRUNA REGINA DA ROCHA BAZOTTE,PSL,Vereador,14,2020
0379,17490,MARCIA MENDES LIMA DA SILVA,PSL,Vereador,11,2020
0379,17500,ORLEANS DE SA ALENCAR,PSL,Vereador,91,2020
0379,17555,CARLOS RUBEM BARRETTO XAVIER,PSL,Vereador,24,2020
0379,17576,DIANE BUENO QUERINO,PSL,Vereador,14,2020
0379,17577,VLAMIR FRANCISCO VIANA,PSL,Vereador,18,2020
0379,17580,IZAÍAS VICENTE EUZÉBIO,PSL,Vereador,24,2020
0379,17600,DORMELA LUIZA JUNQUEIRA DELGADO,PSL,Vereador,51,2020
0379,17620,PEDRO ALVES MARTINS,PSL,Vereador,24,2020
0379,17700,CLAUDIO ROBERTO NAVA,PSL,Vereador,47,2020
0379,17716,DIVINO SEBASTIÃO DA SILVA,PSL,Vereador,17,2020
0379,17717,ANTONIO VILSON DOS SANTOS,PSL,Vereador,8,2020
0379,17775,BENEDITO SIVIRINO RODRIGUES DO NASCIMENTO,PSL,Vereador,28,2020
0379,17777,SILVIO ROBERTO LIMA,PSL,Vereador,24,2020
0379,17789,MIZAEL IZIDORO BELLO GONÇALVES SILVA,PSL,Vereador,8,2020
0379,17800,JEZIEL SEVERINO DA SILVA,PSL,Vereador,403,2020
0379,17888,LUIZ CARLOS MOLINA,PSL,Vereador,14,2020
0379,17999,RENATA CRISTINA DA SILVA MOURA,PSL,Vereador,8,2020
0379,19007,GUSTAVO GONÇALVES,PODE,Vereador,2,2020
0379,19009,EDUARDO JORGE VELAZCO,PODE,Vereador,1,2020
0379,19017,FERNANDO LUIS COUTINHO NEVES,PODE,Vereador,60,2020
0379,19019,CLAYTON BUENO MENDES,PODE,Vereador,24,2020
0379,19020,SIDNEI JOSE LOPES,PODE,Vereador,9,2020
0379,19022,SONIA APARECIDA DA SILVA,PODE,Vereador,21,2020
0379,19055,ELISEU DE LIMA LÚCIO,PODE,Vereador,3,2020
0379,19069,SÔNIA MORELLI JUSTI,PODE,Vereador,20,2020
0379,19089,CREUZA RODRIGUES REAL DE OLIVEIRA,PODE,Vereador,27,2020
0379,19099,JOÃO OLIMPIO SANTANA FERREIRA,PODE,Vereador,36,2020
0379,19100,JOSÉ CARLOS DE MOURA,PODE,Vereador,22,2020
0379,19111,ADRIANA MARESTONI SPADONI,PODE,Vereador,42,2020
0379,19123,VONE DA SILVA MARQUES,PODE,Vereador,4,2020
0379,19190,RAQUEL APARECIDA DIAS,PODE,Vereador,0,2020
0379,19194,GIULIANE CAROLINE DE OLIVEIRA MARTINELLI,PODE,Vereador,3,2020
0379,19200,PAULINO DE CAMPOS,PODE,Vereador,62,2020
0379,19222,CLEUDES APARECIDA AMANCIO DA ROCHA,PODE,Vereador,1,2020
0379,19251,JÚLIO CÉSAR DE MORAIS,PODE,Vereador,13,2020
0379,19299,PAULO SERGIO RODRIGUES DA SILVA,PODE,Vereador,14,2020
0379,19300,PATRÍCIA APARECIDA BERALDO,PODE,Vereador,0,2020
0379,19321,CYNTHIA MOZER NAKAMURA,PODE,Vereador,23,2020
0379,19333,SOLANGE REGINA ALARCON TEIXEIRA,PODE,Vereador,12,2020
0379,19377,HELOISA HELENA SANT ANNA SILVEIRA,PODE,Vereador,4,2020
0379,19388,SONIA APARECIDA MARIANO,PODE,Vereador,33,2020
0379,19390,FRANCISCO CARLOS DE OLIVEIRA,PODE,Vereador,3,2020
0379,19422,ARMANDO LOPES,PODE,Vereador,64,2020
0379,19444,GISLAINE MORAES GUSMÃO DE BRITO,PODE,Vereador,118,2020
0379,19456,LUZIA DE SALES,PODE,Vereador,0,2020
0379,19466,SEBASTIÃO ROQUE RODRIGUES,PODE,Vereador,9,2020
0379,19470,MANOEL VICENTE MACHADO JUNIOR,PODE,Vereador,17,2020
0379,19555,EDUARDO DOS REIS MAGOGA,PODE,Vereador,304,2020
0379,19567,ROBERTO CARLOS GAMALIER DOS SANTOS,PODE,Vereador,14,2020
0379,19620,MIGUEL ARCANJO MONTEIRO VICENTE,PODE,Vereador,97,2020
0379,19700,ALEXSANDER LEAL DE OLIVEIRA,PODE,Vereador,75,2020
0379,19777,ARADIANE CRISTINA VICENTE RODRIGUES CHRISPIM,PODE,Vereador,45,2020
0379,19788,ARLEY PEREIRA DA SILVA,PODE,Vereador,6,2020
0379,19789,SILAS GOMES DA SILVA,PODE,Vereador,12,2020
0379,19877,NEY HAMILTON DE OLIVEIRA,PODE,Vereador,8,2020
0379,19880,MARIA RITA DE CASSIA LIVATO,PODE,Vereador,14,2020
0379,19882,ADENILSON ANTONIO PIMENTA VIEIRA,PODE,Vereador,13,2020
0379,19888,JOSE LUIS MONTEIRO,PODE,Vereador,40,2020
0379,19900,ADRIANO JARILHO DE ABREU,PODE,Vereador,16,2020
0379,19911,CARINA FERNANDA SMIRELLI,PODE,Vereador,7,2020
0379,19963,NUNO PAULO MENDONÇA FIGUEIRA,PODE,Vereador,2,2020
0379,19977,SIDIVAL CARLOS DA SILVA,PODE,Vereador,15,2020
0379,19987,APARECIDO FRANCISCO BARBINO,PODE,Vereador,78,2020
0379,19990,RONALDO DE SOUZA,PODE,Vereador,0,2020
0379,19999,RUBENS BRASILINO ROCHA,PODE,Vereador,223,2020
0379,20000,DEBORA DE ANDRADE PALERMO,PSC,Vereador,122,2020
0379,20002,MARIA EUNICE RODRIGUES,PSC,Vereador,7,2020
0379,20008,MARCOS ANTONIO GONÇALVES,PSC,Vereador,16,2020
0379,20010,JOSÉ JORGE ESCOTÃO,PSC,Vereador,2,2020
0379,20013,CARLOS CRISTOVAM PASTORE,PSC,Vereador,4,2020
0379,20020,CARLOS EDUARDO CRUZ,PSC,Vereador,119,2020
0379,20022,MILCA DOS SANTOS DUARTE,PSC,Vereador,21,2020
0379,20054,APARECIDA CELESTE LOPES,PSC,Vereador,1,2020
0379,20077,CLAUDETE MARTINS SANTOS DE ANDRADE,PSC,Vereador,60,2020
0379,20078,CARLOS EDUARDO ZANCHETA,PSC,Vereador,59,2020
0379,20110,MARIA JOSÉ CÂNDIDO,PSC,Vereador,11,2020
0379,20113,FRANCISCO DE ASSIS  MARTINS DE ALMEIDA,PSC,Vereador,22,2020
0379,20120,CLAUDINEY ALONSO,PSC,Vereador,300,2020
0379,20121,CLAUDIONOR RODRIGUES PORTO,PSC,Vereador,4,2020
0379,20123,MAURICELE DA SILVA LOPES,PSC,Vereador,1059,2020
0379,20133,MARISA MARTINS DE OLIVEIRA,PSC,Vereador,18,2020
0379,20153,ALEXANDRE MORAES DE ALVARENGA RANGEL,PSC,Vereador,138,2020
0379,20164,JORGE FELIX HYMALAIA,PSC,Vereador,26,2020
0379,20200,MARCOS FERNANDO GUILLEN,PSC,Vereador,161,2020
0379,20210,ALTAZIDE RODRIGUES DA FONSECA FILHO,PSC,Vereador,18,2020
0379,20220,CARMO LUIZ GREGÓRIO DA SILVA,PSC,Vereador,69,2020
0379,20222,SEBASTIÃO CARLOS TORRES,PSC,Vereador,18,2020
0379,20223,MICHELLA SILVA LOPES,PSC,Vereador,0,2020
0379,20224,REGINALDO DOS SANTOS NUNES,PSC,Vereador,343,2020
0379,20234,MARIA DE LOURDES PEREIRA DA SILVA,PSC,Vereador,32,2020
0379,20240,SILVIA BATISTA DOS SANTOS,PSC,Vereador,19,2020
0379,20300,VALDIR FERREIRA,PSC,Vereador,102,2020
0379,20310,SERGIO MELLO MEDEIROS,PSC,Vereador,13,2020
0379,20320,CLAUDIO JOSÉ BERNARDES,PSC,Vereador,1300,2020
0379,20322,ALVIMAR LEITE DOS SANTOS,PSC,Vereador,7,2020
0379,20333,JOSÉ DOMINGOS DA SILVA SANTOS,PSC,Vereador,22,2020
0379,20345,ISAC MONEGO,PSC,Vereador,146,2020
0379,20360,IARA APARECIDA RODRIGUES DOS SANTOS,PSC,Vereador,9,2020
0379,20444,NELSON JOSÉ PACHECO,PSC,Vereador,14,2020
0379,20456,FABIO CAMILO DE ALMEIDA,PSC,Vereador,160,2020
0379,20500,JOSÉ CARLOS FURIOSO,PSC,Vereador,228,2020
0379,20520,JOSÉ GERALDO DAMASCENO,PSC,Vereador,13,2020
0379,20555,ROGÉRIO RODRIGUES DE CASTRO,PSC,Vereador,30,2020
0379,20620,GILBERTO LEÃO DE ARAUJO,PSC,Vereador,131,2020
0379,20622,MAIRA ANNE PEREIRA GNATOS,PSC,Vereador,3,2020
0379,20638,ANA PAULA DA SILVA MORAES,PSC,Vereador,18,2020
0379,20666,PAULO CESAR COELHO ROCHA,PSC,Vereador,110,2020
0379,20700,ELCIO BATISTA,PSC,Vereador,84,2020
0379,20720,ALLINE DE OLIVEIRA SANTANA,PSC,Vereador,11,2020
0379,20777,MARCOS EDUARDO MARIANO,PSC,Vereador,56,2020
0379,20789,VALDIRLEI MARTINGHI,PSC,Vereador,66,2020
0379,20820,PEDRO HENRIQUE GONSALES DE OLIVEIRA,PSC,Vereador,0,2020
0379,20888,MANOEL NEVES DOS SANTOS,PSC,Vereador,89,2020
0379,20920,ELIETE APARECIDA FANTIN,PSC,Vereador,2,2020
0379,20999,JORGE LUIZ DO ROSÁRIO,PSC,Vereador,44,2020
0379,22000,ALBERTO ALVES DA FONSECA,PL,Vereador,970,2020
0379,22006,ALDO ALVES JUNIOR,PL,Vereador,14,2020
0379,22007,MIRIAM DIAS DA MACENO TERATO,PL,Vereador,31,2020
0379,22010,ROGERIO FIGUEREDO SANTANA,PL,Vereador,34,2020
0379,22019,FELIPE PEREIRA DE CAMPOS VERGUEIRO,PL,Vereador,83,2020
0379,22020,LENILDO FRANCISCO DA SILVA,PL,Vereador,3,2020
0379,22022,IVAN RICARDO LEITE NEVES,PL,Vereador,52,2020
0379,22038,TULIO AUGUSTO MARTINS SIQUEIRA,PL,Vereador,72,2020
0379,22072,LEONDAS DE JESUS PEREIRA,PL,Vereador,124,2020
0379,22100,LEONARDO ROCHA DÓRO,PL,Vereador,43,2020
0379,22111,CAROLINA LOURENÇO DEFILIPPI GONÇALVES,PL,Vereador,143,2020
0379,22112,EGLÊ SILVA PEREIRA NASCIMENTO,PL,Vereador,30,2020
0379,22120,PAULO ROBERTO MARTINS,PL,Vereador,45,2020
0379,22122,DAIANE PATRICIA DE BARROS BEZERRA,PL,Vereador,37,2020
0379,22123,JORGE ROBERTO SCHENEIDER,PL,Vereador,490,2020
0379,22125,FRANCISCO RALPH NASCIMENTO VARONI,PL,Vereador,29,2020
0379,22139,ROSANA DE SOUZA NUNES LACERDA,PL,Vereador,7,2020
0379,22200,WESLEY ALVARO MONTEIRO AGUIAR,PL,Vereador,115,2020
0379,22211,RAIMUNDO ELIEL NUNES DE LIMA,PL,Vereador,14,2020
0379,22212,DANIEL DOS SANTOS,PL,Vereador,29,2020
0379,22222,PAULO SERGIO GALTÉRIO,PL,Vereador,741,2020
0379,22223,HELIET TELMIS FERRARI,PL,Vereador,52,2020
0379,22243,ABRAÃO STREY,PL,Vereador,214,2020
0379,22300,JORGE VEIGA JUNIOR,PL,Vereador,205,2020
0379,22321,GILBERT JOSE DE MELLO,PL,Vereador,48,2020
0379,22322,TIAGO ESPINDOLA BATISTA,PL,Vereador,13,2020
0379,22333,THELMA ELAINE BRASILEIRO ROBERTI,PL,Vereador,170,2020
0379,22345,SILVIA MARLENE DA GRAÇA SILVA,PL,Vereador,6,2020
0379,22369,FERNANDA APARECIDA FIDELIS DE SOUZA,PL,Vereador,10,2020
0379,22400,ISMAILDA GOMES CAVALCANTE,PL,Vereador,8,2020
0379,22422,IRINEU SENTURIÃO,PL,Vereador,55,2020
0379,22456,FÁBIO LUIS DE LIMA,PL,Vereador,238,2020
0379,22500,MOISES MARQUES DE ABREU,PL,Vereador,257,2020
0379,22522,MARIA DE LOURDES DOS ANJOS,PL,Vereador,10,2020
0379,22552,ILZA MACENA DOS SANTOS SERRANO,PL,Vereador,94,2020
0379,22555,HUMBERTO FERNANDO RODRIGUES,PL,Vereador,17,2020
0379,22567,OTTO ALEJANDRO RIGAZZO ETTINGER,PL,Vereador,443,2020
0379,22580,CRISTIANO FORIGATO,PL,Vereador,88,2020
0379,22615,JOSE CARLOS DA SILVA CHAVES,PL,Vereador,47,2020
0379,22622,EDEVALDO DE MELO,PL,Vereador,201,2020
0379,22700,PAULA DA SILVA RAMOS,PL,Vereador,122,2020
0379,22722,SANDRO TEIXEIRA BATISTA,PL,Vereador,139,2020
0379,22766,MARCELO LEANDRO PEREIRA DOS SANTOS,PL,Vereador,5,2020
0379,22777,VALMIR APARECIDO MARÇAL,PL,Vereador,12,2020
0379,22789,JUSCELINO DE SOUZA MARTINS,PL,Vereador,176,2020
0379,22800,ANA CAROLINA LOPES CALUSNI,PL,Vereador,77,2020
0379,22840,ROSANGELA APARECIDA RIBEIRO,PL,Vereador,4,2020
0379,22888,SANDRO ORLANDO RAFFA,PL,Vereador,53,2020
0379,22889,ELISÂNGELA KELI DELARICA MACHADO DE FARIA,PL,Vereador,84,2020
0379,22999,GASPARINO RAIMUNDO DA SILVA,PL,Vereador,428,2020
0379,23000,NADINA APARECIDA FERNANDES DOS SANTOS,CIDADANIA,Vereador,23,2020
0379,23001,LUCIANO TADEU DE PAULA PAJOLA,CIDADANIA,Vereador,60,2020
0379,23005,GERALDO JOSE NOGUEIRA,CIDADANIA,Vereador,15,2020
0379,23007,AMANDA SYLVAN NEVES,CIDADANIA,Vereador,17,2020
0379,23010,LUCIANA APARECIDA CARDOSO,CIDADANIA,Vereador,7,2020
0379,23011,ELIAS RODRIGUES BASTOS,CIDADANIA,Vereador,39,2020
0379,23013,LUIZ GUILHERME WEISS FRANCO DE CAMPOS,CIDADANIA,Vereador,46,2020
0379,23014,CELSO ADRIANO DO NASCIMENTO,CIDADANIA,Vereador,0,2020
0379,23019,ELTON RODRIGUES DOS SANTOS,CIDADANIA,Vereador,10,2020
0379,23020,SIDNEI ALVES ROCHA,CIDADANIA,Vereador,7,2020
0379,23023,MIKAIL CARDOSO SOARES,CIDADANIA,Vereador,26,2020
0379,23026,MARJORIE DA COSTA HENRIQUE RODRIGUES,CIDADANIA,Vereador,108,2020
0379,23040,LEIDIANE SERAFIM MELO,CIDADANIA,Vereador,18,2020
0379,23044,ANITA MARIA DE FARIA,CIDADANIA,Vereador,11,2020
0379,23051,MANOEL CORREIA NETO,CIDADANIA,Vereador,2,2020
0379,23058,JOSE LIMA DA CRUZ,CIDADANIA,Vereador,1,2020
0379,23108,DAIANY FERREIRA OLIVEIRA,CIDADANIA,Vereador,11,2020
0379,23111,JORGE PANUTO DE OLIVEIRA,CIDADANIA,Vereador,19,2020
0379,23123,PAULO CESAR HADDAD,CIDADANIA,Vereador,262,2020
0379,23188,ANDERSON PEDRO,CIDADANIA,Vereador,65,2020
0379,23222,MARCIO OLIVEIRA SANTOS,CIDADANIA,Vereador,45,2020
0379,23230,LUIS CARLOS SANTOS,CIDADANIA,Vereador,29,2020
0379,23232,VILSON VINICIUS NASCIMENTO DA SILVA,CIDADANIA,Vereador,84,2020
0379,23234,JOSELITA RODRIGUES NUNES,CIDADANIA,Vereador,3,2020
0379,23238,LI LI MIN,CIDADANIA,Vereador,58,2020
0379,23257,DIOGO PASCHOAL STENICO,CIDADANIA,Vereador,8,2020
0379,23270,BEATRIZ DA SILVA LIMA,CIDADANIA,Vereador,37,2020
0379,23321,MARCIA APARECIDA RODRIGUES,CIDADANIA,Vereador,7,2020
0379,23323,RAFAEL FERREIRA OUTEIRO,CIDADANIA,Vereador,23,2020
0379,23333,GUILHERME AUGUSTO ANTONIOLI,CIDADANIA,Vereador,7,2020
0379,23345,WILLIAM GONÇALVEZ MARTINS,CIDADANIA,Vereador,16,2020
0379,23444,MARCOS EUNER BENUTTO,CIDADANIA,Vereador,12,2020
0379,23456,HENRI MAEDA,CIDADANIA,Vereador,247,2020
0379,23500,ROSA CASTELO,CIDADANIA,Vereador,172,2020
0379,23555,FRANCISCO ANTONIO DA SILVA,CIDADANIA,Vereador,37,2020
0379,23678,SERGIO RICARDO DE MORAIS,CIDADANIA,Vereador,30,2020
0379,23698,RILDO CARLOS PRAZERES DOS SANTOS,CIDADANIA,Vereador,322,2020
0379,23700,JOSE DE MORAIS NETO,CIDADANIA,Vereador,25,2020
0379,23723,ROSEMEIRE MARQUES VIRGINELLO,CIDADANIA,Vereador,13,2020
0379,23786,LENICE DA SILVA SANTOS,CIDADANIA,Vereador,1,2020
0379,23789,ELIAS ALVES DOS SANTOS,CIDADANIA,Vereador,145,2020
0379,23888,JOSE ALBERTO FERREIRA DE LIMA,CIDADANIA,Vereador,1,2020
0379,23923,ANA STELA ALVES DE LIMA,CIDADANIA,Vereador,140,2020
0379,25000,RODRIGO LUIS DE BARROS ALMEIDA,DEM,Vereador,359,2020
0379,25003,ANDREY DA SILVA CARVALHO,DEM,Vereador,33,2020
0379,25005,THIAGO RIBEIRO BRANDÃO,DEM,Vereador,3,2020
0379,25007,LEONARDO RUELA SANTANA,DEM,Vereador,158,2020
0379,25012,JOSELINDA PEREIRA BARBOSA,DEM,Vereador,4,2020
0379,25021,SANDRA REGINA ALVES,DEM,Vereador,3,2020
0379,25025,APARECIDO GOMES CORREIA,DEM,Vereador,125,2020
0379,25030,ITAMAR MARTINS CAMPOY,DEM,Vereador,478,2020
0379,25031,CLAUDEMIR DOMINGOS,DEM,Vereador,221,2020
0379,25049,ELAINE CRISTINA GARCIA RAMOS DE SOUSA,DEM,Vereador,22,2020
0379,25050,JOEL VALENCIO DE SOUZA,DEM,Vereador,5,2020
0379,25065,FRANCISCO DAS CHAGAS VIDAL FERREIRA,DEM,Vereador,96,2020
0379,25077,MARIA JOSÉ GALVÃO DE LIMA,DEM,Vereador,106,2020
0379,25100,BRUNA CAROLINE ROSA,DEM,Vereador,86,2020
0379,25110,AMANDO RIBEIRO DOS SANTOS JUNIOR,DEM,Vereador,51,2020
0379,25111,JOSÉ FRANCISCO DA SILVA,DEM,Vereador,19,2020
0379,25123,WANDERLEY LUIZ SARTORI,DEM,Vereador,221,2020
0379,25125,JOEL CARLOS DORNELAS,DEM,Vereador,27,2020
0379,25135,MARCELLO LEONARDI BEZERRA,DEM,Vereador,9,2020
0379,25155,FERNANDO SCALET ARAUJO,DEM,Vereador,7,2020
0379,25190,VLADIMIR RIBEIRO,DEM,Vereador,37,2020
0379,25200,MARCELINO FELISBERTO DA COSTA,DEM,Vereador,61,2020
0379,25222,MAURA ELIZABETH CRUZ,DEM,Vereador,41,2020
0379,25333,EMERSON VETACA,DEM,Vereador,31,2020
0379,25369,JULIANA DOS SANTOS RIBEIRO,DEM,Vereador,29,2020
0379,25400,FERNANDO CARVALHO ZAMITH,DEM,Vereador,8,2020
0379,25444,GENNE ALBINO PINTO,DEM,Vereador,9,2020
0379,25500,RUBENS SOARES DO NASCIMENTO,DEM,Vereador,83,2020
0379,25530,JOSE AUGUSTO MENEZES DA SILVA,DEM,Vereador,15,2020
0379,25555,SARA EVANGELISTA SARDINHA,DEM,Vereador,80,2020
0379,25600,LUCIANA AUGUSTA DOS SANTOS CARVALHO PINHO,DEM,Vereador,265,2020
0379,25625,MARTA DE JESUS NICOLAU ROCHA,DEM,Vereador,82,2020
0379,25678,LUIZ HENRIQUE DA SILVA,DEM,Vereador,14,2020
0379,25695,PAULO HENRIQUE DA SILVA,DEM,Vereador,2,2020
0379,25703,CLAUDIO CALDAS,DEM,Vereador,9,2020
0379,25777,JORGE RICARDO TEIXEIRA CEZARIO,DEM,Vereador,81,2020
0379,25789,WILSON SENIGALIA,DEM,Vereador,17,2020
0379,25800,ELZA DONIZETE DA SILVA,DEM,Vereador,2,2020
0379,25877,ANTONIA JAIARA ALVES CARDOZO,DEM,Vereador,38,2020
0379,25905,HILDEBRANDO ALVES DE OLIVEIRA,DEM,Vereador,128,2020
0379,25925,ANGELA MARTA DE BRITO,DEM,Vereador,11,2020
0379,25933,IZABEL SILVA SOUZA,DEM,Vereador,18,2020
0379,25999,MARCONE JOSÉ DE LIMA,DEM,Vereador,106,2020
0379,28000,JOSE AFONSO DA COSTA BITTENCOURT,PRTB,Vereador,33,2020
0379,28001,MARCELO TEIXEIRA BARBOSA,PRTB,Vereador,6,2020
0379,28008,JOÃO BATISTA PEDROSO,PRTB,Vereador,19,2020
0379,28010,BEATRIZ HELENA DIAS CRESPI,PRTB,Vereador,3,2020
0379,28020,JOSE GERALDO CRUZ COSTA,PRTB,Vereador,6,2020
0379,28028,CARLOS ALBERTO BERTOLDO,PRTB,Vereador,41,2020
0379,28086,JEICY KELLY DE OLIVEIRA,PRTB,Vereador,6,2020
0379,28128,ANGELA ISABEL RODRIGUES,PRTB,Vereador,7,2020
0379,28148,FRANCISCO CORDEIRO,PRTB,Vereador,22,2020
0379,28295,TANIA CORREIA GOMES DE FIGUEIREDO,PRTB,Vereador,3,2020
0379,28333,MOACIR JOSE SCACCHETTI,PRTB,Vereador,26,2020
0379,28383,ISAMAR APARECIDA SILVA MIGLIARI,PRTB,Vereador,3,2020
0379,28456,ANTONIO MOSCATELLI,PRTB,Vereador,15,2020
0379,28762,CLAUDIO KOVACSICS,PRTB,Vereador,33,2020
0379,28777,JOSE CIRO ROJAS QUISPE,PRTB,Vereador,6,2020
0379,28789,OSVALDO BORTOLETO,PRTB,Vereador,32,2020
0379,28800,TALITA RIBEIRO ALVES,PRTB,Vereador,19,2020
0379,28888,JOSE RENATO PIRES,PRTB,Vereador,17,2020
0379,30000,ANDRE ROBERTO FREITAS FERREIRA PINTO,NOVO,Vereador,60,2020
0379,30003,ALCIDES SOARES FILHO,NOVO,Vereador,8,2020
0379,30007,MARCÉLIO ANDRADE LEÃO,NOVO,Vereador,135,2020
0379,30032,JUSSARA CRISTINA DA SILVA,NOVO,Vereador,13,2020
0379,30083,CARLOS DANIEL CORADI,NOVO,Vereador,8,2020
0379,30100,ADELSON FONSECA BEZERRA,NOVO,Vereador,80,2020
0379,30123,MARNE DA SILVA CAMPOS,NOVO,Vereador,41,2020
0379,30153,MIRIAM MARIA ANTUNES DE SOUZA,NOVO,Vereador,44,2020
0379,30222,MARCIA ANTONIA CIA RIBEIRO SANTOS,NOVO,Vereador,63,2020
0379,30300,SANDRA HELENA FERNANDES,NOVO,Vereador,32,2020
0379,30333,FRANCISCO ASSIS DA CONCEIÇÃO,NOVO,Vereador,63,2020
0379,30500,MARIA CRISTINA DE OLIVEIRA,NOVO,Vereador,214,2020
0379,30730,CÁSSIO HERVELLA,NOVO,Vereador,33,2020
0379,30777,JONATHAS DE SIQUEIRA FERREIRA,NOVO,Vereador,564,2020
0379,30900,DANIEL BISCOLA PEREIRA,NOVO,Vereador,148,2020
0379,30999,PAULO SÉRGIO BARCELLOS GASPAR,NOVO,Vereador,204,2020
0379,33000,LOURIVAL RODRIGUES DA SILVA,PMN,Vereador,5,2020
0379,33007,MARINA DE JESUS TERRA,PMN,Vereador,1,2020
0379,33022,LEANDRO DE OLIVEIRA SILVA,PMN,Vereador,38,2020
0379,33096,BRENDA DA SILVA FERREIRA,PMN,Vereador,0,2020
0379,33102,PEDRO PRUDENTE DE MORAIS NETO,PMN,Vereador,1,2020
0379,33123,LILIANE HELENA AGUIAR DE OLIVEIRA,PMN,Vereador,0,2020
0379,33170,RAIMUNDO FERREIRA DE SOUZA,PMN,Vereador,16,2020
0379,33222,SERGIO RICARDO CACCIACARRO,PMN,Vereador,0,2020
0379,33333,TARYK AL JAMAHIRIYA AGIO,PMN,Vereador,2,2020
0379,33727,LUIZ HENRIQUE LANA RODRIGUES,PMN,Vereador,2,2020
0379,33777,GILBERTO GONÇALVES,PMN,Vereador,8,2020
0379,40000,LUIS MOKITI YABIKU,PSB,Vereador,287,2020
0379,40001,ANDERSON DELBUE GIANETTI,PSB,Vereador,32,2020
0379,40006,ROSA PAULA SELHI,PSB,Vereador,77,2020
0379,40007,ANA ROSA PASCOAL REIS RODRIGUES DOS SANTOS,PSB,Vereador,17,2020
0379,40008,GABRIELY DE OLIVEIRA,PSB,Vereador,14,2020
0379,40011,DELLY RIDAN ABELINI E SCUCUGLIA DE MEDEIROS SOUTO,PSB,Vereador,12,2020
0379,40012,JURACY PEREIRA COUTINHO JUNIOR,PSB,Vereador,68,2020
0379,40013,JAIRSON VALERIO DOS ANJOS,PSB,Vereador,220,2020
0379,40019,ALEXANDRE SPENCER RAMPAZO VASCONCELLOS,PSB,Vereador,50,2020
0379,40021,WELLINGTON LUCIANO DE SYLLOS,PSB,Vereador,17,2020
0379,40024,DONIZETE DA COSTA AMARAL,PSB,Vereador,14,2020
0379,40040,ADILSON DE SOUZA ROCHA,PSB,Vereador,111,2020
0379,40075,OSMAIR DONIZETE PEREIRA,PSB,Vereador,19,2020
0379,40100,JOSE BATISTA DE CARVALHO FILHO,PSB,Vereador,92,2020
0379,40110,ARMINDO LIMA DE ALMEIDA,PSB,Vereador,68,2020
0379,40111,AIRTON FEITOSA DOS SANTOS,PSB,Vereador,7,2020
0379,40112,FILIPE BATISTA MARCHESI,PSB,Vereador,677,2020
0379,40123,GILBERTO CARLOS CARDOSO,PSB,Vereador,966,2020
0379,40140,CAROLINA NOGUEIRA BOSCOLO,PSB,Vereador,50,2020
0379,40150,SERGIO LUIS DOS SANTOS,PSB,Vereador,99,2020
0379,40159,DEBORA MARINO DAS NEVES,PSB,Vereador,8,2020
0379,40180,ANA CAROLINA SANCHES,PSB,Vereador,2,2020
0379,40200,PAULO DE ELISEU GIROTO,PSB,Vereador,41,2020
0379,40203,ROGERIO DE OLIVEIRA LINS,PSB,Vereador,14,2020
0379,40204,DANIEL DE BRITO BERNABÉ,PSB,Vereador,106,2020
0379,40220,DOUGLAS MENEZES,PSB,Vereador,48,2020
0379,40222,ELIAS HERNANE AZEVEDO,PSB,Vereador,332,2020
0379,40234,FRANCIELI CRISTINA BOCHNIE,PSB,Vereador,7,2020
0379,40333,LARA SOFIA FRIGERI,PSB,Vereador,55,2020
0379,40345,CLAUDINEI ALMEIDA,PSB,Vereador,292,2020
0379,40388,ALEXANDRE ALASMAR JUNIOR,PSB,Vereador,4,2020
0379,40400,IVONE CRESCENCIO DA SILVA MENDONÇA,PSB,Vereador,224,2020
0379,40422,DEUCI FATIMA SOARES,PSB,Vereador,69,2020
0379,40424,ADRIANA CRISTINA LEITE SILVA,PSB,Vereador,11,2020
0379,40444,CÉLIA ROBERTO,PSB,Vereador,9,2020
0379,40456,PERMINIO MONTEIRO DA SILVA,PSB,Vereador,286,2020
0379,40500,JOÃO JOTA SILVA,PSB,Vereador,141,2020
0379,40513,NEUSA SILVA,PSB,Vereador,3,2020
0379,40555,LUIZ FERNANDO MARIANO MATEUS,PSB,Vereador,123,2020
0379,40580,JOSE CARLOS DOS SANTOS,PSB,Vereador,578,2020
0379,40677,CID FERREIRA DE SOUZA,PSB,Vereador,326,2020
0379,40678,JOSÉ CARLOS SILVA,PSB,Vereador,396,2020
0379,40777,ANDRÉ JORGE MARUJO,PSB,Vereador,278,2020
0379,40789,JOAO RINALDO MACHADO,PSB,Vereador,9,2020
0379,40888,AILTON FERNANDES SARMENTO,PSB,Vereador,104,2020
0379,40900,JOSE HONORATO DOS SANTOS,PSB,Vereador,94,2020
0379,40971,JEFERSON AMARANTE,PSB,Vereador,32,2020
0379,40999,GILBERTO MANOEL DE ALMEIDA,PSB,Vereador,144,2020
0379,43000,VAGNER DOS SANTOS BELLINI,PV,Vereador,64,2020
0379,43001,GILMAR DE MELO COSTA,PV,Vereador,15,2020
0379,43003,GABRIEL PIRES DO VALLE RIBEIRO,PV,Vereador,0,2020
0379,43006,ELAINE CRISTINA DA SILVA POGGETTI,PV,Vereador,0,2020
0379,43007,SILVIA HELENA SENISE FURIO VENTURI,PV,Vereador,12,2020
0379,43010,ANGELA CRISTINA MIRANDA,PV,Vereador,6,2020
0379,43011,JOSÉ TAVARES DA ROCHA,PV,Vereador,129,2020
0379,43013,ROSEMEIRE BENTO DE SOUSA,PV,Vereador,35,2020
0379,43020,JORGE FERREIRA PORTO,PV,Vereador,7,2020
0379,43033,SEBASTIÃO TEIXEIRA DE CARVALHO,PV,Vereador,13,2020
0379,43034,KATTYA CRISTINA GAIOTTO,PV,Vereador,30,2020
0379,43043,SILVIA SANTOMI MIYAMOTO,PV,Vereador,17,2020
0379,43050,CARLOS ALVES FEITOSA,PV,Vereador,24,2020
0379,43084,ADRIANO HENRIQUE HERMINI,PV,Vereador,2,2020
0379,43100,ROBINSON WILSON FELIPE,PV,Vereador,16,2020
0379,43103,LENIR MAGALHÃES BOLDRIN,PV,Vereador,2,2020
0379,43111,FRANCISCO SILVA DE MACEDO,PV,Vereador,14,2020
0379,43123,LUIZ CARLOS ROSSINI,PV,Vereador,361,2020
0379,43190,CARLOS ROBERTO DOS SANTOS,PV,Vereador,492,2020
0379,43192,CIRLENE DOS SANTOS,PV,Vereador,67,2020
0379,43200,ADRIANO DE JESUS MENDES,PV,Vereador,5,2020
0379,43210,ROGERS FUSSI AVEIRO,PV,Vereador,21,2020
0379,43221,MAIZA LISBOA,PV,Vereador,5,2020
0379,43229,FABIANA APARECIDA SILVEIRA CAMARGO,PV,Vereador,0,2020
0379,43233,CRISTIANE MENDES DE OLIVERA,PV,Vereador,60,2020
0379,43300,CARLOS EDUARDO DEPIERI,PV,Vereador,125,2020
0379,43321,CARLOS EDUARDO TREVISOLLI DA SILVA,PV,Vereador,33,2020
0379,43333,GIVALDO FERREIRA DE LIMA,PV,Vereador,34,2020
0379,43346,MAURO ACIR CRIPPA JUNIOR,PV,Vereador,15,2020
0379,43430,CARLOS ROBERTO ALVIM,PV,Vereador,140,2020
0379,43433,ZIARA CRISTINA ROQUE,PV,Vereador,1,2020
0379,43444,ANTONIO FRANCISCO NASCIMENTO,PV,Vereador,32,2020
0379,43500,CARLOS CESAR FERREIRA,PV,Vereador,14,2020
0379,43555,LUIZ GUSTAVO MERLO,PV,Vereador,86,2020
0379,43600,IVONE RAMOS DOS SANTOS,PV,Vereador,10,2020
0379,43666,ROSANA LEH DIAS,PV,Vereador,4,2020
0379,43725,GENIVAL CESAR DE MENESES,PV,Vereador,44,2020
0379,43741,MARCELO ANTONIO POLLETO,PV,Vereador,6,2020
0379,43777,DANIELLA AMADA RODRIGUES GOMES DOS SANTOS,PV,Vereador,82,2020
0379,43867,PEDRO DE CAIRO,PV,Vereador,14,2020
0379,43888,JOÃO FERREIRA DE ALMEIDA,PV,Vereador,4,2020
0379,43911,JOÃO RODRIGO NUCCI MARTIN,PV,Vereador,9,2020
0379,43999,RICARDO RÔMULO PAGANELI,PV,Vereador,10,2020
0379,45000,FRANCISCO PAULO CAVALCANTE,PSDB,Vereador,54,2020
0379,45015,STELA MARIS FERREIRA NOGUEIRA,PSDB,Vereador,17,2020
0379,45016,CRISTIANO OLIVEIRA DA SILVA,PSDB,Vereador,5,2020
0379,45022,VALDIR APARECIDO TERRAZAN,PSDB,Vereador,28,2020
0379,45033,JOSÉ CARLOS,PSDB,Vereador,29,2020
0379,45038,CAROLINA BRANCO CLAUDINO GOMES VANCINI,PSDB,Vereador,7,2020
0379,45040,LUCIANO LAURO DA SILVA,PSDB,Vereador,38,2020
0379,45045,THOMAZ ALCANTARA CAVALLARO,PSDB,Vereador,204,2020
0379,45100,ANTONIO LOPES,PSDB,Vereador,3,2020
0379,45123,GUILHERME DAMASCENO FERNANDES,PSDB,Vereador,190,2020
0379,45150,MARIA HELENA VIEIRA,PSDB,Vereador,5,2020
0379,45192,CRISTIANE APARECIDA DE BRITO,PSDB,Vereador,75,2020
0379,45200,ADENILTON FELIPE DOS SANTOS,PSDB,Vereador,365,2020
0379,45216,SELMA MARIA FERREIRA DE SOUZA,PSDB,Vereador,7,2020
0379,45222,JORGE DOS SANTOS MONTANARI,PSDB,Vereador,145,2020
0379,45234,MARCOS JOSÉ BERNARDELLI,PSDB,Vereador,236,2020
0379,45245,SABRINA TAMARA DO COUTO,PSDB,Vereador,87,2020
0379,45275,ANA APARECIDA TRISTÃO BIANCHI,PSDB,Vereador,43,2020
0379,45333,OSMAR BALDIN SIMIONATTO,PSDB,Vereador,9,2020
0379,45387,HELENICE DE FATIMA SOUZA ALMEIDA,PSDB,Vereador,7,2020
0379,45444,CLEONICE REGINA DE CARVALHO,PSDB,Vereador,13,2020
0379,45455,VERA LUZ CAMPOS SERRAZES,PSDB,Vereador,5,2020
0379,45456,DEBORAH LUZIA NASCIMENTO ROSA,PSDB,Vereador,10,2020
0379,45500,WILSON DA SILVA,PSDB,Vereador,121,2020
0379,45518,ANGELO ROBERTO RIBEIRO DA CUNHA JUNIOR,PSDB,Vereador,39,2020
0379,45555,JANAINA CORDEIRO NEVES,PSDB,Vereador,22,2020
0379,45567,ROBERTO AQUIO SASAKI,PSDB,Vereador,67,2020
0379,45580,JOSÉ OSCAR PEREIRA DE SOUZA,PSDB,Vereador,1,2020
0379,45600,DANILO RIDYER PALMA,PSDB,Vereador,127,2020
0379,45645,LEONARDO LORO MARTINS PINTO,PSDB,Vereador,9,2020
0379,45678,LUIZ HENRIQUE CIRILO,PSDB,Vereador,189,2020
0379,45700,VANDERLEI VICENTE DA SILVA,PSDB,Vereador,27,2020
0379,45777,ADILSON PIMENTEL DE ALMEIDA,PSDB,Vereador,64,2020
0379,45888,JOÃO DE FREITAS PATRICIO NETO,PSDB,Vereador,182,2020
0379,45972,ZULMIRA ALVES,PSDB,Vereador,27,2020
0379,45999,MARCELO LUIS MONTANARI,PSDB,Vereador,9,2020
0379,50000,PAULO ROBERTO BUFALO,PSOL,Vereador,347,2020
0379,50001,MARCELA DIAS MOREIRA,PSOL,Vereador,344,2020
0379,50002,AMILTON LUIS FIM LIMA,PSOL,Vereador,11,2020
0379,50005,LUAN MAYNNY SILVA AVELINO,PSOL,Vereador,22,2020
0379,50010,RAUL MARQUES PARDINHO,PSOL,Vereador,14,2020
0379,50050,JOSÉ APARECIDO RODRIGUES DE SOUZA,PSOL,Vereador,38,2020
0379,50100,MARIANA CONTI TAKAHASHI,PSOL,Vereador,1149,2020
0379,50123,ÉLICE NATALIA BOTELHO,PSOL,Vereador,328,2020
0379,50147,JOÃO PEREIRA MARINS,PSOL,Vereador,96,2020
0379,50150,JOSE LITO DA SILVA NASCIMENTO,PSOL,Vereador,128,2020
0379,50180,REBEKA GONÇALVES DIAS,PSOL,Vereador,64,2020
0379,50222,ROBERTO LUIS STEVENSON PRADO,PSOL,Vereador,113,2020
0379,50234,VALDOMIRO DIAS,PSOL,Vereador,1,2020
0379,50255,PAULO SÉRGIO EVANGELISTA DE SOUZA,PSOL,Vereador,18,2020
0379,50300,LETÍCIA SOUZA MOREIRA BENEVIDES,PSOL,Vereador,248,2020
0379,50444,DORALICE RITA SILVA DE ALCÂNTARA RODRIGUES,PSOL,Vereador,2,2020
0379,50500,NELTON MIRANDA LIMA DOS SANTOS,PSOL,Vereador,40,2020
0379,50501,DAMIÃO ALCÂNTARA DA SILVA,PSOL,Vereador,5,2020
0379,50505,DANIEL LUIS ALVES,PSOL,Vereador,82,2020
0379,50650,ALEXANDRE TORTORELLA MANDL,PSOL,Vereador,69,2020
0379,51000,ATILA FERNANDO GONCALVES RIBEIRO,PATRIOTA,Vereador,34,2020
0379,51003,NIVALDO VILLELA,PATRIOTA,Vereador,36,2020
0379,51051,JOÃO ADELINO ROCHA,PATRIOTA,Vereador,230,2020
0379,51053,GABRIELA ARAUJO,PATRIOTA,Vereador,4,2020
0379,51091,ROGERIO MANZINI,PATRIOTA,Vereador,3,2020
0379,51100,TING HUNG HAO,PATRIOTA,Vereador,22,2020
0379,51117,ELAINE PEREIRA,PATRIOTA,Vereador,6,2020
0379,51123,VALDEMIR JOSE MARTINS,PATRIOTA,Vereador,14,2020
0379,51153,CLEIR APARECIDO COELHO,PATRIOTA,Vereador,25,2020
0379,51222,LUIZ CARLOS DO ESPIRITO SANTO,PATRIOTA,Vereador,16,2020
0379,51234,ANDREIA PEREIRA FERRAZ,PATRIOTA,Vereador,25,2020
0379,51300,ALEX BATISTA ROCHA,PATRIOTA,Vereador,61,2020
0379,51511,EDINILSON LUCAS BEZERRA,PATRIOTA,Vereador,3,2020
0379,51533,EDSON TIAGO AUGUSTO,PATRIOTA,Vereador,64,2020
0379,51555,CÉSAR HENRIQUE MASUTTE,PATRIOTA,Vereador,49,2020
0379,51733,ROGERIO DE OLIVEIRA ADÃO,PATRIOTA,Vereador,17,2020
0379,51789,LETICIA MARCELA TOME,PATRIOTA,Vereador,9,2020
0379,51888,STÉFANIE JORDANA MARQUES DE ARAÚJO,PATRIOTA,Vereador,1,2020
0379,51894,GABRIEL ROSA DE FREITAS,PATRIOTA,Vereador,0,2020
0379,51999,CAROLINE ESTAELE BRITO,PATRIOTA,Vereador,6,2020
0379,55000,RAFAEL FERNANDES TEÓFILO,PSD,Vereador,46,2020
0379,55005,EDUARDO FACTOR,PSD,Vereador,15,2020
0379,55007,MARCELO DE OLIVEIRA FRANCISCO,PSD,Vereador,122,2020
0379,55013,SUELY REZENDE PENHA,PSD,Vereador,4,2020
0379,55019,MARCOS ROBERTO DIAS,PSD,Vereador,16,2020
0379,55038,RODRIGO RIBEIRO HONÓRIO,PSD,Vereador,15,2020
0379,55045,ROSANA MATIAS DA PENHA,PSD,Vereador,5,2020
0379,55055,MARCELO DUCHOVNI SILVA,PSD,Vereador,440,2020
0379,55123,ANGELO DINIZ,PSD,Vereador,101,2020
0379,55150,ISRAEL APARECIDO NASCIMENTO,PSD,Vereador,5,2020
0379,55155,DAVID WEBER ROJAS DE LIMA,PSD,Vereador,4,2020
0379,55156,RICARDO DO PRADO MINARRO,PSD,Vereador,21,2020
0379,55200,MARIANGELA DA COSTA PETTINARI PENNA MAGLIONI,PSD,Vereador,74,2020
0379,55222,MARIA DE FATIMA DE SOUZA,PSD,Vereador,47,2020
0379,55234,MARINÊS BARBOSA DA SILVA,PSD,Vereador,28,2020
0379,55321,LUIS HENRIQUE CARVALHO DA SILVA,PSD,Vereador,951,2020
0379,55330,ANDERSON GUIZONI JUNIOR,PSD,Vereador,24,2020
0379,55333,DANIELLE GOMES DE CARVALHO,PSD,Vereador,7,2020
0379,55355,GIOVANNA FABIOLA MARTINS DUARTE,PSD,Vereador,22,2020
0379,55455,EDVANDO APARECIDO DE SOUZA,PSD,Vereador,5,2020
0379,55500,AILTON LOURENÇO DA SILVA,PSD,Vereador,37,2020
0379,55505,GENILSON SILVA,PSD,Vereador,15,2020
0379,55555,FLÁVIO MAYNARDES ARAUJO,PSD,Vereador,410,2020
0379,55655,NELSON HOSSRI NETO,PSD,Vereador,430,2020
0379,55678,ABIATA JOSE DE LIMA,PSD,Vereador,260,2020
0379,55775,CRISLAINE CARABIA,PSD,Vereador,24,2020
0379,55777,JORGE AKIRA DE ARAUJO CALDAS,PSD,Vereador,29,2020
0379,55800,ROSANGELA HELENA COELHO,PSD,Vereador,5,2020
0379,55855,VANDILSON DA COSTA LOPES,PSD,Vereador,78,2020
0379,55888,DANILO BOTELHO SANCHES,PSD,Vereador,82,2020
0379,55955,EDEUCLEIA MORAES SENA DA SILVA,PSD,Vereador,3,2020
0379,55999,VALDOMIRO PINHEIRO DE CAMPOS,PSD,Vereador,19,2020
0379,65000,ROMARIO DA ROCHA RIBEIRO,PC do B,Vereador,5,2020
0379,65003,ROBERSON ACASSIO DA SILVA,PC do B,Vereador,12,2020
0379,65007,JOSÉ GERALDO STECCA,PC do B,Vereador,28,2020
0379,65017,MARIO LUIZ ADÃO DE SOUZA,PC do B,Vereador,22,2020
0379,65035,ANDREA APARECIDA DE JESUS MENDES,PC do B,Vereador,156,2020
0379,65100,PAULA AUGUSTO GALATI GAINO,PC do B,Vereador,24,2020
0379,65111,DAVID MAMEDIO NUNES,PC do B,Vereador,21,2020
0379,65123,ORESTES AUGUSTO TOLEDO,PC do B,Vereador,191,2020
0379,65133,CARLOS ADILSON GAUDÊNCIO,PC do B,Vereador,9,2020
0379,65180,APARECIDA CÉLIA DOS SANTOS,PC do B,Vereador,48,2020
0379,65221,FÁTIMA APARECIDA CAMARGO LOPES,PC do B,Vereador,39,2020
0379,65222,ADRIANO APARECIDO ELIAS DA SILVA,PC do B,Vereador,523,2020
0379,65234,SUZANA DA SILVA PEREIRA,PC do B,Vereador,0,2020
0379,65250,REGIVAM ESTEVAM,PC do B,Vereador,34,2020
0379,65300,GEREMIAS MARTINS DE OLIVEIRA,PC do B,Vereador,22,2020
0379,65333,ADENILSON BUENO DA SILVA,PC do B,Vereador,16,2020
0379,65355,GUILHERME LUCIUS SAVI,PC do B,Vereador,1,2020
0379,65365,MARIA GOMES DE SOUZA NASCIMENTO,PC do B,Vereador,3,2020
0379,65432,ERNÉSTO PAES DE CAMARGO FILHO,PC do B,Vereador,29,2020
0379,65444,JOSÉ RICARDO FIGUEIREDO,PC do B,Vereador,3,2020
0379,65500,ANGELO RAFAEL BARRETO,PC do B,Vereador,34,2020
0379,65514,GILBERTO ALVES,PC do B,Vereador,26,2020
0379,65555,ISMARCIA GONÇALVES DA CRUZ,PC do B,Vereador,2,2020
0379,65556,JOAQUINA GOMES DE LIMA TEIXEIRA,PC do B,Vereador,16,2020
0379,65565,PAULO SERGIO PEREIRA DA SILVA,PC do B,Vereador,238,2020
0379,65577,ANIBIO FERREIRA DA SILVA JUNIOR,PC do B,Vereador,1,2020
0379,65600,JOÃO MARTINS DE MELO,PC do B,Vereador,0,2020
0379,65650,ELISIENE DE NASCIMENTO LOBO,PC do B,Vereador,99,2020
0379,65655,SONIA HIPOLITA DE SOUZA SAWAZKI,PC do B,Vereador,12,2020
0379,65656,GUSTAVO LEMOS PETTA,PC do B,Vereador,327,2020
0379,65657,WALTER DE PAULA LACORTE JUNIOR,PC do B,Vereador,2,2020
0379,65678,CLAUDEMIR VIEIRA LOPES,PC do B,Vereador,13,2020
0379,65789,SILVANA APARECIDA GOMES VEIGA,PC do B,Vereador,4,2020
0379,65888,MARIANA DE LOURDES TEIXEIRA,PC do B,Vereador,16,2020
0379,65999,ADÃO BERNARDINO DA SILVA,PC do B,Vereador,78,2020
0379,70000,FRANCISCA ROSANA MONTANHER,AVANTE,Vereador,189,2020
0379,70001,KATARINA LEME DA SILVA,AVANTE,Vereador,32,2020
0379,70007,RICARDO MEIRA DO NASCIMENTO,AVANTE,Vereador,8,2020
0379,70010,ELIANE DO AMARAL,AVANTE,Vereador,3,2020
0379,70022,KEYLA TAVARES DA SILVA FELICIANO,AVANTE,Vereador,19,2020
0379,70030,FELIPE CEZAR MONTEIRO DE SOUZA,AVANTE,Vereador,399,2020
0379,70038,FABRÍCIA DE LIMA GOMES NASCIMENTO,AVANTE,Vereador,5,2020
0379,70053,LAUDELICE CONDE GARRIDO,AVANTE,Vereador,29,2020
0379,70055,JOSE JOVINO DE OLIVEIRA,AVANTE,Vereador,5,2020
0379,70070,EMERSON SANTANA PIVATO,AVANTE,Vereador,328,2020
0379,70074,ANDREIA DE BRITO OLIVEIRA,AVANTE,Vereador,3,2020
0379,70100,RAFAEL BRESSANE ALVES,AVANTE,Vereador,78,2020
0379,70111,WESLEY ANTONIO FONSECA,AVANTE,Vereador,103,2020
0379,70121,ANTONIO RODRIGUES,AVANTE,Vereador,2,2020
0379,70123,VALDEIR LUCCHIARI,AVANTE,Vereador,406,2020
0379,70133,HELIO ALVES MOREIRA,AVANTE,Vereador,300,2020
0379,70170,ELIZABETH RUIZ DA SILVA,AVANTE,Vereador,25,2020
0379,70175,WILZA APARECIDA ARAUJO SILVA,AVANTE,Vereador,10,2020
0379,70190,CLODOALDO MAIOLINI FILHO,AVANTE,Vereador,164,2020
0379,70200,MAURO VITORIANO SANCHEZ,AVANTE,Vereador,36,2020
0379,70207,JOZIEL PEREIRA MAIA,AVANTE,Vereador,119,2020
0379,70209,GEANE SOUZA DOS SANTOS,AVANTE,Vereador,15,2020
0379,70222,NATIVIDADE MARIA DE LIMA,AVANTE,Vereador,66,2020
0379,70234,NOEL CORDEIRO TEIXEIRA,AVANTE,Vereador,80,2020
0379,70270,NORBERTO FRANCHI DE ANDRADE,AVANTE,Vereador,2,2020
0379,70300,RICAEL ALVES,AVANTE,Vereador,5,2020
0379,70321,RODRIGO SOUZA LOPES DOS SANTOS,AVANTE,Vereador,6,2020
0379,70333,PAULO RODRIGUES REIS,AVANTE,Vereador,31,2020
0379,70345,ADEMIR PAULO NUNES DE ALMEIDA,AVANTE,Vereador,53,2020
0379,70456,AGENOR JOSÉ DOS SANTOS,AVANTE,Vereador,187,2020
0379,70500,LUCIO ANTONIO ARAÚJO CONDE,AVANTE,Vereador,27,2020
0379,70555,MARCELO VITAL,AVANTE,Vereador,269,2020
0379,70585,MARIA CELESTE CAMARGO CASEMIRO,AVANTE,Vereador,11,2020
0379,70613,EDIVILSON BARBOZA FREIRE,AVANTE,Vereador,108,2020
0379,70655,JOSÉ WILSON DANTAS,AVANTE,Vereador,204,2020
0379,70666,SANDRA SANTATERRA,AVANTE,Vereador,12,2020
0379,70678,JOSIAS DUTRA NETO,AVANTE,Vereador,23,2020
0379,70700,VITO ANTONIO LUGIANNATIELLO,AVANTE,Vereador,51,2020
0379,70701,LUIZ NUNES MENDES NETO,AVANTE,Vereador,31,2020
0379,70769,CARLOS ROBERTO PITTARELLI,AVANTE,Vereador,14,2020
0379,70777,ANTONIO GONZALEZ DOS SANTOS,AVANTE,Vereador,58,2020
0379,70779,VALERIA APARECIDA FIRMINO,AVANTE,Vereador,196,2020
0379,70789,RAIMUNDO MIRANDA DOS SANTOS FILHO,AVANTE,Vereador,252,2020
0379,70888,JOÃO LUIS CAIRES,AVANTE,Vereador,30,2020
0379,70890,MILTON SOARES MUCHIUTTE,AVANTE,Vereador,522,2020
0379,70900,ANTONIO DA SILVA,AVANTE,Vereador,148,2020
0379,70911,FABIANO HERMENEGILDO ANTONINI,AVANTE,Vereador,22,2020
0379,70913,FABIANA MARQUES DE MELO,AVANTE,Vereador,2,2020
0379,70999,CLEYTON DE SOUZA POSSATO,AVANTE,Vereador,53,2020
0379,77000,RICARDO JOSÉ PEREIRA,SOLIDARIEDADE,Vereador,262,2020
0379,77007,CLOVIS DE AZEVEDO NETO,SOLIDARIEDADE,Vereador,353,2020
0379,77009,MARCOS DOS SANTOS GOMES,SOLIDARIEDADE,Vereador,6,2020
0379,77010,PAULO ROBERTO DOS SANTOS VIEIRA,SOLIDARIEDADE,Vereador,788,2020
0379,77015,ROSIMEIRE DE PAULA ISMÉRIO,SOLIDARIEDADE,Vereador,10,2020
0379,77025,JUVENIL NATALINO CELESTINO,SOLIDARIEDADE,Vereador,142,2020
0379,77031,ANDRÉ LUIS TOLOTTO,SOLIDARIEDADE,Vereador,27,2020
0379,77077,VALTER DONIZETTI JOSÉ,SOLIDARIEDADE,Vereador,7,2020
0379,77079,CLAUDINEI DA COSTA E SILVA,SOLIDARIEDADE,Vereador,57,2020
0379,77088,JOÃO BATISTA DE PAULA,SOLIDARIEDADE,Vereador,1657,2020
0379,77098,ELIANA MARIA ROCHA MIRANDA,SOLIDARIEDADE,Vereador,12,2020
0379,77099,ANDRÉ LEÃO DE SOUZA,SOLIDARIEDADE,Vereador,34,2020
0379,77100,JAIR QUINALIA,SOLIDARIEDADE,Vereador,2237,2020
0379,77111,PASCUAL DANETTI,SOLIDARIEDADE,Vereador,9,2020
0379,77118,CARLOS ANTONIO DE MENDONÇA,SOLIDARIEDADE,Vereador,65,2020
0379,77123,CLODOALDO MISTURA,SOLIDARIEDADE,Vereador,33,2020
0379,77190,RICARDO JOSE DE SOUZA,SOLIDARIEDADE,Vereador,49,2020
0379,77200,LUCIANA DA SILVA,SOLIDARIEDADE,Vereador,116,2020
0379,77211,DORGIVAL JOSE DE LIMA,SOLIDARIEDADE,Vereador,42,2020
0379,77222,JOSÉ FERNANDES SILVA,SOLIDARIEDADE,Vereador,7,2020
0379,77300,MILTON DA SILVA FARIA,SOLIDARIEDADE,Vereador,71,2020
0379,77333,SERGIO DIAS RIBEIRO,SOLIDARIEDADE,Vereador,26,2020
0379,77400,MARCELO TEIXEIRA,SOLIDARIEDADE,Vereador,12,2020
0379,77444,LUIZ ANTONIO BENINE,SOLIDARIEDADE,Vereador,2,2020
0379,77456,SILVIO CESAR SOUZA,SOLIDARIEDADE,Vereador,372,2020
0379,77500,CLAUDINEI APARECIDO DO CARMO,SOLIDARIEDADE,Vereador,92,2020
0379,77555,HELEN PATRICIA MERIM,SOLIDARIEDADE,Vereador,24,2020
0379,77556,VALÉRIA APARECIDA FORTUNATO DE PAULA,SOLIDARIEDADE,Vereador,37,2020
0379,77567,SUELI SENE LEMOS DE MATOS,SOLIDARIEDADE,Vereador,26,2020
0379,77676,ADRIANO APARECIDO DA SILVA,SOLIDARIEDADE,Vereador,135,2020
0379,77677,CLOVIS CORDEIRO,SOLIDARIEDADE,Vereador,35,2020
0379,77690,MARIA EDILEUZA VASCO MARÇAL,SOLIDARIEDADE,Vereador,5,2020
0379,77708,IZABEL DE SOUZA SANTOS,SOLIDARIEDADE,Vereador,2,2020
0379,77733,MARIA JOSE DALLA BERNARDINA,SOLIDARIEDADE,Vereador,26,2020
0379,77744,ROSEMARE DOS SANTOS AVELINO,SOLIDARIEDADE,Vereador,29,2020
0379,77745,ANA MARIA RIBEIRO MARTINS,SOLIDARIEDADE,Vereador,4,2020
0379,77767,JULIANO ANTONIO MARÇAL,SOLIDARIEDADE,Vereador,74,2020
0379,77777,WLADMIR DE SOUZA CARNEIRO,SOLIDARIEDADE,Vereador,19,2020
0379,77789,VANDERLEI MARCOS FERRARI,SOLIDARIEDADE,Vereador,69,2020
0379,77800,CREBIO DINIZ DE ALMEIDA,SOLIDARIEDADE,Vereador,153,2020
0379,77801,EDILSON EUGENIO,SOLIDARIEDADE,Vereador,5,2020
0379,77808,BENEDITO ROBERTO DE BARRETTO,SOLIDARIEDADE,Vereador,13,2020
0379,77888,JOSE CARLOS DE JESUS CLARIO,SOLIDARIEDADE,Vereador,33,2020
0379,77889,FABIANO ROBERTO DE ALBUQUERQUE,SOLIDARIEDADE,Vereador,34,2020
0379,77890,ANA PAULA DA SILVA LUZ,SOLIDARIEDADE,Vereador,86,2020
0379,77898,VALMIR APARECIDO DA SILVA,SOLIDARIEDADE,Vereador,32,2020
0379,77980,MARINA DOS SANTOS,SOLIDARIEDADE,Vereador,11,2020
0379,77990,VALERIA RUSSO DA SILVA,SOLIDARIEDADE,Vereador,21,2020
0379,77999,ANGELINA MAIA PRAXEDES,SOLIDARIEDADE,Vereador,87,2020
0379,90000,ROBER BLU ORLANDO,PROS,Vereador,7,2020
0379,90014,JOSE MARCOS VIEIRA,PROS,Vereador,74,2020
0379,90100,EVANDRO EDUARDO DE SOUZA,PROS,Vereador,179,2020
0379,90111,MARCOS JOSE NOTARO,PROS,Vereador,59,2020
0379,90123,LILIA ARANTES ZEBALHO,PROS,Vereador,4,2020
0379,90333,IVANI DOS SANTOS PINHEIRO,PROS,Vereador,32,2020
0379,90567,ANDRE DIONISIO FAVELA,PROS,Vereador,10,2020
0379,90700,DAVID HONORATO,PROS,Vereador,0,2020
0379,90777,WANDERLEY GONÇALVES DE OLIVEIRA,PROS,Vereador,6,2020
0379,90789,ROBINSON LUIZ BOLSONI,PROS,Vereador,8,2020
0379,90888,CRISTIANE DE OLIVEIRA,PROS,Vereador,18,2020
0379,90999,SANDRA ROQUE PEREIRA,PROS,Vereador,7,2020
0380,10000,PAULO SERGIO CAMPANA,REPUBLICANOS,Vereador,147,2020
0380,10001,EDERSON ROGERIO WULK,REPUBLICANOS,Vereador,1,2020
0380,10010,CLAUDIO CORMANICH,REPUBLICANOS,Vereador,60,2020
0380,10012,ROSANGELA DE ANDRADE,REPUBLICANOS,Vereador,0,2020
0380,10014,JURANDIR QUIRINO DOS SANTOS,REPUBLICANOS,Vereador,2,2020
0380,10020,FERNANDO MANTOVAN,REPUBLICANOS,Vereador,58,2020
0380,10025,BRUNO APARECIDO DE LIMA,REPUBLICANOS,Vereador,5,2020
0380,10027,LUIS ROBERTO DE ALMEIDA,REPUBLICANOS,Vereador,11,2020
0380,10069,VALERIA TANIA FRANCISCHINI,REPUBLICANOS,Vereador,8,2020
0380,10080,LUIZ FELIPE DE OLIVEIRA THEODORO,REPUBLICANOS,Vereador,143,2020
0380,10100,ROVILSON ROSCITO,REPUBLICANOS,Vereador,20,2020
0380,10101,CARLOS ROBERTO DE MATTOS ROCHA JUNIOR,REPUBLICANOS,Vereador,29,2020
0380,10110,ROSANA OLIVIER GONÇALVES,REPUBLICANOS,Vereador,62,2020
0380,10111,AMBROSIO LUZ NETO,REPUBLICANOS,Vereador,39,2020
0380,10122,LUIZ GONZAGA,REPUBLICANOS,Vereador,134,2020
0380,10123,FERNANDO CESAR RIBEIRO MENDES,REPUBLICANOS,Vereador,700,2020
0380,10125,JADIELSON FERREIRA DA SILVA,REPUBLICANOS,Vereador,5,2020
0380,10147,ROSA MONICA CUSTODIO,REPUBLICANOS,Vereador,3,2020
0380,10153,CRISTIANO DE OLIVEIRA E SILVA,REPUBLICANOS,Vereador,30,2020
0380,10156,DORACI CORREIA DE ALMEIDA,REPUBLICANOS,Vereador,4,2020
0380,10159,PRISCILA MENDES FERREIRA INACIO,REPUBLICANOS,Vereador,17,2020
0380,10190,ARGEU ALENCAR DA SILVA,REPUBLICANOS,Vereador,27,2020
0380,10200,HIGOR DIEGO RALLA,REPUBLICANOS,Vereador,216,2020
0380,10234,JAKSSON LEANDRO LUCIANO GONÇALVES,REPUBLICANOS,Vereador,89,2020
0380,10300,MARCIA FABIANA DA SILVA,REPUBLICANOS,Vereador,2,2020
0380,10321,JORDANA DE SOUSA MOURA ARAUJO,REPUBLICANOS,Vereador,16,2020
0380,10333,NOEMI SILVANA PRATES DE OLIVEIRA,REPUBLICANOS,Vereador,52,2020
0380,10345,OSCAR NEVES GUIMARÃES,REPUBLICANOS,Vereador,10,2020
0380,10369,STELLA FREIRE HERRMANN,REPUBLICANOS,Vereador,25,2020
0380,10400,OSVALDO MARTINS OLIVEIRA,REPUBLICANOS,Vereador,1,2020
0380,10444,MARIA LUCIA CAMILO,REPUBLICANOS,Vereador,1,2020
0380,10456,CELINA APARECIDA PORFIRIO,REPUBLICANOS,Vereador,13,2020
0380,10500,ROGERIO BERNARDES BOGONE,REPUBLICANOS,Vereador,95,2020
0380,10544,APARECIDA TERESINHA BURATTO,REPUBLICANOS,Vereador,1,2020
0380,10555,FLAUBERT DE ARAUJO,REPUBLICANOS,Vereador,36,2020
0380,10567,RODISNEI CESAR CLOSEL,REPUBLICANOS,Vereador,63,2020
0380,10600,RUBENS EIDE JUNIOR,REPUBLICANOS,Vereador,52,2020
0380,10700,PAULO ALVES MAIA,REPUBLICANOS,Vereador,40,2020
0380,10711,JULIO CESAR FERREIRA ALVES,REPUBLICANOS,Vereador,13,2020
0380,10777,NILSON DO CARMO SANTOS,REPUBLICANOS,Vereador,7,2020
0380,10789,CARLOS JOSE LEMOS,REPUBLICANOS,Vereador,14,2020
0380,10911,SAULO FERNANDO ZACARI,REPUBLICANOS,Vereador,25,2020
0380,10978,LUIZA HELENA CAGLIARI DE SOUZA,REPUBLICANOS,Vereador,35,2020
0380,10999,ROSINEI APARECIDA MOREIRA MATOKANOVIC,REPUBLICANOS,Vereador,35,2020
0380,11000,ANTONIO JOSÉ SOARES DOS SANTOS,PP,Vereador,129,2020
0380,11007,BRUNO HENRIQUE PEREIRA FRANCISCHINI,PP,Vereador,14,2020
0380,11011,WALDIR CUSTÓDIO DE LIMA,PP,Vereador,58,2020
0380,11016,LUCIANA DA SILVA,PP,Vereador,2,2020
0380,11019,EMILY NAYARA DOS SANTOS LIMA,PP,Vereador,22,2020
0380,11023,SONIA MARIA DOS SANTOS,PP,Vereador,12,2020
0380,11033,SEBASTIAO BORGES DE ARAUJO,PP,Vereador,55,2020
0380,11038,EDERSON PERIN MARTINS,PP,Vereador,81,2020
0380,11044,PEDRO REMONDINI,PP,Vereador,52,2020
0380,11078,ZACARIAS NUNES DE SIQUEIRA,PP,Vereador,132,2020
0380,11111,JAIME DE SOUZA,PP,Vereador,403,2020
0380,11120,OSMAR DELLA PASCHOA JUNIOR,PP,Vereador,13,2020
0380,11121,VALDIR RIBEIRO PIRES,PP,Vereador,31,2020
0380,11123,DENILSON DO PRADO,PP,Vereador,234,2020
0380,11138,JEFERSON ANTONIO SOUZA PINTO,PP,Vereador,11,2020
0380,11181,MARCOS ALVES FERREIRA,PP,Vereador,78,2020
0380,11189,MILENE FORTUOSO DOS SANTOS,PP,Vereador,19,2020
0380,11190,ISRAEL NANTES SANTOS,PP,Vereador,306,2020
0380,11200,FRANCISCO DE ASSIS NASCIMENTO,PP,Vereador,32,2020
0380,11207,SIRLENE CONCEIÇÃO DE SOUZA,PP,Vereador,18,2020
0380,11211,LUCAS HENRIQUE TREVIZAN,PP,Vereador,12,2020
0380,11222,EDINEI EDUARDO CESCHI,PP,Vereador,46,2020
0380,11234,VILSON DORIVAL FRANÇA,PP,Vereador,22,2020
0380,11239,THARINE LILLENA VEIGA,PP,Vereador,22,2020
0380,11246,GERALDO JOSE LAURIA,PP,Vereador,74,2020
0380,11249,NOEMIAS CAMARGO JUNIOR,PP,Vereador,127,2020
0380,11260,MARIA CALVARIO BERNARDO DE CAMPOS,PP,Vereador,5,2020
0380,11300,MARIA CLAUDIA BERTUZZO VEIGA,PP,Vereador,25,2020
0380,11311,ALMIRANTE PEDRO ALVARES CABRAL,PP,Vereador,233,2020
0380,11321,ALEXANDRE BARBOSA DA SILVA,PP,Vereador,95,2020
0380,11336,FLÁVIO EDILSON PADOVINI,PP,Vereador,67,2020
0380,11380,ROBERVAL BEZERRA ALVES,PP,Vereador,8,2020
0380,11444,DOROTIDES CAMPELLO DOS SANTOS ANJOS,PP,Vereador,7,2020
0380,11511,SONIA APARECIDA DE CARVALHO THEODORO,PP,Vereador,6,2020
0380,11522,ANESIO PEREIRA DA SILVA FILHO,PP,Vereador,6,2020
0380,11553,PETRONIO ALVES DA CRUZ,PP,Vereador,43,2020
0380,11555,ALEXANDRE MARTINS SILVA,PP,Vereador,6,2020
0380,11600,FILETO DE ALBUQUERQUE,PP,Vereador,17,2020
0380,11611,APARECIDO SEVERINO BENTO,PP,Vereador,91,2020
0380,11636,SONIA ROSANGELA RODRIGUES,PP,Vereador,2,2020
0380,11784,NESTOR SAYÃO SARTORETTO,PP,Vereador,20,2020
0380,11878,LUCIVÂNIA PINHEIRO BARBOSA,PP,Vereador,33,2020
0380,11888,LEUCE MAGALHÃES MARANHÃO,PP,Vereador,16,2020
0380,11900,HELENA CARDOSO TABERTI,PP,Vereador,0,2020
0380,11999,CLAUDINE GONÇALVES COSTA,PP,Vereador,16,2020
0380,12000,VIVIANE REGINA DE LIMA CRISPIM,PDT,Vereador,81,2020
0380,12007,JERÔNIMO APARECIDO BORGES,PDT,Vereador,5,2020
0380,12012,CARLOS SALUSTIANO DA SILVA,PDT,Vereador,23,2020
0380,12111,IGOR CARDIA SOARES SOUZA,PDT,Vereador,31,2020
0380,12113,EDVALDO FERREIRA GUEDES,PDT,Vereador,40,2020
0380,12121,JORGE HENRIQUE RODRIGUES CERQUEIRA,PDT,Vereador,3,2020
0380,12123,AILTON FABIO GONÇALVES DE SOUZA,PDT,Vereador,21,2020
0380,12151,MANOEL MESSIAS DOS SANTOS,PDT,Vereador,7,2020
0380,12227,SHIRLEI GUIRÃO DA SILVA CHAGAS,PDT,Vereador,0,2020
0380,12255,RUTE APARECIDA LEITE RIPARI,PDT,Vereador,8,2020
0380,12321,NILTON RIBEIRO DOS SANTOS JUNIOR,PDT,Vereador,29,2020
0380,12333,MARCELO JOSÉ DIAS,PDT,Vereador,2,2020
0380,12340,PAULO HENRIQUE DE BRITO DOS SANTOS,PDT,Vereador,2,2020
0380,12344,OSMIL JOSÉ DA SILVA,PDT,Vereador,7,2020
0380,12345,AURELIO JOSE CLAUDIO,PDT,Vereador,86,2020
0380,12369,LUIS HENRIQUE FERMINO JORGE,PDT,Vereador,1,2020
0380,12500,FABIO APARECIDO MORANDI,PDT,Vereador,26,2020
0380,12612,VINICIUS STACHIN BRITO,PDT,Vereador,17,2020
0380,12661,ANTONIO CARLOS DIONISIO BISPO,PDT,Vereador,1,2020
0380,12678,CARLOS HENRIQUE POLIS,PDT,Vereador,1,2020
0380,12737,BRÍGIDA FELICIANA DOS SANTOS,PDT,Vereador,4,2020
0380,12777,CLAUDIO RISSI,PDT,Vereador,16,2020
0380,12812,JOSÉ CARLOS BRUNO,PDT,Vereador,9,2020
0380,12835,FABIO HENRIQUE DOS SANTOS,PDT,Vereador,0,2020
0380,12888,APARECIDA CUSTÓDIO DOS SANTOS,PDT,Vereador,7,2020
0380,12890,LUCIA DE FATIMA BALARINI DA SILVA,PDT,Vereador,0,2020
0380,12911,DOMINIQUE SALES SAWAZKI,PDT,Vereador,0,2020
0380,12912,LILIAN CRISTINA MOURA,PDT,Vereador,0,2020
0380,12914,MARIA ORDILIA TEIXEIRA,PDT,Vereador,2,2020
0380,12973,RENATA DA SILVA,PDT,Vereador,10,2020
0380,12999,CARLOS EDUARDO JULIO MORELLO,PDT,Vereador,5,2020
0380,13000,IRANDIR SANTOS DA CONCEIÇÃO,PT,Vereador,32,2020
0380,13001,SILVIO JOSÉ MARQUES,PT,Vereador,154,2020
0380,13010,DOUGLAS BARBOSA DA SILVA,PT,Vereador,12,2020
0380,13011,CECÍLIO SERAFIM DOS SANTOS,PT,Vereador,226,2020
0380,13013,CLOVES ALVES DOS SANTOS,PT,Vereador,32,2020
0380,13020,MARGARIDA DA SILVA CALIXTO,PT,Vereador,471,2020
0380,13030,VALMIR SANTOS DE OLIVEIRA,PT,Vereador,0,2020
0380,13053,SUELI DOS SANTOS SILVA BARBOSA,PT,Vereador,5,2020
0380,13060,WALCY DE OLIVEIRA,PT,Vereador,67,2020
0380,13093,ADLLAYNE VITORINO DAMBROSKI PEDROSO,PT,Vereador,10,2020
0380,13100,LUIZ CARLOS FELICIDADE,PT,Vereador,96,2020
0380,13111,ANA PAULA DE OLIVEIRA,PT,Vereador,25,2020
0380,13112,JUAREZ BISPO MATEUS,PT,Vereador,32,2020
0380,13113,MATHEUS ALVES ALBINO,PT,Vereador,96,2020
0380,13123,PAOLLA CATHERINE DOS SANTOS MIGUEL AGARD,PT,Vereador,383,2020
0380,13130,EDUARDO CORVELONI JUNIOR,PT,Vereador,16,2020
0380,13135,EVELYN SILVA DO NASCIMENTO VICENTE DA SILVA,PT,Vereador,26,2020
0380,13138,SOLANGE LOUREIRO POZZUTO,PT,Vereador,153,2020
0380,13161,MARIA LÚCIA QUIRINO DE CASTRO,PT,Vereador,42,2020
0380,13178,GILSON VILELA REIS,PT,Vereador,1,2020
0380,13213,JOSÉ APARECIDO DOS SANTOS,PT,Vereador,8,2020
0380,13222,JULIANO HENRIQUE DAVOLI FINELLI,PT,Vereador,82,2020
0380,13300,WAGNER DE MELO ROMÃO,PT,Vereador,272,2020
0380,13331,VERA LÚCIA RODRIGUES DE FARIA,PT,Vereador,105,2020
0380,13333,ALEX PEREIRA BAHIA,PT,Vereador,53,2020
0380,13413,JOÃO BATISTA BORGES,PT,Vereador,1,2020
0380,13420,ALEXANDRE DOS SANTOS PINTO,PT,Vereador,5,2020
0380,13456,ROSEMIRO APARECIDO FERREIRA,PT,Vereador,236,2020
0380,13500,ROGÉRIO NUNES,PT,Vereador,35,2020
0380,13555,GERALDO DANIEL ALVES BOSSO,PT,Vereador,28,2020
0380,13599,UBIRATAN ROBERTO ALVES FERREIRA,PT,Vereador,118,2020
0380,13613,CARLOS ROBERTO DE OLIVEIRA,PT,Vereador,227,2020
0380,13722,DAIANE CRISTINA MENDES,PT,Vereador,4,2020
0380,13777,GILBERTO JEFFERSON DE BARROS,PT,Vereador,7,2020
0380,13888,ALCILENE VICENTE DE CARVALHO,PT,Vereador,13,2020
0380,14000,VALDENIR ALVES DE MENEZES,PTB,Vereador,12,2020
0380,14012,FABIO AMBROSI DA SILVA,PTB,Vereador,62,2020
0380,14013,KATIA STANCATO,PTB,Vereador,167,2020
0380,14014,ANNIBAL MATHIAS FILHO,PTB,Vereador,64,2020
0380,14015,ELIENAI ALVES DE SOUZA LAZARONI,PTB,Vereador,10,2020
0380,14020,JHONNY EDERSON DA SILVA,PTB,Vereador,40,2020
0380,14033,LUCIANA DA SILVA FERNANDES,PTB,Vereador,5,2020
0380,14100,JACKSON LUIS RIBEIRO BARBOZA,PTB,Vereador,60,2020
0380,14104,JOEL BORGES SILVA,PTB,Vereador,128,2020
0380,14107,ROBERTO PEREIRA DA SILVA,PTB,Vereador,40,2020
0380,14111,JAIRO INACIO DO NASCIMENTO,PTB,Vereador,38,2020
0380,14112,VERA LUCIA SOARES SOEIRO,PTB,Vereador,18,2020
0380,14115,PEDRO ANDRE DOS SANTOS,PTB,Vereador,968,2020
0380,14121,SILVANA SILVA DOS SANTOS,PTB,Vereador,4,2020
0380,14123,CRISTINA OLIVEIRA DE PAULA FERIANI,PTB,Vereador,52,2020
0380,14133,FABIO PEREIRA BUENO,PTB,Vereador,22,2020
0380,14136,CARLOS ROBERTO TOLEDO,PTB,Vereador,62,2020
0380,14144,SANDRA APARECIDA DE ALMEIDA RAMOS,PTB,Vereador,15,2020
0380,14177,FABIANA APARECIDA BRITO ERNANE,PTB,Vereador,25,2020
0380,14182,KARYN JANAINA DO PRADO LIMA,PTB,Vereador,5,2020
0380,14192,JOSE ANTONIO FERNANDES,PTB,Vereador,2,2020
0380,14212,ETEVALDO ALVES MACHADO,PTB,Vereador,21,2020
0380,14213,JOSE ROBERTO CARNEIRO,PTB,Vereador,9,2020
0380,14222,EDUARDO AFONSO MANCO,PTB,Vereador,21,2020
0380,14230,MARCO ANTONIO HENRIQUE,PTB,Vereador,21,2020
0380,14333,RODOLFO TEIXEIRA CORREA,PTB,Vereador,23,2020
0380,14400,CARLOS ROBERTO DE SOUZA,PTB,Vereador,49,2020
0380,14444,FERNANDO ANTONIO GIANINI,PTB,Vereador,48,2020
0380,14500,FATIMA REGINA AZEVEDO TUCHIAMA,PTB,Vereador,23,2020
0380,14567,CARLOS ALEXANDRE FANTON SILVA,PTB,Vereador,15,2020
0380,14604,JOÃO DIRANI JUNIOR,PTB,Vereador,61,2020
0380,14666,DULCIOMARA INES LEOCADIO LIMA COSTA,PTB,Vereador,23,2020
0380,14777,ALEXANDRIA MARIA DO CARMO SANT ANNA LEME,PTB,Vereador,18,2020
0380,14789,FRANCISCO JOSE MONTEIRO DE BARROS JUNIOR,PTB,Vereador,24,2020
0380,14888,EDNELSON COSTA DOS SANTOS,PTB,Vereador,17,2020
0380,14999,FLAVIO DENIS DE JESUS TEIXEIRA,PTB,Vereador,29,2020
0380,15000,ARNALDO SALVETTI PALÁCIO JUNIOR,MDB,Vereador,448,2020
0380,15001,CLAUDINEI BENEDITO PRUDÊNCIO FORTES,MDB,Vereador,70,2020
0380,15005,MARIA ANGELA PONTES,MDB,Vereador,22,2020
0380,15007,WILSON TOURINHO DOS SANTOS,MDB,Vereador,15,2020
0380,15010,WAGNER DIADEME GONÇALVES,MDB,Vereador,6,2020
0380,15011,CLAUDIOMAR CEZARIO DOS SANTOS LIMA,MDB,Vereador,3,2020
0380,15015,JOAO CARLOS NUNES DA MATA,MDB,Vereador,50,2020
0380,15050,ANDRE LUIS SILVA DE SOUZA,MDB,Vereador,19,2020
0380,15100,YANKO GONCALVES MELLO,MDB,Vereador,280,2020
0380,15111,INACIO RODRIGUES DA FONSECA,MDB,Vereador,143,2020
0380,15115,ELAINE CRISTINA SANTOS MARINHO,MDB,Vereador,4,2020
0380,15123,FABIO OLIVEIRA DA SILVA,MDB,Vereador,271,2020
0380,15135,CLAUDIO LUIZ MORAES,MDB,Vereador,49,2020
0380,15140,ROBSON APARECIDO AYRES,MDB,Vereador,0,2020
0380,15150,PAULO RICARDO  DA CRUZ VITAL,MDB,Vereador,7,2020
0380,15153,DELMIRO DIAS DO NASCIMENTO,MDB,Vereador,3,2020
0380,15156,JOSE TADEU ALVES MOREIRA,MDB,Vereador,33,2020
0380,15190,SANDRA CANDIDO MORETTI,MDB,Vereador,78,2020
0380,15200,VALERIA CRISTINA IGNACIO,MDB,Vereador,8,2020
0380,15222,WENDELL BRANDAO DOS SANTOS,MDB,Vereador,37,2020
0380,15244,MARYZA ELLIRES BUENO GARIBALDI,MDB,Vereador,0,2020
0380,15271,JOSE CANDIDO DA SILVA,MDB,Vereador,12,2020
0380,15300,ADRIANA EMILIA HEITMANN GONÇALVES TEIXEIRA FONTES,MDB,Vereador,78,2020
0380,15321,BEATRIZ POSTAL COSTA,MDB,Vereador,18,2020
0380,15333,MARCIA CRISTINA SCHETINI ZICA,MDB,Vereador,13,2020
0380,15377,EVERTON RAMOS ARLINDO,MDB,Vereador,14,2020
0380,15400,ALTAIR DE JESUS AMORIM,MDB,Vereador,12,2020
0380,15456,LUCINEA APARECIDA DA SILVA,MDB,Vereador,3,2020
0380,15500,JOSE PEDRO NUNES,MDB,Vereador,11,2020
0380,15515,THIAGO AUGUSTO BERALDO,MDB,Vereador,12,2020
0380,15555,CICERO DINIZ,MDB,Vereador,53,2020
0380,15567,FRANCISCO JORGE,MDB,Vereador,12,2020
0380,15575,CRISTIAN PIVA,MDB,Vereador,10,2020
0380,15600,SANDRA APARECIDA RODRIGUES PITON,MDB,Vereador,53,2020
0380,15615,ELAINE RODRIGUES DA SILVA,MDB,Vereador,8,2020
0380,15678,BRUNO DE CASTRO SILVA,MDB,Vereador,2,2020
0380,15700,PEDRO AGOSTINHO BERNARDO DE OLIVEIRA,MDB,Vereador,11,2020
0380,15755,ERIVELTO SOUZA DE MORAES,MDB,Vereador,228,2020
0380,15777,CICERA DOS SANTOS,MDB,Vereador,28,2020
0380,15789,JOSE CARLOS DO NASCIMENTO OLIVEIRA,MDB,Vereador,31,2020
0380,15800,ALEXANDRE DE OLIVEIRA,MDB,Vereador,2,2020
0380,15888,ILARA CHRISTINA TOLEDO DE OLIVEIRA,MDB,Vereador,30,2020
0380,15900,EXPEDITO CARLOS DE SOUZA,MDB,Vereador,5,2020
0380,15915,MILENA DE CASSIA GOMES,MDB,Vereador,30,2020
0380,16000,KÁTIA SARTORI,PSTU,Vereador,22,2020
0380,17000,APARECIDO SOUZA SANTOS,PSL,Vereador,143,2020
0380,17001,ANDREIA MARIA GAONA ANDRE,PSL,Vereador,26,2020
0380,17005,VANESILDA COSTA BALDIN,PSL,Vereador,6,2020
0380,17007,DAVID DOS SANTOS GOMES,PSL,Vereador,4,2020
0380,17017,CARLOS ANDRE DE MELO,PSL,Vereador,24,2020
0380,17018,DANIEL BOLSONARO VAZ,PSL,Vereador,12,2020
0380,17022,GILDO DONIZETI DE SOUZA,PSL,Vereador,5,2020
0380,17027,MARCIA REGINA DE LIMA,PSL,Vereador,20,2020
0380,17077,ANTONIO CARLOS DE OLIVEIRA,PSL,Vereador,39,2020
0380,17100,GERALDO GABRIEL GAVA,PSL,Vereador,41,2020
0380,17107,RICARDO HENRIQUE CORREA,PSL,Vereador,29,2020
0380,17117,CLEMENTE JOSE CAPUCHINHO,PSL,Vereador,25,2020
0380,17123,SEBASTIÃO PEREIRA DOS SANTOS,PSL,Vereador,318,2020
0380,17125,MARIA JOSE DE SOUZA PEREIRA,PSL,Vereador,1,2020
0380,17150,LAVINIA PRADO DOS SANTOS,PSL,Vereador,26,2020
0380,17158,SHIRLENE MERCES DOS SANTOS,PSL,Vereador,2,2020
0380,17177,LUIZ ANTONIO DA CONCEIÇÃO PAP,PSL,Vereador,14,2020
0380,17181,ALEXANDRE FELIX SIGRIST,PSL,Vereador,26,2020
0380,17200,EDISON RIBEIRO,PSL,Vereador,450,2020
0380,17202,ERIKA ALMEIDA DA SILVA,PSL,Vereador,14,2020
0380,17213,VALDIR APARECIDO MERIN,PSL,Vereador,226,2020
0380,17222,JORGE PANSANI DE FRANÇA,PSL,Vereador,29,2020
0380,17300,ROSENILDO FRANÇA DE SOUSA,PSL,Vereador,0,2020
0380,17325,SAMYA DANIELLE MARTINS MEYER,PSL,Vereador,6,2020
0380,17332,SILVAN PEREIRA GOMES,PSL,Vereador,0,2020
0380,17333,ROSA FERREIRA DA SILVA,PSL,Vereador,30,2020
0380,17345,EDENILSON FERREIRA DOS SANTOS,PSL,Vereador,3,2020
0380,17400,RAFAEL CARLOS BRAGA SOTTRATI,PSL,Vereador,22,2020
0380,17412,JOSE REIS GABRIEL,PSL,Vereador,50,2020
0380,17444,LUCIANA FRANÇA,PSL,Vereador,4,2020
0380,17456,IRDIVAL APARECIDO FREZZATO,PSL,Vereador,149,2020
0380,17489,BRUNA REGINA DA ROCHA BAZOTTE,PSL,Vereador,9,2020
0380,17490,MARCIA MENDES LIMA DA SILVA,PSL,Vereador,3,2020
0380,17500,ORLEANS DE SA ALENCAR,PSL,Vereador,27,2020
0380,17555,CARLOS RUBEM BARRETTO XAVIER,PSL,Vereador,39,2020
0380,17576,DIANE BUENO QUERINO,PSL,Vereador,9,2020
0380,17577,VLAMIR FRANCISCO VIANA,PSL,Vereador,4,2020
0380,17580,IZAÍAS VICENTE EUZÉBIO,PSL,Vereador,7,2020
0380,17600,DORMELA LUIZA JUNQUEIRA DELGADO,PSL,Vereador,6,2020
0380,17620,PEDRO ALVES MARTINS,PSL,Vereador,8,2020
0380,17700,CLAUDIO ROBERTO NAVA,PSL,Vereador,18,2020
0380,17716,DIVINO SEBASTIÃO DA SILVA,PSL,Vereador,12,2020
0380,17717,ANTONIO VILSON DOS SANTOS,PSL,Vereador,87,2020
0380,17775,BENEDITO SIVIRINO RODRIGUES DO NASCIMENTO,PSL,Vereador,60,2020
0380,17777,SILVIO ROBERTO LIMA,PSL,Vereador,65,2020
0380,17789,MIZAEL IZIDORO BELLO GONÇALVES SILVA,PSL,Vereador,10,2020
0380,17800,JEZIEL SEVERINO DA SILVA,PSL,Vereador,266,2020
0380,17888,LUIZ CARLOS MOLINA,PSL,Vereador,90,2020
0380,17999,RENATA CRISTINA DA SILVA MOURA,PSL,Vereador,4,2020
0380,19007,GUSTAVO GONÇALVES,PODE,Vereador,6,2020
0380,19009,EDUARDO JORGE VELAZCO,PODE,Vereador,3,2020
0380,19017,FERNANDO LUIS COUTINHO NEVES,PODE,Vereador,144,2020
0380,19019,CLAYTON BUENO MENDES,PODE,Vereador,14,2020
0380,19020,SIDNEI JOSE LOPES,PODE,Vereador,8,2020
0380,19022,SONIA APARECIDA DA SILVA,PODE,Vereador,2,2020
0380,19055,ELISEU DE LIMA LÚCIO,PODE,Vereador,5,2020
0380,19069,SÔNIA MORELLI JUSTI,PODE,Vereador,4,2020
0380,19089,CREUZA RODRIGUES REAL DE OLIVEIRA,PODE,Vereador,0,2020
0380,19099,JOÃO OLIMPIO SANTANA FERREIRA,PODE,Vereador,9,2020
0380,19100,JOSÉ CARLOS DE MOURA,PODE,Vereador,2,2020
0380,19111,ADRIANA MARESTONI SPADONI,PODE,Vereador,27,2020
0380,19123,VONE DA SILVA MARQUES,PODE,Vereador,10,2020
0380,19190,RAQUEL APARECIDA DIAS,PODE,Vereador,30,2020
0380,19194,GIULIANE CAROLINE DE OLIVEIRA MARTINELLI,PODE,Vereador,9,2020
0380,19200,PAULINO DE CAMPOS,PODE,Vereador,2,2020
0380,19222,CLEUDES APARECIDA AMANCIO DA ROCHA,PODE,Vereador,2,2020
0380,19251,JÚLIO CÉSAR DE MORAIS,PODE,Vereador,7,2020
0380,19299,PAULO SERGIO RODRIGUES DA SILVA,PODE,Vereador,3,2020
0380,19300,PATRÍCIA APARECIDA BERALDO,PODE,Vereador,0,2020
0380,19321,CYNTHIA MOZER NAKAMURA,PODE,Vereador,59,2020
0380,19333,SOLANGE REGINA ALARCON TEIXEIRA,PODE,Vereador,0,2020
0380,19377,HELOISA HELENA SANT ANNA SILVEIRA,PODE,Vereador,17,2020
0380,19388,SONIA APARECIDA MARIANO,PODE,Vereador,0,2020
0380,19390,FRANCISCO CARLOS DE OLIVEIRA,PODE,Vereador,7,2020
0380,19422,ARMANDO LOPES,PODE,Vereador,15,2020
0380,19444,GISLAINE MORAES GUSMÃO DE BRITO,PODE,Vereador,20,2020
0380,19456,LUZIA DE SALES,PODE,Vereador,0,2020
0380,19466,SEBASTIÃO ROQUE RODRIGUES,PODE,Vereador,11,2020
0380,19470,MANOEL VICENTE MACHADO JUNIOR,PODE,Vereador,40,2020
0380,19555,EDUARDO DOS REIS MAGOGA,PODE,Vereador,2218,2020
0380,19567,ROBERTO CARLOS GAMALIER DOS SANTOS,PODE,Vereador,4,2020
0380,19620,MIGUEL ARCANJO MONTEIRO VICENTE,PODE,Vereador,72,2020
0380,19700,ALEXSANDER LEAL DE OLIVEIRA,PODE,Vereador,11,2020
0380,19777,ARADIANE CRISTINA VICENTE RODRIGUES CHRISPIM,PODE,Vereador,9,2020
0380,19788,ARLEY PEREIRA DA SILVA,PODE,Vereador,1,2020
0380,19789,SILAS GOMES DA SILVA,PODE,Vereador,1,2020
0380,19877,NEY HAMILTON DE OLIVEIRA,PODE,Vereador,18,2020
0380,19880,MARIA RITA DE CASSIA LIVATO,PODE,Vereador,6,2020
0380,19882,ADENILSON ANTONIO PIMENTA VIEIRA,PODE,Vereador,1,2020
0380,19888,JOSE LUIS MONTEIRO,PODE,Vereador,1,2020
0380,19900,ADRIANO JARILHO DE ABREU,PODE,Vereador,18,2020
0380,19911,CARINA FERNANDA SMIRELLI,PODE,Vereador,7,2020
0380,19963,NUNO PAULO MENDONÇA FIGUEIRA,PODE,Vereador,6,2020
0380,19977,SIDIVAL CARLOS DA SILVA,PODE,Vereador,9,2020
0380,19987,APARECIDO FRANCISCO BARBINO,PODE,Vereador,5,2020
0380,19990,RONALDO DE SOUZA,PODE,Vereador,1,2020
0380,19999,RUBENS BRASILINO ROCHA,PODE,Vereador,38,2020
0380,20000,DEBORA DE ANDRADE PALERMO,PSC,Vereador,130,2020
0380,20002,MARIA EUNICE RODRIGUES,PSC,Vereador,1,2020
0380,20008,MARCOS ANTONIO GONÇALVES,PSC,Vereador,27,2020
0380,20010,JOSÉ JORGE ESCOTÃO,PSC,Vereador,4,2020
0380,20013,CARLOS CRISTOVAM PASTORE,PSC,Vereador,26,2020
0380,20020,CARLOS EDUARDO CRUZ,PSC,Vereador,73,2020
0380,20022,MILCA DOS SANTOS DUARTE,PSC,Vereador,8,2020
0380,20054,APARECIDA CELESTE LOPES,PSC,Vereador,3,2020
0380,20077,CLAUDETE MARTINS SANTOS DE ANDRADE,PSC,Vereador,9,2020
0380,20078,CARLOS EDUARDO ZANCHETA,PSC,Vereador,379,2020
0380,20110,MARIA JOSÉ CÂNDIDO,PSC,Vereador,9,2020
0380,20113,FRANCISCO DE ASSIS  MARTINS DE ALMEIDA,PSC,Vereador,16,2020
0380,20120,CLAUDINEY ALONSO,PSC,Vereador,35,2020
0380,20121,CLAUDIONOR RODRIGUES PORTO,PSC,Vereador,22,2020
0380,20123,MAURICELE DA SILVA LOPES,PSC,Vereador,79,2020
0380,20133,MARISA MARTINS DE OLIVEIRA,PSC,Vereador,25,2020
0380,20153,ALEXANDRE MORAES DE ALVARENGA RANGEL,PSC,Vereador,127,2020
0380,20164,JORGE FELIX HYMALAIA,PSC,Vereador,15,2020
0380,20200,MARCOS FERNANDO GUILLEN,PSC,Vereador,49,2020
0380,20210,ALTAZIDE RODRIGUES DA FONSECA FILHO,PSC,Vereador,13,2020
0380,20220,CARMO LUIZ GREGÓRIO DA SILVA,PSC,Vereador,146,2020
0380,20222,SEBASTIÃO CARLOS TORRES,PSC,Vereador,20,2020
0380,20223,MICHELLA SILVA LOPES,PSC,Vereador,1,2020
0380,20224,REGINALDO DOS SANTOS NUNES,PSC,Vereador,30,2020
0380,20234,MARIA DE LOURDES PEREIRA DA SILVA,PSC,Vereador,4,2020
0380,20240,SILVIA BATISTA DOS SANTOS,PSC,Vereador,12,2020
0380,20300,VALDIR FERREIRA,PSC,Vereador,91,2020
0380,20310,SERGIO MELLO MEDEIROS,PSC,Vereador,25,2020
0380,20320,CLAUDIO JOSÉ BERNARDES,PSC,Vereador,53,2020
0380,20322,ALVIMAR LEITE DOS SANTOS,PSC,Vereador,1,2020
0380,20333,JOSÉ DOMINGOS DA SILVA SANTOS,PSC,Vereador,13,2020
0380,20345,ISAC MONEGO,PSC,Vereador,392,2020
0380,20360,IARA APARECIDA RODRIGUES DOS SANTOS,PSC,Vereador,2,2020
0380,20444,NELSON JOSÉ PACHECO,PSC,Vereador,18,2020
0380,20456,FABIO CAMILO DE ALMEIDA,PSC,Vereador,155,2020
0380,20500,JOSÉ CARLOS FURIOSO,PSC,Vereador,118,2020
0380,20520,JOSÉ GERALDO DAMASCENO,PSC,Vereador,17,2020
0380,20555,ROGÉRIO RODRIGUES DE CASTRO,PSC,Vereador,23,2020
0380,20620,GILBERTO LEÃO DE ARAUJO,PSC,Vereador,29,2020
0380,20622,MAIRA ANNE PEREIRA GNATOS,PSC,Vereador,9,2020
0380,20638,ANA PAULA DA SILVA MORAES,PSC,Vereador,8,2020
0380,20666,PAULO CESAR COELHO ROCHA,PSC,Vereador,6,2020
0380,20700,ELCIO BATISTA,PSC,Vereador,699,2020
0380,20720,ALLINE DE OLIVEIRA SANTANA,PSC,Vereador,18,2020
0380,20777,MARCOS EDUARDO MARIANO,PSC,Vereador,40,2020
0380,20789,VALDIRLEI MARTINGHI,PSC,Vereador,26,2020
0380,20820,PEDRO HENRIQUE GONSALES DE OLIVEIRA,PSC,Vereador,6,2020
0380,20888,MANOEL NEVES DOS SANTOS,PSC,Vereador,44,2020
0380,20920,ELIETE APARECIDA FANTIN,PSC,Vereador,3,2020
0380,20999,JORGE LUIZ DO ROSÁRIO,PSC,Vereador,6,2020
0380,22000,ALBERTO ALVES DA FONSECA,PL,Vereador,486,2020
0380,22006,ALDO ALVES JUNIOR,PL,Vereador,14,2020
0380,22007,MIRIAM DIAS DA MACENO TERATO,PL,Vereador,21,2020
0380,22010,ROGERIO FIGUEREDO SANTANA,PL,Vereador,19,2020
0380,22019,FELIPE PEREIRA DE CAMPOS VERGUEIRO,PL,Vereador,96,2020
0380,22020,LENILDO FRANCISCO DA SILVA,PL,Vereador,2,2020
0380,22022,IVAN RICARDO LEITE NEVES,PL,Vereador,6,2020
0380,22038,TULIO AUGUSTO MARTINS SIQUEIRA,PL,Vereador,87,2020
0380,22072,LEONDAS DE JESUS PEREIRA,PL,Vereador,23,2020
0380,22100,LEONARDO ROCHA DÓRO,PL,Vereador,47,2020
0380,22111,CAROLINA LOURENÇO DEFILIPPI GONÇALVES,PL,Vereador,203,2020
0380,22112,EGLÊ SILVA PEREIRA NASCIMENTO,PL,Vereador,22,2020
0380,22120,PAULO ROBERTO MARTINS,PL,Vereador,5,2020
0380,22122,DAIANE PATRICIA DE BARROS BEZERRA,PL,Vereador,16,2020
0380,22123,JORGE ROBERTO SCHENEIDER,PL,Vereador,1664,2020
0380,22125,FRANCISCO RALPH NASCIMENTO VARONI,PL,Vereador,28,2020
0380,22139,ROSANA DE SOUZA NUNES LACERDA,PL,Vereador,7,2020
0380,22200,WESLEY ALVARO MONTEIRO AGUIAR,PL,Vereador,114,2020
0380,22211,RAIMUNDO ELIEL NUNES DE LIMA,PL,Vereador,7,2020
0380,22212,DANIEL DOS SANTOS,PL,Vereador,9,2020
0380,22222,PAULO SERGIO GALTÉRIO,PL,Vereador,173,2020
0380,22223,HELIET TELMIS FERRARI,PL,Vereador,54,2020
0380,22243,ABRAÃO STREY,PL,Vereador,112,2020
0380,22300,JORGE VEIGA JUNIOR,PL,Vereador,210,2020
0380,22321,GILBERT JOSE DE MELLO,PL,Vereador,32,2020
0380,22322,TIAGO ESPINDOLA BATISTA,PL,Vereador,5,2020
0380,22333,THELMA ELAINE BRASILEIRO ROBERTI,PL,Vereador,129,2020
0380,22345,SILVIA MARLENE DA GRAÇA SILVA,PL,Vereador,15,2020
0380,22369,FERNANDA APARECIDA FIDELIS DE SOUZA,PL,Vereador,15,2020
0380,22400,ISMAILDA GOMES CAVALCANTE,PL,Vereador,3,2020
0380,22422,IRINEU SENTURIÃO,PL,Vereador,11,2020
0380,22456,FÁBIO LUIS DE LIMA,PL,Vereador,35,2020
0380,22500,MOISES MARQUES DE ABREU,PL,Vereador,53,2020
0380,22522,MARIA DE LOURDES DOS ANJOS,PL,Vereador,21,2020
0380,22552,ILZA MACENA DOS SANTOS SERRANO,PL,Vereador,21,2020
0380,22555,HUMBERTO FERNANDO RODRIGUES,PL,Vereador,25,2020
0380,22567,OTTO ALEJANDRO RIGAZZO ETTINGER,PL,Vereador,107,2020
0380,22580,CRISTIANO FORIGATO,PL,Vereador,52,2020
0380,22615,JOSE CARLOS DA SILVA CHAVES,PL,Vereador,6,2020
0380,22622,EDEVALDO DE MELO,PL,Vereador,125,2020
0380,22700,PAULA DA SILVA RAMOS,PL,Vereador,376,2020
0380,22722,SANDRO TEIXEIRA BATISTA,PL,Vereador,59,2020
0380,22766,MARCELO LEANDRO PEREIRA DOS SANTOS,PL,Vereador,4,2020
0380,22777,VALMIR APARECIDO MARÇAL,PL,Vereador,16,2020
0380,22789,JUSCELINO DE SOUZA MARTINS,PL,Vereador,2365,2020
0380,22800,ANA CAROLINA LOPES CALUSNI,PL,Vereador,72,2020
0380,22840,ROSANGELA APARECIDA RIBEIRO,PL,Vereador,3,2020
0380,22888,SANDRO ORLANDO RAFFA,PL,Vereador,36,2020
0380,22889,ELISÂNGELA KELI DELARICA MACHADO DE FARIA,PL,Vereador,25,2020
0380,22999,GASPARINO RAIMUNDO DA SILVA,PL,Vereador,121,2020
0380,23000,NADINA APARECIDA FERNANDES DOS SANTOS,CIDADANIA,Vereador,22,2020
0380,23001,LUCIANO TADEU DE PAULA PAJOLA,CIDADANIA,Vereador,58,2020
0380,23005,GERALDO JOSE NOGUEIRA,CIDADANIA,Vereador,0,2020
0380,23007,AMANDA SYLVAN NEVES,CIDADANIA,Vereador,18,2020
0380,23010,LUCIANA APARECIDA CARDOSO,CIDADANIA,Vereador,6,2020
0380,23011,ELIAS RODRIGUES BASTOS,CIDADANIA,Vereador,58,2020
0380,23013,LUIZ GUILHERME WEISS FRANCO DE CAMPOS,CIDADANIA,Vereador,17,2020
0380,23014,CELSO ADRIANO DO NASCIMENTO,CIDADANIA,Vereador,2,2020
0380,23019,ELTON RODRIGUES DOS SANTOS,CIDADANIA,Vereador,6,2020
0380,23020,SIDNEI ALVES ROCHA,CIDADANIA,Vereador,6,2020
0380,23023,MIKAIL CARDOSO SOARES,CIDADANIA,Vereador,546,2020
0380,23026,MARJORIE DA COSTA HENRIQUE RODRIGUES,CIDADANIA,Vereador,149,2020
0380,23040,LEIDIANE SERAFIM MELO,CIDADANIA,Vereador,34,2020
0380,23044,ANITA MARIA DE FARIA,CIDADANIA,Vereador,1,2020
0380,23051,MANOEL CORREIA NETO,CIDADANIA,Vereador,1,2020
0380,23058,JOSE LIMA DA CRUZ,CIDADANIA,Vereador,9,2020
0380,23108,DAIANY FERREIRA OLIVEIRA,CIDADANIA,Vereador,1,2020
0380,23111,JORGE PANUTO DE OLIVEIRA,CIDADANIA,Vereador,6,2020
0380,23123,PAULO CESAR HADDAD,CIDADANIA,Vereador,339,2020
0380,23188,ANDERSON PEDRO,CIDADANIA,Vereador,7,2020
0380,23222,MARCIO OLIVEIRA SANTOS,CIDADANIA,Vereador,27,2020
0380,23230,LUIS CARLOS SANTOS,CIDADANIA,Vereador,30,2020
0380,23232,VILSON VINICIUS NASCIMENTO DA SILVA,CIDADANIA,Vereador,26,2020
0380,23234,JOSELITA RODRIGUES NUNES,CIDADANIA,Vereador,4,2020
0380,23238,LI LI MIN,CIDADANIA,Vereador,81,2020
0380,23257,DIOGO PASCHOAL STENICO,CIDADANIA,Vereador,16,2020
0380,23270,BEATRIZ DA SILVA LIMA,CIDADANIA,Vereador,6,2020
0380,23321,MARCIA APARECIDA RODRIGUES,CIDADANIA,Vereador,7,2020
0380,23323,RAFAEL FERREIRA OUTEIRO,CIDADANIA,Vereador,13,2020
0380,23333,GUILHERME AUGUSTO ANTONIOLI,CIDADANIA,Vereador,20,2020
0380,23345,WILLIAM GONÇALVEZ MARTINS,CIDADANIA,Vereador,9,2020
0380,23444,MARCOS EUNER BENUTTO,CIDADANIA,Vereador,39,2020
0380,23456,HENRI MAEDA,CIDADANIA,Vereador,222,2020
0380,23500,ROSA CASTELO,CIDADANIA,Vereador,43,2020
0380,23555,FRANCISCO ANTONIO DA SILVA,CIDADANIA,Vereador,6,2020
0380,23678,SERGIO RICARDO DE MORAIS,CIDADANIA,Vereador,19,2020
0380,23698,RILDO CARLOS PRAZERES DOS SANTOS,CIDADANIA,Vereador,27,2020
0380,23700,JOSE DE MORAIS NETO,CIDADANIA,Vereador,6,2020
0380,23723,ROSEMEIRE MARQUES VIRGINELLO,CIDADANIA,Vereador,5,2020
0380,23786,LENICE DA SILVA SANTOS,CIDADANIA,Vereador,5,2020
0380,23789,ELIAS ALVES DOS SANTOS,CIDADANIA,Vereador,17,2020
0380,23888,JOSE ALBERTO FERREIRA DE LIMA,CIDADANIA,Vereador,2,2020
0380,23923,ANA STELA ALVES DE LIMA,CIDADANIA,Vereador,91,2020
0380,25000,RODRIGO LUIS DE BARROS ALMEIDA,DEM,Vereador,179,2020
0380,25003,ANDREY DA SILVA CARVALHO,DEM,Vereador,2,2020
0380,25005,THIAGO RIBEIRO BRANDÃO,DEM,Vereador,1,2020
0380,25007,LEONARDO RUELA SANTANA,DEM,Vereador,97,2020
0380,25012,JOSELINDA PEREIRA BARBOSA,DEM,Vereador,2,2020
0380,25021,SANDRA REGINA ALVES,DEM,Vereador,0,2020
0380,25025,APARECIDO GOMES CORREIA,DEM,Vereador,18,2020
0380,25030,ITAMAR MARTINS CAMPOY,DEM,Vereador,66,2020
0380,25031,CLAUDEMIR DOMINGOS,DEM,Vereador,28,2020
0380,25049,ELAINE CRISTINA GARCIA RAMOS DE SOUSA,DEM,Vereador,20,2020
0380,25050,JOEL VALENCIO DE SOUZA,DEM,Vereador,2,2020
0380,25065,FRANCISCO DAS CHAGAS VIDAL FERREIRA,DEM,Vereador,23,2020
0380,25077,MARIA JOSÉ GALVÃO DE LIMA,DEM,Vereador,20,2020
0380,25100,BRUNA CAROLINE ROSA,DEM,Vereador,17,2020
0380,25110,AMANDO RIBEIRO DOS SANTOS JUNIOR,DEM,Vereador,715,2020
0380,25111,JOSÉ FRANCISCO DA SILVA,DEM,Vereador,15,2020
0380,25123,WANDERLEY LUIZ SARTORI,DEM,Vereador,90,2020
0380,25125,JOEL CARLOS DORNELAS,DEM,Vereador,20,2020
0380,25135,MARCELLO LEONARDI BEZERRA,DEM,Vereador,21,2020
0380,25155,FERNANDO SCALET ARAUJO,DEM,Vereador,11,2020
0380,25190,VLADIMIR RIBEIRO,DEM,Vereador,114,2020
0380,25200,MARCELINO FELISBERTO DA COSTA,DEM,Vereador,29,2020
0380,25222,MAURA ELIZABETH CRUZ,DEM,Vereador,8,2020
0380,25333,EMERSON VETACA,DEM,Vereador,20,2020
0380,25369,JULIANA DOS SANTOS RIBEIRO,DEM,Vereador,37,2020
0380,25400,FERNANDO CARVALHO ZAMITH,DEM,Vereador,5,2020
0380,25444,GENNE ALBINO PINTO,DEM,Vereador,8,2020
0380,25500,RUBENS SOARES DO NASCIMENTO,DEM,Vereador,267,2020
0380,25530,JOSE AUGUSTO MENEZES DA SILVA,DEM,Vereador,3,2020
0380,25555,SARA EVANGELISTA SARDINHA,DEM,Vereador,26,2020
0380,25600,LUCIANA AUGUSTA DOS SANTOS CARVALHO PINHO,DEM,Vereador,27,2020
0380,25625,MARTA DE JESUS NICOLAU ROCHA,DEM,Vereador,6,2020
0380,25678,LUIZ HENRIQUE DA SILVA,DEM,Vereador,2,2020
0380,25695,PAULO HENRIQUE DA SILVA,DEM,Vereador,2,2020
0380,25703,CLAUDIO CALDAS,DEM,Vereador,1,2020
0380,25777,JORGE RICARDO TEIXEIRA CEZARIO,DEM,Vereador,35,2020
0380,25789,WILSON SENIGALIA,DEM,Vereador,23,2020
0380,25800,ELZA DONIZETE DA SILVA,DEM,Vereador,2,2020
0380,25877,ANTONIA JAIARA ALVES CARDOZO,DEM,Vereador,4,2020
0380,25905,HILDEBRANDO ALVES DE OLIVEIRA,DEM,Vereador,23,2020
0380,25925,ANGELA MARTA DE BRITO,DEM,Vereador,4,2020
0380,25933,IZABEL SILVA SOUZA,DEM,Vereador,0,2020
0380,25999,MARCONE JOSÉ DE LIMA,DEM,Vereador,21,2020
0380,28000,JOSE AFONSO DA COSTA BITTENCOURT,PRTB,Vereador,54,2020
0380,28001,MARCELO TEIXEIRA BARBOSA,PRTB,Vereador,8,2020
0380,28008,JOÃO BATISTA PEDROSO,PRTB,Vereador,12,2020
0380,28010,BEATRIZ HELENA DIAS CRESPI,PRTB,Vereador,0,2020
0380,28020,JOSE GERALDO CRUZ COSTA,PRTB,Vereador,8,2020
0380,28028,CARLOS ALBERTO BERTOLDO,PRTB,Vereador,74,2020
0380,28086,JEICY KELLY DE OLIVEIRA,PRTB,Vereador,3,2020
0380,28128,ANGELA ISABEL RODRIGUES,PRTB,Vereador,12,2020
0380,28148,FRANCISCO CORDEIRO,PRTB,Vereador,18,2020
0380,28295,TANIA CORREIA GOMES DE FIGUEIREDO,PRTB,Vereador,1,2020
0380,28333,MOACIR JOSE SCACCHETTI,PRTB,Vereador,22,2020
0380,28383,ISAMAR APARECIDA SILVA MIGLIARI,PRTB,Vereador,9,2020
0380,28456,ANTONIO MOSCATELLI,PRTB,Vereador,43,2020
0380,28762,CLAUDIO KOVACSICS,PRTB,Vereador,42,2020
0380,28777,JOSE CIRO ROJAS QUISPE,PRTB,Vereador,5,2020
0380,28789,OSVALDO BORTOLETO,PRTB,Vereador,36,2020
0380,28800,TALITA RIBEIRO ALVES,PRTB,Vereador,33,2020
0380,28888,JOSE RENATO PIRES,PRTB,Vereador,40,2020
0380,30000,ANDRE ROBERTO FREITAS FERREIRA PINTO,NOVO,Vereador,195,2020
0380,30003,ALCIDES SOARES FILHO,NOVO,Vereador,8,2020
0380,30007,MARCÉLIO ANDRADE LEÃO,NOVO,Vereador,248,2020
0380,30032,JUSSARA CRISTINA DA SILVA,NOVO,Vereador,14,2020
0380,30083,CARLOS DANIEL CORADI,NOVO,Vereador,28,2020
0380,30100,ADELSON FONSECA BEZERRA,NOVO,Vereador,109,2020
0380,30123,MARNE DA SILVA CAMPOS,NOVO,Vereador,73,2020
0380,30153,MIRIAM MARIA ANTUNES DE SOUZA,NOVO,Vereador,61,2020
0380,30222,MARCIA ANTONIA CIA RIBEIRO SANTOS,NOVO,Vereador,109,2020
0380,30300,SANDRA HELENA FERNANDES,NOVO,Vereador,79,2020
0380,30333,FRANCISCO ASSIS DA CONCEIÇÃO,NOVO,Vereador,92,2020
0380,30500,MARIA CRISTINA DE OLIVEIRA,NOVO,Vereador,229,2020
0380,30730,CÁSSIO HERVELLA,NOVO,Vereador,31,2020
0380,30777,JONATHAS DE SIQUEIRA FERREIRA,NOVO,Vereador,322,2020
0380,30900,DANIEL BISCOLA PEREIRA,NOVO,Vereador,185,2020
0380,30999,PAULO SÉRGIO BARCELLOS GASPAR,NOVO,Vereador,316,2020
0380,33000,LOURIVAL RODRIGUES DA SILVA,PMN,Vereador,11,2020
0380,33007,MARINA DE JESUS TERRA,PMN,Vereador,1,2020
0380,33022,LEANDRO DE OLIVEIRA SILVA,PMN,Vereador,1,2020
0380,33096,BRENDA DA SILVA FERREIRA,PMN,Vereador,1,2020
0380,33102,PEDRO PRUDENTE DE MORAIS NETO,PMN,Vereador,6,2020
0380,33123,LILIANE HELENA AGUIAR DE OLIVEIRA,PMN,Vereador,0,2020
0380,33170,RAIMUNDO FERREIRA DE SOUZA,PMN,Vereador,5,2020
0380,33222,SERGIO RICARDO CACCIACARRO,PMN,Vereador,0,2020
0380,33333,TARYK AL JAMAHIRIYA AGIO,PMN,Vereador,7,2020
0380,33727,LUIZ HENRIQUE LANA RODRIGUES,PMN,Vereador,0,2020
0380,33777,GILBERTO GONÇALVES,PMN,Vereador,9,2020
0380,40000,LUIS MOKITI YABIKU,PSB,Vereador,744,2020
0380,40001,ANDERSON DELBUE GIANETTI,PSB,Vereador,47,2020
0380,40006,ROSA PAULA SELHI,PSB,Vereador,68,2020
0380,40007,ANA ROSA PASCOAL REIS RODRIGUES DOS SANTOS,PSB,Vereador,13,2020
0380,40008,GABRIELY DE OLIVEIRA,PSB,Vereador,29,2020
0380,40011,DELLY RIDAN ABELINI E SCUCUGLIA DE MEDEIROS SOUTO,PSB,Vereador,6,2020
0380,40012,JURACY PEREIRA COUTINHO JUNIOR,PSB,Vereador,45,2020
0380,40013,JAIRSON VALERIO DOS ANJOS,PSB,Vereador,86,2020
0380,40019,ALEXANDRE SPENCER RAMPAZO VASCONCELLOS,PSB,Vereador,84,2020
0380,40021,WELLINGTON LUCIANO DE SYLLOS,PSB,Vereador,6,2020
0380,40024,DONIZETE DA COSTA AMARAL,PSB,Vereador,6,2020
0380,40040,ADILSON DE SOUZA ROCHA,PSB,Vereador,200,2020
0380,40075,OSMAIR DONIZETE PEREIRA,PSB,Vereador,53,2020
0380,40100,JOSE BATISTA DE CARVALHO FILHO,PSB,Vereador,144,2020
0380,40110,ARMINDO LIMA DE ALMEIDA,PSB,Vereador,21,2020
0380,40111,AIRTON FEITOSA DOS SANTOS,PSB,Vereador,2,2020
0380,40112,FILIPE BATISTA MARCHESI,PSB,Vereador,270,2020
0380,40123,GILBERTO CARLOS CARDOSO,PSB,Vereador,198,2020
0380,40140,CAROLINA NOGUEIRA BOSCOLO,PSB,Vereador,100,2020
0380,40150,SERGIO LUIS DOS SANTOS,PSB,Vereador,34,2020
0380,40159,DEBORA MARINO DAS NEVES,PSB,Vereador,14,2020
0380,40180,ANA CAROLINA SANCHES,PSB,Vereador,2,2020
0380,40200,PAULO DE ELISEU GIROTO,PSB,Vereador,17,2020
0380,40203,ROGERIO DE OLIVEIRA LINS,PSB,Vereador,7,2020
0380,40204,DANIEL DE BRITO BERNABÉ,PSB,Vereador,44,2020
0380,40220,DOUGLAS MENEZES,PSB,Vereador,70,2020
0380,40222,ELIAS HERNANE AZEVEDO,PSB,Vereador,492,2020
0380,40234,FRANCIELI CRISTINA BOCHNIE,PSB,Vereador,7,2020
0380,40333,LARA SOFIA FRIGERI,PSB,Vereador,44,2020
0380,40345,CLAUDINEI ALMEIDA,PSB,Vereador,147,2020
0380,40388,ALEXANDRE ALASMAR JUNIOR,PSB,Vereador,7,2020
0380,40400,IVONE CRESCENCIO DA SILVA MENDONÇA,PSB,Vereador,85,2020
0380,40422,DEUCI FATIMA SOARES,PSB,Vereador,50,2020
0380,40424,ADRIANA CRISTINA LEITE SILVA,PSB,Vereador,13,2020
0380,40444,CÉLIA ROBERTO,PSB,Vereador,9,2020
0380,40456,PERMINIO MONTEIRO DA SILVA,PSB,Vereador,148,2020
0380,40500,JOÃO JOTA SILVA,PSB,Vereador,96,2020
0380,40513,NEUSA SILVA,PSB,Vereador,6,2020
0380,40555,LUIZ FERNANDO MARIANO MATEUS,PSB,Vereador,230,2020
0380,40580,JOSE CARLOS DOS SANTOS,PSB,Vereador,329,2020
0380,40677,CID FERREIRA DE SOUZA,PSB,Vereador,450,2020
0380,40678,JOSÉ CARLOS SILVA,PSB,Vereador,2975,2020
0380,40777,ANDRÉ JORGE MARUJO,PSB,Vereador,180,2020
0380,40789,JOAO RINALDO MACHADO,PSB,Vereador,38,2020
0380,40888,AILTON FERNANDES SARMENTO,PSB,Vereador,60,2020
0380,40900,JOSE HONORATO DOS SANTOS,PSB,Vereador,32,2020
0380,40971,JEFERSON AMARANTE,PSB,Vereador,5,2020
0380,40999,GILBERTO MANOEL DE ALMEIDA,PSB,Vereador,123,2020
0380,43000,VAGNER DOS SANTOS BELLINI,PV,Vereador,100,2020
0380,43001,GILMAR DE MELO COSTA,PV,Vereador,21,2020
0380,43003,GABRIEL PIRES DO VALLE RIBEIRO,PV,Vereador,1,2020
0380,43006,ELAINE CRISTINA DA SILVA POGGETTI,PV,Vereador,1,2020
0380,43007,SILVIA HELENA SENISE FURIO VENTURI,PV,Vereador,4,2020
0380,43010,ANGELA CRISTINA MIRANDA,PV,Vereador,14,2020
0380,43011,JOSÉ TAVARES DA ROCHA,PV,Vereador,7,2020
0380,43013,ROSEMEIRE BENTO DE SOUSA,PV,Vereador,21,2020
0380,43020,JORGE FERREIRA PORTO,PV,Vereador,3,2020
0380,43033,SEBASTIÃO TEIXEIRA DE CARVALHO,PV,Vereador,7,2020
0380,43034,KATTYA CRISTINA GAIOTTO,PV,Vereador,29,2020
0380,43043,SILVIA SANTOMI MIYAMOTO,PV,Vereador,36,2020
0380,43050,CARLOS ALVES FEITOSA,PV,Vereador,0,2020
0380,43084,ADRIANO HENRIQUE HERMINI,PV,Vereador,5,2020
0380,43100,ROBINSON WILSON FELIPE,PV,Vereador,24,2020
0380,43103,LENIR MAGALHÃES BOLDRIN,PV,Vereador,1,2020
0380,43111,FRANCISCO SILVA DE MACEDO,PV,Vereador,2,2020
0380,43123,LUIZ CARLOS ROSSINI,PV,Vereador,423,2020
0380,43190,CARLOS ROBERTO DOS SANTOS,PV,Vereador,63,2020
0380,43192,CIRLENE DOS SANTOS,PV,Vereador,41,2020
0380,43200,ADRIANO DE JESUS MENDES,PV,Vereador,2,2020
0380,43210,ROGERS FUSSI AVEIRO,PV,Vereador,18,2020
0380,43221,MAIZA LISBOA,PV,Vereador,0,2020
0380,43229,FABIANA APARECIDA SILVEIRA CAMARGO,PV,Vereador,1,2020
0380,43233,CRISTIANE MENDES DE OLIVERA,PV,Vereador,44,2020
0380,43300,CARLOS EDUARDO DEPIERI,PV,Vereador,74,2020
0380,43321,CARLOS EDUARDO TREVISOLLI DA SILVA,PV,Vereador,8,2020
0380,43333,GIVALDO FERREIRA DE LIMA,PV,Vereador,27,2020
0380,43346,MAURO ACIR CRIPPA JUNIOR,PV,Vereador,42,2020
0380,43430,CARLOS ROBERTO ALVIM,PV,Vereador,265,2020
0380,43433,ZIARA CRISTINA ROQUE,PV,Vereador,5,2020
0380,43444,ANTONIO FRANCISCO NASCIMENTO,PV,Vereador,4,2020
0380,43500,CARLOS CESAR FERREIRA,PV,Vereador,34,2020
0380,43555,LUIZ GUSTAVO MERLO,PV,Vereador,73,2020
0380,43600,IVONE RAMOS DOS SANTOS,PV,Vereador,5,2020
0380,43666,ROSANA LEH DIAS,PV,Vereador,20,2020
0380,43725,GENIVAL CESAR DE MENESES,PV,Vereador,7,2020
0380,43741,MARCELO ANTONIO POLLETO,PV,Vereador,10,2020
0380,43777,DANIELLA AMADA RODRIGUES GOMES DOS SANTOS,PV,Vereador,25,2020
0380,43867,PEDRO DE CAIRO,PV,Vereador,13,2020
0380,43888,JOÃO FERREIRA DE ALMEIDA,PV,Vereador,22,2020
0380,43911,JOÃO RODRIGO NUCCI MARTIN,PV,Vereador,10,2020
0380,43999,RICARDO RÔMULO PAGANELI,PV,Vereador,58,2020
0380,45000,FRANCISCO PAULO CAVALCANTE,PSDB,Vereador,19,2020
0380,45015,STELA MARIS FERREIRA NOGUEIRA,PSDB,Vereador,10,2020
0380,45016,CRISTIANO OLIVEIRA DA SILVA,PSDB,Vereador,2,2020
0380,45022,VALDIR APARECIDO TERRAZAN,PSDB,Vereador,50,2020
0380,45033,JOSÉ CARLOS,PSDB,Vereador,6,2020
0380,45038,CAROLINA BRANCO CLAUDINO GOMES VANCINI,PSDB,Vereador,7,2020
0380,45040,LUCIANO LAURO DA SILVA,PSDB,Vereador,13,2020
0380,45045,THOMAZ ALCANTARA CAVALLARO,PSDB,Vereador,78,2020
0380,45100,ANTONIO LOPES,PSDB,Vereador,6,2020
0380,45123,GUILHERME DAMASCENO FERNANDES,PSDB,Vereador,284,2020
0380,45150,MARIA HELENA VIEIRA,PSDB,Vereador,6,2020
0380,45192,CRISTIANE APARECIDA DE BRITO,PSDB,Vereador,5,2020
0380,45200,ADENILTON FELIPE DOS SANTOS,PSDB,Vereador,9,2020
0380,45216,SELMA MARIA FERREIRA DE SOUZA,PSDB,Vereador,10,2020
0380,45222,JORGE DOS SANTOS MONTANARI,PSDB,Vereador,2204,2020
0380,45234,MARCOS JOSÉ BERNARDELLI,PSDB,Vereador,267,2020
0380,45245,SABRINA TAMARA DO COUTO,PSDB,Vereador,8,2020
0380,45275,ANA APARECIDA TRISTÃO BIANCHI,PSDB,Vereador,26,2020
0380,45333,OSMAR BALDIN SIMIONATTO,PSDB,Vereador,9,2020
0380,45387,HELENICE DE FATIMA SOUZA ALMEIDA,PSDB,Vereador,3,2020
0380,45444,CLEONICE REGINA DE CARVALHO,PSDB,Vereador,1,2020
0380,45455,VERA LUZ CAMPOS SERRAZES,PSDB,Vereador,7,2020
0380,45456,DEBORAH LUZIA NASCIMENTO ROSA,PSDB,Vereador,63,2020
0380,45500,WILSON DA SILVA,PSDB,Vereador,32,2020
0380,45518,ANGELO ROBERTO RIBEIRO DA CUNHA JUNIOR,PSDB,Vereador,70,2020
0380,45555,JANAINA CORDEIRO NEVES,PSDB,Vereador,12,2020
0380,45567,ROBERTO AQUIO SASAKI,PSDB,Vereador,123,2020
0380,45580,JOSÉ OSCAR PEREIRA DE SOUZA,PSDB,Vereador,14,2020
0380,45600,DANILO RIDYER PALMA,PSDB,Vereador,56,2020
0380,45645,LEONARDO LORO MARTINS PINTO,PSDB,Vereador,3,2020
0380,45678,LUIZ HENRIQUE CIRILO,PSDB,Vereador,321,2020
0380,45700,VANDERLEI VICENTE DA SILVA,PSDB,Vereador,3,2020
0380,45777,ADILSON PIMENTEL DE ALMEIDA,PSDB,Vereador,34,2020
0380,45888,JOÃO DE FREITAS PATRICIO NETO,PSDB,Vereador,8,2020
0380,45972,ZULMIRA ALVES,PSDB,Vereador,41,2020
0380,45999,MARCELO LUIS MONTANARI,PSDB,Vereador,19,2020
0380,50000,PAULO ROBERTO BUFALO,PSOL,Vereador,459,2020
0380,50001,MARCELA DIAS MOREIRA,PSOL,Vereador,307,2020
0380,50002,AMILTON LUIS FIM LIMA,PSOL,Vereador,26,2020
0380,50005,LUAN MAYNNY SILVA AVELINO,PSOL,Vereador,15,2020
0380,50010,RAUL MARQUES PARDINHO,PSOL,Vereador,24,2020
0380,50050,JOSÉ APARECIDO RODRIGUES DE SOUZA,PSOL,Vereador,14,2020
0380,50100,MARIANA CONTI TAKAHASHI,PSOL,Vereador,1340,2020
0380,50123,ÉLICE NATALIA BOTELHO,PSOL,Vereador,356,2020
0380,50147,JOÃO PEREIRA MARINS,PSOL,Vereador,2,2020
0380,50150,JOSE LITO DA SILVA NASCIMENTO,PSOL,Vereador,8,2020
0380,50180,REBEKA GONÇALVES DIAS,PSOL,Vereador,36,2020
0380,50222,ROBERTO LUIS STEVENSON PRADO,PSOL,Vereador,129,2020
0380,50234,VALDOMIRO DIAS,PSOL,Vereador,42,2020
0380,50255,PAULO SÉRGIO EVANGELISTA DE SOUZA,PSOL,Vereador,7,2020
0380,50300,LETÍCIA SOUZA MOREIRA BENEVIDES,PSOL,Vereador,312,2020
0380,50444,DORALICE RITA SILVA DE ALCÂNTARA RODRIGUES,PSOL,Vereador,3,2020
0380,50500,NELTON MIRANDA LIMA DOS SANTOS,PSOL,Vereador,43,2020
0380,50501,DAMIÃO ALCÂNTARA DA SILVA,PSOL,Vereador,5,2020
0380,50505,DANIEL LUIS ALVES,PSOL,Vereador,50,2020
0380,50650,ALEXANDRE TORTORELLA MANDL,PSOL,Vereador,61,2020
0380,51000,ATILA FERNANDO GONCALVES RIBEIRO,PATRIOTA,Vereador,30,2020
0380,51003,NIVALDO VILLELA,PATRIOTA,Vereador,34,2020
0380,51051,JOÃO ADELINO ROCHA,PATRIOTA,Vereador,11,2020
0380,51053,GABRIELA ARAUJO,PATRIOTA,Vereador,3,2020
0380,51091,ROGERIO MANZINI,PATRIOTA,Vereador,2,2020
0380,51100,TING HUNG HAO,PATRIOTA,Vereador,18,2020
0380,51117,ELAINE PEREIRA,PATRIOTA,Vereador,18,2020
0380,51123,VALDEMIR JOSE MARTINS,PATRIOTA,Vereador,82,2020
0380,51153,CLEIR APARECIDO COELHO,PATRIOTA,Vereador,93,2020
0380,51222,LUIZ CARLOS DO ESPIRITO SANTO,PATRIOTA,Vereador,7,2020
0380,51234,ANDREIA PEREIRA FERRAZ,PATRIOTA,Vereador,27,2020
0380,51300,ALEX BATISTA ROCHA,PATRIOTA,Vereador,33,2020
0380,51511,EDINILSON LUCAS BEZERRA,PATRIOTA,Vereador,1,2020
0380,51533,EDSON TIAGO AUGUSTO,PATRIOTA,Vereador,13,2020
0380,51555,CÉSAR HENRIQUE MASUTTE,PATRIOTA,Vereador,19,2020
0380,51733,ROGERIO DE OLIVEIRA ADÃO,PATRIOTA,Vereador,29,2020
0380,51789,LETICIA MARCELA TOME,PATRIOTA,Vereador,18,2020
0380,51888,STÉFANIE JORDANA MARQUES DE ARAÚJO,PATRIOTA,Vereador,9,2020
0380,51894,GABRIEL ROSA DE FREITAS,PATRIOTA,Vereador,0,2020
0380,51999,CAROLINE ESTAELE BRITO,PATRIOTA,Vereador,7,2020
0380,55000,RAFAEL FERNANDES TEÓFILO,PSD,Vereador,36,2020
0380,55005,EDUARDO FACTOR,PSD,Vereador,42,2020
0380,55007,MARCELO DE OLIVEIRA FRANCISCO,PSD,Vereador,93,2020
0380,55013,SUELY REZENDE PENHA,PSD,Vereador,4,2020
0380,55019,MARCOS ROBERTO DIAS,PSD,Vereador,11,2020
0380,55038,RODRIGO RIBEIRO HONÓRIO,PSD,Vereador,5,2020
0380,55045,ROSANA MATIAS DA PENHA,PSD,Vereador,17,2020
0380,55055,MARCELO DUCHOVNI SILVA,PSD,Vereador,682,2020
0380,55123,ANGELO DINIZ,PSD,Vereador,194,2020
0380,55150,ISRAEL APARECIDO NASCIMENTO,PSD,Vereador,4,2020
0380,55155,DAVID WEBER ROJAS DE LIMA,PSD,Vereador,1,2020
0380,55156,RICARDO DO PRADO MINARRO,PSD,Vereador,21,2020
0380,55200,MARIANGELA DA COSTA PETTINARI PENNA MAGLIONI,PSD,Vereador,80,2020
0380,55222,MARIA DE FATIMA DE SOUZA,PSD,Vereador,12,2020
0380,55234,MARINÊS BARBOSA DA SILVA,PSD,Vereador,57,2020
0380,55321,LUIS HENRIQUE CARVALHO DA SILVA,PSD,Vereador,30,2020
0380,55330,ANDERSON GUIZONI JUNIOR,PSD,Vereador,44,2020
0380,55333,DANIELLE GOMES DE CARVALHO,PSD,Vereador,9,2020
0380,55355,GIOVANNA FABIOLA MARTINS DUARTE,PSD,Vereador,11,2020
0380,55455,EDVANDO APARECIDO DE SOUZA,PSD,Vereador,31,2020
0380,55500,AILTON LOURENÇO DA SILVA,PSD,Vereador,44,2020
0380,55505,GENILSON SILVA,PSD,Vereador,1,2020
0380,55555,FLÁVIO MAYNARDES ARAUJO,PSD,Vereador,418,2020
0380,55655,NELSON HOSSRI NETO,PSD,Vereador,572,2020
0380,55678,ABIATA JOSE DE LIMA,PSD,Vereador,28,2020
0380,55775,CRISLAINE CARABIA,PSD,Vereador,65,2020
0380,55777,JORGE AKIRA DE ARAUJO CALDAS,PSD,Vereador,13,2020
0380,55800,ROSANGELA HELENA COELHO,PSD,Vereador,6,2020
0380,55855,VANDILSON DA COSTA LOPES,PSD,Vereador,37,2020
0380,55888,DANILO BOTELHO SANCHES,PSD,Vereador,69,2020
0380,55955,EDEUCLEIA MORAES SENA DA SILVA,PSD,Vereador,0,2020
0380,55999,VALDOMIRO PINHEIRO DE CAMPOS,PSD,Vereador,117,2020
0380,65000,ROMARIO DA ROCHA RIBEIRO,PC do B,Vereador,22,2020
0380,65003,ROBERSON ACASSIO DA SILVA,PC do B,Vereador,2,2020
0380,65007,JOSÉ GERALDO STECCA,PC do B,Vereador,37,2020
0380,65017,MARIO LUIZ ADÃO DE SOUZA,PC do B,Vereador,10,2020
0380,65035,ANDREA APARECIDA DE JESUS MENDES,PC do B,Vereador,192,2020
0380,65100,PAULA AUGUSTO GALATI GAINO,PC do B,Vereador,39,2020
0380,65111,DAVID MAMEDIO NUNES,PC do B,Vereador,3,2020
0380,65123,ORESTES AUGUSTO TOLEDO,PC do B,Vereador,247,2020
0380,65133,CARLOS ADILSON GAUDÊNCIO,PC do B,Vereador,9,2020
0380,65180,APARECIDA CÉLIA DOS SANTOS,PC do B,Vereador,117,2020
0380,65221,FÁTIMA APARECIDA CAMARGO LOPES,PC do B,Vereador,9,2020
0380,65222,ADRIANO APARECIDO ELIAS DA SILVA,PC do B,Vereador,68,2020
0380,65234,SUZANA DA SILVA PEREIRA,PC do B,Vereador,0,2020
0380,65250,REGIVAM ESTEVAM,PC do B,Vereador,0,2020
0380,65300,GEREMIAS MARTINS DE OLIVEIRA,PC do B,Vereador,17,2020
0380,65333,ADENILSON BUENO DA SILVA,PC do B,Vereador,9,2020
0380,65355,GUILHERME LUCIUS SAVI,PC do B,Vereador,2,2020
0380,65365,MARIA GOMES DE SOUZA NASCIMENTO,PC do B,Vereador,7,2020
0380,65432,ERNÉSTO PAES DE CAMARGO FILHO,PC do B,Vereador,13,2020
0380,65444,JOSÉ RICARDO FIGUEIREDO,PC do B,Vereador,6,2020
0380,65500,ANGELO RAFAEL BARRETO,PC do B,Vereador,39,2020
0380,65514,GILBERTO ALVES,PC do B,Vereador,31,2020
0380,65555,ISMARCIA GONÇALVES DA CRUZ,PC do B,Vereador,2,2020
0380,65556,JOAQUINA GOMES DE LIMA TEIXEIRA,PC do B,Vereador,3,2020
0380,65565,PAULO SERGIO PEREIRA DA SILVA,PC do B,Vereador,32,2020
0380,65577,ANIBIO FERREIRA DA SILVA JUNIOR,PC do B,Vereador,3,2020
0380,65600,JOÃO MARTINS DE MELO,PC do B,Vereador,1,2020
0380,65650,ELISIENE DE NASCIMENTO LOBO,PC do B,Vereador,57,2020
0380,65655,SONIA HIPOLITA DE SOUZA SAWAZKI,PC do B,Vereador,2,2020
0380,65656,GUSTAVO LEMOS PETTA,PC do B,Vereador,286,2020
0380,65657,WALTER DE PAULA LACORTE JUNIOR,PC do B,Vereador,2,2020
0380,65678,CLAUDEMIR VIEIRA LOPES,PC do B,Vereador,5,2020
0380,65789,SILVANA APARECIDA GOMES VEIGA,PC do B,Vereador,12,2020
0380,65888,MARIANA DE LOURDES TEIXEIRA,PC do B,Vereador,7,2020
0380,65999,ADÃO BERNARDINO DA SILVA,PC do B,Vereador,5,2020
0380,70000,FRANCISCA ROSANA MONTANHER,AVANTE,Vereador,118,2020
0380,70001,KATARINA LEME DA SILVA,AVANTE,Vereador,12,2020
0380,70007,RICARDO MEIRA DO NASCIMENTO,AVANTE,Vereador,8,2020
0380,70010,ELIANE DO AMARAL,AVANTE,Vereador,2,2020
0380,70022,KEYLA TAVARES DA SILVA FELICIANO,AVANTE,Vereador,7,2020
0380,70030,FELIPE CEZAR MONTEIRO DE SOUZA,AVANTE,Vereador,427,2020
0380,70038,FABRÍCIA DE LIMA GOMES NASCIMENTO,AVANTE,Vereador,16,2020
0380,70053,LAUDELICE CONDE GARRIDO,AVANTE,Vereador,8,2020
0380,70055,JOSE JOVINO DE OLIVEIRA,AVANTE,Vereador,3,2020
0380,70070,EMERSON SANTANA PIVATO,AVANTE,Vereador,26,2020
0380,70074,ANDREIA DE BRITO OLIVEIRA,AVANTE,Vereador,0,2020
0380,70100,RAFAEL BRESSANE ALVES,AVANTE,Vereador,84,2020
0380,70111,WESLEY ANTONIO FONSECA,AVANTE,Vereador,24,2020
0380,70121,ANTONIO RODRIGUES,AVANTE,Vereador,0,2020
0380,70123,VALDEIR LUCCHIARI,AVANTE,Vereador,73,2020
0380,70133,HELIO ALVES MOREIRA,AVANTE,Vereador,93,2020
0380,70170,ELIZABETH RUIZ DA SILVA,AVANTE,Vereador,8,2020
0380,70175,WILZA APARECIDA ARAUJO SILVA,AVANTE,Vereador,1,2020
0380,70190,CLODOALDO MAIOLINI FILHO,AVANTE,Vereador,213,2020
0380,70200,MAURO VITORIANO SANCHEZ,AVANTE,Vereador,138,2020
0380,70207,JOZIEL PEREIRA MAIA,AVANTE,Vereador,9,2020
0380,70209,GEANE SOUZA DOS SANTOS,AVANTE,Vereador,61,2020
0380,70222,NATIVIDADE MARIA DE LIMA,AVANTE,Vereador,14,2020
0380,70234,NOEL CORDEIRO TEIXEIRA,AVANTE,Vereador,25,2020
0380,70270,NORBERTO FRANCHI DE ANDRADE,AVANTE,Vereador,12,2020
0380,70300,RICAEL ALVES,AVANTE,Vereador,0,2020
0380,70321,RODRIGO SOUZA LOPES DOS SANTOS,AVANTE,Vereador,3,2020
0380,70333,PAULO RODRIGUES REIS,AVANTE,Vereador,4,2020
0380,70345,ADEMIR PAULO NUNES DE ALMEIDA,AVANTE,Vereador,15,2020
0380,70456,AGENOR JOSÉ DOS SANTOS,AVANTE,Vereador,9,2020
0380,70500,LUCIO ANTONIO ARAÚJO CONDE,AVANTE,Vereador,23,2020
0380,70555,MARCELO VITAL,AVANTE,Vereador,35,2020
0380,70585,MARIA CELESTE CAMARGO CASEMIRO,AVANTE,Vereador,13,2020
0380,70613,EDIVILSON BARBOZA FREIRE,AVANTE,Vereador,38,2020
0380,70655,JOSÉ WILSON DANTAS,AVANTE,Vereador,57,2020
0380,70666,SANDRA SANTATERRA,AVANTE,Vereador,4,2020
0380,70678,JOSIAS DUTRA NETO,AVANTE,Vereador,4,2020
0380,70700,VITO ANTONIO LUGIANNATIELLO,AVANTE,Vereador,133,2020
0380,70701,LUIZ NUNES MENDES NETO,AVANTE,Vereador,15,2020
0380,70769,CARLOS ROBERTO PITTARELLI,AVANTE,Vereador,3,2020
0380,70777,ANTONIO GONZALEZ DOS SANTOS,AVANTE,Vereador,34,2020
0380,70779,VALERIA APARECIDA FIRMINO,AVANTE,Vereador,47,2020
0380,70789,RAIMUNDO MIRANDA DOS SANTOS FILHO,AVANTE,Vereador,33,2020
0380,70888,JOÃO LUIS CAIRES,AVANTE,Vereador,20,2020
0380,70890,MILTON SOARES MUCHIUTTE,AVANTE,Vereador,132,2020
0380,70900,ANTONIO DA SILVA,AVANTE,Vereador,2,2020
0380,70911,FABIANO HERMENEGILDO ANTONINI,AVANTE,Vereador,5,2020
0380,70913,FABIANA MARQUES DE MELO,AVANTE,Vereador,3,2020
0380,70999,CLEYTON DE SOUZA POSSATO,AVANTE,Vereador,1,2020
0380,77000,RICARDO JOSÉ PEREIRA,SOLIDARIEDADE,Vereador,247,2020
0380,77007,CLOVIS DE AZEVEDO NETO,SOLIDARIEDADE,Vereador,38,2020
0380,77009,MARCOS DOS SANTOS GOMES,SOLIDARIEDADE,Vereador,7,2020
0380,77010,PAULO ROBERTO DOS SANTOS VIEIRA,SOLIDARIEDADE,Vereador,36,2020
0380,77015,ROSIMEIRE DE PAULA ISMÉRIO,SOLIDARIEDADE,Vereador,43,2020
0380,77025,JUVENIL NATALINO CELESTINO,SOLIDARIEDADE,Vereador,21,2020
0380,77031,ANDRÉ LUIS TOLOTTO,SOLIDARIEDADE,Vereador,15,2020
0380,77077,VALTER DONIZETTI JOSÉ,SOLIDARIEDADE,Vereador,10,2020
0380,77079,CLAUDINEI DA COSTA E SILVA,SOLIDARIEDADE,Vereador,26,2020
0380,77088,JOÃO BATISTA DE PAULA,SOLIDARIEDADE,Vereador,77,2020
0380,77098,ELIANA MARIA ROCHA MIRANDA,SOLIDARIEDADE,Vereador,13,2020
0380,77099,ANDRÉ LEÃO DE SOUZA,SOLIDARIEDADE,Vereador,28,2020
0380,77100,JAIR QUINALIA,SOLIDARIEDADE,Vereador,432,2020
0380,77111,PASCUAL DANETTI,SOLIDARIEDADE,Vereador,200,2020
0380,77118,CARLOS ANTONIO DE MENDONÇA,SOLIDARIEDADE,Vereador,478,2020
0380,77123,CLODOALDO MISTURA,SOLIDARIEDADE,Vereador,25,2020
0380,77190,RICARDO JOSE DE SOUZA,SOLIDARIEDADE,Vereador,57,2020
0380,77200,LUCIANA DA SILVA,SOLIDARIEDADE,Vereador,8,2020
0380,77211,DORGIVAL JOSE DE LIMA,SOLIDARIEDADE,Vereador,43,2020
0380,77222,JOSÉ FERNANDES SILVA,SOLIDARIEDADE,Vereador,6,2020
0380,77300,MILTON DA SILVA FARIA,SOLIDARIEDADE,Vereador,54,2020
0380,77333,SERGIO DIAS RIBEIRO,SOLIDARIEDADE,Vereador,57,2020
0380,77400,MARCELO TEIXEIRA,SOLIDARIEDADE,Vereador,5,2020
0380,77444,LUIZ ANTONIO BENINE,SOLIDARIEDADE,Vereador,95,2020
0380,77456,SILVIO CESAR SOUZA,SOLIDARIEDADE,Vereador,58,2020
0380,77500,CLAUDINEI APARECIDO DO CARMO,SOLIDARIEDADE,Vereador,44,2020
0380,77555,HELEN PATRICIA MERIM,SOLIDARIEDADE,Vereador,26,2020
0380,77556,VALÉRIA APARECIDA FORTUNATO DE PAULA,SOLIDARIEDADE,Vereador,5,2020
0380,77567,SUELI SENE LEMOS DE MATOS,SOLIDARIEDADE,Vereador,3,2020
0380,77676,ADRIANO APARECIDO DA SILVA,SOLIDARIEDADE,Vereador,12,2020
0380,77677,CLOVIS CORDEIRO,SOLIDARIEDADE,Vereador,435,2020
0380,77690,MARIA EDILEUZA VASCO MARÇAL,SOLIDARIEDADE,Vereador,1,2020
0380,77708,IZABEL DE SOUZA SANTOS,SOLIDARIEDADE,Vereador,3,2020
0380,77733,MARIA JOSE DALLA BERNARDINA,SOLIDARIEDADE,Vereador,10,2020
0380,77744,ROSEMARE DOS SANTOS AVELINO,SOLIDARIEDADE,Vereador,5,2020
0380,77745,ANA MARIA RIBEIRO MARTINS,SOLIDARIEDADE,Vereador,24,2020
0380,77767,JULIANO ANTONIO MARÇAL,SOLIDARIEDADE,Vereador,30,2020
0380,77777,WLADMIR DE SOUZA CARNEIRO,SOLIDARIEDADE,Vereador,24,2020
0380,77789,VANDERLEI MARCOS FERRARI,SOLIDARIEDADE,Vereador,33,2020
0380,77800,CREBIO DINIZ DE ALMEIDA,SOLIDARIEDADE,Vereador,161,2020
0380,77801,EDILSON EUGENIO,SOLIDARIEDADE,Vereador,9,2020
0380,77808,BENEDITO ROBERTO DE BARRETTO,SOLIDARIEDADE,Vereador,0,2020
0380,77888,JOSE CARLOS DE JESUS CLARIO,SOLIDARIEDADE,Vereador,9,2020
0380,77889,FABIANO ROBERTO DE ALBUQUERQUE,SOLIDARIEDADE,Vereador,10,2020
0380,77890,ANA PAULA DA SILVA LUZ,SOLIDARIEDADE,Vereador,39,2020
0380,77898,VALMIR APARECIDO DA SILVA,SOLIDARIEDADE,Vereador,5,2020
0380,77980,MARINA DOS SANTOS,SOLIDARIEDADE,Vereador,5,2020
0380,77990,VALERIA RUSSO DA SILVA,SOLIDARIEDADE,Vereador,22,2020
0380,77999,ANGELINA MAIA PRAXEDES,SOLIDARIEDADE,Vereador,63,2020
0380,90000,ROBER BLU ORLANDO,PROS,Vereador,11,2020
0380,90014,JOSE MARCOS VIEIRA,PROS,Vereador,33,2020
0380,90100,EVANDRO EDUARDO DE SOUZA,PROS,Vereador,85,2020
0380,90111,MARCOS JOSE NOTARO,PROS,Vereador,39,2020
0380,90123,LILIA ARANTES ZEBALHO,PROS,Vereador,12,2020
0380,90333,IVANI DOS SANTOS PINHEIRO,PROS,Vereador,9,2020
0380,90567,ANDRE DIONISIO FAVELA,PROS,Vereador,6,2020
0380,90700,DAVID HONORATO,PROS,Vereador,0,2020
0380,90777,WANDERLEY GONÇALVES DE OLIVEIRA,PROS,Vereador,4,2020
0380,90789,ROBINSON LUIZ BOLSONI,PROS,Vereador,51,2020
0380,90888,CRISTIANE DE OLIVEIRA,PROS,Vereador,10,2020
0380,90999,SANDRA ROQUE PEREIRA,PROS,Vereador,5,2020
0423,10000,PAULO SERGIO CAMPANA,REPUBLICANOS,Vereador,86,2020
0423,10001,EDERSON ROGERIO WULK,REPUBLICANOS,Vereador,2,2020
0423,10010,CLAUDIO CORMANICH,REPUBLICANOS,Vereador,141,2020
0423,10012,ROSANGELA DE ANDRADE,REPUBLICANOS,Vereador,12,2020
0423,10014,JURANDIR QUIRINO DOS SANTOS,REPUBLICANOS,Vereador,0,2020
0423,10020,FERNANDO MANTOVAN,REPUBLICANOS,Vereador,5,2020
0423,10025,BRUNO APARECIDO DE LIMA,REPUBLICANOS,Vereador,204,2020
0423,10027,LUIS ROBERTO DE ALMEIDA,REPUBLICANOS,Vereador,2,2020
0423,10069,VALERIA TANIA FRANCISCHINI,REPUBLICANOS,Vereador,6,2020
0423,10080,LUIZ FELIPE DE OLIVEIRA THEODORO,REPUBLICANOS,Vereador,127,2020
0423,10100,ROVILSON ROSCITO,REPUBLICANOS,Vereador,4,2020
0423,10101,CARLOS ROBERTO DE MATTOS ROCHA JUNIOR,REPUBLICANOS,Vereador,48,2020
0423,10110,ROSANA OLIVIER GONÇALVES,REPUBLICANOS,Vereador,11,2020
0423,10111,AMBROSIO LUZ NETO,REPUBLICANOS,Vereador,24,2020
0423,10122,LUIZ GONZAGA,REPUBLICANOS,Vereador,55,2020
0423,10123,FERNANDO CESAR RIBEIRO MENDES,REPUBLICANOS,Vereador,560,2020
0423,10125,JADIELSON FERREIRA DA SILVA,REPUBLICANOS,Vereador,3,2020
0423,10147,ROSA MONICA CUSTODIO,REPUBLICANOS,Vereador,2,2020
0423,10153,CRISTIANO DE OLIVEIRA E SILVA,REPUBLICANOS,Vereador,18,2020
0423,10156,DORACI CORREIA DE ALMEIDA,REPUBLICANOS,Vereador,61,2020
0423,10159,PRISCILA MENDES FERREIRA INACIO,REPUBLICANOS,Vereador,6,2020
0423,10190,ARGEU ALENCAR DA SILVA,REPUBLICANOS,Vereador,105,2020
0423,10200,HIGOR DIEGO RALLA,REPUBLICANOS,Vereador,58,2020
0423,10234,JAKSSON LEANDRO LUCIANO GONÇALVES,REPUBLICANOS,Vereador,12,2020
0423,10300,MARCIA FABIANA DA SILVA,REPUBLICANOS,Vereador,3,2020
0423,10321,JORDANA DE SOUSA MOURA ARAUJO,REPUBLICANOS,Vereador,4,2020
0423,10333,NOEMI SILVANA PRATES DE OLIVEIRA,REPUBLICANOS,Vereador,7,2020
0423,10345,OSCAR NEVES GUIMARÃES,REPUBLICANOS,Vereador,13,2020
0423,10369,STELLA FREIRE HERRMANN,REPUBLICANOS,Vereador,67,2020
0423,10400,OSVALDO MARTINS OLIVEIRA,REPUBLICANOS,Vereador,9,2020
0423,10444,MARIA LUCIA CAMILO,REPUBLICANOS,Vereador,0,2020
0423,10456,CELINA APARECIDA PORFIRIO,REPUBLICANOS,Vereador,4,2020
0423,10500,ROGERIO BERNARDES BOGONE,REPUBLICANOS,Vereador,37,2020
0423,10544,APARECIDA TERESINHA BURATTO,REPUBLICANOS,Vereador,1,2020
0423,10555,FLAUBERT DE ARAUJO,REPUBLICANOS,Vereador,18,2020
0423,10567,RODISNEI CESAR CLOSEL,REPUBLICANOS,Vereador,4,2020
0423,10600,RUBENS EIDE JUNIOR,REPUBLICANOS,Vereador,83,2020
0423,10700,PAULO ALVES MAIA,REPUBLICANOS,Vereador,42,2020
0423,10711,JULIO CESAR FERREIRA ALVES,REPUBLICANOS,Vereador,54,2020
0423,10777,NILSON DO CARMO SANTOS,REPUBLICANOS,Vereador,13,2020
0423,10789,CARLOS JOSE LEMOS,REPUBLICANOS,Vereador,52,2020
0423,10911,SAULO FERNANDO ZACARI,REPUBLICANOS,Vereador,34,2020
0423,10978,LUIZA HELENA CAGLIARI DE SOUZA,REPUBLICANOS,Vereador,42,2020
0423,10999,ROSINEI APARECIDA MOREIRA MATOKANOVIC,REPUBLICANOS,Vereador,15,2020
0423,11000,ANTONIO JOSÉ SOARES DOS SANTOS,PP,Vereador,44,2020
0423,11007,BRUNO HENRIQUE PEREIRA FRANCISCHINI,PP,Vereador,66,2020
0423,11011,WALDIR CUSTÓDIO DE LIMA,PP,Vereador,67,2020
0423,11016,LUCIANA DA SILVA,PP,Vereador,5,2020
0423,11019,EMILY NAYARA DOS SANTOS LIMA,PP,Vereador,1,2020
0423,11023,SONIA MARIA DOS SANTOS,PP,Vereador,6,2020
0423,11033,SEBASTIAO BORGES DE ARAUJO,PP,Vereador,58,2020
0423,11038,EDERSON PERIN MARTINS,PP,Vereador,53,2020
0423,11044,PEDRO REMONDINI,PP,Vereador,2,2020
0423,11078,ZACARIAS NUNES DE SIQUEIRA,PP,Vereador,33,2020
0423,11111,JAIME DE SOUZA,PP,Vereador,175,2020
0423,11120,OSMAR DELLA PASCHOA JUNIOR,PP,Vereador,15,2020
0423,11121,VALDIR RIBEIRO PIRES,PP,Vereador,40,2020
0423,11123,DENILSON DO PRADO,PP,Vereador,21,2020
0423,11138,JEFERSON ANTONIO SOUZA PINTO,PP,Vereador,2,2020
0423,11181,MARCOS ALVES FERREIRA,PP,Vereador,197,2020
0423,11189,MILENE FORTUOSO DOS SANTOS,PP,Vereador,1,2020
0423,11190,ISRAEL NANTES SANTOS,PP,Vereador,150,2020
0423,11200,FRANCISCO DE ASSIS NASCIMENTO,PP,Vereador,0,2020
0423,11207,SIRLENE CONCEIÇÃO DE SOUZA,PP,Vereador,9,2020
0423,11211,LUCAS HENRIQUE TREVIZAN,PP,Vereador,15,2020
0423,11222,EDINEI EDUARDO CESCHI,PP,Vereador,58,2020
0423,11234,VILSON DORIVAL FRANÇA,PP,Vereador,23,2020
0423,11239,THARINE LILLENA VEIGA,PP,Vereador,3,2020
0423,11246,GERALDO JOSE LAURIA,PP,Vereador,3,2020
0423,11249,NOEMIAS CAMARGO JUNIOR,PP,Vereador,60,2020
0423,11260,MARIA CALVARIO BERNARDO DE CAMPOS,PP,Vereador,9,2020
0423,11300,MARIA CLAUDIA BERTUZZO VEIGA,PP,Vereador,57,2020
0423,11311,ALMIRANTE PEDRO ALVARES CABRAL,PP,Vereador,60,2020
0423,11321,ALEXANDRE BARBOSA DA SILVA,PP,Vereador,108,2020
0423,11336,FLÁVIO EDILSON PADOVINI,PP,Vereador,54,2020
0423,11380,ROBERVAL BEZERRA ALVES,PP,Vereador,9,2020
0423,11444,DOROTIDES CAMPELLO DOS SANTOS ANJOS,PP,Vereador,3,2020
0423,11511,SONIA APARECIDA DE CARVALHO THEODORO,PP,Vereador,3,2020
0423,11522,ANESIO PEREIRA DA SILVA FILHO,PP,Vereador,0,2020
0423,11553,PETRONIO ALVES DA CRUZ,PP,Vereador,0,2020
0423,11555,ALEXANDRE MARTINS SILVA,PP,Vereador,3,2020
0423,11600,FILETO DE ALBUQUERQUE,PP,Vereador,43,2020
0423,11611,APARECIDO SEVERINO BENTO,PP,Vereador,2,2020
0423,11636,SONIA ROSANGELA RODRIGUES,PP,Vereador,6,2020
0423,11784,NESTOR SAYÃO SARTORETTO,PP,Vereador,10,2020
0423,11878,LUCIVÂNIA PINHEIRO BARBOSA,PP,Vereador,27,2020
0423,11888,LEUCE MAGALHÃES MARANHÃO,PP,Vereador,3,2020
0423,11900,HELENA CARDOSO TABERTI,PP,Vereador,0,2020
0423,11999,CLAUDINE GONÇALVES COSTA,PP,Vereador,52,2020
0423,12000,VIVIANE REGINA DE LIMA CRISPIM,PDT,Vereador,8,2020
0423,12007,JERÔNIMO APARECIDO BORGES,PDT,Vereador,5,2020
0423,12012,CARLOS SALUSTIANO DA SILVA,PDT,Vereador,42,2020
0423,12111,IGOR CARDIA SOARES SOUZA,PDT,Vereador,30,2020
0423,12113,EDVALDO FERREIRA GUEDES,PDT,Vereador,0,2020
0423,12121,JORGE HENRIQUE RODRIGUES CERQUEIRA,PDT,Vereador,4,2020
0423,12123,AILTON FABIO GONÇALVES DE SOUZA,PDT,Vereador,11,2020
0423,12151,MANOEL MESSIAS DOS SANTOS,PDT,Vereador,0,2020
0423,12227,SHIRLEI GUIRÃO DA SILVA CHAGAS,PDT,Vereador,0,2020
0423,12255,RUTE APARECIDA LEITE RIPARI,PDT,Vereador,2,2020
0423,12321,NILTON RIBEIRO DOS SANTOS JUNIOR,PDT,Vereador,28,2020
0423,12333,MARCELO JOSÉ DIAS,PDT,Vereador,1,2020
0423,12340,PAULO HENRIQUE DE BRITO DOS SANTOS,PDT,Vereador,0,2020
0423,12344,OSMIL JOSÉ DA SILVA,PDT,Vereador,1,2020
0423,12345,AURELIO JOSE CLAUDIO,PDT,Vereador,46,2020
0423,12369,LUIS HENRIQUE FERMINO JORGE,PDT,Vereador,2,2020
0423,12500,FABIO APARECIDO MORANDI,PDT,Vereador,20,2020
0423,12612,VINICIUS STACHIN BRITO,PDT,Vereador,1,2020
0423,12661,ANTONIO CARLOS DIONISIO BISPO,PDT,Vereador,2,2020
0423,12678,CARLOS HENRIQUE POLIS,PDT,Vereador,1,2020
0423,12737,BRÍGIDA FELICIANA DOS SANTOS,PDT,Vereador,13,2020
0423,12777,CLAUDIO RISSI,PDT,Vereador,184,2020
0423,12812,JOSÉ CARLOS BRUNO,PDT,Vereador,3,2020
0423,12835,FABIO HENRIQUE DOS SANTOS,PDT,Vereador,0,2020
0423,12888,APARECIDA CUSTÓDIO DOS SANTOS,PDT,Vereador,28,2020
0423,12890,LUCIA DE FATIMA BALARINI DA SILVA,PDT,Vereador,0,2020
0423,12911,DOMINIQUE SALES SAWAZKI,PDT,Vereador,1,2020
0423,12912,LILIAN CRISTINA MOURA,PDT,Vereador,0,2020
0423,12914,MARIA ORDILIA TEIXEIRA,PDT,Vereador,16,2020
0423,12973,RENATA DA SILVA,PDT,Vereador,2,2020
0423,12999,CARLOS EDUARDO JULIO MORELLO,PDT,Vereador,3,2020
0423,13000,IRANDIR SANTOS DA CONCEIÇÃO,PT,Vereador,23,2020
0423,13001,SILVIO JOSÉ MARQUES,PT,Vereador,80,2020
0423,13010,DOUGLAS BARBOSA DA SILVA,PT,Vereador,1,2020
0423,13011,CECÍLIO SERAFIM DOS SANTOS,PT,Vereador,32,2020
0423,13013,CLOVES ALVES DOS SANTOS,PT,Vereador,16,2020
0423,13020,MARGARIDA DA SILVA CALIXTO,PT,Vereador,329,2020
0423,13030,VALMIR SANTOS DE OLIVEIRA,PT,Vereador,0,2020
0423,13053,SUELI DOS SANTOS SILVA BARBOSA,PT,Vereador,3,2020
0423,13060,WALCY DE OLIVEIRA,PT,Vereador,15,2020
0423,13093,ADLLAYNE VITORINO DAMBROSKI PEDROSO,PT,Vereador,4,2020
0423,13100,LUIZ CARLOS FELICIDADE,PT,Vereador,6,2020
0423,13111,ANA PAULA DE OLIVEIRA,PT,Vereador,9,2020
0423,13112,JUAREZ BISPO MATEUS,PT,Vereador,9,2020
0423,13113,MATHEUS ALVES ALBINO,PT,Vereador,50,2020
0423,13123,PAOLLA CATHERINE DOS SANTOS MIGUEL AGARD,PT,Vereador,322,2020
0423,13130,EDUARDO CORVELONI JUNIOR,PT,Vereador,17,2020
0423,13135,EVELYN SILVA DO NASCIMENTO VICENTE DA SILVA,PT,Vereador,15,2020
0423,13138,SOLANGE LOUREIRO POZZUTO,PT,Vereador,66,2020
0423,13161,MARIA LÚCIA QUIRINO DE CASTRO,PT,Vereador,40,2020
0423,13178,GILSON VILELA REIS,PT,Vereador,0,2020
0423,13213,JOSÉ APARECIDO DOS SANTOS,PT,Vereador,4,2020
0423,13222,JULIANO HENRIQUE DAVOLI FINELLI,PT,Vereador,26,2020
0423,13300,WAGNER DE MELO ROMÃO,PT,Vereador,314,2020
0423,13331,VERA LÚCIA RODRIGUES DE FARIA,PT,Vereador,103,2020
0423,13333,ALEX PEREIRA BAHIA,PT,Vereador,29,2020
0423,13413,JOÃO BATISTA BORGES,PT,Vereador,2,2020
0423,13420,ALEXANDRE DOS SANTOS PINTO,PT,Vereador,8,2020
0423,13456,ROSEMIRO APARECIDO FERREIRA,PT,Vereador,36,2020
0423,13500,ROGÉRIO NUNES,PT,Vereador,11,2020
0423,13555,GERALDO DANIEL ALVES BOSSO,PT,Vereador,10,2020
0423,13599,UBIRATAN ROBERTO ALVES FERREIRA,PT,Vereador,7,2020
0423,13613,CARLOS ROBERTO DE OLIVEIRA,PT,Vereador,178,2020
0423,13722,DAIANE CRISTINA MENDES,PT,Vereador,2,2020
0423,13777,GILBERTO JEFFERSON DE BARROS,PT,Vereador,8,2020
0423,13888,ALCILENE VICENTE DE CARVALHO,PT,Vereador,4,2020
0423,14000,VALDENIR ALVES DE MENEZES,PTB,Vereador,6,2020
0423,14012,FABIO AMBROSI DA SILVA,PTB,Vereador,19,2020
0423,14013,KATIA STANCATO,PTB,Vereador,167,2020
0423,14014,ANNIBAL MATHIAS FILHO,PTB,Vereador,94,2020
0423,14015,ELIENAI ALVES DE SOUZA LAZARONI,PTB,Vereador,3,2020
0423,14020,JHONNY EDERSON DA SILVA,PTB,Vereador,30,2020
0423,14033,LUCIANA DA SILVA FERNANDES,PTB,Vereador,3,2020
0423,14100,JACKSON LUIS RIBEIRO BARBOZA,PTB,Vereador,16,2020
0423,14104,JOEL BORGES SILVA,PTB,Vereador,2,2020
0423,14107,ROBERTO PEREIRA DA SILVA,PTB,Vereador,11,2020
0423,14111,JAIRO INACIO DO NASCIMENTO,PTB,Vereador,21,2020
0423,14112,VERA LUCIA SOARES SOEIRO,PTB,Vereador,9,2020
0423,14115,PEDRO ANDRE DOS SANTOS,PTB,Vereador,5,2020
0423,14121,SILVANA SILVA DOS SANTOS,PTB,Vereador,1,2020
0423,14123,CRISTINA OLIVEIRA DE PAULA FERIANI,PTB,Vereador,24,2020
0423,14133,FABIO PEREIRA BUENO,PTB,Vereador,5,2020
0423,14136,CARLOS ROBERTO TOLEDO,PTB,Vereador,30,2020
0423,14144,SANDRA APARECIDA DE ALMEIDA RAMOS,PTB,Vereador,10,2020
0423,14177,FABIANA APARECIDA BRITO ERNANE,PTB,Vereador,14,2020
0423,14182,KARYN JANAINA DO PRADO LIMA,PTB,Vereador,10,2020
0423,14192,JOSE ANTONIO FERNANDES,PTB,Vereador,0,2020
0423,14212,ETEVALDO ALVES MACHADO,PTB,Vereador,2,2020
0423,14213,JOSE ROBERTO CARNEIRO,PTB,Vereador,1,2020
0423,14222,EDUARDO AFONSO MANCO,PTB,Vereador,19,2020
0423,14230,MARCO ANTONIO HENRIQUE,PTB,Vereador,483,2020
0423,14333,RODOLFO TEIXEIRA CORREA,PTB,Vereador,28,2020
0423,14400,CARLOS ROBERTO DE SOUZA,PTB,Vereador,65,2020
0423,14444,FERNANDO ANTONIO GIANINI,PTB,Vereador,10,2020
0423,14500,FATIMA REGINA AZEVEDO TUCHIAMA,PTB,Vereador,25,2020
0423,14567,CARLOS ALEXANDRE FANTON SILVA,PTB,Vereador,20,2020
0423,14604,JOÃO DIRANI JUNIOR,PTB,Vereador,154,2020
0423,14666,DULCIOMARA INES LEOCADIO LIMA COSTA,PTB,Vereador,16,2020
0423,14777,ALEXANDRIA MARIA DO CARMO SANT ANNA LEME,PTB,Vereador,12,2020
0423,14789,FRANCISCO JOSE MONTEIRO DE BARROS JUNIOR,PTB,Vereador,40,2020
0423,14888,EDNELSON COSTA DOS SANTOS,PTB,Vereador,13,2020
0423,14999,FLAVIO DENIS DE JESUS TEIXEIRA,PTB,Vereador,23,2020
0423,15000,ARNALDO SALVETTI PALÁCIO JUNIOR,MDB,Vereador,399,2020
0423,15001,CLAUDINEI BENEDITO PRUDÊNCIO FORTES,MDB,Vereador,70,2020
0423,15005,MARIA ANGELA PONTES,MDB,Vereador,29,2020
0423,15007,WILSON TOURINHO DOS SANTOS,MDB,Vereador,10,2020
0423,15010,WAGNER DIADEME GONÇALVES,MDB,Vereador,3,2020
0423,15011,CLAUDIOMAR CEZARIO DOS SANTOS LIMA,MDB,Vereador,9,2020
0423,15015,JOAO CARLOS NUNES DA MATA,MDB,Vereador,17,2020
0423,15050,ANDRE LUIS SILVA DE SOUZA,MDB,Vereador,11,2020
0423,15100,YANKO GONCALVES MELLO,MDB,Vereador,266,2020
0423,15111,INACIO RODRIGUES DA FONSECA,MDB,Vereador,71,2020
0423,15115,ELAINE CRISTINA SANTOS MARINHO,MDB,Vereador,7,2020
0423,15123,FABIO OLIVEIRA DA SILVA,MDB,Vereador,25,2020
0423,15135,CLAUDIO LUIZ MORAES,MDB,Vereador,17,2020
0423,15140,ROBSON APARECIDO AYRES,MDB,Vereador,2,2020
0423,15150,PAULO RICARDO  DA CRUZ VITAL,MDB,Vereador,14,2020
0423,15153,DELMIRO DIAS DO NASCIMENTO,MDB,Vereador,7,2020
0423,15156,JOSE TADEU ALVES MOREIRA,MDB,Vereador,20,2020
0423,15190,SANDRA CANDIDO MORETTI,MDB,Vereador,38,2020
0423,15200,VALERIA CRISTINA IGNACIO,MDB,Vereador,2,2020
0423,15222,WENDELL BRANDAO DOS SANTOS,MDB,Vereador,27,2020
0423,15244,MARYZA ELLIRES BUENO GARIBALDI,MDB,Vereador,1,2020
0423,15271,JOSE CANDIDO DA SILVA,MDB,Vereador,2,2020
0423,15300,ADRIANA EMILIA HEITMANN GONÇALVES TEIXEIRA FONTES,MDB,Vereador,65,2020
0423,15321,BEATRIZ POSTAL COSTA,MDB,Vereador,9,2020
0423,15333,MARCIA CRISTINA SCHETINI ZICA,MDB,Vereador,4,2020
0423,15377,EVERTON RAMOS ARLINDO,MDB,Vereador,5,2020
0423,15400,ALTAIR DE JESUS AMORIM,MDB,Vereador,3,2020
0423,15456,LUCINEA APARECIDA DA SILVA,MDB,Vereador,7,2020
0423,15500,JOSE PEDRO NUNES,MDB,Vereador,23,2020
0423,15515,THIAGO AUGUSTO BERALDO,MDB,Vereador,13,2020
0423,15555,CICERO DINIZ,MDB,Vereador,13,2020
0423,15567,FRANCISCO JORGE,MDB,Vereador,0,2020
0423,15575,CRISTIAN PIVA,MDB,Vereador,13,2020
0423,15600,SANDRA APARECIDA RODRIGUES PITON,MDB,Vereador,86,2020
0423,15615,ELAINE RODRIGUES DA SILVA,MDB,Vereador,1,2020
0423,15678,BRUNO DE CASTRO SILVA,MDB,Vereador,9,2020
0423,15700,PEDRO AGOSTINHO BERNARDO DE OLIVEIRA,MDB,Vereador,7,2020
0423,15755,ERIVELTO SOUZA DE MORAES,MDB,Vereador,3,2020
0423,15777,CICERA DOS SANTOS,MDB,Vereador,1,2020
0423,15789,JOSE CARLOS DO NASCIMENTO OLIVEIRA,MDB,Vereador,16,2020
0423,15800,ALEXANDRE DE OLIVEIRA,MDB,Vereador,214,2020
0423,15888,ILARA CHRISTINA TOLEDO DE OLIVEIRA,MDB,Vereador,2,2020
0423,15900,EXPEDITO CARLOS DE SOUZA,MDB,Vereador,9,2020
0423,15915,MILENA DE CASSIA GOMES,MDB,Vereador,3,2020
0423,16000,KÁTIA SARTORI,PSTU,Vereador,18,2020
0423,17000,APARECIDO SOUZA SANTOS,PSL,Vereador,2056,2020
0423,17001,ANDREIA MARIA GAONA ANDRE,PSL,Vereador,8,2020
0423,17005,VANESILDA COSTA BALDIN,PSL,Vereador,12,2020
0423,17007,DAVID DOS SANTOS GOMES,PSL,Vereador,1,2020
0423,17017,CARLOS ANDRE DE MELO,PSL,Vereador,7,2020
0423,17018,DANIEL BOLSONARO VAZ,PSL,Vereador,8,2020
0423,17022,GILDO DONIZETI DE SOUZA,PSL,Vereador,9,2020
0423,17027,MARCIA REGINA DE LIMA,PSL,Vereador,10,2020
0423,17077,ANTONIO CARLOS DE OLIVEIRA,PSL,Vereador,5,2020
0423,17100,GERALDO GABRIEL GAVA,PSL,Vereador,4,2020
0423,17107,RICARDO HENRIQUE CORREA,PSL,Vereador,4,2020
0423,17117,CLEMENTE JOSE CAPUCHINHO,PSL,Vereador,6,2020
0423,17123,SEBASTIÃO PEREIRA DOS SANTOS,PSL,Vereador,61,2020
0423,17125,MARIA JOSE DE SOUZA PEREIRA,PSL,Vereador,2,2020
0423,17150,LAVINIA PRADO DOS SANTOS,PSL,Vereador,14,2020
0423,17158,SHIRLENE MERCES DOS SANTOS,PSL,Vereador,4,2020
0423,17177,LUIZ ANTONIO DA CONCEIÇÃO PAP,PSL,Vereador,7,2020
0423,17181,ALEXANDRE FELIX SIGRIST,PSL,Vereador,7,2020
0423,17200,EDISON RIBEIRO,PSL,Vereador,61,2020
0423,17202,ERIKA ALMEIDA DA SILVA,PSL,Vereador,8,2020
0423,17213,VALDIR APARECIDO MERIN,PSL,Vereador,9,2020
0423,17222,JORGE PANSANI DE FRANÇA,PSL,Vereador,14,2020
0423,17300,ROSENILDO FRANÇA DE SOUSA,PSL,Vereador,5,2020
0423,17325,SAMYA DANIELLE MARTINS MEYER,PSL,Vereador,3,2020
0423,17332,SILVAN PEREIRA GOMES,PSL,Vereador,1,2020
0423,17333,ROSA FERREIRA DA SILVA,PSL,Vereador,27,2020
0423,17345,EDENILSON FERREIRA DOS SANTOS,PSL,Vereador,2,2020
0423,17400,RAFAEL CARLOS BRAGA SOTTRATI,PSL,Vereador,10,2020
0423,17412,JOSE REIS GABRIEL,PSL,Vereador,100,2020
0423,17444,LUCIANA FRANÇA,PSL,Vereador,8,2020
0423,17456,IRDIVAL APARECIDO FREZZATO,PSL,Vereador,8,2020
0423,17489,BRUNA REGINA DA ROCHA BAZOTTE,PSL,Vereador,4,2020
0423,17490,MARCIA MENDES LIMA DA SILVA,PSL,Vereador,0,2020
0423,17500,ORLEANS DE SA ALENCAR,PSL,Vereador,26,2020
0423,17555,CARLOS RUBEM BARRETTO XAVIER,PSL,Vereador,46,2020
0423,17576,DIANE BUENO QUERINO,PSL,Vereador,2,2020
0423,17577,VLAMIR FRANCISCO VIANA,PSL,Vereador,2,2020
0423,17580,IZAÍAS VICENTE EUZÉBIO,PSL,Vereador,9,2020
0423,17600,DORMELA LUIZA JUNQUEIRA DELGADO,PSL,Vereador,13,2020
0423,17620,PEDRO ALVES MARTINS,PSL,Vereador,7,2020
0423,17700,CLAUDIO ROBERTO NAVA,PSL,Vereador,10,2020
0423,17716,DIVINO SEBASTIÃO DA SILVA,PSL,Vereador,8,2020
0423,17717,ANTONIO VILSON DOS SANTOS,PSL,Vereador,6,2020
0423,17775,BENEDITO SIVIRINO RODRIGUES DO NASCIMENTO,PSL,Vereador,1,2020
0423,17777,SILVIO ROBERTO LIMA,PSL,Vereador,9,2020
0423,17789,MIZAEL IZIDORO BELLO GONÇALVES SILVA,PSL,Vereador,6,2020
0423,17800,JEZIEL SEVERINO DA SILVA,PSL,Vereador,156,2020
0423,17888,LUIZ CARLOS MOLINA,PSL,Vereador,18,2020
0423,17999,RENATA CRISTINA DA SILVA MOURA,PSL,Vereador,6,2020
0423,19007,GUSTAVO GONÇALVES,PODE,Vereador,5,2020
0423,19009,EDUARDO JORGE VELAZCO,PODE,Vereador,0,2020
0423,19017,FERNANDO LUIS COUTINHO NEVES,PODE,Vereador,35,2020
0423,19019,CLAYTON BUENO MENDES,PODE,Vereador,20,2020
0423,19020,SIDNEI JOSE LOPES,PODE,Vereador,48,2020
0423,19022,SONIA APARECIDA DA SILVA,PODE,Vereador,2,2020
0423,19055,ELISEU DE LIMA LÚCIO,PODE,Vereador,2,2020
0423,19069,SÔNIA MORELLI JUSTI,PODE,Vereador,15,2020
0423,19089,CREUZA RODRIGUES REAL DE OLIVEIRA,PODE,Vereador,0,2020
0423,19099,JOÃO OLIMPIO SANTANA FERREIRA,PODE,Vereador,4,2020
0423,19100,JOSÉ CARLOS DE MOURA,PODE,Vereador,1,2020
0423,19111,ADRIANA MARESTONI SPADONI,PODE,Vereador,32,2020
0423,19123,VONE DA SILVA MARQUES,PODE,Vereador,10,2020
0423,19190,RAQUEL APARECIDA DIAS,PODE,Vereador,0,2020
0423,19194,GIULIANE CAROLINE DE OLIVEIRA MARTINELLI,PODE,Vereador,3,2020
0423,19200,PAULINO DE CAMPOS,PODE,Vereador,5,2020
0423,19222,CLEUDES APARECIDA AMANCIO DA ROCHA,PODE,Vereador,1,2020
0423,19251,JÚLIO CÉSAR DE MORAIS,PODE,Vereador,1,2020
0423,19299,PAULO SERGIO RODRIGUES DA SILVA,PODE,Vereador,12,2020
0423,19300,PATRÍCIA APARECIDA BERALDO,PODE,Vereador,0,2020
0423,19321,CYNTHIA MOZER NAKAMURA,PODE,Vereador,11,2020
0423,19333,SOLANGE REGINA ALARCON TEIXEIRA,PODE,Vereador,3,2020
0423,19377,HELOISA HELENA SANT ANNA SILVEIRA,PODE,Vereador,18,2020
0423,19388,SONIA APARECIDA MARIANO,PODE,Vereador,0,2020
0423,19390,FRANCISCO CARLOS DE OLIVEIRA,PODE,Vereador,5,2020
0423,19422,ARMANDO LOPES,PODE,Vereador,4,2020
0423,19444,GISLAINE MORAES GUSMÃO DE BRITO,PODE,Vereador,8,2020
0423,19456,LUZIA DE SALES,PODE,Vereador,0,2020
0423,19466,SEBASTIÃO ROQUE RODRIGUES,PODE,Vereador,225,2020
0423,19470,MANOEL VICENTE MACHADO JUNIOR,PODE,Vereador,22,2020
0423,19555,EDUARDO DOS REIS MAGOGA,PODE,Vereador,334,2020
0423,19567,ROBERTO CARLOS GAMALIER DOS SANTOS,PODE,Vereador,3,2020
0423,19620,MIGUEL ARCANJO MONTEIRO VICENTE,PODE,Vereador,171,2020
0423,19700,ALEXSANDER LEAL DE OLIVEIRA,PODE,Vereador,13,2020
0423,19777,ARADIANE CRISTINA VICENTE RODRIGUES CHRISPIM,PODE,Vereador,0,2020
0423,19788,ARLEY PEREIRA DA SILVA,PODE,Vereador,1,2020
0423,19789,SILAS GOMES DA SILVA,PODE,Vereador,2,2020
0423,19877,NEY HAMILTON DE OLIVEIRA,PODE,Vereador,6,2020
0423,19880,MARIA RITA DE CASSIA LIVATO,PODE,Vereador,3,2020
0423,19882,ADENILSON ANTONIO PIMENTA VIEIRA,PODE,Vereador,3,2020
0423,19888,JOSE LUIS MONTEIRO,PODE,Vereador,0,2020
0423,19900,ADRIANO JARILHO DE ABREU,PODE,Vereador,9,2020
0423,19911,CARINA FERNANDA SMIRELLI,PODE,Vereador,18,2020
0423,19963,NUNO PAULO MENDONÇA FIGUEIRA,PODE,Vereador,0,2020
0423,19977,SIDIVAL CARLOS DA SILVA,PODE,Vereador,5,2020
0423,19987,APARECIDO FRANCISCO BARBINO,PODE,Vereador,2,2020
0423,19990,RONALDO DE SOUZA,PODE,Vereador,0,2020
0423,19999,RUBENS BRASILINO ROCHA,PODE,Vereador,8,2020
0423,20000,DEBORA DE ANDRADE PALERMO,PSC,Vereador,1065,2020
0423,20002,MARIA EUNICE RODRIGUES,PSC,Vereador,6,2020
0423,20008,MARCOS ANTONIO GONÇALVES,PSC,Vereador,2,2020
0423,20010,JOSÉ JORGE ESCOTÃO,PSC,Vereador,108,2020
0423,20013,CARLOS CRISTOVAM PASTORE,PSC,Vereador,6,2020
0423,20020,CARLOS EDUARDO CRUZ,PSC,Vereador,323,2020
0423,20022,MILCA DOS SANTOS DUARTE,PSC,Vereador,5,2020
0423,20054,APARECIDA CELESTE LOPES,PSC,Vereador,1,2020
0423,20077,CLAUDETE MARTINS SANTOS DE ANDRADE,PSC,Vereador,6,2020
0423,20078,CARLOS EDUARDO ZANCHETA,PSC,Vereador,27,2020
0423,20110,MARIA JOSÉ CÂNDIDO,PSC,Vereador,1,2020
0423,20113,FRANCISCO DE ASSIS  MARTINS DE ALMEIDA,PSC,Vereador,5,2020
0423,20120,CLAUDINEY ALONSO,PSC,Vereador,12,2020
0423,20121,CLAUDIONOR RODRIGUES PORTO,PSC,Vereador,16,2020
0423,20123,MAURICELE DA SILVA LOPES,PSC,Vereador,29,2020
0423,20133,MARISA MARTINS DE OLIVEIRA,PSC,Vereador,5,2020
0423,20153,ALEXANDRE MORAES DE ALVARENGA RANGEL,PSC,Vereador,82,2020
0423,20164,JORGE FELIX HYMALAIA,PSC,Vereador,6,2020
0423,20200,MARCOS FERNANDO GUILLEN,PSC,Vereador,15,2020
0423,20210,ALTAZIDE RODRIGUES DA FONSECA FILHO,PSC,Vereador,17,2020
0423,20220,CARMO LUIZ GREGÓRIO DA SILVA,PSC,Vereador,48,2020
0423,20222,SEBASTIÃO CARLOS TORRES,PSC,Vereador,287,2020
0423,20223,MICHELLA SILVA LOPES,PSC,Vereador,0,2020
0423,20224,REGINALDO DOS SANTOS NUNES,PSC,Vereador,17,2020
0423,20234,MARIA DE LOURDES PEREIRA DA SILVA,PSC,Vereador,3,2020
0423,20240,SILVIA BATISTA DOS SANTOS,PSC,Vereador,9,2020
0423,20300,VALDIR FERREIRA,PSC,Vereador,5,2020
0423,20310,SERGIO MELLO MEDEIROS,PSC,Vereador,1,2020
0423,20320,CLAUDIO JOSÉ BERNARDES,PSC,Vereador,17,2020
0423,20322,ALVIMAR LEITE DOS SANTOS,PSC,Vereador,3,2020
0423,20333,JOSÉ DOMINGOS DA SILVA SANTOS,PSC,Vereador,5,2020
0423,20345,ISAC MONEGO,PSC,Vereador,195,2020
0423,20360,IARA APARECIDA RODRIGUES DOS SANTOS,PSC,Vereador,1,2020
0423,20444,NELSON JOSÉ PACHECO,PSC,Vereador,7,2020
0423,20456,FABIO CAMILO DE ALMEIDA,PSC,Vereador,475,2020
0423,20500,JOSÉ CARLOS FURIOSO,PSC,Vereador,39,2020
0423,20520,JOSÉ GERALDO DAMASCENO,PSC,Vereador,14,2020
0423,20555,ROGÉRIO RODRIGUES DE CASTRO,PSC,Vereador,16,2020
0423,20620,GILBERTO LEÃO DE ARAUJO,PSC,Vereador,19,2020
0423,20622,MAIRA ANNE PEREIRA GNATOS,PSC,Vereador,8,2020
0423,20638,ANA PAULA DA SILVA MORAES,PSC,Vereador,12,2020
0423,20666,PAULO CESAR COELHO ROCHA,PSC,Vereador,3,2020
0423,20700,ELCIO BATISTA,PSC,Vereador,32,2020
0423,20720,ALLINE DE OLIVEIRA SANTANA,PSC,Vereador,21,2020
0423,20777,MARCOS EDUARDO MARIANO,PSC,Vereador,27,2020
0423,20789,VALDIRLEI MARTINGHI,PSC,Vereador,14,2020
0423,20820,PEDRO HENRIQUE GONSALES DE OLIVEIRA,PSC,Vereador,2,2020
0423,20888,MANOEL NEVES DOS SANTOS,PSC,Vereador,12,2020
0423,20920,ELIETE APARECIDA FANTIN,PSC,Vereador,2,2020
0423,20999,JORGE LUIZ DO ROSÁRIO,PSC,Vereador,45,2020
0423,22000,ALBERTO ALVES DA FONSECA,PL,Vereador,252,2020
0423,22006,ALDO ALVES JUNIOR,PL,Vereador,206,2020
0423,22007,MIRIAM DIAS DA MACENO TERATO,PL,Vereador,15,2020
0423,22010,ROGERIO FIGUEREDO SANTANA,PL,Vereador,7,2020
0423,22019,FELIPE PEREIRA DE CAMPOS VERGUEIRO,PL,Vereador,1161,2020
0423,22020,LENILDO FRANCISCO DA SILVA,PL,Vereador,6,2020
0423,22022,IVAN RICARDO LEITE NEVES,PL,Vereador,19,2020
0423,22038,TULIO AUGUSTO MARTINS SIQUEIRA,PL,Vereador,84,2020
0423,22072,LEONDAS DE JESUS PEREIRA,PL,Vereador,11,2020
0423,22100,LEONARDO ROCHA DÓRO,PL,Vereador,56,2020
0423,22111,CAROLINA LOURENÇO DEFILIPPI GONÇALVES,PL,Vereador,255,2020
0423,22112,EGLÊ SILVA PEREIRA NASCIMENTO,PL,Vereador,9,2020
0423,22120,PAULO ROBERTO MARTINS,PL,Vereador,2,2020
0423,22122,DAIANE PATRICIA DE BARROS BEZERRA,PL,Vereador,58,2020
0423,22123,JORGE ROBERTO SCHENEIDER,PL,Vereador,91,2020
0423,22125,FRANCISCO RALPH NASCIMENTO VARONI,PL,Vereador,40,2020
0423,22139,ROSANA DE SOUZA NUNES LACERDA,PL,Vereador,15,2020
0423,22200,WESLEY ALVARO MONTEIRO AGUIAR,PL,Vereador,112,2020
0423,22211,RAIMUNDO ELIEL NUNES DE LIMA,PL,Vereador,24,2020
0423,22212,DANIEL DOS SANTOS,PL,Vereador,6,2020
0423,22222,PAULO SERGIO GALTÉRIO,PL,Vereador,218,2020
0423,22223,HELIET TELMIS FERRARI,PL,Vereador,37,2020
0423,22243,ABRAÃO STREY,PL,Vereador,49,2020
0423,22300,JORGE VEIGA JUNIOR,PL,Vereador,70,2020
0423,22321,GILBERT JOSE DE MELLO,PL,Vereador,14,2020
0423,22322,TIAGO ESPINDOLA BATISTA,PL,Vereador,0,2020
0423,22333,THELMA ELAINE BRASILEIRO ROBERTI,PL,Vereador,69,2020
0423,22345,SILVIA MARLENE DA GRAÇA SILVA,PL,Vereador,14,2020
0423,22369,FERNANDA APARECIDA FIDELIS DE SOUZA,PL,Vereador,201,2020
0423,22400,ISMAILDA GOMES CAVALCANTE,PL,Vereador,1,2020
0423,22422,IRINEU SENTURIÃO,PL,Vereador,11,2020
0423,22456,FÁBIO LUIS DE LIMA,PL,Vereador,33,2020
0423,22500,MOISES MARQUES DE ABREU,PL,Vereador,58,2020
0423,22522,MARIA DE LOURDES DOS ANJOS,PL,Vereador,12,2020
0423,22552,ILZA MACENA DOS SANTOS SERRANO,PL,Vereador,5,2020
0423,22555,HUMBERTO FERNANDO RODRIGUES,PL,Vereador,108,2020
0423,22567,OTTO ALEJANDRO RIGAZZO ETTINGER,PL,Vereador,68,2020
0423,22580,CRISTIANO FORIGATO,PL,Vereador,23,2020
0423,22615,JOSE CARLOS DA SILVA CHAVES,PL,Vereador,1,2020
0423,22622,EDEVALDO DE MELO,PL,Vereador,1215,2020
0423,22700,PAULA DA SILVA RAMOS,PL,Vereador,67,2020
0423,22722,SANDRO TEIXEIRA BATISTA,PL,Vereador,1,2020
0423,22766,MARCELO LEANDRO PEREIRA DOS SANTOS,PL,Vereador,5,2020
0423,22777,VALMIR APARECIDO MARÇAL,PL,Vereador,38,2020
0423,22789,JUSCELINO DE SOUZA MARTINS,PL,Vereador,59,2020
0423,22800,ANA CAROLINA LOPES CALUSNI,PL,Vereador,31,2020
0423,22840,ROSANGELA APARECIDA RIBEIRO,PL,Vereador,1,2020
0423,22888,SANDRO ORLANDO RAFFA,PL,Vereador,121,2020
0423,22889,ELISÂNGELA KELI DELARICA MACHADO DE FARIA,PL,Vereador,58,2020
0423,22999,GASPARINO RAIMUNDO DA SILVA,PL,Vereador,104,2020
0423,23000,NADINA APARECIDA FERNANDES DOS SANTOS,CIDADANIA,Vereador,13,2020
0423,23001,LUCIANO TADEU DE PAULA PAJOLA,CIDADANIA,Vereador,11,2020
0423,23005,GERALDO JOSE NOGUEIRA,CIDADANIA,Vereador,1,2020
0423,23007,AMANDA SYLVAN NEVES,CIDADANIA,Vereador,34,2020
0423,23010,LUCIANA APARECIDA CARDOSO,CIDADANIA,Vereador,6,2020
0423,23011,ELIAS RODRIGUES BASTOS,CIDADANIA,Vereador,76,2020
0423,23013,LUIZ GUILHERME WEISS FRANCO DE CAMPOS,CIDADANIA,Vereador,6,2020
0423,23014,CELSO ADRIANO DO NASCIMENTO,CIDADANIA,Vereador,1,2020
0423,23019,ELTON RODRIGUES DOS SANTOS,CIDADANIA,Vereador,74,2020
0423,23020,SIDNEI ALVES ROCHA,CIDADANIA,Vereador,77,2020
0423,23023,MIKAIL CARDOSO SOARES,CIDADANIA,Vereador,10,2020
0423,23026,MARJORIE DA COSTA HENRIQUE RODRIGUES,CIDADANIA,Vereador,164,2020
0423,23040,LEIDIANE SERAFIM MELO,CIDADANIA,Vereador,8,2020
0423,23044,ANITA MARIA DE FARIA,CIDADANIA,Vereador,0,2020
0423,23051,MANOEL CORREIA NETO,CIDADANIA,Vereador,1,2020
0423,23058,JOSE LIMA DA CRUZ,CIDADANIA,Vereador,9,2020
0423,23108,DAIANY FERREIRA OLIVEIRA,CIDADANIA,Vereador,4,2020
0423,23111,JORGE PANUTO DE OLIVEIRA,CIDADANIA,Vereador,7,2020
0423,23123,PAULO CESAR HADDAD,CIDADANIA,Vereador,242,2020
0423,23188,ANDERSON PEDRO,CIDADANIA,Vereador,1,2020
0423,23222,MARCIO OLIVEIRA SANTOS,CIDADANIA,Vereador,5,2020
0423,23230,LUIS CARLOS SANTOS,CIDADANIA,Vereador,34,2020
0423,23232,VILSON VINICIUS NASCIMENTO DA SILVA,CIDADANIA,Vereador,22,2020
0423,23234,JOSELITA RODRIGUES NUNES,CIDADANIA,Vereador,1,2020
0423,23238,LI LI MIN,CIDADANIA,Vereador,119,2020
0423,23257,DIOGO PASCHOAL STENICO,CIDADANIA,Vereador,11,2020
0423,23270,BEATRIZ DA SILVA LIMA,CIDADANIA,Vereador,1,2020
0423,23321,MARCIA APARECIDA RODRIGUES,CIDADANIA,Vereador,102,2020
0423,23323,RAFAEL FERREIRA OUTEIRO,CIDADANIA,Vereador,6,2020
0423,23333,GUILHERME AUGUSTO ANTONIOLI,CIDADANIA,Vereador,4,2020
0423,23345,WILLIAM GONÇALVEZ MARTINS,CIDADANIA,Vereador,9,2020
0423,23444,MARCOS EUNER BENUTTO,CIDADANIA,Vereador,27,2020
0423,23456,HENRI MAEDA,CIDADANIA,Vereador,133,2020
0423,23500,ROSA CASTELO,CIDADANIA,Vereador,5,2020
0423,23555,FRANCISCO ANTONIO DA SILVA,CIDADANIA,Vereador,6,2020
0423,23678,SERGIO RICARDO DE MORAIS,CIDADANIA,Vereador,1,2020
0423,23698,RILDO CARLOS PRAZERES DOS SANTOS,CIDADANIA,Vereador,13,2020
0423,23700,JOSE DE MORAIS NETO,CIDADANIA,Vereador,24,2020
0423,23723,ROSEMEIRE MARQUES VIRGINELLO,CIDADANIA,Vereador,20,2020
0423,23786,LENICE DA SILVA SANTOS,CIDADANIA,Vereador,20,2020
0423,23789,ELIAS ALVES DOS SANTOS,CIDADANIA,Vereador,10,2020
0423,23888,JOSE ALBERTO FERREIRA DE LIMA,CIDADANIA,Vereador,25,2020
0423,23923,ANA STELA ALVES DE LIMA,CIDADANIA,Vereador,206,2020
0423,25000,RODRIGO LUIS DE BARROS ALMEIDA,DEM,Vereador,91,2020
0423,25003,ANDREY DA SILVA CARVALHO,DEM,Vereador,5,2020
0423,25005,THIAGO RIBEIRO BRANDÃO,DEM,Vereador,11,2020
0423,25007,LEONARDO RUELA SANTANA,DEM,Vereador,59,2020
0423,25012,JOSELINDA PEREIRA BARBOSA,DEM,Vereador,2,2020
0423,25021,SANDRA REGINA ALVES,DEM,Vereador,0,2020
0423,25025,APARECIDO GOMES CORREIA,DEM,Vereador,3,2020
0423,25030,ITAMAR MARTINS CAMPOY,DEM,Vereador,11,2020
0423,25031,CLAUDEMIR DOMINGOS,DEM,Vereador,3,2020
0423,25049,ELAINE CRISTINA GARCIA RAMOS DE SOUSA,DEM,Vereador,9,2020
0423,25050,JOEL VALENCIO DE SOUZA,DEM,Vereador,0,2020
0423,25065,FRANCISCO DAS CHAGAS VIDAL FERREIRA,DEM,Vereador,66,2020
0423,25077,MARIA JOSÉ GALVÃO DE LIMA,DEM,Vereador,5,2020
0423,25100,BRUNA CAROLINE ROSA,DEM,Vereador,4,2020
0423,25110,AMANDO RIBEIRO DOS SANTOS JUNIOR,DEM,Vereador,12,2020
0423,25111,JOSÉ FRANCISCO DA SILVA,DEM,Vereador,18,2020
0423,25123,WANDERLEY LUIZ SARTORI,DEM,Vereador,61,2020
0423,25125,JOEL CARLOS DORNELAS,DEM,Vereador,19,2020
0423,25135,MARCELLO LEONARDI BEZERRA,DEM,Vereador,22,2020
0423,25155,FERNANDO SCALET ARAUJO,DEM,Vereador,22,2020
0423,25190,VLADIMIR RIBEIRO,DEM,Vereador,46,2020
0423,25200,MARCELINO FELISBERTO DA COSTA,DEM,Vereador,260,2020
0423,25222,MAURA ELIZABETH CRUZ,DEM,Vereador,1,2020
0423,25333,EMERSON VETACA,DEM,Vereador,29,2020
0423,25369,JULIANA DOS SANTOS RIBEIRO,DEM,Vereador,13,2020
0423,25400,FERNANDO CARVALHO ZAMITH,DEM,Vereador,10,2020
0423,25444,GENNE ALBINO PINTO,DEM,Vereador,1,2020
0423,25500,RUBENS SOARES DO NASCIMENTO,DEM,Vereador,89,2020
0423,25530,JOSE AUGUSTO MENEZES DA SILVA,DEM,Vereador,0,2020
0423,25555,SARA EVANGELISTA SARDINHA,DEM,Vereador,16,2020
0423,25600,LUCIANA AUGUSTA DOS SANTOS CARVALHO PINHO,DEM,Vereador,7,2020
0423,25625,MARTA DE JESUS NICOLAU ROCHA,DEM,Vereador,1,2020
0423,25678,LUIZ HENRIQUE DA SILVA,DEM,Vereador,3,2020
0423,25695,PAULO HENRIQUE DA SILVA,DEM,Vereador,0,2020
0423,25703,CLAUDIO CALDAS,DEM,Vereador,67,2020
0423,25777,JORGE RICARDO TEIXEIRA CEZARIO,DEM,Vereador,36,2020
0423,25789,WILSON SENIGALIA,DEM,Vereador,8,2020
0423,25800,ELZA DONIZETE DA SILVA,DEM,Vereador,4,2020
0423,25877,ANTONIA JAIARA ALVES CARDOZO,DEM,Vereador,3,2020
0423,25905,HILDEBRANDO ALVES DE OLIVEIRA,DEM,Vereador,10,2020
0423,25925,ANGELA MARTA DE BRITO,DEM,Vereador,5,2020
0423,25933,IZABEL SILVA SOUZA,DEM,Vereador,1,2020
0423,25999,MARCONE JOSÉ DE LIMA,DEM,Vereador,7,2020
0423,28000,JOSE AFONSO DA COSTA BITTENCOURT,PRTB,Vereador,95,2020
0423,28001,MARCELO TEIXEIRA BARBOSA,PRTB,Vereador,26,2020
0423,28008,JOÃO BATISTA PEDROSO,PRTB,Vereador,12,2020
0423,28010,BEATRIZ HELENA DIAS CRESPI,PRTB,Vereador,1,2020
0423,28020,JOSE GERALDO CRUZ COSTA,PRTB,Vereador,20,2020
0423,28028,CARLOS ALBERTO BERTOLDO,PRTB,Vereador,105,2020
0423,28086,JEICY KELLY DE OLIVEIRA,PRTB,Vereador,1,2020
0423,28128,ANGELA ISABEL RODRIGUES,PRTB,Vereador,15,2020
0423,28148,FRANCISCO CORDEIRO,PRTB,Vereador,22,2020
0423,28295,TANIA CORREIA GOMES DE FIGUEIREDO,PRTB,Vereador,1,2020
0423,28333,MOACIR JOSE SCACCHETTI,PRTB,Vereador,20,2020
0423,28383,ISAMAR APARECIDA SILVA MIGLIARI,PRTB,Vereador,0,2020
0423,28456,ANTONIO MOSCATELLI,PRTB,Vereador,1,2020
0423,28762,CLAUDIO KOVACSICS,PRTB,Vereador,19,2020
0423,28777,JOSE CIRO ROJAS QUISPE,PRTB,Vereador,13,2020
0423,28789,OSVALDO BORTOLETO,PRTB,Vereador,12,2020
0423,28800,TALITA RIBEIRO ALVES,PRTB,Vereador,23,2020
0423,28888,JOSE RENATO PIRES,PRTB,Vereador,7,2020
0423,30000,ANDRE ROBERTO FREITAS FERREIRA PINTO,NOVO,Vereador,246,2020
0423,30003,ALCIDES SOARES FILHO,NOVO,Vereador,15,2020
0423,30007,MARCÉLIO ANDRADE LEÃO,NOVO,Vereador,64,2020
0423,30032,JUSSARA CRISTINA DA SILVA,NOVO,Vereador,26,2020
0423,30083,CARLOS DANIEL CORADI,NOVO,Vereador,18,2020
0423,30100,ADELSON FONSECA BEZERRA,NOVO,Vereador,125,2020
0423,30123,MARNE DA SILVA CAMPOS,NOVO,Vereador,49,2020
0423,30153,MIRIAM MARIA ANTUNES DE SOUZA,NOVO,Vereador,150,2020
0423,30222,MARCIA ANTONIA CIA RIBEIRO SANTOS,NOVO,Vereador,134,2020
0423,30300,SANDRA HELENA FERNANDES,NOVO,Vereador,126,2020
0423,30333,FRANCISCO ASSIS DA CONCEIÇÃO,NOVO,Vereador,290,2020
0423,30500,MARIA CRISTINA DE OLIVEIRA,NOVO,Vereador,352,2020
0423,30730,CÁSSIO HERVELLA,NOVO,Vereador,46,2020
0423,30777,JONATHAS DE SIQUEIRA FERREIRA,NOVO,Vereador,231,2020
0423,30900,DANIEL BISCOLA PEREIRA,NOVO,Vereador,327,2020
0423,30999,PAULO SÉRGIO BARCELLOS GASPAR,NOVO,Vereador,596,2020
0423,33000,LOURIVAL RODRIGUES DA SILVA,PMN,Vereador,14,2020
0423,33007,MARINA DE JESUS TERRA,PMN,Vereador,8,2020
0423,33022,LEANDRO DE OLIVEIRA SILVA,PMN,Vereador,0,2020
0423,33096,BRENDA DA SILVA FERREIRA,PMN,Vereador,0,2020
0423,33102,PEDRO PRUDENTE DE MORAIS NETO,PMN,Vereador,6,2020
0423,33123,LILIANE HELENA AGUIAR DE OLIVEIRA,PMN,Vereador,1,2020
0423,33170,RAIMUNDO FERREIRA DE SOUZA,PMN,Vereador,6,2020
0423,33222,SERGIO RICARDO CACCIACARRO,PMN,Vereador,1,2020
0423,33333,TARYK AL JAMAHIRIYA AGIO,PMN,Vereador,7,2020
0423,33727,LUIZ HENRIQUE LANA RODRIGUES,PMN,Vereador,0,2020
0423,33777,GILBERTO GONÇALVES,PMN,Vereador,19,2020
0423,40000,LUIS MOKITI YABIKU,PSB,Vereador,382,2020
0423,40001,ANDERSON DELBUE GIANETTI,PSB,Vereador,93,2020
0423,40006,ROSA PAULA SELHI,PSB,Vereador,62,2020
0423,40007,ANA ROSA PASCOAL REIS RODRIGUES DOS SANTOS,PSB,Vereador,44,2020
0423,40008,GABRIELY DE OLIVEIRA,PSB,Vereador,24,2020
0423,40011,DELLY RIDAN ABELINI E SCUCUGLIA DE MEDEIROS SOUTO,PSB,Vereador,17,2020
0423,40012,JURACY PEREIRA COUTINHO JUNIOR,PSB,Vereador,73,2020
0423,40013,JAIRSON VALERIO DOS ANJOS,PSB,Vereador,173,2020
0423,40019,ALEXANDRE SPENCER RAMPAZO VASCONCELLOS,PSB,Vereador,75,2020
0423,40021,WELLINGTON LUCIANO DE SYLLOS,PSB,Vereador,8,2020
0423,40024,DONIZETE DA COSTA AMARAL,PSB,Vereador,7,2020
0423,40040,ADILSON DE SOUZA ROCHA,PSB,Vereador,90,2020
0423,40075,OSMAIR DONIZETE PEREIRA,PSB,Vereador,2,2020
0423,40100,JOSE BATISTA DE CARVALHO FILHO,PSB,Vereador,134,2020
0423,40110,ARMINDO LIMA DE ALMEIDA,PSB,Vereador,10,2020
0423,40111,AIRTON FEITOSA DOS SANTOS,PSB,Vereador,4,2020
0423,40112,FILIPE BATISTA MARCHESI,PSB,Vereador,121,2020
0423,40123,GILBERTO CARLOS CARDOSO,PSB,Vereador,322,2020
0423,40140,CAROLINA NOGUEIRA BOSCOLO,PSB,Vereador,19,2020
0423,40150,SERGIO LUIS DOS SANTOS,PSB,Vereador,2,2020
0423,40159,DEBORA MARINO DAS NEVES,PSB,Vereador,44,2020
0423,40180,ANA CAROLINA SANCHES,PSB,Vereador,2,2020
0423,40200,PAULO DE ELISEU GIROTO,PSB,Vereador,9,2020
0423,40203,ROGERIO DE OLIVEIRA LINS,PSB,Vereador,9,2020
0423,40204,DANIEL DE BRITO BERNABÉ,PSB,Vereador,29,2020
0423,40220,DOUGLAS MENEZES,PSB,Vereador,62,2020
0423,40222,ELIAS HERNANE AZEVEDO,PSB,Vereador,158,2020
0423,40234,FRANCIELI CRISTINA BOCHNIE,PSB,Vereador,1,2020
0423,40333,LARA SOFIA FRIGERI,PSB,Vereador,43,2020
0423,40345,CLAUDINEI ALMEIDA,PSB,Vereador,114,2020
0423,40388,ALEXANDRE ALASMAR JUNIOR,PSB,Vereador,12,2020
0423,40400,IVONE CRESCENCIO DA SILVA MENDONÇA,PSB,Vereador,54,2020
0423,40422,DEUCI FATIMA SOARES,PSB,Vereador,50,2020
0423,40424,ADRIANA CRISTINA LEITE SILVA,PSB,Vereador,1,2020
0423,40444,CÉLIA ROBERTO,PSB,Vereador,2,2020
0423,40456,PERMINIO MONTEIRO DA SILVA,PSB,Vereador,187,2020
0423,40500,JOÃO JOTA SILVA,PSB,Vereador,61,2020
0423,40513,NEUSA SILVA,PSB,Vereador,0,2020
0423,40555,LUIZ FERNANDO MARIANO MATEUS,PSB,Vereador,13,2020
0423,40580,JOSE CARLOS DOS SANTOS,PSB,Vereador,361,2020
0423,40677,CID FERREIRA DE SOUZA,PSB,Vereador,163,2020
0423,40678,JOSÉ CARLOS SILVA,PSB,Vereador,122,2020
0423,40777,ANDRÉ JORGE MARUJO,PSB,Vereador,85,2020
0423,40789,JOAO RINALDO MACHADO,PSB,Vereador,2,2020
0423,40888,AILTON FERNANDES SARMENTO,PSB,Vereador,190,2020
0423,40900,JOSE HONORATO DOS SANTOS,PSB,Vereador,24,2020
0423,40971,JEFERSON AMARANTE,PSB,Vereador,5,2020
0423,40999,GILBERTO MANOEL DE ALMEIDA,PSB,Vereador,45,2020
0423,43000,VAGNER DOS SANTOS BELLINI,PV,Vereador,131,2020
0423,43001,GILMAR DE MELO COSTA,PV,Vereador,0,2020
0423,43003,GABRIEL PIRES DO VALLE RIBEIRO,PV,Vereador,0,2020
0423,43006,ELAINE CRISTINA DA SILVA POGGETTI,PV,Vereador,0,2020
0423,43007,SILVIA HELENA SENISE FURIO VENTURI,PV,Vereador,17,2020
0423,43010,ANGELA CRISTINA MIRANDA,PV,Vereador,25,2020
0423,43011,JOSÉ TAVARES DA ROCHA,PV,Vereador,3,2020
0423,43013,ROSEMEIRE BENTO DE SOUSA,PV,Vereador,19,2020
0423,43020,JORGE FERREIRA PORTO,PV,Vereador,11,2020
0423,43033,SEBASTIÃO TEIXEIRA DE CARVALHO,PV,Vereador,1,2020
0423,43034,KATTYA CRISTINA GAIOTTO,PV,Vereador,22,2020
0423,43043,SILVIA SANTOMI MIYAMOTO,PV,Vereador,13,2020
0423,43050,CARLOS ALVES FEITOSA,PV,Vereador,0,2020
0423,43084,ADRIANO HENRIQUE HERMINI,PV,Vereador,3,2020
0423,43100,ROBINSON WILSON FELIPE,PV,Vereador,31,2020
0423,43103,LENIR MAGALHÃES BOLDRIN,PV,Vereador,3,2020
0423,43111,FRANCISCO SILVA DE MACEDO,PV,Vereador,0,2020
0423,43123,LUIZ CARLOS ROSSINI,PV,Vereador,290,2020
0423,43190,CARLOS ROBERTO DOS SANTOS,PV,Vereador,10,2020
0423,43192,CIRLENE DOS SANTOS,PV,Vereador,27,2020
0423,43200,ADRIANO DE JESUS MENDES,PV,Vereador,2,2020
0423,43210,ROGERS FUSSI AVEIRO,PV,Vereador,198,2020
0423,43221,MAIZA LISBOA,PV,Vereador,3,2020
0423,43229,FABIANA APARECIDA SILVEIRA CAMARGO,PV,Vereador,0,2020
0423,43233,CRISTIANE MENDES DE OLIVERA,PV,Vereador,30,2020
0423,43300,CARLOS EDUARDO DEPIERI,PV,Vereador,47,2020
0423,43321,CARLOS EDUARDO TREVISOLLI DA SILVA,PV,Vereador,12,2020
0423,43333,GIVALDO FERREIRA DE LIMA,PV,Vereador,772,2020
0423,43346,MAURO ACIR CRIPPA JUNIOR,PV,Vereador,90,2020
0423,43430,CARLOS ROBERTO ALVIM,PV,Vereador,676,2020
0423,43433,ZIARA CRISTINA ROQUE,PV,Vereador,12,2020
0423,43444,ANTONIO FRANCISCO NASCIMENTO,PV,Vereador,2,2020
0423,43500,CARLOS CESAR FERREIRA,PV,Vereador,58,2020
0423,43555,LUIZ GUSTAVO MERLO,PV,Vereador,54,2020
0423,43600,IVONE RAMOS DOS SANTOS,PV,Vereador,6,2020
0423,43666,ROSANA LEH DIAS,PV,Vereador,38,2020
0423,43725,GENIVAL CESAR DE MENESES,PV,Vereador,7,2020
0423,43741,MARCELO ANTONIO POLLETO,PV,Vereador,2,2020
0423,43777,DANIELLA AMADA RODRIGUES GOMES DOS SANTOS,PV,Vereador,32,2020
0423,43867,PEDRO DE CAIRO,PV,Vereador,163,2020
0423,43888,JOÃO FERREIRA DE ALMEIDA,PV,Vereador,14,2020
0423,43911,JOÃO RODRIGO NUCCI MARTIN,PV,Vereador,8,2020
0423,43999,RICARDO RÔMULO PAGANELI,PV,Vereador,2,2020
0423,45000,FRANCISCO PAULO CAVALCANTE,PSDB,Vereador,11,2020
0423,45015,STELA MARIS FERREIRA NOGUEIRA,PSDB,Vereador,6,2020
0423,45016,CRISTIANO OLIVEIRA DA SILVA,PSDB,Vereador,1,2020
0423,45022,VALDIR APARECIDO TERRAZAN,PSDB,Vereador,59,2020
0423,45033,JOSÉ CARLOS,PSDB,Vereador,5,2020
0423,45038,CAROLINA BRANCO CLAUDINO GOMES VANCINI,PSDB,Vereador,20,2020
0423,45040,LUCIANO LAURO DA SILVA,PSDB,Vereador,1,2020
0423,45045,THOMAZ ALCANTARA CAVALLARO,PSDB,Vereador,620,2020
0423,45100,ANTONIO LOPES,PSDB,Vereador,9,2020
0423,45123,GUILHERME DAMASCENO FERNANDES,PSDB,Vereador,388,2020
0423,45150,MARIA HELENA VIEIRA,PSDB,Vereador,26,2020
0423,45192,CRISTIANE APARECIDA DE BRITO,PSDB,Vereador,3,2020
0423,45200,ADENILTON FELIPE DOS SANTOS,PSDB,Vereador,5,2020
0423,45216,SELMA MARIA FERREIRA DE SOUZA,PSDB,Vereador,1,2020
0423,45222,JORGE DOS SANTOS MONTANARI,PSDB,Vereador,91,2020
0423,45234,MARCOS JOSÉ BERNARDELLI,PSDB,Vereador,478,2020
0423,45245,SABRINA TAMARA DO COUTO,PSDB,Vereador,5,2020
0423,45275,ANA APARECIDA TRISTÃO BIANCHI,PSDB,Vereador,6,2020
0423,45333,OSMAR BALDIN SIMIONATTO,PSDB,Vereador,29,2020
0423,45387,HELENICE DE FATIMA SOUZA ALMEIDA,PSDB,Vereador,23,2020
0423,45444,CLEONICE REGINA DE CARVALHO,PSDB,Vereador,0,2020
0423,45455,VERA LUZ CAMPOS SERRAZES,PSDB,Vereador,5,2020
0423,45456,DEBORAH LUZIA NASCIMENTO ROSA,PSDB,Vereador,1,2020
0423,45500,WILSON DA SILVA,PSDB,Vereador,12,2020
0423,45518,ANGELO ROBERTO RIBEIRO DA CUNHA JUNIOR,PSDB,Vereador,24,2020
0423,45555,JANAINA CORDEIRO NEVES,PSDB,Vereador,10,2020
0423,45567,ROBERTO AQUIO SASAKI,PSDB,Vereador,70,2020
0423,45580,JOSÉ OSCAR PEREIRA DE SOUZA,PSDB,Vereador,3,2020
0423,45600,DANILO RIDYER PALMA,PSDB,Vereador,159,2020
0423,45645,LEONARDO LORO MARTINS PINTO,PSDB,Vereador,9,2020
0423,45678,LUIZ HENRIQUE CIRILO,PSDB,Vereador,1456,2020
0423,45700,VANDERLEI VICENTE DA SILVA,PSDB,Vereador,0,2020
0423,45777,ADILSON PIMENTEL DE ALMEIDA,PSDB,Vereador,56,2020
0423,45888,JOÃO DE FREITAS PATRICIO NETO,PSDB,Vereador,5,2020
0423,45972,ZULMIRA ALVES,PSDB,Vereador,3,2020
0423,45999,MARCELO LUIS MONTANARI,PSDB,Vereador,3,2020
0423,50000,PAULO ROBERTO BUFALO,PSOL,Vereador,424,2020
0423,50001,MARCELA DIAS MOREIRA,PSOL,Vereador,319,2020
0423,50002,AMILTON LUIS FIM LIMA,PSOL,Vereador,10,2020
0423,50005,LUAN MAYNNY SILVA AVELINO,PSOL,Vereador,17,2020
0423,50010,RAUL MARQUES PARDINHO,PSOL,Vereador,28,2020
0423,50050,JOSÉ APARECIDO RODRIGUES DE SOUZA,PSOL,Vereador,6,2020
0423,50100,MARIANA CONTI TAKAHASHI,PSOL,Vereador,1355,2020
0423,50123,ÉLICE NATALIA BOTELHO,PSOL,Vereador,373,2020
0423,50147,JOÃO PEREIRA MARINS,PSOL,Vereador,7,2020
0423,50150,JOSE LITO DA SILVA NASCIMENTO,PSOL,Vereador,6,2020
0423,50180,REBEKA GONÇALVES DIAS,PSOL,Vereador,24,2020
0423,50222,ROBERTO LUIS STEVENSON PRADO,PSOL,Vereador,142,2020
0423,50234,VALDOMIRO DIAS,PSOL,Vereador,0,2020
0423,50255,PAULO SÉRGIO EVANGELISTA DE SOUZA,PSOL,Vereador,0,2020
0423,50300,LETÍCIA SOUZA MOREIRA BENEVIDES,PSOL,Vereador,371,2020
0423,50444,DORALICE RITA SILVA DE ALCÂNTARA RODRIGUES,PSOL,Vereador,4,2020
0423,50500,NELTON MIRANDA LIMA DOS SANTOS,PSOL,Vereador,16,2020
0423,50501,DAMIÃO ALCÂNTARA DA SILVA,PSOL,Vereador,1,2020
0423,50505,DANIEL LUIS ALVES,PSOL,Vereador,64,2020
0423,50650,ALEXANDRE TORTORELLA MANDL,PSOL,Vereador,46,2020
0423,51000,ATILA FERNANDO GONCALVES RIBEIRO,PATRIOTA,Vereador,30,2020
0423,51003,NIVALDO VILLELA,PATRIOTA,Vereador,9,2020
0423,51051,JOÃO ADELINO ROCHA,PATRIOTA,Vereador,6,2020
0423,51053,GABRIELA ARAUJO,PATRIOTA,Vereador,2,2020
0423,51091,ROGERIO MANZINI,PATRIOTA,Vereador,4,2020
0423,51100,TING HUNG HAO,PATRIOTA,Vereador,23,2020
0423,51117,ELAINE PEREIRA,PATRIOTA,Vereador,2,2020
0423,51123,VALDEMIR JOSE MARTINS,PATRIOTA,Vereador,5,2020
0423,51153,CLEIR APARECIDO COELHO,PATRIOTA,Vereador,12,2020
0423,51222,LUIZ CARLOS DO ESPIRITO SANTO,PATRIOTA,Vereador,6,2020
0423,51234,ANDREIA PEREIRA FERRAZ,PATRIOTA,Vereador,66,2020
0423,51300,ALEX BATISTA ROCHA,PATRIOTA,Vereador,20,2020
0423,51511,EDINILSON LUCAS BEZERRA,PATRIOTA,Vereador,0,2020
0423,51533,EDSON TIAGO AUGUSTO,PATRIOTA,Vereador,7,2020
0423,51555,CÉSAR HENRIQUE MASUTTE,PATRIOTA,Vereador,15,2020
0423,51733,ROGERIO DE OLIVEIRA ADÃO,PATRIOTA,Vereador,1,2020
0423,51789,LETICIA MARCELA TOME,PATRIOTA,Vereador,4,2020
0423,51888,STÉFANIE JORDANA MARQUES DE ARAÚJO,PATRIOTA,Vereador,0,2020
0423,51894,GABRIEL ROSA DE FREITAS,PATRIOTA,Vereador,4,2020
0423,51999,CAROLINE ESTAELE BRITO,PATRIOTA,Vereador,10,2020
0423,55000,RAFAEL FERNANDES TEÓFILO,PSD,Vereador,34,2020
0423,55005,EDUARDO FACTOR,PSD,Vereador,122,2020
0423,55007,MARCELO DE OLIVEIRA FRANCISCO,PSD,Vereador,9,2020
0423,55013,SUELY REZENDE PENHA,PSD,Vereador,11,2020
0423,55019,MARCOS ROBERTO DIAS,PSD,Vereador,18,2020
0423,55038,RODRIGO RIBEIRO HONÓRIO,PSD,Vereador,1,2020
0423,55045,ROSANA MATIAS DA PENHA,PSD,Vereador,26,2020
0423,55055,MARCELO DUCHOVNI SILVA,PSD,Vereador,1931,2020
0423,55123,ANGELO DINIZ,PSD,Vereador,291,2020
0423,55150,ISRAEL APARECIDO NASCIMENTO,PSD,Vereador,255,2020
0423,55155,DAVID WEBER ROJAS DE LIMA,PSD,Vereador,3,2020
0423,55156,RICARDO DO PRADO MINARRO,PSD,Vereador,11,2020
0423,55200,MARIANGELA DA COSTA PETTINARI PENNA MAGLIONI,PSD,Vereador,118,2020
0423,55222,MARIA DE FATIMA DE SOUZA,PSD,Vereador,8,2020
0423,55234,MARINÊS BARBOSA DA SILVA,PSD,Vereador,37,2020
0423,55321,LUIS HENRIQUE CARVALHO DA SILVA,PSD,Vereador,7,2020
0423,55330,ANDERSON GUIZONI JUNIOR,PSD,Vereador,32,2020
0423,55333,DANIELLE GOMES DE CARVALHO,PSD,Vereador,8,2020
0423,55355,GIOVANNA FABIOLA MARTINS DUARTE,PSD,Vereador,9,2020
0423,55455,EDVANDO APARECIDO DE SOUZA,PSD,Vereador,11,2020
0423,55500,AILTON LOURENÇO DA SILVA,PSD,Vereador,78,2020
0423,55505,GENILSON SILVA,PSD,Vereador,4,2020
0423,55555,FLÁVIO MAYNARDES ARAUJO,PSD,Vereador,388,2020
0423,55655,NELSON HOSSRI NETO,PSD,Vereador,766,2020
0423,55678,ABIATA JOSE DE LIMA,PSD,Vereador,4,2020
0423,55775,CRISLAINE CARABIA,PSD,Vereador,17,2020
0423,55777,JORGE AKIRA DE ARAUJO CALDAS,PSD,Vereador,26,2020
0423,55800,ROSANGELA HELENA COELHO,PSD,Vereador,17,2020
0423,55855,VANDILSON DA COSTA LOPES,PSD,Vereador,22,2020
0423,55888,DANILO BOTELHO SANCHES,PSD,Vereador,59,2020
0423,55955,EDEUCLEIA MORAES SENA DA SILVA,PSD,Vereador,28,2020
0423,55999,VALDOMIRO PINHEIRO DE CAMPOS,PSD,Vereador,14,2020
0423,65000,ROMARIO DA ROCHA RIBEIRO,PC do B,Vereador,15,2020
0423,65003,ROBERSON ACASSIO DA SILVA,PC do B,Vereador,124,2020
0423,65007,JOSÉ GERALDO STECCA,PC do B,Vereador,22,2020
0423,65017,MARIO LUIZ ADÃO DE SOUZA,PC do B,Vereador,8,2020
0423,65035,ANDREA APARECIDA DE JESUS MENDES,PC do B,Vereador,139,2020
0423,65100,PAULA AUGUSTO GALATI GAINO,PC do B,Vereador,38,2020
0423,65111,DAVID MAMEDIO NUNES,PC do B,Vereador,2,2020
0423,65123,ORESTES AUGUSTO TOLEDO,PC do B,Vereador,159,2020
0423,65133,CARLOS ADILSON GAUDÊNCIO,PC do B,Vereador,0,2020
0423,65180,APARECIDA CÉLIA DOS SANTOS,PC do B,Vereador,28,2020
0423,65221,FÁTIMA APARECIDA CAMARGO LOPES,PC do B,Vereador,1,2020
0423,65222,ADRIANO APARECIDO ELIAS DA SILVA,PC do B,Vereador,63,2020
0423,65234,SUZANA DA SILVA PEREIRA,PC do B,Vereador,3,2020
0423,65250,REGIVAM ESTEVAM,PC do B,Vereador,1,2020
0423,65300,GEREMIAS MARTINS DE OLIVEIRA,PC do B,Vereador,4,2020
0423,65333,ADENILSON BUENO DA SILVA,PC do B,Vereador,1,2020
0423,65355,GUILHERME LUCIUS SAVI,PC do B,Vereador,0,2020
0423,65365,MARIA GOMES DE SOUZA NASCIMENTO,PC do B,Vereador,0,2020
0423,65432,ERNÉSTO PAES DE CAMARGO FILHO,PC do B,Vereador,7,2020
0423,65444,JOSÉ RICARDO FIGUEIREDO,PC do B,Vereador,10,2020
0423,65500,ANGELO RAFAEL BARRETO,PC do B,Vereador,11,2020
0423,65514,GILBERTO ALVES,PC do B,Vereador,12,2020
0423,65555,ISMARCIA GONÇALVES DA CRUZ,PC do B,Vereador,1,2020
0423,65556,JOAQUINA GOMES DE LIMA TEIXEIRA,PC do B,Vereador,2,2020
0423,65565,PAULO SERGIO PEREIRA DA SILVA,PC do B,Vereador,16,2020
0423,65577,ANIBIO FERREIRA DA SILVA JUNIOR,PC do B,Vereador,4,2020
0423,65600,JOÃO MARTINS DE MELO,PC do B,Vereador,1,2020
0423,65650,ELISIENE DE NASCIMENTO LOBO,PC do B,Vereador,15,2020
0423,65655,SONIA HIPOLITA DE SOUZA SAWAZKI,PC do B,Vereador,6,2020
0423,65656,GUSTAVO LEMOS PETTA,PC do B,Vereador,444,2020
0423,65657,WALTER DE PAULA LACORTE JUNIOR,PC do B,Vereador,4,2020
0423,65678,CLAUDEMIR VIEIRA LOPES,PC do B,Vereador,1,2020
0423,65789,SILVANA APARECIDA GOMES VEIGA,PC do B,Vereador,4,2020
0423,65888,MARIANA DE LOURDES TEIXEIRA,PC do B,Vereador,1,2020
0423,65999,ADÃO BERNARDINO DA SILVA,PC do B,Vereador,2,2020
0423,70000,FRANCISCA ROSANA MONTANHER,AVANTE,Vereador,61,2020
0423,70001,KATARINA LEME DA SILVA,AVANTE,Vereador,6,2020
0423,70007,RICARDO MEIRA DO NASCIMENTO,AVANTE,Vereador,26,2020
0423,70010,ELIANE DO AMARAL,AVANTE,Vereador,0,2020
0423,70022,KEYLA TAVARES DA SILVA FELICIANO,AVANTE,Vereador,7,2020
0423,70030,FELIPE CEZAR MONTEIRO DE SOUZA,AVANTE,Vereador,319,2020
0423,70038,FABRÍCIA DE LIMA GOMES NASCIMENTO,AVANTE,Vereador,3,2020
0423,70053,LAUDELICE CONDE GARRIDO,AVANTE,Vereador,2,2020
0423,70055,JOSE JOVINO DE OLIVEIRA,AVANTE,Vereador,7,2020
0423,70070,EMERSON SANTANA PIVATO,AVANTE,Vereador,9,2020
0423,70074,ANDREIA DE BRITO OLIVEIRA,AVANTE,Vereador,3,2020
0423,70100,RAFAEL BRESSANE ALVES,AVANTE,Vereador,92,2020
0423,70111,WESLEY ANTONIO FONSECA,AVANTE,Vereador,4,2020
0423,70121,ANTONIO RODRIGUES,AVANTE,Vereador,0,2020
0423,70123,VALDEIR LUCCHIARI,AVANTE,Vereador,13,2020
0423,70133,HELIO ALVES MOREIRA,AVANTE,Vereador,109,2020
0423,70170,ELIZABETH RUIZ DA SILVA,AVANTE,Vereador,3,2020
0423,70175,WILZA APARECIDA ARAUJO SILVA,AVANTE,Vereador,3,2020
0423,70190,CLODOALDO MAIOLINI FILHO,AVANTE,Vereador,48,2020
0423,70200,MAURO VITORIANO SANCHEZ,AVANTE,Vereador,9,2020
0423,70207,JOZIEL PEREIRA MAIA,AVANTE,Vereador,7,2020
0423,70209,GEANE SOUZA DOS SANTOS,AVANTE,Vereador,2,2020
0423,70222,NATIVIDADE MARIA DE LIMA,AVANTE,Vereador,3,2020
0423,70234,NOEL CORDEIRO TEIXEIRA,AVANTE,Vereador,54,2020
0423,70270,NORBERTO FRANCHI DE ANDRADE,AVANTE,Vereador,4,2020
0423,70300,RICAEL ALVES,AVANTE,Vereador,0,2020
0423,70321,RODRIGO SOUZA LOPES DOS SANTOS,AVANTE,Vereador,7,2020
0423,70333,PAULO RODRIGUES REIS,AVANTE,Vereador,3,2020
0423,70345,ADEMIR PAULO NUNES DE ALMEIDA,AVANTE,Vereador,12,2020
0423,70456,AGENOR JOSÉ DOS SANTOS,AVANTE,Vereador,0,2020
0423,70500,LUCIO ANTONIO ARAÚJO CONDE,AVANTE,Vereador,4,2020
0423,70555,MARCELO VITAL,AVANTE,Vereador,17,2020
0423,70585,MARIA CELESTE CAMARGO CASEMIRO,AVANTE,Vereador,6,2020
0423,70613,EDIVILSON BARBOZA FREIRE,AVANTE,Vereador,6,2020
0423,70655,JOSÉ WILSON DANTAS,AVANTE,Vereador,4,2020
0423,70666,SANDRA SANTATERRA,AVANTE,Vereador,2,2020
0423,70678,JOSIAS DUTRA NETO,AVANTE,Vereador,7,2020
0423,70700,VITO ANTONIO LUGIANNATIELLO,AVANTE,Vereador,6,2020
0423,70701,LUIZ NUNES MENDES NETO,AVANTE,Vereador,13,2020
0423,70769,CARLOS ROBERTO PITTARELLI,AVANTE,Vereador,2,2020
0423,70777,ANTONIO GONZALEZ DOS SANTOS,AVANTE,Vereador,16,2020
0423,70779,VALERIA APARECIDA FIRMINO,AVANTE,Vereador,11,2020
0423,70789,RAIMUNDO MIRANDA DOS SANTOS FILHO,AVANTE,Vereador,35,2020
0423,70888,JOÃO LUIS CAIRES,AVANTE,Vereador,38,2020
0423,70890,MILTON SOARES MUCHIUTTE,AVANTE,Vereador,66,2020
0423,70900,ANTONIO DA SILVA,AVANTE,Vereador,1,2020
0423,70911,FABIANO HERMENEGILDO ANTONINI,AVANTE,Vereador,2,2020
0423,70913,FABIANA MARQUES DE MELO,AVANTE,Vereador,4,2020
0423,70999,CLEYTON DE SOUZA POSSATO,AVANTE,Vereador,3,2020
0423,77000,RICARDO JOSÉ PEREIRA,SOLIDARIEDADE,Vereador,51,2020
0423,77007,CLOVIS DE AZEVEDO NETO,SOLIDARIEDADE,Vereador,6,2020
0423,77009,MARCOS DOS SANTOS GOMES,SOLIDARIEDADE,Vereador,75,2020
0423,77010,PAULO ROBERTO DOS SANTOS VIEIRA,SOLIDARIEDADE,Vereador,17,2020
0423,77015,ROSIMEIRE DE PAULA ISMÉRIO,SOLIDARIEDADE,Vereador,85,2020
0423,77025,JUVENIL NATALINO CELESTINO,SOLIDARIEDADE,Vereador,4,2020
0423,77031,ANDRÉ LUIS TOLOTTO,SOLIDARIEDADE,Vereador,418,2020
0423,77077,VALTER DONIZETTI JOSÉ,SOLIDARIEDADE,Vereador,3,2020
0423,77079,CLAUDINEI DA COSTA E SILVA,SOLIDARIEDADE,Vereador,16,2020
0423,77088,JOÃO BATISTA DE PAULA,SOLIDARIEDADE,Vereador,13,2020
0423,77098,ELIANA MARIA ROCHA MIRANDA,SOLIDARIEDADE,Vereador,6,2020
0423,77099,ANDRÉ LEÃO DE SOUZA,SOLIDARIEDADE,Vereador,15,2020
0423,77100,JAIR QUINALIA,SOLIDARIEDADE,Vereador,68,2020
0423,77111,PASCUAL DANETTI,SOLIDARIEDADE,Vereador,4,2020
0423,77118,CARLOS ANTONIO DE MENDONÇA,SOLIDARIEDADE,Vereador,19,2020
0423,77123,CLODOALDO MISTURA,SOLIDARIEDADE,Vereador,7,2020
0423,77190,RICARDO JOSE DE SOUZA,SOLIDARIEDADE,Vereador,36,2020
0423,77200,LUCIANA DA SILVA,SOLIDARIEDADE,Vereador,1,2020
0423,77211,DORGIVAL JOSE DE LIMA,SOLIDARIEDADE,Vereador,57,2020
0423,77222,JOSÉ FERNANDES SILVA,SOLIDARIEDADE,Vereador,2,2020
0423,77300,MILTON DA SILVA FARIA,SOLIDARIEDADE,Vereador,112,2020
0423,77333,SERGIO DIAS RIBEIRO,SOLIDARIEDADE,Vereador,8,2020
0423,77400,MARCELO TEIXEIRA,SOLIDARIEDADE,Vereador,8,2020
0423,77444,LUIZ ANTONIO BENINE,SOLIDARIEDADE,Vereador,0,2020
0423,77456,SILVIO CESAR SOUZA,SOLIDARIEDADE,Vereador,7,2020
0423,77500,CLAUDINEI APARECIDO DO CARMO,SOLIDARIEDADE,Vereador,64,2020
0423,77555,HELEN PATRICIA MERIM,SOLIDARIEDADE,Vereador,38,2020
0423,77556,VALÉRIA APARECIDA FORTUNATO DE PAULA,SOLIDARIEDADE,Vereador,10,2020
0423,77567,SUELI SENE LEMOS DE MATOS,SOLIDARIEDADE,Vereador,0,2020
0423,77676,ADRIANO APARECIDO DA SILVA,SOLIDARIEDADE,Vereador,4,2020
0423,77677,CLOVIS CORDEIRO,SOLIDARIEDADE,Vereador,22,2020
0423,77690,MARIA EDILEUZA VASCO MARÇAL,SOLIDARIEDADE,Vereador,5,2020
0423,77708,IZABEL DE SOUZA SANTOS,SOLIDARIEDADE,Vereador,17,2020
0423,77733,MARIA JOSE DALLA BERNARDINA,SOLIDARIEDADE,Vereador,10,2020
0423,77744,ROSEMARE DOS SANTOS AVELINO,SOLIDARIEDADE,Vereador,6,2020
0423,77745,ANA MARIA RIBEIRO MARTINS,SOLIDARIEDADE,Vereador,2,2020
0423,77767,JULIANO ANTONIO MARÇAL,SOLIDARIEDADE,Vereador,18,2020
0423,77777,WLADMIR DE SOUZA CARNEIRO,SOLIDARIEDADE,Vereador,47,2020
0423,77789,VANDERLEI MARCOS FERRARI,SOLIDARIEDADE,Vereador,31,2020
0423,77800,CREBIO DINIZ DE ALMEIDA,SOLIDARIEDADE,Vereador,102,2020
0423,77801,EDILSON EUGENIO,SOLIDARIEDADE,Vereador,2,2020
0423,77808,BENEDITO ROBERTO DE BARRETTO,SOLIDARIEDADE,Vereador,3,2020
0423,77888,JOSE CARLOS DE JESUS CLARIO,SOLIDARIEDADE,Vereador,20,2020
0423,77889,FABIANO ROBERTO DE ALBUQUERQUE,SOLIDARIEDADE,Vereador,3,2020
0423,77890,ANA PAULA DA SILVA LUZ,SOLIDARIEDADE,Vereador,9,2020
0423,77898,VALMIR APARECIDO DA SILVA,SOLIDARIEDADE,Vereador,1,2020
0423,77980,MARINA DOS SANTOS,SOLIDARIEDADE,Vereador,2,2020
0423,77990,VALERIA RUSSO DA SILVA,SOLIDARIEDADE,Vereador,67,2020
0423,77999,ANGELINA MAIA PRAXEDES,SOLIDARIEDADE,Vereador,46,2020
0423,90000,ROBER BLU ORLANDO,PROS,Vereador,5,2020
0423,90014,JOSE MARCOS VIEIRA,PROS,Vereador,8,2020
0423,90100,EVANDRO EDUARDO DE SOUZA,PROS,Vereador,19,2020
0423,90111,MARCOS JOSE NOTARO,PROS,Vereador,18,2020
0423,90123,LILIA ARANTES ZEBALHO,PROS,Vereador,11,2020
0423,90333,IVANI DOS SANTOS PINHEIRO,PROS,Vereador,7,2020
0423,90567,ANDRE DIONISIO FAVELA,PROS,Vereador,157,2020
0423,90700,DAVID HONORATO,PROS,Vereador,13,2020
0423,90777,WANDERLEY GONÇALVES DE OLIVEIRA,PROS,Vereador,40,2020
0423,90789,ROBINSON LUIZ BOLSONI,PROS,Vereador,3,2020
0423,90888,CRISTIANE DE OLIVEIRA,PROS,Vereador,2,2020
0423,90999,SANDRA ROQUE PEREIRA,PROS,Vereador,7,2020
