zona,nr_candidato,nm_candidato,sg_partido,ds_cargo,votos,ano
0033,10000,JORGE WILSON GONÇALVES DE MATTOS,PRB,Deputado Estadual,49,2018
0033,10005,MARCIA ROZANA FIDELIS,PRB,Deputado Estadual,0,2018
0033,10012,ONANCIARA RODRIGUES FERNANDEZ,PRB,Deputado Estadual,0,2018
0033,10100,AILDO RODRIGUES FERREIRA,PRB,Deputado Estadual,3,2018
0033,10101,HÉLIO APARECIDO DE GODOY,PRB,Deputado Estadual,1,2018
0033,10111,WELLINGTON DE SOUZA MOURA,PRB,Deputado Estadual,0,2018
0033,10123,GILMACI DOS SANTOS BARBOSA,PRB,Deputado Estadual,358,2018
0033,10133,JOSÉ DOMINGOS BITTENCOURT,PRB,Deputado Estadual,1,2018
0033,10148,SILVIA CRISTINA ASPRINO SOARES,PRB,Deputado Estadual,0,2018
0033,10190,DAVID SEVERINO DA SILVA JUNIOR,PRB,Deputado Estadual,0,2018
0033,10200,ELIAS REZEK AJUB,PRB,Deputado Estadual,4,2018
0033,10300,LUCIANA GISELE DE OLIVEIRA ALVES DA SILVA,PRB,Deputado Estadual,2,2018
0033,10321,SEBASTIÃO DOS SANTOS FILHO,PRB,Deputado Estadual,9,2018
0033,10333,ALTAIR MORAES DE OLIVEIRA,PRB,Deputado Estadual,4,2018
0033,10444,MARCO AURÉLIO PEGOLO DOS SANTOS,PRB,Deputado Estadual,7,2018
0033,10456,EDNA BEZERRA SAMPAIO FERNANDES,PRB,Deputado Estadual,2,2018
0033,10500,MARCOS COUTO DOS SANTOS,PRB,Deputado Estadual,0,2018
0033,10555,MÁRCIO JOSÉ DE OLIVEIRA,PRB,Deputado Estadual,1,2018
0033,10600,WILLIAM NUNES AFFONSO,PRB,Deputado Estadual,2,2018
0033,10777,VALÉRIA APARECIDA MESSIAS LIMA,PRB,Deputado Estadual,10,2018
0033,10789,DAYANI APARECIDA ESCROQUE,PRB,Deputado Estadual,0,2018
0033,10900,VESPASIANO SAULO DA COSTA E SILVA,PRB,Deputado Estadual,0,2018
0033,10999,FRANCISCO JOSÉ LANG FERNANDES DE OLIVEIRA,PRB,Deputado Estadual,2,2018
0033,11000,KENNY PIRES MENDES,PP,Deputado Estadual,14,2018
0033,11011,EDUARDO BOIGUES QUEROZ,PP,Deputado Estadual,17,2018
0033,11012,VITO ARDITO LERÁRIO,PP,Deputado Estadual,2,2018
0033,11023,EDUARDO VIEIRA PETROV,PP,Deputado Estadual,2,2018
0033,11057,MARTA DE PAULA TEIXEIRA DI PIPI,PP,Deputado Estadual,4,2018
0033,11111,ANTONIO CARLOS ESPER CURIATI,PP,Deputado Estadual,11,2018
0033,11123,ALESSANDRA REGINA BEGALLI ZAMORA,PP,Deputado Estadual,234,2018
0033,11138,ROBERVAL CONTE LOPES LIMA,PP,Deputado Estadual,87,2018
0033,11190,PAULO ADRIANO LOPES LUCINDA TELHADA,PP,Deputado Estadual,239,2018
0033,11200,EDUARDO ROZ,PP,Deputado Estadual,20,2018
0033,11222,FABIO SARTORI MANFRINATO,PP,Deputado Estadual,14,2018
0033,11258,MARCIO APARECIDO MARTINS,PP,Deputado Estadual,2,2018
0033,11650,PAULO ROBERTO CECCHINATO,PP,Deputado Estadual,0,2018
0033,11777,ANTONIO ASSUNÇÃO DE OLIM,PP,Deputado Estadual,265,2018
0033,12000,GABRIEL CASSIANO CARVALHO NEVES FINZETTO,PDT,Deputado Estadual,34,2018
0033,12001,SOLANGE MARIA TEODORO,PDT,Deputado Estadual,2,2018
0033,12007,ROBSON APARECIDO PRIMO,PDT,Deputado Estadual,24,2018
0033,12011,ALEXANDRIA BUENO DA SILVA,PDT,Deputado Estadual,5,2018
0033,12012,MARINA LUIZA RODRIGUES MOLINA LOPES,PDT,Deputado Estadual,56,2018
0033,12022,RONALDO FLORIDO DE OLIVEIRA,PDT,Deputado Estadual,0,2018
0033,12051,RIVALDO APARECIDO DE OLIVEIRA,PDT,Deputado Estadual,1,2018
0033,12066,MAISA CARMAGNANI MESSIAS,PDT,Deputado Estadual,0,2018
0033,12077,RITA DE CASSIA SOUSA SANTOS,PDT,Deputado Estadual,0,2018
0033,12081,AUGUSTO CESAR CORREA NETO,PDT,Deputado Estadual,1,2018
0033,12091,VERA LUCIA RIBEIRO DOS REIS MORENO,PDT,Deputado Estadual,0,2018
0033,12100,DIMAS DE PAULA INACIO,PDT,Deputado Estadual,2,2018
0033,12111,SERGIO RICARDO GONÇALVES DA SILVA,PDT,Deputado Estadual,1,2018
0033,12113,OSMAR VILELA DOS SANTOS,PDT,Deputado Estadual,0,2018
0033,12118,ALEXANDRE REGINATO ACEDO,PDT,Deputado Estadual,7,2018
0033,12120,DILSON FRANCISCO FLORIANO,PDT,Deputado Estadual,2,2018
0033,12121,MARLI SILVA PEREIRA,PDT,Deputado Estadual,3,2018
0033,12122,ARI FRIEDENBACH,PDT,Deputado Estadual,17,2018
0033,12123,LUIZ DE MOURA PEREIRA,PDT,Deputado Estadual,6,2018
0033,12133,LUIZ VICENTE DA SILVA,PDT,Deputado Estadual,0,2018
0033,12177,GILVAN SANTOS SOUZA FILHO,PDT,Deputado Estadual,0,2018
0033,12181,JAAZIEL BISPO DOS SANTOS,PDT,Deputado Estadual,0,2018
0033,12190,APARECIDO CARLOS LEANDRO,PDT,Deputado Estadual,3,2018
0033,12193,GENILDO DANTAS DA SILVA,PDT,Deputado Estadual,0,2018
0033,12200,FRANCISCO CARLOS SILVEIRA LEITE,PDT,Deputado Estadual,2,2018
0033,12221,REGIA MARIA GOUVEIA SARMENTO,PDT,Deputado Estadual,0,2018
0033,12222,LUIZ EDUARDO ALMANÇA,PDT,Deputado Estadual,6,2018
0033,12258,ISMAEL DANTAS DE AMORIM FILHO,PDT,Deputado Estadual,0,2018
0033,12292,RUTHINEA DE CARVALHO,PDT,Deputado Estadual,0,2018
0033,12300,CLAUDIA APARECIDA BELTRAN DOS SANTOS,PDT,Deputado Estadual,0,2018
0033,12312,MARCIA APARECIDA MENDES,PDT,Deputado Estadual,3,2018
0033,12321,PEDRO ANTONIO BIGARDI,PDT,Deputado Estadual,14,2018
0033,12333,VALDOMIRO NUNES DE QUEIROS,PDT,Deputado Estadual,1,2018
0033,12340,JOSE SEBASTIAO FILHO,PDT,Deputado Estadual,1,2018
0033,12345,MARCIO MASSAMI NAKASHIMA,PDT,Deputado Estadual,31,2018
0033,12348,SERGIO LUIZ FARAUDE,PDT,Deputado Estadual,1,2018
0033,12360,UÉBER DEIVIDI DA SILVA,PDT,Deputado Estadual,0,2018
0033,12412,JOSUÉ BRIZOLA,PDT,Deputado Estadual,2,2018
0033,12424,MAHAYANA TACCARI,PDT,Deputado Estadual,0,2018
0033,12444,AGAMENON ALVES DA SILVA,PDT,Deputado Estadual,3,2018
0033,12446,ANA CRISTINA AUGUSTA DA SILVA ENCARNAÇÃO,PDT,Deputado Estadual,1,2018
0033,12450,ELIENE DA SILVA SANTOS,PDT,Deputado Estadual,1,2018
0033,12456,DIOGENES BRANCO DE ANDRADE,PDT,Deputado Estadual,2,2018
0033,12468,SIMONE APARECIDA FERREIRA,PDT,Deputado Estadual,0,2018
0033,12491,THIAGO DE LUCA SANT ANA RIBEIRO,PDT,Deputado Estadual,1,2018
0033,12500,JOSÉ DE PAULA SANTOS,PDT,Deputado Estadual,2,2018
0033,12512,VAGNER APARECIDO MALHEIROS,PDT,Deputado Estadual,0,2018
0033,12567,ANTONIO COSTA,PDT,Deputado Estadual,1,2018
0033,12569,SALVADOR RODRIGUES DE SOUZA,PDT,Deputado Estadual,0,2018
0033,12611,CAMILA VERONICA SPERANDIO DE ALMEIDA,PDT,Deputado Estadual,0,2018
0033,12612,LIZETE MARIA CORREA VALLEJO MORALES,PDT,Deputado Estadual,1,2018
0033,12622,SANDRA MARIA DOS SANTOS,PDT,Deputado Estadual,0,2018
0033,12628,CINTIA APARECIDA DE MATOS,PDT,Deputado Estadual,2,2018
0033,12640,JOSÉ MARCIO DE SOUZA CANDIDO,PDT,Deputado Estadual,1,2018
0033,12689,PAULO VICTOR NOVAES,PDT,Deputado Estadual,0,2018
0033,12712,HERNANI JOSÉ BARRETO DA SILVA,PDT,Deputado Estadual,1,2018
0033,12767,STELLA TAVARES MACHADO,PDT,Deputado Estadual,2,2018
0033,12777,THYAGO CEZAR,PDT,Deputado Estadual,5,2018
0033,12789,PAULO ALVES PEREIRA,PDT,Deputado Estadual,1,2018
0033,12800,MIGUEL FRANCISCO DE LIMA,PDT,Deputado Estadual,1,2018
0033,12812,ALLAN RODRIGO ALVES,PDT,Deputado Estadual,2,2018
0033,12900,MANOEL JOSÉ DE ALENCAR FILHO,PDT,Deputado Estadual,1,2018
0033,12999,ADENILSON APARECIDO BARBOSA,PDT,Deputado Estadual,0,2018
0033,13001,PEDRO TOURINHO DE SIQUEIRA,PT,Deputado Estadual,1279,2018
0033,13002,ANTONIO AUGUSTO PORTO,PT,Deputado Estadual,1,2018
0033,13003,ANA LIDIA DE OLIVEIRA AGUIAR,PT,Deputado Estadual,73,2018
0033,13005,NOEMIA BENTO DE OLIVEIRA,PT,Deputado Estadual,0,2018
0033,13007,EDIVALDO DE OLIVEIRA LIMA,PT,Deputado Estadual,0,2018
0033,13008,JOAQUIM MISAEL DA SILVA,PT,Deputado Estadual,0,2018
0033,13009,VALQUIRIA JUSTINO,PT,Deputado Estadual,0,2018
0033,13011,MARIO MAURICI DE LIMA MORAIS,PT,Deputado Estadual,5,2018
0033,13015,CLAUDILSON LEITE PEREIRA,PT,Deputado Estadual,0,2018
0033,13016,ROBERTO SAMPAIO GÂNDARA JÚNIOR,PT,Deputado Estadual,9,2018
0033,13021,SIMONE DINIZ DI STADIO DE ARAUJO,PT,Deputado Estadual,2,2018
0033,13066,ADELIA OLIVEIRA DE FARIAS,PT,Deputado Estadual,20,2018
0033,13068,MARCELO PEDROSO DE OLIVEIRA,PT,Deputado Estadual,0,2018
0033,13090,WANDA DE OLIVEIRA FERREIRA,PT,Deputado Estadual,0,2018
0033,13100,GARRY DERALUS,PT,Deputado Estadual,1,2018
0033,13110,TEONILIO MONTEIRO DA COSTA,PT,Deputado Estadual,2,2018
0033,13111,NORMANDO COSTA DE ANDRADE FILHO,PT,Deputado Estadual,5,2018
0033,13113,MARCIA APARECIDA OVEJANEDA LIA,PT,Deputado Estadual,19,2018
0033,13114,ENIO FRANCISCO TATTO,PT,Deputado Estadual,17,2018
0033,13116,NORMACI SOUSA SAMPAIO,PT,Deputado Estadual,2,2018
0033,13119,MARIA DOS ANJOS SOARES MIRANDA,PT,Deputado Estadual,0,2018
0033,13121,EUGENIO SAID,PT,Deputado Estadual,0,2018
0033,13122,JOSÉ CARLOS DE AQUINO,PT,Deputado Estadual,4,2018
0033,13123,MARIA IZABEL AZEVEDO NORONHA,PT,Deputado Estadual,133,2018
0033,13124,MARIA IZABEL BEZERRA DE SÁ,PT,Deputado Estadual,0,2018
0033,13131,EMIDIO PEREIRA DE SOUZA,PT,Deputado Estadual,13,2018
0033,13133,ALEX SANDRO GOMES,PT,Deputado Estadual,6,2018
0033,13134,LUIZ FERNANDO TEIXEIRA FERREIRA,PT,Deputado Estadual,3,2018
0033,13136,CÁSSIA APARECIDA JACINTHO LACERDA,PT,Deputado Estadual,1,2018
0033,13138,EDINALVA SILVA FRANCO,PT,Deputado Estadual,0,2018
0033,13139,SERGIO RIBEIRO SILVA,PT,Deputado Estadual,23,2018
0033,13140,JOSE AMERICO ASCENCIO DIAS,PT,Deputado Estadual,16,2018
0033,13147,GERALDO LEITE DA CRUZ,PT,Deputado Estadual,1,2018
0033,13192,ANTONIO ROBERTO DE SOUZA,PT,Deputado Estadual,0,2018
0033,13199,ANTONIO MENTOR DE MELLO SOBRINHO,PT,Deputado Estadual,74,2018
0033,13200,WAGNER OCIMAR BALIEIRO,PT,Deputado Estadual,5,2018
0033,13213,SIDNEI LUIZ MENESES ROSA,PT,Deputado Estadual,2,2018
0033,13222,ADRIANO DIOGO,PT,Deputado Estadual,25,2018
0033,13223,JOZY ELLEN DIAS SOUZA DE LEMOS,PT,Deputado Estadual,5,2018
0033,13232,JUCIMÁRIO GALDINO BARBOSA,PT,Deputado Estadual,1,2018
0033,13249,ELENITA DO CARMO OLIVEIRA MARTINS,PT,Deputado Estadual,0,2018
0033,13290,HAMILTON PEREIRA,PT,Deputado Estadual,4,2018
0033,13300,CLAUDIO MARQUES DA SILVA,PT,Deputado Estadual,1,2018
0033,13310,LUIZ CLAUDIO MARCOLINO,PT,Deputado Estadual,8,2018
0033,13313,RENATO MORENI AIRES DA SILVA,PT,Deputado Estadual,2,2018
0033,13321,HERIVELTO DOS SANTOS MORAES,PT,Deputado Estadual,0,2018
0033,13331,RAIMUNDO BERNARDINO DO NASCIMENTO,PT,Deputado Estadual,1,2018
0033,13333,ROBERTA MOREIRA LUCHSINGER,PT,Deputado Estadual,9,2018
0033,13356,MOHAMAD SAMI EL KADRI,PT,Deputado Estadual,0,2018
0033,13367,AILTON FRANCISCO CABRAL,PT,Deputado Estadual,0,2018
0033,13410,MARLEIDE SOARES DA SILVA,PT,Deputado Estadual,0,2018
0033,13444,JOÃO BATISTA PINHEIRO SANTOS FILHO,PT,Deputado Estadual,0,2018
0033,13456,ELISABETH SAHÃO,PT,Deputado Estadual,11,2018
0033,13500,LUZIA JOSÉ DOS SANTOS VECCHIATTI,PT,Deputado Estadual,6,2018
0033,13513,ALOISIO GAMA DE SANTANA,PT,Deputado Estadual,1,2018
0033,13555,SIMÃO PEDRO CHIOVETTI,PT,Deputado Estadual,10,2018
0033,13560,LUIZ FERNANDO STOPPA,PT,Deputado Estadual,2,2018
0033,13562,MIRLEI ANTONIO CASALE,PT,Deputado Estadual,3,2018
0033,13565,MARIA DA PENHA SOUZA,PT,Deputado Estadual,1,2018
0033,13570,ALESSANDRA TRINDADE SHIMOMOTO,PT,Deputado Estadual,6,2018
0033,13578,EDILEIDI CANETE RAMOS,PT,Deputado Estadual,0,2018
0033,13587,DEUSDETE ALVES DE ASSUNÇÃO,PT,Deputado Estadual,0,2018
0033,13613,PAULO ROBERTO FIORILO,PT,Deputado Estadual,3,2018
0033,13633,AGNELO DA SILVA MATOS NETO,PT,Deputado Estadual,3,2018
0033,13640,VERA LÚCIA RODRIGUES DE FARIA,PT,Deputado Estadual,53,2018
0033,13644,RENATO BISPO CAROBA,PT,Deputado Estadual,0,2018
0033,13666,ANDRÉ LUIZ COSTA DE OLIVEIRA,PT,Deputado Estadual,1,2018
0033,13670,EDMILSON SOUZA SANTOS,PT,Deputado Estadual,1,2018
0033,13678,ROSA MARIA CHIQUETTO,PT,Deputado Estadual,0,2018
0033,13688,ENI FERNANDES,PT,Deputado Estadual,1,2018
0033,13690,LUIZ MARTINO TURCO,PT,Deputado Estadual,6,2018
0033,13696,ALEXANDRE BREVIGLIERI ALVES CASTILHO,PT,Deputado Estadual,18,2018
0033,13707,ABDAEL AMBRUSTER,PT,Deputado Estadual,1,2018
0033,13711,ORLANDO MAURÍCIO JÚNIOR,PT,Deputado Estadual,1,2018
0033,13713,FABIANO GREGÓRIO,PT,Deputado Estadual,0,2018
0033,13741,TELMA FORTUNATO DA SILVA SANT ANNA,PT,Deputado Estadual,1,2018
0033,13770,ANGELA CAMARGO SPINELI,PT,Deputado Estadual,6,2018
0033,13777,CLAUDIO APARECIDO DA SILVA,PT,Deputado Estadual,0,2018
0033,13778,PEDRO FELIPE JACYNTHO DOS SANTOS,PT,Deputado Estadual,1,2018
0033,13789,MARCELO SAMUEL DA COSTA,PT,Deputado Estadual,2,2018
0033,13800,JORGE DO CARMO SILVA,PT,Deputado Estadual,2,2018
0033,13813,RENATO SIMOES,PT,Deputado Estadual,387,2018
0033,13888,JOSILDA DE ARAÚJO CABRAL DO NASCIMENTO,PT,Deputado Estadual,2,2018
0033,13890,EDSON PEREIRA CAMPOS,PT,Deputado Estadual,0,2018
0033,13900,EDISON LUÍS ALVES,PT,Deputado Estadual,1,2018
0033,13913,CÁSSIA GONÇALVES DE JESUS,PT,Deputado Estadual,0,2018
0033,13933,EDUARDO DIAS DA CUNHA,PT,Deputado Estadual,0,2018
0033,13999,CARLOS ALBERTO PLETZ NEDER,PT,Deputado Estadual,40,2018
0033,14007,ALESSANDRO RIOS CONFORTI,PTB,Deputado Estadual,0,2018
0033,14014,WELINGTON APARECIDO ALFREDO,PTB,Deputado Estadual,2,2018
0033,14040,RICARDO MANOEL DE ALMEIDA,PTB,Deputado Estadual,0,2018
0033,14045,LUCIMAR FREIRE DE ALMEIDA SILVA,PTB,Deputado Estadual,0,2018
0033,14100,MARINISIA TUROLI FERNANDES DA SILVA,PTB,Deputado Estadual,1,2018
0033,14111,EDILSON GUARNIERI,PTB,Deputado Estadual,6,2018
0033,14123,JOSE NERIVAN DA SILVA,PTB,Deputado Estadual,0,2018
0033,14140,ANTONIO CARLOS DE CAMPOS MACHADO,PTB,Deputado Estadual,139,2018
0033,14145,MARIA TERESA DA SILVA LATTARI,PTB,Deputado Estadual,0,2018
0033,14160,ROQUE BARBIERE,PTB,Deputado Estadual,16,2018
0033,14190,MARCOS ROGERIO MANTEIGA,PTB,Deputado Estadual,3,2018
0033,14222,ERICA VANESSA MANTOVANI,PTB,Deputado Estadual,1,2018
0033,14234,CARLOS BRUMER RODRIGUES,PTB,Deputado Estadual,0,2018
0033,14333,JONAS FERNANDES CASTRO,PTB,Deputado Estadual,0,2018
0033,14340,CAROLINE DO AMPARO CERQUEIRA,PTB,Deputado Estadual,1,2018
0033,14345,CÉSAR RAMOS DA COSTA,PTB,Deputado Estadual,0,2018
0033,14400,JAQUELINE LILIAN BARCELOS COUTINHO,PTB,Deputado Estadual,7,2018
0033,14444,ANTONIO JOAQUIM FERNANDES,PTB,Deputado Estadual,13,2018
0033,14500,MARIA DAS GRAÇAS FERREIRA DE MACEDO,PTB,Deputado Estadual,1,2018
0033,14540,ANDREIA CARVALHO DE SOUZA,PTB,Deputado Estadual,0,2018
0033,14555,MARCO ANTONIO BITTENCOURT NOGUEIRA COBRA,PTB,Deputado Estadual,5,2018
0033,14600,LUCIENE CARVALHO CHALET FERREIRA,PTB,Deputado Estadual,0,2018
0033,14777,LUIZ CARLOS GONDIM TEIXEIRA,PTB,Deputado Estadual,4,2018
0033,15000,JORGE LUIS CARUSO,MDB,Deputado Estadual,48,2018
0033,15002,GLAUCIA ESTELA CAMARGO,MDB,Deputado Estadual,6,2018
0033,15005,SANDRA DIAS TAVARES CINTRA,MDB,Deputado Estadual,32,2018
0033,15007,JOÃO ALBERTO CORRÊA,MDB,Deputado Estadual,0,2018
0033,15009,GILBERTO FRANCISCO DE AQUINO,MDB,Deputado Estadual,0,2018
0033,15010,LUIZ FERNANDO RICCETTO,MDB,Deputado Estadual,0,2018
0033,15013,ZAIRA AMARAL ALVES DE ABREU,MDB,Deputado Estadual,0,2018
0033,15015,ENYO DAURO LEPOS CORREIA,MDB,Deputado Estadual,13,2018
0033,15018,ELIEL JUNQUEIRA FERNANDES,MDB,Deputado Estadual,0,2018
0033,15021,LUIZ MANOEL FRANCISCO,MDB,Deputado Estadual,9,2018
0033,15022,ANGELA OROSCO DE MELO,MDB,Deputado Estadual,4,2018
0033,15023,EDSON COELHO ARAUJO FILHO,MDB,Deputado Estadual,5,2018
0033,15044,CLAYTON GUIMARAES DE ALMEIDA,MDB,Deputado Estadual,0,2018
0033,15051,LEONARDO FRANCISCO SAMPAIO DE SOUZA FILHO,MDB,Deputado Estadual,13,2018
0033,15055,DALVA NEIDE MAGNANI SCHIEZARI,MDB,Deputado Estadual,0,2018
0033,15056,FERNANDO GARCIA IZQUIERDO,MDB,Deputado Estadual,0,2018
0033,15072,ALEXANDRE EURÍPEDES DOS SANTOS,MDB,Deputado Estadual,1,2018
0033,15074,JOSE PAIM ANUNCIAÇÃO FILHO,MDB,Deputado Estadual,0,2018
0033,15077,KELLY VESCO MOZZONE,MDB,Deputado Estadual,0,2018
0033,15078,JOSÉ BERNARDO ALVES,MDB,Deputado Estadual,0,2018
0033,15088,GENIVAL FRANCISCO DOS SANTOS,MDB,Deputado Estadual,0,2018
0033,15091,ROBSON LUIS MARTUCHI,MDB,Deputado Estadual,0,2018
0033,15097,CELINA RODRIGUES LOPES,MDB,Deputado Estadual,0,2018
0033,15099,FLAVIO DE SOUZA SILVEIRA,MDB,Deputado Estadual,26,2018
0033,15100,WALTER VICIONI GONÇALVES,MDB,Deputado Estadual,56,2018
0033,15110,RICARDO JOSÉ RUSSOMANNO AZEVEDO SOBRINHO,MDB,Deputado Estadual,0,2018
0033,15111,CRISTIANE FRIOLIM DAMASCENO,MDB,Deputado Estadual,0,2018
0033,15113,ADRIANA PAULA HORTENCIANO,MDB,Deputado Estadual,3,2018
0033,15115,SANZIO RODRIGUES DA SILVA,MDB,Deputado Estadual,8,2018
0033,15123,OCIMAR DONIZETI LEO OLIVEIRA,MDB,Deputado Estadual,3,2018
0033,15154,RAFAEL LUIZ PAVARINI DE CAMARGO,MDB,Deputado Estadual,18,2018
0033,15155,MIGUEL ARCANJO DE SOUSA,MDB,Deputado Estadual,1,2018
0033,15180,RENATA DE OLIVEIRA COELHO,MDB,Deputado Estadual,2,2018
0033,15190,ALEXANDRE PIMENTA ARAUJO,MDB,Deputado Estadual,3,2018
0033,15200,MARCOS DANIEL GOMES DE SOUSA,MDB,Deputado Estadual,2,2018
0033,15215,CLEONICE REGINALDA FURQUIM,MDB,Deputado Estadual,1,2018
0033,15236,ELAINE SILVEIRA NEVES,MDB,Deputado Estadual,1,2018
0033,15300,ITAMAR FRANCISCO MACHADO BORGES,MDB,Deputado Estadual,36,2018
0033,15315,DILSON DIAS RIBEIRO,MDB,Deputado Estadual,0,2018
0033,15345,ETELVINO CAETANO DA SILVA,MDB,Deputado Estadual,0,2018
0033,15355,FELIPE MARTINS GONÇALVES DA CUNHA,MDB,Deputado Estadual,0,2018
0033,15500,MARIA DO CARMO GUILHERME,MDB,Deputado Estadual,8,2018
0033,15511,VLADIMIR UDILOFF,MDB,Deputado Estadual,0,2018
0033,15515,NEHEMIAS DOMINGOS DE MELO,MDB,Deputado Estadual,3,2018
0033,15555,JULIANO JUN ABE,MDB,Deputado Estadual,7,2018
0033,15556,VALÉRIA BENTO,MDB,Deputado Estadual,0,2018
0033,15588,APARECIDO SARAIVA DA ROCHA,MDB,Deputado Estadual,6,2018
0033,15600,ISABEL KAUSZ DOS REIS,MDB,Deputado Estadual,0,2018
0033,15601,MARCOS LEANDRO GOMES VIEIRA,MDB,Deputado Estadual,0,2018
0033,15605,FERNANDO LUIZ ISOPPO PETITI,MDB,Deputado Estadual,0,2018
0033,15613,ANDRÉA CRISTINA FERREIRA DE LEMOS SILVA,MDB,Deputado Estadual,3,2018
0033,15622,JOOJI HATO,MDB,Deputado Estadual,28,2018
0033,15678,MARIA DAS GRAÇAS DOS SANTOS,MDB,Deputado Estadual,0,2018
0033,15698,MARTA HELENA FERREIRA BARBOSA,MDB,Deputado Estadual,2,2018
0033,15777,DAURY DE PAULA JÚNIOR,MDB,Deputado Estadual,6,2018
0033,15863,TATIANE DA CRUZ,MDB,Deputado Estadual,1,2018
0033,15888,RICARDO LOURENÇO DO CARMO,MDB,Deputado Estadual,0,2018
0033,15999,ANGELO ANTONIO BUCIOLOTI,MDB,Deputado Estadual,0,2018
0033,16001,ABEL BARRETO,PSTU,Deputado Estadual,1,2018
0033,16002,ANDRESSA CHAVES DA SILVA,PSTU,Deputado Estadual,2,2018
0033,16006,EDINOEL CARVALHO VEIGA,PSTU,Deputado Estadual,0,2018
0033,16016,MARISA DOS SANTOS MENDES,PSTU,Deputado Estadual,0,2018
0033,16026,JOSE DE ARIMATEA PAIVA NUNES,PSTU,Deputado Estadual,0,2018
0033,16036,EUGÊNIO MARIA DUARTE,PSTU,Deputado Estadual,0,2018
0033,16100,SILVANA MARIA DA SILVA,PSTU,Deputado Estadual,0,2018
0033,16107,RAQUEL DE PAULA,PSTU,Deputado Estadual,0,2018
0033,16111,CARLOS AUGUSTO DO NASCIMENTO LEAL,PSTU,Deputado Estadual,0,2018
0033,16116,JOSE ADELMO LEITE,PSTU,Deputado Estadual,2,2018
0033,16123,GABRIELA GUERRERO ARIONE,PSTU,Deputado Estadual,0,2018
0033,16200,NILSON FERREIRA LEITE,PSTU,Deputado Estadual,0,2018
0033,16234,EVELINE GUIMARÃES,PSTU,Deputado Estadual,0,2018
0033,16235,LEANDRO JOSÉ DE SOUZA DUQUE,PSTU,Deputado Estadual,0,2018
0033,16300,MICHELI SOUZA DA SILVA,PSTU,Deputado Estadual,0,2018
0033,16316,IVANCI VIEIRA DOS SANTOS,PSTU,Deputado Estadual,0,2018
0033,16400,CLEUSA APARECIDA DA TRINDADE,PSTU,Deputado Estadual,0,2018
0033,16461,FERNANDO DE SOUZA,PSTU,Deputado Estadual,0,2018
0033,16500,NOURIVAL CARDOSO SANTANA,PSTU,Deputado Estadual,0,2018
0033,16600,SANDRA DE MOURA CLEMENTINO DA SILVA,PSTU,Deputado Estadual,1,2018
0033,16666,JOSE DIAS DE FREITAS JUNIOR,PSTU,Deputado Estadual,3,2018
0033,16789,ELLEN RUIZ,PSTU,Deputado Estadual,0,2018
0033,16800,MARIO CÉSAR BARBOSA CONCEIÇÃO,PSTU,Deputado Estadual,1,2018
0033,17000,DIMAS MECCA SAMPAIO,PSL,Deputado Estadual,206,2018
0033,17001,GABRIEL ROCHA MAZZALI,PSL,Deputado Estadual,33,2018
0033,17002,RICARDO SICCHIERO,PSL,Deputado Estadual,8,2018
0033,17005,MILTON LUIZ GEBIN CARDOSO,PSL,Deputado Estadual,2,2018
0033,17007,DANILO MASCARENHAS DE BALAS,PSL,Deputado Estadual,53,2018
0033,17008,EDUARDO FRANCISCO DE MELO,PSL,Deputado Estadual,4,2018
0033,17009,NATANAEL FRANCISCO DA SILVA,PSL,Deputado Estadual,0,2018
0033,17010,AGUSTIN FRANCISCO CARBALLO,PSL,Deputado Estadual,7,2018
0033,17011,PAULO SERGIO MOREIRA MELLO,PSL,Deputado Estadual,4,2018
0033,17012,WILSON CLAUDIO DE OLIVEIRA,PSL,Deputado Estadual,3,2018
0033,17013,ANDREA SEIXAS,PSL,Deputado Estadual,5,2018
0033,17015,CLAUDETE MARIA MARTINS,PSL,Deputado Estadual,0,2018
0033,17017,MARCO ANTONIO CASALE,PSL,Deputado Estadual,10,2018
0033,17018,HAROLDO DE SÁ QUARTIM BARBOSA FILHO,PSL,Deputado Estadual,4,2018
0033,17021,ANTONIO APARECIDO DELAFINA,PSL,Deputado Estadual,12,2018
0033,17022,VANESSA ALVES NASCIMENTO,PSL,Deputado Estadual,1,2018
0033,17025,VALDEMIRO PATRICIO GOMES FILHO,PSL,Deputado Estadual,17,2018
0033,17027,VICTOR FERNANDES PEREIRA PANCHORRA,PSL,Deputado Estadual,4,2018
0033,17029,MORENO FELIX CORDEIRO,PSL,Deputado Estadual,1,2018
0033,17032,VÂNIA REGINA DE ALMEIDA,PSL,Deputado Estadual,0,2018
0033,17033,PAULO ROBERTO DIAS PEREIRA,PSL,Deputado Estadual,0,2018
0033,17034,VERUSKA RODRIGUES DA SILVA,PSL,Deputado Estadual,0,2018
0033,17037,ALEXANDRO DOS SANTOS TIMÓTEO,PSL,Deputado Estadual,8,2018
0033,17040,LUIZ CARLOS DE PAULA,PSL,Deputado Estadual,2,2018
0033,17046,LUANA RIBEIRO MIRANDA MASSUIA,PSL,Deputado Estadual,0,2018
0033,17050,CLAUDINEI FERREIRA SOARES,PSL,Deputado Estadual,0,2018
0033,17051,EMERSON ZOCCHI,PSL,Deputado Estadual,1,2018
0033,17054,JEFFERSON DE MORAES CAMPOS,PSL,Deputado Estadual,0,2018
0033,17059,JULIO CÉSAR MARTINS CASARIN,PSL,Deputado Estadual,0,2018
0033,17062,MANOEL SANTOS ROCHA,PSL,Deputado Estadual,1,2018
0033,17064,DOUGLAS GARCIA BISPO DOS SANTOS,PSL,Deputado Estadual,145,2018
0033,17067,OSCAR CASTELO BRANCO DE LUCA,PSL,Deputado Estadual,127,2018
0033,17070,BRUNO MARCELLO DE OLIVEIRA LIMA,PSL,Deputado Estadual,150,2018
0033,17071,ROBSON CLEITON DE AMORIM LUCENA,PSL,Deputado Estadual,1,2018
0033,17072,RODRIGO DE ABREU OLIVEIRA,PSL,Deputado Estadual,0,2018
0033,17073,RONALDO FORMIGÃO,PSL,Deputado Estadual,0,2018
0033,17074,RODRIGO JENSON DE OLIVEIRA,PSL,Deputado Estadual,0,2018
0033,17075,WAGNER DE OLIVEIRA,PSL,Deputado Estadual,0,2018
0033,17077,CAIO TOSHIO TAKEDA,PSL,Deputado Estadual,7,2018
0033,17079,ADALBERTO GODOY FREITAS,PSL,Deputado Estadual,35,2018
0033,17083,MARCIO ANTONIO PELEGE THOMAZINI,PSL,Deputado Estadual,0,2018
0033,17085,BIANCA CASALE,PSL,Deputado Estadual,2,2018
0033,17086,CLOVIS FERREIRA DOS REIS JUNIOR,PSL,Deputado Estadual,11,2018
0033,17088,BRUNO CAMILO DA SILVA,PSL,Deputado Estadual,1,2018
0033,17096,ROSANA TESSITORI,PSL,Deputado Estadual,0,2018
0033,17102,FABIANA DE CARVALHO MARINHO,PSL,Deputado Estadual,14,2018
0033,17111,FREDERICO BRAUN D AVILA,PSL,Deputado Estadual,28,2018
0033,17117,JOSÉ DE LIMA OLIVEIRA JUNIOR,PSL,Deputado Estadual,0,2018
0033,17120,GILDEVANIO ILSO DOS SANTOS DINIZ,PSL,Deputado Estadual,438,2018
0033,17123,DANIELA ANCHÃO BRAGA,PSL,Deputado Estadual,7,2018
0033,17124,ADRIELE DOS SANTOS NASCIMENTO COSTA,PSL,Deputado Estadual,7,2018
0033,17135,HAMILTON DIAS MENEZES,PSL,Deputado Estadual,1,2018
0033,17153,ROBERTO FIGUEIREDO JUNIOR,PSL,Deputado Estadual,3,2018
0033,17181,EDSON MIGUEL DA SILVA,PSL,Deputado Estadual,5,2018
0033,17187,AGEU DA CRUZ ALMEIDA,PSL,Deputado Estadual,3,2018
0033,17190,PAULO NISHIKAWA,PSL,Deputado Estadual,59,2018
0033,17193,MARIO ANTONIO PIRES MORO,PSL,Deputado Estadual,9,2018
0033,17195,ANDRÉ LUIS SIQUEIRA,PSL,Deputado Estadual,4,2018
0033,17196,ALEIXO ANDRE MANOEL NETO,PSL,Deputado Estadual,2,2018
0033,17200,JULIO CÉSAR FRANCISCO,PSL,Deputado Estadual,14,2018
0033,17201,ALESSANDRA RUDOLPHO STRINGHETA BARBOSA,PSL,Deputado Estadual,10,2018
0033,17202,CLEONICE APARECIDA PEREIRA DA SILVA,PSL,Deputado Estadual,1,2018
0033,17203,DANIELLI FERNANDA SIQUEIRA,PSL,Deputado Estadual,0,2018
0033,17204,FABIO DUARTE JOANA,PSL,Deputado Estadual,2,2018
0033,17205,IVANI CARVALHO SHEWCHENKO,PSL,Deputado Estadual,3,2018
0033,17206,JOELMA MAXICIMA DA FONSECA,PSL,Deputado Estadual,1,2018
0033,17207,KELLY DOS SANTOS BRITO,PSL,Deputado Estadual,0,2018
0033,17208,LEOCADIA DE CASTRO,PSL,Deputado Estadual,0,2018
0033,17209,MARCOS MORAES DOS SANTOS,PSL,Deputado Estadual,20,2018
0033,17217,ALOISIO BUENO,PSL,Deputado Estadual,15,2018
0033,17218,CARMELIDIA BERTOLA,PSL,Deputado Estadual,9,2018
0033,17222,CALIL JOSÉ BADIN VIEIRA,PSL,Deputado Estadual,22,2018
0033,17243,JULIO CÉSAR MORENO LEAL,PSL,Deputado Estadual,2,2018
0033,17257,SERGIO GRESSENS BRANDÃO,PSL,Deputado Estadual,2,2018
0033,17288,CRISTINA ALVES DE GODOY,PSL,Deputado Estadual,6,2018
0033,17290,CLEMILTON ALVES DA SILVA,PSL,Deputado Estadual,22,2018
0033,17291,AILTON JOSÉ DOS SANTOS,PSL,Deputado Estadual,1,2018
0033,17300,TELMA ANGELICA MARIA CHRISTIANSEN,PSL,Deputado Estadual,6,2018
0033,17317,JANAINA CONCEIÇÃO PASCHOAL,PSL,Deputado Estadual,11251,2018
0033,17321,LUIS ANTONIO DE LIMA CLEMENTE,PSL,Deputado Estadual,2,2018
0033,17330,JOSÉ DE SOUZA JUNIOR,PSL,Deputado Estadual,1,2018
0033,17333,ALEXANDRE SAID BUSSAB,PSL,Deputado Estadual,9,2018
0033,17334,LAURO LISBOA FILHO,PSL,Deputado Estadual,0,2018
0033,17345,MARTA MAITÊ SEVILLANO,PSL,Deputado Estadual,13,2018
0033,17400,JOSÉ EDILSON DE SOUZA,PSL,Deputado Estadual,0,2018
0033,17441,MEIRE LOPES,PSL,Deputado Estadual,5,2018
0033,17444,EVERTON LUIZ FERNANDES SODARIO RAIMUNDO,PSL,Deputado Estadual,1,2018
0033,17500,LETICIA AGUIAR RESENDE ALVES,PSL,Deputado Estadual,44,2018
0033,17555,RICARDO AZEVEDO DA SILVA,PSL,Deputado Estadual,10,2018
0033,17600,MARCOS FERNANDO PORTELLA FONTES,PSL,Deputado Estadual,6,2018
0033,17667,VALERIA MULLER RAMOS BOLSONARO,PSL,Deputado Estadual,485,2018
0033,17678,VITOR HUGO RICCOMINI,PSL,Deputado Estadual,19,2018
0033,17681,THIAGO FELIPE NEVES,PSL,Deputado Estadual,0,2018
0033,17685,KERIN DA ROCHA SILVA,PSL,Deputado Estadual,0,2018
0033,17700,MANOEL BARBOSA DO NASCIMENTO,PSL,Deputado Estadual,67,2018
0033,17707,MATHEUS COIMBRA MARTINS DE AGUIAR,PSL,Deputado Estadual,20,2018
0033,17711,FRANCISLAINE URQUIDI FARFAN VASSER,PSL,Deputado Estadual,8,2018
0033,17712,ANDREA JOSIANE PINTO NAKASASSU,PSL,Deputado Estadual,3,2018
0033,17717,HAMILTON PROCÓPIO DOS SANTOS NETTO,PSL,Deputado Estadual,8,2018
0033,17750,PAULO VIEIRA DA SILVA FILHO,PSL,Deputado Estadual,0,2018
0033,17753,CLAUDIO MAGNO DA SILVA,PSL,Deputado Estadual,0,2018
0033,17765,JURACI DE OSTI LOPES,PSL,Deputado Estadual,5,2018
0033,17771,ELIVELTON ANTONIO WEIRICH,PSL,Deputado Estadual,9,2018
0033,17777,RODRIGO GAMBALE VIEIRA,PSL,Deputado Estadual,77,2018
0033,17778,CLAUDIA SANTOS LEAL,PSL,Deputado Estadual,3,2018
0033,17789,MARCOS ANTONIO RIBEIRO FARTO,PSL,Deputado Estadual,1,2018
0033,17798,LUIZ EDUARDO SCAFF,PSL,Deputado Estadual,9,2018
0033,17888,MARCELO CRISTIANO REIS,PSL,Deputado Estadual,23,2018
0033,17890,DANIELA CRISTINA MIGUEL BRUZARROSCO,PSL,Deputado Estadual,4,2018
0033,17900,JOSÉ ROBERTO BARBOSA DE SOUZA,PSL,Deputado Estadual,12,2018
0033,17911,ROBERTO DE LIMA FERNANDES,PSL,Deputado Estadual,1,2018
0033,17913,LUCIMARA FERREIRA DE MORAES,PSL,Deputado Estadual,0,2018
0033,17967,ELAINE CRISTINA DO NASCIMENTO,PSL,Deputado Estadual,22,2018
0033,17977,EDILEIDE SILVA,PSL,Deputado Estadual,0,2018
0033,17981,ANDREIA MONIQUE DOS SANTOS,PSL,Deputado Estadual,3,2018
0033,17988,MIRTES DE CASTRO,PSL,Deputado Estadual,0,2018
0033,17989,MOISÉS COSTA DE SOUSA,PSL,Deputado Estadual,0,2018
0033,17997,EDUARDO KUPPER PACHECO DE AGUIRRE,PSL,Deputado Estadual,11,2018
0033,17998,GLORIA NEY FERNANDES,PSL,Deputado Estadual,0,2018
0033,18000,DANIEL DA ROCHA MARTINI,REDE,Deputado Estadual,8,2018
0033,18001,HENRIQUE CROISFELTS,REDE,Deputado Estadual,18,2018
0033,18007,GEORGIANA SOARES PIRES,REDE,Deputado Estadual,1,2018
0033,18009,JULIO CESAR RODRIGUES DE MENEZES,REDE,Deputado Estadual,0,2018
0033,18010,ALESSANDRA APARECIDA MONTEIRO,REDE,Deputado Estadual,74,2018
0033,18013,RONALDO PRUDENTE,REDE,Deputado Estadual,0,2018
0033,18018,GIOVANNI VILLIUS RIGHETTO MOCKUS,REDE,Deputado Estadual,8,2018
0033,18077,RODRIGO PEREIRA DA SILVA,REDE,Deputado Estadual,0,2018
0033,18081,ANTONIO BETE NETO,REDE,Deputado Estadual,0,2018
0033,18108,CLÁUDIO DA SILVA VERÍSSIMO,REDE,Deputado Estadual,0,2018
0033,18118,JAMES PRADO GONDIM,REDE,Deputado Estadual,2,2018
0033,18123,ALOISIO CALSONI BOZZINI,REDE,Deputado Estadual,14,2018
0033,18180,PAULO SERGIO CAMOLESI,REDE,Deputado Estadual,5,2018
0033,18182,MARLI CONCEIÇÃO DA SILVA,REDE,Deputado Estadual,3,2018
0033,18188,ADEMAR BUENO DA SILVA JÚNIOR,REDE,Deputado Estadual,39,2018
0033,18191,SILVIO DAMACENO SIMORA RIBEIRO,REDE,Deputado Estadual,2,2018
0033,18222,ROSELEI APARECIDO FRANÇOSO,REDE,Deputado Estadual,1,2018
0033,18234,SHEILA SALES ROMERA,REDE,Deputado Estadual,1,2018
0033,18318,HÁDIA CHRISTINY AMORIM ARAÚJO FEITOSA,REDE,Deputado Estadual,3,2018
0033,18321,INGRID JULIANE DOS SANTOS FERREIRA,REDE,Deputado Estadual,0,2018
0033,18333,BIANCA ZEITOUN OGLOUYAN,REDE,Deputado Estadual,9,2018
0033,18360,JEFFERSON SANTOS DA SILVA,REDE,Deputado Estadual,0,2018
0033,18420,ALBERTO CORUNHA TAVARES,REDE,Deputado Estadual,0,2018
0033,18432,CARLOS MANOEL CINI,REDE,Deputado Estadual,0,2018
0033,18444,EDMILSON JOSÉ DE CARVALHO,REDE,Deputado Estadual,0,2018
0033,18456,ANDRÉ RICARDO DE SOUZA,REDE,Deputado Estadual,0,2018
0033,18475,SONIA APARECIDA CÂNDIDA BORGES,REDE,Deputado Estadual,3,2018
0033,18500,JONES MAIR PONTES SILVEIRA,REDE,Deputado Estadual,0,2018
0033,18543,CLAUDIO YUTAKA SUETU,REDE,Deputado Estadual,5,2018
0033,18555,REJANE DE VASCONCELOS FELIPE,REDE,Deputado Estadual,0,2018
0033,18579,CARLOS ROBERTO ROSA,REDE,Deputado Estadual,1,2018
0033,18613,REGINALDO ALEXANDRE MARTINS,REDE,Deputado Estadual,0,2018
0033,18618,JOSÉ RUI CAMARGO,REDE,Deputado Estadual,6,2018
0033,18654,CARLOS DANIEL GOIS LIMA DA SILVA,REDE,Deputado Estadual,0,2018
0033,18663,NATALINO ANTÔNIO DA SILVA,REDE,Deputado Estadual,0,2018
0033,18678,MARCIO VITAL,REDE,Deputado Estadual,0,2018
0033,18765,ROBERTA ROCHA GOMES ALBUQUERQUE,REDE,Deputado Estadual,1,2018
0033,18777,NANCY DE FÁTIMA GOMES FELIX DA SILVEIRA,REDE,Deputado Estadual,1,2018
0033,18789,MARCO TSUYAMA CARDOSO,REDE,Deputado Estadual,3,2018
0033,18800,ELTON TONY SOUZA PONDÉ COELHO,REDE,Deputado Estadual,4,2018
0033,18833,DENIS DUCK,REDE,Deputado Estadual,2,2018
0033,18881,VALERIA APARECIDA DE OLIVEIRA REI,REDE,Deputado Estadual,2,2018
0033,18888,MARINA MEDEIROS HELOU,REDE,Deputado Estadual,184,2018
0033,18889,SILVANA CORDELINI,REDE,Deputado Estadual,0,2018
0033,18918,PAULO DE ABREU LEME FILHO,REDE,Deputado Estadual,2,2018
0033,18999,CRISTIANE BRANDÃO DOS SANTOS,REDE,Deputado Estadual,8,2018
0033,19000,MARCELO PEREIRA SURCIN,PODE,Deputado Estadual,15,2018
0033,19001,ATAIDE TERUEL PEREZ,PODE,Deputado Estadual,13,2018
0033,19002,DOMINGOS SANCHES,PODE,Deputado Estadual,1,2018
0033,19007,CYBELE DA SILVA,PODE,Deputado Estadual,2,2018
0033,19008,JULIANA BUSSAB SCHULHOF,PODE,Deputado Estadual,15,2018
0033,19009,MARCOS PEIXOTO MELLO GONÇALVES,PODE,Deputado Estadual,1,2018
0033,19010,MOHAMAD KASSEM EL TURK,PODE,Deputado Estadual,2,2018
0033,19011,WALMIR BAPTISTA RIGUEIRA,PODE,Deputado Estadual,0,2018
0033,19012,RONALDO MARTINS FRANCO,PODE,Deputado Estadual,0,2018
0033,19014,MANOEL SANTANA PAULO,PODE,Deputado Estadual,0,2018
0033,19017,CRISTIANO ALEXANDRE MARCONDES,PODE,Deputado Estadual,0,2018
0033,19018,RAPHAEL MARCO BLECH HAMAOUI,PODE,Deputado Estadual,5,2018
0033,19019,BRAZ DOS SANTOS ADEGAS JUNIOR,PODE,Deputado Estadual,9,2018
0033,19020,RALFI RAFAEL DA SILVA,PODE,Deputado Estadual,2,2018
0033,19022,SIMONE CRISTINA SANTOS SOUZA,PODE,Deputado Estadual,0,2018
0033,19023,VAGNER EVARISTO DE MOURA,PODE,Deputado Estadual,0,2018
0033,19026,CLAUDIA ABREU SCHEFLER,PODE,Deputado Estadual,5,2018
0033,19027,AMERICO CICCONE NETO,PODE,Deputado Estadual,2,2018
0033,19030,ANTONIO CARLOS PEREIRA SILVA,PODE,Deputado Estadual,0,2018
0033,19033,SOCRATES DAMASCENO NOVELLI,PODE,Deputado Estadual,0,2018
0033,19034,HENRIQUE CARVALHO DE CAMPOS,PODE,Deputado Estadual,0,2018
0033,19036,GERSON FELIP CURPIEVSKY,PODE,Deputado Estadual,0,2018
0033,19039,MARIA LUCIA DA SILVA,PODE,Deputado Estadual,0,2018
0033,19041,GUARACI LIMA DE MORAIS,PODE,Deputado Estadual,1,2018
0033,19070,RENALDO CARDOSO DE REZENDE,PODE,Deputado Estadual,0,2018
0033,19089,ANA CRISTINA ALVES,PODE,Deputado Estadual,2,2018
0033,19090,ANTONIO WLADEMIR DA SILVA,PODE,Deputado Estadual,0,2018
0033,19099,CUSTÓDIO TAVARES FERNANDES JUNIOR,PODE,Deputado Estadual,0,2018
0033,19100,BRUNO AREVALO GANEM,PODE,Deputado Estadual,269,2018
0033,19109,LENI DE FÁTIMA RODRIGUES DO PRADO,PODE,Deputado Estadual,2,2018
0033,19111,JOÃO JORGE FADEL FILHO,PODE,Deputado Estadual,4,2018
0033,19112,JOEL FRANCISCO BARBOSA,PODE,Deputado Estadual,0,2018
0033,19113,JOSÉ EUGENIO DA SILVA,PODE,Deputado Estadual,0,2018
0033,19114,NIVALDO DA SILVA,PODE,Deputado Estadual,0,2018
0033,19119,GELSO APARECIDO DE LIMA,PODE,Deputado Estadual,0,2018
0033,19122,WILLIAN SANTOS DE OLIVEIRA,PODE,Deputado Estadual,0,2018
0033,19123,PEDRO MASSAMI KIKUDOME,PODE,Deputado Estadual,6,2018
0033,19125,HELIO GONÇALVES FIRMO,PODE,Deputado Estadual,0,2018
0033,19128,FRANCISCO JOSÉ CARVALHO,PODE,Deputado Estadual,0,2018
0033,19129,ELINELMA SOUZA BARRETO,PODE,Deputado Estadual,0,2018
0033,19133,BRUNO HIDEO OMORI,PODE,Deputado Estadual,14,2018
0033,19146,SARA REGINA FERREIRA DE MELO LUIZ,PODE,Deputado Estadual,0,2018
0033,19147,ANTONIO GOMES DA SILVA,PODE,Deputado Estadual,0,2018
0033,19150,MARCELO LINS,PODE,Deputado Estadual,0,2018
0033,19165,FERNANDO DIAS DA COSTA,PODE,Deputado Estadual,1,2018
0033,19180,MADALENA LEITE,PODE,Deputado Estadual,0,2018
0033,19187,GLAUCIA MARIA RODRIGUES DE SOUZA,PODE,Deputado Estadual,0,2018
0033,19190,LUCIANO GALESCO,PODE,Deputado Estadual,0,2018
0033,19191,GEREMIAS NUNES DE SIQUEIRA,PODE,Deputado Estadual,0,2018
0033,19192,JOÃO ROBERTO DE SIQUEIRA,PODE,Deputado Estadual,0,2018
0033,19193,ALEXANDRE TEIXEIRA,PODE,Deputado Estadual,0,2018
0033,19196,TATIANA POLI DE OLIVEIRA,PODE,Deputado Estadual,0,2018
0033,19197,SANDRA LANDIOZE CAPUCHO,PODE,Deputado Estadual,7,2018
0033,19199,MARCIO PASCHOAL GIUDICIO,PODE,Deputado Estadual,2,2018
0033,19200,ROBERTO FIGUEIRA MARINHO,PODE,Deputado Estadual,12,2018
0033,19201,EVANIR DA SILVA CARVALHO,PODE,Deputado Estadual,0,2018
0033,19211,CAIO AUGUSTO PASTORI DOS SANTOS,PODE,Deputado Estadual,1,2018
0033,19219,RODRIGO RAMOS FIORI,PODE,Deputado Estadual,0,2018
0033,19221,YEDA MARIA AMARAL,PODE,Deputado Estadual,0,2018
0033,19222,EDUARDO VALENTIM FERNANDES PEREIRA,PODE,Deputado Estadual,0,2018
0033,19230,DORA LICKUNAS,PODE,Deputado Estadual,0,2018
0033,19233,IEDA COSTA DE OLIVEIRA,PODE,Deputado Estadual,0,2018
0033,19234,CARLOS ROBERTO DE CARVALHO,PODE,Deputado Estadual,0,2018
0033,19250,NATALIA DE ALMEIDA NASCIMENTO,PODE,Deputado Estadual,0,2018
0033,19269,ADRIANA PIERIN,PODE,Deputado Estadual,48,2018
0033,19270,VAGNER ARANTES DA COSTA,PODE,Deputado Estadual,0,2018
0033,19300,LILIAN FERREIRA,PODE,Deputado Estadual,2,2018
0033,19310,MARCIA TELMA DA SILVA,PODE,Deputado Estadual,0,2018
0033,19314,SIDNEI ROBERTSON CAMPERO,PODE,Deputado Estadual,3,2018
0033,19319,FRANCISCA MARIA DO NASCIMENTO SOUSA,PODE,Deputado Estadual,0,2018
0033,19321,EDINEIA APARECIDA TELES,PODE,Deputado Estadual,0,2018
0033,19322,SERGIO PINTO BOMFIM,PODE,Deputado Estadual,0,2018
0033,19333,ANIBAL DE FREITAS FILHO,PODE,Deputado Estadual,4,2018
0033,19337,JOAQUIM FERREIRA NETO,PODE,Deputado Estadual,0,2018
0033,19360,JULIANA DOS SANTOS SILVA,PODE,Deputado Estadual,0,2018
0033,19399,GLAUCIA PERES CÍLIA GONÇALVES,PODE,Deputado Estadual,0,2018
0033,19400,FRANCISCO NUNES SOBRINHO,PODE,Deputado Estadual,0,2018
0033,19421,LENIR MARIA DE OLIVEIRA,PODE,Deputado Estadual,0,2018
0033,19426,PAULO HENRIQUE MACHADO,PODE,Deputado Estadual,3,2018
0033,19429,CARLÂNGELA SILVA DOS SANTOS DE OLIVEIRA,PODE,Deputado Estadual,0,2018
0033,19433,JACEGUAY NUNES GÓES,PODE,Deputado Estadual,0,2018
0033,19444,FAUSTO SALVADOR PERES,PODE,Deputado Estadual,0,2018
0033,19456,AIDAN ANTONIO RAVIN,PODE,Deputado Estadual,3,2018
0033,19499,FLAVIANE MENESES AQUINO,PODE,Deputado Estadual,0,2018
0033,19500,GILBERTO DANIEL JUNIOR,PODE,Deputado Estadual,0,2018
0033,19511,GILDAECIO SOARES DE SOUSA,PODE,Deputado Estadual,0,2018
0033,19519,ANDREA ROSA DE MENEZES DUARTE,PODE,Deputado Estadual,0,2018
0033,19527,LUIZ ANTONIO DE SOUZA,PODE,Deputado Estadual,0,2018
0033,19533,ROLGACIANO FERNANDES ALMEIDA,PODE,Deputado Estadual,1,2018
0033,19549,MARCIA CARNEIRO ABRANTES PINHEIRO,PODE,Deputado Estadual,0,2018
0033,19550,JOSE MARCIO DE CAMPOS,PODE,Deputado Estadual,0,2018
0033,19555,DÉLBIO CAMARGO TERUEL,PODE,Deputado Estadual,1,2018
0033,19556,GERALDO AMARO DA SILVA,PODE,Deputado Estadual,0,2018
0033,19567,CRISTIANE PEREIRA DAVIS,PODE,Deputado Estadual,0,2018
0033,19578,MARCOS CESAR CAVICHIOLLI,PODE,Deputado Estadual,0,2018
0033,19600,EUVALDO REIS DOS SANTOS MENEZES,PODE,Deputado Estadual,0,2018
0033,19610,CREUSA VIEIRA DANTAS ARAÚJO,PODE,Deputado Estadual,0,2018
0033,19619,LUIS HENRIQUE DOS SANTOS MOREIRA,PODE,Deputado Estadual,7,2018
0033,19630,LUIZ EDUARDO OLIVEIRA ALVES,PODE,Deputado Estadual,0,2018
0033,19633,AMARILDO GONÇALVES,PODE,Deputado Estadual,0,2018
0033,19634,KAYQUE GUILHERME MAIER DA SILVA,PODE,Deputado Estadual,1,2018
0033,19700,JOÃO DÁRCIO RIBAMAR SACCHI,PODE,Deputado Estadual,1,2018
0033,19714,JOSÉ APRIGIO DA SILVA,PODE,Deputado Estadual,2,2018
0033,19720,ELISABEL APARECIDA DA CONCEIÇÃO,PODE,Deputado Estadual,0,2018
0033,19722,ASSAD FRANGIEH,PODE,Deputado Estadual,2,2018
0033,19733,JUSSIMAR AMELENTINO JOSEFINO,PODE,Deputado Estadual,0,2018
0033,19770,MONICA PILLAT BELMUDES,PODE,Deputado Estadual,0,2018
0033,19773,MARCELLO MAZARIO COSTA,PODE,Deputado Estadual,2,2018
0033,19777,GUILHERME DE ALES FERRAZ DA SILVA,PODE,Deputado Estadual,5,2018
0033,19785,ERICA CRISTINA CINTRA,PODE,Deputado Estadual,0,2018
0033,19789,JOCELINO JOSE DE SANTANA,PODE,Deputado Estadual,2,2018
0033,19800,MURILO BERBERT AVIGO FELIX,PODE,Deputado Estadual,16,2018
0033,19819,RONALD TANIMOTO CELESTINO,PODE,Deputado Estadual,116,2018
0033,19833,CARLOS DA FONSECA NADAIS,PODE,Deputado Estadual,0,2018
0033,19851,DORA MARIA MACHADO,PODE,Deputado Estadual,0,2018
0033,19875,SANDRO HENRIQUE EUGENIO BASTOS,PODE,Deputado Estadual,0,2018
0033,19883,GERSON FIUZA DE JESUS,PODE,Deputado Estadual,0,2018
0033,19888,RAUL APARECIDO GONÇALVES PAULA,PODE,Deputado Estadual,6,2018
0033,19890,ALESSANDRO AUREO RAFALDINI OLIVEIRA,PODE,Deputado Estadual,0,2018
0033,19899,LUIS DONIZETTI VAZ JUNIOR,PODE,Deputado Estadual,2,2018
0033,19900,MARIA ALMEIDA DANTAS,PODE,Deputado Estadual,3,2018
0033,19910,ERNESTO TEIXEIRA DA CUNHA,PODE,Deputado Estadual,0,2018
0033,19911,MARCOS MENDES DA SILVA,PODE,Deputado Estadual,0,2018
0033,19919,DANIEL CARVALHO MACHADO,PODE,Deputado Estadual,0,2018
0033,19962,ANTONIA MARIA COSTA SILVA,PODE,Deputado Estadual,0,2018
0033,19975,EMMERSON DE CAMARGO,PODE,Deputado Estadual,0,2018
0033,19977,FILIPE AUGUSTO FORNARI MONTANHOLI,PODE,Deputado Estadual,4,2018
0033,19988,VALDECIR TOSCHI,PODE,Deputado Estadual,0,2018
0033,19990,JOSE GARCIA LOPES NETO,PODE,Deputado Estadual,0,2018
0033,19991,MONICA VIANA MIRANDA CAMPOS FERNANDES,PODE,Deputado Estadual,0,2018
0033,19998,LEANDRO CALDEIRA NAVA,PODE,Deputado Estadual,0,2018
0033,19999,RICARDO FABRIZIO PACHECO DE OLIVEIRA,PODE,Deputado Estadual,3,2018
0033,20000,EBENEZÉ FRANCISCO DE PAULA,PSC,Deputado Estadual,1,2018
0033,20010,SERGIO LOURENÇO DA SILVA,PSC,Deputado Estadual,0,2018
0033,20120,EDVALDO DE OLIVEIRA PAULA,PSC,Deputado Estadual,0,2018
0033,20123,GUILHERME CESAR ZAFANI,PSC,Deputado Estadual,9,2018
0033,20147,ANISTALDO LUIZ LOPES DA SILVA,PSC,Deputado Estadual,1,2018
0033,20175,EBENEZER DE PAULA,PSC,Deputado Estadual,0,2018
0033,20200,FLÁVIA CAMARGO DA SILVA,PSC,Deputado Estadual,6,2018
0033,20270,JOSE AUDIDUDIMA SALES DA SILVA,PSC,Deputado Estadual,1,2018
0033,20320,LUCIANE SALLES DA PAZ SCHULTZ,PSC,Deputado Estadual,1,2018
0033,20333,JUAREZ JUVÊNCIO DOS SANTOS,PSC,Deputado Estadual,8,2018
0033,20555,MARIA JOSE OCAMPOS,PSC,Deputado Estadual,1,2018
0033,20610,PAULO CESAR DIAS DOS REIS,PSC,Deputado Estadual,0,2018
0033,20629,ELISABETE NATALI ALVARENGA,PSC,Deputado Estadual,0,2018
0033,20690,EDIVALDO MARCELO ABENÇOADO DOS SANTOS LEAL,PSC,Deputado Estadual,1,2018
0033,20777,CELSO BRAZ DO NASCIMENTO,PSC,Deputado Estadual,6,2018
0033,20800,FERNANDO CESAR RAMOS,PSC,Deputado Estadual,4,2018
0033,20888,PAULO EDUARDO TEMPLE DELGADO,PSC,Deputado Estadual,0,2018
0033,20964,JOSÉ ANTONIO ALVES,PSC,Deputado Estadual,0,2018
0033,20999,ROSANGELA APARECIDA SILVEIRA GIORDANI,PSC,Deputado Estadual,0,2018
0033,21100,ERNESTO FREIRE PICHLER,PCB,Deputado Estadual,8,2018
0033,22000,GILBERTO BENZI,PR,Deputado Estadual,5,2018
0033,22001,ODIR JOÃO DEMARCHI,PR,Deputado Estadual,4,2018
0033,22002,VERA LUCIA LANGELLOTTI VELLO,PR,Deputado Estadual,0,2018
0033,22003,ISABELA CRISTINA CARDOSO DA CRUZ,PR,Deputado Estadual,0,2018
0033,22005,NEUSA MARIA RODRIGUES RACOSTA,PR,Deputado Estadual,0,2018
0033,22007,RODRIGO DE ALMEIDA SOUZA,PR,Deputado Estadual,6,2018
0033,22008,NEILSON PAULO DOS SANTOS,PR,Deputado Estadual,0,2018
0033,22011,GINO JOSÉ TORREZAN,PR,Deputado Estadual,7,2018
0033,22012,JULIO CESAR PEREIRA DE SOUZA,PR,Deputado Estadual,15,2018
0033,22013,JOSÉ CARLOS DE ALMEIDA,PR,Deputado Estadual,2,2018
0033,22017,FRANCISCO ALEXANDRE GUERREIRO GOMES,PR,Deputado Estadual,0,2018
0033,22018,ADÃO TIMÓTEO DE LIMA,PR,Deputado Estadual,2,2018
0033,22019,GUIOMAR HOFFMAN,PR,Deputado Estadual,1,2018
0033,22022,FRANCISCO ROSSI DE ALMEIDA,PR,Deputado Estadual,9,2018
0033,22023,WANESSA SOUSA BOMFIM,PR,Deputado Estadual,0,2018
0033,22024,SIMONE CARDOSO DE OLIVEIRA,PR,Deputado Estadual,0,2018
0033,22028,MARCIO MOREIRA DE SOUZA,PR,Deputado Estadual,16,2018
0033,22031,CRISTIANE APARECIDA CELLA,PR,Deputado Estadual,0,2018
0033,22033,MARCOS AURELIO DE PAULA,PR,Deputado Estadual,3,2018
0033,22035,MAURO ALVES DOS SANTOS JUNIOR,PR,Deputado Estadual,5,2018
0033,22044,ALAN BEZERRA GOMES,PR,Deputado Estadual,0,2018
0033,22045,JOSEFA FÁTIMA DE LIRA,PR,Deputado Estadual,0,2018
0033,22055,MARCOS TADEU VILALTA,PR,Deputado Estadual,3,2018
0033,22065,FABIO ELY RAMOS,PR,Deputado Estadual,0,2018
0033,22080,JEFFERCY DE SOUZA NUNES CHAD,PR,Deputado Estadual,0,2018
0033,22100,LINO BISPO DA ROCHA,PR,Deputado Estadual,0,2018
0033,22111,LUIZ PAULO SALGADO,PR,Deputado Estadual,3,2018
0033,22122,ANDREIA LUCIA GONÇALVES DA SILVA,PR,Deputado Estadual,4,2018
0033,22123,RICARDO ROSSI MADALENA,PR,Deputado Estadual,8,2018
0033,22133,SERGIO ANTONIO DONHA,PR,Deputado Estadual,0,2018
0033,22150,WANDERLEY LEMES TEIXEIRA,PR,Deputado Estadual,0,2018
0033,22177,LUCIANO FEITOSA DE MELO,PR,Deputado Estadual,0,2018
0033,22181,FABIANO MESSIAS BORGES DA SILVA,PR,Deputado Estadual,0,2018
0033,22190,JAIME DE SOUZA,PR,Deputado Estadual,441,2018
0033,22191,EUCLYDES DIAS BUCHLER,PR,Deputado Estadual,3,2018
0033,22192,ANA LÚCIA BATISTA PAVÃO,PR,Deputado Estadual,1,2018
0033,22193,LUIZ CARLOS DOS SANTOS CAMINO,PR,Deputado Estadual,7,2018
0033,22196,SILVIO AMARAL SOARES,PR,Deputado Estadual,3,2018
0033,22200,GILMAR PAES,PR,Deputado Estadual,0,2018
0033,22202,CAIO CESAR ALVARES LORO NETTO,PR,Deputado Estadual,4,2018
0033,22210,JOSE BRANCO PERES NETO,PR,Deputado Estadual,0,2018
0033,22215,APARECIDA BATISTA DIAS BARRETO DE OLIVEIRA,PR,Deputado Estadual,0,2018
0033,22218,MARIA EMILIA DANTAS OLIVEIRA,PR,Deputado Estadual,0,2018
0033,22220,ADRIANA RAMOS AFONSO EL RIFAI,PR,Deputado Estadual,5,2018
0033,22222,MARCOS ROBERTO DAMASIO DA SILVA,PR,Deputado Estadual,29,2018
0033,22223,MARIA JOSÉ PEREIRA DO AMARAL HUNGLAUB,PR,Deputado Estadual,12,2018
0033,22225,ANTONIO DE PADUA PACHECO,PR,Deputado Estadual,9,2018
0033,22228,MARIA GILCELIA DE ASSIS,PR,Deputado Estadual,0,2018
0033,22233,JOÃO MOTA DOS SANTOS,PR,Deputado Estadual,1,2018
0033,22260,BRUNO JACINTHO,PR,Deputado Estadual,0,2018
0033,22269,ROSÂNGELA APARECIDA GOZZO,PR,Deputado Estadual,0,2018
0033,22277,JOSÉ RONALDO GOMES DA SILVA,PR,Deputado Estadual,0,2018
0033,22280,ANTONINHA JOSELI PEREIRA,PR,Deputado Estadual,0,2018
0033,22299,PATRICIA BAPTISTELLA,PR,Deputado Estadual,0,2018
0033,22300,GUILHERME PIAI SILVA FILIZZOLA,PR,Deputado Estadual,1,2018
0033,22303,FABIANE MARQUES DE SOUZA CAMPOS,PR,Deputado Estadual,0,2018
0033,22311,ELIANE BALSANTE LUCAS,PR,Deputado Estadual,0,2018
0033,22321,WALTER ABRAHÃO FILHO,PR,Deputado Estadual,1,2018
0033,22322,DANIELE MAZUQUELI ALONSO,PR,Deputado Estadual,1,2018
0033,22330,APARECIDA CUSTODIO DOS SANTOS,PR,Deputado Estadual,11,2018
0033,22333,LAERTE SONSIN JUNIOR,PR,Deputado Estadual,8,2018
0033,22343,THIAGO REIS AURICCHIO,PR,Deputado Estadual,72,2018
0033,22345,ROY NELSON PINTO,PR,Deputado Estadual,2,2018
0033,22369,NATALINO DA SILVA BRAUNA,PR,Deputado Estadual,0,2018
0033,22377,SAMUEL SIQUEIRA,PR,Deputado Estadual,0,2018
0033,22400,LUCIANO BATISTA,PR,Deputado Estadual,3,2018
0033,22422,MARIA LUCIA MELLA NAF,PR,Deputado Estadual,0,2018
0033,22432,ADEMAR ALVES DE CARVALHO,PR,Deputado Estadual,0,2018
0033,22444,JOSÉ PAGLIARINI FILHO,PR,Deputado Estadual,11,2018
0033,22455,CARLOS ROBERTO ROSSATO,PR,Deputado Estadual,3,2018
0033,22456,ANTONIO DIRCEU DALBEN,PR,Deputado Estadual,192,2018
0033,22500,PATRICIA DA SILVA FEITOSA,PR,Deputado Estadual,0,2018
0033,22522,MARCELO MANFRIM,PR,Deputado Estadual,3,2018
0033,22550,ADNA ANA SIQUEIRA TEIXEIRA,PR,Deputado Estadual,1,2018
0033,22552,GRAÇA ERNESTINA ANAY SILVA DIAS,PR,Deputado Estadual,1,2018
0033,22555,ELIANA PASSARELLI,PR,Deputado Estadual,71,2018
0033,22567,RÚBSON SILVA RIOS,PR,Deputado Estadual,0,2018
0033,22580,ISA DE SOUSA MASCARENHAS,PR,Deputado Estadual,0,2018
0033,22589,GILBERTO BORJA PINTO,PR,Deputado Estadual,0,2018
0033,22599,CRISTIANY DE CASTRO,PR,Deputado Estadual,22,2018
0033,22600,MARCOS MULLER,PR,Deputado Estadual,7,2018
0033,22622,EDNEI APARECIDO VALENCIO,PR,Deputado Estadual,0,2018
0033,22666,ROBERTO DOS SANTOS,PR,Deputado Estadual,0,2018
0033,22675,GERVINO CLÁUDIO GONÇALVES,PR,Deputado Estadual,0,2018
0033,22678,JULIO CESAR LOPES FUDA,PR,Deputado Estadual,1,2018
0033,22700,ANTONIO PADRON NETO,PR,Deputado Estadual,5,2018
0033,22722,PAULO ROBERTO DE QUEIROZ MOTTA,PR,Deputado Estadual,3,2018
0033,22777,WILSON CALDEIRA PAIVA,PR,Deputado Estadual,11,2018
0033,22789,DANIEL ROSSI,PR,Deputado Estadual,1,2018
0033,22800,CLEOMENES ANTUNES JUNIOR,PR,Deputado Estadual,0,2018
0033,22822,JONAS DE SOUZA CAMISA NOVA,PR,Deputado Estadual,0,2018
0033,22888,GRACIELA DE LOURDES DAVID AMBRÓSIO,PR,Deputado Estadual,12,2018
0033,22899,THIAGO GONÇALES,PR,Deputado Estadual,3,2018
0033,22900,ANDERSON BRANCO DA SILVA,PR,Deputado Estadual,3,2018
0033,22911,HELIO VENANCIO FERREIRA,PR,Deputado Estadual,0,2018
0033,22999,ANDRÉ LUIS DO PRADO,PR,Deputado Estadual,4,2018
0033,23000,GUILHERME ANEDES SALLES MENDES,PPS,Deputado Estadual,9,2018
0033,23111,ANTONIO CLAUDIO FLORES PITERI,PPS,Deputado Estadual,1,2018
0033,23120,CHANG YUET JING LIN,PPS,Deputado Estadual,3,2018
0033,23123,DAVID ZAIA,PPS,Deputado Estadual,266,2018
0033,23222,PAULO ANDRE BERTONE FANECO,PPS,Deputado Estadual,1,2018
0033,23300,JULIO ALEXANDRE SBIZERA COSTA,PPS,Deputado Estadual,0,2018
0033,23423,JULIO CESAR FUZARI,PPS,Deputado Estadual,1,2018
0033,23444,ORESTES PIMENTEL SOARES DE MISQUITA,PPS,Deputado Estadual,0,2018
0033,23456,FERNANDO HENRIQUE CURY,PPS,Deputado Estadual,29,2018
0033,23500,MAYRA ROSANNA GAMA DE ARAUJO SILVA DA COSTA,PPS,Deputado Estadual,19,2018
0033,23623,ROBERTO TURCHI DE MORAIS,PPS,Deputado Estadual,25,2018
0033,23789,EDNA FLOR,PPS,Deputado Estadual,9,2018
0033,23888,ALESSANDRA DE ASSIS BERRIEL,PPS,Deputado Estadual,1,2018
0033,25000,MARIANA PRADO NEVES DE OLIVEIRA ALVES,DEM,Deputado Estadual,4,2018
0033,25014,SEVERINO BEZERRA DE ANDRADE,DEM,Deputado Estadual,1,2018
0033,25025,APARECIDO DE CAMPOS FILHO,DEM,Deputado Estadual,500,2018
0033,25077,MARIA LEDA ALVES DA COSTA,DEM,Deputado Estadual,0,2018
0033,25100,ROGÉRIO ANTÔNIO FURTADO BARROS,DEM,Deputado Estadual,9,2018
0033,25111,RODRIGO AUGUSTO MORAES,DEM,Deputado Estadual,51,2018
0033,25118,EDMIR JOSE ABI CHEDID,DEM,Deputado Estadual,78,2018
0033,25122,JOSE ALDO DEMARCHI,DEM,Deputado Estadual,44,2018
0033,25123,ROGERIO NOGUEIRA LOPES CRUZ,DEM,Deputado Estadual,97,2018
0033,25199,ESTEVAM GALVÃO DE OLIVEIRA,DEM,Deputado Estadual,2,2018
0033,25222,ROQUE LEVI SANTOS TAVARES,DEM,Deputado Estadual,0,2018
0033,25233,ROMILDO VIRGINIO DOS SANTOS,DEM,Deputado Estadual,3,2018
0033,25250,MILTON LEITE DA SILVA FILHO,DEM,Deputado Estadual,10,2018
0033,25255,ELAINE GONÇALVES OLIVEIRA,DEM,Deputado Estadual,0,2018
0033,25333,DANIEL BEZERRA RIBEIRO SOARES,DEM,Deputado Estadual,83,2018
0033,25555,ARTHUR MOLEDO DO VAL,DEM,Deputado Estadual,1211,2018
0033,25777,DANIELE ALVES DO AMPARO SOARES,DEM,Deputado Estadual,2,2018
0033,27000,TALITA EYMAEL LATÃES,DC,Deputado Estadual,1,2018
0033,27027,CLARICE OLGA SCHAITNER CESTARO,DC,Deputado Estadual,0,2018
0033,27047,CELIA APARECIDA FAGUNDES LEITE,DC,Deputado Estadual,0,2018
0033,27100,ANTONIO JORGE FILHO,DC,Deputado Estadual,0,2018
0033,27111,ROBERTO AUGUSTO PROCOPIO FERREIRA,DC,Deputado Estadual,0,2018
0033,27112,PAULO HENRIQUE RIBEIRO,DC,Deputado Estadual,0,2018
0033,27127,EDSON CARLOS MIRANDA MONTEIRO,DC,Deputado Estadual,2,2018
0033,27133,GICILENE DE LIMA MATUZAKI,DC,Deputado Estadual,0,2018
0033,27137,HUMBERTO DE ALENCAR SILVA,DC,Deputado Estadual,0,2018
0033,27154,APARECIDO LOURENÇO,DC,Deputado Estadual,0,2018
0033,27158,NEZIONETE HONORATO AMORIM,DC,Deputado Estadual,0,2018
0033,27222,EDMILSON LÁZARO GROPPO,DC,Deputado Estadual,0,2018
0033,27232,JOSÉ ROBERTO ARAUJO SOUZA,DC,Deputado Estadual,1,2018
0033,27270,IONARA MACHADO SOUZA,DC,Deputado Estadual,0,2018
0033,27278,RAIMUNDO NOUZINHO REIS SOARES,DC,Deputado Estadual,0,2018
0033,27299,VANDERLINO BATISTA MACHADO,DC,Deputado Estadual,0,2018
0033,27317,ISMAEL DA SILVA SOUZA,DC,Deputado Estadual,0,2018
0033,27333,DANIEL CRISÓSTOMO DOS SANTOS,DC,Deputado Estadual,0,2018
0033,27461,MARIA VERENA GAYOTTO CAMPOS,DC,Deputado Estadual,0,2018
0033,27464,KILDARE ANTONIO DE ARAUJO,DC,Deputado Estadual,0,2018
0033,27500,GREGORY WATERKEMPER DE SOUZA,DC,Deputado Estadual,0,2018
0033,27507,ADRIANA CARDOSO DE SA,DC,Deputado Estadual,1,2018
0033,27532,HELIOMAR COELHO SILVA JUNIOR,DC,Deputado Estadual,0,2018
0033,27557,EDSON RICARDO GUIMARÃES,DC,Deputado Estadual,2,2018
0033,27563,ALMIR JOSE DE MELO,DC,Deputado Estadual,0,2018
0033,27600,LETICIA IANCA MATOS,DC,Deputado Estadual,0,2018
0033,27640,LEVI ALEXANDRE DE OLIVEIRA,DC,Deputado Estadual,0,2018
0033,27717,JONADABES LOPES,DC,Deputado Estadual,0,2018
0033,27768,MARCOS TADEU DA COSTA PACHECO,DC,Deputado Estadual,0,2018
0033,28000,WILKER CAMARGO,PRTB,Deputado Estadual,0,2018
0033,28007,DELSO CARDOSO CYPRIANO,PRTB,Deputado Estadual,0,2018
0033,28008,JUCIMARA DE ALMEIDA SILVA PIAI,PRTB,Deputado Estadual,0,2018
0033,28014,VALMIR ALVES DA SILVA,PRTB,Deputado Estadual,0,2018
0033,28026,EMERSON PEIXOTO,PRTB,Deputado Estadual,0,2018
0033,28028,ISABELLA SANCHES DE SOUSA TREVISANI,PRTB,Deputado Estadual,0,2018
0033,28029,GLEICE APARECIDA DA SILVA,PRTB,Deputado Estadual,0,2018
0033,28038,HELIO SANTIAGO DOS SANTOS,PRTB,Deputado Estadual,0,2018
0033,28048,JOSE LUIS BARROS FILHO,PRTB,Deputado Estadual,0,2018
0033,28051,JOSÉ LUIZ GLADCHI,PRTB,Deputado Estadual,0,2018
0033,28073,DANIELA CORREA SANTOS,PRTB,Deputado Estadual,0,2018
0033,28079,ANDRÉ ALVES DA SILVA,PRTB,Deputado Estadual,0,2018
0033,28080,MARIA IZABEL PRANDO,PRTB,Deputado Estadual,0,2018
0033,28090,DANIEL BATISTA,PRTB,Deputado Estadual,0,2018
0033,28100,DORIEDSON SIMÃO DE OLIVEIRA,PRTB,Deputado Estadual,0,2018
0033,28111,DEIVID LOPES DA SILVA,PRTB,Deputado Estadual,0,2018
0033,28112,ANTONIO CARLOS ALVES DE LIRA,PRTB,Deputado Estadual,0,2018
0033,28122,YURI GAMA COSTA,PRTB,Deputado Estadual,0,2018
0033,28123,GERALDO PEREIRA FILHO,PRTB,Deputado Estadual,0,2018
0033,28128,LÍVIA MARIA RODRIGUES FIDELIX DA CRUZ,PRTB,Deputado Estadual,13,2018
0033,28166,JULIO CESAR DE SIMONE,PRTB,Deputado Estadual,0,2018
0033,28167,REINALDO RIBEIRO MOTA,PRTB,Deputado Estadual,0,2018
0033,28190,OSVALDO SANTOS DA SILVA,PRTB,Deputado Estadual,0,2018
0033,28191,JASIEL ANTONIO OLIVEIRA DE SOUZA,PRTB,Deputado Estadual,0,2018
0033,28199,LEILSON CASTRO DOS SANTOS,PRTB,Deputado Estadual,0,2018
0033,28200,ERICH DE ANDRÉS,PRTB,Deputado Estadual,0,2018
0033,28204,FRANCISCO ALVES DA SILVA,PRTB,Deputado Estadual,0,2018
0033,28222,MARA LUCIA GARCIA,PRTB,Deputado Estadual,0,2018
0033,28228,ADRIANO JOSÉ DOS REIS,PRTB,Deputado Estadual,0,2018
0033,28246,ILDETE FERREIRA DO PRADO COSTA,PRTB,Deputado Estadual,0,2018
0033,28282,FABIO SILINGARDI,PRTB,Deputado Estadual,0,2018
0033,28290,OZEIAS UMBELINO PINHEIRO,PRTB,Deputado Estadual,0,2018
0033,28323,EUDES APARECIDO MARTINS,PRTB,Deputado Estadual,0,2018
0033,28328,GETÚLIO DE SOUSA SANTOS,PRTB,Deputado Estadual,0,2018
0033,28353,FRANCISCO SEVERIANO DA SILVA,PRTB,Deputado Estadual,0,2018
0033,28388,MARCIO SOUZA RIBEIRO,PRTB,Deputado Estadual,0,2018
0033,28492,MARCOS ANTONIO DA CUNHA,PRTB,Deputado Estadual,0,2018
0033,28500,MARCELA TEIXEIRA BERNARDO,PRTB,Deputado Estadual,0,2018
0033,28501,RAIMUNDA NONATA BORGES,PRTB,Deputado Estadual,0,2018
0033,28510,LUIZETE FERREIRA DA SILVA,PRTB,Deputado Estadual,0,2018
0033,28513,JOSÉ CARLOS ROCHA,PRTB,Deputado Estadual,0,2018
0033,28518,ANTONIO CARLOS PANTANO,PRTB,Deputado Estadual,0,2018
0033,28528,JOSÉ NILTON GOMES DOS SANTOS,PRTB,Deputado Estadual,0,2018
0033,28600,PATRÍCIA GUERREIRO,PRTB,Deputado Estadual,0,2018
0033,28660,SIMONE MORAIS DOS SANTOS,PRTB,Deputado Estadual,0,2018
0033,28700,ROSANGELA VICENTE MOTTA,PRTB,Deputado Estadual,0,2018
0033,28718,ÍTALO GOSMANI MOLON,PRTB,Deputado Estadual,0,2018
0033,28765,RICARDO DOS SANTOS RABAÇA,PRTB,Deputado Estadual,1,2018
0033,28777,ELISANDRA DE MATTOS,PRTB,Deputado Estadual,0,2018
0033,28789,OSEIAS PINO GUARDIOLA,PRTB,Deputado Estadual,0,2018
0033,28800,ROSELI FERREIRA RICARDO,PRTB,Deputado Estadual,0,2018
0033,28825,SIMONE APARECIDA DE SOUZA SANO,PRTB,Deputado Estadual,0,2018
0033,28888,CÍCERO JOSÉ DE GOUVEIA,PRTB,Deputado Estadual,0,2018
0033,28900,WAGNERIANO DE LIMA MOREIRA,PRTB,Deputado Estadual,0,2018
0033,28901,IZABEL CRISTINA ROSA,PRTB,Deputado Estadual,0,2018
0033,28934,RENNÊ VIEIRA DE CARVALHO,PRTB,Deputado Estadual,0,2018
0033,30000,GABRIELA SILVEIRA DA ROCHA CAMARGO,NOVO,Deputado Estadual,183,2018
0033,30001,PAULO ROGERIO DENONI,NOVO,Deputado Estadual,13,2018
0033,30002,CRISTINA PEREIRA MONTEIRO,NOVO,Deputado Estadual,118,2018
0033,30003,ANA PAULA LOURENÇO,NOVO,Deputado Estadual,95,2018
0033,30005,EDUARDO LIMA DE SOUZA,NOVO,Deputado Estadual,14,2018
0033,30007,ALEXANDRE GODINHO BERTONCELLO,NOVO,Deputado Estadual,21,2018
0033,30009,PEDRO PEDRAL VANIN,NOVO,Deputado Estadual,31,2018
0033,30010,MONICA RAMIRES FERRAZ CURY,NOVO,Deputado Estadual,26,2018
0033,30016,MARIA APARECIDA RORATO,NOVO,Deputado Estadual,11,2018
0033,30017,MARCO ANTONIO RIBEIRO FEITOSA,NOVO,Deputado Estadual,55,2018
0033,30018,ROBERTA PINTO GRABERT,NOVO,Deputado Estadual,27,2018
0033,30019,RODRIGO GONÇALVES,NOVO,Deputado Estadual,3,2018
0033,30022,WILSON DE MELLO JUNIOR,NOVO,Deputado Estadual,10,2018
0033,30030,PAULO EDUARDO ANDRADE ORTIZ,NOVO,Deputado Estadual,20,2018
0033,30033,JAIRO MATHEOS FILHO,NOVO,Deputado Estadual,4,2018
0033,30037,JOSE RICARDO DE MORAES PINTO,NOVO,Deputado Estadual,55,2018
0033,30060,SUSANA LAMBERT DE BRITO SILVA,NOVO,Deputado Estadual,15,2018
0033,30077,JOSE EUGENIO FIGUEIREDO,NOVO,Deputado Estadual,8,2018
0033,30080,INGRID MIRIA FRARE,NOVO,Deputado Estadual,13,2018
0033,30100,RICARDO LUIS MELLAO,NOVO,Deputado Estadual,95,2018
0033,30111,HENI OZI CUKIER,NOVO,Deputado Estadual,642,2018
0033,30123,RAFAEL RIBEIRO ZUCCO,NOVO,Deputado Estadual,15,2018
0033,30130,LUIS ALEXANDRE PINHEIRO,NOVO,Deputado Estadual,2,2018
0033,30153,MIRIAM MARIA ANTUNES DE SOUZA,NOVO,Deputado Estadual,105,2018
0033,30190,ISAAC JULIO BARRETO LOPES BITTENCOURT,NOVO,Deputado Estadual,15,2018
0033,30222,RAPHAELA DE AZEVEDO GAETA,NOVO,Deputado Estadual,6,2018
0033,30234,ROBERTO CARLOS DE ALMEIDA,NOVO,Deputado Estadual,0,2018
0033,30300,DANIEL JOSÉ DA SILVA OLIVEIRA,NOVO,Deputado Estadual,1068,2018
0033,30321,MARCOS ALEXANDRE DO NASCIMENTO ZOGNO,NOVO,Deputado Estadual,0,2018
0033,30330,MOISES BENEDITO ROSSI DA CUNHA,NOVO,Deputado Estadual,17,2018
0033,30333,CAROLINA CURIMBABA CAVALCANTE,NOVO,Deputado Estadual,82,2018
0033,30350,ROGERIO SILVA DE SOUZA,NOVO,Deputado Estadual,14,2018
0033,30400,ELIANA PRADO DE AZEVEDO,NOVO,Deputado Estadual,16,2018
0033,30444,EDUARDO HERNANDES DOMINGUES,NOVO,Deputado Estadual,6,2018
0033,30456,JOSE LUIZ PINTO DE MIRANDA,NOVO,Deputado Estadual,5,2018
0033,30500,SERGIO LUIZ VICTOR JUNIOR,NOVO,Deputado Estadual,45,2018
0033,30530,SILVANA ALVES POLO BARONE,NOVO,Deputado Estadual,13,2018
0033,30555,FELIPE LUIZ DE OLIVEIRA,NOVO,Deputado Estadual,13,2018
0033,30567,FABIO MOURA DA SILVA,NOVO,Deputado Estadual,0,2018
0033,30600,CECILIA CARMEN JACINTHO ANDRADE,NOVO,Deputado Estadual,43,2018
0033,30700,CICERO DE OLIVEIRA SALLES JUNIOR,NOVO,Deputado Estadual,28,2018
0033,30777,MARCOS DA SILVA COSTA,NOVO,Deputado Estadual,9,2018
0033,30789,EDUARDO AUGUSTO RISSI,NOVO,Deputado Estadual,6,2018
0033,30800,ANDREA DECOURT SAVELLI,NOVO,Deputado Estadual,107,2018
0033,30808,PAULO FORTES DIAS DE SOUZA,NOVO,Deputado Estadual,16,2018
0033,30833,IVAN RODRIGUES SANTANA,NOVO,Deputado Estadual,3,2018
0033,30888,LUCIANA FONTES LAVIERI ALBERTO,NOVO,Deputado Estadual,36,2018
0033,30900,DANIEL BISCOLA PEREIRA,NOVO,Deputado Estadual,1043,2018
0033,30930,JOAO BATISTA DE OLIVEIRA SOBRINHO,NOVO,Deputado Estadual,1,2018
0033,30999,MAURICIO CARLOS EGYDIO,NOVO,Deputado Estadual,11,2018
0033,31000,PAULO JORGE MANSUR NETO,PHS,Deputado Estadual,49,2018
0033,31001,IONITA DE OLIVEIRA KRUGNER,PHS,Deputado Estadual,2,2018
0033,31002,MARCIO JOSE DA SILVA,PHS,Deputado Estadual,0,2018
0033,31004,ANDRÉ LUIZ COUTINHO DE SOUZA,PHS,Deputado Estadual,0,2018
0033,31005,NELSON FERREIRA FILHO,PHS,Deputado Estadual,0,2018
0033,31006,JOSÉ TIAGO PEREIRA DE SANTANA,PHS,Deputado Estadual,0,2018
0033,31007,LUIS FERNANDO QUINTEIRO DE SOUZA,PHS,Deputado Estadual,6,2018
0033,31008,EDISON BARBOSA VIEIRA SOBRINHO,PHS,Deputado Estadual,0,2018
0033,31009,WALTER PAIVA CIGLIONI,PHS,Deputado Estadual,1,2018
0033,31010,ADEMIR DA GUIA,PHS,Deputado Estadual,23,2018
0033,31011,ALEX DEIVE LOPES SOARES,PHS,Deputado Estadual,0,2018
0033,31015,CÍCERA ALVES DO NASCIMENTO SOARES,PHS,Deputado Estadual,0,2018
0033,31016,JACKSON SOARES GOMES,PHS,Deputado Estadual,0,2018
0033,31017,KELLY CEZARIO ESTEFANO AFONSO DA SILVA,PHS,Deputado Estadual,8,2018
0033,31019,JULIANA AVEIRO,PHS,Deputado Estadual,13,2018
0033,31021,PEDRO AUGUSTO MÁXIMO FAVARON,PHS,Deputado Estadual,0,2018
0033,31022,MARA CRISTINA DA SILVA TAVARES,PHS,Deputado Estadual,0,2018
0033,31023,SONIA REGINA LAZARO,PHS,Deputado Estadual,0,2018
0033,31025,JOSE CARLOS CAETANO,PHS,Deputado Estadual,4,2018
0033,31026,PAULO BARBOSA FRANCISCO,PHS,Deputado Estadual,0,2018
0033,31028,MARCOS ANTONIO PREZENÇA,PHS,Deputado Estadual,2,2018
0033,31029,JOSÉ FORTUNATO SANTANA JÚNIOR,PHS,Deputado Estadual,0,2018
0033,31031,DAMARIS DIAS MOURA KUO,PHS,Deputado Estadual,41,2018
0033,31032,JUAREZ DE CARVALHO COSTA,PHS,Deputado Estadual,0,2018
0033,31034,ADILSON LUIZ DA CRUZ,PHS,Deputado Estadual,0,2018
0033,31035,RONALDO ELIAS MARIANO,PHS,Deputado Estadual,0,2018
0033,31040,LUIZ HENRIQUE POLITA JARDIM TEIXEIRA,PHS,Deputado Estadual,0,2018
0033,31043,JUAREZ SOLANA DE FREITAS,PHS,Deputado Estadual,5,2018
0033,31044,ANA PAULA OLIVEIRA SOUZA,PHS,Deputado Estadual,0,2018
0033,31051,MARIA DA GLÓRIA MATOS GUILHAMATE,PHS,Deputado Estadual,0,2018
0033,31055,JERUSA JANUÁRIA DA SILVA,PHS,Deputado Estadual,0,2018
0033,31077,CLAUDETE CACCIAGUERRA,PHS,Deputado Estadual,0,2018
0033,31100,MARIO CESAR TRUNCI DE MARCO,PHS,Deputado Estadual,1,2018
0033,31109,FIRMINA ALVES DA SILVA,PHS,Deputado Estadual,0,2018
0033,31111,BRUNO CESAR ANDRELLO STIPPE,PHS,Deputado Estadual,4,2018
0033,31113,LETIVAN RODRIGUES DE CARVALHO,PHS,Deputado Estadual,1,2018
0033,31115,ANTONIO HENRIQUE PEREIRA LEITE,PHS,Deputado Estadual,0,2018
0033,31117,JAIRO PEDRO DE ASSIS,PHS,Deputado Estadual,0,2018
0033,31118,SIDNEY DE OLIVEIRA SOARES,PHS,Deputado Estadual,0,2018
0033,31121,FABRÍCIO MARCOS DA SILVA,PHS,Deputado Estadual,0,2018
0033,31123,PAULO DE TARSO NUNES CHIODE,PHS,Deputado Estadual,2,2018
0033,31124,CINTIA DE OLIVEIRA SILVA,PHS,Deputado Estadual,0,2018
0033,31130,MARIA DE FATIMA RODRIGUES ANDRADE PIRES,PHS,Deputado Estadual,0,2018
0033,31131,EDSON SATORU SAKASHITA,PHS,Deputado Estadual,13,2018
0033,31133,MARCO ANTONIO ZITO ALVARENGA,PHS,Deputado Estadual,1,2018
0033,31139,ELIAS DIAS DOS SANTOS,PHS,Deputado Estadual,0,2018
0033,31164,KÁTIA TORBA PERRONE,PHS,Deputado Estadual,3,2018
0033,31183,VALDIR DONIZETE FLAUSINO,PHS,Deputado Estadual,0,2018
0033,31190,FERDINANDO AUGUSTO GALERA,PHS,Deputado Estadual,0,2018
0033,31193,ANGELO MARCIO DE JESUS SILVA,PHS,Deputado Estadual,2,2018
0033,31199,EDSON RODRIGUES CARDOSO,PHS,Deputado Estadual,2,2018
0033,31200,ALESSANDRO RUIZ MARTINEZ,PHS,Deputado Estadual,18,2018
0033,31201,VINÍCIUS DE ANDRADE PEREIRA,PHS,Deputado Estadual,0,2018
0033,31202,THEREZINHA MARIA DE JESUS DA SILVA,PHS,Deputado Estadual,0,2018
0033,31211,RAIMUNDO SOUZA TEIXEIRA,PHS,Deputado Estadual,0,2018
0033,31222,WALDIR FRANCISCO LIMA,PHS,Deputado Estadual,0,2018
0033,31234,MARCUS VINÍCIUS ANDRADE AMBRÓSIO,PHS,Deputado Estadual,0,2018
0033,31277,LUIZ EUSTAQUIO DOS SANTOS,PHS,Deputado Estadual,0,2018
0033,31291,REGINALDO NUNES BEZERRA,PHS,Deputado Estadual,0,2018
0033,31299,PAULO SÉRGIO RODRIGUES DA SILVA,PHS,Deputado Estadual,9,2018
0033,31300,AILTON APARECIDO TIPÓ LAURINDO,PHS,Deputado Estadual,1,2018
0033,31303,FELIPE ANDRE CANUTO GOMES,PHS,Deputado Estadual,0,2018
0033,31311,NOELI PEREIRA MAESTER,PHS,Deputado Estadual,0,2018
0033,31313,ULISSES ROBERTO CORNAZZANI SALES,PHS,Deputado Estadual,3,2018
0033,31320,EDSON DA CRUZ,PHS,Deputado Estadual,0,2018
0033,31322,VALDIRENY DE MIRA DA SILVA,PHS,Deputado Estadual,3,2018
0033,31331,BAZELAU RAMOS,PHS,Deputado Estadual,31,2018
0033,31333,THELMA ELAINE BRASILEIRO ROBERTI,PHS,Deputado Estadual,91,2018
0033,31349,RICARDO HOLZ VIDAL DOS SANTOS,PHS,Deputado Estadual,1,2018
0033,31364,DENIS DIAS DA ROCHA,PHS,Deputado Estadual,1,2018
0033,31373,MICHEL HENRIQUE MOREIRA BARBOSA,PHS,Deputado Estadual,0,2018
0033,31399,ROSEANE SEPRENYI,PHS,Deputado Estadual,0,2018
0033,31401,REGINA DE CÁSSIA  PONTES ALVES DA SILVA,PHS,Deputado Estadual,0,2018
0033,31421,CARLOS ALBERTO RIBEIRO,PHS,Deputado Estadual,0,2018
0033,31444,FERNANDO BITENCOURT,PHS,Deputado Estadual,0,2018
0033,31450,DALVA REGINA PERES,PHS,Deputado Estadual,0,2018
0033,31455,EDSON FUZARO DE CASTRO,PHS,Deputado Estadual,0,2018
0033,31456,JOÃO AGNALDO DONIZETI GANDINI,PHS,Deputado Estadual,2,2018
0033,31500,VALDECIR APARECIDO DO NASCIMENTO,PHS,Deputado Estadual,1,2018
0033,31531,JONAS DE CASTRO DIAS,PHS,Deputado Estadual,0,2018
0033,31550,TALITHA CICILINI GARAVATI,PHS,Deputado Estadual,0,2018
0033,31551,ANDRESSA LUIZ MARTINS,PHS,Deputado Estadual,4,2018
0033,31555,EDICARLOS DE OLIVEIRA SANTOS,PHS,Deputado Estadual,0,2018
0033,31611,RAMON BERTONI PEREIRA,PHS,Deputado Estadual,0,2018
0033,31631,RONALDO FRANCISCO DA CRUZ,PHS,Deputado Estadual,0,2018
0033,31650,WILLIAM SEITI SASHIDA,PHS,Deputado Estadual,0,2018
0033,31651,GUSTAVO HENRIQUE FARGIANI,PHS,Deputado Estadual,0,2018
0033,31660,HELENA APARECIDA GOMES,PHS,Deputado Estadual,0,2018
0033,31717,CRISTIANE FONTES DE CARVALHO NOGUEIRA,PHS,Deputado Estadual,1,2018
0033,31747,ODAIR DE ABREU,PHS,Deputado Estadual,0,2018
0033,31770,MARIA JOSETANIA DE OLIVEIRA TEIXEIRA,PHS,Deputado Estadual,0,2018
0033,31777,GERALDO PEREIRA DE BARROS NETO,PHS,Deputado Estadual,1,2018
0033,31780,BRAZ PEREIRA,PHS,Deputado Estadual,0,2018
0033,31787,AUGUSTO VIEIRA DA SILVA,PHS,Deputado Estadual,0,2018
0033,31789,GUSTAVO COELHO DA SILVA,PHS,Deputado Estadual,1,2018
0033,31800,JOSE ARIVALDO RODRIGUES,PHS,Deputado Estadual,4,2018
0033,31880,MARIA CORDELIZA DOS SANTOS,PHS,Deputado Estadual,0,2018
0033,31900,ADRIANA LUCIA BARRETO,PHS,Deputado Estadual,0,2018
0033,31972,ROSELI DE CAMPOS,PHS,Deputado Estadual,0,2018
0033,31973,ALEXANDRE OLIMPIO DOS SANTOS,PHS,Deputado Estadual,0,2018
0033,31977,LUIZ JACINTO NEPOMUCENO NETO,PHS,Deputado Estadual,1,2018
0033,31990,ELIAS DOS ANJOS,PHS,Deputado Estadual,0,2018
0033,31999,DANIELA HELENICE DANELUZZI SUTTO,PHS,Deputado Estadual,0,2018
0033,33001,JOSÉ MILTON RUIZ LOPES,PMN,Deputado Estadual,0,2018
0033,33003,MÔNICA MARINA BONIFÁCIO MOSCHETTA,PMN,Deputado Estadual,0,2018
0033,33033,FRANCISCO MARCOS IRAN AQUINO ROLIM,PMN,Deputado Estadual,0,2018
0033,33056,PAULO MASSARELLI,PMN,Deputado Estadual,2,2018
0033,33090,JOSÉ EDUARDO DE OLIVEIRA,PMN,Deputado Estadual,1,2018
0033,33111,MAYCON HYPPOLITO NOGUEIRA,PMN,Deputado Estadual,1,2018
0033,33125,ILIETE GERAGE,PMN,Deputado Estadual,0,2018
0033,33140,ROBERTO BARBOSA RODRIGUES,PMN,Deputado Estadual,0,2018
0033,33145,DIOGO ALVES DE PAIVA,PMN,Deputado Estadual,0,2018
0033,33150,JOÃO MARCOS LEITE,PMN,Deputado Estadual,0,2018
0033,33156,WILSON SANTOS MARTINS JUNIOR,PMN,Deputado Estadual,2,2018
0033,33190,CELIMAR GOMES DA SILVA,PMN,Deputado Estadual,1,2018
0033,33193,MARCIO DONIZETE CRUZ SILVA,PMN,Deputado Estadual,1,2018
0033,33216,ROBERTO VIEIRA DIAS,PMN,Deputado Estadual,0,2018
0033,33223,SANDRO CUNHA,PMN,Deputado Estadual,0,2018
0033,33233,ADIENE CRISTINA SCAREL BRENGA,PMN,Deputado Estadual,3,2018
0033,33300,ALEX BATISTA ROCHA,PMN,Deputado Estadual,15,2018
0033,33313,ANTONIO CARLOS FERREIRA JUNIOR,PMN,Deputado Estadual,0,2018
0033,33321,MICHAEL REGINALDO OLIVEIRA DO NASCIMENTO,PMN,Deputado Estadual,1,2018
0033,33333,CARLOS EDUARDO DA SILVA,PMN,Deputado Estadual,3,2018
0033,33356,CARLOS ROBERTO SILVA,PMN,Deputado Estadual,0,2018
0033,33445,LUCIANA ALVES BONIFÁCIO,PMN,Deputado Estadual,0,2018
0033,33456,REGINALDO VIANA GOMES,PMN,Deputado Estadual,0,2018
0033,33464,DENIVIA ROSA DOS SANTOS OLIVEIRA,PMN,Deputado Estadual,0,2018
0033,33555,JOSIVAN FERREIRA DE ASSIS,PMN,Deputado Estadual,0,2018
0033,33633,GERALDO DA SILVA MAIA FILHO,PMN,Deputado Estadual,2,2018
0033,33645,GLADISON DAVID NEIVA DIAS,PMN,Deputado Estadual,0,2018
0033,33651,RITA DE CASSIA MENEZES SANTOS NASCIMENTO,PMN,Deputado Estadual,0,2018
0033,33661,IRENILDA APARECIDA MARIA FRANCISCO,PMN,Deputado Estadual,1,2018
0033,33663,VERIDIANA DA SILVA CASTRO MARTINES,PMN,Deputado Estadual,0,2018
0033,33666,AGNALDO ALVES PEREIRA,PMN,Deputado Estadual,0,2018
0033,33707,ROGÉRIO MARCELINO DE MOURA,PMN,Deputado Estadual,0,2018
0033,33777,LUISA APARECIDA DE BARROS,PMN,Deputado Estadual,0,2018
0033,33789,ANDRÉ BASÍLIO DOS SANTOS,PMN,Deputado Estadual,0,2018
0033,33808,ELSA MUCHA ZANELLA,PMN,Deputado Estadual,0,2018
0033,33810,MARCOS ANTONIO COSTA,PMN,Deputado Estadual,0,2018
0033,33848,OSCAR DE MATTOS,PMN,Deputado Estadual,0,2018
0033,33888,JOSÉ FERREIRA CUNHA,PMN,Deputado Estadual,0,2018
0033,33900,MARIA ERIVANDA CAVALCANTE ARAÚJO,PMN,Deputado Estadual,1,2018
0033,35001,EDNEI APARECIDO PEREIRA,PMB,Deputado Estadual,0,2018
0033,35007,FRANCISCO MAURO DOS SANTOS,PMB,Deputado Estadual,0,2018
0033,35010,SIRA DA SILVA,PMB,Deputado Estadual,1,2018
0033,35011,ELIANA GUERREIRO,PMB,Deputado Estadual,0,2018
0033,35017,TALALE MICHEL CHEDID FILHO,PMB,Deputado Estadual,0,2018
0033,35022,ROSÁLIA DOS SANTOS LIMA,PMB,Deputado Estadual,0,2018
0033,35055,SANDRO HENRIQUE DE CARVALHO COELHO,PMB,Deputado Estadual,0,2018
0033,35100,ALESSANDRA VICENTE SILVERIO,PMB,Deputado Estadual,1,2018
0033,35111,HÉLIO TELES ALVES,PMB,Deputado Estadual,0,2018
0033,35123,AIRTON DA COSTA,PMB,Deputado Estadual,0,2018
0033,35129,CLEUZA SOUZA FRANÇA ALVES,PMB,Deputado Estadual,0,2018
0033,35135,SIMONE APARECIDA DE SOUZA SOARES,PMB,Deputado Estadual,0,2018
0033,35163,ROSIMEIRE SANTOS CESCHINI,PMB,Deputado Estadual,0,2018
0033,35321,MARIA DO CARMO DA CRUZ SANTOS,PMB,Deputado Estadual,0,2018
0033,35333,CARLA ZIPER PEREIRA DE CARVALHO,PMB,Deputado Estadual,1,2018
0033,35456,MARIA TERESA LANDUCCI ROSSIGALLI,PMB,Deputado Estadual,0,2018
0033,35477,REGIANE APARECIDA DE SOUZA NEVES,PMB,Deputado Estadual,2,2018
0033,35500,JOÃO MIGUEL ALVES,PMB,Deputado Estadual,0,2018
0033,35555,WENCESLAU DE SOUZA NETO,PMB,Deputado Estadual,0,2018
0033,35600,ADILSON ALVES DE OLIVEIRA,PMB,Deputado Estadual,0,2018
0033,35678,SARA REGINA ADÃO SILVA,PMB,Deputado Estadual,0,2018
0033,35755,TIAGO CESAR GONÇALVES,PMB,Deputado Estadual,1,2018
0033,35777,ANITA DOS SANTOS TAKAIYASU,PMB,Deputado Estadual,0,2018
0033,35853,WANDER RIBEIRO DE ALMEIDA,PMB,Deputado Estadual,0,2018
0033,35888,JAIME DA SILVA,PMB,Deputado Estadual,0,2018
0033,36000,LAURINDA VAZ DE LIMA,PTC,Deputado Estadual,0,2018
0033,36003,MAGNA SOUZA ARAUJO DA SILVA,PTC,Deputado Estadual,0,2018
0033,36007,RODRIGO EDUARDO DE ALMEIDA PARDI,PTC,Deputado Estadual,0,2018
0033,36010,REANOLFO CLAUDIO DE SIQUEIRA,PTC,Deputado Estadual,0,2018
0033,36013,TELISVALDO OLIVEIRA RIOS,PTC,Deputado Estadual,3,2018
0033,36015,ELIANE FLORENCIO DA SILVA,PTC,Deputado Estadual,0,2018
0033,36016,CLAUDIA OLIVEIRA RODRIGUES SANTOS,PTC,Deputado Estadual,0,2018
0033,36018,GERALDO MONTEIRO TEIXEIRA FILHO,PTC,Deputado Estadual,0,2018
0033,36019,ROSANA CASSIA DOS SANTOS,PTC,Deputado Estadual,0,2018
0033,36033,MAURICIO SIQUEIRA,PTC,Deputado Estadual,0,2018
0033,36036,LEONARDO DA SILVA BRIGAGAO,PTC,Deputado Estadual,1,2018
0033,36070,ALESSANDRO LEITE CAGE,PTC,Deputado Estadual,0,2018
0033,36100,MARINA CAFASSO MOREIRA FARIA,PTC,Deputado Estadual,0,2018
0033,36111,MARCELO LUCIANO DA SILVA,PTC,Deputado Estadual,0,2018
0033,36132,MILTON ANGELO RODRIGUES FILHO,PTC,Deputado Estadual,0,2018
0033,36190,ALEXANDRE ALVES DA ROCHA,PTC,Deputado Estadual,0,2018
0033,36222,FRANCISCA MARIA DE MORAES RODRIGUES,PTC,Deputado Estadual,0,2018
0033,36250,LUCIO FLAVIO PICANÇA FREIRE,PTC,Deputado Estadual,0,2018
0033,36333,PAULO FRANCISCO ALVARENGA BARBOSA,PTC,Deputado Estadual,2,2018
0033,36360,MOACYR SANTANA GUIMARAES,PTC,Deputado Estadual,0,2018
0033,36456,MARCELO DA CRUZ DE SOUZA,PTC,Deputado Estadual,0,2018
0033,36500,SERGIO BORGES ARRUDA,PTC,Deputado Estadual,0,2018
0033,36555,HELTON MESSIAS,PTC,Deputado Estadual,0,2018
0033,36705,JEFFERSON TORRES DA CRUZ,PTC,Deputado Estadual,0,2018
0033,36710,ELIZABET DA SILVA ALMEIDA,PTC,Deputado Estadual,0,2018
0033,36777,EDVALDO DA SILVA GABRIEL,PTC,Deputado Estadual,1,2018
0033,36789,ROGERIO JACOMO MICHELETTI,PTC,Deputado Estadual,0,2018
0033,36888,JOSE MARIA BARBOSA DA SILVA,PTC,Deputado Estadual,0,2018
0033,36889,JOYCE FELIX BARBOZA,PTC,Deputado Estadual,0,2018
0033,36904,MARCOS PRUDENTE CAJE,PTC,Deputado Estadual,0,2018
0033,40000,RAFAEL FERNANDO ZIMBALDI,PSB,Deputado Estadual,1813,2018
0033,40001,LUIS CLAUDIO LAPENA BARRETO,PSB,Deputado Estadual,5,2018
0033,40004,ANGELO JOSÉ LEITE CARDOSO COELHO,PSB,Deputado Estadual,4,2018
0033,40010,HUGO DO PRADO SANTOS,PSB,Deputado Estadual,1,2018
0033,40012,ANIZIA MOTTA DOS SANTOS LOURENÇO,PSB,Deputado Estadual,0,2018
0033,40014,ILDACY BOTELHO CORDEIRO,PSB,Deputado Estadual,1,2018
0033,40023,ORLANDO JOSÉ BOLÇONE,PSB,Deputado Estadual,8,2018
0033,40040,REGIS LEANDRO YASUMURA,PSB,Deputado Estadual,3,2018
0033,40080,SUELY VILELA,PSB,Deputado Estadual,20,2018
0033,40100,ROBERTO CARVALHO ENGLER PINTO,PSB,Deputado Estadual,18,2018
0033,40111,GILMARA ALMEIDA GONÇALVES RIEVRS OLIVEIRA,PSB,Deputado Estadual,4,2018
0033,40112,CARLOS CEZAR DA SILVA,PSB,Deputado Estadual,48,2018
0033,40123,EDSON TOMAZINI,PSB,Deputado Estadual,5,2018
0033,40140,NELSON DIMAS BRAMBILLA,PSB,Deputado Estadual,8,2018
0033,40144,MARIA DE FATIMA DE CARVALHO,PSB,Deputado Estadual,0,2018
0033,40150,BASÍLIO ZECCHINI FILHO,PSB,Deputado Estadual,9,2018
0033,40163,LUZINETE ROSA DOS SANTOS,PSB,Deputado Estadual,0,2018
0033,40180,LUCIANA TRINDADE DE MACEDO,PSB,Deputado Estadual,8,2018
0033,40193,AMILTON PEREIRA BRITO,PSB,Deputado Estadual,0,2018
0033,40222,ROBERTO YOSHIHIRO SEKIYA,PSB,Deputado Estadual,6,2018
0033,40234,CAMILA CORREA MARINO,PSB,Deputado Estadual,7,2018
0033,40280,MARTA CRISTINA LEÃO FERREIRA DA CUNHA,PSB,Deputado Estadual,29,2018
0033,40300,GIL LANCASTER FRAZÃO DE MORÃES,PSB,Deputado Estadual,16,2018
0033,40321,RODOLFO HESSEL FANGANIELLO,PSB,Deputado Estadual,7,2018
0033,40333,ANA CRISTINA GONÇALVES DE ABREU SOUZA,PSB,Deputado Estadual,11,2018
0033,40400,ADILSON ROSSI,PSB,Deputado Estadual,15,2018
0033,40401,LUCIANA OLIVEIRA DE PAIVA,PSB,Deputado Estadual,0,2018
0033,40404,NILTON ROBERTO MARTINES,PSB,Deputado Estadual,11,2018
0033,40440,FÁBIO ALEXANDRE DE ARAÚJO NUNES,PSB,Deputado Estadual,6,2018
0033,40456,JOÃO CARLOS CARAMEZ,PSB,Deputado Estadual,10,2018
0033,40500,RAFAEL ANTONIO DA SILVA,PSB,Deputado Estadual,13,2018
0033,40505,FABRICIO AMARO ANDRADE,PSB,Deputado Estadual,3,2018
0033,40540,JOSÉ ANTONIO BARROS MUNHOZ,PSB,Deputado Estadual,44,2018
0033,40550,MARIO LUIZ TARRICONE,PSB,Deputado Estadual,1,2018
0033,40555,PAULO SERGIO BAPTISTA DE SOUZA,PSB,Deputado Estadual,3,2018
0033,40600,FABÍOLA DE CAMPOS BRAGA MATTOZINHO,PSB,Deputado Estadual,42,2018
0033,40610,DHONY OLIVEIRA SOUZA,PSB,Deputado Estadual,3,2018
0033,40640,CAIO FRANÇA DE GOUVEA GOMES,PSB,Deputado Estadual,62,2018
0033,40675,JOAQUIM MARCELINO JOFFRE NETO,PSB,Deputado Estadual,1,2018
0033,40740,ADMIR DONIZETI FERRO,PSB,Deputado Estadual,2,2018
0033,40777,ANDRÉ LUIS BUENO,PSB,Deputado Estadual,9,2018
0033,40780,JOSÉ AGRIPINO DA SILVA,PSB,Deputado Estadual,2,2018
0033,40789,VINICIUS ALMEIDA CAMARINHA,PSB,Deputado Estadual,4,2018
0033,40866,ROSELI APARECIDA KEIKO KOBAYASHI,PSB,Deputado Estadual,1,2018
0033,40888,EMILIANO ZAPATA FERREIRA MARCELINO SILVA,PSB,Deputado Estadual,2,2018
0033,40999,MARCO ANTONIO SILVA,PSB,Deputado Estadual,1,2018
0033,43000,FRANCISCO JARLES DA SILVA BEZERRA,PV,Deputado Estadual,0,2018
0033,43001,EDSON DE OLIVEIRA GIRIBONI,PV,Deputado Estadual,35,2018
0033,43008,JOSÉ HENRIQUE CONTI,PV,Deputado Estadual,56,2018
0033,43010,CÉLIA CANDIDA MARCONDES SMITH,PV,Deputado Estadual,7,2018
0033,43013,PRISCILA FRANÇA DE FIGUEIREDO,PV,Deputado Estadual,0,2018
0033,43015,JOÃO AMAURICIO PAULI,PV,Deputado Estadual,4,2018
0033,43024,REGINALDO SOUZA MACHADO,PV,Deputado Estadual,1,2018
0033,43033,FRANCISCO ANTONIO SARDELLI,PV,Deputado Estadual,44,2018
0033,43043,HERNANDO MAURO DIÓGENES DE AQUINO,PV,Deputado Estadual,2,2018
0033,43044,ESTER DA SILVA,PV,Deputado Estadual,0,2018
0033,43100,CELINA HARUMI NISHIZAWA,PV,Deputado Estadual,7,2018
0033,43123,CÍCERA SEVERINA DA CONCEIÇÃO MUSA,PV,Deputado Estadual,1,2018
0033,43135,JOSÉ AFONSO LOBATO,PV,Deputado Estadual,14,2018
0033,43199,LILIAN CRISTINA DOS SANTOS FARIA,PV,Deputado Estadual,1,2018
0033,43243,ANTONIO CARLOS MARTINS RIBEIRO,PV,Deputado Estadual,0,2018
0033,43300,LUANA LACERDA DE ALMEIDA,PV,Deputado Estadual,0,2018
0033,43333,ULYSSES MARIO TASSINARI,PV,Deputado Estadual,16,2018
0033,43334,LUIS MARCELO COMERON,PV,Deputado Estadual,0,2018
0033,43363,REINALDO DE SOUZA ALGUZ,PV,Deputado Estadual,118,2018
0033,43369,ORLANDO COUTO JUNIOR,PV,Deputado Estadual,4,2018
0033,43432,MARIA BEZERRA DE MENEZES SCORZA,PV,Deputado Estadual,1,2018
0033,43433,BRUNA HELENA SOUZA TEIXEIRA DE BARROS,PV,Deputado Estadual,38,2018
0033,43543,ANTONIO FERNANDES FERRARI,PV,Deputado Estadual,1,2018
0033,43622,CESAR AUGUSTO JOSÉ,PV,Deputado Estadual,0,2018
0033,43666,ANA DA SILVA FERNANDES,PV,Deputado Estadual,2,2018
0033,43777,CAIO CESAR MACHADO DA CUNHA,PV,Deputado Estadual,4,2018
0033,43999,VERA LÚCIA DA SILVA VENTURA,PV,Deputado Estadual,5,2018
0033,44000,REGINALDO PUGAS,PRP,Deputado Estadual,3,2018
0033,44002,JOSE FERNANDO DA SILVA LUZ,PRP,Deputado Estadual,0,2018
0033,44003,ABIGAIL BENTO DA SILVA,PRP,Deputado Estadual,3,2018
0033,44004,SERGIO CUNHA,PRP,Deputado Estadual,0,2018
0033,44005,APARECIDO DOS SANTOS,PRP,Deputado Estadual,0,2018
0033,44007,ANTONIO CLAUDINO CORDEIRO,PRP,Deputado Estadual,0,2018
0033,44008,SERGIO ALBUQUERQUE LIMA,PRP,Deputado Estadual,1,2018
0033,44012,PATRICIA DE ARRUDA APOLINÁRIO,PRP,Deputado Estadual,0,2018
0033,44014,MARIA ANDRADE DA SILVA,PRP,Deputado Estadual,0,2018
0033,44015,MARIA CRISTINA CICAGNO,PRP,Deputado Estadual,0,2018
0033,44016,MARIA REGINA ALMEIDA SANTOS SANCHES,PRP,Deputado Estadual,0,2018
0033,44018,ALAINY PRYSCILLA OLIVEIRA DA SILVA,PRP,Deputado Estadual,0,2018
0033,44022,TELMA GIMENEZ LOUREIRO,PRP,Deputado Estadual,0,2018
0033,44023,GRECIONE MAGALHÃES DE ALMEIDA,PRP,Deputado Estadual,0,2018
0033,44025,JOSE ROOSEVELT MARTOS,PRP,Deputado Estadual,0,2018
0033,44027,MARIA JOSE DA SILVA,PRP,Deputado Estadual,0,2018
0033,44040,WILLIAM ALBERTO DE ANDRADE,PRP,Deputado Estadual,2,2018
0033,44042,ORIDES MARTINS NEVES,PRP,Deputado Estadual,0,2018
0033,44043,JOSE VERGILIO REIS,PRP,Deputado Estadual,0,2018
0033,44044,RODRIGO PEREIRA DE OLIVEIRA,PRP,Deputado Estadual,0,2018
0033,44045,UZIEL FERREIRA DO NASCIMENTO,PRP,Deputado Estadual,0,2018
0033,44046,FRANCISCO DE ASSIS VIEIRA,PRP,Deputado Estadual,0,2018
0033,44047,ZENAIDE GONCALVES VIANA,PRP,Deputado Estadual,0,2018
0033,44055,JACKSON CARLOS SOUZA DO SACRAMENTO,PRP,Deputado Estadual,0,2018
0033,44062,PAULO PRADO LEITE,PRP,Deputado Estadual,0,2018
0033,44066,DOMINGOS SALVIO SANTOS DA ANUNCIAÇÃO,PRP,Deputado Estadual,0,2018
0033,44077,HELIO BRASSAROTO,PRP,Deputado Estadual,0,2018
0033,44088,WALTER BONETTI,PRP,Deputado Estadual,0,2018
0033,44091,JOSE JATOBA FILHO,PRP,Deputado Estadual,0,2018
0033,44100,ANTONIO ELITON SANTOS DE BRITO,PRP,Deputado Estadual,0,2018
0033,44105,DANIELE REGINA RODRIGUES DO CARMO,PRP,Deputado Estadual,0,2018
0033,44106,ANGELA ALVES PEREIRA GOUVEIA,PRP,Deputado Estadual,0,2018
0033,44111,PAULO MEDEIROS DOS SANTOS,PRP,Deputado Estadual,0,2018
0033,44113,MOISES FERREIRA DA SILVA,PRP,Deputado Estadual,0,2018
0033,44114,APARECIDO ALESSIO CRUZ DE OLIVEIRA,PRP,Deputado Estadual,0,2018
0033,44117,MARCOS FRANCISCO DE MORAES,PRP,Deputado Estadual,0,2018
0033,44118,LUIZ FERNANDES,PRP,Deputado Estadual,0,2018
0033,44120,JOSE CARLOS DOS SANTOS,PRP,Deputado Estadual,0,2018
0033,44122,DEYVISON ERIK GASPAR,PRP,Deputado Estadual,0,2018
0033,44123,JOÃO BATISTA BRANDÃO DO AMARAL,PRP,Deputado Estadual,0,2018
0033,44124,DALILA RITA VITOR DOS SANTOS DA SILVA,PRP,Deputado Estadual,0,2018
0033,44130,JOSE EDVALDO BRITO,PRP,Deputado Estadual,0,2018
0033,44140,MARCELO COLUSSO,PRP,Deputado Estadual,0,2018
0033,44142,LUCINEIA SECANECHIA MALTA,PRP,Deputado Estadual,0,2018
0033,44144,DANIEL MATIAS DA SILVA,PRP,Deputado Estadual,0,2018
0033,44153,DANIEL PEREIRA DA SILVA,PRP,Deputado Estadual,0,2018
0033,44157,RODNEI CESAR DE SOUZA,PRP,Deputado Estadual,0,2018
0033,44160,CLEIDE MARIA ARAUJO MODESTO,PRP,Deputado Estadual,0,2018
0033,44176,MARCELO ROMANO GONÇALVES,PRP,Deputado Estadual,0,2018
0033,44182,EDINEI ROCHA SANTANA,PRP,Deputado Estadual,0,2018
0033,44190,JEAN PIERRE FERREIRA DA SILVA,PRP,Deputado Estadual,0,2018
0033,44201,EROS GOMES RIBEIRO,PRP,Deputado Estadual,0,2018
0033,44211,RAFAEL PEREIRA DA SILVA,PRP,Deputado Estadual,0,2018
0033,44213,SERGIO ALVES DOS SANTOS,PRP,Deputado Estadual,0,2018
0033,44222,ROSANGELA HENRIQUE DE LIMA,PRP,Deputado Estadual,0,2018
0033,44223,MARTA CORREA DOS SANTOS,PRP,Deputado Estadual,0,2018
0033,44234,REGINALDO SOARES DOS SANTOS,PRP,Deputado Estadual,0,2018
0033,44255,EVERALDO CAETANO DA SILVA,PRP,Deputado Estadual,0,2018
0033,44301,ODIVA FERNANDES MENEZES,PRP,Deputado Estadual,0,2018
0033,44334,PAULO CALADO FARIAS,PRP,Deputado Estadual,0,2018
0033,44343,PATRICIA CONSUELO DE SOUZA,PRP,Deputado Estadual,0,2018
0033,44344,SILVANA INES MOREIRA,PRP,Deputado Estadual,0,2018
0033,44351,ILMA ROSA DA SILVA,PRP,Deputado Estadual,0,2018
0033,44411,AMAURY CUNHA CÂMARA,PRP,Deputado Estadual,0,2018
0033,44418,SILVANA REGINA DA SILVA DOS SANTOS,PRP,Deputado Estadual,0,2018
0033,44423,LUCIANA DRAGONE COUTINHO,PRP,Deputado Estadual,0,2018
0033,44425,ELISABETH APARECIDA RODRIGUES DOS SANTOS,PRP,Deputado Estadual,0,2018
0033,44440,JOSE CARLOS LEITE DE CARVALHO,PRP,Deputado Estadual,0,2018
0033,44441,ALESSANDRO MOGLIA,PRP,Deputado Estadual,0,2018
0033,44443,JOÃO LIMA COSTA,PRP,Deputado Estadual,0,2018
0033,44444,FELICIANO NAHIMY FILHO,PRP,Deputado Estadual,371,2018
0033,44445,MOYSES GABRIEL,PRP,Deputado Estadual,0,2018
0033,44447,CARMEM MARIA UCHOA FERNANDES,PRP,Deputado Estadual,0,2018
0033,44456,CARLOS ROBERTO RANGEL DE SOUZA,PRP,Deputado Estadual,0,2018
0033,44491,SONIA MARIA GUERREIRO PAZINI,PRP,Deputado Estadual,0,2018
0033,44499,ROSEMEIRE RIBEIRO,PRP,Deputado Estadual,0,2018
0033,44500,ROGERIO GOMES DO NASCIMENTO,PRP,Deputado Estadual,0,2018
0033,44511,JOSE CARLOS FLAUSINO,PRP,Deputado Estadual,0,2018
0033,44544,ISAIAS GUEDES GUIMARÃES,PRP,Deputado Estadual,0,2018
0033,44553,ROMILDO FIDELIS,PRP,Deputado Estadual,0,2018
0033,44567,JOSE BERALDO,PRP,Deputado Estadual,0,2018
0033,44600,ARMINDO ALBINO MUNHOZ,PRP,Deputado Estadual,0,2018
0033,44610,DANUBIA CRISTINA GOMES ALVES,PRP,Deputado Estadual,0,2018
0033,44631,JONAS FONTOURA SANTANA,PRP,Deputado Estadual,0,2018
0033,44663,MANOEL MILANEZ DA SILVA FILHO,PRP,Deputado Estadual,0,2018
0033,44666,JOÃO BOSCO DANTAS LOPES,PRP,Deputado Estadual,0,2018
0033,44677,ADRIANA SOUZA DOS SANTOS PEREIRA,PRP,Deputado Estadual,0,2018
0033,44678,OSVALDO LIMA DA SILVA,PRP,Deputado Estadual,0,2018
0033,44700,ITAMAR SENA,PRP,Deputado Estadual,0,2018
0033,44728,WLADIMIR ROGERIO DOS SANTOS,PRP,Deputado Estadual,0,2018
0033,44744,MARCELO EDUARDO AMICI JORGE,PRP,Deputado Estadual,6,2018
0033,44758,RENATO BORGIANI,PRP,Deputado Estadual,0,2018
0033,44774,MARCELO SOLON RODRIGUES,PRP,Deputado Estadual,0,2018
0033,44777,JESUS DE AQUINO,PRP,Deputado Estadual,0,2018
0033,44779,DALILA CAMARGO,PRP,Deputado Estadual,0,2018
0033,44789,JOÃO ALFREDO DE OLIVEIRA,PRP,Deputado Estadual,0,2018
0033,44800,MARCELO DONIZETTI FARIA RAMALHO,PRP,Deputado Estadual,0,2018
0033,44888,JOSE VALDIVINO GREGORIO,PRP,Deputado Estadual,0,2018
0033,44910,MARCOS PAULO CABRAL DE LIMA,PRP,Deputado Estadual,0,2018
0033,44944,VERA LUCIA APARECIDA ALVES,PRP,Deputado Estadual,0,2018
0033,44949,SILVANA REIS NICOLAU,PRP,Deputado Estadual,0,2018
0033,44977,NEUSA DA SILVA OLIVEIRA,PRP,Deputado Estadual,0,2018
0033,44999,RODRIGO SALES BARBOSA,PRP,Deputado Estadual,0,2018
0033,45000,CAUE CASEIRO MACRIS,PSDB,Deputado Estadual,170,2018
0033,45002,IVONE FERNANDES DIAS DO NASCIMENTO,PSDB,Deputado Estadual,1,2018
0033,45005,CAROLINA FUNARI LUCIO,PSDB,Deputado Estadual,4,2018
0033,45007,WIVIANE MARIA SPAZIANI,PSDB,Deputado Estadual,3,2018
0033,45009,SANDRA MARIA ANDRADE DE ALMEIDA,PSDB,Deputado Estadual,6,2018
0033,45045,GUSTAVO MARTINELLI,PSDB,Deputado Estadual,10,2018
0033,45100,CAIO MARCIO VIOTTO COUBE,PSDB,Deputado Estadual,10,2018
0033,45111,MARCO ANTONIO SCARASATI VINHOLI,PSDB,Deputado Estadual,6,2018
0033,45114,MARIA LUCIA CARDOSO PINTO AMARY,PSDB,Deputado Estadual,9,2018
0033,45115,JULIO PIRES DOS SANTOS JUNIOR,PSDB,Deputado Estadual,2,2018
0033,45121,VANESSA ORSINI,PSDB,Deputado Estadual,3,2018
0033,45122,ANTONIO DE SOUSA RAMALHO,PSDB,Deputado Estadual,3,2018
0033,45123,MAURÍCIO MENNA BARRETO GASPARINI,PSDB,Deputado Estadual,11,2018
0033,45125,MAURO BRAGATO,PSDB,Deputado Estadual,17,2018
0033,45145,GIOVANNA GUIMARÃES TRIPOLI,PSDB,Deputado Estadual,70,2018
0033,45151,JOSE CARLOS VAZ DE LIMA,PSDB,Deputado Estadual,34,2018
0033,45157,SANDRA CRISTINA LEITE SANTANA,PSDB,Deputado Estadual,4,2018
0033,45200,CELIA CAMARGO LEÃO EDELMUTH,PSDB,Deputado Estadual,1887,2018
0033,45222,ANTONIO DA ROCHA MARMO CEZAR,PSDB,Deputado Estadual,4,2018
0033,45232,CARLOS EDUARDO PIGNATARI,PSDB,Deputado Estadual,14,2018
0033,45300,FABIANO ANDREY BERTAGNOLI TRIGO,PSDB,Deputado Estadual,1,2018
0033,45321,PATRICIA GAMA DE QUADROS BEZERRA,PSDB,Deputado Estadual,50,2018
0033,45333,CARLOS CESAR ARCOLINO,PSDB,Deputado Estadual,8,2018
0033,45345,RAUL CHRISTIANO DE OLIVEIRA SANCHEZ,PSDB,Deputado Estadual,33,2018
0033,45400,ANALICE FERNANDES,PSDB,Deputado Estadual,44,2018
0033,45444,FHIAMA RAQUEL BISPO DE SOUZA,PSDB,Deputado Estadual,3,2018
0033,45445,MICHELLI VENEZIANI DA SILVA,PSDB,Deputado Estadual,9,2018
0033,45450,MARCUS MACEDO,PSDB,Deputado Estadual,11,2018
0033,45451,AURÉLIO NOMURA,PSDB,Deputado Estadual,42,2018
0033,45454,THOMÁS ANTONIO CAPELETTO DE OLIVEIRA,PSDB,Deputado Estadual,55,2018
0033,45455,GILMAR DA SILVA GIMENES,PSDB,Deputado Estadual,7,2018
0033,45456,MARCIO CESAR DE CAMARGO,PSDB,Deputado Estadual,6,2018
0033,45470,ANA CRISTINA DA SILVA COSTA,PSDB,Deputado Estadual,11,2018
0033,45477,ROBERTO MASSAFERA,PSDB,Deputado Estadual,17,2018
0033,45500,DEBORA MARCONDES SILVA,PSDB,Deputado Estadual,8,2018
0033,45545,JOBERT ALEXANDRINO,PSDB,Deputado Estadual,4,2018
0033,45555,CASSIO DE CASTRO NAVARRO,PSDB,Deputado Estadual,7,2018
0033,45600,CAROLINA DE MORAES PONTES,PSDB,Deputado Estadual,20,2018
0033,45610,HELIO NISHIMOTO,PSDB,Deputado Estadual,28,2018
0033,45633,AUGUSTO DUARTE MOREIRA NETO,PSDB,Deputado Estadual,4,2018
0033,45678,GILSON ALMEIDA BARRETO JUNIOR,PSDB,Deputado Estadual,2,2018
0033,45680,CARLA SARDANO MORANDO,PSDB,Deputado Estadual,19,2018
0033,45700,JOSE ANTONIO DE ANGELIS,PSDB,Deputado Estadual,3,2018
0033,45745,JOSÉ MARIO BRASILIENSE CARNEIRO,PSDB,Deputado Estadual,22,2018
0033,45777,CLAUDIO YUKIO MIYAKE,PSDB,Deputado Estadual,104,2018
0033,45780,MARCOS ANTONIO ZERBINI,PSDB,Deputado Estadual,7,2018
0033,45789,WILSON ALVES DAMASCENO,PSDB,Deputado Estadual,7,2018
0033,45800,PAULO MATHIAS DE TARSO,PSDB,Deputado Estadual,76,2018
0033,45845,THIAGO ANTUNES CAVALCA REIS LOBO,PSDB,Deputado Estadual,16,2018
0033,45855,ELISSANDRO MARCIO SILVA LINDOSO,PSDB,Deputado Estadual,5,2018
0033,45888,ADRIANO CAMARGO ANTONIO,PSDB,Deputado Estadual,1,2018
0033,45900,MARCO ANTONIO DA FONSECA BICHEIRO,PSDB,Deputado Estadual,3,2018
0033,50000,ANDERSON SEVERIANO GOMES,PSOL,Deputado Estadual,37,2018
0033,50001,ALEXANDRE PINHEIRO COSTA,PSOL,Deputado Estadual,3,2018
0033,50002,ALEXYA LUCAS EVANGELISTA SALVADOR,PSOL,Deputado Estadual,44,2018
0033,50005,TAMIRES DE SOUSA ARANTES,PSOL,Deputado Estadual,11,2018
0033,50007,MARIA CAROLINA LUIZ RUBINATO,PSOL,Deputado Estadual,55,2018
0033,50010,GENIVAL CALIXTO DA COSTA,PSOL,Deputado Estadual,0,2018
0033,50012,JESSICA MARQUES RIBEIRO,PSOL,Deputado Estadual,4,2018
0033,50013,EDINALDO DOS SANTOS MACEDO,PSOL,Deputado Estadual,1,2018
0033,50018,MAYKON RODRIGUES DOS SANTOS,PSOL,Deputado Estadual,3,2018
0033,50019,RONALDO DA CRUZ BRAGANÇA,PSOL,Deputado Estadual,7,2018
0033,50021,THYAGO MARCONDES,PSOL,Deputado Estadual,0,2018
0033,50030,SANDRO VINICIUS ORTEGA NICODEMO,PSOL,Deputado Estadual,1,2018
0033,50033,SIRLEI PEREIRA LIMA GOBI,PSOL,Deputado Estadual,0,2018
0033,50036,REGIS MARQUES RIBEIRO,PSOL,Deputado Estadual,0,2018
0033,50039,RODRIGO DA SILVA,PSOL,Deputado Estadual,1,2018
0033,50040,DORIVAL BORELLI FILHO,PSOL,Deputado Estadual,1,2018
0033,50050,ANITA DE GUSMÃO DAMIÃO,PSOL,Deputado Estadual,12,2018
0033,50051,PALOMA APARECIDA SOARES,PSOL,Deputado Estadual,3,2018
0033,50069,HAILEY KAAS ALVES PEDRO DA SILVA,PSOL,Deputado Estadual,18,2018
0033,50070,JOSELICIO FREITAS DOS SANTOS JUNIOR,PSOL,Deputado Estadual,1,2018
0033,50075,ANA CLAUDIA SILVA MIELKE,PSOL,Deputado Estadual,82,2018
0033,50077,CÁSSIO ALBERTO DO NASCIMENTO,PSOL,Deputado Estadual,3,2018
0033,50080,LUCAS DE PAULA LANDIN,PSOL,Deputado Estadual,0,2018
0033,50088,PAULO PEREIRA ROCHA,PSOL,Deputado Estadual,0,2018
0033,50090,FRANCISCO GILBERTO DA SILVA,PSOL,Deputado Estadual,0,2018
0033,50100,MARIANA CONTI TAKAHASHI,PSOL,Deputado Estadual,1462,2018
0033,50111,JORGE DAVID SALGADO,PSOL,Deputado Estadual,0,2018
0033,50120,DAMIÃO TAVARES DOS SANTOS,PSOL,Deputado Estadual,1,2018
0033,50122,ANSELMO PIRES DA SILVA NETO,PSOL,Deputado Estadual,0,2018
0033,50123,JOÃO PAULO RILLO,PSOL,Deputado Estadual,25,2018
0033,50130,LEANDRO MOREIRA GONÇALVES,PSOL,Deputado Estadual,10,2018
0033,50133,MARCELO REINA SILIANO,PSOL,Deputado Estadual,3,2018
0033,50135,RAFAEL FRANCIS OLIVA,PSOL,Deputado Estadual,0,2018
0033,50147,ELIANAI MAESTRELLO DE LYRA,PSOL,Deputado Estadual,0,2018
0033,50150,LUCAS FERREIRA CARDOSO,PSOL,Deputado Estadual,0,2018
0033,50180,ISADORA MARTINATTI PENNA,PSOL,Deputado Estadual,138,2018
0033,50190,BRUNO LOZZI DA COSTA,PSOL,Deputado Estadual,1,2018
0033,50197,VALDIR JOSE UCHOA,PSOL,Deputado Estadual,1,2018
0033,50200,MARCELLO FERREIRA DOS SANTOS,PSOL,Deputado Estadual,4,2018
0033,50222,MAIRA MACHADO RODRIGUES,PSOL,Deputado Estadual,10,2018
0033,50225,MARIA DO CARMO OLIVEIRA NAFALSKI,PSOL,Deputado Estadual,0,2018
0033,50234,MADALENA SILVA SANTOS,PSOL,Deputado Estadual,35,2018
0033,50235,VALERIA MAURICIO,PSOL,Deputado Estadual,1,2018
0033,50250,SARA RODRIGUES DE FRANÇA VIEIRA,PSOL,Deputado Estadual,2,2018
0033,50300,JOAO LUIS DIAS ZAFALAO,PSOL,Deputado Estadual,6,2018
0033,50321,ROSANA BIGNAMI,PSOL,Deputado Estadual,8,2018
0033,50324,MOACIR CAVALCANTI DOS SANTOS,PSOL,Deputado Estadual,0,2018
0033,50333,LEONARDO MANOEL ALVES,PSOL,Deputado Estadual,18,2018
0033,50350,PEDRO HENRIQUE TERUJI JERONIMO MINAMIDANI,PSOL,Deputado Estadual,3,2018
0033,50420,ELY ITO RODRIGUES,PSOL,Deputado Estadual,5,2018
0033,50444,ADEMILSON MIGUEL FERNANDES,PSOL,Deputado Estadual,5,2018
0033,50450,DJALMA NERY FERREIRA NETO,PSOL,Deputado Estadual,30,2018
0033,50456,GISELE CRISTIANE VIEIRA,PSOL,Deputado Estadual,4,2018
0033,50479,SIDNEI APARECIDO GARCIA,PSOL,Deputado Estadual,0,2018
0033,50490,SHIRLANDIA SALES NOVAIS,PSOL,Deputado Estadual,0,2018
0033,50500,RENATO BENTO LUIZ,PSOL,Deputado Estadual,5,2018
0033,50501,FERNANDO ANTONIO FERREIRA,PSOL,Deputado Estadual,1,2018
0033,50505,BRUNO VIEIRA MAIA,PSOL,Deputado Estadual,51,2018
0033,50518,CRISTIANE GANDOLFI,PSOL,Deputado Estadual,2,2018
0033,50550,RAUL MARCELO DE SOUZA,PSOL,Deputado Estadual,19,2018
0033,50555,MAURICIO DE MELO VIEIRA,PSOL,Deputado Estadual,1,2018
0033,50567,JAIR RODRIGUES DE CARVALHO,PSOL,Deputado Estadual,0,2018
0033,50620,MARCOS ROBERTO COELHO,PSOL,Deputado Estadual,1,2018
0033,50630,EDNALDO BISPO DA CRUZ,PSOL,Deputado Estadual,0,2018
0033,50650,ANTONIO BIAGIO VESPOLI,PSOL,Deputado Estadual,19,2018
0033,50666,MARCIA FREIRE DE MATTOS RUBIANO,PSOL,Deputado Estadual,1,2018
0033,50678,ANDRÉ SAPANOS DE CARVALHO,PSOL,Deputado Estadual,1,2018
0033,50690,CARLOS JOSE DA SILVA,PSOL,Deputado Estadual,0,2018
0033,50700,FABIANO DE CARVALHO BATISTA,PSOL,Deputado Estadual,0,2018
0033,50720,WLISSES DANIEL SILVA CABRAL,PSOL,Deputado Estadual,0,2018
0033,50750,REJANE DE MOURA,PSOL,Deputado Estadual,1,2018
0033,50777,PAULO ROBERTO BUFALO,PSOL,Deputado Estadual,544,2018
0033,50787,EDUARDO VICENTE DA FONSECA,PSOL,Deputado Estadual,1,2018
0033,50789,CARLOS ALBERTO GIANNASI,PSOL,Deputado Estadual,285,2018
0033,50800,IURIATAN FELIPE MUNIZ,PSOL,Deputado Estadual,19,2018
0033,50813,ANGELA CRISTINA ALVES DE AZEVEDO,PSOL,Deputado Estadual,0,2018
0033,50848,LUZIANE DIAS SIMÃO,PSOL,Deputado Estadual,0,2018
0033,50850,JOÃO VITOR DIAMANTINO CORRÊA BARBOSA,PSOL,Deputado Estadual,3,2018
0033,50881,DANIEL BELARMINO,PSOL,Deputado Estadual,0,2018
0033,50888,ÉRICA DA SILVA,PSOL,Deputado Estadual,152,2018
0033,50900,MONICA CRISTINA SEIXAS BONFIM,PSOL,Deputado Estadual,469,2018
0033,50917,CÉLIO PELICIARI DE PAULA JÚNIOR,PSOL,Deputado Estadual,1,2018
0033,50950,JOSE HERMENEGILDO DE MARTIN,PSOL,Deputado Estadual,1,2018
0033,50980,GILBERTO MARQUES,PSOL,Deputado Estadual,0,2018
0033,50999,SANDRO CUNHA DOS SANTOS,PSOL,Deputado Estadual,0,2018
0033,51000,SERGIO ANTONIO NECHAR,PATRI,Deputado Estadual,2,2018
0033,51001,MOESIO ALVES CORREIA,PATRI,Deputado Estadual,0,2018
0033,51003,HENRIQUE AGUILERA FILHO,PATRI,Deputado Estadual,0,2018
0033,51004,DIMAS MENDES DA SILVA JUNIOR,PATRI,Deputado Estadual,0,2018
0033,51006,THAIS CRISTINA DE CASTRO CONDE GALVAO,PATRI,Deputado Estadual,0,2018
0033,51007,SÉRGIO GUERRA,PATRI,Deputado Estadual,0,2018
0033,51008,ROBERTO CARLOS DE SANTI,PATRI,Deputado Estadual,0,2018
0033,51011,MARCIA FERREIRA LUCAS,PATRI,Deputado Estadual,1,2018
0033,51013,MALAQUIAS ARAUJO MELO,PATRI,Deputado Estadual,1,2018
0033,51015,DEUSAMAR SANTOS TEIXEIRA SALVADOR,PATRI,Deputado Estadual,1,2018
0033,51016,ROSANA FEITOSA ALVES,PATRI,Deputado Estadual,0,2018
0033,51017,SOLANGE DEVIETRO,PATRI,Deputado Estadual,0,2018
0033,51018,MARIA DE LOURDES SILVA DEPIERI,PATRI,Deputado Estadual,0,2018
0033,51019,ANDERSON DIAS DE MENESES,PATRI,Deputado Estadual,0,2018
0033,51020,ALEXANDRE FERREIRA DE SOUSA,PATRI,Deputado Estadual,1,2018
0033,51021,LIDIA MARIA DE SOUZA,PATRI,Deputado Estadual,0,2018
0033,51022,RENATA MARCIA ALVES BRAGA,PATRI,Deputado Estadual,0,2018
0033,51025,ELISMONICA SOUZA SILVA,PATRI,Deputado Estadual,0,2018
0033,51029,MARCOS ANDRE SANTOS MESSIAS,PATRI,Deputado Estadual,1,2018
0033,51030,LUIZ CARLOS DE PAULA,PATRI,Deputado Estadual,0,2018
0033,51032,ISAIAS CONCEIÇÃO,PATRI,Deputado Estadual,0,2018
0033,51033,ANDRE RAPHAEL BUION MARQUES,PATRI,Deputado Estadual,0,2018
0033,51035,JOSÉ MESSIAS DA COSTA,PATRI,Deputado Estadual,0,2018
0033,51036,MARIA DE LOURDES BORGES PIZONI,PATRI,Deputado Estadual,0,2018
0033,51037,LUIZ VINICIUS DOS SANTOS,PATRI,Deputado Estadual,0,2018
0033,51038,TERESINHA GERALDO LISBOA,PATRI,Deputado Estadual,0,2018
0033,51040,RENATO ANTONIO FONSECA FILHO,PATRI,Deputado Estadual,0,2018
0033,51041,RAQUEL AGUIAR DE OLIVEIRA SILVA,PATRI,Deputado Estadual,0,2018
0033,51045,CINTHIA FERNANDES BANDEIRA,PATRI,Deputado Estadual,0,2018
0033,51051,JAMIL AKIO ONO,PATRI,Deputado Estadual,4,2018
0033,51052,EDUARDO MONTEIRO,PATRI,Deputado Estadual,0,2018
0033,51053,CARLA ISOLA CASALE,PATRI,Deputado Estadual,0,2018
0033,51055,EDSON FERREIRA PONTES,PATRI,Deputado Estadual,0,2018
0033,51056,ROBSON LIEBETANZ DZELVE CALABIANQUI,PATRI,Deputado Estadual,0,2018
0033,51057,GRAZIELE CRISTINA LUCATO,PATRI,Deputado Estadual,2,2018
0033,51060,FRANCISCA LUIZ PEREIRA,PATRI,Deputado Estadual,0,2018
0033,51077,HELENA MARIA LEME BARBOSA,PATRI,Deputado Estadual,0,2018
0033,51081,MARCOS JOSÉ DO VALLE,PATRI,Deputado Estadual,0,2018
0033,51082,CICERO EDINALDO DE MENEZES,PATRI,Deputado Estadual,1,2018
0033,51085,MARINALVA CONCEIÇÃO SANTOS,PATRI,Deputado Estadual,0,2018
0033,51088,MARIA JOSÉ DOS SANTOS,PATRI,Deputado Estadual,0,2018
0033,51090,RONALDO ROSA DE ALMEIDA,PATRI,Deputado Estadual,0,2018
0033,51100,ANDRE GOMES BARBOSA,PATRI,Deputado Estadual,0,2018
0033,51111,ZELINDIANOR OLIVEIRA DE SOUZA,PATRI,Deputado Estadual,0,2018
0033,51120,EDSON RICARDO DE CARVALHO SOUZA,PATRI,Deputado Estadual,0,2018
0033,51121,ANTÔNIO MARCOS RODRIGUES,PATRI,Deputado Estadual,0,2018
0033,51123,REGINA DA SILVA COSTA,PATRI,Deputado Estadual,0,2018
0033,51127,VALDIR HENRIQUE DOS SANTOS FERREIRA,PATRI,Deputado Estadual,0,2018
0033,51145,JOSE ALEXANDRE JUNCO,PATRI,Deputado Estadual,0,2018
0033,51151,RENAN ELIAS GODINHO,PATRI,Deputado Estadual,0,2018
0033,51153,ADRIANA ALVES DE OLIVEIRA,PATRI,Deputado Estadual,0,2018
0033,51155,JORGE DE FREITAS,PATRI,Deputado Estadual,1,2018
0033,51158,WASHINGTON SOUZA CARDOSO DOS SANTOS,PATRI,Deputado Estadual,0,2018
0033,51167,CARLOS EDUARDO MONÇÃO GARCIA,PATRI,Deputado Estadual,0,2018
0033,51177,ROBERTO PIMENTEL,PATRI,Deputado Estadual,0,2018
0033,51190,WILSON DE OLIVEIRA MORAIS,PATRI,Deputado Estadual,17,2018
0033,51193,GUARACY RIBEIRO FILHO,PATRI,Deputado Estadual,0,2018
0033,51200,JAIR RAMALHO DA SILVA,PATRI,Deputado Estadual,0,2018
0033,51215,FRANCISCO MONTEIRO DE ARRUDA,PATRI,Deputado Estadual,0,2018
0033,51222,ENIVALDO LEITE,PATRI,Deputado Estadual,0,2018
0033,51233,JOSE CARLOS BISPO DOS SANTOS,PATRI,Deputado Estadual,0,2018
0033,51234,PAULO DE TARSO CARDOSO DE MIRANDA,PATRI,Deputado Estadual,0,2018
0033,51235,NILSON PEREIRA DE ABREU,PATRI,Deputado Estadual,0,2018
0033,51251,ELISA KATSUE TAKAHASHI CARARETO,PATRI,Deputado Estadual,0,2018
0033,51270,OSMAR MENEZES MARQUES,PATRI,Deputado Estadual,2,2018
0033,51300,DEUSDETE PEREIRA MARINHO,PATRI,Deputado Estadual,0,2018
0033,51302,MARCELO BARRETO STERZA,PATRI,Deputado Estadual,0,2018
0033,51322,MARIA ALICE ARAÚJO LIMBERG,PATRI,Deputado Estadual,0,2018
0033,51326,AMANDA SANTOS DA SILVA,PATRI,Deputado Estadual,0,2018
0033,51333,ROBERTO CARDOSO FERREIRA,PATRI,Deputado Estadual,2,2018
0033,51343,ODAIR BENTO FILHO,PATRI,Deputado Estadual,0,2018
0033,51345,HALSE MICHELLINE TAVARES COELHO,PATRI,Deputado Estadual,0,2018
0033,51346,ARY LOPES DA CRUZ,PATRI,Deputado Estadual,0,2018
0033,51351,VALENTIM PEREIRA LIMA,PATRI,Deputado Estadual,0,2018
0033,51353,GIOVANNA MARQUES DOS REIS,PATRI,Deputado Estadual,0,2018
0033,51355,CARLOS ALBERTO PINTO DA SILVA,PATRI,Deputado Estadual,0,2018
0033,51369,PAULO SERGIO BENISSE,PATRI,Deputado Estadual,0,2018
0033,51381,MARIA INÊS GIANINI,PATRI,Deputado Estadual,0,2018
0033,51394,VANDECI LAURENTINO DE OLIVEIRA,PATRI,Deputado Estadual,0,2018
0033,51400,JORGE DONIZETTI RIBEIRO DE MATOS,PATRI,Deputado Estadual,0,2018
0033,51440,WANDERLEY FAVILA,PATRI,Deputado Estadual,0,2018
0033,51444,FERNANDO HENRIQUE FERREIRA,PATRI,Deputado Estadual,0,2018
0033,51445,IRENICE ODETE BARBOSA,PATRI,Deputado Estadual,0,2018
0033,51446,GIULIO BALDI DANTAS,PATRI,Deputado Estadual,0,2018
0033,51451,SAMIR AFONSO MARGONAR,PATRI,Deputado Estadual,1,2018
0033,51455,CLAUDENICE JEFERSINA SANTANA DA SILVA,PATRI,Deputado Estadual,0,2018
0033,51456,JOSE DONISETI GILDO,PATRI,Deputado Estadual,2,2018
0033,51458,MESSIAS JOSÉ DE MORAES,PATRI,Deputado Estadual,0,2018
0033,51460,CICERO MACEDO DA SILVA,PATRI,Deputado Estadual,0,2018
0033,51470,LEANDRO DE JESUS,PATRI,Deputado Estadual,0,2018
0033,51478,MARIA DERLÂNIA LIMA SANTOS,PATRI,Deputado Estadual,0,2018
0033,51479,WILLIAN GALVAO DA SILVA,PATRI,Deputado Estadual,0,2018
0033,51480,MARIA DE LOURDES DE LIMA GUSSONI,PATRI,Deputado Estadual,0,2018
0033,51491,GONZAGA MENDES DE OLIVEIRA,PATRI,Deputado Estadual,1,2018
0033,51500,MARCIO DENER CORAN,PATRI,Deputado Estadual,9,2018
0033,51510,ANGELA MARIA DE OLIVEIRA,PATRI,Deputado Estadual,1,2018
0033,51511,ITAMAR GONÇALVES,PATRI,Deputado Estadual,2,2018
0033,51515,SILNEY MARCOS BERALDO,PATRI,Deputado Estadual,2,2018
0033,51526,ANDRÉ ITALO MAURO,PATRI,Deputado Estadual,0,2018
0033,51531,MAURICIO ANTONIO FOGAÇA,PATRI,Deputado Estadual,0,2018
0033,51533,VALDEMAR DIAS PEREIRA FILHO,PATRI,Deputado Estadual,0,2018
0033,51550,EDSON MACENO,PATRI,Deputado Estadual,0,2018
0033,51551,DIOGENES MORIS MORENO DOS SANTOS,PATRI,Deputado Estadual,3,2018
0033,51555,LUIS ROBERTO TAVARES,PATRI,Deputado Estadual,5,2018
0033,51580,SIMONE APARECIDA SANTOS,PATRI,Deputado Estadual,1,2018
0033,51599,MARCIO XAVIER DA SILVA,PATRI,Deputado Estadual,4,2018
0033,51600,ALMIR DE ALEXANDRES,PATRI,Deputado Estadual,0,2018
0033,51610,JOSÉ EDIMILSON DA SILVA,PATRI,Deputado Estadual,0,2018
0033,51664,ELIABE VENANCIO AIRES,PATRI,Deputado Estadual,2,2018
0033,51678,FLAVIA MARIA DOS ANJOS SILVA,PATRI,Deputado Estadual,0,2018
0033,51686,LAURO MARTINS DE LARA NETO,PATRI,Deputado Estadual,0,2018
0033,51699,PAULO ALVES CORRÊA JUNIOR,PATRI,Deputado Estadual,6,2018
0033,51700,SUELLEN SILVA ROSIM,PATRI,Deputado Estadual,1,2018
0033,51707,MEGIONE BASSETTO DE CASTRO,PATRI,Deputado Estadual,0,2018
0033,51737,LUIZ ALBERTO TEIXEIRA FERREIRA,PATRI,Deputado Estadual,3,2018
0033,51749,RUTE DA COSTA ESMAEL LOPES,PATRI,Deputado Estadual,0,2018
0033,51751,GILVANETE BATISTA DE MORAIS,PATRI,Deputado Estadual,0,2018
0033,51760,LAURINDA FRANCISCA DOS SANTOS,PATRI,Deputado Estadual,0,2018
0033,51762,THIAGO BARBOZA LUZ,PATRI,Deputado Estadual,1,2018
0033,51773,LUIS CARLOS MIRANDA,PATRI,Deputado Estadual,0,2018
0033,51777,MARCO ANTONIO MAURO PORTELLA,PATRI,Deputado Estadual,1,2018
0033,51779,CHALANA MACHADO DOS SANTOS,PATRI,Deputado Estadual,0,2018
0033,51789,ADILSON EUGENIO DE LIMA,PATRI,Deputado Estadual,2,2018
0033,51796,HAYSLAN PIRES GONÇALVES,PATRI,Deputado Estadual,0,2018
0033,51800,MARIA DE LOURDES SANTANA DA CONCEICAO,PATRI,Deputado Estadual,0,2018
0033,51841,SAMUEL DO CARMO,PATRI,Deputado Estadual,0,2018
0033,51851,ERICA NASCIMENTO SILVA,PATRI,Deputado Estadual,4,2018
0033,51852,ANTONIO OLIVA DE ARAUJO,PATRI,Deputado Estadual,1,2018
0033,51877,SONIA APARECIDA GRANITO BARBOSA,PATRI,Deputado Estadual,0,2018
0033,51888,LUCAS DE ASSIS COSTA,PATRI,Deputado Estadual,3,2018
0033,51911,ABEL ELIAS DE CAMARGO,PATRI,Deputado Estadual,0,2018
0033,54007,FERNANDO RODRIGO DE CARVALHO,PPL,Deputado Estadual,1,2018
0033,54019,HELITON ESCORPELI,PPL,Deputado Estadual,3,2018
0033,54035,REGINA MARILIA PRADO MANSSUR,PPL,Deputado Estadual,0,2018
0033,54040,MARCOS ROBERTO OLIVAL DIAS,PPL,Deputado Estadual,0,2018
0033,54051,BENEDITO HONORIO BARBOSA,PPL,Deputado Estadual,0,2018
0033,54119,ROBSON FLORA COSIMATTI,PPL,Deputado Estadual,0,2018
0033,54222,STELIO LEAL PESSANHA,PPL,Deputado Estadual,1,2018
0033,54290,JALMIRA DO CARMO SILVA COELHO,PPL,Deputado Estadual,0,2018
0033,54300,MARIANA NUNES DE MOURA SOUZA,PPL,Deputado Estadual,71,2018
0033,54321,AMELIA RENATA MANARA DOMENI GASTI,PPL,Deputado Estadual,2,2018
0033,54322,JOAO LUIZ LEITE,PPL,Deputado Estadual,0,2018
0033,54333,DANIEL FERNAINE DRAGER,PPL,Deputado Estadual,0,2018
0033,54501,OBERVAN DUNGA DOS SANTOS,PPL,Deputado Estadual,0,2018
0033,54555,EDVALDO HEITOR BORTOLLOTTI,PPL,Deputado Estadual,0,2018
0033,54700,LUIZ CARLOS DA SILVA,PPL,Deputado Estadual,0,2018
0033,54789,ROSLAVIO ALFREDO GRAF JUNIOR,PPL,Deputado Estadual,0,2018
0033,54854,PAULO CESAR CANDIDO BARBOSA,PPL,Deputado Estadual,0,2018
0033,54855,SAMIRA DIAS DA SILVA ALVES,PPL,Deputado Estadual,0,2018
0033,54991,ROSANE OLIVEIRA DA COSTA,PPL,Deputado Estadual,0,2018
0033,54999,RONALDO BARROS DE OLIVEIRA,PPL,Deputado Estadual,1,2018
0033,55000,GUSTAVO RAMOS PERISSINOTTO,PSD,Deputado Estadual,18,2018
0033,55023,FABIO CESAR SATO,PSD,Deputado Estadual,5,2018
0033,55030,LUCIANO ANDRÉ RODRIGUES,PSD,Deputado Estadual,4,2018
0033,55055,RENATO PUPO DE PAULA,PSD,Deputado Estadual,16,2018
0033,55090,CAROLINE STEINMETZ,PSD,Deputado Estadual,59,2018
0033,55100,DIEGO HENRIQUE RODRIGUES MIRANDA,PSD,Deputado Estadual,0,2018
0033,55110,ANTONIO MARCOS DA SILVA POLYCENO,PSD,Deputado Estadual,0,2018
0033,55123,RENATA LEMES DE PAIVA MENDES DA COSTA,PSD,Deputado Estadual,6,2018
0033,55125,MANOEL DAVID KORN DE CARVALHO,PSD,Deputado Estadual,9,2018
0033,55133,JULIANA VIGGIANI VALIO BORGES,PSD,Deputado Estadual,5,2018
0033,55153,MARIA DE LOURDES SOARES,PSD,Deputado Estadual,91,2018
0033,55155,MARINA JAYME DE MELO CARDINALI,PSD,Deputado Estadual,10,2018
0033,55190,ALVARO BATISTA CAMILO,PSD,Deputado Estadual,28,2018
0033,55199,WILMA DE FREITAS MALTA,PSD,Deputado Estadual,0,2018
0033,55200,NELSON SCHREINER JUNIOR,PSD,Deputado Estadual,6,2018
0033,55222,ADOLFO QUINTAS GONÇALVES NETO,PSD,Deputado Estadual,0,2018
0033,55255,ALEXANDRE MILANESE CAMILLO,PSD,Deputado Estadual,41,2018
0033,55321,JONATHAN AMORA DE RAGO,PSD,Deputado Estadual,0,2018
0033,55333,PAULO ROBERTO DE CAMPOS,PSD,Deputado Estadual,2,2018
0033,55400,MARTA MARIA FREIRE DA COSTA,PSD,Deputado Estadual,95,2018
0033,55500,MARCIA WALÉRIA NUNES DE OLIVEIRA DIAS,PSD,Deputado Estadual,1,2018
0033,55555,RITA DE CASSIA TRINCA PASSOS,PSD,Deputado Estadual,12,2018
0033,55655,ROSSANA RODRIGUES ROSSINI CAMACHO,PSD,Deputado Estadual,1,2018
0033,55677,PAULO LUIS SANTOS,PSD,Deputado Estadual,2,2018
0033,55678,FABIO FERNANDO DOS REIS SILVA,PSD,Deputado Estadual,0,2018
0033,55755,LUIZ CARLOS GIANELLI TEIXEIRA,PSD,Deputado Estadual,1,2018
0033,55777,ALEXANDER MUNIZ DE OLIVEIRA,PSD,Deputado Estadual,46,2018
0033,55800,RAFAEL GANZERLI AUAD,PSD,Deputado Estadual,4,2018
0033,55826,CLARICE SILVA BARBOSA,PSD,Deputado Estadual,0,2018
0033,55855,LIVIO ANTONIO GIOSA,PSD,Deputado Estadual,6,2018
0033,55900,KARINA CARLA DA SILVA,PSD,Deputado Estadual,3,2018
0033,55955,PATRICIA DOS REIS TRAVASSOS,PSD,Deputado Estadual,0,2018
0033,65000,LUIS ARAUJO FRANÇA,PC do B,Deputado Estadual,0,2018
0033,65001,GLAUBER DA SILVA,PC do B,Deputado Estadual,0,2018
0033,65005,GLÉDSON ANTONIO DE PROENÇA,PC do B,Deputado Estadual,0,2018
0033,65007,MARISA APARECIDA DE SÁ LIMA,PC do B,Deputado Estadual,0,2018
0033,65008,DECIO DOS SANTOS,PC do B,Deputado Estadual,0,2018
0033,65013,JOSÉ MARCOLINO DA SILVA,PC do B,Deputado Estadual,0,2018
0033,65021,LUIS CARLOS SOARES DE OLIVEIRA,PC do B,Deputado Estadual,0,2018
0033,65022,GENI SALDANHA DOS SANTOS SILVA,PC do B,Deputado Estadual,0,2018
0033,65023,WLADMIR DE SOUZA CARNEIRO,PC do B,Deputado Estadual,5,2018
0033,65024,FABIO ALVES CABRAL,PC do B,Deputado Estadual,0,2018
0033,65030,NADIA MARIA AUGUSTA DE OLIVEIRA JOAQUIM,PC do B,Deputado Estadual,0,2018
0033,65035,LECI BRANDÃO DA SILVA,PC do B,Deputado Estadual,128,2018
0033,65038,ADRIANA COELHO DE OLIVEIRA,PC do B,Deputado Estadual,1,2018
0033,65040,JAMILE RANGEL DA SILVA,PC do B,Deputado Estadual,0,2018
0033,65050,RODRIGO FERNANDO ASSIS DOS SANTOS,PC do B,Deputado Estadual,0,2018
0033,65051,VALERIA CANESTRI,PC do B,Deputado Estadual,0,2018
0033,65065,EDSON GOMES DA SILVA,PC do B,Deputado Estadual,0,2018
0033,65100,ALCIDES AMAZONAS ARAUJO DOS SANTOS,PC do B,Deputado Estadual,0,2018
0033,65105,LUIZ ALBERTO DA SILVA,PC do B,Deputado Estadual,0,2018
0033,65111,RÔMULO KAZIMIERZ LUSZCZYNSKI,PC do B,Deputado Estadual,0,2018
0033,65117,EVELYN CAROLINE LIMA DOS SANTOS PEREIRA,PC do B,Deputado Estadual,0,2018
0033,65121,JORGE ANTONIO DA SILVA,PC do B,Deputado Estadual,0,2018
0033,65123,GUSTAVO LEMOS PETTA,PC do B,Deputado Estadual,778,2018
0033,65133,IRINEU SEBASTIÃO,PC do B,Deputado Estadual,1,2018
0033,65159,MARIANA ARANTES MASTROROCO,PC do B,Deputado Estadual,1,2018
0033,65161,MIRIAM APARECIDA DA SILVA,PC do B,Deputado Estadual,0,2018
0033,65165,FRANCISCA RODRIGUES BARBOSA BRITTO,PC do B,Deputado Estadual,0,2018
0033,65167,NEIDE LANDE,PC do B,Deputado Estadual,0,2018
0033,65180,CARINA VITRAL COSTA,PC do B,Deputado Estadual,49,2018
0033,65192,JEFFERSON ERECY SANTOS,PC do B,Deputado Estadual,8,2018
0033,65194,SAMIR ANGELO BASSUALDO BENTO,PC do B,Deputado Estadual,0,2018
0033,65200,GICÉLIA DOS SANTOS,PC do B,Deputado Estadual,0,2018
0033,65213,NILSON JOSE GARRIDO,PC do B,Deputado Estadual,0,2018
0033,65222,SIDNEI LUIZ PEREIRA,PC do B,Deputado Estadual,0,2018
0033,65229,NATAL DIAS DE OLIVEIRA,PC do B,Deputado Estadual,0,2018
0033,65230,CINTIA MARA GONÇALVES MUNIZ,PC do B,Deputado Estadual,0,2018
0033,65233,RUTE BARBOSA FERNANDES,PC do B,Deputado Estadual,5,2018
0033,65265,GENIVALDO BARBOSA DOS SANTOS,PC do B,Deputado Estadual,0,2018
0033,65285,LILIAN SOARES ARAUJO SANTANA,PC do B,Deputado Estadual,0,2018
0033,65300,GERALDO MAGELA DA CRUZ,PC do B,Deputado Estadual,1,2018
0033,65321,VANDERLEI SIRAQUE,PC do B,Deputado Estadual,0,2018
0033,65332,CARMEN MIRANDA ALVES PEREIRA,PC do B,Deputado Estadual,0,2018
0033,65333,RODRIGO FIRMINO ROMÃO,PC do B,Deputado Estadual,0,2018
0033,65340,ADRIANA CARDOSO AZEVEDO PERMINIO,PC do B,Deputado Estadual,2,2018
0033,65345,ELENISIO DE ALMEIDA SILVA,PC do B,Deputado Estadual,0,2018
0033,65353,JOSÉ ERIVALDO DA SILVA,PC do B,Deputado Estadual,0,2018
0033,65369,ALBERTO DE SOUZA GOMES,PC do B,Deputado Estadual,5,2018
0033,65379,EUNICE ALVES DE OLIVEIRA NORONHA,PC do B,Deputado Estadual,0,2018
0033,65400,WALTER FERNANDES CANDELARIO,PC do B,Deputado Estadual,0,2018
0033,65420,MARCOS AURÉLIO DOS SANTOS,PC do B,Deputado Estadual,0,2018
0033,65432,BRAZ HENRIQUE TELES,PC do B,Deputado Estadual,0,2018
0033,65444,RAIMUNDO FERREIRA BARROS,PC do B,Deputado Estadual,0,2018
0033,65456,MARCIO JUNIOR BRIANES,PC do B,Deputado Estadual,0,2018
0033,65465,JOSE CLAUDIO DA SILVA VIEIRA,PC do B,Deputado Estadual,0,2018
0033,65475,RENATA CZEKAY,PC do B,Deputado Estadual,0,2018
0033,65500,DOUGLAS ALBERTO SANTOS,PC do B,Deputado Estadual,1,2018
0033,65512,JOÃO ANTONIO DONIZZETTI CARVALHO,PC do B,Deputado Estadual,0,2018
0033,65523,LIOZINA DE ALMEIDA SARAIVA,PC do B,Deputado Estadual,0,2018
0033,65555,VÂNIA REGINA RIBEIRO,PC do B,Deputado Estadual,0,2018
0033,65565,EVELYN CAVALCANTE CARLOS,PC do B,Deputado Estadual,1,2018
0033,65600,JAIR MARMELO CARDOSO DE OLIVEIRA,PC do B,Deputado Estadual,0,2018
0033,65650,HENRIQUE DOMINGUES,PC do B,Deputado Estadual,0,2018
0033,65651,FLAVIO MONTESINOS GODOI,PC do B,Deputado Estadual,0,2018
0033,65653,JEFFERSON FISCHER DA ROCHA,PC do B,Deputado Estadual,0,2018
0033,65654,SERGIO LUIZ ZERBINATO RODRIGUES,PC do B,Deputado Estadual,0,2018
0033,65655,MARCEL FERRAZ CAMILO,PC do B,Deputado Estadual,1,2018
0033,65656,LUIS ALVES DE SOUZA,PC do B,Deputado Estadual,0,2018
0033,65658,SAMUEL GOMES DE JESUS,PC do B,Deputado Estadual,1,2018
0033,65659,KEITH CRISTINE HORTA,PC do B,Deputado Estadual,0,2018
0033,65666,ANTONIO CARLOS FERREIRA DE OLIVEIRA,PC do B,Deputado Estadual,0,2018
0033,65677,GUARACI FERNANDO CAMPOS,PC do B,Deputado Estadual,0,2018
0033,65678,RAFAEL TURRINI PURGATO,PC do B,Deputado Estadual,5,2018
0033,65688,ROBERTO FERREIRA DE MENEZES,PC do B,Deputado Estadual,1,2018
0033,65765,JOÃO HILTON TEIXEIRA,PC do B,Deputado Estadual,0,2018
0033,65777,SAMUEL EUZÉBIO DE OLIVEIRA,PC do B,Deputado Estadual,0,2018
0033,65787,NINA RODRIGUES VIEIRA,PC do B,Deputado Estadual,1,2018
0033,65789,MICHEL RAMIRO CARNEIRO,PC do B,Deputado Estadual,0,2018
0033,65790,JOAQUIM TEODORO GOMA,PC do B,Deputado Estadual,4,2018
0033,65852,EDSON LUIS DE AGUIAR,PC do B,Deputado Estadual,0,2018
0033,65865,GABRIEL SOARES GONÇALVES,PC do B,Deputado Estadual,0,2018
0033,65888,LOURIVALDO PRATES,PC do B,Deputado Estadual,0,2018
0033,65900,SINCLAIR LOPES DE OLIVEIRA,PC do B,Deputado Estadual,3,2018
0033,65945,NEI ROBSON MEDEIROS DE ARAUJO,PC do B,Deputado Estadual,0,2018
0033,65999,EDSON ALEXANDRE PEREIRA,PC do B,Deputado Estadual,0,2018
0033,70000,SIRINEU DE ARAUJO SANTOS,AVANTE,Deputado Estadual,7,2018
0033,70001,LUIZ FÁBIO CRUZ DA SILVA,AVANTE,Deputado Estadual,0,2018
0033,70002,VALDECIRO MAIA DOS SANTOS,AVANTE,Deputado Estadual,3,2018
0033,70003,ROGÉRIO AUGUSTO PAVÃO,AVANTE,Deputado Estadual,0,2018
0033,70004,MARCELO DA SILVA VIEIRA,AVANTE,Deputado Estadual,11,2018
0033,70005,ERALDO PEREIRA DE LIMA,AVANTE,Deputado Estadual,0,2018
0033,70006,MÁRCIO PIMENTEL BENVENUTO,AVANTE,Deputado Estadual,1,2018
0033,70007,JAIRO DOS SANTOS,AVANTE,Deputado Estadual,0,2018
0033,70009,ALEXANDRE MIGUEL COSTA,AVANTE,Deputado Estadual,0,2018
0033,70010,ESDRA BATISTA NASCIMENTO,AVANTE,Deputado Estadual,0,2018
0033,70011,LUCIANO LIMA DE ANDRADE,AVANTE,Deputado Estadual,0,2018
0033,70013,MARCIO CAETANO PEREIRA,AVANTE,Deputado Estadual,0,2018
0033,70014,WEVERSON CARLOS ALMEIDA,AVANTE,Deputado Estadual,0,2018
0033,70016,ANA RAQUEL RICARDO,AVANTE,Deputado Estadual,0,2018
0033,70017,ANDERSON ROGERIO ALVES,AVANTE,Deputado Estadual,0,2018
0033,70018,PATRICIA LUCIA GOUVEIA DA SILVA,AVANTE,Deputado Estadual,0,2018
0033,70020,URIAS GONÇALVES DA SILVA FILHO,AVANTE,Deputado Estadual,0,2018
0033,70022,JEREMIAS ALVES SANTOS,AVANTE,Deputado Estadual,0,2018
0033,70023,MARIA ELIANA NOGUEIRA,AVANTE,Deputado Estadual,0,2018
0033,70026,ROGÉRIO APARECIDO GOMES PIRES,AVANTE,Deputado Estadual,1,2018
0033,70030,GILBERTO ROQUE JACINTO,AVANTE,Deputado Estadual,0,2018
0033,70033,ANTONIO FLAVIO ALMEIDA DE OLIVEIRA,AVANTE,Deputado Estadual,1,2018
0033,70034,PLINIO MARCOS DE LIMA,AVANTE,Deputado Estadual,0,2018
0033,70040,JOSÉ NUNES DE MORAIS,AVANTE,Deputado Estadual,0,2018
0033,70043,DÉBORA DIAS DA SILVA,AVANTE,Deputado Estadual,0,2018
0033,70045,LEANDRO DE SOUZA SERRÃO,AVANTE,Deputado Estadual,0,2018
0033,70047,LAMYS MITRI FERNANDES GOMES,AVANTE,Deputado Estadual,0,2018
0033,70050,EDSON ANTUNES DOS PASSOS,AVANTE,Deputado Estadual,0,2018
0033,70055,MARIETA ANITA DE OLIVEIRA,AVANTE,Deputado Estadual,0,2018
0033,70060,PAULO HENRIQUE EVARISTO,AVANTE,Deputado Estadual,0,2018
0033,70066,CEZAR AUGUSTO DE SOUZA OLIVEIRA,AVANTE,Deputado Estadual,2,2018
0033,70070,EDSON NASCIMENTO DE OLIVEIRA,AVANTE,Deputado Estadual,0,2018
0033,70071,RAFAEL PINHEIRO DOS SANTOS,AVANTE,Deputado Estadual,0,2018
0033,70074,STEPHANY AKIE NAKAMORI NOVAES RIBEIRO,AVANTE,Deputado Estadual,0,2018
0033,70077,ISMERAÍ EGIDIO DA SILVA,AVANTE,Deputado Estadual,1,2018
0033,70078,ANGELICA DA SILVA MOREIRA,AVANTE,Deputado Estadual,0,2018
0033,70080,MICHEL DE ANDRADE BRAZ,AVANTE,Deputado Estadual,0,2018
0033,70088,MICHELE DE JESUS POINA,AVANTE,Deputado Estadual,0,2018
0033,70099,ANTONIO SOARES OLIVEIRA,AVANTE,Deputado Estadual,0,2018
0033,70100,WILLIAM ALI CHAIM,AVANTE,Deputado Estadual,4,2018
0033,70110,NILTON DANTAS,AVANTE,Deputado Estadual,1,2018
0033,70111,AURELIO SANTUCCI,AVANTE,Deputado Estadual,0,2018
0033,70117,VALTER CORRÊA JUNIOR,AVANTE,Deputado Estadual,0,2018
0033,70121,VALDÍVIO JOSÉ DE LIMA,AVANTE,Deputado Estadual,0,2018
0033,70123,FRANCISCO ESMERALDO FELIPE CARNEIRO,AVANTE,Deputado Estadual,0,2018
0033,70141,ZÊNIA PEREIRA DE ANDRADE SOUSA,AVANTE,Deputado Estadual,0,2018
0033,70147,ÂNGELA MARIA MAGALHÃES,AVANTE,Deputado Estadual,0,2018
0033,70156,EDNA GONÇALVES DA SILVA,AVANTE,Deputado Estadual,0,2018
0033,70170,RICARDO DA SILVA SAIBRO,AVANTE,Deputado Estadual,0,2018
0033,70176,KAMEL MURCHED,AVANTE,Deputado Estadual,0,2018
0033,70177,DANIEL RODRIGUES DE QUEIROZ JUNIOR,AVANTE,Deputado Estadual,0,2018
0033,70188,SIDNEY MATOS DE SOUZA,AVANTE,Deputado Estadual,0,2018
0033,70190,RUBENS CLAUDIO SIQUEIRA NERI,AVANTE,Deputado Estadual,5,2018
0033,70192,SANDRA DE OLIVEIRA SILVA,AVANTE,Deputado Estadual,0,2018
0033,70200,JOÃO CARLOS ANDRÉ,AVANTE,Deputado Estadual,0,2018
0033,70210,ANTÔNIO JOSÉ DE SOUZA SANTOS,AVANTE,Deputado Estadual,0,2018
0033,70222,REGINÉIA LEMES TAVARES,AVANTE,Deputado Estadual,0,2018
0033,70227,ERICA CRISTINA VIARO,AVANTE,Deputado Estadual,0,2018
0033,70234,FÁBIO SILVA MOREIRA,AVANTE,Deputado Estadual,1,2018
0033,70255,OTONIEL FERREIRA DE LIMA,AVANTE,Deputado Estadual,0,2018
0033,70270,MARCOS DE ARAÚJO HAGA,AVANTE,Deputado Estadual,0,2018
0033,70277,GERMANO VETTAS,AVANTE,Deputado Estadual,0,2018
0033,70300,CLAUDIO INÁCIO,AVANTE,Deputado Estadual,0,2018
0033,70321,ALMIR ROBERTO CICOTE,AVANTE,Deputado Estadual,0,2018
0033,70333,CRISTIANO GASPERINE,AVANTE,Deputado Estadual,0,2018
0033,70341,LUIZ CARLOS DOS ANJOS FREITAS,AVANTE,Deputado Estadual,0,2018
0033,70343,JOSÉ VALMIR MENDES DA SILVA,AVANTE,Deputado Estadual,0,2018
0033,70345,JOSÉ CARLOS DA SILVA,AVANTE,Deputado Estadual,0,2018
0033,70369,PAULO HENRIQUE COELHO MARBACK D OLIVEIRA,AVANTE,Deputado Estadual,1,2018
0033,70370,SALVADOR ALVES DOS SANTOS,AVANTE,Deputado Estadual,0,2018
0033,70389,CLAUDIO GOMES DE ARAUJO JUNIOR,AVANTE,Deputado Estadual,0,2018
0033,70400,ELIZEU MARTINS FELICIANO,AVANTE,Deputado Estadual,0,2018
0033,70432,EDNA FRANCISCO COSTA BEZERRA,AVANTE,Deputado Estadual,0,2018
0033,70440,JOSÉ DE SOUZA NOGUEIRA,AVANTE,Deputado Estadual,0,2018
0033,70444,SANDERSON RIBEIRO CORREIA DE LIMA,AVANTE,Deputado Estadual,1,2018
0033,70445,SUELY MARIA DE PAULO RODRIGUES,AVANTE,Deputado Estadual,0,2018
0033,70447,KEILA ZIBORDI MORAES CARVALHO,AVANTE,Deputado Estadual,0,2018
0033,70456,CLÉLIA GOMES DA SILVA,AVANTE,Deputado Estadual,16,2018
0033,70470,JÔNATAS TABORDA,AVANTE,Deputado Estadual,1,2018
0033,70500,ALESSANDRO PEREIRA DOS SANTOS,AVANTE,Deputado Estadual,2,2018
0033,70543,GIRLENE DO SOCORRO BARBOSA MAIA,AVANTE,Deputado Estadual,0,2018
0033,70555,CARLOS ALBERTO MARIANO,AVANTE,Deputado Estadual,0,2018
0033,70557,EDSON NEVES GALINDO,AVANTE,Deputado Estadual,1,2018
0033,70565,EDILEUSA MARIA ALVES DO NASCIMENTO,AVANTE,Deputado Estadual,0,2018
0033,70567,ISABEL SILVA GASPAR DE MORAIS,AVANTE,Deputado Estadual,0,2018
0033,70570,EDIVALDO APARECIDO CORREA,AVANTE,Deputado Estadual,0,2018
0033,70577,EXPEDITO CARLOS DE SOUZA,AVANTE,Deputado Estadual,40,2018
0033,70600,CARLOS ALBERTO DE ARRUDA,AVANTE,Deputado Estadual,0,2018
0033,70610,AXEL GUILHERME BATTISSACCO LUZ,AVANTE,Deputado Estadual,0,2018
0033,70642,ALESSANDRO AMORIM DE OLIVEIRA,AVANTE,Deputado Estadual,0,2018
0033,70648,IDEVAL FUENTE ALBA,AVANTE,Deputado Estadual,0,2018
0033,70654,GUNTHER SCHWEITZER,AVANTE,Deputado Estadual,0,2018
0033,70657,CLAUDIO VITORINO DA SILVA,AVANTE,Deputado Estadual,0,2018
0033,70667,IVAN ALVES FERREIRA,AVANTE,Deputado Estadual,0,2018
0033,70670,WALTER PEREIRA FERREIRA,AVANTE,Deputado Estadual,0,2018
0033,70677,JOSÉ LUIZ DE ALMEIDA,AVANTE,Deputado Estadual,0,2018
0033,70678,ANTONIO GOMES DA SILVA,AVANTE,Deputado Estadual,0,2018
0033,70700,DANIEL ALVES REQUEJO,AVANTE,Deputado Estadual,0,2018
0033,70707,ORIVALDO ROBERTO OLIVEIRA DA SILVA,AVANTE,Deputado Estadual,0,2018
0033,70717,JOSÉ FERNANDO APPEZZATO,AVANTE,Deputado Estadual,0,2018
0033,70720,JOICE APARECIDA GOMES DA CRUZ,AVANTE,Deputado Estadual,0,2018
0033,70727,LUCIANE MACHADO DA CUNHA SOUZA,AVANTE,Deputado Estadual,0,2018
0033,70730,LIDIANNE BATISTA FERNANDES,AVANTE,Deputado Estadual,0,2018
0033,70737,MICHELLE APARECIDA LAFAIETE CORRÊA DOS SANTOS,AVANTE,Deputado Estadual,0,2018
0033,70747,ELIETE DE MIRANDA MACHADO,AVANTE,Deputado Estadual,0,2018
0033,70753,MARCO ANTONIO DA SILVA EVARISTO,AVANTE,Deputado Estadual,0,2018
0033,70757,PAULA VIVIAN DE MORAES,AVANTE,Deputado Estadual,0,2018
0033,70767,PEDRO PAULO DIAS DE ANDRADE,AVANTE,Deputado Estadual,0,2018
0033,70770,CAMILO DE LELES FERNANDES,AVANTE,Deputado Estadual,0,2018
0033,70777,CAMILA PINTO DA SILVA,AVANTE,Deputado Estadual,2,2018
0033,70778,JEAN CARLOS HERZOGENRATH DE BRITO,AVANTE,Deputado Estadual,0,2018
0033,70787,MARCOS AURÉLIO MONTEMOR JUNIOR,AVANTE,Deputado Estadual,0,2018
0033,70789,MARCOS EDUARDO RODRIGUES,AVANTE,Deputado Estadual,0,2018
0033,70797,VALDEMIR SILVA FERREIRA,AVANTE,Deputado Estadual,0,2018
0033,70800,MIGUEL CARMINE GIANETTI NETTO,AVANTE,Deputado Estadual,0,2018
0033,70870,CARLOS BARBOSA GUIMARÃES SANTOS,AVANTE,Deputado Estadual,0,2018
0033,70877,ANDERSON JOSÉ FRANCISCO,AVANTE,Deputado Estadual,0,2018
0033,70888,BEIJOMAR GOMES DE OLIVEIRA,AVANTE,Deputado Estadual,1,2018
0033,70956,LUIZ HENRIQUE CORONADO DA PAZ,AVANTE,Deputado Estadual,0,2018
0033,70966,ROSEMARIO MARTINS BERNADINO,AVANTE,Deputado Estadual,0,2018
0033,70970,PAULO LUIS BATISTA,AVANTE,Deputado Estadual,0,2018
0033,70977,PAULO TADEU MARTINS JUSSIO,AVANTE,Deputado Estadual,0,2018
0033,70987,LUCINEIDE DA CONCEIÇÃO LIMA,AVANTE,Deputado Estadual,4,2018
0033,70999,LEONARDO ALVES RIBEIRO,AVANTE,Deputado Estadual,0,2018
0033,77001,ADEMIR DA PENHA CLEMENTE,SOLIDARIEDADE,Deputado Estadual,1,2018
0033,77002,SIDNEY LUIZ DA CRUZ,SOLIDARIEDADE,Deputado Estadual,1,2018
0033,77020,OSVALDO NUNES PEREIRA,SOLIDARIEDADE,Deputado Estadual,0,2018
0033,77021,VIVIAN ALBUQUERQUE SÁ,SOLIDARIEDADE,Deputado Estadual,3,2018
0033,77063,MARIA LUISA FRANCO DE GODOY,SOLIDARIEDADE,Deputado Estadual,0,2018
0033,77077,ANDRÉ LUIS PALADINO,SOLIDARIEDADE,Deputado Estadual,0,2018
0033,77100,TELMA REGINA DA CUNHA GOBBI FRANCISCHONE,SOLIDARIEDADE,Deputado Estadual,7,2018
0033,77111,GERALDO PEREIRA DE OLIVEIRA,SOLIDARIEDADE,Deputado Estadual,7,2018
0033,77112,VERA LÚCIA ROSA DIAS,SOLIDARIEDADE,Deputado Estadual,0,2018
0033,77118,JOSÉ SEBASTIÃO DE OLIVEIRA,SOLIDARIEDADE,Deputado Estadual,0,2018
0033,77121,WAGNER RIBEIRO GOMES,SOLIDARIEDADE,Deputado Estadual,0,2018
0033,77123,DAVID MARTINS DE CARVALHO,SOLIDARIEDADE,Deputado Estadual,2,2018
0033,77135,EDILSON FERREIRA,SOLIDARIEDADE,Deputado Estadual,0,2018
0033,77138,TANIA CRISTINA MARTINS SILVA,SOLIDARIEDADE,Deputado Estadual,0,2018
0033,77144,VERA LÚCIA DONDA SIMPLÍCIO BENTO,SOLIDARIEDADE,Deputado Estadual,0,2018
0033,77147,GEORGES HABIB JARROUGE,SOLIDARIEDADE,Deputado Estadual,6,2018
0033,77154,FLORISA BATISTA DE ALMEIDA,SOLIDARIEDADE,Deputado Estadual,0,2018
0033,77160,MANOEL DONIZETTI CONCEIÇÃO,SOLIDARIEDADE,Deputado Estadual,0,2018
0033,77170,BENJAMIM DOS SANTOS CARVALHO,SOLIDARIEDADE,Deputado Estadual,0,2018
0033,77177,MARCIA CARDOSO PINTO,SOLIDARIEDADE,Deputado Estadual,0,2018
0033,77178,GERALDO RODRIGUES DE SOUZA,SOLIDARIEDADE,Deputado Estadual,0,2018
0033,77192,NIVALDO LUIS RODRIGUES,SOLIDARIEDADE,Deputado Estadual,7,2018
0033,77222,CARLOS GARCIA BALADO,SOLIDARIEDADE,Deputado Estadual,0,2018
0033,77242,NAURA BATISTA FRANÇA,SOLIDARIEDADE,Deputado Estadual,0,2018
0033,77250,ARACI DE OLIVEIRA,SOLIDARIEDADE,Deputado Estadual,1,2018
0033,77300,MARCELO BENEDITO DE ARAUJO,SOLIDARIEDADE,Deputado Estadual,0,2018
0033,77345,JOSE ROBERTO MENDONÇA,SOLIDARIEDADE,Deputado Estadual,1,2018
0033,77377,SÔNIA MARIA ESTEVES DOS SANTOS SOUSA,SOLIDARIEDADE,Deputado Estadual,2,2018
0033,77381,SANDRA ROSANA JERÔNIMO DE FRANÇA,SOLIDARIEDADE,Deputado Estadual,0,2018
0033,77400,GLEYSON FARNEY LIMA DIAS,SOLIDARIEDADE,Deputado Estadual,0,2018
0033,77407,ISABEL CRISTINA VIEIRA,SOLIDARIEDADE,Deputado Estadual,0,2018
0033,77416,ROBSON DUARTE DA COSTA,SOLIDARIEDADE,Deputado Estadual,0,2018
0033,77500,IVANETE ANTONIA DA COSTA,SOLIDARIEDADE,Deputado Estadual,0,2018
0033,77688,JOÃO BATISTA SILVA,SOLIDARIEDADE,Deputado Estadual,0,2018
0033,77690,ALEXANDRE MARTINS RICCI,SOLIDARIEDADE,Deputado Estadual,1,2018
0033,77700,EDISON DIAS JUNIOR,SOLIDARIEDADE,Deputado Estadual,0,2018
0033,77747,CARLOS VICENTE DE OLIVEIRA,SOLIDARIEDADE,Deputado Estadual,5,2018
0033,77771,JAILSON TORRES MACARIO,SOLIDARIEDADE,Deputado Estadual,0,2018
0033,77775,WESLEY RENATO BRAMBILLA GRACINO DE OLIVEIRA,SOLIDARIEDADE,Deputado Estadual,0,2018
0033,77777,ALEXANDRE PEREIRA DA SILVA,SOLIDARIEDADE,Deputado Estadual,8,2018
0033,77787,JOSÉ VELOZO,SOLIDARIEDADE,Deputado Estadual,0,2018
0033,77877,CLODOALDO MACIEL FILHO,SOLIDARIEDADE,Deputado Estadual,1,2018
0033,77880,MARIA NILVA SEVERINO GONÇALVES,SOLIDARIEDADE,Deputado Estadual,0,2018
0033,77888,NIELTON CARVALHO DE MATOS,SOLIDARIEDADE,Deputado Estadual,0,2018
0033,77889,DINÁ MARIA FERREIRA,SOLIDARIEDADE,Deputado Estadual,0,2018
0033,77890,JOSE DE AMORIM OLIVEIRA,SOLIDARIEDADE,Deputado Estadual,0,2018
0033,77900,DIEGO RODRIGO NEVES MAGALHÃES,SOLIDARIEDADE,Deputado Estadual,1,2018
0033,77987,ALINE MARIA DE MOURA,SOLIDARIEDADE,Deputado Estadual,1,2018
0033,77999,DENIZE JUNQUEIRA DE LIMA,SOLIDARIEDADE,Deputado Estadual,1,2018
0033,90000,IOANNIS EVANGELOS KATSAKIS,PROS,Deputado Estadual,1,2018
0033,90001,JOSELITO DE SOUSA LIMA,PROS,Deputado Estadual,1,2018
0033,90002,MARCELO PENHA DE SOUZA FERRAZ,PROS,Deputado Estadual,18,2018
0033,90003,ILMAR CÉSAR CAVALCANTI MUNIZ,PROS,Deputado Estadual,0,2018
0033,90004,SUELI HELENA RODRIGUES,PROS,Deputado Estadual,2,2018
0033,90006,ROSÂNGELA APARECIDA DE LIMA,PROS,Deputado Estadual,0,2018
0033,90009,LUCELENE LOPES,PROS,Deputado Estadual,1,2018
0033,90010,ELIANE MARESCALCHI BRITO,PROS,Deputado Estadual,0,2018
0033,90011,MARIA CRISTINA DE PAULA LEITE GOUVÊA,PROS,Deputado Estadual,0,2018
0033,90012,EDUARDO FERREIRA,PROS,Deputado Estadual,0,2018
0033,90013,JULIO HENRIQUE FLORENCIO DE MELO,PROS,Deputado Estadual,0,2018
0033,90015,GILBERTO PEREIRA DOS SANTOS,PROS,Deputado Estadual,0,2018
0033,90016,LUCAS DE FARIA NERY DANIEL,PROS,Deputado Estadual,0,2018
0033,90018,PEDRO APARECIDO TONETTI,PROS,Deputado Estadual,2,2018
0033,90019,AILTON JOSE DA SILVA,PROS,Deputado Estadual,1,2018
0033,90020,MARCOS GALESI,PROS,Deputado Estadual,0,2018
0033,90021,RUBENS MOREIRA DA SILVA,PROS,Deputado Estadual,0,2018
0033,90022,ALESSANDRA MATOS,PROS,Deputado Estadual,1,2018
0033,90024,BRAZ ANASTACIO DA SILVA,PROS,Deputado Estadual,0,2018
0033,90033,ANA MARIA SOUZA GONÇALVES,PROS,Deputado Estadual,0,2018
0033,90038,MAURICIO TEIXEIRA ALVES,PROS,Deputado Estadual,0,2018
0033,90040,APARECIDO SOUZA SANTOS,PROS,Deputado Estadual,157,2018
0033,90044,REGIANE MARA VEIGA ALONSO,PROS,Deputado Estadual,0,2018
0033,90045,VALQUIRIA ALVES MOREIRA,PROS,Deputado Estadual,0,2018
0033,90050,MARCOS CORREA,PROS,Deputado Estadual,0,2018
0033,90051,MARIA GORETTI AGUIAR ALENCAR,PROS,Deputado Estadual,0,2018
0033,90053,EVANDRO GIORA,PROS,Deputado Estadual,0,2018
0033,90068,SILVIO CEZAR FERRAIOLI,PROS,Deputado Estadual,0,2018
0033,90077,ANDREIA SANTINA CAPATTO,PROS,Deputado Estadual,0,2018
0033,90086,CAMILA CORREA TOLEDO,PROS,Deputado Estadual,1,2018
0033,90090,VALDENICE ANCELMO SOARES,PROS,Deputado Estadual,1,2018
0033,90095,EVERALDO JOSÉ DA SILVA,PROS,Deputado Estadual,0,2018
0033,90100,VALDEMIR SARTORI DA SILVA,PROS,Deputado Estadual,0,2018
0033,90107,EURICO GONÇALVES FILHO,PROS,Deputado Estadual,0,2018
0033,90110,MARCIO DOS SANTOS RODRIGUES,PROS,Deputado Estadual,0,2018
0033,90111,ANTONIO RODRIGUES DE SOUSA,PROS,Deputado Estadual,0,2018
0033,90112,JOSE BRITO CAVALCANTE FILHO,PROS,Deputado Estadual,0,2018
0033,90113,ROSEMEIRE RIBEIRO CASTILHO,PROS,Deputado Estadual,0,2018
0033,90115,ELIZABETH DUTRA DA SILVA,PROS,Deputado Estadual,0,2018
0033,90120,JOSÉ ALECXANDRO DA SILVA,PROS,Deputado Estadual,0,2018
0033,90121,RUTE SATIKO VIEIRA RIBEIRO,PROS,Deputado Estadual,0,2018
0033,90123,EZEQUIEL DE SOUZA DAMASCENO,PROS,Deputado Estadual,0,2018
0033,90128,DENIS AMBROSIO DA SILVA,PROS,Deputado Estadual,0,2018
0033,90130,EDNEI PROCÓPIO DOS SANTOS,PROS,Deputado Estadual,0,2018
0033,90131,ANTONIO MARCOS GOMES SENA,PROS,Deputado Estadual,0,2018
0033,90139,FLAVIO LOPES ALVES,PROS,Deputado Estadual,0,2018
0033,90144,JOSE ANTONIO DOS SANTOS,PROS,Deputado Estadual,1,2018
0033,90147,FLAVIO LUIZ EUGENIO BASTOS,PROS,Deputado Estadual,0,2018
0033,90158,RITA DE CASSIA DA SILVA VASCONCELOS,PROS,Deputado Estadual,0,2018
0033,90177,WILLAMS ALVES DA SILVA,PROS,Deputado Estadual,0,2018
0033,90181,ANTONIO CARLOS RENOR,PROS,Deputado Estadual,0,2018
0033,90188,LEANDRO LEME CAMARGO,PROS,Deputado Estadual,0,2018
0033,90190,ADRIANA SANCHES GALDEANO BORGO,PROS,Deputado Estadual,78,2018
0033,90192,FABIANO JOSE SANTOS LOURENÇO,PROS,Deputado Estadual,0,2018
0033,90193,GALENO ROSA,PROS,Deputado Estadual,0,2018
0033,90194,ANDRÉA MARIA DOS SANTOS,PROS,Deputado Estadual,1,2018
0033,90198,MARCIAL MARAJA MARCELINO,PROS,Deputado Estadual,1,2018
0033,90200,JOSE GARRIS DEL VALLE,PROS,Deputado Estadual,0,2018
0033,90204,LOURDES GENEROSO,PROS,Deputado Estadual,0,2018
0033,90211,VALDECIR MOREIRA DE BRITO,PROS,Deputado Estadual,0,2018
0033,90217,MARCOS DE AZEVEDO CARNEIRO,PROS,Deputado Estadual,0,2018
0033,90221,ANTONIO CARLOS PEREIRA DA SILVA,PROS,Deputado Estadual,0,2018
0033,90222,MARCELO PEREIRA GUIDIO,PROS,Deputado Estadual,0,2018
0033,90233,JOSE ROBERTO BEILSTREIN,PROS,Deputado Estadual,2,2018
0033,90235,EDSON FERRARINI,PROS,Deputado Estadual,6,2018
0033,90247,DÉBORA CRISTINA DA MOTA,PROS,Deputado Estadual,0,2018
0033,90281,ANDERSON OLIVEIRA DA SILVA,PROS,Deputado Estadual,0,2018
0033,90290,LUCIANA APARECIDA FRAGOSO DA SILVA,PROS,Deputado Estadual,0,2018
0033,90300,JOSE GOMES DE OLIVEIRA NETO,PROS,Deputado Estadual,0,2018
0033,90304,JOSEFA ALVES LEITE DOS SANTOS,PROS,Deputado Estadual,0,2018
0033,90312,WELINGTON ZACARIAS TISANO,PROS,Deputado Estadual,0,2018
0033,90321,BENEDITO AUGUSTO DOS SANTOS,PROS,Deputado Estadual,0,2018
0033,90322,GIVALDO JOSE DA SILVA,PROS,Deputado Estadual,1,2018
0033,90333,ROBERTO BASTOS DE OLIVEIRA JUNIOR,PROS,Deputado Estadual,0,2018
0033,90336,LUCAS JULIANO SUSCO,PROS,Deputado Estadual,1,2018
0033,90345,DAVID SANTANA DA SILVA,PROS,Deputado Estadual,1,2018
0033,90350,MARCELO DA SILVA,PROS,Deputado Estadual,0,2018
0033,90357,WALDMIRIAN WELLNER CRUZ,PROS,Deputado Estadual,0,2018
0033,90366,NELSON VALVERDE DIAS,PROS,Deputado Estadual,0,2018
0033,90367,EDNA APARECIDA DOS SANTOS,PROS,Deputado Estadual,0,2018
0033,90375,GILVAN APARECIDO FERNANDES ASNAR,PROS,Deputado Estadual,0,2018
0033,90378,GISLENE MEIRELES DOS SANTOS,PROS,Deputado Estadual,0,2018
0033,90390,RENATO DA SILVA,PROS,Deputado Estadual,0,2018
0033,90400,FATIMA APARECIDA FERREIRA,PROS,Deputado Estadual,1,2018
0033,90417,FABIO NASCIMENTO DE LIMA,PROS,Deputado Estadual,0,2018
0033,90420,ALESSANDRA MARTINS GONÇALVES,PROS,Deputado Estadual,2,2018
0033,90432,ELIFAS EUPHRASIO,PROS,Deputado Estadual,0,2018
0033,90440,DANIEL GIROTTO,PROS,Deputado Estadual,10,2018
0033,90444,VIRGINIA DE JESUS GONZALEZ,PROS,Deputado Estadual,0,2018
0033,90450,ROBSON DE OLIVEIRA,PROS,Deputado Estadual,0,2018
0033,90451,HARLEY HECTOR VICENTE,PROS,Deputado Estadual,0,2018
0033,90456,CARLOS HENRIQUE DOS SANTOS,PROS,Deputado Estadual,0,2018
0033,90457,SERGIO FORNAZARI,PROS,Deputado Estadual,0,2018
0033,90497,FABIOLA CARDI,PROS,Deputado Estadual,0,2018
0033,90500,SALOMAO PEREIRA DA SILVA,PROS,Deputado Estadual,1,2018
0033,90501,ALEXSSANDER DE OLIVEIRA,PROS,Deputado Estadual,0,2018
0033,90508,BENEDITA SUELI DE TOLEDO DIAS,PROS,Deputado Estadual,0,2018
0033,90511,KLEBER ADELIPIO BARROS SANTOS,PROS,Deputado Estadual,0,2018
0033,90523,CÉLIA BRITO GARCIA,PROS,Deputado Estadual,0,2018
0033,90531,MARIA DAS NEVES SILVA DE JESUS,PROS,Deputado Estadual,0,2018
0033,90543,MARCOS DE AZEVEDO,PROS,Deputado Estadual,0,2018
0033,90545,JOAQUIM GRACA NETO,PROS,Deputado Estadual,0,2018
0033,90550,BENEDITA DE CAMARGO,PROS,Deputado Estadual,0,2018
0033,90555,LERYANE MARQUES DE ARAUJO BLASZKOWSKI,PROS,Deputado Estadual,5,2018
0033,90567,CICERO FLORIANO PIRES ALVES,PROS,Deputado Estadual,0,2018
0033,90600,REGINALDO APARECIDO BATISTA,PROS,Deputado Estadual,0,2018
0033,90620,AMARO XIMENES DE MELO,PROS,Deputado Estadual,0,2018
0033,90633,LEANDRO VALDO DE ALMEIDA LIMA,PROS,Deputado Estadual,0,2018
0033,90666,HAMILTON ALVES FERNANDES,PROS,Deputado Estadual,0,2018
0033,90687,RUTH MARCELINA CAETANO UGUCIONE,PROS,Deputado Estadual,0,2018
0033,90690,SEBASTIAO CARLOS DA SILVA,PROS,Deputado Estadual,0,2018
0033,90693,VALDINEI FELIX DOS SANTOS,PROS,Deputado Estadual,2,2018
0033,90699,CRISTIANO PINTO FERREIRA,PROS,Deputado Estadual,0,2018
0033,90700,IDERNANI GOMES DO CARMO,PROS,Deputado Estadual,0,2018
0033,90741,GERSON DA CUNHA,PROS,Deputado Estadual,0,2018
0033,90764,ANDREA DUL,PROS,Deputado Estadual,0,2018
0033,90765,MARCOS ANTONIO PEREIRA DA SILVA,PROS,Deputado Estadual,0,2018
0033,90773,ALEX PAULO,PROS,Deputado Estadual,0,2018
0033,90777,MONICA BERBEL ROCHA,PROS,Deputado Estadual,0,2018
0033,90789,CELSO DE SOUZA FILHO,PROS,Deputado Estadual,0,2018
0033,90790,ADEILDO REIS DOS SANTOS,PROS,Deputado Estadual,2,2018
0033,90810,JOSE IDAILSON PEREIRA DOS SANTOS,PROS,Deputado Estadual,0,2018
0033,90822,HERALDO LOPES GUIMARÃES,PROS,Deputado Estadual,2,2018
0033,90852,CARLOS ALBERTO FIGUEIREDO SANTANA,PROS,Deputado Estadual,0,2018
0033,90888,WALDIR JOSE SCHIAVON JUNIOR,PROS,Deputado Estadual,1,2018
0033,90890,JEFFERSON RIPI DA SILVA,PROS,Deputado Estadual,0,2018
0033,90900,EDUARDO LUIZ GREGORIO,PROS,Deputado Estadual,2,2018
0033,90902,IDEVANIR ARCANJO DE SOUZA,PROS,Deputado Estadual,1,2018
0033,90909,JOSEFA CONCEICAO OLIVEIRA SILVA LABELA,PROS,Deputado Estadual,0,2018
0033,90910,GILSON APARECIDO ZANLUCHI,PROS,Deputado Estadual,0,2018
0033,90911,ROGÉRIO VALDECI DE LIMA,PROS,Deputado Estadual,0,2018
0033,90922,IRANILDO DANTAS,PROS,Deputado Estadual,0,2018
0033,90951,JULIANA GARCIA LORENCETTI,PROS,Deputado Estadual,0,2018
0033,90971,MARIA EVANGELISTA GOMES BATISTA,PROS,Deputado Estadual,0,2018
0033,90977,GIOVANI CORREIA DOS SANTOS,PROS,Deputado Estadual,0,2018
0033,90987,FABIO DO CARMO SANTOS,PROS,Deputado Estadual,0,2018
0033,90990,RICARDO LEITE,PROS,Deputado Estadual,1,2018
0033,90996,ISABEL CRISTINA DA SILVA CALDERONE,PROS,Deputado Estadual,0,2018
0033,90999,GIRLÊNIO GOMES DE OLIVEIRA,PROS,Deputado Estadual,2,2018
0274,10000,JORGE WILSON GONÇALVES DE MATTOS,PRB,Deputado Estadual,175,2018
0274,10005,MARCIA ROZANA FIDELIS,PRB,Deputado Estadual,0,2018
0274,10012,ONANCIARA RODRIGUES FERNANDEZ,PRB,Deputado Estadual,0,2018
0274,10100,AILDO RODRIGUES FERREIRA,PRB,Deputado Estadual,0,2018
0274,10101,HÉLIO APARECIDO DE GODOY,PRB,Deputado Estadual,0,2018
0274,10111,WELLINGTON DE SOUZA MOURA,PRB,Deputado Estadual,4,2018
0274,10123,GILMACI DOS SANTOS BARBOSA,PRB,Deputado Estadual,874,2018
0274,10133,JOSÉ DOMINGOS BITTENCOURT,PRB,Deputado Estadual,4,2018
0274,10148,SILVIA CRISTINA ASPRINO SOARES,PRB,Deputado Estadual,0,2018
0274,10190,DAVID SEVERINO DA SILVA JUNIOR,PRB,Deputado Estadual,0,2018
0274,10200,ELIAS REZEK AJUB,PRB,Deputado Estadual,2,2018
0274,10300,LUCIANA GISELE DE OLIVEIRA ALVES DA SILVA,PRB,Deputado Estadual,1,2018
0274,10321,SEBASTIÃO DOS SANTOS FILHO,PRB,Deputado Estadual,2,2018
0274,10333,ALTAIR MORAES DE OLIVEIRA,PRB,Deputado Estadual,10,2018
0274,10444,MARCO AURÉLIO PEGOLO DOS SANTOS,PRB,Deputado Estadual,3,2018
0274,10456,EDNA BEZERRA SAMPAIO FERNANDES,PRB,Deputado Estadual,12,2018
0274,10500,MARCOS COUTO DOS SANTOS,PRB,Deputado Estadual,0,2018
0274,10555,MÁRCIO JOSÉ DE OLIVEIRA,PRB,Deputado Estadual,1,2018
0274,10600,WILLIAM NUNES AFFONSO,PRB,Deputado Estadual,0,2018
0274,10777,VALÉRIA APARECIDA MESSIAS LIMA,PRB,Deputado Estadual,26,2018
0274,10789,DAYANI APARECIDA ESCROQUE,PRB,Deputado Estadual,0,2018
0274,10900,VESPASIANO SAULO DA COSTA E SILVA,PRB,Deputado Estadual,0,2018
0274,10999,FRANCISCO JOSÉ LANG FERNANDES DE OLIVEIRA,PRB,Deputado Estadual,18,2018
0274,11000,KENNY PIRES MENDES,PP,Deputado Estadual,30,2018
0274,11011,EDUARDO BOIGUES QUEROZ,PP,Deputado Estadual,16,2018
0274,11012,VITO ARDITO LERÁRIO,PP,Deputado Estadual,0,2018
0274,11023,EDUARDO VIEIRA PETROV,PP,Deputado Estadual,1,2018
0274,11057,MARTA DE PAULA TEIXEIRA DI PIPI,PP,Deputado Estadual,0,2018
0274,11111,ANTONIO CARLOS ESPER CURIATI,PP,Deputado Estadual,37,2018
0274,11123,ALESSANDRA REGINA BEGALLI ZAMORA,PP,Deputado Estadual,386,2018
0274,11138,ROBERVAL CONTE LOPES LIMA,PP,Deputado Estadual,187,2018
0274,11190,PAULO ADRIANO LOPES LUCINDA TELHADA,PP,Deputado Estadual,559,2018
0274,11200,EDUARDO ROZ,PP,Deputado Estadual,36,2018
0274,11222,FABIO SARTORI MANFRINATO,PP,Deputado Estadual,6,2018
0274,11258,MARCIO APARECIDO MARTINS,PP,Deputado Estadual,2,2018
0274,11650,PAULO ROBERTO CECCHINATO,PP,Deputado Estadual,0,2018
0274,11777,ANTONIO ASSUNÇÃO DE OLIM,PP,Deputado Estadual,443,2018
0274,12000,GABRIEL CASSIANO CARVALHO NEVES FINZETTO,PDT,Deputado Estadual,26,2018
0274,12001,SOLANGE MARIA TEODORO,PDT,Deputado Estadual,0,2018
0274,12007,ROBSON APARECIDO PRIMO,PDT,Deputado Estadual,32,2018
0274,12011,ALEXANDRIA BUENO DA SILVA,PDT,Deputado Estadual,8,2018
0274,12012,MARINA LUIZA RODRIGUES MOLINA LOPES,PDT,Deputado Estadual,74,2018
0274,12022,RONALDO FLORIDO DE OLIVEIRA,PDT,Deputado Estadual,0,2018
0274,12051,RIVALDO APARECIDO DE OLIVEIRA,PDT,Deputado Estadual,0,2018
0274,12066,MAISA CARMAGNANI MESSIAS,PDT,Deputado Estadual,0,2018
0274,12077,RITA DE CASSIA SOUSA SANTOS,PDT,Deputado Estadual,1,2018
0274,12081,AUGUSTO CESAR CORREA NETO,PDT,Deputado Estadual,1,2018
0274,12091,VERA LUCIA RIBEIRO DOS REIS MORENO,PDT,Deputado Estadual,0,2018
0274,12100,DIMAS DE PAULA INACIO,PDT,Deputado Estadual,2,2018
0274,12111,SERGIO RICARDO GONÇALVES DA SILVA,PDT,Deputado Estadual,1,2018
0274,12113,OSMAR VILELA DOS SANTOS,PDT,Deputado Estadual,0,2018
0274,12118,ALEXANDRE REGINATO ACEDO,PDT,Deputado Estadual,10,2018
0274,12120,DILSON FRANCISCO FLORIANO,PDT,Deputado Estadual,3,2018
0274,12121,MARLI SILVA PEREIRA,PDT,Deputado Estadual,3,2018
0274,12122,ARI FRIEDENBACH,PDT,Deputado Estadual,10,2018
0274,12123,LUIZ DE MOURA PEREIRA,PDT,Deputado Estadual,17,2018
0274,12133,LUIZ VICENTE DA SILVA,PDT,Deputado Estadual,0,2018
0274,12177,GILVAN SANTOS SOUZA FILHO,PDT,Deputado Estadual,0,2018
0274,12181,JAAZIEL BISPO DOS SANTOS,PDT,Deputado Estadual,0,2018
0274,12190,APARECIDO CARLOS LEANDRO,PDT,Deputado Estadual,3,2018
0274,12193,GENILDO DANTAS DA SILVA,PDT,Deputado Estadual,0,2018
0274,12200,FRANCISCO CARLOS SILVEIRA LEITE,PDT,Deputado Estadual,4,2018
0274,12221,REGIA MARIA GOUVEIA SARMENTO,PDT,Deputado Estadual,1,2018
0274,12222,LUIZ EDUARDO ALMANÇA,PDT,Deputado Estadual,17,2018
0274,12258,ISMAEL DANTAS DE AMORIM FILHO,PDT,Deputado Estadual,0,2018
0274,12292,RUTHINEA DE CARVALHO,PDT,Deputado Estadual,0,2018
0274,12300,CLAUDIA APARECIDA BELTRAN DOS SANTOS,PDT,Deputado Estadual,2,2018
0274,12312,MARCIA APARECIDA MENDES,PDT,Deputado Estadual,4,2018
0274,12321,PEDRO ANTONIO BIGARDI,PDT,Deputado Estadual,12,2018
0274,12333,VALDOMIRO NUNES DE QUEIROS,PDT,Deputado Estadual,5,2018
0274,12340,JOSE SEBASTIAO FILHO,PDT,Deputado Estadual,0,2018
0274,12345,MARCIO MASSAMI NAKASHIMA,PDT,Deputado Estadual,57,2018
0274,12348,SERGIO LUIZ FARAUDE,PDT,Deputado Estadual,0,2018
0274,12360,UÉBER DEIVIDI DA SILVA,PDT,Deputado Estadual,0,2018
0274,12412,JOSUÉ BRIZOLA,PDT,Deputado Estadual,2,2018
0274,12424,MAHAYANA TACCARI,PDT,Deputado Estadual,1,2018
0274,12444,AGAMENON ALVES DA SILVA,PDT,Deputado Estadual,12,2018
0274,12446,ANA CRISTINA AUGUSTA DA SILVA ENCARNAÇÃO,PDT,Deputado Estadual,6,2018
0274,12450,ELIENE DA SILVA SANTOS,PDT,Deputado Estadual,0,2018
0274,12456,DIOGENES BRANCO DE ANDRADE,PDT,Deputado Estadual,6,2018
0274,12468,SIMONE APARECIDA FERREIRA,PDT,Deputado Estadual,0,2018
0274,12491,THIAGO DE LUCA SANT ANA RIBEIRO,PDT,Deputado Estadual,4,2018
0274,12500,JOSÉ DE PAULA SANTOS,PDT,Deputado Estadual,0,2018
0274,12512,VAGNER APARECIDO MALHEIROS,PDT,Deputado Estadual,2,2018
0274,12567,ANTONIO COSTA,PDT,Deputado Estadual,2,2018
0274,12569,SALVADOR RODRIGUES DE SOUZA,PDT,Deputado Estadual,0,2018
0274,12611,CAMILA VERONICA SPERANDIO DE ALMEIDA,PDT,Deputado Estadual,2,2018
0274,12612,LIZETE MARIA CORREA VALLEJO MORALES,PDT,Deputado Estadual,1,2018
0274,12622,SANDRA MARIA DOS SANTOS,PDT,Deputado Estadual,2,2018
0274,12628,CINTIA APARECIDA DE MATOS,PDT,Deputado Estadual,1,2018
0274,12640,JOSÉ MARCIO DE SOUZA CANDIDO,PDT,Deputado Estadual,5,2018
0274,12689,PAULO VICTOR NOVAES,PDT,Deputado Estadual,0,2018
0274,12712,HERNANI JOSÉ BARRETO DA SILVA,PDT,Deputado Estadual,0,2018
0274,12767,STELLA TAVARES MACHADO,PDT,Deputado Estadual,8,2018
0274,12777,THYAGO CEZAR,PDT,Deputado Estadual,4,2018
0274,12789,PAULO ALVES PEREIRA,PDT,Deputado Estadual,0,2018
0274,12800,MIGUEL FRANCISCO DE LIMA,PDT,Deputado Estadual,1,2018
0274,12812,ALLAN RODRIGO ALVES,PDT,Deputado Estadual,7,2018
0274,12900,MANOEL JOSÉ DE ALENCAR FILHO,PDT,Deputado Estadual,0,2018
0274,12999,ADENILSON APARECIDO BARBOSA,PDT,Deputado Estadual,0,2018
0274,13001,PEDRO TOURINHO DE SIQUEIRA,PT,Deputado Estadual,1635,2018
0274,13002,ANTONIO AUGUSTO PORTO,PT,Deputado Estadual,2,2018
0274,13003,ANA LIDIA DE OLIVEIRA AGUIAR,PT,Deputado Estadual,38,2018
0274,13005,NOEMIA BENTO DE OLIVEIRA,PT,Deputado Estadual,1,2018
0274,13007,EDIVALDO DE OLIVEIRA LIMA,PT,Deputado Estadual,1,2018
0274,13008,JOAQUIM MISAEL DA SILVA,PT,Deputado Estadual,1,2018
0274,13009,VALQUIRIA JUSTINO,PT,Deputado Estadual,4,2018
0274,13011,MARIO MAURICI DE LIMA MORAIS,PT,Deputado Estadual,14,2018
0274,13015,CLAUDILSON LEITE PEREIRA,PT,Deputado Estadual,1,2018
0274,13016,ROBERTO SAMPAIO GÂNDARA JÚNIOR,PT,Deputado Estadual,2,2018
0274,13021,SIMONE DINIZ DI STADIO DE ARAUJO,PT,Deputado Estadual,5,2018
0274,13066,ADELIA OLIVEIRA DE FARIAS,PT,Deputado Estadual,47,2018
0274,13068,MARCELO PEDROSO DE OLIVEIRA,PT,Deputado Estadual,0,2018
0274,13090,WANDA DE OLIVEIRA FERREIRA,PT,Deputado Estadual,5,2018
0274,13100,GARRY DERALUS,PT,Deputado Estadual,2,2018
0274,13110,TEONILIO MONTEIRO DA COSTA,PT,Deputado Estadual,3,2018
0274,13111,NORMANDO COSTA DE ANDRADE FILHO,PT,Deputado Estadual,4,2018
0274,13113,MARCIA APARECIDA OVEJANEDA LIA,PT,Deputado Estadual,16,2018
0274,13114,ENIO FRANCISCO TATTO,PT,Deputado Estadual,10,2018
0274,13116,NORMACI SOUSA SAMPAIO,PT,Deputado Estadual,0,2018
0274,13119,MARIA DOS ANJOS SOARES MIRANDA,PT,Deputado Estadual,1,2018
0274,13121,EUGENIO SAID,PT,Deputado Estadual,9,2018
0274,13122,JOSÉ CARLOS DE AQUINO,PT,Deputado Estadual,2,2018
0274,13123,MARIA IZABEL AZEVEDO NORONHA,PT,Deputado Estadual,132,2018
0274,13124,MARIA IZABEL BEZERRA DE SÁ,PT,Deputado Estadual,5,2018
0274,13131,EMIDIO PEREIRA DE SOUZA,PT,Deputado Estadual,26,2018
0274,13133,ALEX SANDRO GOMES,PT,Deputado Estadual,11,2018
0274,13134,LUIZ FERNANDO TEIXEIRA FERREIRA,PT,Deputado Estadual,7,2018
0274,13136,CÁSSIA APARECIDA JACINTHO LACERDA,PT,Deputado Estadual,1,2018
0274,13138,EDINALVA SILVA FRANCO,PT,Deputado Estadual,1,2018
0274,13139,SERGIO RIBEIRO SILVA,PT,Deputado Estadual,5,2018
0274,13140,JOSE AMERICO ASCENCIO DIAS,PT,Deputado Estadual,10,2018
0274,13147,GERALDO LEITE DA CRUZ,PT,Deputado Estadual,5,2018
0274,13192,ANTONIO ROBERTO DE SOUZA,PT,Deputado Estadual,0,2018
0274,13199,ANTONIO MENTOR DE MELLO SOBRINHO,PT,Deputado Estadual,60,2018
0274,13200,WAGNER OCIMAR BALIEIRO,PT,Deputado Estadual,4,2018
0274,13213,SIDNEI LUIZ MENESES ROSA,PT,Deputado Estadual,2,2018
0274,13222,ADRIANO DIOGO,PT,Deputado Estadual,26,2018
0274,13223,JOZY ELLEN DIAS SOUZA DE LEMOS,PT,Deputado Estadual,0,2018
0274,13232,JUCIMÁRIO GALDINO BARBOSA,PT,Deputado Estadual,0,2018
0274,13249,ELENITA DO CARMO OLIVEIRA MARTINS,PT,Deputado Estadual,1,2018
0274,13290,HAMILTON PEREIRA,PT,Deputado Estadual,3,2018
0274,13300,CLAUDIO MARQUES DA SILVA,PT,Deputado Estadual,7,2018
0274,13310,LUIZ CLAUDIO MARCOLINO,PT,Deputado Estadual,15,2018
0274,13313,RENATO MORENI AIRES DA SILVA,PT,Deputado Estadual,3,2018
0274,13321,HERIVELTO DOS SANTOS MORAES,PT,Deputado Estadual,1,2018
0274,13331,RAIMUNDO BERNARDINO DO NASCIMENTO,PT,Deputado Estadual,2,2018
0274,13333,ROBERTA MOREIRA LUCHSINGER,PT,Deputado Estadual,17,2018
0274,13356,MOHAMAD SAMI EL KADRI,PT,Deputado Estadual,1,2018
0274,13367,AILTON FRANCISCO CABRAL,PT,Deputado Estadual,1,2018
0274,13410,MARLEIDE SOARES DA SILVA,PT,Deputado Estadual,0,2018
0274,13444,JOÃO BATISTA PINHEIRO SANTOS FILHO,PT,Deputado Estadual,1,2018
0274,13456,ELISABETH SAHÃO,PT,Deputado Estadual,19,2018
0274,13500,LUZIA JOSÉ DOS SANTOS VECCHIATTI,PT,Deputado Estadual,7,2018
0274,13513,ALOISIO GAMA DE SANTANA,PT,Deputado Estadual,0,2018
0274,13555,SIMÃO PEDRO CHIOVETTI,PT,Deputado Estadual,16,2018
0274,13560,LUIZ FERNANDO STOPPA,PT,Deputado Estadual,1,2018
0274,13562,MIRLEI ANTONIO CASALE,PT,Deputado Estadual,5,2018
0274,13565,MARIA DA PENHA SOUZA,PT,Deputado Estadual,0,2018
0274,13570,ALESSANDRA TRINDADE SHIMOMOTO,PT,Deputado Estadual,15,2018
0274,13578,EDILEIDI CANETE RAMOS,PT,Deputado Estadual,0,2018
0274,13587,DEUSDETE ALVES DE ASSUNÇÃO,PT,Deputado Estadual,0,2018
0274,13613,PAULO ROBERTO FIORILO,PT,Deputado Estadual,0,2018
0274,13633,AGNELO DA SILVA MATOS NETO,PT,Deputado Estadual,2,2018
0274,13640,VERA LÚCIA RODRIGUES DE FARIA,PT,Deputado Estadual,126,2018
0274,13644,RENATO BISPO CAROBA,PT,Deputado Estadual,1,2018
0274,13666,ANDRÉ LUIZ COSTA DE OLIVEIRA,PT,Deputado Estadual,2,2018
0274,13670,EDMILSON SOUZA SANTOS,PT,Deputado Estadual,0,2018
0274,13678,ROSA MARIA CHIQUETTO,PT,Deputado Estadual,1,2018
0274,13688,ENI FERNANDES,PT,Deputado Estadual,1,2018
0274,13690,LUIZ MARTINO TURCO,PT,Deputado Estadual,0,2018
0274,13696,ALEXANDRE BREVIGLIERI ALVES CASTILHO,PT,Deputado Estadual,40,2018
0274,13707,ABDAEL AMBRUSTER,PT,Deputado Estadual,0,2018
0274,13711,ORLANDO MAURÍCIO JÚNIOR,PT,Deputado Estadual,2,2018
0274,13713,FABIANO GREGÓRIO,PT,Deputado Estadual,0,2018
0274,13741,TELMA FORTUNATO DA SILVA SANT ANNA,PT,Deputado Estadual,0,2018
0274,13770,ANGELA CAMARGO SPINELI,PT,Deputado Estadual,8,2018
0274,13777,CLAUDIO APARECIDO DA SILVA,PT,Deputado Estadual,8,2018
0274,13778,PEDRO FELIPE JACYNTHO DOS SANTOS,PT,Deputado Estadual,0,2018
0274,13789,MARCELO SAMUEL DA COSTA,PT,Deputado Estadual,2,2018
0274,13800,JORGE DO CARMO SILVA,PT,Deputado Estadual,1,2018
0274,13813,RENATO SIMOES,PT,Deputado Estadual,782,2018
0274,13888,JOSILDA DE ARAÚJO CABRAL DO NASCIMENTO,PT,Deputado Estadual,2,2018
0274,13890,EDSON PEREIRA CAMPOS,PT,Deputado Estadual,0,2018
0274,13900,EDISON LUÍS ALVES,PT,Deputado Estadual,1,2018
0274,13913,CÁSSIA GONÇALVES DE JESUS,PT,Deputado Estadual,0,2018
0274,13933,EDUARDO DIAS DA CUNHA,PT,Deputado Estadual,2,2018
0274,13999,CARLOS ALBERTO PLETZ NEDER,PT,Deputado Estadual,59,2018
0274,14007,ALESSANDRO RIOS CONFORTI,PTB,Deputado Estadual,1,2018
0274,14014,WELINGTON APARECIDO ALFREDO,PTB,Deputado Estadual,0,2018
0274,14040,RICARDO MANOEL DE ALMEIDA,PTB,Deputado Estadual,8,2018
0274,14045,LUCIMAR FREIRE DE ALMEIDA SILVA,PTB,Deputado Estadual,1,2018
0274,14100,MARINISIA TUROLI FERNANDES DA SILVA,PTB,Deputado Estadual,0,2018
0274,14111,EDILSON GUARNIERI,PTB,Deputado Estadual,15,2018
0274,14123,JOSE NERIVAN DA SILVA,PTB,Deputado Estadual,1,2018
0274,14140,ANTONIO CARLOS DE CAMPOS MACHADO,PTB,Deputado Estadual,87,2018
0274,14145,MARIA TERESA DA SILVA LATTARI,PTB,Deputado Estadual,0,2018
0274,14160,ROQUE BARBIERE,PTB,Deputado Estadual,29,2018
0274,14190,MARCOS ROGERIO MANTEIGA,PTB,Deputado Estadual,6,2018
0274,14222,ERICA VANESSA MANTOVANI,PTB,Deputado Estadual,2,2018
0274,14234,CARLOS BRUMER RODRIGUES,PTB,Deputado Estadual,1,2018
0274,14333,JONAS FERNANDES CASTRO,PTB,Deputado Estadual,0,2018
0274,14340,CAROLINE DO AMPARO CERQUEIRA,PTB,Deputado Estadual,3,2018
0274,14345,CÉSAR RAMOS DA COSTA,PTB,Deputado Estadual,2,2018
0274,14400,JAQUELINE LILIAN BARCELOS COUTINHO,PTB,Deputado Estadual,4,2018
0274,14444,ANTONIO JOAQUIM FERNANDES,PTB,Deputado Estadual,17,2018
0274,14500,MARIA DAS GRAÇAS FERREIRA DE MACEDO,PTB,Deputado Estadual,3,2018
0274,14540,ANDREIA CARVALHO DE SOUZA,PTB,Deputado Estadual,0,2018
0274,14555,MARCO ANTONIO BITTENCOURT NOGUEIRA COBRA,PTB,Deputado Estadual,7,2018
0274,14600,LUCIENE CARVALHO CHALET FERREIRA,PTB,Deputado Estadual,0,2018
0274,14777,LUIZ CARLOS GONDIM TEIXEIRA,PTB,Deputado Estadual,10,2018
0274,15000,JORGE LUIS CARUSO,MDB,Deputado Estadual,83,2018
0274,15002,GLAUCIA ESTELA CAMARGO,MDB,Deputado Estadual,2,2018
0274,15005,SANDRA DIAS TAVARES CINTRA,MDB,Deputado Estadual,85,2018
0274,15007,JOÃO ALBERTO CORRÊA,MDB,Deputado Estadual,0,2018
0274,15009,GILBERTO FRANCISCO DE AQUINO,MDB,Deputado Estadual,1,2018
0274,15010,LUIZ FERNANDO RICCETTO,MDB,Deputado Estadual,2,2018
0274,15013,ZAIRA AMARAL ALVES DE ABREU,MDB,Deputado Estadual,0,2018
0274,15015,ENYO DAURO LEPOS CORREIA,MDB,Deputado Estadual,0,2018
0274,15018,ELIEL JUNQUEIRA FERNANDES,MDB,Deputado Estadual,1,2018
0274,15021,LUIZ MANOEL FRANCISCO,MDB,Deputado Estadual,0,2018
0274,15022,ANGELA OROSCO DE MELO,MDB,Deputado Estadual,10,2018
0274,15023,EDSON COELHO ARAUJO FILHO,MDB,Deputado Estadual,0,2018
0274,15044,CLAYTON GUIMARAES DE ALMEIDA,MDB,Deputado Estadual,0,2018
0274,15051,LEONARDO FRANCISCO SAMPAIO DE SOUZA FILHO,MDB,Deputado Estadual,10,2018
0274,15055,DALVA NEIDE MAGNANI SCHIEZARI,MDB,Deputado Estadual,0,2018
0274,15056,FERNANDO GARCIA IZQUIERDO,MDB,Deputado Estadual,0,2018
0274,15072,ALEXANDRE EURÍPEDES DOS SANTOS,MDB,Deputado Estadual,3,2018
0274,15074,JOSE PAIM ANUNCIAÇÃO FILHO,MDB,Deputado Estadual,0,2018
0274,15077,KELLY VESCO MOZZONE,MDB,Deputado Estadual,2,2018
0274,15078,JOSÉ BERNARDO ALVES,MDB,Deputado Estadual,0,2018
0274,15088,GENIVAL FRANCISCO DOS SANTOS,MDB,Deputado Estadual,0,2018
0274,15091,ROBSON LUIS MARTUCHI,MDB,Deputado Estadual,0,2018
0274,15097,CELINA RODRIGUES LOPES,MDB,Deputado Estadual,0,2018
0274,15099,FLAVIO DE SOUZA SILVEIRA,MDB,Deputado Estadual,35,2018
0274,15100,WALTER VICIONI GONÇALVES,MDB,Deputado Estadual,89,2018
0274,15110,RICARDO JOSÉ RUSSOMANNO AZEVEDO SOBRINHO,MDB,Deputado Estadual,1,2018
0274,15111,CRISTIANE FRIOLIM DAMASCENO,MDB,Deputado Estadual,11,2018
0274,15113,ADRIANA PAULA HORTENCIANO,MDB,Deputado Estadual,5,2018
0274,15115,SANZIO RODRIGUES DA SILVA,MDB,Deputado Estadual,7,2018
0274,15123,OCIMAR DONIZETI LEO OLIVEIRA,MDB,Deputado Estadual,5,2018
0274,15154,RAFAEL LUIZ PAVARINI DE CAMARGO,MDB,Deputado Estadual,10,2018
0274,15155,MIGUEL ARCANJO DE SOUSA,MDB,Deputado Estadual,2,2018
0274,15180,RENATA DE OLIVEIRA COELHO,MDB,Deputado Estadual,0,2018
0274,15190,ALEXANDRE PIMENTA ARAUJO,MDB,Deputado Estadual,2,2018
0274,15200,MARCOS DANIEL GOMES DE SOUSA,MDB,Deputado Estadual,1,2018
0274,15215,CLEONICE REGINALDA FURQUIM,MDB,Deputado Estadual,6,2018
0274,15236,ELAINE SILVEIRA NEVES,MDB,Deputado Estadual,0,2018
0274,15300,ITAMAR FRANCISCO MACHADO BORGES,MDB,Deputado Estadual,72,2018
0274,15315,DILSON DIAS RIBEIRO,MDB,Deputado Estadual,0,2018
0274,15345,ETELVINO CAETANO DA SILVA,MDB,Deputado Estadual,0,2018
0274,15355,FELIPE MARTINS GONÇALVES DA CUNHA,MDB,Deputado Estadual,4,2018
0274,15500,MARIA DO CARMO GUILHERME,MDB,Deputado Estadual,17,2018
0274,15511,VLADIMIR UDILOFF,MDB,Deputado Estadual,2,2018
0274,15515,NEHEMIAS DOMINGOS DE MELO,MDB,Deputado Estadual,2,2018
0274,15555,JULIANO JUN ABE,MDB,Deputado Estadual,8,2018
0274,15556,VALÉRIA BENTO,MDB,Deputado Estadual,1,2018
0274,15588,APARECIDO SARAIVA DA ROCHA,MDB,Deputado Estadual,1,2018
0274,15600,ISABEL KAUSZ DOS REIS,MDB,Deputado Estadual,2,2018
0274,15601,MARCOS LEANDRO GOMES VIEIRA,MDB,Deputado Estadual,1,2018
0274,15605,FERNANDO LUIZ ISOPPO PETITI,MDB,Deputado Estadual,3,2018
0274,15613,ANDRÉA CRISTINA FERREIRA DE LEMOS SILVA,MDB,Deputado Estadual,0,2018
0274,15622,JOOJI HATO,MDB,Deputado Estadual,34,2018
0274,15678,MARIA DAS GRAÇAS DOS SANTOS,MDB,Deputado Estadual,1,2018
0274,15698,MARTA HELENA FERREIRA BARBOSA,MDB,Deputado Estadual,0,2018
0274,15777,DAURY DE PAULA JÚNIOR,MDB,Deputado Estadual,2,2018
0274,15863,TATIANE DA CRUZ,MDB,Deputado Estadual,1,2018
0274,15888,RICARDO LOURENÇO DO CARMO,MDB,Deputado Estadual,0,2018
0274,15999,ANGELO ANTONIO BUCIOLOTI,MDB,Deputado Estadual,2,2018
0274,16001,ABEL BARRETO,PSTU,Deputado Estadual,8,2018
0274,16002,ANDRESSA CHAVES DA SILVA,PSTU,Deputado Estadual,0,2018
0274,16006,EDINOEL CARVALHO VEIGA,PSTU,Deputado Estadual,1,2018
0274,16016,MARISA DOS SANTOS MENDES,PSTU,Deputado Estadual,0,2018
0274,16026,JOSE DE ARIMATEA PAIVA NUNES,PSTU,Deputado Estadual,1,2018
0274,16036,EUGÊNIO MARIA DUARTE,PSTU,Deputado Estadual,0,2018
0274,16100,SILVANA MARIA DA SILVA,PSTU,Deputado Estadual,0,2018
0274,16107,RAQUEL DE PAULA,PSTU,Deputado Estadual,0,2018
0274,16111,CARLOS AUGUSTO DO NASCIMENTO LEAL,PSTU,Deputado Estadual,1,2018
0274,16116,JOSE ADELMO LEITE,PSTU,Deputado Estadual,0,2018
0274,16123,GABRIELA GUERRERO ARIONE,PSTU,Deputado Estadual,1,2018
0274,16200,NILSON FERREIRA LEITE,PSTU,Deputado Estadual,0,2018
0274,16234,EVELINE GUIMARÃES,PSTU,Deputado Estadual,0,2018
0274,16235,LEANDRO JOSÉ DE SOUZA DUQUE,PSTU,Deputado Estadual,0,2018
0274,16300,MICHELI SOUZA DA SILVA,PSTU,Deputado Estadual,1,2018
0274,16316,IVANCI VIEIRA DOS SANTOS,PSTU,Deputado Estadual,0,2018
0274,16400,CLEUSA APARECIDA DA TRINDADE,PSTU,Deputado Estadual,0,2018
0274,16461,FERNANDO DE SOUZA,PSTU,Deputado Estadual,1,2018
0274,16500,NOURIVAL CARDOSO SANTANA,PSTU,Deputado Estadual,0,2018
0274,16600,SANDRA DE MOURA CLEMENTINO DA SILVA,PSTU,Deputado Estadual,0,2018
0274,16666,JOSE DIAS DE FREITAS JUNIOR,PSTU,Deputado Estadual,9,2018
0274,16789,ELLEN RUIZ,PSTU,Deputado Estadual,1,2018
0274,16800,MARIO CÉSAR BARBOSA CONCEIÇÃO,PSTU,Deputado Estadual,0,2018
0274,17000,DIMAS MECCA SAMPAIO,PSL,Deputado Estadual,632,2018
0274,17001,GABRIEL ROCHA MAZZALI,PSL,Deputado Estadual,37,2018
0274,17002,RICARDO SICCHIERO,PSL,Deputado Estadual,8,2018
0274,17005,MILTON LUIZ GEBIN CARDOSO,PSL,Deputado Estadual,3,2018
0274,17007,DANILO MASCARENHAS DE BALAS,PSL,Deputado Estadual,80,2018
0274,17008,EDUARDO FRANCISCO DE MELO,PSL,Deputado Estadual,1,2018
0274,17009,NATANAEL FRANCISCO DA SILVA,PSL,Deputado Estadual,2,2018
0274,17010,AGUSTIN FRANCISCO CARBALLO,PSL,Deputado Estadual,28,2018
0274,17011,PAULO SERGIO MOREIRA MELLO,PSL,Deputado Estadual,11,2018
0274,17012,WILSON CLAUDIO DE OLIVEIRA,PSL,Deputado Estadual,8,2018
0274,17013,ANDREA SEIXAS,PSL,Deputado Estadual,25,2018
0274,17015,CLAUDETE MARIA MARTINS,PSL,Deputado Estadual,0,2018
0274,17017,MARCO ANTONIO CASALE,PSL,Deputado Estadual,14,2018
0274,17018,HAROLDO DE SÁ QUARTIM BARBOSA FILHO,PSL,Deputado Estadual,2,2018
0274,17021,ANTONIO APARECIDO DELAFINA,PSL,Deputado Estadual,22,2018
0274,17022,VANESSA ALVES NASCIMENTO,PSL,Deputado Estadual,4,2018
0274,17025,VALDEMIRO PATRICIO GOMES FILHO,PSL,Deputado Estadual,38,2018
0274,17027,VICTOR FERNANDES PEREIRA PANCHORRA,PSL,Deputado Estadual,9,2018
0274,17029,MORENO FELIX CORDEIRO,PSL,Deputado Estadual,0,2018
0274,17032,VÂNIA REGINA DE ALMEIDA,PSL,Deputado Estadual,3,2018
0274,17033,PAULO ROBERTO DIAS PEREIRA,PSL,Deputado Estadual,0,2018
0274,17034,VERUSKA RODRIGUES DA SILVA,PSL,Deputado Estadual,0,2018
0274,17037,ALEXANDRO DOS SANTOS TIMÓTEO,PSL,Deputado Estadual,11,2018
0274,17040,LUIZ CARLOS DE PAULA,PSL,Deputado Estadual,10,2018
0274,17046,LUANA RIBEIRO MIRANDA MASSUIA,PSL,Deputado Estadual,0,2018
0274,17050,CLAUDINEI FERREIRA SOARES,PSL,Deputado Estadual,6,2018
0274,17051,EMERSON ZOCCHI,PSL,Deputado Estadual,1,2018
0274,17054,JEFFERSON DE MORAES CAMPOS,PSL,Deputado Estadual,1,2018
0274,17059,JULIO CÉSAR MARTINS CASARIN,PSL,Deputado Estadual,0,2018
0274,17062,MANOEL SANTOS ROCHA,PSL,Deputado Estadual,0,2018
0274,17064,DOUGLAS GARCIA BISPO DOS SANTOS,PSL,Deputado Estadual,354,2018
0274,17067,OSCAR CASTELO BRANCO DE LUCA,PSL,Deputado Estadual,225,2018
0274,17070,BRUNO MARCELLO DE OLIVEIRA LIMA,PSL,Deputado Estadual,234,2018
0274,17071,ROBSON CLEITON DE AMORIM LUCENA,PSL,Deputado Estadual,2,2018
0274,17072,RODRIGO DE ABREU OLIVEIRA,PSL,Deputado Estadual,0,2018
0274,17073,RONALDO FORMIGÃO,PSL,Deputado Estadual,1,2018
0274,17074,RODRIGO JENSON DE OLIVEIRA,PSL,Deputado Estadual,1,2018
0274,17075,WAGNER DE OLIVEIRA,PSL,Deputado Estadual,0,2018
0274,17077,CAIO TOSHIO TAKEDA,PSL,Deputado Estadual,20,2018
0274,17079,ADALBERTO GODOY FREITAS,PSL,Deputado Estadual,112,2018
0274,17083,MARCIO ANTONIO PELEGE THOMAZINI,PSL,Deputado Estadual,0,2018
0274,17085,BIANCA CASALE,PSL,Deputado Estadual,7,2018
0274,17086,CLOVIS FERREIRA DOS REIS JUNIOR,PSL,Deputado Estadual,11,2018
0274,17088,BRUNO CAMILO DA SILVA,PSL,Deputado Estadual,4,2018
0274,17096,ROSANA TESSITORI,PSL,Deputado Estadual,2,2018
0274,17102,FABIANA DE CARVALHO MARINHO,PSL,Deputado Estadual,25,2018
0274,17111,FREDERICO BRAUN D AVILA,PSL,Deputado Estadual,55,2018
0274,17117,JOSÉ DE LIMA OLIVEIRA JUNIOR,PSL,Deputado Estadual,10,2018
0274,17120,GILDEVANIO ILSO DOS SANTOS DINIZ,PSL,Deputado Estadual,933,2018
0274,17123,DANIELA ANCHÃO BRAGA,PSL,Deputado Estadual,11,2018
0274,17124,ADRIELE DOS SANTOS NASCIMENTO COSTA,PSL,Deputado Estadual,27,2018
0274,17135,HAMILTON DIAS MENEZES,PSL,Deputado Estadual,2,2018
0274,17153,ROBERTO FIGUEIREDO JUNIOR,PSL,Deputado Estadual,4,2018
0274,17181,EDSON MIGUEL DA SILVA,PSL,Deputado Estadual,20,2018
0274,17187,AGEU DA CRUZ ALMEIDA,PSL,Deputado Estadual,4,2018
0274,17190,PAULO NISHIKAWA,PSL,Deputado Estadual,95,2018
0274,17193,MARIO ANTONIO PIRES MORO,PSL,Deputado Estadual,27,2018
0274,17195,ANDRÉ LUIS SIQUEIRA,PSL,Deputado Estadual,6,2018
0274,17196,ALEIXO ANDRE MANOEL NETO,PSL,Deputado Estadual,14,2018
0274,17200,JULIO CÉSAR FRANCISCO,PSL,Deputado Estadual,38,2018
0274,17201,ALESSANDRA RUDOLPHO STRINGHETA BARBOSA,PSL,Deputado Estadual,20,2018
0274,17202,CLEONICE APARECIDA PEREIRA DA SILVA,PSL,Deputado Estadual,2,2018
0274,17203,DANIELLI FERNANDA SIQUEIRA,PSL,Deputado Estadual,2,2018
0274,17204,FABIO DUARTE JOANA,PSL,Deputado Estadual,1,2018
0274,17205,IVANI CARVALHO SHEWCHENKO,PSL,Deputado Estadual,2,2018
0274,17206,JOELMA MAXICIMA DA FONSECA,PSL,Deputado Estadual,0,2018
0274,17207,KELLY DOS SANTOS BRITO,PSL,Deputado Estadual,5,2018
0274,17208,LEOCADIA DE CASTRO,PSL,Deputado Estadual,1,2018
0274,17209,MARCOS MORAES DOS SANTOS,PSL,Deputado Estadual,26,2018
0274,17217,ALOISIO BUENO,PSL,Deputado Estadual,18,2018
0274,17218,CARMELIDIA BERTOLA,PSL,Deputado Estadual,23,2018
0274,17222,CALIL JOSÉ BADIN VIEIRA,PSL,Deputado Estadual,53,2018
0274,17243,JULIO CÉSAR MORENO LEAL,PSL,Deputado Estadual,2,2018
0274,17257,SERGIO GRESSENS BRANDÃO,PSL,Deputado Estadual,4,2018
0274,17288,CRISTINA ALVES DE GODOY,PSL,Deputado Estadual,33,2018
0274,17290,CLEMILTON ALVES DA SILVA,PSL,Deputado Estadual,52,2018
0274,17291,AILTON JOSÉ DOS SANTOS,PSL,Deputado Estadual,1,2018
0274,17300,TELMA ANGELICA MARIA CHRISTIANSEN,PSL,Deputado Estadual,6,2018
0274,17317,JANAINA CONCEIÇÃO PASCHOAL,PSL,Deputado Estadual,11654,2018
0274,17321,LUIS ANTONIO DE LIMA CLEMENTE,PSL,Deputado Estadual,3,2018
0274,17330,JOSÉ DE SOUZA JUNIOR,PSL,Deputado Estadual,3,2018
0274,17333,ALEXANDRE SAID BUSSAB,PSL,Deputado Estadual,17,2018
0274,17334,LAURO LISBOA FILHO,PSL,Deputado Estadual,0,2018
0274,17345,MARTA MAITÊ SEVILLANO,PSL,Deputado Estadual,11,2018
0274,17400,JOSÉ EDILSON DE SOUZA,PSL,Deputado Estadual,3,2018
0274,17441,MEIRE LOPES,PSL,Deputado Estadual,4,2018
0274,17444,EVERTON LUIZ FERNANDES SODARIO RAIMUNDO,PSL,Deputado Estadual,9,2018
0274,17500,LETICIA AGUIAR RESENDE ALVES,PSL,Deputado Estadual,75,2018
0274,17555,RICARDO AZEVEDO DA SILVA,PSL,Deputado Estadual,44,2018
0274,17600,MARCOS FERNANDO PORTELLA FONTES,PSL,Deputado Estadual,21,2018
0274,17667,VALERIA MULLER RAMOS BOLSONARO,PSL,Deputado Estadual,870,2018
0274,17678,VITOR HUGO RICCOMINI,PSL,Deputado Estadual,58,2018
0274,17681,THIAGO FELIPE NEVES,PSL,Deputado Estadual,0,2018
0274,17685,KERIN DA ROCHA SILVA,PSL,Deputado Estadual,1,2018
0274,17700,MANOEL BARBOSA DO NASCIMENTO,PSL,Deputado Estadual,159,2018
0274,17707,MATHEUS COIMBRA MARTINS DE AGUIAR,PSL,Deputado Estadual,56,2018
0274,17711,FRANCISLAINE URQUIDI FARFAN VASSER,PSL,Deputado Estadual,25,2018
0274,17712,ANDREA JOSIANE PINTO NAKASASSU,PSL,Deputado Estadual,9,2018
0274,17717,HAMILTON PROCÓPIO DOS SANTOS NETTO,PSL,Deputado Estadual,11,2018
0274,17750,PAULO VIEIRA DA SILVA FILHO,PSL,Deputado Estadual,2,2018
0274,17753,CLAUDIO MAGNO DA SILVA,PSL,Deputado Estadual,3,2018
0274,17765,JURACI DE OSTI LOPES,PSL,Deputado Estadual,4,2018
0274,17771,ELIVELTON ANTONIO WEIRICH,PSL,Deputado Estadual,13,2018
0274,17777,RODRIGO GAMBALE VIEIRA,PSL,Deputado Estadual,160,2018
0274,17778,CLAUDIA SANTOS LEAL,PSL,Deputado Estadual,7,2018
0274,17789,MARCOS ANTONIO RIBEIRO FARTO,PSL,Deputado Estadual,3,2018
0274,17798,LUIZ EDUARDO SCAFF,PSL,Deputado Estadual,7,2018
0274,17888,MARCELO CRISTIANO REIS,PSL,Deputado Estadual,49,2018
0274,17890,DANIELA CRISTINA MIGUEL BRUZARROSCO,PSL,Deputado Estadual,15,2018
0274,17900,JOSÉ ROBERTO BARBOSA DE SOUZA,PSL,Deputado Estadual,38,2018
0274,17911,ROBERTO DE LIMA FERNANDES,PSL,Deputado Estadual,5,2018
0274,17913,LUCIMARA FERREIRA DE MORAES,PSL,Deputado Estadual,0,2018
0274,17967,ELAINE CRISTINA DO NASCIMENTO,PSL,Deputado Estadual,49,2018
0274,17977,EDILEIDE SILVA,PSL,Deputado Estadual,1,2018
0274,17981,ANDREIA MONIQUE DOS SANTOS,PSL,Deputado Estadual,5,2018
0274,17988,MIRTES DE CASTRO,PSL,Deputado Estadual,5,2018
0274,17989,MOISÉS COSTA DE SOUSA,PSL,Deputado Estadual,0,2018
0274,17997,EDUARDO KUPPER PACHECO DE AGUIRRE,PSL,Deputado Estadual,26,2018
0274,17998,GLORIA NEY FERNANDES,PSL,Deputado Estadual,0,2018
0274,18000,DANIEL DA ROCHA MARTINI,REDE,Deputado Estadual,11,2018
0274,18001,HENRIQUE CROISFELTS,REDE,Deputado Estadual,5,2018
0274,18007,GEORGIANA SOARES PIRES,REDE,Deputado Estadual,0,2018
0274,18009,JULIO CESAR RODRIGUES DE MENEZES,REDE,Deputado Estadual,0,2018
0274,18010,ALESSANDRA APARECIDA MONTEIRO,REDE,Deputado Estadual,100,2018
0274,18013,RONALDO PRUDENTE,REDE,Deputado Estadual,0,2018
0274,18018,GIOVANNI VILLIUS RIGHETTO MOCKUS,REDE,Deputado Estadual,6,2018
0274,18077,RODRIGO PEREIRA DA SILVA,REDE,Deputado Estadual,0,2018
0274,18081,ANTONIO BETE NETO,REDE,Deputado Estadual,0,2018
0274,18108,CLÁUDIO DA SILVA VERÍSSIMO,REDE,Deputado Estadual,1,2018
0274,18118,JAMES PRADO GONDIM,REDE,Deputado Estadual,2,2018
0274,18123,ALOISIO CALSONI BOZZINI,REDE,Deputado Estadual,3,2018
0274,18180,PAULO SERGIO CAMOLESI,REDE,Deputado Estadual,3,2018
0274,18182,MARLI CONCEIÇÃO DA SILVA,REDE,Deputado Estadual,0,2018
0274,18188,ADEMAR BUENO DA SILVA JÚNIOR,REDE,Deputado Estadual,20,2018
0274,18191,SILVIO DAMACENO SIMORA RIBEIRO,REDE,Deputado Estadual,0,2018
0274,18222,ROSELEI APARECIDO FRANÇOSO,REDE,Deputado Estadual,1,2018
0274,18234,SHEILA SALES ROMERA,REDE,Deputado Estadual,4,2018
0274,18318,HÁDIA CHRISTINY AMORIM ARAÚJO FEITOSA,REDE,Deputado Estadual,7,2018
0274,18321,INGRID JULIANE DOS SANTOS FERREIRA,REDE,Deputado Estadual,6,2018
0274,18333,BIANCA ZEITOUN OGLOUYAN,REDE,Deputado Estadual,7,2018
0274,18360,JEFFERSON SANTOS DA SILVA,REDE,Deputado Estadual,0,2018
0274,18420,ALBERTO CORUNHA TAVARES,REDE,Deputado Estadual,1,2018
0274,18432,CARLOS MANOEL CINI,REDE,Deputado Estadual,0,2018
0274,18444,EDMILSON JOSÉ DE CARVALHO,REDE,Deputado Estadual,3,2018
0274,18456,ANDRÉ RICARDO DE SOUZA,REDE,Deputado Estadual,0,2018
0274,18475,SONIA APARECIDA CÂNDIDA BORGES,REDE,Deputado Estadual,0,2018
0274,18500,JONES MAIR PONTES SILVEIRA,REDE,Deputado Estadual,0,2018
0274,18543,CLAUDIO YUTAKA SUETU,REDE,Deputado Estadual,4,2018
0274,18555,REJANE DE VASCONCELOS FELIPE,REDE,Deputado Estadual,2,2018
0274,18579,CARLOS ROBERTO ROSA,REDE,Deputado Estadual,0,2018
0274,18613,REGINALDO ALEXANDRE MARTINS,REDE,Deputado Estadual,0,2018
0274,18618,JOSÉ RUI CAMARGO,REDE,Deputado Estadual,8,2018
0274,18654,CARLOS DANIEL GOIS LIMA DA SILVA,REDE,Deputado Estadual,0,2018
0274,18663,NATALINO ANTÔNIO DA SILVA,REDE,Deputado Estadual,0,2018
0274,18678,MARCIO VITAL,REDE,Deputado Estadual,1,2018
0274,18765,ROBERTA ROCHA GOMES ALBUQUERQUE,REDE,Deputado Estadual,2,2018
0274,18777,NANCY DE FÁTIMA GOMES FELIX DA SILVEIRA,REDE,Deputado Estadual,5,2018
0274,18789,MARCO TSUYAMA CARDOSO,REDE,Deputado Estadual,0,2018
0274,18800,ELTON TONY SOUZA PONDÉ COELHO,REDE,Deputado Estadual,1,2018
0274,18833,DENIS DUCK,REDE,Deputado Estadual,1,2018
0274,18881,VALERIA APARECIDA DE OLIVEIRA REI,REDE,Deputado Estadual,0,2018
0274,18888,MARINA MEDEIROS HELOU,REDE,Deputado Estadual,110,2018
0274,18889,SILVANA CORDELINI,REDE,Deputado Estadual,4,2018
0274,18918,PAULO DE ABREU LEME FILHO,REDE,Deputado Estadual,1,2018
0274,18999,CRISTIANE BRANDÃO DOS SANTOS,REDE,Deputado Estadual,8,2018
0274,19000,MARCELO PEREIRA SURCIN,PODE,Deputado Estadual,39,2018
0274,19001,ATAIDE TERUEL PEREZ,PODE,Deputado Estadual,44,2018
0274,19002,DOMINGOS SANCHES,PODE,Deputado Estadual,0,2018
0274,19007,CYBELE DA SILVA,PODE,Deputado Estadual,0,2018
0274,19008,JULIANA BUSSAB SCHULHOF,PODE,Deputado Estadual,12,2018
0274,19009,MARCOS PEIXOTO MELLO GONÇALVES,PODE,Deputado Estadual,0,2018
0274,19010,MOHAMAD KASSEM EL TURK,PODE,Deputado Estadual,0,2018
0274,19011,WALMIR BAPTISTA RIGUEIRA,PODE,Deputado Estadual,0,2018
0274,19012,RONALDO MARTINS FRANCO,PODE,Deputado Estadual,0,2018
0274,19014,MANOEL SANTANA PAULO,PODE,Deputado Estadual,0,2018
0274,19017,CRISTIANO ALEXANDRE MARCONDES,PODE,Deputado Estadual,0,2018
0274,19018,RAPHAEL MARCO BLECH HAMAOUI,PODE,Deputado Estadual,2,2018
0274,19019,BRAZ DOS SANTOS ADEGAS JUNIOR,PODE,Deputado Estadual,13,2018
0274,19020,RALFI RAFAEL DA SILVA,PODE,Deputado Estadual,4,2018
0274,19022,SIMONE CRISTINA SANTOS SOUZA,PODE,Deputado Estadual,0,2018
0274,19023,VAGNER EVARISTO DE MOURA,PODE,Deputado Estadual,0,2018
0274,19026,CLAUDIA ABREU SCHEFLER,PODE,Deputado Estadual,4,2018
0274,19027,AMERICO CICCONE NETO,PODE,Deputado Estadual,2,2018
0274,19030,ANTONIO CARLOS PEREIRA SILVA,PODE,Deputado Estadual,0,2018
0274,19033,SOCRATES DAMASCENO NOVELLI,PODE,Deputado Estadual,0,2018
0274,19034,HENRIQUE CARVALHO DE CAMPOS,PODE,Deputado Estadual,0,2018
0274,19036,GERSON FELIP CURPIEVSKY,PODE,Deputado Estadual,0,2018
0274,19039,MARIA LUCIA DA SILVA,PODE,Deputado Estadual,0,2018
0274,19041,GUARACI LIMA DE MORAIS,PODE,Deputado Estadual,2,2018
0274,19070,RENALDO CARDOSO DE REZENDE,PODE,Deputado Estadual,0,2018
0274,19089,ANA CRISTINA ALVES,PODE,Deputado Estadual,4,2018
0274,19090,ANTONIO WLADEMIR DA SILVA,PODE,Deputado Estadual,0,2018
0274,19099,CUSTÓDIO TAVARES FERNANDES JUNIOR,PODE,Deputado Estadual,0,2018
0274,19100,BRUNO AREVALO GANEM,PODE,Deputado Estadual,472,2018
0274,19109,LENI DE FÁTIMA RODRIGUES DO PRADO,PODE,Deputado Estadual,2,2018
0274,19111,JOÃO JORGE FADEL FILHO,PODE,Deputado Estadual,2,2018
0274,19112,JOEL FRANCISCO BARBOSA,PODE,Deputado Estadual,0,2018
0274,19113,JOSÉ EUGENIO DA SILVA,PODE,Deputado Estadual,0,2018
0274,19114,NIVALDO DA SILVA,PODE,Deputado Estadual,0,2018
0274,19119,GELSO APARECIDO DE LIMA,PODE,Deputado Estadual,2,2018
0274,19122,WILLIAN SANTOS DE OLIVEIRA,PODE,Deputado Estadual,0,2018
0274,19123,PEDRO MASSAMI KIKUDOME,PODE,Deputado Estadual,5,2018
0274,19125,HELIO GONÇALVES FIRMO,PODE,Deputado Estadual,0,2018
0274,19128,FRANCISCO JOSÉ CARVALHO,PODE,Deputado Estadual,0,2018
0274,19129,ELINELMA SOUZA BARRETO,PODE,Deputado Estadual,0,2018
0274,19133,BRUNO HIDEO OMORI,PODE,Deputado Estadual,9,2018
0274,19146,SARA REGINA FERREIRA DE MELO LUIZ,PODE,Deputado Estadual,0,2018
0274,19147,ANTONIO GOMES DA SILVA,PODE,Deputado Estadual,0,2018
0274,19150,MARCELO LINS,PODE,Deputado Estadual,0,2018
0274,19165,FERNANDO DIAS DA COSTA,PODE,Deputado Estadual,0,2018
0274,19180,MADALENA LEITE,PODE,Deputado Estadual,0,2018
0274,19187,GLAUCIA MARIA RODRIGUES DE SOUZA,PODE,Deputado Estadual,0,2018
0274,19190,LUCIANO GALESCO,PODE,Deputado Estadual,14,2018
0274,19191,GEREMIAS NUNES DE SIQUEIRA,PODE,Deputado Estadual,0,2018
0274,19192,JOÃO ROBERTO DE SIQUEIRA,PODE,Deputado Estadual,0,2018
0274,19193,ALEXANDRE TEIXEIRA,PODE,Deputado Estadual,0,2018
0274,19196,TATIANA POLI DE OLIVEIRA,PODE,Deputado Estadual,0,2018
0274,19197,SANDRA LANDIOZE CAPUCHO,PODE,Deputado Estadual,11,2018
0274,19199,MARCIO PASCHOAL GIUDICIO,PODE,Deputado Estadual,4,2018
0274,19200,ROBERTO FIGUEIRA MARINHO,PODE,Deputado Estadual,32,2018
0274,19201,EVANIR DA SILVA CARVALHO,PODE,Deputado Estadual,0,2018
0274,19211,CAIO AUGUSTO PASTORI DOS SANTOS,PODE,Deputado Estadual,0,2018
0274,19219,RODRIGO RAMOS FIORI,PODE,Deputado Estadual,0,2018
0274,19221,YEDA MARIA AMARAL,PODE,Deputado Estadual,0,2018
0274,19222,EDUARDO VALENTIM FERNANDES PEREIRA,PODE,Deputado Estadual,0,2018
0274,19230,DORA LICKUNAS,PODE,Deputado Estadual,0,2018
0274,19233,IEDA COSTA DE OLIVEIRA,PODE,Deputado Estadual,1,2018
0274,19234,CARLOS ROBERTO DE CARVALHO,PODE,Deputado Estadual,0,2018
0274,19250,NATALIA DE ALMEIDA NASCIMENTO,PODE,Deputado Estadual,1,2018
0274,19269,ADRIANA PIERIN,PODE,Deputado Estadual,43,2018
0274,19270,VAGNER ARANTES DA COSTA,PODE,Deputado Estadual,0,2018
0274,19300,LILIAN FERREIRA,PODE,Deputado Estadual,0,2018
0274,19310,MARCIA TELMA DA SILVA,PODE,Deputado Estadual,0,2018
0274,19314,SIDNEI ROBERTSON CAMPERO,PODE,Deputado Estadual,4,2018
0274,19319,FRANCISCA MARIA DO NASCIMENTO SOUSA,PODE,Deputado Estadual,0,2018
0274,19321,EDINEIA APARECIDA TELES,PODE,Deputado Estadual,0,2018
0274,19322,SERGIO PINTO BOMFIM,PODE,Deputado Estadual,0,2018
0274,19333,ANIBAL DE FREITAS FILHO,PODE,Deputado Estadual,2,2018
0274,19337,JOAQUIM FERREIRA NETO,PODE,Deputado Estadual,0,2018
0274,19360,JULIANA DOS SANTOS SILVA,PODE,Deputado Estadual,0,2018
0274,19399,GLAUCIA PERES CÍLIA GONÇALVES,PODE,Deputado Estadual,0,2018
0274,19400,FRANCISCO NUNES SOBRINHO,PODE,Deputado Estadual,0,2018
0274,19421,LENIR MARIA DE OLIVEIRA,PODE,Deputado Estadual,0,2018
0274,19426,PAULO HENRIQUE MACHADO,PODE,Deputado Estadual,2,2018
0274,19429,CARLÂNGELA SILVA DOS SANTOS DE OLIVEIRA,PODE,Deputado Estadual,0,2018
0274,19433,JACEGUAY NUNES GÓES,PODE,Deputado Estadual,0,2018
0274,19444,FAUSTO SALVADOR PERES,PODE,Deputado Estadual,1,2018
0274,19456,AIDAN ANTONIO RAVIN,PODE,Deputado Estadual,3,2018
0274,19499,FLAVIANE MENESES AQUINO,PODE,Deputado Estadual,0,2018
0274,19500,GILBERTO DANIEL JUNIOR,PODE,Deputado Estadual,0,2018
0274,19511,GILDAECIO SOARES DE SOUSA,PODE,Deputado Estadual,0,2018
0274,19519,ANDREA ROSA DE MENEZES DUARTE,PODE,Deputado Estadual,0,2018
0274,19527,LUIZ ANTONIO DE SOUZA,PODE,Deputado Estadual,0,2018
0274,19533,ROLGACIANO FERNANDES ALMEIDA,PODE,Deputado Estadual,0,2018
0274,19549,MARCIA CARNEIRO ABRANTES PINHEIRO,PODE,Deputado Estadual,0,2018
0274,19550,JOSE MARCIO DE CAMPOS,PODE,Deputado Estadual,0,2018
0274,19555,DÉLBIO CAMARGO TERUEL,PODE,Deputado Estadual,2,2018
0274,19556,GERALDO AMARO DA SILVA,PODE,Deputado Estadual,0,2018
0274,19567,CRISTIANE PEREIRA DAVIS,PODE,Deputado Estadual,0,2018
0274,19578,MARCOS CESAR CAVICHIOLLI,PODE,Deputado Estadual,0,2018
0274,19600,EUVALDO REIS DOS SANTOS MENEZES,PODE,Deputado Estadual,0,2018
0274,19610,CREUSA VIEIRA DANTAS ARAÚJO,PODE,Deputado Estadual,1,2018
0274,19619,LUIS HENRIQUE DOS SANTOS MOREIRA,PODE,Deputado Estadual,20,2018
0274,19630,LUIZ EDUARDO OLIVEIRA ALVES,PODE,Deputado Estadual,1,2018
0274,19633,AMARILDO GONÇALVES,PODE,Deputado Estadual,3,2018
0274,19634,KAYQUE GUILHERME MAIER DA SILVA,PODE,Deputado Estadual,0,2018
0274,19700,JOÃO DÁRCIO RIBAMAR SACCHI,PODE,Deputado Estadual,0,2018
0274,19714,JOSÉ APRIGIO DA SILVA,PODE,Deputado Estadual,2,2018
0274,19720,ELISABEL APARECIDA DA CONCEIÇÃO,PODE,Deputado Estadual,1,2018
0274,19722,ASSAD FRANGIEH,PODE,Deputado Estadual,0,2018
0274,19733,JUSSIMAR AMELENTINO JOSEFINO,PODE,Deputado Estadual,1,2018
0274,19770,MONICA PILLAT BELMUDES,PODE,Deputado Estadual,0,2018
0274,19773,MARCELLO MAZARIO COSTA,PODE,Deputado Estadual,1,2018
0274,19777,GUILHERME DE ALES FERRAZ DA SILVA,PODE,Deputado Estadual,19,2018
0274,19785,ERICA CRISTINA CINTRA,PODE,Deputado Estadual,0,2018
0274,19789,JOCELINO JOSE DE SANTANA,PODE,Deputado Estadual,0,2018
0274,19800,MURILO BERBERT AVIGO FELIX,PODE,Deputado Estadual,50,2018
0274,19819,RONALD TANIMOTO CELESTINO,PODE,Deputado Estadual,40,2018
0274,19833,CARLOS DA FONSECA NADAIS,PODE,Deputado Estadual,0,2018
0274,19851,DORA MARIA MACHADO,PODE,Deputado Estadual,0,2018
0274,19875,SANDRO HENRIQUE EUGENIO BASTOS,PODE,Deputado Estadual,0,2018
0274,19883,GERSON FIUZA DE JESUS,PODE,Deputado Estadual,0,2018
0274,19888,RAUL APARECIDO GONÇALVES PAULA,PODE,Deputado Estadual,7,2018
0274,19890,ALESSANDRO AUREO RAFALDINI OLIVEIRA,PODE,Deputado Estadual,0,2018
0274,19899,LUIS DONIZETTI VAZ JUNIOR,PODE,Deputado Estadual,9,2018
0274,19900,MARIA ALMEIDA DANTAS,PODE,Deputado Estadual,0,2018
0274,19910,ERNESTO TEIXEIRA DA CUNHA,PODE,Deputado Estadual,3,2018
0274,19911,MARCOS MENDES DA SILVA,PODE,Deputado Estadual,0,2018
0274,19919,DANIEL CARVALHO MACHADO,PODE,Deputado Estadual,1,2018
0274,19962,ANTONIA MARIA COSTA SILVA,PODE,Deputado Estadual,0,2018
0274,19975,EMMERSON DE CAMARGO,PODE,Deputado Estadual,1,2018
0274,19977,FILIPE AUGUSTO FORNARI MONTANHOLI,PODE,Deputado Estadual,5,2018
0274,19988,VALDECIR TOSCHI,PODE,Deputado Estadual,0,2018
0274,19990,JOSE GARCIA LOPES NETO,PODE,Deputado Estadual,1,2018
0274,19991,MONICA VIANA MIRANDA CAMPOS FERNANDES,PODE,Deputado Estadual,1,2018
0274,19998,LEANDRO CALDEIRA NAVA,PODE,Deputado Estadual,0,2018
0274,19999,RICARDO FABRIZIO PACHECO DE OLIVEIRA,PODE,Deputado Estadual,9,2018
0274,20000,EBENEZÉ FRANCISCO DE PAULA,PSC,Deputado Estadual,7,2018
0274,20010,SERGIO LOURENÇO DA SILVA,PSC,Deputado Estadual,1,2018
0274,20120,EDVALDO DE OLIVEIRA PAULA,PSC,Deputado Estadual,1,2018
0274,20123,GUILHERME CESAR ZAFANI,PSC,Deputado Estadual,8,2018
0274,20147,ANISTALDO LUIZ LOPES DA SILVA,PSC,Deputado Estadual,4,2018
0274,20175,EBENEZER DE PAULA,PSC,Deputado Estadual,0,2018
0274,20200,FLÁVIA CAMARGO DA SILVA,PSC,Deputado Estadual,10,2018
0274,20270,JOSE AUDIDUDIMA SALES DA SILVA,PSC,Deputado Estadual,1,2018
0274,20320,LUCIANE SALLES DA PAZ SCHULTZ,PSC,Deputado Estadual,2,2018
0274,20333,JUAREZ JUVÊNCIO DOS SANTOS,PSC,Deputado Estadual,6,2018
0274,20555,MARIA JOSE OCAMPOS,PSC,Deputado Estadual,2,2018
0274,20610,PAULO CESAR DIAS DOS REIS,PSC,Deputado Estadual,0,2018
0274,20629,ELISABETE NATALI ALVARENGA,PSC,Deputado Estadual,0,2018
0274,20690,EDIVALDO MARCELO ABENÇOADO DOS SANTOS LEAL,PSC,Deputado Estadual,2,2018
0274,20777,CELSO BRAZ DO NASCIMENTO,PSC,Deputado Estadual,11,2018
0274,20800,FERNANDO CESAR RAMOS,PSC,Deputado Estadual,0,2018
0274,20888,PAULO EDUARDO TEMPLE DELGADO,PSC,Deputado Estadual,0,2018
0274,20964,JOSÉ ANTONIO ALVES,PSC,Deputado Estadual,0,2018
0274,20999,ROSANGELA APARECIDA SILVEIRA GIORDANI,PSC,Deputado Estadual,0,2018
0274,21100,ERNESTO FREIRE PICHLER,PCB,Deputado Estadual,7,2018
0274,22000,GILBERTO BENZI,PR,Deputado Estadual,9,2018
0274,22001,ODIR JOÃO DEMARCHI,PR,Deputado Estadual,10,2018
0274,22002,VERA LUCIA LANGELLOTTI VELLO,PR,Deputado Estadual,0,2018
0274,22003,ISABELA CRISTINA CARDOSO DA CRUZ,PR,Deputado Estadual,1,2018
0274,22005,NEUSA MARIA RODRIGUES RACOSTA,PR,Deputado Estadual,0,2018
0274,22007,RODRIGO DE ALMEIDA SOUZA,PR,Deputado Estadual,9,2018
0274,22008,NEILSON PAULO DOS SANTOS,PR,Deputado Estadual,0,2018
0274,22011,GINO JOSÉ TORREZAN,PR,Deputado Estadual,3,2018
0274,22012,JULIO CESAR PEREIRA DE SOUZA,PR,Deputado Estadual,46,2018
0274,22013,JOSÉ CARLOS DE ALMEIDA,PR,Deputado Estadual,2,2018
0274,22017,FRANCISCO ALEXANDRE GUERREIRO GOMES,PR,Deputado Estadual,0,2018
0274,22018,ADÃO TIMÓTEO DE LIMA,PR,Deputado Estadual,5,2018
0274,22019,GUIOMAR HOFFMAN,PR,Deputado Estadual,5,2018
0274,22022,FRANCISCO ROSSI DE ALMEIDA,PR,Deputado Estadual,6,2018
0274,22023,WANESSA SOUSA BOMFIM,PR,Deputado Estadual,2,2018
0274,22024,SIMONE CARDOSO DE OLIVEIRA,PR,Deputado Estadual,1,2018
0274,22028,MARCIO MOREIRA DE SOUZA,PR,Deputado Estadual,158,2018
0274,22031,CRISTIANE APARECIDA CELLA,PR,Deputado Estadual,0,2018
0274,22033,MARCOS AURELIO DE PAULA,PR,Deputado Estadual,0,2018
0274,22035,MAURO ALVES DOS SANTOS JUNIOR,PR,Deputado Estadual,12,2018
0274,22044,ALAN BEZERRA GOMES,PR,Deputado Estadual,0,2018
0274,22045,JOSEFA FÁTIMA DE LIRA,PR,Deputado Estadual,0,2018
0274,22055,MARCOS TADEU VILALTA,PR,Deputado Estadual,4,2018
0274,22065,FABIO ELY RAMOS,PR,Deputado Estadual,0,2018
0274,22080,JEFFERCY DE SOUZA NUNES CHAD,PR,Deputado Estadual,0,2018
0274,22100,LINO BISPO DA ROCHA,PR,Deputado Estadual,3,2018
0274,22111,LUIZ PAULO SALGADO,PR,Deputado Estadual,2,2018
0274,22122,ANDREIA LUCIA GONÇALVES DA SILVA,PR,Deputado Estadual,7,2018
0274,22123,RICARDO ROSSI MADALENA,PR,Deputado Estadual,13,2018
0274,22133,SERGIO ANTONIO DONHA,PR,Deputado Estadual,0,2018
0274,22150,WANDERLEY LEMES TEIXEIRA,PR,Deputado Estadual,1,2018
0274,22177,LUCIANO FEITOSA DE MELO,PR,Deputado Estadual,0,2018
0274,22181,FABIANO MESSIAS BORGES DA SILVA,PR,Deputado Estadual,0,2018
0274,22190,JAIME DE SOUZA,PR,Deputado Estadual,1379,2018
0274,22191,EUCLYDES DIAS BUCHLER,PR,Deputado Estadual,0,2018
0274,22192,ANA LÚCIA BATISTA PAVÃO,PR,Deputado Estadual,3,2018
0274,22193,LUIZ CARLOS DOS SANTOS CAMINO,PR,Deputado Estadual,15,2018
0274,22196,SILVIO AMARAL SOARES,PR,Deputado Estadual,23,2018
0274,22200,GILMAR PAES,PR,Deputado Estadual,6,2018
0274,22202,CAIO CESAR ALVARES LORO NETTO,PR,Deputado Estadual,7,2018
0274,22210,JOSE BRANCO PERES NETO,PR,Deputado Estadual,0,2018
0274,22215,APARECIDA BATISTA DIAS BARRETO DE OLIVEIRA,PR,Deputado Estadual,0,2018
0274,22218,MARIA EMILIA DANTAS OLIVEIRA,PR,Deputado Estadual,0,2018
0274,22220,ADRIANA RAMOS AFONSO EL RIFAI,PR,Deputado Estadual,9,2018
0274,22222,MARCOS ROBERTO DAMASIO DA SILVA,PR,Deputado Estadual,105,2018
0274,22223,MARIA JOSÉ PEREIRA DO AMARAL HUNGLAUB,PR,Deputado Estadual,16,2018
0274,22225,ANTONIO DE PADUA PACHECO,PR,Deputado Estadual,1,2018
0274,22228,MARIA GILCELIA DE ASSIS,PR,Deputado Estadual,0,2018
0274,22233,JOÃO MOTA DOS SANTOS,PR,Deputado Estadual,1,2018
0274,22260,BRUNO JACINTHO,PR,Deputado Estadual,0,2018
0274,22269,ROSÂNGELA APARECIDA GOZZO,PR,Deputado Estadual,3,2018
0274,22277,JOSÉ RONALDO GOMES DA SILVA,PR,Deputado Estadual,4,2018
0274,22280,ANTONINHA JOSELI PEREIRA,PR,Deputado Estadual,0,2018
0274,22299,PATRICIA BAPTISTELLA,PR,Deputado Estadual,0,2018
0274,22300,GUILHERME PIAI SILVA FILIZZOLA,PR,Deputado Estadual,1,2018
0274,22303,FABIANE MARQUES DE SOUZA CAMPOS,PR,Deputado Estadual,0,2018
0274,22311,ELIANE BALSANTE LUCAS,PR,Deputado Estadual,0,2018
0274,22321,WALTER ABRAHÃO FILHO,PR,Deputado Estadual,4,2018
0274,22322,DANIELE MAZUQUELI ALONSO,PR,Deputado Estadual,6,2018
0274,22330,APARECIDA CUSTODIO DOS SANTOS,PR,Deputado Estadual,12,2018
0274,22333,LAERTE SONSIN JUNIOR,PR,Deputado Estadual,8,2018
0274,22343,THIAGO REIS AURICCHIO,PR,Deputado Estadual,45,2018
0274,22345,ROY NELSON PINTO,PR,Deputado Estadual,2,2018
0274,22369,NATALINO DA SILVA BRAUNA,PR,Deputado Estadual,0,2018
0274,22377,SAMUEL SIQUEIRA,PR,Deputado Estadual,0,2018
0274,22400,LUCIANO BATISTA,PR,Deputado Estadual,7,2018
0274,22422,MARIA LUCIA MELLA NAF,PR,Deputado Estadual,0,2018
0274,22432,ADEMAR ALVES DE CARVALHO,PR,Deputado Estadual,0,2018
0274,22444,JOSÉ PAGLIARINI FILHO,PR,Deputado Estadual,42,2018
0274,22455,CARLOS ROBERTO ROSSATO,PR,Deputado Estadual,1,2018
0274,22456,ANTONIO DIRCEU DALBEN,PR,Deputado Estadual,229,2018
0274,22500,PATRICIA DA SILVA FEITOSA,PR,Deputado Estadual,4,2018
0274,22522,MARCELO MANFRIM,PR,Deputado Estadual,7,2018
0274,22550,ADNA ANA SIQUEIRA TEIXEIRA,PR,Deputado Estadual,6,2018
0274,22552,GRAÇA ERNESTINA ANAY SILVA DIAS,PR,Deputado Estadual,0,2018
0274,22555,ELIANA PASSARELLI,PR,Deputado Estadual,91,2018
0274,22567,RÚBSON SILVA RIOS,PR,Deputado Estadual,0,2018
0274,22580,ISA DE SOUSA MASCARENHAS,PR,Deputado Estadual,1,2018
0274,22589,GILBERTO BORJA PINTO,PR,Deputado Estadual,0,2018
0274,22599,CRISTIANY DE CASTRO,PR,Deputado Estadual,8,2018
0274,22600,MARCOS MULLER,PR,Deputado Estadual,30,2018
0274,22622,EDNEI APARECIDO VALENCIO,PR,Deputado Estadual,1,2018
0274,22666,ROBERTO DOS SANTOS,PR,Deputado Estadual,0,2018
0274,22675,GERVINO CLÁUDIO GONÇALVES,PR,Deputado Estadual,0,2018
0274,22678,JULIO CESAR LOPES FUDA,PR,Deputado Estadual,6,2018
0274,22700,ANTONIO PADRON NETO,PR,Deputado Estadual,10,2018
0274,22722,PAULO ROBERTO DE QUEIROZ MOTTA,PR,Deputado Estadual,2,2018
0274,22777,WILSON CALDEIRA PAIVA,PR,Deputado Estadual,20,2018
0274,22789,DANIEL ROSSI,PR,Deputado Estadual,0,2018
0274,22800,CLEOMENES ANTUNES JUNIOR,PR,Deputado Estadual,3,2018
0274,22822,JONAS DE SOUZA CAMISA NOVA,PR,Deputado Estadual,0,2018
0274,22888,GRACIELA DE LOURDES DAVID AMBRÓSIO,PR,Deputado Estadual,8,2018
0274,22899,THIAGO GONÇALES,PR,Deputado Estadual,3,2018
0274,22900,ANDERSON BRANCO DA SILVA,PR,Deputado Estadual,4,2018
0274,22911,HELIO VENANCIO FERREIRA,PR,Deputado Estadual,12,2018
0274,22999,ANDRÉ LUIS DO PRADO,PR,Deputado Estadual,7,2018
0274,23000,GUILHERME ANEDES SALLES MENDES,PPS,Deputado Estadual,2,2018
0274,23111,ANTONIO CLAUDIO FLORES PITERI,PPS,Deputado Estadual,4,2018
0274,23120,CHANG YUET JING LIN,PPS,Deputado Estadual,1,2018
0274,23123,DAVID ZAIA,PPS,Deputado Estadual,211,2018
0274,23222,PAULO ANDRE BERTONE FANECO,PPS,Deputado Estadual,1,2018
0274,23300,JULIO ALEXANDRE SBIZERA COSTA,PPS,Deputado Estadual,0,2018
0274,23423,JULIO CESAR FUZARI,PPS,Deputado Estadual,0,2018
0274,23444,ORESTES PIMENTEL SOARES DE MISQUITA,PPS,Deputado Estadual,0,2018
0274,23456,FERNANDO HENRIQUE CURY,PPS,Deputado Estadual,19,2018
0274,23500,MAYRA ROSANNA GAMA DE ARAUJO SILVA DA COSTA,PPS,Deputado Estadual,13,2018
0274,23623,ROBERTO TURCHI DE MORAIS,PPS,Deputado Estadual,25,2018
0274,23789,EDNA FLOR,PPS,Deputado Estadual,9,2018
0274,23888,ALESSANDRA DE ASSIS BERRIEL,PPS,Deputado Estadual,5,2018
0274,25000,MARIANA PRADO NEVES DE OLIVEIRA ALVES,DEM,Deputado Estadual,9,2018
0274,25014,SEVERINO BEZERRA DE ANDRADE,DEM,Deputado Estadual,0,2018
0274,25025,APARECIDO DE CAMPOS FILHO,DEM,Deputado Estadual,1131,2018
0274,25077,MARIA LEDA ALVES DA COSTA,DEM,Deputado Estadual,0,2018
0274,25100,ROGÉRIO ANTÔNIO FURTADO BARROS,DEM,Deputado Estadual,5,2018
0274,25111,RODRIGO AUGUSTO MORAES,DEM,Deputado Estadual,80,2018
0274,25118,EDMIR JOSE ABI CHEDID,DEM,Deputado Estadual,65,2018
0274,25122,JOSE ALDO DEMARCHI,DEM,Deputado Estadual,48,2018
0274,25123,ROGERIO NOGUEIRA LOPES CRUZ,DEM,Deputado Estadual,129,2018
0274,25199,ESTEVAM GALVÃO DE OLIVEIRA,DEM,Deputado Estadual,3,2018
0274,25222,ROQUE LEVI SANTOS TAVARES,DEM,Deputado Estadual,1,2018
0274,25233,ROMILDO VIRGINIO DOS SANTOS,DEM,Deputado Estadual,0,2018
0274,25250,MILTON LEITE DA SILVA FILHO,DEM,Deputado Estadual,24,2018
0274,25255,ELAINE GONÇALVES OLIVEIRA,DEM,Deputado Estadual,0,2018
0274,25333,DANIEL BEZERRA RIBEIRO SOARES,DEM,Deputado Estadual,194,2018
0274,25555,ARTHUR MOLEDO DO VAL,DEM,Deputado Estadual,2150,2018
0274,25777,DANIELE ALVES DO AMPARO SOARES,DEM,Deputado Estadual,6,2018
0274,27000,TALITA EYMAEL LATÃES,DC,Deputado Estadual,1,2018
0274,27027,CLARICE OLGA SCHAITNER CESTARO,DC,Deputado Estadual,0,2018
0274,27047,CELIA APARECIDA FAGUNDES LEITE,DC,Deputado Estadual,0,2018
0274,27100,ANTONIO JORGE FILHO,DC,Deputado Estadual,0,2018
0274,27111,ROBERTO AUGUSTO PROCOPIO FERREIRA,DC,Deputado Estadual,0,2018
0274,27112,PAULO HENRIQUE RIBEIRO,DC,Deputado Estadual,0,2018
0274,27127,EDSON CARLOS MIRANDA MONTEIRO,DC,Deputado Estadual,0,2018
0274,27133,GICILENE DE LIMA MATUZAKI,DC,Deputado Estadual,0,2018
0274,27137,HUMBERTO DE ALENCAR SILVA,DC,Deputado Estadual,1,2018
0274,27154,APARECIDO LOURENÇO,DC,Deputado Estadual,1,2018
0274,27158,NEZIONETE HONORATO AMORIM,DC,Deputado Estadual,0,2018
0274,27222,EDMILSON LÁZARO GROPPO,DC,Deputado Estadual,2,2018
0274,27232,JOSÉ ROBERTO ARAUJO SOUZA,DC,Deputado Estadual,11,2018
0274,27270,IONARA MACHADO SOUZA,DC,Deputado Estadual,0,2018
0274,27278,RAIMUNDO NOUZINHO REIS SOARES,DC,Deputado Estadual,0,2018
0274,27299,VANDERLINO BATISTA MACHADO,DC,Deputado Estadual,0,2018
0274,27317,ISMAEL DA SILVA SOUZA,DC,Deputado Estadual,2,2018
0274,27333,DANIEL CRISÓSTOMO DOS SANTOS,DC,Deputado Estadual,0,2018
0274,27461,MARIA VERENA GAYOTTO CAMPOS,DC,Deputado Estadual,0,2018
0274,27464,KILDARE ANTONIO DE ARAUJO,DC,Deputado Estadual,0,2018
0274,27500,GREGORY WATERKEMPER DE SOUZA,DC,Deputado Estadual,0,2018
0274,27507,ADRIANA CARDOSO DE SA,DC,Deputado Estadual,0,2018
0274,27532,HELIOMAR COELHO SILVA JUNIOR,DC,Deputado Estadual,0,2018
0274,27557,EDSON RICARDO GUIMARÃES,DC,Deputado Estadual,0,2018
0274,27563,ALMIR JOSE DE MELO,DC,Deputado Estadual,0,2018
0274,27600,LETICIA IANCA MATOS,DC,Deputado Estadual,1,2018
0274,27640,LEVI ALEXANDRE DE OLIVEIRA,DC,Deputado Estadual,2,2018
0274,27717,JONADABES LOPES,DC,Deputado Estadual,0,2018
0274,27768,MARCOS TADEU DA COSTA PACHECO,DC,Deputado Estadual,2,2018
0274,28000,WILKER CAMARGO,PRTB,Deputado Estadual,0,2018
0274,28007,DELSO CARDOSO CYPRIANO,PRTB,Deputado Estadual,0,2018
0274,28008,JUCIMARA DE ALMEIDA SILVA PIAI,PRTB,Deputado Estadual,0,2018
0274,28014,VALMIR ALVES DA SILVA,PRTB,Deputado Estadual,0,2018
0274,28026,EMERSON PEIXOTO,PRTB,Deputado Estadual,0,2018
0274,28028,ISABELLA SANCHES DE SOUSA TREVISANI,PRTB,Deputado Estadual,1,2018
0274,28029,GLEICE APARECIDA DA SILVA,PRTB,Deputado Estadual,0,2018
0274,28038,HELIO SANTIAGO DOS SANTOS,PRTB,Deputado Estadual,2,2018
0274,28048,JOSE LUIS BARROS FILHO,PRTB,Deputado Estadual,0,2018
0274,28051,JOSÉ LUIZ GLADCHI,PRTB,Deputado Estadual,0,2018
0274,28073,DANIELA CORREA SANTOS,PRTB,Deputado Estadual,0,2018
0274,28079,ANDRÉ ALVES DA SILVA,PRTB,Deputado Estadual,0,2018
0274,28080,MARIA IZABEL PRANDO,PRTB,Deputado Estadual,0,2018
0274,28090,DANIEL BATISTA,PRTB,Deputado Estadual,0,2018
0274,28100,DORIEDSON SIMÃO DE OLIVEIRA,PRTB,Deputado Estadual,0,2018
0274,28111,DEIVID LOPES DA SILVA,PRTB,Deputado Estadual,0,2018
0274,28112,ANTONIO CARLOS ALVES DE LIRA,PRTB,Deputado Estadual,0,2018
0274,28122,YURI GAMA COSTA,PRTB,Deputado Estadual,0,2018
0274,28123,GERALDO PEREIRA FILHO,PRTB,Deputado Estadual,0,2018
0274,28128,LÍVIA MARIA RODRIGUES FIDELIX DA CRUZ,PRTB,Deputado Estadual,40,2018
0274,28166,JULIO CESAR DE SIMONE,PRTB,Deputado Estadual,0,2018
0274,28167,REINALDO RIBEIRO MOTA,PRTB,Deputado Estadual,0,2018
0274,28190,OSVALDO SANTOS DA SILVA,PRTB,Deputado Estadual,0,2018
0274,28191,JASIEL ANTONIO OLIVEIRA DE SOUZA,PRTB,Deputado Estadual,0,2018
0274,28199,LEILSON CASTRO DOS SANTOS,PRTB,Deputado Estadual,0,2018
0274,28200,ERICH DE ANDRÉS,PRTB,Deputado Estadual,0,2018
0274,28204,FRANCISCO ALVES DA SILVA,PRTB,Deputado Estadual,0,2018
0274,28222,MARA LUCIA GARCIA,PRTB,Deputado Estadual,0,2018
0274,28228,ADRIANO JOSÉ DOS REIS,PRTB,Deputado Estadual,1,2018
0274,28246,ILDETE FERREIRA DO PRADO COSTA,PRTB,Deputado Estadual,0,2018
0274,28282,FABIO SILINGARDI,PRTB,Deputado Estadual,0,2018
0274,28290,OZEIAS UMBELINO PINHEIRO,PRTB,Deputado Estadual,0,2018
0274,28323,EUDES APARECIDO MARTINS,PRTB,Deputado Estadual,0,2018
0274,28328,GETÚLIO DE SOUSA SANTOS,PRTB,Deputado Estadual,0,2018
0274,28353,FRANCISCO SEVERIANO DA SILVA,PRTB,Deputado Estadual,0,2018
0274,28388,MARCIO SOUZA RIBEIRO,PRTB,Deputado Estadual,0,2018
0274,28492,MARCOS ANTONIO DA CUNHA,PRTB,Deputado Estadual,0,2018
0274,28500,MARCELA TEIXEIRA BERNARDO,PRTB,Deputado Estadual,0,2018
0274,28501,RAIMUNDA NONATA BORGES,PRTB,Deputado Estadual,0,2018
0274,28510,LUIZETE FERREIRA DA SILVA,PRTB,Deputado Estadual,0,2018
0274,28513,JOSÉ CARLOS ROCHA,PRTB,Deputado Estadual,1,2018
0274,28518,ANTONIO CARLOS PANTANO,PRTB,Deputado Estadual,0,2018
0274,28528,JOSÉ NILTON GOMES DOS SANTOS,PRTB,Deputado Estadual,3,2018
0274,28600,PATRÍCIA GUERREIRO,PRTB,Deputado Estadual,0,2018
0274,28660,SIMONE MORAIS DOS SANTOS,PRTB,Deputado Estadual,0,2018
0274,28700,ROSANGELA VICENTE MOTTA,PRTB,Deputado Estadual,0,2018
0274,28718,ÍTALO GOSMANI MOLON,PRTB,Deputado Estadual,0,2018
0274,28765,RICARDO DOS SANTOS RABAÇA,PRTB,Deputado Estadual,0,2018
0274,28777,ELISANDRA DE MATTOS,PRTB,Deputado Estadual,0,2018
0274,28789,OSEIAS PINO GUARDIOLA,PRTB,Deputado Estadual,0,2018
0274,28800,ROSELI FERREIRA RICARDO,PRTB,Deputado Estadual,0,2018
0274,28825,SIMONE APARECIDA DE SOUZA SANO,PRTB,Deputado Estadual,0,2018
0274,28888,CÍCERO JOSÉ DE GOUVEIA,PRTB,Deputado Estadual,0,2018
0274,28900,WAGNERIANO DE LIMA MOREIRA,PRTB,Deputado Estadual,0,2018
0274,28901,IZABEL CRISTINA ROSA,PRTB,Deputado Estadual,0,2018
0274,28934,RENNÊ VIEIRA DE CARVALHO,PRTB,Deputado Estadual,0,2018
0274,30000,GABRIELA SILVEIRA DA ROCHA CAMARGO,NOVO,Deputado Estadual,155,2018
0274,30001,PAULO ROGERIO DENONI,NOVO,Deputado Estadual,10,2018
0274,30002,CRISTINA PEREIRA MONTEIRO,NOVO,Deputado Estadual,68,2018
0274,30003,ANA PAULA LOURENÇO,NOVO,Deputado Estadual,101,2018
0274,30005,EDUARDO LIMA DE SOUZA,NOVO,Deputado Estadual,15,2018
0274,30007,ALEXANDRE GODINHO BERTONCELLO,NOVO,Deputado Estadual,42,2018
0274,30009,PEDRO PEDRAL VANIN,NOVO,Deputado Estadual,14,2018
0274,30010,MONICA RAMIRES FERRAZ CURY,NOVO,Deputado Estadual,22,2018
0274,30016,MARIA APARECIDA RORATO,NOVO,Deputado Estadual,24,2018
0274,30017,MARCO ANTONIO RIBEIRO FEITOSA,NOVO,Deputado Estadual,21,2018
0274,30018,ROBERTA PINTO GRABERT,NOVO,Deputado Estadual,14,2018
0274,30019,RODRIGO GONÇALVES,NOVO,Deputado Estadual,3,2018
0274,30022,WILSON DE MELLO JUNIOR,NOVO,Deputado Estadual,4,2018
0274,30030,PAULO EDUARDO ANDRADE ORTIZ,NOVO,Deputado Estadual,14,2018
0274,30033,JAIRO MATHEOS FILHO,NOVO,Deputado Estadual,3,2018
0274,30037,JOSE RICARDO DE MORAES PINTO,NOVO,Deputado Estadual,18,2018
0274,30060,SUSANA LAMBERT DE BRITO SILVA,NOVO,Deputado Estadual,22,2018
0274,30077,JOSE EUGENIO FIGUEIREDO,NOVO,Deputado Estadual,1,2018
0274,30080,INGRID MIRIA FRARE,NOVO,Deputado Estadual,10,2018
0274,30100,RICARDO LUIS MELLAO,NOVO,Deputado Estadual,48,2018
0274,30111,HENI OZI CUKIER,NOVO,Deputado Estadual,431,2018
0274,30123,RAFAEL RIBEIRO ZUCCO,NOVO,Deputado Estadual,19,2018
0274,30130,LUIS ALEXANDRE PINHEIRO,NOVO,Deputado Estadual,3,2018
0274,30153,MIRIAM MARIA ANTUNES DE SOUZA,NOVO,Deputado Estadual,115,2018
0274,30190,ISAAC JULIO BARRETO LOPES BITTENCOURT,NOVO,Deputado Estadual,25,2018
0274,30222,RAPHAELA DE AZEVEDO GAETA,NOVO,Deputado Estadual,10,2018
0274,30234,ROBERTO CARLOS DE ALMEIDA,NOVO,Deputado Estadual,6,2018
0274,30300,DANIEL JOSÉ DA SILVA OLIVEIRA,NOVO,Deputado Estadual,631,2018
0274,30321,MARCOS ALEXANDRE DO NASCIMENTO ZOGNO,NOVO,Deputado Estadual,0,2018
0274,30330,MOISES BENEDITO ROSSI DA CUNHA,NOVO,Deputado Estadual,11,2018
0274,30333,CAROLINA CURIMBABA CAVALCANTE,NOVO,Deputado Estadual,76,2018
0274,30350,ROGERIO SILVA DE SOUZA,NOVO,Deputado Estadual,15,2018
0274,30400,ELIANA PRADO DE AZEVEDO,NOVO,Deputado Estadual,13,2018
0274,30444,EDUARDO HERNANDES DOMINGUES,NOVO,Deputado Estadual,5,2018
0274,30456,JOSE LUIZ PINTO DE MIRANDA,NOVO,Deputado Estadual,2,2018
0274,30500,SERGIO LUIZ VICTOR JUNIOR,NOVO,Deputado Estadual,39,2018
0274,30530,SILVANA ALVES POLO BARONE,NOVO,Deputado Estadual,9,2018
0274,30555,FELIPE LUIZ DE OLIVEIRA,NOVO,Deputado Estadual,10,2018
0274,30567,FABIO MOURA DA SILVA,NOVO,Deputado Estadual,1,2018
0274,30600,CECILIA CARMEN JACINTHO ANDRADE,NOVO,Deputado Estadual,23,2018
0274,30700,CICERO DE OLIVEIRA SALLES JUNIOR,NOVO,Deputado Estadual,22,2018
0274,30777,MARCOS DA SILVA COSTA,NOVO,Deputado Estadual,20,2018
0274,30789,EDUARDO AUGUSTO RISSI,NOVO,Deputado Estadual,13,2018
0274,30800,ANDREA DECOURT SAVELLI,NOVO,Deputado Estadual,99,2018
0274,30808,PAULO FORTES DIAS DE SOUZA,NOVO,Deputado Estadual,4,2018
0274,30833,IVAN RODRIGUES SANTANA,NOVO,Deputado Estadual,3,2018
0274,30888,LUCIANA FONTES LAVIERI ALBERTO,NOVO,Deputado Estadual,11,2018
0274,30900,DANIEL BISCOLA PEREIRA,NOVO,Deputado Estadual,790,2018
0274,30930,JOAO BATISTA DE OLIVEIRA SOBRINHO,NOVO,Deputado Estadual,0,2018
0274,30999,MAURICIO CARLOS EGYDIO,NOVO,Deputado Estadual,4,2018
0274,31000,PAULO JORGE MANSUR NETO,PHS,Deputado Estadual,116,2018
0274,31001,IONITA DE OLIVEIRA KRUGNER,PHS,Deputado Estadual,0,2018
0274,31002,MARCIO JOSE DA SILVA,PHS,Deputado Estadual,0,2018
0274,31004,ANDRÉ LUIZ COUTINHO DE SOUZA,PHS,Deputado Estadual,0,2018
0274,31005,NELSON FERREIRA FILHO,PHS,Deputado Estadual,0,2018
0274,31006,JOSÉ TIAGO PEREIRA DE SANTANA,PHS,Deputado Estadual,0,2018
0274,31007,LUIS FERNANDO QUINTEIRO DE SOUZA,PHS,Deputado Estadual,4,2018
0274,31008,EDISON BARBOSA VIEIRA SOBRINHO,PHS,Deputado Estadual,0,2018
0274,31009,WALTER PAIVA CIGLIONI,PHS,Deputado Estadual,0,2018
0274,31010,ADEMIR DA GUIA,PHS,Deputado Estadual,46,2018
0274,31011,ALEX DEIVE LOPES SOARES,PHS,Deputado Estadual,1,2018
0274,31015,CÍCERA ALVES DO NASCIMENTO SOARES,PHS,Deputado Estadual,0,2018
0274,31016,JACKSON SOARES GOMES,PHS,Deputado Estadual,0,2018
0274,31017,KELLY CEZARIO ESTEFANO AFONSO DA SILVA,PHS,Deputado Estadual,4,2018
0274,31019,JULIANA AVEIRO,PHS,Deputado Estadual,16,2018
0274,31021,PEDRO AUGUSTO MÁXIMO FAVARON,PHS,Deputado Estadual,0,2018
0274,31022,MARA CRISTINA DA SILVA TAVARES,PHS,Deputado Estadual,0,2018
0274,31023,SONIA REGINA LAZARO,PHS,Deputado Estadual,0,2018
0274,31025,JOSE CARLOS CAETANO,PHS,Deputado Estadual,15,2018
0274,31026,PAULO BARBOSA FRANCISCO,PHS,Deputado Estadual,0,2018
0274,31028,MARCOS ANTONIO PREZENÇA,PHS,Deputado Estadual,0,2018
0274,31029,JOSÉ FORTUNATO SANTANA JÚNIOR,PHS,Deputado Estadual,0,2018
0274,31031,DAMARIS DIAS MOURA KUO,PHS,Deputado Estadual,91,2018
0274,31032,JUAREZ DE CARVALHO COSTA,PHS,Deputado Estadual,0,2018
0274,31034,ADILSON LUIZ DA CRUZ,PHS,Deputado Estadual,0,2018
0274,31035,RONALDO ELIAS MARIANO,PHS,Deputado Estadual,0,2018
0274,31040,LUIZ HENRIQUE POLITA JARDIM TEIXEIRA,PHS,Deputado Estadual,0,2018
0274,31043,JUAREZ SOLANA DE FREITAS,PHS,Deputado Estadual,17,2018
0274,31044,ANA PAULA OLIVEIRA SOUZA,PHS,Deputado Estadual,0,2018
0274,31051,MARIA DA GLÓRIA MATOS GUILHAMATE,PHS,Deputado Estadual,0,2018
0274,31055,JERUSA JANUÁRIA DA SILVA,PHS,Deputado Estadual,0,2018
0274,31077,CLAUDETE CACCIAGUERRA,PHS,Deputado Estadual,0,2018
0274,31100,MARIO CESAR TRUNCI DE MARCO,PHS,Deputado Estadual,4,2018
0274,31109,FIRMINA ALVES DA SILVA,PHS,Deputado Estadual,0,2018
0274,31111,BRUNO CESAR ANDRELLO STIPPE,PHS,Deputado Estadual,10,2018
0274,31113,LETIVAN RODRIGUES DE CARVALHO,PHS,Deputado Estadual,0,2018
0274,31115,ANTONIO HENRIQUE PEREIRA LEITE,PHS,Deputado Estadual,0,2018
0274,31117,JAIRO PEDRO DE ASSIS,PHS,Deputado Estadual,0,2018
0274,31118,SIDNEY DE OLIVEIRA SOARES,PHS,Deputado Estadual,0,2018
0274,31121,FABRÍCIO MARCOS DA SILVA,PHS,Deputado Estadual,0,2018
0274,31123,PAULO DE TARSO NUNES CHIODE,PHS,Deputado Estadual,1,2018
0274,31124,CINTIA DE OLIVEIRA SILVA,PHS,Deputado Estadual,0,2018
0274,31130,MARIA DE FATIMA RODRIGUES ANDRADE PIRES,PHS,Deputado Estadual,0,2018
0274,31131,EDSON SATORU SAKASHITA,PHS,Deputado Estadual,4,2018
0274,31133,MARCO ANTONIO ZITO ALVARENGA,PHS,Deputado Estadual,1,2018
0274,31139,ELIAS DIAS DOS SANTOS,PHS,Deputado Estadual,0,2018
0274,31164,KÁTIA TORBA PERRONE,PHS,Deputado Estadual,0,2018
0274,31183,VALDIR DONIZETE FLAUSINO,PHS,Deputado Estadual,0,2018
0274,31190,FERDINANDO AUGUSTO GALERA,PHS,Deputado Estadual,1,2018
0274,31193,ANGELO MARCIO DE JESUS SILVA,PHS,Deputado Estadual,0,2018
0274,31199,EDSON RODRIGUES CARDOSO,PHS,Deputado Estadual,0,2018
0274,31200,ALESSANDRO RUIZ MARTINEZ,PHS,Deputado Estadual,53,2018
0274,31201,VINÍCIUS DE ANDRADE PEREIRA,PHS,Deputado Estadual,0,2018
0274,31202,THEREZINHA MARIA DE JESUS DA SILVA,PHS,Deputado Estadual,0,2018
0274,31211,RAIMUNDO SOUZA TEIXEIRA,PHS,Deputado Estadual,0,2018
0274,31222,WALDIR FRANCISCO LIMA,PHS,Deputado Estadual,1,2018
0274,31234,MARCUS VINÍCIUS ANDRADE AMBRÓSIO,PHS,Deputado Estadual,0,2018
0274,31277,LUIZ EUSTAQUIO DOS SANTOS,PHS,Deputado Estadual,0,2018
0274,31291,REGINALDO NUNES BEZERRA,PHS,Deputado Estadual,0,2018
0274,31299,PAULO SÉRGIO RODRIGUES DA SILVA,PHS,Deputado Estadual,6,2018
0274,31300,AILTON APARECIDO TIPÓ LAURINDO,PHS,Deputado Estadual,5,2018
0274,31303,FELIPE ANDRE CANUTO GOMES,PHS,Deputado Estadual,1,2018
0274,31311,NOELI PEREIRA MAESTER,PHS,Deputado Estadual,0,2018
0274,31313,ULISSES ROBERTO CORNAZZANI SALES,PHS,Deputado Estadual,2,2018
0274,31320,EDSON DA CRUZ,PHS,Deputado Estadual,0,2018
0274,31322,VALDIRENY DE MIRA DA SILVA,PHS,Deputado Estadual,3,2018
0274,31331,BAZELAU RAMOS,PHS,Deputado Estadual,29,2018
0274,31333,THELMA ELAINE BRASILEIRO ROBERTI,PHS,Deputado Estadual,483,2018
0274,31349,RICARDO HOLZ VIDAL DOS SANTOS,PHS,Deputado Estadual,0,2018
0274,31364,DENIS DIAS DA ROCHA,PHS,Deputado Estadual,0,2018
0274,31373,MICHEL HENRIQUE MOREIRA BARBOSA,PHS,Deputado Estadual,0,2018
0274,31399,ROSEANE SEPRENYI,PHS,Deputado Estadual,0,2018
0274,31401,REGINA DE CÁSSIA  PONTES ALVES DA SILVA,PHS,Deputado Estadual,0,2018
0274,31421,CARLOS ALBERTO RIBEIRO,PHS,Deputado Estadual,0,2018
0274,31444,FERNANDO BITENCOURT,PHS,Deputado Estadual,0,2018
0274,31450,DALVA REGINA PERES,PHS,Deputado Estadual,0,2018
0274,31455,EDSON FUZARO DE CASTRO,PHS,Deputado Estadual,1,2018
0274,31456,JOÃO AGNALDO DONIZETI GANDINI,PHS,Deputado Estadual,1,2018
0274,31500,VALDECIR APARECIDO DO NASCIMENTO,PHS,Deputado Estadual,5,2018
0274,31531,JONAS DE CASTRO DIAS,PHS,Deputado Estadual,0,2018
0274,31550,TALITHA CICILINI GARAVATI,PHS,Deputado Estadual,0,2018
0274,31551,ANDRESSA LUIZ MARTINS,PHS,Deputado Estadual,3,2018
0274,31555,EDICARLOS DE OLIVEIRA SANTOS,PHS,Deputado Estadual,0,2018
0274,31611,RAMON BERTONI PEREIRA,PHS,Deputado Estadual,0,2018
0274,31631,RONALDO FRANCISCO DA CRUZ,PHS,Deputado Estadual,0,2018
0274,31650,WILLIAM SEITI SASHIDA,PHS,Deputado Estadual,0,2018
0274,31651,GUSTAVO HENRIQUE FARGIANI,PHS,Deputado Estadual,0,2018
0274,31660,HELENA APARECIDA GOMES,PHS,Deputado Estadual,0,2018
0274,31717,CRISTIANE FONTES DE CARVALHO NOGUEIRA,PHS,Deputado Estadual,0,2018
0274,31747,ODAIR DE ABREU,PHS,Deputado Estadual,0,2018
0274,31770,MARIA JOSETANIA DE OLIVEIRA TEIXEIRA,PHS,Deputado Estadual,0,2018
0274,31777,GERALDO PEREIRA DE BARROS NETO,PHS,Deputado Estadual,0,2018
0274,31780,BRAZ PEREIRA,PHS,Deputado Estadual,0,2018
0274,31787,AUGUSTO VIEIRA DA SILVA,PHS,Deputado Estadual,0,2018
0274,31789,GUSTAVO COELHO DA SILVA,PHS,Deputado Estadual,0,2018
0274,31800,JOSE ARIVALDO RODRIGUES,PHS,Deputado Estadual,2,2018
0274,31880,MARIA CORDELIZA DOS SANTOS,PHS,Deputado Estadual,0,2018
0274,31900,ADRIANA LUCIA BARRETO,PHS,Deputado Estadual,0,2018
0274,31972,ROSELI DE CAMPOS,PHS,Deputado Estadual,0,2018
0274,31973,ALEXANDRE OLIMPIO DOS SANTOS,PHS,Deputado Estadual,1,2018
0274,31977,LUIZ JACINTO NEPOMUCENO NETO,PHS,Deputado Estadual,1,2018
0274,31990,ELIAS DOS ANJOS,PHS,Deputado Estadual,0,2018
0274,31999,DANIELA HELENICE DANELUZZI SUTTO,PHS,Deputado Estadual,0,2018
0274,33001,JOSÉ MILTON RUIZ LOPES,PMN,Deputado Estadual,1,2018
0274,33003,MÔNICA MARINA BONIFÁCIO MOSCHETTA,PMN,Deputado Estadual,0,2018
0274,33033,FRANCISCO MARCOS IRAN AQUINO ROLIM,PMN,Deputado Estadual,12,2018
0274,33056,PAULO MASSARELLI,PMN,Deputado Estadual,1,2018
0274,33090,JOSÉ EDUARDO DE OLIVEIRA,PMN,Deputado Estadual,0,2018
0274,33111,MAYCON HYPPOLITO NOGUEIRA,PMN,Deputado Estadual,0,2018
0274,33125,ILIETE GERAGE,PMN,Deputado Estadual,0,2018
0274,33140,ROBERTO BARBOSA RODRIGUES,PMN,Deputado Estadual,0,2018
0274,33145,DIOGO ALVES DE PAIVA,PMN,Deputado Estadual,0,2018
0274,33150,JOÃO MARCOS LEITE,PMN,Deputado Estadual,0,2018
0274,33156,WILSON SANTOS MARTINS JUNIOR,PMN,Deputado Estadual,0,2018
0274,33190,CELIMAR GOMES DA SILVA,PMN,Deputado Estadual,8,2018
0274,33193,MARCIO DONIZETE CRUZ SILVA,PMN,Deputado Estadual,2,2018
0274,33216,ROBERTO VIEIRA DIAS,PMN,Deputado Estadual,0,2018
0274,33223,SANDRO CUNHA,PMN,Deputado Estadual,0,2018
0274,33233,ADIENE CRISTINA SCAREL BRENGA,PMN,Deputado Estadual,8,2018
0274,33300,ALEX BATISTA ROCHA,PMN,Deputado Estadual,28,2018
0274,33313,ANTONIO CARLOS FERREIRA JUNIOR,PMN,Deputado Estadual,0,2018
0274,33321,MICHAEL REGINALDO OLIVEIRA DO NASCIMENTO,PMN,Deputado Estadual,0,2018
0274,33333,CARLOS EDUARDO DA SILVA,PMN,Deputado Estadual,7,2018
0274,33356,CARLOS ROBERTO SILVA,PMN,Deputado Estadual,0,2018
0274,33445,LUCIANA ALVES BONIFÁCIO,PMN,Deputado Estadual,0,2018
0274,33456,REGINALDO VIANA GOMES,PMN,Deputado Estadual,1,2018
0274,33464,DENIVIA ROSA DOS SANTOS OLIVEIRA,PMN,Deputado Estadual,0,2018
0274,33555,JOSIVAN FERREIRA DE ASSIS,PMN,Deputado Estadual,0,2018
0274,33633,GERALDO DA SILVA MAIA FILHO,PMN,Deputado Estadual,17,2018
0274,33645,GLADISON DAVID NEIVA DIAS,PMN,Deputado Estadual,2,2018
0274,33651,RITA DE CASSIA MENEZES SANTOS NASCIMENTO,PMN,Deputado Estadual,0,2018
0274,33661,IRENILDA APARECIDA MARIA FRANCISCO,PMN,Deputado Estadual,11,2018
0274,33663,VERIDIANA DA SILVA CASTRO MARTINES,PMN,Deputado Estadual,0,2018
0274,33666,AGNALDO ALVES PEREIRA,PMN,Deputado Estadual,1,2018
0274,33707,ROGÉRIO MARCELINO DE MOURA,PMN,Deputado Estadual,0,2018
0274,33777,LUISA APARECIDA DE BARROS,PMN,Deputado Estadual,1,2018
0274,33789,ANDRÉ BASÍLIO DOS SANTOS,PMN,Deputado Estadual,0,2018
0274,33808,ELSA MUCHA ZANELLA,PMN,Deputado Estadual,0,2018
0274,33810,MARCOS ANTONIO COSTA,PMN,Deputado Estadual,0,2018
0274,33848,OSCAR DE MATTOS,PMN,Deputado Estadual,0,2018
0274,33888,JOSÉ FERREIRA CUNHA,PMN,Deputado Estadual,0,2018
0274,33900,MARIA ERIVANDA CAVALCANTE ARAÚJO,PMN,Deputado Estadual,0,2018
0274,35001,EDNEI APARECIDO PEREIRA,PMB,Deputado Estadual,0,2018
0274,35007,FRANCISCO MAURO DOS SANTOS,PMB,Deputado Estadual,0,2018
0274,35010,SIRA DA SILVA,PMB,Deputado Estadual,0,2018
0274,35011,ELIANA GUERREIRO,PMB,Deputado Estadual,0,2018
0274,35017,TALALE MICHEL CHEDID FILHO,PMB,Deputado Estadual,0,2018
0274,35022,ROSÁLIA DOS SANTOS LIMA,PMB,Deputado Estadual,0,2018
0274,35055,SANDRO HENRIQUE DE CARVALHO COELHO,PMB,Deputado Estadual,0,2018
0274,35100,ALESSANDRA VICENTE SILVERIO,PMB,Deputado Estadual,4,2018
0274,35111,HÉLIO TELES ALVES,PMB,Deputado Estadual,0,2018
0274,35123,AIRTON DA COSTA,PMB,Deputado Estadual,0,2018
0274,35129,CLEUZA SOUZA FRANÇA ALVES,PMB,Deputado Estadual,0,2018
0274,35135,SIMONE APARECIDA DE SOUZA SOARES,PMB,Deputado Estadual,0,2018
0274,35163,ROSIMEIRE SANTOS CESCHINI,PMB,Deputado Estadual,1,2018
0274,35321,MARIA DO CARMO DA CRUZ SANTOS,PMB,Deputado Estadual,0,2018
0274,35333,CARLA ZIPER PEREIRA DE CARVALHO,PMB,Deputado Estadual,1,2018
0274,35456,MARIA TERESA LANDUCCI ROSSIGALLI,PMB,Deputado Estadual,0,2018
0274,35477,REGIANE APARECIDA DE SOUZA NEVES,PMB,Deputado Estadual,0,2018
0274,35500,JOÃO MIGUEL ALVES,PMB,Deputado Estadual,3,2018
0274,35555,WENCESLAU DE SOUZA NETO,PMB,Deputado Estadual,0,2018
0274,35600,ADILSON ALVES DE OLIVEIRA,PMB,Deputado Estadual,0,2018
0274,35678,SARA REGINA ADÃO SILVA,PMB,Deputado Estadual,0,2018
0274,35755,TIAGO CESAR GONÇALVES,PMB,Deputado Estadual,0,2018
0274,35777,ANITA DOS SANTOS TAKAIYASU,PMB,Deputado Estadual,0,2018
0274,35853,WANDER RIBEIRO DE ALMEIDA,PMB,Deputado Estadual,0,2018
0274,35888,JAIME DA SILVA,PMB,Deputado Estadual,0,2018
0274,36000,LAURINDA VAZ DE LIMA,PTC,Deputado Estadual,0,2018
0274,36003,MAGNA SOUZA ARAUJO DA SILVA,PTC,Deputado Estadual,0,2018
0274,36007,RODRIGO EDUARDO DE ALMEIDA PARDI,PTC,Deputado Estadual,0,2018
0274,36010,REANOLFO CLAUDIO DE SIQUEIRA,PTC,Deputado Estadual,0,2018
0274,36013,TELISVALDO OLIVEIRA RIOS,PTC,Deputado Estadual,5,2018
0274,36015,ELIANE FLORENCIO DA SILVA,PTC,Deputado Estadual,0,2018
0274,36016,CLAUDIA OLIVEIRA RODRIGUES SANTOS,PTC,Deputado Estadual,0,2018
0274,36018,GERALDO MONTEIRO TEIXEIRA FILHO,PTC,Deputado Estadual,0,2018
0274,36019,ROSANA CASSIA DOS SANTOS,PTC,Deputado Estadual,0,2018
0274,36033,MAURICIO SIQUEIRA,PTC,Deputado Estadual,0,2018
0274,36036,LEONARDO DA SILVA BRIGAGAO,PTC,Deputado Estadual,3,2018
0274,36070,ALESSANDRO LEITE CAGE,PTC,Deputado Estadual,0,2018
0274,36100,MARINA CAFASSO MOREIRA FARIA,PTC,Deputado Estadual,0,2018
0274,36111,MARCELO LUCIANO DA SILVA,PTC,Deputado Estadual,0,2018
0274,36132,MILTON ANGELO RODRIGUES FILHO,PTC,Deputado Estadual,0,2018
0274,36190,ALEXANDRE ALVES DA ROCHA,PTC,Deputado Estadual,0,2018
0274,36222,FRANCISCA MARIA DE MORAES RODRIGUES,PTC,Deputado Estadual,0,2018
0274,36250,LUCIO FLAVIO PICANÇA FREIRE,PTC,Deputado Estadual,0,2018
0274,36333,PAULO FRANCISCO ALVARENGA BARBOSA,PTC,Deputado Estadual,1,2018
0274,36360,MOACYR SANTANA GUIMARAES,PTC,Deputado Estadual,0,2018
0274,36456,MARCELO DA CRUZ DE SOUZA,PTC,Deputado Estadual,0,2018
0274,36500,SERGIO BORGES ARRUDA,PTC,Deputado Estadual,1,2018
0274,36555,HELTON MESSIAS,PTC,Deputado Estadual,0,2018
0274,36705,JEFFERSON TORRES DA CRUZ,PTC,Deputado Estadual,0,2018
0274,36710,ELIZABET DA SILVA ALMEIDA,PTC,Deputado Estadual,0,2018
0274,36777,EDVALDO DA SILVA GABRIEL,PTC,Deputado Estadual,0,2018
0274,36789,ROGERIO JACOMO MICHELETTI,PTC,Deputado Estadual,1,2018
0274,36888,JOSE MARIA BARBOSA DA SILVA,PTC,Deputado Estadual,0,2018
0274,36889,JOYCE FELIX BARBOZA,PTC,Deputado Estadual,0,2018
0274,36904,MARCOS PRUDENTE CAJE,PTC,Deputado Estadual,0,2018
0274,40000,RAFAEL FERNANDO ZIMBALDI,PSB,Deputado Estadual,5344,2018
0274,40001,LUIS CLAUDIO LAPENA BARRETO,PSB,Deputado Estadual,4,2018
0274,40004,ANGELO JOSÉ LEITE CARDOSO COELHO,PSB,Deputado Estadual,2,2018
0274,40010,HUGO DO PRADO SANTOS,PSB,Deputado Estadual,2,2018
0274,40012,ANIZIA MOTTA DOS SANTOS LOURENÇO,PSB,Deputado Estadual,2,2018
0274,40014,ILDACY BOTELHO CORDEIRO,PSB,Deputado Estadual,0,2018
0274,40023,ORLANDO JOSÉ BOLÇONE,PSB,Deputado Estadual,20,2018
0274,40040,REGIS LEANDRO YASUMURA,PSB,Deputado Estadual,7,2018
0274,40080,SUELY VILELA,PSB,Deputado Estadual,13,2018
0274,40100,ROBERTO CARVALHO ENGLER PINTO,PSB,Deputado Estadual,6,2018
0274,40111,GILMARA ALMEIDA GONÇALVES RIEVRS OLIVEIRA,PSB,Deputado Estadual,4,2018
0274,40112,CARLOS CEZAR DA SILVA,PSB,Deputado Estadual,439,2018
0274,40123,EDSON TOMAZINI,PSB,Deputado Estadual,6,2018
0274,40140,NELSON DIMAS BRAMBILLA,PSB,Deputado Estadual,13,2018
0274,40144,MARIA DE FATIMA DE CARVALHO,PSB,Deputado Estadual,2,2018
0274,40150,BASÍLIO ZECCHINI FILHO,PSB,Deputado Estadual,1,2018
0274,40163,LUZINETE ROSA DOS SANTOS,PSB,Deputado Estadual,0,2018
0274,40180,LUCIANA TRINDADE DE MACEDO,PSB,Deputado Estadual,4,2018
0274,40193,AMILTON PEREIRA BRITO,PSB,Deputado Estadual,3,2018
0274,40222,ROBERTO YOSHIHIRO SEKIYA,PSB,Deputado Estadual,6,2018
0274,40234,CAMILA CORREA MARINO,PSB,Deputado Estadual,0,2018
0274,40280,MARTA CRISTINA LEÃO FERREIRA DA CUNHA,PSB,Deputado Estadual,37,2018
0274,40300,GIL LANCASTER FRAZÃO DE MORÃES,PSB,Deputado Estadual,34,2018
0274,40321,RODOLFO HESSEL FANGANIELLO,PSB,Deputado Estadual,8,2018
0274,40333,ANA CRISTINA GONÇALVES DE ABREU SOUZA,PSB,Deputado Estadual,20,2018
0274,40400,ADILSON ROSSI,PSB,Deputado Estadual,41,2018
0274,40401,LUCIANA OLIVEIRA DE PAIVA,PSB,Deputado Estadual,0,2018
0274,40404,NILTON ROBERTO MARTINES,PSB,Deputado Estadual,4,2018
0274,40440,FÁBIO ALEXANDRE DE ARAÚJO NUNES,PSB,Deputado Estadual,3,2018
0274,40456,JOÃO CARLOS CARAMEZ,PSB,Deputado Estadual,12,2018
0274,40500,RAFAEL ANTONIO DA SILVA,PSB,Deputado Estadual,9,2018
0274,40505,FABRICIO AMARO ANDRADE,PSB,Deputado Estadual,0,2018
0274,40540,JOSÉ ANTONIO BARROS MUNHOZ,PSB,Deputado Estadual,31,2018
0274,40550,MARIO LUIZ TARRICONE,PSB,Deputado Estadual,2,2018
0274,40555,PAULO SERGIO BAPTISTA DE SOUZA,PSB,Deputado Estadual,2,2018
0274,40600,FABÍOLA DE CAMPOS BRAGA MATTOZINHO,PSB,Deputado Estadual,49,2018
0274,40610,DHONY OLIVEIRA SOUZA,PSB,Deputado Estadual,1,2018
0274,40640,CAIO FRANÇA DE GOUVEA GOMES,PSB,Deputado Estadual,38,2018
0274,40675,JOAQUIM MARCELINO JOFFRE NETO,PSB,Deputado Estadual,0,2018
0274,40740,ADMIR DONIZETI FERRO,PSB,Deputado Estadual,1,2018
0274,40777,ANDRÉ LUIS BUENO,PSB,Deputado Estadual,22,2018
0274,40780,JOSÉ AGRIPINO DA SILVA,PSB,Deputado Estadual,1,2018
0274,40789,VINICIUS ALMEIDA CAMARINHA,PSB,Deputado Estadual,8,2018
0274,40866,ROSELI APARECIDA KEIKO KOBAYASHI,PSB,Deputado Estadual,1,2018
0274,40888,EMILIANO ZAPATA FERREIRA MARCELINO SILVA,PSB,Deputado Estadual,15,2018
0274,40999,MARCO ANTONIO SILVA,PSB,Deputado Estadual,0,2018
0274,43000,FRANCISCO JARLES DA SILVA BEZERRA,PV,Deputado Estadual,0,2018
0274,43001,EDSON DE OLIVEIRA GIRIBONI,PV,Deputado Estadual,12,2018
0274,43008,JOSÉ HENRIQUE CONTI,PV,Deputado Estadual,49,2018
0274,43010,CÉLIA CANDIDA MARCONDES SMITH,PV,Deputado Estadual,1,2018
0274,43013,PRISCILA FRANÇA DE FIGUEIREDO,PV,Deputado Estadual,0,2018
0274,43015,JOÃO AMAURICIO PAULI,PV,Deputado Estadual,2,2018
0274,43024,REGINALDO SOUZA MACHADO,PV,Deputado Estadual,2,2018
0274,43033,FRANCISCO ANTONIO SARDELLI,PV,Deputado Estadual,38,2018
0274,43043,HERNANDO MAURO DIÓGENES DE AQUINO,PV,Deputado Estadual,2,2018
0274,43044,ESTER DA SILVA,PV,Deputado Estadual,0,2018
0274,43100,CELINA HARUMI NISHIZAWA,PV,Deputado Estadual,1,2018
0274,43123,CÍCERA SEVERINA DA CONCEIÇÃO MUSA,PV,Deputado Estadual,3,2018
0274,43135,JOSÉ AFONSO LOBATO,PV,Deputado Estadual,16,2018
0274,43199,LILIAN CRISTINA DOS SANTOS FARIA,PV,Deputado Estadual,0,2018
0274,43243,ANTONIO CARLOS MARTINS RIBEIRO,PV,Deputado Estadual,4,2018
0274,43300,LUANA LACERDA DE ALMEIDA,PV,Deputado Estadual,0,2018
0274,43333,ULYSSES MARIO TASSINARI,PV,Deputado Estadual,16,2018
0274,43334,LUIS MARCELO COMERON,PV,Deputado Estadual,3,2018
0274,43363,REINALDO DE SOUZA ALGUZ,PV,Deputado Estadual,111,2018
0274,43369,ORLANDO COUTO JUNIOR,PV,Deputado Estadual,3,2018
0274,43432,MARIA BEZERRA DE MENEZES SCORZA,PV,Deputado Estadual,0,2018
0274,43433,BRUNA HELENA SOUZA TEIXEIRA DE BARROS,PV,Deputado Estadual,40,2018
0274,43543,ANTONIO FERNANDES FERRARI,PV,Deputado Estadual,0,2018
0274,43622,CESAR AUGUSTO JOSÉ,PV,Deputado Estadual,0,2018
0274,43666,ANA DA SILVA FERNANDES,PV,Deputado Estadual,2,2018
0274,43777,CAIO CESAR MACHADO DA CUNHA,PV,Deputado Estadual,2,2018
0274,43999,VERA LÚCIA DA SILVA VENTURA,PV,Deputado Estadual,0,2018
0274,44000,REGINALDO PUGAS,PRP,Deputado Estadual,2,2018
0274,44002,JOSE FERNANDO DA SILVA LUZ,PRP,Deputado Estadual,1,2018
0274,44003,ABIGAIL BENTO DA SILVA,PRP,Deputado Estadual,3,2018
0274,44004,SERGIO CUNHA,PRP,Deputado Estadual,0,2018
0274,44005,APARECIDO DOS SANTOS,PRP,Deputado Estadual,0,2018
0274,44007,ANTONIO CLAUDINO CORDEIRO,PRP,Deputado Estadual,0,2018
0274,44008,SERGIO ALBUQUERQUE LIMA,PRP,Deputado Estadual,0,2018
0274,44012,PATRICIA DE ARRUDA APOLINÁRIO,PRP,Deputado Estadual,0,2018
0274,44014,MARIA ANDRADE DA SILVA,PRP,Deputado Estadual,0,2018
0274,44015,MARIA CRISTINA CICAGNO,PRP,Deputado Estadual,0,2018
0274,44016,MARIA REGINA ALMEIDA SANTOS SANCHES,PRP,Deputado Estadual,0,2018
0274,44018,ALAINY PRYSCILLA OLIVEIRA DA SILVA,PRP,Deputado Estadual,0,2018
0274,44022,TELMA GIMENEZ LOUREIRO,PRP,Deputado Estadual,0,2018
0274,44023,GRECIONE MAGALHÃES DE ALMEIDA,PRP,Deputado Estadual,1,2018
0274,44025,JOSE ROOSEVELT MARTOS,PRP,Deputado Estadual,0,2018
0274,44027,MARIA JOSE DA SILVA,PRP,Deputado Estadual,2,2018
0274,44040,WILLIAM ALBERTO DE ANDRADE,PRP,Deputado Estadual,0,2018
0274,44042,ORIDES MARTINS NEVES,PRP,Deputado Estadual,0,2018
0274,44043,JOSE VERGILIO REIS,PRP,Deputado Estadual,2,2018
0274,44044,RODRIGO PEREIRA DE OLIVEIRA,PRP,Deputado Estadual,0,2018
0274,44045,UZIEL FERREIRA DO NASCIMENTO,PRP,Deputado Estadual,0,2018
0274,44046,FRANCISCO DE ASSIS VIEIRA,PRP,Deputado Estadual,0,2018
0274,44047,ZENAIDE GONCALVES VIANA,PRP,Deputado Estadual,0,2018
0274,44055,JACKSON CARLOS SOUZA DO SACRAMENTO,PRP,Deputado Estadual,0,2018
0274,44062,PAULO PRADO LEITE,PRP,Deputado Estadual,0,2018
0274,44066,DOMINGOS SALVIO SANTOS DA ANUNCIAÇÃO,PRP,Deputado Estadual,0,2018
0274,44077,HELIO BRASSAROTO,PRP,Deputado Estadual,0,2018
0274,44088,WALTER BONETTI,PRP,Deputado Estadual,0,2018
0274,44091,JOSE JATOBA FILHO,PRP,Deputado Estadual,0,2018
0274,44100,ANTONIO ELITON SANTOS DE BRITO,PRP,Deputado Estadual,0,2018
0274,44105,DANIELE REGINA RODRIGUES DO CARMO,PRP,Deputado Estadual,0,2018
0274,44106,ANGELA ALVES PEREIRA GOUVEIA,PRP,Deputado Estadual,0,2018
0274,44111,PAULO MEDEIROS DOS SANTOS,PRP,Deputado Estadual,0,2018
0274,44113,MOISES FERREIRA DA SILVA,PRP,Deputado Estadual,0,2018
0274,44114,APARECIDO ALESSIO CRUZ DE OLIVEIRA,PRP,Deputado Estadual,0,2018
0274,44117,MARCOS FRANCISCO DE MORAES,PRP,Deputado Estadual,0,2018
0274,44118,LUIZ FERNANDES,PRP,Deputado Estadual,0,2018
0274,44120,JOSE CARLOS DOS SANTOS,PRP,Deputado Estadual,0,2018
0274,44122,DEYVISON ERIK GASPAR,PRP,Deputado Estadual,1,2018
0274,44123,JOÃO BATISTA BRANDÃO DO AMARAL,PRP,Deputado Estadual,1,2018
0274,44124,DALILA RITA VITOR DOS SANTOS DA SILVA,PRP,Deputado Estadual,0,2018
0274,44130,JOSE EDVALDO BRITO,PRP,Deputado Estadual,0,2018
0274,44140,MARCELO COLUSSO,PRP,Deputado Estadual,0,2018
0274,44142,LUCINEIA SECANECHIA MALTA,PRP,Deputado Estadual,0,2018
0274,44144,DANIEL MATIAS DA SILVA,PRP,Deputado Estadual,0,2018
0274,44153,DANIEL PEREIRA DA SILVA,PRP,Deputado Estadual,0,2018
0274,44157,RODNEI CESAR DE SOUZA,PRP,Deputado Estadual,0,2018
0274,44160,CLEIDE MARIA ARAUJO MODESTO,PRP,Deputado Estadual,0,2018
0274,44176,MARCELO ROMANO GONÇALVES,PRP,Deputado Estadual,0,2018
0274,44182,EDINEI ROCHA SANTANA,PRP,Deputado Estadual,0,2018
0274,44190,JEAN PIERRE FERREIRA DA SILVA,PRP,Deputado Estadual,0,2018
0274,44201,EROS GOMES RIBEIRO,PRP,Deputado Estadual,0,2018
0274,44211,RAFAEL PEREIRA DA SILVA,PRP,Deputado Estadual,0,2018
0274,44213,SERGIO ALVES DOS SANTOS,PRP,Deputado Estadual,0,2018
0274,44222,ROSANGELA HENRIQUE DE LIMA,PRP,Deputado Estadual,0,2018
0274,44223,MARTA CORREA DOS SANTOS,PRP,Deputado Estadual,0,2018
0274,44234,REGINALDO SOARES DOS SANTOS,PRP,Deputado Estadual,0,2018
0274,44255,EVERALDO CAETANO DA SILVA,PRP,Deputado Estadual,0,2018
0274,44301,ODIVA FERNANDES MENEZES,PRP,Deputado Estadual,0,2018
0274,44334,PAULO CALADO FARIAS,PRP,Deputado Estadual,0,2018
0274,44343,PATRICIA CONSUELO DE SOUZA,PRP,Deputado Estadual,0,2018
0274,44344,SILVANA INES MOREIRA,PRP,Deputado Estadual,0,2018
0274,44351,ILMA ROSA DA SILVA,PRP,Deputado Estadual,0,2018
0274,44411,AMAURY CUNHA CÂMARA,PRP,Deputado Estadual,0,2018
0274,44418,SILVANA REGINA DA SILVA DOS SANTOS,PRP,Deputado Estadual,0,2018
0274,44423,LUCIANA DRAGONE COUTINHO,PRP,Deputado Estadual,0,2018
0274,44425,ELISABETH APARECIDA RODRIGUES DOS SANTOS,PRP,Deputado Estadual,0,2018
0274,44440,JOSE CARLOS LEITE DE CARVALHO,PRP,Deputado Estadual,0,2018
0274,44441,ALESSANDRO MOGLIA,PRP,Deputado Estadual,0,2018
0274,44443,JOÃO LIMA COSTA,PRP,Deputado Estadual,0,2018
0274,44444,FELICIANO NAHIMY FILHO,PRP,Deputado Estadual,559,2018
0274,44445,MOYSES GABRIEL,PRP,Deputado Estadual,0,2018
0274,44447,CARMEM MARIA UCHOA FERNANDES,PRP,Deputado Estadual,0,2018
0274,44456,CARLOS ROBERTO RANGEL DE SOUZA,PRP,Deputado Estadual,0,2018
0274,44491,SONIA MARIA GUERREIRO PAZINI,PRP,Deputado Estadual,0,2018
0274,44499,ROSEMEIRE RIBEIRO,PRP,Deputado Estadual,0,2018
0274,44500,ROGERIO GOMES DO NASCIMENTO,PRP,Deputado Estadual,0,2018
0274,44511,JOSE CARLOS FLAUSINO,PRP,Deputado Estadual,0,2018
0274,44544,ISAIAS GUEDES GUIMARÃES,PRP,Deputado Estadual,0,2018
0274,44553,ROMILDO FIDELIS,PRP,Deputado Estadual,0,2018
0274,44567,JOSE BERALDO,PRP,Deputado Estadual,0,2018
0274,44600,ARMINDO ALBINO MUNHOZ,PRP,Deputado Estadual,0,2018
0274,44610,DANUBIA CRISTINA GOMES ALVES,PRP,Deputado Estadual,0,2018
0274,44631,JONAS FONTOURA SANTANA,PRP,Deputado Estadual,0,2018
0274,44663,MANOEL MILANEZ DA SILVA FILHO,PRP,Deputado Estadual,0,2018
0274,44666,JOÃO BOSCO DANTAS LOPES,PRP,Deputado Estadual,0,2018
0274,44677,ADRIANA SOUZA DOS SANTOS PEREIRA,PRP,Deputado Estadual,0,2018
0274,44678,OSVALDO LIMA DA SILVA,PRP,Deputado Estadual,0,2018
0274,44700,ITAMAR SENA,PRP,Deputado Estadual,0,2018
0274,44728,WLADIMIR ROGERIO DOS SANTOS,PRP,Deputado Estadual,0,2018
0274,44744,MARCELO EDUARDO AMICI JORGE,PRP,Deputado Estadual,9,2018
0274,44758,RENATO BORGIANI,PRP,Deputado Estadual,0,2018
0274,44774,MARCELO SOLON RODRIGUES,PRP,Deputado Estadual,0,2018
0274,44777,JESUS DE AQUINO,PRP,Deputado Estadual,1,2018
0274,44779,DALILA CAMARGO,PRP,Deputado Estadual,0,2018
0274,44789,JOÃO ALFREDO DE OLIVEIRA,PRP,Deputado Estadual,0,2018
0274,44800,MARCELO DONIZETTI FARIA RAMALHO,PRP,Deputado Estadual,0,2018
0274,44888,JOSE VALDIVINO GREGORIO,PRP,Deputado Estadual,0,2018
0274,44910,MARCOS PAULO CABRAL DE LIMA,PRP,Deputado Estadual,0,2018
0274,44944,VERA LUCIA APARECIDA ALVES,PRP,Deputado Estadual,0,2018
0274,44949,SILVANA REIS NICOLAU,PRP,Deputado Estadual,0,2018
0274,44977,NEUSA DA SILVA OLIVEIRA,PRP,Deputado Estadual,0,2018
0274,44999,RODRIGO SALES BARBOSA,PRP,Deputado Estadual,0,2018
0274,45000,CAUE CASEIRO MACRIS,PSDB,Deputado Estadual,234,2018
0274,45002,IVONE FERNANDES DIAS DO NASCIMENTO,PSDB,Deputado Estadual,0,2018
0274,45005,CAROLINA FUNARI LUCIO,PSDB,Deputado Estadual,2,2018
0274,45007,WIVIANE MARIA SPAZIANI,PSDB,Deputado Estadual,1,2018
0274,45009,SANDRA MARIA ANDRADE DE ALMEIDA,PSDB,Deputado Estadual,3,2018
0274,45045,GUSTAVO MARTINELLI,PSDB,Deputado Estadual,27,2018
0274,45100,CAIO MARCIO VIOTTO COUBE,PSDB,Deputado Estadual,8,2018
0274,45111,MARCO ANTONIO SCARASATI VINHOLI,PSDB,Deputado Estadual,7,2018
0274,45114,MARIA LUCIA CARDOSO PINTO AMARY,PSDB,Deputado Estadual,8,2018
0274,45115,JULIO PIRES DOS SANTOS JUNIOR,PSDB,Deputado Estadual,1,2018
0274,45121,VANESSA ORSINI,PSDB,Deputado Estadual,2,2018
0274,45122,ANTONIO DE SOUSA RAMALHO,PSDB,Deputado Estadual,3,2018
0274,45123,MAURÍCIO MENNA BARRETO GASPARINI,PSDB,Deputado Estadual,13,2018
0274,45125,MAURO BRAGATO,PSDB,Deputado Estadual,3,2018
0274,45145,GIOVANNA GUIMARÃES TRIPOLI,PSDB,Deputado Estadual,92,2018
0274,45151,JOSE CARLOS VAZ DE LIMA,PSDB,Deputado Estadual,20,2018
0274,45157,SANDRA CRISTINA LEITE SANTANA,PSDB,Deputado Estadual,7,2018
0274,45200,CELIA CAMARGO LEÃO EDELMUTH,PSDB,Deputado Estadual,2164,2018
0274,45222,ANTONIO DA ROCHA MARMO CEZAR,PSDB,Deputado Estadual,12,2018
0274,45232,CARLOS EDUARDO PIGNATARI,PSDB,Deputado Estadual,24,2018
0274,45300,FABIANO ANDREY BERTAGNOLI TRIGO,PSDB,Deputado Estadual,0,2018
0274,45321,PATRICIA GAMA DE QUADROS BEZERRA,PSDB,Deputado Estadual,55,2018
0274,45333,CARLOS CESAR ARCOLINO,PSDB,Deputado Estadual,16,2018
0274,45345,RAUL CHRISTIANO DE OLIVEIRA SANCHEZ,PSDB,Deputado Estadual,1,2018
0274,45400,ANALICE FERNANDES,PSDB,Deputado Estadual,57,2018
0274,45444,FHIAMA RAQUEL BISPO DE SOUZA,PSDB,Deputado Estadual,4,2018
0274,45445,MICHELLI VENEZIANI DA SILVA,PSDB,Deputado Estadual,19,2018
0274,45450,MARCUS MACEDO,PSDB,Deputado Estadual,11,2018
0274,45451,AURÉLIO NOMURA,PSDB,Deputado Estadual,34,2018
0274,45454,THOMÁS ANTONIO CAPELETTO DE OLIVEIRA,PSDB,Deputado Estadual,52,2018
0274,45455,GILMAR DA SILVA GIMENES,PSDB,Deputado Estadual,6,2018
0274,45456,MARCIO CESAR DE CAMARGO,PSDB,Deputado Estadual,9,2018
0274,45470,ANA CRISTINA DA SILVA COSTA,PSDB,Deputado Estadual,8,2018
0274,45477,ROBERTO MASSAFERA,PSDB,Deputado Estadual,7,2018
0274,45500,DEBORA MARCONDES SILVA,PSDB,Deputado Estadual,10,2018
0274,45545,JOBERT ALEXANDRINO,PSDB,Deputado Estadual,4,2018
0274,45555,CASSIO DE CASTRO NAVARRO,PSDB,Deputado Estadual,10,2018
0274,45600,CAROLINA DE MORAES PONTES,PSDB,Deputado Estadual,9,2018
0274,45610,HELIO NISHIMOTO,PSDB,Deputado Estadual,10,2018
0274,45633,AUGUSTO DUARTE MOREIRA NETO,PSDB,Deputado Estadual,0,2018
0274,45678,GILSON ALMEIDA BARRETO JUNIOR,PSDB,Deputado Estadual,5,2018
0274,45680,CARLA SARDANO MORANDO,PSDB,Deputado Estadual,17,2018
0274,45700,JOSE ANTONIO DE ANGELIS,PSDB,Deputado Estadual,2,2018
0274,45745,JOSÉ MARIO BRASILIENSE CARNEIRO,PSDB,Deputado Estadual,4,2018
0274,45777,CLAUDIO YUKIO MIYAKE,PSDB,Deputado Estadual,62,2018
0274,45780,MARCOS ANTONIO ZERBINI,PSDB,Deputado Estadual,4,2018
0274,45789,WILSON ALVES DAMASCENO,PSDB,Deputado Estadual,0,2018
0274,45800,PAULO MATHIAS DE TARSO,PSDB,Deputado Estadual,74,2018
0274,45845,THIAGO ANTUNES CAVALCA REIS LOBO,PSDB,Deputado Estadual,9,2018
0274,45855,ELISSANDRO MARCIO SILVA LINDOSO,PSDB,Deputado Estadual,19,2018
0274,45888,ADRIANO CAMARGO ANTONIO,PSDB,Deputado Estadual,2,2018
0274,45900,MARCO ANTONIO DA FONSECA BICHEIRO,PSDB,Deputado Estadual,2,2018
0274,50000,ANDERSON SEVERIANO GOMES,PSOL,Deputado Estadual,28,2018
0274,50001,ALEXANDRE PINHEIRO COSTA,PSOL,Deputado Estadual,3,2018
0274,50002,ALEXYA LUCAS EVANGELISTA SALVADOR,PSOL,Deputado Estadual,27,2018
0274,50005,TAMIRES DE SOUSA ARANTES,PSOL,Deputado Estadual,10,2018
0274,50007,MARIA CAROLINA LUIZ RUBINATO,PSOL,Deputado Estadual,39,2018
0274,50010,GENIVAL CALIXTO DA COSTA,PSOL,Deputado Estadual,2,2018
0274,50012,JESSICA MARQUES RIBEIRO,PSOL,Deputado Estadual,3,2018
0274,50013,EDINALDO DOS SANTOS MACEDO,PSOL,Deputado Estadual,0,2018
0274,50018,MAYKON RODRIGUES DOS SANTOS,PSOL,Deputado Estadual,8,2018
0274,50019,RONALDO DA CRUZ BRAGANÇA,PSOL,Deputado Estadual,3,2018
0274,50021,THYAGO MARCONDES,PSOL,Deputado Estadual,3,2018
0274,50030,SANDRO VINICIUS ORTEGA NICODEMO,PSOL,Deputado Estadual,5,2018
0274,50033,SIRLEI PEREIRA LIMA GOBI,PSOL,Deputado Estadual,0,2018
0274,50036,REGIS MARQUES RIBEIRO,PSOL,Deputado Estadual,0,2018
0274,50039,RODRIGO DA SILVA,PSOL,Deputado Estadual,0,2018
0274,50040,DORIVAL BORELLI FILHO,PSOL,Deputado Estadual,2,2018
0274,50050,ANITA DE GUSMÃO DAMIÃO,PSOL,Deputado Estadual,7,2018
0274,50051,PALOMA APARECIDA SOARES,PSOL,Deputado Estadual,5,2018
0274,50069,HAILEY KAAS ALVES PEDRO DA SILVA,PSOL,Deputado Estadual,16,2018
0274,50070,JOSELICIO FREITAS DOS SANTOS JUNIOR,PSOL,Deputado Estadual,3,2018
0274,50075,ANA CLAUDIA SILVA MIELKE,PSOL,Deputado Estadual,94,2018
0274,50077,CÁSSIO ALBERTO DO NASCIMENTO,PSOL,Deputado Estadual,2,2018
0274,50080,LUCAS DE PAULA LANDIN,PSOL,Deputado Estadual,0,2018
0274,50088,PAULO PEREIRA ROCHA,PSOL,Deputado Estadual,0,2018
0274,50090,FRANCISCO GILBERTO DA SILVA,PSOL,Deputado Estadual,1,2018
0274,50100,MARIANA CONTI TAKAHASHI,PSOL,Deputado Estadual,1673,2018
0274,50111,JORGE DAVID SALGADO,PSOL,Deputado Estadual,31,2018
0274,50120,DAMIÃO TAVARES DOS SANTOS,PSOL,Deputado Estadual,0,2018
0274,50122,ANSELMO PIRES DA SILVA NETO,PSOL,Deputado Estadual,2,2018
0274,50123,JOÃO PAULO RILLO,PSOL,Deputado Estadual,14,2018
0274,50130,LEANDRO MOREIRA GONÇALVES,PSOL,Deputado Estadual,16,2018
0274,50133,MARCELO REINA SILIANO,PSOL,Deputado Estadual,1,2018
0274,50135,RAFAEL FRANCIS OLIVA,PSOL,Deputado Estadual,0,2018
0274,50147,ELIANAI MAESTRELLO DE LYRA,PSOL,Deputado Estadual,0,2018
0274,50150,LUCAS FERREIRA CARDOSO,PSOL,Deputado Estadual,0,2018
0274,50180,ISADORA MARTINATTI PENNA,PSOL,Deputado Estadual,100,2018
0274,50190,BRUNO LOZZI DA COSTA,PSOL,Deputado Estadual,8,2018
0274,50197,VALDIR JOSE UCHOA,PSOL,Deputado Estadual,0,2018
0274,50200,MARCELLO FERREIRA DOS SANTOS,PSOL,Deputado Estadual,1,2018
0274,50222,MAIRA MACHADO RODRIGUES,PSOL,Deputado Estadual,12,2018
0274,50225,MARIA DO CARMO OLIVEIRA NAFALSKI,PSOL,Deputado Estadual,3,2018
0274,50234,MADALENA SILVA SANTOS,PSOL,Deputado Estadual,16,2018
0274,50235,VALERIA MAURICIO,PSOL,Deputado Estadual,0,2018
0274,50250,SARA RODRIGUES DE FRANÇA VIEIRA,PSOL,Deputado Estadual,1,2018
0274,50300,JOAO LUIS DIAS ZAFALAO,PSOL,Deputado Estadual,4,2018
0274,50321,ROSANA BIGNAMI,PSOL,Deputado Estadual,3,2018
0274,50324,MOACIR CAVALCANTI DOS SANTOS,PSOL,Deputado Estadual,0,2018
0274,50333,LEONARDO MANOEL ALVES,PSOL,Deputado Estadual,16,2018
0274,50350,PEDRO HENRIQUE TERUJI JERONIMO MINAMIDANI,PSOL,Deputado Estadual,0,2018
0274,50420,ELY ITO RODRIGUES,PSOL,Deputado Estadual,8,2018
0274,50444,ADEMILSON MIGUEL FERNANDES,PSOL,Deputado Estadual,12,2018
0274,50450,DJALMA NERY FERREIRA NETO,PSOL,Deputado Estadual,16,2018
0274,50456,GISELE CRISTIANE VIEIRA,PSOL,Deputado Estadual,3,2018
0274,50479,SIDNEI APARECIDO GARCIA,PSOL,Deputado Estadual,0,2018
0274,50490,SHIRLANDIA SALES NOVAIS,PSOL,Deputado Estadual,0,2018
0274,50500,RENATO BENTO LUIZ,PSOL,Deputado Estadual,7,2018
0274,50501,FERNANDO ANTONIO FERREIRA,PSOL,Deputado Estadual,0,2018
0274,50505,BRUNO VIEIRA MAIA,PSOL,Deputado Estadual,30,2018
0274,50518,CRISTIANE GANDOLFI,PSOL,Deputado Estadual,3,2018
0274,50550,RAUL MARCELO DE SOUZA,PSOL,Deputado Estadual,10,2018
0274,50555,MAURICIO DE MELO VIEIRA,PSOL,Deputado Estadual,0,2018
0274,50567,JAIR RODRIGUES DE CARVALHO,PSOL,Deputado Estadual,1,2018
0274,50620,MARCOS ROBERTO COELHO,PSOL,Deputado Estadual,0,2018
0274,50630,EDNALDO BISPO DA CRUZ,PSOL,Deputado Estadual,0,2018
0274,50650,ANTONIO BIAGIO VESPOLI,PSOL,Deputado Estadual,5,2018
0274,50666,MARCIA FREIRE DE MATTOS RUBIANO,PSOL,Deputado Estadual,0,2018
0274,50678,ANDRÉ SAPANOS DE CARVALHO,PSOL,Deputado Estadual,5,2018
0274,50690,CARLOS JOSE DA SILVA,PSOL,Deputado Estadual,1,2018
0274,50700,FABIANO DE CARVALHO BATISTA,PSOL,Deputado Estadual,0,2018
0274,50720,WLISSES DANIEL SILVA CABRAL,PSOL,Deputado Estadual,1,2018
0274,50750,REJANE DE MOURA,PSOL,Deputado Estadual,2,2018
0274,50777,PAULO ROBERTO BUFALO,PSOL,Deputado Estadual,1080,2018
0274,50787,EDUARDO VICENTE DA FONSECA,PSOL,Deputado Estadual,0,2018
0274,50789,CARLOS ALBERTO GIANNASI,PSOL,Deputado Estadual,288,2018
0274,50800,IURIATAN FELIPE MUNIZ,PSOL,Deputado Estadual,26,2018
0274,50813,ANGELA CRISTINA ALVES DE AZEVEDO,PSOL,Deputado Estadual,0,2018
0274,50848,LUZIANE DIAS SIMÃO,PSOL,Deputado Estadual,0,2018
0274,50850,JOÃO VITOR DIAMANTINO CORRÊA BARBOSA,PSOL,Deputado Estadual,3,2018
0274,50881,DANIEL BELARMINO,PSOL,Deputado Estadual,1,2018
0274,50888,ÉRICA DA SILVA,PSOL,Deputado Estadual,142,2018
0274,50900,MONICA CRISTINA SEIXAS BONFIM,PSOL,Deputado Estadual,333,2018
0274,50917,CÉLIO PELICIARI DE PAULA JÚNIOR,PSOL,Deputado Estadual,1,2018
0274,50950,JOSE HERMENEGILDO DE MARTIN,PSOL,Deputado Estadual,0,2018
0274,50980,GILBERTO MARQUES,PSOL,Deputado Estadual,0,2018
0274,50999,SANDRO CUNHA DOS SANTOS,PSOL,Deputado Estadual,0,2018
0274,51000,SERGIO ANTONIO NECHAR,PATRI,Deputado Estadual,7,2018
0274,51001,MOESIO ALVES CORREIA,PATRI,Deputado Estadual,2,2018
0274,51003,HENRIQUE AGUILERA FILHO,PATRI,Deputado Estadual,0,2018
0274,51004,DIMAS MENDES DA SILVA JUNIOR,PATRI,Deputado Estadual,1,2018
0274,51006,THAIS CRISTINA DE CASTRO CONDE GALVAO,PATRI,Deputado Estadual,1,2018
0274,51007,SÉRGIO GUERRA,PATRI,Deputado Estadual,0,2018
0274,51008,ROBERTO CARLOS DE SANTI,PATRI,Deputado Estadual,0,2018
0274,51011,MARCIA FERREIRA LUCAS,PATRI,Deputado Estadual,0,2018
0274,51013,MALAQUIAS ARAUJO MELO,PATRI,Deputado Estadual,0,2018
0274,51015,DEUSAMAR SANTOS TEIXEIRA SALVADOR,PATRI,Deputado Estadual,2,2018
0274,51016,ROSANA FEITOSA ALVES,PATRI,Deputado Estadual,0,2018
0274,51017,SOLANGE DEVIETRO,PATRI,Deputado Estadual,0,2018
0274,51018,MARIA DE LOURDES SILVA DEPIERI,PATRI,Deputado Estadual,0,2018
0274,51019,ANDERSON DIAS DE MENESES,PATRI,Deputado Estadual,0,2018
0274,51020,ALEXANDRE FERREIRA DE SOUSA,PATRI,Deputado Estadual,1,2018
0274,51021,LIDIA MARIA DE SOUZA,PATRI,Deputado Estadual,0,2018
0274,51022,RENATA MARCIA ALVES BRAGA,PATRI,Deputado Estadual,0,2018
0274,51025,ELISMONICA SOUZA SILVA,PATRI,Deputado Estadual,0,2018
0274,51029,MARCOS ANDRE SANTOS MESSIAS,PATRI,Deputado Estadual,0,2018
0274,51030,LUIZ CARLOS DE PAULA,PATRI,Deputado Estadual,0,2018
0274,51032,ISAIAS CONCEIÇÃO,PATRI,Deputado Estadual,0,2018
0274,51033,ANDRE RAPHAEL BUION MARQUES,PATRI,Deputado Estadual,0,2018
0274,51035,JOSÉ MESSIAS DA COSTA,PATRI,Deputado Estadual,1,2018
0274,51036,MARIA DE LOURDES BORGES PIZONI,PATRI,Deputado Estadual,0,2018
0274,51037,LUIZ VINICIUS DOS SANTOS,PATRI,Deputado Estadual,0,2018
0274,51038,TERESINHA GERALDO LISBOA,PATRI,Deputado Estadual,0,2018
0274,51040,RENATO ANTONIO FONSECA FILHO,PATRI,Deputado Estadual,0,2018
0274,51041,RAQUEL AGUIAR DE OLIVEIRA SILVA,PATRI,Deputado Estadual,0,2018
0274,51045,CINTHIA FERNANDES BANDEIRA,PATRI,Deputado Estadual,0,2018
0274,51051,JAMIL AKIO ONO,PATRI,Deputado Estadual,7,2018
0274,51052,EDUARDO MONTEIRO,PATRI,Deputado Estadual,1,2018
0274,51053,CARLA ISOLA CASALE,PATRI,Deputado Estadual,1,2018
0274,51055,EDSON FERREIRA PONTES,PATRI,Deputado Estadual,0,2018
0274,51056,ROBSON LIEBETANZ DZELVE CALABIANQUI,PATRI,Deputado Estadual,2,2018
0274,51057,GRAZIELE CRISTINA LUCATO,PATRI,Deputado Estadual,1,2018
0274,51060,FRANCISCA LUIZ PEREIRA,PATRI,Deputado Estadual,0,2018
0274,51077,HELENA MARIA LEME BARBOSA,PATRI,Deputado Estadual,2,2018
0274,51081,MARCOS JOSÉ DO VALLE,PATRI,Deputado Estadual,0,2018
0274,51082,CICERO EDINALDO DE MENEZES,PATRI,Deputado Estadual,0,2018
0274,51085,MARINALVA CONCEIÇÃO SANTOS,PATRI,Deputado Estadual,1,2018
0274,51088,MARIA JOSÉ DOS SANTOS,PATRI,Deputado Estadual,0,2018
0274,51090,RONALDO ROSA DE ALMEIDA,PATRI,Deputado Estadual,0,2018
0274,51100,ANDRE GOMES BARBOSA,PATRI,Deputado Estadual,2,2018
0274,51111,ZELINDIANOR OLIVEIRA DE SOUZA,PATRI,Deputado Estadual,0,2018
0274,51120,EDSON RICARDO DE CARVALHO SOUZA,PATRI,Deputado Estadual,0,2018
0274,51121,ANTÔNIO MARCOS RODRIGUES,PATRI,Deputado Estadual,0,2018
0274,51123,REGINA DA SILVA COSTA,PATRI,Deputado Estadual,0,2018
0274,51127,VALDIR HENRIQUE DOS SANTOS FERREIRA,PATRI,Deputado Estadual,0,2018
0274,51145,JOSE ALEXANDRE JUNCO,PATRI,Deputado Estadual,0,2018
0274,51151,RENAN ELIAS GODINHO,PATRI,Deputado Estadual,0,2018
0274,51153,ADRIANA ALVES DE OLIVEIRA,PATRI,Deputado Estadual,9,2018
0274,51155,JORGE DE FREITAS,PATRI,Deputado Estadual,3,2018
0274,51158,WASHINGTON SOUZA CARDOSO DOS SANTOS,PATRI,Deputado Estadual,0,2018
0274,51167,CARLOS EDUARDO MONÇÃO GARCIA,PATRI,Deputado Estadual,0,2018
0274,51177,ROBERTO PIMENTEL,PATRI,Deputado Estadual,0,2018
0274,51190,WILSON DE OLIVEIRA MORAIS,PATRI,Deputado Estadual,13,2018
0274,51193,GUARACY RIBEIRO FILHO,PATRI,Deputado Estadual,2,2018
0274,51200,JAIR RAMALHO DA SILVA,PATRI,Deputado Estadual,1,2018
0274,51215,FRANCISCO MONTEIRO DE ARRUDA,PATRI,Deputado Estadual,0,2018
0274,51222,ENIVALDO LEITE,PATRI,Deputado Estadual,1,2018
0274,51233,JOSE CARLOS BISPO DOS SANTOS,PATRI,Deputado Estadual,0,2018
0274,51234,PAULO DE TARSO CARDOSO DE MIRANDA,PATRI,Deputado Estadual,0,2018
0274,51235,NILSON PEREIRA DE ABREU,PATRI,Deputado Estadual,0,2018
0274,51251,ELISA KATSUE TAKAHASHI CARARETO,PATRI,Deputado Estadual,2,2018
0274,51270,OSMAR MENEZES MARQUES,PATRI,Deputado Estadual,2,2018
0274,51300,DEUSDETE PEREIRA MARINHO,PATRI,Deputado Estadual,0,2018
0274,51302,MARCELO BARRETO STERZA,PATRI,Deputado Estadual,0,2018
0274,51322,MARIA ALICE ARAÚJO LIMBERG,PATRI,Deputado Estadual,1,2018
0274,51326,AMANDA SANTOS DA SILVA,PATRI,Deputado Estadual,1,2018
0274,51333,ROBERTO CARDOSO FERREIRA,PATRI,Deputado Estadual,0,2018
0274,51343,ODAIR BENTO FILHO,PATRI,Deputado Estadual,0,2018
0274,51345,HALSE MICHELLINE TAVARES COELHO,PATRI,Deputado Estadual,0,2018
0274,51346,ARY LOPES DA CRUZ,PATRI,Deputado Estadual,0,2018
0274,51351,VALENTIM PEREIRA LIMA,PATRI,Deputado Estadual,0,2018
0274,51353,GIOVANNA MARQUES DOS REIS,PATRI,Deputado Estadual,0,2018
0274,51355,CARLOS ALBERTO PINTO DA SILVA,PATRI,Deputado Estadual,0,2018
0274,51369,PAULO SERGIO BENISSE,PATRI,Deputado Estadual,0,2018
0274,51381,MARIA INÊS GIANINI,PATRI,Deputado Estadual,0,2018
0274,51394,VANDECI LAURENTINO DE OLIVEIRA,PATRI,Deputado Estadual,0,2018
0274,51400,JORGE DONIZETTI RIBEIRO DE MATOS,PATRI,Deputado Estadual,0,2018
0274,51440,WANDERLEY FAVILA,PATRI,Deputado Estadual,0,2018
0274,51444,FERNANDO HENRIQUE FERREIRA,PATRI,Deputado Estadual,0,2018
0274,51445,IRENICE ODETE BARBOSA,PATRI,Deputado Estadual,0,2018
0274,51446,GIULIO BALDI DANTAS,PATRI,Deputado Estadual,0,2018
0274,51451,SAMIR AFONSO MARGONAR,PATRI,Deputado Estadual,0,2018
0274,51455,CLAUDENICE JEFERSINA SANTANA DA SILVA,PATRI,Deputado Estadual,0,2018
0274,51456,JOSE DONISETI GILDO,PATRI,Deputado Estadual,3,2018
0274,51458,MESSIAS JOSÉ DE MORAES,PATRI,Deputado Estadual,0,2018
0274,51460,CICERO MACEDO DA SILVA,PATRI,Deputado Estadual,0,2018
0274,51470,LEANDRO DE JESUS,PATRI,Deputado Estadual,0,2018
0274,51478,MARIA DERLÂNIA LIMA SANTOS,PATRI,Deputado Estadual,0,2018
0274,51479,WILLIAN GALVAO DA SILVA,PATRI,Deputado Estadual,0,2018
0274,51480,MARIA DE LOURDES DE LIMA GUSSONI,PATRI,Deputado Estadual,0,2018
0274,51491,GONZAGA MENDES DE OLIVEIRA,PATRI,Deputado Estadual,0,2018
0274,51500,MARCIO DENER CORAN,PATRI,Deputado Estadual,13,2018
0274,51510,ANGELA MARIA DE OLIVEIRA,PATRI,Deputado Estadual,0,2018
0274,51511,ITAMAR GONÇALVES,PATRI,Deputado Estadual,5,2018
0274,51515,SILNEY MARCOS BERALDO,PATRI,Deputado Estadual,2,2018
0274,51526,ANDRÉ ITALO MAURO,PATRI,Deputado Estadual,1,2018
0274,51531,MAURICIO ANTONIO FOGAÇA,PATRI,Deputado Estadual,0,2018
0274,51533,VALDEMAR DIAS PEREIRA FILHO,PATRI,Deputado Estadual,0,2018
0274,51550,EDSON MACENO,PATRI,Deputado Estadual,3,2018
0274,51551,DIOGENES MORIS MORENO DOS SANTOS,PATRI,Deputado Estadual,0,2018
0274,51555,LUIS ROBERTO TAVARES,PATRI,Deputado Estadual,3,2018
0274,51580,SIMONE APARECIDA SANTOS,PATRI,Deputado Estadual,2,2018
0274,51599,MARCIO XAVIER DA SILVA,PATRI,Deputado Estadual,9,2018
0274,51600,ALMIR DE ALEXANDRES,PATRI,Deputado Estadual,0,2018
0274,51610,JOSÉ EDIMILSON DA SILVA,PATRI,Deputado Estadual,0,2018
0274,51664,ELIABE VENANCIO AIRES,PATRI,Deputado Estadual,0,2018
0274,51678,FLAVIA MARIA DOS ANJOS SILVA,PATRI,Deputado Estadual,0,2018
0274,51686,LAURO MARTINS DE LARA NETO,PATRI,Deputado Estadual,0,2018
0274,51699,PAULO ALVES CORRÊA JUNIOR,PATRI,Deputado Estadual,1,2018
0274,51700,SUELLEN SILVA ROSIM,PATRI,Deputado Estadual,1,2018
0274,51707,MEGIONE BASSETTO DE CASTRO,PATRI,Deputado Estadual,0,2018
0274,51737,LUIZ ALBERTO TEIXEIRA FERREIRA,PATRI,Deputado Estadual,3,2018
0274,51749,RUTE DA COSTA ESMAEL LOPES,PATRI,Deputado Estadual,0,2018
0274,51751,GILVANETE BATISTA DE MORAIS,PATRI,Deputado Estadual,0,2018
0274,51760,LAURINDA FRANCISCA DOS SANTOS,PATRI,Deputado Estadual,0,2018
0274,51762,THIAGO BARBOZA LUZ,PATRI,Deputado Estadual,0,2018
0274,51773,LUIS CARLOS MIRANDA,PATRI,Deputado Estadual,0,2018
0274,51777,MARCO ANTONIO MAURO PORTELLA,PATRI,Deputado Estadual,3,2018
0274,51779,CHALANA MACHADO DOS SANTOS,PATRI,Deputado Estadual,0,2018
0274,51789,ADILSON EUGENIO DE LIMA,PATRI,Deputado Estadual,2,2018
0274,51796,HAYSLAN PIRES GONÇALVES,PATRI,Deputado Estadual,0,2018
0274,51800,MARIA DE LOURDES SANTANA DA CONCEICAO,PATRI,Deputado Estadual,0,2018
0274,51841,SAMUEL DO CARMO,PATRI,Deputado Estadual,0,2018
0274,51851,ERICA NASCIMENTO SILVA,PATRI,Deputado Estadual,0,2018
0274,51852,ANTONIO OLIVA DE ARAUJO,PATRI,Deputado Estadual,0,2018
0274,51877,SONIA APARECIDA GRANITO BARBOSA,PATRI,Deputado Estadual,0,2018
0274,51888,LUCAS DE ASSIS COSTA,PATRI,Deputado Estadual,4,2018
0274,51911,ABEL ELIAS DE CAMARGO,PATRI,Deputado Estadual,0,2018
0274,54007,FERNANDO RODRIGO DE CARVALHO,PPL,Deputado Estadual,0,2018
0274,54019,HELITON ESCORPELI,PPL,Deputado Estadual,4,2018
0274,54035,REGINA MARILIA PRADO MANSSUR,PPL,Deputado Estadual,0,2018
0274,54040,MARCOS ROBERTO OLIVAL DIAS,PPL,Deputado Estadual,0,2018
0274,54051,BENEDITO HONORIO BARBOSA,PPL,Deputado Estadual,0,2018
0274,54119,ROBSON FLORA COSIMATTI,PPL,Deputado Estadual,0,2018
0274,54222,STELIO LEAL PESSANHA,PPL,Deputado Estadual,0,2018
0274,54290,JALMIRA DO CARMO SILVA COELHO,PPL,Deputado Estadual,0,2018
0274,54300,MARIANA NUNES DE MOURA SOUZA,PPL,Deputado Estadual,38,2018
0274,54321,AMELIA RENATA MANARA DOMENI GASTI,PPL,Deputado Estadual,0,2018
0274,54322,JOAO LUIZ LEITE,PPL,Deputado Estadual,0,2018
0274,54333,DANIEL FERNAINE DRAGER,PPL,Deputado Estadual,0,2018
0274,54501,OBERVAN DUNGA DOS SANTOS,PPL,Deputado Estadual,0,2018
0274,54555,EDVALDO HEITOR BORTOLLOTTI,PPL,Deputado Estadual,0,2018
0274,54700,LUIZ CARLOS DA SILVA,PPL,Deputado Estadual,0,2018
0274,54789,ROSLAVIO ALFREDO GRAF JUNIOR,PPL,Deputado Estadual,0,2018
0274,54854,PAULO CESAR CANDIDO BARBOSA,PPL,Deputado Estadual,0,2018
0274,54855,SAMIRA DIAS DA SILVA ALVES,PPL,Deputado Estadual,0,2018
0274,54991,ROSANE OLIVEIRA DA COSTA,PPL,Deputado Estadual,0,2018
0274,54999,RONALDO BARROS DE OLIVEIRA,PPL,Deputado Estadual,1,2018
0274,55000,GUSTAVO RAMOS PERISSINOTTO,PSD,Deputado Estadual,10,2018
0274,55023,FABIO CESAR SATO,PSD,Deputado Estadual,3,2018
0274,55030,LUCIANO ANDRÉ RODRIGUES,PSD,Deputado Estadual,12,2018
0274,55055,RENATO PUPO DE PAULA,PSD,Deputado Estadual,16,2018
0274,55090,CAROLINE STEINMETZ,PSD,Deputado Estadual,76,2018
0274,55100,DIEGO HENRIQUE RODRIGUES MIRANDA,PSD,Deputado Estadual,1,2018
0274,55110,ANTONIO MARCOS DA SILVA POLYCENO,PSD,Deputado Estadual,0,2018
0274,55123,RENATA LEMES DE PAIVA MENDES DA COSTA,PSD,Deputado Estadual,3,2018
0274,55125,MANOEL DAVID KORN DE CARVALHO,PSD,Deputado Estadual,0,2018
0274,55133,JULIANA VIGGIANI VALIO BORGES,PSD,Deputado Estadual,5,2018
0274,55153,MARIA DE LOURDES SOARES,PSD,Deputado Estadual,148,2018
0274,55155,MARINA JAYME DE MELO CARDINALI,PSD,Deputado Estadual,5,2018
0274,55190,ALVARO BATISTA CAMILO,PSD,Deputado Estadual,30,2018
0274,55199,WILMA DE FREITAS MALTA,PSD,Deputado Estadual,0,2018
0274,55200,NELSON SCHREINER JUNIOR,PSD,Deputado Estadual,0,2018
0274,55222,ADOLFO QUINTAS GONÇALVES NETO,PSD,Deputado Estadual,2,2018
0274,55255,ALEXANDRE MILANESE CAMILLO,PSD,Deputado Estadual,55,2018
0274,55321,JONATHAN AMORA DE RAGO,PSD,Deputado Estadual,0,2018
0274,55333,PAULO ROBERTO DE CAMPOS,PSD,Deputado Estadual,0,2018
0274,55400,MARTA MARIA FREIRE DA COSTA,PSD,Deputado Estadual,543,2018
0274,55500,MARCIA WALÉRIA NUNES DE OLIVEIRA DIAS,PSD,Deputado Estadual,0,2018
0274,55555,RITA DE CASSIA TRINCA PASSOS,PSD,Deputado Estadual,27,2018
0274,55655,ROSSANA RODRIGUES ROSSINI CAMACHO,PSD,Deputado Estadual,0,2018
0274,55677,PAULO LUIS SANTOS,PSD,Deputado Estadual,0,2018
0274,55678,FABIO FERNANDO DOS REIS SILVA,PSD,Deputado Estadual,1,2018
0274,55755,LUIZ CARLOS GIANELLI TEIXEIRA,PSD,Deputado Estadual,0,2018
0274,55777,ALEXANDER MUNIZ DE OLIVEIRA,PSD,Deputado Estadual,130,2018
0274,55800,RAFAEL GANZERLI AUAD,PSD,Deputado Estadual,10,2018
0274,55826,CLARICE SILVA BARBOSA,PSD,Deputado Estadual,0,2018
0274,55855,LIVIO ANTONIO GIOSA,PSD,Deputado Estadual,5,2018
0274,55900,KARINA CARLA DA SILVA,PSD,Deputado Estadual,3,2018
0274,55955,PATRICIA DOS REIS TRAVASSOS,PSD,Deputado Estadual,2,2018
0274,65000,LUIS ARAUJO FRANÇA,PC do B,Deputado Estadual,2,2018
0274,65001,GLAUBER DA SILVA,PC do B,Deputado Estadual,0,2018
0274,65005,GLÉDSON ANTONIO DE PROENÇA,PC do B,Deputado Estadual,1,2018
0274,65007,MARISA APARECIDA DE SÁ LIMA,PC do B,Deputado Estadual,15,2018
0274,65008,DECIO DOS SANTOS,PC do B,Deputado Estadual,0,2018
0274,65013,JOSÉ MARCOLINO DA SILVA,PC do B,Deputado Estadual,0,2018
0274,65021,LUIS CARLOS SOARES DE OLIVEIRA,PC do B,Deputado Estadual,0,2018
0274,65022,GENI SALDANHA DOS SANTOS SILVA,PC do B,Deputado Estadual,0,2018
0274,65023,WLADMIR DE SOUZA CARNEIRO,PC do B,Deputado Estadual,7,2018
0274,65024,FABIO ALVES CABRAL,PC do B,Deputado Estadual,0,2018
0274,65030,NADIA MARIA AUGUSTA DE OLIVEIRA JOAQUIM,PC do B,Deputado Estadual,1,2018
0274,65035,LECI BRANDÃO DA SILVA,PC do B,Deputado Estadual,191,2018
0274,65038,ADRIANA COELHO DE OLIVEIRA,PC do B,Deputado Estadual,5,2018
0274,65040,JAMILE RANGEL DA SILVA,PC do B,Deputado Estadual,0,2018
0274,65050,RODRIGO FERNANDO ASSIS DOS SANTOS,PC do B,Deputado Estadual,0,2018
0274,65051,VALERIA CANESTRI,PC do B,Deputado Estadual,0,2018
0274,65065,EDSON GOMES DA SILVA,PC do B,Deputado Estadual,0,2018
0274,65100,ALCIDES AMAZONAS ARAUJO DOS SANTOS,PC do B,Deputado Estadual,1,2018
0274,65105,LUIZ ALBERTO DA SILVA,PC do B,Deputado Estadual,1,2018
0274,65111,RÔMULO KAZIMIERZ LUSZCZYNSKI,PC do B,Deputado Estadual,0,2018
0274,65117,EVELYN CAROLINE LIMA DOS SANTOS PEREIRA,PC do B,Deputado Estadual,0,2018
0274,65121,JORGE ANTONIO DA SILVA,PC do B,Deputado Estadual,0,2018
0274,65123,GUSTAVO LEMOS PETTA,PC do B,Deputado Estadual,1053,2018
0274,65133,IRINEU SEBASTIÃO,PC do B,Deputado Estadual,4,2018
0274,65159,MARIANA ARANTES MASTROROCO,PC do B,Deputado Estadual,1,2018
0274,65161,MIRIAM APARECIDA DA SILVA,PC do B,Deputado Estadual,0,2018
0274,65165,FRANCISCA RODRIGUES BARBOSA BRITTO,PC do B,Deputado Estadual,0,2018
0274,65167,NEIDE LANDE,PC do B,Deputado Estadual,0,2018
0274,65180,CARINA VITRAL COSTA,PC do B,Deputado Estadual,39,2018
0274,65192,JEFFERSON ERECY SANTOS,PC do B,Deputado Estadual,5,2018
0274,65194,SAMIR ANGELO BASSUALDO BENTO,PC do B,Deputado Estadual,0,2018
0274,65200,GICÉLIA DOS SANTOS,PC do B,Deputado Estadual,0,2018
0274,65213,NILSON JOSE GARRIDO,PC do B,Deputado Estadual,0,2018
0274,65222,SIDNEI LUIZ PEREIRA,PC do B,Deputado Estadual,2,2018
0274,65229,NATAL DIAS DE OLIVEIRA,PC do B,Deputado Estadual,0,2018
0274,65230,CINTIA MARA GONÇALVES MUNIZ,PC do B,Deputado Estadual,0,2018
0274,65233,RUTE BARBOSA FERNANDES,PC do B,Deputado Estadual,1,2018
0274,65265,GENIVALDO BARBOSA DOS SANTOS,PC do B,Deputado Estadual,0,2018
0274,65285,LILIAN SOARES ARAUJO SANTANA,PC do B,Deputado Estadual,0,2018
0274,65300,GERALDO MAGELA DA CRUZ,PC do B,Deputado Estadual,1,2018
0274,65321,VANDERLEI SIRAQUE,PC do B,Deputado Estadual,0,2018
0274,65332,CARMEN MIRANDA ALVES PEREIRA,PC do B,Deputado Estadual,0,2018
0274,65333,RODRIGO FIRMINO ROMÃO,PC do B,Deputado Estadual,0,2018
0274,65340,ADRIANA CARDOSO AZEVEDO PERMINIO,PC do B,Deputado Estadual,7,2018
0274,65345,ELENISIO DE ALMEIDA SILVA,PC do B,Deputado Estadual,0,2018
0274,65353,JOSÉ ERIVALDO DA SILVA,PC do B,Deputado Estadual,0,2018
0274,65369,ALBERTO DE SOUZA GOMES,PC do B,Deputado Estadual,0,2018
0274,65379,EUNICE ALVES DE OLIVEIRA NORONHA,PC do B,Deputado Estadual,0,2018
0274,65400,WALTER FERNANDES CANDELARIO,PC do B,Deputado Estadual,0,2018
0274,65420,MARCOS AURÉLIO DOS SANTOS,PC do B,Deputado Estadual,0,2018
0274,65432,BRAZ HENRIQUE TELES,PC do B,Deputado Estadual,0,2018
0274,65444,RAIMUNDO FERREIRA BARROS,PC do B,Deputado Estadual,0,2018
0274,65456,MARCIO JUNIOR BRIANES,PC do B,Deputado Estadual,8,2018
0274,65465,JOSE CLAUDIO DA SILVA VIEIRA,PC do B,Deputado Estadual,0,2018
0274,65475,RENATA CZEKAY,PC do B,Deputado Estadual,0,2018
0274,65500,DOUGLAS ALBERTO SANTOS,PC do B,Deputado Estadual,2,2018
0274,65512,JOÃO ANTONIO DONIZZETTI CARVALHO,PC do B,Deputado Estadual,1,2018
0274,65523,LIOZINA DE ALMEIDA SARAIVA,PC do B,Deputado Estadual,0,2018
0274,65555,VÂNIA REGINA RIBEIRO,PC do B,Deputado Estadual,0,2018
0274,65565,EVELYN CAVALCANTE CARLOS,PC do B,Deputado Estadual,0,2018
0274,65600,JAIR MARMELO CARDOSO DE OLIVEIRA,PC do B,Deputado Estadual,0,2018
0274,65650,HENRIQUE DOMINGUES,PC do B,Deputado Estadual,0,2018
0274,65651,FLAVIO MONTESINOS GODOI,PC do B,Deputado Estadual,0,2018
0274,65653,JEFFERSON FISCHER DA ROCHA,PC do B,Deputado Estadual,0,2018
0274,65654,SERGIO LUIZ ZERBINATO RODRIGUES,PC do B,Deputado Estadual,0,2018
0274,65655,MARCEL FERRAZ CAMILO,PC do B,Deputado Estadual,0,2018
0274,65656,LUIS ALVES DE SOUZA,PC do B,Deputado Estadual,2,2018
0274,65658,SAMUEL GOMES DE JESUS,PC do B,Deputado Estadual,3,2018
0274,65659,KEITH CRISTINE HORTA,PC do B,Deputado Estadual,0,2018
0274,65666,ANTONIO CARLOS FERREIRA DE OLIVEIRA,PC do B,Deputado Estadual,0,2018
0274,65677,GUARACI FERNANDO CAMPOS,PC do B,Deputado Estadual,1,2018
0274,65678,RAFAEL TURRINI PURGATO,PC do B,Deputado Estadual,0,2018
0274,65688,ROBERTO FERREIRA DE MENEZES,PC do B,Deputado Estadual,0,2018
0274,65765,JOÃO HILTON TEIXEIRA,PC do B,Deputado Estadual,0,2018
0274,65777,SAMUEL EUZÉBIO DE OLIVEIRA,PC do B,Deputado Estadual,1,2018
0274,65787,NINA RODRIGUES VIEIRA,PC do B,Deputado Estadual,0,2018
0274,65789,MICHEL RAMIRO CARNEIRO,PC do B,Deputado Estadual,1,2018
0274,65790,JOAQUIM TEODORO GOMA,PC do B,Deputado Estadual,5,2018
0274,65852,EDSON LUIS DE AGUIAR,PC do B,Deputado Estadual,0,2018
0274,65865,GABRIEL SOARES GONÇALVES,PC do B,Deputado Estadual,0,2018
0274,65888,LOURIVALDO PRATES,PC do B,Deputado Estadual,1,2018
0274,65900,SINCLAIR LOPES DE OLIVEIRA,PC do B,Deputado Estadual,1,2018
0274,65945,NEI ROBSON MEDEIROS DE ARAUJO,PC do B,Deputado Estadual,0,2018
0274,65999,EDSON ALEXANDRE PEREIRA,PC do B,Deputado Estadual,0,2018
0274,70000,SIRINEU DE ARAUJO SANTOS,AVANTE,Deputado Estadual,28,2018
0274,70001,LUIZ FÁBIO CRUZ DA SILVA,AVANTE,Deputado Estadual,0,2018
0274,70002,VALDECIRO MAIA DOS SANTOS,AVANTE,Deputado Estadual,0,2018
0274,70003,ROGÉRIO AUGUSTO PAVÃO,AVANTE,Deputado Estadual,0,2018
0274,70004,MARCELO DA SILVA VIEIRA,AVANTE,Deputado Estadual,14,2018
0274,70005,ERALDO PEREIRA DE LIMA,AVANTE,Deputado Estadual,0,2018
0274,70006,MÁRCIO PIMENTEL BENVENUTO,AVANTE,Deputado Estadual,1,2018
0274,70007,JAIRO DOS SANTOS,AVANTE,Deputado Estadual,0,2018
0274,70009,ALEXANDRE MIGUEL COSTA,AVANTE,Deputado Estadual,0,2018
0274,70010,ESDRA BATISTA NASCIMENTO,AVANTE,Deputado Estadual,0,2018
0274,70011,LUCIANO LIMA DE ANDRADE,AVANTE,Deputado Estadual,0,2018
0274,70013,MARCIO CAETANO PEREIRA,AVANTE,Deputado Estadual,0,2018
0274,70014,WEVERSON CARLOS ALMEIDA,AVANTE,Deputado Estadual,0,2018
0274,70016,ANA RAQUEL RICARDO,AVANTE,Deputado Estadual,1,2018
0274,70017,ANDERSON ROGERIO ALVES,AVANTE,Deputado Estadual,0,2018
0274,70018,PATRICIA LUCIA GOUVEIA DA SILVA,AVANTE,Deputado Estadual,0,2018
0274,70020,URIAS GONÇALVES DA SILVA FILHO,AVANTE,Deputado Estadual,0,2018
0274,70022,JEREMIAS ALVES SANTOS,AVANTE,Deputado Estadual,0,2018
0274,70023,MARIA ELIANA NOGUEIRA,AVANTE,Deputado Estadual,0,2018
0274,70026,ROGÉRIO APARECIDO GOMES PIRES,AVANTE,Deputado Estadual,10,2018
0274,70030,GILBERTO ROQUE JACINTO,AVANTE,Deputado Estadual,0,2018
0274,70033,ANTONIO FLAVIO ALMEIDA DE OLIVEIRA,AVANTE,Deputado Estadual,0,2018
0274,70034,PLINIO MARCOS DE LIMA,AVANTE,Deputado Estadual,0,2018
0274,70040,JOSÉ NUNES DE MORAIS,AVANTE,Deputado Estadual,1,2018
0274,70043,DÉBORA DIAS DA SILVA,AVANTE,Deputado Estadual,0,2018
0274,70045,LEANDRO DE SOUZA SERRÃO,AVANTE,Deputado Estadual,0,2018
0274,70047,LAMYS MITRI FERNANDES GOMES,AVANTE,Deputado Estadual,0,2018
0274,70050,EDSON ANTUNES DOS PASSOS,AVANTE,Deputado Estadual,0,2018
0274,70055,MARIETA ANITA DE OLIVEIRA,AVANTE,Deputado Estadual,0,2018
0274,70060,PAULO HENRIQUE EVARISTO,AVANTE,Deputado Estadual,1,2018
0274,70066,CEZAR AUGUSTO DE SOUZA OLIVEIRA,AVANTE,Deputado Estadual,3,2018
0274,70070,EDSON NASCIMENTO DE OLIVEIRA,AVANTE,Deputado Estadual,0,2018
0274,70071,RAFAEL PINHEIRO DOS SANTOS,AVANTE,Deputado Estadual,0,2018
0274,70074,STEPHANY AKIE NAKAMORI NOVAES RIBEIRO,AVANTE,Deputado Estadual,2,2018
0274,70077,ISMERAÍ EGIDIO DA SILVA,AVANTE,Deputado Estadual,0,2018
0274,70078,ANGELICA DA SILVA MOREIRA,AVANTE,Deputado Estadual,0,2018
0274,70080,MICHEL DE ANDRADE BRAZ,AVANTE,Deputado Estadual,0,2018
0274,70088,MICHELE DE JESUS POINA,AVANTE,Deputado Estadual,0,2018
0274,70099,ANTONIO SOARES OLIVEIRA,AVANTE,Deputado Estadual,0,2018
0274,70100,WILLIAM ALI CHAIM,AVANTE,Deputado Estadual,21,2018
0274,70110,NILTON DANTAS,AVANTE,Deputado Estadual,0,2018
0274,70111,AURELIO SANTUCCI,AVANTE,Deputado Estadual,0,2018
0274,70117,VALTER CORRÊA JUNIOR,AVANTE,Deputado Estadual,0,2018
0274,70121,VALDÍVIO JOSÉ DE LIMA,AVANTE,Deputado Estadual,0,2018
0274,70123,FRANCISCO ESMERALDO FELIPE CARNEIRO,AVANTE,Deputado Estadual,3,2018
0274,70141,ZÊNIA PEREIRA DE ANDRADE SOUSA,AVANTE,Deputado Estadual,3,2018
0274,70147,ÂNGELA MARIA MAGALHÃES,AVANTE,Deputado Estadual,0,2018
0274,70156,EDNA GONÇALVES DA SILVA,AVANTE,Deputado Estadual,0,2018
0274,70170,RICARDO DA SILVA SAIBRO,AVANTE,Deputado Estadual,2,2018
0274,70176,KAMEL MURCHED,AVANTE,Deputado Estadual,0,2018
0274,70177,DANIEL RODRIGUES DE QUEIROZ JUNIOR,AVANTE,Deputado Estadual,0,2018
0274,70188,SIDNEY MATOS DE SOUZA,AVANTE,Deputado Estadual,0,2018
0274,70190,RUBENS CLAUDIO SIQUEIRA NERI,AVANTE,Deputado Estadual,23,2018
0274,70192,SANDRA DE OLIVEIRA SILVA,AVANTE,Deputado Estadual,0,2018
0274,70200,JOÃO CARLOS ANDRÉ,AVANTE,Deputado Estadual,0,2018
0274,70210,ANTÔNIO JOSÉ DE SOUZA SANTOS,AVANTE,Deputado Estadual,0,2018
0274,70222,REGINÉIA LEMES TAVARES,AVANTE,Deputado Estadual,0,2018
0274,70227,ERICA CRISTINA VIARO,AVANTE,Deputado Estadual,0,2018
0274,70234,FÁBIO SILVA MOREIRA,AVANTE,Deputado Estadual,0,2018
0274,70255,OTONIEL FERREIRA DE LIMA,AVANTE,Deputado Estadual,0,2018
0274,70270,MARCOS DE ARAÚJO HAGA,AVANTE,Deputado Estadual,0,2018
0274,70277,GERMANO VETTAS,AVANTE,Deputado Estadual,0,2018
0274,70300,CLAUDIO INÁCIO,AVANTE,Deputado Estadual,0,2018
0274,70321,ALMIR ROBERTO CICOTE,AVANTE,Deputado Estadual,6,2018
0274,70333,CRISTIANO GASPERINE,AVANTE,Deputado Estadual,0,2018
0274,70341,LUIZ CARLOS DOS ANJOS FREITAS,AVANTE,Deputado Estadual,0,2018
0274,70343,JOSÉ VALMIR MENDES DA SILVA,AVANTE,Deputado Estadual,0,2018
0274,70345,JOSÉ CARLOS DA SILVA,AVANTE,Deputado Estadual,0,2018
0274,70369,PAULO HENRIQUE COELHO MARBACK D OLIVEIRA,AVANTE,Deputado Estadual,0,2018
0274,70370,SALVADOR ALVES DOS SANTOS,AVANTE,Deputado Estadual,0,2018
0274,70389,CLAUDIO GOMES DE ARAUJO JUNIOR,AVANTE,Deputado Estadual,0,2018
0274,70400,ELIZEU MARTINS FELICIANO,AVANTE,Deputado Estadual,1,2018
0274,70432,EDNA FRANCISCO COSTA BEZERRA,AVANTE,Deputado Estadual,0,2018
0274,70440,JOSÉ DE SOUZA NOGUEIRA,AVANTE,Deputado Estadual,0,2018
0274,70444,SANDERSON RIBEIRO CORREIA DE LIMA,AVANTE,Deputado Estadual,0,2018
0274,70445,SUELY MARIA DE PAULO RODRIGUES,AVANTE,Deputado Estadual,0,2018
0274,70447,KEILA ZIBORDI MORAES CARVALHO,AVANTE,Deputado Estadual,1,2018
0274,70456,CLÉLIA GOMES DA SILVA,AVANTE,Deputado Estadual,37,2018
0274,70470,JÔNATAS TABORDA,AVANTE,Deputado Estadual,1,2018
0274,70500,ALESSANDRO PEREIRA DOS SANTOS,AVANTE,Deputado Estadual,1,2018
0274,70543,GIRLENE DO SOCORRO BARBOSA MAIA,AVANTE,Deputado Estadual,0,2018
0274,70555,CARLOS ALBERTO MARIANO,AVANTE,Deputado Estadual,0,2018
0274,70557,EDSON NEVES GALINDO,AVANTE,Deputado Estadual,0,2018
0274,70565,EDILEUSA MARIA ALVES DO NASCIMENTO,AVANTE,Deputado Estadual,0,2018
0274,70567,ISABEL SILVA GASPAR DE MORAIS,AVANTE,Deputado Estadual,0,2018
0274,70570,EDIVALDO APARECIDO CORREA,AVANTE,Deputado Estadual,0,2018
0274,70577,EXPEDITO CARLOS DE SOUZA,AVANTE,Deputado Estadual,9,2018
0274,70600,CARLOS ALBERTO DE ARRUDA,AVANTE,Deputado Estadual,0,2018
0274,70610,AXEL GUILHERME BATTISSACCO LUZ,AVANTE,Deputado Estadual,0,2018
0274,70642,ALESSANDRO AMORIM DE OLIVEIRA,AVANTE,Deputado Estadual,0,2018
0274,70648,IDEVAL FUENTE ALBA,AVANTE,Deputado Estadual,0,2018
0274,70654,GUNTHER SCHWEITZER,AVANTE,Deputado Estadual,0,2018
0274,70657,CLAUDIO VITORINO DA SILVA,AVANTE,Deputado Estadual,0,2018
0274,70667,IVAN ALVES FERREIRA,AVANTE,Deputado Estadual,0,2018
0274,70670,WALTER PEREIRA FERREIRA,AVANTE,Deputado Estadual,1,2018
0274,70677,JOSÉ LUIZ DE ALMEIDA,AVANTE,Deputado Estadual,0,2018
0274,70678,ANTONIO GOMES DA SILVA,AVANTE,Deputado Estadual,0,2018
0274,70700,DANIEL ALVES REQUEJO,AVANTE,Deputado Estadual,0,2018
0274,70707,ORIVALDO ROBERTO OLIVEIRA DA SILVA,AVANTE,Deputado Estadual,0,2018
0274,70717,JOSÉ FERNANDO APPEZZATO,AVANTE,Deputado Estadual,0,2018
0274,70720,JOICE APARECIDA GOMES DA CRUZ,AVANTE,Deputado Estadual,0,2018
0274,70727,LUCIANE MACHADO DA CUNHA SOUZA,AVANTE,Deputado Estadual,0,2018
0274,70730,LIDIANNE BATISTA FERNANDES,AVANTE,Deputado Estadual,0,2018
0274,70737,MICHELLE APARECIDA LAFAIETE CORRÊA DOS SANTOS,AVANTE,Deputado Estadual,0,2018
0274,70747,ELIETE DE MIRANDA MACHADO,AVANTE,Deputado Estadual,0,2018
0274,70753,MARCO ANTONIO DA SILVA EVARISTO,AVANTE,Deputado Estadual,1,2018
0274,70757,PAULA VIVIAN DE MORAES,AVANTE,Deputado Estadual,0,2018
0274,70767,PEDRO PAULO DIAS DE ANDRADE,AVANTE,Deputado Estadual,0,2018
0274,70770,CAMILO DE LELES FERNANDES,AVANTE,Deputado Estadual,10,2018
0274,70777,CAMILA PINTO DA SILVA,AVANTE,Deputado Estadual,3,2018
0274,70778,JEAN CARLOS HERZOGENRATH DE BRITO,AVANTE,Deputado Estadual,0,2018
0274,70787,MARCOS AURÉLIO MONTEMOR JUNIOR,AVANTE,Deputado Estadual,1,2018
0274,70789,MARCOS EDUARDO RODRIGUES,AVANTE,Deputado Estadual,0,2018
0274,70797,VALDEMIR SILVA FERREIRA,AVANTE,Deputado Estadual,0,2018
0274,70800,MIGUEL CARMINE GIANETTI NETTO,AVANTE,Deputado Estadual,1,2018
0274,70870,CARLOS BARBOSA GUIMARÃES SANTOS,AVANTE,Deputado Estadual,0,2018
0274,70877,ANDERSON JOSÉ FRANCISCO,AVANTE,Deputado Estadual,0,2018
0274,70888,BEIJOMAR GOMES DE OLIVEIRA,AVANTE,Deputado Estadual,0,2018
0274,70956,LUIZ HENRIQUE CORONADO DA PAZ,AVANTE,Deputado Estadual,0,2018
0274,70966,ROSEMARIO MARTINS BERNADINO,AVANTE,Deputado Estadual,0,2018
0274,70970,PAULO LUIS BATISTA,AVANTE,Deputado Estadual,0,2018
0274,70977,PAULO TADEU MARTINS JUSSIO,AVANTE,Deputado Estadual,0,2018
0274,70987,LUCINEIDE DA CONCEIÇÃO LIMA,AVANTE,Deputado Estadual,25,2018
0274,70999,LEONARDO ALVES RIBEIRO,AVANTE,Deputado Estadual,2,2018
0274,77001,ADEMIR DA PENHA CLEMENTE,SOLIDARIEDADE,Deputado Estadual,2,2018
0274,77002,SIDNEY LUIZ DA CRUZ,SOLIDARIEDADE,Deputado Estadual,3,2018
0274,77020,OSVALDO NUNES PEREIRA,SOLIDARIEDADE,Deputado Estadual,0,2018
0274,77021,VIVIAN ALBUQUERQUE SÁ,SOLIDARIEDADE,Deputado Estadual,0,2018
0274,77063,MARIA LUISA FRANCO DE GODOY,SOLIDARIEDADE,Deputado Estadual,0,2018
0274,77077,ANDRÉ LUIS PALADINO,SOLIDARIEDADE,Deputado Estadual,0,2018
0274,77100,TELMA REGINA DA CUNHA GOBBI FRANCISCHONE,SOLIDARIEDADE,Deputado Estadual,4,2018
0274,77111,GERALDO PEREIRA DE OLIVEIRA,SOLIDARIEDADE,Deputado Estadual,23,2018
0274,77112,VERA LÚCIA ROSA DIAS,SOLIDARIEDADE,Deputado Estadual,0,2018
0274,77118,JOSÉ SEBASTIÃO DE OLIVEIRA,SOLIDARIEDADE,Deputado Estadual,0,2018
0274,77121,WAGNER RIBEIRO GOMES,SOLIDARIEDADE,Deputado Estadual,0,2018
0274,77123,DAVID MARTINS DE CARVALHO,SOLIDARIEDADE,Deputado Estadual,1,2018
0274,77135,EDILSON FERREIRA,SOLIDARIEDADE,Deputado Estadual,0,2018
0274,77138,TANIA CRISTINA MARTINS SILVA,SOLIDARIEDADE,Deputado Estadual,0,2018
0274,77144,VERA LÚCIA DONDA SIMPLÍCIO BENTO,SOLIDARIEDADE,Deputado Estadual,0,2018
0274,77147,GEORGES HABIB JARROUGE,SOLIDARIEDADE,Deputado Estadual,18,2018
0274,77154,FLORISA BATISTA DE ALMEIDA,SOLIDARIEDADE,Deputado Estadual,0,2018
0274,77160,MANOEL DONIZETTI CONCEIÇÃO,SOLIDARIEDADE,Deputado Estadual,5,2018
0274,77170,BENJAMIM DOS SANTOS CARVALHO,SOLIDARIEDADE,Deputado Estadual,0,2018
0274,77177,MARCIA CARDOSO PINTO,SOLIDARIEDADE,Deputado Estadual,0,2018
0274,77178,GERALDO RODRIGUES DE SOUZA,SOLIDARIEDADE,Deputado Estadual,0,2018
0274,77192,NIVALDO LUIS RODRIGUES,SOLIDARIEDADE,Deputado Estadual,6,2018
0274,77222,CARLOS GARCIA BALADO,SOLIDARIEDADE,Deputado Estadual,0,2018
0274,77242,NAURA BATISTA FRANÇA,SOLIDARIEDADE,Deputado Estadual,0,2018
0274,77250,ARACI DE OLIVEIRA,SOLIDARIEDADE,Deputado Estadual,0,2018
0274,77300,MARCELO BENEDITO DE ARAUJO,SOLIDARIEDADE,Deputado Estadual,0,2018
0274,77345,JOSE ROBERTO MENDONÇA,SOLIDARIEDADE,Deputado Estadual,0,2018
0274,77377,SÔNIA MARIA ESTEVES DOS SANTOS SOUSA,SOLIDARIEDADE,Deputado Estadual,3,2018
0274,77381,SANDRA ROSANA JERÔNIMO DE FRANÇA,SOLIDARIEDADE,Deputado Estadual,0,2018
0274,77400,GLEYSON FARNEY LIMA DIAS,SOLIDARIEDADE,Deputado Estadual,0,2018
0274,77407,ISABEL CRISTINA VIEIRA,SOLIDARIEDADE,Deputado Estadual,0,2018
0274,77416,ROBSON DUARTE DA COSTA,SOLIDARIEDADE,Deputado Estadual,0,2018
0274,77500,IVANETE ANTONIA DA COSTA,SOLIDARIEDADE,Deputado Estadual,0,2018
0274,77688,JOÃO BATISTA SILVA,SOLIDARIEDADE,Deputado Estadual,1,2018
0274,77690,ALEXANDRE MARTINS RICCI,SOLIDARIEDADE,Deputado Estadual,0,2018
0274,77700,EDISON DIAS JUNIOR,SOLIDARIEDADE,Deputado Estadual,2,2018
0274,77747,CARLOS VICENTE DE OLIVEIRA,SOLIDARIEDADE,Deputado Estadual,2,2018
0274,77771,JAILSON TORRES MACARIO,SOLIDARIEDADE,Deputado Estadual,0,2018
0274,77775,WESLEY RENATO BRAMBILLA GRACINO DE OLIVEIRA,SOLIDARIEDADE,Deputado Estadual,0,2018
0274,77777,ALEXANDRE PEREIRA DA SILVA,SOLIDARIEDADE,Deputado Estadual,22,2018
0274,77787,JOSÉ VELOZO,SOLIDARIEDADE,Deputado Estadual,1,2018
0274,77877,CLODOALDO MACIEL FILHO,SOLIDARIEDADE,Deputado Estadual,0,2018
0274,77880,MARIA NILVA SEVERINO GONÇALVES,SOLIDARIEDADE,Deputado Estadual,0,2018
0274,77888,NIELTON CARVALHO DE MATOS,SOLIDARIEDADE,Deputado Estadual,0,2018
0274,77889,DINÁ MARIA FERREIRA,SOLIDARIEDADE,Deputado Estadual,0,2018
0274,77890,JOSE DE AMORIM OLIVEIRA,SOLIDARIEDADE,Deputado Estadual,2,2018
0274,77900,DIEGO RODRIGO NEVES MAGALHÃES,SOLIDARIEDADE,Deputado Estadual,3,2018
0274,77987,ALINE MARIA DE MOURA,SOLIDARIEDADE,Deputado Estadual,2,2018
0274,77999,DENIZE JUNQUEIRA DE LIMA,SOLIDARIEDADE,Deputado Estadual,0,2018
0274,90000,IOANNIS EVANGELOS KATSAKIS,PROS,Deputado Estadual,4,2018
0274,90001,JOSELITO DE SOUSA LIMA,PROS,Deputado Estadual,1,2018
0274,90002,MARCELO PENHA DE SOUZA FERRAZ,PROS,Deputado Estadual,19,2018
0274,90003,ILMAR CÉSAR CAVALCANTI MUNIZ,PROS,Deputado Estadual,0,2018
0274,90004,SUELI HELENA RODRIGUES,PROS,Deputado Estadual,5,2018
0274,90006,ROSÂNGELA APARECIDA DE LIMA,PROS,Deputado Estadual,0,2018
0274,90009,LUCELENE LOPES,PROS,Deputado Estadual,0,2018
0274,90010,ELIANE MARESCALCHI BRITO,PROS,Deputado Estadual,0,2018
0274,90011,MARIA CRISTINA DE PAULA LEITE GOUVÊA,PROS,Deputado Estadual,0,2018
0274,90012,EDUARDO FERREIRA,PROS,Deputado Estadual,2,2018
0274,90013,JULIO HENRIQUE FLORENCIO DE MELO,PROS,Deputado Estadual,1,2018
0274,90015,GILBERTO PEREIRA DOS SANTOS,PROS,Deputado Estadual,0,2018
0274,90016,LUCAS DE FARIA NERY DANIEL,PROS,Deputado Estadual,0,2018
0274,90018,PEDRO APARECIDO TONETTI,PROS,Deputado Estadual,0,2018
0274,90019,AILTON JOSE DA SILVA,PROS,Deputado Estadual,1,2018
0274,90020,MARCOS GALESI,PROS,Deputado Estadual,1,2018
0274,90021,RUBENS MOREIRA DA SILVA,PROS,Deputado Estadual,0,2018
0274,90022,ALESSANDRA MATOS,PROS,Deputado Estadual,2,2018
0274,90024,BRAZ ANASTACIO DA SILVA,PROS,Deputado Estadual,1,2018
0274,90033,ANA MARIA SOUZA GONÇALVES,PROS,Deputado Estadual,1,2018
0274,90038,MAURICIO TEIXEIRA ALVES,PROS,Deputado Estadual,0,2018
0274,90040,APARECIDO SOUZA SANTOS,PROS,Deputado Estadual,958,2018
0274,90044,REGIANE MARA VEIGA ALONSO,PROS,Deputado Estadual,0,2018
0274,90045,VALQUIRIA ALVES MOREIRA,PROS,Deputado Estadual,0,2018
0274,90050,MARCOS CORREA,PROS,Deputado Estadual,0,2018
0274,90051,MARIA GORETTI AGUIAR ALENCAR,PROS,Deputado Estadual,2,2018
0274,90053,EVANDRO GIORA,PROS,Deputado Estadual,2,2018
0274,90068,SILVIO CEZAR FERRAIOLI,PROS,Deputado Estadual,0,2018
0274,90077,ANDREIA SANTINA CAPATTO,PROS,Deputado Estadual,0,2018
0274,90086,CAMILA CORREA TOLEDO,PROS,Deputado Estadual,0,2018
0274,90090,VALDENICE ANCELMO SOARES,PROS,Deputado Estadual,1,2018
0274,90095,EVERALDO JOSÉ DA SILVA,PROS,Deputado Estadual,0,2018
0274,90100,VALDEMIR SARTORI DA SILVA,PROS,Deputado Estadual,0,2018
0274,90107,EURICO GONÇALVES FILHO,PROS,Deputado Estadual,0,2018
0274,90110,MARCIO DOS SANTOS RODRIGUES,PROS,Deputado Estadual,0,2018
0274,90111,ANTONIO RODRIGUES DE SOUSA,PROS,Deputado Estadual,0,2018
0274,90112,JOSE BRITO CAVALCANTE FILHO,PROS,Deputado Estadual,0,2018
0274,90113,ROSEMEIRE RIBEIRO CASTILHO,PROS,Deputado Estadual,0,2018
0274,90115,ELIZABETH DUTRA DA SILVA,PROS,Deputado Estadual,1,2018
0274,90120,JOSÉ ALECXANDRO DA SILVA,PROS,Deputado Estadual,0,2018
0274,90121,RUTE SATIKO VIEIRA RIBEIRO,PROS,Deputado Estadual,0,2018
0274,90123,EZEQUIEL DE SOUZA DAMASCENO,PROS,Deputado Estadual,1,2018
0274,90128,DENIS AMBROSIO DA SILVA,PROS,Deputado Estadual,0,2018
0274,90130,EDNEI PROCÓPIO DOS SANTOS,PROS,Deputado Estadual,0,2018
0274,90131,ANTONIO MARCOS GOMES SENA,PROS,Deputado Estadual,0,2018
0274,90139,FLAVIO LOPES ALVES,PROS,Deputado Estadual,1,2018
0274,90144,JOSE ANTONIO DOS SANTOS,PROS,Deputado Estadual,1,2018
0274,90147,FLAVIO LUIZ EUGENIO BASTOS,PROS,Deputado Estadual,0,2018
0274,90158,RITA DE CASSIA DA SILVA VASCONCELOS,PROS,Deputado Estadual,0,2018
0274,90177,WILLAMS ALVES DA SILVA,PROS,Deputado Estadual,0,2018
0274,90181,ANTONIO CARLOS RENOR,PROS,Deputado Estadual,0,2018
0274,90188,LEANDRO LEME CAMARGO,PROS,Deputado Estadual,1,2018
0274,90190,ADRIANA SANCHES GALDEANO BORGO,PROS,Deputado Estadual,290,2018
0274,90192,FABIANO JOSE SANTOS LOURENÇO,PROS,Deputado Estadual,0,2018
0274,90193,GALENO ROSA,PROS,Deputado Estadual,0,2018
0274,90194,ANDRÉA MARIA DOS SANTOS,PROS,Deputado Estadual,1,2018
0274,90198,MARCIAL MARAJA MARCELINO,PROS,Deputado Estadual,0,2018
0274,90200,JOSE GARRIS DEL VALLE,PROS,Deputado Estadual,0,2018
0274,90204,LOURDES GENEROSO,PROS,Deputado Estadual,0,2018
0274,90211,VALDECIR MOREIRA DE BRITO,PROS,Deputado Estadual,0,2018
0274,90217,MARCOS DE AZEVEDO CARNEIRO,PROS,Deputado Estadual,0,2018
0274,90221,ANTONIO CARLOS PEREIRA DA SILVA,PROS,Deputado Estadual,0,2018
0274,90222,MARCELO PEREIRA GUIDIO,PROS,Deputado Estadual,0,2018
0274,90233,JOSE ROBERTO BEILSTREIN,PROS,Deputado Estadual,0,2018
0274,90235,EDSON FERRARINI,PROS,Deputado Estadual,9,2018
0274,90247,DÉBORA CRISTINA DA MOTA,PROS,Deputado Estadual,0,2018
0274,90281,ANDERSON OLIVEIRA DA SILVA,PROS,Deputado Estadual,0,2018
0274,90290,LUCIANA APARECIDA FRAGOSO DA SILVA,PROS,Deputado Estadual,0,2018
0274,90300,JOSE GOMES DE OLIVEIRA NETO,PROS,Deputado Estadual,0,2018
0274,90304,JOSEFA ALVES LEITE DOS SANTOS,PROS,Deputado Estadual,0,2018
0274,90312,WELINGTON ZACARIAS TISANO,PROS,Deputado Estadual,0,2018
0274,90321,BENEDITO AUGUSTO DOS SANTOS,PROS,Deputado Estadual,2,2018
0274,90322,GIVALDO JOSE DA SILVA,PROS,Deputado Estadual,0,2018
0274,90333,ROBERTO BASTOS DE OLIVEIRA JUNIOR,PROS,Deputado Estadual,1,2018
0274,90336,LUCAS JULIANO SUSCO,PROS,Deputado Estadual,1,2018
0274,90345,DAVID SANTANA DA SILVA,PROS,Deputado Estadual,0,2018
0274,90350,MARCELO DA SILVA,PROS,Deputado Estadual,1,2018
0274,90357,WALDMIRIAN WELLNER CRUZ,PROS,Deputado Estadual,0,2018
0274,90366,NELSON VALVERDE DIAS,PROS,Deputado Estadual,0,2018
0274,90367,EDNA APARECIDA DOS SANTOS,PROS,Deputado Estadual,0,2018
0274,90375,GILVAN APARECIDO FERNANDES ASNAR,PROS,Deputado Estadual,1,2018
0274,90378,GISLENE MEIRELES DOS SANTOS,PROS,Deputado Estadual,0,2018
0274,90390,RENATO DA SILVA,PROS,Deputado Estadual,0,2018
0274,90400,FATIMA APARECIDA FERREIRA,PROS,Deputado Estadual,1,2018
0274,90417,FABIO NASCIMENTO DE LIMA,PROS,Deputado Estadual,0,2018
0274,90420,ALESSANDRA MARTINS GONÇALVES,PROS,Deputado Estadual,4,2018
0274,90432,ELIFAS EUPHRASIO,PROS,Deputado Estadual,3,2018
0274,90440,DANIEL GIROTTO,PROS,Deputado Estadual,10,2018
0274,90444,VIRGINIA DE JESUS GONZALEZ,PROS,Deputado Estadual,0,2018
0274,90450,ROBSON DE OLIVEIRA,PROS,Deputado Estadual,0,2018
0274,90451,HARLEY HECTOR VICENTE,PROS,Deputado Estadual,0,2018
0274,90456,CARLOS HENRIQUE DOS SANTOS,PROS,Deputado Estadual,0,2018
0274,90457,SERGIO FORNAZARI,PROS,Deputado Estadual,0,2018
0274,90497,FABIOLA CARDI,PROS,Deputado Estadual,0,2018
0274,90500,SALOMAO PEREIRA DA SILVA,PROS,Deputado Estadual,1,2018
0274,90501,ALEXSSANDER DE OLIVEIRA,PROS,Deputado Estadual,0,2018
0274,90508,BENEDITA SUELI DE TOLEDO DIAS,PROS,Deputado Estadual,0,2018
0274,90511,KLEBER ADELIPIO BARROS SANTOS,PROS,Deputado Estadual,3,2018
0274,90523,CÉLIA BRITO GARCIA,PROS,Deputado Estadual,0,2018
0274,90531,MARIA DAS NEVES SILVA DE JESUS,PROS,Deputado Estadual,0,2018
0274,90543,MARCOS DE AZEVEDO,PROS,Deputado Estadual,0,2018
0274,90545,JOAQUIM GRACA NETO,PROS,Deputado Estadual,1,2018
0274,90550,BENEDITA DE CAMARGO,PROS,Deputado Estadual,1,2018
0274,90555,LERYANE MARQUES DE ARAUJO BLASZKOWSKI,PROS,Deputado Estadual,1,2018
0274,90567,CICERO FLORIANO PIRES ALVES,PROS,Deputado Estadual,1,2018
0274,90600,REGINALDO APARECIDO BATISTA,PROS,Deputado Estadual,0,2018
0274,90620,AMARO XIMENES DE MELO,PROS,Deputado Estadual,0,2018
0274,90633,LEANDRO VALDO DE ALMEIDA LIMA,PROS,Deputado Estadual,0,2018
0274,90666,HAMILTON ALVES FERNANDES,PROS,Deputado Estadual,2,2018
0274,90687,RUTH MARCELINA CAETANO UGUCIONE,PROS,Deputado Estadual,1,2018
0274,90690,SEBASTIAO CARLOS DA SILVA,PROS,Deputado Estadual,2,2018
0274,90693,VALDINEI FELIX DOS SANTOS,PROS,Deputado Estadual,0,2018
0274,90699,CRISTIANO PINTO FERREIRA,PROS,Deputado Estadual,1,2018
0274,90700,IDERNANI GOMES DO CARMO,PROS,Deputado Estadual,0,2018
0274,90741,GERSON DA CUNHA,PROS,Deputado Estadual,0,2018
0274,90764,ANDREA DUL,PROS,Deputado Estadual,3,2018
0274,90765,MARCOS ANTONIO PEREIRA DA SILVA,PROS,Deputado Estadual,0,2018
0274,90773,ALEX PAULO,PROS,Deputado Estadual,0,2018
0274,90777,MONICA BERBEL ROCHA,PROS,Deputado Estadual,1,2018
0274,90789,CELSO DE SOUZA FILHO,PROS,Deputado Estadual,1,2018
0274,90790,ADEILDO REIS DOS SANTOS,PROS,Deputado Estadual,4,2018
0274,90810,JOSE IDAILSON PEREIRA DOS SANTOS,PROS,Deputado Estadual,0,2018
0274,90822,HERALDO LOPES GUIMARÃES,PROS,Deputado Estadual,2,2018
0274,90852,CARLOS ALBERTO FIGUEIREDO SANTANA,PROS,Deputado Estadual,0,2018
0274,90888,WALDIR JOSE SCHIAVON JUNIOR,PROS,Deputado Estadual,0,2018
0274,90890,JEFFERSON RIPI DA SILVA,PROS,Deputado Estadual,0,2018
0274,90900,EDUARDO LUIZ GREGORIO,PROS,Deputado Estadual,3,2018
0274,90902,IDEVANIR ARCANJO DE SOUZA,PROS,Deputado Estadual,0,2018
0274,90909,JOSEFA CONCEICAO OLIVEIRA SILVA LABELA,PROS,Deputado Estadual,0,2018
0274,90910,GILSON APARECIDO ZANLUCHI,PROS,Deputado Estadual,0,2018
0274,90911,ROGÉRIO VALDECI DE LIMA,PROS,Deputado Estadual,0,2018
0274,90922,IRANILDO DANTAS,PROS,Deputado Estadual,0,2018
0274,90951,JULIANA GARCIA LORENCETTI,PROS,Deputado Estadual,0,2018
0274,90971,MARIA EVANGELISTA GOMES BATISTA,PROS,Deputado Estadual,0,2018
0274,90977,GIOVANI CORREIA DOS SANTOS,PROS,Deputado Estadual,0,2018
0274,90987,FABIO DO CARMO SANTOS,PROS,Deputado Estadual,0,2018
0274,90990,RICARDO LEITE,PROS,Deputado Estadual,5,2018
0274,90996,ISABEL CRISTINA DA SILVA CALDERONE,PROS,Deputado Estadual,0,2018
0274,90999,GIRLÊNIO GOMES DE OLIVEIRA,PROS,Deputado Estadual,3,2018
0275,10000,JORGE WILSON GONÇALVES DE MATTOS,PRB,Deputado Estadual,325,2018
0275,10005,MARCIA ROZANA FIDELIS,PRB,Deputado Estadual,0,2018
0275,10012,ONANCIARA RODRIGUES FERNANDEZ,PRB,Deputado Estadual,1,2018
0275,10100,AILDO RODRIGUES FERREIRA,PRB,Deputado Estadual,9,2018
0275,10101,HÉLIO APARECIDO DE GODOY,PRB,Deputado Estadual,2,2018
0275,10111,WELLINGTON DE SOUZA MOURA,PRB,Deputado Estadual,0,2018
0275,10123,GILMACI DOS SANTOS BARBOSA,PRB,Deputado Estadual,937,2018
0275,10133,JOSÉ DOMINGOS BITTENCOURT,PRB,Deputado Estadual,1,2018
0275,10148,SILVIA CRISTINA ASPRINO SOARES,PRB,Deputado Estadual,0,2018
0275,10190,DAVID SEVERINO DA SILVA JUNIOR,PRB,Deputado Estadual,1,2018
0275,10200,ELIAS REZEK AJUB,PRB,Deputado Estadual,14,2018
0275,10300,LUCIANA GISELE DE OLIVEIRA ALVES DA SILVA,PRB,Deputado Estadual,1,2018
0275,10321,SEBASTIÃO DOS SANTOS FILHO,PRB,Deputado Estadual,6,2018
0275,10333,ALTAIR MORAES DE OLIVEIRA,PRB,Deputado Estadual,23,2018
0275,10444,MARCO AURÉLIO PEGOLO DOS SANTOS,PRB,Deputado Estadual,8,2018
0275,10456,EDNA BEZERRA SAMPAIO FERNANDES,PRB,Deputado Estadual,6,2018
0275,10500,MARCOS COUTO DOS SANTOS,PRB,Deputado Estadual,5,2018
0275,10555,MÁRCIO JOSÉ DE OLIVEIRA,PRB,Deputado Estadual,6,2018
0275,10600,WILLIAM NUNES AFFONSO,PRB,Deputado Estadual,0,2018
0275,10777,VALÉRIA APARECIDA MESSIAS LIMA,PRB,Deputado Estadual,41,2018
0275,10789,DAYANI APARECIDA ESCROQUE,PRB,Deputado Estadual,0,2018
0275,10900,VESPASIANO SAULO DA COSTA E SILVA,PRB,Deputado Estadual,3,2018
0275,10999,FRANCISCO JOSÉ LANG FERNANDES DE OLIVEIRA,PRB,Deputado Estadual,10,2018
0275,11000,KENNY PIRES MENDES,PP,Deputado Estadual,59,2018
0275,11011,EDUARDO BOIGUES QUEROZ,PP,Deputado Estadual,44,2018
0275,11012,VITO ARDITO LERÁRIO,PP,Deputado Estadual,0,2018
0275,11023,EDUARDO VIEIRA PETROV,PP,Deputado Estadual,1,2018
0275,11057,MARTA DE PAULA TEIXEIRA DI PIPI,PP,Deputado Estadual,4,2018
0275,11111,ANTONIO CARLOS ESPER CURIATI,PP,Deputado Estadual,32,2018
0275,11123,ALESSANDRA REGINA BEGALLI ZAMORA,PP,Deputado Estadual,814,2018
0275,11138,ROBERVAL CONTE LOPES LIMA,PP,Deputado Estadual,180,2018
0275,11190,PAULO ADRIANO LOPES LUCINDA TELHADA,PP,Deputado Estadual,580,2018
0275,11200,EDUARDO ROZ,PP,Deputado Estadual,65,2018
0275,11222,FABIO SARTORI MANFRINATO,PP,Deputado Estadual,6,2018
0275,11258,MARCIO APARECIDO MARTINS,PP,Deputado Estadual,4,2018
0275,11650,PAULO ROBERTO CECCHINATO,PP,Deputado Estadual,1,2018
0275,11777,ANTONIO ASSUNÇÃO DE OLIM,PP,Deputado Estadual,571,2018
0275,12000,GABRIEL CASSIANO CARVALHO NEVES FINZETTO,PDT,Deputado Estadual,80,2018
0275,12001,SOLANGE MARIA TEODORO,PDT,Deputado Estadual,1,2018
0275,12007,ROBSON APARECIDO PRIMO,PDT,Deputado Estadual,382,2018
0275,12011,ALEXANDRIA BUENO DA SILVA,PDT,Deputado Estadual,9,2018
0275,12012,MARINA LUIZA RODRIGUES MOLINA LOPES,PDT,Deputado Estadual,130,2018
0275,12022,RONALDO FLORIDO DE OLIVEIRA,PDT,Deputado Estadual,0,2018
0275,12051,RIVALDO APARECIDO DE OLIVEIRA,PDT,Deputado Estadual,2,2018
0275,12066,MAISA CARMAGNANI MESSIAS,PDT,Deputado Estadual,0,2018
0275,12077,RITA DE CASSIA SOUSA SANTOS,PDT,Deputado Estadual,0,2018
0275,12081,AUGUSTO CESAR CORREA NETO,PDT,Deputado Estadual,0,2018
0275,12091,VERA LUCIA RIBEIRO DOS REIS MORENO,PDT,Deputado Estadual,0,2018
0275,12100,DIMAS DE PAULA INACIO,PDT,Deputado Estadual,4,2018
0275,12111,SERGIO RICARDO GONÇALVES DA SILVA,PDT,Deputado Estadual,1,2018
0275,12113,OSMAR VILELA DOS SANTOS,PDT,Deputado Estadual,0,2018
0275,12118,ALEXANDRE REGINATO ACEDO,PDT,Deputado Estadual,18,2018
0275,12120,DILSON FRANCISCO FLORIANO,PDT,Deputado Estadual,2,2018
0275,12121,MARLI SILVA PEREIRA,PDT,Deputado Estadual,11,2018
0275,12122,ARI FRIEDENBACH,PDT,Deputado Estadual,31,2018
0275,12123,LUIZ DE MOURA PEREIRA,PDT,Deputado Estadual,6,2018
0275,12133,LUIZ VICENTE DA SILVA,PDT,Deputado Estadual,0,2018
0275,12177,GILVAN SANTOS SOUZA FILHO,PDT,Deputado Estadual,0,2018
0275,12181,JAAZIEL BISPO DOS SANTOS,PDT,Deputado Estadual,0,2018
0275,12190,APARECIDO CARLOS LEANDRO,PDT,Deputado Estadual,0,2018
0275,12193,GENILDO DANTAS DA SILVA,PDT,Deputado Estadual,0,2018
0275,12200,FRANCISCO CARLOS SILVEIRA LEITE,PDT,Deputado Estadual,3,2018
0275,12221,REGIA MARIA GOUVEIA SARMENTO,PDT,Deputado Estadual,5,2018
0275,12222,LUIZ EDUARDO ALMANÇA,PDT,Deputado Estadual,37,2018
0275,12258,ISMAEL DANTAS DE AMORIM FILHO,PDT,Deputado Estadual,0,2018
0275,12292,RUTHINEA DE CARVALHO,PDT,Deputado Estadual,0,2018
0275,12300,CLAUDIA APARECIDA BELTRAN DOS SANTOS,PDT,Deputado Estadual,2,2018
0275,12312,MARCIA APARECIDA MENDES,PDT,Deputado Estadual,1,2018
0275,12321,PEDRO ANTONIO BIGARDI,PDT,Deputado Estadual,12,2018
0275,12333,VALDOMIRO NUNES DE QUEIROS,PDT,Deputado Estadual,7,2018
0275,12340,JOSE SEBASTIAO FILHO,PDT,Deputado Estadual,0,2018
0275,12345,MARCIO MASSAMI NAKASHIMA,PDT,Deputado Estadual,68,2018
0275,12348,SERGIO LUIZ FARAUDE,PDT,Deputado Estadual,3,2018
0275,12360,UÉBER DEIVIDI DA SILVA,PDT,Deputado Estadual,0,2018
0275,12412,JOSUÉ BRIZOLA,PDT,Deputado Estadual,0,2018
0275,12424,MAHAYANA TACCARI,PDT,Deputado Estadual,0,2018
0275,12444,AGAMENON ALVES DA SILVA,PDT,Deputado Estadual,6,2018
0275,12446,ANA CRISTINA AUGUSTA DA SILVA ENCARNAÇÃO,PDT,Deputado Estadual,2,2018
0275,12450,ELIENE DA SILVA SANTOS,PDT,Deputado Estadual,0,2018
0275,12456,DIOGENES BRANCO DE ANDRADE,PDT,Deputado Estadual,3,2018
0275,12468,SIMONE APARECIDA FERREIRA,PDT,Deputado Estadual,0,2018
0275,12491,THIAGO DE LUCA SANT ANA RIBEIRO,PDT,Deputado Estadual,4,2018
0275,12500,JOSÉ DE PAULA SANTOS,PDT,Deputado Estadual,1,2018
0275,12512,VAGNER APARECIDO MALHEIROS,PDT,Deputado Estadual,3,2018
0275,12567,ANTONIO COSTA,PDT,Deputado Estadual,1,2018
0275,12569,SALVADOR RODRIGUES DE SOUZA,PDT,Deputado Estadual,0,2018
0275,12611,CAMILA VERONICA SPERANDIO DE ALMEIDA,PDT,Deputado Estadual,2,2018
0275,12612,LIZETE MARIA CORREA VALLEJO MORALES,PDT,Deputado Estadual,1,2018
0275,12622,SANDRA MARIA DOS SANTOS,PDT,Deputado Estadual,0,2018
0275,12628,CINTIA APARECIDA DE MATOS,PDT,Deputado Estadual,1,2018
0275,12640,JOSÉ MARCIO DE SOUZA CANDIDO,PDT,Deputado Estadual,4,2018
0275,12689,PAULO VICTOR NOVAES,PDT,Deputado Estadual,0,2018
0275,12712,HERNANI JOSÉ BARRETO DA SILVA,PDT,Deputado Estadual,0,2018
0275,12767,STELLA TAVARES MACHADO,PDT,Deputado Estadual,7,2018
0275,12777,THYAGO CEZAR,PDT,Deputado Estadual,8,2018
0275,12789,PAULO ALVES PEREIRA,PDT,Deputado Estadual,0,2018
0275,12800,MIGUEL FRANCISCO DE LIMA,PDT,Deputado Estadual,3,2018
0275,12812,ALLAN RODRIGO ALVES,PDT,Deputado Estadual,20,2018
0275,12900,MANOEL JOSÉ DE ALENCAR FILHO,PDT,Deputado Estadual,0,2018
0275,12999,ADENILSON APARECIDO BARBOSA,PDT,Deputado Estadual,1,2018
0275,13001,PEDRO TOURINHO DE SIQUEIRA,PT,Deputado Estadual,3263,2018
0275,13002,ANTONIO AUGUSTO PORTO,PT,Deputado Estadual,2,2018
0275,13003,ANA LIDIA DE OLIVEIRA AGUIAR,PT,Deputado Estadual,111,2018
0275,13005,NOEMIA BENTO DE OLIVEIRA,PT,Deputado Estadual,1,2018
0275,13007,EDIVALDO DE OLIVEIRA LIMA,PT,Deputado Estadual,2,2018
0275,13008,JOAQUIM MISAEL DA SILVA,PT,Deputado Estadual,2,2018
0275,13009,VALQUIRIA JUSTINO,PT,Deputado Estadual,1,2018
0275,13011,MARIO MAURICI DE LIMA MORAIS,PT,Deputado Estadual,2,2018
0275,13015,CLAUDILSON LEITE PEREIRA,PT,Deputado Estadual,1,2018
0275,13016,ROBERTO SAMPAIO GÂNDARA JÚNIOR,PT,Deputado Estadual,8,2018
0275,13021,SIMONE DINIZ DI STADIO DE ARAUJO,PT,Deputado Estadual,7,2018
0275,13066,ADELIA OLIVEIRA DE FARIAS,PT,Deputado Estadual,52,2018
0275,13068,MARCELO PEDROSO DE OLIVEIRA,PT,Deputado Estadual,0,2018
0275,13090,WANDA DE OLIVEIRA FERREIRA,PT,Deputado Estadual,7,2018
0275,13100,GARRY DERALUS,PT,Deputado Estadual,6,2018
0275,13110,TEONILIO MONTEIRO DA COSTA,PT,Deputado Estadual,1,2018
0275,13111,NORMANDO COSTA DE ANDRADE FILHO,PT,Deputado Estadual,11,2018
0275,13113,MARCIA APARECIDA OVEJANEDA LIA,PT,Deputado Estadual,45,2018
0275,13114,ENIO FRANCISCO TATTO,PT,Deputado Estadual,34,2018
0275,13116,NORMACI SOUSA SAMPAIO,PT,Deputado Estadual,1,2018
0275,13119,MARIA DOS ANJOS SOARES MIRANDA,PT,Deputado Estadual,0,2018
0275,13121,EUGENIO SAID,PT,Deputado Estadual,2,2018
0275,13122,JOSÉ CARLOS DE AQUINO,PT,Deputado Estadual,10,2018
0275,13123,MARIA IZABEL AZEVEDO NORONHA,PT,Deputado Estadual,212,2018
0275,13124,MARIA IZABEL BEZERRA DE SÁ,PT,Deputado Estadual,13,2018
0275,13131,EMIDIO PEREIRA DE SOUZA,PT,Deputado Estadual,50,2018
0275,13133,ALEX SANDRO GOMES,PT,Deputado Estadual,20,2018
0275,13134,LUIZ FERNANDO TEIXEIRA FERREIRA,PT,Deputado Estadual,23,2018
0275,13136,CÁSSIA APARECIDA JACINTHO LACERDA,PT,Deputado Estadual,6,2018
0275,13138,EDINALVA SILVA FRANCO,PT,Deputado Estadual,0,2018
0275,13139,SERGIO RIBEIRO SILVA,PT,Deputado Estadual,4,2018
0275,13140,JOSE AMERICO ASCENCIO DIAS,PT,Deputado Estadual,339,2018
0275,13147,GERALDO LEITE DA CRUZ,PT,Deputado Estadual,0,2018
0275,13192,ANTONIO ROBERTO DE SOUZA,PT,Deputado Estadual,3,2018
0275,13199,ANTONIO MENTOR DE MELLO SOBRINHO,PT,Deputado Estadual,155,2018
0275,13200,WAGNER OCIMAR BALIEIRO,PT,Deputado Estadual,6,2018
0275,13213,SIDNEI LUIZ MENESES ROSA,PT,Deputado Estadual,1,2018
0275,13222,ADRIANO DIOGO,PT,Deputado Estadual,44,2018
0275,13223,JOZY ELLEN DIAS SOUZA DE LEMOS,PT,Deputado Estadual,1,2018
0275,13232,JUCIMÁRIO GALDINO BARBOSA,PT,Deputado Estadual,2,2018
0275,13249,ELENITA DO CARMO OLIVEIRA MARTINS,PT,Deputado Estadual,1,2018
0275,13290,HAMILTON PEREIRA,PT,Deputado Estadual,4,2018
0275,13300,CLAUDIO MARQUES DA SILVA,PT,Deputado Estadual,3,2018
0275,13310,LUIZ CLAUDIO MARCOLINO,PT,Deputado Estadual,19,2018
0275,13313,RENATO MORENI AIRES DA SILVA,PT,Deputado Estadual,2,2018
0275,13321,HERIVELTO DOS SANTOS MORAES,PT,Deputado Estadual,4,2018
0275,13331,RAIMUNDO BERNARDINO DO NASCIMENTO,PT,Deputado Estadual,1,2018
0275,13333,ROBERTA MOREIRA LUCHSINGER,PT,Deputado Estadual,18,2018
0275,13356,MOHAMAD SAMI EL KADRI,PT,Deputado Estadual,8,2018
0275,13367,AILTON FRANCISCO CABRAL,PT,Deputado Estadual,4,2018
0275,13410,MARLEIDE SOARES DA SILVA,PT,Deputado Estadual,3,2018
0275,13444,JOÃO BATISTA PINHEIRO SANTOS FILHO,PT,Deputado Estadual,6,2018
0275,13456,ELISABETH SAHÃO,PT,Deputado Estadual,29,2018
0275,13500,LUZIA JOSÉ DOS SANTOS VECCHIATTI,PT,Deputado Estadual,10,2018
0275,13513,ALOISIO GAMA DE SANTANA,PT,Deputado Estadual,5,2018
0275,13555,SIMÃO PEDRO CHIOVETTI,PT,Deputado Estadual,64,2018
0275,13560,LUIZ FERNANDO STOPPA,PT,Deputado Estadual,3,2018
0275,13562,MIRLEI ANTONIO CASALE,PT,Deputado Estadual,1,2018
0275,13565,MARIA DA PENHA SOUZA,PT,Deputado Estadual,2,2018
0275,13570,ALESSANDRA TRINDADE SHIMOMOTO,PT,Deputado Estadual,28,2018
0275,13578,EDILEIDI CANETE RAMOS,PT,Deputado Estadual,1,2018
0275,13587,DEUSDETE ALVES DE ASSUNÇÃO,PT,Deputado Estadual,0,2018
0275,13613,PAULO ROBERTO FIORILO,PT,Deputado Estadual,5,2018
0275,13633,AGNELO DA SILVA MATOS NETO,PT,Deputado Estadual,3,2018
0275,13640,VERA LÚCIA RODRIGUES DE FARIA,PT,Deputado Estadual,101,2018
0275,13644,RENATO BISPO CAROBA,PT,Deputado Estadual,1,2018
0275,13666,ANDRÉ LUIZ COSTA DE OLIVEIRA,PT,Deputado Estadual,4,2018
0275,13670,EDMILSON SOUZA SANTOS,PT,Deputado Estadual,1,2018
0275,13678,ROSA MARIA CHIQUETTO,PT,Deputado Estadual,0,2018
0275,13688,ENI FERNANDES,PT,Deputado Estadual,1,2018
0275,13690,LUIZ MARTINO TURCO,PT,Deputado Estadual,9,2018
0275,13696,ALEXANDRE BREVIGLIERI ALVES CASTILHO,PT,Deputado Estadual,45,2018
0275,13707,ABDAEL AMBRUSTER,PT,Deputado Estadual,5,2018
0275,13711,ORLANDO MAURÍCIO JÚNIOR,PT,Deputado Estadual,2,2018
0275,13713,FABIANO GREGÓRIO,PT,Deputado Estadual,2,2018
0275,13741,TELMA FORTUNATO DA SILVA SANT ANNA,PT,Deputado Estadual,2,2018
0275,13770,ANGELA CAMARGO SPINELI,PT,Deputado Estadual,14,2018
0275,13777,CLAUDIO APARECIDO DA SILVA,PT,Deputado Estadual,9,2018
0275,13778,PEDRO FELIPE JACYNTHO DOS SANTOS,PT,Deputado Estadual,2,2018
0275,13789,MARCELO SAMUEL DA COSTA,PT,Deputado Estadual,4,2018
0275,13800,JORGE DO CARMO SILVA,PT,Deputado Estadual,11,2018
0275,13813,RENATO SIMOES,PT,Deputado Estadual,1306,2018
0275,13888,JOSILDA DE ARAÚJO CABRAL DO NASCIMENTO,PT,Deputado Estadual,0,2018
0275,13890,EDSON PEREIRA CAMPOS,PT,Deputado Estadual,0,2018
0275,13900,EDISON LUÍS ALVES,PT,Deputado Estadual,3,2018
0275,13913,CÁSSIA GONÇALVES DE JESUS,PT,Deputado Estadual,0,2018
0275,13933,EDUARDO DIAS DA CUNHA,PT,Deputado Estadual,1,2018
0275,13999,CARLOS ALBERTO PLETZ NEDER,PT,Deputado Estadual,107,2018
0275,14007,ALESSANDRO RIOS CONFORTI,PTB,Deputado Estadual,0,2018
0275,14014,WELINGTON APARECIDO ALFREDO,PTB,Deputado Estadual,0,2018
0275,14040,RICARDO MANOEL DE ALMEIDA,PTB,Deputado Estadual,1,2018
0275,14045,LUCIMAR FREIRE DE ALMEIDA SILVA,PTB,Deputado Estadual,0,2018
0275,14100,MARINISIA TUROLI FERNANDES DA SILVA,PTB,Deputado Estadual,5,2018
0275,14111,EDILSON GUARNIERI,PTB,Deputado Estadual,14,2018
0275,14123,JOSE NERIVAN DA SILVA,PTB,Deputado Estadual,1,2018
0275,14140,ANTONIO CARLOS DE CAMPOS MACHADO,PTB,Deputado Estadual,223,2018
0275,14145,MARIA TERESA DA SILVA LATTARI,PTB,Deputado Estadual,1,2018
0275,14160,ROQUE BARBIERE,PTB,Deputado Estadual,9,2018
0275,14190,MARCOS ROGERIO MANTEIGA,PTB,Deputado Estadual,21,2018
0275,14222,ERICA VANESSA MANTOVANI,PTB,Deputado Estadual,1,2018
0275,14234,CARLOS BRUMER RODRIGUES,PTB,Deputado Estadual,0,2018
0275,14333,JONAS FERNANDES CASTRO,PTB,Deputado Estadual,0,2018
0275,14340,CAROLINE DO AMPARO CERQUEIRA,PTB,Deputado Estadual,4,2018
0275,14345,CÉSAR RAMOS DA COSTA,PTB,Deputado Estadual,1,2018
0275,14400,JAQUELINE LILIAN BARCELOS COUTINHO,PTB,Deputado Estadual,7,2018
0275,14444,ANTONIO JOAQUIM FERNANDES,PTB,Deputado Estadual,19,2018
0275,14500,MARIA DAS GRAÇAS FERREIRA DE MACEDO,PTB,Deputado Estadual,0,2018
0275,14540,ANDREIA CARVALHO DE SOUZA,PTB,Deputado Estadual,0,2018
0275,14555,MARCO ANTONIO BITTENCOURT NOGUEIRA COBRA,PTB,Deputado Estadual,2,2018
0275,14600,LUCIENE CARVALHO CHALET FERREIRA,PTB,Deputado Estadual,0,2018
0275,14777,LUIZ CARLOS GONDIM TEIXEIRA,PTB,Deputado Estadual,15,2018
0275,15000,JORGE LUIS CARUSO,MDB,Deputado Estadual,75,2018
0275,15002,GLAUCIA ESTELA CAMARGO,MDB,Deputado Estadual,3,2018
0275,15005,SANDRA DIAS TAVARES CINTRA,MDB,Deputado Estadual,73,2018
0275,15007,JOÃO ALBERTO CORRÊA,MDB,Deputado Estadual,2,2018
0275,15009,GILBERTO FRANCISCO DE AQUINO,MDB,Deputado Estadual,1,2018
0275,15010,LUIZ FERNANDO RICCETTO,MDB,Deputado Estadual,0,2018
0275,15013,ZAIRA AMARAL ALVES DE ABREU,MDB,Deputado Estadual,0,2018
0275,15015,ENYO DAURO LEPOS CORREIA,MDB,Deputado Estadual,4,2018
0275,15018,ELIEL JUNQUEIRA FERNANDES,MDB,Deputado Estadual,1,2018
0275,15021,LUIZ MANOEL FRANCISCO,MDB,Deputado Estadual,6,2018
0275,15022,ANGELA OROSCO DE MELO,MDB,Deputado Estadual,15,2018
0275,15023,EDSON COELHO ARAUJO FILHO,MDB,Deputado Estadual,2,2018
0275,15044,CLAYTON GUIMARAES DE ALMEIDA,MDB,Deputado Estadual,0,2018
0275,15051,LEONARDO FRANCISCO SAMPAIO DE SOUZA FILHO,MDB,Deputado Estadual,22,2018
0275,15055,DALVA NEIDE MAGNANI SCHIEZARI,MDB,Deputado Estadual,0,2018
0275,15056,FERNANDO GARCIA IZQUIERDO,MDB,Deputado Estadual,0,2018
0275,15072,ALEXANDRE EURÍPEDES DOS SANTOS,MDB,Deputado Estadual,1,2018
0275,15074,JOSE PAIM ANUNCIAÇÃO FILHO,MDB,Deputado Estadual,1,2018
0275,15077,KELLY VESCO MOZZONE,MDB,Deputado Estadual,0,2018
0275,15078,JOSÉ BERNARDO ALVES,MDB,Deputado Estadual,1,2018
0275,15088,GENIVAL FRANCISCO DOS SANTOS,MDB,Deputado Estadual,0,2018
0275,15091,ROBSON LUIS MARTUCHI,MDB,Deputado Estadual,2,2018
0275,15097,CELINA RODRIGUES LOPES,MDB,Deputado Estadual,0,2018
0275,15099,FLAVIO DE SOUZA SILVEIRA,MDB,Deputado Estadual,260,2018
0275,15100,WALTER VICIONI GONÇALVES,MDB,Deputado Estadual,92,2018
0275,15110,RICARDO JOSÉ RUSSOMANNO AZEVEDO SOBRINHO,MDB,Deputado Estadual,1,2018
0275,15111,CRISTIANE FRIOLIM DAMASCENO,MDB,Deputado Estadual,2,2018
0275,15113,ADRIANA PAULA HORTENCIANO,MDB,Deputado Estadual,0,2018
0275,15115,SANZIO RODRIGUES DA SILVA,MDB,Deputado Estadual,17,2018
0275,15123,OCIMAR DONIZETI LEO OLIVEIRA,MDB,Deputado Estadual,3,2018
0275,15154,RAFAEL LUIZ PAVARINI DE CAMARGO,MDB,Deputado Estadual,12,2018
0275,15155,MIGUEL ARCANJO DE SOUSA,MDB,Deputado Estadual,1,2018
0275,15180,RENATA DE OLIVEIRA COELHO,MDB,Deputado Estadual,0,2018
0275,15190,ALEXANDRE PIMENTA ARAUJO,MDB,Deputado Estadual,2,2018
0275,15200,MARCOS DANIEL GOMES DE SOUSA,MDB,Deputado Estadual,2,2018
0275,15215,CLEONICE REGINALDA FURQUIM,MDB,Deputado Estadual,7,2018
0275,15236,ELAINE SILVEIRA NEVES,MDB,Deputado Estadual,2,2018
0275,15300,ITAMAR FRANCISCO MACHADO BORGES,MDB,Deputado Estadual,69,2018
0275,15315,DILSON DIAS RIBEIRO,MDB,Deputado Estadual,0,2018
0275,15345,ETELVINO CAETANO DA SILVA,MDB,Deputado Estadual,0,2018
0275,15355,FELIPE MARTINS GONÇALVES DA CUNHA,MDB,Deputado Estadual,3,2018
0275,15500,MARIA DO CARMO GUILHERME,MDB,Deputado Estadual,11,2018
0275,15511,VLADIMIR UDILOFF,MDB,Deputado Estadual,5,2018
0275,15515,NEHEMIAS DOMINGOS DE MELO,MDB,Deputado Estadual,3,2018
0275,15555,JULIANO JUN ABE,MDB,Deputado Estadual,14,2018
0275,15556,VALÉRIA BENTO,MDB,Deputado Estadual,0,2018
0275,15588,APARECIDO SARAIVA DA ROCHA,MDB,Deputado Estadual,1,2018
0275,15600,ISABEL KAUSZ DOS REIS,MDB,Deputado Estadual,3,2018
0275,15601,MARCOS LEANDRO GOMES VIEIRA,MDB,Deputado Estadual,0,2018
0275,15605,FERNANDO LUIZ ISOPPO PETITI,MDB,Deputado Estadual,4,2018
0275,15613,ANDRÉA CRISTINA FERREIRA DE LEMOS SILVA,MDB,Deputado Estadual,1,2018
0275,15622,JOOJI HATO,MDB,Deputado Estadual,35,2018
0275,15678,MARIA DAS GRAÇAS DOS SANTOS,MDB,Deputado Estadual,1,2018
0275,15698,MARTA HELENA FERREIRA BARBOSA,MDB,Deputado Estadual,2,2018
0275,15777,DAURY DE PAULA JÚNIOR,MDB,Deputado Estadual,6,2018
0275,15863,TATIANE DA CRUZ,MDB,Deputado Estadual,1,2018
0275,15888,RICARDO LOURENÇO DO CARMO,MDB,Deputado Estadual,0,2018
0275,15999,ANGELO ANTONIO BUCIOLOTI,MDB,Deputado Estadual,3,2018
0275,16001,ABEL BARRETO,PSTU,Deputado Estadual,10,2018
0275,16002,ANDRESSA CHAVES DA SILVA,PSTU,Deputado Estadual,0,2018
0275,16006,EDINOEL CARVALHO VEIGA,PSTU,Deputado Estadual,1,2018
0275,16016,MARISA DOS SANTOS MENDES,PSTU,Deputado Estadual,3,2018
0275,16026,JOSE DE ARIMATEA PAIVA NUNES,PSTU,Deputado Estadual,0,2018
0275,16036,EUGÊNIO MARIA DUARTE,PSTU,Deputado Estadual,0,2018
0275,16100,SILVANA MARIA DA SILVA,PSTU,Deputado Estadual,0,2018
0275,16107,RAQUEL DE PAULA,PSTU,Deputado Estadual,0,2018
0275,16111,CARLOS AUGUSTO DO NASCIMENTO LEAL,PSTU,Deputado Estadual,0,2018
0275,16116,JOSE ADELMO LEITE,PSTU,Deputado Estadual,0,2018
0275,16123,GABRIELA GUERRERO ARIONE,PSTU,Deputado Estadual,1,2018
0275,16200,NILSON FERREIRA LEITE,PSTU,Deputado Estadual,0,2018
0275,16234,EVELINE GUIMARÃES,PSTU,Deputado Estadual,1,2018
0275,16235,LEANDRO JOSÉ DE SOUZA DUQUE,PSTU,Deputado Estadual,0,2018
0275,16300,MICHELI SOUZA DA SILVA,PSTU,Deputado Estadual,2,2018
0275,16316,IVANCI VIEIRA DOS SANTOS,PSTU,Deputado Estadual,0,2018
0275,16400,CLEUSA APARECIDA DA TRINDADE,PSTU,Deputado Estadual,0,2018
0275,16461,FERNANDO DE SOUZA,PSTU,Deputado Estadual,2,2018
0275,16500,NOURIVAL CARDOSO SANTANA,PSTU,Deputado Estadual,0,2018
0275,16600,SANDRA DE MOURA CLEMENTINO DA SILVA,PSTU,Deputado Estadual,0,2018
0275,16666,JOSE DIAS DE FREITAS JUNIOR,PSTU,Deputado Estadual,22,2018
0275,16789,ELLEN RUIZ,PSTU,Deputado Estadual,0,2018
0275,16800,MARIO CÉSAR BARBOSA CONCEIÇÃO,PSTU,Deputado Estadual,0,2018
0275,17000,DIMAS MECCA SAMPAIO,PSL,Deputado Estadual,727,2018
0275,17001,GABRIEL ROCHA MAZZALI,PSL,Deputado Estadual,39,2018
0275,17002,RICARDO SICCHIERO,PSL,Deputado Estadual,25,2018
0275,17005,MILTON LUIZ GEBIN CARDOSO,PSL,Deputado Estadual,2,2018
0275,17007,DANILO MASCARENHAS DE BALAS,PSL,Deputado Estadual,98,2018
0275,17008,EDUARDO FRANCISCO DE MELO,PSL,Deputado Estadual,7,2018
0275,17009,NATANAEL FRANCISCO DA SILVA,PSL,Deputado Estadual,1,2018
0275,17010,AGUSTIN FRANCISCO CARBALLO,PSL,Deputado Estadual,19,2018
0275,17011,PAULO SERGIO MOREIRA MELLO,PSL,Deputado Estadual,5,2018
0275,17012,WILSON CLAUDIO DE OLIVEIRA,PSL,Deputado Estadual,15,2018
0275,17013,ANDREA SEIXAS,PSL,Deputado Estadual,31,2018
0275,17015,CLAUDETE MARIA MARTINS,PSL,Deputado Estadual,0,2018
0275,17017,MARCO ANTONIO CASALE,PSL,Deputado Estadual,17,2018
0275,17018,HAROLDO DE SÁ QUARTIM BARBOSA FILHO,PSL,Deputado Estadual,13,2018
0275,17021,ANTONIO APARECIDO DELAFINA,PSL,Deputado Estadual,29,2018
0275,17022,VANESSA ALVES NASCIMENTO,PSL,Deputado Estadual,2,2018
0275,17025,VALDEMIRO PATRICIO GOMES FILHO,PSL,Deputado Estadual,111,2018
0275,17027,VICTOR FERNANDES PEREIRA PANCHORRA,PSL,Deputado Estadual,14,2018
0275,17029,MORENO FELIX CORDEIRO,PSL,Deputado Estadual,1,2018
0275,17032,VÂNIA REGINA DE ALMEIDA,PSL,Deputado Estadual,2,2018
0275,17033,PAULO ROBERTO DIAS PEREIRA,PSL,Deputado Estadual,0,2018
0275,17034,VERUSKA RODRIGUES DA SILVA,PSL,Deputado Estadual,1,2018
0275,17037,ALEXANDRO DOS SANTOS TIMÓTEO,PSL,Deputado Estadual,5,2018
0275,17040,LUIZ CARLOS DE PAULA,PSL,Deputado Estadual,13,2018
0275,17046,LUANA RIBEIRO MIRANDA MASSUIA,PSL,Deputado Estadual,1,2018
0275,17050,CLAUDINEI FERREIRA SOARES,PSL,Deputado Estadual,14,2018
0275,17051,EMERSON ZOCCHI,PSL,Deputado Estadual,2,2018
0275,17054,JEFFERSON DE MORAES CAMPOS,PSL,Deputado Estadual,4,2018
0275,17059,JULIO CÉSAR MARTINS CASARIN,PSL,Deputado Estadual,3,2018
0275,17062,MANOEL SANTOS ROCHA,PSL,Deputado Estadual,0,2018
0275,17064,DOUGLAS GARCIA BISPO DOS SANTOS,PSL,Deputado Estadual,370,2018
0275,17067,OSCAR CASTELO BRANCO DE LUCA,PSL,Deputado Estadual,364,2018
0275,17070,BRUNO MARCELLO DE OLIVEIRA LIMA,PSL,Deputado Estadual,293,2018
0275,17071,ROBSON CLEITON DE AMORIM LUCENA,PSL,Deputado Estadual,4,2018
0275,17072,RODRIGO DE ABREU OLIVEIRA,PSL,Deputado Estadual,8,2018
0275,17073,RONALDO FORMIGÃO,PSL,Deputado Estadual,0,2018
0275,17074,RODRIGO JENSON DE OLIVEIRA,PSL,Deputado Estadual,0,2018
0275,17075,WAGNER DE OLIVEIRA,PSL,Deputado Estadual,0,2018
0275,17077,CAIO TOSHIO TAKEDA,PSL,Deputado Estadual,13,2018
0275,17079,ADALBERTO GODOY FREITAS,PSL,Deputado Estadual,148,2018
0275,17083,MARCIO ANTONIO PELEGE THOMAZINI,PSL,Deputado Estadual,3,2018
0275,17085,BIANCA CASALE,PSL,Deputado Estadual,6,2018
0275,17086,CLOVIS FERREIRA DOS REIS JUNIOR,PSL,Deputado Estadual,20,2018
0275,17088,BRUNO CAMILO DA SILVA,PSL,Deputado Estadual,4,2018
0275,17096,ROSANA TESSITORI,PSL,Deputado Estadual,1,2018
0275,17102,FABIANA DE CARVALHO MARINHO,PSL,Deputado Estadual,25,2018
0275,17111,FREDERICO BRAUN D AVILA,PSL,Deputado Estadual,77,2018
0275,17117,JOSÉ DE LIMA OLIVEIRA JUNIOR,PSL,Deputado Estadual,10,2018
0275,17120,GILDEVANIO ILSO DOS SANTOS DINIZ,PSL,Deputado Estadual,1104,2018
0275,17123,DANIELA ANCHÃO BRAGA,PSL,Deputado Estadual,41,2018
0275,17124,ADRIELE DOS SANTOS NASCIMENTO COSTA,PSL,Deputado Estadual,17,2018
0275,17135,HAMILTON DIAS MENEZES,PSL,Deputado Estadual,3,2018
0275,17153,ROBERTO FIGUEIREDO JUNIOR,PSL,Deputado Estadual,2,2018
0275,17181,EDSON MIGUEL DA SILVA,PSL,Deputado Estadual,13,2018
0275,17187,AGEU DA CRUZ ALMEIDA,PSL,Deputado Estadual,8,2018
0275,17190,PAULO NISHIKAWA,PSL,Deputado Estadual,102,2018
0275,17193,MARIO ANTONIO PIRES MORO,PSL,Deputado Estadual,24,2018
0275,17195,ANDRÉ LUIS SIQUEIRA,PSL,Deputado Estadual,7,2018
0275,17196,ALEIXO ANDRE MANOEL NETO,PSL,Deputado Estadual,15,2018
0275,17200,JULIO CÉSAR FRANCISCO,PSL,Deputado Estadual,43,2018
0275,17201,ALESSANDRA RUDOLPHO STRINGHETA BARBOSA,PSL,Deputado Estadual,18,2018
0275,17202,CLEONICE APARECIDA PEREIRA DA SILVA,PSL,Deputado Estadual,4,2018
0275,17203,DANIELLI FERNANDA SIQUEIRA,PSL,Deputado Estadual,0,2018
0275,17204,FABIO DUARTE JOANA,PSL,Deputado Estadual,3,2018
0275,17205,IVANI CARVALHO SHEWCHENKO,PSL,Deputado Estadual,1,2018
0275,17206,JOELMA MAXICIMA DA FONSECA,PSL,Deputado Estadual,0,2018
0275,17207,KELLY DOS SANTOS BRITO,PSL,Deputado Estadual,7,2018
0275,17208,LEOCADIA DE CASTRO,PSL,Deputado Estadual,2,2018
0275,17209,MARCOS MORAES DOS SANTOS,PSL,Deputado Estadual,45,2018
0275,17217,ALOISIO BUENO,PSL,Deputado Estadual,30,2018
0275,17218,CARMELIDIA BERTOLA,PSL,Deputado Estadual,24,2018
0275,17222,CALIL JOSÉ BADIN VIEIRA,PSL,Deputado Estadual,66,2018
0275,17243,JULIO CÉSAR MORENO LEAL,PSL,Deputado Estadual,5,2018
0275,17257,SERGIO GRESSENS BRANDÃO,PSL,Deputado Estadual,7,2018
0275,17288,CRISTINA ALVES DE GODOY,PSL,Deputado Estadual,29,2018
0275,17290,CLEMILTON ALVES DA SILVA,PSL,Deputado Estadual,86,2018
0275,17291,AILTON JOSÉ DOS SANTOS,PSL,Deputado Estadual,8,2018
0275,17300,TELMA ANGELICA MARIA CHRISTIANSEN,PSL,Deputado Estadual,7,2018
0275,17317,JANAINA CONCEIÇÃO PASCHOAL,PSL,Deputado Estadual,19029,2018
0275,17321,LUIS ANTONIO DE LIMA CLEMENTE,PSL,Deputado Estadual,8,2018
0275,17330,JOSÉ DE SOUZA JUNIOR,PSL,Deputado Estadual,3,2018
0275,17333,ALEXANDRE SAID BUSSAB,PSL,Deputado Estadual,16,2018
0275,17334,LAURO LISBOA FILHO,PSL,Deputado Estadual,0,2018
0275,17345,MARTA MAITÊ SEVILLANO,PSL,Deputado Estadual,20,2018
0275,17400,JOSÉ EDILSON DE SOUZA,PSL,Deputado Estadual,1,2018
0275,17441,MEIRE LOPES,PSL,Deputado Estadual,8,2018
0275,17444,EVERTON LUIZ FERNANDES SODARIO RAIMUNDO,PSL,Deputado Estadual,19,2018
0275,17500,LETICIA AGUIAR RESENDE ALVES,PSL,Deputado Estadual,236,2018
0275,17555,RICARDO AZEVEDO DA SILVA,PSL,Deputado Estadual,60,2018
0275,17600,MARCOS FERNANDO PORTELLA FONTES,PSL,Deputado Estadual,16,2018
0275,17667,VALERIA MULLER RAMOS BOLSONARO,PSL,Deputado Estadual,884,2018
0275,17678,VITOR HUGO RICCOMINI,PSL,Deputado Estadual,80,2018
0275,17681,THIAGO FELIPE NEVES,PSL,Deputado Estadual,0,2018
0275,17685,KERIN DA ROCHA SILVA,PSL,Deputado Estadual,0,2018
0275,17700,MANOEL BARBOSA DO NASCIMENTO,PSL,Deputado Estadual,173,2018
0275,17707,MATHEUS COIMBRA MARTINS DE AGUIAR,PSL,Deputado Estadual,50,2018
0275,17711,FRANCISLAINE URQUIDI FARFAN VASSER,PSL,Deputado Estadual,29,2018
0275,17712,ANDREA JOSIANE PINTO NAKASASSU,PSL,Deputado Estadual,8,2018
0275,17717,HAMILTON PROCÓPIO DOS SANTOS NETTO,PSL,Deputado Estadual,13,2018
0275,17750,PAULO VIEIRA DA SILVA FILHO,PSL,Deputado Estadual,4,2018
0275,17753,CLAUDIO MAGNO DA SILVA,PSL,Deputado Estadual,4,2018
0275,17765,JURACI DE OSTI LOPES,PSL,Deputado Estadual,1,2018
0275,17771,ELIVELTON ANTONIO WEIRICH,PSL,Deputado Estadual,34,2018
0275,17777,RODRIGO GAMBALE VIEIRA,PSL,Deputado Estadual,188,2018
0275,17778,CLAUDIA SANTOS LEAL,PSL,Deputado Estadual,4,2018
0275,17789,MARCOS ANTONIO RIBEIRO FARTO,PSL,Deputado Estadual,3,2018
0275,17798,LUIZ EDUARDO SCAFF,PSL,Deputado Estadual,5,2018
0275,17888,MARCELO CRISTIANO REIS,PSL,Deputado Estadual,28,2018
0275,17890,DANIELA CRISTINA MIGUEL BRUZARROSCO,PSL,Deputado Estadual,17,2018
0275,17900,JOSÉ ROBERTO BARBOSA DE SOUZA,PSL,Deputado Estadual,31,2018
0275,17911,ROBERTO DE LIMA FERNANDES,PSL,Deputado Estadual,1,2018
0275,17913,LUCIMARA FERREIRA DE MORAES,PSL,Deputado Estadual,0,2018
0275,17967,ELAINE CRISTINA DO NASCIMENTO,PSL,Deputado Estadual,55,2018
0275,17977,EDILEIDE SILVA,PSL,Deputado Estadual,0,2018
0275,17981,ANDREIA MONIQUE DOS SANTOS,PSL,Deputado Estadual,5,2018
0275,17988,MIRTES DE CASTRO,PSL,Deputado Estadual,3,2018
0275,17989,MOISÉS COSTA DE SOUSA,PSL,Deputado Estadual,0,2018
0275,17997,EDUARDO KUPPER PACHECO DE AGUIRRE,PSL,Deputado Estadual,21,2018
0275,17998,GLORIA NEY FERNANDES,PSL,Deputado Estadual,0,2018
0275,18000,DANIEL DA ROCHA MARTINI,REDE,Deputado Estadual,16,2018
0275,18001,HENRIQUE CROISFELTS,REDE,Deputado Estadual,14,2018
0275,18007,GEORGIANA SOARES PIRES,REDE,Deputado Estadual,3,2018
0275,18009,JULIO CESAR RODRIGUES DE MENEZES,REDE,Deputado Estadual,0,2018
0275,18010,ALESSANDRA APARECIDA MONTEIRO,REDE,Deputado Estadual,179,2018
0275,18013,RONALDO PRUDENTE,REDE,Deputado Estadual,0,2018
0275,18018,GIOVANNI VILLIUS RIGHETTO MOCKUS,REDE,Deputado Estadual,7,2018
0275,18077,RODRIGO PEREIRA DA SILVA,REDE,Deputado Estadual,2,2018
0275,18081,ANTONIO BETE NETO,REDE,Deputado Estadual,0,2018
0275,18108,CLÁUDIO DA SILVA VERÍSSIMO,REDE,Deputado Estadual,0,2018
0275,18118,JAMES PRADO GONDIM,REDE,Deputado Estadual,8,2018
0275,18123,ALOISIO CALSONI BOZZINI,REDE,Deputado Estadual,15,2018
0275,18180,PAULO SERGIO CAMOLESI,REDE,Deputado Estadual,4,2018
0275,18182,MARLI CONCEIÇÃO DA SILVA,REDE,Deputado Estadual,0,2018
0275,18188,ADEMAR BUENO DA SILVA JÚNIOR,REDE,Deputado Estadual,59,2018
0275,18191,SILVIO DAMACENO SIMORA RIBEIRO,REDE,Deputado Estadual,5,2018
0275,18222,ROSELEI APARECIDO FRANÇOSO,REDE,Deputado Estadual,1,2018
0275,18234,SHEILA SALES ROMERA,REDE,Deputado Estadual,0,2018
0275,18318,HÁDIA CHRISTINY AMORIM ARAÚJO FEITOSA,REDE,Deputado Estadual,34,2018
0275,18321,INGRID JULIANE DOS SANTOS FERREIRA,REDE,Deputado Estadual,15,2018
0275,18333,BIANCA ZEITOUN OGLOUYAN,REDE,Deputado Estadual,20,2018
0275,18360,JEFFERSON SANTOS DA SILVA,REDE,Deputado Estadual,0,2018
0275,18420,ALBERTO CORUNHA TAVARES,REDE,Deputado Estadual,3,2018
0275,18432,CARLOS MANOEL CINI,REDE,Deputado Estadual,0,2018
0275,18444,EDMILSON JOSÉ DE CARVALHO,REDE,Deputado Estadual,0,2018
0275,18456,ANDRÉ RICARDO DE SOUZA,REDE,Deputado Estadual,0,2018
0275,18475,SONIA APARECIDA CÂNDIDA BORGES,REDE,Deputado Estadual,2,2018
0275,18500,JONES MAIR PONTES SILVEIRA,REDE,Deputado Estadual,0,2018
0275,18543,CLAUDIO YUTAKA SUETU,REDE,Deputado Estadual,7,2018
0275,18555,REJANE DE VASCONCELOS FELIPE,REDE,Deputado Estadual,4,2018
0275,18579,CARLOS ROBERTO ROSA,REDE,Deputado Estadual,0,2018
0275,18613,REGINALDO ALEXANDRE MARTINS,REDE,Deputado Estadual,0,2018
0275,18618,JOSÉ RUI CAMARGO,REDE,Deputado Estadual,8,2018
0275,18654,CARLOS DANIEL GOIS LIMA DA SILVA,REDE,Deputado Estadual,0,2018
0275,18663,NATALINO ANTÔNIO DA SILVA,REDE,Deputado Estadual,1,2018
0275,18678,MARCIO VITAL,REDE,Deputado Estadual,0,2018
0275,18765,ROBERTA ROCHA GOMES ALBUQUERQUE,REDE,Deputado Estadual,0,2018
0275,18777,NANCY DE FÁTIMA GOMES FELIX DA SILVEIRA,REDE,Deputado Estadual,3,2018
0275,18789,MARCO TSUYAMA CARDOSO,REDE,Deputado Estadual,3,2018
0275,18800,ELTON TONY SOUZA PONDÉ COELHO,REDE,Deputado Estadual,10,2018
0275,18833,DENIS DUCK,REDE,Deputado Estadual,5,2018
0275,18881,VALERIA APARECIDA DE OLIVEIRA REI,REDE,Deputado Estadual,0,2018
0275,18888,MARINA MEDEIROS HELOU,REDE,Deputado Estadual,303,2018
0275,18889,SILVANA CORDELINI,REDE,Deputado Estadual,5,2018
0275,18918,PAULO DE ABREU LEME FILHO,REDE,Deputado Estadual,11,2018
0275,18999,CRISTIANE BRANDÃO DOS SANTOS,REDE,Deputado Estadual,18,2018
0275,19000,MARCELO PEREIRA SURCIN,PODE,Deputado Estadual,36,2018
0275,19001,ATAIDE TERUEL PEREZ,PODE,Deputado Estadual,40,2018
0275,19002,DOMINGOS SANCHES,PODE,Deputado Estadual,0,2018
0275,19007,CYBELE DA SILVA,PODE,Deputado Estadual,4,2018
0275,19008,JULIANA BUSSAB SCHULHOF,PODE,Deputado Estadual,34,2018
0275,19009,MARCOS PEIXOTO MELLO GONÇALVES,PODE,Deputado Estadual,5,2018
0275,19010,MOHAMAD KASSEM EL TURK,PODE,Deputado Estadual,1,2018
0275,19011,WALMIR BAPTISTA RIGUEIRA,PODE,Deputado Estadual,2,2018
0275,19012,RONALDO MARTINS FRANCO,PODE,Deputado Estadual,0,2018
0275,19014,MANOEL SANTANA PAULO,PODE,Deputado Estadual,0,2018
0275,19017,CRISTIANO ALEXANDRE MARCONDES,PODE,Deputado Estadual,0,2018
0275,19018,RAPHAEL MARCO BLECH HAMAOUI,PODE,Deputado Estadual,8,2018
0275,19019,BRAZ DOS SANTOS ADEGAS JUNIOR,PODE,Deputado Estadual,61,2018
0275,19020,RALFI RAFAEL DA SILVA,PODE,Deputado Estadual,2,2018
0275,19022,SIMONE CRISTINA SANTOS SOUZA,PODE,Deputado Estadual,1,2018
0275,19023,VAGNER EVARISTO DE MOURA,PODE,Deputado Estadual,0,2018
0275,19026,CLAUDIA ABREU SCHEFLER,PODE,Deputado Estadual,3,2018
0275,19027,AMERICO CICCONE NETO,PODE,Deputado Estadual,4,2018
0275,19030,ANTONIO CARLOS PEREIRA SILVA,PODE,Deputado Estadual,0,2018
0275,19033,SOCRATES DAMASCENO NOVELLI,PODE,Deputado Estadual,0,2018
0275,19034,HENRIQUE CARVALHO DE CAMPOS,PODE,Deputado Estadual,0,2018
0275,19036,GERSON FELIP CURPIEVSKY,PODE,Deputado Estadual,1,2018
0275,19039,MARIA LUCIA DA SILVA,PODE,Deputado Estadual,0,2018
0275,19041,GUARACI LIMA DE MORAIS,PODE,Deputado Estadual,4,2018
0275,19070,RENALDO CARDOSO DE REZENDE,PODE,Deputado Estadual,4,2018
0275,19089,ANA CRISTINA ALVES,PODE,Deputado Estadual,3,2018
0275,19090,ANTONIO WLADEMIR DA SILVA,PODE,Deputado Estadual,1,2018
0275,19099,CUSTÓDIO TAVARES FERNANDES JUNIOR,PODE,Deputado Estadual,0,2018
0275,19100,BRUNO AREVALO GANEM,PODE,Deputado Estadual,641,2018
0275,19109,LENI DE FÁTIMA RODRIGUES DO PRADO,PODE,Deputado Estadual,0,2018
0275,19111,JOÃO JORGE FADEL FILHO,PODE,Deputado Estadual,1,2018
0275,19112,JOEL FRANCISCO BARBOSA,PODE,Deputado Estadual,1,2018
0275,19113,JOSÉ EUGENIO DA SILVA,PODE,Deputado Estadual,0,2018
0275,19114,NIVALDO DA SILVA,PODE,Deputado Estadual,0,2018
0275,19119,GELSO APARECIDO DE LIMA,PODE,Deputado Estadual,7,2018
0275,19122,WILLIAN SANTOS DE OLIVEIRA,PODE,Deputado Estadual,1,2018
0275,19123,PEDRO MASSAMI KIKUDOME,PODE,Deputado Estadual,10,2018
0275,19125,HELIO GONÇALVES FIRMO,PODE,Deputado Estadual,1,2018
0275,19128,FRANCISCO JOSÉ CARVALHO,PODE,Deputado Estadual,2,2018
0275,19129,ELINELMA SOUZA BARRETO,PODE,Deputado Estadual,0,2018
0275,19133,BRUNO HIDEO OMORI,PODE,Deputado Estadual,39,2018
0275,19146,SARA REGINA FERREIRA DE MELO LUIZ,PODE,Deputado Estadual,1,2018
0275,19147,ANTONIO GOMES DA SILVA,PODE,Deputado Estadual,0,2018
0275,19150,MARCELO LINS,PODE,Deputado Estadual,0,2018
0275,19165,FERNANDO DIAS DA COSTA,PODE,Deputado Estadual,0,2018
0275,19180,MADALENA LEITE,PODE,Deputado Estadual,0,2018
0275,19187,GLAUCIA MARIA RODRIGUES DE SOUZA,PODE,Deputado Estadual,0,2018
0275,19190,LUCIANO GALESCO,PODE,Deputado Estadual,2,2018
0275,19191,GEREMIAS NUNES DE SIQUEIRA,PODE,Deputado Estadual,0,2018
0275,19192,JOÃO ROBERTO DE SIQUEIRA,PODE,Deputado Estadual,0,2018
0275,19193,ALEXANDRE TEIXEIRA,PODE,Deputado Estadual,1,2018
0275,19196,TATIANA POLI DE OLIVEIRA,PODE,Deputado Estadual,0,2018
0275,19197,SANDRA LANDIOZE CAPUCHO,PODE,Deputado Estadual,8,2018
0275,19199,MARCIO PASCHOAL GIUDICIO,PODE,Deputado Estadual,6,2018
0275,19200,ROBERTO FIGUEIRA MARINHO,PODE,Deputado Estadual,57,2018
0275,19201,EVANIR DA SILVA CARVALHO,PODE,Deputado Estadual,1,2018
0275,19211,CAIO AUGUSTO PASTORI DOS SANTOS,PODE,Deputado Estadual,0,2018
0275,19219,RODRIGO RAMOS FIORI,PODE,Deputado Estadual,0,2018
0275,19221,YEDA MARIA AMARAL,PODE,Deputado Estadual,0,2018
0275,19222,EDUARDO VALENTIM FERNANDES PEREIRA,PODE,Deputado Estadual,0,2018
0275,19230,DORA LICKUNAS,PODE,Deputado Estadual,0,2018
0275,19233,IEDA COSTA DE OLIVEIRA,PODE,Deputado Estadual,1,2018
0275,19234,CARLOS ROBERTO DE CARVALHO,PODE,Deputado Estadual,0,2018
0275,19250,NATALIA DE ALMEIDA NASCIMENTO,PODE,Deputado Estadual,1,2018
0275,19269,ADRIANA PIERIN,PODE,Deputado Estadual,87,2018
0275,19270,VAGNER ARANTES DA COSTA,PODE,Deputado Estadual,0,2018
0275,19300,LILIAN FERREIRA,PODE,Deputado Estadual,2,2018
0275,19310,MARCIA TELMA DA SILVA,PODE,Deputado Estadual,0,2018
0275,19314,SIDNEI ROBERTSON CAMPERO,PODE,Deputado Estadual,1,2018
0275,19319,FRANCISCA MARIA DO NASCIMENTO SOUSA,PODE,Deputado Estadual,0,2018
0275,19321,EDINEIA APARECIDA TELES,PODE,Deputado Estadual,0,2018
0275,19322,SERGIO PINTO BOMFIM,PODE,Deputado Estadual,0,2018
0275,19333,ANIBAL DE FREITAS FILHO,PODE,Deputado Estadual,9,2018
0275,19337,JOAQUIM FERREIRA NETO,PODE,Deputado Estadual,1,2018
0275,19360,JULIANA DOS SANTOS SILVA,PODE,Deputado Estadual,0,2018
0275,19399,GLAUCIA PERES CÍLIA GONÇALVES,PODE,Deputado Estadual,1,2018
0275,19400,FRANCISCO NUNES SOBRINHO,PODE,Deputado Estadual,0,2018
0275,19421,LENIR MARIA DE OLIVEIRA,PODE,Deputado Estadual,0,2018
0275,19426,PAULO HENRIQUE MACHADO,PODE,Deputado Estadual,0,2018
0275,19429,CARLÂNGELA SILVA DOS SANTOS DE OLIVEIRA,PODE,Deputado Estadual,1,2018
0275,19433,JACEGUAY NUNES GÓES,PODE,Deputado Estadual,2,2018
0275,19444,FAUSTO SALVADOR PERES,PODE,Deputado Estadual,0,2018
0275,19456,AIDAN ANTONIO RAVIN,PODE,Deputado Estadual,4,2018
0275,19499,FLAVIANE MENESES AQUINO,PODE,Deputado Estadual,1,2018
0275,19500,GILBERTO DANIEL JUNIOR,PODE,Deputado Estadual,1,2018
0275,19511,GILDAECIO SOARES DE SOUSA,PODE,Deputado Estadual,1,2018
0275,19519,ANDREA ROSA DE MENEZES DUARTE,PODE,Deputado Estadual,0,2018
0275,19527,LUIZ ANTONIO DE SOUZA,PODE,Deputado Estadual,1,2018
0275,19533,ROLGACIANO FERNANDES ALMEIDA,PODE,Deputado Estadual,2,2018
0275,19549,MARCIA CARNEIRO ABRANTES PINHEIRO,PODE,Deputado Estadual,0,2018
0275,19550,JOSE MARCIO DE CAMPOS,PODE,Deputado Estadual,0,2018
0275,19555,DÉLBIO CAMARGO TERUEL,PODE,Deputado Estadual,0,2018
0275,19556,GERALDO AMARO DA SILVA,PODE,Deputado Estadual,0,2018
0275,19567,CRISTIANE PEREIRA DAVIS,PODE,Deputado Estadual,0,2018
0275,19578,MARCOS CESAR CAVICHIOLLI,PODE,Deputado Estadual,0,2018
0275,19600,EUVALDO REIS DOS SANTOS MENEZES,PODE,Deputado Estadual,0,2018
0275,19610,CREUSA VIEIRA DANTAS ARAÚJO,PODE,Deputado Estadual,0,2018
0275,19619,LUIS HENRIQUE DOS SANTOS MOREIRA,PODE,Deputado Estadual,23,2018
0275,19630,LUIZ EDUARDO OLIVEIRA ALVES,PODE,Deputado Estadual,0,2018
0275,19633,AMARILDO GONÇALVES,PODE,Deputado Estadual,2,2018
0275,19634,KAYQUE GUILHERME MAIER DA SILVA,PODE,Deputado Estadual,5,2018
0275,19700,JOÃO DÁRCIO RIBAMAR SACCHI,PODE,Deputado Estadual,0,2018
0275,19714,JOSÉ APRIGIO DA SILVA,PODE,Deputado Estadual,0,2018
0275,19720,ELISABEL APARECIDA DA CONCEIÇÃO,PODE,Deputado Estadual,0,2018
0275,19722,ASSAD FRANGIEH,PODE,Deputado Estadual,5,2018
0275,19733,JUSSIMAR AMELENTINO JOSEFINO,PODE,Deputado Estadual,0,2018
0275,19770,MONICA PILLAT BELMUDES,PODE,Deputado Estadual,5,2018
0275,19773,MARCELLO MAZARIO COSTA,PODE,Deputado Estadual,14,2018
0275,19777,GUILHERME DE ALES FERRAZ DA SILVA,PODE,Deputado Estadual,9,2018
0275,19785,ERICA CRISTINA CINTRA,PODE,Deputado Estadual,0,2018
0275,19789,JOCELINO JOSE DE SANTANA,PODE,Deputado Estadual,0,2018
0275,19800,MURILO BERBERT AVIGO FELIX,PODE,Deputado Estadual,93,2018
0275,19819,RONALD TANIMOTO CELESTINO,PODE,Deputado Estadual,75,2018
0275,19833,CARLOS DA FONSECA NADAIS,PODE,Deputado Estadual,0,2018
0275,19851,DORA MARIA MACHADO,PODE,Deputado Estadual,2,2018
0275,19875,SANDRO HENRIQUE EUGENIO BASTOS,PODE,Deputado Estadual,0,2018
0275,19883,GERSON FIUZA DE JESUS,PODE,Deputado Estadual,0,2018
0275,19888,RAUL APARECIDO GONÇALVES PAULA,PODE,Deputado Estadual,5,2018
0275,19890,ALESSANDRO AUREO RAFALDINI OLIVEIRA,PODE,Deputado Estadual,0,2018
0275,19899,LUIS DONIZETTI VAZ JUNIOR,PODE,Deputado Estadual,6,2018
0275,19900,MARIA ALMEIDA DANTAS,PODE,Deputado Estadual,1,2018
0275,19910,ERNESTO TEIXEIRA DA CUNHA,PODE,Deputado Estadual,15,2018
0275,19911,MARCOS MENDES DA SILVA,PODE,Deputado Estadual,0,2018
0275,19919,DANIEL CARVALHO MACHADO,PODE,Deputado Estadual,3,2018
0275,19962,ANTONIA MARIA COSTA SILVA,PODE,Deputado Estadual,0,2018
0275,19975,EMMERSON DE CAMARGO,PODE,Deputado Estadual,2,2018
0275,19977,FILIPE AUGUSTO FORNARI MONTANHOLI,PODE,Deputado Estadual,9,2018
0275,19988,VALDECIR TOSCHI,PODE,Deputado Estadual,0,2018
0275,19990,JOSE GARCIA LOPES NETO,PODE,Deputado Estadual,0,2018
0275,19991,MONICA VIANA MIRANDA CAMPOS FERNANDES,PODE,Deputado Estadual,1,2018
0275,19998,LEANDRO CALDEIRA NAVA,PODE,Deputado Estadual,7,2018
0275,19999,RICARDO FABRIZIO PACHECO DE OLIVEIRA,PODE,Deputado Estadual,14,2018
0275,20000,EBENEZÉ FRANCISCO DE PAULA,PSC,Deputado Estadual,4,2018
0275,20010,SERGIO LOURENÇO DA SILVA,PSC,Deputado Estadual,0,2018
0275,20120,EDVALDO DE OLIVEIRA PAULA,PSC,Deputado Estadual,0,2018
0275,20123,GUILHERME CESAR ZAFANI,PSC,Deputado Estadual,8,2018
0275,20147,ANISTALDO LUIZ LOPES DA SILVA,PSC,Deputado Estadual,25,2018
0275,20175,EBENEZER DE PAULA,PSC,Deputado Estadual,0,2018
0275,20200,FLÁVIA CAMARGO DA SILVA,PSC,Deputado Estadual,29,2018
0275,20270,JOSE AUDIDUDIMA SALES DA SILVA,PSC,Deputado Estadual,19,2018
0275,20320,LUCIANE SALLES DA PAZ SCHULTZ,PSC,Deputado Estadual,0,2018
0275,20333,JUAREZ JUVÊNCIO DOS SANTOS,PSC,Deputado Estadual,26,2018
0275,20555,MARIA JOSE OCAMPOS,PSC,Deputado Estadual,4,2018
0275,20610,PAULO CESAR DIAS DOS REIS,PSC,Deputado Estadual,0,2018
0275,20629,ELISABETE NATALI ALVARENGA,PSC,Deputado Estadual,4,2018
0275,20690,EDIVALDO MARCELO ABENÇOADO DOS SANTOS LEAL,PSC,Deputado Estadual,2,2018
0275,20777,CELSO BRAZ DO NASCIMENTO,PSC,Deputado Estadual,14,2018
0275,20800,FERNANDO CESAR RAMOS,PSC,Deputado Estadual,3,2018
0275,20888,PAULO EDUARDO TEMPLE DELGADO,PSC,Deputado Estadual,2,2018
0275,20964,JOSÉ ANTONIO ALVES,PSC,Deputado Estadual,0,2018
0275,20999,ROSANGELA APARECIDA SILVEIRA GIORDANI,PSC,Deputado Estadual,0,2018
0275,21100,ERNESTO FREIRE PICHLER,PCB,Deputado Estadual,12,2018
0275,22000,GILBERTO BENZI,PR,Deputado Estadual,8,2018
0275,22001,ODIR JOÃO DEMARCHI,PR,Deputado Estadual,9,2018
0275,22002,VERA LUCIA LANGELLOTTI VELLO,PR,Deputado Estadual,1,2018
0275,22003,ISABELA CRISTINA CARDOSO DA CRUZ,PR,Deputado Estadual,0,2018
0275,22005,NEUSA MARIA RODRIGUES RACOSTA,PR,Deputado Estadual,0,2018
0275,22007,RODRIGO DE ALMEIDA SOUZA,PR,Deputado Estadual,8,2018
0275,22008,NEILSON PAULO DOS SANTOS,PR,Deputado Estadual,0,2018
0275,22011,GINO JOSÉ TORREZAN,PR,Deputado Estadual,14,2018
0275,22012,JULIO CESAR PEREIRA DE SOUZA,PR,Deputado Estadual,84,2018
0275,22013,JOSÉ CARLOS DE ALMEIDA,PR,Deputado Estadual,3,2018
0275,22017,FRANCISCO ALEXANDRE GUERREIRO GOMES,PR,Deputado Estadual,1,2018
0275,22018,ADÃO TIMÓTEO DE LIMA,PR,Deputado Estadual,10,2018
0275,22019,GUIOMAR HOFFMAN,PR,Deputado Estadual,13,2018
0275,22022,FRANCISCO ROSSI DE ALMEIDA,PR,Deputado Estadual,21,2018
0275,22023,WANESSA SOUSA BOMFIM,PR,Deputado Estadual,1,2018
0275,22024,SIMONE CARDOSO DE OLIVEIRA,PR,Deputado Estadual,0,2018
0275,22028,MARCIO MOREIRA DE SOUZA,PR,Deputado Estadual,20,2018
0275,22031,CRISTIANE APARECIDA CELLA,PR,Deputado Estadual,0,2018
0275,22033,MARCOS AURELIO DE PAULA,PR,Deputado Estadual,1,2018
0275,22035,MAURO ALVES DOS SANTOS JUNIOR,PR,Deputado Estadual,16,2018
0275,22044,ALAN BEZERRA GOMES,PR,Deputado Estadual,0,2018
0275,22045,JOSEFA FÁTIMA DE LIRA,PR,Deputado Estadual,0,2018
0275,22055,MARCOS TADEU VILALTA,PR,Deputado Estadual,5,2018
0275,22065,FABIO ELY RAMOS,PR,Deputado Estadual,0,2018
0275,22080,JEFFERCY DE SOUZA NUNES CHAD,PR,Deputado Estadual,0,2018
0275,22100,LINO BISPO DA ROCHA,PR,Deputado Estadual,3,2018
0275,22111,LUIZ PAULO SALGADO,PR,Deputado Estadual,1,2018
0275,22122,ANDREIA LUCIA GONÇALVES DA SILVA,PR,Deputado Estadual,6,2018
0275,22123,RICARDO ROSSI MADALENA,PR,Deputado Estadual,5,2018
0275,22133,SERGIO ANTONIO DONHA,PR,Deputado Estadual,1,2018
0275,22150,WANDERLEY LEMES TEIXEIRA,PR,Deputado Estadual,1,2018
0275,22177,LUCIANO FEITOSA DE MELO,PR,Deputado Estadual,0,2018
0275,22181,FABIANO MESSIAS BORGES DA SILVA,PR,Deputado Estadual,0,2018
0275,22190,JAIME DE SOUZA,PR,Deputado Estadual,1051,2018
0275,22191,EUCLYDES DIAS BUCHLER,PR,Deputado Estadual,0,2018
0275,22192,ANA LÚCIA BATISTA PAVÃO,PR,Deputado Estadual,9,2018
0275,22193,LUIZ CARLOS DOS SANTOS CAMINO,PR,Deputado Estadual,7,2018
0275,22196,SILVIO AMARAL SOARES,PR,Deputado Estadual,5,2018
0275,22200,GILMAR PAES,PR,Deputado Estadual,2,2018
0275,22202,CAIO CESAR ALVARES LORO NETTO,PR,Deputado Estadual,9,2018
0275,22210,JOSE BRANCO PERES NETO,PR,Deputado Estadual,0,2018
0275,22215,APARECIDA BATISTA DIAS BARRETO DE OLIVEIRA,PR,Deputado Estadual,0,2018
0275,22218,MARIA EMILIA DANTAS OLIVEIRA,PR,Deputado Estadual,0,2018
0275,22220,ADRIANA RAMOS AFONSO EL RIFAI,PR,Deputado Estadual,5,2018
0275,22222,MARCOS ROBERTO DAMASIO DA SILVA,PR,Deputado Estadual,151,2018
0275,22223,MARIA JOSÉ PEREIRA DO AMARAL HUNGLAUB,PR,Deputado Estadual,24,2018
0275,22225,ANTONIO DE PADUA PACHECO,PR,Deputado Estadual,7,2018
0275,22228,MARIA GILCELIA DE ASSIS,PR,Deputado Estadual,0,2018
0275,22233,JOÃO MOTA DOS SANTOS,PR,Deputado Estadual,0,2018
0275,22260,BRUNO JACINTHO,PR,Deputado Estadual,0,2018
0275,22269,ROSÂNGELA APARECIDA GOZZO,PR,Deputado Estadual,0,2018
0275,22277,JOSÉ RONALDO GOMES DA SILVA,PR,Deputado Estadual,0,2018
0275,22280,ANTONINHA JOSELI PEREIRA,PR,Deputado Estadual,0,2018
0275,22299,PATRICIA BAPTISTELLA,PR,Deputado Estadual,0,2018
0275,22300,GUILHERME PIAI SILVA FILIZZOLA,PR,Deputado Estadual,0,2018
0275,22303,FABIANE MARQUES DE SOUZA CAMPOS,PR,Deputado Estadual,1,2018
0275,22311,ELIANE BALSANTE LUCAS,PR,Deputado Estadual,0,2018
0275,22321,WALTER ABRAHÃO FILHO,PR,Deputado Estadual,2,2018
0275,22322,DANIELE MAZUQUELI ALONSO,PR,Deputado Estadual,7,2018
0275,22330,APARECIDA CUSTODIO DOS SANTOS,PR,Deputado Estadual,7,2018
0275,22333,LAERTE SONSIN JUNIOR,PR,Deputado Estadual,8,2018
0275,22343,THIAGO REIS AURICCHIO,PR,Deputado Estadual,69,2018
0275,22345,ROY NELSON PINTO,PR,Deputado Estadual,0,2018
0275,22369,NATALINO DA SILVA BRAUNA,PR,Deputado Estadual,0,2018
0275,22377,SAMUEL SIQUEIRA,PR,Deputado Estadual,0,2018
0275,22400,LUCIANO BATISTA,PR,Deputado Estadual,6,2018
0275,22422,MARIA LUCIA MELLA NAF,PR,Deputado Estadual,0,2018
0275,22432,ADEMAR ALVES DE CARVALHO,PR,Deputado Estadual,0,2018
0275,22444,JOSÉ PAGLIARINI FILHO,PR,Deputado Estadual,30,2018
0275,22455,CARLOS ROBERTO ROSSATO,PR,Deputado Estadual,3,2018
0275,22456,ANTONIO DIRCEU DALBEN,PR,Deputado Estadual,1782,2018
0275,22500,PATRICIA DA SILVA FEITOSA,PR,Deputado Estadual,1,2018
0275,22522,MARCELO MANFRIM,PR,Deputado Estadual,9,2018
0275,22550,ADNA ANA SIQUEIRA TEIXEIRA,PR,Deputado Estadual,4,2018
0275,22552,GRAÇA ERNESTINA ANAY SILVA DIAS,PR,Deputado Estadual,0,2018
0275,22555,ELIANA PASSARELLI,PR,Deputado Estadual,120,2018
0275,22567,RÚBSON SILVA RIOS,PR,Deputado Estadual,2,2018
0275,22580,ISA DE SOUSA MASCARENHAS,PR,Deputado Estadual,2,2018
0275,22589,GILBERTO BORJA PINTO,PR,Deputado Estadual,0,2018
0275,22599,CRISTIANY DE CASTRO,PR,Deputado Estadual,29,2018
0275,22600,MARCOS MULLER,PR,Deputado Estadual,32,2018
0275,22622,EDNEI APARECIDO VALENCIO,PR,Deputado Estadual,0,2018
0275,22666,ROBERTO DOS SANTOS,PR,Deputado Estadual,0,2018
0275,22675,GERVINO CLÁUDIO GONÇALVES,PR,Deputado Estadual,2,2018
0275,22678,JULIO CESAR LOPES FUDA,PR,Deputado Estadual,18,2018
0275,22700,ANTONIO PADRON NETO,PR,Deputado Estadual,17,2018
0275,22722,PAULO ROBERTO DE QUEIROZ MOTTA,PR,Deputado Estadual,8,2018
0275,22777,WILSON CALDEIRA PAIVA,PR,Deputado Estadual,15,2018
0275,22789,DANIEL ROSSI,PR,Deputado Estadual,8,2018
0275,22800,CLEOMENES ANTUNES JUNIOR,PR,Deputado Estadual,0,2018
0275,22822,JONAS DE SOUZA CAMISA NOVA,PR,Deputado Estadual,0,2018
0275,22888,GRACIELA DE LOURDES DAVID AMBRÓSIO,PR,Deputado Estadual,10,2018
0275,22899,THIAGO GONÇALES,PR,Deputado Estadual,1,2018
0275,22900,ANDERSON BRANCO DA SILVA,PR,Deputado Estadual,0,2018
0275,22911,HELIO VENANCIO FERREIRA,PR,Deputado Estadual,2,2018
0275,22999,ANDRÉ LUIS DO PRADO,PR,Deputado Estadual,24,2018
0275,23000,GUILHERME ANEDES SALLES MENDES,PPS,Deputado Estadual,5,2018
0275,23111,ANTONIO CLAUDIO FLORES PITERI,PPS,Deputado Estadual,12,2018
0275,23120,CHANG YUET JING LIN,PPS,Deputado Estadual,5,2018
0275,23123,DAVID ZAIA,PPS,Deputado Estadual,426,2018
0275,23222,PAULO ANDRE BERTONE FANECO,PPS,Deputado Estadual,1,2018
0275,23300,JULIO ALEXANDRE SBIZERA COSTA,PPS,Deputado Estadual,2,2018
0275,23423,JULIO CESAR FUZARI,PPS,Deputado Estadual,0,2018
0275,23444,ORESTES PIMENTEL SOARES DE MISQUITA,PPS,Deputado Estadual,1,2018
0275,23456,FERNANDO HENRIQUE CURY,PPS,Deputado Estadual,61,2018
0275,23500,MAYRA ROSANNA GAMA DE ARAUJO SILVA DA COSTA,PPS,Deputado Estadual,19,2018
0275,23623,ROBERTO TURCHI DE MORAIS,PPS,Deputado Estadual,47,2018
0275,23789,EDNA FLOR,PPS,Deputado Estadual,9,2018
0275,23888,ALESSANDRA DE ASSIS BERRIEL,PPS,Deputado Estadual,5,2018
0275,25000,MARIANA PRADO NEVES DE OLIVEIRA ALVES,DEM,Deputado Estadual,7,2018
0275,25014,SEVERINO BEZERRA DE ANDRADE,DEM,Deputado Estadual,2,2018
0275,25025,APARECIDO DE CAMPOS FILHO,DEM,Deputado Estadual,1106,2018
0275,25077,MARIA LEDA ALVES DA COSTA,DEM,Deputado Estadual,0,2018
0275,25100,ROGÉRIO ANTÔNIO FURTADO BARROS,DEM,Deputado Estadual,4,2018
0275,25111,RODRIGO AUGUSTO MORAES,DEM,Deputado Estadual,123,2018
0275,25118,EDMIR JOSE ABI CHEDID,DEM,Deputado Estadual,106,2018
0275,25122,JOSE ALDO DEMARCHI,DEM,Deputado Estadual,98,2018
0275,25123,ROGERIO NOGUEIRA LOPES CRUZ,DEM,Deputado Estadual,119,2018
0275,25199,ESTEVAM GALVÃO DE OLIVEIRA,DEM,Deputado Estadual,1,2018
0275,25222,ROQUE LEVI SANTOS TAVARES,DEM,Deputado Estadual,0,2018
0275,25233,ROMILDO VIRGINIO DOS SANTOS,DEM,Deputado Estadual,2,2018
0275,25250,MILTON LEITE DA SILVA FILHO,DEM,Deputado Estadual,21,2018
0275,25255,ELAINE GONÇALVES OLIVEIRA,DEM,Deputado Estadual,4,2018
0275,25333,DANIEL BEZERRA RIBEIRO SOARES,DEM,Deputado Estadual,267,2018
0275,25555,ARTHUR MOLEDO DO VAL,DEM,Deputado Estadual,3148,2018
0275,25777,DANIELE ALVES DO AMPARO SOARES,DEM,Deputado Estadual,8,2018
0275,27000,TALITA EYMAEL LATÃES,DC,Deputado Estadual,1,2018
0275,27027,CLARICE OLGA SCHAITNER CESTARO,DC,Deputado Estadual,0,2018
0275,27047,CELIA APARECIDA FAGUNDES LEITE,DC,Deputado Estadual,0,2018
0275,27100,ANTONIO JORGE FILHO,DC,Deputado Estadual,0,2018
0275,27111,ROBERTO AUGUSTO PROCOPIO FERREIRA,DC,Deputado Estadual,3,2018
0275,27112,PAULO HENRIQUE RIBEIRO,DC,Deputado Estadual,0,2018
0275,27127,EDSON CARLOS MIRANDA MONTEIRO,DC,Deputado Estadual,0,2018
0275,27133,GICILENE DE LIMA MATUZAKI,DC,Deputado Estadual,0,2018
0275,27137,HUMBERTO DE ALENCAR SILVA,DC,Deputado Estadual,0,2018
0275,27154,APARECIDO LOURENÇO,DC,Deputado Estadual,0,2018
0275,27158,NEZIONETE HONORATO AMORIM,DC,Deputado Estadual,0,2018
0275,27222,EDMILSON LÁZARO GROPPO,DC,Deputado Estadual,1,2018
0275,27232,JOSÉ ROBERTO ARAUJO SOUZA,DC,Deputado Estadual,10,2018
0275,27270,IONARA MACHADO SOUZA,DC,Deputado Estadual,0,2018
0275,27278,RAIMUNDO NOUZINHO REIS SOARES,DC,Deputado Estadual,0,2018
0275,27299,VANDERLINO BATISTA MACHADO,DC,Deputado Estadual,0,2018
0275,27317,ISMAEL DA SILVA SOUZA,DC,Deputado Estadual,5,2018
0275,27333,DANIEL CRISÓSTOMO DOS SANTOS,DC,Deputado Estadual,1,2018
0275,27461,MARIA VERENA GAYOTTO CAMPOS,DC,Deputado Estadual,0,2018
0275,27464,KILDARE ANTONIO DE ARAUJO,DC,Deputado Estadual,0,2018
0275,27500,GREGORY WATERKEMPER DE SOUZA,DC,Deputado Estadual,0,2018
0275,27507,ADRIANA CARDOSO DE SA,DC,Deputado Estadual,1,2018
0275,27532,HELIOMAR COELHO SILVA JUNIOR,DC,Deputado Estadual,0,2018
0275,27557,EDSON RICARDO GUIMARÃES,DC,Deputado Estadual,1,2018
0275,27563,ALMIR JOSE DE MELO,DC,Deputado Estadual,0,2018
0275,27600,LETICIA IANCA MATOS,DC,Deputado Estadual,0,2018
0275,27640,LEVI ALEXANDRE DE OLIVEIRA,DC,Deputado Estadual,1,2018
0275,27717,JONADABES LOPES,DC,Deputado Estadual,2,2018
0275,27768,MARCOS TADEU DA COSTA PACHECO,DC,Deputado Estadual,7,2018
0275,28000,WILKER CAMARGO,PRTB,Deputado Estadual,1,2018
0275,28007,DELSO CARDOSO CYPRIANO,PRTB,Deputado Estadual,0,2018
0275,28008,JUCIMARA DE ALMEIDA SILVA PIAI,PRTB,Deputado Estadual,0,2018
0275,28014,VALMIR ALVES DA SILVA,PRTB,Deputado Estadual,0,2018
0275,28026,EMERSON PEIXOTO,PRTB,Deputado Estadual,0,2018
0275,28028,ISABELLA SANCHES DE SOUSA TREVISANI,PRTB,Deputado Estadual,2,2018
0275,28029,GLEICE APARECIDA DA SILVA,PRTB,Deputado Estadual,0,2018
0275,28038,HELIO SANTIAGO DOS SANTOS,PRTB,Deputado Estadual,0,2018
0275,28048,JOSE LUIS BARROS FILHO,PRTB,Deputado Estadual,0,2018
0275,28051,JOSÉ LUIZ GLADCHI,PRTB,Deputado Estadual,1,2018
0275,28073,DANIELA CORREA SANTOS,PRTB,Deputado Estadual,0,2018
0275,28079,ANDRÉ ALVES DA SILVA,PRTB,Deputado Estadual,0,2018
0275,28080,MARIA IZABEL PRANDO,PRTB,Deputado Estadual,0,2018
0275,28090,DANIEL BATISTA,PRTB,Deputado Estadual,0,2018
0275,28100,DORIEDSON SIMÃO DE OLIVEIRA,PRTB,Deputado Estadual,0,2018
0275,28111,DEIVID LOPES DA SILVA,PRTB,Deputado Estadual,0,2018
0275,28112,ANTONIO CARLOS ALVES DE LIRA,PRTB,Deputado Estadual,0,2018
0275,28122,YURI GAMA COSTA,PRTB,Deputado Estadual,1,2018
0275,28123,GERALDO PEREIRA FILHO,PRTB,Deputado Estadual,9,2018
0275,28128,LÍVIA MARIA RODRIGUES FIDELIX DA CRUZ,PRTB,Deputado Estadual,173,2018
0275,28166,JULIO CESAR DE SIMONE,PRTB,Deputado Estadual,0,2018
0275,28167,REINALDO RIBEIRO MOTA,PRTB,Deputado Estadual,0,2018
0275,28190,OSVALDO SANTOS DA SILVA,PRTB,Deputado Estadual,0,2018
0275,28191,JASIEL ANTONIO OLIVEIRA DE SOUZA,PRTB,Deputado Estadual,0,2018
0275,28199,LEILSON CASTRO DOS SANTOS,PRTB,Deputado Estadual,0,2018
0275,28200,ERICH DE ANDRÉS,PRTB,Deputado Estadual,0,2018
0275,28204,FRANCISCO ALVES DA SILVA,PRTB,Deputado Estadual,0,2018
0275,28222,MARA LUCIA GARCIA,PRTB,Deputado Estadual,0,2018
0275,28228,ADRIANO JOSÉ DOS REIS,PRTB,Deputado Estadual,0,2018
0275,28246,ILDETE FERREIRA DO PRADO COSTA,PRTB,Deputado Estadual,0,2018
0275,28282,FABIO SILINGARDI,PRTB,Deputado Estadual,0,2018
0275,28290,OZEIAS UMBELINO PINHEIRO,PRTB,Deputado Estadual,0,2018
0275,28323,EUDES APARECIDO MARTINS,PRTB,Deputado Estadual,0,2018
0275,28328,GETÚLIO DE SOUSA SANTOS,PRTB,Deputado Estadual,0,2018
0275,28353,FRANCISCO SEVERIANO DA SILVA,PRTB,Deputado Estadual,0,2018
0275,28388,MARCIO SOUZA RIBEIRO,PRTB,Deputado Estadual,0,2018
0275,28492,MARCOS ANTONIO DA CUNHA,PRTB,Deputado Estadual,0,2018
0275,28500,MARCELA TEIXEIRA BERNARDO,PRTB,Deputado Estadual,0,2018
0275,28501,RAIMUNDA NONATA BORGES,PRTB,Deputado Estadual,0,2018
0275,28510,LUIZETE FERREIRA DA SILVA,PRTB,Deputado Estadual,0,2018
0275,28513,JOSÉ CARLOS ROCHA,PRTB,Deputado Estadual,0,2018
0275,28518,ANTONIO CARLOS PANTANO,PRTB,Deputado Estadual,0,2018
0275,28528,JOSÉ NILTON GOMES DOS SANTOS,PRTB,Deputado Estadual,0,2018
0275,28600,PATRÍCIA GUERREIRO,PRTB,Deputado Estadual,0,2018
0275,28660,SIMONE MORAIS DOS SANTOS,PRTB,Deputado Estadual,0,2018
0275,28700,ROSANGELA VICENTE MOTTA,PRTB,Deputado Estadual,0,2018
0275,28718,ÍTALO GOSMANI MOLON,PRTB,Deputado Estadual,0,2018
0275,28765,RICARDO DOS SANTOS RABAÇA,PRTB,Deputado Estadual,0,2018
0275,28777,ELISANDRA DE MATTOS,PRTB,Deputado Estadual,0,2018
0275,28789,OSEIAS PINO GUARDIOLA,PRTB,Deputado Estadual,1,2018
0275,28800,ROSELI FERREIRA RICARDO,PRTB,Deputado Estadual,0,2018
0275,28825,SIMONE APARECIDA DE SOUZA SANO,PRTB,Deputado Estadual,0,2018
0275,28888,CÍCERO JOSÉ DE GOUVEIA,PRTB,Deputado Estadual,0,2018
0275,28900,WAGNERIANO DE LIMA MOREIRA,PRTB,Deputado Estadual,1,2018
0275,28901,IZABEL CRISTINA ROSA,PRTB,Deputado Estadual,0,2018
0275,28934,RENNÊ VIEIRA DE CARVALHO,PRTB,Deputado Estadual,0,2018
0275,30000,GABRIELA SILVEIRA DA ROCHA CAMARGO,NOVO,Deputado Estadual,299,2018
0275,30001,PAULO ROGERIO DENONI,NOVO,Deputado Estadual,21,2018
0275,30002,CRISTINA PEREIRA MONTEIRO,NOVO,Deputado Estadual,172,2018
0275,30003,ANA PAULA LOURENÇO,NOVO,Deputado Estadual,193,2018
0275,30005,EDUARDO LIMA DE SOUZA,NOVO,Deputado Estadual,29,2018
0275,30007,ALEXANDRE GODINHO BERTONCELLO,NOVO,Deputado Estadual,36,2018
0275,30009,PEDRO PEDRAL VANIN,NOVO,Deputado Estadual,33,2018
0275,30010,MONICA RAMIRES FERRAZ CURY,NOVO,Deputado Estadual,41,2018
0275,30016,MARIA APARECIDA RORATO,NOVO,Deputado Estadual,33,2018
0275,30017,MARCO ANTONIO RIBEIRO FEITOSA,NOVO,Deputado Estadual,62,2018
0275,30018,ROBERTA PINTO GRABERT,NOVO,Deputado Estadual,62,2018
0275,30019,RODRIGO GONÇALVES,NOVO,Deputado Estadual,4,2018
0275,30022,WILSON DE MELLO JUNIOR,NOVO,Deputado Estadual,21,2018
0275,30030,PAULO EDUARDO ANDRADE ORTIZ,NOVO,Deputado Estadual,41,2018
0275,30033,JAIRO MATHEOS FILHO,NOVO,Deputado Estadual,9,2018
0275,30037,JOSE RICARDO DE MORAES PINTO,NOVO,Deputado Estadual,44,2018
0275,30060,SUSANA LAMBERT DE BRITO SILVA,NOVO,Deputado Estadual,36,2018
0275,30077,JOSE EUGENIO FIGUEIREDO,NOVO,Deputado Estadual,10,2018
0275,30080,INGRID MIRIA FRARE,NOVO,Deputado Estadual,20,2018
0275,30100,RICARDO LUIS MELLAO,NOVO,Deputado Estadual,183,2018
0275,30111,HENI OZI CUKIER,NOVO,Deputado Estadual,1003,2018
0275,30123,RAFAEL RIBEIRO ZUCCO,NOVO,Deputado Estadual,53,2018
0275,30130,LUIS ALEXANDRE PINHEIRO,NOVO,Deputado Estadual,1,2018
0275,30153,MIRIAM MARIA ANTUNES DE SOUZA,NOVO,Deputado Estadual,427,2018
0275,30190,ISAAC JULIO BARRETO LOPES BITTENCOURT,NOVO,Deputado Estadual,34,2018
0275,30222,RAPHAELA DE AZEVEDO GAETA,NOVO,Deputado Estadual,15,2018
0275,30234,ROBERTO CARLOS DE ALMEIDA,NOVO,Deputado Estadual,5,2018
0275,30300,DANIEL JOSÉ DA SILVA OLIVEIRA,NOVO,Deputado Estadual,1836,2018
0275,30321,MARCOS ALEXANDRE DO NASCIMENTO ZOGNO,NOVO,Deputado Estadual,2,2018
0275,30330,MOISES BENEDITO ROSSI DA CUNHA,NOVO,Deputado Estadual,28,2018
0275,30333,CAROLINA CURIMBABA CAVALCANTE,NOVO,Deputado Estadual,154,2018
0275,30350,ROGERIO SILVA DE SOUZA,NOVO,Deputado Estadual,20,2018
0275,30400,ELIANA PRADO DE AZEVEDO,NOVO,Deputado Estadual,18,2018
0275,30444,EDUARDO HERNANDES DOMINGUES,NOVO,Deputado Estadual,18,2018
0275,30456,JOSE LUIZ PINTO DE MIRANDA,NOVO,Deputado Estadual,12,2018
0275,30500,SERGIO LUIZ VICTOR JUNIOR,NOVO,Deputado Estadual,59,2018
0275,30530,SILVANA ALVES POLO BARONE,NOVO,Deputado Estadual,31,2018
0275,30555,FELIPE LUIZ DE OLIVEIRA,NOVO,Deputado Estadual,14,2018
0275,30567,FABIO MOURA DA SILVA,NOVO,Deputado Estadual,0,2018
0275,30600,CECILIA CARMEN JACINTHO ANDRADE,NOVO,Deputado Estadual,89,2018
0275,30700,CICERO DE OLIVEIRA SALLES JUNIOR,NOVO,Deputado Estadual,60,2018
0275,30777,MARCOS DA SILVA COSTA,NOVO,Deputado Estadual,51,2018
0275,30789,EDUARDO AUGUSTO RISSI,NOVO,Deputado Estadual,18,2018
0275,30800,ANDREA DECOURT SAVELLI,NOVO,Deputado Estadual,201,2018
0275,30808,PAULO FORTES DIAS DE SOUZA,NOVO,Deputado Estadual,10,2018
0275,30833,IVAN RODRIGUES SANTANA,NOVO,Deputado Estadual,2,2018
0275,30888,LUCIANA FONTES LAVIERI ALBERTO,NOVO,Deputado Estadual,36,2018
0275,30900,DANIEL BISCOLA PEREIRA,NOVO,Deputado Estadual,1900,2018
0275,30930,JOAO BATISTA DE OLIVEIRA SOBRINHO,NOVO,Deputado Estadual,0,2018
0275,30999,MAURICIO CARLOS EGYDIO,NOVO,Deputado Estadual,7,2018
0275,31000,PAULO JORGE MANSUR NETO,PHS,Deputado Estadual,113,2018
0275,31001,IONITA DE OLIVEIRA KRUGNER,PHS,Deputado Estadual,6,2018
0275,31002,MARCIO JOSE DA SILVA,PHS,Deputado Estadual,0,2018
0275,31004,ANDRÉ LUIZ COUTINHO DE SOUZA,PHS,Deputado Estadual,3,2018
0275,31005,NELSON FERREIRA FILHO,PHS,Deputado Estadual,0,2018
0275,31006,JOSÉ TIAGO PEREIRA DE SANTANA,PHS,Deputado Estadual,0,2018
0275,31007,LUIS FERNANDO QUINTEIRO DE SOUZA,PHS,Deputado Estadual,9,2018
0275,31008,EDISON BARBOSA VIEIRA SOBRINHO,PHS,Deputado Estadual,0,2018
0275,31009,WALTER PAIVA CIGLIONI,PHS,Deputado Estadual,1,2018
0275,31010,ADEMIR DA GUIA,PHS,Deputado Estadual,61,2018
0275,31011,ALEX DEIVE LOPES SOARES,PHS,Deputado Estadual,1,2018
0275,31015,CÍCERA ALVES DO NASCIMENTO SOARES,PHS,Deputado Estadual,0,2018
0275,31016,JACKSON SOARES GOMES,PHS,Deputado Estadual,0,2018
0275,31017,KELLY CEZARIO ESTEFANO AFONSO DA SILVA,PHS,Deputado Estadual,5,2018
0275,31019,JULIANA AVEIRO,PHS,Deputado Estadual,13,2018
0275,31021,PEDRO AUGUSTO MÁXIMO FAVARON,PHS,Deputado Estadual,0,2018
0275,31022,MARA CRISTINA DA SILVA TAVARES,PHS,Deputado Estadual,0,2018
0275,31023,SONIA REGINA LAZARO,PHS,Deputado Estadual,0,2018
0275,31025,JOSE CARLOS CAETANO,PHS,Deputado Estadual,9,2018
0275,31026,PAULO BARBOSA FRANCISCO,PHS,Deputado Estadual,1,2018
0275,31028,MARCOS ANTONIO PREZENÇA,PHS,Deputado Estadual,0,2018
0275,31029,JOSÉ FORTUNATO SANTANA JÚNIOR,PHS,Deputado Estadual,0,2018
0275,31031,DAMARIS DIAS MOURA KUO,PHS,Deputado Estadual,133,2018
0275,31032,JUAREZ DE CARVALHO COSTA,PHS,Deputado Estadual,1,2018
0275,31034,ADILSON LUIZ DA CRUZ,PHS,Deputado Estadual,11,2018
0275,31035,RONALDO ELIAS MARIANO,PHS,Deputado Estadual,0,2018
0275,31040,LUIZ HENRIQUE POLITA JARDIM TEIXEIRA,PHS,Deputado Estadual,0,2018
0275,31043,JUAREZ SOLANA DE FREITAS,PHS,Deputado Estadual,7,2018
0275,31044,ANA PAULA OLIVEIRA SOUZA,PHS,Deputado Estadual,0,2018
0275,31051,MARIA DA GLÓRIA MATOS GUILHAMATE,PHS,Deputado Estadual,0,2018
0275,31055,JERUSA JANUÁRIA DA SILVA,PHS,Deputado Estadual,0,2018
0275,31077,CLAUDETE CACCIAGUERRA,PHS,Deputado Estadual,0,2018
0275,31100,MARIO CESAR TRUNCI DE MARCO,PHS,Deputado Estadual,6,2018
0275,31109,FIRMINA ALVES DA SILVA,PHS,Deputado Estadual,0,2018
0275,31111,BRUNO CESAR ANDRELLO STIPPE,PHS,Deputado Estadual,7,2018
0275,31113,LETIVAN RODRIGUES DE CARVALHO,PHS,Deputado Estadual,2,2018
0275,31115,ANTONIO HENRIQUE PEREIRA LEITE,PHS,Deputado Estadual,0,2018
0275,31117,JAIRO PEDRO DE ASSIS,PHS,Deputado Estadual,0,2018
0275,31118,SIDNEY DE OLIVEIRA SOARES,PHS,Deputado Estadual,0,2018
0275,31121,FABRÍCIO MARCOS DA SILVA,PHS,Deputado Estadual,0,2018
0275,31123,PAULO DE TARSO NUNES CHIODE,PHS,Deputado Estadual,5,2018
0275,31124,CINTIA DE OLIVEIRA SILVA,PHS,Deputado Estadual,0,2018
0275,31130,MARIA DE FATIMA RODRIGUES ANDRADE PIRES,PHS,Deputado Estadual,0,2018
0275,31131,EDSON SATORU SAKASHITA,PHS,Deputado Estadual,11,2018
0275,31133,MARCO ANTONIO ZITO ALVARENGA,PHS,Deputado Estadual,2,2018
0275,31139,ELIAS DIAS DOS SANTOS,PHS,Deputado Estadual,0,2018
0275,31164,KÁTIA TORBA PERRONE,PHS,Deputado Estadual,2,2018
0275,31183,VALDIR DONIZETE FLAUSINO,PHS,Deputado Estadual,1,2018
0275,31190,FERDINANDO AUGUSTO GALERA,PHS,Deputado Estadual,3,2018
0275,31193,ANGELO MARCIO DE JESUS SILVA,PHS,Deputado Estadual,0,2018
0275,31199,EDSON RODRIGUES CARDOSO,PHS,Deputado Estadual,0,2018
0275,31200,ALESSANDRO RUIZ MARTINEZ,PHS,Deputado Estadual,40,2018
0275,31201,VINÍCIUS DE ANDRADE PEREIRA,PHS,Deputado Estadual,0,2018
0275,31202,THEREZINHA MARIA DE JESUS DA SILVA,PHS,Deputado Estadual,0,2018
0275,31211,RAIMUNDO SOUZA TEIXEIRA,PHS,Deputado Estadual,0,2018
0275,31222,WALDIR FRANCISCO LIMA,PHS,Deputado Estadual,0,2018
0275,31234,MARCUS VINÍCIUS ANDRADE AMBRÓSIO,PHS,Deputado Estadual,0,2018
0275,31277,LUIZ EUSTAQUIO DOS SANTOS,PHS,Deputado Estadual,0,2018
0275,31291,REGINALDO NUNES BEZERRA,PHS,Deputado Estadual,0,2018
0275,31299,PAULO SÉRGIO RODRIGUES DA SILVA,PHS,Deputado Estadual,15,2018
0275,31300,AILTON APARECIDO TIPÓ LAURINDO,PHS,Deputado Estadual,3,2018
0275,31303,FELIPE ANDRE CANUTO GOMES,PHS,Deputado Estadual,1,2018
0275,31311,NOELI PEREIRA MAESTER,PHS,Deputado Estadual,0,2018
0275,31313,ULISSES ROBERTO CORNAZZANI SALES,PHS,Deputado Estadual,4,2018
0275,31320,EDSON DA CRUZ,PHS,Deputado Estadual,0,2018
0275,31322,VALDIRENY DE MIRA DA SILVA,PHS,Deputado Estadual,14,2018
0275,31331,BAZELAU RAMOS,PHS,Deputado Estadual,83,2018
0275,31333,THELMA ELAINE BRASILEIRO ROBERTI,PHS,Deputado Estadual,127,2018
0275,31349,RICARDO HOLZ VIDAL DOS SANTOS,PHS,Deputado Estadual,3,2018
0275,31364,DENIS DIAS DA ROCHA,PHS,Deputado Estadual,0,2018
0275,31373,MICHEL HENRIQUE MOREIRA BARBOSA,PHS,Deputado Estadual,0,2018
0275,31399,ROSEANE SEPRENYI,PHS,Deputado Estadual,0,2018
0275,31401,REGINA DE CÁSSIA  PONTES ALVES DA SILVA,PHS,Deputado Estadual,0,2018
0275,31421,CARLOS ALBERTO RIBEIRO,PHS,Deputado Estadual,0,2018
0275,31444,FERNANDO BITENCOURT,PHS,Deputado Estadual,0,2018
0275,31450,DALVA REGINA PERES,PHS,Deputado Estadual,0,2018
0275,31455,EDSON FUZARO DE CASTRO,PHS,Deputado Estadual,6,2018
0275,31456,JOÃO AGNALDO DONIZETI GANDINI,PHS,Deputado Estadual,5,2018
0275,31500,VALDECIR APARECIDO DO NASCIMENTO,PHS,Deputado Estadual,11,2018
0275,31531,JONAS DE CASTRO DIAS,PHS,Deputado Estadual,0,2018
0275,31550,TALITHA CICILINI GARAVATI,PHS,Deputado Estadual,0,2018
0275,31551,ANDRESSA LUIZ MARTINS,PHS,Deputado Estadual,2,2018
0275,31555,EDICARLOS DE OLIVEIRA SANTOS,PHS,Deputado Estadual,2,2018
0275,31611,RAMON BERTONI PEREIRA,PHS,Deputado Estadual,0,2018
0275,31631,RONALDO FRANCISCO DA CRUZ,PHS,Deputado Estadual,0,2018
0275,31650,WILLIAM SEITI SASHIDA,PHS,Deputado Estadual,0,2018
0275,31651,GUSTAVO HENRIQUE FARGIANI,PHS,Deputado Estadual,2,2018
0275,31660,HELENA APARECIDA GOMES,PHS,Deputado Estadual,0,2018
0275,31717,CRISTIANE FONTES DE CARVALHO NOGUEIRA,PHS,Deputado Estadual,1,2018
0275,31747,ODAIR DE ABREU,PHS,Deputado Estadual,0,2018
0275,31770,MARIA JOSETANIA DE OLIVEIRA TEIXEIRA,PHS,Deputado Estadual,0,2018
0275,31777,GERALDO PEREIRA DE BARROS NETO,PHS,Deputado Estadual,1,2018
0275,31780,BRAZ PEREIRA,PHS,Deputado Estadual,0,2018
0275,31787,AUGUSTO VIEIRA DA SILVA,PHS,Deputado Estadual,0,2018
0275,31789,GUSTAVO COELHO DA SILVA,PHS,Deputado Estadual,0,2018
0275,31800,JOSE ARIVALDO RODRIGUES,PHS,Deputado Estadual,1,2018
0275,31880,MARIA CORDELIZA DOS SANTOS,PHS,Deputado Estadual,0,2018
0275,31900,ADRIANA LUCIA BARRETO,PHS,Deputado Estadual,1,2018
0275,31972,ROSELI DE CAMPOS,PHS,Deputado Estadual,0,2018
0275,31973,ALEXANDRE OLIMPIO DOS SANTOS,PHS,Deputado Estadual,0,2018
0275,31977,LUIZ JACINTO NEPOMUCENO NETO,PHS,Deputado Estadual,0,2018
0275,31990,ELIAS DOS ANJOS,PHS,Deputado Estadual,1,2018
0275,31999,DANIELA HELENICE DANELUZZI SUTTO,PHS,Deputado Estadual,0,2018
0275,33001,JOSÉ MILTON RUIZ LOPES,PMN,Deputado Estadual,0,2018
0275,33003,MÔNICA MARINA BONIFÁCIO MOSCHETTA,PMN,Deputado Estadual,9,2018
0275,33033,FRANCISCO MARCOS IRAN AQUINO ROLIM,PMN,Deputado Estadual,0,2018
0275,33056,PAULO MASSARELLI,PMN,Deputado Estadual,2,2018
0275,33090,JOSÉ EDUARDO DE OLIVEIRA,PMN,Deputado Estadual,0,2018
0275,33111,MAYCON HYPPOLITO NOGUEIRA,PMN,Deputado Estadual,0,2018
0275,33125,ILIETE GERAGE,PMN,Deputado Estadual,0,2018
0275,33140,ROBERTO BARBOSA RODRIGUES,PMN,Deputado Estadual,4,2018
0275,33145,DIOGO ALVES DE PAIVA,PMN,Deputado Estadual,0,2018
0275,33150,JOÃO MARCOS LEITE,PMN,Deputado Estadual,0,2018
0275,33156,WILSON SANTOS MARTINS JUNIOR,PMN,Deputado Estadual,6,2018
0275,33190,CELIMAR GOMES DA SILVA,PMN,Deputado Estadual,4,2018
0275,33193,MARCIO DONIZETE CRUZ SILVA,PMN,Deputado Estadual,1,2018
0275,33216,ROBERTO VIEIRA DIAS,PMN,Deputado Estadual,0,2018
0275,33223,SANDRO CUNHA,PMN,Deputado Estadual,1,2018
0275,33233,ADIENE CRISTINA SCAREL BRENGA,PMN,Deputado Estadual,10,2018
0275,33300,ALEX BATISTA ROCHA,PMN,Deputado Estadual,13,2018
0275,33313,ANTONIO CARLOS FERREIRA JUNIOR,PMN,Deputado Estadual,0,2018
0275,33321,MICHAEL REGINALDO OLIVEIRA DO NASCIMENTO,PMN,Deputado Estadual,1,2018
0275,33333,CARLOS EDUARDO DA SILVA,PMN,Deputado Estadual,3,2018
0275,33356,CARLOS ROBERTO SILVA,PMN,Deputado Estadual,0,2018
0275,33445,LUCIANA ALVES BONIFÁCIO,PMN,Deputado Estadual,0,2018
0275,33456,REGINALDO VIANA GOMES,PMN,Deputado Estadual,0,2018
0275,33464,DENIVIA ROSA DOS SANTOS OLIVEIRA,PMN,Deputado Estadual,1,2018
0275,33555,JOSIVAN FERREIRA DE ASSIS,PMN,Deputado Estadual,1,2018
0275,33633,GERALDO DA SILVA MAIA FILHO,PMN,Deputado Estadual,22,2018
0275,33645,GLADISON DAVID NEIVA DIAS,PMN,Deputado Estadual,2,2018
0275,33651,RITA DE CASSIA MENEZES SANTOS NASCIMENTO,PMN,Deputado Estadual,2,2018
0275,33661,IRENILDA APARECIDA MARIA FRANCISCO,PMN,Deputado Estadual,0,2018
0275,33663,VERIDIANA DA SILVA CASTRO MARTINES,PMN,Deputado Estadual,0,2018
0275,33666,AGNALDO ALVES PEREIRA,PMN,Deputado Estadual,0,2018
0275,33707,ROGÉRIO MARCELINO DE MOURA,PMN,Deputado Estadual,0,2018
0275,33777,LUISA APARECIDA DE BARROS,PMN,Deputado Estadual,2,2018
0275,33789,ANDRÉ BASÍLIO DOS SANTOS,PMN,Deputado Estadual,0,2018
0275,33808,ELSA MUCHA ZANELLA,PMN,Deputado Estadual,0,2018
0275,33810,MARCOS ANTONIO COSTA,PMN,Deputado Estadual,0,2018
0275,33848,OSCAR DE MATTOS,PMN,Deputado Estadual,1,2018
0275,33888,JOSÉ FERREIRA CUNHA,PMN,Deputado Estadual,0,2018
0275,33900,MARIA ERIVANDA CAVALCANTE ARAÚJO,PMN,Deputado Estadual,1,2018
0275,35001,EDNEI APARECIDO PEREIRA,PMB,Deputado Estadual,0,2018
0275,35007,FRANCISCO MAURO DOS SANTOS,PMB,Deputado Estadual,0,2018
0275,35010,SIRA DA SILVA,PMB,Deputado Estadual,3,2018
0275,35011,ELIANA GUERREIRO,PMB,Deputado Estadual,0,2018
0275,35017,TALALE MICHEL CHEDID FILHO,PMB,Deputado Estadual,1,2018
0275,35022,ROSÁLIA DOS SANTOS LIMA,PMB,Deputado Estadual,0,2018
0275,35055,SANDRO HENRIQUE DE CARVALHO COELHO,PMB,Deputado Estadual,0,2018
0275,35100,ALESSANDRA VICENTE SILVERIO,PMB,Deputado Estadual,6,2018
0275,35111,HÉLIO TELES ALVES,PMB,Deputado Estadual,0,2018
0275,35123,AIRTON DA COSTA,PMB,Deputado Estadual,1,2018
0275,35129,CLEUZA SOUZA FRANÇA ALVES,PMB,Deputado Estadual,0,2018
0275,35135,SIMONE APARECIDA DE SOUZA SOARES,PMB,Deputado Estadual,2,2018
0275,35163,ROSIMEIRE SANTOS CESCHINI,PMB,Deputado Estadual,1,2018
0275,35321,MARIA DO CARMO DA CRUZ SANTOS,PMB,Deputado Estadual,0,2018
0275,35333,CARLA ZIPER PEREIRA DE CARVALHO,PMB,Deputado Estadual,1,2018
0275,35456,MARIA TERESA LANDUCCI ROSSIGALLI,PMB,Deputado Estadual,0,2018
0275,35477,REGIANE APARECIDA DE SOUZA NEVES,PMB,Deputado Estadual,3,2018
0275,35500,JOÃO MIGUEL ALVES,PMB,Deputado Estadual,0,2018
0275,35555,WENCESLAU DE SOUZA NETO,PMB,Deputado Estadual,0,2018
0275,35600,ADILSON ALVES DE OLIVEIRA,PMB,Deputado Estadual,1,2018
0275,35678,SARA REGINA ADÃO SILVA,PMB,Deputado Estadual,0,2018
0275,35755,TIAGO CESAR GONÇALVES,PMB,Deputado Estadual,0,2018
0275,35777,ANITA DOS SANTOS TAKAIYASU,PMB,Deputado Estadual,0,2018
0275,35853,WANDER RIBEIRO DE ALMEIDA,PMB,Deputado Estadual,0,2018
0275,35888,JAIME DA SILVA,PMB,Deputado Estadual,0,2018
0275,36000,LAURINDA VAZ DE LIMA,PTC,Deputado Estadual,1,2018
0275,36003,MAGNA SOUZA ARAUJO DA SILVA,PTC,Deputado Estadual,0,2018
0275,36007,RODRIGO EDUARDO DE ALMEIDA PARDI,PTC,Deputado Estadual,0,2018
0275,36010,REANOLFO CLAUDIO DE SIQUEIRA,PTC,Deputado Estadual,0,2018
0275,36013,TELISVALDO OLIVEIRA RIOS,PTC,Deputado Estadual,12,2018
0275,36015,ELIANE FLORENCIO DA SILVA,PTC,Deputado Estadual,0,2018
0275,36016,CLAUDIA OLIVEIRA RODRIGUES SANTOS,PTC,Deputado Estadual,0,2018
0275,36018,GERALDO MONTEIRO TEIXEIRA FILHO,PTC,Deputado Estadual,0,2018
0275,36019,ROSANA CASSIA DOS SANTOS,PTC,Deputado Estadual,0,2018
0275,36033,MAURICIO SIQUEIRA,PTC,Deputado Estadual,0,2018
0275,36036,LEONARDO DA SILVA BRIGAGAO,PTC,Deputado Estadual,3,2018
0275,36070,ALESSANDRO LEITE CAGE,PTC,Deputado Estadual,0,2018
0275,36100,MARINA CAFASSO MOREIRA FARIA,PTC,Deputado Estadual,0,2018
0275,36111,MARCELO LUCIANO DA SILVA,PTC,Deputado Estadual,0,2018
0275,36132,MILTON ANGELO RODRIGUES FILHO,PTC,Deputado Estadual,0,2018
0275,36190,ALEXANDRE ALVES DA ROCHA,PTC,Deputado Estadual,0,2018
0275,36222,FRANCISCA MARIA DE MORAES RODRIGUES,PTC,Deputado Estadual,0,2018
0275,36250,LUCIO FLAVIO PICANÇA FREIRE,PTC,Deputado Estadual,0,2018
0275,36333,PAULO FRANCISCO ALVARENGA BARBOSA,PTC,Deputado Estadual,0,2018
0275,36360,MOACYR SANTANA GUIMARAES,PTC,Deputado Estadual,1,2018
0275,36456,MARCELO DA CRUZ DE SOUZA,PTC,Deputado Estadual,0,2018
0275,36500,SERGIO BORGES ARRUDA,PTC,Deputado Estadual,1,2018
0275,36555,HELTON MESSIAS,PTC,Deputado Estadual,0,2018
0275,36705,JEFFERSON TORRES DA CRUZ,PTC,Deputado Estadual,0,2018
0275,36710,ELIZABET DA SILVA ALMEIDA,PTC,Deputado Estadual,0,2018
0275,36777,EDVALDO DA SILVA GABRIEL,PTC,Deputado Estadual,0,2018
0275,36789,ROGERIO JACOMO MICHELETTI,PTC,Deputado Estadual,0,2018
0275,36888,JOSE MARIA BARBOSA DA SILVA,PTC,Deputado Estadual,0,2018
0275,36889,JOYCE FELIX BARBOZA,PTC,Deputado Estadual,0,2018
0275,36904,MARCOS PRUDENTE CAJE,PTC,Deputado Estadual,0,2018
0275,40000,RAFAEL FERNANDO ZIMBALDI,PSB,Deputado Estadual,6001,2018
0275,40001,LUIS CLAUDIO LAPENA BARRETO,PSB,Deputado Estadual,3,2018
0275,40004,ANGELO JOSÉ LEITE CARDOSO COELHO,PSB,Deputado Estadual,4,2018
0275,40010,HUGO DO PRADO SANTOS,PSB,Deputado Estadual,5,2018
0275,40012,ANIZIA MOTTA DOS SANTOS LOURENÇO,PSB,Deputado Estadual,4,2018
0275,40014,ILDACY BOTELHO CORDEIRO,PSB,Deputado Estadual,6,2018
0275,40023,ORLANDO JOSÉ BOLÇONE,PSB,Deputado Estadual,35,2018
0275,40040,REGIS LEANDRO YASUMURA,PSB,Deputado Estadual,8,2018
0275,40080,SUELY VILELA,PSB,Deputado Estadual,26,2018
0275,40100,ROBERTO CARVALHO ENGLER PINTO,PSB,Deputado Estadual,33,2018
0275,40111,GILMARA ALMEIDA GONÇALVES RIEVRS OLIVEIRA,PSB,Deputado Estadual,2,2018
0275,40112,CARLOS CEZAR DA SILVA,PSB,Deputado Estadual,466,2018
0275,40123,EDSON TOMAZINI,PSB,Deputado Estadual,17,2018
0275,40140,NELSON DIMAS BRAMBILLA,PSB,Deputado Estadual,13,2018
0275,40144,MARIA DE FATIMA DE CARVALHO,PSB,Deputado Estadual,5,2018
0275,40150,BASÍLIO ZECCHINI FILHO,PSB,Deputado Estadual,12,2018
0275,40163,LUZINETE ROSA DOS SANTOS,PSB,Deputado Estadual,0,2018
0275,40180,LUCIANA TRINDADE DE MACEDO,PSB,Deputado Estadual,7,2018
0275,40193,AMILTON PEREIRA BRITO,PSB,Deputado Estadual,0,2018
0275,40222,ROBERTO YOSHIHIRO SEKIYA,PSB,Deputado Estadual,11,2018
0275,40234,CAMILA CORREA MARINO,PSB,Deputado Estadual,1,2018
0275,40280,MARTA CRISTINA LEÃO FERREIRA DA CUNHA,PSB,Deputado Estadual,44,2018
0275,40300,GIL LANCASTER FRAZÃO DE MORÃES,PSB,Deputado Estadual,30,2018
0275,40321,RODOLFO HESSEL FANGANIELLO,PSB,Deputado Estadual,14,2018
0275,40333,ANA CRISTINA GONÇALVES DE ABREU SOUZA,PSB,Deputado Estadual,27,2018
0275,40400,ADILSON ROSSI,PSB,Deputado Estadual,54,2018
0275,40401,LUCIANA OLIVEIRA DE PAIVA,PSB,Deputado Estadual,0,2018
0275,40404,NILTON ROBERTO MARTINES,PSB,Deputado Estadual,14,2018
0275,40440,FÁBIO ALEXANDRE DE ARAÚJO NUNES,PSB,Deputado Estadual,17,2018
0275,40456,JOÃO CARLOS CARAMEZ,PSB,Deputado Estadual,17,2018
0275,40500,RAFAEL ANTONIO DA SILVA,PSB,Deputado Estadual,13,2018
0275,40505,FABRICIO AMARO ANDRADE,PSB,Deputado Estadual,7,2018
0275,40540,JOSÉ ANTONIO BARROS MUNHOZ,PSB,Deputado Estadual,77,2018
0275,40550,MARIO LUIZ TARRICONE,PSB,Deputado Estadual,0,2018
0275,40555,PAULO SERGIO BAPTISTA DE SOUZA,PSB,Deputado Estadual,3,2018
0275,40600,FABÍOLA DE CAMPOS BRAGA MATTOZINHO,PSB,Deputado Estadual,80,2018
0275,40610,DHONY OLIVEIRA SOUZA,PSB,Deputado Estadual,3,2018
0275,40640,CAIO FRANÇA DE GOUVEA GOMES,PSB,Deputado Estadual,61,2018
0275,40675,JOAQUIM MARCELINO JOFFRE NETO,PSB,Deputado Estadual,0,2018
0275,40740,ADMIR DONIZETI FERRO,PSB,Deputado Estadual,4,2018
0275,40777,ANDRÉ LUIS BUENO,PSB,Deputado Estadual,8,2018
0275,40780,JOSÉ AGRIPINO DA SILVA,PSB,Deputado Estadual,3,2018
0275,40789,VINICIUS ALMEIDA CAMARINHA,PSB,Deputado Estadual,8,2018
0275,40866,ROSELI APARECIDA KEIKO KOBAYASHI,PSB,Deputado Estadual,1,2018
0275,40888,EMILIANO ZAPATA FERREIRA MARCELINO SILVA,PSB,Deputado Estadual,4,2018
0275,40999,MARCO ANTONIO SILVA,PSB,Deputado Estadual,0,2018
0275,43000,FRANCISCO JARLES DA SILVA BEZERRA,PV,Deputado Estadual,4,2018
0275,43001,EDSON DE OLIVEIRA GIRIBONI,PV,Deputado Estadual,36,2018
0275,43008,JOSÉ HENRIQUE CONTI,PV,Deputado Estadual,50,2018
0275,43010,CÉLIA CANDIDA MARCONDES SMITH,PV,Deputado Estadual,18,2018
0275,43013,PRISCILA FRANÇA DE FIGUEIREDO,PV,Deputado Estadual,1,2018
0275,43015,JOÃO AMAURICIO PAULI,PV,Deputado Estadual,11,2018
0275,43024,REGINALDO SOUZA MACHADO,PV,Deputado Estadual,1,2018
0275,43033,FRANCISCO ANTONIO SARDELLI,PV,Deputado Estadual,97,2018
0275,43043,HERNANDO MAURO DIÓGENES DE AQUINO,PV,Deputado Estadual,3,2018
0275,43044,ESTER DA SILVA,PV,Deputado Estadual,2,2018
0275,43100,CELINA HARUMI NISHIZAWA,PV,Deputado Estadual,11,2018
0275,43123,CÍCERA SEVERINA DA CONCEIÇÃO MUSA,PV,Deputado Estadual,6,2018
0275,43135,JOSÉ AFONSO LOBATO,PV,Deputado Estadual,23,2018
0275,43199,LILIAN CRISTINA DOS SANTOS FARIA,PV,Deputado Estadual,4,2018
0275,43243,ANTONIO CARLOS MARTINS RIBEIRO,PV,Deputado Estadual,0,2018
0275,43300,LUANA LACERDA DE ALMEIDA,PV,Deputado Estadual,2,2018
0275,43333,ULYSSES MARIO TASSINARI,PV,Deputado Estadual,28,2018
0275,43334,LUIS MARCELO COMERON,PV,Deputado Estadual,1,2018
0275,43363,REINALDO DE SOUZA ALGUZ,PV,Deputado Estadual,336,2018
0275,43369,ORLANDO COUTO JUNIOR,PV,Deputado Estadual,6,2018
0275,43432,MARIA BEZERRA DE MENEZES SCORZA,PV,Deputado Estadual,1,2018
0275,43433,BRUNA HELENA SOUZA TEIXEIRA DE BARROS,PV,Deputado Estadual,76,2018
0275,43543,ANTONIO FERNANDES FERRARI,PV,Deputado Estadual,2,2018
0275,43622,CESAR AUGUSTO JOSÉ,PV,Deputado Estadual,2,2018
0275,43666,ANA DA SILVA FERNANDES,PV,Deputado Estadual,9,2018
0275,43777,CAIO CESAR MACHADO DA CUNHA,PV,Deputado Estadual,14,2018
0275,43999,VERA LÚCIA DA SILVA VENTURA,PV,Deputado Estadual,10,2018
0275,44000,REGINALDO PUGAS,PRP,Deputado Estadual,1,2018
0275,44002,JOSE FERNANDO DA SILVA LUZ,PRP,Deputado Estadual,0,2018
0275,44003,ABIGAIL BENTO DA SILVA,PRP,Deputado Estadual,4,2018
0275,44004,SERGIO CUNHA,PRP,Deputado Estadual,0,2018
0275,44005,APARECIDO DOS SANTOS,PRP,Deputado Estadual,0,2018
0275,44007,ANTONIO CLAUDINO CORDEIRO,PRP,Deputado Estadual,0,2018
0275,44008,SERGIO ALBUQUERQUE LIMA,PRP,Deputado Estadual,0,2018
0275,44012,PATRICIA DE ARRUDA APOLINÁRIO,PRP,Deputado Estadual,0,2018
0275,44014,MARIA ANDRADE DA SILVA,PRP,Deputado Estadual,0,2018
0275,44015,MARIA CRISTINA CICAGNO,PRP,Deputado Estadual,0,2018
0275,44016,MARIA REGINA ALMEIDA SANTOS SANCHES,PRP,Deputado Estadual,0,2018
0275,44018,ALAINY PRYSCILLA OLIVEIRA DA SILVA,PRP,Deputado Estadual,1,2018
0275,44022,TELMA GIMENEZ LOUREIRO,PRP,Deputado Estadual,1,2018
0275,44023,GRECIONE MAGALHÃES DE ALMEIDA,PRP,Deputado Estadual,0,2018
0275,44025,JOSE ROOSEVELT MARTOS,PRP,Deputado Estadual,0,2018
0275,44027,MARIA JOSE DA SILVA,PRP,Deputado Estadual,0,2018
0275,44040,WILLIAM ALBERTO DE ANDRADE,PRP,Deputado Estadual,0,2018
0275,44042,ORIDES MARTINS NEVES,PRP,Deputado Estadual,0,2018
0275,44043,JOSE VERGILIO REIS,PRP,Deputado Estadual,0,2018
0275,44044,RODRIGO PEREIRA DE OLIVEIRA,PRP,Deputado Estadual,0,2018
0275,44045,UZIEL FERREIRA DO NASCIMENTO,PRP,Deputado Estadual,0,2018
0275,44046,FRANCISCO DE ASSIS VIEIRA,PRP,Deputado Estadual,0,2018
0275,44047,ZENAIDE GONCALVES VIANA,PRP,Deputado Estadual,0,2018
0275,44055,JACKSON CARLOS SOUZA DO SACRAMENTO,PRP,Deputado Estadual,0,2018
0275,44062,PAULO PRADO LEITE,PRP,Deputado Estadual,0,2018
0275,44066,DOMINGOS SALVIO SANTOS DA ANUNCIAÇÃO,PRP,Deputado Estadual,0,2018
0275,44077,HELIO BRASSAROTO,PRP,Deputado Estadual,0,2018
0275,44088,WALTER BONETTI,PRP,Deputado Estadual,1,2018
0275,44091,JOSE JATOBA FILHO,PRP,Deputado Estadual,0,2018
0275,44100,ANTONIO ELITON SANTOS DE BRITO,PRP,Deputado Estadual,0,2018
0275,44105,DANIELE REGINA RODRIGUES DO CARMO,PRP,Deputado Estadual,0,2018
0275,44106,ANGELA ALVES PEREIRA GOUVEIA,PRP,Deputado Estadual,0,2018
0275,44111,PAULO MEDEIROS DOS SANTOS,PRP,Deputado Estadual,0,2018
0275,44113,MOISES FERREIRA DA SILVA,PRP,Deputado Estadual,0,2018
0275,44114,APARECIDO ALESSIO CRUZ DE OLIVEIRA,PRP,Deputado Estadual,0,2018
0275,44117,MARCOS FRANCISCO DE MORAES,PRP,Deputado Estadual,0,2018
0275,44118,LUIZ FERNANDES,PRP,Deputado Estadual,0,2018
0275,44120,JOSE CARLOS DOS SANTOS,PRP,Deputado Estadual,0,2018
0275,44122,DEYVISON ERIK GASPAR,PRP,Deputado Estadual,1,2018
0275,44123,JOÃO BATISTA BRANDÃO DO AMARAL,PRP,Deputado Estadual,3,2018
0275,44124,DALILA RITA VITOR DOS SANTOS DA SILVA,PRP,Deputado Estadual,1,2018
0275,44130,JOSE EDVALDO BRITO,PRP,Deputado Estadual,0,2018
0275,44140,MARCELO COLUSSO,PRP,Deputado Estadual,0,2018
0275,44142,LUCINEIA SECANECHIA MALTA,PRP,Deputado Estadual,0,2018
0275,44144,DANIEL MATIAS DA SILVA,PRP,Deputado Estadual,3,2018
0275,44153,DANIEL PEREIRA DA SILVA,PRP,Deputado Estadual,0,2018
0275,44157,RODNEI CESAR DE SOUZA,PRP,Deputado Estadual,0,2018
0275,44160,CLEIDE MARIA ARAUJO MODESTO,PRP,Deputado Estadual,0,2018
0275,44176,MARCELO ROMANO GONÇALVES,PRP,Deputado Estadual,0,2018
0275,44182,EDINEI ROCHA SANTANA,PRP,Deputado Estadual,0,2018
0275,44190,JEAN PIERRE FERREIRA DA SILVA,PRP,Deputado Estadual,0,2018
0275,44201,EROS GOMES RIBEIRO,PRP,Deputado Estadual,0,2018
0275,44211,RAFAEL PEREIRA DA SILVA,PRP,Deputado Estadual,0,2018
0275,44213,SERGIO ALVES DOS SANTOS,PRP,Deputado Estadual,0,2018
0275,44222,ROSANGELA HENRIQUE DE LIMA,PRP,Deputado Estadual,0,2018
0275,44223,MARTA CORREA DOS SANTOS,PRP,Deputado Estadual,0,2018
0275,44234,REGINALDO SOARES DOS SANTOS,PRP,Deputado Estadual,0,2018
0275,44255,EVERALDO CAETANO DA SILVA,PRP,Deputado Estadual,0,2018
0275,44301,ODIVA FERNANDES MENEZES,PRP,Deputado Estadual,1,2018
0275,44334,PAULO CALADO FARIAS,PRP,Deputado Estadual,0,2018
0275,44343,PATRICIA CONSUELO DE SOUZA,PRP,Deputado Estadual,1,2018
0275,44344,SILVANA INES MOREIRA,PRP,Deputado Estadual,0,2018
0275,44351,ILMA ROSA DA SILVA,PRP,Deputado Estadual,0,2018
0275,44411,AMAURY CUNHA CÂMARA,PRP,Deputado Estadual,0,2018
0275,44418,SILVANA REGINA DA SILVA DOS SANTOS,PRP,Deputado Estadual,0,2018
0275,44423,LUCIANA DRAGONE COUTINHO,PRP,Deputado Estadual,0,2018
0275,44425,ELISABETH APARECIDA RODRIGUES DOS SANTOS,PRP,Deputado Estadual,0,2018
0275,44440,JOSE CARLOS LEITE DE CARVALHO,PRP,Deputado Estadual,0,2018
0275,44441,ALESSANDRO MOGLIA,PRP,Deputado Estadual,1,2018
0275,44443,JOÃO LIMA COSTA,PRP,Deputado Estadual,0,2018
0275,44444,FELICIANO NAHIMY FILHO,PRP,Deputado Estadual,754,2018
0275,44445,MOYSES GABRIEL,PRP,Deputado Estadual,0,2018
0275,44447,CARMEM MARIA UCHOA FERNANDES,PRP,Deputado Estadual,0,2018
0275,44456,CARLOS ROBERTO RANGEL DE SOUZA,PRP,Deputado Estadual,0,2018
0275,44491,SONIA MARIA GUERREIRO PAZINI,PRP,Deputado Estadual,0,2018
0275,44499,ROSEMEIRE RIBEIRO,PRP,Deputado Estadual,0,2018
0275,44500,ROGERIO GOMES DO NASCIMENTO,PRP,Deputado Estadual,1,2018
0275,44511,JOSE CARLOS FLAUSINO,PRP,Deputado Estadual,0,2018
0275,44544,ISAIAS GUEDES GUIMARÃES,PRP,Deputado Estadual,0,2018
0275,44553,ROMILDO FIDELIS,PRP,Deputado Estadual,0,2018
0275,44567,JOSE BERALDO,PRP,Deputado Estadual,1,2018
0275,44600,ARMINDO ALBINO MUNHOZ,PRP,Deputado Estadual,0,2018
0275,44610,DANUBIA CRISTINA GOMES ALVES,PRP,Deputado Estadual,0,2018
0275,44631,JONAS FONTOURA SANTANA,PRP,Deputado Estadual,0,2018
0275,44663,MANOEL MILANEZ DA SILVA FILHO,PRP,Deputado Estadual,0,2018
0275,44666,JOÃO BOSCO DANTAS LOPES,PRP,Deputado Estadual,0,2018
0275,44677,ADRIANA SOUZA DOS SANTOS PEREIRA,PRP,Deputado Estadual,0,2018
0275,44678,OSVALDO LIMA DA SILVA,PRP,Deputado Estadual,0,2018
0275,44700,ITAMAR SENA,PRP,Deputado Estadual,0,2018
0275,44728,WLADIMIR ROGERIO DOS SANTOS,PRP,Deputado Estadual,0,2018
0275,44744,MARCELO EDUARDO AMICI JORGE,PRP,Deputado Estadual,2,2018
0275,44758,RENATO BORGIANI,PRP,Deputado Estadual,0,2018
0275,44774,MARCELO SOLON RODRIGUES,PRP,Deputado Estadual,0,2018
0275,44777,JESUS DE AQUINO,PRP,Deputado Estadual,3,2018
0275,44779,DALILA CAMARGO,PRP,Deputado Estadual,0,2018
0275,44789,JOÃO ALFREDO DE OLIVEIRA,PRP,Deputado Estadual,0,2018
0275,44800,MARCELO DONIZETTI FARIA RAMALHO,PRP,Deputado Estadual,0,2018
0275,44888,JOSE VALDIVINO GREGORIO,PRP,Deputado Estadual,0,2018
0275,44910,MARCOS PAULO CABRAL DE LIMA,PRP,Deputado Estadual,0,2018
0275,44944,VERA LUCIA APARECIDA ALVES,PRP,Deputado Estadual,0,2018
0275,44949,SILVANA REIS NICOLAU,PRP,Deputado Estadual,0,2018
0275,44977,NEUSA DA SILVA OLIVEIRA,PRP,Deputado Estadual,0,2018
0275,44999,RODRIGO SALES BARBOSA,PRP,Deputado Estadual,0,2018
0275,45000,CAUE CASEIRO MACRIS,PSDB,Deputado Estadual,364,2018
0275,45002,IVONE FERNANDES DIAS DO NASCIMENTO,PSDB,Deputado Estadual,1,2018
0275,45005,CAROLINA FUNARI LUCIO,PSDB,Deputado Estadual,1,2018
0275,45007,WIVIANE MARIA SPAZIANI,PSDB,Deputado Estadual,4,2018
0275,45009,SANDRA MARIA ANDRADE DE ALMEIDA,PSDB,Deputado Estadual,5,2018
0275,45045,GUSTAVO MARTINELLI,PSDB,Deputado Estadual,19,2018
0275,45100,CAIO MARCIO VIOTTO COUBE,PSDB,Deputado Estadual,21,2018
0275,45111,MARCO ANTONIO SCARASATI VINHOLI,PSDB,Deputado Estadual,21,2018
0275,45114,MARIA LUCIA CARDOSO PINTO AMARY,PSDB,Deputado Estadual,8,2018
0275,45115,JULIO PIRES DOS SANTOS JUNIOR,PSDB,Deputado Estadual,1,2018
0275,45121,VANESSA ORSINI,PSDB,Deputado Estadual,5,2018
0275,45122,ANTONIO DE SOUSA RAMALHO,PSDB,Deputado Estadual,1,2018
0275,45123,MAURÍCIO MENNA BARRETO GASPARINI,PSDB,Deputado Estadual,25,2018
0275,45125,MAURO BRAGATO,PSDB,Deputado Estadual,15,2018
0275,45145,GIOVANNA GUIMARÃES TRIPOLI,PSDB,Deputado Estadual,96,2018
0275,45151,JOSE CARLOS VAZ DE LIMA,PSDB,Deputado Estadual,34,2018
0275,45157,SANDRA CRISTINA LEITE SANTANA,PSDB,Deputado Estadual,12,2018
0275,45200,CELIA CAMARGO LEÃO EDELMUTH,PSDB,Deputado Estadual,2885,2018
0275,45222,ANTONIO DA ROCHA MARMO CEZAR,PSDB,Deputado Estadual,8,2018
0275,45232,CARLOS EDUARDO PIGNATARI,PSDB,Deputado Estadual,19,2018
0275,45300,FABIANO ANDREY BERTAGNOLI TRIGO,PSDB,Deputado Estadual,5,2018
0275,45321,PATRICIA GAMA DE QUADROS BEZERRA,PSDB,Deputado Estadual,139,2018
0275,45333,CARLOS CESAR ARCOLINO,PSDB,Deputado Estadual,7,2018
0275,45345,RAUL CHRISTIANO DE OLIVEIRA SANCHEZ,PSDB,Deputado Estadual,15,2018
0275,45400,ANALICE FERNANDES,PSDB,Deputado Estadual,62,2018
0275,45444,FHIAMA RAQUEL BISPO DE SOUZA,PSDB,Deputado Estadual,5,2018
0275,45445,MICHELLI VENEZIANI DA SILVA,PSDB,Deputado Estadual,11,2018
0275,45450,MARCUS MACEDO,PSDB,Deputado Estadual,19,2018
0275,45451,AURÉLIO NOMURA,PSDB,Deputado Estadual,106,2018
0275,45454,THOMÁS ANTONIO CAPELETTO DE OLIVEIRA,PSDB,Deputado Estadual,140,2018
0275,45455,GILMAR DA SILVA GIMENES,PSDB,Deputado Estadual,12,2018
0275,45456,MARCIO CESAR DE CAMARGO,PSDB,Deputado Estadual,7,2018
0275,45470,ANA CRISTINA DA SILVA COSTA,PSDB,Deputado Estadual,39,2018
0275,45477,ROBERTO MASSAFERA,PSDB,Deputado Estadual,19,2018
0275,45500,DEBORA MARCONDES SILVA,PSDB,Deputado Estadual,9,2018
0275,45545,JOBERT ALEXANDRINO,PSDB,Deputado Estadual,18,2018
0275,45555,CASSIO DE CASTRO NAVARRO,PSDB,Deputado Estadual,19,2018
0275,45600,CAROLINA DE MORAES PONTES,PSDB,Deputado Estadual,18,2018
0275,45610,HELIO NISHIMOTO,PSDB,Deputado Estadual,36,2018
0275,45633,AUGUSTO DUARTE MOREIRA NETO,PSDB,Deputado Estadual,6,2018
0275,45678,GILSON ALMEIDA BARRETO JUNIOR,PSDB,Deputado Estadual,15,2018
0275,45680,CARLA SARDANO MORANDO,PSDB,Deputado Estadual,17,2018
0275,45700,JOSE ANTONIO DE ANGELIS,PSDB,Deputado Estadual,3,2018
0275,45745,JOSÉ MARIO BRASILIENSE CARNEIRO,PSDB,Deputado Estadual,37,2018
0275,45777,CLAUDIO YUKIO MIYAKE,PSDB,Deputado Estadual,166,2018
0275,45780,MARCOS ANTONIO ZERBINI,PSDB,Deputado Estadual,8,2018
0275,45789,WILSON ALVES DAMASCENO,PSDB,Deputado Estadual,10,2018
0275,45800,PAULO MATHIAS DE TARSO,PSDB,Deputado Estadual,159,2018
0275,45845,THIAGO ANTUNES CAVALCA REIS LOBO,PSDB,Deputado Estadual,16,2018
0275,45855,ELISSANDRO MARCIO SILVA LINDOSO,PSDB,Deputado Estadual,4,2018
0275,45888,ADRIANO CAMARGO ANTONIO,PSDB,Deputado Estadual,1,2018
0275,45900,MARCO ANTONIO DA FONSECA BICHEIRO,PSDB,Deputado Estadual,0,2018
0275,50000,ANDERSON SEVERIANO GOMES,PSOL,Deputado Estadual,65,2018
0275,50001,ALEXANDRE PINHEIRO COSTA,PSOL,Deputado Estadual,5,2018
0275,50002,ALEXYA LUCAS EVANGELISTA SALVADOR,PSOL,Deputado Estadual,57,2018
0275,50005,TAMIRES DE SOUSA ARANTES,PSOL,Deputado Estadual,18,2018
0275,50007,MARIA CAROLINA LUIZ RUBINATO,PSOL,Deputado Estadual,126,2018
0275,50010,GENIVAL CALIXTO DA COSTA,PSOL,Deputado Estadual,2,2018
0275,50012,JESSICA MARQUES RIBEIRO,PSOL,Deputado Estadual,6,2018
0275,50013,EDINALDO DOS SANTOS MACEDO,PSOL,Deputado Estadual,0,2018
0275,50018,MAYKON RODRIGUES DOS SANTOS,PSOL,Deputado Estadual,9,2018
0275,50019,RONALDO DA CRUZ BRAGANÇA,PSOL,Deputado Estadual,12,2018
0275,50021,THYAGO MARCONDES,PSOL,Deputado Estadual,1,2018
0275,50030,SANDRO VINICIUS ORTEGA NICODEMO,PSOL,Deputado Estadual,2,2018
0275,50033,SIRLEI PEREIRA LIMA GOBI,PSOL,Deputado Estadual,0,2018
0275,50036,REGIS MARQUES RIBEIRO,PSOL,Deputado Estadual,1,2018
0275,50039,RODRIGO DA SILVA,PSOL,Deputado Estadual,1,2018
0275,50040,DORIVAL BORELLI FILHO,PSOL,Deputado Estadual,1,2018
0275,50050,ANITA DE GUSMÃO DAMIÃO,PSOL,Deputado Estadual,19,2018
0275,50051,PALOMA APARECIDA SOARES,PSOL,Deputado Estadual,6,2018
0275,50069,HAILEY KAAS ALVES PEDRO DA SILVA,PSOL,Deputado Estadual,46,2018
0275,50070,JOSELICIO FREITAS DOS SANTOS JUNIOR,PSOL,Deputado Estadual,4,2018
0275,50075,ANA CLAUDIA SILVA MIELKE,PSOL,Deputado Estadual,182,2018
0275,50077,CÁSSIO ALBERTO DO NASCIMENTO,PSOL,Deputado Estadual,3,2018
0275,50080,LUCAS DE PAULA LANDIN,PSOL,Deputado Estadual,6,2018
0275,50088,PAULO PEREIRA ROCHA,PSOL,Deputado Estadual,1,2018
0275,50090,FRANCISCO GILBERTO DA SILVA,PSOL,Deputado Estadual,1,2018
0275,50100,MARIANA CONTI TAKAHASHI,PSOL,Deputado Estadual,4139,2018
0275,50111,JORGE DAVID SALGADO,PSOL,Deputado Estadual,14,2018
0275,50120,DAMIÃO TAVARES DOS SANTOS,PSOL,Deputado Estadual,0,2018
0275,50122,ANSELMO PIRES DA SILVA NETO,PSOL,Deputado Estadual,1,2018
0275,50123,JOÃO PAULO RILLO,PSOL,Deputado Estadual,137,2018
0275,50130,LEANDRO MOREIRA GONÇALVES,PSOL,Deputado Estadual,18,2018
0275,50133,MARCELO REINA SILIANO,PSOL,Deputado Estadual,1,2018
0275,50135,RAFAEL FRANCIS OLIVA,PSOL,Deputado Estadual,1,2018
0275,50147,ELIANAI MAESTRELLO DE LYRA,PSOL,Deputado Estadual,1,2018
0275,50150,LUCAS FERREIRA CARDOSO,PSOL,Deputado Estadual,8,2018
0275,50180,ISADORA MARTINATTI PENNA,PSOL,Deputado Estadual,236,2018
0275,50190,BRUNO LOZZI DA COSTA,PSOL,Deputado Estadual,1,2018
0275,50197,VALDIR JOSE UCHOA,PSOL,Deputado Estadual,0,2018
0275,50200,MARCELLO FERREIRA DOS SANTOS,PSOL,Deputado Estadual,2,2018
0275,50222,MAIRA MACHADO RODRIGUES,PSOL,Deputado Estadual,27,2018
0275,50225,MARIA DO CARMO OLIVEIRA NAFALSKI,PSOL,Deputado Estadual,2,2018
0275,50234,MADALENA SILVA SANTOS,PSOL,Deputado Estadual,51,2018
0275,50235,VALERIA MAURICIO,PSOL,Deputado Estadual,0,2018
0275,50250,SARA RODRIGUES DE FRANÇA VIEIRA,PSOL,Deputado Estadual,3,2018
0275,50300,JOAO LUIS DIAS ZAFALAO,PSOL,Deputado Estadual,20,2018
0275,50321,ROSANA BIGNAMI,PSOL,Deputado Estadual,2,2018
0275,50324,MOACIR CAVALCANTI DOS SANTOS,PSOL,Deputado Estadual,0,2018
0275,50333,LEONARDO MANOEL ALVES,PSOL,Deputado Estadual,16,2018
0275,50350,PEDRO HENRIQUE TERUJI JERONIMO MINAMIDANI,PSOL,Deputado Estadual,4,2018
0275,50420,ELY ITO RODRIGUES,PSOL,Deputado Estadual,7,2018
0275,50444,ADEMILSON MIGUEL FERNANDES,PSOL,Deputado Estadual,16,2018
0275,50450,DJALMA NERY FERREIRA NETO,PSOL,Deputado Estadual,79,2018
0275,50456,GISELE CRISTIANE VIEIRA,PSOL,Deputado Estadual,6,2018
0275,50479,SIDNEI APARECIDO GARCIA,PSOL,Deputado Estadual,0,2018
0275,50490,SHIRLANDIA SALES NOVAIS,PSOL,Deputado Estadual,3,2018
0275,50500,RENATO BENTO LUIZ,PSOL,Deputado Estadual,11,2018
0275,50501,FERNANDO ANTONIO FERREIRA,PSOL,Deputado Estadual,1,2018
0275,50505,BRUNO VIEIRA MAIA,PSOL,Deputado Estadual,76,2018
0275,50518,CRISTIANE GANDOLFI,PSOL,Deputado Estadual,3,2018
0275,50550,RAUL MARCELO DE SOUZA,PSOL,Deputado Estadual,24,2018
0275,50555,MAURICIO DE MELO VIEIRA,PSOL,Deputado Estadual,0,2018
0275,50567,JAIR RODRIGUES DE CARVALHO,PSOL,Deputado Estadual,0,2018
0275,50620,MARCOS ROBERTO COELHO,PSOL,Deputado Estadual,0,2018
0275,50630,EDNALDO BISPO DA CRUZ,PSOL,Deputado Estadual,0,2018
0275,50650,ANTONIO BIAGIO VESPOLI,PSOL,Deputado Estadual,11,2018
0275,50666,MARCIA FREIRE DE MATTOS RUBIANO,PSOL,Deputado Estadual,0,2018
0275,50678,ANDRÉ SAPANOS DE CARVALHO,PSOL,Deputado Estadual,8,2018
0275,50690,CARLOS JOSE DA SILVA,PSOL,Deputado Estadual,1,2018
0275,50700,FABIANO DE CARVALHO BATISTA,PSOL,Deputado Estadual,1,2018
0275,50720,WLISSES DANIEL SILVA CABRAL,PSOL,Deputado Estadual,1,2018
0275,50750,REJANE DE MOURA,PSOL,Deputado Estadual,4,2018
0275,50777,PAULO ROBERTO BUFALO,PSOL,Deputado Estadual,899,2018
0275,50787,EDUARDO VICENTE DA FONSECA,PSOL,Deputado Estadual,0,2018
0275,50789,CARLOS ALBERTO GIANNASI,PSOL,Deputado Estadual,419,2018
0275,50800,IURIATAN FELIPE MUNIZ,PSOL,Deputado Estadual,88,2018
0275,50813,ANGELA CRISTINA ALVES DE AZEVEDO,PSOL,Deputado Estadual,2,2018
0275,50848,LUZIANE DIAS SIMÃO,PSOL,Deputado Estadual,8,2018
0275,50850,JOÃO VITOR DIAMANTINO CORRÊA BARBOSA,PSOL,Deputado Estadual,3,2018
0275,50881,DANIEL BELARMINO,PSOL,Deputado Estadual,1,2018
0275,50888,ÉRICA DA SILVA,PSOL,Deputado Estadual,345,2018
0275,50900,MONICA CRISTINA SEIXAS BONFIM,PSOL,Deputado Estadual,859,2018
0275,50917,CÉLIO PELICIARI DE PAULA JÚNIOR,PSOL,Deputado Estadual,2,2018
0275,50950,JOSE HERMENEGILDO DE MARTIN,PSOL,Deputado Estadual,1,2018
0275,50980,GILBERTO MARQUES,PSOL,Deputado Estadual,0,2018
0275,50999,SANDRO CUNHA DOS SANTOS,PSOL,Deputado Estadual,2,2018
0275,51000,SERGIO ANTONIO NECHAR,PATRI,Deputado Estadual,8,2018
0275,51001,MOESIO ALVES CORREIA,PATRI,Deputado Estadual,0,2018
0275,51003,HENRIQUE AGUILERA FILHO,PATRI,Deputado Estadual,0,2018
0275,51004,DIMAS MENDES DA SILVA JUNIOR,PATRI,Deputado Estadual,0,2018
0275,51006,THAIS CRISTINA DE CASTRO CONDE GALVAO,PATRI,Deputado Estadual,0,2018
0275,51007,SÉRGIO GUERRA,PATRI,Deputado Estadual,2,2018
0275,51008,ROBERTO CARLOS DE SANTI,PATRI,Deputado Estadual,0,2018
0275,51011,MARCIA FERREIRA LUCAS,PATRI,Deputado Estadual,0,2018
0275,51013,MALAQUIAS ARAUJO MELO,PATRI,Deputado Estadual,0,2018
0275,51015,DEUSAMAR SANTOS TEIXEIRA SALVADOR,PATRI,Deputado Estadual,3,2018
0275,51016,ROSANA FEITOSA ALVES,PATRI,Deputado Estadual,0,2018
0275,51017,SOLANGE DEVIETRO,PATRI,Deputado Estadual,1,2018
0275,51018,MARIA DE LOURDES SILVA DEPIERI,PATRI,Deputado Estadual,0,2018
0275,51019,ANDERSON DIAS DE MENESES,PATRI,Deputado Estadual,1,2018
0275,51020,ALEXANDRE FERREIRA DE SOUSA,PATRI,Deputado Estadual,0,2018
0275,51021,LIDIA MARIA DE SOUZA,PATRI,Deputado Estadual,0,2018
0275,51022,RENATA MARCIA ALVES BRAGA,PATRI,Deputado Estadual,0,2018
0275,51025,ELISMONICA SOUZA SILVA,PATRI,Deputado Estadual,0,2018
0275,51029,MARCOS ANDRE SANTOS MESSIAS,PATRI,Deputado Estadual,0,2018
0275,51030,LUIZ CARLOS DE PAULA,PATRI,Deputado Estadual,0,2018
0275,51032,ISAIAS CONCEIÇÃO,PATRI,Deputado Estadual,0,2018
0275,51033,ANDRE RAPHAEL BUION MARQUES,PATRI,Deputado Estadual,0,2018
0275,51035,JOSÉ MESSIAS DA COSTA,PATRI,Deputado Estadual,0,2018
0275,51036,MARIA DE LOURDES BORGES PIZONI,PATRI,Deputado Estadual,0,2018
0275,51037,LUIZ VINICIUS DOS SANTOS,PATRI,Deputado Estadual,0,2018
0275,51038,TERESINHA GERALDO LISBOA,PATRI,Deputado Estadual,0,2018
0275,51040,RENATO ANTONIO FONSECA FILHO,PATRI,Deputado Estadual,0,2018
0275,51041,RAQUEL AGUIAR DE OLIVEIRA SILVA,PATRI,Deputado Estadual,0,2018
0275,51045,CINTHIA FERNANDES BANDEIRA,PATRI,Deputado Estadual,2,2018
0275,51051,JAMIL AKIO ONO,PATRI,Deputado Estadual,10,2018
0275,51052,EDUARDO MONTEIRO,PATRI,Deputado Estadual,0,2018
0275,51053,CARLA ISOLA CASALE,PATRI,Deputado Estadual,0,2018
0275,51055,EDSON FERREIRA PONTES,PATRI,Deputado Estadual,0,2018
0275,51056,ROBSON LIEBETANZ DZELVE CALABIANQUI,PATRI,Deputado Estadual,3,2018
0275,51057,GRAZIELE CRISTINA LUCATO,PATRI,Deputado Estadual,1,2018
0275,51060,FRANCISCA LUIZ PEREIRA,PATRI,Deputado Estadual,0,2018
0275,51077,HELENA MARIA LEME BARBOSA,PATRI,Deputado Estadual,0,2018
0275,51081,MARCOS JOSÉ DO VALLE,PATRI,Deputado Estadual,0,2018
0275,51082,CICERO EDINALDO DE MENEZES,PATRI,Deputado Estadual,0,2018
0275,51085,MARINALVA CONCEIÇÃO SANTOS,PATRI,Deputado Estadual,3,2018
0275,51088,MARIA JOSÉ DOS SANTOS,PATRI,Deputado Estadual,0,2018
0275,51090,RONALDO ROSA DE ALMEIDA,PATRI,Deputado Estadual,0,2018
0275,51100,ANDRE GOMES BARBOSA,PATRI,Deputado Estadual,0,2018
0275,51111,ZELINDIANOR OLIVEIRA DE SOUZA,PATRI,Deputado Estadual,0,2018
0275,51120,EDSON RICARDO DE CARVALHO SOUZA,PATRI,Deputado Estadual,1,2018
0275,51121,ANTÔNIO MARCOS RODRIGUES,PATRI,Deputado Estadual,2,2018
0275,51123,REGINA DA SILVA COSTA,PATRI,Deputado Estadual,1,2018
0275,51127,VALDIR HENRIQUE DOS SANTOS FERREIRA,PATRI,Deputado Estadual,0,2018
0275,51145,JOSE ALEXANDRE JUNCO,PATRI,Deputado Estadual,4,2018
0275,51151,RENAN ELIAS GODINHO,PATRI,Deputado Estadual,1,2018
0275,51153,ADRIANA ALVES DE OLIVEIRA,PATRI,Deputado Estadual,4,2018
0275,51155,JORGE DE FREITAS,PATRI,Deputado Estadual,0,2018
0275,51158,WASHINGTON SOUZA CARDOSO DOS SANTOS,PATRI,Deputado Estadual,1,2018
0275,51167,CARLOS EDUARDO MONÇÃO GARCIA,PATRI,Deputado Estadual,0,2018
0275,51177,ROBERTO PIMENTEL,PATRI,Deputado Estadual,0,2018
0275,51190,WILSON DE OLIVEIRA MORAIS,PATRI,Deputado Estadual,12,2018
0275,51193,GUARACY RIBEIRO FILHO,PATRI,Deputado Estadual,1,2018
0275,51200,JAIR RAMALHO DA SILVA,PATRI,Deputado Estadual,1,2018
0275,51215,FRANCISCO MONTEIRO DE ARRUDA,PATRI,Deputado Estadual,0,2018
0275,51222,ENIVALDO LEITE,PATRI,Deputado Estadual,0,2018
0275,51233,JOSE CARLOS BISPO DOS SANTOS,PATRI,Deputado Estadual,0,2018
0275,51234,PAULO DE TARSO CARDOSO DE MIRANDA,PATRI,Deputado Estadual,0,2018
0275,51235,NILSON PEREIRA DE ABREU,PATRI,Deputado Estadual,1,2018
0275,51251,ELISA KATSUE TAKAHASHI CARARETO,PATRI,Deputado Estadual,1,2018
0275,51270,OSMAR MENEZES MARQUES,PATRI,Deputado Estadual,0,2018
0275,51300,DEUSDETE PEREIRA MARINHO,PATRI,Deputado Estadual,0,2018
0275,51302,MARCELO BARRETO STERZA,PATRI,Deputado Estadual,0,2018
0275,51322,MARIA ALICE ARAÚJO LIMBERG,PATRI,Deputado Estadual,1,2018
0275,51326,AMANDA SANTOS DA SILVA,PATRI,Deputado Estadual,0,2018
0275,51333,ROBERTO CARDOSO FERREIRA,PATRI,Deputado Estadual,0,2018
0275,51343,ODAIR BENTO FILHO,PATRI,Deputado Estadual,1,2018
0275,51345,HALSE MICHELLINE TAVARES COELHO,PATRI,Deputado Estadual,1,2018
0275,51346,ARY LOPES DA CRUZ,PATRI,Deputado Estadual,0,2018
0275,51351,VALENTIM PEREIRA LIMA,PATRI,Deputado Estadual,0,2018
0275,51353,GIOVANNA MARQUES DOS REIS,PATRI,Deputado Estadual,0,2018
0275,51355,CARLOS ALBERTO PINTO DA SILVA,PATRI,Deputado Estadual,0,2018
0275,51369,PAULO SERGIO BENISSE,PATRI,Deputado Estadual,0,2018
0275,51381,MARIA INÊS GIANINI,PATRI,Deputado Estadual,0,2018
0275,51394,VANDECI LAURENTINO DE OLIVEIRA,PATRI,Deputado Estadual,0,2018
0275,51400,JORGE DONIZETTI RIBEIRO DE MATOS,PATRI,Deputado Estadual,0,2018
0275,51440,WANDERLEY FAVILA,PATRI,Deputado Estadual,0,2018
0275,51444,FERNANDO HENRIQUE FERREIRA,PATRI,Deputado Estadual,0,2018
0275,51445,IRENICE ODETE BARBOSA,PATRI,Deputado Estadual,0,2018
0275,51446,GIULIO BALDI DANTAS,PATRI,Deputado Estadual,2,2018
0275,51451,SAMIR AFONSO MARGONAR,PATRI,Deputado Estadual,3,2018
0275,51455,CLAUDENICE JEFERSINA SANTANA DA SILVA,PATRI,Deputado Estadual,0,2018
0275,51456,JOSE DONISETI GILDO,PATRI,Deputado Estadual,1,2018
0275,51458,MESSIAS JOSÉ DE MORAES,PATRI,Deputado Estadual,0,2018
0275,51460,CICERO MACEDO DA SILVA,PATRI,Deputado Estadual,0,2018
0275,51470,LEANDRO DE JESUS,PATRI,Deputado Estadual,0,2018
0275,51478,MARIA DERLÂNIA LIMA SANTOS,PATRI,Deputado Estadual,0,2018
0275,51479,WILLIAN GALVAO DA SILVA,PATRI,Deputado Estadual,0,2018
0275,51480,MARIA DE LOURDES DE LIMA GUSSONI,PATRI,Deputado Estadual,0,2018
0275,51491,GONZAGA MENDES DE OLIVEIRA,PATRI,Deputado Estadual,0,2018
0275,51500,MARCIO DENER CORAN,PATRI,Deputado Estadual,26,2018
0275,51510,ANGELA MARIA DE OLIVEIRA,PATRI,Deputado Estadual,1,2018
0275,51511,ITAMAR GONÇALVES,PATRI,Deputado Estadual,2,2018
0275,51515,SILNEY MARCOS BERALDO,PATRI,Deputado Estadual,14,2018
0275,51526,ANDRÉ ITALO MAURO,PATRI,Deputado Estadual,0,2018
0275,51531,MAURICIO ANTONIO FOGAÇA,PATRI,Deputado Estadual,0,2018
0275,51533,VALDEMAR DIAS PEREIRA FILHO,PATRI,Deputado Estadual,2,2018
0275,51550,EDSON MACENO,PATRI,Deputado Estadual,2,2018
0275,51551,DIOGENES MORIS MORENO DOS SANTOS,PATRI,Deputado Estadual,1,2018
0275,51555,LUIS ROBERTO TAVARES,PATRI,Deputado Estadual,1,2018
0275,51580,SIMONE APARECIDA SANTOS,PATRI,Deputado Estadual,3,2018
0275,51599,MARCIO XAVIER DA SILVA,PATRI,Deputado Estadual,12,2018
0275,51600,ALMIR DE ALEXANDRES,PATRI,Deputado Estadual,0,2018
0275,51610,JOSÉ EDIMILSON DA SILVA,PATRI,Deputado Estadual,0,2018
0275,51664,ELIABE VENANCIO AIRES,PATRI,Deputado Estadual,0,2018
0275,51678,FLAVIA MARIA DOS ANJOS SILVA,PATRI,Deputado Estadual,0,2018
0275,51686,LAURO MARTINS DE LARA NETO,PATRI,Deputado Estadual,0,2018
0275,51699,PAULO ALVES CORRÊA JUNIOR,PATRI,Deputado Estadual,42,2018
0275,51700,SUELLEN SILVA ROSIM,PATRI,Deputado Estadual,0,2018
0275,51707,MEGIONE BASSETTO DE CASTRO,PATRI,Deputado Estadual,0,2018
0275,51737,LUIZ ALBERTO TEIXEIRA FERREIRA,PATRI,Deputado Estadual,0,2018
0275,51749,RUTE DA COSTA ESMAEL LOPES,PATRI,Deputado Estadual,0,2018
0275,51751,GILVANETE BATISTA DE MORAIS,PATRI,Deputado Estadual,0,2018
0275,51760,LAURINDA FRANCISCA DOS SANTOS,PATRI,Deputado Estadual,0,2018
0275,51762,THIAGO BARBOZA LUZ,PATRI,Deputado Estadual,1,2018
0275,51773,LUIS CARLOS MIRANDA,PATRI,Deputado Estadual,1,2018
0275,51777,MARCO ANTONIO MAURO PORTELLA,PATRI,Deputado Estadual,7,2018
0275,51779,CHALANA MACHADO DOS SANTOS,PATRI,Deputado Estadual,3,2018
0275,51789,ADILSON EUGENIO DE LIMA,PATRI,Deputado Estadual,3,2018
0275,51796,HAYSLAN PIRES GONÇALVES,PATRI,Deputado Estadual,0,2018
0275,51800,MARIA DE LOURDES SANTANA DA CONCEICAO,PATRI,Deputado Estadual,2,2018
0275,51841,SAMUEL DO CARMO,PATRI,Deputado Estadual,0,2018
0275,51851,ERICA NASCIMENTO SILVA,PATRI,Deputado Estadual,0,2018
0275,51852,ANTONIO OLIVA DE ARAUJO,PATRI,Deputado Estadual,0,2018
0275,51877,SONIA APARECIDA GRANITO BARBOSA,PATRI,Deputado Estadual,0,2018
0275,51888,LUCAS DE ASSIS COSTA,PATRI,Deputado Estadual,5,2018
0275,51911,ABEL ELIAS DE CAMARGO,PATRI,Deputado Estadual,0,2018
0275,54007,FERNANDO RODRIGO DE CARVALHO,PPL,Deputado Estadual,1,2018
0275,54019,HELITON ESCORPELI,PPL,Deputado Estadual,6,2018
0275,54035,REGINA MARILIA PRADO MANSSUR,PPL,Deputado Estadual,1,2018
0275,54040,MARCOS ROBERTO OLIVAL DIAS,PPL,Deputado Estadual,0,2018
0275,54051,BENEDITO HONORIO BARBOSA,PPL,Deputado Estadual,0,2018
0275,54119,ROBSON FLORA COSIMATTI,PPL,Deputado Estadual,0,2018
0275,54222,STELIO LEAL PESSANHA,PPL,Deputado Estadual,3,2018
0275,54290,JALMIRA DO CARMO SILVA COELHO,PPL,Deputado Estadual,0,2018
0275,54300,MARIANA NUNES DE MOURA SOUZA,PPL,Deputado Estadual,178,2018
0275,54321,AMELIA RENATA MANARA DOMENI GASTI,PPL,Deputado Estadual,6,2018
0275,54322,JOAO LUIZ LEITE,PPL,Deputado Estadual,1,2018
0275,54333,DANIEL FERNAINE DRAGER,PPL,Deputado Estadual,0,2018
0275,54501,OBERVAN DUNGA DOS SANTOS,PPL,Deputado Estadual,0,2018
0275,54555,EDVALDO HEITOR BORTOLLOTTI,PPL,Deputado Estadual,1,2018
0275,54700,LUIZ CARLOS DA SILVA,PPL,Deputado Estadual,0,2018
0275,54789,ROSLAVIO ALFREDO GRAF JUNIOR,PPL,Deputado Estadual,1,2018
0275,54854,PAULO CESAR CANDIDO BARBOSA,PPL,Deputado Estadual,0,2018
0275,54855,SAMIRA DIAS DA SILVA ALVES,PPL,Deputado Estadual,0,2018
0275,54991,ROSANE OLIVEIRA DA COSTA,PPL,Deputado Estadual,0,2018
0275,54999,RONALDO BARROS DE OLIVEIRA,PPL,Deputado Estadual,1,2018
0275,55000,GUSTAVO RAMOS PERISSINOTTO,PSD,Deputado Estadual,29,2018
0275,55023,FABIO CESAR SATO,PSD,Deputado Estadual,1,2018
0275,55030,LUCIANO ANDRÉ RODRIGUES,PSD,Deputado Estadual,19,2018
0275,55055,RENATO PUPO DE PAULA,PSD,Deputado Estadual,17,2018
0275,55090,CAROLINE STEINMETZ,PSD,Deputado Estadual,115,2018
0275,55100,DIEGO HENRIQUE RODRIGUES MIRANDA,PSD,Deputado Estadual,2,2018
0275,55110,ANTONIO MARCOS DA SILVA POLYCENO,PSD,Deputado Estadual,0,2018
0275,55123,RENATA LEMES DE PAIVA MENDES DA COSTA,PSD,Deputado Estadual,9,2018
0275,55125,MANOEL DAVID KORN DE CARVALHO,PSD,Deputado Estadual,5,2018
0275,55133,JULIANA VIGGIANI VALIO BORGES,PSD,Deputado Estadual,26,2018
0275,55153,MARIA DE LOURDES SOARES,PSD,Deputado Estadual,180,2018
0275,55155,MARINA JAYME DE MELO CARDINALI,PSD,Deputado Estadual,14,2018
0275,55190,ALVARO BATISTA CAMILO,PSD,Deputado Estadual,51,2018
0275,55199,WILMA DE FREITAS MALTA,PSD,Deputado Estadual,0,2018
0275,55200,NELSON SCHREINER JUNIOR,PSD,Deputado Estadual,2,2018
0275,55222,ADOLFO QUINTAS GONÇALVES NETO,PSD,Deputado Estadual,2,2018
0275,55255,ALEXANDRE MILANESE CAMILLO,PSD,Deputado Estadual,77,2018
0275,55321,JONATHAN AMORA DE RAGO,PSD,Deputado Estadual,1,2018
0275,55333,PAULO ROBERTO DE CAMPOS,PSD,Deputado Estadual,3,2018
0275,55400,MARTA MARIA FREIRE DA COSTA,PSD,Deputado Estadual,786,2018
0275,55500,MARCIA WALÉRIA NUNES DE OLIVEIRA DIAS,PSD,Deputado Estadual,10,2018
0275,55555,RITA DE CASSIA TRINCA PASSOS,PSD,Deputado Estadual,38,2018
0275,55655,ROSSANA RODRIGUES ROSSINI CAMACHO,PSD,Deputado Estadual,3,2018
0275,55677,PAULO LUIS SANTOS,PSD,Deputado Estadual,0,2018
0275,55678,FABIO FERNANDO DOS REIS SILVA,PSD,Deputado Estadual,5,2018
0275,55755,LUIZ CARLOS GIANELLI TEIXEIRA,PSD,Deputado Estadual,0,2018
0275,55777,ALEXANDER MUNIZ DE OLIVEIRA,PSD,Deputado Estadual,192,2018
0275,55800,RAFAEL GANZERLI AUAD,PSD,Deputado Estadual,12,2018
0275,55826,CLARICE SILVA BARBOSA,PSD,Deputado Estadual,0,2018
0275,55855,LIVIO ANTONIO GIOSA,PSD,Deputado Estadual,18,2018
0275,55900,KARINA CARLA DA SILVA,PSD,Deputado Estadual,6,2018
0275,55955,PATRICIA DOS REIS TRAVASSOS,PSD,Deputado Estadual,1,2018
0275,65000,LUIS ARAUJO FRANÇA,PC do B,Deputado Estadual,1,2018
0275,65001,GLAUBER DA SILVA,PC do B,Deputado Estadual,3,2018
0275,65005,GLÉDSON ANTONIO DE PROENÇA,PC do B,Deputado Estadual,0,2018
0275,65007,MARISA APARECIDA DE SÁ LIMA,PC do B,Deputado Estadual,0,2018
0275,65008,DECIO DOS SANTOS,PC do B,Deputado Estadual,0,2018
0275,65013,JOSÉ MARCOLINO DA SILVA,PC do B,Deputado Estadual,1,2018
0275,65021,LUIS CARLOS SOARES DE OLIVEIRA,PC do B,Deputado Estadual,0,2018
0275,65022,GENI SALDANHA DOS SANTOS SILVA,PC do B,Deputado Estadual,4,2018
0275,65023,WLADMIR DE SOUZA CARNEIRO,PC do B,Deputado Estadual,697,2018
0275,65024,FABIO ALVES CABRAL,PC do B,Deputado Estadual,0,2018
0275,65030,NADIA MARIA AUGUSTA DE OLIVEIRA JOAQUIM,PC do B,Deputado Estadual,3,2018
0275,65035,LECI BRANDÃO DA SILVA,PC do B,Deputado Estadual,282,2018
0275,65038,ADRIANA COELHO DE OLIVEIRA,PC do B,Deputado Estadual,1,2018
0275,65040,JAMILE RANGEL DA SILVA,PC do B,Deputado Estadual,0,2018
0275,65050,RODRIGO FERNANDO ASSIS DOS SANTOS,PC do B,Deputado Estadual,1,2018
0275,65051,VALERIA CANESTRI,PC do B,Deputado Estadual,0,2018
0275,65065,EDSON GOMES DA SILVA,PC do B,Deputado Estadual,1,2018
0275,65100,ALCIDES AMAZONAS ARAUJO DOS SANTOS,PC do B,Deputado Estadual,3,2018
0275,65105,LUIZ ALBERTO DA SILVA,PC do B,Deputado Estadual,0,2018
0275,65111,RÔMULO KAZIMIERZ LUSZCZYNSKI,PC do B,Deputado Estadual,0,2018
0275,65117,EVELYN CAROLINE LIMA DOS SANTOS PEREIRA,PC do B,Deputado Estadual,0,2018
0275,65121,JORGE ANTONIO DA SILVA,PC do B,Deputado Estadual,1,2018
0275,65123,GUSTAVO LEMOS PETTA,PC do B,Deputado Estadual,1395,2018
0275,65133,IRINEU SEBASTIÃO,PC do B,Deputado Estadual,1,2018
0275,65159,MARIANA ARANTES MASTROROCO,PC do B,Deputado Estadual,0,2018
0275,65161,MIRIAM APARECIDA DA SILVA,PC do B,Deputado Estadual,0,2018
0275,65165,FRANCISCA RODRIGUES BARBOSA BRITTO,PC do B,Deputado Estadual,0,2018
0275,65167,NEIDE LANDE,PC do B,Deputado Estadual,0,2018
0275,65180,CARINA VITRAL COSTA,PC do B,Deputado Estadual,108,2018
0275,65192,JEFFERSON ERECY SANTOS,PC do B,Deputado Estadual,9,2018
0275,65194,SAMIR ANGELO BASSUALDO BENTO,PC do B,Deputado Estadual,0,2018
0275,65200,GICÉLIA DOS SANTOS,PC do B,Deputado Estadual,0,2018
0275,65213,NILSON JOSE GARRIDO,PC do B,Deputado Estadual,0,2018
0275,65222,SIDNEI LUIZ PEREIRA,PC do B,Deputado Estadual,0,2018
0275,65229,NATAL DIAS DE OLIVEIRA,PC do B,Deputado Estadual,0,2018
0275,65230,CINTIA MARA GONÇALVES MUNIZ,PC do B,Deputado Estadual,1,2018
0275,65233,RUTE BARBOSA FERNANDES,PC do B,Deputado Estadual,6,2018
0275,65265,GENIVALDO BARBOSA DOS SANTOS,PC do B,Deputado Estadual,0,2018
0275,65285,LILIAN SOARES ARAUJO SANTANA,PC do B,Deputado Estadual,0,2018
0275,65300,GERALDO MAGELA DA CRUZ,PC do B,Deputado Estadual,0,2018
0275,65321,VANDERLEI SIRAQUE,PC do B,Deputado Estadual,2,2018
0275,65332,CARMEN MIRANDA ALVES PEREIRA,PC do B,Deputado Estadual,0,2018
0275,65333,RODRIGO FIRMINO ROMÃO,PC do B,Deputado Estadual,1,2018
0275,65340,ADRIANA CARDOSO AZEVEDO PERMINIO,PC do B,Deputado Estadual,3,2018
0275,65345,ELENISIO DE ALMEIDA SILVA,PC do B,Deputado Estadual,0,2018
0275,65353,JOSÉ ERIVALDO DA SILVA,PC do B,Deputado Estadual,0,2018
0275,65369,ALBERTO DE SOUZA GOMES,PC do B,Deputado Estadual,21,2018
0275,65379,EUNICE ALVES DE OLIVEIRA NORONHA,PC do B,Deputado Estadual,2,2018
0275,65400,WALTER FERNANDES CANDELARIO,PC do B,Deputado Estadual,0,2018
0275,65420,MARCOS AURÉLIO DOS SANTOS,PC do B,Deputado Estadual,0,2018
0275,65432,BRAZ HENRIQUE TELES,PC do B,Deputado Estadual,0,2018
0275,65444,RAIMUNDO FERREIRA BARROS,PC do B,Deputado Estadual,0,2018
0275,65456,MARCIO JUNIOR BRIANES,PC do B,Deputado Estadual,18,2018
0275,65465,JOSE CLAUDIO DA SILVA VIEIRA,PC do B,Deputado Estadual,0,2018
0275,65475,RENATA CZEKAY,PC do B,Deputado Estadual,0,2018
0275,65500,DOUGLAS ALBERTO SANTOS,PC do B,Deputado Estadual,2,2018
0275,65512,JOÃO ANTONIO DONIZZETTI CARVALHO,PC do B,Deputado Estadual,0,2018
0275,65523,LIOZINA DE ALMEIDA SARAIVA,PC do B,Deputado Estadual,0,2018
0275,65555,VÂNIA REGINA RIBEIRO,PC do B,Deputado Estadual,2,2018
0275,65565,EVELYN CAVALCANTE CARLOS,PC do B,Deputado Estadual,0,2018
0275,65600,JAIR MARMELO CARDOSO DE OLIVEIRA,PC do B,Deputado Estadual,0,2018
0275,65650,HENRIQUE DOMINGUES,PC do B,Deputado Estadual,1,2018
0275,65651,FLAVIO MONTESINOS GODOI,PC do B,Deputado Estadual,0,2018
0275,65653,JEFFERSON FISCHER DA ROCHA,PC do B,Deputado Estadual,0,2018
0275,65654,SERGIO LUIZ ZERBINATO RODRIGUES,PC do B,Deputado Estadual,0,2018
0275,65655,MARCEL FERRAZ CAMILO,PC do B,Deputado Estadual,2,2018
0275,65656,LUIS ALVES DE SOUZA,PC do B,Deputado Estadual,1,2018
0275,65658,SAMUEL GOMES DE JESUS,PC do B,Deputado Estadual,2,2018
0275,65659,KEITH CRISTINE HORTA,PC do B,Deputado Estadual,1,2018
0275,65666,ANTONIO CARLOS FERREIRA DE OLIVEIRA,PC do B,Deputado Estadual,1,2018
0275,65677,GUARACI FERNANDO CAMPOS,PC do B,Deputado Estadual,0,2018
0275,65678,RAFAEL TURRINI PURGATO,PC do B,Deputado Estadual,10,2018
0275,65688,ROBERTO FERREIRA DE MENEZES,PC do B,Deputado Estadual,0,2018
0275,65765,JOÃO HILTON TEIXEIRA,PC do B,Deputado Estadual,0,2018
0275,65777,SAMUEL EUZÉBIO DE OLIVEIRA,PC do B,Deputado Estadual,0,2018
0275,65787,NINA RODRIGUES VIEIRA,PC do B,Deputado Estadual,0,2018
0275,65789,MICHEL RAMIRO CARNEIRO,PC do B,Deputado Estadual,1,2018
0275,65790,JOAQUIM TEODORO GOMA,PC do B,Deputado Estadual,7,2018
0275,65852,EDSON LUIS DE AGUIAR,PC do B,Deputado Estadual,0,2018
0275,65865,GABRIEL SOARES GONÇALVES,PC do B,Deputado Estadual,0,2018
0275,65888,LOURIVALDO PRATES,PC do B,Deputado Estadual,0,2018
0275,65900,SINCLAIR LOPES DE OLIVEIRA,PC do B,Deputado Estadual,0,2018
0275,65945,NEI ROBSON MEDEIROS DE ARAUJO,PC do B,Deputado Estadual,0,2018
0275,65999,EDSON ALEXANDRE PEREIRA,PC do B,Deputado Estadual,0,2018
0275,70000,SIRINEU DE ARAUJO SANTOS,AVANTE,Deputado Estadual,59,2018
0275,70001,LUIZ FÁBIO CRUZ DA SILVA,AVANTE,Deputado Estadual,0,2018
0275,70002,VALDECIRO MAIA DOS SANTOS,AVANTE,Deputado Estadual,1,2018
0275,70003,ROGÉRIO AUGUSTO PAVÃO,AVANTE,Deputado Estadual,0,2018
0275,70004,MARCELO DA SILVA VIEIRA,AVANTE,Deputado Estadual,16,2018
0275,70005,ERALDO PEREIRA DE LIMA,AVANTE,Deputado Estadual,0,2018
0275,70006,MÁRCIO PIMENTEL BENVENUTO,AVANTE,Deputado Estadual,0,2018
0275,70007,JAIRO DOS SANTOS,AVANTE,Deputado Estadual,0,2018
0275,70009,ALEXANDRE MIGUEL COSTA,AVANTE,Deputado Estadual,0,2018
0275,70010,ESDRA BATISTA NASCIMENTO,AVANTE,Deputado Estadual,0,2018
0275,70011,LUCIANO LIMA DE ANDRADE,AVANTE,Deputado Estadual,2,2018
0275,70013,MARCIO CAETANO PEREIRA,AVANTE,Deputado Estadual,0,2018
0275,70014,WEVERSON CARLOS ALMEIDA,AVANTE,Deputado Estadual,0,2018
0275,70016,ANA RAQUEL RICARDO,AVANTE,Deputado Estadual,2,2018
0275,70017,ANDERSON ROGERIO ALVES,AVANTE,Deputado Estadual,1,2018
0275,70018,PATRICIA LUCIA GOUVEIA DA SILVA,AVANTE,Deputado Estadual,0,2018
0275,70020,URIAS GONÇALVES DA SILVA FILHO,AVANTE,Deputado Estadual,0,2018
0275,70022,JEREMIAS ALVES SANTOS,AVANTE,Deputado Estadual,0,2018
0275,70023,MARIA ELIANA NOGUEIRA,AVANTE,Deputado Estadual,0,2018
0275,70026,ROGÉRIO APARECIDO GOMES PIRES,AVANTE,Deputado Estadual,8,2018
0275,70030,GILBERTO ROQUE JACINTO,AVANTE,Deputado Estadual,0,2018
0275,70033,ANTONIO FLAVIO ALMEIDA DE OLIVEIRA,AVANTE,Deputado Estadual,0,2018
0275,70034,PLINIO MARCOS DE LIMA,AVANTE,Deputado Estadual,0,2018
0275,70040,JOSÉ NUNES DE MORAIS,AVANTE,Deputado Estadual,0,2018
0275,70043,DÉBORA DIAS DA SILVA,AVANTE,Deputado Estadual,0,2018
0275,70045,LEANDRO DE SOUZA SERRÃO,AVANTE,Deputado Estadual,0,2018
0275,70047,LAMYS MITRI FERNANDES GOMES,AVANTE,Deputado Estadual,0,2018
0275,70050,EDSON ANTUNES DOS PASSOS,AVANTE,Deputado Estadual,0,2018
0275,70055,MARIETA ANITA DE OLIVEIRA,AVANTE,Deputado Estadual,0,2018
0275,70060,PAULO HENRIQUE EVARISTO,AVANTE,Deputado Estadual,0,2018
0275,70066,CEZAR AUGUSTO DE SOUZA OLIVEIRA,AVANTE,Deputado Estadual,7,2018
0275,70070,EDSON NASCIMENTO DE OLIVEIRA,AVANTE,Deputado Estadual,1,2018
0275,70071,RAFAEL PINHEIRO DOS SANTOS,AVANTE,Deputado Estadual,0,2018
0275,70074,STEPHANY AKIE NAKAMORI NOVAES RIBEIRO,AVANTE,Deputado Estadual,0,2018
0275,70077,ISMERAÍ EGIDIO DA SILVA,AVANTE,Deputado Estadual,0,2018
0275,70078,ANGELICA DA SILVA MOREIRA,AVANTE,Deputado Estadual,0,2018
0275,70080,MICHEL DE ANDRADE BRAZ,AVANTE,Deputado Estadual,0,2018
0275,70088,MICHELE DE JESUS POINA,AVANTE,Deputado Estadual,0,2018
0275,70099,ANTONIO SOARES OLIVEIRA,AVANTE,Deputado Estadual,0,2018
0275,70100,WILLIAM ALI CHAIM,AVANTE,Deputado Estadual,2,2018
0275,70110,NILTON DANTAS,AVANTE,Deputado Estadual,0,2018
0275,70111,AURELIO SANTUCCI,AVANTE,Deputado Estadual,1,2018
0275,70117,VALTER CORRÊA JUNIOR,AVANTE,Deputado Estadual,2,2018
0275,70121,VALDÍVIO JOSÉ DE LIMA,AVANTE,Deputado Estadual,0,2018
0275,70123,FRANCISCO ESMERALDO FELIPE CARNEIRO,AVANTE,Deputado Estadual,2,2018
0275,70141,ZÊNIA PEREIRA DE ANDRADE SOUSA,AVANTE,Deputado Estadual,1,2018
0275,70147,ÂNGELA MARIA MAGALHÃES,AVANTE,Deputado Estadual,0,2018
0275,70156,EDNA GONÇALVES DA SILVA,AVANTE,Deputado Estadual,0,2018
0275,70170,RICARDO DA SILVA SAIBRO,AVANTE,Deputado Estadual,0,2018
0275,70176,KAMEL MURCHED,AVANTE,Deputado Estadual,0,2018
0275,70177,DANIEL RODRIGUES DE QUEIROZ JUNIOR,AVANTE,Deputado Estadual,0,2018
0275,70188,SIDNEY MATOS DE SOUZA,AVANTE,Deputado Estadual,0,2018
0275,70190,RUBENS CLAUDIO SIQUEIRA NERI,AVANTE,Deputado Estadual,11,2018
0275,70192,SANDRA DE OLIVEIRA SILVA,AVANTE,Deputado Estadual,0,2018
0275,70200,JOÃO CARLOS ANDRÉ,AVANTE,Deputado Estadual,0,2018
0275,70210,ANTÔNIO JOSÉ DE SOUZA SANTOS,AVANTE,Deputado Estadual,1,2018
0275,70222,REGINÉIA LEMES TAVARES,AVANTE,Deputado Estadual,0,2018
0275,70227,ERICA CRISTINA VIARO,AVANTE,Deputado Estadual,0,2018
0275,70234,FÁBIO SILVA MOREIRA,AVANTE,Deputado Estadual,4,2018
0275,70255,OTONIEL FERREIRA DE LIMA,AVANTE,Deputado Estadual,0,2018
0275,70270,MARCOS DE ARAÚJO HAGA,AVANTE,Deputado Estadual,0,2018
0275,70277,GERMANO VETTAS,AVANTE,Deputado Estadual,0,2018
0275,70300,CLAUDIO INÁCIO,AVANTE,Deputado Estadual,0,2018
0275,70321,ALMIR ROBERTO CICOTE,AVANTE,Deputado Estadual,1,2018
0275,70333,CRISTIANO GASPERINE,AVANTE,Deputado Estadual,0,2018
0275,70341,LUIZ CARLOS DOS ANJOS FREITAS,AVANTE,Deputado Estadual,0,2018
0275,70343,JOSÉ VALMIR MENDES DA SILVA,AVANTE,Deputado Estadual,0,2018
0275,70345,JOSÉ CARLOS DA SILVA,AVANTE,Deputado Estadual,0,2018
0275,70369,PAULO HENRIQUE COELHO MARBACK D OLIVEIRA,AVANTE,Deputado Estadual,0,2018
0275,70370,SALVADOR ALVES DOS SANTOS,AVANTE,Deputado Estadual,0,2018
0275,70389,CLAUDIO GOMES DE ARAUJO JUNIOR,AVANTE,Deputado Estadual,1,2018
0275,70400,ELIZEU MARTINS FELICIANO,AVANTE,Deputado Estadual,0,2018
0275,70432,EDNA FRANCISCO COSTA BEZERRA,AVANTE,Deputado Estadual,0,2018
0275,70440,JOSÉ DE SOUZA NOGUEIRA,AVANTE,Deputado Estadual,0,2018
0275,70444,SANDERSON RIBEIRO CORREIA DE LIMA,AVANTE,Deputado Estadual,0,2018
0275,70445,SUELY MARIA DE PAULO RODRIGUES,AVANTE,Deputado Estadual,0,2018
0275,70447,KEILA ZIBORDI MORAES CARVALHO,AVANTE,Deputado Estadual,0,2018
0275,70456,CLÉLIA GOMES DA SILVA,AVANTE,Deputado Estadual,6,2018
0275,70470,JÔNATAS TABORDA,AVANTE,Deputado Estadual,4,2018
0275,70500,ALESSANDRO PEREIRA DOS SANTOS,AVANTE,Deputado Estadual,2,2018
0275,70543,GIRLENE DO SOCORRO BARBOSA MAIA,AVANTE,Deputado Estadual,0,2018
0275,70555,CARLOS ALBERTO MARIANO,AVANTE,Deputado Estadual,0,2018
0275,70557,EDSON NEVES GALINDO,AVANTE,Deputado Estadual,3,2018
0275,70565,EDILEUSA MARIA ALVES DO NASCIMENTO,AVANTE,Deputado Estadual,0,2018
0275,70567,ISABEL SILVA GASPAR DE MORAIS,AVANTE,Deputado Estadual,0,2018
0275,70570,EDIVALDO APARECIDO CORREA,AVANTE,Deputado Estadual,0,2018
0275,70577,EXPEDITO CARLOS DE SOUZA,AVANTE,Deputado Estadual,30,2018
0275,70600,CARLOS ALBERTO DE ARRUDA,AVANTE,Deputado Estadual,0,2018
0275,70610,AXEL GUILHERME BATTISSACCO LUZ,AVANTE,Deputado Estadual,0,2018
0275,70642,ALESSANDRO AMORIM DE OLIVEIRA,AVANTE,Deputado Estadual,1,2018
0275,70648,IDEVAL FUENTE ALBA,AVANTE,Deputado Estadual,0,2018
0275,70654,GUNTHER SCHWEITZER,AVANTE,Deputado Estadual,1,2018
0275,70657,CLAUDIO VITORINO DA SILVA,AVANTE,Deputado Estadual,0,2018
0275,70667,IVAN ALVES FERREIRA,AVANTE,Deputado Estadual,0,2018
0275,70670,WALTER PEREIRA FERREIRA,AVANTE,Deputado Estadual,12,2018
0275,70677,JOSÉ LUIZ DE ALMEIDA,AVANTE,Deputado Estadual,0,2018
0275,70678,ANTONIO GOMES DA SILVA,AVANTE,Deputado Estadual,0,2018
0275,70700,DANIEL ALVES REQUEJO,AVANTE,Deputado Estadual,2,2018
0275,70707,ORIVALDO ROBERTO OLIVEIRA DA SILVA,AVANTE,Deputado Estadual,0,2018
0275,70717,JOSÉ FERNANDO APPEZZATO,AVANTE,Deputado Estadual,0,2018
0275,70720,JOICE APARECIDA GOMES DA CRUZ,AVANTE,Deputado Estadual,0,2018
0275,70727,LUCIANE MACHADO DA CUNHA SOUZA,AVANTE,Deputado Estadual,0,2018
0275,70730,LIDIANNE BATISTA FERNANDES,AVANTE,Deputado Estadual,0,2018
0275,70737,MICHELLE APARECIDA LAFAIETE CORRÊA DOS SANTOS,AVANTE,Deputado Estadual,1,2018
0275,70747,ELIETE DE MIRANDA MACHADO,AVANTE,Deputado Estadual,0,2018
0275,70753,MARCO ANTONIO DA SILVA EVARISTO,AVANTE,Deputado Estadual,1,2018
0275,70757,PAULA VIVIAN DE MORAES,AVANTE,Deputado Estadual,0,2018
0275,70767,PEDRO PAULO DIAS DE ANDRADE,AVANTE,Deputado Estadual,0,2018
0275,70770,CAMILO DE LELES FERNANDES,AVANTE,Deputado Estadual,1,2018
0275,70777,CAMILA PINTO DA SILVA,AVANTE,Deputado Estadual,2,2018
0275,70778,JEAN CARLOS HERZOGENRATH DE BRITO,AVANTE,Deputado Estadual,0,2018
0275,70787,MARCOS AURÉLIO MONTEMOR JUNIOR,AVANTE,Deputado Estadual,0,2018
0275,70789,MARCOS EDUARDO RODRIGUES,AVANTE,Deputado Estadual,0,2018
0275,70797,VALDEMIR SILVA FERREIRA,AVANTE,Deputado Estadual,0,2018
0275,70800,MIGUEL CARMINE GIANETTI NETTO,AVANTE,Deputado Estadual,2,2018
0275,70870,CARLOS BARBOSA GUIMARÃES SANTOS,AVANTE,Deputado Estadual,0,2018
0275,70877,ANDERSON JOSÉ FRANCISCO,AVANTE,Deputado Estadual,0,2018
0275,70888,BEIJOMAR GOMES DE OLIVEIRA,AVANTE,Deputado Estadual,0,2018
0275,70956,LUIZ HENRIQUE CORONADO DA PAZ,AVANTE,Deputado Estadual,1,2018
0275,70966,ROSEMARIO MARTINS BERNADINO,AVANTE,Deputado Estadual,0,2018
0275,70970,PAULO LUIS BATISTA,AVANTE,Deputado Estadual,0,2018
0275,70977,PAULO TADEU MARTINS JUSSIO,AVANTE,Deputado Estadual,0,2018
0275,70987,LUCINEIDE DA CONCEIÇÃO LIMA,AVANTE,Deputado Estadual,19,2018
0275,70999,LEONARDO ALVES RIBEIRO,AVANTE,Deputado Estadual,0,2018
0275,77001,ADEMIR DA PENHA CLEMENTE,SOLIDARIEDADE,Deputado Estadual,1,2018
0275,77002,SIDNEY LUIZ DA CRUZ,SOLIDARIEDADE,Deputado Estadual,3,2018
0275,77020,OSVALDO NUNES PEREIRA,SOLIDARIEDADE,Deputado Estadual,0,2018
0275,77021,VIVIAN ALBUQUERQUE SÁ,SOLIDARIEDADE,Deputado Estadual,2,2018
0275,77063,MARIA LUISA FRANCO DE GODOY,SOLIDARIEDADE,Deputado Estadual,1,2018
0275,77077,ANDRÉ LUIS PALADINO,SOLIDARIEDADE,Deputado Estadual,2,2018
0275,77100,TELMA REGINA DA CUNHA GOBBI FRANCISCHONE,SOLIDARIEDADE,Deputado Estadual,8,2018
0275,77111,GERALDO PEREIRA DE OLIVEIRA,SOLIDARIEDADE,Deputado Estadual,12,2018
0275,77112,VERA LÚCIA ROSA DIAS,SOLIDARIEDADE,Deputado Estadual,0,2018
0275,77118,JOSÉ SEBASTIÃO DE OLIVEIRA,SOLIDARIEDADE,Deputado Estadual,0,2018
0275,77121,WAGNER RIBEIRO GOMES,SOLIDARIEDADE,Deputado Estadual,0,2018
0275,77123,DAVID MARTINS DE CARVALHO,SOLIDARIEDADE,Deputado Estadual,5,2018
0275,77135,EDILSON FERREIRA,SOLIDARIEDADE,Deputado Estadual,0,2018
0275,77138,TANIA CRISTINA MARTINS SILVA,SOLIDARIEDADE,Deputado Estadual,0,2018
0275,77144,VERA LÚCIA DONDA SIMPLÍCIO BENTO,SOLIDARIEDADE,Deputado Estadual,0,2018
0275,77147,GEORGES HABIB JARROUGE,SOLIDARIEDADE,Deputado Estadual,18,2018
0275,77154,FLORISA BATISTA DE ALMEIDA,SOLIDARIEDADE,Deputado Estadual,0,2018
0275,77160,MANOEL DONIZETTI CONCEIÇÃO,SOLIDARIEDADE,Deputado Estadual,1,2018
0275,77170,BENJAMIM DOS SANTOS CARVALHO,SOLIDARIEDADE,Deputado Estadual,0,2018
0275,77177,MARCIA CARDOSO PINTO,SOLIDARIEDADE,Deputado Estadual,0,2018
0275,77178,GERALDO RODRIGUES DE SOUZA,SOLIDARIEDADE,Deputado Estadual,0,2018
0275,77192,NIVALDO LUIS RODRIGUES,SOLIDARIEDADE,Deputado Estadual,10,2018
0275,77222,CARLOS GARCIA BALADO,SOLIDARIEDADE,Deputado Estadual,0,2018
0275,77242,NAURA BATISTA FRANÇA,SOLIDARIEDADE,Deputado Estadual,0,2018
0275,77250,ARACI DE OLIVEIRA,SOLIDARIEDADE,Deputado Estadual,1,2018
0275,77300,MARCELO BENEDITO DE ARAUJO,SOLIDARIEDADE,Deputado Estadual,0,2018
0275,77345,JOSE ROBERTO MENDONÇA,SOLIDARIEDADE,Deputado Estadual,1,2018
0275,77377,SÔNIA MARIA ESTEVES DOS SANTOS SOUSA,SOLIDARIEDADE,Deputado Estadual,4,2018
0275,77381,SANDRA ROSANA JERÔNIMO DE FRANÇA,SOLIDARIEDADE,Deputado Estadual,0,2018
0275,77400,GLEYSON FARNEY LIMA DIAS,SOLIDARIEDADE,Deputado Estadual,0,2018
0275,77407,ISABEL CRISTINA VIEIRA,SOLIDARIEDADE,Deputado Estadual,0,2018
0275,77416,ROBSON DUARTE DA COSTA,SOLIDARIEDADE,Deputado Estadual,0,2018
0275,77500,IVANETE ANTONIA DA COSTA,SOLIDARIEDADE,Deputado Estadual,2,2018
0275,77688,JOÃO BATISTA SILVA,SOLIDARIEDADE,Deputado Estadual,0,2018
0275,77690,ALEXANDRE MARTINS RICCI,SOLIDARIEDADE,Deputado Estadual,1,2018
0275,77700,EDISON DIAS JUNIOR,SOLIDARIEDADE,Deputado Estadual,3,2018
0275,77747,CARLOS VICENTE DE OLIVEIRA,SOLIDARIEDADE,Deputado Estadual,7,2018
0275,77771,JAILSON TORRES MACARIO,SOLIDARIEDADE,Deputado Estadual,0,2018
0275,77775,WESLEY RENATO BRAMBILLA GRACINO DE OLIVEIRA,SOLIDARIEDADE,Deputado Estadual,0,2018
0275,77777,ALEXANDRE PEREIRA DA SILVA,SOLIDARIEDADE,Deputado Estadual,50,2018
0275,77787,JOSÉ VELOZO,SOLIDARIEDADE,Deputado Estadual,0,2018
0275,77877,CLODOALDO MACIEL FILHO,SOLIDARIEDADE,Deputado Estadual,0,2018
0275,77880,MARIA NILVA SEVERINO GONÇALVES,SOLIDARIEDADE,Deputado Estadual,0,2018
0275,77888,NIELTON CARVALHO DE MATOS,SOLIDARIEDADE,Deputado Estadual,0,2018
0275,77889,DINÁ MARIA FERREIRA,SOLIDARIEDADE,Deputado Estadual,0,2018
0275,77890,JOSE DE AMORIM OLIVEIRA,SOLIDARIEDADE,Deputado Estadual,0,2018
0275,77900,DIEGO RODRIGO NEVES MAGALHÃES,SOLIDARIEDADE,Deputado Estadual,0,2018
0275,77987,ALINE MARIA DE MOURA,SOLIDARIEDADE,Deputado Estadual,1,2018
0275,77999,DENIZE JUNQUEIRA DE LIMA,SOLIDARIEDADE,Deputado Estadual,0,2018
0275,90000,IOANNIS EVANGELOS KATSAKIS,PROS,Deputado Estadual,2,2018
0275,90001,JOSELITO DE SOUSA LIMA,PROS,Deputado Estadual,1,2018
0275,90002,MARCELO PENHA DE SOUZA FERRAZ,PROS,Deputado Estadual,141,2018
0275,90003,ILMAR CÉSAR CAVALCANTI MUNIZ,PROS,Deputado Estadual,0,2018
0275,90004,SUELI HELENA RODRIGUES,PROS,Deputado Estadual,2,2018
0275,90006,ROSÂNGELA APARECIDA DE LIMA,PROS,Deputado Estadual,0,2018
0275,90009,LUCELENE LOPES,PROS,Deputado Estadual,0,2018
0275,90010,ELIANE MARESCALCHI BRITO,PROS,Deputado Estadual,0,2018
0275,90011,MARIA CRISTINA DE PAULA LEITE GOUVÊA,PROS,Deputado Estadual,0,2018
0275,90012,EDUARDO FERREIRA,PROS,Deputado Estadual,0,2018
0275,90013,JULIO HENRIQUE FLORENCIO DE MELO,PROS,Deputado Estadual,2,2018
0275,90015,GILBERTO PEREIRA DOS SANTOS,PROS,Deputado Estadual,0,2018
0275,90016,LUCAS DE FARIA NERY DANIEL,PROS,Deputado Estadual,0,2018
0275,90018,PEDRO APARECIDO TONETTI,PROS,Deputado Estadual,2,2018
0275,90019,AILTON JOSE DA SILVA,PROS,Deputado Estadual,0,2018
0275,90020,MARCOS GALESI,PROS,Deputado Estadual,1,2018
0275,90021,RUBENS MOREIRA DA SILVA,PROS,Deputado Estadual,0,2018
0275,90022,ALESSANDRA MATOS,PROS,Deputado Estadual,2,2018
0275,90024,BRAZ ANASTACIO DA SILVA,PROS,Deputado Estadual,0,2018
0275,90033,ANA MARIA SOUZA GONÇALVES,PROS,Deputado Estadual,0,2018
0275,90038,MAURICIO TEIXEIRA ALVES,PROS,Deputado Estadual,0,2018
0275,90040,APARECIDO SOUZA SANTOS,PROS,Deputado Estadual,197,2018
0275,90044,REGIANE MARA VEIGA ALONSO,PROS,Deputado Estadual,0,2018
0275,90045,VALQUIRIA ALVES MOREIRA,PROS,Deputado Estadual,0,2018
0275,90050,MARCOS CORREA,PROS,Deputado Estadual,0,2018
0275,90051,MARIA GORETTI AGUIAR ALENCAR,PROS,Deputado Estadual,1,2018
0275,90053,EVANDRO GIORA,PROS,Deputado Estadual,4,2018
0275,90068,SILVIO CEZAR FERRAIOLI,PROS,Deputado Estadual,0,2018
0275,90077,ANDREIA SANTINA CAPATTO,PROS,Deputado Estadual,0,2018
0275,90086,CAMILA CORREA TOLEDO,PROS,Deputado Estadual,0,2018
0275,90090,VALDENICE ANCELMO SOARES,PROS,Deputado Estadual,0,2018
0275,90095,EVERALDO JOSÉ DA SILVA,PROS,Deputado Estadual,0,2018
0275,90100,VALDEMIR SARTORI DA SILVA,PROS,Deputado Estadual,0,2018
0275,90107,EURICO GONÇALVES FILHO,PROS,Deputado Estadual,0,2018
0275,90110,MARCIO DOS SANTOS RODRIGUES,PROS,Deputado Estadual,0,2018
0275,90111,ANTONIO RODRIGUES DE SOUSA,PROS,Deputado Estadual,0,2018
0275,90112,JOSE BRITO CAVALCANTE FILHO,PROS,Deputado Estadual,0,2018
0275,90113,ROSEMEIRE RIBEIRO CASTILHO,PROS,Deputado Estadual,0,2018
0275,90115,ELIZABETH DUTRA DA SILVA,PROS,Deputado Estadual,0,2018
0275,90120,JOSÉ ALECXANDRO DA SILVA,PROS,Deputado Estadual,0,2018
0275,90121,RUTE SATIKO VIEIRA RIBEIRO,PROS,Deputado Estadual,1,2018
0275,90123,EZEQUIEL DE SOUZA DAMASCENO,PROS,Deputado Estadual,1,2018
0275,90128,DENIS AMBROSIO DA SILVA,PROS,Deputado Estadual,0,2018
0275,90130,EDNEI PROCÓPIO DOS SANTOS,PROS,Deputado Estadual,0,2018
0275,90131,ANTONIO MARCOS GOMES SENA,PROS,Deputado Estadual,1,2018
0275,90139,FLAVIO LOPES ALVES,PROS,Deputado Estadual,0,2018
0275,90144,JOSE ANTONIO DOS SANTOS,PROS,Deputado Estadual,0,2018
0275,90147,FLAVIO LUIZ EUGENIO BASTOS,PROS,Deputado Estadual,0,2018
0275,90158,RITA DE CASSIA DA SILVA VASCONCELOS,PROS,Deputado Estadual,0,2018
0275,90177,WILLAMS ALVES DA SILVA,PROS,Deputado Estadual,1,2018
0275,90181,ANTONIO CARLOS RENOR,PROS,Deputado Estadual,0,2018
0275,90188,LEANDRO LEME CAMARGO,PROS,Deputado Estadual,0,2018
0275,90190,ADRIANA SANCHES GALDEANO BORGO,PROS,Deputado Estadual,222,2018
0275,90192,FABIANO JOSE SANTOS LOURENÇO,PROS,Deputado Estadual,0,2018
0275,90193,GALENO ROSA,PROS,Deputado Estadual,2,2018
0275,90194,ANDRÉA MARIA DOS SANTOS,PROS,Deputado Estadual,3,2018
0275,90198,MARCIAL MARAJA MARCELINO,PROS,Deputado Estadual,0,2018
0275,90200,JOSE GARRIS DEL VALLE,PROS,Deputado Estadual,0,2018
0275,90204,LOURDES GENEROSO,PROS,Deputado Estadual,0,2018
0275,90211,VALDECIR MOREIRA DE BRITO,PROS,Deputado Estadual,0,2018
0275,90217,MARCOS DE AZEVEDO CARNEIRO,PROS,Deputado Estadual,0,2018
0275,90221,ANTONIO CARLOS PEREIRA DA SILVA,PROS,Deputado Estadual,0,2018
0275,90222,MARCELO PEREIRA GUIDIO,PROS,Deputado Estadual,0,2018
0275,90233,JOSE ROBERTO BEILSTREIN,PROS,Deputado Estadual,0,2018
0275,90235,EDSON FERRARINI,PROS,Deputado Estadual,1,2018
0275,90247,DÉBORA CRISTINA DA MOTA,PROS,Deputado Estadual,0,2018
0275,90281,ANDERSON OLIVEIRA DA SILVA,PROS,Deputado Estadual,0,2018
0275,90290,LUCIANA APARECIDA FRAGOSO DA SILVA,PROS,Deputado Estadual,0,2018
0275,90300,JOSE GOMES DE OLIVEIRA NETO,PROS,Deputado Estadual,0,2018
0275,90304,JOSEFA ALVES LEITE DOS SANTOS,PROS,Deputado Estadual,0,2018
0275,90312,WELINGTON ZACARIAS TISANO,PROS,Deputado Estadual,0,2018
0275,90321,BENEDITO AUGUSTO DOS SANTOS,PROS,Deputado Estadual,0,2018
0275,90322,GIVALDO JOSE DA SILVA,PROS,Deputado Estadual,0,2018
0275,90333,ROBERTO BASTOS DE OLIVEIRA JUNIOR,PROS,Deputado Estadual,14,2018
0275,90336,LUCAS JULIANO SUSCO,PROS,Deputado Estadual,0,2018
0275,90345,DAVID SANTANA DA SILVA,PROS,Deputado Estadual,0,2018
0275,90350,MARCELO DA SILVA,PROS,Deputado Estadual,0,2018
0275,90357,WALDMIRIAN WELLNER CRUZ,PROS,Deputado Estadual,0,2018
0275,90366,NELSON VALVERDE DIAS,PROS,Deputado Estadual,0,2018
0275,90367,EDNA APARECIDA DOS SANTOS,PROS,Deputado Estadual,0,2018
0275,90375,GILVAN APARECIDO FERNANDES ASNAR,PROS,Deputado Estadual,0,2018
0275,90378,GISLENE MEIRELES DOS SANTOS,PROS,Deputado Estadual,0,2018
0275,90390,RENATO DA SILVA,PROS,Deputado Estadual,0,2018
0275,90400,FATIMA APARECIDA FERREIRA,PROS,Deputado Estadual,0,2018
0275,90417,FABIO NASCIMENTO DE LIMA,PROS,Deputado Estadual,0,2018
0275,90420,ALESSANDRA MARTINS GONÇALVES,PROS,Deputado Estadual,4,2018
0275,90432,ELIFAS EUPHRASIO,PROS,Deputado Estadual,1,2018
0275,90440,DANIEL GIROTTO,PROS,Deputado Estadual,13,2018
0275,90444,VIRGINIA DE JESUS GONZALEZ,PROS,Deputado Estadual,4,2018
0275,90450,ROBSON DE OLIVEIRA,PROS,Deputado Estadual,0,2018
0275,90451,HARLEY HECTOR VICENTE,PROS,Deputado Estadual,0,2018
0275,90456,CARLOS HENRIQUE DOS SANTOS,PROS,Deputado Estadual,2,2018
0275,90457,SERGIO FORNAZARI,PROS,Deputado Estadual,0,2018
0275,90497,FABIOLA CARDI,PROS,Deputado Estadual,0,2018
0275,90500,SALOMAO PEREIRA DA SILVA,PROS,Deputado Estadual,1,2018
0275,90501,ALEXSSANDER DE OLIVEIRA,PROS,Deputado Estadual,0,2018
0275,90508,BENEDITA SUELI DE TOLEDO DIAS,PROS,Deputado Estadual,0,2018
0275,90511,KLEBER ADELIPIO BARROS SANTOS,PROS,Deputado Estadual,0,2018
0275,90523,CÉLIA BRITO GARCIA,PROS,Deputado Estadual,0,2018
0275,90531,MARIA DAS NEVES SILVA DE JESUS,PROS,Deputado Estadual,0,2018
0275,90543,MARCOS DE AZEVEDO,PROS,Deputado Estadual,1,2018
0275,90545,JOAQUIM GRACA NETO,PROS,Deputado Estadual,0,2018
0275,90550,BENEDITA DE CAMARGO,PROS,Deputado Estadual,2,2018
0275,90555,LERYANE MARQUES DE ARAUJO BLASZKOWSKI,PROS,Deputado Estadual,7,2018
0275,90567,CICERO FLORIANO PIRES ALVES,PROS,Deputado Estadual,2,2018
0275,90600,REGINALDO APARECIDO BATISTA,PROS,Deputado Estadual,0,2018
0275,90620,AMARO XIMENES DE MELO,PROS,Deputado Estadual,0,2018
0275,90633,LEANDRO VALDO DE ALMEIDA LIMA,PROS,Deputado Estadual,0,2018
0275,90666,HAMILTON ALVES FERNANDES,PROS,Deputado Estadual,0,2018
0275,90687,RUTH MARCELINA CAETANO UGUCIONE,PROS,Deputado Estadual,1,2018
0275,90690,SEBASTIAO CARLOS DA SILVA,PROS,Deputado Estadual,0,2018
0275,90693,VALDINEI FELIX DOS SANTOS,PROS,Deputado Estadual,0,2018
0275,90699,CRISTIANO PINTO FERREIRA,PROS,Deputado Estadual,0,2018
0275,90700,IDERNANI GOMES DO CARMO,PROS,Deputado Estadual,0,2018
0275,90741,GERSON DA CUNHA,PROS,Deputado Estadual,0,2018
0275,90764,ANDREA DUL,PROS,Deputado Estadual,9,2018
0275,90765,MARCOS ANTONIO PEREIRA DA SILVA,PROS,Deputado Estadual,0,2018
0275,90773,ALEX PAULO,PROS,Deputado Estadual,1,2018
0275,90777,MONICA BERBEL ROCHA,PROS,Deputado Estadual,0,2018
0275,90789,CELSO DE SOUZA FILHO,PROS,Deputado Estadual,0,2018
0275,90790,ADEILDO REIS DOS SANTOS,PROS,Deputado Estadual,12,2018
0275,90810,JOSE IDAILSON PEREIRA DOS SANTOS,PROS,Deputado Estadual,0,2018
0275,90822,HERALDO LOPES GUIMARÃES,PROS,Deputado Estadual,12,2018
0275,90852,CARLOS ALBERTO FIGUEIREDO SANTANA,PROS,Deputado Estadual,0,2018
0275,90888,WALDIR JOSE SCHIAVON JUNIOR,PROS,Deputado Estadual,1,2018
0275,90890,JEFFERSON RIPI DA SILVA,PROS,Deputado Estadual,0,2018
0275,90900,EDUARDO LUIZ GREGORIO,PROS,Deputado Estadual,2,2018
0275,90902,IDEVANIR ARCANJO DE SOUZA,PROS,Deputado Estadual,3,2018
0275,90909,JOSEFA CONCEICAO OLIVEIRA SILVA LABELA,PROS,Deputado Estadual,1,2018
0275,90910,GILSON APARECIDO ZANLUCHI,PROS,Deputado Estadual,0,2018
0275,90911,ROGÉRIO VALDECI DE LIMA,PROS,Deputado Estadual,0,2018
0275,90922,IRANILDO DANTAS,PROS,Deputado Estadual,0,2018
0275,90951,JULIANA GARCIA LORENCETTI,PROS,Deputado Estadual,2,2018
0275,90971,MARIA EVANGELISTA GOMES BATISTA,PROS,Deputado Estadual,0,2018
0275,90977,GIOVANI CORREIA DOS SANTOS,PROS,Deputado Estadual,0,2018
0275,90987,FABIO DO CARMO SANTOS,PROS,Deputado Estadual,0,2018
0275,90990,RICARDO LEITE,PROS,Deputado Estadual,3,2018
0275,90996,ISABEL CRISTINA DA SILVA CALDERONE,PROS,Deputado Estadual,0,2018
0275,90999,GIRLÊNIO GOMES DE OLIVEIRA,PROS,Deputado Estadual,4,2018
0378,10000,JORGE WILSON GONÇALVES DE MATTOS,PRB,Deputado Estadual,632,2018
0378,10005,MARCIA ROZANA FIDELIS,PRB,Deputado Estadual,0,2018
0378,10012,ONANCIARA RODRIGUES FERNANDEZ,PRB,Deputado Estadual,0,2018
0378,10100,AILDO RODRIGUES FERREIRA,PRB,Deputado Estadual,8,2018
0378,10101,HÉLIO APARECIDO DE GODOY,PRB,Deputado Estadual,3,2018
0378,10111,WELLINGTON DE SOUZA MOURA,PRB,Deputado Estadual,9,2018
0378,10123,GILMACI DOS SANTOS BARBOSA,PRB,Deputado Estadual,2893,2018
0378,10133,JOSÉ DOMINGOS BITTENCOURT,PRB,Deputado Estadual,4,2018
0378,10148,SILVIA CRISTINA ASPRINO SOARES,PRB,Deputado Estadual,1,2018
0378,10190,DAVID SEVERINO DA SILVA JUNIOR,PRB,Deputado Estadual,1,2018
0378,10200,ELIAS REZEK AJUB,PRB,Deputado Estadual,3,2018
0378,10300,LUCIANA GISELE DE OLIVEIRA ALVES DA SILVA,PRB,Deputado Estadual,2,2018
0378,10321,SEBASTIÃO DOS SANTOS FILHO,PRB,Deputado Estadual,6,2018
0378,10333,ALTAIR MORAES DE OLIVEIRA,PRB,Deputado Estadual,29,2018
0378,10444,MARCO AURÉLIO PEGOLO DOS SANTOS,PRB,Deputado Estadual,1,2018
0378,10456,EDNA BEZERRA SAMPAIO FERNANDES,PRB,Deputado Estadual,7,2018
0378,10500,MARCOS COUTO DOS SANTOS,PRB,Deputado Estadual,1,2018
0378,10555,MÁRCIO JOSÉ DE OLIVEIRA,PRB,Deputado Estadual,4,2018
0378,10600,WILLIAM NUNES AFFONSO,PRB,Deputado Estadual,1,2018
0378,10777,VALÉRIA APARECIDA MESSIAS LIMA,PRB,Deputado Estadual,46,2018
0378,10789,DAYANI APARECIDA ESCROQUE,PRB,Deputado Estadual,2,2018
0378,10900,VESPASIANO SAULO DA COSTA E SILVA,PRB,Deputado Estadual,1,2018
0378,10999,FRANCISCO JOSÉ LANG FERNANDES DE OLIVEIRA,PRB,Deputado Estadual,10,2018
0378,11000,KENNY PIRES MENDES,PP,Deputado Estadual,73,2018
0378,11011,EDUARDO BOIGUES QUEROZ,PP,Deputado Estadual,20,2018
0378,11012,VITO ARDITO LERÁRIO,PP,Deputado Estadual,2,2018
0378,11023,EDUARDO VIEIRA PETROV,PP,Deputado Estadual,7,2018
0378,11057,MARTA DE PAULA TEIXEIRA DI PIPI,PP,Deputado Estadual,6,2018
0378,11111,ANTONIO CARLOS ESPER CURIATI,PP,Deputado Estadual,80,2018
0378,11123,ALESSANDRA REGINA BEGALLI ZAMORA,PP,Deputado Estadual,242,2018
0378,11138,ROBERVAL CONTE LOPES LIMA,PP,Deputado Estadual,320,2018
0378,11190,PAULO ADRIANO LOPES LUCINDA TELHADA,PP,Deputado Estadual,950,2018
0378,11200,EDUARDO ROZ,PP,Deputado Estadual,52,2018
0378,11222,FABIO SARTORI MANFRINATO,PP,Deputado Estadual,13,2018
0378,11258,MARCIO APARECIDO MARTINS,PP,Deputado Estadual,1,2018
0378,11650,PAULO ROBERTO CECCHINATO,PP,Deputado Estadual,2,2018
0378,11777,ANTONIO ASSUNÇÃO DE OLIM,PP,Deputado Estadual,614,2018
0378,12000,GABRIEL CASSIANO CARVALHO NEVES FINZETTO,PDT,Deputado Estadual,46,2018
0378,12001,SOLANGE MARIA TEODORO,PDT,Deputado Estadual,10,2018
0378,12007,ROBSON APARECIDO PRIMO,PDT,Deputado Estadual,34,2018
0378,12011,ALEXANDRIA BUENO DA SILVA,PDT,Deputado Estadual,9,2018
0378,12012,MARINA LUIZA RODRIGUES MOLINA LOPES,PDT,Deputado Estadual,84,2018
0378,12022,RONALDO FLORIDO DE OLIVEIRA,PDT,Deputado Estadual,1,2018
0378,12051,RIVALDO APARECIDO DE OLIVEIRA,PDT,Deputado Estadual,1,2018
0378,12066,MAISA CARMAGNANI MESSIAS,PDT,Deputado Estadual,0,2018
0378,12077,RITA DE CASSIA SOUSA SANTOS,PDT,Deputado Estadual,2,2018
0378,12081,AUGUSTO CESAR CORREA NETO,PDT,Deputado Estadual,0,2018
0378,12091,VERA LUCIA RIBEIRO DOS REIS MORENO,PDT,Deputado Estadual,0,2018
0378,12100,DIMAS DE PAULA INACIO,PDT,Deputado Estadual,5,2018
0378,12111,SERGIO RICARDO GONÇALVES DA SILVA,PDT,Deputado Estadual,3,2018
0378,12113,OSMAR VILELA DOS SANTOS,PDT,Deputado Estadual,1,2018
0378,12118,ALEXANDRE REGINATO ACEDO,PDT,Deputado Estadual,16,2018
0378,12120,DILSON FRANCISCO FLORIANO,PDT,Deputado Estadual,6,2018
0378,12121,MARLI SILVA PEREIRA,PDT,Deputado Estadual,11,2018
0378,12122,ARI FRIEDENBACH,PDT,Deputado Estadual,26,2018
0378,12123,LUIZ DE MOURA PEREIRA,PDT,Deputado Estadual,25,2018
0378,12133,LUIZ VICENTE DA SILVA,PDT,Deputado Estadual,2,2018
0378,12177,GILVAN SANTOS SOUZA FILHO,PDT,Deputado Estadual,0,2018
0378,12181,JAAZIEL BISPO DOS SANTOS,PDT,Deputado Estadual,0,2018
0378,12190,APARECIDO CARLOS LEANDRO,PDT,Deputado Estadual,13,2018
0378,12193,GENILDO DANTAS DA SILVA,PDT,Deputado Estadual,0,2018
0378,12200,FRANCISCO CARLOS SILVEIRA LEITE,PDT,Deputado Estadual,7,2018
0378,12221,REGIA MARIA GOUVEIA SARMENTO,PDT,Deputado Estadual,5,2018
0378,12222,LUIZ EDUARDO ALMANÇA,PDT,Deputado Estadual,37,2018
0378,12258,ISMAEL DANTAS DE AMORIM FILHO,PDT,Deputado Estadual,1,2018
0378,12292,RUTHINEA DE CARVALHO,PDT,Deputado Estadual,0,2018
0378,12300,CLAUDIA APARECIDA BELTRAN DOS SANTOS,PDT,Deputado Estadual,3,2018
0378,12312,MARCIA APARECIDA MENDES,PDT,Deputado Estadual,5,2018
0378,12321,PEDRO ANTONIO BIGARDI,PDT,Deputado Estadual,17,2018
0378,12333,VALDOMIRO NUNES DE QUEIROS,PDT,Deputado Estadual,8,2018
0378,12340,JOSE SEBASTIAO FILHO,PDT,Deputado Estadual,1,2018
0378,12345,MARCIO MASSAMI NAKASHIMA,PDT,Deputado Estadual,189,2018
0378,12348,SERGIO LUIZ FARAUDE,PDT,Deputado Estadual,1,2018
0378,12360,UÉBER DEIVIDI DA SILVA,PDT,Deputado Estadual,0,2018
0378,12412,JOSUÉ BRIZOLA,PDT,Deputado Estadual,1,2018
0378,12424,MAHAYANA TACCARI,PDT,Deputado Estadual,0,2018
0378,12444,AGAMENON ALVES DA SILVA,PDT,Deputado Estadual,14,2018
0378,12446,ANA CRISTINA AUGUSTA DA SILVA ENCARNAÇÃO,PDT,Deputado Estadual,7,2018
0378,12450,ELIENE DA SILVA SANTOS,PDT,Deputado Estadual,2,2018
0378,12456,DIOGENES BRANCO DE ANDRADE,PDT,Deputado Estadual,12,2018
0378,12468,SIMONE APARECIDA FERREIRA,PDT,Deputado Estadual,0,2018
0378,12491,THIAGO DE LUCA SANT ANA RIBEIRO,PDT,Deputado Estadual,6,2018
0378,12500,JOSÉ DE PAULA SANTOS,PDT,Deputado Estadual,5,2018
0378,12512,VAGNER APARECIDO MALHEIROS,PDT,Deputado Estadual,1,2018
0378,12567,ANTONIO COSTA,PDT,Deputado Estadual,2,2018
0378,12569,SALVADOR RODRIGUES DE SOUZA,PDT,Deputado Estadual,1,2018
0378,12611,CAMILA VERONICA SPERANDIO DE ALMEIDA,PDT,Deputado Estadual,6,2018
0378,12612,LIZETE MARIA CORREA VALLEJO MORALES,PDT,Deputado Estadual,0,2018
0378,12622,SANDRA MARIA DOS SANTOS,PDT,Deputado Estadual,1,2018
0378,12628,CINTIA APARECIDA DE MATOS,PDT,Deputado Estadual,8,2018
0378,12640,JOSÉ MARCIO DE SOUZA CANDIDO,PDT,Deputado Estadual,5,2018
0378,12689,PAULO VICTOR NOVAES,PDT,Deputado Estadual,0,2018
0378,12712,HERNANI JOSÉ BARRETO DA SILVA,PDT,Deputado Estadual,0,2018
0378,12767,STELLA TAVARES MACHADO,PDT,Deputado Estadual,5,2018
0378,12777,THYAGO CEZAR,PDT,Deputado Estadual,3,2018
0378,12789,PAULO ALVES PEREIRA,PDT,Deputado Estadual,0,2018
0378,12800,MIGUEL FRANCISCO DE LIMA,PDT,Deputado Estadual,18,2018
0378,12812,ALLAN RODRIGO ALVES,PDT,Deputado Estadual,22,2018
0378,12900,MANOEL JOSÉ DE ALENCAR FILHO,PDT,Deputado Estadual,1,2018
0378,12999,ADENILSON APARECIDO BARBOSA,PDT,Deputado Estadual,1,2018
0378,13001,PEDRO TOURINHO DE SIQUEIRA,PT,Deputado Estadual,4186,2018
0378,13002,ANTONIO AUGUSTO PORTO,PT,Deputado Estadual,3,2018
0378,13003,ANA LIDIA DE OLIVEIRA AGUIAR,PT,Deputado Estadual,82,2018
0378,13005,NOEMIA BENTO DE OLIVEIRA,PT,Deputado Estadual,3,2018
0378,13007,EDIVALDO DE OLIVEIRA LIMA,PT,Deputado Estadual,4,2018
0378,13008,JOAQUIM MISAEL DA SILVA,PT,Deputado Estadual,5,2018
0378,13009,VALQUIRIA JUSTINO,PT,Deputado Estadual,2,2018
0378,13011,MARIO MAURICI DE LIMA MORAIS,PT,Deputado Estadual,17,2018
0378,13015,CLAUDILSON LEITE PEREIRA,PT,Deputado Estadual,0,2018
0378,13016,ROBERTO SAMPAIO GÂNDARA JÚNIOR,PT,Deputado Estadual,1,2018
0378,13021,SIMONE DINIZ DI STADIO DE ARAUJO,PT,Deputado Estadual,5,2018
0378,13066,ADELIA OLIVEIRA DE FARIAS,PT,Deputado Estadual,88,2018
0378,13068,MARCELO PEDROSO DE OLIVEIRA,PT,Deputado Estadual,0,2018
0378,13090,WANDA DE OLIVEIRA FERREIRA,PT,Deputado Estadual,2,2018
0378,13100,GARRY DERALUS,PT,Deputado Estadual,14,2018
0378,13110,TEONILIO MONTEIRO DA COSTA,PT,Deputado Estadual,17,2018
0378,13111,NORMANDO COSTA DE ANDRADE FILHO,PT,Deputado Estadual,43,2018
0378,13113,MARCIA APARECIDA OVEJANEDA LIA,PT,Deputado Estadual,58,2018
0378,13114,ENIO FRANCISCO TATTO,PT,Deputado Estadual,16,2018
0378,13116,NORMACI SOUSA SAMPAIO,PT,Deputado Estadual,7,2018
0378,13119,MARIA DOS ANJOS SOARES MIRANDA,PT,Deputado Estadual,1,2018
0378,13121,EUGENIO SAID,PT,Deputado Estadual,16,2018
0378,13122,JOSÉ CARLOS DE AQUINO,PT,Deputado Estadual,33,2018
0378,13123,MARIA IZABEL AZEVEDO NORONHA,PT,Deputado Estadual,419,2018
0378,13124,MARIA IZABEL BEZERRA DE SÁ,PT,Deputado Estadual,23,2018
0378,13131,EMIDIO PEREIRA DE SOUZA,PT,Deputado Estadual,104,2018
0378,13133,ALEX SANDRO GOMES,PT,Deputado Estadual,42,2018
0378,13134,LUIZ FERNANDO TEIXEIRA FERREIRA,PT,Deputado Estadual,29,2018
0378,13136,CÁSSIA APARECIDA JACINTHO LACERDA,PT,Deputado Estadual,8,2018
0378,13138,EDINALVA SILVA FRANCO,PT,Deputado Estadual,6,2018
0378,13139,SERGIO RIBEIRO SILVA,PT,Deputado Estadual,9,2018
0378,13140,JOSE AMERICO ASCENCIO DIAS,PT,Deputado Estadual,182,2018
0378,13147,GERALDO LEITE DA CRUZ,PT,Deputado Estadual,5,2018
0378,13192,ANTONIO ROBERTO DE SOUZA,PT,Deputado Estadual,0,2018
0378,13199,ANTONIO MENTOR DE MELLO SOBRINHO,PT,Deputado Estadual,386,2018
0378,13200,WAGNER OCIMAR BALIEIRO,PT,Deputado Estadual,9,2018
0378,13213,SIDNEI LUIZ MENESES ROSA,PT,Deputado Estadual,13,2018
0378,13222,ADRIANO DIOGO,PT,Deputado Estadual,64,2018
0378,13223,JOZY ELLEN DIAS SOUZA DE LEMOS,PT,Deputado Estadual,12,2018
0378,13232,JUCIMÁRIO GALDINO BARBOSA,PT,Deputado Estadual,2,2018
0378,13249,ELENITA DO CARMO OLIVEIRA MARTINS,PT,Deputado Estadual,0,2018
0378,13290,HAMILTON PEREIRA,PT,Deputado Estadual,5,2018
0378,13300,CLAUDIO MARQUES DA SILVA,PT,Deputado Estadual,5,2018
0378,13310,LUIZ CLAUDIO MARCOLINO,PT,Deputado Estadual,36,2018
0378,13313,RENATO MORENI AIRES DA SILVA,PT,Deputado Estadual,14,2018
0378,13321,HERIVELTO DOS SANTOS MORAES,PT,Deputado Estadual,8,2018
0378,13331,RAIMUNDO BERNARDINO DO NASCIMENTO,PT,Deputado Estadual,2,2018
0378,13333,ROBERTA MOREIRA LUCHSINGER,PT,Deputado Estadual,38,2018
0378,13356,MOHAMAD SAMI EL KADRI,PT,Deputado Estadual,3,2018
0378,13367,AILTON FRANCISCO CABRAL,PT,Deputado Estadual,3,2018
0378,13410,MARLEIDE SOARES DA SILVA,PT,Deputado Estadual,1,2018
0378,13444,JOÃO BATISTA PINHEIRO SANTOS FILHO,PT,Deputado Estadual,6,2018
0378,13456,ELISABETH SAHÃO,PT,Deputado Estadual,46,2018
0378,13500,LUZIA JOSÉ DOS SANTOS VECCHIATTI,PT,Deputado Estadual,19,2018
0378,13513,ALOISIO GAMA DE SANTANA,PT,Deputado Estadual,6,2018
0378,13555,SIMÃO PEDRO CHIOVETTI,PT,Deputado Estadual,152,2018
0378,13560,LUIZ FERNANDO STOPPA,PT,Deputado Estadual,3,2018
0378,13562,MIRLEI ANTONIO CASALE,PT,Deputado Estadual,7,2018
0378,13565,MARIA DA PENHA SOUZA,PT,Deputado Estadual,0,2018
0378,13570,ALESSANDRA TRINDADE SHIMOMOTO,PT,Deputado Estadual,32,2018
0378,13578,EDILEIDI CANETE RAMOS,PT,Deputado Estadual,1,2018
0378,13587,DEUSDETE ALVES DE ASSUNÇÃO,PT,Deputado Estadual,2,2018
0378,13613,PAULO ROBERTO FIORILO,PT,Deputado Estadual,14,2018
0378,13633,AGNELO DA SILVA MATOS NETO,PT,Deputado Estadual,6,2018
0378,13640,VERA LÚCIA RODRIGUES DE FARIA,PT,Deputado Estadual,452,2018
0378,13644,RENATO BISPO CAROBA,PT,Deputado Estadual,0,2018
0378,13666,ANDRÉ LUIZ COSTA DE OLIVEIRA,PT,Deputado Estadual,10,2018
0378,13670,EDMILSON SOUZA SANTOS,PT,Deputado Estadual,25,2018
0378,13678,ROSA MARIA CHIQUETTO,PT,Deputado Estadual,2,2018
0378,13688,ENI FERNANDES,PT,Deputado Estadual,2,2018
0378,13690,LUIZ MARTINO TURCO,PT,Deputado Estadual,8,2018
0378,13696,ALEXANDRE BREVIGLIERI ALVES CASTILHO,PT,Deputado Estadual,24,2018
0378,13707,ABDAEL AMBRUSTER,PT,Deputado Estadual,9,2018
0378,13711,ORLANDO MAURÍCIO JÚNIOR,PT,Deputado Estadual,135,2018
0378,13713,FABIANO GREGÓRIO,PT,Deputado Estadual,3,2018
0378,13741,TELMA FORTUNATO DA SILVA SANT ANNA,PT,Deputado Estadual,1,2018
0378,13770,ANGELA CAMARGO SPINELI,PT,Deputado Estadual,14,2018
0378,13777,CLAUDIO APARECIDO DA SILVA,PT,Deputado Estadual,8,2018
0378,13778,PEDRO FELIPE JACYNTHO DOS SANTOS,PT,Deputado Estadual,3,2018
0378,13789,MARCELO SAMUEL DA COSTA,PT,Deputado Estadual,3,2018
0378,13800,JORGE DO CARMO SILVA,PT,Deputado Estadual,12,2018
0378,13813,RENATO SIMOES,PT,Deputado Estadual,5173,2018
0378,13888,JOSILDA DE ARAÚJO CABRAL DO NASCIMENTO,PT,Deputado Estadual,7,2018
0378,13890,EDSON PEREIRA CAMPOS,PT,Deputado Estadual,3,2018
0378,13900,EDISON LUÍS ALVES,PT,Deputado Estadual,3,2018
0378,13913,CÁSSIA GONÇALVES DE JESUS,PT,Deputado Estadual,7,2018
0378,13933,EDUARDO DIAS DA CUNHA,PT,Deputado Estadual,1,2018
0378,13999,CARLOS ALBERTO PLETZ NEDER,PT,Deputado Estadual,108,2018
0378,14007,ALESSANDRO RIOS CONFORTI,PTB,Deputado Estadual,1,2018
0378,14014,WELINGTON APARECIDO ALFREDO,PTB,Deputado Estadual,4,2018
0378,14040,RICARDO MANOEL DE ALMEIDA,PTB,Deputado Estadual,2,2018
0378,14045,LUCIMAR FREIRE DE ALMEIDA SILVA,PTB,Deputado Estadual,0,2018
0378,14100,MARINISIA TUROLI FERNANDES DA SILVA,PTB,Deputado Estadual,1,2018
0378,14111,EDILSON GUARNIERI,PTB,Deputado Estadual,12,2018
0378,14123,JOSE NERIVAN DA SILVA,PTB,Deputado Estadual,4,2018
0378,14140,ANTONIO CARLOS DE CAMPOS MACHADO,PTB,Deputado Estadual,109,2018
0378,14145,MARIA TERESA DA SILVA LATTARI,PTB,Deputado Estadual,0,2018
0378,14160,ROQUE BARBIERE,PTB,Deputado Estadual,12,2018
0378,14190,MARCOS ROGERIO MANTEIGA,PTB,Deputado Estadual,13,2018
0378,14222,ERICA VANESSA MANTOVANI,PTB,Deputado Estadual,3,2018
0378,14234,CARLOS BRUMER RODRIGUES,PTB,Deputado Estadual,5,2018
0378,14333,JONAS FERNANDES CASTRO,PTB,Deputado Estadual,0,2018
0378,14340,CAROLINE DO AMPARO CERQUEIRA,PTB,Deputado Estadual,7,2018
0378,14345,CÉSAR RAMOS DA COSTA,PTB,Deputado Estadual,0,2018
0378,14400,JAQUELINE LILIAN BARCELOS COUTINHO,PTB,Deputado Estadual,4,2018
0378,14444,ANTONIO JOAQUIM FERNANDES,PTB,Deputado Estadual,25,2018
0378,14500,MARIA DAS GRAÇAS FERREIRA DE MACEDO,PTB,Deputado Estadual,1,2018
0378,14540,ANDREIA CARVALHO DE SOUZA,PTB,Deputado Estadual,0,2018
0378,14555,MARCO ANTONIO BITTENCOURT NOGUEIRA COBRA,PTB,Deputado Estadual,2,2018
0378,14600,LUCIENE CARVALHO CHALET FERREIRA,PTB,Deputado Estadual,0,2018
0378,14777,LUIZ CARLOS GONDIM TEIXEIRA,PTB,Deputado Estadual,15,2018
0378,15000,JORGE LUIS CARUSO,MDB,Deputado Estadual,83,2018
0378,15002,GLAUCIA ESTELA CAMARGO,MDB,Deputado Estadual,1,2018
0378,15005,SANDRA DIAS TAVARES CINTRA,MDB,Deputado Estadual,71,2018
0378,15007,JOÃO ALBERTO CORRÊA,MDB,Deputado Estadual,1,2018
0378,15009,GILBERTO FRANCISCO DE AQUINO,MDB,Deputado Estadual,0,2018
0378,15010,LUIZ FERNANDO RICCETTO,MDB,Deputado Estadual,0,2018
0378,15013,ZAIRA AMARAL ALVES DE ABREU,MDB,Deputado Estadual,0,2018
0378,15015,ENYO DAURO LEPOS CORREIA,MDB,Deputado Estadual,6,2018
0378,15018,ELIEL JUNQUEIRA FERNANDES,MDB,Deputado Estadual,0,2018
0378,15021,LUIZ MANOEL FRANCISCO,MDB,Deputado Estadual,15,2018
0378,15022,ANGELA OROSCO DE MELO,MDB,Deputado Estadual,16,2018
0378,15023,EDSON COELHO ARAUJO FILHO,MDB,Deputado Estadual,2,2018
0378,15044,CLAYTON GUIMARAES DE ALMEIDA,MDB,Deputado Estadual,0,2018
0378,15051,LEONARDO FRANCISCO SAMPAIO DE SOUZA FILHO,MDB,Deputado Estadual,13,2018
0378,15055,DALVA NEIDE MAGNANI SCHIEZARI,MDB,Deputado Estadual,0,2018
0378,15056,FERNANDO GARCIA IZQUIERDO,MDB,Deputado Estadual,0,2018
0378,15072,ALEXANDRE EURÍPEDES DOS SANTOS,MDB,Deputado Estadual,3,2018
0378,15074,JOSE PAIM ANUNCIAÇÃO FILHO,MDB,Deputado Estadual,0,2018
0378,15077,KELLY VESCO MOZZONE,MDB,Deputado Estadual,1,2018
0378,15078,JOSÉ BERNARDO ALVES,MDB,Deputado Estadual,0,2018
0378,15088,GENIVAL FRANCISCO DOS SANTOS,MDB,Deputado Estadual,0,2018
0378,15091,ROBSON LUIS MARTUCHI,MDB,Deputado Estadual,0,2018
0378,15097,CELINA RODRIGUES LOPES,MDB,Deputado Estadual,0,2018
0378,15099,FLAVIO DE SOUZA SILVEIRA,MDB,Deputado Estadual,144,2018
0378,15100,WALTER VICIONI GONÇALVES,MDB,Deputado Estadual,95,2018
0378,15110,RICARDO JOSÉ RUSSOMANNO AZEVEDO SOBRINHO,MDB,Deputado Estadual,2,2018
0378,15111,CRISTIANE FRIOLIM DAMASCENO,MDB,Deputado Estadual,6,2018
0378,15113,ADRIANA PAULA HORTENCIANO,MDB,Deputado Estadual,7,2018
0378,15115,SANZIO RODRIGUES DA SILVA,MDB,Deputado Estadual,7,2018
0378,15123,OCIMAR DONIZETI LEO OLIVEIRA,MDB,Deputado Estadual,7,2018
0378,15154,RAFAEL LUIZ PAVARINI DE CAMARGO,MDB,Deputado Estadual,17,2018
0378,15155,MIGUEL ARCANJO DE SOUSA,MDB,Deputado Estadual,3,2018
0378,15180,RENATA DE OLIVEIRA COELHO,MDB,Deputado Estadual,0,2018
0378,15190,ALEXANDRE PIMENTA ARAUJO,MDB,Deputado Estadual,2,2018
0378,15200,MARCOS DANIEL GOMES DE SOUSA,MDB,Deputado Estadual,1,2018
0378,15215,CLEONICE REGINALDA FURQUIM,MDB,Deputado Estadual,0,2018
0378,15236,ELAINE SILVEIRA NEVES,MDB,Deputado Estadual,1,2018
0378,15300,ITAMAR FRANCISCO MACHADO BORGES,MDB,Deputado Estadual,86,2018
0378,15315,DILSON DIAS RIBEIRO,MDB,Deputado Estadual,2,2018
0378,15345,ETELVINO CAETANO DA SILVA,MDB,Deputado Estadual,1,2018
0378,15355,FELIPE MARTINS GONÇALVES DA CUNHA,MDB,Deputado Estadual,1,2018
0378,15500,MARIA DO CARMO GUILHERME,MDB,Deputado Estadual,14,2018
0378,15511,VLADIMIR UDILOFF,MDB,Deputado Estadual,0,2018
0378,15515,NEHEMIAS DOMINGOS DE MELO,MDB,Deputado Estadual,2,2018
0378,15555,JULIANO JUN ABE,MDB,Deputado Estadual,9,2018
0378,15556,VALÉRIA BENTO,MDB,Deputado Estadual,0,2018
0378,15588,APARECIDO SARAIVA DA ROCHA,MDB,Deputado Estadual,7,2018
0378,15600,ISABEL KAUSZ DOS REIS,MDB,Deputado Estadual,1,2018
0378,15601,MARCOS LEANDRO GOMES VIEIRA,MDB,Deputado Estadual,1,2018
0378,15605,FERNANDO LUIZ ISOPPO PETITI,MDB,Deputado Estadual,0,2018
0378,15613,ANDRÉA CRISTINA FERREIRA DE LEMOS SILVA,MDB,Deputado Estadual,3,2018
0378,15622,JOOJI HATO,MDB,Deputado Estadual,36,2018
0378,15678,MARIA DAS GRAÇAS DOS SANTOS,MDB,Deputado Estadual,0,2018
0378,15698,MARTA HELENA FERREIRA BARBOSA,MDB,Deputado Estadual,5,2018
0378,15777,DAURY DE PAULA JÚNIOR,MDB,Deputado Estadual,0,2018
0378,15863,TATIANE DA CRUZ,MDB,Deputado Estadual,7,2018
0378,15888,RICARDO LOURENÇO DO CARMO,MDB,Deputado Estadual,1,2018
0378,15999,ANGELO ANTONIO BUCIOLOTI,MDB,Deputado Estadual,2,2018
0378,16001,ABEL BARRETO,PSTU,Deputado Estadual,16,2018
0378,16002,ANDRESSA CHAVES DA SILVA,PSTU,Deputado Estadual,0,2018
0378,16006,EDINOEL CARVALHO VEIGA,PSTU,Deputado Estadual,1,2018
0378,16016,MARISA DOS SANTOS MENDES,PSTU,Deputado Estadual,0,2018
0378,16026,JOSE DE ARIMATEA PAIVA NUNES,PSTU,Deputado Estadual,0,2018
0378,16036,EUGÊNIO MARIA DUARTE,PSTU,Deputado Estadual,0,2018
0378,16100,SILVANA MARIA DA SILVA,PSTU,Deputado Estadual,0,2018
0378,16107,RAQUEL DE PAULA,PSTU,Deputado Estadual,2,2018
0378,16111,CARLOS AUGUSTO DO NASCIMENTO LEAL,PSTU,Deputado Estadual,0,2018
0378,16116,JOSE ADELMO LEITE,PSTU,Deputado Estadual,0,2018
0378,16123,GABRIELA GUERRERO ARIONE,PSTU,Deputado Estadual,6,2018
0378,16200,NILSON FERREIRA LEITE,PSTU,Deputado Estadual,2,2018
0378,16234,EVELINE GUIMARÃES,PSTU,Deputado Estadual,1,2018
0378,16235,LEANDRO JOSÉ DE SOUZA DUQUE,PSTU,Deputado Estadual,0,2018
0378,16300,MICHELI SOUZA DA SILVA,PSTU,Deputado Estadual,1,2018
0378,16316,IVANCI VIEIRA DOS SANTOS,PSTU,Deputado Estadual,4,2018
0378,16400,CLEUSA APARECIDA DA TRINDADE,PSTU,Deputado Estadual,0,2018
0378,16461,FERNANDO DE SOUZA,PSTU,Deputado Estadual,0,2018
0378,16500,NOURIVAL CARDOSO SANTANA,PSTU,Deputado Estadual,0,2018
0378,16600,SANDRA DE MOURA CLEMENTINO DA SILVA,PSTU,Deputado Estadual,0,2018
0378,16666,JOSE DIAS DE FREITAS JUNIOR,PSTU,Deputado Estadual,12,2018
0378,16789,ELLEN RUIZ,PSTU,Deputado Estadual,1,2018
0378,16800,MARIO CÉSAR BARBOSA CONCEIÇÃO,PSTU,Deputado Estadual,1,2018
0378,17000,DIMAS MECCA SAMPAIO,PSL,Deputado Estadual,1080,2018
0378,17001,GABRIEL ROCHA MAZZALI,PSL,Deputado Estadual,53,2018
0378,17002,RICARDO SICCHIERO,PSL,Deputado Estadual,18,2018
0378,17005,MILTON LUIZ GEBIN CARDOSO,PSL,Deputado Estadual,3,2018
0378,17007,DANILO MASCARENHAS DE BALAS,PSL,Deputado Estadual,117,2018
0378,17008,EDUARDO FRANCISCO DE MELO,PSL,Deputado Estadual,20,2018
0378,17009,NATANAEL FRANCISCO DA SILVA,PSL,Deputado Estadual,2,2018
0378,17010,AGUSTIN FRANCISCO CARBALLO,PSL,Deputado Estadual,42,2018
0378,17011,PAULO SERGIO MOREIRA MELLO,PSL,Deputado Estadual,10,2018
0378,17012,WILSON CLAUDIO DE OLIVEIRA,PSL,Deputado Estadual,20,2018
0378,17013,ANDREA SEIXAS,PSL,Deputado Estadual,28,2018
0378,17015,CLAUDETE MARIA MARTINS,PSL,Deputado Estadual,1,2018
0378,17017,MARCO ANTONIO CASALE,PSL,Deputado Estadual,41,2018
0378,17018,HAROLDO DE SÁ QUARTIM BARBOSA FILHO,PSL,Deputado Estadual,10,2018
0378,17021,ANTONIO APARECIDO DELAFINA,PSL,Deputado Estadual,29,2018
0378,17022,VANESSA ALVES NASCIMENTO,PSL,Deputado Estadual,5,2018
0378,17025,VALDEMIRO PATRICIO GOMES FILHO,PSL,Deputado Estadual,125,2018
0378,17027,VICTOR FERNANDES PEREIRA PANCHORRA,PSL,Deputado Estadual,19,2018
0378,17029,MORENO FELIX CORDEIRO,PSL,Deputado Estadual,2,2018
0378,17032,VÂNIA REGINA DE ALMEIDA,PSL,Deputado Estadual,3,2018
0378,17033,PAULO ROBERTO DIAS PEREIRA,PSL,Deputado Estadual,2,2018
0378,17034,VERUSKA RODRIGUES DA SILVA,PSL,Deputado Estadual,4,2018
0378,17037,ALEXANDRO DOS SANTOS TIMÓTEO,PSL,Deputado Estadual,10,2018
0378,17040,LUIZ CARLOS DE PAULA,PSL,Deputado Estadual,18,2018
0378,17046,LUANA RIBEIRO MIRANDA MASSUIA,PSL,Deputado Estadual,0,2018
0378,17050,CLAUDINEI FERREIRA SOARES,PSL,Deputado Estadual,22,2018
0378,17051,EMERSON ZOCCHI,PSL,Deputado Estadual,1,2018
0378,17054,JEFFERSON DE MORAES CAMPOS,PSL,Deputado Estadual,1,2018
0378,17059,JULIO CÉSAR MARTINS CASARIN,PSL,Deputado Estadual,1,2018
0378,17062,MANOEL SANTOS ROCHA,PSL,Deputado Estadual,4,2018
0378,17064,DOUGLAS GARCIA BISPO DOS SANTOS,PSL,Deputado Estadual,553,2018
0378,17067,OSCAR CASTELO BRANCO DE LUCA,PSL,Deputado Estadual,257,2018
0378,17070,BRUNO MARCELLO DE OLIVEIRA LIMA,PSL,Deputado Estadual,368,2018
0378,17071,ROBSON CLEITON DE AMORIM LUCENA,PSL,Deputado Estadual,3,2018
0378,17072,RODRIGO DE ABREU OLIVEIRA,PSL,Deputado Estadual,3,2018
0378,17073,RONALDO FORMIGÃO,PSL,Deputado Estadual,2,2018
0378,17074,RODRIGO JENSON DE OLIVEIRA,PSL,Deputado Estadual,0,2018
0378,17075,WAGNER DE OLIVEIRA,PSL,Deputado Estadual,4,2018
0378,17077,CAIO TOSHIO TAKEDA,PSL,Deputado Estadual,15,2018
0378,17079,ADALBERTO GODOY FREITAS,PSL,Deputado Estadual,227,2018
0378,17083,MARCIO ANTONIO PELEGE THOMAZINI,PSL,Deputado Estadual,1,2018
0378,17085,BIANCA CASALE,PSL,Deputado Estadual,10,2018
0378,17086,CLOVIS FERREIRA DOS REIS JUNIOR,PSL,Deputado Estadual,16,2018
0378,17088,BRUNO CAMILO DA SILVA,PSL,Deputado Estadual,11,2018
0378,17096,ROSANA TESSITORI,PSL,Deputado Estadual,0,2018
0378,17102,FABIANA DE CARVALHO MARINHO,PSL,Deputado Estadual,40,2018
0378,17111,FREDERICO BRAUN D AVILA,PSL,Deputado Estadual,115,2018
0378,17117,JOSÉ DE LIMA OLIVEIRA JUNIOR,PSL,Deputado Estadual,9,2018
0378,17120,GILDEVANIO ILSO DOS SANTOS DINIZ,PSL,Deputado Estadual,1778,2018
0378,17123,DANIELA ANCHÃO BRAGA,PSL,Deputado Estadual,29,2018
0378,17124,ADRIELE DOS SANTOS NASCIMENTO COSTA,PSL,Deputado Estadual,42,2018
0378,17135,HAMILTON DIAS MENEZES,PSL,Deputado Estadual,0,2018
0378,17153,ROBERTO FIGUEIREDO JUNIOR,PSL,Deputado Estadual,4,2018
0378,17181,EDSON MIGUEL DA SILVA,PSL,Deputado Estadual,34,2018
0378,17187,AGEU DA CRUZ ALMEIDA,PSL,Deputado Estadual,21,2018
0378,17190,PAULO NISHIKAWA,PSL,Deputado Estadual,103,2018
0378,17193,MARIO ANTONIO PIRES MORO,PSL,Deputado Estadual,71,2018
0378,17195,ANDRÉ LUIS SIQUEIRA,PSL,Deputado Estadual,8,2018
0378,17196,ALEIXO ANDRE MANOEL NETO,PSL,Deputado Estadual,12,2018
0378,17200,JULIO CÉSAR FRANCISCO,PSL,Deputado Estadual,72,2018
0378,17201,ALESSANDRA RUDOLPHO STRINGHETA BARBOSA,PSL,Deputado Estadual,21,2018
0378,17202,CLEONICE APARECIDA PEREIRA DA SILVA,PSL,Deputado Estadual,8,2018
0378,17203,DANIELLI FERNANDA SIQUEIRA,PSL,Deputado Estadual,4,2018
0378,17204,FABIO DUARTE JOANA,PSL,Deputado Estadual,6,2018
0378,17205,IVANI CARVALHO SHEWCHENKO,PSL,Deputado Estadual,1,2018
0378,17206,JOELMA MAXICIMA DA FONSECA,PSL,Deputado Estadual,0,2018
0378,17207,KELLY DOS SANTOS BRITO,PSL,Deputado Estadual,18,2018
0378,17208,LEOCADIA DE CASTRO,PSL,Deputado Estadual,4,2018
0378,17209,MARCOS MORAES DOS SANTOS,PSL,Deputado Estadual,264,2018
0378,17217,ALOISIO BUENO,PSL,Deputado Estadual,44,2018
0378,17218,CARMELIDIA BERTOLA,PSL,Deputado Estadual,43,2018
0378,17222,CALIL JOSÉ BADIN VIEIRA,PSL,Deputado Estadual,68,2018
0378,17243,JULIO CÉSAR MORENO LEAL,PSL,Deputado Estadual,0,2018
0378,17257,SERGIO GRESSENS BRANDÃO,PSL,Deputado Estadual,2,2018
0378,17288,CRISTINA ALVES DE GODOY,PSL,Deputado Estadual,51,2018
0378,17290,CLEMILTON ALVES DA SILVA,PSL,Deputado Estadual,143,2018
0378,17291,AILTON JOSÉ DOS SANTOS,PSL,Deputado Estadual,5,2018
0378,17300,TELMA ANGELICA MARIA CHRISTIANSEN,PSL,Deputado Estadual,7,2018
0378,17317,JANAINA CONCEIÇÃO PASCHOAL,PSL,Deputado Estadual,11495,2018
0378,17321,LUIS ANTONIO DE LIMA CLEMENTE,PSL,Deputado Estadual,4,2018
0378,17330,JOSÉ DE SOUZA JUNIOR,PSL,Deputado Estadual,6,2018
0378,17333,ALEXANDRE SAID BUSSAB,PSL,Deputado Estadual,12,2018
0378,17334,LAURO LISBOA FILHO,PSL,Deputado Estadual,2,2018
0378,17345,MARTA MAITÊ SEVILLANO,PSL,Deputado Estadual,4,2018
0378,17400,JOSÉ EDILSON DE SOUZA,PSL,Deputado Estadual,8,2018
0378,17441,MEIRE LOPES,PSL,Deputado Estadual,1,2018
0378,17444,EVERTON LUIZ FERNANDES SODARIO RAIMUNDO,PSL,Deputado Estadual,36,2018
0378,17500,LETICIA AGUIAR RESENDE ALVES,PSL,Deputado Estadual,168,2018
0378,17555,RICARDO AZEVEDO DA SILVA,PSL,Deputado Estadual,47,2018
0378,17600,MARCOS FERNANDO PORTELLA FONTES,PSL,Deputado Estadual,22,2018
0378,17667,VALERIA MULLER RAMOS BOLSONARO,PSL,Deputado Estadual,1415,2018
0378,17678,VITOR HUGO RICCOMINI,PSL,Deputado Estadual,151,2018
0378,17681,THIAGO FELIPE NEVES,PSL,Deputado Estadual,1,2018
0378,17685,KERIN DA ROCHA SILVA,PSL,Deputado Estadual,0,2018
0378,17700,MANOEL BARBOSA DO NASCIMENTO,PSL,Deputado Estadual,652,2018
0378,17707,MATHEUS COIMBRA MARTINS DE AGUIAR,PSL,Deputado Estadual,77,2018
0378,17711,FRANCISLAINE URQUIDI FARFAN VASSER,PSL,Deputado Estadual,22,2018
0378,17712,ANDREA JOSIANE PINTO NAKASASSU,PSL,Deputado Estadual,18,2018
0378,17717,HAMILTON PROCÓPIO DOS SANTOS NETTO,PSL,Deputado Estadual,30,2018
0378,17750,PAULO VIEIRA DA SILVA FILHO,PSL,Deputado Estadual,1,2018
0378,17753,CLAUDIO MAGNO DA SILVA,PSL,Deputado Estadual,5,2018
0378,17765,JURACI DE OSTI LOPES,PSL,Deputado Estadual,2,2018
0378,17771,ELIVELTON ANTONIO WEIRICH,PSL,Deputado Estadual,43,2018
0378,17777,RODRIGO GAMBALE VIEIRA,PSL,Deputado Estadual,358,2018
0378,17778,CLAUDIA SANTOS LEAL,PSL,Deputado Estadual,7,2018
0378,17789,MARCOS ANTONIO RIBEIRO FARTO,PSL,Deputado Estadual,7,2018
0378,17798,LUIZ EDUARDO SCAFF,PSL,Deputado Estadual,9,2018
0378,17888,MARCELO CRISTIANO REIS,PSL,Deputado Estadual,74,2018
0378,17890,DANIELA CRISTINA MIGUEL BRUZARROSCO,PSL,Deputado Estadual,37,2018
0378,17900,JOSÉ ROBERTO BARBOSA DE SOUZA,PSL,Deputado Estadual,47,2018
0378,17911,ROBERTO DE LIMA FERNANDES,PSL,Deputado Estadual,7,2018
0378,17913,LUCIMARA FERREIRA DE MORAES,PSL,Deputado Estadual,0,2018
0378,17967,ELAINE CRISTINA DO NASCIMENTO,PSL,Deputado Estadual,57,2018
0378,17977,EDILEIDE SILVA,PSL,Deputado Estadual,11,2018
0378,17981,ANDREIA MONIQUE DOS SANTOS,PSL,Deputado Estadual,2,2018
0378,17988,MIRTES DE CASTRO,PSL,Deputado Estadual,3,2018
0378,17989,MOISÉS COSTA DE SOUSA,PSL,Deputado Estadual,0,2018
0378,17997,EDUARDO KUPPER PACHECO DE AGUIRRE,PSL,Deputado Estadual,36,2018
0378,17998,GLORIA NEY FERNANDES,PSL,Deputado Estadual,0,2018
0378,18000,DANIEL DA ROCHA MARTINI,REDE,Deputado Estadual,2,2018
0378,18001,HENRIQUE CROISFELTS,REDE,Deputado Estadual,6,2018
0378,18007,GEORGIANA SOARES PIRES,REDE,Deputado Estadual,0,2018
0378,18009,JULIO CESAR RODRIGUES DE MENEZES,REDE,Deputado Estadual,2,2018
0378,18010,ALESSANDRA APARECIDA MONTEIRO,REDE,Deputado Estadual,121,2018
0378,18013,RONALDO PRUDENTE,REDE,Deputado Estadual,0,2018
0378,18018,GIOVANNI VILLIUS RIGHETTO MOCKUS,REDE,Deputado Estadual,6,2018
0378,18077,RODRIGO PEREIRA DA SILVA,REDE,Deputado Estadual,0,2018
0378,18081,ANTONIO BETE NETO,REDE,Deputado Estadual,1,2018
0378,18108,CLÁUDIO DA SILVA VERÍSSIMO,REDE,Deputado Estadual,0,2018
0378,18118,JAMES PRADO GONDIM,REDE,Deputado Estadual,2,2018
0378,18123,ALOISIO CALSONI BOZZINI,REDE,Deputado Estadual,4,2018
0378,18180,PAULO SERGIO CAMOLESI,REDE,Deputado Estadual,2,2018
0378,18182,MARLI CONCEIÇÃO DA SILVA,REDE,Deputado Estadual,1,2018
0378,18188,ADEMAR BUENO DA SILVA JÚNIOR,REDE,Deputado Estadual,25,2018
0378,18191,SILVIO DAMACENO SIMORA RIBEIRO,REDE,Deputado Estadual,11,2018
0378,18222,ROSELEI APARECIDO FRANÇOSO,REDE,Deputado Estadual,1,2018
0378,18234,SHEILA SALES ROMERA,REDE,Deputado Estadual,2,2018
0378,18318,HÁDIA CHRISTINY AMORIM ARAÚJO FEITOSA,REDE,Deputado Estadual,4,2018
0378,18321,INGRID JULIANE DOS SANTOS FERREIRA,REDE,Deputado Estadual,3,2018
0378,18333,BIANCA ZEITOUN OGLOUYAN,REDE,Deputado Estadual,7,2018
0378,18360,JEFFERSON SANTOS DA SILVA,REDE,Deputado Estadual,0,2018
0378,18420,ALBERTO CORUNHA TAVARES,REDE,Deputado Estadual,1,2018
0378,18432,CARLOS MANOEL CINI,REDE,Deputado Estadual,0,2018
0378,18444,EDMILSON JOSÉ DE CARVALHO,REDE,Deputado Estadual,1,2018
0378,18456,ANDRÉ RICARDO DE SOUZA,REDE,Deputado Estadual,0,2018
0378,18475,SONIA APARECIDA CÂNDIDA BORGES,REDE,Deputado Estadual,0,2018
0378,18500,JONES MAIR PONTES SILVEIRA,REDE,Deputado Estadual,1,2018
0378,18543,CLAUDIO YUTAKA SUETU,REDE,Deputado Estadual,6,2018
0378,18555,REJANE DE VASCONCELOS FELIPE,REDE,Deputado Estadual,1,2018
0378,18579,CARLOS ROBERTO ROSA,REDE,Deputado Estadual,0,2018
0378,18613,REGINALDO ALEXANDRE MARTINS,REDE,Deputado Estadual,1,2018
0378,18618,JOSÉ RUI CAMARGO,REDE,Deputado Estadual,2,2018
0378,18654,CARLOS DANIEL GOIS LIMA DA SILVA,REDE,Deputado Estadual,1,2018
0378,18663,NATALINO ANTÔNIO DA SILVA,REDE,Deputado Estadual,2,2018
0378,18678,MARCIO VITAL,REDE,Deputado Estadual,0,2018
0378,18765,ROBERTA ROCHA GOMES ALBUQUERQUE,REDE,Deputado Estadual,1,2018
0378,18777,NANCY DE FÁTIMA GOMES FELIX DA SILVEIRA,REDE,Deputado Estadual,3,2018
0378,18789,MARCO TSUYAMA CARDOSO,REDE,Deputado Estadual,1,2018
0378,18800,ELTON TONY SOUZA PONDÉ COELHO,REDE,Deputado Estadual,7,2018
0378,18833,DENIS DUCK,REDE,Deputado Estadual,0,2018
0378,18881,VALERIA APARECIDA DE OLIVEIRA REI,REDE,Deputado Estadual,1,2018
0378,18888,MARINA MEDEIROS HELOU,REDE,Deputado Estadual,60,2018
0378,18889,SILVANA CORDELINI,REDE,Deputado Estadual,2,2018
0378,18918,PAULO DE ABREU LEME FILHO,REDE,Deputado Estadual,0,2018
0378,18999,CRISTIANE BRANDÃO DOS SANTOS,REDE,Deputado Estadual,7,2018
0378,19000,MARCELO PEREIRA SURCIN,PODE,Deputado Estadual,77,2018
0378,19001,ATAIDE TERUEL PEREZ,PODE,Deputado Estadual,91,2018
0378,19002,DOMINGOS SANCHES,PODE,Deputado Estadual,0,2018
0378,19007,CYBELE DA SILVA,PODE,Deputado Estadual,3,2018
0378,19008,JULIANA BUSSAB SCHULHOF,PODE,Deputado Estadual,14,2018
0378,19009,MARCOS PEIXOTO MELLO GONÇALVES,PODE,Deputado Estadual,0,2018
0378,19010,MOHAMAD KASSEM EL TURK,PODE,Deputado Estadual,0,2018
0378,19011,WALMIR BAPTISTA RIGUEIRA,PODE,Deputado Estadual,0,2018
0378,19012,RONALDO MARTINS FRANCO,PODE,Deputado Estadual,0,2018
0378,19014,MANOEL SANTANA PAULO,PODE,Deputado Estadual,0,2018
0378,19017,CRISTIANO ALEXANDRE MARCONDES,PODE,Deputado Estadual,0,2018
0378,19018,RAPHAEL MARCO BLECH HAMAOUI,PODE,Deputado Estadual,4,2018
0378,19019,BRAZ DOS SANTOS ADEGAS JUNIOR,PODE,Deputado Estadual,17,2018
0378,19020,RALFI RAFAEL DA SILVA,PODE,Deputado Estadual,3,2018
0378,19022,SIMONE CRISTINA SANTOS SOUZA,PODE,Deputado Estadual,0,2018
0378,19023,VAGNER EVARISTO DE MOURA,PODE,Deputado Estadual,0,2018
0378,19026,CLAUDIA ABREU SCHEFLER,PODE,Deputado Estadual,2,2018
0378,19027,AMERICO CICCONE NETO,PODE,Deputado Estadual,8,2018
0378,19030,ANTONIO CARLOS PEREIRA SILVA,PODE,Deputado Estadual,0,2018
0378,19033,SOCRATES DAMASCENO NOVELLI,PODE,Deputado Estadual,0,2018
0378,19034,HENRIQUE CARVALHO DE CAMPOS,PODE,Deputado Estadual,0,2018
0378,19036,GERSON FELIP CURPIEVSKY,PODE,Deputado Estadual,0,2018
0378,19039,MARIA LUCIA DA SILVA,PODE,Deputado Estadual,0,2018
0378,19041,GUARACI LIMA DE MORAIS,PODE,Deputado Estadual,4,2018
0378,19070,RENALDO CARDOSO DE REZENDE,PODE,Deputado Estadual,0,2018
0378,19089,ANA CRISTINA ALVES,PODE,Deputado Estadual,0,2018
0378,19090,ANTONIO WLADEMIR DA SILVA,PODE,Deputado Estadual,0,2018
0378,19099,CUSTÓDIO TAVARES FERNANDES JUNIOR,PODE,Deputado Estadual,0,2018
0378,19100,BRUNO AREVALO GANEM,PODE,Deputado Estadual,678,2018
0378,19109,LENI DE FÁTIMA RODRIGUES DO PRADO,PODE,Deputado Estadual,0,2018
0378,19111,JOÃO JORGE FADEL FILHO,PODE,Deputado Estadual,2,2018
0378,19112,JOEL FRANCISCO BARBOSA,PODE,Deputado Estadual,1,2018
0378,19113,JOSÉ EUGENIO DA SILVA,PODE,Deputado Estadual,0,2018
0378,19114,NIVALDO DA SILVA,PODE,Deputado Estadual,0,2018
0378,19119,GELSO APARECIDO DE LIMA,PODE,Deputado Estadual,7,2018
0378,19122,WILLIAN SANTOS DE OLIVEIRA,PODE,Deputado Estadual,3,2018
0378,19123,PEDRO MASSAMI KIKUDOME,PODE,Deputado Estadual,29,2018
0378,19125,HELIO GONÇALVES FIRMO,PODE,Deputado Estadual,0,2018
0378,19128,FRANCISCO JOSÉ CARVALHO,PODE,Deputado Estadual,6,2018
0378,19129,ELINELMA SOUZA BARRETO,PODE,Deputado Estadual,1,2018
0378,19133,BRUNO HIDEO OMORI,PODE,Deputado Estadual,11,2018
0378,19146,SARA REGINA FERREIRA DE MELO LUIZ,PODE,Deputado Estadual,0,2018
0378,19147,ANTONIO GOMES DA SILVA,PODE,Deputado Estadual,0,2018
0378,19150,MARCELO LINS,PODE,Deputado Estadual,0,2018
0378,19165,FERNANDO DIAS DA COSTA,PODE,Deputado Estadual,0,2018
0378,19180,MADALENA LEITE,PODE,Deputado Estadual,1,2018
0378,19187,GLAUCIA MARIA RODRIGUES DE SOUZA,PODE,Deputado Estadual,0,2018
0378,19190,LUCIANO GALESCO,PODE,Deputado Estadual,38,2018
0378,19191,GEREMIAS NUNES DE SIQUEIRA,PODE,Deputado Estadual,1,2018
0378,19192,JOÃO ROBERTO DE SIQUEIRA,PODE,Deputado Estadual,3,2018
0378,19193,ALEXANDRE TEIXEIRA,PODE,Deputado Estadual,13,2018
0378,19196,TATIANA POLI DE OLIVEIRA,PODE,Deputado Estadual,0,2018
0378,19197,SANDRA LANDIOZE CAPUCHO,PODE,Deputado Estadual,6,2018
0378,19199,MARCIO PASCHOAL GIUDICIO,PODE,Deputado Estadual,7,2018
0378,19200,ROBERTO FIGUEIRA MARINHO,PODE,Deputado Estadual,230,2018
0378,19201,EVANIR DA SILVA CARVALHO,PODE,Deputado Estadual,2,2018
0378,19211,CAIO AUGUSTO PASTORI DOS SANTOS,PODE,Deputado Estadual,0,2018
0378,19219,RODRIGO RAMOS FIORI,PODE,Deputado Estadual,0,2018
0378,19221,YEDA MARIA AMARAL,PODE,Deputado Estadual,0,2018
0378,19222,EDUARDO VALENTIM FERNANDES PEREIRA,PODE,Deputado Estadual,2,2018
0378,19230,DORA LICKUNAS,PODE,Deputado Estadual,0,2018
0378,19233,IEDA COSTA DE OLIVEIRA,PODE,Deputado Estadual,0,2018
0378,19234,CARLOS ROBERTO DE CARVALHO,PODE,Deputado Estadual,2,2018
0378,19250,NATALIA DE ALMEIDA NASCIMENTO,PODE,Deputado Estadual,0,2018
0378,19269,ADRIANA PIERIN,PODE,Deputado Estadual,44,2018
0378,19270,VAGNER ARANTES DA COSTA,PODE,Deputado Estadual,0,2018
0378,19300,LILIAN FERREIRA,PODE,Deputado Estadual,0,2018
0378,19310,MARCIA TELMA DA SILVA,PODE,Deputado Estadual,0,2018
0378,19314,SIDNEI ROBERTSON CAMPERO,PODE,Deputado Estadual,0,2018
0378,19319,FRANCISCA MARIA DO NASCIMENTO SOUSA,PODE,Deputado Estadual,0,2018
0378,19321,EDINEIA APARECIDA TELES,PODE,Deputado Estadual,0,2018
0378,19322,SERGIO PINTO BOMFIM,PODE,Deputado Estadual,0,2018
0378,19333,ANIBAL DE FREITAS FILHO,PODE,Deputado Estadual,0,2018
0378,19337,JOAQUIM FERREIRA NETO,PODE,Deputado Estadual,0,2018
0378,19360,JULIANA DOS SANTOS SILVA,PODE,Deputado Estadual,0,2018
0378,19399,GLAUCIA PERES CÍLIA GONÇALVES,PODE,Deputado Estadual,0,2018
0378,19400,FRANCISCO NUNES SOBRINHO,PODE,Deputado Estadual,1,2018
0378,19421,LENIR MARIA DE OLIVEIRA,PODE,Deputado Estadual,0,2018
0378,19426,PAULO HENRIQUE MACHADO,PODE,Deputado Estadual,0,2018
0378,19429,CARLÂNGELA SILVA DOS SANTOS DE OLIVEIRA,PODE,Deputado Estadual,1,2018
0378,19433,JACEGUAY NUNES GÓES,PODE,Deputado Estadual,0,2018
0378,19444,FAUSTO SALVADOR PERES,PODE,Deputado Estadual,15,2018
0378,19456,AIDAN ANTONIO RAVIN,PODE,Deputado Estadual,0,2018
0378,19499,FLAVIANE MENESES AQUINO,PODE,Deputado Estadual,0,2018
0378,19500,GILBERTO DANIEL JUNIOR,PODE,Deputado Estadual,0,2018
0378,19511,GILDAECIO SOARES DE SOUSA,PODE,Deputado Estadual,1,2018
0378,19519,ANDREA ROSA DE MENEZES DUARTE,PODE,Deputado Estadual,0,2018
0378,19527,LUIZ ANTONIO DE SOUZA,PODE,Deputado Estadual,0,2018
0378,19533,ROLGACIANO FERNANDES ALMEIDA,PODE,Deputado Estadual,1,2018
0378,19549,MARCIA CARNEIRO ABRANTES PINHEIRO,PODE,Deputado Estadual,0,2018
0378,19550,JOSE MARCIO DE CAMPOS,PODE,Deputado Estadual,0,2018
0378,19555,DÉLBIO CAMARGO TERUEL,PODE,Deputado Estadual,0,2018
0378,19556,GERALDO AMARO DA SILVA,PODE,Deputado Estadual,0,2018
0378,19567,CRISTIANE PEREIRA DAVIS,PODE,Deputado Estadual,0,2018
0378,19578,MARCOS CESAR CAVICHIOLLI,PODE,Deputado Estadual,0,2018
0378,19600,EUVALDO REIS DOS SANTOS MENEZES,PODE,Deputado Estadual,0,2018
0378,19610,CREUSA VIEIRA DANTAS ARAÚJO,PODE,Deputado Estadual,0,2018
0378,19619,LUIS HENRIQUE DOS SANTOS MOREIRA,PODE,Deputado Estadual,7,2018
0378,19630,LUIZ EDUARDO OLIVEIRA ALVES,PODE,Deputado Estadual,1,2018
0378,19633,AMARILDO GONÇALVES,PODE,Deputado Estadual,4,2018
0378,19634,KAYQUE GUILHERME MAIER DA SILVA,PODE,Deputado Estadual,2,2018
0378,19700,JOÃO DÁRCIO RIBAMAR SACCHI,PODE,Deputado Estadual,3,2018
0378,19714,JOSÉ APRIGIO DA SILVA,PODE,Deputado Estadual,4,2018
0378,19720,ELISABEL APARECIDA DA CONCEIÇÃO,PODE,Deputado Estadual,0,2018
0378,19722,ASSAD FRANGIEH,PODE,Deputado Estadual,1,2018
0378,19733,JUSSIMAR AMELENTINO JOSEFINO,PODE,Deputado Estadual,1,2018
0378,19770,MONICA PILLAT BELMUDES,PODE,Deputado Estadual,2,2018
0378,19773,MARCELLO MAZARIO COSTA,PODE,Deputado Estadual,23,2018
0378,19777,GUILHERME DE ALES FERRAZ DA SILVA,PODE,Deputado Estadual,24,2018
0378,19785,ERICA CRISTINA CINTRA,PODE,Deputado Estadual,0,2018
0378,19789,JOCELINO JOSE DE SANTANA,PODE,Deputado Estadual,1,2018
0378,19800,MURILO BERBERT AVIGO FELIX,PODE,Deputado Estadual,125,2018
0378,19819,RONALD TANIMOTO CELESTINO,PODE,Deputado Estadual,18,2018
0378,19833,CARLOS DA FONSECA NADAIS,PODE,Deputado Estadual,0,2018
0378,19851,DORA MARIA MACHADO,PODE,Deputado Estadual,0,2018
0378,19875,SANDRO HENRIQUE EUGENIO BASTOS,PODE,Deputado Estadual,0,2018
0378,19883,GERSON FIUZA DE JESUS,PODE,Deputado Estadual,0,2018
0378,19888,RAUL APARECIDO GONÇALVES PAULA,PODE,Deputado Estadual,4,2018
0378,19890,ALESSANDRO AUREO RAFALDINI OLIVEIRA,PODE,Deputado Estadual,0,2018
0378,19899,LUIS DONIZETTI VAZ JUNIOR,PODE,Deputado Estadual,25,2018
0378,19900,MARIA ALMEIDA DANTAS,PODE,Deputado Estadual,0,2018
0378,19910,ERNESTO TEIXEIRA DA CUNHA,PODE,Deputado Estadual,10,2018
0378,19911,MARCOS MENDES DA SILVA,PODE,Deputado Estadual,2,2018
0378,19919,DANIEL CARVALHO MACHADO,PODE,Deputado Estadual,0,2018
0378,19962,ANTONIA MARIA COSTA SILVA,PODE,Deputado Estadual,0,2018
0378,19975,EMMERSON DE CAMARGO,PODE,Deputado Estadual,0,2018
0378,19977,FILIPE AUGUSTO FORNARI MONTANHOLI,PODE,Deputado Estadual,3,2018
0378,19988,VALDECIR TOSCHI,PODE,Deputado Estadual,0,2018
0378,19990,JOSE GARCIA LOPES NETO,PODE,Deputado Estadual,3,2018
0378,19991,MONICA VIANA MIRANDA CAMPOS FERNANDES,PODE,Deputado Estadual,2,2018
0378,19998,LEANDRO CALDEIRA NAVA,PODE,Deputado Estadual,5,2018
0378,19999,RICARDO FABRIZIO PACHECO DE OLIVEIRA,PODE,Deputado Estadual,16,2018
0378,20000,EBENEZÉ FRANCISCO DE PAULA,PSC,Deputado Estadual,30,2018
0378,20010,SERGIO LOURENÇO DA SILVA,PSC,Deputado Estadual,4,2018
0378,20120,EDVALDO DE OLIVEIRA PAULA,PSC,Deputado Estadual,2,2018
0378,20123,GUILHERME CESAR ZAFANI,PSC,Deputado Estadual,13,2018
0378,20147,ANISTALDO LUIZ LOPES DA SILVA,PSC,Deputado Estadual,18,2018
0378,20175,EBENEZER DE PAULA,PSC,Deputado Estadual,1,2018
0378,20200,FLÁVIA CAMARGO DA SILVA,PSC,Deputado Estadual,27,2018
0378,20270,JOSE AUDIDUDIMA SALES DA SILVA,PSC,Deputado Estadual,3,2018
0378,20320,LUCIANE SALLES DA PAZ SCHULTZ,PSC,Deputado Estadual,9,2018
0378,20333,JUAREZ JUVÊNCIO DOS SANTOS,PSC,Deputado Estadual,45,2018
0378,20555,MARIA JOSE OCAMPOS,PSC,Deputado Estadual,1,2018
0378,20610,PAULO CESAR DIAS DOS REIS,PSC,Deputado Estadual,0,2018
0378,20629,ELISABETE NATALI ALVARENGA,PSC,Deputado Estadual,0,2018
0378,20690,EDIVALDO MARCELO ABENÇOADO DOS SANTOS LEAL,PSC,Deputado Estadual,29,2018
0378,20777,CELSO BRAZ DO NASCIMENTO,PSC,Deputado Estadual,27,2018
0378,20800,FERNANDO CESAR RAMOS,PSC,Deputado Estadual,1,2018
0378,20888,PAULO EDUARDO TEMPLE DELGADO,PSC,Deputado Estadual,0,2018
0378,20964,JOSÉ ANTONIO ALVES,PSC,Deputado Estadual,0,2018
0378,20999,ROSANGELA APARECIDA SILVEIRA GIORDANI,PSC,Deputado Estadual,0,2018
0378,21100,ERNESTO FREIRE PICHLER,PCB,Deputado Estadual,5,2018
0378,22000,GILBERTO BENZI,PR,Deputado Estadual,19,2018
0378,22001,ODIR JOÃO DEMARCHI,PR,Deputado Estadual,5,2018
0378,22002,VERA LUCIA LANGELLOTTI VELLO,PR,Deputado Estadual,2,2018
0378,22003,ISABELA CRISTINA CARDOSO DA CRUZ,PR,Deputado Estadual,1,2018
0378,22005,NEUSA MARIA RODRIGUES RACOSTA,PR,Deputado Estadual,0,2018
0378,22007,RODRIGO DE ALMEIDA SOUZA,PR,Deputado Estadual,9,2018
0378,22008,NEILSON PAULO DOS SANTOS,PR,Deputado Estadual,0,2018
0378,22011,GINO JOSÉ TORREZAN,PR,Deputado Estadual,4,2018
0378,22012,JULIO CESAR PEREIRA DE SOUZA,PR,Deputado Estadual,209,2018
0378,22013,JOSÉ CARLOS DE ALMEIDA,PR,Deputado Estadual,11,2018
0378,22017,FRANCISCO ALEXANDRE GUERREIRO GOMES,PR,Deputado Estadual,0,2018
0378,22018,ADÃO TIMÓTEO DE LIMA,PR,Deputado Estadual,13,2018
0378,22019,GUIOMAR HOFFMAN,PR,Deputado Estadual,12,2018
0378,22022,FRANCISCO ROSSI DE ALMEIDA,PR,Deputado Estadual,12,2018
0378,22023,WANESSA SOUSA BOMFIM,PR,Deputado Estadual,2,2018
0378,22024,SIMONE CARDOSO DE OLIVEIRA,PR,Deputado Estadual,0,2018
0378,22028,MARCIO MOREIRA DE SOUZA,PR,Deputado Estadual,39,2018
0378,22031,CRISTIANE APARECIDA CELLA,PR,Deputado Estadual,0,2018
0378,22033,MARCOS AURELIO DE PAULA,PR,Deputado Estadual,2,2018
0378,22035,MAURO ALVES DOS SANTOS JUNIOR,PR,Deputado Estadual,8,2018
0378,22044,ALAN BEZERRA GOMES,PR,Deputado Estadual,1,2018
0378,22045,JOSEFA FÁTIMA DE LIRA,PR,Deputado Estadual,1,2018
0378,22055,MARCOS TADEU VILALTA,PR,Deputado Estadual,3,2018
0378,22065,FABIO ELY RAMOS,PR,Deputado Estadual,1,2018
0378,22080,JEFFERCY DE SOUZA NUNES CHAD,PR,Deputado Estadual,0,2018
0378,22100,LINO BISPO DA ROCHA,PR,Deputado Estadual,3,2018
0378,22111,LUIZ PAULO SALGADO,PR,Deputado Estadual,3,2018
0378,22122,ANDREIA LUCIA GONÇALVES DA SILVA,PR,Deputado Estadual,13,2018
0378,22123,RICARDO ROSSI MADALENA,PR,Deputado Estadual,25,2018
0378,22133,SERGIO ANTONIO DONHA,PR,Deputado Estadual,0,2018
0378,22150,WANDERLEY LEMES TEIXEIRA,PR,Deputado Estadual,1,2018
0378,22177,LUCIANO FEITOSA DE MELO,PR,Deputado Estadual,0,2018
0378,22181,FABIANO MESSIAS BORGES DA SILVA,PR,Deputado Estadual,1,2018
0378,22190,JAIME DE SOUZA,PR,Deputado Estadual,1996,2018
0378,22191,EUCLYDES DIAS BUCHLER,PR,Deputado Estadual,6,2018
0378,22192,ANA LÚCIA BATISTA PAVÃO,PR,Deputado Estadual,4,2018
0378,22193,LUIZ CARLOS DOS SANTOS CAMINO,PR,Deputado Estadual,14,2018
0378,22196,SILVIO AMARAL SOARES,PR,Deputado Estadual,18,2018
0378,22200,GILMAR PAES,PR,Deputado Estadual,0,2018
0378,22202,CAIO CESAR ALVARES LORO NETTO,PR,Deputado Estadual,3,2018
0378,22210,JOSE BRANCO PERES NETO,PR,Deputado Estadual,0,2018
0378,22215,APARECIDA BATISTA DIAS BARRETO DE OLIVEIRA,PR,Deputado Estadual,6,2018
0378,22218,MARIA EMILIA DANTAS OLIVEIRA,PR,Deputado Estadual,0,2018
0378,22220,ADRIANA RAMOS AFONSO EL RIFAI,PR,Deputado Estadual,9,2018
0378,22222,MARCOS ROBERTO DAMASIO DA SILVA,PR,Deputado Estadual,366,2018
0378,22223,MARIA JOSÉ PEREIRA DO AMARAL HUNGLAUB,PR,Deputado Estadual,25,2018
0378,22225,ANTONIO DE PADUA PACHECO,PR,Deputado Estadual,14,2018
0378,22228,MARIA GILCELIA DE ASSIS,PR,Deputado Estadual,0,2018
0378,22233,JOÃO MOTA DOS SANTOS,PR,Deputado Estadual,3,2018
0378,22260,BRUNO JACINTHO,PR,Deputado Estadual,0,2018
0378,22269,ROSÂNGELA APARECIDA GOZZO,PR,Deputado Estadual,2,2018
0378,22277,JOSÉ RONALDO GOMES DA SILVA,PR,Deputado Estadual,0,2018
0378,22280,ANTONINHA JOSELI PEREIRA,PR,Deputado Estadual,0,2018
0378,22299,PATRICIA BAPTISTELLA,PR,Deputado Estadual,0,2018
0378,22300,GUILHERME PIAI SILVA FILIZZOLA,PR,Deputado Estadual,2,2018
0378,22303,FABIANE MARQUES DE SOUZA CAMPOS,PR,Deputado Estadual,1,2018
0378,22311,ELIANE BALSANTE LUCAS,PR,Deputado Estadual,0,2018
0378,22321,WALTER ABRAHÃO FILHO,PR,Deputado Estadual,6,2018
0378,22322,DANIELE MAZUQUELI ALONSO,PR,Deputado Estadual,25,2018
0378,22330,APARECIDA CUSTODIO DOS SANTOS,PR,Deputado Estadual,170,2018
0378,22333,LAERTE SONSIN JUNIOR,PR,Deputado Estadual,22,2018
0378,22343,THIAGO REIS AURICCHIO,PR,Deputado Estadual,72,2018
0378,22345,ROY NELSON PINTO,PR,Deputado Estadual,2,2018
0378,22369,NATALINO DA SILVA BRAUNA,PR,Deputado Estadual,0,2018
0378,22377,SAMUEL SIQUEIRA,PR,Deputado Estadual,1,2018
0378,22400,LUCIANO BATISTA,PR,Deputado Estadual,8,2018
0378,22422,MARIA LUCIA MELLA NAF,PR,Deputado Estadual,0,2018
0378,22432,ADEMAR ALVES DE CARVALHO,PR,Deputado Estadual,0,2018
0378,22444,JOSÉ PAGLIARINI FILHO,PR,Deputado Estadual,41,2018
0378,22455,CARLOS ROBERTO ROSSATO,PR,Deputado Estadual,1,2018
0378,22456,ANTONIO DIRCEU DALBEN,PR,Deputado Estadual,671,2018
0378,22500,PATRICIA DA SILVA FEITOSA,PR,Deputado Estadual,0,2018
0378,22522,MARCELO MANFRIM,PR,Deputado Estadual,11,2018
0378,22550,ADNA ANA SIQUEIRA TEIXEIRA,PR,Deputado Estadual,4,2018
0378,22552,GRAÇA ERNESTINA ANAY SILVA DIAS,PR,Deputado Estadual,0,2018
0378,22555,ELIANA PASSARELLI,PR,Deputado Estadual,85,2018
0378,22567,RÚBSON SILVA RIOS,PR,Deputado Estadual,2,2018
0378,22580,ISA DE SOUSA MASCARENHAS,PR,Deputado Estadual,0,2018
0378,22589,GILBERTO BORJA PINTO,PR,Deputado Estadual,0,2018
0378,22599,CRISTIANY DE CASTRO,PR,Deputado Estadual,8,2018
0378,22600,MARCOS MULLER,PR,Deputado Estadual,20,2018
0378,22622,EDNEI APARECIDO VALENCIO,PR,Deputado Estadual,2,2018
0378,22666,ROBERTO DOS SANTOS,PR,Deputado Estadual,0,2018
0378,22675,GERVINO CLÁUDIO GONÇALVES,PR,Deputado Estadual,0,2018
0378,22678,JULIO CESAR LOPES FUDA,PR,Deputado Estadual,17,2018
0378,22700,ANTONIO PADRON NETO,PR,Deputado Estadual,22,2018
0378,22722,PAULO ROBERTO DE QUEIROZ MOTTA,PR,Deputado Estadual,0,2018
0378,22777,WILSON CALDEIRA PAIVA,PR,Deputado Estadual,45,2018
0378,22789,DANIEL ROSSI,PR,Deputado Estadual,2,2018
0378,22800,CLEOMENES ANTUNES JUNIOR,PR,Deputado Estadual,4,2018
0378,22822,JONAS DE SOUZA CAMISA NOVA,PR,Deputado Estadual,0,2018
0378,22888,GRACIELA DE LOURDES DAVID AMBRÓSIO,PR,Deputado Estadual,11,2018
0378,22899,THIAGO GONÇALES,PR,Deputado Estadual,0,2018
0378,22900,ANDERSON BRANCO DA SILVA,PR,Deputado Estadual,0,2018
0378,22911,HELIO VENANCIO FERREIRA,PR,Deputado Estadual,8,2018
0378,22999,ANDRÉ LUIS DO PRADO,PR,Deputado Estadual,11,2018
0378,23000,GUILHERME ANEDES SALLES MENDES,PPS,Deputado Estadual,2,2018
0378,23111,ANTONIO CLAUDIO FLORES PITERI,PPS,Deputado Estadual,3,2018
0378,23120,CHANG YUET JING LIN,PPS,Deputado Estadual,1,2018
0378,23123,DAVID ZAIA,PPS,Deputado Estadual,133,2018
0378,23222,PAULO ANDRE BERTONE FANECO,PPS,Deputado Estadual,4,2018
0378,23300,JULIO ALEXANDRE SBIZERA COSTA,PPS,Deputado Estadual,1,2018
0378,23423,JULIO CESAR FUZARI,PPS,Deputado Estadual,2,2018
0378,23444,ORESTES PIMENTEL SOARES DE MISQUITA,PPS,Deputado Estadual,4,2018
0378,23456,FERNANDO HENRIQUE CURY,PPS,Deputado Estadual,8,2018
0378,23500,MAYRA ROSANNA GAMA DE ARAUJO SILVA DA COSTA,PPS,Deputado Estadual,44,2018
0378,23623,ROBERTO TURCHI DE MORAIS,PPS,Deputado Estadual,17,2018
0378,23789,EDNA FLOR,PPS,Deputado Estadual,13,2018
0378,23888,ALESSANDRA DE ASSIS BERRIEL,PPS,Deputado Estadual,2,2018
0378,25000,MARIANA PRADO NEVES DE OLIVEIRA ALVES,DEM,Deputado Estadual,17,2018
0378,25014,SEVERINO BEZERRA DE ANDRADE,DEM,Deputado Estadual,0,2018
0378,25025,APARECIDO DE CAMPOS FILHO,DEM,Deputado Estadual,2442,2018
0378,25077,MARIA LEDA ALVES DA COSTA,DEM,Deputado Estadual,0,2018
0378,25100,ROGÉRIO ANTÔNIO FURTADO BARROS,DEM,Deputado Estadual,1,2018
0378,25111,RODRIGO AUGUSTO MORAES,DEM,Deputado Estadual,407,2018
0378,25118,EDMIR JOSE ABI CHEDID,DEM,Deputado Estadual,50,2018
0378,25122,JOSE ALDO DEMARCHI,DEM,Deputado Estadual,32,2018
0378,25123,ROGERIO NOGUEIRA LOPES CRUZ,DEM,Deputado Estadual,288,2018
0378,25199,ESTEVAM GALVÃO DE OLIVEIRA,DEM,Deputado Estadual,6,2018
0378,25222,ROQUE LEVI SANTOS TAVARES,DEM,Deputado Estadual,2,2018
0378,25233,ROMILDO VIRGINIO DOS SANTOS,DEM,Deputado Estadual,1,2018
0378,25250,MILTON LEITE DA SILVA FILHO,DEM,Deputado Estadual,33,2018
0378,25255,ELAINE GONÇALVES OLIVEIRA,DEM,Deputado Estadual,2,2018
0378,25333,DANIEL BEZERRA RIBEIRO SOARES,DEM,Deputado Estadual,528,2018
0378,25555,ARTHUR MOLEDO DO VAL,DEM,Deputado Estadual,2890,2018
0378,25777,DANIELE ALVES DO AMPARO SOARES,DEM,Deputado Estadual,28,2018
0378,27000,TALITA EYMAEL LATÃES,DC,Deputado Estadual,1,2018
0378,27027,CLARICE OLGA SCHAITNER CESTARO,DC,Deputado Estadual,0,2018
0378,27047,CELIA APARECIDA FAGUNDES LEITE,DC,Deputado Estadual,0,2018
0378,27100,ANTONIO JORGE FILHO,DC,Deputado Estadual,0,2018
0378,27111,ROBERTO AUGUSTO PROCOPIO FERREIRA,DC,Deputado Estadual,0,2018
0378,27112,PAULO HENRIQUE RIBEIRO,DC,Deputado Estadual,0,2018
0378,27127,EDSON CARLOS MIRANDA MONTEIRO,DC,Deputado Estadual,0,2018
0378,27133,GICILENE DE LIMA MATUZAKI,DC,Deputado Estadual,1,2018
0378,27137,HUMBERTO DE ALENCAR SILVA,DC,Deputado Estadual,0,2018
0378,27154,APARECIDO LOURENÇO,DC,Deputado Estadual,0,2018
0378,27158,NEZIONETE HONORATO AMORIM,DC,Deputado Estadual,0,2018
0378,27222,EDMILSON LÁZARO GROPPO,DC,Deputado Estadual,0,2018
0378,27232,JOSÉ ROBERTO ARAUJO SOUZA,DC,Deputado Estadual,12,2018
0378,27270,IONARA MACHADO SOUZA,DC,Deputado Estadual,0,2018
0378,27278,RAIMUNDO NOUZINHO REIS SOARES,DC,Deputado Estadual,0,2018
0378,27299,VANDERLINO BATISTA MACHADO,DC,Deputado Estadual,0,2018
0378,27317,ISMAEL DA SILVA SOUZA,DC,Deputado Estadual,2,2018
0378,27333,DANIEL CRISÓSTOMO DOS SANTOS,DC,Deputado Estadual,0,2018
0378,27461,MARIA VERENA GAYOTTO CAMPOS,DC,Deputado Estadual,0,2018
0378,27464,KILDARE ANTONIO DE ARAUJO,DC,Deputado Estadual,0,2018
0378,27500,GREGORY WATERKEMPER DE SOUZA,DC,Deputado Estadual,0,2018
0378,27507,ADRIANA CARDOSO DE SA,DC,Deputado Estadual,1,2018
0378,27532,HELIOMAR COELHO SILVA JUNIOR,DC,Deputado Estadual,0,2018
0378,27557,EDSON RICARDO GUIMARÃES,DC,Deputado Estadual,0,2018
0378,27563,ALMIR JOSE DE MELO,DC,Deputado Estadual,1,2018
0378,27600,LETICIA IANCA MATOS,DC,Deputado Estadual,0,2018
0378,27640,LEVI ALEXANDRE DE OLIVEIRA,DC,Deputado Estadual,0,2018
0378,27717,JONADABES LOPES,DC,Deputado Estadual,2,2018
0378,27768,MARCOS TADEU DA COSTA PACHECO,DC,Deputado Estadual,0,2018
0378,28000,WILKER CAMARGO,PRTB,Deputado Estadual,2,2018
0378,28007,DELSO CARDOSO CYPRIANO,PRTB,Deputado Estadual,0,2018
0378,28008,JUCIMARA DE ALMEIDA SILVA PIAI,PRTB,Deputado Estadual,0,2018
0378,28014,VALMIR ALVES DA SILVA,PRTB,Deputado Estadual,0,2018
0378,28026,EMERSON PEIXOTO,PRTB,Deputado Estadual,0,2018
0378,28028,ISABELLA SANCHES DE SOUSA TREVISANI,PRTB,Deputado Estadual,0,2018
0378,28029,GLEICE APARECIDA DA SILVA,PRTB,Deputado Estadual,1,2018
0378,28038,HELIO SANTIAGO DOS SANTOS,PRTB,Deputado Estadual,3,2018
0378,28048,JOSE LUIS BARROS FILHO,PRTB,Deputado Estadual,0,2018
0378,28051,JOSÉ LUIZ GLADCHI,PRTB,Deputado Estadual,0,2018
0378,28073,DANIELA CORREA SANTOS,PRTB,Deputado Estadual,0,2018
0378,28079,ANDRÉ ALVES DA SILVA,PRTB,Deputado Estadual,0,2018
0378,28080,MARIA IZABEL PRANDO,PRTB,Deputado Estadual,0,2018
0378,28090,DANIEL BATISTA,PRTB,Deputado Estadual,0,2018
0378,28100,DORIEDSON SIMÃO DE OLIVEIRA,PRTB,Deputado Estadual,0,2018
0378,28111,DEIVID LOPES DA SILVA,PRTB,Deputado Estadual,0,2018
0378,28112,ANTONIO CARLOS ALVES DE LIRA,PRTB,Deputado Estadual,0,2018
0378,28122,YURI GAMA COSTA,PRTB,Deputado Estadual,0,2018
0378,28123,GERALDO PEREIRA FILHO,PRTB,Deputado Estadual,3,2018
0378,28128,LÍVIA MARIA RODRIGUES FIDELIX DA CRUZ,PRTB,Deputado Estadual,190,2018
0378,28166,JULIO CESAR DE SIMONE,PRTB,Deputado Estadual,0,2018
0378,28167,REINALDO RIBEIRO MOTA,PRTB,Deputado Estadual,0,2018
0378,28190,OSVALDO SANTOS DA SILVA,PRTB,Deputado Estadual,0,2018
0378,28191,JASIEL ANTONIO OLIVEIRA DE SOUZA,PRTB,Deputado Estadual,3,2018
0378,28199,LEILSON CASTRO DOS SANTOS,PRTB,Deputado Estadual,0,2018
0378,28200,ERICH DE ANDRÉS,PRTB,Deputado Estadual,0,2018
0378,28204,FRANCISCO ALVES DA SILVA,PRTB,Deputado Estadual,0,2018
0378,28222,MARA LUCIA GARCIA,PRTB,Deputado Estadual,1,2018
0378,28228,ADRIANO JOSÉ DOS REIS,PRTB,Deputado Estadual,0,2018
0378,28246,ILDETE FERREIRA DO PRADO COSTA,PRTB,Deputado Estadual,1,2018
0378,28282,FABIO SILINGARDI,PRTB,Deputado Estadual,0,2018
0378,28290,OZEIAS UMBELINO PINHEIRO,PRTB,Deputado Estadual,0,2018
0378,28323,EUDES APARECIDO MARTINS,PRTB,Deputado Estadual,0,2018
0378,28328,GETÚLIO DE SOUSA SANTOS,PRTB,Deputado Estadual,1,2018
0378,28353,FRANCISCO SEVERIANO DA SILVA,PRTB,Deputado Estadual,0,2018
0378,28388,MARCIO SOUZA RIBEIRO,PRTB,Deputado Estadual,0,2018
0378,28492,MARCOS ANTONIO DA CUNHA,PRTB,Deputado Estadual,0,2018
0378,28500,MARCELA TEIXEIRA BERNARDO,PRTB,Deputado Estadual,1,2018
0378,28501,RAIMUNDA NONATA BORGES,PRTB,Deputado Estadual,0,2018
0378,28510,LUIZETE FERREIRA DA SILVA,PRTB,Deputado Estadual,1,2018
0378,28513,JOSÉ CARLOS ROCHA,PRTB,Deputado Estadual,0,2018
0378,28518,ANTONIO CARLOS PANTANO,PRTB,Deputado Estadual,0,2018
0378,28528,JOSÉ NILTON GOMES DOS SANTOS,PRTB,Deputado Estadual,2,2018
0378,28600,PATRÍCIA GUERREIRO,PRTB,Deputado Estadual,0,2018
0378,28660,SIMONE MORAIS DOS SANTOS,PRTB,Deputado Estadual,0,2018
0378,28700,ROSANGELA VICENTE MOTTA,PRTB,Deputado Estadual,2,2018
0378,28718,ÍTALO GOSMANI MOLON,PRTB,Deputado Estadual,0,2018
0378,28765,RICARDO DOS SANTOS RABAÇA,PRTB,Deputado Estadual,0,2018
0378,28777,ELISANDRA DE MATTOS,PRTB,Deputado Estadual,0,2018
0378,28789,OSEIAS PINO GUARDIOLA,PRTB,Deputado Estadual,0,2018
0378,28800,ROSELI FERREIRA RICARDO,PRTB,Deputado Estadual,0,2018
0378,28825,SIMONE APARECIDA DE SOUZA SANO,PRTB,Deputado Estadual,0,2018
0378,28888,CÍCERO JOSÉ DE GOUVEIA,PRTB,Deputado Estadual,1,2018
0378,28900,WAGNERIANO DE LIMA MOREIRA,PRTB,Deputado Estadual,4,2018
0378,28901,IZABEL CRISTINA ROSA,PRTB,Deputado Estadual,0,2018
0378,28934,RENNÊ VIEIRA DE CARVALHO,PRTB,Deputado Estadual,0,2018
0378,30000,GABRIELA SILVEIRA DA ROCHA CAMARGO,NOVO,Deputado Estadual,151,2018
0378,30001,PAULO ROGERIO DENONI,NOVO,Deputado Estadual,10,2018
0378,30002,CRISTINA PEREIRA MONTEIRO,NOVO,Deputado Estadual,64,2018
0378,30003,ANA PAULA LOURENÇO,NOVO,Deputado Estadual,88,2018
0378,30005,EDUARDO LIMA DE SOUZA,NOVO,Deputado Estadual,26,2018
0378,30007,ALEXANDRE GODINHO BERTONCELLO,NOVO,Deputado Estadual,17,2018
0378,30009,PEDRO PEDRAL VANIN,NOVO,Deputado Estadual,7,2018
0378,30010,MONICA RAMIRES FERRAZ CURY,NOVO,Deputado Estadual,5,2018
0378,30016,MARIA APARECIDA RORATO,NOVO,Deputado Estadual,11,2018
0378,30017,MARCO ANTONIO RIBEIRO FEITOSA,NOVO,Deputado Estadual,27,2018
0378,30018,ROBERTA PINTO GRABERT,NOVO,Deputado Estadual,8,2018
0378,30019,RODRIGO GONÇALVES,NOVO,Deputado Estadual,0,2018
0378,30022,WILSON DE MELLO JUNIOR,NOVO,Deputado Estadual,5,2018
0378,30030,PAULO EDUARDO ANDRADE ORTIZ,NOVO,Deputado Estadual,16,2018
0378,30033,JAIRO MATHEOS FILHO,NOVO,Deputado Estadual,7,2018
0378,30037,JOSE RICARDO DE MORAES PINTO,NOVO,Deputado Estadual,9,2018
0378,30060,SUSANA LAMBERT DE BRITO SILVA,NOVO,Deputado Estadual,8,2018
0378,30077,JOSE EUGENIO FIGUEIREDO,NOVO,Deputado Estadual,4,2018
0378,30080,INGRID MIRIA FRARE,NOVO,Deputado Estadual,2,2018
0378,30100,RICARDO LUIS MELLAO,NOVO,Deputado Estadual,32,2018
0378,30111,HENI OZI CUKIER,NOVO,Deputado Estadual,333,2018
0378,30123,RAFAEL RIBEIRO ZUCCO,NOVO,Deputado Estadual,22,2018
0378,30130,LUIS ALEXANDRE PINHEIRO,NOVO,Deputado Estadual,1,2018
0378,30153,MIRIAM MARIA ANTUNES DE SOUZA,NOVO,Deputado Estadual,84,2018
0378,30190,ISAAC JULIO BARRETO LOPES BITTENCOURT,NOVO,Deputado Estadual,11,2018
0378,30222,RAPHAELA DE AZEVEDO GAETA,NOVO,Deputado Estadual,4,2018
0378,30234,ROBERTO CARLOS DE ALMEIDA,NOVO,Deputado Estadual,1,2018
0378,30300,DANIEL JOSÉ DA SILVA OLIVEIRA,NOVO,Deputado Estadual,363,2018
0378,30321,MARCOS ALEXANDRE DO NASCIMENTO ZOGNO,NOVO,Deputado Estadual,1,2018
0378,30330,MOISES BENEDITO ROSSI DA CUNHA,NOVO,Deputado Estadual,6,2018
0378,30333,CAROLINA CURIMBABA CAVALCANTE,NOVO,Deputado Estadual,47,2018
0378,30350,ROGERIO SILVA DE SOUZA,NOVO,Deputado Estadual,5,2018
0378,30400,ELIANA PRADO DE AZEVEDO,NOVO,Deputado Estadual,0,2018
0378,30444,EDUARDO HERNANDES DOMINGUES,NOVO,Deputado Estadual,9,2018
0378,30456,JOSE LUIZ PINTO DE MIRANDA,NOVO,Deputado Estadual,1,2018
0378,30500,SERGIO LUIZ VICTOR JUNIOR,NOVO,Deputado Estadual,11,2018
0378,30530,SILVANA ALVES POLO BARONE,NOVO,Deputado Estadual,14,2018
0378,30555,FELIPE LUIZ DE OLIVEIRA,NOVO,Deputado Estadual,2,2018
0378,30567,FABIO MOURA DA SILVA,NOVO,Deputado Estadual,0,2018
0378,30600,CECILIA CARMEN JACINTHO ANDRADE,NOVO,Deputado Estadual,23,2018
0378,30700,CICERO DE OLIVEIRA SALLES JUNIOR,NOVO,Deputado Estadual,21,2018
0378,30777,MARCOS DA SILVA COSTA,NOVO,Deputado Estadual,24,2018
0378,30789,EDUARDO AUGUSTO RISSI,NOVO,Deputado Estadual,18,2018
0378,30800,ANDREA DECOURT SAVELLI,NOVO,Deputado Estadual,78,2018
0378,30808,PAULO FORTES DIAS DE SOUZA,NOVO,Deputado Estadual,2,2018
0378,30833,IVAN RODRIGUES SANTANA,NOVO,Deputado Estadual,0,2018
0378,30888,LUCIANA FONTES LAVIERI ALBERTO,NOVO,Deputado Estadual,10,2018
0378,30900,DANIEL BISCOLA PEREIRA,NOVO,Deputado Estadual,558,2018
0378,30930,JOAO BATISTA DE OLIVEIRA SOBRINHO,NOVO,Deputado Estadual,0,2018
0378,30999,MAURICIO CARLOS EGYDIO,NOVO,Deputado Estadual,5,2018
0378,31000,PAULO JORGE MANSUR NETO,PHS,Deputado Estadual,522,2018
0378,31001,IONITA DE OLIVEIRA KRUGNER,PHS,Deputado Estadual,1,2018
0378,31002,MARCIO JOSE DA SILVA,PHS,Deputado Estadual,0,2018
0378,31004,ANDRÉ LUIZ COUTINHO DE SOUZA,PHS,Deputado Estadual,0,2018
0378,31005,NELSON FERREIRA FILHO,PHS,Deputado Estadual,1,2018
0378,31006,JOSÉ TIAGO PEREIRA DE SANTANA,PHS,Deputado Estadual,0,2018
0378,31007,LUIS FERNANDO QUINTEIRO DE SOUZA,PHS,Deputado Estadual,2,2018
0378,31008,EDISON BARBOSA VIEIRA SOBRINHO,PHS,Deputado Estadual,0,2018
0378,31009,WALTER PAIVA CIGLIONI,PHS,Deputado Estadual,0,2018
0378,31010,ADEMIR DA GUIA,PHS,Deputado Estadual,53,2018
0378,31011,ALEX DEIVE LOPES SOARES,PHS,Deputado Estadual,0,2018
0378,31015,CÍCERA ALVES DO NASCIMENTO SOARES,PHS,Deputado Estadual,1,2018
0378,31016,JACKSON SOARES GOMES,PHS,Deputado Estadual,0,2018
0378,31017,KELLY CEZARIO ESTEFANO AFONSO DA SILVA,PHS,Deputado Estadual,0,2018
0378,31019,JULIANA AVEIRO,PHS,Deputado Estadual,6,2018
0378,31021,PEDRO AUGUSTO MÁXIMO FAVARON,PHS,Deputado Estadual,0,2018
0378,31022,MARA CRISTINA DA SILVA TAVARES,PHS,Deputado Estadual,1,2018
0378,31023,SONIA REGINA LAZARO,PHS,Deputado Estadual,0,2018
0378,31025,JOSE CARLOS CAETANO,PHS,Deputado Estadual,6,2018
0378,31026,PAULO BARBOSA FRANCISCO,PHS,Deputado Estadual,0,2018
0378,31028,MARCOS ANTONIO PREZENÇA,PHS,Deputado Estadual,0,2018
0378,31029,JOSÉ FORTUNATO SANTANA JÚNIOR,PHS,Deputado Estadual,0,2018
0378,31031,DAMARIS DIAS MOURA KUO,PHS,Deputado Estadual,203,2018
0378,31032,JUAREZ DE CARVALHO COSTA,PHS,Deputado Estadual,0,2018
0378,31034,ADILSON LUIZ DA CRUZ,PHS,Deputado Estadual,1,2018
0378,31035,RONALDO ELIAS MARIANO,PHS,Deputado Estadual,0,2018
0378,31040,LUIZ HENRIQUE POLITA JARDIM TEIXEIRA,PHS,Deputado Estadual,0,2018
0378,31043,JUAREZ SOLANA DE FREITAS,PHS,Deputado Estadual,5,2018
0378,31044,ANA PAULA OLIVEIRA SOUZA,PHS,Deputado Estadual,0,2018
0378,31051,MARIA DA GLÓRIA MATOS GUILHAMATE,PHS,Deputado Estadual,0,2018
0378,31055,JERUSA JANUÁRIA DA SILVA,PHS,Deputado Estadual,2,2018
0378,31077,CLAUDETE CACCIAGUERRA,PHS,Deputado Estadual,0,2018
0378,31100,MARIO CESAR TRUNCI DE MARCO,PHS,Deputado Estadual,1,2018
0378,31109,FIRMINA ALVES DA SILVA,PHS,Deputado Estadual,0,2018
0378,31111,BRUNO CESAR ANDRELLO STIPPE,PHS,Deputado Estadual,3,2018
0378,31113,LETIVAN RODRIGUES DE CARVALHO,PHS,Deputado Estadual,0,2018
0378,31115,ANTONIO HENRIQUE PEREIRA LEITE,PHS,Deputado Estadual,0,2018
0378,31117,JAIRO PEDRO DE ASSIS,PHS,Deputado Estadual,1,2018
0378,31118,SIDNEY DE OLIVEIRA SOARES,PHS,Deputado Estadual,0,2018
0378,31121,FABRÍCIO MARCOS DA SILVA,PHS,Deputado Estadual,0,2018
0378,31123,PAULO DE TARSO NUNES CHIODE,PHS,Deputado Estadual,2,2018
0378,31124,CINTIA DE OLIVEIRA SILVA,PHS,Deputado Estadual,0,2018
0378,31130,MARIA DE FATIMA RODRIGUES ANDRADE PIRES,PHS,Deputado Estadual,0,2018
0378,31131,EDSON SATORU SAKASHITA,PHS,Deputado Estadual,5,2018
0378,31133,MARCO ANTONIO ZITO ALVARENGA,PHS,Deputado Estadual,6,2018
0378,31139,ELIAS DIAS DOS SANTOS,PHS,Deputado Estadual,0,2018
0378,31164,KÁTIA TORBA PERRONE,PHS,Deputado Estadual,0,2018
0378,31183,VALDIR DONIZETE FLAUSINO,PHS,Deputado Estadual,0,2018
0378,31190,FERDINANDO AUGUSTO GALERA,PHS,Deputado Estadual,7,2018
0378,31193,ANGELO MARCIO DE JESUS SILVA,PHS,Deputado Estadual,1,2018
0378,31199,EDSON RODRIGUES CARDOSO,PHS,Deputado Estadual,0,2018
0378,31200,ALESSANDRO RUIZ MARTINEZ,PHS,Deputado Estadual,89,2018
0378,31201,VINÍCIUS DE ANDRADE PEREIRA,PHS,Deputado Estadual,0,2018
0378,31202,THEREZINHA MARIA DE JESUS DA SILVA,PHS,Deputado Estadual,0,2018
0378,31211,RAIMUNDO SOUZA TEIXEIRA,PHS,Deputado Estadual,0,2018
0378,31222,WALDIR FRANCISCO LIMA,PHS,Deputado Estadual,2,2018
0378,31234,MARCUS VINÍCIUS ANDRADE AMBRÓSIO,PHS,Deputado Estadual,2,2018
0378,31277,LUIZ EUSTAQUIO DOS SANTOS,PHS,Deputado Estadual,0,2018
0378,31291,REGINALDO NUNES BEZERRA,PHS,Deputado Estadual,0,2018
0378,31299,PAULO SÉRGIO RODRIGUES DA SILVA,PHS,Deputado Estadual,16,2018
0378,31300,AILTON APARECIDO TIPÓ LAURINDO,PHS,Deputado Estadual,6,2018
0378,31303,FELIPE ANDRE CANUTO GOMES,PHS,Deputado Estadual,1,2018
0378,31311,NOELI PEREIRA MAESTER,PHS,Deputado Estadual,1,2018
0378,31313,ULISSES ROBERTO CORNAZZANI SALES,PHS,Deputado Estadual,3,2018
0378,31320,EDSON DA CRUZ,PHS,Deputado Estadual,0,2018
0378,31322,VALDIRENY DE MIRA DA SILVA,PHS,Deputado Estadual,6,2018
0378,31331,BAZELAU RAMOS,PHS,Deputado Estadual,152,2018
0378,31333,THELMA ELAINE BRASILEIRO ROBERTI,PHS,Deputado Estadual,245,2018
0378,31349,RICARDO HOLZ VIDAL DOS SANTOS,PHS,Deputado Estadual,5,2018
0378,31364,DENIS DIAS DA ROCHA,PHS,Deputado Estadual,0,2018
0378,31373,MICHEL HENRIQUE MOREIRA BARBOSA,PHS,Deputado Estadual,0,2018
0378,31399,ROSEANE SEPRENYI,PHS,Deputado Estadual,0,2018
0378,31401,REGINA DE CÁSSIA  PONTES ALVES DA SILVA,PHS,Deputado Estadual,0,2018
0378,31421,CARLOS ALBERTO RIBEIRO,PHS,Deputado Estadual,1,2018
0378,31444,FERNANDO BITENCOURT,PHS,Deputado Estadual,0,2018
0378,31450,DALVA REGINA PERES,PHS,Deputado Estadual,0,2018
0378,31455,EDSON FUZARO DE CASTRO,PHS,Deputado Estadual,5,2018
0378,31456,JOÃO AGNALDO DONIZETI GANDINI,PHS,Deputado Estadual,6,2018
0378,31500,VALDECIR APARECIDO DO NASCIMENTO,PHS,Deputado Estadual,7,2018
0378,31531,JONAS DE CASTRO DIAS,PHS,Deputado Estadual,0,2018
0378,31550,TALITHA CICILINI GARAVATI,PHS,Deputado Estadual,1,2018
0378,31551,ANDRESSA LUIZ MARTINS,PHS,Deputado Estadual,2,2018
0378,31555,EDICARLOS DE OLIVEIRA SANTOS,PHS,Deputado Estadual,23,2018
0378,31611,RAMON BERTONI PEREIRA,PHS,Deputado Estadual,0,2018
0378,31631,RONALDO FRANCISCO DA CRUZ,PHS,Deputado Estadual,0,2018
0378,31650,WILLIAM SEITI SASHIDA,PHS,Deputado Estadual,1,2018
0378,31651,GUSTAVO HENRIQUE FARGIANI,PHS,Deputado Estadual,4,2018
0378,31660,HELENA APARECIDA GOMES,PHS,Deputado Estadual,1,2018
0378,31717,CRISTIANE FONTES DE CARVALHO NOGUEIRA,PHS,Deputado Estadual,3,2018
0378,31747,ODAIR DE ABREU,PHS,Deputado Estadual,0,2018
0378,31770,MARIA JOSETANIA DE OLIVEIRA TEIXEIRA,PHS,Deputado Estadual,0,2018
0378,31777,GERALDO PEREIRA DE BARROS NETO,PHS,Deputado Estadual,2,2018
0378,31780,BRAZ PEREIRA,PHS,Deputado Estadual,0,2018
0378,31787,AUGUSTO VIEIRA DA SILVA,PHS,Deputado Estadual,0,2018
0378,31789,GUSTAVO COELHO DA SILVA,PHS,Deputado Estadual,0,2018
0378,31800,JOSE ARIVALDO RODRIGUES,PHS,Deputado Estadual,5,2018
0378,31880,MARIA CORDELIZA DOS SANTOS,PHS,Deputado Estadual,0,2018
0378,31900,ADRIANA LUCIA BARRETO,PHS,Deputado Estadual,2,2018
0378,31972,ROSELI DE CAMPOS,PHS,Deputado Estadual,0,2018
0378,31973,ALEXANDRE OLIMPIO DOS SANTOS,PHS,Deputado Estadual,0,2018
0378,31977,LUIZ JACINTO NEPOMUCENO NETO,PHS,Deputado Estadual,0,2018
0378,31990,ELIAS DOS ANJOS,PHS,Deputado Estadual,0,2018
0378,31999,DANIELA HELENICE DANELUZZI SUTTO,PHS,Deputado Estadual,4,2018
0378,33001,JOSÉ MILTON RUIZ LOPES,PMN,Deputado Estadual,1,2018
0378,33003,MÔNICA MARINA BONIFÁCIO MOSCHETTA,PMN,Deputado Estadual,1,2018
0378,33033,FRANCISCO MARCOS IRAN AQUINO ROLIM,PMN,Deputado Estadual,2,2018
0378,33056,PAULO MASSARELLI,PMN,Deputado Estadual,2,2018
0378,33090,JOSÉ EDUARDO DE OLIVEIRA,PMN,Deputado Estadual,1,2018
0378,33111,MAYCON HYPPOLITO NOGUEIRA,PMN,Deputado Estadual,0,2018
0378,33125,ILIETE GERAGE,PMN,Deputado Estadual,0,2018
0378,33140,ROBERTO BARBOSA RODRIGUES,PMN,Deputado Estadual,4,2018
0378,33145,DIOGO ALVES DE PAIVA,PMN,Deputado Estadual,0,2018
0378,33150,JOÃO MARCOS LEITE,PMN,Deputado Estadual,1,2018
0378,33156,WILSON SANTOS MARTINS JUNIOR,PMN,Deputado Estadual,0,2018
0378,33190,CELIMAR GOMES DA SILVA,PMN,Deputado Estadual,40,2018
0378,33193,MARCIO DONIZETE CRUZ SILVA,PMN,Deputado Estadual,1,2018
0378,33216,ROBERTO VIEIRA DIAS,PMN,Deputado Estadual,1,2018
0378,33223,SANDRO CUNHA,PMN,Deputado Estadual,0,2018
0378,33233,ADIENE CRISTINA SCAREL BRENGA,PMN,Deputado Estadual,12,2018
0378,33300,ALEX BATISTA ROCHA,PMN,Deputado Estadual,62,2018
0378,33313,ANTONIO CARLOS FERREIRA JUNIOR,PMN,Deputado Estadual,0,2018
0378,33321,MICHAEL REGINALDO OLIVEIRA DO NASCIMENTO,PMN,Deputado Estadual,0,2018
0378,33333,CARLOS EDUARDO DA SILVA,PMN,Deputado Estadual,20,2018
0378,33356,CARLOS ROBERTO SILVA,PMN,Deputado Estadual,0,2018
0378,33445,LUCIANA ALVES BONIFÁCIO,PMN,Deputado Estadual,0,2018
0378,33456,REGINALDO VIANA GOMES,PMN,Deputado Estadual,1,2018
0378,33464,DENIVIA ROSA DOS SANTOS OLIVEIRA,PMN,Deputado Estadual,0,2018
0378,33555,JOSIVAN FERREIRA DE ASSIS,PMN,Deputado Estadual,0,2018
0378,33633,GERALDO DA SILVA MAIA FILHO,PMN,Deputado Estadual,15,2018
0378,33645,GLADISON DAVID NEIVA DIAS,PMN,Deputado Estadual,0,2018
0378,33651,RITA DE CASSIA MENEZES SANTOS NASCIMENTO,PMN,Deputado Estadual,0,2018
0378,33661,IRENILDA APARECIDA MARIA FRANCISCO,PMN,Deputado Estadual,2,2018
0378,33663,VERIDIANA DA SILVA CASTRO MARTINES,PMN,Deputado Estadual,0,2018
0378,33666,AGNALDO ALVES PEREIRA,PMN,Deputado Estadual,3,2018
0378,33707,ROGÉRIO MARCELINO DE MOURA,PMN,Deputado Estadual,0,2018
0378,33777,LUISA APARECIDA DE BARROS,PMN,Deputado Estadual,3,2018
0378,33789,ANDRÉ BASÍLIO DOS SANTOS,PMN,Deputado Estadual,0,2018
0378,33808,ELSA MUCHA ZANELLA,PMN,Deputado Estadual,0,2018
0378,33810,MARCOS ANTONIO COSTA,PMN,Deputado Estadual,0,2018
0378,33848,OSCAR DE MATTOS,PMN,Deputado Estadual,1,2018
0378,33888,JOSÉ FERREIRA CUNHA,PMN,Deputado Estadual,0,2018
0378,33900,MARIA ERIVANDA CAVALCANTE ARAÚJO,PMN,Deputado Estadual,1,2018
0378,35001,EDNEI APARECIDO PEREIRA,PMB,Deputado Estadual,0,2018
0378,35007,FRANCISCO MAURO DOS SANTOS,PMB,Deputado Estadual,0,2018
0378,35010,SIRA DA SILVA,PMB,Deputado Estadual,0,2018
0378,35011,ELIANA GUERREIRO,PMB,Deputado Estadual,0,2018
0378,35017,TALALE MICHEL CHEDID FILHO,PMB,Deputado Estadual,3,2018
0378,35022,ROSÁLIA DOS SANTOS LIMA,PMB,Deputado Estadual,0,2018
0378,35055,SANDRO HENRIQUE DE CARVALHO COELHO,PMB,Deputado Estadual,3,2018
0378,35100,ALESSANDRA VICENTE SILVERIO,PMB,Deputado Estadual,14,2018
0378,35111,HÉLIO TELES ALVES,PMB,Deputado Estadual,0,2018
0378,35123,AIRTON DA COSTA,PMB,Deputado Estadual,0,2018
0378,35129,CLEUZA SOUZA FRANÇA ALVES,PMB,Deputado Estadual,0,2018
0378,35135,SIMONE APARECIDA DE SOUZA SOARES,PMB,Deputado Estadual,2,2018
0378,35163,ROSIMEIRE SANTOS CESCHINI,PMB,Deputado Estadual,0,2018
0378,35321,MARIA DO CARMO DA CRUZ SANTOS,PMB,Deputado Estadual,0,2018
0378,35333,CARLA ZIPER PEREIRA DE CARVALHO,PMB,Deputado Estadual,4,2018
0378,35456,MARIA TERESA LANDUCCI ROSSIGALLI,PMB,Deputado Estadual,0,2018
0378,35477,REGIANE APARECIDA DE SOUZA NEVES,PMB,Deputado Estadual,2,2018
0378,35500,JOÃO MIGUEL ALVES,PMB,Deputado Estadual,0,2018
0378,35555,WENCESLAU DE SOUZA NETO,PMB,Deputado Estadual,0,2018
0378,35600,ADILSON ALVES DE OLIVEIRA,PMB,Deputado Estadual,0,2018
0378,35678,SARA REGINA ADÃO SILVA,PMB,Deputado Estadual,1,2018
0378,35755,TIAGO CESAR GONÇALVES,PMB,Deputado Estadual,1,2018
0378,35777,ANITA DOS SANTOS TAKAIYASU,PMB,Deputado Estadual,0,2018
0378,35853,WANDER RIBEIRO DE ALMEIDA,PMB,Deputado Estadual,0,2018
0378,35888,JAIME DA SILVA,PMB,Deputado Estadual,0,2018
0378,36000,LAURINDA VAZ DE LIMA,PTC,Deputado Estadual,8,2018
0378,36003,MAGNA SOUZA ARAUJO DA SILVA,PTC,Deputado Estadual,0,2018
0378,36007,RODRIGO EDUARDO DE ALMEIDA PARDI,PTC,Deputado Estadual,0,2018
0378,36010,REANOLFO CLAUDIO DE SIQUEIRA,PTC,Deputado Estadual,0,2018
0378,36013,TELISVALDO OLIVEIRA RIOS,PTC,Deputado Estadual,30,2018
0378,36015,ELIANE FLORENCIO DA SILVA,PTC,Deputado Estadual,0,2018
0378,36016,CLAUDIA OLIVEIRA RODRIGUES SANTOS,PTC,Deputado Estadual,1,2018
0378,36018,GERALDO MONTEIRO TEIXEIRA FILHO,PTC,Deputado Estadual,0,2018
0378,36019,ROSANA CASSIA DOS SANTOS,PTC,Deputado Estadual,2,2018
0378,36033,MAURICIO SIQUEIRA,PTC,Deputado Estadual,0,2018
0378,36036,LEONARDO DA SILVA BRIGAGAO,PTC,Deputado Estadual,0,2018
0378,36070,ALESSANDRO LEITE CAGE,PTC,Deputado Estadual,0,2018
0378,36100,MARINA CAFASSO MOREIRA FARIA,PTC,Deputado Estadual,0,2018
0378,36111,MARCELO LUCIANO DA SILVA,PTC,Deputado Estadual,0,2018
0378,36132,MILTON ANGELO RODRIGUES FILHO,PTC,Deputado Estadual,0,2018
0378,36190,ALEXANDRE ALVES DA ROCHA,PTC,Deputado Estadual,0,2018
0378,36222,FRANCISCA MARIA DE MORAES RODRIGUES,PTC,Deputado Estadual,0,2018
0378,36250,LUCIO FLAVIO PICANÇA FREIRE,PTC,Deputado Estadual,1,2018
0378,36333,PAULO FRANCISCO ALVARENGA BARBOSA,PTC,Deputado Estadual,0,2018
0378,36360,MOACYR SANTANA GUIMARAES,PTC,Deputado Estadual,2,2018
0378,36456,MARCELO DA CRUZ DE SOUZA,PTC,Deputado Estadual,0,2018
0378,36500,SERGIO BORGES ARRUDA,PTC,Deputado Estadual,0,2018
0378,36555,HELTON MESSIAS,PTC,Deputado Estadual,1,2018
0378,36705,JEFFERSON TORRES DA CRUZ,PTC,Deputado Estadual,0,2018
0378,36710,ELIZABET DA SILVA ALMEIDA,PTC,Deputado Estadual,0,2018
0378,36777,EDVALDO DA SILVA GABRIEL,PTC,Deputado Estadual,0,2018
0378,36789,ROGERIO JACOMO MICHELETTI,PTC,Deputado Estadual,0,2018
0378,36888,JOSE MARIA BARBOSA DA SILVA,PTC,Deputado Estadual,0,2018
0378,36889,JOYCE FELIX BARBOZA,PTC,Deputado Estadual,0,2018
0378,36904,MARCOS PRUDENTE CAJE,PTC,Deputado Estadual,0,2018
0378,40000,RAFAEL FERNANDO ZIMBALDI,PSB,Deputado Estadual,16112,2018
0378,40001,LUIS CLAUDIO LAPENA BARRETO,PSB,Deputado Estadual,7,2018
0378,40004,ANGELO JOSÉ LEITE CARDOSO COELHO,PSB,Deputado Estadual,16,2018
0378,40010,HUGO DO PRADO SANTOS,PSB,Deputado Estadual,7,2018
0378,40012,ANIZIA MOTTA DOS SANTOS LOURENÇO,PSB,Deputado Estadual,6,2018
0378,40014,ILDACY BOTELHO CORDEIRO,PSB,Deputado Estadual,1,2018
0378,40023,ORLANDO JOSÉ BOLÇONE,PSB,Deputado Estadual,2,2018
0378,40040,REGIS LEANDRO YASUMURA,PSB,Deputado Estadual,6,2018
0378,40080,SUELY VILELA,PSB,Deputado Estadual,1,2018
0378,40100,ROBERTO CARVALHO ENGLER PINTO,PSB,Deputado Estadual,13,2018
0378,40111,GILMARA ALMEIDA GONÇALVES RIEVRS OLIVEIRA,PSB,Deputado Estadual,6,2018
0378,40112,CARLOS CEZAR DA SILVA,PSB,Deputado Estadual,1022,2018
0378,40123,EDSON TOMAZINI,PSB,Deputado Estadual,17,2018
0378,40140,NELSON DIMAS BRAMBILLA,PSB,Deputado Estadual,8,2018
0378,40144,MARIA DE FATIMA DE CARVALHO,PSB,Deputado Estadual,3,2018
0378,40150,BASÍLIO ZECCHINI FILHO,PSB,Deputado Estadual,4,2018
0378,40163,LUZINETE ROSA DOS SANTOS,PSB,Deputado Estadual,0,2018
0378,40180,LUCIANA TRINDADE DE MACEDO,PSB,Deputado Estadual,1,2018
0378,40193,AMILTON PEREIRA BRITO,PSB,Deputado Estadual,7,2018
0378,40222,ROBERTO YOSHIHIRO SEKIYA,PSB,Deputado Estadual,2,2018
0378,40234,CAMILA CORREA MARINO,PSB,Deputado Estadual,1,2018
0378,40280,MARTA CRISTINA LEÃO FERREIRA DA CUNHA,PSB,Deputado Estadual,27,2018
0378,40300,GIL LANCASTER FRAZÃO DE MORÃES,PSB,Deputado Estadual,47,2018
0378,40321,RODOLFO HESSEL FANGANIELLO,PSB,Deputado Estadual,6,2018
0378,40333,ANA CRISTINA GONÇALVES DE ABREU SOUZA,PSB,Deputado Estadual,13,2018
0378,40400,ADILSON ROSSI,PSB,Deputado Estadual,156,2018
0378,40401,LUCIANA OLIVEIRA DE PAIVA,PSB,Deputado Estadual,1,2018
0378,40404,NILTON ROBERTO MARTINES,PSB,Deputado Estadual,8,2018
0378,40440,FÁBIO ALEXANDRE DE ARAÚJO NUNES,PSB,Deputado Estadual,6,2018
0378,40456,JOÃO CARLOS CARAMEZ,PSB,Deputado Estadual,5,2018
0378,40500,RAFAEL ANTONIO DA SILVA,PSB,Deputado Estadual,8,2018
0378,40505,FABRICIO AMARO ANDRADE,PSB,Deputado Estadual,3,2018
0378,40540,JOSÉ ANTONIO BARROS MUNHOZ,PSB,Deputado Estadual,13,2018
0378,40550,MARIO LUIZ TARRICONE,PSB,Deputado Estadual,1,2018
0378,40555,PAULO SERGIO BAPTISTA DE SOUZA,PSB,Deputado Estadual,3,2018
0378,40600,FABÍOLA DE CAMPOS BRAGA MATTOZINHO,PSB,Deputado Estadual,33,2018
0378,40610,DHONY OLIVEIRA SOUZA,PSB,Deputado Estadual,68,2018
0378,40640,CAIO FRANÇA DE GOUVEA GOMES,PSB,Deputado Estadual,59,2018
0378,40675,JOAQUIM MARCELINO JOFFRE NETO,PSB,Deputado Estadual,0,2018
0378,40740,ADMIR DONIZETI FERRO,PSB,Deputado Estadual,0,2018
0378,40777,ANDRÉ LUIS BUENO,PSB,Deputado Estadual,57,2018
0378,40780,JOSÉ AGRIPINO DA SILVA,PSB,Deputado Estadual,4,2018
0378,40789,VINICIUS ALMEIDA CAMARINHA,PSB,Deputado Estadual,4,2018
0378,40866,ROSELI APARECIDA KEIKO KOBAYASHI,PSB,Deputado Estadual,0,2018
0378,40888,EMILIANO ZAPATA FERREIRA MARCELINO SILVA,PSB,Deputado Estadual,18,2018
0378,40999,MARCO ANTONIO SILVA,PSB,Deputado Estadual,0,2018
0378,43000,FRANCISCO JARLES DA SILVA BEZERRA,PV,Deputado Estadual,3,2018
0378,43001,EDSON DE OLIVEIRA GIRIBONI,PV,Deputado Estadual,7,2018
0378,43008,JOSÉ HENRIQUE CONTI,PV,Deputado Estadual,92,2018
0378,43010,CÉLIA CANDIDA MARCONDES SMITH,PV,Deputado Estadual,5,2018
0378,43013,PRISCILA FRANÇA DE FIGUEIREDO,PV,Deputado Estadual,0,2018
0378,43015,JOÃO AMAURICIO PAULI,PV,Deputado Estadual,1,2018
0378,43024,REGINALDO SOUZA MACHADO,PV,Deputado Estadual,2,2018
0378,43033,FRANCISCO ANTONIO SARDELLI,PV,Deputado Estadual,54,2018
0378,43043,HERNANDO MAURO DIÓGENES DE AQUINO,PV,Deputado Estadual,3,2018
0378,43044,ESTER DA SILVA,PV,Deputado Estadual,1,2018
0378,43100,CELINA HARUMI NISHIZAWA,PV,Deputado Estadual,6,2018
0378,43123,CÍCERA SEVERINA DA CONCEIÇÃO MUSA,PV,Deputado Estadual,2,2018
0378,43135,JOSÉ AFONSO LOBATO,PV,Deputado Estadual,3,2018
0378,43199,LILIAN CRISTINA DOS SANTOS FARIA,PV,Deputado Estadual,0,2018
0378,43243,ANTONIO CARLOS MARTINS RIBEIRO,PV,Deputado Estadual,1,2018
0378,43300,LUANA LACERDA DE ALMEIDA,PV,Deputado Estadual,0,2018
0378,43333,ULYSSES MARIO TASSINARI,PV,Deputado Estadual,9,2018
0378,43334,LUIS MARCELO COMERON,PV,Deputado Estadual,1,2018
0378,43363,REINALDO DE SOUZA ALGUZ,PV,Deputado Estadual,144,2018
0378,43369,ORLANDO COUTO JUNIOR,PV,Deputado Estadual,5,2018
0378,43432,MARIA BEZERRA DE MENEZES SCORZA,PV,Deputado Estadual,0,2018
0378,43433,BRUNA HELENA SOUZA TEIXEIRA DE BARROS,PV,Deputado Estadual,27,2018
0378,43543,ANTONIO FERNANDES FERRARI,PV,Deputado Estadual,0,2018
0378,43622,CESAR AUGUSTO JOSÉ,PV,Deputado Estadual,1,2018
0378,43666,ANA DA SILVA FERNANDES,PV,Deputado Estadual,9,2018
0378,43777,CAIO CESAR MACHADO DA CUNHA,PV,Deputado Estadual,4,2018
0378,43999,VERA LÚCIA DA SILVA VENTURA,PV,Deputado Estadual,3,2018
0378,44000,REGINALDO PUGAS,PRP,Deputado Estadual,28,2018
0378,44002,JOSE FERNANDO DA SILVA LUZ,PRP,Deputado Estadual,0,2018
0378,44003,ABIGAIL BENTO DA SILVA,PRP,Deputado Estadual,9,2018
0378,44004,SERGIO CUNHA,PRP,Deputado Estadual,0,2018
0378,44005,APARECIDO DOS SANTOS,PRP,Deputado Estadual,0,2018
0378,44007,ANTONIO CLAUDINO CORDEIRO,PRP,Deputado Estadual,0,2018
0378,44008,SERGIO ALBUQUERQUE LIMA,PRP,Deputado Estadual,0,2018
0378,44012,PATRICIA DE ARRUDA APOLINÁRIO,PRP,Deputado Estadual,1,2018
0378,44014,MARIA ANDRADE DA SILVA,PRP,Deputado Estadual,0,2018
0378,44015,MARIA CRISTINA CICAGNO,PRP,Deputado Estadual,0,2018
0378,44016,MARIA REGINA ALMEIDA SANTOS SANCHES,PRP,Deputado Estadual,0,2018
0378,44018,ALAINY PRYSCILLA OLIVEIRA DA SILVA,PRP,Deputado Estadual,0,2018
0378,44022,TELMA GIMENEZ LOUREIRO,PRP,Deputado Estadual,0,2018
0378,44023,GRECIONE MAGALHÃES DE ALMEIDA,PRP,Deputado Estadual,0,2018
0378,44025,JOSE ROOSEVELT MARTOS,PRP,Deputado Estadual,0,2018
0378,44027,MARIA JOSE DA SILVA,PRP,Deputado Estadual,0,2018
0378,44040,WILLIAM ALBERTO DE ANDRADE,PRP,Deputado Estadual,0,2018
0378,44042,ORIDES MARTINS NEVES,PRP,Deputado Estadual,0,2018
0378,44043,JOSE VERGILIO REIS,PRP,Deputado Estadual,2,2018
0378,44044,RODRIGO PEREIRA DE OLIVEIRA,PRP,Deputado Estadual,0,2018
0378,44045,UZIEL FERREIRA DO NASCIMENTO,PRP,Deputado Estadual,0,2018
0378,44046,FRANCISCO DE ASSIS VIEIRA,PRP,Deputado Estadual,0,2018
0378,44047,ZENAIDE GONCALVES VIANA,PRP,Deputado Estadual,0,2018
0378,44055,JACKSON CARLOS SOUZA DO SACRAMENTO,PRP,Deputado Estadual,0,2018
0378,44062,PAULO PRADO LEITE,PRP,Deputado Estadual,0,2018
0378,44066,DOMINGOS SALVIO SANTOS DA ANUNCIAÇÃO,PRP,Deputado Estadual,0,2018
0378,44077,HELIO BRASSAROTO,PRP,Deputado Estadual,0,2018
0378,44088,WALTER BONETTI,PRP,Deputado Estadual,0,2018
0378,44091,JOSE JATOBA FILHO,PRP,Deputado Estadual,0,2018
0378,44100,ANTONIO ELITON SANTOS DE BRITO,PRP,Deputado Estadual,0,2018
0378,44105,DANIELE REGINA RODRIGUES DO CARMO,PRP,Deputado Estadual,0,2018
0378,44106,ANGELA ALVES PEREIRA GOUVEIA,PRP,Deputado Estadual,0,2018
0378,44111,PAULO MEDEIROS DOS SANTOS,PRP,Deputado Estadual,1,2018
0378,44113,MOISES FERREIRA DA SILVA,PRP,Deputado Estadual,1,2018
0378,44114,APARECIDO ALESSIO CRUZ DE OLIVEIRA,PRP,Deputado Estadual,0,2018
0378,44117,MARCOS FRANCISCO DE MORAES,PRP,Deputado Estadual,1,2018
0378,44118,LUIZ FERNANDES,PRP,Deputado Estadual,4,2018
0378,44120,JOSE CARLOS DOS SANTOS,PRP,Deputado Estadual,0,2018
0378,44122,DEYVISON ERIK GASPAR,PRP,Deputado Estadual,0,2018
0378,44123,JOÃO BATISTA BRANDÃO DO AMARAL,PRP,Deputado Estadual,1,2018
0378,44124,DALILA RITA VITOR DOS SANTOS DA SILVA,PRP,Deputado Estadual,0,2018
0378,44130,JOSE EDVALDO BRITO,PRP,Deputado Estadual,1,2018
0378,44140,MARCELO COLUSSO,PRP,Deputado Estadual,0,2018
0378,44142,LUCINEIA SECANECHIA MALTA,PRP,Deputado Estadual,0,2018
0378,44144,DANIEL MATIAS DA SILVA,PRP,Deputado Estadual,1,2018
0378,44153,DANIEL PEREIRA DA SILVA,PRP,Deputado Estadual,0,2018
0378,44157,RODNEI CESAR DE SOUZA,PRP,Deputado Estadual,0,2018
0378,44160,CLEIDE MARIA ARAUJO MODESTO,PRP,Deputado Estadual,0,2018
0378,44176,MARCELO ROMANO GONÇALVES,PRP,Deputado Estadual,0,2018
0378,44182,EDINEI ROCHA SANTANA,PRP,Deputado Estadual,0,2018
0378,44190,JEAN PIERRE FERREIRA DA SILVA,PRP,Deputado Estadual,0,2018
0378,44201,EROS GOMES RIBEIRO,PRP,Deputado Estadual,0,2018
0378,44211,RAFAEL PEREIRA DA SILVA,PRP,Deputado Estadual,0,2018
0378,44213,SERGIO ALVES DOS SANTOS,PRP,Deputado Estadual,0,2018
0378,44222,ROSANGELA HENRIQUE DE LIMA,PRP,Deputado Estadual,0,2018
0378,44223,MARTA CORREA DOS SANTOS,PRP,Deputado Estadual,1,2018
0378,44234,REGINALDO SOARES DOS SANTOS,PRP,Deputado Estadual,0,2018
0378,44255,EVERALDO CAETANO DA SILVA,PRP,Deputado Estadual,1,2018
0378,44301,ODIVA FERNANDES MENEZES,PRP,Deputado Estadual,0,2018
0378,44334,PAULO CALADO FARIAS,PRP,Deputado Estadual,0,2018
0378,44343,PATRICIA CONSUELO DE SOUZA,PRP,Deputado Estadual,0,2018
0378,44344,SILVANA INES MOREIRA,PRP,Deputado Estadual,0,2018
0378,44351,ILMA ROSA DA SILVA,PRP,Deputado Estadual,0,2018
0378,44411,AMAURY CUNHA CÂMARA,PRP,Deputado Estadual,2,2018
0378,44418,SILVANA REGINA DA SILVA DOS SANTOS,PRP,Deputado Estadual,0,2018
0378,44423,LUCIANA DRAGONE COUTINHO,PRP,Deputado Estadual,0,2018
0378,44425,ELISABETH APARECIDA RODRIGUES DOS SANTOS,PRP,Deputado Estadual,0,2018
0378,44440,JOSE CARLOS LEITE DE CARVALHO,PRP,Deputado Estadual,0,2018
0378,44441,ALESSANDRO MOGLIA,PRP,Deputado Estadual,1,2018
0378,44443,JOÃO LIMA COSTA,PRP,Deputado Estadual,0,2018
0378,44444,FELICIANO NAHIMY FILHO,PRP,Deputado Estadual,632,2018
0378,44445,MOYSES GABRIEL,PRP,Deputado Estadual,0,2018
0378,44447,CARMEM MARIA UCHOA FERNANDES,PRP,Deputado Estadual,0,2018
0378,44456,CARLOS ROBERTO RANGEL DE SOUZA,PRP,Deputado Estadual,0,2018
0378,44491,SONIA MARIA GUERREIRO PAZINI,PRP,Deputado Estadual,0,2018
0378,44499,ROSEMEIRE RIBEIRO,PRP,Deputado Estadual,0,2018
0378,44500,ROGERIO GOMES DO NASCIMENTO,PRP,Deputado Estadual,1,2018
0378,44511,JOSE CARLOS FLAUSINO,PRP,Deputado Estadual,0,2018
0378,44544,ISAIAS GUEDES GUIMARÃES,PRP,Deputado Estadual,0,2018
0378,44553,ROMILDO FIDELIS,PRP,Deputado Estadual,1,2018
0378,44567,JOSE BERALDO,PRP,Deputado Estadual,0,2018
0378,44600,ARMINDO ALBINO MUNHOZ,PRP,Deputado Estadual,0,2018
0378,44610,DANUBIA CRISTINA GOMES ALVES,PRP,Deputado Estadual,1,2018
0378,44631,JONAS FONTOURA SANTANA,PRP,Deputado Estadual,0,2018
0378,44663,MANOEL MILANEZ DA SILVA FILHO,PRP,Deputado Estadual,0,2018
0378,44666,JOÃO BOSCO DANTAS LOPES,PRP,Deputado Estadual,0,2018
0378,44677,ADRIANA SOUZA DOS SANTOS PEREIRA,PRP,Deputado Estadual,0,2018
0378,44678,OSVALDO LIMA DA SILVA,PRP,Deputado Estadual,0,2018
0378,44700,ITAMAR SENA,PRP,Deputado Estadual,1,2018
0378,44728,WLADIMIR ROGERIO DOS SANTOS,PRP,Deputado Estadual,0,2018
0378,44744,MARCELO EDUARDO AMICI JORGE,PRP,Deputado Estadual,0,2018
0378,44758,RENATO BORGIANI,PRP,Deputado Estadual,0,2018
0378,44774,MARCELO SOLON RODRIGUES,PRP,Deputado Estadual,0,2018
0378,44777,JESUS DE AQUINO,PRP,Deputado Estadual,4,2018
0378,44779,DALILA CAMARGO,PRP,Deputado Estadual,0,2018
0378,44789,JOÃO ALFREDO DE OLIVEIRA,PRP,Deputado Estadual,0,2018
0378,44800,MARCELO DONIZETTI FARIA RAMALHO,PRP,Deputado Estadual,1,2018
0378,44888,JOSE VALDIVINO GREGORIO,PRP,Deputado Estadual,0,2018
0378,44910,MARCOS PAULO CABRAL DE LIMA,PRP,Deputado Estadual,0,2018
0378,44944,VERA LUCIA APARECIDA ALVES,PRP,Deputado Estadual,0,2018
0378,44949,SILVANA REIS NICOLAU,PRP,Deputado Estadual,0,2018
0378,44977,NEUSA DA SILVA OLIVEIRA,PRP,Deputado Estadual,0,2018
0378,44999,RODRIGO SALES BARBOSA,PRP,Deputado Estadual,0,2018
0378,45000,CAUE CASEIRO MACRIS,PSDB,Deputado Estadual,321,2018
0378,45002,IVONE FERNANDES DIAS DO NASCIMENTO,PSDB,Deputado Estadual,1,2018
0378,45005,CAROLINA FUNARI LUCIO,PSDB,Deputado Estadual,1,2018
0378,45007,WIVIANE MARIA SPAZIANI,PSDB,Deputado Estadual,4,2018
0378,45009,SANDRA MARIA ANDRADE DE ALMEIDA,PSDB,Deputado Estadual,0,2018
0378,45045,GUSTAVO MARTINELLI,PSDB,Deputado Estadual,16,2018
0378,45100,CAIO MARCIO VIOTTO COUBE,PSDB,Deputado Estadual,7,2018
0378,45111,MARCO ANTONIO SCARASATI VINHOLI,PSDB,Deputado Estadual,9,2018
0378,45114,MARIA LUCIA CARDOSO PINTO AMARY,PSDB,Deputado Estadual,6,2018
0378,45115,JULIO PIRES DOS SANTOS JUNIOR,PSDB,Deputado Estadual,0,2018
0378,45121,VANESSA ORSINI,PSDB,Deputado Estadual,1,2018
0378,45122,ANTONIO DE SOUSA RAMALHO,PSDB,Deputado Estadual,5,2018
0378,45123,MAURÍCIO MENNA BARRETO GASPARINI,PSDB,Deputado Estadual,33,2018
0378,45125,MAURO BRAGATO,PSDB,Deputado Estadual,4,2018
0378,45145,GIOVANNA GUIMARÃES TRIPOLI,PSDB,Deputado Estadual,112,2018
0378,45151,JOSE CARLOS VAZ DE LIMA,PSDB,Deputado Estadual,33,2018
0378,45157,SANDRA CRISTINA LEITE SANTANA,PSDB,Deputado Estadual,4,2018
0378,45200,CELIA CAMARGO LEÃO EDELMUTH,PSDB,Deputado Estadual,2118,2018
0378,45222,ANTONIO DA ROCHA MARMO CEZAR,PSDB,Deputado Estadual,23,2018
0378,45232,CARLOS EDUARDO PIGNATARI,PSDB,Deputado Estadual,10,2018
0378,45300,FABIANO ANDREY BERTAGNOLI TRIGO,PSDB,Deputado Estadual,2,2018
0378,45321,PATRICIA GAMA DE QUADROS BEZERRA,PSDB,Deputado Estadual,85,2018
0378,45333,CARLOS CESAR ARCOLINO,PSDB,Deputado Estadual,6,2018
0378,45345,RAUL CHRISTIANO DE OLIVEIRA SANCHEZ,PSDB,Deputado Estadual,3,2018
0378,45400,ANALICE FERNANDES,PSDB,Deputado Estadual,75,2018
0378,45444,FHIAMA RAQUEL BISPO DE SOUZA,PSDB,Deputado Estadual,2,2018
0378,45445,MICHELLI VENEZIANI DA SILVA,PSDB,Deputado Estadual,11,2018
0378,45450,MARCUS MACEDO,PSDB,Deputado Estadual,7,2018
0378,45451,AURÉLIO NOMURA,PSDB,Deputado Estadual,19,2018
0378,45454,THOMÁS ANTONIO CAPELETTO DE OLIVEIRA,PSDB,Deputado Estadual,38,2018
0378,45455,GILMAR DA SILVA GIMENES,PSDB,Deputado Estadual,15,2018
0378,45456,MARCIO CESAR DE CAMARGO,PSDB,Deputado Estadual,8,2018
0378,45470,ANA CRISTINA DA SILVA COSTA,PSDB,Deputado Estadual,15,2018
0378,45477,ROBERTO MASSAFERA,PSDB,Deputado Estadual,2,2018
0378,45500,DEBORA MARCONDES SILVA,PSDB,Deputado Estadual,13,2018
0378,45545,JOBERT ALEXANDRINO,PSDB,Deputado Estadual,4,2018
0378,45555,CASSIO DE CASTRO NAVARRO,PSDB,Deputado Estadual,24,2018
0378,45600,CAROLINA DE MORAES PONTES,PSDB,Deputado Estadual,27,2018
0378,45610,HELIO NISHIMOTO,PSDB,Deputado Estadual,7,2018
0378,45633,AUGUSTO DUARTE MOREIRA NETO,PSDB,Deputado Estadual,3,2018
0378,45678,GILSON ALMEIDA BARRETO JUNIOR,PSDB,Deputado Estadual,8,2018
0378,45680,CARLA SARDANO MORANDO,PSDB,Deputado Estadual,5,2018
0378,45700,JOSE ANTONIO DE ANGELIS,PSDB,Deputado Estadual,12,2018
0378,45745,JOSÉ MARIO BRASILIENSE CARNEIRO,PSDB,Deputado Estadual,5,2018
0378,45777,CLAUDIO YUKIO MIYAKE,PSDB,Deputado Estadual,22,2018
0378,45780,MARCOS ANTONIO ZERBINI,PSDB,Deputado Estadual,12,2018
0378,45789,WILSON ALVES DAMASCENO,PSDB,Deputado Estadual,4,2018
0378,45800,PAULO MATHIAS DE TARSO,PSDB,Deputado Estadual,50,2018
0378,45845,THIAGO ANTUNES CAVALCA REIS LOBO,PSDB,Deputado Estadual,12,2018
0378,45855,ELISSANDRO MARCIO SILVA LINDOSO,PSDB,Deputado Estadual,24,2018
0378,45888,ADRIANO CAMARGO ANTONIO,PSDB,Deputado Estadual,1,2018
0378,45900,MARCO ANTONIO DA FONSECA BICHEIRO,PSDB,Deputado Estadual,1,2018
0378,50000,ANDERSON SEVERIANO GOMES,PSOL,Deputado Estadual,63,2018
0378,50001,ALEXANDRE PINHEIRO COSTA,PSOL,Deputado Estadual,3,2018
0378,50002,ALEXYA LUCAS EVANGELISTA SALVADOR,PSOL,Deputado Estadual,38,2018
0378,50005,TAMIRES DE SOUSA ARANTES,PSOL,Deputado Estadual,5,2018
0378,50007,MARIA CAROLINA LUIZ RUBINATO,PSOL,Deputado Estadual,17,2018
0378,50010,GENIVAL CALIXTO DA COSTA,PSOL,Deputado Estadual,4,2018
0378,50012,JESSICA MARQUES RIBEIRO,PSOL,Deputado Estadual,7,2018
0378,50013,EDINALDO DOS SANTOS MACEDO,PSOL,Deputado Estadual,0,2018
0378,50018,MAYKON RODRIGUES DOS SANTOS,PSOL,Deputado Estadual,6,2018
0378,50019,RONALDO DA CRUZ BRAGANÇA,PSOL,Deputado Estadual,12,2018
0378,50021,THYAGO MARCONDES,PSOL,Deputado Estadual,3,2018
0378,50030,SANDRO VINICIUS ORTEGA NICODEMO,PSOL,Deputado Estadual,1,2018
0378,50033,SIRLEI PEREIRA LIMA GOBI,PSOL,Deputado Estadual,0,2018
0378,50036,REGIS MARQUES RIBEIRO,PSOL,Deputado Estadual,0,2018
0378,50039,RODRIGO DA SILVA,PSOL,Deputado Estadual,0,2018
0378,50040,DORIVAL BORELLI FILHO,PSOL,Deputado Estadual,0,2018
0378,50050,ANITA DE GUSMÃO DAMIÃO,PSOL,Deputado Estadual,13,2018
0378,50051,PALOMA APARECIDA SOARES,PSOL,Deputado Estadual,2,2018
0378,50069,HAILEY KAAS ALVES PEDRO DA SILVA,PSOL,Deputado Estadual,20,2018
0378,50070,JOSELICIO FREITAS DOS SANTOS JUNIOR,PSOL,Deputado Estadual,1,2018
0378,50075,ANA CLAUDIA SILVA MIELKE,PSOL,Deputado Estadual,105,2018
0378,50077,CÁSSIO ALBERTO DO NASCIMENTO,PSOL,Deputado Estadual,12,2018
0378,50080,LUCAS DE PAULA LANDIN,PSOL,Deputado Estadual,1,2018
0378,50088,PAULO PEREIRA ROCHA,PSOL,Deputado Estadual,0,2018
0378,50090,FRANCISCO GILBERTO DA SILVA,PSOL,Deputado Estadual,0,2018
0378,50100,MARIANA CONTI TAKAHASHI,PSOL,Deputado Estadual,1834,2018
0378,50111,JORGE DAVID SALGADO,PSOL,Deputado Estadual,17,2018
0378,50120,DAMIÃO TAVARES DOS SANTOS,PSOL,Deputado Estadual,2,2018
0378,50122,ANSELMO PIRES DA SILVA NETO,PSOL,Deputado Estadual,5,2018
0378,50123,JOÃO PAULO RILLO,PSOL,Deputado Estadual,41,2018
0378,50130,LEANDRO MOREIRA GONÇALVES,PSOL,Deputado Estadual,8,2018
0378,50133,MARCELO REINA SILIANO,PSOL,Deputado Estadual,1,2018
0378,50135,RAFAEL FRANCIS OLIVA,PSOL,Deputado Estadual,0,2018
0378,50147,ELIANAI MAESTRELLO DE LYRA,PSOL,Deputado Estadual,1,2018
0378,50150,LUCAS FERREIRA CARDOSO,PSOL,Deputado Estadual,0,2018
0378,50180,ISADORA MARTINATTI PENNA,PSOL,Deputado Estadual,80,2018
0378,50190,BRUNO LOZZI DA COSTA,PSOL,Deputado Estadual,3,2018
0378,50197,VALDIR JOSE UCHOA,PSOL,Deputado Estadual,0,2018
0378,50200,MARCELLO FERREIRA DOS SANTOS,PSOL,Deputado Estadual,1,2018
0378,50222,MAIRA MACHADO RODRIGUES,PSOL,Deputado Estadual,13,2018
0378,50225,MARIA DO CARMO OLIVEIRA NAFALSKI,PSOL,Deputado Estadual,0,2018
0378,50234,MADALENA SILVA SANTOS,PSOL,Deputado Estadual,41,2018
0378,50235,VALERIA MAURICIO,PSOL,Deputado Estadual,2,2018
0378,50250,SARA RODRIGUES DE FRANÇA VIEIRA,PSOL,Deputado Estadual,2,2018
0378,50300,JOAO LUIS DIAS ZAFALAO,PSOL,Deputado Estadual,17,2018
0378,50321,ROSANA BIGNAMI,PSOL,Deputado Estadual,0,2018
0378,50324,MOACIR CAVALCANTI DOS SANTOS,PSOL,Deputado Estadual,0,2018
0378,50333,LEONARDO MANOEL ALVES,PSOL,Deputado Estadual,19,2018
0378,50350,PEDRO HENRIQUE TERUJI JERONIMO MINAMIDANI,PSOL,Deputado Estadual,1,2018
0378,50420,ELY ITO RODRIGUES,PSOL,Deputado Estadual,6,2018
0378,50444,ADEMILSON MIGUEL FERNANDES,PSOL,Deputado Estadual,22,2018
0378,50450,DJALMA NERY FERREIRA NETO,PSOL,Deputado Estadual,7,2018
0378,50456,GISELE CRISTIANE VIEIRA,PSOL,Deputado Estadual,3,2018
0378,50479,SIDNEI APARECIDO GARCIA,PSOL,Deputado Estadual,1,2018
0378,50490,SHIRLANDIA SALES NOVAIS,PSOL,Deputado Estadual,2,2018
0378,50500,RENATO BENTO LUIZ,PSOL,Deputado Estadual,10,2018
0378,50501,FERNANDO ANTONIO FERREIRA,PSOL,Deputado Estadual,1,2018
0378,50505,BRUNO VIEIRA MAIA,PSOL,Deputado Estadual,41,2018
0378,50518,CRISTIANE GANDOLFI,PSOL,Deputado Estadual,0,2018
0378,50550,RAUL MARCELO DE SOUZA,PSOL,Deputado Estadual,7,2018
0378,50555,MAURICIO DE MELO VIEIRA,PSOL,Deputado Estadual,5,2018
0378,50567,JAIR RODRIGUES DE CARVALHO,PSOL,Deputado Estadual,0,2018
0378,50620,MARCOS ROBERTO COELHO,PSOL,Deputado Estadual,1,2018
0378,50630,EDNALDO BISPO DA CRUZ,PSOL,Deputado Estadual,0,2018
0378,50650,ANTONIO BIAGIO VESPOLI,PSOL,Deputado Estadual,5,2018
0378,50666,MARCIA FREIRE DE MATTOS RUBIANO,PSOL,Deputado Estadual,1,2018
0378,50678,ANDRÉ SAPANOS DE CARVALHO,PSOL,Deputado Estadual,3,2018
0378,50690,CARLOS JOSE DA SILVA,PSOL,Deputado Estadual,4,2018
0378,50700,FABIANO DE CARVALHO BATISTA,PSOL,Deputado Estadual,2,2018
0378,50720,WLISSES DANIEL SILVA CABRAL,PSOL,Deputado Estadual,0,2018
0378,50750,REJANE DE MOURA,PSOL,Deputado Estadual,3,2018
0378,50777,PAULO ROBERTO BUFALO,PSOL,Deputado Estadual,595,2018
0378,50787,EDUARDO VICENTE DA FONSECA,PSOL,Deputado Estadual,0,2018
0378,50789,CARLOS ALBERTO GIANNASI,PSOL,Deputado Estadual,261,2018
0378,50800,IURIATAN FELIPE MUNIZ,PSOL,Deputado Estadual,56,2018
0378,50813,ANGELA CRISTINA ALVES DE AZEVEDO,PSOL,Deputado Estadual,6,2018
0378,50848,LUZIANE DIAS SIMÃO,PSOL,Deputado Estadual,4,2018
0378,50850,JOÃO VITOR DIAMANTINO CORRÊA BARBOSA,PSOL,Deputado Estadual,0,2018
0378,50881,DANIEL BELARMINO,PSOL,Deputado Estadual,1,2018
0378,50888,ÉRICA DA SILVA,PSOL,Deputado Estadual,170,2018
0378,50900,MONICA CRISTINA SEIXAS BONFIM,PSOL,Deputado Estadual,255,2018
0378,50917,CÉLIO PELICIARI DE PAULA JÚNIOR,PSOL,Deputado Estadual,1,2018
0378,50950,JOSE HERMENEGILDO DE MARTIN,PSOL,Deputado Estadual,0,2018
0378,50980,GILBERTO MARQUES,PSOL,Deputado Estadual,0,2018
0378,50999,SANDRO CUNHA DOS SANTOS,PSOL,Deputado Estadual,0,2018
0378,51000,SERGIO ANTONIO NECHAR,PATRI,Deputado Estadual,11,2018
0378,51001,MOESIO ALVES CORREIA,PATRI,Deputado Estadual,0,2018
0378,51003,HENRIQUE AGUILERA FILHO,PATRI,Deputado Estadual,0,2018
0378,51004,DIMAS MENDES DA SILVA JUNIOR,PATRI,Deputado Estadual,4,2018
0378,51006,THAIS CRISTINA DE CASTRO CONDE GALVAO,PATRI,Deputado Estadual,1,2018
0378,51007,SÉRGIO GUERRA,PATRI,Deputado Estadual,0,2018
0378,51008,ROBERTO CARLOS DE SANTI,PATRI,Deputado Estadual,2,2018
0378,51011,MARCIA FERREIRA LUCAS,PATRI,Deputado Estadual,0,2018
0378,51013,MALAQUIAS ARAUJO MELO,PATRI,Deputado Estadual,0,2018
0378,51015,DEUSAMAR SANTOS TEIXEIRA SALVADOR,PATRI,Deputado Estadual,4,2018
0378,51016,ROSANA FEITOSA ALVES,PATRI,Deputado Estadual,0,2018
0378,51017,SOLANGE DEVIETRO,PATRI,Deputado Estadual,2,2018
0378,51018,MARIA DE LOURDES SILVA DEPIERI,PATRI,Deputado Estadual,0,2018
0378,51019,ANDERSON DIAS DE MENESES,PATRI,Deputado Estadual,0,2018
0378,51020,ALEXANDRE FERREIRA DE SOUSA,PATRI,Deputado Estadual,0,2018
0378,51021,LIDIA MARIA DE SOUZA,PATRI,Deputado Estadual,0,2018
0378,51022,RENATA MARCIA ALVES BRAGA,PATRI,Deputado Estadual,1,2018
0378,51025,ELISMONICA SOUZA SILVA,PATRI,Deputado Estadual,0,2018
0378,51029,MARCOS ANDRE SANTOS MESSIAS,PATRI,Deputado Estadual,0,2018
0378,51030,LUIZ CARLOS DE PAULA,PATRI,Deputado Estadual,0,2018
0378,51032,ISAIAS CONCEIÇÃO,PATRI,Deputado Estadual,0,2018
0378,51033,ANDRE RAPHAEL BUION MARQUES,PATRI,Deputado Estadual,0,2018
0378,51035,JOSÉ MESSIAS DA COSTA,PATRI,Deputado Estadual,1,2018
0378,51036,MARIA DE LOURDES BORGES PIZONI,PATRI,Deputado Estadual,0,2018
0378,51037,LUIZ VINICIUS DOS SANTOS,PATRI,Deputado Estadual,0,2018
0378,51038,TERESINHA GERALDO LISBOA,PATRI,Deputado Estadual,0,2018
0378,51040,RENATO ANTONIO FONSECA FILHO,PATRI,Deputado Estadual,0,2018
0378,51041,RAQUEL AGUIAR DE OLIVEIRA SILVA,PATRI,Deputado Estadual,0,2018
0378,51045,CINTHIA FERNANDES BANDEIRA,PATRI,Deputado Estadual,2,2018
0378,51051,JAMIL AKIO ONO,PATRI,Deputado Estadual,20,2018
0378,51052,EDUARDO MONTEIRO,PATRI,Deputado Estadual,1,2018
0378,51053,CARLA ISOLA CASALE,PATRI,Deputado Estadual,0,2018
0378,51055,EDSON FERREIRA PONTES,PATRI,Deputado Estadual,6,2018
0378,51056,ROBSON LIEBETANZ DZELVE CALABIANQUI,PATRI,Deputado Estadual,1,2018
0378,51057,GRAZIELE CRISTINA LUCATO,PATRI,Deputado Estadual,0,2018
0378,51060,FRANCISCA LUIZ PEREIRA,PATRI,Deputado Estadual,0,2018
0378,51077,HELENA MARIA LEME BARBOSA,PATRI,Deputado Estadual,0,2018
0378,51081,MARCOS JOSÉ DO VALLE,PATRI,Deputado Estadual,0,2018
0378,51082,CICERO EDINALDO DE MENEZES,PATRI,Deputado Estadual,1,2018
0378,51085,MARINALVA CONCEIÇÃO SANTOS,PATRI,Deputado Estadual,0,2018
0378,51088,MARIA JOSÉ DOS SANTOS,PATRI,Deputado Estadual,0,2018
0378,51090,RONALDO ROSA DE ALMEIDA,PATRI,Deputado Estadual,1,2018
0378,51100,ANDRE GOMES BARBOSA,PATRI,Deputado Estadual,4,2018
0378,51111,ZELINDIANOR OLIVEIRA DE SOUZA,PATRI,Deputado Estadual,3,2018
0378,51120,EDSON RICARDO DE CARVALHO SOUZA,PATRI,Deputado Estadual,0,2018
0378,51121,ANTÔNIO MARCOS RODRIGUES,PATRI,Deputado Estadual,0,2018
0378,51123,REGINA DA SILVA COSTA,PATRI,Deputado Estadual,1,2018
0378,51127,VALDIR HENRIQUE DOS SANTOS FERREIRA,PATRI,Deputado Estadual,1,2018
0378,51145,JOSE ALEXANDRE JUNCO,PATRI,Deputado Estadual,0,2018
0378,51151,RENAN ELIAS GODINHO,PATRI,Deputado Estadual,0,2018
0378,51153,ADRIANA ALVES DE OLIVEIRA,PATRI,Deputado Estadual,9,2018
0378,51155,JORGE DE FREITAS,PATRI,Deputado Estadual,16,2018
0378,51158,WASHINGTON SOUZA CARDOSO DOS SANTOS,PATRI,Deputado Estadual,0,2018
0378,51167,CARLOS EDUARDO MONÇÃO GARCIA,PATRI,Deputado Estadual,0,2018
0378,51177,ROBERTO PIMENTEL,PATRI,Deputado Estadual,1,2018
0378,51190,WILSON DE OLIVEIRA MORAIS,PATRI,Deputado Estadual,66,2018
0378,51193,GUARACY RIBEIRO FILHO,PATRI,Deputado Estadual,4,2018
0378,51200,JAIR RAMALHO DA SILVA,PATRI,Deputado Estadual,0,2018
0378,51215,FRANCISCO MONTEIRO DE ARRUDA,PATRI,Deputado Estadual,0,2018
0378,51222,ENIVALDO LEITE,PATRI,Deputado Estadual,82,2018
0378,51233,JOSE CARLOS BISPO DOS SANTOS,PATRI,Deputado Estadual,1,2018
0378,51234,PAULO DE TARSO CARDOSO DE MIRANDA,PATRI,Deputado Estadual,0,2018
0378,51235,NILSON PEREIRA DE ABREU,PATRI,Deputado Estadual,10,2018
0378,51251,ELISA KATSUE TAKAHASHI CARARETO,PATRI,Deputado Estadual,0,2018
0378,51270,OSMAR MENEZES MARQUES,PATRI,Deputado Estadual,5,2018
0378,51300,DEUSDETE PEREIRA MARINHO,PATRI,Deputado Estadual,0,2018
0378,51302,MARCELO BARRETO STERZA,PATRI,Deputado Estadual,0,2018
0378,51322,MARIA ALICE ARAÚJO LIMBERG,PATRI,Deputado Estadual,0,2018
0378,51326,AMANDA SANTOS DA SILVA,PATRI,Deputado Estadual,1,2018
0378,51333,ROBERTO CARDOSO FERREIRA,PATRI,Deputado Estadual,0,2018
0378,51343,ODAIR BENTO FILHO,PATRI,Deputado Estadual,0,2018
0378,51345,HALSE MICHELLINE TAVARES COELHO,PATRI,Deputado Estadual,0,2018
0378,51346,ARY LOPES DA CRUZ,PATRI,Deputado Estadual,1,2018
0378,51351,VALENTIM PEREIRA LIMA,PATRI,Deputado Estadual,0,2018
0378,51353,GIOVANNA MARQUES DOS REIS,PATRI,Deputado Estadual,0,2018
0378,51355,CARLOS ALBERTO PINTO DA SILVA,PATRI,Deputado Estadual,0,2018
0378,51369,PAULO SERGIO BENISSE,PATRI,Deputado Estadual,0,2018
0378,51381,MARIA INÊS GIANINI,PATRI,Deputado Estadual,0,2018
0378,51394,VANDECI LAURENTINO DE OLIVEIRA,PATRI,Deputado Estadual,0,2018
0378,51400,JORGE DONIZETTI RIBEIRO DE MATOS,PATRI,Deputado Estadual,0,2018
0378,51440,WANDERLEY FAVILA,PATRI,Deputado Estadual,0,2018
0378,51444,FERNANDO HENRIQUE FERREIRA,PATRI,Deputado Estadual,0,2018
0378,51445,IRENICE ODETE BARBOSA,PATRI,Deputado Estadual,0,2018
0378,51446,GIULIO BALDI DANTAS,PATRI,Deputado Estadual,0,2018
0378,51451,SAMIR AFONSO MARGONAR,PATRI,Deputado Estadual,10,2018
0378,51455,CLAUDENICE JEFERSINA SANTANA DA SILVA,PATRI,Deputado Estadual,0,2018
0378,51456,JOSE DONISETI GILDO,PATRI,Deputado Estadual,2,2018
0378,51458,MESSIAS JOSÉ DE MORAES,PATRI,Deputado Estadual,0,2018
0378,51460,CICERO MACEDO DA SILVA,PATRI,Deputado Estadual,0,2018
0378,51470,LEANDRO DE JESUS,PATRI,Deputado Estadual,0,2018
0378,51478,MARIA DERLÂNIA LIMA SANTOS,PATRI,Deputado Estadual,0,2018
0378,51479,WILLIAN GALVAO DA SILVA,PATRI,Deputado Estadual,0,2018
0378,51480,MARIA DE LOURDES DE LIMA GUSSONI,PATRI,Deputado Estadual,1,2018
0378,51491,GONZAGA MENDES DE OLIVEIRA,PATRI,Deputado Estadual,0,2018
0378,51500,MARCIO DENER CORAN,PATRI,Deputado Estadual,39,2018
0378,51510,ANGELA MARIA DE OLIVEIRA,PATRI,Deputado Estadual,1,2018
0378,51511,ITAMAR GONÇALVES,PATRI,Deputado Estadual,4,2018
0378,51515,SILNEY MARCOS BERALDO,PATRI,Deputado Estadual,6,2018
0378,51526,ANDRÉ ITALO MAURO,PATRI,Deputado Estadual,0,2018
0378,51531,MAURICIO ANTONIO FOGAÇA,PATRI,Deputado Estadual,0,2018
0378,51533,VALDEMAR DIAS PEREIRA FILHO,PATRI,Deputado Estadual,0,2018
0378,51550,EDSON MACENO,PATRI,Deputado Estadual,0,2018
0378,51551,DIOGENES MORIS MORENO DOS SANTOS,PATRI,Deputado Estadual,2,2018
0378,51555,LUIS ROBERTO TAVARES,PATRI,Deputado Estadual,1,2018
0378,51580,SIMONE APARECIDA SANTOS,PATRI,Deputado Estadual,14,2018
0378,51599,MARCIO XAVIER DA SILVA,PATRI,Deputado Estadual,9,2018
0378,51600,ALMIR DE ALEXANDRES,PATRI,Deputado Estadual,0,2018
0378,51610,JOSÉ EDIMILSON DA SILVA,PATRI,Deputado Estadual,0,2018
0378,51664,ELIABE VENANCIO AIRES,PATRI,Deputado Estadual,0,2018
0378,51678,FLAVIA MARIA DOS ANJOS SILVA,PATRI,Deputado Estadual,0,2018
0378,51686,LAURO MARTINS DE LARA NETO,PATRI,Deputado Estadual,0,2018
0378,51699,PAULO ALVES CORRÊA JUNIOR,PATRI,Deputado Estadual,26,2018
0378,51700,SUELLEN SILVA ROSIM,PATRI,Deputado Estadual,2,2018
0378,51707,MEGIONE BASSETTO DE CASTRO,PATRI,Deputado Estadual,1,2018
0378,51737,LUIZ ALBERTO TEIXEIRA FERREIRA,PATRI,Deputado Estadual,5,2018
0378,51749,RUTE DA COSTA ESMAEL LOPES,PATRI,Deputado Estadual,0,2018
0378,51751,GILVANETE BATISTA DE MORAIS,PATRI,Deputado Estadual,0,2018
0378,51760,LAURINDA FRANCISCA DOS SANTOS,PATRI,Deputado Estadual,0,2018
0378,51762,THIAGO BARBOZA LUZ,PATRI,Deputado Estadual,0,2018
0378,51773,LUIS CARLOS MIRANDA,PATRI,Deputado Estadual,0,2018
0378,51777,MARCO ANTONIO MAURO PORTELLA,PATRI,Deputado Estadual,7,2018
0378,51779,CHALANA MACHADO DOS SANTOS,PATRI,Deputado Estadual,1,2018
0378,51789,ADILSON EUGENIO DE LIMA,PATRI,Deputado Estadual,13,2018
0378,51796,HAYSLAN PIRES GONÇALVES,PATRI,Deputado Estadual,0,2018
0378,51800,MARIA DE LOURDES SANTANA DA CONCEICAO,PATRI,Deputado Estadual,2,2018
0378,51841,SAMUEL DO CARMO,PATRI,Deputado Estadual,0,2018
0378,51851,ERICA NASCIMENTO SILVA,PATRI,Deputado Estadual,1,2018
0378,51852,ANTONIO OLIVA DE ARAUJO,PATRI,Deputado Estadual,2,2018
0378,51877,SONIA APARECIDA GRANITO BARBOSA,PATRI,Deputado Estadual,0,2018
0378,51888,LUCAS DE ASSIS COSTA,PATRI,Deputado Estadual,3,2018
0378,51911,ABEL ELIAS DE CAMARGO,PATRI,Deputado Estadual,0,2018
0378,54007,FERNANDO RODRIGO DE CARVALHO,PPL,Deputado Estadual,0,2018
0378,54019,HELITON ESCORPELI,PPL,Deputado Estadual,3,2018
0378,54035,REGINA MARILIA PRADO MANSSUR,PPL,Deputado Estadual,1,2018
0378,54040,MARCOS ROBERTO OLIVAL DIAS,PPL,Deputado Estadual,1,2018
0378,54051,BENEDITO HONORIO BARBOSA,PPL,Deputado Estadual,3,2018
0378,54119,ROBSON FLORA COSIMATTI,PPL,Deputado Estadual,0,2018
0378,54222,STELIO LEAL PESSANHA,PPL,Deputado Estadual,0,2018
0378,54290,JALMIRA DO CARMO SILVA COELHO,PPL,Deputado Estadual,0,2018
0378,54300,MARIANA NUNES DE MOURA SOUZA,PPL,Deputado Estadual,59,2018
0378,54321,AMELIA RENATA MANARA DOMENI GASTI,PPL,Deputado Estadual,1,2018
0378,54322,JOAO LUIZ LEITE,PPL,Deputado Estadual,0,2018
0378,54333,DANIEL FERNAINE DRAGER,PPL,Deputado Estadual,0,2018
0378,54501,OBERVAN DUNGA DOS SANTOS,PPL,Deputado Estadual,1,2018
0378,54555,EDVALDO HEITOR BORTOLLOTTI,PPL,Deputado Estadual,1,2018
0378,54700,LUIZ CARLOS DA SILVA,PPL,Deputado Estadual,0,2018
0378,54789,ROSLAVIO ALFREDO GRAF JUNIOR,PPL,Deputado Estadual,0,2018
0378,54854,PAULO CESAR CANDIDO BARBOSA,PPL,Deputado Estadual,0,2018
0378,54855,SAMIRA DIAS DA SILVA ALVES,PPL,Deputado Estadual,0,2018
0378,54991,ROSANE OLIVEIRA DA COSTA,PPL,Deputado Estadual,1,2018
0378,54999,RONALDO BARROS DE OLIVEIRA,PPL,Deputado Estadual,15,2018
0378,55000,GUSTAVO RAMOS PERISSINOTTO,PSD,Deputado Estadual,3,2018
0378,55023,FABIO CESAR SATO,PSD,Deputado Estadual,0,2018
0378,55030,LUCIANO ANDRÉ RODRIGUES,PSD,Deputado Estadual,24,2018
0378,55055,RENATO PUPO DE PAULA,PSD,Deputado Estadual,6,2018
0378,55090,CAROLINE STEINMETZ,PSD,Deputado Estadual,109,2018
0378,55100,DIEGO HENRIQUE RODRIGUES MIRANDA,PSD,Deputado Estadual,0,2018
0378,55110,ANTONIO MARCOS DA SILVA POLYCENO,PSD,Deputado Estadual,0,2018
0378,55123,RENATA LEMES DE PAIVA MENDES DA COSTA,PSD,Deputado Estadual,6,2018
0378,55125,MANOEL DAVID KORN DE CARVALHO,PSD,Deputado Estadual,0,2018
0378,55133,JULIANA VIGGIANI VALIO BORGES,PSD,Deputado Estadual,3,2018
0378,55153,MARIA DE LOURDES SOARES,PSD,Deputado Estadual,202,2018
0378,55155,MARINA JAYME DE MELO CARDINALI,PSD,Deputado Estadual,2,2018
0378,55190,ALVARO BATISTA CAMILO,PSD,Deputado Estadual,29,2018
0378,55199,WILMA DE FREITAS MALTA,PSD,Deputado Estadual,0,2018
0378,55200,NELSON SCHREINER JUNIOR,PSD,Deputado Estadual,0,2018
0378,55222,ADOLFO QUINTAS GONÇALVES NETO,PSD,Deputado Estadual,0,2018
0378,55255,ALEXANDRE MILANESE CAMILLO,PSD,Deputado Estadual,36,2018
0378,55321,JONATHAN AMORA DE RAGO,PSD,Deputado Estadual,0,2018
0378,55333,PAULO ROBERTO DE CAMPOS,PSD,Deputado Estadual,2,2018
0378,55400,MARTA MARIA FREIRE DA COSTA,PSD,Deputado Estadual,2364,2018
0378,55500,MARCIA WALÉRIA NUNES DE OLIVEIRA DIAS,PSD,Deputado Estadual,1,2018
0378,55555,RITA DE CASSIA TRINCA PASSOS,PSD,Deputado Estadual,29,2018
0378,55655,ROSSANA RODRIGUES ROSSINI CAMACHO,PSD,Deputado Estadual,0,2018
0378,55677,PAULO LUIS SANTOS,PSD,Deputado Estadual,0,2018
0378,55678,FABIO FERNANDO DOS REIS SILVA,PSD,Deputado Estadual,0,2018
0378,55755,LUIZ CARLOS GIANELLI TEIXEIRA,PSD,Deputado Estadual,0,2018
0378,55777,ALEXANDER MUNIZ DE OLIVEIRA,PSD,Deputado Estadual,580,2018
0378,55800,RAFAEL GANZERLI AUAD,PSD,Deputado Estadual,8,2018
0378,55826,CLARICE SILVA BARBOSA,PSD,Deputado Estadual,2,2018
0378,55855,LIVIO ANTONIO GIOSA,PSD,Deputado Estadual,0,2018
0378,55900,KARINA CARLA DA SILVA,PSD,Deputado Estadual,6,2018
0378,55955,PATRICIA DOS REIS TRAVASSOS,PSD,Deputado Estadual,1,2018
0378,65000,LUIS ARAUJO FRANÇA,PC do B,Deputado Estadual,4,2018
0378,65001,GLAUBER DA SILVA,PC do B,Deputado Estadual,0,2018
0378,65005,GLÉDSON ANTONIO DE PROENÇA,PC do B,Deputado Estadual,0,2018
0378,65007,MARISA APARECIDA DE SÁ LIMA,PC do B,Deputado Estadual,0,2018
0378,65008,DECIO DOS SANTOS,PC do B,Deputado Estadual,0,2018
0378,65013,JOSÉ MARCOLINO DA SILVA,PC do B,Deputado Estadual,0,2018
0378,65021,LUIS CARLOS SOARES DE OLIVEIRA,PC do B,Deputado Estadual,2,2018
0378,65022,GENI SALDANHA DOS SANTOS SILVA,PC do B,Deputado Estadual,0,2018
0378,65023,WLADMIR DE SOUZA CARNEIRO,PC do B,Deputado Estadual,18,2018
0378,65024,FABIO ALVES CABRAL,PC do B,Deputado Estadual,0,2018
0378,65030,NADIA MARIA AUGUSTA DE OLIVEIRA JOAQUIM,PC do B,Deputado Estadual,1,2018
0378,65035,LECI BRANDÃO DA SILVA,PC do B,Deputado Estadual,201,2018
0378,65038,ADRIANA COELHO DE OLIVEIRA,PC do B,Deputado Estadual,7,2018
0378,65040,JAMILE RANGEL DA SILVA,PC do B,Deputado Estadual,0,2018
0378,65050,RODRIGO FERNANDO ASSIS DOS SANTOS,PC do B,Deputado Estadual,0,2018
0378,65051,VALERIA CANESTRI,PC do B,Deputado Estadual,0,2018
0378,65065,EDSON GOMES DA SILVA,PC do B,Deputado Estadual,5,2018
0378,65100,ALCIDES AMAZONAS ARAUJO DOS SANTOS,PC do B,Deputado Estadual,1,2018
0378,65105,LUIZ ALBERTO DA SILVA,PC do B,Deputado Estadual,0,2018
0378,65111,RÔMULO KAZIMIERZ LUSZCZYNSKI,PC do B,Deputado Estadual,0,2018
0378,65117,EVELYN CAROLINE LIMA DOS SANTOS PEREIRA,PC do B,Deputado Estadual,0,2018
0378,65121,JORGE ANTONIO DA SILVA,PC do B,Deputado Estadual,2,2018
0378,65123,GUSTAVO LEMOS PETTA,PC do B,Deputado Estadual,2892,2018
0378,65133,IRINEU SEBASTIÃO,PC do B,Deputado Estadual,2,2018
0378,65159,MARIANA ARANTES MASTROROCO,PC do B,Deputado Estadual,1,2018
0378,65161,MIRIAM APARECIDA DA SILVA,PC do B,Deputado Estadual,0,2018
0378,65165,FRANCISCA RODRIGUES BARBOSA BRITTO,PC do B,Deputado Estadual,0,2018
0378,65167,NEIDE LANDE,PC do B,Deputado Estadual,0,2018
0378,65180,CARINA VITRAL COSTA,PC do B,Deputado Estadual,35,2018
0378,65192,JEFFERSON ERECY SANTOS,PC do B,Deputado Estadual,11,2018
0378,65194,SAMIR ANGELO BASSUALDO BENTO,PC do B,Deputado Estadual,0,2018
0378,65200,GICÉLIA DOS SANTOS,PC do B,Deputado Estadual,0,2018
0378,65213,NILSON JOSE GARRIDO,PC do B,Deputado Estadual,3,2018
0378,65222,SIDNEI LUIZ PEREIRA,PC do B,Deputado Estadual,0,2018
0378,65229,NATAL DIAS DE OLIVEIRA,PC do B,Deputado Estadual,0,2018
0378,65230,CINTIA MARA GONÇALVES MUNIZ,PC do B,Deputado Estadual,0,2018
0378,65233,RUTE BARBOSA FERNANDES,PC do B,Deputado Estadual,7,2018
0378,65265,GENIVALDO BARBOSA DOS SANTOS,PC do B,Deputado Estadual,0,2018
0378,65285,LILIAN SOARES ARAUJO SANTANA,PC do B,Deputado Estadual,0,2018
0378,65300,GERALDO MAGELA DA CRUZ,PC do B,Deputado Estadual,1,2018
0378,65321,VANDERLEI SIRAQUE,PC do B,Deputado Estadual,4,2018
0378,65332,CARMEN MIRANDA ALVES PEREIRA,PC do B,Deputado Estadual,0,2018
0378,65333,RODRIGO FIRMINO ROMÃO,PC do B,Deputado Estadual,0,2018
0378,65340,ADRIANA CARDOSO AZEVEDO PERMINIO,PC do B,Deputado Estadual,6,2018
0378,65345,ELENISIO DE ALMEIDA SILVA,PC do B,Deputado Estadual,0,2018
0378,65353,JOSÉ ERIVALDO DA SILVA,PC do B,Deputado Estadual,0,2018
0378,65369,ALBERTO DE SOUZA GOMES,PC do B,Deputado Estadual,7,2018
0378,65379,EUNICE ALVES DE OLIVEIRA NORONHA,PC do B,Deputado Estadual,1,2018
0378,65400,WALTER FERNANDES CANDELARIO,PC do B,Deputado Estadual,0,2018
0378,65420,MARCOS AURÉLIO DOS SANTOS,PC do B,Deputado Estadual,0,2018
0378,65432,BRAZ HENRIQUE TELES,PC do B,Deputado Estadual,2,2018
0378,65444,RAIMUNDO FERREIRA BARROS,PC do B,Deputado Estadual,0,2018
0378,65456,MARCIO JUNIOR BRIANES,PC do B,Deputado Estadual,10,2018
0378,65465,JOSE CLAUDIO DA SILVA VIEIRA,PC do B,Deputado Estadual,0,2018
0378,65475,RENATA CZEKAY,PC do B,Deputado Estadual,0,2018
0378,65500,DOUGLAS ALBERTO SANTOS,PC do B,Deputado Estadual,0,2018
0378,65512,JOÃO ANTONIO DONIZZETTI CARVALHO,PC do B,Deputado Estadual,1,2018
0378,65523,LIOZINA DE ALMEIDA SARAIVA,PC do B,Deputado Estadual,0,2018
0378,65555,VÂNIA REGINA RIBEIRO,PC do B,Deputado Estadual,2,2018
0378,65565,EVELYN CAVALCANTE CARLOS,PC do B,Deputado Estadual,1,2018
0378,65600,JAIR MARMELO CARDOSO DE OLIVEIRA,PC do B,Deputado Estadual,0,2018
0378,65650,HENRIQUE DOMINGUES,PC do B,Deputado Estadual,1,2018
0378,65651,FLAVIO MONTESINOS GODOI,PC do B,Deputado Estadual,4,2018
0378,65653,JEFFERSON FISCHER DA ROCHA,PC do B,Deputado Estadual,2,2018
0378,65654,SERGIO LUIZ ZERBINATO RODRIGUES,PC do B,Deputado Estadual,0,2018
0378,65655,MARCEL FERRAZ CAMILO,PC do B,Deputado Estadual,2,2018
0378,65656,LUIS ALVES DE SOUZA,PC do B,Deputado Estadual,10,2018
0378,65658,SAMUEL GOMES DE JESUS,PC do B,Deputado Estadual,2,2018
0378,65659,KEITH CRISTINE HORTA,PC do B,Deputado Estadual,0,2018
0378,65666,ANTONIO CARLOS FERREIRA DE OLIVEIRA,PC do B,Deputado Estadual,1,2018
0378,65677,GUARACI FERNANDO CAMPOS,PC do B,Deputado Estadual,1,2018
0378,65678,RAFAEL TURRINI PURGATO,PC do B,Deputado Estadual,5,2018
0378,65688,ROBERTO FERREIRA DE MENEZES,PC do B,Deputado Estadual,0,2018
0378,65765,JOÃO HILTON TEIXEIRA,PC do B,Deputado Estadual,0,2018
0378,65777,SAMUEL EUZÉBIO DE OLIVEIRA,PC do B,Deputado Estadual,0,2018
0378,65787,NINA RODRIGUES VIEIRA,PC do B,Deputado Estadual,0,2018
0378,65789,MICHEL RAMIRO CARNEIRO,PC do B,Deputado Estadual,0,2018
0378,65790,JOAQUIM TEODORO GOMA,PC do B,Deputado Estadual,2,2018
0378,65852,EDSON LUIS DE AGUIAR,PC do B,Deputado Estadual,0,2018
0378,65865,GABRIEL SOARES GONÇALVES,PC do B,Deputado Estadual,1,2018
0378,65888,LOURIVALDO PRATES,PC do B,Deputado Estadual,0,2018
0378,65900,SINCLAIR LOPES DE OLIVEIRA,PC do B,Deputado Estadual,1,2018
0378,65945,NEI ROBSON MEDEIROS DE ARAUJO,PC do B,Deputado Estadual,0,2018
0378,65999,EDSON ALEXANDRE PEREIRA,PC do B,Deputado Estadual,0,2018
0378,70000,SIRINEU DE ARAUJO SANTOS,AVANTE,Deputado Estadual,64,2018
0378,70001,LUIZ FÁBIO CRUZ DA SILVA,AVANTE,Deputado Estadual,0,2018
0378,70002,VALDECIRO MAIA DOS SANTOS,AVANTE,Deputado Estadual,1,2018
0378,70003,ROGÉRIO AUGUSTO PAVÃO,AVANTE,Deputado Estadual,0,2018
0378,70004,MARCELO DA SILVA VIEIRA,AVANTE,Deputado Estadual,9,2018
0378,70005,ERALDO PEREIRA DE LIMA,AVANTE,Deputado Estadual,0,2018
0378,70006,MÁRCIO PIMENTEL BENVENUTO,AVANTE,Deputado Estadual,0,2018
0378,70007,JAIRO DOS SANTOS,AVANTE,Deputado Estadual,0,2018
0378,70009,ALEXANDRE MIGUEL COSTA,AVANTE,Deputado Estadual,2,2018
0378,70010,ESDRA BATISTA NASCIMENTO,AVANTE,Deputado Estadual,0,2018
0378,70011,LUCIANO LIMA DE ANDRADE,AVANTE,Deputado Estadual,8,2018
0378,70013,MARCIO CAETANO PEREIRA,AVANTE,Deputado Estadual,0,2018
0378,70014,WEVERSON CARLOS ALMEIDA,AVANTE,Deputado Estadual,0,2018
0378,70016,ANA RAQUEL RICARDO,AVANTE,Deputado Estadual,0,2018
0378,70017,ANDERSON ROGERIO ALVES,AVANTE,Deputado Estadual,5,2018
0378,70018,PATRICIA LUCIA GOUVEIA DA SILVA,AVANTE,Deputado Estadual,1,2018
0378,70020,URIAS GONÇALVES DA SILVA FILHO,AVANTE,Deputado Estadual,0,2018
0378,70022,JEREMIAS ALVES SANTOS,AVANTE,Deputado Estadual,0,2018
0378,70023,MARIA ELIANA NOGUEIRA,AVANTE,Deputado Estadual,0,2018
0378,70026,ROGÉRIO APARECIDO GOMES PIRES,AVANTE,Deputado Estadual,13,2018
0378,70030,GILBERTO ROQUE JACINTO,AVANTE,Deputado Estadual,0,2018
0378,70033,ANTONIO FLAVIO ALMEIDA DE OLIVEIRA,AVANTE,Deputado Estadual,2,2018
0378,70034,PLINIO MARCOS DE LIMA,AVANTE,Deputado Estadual,0,2018
0378,70040,JOSÉ NUNES DE MORAIS,AVANTE,Deputado Estadual,0,2018
0378,70043,DÉBORA DIAS DA SILVA,AVANTE,Deputado Estadual,0,2018
0378,70045,LEANDRO DE SOUZA SERRÃO,AVANTE,Deputado Estadual,0,2018
0378,70047,LAMYS MITRI FERNANDES GOMES,AVANTE,Deputado Estadual,0,2018
0378,70050,EDSON ANTUNES DOS PASSOS,AVANTE,Deputado Estadual,0,2018
0378,70055,MARIETA ANITA DE OLIVEIRA,AVANTE,Deputado Estadual,0,2018
0378,70060,PAULO HENRIQUE EVARISTO,AVANTE,Deputado Estadual,19,2018
0378,70066,CEZAR AUGUSTO DE SOUZA OLIVEIRA,AVANTE,Deputado Estadual,1,2018
0378,70070,EDSON NASCIMENTO DE OLIVEIRA,AVANTE,Deputado Estadual,0,2018
0378,70071,RAFAEL PINHEIRO DOS SANTOS,AVANTE,Deputado Estadual,1,2018
0378,70074,STEPHANY AKIE NAKAMORI NOVAES RIBEIRO,AVANTE,Deputado Estadual,0,2018
0378,70077,ISMERAÍ EGIDIO DA SILVA,AVANTE,Deputado Estadual,0,2018
0378,70078,ANGELICA DA SILVA MOREIRA,AVANTE,Deputado Estadual,0,2018
0378,70080,MICHEL DE ANDRADE BRAZ,AVANTE,Deputado Estadual,0,2018
0378,70088,MICHELE DE JESUS POINA,AVANTE,Deputado Estadual,0,2018
0378,70099,ANTONIO SOARES OLIVEIRA,AVANTE,Deputado Estadual,0,2018
0378,70100,WILLIAM ALI CHAIM,AVANTE,Deputado Estadual,15,2018
0378,70110,NILTON DANTAS,AVANTE,Deputado Estadual,0,2018
0378,70111,AURELIO SANTUCCI,AVANTE,Deputado Estadual,0,2018
0378,70117,VALTER CORRÊA JUNIOR,AVANTE,Deputado Estadual,2,2018
0378,70121,VALDÍVIO JOSÉ DE LIMA,AVANTE,Deputado Estadual,0,2018
0378,70123,FRANCISCO ESMERALDO FELIPE CARNEIRO,AVANTE,Deputado Estadual,2,2018
0378,70141,ZÊNIA PEREIRA DE ANDRADE SOUSA,AVANTE,Deputado Estadual,4,2018
0378,70147,ÂNGELA MARIA MAGALHÃES,AVANTE,Deputado Estadual,1,2018
0378,70156,EDNA GONÇALVES DA SILVA,AVANTE,Deputado Estadual,0,2018
0378,70170,RICARDO DA SILVA SAIBRO,AVANTE,Deputado Estadual,2,2018
0378,70176,KAMEL MURCHED,AVANTE,Deputado Estadual,0,2018
0378,70177,DANIEL RODRIGUES DE QUEIROZ JUNIOR,AVANTE,Deputado Estadual,0,2018
0378,70188,SIDNEY MATOS DE SOUZA,AVANTE,Deputado Estadual,0,2018
0378,70190,RUBENS CLAUDIO SIQUEIRA NERI,AVANTE,Deputado Estadual,26,2018
0378,70192,SANDRA DE OLIVEIRA SILVA,AVANTE,Deputado Estadual,0,2018
0378,70200,JOÃO CARLOS ANDRÉ,AVANTE,Deputado Estadual,1,2018
0378,70210,ANTÔNIO JOSÉ DE SOUZA SANTOS,AVANTE,Deputado Estadual,0,2018
0378,70222,REGINÉIA LEMES TAVARES,AVANTE,Deputado Estadual,0,2018
0378,70227,ERICA CRISTINA VIARO,AVANTE,Deputado Estadual,0,2018
0378,70234,FÁBIO SILVA MOREIRA,AVANTE,Deputado Estadual,0,2018
0378,70255,OTONIEL FERREIRA DE LIMA,AVANTE,Deputado Estadual,0,2018
0378,70270,MARCOS DE ARAÚJO HAGA,AVANTE,Deputado Estadual,0,2018
0378,70277,GERMANO VETTAS,AVANTE,Deputado Estadual,0,2018
0378,70300,CLAUDIO INÁCIO,AVANTE,Deputado Estadual,0,2018
0378,70321,ALMIR ROBERTO CICOTE,AVANTE,Deputado Estadual,3,2018
0378,70333,CRISTIANO GASPERINE,AVANTE,Deputado Estadual,1,2018
0378,70341,LUIZ CARLOS DOS ANJOS FREITAS,AVANTE,Deputado Estadual,0,2018
0378,70343,JOSÉ VALMIR MENDES DA SILVA,AVANTE,Deputado Estadual,0,2018
0378,70345,JOSÉ CARLOS DA SILVA,AVANTE,Deputado Estadual,0,2018
0378,70369,PAULO HENRIQUE COELHO MARBACK D OLIVEIRA,AVANTE,Deputado Estadual,0,2018
0378,70370,SALVADOR ALVES DOS SANTOS,AVANTE,Deputado Estadual,0,2018
0378,70389,CLAUDIO GOMES DE ARAUJO JUNIOR,AVANTE,Deputado Estadual,1,2018
0378,70400,ELIZEU MARTINS FELICIANO,AVANTE,Deputado Estadual,0,2018
0378,70432,EDNA FRANCISCO COSTA BEZERRA,AVANTE,Deputado Estadual,0,2018
0378,70440,JOSÉ DE SOUZA NOGUEIRA,AVANTE,Deputado Estadual,0,2018
0378,70444,SANDERSON RIBEIRO CORREIA DE LIMA,AVANTE,Deputado Estadual,0,2018
0378,70445,SUELY MARIA DE PAULO RODRIGUES,AVANTE,Deputado Estadual,0,2018
0378,70447,KEILA ZIBORDI MORAES CARVALHO,AVANTE,Deputado Estadual,0,2018
0378,70456,CLÉLIA GOMES DA SILVA,AVANTE,Deputado Estadual,72,2018
0378,70470,JÔNATAS TABORDA,AVANTE,Deputado Estadual,0,2018
0378,70500,ALESSANDRO PEREIRA DOS SANTOS,AVANTE,Deputado Estadual,2,2018
0378,70543,GIRLENE DO SOCORRO BARBOSA MAIA,AVANTE,Deputado Estadual,0,2018
0378,70555,CARLOS ALBERTO MARIANO,AVANTE,Deputado Estadual,0,2018
0378,70557,EDSON NEVES GALINDO,AVANTE,Deputado Estadual,3,2018
0378,70565,EDILEUSA MARIA ALVES DO NASCIMENTO,AVANTE,Deputado Estadual,0,2018
0378,70567,ISABEL SILVA GASPAR DE MORAIS,AVANTE,Deputado Estadual,0,2018
0378,70570,EDIVALDO APARECIDO CORREA,AVANTE,Deputado Estadual,0,2018
0378,70577,EXPEDITO CARLOS DE SOUZA,AVANTE,Deputado Estadual,5,2018
0378,70600,CARLOS ALBERTO DE ARRUDA,AVANTE,Deputado Estadual,0,2018
0378,70610,AXEL GUILHERME BATTISSACCO LUZ,AVANTE,Deputado Estadual,0,2018
0378,70642,ALESSANDRO AMORIM DE OLIVEIRA,AVANTE,Deputado Estadual,0,2018
0378,70648,IDEVAL FUENTE ALBA,AVANTE,Deputado Estadual,0,2018
0378,70654,GUNTHER SCHWEITZER,AVANTE,Deputado Estadual,0,2018
0378,70657,CLAUDIO VITORINO DA SILVA,AVANTE,Deputado Estadual,0,2018
0378,70667,IVAN ALVES FERREIRA,AVANTE,Deputado Estadual,0,2018
0378,70670,WALTER PEREIRA FERREIRA,AVANTE,Deputado Estadual,9,2018
0378,70677,JOSÉ LUIZ DE ALMEIDA,AVANTE,Deputado Estadual,0,2018
0378,70678,ANTONIO GOMES DA SILVA,AVANTE,Deputado Estadual,0,2018
0378,70700,DANIEL ALVES REQUEJO,AVANTE,Deputado Estadual,0,2018
0378,70707,ORIVALDO ROBERTO OLIVEIRA DA SILVA,AVANTE,Deputado Estadual,0,2018
0378,70717,JOSÉ FERNANDO APPEZZATO,AVANTE,Deputado Estadual,0,2018
0378,70720,JOICE APARECIDA GOMES DA CRUZ,AVANTE,Deputado Estadual,0,2018
0378,70727,LUCIANE MACHADO DA CUNHA SOUZA,AVANTE,Deputado Estadual,1,2018
0378,70730,LIDIANNE BATISTA FERNANDES,AVANTE,Deputado Estadual,0,2018
0378,70737,MICHELLE APARECIDA LAFAIETE CORRÊA DOS SANTOS,AVANTE,Deputado Estadual,0,2018
0378,70747,ELIETE DE MIRANDA MACHADO,AVANTE,Deputado Estadual,0,2018
0378,70753,MARCO ANTONIO DA SILVA EVARISTO,AVANTE,Deputado Estadual,0,2018
0378,70757,PAULA VIVIAN DE MORAES,AVANTE,Deputado Estadual,0,2018
0378,70767,PEDRO PAULO DIAS DE ANDRADE,AVANTE,Deputado Estadual,0,2018
0378,70770,CAMILO DE LELES FERNANDES,AVANTE,Deputado Estadual,0,2018
0378,70777,CAMILA PINTO DA SILVA,AVANTE,Deputado Estadual,3,2018
0378,70778,JEAN CARLOS HERZOGENRATH DE BRITO,AVANTE,Deputado Estadual,0,2018
0378,70787,MARCOS AURÉLIO MONTEMOR JUNIOR,AVANTE,Deputado Estadual,1,2018
0378,70789,MARCOS EDUARDO RODRIGUES,AVANTE,Deputado Estadual,1,2018
0378,70797,VALDEMIR SILVA FERREIRA,AVANTE,Deputado Estadual,0,2018
0378,70800,MIGUEL CARMINE GIANETTI NETTO,AVANTE,Deputado Estadual,1,2018
0378,70870,CARLOS BARBOSA GUIMARÃES SANTOS,AVANTE,Deputado Estadual,0,2018
0378,70877,ANDERSON JOSÉ FRANCISCO,AVANTE,Deputado Estadual,1,2018
0378,70888,BEIJOMAR GOMES DE OLIVEIRA,AVANTE,Deputado Estadual,0,2018
0378,70956,LUIZ HENRIQUE CORONADO DA PAZ,AVANTE,Deputado Estadual,0,2018
0378,70966,ROSEMARIO MARTINS BERNADINO,AVANTE,Deputado Estadual,0,2018
0378,70970,PAULO LUIS BATISTA,AVANTE,Deputado Estadual,0,2018
0378,70977,PAULO TADEU MARTINS JUSSIO,AVANTE,Deputado Estadual,0,2018
0378,70987,LUCINEIDE DA CONCEIÇÃO LIMA,AVANTE,Deputado Estadual,688,2018
0378,70999,LEONARDO ALVES RIBEIRO,AVANTE,Deputado Estadual,3,2018
0378,77001,ADEMIR DA PENHA CLEMENTE,SOLIDARIEDADE,Deputado Estadual,5,2018
0378,77002,SIDNEY LUIZ DA CRUZ,SOLIDARIEDADE,Deputado Estadual,6,2018
0378,77020,OSVALDO NUNES PEREIRA,SOLIDARIEDADE,Deputado Estadual,0,2018
0378,77021,VIVIAN ALBUQUERQUE SÁ,SOLIDARIEDADE,Deputado Estadual,1,2018
0378,77063,MARIA LUISA FRANCO DE GODOY,SOLIDARIEDADE,Deputado Estadual,1,2018
0378,77077,ANDRÉ LUIS PALADINO,SOLIDARIEDADE,Deputado Estadual,1,2018
0378,77100,TELMA REGINA DA CUNHA GOBBI FRANCISCHONE,SOLIDARIEDADE,Deputado Estadual,2,2018
0378,77111,GERALDO PEREIRA DE OLIVEIRA,SOLIDARIEDADE,Deputado Estadual,7,2018
0378,77112,VERA LÚCIA ROSA DIAS,SOLIDARIEDADE,Deputado Estadual,1,2018
0378,77118,JOSÉ SEBASTIÃO DE OLIVEIRA,SOLIDARIEDADE,Deputado Estadual,0,2018
0378,77121,WAGNER RIBEIRO GOMES,SOLIDARIEDADE,Deputado Estadual,2,2018
0378,77123,DAVID MARTINS DE CARVALHO,SOLIDARIEDADE,Deputado Estadual,12,2018
0378,77135,EDILSON FERREIRA,SOLIDARIEDADE,Deputado Estadual,0,2018
0378,77138,TANIA CRISTINA MARTINS SILVA,SOLIDARIEDADE,Deputado Estadual,0,2018
0378,77144,VERA LÚCIA DONDA SIMPLÍCIO BENTO,SOLIDARIEDADE,Deputado Estadual,0,2018
0378,77147,GEORGES HABIB JARROUGE,SOLIDARIEDADE,Deputado Estadual,15,2018
0378,77154,FLORISA BATISTA DE ALMEIDA,SOLIDARIEDADE,Deputado Estadual,1,2018
0378,77160,MANOEL DONIZETTI CONCEIÇÃO,SOLIDARIEDADE,Deputado Estadual,0,2018
0378,77170,BENJAMIM DOS SANTOS CARVALHO,SOLIDARIEDADE,Deputado Estadual,0,2018
0378,77177,MARCIA CARDOSO PINTO,SOLIDARIEDADE,Deputado Estadual,0,2018
0378,77178,GERALDO RODRIGUES DE SOUZA,SOLIDARIEDADE,Deputado Estadual,0,2018
0378,77192,NIVALDO LUIS RODRIGUES,SOLIDARIEDADE,Deputado Estadual,6,2018
0378,77222,CARLOS GARCIA BALADO,SOLIDARIEDADE,Deputado Estadual,0,2018
0378,77242,NAURA BATISTA FRANÇA,SOLIDARIEDADE,Deputado Estadual,0,2018
0378,77250,ARACI DE OLIVEIRA,SOLIDARIEDADE,Deputado Estadual,2,2018
0378,77300,MARCELO BENEDITO DE ARAUJO,SOLIDARIEDADE,Deputado Estadual,0,2018
0378,77345,JOSE ROBERTO MENDONÇA,SOLIDARIEDADE,Deputado Estadual,2,2018
0378,77377,SÔNIA MARIA ESTEVES DOS SANTOS SOUSA,SOLIDARIEDADE,Deputado Estadual,12,2018
0378,77381,SANDRA ROSANA JERÔNIMO DE FRANÇA,SOLIDARIEDADE,Deputado Estadual,0,2018
0378,77400,GLEYSON FARNEY LIMA DIAS,SOLIDARIEDADE,Deputado Estadual,3,2018
0378,77407,ISABEL CRISTINA VIEIRA,SOLIDARIEDADE,Deputado Estadual,0,2018
0378,77416,ROBSON DUARTE DA COSTA,SOLIDARIEDADE,Deputado Estadual,0,2018
0378,77500,IVANETE ANTONIA DA COSTA,SOLIDARIEDADE,Deputado Estadual,1,2018
0378,77688,JOÃO BATISTA SILVA,SOLIDARIEDADE,Deputado Estadual,0,2018
0378,77690,ALEXANDRE MARTINS RICCI,SOLIDARIEDADE,Deputado Estadual,3,2018
0378,77700,EDISON DIAS JUNIOR,SOLIDARIEDADE,Deputado Estadual,2,2018
0378,77747,CARLOS VICENTE DE OLIVEIRA,SOLIDARIEDADE,Deputado Estadual,13,2018
0378,77771,JAILSON TORRES MACARIO,SOLIDARIEDADE,Deputado Estadual,0,2018
0378,77775,WESLEY RENATO BRAMBILLA GRACINO DE OLIVEIRA,SOLIDARIEDADE,Deputado Estadual,0,2018
0378,77777,ALEXANDRE PEREIRA DA SILVA,SOLIDARIEDADE,Deputado Estadual,55,2018
0378,77787,JOSÉ VELOZO,SOLIDARIEDADE,Deputado Estadual,2,2018
0378,77877,CLODOALDO MACIEL FILHO,SOLIDARIEDADE,Deputado Estadual,0,2018
0378,77880,MARIA NILVA SEVERINO GONÇALVES,SOLIDARIEDADE,Deputado Estadual,0,2018
0378,77888,NIELTON CARVALHO DE MATOS,SOLIDARIEDADE,Deputado Estadual,3,2018
0378,77889,DINÁ MARIA FERREIRA,SOLIDARIEDADE,Deputado Estadual,0,2018
0378,77890,JOSE DE AMORIM OLIVEIRA,SOLIDARIEDADE,Deputado Estadual,3,2018
0378,77900,DIEGO RODRIGO NEVES MAGALHÃES,SOLIDARIEDADE,Deputado Estadual,2,2018
0378,77987,ALINE MARIA DE MOURA,SOLIDARIEDADE,Deputado Estadual,4,2018
0378,77999,DENIZE JUNQUEIRA DE LIMA,SOLIDARIEDADE,Deputado Estadual,0,2018
0378,90000,IOANNIS EVANGELOS KATSAKIS,PROS,Deputado Estadual,4,2018
0378,90001,JOSELITO DE SOUSA LIMA,PROS,Deputado Estadual,3,2018
0378,90002,MARCELO PENHA DE SOUZA FERRAZ,PROS,Deputado Estadual,94,2018
0378,90003,ILMAR CÉSAR CAVALCANTI MUNIZ,PROS,Deputado Estadual,0,2018
0378,90004,SUELI HELENA RODRIGUES,PROS,Deputado Estadual,2,2018
0378,90006,ROSÂNGELA APARECIDA DE LIMA,PROS,Deputado Estadual,0,2018
0378,90009,LUCELENE LOPES,PROS,Deputado Estadual,3,2018
0378,90010,ELIANE MARESCALCHI BRITO,PROS,Deputado Estadual,1,2018
0378,90011,MARIA CRISTINA DE PAULA LEITE GOUVÊA,PROS,Deputado Estadual,0,2018
0378,90012,EDUARDO FERREIRA,PROS,Deputado Estadual,1,2018
0378,90013,JULIO HENRIQUE FLORENCIO DE MELO,PROS,Deputado Estadual,1,2018
0378,90015,GILBERTO PEREIRA DOS SANTOS,PROS,Deputado Estadual,1,2018
0378,90016,LUCAS DE FARIA NERY DANIEL,PROS,Deputado Estadual,0,2018
0378,90018,PEDRO APARECIDO TONETTI,PROS,Deputado Estadual,0,2018
0378,90019,AILTON JOSE DA SILVA,PROS,Deputado Estadual,2,2018
0378,90020,MARCOS GALESI,PROS,Deputado Estadual,0,2018
0378,90021,RUBENS MOREIRA DA SILVA,PROS,Deputado Estadual,0,2018
0378,90022,ALESSANDRA MATOS,PROS,Deputado Estadual,2,2018
0378,90024,BRAZ ANASTACIO DA SILVA,PROS,Deputado Estadual,3,2018
0378,90033,ANA MARIA SOUZA GONÇALVES,PROS,Deputado Estadual,0,2018
0378,90038,MAURICIO TEIXEIRA ALVES,PROS,Deputado Estadual,3,2018
0378,90040,APARECIDO SOUZA SANTOS,PROS,Deputado Estadual,478,2018
0378,90044,REGIANE MARA VEIGA ALONSO,PROS,Deputado Estadual,2,2018
0378,90045,VALQUIRIA ALVES MOREIRA,PROS,Deputado Estadual,0,2018
0378,90050,MARCOS CORREA,PROS,Deputado Estadual,0,2018
0378,90051,MARIA GORETTI AGUIAR ALENCAR,PROS,Deputado Estadual,0,2018
0378,90053,EVANDRO GIORA,PROS,Deputado Estadual,1,2018
0378,90068,SILVIO CEZAR FERRAIOLI,PROS,Deputado Estadual,0,2018
0378,90077,ANDREIA SANTINA CAPATTO,PROS,Deputado Estadual,0,2018
0378,90086,CAMILA CORREA TOLEDO,PROS,Deputado Estadual,0,2018
0378,90090,VALDENICE ANCELMO SOARES,PROS,Deputado Estadual,0,2018
0378,90095,EVERALDO JOSÉ DA SILVA,PROS,Deputado Estadual,0,2018
0378,90100,VALDEMIR SARTORI DA SILVA,PROS,Deputado Estadual,0,2018
0378,90107,EURICO GONÇALVES FILHO,PROS,Deputado Estadual,0,2018
0378,90110,MARCIO DOS SANTOS RODRIGUES,PROS,Deputado Estadual,6,2018
0378,90111,ANTONIO RODRIGUES DE SOUSA,PROS,Deputado Estadual,0,2018
0378,90112,JOSE BRITO CAVALCANTE FILHO,PROS,Deputado Estadual,0,2018
0378,90113,ROSEMEIRE RIBEIRO CASTILHO,PROS,Deputado Estadual,0,2018
0378,90115,ELIZABETH DUTRA DA SILVA,PROS,Deputado Estadual,0,2018
0378,90120,JOSÉ ALECXANDRO DA SILVA,PROS,Deputado Estadual,1,2018
0378,90121,RUTE SATIKO VIEIRA RIBEIRO,PROS,Deputado Estadual,4,2018
0378,90123,EZEQUIEL DE SOUZA DAMASCENO,PROS,Deputado Estadual,4,2018
0378,90128,DENIS AMBROSIO DA SILVA,PROS,Deputado Estadual,0,2018
0378,90130,EDNEI PROCÓPIO DOS SANTOS,PROS,Deputado Estadual,0,2018
0378,90131,ANTONIO MARCOS GOMES SENA,PROS,Deputado Estadual,0,2018
0378,90139,FLAVIO LOPES ALVES,PROS,Deputado Estadual,0,2018
0378,90144,JOSE ANTONIO DOS SANTOS,PROS,Deputado Estadual,0,2018
0378,90147,FLAVIO LUIZ EUGENIO BASTOS,PROS,Deputado Estadual,0,2018
0378,90158,RITA DE CASSIA DA SILVA VASCONCELOS,PROS,Deputado Estadual,0,2018
0378,90177,WILLAMS ALVES DA SILVA,PROS,Deputado Estadual,0,2018
0378,90181,ANTONIO CARLOS RENOR,PROS,Deputado Estadual,0,2018
0378,90188,LEANDRO LEME CAMARGO,PROS,Deputado Estadual,0,2018
0378,90190,ADRIANA SANCHES GALDEANO BORGO,PROS,Deputado Estadual,400,2018
0378,90192,FABIANO JOSE SANTOS LOURENÇO,PROS,Deputado Estadual,0,2018
0378,90193,GALENO ROSA,PROS,Deputado Estadual,2,2018
0378,90194,ANDRÉA MARIA DOS SANTOS,PROS,Deputado Estadual,3,2018
0378,90198,MARCIAL MARAJA MARCELINO,PROS,Deputado Estadual,0,2018
0378,90200,JOSE GARRIS DEL VALLE,PROS,Deputado Estadual,1,2018
0378,90204,LOURDES GENEROSO,PROS,Deputado Estadual,0,2018
0378,90211,VALDECIR MOREIRA DE BRITO,PROS,Deputado Estadual,0,2018
0378,90217,MARCOS DE AZEVEDO CARNEIRO,PROS,Deputado Estadual,0,2018
0378,90221,ANTONIO CARLOS PEREIRA DA SILVA,PROS,Deputado Estadual,0,2018
0378,90222,MARCELO PEREIRA GUIDIO,PROS,Deputado Estadual,0,2018
0378,90233,JOSE ROBERTO BEILSTREIN,PROS,Deputado Estadual,0,2018
0378,90235,EDSON FERRARINI,PROS,Deputado Estadual,7,2018
0378,90247,DÉBORA CRISTINA DA MOTA,PROS,Deputado Estadual,0,2018
0378,90281,ANDERSON OLIVEIRA DA SILVA,PROS,Deputado Estadual,0,2018
0378,90290,LUCIANA APARECIDA FRAGOSO DA SILVA,PROS,Deputado Estadual,1,2018
0378,90300,JOSE GOMES DE OLIVEIRA NETO,PROS,Deputado Estadual,0,2018
0378,90304,JOSEFA ALVES LEITE DOS SANTOS,PROS,Deputado Estadual,0,2018
0378,90312,WELINGTON ZACARIAS TISANO,PROS,Deputado Estadual,0,2018
0378,90321,BENEDITO AUGUSTO DOS SANTOS,PROS,Deputado Estadual,0,2018
0378,90322,GIVALDO JOSE DA SILVA,PROS,Deputado Estadual,0,2018
0378,90333,ROBERTO BASTOS DE OLIVEIRA JUNIOR,PROS,Deputado Estadual,2,2018
0378,90336,LUCAS JULIANO SUSCO,PROS,Deputado Estadual,0,2018
0378,90345,DAVID SANTANA DA SILVA,PROS,Deputado Estadual,0,2018
0378,90350,MARCELO DA SILVA,PROS,Deputado Estadual,0,2018
0378,90357,WALDMIRIAN WELLNER CRUZ,PROS,Deputado Estadual,0,2018
0378,90366,NELSON VALVERDE DIAS,PROS,Deputado Estadual,0,2018
0378,90367,EDNA APARECIDA DOS SANTOS,PROS,Deputado Estadual,0,2018
0378,90375,GILVAN APARECIDO FERNANDES ASNAR,PROS,Deputado Estadual,0,2018
0378,90378,GISLENE MEIRELES DOS SANTOS,PROS,Deputado Estadual,0,2018
0378,90390,RENATO DA SILVA,PROS,Deputado Estadual,0,2018
0378,90400,FATIMA APARECIDA FERREIRA,PROS,Deputado Estadual,0,2018
0378,90417,FABIO NASCIMENTO DE LIMA,PROS,Deputado Estadual,0,2018
0378,90420,ALESSANDRA MARTINS GONÇALVES,PROS,Deputado Estadual,1,2018
0378,90432,ELIFAS EUPHRASIO,PROS,Deputado Estadual,1,2018
0378,90440,DANIEL GIROTTO,PROS,Deputado Estadual,5,2018
0378,90444,VIRGINIA DE JESUS GONZALEZ,PROS,Deputado Estadual,0,2018
0378,90450,ROBSON DE OLIVEIRA,PROS,Deputado Estadual,0,2018
0378,90451,HARLEY HECTOR VICENTE,PROS,Deputado Estadual,0,2018
0378,90456,CARLOS HENRIQUE DOS SANTOS,PROS,Deputado Estadual,0,2018
0378,90457,SERGIO FORNAZARI,PROS,Deputado Estadual,0,2018
0378,90497,FABIOLA CARDI,PROS,Deputado Estadual,1,2018
0378,90500,SALOMAO PEREIRA DA SILVA,PROS,Deputado Estadual,1,2018
0378,90501,ALEXSSANDER DE OLIVEIRA,PROS,Deputado Estadual,2,2018
0378,90508,BENEDITA SUELI DE TOLEDO DIAS,PROS,Deputado Estadual,0,2018
0378,90511,KLEBER ADELIPIO BARROS SANTOS,PROS,Deputado Estadual,3,2018
0378,90523,CÉLIA BRITO GARCIA,PROS,Deputado Estadual,0,2018
0378,90531,MARIA DAS NEVES SILVA DE JESUS,PROS,Deputado Estadual,0,2018
0378,90543,MARCOS DE AZEVEDO,PROS,Deputado Estadual,0,2018
0378,90545,JOAQUIM GRACA NETO,PROS,Deputado Estadual,1,2018
0378,90550,BENEDITA DE CAMARGO,PROS,Deputado Estadual,7,2018
0378,90555,LERYANE MARQUES DE ARAUJO BLASZKOWSKI,PROS,Deputado Estadual,4,2018
0378,90567,CICERO FLORIANO PIRES ALVES,PROS,Deputado Estadual,0,2018
0378,90600,REGINALDO APARECIDO BATISTA,PROS,Deputado Estadual,1,2018
0378,90620,AMARO XIMENES DE MELO,PROS,Deputado Estadual,0,2018
0378,90633,LEANDRO VALDO DE ALMEIDA LIMA,PROS,Deputado Estadual,0,2018
0378,90666,HAMILTON ALVES FERNANDES,PROS,Deputado Estadual,0,2018
0378,90687,RUTH MARCELINA CAETANO UGUCIONE,PROS,Deputado Estadual,0,2018
0378,90690,SEBASTIAO CARLOS DA SILVA,PROS,Deputado Estadual,0,2018
0378,90693,VALDINEI FELIX DOS SANTOS,PROS,Deputado Estadual,0,2018
0378,90699,CRISTIANO PINTO FERREIRA,PROS,Deputado Estadual,2,2018
0378,90700,IDERNANI GOMES DO CARMO,PROS,Deputado Estadual,0,2018
0378,90741,GERSON DA CUNHA,PROS,Deputado Estadual,0,2018
0378,90764,ANDREA DUL,PROS,Deputado Estadual,4,2018
0378,90765,MARCOS ANTONIO PEREIRA DA SILVA,PROS,Deputado Estadual,0,2018
0378,90773,ALEX PAULO,PROS,Deputado Estadual,0,2018
0378,90777,MONICA BERBEL ROCHA,PROS,Deputado Estadual,1,2018
0378,90789,CELSO DE SOUZA FILHO,PROS,Deputado Estadual,0,2018
0378,90790,ADEILDO REIS DOS SANTOS,PROS,Deputado Estadual,14,2018
0378,90810,JOSE IDAILSON PEREIRA DOS SANTOS,PROS,Deputado Estadual,0,2018
0378,90822,HERALDO LOPES GUIMARÃES,PROS,Deputado Estadual,6,2018
0378,90852,CARLOS ALBERTO FIGUEIREDO SANTANA,PROS,Deputado Estadual,0,2018
0378,90888,WALDIR JOSE SCHIAVON JUNIOR,PROS,Deputado Estadual,1,2018
0378,90890,JEFFERSON RIPI DA SILVA,PROS,Deputado Estadual,0,2018
0378,90900,EDUARDO LUIZ GREGORIO,PROS,Deputado Estadual,1,2018
0378,90902,IDEVANIR ARCANJO DE SOUZA,PROS,Deputado Estadual,0,2018
0378,90909,JOSEFA CONCEICAO OLIVEIRA SILVA LABELA,PROS,Deputado Estadual,0,2018
0378,90910,GILSON APARECIDO ZANLUCHI,PROS,Deputado Estadual,0,2018
0378,90911,ROGÉRIO VALDECI DE LIMA,PROS,Deputado Estadual,0,2018
0378,90922,IRANILDO DANTAS,PROS,Deputado Estadual,0,2018
0378,90951,JULIANA GARCIA LORENCETTI,PROS,Deputado Estadual,5,2018
0378,90971,MARIA EVANGELISTA GOMES BATISTA,PROS,Deputado Estadual,0,2018
0378,90977,GIOVANI CORREIA DOS SANTOS,PROS,Deputado Estadual,0,2018
0378,90987,FABIO DO CARMO SANTOS,PROS,Deputado Estadual,1,2018
0378,90990,RICARDO LEITE,PROS,Deputado Estadual,1,2018
0378,90996,ISABEL CRISTINA DA SILVA CALDERONE,PROS,Deputado Estadual,0,2018
0378,90999,GIRLÊNIO GOMES DE OLIVEIRA,PROS,Deputado Estadual,2,2018
0379,10000,JORGE WILSON GONÇALVES DE MATTOS,PRB,Deputado Estadual,548,2018
0379,10005,MARCIA ROZANA FIDELIS,PRB,Deputado Estadual,0,2018
0379,10012,ONANCIARA RODRIGUES FERNANDEZ,PRB,Deputado Estadual,3,2018
0379,10100,AILDO RODRIGUES FERREIRA,PRB,Deputado Estadual,10,2018
0379,10101,HÉLIO APARECIDO DE GODOY,PRB,Deputado Estadual,3,2018
0379,10111,WELLINGTON DE SOUZA MOURA,PRB,Deputado Estadual,4,2018
0379,10123,GILMACI DOS SANTOS BARBOSA,PRB,Deputado Estadual,2059,2018
0379,10133,JOSÉ DOMINGOS BITTENCOURT,PRB,Deputado Estadual,8,2018
0379,10148,SILVIA CRISTINA ASPRINO SOARES,PRB,Deputado Estadual,0,2018
0379,10190,DAVID SEVERINO DA SILVA JUNIOR,PRB,Deputado Estadual,2,2018
0379,10200,ELIAS REZEK AJUB,PRB,Deputado Estadual,5,2018
0379,10300,LUCIANA GISELE DE OLIVEIRA ALVES DA SILVA,PRB,Deputado Estadual,0,2018
0379,10321,SEBASTIÃO DOS SANTOS FILHO,PRB,Deputado Estadual,30,2018
0379,10333,ALTAIR MORAES DE OLIVEIRA,PRB,Deputado Estadual,14,2018
0379,10444,MARCO AURÉLIO PEGOLO DOS SANTOS,PRB,Deputado Estadual,0,2018
0379,10456,EDNA BEZERRA SAMPAIO FERNANDES,PRB,Deputado Estadual,10,2018
0379,10500,MARCOS COUTO DOS SANTOS,PRB,Deputado Estadual,8,2018
0379,10555,MÁRCIO JOSÉ DE OLIVEIRA,PRB,Deputado Estadual,5,2018
0379,10600,WILLIAM NUNES AFFONSO,PRB,Deputado Estadual,2,2018
0379,10777,VALÉRIA APARECIDA MESSIAS LIMA,PRB,Deputado Estadual,53,2018
0379,10789,DAYANI APARECIDA ESCROQUE,PRB,Deputado Estadual,9,2018
0379,10900,VESPASIANO SAULO DA COSTA E SILVA,PRB,Deputado Estadual,3,2018
0379,10999,FRANCISCO JOSÉ LANG FERNANDES DE OLIVEIRA,PRB,Deputado Estadual,14,2018
0379,11000,KENNY PIRES MENDES,PP,Deputado Estadual,40,2018
0379,11011,EDUARDO BOIGUES QUEROZ,PP,Deputado Estadual,16,2018
0379,11012,VITO ARDITO LERÁRIO,PP,Deputado Estadual,3,2018
0379,11023,EDUARDO VIEIRA PETROV,PP,Deputado Estadual,0,2018
0379,11057,MARTA DE PAULA TEIXEIRA DI PIPI,PP,Deputado Estadual,4,2018
0379,11111,ANTONIO CARLOS ESPER CURIATI,PP,Deputado Estadual,49,2018
0379,11123,ALESSANDRA REGINA BEGALLI ZAMORA,PP,Deputado Estadual,392,2018
0379,11138,ROBERVAL CONTE LOPES LIMA,PP,Deputado Estadual,266,2018
0379,11190,PAULO ADRIANO LOPES LUCINDA TELHADA,PP,Deputado Estadual,885,2018
0379,11200,EDUARDO ROZ,PP,Deputado Estadual,55,2018
0379,11222,FABIO SARTORI MANFRINATO,PP,Deputado Estadual,5,2018
0379,11258,MARCIO APARECIDO MARTINS,PP,Deputado Estadual,2,2018
0379,11650,PAULO ROBERTO CECCHINATO,PP,Deputado Estadual,0,2018
0379,11777,ANTONIO ASSUNÇÃO DE OLIM,PP,Deputado Estadual,612,2018
0379,12000,GABRIEL CASSIANO CARVALHO NEVES FINZETTO,PDT,Deputado Estadual,52,2018
0379,12001,SOLANGE MARIA TEODORO,PDT,Deputado Estadual,6,2018
0379,12007,ROBSON APARECIDO PRIMO,PDT,Deputado Estadual,61,2018
0379,12011,ALEXANDRIA BUENO DA SILVA,PDT,Deputado Estadual,10,2018
0379,12012,MARINA LUIZA RODRIGUES MOLINA LOPES,PDT,Deputado Estadual,77,2018
0379,12022,RONALDO FLORIDO DE OLIVEIRA,PDT,Deputado Estadual,2,2018
0379,12051,RIVALDO APARECIDO DE OLIVEIRA,PDT,Deputado Estadual,1,2018
0379,12066,MAISA CARMAGNANI MESSIAS,PDT,Deputado Estadual,0,2018
0379,12077,RITA DE CASSIA SOUSA SANTOS,PDT,Deputado Estadual,0,2018
0379,12081,AUGUSTO CESAR CORREA NETO,PDT,Deputado Estadual,2,2018
0379,12091,VERA LUCIA RIBEIRO DOS REIS MORENO,PDT,Deputado Estadual,0,2018
0379,12100,DIMAS DE PAULA INACIO,PDT,Deputado Estadual,4,2018
0379,12111,SERGIO RICARDO GONÇALVES DA SILVA,PDT,Deputado Estadual,1,2018
0379,12113,OSMAR VILELA DOS SANTOS,PDT,Deputado Estadual,2,2018
0379,12118,ALEXANDRE REGINATO ACEDO,PDT,Deputado Estadual,10,2018
0379,12120,DILSON FRANCISCO FLORIANO,PDT,Deputado Estadual,4,2018
0379,12121,MARLI SILVA PEREIRA,PDT,Deputado Estadual,20,2018
0379,12122,ARI FRIEDENBACH,PDT,Deputado Estadual,10,2018
0379,12123,LUIZ DE MOURA PEREIRA,PDT,Deputado Estadual,26,2018
0379,12133,LUIZ VICENTE DA SILVA,PDT,Deputado Estadual,1,2018
0379,12177,GILVAN SANTOS SOUZA FILHO,PDT,Deputado Estadual,0,2018
0379,12181,JAAZIEL BISPO DOS SANTOS,PDT,Deputado Estadual,0,2018
0379,12190,APARECIDO CARLOS LEANDRO,PDT,Deputado Estadual,13,2018
0379,12193,GENILDO DANTAS DA SILVA,PDT,Deputado Estadual,0,2018
0379,12200,FRANCISCO CARLOS SILVEIRA LEITE,PDT,Deputado Estadual,5,2018
0379,12221,REGIA MARIA GOUVEIA SARMENTO,PDT,Deputado Estadual,3,2018
0379,12222,LUIZ EDUARDO ALMANÇA,PDT,Deputado Estadual,32,2018
0379,12258,ISMAEL DANTAS DE AMORIM FILHO,PDT,Deputado Estadual,0,2018
0379,12292,RUTHINEA DE CARVALHO,PDT,Deputado Estadual,0,2018
0379,12300,CLAUDIA APARECIDA BELTRAN DOS SANTOS,PDT,Deputado Estadual,3,2018
0379,12312,MARCIA APARECIDA MENDES,PDT,Deputado Estadual,6,2018
0379,12321,PEDRO ANTONIO BIGARDI,PDT,Deputado Estadual,13,2018
0379,12333,VALDOMIRO NUNES DE QUEIROS,PDT,Deputado Estadual,7,2018
0379,12340,JOSE SEBASTIAO FILHO,PDT,Deputado Estadual,0,2018
0379,12345,MARCIO MASSAMI NAKASHIMA,PDT,Deputado Estadual,106,2018
0379,12348,SERGIO LUIZ FARAUDE,PDT,Deputado Estadual,3,2018
0379,12360,UÉBER DEIVIDI DA SILVA,PDT,Deputado Estadual,0,2018
0379,12412,JOSUÉ BRIZOLA,PDT,Deputado Estadual,3,2018
0379,12424,MAHAYANA TACCARI,PDT,Deputado Estadual,0,2018
0379,12444,AGAMENON ALVES DA SILVA,PDT,Deputado Estadual,16,2018
0379,12446,ANA CRISTINA AUGUSTA DA SILVA ENCARNAÇÃO,PDT,Deputado Estadual,5,2018
0379,12450,ELIENE DA SILVA SANTOS,PDT,Deputado Estadual,0,2018
0379,12456,DIOGENES BRANCO DE ANDRADE,PDT,Deputado Estadual,13,2018
0379,12468,SIMONE APARECIDA FERREIRA,PDT,Deputado Estadual,0,2018
0379,12491,THIAGO DE LUCA SANT ANA RIBEIRO,PDT,Deputado Estadual,1,2018
0379,12500,JOSÉ DE PAULA SANTOS,PDT,Deputado Estadual,6,2018
0379,12512,VAGNER APARECIDO MALHEIROS,PDT,Deputado Estadual,4,2018
0379,12567,ANTONIO COSTA,PDT,Deputado Estadual,0,2018
0379,12569,SALVADOR RODRIGUES DE SOUZA,PDT,Deputado Estadual,0,2018
0379,12611,CAMILA VERONICA SPERANDIO DE ALMEIDA,PDT,Deputado Estadual,5,2018
0379,12612,LIZETE MARIA CORREA VALLEJO MORALES,PDT,Deputado Estadual,0,2018
0379,12622,SANDRA MARIA DOS SANTOS,PDT,Deputado Estadual,0,2018
0379,12628,CINTIA APARECIDA DE MATOS,PDT,Deputado Estadual,2,2018
0379,12640,JOSÉ MARCIO DE SOUZA CANDIDO,PDT,Deputado Estadual,8,2018
0379,12689,PAULO VICTOR NOVAES,PDT,Deputado Estadual,0,2018
0379,12712,HERNANI JOSÉ BARRETO DA SILVA,PDT,Deputado Estadual,1,2018
0379,12767,STELLA TAVARES MACHADO,PDT,Deputado Estadual,7,2018
0379,12777,THYAGO CEZAR,PDT,Deputado Estadual,10,2018
0379,12789,PAULO ALVES PEREIRA,PDT,Deputado Estadual,0,2018
0379,12800,MIGUEL FRANCISCO DE LIMA,PDT,Deputado Estadual,0,2018
0379,12812,ALLAN RODRIGO ALVES,PDT,Deputado Estadual,33,2018
0379,12900,MANOEL JOSÉ DE ALENCAR FILHO,PDT,Deputado Estadual,1,2018
0379,12999,ADENILSON APARECIDO BARBOSA,PDT,Deputado Estadual,11,2018
0379,13001,PEDRO TOURINHO DE SIQUEIRA,PT,Deputado Estadual,4262,2018
0379,13002,ANTONIO AUGUSTO PORTO,PT,Deputado Estadual,3,2018
0379,13003,ANA LIDIA DE OLIVEIRA AGUIAR,PT,Deputado Estadual,72,2018
0379,13005,NOEMIA BENTO DE OLIVEIRA,PT,Deputado Estadual,0,2018
0379,13007,EDIVALDO DE OLIVEIRA LIMA,PT,Deputado Estadual,4,2018
0379,13008,JOAQUIM MISAEL DA SILVA,PT,Deputado Estadual,3,2018
0379,13009,VALQUIRIA JUSTINO,PT,Deputado Estadual,1,2018
0379,13011,MARIO MAURICI DE LIMA MORAIS,PT,Deputado Estadual,15,2018
0379,13015,CLAUDILSON LEITE PEREIRA,PT,Deputado Estadual,1,2018
0379,13016,ROBERTO SAMPAIO GÂNDARA JÚNIOR,PT,Deputado Estadual,3,2018
0379,13021,SIMONE DINIZ DI STADIO DE ARAUJO,PT,Deputado Estadual,5,2018
0379,13066,ADELIA OLIVEIRA DE FARIAS,PT,Deputado Estadual,76,2018
0379,13068,MARCELO PEDROSO DE OLIVEIRA,PT,Deputado Estadual,0,2018
0379,13090,WANDA DE OLIVEIRA FERREIRA,PT,Deputado Estadual,2,2018
0379,13100,GARRY DERALUS,PT,Deputado Estadual,11,2018
0379,13110,TEONILIO MONTEIRO DA COSTA,PT,Deputado Estadual,10,2018
0379,13111,NORMANDO COSTA DE ANDRADE FILHO,PT,Deputado Estadual,39,2018
0379,13113,MARCIA APARECIDA OVEJANEDA LIA,PT,Deputado Estadual,49,2018
0379,13114,ENIO FRANCISCO TATTO,PT,Deputado Estadual,15,2018
0379,13116,NORMACI SOUSA SAMPAIO,PT,Deputado Estadual,5,2018
0379,13119,MARIA DOS ANJOS SOARES MIRANDA,PT,Deputado Estadual,4,2018
0379,13121,EUGENIO SAID,PT,Deputado Estadual,10,2018
0379,13122,JOSÉ CARLOS DE AQUINO,PT,Deputado Estadual,21,2018
0379,13123,MARIA IZABEL AZEVEDO NORONHA,PT,Deputado Estadual,306,2018
0379,13124,MARIA IZABEL BEZERRA DE SÁ,PT,Deputado Estadual,5,2018
0379,13131,EMIDIO PEREIRA DE SOUZA,PT,Deputado Estadual,195,2018
0379,13133,ALEX SANDRO GOMES,PT,Deputado Estadual,31,2018
0379,13134,LUIZ FERNANDO TEIXEIRA FERREIRA,PT,Deputado Estadual,13,2018
0379,13136,CÁSSIA APARECIDA JACINTHO LACERDA,PT,Deputado Estadual,3,2018
0379,13138,EDINALVA SILVA FRANCO,PT,Deputado Estadual,3,2018
0379,13139,SERGIO RIBEIRO SILVA,PT,Deputado Estadual,82,2018
0379,13140,JOSE AMERICO ASCENCIO DIAS,PT,Deputado Estadual,48,2018
0379,13147,GERALDO LEITE DA CRUZ,PT,Deputado Estadual,1,2018
0379,13192,ANTONIO ROBERTO DE SOUZA,PT,Deputado Estadual,2,2018
0379,13199,ANTONIO MENTOR DE MELLO SOBRINHO,PT,Deputado Estadual,632,2018
0379,13200,WAGNER OCIMAR BALIEIRO,PT,Deputado Estadual,10,2018
0379,13213,SIDNEI LUIZ MENESES ROSA,PT,Deputado Estadual,11,2018
0379,13222,ADRIANO DIOGO,PT,Deputado Estadual,45,2018
0379,13223,JOZY ELLEN DIAS SOUZA DE LEMOS,PT,Deputado Estadual,6,2018
0379,13232,JUCIMÁRIO GALDINO BARBOSA,PT,Deputado Estadual,2,2018
0379,13249,ELENITA DO CARMO OLIVEIRA MARTINS,PT,Deputado Estadual,1,2018
0379,13290,HAMILTON PEREIRA,PT,Deputado Estadual,4,2018
0379,13300,CLAUDIO MARQUES DA SILVA,PT,Deputado Estadual,6,2018
0379,13310,LUIZ CLAUDIO MARCOLINO,PT,Deputado Estadual,118,2018
0379,13313,RENATO MORENI AIRES DA SILVA,PT,Deputado Estadual,8,2018
0379,13321,HERIVELTO DOS SANTOS MORAES,PT,Deputado Estadual,7,2018
0379,13331,RAIMUNDO BERNARDINO DO NASCIMENTO,PT,Deputado Estadual,3,2018
0379,13333,ROBERTA MOREIRA LUCHSINGER,PT,Deputado Estadual,18,2018
0379,13356,MOHAMAD SAMI EL KADRI,PT,Deputado Estadual,1,2018
0379,13367,AILTON FRANCISCO CABRAL,PT,Deputado Estadual,4,2018
0379,13410,MARLEIDE SOARES DA SILVA,PT,Deputado Estadual,0,2018
0379,13444,JOÃO BATISTA PINHEIRO SANTOS FILHO,PT,Deputado Estadual,4,2018
0379,13456,ELISABETH SAHÃO,PT,Deputado Estadual,32,2018
0379,13500,LUZIA JOSÉ DOS SANTOS VECCHIATTI,PT,Deputado Estadual,11,2018
0379,13513,ALOISIO GAMA DE SANTANA,PT,Deputado Estadual,11,2018
0379,13555,SIMÃO PEDRO CHIOVETTI,PT,Deputado Estadual,31,2018
0379,13560,LUIZ FERNANDO STOPPA,PT,Deputado Estadual,5,2018
0379,13562,MIRLEI ANTONIO CASALE,PT,Deputado Estadual,2,2018
0379,13565,MARIA DA PENHA SOUZA,PT,Deputado Estadual,2,2018
0379,13570,ALESSANDRA TRINDADE SHIMOMOTO,PT,Deputado Estadual,36,2018
0379,13578,EDILEIDI CANETE RAMOS,PT,Deputado Estadual,0,2018
0379,13587,DEUSDETE ALVES DE ASSUNÇÃO,PT,Deputado Estadual,1,2018
0379,13613,PAULO ROBERTO FIORILO,PT,Deputado Estadual,8,2018
0379,13633,AGNELO DA SILVA MATOS NETO,PT,Deputado Estadual,8,2018
0379,13640,VERA LÚCIA RODRIGUES DE FARIA,PT,Deputado Estadual,491,2018
0379,13644,RENATO BISPO CAROBA,PT,Deputado Estadual,2,2018
0379,13666,ANDRÉ LUIZ COSTA DE OLIVEIRA,PT,Deputado Estadual,5,2018
0379,13670,EDMILSON SOUZA SANTOS,PT,Deputado Estadual,6,2018
0379,13678,ROSA MARIA CHIQUETTO,PT,Deputado Estadual,2,2018
0379,13688,ENI FERNANDES,PT,Deputado Estadual,4,2018
0379,13690,LUIZ MARTINO TURCO,PT,Deputado Estadual,10,2018
0379,13696,ALEXANDRE BREVIGLIERI ALVES CASTILHO,PT,Deputado Estadual,21,2018
0379,13707,ABDAEL AMBRUSTER,PT,Deputado Estadual,7,2018
0379,13711,ORLANDO MAURÍCIO JÚNIOR,PT,Deputado Estadual,118,2018
0379,13713,FABIANO GREGÓRIO,PT,Deputado Estadual,1,2018
0379,13741,TELMA FORTUNATO DA SILVA SANT ANNA,PT,Deputado Estadual,0,2018
0379,13770,ANGELA CAMARGO SPINELI,PT,Deputado Estadual,6,2018
0379,13777,CLAUDIO APARECIDO DA SILVA,PT,Deputado Estadual,24,2018
0379,13778,PEDRO FELIPE JACYNTHO DOS SANTOS,PT,Deputado Estadual,1,2018
0379,13789,MARCELO SAMUEL DA COSTA,PT,Deputado Estadual,7,2018
0379,13800,JORGE DO CARMO SILVA,PT,Deputado Estadual,7,2018
0379,13813,RENATO SIMOES,PT,Deputado Estadual,2557,2018
0379,13888,JOSILDA DE ARAÚJO CABRAL DO NASCIMENTO,PT,Deputado Estadual,1,2018
0379,13890,EDSON PEREIRA CAMPOS,PT,Deputado Estadual,2,2018
0379,13900,EDISON LUÍS ALVES,PT,Deputado Estadual,3,2018
0379,13913,CÁSSIA GONÇALVES DE JESUS,PT,Deputado Estadual,4,2018
0379,13933,EDUARDO DIAS DA CUNHA,PT,Deputado Estadual,8,2018
0379,13999,CARLOS ALBERTO PLETZ NEDER,PT,Deputado Estadual,73,2018
0379,14007,ALESSANDRO RIOS CONFORTI,PTB,Deputado Estadual,0,2018
0379,14014,WELINGTON APARECIDO ALFREDO,PTB,Deputado Estadual,12,2018
0379,14040,RICARDO MANOEL DE ALMEIDA,PTB,Deputado Estadual,3,2018
0379,14045,LUCIMAR FREIRE DE ALMEIDA SILVA,PTB,Deputado Estadual,0,2018
0379,14100,MARINISIA TUROLI FERNANDES DA SILVA,PTB,Deputado Estadual,1,2018
0379,14111,EDILSON GUARNIERI,PTB,Deputado Estadual,14,2018
0379,14123,JOSE NERIVAN DA SILVA,PTB,Deputado Estadual,2,2018
0379,14140,ANTONIO CARLOS DE CAMPOS MACHADO,PTB,Deputado Estadual,108,2018
0379,14145,MARIA TERESA DA SILVA LATTARI,PTB,Deputado Estadual,1,2018
0379,14160,ROQUE BARBIERE,PTB,Deputado Estadual,19,2018
0379,14190,MARCOS ROGERIO MANTEIGA,PTB,Deputado Estadual,10,2018
0379,14222,ERICA VANESSA MANTOVANI,PTB,Deputado Estadual,5,2018
0379,14234,CARLOS BRUMER RODRIGUES,PTB,Deputado Estadual,1,2018
0379,14333,JONAS FERNANDES CASTRO,PTB,Deputado Estadual,0,2018
0379,14340,CAROLINE DO AMPARO CERQUEIRA,PTB,Deputado Estadual,4,2018
0379,14345,CÉSAR RAMOS DA COSTA,PTB,Deputado Estadual,0,2018
0379,14400,JAQUELINE LILIAN BARCELOS COUTINHO,PTB,Deputado Estadual,6,2018
0379,14444,ANTONIO JOAQUIM FERNANDES,PTB,Deputado Estadual,22,2018
0379,14500,MARIA DAS GRAÇAS FERREIRA DE MACEDO,PTB,Deputado Estadual,0,2018
0379,14540,ANDREIA CARVALHO DE SOUZA,PTB,Deputado Estadual,1,2018
0379,14555,MARCO ANTONIO BITTENCOURT NOGUEIRA COBRA,PTB,Deputado Estadual,4,2018
0379,14600,LUCIENE CARVALHO CHALET FERREIRA,PTB,Deputado Estadual,0,2018
0379,14777,LUIZ CARLOS GONDIM TEIXEIRA,PTB,Deputado Estadual,12,2018
0379,15000,JORGE LUIS CARUSO,MDB,Deputado Estadual,95,2018
0379,15002,GLAUCIA ESTELA CAMARGO,MDB,Deputado Estadual,0,2018
0379,15005,SANDRA DIAS TAVARES CINTRA,MDB,Deputado Estadual,44,2018
0379,15007,JOÃO ALBERTO CORRÊA,MDB,Deputado Estadual,1,2018
0379,15009,GILBERTO FRANCISCO DE AQUINO,MDB,Deputado Estadual,1,2018
0379,15010,LUIZ FERNANDO RICCETTO,MDB,Deputado Estadual,2,2018
0379,15013,ZAIRA AMARAL ALVES DE ABREU,MDB,Deputado Estadual,0,2018
0379,15015,ENYO DAURO LEPOS CORREIA,MDB,Deputado Estadual,8,2018
0379,15018,ELIEL JUNQUEIRA FERNANDES,MDB,Deputado Estadual,0,2018
0379,15021,LUIZ MANOEL FRANCISCO,MDB,Deputado Estadual,5,2018
0379,15022,ANGELA OROSCO DE MELO,MDB,Deputado Estadual,14,2018
0379,15023,EDSON COELHO ARAUJO FILHO,MDB,Deputado Estadual,4,2018
0379,15044,CLAYTON GUIMARAES DE ALMEIDA,MDB,Deputado Estadual,0,2018
0379,15051,LEONARDO FRANCISCO SAMPAIO DE SOUZA FILHO,MDB,Deputado Estadual,24,2018
0379,15055,DALVA NEIDE MAGNANI SCHIEZARI,MDB,Deputado Estadual,0,2018
0379,15056,FERNANDO GARCIA IZQUIERDO,MDB,Deputado Estadual,0,2018
0379,15072,ALEXANDRE EURÍPEDES DOS SANTOS,MDB,Deputado Estadual,3,2018
0379,15074,JOSE PAIM ANUNCIAÇÃO FILHO,MDB,Deputado Estadual,0,2018
0379,15077,KELLY VESCO MOZZONE,MDB,Deputado Estadual,1,2018
0379,15078,JOSÉ BERNARDO ALVES,MDB,Deputado Estadual,0,2018
0379,15088,GENIVAL FRANCISCO DOS SANTOS,MDB,Deputado Estadual,0,2018
0379,15091,ROBSON LUIS MARTUCHI,MDB,Deputado Estadual,0,2018
0379,15097,CELINA RODRIGUES LOPES,MDB,Deputado Estadual,1,2018
0379,15099,FLAVIO DE SOUZA SILVEIRA,MDB,Deputado Estadual,289,2018
0379,15100,WALTER VICIONI GONÇALVES,MDB,Deputado Estadual,80,2018
0379,15110,RICARDO JOSÉ RUSSOMANNO AZEVEDO SOBRINHO,MDB,Deputado Estadual,0,2018
0379,15111,CRISTIANE FRIOLIM DAMASCENO,MDB,Deputado Estadual,5,2018
0379,15113,ADRIANA PAULA HORTENCIANO,MDB,Deputado Estadual,11,2018
0379,15115,SANZIO RODRIGUES DA SILVA,MDB,Deputado Estadual,6,2018
0379,15123,OCIMAR DONIZETI LEO OLIVEIRA,MDB,Deputado Estadual,11,2018
0379,15154,RAFAEL LUIZ PAVARINI DE CAMARGO,MDB,Deputado Estadual,12,2018
0379,15155,MIGUEL ARCANJO DE SOUSA,MDB,Deputado Estadual,4,2018
0379,15180,RENATA DE OLIVEIRA COELHO,MDB,Deputado Estadual,0,2018
0379,15190,ALEXANDRE PIMENTA ARAUJO,MDB,Deputado Estadual,1,2018
0379,15200,MARCOS DANIEL GOMES DE SOUSA,MDB,Deputado Estadual,3,2018
0379,15215,CLEONICE REGINALDA FURQUIM,MDB,Deputado Estadual,3,2018
0379,15236,ELAINE SILVEIRA NEVES,MDB,Deputado Estadual,1,2018
0379,15300,ITAMAR FRANCISCO MACHADO BORGES,MDB,Deputado Estadual,61,2018
0379,15315,DILSON DIAS RIBEIRO,MDB,Deputado Estadual,0,2018
0379,15345,ETELVINO CAETANO DA SILVA,MDB,Deputado Estadual,0,2018
0379,15355,FELIPE MARTINS GONÇALVES DA CUNHA,MDB,Deputado Estadual,2,2018
0379,15500,MARIA DO CARMO GUILHERME,MDB,Deputado Estadual,23,2018
0379,15511,VLADIMIR UDILOFF,MDB,Deputado Estadual,6,2018
0379,15515,NEHEMIAS DOMINGOS DE MELO,MDB,Deputado Estadual,2,2018
0379,15555,JULIANO JUN ABE,MDB,Deputado Estadual,8,2018
0379,15556,VALÉRIA BENTO,MDB,Deputado Estadual,0,2018
0379,15588,APARECIDO SARAIVA DA ROCHA,MDB,Deputado Estadual,6,2018
0379,15600,ISABEL KAUSZ DOS REIS,MDB,Deputado Estadual,0,2018
0379,15601,MARCOS LEANDRO GOMES VIEIRA,MDB,Deputado Estadual,0,2018
0379,15605,FERNANDO LUIZ ISOPPO PETITI,MDB,Deputado Estadual,2,2018
0379,15613,ANDRÉA CRISTINA FERREIRA DE LEMOS SILVA,MDB,Deputado Estadual,2,2018
0379,15622,JOOJI HATO,MDB,Deputado Estadual,32,2018
0379,15678,MARIA DAS GRAÇAS DOS SANTOS,MDB,Deputado Estadual,1,2018
0379,15698,MARTA HELENA FERREIRA BARBOSA,MDB,Deputado Estadual,5,2018
0379,15777,DAURY DE PAULA JÚNIOR,MDB,Deputado Estadual,3,2018
0379,15863,TATIANE DA CRUZ,MDB,Deputado Estadual,0,2018
0379,15888,RICARDO LOURENÇO DO CARMO,MDB,Deputado Estadual,1,2018
0379,15999,ANGELO ANTONIO BUCIOLOTI,MDB,Deputado Estadual,0,2018
0379,16001,ABEL BARRETO,PSTU,Deputado Estadual,25,2018
0379,16002,ANDRESSA CHAVES DA SILVA,PSTU,Deputado Estadual,1,2018
0379,16006,EDINOEL CARVALHO VEIGA,PSTU,Deputado Estadual,0,2018
0379,16016,MARISA DOS SANTOS MENDES,PSTU,Deputado Estadual,0,2018
0379,16026,JOSE DE ARIMATEA PAIVA NUNES,PSTU,Deputado Estadual,0,2018
0379,16036,EUGÊNIO MARIA DUARTE,PSTU,Deputado Estadual,0,2018
0379,16100,SILVANA MARIA DA SILVA,PSTU,Deputado Estadual,0,2018
0379,16107,RAQUEL DE PAULA,PSTU,Deputado Estadual,0,2018
0379,16111,CARLOS AUGUSTO DO NASCIMENTO LEAL,PSTU,Deputado Estadual,2,2018
0379,16116,JOSE ADELMO LEITE,PSTU,Deputado Estadual,1,2018
0379,16123,GABRIELA GUERRERO ARIONE,PSTU,Deputado Estadual,2,2018
0379,16200,NILSON FERREIRA LEITE,PSTU,Deputado Estadual,4,2018
0379,16234,EVELINE GUIMARÃES,PSTU,Deputado Estadual,0,2018
0379,16235,LEANDRO JOSÉ DE SOUZA DUQUE,PSTU,Deputado Estadual,0,2018
0379,16300,MICHELI SOUZA DA SILVA,PSTU,Deputado Estadual,0,2018
0379,16316,IVANCI VIEIRA DOS SANTOS,PSTU,Deputado Estadual,1,2018
0379,16400,CLEUSA APARECIDA DA TRINDADE,PSTU,Deputado Estadual,0,2018
0379,16461,FERNANDO DE SOUZA,PSTU,Deputado Estadual,2,2018
0379,16500,NOURIVAL CARDOSO SANTANA,PSTU,Deputado Estadual,0,2018
0379,16600,SANDRA DE MOURA CLEMENTINO DA SILVA,PSTU,Deputado Estadual,0,2018
0379,16666,JOSE DIAS DE FREITAS JUNIOR,PSTU,Deputado Estadual,29,2018
0379,16789,ELLEN RUIZ,PSTU,Deputado Estadual,1,2018
0379,16800,MARIO CÉSAR BARBOSA CONCEIÇÃO,PSTU,Deputado Estadual,0,2018
0379,17000,DIMAS MECCA SAMPAIO,PSL,Deputado Estadual,1000,2018
0379,17001,GABRIEL ROCHA MAZZALI,PSL,Deputado Estadual,34,2018
0379,17002,RICARDO SICCHIERO,PSL,Deputado Estadual,14,2018
0379,17005,MILTON LUIZ GEBIN CARDOSO,PSL,Deputado Estadual,9,2018
0379,17007,DANILO MASCARENHAS DE BALAS,PSL,Deputado Estadual,95,2018
0379,17008,EDUARDO FRANCISCO DE MELO,PSL,Deputado Estadual,13,2018
0379,17009,NATANAEL FRANCISCO DA SILVA,PSL,Deputado Estadual,2,2018
0379,17010,AGUSTIN FRANCISCO CARBALLO,PSL,Deputado Estadual,32,2018
0379,17011,PAULO SERGIO MOREIRA MELLO,PSL,Deputado Estadual,7,2018
0379,17012,WILSON CLAUDIO DE OLIVEIRA,PSL,Deputado Estadual,8,2018
0379,17013,ANDREA SEIXAS,PSL,Deputado Estadual,19,2018
0379,17015,CLAUDETE MARIA MARTINS,PSL,Deputado Estadual,0,2018
0379,17017,MARCO ANTONIO CASALE,PSL,Deputado Estadual,30,2018
0379,17018,HAROLDO DE SÁ QUARTIM BARBOSA FILHO,PSL,Deputado Estadual,7,2018
0379,17021,ANTONIO APARECIDO DELAFINA,PSL,Deputado Estadual,26,2018
0379,17022,VANESSA ALVES NASCIMENTO,PSL,Deputado Estadual,6,2018
0379,17025,VALDEMIRO PATRICIO GOMES FILHO,PSL,Deputado Estadual,106,2018
0379,17027,VICTOR FERNANDES PEREIRA PANCHORRA,PSL,Deputado Estadual,4,2018
0379,17029,MORENO FELIX CORDEIRO,PSL,Deputado Estadual,1,2018
0379,17032,VÂNIA REGINA DE ALMEIDA,PSL,Deputado Estadual,2,2018
0379,17033,PAULO ROBERTO DIAS PEREIRA,PSL,Deputado Estadual,2,2018
0379,17034,VERUSKA RODRIGUES DA SILVA,PSL,Deputado Estadual,0,2018
0379,17037,ALEXANDRO DOS SANTOS TIMÓTEO,PSL,Deputado Estadual,8,2018
0379,17040,LUIZ CARLOS DE PAULA,PSL,Deputado Estadual,9,2018
0379,17046,LUANA RIBEIRO MIRANDA MASSUIA,PSL,Deputado Estadual,0,2018
0379,17050,CLAUDINEI FERREIRA SOARES,PSL,Deputado Estadual,24,2018
0379,17051,EMERSON ZOCCHI,PSL,Deputado Estadual,1,2018
0379,17054,JEFFERSON DE MORAES CAMPOS,PSL,Deputado Estadual,0,2018
0379,17059,JULIO CÉSAR MARTINS CASARIN,PSL,Deputado Estadual,3,2018
0379,17062,MANOEL SANTOS ROCHA,PSL,Deputado Estadual,0,2018
0379,17064,DOUGLAS GARCIA BISPO DOS SANTOS,PSL,Deputado Estadual,549,2018
0379,17067,OSCAR CASTELO BRANCO DE LUCA,PSL,Deputado Estadual,260,2018
0379,17070,BRUNO MARCELLO DE OLIVEIRA LIMA,PSL,Deputado Estadual,380,2018
0379,17071,ROBSON CLEITON DE AMORIM LUCENA,PSL,Deputado Estadual,2,2018
0379,17072,RODRIGO DE ABREU OLIVEIRA,PSL,Deputado Estadual,0,2018
0379,17073,RONALDO FORMIGÃO,PSL,Deputado Estadual,3,2018
0379,17074,RODRIGO JENSON DE OLIVEIRA,PSL,Deputado Estadual,1,2018
0379,17075,WAGNER DE OLIVEIRA,PSL,Deputado Estadual,2,2018
0379,17077,CAIO TOSHIO TAKEDA,PSL,Deputado Estadual,18,2018
0379,17079,ADALBERTO GODOY FREITAS,PSL,Deputado Estadual,180,2018
0379,17083,MARCIO ANTONIO PELEGE THOMAZINI,PSL,Deputado Estadual,0,2018
0379,17085,BIANCA CASALE,PSL,Deputado Estadual,11,2018
0379,17086,CLOVIS FERREIRA DOS REIS JUNIOR,PSL,Deputado Estadual,21,2018
0379,17088,BRUNO CAMILO DA SILVA,PSL,Deputado Estadual,18,2018
0379,17096,ROSANA TESSITORI,PSL,Deputado Estadual,0,2018
0379,17102,FABIANA DE CARVALHO MARINHO,PSL,Deputado Estadual,28,2018
0379,17111,FREDERICO BRAUN D AVILA,PSL,Deputado Estadual,79,2018
0379,17117,JOSÉ DE LIMA OLIVEIRA JUNIOR,PSL,Deputado Estadual,8,2018
0379,17120,GILDEVANIO ILSO DOS SANTOS DINIZ,PSL,Deputado Estadual,1508,2018
0379,17123,DANIELA ANCHÃO BRAGA,PSL,Deputado Estadual,26,2018
0379,17124,ADRIELE DOS SANTOS NASCIMENTO COSTA,PSL,Deputado Estadual,36,2018
0379,17135,HAMILTON DIAS MENEZES,PSL,Deputado Estadual,0,2018
0379,17153,ROBERTO FIGUEIREDO JUNIOR,PSL,Deputado Estadual,2,2018
0379,17181,EDSON MIGUEL DA SILVA,PSL,Deputado Estadual,23,2018
0379,17187,AGEU DA CRUZ ALMEIDA,PSL,Deputado Estadual,19,2018
0379,17190,PAULO NISHIKAWA,PSL,Deputado Estadual,128,2018
0379,17193,MARIO ANTONIO PIRES MORO,PSL,Deputado Estadual,47,2018
0379,17195,ANDRÉ LUIS SIQUEIRA,PSL,Deputado Estadual,16,2018
0379,17196,ALEIXO ANDRE MANOEL NETO,PSL,Deputado Estadual,18,2018
0379,17200,JULIO CÉSAR FRANCISCO,PSL,Deputado Estadual,76,2018
0379,17201,ALESSANDRA RUDOLPHO STRINGHETA BARBOSA,PSL,Deputado Estadual,16,2018
0379,17202,CLEONICE APARECIDA PEREIRA DA SILVA,PSL,Deputado Estadual,3,2018
0379,17203,DANIELLI FERNANDA SIQUEIRA,PSL,Deputado Estadual,3,2018
0379,17204,FABIO DUARTE JOANA,PSL,Deputado Estadual,3,2018
0379,17205,IVANI CARVALHO SHEWCHENKO,PSL,Deputado Estadual,1,2018
0379,17206,JOELMA MAXICIMA DA FONSECA,PSL,Deputado Estadual,1,2018
0379,17207,KELLY DOS SANTOS BRITO,PSL,Deputado Estadual,18,2018
0379,17208,LEOCADIA DE CASTRO,PSL,Deputado Estadual,2,2018
0379,17209,MARCOS MORAES DOS SANTOS,PSL,Deputado Estadual,169,2018
0379,17217,ALOISIO BUENO,PSL,Deputado Estadual,19,2018
0379,17218,CARMELIDIA BERTOLA,PSL,Deputado Estadual,42,2018
0379,17222,CALIL JOSÉ BADIN VIEIRA,PSL,Deputado Estadual,83,2018
0379,17243,JULIO CÉSAR MORENO LEAL,PSL,Deputado Estadual,4,2018
0379,17257,SERGIO GRESSENS BRANDÃO,PSL,Deputado Estadual,6,2018
0379,17288,CRISTINA ALVES DE GODOY,PSL,Deputado Estadual,47,2018
0379,17290,CLEMILTON ALVES DA SILVA,PSL,Deputado Estadual,141,2018
0379,17291,AILTON JOSÉ DOS SANTOS,PSL,Deputado Estadual,4,2018
0379,17300,TELMA ANGELICA MARIA CHRISTIANSEN,PSL,Deputado Estadual,16,2018
0379,17317,JANAINA CONCEIÇÃO PASCHOAL,PSL,Deputado Estadual,12294,2018
0379,17321,LUIS ANTONIO DE LIMA CLEMENTE,PSL,Deputado Estadual,6,2018
0379,17330,JOSÉ DE SOUZA JUNIOR,PSL,Deputado Estadual,4,2018
0379,17333,ALEXANDRE SAID BUSSAB,PSL,Deputado Estadual,20,2018
0379,17334,LAURO LISBOA FILHO,PSL,Deputado Estadual,0,2018
0379,17345,MARTA MAITÊ SEVILLANO,PSL,Deputado Estadual,9,2018
0379,17400,JOSÉ EDILSON DE SOUZA,PSL,Deputado Estadual,6,2018
0379,17441,MEIRE LOPES,PSL,Deputado Estadual,2,2018
0379,17444,EVERTON LUIZ FERNANDES SODARIO RAIMUNDO,PSL,Deputado Estadual,16,2018
0379,17500,LETICIA AGUIAR RESENDE ALVES,PSL,Deputado Estadual,126,2018
0379,17555,RICARDO AZEVEDO DA SILVA,PSL,Deputado Estadual,38,2018
0379,17600,MARCOS FERNANDO PORTELLA FONTES,PSL,Deputado Estadual,15,2018
0379,17667,VALERIA MULLER RAMOS BOLSONARO,PSL,Deputado Estadual,1249,2018
0379,17678,VITOR HUGO RICCOMINI,PSL,Deputado Estadual,452,2018
0379,17681,THIAGO FELIPE NEVES,PSL,Deputado Estadual,0,2018
0379,17685,KERIN DA ROCHA SILVA,PSL,Deputado Estadual,3,2018
0379,17700,MANOEL BARBOSA DO NASCIMENTO,PSL,Deputado Estadual,321,2018
0379,17707,MATHEUS COIMBRA MARTINS DE AGUIAR,PSL,Deputado Estadual,117,2018
0379,17711,FRANCISLAINE URQUIDI FARFAN VASSER,PSL,Deputado Estadual,13,2018
0379,17712,ANDREA JOSIANE PINTO NAKASASSU,PSL,Deputado Estadual,10,2018
0379,17717,HAMILTON PROCÓPIO DOS SANTOS NETTO,PSL,Deputado Estadual,17,2018
0379,17750,PAULO VIEIRA DA SILVA FILHO,PSL,Deputado Estadual,1,2018
0379,17753,CLAUDIO MAGNO DA SILVA,PSL,Deputado Estadual,2,2018
0379,17765,JURACI DE OSTI LOPES,PSL,Deputado Estadual,5,2018
0379,17771,ELIVELTON ANTONIO WEIRICH,PSL,Deputado Estadual,38,2018
0379,17777,RODRIGO GAMBALE VIEIRA,PSL,Deputado Estadual,299,2018
0379,17778,CLAUDIA SANTOS LEAL,PSL,Deputado Estadual,8,2018
0379,17789,MARCOS ANTONIO RIBEIRO FARTO,PSL,Deputado Estadual,11,2018
0379,17798,LUIZ EDUARDO SCAFF,PSL,Deputado Estadual,7,2018
0379,17888,MARCELO CRISTIANO REIS,PSL,Deputado Estadual,59,2018
0379,17890,DANIELA CRISTINA MIGUEL BRUZARROSCO,PSL,Deputado Estadual,31,2018
0379,17900,JOSÉ ROBERTO BARBOSA DE SOUZA,PSL,Deputado Estadual,47,2018
0379,17911,ROBERTO DE LIMA FERNANDES,PSL,Deputado Estadual,12,2018
0379,17913,LUCIMARA FERREIRA DE MORAES,PSL,Deputado Estadual,0,2018
0379,17967,ELAINE CRISTINA DO NASCIMENTO,PSL,Deputado Estadual,46,2018
0379,17977,EDILEIDE SILVA,PSL,Deputado Estadual,0,2018
0379,17981,ANDREIA MONIQUE DOS SANTOS,PSL,Deputado Estadual,0,2018
0379,17988,MIRTES DE CASTRO,PSL,Deputado Estadual,0,2018
0379,17989,MOISÉS COSTA DE SOUSA,PSL,Deputado Estadual,1,2018
0379,17997,EDUARDO KUPPER PACHECO DE AGUIRRE,PSL,Deputado Estadual,20,2018
0379,17998,GLORIA NEY FERNANDES,PSL,Deputado Estadual,0,2018
0379,18000,DANIEL DA ROCHA MARTINI,REDE,Deputado Estadual,11,2018
0379,18001,HENRIQUE CROISFELTS,REDE,Deputado Estadual,6,2018
0379,18007,GEORGIANA SOARES PIRES,REDE,Deputado Estadual,0,2018
0379,18009,JULIO CESAR RODRIGUES DE MENEZES,REDE,Deputado Estadual,0,2018
0379,18010,ALESSANDRA APARECIDA MONTEIRO,REDE,Deputado Estadual,115,2018
0379,18013,RONALDO PRUDENTE,REDE,Deputado Estadual,0,2018
0379,18018,GIOVANNI VILLIUS RIGHETTO MOCKUS,REDE,Deputado Estadual,4,2018
0379,18077,RODRIGO PEREIRA DA SILVA,REDE,Deputado Estadual,0,2018
0379,18081,ANTONIO BETE NETO,REDE,Deputado Estadual,0,2018
0379,18108,CLÁUDIO DA SILVA VERÍSSIMO,REDE,Deputado Estadual,0,2018
0379,18118,JAMES PRADO GONDIM,REDE,Deputado Estadual,2,2018
0379,18123,ALOISIO CALSONI BOZZINI,REDE,Deputado Estadual,5,2018
0379,18180,PAULO SERGIO CAMOLESI,REDE,Deputado Estadual,1,2018
0379,18182,MARLI CONCEIÇÃO DA SILVA,REDE,Deputado Estadual,1,2018
0379,18188,ADEMAR BUENO DA SILVA JÚNIOR,REDE,Deputado Estadual,16,2018
0379,18191,SILVIO DAMACENO SIMORA RIBEIRO,REDE,Deputado Estadual,7,2018
0379,18222,ROSELEI APARECIDO FRANÇOSO,REDE,Deputado Estadual,2,2018
0379,18234,SHEILA SALES ROMERA,REDE,Deputado Estadual,1,2018
0379,18318,HÁDIA CHRISTINY AMORIM ARAÚJO FEITOSA,REDE,Deputado Estadual,7,2018
0379,18321,INGRID JULIANE DOS SANTOS FERREIRA,REDE,Deputado Estadual,2,2018
0379,18333,BIANCA ZEITOUN OGLOUYAN,REDE,Deputado Estadual,8,2018
0379,18360,JEFFERSON SANTOS DA SILVA,REDE,Deputado Estadual,0,2018
0379,18420,ALBERTO CORUNHA TAVARES,REDE,Deputado Estadual,3,2018
0379,18432,CARLOS MANOEL CINI,REDE,Deputado Estadual,1,2018
0379,18444,EDMILSON JOSÉ DE CARVALHO,REDE,Deputado Estadual,0,2018
0379,18456,ANDRÉ RICARDO DE SOUZA,REDE,Deputado Estadual,0,2018
0379,18475,SONIA APARECIDA CÂNDIDA BORGES,REDE,Deputado Estadual,2,2018
0379,18500,JONES MAIR PONTES SILVEIRA,REDE,Deputado Estadual,1,2018
0379,18543,CLAUDIO YUTAKA SUETU,REDE,Deputado Estadual,2,2018
0379,18555,REJANE DE VASCONCELOS FELIPE,REDE,Deputado Estadual,0,2018
0379,18579,CARLOS ROBERTO ROSA,REDE,Deputado Estadual,0,2018
0379,18613,REGINALDO ALEXANDRE MARTINS,REDE,Deputado Estadual,0,2018
0379,18618,JOSÉ RUI CAMARGO,REDE,Deputado Estadual,1,2018
0379,18654,CARLOS DANIEL GOIS LIMA DA SILVA,REDE,Deputado Estadual,0,2018
0379,18663,NATALINO ANTÔNIO DA SILVA,REDE,Deputado Estadual,3,2018
0379,18678,MARCIO VITAL,REDE,Deputado Estadual,0,2018
0379,18765,ROBERTA ROCHA GOMES ALBUQUERQUE,REDE,Deputado Estadual,0,2018
0379,18777,NANCY DE FÁTIMA GOMES FELIX DA SILVEIRA,REDE,Deputado Estadual,5,2018
0379,18789,MARCO TSUYAMA CARDOSO,REDE,Deputado Estadual,0,2018
0379,18800,ELTON TONY SOUZA PONDÉ COELHO,REDE,Deputado Estadual,4,2018
0379,18833,DENIS DUCK,REDE,Deputado Estadual,0,2018
0379,18881,VALERIA APARECIDA DE OLIVEIRA REI,REDE,Deputado Estadual,0,2018
0379,18888,MARINA MEDEIROS HELOU,REDE,Deputado Estadual,66,2018
0379,18889,SILVANA CORDELINI,REDE,Deputado Estadual,5,2018
0379,18918,PAULO DE ABREU LEME FILHO,REDE,Deputado Estadual,1,2018
0379,18999,CRISTIANE BRANDÃO DOS SANTOS,REDE,Deputado Estadual,6,2018
0379,19000,MARCELO PEREIRA SURCIN,PODE,Deputado Estadual,81,2018
0379,19001,ATAIDE TERUEL PEREZ,PODE,Deputado Estadual,59,2018
0379,19002,DOMINGOS SANCHES,PODE,Deputado Estadual,4,2018
0379,19007,CYBELE DA SILVA,PODE,Deputado Estadual,1,2018
0379,19008,JULIANA BUSSAB SCHULHOF,PODE,Deputado Estadual,8,2018
0379,19009,MARCOS PEIXOTO MELLO GONÇALVES,PODE,Deputado Estadual,4,2018
0379,19010,MOHAMAD KASSEM EL TURK,PODE,Deputado Estadual,0,2018
0379,19011,WALMIR BAPTISTA RIGUEIRA,PODE,Deputado Estadual,0,2018
0379,19012,RONALDO MARTINS FRANCO,PODE,Deputado Estadual,0,2018
0379,19014,MANOEL SANTANA PAULO,PODE,Deputado Estadual,0,2018
0379,19017,CRISTIANO ALEXANDRE MARCONDES,PODE,Deputado Estadual,0,2018
0379,19018,RAPHAEL MARCO BLECH HAMAOUI,PODE,Deputado Estadual,1,2018
0379,19019,BRAZ DOS SANTOS ADEGAS JUNIOR,PODE,Deputado Estadual,17,2018
0379,19020,RALFI RAFAEL DA SILVA,PODE,Deputado Estadual,0,2018
0379,19022,SIMONE CRISTINA SANTOS SOUZA,PODE,Deputado Estadual,0,2018
0379,19023,VAGNER EVARISTO DE MOURA,PODE,Deputado Estadual,0,2018
0379,19026,CLAUDIA ABREU SCHEFLER,PODE,Deputado Estadual,2,2018
0379,19027,AMERICO CICCONE NETO,PODE,Deputado Estadual,1,2018
0379,19030,ANTONIO CARLOS PEREIRA SILVA,PODE,Deputado Estadual,0,2018
0379,19033,SOCRATES DAMASCENO NOVELLI,PODE,Deputado Estadual,0,2018
0379,19034,HENRIQUE CARVALHO DE CAMPOS,PODE,Deputado Estadual,0,2018
0379,19036,GERSON FELIP CURPIEVSKY,PODE,Deputado Estadual,0,2018
0379,19039,MARIA LUCIA DA SILVA,PODE,Deputado Estadual,0,2018
0379,19041,GUARACI LIMA DE MORAIS,PODE,Deputado Estadual,0,2018
0379,19070,RENALDO CARDOSO DE REZENDE,PODE,Deputado Estadual,1,2018
0379,19089,ANA CRISTINA ALVES,PODE,Deputado Estadual,3,2018
0379,19090,ANTONIO WLADEMIR DA SILVA,PODE,Deputado Estadual,0,2018
0379,19099,CUSTÓDIO TAVARES FERNANDES JUNIOR,PODE,Deputado Estadual,1,2018
0379,19100,BRUNO AREVALO GANEM,PODE,Deputado Estadual,568,2018
0379,19109,LENI DE FÁTIMA RODRIGUES DO PRADO,PODE,Deputado Estadual,3,2018
0379,19111,JOÃO JORGE FADEL FILHO,PODE,Deputado Estadual,3,2018
0379,19112,JOEL FRANCISCO BARBOSA,PODE,Deputado Estadual,0,2018
0379,19113,JOSÉ EUGENIO DA SILVA,PODE,Deputado Estadual,1,2018
0379,19114,NIVALDO DA SILVA,PODE,Deputado Estadual,0,2018
0379,19119,GELSO APARECIDO DE LIMA,PODE,Deputado Estadual,7,2018
0379,19122,WILLIAN SANTOS DE OLIVEIRA,PODE,Deputado Estadual,2,2018
0379,19123,PEDRO MASSAMI KIKUDOME,PODE,Deputado Estadual,12,2018
0379,19125,HELIO GONÇALVES FIRMO,PODE,Deputado Estadual,0,2018
0379,19128,FRANCISCO JOSÉ CARVALHO,PODE,Deputado Estadual,0,2018
0379,19129,ELINELMA SOUZA BARRETO,PODE,Deputado Estadual,0,2018
0379,19133,BRUNO HIDEO OMORI,PODE,Deputado Estadual,4,2018
0379,19146,SARA REGINA FERREIRA DE MELO LUIZ,PODE,Deputado Estadual,0,2018
0379,19147,ANTONIO GOMES DA SILVA,PODE,Deputado Estadual,0,2018
0379,19150,MARCELO LINS,PODE,Deputado Estadual,1,2018
0379,19165,FERNANDO DIAS DA COSTA,PODE,Deputado Estadual,0,2018
0379,19180,MADALENA LEITE,PODE,Deputado Estadual,0,2018
0379,19187,GLAUCIA MARIA RODRIGUES DE SOUZA,PODE,Deputado Estadual,0,2018
0379,19190,LUCIANO GALESCO,PODE,Deputado Estadual,21,2018
0379,19191,GEREMIAS NUNES DE SIQUEIRA,PODE,Deputado Estadual,0,2018
0379,19192,JOÃO ROBERTO DE SIQUEIRA,PODE,Deputado Estadual,0,2018
0379,19193,ALEXANDRE TEIXEIRA,PODE,Deputado Estadual,5,2018
0379,19196,TATIANA POLI DE OLIVEIRA,PODE,Deputado Estadual,0,2018
0379,19197,SANDRA LANDIOZE CAPUCHO,PODE,Deputado Estadual,5,2018
0379,19199,MARCIO PASCHOAL GIUDICIO,PODE,Deputado Estadual,3,2018
0379,19200,ROBERTO FIGUEIRA MARINHO,PODE,Deputado Estadual,192,2018
0379,19201,EVANIR DA SILVA CARVALHO,PODE,Deputado Estadual,4,2018
0379,19211,CAIO AUGUSTO PASTORI DOS SANTOS,PODE,Deputado Estadual,0,2018
0379,19219,RODRIGO RAMOS FIORI,PODE,Deputado Estadual,0,2018
0379,19221,YEDA MARIA AMARAL,PODE,Deputado Estadual,0,2018
0379,19222,EDUARDO VALENTIM FERNANDES PEREIRA,PODE,Deputado Estadual,3,2018
0379,19230,DORA LICKUNAS,PODE,Deputado Estadual,0,2018
0379,19233,IEDA COSTA DE OLIVEIRA,PODE,Deputado Estadual,1,2018
0379,19234,CARLOS ROBERTO DE CARVALHO,PODE,Deputado Estadual,0,2018
0379,19250,NATALIA DE ALMEIDA NASCIMENTO,PODE,Deputado Estadual,0,2018
0379,19269,ADRIANA PIERIN,PODE,Deputado Estadual,46,2018
0379,19270,VAGNER ARANTES DA COSTA,PODE,Deputado Estadual,0,2018
0379,19300,LILIAN FERREIRA,PODE,Deputado Estadual,0,2018
0379,19310,MARCIA TELMA DA SILVA,PODE,Deputado Estadual,0,2018
0379,19314,SIDNEI ROBERTSON CAMPERO,PODE,Deputado Estadual,0,2018
0379,19319,FRANCISCA MARIA DO NASCIMENTO SOUSA,PODE,Deputado Estadual,2,2018
0379,19321,EDINEIA APARECIDA TELES,PODE,Deputado Estadual,0,2018
0379,19322,SERGIO PINTO BOMFIM,PODE,Deputado Estadual,0,2018
0379,19333,ANIBAL DE FREITAS FILHO,PODE,Deputado Estadual,2,2018
0379,19337,JOAQUIM FERREIRA NETO,PODE,Deputado Estadual,0,2018
0379,19360,JULIANA DOS SANTOS SILVA,PODE,Deputado Estadual,0,2018
0379,19399,GLAUCIA PERES CÍLIA GONÇALVES,PODE,Deputado Estadual,0,2018
0379,19400,FRANCISCO NUNES SOBRINHO,PODE,Deputado Estadual,0,2018
0379,19421,LENIR MARIA DE OLIVEIRA,PODE,Deputado Estadual,0,2018
0379,19426,PAULO HENRIQUE MACHADO,PODE,Deputado Estadual,3,2018
0379,19429,CARLÂNGELA SILVA DOS SANTOS DE OLIVEIRA,PODE,Deputado Estadual,2,2018
0379,19433,JACEGUAY NUNES GÓES,PODE,Deputado Estadual,0,2018
0379,19444,FAUSTO SALVADOR PERES,PODE,Deputado Estadual,6,2018
0379,19456,AIDAN ANTONIO RAVIN,PODE,Deputado Estadual,1,2018
0379,19499,FLAVIANE MENESES AQUINO,PODE,Deputado Estadual,0,2018
0379,19500,GILBERTO DANIEL JUNIOR,PODE,Deputado Estadual,0,2018
0379,19511,GILDAECIO SOARES DE SOUSA,PODE,Deputado Estadual,0,2018
0379,19519,ANDREA ROSA DE MENEZES DUARTE,PODE,Deputado Estadual,0,2018
0379,19527,LUIZ ANTONIO DE SOUZA,PODE,Deputado Estadual,0,2018
0379,19533,ROLGACIANO FERNANDES ALMEIDA,PODE,Deputado Estadual,1,2018
0379,19549,MARCIA CARNEIRO ABRANTES PINHEIRO,PODE,Deputado Estadual,0,2018
0379,19550,JOSE MARCIO DE CAMPOS,PODE,Deputado Estadual,0,2018
0379,19555,DÉLBIO CAMARGO TERUEL,PODE,Deputado Estadual,0,2018
0379,19556,GERALDO AMARO DA SILVA,PODE,Deputado Estadual,0,2018
0379,19567,CRISTIANE PEREIRA DAVIS,PODE,Deputado Estadual,0,2018
0379,19578,MARCOS CESAR CAVICHIOLLI,PODE,Deputado Estadual,0,2018
0379,19600,EUVALDO REIS DOS SANTOS MENEZES,PODE,Deputado Estadual,0,2018
0379,19610,CREUSA VIEIRA DANTAS ARAÚJO,PODE,Deputado Estadual,0,2018
0379,19619,LUIS HENRIQUE DOS SANTOS MOREIRA,PODE,Deputado Estadual,8,2018
0379,19630,LUIZ EDUARDO OLIVEIRA ALVES,PODE,Deputado Estadual,0,2018
0379,19633,AMARILDO GONÇALVES,PODE,Deputado Estadual,3,2018
0379,19634,KAYQUE GUILHERME MAIER DA SILVA,PODE,Deputado Estadual,0,2018
0379,19700,JOÃO DÁRCIO RIBAMAR SACCHI,PODE,Deputado Estadual,1,2018
0379,19714,JOSÉ APRIGIO DA SILVA,PODE,Deputado Estadual,2,2018
0379,19720,ELISABEL APARECIDA DA CONCEIÇÃO,PODE,Deputado Estadual,1,2018
0379,19722,ASSAD FRANGIEH,PODE,Deputado Estadual,0,2018
0379,19733,JUSSIMAR AMELENTINO JOSEFINO,PODE,Deputado Estadual,0,2018
0379,19770,MONICA PILLAT BELMUDES,PODE,Deputado Estadual,1,2018
0379,19773,MARCELLO MAZARIO COSTA,PODE,Deputado Estadual,11,2018
0379,19777,GUILHERME DE ALES FERRAZ DA SILVA,PODE,Deputado Estadual,34,2018
0379,19785,ERICA CRISTINA CINTRA,PODE,Deputado Estadual,0,2018
0379,19789,JOCELINO JOSE DE SANTANA,PODE,Deputado Estadual,0,2018
0379,19800,MURILO BERBERT AVIGO FELIX,PODE,Deputado Estadual,150,2018
0379,19819,RONALD TANIMOTO CELESTINO,PODE,Deputado Estadual,32,2018
0379,19833,CARLOS DA FONSECA NADAIS,PODE,Deputado Estadual,0,2018
0379,19851,DORA MARIA MACHADO,PODE,Deputado Estadual,0,2018
0379,19875,SANDRO HENRIQUE EUGENIO BASTOS,PODE,Deputado Estadual,0,2018
0379,19883,GERSON FIUZA DE JESUS,PODE,Deputado Estadual,0,2018
0379,19888,RAUL APARECIDO GONÇALVES PAULA,PODE,Deputado Estadual,7,2018
0379,19890,ALESSANDRO AUREO RAFALDINI OLIVEIRA,PODE,Deputado Estadual,0,2018
0379,19899,LUIS DONIZETTI VAZ JUNIOR,PODE,Deputado Estadual,9,2018
0379,19900,MARIA ALMEIDA DANTAS,PODE,Deputado Estadual,1,2018
0379,19910,ERNESTO TEIXEIRA DA CUNHA,PODE,Deputado Estadual,9,2018
0379,19911,MARCOS MENDES DA SILVA,PODE,Deputado Estadual,1,2018
0379,19919,DANIEL CARVALHO MACHADO,PODE,Deputado Estadual,0,2018
0379,19962,ANTONIA MARIA COSTA SILVA,PODE,Deputado Estadual,0,2018
0379,19975,EMMERSON DE CAMARGO,PODE,Deputado Estadual,0,2018
0379,19977,FILIPE AUGUSTO FORNARI MONTANHOLI,PODE,Deputado Estadual,6,2018
0379,19988,VALDECIR TOSCHI,PODE,Deputado Estadual,0,2018
0379,19990,JOSE GARCIA LOPES NETO,PODE,Deputado Estadual,4,2018
0379,19991,MONICA VIANA MIRANDA CAMPOS FERNANDES,PODE,Deputado Estadual,4,2018
0379,19998,LEANDRO CALDEIRA NAVA,PODE,Deputado Estadual,1,2018
0379,19999,RICARDO FABRIZIO PACHECO DE OLIVEIRA,PODE,Deputado Estadual,12,2018
0379,20000,EBENEZÉ FRANCISCO DE PAULA,PSC,Deputado Estadual,16,2018
0379,20010,SERGIO LOURENÇO DA SILVA,PSC,Deputado Estadual,3,2018
0379,20120,EDVALDO DE OLIVEIRA PAULA,PSC,Deputado Estadual,0,2018
0379,20123,GUILHERME CESAR ZAFANI,PSC,Deputado Estadual,16,2018
0379,20147,ANISTALDO LUIZ LOPES DA SILVA,PSC,Deputado Estadual,4,2018
0379,20175,EBENEZER DE PAULA,PSC,Deputado Estadual,0,2018
0379,20200,FLÁVIA CAMARGO DA SILVA,PSC,Deputado Estadual,18,2018
0379,20270,JOSE AUDIDUDIMA SALES DA SILVA,PSC,Deputado Estadual,2,2018
0379,20320,LUCIANE SALLES DA PAZ SCHULTZ,PSC,Deputado Estadual,1,2018
0379,20333,JUAREZ JUVÊNCIO DOS SANTOS,PSC,Deputado Estadual,26,2018
0379,20555,MARIA JOSE OCAMPOS,PSC,Deputado Estadual,0,2018
0379,20610,PAULO CESAR DIAS DOS REIS,PSC,Deputado Estadual,0,2018
0379,20629,ELISABETE NATALI ALVARENGA,PSC,Deputado Estadual,1,2018
0379,20690,EDIVALDO MARCELO ABENÇOADO DOS SANTOS LEAL,PSC,Deputado Estadual,8,2018
0379,20777,CELSO BRAZ DO NASCIMENTO,PSC,Deputado Estadual,39,2018
0379,20800,FERNANDO CESAR RAMOS,PSC,Deputado Estadual,0,2018
0379,20888,PAULO EDUARDO TEMPLE DELGADO,PSC,Deputado Estadual,0,2018
0379,20964,JOSÉ ANTONIO ALVES,PSC,Deputado Estadual,0,2018
0379,20999,ROSANGELA APARECIDA SILVEIRA GIORDANI,PSC,Deputado Estadual,1,2018
0379,21100,ERNESTO FREIRE PICHLER,PCB,Deputado Estadual,2,2018
0379,22000,GILBERTO BENZI,PR,Deputado Estadual,9,2018
0379,22001,ODIR JOÃO DEMARCHI,PR,Deputado Estadual,7,2018
0379,22002,VERA LUCIA LANGELLOTTI VELLO,PR,Deputado Estadual,0,2018
0379,22003,ISABELA CRISTINA CARDOSO DA CRUZ,PR,Deputado Estadual,5,2018
0379,22005,NEUSA MARIA RODRIGUES RACOSTA,PR,Deputado Estadual,1,2018
0379,22007,RODRIGO DE ALMEIDA SOUZA,PR,Deputado Estadual,4,2018
0379,22008,NEILSON PAULO DOS SANTOS,PR,Deputado Estadual,0,2018
0379,22011,GINO JOSÉ TORREZAN,PR,Deputado Estadual,10,2018
0379,22012,JULIO CESAR PEREIRA DE SOUZA,PR,Deputado Estadual,265,2018
0379,22013,JOSÉ CARLOS DE ALMEIDA,PR,Deputado Estadual,21,2018
0379,22017,FRANCISCO ALEXANDRE GUERREIRO GOMES,PR,Deputado Estadual,0,2018
0379,22018,ADÃO TIMÓTEO DE LIMA,PR,Deputado Estadual,18,2018
0379,22019,GUIOMAR HOFFMAN,PR,Deputado Estadual,6,2018
0379,22022,FRANCISCO ROSSI DE ALMEIDA,PR,Deputado Estadual,3,2018
0379,22023,WANESSA SOUSA BOMFIM,PR,Deputado Estadual,1,2018
0379,22024,SIMONE CARDOSO DE OLIVEIRA,PR,Deputado Estadual,1,2018
0379,22028,MARCIO MOREIRA DE SOUZA,PR,Deputado Estadual,54,2018
0379,22031,CRISTIANE APARECIDA CELLA,PR,Deputado Estadual,0,2018
0379,22033,MARCOS AURELIO DE PAULA,PR,Deputado Estadual,2,2018
0379,22035,MAURO ALVES DOS SANTOS JUNIOR,PR,Deputado Estadual,10,2018
0379,22044,ALAN BEZERRA GOMES,PR,Deputado Estadual,0,2018
0379,22045,JOSEFA FÁTIMA DE LIRA,PR,Deputado Estadual,0,2018
0379,22055,MARCOS TADEU VILALTA,PR,Deputado Estadual,4,2018
0379,22065,FABIO ELY RAMOS,PR,Deputado Estadual,1,2018
0379,22080,JEFFERCY DE SOUZA NUNES CHAD,PR,Deputado Estadual,0,2018
0379,22100,LINO BISPO DA ROCHA,PR,Deputado Estadual,5,2018
0379,22111,LUIZ PAULO SALGADO,PR,Deputado Estadual,4,2018
0379,22122,ANDREIA LUCIA GONÇALVES DA SILVA,PR,Deputado Estadual,9,2018
0379,22123,RICARDO ROSSI MADALENA,PR,Deputado Estadual,10,2018
0379,22133,SERGIO ANTONIO DONHA,PR,Deputado Estadual,0,2018
0379,22150,WANDERLEY LEMES TEIXEIRA,PR,Deputado Estadual,5,2018
0379,22177,LUCIANO FEITOSA DE MELO,PR,Deputado Estadual,0,2018
0379,22181,FABIANO MESSIAS BORGES DA SILVA,PR,Deputado Estadual,0,2018
0379,22190,JAIME DE SOUZA,PR,Deputado Estadual,1999,2018
0379,22191,EUCLYDES DIAS BUCHLER,PR,Deputado Estadual,3,2018
0379,22192,ANA LÚCIA BATISTA PAVÃO,PR,Deputado Estadual,6,2018
0379,22193,LUIZ CARLOS DOS SANTOS CAMINO,PR,Deputado Estadual,10,2018
0379,22196,SILVIO AMARAL SOARES,PR,Deputado Estadual,9,2018
0379,22200,GILMAR PAES,PR,Deputado Estadual,4,2018
0379,22202,CAIO CESAR ALVARES LORO NETTO,PR,Deputado Estadual,6,2018
0379,22210,JOSE BRANCO PERES NETO,PR,Deputado Estadual,0,2018
0379,22215,APARECIDA BATISTA DIAS BARRETO DE OLIVEIRA,PR,Deputado Estadual,1,2018
0379,22218,MARIA EMILIA DANTAS OLIVEIRA,PR,Deputado Estadual,0,2018
0379,22220,ADRIANA RAMOS AFONSO EL RIFAI,PR,Deputado Estadual,11,2018
0379,22222,MARCOS ROBERTO DAMASIO DA SILVA,PR,Deputado Estadual,226,2018
0379,22223,MARIA JOSÉ PEREIRA DO AMARAL HUNGLAUB,PR,Deputado Estadual,18,2018
0379,22225,ANTONIO DE PADUA PACHECO,PR,Deputado Estadual,14,2018
0379,22228,MARIA GILCELIA DE ASSIS,PR,Deputado Estadual,1,2018
0379,22233,JOÃO MOTA DOS SANTOS,PR,Deputado Estadual,3,2018
0379,22260,BRUNO JACINTHO,PR,Deputado Estadual,1,2018
0379,22269,ROSÂNGELA APARECIDA GOZZO,PR,Deputado Estadual,2,2018
0379,22277,JOSÉ RONALDO GOMES DA SILVA,PR,Deputado Estadual,2,2018
0379,22280,ANTONINHA JOSELI PEREIRA,PR,Deputado Estadual,0,2018
0379,22299,PATRICIA BAPTISTELLA,PR,Deputado Estadual,0,2018
0379,22300,GUILHERME PIAI SILVA FILIZZOLA,PR,Deputado Estadual,2,2018
0379,22303,FABIANE MARQUES DE SOUZA CAMPOS,PR,Deputado Estadual,1,2018
0379,22311,ELIANE BALSANTE LUCAS,PR,Deputado Estadual,0,2018
0379,22321,WALTER ABRAHÃO FILHO,PR,Deputado Estadual,5,2018
0379,22322,DANIELE MAZUQUELI ALONSO,PR,Deputado Estadual,17,2018
0379,22330,APARECIDA CUSTODIO DOS SANTOS,PR,Deputado Estadual,42,2018
0379,22333,LAERTE SONSIN JUNIOR,PR,Deputado Estadual,15,2018
0379,22343,THIAGO REIS AURICCHIO,PR,Deputado Estadual,73,2018
0379,22345,ROY NELSON PINTO,PR,Deputado Estadual,1,2018
0379,22369,NATALINO DA SILVA BRAUNA,PR,Deputado Estadual,0,2018
0379,22377,SAMUEL SIQUEIRA,PR,Deputado Estadual,0,2018
0379,22400,LUCIANO BATISTA,PR,Deputado Estadual,14,2018
0379,22422,MARIA LUCIA MELLA NAF,PR,Deputado Estadual,0,2018
0379,22432,ADEMAR ALVES DE CARVALHO,PR,Deputado Estadual,0,2018
0379,22444,JOSÉ PAGLIARINI FILHO,PR,Deputado Estadual,37,2018
0379,22455,CARLOS ROBERTO ROSSATO,PR,Deputado Estadual,3,2018
0379,22456,ANTONIO DIRCEU DALBEN,PR,Deputado Estadual,516,2018
0379,22500,PATRICIA DA SILVA FEITOSA,PR,Deputado Estadual,2,2018
0379,22522,MARCELO MANFRIM,PR,Deputado Estadual,11,2018
0379,22550,ADNA ANA SIQUEIRA TEIXEIRA,PR,Deputado Estadual,6,2018
0379,22552,GRAÇA ERNESTINA ANAY SILVA DIAS,PR,Deputado Estadual,0,2018
0379,22555,ELIANA PASSARELLI,PR,Deputado Estadual,92,2018
0379,22567,RÚBSON SILVA RIOS,PR,Deputado Estadual,2,2018
0379,22580,ISA DE SOUSA MASCARENHAS,PR,Deputado Estadual,2,2018
0379,22589,GILBERTO BORJA PINTO,PR,Deputado Estadual,0,2018
0379,22599,CRISTIANY DE CASTRO,PR,Deputado Estadual,10,2018
0379,22600,MARCOS MULLER,PR,Deputado Estadual,30,2018
0379,22622,EDNEI APARECIDO VALENCIO,PR,Deputado Estadual,2,2018
0379,22666,ROBERTO DOS SANTOS,PR,Deputado Estadual,0,2018
0379,22675,GERVINO CLÁUDIO GONÇALVES,PR,Deputado Estadual,1,2018
0379,22678,JULIO CESAR LOPES FUDA,PR,Deputado Estadual,20,2018
0379,22700,ANTONIO PADRON NETO,PR,Deputado Estadual,23,2018
0379,22722,PAULO ROBERTO DE QUEIROZ MOTTA,PR,Deputado Estadual,2,2018
0379,22777,WILSON CALDEIRA PAIVA,PR,Deputado Estadual,35,2018
0379,22789,DANIEL ROSSI,PR,Deputado Estadual,0,2018
0379,22800,CLEOMENES ANTUNES JUNIOR,PR,Deputado Estadual,1,2018
0379,22822,JONAS DE SOUZA CAMISA NOVA,PR,Deputado Estadual,3,2018
0379,22888,GRACIELA DE LOURDES DAVID AMBRÓSIO,PR,Deputado Estadual,10,2018
0379,22899,THIAGO GONÇALES,PR,Deputado Estadual,0,2018
0379,22900,ANDERSON BRANCO DA SILVA,PR,Deputado Estadual,1,2018
0379,22911,HELIO VENANCIO FERREIRA,PR,Deputado Estadual,8,2018
0379,22999,ANDRÉ LUIS DO PRADO,PR,Deputado Estadual,7,2018
0379,23000,GUILHERME ANEDES SALLES MENDES,PPS,Deputado Estadual,4,2018
0379,23111,ANTONIO CLAUDIO FLORES PITERI,PPS,Deputado Estadual,1,2018
0379,23120,CHANG YUET JING LIN,PPS,Deputado Estadual,2,2018
0379,23123,DAVID ZAIA,PPS,Deputado Estadual,256,2018
0379,23222,PAULO ANDRE BERTONE FANECO,PPS,Deputado Estadual,4,2018
0379,23300,JULIO ALEXANDRE SBIZERA COSTA,PPS,Deputado Estadual,2,2018
0379,23423,JULIO CESAR FUZARI,PPS,Deputado Estadual,1,2018
0379,23444,ORESTES PIMENTEL SOARES DE MISQUITA,PPS,Deputado Estadual,1,2018
0379,23456,FERNANDO HENRIQUE CURY,PPS,Deputado Estadual,19,2018
0379,23500,MAYRA ROSANNA GAMA DE ARAUJO SILVA DA COSTA,PPS,Deputado Estadual,20,2018
0379,23623,ROBERTO TURCHI DE MORAIS,PPS,Deputado Estadual,16,2018
0379,23789,EDNA FLOR,PPS,Deputado Estadual,6,2018
0379,23888,ALESSANDRA DE ASSIS BERRIEL,PPS,Deputado Estadual,2,2018
0379,25000,MARIANA PRADO NEVES DE OLIVEIRA ALVES,DEM,Deputado Estadual,9,2018
0379,25014,SEVERINO BEZERRA DE ANDRADE,DEM,Deputado Estadual,0,2018
0379,25025,APARECIDO DE CAMPOS FILHO,DEM,Deputado Estadual,1819,2018
0379,25077,MARIA LEDA ALVES DA COSTA,DEM,Deputado Estadual,0,2018
0379,25100,ROGÉRIO ANTÔNIO FURTADO BARROS,DEM,Deputado Estadual,4,2018
0379,25111,RODRIGO AUGUSTO MORAES,DEM,Deputado Estadual,206,2018
0379,25118,EDMIR JOSE ABI CHEDID,DEM,Deputado Estadual,74,2018
0379,25122,JOSE ALDO DEMARCHI,DEM,Deputado Estadual,50,2018
0379,25123,ROGERIO NOGUEIRA LOPES CRUZ,DEM,Deputado Estadual,163,2018
0379,25199,ESTEVAM GALVÃO DE OLIVEIRA,DEM,Deputado Estadual,7,2018
0379,25222,ROQUE LEVI SANTOS TAVARES,DEM,Deputado Estadual,0,2018
0379,25233,ROMILDO VIRGINIO DOS SANTOS,DEM,Deputado Estadual,1,2018
0379,25250,MILTON LEITE DA SILVA FILHO,DEM,Deputado Estadual,128,2018
0379,25255,ELAINE GONÇALVES OLIVEIRA,DEM,Deputado Estadual,2,2018
0379,25333,DANIEL BEZERRA RIBEIRO SOARES,DEM,Deputado Estadual,297,2018
0379,25555,ARTHUR MOLEDO DO VAL,DEM,Deputado Estadual,2538,2018
0379,25777,DANIELE ALVES DO AMPARO SOARES,DEM,Deputado Estadual,21,2018
0379,27000,TALITA EYMAEL LATÃES,DC,Deputado Estadual,1,2018
0379,27027,CLARICE OLGA SCHAITNER CESTARO,DC,Deputado Estadual,0,2018
0379,27047,CELIA APARECIDA FAGUNDES LEITE,DC,Deputado Estadual,1,2018
0379,27100,ANTONIO JORGE FILHO,DC,Deputado Estadual,2,2018
0379,27111,ROBERTO AUGUSTO PROCOPIO FERREIRA,DC,Deputado Estadual,0,2018
0379,27112,PAULO HENRIQUE RIBEIRO,DC,Deputado Estadual,0,2018
0379,27127,EDSON CARLOS MIRANDA MONTEIRO,DC,Deputado Estadual,0,2018
0379,27133,GICILENE DE LIMA MATUZAKI,DC,Deputado Estadual,1,2018
0379,27137,HUMBERTO DE ALENCAR SILVA,DC,Deputado Estadual,0,2018
0379,27154,APARECIDO LOURENÇO,DC,Deputado Estadual,0,2018
0379,27158,NEZIONETE HONORATO AMORIM,DC,Deputado Estadual,0,2018
0379,27222,EDMILSON LÁZARO GROPPO,DC,Deputado Estadual,5,2018
0379,27232,JOSÉ ROBERTO ARAUJO SOUZA,DC,Deputado Estadual,11,2018
0379,27270,IONARA MACHADO SOUZA,DC,Deputado Estadual,0,2018
0379,27278,RAIMUNDO NOUZINHO REIS SOARES,DC,Deputado Estadual,0,2018
0379,27299,VANDERLINO BATISTA MACHADO,DC,Deputado Estadual,0,2018
0379,27317,ISMAEL DA SILVA SOUZA,DC,Deputado Estadual,6,2018
0379,27333,DANIEL CRISÓSTOMO DOS SANTOS,DC,Deputado Estadual,0,2018
0379,27461,MARIA VERENA GAYOTTO CAMPOS,DC,Deputado Estadual,0,2018
0379,27464,KILDARE ANTONIO DE ARAUJO,DC,Deputado Estadual,0,2018
0379,27500,GREGORY WATERKEMPER DE SOUZA,DC,Deputado Estadual,0,2018
0379,27507,ADRIANA CARDOSO DE SA,DC,Deputado Estadual,5,2018
0379,27532,HELIOMAR COELHO SILVA JUNIOR,DC,Deputado Estadual,0,2018
0379,27557,EDSON RICARDO GUIMARÃES,DC,Deputado Estadual,1,2018
0379,27563,ALMIR JOSE DE MELO,DC,Deputado Estadual,0,2018
0379,27600,LETICIA IANCA MATOS,DC,Deputado Estadual,0,2018
0379,27640,LEVI ALEXANDRE DE OLIVEIRA,DC,Deputado Estadual,0,2018
0379,27717,JONADABES LOPES,DC,Deputado Estadual,3,2018
0379,27768,MARCOS TADEU DA COSTA PACHECO,DC,Deputado Estadual,2,2018
0379,28000,WILKER CAMARGO,PRTB,Deputado Estadual,1,2018
0379,28007,DELSO CARDOSO CYPRIANO,PRTB,Deputado Estadual,0,2018
0379,28008,JUCIMARA DE ALMEIDA SILVA PIAI,PRTB,Deputado Estadual,0,2018
0379,28014,VALMIR ALVES DA SILVA,PRTB,Deputado Estadual,0,2018
0379,28026,EMERSON PEIXOTO,PRTB,Deputado Estadual,0,2018
0379,28028,ISABELLA SANCHES DE SOUSA TREVISANI,PRTB,Deputado Estadual,1,2018
0379,28029,GLEICE APARECIDA DA SILVA,PRTB,Deputado Estadual,0,2018
0379,28038,HELIO SANTIAGO DOS SANTOS,PRTB,Deputado Estadual,0,2018
0379,28048,JOSE LUIS BARROS FILHO,PRTB,Deputado Estadual,0,2018
0379,28051,JOSÉ LUIZ GLADCHI,PRTB,Deputado Estadual,0,2018
0379,28073,DANIELA CORREA SANTOS,PRTB,Deputado Estadual,2,2018
0379,28079,ANDRÉ ALVES DA SILVA,PRTB,Deputado Estadual,2,2018
0379,28080,MARIA IZABEL PRANDO,PRTB,Deputado Estadual,0,2018
0379,28090,DANIEL BATISTA,PRTB,Deputado Estadual,0,2018
0379,28100,DORIEDSON SIMÃO DE OLIVEIRA,PRTB,Deputado Estadual,0,2018
0379,28111,DEIVID LOPES DA SILVA,PRTB,Deputado Estadual,0,2018
0379,28112,ANTONIO CARLOS ALVES DE LIRA,PRTB,Deputado Estadual,1,2018
0379,28122,YURI GAMA COSTA,PRTB,Deputado Estadual,0,2018
0379,28123,GERALDO PEREIRA FILHO,PRTB,Deputado Estadual,3,2018
0379,28128,LÍVIA MARIA RODRIGUES FIDELIX DA CRUZ,PRTB,Deputado Estadual,137,2018
0379,28166,JULIO CESAR DE SIMONE,PRTB,Deputado Estadual,0,2018
0379,28167,REINALDO RIBEIRO MOTA,PRTB,Deputado Estadual,0,2018
0379,28190,OSVALDO SANTOS DA SILVA,PRTB,Deputado Estadual,0,2018
0379,28191,JASIEL ANTONIO OLIVEIRA DE SOUZA,PRTB,Deputado Estadual,0,2018
0379,28199,LEILSON CASTRO DOS SANTOS,PRTB,Deputado Estadual,0,2018
0379,28200,ERICH DE ANDRÉS,PRTB,Deputado Estadual,0,2018
0379,28204,FRANCISCO ALVES DA SILVA,PRTB,Deputado Estadual,0,2018
0379,28222,MARA LUCIA GARCIA,PRTB,Deputado Estadual,1,2018
0379,28228,ADRIANO JOSÉ DOS REIS,PRTB,Deputado Estadual,2,2018
0379,28246,ILDETE FERREIRA DO PRADO COSTA,PRTB,Deputado Estadual,0,2018
0379,28282,FABIO SILINGARDI,PRTB,Deputado Estadual,0,2018
0379,28290,OZEIAS UMBELINO PINHEIRO,PRTB,Deputado Estadual,0,2018
0379,28323,EUDES APARECIDO MARTINS,PRTB,Deputado Estadual,0,2018
0379,28328,GETÚLIO DE SOUSA SANTOS,PRTB,Deputado Estadual,0,2018
0379,28353,FRANCISCO SEVERIANO DA SILVA,PRTB,Deputado Estadual,0,2018
0379,28388,MARCIO SOUZA RIBEIRO,PRTB,Deputado Estadual,0,2018
0379,28492,MARCOS ANTONIO DA CUNHA,PRTB,Deputado Estadual,0,2018
0379,28500,MARCELA TEIXEIRA BERNARDO,PRTB,Deputado Estadual,0,2018
0379,28501,RAIMUNDA NONATA BORGES,PRTB,Deputado Estadual,0,2018
0379,28510,LUIZETE FERREIRA DA SILVA,PRTB,Deputado Estadual,0,2018
0379,28513,JOSÉ CARLOS ROCHA,PRTB,Deputado Estadual,0,2018
0379,28518,ANTONIO CARLOS PANTANO,PRTB,Deputado Estadual,0,2018
0379,28528,JOSÉ NILTON GOMES DOS SANTOS,PRTB,Deputado Estadual,2,2018
0379,28600,PATRÍCIA GUERREIRO,PRTB,Deputado Estadual,1,2018
0379,28660,SIMONE MORAIS DOS SANTOS,PRTB,Deputado Estadual,0,2018
0379,28700,ROSANGELA VICENTE MOTTA,PRTB,Deputado Estadual,1,2018
0379,28718,ÍTALO GOSMANI MOLON,PRTB,Deputado Estadual,1,2018
0379,28765,RICARDO DOS SANTOS RABAÇA,PRTB,Deputado Estadual,0,2018
0379,28777,ELISANDRA DE MATTOS,PRTB,Deputado Estadual,0,2018
0379,28789,OSEIAS PINO GUARDIOLA,PRTB,Deputado Estadual,0,2018
0379,28800,ROSELI FERREIRA RICARDO,PRTB,Deputado Estadual,0,2018
0379,28825,SIMONE APARECIDA DE SOUZA SANO,PRTB,Deputado Estadual,0,2018
0379,28888,CÍCERO JOSÉ DE GOUVEIA,PRTB,Deputado Estadual,0,2018
0379,28900,WAGNERIANO DE LIMA MOREIRA,PRTB,Deputado Estadual,0,2018
0379,28901,IZABEL CRISTINA ROSA,PRTB,Deputado Estadual,0,2018
0379,28934,RENNÊ VIEIRA DE CARVALHO,PRTB,Deputado Estadual,0,2018
0379,30000,GABRIELA SILVEIRA DA ROCHA CAMARGO,NOVO,Deputado Estadual,146,2018
0379,30001,PAULO ROGERIO DENONI,NOVO,Deputado Estadual,8,2018
0379,30002,CRISTINA PEREIRA MONTEIRO,NOVO,Deputado Estadual,56,2018
0379,30003,ANA PAULA LOURENÇO,NOVO,Deputado Estadual,66,2018
0379,30005,EDUARDO LIMA DE SOUZA,NOVO,Deputado Estadual,29,2018
0379,30007,ALEXANDRE GODINHO BERTONCELLO,NOVO,Deputado Estadual,18,2018
0379,30009,PEDRO PEDRAL VANIN,NOVO,Deputado Estadual,12,2018
0379,30010,MONICA RAMIRES FERRAZ CURY,NOVO,Deputado Estadual,17,2018
0379,30016,MARIA APARECIDA RORATO,NOVO,Deputado Estadual,16,2018
0379,30017,MARCO ANTONIO RIBEIRO FEITOSA,NOVO,Deputado Estadual,18,2018
0379,30018,ROBERTA PINTO GRABERT,NOVO,Deputado Estadual,14,2018
0379,30019,RODRIGO GONÇALVES,NOVO,Deputado Estadual,7,2018
0379,30022,WILSON DE MELLO JUNIOR,NOVO,Deputado Estadual,6,2018
0379,30030,PAULO EDUARDO ANDRADE ORTIZ,NOVO,Deputado Estadual,22,2018
0379,30033,JAIRO MATHEOS FILHO,NOVO,Deputado Estadual,6,2018
0379,30037,JOSE RICARDO DE MORAES PINTO,NOVO,Deputado Estadual,4,2018
0379,30060,SUSANA LAMBERT DE BRITO SILVA,NOVO,Deputado Estadual,3,2018
0379,30077,JOSE EUGENIO FIGUEIREDO,NOVO,Deputado Estadual,2,2018
0379,30080,INGRID MIRIA FRARE,NOVO,Deputado Estadual,4,2018
0379,30100,RICARDO LUIS MELLAO,NOVO,Deputado Estadual,31,2018
0379,30111,HENI OZI CUKIER,NOVO,Deputado Estadual,301,2018
0379,30123,RAFAEL RIBEIRO ZUCCO,NOVO,Deputado Estadual,21,2018
0379,30130,LUIS ALEXANDRE PINHEIRO,NOVO,Deputado Estadual,0,2018
0379,30153,MIRIAM MARIA ANTUNES DE SOUZA,NOVO,Deputado Estadual,133,2018
0379,30190,ISAAC JULIO BARRETO LOPES BITTENCOURT,NOVO,Deputado Estadual,13,2018
0379,30222,RAPHAELA DE AZEVEDO GAETA,NOVO,Deputado Estadual,6,2018
0379,30234,ROBERTO CARLOS DE ALMEIDA,NOVO,Deputado Estadual,1,2018
0379,30300,DANIEL JOSÉ DA SILVA OLIVEIRA,NOVO,Deputado Estadual,421,2018
0379,30321,MARCOS ALEXANDRE DO NASCIMENTO ZOGNO,NOVO,Deputado Estadual,2,2018
0379,30330,MOISES BENEDITO ROSSI DA CUNHA,NOVO,Deputado Estadual,4,2018
0379,30333,CAROLINA CURIMBABA CAVALCANTE,NOVO,Deputado Estadual,54,2018
0379,30350,ROGERIO SILVA DE SOUZA,NOVO,Deputado Estadual,17,2018
0379,30400,ELIANA PRADO DE AZEVEDO,NOVO,Deputado Estadual,10,2018
0379,30444,EDUARDO HERNANDES DOMINGUES,NOVO,Deputado Estadual,11,2018
0379,30456,JOSE LUIZ PINTO DE MIRANDA,NOVO,Deputado Estadual,4,2018
0379,30500,SERGIO LUIZ VICTOR JUNIOR,NOVO,Deputado Estadual,28,2018
0379,30530,SILVANA ALVES POLO BARONE,NOVO,Deputado Estadual,11,2018
0379,30555,FELIPE LUIZ DE OLIVEIRA,NOVO,Deputado Estadual,3,2018
0379,30567,FABIO MOURA DA SILVA,NOVO,Deputado Estadual,1,2018
0379,30600,CECILIA CARMEN JACINTHO ANDRADE,NOVO,Deputado Estadual,19,2018
0379,30700,CICERO DE OLIVEIRA SALLES JUNIOR,NOVO,Deputado Estadual,17,2018
0379,30777,MARCOS DA SILVA COSTA,NOVO,Deputado Estadual,20,2018
0379,30789,EDUARDO AUGUSTO RISSI,NOVO,Deputado Estadual,13,2018
0379,30800,ANDREA DECOURT SAVELLI,NOVO,Deputado Estadual,83,2018
0379,30808,PAULO FORTES DIAS DE SOUZA,NOVO,Deputado Estadual,2,2018
0379,30833,IVAN RODRIGUES SANTANA,NOVO,Deputado Estadual,1,2018
0379,30888,LUCIANA FONTES LAVIERI ALBERTO,NOVO,Deputado Estadual,7,2018
0379,30900,DANIEL BISCOLA PEREIRA,NOVO,Deputado Estadual,582,2018
0379,30930,JOAO BATISTA DE OLIVEIRA SOBRINHO,NOVO,Deputado Estadual,0,2018
0379,30999,MAURICIO CARLOS EGYDIO,NOVO,Deputado Estadual,7,2018
0379,31000,PAULO JORGE MANSUR NETO,PHS,Deputado Estadual,307,2018
0379,31001,IONITA DE OLIVEIRA KRUGNER,PHS,Deputado Estadual,7,2018
0379,31002,MARCIO JOSE DA SILVA,PHS,Deputado Estadual,0,2018
0379,31004,ANDRÉ LUIZ COUTINHO DE SOUZA,PHS,Deputado Estadual,1,2018
0379,31005,NELSON FERREIRA FILHO,PHS,Deputado Estadual,0,2018
0379,31006,JOSÉ TIAGO PEREIRA DE SANTANA,PHS,Deputado Estadual,0,2018
0379,31007,LUIS FERNANDO QUINTEIRO DE SOUZA,PHS,Deputado Estadual,1,2018
0379,31008,EDISON BARBOSA VIEIRA SOBRINHO,PHS,Deputado Estadual,0,2018
0379,31009,WALTER PAIVA CIGLIONI,PHS,Deputado Estadual,0,2018
0379,31010,ADEMIR DA GUIA,PHS,Deputado Estadual,40,2018
0379,31011,ALEX DEIVE LOPES SOARES,PHS,Deputado Estadual,0,2018
0379,31015,CÍCERA ALVES DO NASCIMENTO SOARES,PHS,Deputado Estadual,0,2018
0379,31016,JACKSON SOARES GOMES,PHS,Deputado Estadual,0,2018
0379,31017,KELLY CEZARIO ESTEFANO AFONSO DA SILVA,PHS,Deputado Estadual,1,2018
0379,31019,JULIANA AVEIRO,PHS,Deputado Estadual,8,2018
0379,31021,PEDRO AUGUSTO MÁXIMO FAVARON,PHS,Deputado Estadual,0,2018
0379,31022,MARA CRISTINA DA SILVA TAVARES,PHS,Deputado Estadual,0,2018
0379,31023,SONIA REGINA LAZARO,PHS,Deputado Estadual,0,2018
0379,31025,JOSE CARLOS CAETANO,PHS,Deputado Estadual,7,2018
0379,31026,PAULO BARBOSA FRANCISCO,PHS,Deputado Estadual,0,2018
0379,31028,MARCOS ANTONIO PREZENÇA,PHS,Deputado Estadual,0,2018
0379,31029,JOSÉ FORTUNATO SANTANA JÚNIOR,PHS,Deputado Estadual,0,2018
0379,31031,DAMARIS DIAS MOURA KUO,PHS,Deputado Estadual,146,2018
0379,31032,JUAREZ DE CARVALHO COSTA,PHS,Deputado Estadual,0,2018
0379,31034,ADILSON LUIZ DA CRUZ,PHS,Deputado Estadual,1,2018
0379,31035,RONALDO ELIAS MARIANO,PHS,Deputado Estadual,0,2018
0379,31040,LUIZ HENRIQUE POLITA JARDIM TEIXEIRA,PHS,Deputado Estadual,0,2018
0379,31043,JUAREZ SOLANA DE FREITAS,PHS,Deputado Estadual,9,2018
0379,31044,ANA PAULA OLIVEIRA SOUZA,PHS,Deputado Estadual,0,2018
0379,31051,MARIA DA GLÓRIA MATOS GUILHAMATE,PHS,Deputado Estadual,0,2018
0379,31055,JERUSA JANUÁRIA DA SILVA,PHS,Deputado Estadual,0,2018
0379,31077,CLAUDETE CACCIAGUERRA,PHS,Deputado Estadual,0,2018
0379,31100,MARIO CESAR TRUNCI DE MARCO,PHS,Deputado Estadual,6,2018
0379,31109,FIRMINA ALVES DA SILVA,PHS,Deputado Estadual,0,2018
0379,31111,BRUNO CESAR ANDRELLO STIPPE,PHS,Deputado Estadual,8,2018
0379,31113,LETIVAN RODRIGUES DE CARVALHO,PHS,Deputado Estadual,1,2018
0379,31115,ANTONIO HENRIQUE PEREIRA LEITE,PHS,Deputado Estadual,0,2018
0379,31117,JAIRO PEDRO DE ASSIS,PHS,Deputado Estadual,0,2018
0379,31118,SIDNEY DE OLIVEIRA SOARES,PHS,Deputado Estadual,0,2018
0379,31121,FABRÍCIO MARCOS DA SILVA,PHS,Deputado Estadual,0,2018
0379,31123,PAULO DE TARSO NUNES CHIODE,PHS,Deputado Estadual,3,2018
0379,31124,CINTIA DE OLIVEIRA SILVA,PHS,Deputado Estadual,0,2018
0379,31130,MARIA DE FATIMA RODRIGUES ANDRADE PIRES,PHS,Deputado Estadual,1,2018
0379,31131,EDSON SATORU SAKASHITA,PHS,Deputado Estadual,5,2018
0379,31133,MARCO ANTONIO ZITO ALVARENGA,PHS,Deputado Estadual,0,2018
0379,31139,ELIAS DIAS DOS SANTOS,PHS,Deputado Estadual,0,2018
0379,31164,KÁTIA TORBA PERRONE,PHS,Deputado Estadual,0,2018
0379,31183,VALDIR DONIZETE FLAUSINO,PHS,Deputado Estadual,0,2018
0379,31190,FERDINANDO AUGUSTO GALERA,PHS,Deputado Estadual,6,2018
0379,31193,ANGELO MARCIO DE JESUS SILVA,PHS,Deputado Estadual,2,2018
0379,31199,EDSON RODRIGUES CARDOSO,PHS,Deputado Estadual,5,2018
0379,31200,ALESSANDRO RUIZ MARTINEZ,PHS,Deputado Estadual,93,2018
0379,31201,VINÍCIUS DE ANDRADE PEREIRA,PHS,Deputado Estadual,0,2018
0379,31202,THEREZINHA MARIA DE JESUS DA SILVA,PHS,Deputado Estadual,0,2018
0379,31211,RAIMUNDO SOUZA TEIXEIRA,PHS,Deputado Estadual,0,2018
0379,31222,WALDIR FRANCISCO LIMA,PHS,Deputado Estadual,1,2018
0379,31234,MARCUS VINÍCIUS ANDRADE AMBRÓSIO,PHS,Deputado Estadual,0,2018
0379,31277,LUIZ EUSTAQUIO DOS SANTOS,PHS,Deputado Estadual,0,2018
0379,31291,REGINALDO NUNES BEZERRA,PHS,Deputado Estadual,0,2018
0379,31299,PAULO SÉRGIO RODRIGUES DA SILVA,PHS,Deputado Estadual,9,2018
0379,31300,AILTON APARECIDO TIPÓ LAURINDO,PHS,Deputado Estadual,1,2018
0379,31303,FELIPE ANDRE CANUTO GOMES,PHS,Deputado Estadual,0,2018
0379,31311,NOELI PEREIRA MAESTER,PHS,Deputado Estadual,1,2018
0379,31313,ULISSES ROBERTO CORNAZZANI SALES,PHS,Deputado Estadual,2,2018
0379,31320,EDSON DA CRUZ,PHS,Deputado Estadual,0,2018
0379,31322,VALDIRENY DE MIRA DA SILVA,PHS,Deputado Estadual,7,2018
0379,31331,BAZELAU RAMOS,PHS,Deputado Estadual,82,2018
0379,31333,THELMA ELAINE BRASILEIRO ROBERTI,PHS,Deputado Estadual,285,2018
0379,31349,RICARDO HOLZ VIDAL DOS SANTOS,PHS,Deputado Estadual,1,2018
0379,31364,DENIS DIAS DA ROCHA,PHS,Deputado Estadual,0,2018
0379,31373,MICHEL HENRIQUE MOREIRA BARBOSA,PHS,Deputado Estadual,0,2018
0379,31399,ROSEANE SEPRENYI,PHS,Deputado Estadual,1,2018
0379,31401,REGINA DE CÁSSIA  PONTES ALVES DA SILVA,PHS,Deputado Estadual,0,2018
0379,31421,CARLOS ALBERTO RIBEIRO,PHS,Deputado Estadual,3,2018
0379,31444,FERNANDO BITENCOURT,PHS,Deputado Estadual,1,2018
0379,31450,DALVA REGINA PERES,PHS,Deputado Estadual,0,2018
0379,31455,EDSON FUZARO DE CASTRO,PHS,Deputado Estadual,10,2018
0379,31456,JOÃO AGNALDO DONIZETI GANDINI,PHS,Deputado Estadual,2,2018
0379,31500,VALDECIR APARECIDO DO NASCIMENTO,PHS,Deputado Estadual,17,2018
0379,31531,JONAS DE CASTRO DIAS,PHS,Deputado Estadual,1,2018
0379,31550,TALITHA CICILINI GARAVATI,PHS,Deputado Estadual,1,2018
0379,31551,ANDRESSA LUIZ MARTINS,PHS,Deputado Estadual,1,2018
0379,31555,EDICARLOS DE OLIVEIRA SANTOS,PHS,Deputado Estadual,0,2018
0379,31611,RAMON BERTONI PEREIRA,PHS,Deputado Estadual,0,2018
0379,31631,RONALDO FRANCISCO DA CRUZ,PHS,Deputado Estadual,1,2018
0379,31650,WILLIAM SEITI SASHIDA,PHS,Deputado Estadual,3,2018
0379,31651,GUSTAVO HENRIQUE FARGIANI,PHS,Deputado Estadual,6,2018
0379,31660,HELENA APARECIDA GOMES,PHS,Deputado Estadual,0,2018
0379,31717,CRISTIANE FONTES DE CARVALHO NOGUEIRA,PHS,Deputado Estadual,4,2018
0379,31747,ODAIR DE ABREU,PHS,Deputado Estadual,0,2018
0379,31770,MARIA JOSETANIA DE OLIVEIRA TEIXEIRA,PHS,Deputado Estadual,0,2018
0379,31777,GERALDO PEREIRA DE BARROS NETO,PHS,Deputado Estadual,1,2018
0379,31780,BRAZ PEREIRA,PHS,Deputado Estadual,1,2018
0379,31787,AUGUSTO VIEIRA DA SILVA,PHS,Deputado Estadual,1,2018
0379,31789,GUSTAVO COELHO DA SILVA,PHS,Deputado Estadual,1,2018
0379,31800,JOSE ARIVALDO RODRIGUES,PHS,Deputado Estadual,2,2018
0379,31880,MARIA CORDELIZA DOS SANTOS,PHS,Deputado Estadual,0,2018
0379,31900,ADRIANA LUCIA BARRETO,PHS,Deputado Estadual,1,2018
0379,31972,ROSELI DE CAMPOS,PHS,Deputado Estadual,0,2018
0379,31973,ALEXANDRE OLIMPIO DOS SANTOS,PHS,Deputado Estadual,0,2018
0379,31977,LUIZ JACINTO NEPOMUCENO NETO,PHS,Deputado Estadual,1,2018
0379,31990,ELIAS DOS ANJOS,PHS,Deputado Estadual,0,2018
0379,31999,DANIELA HELENICE DANELUZZI SUTTO,PHS,Deputado Estadual,0,2018
0379,33001,JOSÉ MILTON RUIZ LOPES,PMN,Deputado Estadual,1,2018
0379,33003,MÔNICA MARINA BONIFÁCIO MOSCHETTA,PMN,Deputado Estadual,1,2018
0379,33033,FRANCISCO MARCOS IRAN AQUINO ROLIM,PMN,Deputado Estadual,0,2018
0379,33056,PAULO MASSARELLI,PMN,Deputado Estadual,6,2018
0379,33090,JOSÉ EDUARDO DE OLIVEIRA,PMN,Deputado Estadual,0,2018
0379,33111,MAYCON HYPPOLITO NOGUEIRA,PMN,Deputado Estadual,0,2018
0379,33125,ILIETE GERAGE,PMN,Deputado Estadual,0,2018
0379,33140,ROBERTO BARBOSA RODRIGUES,PMN,Deputado Estadual,0,2018
0379,33145,DIOGO ALVES DE PAIVA,PMN,Deputado Estadual,0,2018
0379,33150,JOÃO MARCOS LEITE,PMN,Deputado Estadual,0,2018
0379,33156,WILSON SANTOS MARTINS JUNIOR,PMN,Deputado Estadual,0,2018
0379,33190,CELIMAR GOMES DA SILVA,PMN,Deputado Estadual,234,2018
0379,33193,MARCIO DONIZETE CRUZ SILVA,PMN,Deputado Estadual,0,2018
0379,33216,ROBERTO VIEIRA DIAS,PMN,Deputado Estadual,0,2018
0379,33223,SANDRO CUNHA,PMN,Deputado Estadual,0,2018
0379,33233,ADIENE CRISTINA SCAREL BRENGA,PMN,Deputado Estadual,19,2018
0379,33300,ALEX BATISTA ROCHA,PMN,Deputado Estadual,75,2018
0379,33313,ANTONIO CARLOS FERREIRA JUNIOR,PMN,Deputado Estadual,0,2018
0379,33321,MICHAEL REGINALDO OLIVEIRA DO NASCIMENTO,PMN,Deputado Estadual,0,2018
0379,33333,CARLOS EDUARDO DA SILVA,PMN,Deputado Estadual,9,2018
0379,33356,CARLOS ROBERTO SILVA,PMN,Deputado Estadual,0,2018
0379,33445,LUCIANA ALVES BONIFÁCIO,PMN,Deputado Estadual,0,2018
0379,33456,REGINALDO VIANA GOMES,PMN,Deputado Estadual,3,2018
0379,33464,DENIVIA ROSA DOS SANTOS OLIVEIRA,PMN,Deputado Estadual,3,2018
0379,33555,JOSIVAN FERREIRA DE ASSIS,PMN,Deputado Estadual,0,2018
0379,33633,GERALDO DA SILVA MAIA FILHO,PMN,Deputado Estadual,20,2018
0379,33645,GLADISON DAVID NEIVA DIAS,PMN,Deputado Estadual,0,2018
0379,33651,RITA DE CASSIA MENEZES SANTOS NASCIMENTO,PMN,Deputado Estadual,0,2018
0379,33661,IRENILDA APARECIDA MARIA FRANCISCO,PMN,Deputado Estadual,5,2018
0379,33663,VERIDIANA DA SILVA CASTRO MARTINES,PMN,Deputado Estadual,0,2018
0379,33666,AGNALDO ALVES PEREIRA,PMN,Deputado Estadual,0,2018
0379,33707,ROGÉRIO MARCELINO DE MOURA,PMN,Deputado Estadual,0,2018
0379,33777,LUISA APARECIDA DE BARROS,PMN,Deputado Estadual,5,2018
0379,33789,ANDRÉ BASÍLIO DOS SANTOS,PMN,Deputado Estadual,0,2018
0379,33808,ELSA MUCHA ZANELLA,PMN,Deputado Estadual,0,2018
0379,33810,MARCOS ANTONIO COSTA,PMN,Deputado Estadual,0,2018
0379,33848,OSCAR DE MATTOS,PMN,Deputado Estadual,1,2018
0379,33888,JOSÉ FERREIRA CUNHA,PMN,Deputado Estadual,0,2018
0379,33900,MARIA ERIVANDA CAVALCANTE ARAÚJO,PMN,Deputado Estadual,1,2018
0379,35001,EDNEI APARECIDO PEREIRA,PMB,Deputado Estadual,0,2018
0379,35007,FRANCISCO MAURO DOS SANTOS,PMB,Deputado Estadual,0,2018
0379,35010,SIRA DA SILVA,PMB,Deputado Estadual,2,2018
0379,35011,ELIANA GUERREIRO,PMB,Deputado Estadual,0,2018
0379,35017,TALALE MICHEL CHEDID FILHO,PMB,Deputado Estadual,1,2018
0379,35022,ROSÁLIA DOS SANTOS LIMA,PMB,Deputado Estadual,0,2018
0379,35055,SANDRO HENRIQUE DE CARVALHO COELHO,PMB,Deputado Estadual,0,2018
0379,35100,ALESSANDRA VICENTE SILVERIO,PMB,Deputado Estadual,6,2018
0379,35111,HÉLIO TELES ALVES,PMB,Deputado Estadual,0,2018
0379,35123,AIRTON DA COSTA,PMB,Deputado Estadual,0,2018
0379,35129,CLEUZA SOUZA FRANÇA ALVES,PMB,Deputado Estadual,0,2018
0379,35135,SIMONE APARECIDA DE SOUZA SOARES,PMB,Deputado Estadual,0,2018
0379,35163,ROSIMEIRE SANTOS CESCHINI,PMB,Deputado Estadual,0,2018
0379,35321,MARIA DO CARMO DA CRUZ SANTOS,PMB,Deputado Estadual,0,2018
0379,35333,CARLA ZIPER PEREIRA DE CARVALHO,PMB,Deputado Estadual,2,2018
0379,35456,MARIA TERESA LANDUCCI ROSSIGALLI,PMB,Deputado Estadual,0,2018
0379,35477,REGIANE APARECIDA DE SOUZA NEVES,PMB,Deputado Estadual,2,2018
0379,35500,JOÃO MIGUEL ALVES,PMB,Deputado Estadual,0,2018
0379,35555,WENCESLAU DE SOUZA NETO,PMB,Deputado Estadual,1,2018
0379,35600,ADILSON ALVES DE OLIVEIRA,PMB,Deputado Estadual,0,2018
0379,35678,SARA REGINA ADÃO SILVA,PMB,Deputado Estadual,0,2018
0379,35755,TIAGO CESAR GONÇALVES,PMB,Deputado Estadual,0,2018
0379,35777,ANITA DOS SANTOS TAKAIYASU,PMB,Deputado Estadual,0,2018
0379,35853,WANDER RIBEIRO DE ALMEIDA,PMB,Deputado Estadual,0,2018
0379,35888,JAIME DA SILVA,PMB,Deputado Estadual,0,2018
0379,36000,LAURINDA VAZ DE LIMA,PTC,Deputado Estadual,4,2018
0379,36003,MAGNA SOUZA ARAUJO DA SILVA,PTC,Deputado Estadual,0,2018
0379,36007,RODRIGO EDUARDO DE ALMEIDA PARDI,PTC,Deputado Estadual,0,2018
0379,36010,REANOLFO CLAUDIO DE SIQUEIRA,PTC,Deputado Estadual,0,2018
0379,36013,TELISVALDO OLIVEIRA RIOS,PTC,Deputado Estadual,19,2018
0379,36015,ELIANE FLORENCIO DA SILVA,PTC,Deputado Estadual,0,2018
0379,36016,CLAUDIA OLIVEIRA RODRIGUES SANTOS,PTC,Deputado Estadual,0,2018
0379,36018,GERALDO MONTEIRO TEIXEIRA FILHO,PTC,Deputado Estadual,0,2018
0379,36019,ROSANA CASSIA DOS SANTOS,PTC,Deputado Estadual,0,2018
0379,36033,MAURICIO SIQUEIRA,PTC,Deputado Estadual,0,2018
0379,36036,LEONARDO DA SILVA BRIGAGAO,PTC,Deputado Estadual,0,2018
0379,36070,ALESSANDRO LEITE CAGE,PTC,Deputado Estadual,0,2018
0379,36100,MARINA CAFASSO MOREIRA FARIA,PTC,Deputado Estadual,0,2018
0379,36111,MARCELO LUCIANO DA SILVA,PTC,Deputado Estadual,1,2018
0379,36132,MILTON ANGELO RODRIGUES FILHO,PTC,Deputado Estadual,0,2018
0379,36190,ALEXANDRE ALVES DA ROCHA,PTC,Deputado Estadual,0,2018
0379,36222,FRANCISCA MARIA DE MORAES RODRIGUES,PTC,Deputado Estadual,0,2018
0379,36250,LUCIO FLAVIO PICANÇA FREIRE,PTC,Deputado Estadual,0,2018
0379,36333,PAULO FRANCISCO ALVARENGA BARBOSA,PTC,Deputado Estadual,0,2018
0379,36360,MOACYR SANTANA GUIMARAES,PTC,Deputado Estadual,4,2018
0379,36456,MARCELO DA CRUZ DE SOUZA,PTC,Deputado Estadual,0,2018
0379,36500,SERGIO BORGES ARRUDA,PTC,Deputado Estadual,4,2018
0379,36555,HELTON MESSIAS,PTC,Deputado Estadual,0,2018
0379,36705,JEFFERSON TORRES DA CRUZ,PTC,Deputado Estadual,0,2018
0379,36710,ELIZABET DA SILVA ALMEIDA,PTC,Deputado Estadual,0,2018
0379,36777,EDVALDO DA SILVA GABRIEL,PTC,Deputado Estadual,1,2018
0379,36789,ROGERIO JACOMO MICHELETTI,PTC,Deputado Estadual,0,2018
0379,36888,JOSE MARIA BARBOSA DA SILVA,PTC,Deputado Estadual,0,2018
0379,36889,JOYCE FELIX BARBOZA,PTC,Deputado Estadual,0,2018
0379,36904,MARCOS PRUDENTE CAJE,PTC,Deputado Estadual,0,2018
0379,40000,RAFAEL FERNANDO ZIMBALDI,PSB,Deputado Estadual,9377,2018
0379,40001,LUIS CLAUDIO LAPENA BARRETO,PSB,Deputado Estadual,9,2018
0379,40004,ANGELO JOSÉ LEITE CARDOSO COELHO,PSB,Deputado Estadual,3,2018
0379,40010,HUGO DO PRADO SANTOS,PSB,Deputado Estadual,4,2018
0379,40012,ANIZIA MOTTA DOS SANTOS LOURENÇO,PSB,Deputado Estadual,8,2018
0379,40014,ILDACY BOTELHO CORDEIRO,PSB,Deputado Estadual,1,2018
0379,40023,ORLANDO JOSÉ BOLÇONE,PSB,Deputado Estadual,13,2018
0379,40040,REGIS LEANDRO YASUMURA,PSB,Deputado Estadual,3,2018
0379,40080,SUELY VILELA,PSB,Deputado Estadual,2,2018
0379,40100,ROBERTO CARVALHO ENGLER PINTO,PSB,Deputado Estadual,14,2018
0379,40111,GILMARA ALMEIDA GONÇALVES RIEVRS OLIVEIRA,PSB,Deputado Estadual,6,2018
0379,40112,CARLOS CEZAR DA SILVA,PSB,Deputado Estadual,755,2018
0379,40123,EDSON TOMAZINI,PSB,Deputado Estadual,57,2018
0379,40140,NELSON DIMAS BRAMBILLA,PSB,Deputado Estadual,4,2018
0379,40144,MARIA DE FATIMA DE CARVALHO,PSB,Deputado Estadual,0,2018
0379,40150,BASÍLIO ZECCHINI FILHO,PSB,Deputado Estadual,1,2018
0379,40163,LUZINETE ROSA DOS SANTOS,PSB,Deputado Estadual,0,2018
0379,40180,LUCIANA TRINDADE DE MACEDO,PSB,Deputado Estadual,8,2018
0379,40193,AMILTON PEREIRA BRITO,PSB,Deputado Estadual,4,2018
0379,40222,ROBERTO YOSHIHIRO SEKIYA,PSB,Deputado Estadual,3,2018
0379,40234,CAMILA CORREA MARINO,PSB,Deputado Estadual,4,2018
0379,40280,MARTA CRISTINA LEÃO FERREIRA DA CUNHA,PSB,Deputado Estadual,26,2018
0379,40300,GIL LANCASTER FRAZÃO DE MORÃES,PSB,Deputado Estadual,48,2018
0379,40321,RODOLFO HESSEL FANGANIELLO,PSB,Deputado Estadual,9,2018
0379,40333,ANA CRISTINA GONÇALVES DE ABREU SOUZA,PSB,Deputado Estadual,12,2018
0379,40400,ADILSON ROSSI,PSB,Deputado Estadual,73,2018
0379,40401,LUCIANA OLIVEIRA DE PAIVA,PSB,Deputado Estadual,0,2018
0379,40404,NILTON ROBERTO MARTINES,PSB,Deputado Estadual,5,2018
0379,40440,FÁBIO ALEXANDRE DE ARAÚJO NUNES,PSB,Deputado Estadual,2,2018
0379,40456,JOÃO CARLOS CARAMEZ,PSB,Deputado Estadual,5,2018
0379,40500,RAFAEL ANTONIO DA SILVA,PSB,Deputado Estadual,10,2018
0379,40505,FABRICIO AMARO ANDRADE,PSB,Deputado Estadual,4,2018
0379,40540,JOSÉ ANTONIO BARROS MUNHOZ,PSB,Deputado Estadual,32,2018
0379,40550,MARIO LUIZ TARRICONE,PSB,Deputado Estadual,0,2018
0379,40555,PAULO SERGIO BAPTISTA DE SOUZA,PSB,Deputado Estadual,4,2018
0379,40600,FABÍOLA DE CAMPOS BRAGA MATTOZINHO,PSB,Deputado Estadual,40,2018
0379,40610,DHONY OLIVEIRA SOUZA,PSB,Deputado Estadual,6,2018
0379,40640,CAIO FRANÇA DE GOUVEA GOMES,PSB,Deputado Estadual,44,2018
0379,40675,JOAQUIM MARCELINO JOFFRE NETO,PSB,Deputado Estadual,2,2018
0379,40740,ADMIR DONIZETI FERRO,PSB,Deputado Estadual,1,2018
0379,40777,ANDRÉ LUIS BUENO,PSB,Deputado Estadual,62,2018
0379,40780,JOSÉ AGRIPINO DA SILVA,PSB,Deputado Estadual,3,2018
0379,40789,VINICIUS ALMEIDA CAMARINHA,PSB,Deputado Estadual,6,2018
0379,40866,ROSELI APARECIDA KEIKO KOBAYASHI,PSB,Deputado Estadual,3,2018
0379,40888,EMILIANO ZAPATA FERREIRA MARCELINO SILVA,PSB,Deputado Estadual,9,2018
0379,40999,MARCO ANTONIO SILVA,PSB,Deputado Estadual,0,2018
0379,43000,FRANCISCO JARLES DA SILVA BEZERRA,PV,Deputado Estadual,2,2018
0379,43001,EDSON DE OLIVEIRA GIRIBONI,PV,Deputado Estadual,7,2018
0379,43008,JOSÉ HENRIQUE CONTI,PV,Deputado Estadual,42,2018
0379,43010,CÉLIA CANDIDA MARCONDES SMITH,PV,Deputado Estadual,3,2018
0379,43013,PRISCILA FRANÇA DE FIGUEIREDO,PV,Deputado Estadual,1,2018
0379,43015,JOÃO AMAURICIO PAULI,PV,Deputado Estadual,1,2018
0379,43024,REGINALDO SOUZA MACHADO,PV,Deputado Estadual,4,2018
0379,43033,FRANCISCO ANTONIO SARDELLI,PV,Deputado Estadual,73,2018
0379,43043,HERNANDO MAURO DIÓGENES DE AQUINO,PV,Deputado Estadual,4,2018
0379,43044,ESTER DA SILVA,PV,Deputado Estadual,0,2018
0379,43100,CELINA HARUMI NISHIZAWA,PV,Deputado Estadual,3,2018
0379,43123,CÍCERA SEVERINA DA CONCEIÇÃO MUSA,PV,Deputado Estadual,4,2018
0379,43135,JOSÉ AFONSO LOBATO,PV,Deputado Estadual,2,2018
0379,43199,LILIAN CRISTINA DOS SANTOS FARIA,PV,Deputado Estadual,0,2018
0379,43243,ANTONIO CARLOS MARTINS RIBEIRO,PV,Deputado Estadual,2,2018
0379,43300,LUANA LACERDA DE ALMEIDA,PV,Deputado Estadual,0,2018
0379,43333,ULYSSES MARIO TASSINARI,PV,Deputado Estadual,24,2018
0379,43334,LUIS MARCELO COMERON,PV,Deputado Estadual,0,2018
0379,43363,REINALDO DE SOUZA ALGUZ,PV,Deputado Estadual,115,2018
0379,43369,ORLANDO COUTO JUNIOR,PV,Deputado Estadual,4,2018
0379,43432,MARIA BEZERRA DE MENEZES SCORZA,PV,Deputado Estadual,0,2018
0379,43433,BRUNA HELENA SOUZA TEIXEIRA DE BARROS,PV,Deputado Estadual,22,2018
0379,43543,ANTONIO FERNANDES FERRARI,PV,Deputado Estadual,1,2018
0379,43622,CESAR AUGUSTO JOSÉ,PV,Deputado Estadual,3,2018
0379,43666,ANA DA SILVA FERNANDES,PV,Deputado Estadual,3,2018
0379,43777,CAIO CESAR MACHADO DA CUNHA,PV,Deputado Estadual,2,2018
0379,43999,VERA LÚCIA DA SILVA VENTURA,PV,Deputado Estadual,4,2018
0379,44000,REGINALDO PUGAS,PRP,Deputado Estadual,13,2018
0379,44002,JOSE FERNANDO DA SILVA LUZ,PRP,Deputado Estadual,0,2018
0379,44003,ABIGAIL BENTO DA SILVA,PRP,Deputado Estadual,13,2018
0379,44004,SERGIO CUNHA,PRP,Deputado Estadual,0,2018
0379,44005,APARECIDO DOS SANTOS,PRP,Deputado Estadual,0,2018
0379,44007,ANTONIO CLAUDINO CORDEIRO,PRP,Deputado Estadual,0,2018
0379,44008,SERGIO ALBUQUERQUE LIMA,PRP,Deputado Estadual,0,2018
0379,44012,PATRICIA DE ARRUDA APOLINÁRIO,PRP,Deputado Estadual,0,2018
0379,44014,MARIA ANDRADE DA SILVA,PRP,Deputado Estadual,0,2018
0379,44015,MARIA CRISTINA CICAGNO,PRP,Deputado Estadual,0,2018
0379,44016,MARIA REGINA ALMEIDA SANTOS SANCHES,PRP,Deputado Estadual,0,2018
0379,44018,ALAINY PRYSCILLA OLIVEIRA DA SILVA,PRP,Deputado Estadual,2,2018
0379,44022,TELMA GIMENEZ LOUREIRO,PRP,Deputado Estadual,0,2018
0379,44023,GRECIONE MAGALHÃES DE ALMEIDA,PRP,Deputado Estadual,0,2018
0379,44025,JOSE ROOSEVELT MARTOS,PRP,Deputado Estadual,0,2018
0379,44027,MARIA JOSE DA SILVA,PRP,Deputado Estadual,0,2018
0379,44040,WILLIAM ALBERTO DE ANDRADE,PRP,Deputado Estadual,1,2018
0379,44042,ORIDES MARTINS NEVES,PRP,Deputado Estadual,0,2018
0379,44043,JOSE VERGILIO REIS,PRP,Deputado Estadual,0,2018
0379,44044,RODRIGO PEREIRA DE OLIVEIRA,PRP,Deputado Estadual,0,2018
0379,44045,UZIEL FERREIRA DO NASCIMENTO,PRP,Deputado Estadual,0,2018
0379,44046,FRANCISCO DE ASSIS VIEIRA,PRP,Deputado Estadual,0,2018
0379,44047,ZENAIDE GONCALVES VIANA,PRP,Deputado Estadual,0,2018
0379,44055,JACKSON CARLOS SOUZA DO SACRAMENTO,PRP,Deputado Estadual,1,2018
0379,44062,PAULO PRADO LEITE,PRP,Deputado Estadual,0,2018
0379,44066,DOMINGOS SALVIO SANTOS DA ANUNCIAÇÃO,PRP,Deputado Estadual,0,2018
0379,44077,HELIO BRASSAROTO,PRP,Deputado Estadual,0,2018
0379,44088,WALTER BONETTI,PRP,Deputado Estadual,1,2018
0379,44091,JOSE JATOBA FILHO,PRP,Deputado Estadual,0,2018
0379,44100,ANTONIO ELITON SANTOS DE BRITO,PRP,Deputado Estadual,0,2018
0379,44105,DANIELE REGINA RODRIGUES DO CARMO,PRP,Deputado Estadual,0,2018
0379,44106,ANGELA ALVES PEREIRA GOUVEIA,PRP,Deputado Estadual,0,2018
0379,44111,PAULO MEDEIROS DOS SANTOS,PRP,Deputado Estadual,2,2018
0379,44113,MOISES FERREIRA DA SILVA,PRP,Deputado Estadual,0,2018
0379,44114,APARECIDO ALESSIO CRUZ DE OLIVEIRA,PRP,Deputado Estadual,0,2018
0379,44117,MARCOS FRANCISCO DE MORAES,PRP,Deputado Estadual,0,2018
0379,44118,LUIZ FERNANDES,PRP,Deputado Estadual,1,2018
0379,44120,JOSE CARLOS DOS SANTOS,PRP,Deputado Estadual,0,2018
0379,44122,DEYVISON ERIK GASPAR,PRP,Deputado Estadual,0,2018
0379,44123,JOÃO BATISTA BRANDÃO DO AMARAL,PRP,Deputado Estadual,0,2018
0379,44124,DALILA RITA VITOR DOS SANTOS DA SILVA,PRP,Deputado Estadual,1,2018
0379,44130,JOSE EDVALDO BRITO,PRP,Deputado Estadual,1,2018
0379,44140,MARCELO COLUSSO,PRP,Deputado Estadual,0,2018
0379,44142,LUCINEIA SECANECHIA MALTA,PRP,Deputado Estadual,0,2018
0379,44144,DANIEL MATIAS DA SILVA,PRP,Deputado Estadual,4,2018
0379,44153,DANIEL PEREIRA DA SILVA,PRP,Deputado Estadual,0,2018
0379,44157,RODNEI CESAR DE SOUZA,PRP,Deputado Estadual,0,2018
0379,44160,CLEIDE MARIA ARAUJO MODESTO,PRP,Deputado Estadual,0,2018
0379,44176,MARCELO ROMANO GONÇALVES,PRP,Deputado Estadual,0,2018
0379,44182,EDINEI ROCHA SANTANA,PRP,Deputado Estadual,1,2018
0379,44190,JEAN PIERRE FERREIRA DA SILVA,PRP,Deputado Estadual,1,2018
0379,44201,EROS GOMES RIBEIRO,PRP,Deputado Estadual,0,2018
0379,44211,RAFAEL PEREIRA DA SILVA,PRP,Deputado Estadual,0,2018
0379,44213,SERGIO ALVES DOS SANTOS,PRP,Deputado Estadual,0,2018
0379,44222,ROSANGELA HENRIQUE DE LIMA,PRP,Deputado Estadual,1,2018
0379,44223,MARTA CORREA DOS SANTOS,PRP,Deputado Estadual,0,2018
0379,44234,REGINALDO SOARES DOS SANTOS,PRP,Deputado Estadual,0,2018
0379,44255,EVERALDO CAETANO DA SILVA,PRP,Deputado Estadual,0,2018
0379,44301,ODIVA FERNANDES MENEZES,PRP,Deputado Estadual,0,2018
0379,44334,PAULO CALADO FARIAS,PRP,Deputado Estadual,0,2018
0379,44343,PATRICIA CONSUELO DE SOUZA,PRP,Deputado Estadual,0,2018
0379,44344,SILVANA INES MOREIRA,PRP,Deputado Estadual,0,2018
0379,44351,ILMA ROSA DA SILVA,PRP,Deputado Estadual,0,2018
0379,44411,AMAURY CUNHA CÂMARA,PRP,Deputado Estadual,0,2018
0379,44418,SILVANA REGINA DA SILVA DOS SANTOS,PRP,Deputado Estadual,0,2018
0379,44423,LUCIANA DRAGONE COUTINHO,PRP,Deputado Estadual,0,2018
0379,44425,ELISABETH APARECIDA RODRIGUES DOS SANTOS,PRP,Deputado Estadual,0,2018
0379,44440,JOSE CARLOS LEITE DE CARVALHO,PRP,Deputado Estadual,0,2018
0379,44441,ALESSANDRO MOGLIA,PRP,Deputado Estadual,0,2018
0379,44443,JOÃO LIMA COSTA,PRP,Deputado Estadual,0,2018
0379,44444,FELICIANO NAHIMY FILHO,PRP,Deputado Estadual,688,2018
0379,44445,MOYSES GABRIEL,PRP,Deputado Estadual,0,2018
0379,44447,CARMEM MARIA UCHOA FERNANDES,PRP,Deputado Estadual,0,2018
0379,44456,CARLOS ROBERTO RANGEL DE SOUZA,PRP,Deputado Estadual,0,2018
0379,44491,SONIA MARIA GUERREIRO PAZINI,PRP,Deputado Estadual,0,2018
0379,44499,ROSEMEIRE RIBEIRO,PRP,Deputado Estadual,0,2018
0379,44500,ROGERIO GOMES DO NASCIMENTO,PRP,Deputado Estadual,2,2018
0379,44511,JOSE CARLOS FLAUSINO,PRP,Deputado Estadual,0,2018
0379,44544,ISAIAS GUEDES GUIMARÃES,PRP,Deputado Estadual,1,2018
0379,44553,ROMILDO FIDELIS,PRP,Deputado Estadual,0,2018
0379,44567,JOSE BERALDO,PRP,Deputado Estadual,1,2018
0379,44600,ARMINDO ALBINO MUNHOZ,PRP,Deputado Estadual,0,2018
0379,44610,DANUBIA CRISTINA GOMES ALVES,PRP,Deputado Estadual,0,2018
0379,44631,JONAS FONTOURA SANTANA,PRP,Deputado Estadual,1,2018
0379,44663,MANOEL MILANEZ DA SILVA FILHO,PRP,Deputado Estadual,0,2018
0379,44666,JOÃO BOSCO DANTAS LOPES,PRP,Deputado Estadual,0,2018
0379,44677,ADRIANA SOUZA DOS SANTOS PEREIRA,PRP,Deputado Estadual,0,2018
0379,44678,OSVALDO LIMA DA SILVA,PRP,Deputado Estadual,0,2018
0379,44700,ITAMAR SENA,PRP,Deputado Estadual,0,2018
0379,44728,WLADIMIR ROGERIO DOS SANTOS,PRP,Deputado Estadual,0,2018
0379,44744,MARCELO EDUARDO AMICI JORGE,PRP,Deputado Estadual,4,2018
0379,44758,RENATO BORGIANI,PRP,Deputado Estadual,0,2018
0379,44774,MARCELO SOLON RODRIGUES,PRP,Deputado Estadual,0,2018
0379,44777,JESUS DE AQUINO,PRP,Deputado Estadual,0,2018
0379,44779,DALILA CAMARGO,PRP,Deputado Estadual,0,2018
0379,44789,JOÃO ALFREDO DE OLIVEIRA,PRP,Deputado Estadual,0,2018
0379,44800,MARCELO DONIZETTI FARIA RAMALHO,PRP,Deputado Estadual,1,2018
0379,44888,JOSE VALDIVINO GREGORIO,PRP,Deputado Estadual,0,2018
0379,44910,MARCOS PAULO CABRAL DE LIMA,PRP,Deputado Estadual,0,2018
0379,44944,VERA LUCIA APARECIDA ALVES,PRP,Deputado Estadual,0,2018
0379,44949,SILVANA REIS NICOLAU,PRP,Deputado Estadual,0,2018
0379,44977,NEUSA DA SILVA OLIVEIRA,PRP,Deputado Estadual,0,2018
0379,44999,RODRIGO SALES BARBOSA,PRP,Deputado Estadual,0,2018
0379,45000,CAUE CASEIRO MACRIS,PSDB,Deputado Estadual,345,2018
0379,45002,IVONE FERNANDES DIAS DO NASCIMENTO,PSDB,Deputado Estadual,4,2018
0379,45005,CAROLINA FUNARI LUCIO,PSDB,Deputado Estadual,1,2018
0379,45007,WIVIANE MARIA SPAZIANI,PSDB,Deputado Estadual,1,2018
0379,45009,SANDRA MARIA ANDRADE DE ALMEIDA,PSDB,Deputado Estadual,0,2018
0379,45045,GUSTAVO MARTINELLI,PSDB,Deputado Estadual,9,2018
0379,45100,CAIO MARCIO VIOTTO COUBE,PSDB,Deputado Estadual,6,2018
0379,45111,MARCO ANTONIO SCARASATI VINHOLI,PSDB,Deputado Estadual,16,2018
0379,45114,MARIA LUCIA CARDOSO PINTO AMARY,PSDB,Deputado Estadual,1,2018
0379,45115,JULIO PIRES DOS SANTOS JUNIOR,PSDB,Deputado Estadual,0,2018
0379,45121,VANESSA ORSINI,PSDB,Deputado Estadual,4,2018
0379,45122,ANTONIO DE SOUSA RAMALHO,PSDB,Deputado Estadual,6,2018
0379,45123,MAURÍCIO MENNA BARRETO GASPARINI,PSDB,Deputado Estadual,34,2018
0379,45125,MAURO BRAGATO,PSDB,Deputado Estadual,16,2018
0379,45145,GIOVANNA GUIMARÃES TRIPOLI,PSDB,Deputado Estadual,106,2018
0379,45151,JOSE CARLOS VAZ DE LIMA,PSDB,Deputado Estadual,49,2018
0379,45157,SANDRA CRISTINA LEITE SANTANA,PSDB,Deputado Estadual,4,2018
0379,45200,CELIA CAMARGO LEÃO EDELMUTH,PSDB,Deputado Estadual,2623,2018
0379,45222,ANTONIO DA ROCHA MARMO CEZAR,PSDB,Deputado Estadual,16,2018
0379,45232,CARLOS EDUARDO PIGNATARI,PSDB,Deputado Estadual,14,2018
0379,45300,FABIANO ANDREY BERTAGNOLI TRIGO,PSDB,Deputado Estadual,3,2018
0379,45321,PATRICIA GAMA DE QUADROS BEZERRA,PSDB,Deputado Estadual,47,2018
0379,45333,CARLOS CESAR ARCOLINO,PSDB,Deputado Estadual,3,2018
0379,45345,RAUL CHRISTIANO DE OLIVEIRA SANCHEZ,PSDB,Deputado Estadual,3,2018
0379,45400,ANALICE FERNANDES,PSDB,Deputado Estadual,74,2018
0379,45444,FHIAMA RAQUEL BISPO DE SOUZA,PSDB,Deputado Estadual,2,2018
0379,45445,MICHELLI VENEZIANI DA SILVA,PSDB,Deputado Estadual,13,2018
0379,45450,MARCUS MACEDO,PSDB,Deputado Estadual,4,2018
0379,45451,AURÉLIO NOMURA,PSDB,Deputado Estadual,20,2018
0379,45454,THOMÁS ANTONIO CAPELETTO DE OLIVEIRA,PSDB,Deputado Estadual,20,2018
0379,45455,GILMAR DA SILVA GIMENES,PSDB,Deputado Estadual,12,2018
0379,45456,MARCIO CESAR DE CAMARGO,PSDB,Deputado Estadual,2,2018
0379,45470,ANA CRISTINA DA SILVA COSTA,PSDB,Deputado Estadual,7,2018
0379,45477,ROBERTO MASSAFERA,PSDB,Deputado Estadual,1,2018
0379,45500,DEBORA MARCONDES SILVA,PSDB,Deputado Estadual,8,2018
0379,45545,JOBERT ALEXANDRINO,PSDB,Deputado Estadual,15,2018
0379,45555,CASSIO DE CASTRO NAVARRO,PSDB,Deputado Estadual,23,2018
0379,45600,CAROLINA DE MORAES PONTES,PSDB,Deputado Estadual,15,2018
0379,45610,HELIO NISHIMOTO,PSDB,Deputado Estadual,13,2018
0379,45633,AUGUSTO DUARTE MOREIRA NETO,PSDB,Deputado Estadual,0,2018
0379,45678,GILSON ALMEIDA BARRETO JUNIOR,PSDB,Deputado Estadual,5,2018
0379,45680,CARLA SARDANO MORANDO,PSDB,Deputado Estadual,11,2018
0379,45700,JOSE ANTONIO DE ANGELIS,PSDB,Deputado Estadual,3,2018
0379,45745,JOSÉ MARIO BRASILIENSE CARNEIRO,PSDB,Deputado Estadual,4,2018
0379,45777,CLAUDIO YUKIO MIYAKE,PSDB,Deputado Estadual,41,2018
0379,45780,MARCOS ANTONIO ZERBINI,PSDB,Deputado Estadual,6,2018
0379,45789,WILSON ALVES DAMASCENO,PSDB,Deputado Estadual,8,2018
0379,45800,PAULO MATHIAS DE TARSO,PSDB,Deputado Estadual,86,2018
0379,45845,THIAGO ANTUNES CAVALCA REIS LOBO,PSDB,Deputado Estadual,4,2018
0379,45855,ELISSANDRO MARCIO SILVA LINDOSO,PSDB,Deputado Estadual,8,2018
0379,45888,ADRIANO CAMARGO ANTONIO,PSDB,Deputado Estadual,1,2018
0379,45900,MARCO ANTONIO DA FONSECA BICHEIRO,PSDB,Deputado Estadual,1,2018
0379,50000,ANDERSON SEVERIANO GOMES,PSOL,Deputado Estadual,46,2018
0379,50001,ALEXANDRE PINHEIRO COSTA,PSOL,Deputado Estadual,5,2018
0379,50002,ALEXYA LUCAS EVANGELISTA SALVADOR,PSOL,Deputado Estadual,27,2018
0379,50005,TAMIRES DE SOUSA ARANTES,PSOL,Deputado Estadual,10,2018
0379,50007,MARIA CAROLINA LUIZ RUBINATO,PSOL,Deputado Estadual,20,2018
0379,50010,GENIVAL CALIXTO DA COSTA,PSOL,Deputado Estadual,1,2018
0379,50012,JESSICA MARQUES RIBEIRO,PSOL,Deputado Estadual,5,2018
0379,50013,EDINALDO DOS SANTOS MACEDO,PSOL,Deputado Estadual,2,2018
0379,50018,MAYKON RODRIGUES DOS SANTOS,PSOL,Deputado Estadual,2,2018
0379,50019,RONALDO DA CRUZ BRAGANÇA,PSOL,Deputado Estadual,13,2018
0379,50021,THYAGO MARCONDES,PSOL,Deputado Estadual,1,2018
0379,50030,SANDRO VINICIUS ORTEGA NICODEMO,PSOL,Deputado Estadual,0,2018
0379,50033,SIRLEI PEREIRA LIMA GOBI,PSOL,Deputado Estadual,1,2018
0379,50036,REGIS MARQUES RIBEIRO,PSOL,Deputado Estadual,0,2018
0379,50039,RODRIGO DA SILVA,PSOL,Deputado Estadual,2,2018
0379,50040,DORIVAL BORELLI FILHO,PSOL,Deputado Estadual,0,2018
0379,50050,ANITA DE GUSMÃO DAMIÃO,PSOL,Deputado Estadual,12,2018
0379,50051,PALOMA APARECIDA SOARES,PSOL,Deputado Estadual,2,2018
0379,50069,HAILEY KAAS ALVES PEDRO DA SILVA,PSOL,Deputado Estadual,18,2018
0379,50070,JOSELICIO FREITAS DOS SANTOS JUNIOR,PSOL,Deputado Estadual,0,2018
0379,50075,ANA CLAUDIA SILVA MIELKE,PSOL,Deputado Estadual,93,2018
0379,50077,CÁSSIO ALBERTO DO NASCIMENTO,PSOL,Deputado Estadual,7,2018
0379,50080,LUCAS DE PAULA LANDIN,PSOL,Deputado Estadual,2,2018
0379,50088,PAULO PEREIRA ROCHA,PSOL,Deputado Estadual,0,2018
0379,50090,FRANCISCO GILBERTO DA SILVA,PSOL,Deputado Estadual,1,2018
0379,50100,MARIANA CONTI TAKAHASHI,PSOL,Deputado Estadual,2231,2018
0379,50111,JORGE DAVID SALGADO,PSOL,Deputado Estadual,15,2018
0379,50120,DAMIÃO TAVARES DOS SANTOS,PSOL,Deputado Estadual,4,2018
0379,50122,ANSELMO PIRES DA SILVA NETO,PSOL,Deputado Estadual,2,2018
0379,50123,JOÃO PAULO RILLO,PSOL,Deputado Estadual,52,2018
0379,50130,LEANDRO MOREIRA GONÇALVES,PSOL,Deputado Estadual,15,2018
0379,50133,MARCELO REINA SILIANO,PSOL,Deputado Estadual,0,2018
0379,50135,RAFAEL FRANCIS OLIVA,PSOL,Deputado Estadual,0,2018
0379,50147,ELIANAI MAESTRELLO DE LYRA,PSOL,Deputado Estadual,0,2018
0379,50150,LUCAS FERREIRA CARDOSO,PSOL,Deputado Estadual,0,2018
0379,50180,ISADORA MARTINATTI PENNA,PSOL,Deputado Estadual,76,2018
0379,50190,BRUNO LOZZI DA COSTA,PSOL,Deputado Estadual,2,2018
0379,50197,VALDIR JOSE UCHOA,PSOL,Deputado Estadual,0,2018
0379,50200,MARCELLO FERREIRA DOS SANTOS,PSOL,Deputado Estadual,4,2018
0379,50222,MAIRA MACHADO RODRIGUES,PSOL,Deputado Estadual,18,2018
0379,50225,MARIA DO CARMO OLIVEIRA NAFALSKI,PSOL,Deputado Estadual,2,2018
0379,50234,MADALENA SILVA SANTOS,PSOL,Deputado Estadual,65,2018
0379,50235,VALERIA MAURICIO,PSOL,Deputado Estadual,0,2018
0379,50250,SARA RODRIGUES DE FRANÇA VIEIRA,PSOL,Deputado Estadual,2,2018
0379,50300,JOAO LUIS DIAS ZAFALAO,PSOL,Deputado Estadual,19,2018
0379,50321,ROSANA BIGNAMI,PSOL,Deputado Estadual,2,2018
0379,50324,MOACIR CAVALCANTI DOS SANTOS,PSOL,Deputado Estadual,0,2018
0379,50333,LEONARDO MANOEL ALVES,PSOL,Deputado Estadual,27,2018
0379,50350,PEDRO HENRIQUE TERUJI JERONIMO MINAMIDANI,PSOL,Deputado Estadual,1,2018
0379,50420,ELY ITO RODRIGUES,PSOL,Deputado Estadual,1,2018
0379,50444,ADEMILSON MIGUEL FERNANDES,PSOL,Deputado Estadual,13,2018
0379,50450,DJALMA NERY FERREIRA NETO,PSOL,Deputado Estadual,22,2018
0379,50456,GISELE CRISTIANE VIEIRA,PSOL,Deputado Estadual,6,2018
0379,50479,SIDNEI APARECIDO GARCIA,PSOL,Deputado Estadual,0,2018
0379,50490,SHIRLANDIA SALES NOVAIS,PSOL,Deputado Estadual,1,2018
0379,50500,RENATO BENTO LUIZ,PSOL,Deputado Estadual,9,2018
0379,50501,FERNANDO ANTONIO FERREIRA,PSOL,Deputado Estadual,1,2018
0379,50505,BRUNO VIEIRA MAIA,PSOL,Deputado Estadual,29,2018
0379,50518,CRISTIANE GANDOLFI,PSOL,Deputado Estadual,1,2018
0379,50550,RAUL MARCELO DE SOUZA,PSOL,Deputado Estadual,12,2018
0379,50555,MAURICIO DE MELO VIEIRA,PSOL,Deputado Estadual,0,2018
0379,50567,JAIR RODRIGUES DE CARVALHO,PSOL,Deputado Estadual,0,2018
0379,50620,MARCOS ROBERTO COELHO,PSOL,Deputado Estadual,0,2018
0379,50630,EDNALDO BISPO DA CRUZ,PSOL,Deputado Estadual,0,2018
0379,50650,ANTONIO BIAGIO VESPOLI,PSOL,Deputado Estadual,4,2018
0379,50666,MARCIA FREIRE DE MATTOS RUBIANO,PSOL,Deputado Estadual,1,2018
0379,50678,ANDRÉ SAPANOS DE CARVALHO,PSOL,Deputado Estadual,7,2018
0379,50690,CARLOS JOSE DA SILVA,PSOL,Deputado Estadual,4,2018
0379,50700,FABIANO DE CARVALHO BATISTA,PSOL,Deputado Estadual,0,2018
0379,50720,WLISSES DANIEL SILVA CABRAL,PSOL,Deputado Estadual,1,2018
0379,50750,REJANE DE MOURA,PSOL,Deputado Estadual,5,2018
0379,50777,PAULO ROBERTO BUFALO,PSOL,Deputado Estadual,720,2018
0379,50787,EDUARDO VICENTE DA FONSECA,PSOL,Deputado Estadual,1,2018
0379,50789,CARLOS ALBERTO GIANNASI,PSOL,Deputado Estadual,241,2018
0379,50800,IURIATAN FELIPE MUNIZ,PSOL,Deputado Estadual,63,2018
0379,50813,ANGELA CRISTINA ALVES DE AZEVEDO,PSOL,Deputado Estadual,1,2018
0379,50848,LUZIANE DIAS SIMÃO,PSOL,Deputado Estadual,2,2018
0379,50850,JOÃO VITOR DIAMANTINO CORRÊA BARBOSA,PSOL,Deputado Estadual,0,2018
0379,50881,DANIEL BELARMINO,PSOL,Deputado Estadual,0,2018
0379,50888,ÉRICA DA SILVA,PSOL,Deputado Estadual,161,2018
0379,50900,MONICA CRISTINA SEIXAS BONFIM,PSOL,Deputado Estadual,287,2018
0379,50917,CÉLIO PELICIARI DE PAULA JÚNIOR,PSOL,Deputado Estadual,0,2018
0379,50950,JOSE HERMENEGILDO DE MARTIN,PSOL,Deputado Estadual,0,2018
0379,50980,GILBERTO MARQUES,PSOL,Deputado Estadual,0,2018
0379,50999,SANDRO CUNHA DOS SANTOS,PSOL,Deputado Estadual,0,2018
0379,51000,SERGIO ANTONIO NECHAR,PATRI,Deputado Estadual,13,2018
0379,51001,MOESIO ALVES CORREIA,PATRI,Deputado Estadual,2,2018
0379,51003,HENRIQUE AGUILERA FILHO,PATRI,Deputado Estadual,0,2018
0379,51004,DIMAS MENDES DA SILVA JUNIOR,PATRI,Deputado Estadual,1,2018
0379,51006,THAIS CRISTINA DE CASTRO CONDE GALVAO,PATRI,Deputado Estadual,0,2018
0379,51007,SÉRGIO GUERRA,PATRI,Deputado Estadual,0,2018
0379,51008,ROBERTO CARLOS DE SANTI,PATRI,Deputado Estadual,1,2018
0379,51011,MARCIA FERREIRA LUCAS,PATRI,Deputado Estadual,0,2018
0379,51013,MALAQUIAS ARAUJO MELO,PATRI,Deputado Estadual,6,2018
0379,51015,DEUSAMAR SANTOS TEIXEIRA SALVADOR,PATRI,Deputado Estadual,10,2018
0379,51016,ROSANA FEITOSA ALVES,PATRI,Deputado Estadual,1,2018
0379,51017,SOLANGE DEVIETRO,PATRI,Deputado Estadual,0,2018
0379,51018,MARIA DE LOURDES SILVA DEPIERI,PATRI,Deputado Estadual,0,2018
0379,51019,ANDERSON DIAS DE MENESES,PATRI,Deputado Estadual,0,2018
0379,51020,ALEXANDRE FERREIRA DE SOUSA,PATRI,Deputado Estadual,0,2018
0379,51021,LIDIA MARIA DE SOUZA,PATRI,Deputado Estadual,0,2018
0379,51022,RENATA MARCIA ALVES BRAGA,PATRI,Deputado Estadual,0,2018
0379,51025,ELISMONICA SOUZA SILVA,PATRI,Deputado Estadual,1,2018
0379,51029,MARCOS ANDRE SANTOS MESSIAS,PATRI,Deputado Estadual,0,2018
0379,51030,LUIZ CARLOS DE PAULA,PATRI,Deputado Estadual,0,2018
0379,51032,ISAIAS CONCEIÇÃO,PATRI,Deputado Estadual,0,2018
0379,51033,ANDRE RAPHAEL BUION MARQUES,PATRI,Deputado Estadual,3,2018
0379,51035,JOSÉ MESSIAS DA COSTA,PATRI,Deputado Estadual,3,2018
0379,51036,MARIA DE LOURDES BORGES PIZONI,PATRI,Deputado Estadual,0,2018
0379,51037,LUIZ VINICIUS DOS SANTOS,PATRI,Deputado Estadual,0,2018
0379,51038,TERESINHA GERALDO LISBOA,PATRI,Deputado Estadual,0,2018
0379,51040,RENATO ANTONIO FONSECA FILHO,PATRI,Deputado Estadual,0,2018
0379,51041,RAQUEL AGUIAR DE OLIVEIRA SILVA,PATRI,Deputado Estadual,0,2018
0379,51045,CINTHIA FERNANDES BANDEIRA,PATRI,Deputado Estadual,2,2018
0379,51051,JAMIL AKIO ONO,PATRI,Deputado Estadual,16,2018
0379,51052,EDUARDO MONTEIRO,PATRI,Deputado Estadual,1,2018
0379,51053,CARLA ISOLA CASALE,PATRI,Deputado Estadual,0,2018
0379,51055,EDSON FERREIRA PONTES,PATRI,Deputado Estadual,3,2018
0379,51056,ROBSON LIEBETANZ DZELVE CALABIANQUI,PATRI,Deputado Estadual,1,2018
0379,51057,GRAZIELE CRISTINA LUCATO,PATRI,Deputado Estadual,1,2018
0379,51060,FRANCISCA LUIZ PEREIRA,PATRI,Deputado Estadual,0,2018
0379,51077,HELENA MARIA LEME BARBOSA,PATRI,Deputado Estadual,0,2018
0379,51081,MARCOS JOSÉ DO VALLE,PATRI,Deputado Estadual,1,2018
0379,51082,CICERO EDINALDO DE MENEZES,PATRI,Deputado Estadual,4,2018
0379,51085,MARINALVA CONCEIÇÃO SANTOS,PATRI,Deputado Estadual,1,2018
0379,51088,MARIA JOSÉ DOS SANTOS,PATRI,Deputado Estadual,0,2018
0379,51090,RONALDO ROSA DE ALMEIDA,PATRI,Deputado Estadual,1,2018
0379,51100,ANDRE GOMES BARBOSA,PATRI,Deputado Estadual,0,2018
0379,51111,ZELINDIANOR OLIVEIRA DE SOUZA,PATRI,Deputado Estadual,2,2018
0379,51120,EDSON RICARDO DE CARVALHO SOUZA,PATRI,Deputado Estadual,0,2018
0379,51121,ANTÔNIO MARCOS RODRIGUES,PATRI,Deputado Estadual,0,2018
0379,51123,REGINA DA SILVA COSTA,PATRI,Deputado Estadual,1,2018
0379,51127,VALDIR HENRIQUE DOS SANTOS FERREIRA,PATRI,Deputado Estadual,1,2018
0379,51145,JOSE ALEXANDRE JUNCO,PATRI,Deputado Estadual,3,2018
0379,51151,RENAN ELIAS GODINHO,PATRI,Deputado Estadual,0,2018
0379,51153,ADRIANA ALVES DE OLIVEIRA,PATRI,Deputado Estadual,5,2018
0379,51155,JORGE DE FREITAS,PATRI,Deputado Estadual,4,2018
0379,51158,WASHINGTON SOUZA CARDOSO DOS SANTOS,PATRI,Deputado Estadual,0,2018
0379,51167,CARLOS EDUARDO MONÇÃO GARCIA,PATRI,Deputado Estadual,0,2018
0379,51177,ROBERTO PIMENTEL,PATRI,Deputado Estadual,0,2018
0379,51190,WILSON DE OLIVEIRA MORAIS,PATRI,Deputado Estadual,45,2018
0379,51193,GUARACY RIBEIRO FILHO,PATRI,Deputado Estadual,1,2018
0379,51200,JAIR RAMALHO DA SILVA,PATRI,Deputado Estadual,0,2018
0379,51215,FRANCISCO MONTEIRO DE ARRUDA,PATRI,Deputado Estadual,0,2018
0379,51222,ENIVALDO LEITE,PATRI,Deputado Estadual,5,2018
0379,51233,JOSE CARLOS BISPO DOS SANTOS,PATRI,Deputado Estadual,0,2018
0379,51234,PAULO DE TARSO CARDOSO DE MIRANDA,PATRI,Deputado Estadual,0,2018
0379,51235,NILSON PEREIRA DE ABREU,PATRI,Deputado Estadual,0,2018
0379,51251,ELISA KATSUE TAKAHASHI CARARETO,PATRI,Deputado Estadual,1,2018
0379,51270,OSMAR MENEZES MARQUES,PATRI,Deputado Estadual,2,2018
0379,51300,DEUSDETE PEREIRA MARINHO,PATRI,Deputado Estadual,1,2018
0379,51302,MARCELO BARRETO STERZA,PATRI,Deputado Estadual,0,2018
0379,51322,MARIA ALICE ARAÚJO LIMBERG,PATRI,Deputado Estadual,0,2018
0379,51326,AMANDA SANTOS DA SILVA,PATRI,Deputado Estadual,0,2018
0379,51333,ROBERTO CARDOSO FERREIRA,PATRI,Deputado Estadual,1,2018
0379,51343,ODAIR BENTO FILHO,PATRI,Deputado Estadual,2,2018
0379,51345,HALSE MICHELLINE TAVARES COELHO,PATRI,Deputado Estadual,0,2018
0379,51346,ARY LOPES DA CRUZ,PATRI,Deputado Estadual,0,2018
0379,51351,VALENTIM PEREIRA LIMA,PATRI,Deputado Estadual,0,2018
0379,51353,GIOVANNA MARQUES DOS REIS,PATRI,Deputado Estadual,0,2018
0379,51355,CARLOS ALBERTO PINTO DA SILVA,PATRI,Deputado Estadual,2,2018
0379,51369,PAULO SERGIO BENISSE,PATRI,Deputado Estadual,0,2018
0379,51381,MARIA INÊS GIANINI,PATRI,Deputado Estadual,1,2018
0379,51394,VANDECI LAURENTINO DE OLIVEIRA,PATRI,Deputado Estadual,0,2018
0379,51400,JORGE DONIZETTI RIBEIRO DE MATOS,PATRI,Deputado Estadual,0,2018
0379,51440,WANDERLEY FAVILA,PATRI,Deputado Estadual,0,2018
0379,51444,FERNANDO HENRIQUE FERREIRA,PATRI,Deputado Estadual,4,2018
0379,51445,IRENICE ODETE BARBOSA,PATRI,Deputado Estadual,0,2018
0379,51446,GIULIO BALDI DANTAS,PATRI,Deputado Estadual,0,2018
0379,51451,SAMIR AFONSO MARGONAR,PATRI,Deputado Estadual,3,2018
0379,51455,CLAUDENICE JEFERSINA SANTANA DA SILVA,PATRI,Deputado Estadual,0,2018
0379,51456,JOSE DONISETI GILDO,PATRI,Deputado Estadual,5,2018
0379,51458,MESSIAS JOSÉ DE MORAES,PATRI,Deputado Estadual,0,2018
0379,51460,CICERO MACEDO DA SILVA,PATRI,Deputado Estadual,0,2018
0379,51470,LEANDRO DE JESUS,PATRI,Deputado Estadual,0,2018
0379,51478,MARIA DERLÂNIA LIMA SANTOS,PATRI,Deputado Estadual,0,2018
0379,51479,WILLIAN GALVAO DA SILVA,PATRI,Deputado Estadual,0,2018
0379,51480,MARIA DE LOURDES DE LIMA GUSSONI,PATRI,Deputado Estadual,0,2018
0379,51491,GONZAGA MENDES DE OLIVEIRA,PATRI,Deputado Estadual,0,2018
0379,51500,MARCIO DENER CORAN,PATRI,Deputado Estadual,25,2018
0379,51510,ANGELA MARIA DE OLIVEIRA,PATRI,Deputado Estadual,0,2018
0379,51511,ITAMAR GONÇALVES,PATRI,Deputado Estadual,2,2018
0379,51515,SILNEY MARCOS BERALDO,PATRI,Deputado Estadual,2,2018
0379,51526,ANDRÉ ITALO MAURO,PATRI,Deputado Estadual,1,2018
0379,51531,MAURICIO ANTONIO FOGAÇA,PATRI,Deputado Estadual,0,2018
0379,51533,VALDEMAR DIAS PEREIRA FILHO,PATRI,Deputado Estadual,0,2018
0379,51550,EDSON MACENO,PATRI,Deputado Estadual,4,2018
0379,51551,DIOGENES MORIS MORENO DOS SANTOS,PATRI,Deputado Estadual,1,2018
0379,51555,LUIS ROBERTO TAVARES,PATRI,Deputado Estadual,2,2018
0379,51580,SIMONE APARECIDA SANTOS,PATRI,Deputado Estadual,3,2018
0379,51599,MARCIO XAVIER DA SILVA,PATRI,Deputado Estadual,4,2018
0379,51600,ALMIR DE ALEXANDRES,PATRI,Deputado Estadual,0,2018
0379,51610,JOSÉ EDIMILSON DA SILVA,PATRI,Deputado Estadual,0,2018
0379,51664,ELIABE VENANCIO AIRES,PATRI,Deputado Estadual,0,2018
0379,51678,FLAVIA MARIA DOS ANJOS SILVA,PATRI,Deputado Estadual,0,2018
0379,51686,LAURO MARTINS DE LARA NETO,PATRI,Deputado Estadual,0,2018
0379,51699,PAULO ALVES CORRÊA JUNIOR,PATRI,Deputado Estadual,24,2018
0379,51700,SUELLEN SILVA ROSIM,PATRI,Deputado Estadual,0,2018
0379,51707,MEGIONE BASSETTO DE CASTRO,PATRI,Deputado Estadual,1,2018
0379,51737,LUIZ ALBERTO TEIXEIRA FERREIRA,PATRI,Deputado Estadual,3,2018
0379,51749,RUTE DA COSTA ESMAEL LOPES,PATRI,Deputado Estadual,2,2018
0379,51751,GILVANETE BATISTA DE MORAIS,PATRI,Deputado Estadual,1,2018
0379,51760,LAURINDA FRANCISCA DOS SANTOS,PATRI,Deputado Estadual,0,2018
0379,51762,THIAGO BARBOZA LUZ,PATRI,Deputado Estadual,0,2018
0379,51773,LUIS CARLOS MIRANDA,PATRI,Deputado Estadual,0,2018
0379,51777,MARCO ANTONIO MAURO PORTELLA,PATRI,Deputado Estadual,2,2018
0379,51779,CHALANA MACHADO DOS SANTOS,PATRI,Deputado Estadual,0,2018
0379,51789,ADILSON EUGENIO DE LIMA,PATRI,Deputado Estadual,6,2018
0379,51796,HAYSLAN PIRES GONÇALVES,PATRI,Deputado Estadual,0,2018
0379,51800,MARIA DE LOURDES SANTANA DA CONCEICAO,PATRI,Deputado Estadual,0,2018
0379,51841,SAMUEL DO CARMO,PATRI,Deputado Estadual,2,2018
0379,51851,ERICA NASCIMENTO SILVA,PATRI,Deputado Estadual,1,2018
0379,51852,ANTONIO OLIVA DE ARAUJO,PATRI,Deputado Estadual,0,2018
0379,51877,SONIA APARECIDA GRANITO BARBOSA,PATRI,Deputado Estadual,0,2018
0379,51888,LUCAS DE ASSIS COSTA,PATRI,Deputado Estadual,4,2018
0379,51911,ABEL ELIAS DE CAMARGO,PATRI,Deputado Estadual,0,2018
0379,54007,FERNANDO RODRIGO DE CARVALHO,PPL,Deputado Estadual,0,2018
0379,54019,HELITON ESCORPELI,PPL,Deputado Estadual,9,2018
0379,54035,REGINA MARILIA PRADO MANSSUR,PPL,Deputado Estadual,0,2018
0379,54040,MARCOS ROBERTO OLIVAL DIAS,PPL,Deputado Estadual,0,2018
0379,54051,BENEDITO HONORIO BARBOSA,PPL,Deputado Estadual,8,2018
0379,54119,ROBSON FLORA COSIMATTI,PPL,Deputado Estadual,0,2018
0379,54222,STELIO LEAL PESSANHA,PPL,Deputado Estadual,1,2018
0379,54290,JALMIRA DO CARMO SILVA COELHO,PPL,Deputado Estadual,0,2018
0379,54300,MARIANA NUNES DE MOURA SOUZA,PPL,Deputado Estadual,43,2018
0379,54321,AMELIA RENATA MANARA DOMENI GASTI,PPL,Deputado Estadual,2,2018
0379,54322,JOAO LUIZ LEITE,PPL,Deputado Estadual,0,2018
0379,54333,DANIEL FERNAINE DRAGER,PPL,Deputado Estadual,0,2018
0379,54501,OBERVAN DUNGA DOS SANTOS,PPL,Deputado Estadual,0,2018
0379,54555,EDVALDO HEITOR BORTOLLOTTI,PPL,Deputado Estadual,0,2018
0379,54700,LUIZ CARLOS DA SILVA,PPL,Deputado Estadual,0,2018
0379,54789,ROSLAVIO ALFREDO GRAF JUNIOR,PPL,Deputado Estadual,1,2018
0379,54854,PAULO CESAR CANDIDO BARBOSA,PPL,Deputado Estadual,0,2018
0379,54855,SAMIRA DIAS DA SILVA ALVES,PPL,Deputado Estadual,0,2018
0379,54991,ROSANE OLIVEIRA DA COSTA,PPL,Deputado Estadual,1,2018
0379,54999,RONALDO BARROS DE OLIVEIRA,PPL,Deputado Estadual,30,2018
0379,55000,GUSTAVO RAMOS PERISSINOTTO,PSD,Deputado Estadual,15,2018
0379,55023,FABIO CESAR SATO,PSD,Deputado Estadual,3,2018
0379,55030,LUCIANO ANDRÉ RODRIGUES,PSD,Deputado Estadual,19,2018
0379,55055,RENATO PUPO DE PAULA,PSD,Deputado Estadual,7,2018
0379,55090,CAROLINE STEINMETZ,PSD,Deputado Estadual,83,2018
0379,55100,DIEGO HENRIQUE RODRIGUES MIRANDA,PSD,Deputado Estadual,0,2018
0379,55110,ANTONIO MARCOS DA SILVA POLYCENO,PSD,Deputado Estadual,1,2018
0379,55123,RENATA LEMES DE PAIVA MENDES DA COSTA,PSD,Deputado Estadual,7,2018
0379,55125,MANOEL DAVID KORN DE CARVALHO,PSD,Deputado Estadual,0,2018
0379,55133,JULIANA VIGGIANI VALIO BORGES,PSD,Deputado Estadual,8,2018
0379,55153,MARIA DE LOURDES SOARES,PSD,Deputado Estadual,256,2018
0379,55155,MARINA JAYME DE MELO CARDINALI,PSD,Deputado Estadual,3,2018
0379,55190,ALVARO BATISTA CAMILO,PSD,Deputado Estadual,57,2018
0379,55199,WILMA DE FREITAS MALTA,PSD,Deputado Estadual,0,2018
0379,55200,NELSON SCHREINER JUNIOR,PSD,Deputado Estadual,2,2018
0379,55222,ADOLFO QUINTAS GONÇALVES NETO,PSD,Deputado Estadual,5,2018
0379,55255,ALEXANDRE MILANESE CAMILLO,PSD,Deputado Estadual,61,2018
0379,55321,JONATHAN AMORA DE RAGO,PSD,Deputado Estadual,0,2018
0379,55333,PAULO ROBERTO DE CAMPOS,PSD,Deputado Estadual,3,2018
0379,55400,MARTA MARIA FREIRE DA COSTA,PSD,Deputado Estadual,1810,2018
0379,55500,MARCIA WALÉRIA NUNES DE OLIVEIRA DIAS,PSD,Deputado Estadual,1,2018
0379,55555,RITA DE CASSIA TRINCA PASSOS,PSD,Deputado Estadual,36,2018
0379,55655,ROSSANA RODRIGUES ROSSINI CAMACHO,PSD,Deputado Estadual,3,2018
0379,55677,PAULO LUIS SANTOS,PSD,Deputado Estadual,1,2018
0379,55678,FABIO FERNANDO DOS REIS SILVA,PSD,Deputado Estadual,0,2018
0379,55755,LUIZ CARLOS GIANELLI TEIXEIRA,PSD,Deputado Estadual,0,2018
0379,55777,ALEXANDER MUNIZ DE OLIVEIRA,PSD,Deputado Estadual,406,2018
0379,55800,RAFAEL GANZERLI AUAD,PSD,Deputado Estadual,5,2018
0379,55826,CLARICE SILVA BARBOSA,PSD,Deputado Estadual,0,2018
0379,55855,LIVIO ANTONIO GIOSA,PSD,Deputado Estadual,2,2018
0379,55900,KARINA CARLA DA SILVA,PSD,Deputado Estadual,3,2018
0379,55955,PATRICIA DOS REIS TRAVASSOS,PSD,Deputado Estadual,0,2018
0379,65000,LUIS ARAUJO FRANÇA,PC do B,Deputado Estadual,0,2018
0379,65001,GLAUBER DA SILVA,PC do B,Deputado Estadual,0,2018
0379,65005,GLÉDSON ANTONIO DE PROENÇA,PC do B,Deputado Estadual,0,2018
0379,65007,MARISA APARECIDA DE SÁ LIMA,PC do B,Deputado Estadual,3,2018
0379,65008,DECIO DOS SANTOS,PC do B,Deputado Estadual,0,2018
0379,65013,JOSÉ MARCOLINO DA SILVA,PC do B,Deputado Estadual,0,2018
0379,65021,LUIS CARLOS SOARES DE OLIVEIRA,PC do B,Deputado Estadual,0,2018
0379,65022,GENI SALDANHA DOS SANTOS SILVA,PC do B,Deputado Estadual,0,2018
0379,65023,WLADMIR DE SOUZA CARNEIRO,PC do B,Deputado Estadual,16,2018
0379,65024,FABIO ALVES CABRAL,PC do B,Deputado Estadual,0,2018
0379,65030,NADIA MARIA AUGUSTA DE OLIVEIRA JOAQUIM,PC do B,Deputado Estadual,3,2018
0379,65035,LECI BRANDÃO DA SILVA,PC do B,Deputado Estadual,328,2018
0379,65038,ADRIANA COELHO DE OLIVEIRA,PC do B,Deputado Estadual,4,2018
0379,65040,JAMILE RANGEL DA SILVA,PC do B,Deputado Estadual,0,2018
0379,65050,RODRIGO FERNANDO ASSIS DOS SANTOS,PC do B,Deputado Estadual,0,2018
0379,65051,VALERIA CANESTRI,PC do B,Deputado Estadual,0,2018
0379,65065,EDSON GOMES DA SILVA,PC do B,Deputado Estadual,4,2018
0379,65100,ALCIDES AMAZONAS ARAUJO DOS SANTOS,PC do B,Deputado Estadual,4,2018
0379,65105,LUIZ ALBERTO DA SILVA,PC do B,Deputado Estadual,0,2018
0379,65111,RÔMULO KAZIMIERZ LUSZCZYNSKI,PC do B,Deputado Estadual,0,2018
0379,65117,EVELYN CAROLINE LIMA DOS SANTOS PEREIRA,PC do B,Deputado Estadual,0,2018
0379,65121,JORGE ANTONIO DA SILVA,PC do B,Deputado Estadual,1,2018
0379,65123,GUSTAVO LEMOS PETTA,PC do B,Deputado Estadual,1492,2018
0379,65133,IRINEU SEBASTIÃO,PC do B,Deputado Estadual,0,2018
0379,65159,MARIANA ARANTES MASTROROCO,PC do B,Deputado Estadual,2,2018
0379,65161,MIRIAM APARECIDA DA SILVA,PC do B,Deputado Estadual,1,2018
0379,65165,FRANCISCA RODRIGUES BARBOSA BRITTO,PC do B,Deputado Estadual,0,2018
0379,65167,NEIDE LANDE,PC do B,Deputado Estadual,0,2018
0379,65180,CARINA VITRAL COSTA,PC do B,Deputado Estadual,49,2018
0379,65192,JEFFERSON ERECY SANTOS,PC do B,Deputado Estadual,11,2018
0379,65194,SAMIR ANGELO BASSUALDO BENTO,PC do B,Deputado Estadual,0,2018
0379,65200,GICÉLIA DOS SANTOS,PC do B,Deputado Estadual,0,2018
0379,65213,NILSON JOSE GARRIDO,PC do B,Deputado Estadual,0,2018
0379,65222,SIDNEI LUIZ PEREIRA,PC do B,Deputado Estadual,1,2018
0379,65229,NATAL DIAS DE OLIVEIRA,PC do B,Deputado Estadual,0,2018
0379,65230,CINTIA MARA GONÇALVES MUNIZ,PC do B,Deputado Estadual,0,2018
0379,65233,RUTE BARBOSA FERNANDES,PC do B,Deputado Estadual,6,2018
0379,65265,GENIVALDO BARBOSA DOS SANTOS,PC do B,Deputado Estadual,0,2018
0379,65285,LILIAN SOARES ARAUJO SANTANA,PC do B,Deputado Estadual,0,2018
0379,65300,GERALDO MAGELA DA CRUZ,PC do B,Deputado Estadual,0,2018
0379,65321,VANDERLEI SIRAQUE,PC do B,Deputado Estadual,1,2018
0379,65332,CARMEN MIRANDA ALVES PEREIRA,PC do B,Deputado Estadual,0,2018
0379,65333,RODRIGO FIRMINO ROMÃO,PC do B,Deputado Estadual,3,2018
0379,65340,ADRIANA CARDOSO AZEVEDO PERMINIO,PC do B,Deputado Estadual,12,2018
0379,65345,ELENISIO DE ALMEIDA SILVA,PC do B,Deputado Estadual,0,2018
0379,65353,JOSÉ ERIVALDO DA SILVA,PC do B,Deputado Estadual,0,2018
0379,65369,ALBERTO DE SOUZA GOMES,PC do B,Deputado Estadual,1,2018
0379,65379,EUNICE ALVES DE OLIVEIRA NORONHA,PC do B,Deputado Estadual,0,2018
0379,65400,WALTER FERNANDES CANDELARIO,PC do B,Deputado Estadual,0,2018
0379,65420,MARCOS AURÉLIO DOS SANTOS,PC do B,Deputado Estadual,0,2018
0379,65432,BRAZ HENRIQUE TELES,PC do B,Deputado Estadual,1,2018
0379,65444,RAIMUNDO FERREIRA BARROS,PC do B,Deputado Estadual,0,2018
0379,65456,MARCIO JUNIOR BRIANES,PC do B,Deputado Estadual,10,2018
0379,65465,JOSE CLAUDIO DA SILVA VIEIRA,PC do B,Deputado Estadual,0,2018
0379,65475,RENATA CZEKAY,PC do B,Deputado Estadual,1,2018
0379,65500,DOUGLAS ALBERTO SANTOS,PC do B,Deputado Estadual,0,2018
0379,65512,JOÃO ANTONIO DONIZZETTI CARVALHO,PC do B,Deputado Estadual,2,2018
0379,65523,LIOZINA DE ALMEIDA SARAIVA,PC do B,Deputado Estadual,0,2018
0379,65555,VÂNIA REGINA RIBEIRO,PC do B,Deputado Estadual,5,2018
0379,65565,EVELYN CAVALCANTE CARLOS,PC do B,Deputado Estadual,0,2018
0379,65600,JAIR MARMELO CARDOSO DE OLIVEIRA,PC do B,Deputado Estadual,0,2018
0379,65650,HENRIQUE DOMINGUES,PC do B,Deputado Estadual,1,2018
0379,65651,FLAVIO MONTESINOS GODOI,PC do B,Deputado Estadual,0,2018
0379,65653,JEFFERSON FISCHER DA ROCHA,PC do B,Deputado Estadual,1,2018
0379,65654,SERGIO LUIZ ZERBINATO RODRIGUES,PC do B,Deputado Estadual,0,2018
0379,65655,MARCEL FERRAZ CAMILO,PC do B,Deputado Estadual,0,2018
0379,65656,LUIS ALVES DE SOUZA,PC do B,Deputado Estadual,3,2018
0379,65658,SAMUEL GOMES DE JESUS,PC do B,Deputado Estadual,0,2018
0379,65659,KEITH CRISTINE HORTA,PC do B,Deputado Estadual,0,2018
0379,65666,ANTONIO CARLOS FERREIRA DE OLIVEIRA,PC do B,Deputado Estadual,0,2018
0379,65677,GUARACI FERNANDO CAMPOS,PC do B,Deputado Estadual,0,2018
0379,65678,RAFAEL TURRINI PURGATO,PC do B,Deputado Estadual,4,2018
0379,65688,ROBERTO FERREIRA DE MENEZES,PC do B,Deputado Estadual,0,2018
0379,65765,JOÃO HILTON TEIXEIRA,PC do B,Deputado Estadual,0,2018
0379,65777,SAMUEL EUZÉBIO DE OLIVEIRA,PC do B,Deputado Estadual,0,2018
0379,65787,NINA RODRIGUES VIEIRA,PC do B,Deputado Estadual,0,2018
0379,65789,MICHEL RAMIRO CARNEIRO,PC do B,Deputado Estadual,0,2018
0379,65790,JOAQUIM TEODORO GOMA,PC do B,Deputado Estadual,5,2018
0379,65852,EDSON LUIS DE AGUIAR,PC do B,Deputado Estadual,0,2018
0379,65865,GABRIEL SOARES GONÇALVES,PC do B,Deputado Estadual,0,2018
0379,65888,LOURIVALDO PRATES,PC do B,Deputado Estadual,2,2018
0379,65900,SINCLAIR LOPES DE OLIVEIRA,PC do B,Deputado Estadual,1,2018
0379,65945,NEI ROBSON MEDEIROS DE ARAUJO,PC do B,Deputado Estadual,1,2018
0379,65999,EDSON ALEXANDRE PEREIRA,PC do B,Deputado Estadual,0,2018
0379,70000,SIRINEU DE ARAUJO SANTOS,AVANTE,Deputado Estadual,19,2018
0379,70001,LUIZ FÁBIO CRUZ DA SILVA,AVANTE,Deputado Estadual,0,2018
0379,70002,VALDECIRO MAIA DOS SANTOS,AVANTE,Deputado Estadual,0,2018
0379,70003,ROGÉRIO AUGUSTO PAVÃO,AVANTE,Deputado Estadual,1,2018
0379,70004,MARCELO DA SILVA VIEIRA,AVANTE,Deputado Estadual,23,2018
0379,70005,ERALDO PEREIRA DE LIMA,AVANTE,Deputado Estadual,0,2018
0379,70006,MÁRCIO PIMENTEL BENVENUTO,AVANTE,Deputado Estadual,0,2018
0379,70007,JAIRO DOS SANTOS,AVANTE,Deputado Estadual,1,2018
0379,70009,ALEXANDRE MIGUEL COSTA,AVANTE,Deputado Estadual,0,2018
0379,70010,ESDRA BATISTA NASCIMENTO,AVANTE,Deputado Estadual,0,2018
0379,70011,LUCIANO LIMA DE ANDRADE,AVANTE,Deputado Estadual,0,2018
0379,70013,MARCIO CAETANO PEREIRA,AVANTE,Deputado Estadual,0,2018
0379,70014,WEVERSON CARLOS ALMEIDA,AVANTE,Deputado Estadual,0,2018
0379,70016,ANA RAQUEL RICARDO,AVANTE,Deputado Estadual,4,2018
0379,70017,ANDERSON ROGERIO ALVES,AVANTE,Deputado Estadual,0,2018
0379,70018,PATRICIA LUCIA GOUVEIA DA SILVA,AVANTE,Deputado Estadual,7,2018
0379,70020,URIAS GONÇALVES DA SILVA FILHO,AVANTE,Deputado Estadual,1,2018
0379,70022,JEREMIAS ALVES SANTOS,AVANTE,Deputado Estadual,0,2018
0379,70023,MARIA ELIANA NOGUEIRA,AVANTE,Deputado Estadual,0,2018
0379,70026,ROGÉRIO APARECIDO GOMES PIRES,AVANTE,Deputado Estadual,9,2018
0379,70030,GILBERTO ROQUE JACINTO,AVANTE,Deputado Estadual,0,2018
0379,70033,ANTONIO FLAVIO ALMEIDA DE OLIVEIRA,AVANTE,Deputado Estadual,0,2018
0379,70034,PLINIO MARCOS DE LIMA,AVANTE,Deputado Estadual,0,2018
0379,70040,JOSÉ NUNES DE MORAIS,AVANTE,Deputado Estadual,0,2018
0379,70043,DÉBORA DIAS DA SILVA,AVANTE,Deputado Estadual,0,2018
0379,70045,LEANDRO DE SOUZA SERRÃO,AVANTE,Deputado Estadual,0,2018
0379,70047,LAMYS MITRI FERNANDES GOMES,AVANTE,Deputado Estadual,0,2018
0379,70050,EDSON ANTUNES DOS PASSOS,AVANTE,Deputado Estadual,0,2018
0379,70055,MARIETA ANITA DE OLIVEIRA,AVANTE,Deputado Estadual,0,2018
0379,70060,PAULO HENRIQUE EVARISTO,AVANTE,Deputado Estadual,5,2018
0379,70066,CEZAR AUGUSTO DE SOUZA OLIVEIRA,AVANTE,Deputado Estadual,1,2018
0379,70070,EDSON NASCIMENTO DE OLIVEIRA,AVANTE,Deputado Estadual,4,2018
0379,70071,RAFAEL PINHEIRO DOS SANTOS,AVANTE,Deputado Estadual,0,2018
0379,70074,STEPHANY AKIE NAKAMORI NOVAES RIBEIRO,AVANTE,Deputado Estadual,0,2018
0379,70077,ISMERAÍ EGIDIO DA SILVA,AVANTE,Deputado Estadual,0,2018
0379,70078,ANGELICA DA SILVA MOREIRA,AVANTE,Deputado Estadual,0,2018
0379,70080,MICHEL DE ANDRADE BRAZ,AVANTE,Deputado Estadual,0,2018
0379,70088,MICHELE DE JESUS POINA,AVANTE,Deputado Estadual,0,2018
0379,70099,ANTONIO SOARES OLIVEIRA,AVANTE,Deputado Estadual,0,2018
0379,70100,WILLIAM ALI CHAIM,AVANTE,Deputado Estadual,13,2018
0379,70110,NILTON DANTAS,AVANTE,Deputado Estadual,0,2018
0379,70111,AURELIO SANTUCCI,AVANTE,Deputado Estadual,0,2018
0379,70117,VALTER CORRÊA JUNIOR,AVANTE,Deputado Estadual,0,2018
0379,70121,VALDÍVIO JOSÉ DE LIMA,AVANTE,Deputado Estadual,0,2018
0379,70123,FRANCISCO ESMERALDO FELIPE CARNEIRO,AVANTE,Deputado Estadual,1,2018
0379,70141,ZÊNIA PEREIRA DE ANDRADE SOUSA,AVANTE,Deputado Estadual,0,2018
0379,70147,ÂNGELA MARIA MAGALHÃES,AVANTE,Deputado Estadual,0,2018
0379,70156,EDNA GONÇALVES DA SILVA,AVANTE,Deputado Estadual,0,2018
0379,70170,RICARDO DA SILVA SAIBRO,AVANTE,Deputado Estadual,0,2018
0379,70176,KAMEL MURCHED,AVANTE,Deputado Estadual,0,2018
0379,70177,DANIEL RODRIGUES DE QUEIROZ JUNIOR,AVANTE,Deputado Estadual,0,2018
0379,70188,SIDNEY MATOS DE SOUZA,AVANTE,Deputado Estadual,2,2018
0379,70190,RUBENS CLAUDIO SIQUEIRA NERI,AVANTE,Deputado Estadual,28,2018
0379,70192,SANDRA DE OLIVEIRA SILVA,AVANTE,Deputado Estadual,0,2018
0379,70200,JOÃO CARLOS ANDRÉ,AVANTE,Deputado Estadual,1,2018
0379,70210,ANTÔNIO JOSÉ DE SOUZA SANTOS,AVANTE,Deputado Estadual,0,2018
0379,70222,REGINÉIA LEMES TAVARES,AVANTE,Deputado Estadual,0,2018
0379,70227,ERICA CRISTINA VIARO,AVANTE,Deputado Estadual,0,2018
0379,70234,FÁBIO SILVA MOREIRA,AVANTE,Deputado Estadual,1,2018
0379,70255,OTONIEL FERREIRA DE LIMA,AVANTE,Deputado Estadual,0,2018
0379,70270,MARCOS DE ARAÚJO HAGA,AVANTE,Deputado Estadual,0,2018
0379,70277,GERMANO VETTAS,AVANTE,Deputado Estadual,0,2018
0379,70300,CLAUDIO INÁCIO,AVANTE,Deputado Estadual,0,2018
0379,70321,ALMIR ROBERTO CICOTE,AVANTE,Deputado Estadual,3,2018
0379,70333,CRISTIANO GASPERINE,AVANTE,Deputado Estadual,1,2018
0379,70341,LUIZ CARLOS DOS ANJOS FREITAS,AVANTE,Deputado Estadual,1,2018
0379,70343,JOSÉ VALMIR MENDES DA SILVA,AVANTE,Deputado Estadual,0,2018
0379,70345,JOSÉ CARLOS DA SILVA,AVANTE,Deputado Estadual,0,2018
0379,70369,PAULO HENRIQUE COELHO MARBACK D OLIVEIRA,AVANTE,Deputado Estadual,0,2018
0379,70370,SALVADOR ALVES DOS SANTOS,AVANTE,Deputado Estadual,0,2018
0379,70389,CLAUDIO GOMES DE ARAUJO JUNIOR,AVANTE,Deputado Estadual,1,2018
0379,70400,ELIZEU MARTINS FELICIANO,AVANTE,Deputado Estadual,2,2018
0379,70432,EDNA FRANCISCO COSTA BEZERRA,AVANTE,Deputado Estadual,0,2018
0379,70440,JOSÉ DE SOUZA NOGUEIRA,AVANTE,Deputado Estadual,0,2018
0379,70444,SANDERSON RIBEIRO CORREIA DE LIMA,AVANTE,Deputado Estadual,0,2018
0379,70445,SUELY MARIA DE PAULO RODRIGUES,AVANTE,Deputado Estadual,0,2018
0379,70447,KEILA ZIBORDI MORAES CARVALHO,AVANTE,Deputado Estadual,0,2018
0379,70456,CLÉLIA GOMES DA SILVA,AVANTE,Deputado Estadual,94,2018
0379,70470,JÔNATAS TABORDA,AVANTE,Deputado Estadual,1,2018
0379,70500,ALESSANDRO PEREIRA DOS SANTOS,AVANTE,Deputado Estadual,8,2018
0379,70543,GIRLENE DO SOCORRO BARBOSA MAIA,AVANTE,Deputado Estadual,0,2018
0379,70555,CARLOS ALBERTO MARIANO,AVANTE,Deputado Estadual,1,2018
0379,70557,EDSON NEVES GALINDO,AVANTE,Deputado Estadual,2,2018
0379,70565,EDILEUSA MARIA ALVES DO NASCIMENTO,AVANTE,Deputado Estadual,1,2018
0379,70567,ISABEL SILVA GASPAR DE MORAIS,AVANTE,Deputado Estadual,0,2018
0379,70570,EDIVALDO APARECIDO CORREA,AVANTE,Deputado Estadual,0,2018
0379,70577,EXPEDITO CARLOS DE SOUZA,AVANTE,Deputado Estadual,10,2018
0379,70600,CARLOS ALBERTO DE ARRUDA,AVANTE,Deputado Estadual,1,2018
0379,70610,AXEL GUILHERME BATTISSACCO LUZ,AVANTE,Deputado Estadual,0,2018
0379,70642,ALESSANDRO AMORIM DE OLIVEIRA,AVANTE,Deputado Estadual,0,2018
0379,70648,IDEVAL FUENTE ALBA,AVANTE,Deputado Estadual,0,2018
0379,70654,GUNTHER SCHWEITZER,AVANTE,Deputado Estadual,3,2018
0379,70657,CLAUDIO VITORINO DA SILVA,AVANTE,Deputado Estadual,0,2018
0379,70667,IVAN ALVES FERREIRA,AVANTE,Deputado Estadual,0,2018
0379,70670,WALTER PEREIRA FERREIRA,AVANTE,Deputado Estadual,5,2018
0379,70677,JOSÉ LUIZ DE ALMEIDA,AVANTE,Deputado Estadual,0,2018
0379,70678,ANTONIO GOMES DA SILVA,AVANTE,Deputado Estadual,0,2018
0379,70700,DANIEL ALVES REQUEJO,AVANTE,Deputado Estadual,0,2018
0379,70707,ORIVALDO ROBERTO OLIVEIRA DA SILVA,AVANTE,Deputado Estadual,0,2018
0379,70717,JOSÉ FERNANDO APPEZZATO,AVANTE,Deputado Estadual,0,2018
0379,70720,JOICE APARECIDA GOMES DA CRUZ,AVANTE,Deputado Estadual,0,2018
0379,70727,LUCIANE MACHADO DA CUNHA SOUZA,AVANTE,Deputado Estadual,0,2018
0379,70730,LIDIANNE BATISTA FERNANDES,AVANTE,Deputado Estadual,0,2018
0379,70737,MICHELLE APARECIDA LAFAIETE CORRÊA DOS SANTOS,AVANTE,Deputado Estadual,0,2018
0379,70747,ELIETE DE MIRANDA MACHADO,AVANTE,Deputado Estadual,0,2018
0379,70753,MARCO ANTONIO DA SILVA EVARISTO,AVANTE,Deputado Estadual,0,2018
0379,70757,PAULA VIVIAN DE MORAES,AVANTE,Deputado Estadual,0,2018
0379,70767,PEDRO PAULO DIAS DE ANDRADE,AVANTE,Deputado Estadual,0,2018
0379,70770,CAMILO DE LELES FERNANDES,AVANTE,Deputado Estadual,0,2018
0379,70777,CAMILA PINTO DA SILVA,AVANTE,Deputado Estadual,3,2018
0379,70778,JEAN CARLOS HERZOGENRATH DE BRITO,AVANTE,Deputado Estadual,0,2018
0379,70787,MARCOS AURÉLIO MONTEMOR JUNIOR,AVANTE,Deputado Estadual,0,2018
0379,70789,MARCOS EDUARDO RODRIGUES,AVANTE,Deputado Estadual,0,2018
0379,70797,VALDEMIR SILVA FERREIRA,AVANTE,Deputado Estadual,0,2018
0379,70800,MIGUEL CARMINE GIANETTI NETTO,AVANTE,Deputado Estadual,1,2018
0379,70870,CARLOS BARBOSA GUIMARÃES SANTOS,AVANTE,Deputado Estadual,0,2018
0379,70877,ANDERSON JOSÉ FRANCISCO,AVANTE,Deputado Estadual,0,2018
0379,70888,BEIJOMAR GOMES DE OLIVEIRA,AVANTE,Deputado Estadual,0,2018
0379,70956,LUIZ HENRIQUE CORONADO DA PAZ,AVANTE,Deputado Estadual,0,2018
0379,70966,ROSEMARIO MARTINS BERNADINO,AVANTE,Deputado Estadual,0,2018
0379,70970,PAULO LUIS BATISTA,AVANTE,Deputado Estadual,0,2018
0379,70977,PAULO TADEU MARTINS JUSSIO,AVANTE,Deputado Estadual,1,2018
0379,70987,LUCINEIDE DA CONCEIÇÃO LIMA,AVANTE,Deputado Estadual,138,2018
0379,70999,LEONARDO ALVES RIBEIRO,AVANTE,Deputado Estadual,3,2018
0379,77001,ADEMIR DA PENHA CLEMENTE,SOLIDARIEDADE,Deputado Estadual,4,2018
0379,77002,SIDNEY LUIZ DA CRUZ,SOLIDARIEDADE,Deputado Estadual,3,2018
0379,77020,OSVALDO NUNES PEREIRA,SOLIDARIEDADE,Deputado Estadual,0,2018
0379,77021,VIVIAN ALBUQUERQUE SÁ,SOLIDARIEDADE,Deputado Estadual,1,2018
0379,77063,MARIA LUISA FRANCO DE GODOY,SOLIDARIEDADE,Deputado Estadual,0,2018
0379,77077,ANDRÉ LUIS PALADINO,SOLIDARIEDADE,Deputado Estadual,0,2018
0379,77100,TELMA REGINA DA CUNHA GOBBI FRANCISCHONE,SOLIDARIEDADE,Deputado Estadual,2,2018
0379,77111,GERALDO PEREIRA DE OLIVEIRA,SOLIDARIEDADE,Deputado Estadual,3,2018
0379,77112,VERA LÚCIA ROSA DIAS,SOLIDARIEDADE,Deputado Estadual,0,2018
0379,77118,JOSÉ SEBASTIÃO DE OLIVEIRA,SOLIDARIEDADE,Deputado Estadual,0,2018
0379,77121,WAGNER RIBEIRO GOMES,SOLIDARIEDADE,Deputado Estadual,0,2018
0379,77123,DAVID MARTINS DE CARVALHO,SOLIDARIEDADE,Deputado Estadual,1,2018
0379,77135,EDILSON FERREIRA,SOLIDARIEDADE,Deputado Estadual,0,2018
0379,77138,TANIA CRISTINA MARTINS SILVA,SOLIDARIEDADE,Deputado Estadual,0,2018
0379,77144,VERA LÚCIA DONDA SIMPLÍCIO BENTO,SOLIDARIEDADE,Deputado Estadual,0,2018
0379,77147,GEORGES HABIB JARROUGE,SOLIDARIEDADE,Deputado Estadual,14,2018
0379,77154,FLORISA BATISTA DE ALMEIDA,SOLIDARIEDADE,Deputado Estadual,0,2018
0379,77160,MANOEL DONIZETTI CONCEIÇÃO,SOLIDARIEDADE,Deputado Estadual,0,2018
0379,77170,BENJAMIM DOS SANTOS CARVALHO,SOLIDARIEDADE,Deputado Estadual,0,2018
0379,77177,MARCIA CARDOSO PINTO,SOLIDARIEDADE,Deputado Estadual,0,2018
0379,77178,GERALDO RODRIGUES DE SOUZA,SOLIDARIEDADE,Deputado Estadual,0,2018
0379,77192,NIVALDO LUIS RODRIGUES,SOLIDARIEDADE,Deputado Estadual,1,2018
0379,77222,CARLOS GARCIA BALADO,SOLIDARIEDADE,Deputado Estadual,0,2018
0379,77242,NAURA BATISTA FRANÇA,SOLIDARIEDADE,Deputado Estadual,0,2018
0379,77250,ARACI DE OLIVEIRA,SOLIDARIEDADE,Deputado Estadual,0,2018
0379,77300,MARCELO BENEDITO DE ARAUJO,SOLIDARIEDADE,Deputado Estadual,0,2018
0379,77345,JOSE ROBERTO MENDONÇA,SOLIDARIEDADE,Deputado Estadual,4,2018
0379,77377,SÔNIA MARIA ESTEVES DOS SANTOS SOUSA,SOLIDARIEDADE,Deputado Estadual,5,2018
0379,77381,SANDRA ROSANA JERÔNIMO DE FRANÇA,SOLIDARIEDADE,Deputado Estadual,0,2018
0379,77400,GLEYSON FARNEY LIMA DIAS,SOLIDARIEDADE,Deputado Estadual,0,2018
0379,77407,ISABEL CRISTINA VIEIRA,SOLIDARIEDADE,Deputado Estadual,1,2018
0379,77416,ROBSON DUARTE DA COSTA,SOLIDARIEDADE,Deputado Estadual,0,2018
0379,77500,IVANETE ANTONIA DA COSTA,SOLIDARIEDADE,Deputado Estadual,0,2018
0379,77688,JOÃO BATISTA SILVA,SOLIDARIEDADE,Deputado Estadual,0,2018
0379,77690,ALEXANDRE MARTINS RICCI,SOLIDARIEDADE,Deputado Estadual,0,2018
0379,77700,EDISON DIAS JUNIOR,SOLIDARIEDADE,Deputado Estadual,3,2018
0379,77747,CARLOS VICENTE DE OLIVEIRA,SOLIDARIEDADE,Deputado Estadual,7,2018
0379,77771,JAILSON TORRES MACARIO,SOLIDARIEDADE,Deputado Estadual,0,2018
0379,77775,WESLEY RENATO BRAMBILLA GRACINO DE OLIVEIRA,SOLIDARIEDADE,Deputado Estadual,0,2018
0379,77777,ALEXANDRE PEREIRA DA SILVA,SOLIDARIEDADE,Deputado Estadual,43,2018
0379,77787,JOSÉ VELOZO,SOLIDARIEDADE,Deputado Estadual,0,2018
0379,77877,CLODOALDO MACIEL FILHO,SOLIDARIEDADE,Deputado Estadual,0,2018
0379,77880,MARIA NILVA SEVERINO GONÇALVES,SOLIDARIEDADE,Deputado Estadual,0,2018
0379,77888,NIELTON CARVALHO DE MATOS,SOLIDARIEDADE,Deputado Estadual,0,2018
0379,77889,DINÁ MARIA FERREIRA,SOLIDARIEDADE,Deputado Estadual,0,2018
0379,77890,JOSE DE AMORIM OLIVEIRA,SOLIDARIEDADE,Deputado Estadual,0,2018
0379,77900,DIEGO RODRIGO NEVES MAGALHÃES,SOLIDARIEDADE,Deputado Estadual,1,2018
0379,77987,ALINE MARIA DE MOURA,SOLIDARIEDADE,Deputado Estadual,3,2018
0379,77999,DENIZE JUNQUEIRA DE LIMA,SOLIDARIEDADE,Deputado Estadual,0,2018
0379,90000,IOANNIS EVANGELOS KATSAKIS,PROS,Deputado Estadual,5,2018
0379,90001,JOSELITO DE SOUSA LIMA,PROS,Deputado Estadual,2,2018
0379,90002,MARCELO PENHA DE SOUZA FERRAZ,PROS,Deputado Estadual,90,2018
0379,90003,ILMAR CÉSAR CAVALCANTI MUNIZ,PROS,Deputado Estadual,1,2018
0379,90004,SUELI HELENA RODRIGUES,PROS,Deputado Estadual,2,2018
0379,90006,ROSÂNGELA APARECIDA DE LIMA,PROS,Deputado Estadual,0,2018
0379,90009,LUCELENE LOPES,PROS,Deputado Estadual,3,2018
0379,90010,ELIANE MARESCALCHI BRITO,PROS,Deputado Estadual,0,2018
0379,90011,MARIA CRISTINA DE PAULA LEITE GOUVÊA,PROS,Deputado Estadual,0,2018
0379,90012,EDUARDO FERREIRA,PROS,Deputado Estadual,0,2018
0379,90013,JULIO HENRIQUE FLORENCIO DE MELO,PROS,Deputado Estadual,2,2018
0379,90015,GILBERTO PEREIRA DOS SANTOS,PROS,Deputado Estadual,1,2018
0379,90016,LUCAS DE FARIA NERY DANIEL,PROS,Deputado Estadual,0,2018
0379,90018,PEDRO APARECIDO TONETTI,PROS,Deputado Estadual,0,2018
0379,90019,AILTON JOSE DA SILVA,PROS,Deputado Estadual,3,2018
0379,90020,MARCOS GALESI,PROS,Deputado Estadual,0,2018
0379,90021,RUBENS MOREIRA DA SILVA,PROS,Deputado Estadual,0,2018
0379,90022,ALESSANDRA MATOS,PROS,Deputado Estadual,2,2018
0379,90024,BRAZ ANASTACIO DA SILVA,PROS,Deputado Estadual,0,2018
0379,90033,ANA MARIA SOUZA GONÇALVES,PROS,Deputado Estadual,0,2018
0379,90038,MAURICIO TEIXEIRA ALVES,PROS,Deputado Estadual,0,2018
0379,90040,APARECIDO SOUZA SANTOS,PROS,Deputado Estadual,315,2018
0379,90044,REGIANE MARA VEIGA ALONSO,PROS,Deputado Estadual,0,2018
0379,90045,VALQUIRIA ALVES MOREIRA,PROS,Deputado Estadual,0,2018
0379,90050,MARCOS CORREA,PROS,Deputado Estadual,0,2018
0379,90051,MARIA GORETTI AGUIAR ALENCAR,PROS,Deputado Estadual,4,2018
0379,90053,EVANDRO GIORA,PROS,Deputado Estadual,1,2018
0379,90068,SILVIO CEZAR FERRAIOLI,PROS,Deputado Estadual,0,2018
0379,90077,ANDREIA SANTINA CAPATTO,PROS,Deputado Estadual,0,2018
0379,90086,CAMILA CORREA TOLEDO,PROS,Deputado Estadual,0,2018
0379,90090,VALDENICE ANCELMO SOARES,PROS,Deputado Estadual,0,2018
0379,90095,EVERALDO JOSÉ DA SILVA,PROS,Deputado Estadual,0,2018
0379,90100,VALDEMIR SARTORI DA SILVA,PROS,Deputado Estadual,1,2018
0379,90107,EURICO GONÇALVES FILHO,PROS,Deputado Estadual,0,2018
0379,90110,MARCIO DOS SANTOS RODRIGUES,PROS,Deputado Estadual,1,2018
0379,90111,ANTONIO RODRIGUES DE SOUSA,PROS,Deputado Estadual,4,2018
0379,90112,JOSE BRITO CAVALCANTE FILHO,PROS,Deputado Estadual,0,2018
0379,90113,ROSEMEIRE RIBEIRO CASTILHO,PROS,Deputado Estadual,0,2018
0379,90115,ELIZABETH DUTRA DA SILVA,PROS,Deputado Estadual,0,2018
0379,90120,JOSÉ ALECXANDRO DA SILVA,PROS,Deputado Estadual,0,2018
0379,90121,RUTE SATIKO VIEIRA RIBEIRO,PROS,Deputado Estadual,1,2018
0379,90123,EZEQUIEL DE SOUZA DAMASCENO,PROS,Deputado Estadual,4,2018
0379,90128,DENIS AMBROSIO DA SILVA,PROS,Deputado Estadual,0,2018
0379,90130,EDNEI PROCÓPIO DOS SANTOS,PROS,Deputado Estadual,0,2018
0379,90131,ANTONIO MARCOS GOMES SENA,PROS,Deputado Estadual,0,2018
0379,90139,FLAVIO LOPES ALVES,PROS,Deputado Estadual,0,2018
0379,90144,JOSE ANTONIO DOS SANTOS,PROS,Deputado Estadual,0,2018
0379,90147,FLAVIO LUIZ EUGENIO BASTOS,PROS,Deputado Estadual,0,2018
0379,90158,RITA DE CASSIA DA SILVA VASCONCELOS,PROS,Deputado Estadual,0,2018
0379,90177,WILLAMS ALVES DA SILVA,PROS,Deputado Estadual,0,2018
0379,90181,ANTONIO CARLOS RENOR,PROS,Deputado Estadual,0,2018
0379,90188,LEANDRO LEME CAMARGO,PROS,Deputado Estadual,0,2018
0379,90190,ADRIANA SANCHES GALDEANO BORGO,PROS,Deputado Estadual,445,2018
0379,90192,FABIANO JOSE SANTOS LOURENÇO,PROS,Deputado Estadual,0,2018
0379,90193,GALENO ROSA,PROS,Deputado Estadual,0,2018
0379,90194,ANDRÉA MARIA DOS SANTOS,PROS,Deputado Estadual,3,2018
0379,90198,MARCIAL MARAJA MARCELINO,PROS,Deputado Estadual,1,2018
0379,90200,JOSE GARRIS DEL VALLE,PROS,Deputado Estadual,0,2018
0379,90204,LOURDES GENEROSO,PROS,Deputado Estadual,0,2018
0379,90211,VALDECIR MOREIRA DE BRITO,PROS,Deputado Estadual,0,2018
0379,90217,MARCOS DE AZEVEDO CARNEIRO,PROS,Deputado Estadual,0,2018
0379,90221,ANTONIO CARLOS PEREIRA DA SILVA,PROS,Deputado Estadual,0,2018
0379,90222,MARCELO PEREIRA GUIDIO,PROS,Deputado Estadual,0,2018
0379,90233,JOSE ROBERTO BEILSTREIN,PROS,Deputado Estadual,0,2018
0379,90235,EDSON FERRARINI,PROS,Deputado Estadual,7,2018
0379,90247,DÉBORA CRISTINA DA MOTA,PROS,Deputado Estadual,0,2018
0379,90281,ANDERSON OLIVEIRA DA SILVA,PROS,Deputado Estadual,0,2018
0379,90290,LUCIANA APARECIDA FRAGOSO DA SILVA,PROS,Deputado Estadual,0,2018
0379,90300,JOSE GOMES DE OLIVEIRA NETO,PROS,Deputado Estadual,0,2018
0379,90304,JOSEFA ALVES LEITE DOS SANTOS,PROS,Deputado Estadual,0,2018
0379,90312,WELINGTON ZACARIAS TISANO,PROS,Deputado Estadual,0,2018
0379,90321,BENEDITO AUGUSTO DOS SANTOS,PROS,Deputado Estadual,0,2018
0379,90322,GIVALDO JOSE DA SILVA,PROS,Deputado Estadual,0,2018
0379,90333,ROBERTO BASTOS DE OLIVEIRA JUNIOR,PROS,Deputado Estadual,2,2018
0379,90336,LUCAS JULIANO SUSCO,PROS,Deputado Estadual,0,2018
0379,90345,DAVID SANTANA DA SILVA,PROS,Deputado Estadual,0,2018
0379,90350,MARCELO DA SILVA,PROS,Deputado Estadual,1,2018
0379,90357,WALDMIRIAN WELLNER CRUZ,PROS,Deputado Estadual,0,2018
0379,90366,NELSON VALVERDE DIAS,PROS,Deputado Estadual,0,2018
0379,90367,EDNA APARECIDA DOS SANTOS,PROS,Deputado Estadual,0,2018
0379,90375,GILVAN APARECIDO FERNANDES ASNAR,PROS,Deputado Estadual,0,2018
0379,90378,GISLENE MEIRELES DOS SANTOS,PROS,Deputado Estadual,0,2018
0379,90390,RENATO DA SILVA,PROS,Deputado Estadual,0,2018
0379,90400,FATIMA APARECIDA FERREIRA,PROS,Deputado Estadual,1,2018
0379,90417,FABIO NASCIMENTO DE LIMA,PROS,Deputado Estadual,0,2018
0379,90420,ALESSANDRA MARTINS GONÇALVES,PROS,Deputado Estadual,2,2018
0379,90432,ELIFAS EUPHRASIO,PROS,Deputado Estadual,2,2018
0379,90440,DANIEL GIROTTO,PROS,Deputado Estadual,4,2018
0379,90444,VIRGINIA DE JESUS GONZALEZ,PROS,Deputado Estadual,0,2018
0379,90450,ROBSON DE OLIVEIRA,PROS,Deputado Estadual,0,2018
0379,90451,HARLEY HECTOR VICENTE,PROS,Deputado Estadual,0,2018
0379,90456,CARLOS HENRIQUE DOS SANTOS,PROS,Deputado Estadual,0,2018
0379,90457,SERGIO FORNAZARI,PROS,Deputado Estadual,0,2018
0379,90497,FABIOLA CARDI,PROS,Deputado Estadual,0,2018
0379,90500,SALOMAO PEREIRA DA SILVA,PROS,Deputado Estadual,5,2018
0379,90501,ALEXSSANDER DE OLIVEIRA,PROS,Deputado Estadual,0,2018
0379,90508,BENEDITA SUELI DE TOLEDO DIAS,PROS,Deputado Estadual,0,2018
0379,90511,KLEBER ADELIPIO BARROS SANTOS,PROS,Deputado Estadual,7,2018
0379,90523,CÉLIA BRITO GARCIA,PROS,Deputado Estadual,1,2018
0379,90531,MARIA DAS NEVES SILVA DE JESUS,PROS,Deputado Estadual,1,2018
0379,90543,MARCOS DE AZEVEDO,PROS,Deputado Estadual,0,2018
0379,90545,JOAQUIM GRACA NETO,PROS,Deputado Estadual,1,2018
0379,90550,BENEDITA DE CAMARGO,PROS,Deputado Estadual,2,2018
0379,90555,LERYANE MARQUES DE ARAUJO BLASZKOWSKI,PROS,Deputado Estadual,8,2018
0379,90567,CICERO FLORIANO PIRES ALVES,PROS,Deputado Estadual,0,2018
0379,90600,REGINALDO APARECIDO BATISTA,PROS,Deputado Estadual,0,2018
0379,90620,AMARO XIMENES DE MELO,PROS,Deputado Estadual,0,2018
0379,90633,LEANDRO VALDO DE ALMEIDA LIMA,PROS,Deputado Estadual,0,2018
0379,90666,HAMILTON ALVES FERNANDES,PROS,Deputado Estadual,9,2018
0379,90687,RUTH MARCELINA CAETANO UGUCIONE,PROS,Deputado Estadual,3,2018
0379,90690,SEBASTIAO CARLOS DA SILVA,PROS,Deputado Estadual,0,2018
0379,90693,VALDINEI FELIX DOS SANTOS,PROS,Deputado Estadual,0,2018
0379,90699,CRISTIANO PINTO FERREIRA,PROS,Deputado Estadual,2,2018
0379,90700,IDERNANI GOMES DO CARMO,PROS,Deputado Estadual,0,2018
0379,90741,GERSON DA CUNHA,PROS,Deputado Estadual,0,2018
0379,90764,ANDREA DUL,PROS,Deputado Estadual,7,2018
0379,90765,MARCOS ANTONIO PEREIRA DA SILVA,PROS,Deputado Estadual,0,2018
0379,90773,ALEX PAULO,PROS,Deputado Estadual,1,2018
0379,90777,MONICA BERBEL ROCHA,PROS,Deputado Estadual,0,2018
0379,90789,CELSO DE SOUZA FILHO,PROS,Deputado Estadual,0,2018
0379,90790,ADEILDO REIS DOS SANTOS,PROS,Deputado Estadual,15,2018
0379,90810,JOSE IDAILSON PEREIRA DOS SANTOS,PROS,Deputado Estadual,0,2018
0379,90822,HERALDO LOPES GUIMARÃES,PROS,Deputado Estadual,8,2018
0379,90852,CARLOS ALBERTO FIGUEIREDO SANTANA,PROS,Deputado Estadual,0,2018
0379,90888,WALDIR JOSE SCHIAVON JUNIOR,PROS,Deputado Estadual,0,2018
0379,90890,JEFFERSON RIPI DA SILVA,PROS,Deputado Estadual,1,2018
0379,90900,EDUARDO LUIZ GREGORIO,PROS,Deputado Estadual,3,2018
0379,90902,IDEVANIR ARCANJO DE SOUZA,PROS,Deputado Estadual,0,2018
0379,90909,JOSEFA CONCEICAO OLIVEIRA SILVA LABELA,PROS,Deputado Estadual,1,2018
0379,90910,GILSON APARECIDO ZANLUCHI,PROS,Deputado Estadual,3,2018
0379,90911,ROGÉRIO VALDECI DE LIMA,PROS,Deputado Estadual,0,2018
0379,90922,IRANILDO DANTAS,PROS,Deputado Estadual,0,2018
0379,90951,JULIANA GARCIA LORENCETTI,PROS,Deputado Estadual,0,2018
0379,90971,MARIA EVANGELISTA GOMES BATISTA,PROS,Deputado Estadual,0,2018
0379,90977,GIOVANI CORREIA DOS SANTOS,PROS,Deputado Estadual,0,2018
0379,90987,FABIO DO CARMO SANTOS,PROS,Deputado Estadual,0,2018
0379,90990,RICARDO LEITE,PROS,Deputado Estadual,1,2018
0379,90996,ISABEL CRISTINA DA SILVA CALDERONE,PROS,Deputado Estadual,0,2018
0379,90999,GIRLÊNIO GOMES DE OLIVEIRA,PROS,Deputado Estadual,1,2018
0380,10000,JORGE WILSON GONÇALVES DE MATTOS,PRB,Deputado Estadual,304,2018
0380,10005,MARCIA ROZANA FIDELIS,PRB,Deputado Estadual,1,2018
0380,10012,ONANCIARA RODRIGUES FERNANDEZ,PRB,Deputado Estadual,0,2018
0380,10100,AILDO RODRIGUES FERREIRA,PRB,Deputado Estadual,2,2018
0380,10101,HÉLIO APARECIDO DE GODOY,PRB,Deputado Estadual,1,2018
0380,10111,WELLINGTON DE SOUZA MOURA,PRB,Deputado Estadual,2,2018
0380,10123,GILMACI DOS SANTOS BARBOSA,PRB,Deputado Estadual,1078,2018
0380,10133,JOSÉ DOMINGOS BITTENCOURT,PRB,Deputado Estadual,3,2018
0380,10148,SILVIA CRISTINA ASPRINO SOARES,PRB,Deputado Estadual,0,2018
0380,10190,DAVID SEVERINO DA SILVA JUNIOR,PRB,Deputado Estadual,0,2018
0380,10200,ELIAS REZEK AJUB,PRB,Deputado Estadual,1,2018
0380,10300,LUCIANA GISELE DE OLIVEIRA ALVES DA SILVA,PRB,Deputado Estadual,1,2018
0380,10321,SEBASTIÃO DOS SANTOS FILHO,PRB,Deputado Estadual,15,2018
0380,10333,ALTAIR MORAES DE OLIVEIRA,PRB,Deputado Estadual,23,2018
0380,10444,MARCO AURÉLIO PEGOLO DOS SANTOS,PRB,Deputado Estadual,2,2018
0380,10456,EDNA BEZERRA SAMPAIO FERNANDES,PRB,Deputado Estadual,6,2018
0380,10500,MARCOS COUTO DOS SANTOS,PRB,Deputado Estadual,0,2018
0380,10555,MÁRCIO JOSÉ DE OLIVEIRA,PRB,Deputado Estadual,1,2018
0380,10600,WILLIAM NUNES AFFONSO,PRB,Deputado Estadual,3,2018
0380,10777,VALÉRIA APARECIDA MESSIAS LIMA,PRB,Deputado Estadual,34,2018
0380,10789,DAYANI APARECIDA ESCROQUE,PRB,Deputado Estadual,0,2018
0380,10900,VESPASIANO SAULO DA COSTA E SILVA,PRB,Deputado Estadual,1,2018
0380,10999,FRANCISCO JOSÉ LANG FERNANDES DE OLIVEIRA,PRB,Deputado Estadual,15,2018
0380,11000,KENNY PIRES MENDES,PP,Deputado Estadual,32,2018
0380,11011,EDUARDO BOIGUES QUEROZ,PP,Deputado Estadual,12,2018
0380,11012,VITO ARDITO LERÁRIO,PP,Deputado Estadual,0,2018
0380,11023,EDUARDO VIEIRA PETROV,PP,Deputado Estadual,0,2018
0380,11057,MARTA DE PAULA TEIXEIRA DI PIPI,PP,Deputado Estadual,6,2018
0380,11111,ANTONIO CARLOS ESPER CURIATI,PP,Deputado Estadual,39,2018
0380,11123,ALESSANDRA REGINA BEGALLI ZAMORA,PP,Deputado Estadual,454,2018
0380,11138,ROBERVAL CONTE LOPES LIMA,PP,Deputado Estadual,207,2018
0380,11190,PAULO ADRIANO LOPES LUCINDA TELHADA,PP,Deputado Estadual,747,2018
0380,11200,EDUARDO ROZ,PP,Deputado Estadual,52,2018
0380,11222,FABIO SARTORI MANFRINATO,PP,Deputado Estadual,8,2018
0380,11258,MARCIO APARECIDO MARTINS,PP,Deputado Estadual,4,2018
0380,11650,PAULO ROBERTO CECCHINATO,PP,Deputado Estadual,3,2018
0380,11777,ANTONIO ASSUNÇÃO DE OLIM,PP,Deputado Estadual,659,2018
0380,12000,GABRIEL CASSIANO CARVALHO NEVES FINZETTO,PDT,Deputado Estadual,62,2018
0380,12001,SOLANGE MARIA TEODORO,PDT,Deputado Estadual,3,2018
0380,12007,ROBSON APARECIDO PRIMO,PDT,Deputado Estadual,50,2018
0380,12011,ALEXANDRIA BUENO DA SILVA,PDT,Deputado Estadual,12,2018
0380,12012,MARINA LUIZA RODRIGUES MOLINA LOPES,PDT,Deputado Estadual,88,2018
0380,12022,RONALDO FLORIDO DE OLIVEIRA,PDT,Deputado Estadual,0,2018
0380,12051,RIVALDO APARECIDO DE OLIVEIRA,PDT,Deputado Estadual,2,2018
0380,12066,MAISA CARMAGNANI MESSIAS,PDT,Deputado Estadual,0,2018
0380,12077,RITA DE CASSIA SOUSA SANTOS,PDT,Deputado Estadual,0,2018
0380,12081,AUGUSTO CESAR CORREA NETO,PDT,Deputado Estadual,2,2018
0380,12091,VERA LUCIA RIBEIRO DOS REIS MORENO,PDT,Deputado Estadual,0,2018
0380,12100,DIMAS DE PAULA INACIO,PDT,Deputado Estadual,4,2018
0380,12111,SERGIO RICARDO GONÇALVES DA SILVA,PDT,Deputado Estadual,0,2018
0380,12113,OSMAR VILELA DOS SANTOS,PDT,Deputado Estadual,0,2018
0380,12118,ALEXANDRE REGINATO ACEDO,PDT,Deputado Estadual,8,2018
0380,12120,DILSON FRANCISCO FLORIANO,PDT,Deputado Estadual,3,2018
0380,12121,MARLI SILVA PEREIRA,PDT,Deputado Estadual,8,2018
0380,12122,ARI FRIEDENBACH,PDT,Deputado Estadual,14,2018
0380,12123,LUIZ DE MOURA PEREIRA,PDT,Deputado Estadual,13,2018
0380,12133,LUIZ VICENTE DA SILVA,PDT,Deputado Estadual,1,2018
0380,12177,GILVAN SANTOS SOUZA FILHO,PDT,Deputado Estadual,0,2018
0380,12181,JAAZIEL BISPO DOS SANTOS,PDT,Deputado Estadual,0,2018
0380,12190,APARECIDO CARLOS LEANDRO,PDT,Deputado Estadual,24,2018
0380,12193,GENILDO DANTAS DA SILVA,PDT,Deputado Estadual,0,2018
0380,12200,FRANCISCO CARLOS SILVEIRA LEITE,PDT,Deputado Estadual,6,2018
0380,12221,REGIA MARIA GOUVEIA SARMENTO,PDT,Deputado Estadual,2,2018
0380,12222,LUIZ EDUARDO ALMANÇA,PDT,Deputado Estadual,64,2018
0380,12258,ISMAEL DANTAS DE AMORIM FILHO,PDT,Deputado Estadual,2,2018
0380,12292,RUTHINEA DE CARVALHO,PDT,Deputado Estadual,0,2018
0380,12300,CLAUDIA APARECIDA BELTRAN DOS SANTOS,PDT,Deputado Estadual,2,2018
0380,12312,MARCIA APARECIDA MENDES,PDT,Deputado Estadual,2,2018
0380,12321,PEDRO ANTONIO BIGARDI,PDT,Deputado Estadual,10,2018
0380,12333,VALDOMIRO NUNES DE QUEIROS,PDT,Deputado Estadual,4,2018
0380,12340,JOSE SEBASTIAO FILHO,PDT,Deputado Estadual,0,2018
0380,12345,MARCIO MASSAMI NAKASHIMA,PDT,Deputado Estadual,66,2018
0380,12348,SERGIO LUIZ FARAUDE,PDT,Deputado Estadual,5,2018
0380,12360,UÉBER DEIVIDI DA SILVA,PDT,Deputado Estadual,0,2018
0380,12412,JOSUÉ BRIZOLA,PDT,Deputado Estadual,3,2018
0380,12424,MAHAYANA TACCARI,PDT,Deputado Estadual,3,2018
0380,12444,AGAMENON ALVES DA SILVA,PDT,Deputado Estadual,11,2018
0380,12446,ANA CRISTINA AUGUSTA DA SILVA ENCARNAÇÃO,PDT,Deputado Estadual,8,2018
0380,12450,ELIENE DA SILVA SANTOS,PDT,Deputado Estadual,3,2018
0380,12456,DIOGENES BRANCO DE ANDRADE,PDT,Deputado Estadual,1,2018
0380,12468,SIMONE APARECIDA FERREIRA,PDT,Deputado Estadual,0,2018
0380,12491,THIAGO DE LUCA SANT ANA RIBEIRO,PDT,Deputado Estadual,2,2018
0380,12500,JOSÉ DE PAULA SANTOS,PDT,Deputado Estadual,2,2018
0380,12512,VAGNER APARECIDO MALHEIROS,PDT,Deputado Estadual,9,2018
0380,12567,ANTONIO COSTA,PDT,Deputado Estadual,1,2018
0380,12569,SALVADOR RODRIGUES DE SOUZA,PDT,Deputado Estadual,0,2018
0380,12611,CAMILA VERONICA SPERANDIO DE ALMEIDA,PDT,Deputado Estadual,0,2018
0380,12612,LIZETE MARIA CORREA VALLEJO MORALES,PDT,Deputado Estadual,0,2018
0380,12622,SANDRA MARIA DOS SANTOS,PDT,Deputado Estadual,0,2018
0380,12628,CINTIA APARECIDA DE MATOS,PDT,Deputado Estadual,3,2018
0380,12640,JOSÉ MARCIO DE SOUZA CANDIDO,PDT,Deputado Estadual,3,2018
0380,12689,PAULO VICTOR NOVAES,PDT,Deputado Estadual,0,2018
0380,12712,HERNANI JOSÉ BARRETO DA SILVA,PDT,Deputado Estadual,1,2018
0380,12767,STELLA TAVARES MACHADO,PDT,Deputado Estadual,4,2018
0380,12777,THYAGO CEZAR,PDT,Deputado Estadual,2,2018
0380,12789,PAULO ALVES PEREIRA,PDT,Deputado Estadual,0,2018
0380,12800,MIGUEL FRANCISCO DE LIMA,PDT,Deputado Estadual,7,2018
0380,12812,ALLAN RODRIGO ALVES,PDT,Deputado Estadual,20,2018
0380,12900,MANOEL JOSÉ DE ALENCAR FILHO,PDT,Deputado Estadual,0,2018
0380,12999,ADENILSON APARECIDO BARBOSA,PDT,Deputado Estadual,2,2018
0380,13001,PEDRO TOURINHO DE SIQUEIRA,PT,Deputado Estadual,2440,2018
0380,13002,ANTONIO AUGUSTO PORTO,PT,Deputado Estadual,3,2018
0380,13003,ANA LIDIA DE OLIVEIRA AGUIAR,PT,Deputado Estadual,59,2018
0380,13005,NOEMIA BENTO DE OLIVEIRA,PT,Deputado Estadual,5,2018
0380,13007,EDIVALDO DE OLIVEIRA LIMA,PT,Deputado Estadual,0,2018
0380,13008,JOAQUIM MISAEL DA SILVA,PT,Deputado Estadual,1,2018
0380,13009,VALQUIRIA JUSTINO,PT,Deputado Estadual,0,2018
0380,13011,MARIO MAURICI DE LIMA MORAIS,PT,Deputado Estadual,8,2018
0380,13015,CLAUDILSON LEITE PEREIRA,PT,Deputado Estadual,0,2018
0380,13016,ROBERTO SAMPAIO GÂNDARA JÚNIOR,PT,Deputado Estadual,7,2018
0380,13021,SIMONE DINIZ DI STADIO DE ARAUJO,PT,Deputado Estadual,1,2018
0380,13066,ADELIA OLIVEIRA DE FARIAS,PT,Deputado Estadual,39,2018
0380,13068,MARCELO PEDROSO DE OLIVEIRA,PT,Deputado Estadual,1,2018
0380,13090,WANDA DE OLIVEIRA FERREIRA,PT,Deputado Estadual,2,2018
0380,13100,GARRY DERALUS,PT,Deputado Estadual,9,2018
0380,13110,TEONILIO MONTEIRO DA COSTA,PT,Deputado Estadual,0,2018
0380,13111,NORMANDO COSTA DE ANDRADE FILHO,PT,Deputado Estadual,9,2018
0380,13113,MARCIA APARECIDA OVEJANEDA LIA,PT,Deputado Estadual,27,2018
0380,13114,ENIO FRANCISCO TATTO,PT,Deputado Estadual,46,2018
0380,13116,NORMACI SOUSA SAMPAIO,PT,Deputado Estadual,4,2018
0380,13119,MARIA DOS ANJOS SOARES MIRANDA,PT,Deputado Estadual,0,2018
0380,13121,EUGENIO SAID,PT,Deputado Estadual,4,2018
0380,13122,JOSÉ CARLOS DE AQUINO,PT,Deputado Estadual,6,2018
0380,13123,MARIA IZABEL AZEVEDO NORONHA,PT,Deputado Estadual,191,2018
0380,13124,MARIA IZABEL BEZERRA DE SÁ,PT,Deputado Estadual,7,2018
0380,13131,EMIDIO PEREIRA DE SOUZA,PT,Deputado Estadual,81,2018
0380,13133,ALEX SANDRO GOMES,PT,Deputado Estadual,24,2018
0380,13134,LUIZ FERNANDO TEIXEIRA FERREIRA,PT,Deputado Estadual,7,2018
0380,13136,CÁSSIA APARECIDA JACINTHO LACERDA,PT,Deputado Estadual,4,2018
0380,13138,EDINALVA SILVA FRANCO,PT,Deputado Estadual,6,2018
0380,13139,SERGIO RIBEIRO SILVA,PT,Deputado Estadual,20,2018
0380,13140,JOSE AMERICO ASCENCIO DIAS,PT,Deputado Estadual,34,2018
0380,13147,GERALDO LEITE DA CRUZ,PT,Deputado Estadual,2,2018
0380,13192,ANTONIO ROBERTO DE SOUZA,PT,Deputado Estadual,1,2018
0380,13199,ANTONIO MENTOR DE MELLO SOBRINHO,PT,Deputado Estadual,205,2018
0380,13200,WAGNER OCIMAR BALIEIRO,PT,Deputado Estadual,7,2018
0380,13213,SIDNEI LUIZ MENESES ROSA,PT,Deputado Estadual,4,2018
0380,13222,ADRIANO DIOGO,PT,Deputado Estadual,33,2018
0380,13223,JOZY ELLEN DIAS SOUZA DE LEMOS,PT,Deputado Estadual,2,2018
0380,13232,JUCIMÁRIO GALDINO BARBOSA,PT,Deputado Estadual,0,2018
0380,13249,ELENITA DO CARMO OLIVEIRA MARTINS,PT,Deputado Estadual,0,2018
0380,13290,HAMILTON PEREIRA,PT,Deputado Estadual,6,2018
0380,13300,CLAUDIO MARQUES DA SILVA,PT,Deputado Estadual,3,2018
0380,13310,LUIZ CLAUDIO MARCOLINO,PT,Deputado Estadual,16,2018
0380,13313,RENATO MORENI AIRES DA SILVA,PT,Deputado Estadual,6,2018
0380,13321,HERIVELTO DOS SANTOS MORAES,PT,Deputado Estadual,1,2018
0380,13331,RAIMUNDO BERNARDINO DO NASCIMENTO,PT,Deputado Estadual,3,2018
0380,13333,ROBERTA MOREIRA LUCHSINGER,PT,Deputado Estadual,19,2018
0380,13356,MOHAMAD SAMI EL KADRI,PT,Deputado Estadual,5,2018
0380,13367,AILTON FRANCISCO CABRAL,PT,Deputado Estadual,7,2018
0380,13410,MARLEIDE SOARES DA SILVA,PT,Deputado Estadual,0,2018
0380,13444,JOÃO BATISTA PINHEIRO SANTOS FILHO,PT,Deputado Estadual,3,2018
0380,13456,ELISABETH SAHÃO,PT,Deputado Estadual,29,2018
0380,13500,LUZIA JOSÉ DOS SANTOS VECCHIATTI,PT,Deputado Estadual,11,2018
0380,13513,ALOISIO GAMA DE SANTANA,PT,Deputado Estadual,8,2018
0380,13555,SIMÃO PEDRO CHIOVETTI,PT,Deputado Estadual,12,2018
0380,13560,LUIZ FERNANDO STOPPA,PT,Deputado Estadual,5,2018
0380,13562,MIRLEI ANTONIO CASALE,PT,Deputado Estadual,3,2018
0380,13565,MARIA DA PENHA SOUZA,PT,Deputado Estadual,0,2018
0380,13570,ALESSANDRA TRINDADE SHIMOMOTO,PT,Deputado Estadual,20,2018
0380,13578,EDILEIDI CANETE RAMOS,PT,Deputado Estadual,3,2018
0380,13587,DEUSDETE ALVES DE ASSUNÇÃO,PT,Deputado Estadual,0,2018
0380,13613,PAULO ROBERTO FIORILO,PT,Deputado Estadual,4,2018
0380,13633,AGNELO DA SILVA MATOS NETO,PT,Deputado Estadual,9,2018
0380,13640,VERA LÚCIA RODRIGUES DE FARIA,PT,Deputado Estadual,157,2018
0380,13644,RENATO BISPO CAROBA,PT,Deputado Estadual,0,2018
0380,13666,ANDRÉ LUIZ COSTA DE OLIVEIRA,PT,Deputado Estadual,6,2018
0380,13670,EDMILSON SOUZA SANTOS,PT,Deputado Estadual,37,2018
0380,13678,ROSA MARIA CHIQUETTO,PT,Deputado Estadual,1,2018
0380,13688,ENI FERNANDES,PT,Deputado Estadual,5,2018
0380,13690,LUIZ MARTINO TURCO,PT,Deputado Estadual,5,2018
0380,13696,ALEXANDRE BREVIGLIERI ALVES CASTILHO,PT,Deputado Estadual,49,2018
0380,13707,ABDAEL AMBRUSTER,PT,Deputado Estadual,3,2018
0380,13711,ORLANDO MAURÍCIO JÚNIOR,PT,Deputado Estadual,8,2018
0380,13713,FABIANO GREGÓRIO,PT,Deputado Estadual,1,2018
0380,13741,TELMA FORTUNATO DA SILVA SANT ANNA,PT,Deputado Estadual,2,2018
0380,13770,ANGELA CAMARGO SPINELI,PT,Deputado Estadual,14,2018
0380,13777,CLAUDIO APARECIDO DA SILVA,PT,Deputado Estadual,4,2018
0380,13778,PEDRO FELIPE JACYNTHO DOS SANTOS,PT,Deputado Estadual,0,2018
0380,13789,MARCELO SAMUEL DA COSTA,PT,Deputado Estadual,2,2018
0380,13800,JORGE DO CARMO SILVA,PT,Deputado Estadual,4,2018
0380,13813,RENATO SIMOES,PT,Deputado Estadual,1116,2018
0380,13888,JOSILDA DE ARAÚJO CABRAL DO NASCIMENTO,PT,Deputado Estadual,8,2018
0380,13890,EDSON PEREIRA CAMPOS,PT,Deputado Estadual,0,2018
0380,13900,EDISON LUÍS ALVES,PT,Deputado Estadual,4,2018
0380,13913,CÁSSIA GONÇALVES DE JESUS,PT,Deputado Estadual,6,2018
0380,13933,EDUARDO DIAS DA CUNHA,PT,Deputado Estadual,2,2018
0380,13999,CARLOS ALBERTO PLETZ NEDER,PT,Deputado Estadual,41,2018
0380,14007,ALESSANDRO RIOS CONFORTI,PTB,Deputado Estadual,0,2018
0380,14014,WELINGTON APARECIDO ALFREDO,PTB,Deputado Estadual,1,2018
0380,14040,RICARDO MANOEL DE ALMEIDA,PTB,Deputado Estadual,5,2018
0380,14045,LUCIMAR FREIRE DE ALMEIDA SILVA,PTB,Deputado Estadual,0,2018
0380,14100,MARINISIA TUROLI FERNANDES DA SILVA,PTB,Deputado Estadual,1,2018
0380,14111,EDILSON GUARNIERI,PTB,Deputado Estadual,16,2018
0380,14123,JOSE NERIVAN DA SILVA,PTB,Deputado Estadual,3,2018
0380,14140,ANTONIO CARLOS DE CAMPOS MACHADO,PTB,Deputado Estadual,198,2018
0380,14145,MARIA TERESA DA SILVA LATTARI,PTB,Deputado Estadual,0,2018
0380,14160,ROQUE BARBIERE,PTB,Deputado Estadual,27,2018
0380,14190,MARCOS ROGERIO MANTEIGA,PTB,Deputado Estadual,12,2018
0380,14222,ERICA VANESSA MANTOVANI,PTB,Deputado Estadual,2,2018
0380,14234,CARLOS BRUMER RODRIGUES,PTB,Deputado Estadual,3,2018
0380,14333,JONAS FERNANDES CASTRO,PTB,Deputado Estadual,0,2018
0380,14340,CAROLINE DO AMPARO CERQUEIRA,PTB,Deputado Estadual,2,2018
0380,14345,CÉSAR RAMOS DA COSTA,PTB,Deputado Estadual,0,2018
0380,14400,JAQUELINE LILIAN BARCELOS COUTINHO,PTB,Deputado Estadual,2,2018
0380,14444,ANTONIO JOAQUIM FERNANDES,PTB,Deputado Estadual,31,2018
0380,14500,MARIA DAS GRAÇAS FERREIRA DE MACEDO,PTB,Deputado Estadual,2,2018
0380,14540,ANDREIA CARVALHO DE SOUZA,PTB,Deputado Estadual,0,2018
0380,14555,MARCO ANTONIO BITTENCOURT NOGUEIRA COBRA,PTB,Deputado Estadual,6,2018
0380,14600,LUCIENE CARVALHO CHALET FERREIRA,PTB,Deputado Estadual,0,2018
0380,14777,LUIZ CARLOS GONDIM TEIXEIRA,PTB,Deputado Estadual,12,2018
0380,15000,JORGE LUIS CARUSO,MDB,Deputado Estadual,105,2018
0380,15002,GLAUCIA ESTELA CAMARGO,MDB,Deputado Estadual,3,2018
0380,15005,SANDRA DIAS TAVARES CINTRA,MDB,Deputado Estadual,35,2018
0380,15007,JOÃO ALBERTO CORRÊA,MDB,Deputado Estadual,1,2018
0380,15009,GILBERTO FRANCISCO DE AQUINO,MDB,Deputado Estadual,1,2018
0380,15010,LUIZ FERNANDO RICCETTO,MDB,Deputado Estadual,1,2018
0380,15013,ZAIRA AMARAL ALVES DE ABREU,MDB,Deputado Estadual,0,2018
0380,15015,ENYO DAURO LEPOS CORREIA,MDB,Deputado Estadual,4,2018
0380,15018,ELIEL JUNQUEIRA FERNANDES,MDB,Deputado Estadual,0,2018
0380,15021,LUIZ MANOEL FRANCISCO,MDB,Deputado Estadual,11,2018
0380,15022,ANGELA OROSCO DE MELO,MDB,Deputado Estadual,15,2018
0380,15023,EDSON COELHO ARAUJO FILHO,MDB,Deputado Estadual,4,2018
0380,15044,CLAYTON GUIMARAES DE ALMEIDA,MDB,Deputado Estadual,0,2018
0380,15051,LEONARDO FRANCISCO SAMPAIO DE SOUZA FILHO,MDB,Deputado Estadual,13,2018
0380,15055,DALVA NEIDE MAGNANI SCHIEZARI,MDB,Deputado Estadual,0,2018
0380,15056,FERNANDO GARCIA IZQUIERDO,MDB,Deputado Estadual,0,2018
0380,15072,ALEXANDRE EURÍPEDES DOS SANTOS,MDB,Deputado Estadual,8,2018
0380,15074,JOSE PAIM ANUNCIAÇÃO FILHO,MDB,Deputado Estadual,0,2018
0380,15077,KELLY VESCO MOZZONE,MDB,Deputado Estadual,0,2018
0380,15078,JOSÉ BERNARDO ALVES,MDB,Deputado Estadual,0,2018
0380,15088,GENIVAL FRANCISCO DOS SANTOS,MDB,Deputado Estadual,0,2018
0380,15091,ROBSON LUIS MARTUCHI,MDB,Deputado Estadual,0,2018
0380,15097,CELINA RODRIGUES LOPES,MDB,Deputado Estadual,0,2018
0380,15099,FLAVIO DE SOUZA SILVEIRA,MDB,Deputado Estadual,120,2018
0380,15100,WALTER VICIONI GONÇALVES,MDB,Deputado Estadual,118,2018
0380,15110,RICARDO JOSÉ RUSSOMANNO AZEVEDO SOBRINHO,MDB,Deputado Estadual,4,2018
0380,15111,CRISTIANE FRIOLIM DAMASCENO,MDB,Deputado Estadual,6,2018
0380,15113,ADRIANA PAULA HORTENCIANO,MDB,Deputado Estadual,9,2018
0380,15115,SANZIO RODRIGUES DA SILVA,MDB,Deputado Estadual,14,2018
0380,15123,OCIMAR DONIZETI LEO OLIVEIRA,MDB,Deputado Estadual,8,2018
0380,15154,RAFAEL LUIZ PAVARINI DE CAMARGO,MDB,Deputado Estadual,9,2018
0380,15155,MIGUEL ARCANJO DE SOUSA,MDB,Deputado Estadual,5,2018
0380,15180,RENATA DE OLIVEIRA COELHO,MDB,Deputado Estadual,0,2018
0380,15190,ALEXANDRE PIMENTA ARAUJO,MDB,Deputado Estadual,3,2018
0380,15200,MARCOS DANIEL GOMES DE SOUSA,MDB,Deputado Estadual,2,2018
0380,15215,CLEONICE REGINALDA FURQUIM,MDB,Deputado Estadual,2,2018
0380,15236,ELAINE SILVEIRA NEVES,MDB,Deputado Estadual,1,2018
0380,15300,ITAMAR FRANCISCO MACHADO BORGES,MDB,Deputado Estadual,69,2018
0380,15315,DILSON DIAS RIBEIRO,MDB,Deputado Estadual,0,2018
0380,15345,ETELVINO CAETANO DA SILVA,MDB,Deputado Estadual,0,2018
0380,15355,FELIPE MARTINS GONÇALVES DA CUNHA,MDB,Deputado Estadual,2,2018
0380,15500,MARIA DO CARMO GUILHERME,MDB,Deputado Estadual,12,2018
0380,15511,VLADIMIR UDILOFF,MDB,Deputado Estadual,0,2018
0380,15515,NEHEMIAS DOMINGOS DE MELO,MDB,Deputado Estadual,5,2018
0380,15555,JULIANO JUN ABE,MDB,Deputado Estadual,14,2018
0380,15556,VALÉRIA BENTO,MDB,Deputado Estadual,2,2018
0380,15588,APARECIDO SARAIVA DA ROCHA,MDB,Deputado Estadual,6,2018
0380,15600,ISABEL KAUSZ DOS REIS,MDB,Deputado Estadual,4,2018
0380,15601,MARCOS LEANDRO GOMES VIEIRA,MDB,Deputado Estadual,0,2018
0380,15605,FERNANDO LUIZ ISOPPO PETITI,MDB,Deputado Estadual,0,2018
0380,15613,ANDRÉA CRISTINA FERREIRA DE LEMOS SILVA,MDB,Deputado Estadual,0,2018
0380,15622,JOOJI HATO,MDB,Deputado Estadual,52,2018
0380,15678,MARIA DAS GRAÇAS DOS SANTOS,MDB,Deputado Estadual,1,2018
0380,15698,MARTA HELENA FERREIRA BARBOSA,MDB,Deputado Estadual,0,2018
0380,15777,DAURY DE PAULA JÚNIOR,MDB,Deputado Estadual,0,2018
0380,15863,TATIANE DA CRUZ,MDB,Deputado Estadual,4,2018
0380,15888,RICARDO LOURENÇO DO CARMO,MDB,Deputado Estadual,0,2018
0380,15999,ANGELO ANTONIO BUCIOLOTI,MDB,Deputado Estadual,1,2018
0380,16001,ABEL BARRETO,PSTU,Deputado Estadual,10,2018
0380,16002,ANDRESSA CHAVES DA SILVA,PSTU,Deputado Estadual,1,2018
0380,16006,EDINOEL CARVALHO VEIGA,PSTU,Deputado Estadual,0,2018
0380,16016,MARISA DOS SANTOS MENDES,PSTU,Deputado Estadual,0,2018
0380,16026,JOSE DE ARIMATEA PAIVA NUNES,PSTU,Deputado Estadual,0,2018
0380,16036,EUGÊNIO MARIA DUARTE,PSTU,Deputado Estadual,0,2018
0380,16100,SILVANA MARIA DA SILVA,PSTU,Deputado Estadual,0,2018
0380,16107,RAQUEL DE PAULA,PSTU,Deputado Estadual,0,2018
0380,16111,CARLOS AUGUSTO DO NASCIMENTO LEAL,PSTU,Deputado Estadual,0,2018
0380,16116,JOSE ADELMO LEITE,PSTU,Deputado Estadual,0,2018
0380,16123,GABRIELA GUERRERO ARIONE,PSTU,Deputado Estadual,0,2018
0380,16200,NILSON FERREIRA LEITE,PSTU,Deputado Estadual,0,2018
0380,16234,EVELINE GUIMARÃES,PSTU,Deputado Estadual,1,2018
0380,16235,LEANDRO JOSÉ DE SOUZA DUQUE,PSTU,Deputado Estadual,0,2018
0380,16300,MICHELI SOUZA DA SILVA,PSTU,Deputado Estadual,3,2018
0380,16316,IVANCI VIEIRA DOS SANTOS,PSTU,Deputado Estadual,0,2018
0380,16400,CLEUSA APARECIDA DA TRINDADE,PSTU,Deputado Estadual,0,2018
0380,16461,FERNANDO DE SOUZA,PSTU,Deputado Estadual,3,2018
0380,16500,NOURIVAL CARDOSO SANTANA,PSTU,Deputado Estadual,0,2018
0380,16600,SANDRA DE MOURA CLEMENTINO DA SILVA,PSTU,Deputado Estadual,0,2018
0380,16666,JOSE DIAS DE FREITAS JUNIOR,PSTU,Deputado Estadual,15,2018
0380,16789,ELLEN RUIZ,PSTU,Deputado Estadual,0,2018
0380,16800,MARIO CÉSAR BARBOSA CONCEIÇÃO,PSTU,Deputado Estadual,1,2018
0380,17000,DIMAS MECCA SAMPAIO,PSL,Deputado Estadual,779,2018
0380,17001,GABRIEL ROCHA MAZZALI,PSL,Deputado Estadual,52,2018
0380,17002,RICARDO SICCHIERO,PSL,Deputado Estadual,12,2018
0380,17005,MILTON LUIZ GEBIN CARDOSO,PSL,Deputado Estadual,6,2018
0380,17007,DANILO MASCARENHAS DE BALAS,PSL,Deputado Estadual,97,2018
0380,17008,EDUARDO FRANCISCO DE MELO,PSL,Deputado Estadual,5,2018
0380,17009,NATANAEL FRANCISCO DA SILVA,PSL,Deputado Estadual,0,2018
0380,17010,AGUSTIN FRANCISCO CARBALLO,PSL,Deputado Estadual,27,2018
0380,17011,PAULO SERGIO MOREIRA MELLO,PSL,Deputado Estadual,10,2018
0380,17012,WILSON CLAUDIO DE OLIVEIRA,PSL,Deputado Estadual,14,2018
0380,17013,ANDREA SEIXAS,PSL,Deputado Estadual,13,2018
0380,17015,CLAUDETE MARIA MARTINS,PSL,Deputado Estadual,1,2018
0380,17017,MARCO ANTONIO CASALE,PSL,Deputado Estadual,20,2018
0380,17018,HAROLDO DE SÁ QUARTIM BARBOSA FILHO,PSL,Deputado Estadual,5,2018
0380,17021,ANTONIO APARECIDO DELAFINA,PSL,Deputado Estadual,30,2018
0380,17022,VANESSA ALVES NASCIMENTO,PSL,Deputado Estadual,11,2018
0380,17025,VALDEMIRO PATRICIO GOMES FILHO,PSL,Deputado Estadual,175,2018
0380,17027,VICTOR FERNANDES PEREIRA PANCHORRA,PSL,Deputado Estadual,5,2018
0380,17029,MORENO FELIX CORDEIRO,PSL,Deputado Estadual,0,2018
0380,17032,VÂNIA REGINA DE ALMEIDA,PSL,Deputado Estadual,1,2018
0380,17033,PAULO ROBERTO DIAS PEREIRA,PSL,Deputado Estadual,1,2018
0380,17034,VERUSKA RODRIGUES DA SILVA,PSL,Deputado Estadual,4,2018
0380,17037,ALEXANDRO DOS SANTOS TIMÓTEO,PSL,Deputado Estadual,5,2018
0380,17040,LUIZ CARLOS DE PAULA,PSL,Deputado Estadual,18,2018
0380,17046,LUANA RIBEIRO MIRANDA MASSUIA,PSL,Deputado Estadual,1,2018
0380,17050,CLAUDINEI FERREIRA SOARES,PSL,Deputado Estadual,7,2018
0380,17051,EMERSON ZOCCHI,PSL,Deputado Estadual,0,2018
0380,17054,JEFFERSON DE MORAES CAMPOS,PSL,Deputado Estadual,1,2018
0380,17059,JULIO CÉSAR MARTINS CASARIN,PSL,Deputado Estadual,1,2018
0380,17062,MANOEL SANTOS ROCHA,PSL,Deputado Estadual,2,2018
0380,17064,DOUGLAS GARCIA BISPO DOS SANTOS,PSL,Deputado Estadual,476,2018
0380,17067,OSCAR CASTELO BRANCO DE LUCA,PSL,Deputado Estadual,314,2018
0380,17070,BRUNO MARCELLO DE OLIVEIRA LIMA,PSL,Deputado Estadual,367,2018
0380,17071,ROBSON CLEITON DE AMORIM LUCENA,PSL,Deputado Estadual,1,2018
0380,17072,RODRIGO DE ABREU OLIVEIRA,PSL,Deputado Estadual,0,2018
0380,17073,RONALDO FORMIGÃO,PSL,Deputado Estadual,0,2018
0380,17074,RODRIGO JENSON DE OLIVEIRA,PSL,Deputado Estadual,2,2018
0380,17075,WAGNER DE OLIVEIRA,PSL,Deputado Estadual,1,2018
0380,17077,CAIO TOSHIO TAKEDA,PSL,Deputado Estadual,12,2018
0380,17079,ADALBERTO GODOY FREITAS,PSL,Deputado Estadual,124,2018
0380,17083,MARCIO ANTONIO PELEGE THOMAZINI,PSL,Deputado Estadual,0,2018
0380,17085,BIANCA CASALE,PSL,Deputado Estadual,4,2018
0380,17086,CLOVIS FERREIRA DOS REIS JUNIOR,PSL,Deputado Estadual,18,2018
0380,17088,BRUNO CAMILO DA SILVA,PSL,Deputado Estadual,1,2018
0380,17096,ROSANA TESSITORI,PSL,Deputado Estadual,0,2018
0380,17102,FABIANA DE CARVALHO MARINHO,PSL,Deputado Estadual,30,2018
0380,17111,FREDERICO BRAUN D AVILA,PSL,Deputado Estadual,77,2018
0380,17117,JOSÉ DE LIMA OLIVEIRA JUNIOR,PSL,Deputado Estadual,9,2018
0380,17120,GILDEVANIO ILSO DOS SANTOS DINIZ,PSL,Deputado Estadual,1081,2018
0380,17123,DANIELA ANCHÃO BRAGA,PSL,Deputado Estadual,28,2018
0380,17124,ADRIELE DOS SANTOS NASCIMENTO COSTA,PSL,Deputado Estadual,26,2018
0380,17135,HAMILTON DIAS MENEZES,PSL,Deputado Estadual,1,2018
0380,17153,ROBERTO FIGUEIREDO JUNIOR,PSL,Deputado Estadual,1,2018
0380,17181,EDSON MIGUEL DA SILVA,PSL,Deputado Estadual,26,2018
0380,17187,AGEU DA CRUZ ALMEIDA,PSL,Deputado Estadual,24,2018
0380,17190,PAULO NISHIKAWA,PSL,Deputado Estadual,138,2018
0380,17193,MARIO ANTONIO PIRES MORO,PSL,Deputado Estadual,37,2018
0380,17195,ANDRÉ LUIS SIQUEIRA,PSL,Deputado Estadual,6,2018
0380,17196,ALEIXO ANDRE MANOEL NETO,PSL,Deputado Estadual,9,2018
0380,17200,JULIO CÉSAR FRANCISCO,PSL,Deputado Estadual,38,2018
0380,17201,ALESSANDRA RUDOLPHO STRINGHETA BARBOSA,PSL,Deputado Estadual,16,2018
0380,17202,CLEONICE APARECIDA PEREIRA DA SILVA,PSL,Deputado Estadual,5,2018
0380,17203,DANIELLI FERNANDA SIQUEIRA,PSL,Deputado Estadual,1,2018
0380,17204,FABIO DUARTE JOANA,PSL,Deputado Estadual,2,2018
0380,17205,IVANI CARVALHO SHEWCHENKO,PSL,Deputado Estadual,4,2018
0380,17206,JOELMA MAXICIMA DA FONSECA,PSL,Deputado Estadual,0,2018
0380,17207,KELLY DOS SANTOS BRITO,PSL,Deputado Estadual,5,2018
0380,17208,LEOCADIA DE CASTRO,PSL,Deputado Estadual,1,2018
0380,17209,MARCOS MORAES DOS SANTOS,PSL,Deputado Estadual,77,2018
0380,17217,ALOISIO BUENO,PSL,Deputado Estadual,21,2018
0380,17218,CARMELIDIA BERTOLA,PSL,Deputado Estadual,23,2018
0380,17222,CALIL JOSÉ BADIN VIEIRA,PSL,Deputado Estadual,58,2018
0380,17243,JULIO CÉSAR MORENO LEAL,PSL,Deputado Estadual,1,2018
0380,17257,SERGIO GRESSENS BRANDÃO,PSL,Deputado Estadual,2,2018
0380,17288,CRISTINA ALVES DE GODOY,PSL,Deputado Estadual,33,2018
0380,17290,CLEMILTON ALVES DA SILVA,PSL,Deputado Estadual,148,2018
0380,17291,AILTON JOSÉ DOS SANTOS,PSL,Deputado Estadual,4,2018
0380,17300,TELMA ANGELICA MARIA CHRISTIANSEN,PSL,Deputado Estadual,13,2018
0380,17317,JANAINA CONCEIÇÃO PASCHOAL,PSL,Deputado Estadual,14108,2018
0380,17321,LUIS ANTONIO DE LIMA CLEMENTE,PSL,Deputado Estadual,3,2018
0380,17330,JOSÉ DE SOUZA JUNIOR,PSL,Deputado Estadual,3,2018
0380,17333,ALEXANDRE SAID BUSSAB,PSL,Deputado Estadual,18,2018
0380,17334,LAURO LISBOA FILHO,PSL,Deputado Estadual,1,2018
0380,17345,MARTA MAITÊ SEVILLANO,PSL,Deputado Estadual,8,2018
0380,17400,JOSÉ EDILSON DE SOUZA,PSL,Deputado Estadual,4,2018
0380,17441,MEIRE LOPES,PSL,Deputado Estadual,5,2018
0380,17444,EVERTON LUIZ FERNANDES SODARIO RAIMUNDO,PSL,Deputado Estadual,12,2018
0380,17500,LETICIA AGUIAR RESENDE ALVES,PSL,Deputado Estadual,99,2018
0380,17555,RICARDO AZEVEDO DA SILVA,PSL,Deputado Estadual,53,2018
0380,17600,MARCOS FERNANDO PORTELLA FONTES,PSL,Deputado Estadual,9,2018
0380,17667,VALERIA MULLER RAMOS BOLSONARO,PSL,Deputado Estadual,1015,2018
0380,17678,VITOR HUGO RICCOMINI,PSL,Deputado Estadual,112,2018
0380,17681,THIAGO FELIPE NEVES,PSL,Deputado Estadual,2,2018
0380,17685,KERIN DA ROCHA SILVA,PSL,Deputado Estadual,0,2018
0380,17700,MANOEL BARBOSA DO NASCIMENTO,PSL,Deputado Estadual,182,2018
0380,17707,MATHEUS COIMBRA MARTINS DE AGUIAR,PSL,Deputado Estadual,80,2018
0380,17711,FRANCISLAINE URQUIDI FARFAN VASSER,PSL,Deputado Estadual,20,2018
0380,17712,ANDREA JOSIANE PINTO NAKASASSU,PSL,Deputado Estadual,10,2018
0380,17717,HAMILTON PROCÓPIO DOS SANTOS NETTO,PSL,Deputado Estadual,20,2018
0380,17750,PAULO VIEIRA DA SILVA FILHO,PSL,Deputado Estadual,1,2018
0380,17753,CLAUDIO MAGNO DA SILVA,PSL,Deputado Estadual,1,2018
0380,17765,JURACI DE OSTI LOPES,PSL,Deputado Estadual,2,2018
0380,17771,ELIVELTON ANTONIO WEIRICH,PSL,Deputado Estadual,27,2018
0380,17777,RODRIGO GAMBALE VIEIRA,PSL,Deputado Estadual,265,2018
0380,17778,CLAUDIA SANTOS LEAL,PSL,Deputado Estadual,8,2018
0380,17789,MARCOS ANTONIO RIBEIRO FARTO,PSL,Deputado Estadual,8,2018
0380,17798,LUIZ EDUARDO SCAFF,PSL,Deputado Estadual,20,2018
0380,17888,MARCELO CRISTIANO REIS,PSL,Deputado Estadual,41,2018
0380,17890,DANIELA CRISTINA MIGUEL BRUZARROSCO,PSL,Deputado Estadual,12,2018
0380,17900,JOSÉ ROBERTO BARBOSA DE SOUZA,PSL,Deputado Estadual,45,2018
0380,17911,ROBERTO DE LIMA FERNANDES,PSL,Deputado Estadual,12,2018
0380,17913,LUCIMARA FERREIRA DE MORAES,PSL,Deputado Estadual,0,2018
0380,17967,ELAINE CRISTINA DO NASCIMENTO,PSL,Deputado Estadual,47,2018
0380,17977,EDILEIDE SILVA,PSL,Deputado Estadual,1,2018
0380,17981,ANDREIA MONIQUE DOS SANTOS,PSL,Deputado Estadual,4,2018
0380,17988,MIRTES DE CASTRO,PSL,Deputado Estadual,0,2018
0380,17989,MOISÉS COSTA DE SOUSA,PSL,Deputado Estadual,1,2018
0380,17997,EDUARDO KUPPER PACHECO DE AGUIRRE,PSL,Deputado Estadual,27,2018
0380,17998,GLORIA NEY FERNANDES,PSL,Deputado Estadual,1,2018
0380,18000,DANIEL DA ROCHA MARTINI,REDE,Deputado Estadual,11,2018
0380,18001,HENRIQUE CROISFELTS,REDE,Deputado Estadual,9,2018
0380,18007,GEORGIANA SOARES PIRES,REDE,Deputado Estadual,1,2018
0380,18009,JULIO CESAR RODRIGUES DE MENEZES,REDE,Deputado Estadual,2,2018
0380,18010,ALESSANDRA APARECIDA MONTEIRO,REDE,Deputado Estadual,83,2018
0380,18013,RONALDO PRUDENTE,REDE,Deputado Estadual,0,2018
0380,18018,GIOVANNI VILLIUS RIGHETTO MOCKUS,REDE,Deputado Estadual,4,2018
0380,18077,RODRIGO PEREIRA DA SILVA,REDE,Deputado Estadual,3,2018
0380,18081,ANTONIO BETE NETO,REDE,Deputado Estadual,0,2018
0380,18108,CLÁUDIO DA SILVA VERÍSSIMO,REDE,Deputado Estadual,0,2018
0380,18118,JAMES PRADO GONDIM,REDE,Deputado Estadual,2,2018
0380,18123,ALOISIO CALSONI BOZZINI,REDE,Deputado Estadual,2,2018
0380,18180,PAULO SERGIO CAMOLESI,REDE,Deputado Estadual,2,2018
0380,18182,MARLI CONCEIÇÃO DA SILVA,REDE,Deputado Estadual,1,2018
0380,18188,ADEMAR BUENO DA SILVA JÚNIOR,REDE,Deputado Estadual,21,2018
0380,18191,SILVIO DAMACENO SIMORA RIBEIRO,REDE,Deputado Estadual,5,2018
0380,18222,ROSELEI APARECIDO FRANÇOSO,REDE,Deputado Estadual,0,2018
0380,18234,SHEILA SALES ROMERA,REDE,Deputado Estadual,0,2018
0380,18318,HÁDIA CHRISTINY AMORIM ARAÚJO FEITOSA,REDE,Deputado Estadual,12,2018
0380,18321,INGRID JULIANE DOS SANTOS FERREIRA,REDE,Deputado Estadual,9,2018
0380,18333,BIANCA ZEITOUN OGLOUYAN,REDE,Deputado Estadual,13,2018
0380,18360,JEFFERSON SANTOS DA SILVA,REDE,Deputado Estadual,2,2018
0380,18420,ALBERTO CORUNHA TAVARES,REDE,Deputado Estadual,1,2018
0380,18432,CARLOS MANOEL CINI,REDE,Deputado Estadual,1,2018
0380,18444,EDMILSON JOSÉ DE CARVALHO,REDE,Deputado Estadual,0,2018
0380,18456,ANDRÉ RICARDO DE SOUZA,REDE,Deputado Estadual,0,2018
0380,18475,SONIA APARECIDA CÂNDIDA BORGES,REDE,Deputado Estadual,2,2018
0380,18500,JONES MAIR PONTES SILVEIRA,REDE,Deputado Estadual,1,2018
0380,18543,CLAUDIO YUTAKA SUETU,REDE,Deputado Estadual,5,2018
0380,18555,REJANE DE VASCONCELOS FELIPE,REDE,Deputado Estadual,1,2018
0380,18579,CARLOS ROBERTO ROSA,REDE,Deputado Estadual,2,2018
0380,18613,REGINALDO ALEXANDRE MARTINS,REDE,Deputado Estadual,0,2018
0380,18618,JOSÉ RUI CAMARGO,REDE,Deputado Estadual,4,2018
0380,18654,CARLOS DANIEL GOIS LIMA DA SILVA,REDE,Deputado Estadual,0,2018
0380,18663,NATALINO ANTÔNIO DA SILVA,REDE,Deputado Estadual,2,2018
0380,18678,MARCIO VITAL,REDE,Deputado Estadual,0,2018
0380,18765,ROBERTA ROCHA GOMES ALBUQUERQUE,REDE,Deputado Estadual,0,2018
0380,18777,NANCY DE FÁTIMA GOMES FELIX DA SILVEIRA,REDE,Deputado Estadual,1,2018
0380,18789,MARCO TSUYAMA CARDOSO,REDE,Deputado Estadual,1,2018
0380,18800,ELTON TONY SOUZA PONDÉ COELHO,REDE,Deputado Estadual,2,2018
0380,18833,DENIS DUCK,REDE,Deputado Estadual,0,2018
0380,18881,VALERIA APARECIDA DE OLIVEIRA REI,REDE,Deputado Estadual,0,2018
0380,18888,MARINA MEDEIROS HELOU,REDE,Deputado Estadual,126,2018
0380,18889,SILVANA CORDELINI,REDE,Deputado Estadual,1,2018
0380,18918,PAULO DE ABREU LEME FILHO,REDE,Deputado Estadual,0,2018
0380,18999,CRISTIANE BRANDÃO DOS SANTOS,REDE,Deputado Estadual,12,2018
0380,19000,MARCELO PEREIRA SURCIN,PODE,Deputado Estadual,68,2018
0380,19001,ATAIDE TERUEL PEREZ,PODE,Deputado Estadual,32,2018
0380,19002,DOMINGOS SANCHES,PODE,Deputado Estadual,3,2018
0380,19007,CYBELE DA SILVA,PODE,Deputado Estadual,2,2018
0380,19008,JULIANA BUSSAB SCHULHOF,PODE,Deputado Estadual,15,2018
0380,19009,MARCOS PEIXOTO MELLO GONÇALVES,PODE,Deputado Estadual,5,2018
0380,19010,MOHAMAD KASSEM EL TURK,PODE,Deputado Estadual,0,2018
0380,19011,WALMIR BAPTISTA RIGUEIRA,PODE,Deputado Estadual,0,2018
0380,19012,RONALDO MARTINS FRANCO,PODE,Deputado Estadual,0,2018
0380,19014,MANOEL SANTANA PAULO,PODE,Deputado Estadual,2,2018
0380,19017,CRISTIANO ALEXANDRE MARCONDES,PODE,Deputado Estadual,0,2018
0380,19018,RAPHAEL MARCO BLECH HAMAOUI,PODE,Deputado Estadual,3,2018
0380,19019,BRAZ DOS SANTOS ADEGAS JUNIOR,PODE,Deputado Estadual,24,2018
0380,19020,RALFI RAFAEL DA SILVA,PODE,Deputado Estadual,3,2018
0380,19022,SIMONE CRISTINA SANTOS SOUZA,PODE,Deputado Estadual,2,2018
0380,19023,VAGNER EVARISTO DE MOURA,PODE,Deputado Estadual,0,2018
0380,19026,CLAUDIA ABREU SCHEFLER,PODE,Deputado Estadual,1,2018
0380,19027,AMERICO CICCONE NETO,PODE,Deputado Estadual,1,2018
0380,19030,ANTONIO CARLOS PEREIRA SILVA,PODE,Deputado Estadual,2,2018
0380,19033,SOCRATES DAMASCENO NOVELLI,PODE,Deputado Estadual,0,2018
0380,19034,HENRIQUE CARVALHO DE CAMPOS,PODE,Deputado Estadual,0,2018
0380,19036,GERSON FELIP CURPIEVSKY,PODE,Deputado Estadual,0,2018
0380,19039,MARIA LUCIA DA SILVA,PODE,Deputado Estadual,0,2018
0380,19041,GUARACI LIMA DE MORAIS,PODE,Deputado Estadual,0,2018
0380,19070,RENALDO CARDOSO DE REZENDE,PODE,Deputado Estadual,0,2018
0380,19089,ANA CRISTINA ALVES,PODE,Deputado Estadual,0,2018
0380,19090,ANTONIO WLADEMIR DA SILVA,PODE,Deputado Estadual,0,2018
0380,19099,CUSTÓDIO TAVARES FERNANDES JUNIOR,PODE,Deputado Estadual,1,2018
0380,19100,BRUNO AREVALO GANEM,PODE,Deputado Estadual,561,2018
0380,19109,LENI DE FÁTIMA RODRIGUES DO PRADO,PODE,Deputado Estadual,1,2018
0380,19111,JOÃO JORGE FADEL FILHO,PODE,Deputado Estadual,3,2018
0380,19112,JOEL FRANCISCO BARBOSA,PODE,Deputado Estadual,0,2018
0380,19113,JOSÉ EUGENIO DA SILVA,PODE,Deputado Estadual,0,2018
0380,19114,NIVALDO DA SILVA,PODE,Deputado Estadual,0,2018
0380,19119,GELSO APARECIDO DE LIMA,PODE,Deputado Estadual,1,2018
0380,19122,WILLIAN SANTOS DE OLIVEIRA,PODE,Deputado Estadual,1,2018
0380,19123,PEDRO MASSAMI KIKUDOME,PODE,Deputado Estadual,6,2018
0380,19125,HELIO GONÇALVES FIRMO,PODE,Deputado Estadual,0,2018
0380,19128,FRANCISCO JOSÉ CARVALHO,PODE,Deputado Estadual,0,2018
0380,19129,ELINELMA SOUZA BARRETO,PODE,Deputado Estadual,0,2018
0380,19133,BRUNO HIDEO OMORI,PODE,Deputado Estadual,15,2018
0380,19146,SARA REGINA FERREIRA DE MELO LUIZ,PODE,Deputado Estadual,0,2018
0380,19147,ANTONIO GOMES DA SILVA,PODE,Deputado Estadual,0,2018
0380,19150,MARCELO LINS,PODE,Deputado Estadual,0,2018
0380,19165,FERNANDO DIAS DA COSTA,PODE,Deputado Estadual,0,2018
0380,19180,MADALENA LEITE,PODE,Deputado Estadual,0,2018
0380,19187,GLAUCIA MARIA RODRIGUES DE SOUZA,PODE,Deputado Estadual,0,2018
0380,19190,LUCIANO GALESCO,PODE,Deputado Estadual,13,2018
0380,19191,GEREMIAS NUNES DE SIQUEIRA,PODE,Deputado Estadual,0,2018
0380,19192,JOÃO ROBERTO DE SIQUEIRA,PODE,Deputado Estadual,0,2018
0380,19193,ALEXANDRE TEIXEIRA,PODE,Deputado Estadual,2,2018
0380,19196,TATIANA POLI DE OLIVEIRA,PODE,Deputado Estadual,0,2018
0380,19197,SANDRA LANDIOZE CAPUCHO,PODE,Deputado Estadual,8,2018
0380,19199,MARCIO PASCHOAL GIUDICIO,PODE,Deputado Estadual,4,2018
0380,19200,ROBERTO FIGUEIRA MARINHO,PODE,Deputado Estadual,82,2018
0380,19201,EVANIR DA SILVA CARVALHO,PODE,Deputado Estadual,0,2018
0380,19211,CAIO AUGUSTO PASTORI DOS SANTOS,PODE,Deputado Estadual,1,2018
0380,19219,RODRIGO RAMOS FIORI,PODE,Deputado Estadual,0,2018
0380,19221,YEDA MARIA AMARAL,PODE,Deputado Estadual,0,2018
0380,19222,EDUARDO VALENTIM FERNANDES PEREIRA,PODE,Deputado Estadual,0,2018
0380,19230,DORA LICKUNAS,PODE,Deputado Estadual,0,2018
0380,19233,IEDA COSTA DE OLIVEIRA,PODE,Deputado Estadual,0,2018
0380,19234,CARLOS ROBERTO DE CARVALHO,PODE,Deputado Estadual,0,2018
0380,19250,NATALIA DE ALMEIDA NASCIMENTO,PODE,Deputado Estadual,0,2018
0380,19269,ADRIANA PIERIN,PODE,Deputado Estadual,58,2018
0380,19270,VAGNER ARANTES DA COSTA,PODE,Deputado Estadual,0,2018
0380,19300,LILIAN FERREIRA,PODE,Deputado Estadual,0,2018
0380,19310,MARCIA TELMA DA SILVA,PODE,Deputado Estadual,0,2018
0380,19314,SIDNEI ROBERTSON CAMPERO,PODE,Deputado Estadual,2,2018
0380,19319,FRANCISCA MARIA DO NASCIMENTO SOUSA,PODE,Deputado Estadual,0,2018
0380,19321,EDINEIA APARECIDA TELES,PODE,Deputado Estadual,0,2018
0380,19322,SERGIO PINTO BOMFIM,PODE,Deputado Estadual,0,2018
0380,19333,ANIBAL DE FREITAS FILHO,PODE,Deputado Estadual,0,2018
0380,19337,JOAQUIM FERREIRA NETO,PODE,Deputado Estadual,0,2018
0380,19360,JULIANA DOS SANTOS SILVA,PODE,Deputado Estadual,0,2018
0380,19399,GLAUCIA PERES CÍLIA GONÇALVES,PODE,Deputado Estadual,0,2018
0380,19400,FRANCISCO NUNES SOBRINHO,PODE,Deputado Estadual,0,2018
0380,19421,LENIR MARIA DE OLIVEIRA,PODE,Deputado Estadual,0,2018
0380,19426,PAULO HENRIQUE MACHADO,PODE,Deputado Estadual,2,2018
0380,19429,CARLÂNGELA SILVA DOS SANTOS DE OLIVEIRA,PODE,Deputado Estadual,0,2018
0380,19433,JACEGUAY NUNES GÓES,PODE,Deputado Estadual,0,2018
0380,19444,FAUSTO SALVADOR PERES,PODE,Deputado Estadual,0,2018
0380,19456,AIDAN ANTONIO RAVIN,PODE,Deputado Estadual,0,2018
0380,19499,FLAVIANE MENESES AQUINO,PODE,Deputado Estadual,0,2018
0380,19500,GILBERTO DANIEL JUNIOR,PODE,Deputado Estadual,1,2018
0380,19511,GILDAECIO SOARES DE SOUSA,PODE,Deputado Estadual,0,2018
0380,19519,ANDREA ROSA DE MENEZES DUARTE,PODE,Deputado Estadual,0,2018
0380,19527,LUIZ ANTONIO DE SOUZA,PODE,Deputado Estadual,0,2018
0380,19533,ROLGACIANO FERNANDES ALMEIDA,PODE,Deputado Estadual,3,2018
0380,19549,MARCIA CARNEIRO ABRANTES PINHEIRO,PODE,Deputado Estadual,0,2018
0380,19550,JOSE MARCIO DE CAMPOS,PODE,Deputado Estadual,3,2018
0380,19555,DÉLBIO CAMARGO TERUEL,PODE,Deputado Estadual,5,2018
0380,19556,GERALDO AMARO DA SILVA,PODE,Deputado Estadual,0,2018
0380,19567,CRISTIANE PEREIRA DAVIS,PODE,Deputado Estadual,0,2018
0380,19578,MARCOS CESAR CAVICHIOLLI,PODE,Deputado Estadual,0,2018
0380,19600,EUVALDO REIS DOS SANTOS MENEZES,PODE,Deputado Estadual,2,2018
0380,19610,CREUSA VIEIRA DANTAS ARAÚJO,PODE,Deputado Estadual,1,2018
0380,19619,LUIS HENRIQUE DOS SANTOS MOREIRA,PODE,Deputado Estadual,11,2018
0380,19630,LUIZ EDUARDO OLIVEIRA ALVES,PODE,Deputado Estadual,0,2018
0380,19633,AMARILDO GONÇALVES,PODE,Deputado Estadual,2,2018
0380,19634,KAYQUE GUILHERME MAIER DA SILVA,PODE,Deputado Estadual,0,2018
0380,19700,JOÃO DÁRCIO RIBAMAR SACCHI,PODE,Deputado Estadual,2,2018
0380,19714,JOSÉ APRIGIO DA SILVA,PODE,Deputado Estadual,12,2018
0380,19720,ELISABEL APARECIDA DA CONCEIÇÃO,PODE,Deputado Estadual,0,2018
0380,19722,ASSAD FRANGIEH,PODE,Deputado Estadual,0,2018
0380,19733,JUSSIMAR AMELENTINO JOSEFINO,PODE,Deputado Estadual,0,2018
0380,19770,MONICA PILLAT BELMUDES,PODE,Deputado Estadual,1,2018
0380,19773,MARCELLO MAZARIO COSTA,PODE,Deputado Estadual,14,2018
0380,19777,GUILHERME DE ALES FERRAZ DA SILVA,PODE,Deputado Estadual,15,2018
0380,19785,ERICA CRISTINA CINTRA,PODE,Deputado Estadual,0,2018
0380,19789,JOCELINO JOSE DE SANTANA,PODE,Deputado Estadual,0,2018
0380,19800,MURILO BERBERT AVIGO FELIX,PODE,Deputado Estadual,47,2018
0380,19819,RONALD TANIMOTO CELESTINO,PODE,Deputado Estadual,55,2018
0380,19833,CARLOS DA FONSECA NADAIS,PODE,Deputado Estadual,0,2018
0380,19851,DORA MARIA MACHADO,PODE,Deputado Estadual,0,2018
0380,19875,SANDRO HENRIQUE EUGENIO BASTOS,PODE,Deputado Estadual,0,2018
0380,19883,GERSON FIUZA DE JESUS,PODE,Deputado Estadual,0,2018
0380,19888,RAUL APARECIDO GONÇALVES PAULA,PODE,Deputado Estadual,1,2018
0380,19890,ALESSANDRO AUREO RAFALDINI OLIVEIRA,PODE,Deputado Estadual,1,2018
0380,19899,LUIS DONIZETTI VAZ JUNIOR,PODE,Deputado Estadual,5,2018
0380,19900,MARIA ALMEIDA DANTAS,PODE,Deputado Estadual,1,2018
0380,19910,ERNESTO TEIXEIRA DA CUNHA,PODE,Deputado Estadual,6,2018
0380,19911,MARCOS MENDES DA SILVA,PODE,Deputado Estadual,1,2018
0380,19919,DANIEL CARVALHO MACHADO,PODE,Deputado Estadual,0,2018
0380,19962,ANTONIA MARIA COSTA SILVA,PODE,Deputado Estadual,0,2018
0380,19975,EMMERSON DE CAMARGO,PODE,Deputado Estadual,1,2018
0380,19977,FILIPE AUGUSTO FORNARI MONTANHOLI,PODE,Deputado Estadual,4,2018
0380,19988,VALDECIR TOSCHI,PODE,Deputado Estadual,0,2018
0380,19990,JOSE GARCIA LOPES NETO,PODE,Deputado Estadual,0,2018
0380,19991,MONICA VIANA MIRANDA CAMPOS FERNANDES,PODE,Deputado Estadual,0,2018
0380,19998,LEANDRO CALDEIRA NAVA,PODE,Deputado Estadual,9,2018
0380,19999,RICARDO FABRIZIO PACHECO DE OLIVEIRA,PODE,Deputado Estadual,3,2018
0380,20000,EBENEZÉ FRANCISCO DE PAULA,PSC,Deputado Estadual,5,2018
0380,20010,SERGIO LOURENÇO DA SILVA,PSC,Deputado Estadual,1,2018
0380,20120,EDVALDO DE OLIVEIRA PAULA,PSC,Deputado Estadual,1,2018
0380,20123,GUILHERME CESAR ZAFANI,PSC,Deputado Estadual,8,2018
0380,20147,ANISTALDO LUIZ LOPES DA SILVA,PSC,Deputado Estadual,1,2018
0380,20175,EBENEZER DE PAULA,PSC,Deputado Estadual,0,2018
0380,20200,FLÁVIA CAMARGO DA SILVA,PSC,Deputado Estadual,20,2018
0380,20270,JOSE AUDIDUDIMA SALES DA SILVA,PSC,Deputado Estadual,1,2018
0380,20320,LUCIANE SALLES DA PAZ SCHULTZ,PSC,Deputado Estadual,0,2018
0380,20333,JUAREZ JUVÊNCIO DOS SANTOS,PSC,Deputado Estadual,33,2018
0380,20555,MARIA JOSE OCAMPOS,PSC,Deputado Estadual,2,2018
0380,20610,PAULO CESAR DIAS DOS REIS,PSC,Deputado Estadual,0,2018
0380,20629,ELISABETE NATALI ALVARENGA,PSC,Deputado Estadual,0,2018
0380,20690,EDIVALDO MARCELO ABENÇOADO DOS SANTOS LEAL,PSC,Deputado Estadual,5,2018
0380,20777,CELSO BRAZ DO NASCIMENTO,PSC,Deputado Estadual,26,2018
0380,20800,FERNANDO CESAR RAMOS,PSC,Deputado Estadual,1,2018
0380,20888,PAULO EDUARDO TEMPLE DELGADO,PSC,Deputado Estadual,0,2018
0380,20964,JOSÉ ANTONIO ALVES,PSC,Deputado Estadual,0,2018
0380,20999,ROSANGELA APARECIDA SILVEIRA GIORDANI,PSC,Deputado Estadual,0,2018
0380,21100,ERNESTO FREIRE PICHLER,PCB,Deputado Estadual,8,2018
0380,22000,GILBERTO BENZI,PR,Deputado Estadual,3,2018
0380,22001,ODIR JOÃO DEMARCHI,PR,Deputado Estadual,13,2018
0380,22002,VERA LUCIA LANGELLOTTI VELLO,PR,Deputado Estadual,0,2018
0380,22003,ISABELA CRISTINA CARDOSO DA CRUZ,PR,Deputado Estadual,0,2018
0380,22005,NEUSA MARIA RODRIGUES RACOSTA,PR,Deputado Estadual,0,2018
0380,22007,RODRIGO DE ALMEIDA SOUZA,PR,Deputado Estadual,5,2018
0380,22008,NEILSON PAULO DOS SANTOS,PR,Deputado Estadual,0,2018
0380,22011,GINO JOSÉ TORREZAN,PR,Deputado Estadual,6,2018
0380,22012,JULIO CESAR PEREIRA DE SOUZA,PR,Deputado Estadual,83,2018
0380,22013,JOSÉ CARLOS DE ALMEIDA,PR,Deputado Estadual,2,2018
0380,22017,FRANCISCO ALEXANDRE GUERREIRO GOMES,PR,Deputado Estadual,0,2018
0380,22018,ADÃO TIMÓTEO DE LIMA,PR,Deputado Estadual,2,2018
0380,22019,GUIOMAR HOFFMAN,PR,Deputado Estadual,25,2018
0380,22022,FRANCISCO ROSSI DE ALMEIDA,PR,Deputado Estadual,4,2018
0380,22023,WANESSA SOUSA BOMFIM,PR,Deputado Estadual,1,2018
0380,22024,SIMONE CARDOSO DE OLIVEIRA,PR,Deputado Estadual,2,2018
0380,22028,MARCIO MOREIRA DE SOUZA,PR,Deputado Estadual,40,2018
0380,22031,CRISTIANE APARECIDA CELLA,PR,Deputado Estadual,1,2018
0380,22033,MARCOS AURELIO DE PAULA,PR,Deputado Estadual,1,2018
0380,22035,MAURO ALVES DOS SANTOS JUNIOR,PR,Deputado Estadual,5,2018
0380,22044,ALAN BEZERRA GOMES,PR,Deputado Estadual,0,2018
0380,22045,JOSEFA FÁTIMA DE LIRA,PR,Deputado Estadual,2,2018
0380,22055,MARCOS TADEU VILALTA,PR,Deputado Estadual,0,2018
0380,22065,FABIO ELY RAMOS,PR,Deputado Estadual,4,2018
0380,22080,JEFFERCY DE SOUZA NUNES CHAD,PR,Deputado Estadual,0,2018
0380,22100,LINO BISPO DA ROCHA,PR,Deputado Estadual,3,2018
0380,22111,LUIZ PAULO SALGADO,PR,Deputado Estadual,2,2018
0380,22122,ANDREIA LUCIA GONÇALVES DA SILVA,PR,Deputado Estadual,7,2018
0380,22123,RICARDO ROSSI MADALENA,PR,Deputado Estadual,6,2018
0380,22133,SERGIO ANTONIO DONHA,PR,Deputado Estadual,1,2018
0380,22150,WANDERLEY LEMES TEIXEIRA,PR,Deputado Estadual,0,2018
0380,22177,LUCIANO FEITOSA DE MELO,PR,Deputado Estadual,0,2018
0380,22181,FABIANO MESSIAS BORGES DA SILVA,PR,Deputado Estadual,0,2018
0380,22190,JAIME DE SOUZA,PR,Deputado Estadual,1415,2018
0380,22191,EUCLYDES DIAS BUCHLER,PR,Deputado Estadual,0,2018
0380,22192,ANA LÚCIA BATISTA PAVÃO,PR,Deputado Estadual,3,2018
0380,22193,LUIZ CARLOS DOS SANTOS CAMINO,PR,Deputado Estadual,9,2018
0380,22196,SILVIO AMARAL SOARES,PR,Deputado Estadual,14,2018
0380,22200,GILMAR PAES,PR,Deputado Estadual,0,2018
0380,22202,CAIO CESAR ALVARES LORO NETTO,PR,Deputado Estadual,3,2018
0380,22210,JOSE BRANCO PERES NETO,PR,Deputado Estadual,1,2018
0380,22215,APARECIDA BATISTA DIAS BARRETO DE OLIVEIRA,PR,Deputado Estadual,1,2018
0380,22218,MARIA EMILIA DANTAS OLIVEIRA,PR,Deputado Estadual,0,2018
0380,22220,ADRIANA RAMOS AFONSO EL RIFAI,PR,Deputado Estadual,5,2018
0380,22222,MARCOS ROBERTO DAMASIO DA SILVA,PR,Deputado Estadual,144,2018
0380,22223,MARIA JOSÉ PEREIRA DO AMARAL HUNGLAUB,PR,Deputado Estadual,21,2018
0380,22225,ANTONIO DE PADUA PACHECO,PR,Deputado Estadual,7,2018
0380,22228,MARIA GILCELIA DE ASSIS,PR,Deputado Estadual,0,2018
0380,22233,JOÃO MOTA DOS SANTOS,PR,Deputado Estadual,0,2018
0380,22260,BRUNO JACINTHO,PR,Deputado Estadual,0,2018
0380,22269,ROSÂNGELA APARECIDA GOZZO,PR,Deputado Estadual,5,2018
0380,22277,JOSÉ RONALDO GOMES DA SILVA,PR,Deputado Estadual,0,2018
0380,22280,ANTONINHA JOSELI PEREIRA,PR,Deputado Estadual,0,2018
0380,22299,PATRICIA BAPTISTELLA,PR,Deputado Estadual,2,2018
0380,22300,GUILHERME PIAI SILVA FILIZZOLA,PR,Deputado Estadual,0,2018
0380,22303,FABIANE MARQUES DE SOUZA CAMPOS,PR,Deputado Estadual,0,2018
0380,22311,ELIANE BALSANTE LUCAS,PR,Deputado Estadual,0,2018
0380,22321,WALTER ABRAHÃO FILHO,PR,Deputado Estadual,4,2018
0380,22322,DANIELE MAZUQUELI ALONSO,PR,Deputado Estadual,14,2018
0380,22330,APARECIDA CUSTODIO DOS SANTOS,PR,Deputado Estadual,13,2018
0380,22333,LAERTE SONSIN JUNIOR,PR,Deputado Estadual,8,2018
0380,22343,THIAGO REIS AURICCHIO,PR,Deputado Estadual,50,2018
0380,22345,ROY NELSON PINTO,PR,Deputado Estadual,1,2018
0380,22369,NATALINO DA SILVA BRAUNA,PR,Deputado Estadual,0,2018
0380,22377,SAMUEL SIQUEIRA,PR,Deputado Estadual,0,2018
0380,22400,LUCIANO BATISTA,PR,Deputado Estadual,12,2018
0380,22422,MARIA LUCIA MELLA NAF,PR,Deputado Estadual,0,2018
0380,22432,ADEMAR ALVES DE CARVALHO,PR,Deputado Estadual,0,2018
0380,22444,JOSÉ PAGLIARINI FILHO,PR,Deputado Estadual,18,2018
0380,22455,CARLOS ROBERTO ROSSATO,PR,Deputado Estadual,4,2018
0380,22456,ANTONIO DIRCEU DALBEN,PR,Deputado Estadual,895,2018
0380,22500,PATRICIA DA SILVA FEITOSA,PR,Deputado Estadual,2,2018
0380,22522,MARCELO MANFRIM,PR,Deputado Estadual,5,2018
0380,22550,ADNA ANA SIQUEIRA TEIXEIRA,PR,Deputado Estadual,0,2018
0380,22552,GRAÇA ERNESTINA ANAY SILVA DIAS,PR,Deputado Estadual,0,2018
0380,22555,ELIANA PASSARELLI,PR,Deputado Estadual,128,2018
0380,22567,RÚBSON SILVA RIOS,PR,Deputado Estadual,0,2018
0380,22580,ISA DE SOUSA MASCARENHAS,PR,Deputado Estadual,0,2018
0380,22589,GILBERTO BORJA PINTO,PR,Deputado Estadual,0,2018
0380,22599,CRISTIANY DE CASTRO,PR,Deputado Estadual,15,2018
0380,22600,MARCOS MULLER,PR,Deputado Estadual,43,2018
0380,22622,EDNEI APARECIDO VALENCIO,PR,Deputado Estadual,1,2018
0380,22666,ROBERTO DOS SANTOS,PR,Deputado Estadual,0,2018
0380,22675,GERVINO CLÁUDIO GONÇALVES,PR,Deputado Estadual,0,2018
0380,22678,JULIO CESAR LOPES FUDA,PR,Deputado Estadual,9,2018
0380,22700,ANTONIO PADRON NETO,PR,Deputado Estadual,25,2018
0380,22722,PAULO ROBERTO DE QUEIROZ MOTTA,PR,Deputado Estadual,3,2018
0380,22777,WILSON CALDEIRA PAIVA,PR,Deputado Estadual,22,2018
0380,22789,DANIEL ROSSI,PR,Deputado Estadual,5,2018
0380,22800,CLEOMENES ANTUNES JUNIOR,PR,Deputado Estadual,0,2018
0380,22822,JONAS DE SOUZA CAMISA NOVA,PR,Deputado Estadual,0,2018
0380,22888,GRACIELA DE LOURDES DAVID AMBRÓSIO,PR,Deputado Estadual,7,2018
0380,22899,THIAGO GONÇALES,PR,Deputado Estadual,0,2018
0380,22900,ANDERSON BRANCO DA SILVA,PR,Deputado Estadual,0,2018
0380,22911,HELIO VENANCIO FERREIRA,PR,Deputado Estadual,3,2018
0380,22999,ANDRÉ LUIS DO PRADO,PR,Deputado Estadual,6,2018
0380,23000,GUILHERME ANEDES SALLES MENDES,PPS,Deputado Estadual,0,2018
0380,23111,ANTONIO CLAUDIO FLORES PITERI,PPS,Deputado Estadual,3,2018
0380,23120,CHANG YUET JING LIN,PPS,Deputado Estadual,3,2018
0380,23123,DAVID ZAIA,PPS,Deputado Estadual,519,2018
0380,23222,PAULO ANDRE BERTONE FANECO,PPS,Deputado Estadual,3,2018
0380,23300,JULIO ALEXANDRE SBIZERA COSTA,PPS,Deputado Estadual,0,2018
0380,23423,JULIO CESAR FUZARI,PPS,Deputado Estadual,0,2018
0380,23444,ORESTES PIMENTEL SOARES DE MISQUITA,PPS,Deputado Estadual,0,2018
0380,23456,FERNANDO HENRIQUE CURY,PPS,Deputado Estadual,17,2018
0380,23500,MAYRA ROSANNA GAMA DE ARAUJO SILVA DA COSTA,PPS,Deputado Estadual,15,2018
0380,23623,ROBERTO TURCHI DE MORAIS,PPS,Deputado Estadual,30,2018
0380,23789,EDNA FLOR,PPS,Deputado Estadual,8,2018
0380,23888,ALESSANDRA DE ASSIS BERRIEL,PPS,Deputado Estadual,4,2018
0380,25000,MARIANA PRADO NEVES DE OLIVEIRA ALVES,DEM,Deputado Estadual,8,2018
0380,25014,SEVERINO BEZERRA DE ANDRADE,DEM,Deputado Estadual,2,2018
0380,25025,APARECIDO DE CAMPOS FILHO,DEM,Deputado Estadual,2002,2018
0380,25077,MARIA LEDA ALVES DA COSTA,DEM,Deputado Estadual,0,2018
0380,25100,ROGÉRIO ANTÔNIO FURTADO BARROS,DEM,Deputado Estadual,3,2018
0380,25111,RODRIGO AUGUSTO MORAES,DEM,Deputado Estadual,121,2018
0380,25118,EDMIR JOSE ABI CHEDID,DEM,Deputado Estadual,77,2018
0380,25122,JOSE ALDO DEMARCHI,DEM,Deputado Estadual,87,2018
0380,25123,ROGERIO NOGUEIRA LOPES CRUZ,DEM,Deputado Estadual,153,2018
0380,25199,ESTEVAM GALVÃO DE OLIVEIRA,DEM,Deputado Estadual,6,2018
0380,25222,ROQUE LEVI SANTOS TAVARES,DEM,Deputado Estadual,0,2018
0380,25233,ROMILDO VIRGINIO DOS SANTOS,DEM,Deputado Estadual,2,2018
0380,25250,MILTON LEITE DA SILVA FILHO,DEM,Deputado Estadual,51,2018
0380,25255,ELAINE GONÇALVES OLIVEIRA,DEM,Deputado Estadual,1,2018
0380,25333,DANIEL BEZERRA RIBEIRO SOARES,DEM,Deputado Estadual,309,2018
0380,25555,ARTHUR MOLEDO DO VAL,DEM,Deputado Estadual,2439,2018
0380,25777,DANIELE ALVES DO AMPARO SOARES,DEM,Deputado Estadual,7,2018
0380,27000,TALITA EYMAEL LATÃES,DC,Deputado Estadual,3,2018
0380,27027,CLARICE OLGA SCHAITNER CESTARO,DC,Deputado Estadual,0,2018
0380,27047,CELIA APARECIDA FAGUNDES LEITE,DC,Deputado Estadual,0,2018
0380,27100,ANTONIO JORGE FILHO,DC,Deputado Estadual,0,2018
0380,27111,ROBERTO AUGUSTO PROCOPIO FERREIRA,DC,Deputado Estadual,0,2018
0380,27112,PAULO HENRIQUE RIBEIRO,DC,Deputado Estadual,0,2018
0380,27127,EDSON CARLOS MIRANDA MONTEIRO,DC,Deputado Estadual,0,2018
0380,27133,GICILENE DE LIMA MATUZAKI,DC,Deputado Estadual,2,2018
0380,27137,HUMBERTO DE ALENCAR SILVA,DC,Deputado Estadual,0,2018
0380,27154,APARECIDO LOURENÇO,DC,Deputado Estadual,0,2018
0380,27158,NEZIONETE HONORATO AMORIM,DC,Deputado Estadual,0,2018
0380,27222,EDMILSON LÁZARO GROPPO,DC,Deputado Estadual,0,2018
0380,27232,JOSÉ ROBERTO ARAUJO SOUZA,DC,Deputado Estadual,20,2018
0380,27270,IONARA MACHADO SOUZA,DC,Deputado Estadual,0,2018
0380,27278,RAIMUNDO NOUZINHO REIS SOARES,DC,Deputado Estadual,0,2018
0380,27299,VANDERLINO BATISTA MACHADO,DC,Deputado Estadual,0,2018
0380,27317,ISMAEL DA SILVA SOUZA,DC,Deputado Estadual,5,2018
0380,27333,DANIEL CRISÓSTOMO DOS SANTOS,DC,Deputado Estadual,0,2018
0380,27461,MARIA VERENA GAYOTTO CAMPOS,DC,Deputado Estadual,0,2018
0380,27464,KILDARE ANTONIO DE ARAUJO,DC,Deputado Estadual,2,2018
0380,27500,GREGORY WATERKEMPER DE SOUZA,DC,Deputado Estadual,0,2018
0380,27507,ADRIANA CARDOSO DE SA,DC,Deputado Estadual,2,2018
0380,27532,HELIOMAR COELHO SILVA JUNIOR,DC,Deputado Estadual,0,2018
0380,27557,EDSON RICARDO GUIMARÃES,DC,Deputado Estadual,2,2018
0380,27563,ALMIR JOSE DE MELO,DC,Deputado Estadual,0,2018
0380,27600,LETICIA IANCA MATOS,DC,Deputado Estadual,0,2018
0380,27640,LEVI ALEXANDRE DE OLIVEIRA,DC,Deputado Estadual,0,2018
0380,27717,JONADABES LOPES,DC,Deputado Estadual,2,2018
0380,27768,MARCOS TADEU DA COSTA PACHECO,DC,Deputado Estadual,3,2018
0380,28000,WILKER CAMARGO,PRTB,Deputado Estadual,0,2018
0380,28007,DELSO CARDOSO CYPRIANO,PRTB,Deputado Estadual,0,2018
0380,28008,JUCIMARA DE ALMEIDA SILVA PIAI,PRTB,Deputado Estadual,0,2018
0380,28014,VALMIR ALVES DA SILVA,PRTB,Deputado Estadual,0,2018
0380,28026,EMERSON PEIXOTO,PRTB,Deputado Estadual,0,2018
0380,28028,ISABELLA SANCHES DE SOUSA TREVISANI,PRTB,Deputado Estadual,2,2018
0380,28029,GLEICE APARECIDA DA SILVA,PRTB,Deputado Estadual,2,2018
0380,28038,HELIO SANTIAGO DOS SANTOS,PRTB,Deputado Estadual,0,2018
0380,28048,JOSE LUIS BARROS FILHO,PRTB,Deputado Estadual,0,2018
0380,28051,JOSÉ LUIZ GLADCHI,PRTB,Deputado Estadual,0,2018
0380,28073,DANIELA CORREA SANTOS,PRTB,Deputado Estadual,0,2018
0380,28079,ANDRÉ ALVES DA SILVA,PRTB,Deputado Estadual,2,2018
0380,28080,MARIA IZABEL PRANDO,PRTB,Deputado Estadual,1,2018
0380,28090,DANIEL BATISTA,PRTB,Deputado Estadual,0,2018
0380,28100,DORIEDSON SIMÃO DE OLIVEIRA,PRTB,Deputado Estadual,0,2018
0380,28111,DEIVID LOPES DA SILVA,PRTB,Deputado Estadual,1,2018
0380,28112,ANTONIO CARLOS ALVES DE LIRA,PRTB,Deputado Estadual,0,2018
0380,28122,YURI GAMA COSTA,PRTB,Deputado Estadual,0,2018
0380,28123,GERALDO PEREIRA FILHO,PRTB,Deputado Estadual,0,2018
0380,28128,LÍVIA MARIA RODRIGUES FIDELIX DA CRUZ,PRTB,Deputado Estadual,69,2018
0380,28166,JULIO CESAR DE SIMONE,PRTB,Deputado Estadual,0,2018
0380,28167,REINALDO RIBEIRO MOTA,PRTB,Deputado Estadual,0,2018
0380,28190,OSVALDO SANTOS DA SILVA,PRTB,Deputado Estadual,0,2018
0380,28191,JASIEL ANTONIO OLIVEIRA DE SOUZA,PRTB,Deputado Estadual,4,2018
0380,28199,LEILSON CASTRO DOS SANTOS,PRTB,Deputado Estadual,0,2018
0380,28200,ERICH DE ANDRÉS,PRTB,Deputado Estadual,0,2018
0380,28204,FRANCISCO ALVES DA SILVA,PRTB,Deputado Estadual,0,2018
0380,28222,MARA LUCIA GARCIA,PRTB,Deputado Estadual,0,2018
0380,28228,ADRIANO JOSÉ DOS REIS,PRTB,Deputado Estadual,0,2018
0380,28246,ILDETE FERREIRA DO PRADO COSTA,PRTB,Deputado Estadual,0,2018
0380,28282,FABIO SILINGARDI,PRTB,Deputado Estadual,0,2018
0380,28290,OZEIAS UMBELINO PINHEIRO,PRTB,Deputado Estadual,0,2018
0380,28323,EUDES APARECIDO MARTINS,PRTB,Deputado Estadual,0,2018
0380,28328,GETÚLIO DE SOUSA SANTOS,PRTB,Deputado Estadual,0,2018
0380,28353,FRANCISCO SEVERIANO DA SILVA,PRTB,Deputado Estadual,0,2018
0380,28388,MARCIO SOUZA RIBEIRO,PRTB,Deputado Estadual,0,2018
0380,28492,MARCOS ANTONIO DA CUNHA,PRTB,Deputado Estadual,0,2018
0380,28500,MARCELA TEIXEIRA BERNARDO,PRTB,Deputado Estadual,0,2018
0380,28501,RAIMUNDA NONATA BORGES,PRTB,Deputado Estadual,0,2018
0380,28510,LUIZETE FERREIRA DA SILVA,PRTB,Deputado Estadual,0,2018
0380,28513,JOSÉ CARLOS ROCHA,PRTB,Deputado Estadual,0,2018
0380,28518,ANTONIO CARLOS PANTANO,PRTB,Deputado Estadual,0,2018
0380,28528,JOSÉ NILTON GOMES DOS SANTOS,PRTB,Deputado Estadual,0,2018
0380,28600,PATRÍCIA GUERREIRO,PRTB,Deputado Estadual,0,2018
0380,28660,SIMONE MORAIS DOS SANTOS,PRTB,Deputado Estadual,0,2018
0380,28700,ROSANGELA VICENTE MOTTA,PRTB,Deputado Estadual,0,2018
0380,28718,ÍTALO GOSMANI MOLON,PRTB,Deputado Estadual,0,2018
0380,28765,RICARDO DOS SANTOS RABAÇA,PRTB,Deputado Estadual,0,2018
0380,28777,ELISANDRA DE MATTOS,PRTB,Deputado Estadual,0,2018
0380,28789,OSEIAS PINO GUARDIOLA,PRTB,Deputado Estadual,0,2018
0380,28800,ROSELI FERREIRA RICARDO,PRTB,Deputado Estadual,0,2018
0380,28825,SIMONE APARECIDA DE SOUZA SANO,PRTB,Deputado Estadual,0,2018
0380,28888,CÍCERO JOSÉ DE GOUVEIA,PRTB,Deputado Estadual,0,2018
0380,28900,WAGNERIANO DE LIMA MOREIRA,PRTB,Deputado Estadual,1,2018
0380,28901,IZABEL CRISTINA ROSA,PRTB,Deputado Estadual,0,2018
0380,28934,RENNÊ VIEIRA DE CARVALHO,PRTB,Deputado Estadual,0,2018
0380,30000,GABRIELA SILVEIRA DA ROCHA CAMARGO,NOVO,Deputado Estadual,195,2018
0380,30001,PAULO ROGERIO DENONI,NOVO,Deputado Estadual,10,2018
0380,30002,CRISTINA PEREIRA MONTEIRO,NOVO,Deputado Estadual,64,2018
0380,30003,ANA PAULA LOURENÇO,NOVO,Deputado Estadual,111,2018
0380,30005,EDUARDO LIMA DE SOUZA,NOVO,Deputado Estadual,13,2018
0380,30007,ALEXANDRE GODINHO BERTONCELLO,NOVO,Deputado Estadual,28,2018
0380,30009,PEDRO PEDRAL VANIN,NOVO,Deputado Estadual,10,2018
0380,30010,MONICA RAMIRES FERRAZ CURY,NOVO,Deputado Estadual,28,2018
0380,30016,MARIA APARECIDA RORATO,NOVO,Deputado Estadual,12,2018
0380,30017,MARCO ANTONIO RIBEIRO FEITOSA,NOVO,Deputado Estadual,25,2018
0380,30018,ROBERTA PINTO GRABERT,NOVO,Deputado Estadual,18,2018
0380,30019,RODRIGO GONÇALVES,NOVO,Deputado Estadual,2,2018
0380,30022,WILSON DE MELLO JUNIOR,NOVO,Deputado Estadual,9,2018
0380,30030,PAULO EDUARDO ANDRADE ORTIZ,NOVO,Deputado Estadual,21,2018
0380,30033,JAIRO MATHEOS FILHO,NOVO,Deputado Estadual,11,2018
0380,30037,JOSE RICARDO DE MORAES PINTO,NOVO,Deputado Estadual,8,2018
0380,30060,SUSANA LAMBERT DE BRITO SILVA,NOVO,Deputado Estadual,18,2018
0380,30077,JOSE EUGENIO FIGUEIREDO,NOVO,Deputado Estadual,4,2018
0380,30080,INGRID MIRIA FRARE,NOVO,Deputado Estadual,8,2018
0380,30100,RICARDO LUIS MELLAO,NOVO,Deputado Estadual,41,2018
0380,30111,HENI OZI CUKIER,NOVO,Deputado Estadual,412,2018
0380,30123,RAFAEL RIBEIRO ZUCCO,NOVO,Deputado Estadual,28,2018
0380,30130,LUIS ALEXANDRE PINHEIRO,NOVO,Deputado Estadual,0,2018
0380,30153,MIRIAM MARIA ANTUNES DE SOUZA,NOVO,Deputado Estadual,125,2018
0380,30190,ISAAC JULIO BARRETO LOPES BITTENCOURT,NOVO,Deputado Estadual,17,2018
0380,30222,RAPHAELA DE AZEVEDO GAETA,NOVO,Deputado Estadual,10,2018
0380,30234,ROBERTO CARLOS DE ALMEIDA,NOVO,Deputado Estadual,2,2018
0380,30300,DANIEL JOSÉ DA SILVA OLIVEIRA,NOVO,Deputado Estadual,673,2018
0380,30321,MARCOS ALEXANDRE DO NASCIMENTO ZOGNO,NOVO,Deputado Estadual,0,2018
0380,30330,MOISES BENEDITO ROSSI DA CUNHA,NOVO,Deputado Estadual,16,2018
0380,30333,CAROLINA CURIMBABA CAVALCANTE,NOVO,Deputado Estadual,63,2018
0380,30350,ROGERIO SILVA DE SOUZA,NOVO,Deputado Estadual,14,2018
0380,30400,ELIANA PRADO DE AZEVEDO,NOVO,Deputado Estadual,13,2018
0380,30444,EDUARDO HERNANDES DOMINGUES,NOVO,Deputado Estadual,15,2018
0380,30456,JOSE LUIZ PINTO DE MIRANDA,NOVO,Deputado Estadual,7,2018
0380,30500,SERGIO LUIZ VICTOR JUNIOR,NOVO,Deputado Estadual,34,2018
0380,30530,SILVANA ALVES POLO BARONE,NOVO,Deputado Estadual,7,2018
0380,30555,FELIPE LUIZ DE OLIVEIRA,NOVO,Deputado Estadual,8,2018
0380,30567,FABIO MOURA DA SILVA,NOVO,Deputado Estadual,4,2018
0380,30600,CECILIA CARMEN JACINTHO ANDRADE,NOVO,Deputado Estadual,32,2018
0380,30700,CICERO DE OLIVEIRA SALLES JUNIOR,NOVO,Deputado Estadual,14,2018
0380,30777,MARCOS DA SILVA COSTA,NOVO,Deputado Estadual,25,2018
0380,30789,EDUARDO AUGUSTO RISSI,NOVO,Deputado Estadual,9,2018
0380,30800,ANDREA DECOURT SAVELLI,NOVO,Deputado Estadual,101,2018
0380,30808,PAULO FORTES DIAS DE SOUZA,NOVO,Deputado Estadual,4,2018
0380,30833,IVAN RODRIGUES SANTANA,NOVO,Deputado Estadual,1,2018
0380,30888,LUCIANA FONTES LAVIERI ALBERTO,NOVO,Deputado Estadual,14,2018
0380,30900,DANIEL BISCOLA PEREIRA,NOVO,Deputado Estadual,887,2018
0380,30930,JOAO BATISTA DE OLIVEIRA SOBRINHO,NOVO,Deputado Estadual,2,2018
0380,30999,MAURICIO CARLOS EGYDIO,NOVO,Deputado Estadual,3,2018
0380,31000,PAULO JORGE MANSUR NETO,PHS,Deputado Estadual,168,2018
0380,31001,IONITA DE OLIVEIRA KRUGNER,PHS,Deputado Estadual,2,2018
0380,31002,MARCIO JOSE DA SILVA,PHS,Deputado Estadual,0,2018
0380,31004,ANDRÉ LUIZ COUTINHO DE SOUZA,PHS,Deputado Estadual,0,2018
0380,31005,NELSON FERREIRA FILHO,PHS,Deputado Estadual,0,2018
0380,31006,JOSÉ TIAGO PEREIRA DE SANTANA,PHS,Deputado Estadual,0,2018
0380,31007,LUIS FERNANDO QUINTEIRO DE SOUZA,PHS,Deputado Estadual,9,2018
0380,31008,EDISON BARBOSA VIEIRA SOBRINHO,PHS,Deputado Estadual,0,2018
0380,31009,WALTER PAIVA CIGLIONI,PHS,Deputado Estadual,0,2018
0380,31010,ADEMIR DA GUIA,PHS,Deputado Estadual,52,2018
0380,31011,ALEX DEIVE LOPES SOARES,PHS,Deputado Estadual,1,2018
0380,31015,CÍCERA ALVES DO NASCIMENTO SOARES,PHS,Deputado Estadual,0,2018
0380,31016,JACKSON SOARES GOMES,PHS,Deputado Estadual,0,2018
0380,31017,KELLY CEZARIO ESTEFANO AFONSO DA SILVA,PHS,Deputado Estadual,3,2018
0380,31019,JULIANA AVEIRO,PHS,Deputado Estadual,5,2018
0380,31021,PEDRO AUGUSTO MÁXIMO FAVARON,PHS,Deputado Estadual,0,2018
0380,31022,MARA CRISTINA DA SILVA TAVARES,PHS,Deputado Estadual,0,2018
0380,31023,SONIA REGINA LAZARO,PHS,Deputado Estadual,0,2018
0380,31025,JOSE CARLOS CAETANO,PHS,Deputado Estadual,5,2018
0380,31026,PAULO BARBOSA FRANCISCO,PHS,Deputado Estadual,0,2018
0380,31028,MARCOS ANTONIO PREZENÇA,PHS,Deputado Estadual,0,2018
0380,31029,JOSÉ FORTUNATO SANTANA JÚNIOR,PHS,Deputado Estadual,0,2018
0380,31031,DAMARIS DIAS MOURA KUO,PHS,Deputado Estadual,185,2018
0380,31032,JUAREZ DE CARVALHO COSTA,PHS,Deputado Estadual,0,2018
0380,31034,ADILSON LUIZ DA CRUZ,PHS,Deputado Estadual,1,2018
0380,31035,RONALDO ELIAS MARIANO,PHS,Deputado Estadual,0,2018
0380,31040,LUIZ HENRIQUE POLITA JARDIM TEIXEIRA,PHS,Deputado Estadual,0,2018
0380,31043,JUAREZ SOLANA DE FREITAS,PHS,Deputado Estadual,8,2018
0380,31044,ANA PAULA OLIVEIRA SOUZA,PHS,Deputado Estadual,0,2018
0380,31051,MARIA DA GLÓRIA MATOS GUILHAMATE,PHS,Deputado Estadual,0,2018
0380,31055,JERUSA JANUÁRIA DA SILVA,PHS,Deputado Estadual,0,2018
0380,31077,CLAUDETE CACCIAGUERRA,PHS,Deputado Estadual,0,2018
0380,31100,MARIO CESAR TRUNCI DE MARCO,PHS,Deputado Estadual,0,2018
0380,31109,FIRMINA ALVES DA SILVA,PHS,Deputado Estadual,0,2018
0380,31111,BRUNO CESAR ANDRELLO STIPPE,PHS,Deputado Estadual,3,2018
0380,31113,LETIVAN RODRIGUES DE CARVALHO,PHS,Deputado Estadual,0,2018
0380,31115,ANTONIO HENRIQUE PEREIRA LEITE,PHS,Deputado Estadual,0,2018
0380,31117,JAIRO PEDRO DE ASSIS,PHS,Deputado Estadual,2,2018
0380,31118,SIDNEY DE OLIVEIRA SOARES,PHS,Deputado Estadual,0,2018
0380,31121,FABRÍCIO MARCOS DA SILVA,PHS,Deputado Estadual,0,2018
0380,31123,PAULO DE TARSO NUNES CHIODE,PHS,Deputado Estadual,5,2018
0380,31124,CINTIA DE OLIVEIRA SILVA,PHS,Deputado Estadual,0,2018
0380,31130,MARIA DE FATIMA RODRIGUES ANDRADE PIRES,PHS,Deputado Estadual,0,2018
0380,31131,EDSON SATORU SAKASHITA,PHS,Deputado Estadual,4,2018
0380,31133,MARCO ANTONIO ZITO ALVARENGA,PHS,Deputado Estadual,4,2018
0380,31139,ELIAS DIAS DOS SANTOS,PHS,Deputado Estadual,2,2018
0380,31164,KÁTIA TORBA PERRONE,PHS,Deputado Estadual,6,2018
0380,31183,VALDIR DONIZETE FLAUSINO,PHS,Deputado Estadual,0,2018
0380,31190,FERDINANDO AUGUSTO GALERA,PHS,Deputado Estadual,2,2018
0380,31193,ANGELO MARCIO DE JESUS SILVA,PHS,Deputado Estadual,0,2018
0380,31199,EDSON RODRIGUES CARDOSO,PHS,Deputado Estadual,1,2018
0380,31200,ALESSANDRO RUIZ MARTINEZ,PHS,Deputado Estadual,95,2018
0380,31201,VINÍCIUS DE ANDRADE PEREIRA,PHS,Deputado Estadual,0,2018
0380,31202,THEREZINHA MARIA DE JESUS DA SILVA,PHS,Deputado Estadual,0,2018
0380,31211,RAIMUNDO SOUZA TEIXEIRA,PHS,Deputado Estadual,0,2018
0380,31222,WALDIR FRANCISCO LIMA,PHS,Deputado Estadual,1,2018
0380,31234,MARCUS VINÍCIUS ANDRADE AMBRÓSIO,PHS,Deputado Estadual,0,2018
0380,31277,LUIZ EUSTAQUIO DOS SANTOS,PHS,Deputado Estadual,0,2018
0380,31291,REGINALDO NUNES BEZERRA,PHS,Deputado Estadual,0,2018
0380,31299,PAULO SÉRGIO RODRIGUES DA SILVA,PHS,Deputado Estadual,13,2018
0380,31300,AILTON APARECIDO TIPÓ LAURINDO,PHS,Deputado Estadual,0,2018
0380,31303,FELIPE ANDRE CANUTO GOMES,PHS,Deputado Estadual,2,2018
0380,31311,NOELI PEREIRA MAESTER,PHS,Deputado Estadual,0,2018
0380,31313,ULISSES ROBERTO CORNAZZANI SALES,PHS,Deputado Estadual,2,2018
0380,31320,EDSON DA CRUZ,PHS,Deputado Estadual,0,2018
0380,31322,VALDIRENY DE MIRA DA SILVA,PHS,Deputado Estadual,6,2018
0380,31331,BAZELAU RAMOS,PHS,Deputado Estadual,106,2018
0380,31333,THELMA ELAINE BRASILEIRO ROBERTI,PHS,Deputado Estadual,144,2018
0380,31349,RICARDO HOLZ VIDAL DOS SANTOS,PHS,Deputado Estadual,1,2018
0380,31364,DENIS DIAS DA ROCHA,PHS,Deputado Estadual,2,2018
0380,31373,MICHEL HENRIQUE MOREIRA BARBOSA,PHS,Deputado Estadual,0,2018
0380,31399,ROSEANE SEPRENYI,PHS,Deputado Estadual,0,2018
0380,31401,REGINA DE CÁSSIA  PONTES ALVES DA SILVA,PHS,Deputado Estadual,0,2018
0380,31421,CARLOS ALBERTO RIBEIRO,PHS,Deputado Estadual,3,2018
0380,31444,FERNANDO BITENCOURT,PHS,Deputado Estadual,1,2018
0380,31450,DALVA REGINA PERES,PHS,Deputado Estadual,0,2018
0380,31455,EDSON FUZARO DE CASTRO,PHS,Deputado Estadual,0,2018
0380,31456,JOÃO AGNALDO DONIZETI GANDINI,PHS,Deputado Estadual,3,2018
0380,31500,VALDECIR APARECIDO DO NASCIMENTO,PHS,Deputado Estadual,1,2018
0380,31531,JONAS DE CASTRO DIAS,PHS,Deputado Estadual,0,2018
0380,31550,TALITHA CICILINI GARAVATI,PHS,Deputado Estadual,2,2018
0380,31551,ANDRESSA LUIZ MARTINS,PHS,Deputado Estadual,1,2018
0380,31555,EDICARLOS DE OLIVEIRA SANTOS,PHS,Deputado Estadual,3,2018
0380,31611,RAMON BERTONI PEREIRA,PHS,Deputado Estadual,0,2018
0380,31631,RONALDO FRANCISCO DA CRUZ,PHS,Deputado Estadual,2,2018
0380,31650,WILLIAM SEITI SASHIDA,PHS,Deputado Estadual,0,2018
0380,31651,GUSTAVO HENRIQUE FARGIANI,PHS,Deputado Estadual,0,2018
0380,31660,HELENA APARECIDA GOMES,PHS,Deputado Estadual,0,2018
0380,31717,CRISTIANE FONTES DE CARVALHO NOGUEIRA,PHS,Deputado Estadual,3,2018
0380,31747,ODAIR DE ABREU,PHS,Deputado Estadual,0,2018
0380,31770,MARIA JOSETANIA DE OLIVEIRA TEIXEIRA,PHS,Deputado Estadual,1,2018
0380,31777,GERALDO PEREIRA DE BARROS NETO,PHS,Deputado Estadual,4,2018
0380,31780,BRAZ PEREIRA,PHS,Deputado Estadual,0,2018
0380,31787,AUGUSTO VIEIRA DA SILVA,PHS,Deputado Estadual,0,2018
0380,31789,GUSTAVO COELHO DA SILVA,PHS,Deputado Estadual,0,2018
0380,31800,JOSE ARIVALDO RODRIGUES,PHS,Deputado Estadual,6,2018
0380,31880,MARIA CORDELIZA DOS SANTOS,PHS,Deputado Estadual,0,2018
0380,31900,ADRIANA LUCIA BARRETO,PHS,Deputado Estadual,3,2018
0380,31972,ROSELI DE CAMPOS,PHS,Deputado Estadual,0,2018
0380,31973,ALEXANDRE OLIMPIO DOS SANTOS,PHS,Deputado Estadual,1,2018
0380,31977,LUIZ JACINTO NEPOMUCENO NETO,PHS,Deputado Estadual,3,2018
0380,31990,ELIAS DOS ANJOS,PHS,Deputado Estadual,0,2018
0380,31999,DANIELA HELENICE DANELUZZI SUTTO,PHS,Deputado Estadual,0,2018
0380,33001,JOSÉ MILTON RUIZ LOPES,PMN,Deputado Estadual,1,2018
0380,33003,MÔNICA MARINA BONIFÁCIO MOSCHETTA,PMN,Deputado Estadual,4,2018
0380,33033,FRANCISCO MARCOS IRAN AQUINO ROLIM,PMN,Deputado Estadual,1,2018
0380,33056,PAULO MASSARELLI,PMN,Deputado Estadual,4,2018
0380,33090,JOSÉ EDUARDO DE OLIVEIRA,PMN,Deputado Estadual,2,2018
0380,33111,MAYCON HYPPOLITO NOGUEIRA,PMN,Deputado Estadual,0,2018
0380,33125,ILIETE GERAGE,PMN,Deputado Estadual,0,2018
0380,33140,ROBERTO BARBOSA RODRIGUES,PMN,Deputado Estadual,0,2018
0380,33145,DIOGO ALVES DE PAIVA,PMN,Deputado Estadual,0,2018
0380,33150,JOÃO MARCOS LEITE,PMN,Deputado Estadual,0,2018
0380,33156,WILSON SANTOS MARTINS JUNIOR,PMN,Deputado Estadual,0,2018
0380,33190,CELIMAR GOMES DA SILVA,PMN,Deputado Estadual,13,2018
0380,33193,MARCIO DONIZETE CRUZ SILVA,PMN,Deputado Estadual,1,2018
0380,33216,ROBERTO VIEIRA DIAS,PMN,Deputado Estadual,0,2018
0380,33223,SANDRO CUNHA,PMN,Deputado Estadual,0,2018
0380,33233,ADIENE CRISTINA SCAREL BRENGA,PMN,Deputado Estadual,9,2018
0380,33300,ALEX BATISTA ROCHA,PMN,Deputado Estadual,18,2018
0380,33313,ANTONIO CARLOS FERREIRA JUNIOR,PMN,Deputado Estadual,0,2018
0380,33321,MICHAEL REGINALDO OLIVEIRA DO NASCIMENTO,PMN,Deputado Estadual,0,2018
0380,33333,CARLOS EDUARDO DA SILVA,PMN,Deputado Estadual,5,2018
0380,33356,CARLOS ROBERTO SILVA,PMN,Deputado Estadual,0,2018
0380,33445,LUCIANA ALVES BONIFÁCIO,PMN,Deputado Estadual,0,2018
0380,33456,REGINALDO VIANA GOMES,PMN,Deputado Estadual,0,2018
0380,33464,DENIVIA ROSA DOS SANTOS OLIVEIRA,PMN,Deputado Estadual,0,2018
0380,33555,JOSIVAN FERREIRA DE ASSIS,PMN,Deputado Estadual,0,2018
0380,33633,GERALDO DA SILVA MAIA FILHO,PMN,Deputado Estadual,21,2018
0380,33645,GLADISON DAVID NEIVA DIAS,PMN,Deputado Estadual,0,2018
0380,33651,RITA DE CASSIA MENEZES SANTOS NASCIMENTO,PMN,Deputado Estadual,0,2018
0380,33661,IRENILDA APARECIDA MARIA FRANCISCO,PMN,Deputado Estadual,2,2018
0380,33663,VERIDIANA DA SILVA CASTRO MARTINES,PMN,Deputado Estadual,0,2018
0380,33666,AGNALDO ALVES PEREIRA,PMN,Deputado Estadual,4,2018
0380,33707,ROGÉRIO MARCELINO DE MOURA,PMN,Deputado Estadual,0,2018
0380,33777,LUISA APARECIDA DE BARROS,PMN,Deputado Estadual,2,2018
0380,33789,ANDRÉ BASÍLIO DOS SANTOS,PMN,Deputado Estadual,0,2018
0380,33808,ELSA MUCHA ZANELLA,PMN,Deputado Estadual,0,2018
0380,33810,MARCOS ANTONIO COSTA,PMN,Deputado Estadual,0,2018
0380,33848,OSCAR DE MATTOS,PMN,Deputado Estadual,1,2018
0380,33888,JOSÉ FERREIRA CUNHA,PMN,Deputado Estadual,0,2018
0380,33900,MARIA ERIVANDA CAVALCANTE ARAÚJO,PMN,Deputado Estadual,2,2018
0380,35001,EDNEI APARECIDO PEREIRA,PMB,Deputado Estadual,0,2018
0380,35007,FRANCISCO MAURO DOS SANTOS,PMB,Deputado Estadual,0,2018
0380,35010,SIRA DA SILVA,PMB,Deputado Estadual,0,2018
0380,35011,ELIANA GUERREIRO,PMB,Deputado Estadual,0,2018
0380,35017,TALALE MICHEL CHEDID FILHO,PMB,Deputado Estadual,0,2018
0380,35022,ROSÁLIA DOS SANTOS LIMA,PMB,Deputado Estadual,0,2018
0380,35055,SANDRO HENRIQUE DE CARVALHO COELHO,PMB,Deputado Estadual,1,2018
0380,35100,ALESSANDRA VICENTE SILVERIO,PMB,Deputado Estadual,9,2018
0380,35111,HÉLIO TELES ALVES,PMB,Deputado Estadual,0,2018
0380,35123,AIRTON DA COSTA,PMB,Deputado Estadual,0,2018
0380,35129,CLEUZA SOUZA FRANÇA ALVES,PMB,Deputado Estadual,0,2018
0380,35135,SIMONE APARECIDA DE SOUZA SOARES,PMB,Deputado Estadual,0,2018
0380,35163,ROSIMEIRE SANTOS CESCHINI,PMB,Deputado Estadual,1,2018
0380,35321,MARIA DO CARMO DA CRUZ SANTOS,PMB,Deputado Estadual,0,2018
0380,35333,CARLA ZIPER PEREIRA DE CARVALHO,PMB,Deputado Estadual,0,2018
0380,35456,MARIA TERESA LANDUCCI ROSSIGALLI,PMB,Deputado Estadual,1,2018
0380,35477,REGIANE APARECIDA DE SOUZA NEVES,PMB,Deputado Estadual,2,2018
0380,35500,JOÃO MIGUEL ALVES,PMB,Deputado Estadual,0,2018
0380,35555,WENCESLAU DE SOUZA NETO,PMB,Deputado Estadual,1,2018
0380,35600,ADILSON ALVES DE OLIVEIRA,PMB,Deputado Estadual,0,2018
0380,35678,SARA REGINA ADÃO SILVA,PMB,Deputado Estadual,0,2018
0380,35755,TIAGO CESAR GONÇALVES,PMB,Deputado Estadual,0,2018
0380,35777,ANITA DOS SANTOS TAKAIYASU,PMB,Deputado Estadual,0,2018
0380,35853,WANDER RIBEIRO DE ALMEIDA,PMB,Deputado Estadual,0,2018
0380,35888,JAIME DA SILVA,PMB,Deputado Estadual,0,2018
0380,36000,LAURINDA VAZ DE LIMA,PTC,Deputado Estadual,3,2018
0380,36003,MAGNA SOUZA ARAUJO DA SILVA,PTC,Deputado Estadual,0,2018
0380,36007,RODRIGO EDUARDO DE ALMEIDA PARDI,PTC,Deputado Estadual,0,2018
0380,36010,REANOLFO CLAUDIO DE SIQUEIRA,PTC,Deputado Estadual,0,2018
0380,36013,TELISVALDO OLIVEIRA RIOS,PTC,Deputado Estadual,13,2018
0380,36015,ELIANE FLORENCIO DA SILVA,PTC,Deputado Estadual,0,2018
0380,36016,CLAUDIA OLIVEIRA RODRIGUES SANTOS,PTC,Deputado Estadual,0,2018
0380,36018,GERALDO MONTEIRO TEIXEIRA FILHO,PTC,Deputado Estadual,0,2018
0380,36019,ROSANA CASSIA DOS SANTOS,PTC,Deputado Estadual,0,2018
0380,36033,MAURICIO SIQUEIRA,PTC,Deputado Estadual,0,2018
0380,36036,LEONARDO DA SILVA BRIGAGAO,PTC,Deputado Estadual,1,2018
0380,36070,ALESSANDRO LEITE CAGE,PTC,Deputado Estadual,0,2018
0380,36100,MARINA CAFASSO MOREIRA FARIA,PTC,Deputado Estadual,0,2018
0380,36111,MARCELO LUCIANO DA SILVA,PTC,Deputado Estadual,0,2018
0380,36132,MILTON ANGELO RODRIGUES FILHO,PTC,Deputado Estadual,0,2018
0380,36190,ALEXANDRE ALVES DA ROCHA,PTC,Deputado Estadual,0,2018
0380,36222,FRANCISCA MARIA DE MORAES RODRIGUES,PTC,Deputado Estadual,0,2018
0380,36250,LUCIO FLAVIO PICANÇA FREIRE,PTC,Deputado Estadual,0,2018
0380,36333,PAULO FRANCISCO ALVARENGA BARBOSA,PTC,Deputado Estadual,1,2018
0380,36360,MOACYR SANTANA GUIMARAES,PTC,Deputado Estadual,0,2018
0380,36456,MARCELO DA CRUZ DE SOUZA,PTC,Deputado Estadual,0,2018
0380,36500,SERGIO BORGES ARRUDA,PTC,Deputado Estadual,5,2018
0380,36555,HELTON MESSIAS,PTC,Deputado Estadual,0,2018
0380,36705,JEFFERSON TORRES DA CRUZ,PTC,Deputado Estadual,0,2018
0380,36710,ELIZABET DA SILVA ALMEIDA,PTC,Deputado Estadual,0,2018
0380,36777,EDVALDO DA SILVA GABRIEL,PTC,Deputado Estadual,1,2018
0380,36789,ROGERIO JACOMO MICHELETTI,PTC,Deputado Estadual,1,2018
0380,36888,JOSE MARIA BARBOSA DA SILVA,PTC,Deputado Estadual,0,2018
0380,36889,JOYCE FELIX BARBOZA,PTC,Deputado Estadual,0,2018
0380,36904,MARCOS PRUDENTE CAJE,PTC,Deputado Estadual,0,2018
0380,40000,RAFAEL FERNANDO ZIMBALDI,PSB,Deputado Estadual,6378,2018
0380,40001,LUIS CLAUDIO LAPENA BARRETO,PSB,Deputado Estadual,9,2018
0380,40004,ANGELO JOSÉ LEITE CARDOSO COELHO,PSB,Deputado Estadual,3,2018
0380,40010,HUGO DO PRADO SANTOS,PSB,Deputado Estadual,3,2018
0380,40012,ANIZIA MOTTA DOS SANTOS LOURENÇO,PSB,Deputado Estadual,3,2018
0380,40014,ILDACY BOTELHO CORDEIRO,PSB,Deputado Estadual,2,2018
0380,40023,ORLANDO JOSÉ BOLÇONE,PSB,Deputado Estadual,13,2018
0380,40040,REGIS LEANDRO YASUMURA,PSB,Deputado Estadual,7,2018
0380,40080,SUELY VILELA,PSB,Deputado Estadual,12,2018
0380,40100,ROBERTO CARVALHO ENGLER PINTO,PSB,Deputado Estadual,11,2018
0380,40111,GILMARA ALMEIDA GONÇALVES RIEVRS OLIVEIRA,PSB,Deputado Estadual,3,2018
0380,40112,CARLOS CEZAR DA SILVA,PSB,Deputado Estadual,569,2018
0380,40123,EDSON TOMAZINI,PSB,Deputado Estadual,12,2018
0380,40140,NELSON DIMAS BRAMBILLA,PSB,Deputado Estadual,10,2018
0380,40144,MARIA DE FATIMA DE CARVALHO,PSB,Deputado Estadual,3,2018
0380,40150,BASÍLIO ZECCHINI FILHO,PSB,Deputado Estadual,6,2018
0380,40163,LUZINETE ROSA DOS SANTOS,PSB,Deputado Estadual,0,2018
0380,40180,LUCIANA TRINDADE DE MACEDO,PSB,Deputado Estadual,1,2018
0380,40193,AMILTON PEREIRA BRITO,PSB,Deputado Estadual,0,2018
0380,40222,ROBERTO YOSHIHIRO SEKIYA,PSB,Deputado Estadual,14,2018
0380,40234,CAMILA CORREA MARINO,PSB,Deputado Estadual,7,2018
0380,40280,MARTA CRISTINA LEÃO FERREIRA DA CUNHA,PSB,Deputado Estadual,30,2018
0380,40300,GIL LANCASTER FRAZÃO DE MORÃES,PSB,Deputado Estadual,53,2018
0380,40321,RODOLFO HESSEL FANGANIELLO,PSB,Deputado Estadual,11,2018
0380,40333,ANA CRISTINA GONÇALVES DE ABREU SOUZA,PSB,Deputado Estadual,22,2018
0380,40400,ADILSON ROSSI,PSB,Deputado Estadual,51,2018
0380,40401,LUCIANA OLIVEIRA DE PAIVA,PSB,Deputado Estadual,0,2018
0380,40404,NILTON ROBERTO MARTINES,PSB,Deputado Estadual,13,2018
0380,40440,FÁBIO ALEXANDRE DE ARAÚJO NUNES,PSB,Deputado Estadual,7,2018
0380,40456,JOÃO CARLOS CARAMEZ,PSB,Deputado Estadual,10,2018
0380,40500,RAFAEL ANTONIO DA SILVA,PSB,Deputado Estadual,16,2018
0380,40505,FABRICIO AMARO ANDRADE,PSB,Deputado Estadual,2,2018
0380,40540,JOSÉ ANTONIO BARROS MUNHOZ,PSB,Deputado Estadual,27,2018
0380,40550,MARIO LUIZ TARRICONE,PSB,Deputado Estadual,2,2018
0380,40555,PAULO SERGIO BAPTISTA DE SOUZA,PSB,Deputado Estadual,2,2018
0380,40600,FABÍOLA DE CAMPOS BRAGA MATTOZINHO,PSB,Deputado Estadual,45,2018
0380,40610,DHONY OLIVEIRA SOUZA,PSB,Deputado Estadual,8,2018
0380,40640,CAIO FRANÇA DE GOUVEA GOMES,PSB,Deputado Estadual,51,2018
0380,40675,JOAQUIM MARCELINO JOFFRE NETO,PSB,Deputado Estadual,1,2018
0380,40740,ADMIR DONIZETI FERRO,PSB,Deputado Estadual,5,2018
0380,40777,ANDRÉ LUIS BUENO,PSB,Deputado Estadual,16,2018
0380,40780,JOSÉ AGRIPINO DA SILVA,PSB,Deputado Estadual,3,2018
0380,40789,VINICIUS ALMEIDA CAMARINHA,PSB,Deputado Estadual,10,2018
0380,40866,ROSELI APARECIDA KEIKO KOBAYASHI,PSB,Deputado Estadual,3,2018
0380,40888,EMILIANO ZAPATA FERREIRA MARCELINO SILVA,PSB,Deputado Estadual,19,2018
0380,40999,MARCO ANTONIO SILVA,PSB,Deputado Estadual,0,2018
0380,43000,FRANCISCO JARLES DA SILVA BEZERRA,PV,Deputado Estadual,2,2018
0380,43001,EDSON DE OLIVEIRA GIRIBONI,PV,Deputado Estadual,32,2018
0380,43008,JOSÉ HENRIQUE CONTI,PV,Deputado Estadual,48,2018
0380,43010,CÉLIA CANDIDA MARCONDES SMITH,PV,Deputado Estadual,6,2018
0380,43013,PRISCILA FRANÇA DE FIGUEIREDO,PV,Deputado Estadual,1,2018
0380,43015,JOÃO AMAURICIO PAULI,PV,Deputado Estadual,3,2018
0380,43024,REGINALDO SOUZA MACHADO,PV,Deputado Estadual,3,2018
0380,43033,FRANCISCO ANTONIO SARDELLI,PV,Deputado Estadual,65,2018
0380,43043,HERNANDO MAURO DIÓGENES DE AQUINO,PV,Deputado Estadual,8,2018
0380,43044,ESTER DA SILVA,PV,Deputado Estadual,0,2018
0380,43100,CELINA HARUMI NISHIZAWA,PV,Deputado Estadual,10,2018
0380,43123,CÍCERA SEVERINA DA CONCEIÇÃO MUSA,PV,Deputado Estadual,3,2018
0380,43135,JOSÉ AFONSO LOBATO,PV,Deputado Estadual,6,2018
0380,43199,LILIAN CRISTINA DOS SANTOS FARIA,PV,Deputado Estadual,0,2018
0380,43243,ANTONIO CARLOS MARTINS RIBEIRO,PV,Deputado Estadual,0,2018
0380,43300,LUANA LACERDA DE ALMEIDA,PV,Deputado Estadual,2,2018
0380,43333,ULYSSES MARIO TASSINARI,PV,Deputado Estadual,16,2018
0380,43334,LUIS MARCELO COMERON,PV,Deputado Estadual,1,2018
0380,43363,REINALDO DE SOUZA ALGUZ,PV,Deputado Estadual,156,2018
0380,43369,ORLANDO COUTO JUNIOR,PV,Deputado Estadual,0,2018
0380,43432,MARIA BEZERRA DE MENEZES SCORZA,PV,Deputado Estadual,2,2018
0380,43433,BRUNA HELENA SOUZA TEIXEIRA DE BARROS,PV,Deputado Estadual,31,2018
0380,43543,ANTONIO FERNANDES FERRARI,PV,Deputado Estadual,1,2018
0380,43622,CESAR AUGUSTO JOSÉ,PV,Deputado Estadual,0,2018
0380,43666,ANA DA SILVA FERNANDES,PV,Deputado Estadual,11,2018
0380,43777,CAIO CESAR MACHADO DA CUNHA,PV,Deputado Estadual,8,2018
0380,43999,VERA LÚCIA DA SILVA VENTURA,PV,Deputado Estadual,5,2018
0380,44000,REGINALDO PUGAS,PRP,Deputado Estadual,10,2018
0380,44002,JOSE FERNANDO DA SILVA LUZ,PRP,Deputado Estadual,0,2018
0380,44003,ABIGAIL BENTO DA SILVA,PRP,Deputado Estadual,19,2018
0380,44004,SERGIO CUNHA,PRP,Deputado Estadual,0,2018
0380,44005,APARECIDO DOS SANTOS,PRP,Deputado Estadual,0,2018
0380,44007,ANTONIO CLAUDINO CORDEIRO,PRP,Deputado Estadual,0,2018
0380,44008,SERGIO ALBUQUERQUE LIMA,PRP,Deputado Estadual,0,2018
0380,44012,PATRICIA DE ARRUDA APOLINÁRIO,PRP,Deputado Estadual,1,2018
0380,44014,MARIA ANDRADE DA SILVA,PRP,Deputado Estadual,0,2018
0380,44015,MARIA CRISTINA CICAGNO,PRP,Deputado Estadual,0,2018
0380,44016,MARIA REGINA ALMEIDA SANTOS SANCHES,PRP,Deputado Estadual,0,2018
0380,44018,ALAINY PRYSCILLA OLIVEIRA DA SILVA,PRP,Deputado Estadual,0,2018
0380,44022,TELMA GIMENEZ LOUREIRO,PRP,Deputado Estadual,0,2018
0380,44023,GRECIONE MAGALHÃES DE ALMEIDA,PRP,Deputado Estadual,0,2018
0380,44025,JOSE ROOSEVELT MARTOS,PRP,Deputado Estadual,0,2018
0380,44027,MARIA JOSE DA SILVA,PRP,Deputado Estadual,0,2018
0380,44040,WILLIAM ALBERTO DE ANDRADE,PRP,Deputado Estadual,1,2018
0380,44042,ORIDES MARTINS NEVES,PRP,Deputado Estadual,0,2018
0380,44043,JOSE VERGILIO REIS,PRP,Deputado Estadual,0,2018
0380,44044,RODRIGO PEREIRA DE OLIVEIRA,PRP,Deputado Estadual,0,2018
0380,44045,UZIEL FERREIRA DO NASCIMENTO,PRP,Deputado Estadual,0,2018
0380,44046,FRANCISCO DE ASSIS VIEIRA,PRP,Deputado Estadual,0,2018
0380,44047,ZENAIDE GONCALVES VIANA,PRP,Deputado Estadual,0,2018
0380,44055,JACKSON CARLOS SOUZA DO SACRAMENTO,PRP,Deputado Estadual,0,2018
0380,44062,PAULO PRADO LEITE,PRP,Deputado Estadual,1,2018
0380,44066,DOMINGOS SALVIO SANTOS DA ANUNCIAÇÃO,PRP,Deputado Estadual,0,2018
0380,44077,HELIO BRASSAROTO,PRP,Deputado Estadual,0,2018
0380,44088,WALTER BONETTI,PRP,Deputado Estadual,0,2018
0380,44091,JOSE JATOBA FILHO,PRP,Deputado Estadual,0,2018
0380,44100,ANTONIO ELITON SANTOS DE BRITO,PRP,Deputado Estadual,0,2018
0380,44105,DANIELE REGINA RODRIGUES DO CARMO,PRP,Deputado Estadual,0,2018
0380,44106,ANGELA ALVES PEREIRA GOUVEIA,PRP,Deputado Estadual,0,2018
0380,44111,PAULO MEDEIROS DOS SANTOS,PRP,Deputado Estadual,0,2018
0380,44113,MOISES FERREIRA DA SILVA,PRP,Deputado Estadual,0,2018
0380,44114,APARECIDO ALESSIO CRUZ DE OLIVEIRA,PRP,Deputado Estadual,0,2018
0380,44117,MARCOS FRANCISCO DE MORAES,PRP,Deputado Estadual,0,2018
0380,44118,LUIZ FERNANDES,PRP,Deputado Estadual,0,2018
0380,44120,JOSE CARLOS DOS SANTOS,PRP,Deputado Estadual,0,2018
0380,44122,DEYVISON ERIK GASPAR,PRP,Deputado Estadual,0,2018
0380,44123,JOÃO BATISTA BRANDÃO DO AMARAL,PRP,Deputado Estadual,2,2018
0380,44124,DALILA RITA VITOR DOS SANTOS DA SILVA,PRP,Deputado Estadual,0,2018
0380,44130,JOSE EDVALDO BRITO,PRP,Deputado Estadual,0,2018
0380,44140,MARCELO COLUSSO,PRP,Deputado Estadual,0,2018
0380,44142,LUCINEIA SECANECHIA MALTA,PRP,Deputado Estadual,0,2018
0380,44144,DANIEL MATIAS DA SILVA,PRP,Deputado Estadual,6,2018
0380,44153,DANIEL PEREIRA DA SILVA,PRP,Deputado Estadual,0,2018
0380,44157,RODNEI CESAR DE SOUZA,PRP,Deputado Estadual,0,2018
0380,44160,CLEIDE MARIA ARAUJO MODESTO,PRP,Deputado Estadual,0,2018
0380,44176,MARCELO ROMANO GONÇALVES,PRP,Deputado Estadual,1,2018
0380,44182,EDINEI ROCHA SANTANA,PRP,Deputado Estadual,0,2018
0380,44190,JEAN PIERRE FERREIRA DA SILVA,PRP,Deputado Estadual,1,2018
0380,44201,EROS GOMES RIBEIRO,PRP,Deputado Estadual,0,2018
0380,44211,RAFAEL PEREIRA DA SILVA,PRP,Deputado Estadual,0,2018
0380,44213,SERGIO ALVES DOS SANTOS,PRP,Deputado Estadual,0,2018
0380,44222,ROSANGELA HENRIQUE DE LIMA,PRP,Deputado Estadual,0,2018
0380,44223,MARTA CORREA DOS SANTOS,PRP,Deputado Estadual,0,2018
0380,44234,REGINALDO SOARES DOS SANTOS,PRP,Deputado Estadual,0,2018
0380,44255,EVERALDO CAETANO DA SILVA,PRP,Deputado Estadual,0,2018
0380,44301,ODIVA FERNANDES MENEZES,PRP,Deputado Estadual,0,2018
0380,44334,PAULO CALADO FARIAS,PRP,Deputado Estadual,0,2018
0380,44343,PATRICIA CONSUELO DE SOUZA,PRP,Deputado Estadual,0,2018
0380,44344,SILVANA INES MOREIRA,PRP,Deputado Estadual,0,2018
0380,44351,ILMA ROSA DA SILVA,PRP,Deputado Estadual,0,2018
0380,44411,AMAURY CUNHA CÂMARA,PRP,Deputado Estadual,0,2018
0380,44418,SILVANA REGINA DA SILVA DOS SANTOS,PRP,Deputado Estadual,0,2018
0380,44423,LUCIANA DRAGONE COUTINHO,PRP,Deputado Estadual,0,2018
0380,44425,ELISABETH APARECIDA RODRIGUES DOS SANTOS,PRP,Deputado Estadual,4,2018
0380,44440,JOSE CARLOS LEITE DE CARVALHO,PRP,Deputado Estadual,0,2018
0380,44441,ALESSANDRO MOGLIA,PRP,Deputado Estadual,0,2018
0380,44443,JOÃO LIMA COSTA,PRP,Deputado Estadual,0,2018
0380,44444,FELICIANO NAHIMY FILHO,PRP,Deputado Estadual,676,2018
0380,44445,MOYSES GABRIEL,PRP,Deputado Estadual,0,2018
0380,44447,CARMEM MARIA UCHOA FERNANDES,PRP,Deputado Estadual,0,2018
0380,44456,CARLOS ROBERTO RANGEL DE SOUZA,PRP,Deputado Estadual,0,2018
0380,44491,SONIA MARIA GUERREIRO PAZINI,PRP,Deputado Estadual,0,2018
0380,44499,ROSEMEIRE RIBEIRO,PRP,Deputado Estadual,0,2018
0380,44500,ROGERIO GOMES DO NASCIMENTO,PRP,Deputado Estadual,0,2018
0380,44511,JOSE CARLOS FLAUSINO,PRP,Deputado Estadual,0,2018
0380,44544,ISAIAS GUEDES GUIMARÃES,PRP,Deputado Estadual,2,2018
0380,44553,ROMILDO FIDELIS,PRP,Deputado Estadual,0,2018
0380,44567,JOSE BERALDO,PRP,Deputado Estadual,0,2018
0380,44600,ARMINDO ALBINO MUNHOZ,PRP,Deputado Estadual,0,2018
0380,44610,DANUBIA CRISTINA GOMES ALVES,PRP,Deputado Estadual,0,2018
0380,44631,JONAS FONTOURA SANTANA,PRP,Deputado Estadual,0,2018
0380,44663,MANOEL MILANEZ DA SILVA FILHO,PRP,Deputado Estadual,0,2018
0380,44666,JOÃO BOSCO DANTAS LOPES,PRP,Deputado Estadual,0,2018
0380,44677,ADRIANA SOUZA DOS SANTOS PEREIRA,PRP,Deputado Estadual,1,2018
0380,44678,OSVALDO LIMA DA SILVA,PRP,Deputado Estadual,0,2018
0380,44700,ITAMAR SENA,PRP,Deputado Estadual,0,2018
0380,44728,WLADIMIR ROGERIO DOS SANTOS,PRP,Deputado Estadual,0,2018
0380,44744,MARCELO EDUARDO AMICI JORGE,PRP,Deputado Estadual,2,2018
0380,44758,RENATO BORGIANI,PRP,Deputado Estadual,0,2018
0380,44774,MARCELO SOLON RODRIGUES,PRP,Deputado Estadual,0,2018
0380,44777,JESUS DE AQUINO,PRP,Deputado Estadual,2,2018
0380,44779,DALILA CAMARGO,PRP,Deputado Estadual,0,2018
0380,44789,JOÃO ALFREDO DE OLIVEIRA,PRP,Deputado Estadual,6,2018
0380,44800,MARCELO DONIZETTI FARIA RAMALHO,PRP,Deputado Estadual,0,2018
0380,44888,JOSE VALDIVINO GREGORIO,PRP,Deputado Estadual,0,2018
0380,44910,MARCOS PAULO CABRAL DE LIMA,PRP,Deputado Estadual,0,2018
0380,44944,VERA LUCIA APARECIDA ALVES,PRP,Deputado Estadual,0,2018
0380,44949,SILVANA REIS NICOLAU,PRP,Deputado Estadual,0,2018
0380,44977,NEUSA DA SILVA OLIVEIRA,PRP,Deputado Estadual,0,2018
0380,44999,RODRIGO SALES BARBOSA,PRP,Deputado Estadual,0,2018
0380,45000,CAUE CASEIRO MACRIS,PSDB,Deputado Estadual,533,2018
0380,45002,IVONE FERNANDES DIAS DO NASCIMENTO,PSDB,Deputado Estadual,3,2018
0380,45005,CAROLINA FUNARI LUCIO,PSDB,Deputado Estadual,3,2018
0380,45007,WIVIANE MARIA SPAZIANI,PSDB,Deputado Estadual,0,2018
0380,45009,SANDRA MARIA ANDRADE DE ALMEIDA,PSDB,Deputado Estadual,1,2018
0380,45045,GUSTAVO MARTINELLI,PSDB,Deputado Estadual,19,2018
0380,45100,CAIO MARCIO VIOTTO COUBE,PSDB,Deputado Estadual,7,2018
0380,45111,MARCO ANTONIO SCARASATI VINHOLI,PSDB,Deputado Estadual,12,2018
0380,45114,MARIA LUCIA CARDOSO PINTO AMARY,PSDB,Deputado Estadual,8,2018
0380,45115,JULIO PIRES DOS SANTOS JUNIOR,PSDB,Deputado Estadual,0,2018
0380,45121,VANESSA ORSINI,PSDB,Deputado Estadual,1,2018
0380,45122,ANTONIO DE SOUSA RAMALHO,PSDB,Deputado Estadual,4,2018
0380,45123,MAURÍCIO MENNA BARRETO GASPARINI,PSDB,Deputado Estadual,23,2018
0380,45125,MAURO BRAGATO,PSDB,Deputado Estadual,7,2018
0380,45145,GIOVANNA GUIMARÃES TRIPOLI,PSDB,Deputado Estadual,107,2018
0380,45151,JOSE CARLOS VAZ DE LIMA,PSDB,Deputado Estadual,38,2018
0380,45157,SANDRA CRISTINA LEITE SANTANA,PSDB,Deputado Estadual,16,2018
0380,45200,CELIA CAMARGO LEÃO EDELMUTH,PSDB,Deputado Estadual,2549,2018
0380,45222,ANTONIO DA ROCHA MARMO CEZAR,PSDB,Deputado Estadual,7,2018
0380,45232,CARLOS EDUARDO PIGNATARI,PSDB,Deputado Estadual,20,2018
0380,45300,FABIANO ANDREY BERTAGNOLI TRIGO,PSDB,Deputado Estadual,3,2018
0380,45321,PATRICIA GAMA DE QUADROS BEZERRA,PSDB,Deputado Estadual,57,2018
0380,45333,CARLOS CESAR ARCOLINO,PSDB,Deputado Estadual,9,2018
0380,45345,RAUL CHRISTIANO DE OLIVEIRA SANCHEZ,PSDB,Deputado Estadual,6,2018
0380,45400,ANALICE FERNANDES,PSDB,Deputado Estadual,109,2018
0380,45444,FHIAMA RAQUEL BISPO DE SOUZA,PSDB,Deputado Estadual,3,2018
0380,45445,MICHELLI VENEZIANI DA SILVA,PSDB,Deputado Estadual,8,2018
0380,45450,MARCUS MACEDO,PSDB,Deputado Estadual,6,2018
0380,45451,AURÉLIO NOMURA,PSDB,Deputado Estadual,78,2018
0380,45454,THOMÁS ANTONIO CAPELETTO DE OLIVEIRA,PSDB,Deputado Estadual,58,2018
0380,45455,GILMAR DA SILVA GIMENES,PSDB,Deputado Estadual,6,2018
0380,45456,MARCIO CESAR DE CAMARGO,PSDB,Deputado Estadual,5,2018
0380,45470,ANA CRISTINA DA SILVA COSTA,PSDB,Deputado Estadual,22,2018
0380,45477,ROBERTO MASSAFERA,PSDB,Deputado Estadual,6,2018
0380,45500,DEBORA MARCONDES SILVA,PSDB,Deputado Estadual,7,2018
0380,45545,JOBERT ALEXANDRINO,PSDB,Deputado Estadual,7,2018
0380,45555,CASSIO DE CASTRO NAVARRO,PSDB,Deputado Estadual,13,2018
0380,45600,CAROLINA DE MORAES PONTES,PSDB,Deputado Estadual,16,2018
0380,45610,HELIO NISHIMOTO,PSDB,Deputado Estadual,17,2018
0380,45633,AUGUSTO DUARTE MOREIRA NETO,PSDB,Deputado Estadual,2,2018
0380,45678,GILSON ALMEIDA BARRETO JUNIOR,PSDB,Deputado Estadual,2,2018
0380,45680,CARLA SARDANO MORANDO,PSDB,Deputado Estadual,13,2018
0380,45700,JOSE ANTONIO DE ANGELIS,PSDB,Deputado Estadual,9,2018
0380,45745,JOSÉ MARIO BRASILIENSE CARNEIRO,PSDB,Deputado Estadual,10,2018
0380,45777,CLAUDIO YUKIO MIYAKE,PSDB,Deputado Estadual,78,2018
0380,45780,MARCOS ANTONIO ZERBINI,PSDB,Deputado Estadual,10,2018
0380,45789,WILSON ALVES DAMASCENO,PSDB,Deputado Estadual,10,2018
0380,45800,PAULO MATHIAS DE TARSO,PSDB,Deputado Estadual,62,2018
0380,45845,THIAGO ANTUNES CAVALCA REIS LOBO,PSDB,Deputado Estadual,8,2018
0380,45855,ELISSANDRO MARCIO SILVA LINDOSO,PSDB,Deputado Estadual,4,2018
0380,45888,ADRIANO CAMARGO ANTONIO,PSDB,Deputado Estadual,2,2018
0380,45900,MARCO ANTONIO DA FONSECA BICHEIRO,PSDB,Deputado Estadual,0,2018
0380,50000,ANDERSON SEVERIANO GOMES,PSOL,Deputado Estadual,33,2018
0380,50001,ALEXANDRE PINHEIRO COSTA,PSOL,Deputado Estadual,4,2018
0380,50002,ALEXYA LUCAS EVANGELISTA SALVADOR,PSOL,Deputado Estadual,39,2018
0380,50005,TAMIRES DE SOUSA ARANTES,PSOL,Deputado Estadual,9,2018
0380,50007,MARIA CAROLINA LUIZ RUBINATO,PSOL,Deputado Estadual,34,2018
0380,50010,GENIVAL CALIXTO DA COSTA,PSOL,Deputado Estadual,5,2018
0380,50012,JESSICA MARQUES RIBEIRO,PSOL,Deputado Estadual,4,2018
0380,50013,EDINALDO DOS SANTOS MACEDO,PSOL,Deputado Estadual,0,2018
0380,50018,MAYKON RODRIGUES DOS SANTOS,PSOL,Deputado Estadual,3,2018
0380,50019,RONALDO DA CRUZ BRAGANÇA,PSOL,Deputado Estadual,16,2018
0380,50021,THYAGO MARCONDES,PSOL,Deputado Estadual,1,2018
0380,50030,SANDRO VINICIUS ORTEGA NICODEMO,PSOL,Deputado Estadual,0,2018
0380,50033,SIRLEI PEREIRA LIMA GOBI,PSOL,Deputado Estadual,0,2018
0380,50036,REGIS MARQUES RIBEIRO,PSOL,Deputado Estadual,1,2018
0380,50039,RODRIGO DA SILVA,PSOL,Deputado Estadual,1,2018
0380,50040,DORIVAL BORELLI FILHO,PSOL,Deputado Estadual,1,2018
0380,50050,ANITA DE GUSMÃO DAMIÃO,PSOL,Deputado Estadual,13,2018
0380,50051,PALOMA APARECIDA SOARES,PSOL,Deputado Estadual,4,2018
0380,50069,HAILEY KAAS ALVES PEDRO DA SILVA,PSOL,Deputado Estadual,24,2018
0380,50070,JOSELICIO FREITAS DOS SANTOS JUNIOR,PSOL,Deputado Estadual,1,2018
0380,50075,ANA CLAUDIA SILVA MIELKE,PSOL,Deputado Estadual,78,2018
0380,50077,CÁSSIO ALBERTO DO NASCIMENTO,PSOL,Deputado Estadual,5,2018
0380,50080,LUCAS DE PAULA LANDIN,PSOL,Deputado Estadual,0,2018
0380,50088,PAULO PEREIRA ROCHA,PSOL,Deputado Estadual,0,2018
0380,50090,FRANCISCO GILBERTO DA SILVA,PSOL,Deputado Estadual,1,2018
0380,50100,MARIANA CONTI TAKAHASHI,PSOL,Deputado Estadual,2343,2018
0380,50111,JORGE DAVID SALGADO,PSOL,Deputado Estadual,18,2018
0380,50120,DAMIÃO TAVARES DOS SANTOS,PSOL,Deputado Estadual,0,2018
0380,50122,ANSELMO PIRES DA SILVA NETO,PSOL,Deputado Estadual,0,2018
0380,50123,JOÃO PAULO RILLO,PSOL,Deputado Estadual,30,2018
0380,50130,LEANDRO MOREIRA GONÇALVES,PSOL,Deputado Estadual,10,2018
0380,50133,MARCELO REINA SILIANO,PSOL,Deputado Estadual,1,2018
0380,50135,RAFAEL FRANCIS OLIVA,PSOL,Deputado Estadual,0,2018
0380,50147,ELIANAI MAESTRELLO DE LYRA,PSOL,Deputado Estadual,0,2018
0380,50150,LUCAS FERREIRA CARDOSO,PSOL,Deputado Estadual,0,2018
0380,50180,ISADORA MARTINATTI PENNA,PSOL,Deputado Estadual,129,2018
0380,50190,BRUNO LOZZI DA COSTA,PSOL,Deputado Estadual,4,2018
0380,50197,VALDIR JOSE UCHOA,PSOL,Deputado Estadual,2,2018
0380,50200,MARCELLO FERREIRA DOS SANTOS,PSOL,Deputado Estadual,0,2018
0380,50222,MAIRA MACHADO RODRIGUES,PSOL,Deputado Estadual,11,2018
0380,50225,MARIA DO CARMO OLIVEIRA NAFALSKI,PSOL,Deputado Estadual,0,2018
0380,50234,MADALENA SILVA SANTOS,PSOL,Deputado Estadual,66,2018
0380,50235,VALERIA MAURICIO,PSOL,Deputado Estadual,0,2018
0380,50250,SARA RODRIGUES DE FRANÇA VIEIRA,PSOL,Deputado Estadual,2,2018
0380,50300,JOAO LUIS DIAS ZAFALAO,PSOL,Deputado Estadual,5,2018
0380,50321,ROSANA BIGNAMI,PSOL,Deputado Estadual,1,2018
0380,50324,MOACIR CAVALCANTI DOS SANTOS,PSOL,Deputado Estadual,0,2018
0380,50333,LEONARDO MANOEL ALVES,PSOL,Deputado Estadual,10,2018
0380,50350,PEDRO HENRIQUE TERUJI JERONIMO MINAMIDANI,PSOL,Deputado Estadual,0,2018
0380,50420,ELY ITO RODRIGUES,PSOL,Deputado Estadual,5,2018
0380,50444,ADEMILSON MIGUEL FERNANDES,PSOL,Deputado Estadual,14,2018
0380,50450,DJALMA NERY FERREIRA NETO,PSOL,Deputado Estadual,27,2018
0380,50456,GISELE CRISTIANE VIEIRA,PSOL,Deputado Estadual,1,2018
0380,50479,SIDNEI APARECIDO GARCIA,PSOL,Deputado Estadual,0,2018
0380,50490,SHIRLANDIA SALES NOVAIS,PSOL,Deputado Estadual,4,2018
0380,50500,RENATO BENTO LUIZ,PSOL,Deputado Estadual,19,2018
0380,50501,FERNANDO ANTONIO FERREIRA,PSOL,Deputado Estadual,2,2018
0380,50505,BRUNO VIEIRA MAIA,PSOL,Deputado Estadual,46,2018
0380,50518,CRISTIANE GANDOLFI,PSOL,Deputado Estadual,6,2018
0380,50550,RAUL MARCELO DE SOUZA,PSOL,Deputado Estadual,12,2018
0380,50555,MAURICIO DE MELO VIEIRA,PSOL,Deputado Estadual,4,2018
0380,50567,JAIR RODRIGUES DE CARVALHO,PSOL,Deputado Estadual,1,2018
0380,50620,MARCOS ROBERTO COELHO,PSOL,Deputado Estadual,1,2018
0380,50630,EDNALDO BISPO DA CRUZ,PSOL,Deputado Estadual,0,2018
0380,50650,ANTONIO BIAGIO VESPOLI,PSOL,Deputado Estadual,8,2018
0380,50666,MARCIA FREIRE DE MATTOS RUBIANO,PSOL,Deputado Estadual,0,2018
0380,50678,ANDRÉ SAPANOS DE CARVALHO,PSOL,Deputado Estadual,2,2018
0380,50690,CARLOS JOSE DA SILVA,PSOL,Deputado Estadual,4,2018
0380,50700,FABIANO DE CARVALHO BATISTA,PSOL,Deputado Estadual,4,2018
0380,50720,WLISSES DANIEL SILVA CABRAL,PSOL,Deputado Estadual,0,2018
0380,50750,REJANE DE MOURA,PSOL,Deputado Estadual,1,2018
0380,50777,PAULO ROBERTO BUFALO,PSOL,Deputado Estadual,705,2018
0380,50787,EDUARDO VICENTE DA FONSECA,PSOL,Deputado Estadual,2,2018
0380,50789,CARLOS ALBERTO GIANNASI,PSOL,Deputado Estadual,360,2018
0380,50800,IURIATAN FELIPE MUNIZ,PSOL,Deputado Estadual,47,2018
0380,50813,ANGELA CRISTINA ALVES DE AZEVEDO,PSOL,Deputado Estadual,1,2018
0380,50848,LUZIANE DIAS SIMÃO,PSOL,Deputado Estadual,6,2018
0380,50850,JOÃO VITOR DIAMANTINO CORRÊA BARBOSA,PSOL,Deputado Estadual,0,2018
0380,50881,DANIEL BELARMINO,PSOL,Deputado Estadual,0,2018
0380,50888,ÉRICA DA SILVA,PSOL,Deputado Estadual,177,2018
0380,50900,MONICA CRISTINA SEIXAS BONFIM,PSOL,Deputado Estadual,357,2018
0380,50917,CÉLIO PELICIARI DE PAULA JÚNIOR,PSOL,Deputado Estadual,3,2018
0380,50950,JOSE HERMENEGILDO DE MARTIN,PSOL,Deputado Estadual,1,2018
0380,50980,GILBERTO MARQUES,PSOL,Deputado Estadual,2,2018
0380,50999,SANDRO CUNHA DOS SANTOS,PSOL,Deputado Estadual,0,2018
0380,51000,SERGIO ANTONIO NECHAR,PATRI,Deputado Estadual,11,2018
0380,51001,MOESIO ALVES CORREIA,PATRI,Deputado Estadual,2,2018
0380,51003,HENRIQUE AGUILERA FILHO,PATRI,Deputado Estadual,0,2018
0380,51004,DIMAS MENDES DA SILVA JUNIOR,PATRI,Deputado Estadual,2,2018
0380,51006,THAIS CRISTINA DE CASTRO CONDE GALVAO,PATRI,Deputado Estadual,1,2018
0380,51007,SÉRGIO GUERRA,PATRI,Deputado Estadual,0,2018
0380,51008,ROBERTO CARLOS DE SANTI,PATRI,Deputado Estadual,1,2018
0380,51011,MARCIA FERREIRA LUCAS,PATRI,Deputado Estadual,0,2018
0380,51013,MALAQUIAS ARAUJO MELO,PATRI,Deputado Estadual,0,2018
0380,51015,DEUSAMAR SANTOS TEIXEIRA SALVADOR,PATRI,Deputado Estadual,4,2018
0380,51016,ROSANA FEITOSA ALVES,PATRI,Deputado Estadual,0,2018
0380,51017,SOLANGE DEVIETRO,PATRI,Deputado Estadual,3,2018
0380,51018,MARIA DE LOURDES SILVA DEPIERI,PATRI,Deputado Estadual,0,2018
0380,51019,ANDERSON DIAS DE MENESES,PATRI,Deputado Estadual,0,2018
0380,51020,ALEXANDRE FERREIRA DE SOUSA,PATRI,Deputado Estadual,4,2018
0380,51021,LIDIA MARIA DE SOUZA,PATRI,Deputado Estadual,0,2018
0380,51022,RENATA MARCIA ALVES BRAGA,PATRI,Deputado Estadual,0,2018
0380,51025,ELISMONICA SOUZA SILVA,PATRI,Deputado Estadual,0,2018
0380,51029,MARCOS ANDRE SANTOS MESSIAS,PATRI,Deputado Estadual,0,2018
0380,51030,LUIZ CARLOS DE PAULA,PATRI,Deputado Estadual,0,2018
0380,51032,ISAIAS CONCEIÇÃO,PATRI,Deputado Estadual,0,2018
0380,51033,ANDRE RAPHAEL BUION MARQUES,PATRI,Deputado Estadual,0,2018
0380,51035,JOSÉ MESSIAS DA COSTA,PATRI,Deputado Estadual,2,2018
0380,51036,MARIA DE LOURDES BORGES PIZONI,PATRI,Deputado Estadual,0,2018
0380,51037,LUIZ VINICIUS DOS SANTOS,PATRI,Deputado Estadual,0,2018
0380,51038,TERESINHA GERALDO LISBOA,PATRI,Deputado Estadual,0,2018
0380,51040,RENATO ANTONIO FONSECA FILHO,PATRI,Deputado Estadual,0,2018
0380,51041,RAQUEL AGUIAR DE OLIVEIRA SILVA,PATRI,Deputado Estadual,0,2018
0380,51045,CINTHIA FERNANDES BANDEIRA,PATRI,Deputado Estadual,6,2018
0380,51051,JAMIL AKIO ONO,PATRI,Deputado Estadual,8,2018
0380,51052,EDUARDO MONTEIRO,PATRI,Deputado Estadual,0,2018
0380,51053,CARLA ISOLA CASALE,PATRI,Deputado Estadual,1,2018
0380,51055,EDSON FERREIRA PONTES,PATRI,Deputado Estadual,0,2018
0380,51056,ROBSON LIEBETANZ DZELVE CALABIANQUI,PATRI,Deputado Estadual,1,2018
0380,51057,GRAZIELE CRISTINA LUCATO,PATRI,Deputado Estadual,1,2018
0380,51060,FRANCISCA LUIZ PEREIRA,PATRI,Deputado Estadual,0,2018
0380,51077,HELENA MARIA LEME BARBOSA,PATRI,Deputado Estadual,0,2018
0380,51081,MARCOS JOSÉ DO VALLE,PATRI,Deputado Estadual,0,2018
0380,51082,CICERO EDINALDO DE MENEZES,PATRI,Deputado Estadual,1,2018
0380,51085,MARINALVA CONCEIÇÃO SANTOS,PATRI,Deputado Estadual,1,2018
0380,51088,MARIA JOSÉ DOS SANTOS,PATRI,Deputado Estadual,0,2018
0380,51090,RONALDO ROSA DE ALMEIDA,PATRI,Deputado Estadual,0,2018
0380,51100,ANDRE GOMES BARBOSA,PATRI,Deputado Estadual,3,2018
0380,51111,ZELINDIANOR OLIVEIRA DE SOUZA,PATRI,Deputado Estadual,0,2018
0380,51120,EDSON RICARDO DE CARVALHO SOUZA,PATRI,Deputado Estadual,0,2018
0380,51121,ANTÔNIO MARCOS RODRIGUES,PATRI,Deputado Estadual,0,2018
0380,51123,REGINA DA SILVA COSTA,PATRI,Deputado Estadual,0,2018
0380,51127,VALDIR HENRIQUE DOS SANTOS FERREIRA,PATRI,Deputado Estadual,0,2018
0380,51145,JOSE ALEXANDRE JUNCO,PATRI,Deputado Estadual,0,2018
0380,51151,RENAN ELIAS GODINHO,PATRI,Deputado Estadual,0,2018
0380,51153,ADRIANA ALVES DE OLIVEIRA,PATRI,Deputado Estadual,2,2018
0380,51155,JORGE DE FREITAS,PATRI,Deputado Estadual,7,2018
0380,51158,WASHINGTON SOUZA CARDOSO DOS SANTOS,PATRI,Deputado Estadual,0,2018
0380,51167,CARLOS EDUARDO MONÇÃO GARCIA,PATRI,Deputado Estadual,0,2018
0380,51177,ROBERTO PIMENTEL,PATRI,Deputado Estadual,0,2018
0380,51190,WILSON DE OLIVEIRA MORAIS,PATRI,Deputado Estadual,13,2018
0380,51193,GUARACY RIBEIRO FILHO,PATRI,Deputado Estadual,2,2018
0380,51200,JAIR RAMALHO DA SILVA,PATRI,Deputado Estadual,0,2018
0380,51215,FRANCISCO MONTEIRO DE ARRUDA,PATRI,Deputado Estadual,0,2018
0380,51222,ENIVALDO LEITE,PATRI,Deputado Estadual,1,2018
0380,51233,JOSE CARLOS BISPO DOS SANTOS,PATRI,Deputado Estadual,0,2018
0380,51234,PAULO DE TARSO CARDOSO DE MIRANDA,PATRI,Deputado Estadual,0,2018
0380,51235,NILSON PEREIRA DE ABREU,PATRI,Deputado Estadual,0,2018
0380,51251,ELISA KATSUE TAKAHASHI CARARETO,PATRI,Deputado Estadual,0,2018
0380,51270,OSMAR MENEZES MARQUES,PATRI,Deputado Estadual,0,2018
0380,51300,DEUSDETE PEREIRA MARINHO,PATRI,Deputado Estadual,0,2018
0380,51302,MARCELO BARRETO STERZA,PATRI,Deputado Estadual,0,2018
0380,51322,MARIA ALICE ARAÚJO LIMBERG,PATRI,Deputado Estadual,1,2018
0380,51326,AMANDA SANTOS DA SILVA,PATRI,Deputado Estadual,2,2018
0380,51333,ROBERTO CARDOSO FERREIRA,PATRI,Deputado Estadual,0,2018
0380,51343,ODAIR BENTO FILHO,PATRI,Deputado Estadual,1,2018
0380,51345,HALSE MICHELLINE TAVARES COELHO,PATRI,Deputado Estadual,0,2018
0380,51346,ARY LOPES DA CRUZ,PATRI,Deputado Estadual,0,2018
0380,51351,VALENTIM PEREIRA LIMA,PATRI,Deputado Estadual,0,2018
0380,51353,GIOVANNA MARQUES DOS REIS,PATRI,Deputado Estadual,0,2018
0380,51355,CARLOS ALBERTO PINTO DA SILVA,PATRI,Deputado Estadual,2,2018
0380,51369,PAULO SERGIO BENISSE,PATRI,Deputado Estadual,0,2018
0380,51381,MARIA INÊS GIANINI,PATRI,Deputado Estadual,0,2018
0380,51394,VANDECI LAURENTINO DE OLIVEIRA,PATRI,Deputado Estadual,0,2018
0380,51400,JORGE DONIZETTI RIBEIRO DE MATOS,PATRI,Deputado Estadual,0,2018
0380,51440,WANDERLEY FAVILA,PATRI,Deputado Estadual,0,2018
0380,51444,FERNANDO HENRIQUE FERREIRA,PATRI,Deputado Estadual,3,2018
0380,51445,IRENICE ODETE BARBOSA,PATRI,Deputado Estadual,0,2018
0380,51446,GIULIO BALDI DANTAS,PATRI,Deputado Estadual,1,2018
0380,51451,SAMIR AFONSO MARGONAR,PATRI,Deputado Estadual,3,2018
0380,51455,CLAUDENICE JEFERSINA SANTANA DA SILVA,PATRI,Deputado Estadual,1,2018
0380,51456,JOSE DONISETI GILDO,PATRI,Deputado Estadual,0,2018
0380,51458,MESSIAS JOSÉ DE MORAES,PATRI,Deputado Estadual,0,2018
0380,51460,CICERO MACEDO DA SILVA,PATRI,Deputado Estadual,0,2018
0380,51470,LEANDRO DE JESUS,PATRI,Deputado Estadual,0,2018
0380,51478,MARIA DERLÂNIA LIMA SANTOS,PATRI,Deputado Estadual,1,2018
0380,51479,WILLIAN GALVAO DA SILVA,PATRI,Deputado Estadual,0,2018
0380,51480,MARIA DE LOURDES DE LIMA GUSSONI,PATRI,Deputado Estadual,0,2018
0380,51491,GONZAGA MENDES DE OLIVEIRA,PATRI,Deputado Estadual,0,2018
0380,51500,MARCIO DENER CORAN,PATRI,Deputado Estadual,28,2018
0380,51510,ANGELA MARIA DE OLIVEIRA,PATRI,Deputado Estadual,0,2018
0380,51511,ITAMAR GONÇALVES,PATRI,Deputado Estadual,1,2018
0380,51515,SILNEY MARCOS BERALDO,PATRI,Deputado Estadual,5,2018
0380,51526,ANDRÉ ITALO MAURO,PATRI,Deputado Estadual,0,2018
0380,51531,MAURICIO ANTONIO FOGAÇA,PATRI,Deputado Estadual,0,2018
0380,51533,VALDEMAR DIAS PEREIRA FILHO,PATRI,Deputado Estadual,0,2018
0380,51550,EDSON MACENO,PATRI,Deputado Estadual,3,2018
0380,51551,DIOGENES MORIS MORENO DOS SANTOS,PATRI,Deputado Estadual,1,2018
0380,51555,LUIS ROBERTO TAVARES,PATRI,Deputado Estadual,2,2018
0380,51580,SIMONE APARECIDA SANTOS,PATRI,Deputado Estadual,2,2018
0380,51599,MARCIO XAVIER DA SILVA,PATRI,Deputado Estadual,0,2018
0380,51600,ALMIR DE ALEXANDRES,PATRI,Deputado Estadual,0,2018
0380,51610,JOSÉ EDIMILSON DA SILVA,PATRI,Deputado Estadual,0,2018
0380,51664,ELIABE VENANCIO AIRES,PATRI,Deputado Estadual,0,2018
0380,51678,FLAVIA MARIA DOS ANJOS SILVA,PATRI,Deputado Estadual,0,2018
0380,51686,LAURO MARTINS DE LARA NETO,PATRI,Deputado Estadual,0,2018
0380,51699,PAULO ALVES CORRÊA JUNIOR,PATRI,Deputado Estadual,59,2018
0380,51700,SUELLEN SILVA ROSIM,PATRI,Deputado Estadual,3,2018
0380,51707,MEGIONE BASSETTO DE CASTRO,PATRI,Deputado Estadual,0,2018
0380,51737,LUIZ ALBERTO TEIXEIRA FERREIRA,PATRI,Deputado Estadual,1,2018
0380,51749,RUTE DA COSTA ESMAEL LOPES,PATRI,Deputado Estadual,0,2018
0380,51751,GILVANETE BATISTA DE MORAIS,PATRI,Deputado Estadual,0,2018
0380,51760,LAURINDA FRANCISCA DOS SANTOS,PATRI,Deputado Estadual,1,2018
0380,51762,THIAGO BARBOZA LUZ,PATRI,Deputado Estadual,0,2018
0380,51773,LUIS CARLOS MIRANDA,PATRI,Deputado Estadual,0,2018
0380,51777,MARCO ANTONIO MAURO PORTELLA,PATRI,Deputado Estadual,0,2018
0380,51779,CHALANA MACHADO DOS SANTOS,PATRI,Deputado Estadual,1,2018
0380,51789,ADILSON EUGENIO DE LIMA,PATRI,Deputado Estadual,2,2018
0380,51796,HAYSLAN PIRES GONÇALVES,PATRI,Deputado Estadual,0,2018
0380,51800,MARIA DE LOURDES SANTANA DA CONCEICAO,PATRI,Deputado Estadual,0,2018
0380,51841,SAMUEL DO CARMO,PATRI,Deputado Estadual,0,2018
0380,51851,ERICA NASCIMENTO SILVA,PATRI,Deputado Estadual,0,2018
0380,51852,ANTONIO OLIVA DE ARAUJO,PATRI,Deputado Estadual,0,2018
0380,51877,SONIA APARECIDA GRANITO BARBOSA,PATRI,Deputado Estadual,0,2018
0380,51888,LUCAS DE ASSIS COSTA,PATRI,Deputado Estadual,3,2018
0380,51911,ABEL ELIAS DE CAMARGO,PATRI,Deputado Estadual,0,2018
0380,54007,FERNANDO RODRIGO DE CARVALHO,PPL,Deputado Estadual,0,2018
0380,54019,HELITON ESCORPELI,PPL,Deputado Estadual,4,2018
0380,54035,REGINA MARILIA PRADO MANSSUR,PPL,Deputado Estadual,0,2018
0380,54040,MARCOS ROBERTO OLIVAL DIAS,PPL,Deputado Estadual,0,2018
0380,54051,BENEDITO HONORIO BARBOSA,PPL,Deputado Estadual,1,2018
0380,54119,ROBSON FLORA COSIMATTI,PPL,Deputado Estadual,0,2018
0380,54222,STELIO LEAL PESSANHA,PPL,Deputado Estadual,1,2018
0380,54290,JALMIRA DO CARMO SILVA COELHO,PPL,Deputado Estadual,0,2018
0380,54300,MARIANA NUNES DE MOURA SOUZA,PPL,Deputado Estadual,65,2018
0380,54321,AMELIA RENATA MANARA DOMENI GASTI,PPL,Deputado Estadual,4,2018
0380,54322,JOAO LUIZ LEITE,PPL,Deputado Estadual,1,2018
0380,54333,DANIEL FERNAINE DRAGER,PPL,Deputado Estadual,0,2018
0380,54501,OBERVAN DUNGA DOS SANTOS,PPL,Deputado Estadual,0,2018
0380,54555,EDVALDO HEITOR BORTOLLOTTI,PPL,Deputado Estadual,0,2018
0380,54700,LUIZ CARLOS DA SILVA,PPL,Deputado Estadual,0,2018
0380,54789,ROSLAVIO ALFREDO GRAF JUNIOR,PPL,Deputado Estadual,0,2018
0380,54854,PAULO CESAR CANDIDO BARBOSA,PPL,Deputado Estadual,0,2018
0380,54855,SAMIRA DIAS DA SILVA ALVES,PPL,Deputado Estadual,0,2018
0380,54991,ROSANE OLIVEIRA DA COSTA,PPL,Deputado Estadual,0,2018
0380,54999,RONALDO BARROS DE OLIVEIRA,PPL,Deputado Estadual,27,2018
0380,55000,GUSTAVO RAMOS PERISSINOTTO,PSD,Deputado Estadual,7,2018
0380,55023,FABIO CESAR SATO,PSD,Deputado Estadual,3,2018
0380,55030,LUCIANO ANDRÉ RODRIGUES,PSD,Deputado Estadual,6,2018
0380,55055,RENATO PUPO DE PAULA,PSD,Deputado Estadual,12,2018
0380,55090,CAROLINE STEINMETZ,PSD,Deputado Estadual,68,2018
0380,55100,DIEGO HENRIQUE RODRIGUES MIRANDA,PSD,Deputado Estadual,1,2018
0380,55110,ANTONIO MARCOS DA SILVA POLYCENO,PSD,Deputado Estadual,0,2018
0380,55123,RENATA LEMES DE PAIVA MENDES DA COSTA,PSD,Deputado Estadual,7,2018
0380,55125,MANOEL DAVID KORN DE CARVALHO,PSD,Deputado Estadual,1,2018
0380,55133,JULIANA VIGGIANI VALIO BORGES,PSD,Deputado Estadual,13,2018
0380,55153,MARIA DE LOURDES SOARES,PSD,Deputado Estadual,197,2018
0380,55155,MARINA JAYME DE MELO CARDINALI,PSD,Deputado Estadual,4,2018
0380,55190,ALVARO BATISTA CAMILO,PSD,Deputado Estadual,52,2018
0380,55199,WILMA DE FREITAS MALTA,PSD,Deputado Estadual,0,2018
0380,55200,NELSON SCHREINER JUNIOR,PSD,Deputado Estadual,3,2018
0380,55222,ADOLFO QUINTAS GONÇALVES NETO,PSD,Deputado Estadual,1,2018
0380,55255,ALEXANDRE MILANESE CAMILLO,PSD,Deputado Estadual,61,2018
0380,55321,JONATHAN AMORA DE RAGO,PSD,Deputado Estadual,0,2018
0380,55333,PAULO ROBERTO DE CAMPOS,PSD,Deputado Estadual,3,2018
0380,55400,MARTA MARIA FREIRE DA COSTA,PSD,Deputado Estadual,835,2018
0380,55500,MARCIA WALÉRIA NUNES DE OLIVEIRA DIAS,PSD,Deputado Estadual,1,2018
0380,55555,RITA DE CASSIA TRINCA PASSOS,PSD,Deputado Estadual,15,2018
0380,55655,ROSSANA RODRIGUES ROSSINI CAMACHO,PSD,Deputado Estadual,3,2018
0380,55677,PAULO LUIS SANTOS,PSD,Deputado Estadual,1,2018
0380,55678,FABIO FERNANDO DOS REIS SILVA,PSD,Deputado Estadual,0,2018
0380,55755,LUIZ CARLOS GIANELLI TEIXEIRA,PSD,Deputado Estadual,0,2018
0380,55777,ALEXANDER MUNIZ DE OLIVEIRA,PSD,Deputado Estadual,134,2018
0380,55800,RAFAEL GANZERLI AUAD,PSD,Deputado Estadual,2,2018
0380,55826,CLARICE SILVA BARBOSA,PSD,Deputado Estadual,0,2018
0380,55855,LIVIO ANTONIO GIOSA,PSD,Deputado Estadual,13,2018
0380,55900,KARINA CARLA DA SILVA,PSD,Deputado Estadual,4,2018
0380,55955,PATRICIA DOS REIS TRAVASSOS,PSD,Deputado Estadual,0,2018
0380,65000,LUIS ARAUJO FRANÇA,PC do B,Deputado Estadual,0,2018
0380,65001,GLAUBER DA SILVA,PC do B,Deputado Estadual,0,2018
0380,65005,GLÉDSON ANTONIO DE PROENÇA,PC do B,Deputado Estadual,0,2018
0380,65007,MARISA APARECIDA DE SÁ LIMA,PC do B,Deputado Estadual,1,2018
0380,65008,DECIO DOS SANTOS,PC do B,Deputado Estadual,0,2018
0380,65013,JOSÉ MARCOLINO DA SILVA,PC do B,Deputado Estadual,0,2018
0380,65021,LUIS CARLOS SOARES DE OLIVEIRA,PC do B,Deputado Estadual,0,2018
0380,65022,GENI SALDANHA DOS SANTOS SILVA,PC do B,Deputado Estadual,0,2018
0380,65023,WLADMIR DE SOUZA CARNEIRO,PC do B,Deputado Estadual,26,2018
0380,65024,FABIO ALVES CABRAL,PC do B,Deputado Estadual,0,2018
0380,65030,NADIA MARIA AUGUSTA DE OLIVEIRA JOAQUIM,PC do B,Deputado Estadual,6,2018
0380,65035,LECI BRANDÃO DA SILVA,PC do B,Deputado Estadual,278,2018
0380,65038,ADRIANA COELHO DE OLIVEIRA,PC do B,Deputado Estadual,2,2018
0380,65040,JAMILE RANGEL DA SILVA,PC do B,Deputado Estadual,0,2018
0380,65050,RODRIGO FERNANDO ASSIS DOS SANTOS,PC do B,Deputado Estadual,0,2018
0380,65051,VALERIA CANESTRI,PC do B,Deputado Estadual,0,2018
0380,65065,EDSON GOMES DA SILVA,PC do B,Deputado Estadual,3,2018
0380,65100,ALCIDES AMAZONAS ARAUJO DOS SANTOS,PC do B,Deputado Estadual,1,2018
0380,65105,LUIZ ALBERTO DA SILVA,PC do B,Deputado Estadual,1,2018
0380,65111,RÔMULO KAZIMIERZ LUSZCZYNSKI,PC do B,Deputado Estadual,0,2018
0380,65117,EVELYN CAROLINE LIMA DOS SANTOS PEREIRA,PC do B,Deputado Estadual,0,2018
0380,65121,JORGE ANTONIO DA SILVA,PC do B,Deputado Estadual,2,2018
0380,65123,GUSTAVO LEMOS PETTA,PC do B,Deputado Estadual,803,2018
0380,65133,IRINEU SEBASTIÃO,PC do B,Deputado Estadual,0,2018
0380,65159,MARIANA ARANTES MASTROROCO,PC do B,Deputado Estadual,2,2018
0380,65161,MIRIAM APARECIDA DA SILVA,PC do B,Deputado Estadual,0,2018
0380,65165,FRANCISCA RODRIGUES BARBOSA BRITTO,PC do B,Deputado Estadual,0,2018
0380,65167,NEIDE LANDE,PC do B,Deputado Estadual,0,2018
0380,65180,CARINA VITRAL COSTA,PC do B,Deputado Estadual,40,2018
0380,65192,JEFFERSON ERECY SANTOS,PC do B,Deputado Estadual,12,2018
0380,65194,SAMIR ANGELO BASSUALDO BENTO,PC do B,Deputado Estadual,0,2018
0380,65200,GICÉLIA DOS SANTOS,PC do B,Deputado Estadual,0,2018
0380,65213,NILSON JOSE GARRIDO,PC do B,Deputado Estadual,1,2018
0380,65222,SIDNEI LUIZ PEREIRA,PC do B,Deputado Estadual,0,2018
0380,65229,NATAL DIAS DE OLIVEIRA,PC do B,Deputado Estadual,0,2018
0380,65230,CINTIA MARA GONÇALVES MUNIZ,PC do B,Deputado Estadual,0,2018
0380,65233,RUTE BARBOSA FERNANDES,PC do B,Deputado Estadual,5,2018
0380,65265,GENIVALDO BARBOSA DOS SANTOS,PC do B,Deputado Estadual,0,2018
0380,65285,LILIAN SOARES ARAUJO SANTANA,PC do B,Deputado Estadual,0,2018
0380,65300,GERALDO MAGELA DA CRUZ,PC do B,Deputado Estadual,0,2018
0380,65321,VANDERLEI SIRAQUE,PC do B,Deputado Estadual,1,2018
0380,65332,CARMEN MIRANDA ALVES PEREIRA,PC do B,Deputado Estadual,0,2018
0380,65333,RODRIGO FIRMINO ROMÃO,PC do B,Deputado Estadual,0,2018
0380,65340,ADRIANA CARDOSO AZEVEDO PERMINIO,PC do B,Deputado Estadual,3,2018
0380,65345,ELENISIO DE ALMEIDA SILVA,PC do B,Deputado Estadual,0,2018
0380,65353,JOSÉ ERIVALDO DA SILVA,PC do B,Deputado Estadual,0,2018
0380,65369,ALBERTO DE SOUZA GOMES,PC do B,Deputado Estadual,2,2018
0380,65379,EUNICE ALVES DE OLIVEIRA NORONHA,PC do B,Deputado Estadual,0,2018
0380,65400,WALTER FERNANDES CANDELARIO,PC do B,Deputado Estadual,0,2018
0380,65420,MARCOS AURÉLIO DOS SANTOS,PC do B,Deputado Estadual,1,2018
0380,65432,BRAZ HENRIQUE TELES,PC do B,Deputado Estadual,0,2018
0380,65444,RAIMUNDO FERREIRA BARROS,PC do B,Deputado Estadual,0,2018
0380,65456,MARCIO JUNIOR BRIANES,PC do B,Deputado Estadual,35,2018
0380,65465,JOSE CLAUDIO DA SILVA VIEIRA,PC do B,Deputado Estadual,0,2018
0380,65475,RENATA CZEKAY,PC do B,Deputado Estadual,0,2018
0380,65500,DOUGLAS ALBERTO SANTOS,PC do B,Deputado Estadual,0,2018
0380,65512,JOÃO ANTONIO DONIZZETTI CARVALHO,PC do B,Deputado Estadual,0,2018
0380,65523,LIOZINA DE ALMEIDA SARAIVA,PC do B,Deputado Estadual,0,2018
0380,65555,VÂNIA REGINA RIBEIRO,PC do B,Deputado Estadual,2,2018
0380,65565,EVELYN CAVALCANTE CARLOS,PC do B,Deputado Estadual,0,2018
0380,65600,JAIR MARMELO CARDOSO DE OLIVEIRA,PC do B,Deputado Estadual,0,2018
0380,65650,HENRIQUE DOMINGUES,PC do B,Deputado Estadual,2,2018
0380,65651,FLAVIO MONTESINOS GODOI,PC do B,Deputado Estadual,1,2018
0380,65653,JEFFERSON FISCHER DA ROCHA,PC do B,Deputado Estadual,1,2018
0380,65654,SERGIO LUIZ ZERBINATO RODRIGUES,PC do B,Deputado Estadual,0,2018
0380,65655,MARCEL FERRAZ CAMILO,PC do B,Deputado Estadual,0,2018
0380,65656,LUIS ALVES DE SOUZA,PC do B,Deputado Estadual,1,2018
0380,65658,SAMUEL GOMES DE JESUS,PC do B,Deputado Estadual,1,2018
0380,65659,KEITH CRISTINE HORTA,PC do B,Deputado Estadual,0,2018
0380,65666,ANTONIO CARLOS FERREIRA DE OLIVEIRA,PC do B,Deputado Estadual,0,2018
0380,65677,GUARACI FERNANDO CAMPOS,PC do B,Deputado Estadual,0,2018
0380,65678,RAFAEL TURRINI PURGATO,PC do B,Deputado Estadual,5,2018
0380,65688,ROBERTO FERREIRA DE MENEZES,PC do B,Deputado Estadual,1,2018
0380,65765,JOÃO HILTON TEIXEIRA,PC do B,Deputado Estadual,0,2018
0380,65777,SAMUEL EUZÉBIO DE OLIVEIRA,PC do B,Deputado Estadual,1,2018
0380,65787,NINA RODRIGUES VIEIRA,PC do B,Deputado Estadual,1,2018
0380,65789,MICHEL RAMIRO CARNEIRO,PC do B,Deputado Estadual,0,2018
0380,65790,JOAQUIM TEODORO GOMA,PC do B,Deputado Estadual,18,2018
0380,65852,EDSON LUIS DE AGUIAR,PC do B,Deputado Estadual,0,2018
0380,65865,GABRIEL SOARES GONÇALVES,PC do B,Deputado Estadual,1,2018
0380,65888,LOURIVALDO PRATES,PC do B,Deputado Estadual,0,2018
0380,65900,SINCLAIR LOPES DE OLIVEIRA,PC do B,Deputado Estadual,2,2018
0380,65945,NEI ROBSON MEDEIROS DE ARAUJO,PC do B,Deputado Estadual,0,2018
0380,65999,EDSON ALEXANDRE PEREIRA,PC do B,Deputado Estadual,0,2018
0380,70000,SIRINEU DE ARAUJO SANTOS,AVANTE,Deputado Estadual,29,2018
0380,70001,LUIZ FÁBIO CRUZ DA SILVA,AVANTE,Deputado Estadual,0,2018
0380,70002,VALDECIRO MAIA DOS SANTOS,AVANTE,Deputado Estadual,0,2018
0380,70003,ROGÉRIO AUGUSTO PAVÃO,AVANTE,Deputado Estadual,0,2018
0380,70004,MARCELO DA SILVA VIEIRA,AVANTE,Deputado Estadual,13,2018
0380,70005,ERALDO PEREIRA DE LIMA,AVANTE,Deputado Estadual,0,2018
0380,70006,MÁRCIO PIMENTEL BENVENUTO,AVANTE,Deputado Estadual,0,2018
0380,70007,JAIRO DOS SANTOS,AVANTE,Deputado Estadual,0,2018
0380,70009,ALEXANDRE MIGUEL COSTA,AVANTE,Deputado Estadual,0,2018
0380,70010,ESDRA BATISTA NASCIMENTO,AVANTE,Deputado Estadual,0,2018
0380,70011,LUCIANO LIMA DE ANDRADE,AVANTE,Deputado Estadual,0,2018
0380,70013,MARCIO CAETANO PEREIRA,AVANTE,Deputado Estadual,0,2018
0380,70014,WEVERSON CARLOS ALMEIDA,AVANTE,Deputado Estadual,0,2018
0380,70016,ANA RAQUEL RICARDO,AVANTE,Deputado Estadual,2,2018
0380,70017,ANDERSON ROGERIO ALVES,AVANTE,Deputado Estadual,6,2018
0380,70018,PATRICIA LUCIA GOUVEIA DA SILVA,AVANTE,Deputado Estadual,0,2018
0380,70020,URIAS GONÇALVES DA SILVA FILHO,AVANTE,Deputado Estadual,0,2018
0380,70022,JEREMIAS ALVES SANTOS,AVANTE,Deputado Estadual,0,2018
0380,70023,MARIA ELIANA NOGUEIRA,AVANTE,Deputado Estadual,0,2018
0380,70026,ROGÉRIO APARECIDO GOMES PIRES,AVANTE,Deputado Estadual,7,2018
0380,70030,GILBERTO ROQUE JACINTO,AVANTE,Deputado Estadual,1,2018
0380,70033,ANTONIO FLAVIO ALMEIDA DE OLIVEIRA,AVANTE,Deputado Estadual,2,2018
0380,70034,PLINIO MARCOS DE LIMA,AVANTE,Deputado Estadual,1,2018
0380,70040,JOSÉ NUNES DE MORAIS,AVANTE,Deputado Estadual,0,2018
0380,70043,DÉBORA DIAS DA SILVA,AVANTE,Deputado Estadual,0,2018
0380,70045,LEANDRO DE SOUZA SERRÃO,AVANTE,Deputado Estadual,0,2018
0380,70047,LAMYS MITRI FERNANDES GOMES,AVANTE,Deputado Estadual,0,2018
0380,70050,EDSON ANTUNES DOS PASSOS,AVANTE,Deputado Estadual,0,2018
0380,70055,MARIETA ANITA DE OLIVEIRA,AVANTE,Deputado Estadual,0,2018
0380,70060,PAULO HENRIQUE EVARISTO,AVANTE,Deputado Estadual,3,2018
0380,70066,CEZAR AUGUSTO DE SOUZA OLIVEIRA,AVANTE,Deputado Estadual,4,2018
0380,70070,EDSON NASCIMENTO DE OLIVEIRA,AVANTE,Deputado Estadual,1,2018
0380,70071,RAFAEL PINHEIRO DOS SANTOS,AVANTE,Deputado Estadual,2,2018
0380,70074,STEPHANY AKIE NAKAMORI NOVAES RIBEIRO,AVANTE,Deputado Estadual,0,2018
0380,70077,ISMERAÍ EGIDIO DA SILVA,AVANTE,Deputado Estadual,0,2018
0380,70078,ANGELICA DA SILVA MOREIRA,AVANTE,Deputado Estadual,0,2018
0380,70080,MICHEL DE ANDRADE BRAZ,AVANTE,Deputado Estadual,0,2018
0380,70088,MICHELE DE JESUS POINA,AVANTE,Deputado Estadual,0,2018
0380,70099,ANTONIO SOARES OLIVEIRA,AVANTE,Deputado Estadual,0,2018
0380,70100,WILLIAM ALI CHAIM,AVANTE,Deputado Estadual,10,2018
0380,70110,NILTON DANTAS,AVANTE,Deputado Estadual,0,2018
0380,70111,AURELIO SANTUCCI,AVANTE,Deputado Estadual,0,2018
0380,70117,VALTER CORRÊA JUNIOR,AVANTE,Deputado Estadual,0,2018
0380,70121,VALDÍVIO JOSÉ DE LIMA,AVANTE,Deputado Estadual,0,2018
0380,70123,FRANCISCO ESMERALDO FELIPE CARNEIRO,AVANTE,Deputado Estadual,1,2018
0380,70141,ZÊNIA PEREIRA DE ANDRADE SOUSA,AVANTE,Deputado Estadual,2,2018
0380,70147,ÂNGELA MARIA MAGALHÃES,AVANTE,Deputado Estadual,1,2018
0380,70156,EDNA GONÇALVES DA SILVA,AVANTE,Deputado Estadual,0,2018
0380,70170,RICARDO DA SILVA SAIBRO,AVANTE,Deputado Estadual,0,2018
0380,70176,KAMEL MURCHED,AVANTE,Deputado Estadual,0,2018
0380,70177,DANIEL RODRIGUES DE QUEIROZ JUNIOR,AVANTE,Deputado Estadual,0,2018
0380,70188,SIDNEY MATOS DE SOUZA,AVANTE,Deputado Estadual,1,2018
0380,70190,RUBENS CLAUDIO SIQUEIRA NERI,AVANTE,Deputado Estadual,15,2018
0380,70192,SANDRA DE OLIVEIRA SILVA,AVANTE,Deputado Estadual,0,2018
0380,70200,JOÃO CARLOS ANDRÉ,AVANTE,Deputado Estadual,0,2018
0380,70210,ANTÔNIO JOSÉ DE SOUZA SANTOS,AVANTE,Deputado Estadual,0,2018
0380,70222,REGINÉIA LEMES TAVARES,AVANTE,Deputado Estadual,0,2018
0380,70227,ERICA CRISTINA VIARO,AVANTE,Deputado Estadual,0,2018
0380,70234,FÁBIO SILVA MOREIRA,AVANTE,Deputado Estadual,0,2018
0380,70255,OTONIEL FERREIRA DE LIMA,AVANTE,Deputado Estadual,0,2018
0380,70270,MARCOS DE ARAÚJO HAGA,AVANTE,Deputado Estadual,0,2018
0380,70277,GERMANO VETTAS,AVANTE,Deputado Estadual,0,2018
0380,70300,CLAUDIO INÁCIO,AVANTE,Deputado Estadual,0,2018
0380,70321,ALMIR ROBERTO CICOTE,AVANTE,Deputado Estadual,0,2018
0380,70333,CRISTIANO GASPERINE,AVANTE,Deputado Estadual,0,2018
0380,70341,LUIZ CARLOS DOS ANJOS FREITAS,AVANTE,Deputado Estadual,0,2018
0380,70343,JOSÉ VALMIR MENDES DA SILVA,AVANTE,Deputado Estadual,0,2018
0380,70345,JOSÉ CARLOS DA SILVA,AVANTE,Deputado Estadual,1,2018
0380,70369,PAULO HENRIQUE COELHO MARBACK D OLIVEIRA,AVANTE,Deputado Estadual,0,2018
0380,70370,SALVADOR ALVES DOS SANTOS,AVANTE,Deputado Estadual,0,2018
0380,70389,CLAUDIO GOMES DE ARAUJO JUNIOR,AVANTE,Deputado Estadual,2,2018
0380,70400,ELIZEU MARTINS FELICIANO,AVANTE,Deputado Estadual,0,2018
0380,70432,EDNA FRANCISCO COSTA BEZERRA,AVANTE,Deputado Estadual,0,2018
0380,70440,JOSÉ DE SOUZA NOGUEIRA,AVANTE,Deputado Estadual,0,2018
0380,70444,SANDERSON RIBEIRO CORREIA DE LIMA,AVANTE,Deputado Estadual,0,2018
0380,70445,SUELY MARIA DE PAULO RODRIGUES,AVANTE,Deputado Estadual,0,2018
0380,70447,KEILA ZIBORDI MORAES CARVALHO,AVANTE,Deputado Estadual,0,2018
0380,70456,CLÉLIA GOMES DA SILVA,AVANTE,Deputado Estadual,24,2018
0380,70470,JÔNATAS TABORDA,AVANTE,Deputado Estadual,1,2018
0380,70500,ALESSANDRO PEREIRA DOS SANTOS,AVANTE,Deputado Estadual,2,2018
0380,70543,GIRLENE DO SOCORRO BARBOSA MAIA,AVANTE,Deputado Estadual,0,2018
0380,70555,CARLOS ALBERTO MARIANO,AVANTE,Deputado Estadual,1,2018
0380,70557,EDSON NEVES GALINDO,AVANTE,Deputado Estadual,0,2018
0380,70565,EDILEUSA MARIA ALVES DO NASCIMENTO,AVANTE,Deputado Estadual,0,2018
0380,70567,ISABEL SILVA GASPAR DE MORAIS,AVANTE,Deputado Estadual,0,2018
0380,70570,EDIVALDO APARECIDO CORREA,AVANTE,Deputado Estadual,0,2018
0380,70577,EXPEDITO CARLOS DE SOUZA,AVANTE,Deputado Estadual,18,2018
0380,70600,CARLOS ALBERTO DE ARRUDA,AVANTE,Deputado Estadual,2,2018
0380,70610,AXEL GUILHERME BATTISSACCO LUZ,AVANTE,Deputado Estadual,0,2018
0380,70642,ALESSANDRO AMORIM DE OLIVEIRA,AVANTE,Deputado Estadual,0,2018
0380,70648,IDEVAL FUENTE ALBA,AVANTE,Deputado Estadual,0,2018
0380,70654,GUNTHER SCHWEITZER,AVANTE,Deputado Estadual,0,2018
0380,70657,CLAUDIO VITORINO DA SILVA,AVANTE,Deputado Estadual,0,2018
0380,70667,IVAN ALVES FERREIRA,AVANTE,Deputado Estadual,0,2018
0380,70670,WALTER PEREIRA FERREIRA,AVANTE,Deputado Estadual,15,2018
0380,70677,JOSÉ LUIZ DE ALMEIDA,AVANTE,Deputado Estadual,0,2018
0380,70678,ANTONIO GOMES DA SILVA,AVANTE,Deputado Estadual,0,2018
0380,70700,DANIEL ALVES REQUEJO,AVANTE,Deputado Estadual,1,2018
0380,70707,ORIVALDO ROBERTO OLIVEIRA DA SILVA,AVANTE,Deputado Estadual,0,2018
0380,70717,JOSÉ FERNANDO APPEZZATO,AVANTE,Deputado Estadual,0,2018
0380,70720,JOICE APARECIDA GOMES DA CRUZ,AVANTE,Deputado Estadual,1,2018
0380,70727,LUCIANE MACHADO DA CUNHA SOUZA,AVANTE,Deputado Estadual,0,2018
0380,70730,LIDIANNE BATISTA FERNANDES,AVANTE,Deputado Estadual,0,2018
0380,70737,MICHELLE APARECIDA LAFAIETE CORRÊA DOS SANTOS,AVANTE,Deputado Estadual,0,2018
0380,70747,ELIETE DE MIRANDA MACHADO,AVANTE,Deputado Estadual,0,2018
0380,70753,MARCO ANTONIO DA SILVA EVARISTO,AVANTE,Deputado Estadual,0,2018
0380,70757,PAULA VIVIAN DE MORAES,AVANTE,Deputado Estadual,0,2018
0380,70767,PEDRO PAULO DIAS DE ANDRADE,AVANTE,Deputado Estadual,0,2018
0380,70770,CAMILO DE LELES FERNANDES,AVANTE,Deputado Estadual,0,2018
0380,70777,CAMILA PINTO DA SILVA,AVANTE,Deputado Estadual,2,2018
0380,70778,JEAN CARLOS HERZOGENRATH DE BRITO,AVANTE,Deputado Estadual,0,2018
0380,70787,MARCOS AURÉLIO MONTEMOR JUNIOR,AVANTE,Deputado Estadual,0,2018
0380,70789,MARCOS EDUARDO RODRIGUES,AVANTE,Deputado Estadual,0,2018
0380,70797,VALDEMIR SILVA FERREIRA,AVANTE,Deputado Estadual,0,2018
0380,70800,MIGUEL CARMINE GIANETTI NETTO,AVANTE,Deputado Estadual,2,2018
0380,70870,CARLOS BARBOSA GUIMARÃES SANTOS,AVANTE,Deputado Estadual,0,2018
0380,70877,ANDERSON JOSÉ FRANCISCO,AVANTE,Deputado Estadual,0,2018
0380,70888,BEIJOMAR GOMES DE OLIVEIRA,AVANTE,Deputado Estadual,0,2018
0380,70956,LUIZ HENRIQUE CORONADO DA PAZ,AVANTE,Deputado Estadual,0,2018
0380,70966,ROSEMARIO MARTINS BERNADINO,AVANTE,Deputado Estadual,0,2018
0380,70970,PAULO LUIS BATISTA,AVANTE,Deputado Estadual,0,2018
0380,70977,PAULO TADEU MARTINS JUSSIO,AVANTE,Deputado Estadual,0,2018
0380,70987,LUCINEIDE DA CONCEIÇÃO LIMA,AVANTE,Deputado Estadual,19,2018
0380,70999,LEONARDO ALVES RIBEIRO,AVANTE,Deputado Estadual,0,2018
0380,77001,ADEMIR DA PENHA CLEMENTE,SOLIDARIEDADE,Deputado Estadual,3,2018
0380,77002,SIDNEY LUIZ DA CRUZ,SOLIDARIEDADE,Deputado Estadual,1,2018
0380,77020,OSVALDO NUNES PEREIRA,SOLIDARIEDADE,Deputado Estadual,0,2018
0380,77021,VIVIAN ALBUQUERQUE SÁ,SOLIDARIEDADE,Deputado Estadual,0,2018
0380,77063,MARIA LUISA FRANCO DE GODOY,SOLIDARIEDADE,Deputado Estadual,1,2018
0380,77077,ANDRÉ LUIS PALADINO,SOLIDARIEDADE,Deputado Estadual,0,2018
0380,77100,TELMA REGINA DA CUNHA GOBBI FRANCISCHONE,SOLIDARIEDADE,Deputado Estadual,2,2018
0380,77111,GERALDO PEREIRA DE OLIVEIRA,SOLIDARIEDADE,Deputado Estadual,2,2018
0380,77112,VERA LÚCIA ROSA DIAS,SOLIDARIEDADE,Deputado Estadual,0,2018
0380,77118,JOSÉ SEBASTIÃO DE OLIVEIRA,SOLIDARIEDADE,Deputado Estadual,0,2018
0380,77121,WAGNER RIBEIRO GOMES,SOLIDARIEDADE,Deputado Estadual,0,2018
0380,77123,DAVID MARTINS DE CARVALHO,SOLIDARIEDADE,Deputado Estadual,5,2018
0380,77135,EDILSON FERREIRA,SOLIDARIEDADE,Deputado Estadual,0,2018
0380,77138,TANIA CRISTINA MARTINS SILVA,SOLIDARIEDADE,Deputado Estadual,0,2018
0380,77144,VERA LÚCIA DONDA SIMPLÍCIO BENTO,SOLIDARIEDADE,Deputado Estadual,0,2018
0380,77147,GEORGES HABIB JARROUGE,SOLIDARIEDADE,Deputado Estadual,17,2018
0380,77154,FLORISA BATISTA DE ALMEIDA,SOLIDARIEDADE,Deputado Estadual,1,2018
0380,77160,MANOEL DONIZETTI CONCEIÇÃO,SOLIDARIEDADE,Deputado Estadual,0,2018
0380,77170,BENJAMIM DOS SANTOS CARVALHO,SOLIDARIEDADE,Deputado Estadual,0,2018
0380,77177,MARCIA CARDOSO PINTO,SOLIDARIEDADE,Deputado Estadual,0,2018
0380,77178,GERALDO RODRIGUES DE SOUZA,SOLIDARIEDADE,Deputado Estadual,1,2018
0380,77192,NIVALDO LUIS RODRIGUES,SOLIDARIEDADE,Deputado Estadual,20,2018
0380,77222,CARLOS GARCIA BALADO,SOLIDARIEDADE,Deputado Estadual,0,2018
0380,77242,NAURA BATISTA FRANÇA,SOLIDARIEDADE,Deputado Estadual,0,2018
0380,77250,ARACI DE OLIVEIRA,SOLIDARIEDADE,Deputado Estadual,0,2018
0380,77300,MARCELO BENEDITO DE ARAUJO,SOLIDARIEDADE,Deputado Estadual,0,2018
0380,77345,JOSE ROBERTO MENDONÇA,SOLIDARIEDADE,Deputado Estadual,0,2018
0380,77377,SÔNIA MARIA ESTEVES DOS SANTOS SOUSA,SOLIDARIEDADE,Deputado Estadual,3,2018
0380,77381,SANDRA ROSANA JERÔNIMO DE FRANÇA,SOLIDARIEDADE,Deputado Estadual,0,2018
0380,77400,GLEYSON FARNEY LIMA DIAS,SOLIDARIEDADE,Deputado Estadual,1,2018
0380,77407,ISABEL CRISTINA VIEIRA,SOLIDARIEDADE,Deputado Estadual,0,2018
0380,77416,ROBSON DUARTE DA COSTA,SOLIDARIEDADE,Deputado Estadual,0,2018
0380,77500,IVANETE ANTONIA DA COSTA,SOLIDARIEDADE,Deputado Estadual,0,2018
0380,77688,JOÃO BATISTA SILVA,SOLIDARIEDADE,Deputado Estadual,1,2018
0380,77690,ALEXANDRE MARTINS RICCI,SOLIDARIEDADE,Deputado Estadual,1,2018
0380,77700,EDISON DIAS JUNIOR,SOLIDARIEDADE,Deputado Estadual,3,2018
0380,77747,CARLOS VICENTE DE OLIVEIRA,SOLIDARIEDADE,Deputado Estadual,11,2018
0380,77771,JAILSON TORRES MACARIO,SOLIDARIEDADE,Deputado Estadual,0,2018
0380,77775,WESLEY RENATO BRAMBILLA GRACINO DE OLIVEIRA,SOLIDARIEDADE,Deputado Estadual,0,2018
0380,77777,ALEXANDRE PEREIRA DA SILVA,SOLIDARIEDADE,Deputado Estadual,47,2018
0380,77787,JOSÉ VELOZO,SOLIDARIEDADE,Deputado Estadual,0,2018
0380,77877,CLODOALDO MACIEL FILHO,SOLIDARIEDADE,Deputado Estadual,0,2018
0380,77880,MARIA NILVA SEVERINO GONÇALVES,SOLIDARIEDADE,Deputado Estadual,1,2018
0380,77888,NIELTON CARVALHO DE MATOS,SOLIDARIEDADE,Deputado Estadual,0,2018
0380,77889,DINÁ MARIA FERREIRA,SOLIDARIEDADE,Deputado Estadual,0,2018
0380,77890,JOSE DE AMORIM OLIVEIRA,SOLIDARIEDADE,Deputado Estadual,0,2018
0380,77900,DIEGO RODRIGO NEVES MAGALHÃES,SOLIDARIEDADE,Deputado Estadual,1,2018
0380,77987,ALINE MARIA DE MOURA,SOLIDARIEDADE,Deputado Estadual,1,2018
0380,77999,DENIZE JUNQUEIRA DE LIMA,SOLIDARIEDADE,Deputado Estadual,2,2018
0380,90000,IOANNIS EVANGELOS KATSAKIS,PROS,Deputado Estadual,1,2018
0380,90001,JOSELITO DE SOUSA LIMA,PROS,Deputado Estadual,4,2018
0380,90002,MARCELO PENHA DE SOUZA FERRAZ,PROS,Deputado Estadual,27,2018
0380,90003,ILMAR CÉSAR CAVALCANTI MUNIZ,PROS,Deputado Estadual,0,2018
0380,90004,SUELI HELENA RODRIGUES,PROS,Deputado Estadual,0,2018
0380,90006,ROSÂNGELA APARECIDA DE LIMA,PROS,Deputado Estadual,0,2018
0380,90009,LUCELENE LOPES,PROS,Deputado Estadual,0,2018
0380,90010,ELIANE MARESCALCHI BRITO,PROS,Deputado Estadual,0,2018
0380,90011,MARIA CRISTINA DE PAULA LEITE GOUVÊA,PROS,Deputado Estadual,0,2018
0380,90012,EDUARDO FERREIRA,PROS,Deputado Estadual,3,2018
0380,90013,JULIO HENRIQUE FLORENCIO DE MELO,PROS,Deputado Estadual,0,2018
0380,90015,GILBERTO PEREIRA DOS SANTOS,PROS,Deputado Estadual,0,2018
0380,90016,LUCAS DE FARIA NERY DANIEL,PROS,Deputado Estadual,0,2018
0380,90018,PEDRO APARECIDO TONETTI,PROS,Deputado Estadual,0,2018
0380,90019,AILTON JOSE DA SILVA,PROS,Deputado Estadual,1,2018
0380,90020,MARCOS GALESI,PROS,Deputado Estadual,0,2018
0380,90021,RUBENS MOREIRA DA SILVA,PROS,Deputado Estadual,0,2018
0380,90022,ALESSANDRA MATOS,PROS,Deputado Estadual,1,2018
0380,90024,BRAZ ANASTACIO DA SILVA,PROS,Deputado Estadual,0,2018
0380,90033,ANA MARIA SOUZA GONÇALVES,PROS,Deputado Estadual,0,2018
0380,90038,MAURICIO TEIXEIRA ALVES,PROS,Deputado Estadual,0,2018
0380,90040,APARECIDO SOUZA SANTOS,PROS,Deputado Estadual,183,2018
0380,90044,REGIANE MARA VEIGA ALONSO,PROS,Deputado Estadual,0,2018
0380,90045,VALQUIRIA ALVES MOREIRA,PROS,Deputado Estadual,0,2018
0380,90050,MARCOS CORREA,PROS,Deputado Estadual,0,2018
0380,90051,MARIA GORETTI AGUIAR ALENCAR,PROS,Deputado Estadual,0,2018
0380,90053,EVANDRO GIORA,PROS,Deputado Estadual,0,2018
0380,90068,SILVIO CEZAR FERRAIOLI,PROS,Deputado Estadual,0,2018
0380,90077,ANDREIA SANTINA CAPATTO,PROS,Deputado Estadual,2,2018
0380,90086,CAMILA CORREA TOLEDO,PROS,Deputado Estadual,0,2018
0380,90090,VALDENICE ANCELMO SOARES,PROS,Deputado Estadual,1,2018
0380,90095,EVERALDO JOSÉ DA SILVA,PROS,Deputado Estadual,0,2018
0380,90100,VALDEMIR SARTORI DA SILVA,PROS,Deputado Estadual,1,2018
0380,90107,EURICO GONÇALVES FILHO,PROS,Deputado Estadual,0,2018
0380,90110,MARCIO DOS SANTOS RODRIGUES,PROS,Deputado Estadual,1,2018
0380,90111,ANTONIO RODRIGUES DE SOUSA,PROS,Deputado Estadual,2,2018
0380,90112,JOSE BRITO CAVALCANTE FILHO,PROS,Deputado Estadual,0,2018
0380,90113,ROSEMEIRE RIBEIRO CASTILHO,PROS,Deputado Estadual,1,2018
0380,90115,ELIZABETH DUTRA DA SILVA,PROS,Deputado Estadual,1,2018
0380,90120,JOSÉ ALECXANDRO DA SILVA,PROS,Deputado Estadual,0,2018
0380,90121,RUTE SATIKO VIEIRA RIBEIRO,PROS,Deputado Estadual,4,2018
0380,90123,EZEQUIEL DE SOUZA DAMASCENO,PROS,Deputado Estadual,1,2018
0380,90128,DENIS AMBROSIO DA SILVA,PROS,Deputado Estadual,2,2018
0380,90130,EDNEI PROCÓPIO DOS SANTOS,PROS,Deputado Estadual,0,2018
0380,90131,ANTONIO MARCOS GOMES SENA,PROS,Deputado Estadual,0,2018
0380,90139,FLAVIO LOPES ALVES,PROS,Deputado Estadual,0,2018
0380,90144,JOSE ANTONIO DOS SANTOS,PROS,Deputado Estadual,0,2018
0380,90147,FLAVIO LUIZ EUGENIO BASTOS,PROS,Deputado Estadual,1,2018
0380,90158,RITA DE CASSIA DA SILVA VASCONCELOS,PROS,Deputado Estadual,0,2018
0380,90177,WILLAMS ALVES DA SILVA,PROS,Deputado Estadual,0,2018
0380,90181,ANTONIO CARLOS RENOR,PROS,Deputado Estadual,0,2018
0380,90188,LEANDRO LEME CAMARGO,PROS,Deputado Estadual,3,2018
0380,90190,ADRIANA SANCHES GALDEANO BORGO,PROS,Deputado Estadual,320,2018
0380,90192,FABIANO JOSE SANTOS LOURENÇO,PROS,Deputado Estadual,0,2018
0380,90193,GALENO ROSA,PROS,Deputado Estadual,0,2018
0380,90194,ANDRÉA MARIA DOS SANTOS,PROS,Deputado Estadual,9,2018
0380,90198,MARCIAL MARAJA MARCELINO,PROS,Deputado Estadual,0,2018
0380,90200,JOSE GARRIS DEL VALLE,PROS,Deputado Estadual,0,2018
0380,90204,LOURDES GENEROSO,PROS,Deputado Estadual,0,2018
0380,90211,VALDECIR MOREIRA DE BRITO,PROS,Deputado Estadual,0,2018
0380,90217,MARCOS DE AZEVEDO CARNEIRO,PROS,Deputado Estadual,0,2018
0380,90221,ANTONIO CARLOS PEREIRA DA SILVA,PROS,Deputado Estadual,0,2018
0380,90222,MARCELO PEREIRA GUIDIO,PROS,Deputado Estadual,0,2018
0380,90233,JOSE ROBERTO BEILSTREIN,PROS,Deputado Estadual,1,2018
0380,90235,EDSON FERRARINI,PROS,Deputado Estadual,22,2018
0380,90247,DÉBORA CRISTINA DA MOTA,PROS,Deputado Estadual,0,2018
0380,90281,ANDERSON OLIVEIRA DA SILVA,PROS,Deputado Estadual,0,2018
0380,90290,LUCIANA APARECIDA FRAGOSO DA SILVA,PROS,Deputado Estadual,0,2018
0380,90300,JOSE GOMES DE OLIVEIRA NETO,PROS,Deputado Estadual,0,2018
0380,90304,JOSEFA ALVES LEITE DOS SANTOS,PROS,Deputado Estadual,0,2018
0380,90312,WELINGTON ZACARIAS TISANO,PROS,Deputado Estadual,0,2018
0380,90321,BENEDITO AUGUSTO DOS SANTOS,PROS,Deputado Estadual,0,2018
0380,90322,GIVALDO JOSE DA SILVA,PROS,Deputado Estadual,0,2018
0380,90333,ROBERTO BASTOS DE OLIVEIRA JUNIOR,PROS,Deputado Estadual,1,2018
0380,90336,LUCAS JULIANO SUSCO,PROS,Deputado Estadual,0,2018
0380,90345,DAVID SANTANA DA SILVA,PROS,Deputado Estadual,0,2018
0380,90350,MARCELO DA SILVA,PROS,Deputado Estadual,0,2018
0380,90357,WALDMIRIAN WELLNER CRUZ,PROS,Deputado Estadual,0,2018
0380,90366,NELSON VALVERDE DIAS,PROS,Deputado Estadual,0,2018
0380,90367,EDNA APARECIDA DOS SANTOS,PROS,Deputado Estadual,0,2018
0380,90375,GILVAN APARECIDO FERNANDES ASNAR,PROS,Deputado Estadual,0,2018
0380,90378,GISLENE MEIRELES DOS SANTOS,PROS,Deputado Estadual,0,2018
0380,90390,RENATO DA SILVA,PROS,Deputado Estadual,0,2018
0380,90400,FATIMA APARECIDA FERREIRA,PROS,Deputado Estadual,0,2018
0380,90417,FABIO NASCIMENTO DE LIMA,PROS,Deputado Estadual,0,2018
0380,90420,ALESSANDRA MARTINS GONÇALVES,PROS,Deputado Estadual,1,2018
0380,90432,ELIFAS EUPHRASIO,PROS,Deputado Estadual,2,2018
0380,90440,DANIEL GIROTTO,PROS,Deputado Estadual,6,2018
0380,90444,VIRGINIA DE JESUS GONZALEZ,PROS,Deputado Estadual,0,2018
0380,90450,ROBSON DE OLIVEIRA,PROS,Deputado Estadual,0,2018
0380,90451,HARLEY HECTOR VICENTE,PROS,Deputado Estadual,0,2018
0380,90456,CARLOS HENRIQUE DOS SANTOS,PROS,Deputado Estadual,0,2018
0380,90457,SERGIO FORNAZARI,PROS,Deputado Estadual,0,2018
0380,90497,FABIOLA CARDI,PROS,Deputado Estadual,0,2018
0380,90500,SALOMAO PEREIRA DA SILVA,PROS,Deputado Estadual,22,2018
0380,90501,ALEXSSANDER DE OLIVEIRA,PROS,Deputado Estadual,0,2018
0380,90508,BENEDITA SUELI DE TOLEDO DIAS,PROS,Deputado Estadual,0,2018
0380,90511,KLEBER ADELIPIO BARROS SANTOS,PROS,Deputado Estadual,1,2018
0380,90523,CÉLIA BRITO GARCIA,PROS,Deputado Estadual,1,2018
0380,90531,MARIA DAS NEVES SILVA DE JESUS,PROS,Deputado Estadual,0,2018
0380,90543,MARCOS DE AZEVEDO,PROS,Deputado Estadual,0,2018
0380,90545,JOAQUIM GRACA NETO,PROS,Deputado Estadual,3,2018
0380,90550,BENEDITA DE CAMARGO,PROS,Deputado Estadual,12,2018
0380,90555,LERYANE MARQUES DE ARAUJO BLASZKOWSKI,PROS,Deputado Estadual,5,2018
0380,90567,CICERO FLORIANO PIRES ALVES,PROS,Deputado Estadual,0,2018
0380,90600,REGINALDO APARECIDO BATISTA,PROS,Deputado Estadual,0,2018
0380,90620,AMARO XIMENES DE MELO,PROS,Deputado Estadual,0,2018
0380,90633,LEANDRO VALDO DE ALMEIDA LIMA,PROS,Deputado Estadual,0,2018
0380,90666,HAMILTON ALVES FERNANDES,PROS,Deputado Estadual,0,2018
0380,90687,RUTH MARCELINA CAETANO UGUCIONE,PROS,Deputado Estadual,0,2018
0380,90690,SEBASTIAO CARLOS DA SILVA,PROS,Deputado Estadual,0,2018
0380,90693,VALDINEI FELIX DOS SANTOS,PROS,Deputado Estadual,1,2018
0380,90699,CRISTIANO PINTO FERREIRA,PROS,Deputado Estadual,0,2018
0380,90700,IDERNANI GOMES DO CARMO,PROS,Deputado Estadual,0,2018
0380,90741,GERSON DA CUNHA,PROS,Deputado Estadual,0,2018
0380,90764,ANDREA DUL,PROS,Deputado Estadual,3,2018
0380,90765,MARCOS ANTONIO PEREIRA DA SILVA,PROS,Deputado Estadual,0,2018
0380,90773,ALEX PAULO,PROS,Deputado Estadual,0,2018
0380,90777,MONICA BERBEL ROCHA,PROS,Deputado Estadual,2,2018
0380,90789,CELSO DE SOUZA FILHO,PROS,Deputado Estadual,0,2018
0380,90790,ADEILDO REIS DOS SANTOS,PROS,Deputado Estadual,29,2018
0380,90810,JOSE IDAILSON PEREIRA DOS SANTOS,PROS,Deputado Estadual,0,2018
0380,90822,HERALDO LOPES GUIMARÃES,PROS,Deputado Estadual,20,2018
0380,90852,CARLOS ALBERTO FIGUEIREDO SANTANA,PROS,Deputado Estadual,0,2018
0380,90888,WALDIR JOSE SCHIAVON JUNIOR,PROS,Deputado Estadual,1,2018
0380,90890,JEFFERSON RIPI DA SILVA,PROS,Deputado Estadual,1,2018
0380,90900,EDUARDO LUIZ GREGORIO,PROS,Deputado Estadual,1,2018
0380,90902,IDEVANIR ARCANJO DE SOUZA,PROS,Deputado Estadual,0,2018
0380,90909,JOSEFA CONCEICAO OLIVEIRA SILVA LABELA,PROS,Deputado Estadual,0,2018
0380,90910,GILSON APARECIDO ZANLUCHI,PROS,Deputado Estadual,0,2018
0380,90911,ROGÉRIO VALDECI DE LIMA,PROS,Deputado Estadual,2,2018
0380,90922,IRANILDO DANTAS,PROS,Deputado Estadual,0,2018
0380,90951,JULIANA GARCIA LORENCETTI,PROS,Deputado Estadual,1,2018
0380,90971,MARIA EVANGELISTA GOMES BATISTA,PROS,Deputado Estadual,0,2018
0380,90977,GIOVANI CORREIA DOS SANTOS,PROS,Deputado Estadual,0,2018
0380,90987,FABIO DO CARMO SANTOS,PROS,Deputado Estadual,0,2018
0380,90990,RICARDO LEITE,PROS,Deputado Estadual,7,2018
0380,90996,ISABEL CRISTINA DA SILVA CALDERONE,PROS,Deputado Estadual,0,2018
0380,90999,GIRLÊNIO GOMES DE OLIVEIRA,PROS,Deputado Estadual,4,2018
0423,10000,JORGE WILSON GONÇALVES DE MATTOS,PRB,Deputado Estadual,235,2018
0423,10005,MARCIA ROZANA FIDELIS,PRB,Deputado Estadual,0,2018
0423,10012,ONANCIARA RODRIGUES FERNANDEZ,PRB,Deputado Estadual,1,2018
0423,10100,AILDO RODRIGUES FERREIRA,PRB,Deputado Estadual,3,2018
0423,10101,HÉLIO APARECIDO DE GODOY,PRB,Deputado Estadual,1,2018
0423,10111,WELLINGTON DE SOUZA MOURA,PRB,Deputado Estadual,1,2018
0423,10123,GILMACI DOS SANTOS BARBOSA,PRB,Deputado Estadual,848,2018
0423,10133,JOSÉ DOMINGOS BITTENCOURT,PRB,Deputado Estadual,0,2018
0423,10148,SILVIA CRISTINA ASPRINO SOARES,PRB,Deputado Estadual,0,2018
0423,10190,DAVID SEVERINO DA SILVA JUNIOR,PRB,Deputado Estadual,0,2018
0423,10200,ELIAS REZEK AJUB,PRB,Deputado Estadual,0,2018
0423,10300,LUCIANA GISELE DE OLIVEIRA ALVES DA SILVA,PRB,Deputado Estadual,0,2018
0423,10321,SEBASTIÃO DOS SANTOS FILHO,PRB,Deputado Estadual,4,2018
0423,10333,ALTAIR MORAES DE OLIVEIRA,PRB,Deputado Estadual,6,2018
0423,10444,MARCO AURÉLIO PEGOLO DOS SANTOS,PRB,Deputado Estadual,5,2018
0423,10456,EDNA BEZERRA SAMPAIO FERNANDES,PRB,Deputado Estadual,9,2018
0423,10500,MARCOS COUTO DOS SANTOS,PRB,Deputado Estadual,0,2018
0423,10555,MÁRCIO JOSÉ DE OLIVEIRA,PRB,Deputado Estadual,1,2018
0423,10600,WILLIAM NUNES AFFONSO,PRB,Deputado Estadual,0,2018
0423,10777,VALÉRIA APARECIDA MESSIAS LIMA,PRB,Deputado Estadual,50,2018
0423,10789,DAYANI APARECIDA ESCROQUE,PRB,Deputado Estadual,0,2018
0423,10900,VESPASIANO SAULO DA COSTA E SILVA,PRB,Deputado Estadual,1,2018
0423,10999,FRANCISCO JOSÉ LANG FERNANDES DE OLIVEIRA,PRB,Deputado Estadual,8,2018
0423,11000,KENNY PIRES MENDES,PP,Deputado Estadual,29,2018
0423,11011,EDUARDO BOIGUES QUEROZ,PP,Deputado Estadual,13,2018
0423,11012,VITO ARDITO LERÁRIO,PP,Deputado Estadual,1,2018
0423,11023,EDUARDO VIEIRA PETROV,PP,Deputado Estadual,5,2018
0423,11057,MARTA DE PAULA TEIXEIRA DI PIPI,PP,Deputado Estadual,2,2018
0423,11111,ANTONIO CARLOS ESPER CURIATI,PP,Deputado Estadual,40,2018
0423,11123,ALESSANDRA REGINA BEGALLI ZAMORA,PP,Deputado Estadual,292,2018
0423,11138,ROBERVAL CONTE LOPES LIMA,PP,Deputado Estadual,139,2018
0423,11190,PAULO ADRIANO LOPES LUCINDA TELHADA,PP,Deputado Estadual,398,2018
0423,11200,EDUARDO ROZ,PP,Deputado Estadual,32,2018
0423,11222,FABIO SARTORI MANFRINATO,PP,Deputado Estadual,6,2018
0423,11258,MARCIO APARECIDO MARTINS,PP,Deputado Estadual,1,2018
0423,11650,PAULO ROBERTO CECCHINATO,PP,Deputado Estadual,0,2018
0423,11777,ANTONIO ASSUNÇÃO DE OLIM,PP,Deputado Estadual,328,2018
0423,12000,GABRIEL CASSIANO CARVALHO NEVES FINZETTO,PDT,Deputado Estadual,32,2018
0423,12001,SOLANGE MARIA TEODORO,PDT,Deputado Estadual,0,2018
0423,12007,ROBSON APARECIDO PRIMO,PDT,Deputado Estadual,36,2018
0423,12011,ALEXANDRIA BUENO DA SILVA,PDT,Deputado Estadual,7,2018
0423,12012,MARINA LUIZA RODRIGUES MOLINA LOPES,PDT,Deputado Estadual,56,2018
0423,12022,RONALDO FLORIDO DE OLIVEIRA,PDT,Deputado Estadual,0,2018
0423,12051,RIVALDO APARECIDO DE OLIVEIRA,PDT,Deputado Estadual,0,2018
0423,12066,MAISA CARMAGNANI MESSIAS,PDT,Deputado Estadual,1,2018
0423,12077,RITA DE CASSIA SOUSA SANTOS,PDT,Deputado Estadual,0,2018
0423,12081,AUGUSTO CESAR CORREA NETO,PDT,Deputado Estadual,4,2018
0423,12091,VERA LUCIA RIBEIRO DOS REIS MORENO,PDT,Deputado Estadual,0,2018
0423,12100,DIMAS DE PAULA INACIO,PDT,Deputado Estadual,0,2018
0423,12111,SERGIO RICARDO GONÇALVES DA SILVA,PDT,Deputado Estadual,0,2018
0423,12113,OSMAR VILELA DOS SANTOS,PDT,Deputado Estadual,1,2018
0423,12118,ALEXANDRE REGINATO ACEDO,PDT,Deputado Estadual,5,2018
0423,12120,DILSON FRANCISCO FLORIANO,PDT,Deputado Estadual,2,2018
0423,12121,MARLI SILVA PEREIRA,PDT,Deputado Estadual,6,2018
0423,12122,ARI FRIEDENBACH,PDT,Deputado Estadual,15,2018
0423,12123,LUIZ DE MOURA PEREIRA,PDT,Deputado Estadual,9,2018
0423,12133,LUIZ VICENTE DA SILVA,PDT,Deputado Estadual,0,2018
0423,12177,GILVAN SANTOS SOUZA FILHO,PDT,Deputado Estadual,1,2018
0423,12181,JAAZIEL BISPO DOS SANTOS,PDT,Deputado Estadual,0,2018
0423,12190,APARECIDO CARLOS LEANDRO,PDT,Deputado Estadual,3,2018
0423,12193,GENILDO DANTAS DA SILVA,PDT,Deputado Estadual,0,2018
0423,12200,FRANCISCO CARLOS SILVEIRA LEITE,PDT,Deputado Estadual,5,2018
0423,12221,REGIA MARIA GOUVEIA SARMENTO,PDT,Deputado Estadual,1,2018
0423,12222,LUIZ EDUARDO ALMANÇA,PDT,Deputado Estadual,15,2018
0423,12258,ISMAEL DANTAS DE AMORIM FILHO,PDT,Deputado Estadual,1,2018
0423,12292,RUTHINEA DE CARVALHO,PDT,Deputado Estadual,0,2018
0423,12300,CLAUDIA APARECIDA BELTRAN DOS SANTOS,PDT,Deputado Estadual,1,2018
0423,12312,MARCIA APARECIDA MENDES,PDT,Deputado Estadual,0,2018
0423,12321,PEDRO ANTONIO BIGARDI,PDT,Deputado Estadual,11,2018
0423,12333,VALDOMIRO NUNES DE QUEIROS,PDT,Deputado Estadual,2,2018
0423,12340,JOSE SEBASTIAO FILHO,PDT,Deputado Estadual,1,2018
0423,12345,MARCIO MASSAMI NAKASHIMA,PDT,Deputado Estadual,36,2018
0423,12348,SERGIO LUIZ FARAUDE,PDT,Deputado Estadual,2,2018
0423,12360,UÉBER DEIVIDI DA SILVA,PDT,Deputado Estadual,0,2018
0423,12412,JOSUÉ BRIZOLA,PDT,Deputado Estadual,0,2018
0423,12424,MAHAYANA TACCARI,PDT,Deputado Estadual,1,2018
0423,12444,AGAMENON ALVES DA SILVA,PDT,Deputado Estadual,8,2018
0423,12446,ANA CRISTINA AUGUSTA DA SILVA ENCARNAÇÃO,PDT,Deputado Estadual,1,2018
0423,12450,ELIENE DA SILVA SANTOS,PDT,Deputado Estadual,3,2018
0423,12456,DIOGENES BRANCO DE ANDRADE,PDT,Deputado Estadual,1,2018
0423,12468,SIMONE APARECIDA FERREIRA,PDT,Deputado Estadual,0,2018
0423,12491,THIAGO DE LUCA SANT ANA RIBEIRO,PDT,Deputado Estadual,6,2018
0423,12500,JOSÉ DE PAULA SANTOS,PDT,Deputado Estadual,2,2018
0423,12512,VAGNER APARECIDO MALHEIROS,PDT,Deputado Estadual,1,2018
0423,12567,ANTONIO COSTA,PDT,Deputado Estadual,0,2018
0423,12569,SALVADOR RODRIGUES DE SOUZA,PDT,Deputado Estadual,0,2018
0423,12611,CAMILA VERONICA SPERANDIO DE ALMEIDA,PDT,Deputado Estadual,1,2018
0423,12612,LIZETE MARIA CORREA VALLEJO MORALES,PDT,Deputado Estadual,0,2018
0423,12622,SANDRA MARIA DOS SANTOS,PDT,Deputado Estadual,0,2018
0423,12628,CINTIA APARECIDA DE MATOS,PDT,Deputado Estadual,4,2018
0423,12640,JOSÉ MARCIO DE SOUZA CANDIDO,PDT,Deputado Estadual,1,2018
0423,12689,PAULO VICTOR NOVAES,PDT,Deputado Estadual,0,2018
0423,12712,HERNANI JOSÉ BARRETO DA SILVA,PDT,Deputado Estadual,0,2018
0423,12767,STELLA TAVARES MACHADO,PDT,Deputado Estadual,0,2018
0423,12777,THYAGO CEZAR,PDT,Deputado Estadual,2,2018
0423,12789,PAULO ALVES PEREIRA,PDT,Deputado Estadual,0,2018
0423,12800,MIGUEL FRANCISCO DE LIMA,PDT,Deputado Estadual,2,2018
0423,12812,ALLAN RODRIGO ALVES,PDT,Deputado Estadual,5,2018
0423,12900,MANOEL JOSÉ DE ALENCAR FILHO,PDT,Deputado Estadual,0,2018
0423,12999,ADENILSON APARECIDO BARBOSA,PDT,Deputado Estadual,0,2018
0423,13001,PEDRO TOURINHO DE SIQUEIRA,PT,Deputado Estadual,1759,2018
0423,13002,ANTONIO AUGUSTO PORTO,PT,Deputado Estadual,0,2018
0423,13003,ANA LIDIA DE OLIVEIRA AGUIAR,PT,Deputado Estadual,52,2018
0423,13005,NOEMIA BENTO DE OLIVEIRA,PT,Deputado Estadual,5,2018
0423,13007,EDIVALDO DE OLIVEIRA LIMA,PT,Deputado Estadual,1,2018
0423,13008,JOAQUIM MISAEL DA SILVA,PT,Deputado Estadual,2,2018
0423,13009,VALQUIRIA JUSTINO,PT,Deputado Estadual,1,2018
0423,13011,MARIO MAURICI DE LIMA MORAIS,PT,Deputado Estadual,3,2018
0423,13015,CLAUDILSON LEITE PEREIRA,PT,Deputado Estadual,0,2018
0423,13016,ROBERTO SAMPAIO GÂNDARA JÚNIOR,PT,Deputado Estadual,3,2018
0423,13021,SIMONE DINIZ DI STADIO DE ARAUJO,PT,Deputado Estadual,8,2018
0423,13066,ADELIA OLIVEIRA DE FARIAS,PT,Deputado Estadual,42,2018
0423,13068,MARCELO PEDROSO DE OLIVEIRA,PT,Deputado Estadual,0,2018
0423,13090,WANDA DE OLIVEIRA FERREIRA,PT,Deputado Estadual,5,2018
0423,13100,GARRY DERALUS,PT,Deputado Estadual,5,2018
0423,13110,TEONILIO MONTEIRO DA COSTA,PT,Deputado Estadual,4,2018
0423,13111,NORMANDO COSTA DE ANDRADE FILHO,PT,Deputado Estadual,6,2018
0423,13113,MARCIA APARECIDA OVEJANEDA LIA,PT,Deputado Estadual,16,2018
0423,13114,ENIO FRANCISCO TATTO,PT,Deputado Estadual,13,2018
0423,13116,NORMACI SOUSA SAMPAIO,PT,Deputado Estadual,0,2018
0423,13119,MARIA DOS ANJOS SOARES MIRANDA,PT,Deputado Estadual,0,2018
0423,13121,EUGENIO SAID,PT,Deputado Estadual,3,2018
0423,13122,JOSÉ CARLOS DE AQUINO,PT,Deputado Estadual,4,2018
0423,13123,MARIA IZABEL AZEVEDO NORONHA,PT,Deputado Estadual,80,2018
0423,13124,MARIA IZABEL BEZERRA DE SÁ,PT,Deputado Estadual,7,2018
0423,13131,EMIDIO PEREIRA DE SOUZA,PT,Deputado Estadual,31,2018
0423,13133,ALEX SANDRO GOMES,PT,Deputado Estadual,9,2018
0423,13134,LUIZ FERNANDO TEIXEIRA FERREIRA,PT,Deputado Estadual,5,2018
0423,13136,CÁSSIA APARECIDA JACINTHO LACERDA,PT,Deputado Estadual,6,2018
0423,13138,EDINALVA SILVA FRANCO,PT,Deputado Estadual,1,2018
0423,13139,SERGIO RIBEIRO SILVA,PT,Deputado Estadual,2,2018
0423,13140,JOSE AMERICO ASCENCIO DIAS,PT,Deputado Estadual,26,2018
0423,13147,GERALDO LEITE DA CRUZ,PT,Deputado Estadual,1,2018
0423,13192,ANTONIO ROBERTO DE SOUZA,PT,Deputado Estadual,0,2018
0423,13199,ANTONIO MENTOR DE MELLO SOBRINHO,PT,Deputado Estadual,57,2018
0423,13200,WAGNER OCIMAR BALIEIRO,PT,Deputado Estadual,2,2018
0423,13213,SIDNEI LUIZ MENESES ROSA,PT,Deputado Estadual,1,2018
0423,13222,ADRIANO DIOGO,PT,Deputado Estadual,34,2018
0423,13223,JOZY ELLEN DIAS SOUZA DE LEMOS,PT,Deputado Estadual,2,2018
0423,13232,JUCIMÁRIO GALDINO BARBOSA,PT,Deputado Estadual,0,2018
0423,13249,ELENITA DO CARMO OLIVEIRA MARTINS,PT,Deputado Estadual,0,2018
0423,13290,HAMILTON PEREIRA,PT,Deputado Estadual,2,2018
0423,13300,CLAUDIO MARQUES DA SILVA,PT,Deputado Estadual,9,2018
0423,13310,LUIZ CLAUDIO MARCOLINO,PT,Deputado Estadual,7,2018
0423,13313,RENATO MORENI AIRES DA SILVA,PT,Deputado Estadual,3,2018
0423,13321,HERIVELTO DOS SANTOS MORAES,PT,Deputado Estadual,0,2018
0423,13331,RAIMUNDO BERNARDINO DO NASCIMENTO,PT,Deputado Estadual,2,2018
0423,13333,ROBERTA MOREIRA LUCHSINGER,PT,Deputado Estadual,17,2018
0423,13356,MOHAMAD SAMI EL KADRI,PT,Deputado Estadual,2,2018
0423,13367,AILTON FRANCISCO CABRAL,PT,Deputado Estadual,4,2018
0423,13410,MARLEIDE SOARES DA SILVA,PT,Deputado Estadual,0,2018
0423,13444,JOÃO BATISTA PINHEIRO SANTOS FILHO,PT,Deputado Estadual,2,2018
0423,13456,ELISABETH SAHÃO,PT,Deputado Estadual,14,2018
0423,13500,LUZIA JOSÉ DOS SANTOS VECCHIATTI,PT,Deputado Estadual,3,2018
0423,13513,ALOISIO GAMA DE SANTANA,PT,Deputado Estadual,9,2018
0423,13555,SIMÃO PEDRO CHIOVETTI,PT,Deputado Estadual,8,2018
0423,13560,LUIZ FERNANDO STOPPA,PT,Deputado Estadual,2,2018
0423,13562,MIRLEI ANTONIO CASALE,PT,Deputado Estadual,3,2018
0423,13565,MARIA DA PENHA SOUZA,PT,Deputado Estadual,1,2018
0423,13570,ALESSANDRA TRINDADE SHIMOMOTO,PT,Deputado Estadual,15,2018
0423,13578,EDILEIDI CANETE RAMOS,PT,Deputado Estadual,0,2018
0423,13587,DEUSDETE ALVES DE ASSUNÇÃO,PT,Deputado Estadual,1,2018
0423,13613,PAULO ROBERTO FIORILO,PT,Deputado Estadual,4,2018
0423,13633,AGNELO DA SILVA MATOS NETO,PT,Deputado Estadual,1,2018
0423,13640,VERA LÚCIA RODRIGUES DE FARIA,PT,Deputado Estadual,120,2018
0423,13644,RENATO BISPO CAROBA,PT,Deputado Estadual,0,2018
0423,13666,ANDRÉ LUIZ COSTA DE OLIVEIRA,PT,Deputado Estadual,4,2018
0423,13670,EDMILSON SOUZA SANTOS,PT,Deputado Estadual,0,2018
0423,13678,ROSA MARIA CHIQUETTO,PT,Deputado Estadual,0,2018
0423,13688,ENI FERNANDES,PT,Deputado Estadual,2,2018
0423,13690,LUIZ MARTINO TURCO,PT,Deputado Estadual,6,2018
0423,13696,ALEXANDRE BREVIGLIERI ALVES CASTILHO,PT,Deputado Estadual,21,2018
0423,13707,ABDAEL AMBRUSTER,PT,Deputado Estadual,0,2018
0423,13711,ORLANDO MAURÍCIO JÚNIOR,PT,Deputado Estadual,1,2018
0423,13713,FABIANO GREGÓRIO,PT,Deputado Estadual,0,2018
0423,13741,TELMA FORTUNATO DA SILVA SANT ANNA,PT,Deputado Estadual,2,2018
0423,13770,ANGELA CAMARGO SPINELI,PT,Deputado Estadual,11,2018
0423,13777,CLAUDIO APARECIDO DA SILVA,PT,Deputado Estadual,6,2018
0423,13778,PEDRO FELIPE JACYNTHO DOS SANTOS,PT,Deputado Estadual,4,2018
0423,13789,MARCELO SAMUEL DA COSTA,PT,Deputado Estadual,4,2018
0423,13800,JORGE DO CARMO SILVA,PT,Deputado Estadual,2,2018
0423,13813,RENATO SIMOES,PT,Deputado Estadual,612,2018
0423,13888,JOSILDA DE ARAÚJO CABRAL DO NASCIMENTO,PT,Deputado Estadual,2,2018
0423,13890,EDSON PEREIRA CAMPOS,PT,Deputado Estadual,0,2018
0423,13900,EDISON LUÍS ALVES,PT,Deputado Estadual,2,2018
0423,13913,CÁSSIA GONÇALVES DE JESUS,PT,Deputado Estadual,3,2018
0423,13933,EDUARDO DIAS DA CUNHA,PT,Deputado Estadual,5,2018
0423,13999,CARLOS ALBERTO PLETZ NEDER,PT,Deputado Estadual,50,2018
0423,14007,ALESSANDRO RIOS CONFORTI,PTB,Deputado Estadual,0,2018
0423,14014,WELINGTON APARECIDO ALFREDO,PTB,Deputado Estadual,0,2018
0423,14040,RICARDO MANOEL DE ALMEIDA,PTB,Deputado Estadual,1,2018
0423,14045,LUCIMAR FREIRE DE ALMEIDA SILVA,PTB,Deputado Estadual,0,2018
0423,14100,MARINISIA TUROLI FERNANDES DA SILVA,PTB,Deputado Estadual,0,2018
0423,14111,EDILSON GUARNIERI,PTB,Deputado Estadual,13,2018
0423,14123,JOSE NERIVAN DA SILVA,PTB,Deputado Estadual,0,2018
0423,14140,ANTONIO CARLOS DE CAMPOS MACHADO,PTB,Deputado Estadual,128,2018
0423,14145,MARIA TERESA DA SILVA LATTARI,PTB,Deputado Estadual,0,2018
0423,14160,ROQUE BARBIERE,PTB,Deputado Estadual,21,2018
0423,14190,MARCOS ROGERIO MANTEIGA,PTB,Deputado Estadual,6,2018
0423,14222,ERICA VANESSA MANTOVANI,PTB,Deputado Estadual,0,2018
0423,14234,CARLOS BRUMER RODRIGUES,PTB,Deputado Estadual,2,2018
0423,14333,JONAS FERNANDES CASTRO,PTB,Deputado Estadual,1,2018
0423,14340,CAROLINE DO AMPARO CERQUEIRA,PTB,Deputado Estadual,3,2018
0423,14345,CÉSAR RAMOS DA COSTA,PTB,Deputado Estadual,0,2018
0423,14400,JAQUELINE LILIAN BARCELOS COUTINHO,PTB,Deputado Estadual,1,2018
0423,14444,ANTONIO JOAQUIM FERNANDES,PTB,Deputado Estadual,12,2018
0423,14500,MARIA DAS GRAÇAS FERREIRA DE MACEDO,PTB,Deputado Estadual,0,2018
0423,14540,ANDREIA CARVALHO DE SOUZA,PTB,Deputado Estadual,0,2018
0423,14555,MARCO ANTONIO BITTENCOURT NOGUEIRA COBRA,PTB,Deputado Estadual,5,2018
0423,14600,LUCIENE CARVALHO CHALET FERREIRA,PTB,Deputado Estadual,0,2018
0423,14777,LUIZ CARLOS GONDIM TEIXEIRA,PTB,Deputado Estadual,6,2018
0423,15000,JORGE LUIS CARUSO,MDB,Deputado Estadual,65,2018
0423,15002,GLAUCIA ESTELA CAMARGO,MDB,Deputado Estadual,3,2018
0423,15005,SANDRA DIAS TAVARES CINTRA,MDB,Deputado Estadual,49,2018
0423,15007,JOÃO ALBERTO CORRÊA,MDB,Deputado Estadual,0,2018
0423,15009,GILBERTO FRANCISCO DE AQUINO,MDB,Deputado Estadual,0,2018
0423,15010,LUIZ FERNANDO RICCETTO,MDB,Deputado Estadual,1,2018
0423,15013,ZAIRA AMARAL ALVES DE ABREU,MDB,Deputado Estadual,1,2018
0423,15015,ENYO DAURO LEPOS CORREIA,MDB,Deputado Estadual,1,2018
0423,15018,ELIEL JUNQUEIRA FERNANDES,MDB,Deputado Estadual,1,2018
0423,15021,LUIZ MANOEL FRANCISCO,MDB,Deputado Estadual,10,2018
0423,15022,ANGELA OROSCO DE MELO,MDB,Deputado Estadual,2,2018
0423,15023,EDSON COELHO ARAUJO FILHO,MDB,Deputado Estadual,3,2018
0423,15044,CLAYTON GUIMARAES DE ALMEIDA,MDB,Deputado Estadual,0,2018
0423,15051,LEONARDO FRANCISCO SAMPAIO DE SOUZA FILHO,MDB,Deputado Estadual,1,2018
0423,15055,DALVA NEIDE MAGNANI SCHIEZARI,MDB,Deputado Estadual,0,2018
0423,15056,FERNANDO GARCIA IZQUIERDO,MDB,Deputado Estadual,0,2018
0423,15072,ALEXANDRE EURÍPEDES DOS SANTOS,MDB,Deputado Estadual,0,2018
0423,15074,JOSE PAIM ANUNCIAÇÃO FILHO,MDB,Deputado Estadual,0,2018
0423,15077,KELLY VESCO MOZZONE,MDB,Deputado Estadual,0,2018
0423,15078,JOSÉ BERNARDO ALVES,MDB,Deputado Estadual,0,2018
0423,15088,GENIVAL FRANCISCO DOS SANTOS,MDB,Deputado Estadual,0,2018
0423,15091,ROBSON LUIS MARTUCHI,MDB,Deputado Estadual,0,2018
0423,15097,CELINA RODRIGUES LOPES,MDB,Deputado Estadual,1,2018
0423,15099,FLAVIO DE SOUZA SILVEIRA,MDB,Deputado Estadual,95,2018
0423,15100,WALTER VICIONI GONÇALVES,MDB,Deputado Estadual,40,2018
0423,15110,RICARDO JOSÉ RUSSOMANNO AZEVEDO SOBRINHO,MDB,Deputado Estadual,1,2018
0423,15111,CRISTIANE FRIOLIM DAMASCENO,MDB,Deputado Estadual,3,2018
0423,15113,ADRIANA PAULA HORTENCIANO,MDB,Deputado Estadual,2,2018
0423,15115,SANZIO RODRIGUES DA SILVA,MDB,Deputado Estadual,12,2018
0423,15123,OCIMAR DONIZETI LEO OLIVEIRA,MDB,Deputado Estadual,5,2018
0423,15154,RAFAEL LUIZ PAVARINI DE CAMARGO,MDB,Deputado Estadual,15,2018
0423,15155,MIGUEL ARCANJO DE SOUSA,MDB,Deputado Estadual,0,2018
0423,15180,RENATA DE OLIVEIRA COELHO,MDB,Deputado Estadual,0,2018
0423,15190,ALEXANDRE PIMENTA ARAUJO,MDB,Deputado Estadual,3,2018
0423,15200,MARCOS DANIEL GOMES DE SOUSA,MDB,Deputado Estadual,2,2018
0423,15215,CLEONICE REGINALDA FURQUIM,MDB,Deputado Estadual,3,2018
0423,15236,ELAINE SILVEIRA NEVES,MDB,Deputado Estadual,0,2018
0423,15300,ITAMAR FRANCISCO MACHADO BORGES,MDB,Deputado Estadual,64,2018
0423,15315,DILSON DIAS RIBEIRO,MDB,Deputado Estadual,0,2018
0423,15345,ETELVINO CAETANO DA SILVA,MDB,Deputado Estadual,0,2018
0423,15355,FELIPE MARTINS GONÇALVES DA CUNHA,MDB,Deputado Estadual,2,2018
0423,15500,MARIA DO CARMO GUILHERME,MDB,Deputado Estadual,12,2018
0423,15511,VLADIMIR UDILOFF,MDB,Deputado Estadual,0,2018
0423,15515,NEHEMIAS DOMINGOS DE MELO,MDB,Deputado Estadual,2,2018
0423,15555,JULIANO JUN ABE,MDB,Deputado Estadual,7,2018
0423,15556,VALÉRIA BENTO,MDB,Deputado Estadual,1,2018
0423,15588,APARECIDO SARAIVA DA ROCHA,MDB,Deputado Estadual,6,2018
0423,15600,ISABEL KAUSZ DOS REIS,MDB,Deputado Estadual,1,2018
0423,15601,MARCOS LEANDRO GOMES VIEIRA,MDB,Deputado Estadual,0,2018
0423,15605,FERNANDO LUIZ ISOPPO PETITI,MDB,Deputado Estadual,1,2018
0423,15613,ANDRÉA CRISTINA FERREIRA DE LEMOS SILVA,MDB,Deputado Estadual,0,2018
0423,15622,JOOJI HATO,MDB,Deputado Estadual,22,2018
0423,15678,MARIA DAS GRAÇAS DOS SANTOS,MDB,Deputado Estadual,0,2018
0423,15698,MARTA HELENA FERREIRA BARBOSA,MDB,Deputado Estadual,0,2018
0423,15777,DAURY DE PAULA JÚNIOR,MDB,Deputado Estadual,4,2018
0423,15863,TATIANE DA CRUZ,MDB,Deputado Estadual,2,2018
0423,15888,RICARDO LOURENÇO DO CARMO,MDB,Deputado Estadual,1,2018
0423,15999,ANGELO ANTONIO BUCIOLOTI,MDB,Deputado Estadual,6,2018
0423,16001,ABEL BARRETO,PSTU,Deputado Estadual,7,2018
0423,16002,ANDRESSA CHAVES DA SILVA,PSTU,Deputado Estadual,0,2018
0423,16006,EDINOEL CARVALHO VEIGA,PSTU,Deputado Estadual,0,2018
0423,16016,MARISA DOS SANTOS MENDES,PSTU,Deputado Estadual,2,2018
0423,16026,JOSE DE ARIMATEA PAIVA NUNES,PSTU,Deputado Estadual,0,2018
0423,16036,EUGÊNIO MARIA DUARTE,PSTU,Deputado Estadual,0,2018
0423,16100,SILVANA MARIA DA SILVA,PSTU,Deputado Estadual,0,2018
0423,16107,RAQUEL DE PAULA,PSTU,Deputado Estadual,0,2018
0423,16111,CARLOS AUGUSTO DO NASCIMENTO LEAL,PSTU,Deputado Estadual,1,2018
0423,16116,JOSE ADELMO LEITE,PSTU,Deputado Estadual,0,2018
0423,16123,GABRIELA GUERRERO ARIONE,PSTU,Deputado Estadual,2,2018
0423,16200,NILSON FERREIRA LEITE,PSTU,Deputado Estadual,0,2018
0423,16234,EVELINE GUIMARÃES,PSTU,Deputado Estadual,0,2018
0423,16235,LEANDRO JOSÉ DE SOUZA DUQUE,PSTU,Deputado Estadual,0,2018
0423,16300,MICHELI SOUZA DA SILVA,PSTU,Deputado Estadual,3,2018
0423,16316,IVANCI VIEIRA DOS SANTOS,PSTU,Deputado Estadual,0,2018
0423,16400,CLEUSA APARECIDA DA TRINDADE,PSTU,Deputado Estadual,0,2018
0423,16461,FERNANDO DE SOUZA,PSTU,Deputado Estadual,0,2018
0423,16500,NOURIVAL CARDOSO SANTANA,PSTU,Deputado Estadual,0,2018
0423,16600,SANDRA DE MOURA CLEMENTINO DA SILVA,PSTU,Deputado Estadual,0,2018
0423,16666,JOSE DIAS DE FREITAS JUNIOR,PSTU,Deputado Estadual,5,2018
0423,16789,ELLEN RUIZ,PSTU,Deputado Estadual,0,2018
0423,16800,MARIO CÉSAR BARBOSA CONCEIÇÃO,PSTU,Deputado Estadual,0,2018
0423,17000,DIMAS MECCA SAMPAIO,PSL,Deputado Estadual,455,2018
0423,17001,GABRIEL ROCHA MAZZALI,PSL,Deputado Estadual,32,2018
0423,17002,RICARDO SICCHIERO,PSL,Deputado Estadual,12,2018
0423,17005,MILTON LUIZ GEBIN CARDOSO,PSL,Deputado Estadual,4,2018
0423,17007,DANILO MASCARENHAS DE BALAS,PSL,Deputado Estadual,96,2018
0423,17008,EDUARDO FRANCISCO DE MELO,PSL,Deputado Estadual,9,2018
0423,17009,NATANAEL FRANCISCO DA SILVA,PSL,Deputado Estadual,0,2018
0423,17010,AGUSTIN FRANCISCO CARBALLO,PSL,Deputado Estadual,18,2018
0423,17011,PAULO SERGIO MOREIRA MELLO,PSL,Deputado Estadual,3,2018
0423,17012,WILSON CLAUDIO DE OLIVEIRA,PSL,Deputado Estadual,10,2018
0423,17013,ANDREA SEIXAS,PSL,Deputado Estadual,26,2018
0423,17015,CLAUDETE MARIA MARTINS,PSL,Deputado Estadual,0,2018
0423,17017,MARCO ANTONIO CASALE,PSL,Deputado Estadual,13,2018
0423,17018,HAROLDO DE SÁ QUARTIM BARBOSA FILHO,PSL,Deputado Estadual,2,2018
0423,17021,ANTONIO APARECIDO DELAFINA,PSL,Deputado Estadual,15,2018
0423,17022,VANESSA ALVES NASCIMENTO,PSL,Deputado Estadual,0,2018
0423,17025,VALDEMIRO PATRICIO GOMES FILHO,PSL,Deputado Estadual,27,2018
0423,17027,VICTOR FERNANDES PEREIRA PANCHORRA,PSL,Deputado Estadual,8,2018
0423,17029,MORENO FELIX CORDEIRO,PSL,Deputado Estadual,0,2018
0423,17032,VÂNIA REGINA DE ALMEIDA,PSL,Deputado Estadual,3,2018
0423,17033,PAULO ROBERTO DIAS PEREIRA,PSL,Deputado Estadual,0,2018
0423,17034,VERUSKA RODRIGUES DA SILVA,PSL,Deputado Estadual,0,2018
0423,17037,ALEXANDRO DOS SANTOS TIMÓTEO,PSL,Deputado Estadual,21,2018
0423,17040,LUIZ CARLOS DE PAULA,PSL,Deputado Estadual,12,2018
0423,17046,LUANA RIBEIRO MIRANDA MASSUIA,PSL,Deputado Estadual,0,2018
0423,17050,CLAUDINEI FERREIRA SOARES,PSL,Deputado Estadual,2,2018
0423,17051,EMERSON ZOCCHI,PSL,Deputado Estadual,3,2018
0423,17054,JEFFERSON DE MORAES CAMPOS,PSL,Deputado Estadual,2,2018
0423,17059,JULIO CÉSAR MARTINS CASARIN,PSL,Deputado Estadual,0,2018
0423,17062,MANOEL SANTOS ROCHA,PSL,Deputado Estadual,0,2018
0423,17064,DOUGLAS GARCIA BISPO DOS SANTOS,PSL,Deputado Estadual,273,2018
0423,17067,OSCAR CASTELO BRANCO DE LUCA,PSL,Deputado Estadual,146,2018
0423,17070,BRUNO MARCELLO DE OLIVEIRA LIMA,PSL,Deputado Estadual,253,2018
0423,17071,ROBSON CLEITON DE AMORIM LUCENA,PSL,Deputado Estadual,4,2018
0423,17072,RODRIGO DE ABREU OLIVEIRA,PSL,Deputado Estadual,1,2018
0423,17073,RONALDO FORMIGÃO,PSL,Deputado Estadual,1,2018
0423,17074,RODRIGO JENSON DE OLIVEIRA,PSL,Deputado Estadual,1,2018
0423,17075,WAGNER DE OLIVEIRA,PSL,Deputado Estadual,0,2018
0423,17077,CAIO TOSHIO TAKEDA,PSL,Deputado Estadual,11,2018
0423,17079,ADALBERTO GODOY FREITAS,PSL,Deputado Estadual,101,2018
0423,17083,MARCIO ANTONIO PELEGE THOMAZINI,PSL,Deputado Estadual,0,2018
0423,17085,BIANCA CASALE,PSL,Deputado Estadual,6,2018
0423,17086,CLOVIS FERREIRA DOS REIS JUNIOR,PSL,Deputado Estadual,13,2018
0423,17088,BRUNO CAMILO DA SILVA,PSL,Deputado Estadual,0,2018
0423,17096,ROSANA TESSITORI,PSL,Deputado Estadual,0,2018
0423,17102,FABIANA DE CARVALHO MARINHO,PSL,Deputado Estadual,12,2018
0423,17111,FREDERICO BRAUN D AVILA,PSL,Deputado Estadual,73,2018
0423,17117,JOSÉ DE LIMA OLIVEIRA JUNIOR,PSL,Deputado Estadual,5,2018
0423,17120,GILDEVANIO ILSO DOS SANTOS DINIZ,PSL,Deputado Estadual,665,2018
0423,17123,DANIELA ANCHÃO BRAGA,PSL,Deputado Estadual,19,2018
0423,17124,ADRIELE DOS SANTOS NASCIMENTO COSTA,PSL,Deputado Estadual,20,2018
0423,17135,HAMILTON DIAS MENEZES,PSL,Deputado Estadual,1,2018
0423,17153,ROBERTO FIGUEIREDO JUNIOR,PSL,Deputado Estadual,4,2018
0423,17181,EDSON MIGUEL DA SILVA,PSL,Deputado Estadual,12,2018
0423,17187,AGEU DA CRUZ ALMEIDA,PSL,Deputado Estadual,3,2018
0423,17190,PAULO NISHIKAWA,PSL,Deputado Estadual,75,2018
0423,17193,MARIO ANTONIO PIRES MORO,PSL,Deputado Estadual,30,2018
0423,17195,ANDRÉ LUIS SIQUEIRA,PSL,Deputado Estadual,4,2018
0423,17196,ALEIXO ANDRE MANOEL NETO,PSL,Deputado Estadual,3,2018
0423,17200,JULIO CÉSAR FRANCISCO,PSL,Deputado Estadual,19,2018
0423,17201,ALESSANDRA RUDOLPHO STRINGHETA BARBOSA,PSL,Deputado Estadual,13,2018
0423,17202,CLEONICE APARECIDA PEREIRA DA SILVA,PSL,Deputado Estadual,0,2018
0423,17203,DANIELLI FERNANDA SIQUEIRA,PSL,Deputado Estadual,1,2018
0423,17204,FABIO DUARTE JOANA,PSL,Deputado Estadual,2,2018
0423,17205,IVANI CARVALHO SHEWCHENKO,PSL,Deputado Estadual,0,2018
0423,17206,JOELMA MAXICIMA DA FONSECA,PSL,Deputado Estadual,0,2018
0423,17207,KELLY DOS SANTOS BRITO,PSL,Deputado Estadual,2,2018
0423,17208,LEOCADIA DE CASTRO,PSL,Deputado Estadual,1,2018
0423,17209,MARCOS MORAES DOS SANTOS,PSL,Deputado Estadual,47,2018
0423,17217,ALOISIO BUENO,PSL,Deputado Estadual,22,2018
0423,17218,CARMELIDIA BERTOLA,PSL,Deputado Estadual,19,2018
0423,17222,CALIL JOSÉ BADIN VIEIRA,PSL,Deputado Estadual,46,2018
0423,17243,JULIO CÉSAR MORENO LEAL,PSL,Deputado Estadual,1,2018
0423,17257,SERGIO GRESSENS BRANDÃO,PSL,Deputado Estadual,0,2018
0423,17288,CRISTINA ALVES DE GODOY,PSL,Deputado Estadual,11,2018
0423,17290,CLEMILTON ALVES DA SILVA,PSL,Deputado Estadual,54,2018
0423,17291,AILTON JOSÉ DOS SANTOS,PSL,Deputado Estadual,3,2018
0423,17300,TELMA ANGELICA MARIA CHRISTIANSEN,PSL,Deputado Estadual,10,2018
0423,17317,JANAINA CONCEIÇÃO PASCHOAL,PSL,Deputado Estadual,12368,2018
0423,17321,LUIS ANTONIO DE LIMA CLEMENTE,PSL,Deputado Estadual,3,2018
0423,17330,JOSÉ DE SOUZA JUNIOR,PSL,Deputado Estadual,2,2018
0423,17333,ALEXANDRE SAID BUSSAB,PSL,Deputado Estadual,14,2018
0423,17334,LAURO LISBOA FILHO,PSL,Deputado Estadual,0,2018
0423,17345,MARTA MAITÊ SEVILLANO,PSL,Deputado Estadual,8,2018
0423,17400,JOSÉ EDILSON DE SOUZA,PSL,Deputado Estadual,1,2018
0423,17441,MEIRE LOPES,PSL,Deputado Estadual,8,2018
0423,17444,EVERTON LUIZ FERNANDES SODARIO RAIMUNDO,PSL,Deputado Estadual,8,2018
0423,17500,LETICIA AGUIAR RESENDE ALVES,PSL,Deputado Estadual,161,2018
0423,17555,RICARDO AZEVEDO DA SILVA,PSL,Deputado Estadual,23,2018
0423,17600,MARCOS FERNANDO PORTELLA FONTES,PSL,Deputado Estadual,5,2018
0423,17667,VALERIA MULLER RAMOS BOLSONARO,PSL,Deputado Estadual,663,2018
0423,17678,VITOR HUGO RICCOMINI,PSL,Deputado Estadual,46,2018
0423,17681,THIAGO FELIPE NEVES,PSL,Deputado Estadual,0,2018
0423,17685,KERIN DA ROCHA SILVA,PSL,Deputado Estadual,0,2018
0423,17700,MANOEL BARBOSA DO NASCIMENTO,PSL,Deputado Estadual,116,2018
0423,17707,MATHEUS COIMBRA MARTINS DE AGUIAR,PSL,Deputado Estadual,38,2018
0423,17711,FRANCISLAINE URQUIDI FARFAN VASSER,PSL,Deputado Estadual,11,2018
0423,17712,ANDREA JOSIANE PINTO NAKASASSU,PSL,Deputado Estadual,9,2018
0423,17717,HAMILTON PROCÓPIO DOS SANTOS NETTO,PSL,Deputado Estadual,9,2018
0423,17750,PAULO VIEIRA DA SILVA FILHO,PSL,Deputado Estadual,1,2018
0423,17753,CLAUDIO MAGNO DA SILVA,PSL,Deputado Estadual,0,2018
0423,17765,JURACI DE OSTI LOPES,PSL,Deputado Estadual,1,2018
0423,17771,ELIVELTON ANTONIO WEIRICH,PSL,Deputado Estadual,12,2018
0423,17777,RODRIGO GAMBALE VIEIRA,PSL,Deputado Estadual,156,2018
0423,17778,CLAUDIA SANTOS LEAL,PSL,Deputado Estadual,6,2018
0423,17789,MARCOS ANTONIO RIBEIRO FARTO,PSL,Deputado Estadual,6,2018
0423,17798,LUIZ EDUARDO SCAFF,PSL,Deputado Estadual,9,2018
0423,17888,MARCELO CRISTIANO REIS,PSL,Deputado Estadual,21,2018
0423,17890,DANIELA CRISTINA MIGUEL BRUZARROSCO,PSL,Deputado Estadual,14,2018
0423,17900,JOSÉ ROBERTO BARBOSA DE SOUZA,PSL,Deputado Estadual,24,2018
0423,17911,ROBERTO DE LIMA FERNANDES,PSL,Deputado Estadual,3,2018
0423,17913,LUCIMARA FERREIRA DE MORAES,PSL,Deputado Estadual,0,2018
0423,17967,ELAINE CRISTINA DO NASCIMENTO,PSL,Deputado Estadual,18,2018
0423,17977,EDILEIDE SILVA,PSL,Deputado Estadual,0,2018
0423,17981,ANDREIA MONIQUE DOS SANTOS,PSL,Deputado Estadual,1,2018
0423,17988,MIRTES DE CASTRO,PSL,Deputado Estadual,3,2018
0423,17989,MOISÉS COSTA DE SOUSA,PSL,Deputado Estadual,0,2018
0423,17997,EDUARDO KUPPER PACHECO DE AGUIRRE,PSL,Deputado Estadual,42,2018
0423,17998,GLORIA NEY FERNANDES,PSL,Deputado Estadual,0,2018
0423,18000,DANIEL DA ROCHA MARTINI,REDE,Deputado Estadual,15,2018
0423,18001,HENRIQUE CROISFELTS,REDE,Deputado Estadual,14,2018
0423,18007,GEORGIANA SOARES PIRES,REDE,Deputado Estadual,1,2018
0423,18009,JULIO CESAR RODRIGUES DE MENEZES,REDE,Deputado Estadual,0,2018
0423,18010,ALESSANDRA APARECIDA MONTEIRO,REDE,Deputado Estadual,86,2018
0423,18013,RONALDO PRUDENTE,REDE,Deputado Estadual,0,2018
0423,18018,GIOVANNI VILLIUS RIGHETTO MOCKUS,REDE,Deputado Estadual,5,2018
0423,18077,RODRIGO PEREIRA DA SILVA,REDE,Deputado Estadual,0,2018
0423,18081,ANTONIO BETE NETO,REDE,Deputado Estadual,0,2018
0423,18108,CLÁUDIO DA SILVA VERÍSSIMO,REDE,Deputado Estadual,0,2018
0423,18118,JAMES PRADO GONDIM,REDE,Deputado Estadual,4,2018
0423,18123,ALOISIO CALSONI BOZZINI,REDE,Deputado Estadual,10,2018
0423,18180,PAULO SERGIO CAMOLESI,REDE,Deputado Estadual,0,2018
0423,18182,MARLI CONCEIÇÃO DA SILVA,REDE,Deputado Estadual,0,2018
0423,18188,ADEMAR BUENO DA SILVA JÚNIOR,REDE,Deputado Estadual,25,2018
0423,18191,SILVIO DAMACENO SIMORA RIBEIRO,REDE,Deputado Estadual,2,2018
0423,18222,ROSELEI APARECIDO FRANÇOSO,REDE,Deputado Estadual,0,2018
0423,18234,SHEILA SALES ROMERA,REDE,Deputado Estadual,0,2018
0423,18318,HÁDIA CHRISTINY AMORIM ARAÚJO FEITOSA,REDE,Deputado Estadual,5,2018
0423,18321,INGRID JULIANE DOS SANTOS FERREIRA,REDE,Deputado Estadual,3,2018
0423,18333,BIANCA ZEITOUN OGLOUYAN,REDE,Deputado Estadual,9,2018
0423,18360,JEFFERSON SANTOS DA SILVA,REDE,Deputado Estadual,0,2018
0423,18420,ALBERTO CORUNHA TAVARES,REDE,Deputado Estadual,1,2018
0423,18432,CARLOS MANOEL CINI,REDE,Deputado Estadual,5,2018
0423,18444,EDMILSON JOSÉ DE CARVALHO,REDE,Deputado Estadual,2,2018
0423,18456,ANDRÉ RICARDO DE SOUZA,REDE,Deputado Estadual,5,2018
0423,18475,SONIA APARECIDA CÂNDIDA BORGES,REDE,Deputado Estadual,8,2018
0423,18500,JONES MAIR PONTES SILVEIRA,REDE,Deputado Estadual,0,2018
0423,18543,CLAUDIO YUTAKA SUETU,REDE,Deputado Estadual,0,2018
0423,18555,REJANE DE VASCONCELOS FELIPE,REDE,Deputado Estadual,2,2018
0423,18579,CARLOS ROBERTO ROSA,REDE,Deputado Estadual,1,2018
0423,18613,REGINALDO ALEXANDRE MARTINS,REDE,Deputado Estadual,0,2018
0423,18618,JOSÉ RUI CAMARGO,REDE,Deputado Estadual,2,2018
0423,18654,CARLOS DANIEL GOIS LIMA DA SILVA,REDE,Deputado Estadual,0,2018
0423,18663,NATALINO ANTÔNIO DA SILVA,REDE,Deputado Estadual,2,2018
0423,18678,MARCIO VITAL,REDE,Deputado Estadual,0,2018
0423,18765,ROBERTA ROCHA GOMES ALBUQUERQUE,REDE,Deputado Estadual,1,2018
0423,18777,NANCY DE FÁTIMA GOMES FELIX DA SILVEIRA,REDE,Deputado Estadual,3,2018
0423,18789,MARCO TSUYAMA CARDOSO,REDE,Deputado Estadual,2,2018
0423,18800,ELTON TONY SOUZA PONDÉ COELHO,REDE,Deputado Estadual,2,2018
0423,18833,DENIS DUCK,REDE,Deputado Estadual,2,2018
0423,18881,VALERIA APARECIDA DE OLIVEIRA REI,REDE,Deputado Estadual,3,2018
0423,18888,MARINA MEDEIROS HELOU,REDE,Deputado Estadual,181,2018
0423,18889,SILVANA CORDELINI,REDE,Deputado Estadual,1,2018
0423,18918,PAULO DE ABREU LEME FILHO,REDE,Deputado Estadual,0,2018
0423,18999,CRISTIANE BRANDÃO DOS SANTOS,REDE,Deputado Estadual,8,2018
0423,19000,MARCELO PEREIRA SURCIN,PODE,Deputado Estadual,34,2018
0423,19001,ATAIDE TERUEL PEREZ,PODE,Deputado Estadual,40,2018
0423,19002,DOMINGOS SANCHES,PODE,Deputado Estadual,2,2018
0423,19007,CYBELE DA SILVA,PODE,Deputado Estadual,2,2018
0423,19008,JULIANA BUSSAB SCHULHOF,PODE,Deputado Estadual,24,2018
0423,19009,MARCOS PEIXOTO MELLO GONÇALVES,PODE,Deputado Estadual,5,2018
0423,19010,MOHAMAD KASSEM EL TURK,PODE,Deputado Estadual,0,2018
0423,19011,WALMIR BAPTISTA RIGUEIRA,PODE,Deputado Estadual,0,2018
0423,19012,RONALDO MARTINS FRANCO,PODE,Deputado Estadual,0,2018
0423,19014,MANOEL SANTANA PAULO,PODE,Deputado Estadual,0,2018
0423,19017,CRISTIANO ALEXANDRE MARCONDES,PODE,Deputado Estadual,0,2018
0423,19018,RAPHAEL MARCO BLECH HAMAOUI,PODE,Deputado Estadual,4,2018
0423,19019,BRAZ DOS SANTOS ADEGAS JUNIOR,PODE,Deputado Estadual,35,2018
0423,19020,RALFI RAFAEL DA SILVA,PODE,Deputado Estadual,0,2018
0423,19022,SIMONE CRISTINA SANTOS SOUZA,PODE,Deputado Estadual,0,2018
0423,19023,VAGNER EVARISTO DE MOURA,PODE,Deputado Estadual,0,2018
0423,19026,CLAUDIA ABREU SCHEFLER,PODE,Deputado Estadual,2,2018
0423,19027,AMERICO CICCONE NETO,PODE,Deputado Estadual,12,2018
0423,19030,ANTONIO CARLOS PEREIRA SILVA,PODE,Deputado Estadual,1,2018
0423,19033,SOCRATES DAMASCENO NOVELLI,PODE,Deputado Estadual,0,2018
0423,19034,HENRIQUE CARVALHO DE CAMPOS,PODE,Deputado Estadual,0,2018
0423,19036,GERSON FELIP CURPIEVSKY,PODE,Deputado Estadual,0,2018
0423,19039,MARIA LUCIA DA SILVA,PODE,Deputado Estadual,0,2018
0423,19041,GUARACI LIMA DE MORAIS,PODE,Deputado Estadual,0,2018
0423,19070,RENALDO CARDOSO DE REZENDE,PODE,Deputado Estadual,0,2018
0423,19089,ANA CRISTINA ALVES,PODE,Deputado Estadual,0,2018
0423,19090,ANTONIO WLADEMIR DA SILVA,PODE,Deputado Estadual,0,2018
0423,19099,CUSTÓDIO TAVARES FERNANDES JUNIOR,PODE,Deputado Estadual,0,2018
0423,19100,BRUNO AREVALO GANEM,PODE,Deputado Estadual,407,2018
0423,19109,LENI DE FÁTIMA RODRIGUES DO PRADO,PODE,Deputado Estadual,2,2018
0423,19111,JOÃO JORGE FADEL FILHO,PODE,Deputado Estadual,5,2018
0423,19112,JOEL FRANCISCO BARBOSA,PODE,Deputado Estadual,0,2018
0423,19113,JOSÉ EUGENIO DA SILVA,PODE,Deputado Estadual,0,2018
0423,19114,NIVALDO DA SILVA,PODE,Deputado Estadual,0,2018
0423,19119,GELSO APARECIDO DE LIMA,PODE,Deputado Estadual,1,2018
0423,19122,WILLIAN SANTOS DE OLIVEIRA,PODE,Deputado Estadual,6,2018
0423,19123,PEDRO MASSAMI KIKUDOME,PODE,Deputado Estadual,2,2018
0423,19125,HELIO GONÇALVES FIRMO,PODE,Deputado Estadual,0,2018
0423,19128,FRANCISCO JOSÉ CARVALHO,PODE,Deputado Estadual,1,2018
0423,19129,ELINELMA SOUZA BARRETO,PODE,Deputado Estadual,0,2018
0423,19133,BRUNO HIDEO OMORI,PODE,Deputado Estadual,14,2018
0423,19146,SARA REGINA FERREIRA DE MELO LUIZ,PODE,Deputado Estadual,0,2018
0423,19147,ANTONIO GOMES DA SILVA,PODE,Deputado Estadual,0,2018
0423,19150,MARCELO LINS,PODE,Deputado Estadual,0,2018
0423,19165,FERNANDO DIAS DA COSTA,PODE,Deputado Estadual,2,2018
0423,19180,MADALENA LEITE,PODE,Deputado Estadual,0,2018
0423,19187,GLAUCIA MARIA RODRIGUES DE SOUZA,PODE,Deputado Estadual,0,2018
0423,19190,LUCIANO GALESCO,PODE,Deputado Estadual,7,2018
0423,19191,GEREMIAS NUNES DE SIQUEIRA,PODE,Deputado Estadual,2,2018
0423,19192,JOÃO ROBERTO DE SIQUEIRA,PODE,Deputado Estadual,0,2018
0423,19193,ALEXANDRE TEIXEIRA,PODE,Deputado Estadual,0,2018
0423,19196,TATIANA POLI DE OLIVEIRA,PODE,Deputado Estadual,0,2018
0423,19197,SANDRA LANDIOZE CAPUCHO,PODE,Deputado Estadual,4,2018
0423,19199,MARCIO PASCHOAL GIUDICIO,PODE,Deputado Estadual,0,2018
0423,19200,ROBERTO FIGUEIRA MARINHO,PODE,Deputado Estadual,53,2018
0423,19201,EVANIR DA SILVA CARVALHO,PODE,Deputado Estadual,0,2018
0423,19211,CAIO AUGUSTO PASTORI DOS SANTOS,PODE,Deputado Estadual,0,2018
0423,19219,RODRIGO RAMOS FIORI,PODE,Deputado Estadual,0,2018
0423,19221,YEDA MARIA AMARAL,PODE,Deputado Estadual,0,2018
0423,19222,EDUARDO VALENTIM FERNANDES PEREIRA,PODE,Deputado Estadual,0,2018
0423,19230,DORA LICKUNAS,PODE,Deputado Estadual,0,2018
0423,19233,IEDA COSTA DE OLIVEIRA,PODE,Deputado Estadual,0,2018
0423,19234,CARLOS ROBERTO DE CARVALHO,PODE,Deputado Estadual,0,2018
0423,19250,NATALIA DE ALMEIDA NASCIMENTO,PODE,Deputado Estadual,1,2018
0423,19269,ADRIANA PIERIN,PODE,Deputado Estadual,37,2018
0423,19270,VAGNER ARANTES DA COSTA,PODE,Deputado Estadual,0,2018
0423,19300,LILIAN FERREIRA,PODE,Deputado Estadual,0,2018
0423,19310,MARCIA TELMA DA SILVA,PODE,Deputado Estadual,0,2018
0423,19314,SIDNEI ROBERTSON CAMPERO,PODE,Deputado Estadual,7,2018
0423,19319,FRANCISCA MARIA DO NASCIMENTO SOUSA,PODE,Deputado Estadual,1,2018
0423,19321,EDINEIA APARECIDA TELES,PODE,Deputado Estadual,0,2018
0423,19322,SERGIO PINTO BOMFIM,PODE,Deputado Estadual,0,2018
0423,19333,ANIBAL DE FREITAS FILHO,PODE,Deputado Estadual,5,2018
0423,19337,JOAQUIM FERREIRA NETO,PODE,Deputado Estadual,1,2018
0423,19360,JULIANA DOS SANTOS SILVA,PODE,Deputado Estadual,0,2018
0423,19399,GLAUCIA PERES CÍLIA GONÇALVES,PODE,Deputado Estadual,0,2018
0423,19400,FRANCISCO NUNES SOBRINHO,PODE,Deputado Estadual,0,2018
0423,19421,LENIR MARIA DE OLIVEIRA,PODE,Deputado Estadual,0,2018
0423,19426,PAULO HENRIQUE MACHADO,PODE,Deputado Estadual,0,2018
0423,19429,CARLÂNGELA SILVA DOS SANTOS DE OLIVEIRA,PODE,Deputado Estadual,3,2018
0423,19433,JACEGUAY NUNES GÓES,PODE,Deputado Estadual,0,2018
0423,19444,FAUSTO SALVADOR PERES,PODE,Deputado Estadual,1,2018
0423,19456,AIDAN ANTONIO RAVIN,PODE,Deputado Estadual,0,2018
0423,19499,FLAVIANE MENESES AQUINO,PODE,Deputado Estadual,0,2018
0423,19500,GILBERTO DANIEL JUNIOR,PODE,Deputado Estadual,1,2018
0423,19511,GILDAECIO SOARES DE SOUSA,PODE,Deputado Estadual,0,2018
0423,19519,ANDREA ROSA DE MENEZES DUARTE,PODE,Deputado Estadual,0,2018
0423,19527,LUIZ ANTONIO DE SOUZA,PODE,Deputado Estadual,0,2018
0423,19533,ROLGACIANO FERNANDES ALMEIDA,PODE,Deputado Estadual,0,2018
0423,19549,MARCIA CARNEIRO ABRANTES PINHEIRO,PODE,Deputado Estadual,0,2018
0423,19550,JOSE MARCIO DE CAMPOS,PODE,Deputado Estadual,0,2018
0423,19555,DÉLBIO CAMARGO TERUEL,PODE,Deputado Estadual,1,2018
0423,19556,GERALDO AMARO DA SILVA,PODE,Deputado Estadual,0,2018
0423,19567,CRISTIANE PEREIRA DAVIS,PODE,Deputado Estadual,0,2018
0423,19578,MARCOS CESAR CAVICHIOLLI,PODE,Deputado Estadual,0,2018
0423,19600,EUVALDO REIS DOS SANTOS MENEZES,PODE,Deputado Estadual,0,2018
0423,19610,CREUSA VIEIRA DANTAS ARAÚJO,PODE,Deputado Estadual,0,2018
0423,19619,LUIS HENRIQUE DOS SANTOS MOREIRA,PODE,Deputado Estadual,12,2018
0423,19630,LUIZ EDUARDO OLIVEIRA ALVES,PODE,Deputado Estadual,0,2018
0423,19633,AMARILDO GONÇALVES,PODE,Deputado Estadual,0,2018
0423,19634,KAYQUE GUILHERME MAIER DA SILVA,PODE,Deputado Estadual,1,2018
0423,19700,JOÃO DÁRCIO RIBAMAR SACCHI,PODE,Deputado Estadual,1,2018
0423,19714,JOSÉ APRIGIO DA SILVA,PODE,Deputado Estadual,1,2018
0423,19720,ELISABEL APARECIDA DA CONCEIÇÃO,PODE,Deputado Estadual,0,2018
0423,19722,ASSAD FRANGIEH,PODE,Deputado Estadual,8,2018
0423,19733,JUSSIMAR AMELENTINO JOSEFINO,PODE,Deputado Estadual,1,2018
0423,19770,MONICA PILLAT BELMUDES,PODE,Deputado Estadual,0,2018
0423,19773,MARCELLO MAZARIO COSTA,PODE,Deputado Estadual,0,2018
0423,19777,GUILHERME DE ALES FERRAZ DA SILVA,PODE,Deputado Estadual,8,2018
0423,19785,ERICA CRISTINA CINTRA,PODE,Deputado Estadual,0,2018
0423,19789,JOCELINO JOSE DE SANTANA,PODE,Deputado Estadual,0,2018
0423,19800,MURILO BERBERT AVIGO FELIX,PODE,Deputado Estadual,49,2018
0423,19819,RONALD TANIMOTO CELESTINO,PODE,Deputado Estadual,84,2018
0423,19833,CARLOS DA FONSECA NADAIS,PODE,Deputado Estadual,0,2018
0423,19851,DORA MARIA MACHADO,PODE,Deputado Estadual,0,2018
0423,19875,SANDRO HENRIQUE EUGENIO BASTOS,PODE,Deputado Estadual,0,2018
0423,19883,GERSON FIUZA DE JESUS,PODE,Deputado Estadual,0,2018
0423,19888,RAUL APARECIDO GONÇALVES PAULA,PODE,Deputado Estadual,4,2018
0423,19890,ALESSANDRO AUREO RAFALDINI OLIVEIRA,PODE,Deputado Estadual,1,2018
0423,19899,LUIS DONIZETTI VAZ JUNIOR,PODE,Deputado Estadual,7,2018
0423,19900,MARIA ALMEIDA DANTAS,PODE,Deputado Estadual,0,2018
0423,19910,ERNESTO TEIXEIRA DA CUNHA,PODE,Deputado Estadual,4,2018
0423,19911,MARCOS MENDES DA SILVA,PODE,Deputado Estadual,5,2018
0423,19919,DANIEL CARVALHO MACHADO,PODE,Deputado Estadual,0,2018
0423,19962,ANTONIA MARIA COSTA SILVA,PODE,Deputado Estadual,0,2018
0423,19975,EMMERSON DE CAMARGO,PODE,Deputado Estadual,2,2018
0423,19977,FILIPE AUGUSTO FORNARI MONTANHOLI,PODE,Deputado Estadual,2,2018
0423,19988,VALDECIR TOSCHI,PODE,Deputado Estadual,0,2018
0423,19990,JOSE GARCIA LOPES NETO,PODE,Deputado Estadual,1,2018
0423,19991,MONICA VIANA MIRANDA CAMPOS FERNANDES,PODE,Deputado Estadual,2,2018
0423,19998,LEANDRO CALDEIRA NAVA,PODE,Deputado Estadual,4,2018
0423,19999,RICARDO FABRIZIO PACHECO DE OLIVEIRA,PODE,Deputado Estadual,9,2018
0423,20000,EBENEZÉ FRANCISCO DE PAULA,PSC,Deputado Estadual,2,2018
0423,20010,SERGIO LOURENÇO DA SILVA,PSC,Deputado Estadual,1,2018
0423,20120,EDVALDO DE OLIVEIRA PAULA,PSC,Deputado Estadual,0,2018
0423,20123,GUILHERME CESAR ZAFANI,PSC,Deputado Estadual,8,2018
0423,20147,ANISTALDO LUIZ LOPES DA SILVA,PSC,Deputado Estadual,4,2018
0423,20175,EBENEZER DE PAULA,PSC,Deputado Estadual,0,2018
0423,20200,FLÁVIA CAMARGO DA SILVA,PSC,Deputado Estadual,13,2018
0423,20270,JOSE AUDIDUDIMA SALES DA SILVA,PSC,Deputado Estadual,3,2018
0423,20320,LUCIANE SALLES DA PAZ SCHULTZ,PSC,Deputado Estadual,0,2018
0423,20333,JUAREZ JUVÊNCIO DOS SANTOS,PSC,Deputado Estadual,16,2018
0423,20555,MARIA JOSE OCAMPOS,PSC,Deputado Estadual,1,2018
0423,20610,PAULO CESAR DIAS DOS REIS,PSC,Deputado Estadual,0,2018
0423,20629,ELISABETE NATALI ALVARENGA,PSC,Deputado Estadual,0,2018
0423,20690,EDIVALDO MARCELO ABENÇOADO DOS SANTOS LEAL,PSC,Deputado Estadual,1,2018
0423,20777,CELSO BRAZ DO NASCIMENTO,PSC,Deputado Estadual,13,2018
0423,20800,FERNANDO CESAR RAMOS,PSC,Deputado Estadual,0,2018
0423,20888,PAULO EDUARDO TEMPLE DELGADO,PSC,Deputado Estadual,2,2018
0423,20964,JOSÉ ANTONIO ALVES,PSC,Deputado Estadual,0,2018
0423,20999,ROSANGELA APARECIDA SILVEIRA GIORDANI,PSC,Deputado Estadual,1,2018
0423,21100,ERNESTO FREIRE PICHLER,PCB,Deputado Estadual,5,2018
0423,22000,GILBERTO BENZI,PR,Deputado Estadual,2,2018
0423,22001,ODIR JOÃO DEMARCHI,PR,Deputado Estadual,1,2018
0423,22002,VERA LUCIA LANGELLOTTI VELLO,PR,Deputado Estadual,0,2018
0423,22003,ISABELA CRISTINA CARDOSO DA CRUZ,PR,Deputado Estadual,1,2018
0423,22005,NEUSA MARIA RODRIGUES RACOSTA,PR,Deputado Estadual,0,2018
0423,22007,RODRIGO DE ALMEIDA SOUZA,PR,Deputado Estadual,2,2018
0423,22008,NEILSON PAULO DOS SANTOS,PR,Deputado Estadual,0,2018
0423,22011,GINO JOSÉ TORREZAN,PR,Deputado Estadual,3,2018
0423,22012,JULIO CESAR PEREIRA DE SOUZA,PR,Deputado Estadual,21,2018
0423,22013,JOSÉ CARLOS DE ALMEIDA,PR,Deputado Estadual,0,2018
0423,22017,FRANCISCO ALEXANDRE GUERREIRO GOMES,PR,Deputado Estadual,0,2018
0423,22018,ADÃO TIMÓTEO DE LIMA,PR,Deputado Estadual,2,2018
0423,22019,GUIOMAR HOFFMAN,PR,Deputado Estadual,6,2018
0423,22022,FRANCISCO ROSSI DE ALMEIDA,PR,Deputado Estadual,6,2018
0423,22023,WANESSA SOUSA BOMFIM,PR,Deputado Estadual,0,2018
0423,22024,SIMONE CARDOSO DE OLIVEIRA,PR,Deputado Estadual,0,2018
0423,22028,MARCIO MOREIRA DE SOUZA,PR,Deputado Estadual,23,2018
0423,22031,CRISTIANE APARECIDA CELLA,PR,Deputado Estadual,0,2018
0423,22033,MARCOS AURELIO DE PAULA,PR,Deputado Estadual,1,2018
0423,22035,MAURO ALVES DOS SANTOS JUNIOR,PR,Deputado Estadual,4,2018
0423,22044,ALAN BEZERRA GOMES,PR,Deputado Estadual,0,2018
0423,22045,JOSEFA FÁTIMA DE LIRA,PR,Deputado Estadual,0,2018
0423,22055,MARCOS TADEU VILALTA,PR,Deputado Estadual,4,2018
0423,22065,FABIO ELY RAMOS,PR,Deputado Estadual,0,2018
0423,22080,JEFFERCY DE SOUZA NUNES CHAD,PR,Deputado Estadual,0,2018
0423,22100,LINO BISPO DA ROCHA,PR,Deputado Estadual,1,2018
0423,22111,LUIZ PAULO SALGADO,PR,Deputado Estadual,2,2018
0423,22122,ANDREIA LUCIA GONÇALVES DA SILVA,PR,Deputado Estadual,8,2018
0423,22123,RICARDO ROSSI MADALENA,PR,Deputado Estadual,10,2018
0423,22133,SERGIO ANTONIO DONHA,PR,Deputado Estadual,0,2018
0423,22150,WANDERLEY LEMES TEIXEIRA,PR,Deputado Estadual,0,2018
0423,22177,LUCIANO FEITOSA DE MELO,PR,Deputado Estadual,2,2018
0423,22181,FABIANO MESSIAS BORGES DA SILVA,PR,Deputado Estadual,0,2018
0423,22190,JAIME DE SOUZA,PR,Deputado Estadual,638,2018
0423,22191,EUCLYDES DIAS BUCHLER,PR,Deputado Estadual,2,2018
0423,22192,ANA LÚCIA BATISTA PAVÃO,PR,Deputado Estadual,6,2018
0423,22193,LUIZ CARLOS DOS SANTOS CAMINO,PR,Deputado Estadual,4,2018
0423,22196,SILVIO AMARAL SOARES,PR,Deputado Estadual,3,2018
0423,22200,GILMAR PAES,PR,Deputado Estadual,2,2018
0423,22202,CAIO CESAR ALVARES LORO NETTO,PR,Deputado Estadual,7,2018
0423,22210,JOSE BRANCO PERES NETO,PR,Deputado Estadual,2,2018
0423,22215,APARECIDA BATISTA DIAS BARRETO DE OLIVEIRA,PR,Deputado Estadual,0,2018
0423,22218,MARIA EMILIA DANTAS OLIVEIRA,PR,Deputado Estadual,1,2018
0423,22220,ADRIANA RAMOS AFONSO EL RIFAI,PR,Deputado Estadual,5,2018
0423,22222,MARCOS ROBERTO DAMASIO DA SILVA,PR,Deputado Estadual,91,2018
0423,22223,MARIA JOSÉ PEREIRA DO AMARAL HUNGLAUB,PR,Deputado Estadual,8,2018
0423,22225,ANTONIO DE PADUA PACHECO,PR,Deputado Estadual,7,2018
0423,22228,MARIA GILCELIA DE ASSIS,PR,Deputado Estadual,1,2018
0423,22233,JOÃO MOTA DOS SANTOS,PR,Deputado Estadual,2,2018
0423,22260,BRUNO JACINTHO,PR,Deputado Estadual,1,2018
0423,22269,ROSÂNGELA APARECIDA GOZZO,PR,Deputado Estadual,1,2018
0423,22277,JOSÉ RONALDO GOMES DA SILVA,PR,Deputado Estadual,2,2018
0423,22280,ANTONINHA JOSELI PEREIRA,PR,Deputado Estadual,0,2018
0423,22299,PATRICIA BAPTISTELLA,PR,Deputado Estadual,2,2018
0423,22300,GUILHERME PIAI SILVA FILIZZOLA,PR,Deputado Estadual,0,2018
0423,22303,FABIANE MARQUES DE SOUZA CAMPOS,PR,Deputado Estadual,0,2018
0423,22311,ELIANE BALSANTE LUCAS,PR,Deputado Estadual,0,2018
0423,22321,WALTER ABRAHÃO FILHO,PR,Deputado Estadual,5,2018
0423,22322,DANIELE MAZUQUELI ALONSO,PR,Deputado Estadual,4,2018
0423,22330,APARECIDA CUSTODIO DOS SANTOS,PR,Deputado Estadual,62,2018
0423,22333,LAERTE SONSIN JUNIOR,PR,Deputado Estadual,6,2018
0423,22343,THIAGO REIS AURICCHIO,PR,Deputado Estadual,41,2018
0423,22345,ROY NELSON PINTO,PR,Deputado Estadual,1,2018
0423,22369,NATALINO DA SILVA BRAUNA,PR,Deputado Estadual,0,2018
0423,22377,SAMUEL SIQUEIRA,PR,Deputado Estadual,0,2018
0423,22400,LUCIANO BATISTA,PR,Deputado Estadual,4,2018
0423,22422,MARIA LUCIA MELLA NAF,PR,Deputado Estadual,0,2018
0423,22432,ADEMAR ALVES DE CARVALHO,PR,Deputado Estadual,0,2018
0423,22444,JOSÉ PAGLIARINI FILHO,PR,Deputado Estadual,25,2018
0423,22455,CARLOS ROBERTO ROSSATO,PR,Deputado Estadual,0,2018
0423,22456,ANTONIO DIRCEU DALBEN,PR,Deputado Estadual,201,2018
0423,22500,PATRICIA DA SILVA FEITOSA,PR,Deputado Estadual,3,2018
0423,22522,MARCELO MANFRIM,PR,Deputado Estadual,3,2018
0423,22550,ADNA ANA SIQUEIRA TEIXEIRA,PR,Deputado Estadual,10,2018
0423,22552,GRAÇA ERNESTINA ANAY SILVA DIAS,PR,Deputado Estadual,0,2018
0423,22555,ELIANA PASSARELLI,PR,Deputado Estadual,78,2018
0423,22567,RÚBSON SILVA RIOS,PR,Deputado Estadual,0,2018
0423,22580,ISA DE SOUSA MASCARENHAS,PR,Deputado Estadual,0,2018
0423,22589,GILBERTO BORJA PINTO,PR,Deputado Estadual,0,2018
0423,22599,CRISTIANY DE CASTRO,PR,Deputado Estadual,8,2018
0423,22600,MARCOS MULLER,PR,Deputado Estadual,14,2018
0423,22622,EDNEI APARECIDO VALENCIO,PR,Deputado Estadual,0,2018
0423,22666,ROBERTO DOS SANTOS,PR,Deputado Estadual,0,2018
0423,22675,GERVINO CLÁUDIO GONÇALVES,PR,Deputado Estadual,0,2018
0423,22678,JULIO CESAR LOPES FUDA,PR,Deputado Estadual,4,2018
0423,22700,ANTONIO PADRON NETO,PR,Deputado Estadual,5,2018
0423,22722,PAULO ROBERTO DE QUEIROZ MOTTA,PR,Deputado Estadual,7,2018
0423,22777,WILSON CALDEIRA PAIVA,PR,Deputado Estadual,19,2018
0423,22789,DANIEL ROSSI,PR,Deputado Estadual,6,2018
0423,22800,CLEOMENES ANTUNES JUNIOR,PR,Deputado Estadual,0,2018
0423,22822,JONAS DE SOUZA CAMISA NOVA,PR,Deputado Estadual,0,2018
0423,22888,GRACIELA DE LOURDES DAVID AMBRÓSIO,PR,Deputado Estadual,1,2018
0423,22899,THIAGO GONÇALES,PR,Deputado Estadual,0,2018
0423,22900,ANDERSON BRANCO DA SILVA,PR,Deputado Estadual,0,2018
0423,22911,HELIO VENANCIO FERREIRA,PR,Deputado Estadual,6,2018
0423,22999,ANDRÉ LUIS DO PRADO,PR,Deputado Estadual,5,2018
0423,23000,GUILHERME ANEDES SALLES MENDES,PPS,Deputado Estadual,3,2018
0423,23111,ANTONIO CLAUDIO FLORES PITERI,PPS,Deputado Estadual,3,2018
0423,23120,CHANG YUET JING LIN,PPS,Deputado Estadual,1,2018
0423,23123,DAVID ZAIA,PPS,Deputado Estadual,407,2018
0423,23222,PAULO ANDRE BERTONE FANECO,PPS,Deputado Estadual,12,2018
0423,23300,JULIO ALEXANDRE SBIZERA COSTA,PPS,Deputado Estadual,0,2018
0423,23423,JULIO CESAR FUZARI,PPS,Deputado Estadual,2,2018
0423,23444,ORESTES PIMENTEL SOARES DE MISQUITA,PPS,Deputado Estadual,1,2018
0423,23456,FERNANDO HENRIQUE CURY,PPS,Deputado Estadual,22,2018
0423,23500,MAYRA ROSANNA GAMA DE ARAUJO SILVA DA COSTA,PPS,Deputado Estadual,8,2018
0423,23623,ROBERTO TURCHI DE MORAIS,PPS,Deputado Estadual,26,2018
0423,23789,EDNA FLOR,PPS,Deputado Estadual,6,2018
0423,23888,ALESSANDRA DE ASSIS BERRIEL,PPS,Deputado Estadual,6,2018
0423,25000,MARIANA PRADO NEVES DE OLIVEIRA ALVES,DEM,Deputado Estadual,10,2018
0423,25014,SEVERINO BEZERRA DE ANDRADE,DEM,Deputado Estadual,0,2018
0423,25025,APARECIDO DE CAMPOS FILHO,DEM,Deputado Estadual,727,2018
0423,25077,MARIA LEDA ALVES DA COSTA,DEM,Deputado Estadual,0,2018
0423,25100,ROGÉRIO ANTÔNIO FURTADO BARROS,DEM,Deputado Estadual,2,2018
0423,25111,RODRIGO AUGUSTO MORAES,DEM,Deputado Estadual,87,2018
0423,25118,EDMIR JOSE ABI CHEDID,DEM,Deputado Estadual,101,2018
0423,25122,JOSE ALDO DEMARCHI,DEM,Deputado Estadual,74,2018
0423,25123,ROGERIO NOGUEIRA LOPES CRUZ,DEM,Deputado Estadual,82,2018
0423,25199,ESTEVAM GALVÃO DE OLIVEIRA,DEM,Deputado Estadual,3,2018
0423,25222,ROQUE LEVI SANTOS TAVARES,DEM,Deputado Estadual,1,2018
0423,25233,ROMILDO VIRGINIO DOS SANTOS,DEM,Deputado Estadual,0,2018
0423,25250,MILTON LEITE DA SILVA FILHO,DEM,Deputado Estadual,34,2018
0423,25255,ELAINE GONÇALVES OLIVEIRA,DEM,Deputado Estadual,1,2018
0423,25333,DANIEL BEZERRA RIBEIRO SOARES,DEM,Deputado Estadual,117,2018
0423,25555,ARTHUR MOLEDO DO VAL,DEM,Deputado Estadual,1882,2018
0423,25777,DANIELE ALVES DO AMPARO SOARES,DEM,Deputado Estadual,14,2018
0423,27000,TALITA EYMAEL LATÃES,DC,Deputado Estadual,3,2018
0423,27027,CLARICE OLGA SCHAITNER CESTARO,DC,Deputado Estadual,0,2018
0423,27047,CELIA APARECIDA FAGUNDES LEITE,DC,Deputado Estadual,0,2018
0423,27100,ANTONIO JORGE FILHO,DC,Deputado Estadual,1,2018
0423,27111,ROBERTO AUGUSTO PROCOPIO FERREIRA,DC,Deputado Estadual,0,2018
0423,27112,PAULO HENRIQUE RIBEIRO,DC,Deputado Estadual,0,2018
0423,27127,EDSON CARLOS MIRANDA MONTEIRO,DC,Deputado Estadual,0,2018
0423,27133,GICILENE DE LIMA MATUZAKI,DC,Deputado Estadual,0,2018
0423,27137,HUMBERTO DE ALENCAR SILVA,DC,Deputado Estadual,0,2018
0423,27154,APARECIDO LOURENÇO,DC,Deputado Estadual,0,2018
0423,27158,NEZIONETE HONORATO AMORIM,DC,Deputado Estadual,0,2018
0423,27222,EDMILSON LÁZARO GROPPO,DC,Deputado Estadual,0,2018
0423,27232,JOSÉ ROBERTO ARAUJO SOUZA,DC,Deputado Estadual,5,2018
0423,27270,IONARA MACHADO SOUZA,DC,Deputado Estadual,0,2018
0423,27278,RAIMUNDO NOUZINHO REIS SOARES,DC,Deputado Estadual,0,2018
0423,27299,VANDERLINO BATISTA MACHADO,DC,Deputado Estadual,0,2018
0423,27317,ISMAEL DA SILVA SOUZA,DC,Deputado Estadual,0,2018
0423,27333,DANIEL CRISÓSTOMO DOS SANTOS,DC,Deputado Estadual,0,2018
0423,27461,MARIA VERENA GAYOTTO CAMPOS,DC,Deputado Estadual,0,2018
0423,27464,KILDARE ANTONIO DE ARAUJO,DC,Deputado Estadual,0,2018
0423,27500,GREGORY WATERKEMPER DE SOUZA,DC,Deputado Estadual,0,2018
0423,27507,ADRIANA CARDOSO DE SA,DC,Deputado Estadual,0,2018
0423,27532,HELIOMAR COELHO SILVA JUNIOR,DC,Deputado Estadual,0,2018
0423,27557,EDSON RICARDO GUIMARÃES,DC,Deputado Estadual,2,2018
0423,27563,ALMIR JOSE DE MELO,DC,Deputado Estadual,0,2018
0423,27600,LETICIA IANCA MATOS,DC,Deputado Estadual,0,2018
0423,27640,LEVI ALEXANDRE DE OLIVEIRA,DC,Deputado Estadual,0,2018
0423,27717,JONADABES LOPES,DC,Deputado Estadual,0,2018
0423,27768,MARCOS TADEU DA COSTA PACHECO,DC,Deputado Estadual,1,2018
0423,28000,WILKER CAMARGO,PRTB,Deputado Estadual,0,2018
0423,28007,DELSO CARDOSO CYPRIANO,PRTB,Deputado Estadual,0,2018
0423,28008,JUCIMARA DE ALMEIDA SILVA PIAI,PRTB,Deputado Estadual,0,2018
0423,28014,VALMIR ALVES DA SILVA,PRTB,Deputado Estadual,0,2018
0423,28026,EMERSON PEIXOTO,PRTB,Deputado Estadual,2,2018
0423,28028,ISABELLA SANCHES DE SOUSA TREVISANI,PRTB,Deputado Estadual,0,2018
0423,28029,GLEICE APARECIDA DA SILVA,PRTB,Deputado Estadual,0,2018
0423,28038,HELIO SANTIAGO DOS SANTOS,PRTB,Deputado Estadual,0,2018
0423,28048,JOSE LUIS BARROS FILHO,PRTB,Deputado Estadual,0,2018
0423,28051,JOSÉ LUIZ GLADCHI,PRTB,Deputado Estadual,0,2018
0423,28073,DANIELA CORREA SANTOS,PRTB,Deputado Estadual,4,2018
0423,28079,ANDRÉ ALVES DA SILVA,PRTB,Deputado Estadual,0,2018
0423,28080,MARIA IZABEL PRANDO,PRTB,Deputado Estadual,0,2018
0423,28090,DANIEL BATISTA,PRTB,Deputado Estadual,0,2018
0423,28100,DORIEDSON SIMÃO DE OLIVEIRA,PRTB,Deputado Estadual,0,2018
0423,28111,DEIVID LOPES DA SILVA,PRTB,Deputado Estadual,0,2018
0423,28112,ANTONIO CARLOS ALVES DE LIRA,PRTB,Deputado Estadual,0,2018
0423,28122,YURI GAMA COSTA,PRTB,Deputado Estadual,1,2018
0423,28123,GERALDO PEREIRA FILHO,PRTB,Deputado Estadual,2,2018
0423,28128,LÍVIA MARIA RODRIGUES FIDELIX DA CRUZ,PRTB,Deputado Estadual,65,2018
0423,28166,JULIO CESAR DE SIMONE,PRTB,Deputado Estadual,0,2018
0423,28167,REINALDO RIBEIRO MOTA,PRTB,Deputado Estadual,0,2018
0423,28190,OSVALDO SANTOS DA SILVA,PRTB,Deputado Estadual,0,2018
0423,28191,JASIEL ANTONIO OLIVEIRA DE SOUZA,PRTB,Deputado Estadual,0,2018
0423,28199,LEILSON CASTRO DOS SANTOS,PRTB,Deputado Estadual,0,2018
0423,28200,ERICH DE ANDRÉS,PRTB,Deputado Estadual,1,2018
0423,28204,FRANCISCO ALVES DA SILVA,PRTB,Deputado Estadual,0,2018
0423,28222,MARA LUCIA GARCIA,PRTB,Deputado Estadual,1,2018
0423,28228,ADRIANO JOSÉ DOS REIS,PRTB,Deputado Estadual,0,2018
0423,28246,ILDETE FERREIRA DO PRADO COSTA,PRTB,Deputado Estadual,0,2018
0423,28282,FABIO SILINGARDI,PRTB,Deputado Estadual,1,2018
0423,28290,OZEIAS UMBELINO PINHEIRO,PRTB,Deputado Estadual,0,2018
0423,28323,EUDES APARECIDO MARTINS,PRTB,Deputado Estadual,0,2018
0423,28328,GETÚLIO DE SOUSA SANTOS,PRTB,Deputado Estadual,0,2018
0423,28353,FRANCISCO SEVERIANO DA SILVA,PRTB,Deputado Estadual,0,2018
0423,28388,MARCIO SOUZA RIBEIRO,PRTB,Deputado Estadual,0,2018
0423,28492,MARCOS ANTONIO DA CUNHA,PRTB,Deputado Estadual,0,2018
0423,28500,MARCELA TEIXEIRA BERNARDO,PRTB,Deputado Estadual,0,2018
0423,28501,RAIMUNDA NONATA BORGES,PRTB,Deputado Estadual,0,2018
0423,28510,LUIZETE FERREIRA DA SILVA,PRTB,Deputado Estadual,0,2018
0423,28513,JOSÉ CARLOS ROCHA,PRTB,Deputado Estadual,0,2018
0423,28518,ANTONIO CARLOS PANTANO,PRTB,Deputado Estadual,0,2018
0423,28528,JOSÉ NILTON GOMES DOS SANTOS,PRTB,Deputado Estadual,0,2018
0423,28600,PATRÍCIA GUERREIRO,PRTB,Deputado Estadual,0,2018
0423,28660,SIMONE MORAIS DOS SANTOS,PRTB,Deputado Estadual,0,2018
0423,28700,ROSANGELA VICENTE MOTTA,PRTB,Deputado Estadual,2,2018
0423,28718,ÍTALO GOSMANI MOLON,PRTB,Deputado Estadual,0,2018
0423,28765,RICARDO DOS SANTOS RABAÇA,PRTB,Deputado Estadual,0,2018
0423,28777,ELISANDRA DE MATTOS,PRTB,Deputado Estadual,0,2018
0423,28789,OSEIAS PINO GUARDIOLA,PRTB,Deputado Estadual,0,2018
0423,28800,ROSELI FERREIRA RICARDO,PRTB,Deputado Estadual,0,2018
0423,28825,SIMONE APARECIDA DE SOUZA SANO,PRTB,Deputado Estadual,0,2018
0423,28888,CÍCERO JOSÉ DE GOUVEIA,PRTB,Deputado Estadual,1,2018
0423,28900,WAGNERIANO DE LIMA MOREIRA,PRTB,Deputado Estadual,0,2018
0423,28901,IZABEL CRISTINA ROSA,PRTB,Deputado Estadual,0,2018
0423,28934,RENNÊ VIEIRA DE CARVALHO,PRTB,Deputado Estadual,0,2018
0423,30000,GABRIELA SILVEIRA DA ROCHA CAMARGO,NOVO,Deputado Estadual,273,2018
0423,30001,PAULO ROGERIO DENONI,NOVO,Deputado Estadual,11,2018
0423,30002,CRISTINA PEREIRA MONTEIRO,NOVO,Deputado Estadual,128,2018
0423,30003,ANA PAULA LOURENÇO,NOVO,Deputado Estadual,104,2018
0423,30005,EDUARDO LIMA DE SOUZA,NOVO,Deputado Estadual,15,2018
0423,30007,ALEXANDRE GODINHO BERTONCELLO,NOVO,Deputado Estadual,28,2018
0423,30009,PEDRO PEDRAL VANIN,NOVO,Deputado Estadual,12,2018
0423,30010,MONICA RAMIRES FERRAZ CURY,NOVO,Deputado Estadual,32,2018
0423,30016,MARIA APARECIDA RORATO,NOVO,Deputado Estadual,14,2018
0423,30017,MARCO ANTONIO RIBEIRO FEITOSA,NOVO,Deputado Estadual,31,2018
0423,30018,ROBERTA PINTO GRABERT,NOVO,Deputado Estadual,38,2018
0423,30019,RODRIGO GONÇALVES,NOVO,Deputado Estadual,5,2018
0423,30022,WILSON DE MELLO JUNIOR,NOVO,Deputado Estadual,5,2018
0423,30030,PAULO EDUARDO ANDRADE ORTIZ,NOVO,Deputado Estadual,35,2018
0423,30033,JAIRO MATHEOS FILHO,NOVO,Deputado Estadual,8,2018
0423,30037,JOSE RICARDO DE MORAES PINTO,NOVO,Deputado Estadual,83,2018
0423,30060,SUSANA LAMBERT DE BRITO SILVA,NOVO,Deputado Estadual,12,2018
0423,30077,JOSE EUGENIO FIGUEIREDO,NOVO,Deputado Estadual,12,2018
0423,30080,INGRID MIRIA FRARE,NOVO,Deputado Estadual,8,2018
0423,30100,RICARDO LUIS MELLAO,NOVO,Deputado Estadual,120,2018
0423,30111,HENI OZI CUKIER,NOVO,Deputado Estadual,700,2018
0423,30123,RAFAEL RIBEIRO ZUCCO,NOVO,Deputado Estadual,23,2018
0423,30130,LUIS ALEXANDRE PINHEIRO,NOVO,Deputado Estadual,0,2018
0423,30153,MIRIAM MARIA ANTUNES DE SOUZA,NOVO,Deputado Estadual,146,2018
0423,30190,ISAAC JULIO BARRETO LOPES BITTENCOURT,NOVO,Deputado Estadual,13,2018
0423,30222,RAPHAELA DE AZEVEDO GAETA,NOVO,Deputado Estadual,4,2018
0423,30234,ROBERTO CARLOS DE ALMEIDA,NOVO,Deputado Estadual,1,2018
0423,30300,DANIEL JOSÉ DA SILVA OLIVEIRA,NOVO,Deputado Estadual,1365,2018
0423,30321,MARCOS ALEXANDRE DO NASCIMENTO ZOGNO,NOVO,Deputado Estadual,3,2018
0423,30330,MOISES BENEDITO ROSSI DA CUNHA,NOVO,Deputado Estadual,5,2018
0423,30333,CAROLINA CURIMBABA CAVALCANTE,NOVO,Deputado Estadual,115,2018
0423,30350,ROGERIO SILVA DE SOUZA,NOVO,Deputado Estadual,21,2018
0423,30400,ELIANA PRADO DE AZEVEDO,NOVO,Deputado Estadual,15,2018
0423,30444,EDUARDO HERNANDES DOMINGUES,NOVO,Deputado Estadual,5,2018
0423,30456,JOSE LUIZ PINTO DE MIRANDA,NOVO,Deputado Estadual,4,2018
0423,30500,SERGIO LUIZ VICTOR JUNIOR,NOVO,Deputado Estadual,44,2018
0423,30530,SILVANA ALVES POLO BARONE,NOVO,Deputado Estadual,25,2018
0423,30555,FELIPE LUIZ DE OLIVEIRA,NOVO,Deputado Estadual,7,2018
0423,30567,FABIO MOURA DA SILVA,NOVO,Deputado Estadual,2,2018
0423,30600,CECILIA CARMEN JACINTHO ANDRADE,NOVO,Deputado Estadual,44,2018
0423,30700,CICERO DE OLIVEIRA SALLES JUNIOR,NOVO,Deputado Estadual,35,2018
0423,30777,MARCOS DA SILVA COSTA,NOVO,Deputado Estadual,17,2018
0423,30789,EDUARDO AUGUSTO RISSI,NOVO,Deputado Estadual,7,2018
0423,30800,ANDREA DECOURT SAVELLI,NOVO,Deputado Estadual,124,2018
0423,30808,PAULO FORTES DIAS DE SOUZA,NOVO,Deputado Estadual,7,2018
0423,30833,IVAN RODRIGUES SANTANA,NOVO,Deputado Estadual,2,2018
0423,30888,LUCIANA FONTES LAVIERI ALBERTO,NOVO,Deputado Estadual,28,2018
0423,30900,DANIEL BISCOLA PEREIRA,NOVO,Deputado Estadual,1102,2018
0423,30930,JOAO BATISTA DE OLIVEIRA SOBRINHO,NOVO,Deputado Estadual,0,2018
0423,30999,MAURICIO CARLOS EGYDIO,NOVO,Deputado Estadual,13,2018
0423,31000,PAULO JORGE MANSUR NETO,PHS,Deputado Estadual,102,2018
0423,31001,IONITA DE OLIVEIRA KRUGNER,PHS,Deputado Estadual,1,2018
0423,31002,MARCIO JOSE DA SILVA,PHS,Deputado Estadual,0,2018
0423,31004,ANDRÉ LUIZ COUTINHO DE SOUZA,PHS,Deputado Estadual,0,2018
0423,31005,NELSON FERREIRA FILHO,PHS,Deputado Estadual,0,2018
0423,31006,JOSÉ TIAGO PEREIRA DE SANTANA,PHS,Deputado Estadual,0,2018
0423,31007,LUIS FERNANDO QUINTEIRO DE SOUZA,PHS,Deputado Estadual,0,2018
0423,31008,EDISON BARBOSA VIEIRA SOBRINHO,PHS,Deputado Estadual,0,2018
0423,31009,WALTER PAIVA CIGLIONI,PHS,Deputado Estadual,0,2018
0423,31010,ADEMIR DA GUIA,PHS,Deputado Estadual,48,2018
0423,31011,ALEX DEIVE LOPES SOARES,PHS,Deputado Estadual,3,2018
0423,31015,CÍCERA ALVES DO NASCIMENTO SOARES,PHS,Deputado Estadual,0,2018
0423,31016,JACKSON SOARES GOMES,PHS,Deputado Estadual,0,2018
0423,31017,KELLY CEZARIO ESTEFANO AFONSO DA SILVA,PHS,Deputado Estadual,15,2018
0423,31019,JULIANA AVEIRO,PHS,Deputado Estadual,10,2018
0423,31021,PEDRO AUGUSTO MÁXIMO FAVARON,PHS,Deputado Estadual,1,2018
0423,31022,MARA CRISTINA DA SILVA TAVARES,PHS,Deputado Estadual,0,2018
0423,31023,SONIA REGINA LAZARO,PHS,Deputado Estadual,0,2018
0423,31025,JOSE CARLOS CAETANO,PHS,Deputado Estadual,5,2018
0423,31026,PAULO BARBOSA FRANCISCO,PHS,Deputado Estadual,0,2018
0423,31028,MARCOS ANTONIO PREZENÇA,PHS,Deputado Estadual,0,2018
0423,31029,JOSÉ FORTUNATO SANTANA JÚNIOR,PHS,Deputado Estadual,0,2018
0423,31031,DAMARIS DIAS MOURA KUO,PHS,Deputado Estadual,67,2018
0423,31032,JUAREZ DE CARVALHO COSTA,PHS,Deputado Estadual,0,2018
0423,31034,ADILSON LUIZ DA CRUZ,PHS,Deputado Estadual,1,2018
0423,31035,RONALDO ELIAS MARIANO,PHS,Deputado Estadual,0,2018
0423,31040,LUIZ HENRIQUE POLITA JARDIM TEIXEIRA,PHS,Deputado Estadual,0,2018
0423,31043,JUAREZ SOLANA DE FREITAS,PHS,Deputado Estadual,15,2018
0423,31044,ANA PAULA OLIVEIRA SOUZA,PHS,Deputado Estadual,0,2018
0423,31051,MARIA DA GLÓRIA MATOS GUILHAMATE,PHS,Deputado Estadual,0,2018
0423,31055,JERUSA JANUÁRIA DA SILVA,PHS,Deputado Estadual,0,2018
0423,31077,CLAUDETE CACCIAGUERRA,PHS,Deputado Estadual,0,2018
0423,31100,MARIO CESAR TRUNCI DE MARCO,PHS,Deputado Estadual,2,2018
0423,31109,FIRMINA ALVES DA SILVA,PHS,Deputado Estadual,0,2018
0423,31111,BRUNO CESAR ANDRELLO STIPPE,PHS,Deputado Estadual,6,2018
0423,31113,LETIVAN RODRIGUES DE CARVALHO,PHS,Deputado Estadual,0,2018
0423,31115,ANTONIO HENRIQUE PEREIRA LEITE,PHS,Deputado Estadual,0,2018
0423,31117,JAIRO PEDRO DE ASSIS,PHS,Deputado Estadual,0,2018
0423,31118,SIDNEY DE OLIVEIRA SOARES,PHS,Deputado Estadual,0,2018
0423,31121,FABRÍCIO MARCOS DA SILVA,PHS,Deputado Estadual,0,2018
0423,31123,PAULO DE TARSO NUNES CHIODE,PHS,Deputado Estadual,1,2018
0423,31124,CINTIA DE OLIVEIRA SILVA,PHS,Deputado Estadual,0,2018
0423,31130,MARIA DE FATIMA RODRIGUES ANDRADE PIRES,PHS,Deputado Estadual,0,2018
0423,31131,EDSON SATORU SAKASHITA,PHS,Deputado Estadual,0,2018
0423,31133,MARCO ANTONIO ZITO ALVARENGA,PHS,Deputado Estadual,2,2018
0423,31139,ELIAS DIAS DOS SANTOS,PHS,Deputado Estadual,0,2018
0423,31164,KÁTIA TORBA PERRONE,PHS,Deputado Estadual,1,2018
0423,31183,VALDIR DONIZETE FLAUSINO,PHS,Deputado Estadual,0,2018
0423,31190,FERDINANDO AUGUSTO GALERA,PHS,Deputado Estadual,0,2018
0423,31193,ANGELO MARCIO DE JESUS SILVA,PHS,Deputado Estadual,2,2018
0423,31199,EDSON RODRIGUES CARDOSO,PHS,Deputado Estadual,0,2018
0423,31200,ALESSANDRO RUIZ MARTINEZ,PHS,Deputado Estadual,64,2018
0423,31201,VINÍCIUS DE ANDRADE PEREIRA,PHS,Deputado Estadual,3,2018
0423,31202,THEREZINHA MARIA DE JESUS DA SILVA,PHS,Deputado Estadual,0,2018
0423,31211,RAIMUNDO SOUZA TEIXEIRA,PHS,Deputado Estadual,0,2018
0423,31222,WALDIR FRANCISCO LIMA,PHS,Deputado Estadual,0,2018
0423,31234,MARCUS VINÍCIUS ANDRADE AMBRÓSIO,PHS,Deputado Estadual,0,2018
0423,31277,LUIZ EUSTAQUIO DOS SANTOS,PHS,Deputado Estadual,0,2018
0423,31291,REGINALDO NUNES BEZERRA,PHS,Deputado Estadual,0,2018
0423,31299,PAULO SÉRGIO RODRIGUES DA SILVA,PHS,Deputado Estadual,34,2018
0423,31300,AILTON APARECIDO TIPÓ LAURINDO,PHS,Deputado Estadual,3,2018
0423,31303,FELIPE ANDRE CANUTO GOMES,PHS,Deputado Estadual,1,2018
0423,31311,NOELI PEREIRA MAESTER,PHS,Deputado Estadual,0,2018
0423,31313,ULISSES ROBERTO CORNAZZANI SALES,PHS,Deputado Estadual,3,2018
0423,31320,EDSON DA CRUZ,PHS,Deputado Estadual,0,2018
0423,31322,VALDIRENY DE MIRA DA SILVA,PHS,Deputado Estadual,14,2018
0423,31331,BAZELAU RAMOS,PHS,Deputado Estadual,25,2018
0423,31333,THELMA ELAINE BRASILEIRO ROBERTI,PHS,Deputado Estadual,109,2018
0423,31349,RICARDO HOLZ VIDAL DOS SANTOS,PHS,Deputado Estadual,0,2018
0423,31364,DENIS DIAS DA ROCHA,PHS,Deputado Estadual,0,2018
0423,31373,MICHEL HENRIQUE MOREIRA BARBOSA,PHS,Deputado Estadual,0,2018
0423,31399,ROSEANE SEPRENYI,PHS,Deputado Estadual,0,2018
0423,31401,REGINA DE CÁSSIA  PONTES ALVES DA SILVA,PHS,Deputado Estadual,0,2018
0423,31421,CARLOS ALBERTO RIBEIRO,PHS,Deputado Estadual,0,2018
0423,31444,FERNANDO BITENCOURT,PHS,Deputado Estadual,3,2018
0423,31450,DALVA REGINA PERES,PHS,Deputado Estadual,0,2018
0423,31455,EDSON FUZARO DE CASTRO,PHS,Deputado Estadual,0,2018
0423,31456,JOÃO AGNALDO DONIZETI GANDINI,PHS,Deputado Estadual,3,2018
0423,31500,VALDECIR APARECIDO DO NASCIMENTO,PHS,Deputado Estadual,2,2018
0423,31531,JONAS DE CASTRO DIAS,PHS,Deputado Estadual,0,2018
0423,31550,TALITHA CICILINI GARAVATI,PHS,Deputado Estadual,0,2018
0423,31551,ANDRESSA LUIZ MARTINS,PHS,Deputado Estadual,3,2018
0423,31555,EDICARLOS DE OLIVEIRA SANTOS,PHS,Deputado Estadual,1,2018
0423,31611,RAMON BERTONI PEREIRA,PHS,Deputado Estadual,0,2018
0423,31631,RONALDO FRANCISCO DA CRUZ,PHS,Deputado Estadual,0,2018
0423,31650,WILLIAM SEITI SASHIDA,PHS,Deputado Estadual,0,2018
0423,31651,GUSTAVO HENRIQUE FARGIANI,PHS,Deputado Estadual,0,2018
0423,31660,HELENA APARECIDA GOMES,PHS,Deputado Estadual,0,2018
0423,31717,CRISTIANE FONTES DE CARVALHO NOGUEIRA,PHS,Deputado Estadual,3,2018
0423,31747,ODAIR DE ABREU,PHS,Deputado Estadual,0,2018
0423,31770,MARIA JOSETANIA DE OLIVEIRA TEIXEIRA,PHS,Deputado Estadual,0,2018
0423,31777,GERALDO PEREIRA DE BARROS NETO,PHS,Deputado Estadual,0,2018
0423,31780,BRAZ PEREIRA,PHS,Deputado Estadual,0,2018
0423,31787,AUGUSTO VIEIRA DA SILVA,PHS,Deputado Estadual,2,2018
0423,31789,GUSTAVO COELHO DA SILVA,PHS,Deputado Estadual,1,2018
0423,31800,JOSE ARIVALDO RODRIGUES,PHS,Deputado Estadual,7,2018
0423,31880,MARIA CORDELIZA DOS SANTOS,PHS,Deputado Estadual,0,2018
0423,31900,ADRIANA LUCIA BARRETO,PHS,Deputado Estadual,1,2018
0423,31972,ROSELI DE CAMPOS,PHS,Deputado Estadual,0,2018
0423,31973,ALEXANDRE OLIMPIO DOS SANTOS,PHS,Deputado Estadual,0,2018
0423,31977,LUIZ JACINTO NEPOMUCENO NETO,PHS,Deputado Estadual,0,2018
0423,31990,ELIAS DOS ANJOS,PHS,Deputado Estadual,0,2018
0423,31999,DANIELA HELENICE DANELUZZI SUTTO,PHS,Deputado Estadual,0,2018
0423,33001,JOSÉ MILTON RUIZ LOPES,PMN,Deputado Estadual,0,2018
0423,33003,MÔNICA MARINA BONIFÁCIO MOSCHETTA,PMN,Deputado Estadual,6,2018
0423,33033,FRANCISCO MARCOS IRAN AQUINO ROLIM,PMN,Deputado Estadual,1,2018
0423,33056,PAULO MASSARELLI,PMN,Deputado Estadual,5,2018
0423,33090,JOSÉ EDUARDO DE OLIVEIRA,PMN,Deputado Estadual,0,2018
0423,33111,MAYCON HYPPOLITO NOGUEIRA,PMN,Deputado Estadual,0,2018
0423,33125,ILIETE GERAGE,PMN,Deputado Estadual,0,2018
0423,33140,ROBERTO BARBOSA RODRIGUES,PMN,Deputado Estadual,0,2018
0423,33145,DIOGO ALVES DE PAIVA,PMN,Deputado Estadual,0,2018
0423,33150,JOÃO MARCOS LEITE,PMN,Deputado Estadual,0,2018
0423,33156,WILSON SANTOS MARTINS JUNIOR,PMN,Deputado Estadual,2,2018
0423,33190,CELIMAR GOMES DA SILVA,PMN,Deputado Estadual,7,2018
0423,33193,MARCIO DONIZETE CRUZ SILVA,PMN,Deputado Estadual,0,2018
0423,33216,ROBERTO VIEIRA DIAS,PMN,Deputado Estadual,0,2018
0423,33223,SANDRO CUNHA,PMN,Deputado Estadual,1,2018
0423,33233,ADIENE CRISTINA SCAREL BRENGA,PMN,Deputado Estadual,11,2018
0423,33300,ALEX BATISTA ROCHA,PMN,Deputado Estadual,10,2018
0423,33313,ANTONIO CARLOS FERREIRA JUNIOR,PMN,Deputado Estadual,0,2018
0423,33321,MICHAEL REGINALDO OLIVEIRA DO NASCIMENTO,PMN,Deputado Estadual,0,2018
0423,33333,CARLOS EDUARDO DA SILVA,PMN,Deputado Estadual,6,2018
0423,33356,CARLOS ROBERTO SILVA,PMN,Deputado Estadual,0,2018
0423,33445,LUCIANA ALVES BONIFÁCIO,PMN,Deputado Estadual,0,2018
0423,33456,REGINALDO VIANA GOMES,PMN,Deputado Estadual,0,2018
0423,33464,DENIVIA ROSA DOS SANTOS OLIVEIRA,PMN,Deputado Estadual,0,2018
0423,33555,JOSIVAN FERREIRA DE ASSIS,PMN,Deputado Estadual,0,2018
0423,33633,GERALDO DA SILVA MAIA FILHO,PMN,Deputado Estadual,5,2018
0423,33645,GLADISON DAVID NEIVA DIAS,PMN,Deputado Estadual,0,2018
0423,33651,RITA DE CASSIA MENEZES SANTOS NASCIMENTO,PMN,Deputado Estadual,0,2018
0423,33661,IRENILDA APARECIDA MARIA FRANCISCO,PMN,Deputado Estadual,1,2018
0423,33663,VERIDIANA DA SILVA CASTRO MARTINES,PMN,Deputado Estadual,0,2018
0423,33666,AGNALDO ALVES PEREIRA,PMN,Deputado Estadual,0,2018
0423,33707,ROGÉRIO MARCELINO DE MOURA,PMN,Deputado Estadual,0,2018
0423,33777,LUISA APARECIDA DE BARROS,PMN,Deputado Estadual,0,2018
0423,33789,ANDRÉ BASÍLIO DOS SANTOS,PMN,Deputado Estadual,0,2018
0423,33808,ELSA MUCHA ZANELLA,PMN,Deputado Estadual,0,2018
0423,33810,MARCOS ANTONIO COSTA,PMN,Deputado Estadual,0,2018
0423,33848,OSCAR DE MATTOS,PMN,Deputado Estadual,0,2018
0423,33888,JOSÉ FERREIRA CUNHA,PMN,Deputado Estadual,0,2018
0423,33900,MARIA ERIVANDA CAVALCANTE ARAÚJO,PMN,Deputado Estadual,0,2018
0423,35001,EDNEI APARECIDO PEREIRA,PMB,Deputado Estadual,0,2018
0423,35007,FRANCISCO MAURO DOS SANTOS,PMB,Deputado Estadual,0,2018
0423,35010,SIRA DA SILVA,PMB,Deputado Estadual,0,2018
0423,35011,ELIANA GUERREIRO,PMB,Deputado Estadual,0,2018
0423,35017,TALALE MICHEL CHEDID FILHO,PMB,Deputado Estadual,0,2018
0423,35022,ROSÁLIA DOS SANTOS LIMA,PMB,Deputado Estadual,0,2018
0423,35055,SANDRO HENRIQUE DE CARVALHO COELHO,PMB,Deputado Estadual,0,2018
0423,35100,ALESSANDRA VICENTE SILVERIO,PMB,Deputado Estadual,1,2018
0423,35111,HÉLIO TELES ALVES,PMB,Deputado Estadual,0,2018
0423,35123,AIRTON DA COSTA,PMB,Deputado Estadual,0,2018
0423,35129,CLEUZA SOUZA FRANÇA ALVES,PMB,Deputado Estadual,0,2018
0423,35135,SIMONE APARECIDA DE SOUZA SOARES,PMB,Deputado Estadual,0,2018
0423,35163,ROSIMEIRE SANTOS CESCHINI,PMB,Deputado Estadual,0,2018
0423,35321,MARIA DO CARMO DA CRUZ SANTOS,PMB,Deputado Estadual,0,2018
0423,35333,CARLA ZIPER PEREIRA DE CARVALHO,PMB,Deputado Estadual,0,2018
0423,35456,MARIA TERESA LANDUCCI ROSSIGALLI,PMB,Deputado Estadual,0,2018
0423,35477,REGIANE APARECIDA DE SOUZA NEVES,PMB,Deputado Estadual,0,2018
0423,35500,JOÃO MIGUEL ALVES,PMB,Deputado Estadual,0,2018
0423,35555,WENCESLAU DE SOUZA NETO,PMB,Deputado Estadual,0,2018
0423,35600,ADILSON ALVES DE OLIVEIRA,PMB,Deputado Estadual,0,2018
0423,35678,SARA REGINA ADÃO SILVA,PMB,Deputado Estadual,0,2018
0423,35755,TIAGO CESAR GONÇALVES,PMB,Deputado Estadual,0,2018
0423,35777,ANITA DOS SANTOS TAKAIYASU,PMB,Deputado Estadual,0,2018
0423,35853,WANDER RIBEIRO DE ALMEIDA,PMB,Deputado Estadual,0,2018
0423,35888,JAIME DA SILVA,PMB,Deputado Estadual,0,2018
0423,36000,LAURINDA VAZ DE LIMA,PTC,Deputado Estadual,2,2018
0423,36003,MAGNA SOUZA ARAUJO DA SILVA,PTC,Deputado Estadual,0,2018
0423,36007,RODRIGO EDUARDO DE ALMEIDA PARDI,PTC,Deputado Estadual,0,2018
0423,36010,REANOLFO CLAUDIO DE SIQUEIRA,PTC,Deputado Estadual,1,2018
0423,36013,TELISVALDO OLIVEIRA RIOS,PTC,Deputado Estadual,31,2018
0423,36015,ELIANE FLORENCIO DA SILVA,PTC,Deputado Estadual,0,2018
0423,36016,CLAUDIA OLIVEIRA RODRIGUES SANTOS,PTC,Deputado Estadual,0,2018
0423,36018,GERALDO MONTEIRO TEIXEIRA FILHO,PTC,Deputado Estadual,0,2018
0423,36019,ROSANA CASSIA DOS SANTOS,PTC,Deputado Estadual,0,2018
0423,36033,MAURICIO SIQUEIRA,PTC,Deputado Estadual,0,2018
0423,36036,LEONARDO DA SILVA BRIGAGAO,PTC,Deputado Estadual,2,2018
0423,36070,ALESSANDRO LEITE CAGE,PTC,Deputado Estadual,0,2018
0423,36100,MARINA CAFASSO MOREIRA FARIA,PTC,Deputado Estadual,0,2018
0423,36111,MARCELO LUCIANO DA SILVA,PTC,Deputado Estadual,0,2018
0423,36132,MILTON ANGELO RODRIGUES FILHO,PTC,Deputado Estadual,0,2018
0423,36190,ALEXANDRE ALVES DA ROCHA,PTC,Deputado Estadual,0,2018
0423,36222,FRANCISCA MARIA DE MORAES RODRIGUES,PTC,Deputado Estadual,0,2018
0423,36250,LUCIO FLAVIO PICANÇA FREIRE,PTC,Deputado Estadual,0,2018
0423,36333,PAULO FRANCISCO ALVARENGA BARBOSA,PTC,Deputado Estadual,0,2018
0423,36360,MOACYR SANTANA GUIMARAES,PTC,Deputado Estadual,0,2018
0423,36456,MARCELO DA CRUZ DE SOUZA,PTC,Deputado Estadual,0,2018
0423,36500,SERGIO BORGES ARRUDA,PTC,Deputado Estadual,0,2018
0423,36555,HELTON MESSIAS,PTC,Deputado Estadual,0,2018
0423,36705,JEFFERSON TORRES DA CRUZ,PTC,Deputado Estadual,0,2018
0423,36710,ELIZABET DA SILVA ALMEIDA,PTC,Deputado Estadual,0,2018
0423,36777,EDVALDO DA SILVA GABRIEL,PTC,Deputado Estadual,0,2018
0423,36789,ROGERIO JACOMO MICHELETTI,PTC,Deputado Estadual,0,2018
0423,36888,JOSE MARIA BARBOSA DA SILVA,PTC,Deputado Estadual,0,2018
0423,36889,JOYCE FELIX BARBOZA,PTC,Deputado Estadual,0,2018
0423,36904,MARCOS PRUDENTE CAJE,PTC,Deputado Estadual,0,2018
0423,40000,RAFAEL FERNANDO ZIMBALDI,PSB,Deputado Estadual,3674,2018
0423,40001,LUIS CLAUDIO LAPENA BARRETO,PSB,Deputado Estadual,6,2018
0423,40004,ANGELO JOSÉ LEITE CARDOSO COELHO,PSB,Deputado Estadual,5,2018
0423,40010,HUGO DO PRADO SANTOS,PSB,Deputado Estadual,2,2018
0423,40012,ANIZIA MOTTA DOS SANTOS LOURENÇO,PSB,Deputado Estadual,3,2018
0423,40014,ILDACY BOTELHO CORDEIRO,PSB,Deputado Estadual,0,2018
0423,40023,ORLANDO JOSÉ BOLÇONE,PSB,Deputado Estadual,20,2018
0423,40040,REGIS LEANDRO YASUMURA,PSB,Deputado Estadual,8,2018
0423,40080,SUELY VILELA,PSB,Deputado Estadual,12,2018
0423,40100,ROBERTO CARVALHO ENGLER PINTO,PSB,Deputado Estadual,11,2018
0423,40111,GILMARA ALMEIDA GONÇALVES RIEVRS OLIVEIRA,PSB,Deputado Estadual,1,2018
0423,40112,CARLOS CEZAR DA SILVA,PSB,Deputado Estadual,222,2018
0423,40123,EDSON TOMAZINI,PSB,Deputado Estadual,4,2018
0423,40140,NELSON DIMAS BRAMBILLA,PSB,Deputado Estadual,6,2018
0423,40144,MARIA DE FATIMA DE CARVALHO,PSB,Deputado Estadual,0,2018
0423,40150,BASÍLIO ZECCHINI FILHO,PSB,Deputado Estadual,3,2018
0423,40163,LUZINETE ROSA DOS SANTOS,PSB,Deputado Estadual,0,2018
0423,40180,LUCIANA TRINDADE DE MACEDO,PSB,Deputado Estadual,6,2018
0423,40193,AMILTON PEREIRA BRITO,PSB,Deputado Estadual,1,2018
0423,40222,ROBERTO YOSHIHIRO SEKIYA,PSB,Deputado Estadual,3,2018
0423,40234,CAMILA CORREA MARINO,PSB,Deputado Estadual,1,2018
0423,40280,MARTA CRISTINA LEÃO FERREIRA DA CUNHA,PSB,Deputado Estadual,21,2018
0423,40300,GIL LANCASTER FRAZÃO DE MORÃES,PSB,Deputado Estadual,23,2018
0423,40321,RODOLFO HESSEL FANGANIELLO,PSB,Deputado Estadual,10,2018
0423,40333,ANA CRISTINA GONÇALVES DE ABREU SOUZA,PSB,Deputado Estadual,11,2018
0423,40400,ADILSON ROSSI,PSB,Deputado Estadual,38,2018
0423,40401,LUCIANA OLIVEIRA DE PAIVA,PSB,Deputado Estadual,1,2018
0423,40404,NILTON ROBERTO MARTINES,PSB,Deputado Estadual,4,2018
0423,40440,FÁBIO ALEXANDRE DE ARAÚJO NUNES,PSB,Deputado Estadual,3,2018
0423,40456,JOÃO CARLOS CARAMEZ,PSB,Deputado Estadual,13,2018
0423,40500,RAFAEL ANTONIO DA SILVA,PSB,Deputado Estadual,6,2018
0423,40505,FABRICIO AMARO ANDRADE,PSB,Deputado Estadual,2,2018
0423,40540,JOSÉ ANTONIO BARROS MUNHOZ,PSB,Deputado Estadual,32,2018
0423,40550,MARIO LUIZ TARRICONE,PSB,Deputado Estadual,1,2018
0423,40555,PAULO SERGIO BAPTISTA DE SOUZA,PSB,Deputado Estadual,2,2018
0423,40600,FABÍOLA DE CAMPOS BRAGA MATTOZINHO,PSB,Deputado Estadual,33,2018
0423,40610,DHONY OLIVEIRA SOUZA,PSB,Deputado Estadual,0,2018
0423,40640,CAIO FRANÇA DE GOUVEA GOMES,PSB,Deputado Estadual,44,2018
0423,40675,JOAQUIM MARCELINO JOFFRE NETO,PSB,Deputado Estadual,0,2018
0423,40740,ADMIR DONIZETI FERRO,PSB,Deputado Estadual,4,2018
0423,40777,ANDRÉ LUIS BUENO,PSB,Deputado Estadual,5,2018
0423,40780,JOSÉ AGRIPINO DA SILVA,PSB,Deputado Estadual,5,2018
0423,40789,VINICIUS ALMEIDA CAMARINHA,PSB,Deputado Estadual,6,2018
0423,40866,ROSELI APARECIDA KEIKO KOBAYASHI,PSB,Deputado Estadual,0,2018
0423,40888,EMILIANO ZAPATA FERREIRA MARCELINO SILVA,PSB,Deputado Estadual,5,2018
0423,40999,MARCO ANTONIO SILVA,PSB,Deputado Estadual,0,2018
0423,43000,FRANCISCO JARLES DA SILVA BEZERRA,PV,Deputado Estadual,1,2018
0423,43001,EDSON DE OLIVEIRA GIRIBONI,PV,Deputado Estadual,30,2018
0423,43008,JOSÉ HENRIQUE CONTI,PV,Deputado Estadual,34,2018
0423,43010,CÉLIA CANDIDA MARCONDES SMITH,PV,Deputado Estadual,8,2018
0423,43013,PRISCILA FRANÇA DE FIGUEIREDO,PV,Deputado Estadual,4,2018
0423,43015,JOÃO AMAURICIO PAULI,PV,Deputado Estadual,3,2018
0423,43024,REGINALDO SOUZA MACHADO,PV,Deputado Estadual,1,2018
0423,43033,FRANCISCO ANTONIO SARDELLI,PV,Deputado Estadual,41,2018
0423,43043,HERNANDO MAURO DIÓGENES DE AQUINO,PV,Deputado Estadual,1,2018
0423,43044,ESTER DA SILVA,PV,Deputado Estadual,0,2018
0423,43100,CELINA HARUMI NISHIZAWA,PV,Deputado Estadual,1,2018
0423,43123,CÍCERA SEVERINA DA CONCEIÇÃO MUSA,PV,Deputado Estadual,1,2018
0423,43135,JOSÉ AFONSO LOBATO,PV,Deputado Estadual,7,2018
0423,43199,LILIAN CRISTINA DOS SANTOS FARIA,PV,Deputado Estadual,0,2018
0423,43243,ANTONIO CARLOS MARTINS RIBEIRO,PV,Deputado Estadual,2,2018
0423,43300,LUANA LACERDA DE ALMEIDA,PV,Deputado Estadual,1,2018
0423,43333,ULYSSES MARIO TASSINARI,PV,Deputado Estadual,14,2018
0423,43334,LUIS MARCELO COMERON,PV,Deputado Estadual,1,2018
0423,43363,REINALDO DE SOUZA ALGUZ,PV,Deputado Estadual,290,2018
0423,43369,ORLANDO COUTO JUNIOR,PV,Deputado Estadual,0,2018
0423,43432,MARIA BEZERRA DE MENEZES SCORZA,PV,Deputado Estadual,2,2018
0423,43433,BRUNA HELENA SOUZA TEIXEIRA DE BARROS,PV,Deputado Estadual,29,2018
0423,43543,ANTONIO FERNANDES FERRARI,PV,Deputado Estadual,1,2018
0423,43622,CESAR AUGUSTO JOSÉ,PV,Deputado Estadual,1,2018
0423,43666,ANA DA SILVA FERNANDES,PV,Deputado Estadual,8,2018
0423,43777,CAIO CESAR MACHADO DA CUNHA,PV,Deputado Estadual,10,2018
0423,43999,VERA LÚCIA DA SILVA VENTURA,PV,Deputado Estadual,6,2018
0423,44000,REGINALDO PUGAS,PRP,Deputado Estadual,1,2018
0423,44002,JOSE FERNANDO DA SILVA LUZ,PRP,Deputado Estadual,0,2018
0423,44003,ABIGAIL BENTO DA SILVA,PRP,Deputado Estadual,11,2018
0423,44004,SERGIO CUNHA,PRP,Deputado Estadual,0,2018
0423,44005,APARECIDO DOS SANTOS,PRP,Deputado Estadual,0,2018
0423,44007,ANTONIO CLAUDINO CORDEIRO,PRP,Deputado Estadual,0,2018
0423,44008,SERGIO ALBUQUERQUE LIMA,PRP,Deputado Estadual,0,2018
0423,44012,PATRICIA DE ARRUDA APOLINÁRIO,PRP,Deputado Estadual,0,2018
0423,44014,MARIA ANDRADE DA SILVA,PRP,Deputado Estadual,0,2018
0423,44015,MARIA CRISTINA CICAGNO,PRP,Deputado Estadual,0,2018
0423,44016,MARIA REGINA ALMEIDA SANTOS SANCHES,PRP,Deputado Estadual,0,2018
0423,44018,ALAINY PRYSCILLA OLIVEIRA DA SILVA,PRP,Deputado Estadual,0,2018
0423,44022,TELMA GIMENEZ LOUREIRO,PRP,Deputado Estadual,0,2018
0423,44023,GRECIONE MAGALHÃES DE ALMEIDA,PRP,Deputado Estadual,0,2018
0423,44025,JOSE ROOSEVELT MARTOS,PRP,Deputado Estadual,0,2018
0423,44027,MARIA JOSE DA SILVA,PRP,Deputado Estadual,0,2018
0423,44040,WILLIAM ALBERTO DE ANDRADE,PRP,Deputado Estadual,0,2018
0423,44042,ORIDES MARTINS NEVES,PRP,Deputado Estadual,0,2018
0423,44043,JOSE VERGILIO REIS,PRP,Deputado Estadual,0,2018
0423,44044,RODRIGO PEREIRA DE OLIVEIRA,PRP,Deputado Estadual,0,2018
0423,44045,UZIEL FERREIRA DO NASCIMENTO,PRP,Deputado Estadual,0,2018
0423,44046,FRANCISCO DE ASSIS VIEIRA,PRP,Deputado Estadual,0,2018
0423,44047,ZENAIDE GONCALVES VIANA,PRP,Deputado Estadual,0,2018
0423,44055,JACKSON CARLOS SOUZA DO SACRAMENTO,PRP,Deputado Estadual,0,2018
0423,44062,PAULO PRADO LEITE,PRP,Deputado Estadual,0,2018
0423,44066,DOMINGOS SALVIO SANTOS DA ANUNCIAÇÃO,PRP,Deputado Estadual,0,2018
0423,44077,HELIO BRASSAROTO,PRP,Deputado Estadual,0,2018
0423,44088,WALTER BONETTI,PRP,Deputado Estadual,0,2018
0423,44091,JOSE JATOBA FILHO,PRP,Deputado Estadual,0,2018
0423,44100,ANTONIO ELITON SANTOS DE BRITO,PRP,Deputado Estadual,1,2018
0423,44105,DANIELE REGINA RODRIGUES DO CARMO,PRP,Deputado Estadual,0,2018
0423,44106,ANGELA ALVES PEREIRA GOUVEIA,PRP,Deputado Estadual,1,2018
0423,44111,PAULO MEDEIROS DOS SANTOS,PRP,Deputado Estadual,0,2018
0423,44113,MOISES FERREIRA DA SILVA,PRP,Deputado Estadual,0,2018
0423,44114,APARECIDO ALESSIO CRUZ DE OLIVEIRA,PRP,Deputado Estadual,0,2018
0423,44117,MARCOS FRANCISCO DE MORAES,PRP,Deputado Estadual,0,2018
0423,44118,LUIZ FERNANDES,PRP,Deputado Estadual,0,2018
0423,44120,JOSE CARLOS DOS SANTOS,PRP,Deputado Estadual,0,2018
0423,44122,DEYVISON ERIK GASPAR,PRP,Deputado Estadual,0,2018
0423,44123,JOÃO BATISTA BRANDÃO DO AMARAL,PRP,Deputado Estadual,0,2018
0423,44124,DALILA RITA VITOR DOS SANTOS DA SILVA,PRP,Deputado Estadual,0,2018
0423,44130,JOSE EDVALDO BRITO,PRP,Deputado Estadual,0,2018
0423,44140,MARCELO COLUSSO,PRP,Deputado Estadual,0,2018
0423,44142,LUCINEIA SECANECHIA MALTA,PRP,Deputado Estadual,0,2018
0423,44144,DANIEL MATIAS DA SILVA,PRP,Deputado Estadual,0,2018
0423,44153,DANIEL PEREIRA DA SILVA,PRP,Deputado Estadual,0,2018
0423,44157,RODNEI CESAR DE SOUZA,PRP,Deputado Estadual,0,2018
0423,44160,CLEIDE MARIA ARAUJO MODESTO,PRP,Deputado Estadual,0,2018
0423,44176,MARCELO ROMANO GONÇALVES,PRP,Deputado Estadual,0,2018
0423,44182,EDINEI ROCHA SANTANA,PRP,Deputado Estadual,0,2018
0423,44190,JEAN PIERRE FERREIRA DA SILVA,PRP,Deputado Estadual,0,2018
0423,44201,EROS GOMES RIBEIRO,PRP,Deputado Estadual,0,2018
0423,44211,RAFAEL PEREIRA DA SILVA,PRP,Deputado Estadual,0,2018
0423,44213,SERGIO ALVES DOS SANTOS,PRP,Deputado Estadual,0,2018
0423,44222,ROSANGELA HENRIQUE DE LIMA,PRP,Deputado Estadual,0,2018
0423,44223,MARTA CORREA DOS SANTOS,PRP,Deputado Estadual,0,2018
0423,44234,REGINALDO SOARES DOS SANTOS,PRP,Deputado Estadual,0,2018
0423,44255,EVERALDO CAETANO DA SILVA,PRP,Deputado Estadual,0,2018
0423,44301,ODIVA FERNANDES MENEZES,PRP,Deputado Estadual,0,2018
0423,44334,PAULO CALADO FARIAS,PRP,Deputado Estadual,0,2018
0423,44343,PATRICIA CONSUELO DE SOUZA,PRP,Deputado Estadual,0,2018
0423,44344,SILVANA INES MOREIRA,PRP,Deputado Estadual,0,2018
0423,44351,ILMA ROSA DA SILVA,PRP,Deputado Estadual,0,2018
0423,44411,AMAURY CUNHA CÂMARA,PRP,Deputado Estadual,0,2018
0423,44418,SILVANA REGINA DA SILVA DOS SANTOS,PRP,Deputado Estadual,0,2018
0423,44423,LUCIANA DRAGONE COUTINHO,PRP,Deputado Estadual,0,2018
0423,44425,ELISABETH APARECIDA RODRIGUES DOS SANTOS,PRP,Deputado Estadual,0,2018
0423,44440,JOSE CARLOS LEITE DE CARVALHO,PRP,Deputado Estadual,0,2018
0423,44441,ALESSANDRO MOGLIA,PRP,Deputado Estadual,0,2018
0423,44443,JOÃO LIMA COSTA,PRP,Deputado Estadual,0,2018
0423,44444,FELICIANO NAHIMY FILHO,PRP,Deputado Estadual,464,2018
0423,44445,MOYSES GABRIEL,PRP,Deputado Estadual,2,2018
0423,44447,CARMEM MARIA UCHOA FERNANDES,PRP,Deputado Estadual,0,2018
0423,44456,CARLOS ROBERTO RANGEL DE SOUZA,PRP,Deputado Estadual,0,2018
0423,44491,SONIA MARIA GUERREIRO PAZINI,PRP,Deputado Estadual,0,2018
0423,44499,ROSEMEIRE RIBEIRO,PRP,Deputado Estadual,0,2018
0423,44500,ROGERIO GOMES DO NASCIMENTO,PRP,Deputado Estadual,1,2018
0423,44511,JOSE CARLOS FLAUSINO,PRP,Deputado Estadual,0,2018
0423,44544,ISAIAS GUEDES GUIMARÃES,PRP,Deputado Estadual,0,2018
0423,44553,ROMILDO FIDELIS,PRP,Deputado Estadual,0,2018
0423,44567,JOSE BERALDO,PRP,Deputado Estadual,5,2018
0423,44600,ARMINDO ALBINO MUNHOZ,PRP,Deputado Estadual,0,2018
0423,44610,DANUBIA CRISTINA GOMES ALVES,PRP,Deputado Estadual,3,2018
0423,44631,JONAS FONTOURA SANTANA,PRP,Deputado Estadual,0,2018
0423,44663,MANOEL MILANEZ DA SILVA FILHO,PRP,Deputado Estadual,0,2018
0423,44666,JOÃO BOSCO DANTAS LOPES,PRP,Deputado Estadual,0,2018
0423,44677,ADRIANA SOUZA DOS SANTOS PEREIRA,PRP,Deputado Estadual,0,2018
0423,44678,OSVALDO LIMA DA SILVA,PRP,Deputado Estadual,0,2018
0423,44700,ITAMAR SENA,PRP,Deputado Estadual,0,2018
0423,44728,WLADIMIR ROGERIO DOS SANTOS,PRP,Deputado Estadual,0,2018
0423,44744,MARCELO EDUARDO AMICI JORGE,PRP,Deputado Estadual,2,2018
0423,44758,RENATO BORGIANI,PRP,Deputado Estadual,0,2018
0423,44774,MARCELO SOLON RODRIGUES,PRP,Deputado Estadual,0,2018
0423,44777,JESUS DE AQUINO,PRP,Deputado Estadual,0,2018
0423,44779,DALILA CAMARGO,PRP,Deputado Estadual,0,2018
0423,44789,JOÃO ALFREDO DE OLIVEIRA,PRP,Deputado Estadual,0,2018
0423,44800,MARCELO DONIZETTI FARIA RAMALHO,PRP,Deputado Estadual,0,2018
0423,44888,JOSE VALDIVINO GREGORIO,PRP,Deputado Estadual,0,2018
0423,44910,MARCOS PAULO CABRAL DE LIMA,PRP,Deputado Estadual,0,2018
0423,44944,VERA LUCIA APARECIDA ALVES,PRP,Deputado Estadual,0,2018
0423,44949,SILVANA REIS NICOLAU,PRP,Deputado Estadual,0,2018
0423,44977,NEUSA DA SILVA OLIVEIRA,PRP,Deputado Estadual,0,2018
0423,44999,RODRIGO SALES BARBOSA,PRP,Deputado Estadual,0,2018
0423,45000,CAUE CASEIRO MACRIS,PSDB,Deputado Estadual,248,2018
0423,45002,IVONE FERNANDES DIAS DO NASCIMENTO,PSDB,Deputado Estadual,0,2018
0423,45005,CAROLINA FUNARI LUCIO,PSDB,Deputado Estadual,4,2018
0423,45007,WIVIANE MARIA SPAZIANI,PSDB,Deputado Estadual,1,2018
0423,45009,SANDRA MARIA ANDRADE DE ALMEIDA,PSDB,Deputado Estadual,1,2018
0423,45045,GUSTAVO MARTINELLI,PSDB,Deputado Estadual,10,2018
0423,45100,CAIO MARCIO VIOTTO COUBE,PSDB,Deputado Estadual,10,2018
0423,45111,MARCO ANTONIO SCARASATI VINHOLI,PSDB,Deputado Estadual,5,2018
0423,45114,MARIA LUCIA CARDOSO PINTO AMARY,PSDB,Deputado Estadual,10,2018
0423,45115,JULIO PIRES DOS SANTOS JUNIOR,PSDB,Deputado Estadual,5,2018
0423,45121,VANESSA ORSINI,PSDB,Deputado Estadual,3,2018
0423,45122,ANTONIO DE SOUSA RAMALHO,PSDB,Deputado Estadual,2,2018
0423,45123,MAURÍCIO MENNA BARRETO GASPARINI,PSDB,Deputado Estadual,14,2018
0423,45125,MAURO BRAGATO,PSDB,Deputado Estadual,12,2018
0423,45145,GIOVANNA GUIMARÃES TRIPOLI,PSDB,Deputado Estadual,81,2018
0423,45151,JOSE CARLOS VAZ DE LIMA,PSDB,Deputado Estadual,15,2018
0423,45157,SANDRA CRISTINA LEITE SANTANA,PSDB,Deputado Estadual,8,2018
0423,45200,CELIA CAMARGO LEÃO EDELMUTH,PSDB,Deputado Estadual,2319,2018
0423,45222,ANTONIO DA ROCHA MARMO CEZAR,PSDB,Deputado Estadual,15,2018
0423,45232,CARLOS EDUARDO PIGNATARI,PSDB,Deputado Estadual,13,2018
0423,45300,FABIANO ANDREY BERTAGNOLI TRIGO,PSDB,Deputado Estadual,1,2018
0423,45321,PATRICIA GAMA DE QUADROS BEZERRA,PSDB,Deputado Estadual,43,2018
0423,45333,CARLOS CESAR ARCOLINO,PSDB,Deputado Estadual,4,2018
0423,45345,RAUL CHRISTIANO DE OLIVEIRA SANCHEZ,PSDB,Deputado Estadual,7,2018
0423,45400,ANALICE FERNANDES,PSDB,Deputado Estadual,52,2018
0423,45444,FHIAMA RAQUEL BISPO DE SOUZA,PSDB,Deputado Estadual,4,2018
0423,45445,MICHELLI VENEZIANI DA SILVA,PSDB,Deputado Estadual,8,2018
0423,45450,MARCUS MACEDO,PSDB,Deputado Estadual,23,2018
0423,45451,AURÉLIO NOMURA,PSDB,Deputado Estadual,38,2018
0423,45454,THOMÁS ANTONIO CAPELETTO DE OLIVEIRA,PSDB,Deputado Estadual,30,2018
0423,45455,GILMAR DA SILVA GIMENES,PSDB,Deputado Estadual,3,2018
0423,45456,MARCIO CESAR DE CAMARGO,PSDB,Deputado Estadual,11,2018
0423,45470,ANA CRISTINA DA SILVA COSTA,PSDB,Deputado Estadual,14,2018
0423,45477,ROBERTO MASSAFERA,PSDB,Deputado Estadual,7,2018
0423,45500,DEBORA MARCONDES SILVA,PSDB,Deputado Estadual,7,2018
0423,45545,JOBERT ALEXANDRINO,PSDB,Deputado Estadual,21,2018
0423,45555,CASSIO DE CASTRO NAVARRO,PSDB,Deputado Estadual,11,2018
0423,45600,CAROLINA DE MORAES PONTES,PSDB,Deputado Estadual,16,2018
0423,45610,HELIO NISHIMOTO,PSDB,Deputado Estadual,17,2018
0423,45633,AUGUSTO DUARTE MOREIRA NETO,PSDB,Deputado Estadual,2,2018
0423,45678,GILSON ALMEIDA BARRETO JUNIOR,PSDB,Deputado Estadual,7,2018
0423,45680,CARLA SARDANO MORANDO,PSDB,Deputado Estadual,13,2018
0423,45700,JOSE ANTONIO DE ANGELIS,PSDB,Deputado Estadual,3,2018
0423,45745,JOSÉ MARIO BRASILIENSE CARNEIRO,PSDB,Deputado Estadual,10,2018
0423,45777,CLAUDIO YUKIO MIYAKE,PSDB,Deputado Estadual,96,2018
0423,45780,MARCOS ANTONIO ZERBINI,PSDB,Deputado Estadual,5,2018
0423,45789,WILSON ALVES DAMASCENO,PSDB,Deputado Estadual,3,2018
0423,45800,PAULO MATHIAS DE TARSO,PSDB,Deputado Estadual,75,2018
0423,45845,THIAGO ANTUNES CAVALCA REIS LOBO,PSDB,Deputado Estadual,15,2018
0423,45855,ELISSANDRO MARCIO SILVA LINDOSO,PSDB,Deputado Estadual,3,2018
0423,45888,ADRIANO CAMARGO ANTONIO,PSDB,Deputado Estadual,0,2018
0423,45900,MARCO ANTONIO DA FONSECA BICHEIRO,PSDB,Deputado Estadual,1,2018
0423,50000,ANDERSON SEVERIANO GOMES,PSOL,Deputado Estadual,34,2018
0423,50001,ALEXANDRE PINHEIRO COSTA,PSOL,Deputado Estadual,5,2018
0423,50002,ALEXYA LUCAS EVANGELISTA SALVADOR,PSOL,Deputado Estadual,19,2018
0423,50005,TAMIRES DE SOUSA ARANTES,PSOL,Deputado Estadual,15,2018
0423,50007,MARIA CAROLINA LUIZ RUBINATO,PSOL,Deputado Estadual,55,2018
0423,50010,GENIVAL CALIXTO DA COSTA,PSOL,Deputado Estadual,2,2018
0423,50012,JESSICA MARQUES RIBEIRO,PSOL,Deputado Estadual,4,2018
0423,50013,EDINALDO DOS SANTOS MACEDO,PSOL,Deputado Estadual,0,2018
0423,50018,MAYKON RODRIGUES DOS SANTOS,PSOL,Deputado Estadual,19,2018
0423,50019,RONALDO DA CRUZ BRAGANÇA,PSOL,Deputado Estadual,2,2018
0423,50021,THYAGO MARCONDES,PSOL,Deputado Estadual,2,2018
0423,50030,SANDRO VINICIUS ORTEGA NICODEMO,PSOL,Deputado Estadual,0,2018
0423,50033,SIRLEI PEREIRA LIMA GOBI,PSOL,Deputado Estadual,0,2018
0423,50036,REGIS MARQUES RIBEIRO,PSOL,Deputado Estadual,1,2018
0423,50039,RODRIGO DA SILVA,PSOL,Deputado Estadual,0,2018
0423,50040,DORIVAL BORELLI FILHO,PSOL,Deputado Estadual,0,2018
0423,50050,ANITA DE GUSMÃO DAMIÃO,PSOL,Deputado Estadual,15,2018
0423,50051,PALOMA APARECIDA SOARES,PSOL,Deputado Estadual,3,2018
0423,50069,HAILEY KAAS ALVES PEDRO DA SILVA,PSOL,Deputado Estadual,23,2018
0423,50070,JOSELICIO FREITAS DOS SANTOS JUNIOR,PSOL,Deputado Estadual,1,2018
0423,50075,ANA CLAUDIA SILVA MIELKE,PSOL,Deputado Estadual,100,2018
0423,50077,CÁSSIO ALBERTO DO NASCIMENTO,PSOL,Deputado Estadual,5,2018
0423,50080,LUCAS DE PAULA LANDIN,PSOL,Deputado Estadual,2,2018
0423,50088,PAULO PEREIRA ROCHA,PSOL,Deputado Estadual,0,2018
0423,50090,FRANCISCO GILBERTO DA SILVA,PSOL,Deputado Estadual,1,2018
0423,50100,MARIANA CONTI TAKAHASHI,PSOL,Deputado Estadual,1587,2018
0423,50111,JORGE DAVID SALGADO,PSOL,Deputado Estadual,18,2018
0423,50120,DAMIÃO TAVARES DOS SANTOS,PSOL,Deputado Estadual,0,2018
0423,50122,ANSELMO PIRES DA SILVA NETO,PSOL,Deputado Estadual,1,2018
0423,50123,JOÃO PAULO RILLO,PSOL,Deputado Estadual,37,2018
0423,50130,LEANDRO MOREIRA GONÇALVES,PSOL,Deputado Estadual,6,2018
0423,50133,MARCELO REINA SILIANO,PSOL,Deputado Estadual,0,2018
0423,50135,RAFAEL FRANCIS OLIVA,PSOL,Deputado Estadual,0,2018
0423,50147,ELIANAI MAESTRELLO DE LYRA,PSOL,Deputado Estadual,0,2018
0423,50150,LUCAS FERREIRA CARDOSO,PSOL,Deputado Estadual,0,2018
0423,50180,ISADORA MARTINATTI PENNA,PSOL,Deputado Estadual,163,2018
0423,50190,BRUNO LOZZI DA COSTA,PSOL,Deputado Estadual,1,2018
0423,50197,VALDIR JOSE UCHOA,PSOL,Deputado Estadual,0,2018
0423,50200,MARCELLO FERREIRA DOS SANTOS,PSOL,Deputado Estadual,1,2018
0423,50222,MAIRA MACHADO RODRIGUES,PSOL,Deputado Estadual,6,2018
0423,50225,MARIA DO CARMO OLIVEIRA NAFALSKI,PSOL,Deputado Estadual,5,2018
0423,50234,MADALENA SILVA SANTOS,PSOL,Deputado Estadual,31,2018
0423,50235,VALERIA MAURICIO,PSOL,Deputado Estadual,0,2018
0423,50250,SARA RODRIGUES DE FRANÇA VIEIRA,PSOL,Deputado Estadual,0,2018
0423,50300,JOAO LUIS DIAS ZAFALAO,PSOL,Deputado Estadual,9,2018
0423,50321,ROSANA BIGNAMI,PSOL,Deputado Estadual,3,2018
0423,50324,MOACIR CAVALCANTI DOS SANTOS,PSOL,Deputado Estadual,0,2018
0423,50333,LEONARDO MANOEL ALVES,PSOL,Deputado Estadual,11,2018
0423,50350,PEDRO HENRIQUE TERUJI JERONIMO MINAMIDANI,PSOL,Deputado Estadual,1,2018
0423,50420,ELY ITO RODRIGUES,PSOL,Deputado Estadual,5,2018
0423,50444,ADEMILSON MIGUEL FERNANDES,PSOL,Deputado Estadual,6,2018
0423,50450,DJALMA NERY FERREIRA NETO,PSOL,Deputado Estadual,48,2018
0423,50456,GISELE CRISTIANE VIEIRA,PSOL,Deputado Estadual,3,2018
0423,50479,SIDNEI APARECIDO GARCIA,PSOL,Deputado Estadual,0,2018
0423,50490,SHIRLANDIA SALES NOVAIS,PSOL,Deputado Estadual,0,2018
0423,50500,RENATO BENTO LUIZ,PSOL,Deputado Estadual,6,2018
0423,50501,FERNANDO ANTONIO FERREIRA,PSOL,Deputado Estadual,3,2018
0423,50505,BRUNO VIEIRA MAIA,PSOL,Deputado Estadual,43,2018
0423,50518,CRISTIANE GANDOLFI,PSOL,Deputado Estadual,4,2018
0423,50550,RAUL MARCELO DE SOUZA,PSOL,Deputado Estadual,5,2018
0423,50555,MAURICIO DE MELO VIEIRA,PSOL,Deputado Estadual,1,2018
0423,50567,JAIR RODRIGUES DE CARVALHO,PSOL,Deputado Estadual,0,2018
0423,50620,MARCOS ROBERTO COELHO,PSOL,Deputado Estadual,0,2018
0423,50630,EDNALDO BISPO DA CRUZ,PSOL,Deputado Estadual,0,2018
0423,50650,ANTONIO BIAGIO VESPOLI,PSOL,Deputado Estadual,13,2018
0423,50666,MARCIA FREIRE DE MATTOS RUBIANO,PSOL,Deputado Estadual,2,2018
0423,50678,ANDRÉ SAPANOS DE CARVALHO,PSOL,Deputado Estadual,0,2018
0423,50690,CARLOS JOSE DA SILVA,PSOL,Deputado Estadual,1,2018
0423,50700,FABIANO DE CARVALHO BATISTA,PSOL,Deputado Estadual,2,2018
0423,50720,WLISSES DANIEL SILVA CABRAL,PSOL,Deputado Estadual,0,2018
0423,50750,REJANE DE MOURA,PSOL,Deputado Estadual,2,2018
0423,50777,PAULO ROBERTO BUFALO,PSOL,Deputado Estadual,518,2018
0423,50787,EDUARDO VICENTE DA FONSECA,PSOL,Deputado Estadual,1,2018
0423,50789,CARLOS ALBERTO GIANNASI,PSOL,Deputado Estadual,213,2018
0423,50800,IURIATAN FELIPE MUNIZ,PSOL,Deputado Estadual,36,2018
0423,50813,ANGELA CRISTINA ALVES DE AZEVEDO,PSOL,Deputado Estadual,3,2018
0423,50848,LUZIANE DIAS SIMÃO,PSOL,Deputado Estadual,4,2018
0423,50850,JOÃO VITOR DIAMANTINO CORRÊA BARBOSA,PSOL,Deputado Estadual,0,2018
0423,50881,DANIEL BELARMINO,PSOL,Deputado Estadual,1,2018
0423,50888,ÉRICA DA SILVA,PSOL,Deputado Estadual,179,2018
0423,50900,MONICA CRISTINA SEIXAS BONFIM,PSOL,Deputado Estadual,445,2018
0423,50917,CÉLIO PELICIARI DE PAULA JÚNIOR,PSOL,Deputado Estadual,1,2018
0423,50950,JOSE HERMENEGILDO DE MARTIN,PSOL,Deputado Estadual,0,2018
0423,50980,GILBERTO MARQUES,PSOL,Deputado Estadual,0,2018
0423,50999,SANDRO CUNHA DOS SANTOS,PSOL,Deputado Estadual,0,2018
0423,51000,SERGIO ANTONIO NECHAR,PATRI,Deputado Estadual,5,2018
0423,51001,MOESIO ALVES CORREIA,PATRI,Deputado Estadual,0,2018
0423,51003,HENRIQUE AGUILERA FILHO,PATRI,Deputado Estadual,0,2018
0423,51004,DIMAS MENDES DA SILVA JUNIOR,PATRI,Deputado Estadual,0,2018
0423,51006,THAIS CRISTINA DE CASTRO CONDE GALVAO,PATRI,Deputado Estadual,0,2018
0423,51007,SÉRGIO GUERRA,PATRI,Deputado Estadual,0,2018
0423,51008,ROBERTO CARLOS DE SANTI,PATRI,Deputado Estadual,0,2018
0423,51011,MARCIA FERREIRA LUCAS,PATRI,Deputado Estadual,1,2018
0423,51013,MALAQUIAS ARAUJO MELO,PATRI,Deputado Estadual,0,2018
0423,51015,DEUSAMAR SANTOS TEIXEIRA SALVADOR,PATRI,Deputado Estadual,1,2018
0423,51016,ROSANA FEITOSA ALVES,PATRI,Deputado Estadual,0,2018
0423,51017,SOLANGE DEVIETRO,PATRI,Deputado Estadual,0,2018
0423,51018,MARIA DE LOURDES SILVA DEPIERI,PATRI,Deputado Estadual,0,2018
0423,51019,ANDERSON DIAS DE MENESES,PATRI,Deputado Estadual,1,2018
0423,51020,ALEXANDRE FERREIRA DE SOUSA,PATRI,Deputado Estadual,0,2018
0423,51021,LIDIA MARIA DE SOUZA,PATRI,Deputado Estadual,0,2018
0423,51022,RENATA MARCIA ALVES BRAGA,PATRI,Deputado Estadual,0,2018
0423,51025,ELISMONICA SOUZA SILVA,PATRI,Deputado Estadual,0,2018
0423,51029,MARCOS ANDRE SANTOS MESSIAS,PATRI,Deputado Estadual,0,2018
0423,51030,LUIZ CARLOS DE PAULA,PATRI,Deputado Estadual,0,2018
0423,51032,ISAIAS CONCEIÇÃO,PATRI,Deputado Estadual,0,2018
0423,51033,ANDRE RAPHAEL BUION MARQUES,PATRI,Deputado Estadual,1,2018
0423,51035,JOSÉ MESSIAS DA COSTA,PATRI,Deputado Estadual,0,2018
0423,51036,MARIA DE LOURDES BORGES PIZONI,PATRI,Deputado Estadual,0,2018
0423,51037,LUIZ VINICIUS DOS SANTOS,PATRI,Deputado Estadual,0,2018
0423,51038,TERESINHA GERALDO LISBOA,PATRI,Deputado Estadual,0,2018
0423,51040,RENATO ANTONIO FONSECA FILHO,PATRI,Deputado Estadual,0,2018
0423,51041,RAQUEL AGUIAR DE OLIVEIRA SILVA,PATRI,Deputado Estadual,0,2018
0423,51045,CINTHIA FERNANDES BANDEIRA,PATRI,Deputado Estadual,2,2018
0423,51051,JAMIL AKIO ONO,PATRI,Deputado Estadual,5,2018
0423,51052,EDUARDO MONTEIRO,PATRI,Deputado Estadual,0,2018
0423,51053,CARLA ISOLA CASALE,PATRI,Deputado Estadual,0,2018
0423,51055,EDSON FERREIRA PONTES,PATRI,Deputado Estadual,0,2018
0423,51056,ROBSON LIEBETANZ DZELVE CALABIANQUI,PATRI,Deputado Estadual,0,2018
0423,51057,GRAZIELE CRISTINA LUCATO,PATRI,Deputado Estadual,0,2018
0423,51060,FRANCISCA LUIZ PEREIRA,PATRI,Deputado Estadual,0,2018
0423,51077,HELENA MARIA LEME BARBOSA,PATRI,Deputado Estadual,0,2018
0423,51081,MARCOS JOSÉ DO VALLE,PATRI,Deputado Estadual,0,2018
0423,51082,CICERO EDINALDO DE MENEZES,PATRI,Deputado Estadual,0,2018
0423,51085,MARINALVA CONCEIÇÃO SANTOS,PATRI,Deputado Estadual,0,2018
0423,51088,MARIA JOSÉ DOS SANTOS,PATRI,Deputado Estadual,0,2018
0423,51090,RONALDO ROSA DE ALMEIDA,PATRI,Deputado Estadual,0,2018
0423,51100,ANDRE GOMES BARBOSA,PATRI,Deputado Estadual,1,2018
0423,51111,ZELINDIANOR OLIVEIRA DE SOUZA,PATRI,Deputado Estadual,0,2018
0423,51120,EDSON RICARDO DE CARVALHO SOUZA,PATRI,Deputado Estadual,0,2018
0423,51121,ANTÔNIO MARCOS RODRIGUES,PATRI,Deputado Estadual,0,2018
0423,51123,REGINA DA SILVA COSTA,PATRI,Deputado Estadual,4,2018
0423,51127,VALDIR HENRIQUE DOS SANTOS FERREIRA,PATRI,Deputado Estadual,0,2018
0423,51145,JOSE ALEXANDRE JUNCO,PATRI,Deputado Estadual,0,2018
0423,51151,RENAN ELIAS GODINHO,PATRI,Deputado Estadual,0,2018
0423,51153,ADRIANA ALVES DE OLIVEIRA,PATRI,Deputado Estadual,4,2018
0423,51155,JORGE DE FREITAS,PATRI,Deputado Estadual,2,2018
0423,51158,WASHINGTON SOUZA CARDOSO DOS SANTOS,PATRI,Deputado Estadual,0,2018
0423,51167,CARLOS EDUARDO MONÇÃO GARCIA,PATRI,Deputado Estadual,0,2018
0423,51177,ROBERTO PIMENTEL,PATRI,Deputado Estadual,3,2018
0423,51190,WILSON DE OLIVEIRA MORAIS,PATRI,Deputado Estadual,12,2018
0423,51193,GUARACY RIBEIRO FILHO,PATRI,Deputado Estadual,0,2018
0423,51200,JAIR RAMALHO DA SILVA,PATRI,Deputado Estadual,0,2018
0423,51215,FRANCISCO MONTEIRO DE ARRUDA,PATRI,Deputado Estadual,0,2018
0423,51222,ENIVALDO LEITE,PATRI,Deputado Estadual,1,2018
0423,51233,JOSE CARLOS BISPO DOS SANTOS,PATRI,Deputado Estadual,0,2018
0423,51234,PAULO DE TARSO CARDOSO DE MIRANDA,PATRI,Deputado Estadual,0,2018
0423,51235,NILSON PEREIRA DE ABREU,PATRI,Deputado Estadual,0,2018
0423,51251,ELISA KATSUE TAKAHASHI CARARETO,PATRI,Deputado Estadual,0,2018
0423,51270,OSMAR MENEZES MARQUES,PATRI,Deputado Estadual,2,2018
0423,51300,DEUSDETE PEREIRA MARINHO,PATRI,Deputado Estadual,0,2018
0423,51302,MARCELO BARRETO STERZA,PATRI,Deputado Estadual,0,2018
0423,51322,MARIA ALICE ARAÚJO LIMBERG,PATRI,Deputado Estadual,0,2018
0423,51326,AMANDA SANTOS DA SILVA,PATRI,Deputado Estadual,0,2018
0423,51333,ROBERTO CARDOSO FERREIRA,PATRI,Deputado Estadual,0,2018
0423,51343,ODAIR BENTO FILHO,PATRI,Deputado Estadual,1,2018
0423,51345,HALSE MICHELLINE TAVARES COELHO,PATRI,Deputado Estadual,0,2018
0423,51346,ARY LOPES DA CRUZ,PATRI,Deputado Estadual,0,2018
0423,51351,VALENTIM PEREIRA LIMA,PATRI,Deputado Estadual,0,2018
0423,51353,GIOVANNA MARQUES DOS REIS,PATRI,Deputado Estadual,0,2018
0423,51355,CARLOS ALBERTO PINTO DA SILVA,PATRI,Deputado Estadual,0,2018
0423,51369,PAULO SERGIO BENISSE,PATRI,Deputado Estadual,0,2018
0423,51381,MARIA INÊS GIANINI,PATRI,Deputado Estadual,0,2018
0423,51394,VANDECI LAURENTINO DE OLIVEIRA,PATRI,Deputado Estadual,0,2018
0423,51400,JORGE DONIZETTI RIBEIRO DE MATOS,PATRI,Deputado Estadual,0,2018
0423,51440,WANDERLEY FAVILA,PATRI,Deputado Estadual,0,2018
0423,51444,FERNANDO HENRIQUE FERREIRA,PATRI,Deputado Estadual,1,2018
0423,51445,IRENICE ODETE BARBOSA,PATRI,Deputado Estadual,0,2018
0423,51446,GIULIO BALDI DANTAS,PATRI,Deputado Estadual,0,2018
0423,51451,SAMIR AFONSO MARGONAR,PATRI,Deputado Estadual,0,2018
0423,51455,CLAUDENICE JEFERSINA SANTANA DA SILVA,PATRI,Deputado Estadual,0,2018
0423,51456,JOSE DONISETI GILDO,PATRI,Deputado Estadual,0,2018
0423,51458,MESSIAS JOSÉ DE MORAES,PATRI,Deputado Estadual,0,2018
0423,51460,CICERO MACEDO DA SILVA,PATRI,Deputado Estadual,0,2018
0423,51470,LEANDRO DE JESUS,PATRI,Deputado Estadual,0,2018
0423,51478,MARIA DERLÂNIA LIMA SANTOS,PATRI,Deputado Estadual,0,2018
0423,51479,WILLIAN GALVAO DA SILVA,PATRI,Deputado Estadual,0,2018
0423,51480,MARIA DE LOURDES DE LIMA GUSSONI,PATRI,Deputado Estadual,2,2018
0423,51491,GONZAGA MENDES DE OLIVEIRA,PATRI,Deputado Estadual,0,2018
0423,51500,MARCIO DENER CORAN,PATRI,Deputado Estadual,17,2018
0423,51510,ANGELA MARIA DE OLIVEIRA,PATRI,Deputado Estadual,0,2018
0423,51511,ITAMAR GONÇALVES,PATRI,Deputado Estadual,2,2018
0423,51515,SILNEY MARCOS BERALDO,PATRI,Deputado Estadual,6,2018
0423,51526,ANDRÉ ITALO MAURO,PATRI,Deputado Estadual,0,2018
0423,51531,MAURICIO ANTONIO FOGAÇA,PATRI,Deputado Estadual,0,2018
0423,51533,VALDEMAR DIAS PEREIRA FILHO,PATRI,Deputado Estadual,0,2018
0423,51550,EDSON MACENO,PATRI,Deputado Estadual,5,2018
0423,51551,DIOGENES MORIS MORENO DOS SANTOS,PATRI,Deputado Estadual,2,2018
0423,51555,LUIS ROBERTO TAVARES,PATRI,Deputado Estadual,1,2018
0423,51580,SIMONE APARECIDA SANTOS,PATRI,Deputado Estadual,4,2018
0423,51599,MARCIO XAVIER DA SILVA,PATRI,Deputado Estadual,10,2018
0423,51600,ALMIR DE ALEXANDRES,PATRI,Deputado Estadual,0,2018
0423,51610,JOSÉ EDIMILSON DA SILVA,PATRI,Deputado Estadual,0,2018
0423,51664,ELIABE VENANCIO AIRES,PATRI,Deputado Estadual,0,2018
0423,51678,FLAVIA MARIA DOS ANJOS SILVA,PATRI,Deputado Estadual,0,2018
0423,51686,LAURO MARTINS DE LARA NETO,PATRI,Deputado Estadual,0,2018
0423,51699,PAULO ALVES CORRÊA JUNIOR,PATRI,Deputado Estadual,2,2018
0423,51700,SUELLEN SILVA ROSIM,PATRI,Deputado Estadual,1,2018
0423,51707,MEGIONE BASSETTO DE CASTRO,PATRI,Deputado Estadual,0,2018
0423,51737,LUIZ ALBERTO TEIXEIRA FERREIRA,PATRI,Deputado Estadual,0,2018
0423,51749,RUTE DA COSTA ESMAEL LOPES,PATRI,Deputado Estadual,0,2018
0423,51751,GILVANETE BATISTA DE MORAIS,PATRI,Deputado Estadual,0,2018
0423,51760,LAURINDA FRANCISCA DOS SANTOS,PATRI,Deputado Estadual,0,2018
0423,51762,THIAGO BARBOZA LUZ,PATRI,Deputado Estadual,0,2018
0423,51773,LUIS CARLOS MIRANDA,PATRI,Deputado Estadual,0,2018
0423,51777,MARCO ANTONIO MAURO PORTELLA,PATRI,Deputado Estadual,4,2018
0423,51779,CHALANA MACHADO DOS SANTOS,PATRI,Deputado Estadual,1,2018
0423,51789,ADILSON EUGENIO DE LIMA,PATRI,Deputado Estadual,0,2018
0423,51796,HAYSLAN PIRES GONÇALVES,PATRI,Deputado Estadual,0,2018
0423,51800,MARIA DE LOURDES SANTANA DA CONCEICAO,PATRI,Deputado Estadual,0,2018
0423,51841,SAMUEL DO CARMO,PATRI,Deputado Estadual,1,2018
0423,51851,ERICA NASCIMENTO SILVA,PATRI,Deputado Estadual,0,2018
0423,51852,ANTONIO OLIVA DE ARAUJO,PATRI,Deputado Estadual,0,2018
0423,51877,SONIA APARECIDA GRANITO BARBOSA,PATRI,Deputado Estadual,0,2018
0423,51888,LUCAS DE ASSIS COSTA,PATRI,Deputado Estadual,3,2018
0423,51911,ABEL ELIAS DE CAMARGO,PATRI,Deputado Estadual,0,2018
0423,54007,FERNANDO RODRIGO DE CARVALHO,PPL,Deputado Estadual,0,2018
0423,54019,HELITON ESCORPELI,PPL,Deputado Estadual,4,2018
0423,54035,REGINA MARILIA PRADO MANSSUR,PPL,Deputado Estadual,0,2018
0423,54040,MARCOS ROBERTO OLIVAL DIAS,PPL,Deputado Estadual,0,2018
0423,54051,BENEDITO HONORIO BARBOSA,PPL,Deputado Estadual,2,2018
0423,54119,ROBSON FLORA COSIMATTI,PPL,Deputado Estadual,0,2018
0423,54222,STELIO LEAL PESSANHA,PPL,Deputado Estadual,3,2018
0423,54290,JALMIRA DO CARMO SILVA COELHO,PPL,Deputado Estadual,0,2018
0423,54300,MARIANA NUNES DE MOURA SOUZA,PPL,Deputado Estadual,76,2018
0423,54321,AMELIA RENATA MANARA DOMENI GASTI,PPL,Deputado Estadual,1,2018
0423,54322,JOAO LUIZ LEITE,PPL,Deputado Estadual,0,2018
0423,54333,DANIEL FERNAINE DRAGER,PPL,Deputado Estadual,0,2018
0423,54501,OBERVAN DUNGA DOS SANTOS,PPL,Deputado Estadual,0,2018
0423,54555,EDVALDO HEITOR BORTOLLOTTI,PPL,Deputado Estadual,1,2018
0423,54700,LUIZ CARLOS DA SILVA,PPL,Deputado Estadual,0,2018
0423,54789,ROSLAVIO ALFREDO GRAF JUNIOR,PPL,Deputado Estadual,0,2018
0423,54854,PAULO CESAR CANDIDO BARBOSA,PPL,Deputado Estadual,0,2018
0423,54855,SAMIRA DIAS DA SILVA ALVES,PPL,Deputado Estadual,0,2018
0423,54991,ROSANE OLIVEIRA DA COSTA,PPL,Deputado Estadual,0,2018
0423,54999,RONALDO BARROS DE OLIVEIRA,PPL,Deputado Estadual,1,2018
0423,55000,GUSTAVO RAMOS PERISSINOTTO,PSD,Deputado Estadual,20,2018
0423,55023,FABIO CESAR SATO,PSD,Deputado Estadual,3,2018
0423,55030,LUCIANO ANDRÉ RODRIGUES,PSD,Deputado Estadual,5,2018
0423,55055,RENATO PUPO DE PAULA,PSD,Deputado Estadual,27,2018
0423,55090,CAROLINE STEINMETZ,PSD,Deputado Estadual,93,2018
0423,55100,DIEGO HENRIQUE RODRIGUES MIRANDA,PSD,Deputado Estadual,0,2018
0423,55110,ANTONIO MARCOS DA SILVA POLYCENO,PSD,Deputado Estadual,0,2018
0423,55123,RENATA LEMES DE PAIVA MENDES DA COSTA,PSD,Deputado Estadual,4,2018
0423,55125,MANOEL DAVID KORN DE CARVALHO,PSD,Deputado Estadual,4,2018
0423,55133,JULIANA VIGGIANI VALIO BORGES,PSD,Deputado Estadual,10,2018
0423,55153,MARIA DE LOURDES SOARES,PSD,Deputado Estadual,147,2018
0423,55155,MARINA JAYME DE MELO CARDINALI,PSD,Deputado Estadual,7,2018
0423,55190,ALVARO BATISTA CAMILO,PSD,Deputado Estadual,39,2018
0423,55199,WILMA DE FREITAS MALTA,PSD,Deputado Estadual,0,2018
0423,55200,NELSON SCHREINER JUNIOR,PSD,Deputado Estadual,0,2018
0423,55222,ADOLFO QUINTAS GONÇALVES NETO,PSD,Deputado Estadual,3,2018
0423,55255,ALEXANDRE MILANESE CAMILLO,PSD,Deputado Estadual,36,2018
0423,55321,JONATHAN AMORA DE RAGO,PSD,Deputado Estadual,0,2018
0423,55333,PAULO ROBERTO DE CAMPOS,PSD,Deputado Estadual,2,2018
0423,55400,MARTA MARIA FREIRE DA COSTA,PSD,Deputado Estadual,486,2018
0423,55500,MARCIA WALÉRIA NUNES DE OLIVEIRA DIAS,PSD,Deputado Estadual,4,2018
0423,55555,RITA DE CASSIA TRINCA PASSOS,PSD,Deputado Estadual,21,2018
0423,55655,ROSSANA RODRIGUES ROSSINI CAMACHO,PSD,Deputado Estadual,3,2018
0423,55677,PAULO LUIS SANTOS,PSD,Deputado Estadual,0,2018
0423,55678,FABIO FERNANDO DOS REIS SILVA,PSD,Deputado Estadual,0,2018
0423,55755,LUIZ CARLOS GIANELLI TEIXEIRA,PSD,Deputado Estadual,0,2018
0423,55777,ALEXANDER MUNIZ DE OLIVEIRA,PSD,Deputado Estadual,116,2018
0423,55800,RAFAEL GANZERLI AUAD,PSD,Deputado Estadual,7,2018
0423,55826,CLARICE SILVA BARBOSA,PSD,Deputado Estadual,1,2018
0423,55855,LIVIO ANTONIO GIOSA,PSD,Deputado Estadual,9,2018
0423,55900,KARINA CARLA DA SILVA,PSD,Deputado Estadual,5,2018
0423,55955,PATRICIA DOS REIS TRAVASSOS,PSD,Deputado Estadual,0,2018
0423,65000,LUIS ARAUJO FRANÇA,PC do B,Deputado Estadual,0,2018
0423,65001,GLAUBER DA SILVA,PC do B,Deputado Estadual,0,2018
0423,65005,GLÉDSON ANTONIO DE PROENÇA,PC do B,Deputado Estadual,0,2018
0423,65007,MARISA APARECIDA DE SÁ LIMA,PC do B,Deputado Estadual,0,2018
0423,65008,DECIO DOS SANTOS,PC do B,Deputado Estadual,1,2018
0423,65013,JOSÉ MARCOLINO DA SILVA,PC do B,Deputado Estadual,0,2018
0423,65021,LUIS CARLOS SOARES DE OLIVEIRA,PC do B,Deputado Estadual,0,2018
0423,65022,GENI SALDANHA DOS SANTOS SILVA,PC do B,Deputado Estadual,0,2018
0423,65023,WLADMIR DE SOUZA CARNEIRO,PC do B,Deputado Estadual,58,2018
0423,65024,FABIO ALVES CABRAL,PC do B,Deputado Estadual,0,2018
0423,65030,NADIA MARIA AUGUSTA DE OLIVEIRA JOAQUIM,PC do B,Deputado Estadual,0,2018
0423,65035,LECI BRANDÃO DA SILVA,PC do B,Deputado Estadual,145,2018
0423,65038,ADRIANA COELHO DE OLIVEIRA,PC do B,Deputado Estadual,3,2018
0423,65040,JAMILE RANGEL DA SILVA,PC do B,Deputado Estadual,0,2018
0423,65050,RODRIGO FERNANDO ASSIS DOS SANTOS,PC do B,Deputado Estadual,0,2018
0423,65051,VALERIA CANESTRI,PC do B,Deputado Estadual,0,2018
0423,65065,EDSON GOMES DA SILVA,PC do B,Deputado Estadual,3,2018
0423,65100,ALCIDES AMAZONAS ARAUJO DOS SANTOS,PC do B,Deputado Estadual,2,2018
0423,65105,LUIZ ALBERTO DA SILVA,PC do B,Deputado Estadual,0,2018
0423,65111,RÔMULO KAZIMIERZ LUSZCZYNSKI,PC do B,Deputado Estadual,0,2018
0423,65117,EVELYN CAROLINE LIMA DOS SANTOS PEREIRA,PC do B,Deputado Estadual,0,2018
0423,65121,JORGE ANTONIO DA SILVA,PC do B,Deputado Estadual,1,2018
0423,65123,GUSTAVO LEMOS PETTA,PC do B,Deputado Estadual,1725,2018
0423,65133,IRINEU SEBASTIÃO,PC do B,Deputado Estadual,2,2018
0423,65159,MARIANA ARANTES MASTROROCO,PC do B,Deputado Estadual,0,2018
0423,65161,MIRIAM APARECIDA DA SILVA,PC do B,Deputado Estadual,0,2018
0423,65165,FRANCISCA RODRIGUES BARBOSA BRITTO,PC do B,Deputado Estadual,3,2018
0423,65167,NEIDE LANDE,PC do B,Deputado Estadual,0,2018
0423,65180,CARINA VITRAL COSTA,PC do B,Deputado Estadual,64,2018
0423,65192,JEFFERSON ERECY SANTOS,PC do B,Deputado Estadual,1,2018
0423,65194,SAMIR ANGELO BASSUALDO BENTO,PC do B,Deputado Estadual,0,2018
0423,65200,GICÉLIA DOS SANTOS,PC do B,Deputado Estadual,0,2018
0423,65213,NILSON JOSE GARRIDO,PC do B,Deputado Estadual,0,2018
0423,65222,SIDNEI LUIZ PEREIRA,PC do B,Deputado Estadual,0,2018
0423,65229,NATAL DIAS DE OLIVEIRA,PC do B,Deputado Estadual,0,2018
0423,65230,CINTIA MARA GONÇALVES MUNIZ,PC do B,Deputado Estadual,0,2018
0423,65233,RUTE BARBOSA FERNANDES,PC do B,Deputado Estadual,0,2018
0423,65265,GENIVALDO BARBOSA DOS SANTOS,PC do B,Deputado Estadual,0,2018
0423,65285,LILIAN SOARES ARAUJO SANTANA,PC do B,Deputado Estadual,0,2018
0423,65300,GERALDO MAGELA DA CRUZ,PC do B,Deputado Estadual,1,2018
0423,65321,VANDERLEI SIRAQUE,PC do B,Deputado Estadual,0,2018
0423,65332,CARMEN MIRANDA ALVES PEREIRA,PC do B,Deputado Estadual,0,2018
0423,65333,RODRIGO FIRMINO ROMÃO,PC do B,Deputado Estadual,0,2018
0423,65340,ADRIANA CARDOSO AZEVEDO PERMINIO,PC do B,Deputado Estadual,3,2018
0423,65345,ELENISIO DE ALMEIDA SILVA,PC do B,Deputado Estadual,0,2018
0423,65353,JOSÉ ERIVALDO DA SILVA,PC do B,Deputado Estadual,0,2018
0423,65369,ALBERTO DE SOUZA GOMES,PC do B,Deputado Estadual,3,2018
0423,65379,EUNICE ALVES DE OLIVEIRA NORONHA,PC do B,Deputado Estadual,0,2018
0423,65400,WALTER FERNANDES CANDELARIO,PC do B,Deputado Estadual,0,2018
0423,65420,MARCOS AURÉLIO DOS SANTOS,PC do B,Deputado Estadual,0,2018
0423,65432,BRAZ HENRIQUE TELES,PC do B,Deputado Estadual,0,2018
0423,65444,RAIMUNDO FERREIRA BARROS,PC do B,Deputado Estadual,0,2018
0423,65456,MARCIO JUNIOR BRIANES,PC do B,Deputado Estadual,3,2018
0423,65465,JOSE CLAUDIO DA SILVA VIEIRA,PC do B,Deputado Estadual,0,2018
0423,65475,RENATA CZEKAY,PC do B,Deputado Estadual,0,2018
0423,65500,DOUGLAS ALBERTO SANTOS,PC do B,Deputado Estadual,2,2018
0423,65512,JOÃO ANTONIO DONIZZETTI CARVALHO,PC do B,Deputado Estadual,3,2018
0423,65523,LIOZINA DE ALMEIDA SARAIVA,PC do B,Deputado Estadual,0,2018
0423,65555,VÂNIA REGINA RIBEIRO,PC do B,Deputado Estadual,0,2018
0423,65565,EVELYN CAVALCANTE CARLOS,PC do B,Deputado Estadual,0,2018
0423,65600,JAIR MARMELO CARDOSO DE OLIVEIRA,PC do B,Deputado Estadual,0,2018
0423,65650,HENRIQUE DOMINGUES,PC do B,Deputado Estadual,0,2018
0423,65651,FLAVIO MONTESINOS GODOI,PC do B,Deputado Estadual,1,2018
0423,65653,JEFFERSON FISCHER DA ROCHA,PC do B,Deputado Estadual,0,2018
0423,65654,SERGIO LUIZ ZERBINATO RODRIGUES,PC do B,Deputado Estadual,0,2018
0423,65655,MARCEL FERRAZ CAMILO,PC do B,Deputado Estadual,0,2018
0423,65656,LUIS ALVES DE SOUZA,PC do B,Deputado Estadual,0,2018
0423,65658,SAMUEL GOMES DE JESUS,PC do B,Deputado Estadual,0,2018
0423,65659,KEITH CRISTINE HORTA,PC do B,Deputado Estadual,3,2018
0423,65666,ANTONIO CARLOS FERREIRA DE OLIVEIRA,PC do B,Deputado Estadual,0,2018
0423,65677,GUARACI FERNANDO CAMPOS,PC do B,Deputado Estadual,0,2018
0423,65678,RAFAEL TURRINI PURGATO,PC do B,Deputado Estadual,1,2018
0423,65688,ROBERTO FERREIRA DE MENEZES,PC do B,Deputado Estadual,0,2018
0423,65765,JOÃO HILTON TEIXEIRA,PC do B,Deputado Estadual,0,2018
0423,65777,SAMUEL EUZÉBIO DE OLIVEIRA,PC do B,Deputado Estadual,0,2018
0423,65787,NINA RODRIGUES VIEIRA,PC do B,Deputado Estadual,4,2018
0423,65789,MICHEL RAMIRO CARNEIRO,PC do B,Deputado Estadual,2,2018
0423,65790,JOAQUIM TEODORO GOMA,PC do B,Deputado Estadual,2,2018
0423,65852,EDSON LUIS DE AGUIAR,PC do B,Deputado Estadual,0,2018
0423,65865,GABRIEL SOARES GONÇALVES,PC do B,Deputado Estadual,0,2018
0423,65888,LOURIVALDO PRATES,PC do B,Deputado Estadual,0,2018
0423,65900,SINCLAIR LOPES DE OLIVEIRA,PC do B,Deputado Estadual,1,2018
0423,65945,NEI ROBSON MEDEIROS DE ARAUJO,PC do B,Deputado Estadual,0,2018
0423,65999,EDSON ALEXANDRE PEREIRA,PC do B,Deputado Estadual,0,2018
0423,70000,SIRINEU DE ARAUJO SANTOS,AVANTE,Deputado Estadual,13,2018
0423,70001,LUIZ FÁBIO CRUZ DA SILVA,AVANTE,Deputado Estadual,0,2018
0423,70002,VALDECIRO MAIA DOS SANTOS,AVANTE,Deputado Estadual,0,2018
0423,70003,ROGÉRIO AUGUSTO PAVÃO,AVANTE,Deputado Estadual,0,2018
0423,70004,MARCELO DA SILVA VIEIRA,AVANTE,Deputado Estadual,14,2018
0423,70005,ERALDO PEREIRA DE LIMA,AVANTE,Deputado Estadual,0,2018
0423,70006,MÁRCIO PIMENTEL BENVENUTO,AVANTE,Deputado Estadual,0,2018
0423,70007,JAIRO DOS SANTOS,AVANTE,Deputado Estadual,0,2018
0423,70009,ALEXANDRE MIGUEL COSTA,AVANTE,Deputado Estadual,0,2018
0423,70010,ESDRA BATISTA NASCIMENTO,AVANTE,Deputado Estadual,0,2018
0423,70011,LUCIANO LIMA DE ANDRADE,AVANTE,Deputado Estadual,4,2018
0423,70013,MARCIO CAETANO PEREIRA,AVANTE,Deputado Estadual,0,2018
0423,70014,WEVERSON CARLOS ALMEIDA,AVANTE,Deputado Estadual,0,2018
0423,70016,ANA RAQUEL RICARDO,AVANTE,Deputado Estadual,0,2018
0423,70017,ANDERSON ROGERIO ALVES,AVANTE,Deputado Estadual,1,2018
0423,70018,PATRICIA LUCIA GOUVEIA DA SILVA,AVANTE,Deputado Estadual,0,2018
0423,70020,URIAS GONÇALVES DA SILVA FILHO,AVANTE,Deputado Estadual,0,2018
0423,70022,JEREMIAS ALVES SANTOS,AVANTE,Deputado Estadual,0,2018
0423,70023,MARIA ELIANA NOGUEIRA,AVANTE,Deputado Estadual,0,2018
0423,70026,ROGÉRIO APARECIDO GOMES PIRES,AVANTE,Deputado Estadual,6,2018
0423,70030,GILBERTO ROQUE JACINTO,AVANTE,Deputado Estadual,0,2018
0423,70033,ANTONIO FLAVIO ALMEIDA DE OLIVEIRA,AVANTE,Deputado Estadual,0,2018
0423,70034,PLINIO MARCOS DE LIMA,AVANTE,Deputado Estadual,0,2018
0423,70040,JOSÉ NUNES DE MORAIS,AVANTE,Deputado Estadual,2,2018
0423,70043,DÉBORA DIAS DA SILVA,AVANTE,Deputado Estadual,0,2018
0423,70045,LEANDRO DE SOUZA SERRÃO,AVANTE,Deputado Estadual,0,2018
0423,70047,LAMYS MITRI FERNANDES GOMES,AVANTE,Deputado Estadual,0,2018
0423,70050,EDSON ANTUNES DOS PASSOS,AVANTE,Deputado Estadual,0,2018
0423,70055,MARIETA ANITA DE OLIVEIRA,AVANTE,Deputado Estadual,0,2018
0423,70060,PAULO HENRIQUE EVARISTO,AVANTE,Deputado Estadual,1,2018
0423,70066,CEZAR AUGUSTO DE SOUZA OLIVEIRA,AVANTE,Deputado Estadual,2,2018
0423,70070,EDSON NASCIMENTO DE OLIVEIRA,AVANTE,Deputado Estadual,0,2018
0423,70071,RAFAEL PINHEIRO DOS SANTOS,AVANTE,Deputado Estadual,0,2018
0423,70074,STEPHANY AKIE NAKAMORI NOVAES RIBEIRO,AVANTE,Deputado Estadual,1,2018
0423,70077,ISMERAÍ EGIDIO DA SILVA,AVANTE,Deputado Estadual,0,2018
0423,70078,ANGELICA DA SILVA MOREIRA,AVANTE,Deputado Estadual,0,2018
0423,70080,MICHEL DE ANDRADE BRAZ,AVANTE,Deputado Estadual,0,2018
0423,70088,MICHELE DE JESUS POINA,AVANTE,Deputado Estadual,0,2018
0423,70099,ANTONIO SOARES OLIVEIRA,AVANTE,Deputado Estadual,0,2018
0423,70100,WILLIAM ALI CHAIM,AVANTE,Deputado Estadual,0,2018
0423,70110,NILTON DANTAS,AVANTE,Deputado Estadual,0,2018
0423,70111,AURELIO SANTUCCI,AVANTE,Deputado Estadual,0,2018
0423,70117,VALTER CORRÊA JUNIOR,AVANTE,Deputado Estadual,0,2018
0423,70121,VALDÍVIO JOSÉ DE LIMA,AVANTE,Deputado Estadual,0,2018
0423,70123,FRANCISCO ESMERALDO FELIPE CARNEIRO,AVANTE,Deputado Estadual,1,2018
0423,70141,ZÊNIA PEREIRA DE ANDRADE SOUSA,AVANTE,Deputado Estadual,1,2018
0423,70147,ÂNGELA MARIA MAGALHÃES,AVANTE,Deputado Estadual,0,2018
0423,70156,EDNA GONÇALVES DA SILVA,AVANTE,Deputado Estadual,0,2018
0423,70170,RICARDO DA SILVA SAIBRO,AVANTE,Deputado Estadual,0,2018
0423,70176,KAMEL MURCHED,AVANTE,Deputado Estadual,0,2018
0423,70177,DANIEL RODRIGUES DE QUEIROZ JUNIOR,AVANTE,Deputado Estadual,0,2018
0423,70188,SIDNEY MATOS DE SOUZA,AVANTE,Deputado Estadual,0,2018
0423,70190,RUBENS CLAUDIO SIQUEIRA NERI,AVANTE,Deputado Estadual,7,2018
0423,70192,SANDRA DE OLIVEIRA SILVA,AVANTE,Deputado Estadual,0,2018
0423,70200,JOÃO CARLOS ANDRÉ,AVANTE,Deputado Estadual,0,2018
0423,70210,ANTÔNIO JOSÉ DE SOUZA SANTOS,AVANTE,Deputado Estadual,0,2018
0423,70222,REGINÉIA LEMES TAVARES,AVANTE,Deputado Estadual,0,2018
0423,70227,ERICA CRISTINA VIARO,AVANTE,Deputado Estadual,0,2018
0423,70234,FÁBIO SILVA MOREIRA,AVANTE,Deputado Estadual,0,2018
0423,70255,OTONIEL FERREIRA DE LIMA,AVANTE,Deputado Estadual,0,2018
0423,70270,MARCOS DE ARAÚJO HAGA,AVANTE,Deputado Estadual,0,2018
0423,70277,GERMANO VETTAS,AVANTE,Deputado Estadual,0,2018
0423,70300,CLAUDIO INÁCIO,AVANTE,Deputado Estadual,0,2018
0423,70321,ALMIR ROBERTO CICOTE,AVANTE,Deputado Estadual,0,2018
0423,70333,CRISTIANO GASPERINE,AVANTE,Deputado Estadual,0,2018
0423,70341,LUIZ CARLOS DOS ANJOS FREITAS,AVANTE,Deputado Estadual,0,2018
0423,70343,JOSÉ VALMIR MENDES DA SILVA,AVANTE,Deputado Estadual,0,2018
0423,70345,JOSÉ CARLOS DA SILVA,AVANTE,Deputado Estadual,0,2018
0423,70369,PAULO HENRIQUE COELHO MARBACK D OLIVEIRA,AVANTE,Deputado Estadual,0,2018
0423,70370,SALVADOR ALVES DOS SANTOS,AVANTE,Deputado Estadual,0,2018
0423,70389,CLAUDIO GOMES DE ARAUJO JUNIOR,AVANTE,Deputado Estadual,0,2018
0423,70400,ELIZEU MARTINS FELICIANO,AVANTE,Deputado Estadual,0,2018
0423,70432,EDNA FRANCISCO COSTA BEZERRA,AVANTE,Deputado Estadual,0,2018
0423,70440,JOSÉ DE SOUZA NOGUEIRA,AVANTE,Deputado Estadual,0,2018
0423,70444,SANDERSON RIBEIRO CORREIA DE LIMA,AVANTE,Deputado Estadual,0,2018
0423,70445,SUELY MARIA DE PAULO RODRIGUES,AVANTE,Deputado Estadual,0,2018
0423,70447,KEILA ZIBORDI MORAES CARVALHO,AVANTE,Deputado Estadual,0,2018
0423,70456,CLÉLIA GOMES DA SILVA,AVANTE,Deputado Estadual,18,2018
0423,70470,JÔNATAS TABORDA,AVANTE,Deputado Estadual,1,2018
0423,70500,ALESSANDRO PEREIRA DOS SANTOS,AVANTE,Deputado Estadual,2,2018
0423,70543,GIRLENE DO SOCORRO BARBOSA MAIA,AVANTE,Deputado Estadual,0,2018
0423,70555,CARLOS ALBERTO MARIANO,AVANTE,Deputado Estadual,0,2018
0423,70557,EDSON NEVES GALINDO,AVANTE,Deputado Estadual,0,2018
0423,70565,EDILEUSA MARIA ALVES DO NASCIMENTO,AVANTE,Deputado Estadual,0,2018
0423,70567,ISABEL SILVA GASPAR DE MORAIS,AVANTE,Deputado Estadual,0,2018
0423,70570,EDIVALDO APARECIDO CORREA,AVANTE,Deputado Estadual,0,2018
0423,70577,EXPEDITO CARLOS DE SOUZA,AVANTE,Deputado Estadual,9,2018
0423,70600,CARLOS ALBERTO DE ARRUDA,AVANTE,Deputado Estadual,0,2018
0423,70610,AXEL GUILHERME BATTISSACCO LUZ,AVANTE,Deputado Estadual,0,2018
0423,70642,ALESSANDRO AMORIM DE OLIVEIRA,AVANTE,Deputado Estadual,0,2018
0423,70648,IDEVAL FUENTE ALBA,AVANTE,Deputado Estadual,0,2018
0423,70654,GUNTHER SCHWEITZER,AVANTE,Deputado Estadual,2,2018
0423,70657,CLAUDIO VITORINO DA SILVA,AVANTE,Deputado Estadual,0,2018
0423,70667,IVAN ALVES FERREIRA,AVANTE,Deputado Estadual,0,2018
0423,70670,WALTER PEREIRA FERREIRA,AVANTE,Deputado Estadual,5,2018
0423,70677,JOSÉ LUIZ DE ALMEIDA,AVANTE,Deputado Estadual,0,2018
0423,70678,ANTONIO GOMES DA SILVA,AVANTE,Deputado Estadual,0,2018
0423,70700,DANIEL ALVES REQUEJO,AVANTE,Deputado Estadual,0,2018
0423,70707,ORIVALDO ROBERTO OLIVEIRA DA SILVA,AVANTE,Deputado Estadual,0,2018
0423,70717,JOSÉ FERNANDO APPEZZATO,AVANTE,Deputado Estadual,0,2018
0423,70720,JOICE APARECIDA GOMES DA CRUZ,AVANTE,Deputado Estadual,0,2018
0423,70727,LUCIANE MACHADO DA CUNHA SOUZA,AVANTE,Deputado Estadual,0,2018
0423,70730,LIDIANNE BATISTA FERNANDES,AVANTE,Deputado Estadual,0,2018
0423,70737,MICHELLE APARECIDA LAFAIETE CORRÊA DOS SANTOS,AVANTE,Deputado Estadual,0,2018
0423,70747,ELIETE DE MIRANDA MACHADO,AVANTE,Deputado Estadual,0,2018
0423,70753,MARCO ANTONIO DA SILVA EVARISTO,AVANTE,Deputado Estadual,0,2018
0423,70757,PAULA VIVIAN DE MORAES,AVANTE,Deputado Estadual,0,2018
0423,70767,PEDRO PAULO DIAS DE ANDRADE,AVANTE,Deputado Estadual,0,2018
0423,70770,CAMILO DE LELES FERNANDES,AVANTE,Deputado Estadual,1,2018
0423,70777,CAMILA PINTO DA SILVA,AVANTE,Deputado Estadual,3,2018
0423,70778,JEAN CARLOS HERZOGENRATH DE BRITO,AVANTE,Deputado Estadual,0,2018
0423,70787,MARCOS AURÉLIO MONTEMOR JUNIOR,AVANTE,Deputado Estadual,0,2018
0423,70789,MARCOS EDUARDO RODRIGUES,AVANTE,Deputado Estadual,0,2018
0423,70797,VALDEMIR SILVA FERREIRA,AVANTE,Deputado Estadual,0,2018
0423,70800,MIGUEL CARMINE GIANETTI NETTO,AVANTE,Deputado Estadual,0,2018
0423,70870,CARLOS BARBOSA GUIMARÃES SANTOS,AVANTE,Deputado Estadual,0,2018
0423,70877,ANDERSON JOSÉ FRANCISCO,AVANTE,Deputado Estadual,0,2018
0423,70888,BEIJOMAR GOMES DE OLIVEIRA,AVANTE,Deputado Estadual,0,2018
0423,70956,LUIZ HENRIQUE CORONADO DA PAZ,AVANTE,Deputado Estadual,0,2018
0423,70966,ROSEMARIO MARTINS BERNADINO,AVANTE,Deputado Estadual,0,2018
0423,70970,PAULO LUIS BATISTA,AVANTE,Deputado Estadual,0,2018
0423,70977,PAULO TADEU MARTINS JUSSIO,AVANTE,Deputado Estadual,0,2018
0423,70987,LUCINEIDE DA CONCEIÇÃO LIMA,AVANTE,Deputado Estadual,18,2018
0423,70999,LEONARDO ALVES RIBEIRO,AVANTE,Deputado Estadual,1,2018
0423,77001,ADEMIR DA PENHA CLEMENTE,SOLIDARIEDADE,Deputado Estadual,1,2018
0423,77002,SIDNEY LUIZ DA CRUZ,SOLIDARIEDADE,Deputado Estadual,2,2018
0423,77020,OSVALDO NUNES PEREIRA,SOLIDARIEDADE,Deputado Estadual,0,2018
0423,77021,VIVIAN ALBUQUERQUE SÁ,SOLIDARIEDADE,Deputado Estadual,1,2018
0423,77063,MARIA LUISA FRANCO DE GODOY,SOLIDARIEDADE,Deputado Estadual,1,2018
0423,77077,ANDRÉ LUIS PALADINO,SOLIDARIEDADE,Deputado Estadual,0,2018
0423,77100,TELMA REGINA DA CUNHA GOBBI FRANCISCHONE,SOLIDARIEDADE,Deputado Estadual,1,2018
0423,77111,GERALDO PEREIRA DE OLIVEIRA,SOLIDARIEDADE,Deputado Estadual,3,2018
0423,77112,VERA LÚCIA ROSA DIAS,SOLIDARIEDADE,Deputado Estadual,0,2018
0423,77118,JOSÉ SEBASTIÃO DE OLIVEIRA,SOLIDARIEDADE,Deputado Estadual,0,2018
0423,77121,WAGNER RIBEIRO GOMES,SOLIDARIEDADE,Deputado Estadual,0,2018
0423,77123,DAVID MARTINS DE CARVALHO,SOLIDARIEDADE,Deputado Estadual,2,2018
0423,77135,EDILSON FERREIRA,SOLIDARIEDADE,Deputado Estadual,0,2018
0423,77138,TANIA CRISTINA MARTINS SILVA,SOLIDARIEDADE,Deputado Estadual,0,2018
0423,77144,VERA LÚCIA DONDA SIMPLÍCIO BENTO,SOLIDARIEDADE,Deputado Estadual,0,2018
0423,77147,GEORGES HABIB JARROUGE,SOLIDARIEDADE,Deputado Estadual,15,2018
0423,77154,FLORISA BATISTA DE ALMEIDA,SOLIDARIEDADE,Deputado Estadual,0,2018
0423,77160,MANOEL DONIZETTI CONCEIÇÃO,SOLIDARIEDADE,Deputado Estadual,0,2018
0423,77170,BENJAMIM DOS SANTOS CARVALHO,SOLIDARIEDADE,Deputado Estadual,0,2018
0423,77177,MARCIA CARDOSO PINTO,SOLIDARIEDADE,Deputado Estadual,0,2018
0423,77178,GERALDO RODRIGUES DE SOUZA,SOLIDARIEDADE,Deputado Estadual,0,2018
0423,77192,NIVALDO LUIS RODRIGUES,SOLIDARIEDADE,Deputado Estadual,3,2018
0423,77222,CARLOS GARCIA BALADO,SOLIDARIEDADE,Deputado Estadual,0,2018
0423,77242,NAURA BATISTA FRANÇA,SOLIDARIEDADE,Deputado Estadual,0,2018
0423,77250,ARACI DE OLIVEIRA,SOLIDARIEDADE,Deputado Estadual,0,2018
0423,77300,MARCELO BENEDITO DE ARAUJO,SOLIDARIEDADE,Deputado Estadual,0,2018
0423,77345,JOSE ROBERTO MENDONÇA,SOLIDARIEDADE,Deputado Estadual,0,2018
0423,77377,SÔNIA MARIA ESTEVES DOS SANTOS SOUSA,SOLIDARIEDADE,Deputado Estadual,5,2018
0423,77381,SANDRA ROSANA JERÔNIMO DE FRANÇA,SOLIDARIEDADE,Deputado Estadual,0,2018
0423,77400,GLEYSON FARNEY LIMA DIAS,SOLIDARIEDADE,Deputado Estadual,0,2018
0423,77407,ISABEL CRISTINA VIEIRA,SOLIDARIEDADE,Deputado Estadual,0,2018
0423,77416,ROBSON DUARTE DA COSTA,SOLIDARIEDADE,Deputado Estadual,0,2018
0423,77500,IVANETE ANTONIA DA COSTA,SOLIDARIEDADE,Deputado Estadual,0,2018
0423,77688,JOÃO BATISTA SILVA,SOLIDARIEDADE,Deputado Estadual,0,2018
0423,77690,ALEXANDRE MARTINS RICCI,SOLIDARIEDADE,Deputado Estadual,0,2018
0423,77700,EDISON DIAS JUNIOR,SOLIDARIEDADE,Deputado Estadual,0,2018
0423,77747,CARLOS VICENTE DE OLIVEIRA,SOLIDARIEDADE,Deputado Estadual,4,2018
0423,77771,JAILSON TORRES MACARIO,SOLIDARIEDADE,Deputado Estadual,0,2018
0423,77775,WESLEY RENATO BRAMBILLA GRACINO DE OLIVEIRA,SOLIDARIEDADE,Deputado Estadual,0,2018
0423,77777,ALEXANDRE PEREIRA DA SILVA,SOLIDARIEDADE,Deputado Estadual,23,2018
0423,77787,JOSÉ VELOZO,SOLIDARIEDADE,Deputado Estadual,0,2018
0423,77877,CLODOALDO MACIEL FILHO,SOLIDARIEDADE,Deputado Estadual,0,2018
0423,77880,MARIA NILVA SEVERINO GONÇALVES,SOLIDARIEDADE,Deputado Estadual,0,2018
0423,77888,NIELTON CARVALHO DE MATOS,SOLIDARIEDADE,Deputado Estadual,0,2018
0423,77889,DINÁ MARIA FERREIRA,SOLIDARIEDADE,Deputado Estadual,0,2018
0423,77890,JOSE DE AMORIM OLIVEIRA,SOLIDARIEDADE,Deputado Estadual,0,2018
0423,77900,DIEGO RODRIGO NEVES MAGALHÃES,SOLIDARIEDADE,Deputado Estadual,2,2018
0423,77987,ALINE MARIA DE MOURA,SOLIDARIEDADE,Deputado Estadual,1,2018
0423,77999,DENIZE JUNQUEIRA DE LIMA,SOLIDARIEDADE,Deputado Estadual,3,2018
0423,90000,IOANNIS EVANGELOS KATSAKIS,PROS,Deputado Estadual,2,2018
0423,90001,JOSELITO DE SOUSA LIMA,PROS,Deputado Estadual,3,2018
0423,90002,MARCELO PENHA DE SOUZA FERRAZ,PROS,Deputado Estadual,85,2018
0423,90003,ILMAR CÉSAR CAVALCANTI MUNIZ,PROS,Deputado Estadual,0,2018
0423,90004,SUELI HELENA RODRIGUES,PROS,Deputado Estadual,3,2018
0423,90006,ROSÂNGELA APARECIDA DE LIMA,PROS,Deputado Estadual,0,2018
0423,90009,LUCELENE LOPES,PROS,Deputado Estadual,0,2018
0423,90010,ELIANE MARESCALCHI BRITO,PROS,Deputado Estadual,1,2018
0423,90011,MARIA CRISTINA DE PAULA LEITE GOUVÊA,PROS,Deputado Estadual,0,2018
0423,90012,EDUARDO FERREIRA,PROS,Deputado Estadual,1,2018
0423,90013,JULIO HENRIQUE FLORENCIO DE MELO,PROS,Deputado Estadual,1,2018
0423,90015,GILBERTO PEREIRA DOS SANTOS,PROS,Deputado Estadual,0,2018
0423,90016,LUCAS DE FARIA NERY DANIEL,PROS,Deputado Estadual,0,2018
0423,90018,PEDRO APARECIDO TONETTI,PROS,Deputado Estadual,0,2018
0423,90019,AILTON JOSE DA SILVA,PROS,Deputado Estadual,3,2018
0423,90020,MARCOS GALESI,PROS,Deputado Estadual,0,2018
0423,90021,RUBENS MOREIRA DA SILVA,PROS,Deputado Estadual,0,2018
0423,90022,ALESSANDRA MATOS,PROS,Deputado Estadual,1,2018
0423,90024,BRAZ ANASTACIO DA SILVA,PROS,Deputado Estadual,0,2018
0423,90033,ANA MARIA SOUZA GONÇALVES,PROS,Deputado Estadual,0,2018
0423,90038,MAURICIO TEIXEIRA ALVES,PROS,Deputado Estadual,0,2018
0423,90040,APARECIDO SOUZA SANTOS,PROS,Deputado Estadual,1754,2018
0423,90044,REGIANE MARA VEIGA ALONSO,PROS,Deputado Estadual,2,2018
0423,90045,VALQUIRIA ALVES MOREIRA,PROS,Deputado Estadual,0,2018
0423,90050,MARCOS CORREA,PROS,Deputado Estadual,0,2018
0423,90051,MARIA GORETTI AGUIAR ALENCAR,PROS,Deputado Estadual,0,2018
0423,90053,EVANDRO GIORA,PROS,Deputado Estadual,0,2018
0423,90068,SILVIO CEZAR FERRAIOLI,PROS,Deputado Estadual,0,2018
0423,90077,ANDREIA SANTINA CAPATTO,PROS,Deputado Estadual,0,2018
0423,90086,CAMILA CORREA TOLEDO,PROS,Deputado Estadual,0,2018
0423,90090,VALDENICE ANCELMO SOARES,PROS,Deputado Estadual,1,2018
0423,90095,EVERALDO JOSÉ DA SILVA,PROS,Deputado Estadual,0,2018
0423,90100,VALDEMIR SARTORI DA SILVA,PROS,Deputado Estadual,1,2018
0423,90107,EURICO GONÇALVES FILHO,PROS,Deputado Estadual,0,2018
0423,90110,MARCIO DOS SANTOS RODRIGUES,PROS,Deputado Estadual,2,2018
0423,90111,ANTONIO RODRIGUES DE SOUSA,PROS,Deputado Estadual,0,2018
0423,90112,JOSE BRITO CAVALCANTE FILHO,PROS,Deputado Estadual,0,2018
0423,90113,ROSEMEIRE RIBEIRO CASTILHO,PROS,Deputado Estadual,0,2018
0423,90115,ELIZABETH DUTRA DA SILVA,PROS,Deputado Estadual,0,2018
0423,90120,JOSÉ ALECXANDRO DA SILVA,PROS,Deputado Estadual,0,2018
0423,90121,RUTE SATIKO VIEIRA RIBEIRO,PROS,Deputado Estadual,1,2018
0423,90123,EZEQUIEL DE SOUZA DAMASCENO,PROS,Deputado Estadual,0,2018
0423,90128,DENIS AMBROSIO DA SILVA,PROS,Deputado Estadual,0,2018
0423,90130,EDNEI PROCÓPIO DOS SANTOS,PROS,Deputado Estadual,0,2018
0423,90131,ANTONIO MARCOS GOMES SENA,PROS,Deputado Estadual,0,2018
0423,90139,FLAVIO LOPES ALVES,PROS,Deputado Estadual,0,2018
0423,90144,JOSE ANTONIO DOS SANTOS,PROS,Deputado Estadual,0,2018
0423,90147,FLAVIO LUIZ EUGENIO BASTOS,PROS,Deputado Estadual,0,2018
0423,90158,RITA DE CASSIA DA SILVA VASCONCELOS,PROS,Deputado Estadual,0,2018
0423,90177,WILLAMS ALVES DA SILVA,PROS,Deputado Estadual,0,2018
0423,90181,ANTONIO CARLOS RENOR,PROS,Deputado Estadual,0,2018
0423,90188,LEANDRO LEME CAMARGO,PROS,Deputado Estadual,1,2018
0423,90190,ADRIANA SANCHES GALDEANO BORGO,PROS,Deputado Estadual,141,2018
0423,90192,FABIANO JOSE SANTOS LOURENÇO,PROS,Deputado Estadual,0,2018
0423,90193,GALENO ROSA,PROS,Deputado Estadual,0,2018
0423,90194,ANDRÉA MARIA DOS SANTOS,PROS,Deputado Estadual,1,2018
0423,90198,MARCIAL MARAJA MARCELINO,PROS,Deputado Estadual,0,2018
0423,90200,JOSE GARRIS DEL VALLE,PROS,Deputado Estadual,0,2018
0423,90204,LOURDES GENEROSO,PROS,Deputado Estadual,0,2018
0423,90211,VALDECIR MOREIRA DE BRITO,PROS,Deputado Estadual,0,2018
0423,90217,MARCOS DE AZEVEDO CARNEIRO,PROS,Deputado Estadual,0,2018
0423,90221,ANTONIO CARLOS PEREIRA DA SILVA,PROS,Deputado Estadual,0,2018
0423,90222,MARCELO PEREIRA GUIDIO,PROS,Deputado Estadual,1,2018
0423,90233,JOSE ROBERTO BEILSTREIN,PROS,Deputado Estadual,0,2018
0423,90235,EDSON FERRARINI,PROS,Deputado Estadual,15,2018
0423,90247,DÉBORA CRISTINA DA MOTA,PROS,Deputado Estadual,0,2018
0423,90281,ANDERSON OLIVEIRA DA SILVA,PROS,Deputado Estadual,0,2018
0423,90290,LUCIANA APARECIDA FRAGOSO DA SILVA,PROS,Deputado Estadual,1,2018
0423,90300,JOSE GOMES DE OLIVEIRA NETO,PROS,Deputado Estadual,0,2018
0423,90304,JOSEFA ALVES LEITE DOS SANTOS,PROS,Deputado Estadual,0,2018
0423,90312,WELINGTON ZACARIAS TISANO,PROS,Deputado Estadual,0,2018
0423,90321,BENEDITO AUGUSTO DOS SANTOS,PROS,Deputado Estadual,2,2018
0423,90322,GIVALDO JOSE DA SILVA,PROS,Deputado Estadual,0,2018
0423,90333,ROBERTO BASTOS DE OLIVEIRA JUNIOR,PROS,Deputado Estadual,1,2018
0423,90336,LUCAS JULIANO SUSCO,PROS,Deputado Estadual,0,2018
0423,90345,DAVID SANTANA DA SILVA,PROS,Deputado Estadual,0,2018
0423,90350,MARCELO DA SILVA,PROS,Deputado Estadual,0,2018
0423,90357,WALDMIRIAN WELLNER CRUZ,PROS,Deputado Estadual,0,2018
0423,90366,NELSON VALVERDE DIAS,PROS,Deputado Estadual,3,2018
0423,90367,EDNA APARECIDA DOS SANTOS,PROS,Deputado Estadual,0,2018
0423,90375,GILVAN APARECIDO FERNANDES ASNAR,PROS,Deputado Estadual,0,2018
0423,90378,GISLENE MEIRELES DOS SANTOS,PROS,Deputado Estadual,0,2018
0423,90390,RENATO DA SILVA,PROS,Deputado Estadual,1,2018
0423,90400,FATIMA APARECIDA FERREIRA,PROS,Deputado Estadual,6,2018
0423,90417,FABIO NASCIMENTO DE LIMA,PROS,Deputado Estadual,0,2018
0423,90420,ALESSANDRA MARTINS GONÇALVES,PROS,Deputado Estadual,2,2018
0423,90432,ELIFAS EUPHRASIO,PROS,Deputado Estadual,1,2018
0423,90440,DANIEL GIROTTO,PROS,Deputado Estadual,7,2018
0423,90444,VIRGINIA DE JESUS GONZALEZ,PROS,Deputado Estadual,1,2018
0423,90450,ROBSON DE OLIVEIRA,PROS,Deputado Estadual,0,2018
0423,90451,HARLEY HECTOR VICENTE,PROS,Deputado Estadual,0,2018
0423,90456,CARLOS HENRIQUE DOS SANTOS,PROS,Deputado Estadual,0,2018
0423,90457,SERGIO FORNAZARI,PROS,Deputado Estadual,0,2018
0423,90497,FABIOLA CARDI,PROS,Deputado Estadual,0,2018
0423,90500,SALOMAO PEREIRA DA SILVA,PROS,Deputado Estadual,1,2018
0423,90501,ALEXSSANDER DE OLIVEIRA,PROS,Deputado Estadual,0,2018
0423,90508,BENEDITA SUELI DE TOLEDO DIAS,PROS,Deputado Estadual,1,2018
0423,90511,KLEBER ADELIPIO BARROS SANTOS,PROS,Deputado Estadual,0,2018
0423,90523,CÉLIA BRITO GARCIA,PROS,Deputado Estadual,0,2018
0423,90531,MARIA DAS NEVES SILVA DE JESUS,PROS,Deputado Estadual,0,2018
0423,90543,MARCOS DE AZEVEDO,PROS,Deputado Estadual,0,2018
0423,90545,JOAQUIM GRACA NETO,PROS,Deputado Estadual,0,2018
0423,90550,BENEDITA DE CAMARGO,PROS,Deputado Estadual,1,2018
0423,90555,LERYANE MARQUES DE ARAUJO BLASZKOWSKI,PROS,Deputado Estadual,7,2018
0423,90567,CICERO FLORIANO PIRES ALVES,PROS,Deputado Estadual,0,2018
0423,90600,REGINALDO APARECIDO BATISTA,PROS,Deputado Estadual,0,2018
0423,90620,AMARO XIMENES DE MELO,PROS,Deputado Estadual,0,2018
0423,90633,LEANDRO VALDO DE ALMEIDA LIMA,PROS,Deputado Estadual,0,2018
0423,90666,HAMILTON ALVES FERNANDES,PROS,Deputado Estadual,0,2018
0423,90687,RUTH MARCELINA CAETANO UGUCIONE,PROS,Deputado Estadual,0,2018
0423,90690,SEBASTIAO CARLOS DA SILVA,PROS,Deputado Estadual,1,2018
0423,90693,VALDINEI FELIX DOS SANTOS,PROS,Deputado Estadual,0,2018
0423,90699,CRISTIANO PINTO FERREIRA,PROS,Deputado Estadual,3,2018
0423,90700,IDERNANI GOMES DO CARMO,PROS,Deputado Estadual,0,2018
0423,90741,GERSON DA CUNHA,PROS,Deputado Estadual,0,2018
0423,90764,ANDREA DUL,PROS,Deputado Estadual,1,2018
0423,90765,MARCOS ANTONIO PEREIRA DA SILVA,PROS,Deputado Estadual,0,2018
0423,90773,ALEX PAULO,PROS,Deputado Estadual,0,2018
0423,90777,MONICA BERBEL ROCHA,PROS,Deputado Estadual,0,2018
0423,90789,CELSO DE SOUZA FILHO,PROS,Deputado Estadual,0,2018
0423,90790,ADEILDO REIS DOS SANTOS,PROS,Deputado Estadual,1,2018
0423,90810,JOSE IDAILSON PEREIRA DOS SANTOS,PROS,Deputado Estadual,0,2018
0423,90822,HERALDO LOPES GUIMARÃES,PROS,Deputado Estadual,0,2018
0423,90852,CARLOS ALBERTO FIGUEIREDO SANTANA,PROS,Deputado Estadual,0,2018
0423,90888,WALDIR JOSE SCHIAVON JUNIOR,PROS,Deputado Estadual,0,2018
0423,90890,JEFFERSON RIPI DA SILVA,PROS,Deputado Estadual,3,2018
0423,90900,EDUARDO LUIZ GREGORIO,PROS,Deputado Estadual,4,2018
0423,90902,IDEVANIR ARCANJO DE SOUZA,PROS,Deputado Estadual,0,2018
0423,90909,JOSEFA CONCEICAO OLIVEIRA SILVA LABELA,PROS,Deputado Estadual,0,2018
0423,90910,GILSON APARECIDO ZANLUCHI,PROS,Deputado Estadual,0,2018
0423,90911,ROGÉRIO VALDECI DE LIMA,PROS,Deputado Estadual,0,2018
0423,90922,IRANILDO DANTAS,PROS,Deputado Estadual,0,2018
0423,90951,JULIANA GARCIA LORENCETTI,PROS,Deputado Estadual,0,2018
0423,90971,MARIA EVANGELISTA GOMES BATISTA,PROS,Deputado Estadual,0,2018
0423,90977,GIOVANI CORREIA DOS SANTOS,PROS,Deputado Estadual,0,2018
0423,90987,FABIO DO CARMO SANTOS,PROS,Deputado Estadual,0,2018
0423,90990,RICARDO LEITE,PROS,Deputado Estadual,5,2018
0423,90996,ISABEL CRISTINA DA SILVA CALDERONE,PROS,Deputado Estadual,0,2018
0423,90999,GIRLÊNIO GOMES DE OLIVEIRA,PROS,Deputado Estadual,0,2018
