zona,nr_candidato,nm_candidato,sg_partido,ds_cargo,votos,ano
0033,10000,JORGE WILSON GONÇALVES DE MATTOS,REPUBLICANOS,Deputado Estadual,58,2022
0033,10001,RALFI RAFAEL DA SILVA,REPUBLICANOS,Deputado Estadual,5,2022
0033,10003,HELIO GERALDO RAMOS JUNIOR,REPUBLICANOS,Deputado Estadual,1,2022
0033,10007,CLEUSA APARECIDA DOS SANTOS,REPUBLICANOS,Deputado Estadual,0,2022
0033,10010,VANESSA GALLONI CARRERA,REPUBLICANOS,Deputado Estadual,13,2022
0033,10011,SONIA APARECIDA GONÇALVES BELARMINO,REPUBLICANOS,Deputado Estadual,0,2022
0033,10014,VIVIAN MAIRA DA SILVA MARCOS SOARES,REPUBLICANOS,Deputado Estadual,0,2022
0033,10017,DANILO CESAR CAMPETTI,REPUBLICANOS,Deputado Estadual,69,2022
0033,10018,CACILDA SANTOS MAGALHÃES,REPUBLICANOS,Deputado Estadual,0,2022
0033,10020,SILVIO ALESSANDER ENCARNAÇÃO,REPUBLICANOS,Deputado Estadual,0,2022
0033,10022,EDSON ANTONIO DE SOUZA,REPUBLICANOS,Deputado Estadual,1,2022
0033,10030,EDNA MARIA VERTELLO SILVA,REPUBLICANOS,Deputado Estadual,0,2022
0033,10033,ROGERIO PEDROSO DE PADUA JUNIOR,REPUBLICANOS,Deputado Estadual,0,2022
0033,10038,CAIQUE MAFRA BARBOSA,REPUBLICANOS,Deputado Estadual,25,2022
0033,10055,IARA FRANCISCA DOS SANTOS,REPUBLICANOS,Deputado Estadual,5,2022
0033,10060,JORGE LUIS DE SOUZA RODRIGUES,REPUBLICANOS,Deputado Estadual,0,2022
0033,10069,WAGNER BERNARDINO DA SILVA,REPUBLICANOS,Deputado Estadual,0,2022
0033,10070,WALTER PEREIRA FERREIRA,REPUBLICANOS,Deputado Estadual,2,2022
0033,10087,MARCO ROBERTO DA SILVA,REPUBLICANOS,Deputado Estadual,1,2022
0033,10099,LEONICE ALVES DA PAZ,REPUBLICANOS,Deputado Estadual,110,2022
0033,10100,AILDO RODRIGUES FERREIRA,REPUBLICANOS,Deputado Estadual,42,2022
0033,10101,EDISON LOURENÇO RICCOMI,REPUBLICANOS,Deputado Estadual,3,2022
0033,10102,RUBI CRUSE,REPUBLICANOS,Deputado Estadual,0,2022
0033,10107,FABIO DE CAMARGO TELLES,REPUBLICANOS,Deputado Estadual,0,2022
0033,10110,ABELARDO WANDERLINO DA COSTA NETO,REPUBLICANOS,Deputado Estadual,5,2022
0033,10111,RUI ALVES SOUZA JUNIOR,REPUBLICANOS,Deputado Estadual,15,2022
0033,10114,VALDECIR SOUZA DOS SANTOS,REPUBLICANOS,Deputado Estadual,3,2022
0033,10120,MARCO ANTONIO ZANONI BUENO,REPUBLICANOS,Deputado Estadual,12,2022
0033,10122,GILSON DE SOUZA,REPUBLICANOS,Deputado Estadual,2,2022
0033,10123,GILMACI DOS SANTOS BARBOSA,REPUBLICANOS,Deputado Estadual,391,2022
0033,10125,BRIGIDA PINATTI AMATTE,REPUBLICANOS,Deputado Estadual,0,2022
0033,10147,CLAUDIO ERNANI MARCONDES DE MIRANDA,REPUBLICANOS,Deputado Estadual,15,2022
0033,10170,GENILZA MEDEIROS DE CASTRO,REPUBLICANOS,Deputado Estadual,0,2022
0033,10181,LÔIDE CAMILO SOUZA FIUZA DE CARVALHO,REPUBLICANOS,Deputado Estadual,1,2022
0033,10190,HELENA DOS SANTOS REIS,REPUBLICANOS,Deputado Estadual,13,2022
0033,10192,ELTON CARVALHO PORTO,REPUBLICANOS,Deputado Estadual,2,2022
0033,10193,ADEMAR FRANCISCO MARTINS NETO,REPUBLICANOS,Deputado Estadual,2,2022
0033,10196,MAYRA ROSANNA GAMA DE ARAÚJO SILVA DA COSTA,REPUBLICANOS,Deputado Estadual,33,2022
0033,10200,HIGOR DIEGO RALLA,REPUBLICANOS,Deputado Estadual,318,2022
0033,10202,CLEMILTON ALVES DA SILVA,REPUBLICANOS,Deputado Estadual,5,2022
0033,10220,MARCO AURELIO MOREIRA ROQUE,REPUBLICANOS,Deputado Estadual,1,2022
0033,10222,ÉLITON SOUSA LEITE,REPUBLICANOS,Deputado Estadual,49,2022
0033,10224,MARIA NILZA FERREIRA ALVES,REPUBLICANOS,Deputado Estadual,0,2022
0033,10234,LUIZ CARLOS DONEGÁ NETO,REPUBLICANOS,Deputado Estadual,1,2022
0033,10255,LUIZ ANTONIO DINIZ DE ALMEIDA,REPUBLICANOS,Deputado Estadual,2,2022
0033,10300,RODRIGO FERNANDO NOVELLI,REPUBLICANOS,Deputado Estadual,2,2022
0033,10310,HUGO DANTAS DA SILVA,REPUBLICANOS,Deputado Estadual,0,2022
0033,10317,ROGERIO MOURA TOMAZ,REPUBLICANOS,Deputado Estadual,1,2022
0033,10318,LILIANE HELENA BARBOSA CHIARELLI,REPUBLICANOS,Deputado Estadual,0,2022
0033,10321,SEBASTIÃO DOS SANTOS FILHO,REPUBLICANOS,Deputado Estadual,3,2022
0033,10322,MAURICIO NOGUEIRA DIAS,REPUBLICANOS,Deputado Estadual,1,2022
0033,10333,ALTAIR MORAES DE OLIVEIRA,REPUBLICANOS,Deputado Estadual,16,2022
0033,10345,ABNER DELUQUI ISIDORO,REPUBLICANOS,Deputado Estadual,1,2022
0033,10360,VAGNER FERNANDES DA SILVA,REPUBLICANOS,Deputado Estadual,0,2022
0033,10369,ANDRE GEORGE NERES DE FARIAS,REPUBLICANOS,Deputado Estadual,0,2022
0033,10400,CHAYNI MELO DA SILVA,REPUBLICANOS,Deputado Estadual,1,2022
0033,10422,THIAGO ANTONIO BRIGANO,REPUBLICANOS,Deputado Estadual,6,2022
0033,10444,EDSON JOSÉ BOMBONATTI,REPUBLICANOS,Deputado Estadual,0,2022
0033,10450,PEDRO LUIZ CONTI MARIOZI,REPUBLICANOS,Deputado Estadual,0,2022
0033,10456,EDNA BEZERRA SAMPAIO FERNANDES,REPUBLICANOS,Deputado Estadual,10,2022
0033,10470,ANA CRISTINA DA SILVA COSTA,REPUBLICANOS,Deputado Estadual,0,2022
0033,10500,DOUGLAS ALBERTO SANTOS,REPUBLICANOS,Deputado Estadual,4,2022
0033,10511,CLAUDIO MASANOBU TERASAKA,REPUBLICANOS,Deputado Estadual,5,2022
0033,10550,TOME ABDUCH,REPUBLICANOS,Deputado Estadual,1391,2022
0033,10555,VITOR ALEXANDRE RODRIGUES,REPUBLICANOS,Deputado Estadual,9,2022
0033,10600,FLEITAS FIDELES MONTEIRO,REPUBLICANOS,Deputado Estadual,4,2022
0033,10605,CLAUDIA SILVIA MACHADO DA SILVA,REPUBLICANOS,Deputado Estadual,1,2022
0033,10611,CARLOS WEVERTON ORTEGA SANCHES,REPUBLICANOS,Deputado Estadual,1,2022
0033,10666,ELIANA ATTINI PALMIERI,REPUBLICANOS,Deputado Estadual,0,2022
0033,10699,AUREA ROCHA,REPUBLICANOS,Deputado Estadual,1,2022
0033,10700,EDSON PIRES SALOMÃO,REPUBLICANOS,Deputado Estadual,36,2022
0033,10722,VASCO DA GAMA JUNIOR,REPUBLICANOS,Deputado Estadual,0,2022
0033,10770,MARIA APARECIDA ROQUE DE OLIVEIRA,REPUBLICANOS,Deputado Estadual,0,2022
0033,10777,MANOEL BARBOSA DO NASCIMENTO,REPUBLICANOS,Deputado Estadual,57,2022
0033,10780,GERLANY FELISMINO DE LIMA ROCHA,REPUBLICANOS,Deputado Estadual,0,2022
0033,10788,SIDNEY NERY DA SILVA,REPUBLICANOS,Deputado Estadual,0,2022
0033,10789,GILMAR SOUZA DOS SANTOS,REPUBLICANOS,Deputado Estadual,2,2022
0033,10800,MARCELO SQUASSONI,REPUBLICANOS,Deputado Estadual,3,2022
0033,10850,SILMARA APARECIDA DOS REIS CIPRIANO,REPUBLICANOS,Deputado Estadual,0,2022
0033,10852,PAULO ELIAS VICENTE,REPUBLICANOS,Deputado Estadual,0,2022
0033,10855,JOSE SILVIO VALDISSERA,REPUBLICANOS,Deputado Estadual,1,2022
0033,10870,DANIEL PLANA BOGALHO,REPUBLICANOS,Deputado Estadual,0,2022
0033,10888,VLAMIR BERNARDES DA SILVA,REPUBLICANOS,Deputado Estadual,0,2022
0033,10900,MARCOS VINÍCIO BILANCIERI,REPUBLICANOS,Deputado Estadual,7,2022
0033,10910,ANTÔNIO CARLOS DA SILVA,REPUBLICANOS,Deputado Estadual,8,2022
0033,10911,PEDRO RODRIGUES DE MIRANDA NETO,REPUBLICANOS,Deputado Estadual,0,2022
0033,10980,PAULO AUGUSTO LEITE MOTOOKA,REPUBLICANOS,Deputado Estadual,0,2022
0033,10987,SARA MARGARETE DE SOUZA SILVA,REPUBLICANOS,Deputado Estadual,1,2022
0033,10990,REJAINE TEREZA DOS SANTOS MARCHESINI,REPUBLICANOS,Deputado Estadual,0,2022
0033,10999,RICARDO MOLINA DIAS,REPUBLICANOS,Deputado Estadual,53,2022
0033,11000,JEFERSON MODESTO SILVA,PP,Deputado Estadual,7,2022
0033,11001,FABIA DA SILVA PORTO,PP,Deputado Estadual,1,2022
0033,11007,DAVID GONÇALVES MOREIRA,PP,Deputado Estadual,1,2022
0033,11012,FERNANDO CESAR RAMOS,PP,Deputado Estadual,0,2022
0033,11018,EVANDRO GONÇALVES PESSOA,PP,Deputado Estadual,1,2022
0033,11019,LUCIVÂNIA PINHEIRO BARBOSA,PP,Deputado Estadual,63,2022
0033,11022,LETICIA AGUIAR RESENDE ALVES,PP,Deputado Estadual,18,2022
0033,11023,FLAVIO AUGUSTO OLMOS,PP,Deputado Estadual,2,2022
0033,11035,VERA APARECIDA ORTEGA DOS SANTOS,PP,Deputado Estadual,0,2022
0033,11040,EVELLYN JULIANA DA SILVA,PP,Deputado Estadual,0,2022
0033,11045,RODRIGO OTÁVIO SANTOS VELLASCO,PP,Deputado Estadual,0,2022
0033,11050,JOÃO ROBERTO DE SIQUEIRA,PP,Deputado Estadual,0,2022
0033,11060,APARECIDO JOVANIR PENA JUNIOR,PP,Deputado Estadual,0,2022
0033,11100,GUILHERME LAZO SOLANO NETO,PP,Deputado Estadual,7,2022
0033,11110,CARLOS EDUARDO RICATTO,PP,Deputado Estadual,9,2022
0033,11111,JOÃO JORGE FADEL FILHO,PP,Deputado Estadual,20,2022
0033,11119,ANDERSON DOS SANTOS,PP,Deputado Estadual,0,2022
0033,11120,DANIEL JOSÉ MILLER DE AZEVEDO,PP,Deputado Estadual,9,2022
0033,11122,WILSON JOAQUIM DA SILVA,PP,Deputado Estadual,1,2022
0033,11123,AUDREY KLEYS CABRAL DE OLIVEIRA DINAU,PP,Deputado Estadual,8,2022
0033,11125,CAIO FIORI DIAS,PP,Deputado Estadual,13,2022
0033,11181,LUIZ ANTONIO GATO,PP,Deputado Estadual,0,2022
0033,11190,RAFAEL HENRIQUE CANO TELHADA,PP,Deputado Estadual,90,2022
0033,11193,WALKER ISAAC DE SOUSA,PP,Deputado Estadual,2,2022
0033,11200,LETÍCIA DA SILVA GUEDES,PP,Deputado Estadual,0,2022
0033,11211,CARLOS ALBERTO BOARINI,PP,Deputado Estadual,0,2022
0033,11212,HELIO JOSÉ DOS SANTOS,PP,Deputado Estadual,1,2022
0033,11222,SAULO DE OLIVEIRA SOUZA,PP,Deputado Estadual,1,2022
0033,11224,PATRICIA ROSSI CICOTOSTE,PP,Deputado Estadual,0,2022
0033,11225,VALÉRIA CLAYTON REZENDE DE LIMA,PP,Deputado Estadual,0,2022
0033,11227,MARIA APARECIDA DE JESUS,PP,Deputado Estadual,0,2022
0033,11234,FLAVIO ROBERTO SALATINO,PP,Deputado Estadual,0,2022
0033,11245,FABIO ROGERIO FAGUNDES,PP,Deputado Estadual,0,2022
0033,11258,MÁRCIO APARECIDO MARTINS,PP,Deputado Estadual,0,2022
0033,11300,JOSÉ FRANCISCO GALDINO DE CARVALHO,PP,Deputado Estadual,3,2022
0033,11321,ELISANGELA ALCANTARA DA SILVA GONZALEZ,PP,Deputado Estadual,1,2022
0033,11333,JOSE MENDES DE SOUZA NETO BOTA,PP,Deputado Estadual,28,2022
0033,11334,RODRIGO DE PAULA RUIS,PP,Deputado Estadual,1,2022
0033,11345,MITUO TAKAHASI,PP,Deputado Estadual,0,2022
0033,11350,IZABEL CRISTINA DA SILVA ANDRE,PP,Deputado Estadual,0,2022
0033,11377,MARIA DE FÁTIMA SILVA,PP,Deputado Estadual,0,2022
0033,11400,PAULO ROBERTO CASSIOLATO FILHO,PP,Deputado Estadual,0,2022
0033,11444,TIAGO BAUAB BEDANI,PP,Deputado Estadual,2,2022
0033,11445,ARNALDO JOSE MARÍA CANCELA,PP,Deputado Estadual,5,2022
0033,11456,LUCAS DE ASSIS COSTA,PP,Deputado Estadual,0,2022
0033,11470,LEANDRO DE JESUS,PP,Deputado Estadual,0,2022
0033,11490,ELOIZA PEREIRA CORREIA,PP,Deputado Estadual,0,2022
0033,11511,EDSON RODRIGUES CARDOSO,PP,Deputado Estadual,0,2022
0033,11550,LYGIA APARECIDA FAZIO DE OLIVEIRA,PP,Deputado Estadual,0,2022
0033,11555,EZEQUIEL DE SOUZA DAMASCENO,PP,Deputado Estadual,0,2022
0033,11560,LINDINALVA ZEFERINO DE AZEVEDO,PP,Deputado Estadual,0,2022
0033,11567,HENRIQUE GOMES DE LIMA,PP,Deputado Estadual,9,2022
0033,11571,WELLINGTON WILLIAN DO NASCIMENTO SALES,PP,Deputado Estadual,0,2022
0033,11600,MARCIA APARECIDA TASCHETTI,PP,Deputado Estadual,0,2022
0033,11611,ADRIANA APARECIDA FELIX,PP,Deputado Estadual,1,2022
0033,11650,LUCIAUREA CORREIA DOS SANTOS,PP,Deputado Estadual,0,2022
0033,11660,RENATO DE OLIVEIRA ZUCOLOTO,PP,Deputado Estadual,5,2022
0033,11680,MARCELO LEANDRO BRAGA PALINI,PP,Deputado Estadual,3,2022
0033,11700,MARCELO RIBEIRO COSTA,PP,Deputado Estadual,0,2022
0033,11777,ANTONIO ASSUNÇÃO DE OLIM,PP,Deputado Estadual,248,2022
0033,11800,FERNANDO SIQUEIRA MUNIZ,PP,Deputado Estadual,5,2022
0033,11877,EDUARDO OLIVEIRA DE ARAUJO,PP,Deputado Estadual,2,2022
0033,11888,DANIELA DE OLIVEIRA SOUZA SOUTO,PP,Deputado Estadual,3,2022
0033,11890,ALBERTO SABINO DE OLIVEIRA,PP,Deputado Estadual,0,2022
0033,11900,KLEBER FERREIRA MARUXO,PP,Deputado Estadual,0,2022
0033,11911,EDYMAR BUENO,PP,Deputado Estadual,0,2022
0033,11972,BENEDITO TORRES BARRETO,PP,Deputado Estadual,0,2022
0033,11999,WAGNER RODRIGUES,PP,Deputado Estadual,1,2022
0033,12000,VICTOR HENRIQUE MARQUES,PDT,Deputado Estadual,11,2022
0033,12001,SOLANGE MARIA TEODORO,PDT,Deputado Estadual,0,2022
0033,12002,EDINEIA PRADO DA COSTA,PDT,Deputado Estadual,1,2022
0033,12003,MARCO ANTONIO ALVES JORGE,PDT,Deputado Estadual,7,2022
0033,12007,CLAUDIO JOSÉ DE OLIVEIRA GONÇALVES,PDT,Deputado Estadual,3,2022
0033,12008,PATRYCIA FACIOLO DOS SANTOS,PDT,Deputado Estadual,1,2022
0033,12012,DANIELA APARECIDA RODRIGUEIRO,PDT,Deputado Estadual,1,2022
0033,12013,DANIELLE MARINHO RABELO,PDT,Deputado Estadual,0,2022
0033,12014,JEFFERSON RODRIGO GOMES DA SILVA,PDT,Deputado Estadual,0,2022
0033,12016,MARIA EUGENIA UGUCIONE BIFFI,PDT,Deputado Estadual,5,2022
0033,12021,SANDRA NAVAJAS,PDT,Deputado Estadual,0,2022
0033,12022,GABRIEL COSTA PLACCE,PDT,Deputado Estadual,1,2022
0033,12028,PAULO ROGÉRIO DA SILVA,PDT,Deputado Estadual,0,2022
0033,12033,ADRIANA GOMES,PDT,Deputado Estadual,1,2022
0033,12050,ANTONIO FERNANDO PEREIRA,PDT,Deputado Estadual,0,2022
0033,12051,CÍCERO JUSTINO DA SILVA,PDT,Deputado Estadual,0,2022
0033,12054,SANDRA HELENA CANDIDO DOS SANTOS,PDT,Deputado Estadual,0,2022
0033,12077,MARCIO AURELIO SOARES,PDT,Deputado Estadual,2,2022
0033,12100,ALEXSANDRA OLIVEIRA BEZERRA,PDT,Deputado Estadual,3,2022
0033,12101,FLÁVIA APARECIDA RODRIGUES,PDT,Deputado Estadual,1,2022
0033,12111,LEONORA DA SILVA PÉRICO,PDT,Deputado Estadual,0,2022
0033,12112,FERNANDO DOS SANTOS MOURA,PDT,Deputado Estadual,1,2022
0033,12120,JOÃO VICTOR MATTA DIAS FERREIRA,PDT,Deputado Estadual,3,2022
0033,12121,PAULA MAYARA DARRÔ MARTINS ROCHA FILZEK,PDT,Deputado Estadual,10,2022
0033,12122,GILBERTO APARECIDO BORGES,PDT,Deputado Estadual,14,2022
0033,12123,DOUGLAS AUGUSTO PINHEIRO DE OLIVEIRA,PDT,Deputado Estadual,3,2022
0033,12124,AIRTON DA COSTA LOURENÇO,PDT,Deputado Estadual,1,2022
0033,12125,NUBIA DE JESUS SANTOS,PDT,Deputado Estadual,0,2022
0033,12126,ELISANGELA RODRIGUES DE SOUSA,PDT,Deputado Estadual,0,2022
0033,12131,ARNALDO REISDECOPA NASCIMENTO,PDT,Deputado Estadual,0,2022
0033,12156,EUGÊNIO MIRANDA,PDT,Deputado Estadual,0,2022
0033,12180,NAYLA DE SOUZA,PDT,Deputado Estadual,33,2022
0033,12190,MARCELO AFONSO PIMENTA,PDT,Deputado Estadual,0,2022
0033,12200,WILSON KELLER DE MATOS,PDT,Deputado Estadual,91,2022
0033,12202,SIVALDO DE JESUS,PDT,Deputado Estadual,1,2022
0033,12212,NEUDES RIBEIRO DE CARVALHO,PDT,Deputado Estadual,4,2022
0033,12222,ANTONIO DA ROCHA MARMO CEZAR,PDT,Deputado Estadual,6,2022
0033,12234,JOSUÉ GONÇALVES,PDT,Deputado Estadual,0,2022
0033,12240,ADRIANO NERES DE OLIVEIRA,PDT,Deputado Estadual,0,2022
0033,12244,RENAN FONSECA DA SILVA,PDT,Deputado Estadual,0,2022
0033,12277,MARCIO ALEXANDRE BARRETO,PDT,Deputado Estadual,0,2022
0033,12300,ANTONIO CARLOS TRIGO,PDT,Deputado Estadual,0,2022
0033,12307,MIRELLE CRISTINA DE SOUZA BUENO,PDT,Deputado Estadual,0,2022
0033,12310,ATAIDE ROBERTO DA SILVA JUNIOR,PDT,Deputado Estadual,0,2022
0033,12311,PAULO HENRIQUE RIBEIRO FLORIANO,PDT,Deputado Estadual,2,2022
0033,12312,ADOLFO BASSO,PDT,Deputado Estadual,22,2022
0033,12321,CASEMIRO DOS REIS JÚNIOR,PDT,Deputado Estadual,53,2022
0033,12333,PAULO ALEXANDRE ZEMUNER MASCARO,PDT,Deputado Estadual,2,2022
0033,12340,MAGALI RABELLO ROCHA,PDT,Deputado Estadual,5,2022
0033,12344,RAMILSON DE FREITAS PEREIRA,PDT,Deputado Estadual,1,2022
0033,12345,MÁRCIO MASSAMI NAKASHIMA,PDT,Deputado Estadual,36,2022
0033,12357,ROSA MARIA DA SILVA CLIMACO,PDT,Deputado Estadual,0,2022
0033,12363,EZEQUIEL DE ARAÚJO SILVA,PDT,Deputado Estadual,1,2022
0033,12366,MANOEL JOSÉ DA SILVA,PDT,Deputado Estadual,0,2022
0033,12369,ALEXSANDER MELO BUENO,PDT,Deputado Estadual,1,2022
0033,12377,LUIS CARLOS DE SOUZA,PDT,Deputado Estadual,0,2022
0033,12388,CINTIA APARECIDA DE MATOS,PDT,Deputado Estadual,0,2022
0033,12400,CESAR MICHELON LOUREIRO SANTANA,PDT,Deputado Estadual,0,2022
0033,12412,JOAQUIM MARCELINO JOFFRE NETO,PDT,Deputado Estadual,1,2022
0033,12422,GILMAR FERNANDES DE MELO,PDT,Deputado Estadual,0,2022
0033,12443,VERÔNICA EVANGELISTA DOS SANTOS,PDT,Deputado Estadual,0,2022
0033,12444,BRUNO DE OLIVEIRA ALVES,PDT,Deputado Estadual,0,2022
0033,12456,RAI SAYLON DE PAULA RIBEIRO,PDT,Deputado Estadual,6,2022
0033,12500,FERNANDO PEREIRA SIRCHIA JUNIOR,PDT,Deputado Estadual,6,2022
0033,12512,SIDNEI TAVARES MEDEIROS,PDT,Deputado Estadual,0,2022
0033,12555,ROBINSON FARINAZZO CASAL,PDT,Deputado Estadual,65,2022
0033,12600,JUSSARA APARECIDA FERNANDES,PDT,Deputado Estadual,11,2022
0033,12612,DEJANIRA VICENCIA SANTOS ALVES,PDT,Deputado Estadual,0,2022
0033,12622,SANDRA MARIA DOS SANTOS,PDT,Deputado Estadual,1,2022
0033,12645,LEONARDO LORO MARTINS PINTO,PDT,Deputado Estadual,7,2022
0033,12666,JAIRO ANZILEIRO,PDT,Deputado Estadual,0,2022
0033,12678,JHONY ANTONIO BARBOZA,PDT,Deputado Estadual,0,2022
0033,12700,WINNITU DIEGO DA SILVA TOZADORE,PDT,Deputado Estadual,0,2022
0033,12712,OSVALDO GOMES DE LIMA,PDT,Deputado Estadual,0,2022
0033,12720,RAFAEL TURRINI PURGATO,PDT,Deputado Estadual,7,2022
0033,12723,CARLA DENISE BAPTISTA LEOPOLDO,PDT,Deputado Estadual,0,2022
0033,12735,ANGELO SCAVASSINI NETO,PDT,Deputado Estadual,1,2022
0033,12736,JOSÉ NELSON DA SILVA,PDT,Deputado Estadual,0,2022
0033,12737,JHONATAN WILLIAM OLIVEIRA DO NASCIMENTO,PDT,Deputado Estadual,0,2022
0033,12750,GILBERTO JEFFERSON DE BARROS,PDT,Deputado Estadual,4,2022
0033,12770,LUCINEIDE CRUZ ALVES,PDT,Deputado Estadual,1,2022
0033,12777,PEDRO JOSÉ DE PAULA,PDT,Deputado Estadual,28,2022
0033,12789,RAFAEL COSTA AMADEU,PDT,Deputado Estadual,0,2022
0033,12800,MARCELO DE MELLO CASSUCCI,PDT,Deputado Estadual,2,2022
0033,12812,EDMILSON PINTO CARDOZO,PDT,Deputado Estadual,0,2022
0033,12888,CRISTIANE AQUINO PASTOR,PDT,Deputado Estadual,0,2022
0033,12900,EVELYN CRISTINA FERREIRA PAULA,PDT,Deputado Estadual,0,2022
0033,12912,MARCIO DE ALMEIDA PINO,PDT,Deputado Estadual,2,2022
0033,12990,ALESSANDRO FAUSTINO MARTINS,PDT,Deputado Estadual,3,2022
0033,12999,EDNELSON PACHECO FERREIRA,PDT,Deputado Estadual,0,2022
0033,13000,ALESSANDRO CÉZAR ARAÚJO AZEVEDO,PT,Deputado Estadual,26,2022
0033,13003,DOUGLAS MARTINS DE SOUZA,PT,Deputado Estadual,3,2022
0033,13004,TELMA SANDRA AUGUSTO DE SOUZA,PT,Deputado Estadual,21,2022
0033,13011,MARIO MAURICI DE LIMA MORAIS,PT,Deputado Estadual,11,2022
0033,13013,ALEXYA LUCAS EVANGELISTA SALVADOR,PT,Deputado Estadual,26,2022
0033,13016,THAINARA KAROLINE FARIA,PT,Deputado Estadual,76,2022
0033,13019,JOÃO GUILHERME BENETTI RAMOS,PT,Deputado Estadual,7,2022
0033,13066,ADÉLIA OLIVEIRA DE FARIAS,PT,Deputado Estadual,41,2022
0033,13100,GARRY DERALUS,PT,Deputado Estadual,3,2022
0033,13110,TEONÍLIO MONTEIRO DA COSTA,PT,Deputado Estadual,7,2022
0033,13112,EVELYN SILVA DO NASCIMENTO VICENTE DA SILVA,PT,Deputado Estadual,78,2022
0033,13113,MARCIA APARECIDA OVEJANEDA LIA,PT,Deputado Estadual,48,2022
0033,13114,ENIO FRANCISCO TATTO,PT,Deputado Estadual,4,2022
0033,13120,CARLOS ROBERTO DE OLIVEIRA,PT,Deputado Estadual,127,2022
0033,13121,ANA LUCIA LIPPAUS PERUGINI,PT,Deputado Estadual,235,2022
0033,13123,MARIA IZABEL AZEVEDO NORONHA,PT,Deputado Estadual,226,2022
0033,13127,BRUNO RAMOS DA SILVA,PT,Deputado Estadual,1,2022
0033,13130,FERNANDO SOUZA PUGA,PT,Deputado Estadual,5,2022
0033,13131,EMIDIO PEREIRA DE SOUZA,PT,Deputado Estadual,34,2022
0033,13133,EDUARDO MATARAZZO SUPLICY,PT,Deputado Estadual,2098,2022
0033,13134,LUIZ FERNANDO TEIXEIRA FERREIRA,PT,Deputado Estadual,23,2022
0033,13140,JORGE RODRIGO VALVERDE SANTANA,PT,Deputado Estadual,0,2022
0033,13147,MARIANA ROSSETO SANTOS,PT,Deputado Estadual,5,2022
0033,13180,MARIA EDUARDA ALENCAR HIDALGO,PT,Deputado Estadual,55,2022
0033,13192,MARCOS MONTANI CASEIRO,PT,Deputado Estadual,24,2022
0033,13199,PAOLLA CATHERINE DOS SANTOS MIGUEL AGARD,PT,Deputado Estadual,737,2022
0033,13200,CONSTANTINO CURY NETO,PT,Deputado Estadual,2,2022
0033,13222,JULIANA FRAGA E SILVA DE SOUZA,PT,Deputado Estadual,0,2022
0033,13234,JOSÉ WILSON CARDOSO DE SOUZA,PT,Deputado Estadual,0,2022
0033,13258,ESTELA ALEXANDRE ALMAGRO,PT,Deputado Estadual,0,2022
0033,13270,THIAGO HENRIQUE MAIA SORATTO,PT,Deputado Estadual,4,2022
0033,13290,LEANDRO CÂNDIDO SOARES,PT,Deputado Estadual,23,2022
0033,13300,WAGNER DE MELO ROMÃO,PT,Deputado Estadual,502,2022
0033,13301,ROMILDO ANTONIO DA SILVA,PT,Deputado Estadual,0,2022
0033,13310,LUIZ CLAUDIO MARCOLINO,PT,Deputado Estadual,34,2022
0033,13313,RENATO MORENI AIRES DA SILVA,PT,Deputado Estadual,2,2022
0033,13321,HERIVELTO DOS SANTOS MORAES,PT,Deputado Estadual,0,2022
0033,13330,ALEX SANDRO GOMES,PT,Deputado Estadual,3,2022
0033,13331,VERA LUCIA RODRIGUES DE FARIA,PT,Deputado Estadual,74,2022
0033,13333,THAISE BEZERRA PACHECO SANTOS,PT,Deputado Estadual,17,2022
0033,13360,MIRIAM MANETTA ALGARRA,PT,Deputado Estadual,3,2022
0033,13400,CHEILA MARIA SUBENKO OLALLA,PT,Deputado Estadual,10,2022
0033,13413,JOÃO ALFREDO DE OLIVEIRA,PT,Deputado Estadual,1,2022
0033,13444,EDNA DA SILVA DELLA NINA,PT,Deputado Estadual,0,2022
0033,13456,ELISABETH SAHÃO,PT,Deputado Estadual,12,2022
0033,13500,ANDREIA TEIXEIRA BATISTA,PT,Deputado Estadual,12,2022
0033,13513,CAROLINA MALAVAZZI GALVÃO,PT,Deputado Estadual,8,2022
0033,13545,APARECIDA DA GRAÇA CARLOS,PT,Deputado Estadual,1,2022
0033,13555,SIMÃO PEDRO CHIOVETTI,PT,Deputado Estadual,21,2022
0033,13580,CARLOS ALBERTO MARCOS,PT,Deputado Estadual,48,2022
0033,13600,MARLY GOMES CALDAS,PT,Deputado Estadual,0,2022
0033,13613,PAULO ROBERTO FIORILO,PT,Deputado Estadual,19,2022
0033,13616,JOSEMUNDO DARIO QUEIROZ,PT,Deputado Estadual,2,2022
0033,13650,MARCELO RIBEIRO DA SILVA,PT,Deputado Estadual,2,2022
0033,13651,PAULO BATISTA DOS REIS,PT,Deputado Estadual,22,2022
0033,13654,JANDYRA MASSUE UEHARA ALVES,PT,Deputado Estadual,150,2022
0033,13696,CHRISTIANE GRACE GUIMARÃES DA SILVA,PT,Deputado Estadual,3,2022
0033,13700,ANTONIO DONATO MADORMO,PT,Deputado Estadual,16,2022
0033,13713,ROMULO ORNELAS DE OLIVEIRA,PT,Deputado Estadual,1,2022
0033,13777,ALMIR ROGERIO DA SILVA,PT,Deputado Estadual,2,2022
0033,13789,ROMULO CESAR FERNANDES,PT,Deputado Estadual,5,2022
0033,13800,JORGE DO CARMO SILVA,PT,Deputado Estadual,15,2022
0033,13877,JANETE ROCHA PIETÁ,PT,Deputado Estadual,3,2022
0033,13888,FRANCISCA NILMAR ARRAES MANOEL,PT,Deputado Estadual,1,2022
0033,13900,JULIANA SOARES DO NASCIMENTO,PT,Deputado Estadual,15,2022
0033,14000,JOSE CARLOS BERNARDI,PTB,Deputado Estadual,0,2022
0033,14001,EVANDRO PEREIRA DOS REIS,PTB,Deputado Estadual,0,2022
0033,14002,CRISTINA ALVES DE GODOY,PTB,Deputado Estadual,0,2022
0033,14003,PANAGIOTIS SERAFIM SPANOS,PTB,Deputado Estadual,0,2022
0033,14004,CRISTINA DOS SANTOS,PTB,Deputado Estadual,0,2022
0033,14005,LILIANE DURCE,PTB,Deputado Estadual,0,2022
0033,14006,GILBERTO MARQUES DO COUTO,PTB,Deputado Estadual,0,2022
0033,14007,RICARDO CRUZ DE REZENDE PAOLIELLO,PTB,Deputado Estadual,0,2022
0033,14009,CARLOS RICARDO CEOLONI,PTB,Deputado Estadual,0,2022
0033,14010,EDUARDO FRANCISCO DE MELO,PTB,Deputado Estadual,0,2022
0033,14011,PAULO SERGIO MOREIRA MELLO,PTB,Deputado Estadual,0,2022
0033,14012,LILIAN RENATA GARCIA VIEIRA MEDEIROS,PTB,Deputado Estadual,0,2022
0033,14013,ALAELSON ALVES DA SILVA,PTB,Deputado Estadual,0,2022
0033,14014,EDISON LUCIANO KLIMAN BENEDITO,PTB,Deputado Estadual,0,2022
0033,14015,MARIA DO ROSARIO ALMEIDA,PTB,Deputado Estadual,0,2022
0033,14016,CHARLES DOS SANTOS PEREIRA,PTB,Deputado Estadual,0,2022
0033,14017,PAULO CESAR DA SILVA SANT ANA,PTB,Deputado Estadual,0,2022
0033,14019,AHMED TARIQUE TOMBOUCTOU AGIO,PTB,Deputado Estadual,0,2022
0033,14020,GILBERTO MEGDA,PTB,Deputado Estadual,0,2022
0033,14021,MAGDA DOS SANTOS CABRAL,PTB,Deputado Estadual,0,2022
0033,14022,WASHINGTON JOSE DA CRUZ,PTB,Deputado Estadual,0,2022
0033,14032,AFONSO MARIA SILVA SALES,PTB,Deputado Estadual,0,2022
0033,14033,ANGELA TORRES PRADO,PTB,Deputado Estadual,0,2022
0033,14038,PAULO HUGENNEYER KOGOS,PTB,Deputado Estadual,0,2022
0033,14039,NURIA DANIELA GALLÃO ARTHUZO,PTB,Deputado Estadual,0,2022
0033,14040,LUIS FERNANDO DA SILVA,PTB,Deputado Estadual,0,2022
0033,14041,VERA LUCIA SOVERAL DA SILVEIRA,PTB,Deputado Estadual,0,2022
0033,14044,MARCOS VITOR LESSA,PTB,Deputado Estadual,0,2022
0033,14045,VIOLETA FILOMENA DACCACHE,PTB,Deputado Estadual,0,2022
0033,14046,MARCELO OLIVEIRA ROSADO,PTB,Deputado Estadual,0,2022
0033,14049,ROSYMEIRE DE SOUZA LEITE RODRIGUES,PTB,Deputado Estadual,0,2022
0033,14050,MARIA RISOLETA ESTRELA DOS SANTOS,PTB,Deputado Estadual,0,2022
0033,14060,DENIVIA ROSA DOS SANTOS OLIVEIRA,PTB,Deputado Estadual,0,2022
0033,14088,MARCELO CRISTIANO REIS,PTB,Deputado Estadual,0,2022
0033,14099,IOLANDA REGINA ALVES FRONTEROTTA,PTB,Deputado Estadual,0,2022
0033,14100,JOSE VANDERLEI MACHADO,PTB,Deputado Estadual,0,2022
0033,14108,ANTONIO DA SILVA E SOUZA,PTB,Deputado Estadual,0,2022
0033,14110,WENDELL BRAZ NICOLICHE,PTB,Deputado Estadual,0,2022
0033,14111,ALEXANDRE GONÇALVES DEMETRIO ZAHRA,PTB,Deputado Estadual,0,2022
0033,14112,EDILSON GUARNIERI,PTB,Deputado Estadual,0,2022
0033,14114,MARIA ADALZIRA RIBEIRO ORTIZ,PTB,Deputado Estadual,0,2022
0033,14115,MOISES GOMES DO NASCIMENTO,PTB,Deputado Estadual,0,2022
0033,14121,ROBERTO CARLOS DE ALMEIDA,PTB,Deputado Estadual,0,2022
0033,14122,CLODOALDO ALVES DE AMORIM,PTB,Deputado Estadual,0,2022
0033,14123,GUILHERME CESAR ZAFANI,PTB,Deputado Estadual,0,2022
0033,14124,MARCELO COSTA MORAES,PTB,Deputado Estadual,0,2022
0033,14125,ADA HENRIQUE XAVIER,PTB,Deputado Estadual,0,2022
0033,14128,ADRIANO DE BARROS CARUSO,PTB,Deputado Estadual,0,2022
0033,14130,AUDREY ANA MARCONDES GOGLIANO,PTB,Deputado Estadual,0,2022
0033,14141,ADAUTO VIANA JUNIOR,PTB,Deputado Estadual,0,2022
0033,14143,NOEMIA VIEIRA FONSECA,PTB,Deputado Estadual,0,2022
0033,14162,ANTONIO BERALDO ALVES,PTB,Deputado Estadual,0,2022
0033,14177,CLAUDIO AUGUSTO PEREIRA,PTB,Deputado Estadual,0,2022
0033,14190,MARCOS ROGERIO MANTEIGA,PTB,Deputado Estadual,0,2022
0033,14193,DEYCON FRANCISCO DA SILVA,PTB,Deputado Estadual,0,2022
0033,14200,RENATO SALVADOR MARTINS,PTB,Deputado Estadual,0,2022
0033,14221,LINDEMBERG MELO GONCALVES,PTB,Deputado Estadual,0,2022
0033,14222,FLAVIO RICARDO BEALL,PTB,Deputado Estadual,0,2022
0033,14244,LUCAS ANTUNES,PTB,Deputado Estadual,0,2022
0033,14245,PATRICIA MARIA DE MELO ZANOTTI MONTILHA,PTB,Deputado Estadual,0,2022
0033,14250,EMERSON PEREIRA BATISTA,PTB,Deputado Estadual,0,2022
0033,14300,DENE IRENO DE SOUSA,PTB,Deputado Estadual,0,2022
0033,14321,SIMONE APARECIDA NASCIMENTO DA CONCEIÇÃO,PTB,Deputado Estadual,0,2022
0033,14400,NELSON ROBERTO GRITTI,PTB,Deputado Estadual,0,2022
0033,14422,VALERIA CRISTINA RODRIGUES,PTB,Deputado Estadual,0,2022
0033,14441,GABRIEL SILVA GOMES,PTB,Deputado Estadual,0,2022
0033,14444,MANOEL LOPES FERREIRA JUNIOR,PTB,Deputado Estadual,0,2022
0033,14455,SERGIO ANTONIO,PTB,Deputado Estadual,0,2022
0033,14456,GIOVANA LIMA DE AGUIAR,PTB,Deputado Estadual,0,2022
0033,14457,PAULO ROBERTO TORRES GALINDO,PTB,Deputado Estadual,0,2022
0033,14500,CRISTINA APARECIDA TEIXEIRA CORDEIRO DE JESUS,PTB,Deputado Estadual,0,2022
0033,14522,RODRIGO RODRIGUES PEDROSO,PTB,Deputado Estadual,0,2022
0033,14550,JOSE MARCIO DE CAMPOS,PTB,Deputado Estadual,0,2022
0033,14555,MARCO AURELIO MIETO DOMINGUES,PTB,Deputado Estadual,0,2022
0033,14567,LILIANE MARIA DA SILVA PAES,PTB,Deputado Estadual,0,2022
0033,14580,MARIA DE JESUS LOPES MARTINS SILVA,PTB,Deputado Estadual,0,2022
0033,14617,CECILIA RANIELE ROSAL SALVADOR,PTB,Deputado Estadual,0,2022
0033,14620,GILSON MOREIRA,PTB,Deputado Estadual,0,2022
0033,14624,CARLOS ALBERTO VIDAL TONON JUNIOR,PTB,Deputado Estadual,0,2022
0033,14699,SIDINEI GIRON,PTB,Deputado Estadual,0,2022
0033,14700,GILBERTO SOARES PINHEIRO,PTB,Deputado Estadual,0,2022
0033,14701,MARCELINO SILVA,PTB,Deputado Estadual,0,2022
0033,14714,KARINA PAULA DE SOUZA OLIVEIRA MARTINS,PTB,Deputado Estadual,0,2022
0033,14772,WILLIAM APARECIDO DE SOUZA,PTB,Deputado Estadual,0,2022
0033,14775,CASSIO LUIZ DE OLIVEIRA,PTB,Deputado Estadual,0,2022
0033,14777,AGEU DA CRUZ ALMEIDA,PTB,Deputado Estadual,0,2022
0033,14789,GERALDO APARECIDO MENDES,PTB,Deputado Estadual,0,2022
0033,14800,MÔNICA PRADO,PTB,Deputado Estadual,0,2022
0033,14822,CLAUDIO LUIS CAIVANO,PTB,Deputado Estadual,0,2022
0033,14851,JURACILDE DE LIMA PINTO,PTB,Deputado Estadual,0,2022
0033,14888,AVEDIS GOGENHAN,PTB,Deputado Estadual,0,2022
0033,14900,VALDINEI CAMPELO FELIX,PTB,Deputado Estadual,0,2022
0033,14961,MARIA ALICE TANIGUSHI,PTB,Deputado Estadual,0,2022
0033,14999,APARECIDO MOREIRA DA SILVA,PTB,Deputado Estadual,0,2022
0033,15000,JORGE LUIS CARUSO,MDB,Deputado Estadual,37,2022
0033,15001,HUGO MOREIRA SANTOS,MDB,Deputado Estadual,2,2022
0033,15009,AUDEIDE CARDOSO,MDB,Deputado Estadual,0,2022
0033,15012,BRUNO DE SOUSA ALVES,MDB,Deputado Estadual,1,2022
0033,15013,HILDON DE OLIVEIRA ROCHA,MDB,Deputado Estadual,0,2022
0033,15014,DANIELE SOUZA AKAMINE,MDB,Deputado Estadual,1,2022
0033,15015,MOHAMED AHMED YOUSSEF,MDB,Deputado Estadual,0,2022
0033,15017,FERNANDA DA GLÓRIA GOMES,MDB,Deputado Estadual,0,2022
0033,15019,LUIS FELIPE SILVEIRA AMANCIO TORELLA D AVILA,MDB,Deputado Estadual,0,2022
0033,15022,ANGELA OROSCO DE MELO,MDB,Deputado Estadual,0,2022
0033,15023,SUENIRA TEIXEIRA PINTO,MDB,Deputado Estadual,1,2022
0033,15030,CLAUDETE FERREIRA DA SILVA,MDB,Deputado Estadual,1,2022
0033,15040,LUIZ CARLOS DE PAULA,MDB,Deputado Estadual,4,2022
0033,15050,ANDRÉ LUIZ BARBEZANI,MDB,Deputado Estadual,0,2022
0033,15051,LEONARDO FRANCISCO SAMPAIO DE SOUZA FILHO,MDB,Deputado Estadual,6,2022
0033,15060,ZORAIDA MARIA LOBATO VIOTTI,MDB,Deputado Estadual,2,2022
0033,15070,ALLI AHMAD MAJDOUB,MDB,Deputado Estadual,2,2022
0033,15090,SAMUEL DE JESUS SANTOS PEREIRA,MDB,Deputado Estadual,0,2022
0033,15100,GILMAR RAIMUNDO LUCAS,MDB,Deputado Estadual,0,2022
0033,15111,HENRIQUE DE ALMEIDA BASANO,MDB,Deputado Estadual,1,2022
0033,15112,ROSELEI APARECIDO FRANÇOSO,MDB,Deputado Estadual,3,2022
0033,15115,MARCUS VINICIUS DE ALMEIDA FERREIRA,MDB,Deputado Estadual,1,2022
0033,15117,JOSEFA ANADETE DOS SANTOS SILVA,MDB,Deputado Estadual,0,2022
0033,15121,ANDRE CESAR COSTA,MDB,Deputado Estadual,32,2022
0033,15122,MARIA CRISTIANE PINHEIRO,MDB,Deputado Estadual,2,2022
0033,15123,OCIMAR DONIZETI LEO OLIVEIRA,MDB,Deputado Estadual,2,2022
0033,15130,FERNANDO RAMOS,MDB,Deputado Estadual,0,2022
0033,15133,LILIAN APARECIDA DE PAULA,MDB,Deputado Estadual,0,2022
0033,15144,EVERSON MARCOS DE OLIVEIRA,MDB,Deputado Estadual,1,2022
0033,15150,DIEGO LOPES DEL RIO,MDB,Deputado Estadual,22,2022
0033,15151,GIULIANO GRISO,MDB,Deputado Estadual,2,2022
0033,15153,CÍCERO LUIZ DE BRITO,MDB,Deputado Estadual,5,2022
0033,15155,EDIMAR CANDIDO DE LIMA,MDB,Deputado Estadual,0,2022
0033,15157,CASSIANE DE MELO FERNANDES,MDB,Deputado Estadual,0,2022
0033,15158,ANDRÉA DE PAULA SANTOS,MDB,Deputado Estadual,4,2022
0033,15177,ALEXANDRE DE OLIVEIRA,MDB,Deputado Estadual,0,2022
0033,15180,JAQUELINE LILIAN BARCELOS COUTINHO,MDB,Deputado Estadual,1,2022
0033,15190,SANDRA CANDIDO MORETTI,MDB,Deputado Estadual,46,2022
0033,15200,CAIO VINICIUS DE MOURA LUZ,MDB,Deputado Estadual,6,2022
0033,15215,MARCOS RIBEIRO DA COSTA,MDB,Deputado Estadual,0,2022
0033,15220,PHILIPE DE PAULA DA SILVA,MDB,Deputado Estadual,1,2022
0033,15222,FERNANDO MARTINS DOS SANTOS,MDB,Deputado Estadual,1,2022
0033,15256,MARCOS ANTONIO GONÇALVES DA SILVA,MDB,Deputado Estadual,0,2022
0033,15270,NIQUEIAS FERREIRA BORGES,MDB,Deputado Estadual,0,2022
0033,15277,PLAUTO JOSE RIBEIRO HOLTZ MORAES,MDB,Deputado Estadual,0,2022
0033,15300,ITAMAR FRANCISCO MACHADO BORGES,MDB,Deputado Estadual,69,2022
0033,15315,ADEMIR MARTINS BOAVENTURA,MDB,Deputado Estadual,9,2022
0033,15333,ALLINY FERNANDA SARTORI PADALINO ROGÉRIO,MDB,Deputado Estadual,2,2022
0033,15339,RODNEY DE PAIVA,MDB,Deputado Estadual,0,2022
0033,15345,MARCELO COSTA DEL BOSCO AMARAL,MDB,Deputado Estadual,10,2022
0033,15363,JOSÉ ROGERIO SOARES DOS SANTOS,MDB,Deputado Estadual,136,2022
0033,15400,CELIA APARECIDA DA CRUZ OLIVEIRA MENEZES,MDB,Deputado Estadual,2,2022
0033,15432,IVONE MOREIRA SANTOS,MDB,Deputado Estadual,0,2022
0033,15451,LUCIENE PEREIRA FRANCO,MDB,Deputado Estadual,0,2022
0033,15456,JOSÉ AGRIPINO DA SILVA,MDB,Deputado Estadual,4,2022
0033,15500,MARIA DO CARMO GUILHERME,MDB,Deputado Estadual,8,2022
0033,15515,OSMARIO SILVA,MDB,Deputado Estadual,0,2022
0033,15522,DANIEL GIROTTO,MDB,Deputado Estadual,2,2022
0033,15525,ROSANA APARECIDA BRANQUINHO,MDB,Deputado Estadual,0,2022
0033,15550,RONALDO FRANCISCO DA CRUZ,MDB,Deputado Estadual,0,2022
0033,15555,FERNANDA MORENO DA SILVA,MDB,Deputado Estadual,4,2022
0033,15556,ADRIANA VASCONCELLOS VIEIRA DE OLIVEIRA LUIZ,MDB,Deputado Estadual,2,2022
0033,15557,ANDRÉ LUIZ DA SILVA,MDB,Deputado Estadual,0,2022
0033,15590,RUBIA MARA DA SILVA OLIVEIRA,MDB,Deputado Estadual,1,2022
0033,15600,EIDA SILVA DOS SANTOS AZEVEDO,MDB,Deputado Estadual,0,2022
0033,15605,FERNANDO LUIZ ISOPPO PETITI,MDB,Deputado Estadual,1,2022
0033,15620,ARLINDO MARIANO DE ARAUJO FILHO,MDB,Deputado Estadual,2,2022
0033,15622,GEORGE VATUTIN HATO,MDB,Deputado Estadual,19,2022
0033,15678,MARCELO FORTES BARBIERI,MDB,Deputado Estadual,16,2022
0033,15700,IVAN RIBEIRO DE BRITO,MDB,Deputado Estadual,0,2022
0033,15770,CINTIA ROBERTA SILVA RODRIGUES,MDB,Deputado Estadual,4,2022
0033,15777,DALCIDES BATISTA DA SILVA NETO,MDB,Deputado Estadual,1,2022
0033,15800,SANDRA REGINA VIEIRA,MDB,Deputado Estadual,2,2022
0033,15855,ANA PAULA CALVO,MDB,Deputado Estadual,0,2022
0033,15900,MAURO CESAR RAMOS DE ALMEIDA,MDB,Deputado Estadual,0,2022
0033,15910,ERNESTO TEIXEIRA DA CUNHA,MDB,Deputado Estadual,4,2022
0033,15914,TARSO LUIZ FURTADO GOUVEIA,MDB,Deputado Estadual,4,2022
0033,15964,LUCIANO MARQUES DA SILVA,MDB,Deputado Estadual,0,2022
0033,15980,JOÃO ALVES VIEIRA,MDB,Deputado Estadual,0,2022
0033,15990,ROMAR WILLIAM CULLEN DELLAPIAZZA,MDB,Deputado Estadual,8,2022
0033,15999,CÁSSIO DE CASTRO NAVARRO,MDB,Deputado Estadual,1,2022
0033,16000,LUCAS ANTONIO NIZUMA SIMABUKULO,PSTU,Deputado Estadual,0,2022
0033,16016,MARISA DOS SANTOS MENDES,PSTU,Deputado Estadual,1,2022
0033,16023,OSVALDO MARIANO DIOGO,PSTU,Deputado Estadual,0,2022
0033,16100,CRISTIANE BANHOL,PSTU,Deputado Estadual,5,2022
0033,16107,RAQUEL DE PAULA,PSTU,Deputado Estadual,0,2022
0033,16123,AMANDA COELHO MARZALL,PSTU,Deputado Estadual,2,2022
0033,16161,LEANDRO JOSE DE SOUZA DUQUE,PSTU,Deputado Estadual,0,2022
0033,16321,NELSON BOTELHO DA SILVA,PSTU,Deputado Estadual,0,2022
0033,16461,FERNANDO DE SOUZA,PSTU,Deputado Estadual,0,2022
0033,16555,MAÍRA MACHADO RODRIGUES,PSTU,Deputado Estadual,15,2022
0033,16789,ADILSON DOS SANTOS,PSTU,Deputado Estadual,0,2022
0033,18000,MARINA MEDEIROS HELOU,REDE,Deputado Estadual,309,2022
0033,18001,MARINA MOREIRA,REDE,Deputado Estadual,0,2022
0033,18010,BENEDITO RODRIGUES CORREA,REDE,Deputado Estadual,1,2022
0033,18012,ANTONIO CARLOS DE MORAES,REDE,Deputado Estadual,0,2022
0033,18013,ANTONIO CARLOS MUNHOZ,REDE,Deputado Estadual,8,2022
0033,18016,JULIANA GORGA SALVETTI,REDE,Deputado Estadual,0,2022
0033,18018,MARIANA DUARTE GARCIA DE LACERDA,REDE,Deputado Estadual,8,2022
0033,18019,MARIO EDUARDO DA SILVA,REDE,Deputado Estadual,0,2022
0033,18100,RAFAEL CASTRO KOCIAN,REDE,Deputado Estadual,4,2022
0033,18109,ISTÊNIO VIANA MELLO,REDE,Deputado Estadual,0,2022
0033,18111,OLINDA CAETANO GARCIA,REDE,Deputado Estadual,0,2022
0033,18123,EMERSON MARCIO VITALINO,REDE,Deputado Estadual,5,2022
0033,18180,BUDGA DEROBY NHAMBIQUARA,REDE,Deputado Estadual,11,2022
0033,18181,THÍFANY FELIX GUIMARÃES,REDE,Deputado Estadual,0,2022
0033,18188,ERIVELTON PEREIRA RAMOS,REDE,Deputado Estadual,1,2022
0033,18199,LILIAN CRISTINA DOS SANTOS FARIA,REDE,Deputado Estadual,1,2022
0033,18270,EDILMA MARIA DA SILVA,REDE,Deputado Estadual,0,2022
0033,18420,RUBENS EDUARDO DOCAMPO ANTONINI,REDE,Deputado Estadual,9,2022
0033,18441,EDILSON RODRIGO NOGUEIRA MARCIANO,REDE,Deputado Estadual,1,2022
0033,18456,ANDRE RICARDO DE SOUZA,REDE,Deputado Estadual,0,2022
0033,18555,JOSÉ MENINO DE OLIVEIRA,REDE,Deputado Estadual,0,2022
0033,18717,ANTOINE BALADY,REDE,Deputado Estadual,0,2022
0033,18777,RAFAEL BERNARDO FERREIRA SANTOS,REDE,Deputado Estadual,0,2022
0033,18800,HONÓRIO MARQUES DA SILVA,REDE,Deputado Estadual,2,2022
0033,18888,VICTOR AUGUSTO LINS MENDES,REDE,Deputado Estadual,88,2022
0033,19000,RAUL APARECIDO GONÇALVES PAULA,PODE,Deputado Estadual,21,2022
0033,19001,ATAIDE TERUEL PEREZ,PODE,Deputado Estadual,1,2022
0033,19002,JOSÉ CARLOS DE ALMEIDA,PODE,Deputado Estadual,0,2022
0033,19007,JAIRO DOS SANTOS,PODE,Deputado Estadual,0,2022
0033,19009,ESTER COSCARELLI DOMINGUES,PODE,Deputado Estadual,0,2022
0033,19011,JOBERT ALEXANDRINO,PODE,Deputado Estadual,1,2022
0033,19013,LARISSA FORJANES DOS SANTOS,PODE,Deputado Estadual,1,2022
0033,19015,MARCOS ESCAMES FÉLIX DA SILVA,PODE,Deputado Estadual,3,2022
0033,19019,GERSON DIAS PESSOA,PODE,Deputado Estadual,3,2022
0033,19020,URIÃ FANCELLI BAUMGARTNER,PODE,Deputado Estadual,34,2022
0033,19021,JOSÉ WALTER FIGUEIREDO SILVA,PODE,Deputado Estadual,8,2022
0033,19022,PEDRO MARIN BELMONTE NETO,PODE,Deputado Estadual,0,2022
0033,19023,PATRÍCIA MODESTO,PODE,Deputado Estadual,0,2022
0033,19027,CRISTIANE SILVA DE ALMEIDA SANTOS,PODE,Deputado Estadual,0,2022
0033,19030,JORGE GABRIEL GRASI,PODE,Deputado Estadual,0,2022
0033,19033,SABRINA PRADO DOS SANTOS,PODE,Deputado Estadual,0,2022
0033,19037,MARIA VILMA FIGUEIREDO DA SILVA JACINTO,PODE,Deputado Estadual,0,2022
0033,19054,ARLINDO AMARO DOS SANTOS,PODE,Deputado Estadual,0,2022
0033,19055,SILVAN PEREIRA DE SOUZA,PODE,Deputado Estadual,0,2022
0033,19069,ROBERTO MIGUEL REY JUNIOR,PODE,Deputado Estadual,12,2022
0033,19070,EMERSON FRACAROLI,PODE,Deputado Estadual,1,2022
0033,19077,JULIANA MARA DA SILVA SPADA,PODE,Deputado Estadual,0,2022
0033,19088,ELVIO ANTONIO PINOTTI NETO,PODE,Deputado Estadual,0,2022
0033,19097,ARLETE TAVARES DOS SANTOS BARBOSA,PODE,Deputado Estadual,0,2022
0033,19099,SILVIA MIRANDA NAGATA,PODE,Deputado Estadual,4,2022
0033,19100,RICARDO LONGATTI FRANÇA,PODE,Deputado Estadual,34,2022
0033,19101,CLARICE CARASSOL AREVALO GANEM,PODE,Deputado Estadual,221,2022
0033,19110,WAGNER BAPTISTA RIGUEIRA,PODE,Deputado Estadual,0,2022
0033,19111,GERSON DOS SANTOS PIRES,PODE,Deputado Estadual,81,2022
0033,19115,VERONICA COSMO AMERICO,PODE,Deputado Estadual,0,2022
0033,19119,GABRIEL PINELLI FERRAZ,PODE,Deputado Estadual,1,2022
0033,19123,MARCIO PASCHOAL GIUDICIO,PODE,Deputado Estadual,1,2022
0033,19125,MARIZETE GOMES DE MAGALHÃES BERGAMIN,PODE,Deputado Estadual,1,2022
0033,19133,TATIANA DE FREITAS SIVIERO,PODE,Deputado Estadual,5,2022
0033,19141,LUIS ANTONIO DE SOUZA,PODE,Deputado Estadual,0,2022
0033,19147,AURELIANO CARNEIRO DE LIMA,PODE,Deputado Estadual,0,2022
0033,19153,JOSELITO DE SOUSA LIMA,PODE,Deputado Estadual,1,2022
0033,19157,RODRIGO FEITOSA LOPES,PODE,Deputado Estadual,0,2022
0033,19179,CRISTIANE VIVIAN ALVES GOMES,PODE,Deputado Estadual,4,2022
0033,19190,MAURO MARQUES DAS NEVES,PODE,Deputado Estadual,2,2022
0033,19192,ALDO FERNANDO NUNES,PODE,Deputado Estadual,0,2022
0033,19196,SÉRGIO DONIZETE FERREIRA,PODE,Deputado Estadual,1,2022
0033,19197,ELIANA CONRADO GOTTSFRITZ FERNANDES,PODE,Deputado Estadual,0,2022
0033,19199,VICTOR MORAES FILHO,PODE,Deputado Estadual,0,2022
0033,19200,DANIEL DA ROCHA MARTINI,PODE,Deputado Estadual,8,2022
0033,19209,FÁBIO ANDRÉ CAPUTO FERRACINI,PODE,Deputado Estadual,6,2022
0033,19219,SANDRA DE AMORIM BARBOSA DE OLIVEIRA,PODE,Deputado Estadual,1,2022
0033,19222,ADILSON DOMINGOS CENSI,PODE,Deputado Estadual,15,2022
0033,19233,CHARLES DOS ANJOS,PODE,Deputado Estadual,0,2022
0033,19234,FABIO LEANDRO CARDOSO TEIXEIRA,PODE,Deputado Estadual,0,2022
0033,19252,FÁBIO FARIAS DE SÁ,PODE,Deputado Estadual,2,2022
0033,19299,EDUARDO LIMA DE SOUZA,PODE,Deputado Estadual,4,2022
0033,19300,EDUARDO CARNEIRO MARTINS,PODE,Deputado Estadual,0,2022
0033,19313,ELISÂNGELA VENTURA ROCHA,PODE,Deputado Estadual,0,2022
0033,19321,LEONARDO DA SILVA BRIGAGÃO,PODE,Deputado Estadual,4,2022
0033,19333,GUILHERME ANDREW GONÇALVES DA SILVA,PODE,Deputado Estadual,6,2022
0033,19345,ANDRE MARTINS MACHADO,PODE,Deputado Estadual,0,2022
0033,19360,TÁBATA FREITAS MANZOLI,PODE,Deputado Estadual,0,2022
0033,19400,JOSE BISPO DOS SANTOS FILHO,PODE,Deputado Estadual,3,2022
0033,19444,MALBA TANIA RODRIGUES ABRANTES COELHO GOMES,PODE,Deputado Estadual,0,2022
0033,19454,MARISTELA MORESCHI RIBEIRO NADER,PODE,Deputado Estadual,40,2022
0033,19456,ADRIANO SANTANA DOS SANTOS,PODE,Deputado Estadual,1,2022
0033,19490,CARLOS HENRIQUE SILVESTRE GARZON,PODE,Deputado Estadual,3,2022
0033,19500,KLEBER CABRAL,PODE,Deputado Estadual,43,2022
0033,19519,EDUARDO DOS REIS MAGOGA,PODE,Deputado Estadual,123,2022
0033,19555,GREGÓRIO MATIAS DE FREITAS,PODE,Deputado Estadual,2,2022
0033,19565,HENRIQUE LOPES SILVA,PODE,Deputado Estadual,0,2022
0033,19577,JOSÉ EDUARDO DOS SANTOS,PODE,Deputado Estadual,0,2022
0033,19600,ANDERSON DOS SANTOS MARTINS DE SOUZA,PODE,Deputado Estadual,0,2022
0033,19619,CÉSAR AUGUSTO JOSÉ,PODE,Deputado Estadual,0,2022
0033,19650,MARCOS ANTONIO SERAFIM BERNARDES JUNIOR,PODE,Deputado Estadual,0,2022
0033,19666,RUBENS CESTARI CAMPOS,PODE,Deputado Estadual,0,2022
0033,19667,MARIA APARECIDA DA COSTA BATISTA,PODE,Deputado Estadual,0,2022
0033,19678,PÉRICLES RÉGIS MENDONÇA DE LIMA,PODE,Deputado Estadual,0,2022
0033,19699,DOUGLAS BORGONI,PODE,Deputado Estadual,0,2022
0033,19700,CARLOS ALEXANDRE VIANNA SOARES,PODE,Deputado Estadual,21,2022
0033,19714,CARLOS EDUARDO NOBREGA,PODE,Deputado Estadual,1,2022
0033,19719,ALESSANDRA CRISTIANE SOARES GARCIA ALGARIN,PODE,Deputado Estadual,3,2022
0033,19753,VLADIMIR CODINHOTO,PODE,Deputado Estadual,1,2022
0033,19755,VANICE IZAURA CAMARGO COSTA DA SILVA,PODE,Deputado Estadual,6,2022
0033,19762,FABIO DUARTE,PODE,Deputado Estadual,3,2022
0033,19775,MARIA APARECIDA BORGES DE MACEDO,PODE,Deputado Estadual,0,2022
0033,19777,EDSON RODRIGUES,PODE,Deputado Estadual,6,2022
0033,19778,ANTONIO CARLOS BOLGIONI,PODE,Deputado Estadual,0,2022
0033,19789,CUSTODIA DE SOUZA RANGEL,PODE,Deputado Estadual,0,2022
0033,19798,DEISE DUARTE,PODE,Deputado Estadual,1,2022
0033,19800,MURILO BERBERT AVIGO FELIX,PODE,Deputado Estadual,17,2022
0033,19888,JAE KRUN PARK KIM,PODE,Deputado Estadual,7,2022
0033,19900,MARCOS PAULO TAVARES FURLAN,PODE,Deputado Estadual,1,2022
0033,19911,MARCOS MENDES DA SILVA,PODE,Deputado Estadual,0,2022
0033,19987,QUELEN HELOISA DOS SANTOS VANDERLEI,PODE,Deputado Estadual,0,2022
0033,19991,MARIA DO CARMO PORTELA RUMBO,PODE,Deputado Estadual,4,2022
0033,19992,DANIEL ARAUJO NEVES SANTIAGO LIMA,PODE,Deputado Estadual,4,2022
0033,19999,ALVARO COSTA VIEIRA,PODE,Deputado Estadual,4,2022
0033,20000,MARCELO THEODORO DE AGUIAR,PSC,Deputado Estadual,22,2022
0033,20001,DIEGO VOLGARINE PARDAL,PSC,Deputado Estadual,0,2022
0033,20002,JEAN ALEX DE ANDRADE DOS SANTOS,PSC,Deputado Estadual,0,2022
0033,20003,ELZA DIAS AMARO,PSC,Deputado Estadual,0,2022
0033,20004,RITA VALÉRIA ALVES,PSC,Deputado Estadual,0,2022
0033,20005,EVANDRO ANTONIO RAMOS TERRA VARONIL DE SOUSA,PSC,Deputado Estadual,0,2022
0033,20007,JOEL BATISTA RAMOS,PSC,Deputado Estadual,0,2022
0033,20010,CAIO ALEXANDRE GOMES DA SILVA,PSC,Deputado Estadual,0,2022
0033,20011,CLÁUDIO DO NASCIMENTO TORRES,PSC,Deputado Estadual,0,2022
0033,20012,ELTON ALVES RIBEIRO DE CARVALHO JUNIOR,PSC,Deputado Estadual,15,2022
0033,20015,ELIANE MARIA DE SANTANA OLIVEIRA,PSC,Deputado Estadual,0,2022
0033,20018,GILBERTO SANTOS SILVA DE VASCONCELOS,PSC,Deputado Estadual,0,2022
0033,20020,MARCO ANTONIO BIOTO,PSC,Deputado Estadual,42,2022
0033,20021,LUCIA DE FATIMA SILVA ROSIM,PSC,Deputado Estadual,3,2022
0033,20022,LUIS DONIZETTI VAZ JUNIOR,PSC,Deputado Estadual,4,2022
0033,20023,ANGELO ANTONIO BUCIOLOTI,PSC,Deputado Estadual,1,2022
0033,20025,ALEXSANDRA BEZERRA LEITE DA SILVA,PSC,Deputado Estadual,1,2022
0033,20028,VÂNIA FERREIRA DE FRANÇA,PSC,Deputado Estadual,0,2022
0033,20033,AGILDO FAUSTINO DOS SANTOS JUNIOR,PSC,Deputado Estadual,0,2022
0033,20035,MARIA JOSE DA SILVA,PSC,Deputado Estadual,0,2022
0033,20038,LEANDRO ALVES,PSC,Deputado Estadual,2,2022
0033,20040,SONIA DA SILVA LIMA,PSC,Deputado Estadual,0,2022
0033,20044,JOSÉ ROBERTO DE MELLO,PSC,Deputado Estadual,0,2022
0033,20057,WAGNER DE AVILA RIBEIRO,PSC,Deputado Estadual,10,2022
0033,20077,ALLINSON PAULO NUNES,PSC,Deputado Estadual,0,2022
0033,20080,MILTON BEZERRA FEITOZA,PSC,Deputado Estadual,1,2022
0033,20088,GIRLANE LIMA DE SOUZA,PSC,Deputado Estadual,0,2022
0033,20100,FELIPE TALVANI SONTINI,PSC,Deputado Estadual,5,2022
0033,20120,OZELITO JOSÉ BENEDITO,PSC,Deputado Estadual,1,2022
0033,20122,FABIO SANTOS DE OLIVEIRA,PSC,Deputado Estadual,0,2022
0033,20123,HELIO DONIZETE ZANATTA,PSC,Deputado Estadual,86,2022
0033,20124,VALERIA DE CAMPOS BALBINO,PSC,Deputado Estadual,0,2022
0033,20133,EDIVALDO SILVA MEIRA,PSC,Deputado Estadual,0,2022
0033,20140,ODETE BARBOSA DA SILVA,PSC,Deputado Estadual,0,2022
0033,20141,TRACE CAROLINE DIAS DAS CHAGAS,PSC,Deputado Estadual,0,2022
0033,20147,ANISTALDO LUIZ LOPES DA SILVA,PSC,Deputado Estadual,0,2022
0033,20150,NILSON PEREIRA DUARTE,PSC,Deputado Estadual,0,2022
0033,20153,RICARDO DOS SANTOS SATURNO,PSC,Deputado Estadual,0,2022
0033,20180,CLAUDETE MARTINS SANTOS DE ANDRADE,PSC,Deputado Estadual,8,2022
0033,20190,LUIZ PAULO MADALHANO MAGALHÃES,PSC,Deputado Estadual,33,2022
0033,20200,WELINGTON APARECIDO ALFREDO,PSC,Deputado Estadual,0,2022
0033,20201,SEBASTIÃO RAIMUNDO DE OLIVEIRA,PSC,Deputado Estadual,0,2022
0033,20202,JOHN GOKI KAGE,PSC,Deputado Estadual,5,2022
0033,20212,CARLOS ROBERTO BATISTA DOS SANTOS,PSC,Deputado Estadual,1,2022
0033,20220,LIDIA FREITAS DO NASCIMENTO,PSC,Deputado Estadual,1,2022
0033,20222,ROSIRENE DE JESUS SANTOS,PSC,Deputado Estadual,3,2022
0033,20227,SANDRA PEDROSA GARCIA DOS SANTOS,PSC,Deputado Estadual,0,2022
0033,20234,VERA LUCIA DE SOUZA BUENO URBAN,PSC,Deputado Estadual,4,2022
0033,20250,DÁRIO CASSIANO DE SOUZA,PSC,Deputado Estadual,1,2022
0033,20297,ENID KREBSKY DE CARVALHO,PSC,Deputado Estadual,0,2022
0033,20300,MARILDA DE SANTANA GIRON,PSC,Deputado Estadual,0,2022
0033,20320,JOSÉ CARLOS FURIOSO,PSC,Deputado Estadual,41,2022
0033,20322,LENILSON ALVES DE LIMA,PSC,Deputado Estadual,1,2022
0033,20330,ALLAN DAVID FERREIRA DE LIMA,PSC,Deputado Estadual,0,2022
0033,20333,VALDENIR JOSÉ BITIU,PSC,Deputado Estadual,8,2022
0033,20345,IZILDA DE LOURDES ALIPIO,PSC,Deputado Estadual,1,2022
0033,20350,DOUGLAS VANDERLEI AUGUSTO,PSC,Deputado Estadual,0,2022
0033,20400,MOACIR COVA,PSC,Deputado Estadual,2,2022
0033,20420,ARIELY PEDROSO SILVA PRETER,PSC,Deputado Estadual,0,2022
0033,20422,HELENA IZABEL DA SILVA GOMES,PSC,Deputado Estadual,2,2022
0033,20456,JÚLIO CESAR FUZARI,PSC,Deputado Estadual,0,2022
0033,20500,LEANDRO JERONIMO BASSON,PSC,Deputado Estadual,29,2022
0033,20520,FERNANDO ROCHA GARCIA,PSC,Deputado Estadual,0,2022
0033,20522,RENAN DIAS DA MATA,PSC,Deputado Estadual,4,2022
0033,20555,CRISTIANE FERREIRA PASSOS LASTÓRIA,PSC,Deputado Estadual,0,2022
0033,20600,GUSTAVO MESQUITA GALVÃO BUENO,PSC,Deputado Estadual,43,2022
0033,20611,VALTER FAUSTINO MARTINS JUNIOR,PSC,Deputado Estadual,0,2022
0033,20620,PEDRO MARQUES FERREIRA ASSAD,PSC,Deputado Estadual,1,2022
0033,20627,AIRTON DOS SANTOS,PSC,Deputado Estadual,0,2022
0033,20629,ELISABETE NATALI ALVARENGA,PSC,Deputado Estadual,0,2022
0033,20666,TIAGO DE OLIVEIRA SOUZA,PSC,Deputado Estadual,0,2022
0033,20678,MARCOS APARECIDO BARROS DE LIMA,PSC,Deputado Estadual,2,2022
0033,20700,THIAGO RODRIGO ROCHITI,PSC,Deputado Estadual,5,2022
0033,20720,ANTÔNIO MANOEL,PSC,Deputado Estadual,1,2022
0033,20722,ANDERSON RUGEL VAZ,PSC,Deputado Estadual,0,2022
0033,20745,SILVIO BARBOSA LOPES FILHO,PSC,Deputado Estadual,0,2022
0033,20777,RELDER SANDRO DE SOUZA FIALHO,PSC,Deputado Estadual,1,2022
0033,20789,ANDRE MARCOS DE ABREU,PSC,Deputado Estadual,0,2022
0033,20800,FREDERICH GERALDO MARTINS,PSC,Deputado Estadual,1,2022
0033,20820,ADILSON RIBEIRO,PSC,Deputado Estadual,0,2022
0033,20888,MAURÍCIO FERREIRA LIMA,PSC,Deputado Estadual,0,2022
0033,20900,PAULO SERGIO GALTERIO,PSC,Deputado Estadual,41,2022
0033,20920,EDNA CHRISTINA SANTIAGO,PSC,Deputado Estadual,0,2022
0033,21000,GABRIEL VIGHY DE CARVALHO,PCB,Deputado Estadual,22,2022
0033,21001,MICHEL LEITE VIANA,PCB,Deputado Estadual,2,2022
0033,21100,FABIANA TAYANE MEDRADO DA CRUZ,PCB,Deputado Estadual,12,2022
0033,22000,DIMAS MECCA SAMPAIO,PL,Deputado Estadual,481,2022
0033,22001,MONICA BATALHA PRADO,PL,Deputado Estadual,5,2022
0033,22002,REGIS LEANDRO YASUMURA,PL,Deputado Estadual,3,2022
0033,22007,DANILO MASCARENHAS DE BALAS,PL,Deputado Estadual,122,2022
0033,22008,FELIPE CARMONA CANTERA,PL,Deputado Estadual,58,2022
0033,22010,ANDRE LUIS BUENO,PL,Deputado Estadual,16,2022
0033,22011,KAREN LIMA VIEIRA,PL,Deputado Estadual,4,2022
0033,22012,JULIO CESAR PEREIRA DE SOUZA,PL,Deputado Estadual,22,2022
0033,22013,TIAGO MARTINS PERETTO,PL,Deputado Estadual,0,2022
0033,22022,ANA PAULA ROSSI DE ALMEIDA MAGDESIAN,PL,Deputado Estadual,22,2022
0033,22030,JOÃO CÉSAR DE MORAES,PL,Deputado Estadual,11,2022
0033,22038,AMERICO MASSAKI HIGUTI,PL,Deputado Estadual,63,2022
0033,22045,VIVIANE ROBERTA MATIOLI,PL,Deputado Estadual,7,2022
0033,22047,VICENTE PAULA RIBEIRO,PL,Deputado Estadual,2,2022
0033,22051,FABIANA DE LIMA BARROSO,PL,Deputado Estadual,71,2022
0033,22057,IVETA DE SOUZA ALVES,PL,Deputado Estadual,0,2022
0033,22058,ANDROMEDES BARBOSA OKABE,PL,Deputado Estadual,9,2022
0033,22070,MARIA DE FÁTIMA ALVES BARBOSA,PL,Deputado Estadual,4,2022
0033,22090,JOSE BRAZ DE OLIVEIRA JUNIOR,PL,Deputado Estadual,13,2022
0033,22099,CRISTIANY DE CASTRO,PL,Deputado Estadual,13,2022
0033,22100,BRUNO ZAMBELLI SALGADO,PL,Deputado Estadual,922,2022
0033,22111,CLAUDIO NAZARENO SOUZA DE QUEIROZ,PL,Deputado Estadual,7,2022
0033,22112,CARLOS CEZAR DA SILVA,PL,Deputado Estadual,119,2022
0033,22120,GILDEVANIO ILSO DOS SANTOS DINIZ,PL,Deputado Estadual,513,2022
0033,22122,MARCIA TAPIGLIANI BAPTISTA,PL,Deputado Estadual,13,2022
0033,22123,RICARDO ROSSI MADALENA,PL,Deputado Estadual,21,2022
0033,22138,ROBERVAL CONTE LOPES LIMA,PL,Deputado Estadual,319,2022
0033,22144,LUIZ CARLOS DA COSTA VALLE,PL,Deputado Estadual,13,2022
0033,22150,RAFAEL RIBEIRO ZUCCO,PL,Deputado Estadual,45,2022
0033,22180,RAQUEL KOBASHI GALLINATI LOMBARDI,PL,Deputado Estadual,207,2022
0033,22181,HUGO PEREIRA DE CASTRO,PL,Deputado Estadual,2,2022
0033,22190,SERGIO CALDAS SANTANA,PL,Deputado Estadual,9,2022
0033,22200,DONIZETE ALVES BARBOSA,PL,Deputado Estadual,15,2022
0033,22211,CARLOS AGUIAR DE ANDRADE,PL,Deputado Estadual,3,2022
0033,22212,TIAGO FINESSI,PL,Deputado Estadual,5,2022
0033,22221,SERGIO MATHEUS SANTOS GARCEZ,PL,Deputado Estadual,57,2022
0033,22222,MARCOS ROBERTO DAMASIO DA SILVA,PL,Deputado Estadual,186,2022
0033,22223,DANILO BERTIPAGLIA BARNABÉ,PL,Deputado Estadual,67,2022
0033,22225,JOSE CARLOS FERREIRA VILELA,PL,Deputado Estadual,3,2022
0033,22230,ANNE CAROLINE SILVA,PL,Deputado Estadual,3,2022
0033,22232,ANA CRISTINA VARGAS CALDEIRA,PL,Deputado Estadual,10,2022
0033,22233,SIRINEU DE ARAUJO SANTOS,PL,Deputado Estadual,4,2022
0033,22244,THIAGO SANTOS ALVES DE SOUSA,PL,Deputado Estadual,0,2022
0033,22250,ALISSON GUIMARÃES PEREIRA DE SOUZA,PL,Deputado Estadual,30,2022
0033,22252,TATIANA REGINA CRISCUOLO,PL,Deputado Estadual,2,2022
0033,22288,OSCAR CASTELO BRANCO DE LUCA,PL,Deputado Estadual,72,2022
0033,22290,JUCIANE APARECIDA DA CUNHA,PL,Deputado Estadual,5,2022
0033,22299,VICENTE FERNANDES CASCIONE,PL,Deputado Estadual,21,2022
0033,22300,RICARDO RIBEIRO PEDROSO,PL,Deputado Estadual,6,2022
0033,22322,DANIELE MAZUQUELI ALONSO,PL,Deputado Estadual,28,2022
0033,22330,GIOVANNI BARBIERATTO,PL,Deputado Estadual,12,2022
0033,22333,EDNALDO DOS SANTOS PASSOS,PL,Deputado Estadual,2,2022
0033,22338,ROGÉRIO DA SILVA SANTOS,PL,Deputado Estadual,11,2022
0033,22343,THIAGO REIS AURICCHIO,PL,Deputado Estadual,170,2022
0033,22345,ROY NELSON PINTO,PL,Deputado Estadual,2,2022
0033,22373,ALESSANDRA ALMEIDA PEREIRA,PL,Deputado Estadual,2,2022
0033,22380,CLAUDIO FERNANDO DE AGUIAR,PL,Deputado Estadual,0,2022
0033,22390,JULIANO DA SILVA MELO,PL,Deputado Estadual,4,2022
0033,22400,MARILZA JOANA GARCIA DE MELO,PL,Deputado Estadual,3,2022
0033,22422,PAULO JORGE MANSUR NETO,PL,Deputado Estadual,417,2022
0033,22424,MARCELA REGINA RODRIGUES DA CUNHA,PL,Deputado Estadual,3,2022
0033,22433,JOSE GUSTAVO DUARTE DE ARAÚJO,PL,Deputado Estadual,12,2022
0033,22444,MATHEUS COIMBRA MARTINS DE AGUIAR,PL,Deputado Estadual,275,2022
0033,22456,ANTONIO CARLOS ALBINO,PL,Deputado Estadual,27,2022
0033,22491,VALDETE GUEDES DE OLIVEIRA,PL,Deputado Estadual,0,2022
0033,22500,LUCAS DIEZ BOVE,PL,Deputado Estadual,608,2022
0033,22522,JOSE FERNANDES DE LIRA JUNIOR,PL,Deputado Estadual,9,2022
0033,22541,RODRIGO AUGUSTO MORAES,PL,Deputado Estadual,52,2022
0033,22550,LUCAS PAVAN ZANATTA,PL,Deputado Estadual,17,2022
0033,22553,THELMA ELAINE BRASILEIRO ROBERTI,PL,Deputado Estadual,107,2022
0033,22555,FABIO ROGÉRIO CANDIDO,PL,Deputado Estadual,117,2022
0033,22556,CARLOS EDUARDO THOMAZ PEDROSO,PL,Deputado Estadual,2,2022
0033,22566,WANDERLENE IEDA BACARO DE BRITO,PL,Deputado Estadual,0,2022
0033,22567,IZAQUE JOSÉ DA SILVA,PL,Deputado Estadual,4,2022
0033,22580,ANA CLAUDIA PERES LUCAS LOPES,PL,Deputado Estadual,36,2022
0033,22600,UBIRATAN SILVEIRA GARCIA,PL,Deputado Estadual,7,2022
0033,22622,JOSEPH RAFFOUL JUNIOR,PL,Deputado Estadual,5,2022
0033,22677,ANDERSON FABIANO PUPO FERNANDES,PL,Deputado Estadual,2,2022
0033,22678,ISAC FELIX DOS SANTOS,PL,Deputado Estadual,8,2022
0033,22700,EDNE JOSE PIFFER JUNIOR,PL,Deputado Estadual,4,2022
0033,22711,ANITA DOS SANTOS TAKAIYASU,PL,Deputado Estadual,0,2022
0033,22722,ISABELA CRISTINA CARDOSO DA CRUZ,PL,Deputado Estadual,0,2022
0033,22762,JOSE CARLOS FERNANDES,PL,Deputado Estadual,2,2022
0033,22765,REGIANE ROCHA,PL,Deputado Estadual,0,2022
0033,22777,ALEXANDER MUNIZ DE OLIVEIRA,PL,Deputado Estadual,26,2022
0033,22789,DANIEL ROSSI,PL,Deputado Estadual,4,2022
0033,22800,CLODOALDO APARECIDO DE MORAES,PL,Deputado Estadual,5,2022
0033,22808,FABRIZIO FASANO JUNIOR,PL,Deputado Estadual,115,2022
0033,22822,ANTONIO GINACK JUNIOR,PL,Deputado Estadual,5,2022
0033,22888,GRACIELA DE LOURDES DAVID AMBROSIO,PL,Deputado Estadual,20,2022
0033,22900,FLAVIO GONÇALVES DA COSTA,PL,Deputado Estadual,36,2022
0033,22921,ANTONIO BESERRA LIMA,PL,Deputado Estadual,1,2022
0033,22922,VALERIA MULLER RAMOS BOLSONARO,PL,Deputado Estadual,1772,2022
0033,22999,ANDRE LUIS DO PRADO,PL,Deputado Estadual,14,2022
0033,23000,RAFAEL FERNANDO ZIMBALDI,CIDADANIA,Deputado Estadual,1419,2022
0033,23001,LUZIMAR BARBOSA DA SILVA,CIDADANIA,Deputado Estadual,0,2022
0033,23011,HARLLEM GONÇALVES DE OLIVEIRA,CIDADANIA,Deputado Estadual,0,2022
0033,23023,ANA CAROLINA ROSSI BARRETO SERRA,CIDADANIA,Deputado Estadual,9,2022
0033,23123,CAROLINE GOMES FERREIRA DE MELLO,CIDADANIA,Deputado Estadual,7,2022
0033,23131,FABIOLA TATCHER MARTINS RODA,CIDADANIA,Deputado Estadual,0,2022
0033,23230,RODRIGO CAPEL,CIDADANIA,Deputado Estadual,0,2022
0033,23231,LUCIANA CRISTINA MENDES SANTOS,CIDADANIA,Deputado Estadual,0,2022
0033,23233,MARIO LACERDA SOUZA,CIDADANIA,Deputado Estadual,13,2022
0033,23333,RICARDO MARCILIO MONTEIRO,CIDADANIA,Deputado Estadual,37,2022
0033,23451,LEANDRO FRANCOIS DE ALMEIDA,CIDADANIA,Deputado Estadual,0,2022
0033,23455,VALMIR ROSA,CIDADANIA,Deputado Estadual,0,2022
0033,23456,ANTONIO DIRCEU DALBEN,CIDADANIA,Deputado Estadual,231,2022
0033,23479,ROSEMEIRE RIBEIRO,CIDADANIA,Deputado Estadual,0,2022
0033,23510,CARLOS AUGUSTO ABRANCHES,CIDADANIA,Deputado Estadual,4,2022
0033,23623,ROBERTO TURCHI DE MORAIS,CIDADANIA,Deputado Estadual,13,2022
0033,23777,CARLOS AUGUSTO DA CUNHA SILVA,CIDADANIA,Deputado Estadual,0,2022
0033,23888,LI LI MIN,CIDADANIA,Deputado Estadual,275,2022
0033,27011,ALEXANDRE HARTMANN,DC,Deputado Estadual,1,2022
0033,27113,EVERILDA XAVIER MOREIRA,DC,Deputado Estadual,0,2022
0033,27123,AHMAD ABOU ADILE,DC,Deputado Estadual,0,2022
0033,27133,ANTONIO GENARO PEREIRA DA SILVA,DC,Deputado Estadual,0,2022
0033,27251,JOSE CANDIDO DA SILVA,DC,Deputado Estadual,0,2022
0033,27277,MARCELO PEREIRA,DC,Deputado Estadual,0,2022
0033,27321,ALEXANDRE CABRAL DE OLIVEIRA,DC,Deputado Estadual,0,2022
0033,27500,ODILIA CRISTINA SANTOS DO NASCIMENTO,DC,Deputado Estadual,0,2022
0033,27653,MARIA ROSA DE ALBUQUERQUE,DC,Deputado Estadual,0,2022
0033,27866,ANTÔNIO ROCHA DOS SANTOS,DC,Deputado Estadual,0,2022
0033,27911,JOSÉ FÁBIO DOS SANTOS SILVA,DC,Deputado Estadual,0,2022
0033,28000,JOSE VINICIUS CAMPOS AITH,PRTB,Deputado Estadual,4,2022
0033,28003,FRANCISCO SEVERIANO DA SILVA,PRTB,Deputado Estadual,0,2022
0033,28007,BIANCA CESÁRIO DE OLIVEIRA,PRTB,Deputado Estadual,1,2022
0033,28008,EMERSON ZOCCHI,PRTB,Deputado Estadual,9,2022
0033,28014,ANTONIO JOSE FERREIRA,PRTB,Deputado Estadual,0,2022
0033,28018,MARCIA RAICHER,PRTB,Deputado Estadual,3,2022
0033,28020,CRISTIANE NOVAK,PRTB,Deputado Estadual,0,2022
0033,28022,PAULO ROBERTO DIAS PEREIRA,PRTB,Deputado Estadual,4,2022
0033,28023,WELLITON BEZERRA DA SILVA,PRTB,Deputado Estadual,2,2022
0033,28025,FERNANDA APARECIDA GOMES DA SILVA CAETANO,PRTB,Deputado Estadual,0,2022
0033,28028,SAMUEL PORFIRIO FRANCA,PRTB,Deputado Estadual,1,2022
0033,28033,JOSE DE SOUZA JUNIOR,PRTB,Deputado Estadual,0,2022
0033,28038,FABIANO GABRIEL CARVALHO SILVA,PRTB,Deputado Estadual,0,2022
0033,28050,PAULA MICHELLE DIAS,PRTB,Deputado Estadual,0,2022
0033,28056,THIAGO FELIPE NEVES,PRTB,Deputado Estadual,3,2022
0033,28069,ROGERIO JACOMO MICHELETTI,PRTB,Deputado Estadual,0,2022
0033,28070,DANIELE ANSELMO DE MORAIS,PRTB,Deputado Estadual,0,2022
0033,28088,MARCELO MAMBRINI,PRTB,Deputado Estadual,0,2022
0033,28099,ANTONIO D AGOSTINO,PRTB,Deputado Estadual,0,2022
0033,28100,ANA ANGELA PALERMO,PRTB,Deputado Estadual,1,2022
0033,28111,DJALMA DE LIMA SANTOS,PRTB,Deputado Estadual,0,2022
0033,28122,WALTER NOLA,PRTB,Deputado Estadual,0,2022
0033,28128,LIVIA MARIA RODRIGUES FIDELIX DA CRUZ,PRTB,Deputado Estadual,4,2022
0033,28145,ANDRESSA MAZZEI SIGNORETTI DA SILVA,PRTB,Deputado Estadual,0,2022
0033,28148,JOSE APARECIDO ROSA FILHO,PRTB,Deputado Estadual,0,2022
0033,28173,ALMIRO RODRIGUES RIBEIRO,PRTB,Deputado Estadual,0,2022
0033,28177,MARCELO LOPES,PRTB,Deputado Estadual,2,2022
0033,28190,LUCIANO GALESCO,PRTB,Deputado Estadual,7,2022
0033,28193,ROBERTO CASTRO COSTA,PRTB,Deputado Estadual,0,2022
0033,28199,SANDRO APARECIDO BATISTA,PRTB,Deputado Estadual,0,2022
0033,28200,JULIO CESAR FRANCISCO,PRTB,Deputado Estadual,0,2022
0033,28228,EDSON ROBERTO ALOISIO,PRTB,Deputado Estadual,0,2022
0033,28238,ADILSON ALVES LUZ,PRTB,Deputado Estadual,0,2022
0033,28248,SHIRLEY VITORIA BERLINI CODREANSCHI,PRTB,Deputado Estadual,0,2022
0033,28280,CLAUDIO MARTINS NEVES DE FRANCA,PRTB,Deputado Estadual,0,2022
0033,28281,MAGNA DA SILVA,PRTB,Deputado Estadual,0,2022
0033,28285,LEANDRO FERREIRA FELICIANO,PRTB,Deputado Estadual,4,2022
0033,28286,LUANA SILVA QUEIROZ,PRTB,Deputado Estadual,0,2022
0033,28289,PASCOAL LEAL DE PAULA,PRTB,Deputado Estadual,0,2022
0033,28290,LUIS HENRIQUE USAI,PRTB,Deputado Estadual,4,2022
0033,28300,IEDA MARIA NOGUEIRA SILVA,PRTB,Deputado Estadual,1,2022
0033,28311,DIONE FRANCISCO DA SILVA,PRTB,Deputado Estadual,0,2022
0033,28312,MICHAEL WILLI DA SILVA STREIDL,PRTB,Deputado Estadual,22,2022
0033,28317,ROSANGELA SALVIANO POLIDO VAZ,PRTB,Deputado Estadual,0,2022
0033,28321,VANDERLEI GROSSI DA SILVA,PRTB,Deputado Estadual,0,2022
0033,28322,ALEUSON ROSA DA SILVA,PRTB,Deputado Estadual,0,2022
0033,28328,GIANE DA SILVA FERREIRA,PRTB,Deputado Estadual,3,2022
0033,28333,MIGUEL AFFONSO COIMBRA NETO,PRTB,Deputado Estadual,2,2022
0033,28357,MARDQUEU SILVIO FRANCA FILHO,PRTB,Deputado Estadual,126,2022
0033,28367,RENATA ROSA DE SA BOAVENTURA,PRTB,Deputado Estadual,0,2022
0033,28379,MADALENA BARBOSA DE SIQUEIRA,PRTB,Deputado Estadual,0,2022
0033,28386,BRAZ PEREIRA,PRTB,Deputado Estadual,0,2022
0033,28388,ANTONIO TARCIDO MARQUES FERNANDES,PRTB,Deputado Estadual,0,2022
0033,28400,MARCELO MENDES BINI,PRTB,Deputado Estadual,0,2022
0033,28419,GETULIO DE SOUSA SANTOS,PRTB,Deputado Estadual,0,2022
0033,28422,CICERO SEBASTIAO DE ARAUJO,PRTB,Deputado Estadual,0,2022
0033,28428,CLAUDIA CARVALHO DA ROCHA,PRTB,Deputado Estadual,0,2022
0033,28433,JOEL DE OLIVEIRA,PRTB,Deputado Estadual,0,2022
0033,28444,DANIELLE GOMES DE CARVALHO,PRTB,Deputado Estadual,11,2022
0033,28456,ADEMILSON RAMOS DA SILVA,PRTB,Deputado Estadual,0,2022
0033,28522,ROSANA DE ANDRADE MARQUES,PRTB,Deputado Estadual,0,2022
0033,28528,FABIAN ALVES RAMOS,PRTB,Deputado Estadual,0,2022
0033,28555,DAVID MONTEIRO DE MELLO,PRTB,Deputado Estadual,0,2022
0033,28622,EDMAR DIAS BRITO,PRTB,Deputado Estadual,0,2022
0033,28628,ANTONIO DA CUNHA LIMA,PRTB,Deputado Estadual,0,2022
0033,28633,ROBERTO FIGUEIREDO JUNIOR,PRTB,Deputado Estadual,0,2022
0033,28666,VÂNIA LUIZ AMANCIO,PRTB,Deputado Estadual,0,2022
0033,28700,RICARDO AZEVEDO DA SILVA,PRTB,Deputado Estadual,1,2022
0033,28741,JOSÉ MACENA DA SILVA FILHO,PRTB,Deputado Estadual,12,2022
0033,28765,LUCAS MARIANO DE CAMPOS,PRTB,Deputado Estadual,0,2022
0033,28780,JUAREZ PEREIRA DIAS,PRTB,Deputado Estadual,0,2022
0033,28788,FRANCISCO UELITON DE OLIVEIRA SOUZA,PRTB,Deputado Estadual,0,2022
0033,28800,WALTER RESENDE FILHO,PRTB,Deputado Estadual,0,2022
0033,28879,EVERTON REZENDE BELASCO,PRTB,Deputado Estadual,0,2022
0033,28886,RANGEL RODRIGO DE FIGUEIREDO BONELLI,PRTB,Deputado Estadual,0,2022
0033,28887,CLAUDINEI VIEIRA SOARES,PRTB,Deputado Estadual,4,2022
0033,28888,RENE SILVEIRA,PRTB,Deputado Estadual,1,2022
0033,28963,LEDIVAN LOPES SEABRA,PRTB,Deputado Estadual,0,2022
0033,28994,SEVERINA BENEDITA DA SILVA,PRTB,Deputado Estadual,0,2022
0033,28999,PEDRO IGOR RIBEIRO RAMOS,PRTB,Deputado Estadual,1,2022
0033,29029,NATÁLIA BRAGA COSTA PIMENTA,PCO,Deputado Estadual,4,2022
0033,29295,MARIA ANGELA ABDUCH,PCO,Deputado Estadual,2,2022
0033,29829,STEFANIA DE ALMEIDA ROBUSTELLI,PCO,Deputado Estadual,2,2022
0033,29999,RODRIGO ANTUNES DE LIMA,PCO,Deputado Estadual,0,2022
0033,30000,EDNEY BENEDITO SAMPAIO DUARTE JÚNIOR,NOVO,Deputado Estadual,42,2022
0033,30001,LEONE LUIZ DE FARIA JUNIOR,NOVO,Deputado Estadual,3,2022
0033,30003,KAIQUE CARDOSO VICENTE,NOVO,Deputado Estadual,1,2022
0033,30005,TAIS ALEXANDRE ZUZA CUSTÓDIO,NOVO,Deputado Estadual,4,2022
0033,30007,DIOGO DE FREITAS VALEIRO GARCIA,NOVO,Deputado Estadual,2,2022
0033,30008,MANOEL CORREA DA FONSECA NETO,NOVO,Deputado Estadual,2,2022
0033,30010,ANDRÉ NALEPA ABBUD,NOVO,Deputado Estadual,5,2022
0033,30011,MARCOS ANTONIO HOMSI GARCIA,NOVO,Deputado Estadual,9,2022
0033,30012,JOSÉ ALENCAR GALVÃO,NOVO,Deputado Estadual,2,2022
0033,30013,SÉRGIO ZAGARINO JUNIOR,NOVO,Deputado Estadual,3,2022
0033,30014,RODRIGO REY RODRIGUEZ,NOVO,Deputado Estadual,3,2022
0033,30015,CAROLINA ZANIRATO BUZONI,NOVO,Deputado Estadual,10,2022
0033,30016,IVAN PAULO PEREIRA DA SILVA,NOVO,Deputado Estadual,0,2022
0033,30018,BRUNO TIAGO DA SILVA BRANDINO,NOVO,Deputado Estadual,2,2022
0033,30020,YGOR FROES CARVALHO,NOVO,Deputado Estadual,5,2022
0033,30022,WILSON DE MELLO JUNIOR,NOVO,Deputado Estadual,1,2022
0033,30023,VÂNIA CRISTINA DA SILVA,NOVO,Deputado Estadual,2,2022
0033,30025,MATEUS JOSE DE CAMARGO STEFANI,NOVO,Deputado Estadual,0,2022
0033,30030,MONICA RAMIRES FERRAZ CURY,NOVO,Deputado Estadual,17,2022
0033,30033,WAGNER DE BRITO TEIXEIRA,NOVO,Deputado Estadual,1,2022
0033,30077,CAROLINE STAFOKER DA SILVA,NOVO,Deputado Estadual,1,2022
0033,30080,FERNANDO MARTINS,NOVO,Deputado Estadual,3,2022
0033,30100,EMILIO CURY JUNIOR,NOVO,Deputado Estadual,6,2022
0033,30111,RAFAEL PINTER,NOVO,Deputado Estadual,0,2022
0033,30123,CICERA SEVERINA DA CONCEIÇÃO MUSA,NOVO,Deputado Estadual,1,2022
0033,30130,MARIA CRISTINA DE OLIVEIRA,NOVO,Deputado Estadual,245,2022
0033,30153,MIRIAM MARIA ANTUNES DE SOUZA,NOVO,Deputado Estadual,82,2022
0033,30190,DOUGLAS HENRIQUE DE OLIVEIRA,NOVO,Deputado Estadual,12,2022
0033,30200,RAFAEL GUSTAVO BERNARDO,NOVO,Deputado Estadual,2,2022
0033,30202,PRISCILA GONÇALVES IEIRI PARRA,NOVO,Deputado Estadual,1,2022
0033,30222,MATILDE FÁTIMA ALVES CANUTO,NOVO,Deputado Estadual,0,2022
0033,30246,PAULO SÉRGIO CONTADOR MIRAS,NOVO,Deputado Estadual,70,2022
0033,30300,JOÃO VESTIM GRANDE,NOVO,Deputado Estadual,12,2022
0033,30301,EDUARDO ALMEIDA PERES,NOVO,Deputado Estadual,0,2022
0033,30303,DANIELLI CRISTIAN CARDOSO RÔA,NOVO,Deputado Estadual,5,2022
0033,30310,SILVANA MARQUES MONTEIRO,NOVO,Deputado Estadual,29,2022
0033,30321,VALMARA CRISTINA DE PAULA CAMARGO,NOVO,Deputado Estadual,2,2022
0033,30330,SILVIA BARNABE,NOVO,Deputado Estadual,3,2022
0033,30331,ANA PAULA MAGALHÃES DA SILVA PETILI,NOVO,Deputado Estadual,15,2022
0033,30333,EDSON TEIXEIRA,NOVO,Deputado Estadual,9,2022
0033,30345,ROMEU SÃO MARCOS ESCANHOELA,NOVO,Deputado Estadual,2,2022
0033,30369,TIAGO ROCHA FERREIRA,NOVO,Deputado Estadual,0,2022
0033,30400,LUIS GUILHERME PIRES,NOVO,Deputado Estadual,0,2022
0033,30444,ADALGISA SOLANGE SPINA,NOVO,Deputado Estadual,7,2022
0033,30456,CARLOS EDUARDO PEREZ,NOVO,Deputado Estadual,1,2022
0033,30500,SERGIO LUIZ VICTOR JUNIOR,NOVO,Deputado Estadual,74,2022
0033,30555,LUCAS PAVANATO DE OLIVEIRA,NOVO,Deputado Estadual,64,2022
0033,30600,LEONARDO DE SIQUEIRA LIMA,NOVO,Deputado Estadual,428,2022
0033,30700,LUCAS ROMERO DA SILVA,NOVO,Deputado Estadual,6,2022
0033,30730,HENRIQUE MAGALHÃES TEIXEIRA,NOVO,Deputado Estadual,1119,2022
0033,30771,ODETE FIORDA,NOVO,Deputado Estadual,0,2022
0033,30777,CRISTIANE PEREIRA MACEDO,NOVO,Deputado Estadual,2,2022
0033,30800,RODRIGO BRUNO NAHAS,NOVO,Deputado Estadual,14,2022
0033,30878,MARCIO ANTONI SANTANA,NOVO,Deputado Estadual,0,2022
0033,30888,VITOR LUIS ARTIOLI KUNDRAT,NOVO,Deputado Estadual,3,2022
0033,30900,JURANDI SOARES GUIMARÃES,NOVO,Deputado Estadual,0,2022
0033,30972,ALEXANDRA DE ABREU,NOVO,Deputado Estadual,12,2022
0033,30987,MAURICIO AGUIAR GIUNTINI,NOVO,Deputado Estadual,0,2022
0033,30999,ANDRÉ LUIZ NAVARRO GARCIA MANZANO,NOVO,Deputado Estadual,3,2022
0033,33000,LUCCAS SANTOS DA CUNHA,PMN,Deputado Estadual,0,2022
0033,33006,PAMELA BARBOSA,PMN,Deputado Estadual,0,2022
0033,33007,SEBASTIÃO DE MESQUITA SILVA,PMN,Deputado Estadual,0,2022
0033,33010,FRANCISCO HORWATH NETO,PMN,Deputado Estadual,0,2022
0033,33017,GABRIELY DE LISIEUX LIMA BARBOSA,PMN,Deputado Estadual,0,2022
0033,33065,ADRIANA COELHO DE OLIVEIRA,PMN,Deputado Estadual,0,2022
0033,33100,PAULO CEZAR XAVIER ALEXANDRE,PMN,Deputado Estadual,0,2022
0033,33105,GENILDO RODRIGUES CASTRO,PMN,Deputado Estadual,0,2022
0033,33111,PATROCÍNIO RAMOS DA CRUZ NETO,PMN,Deputado Estadual,0,2022
0033,33112,GILMAR DIAS PEREIRA,PMN,Deputado Estadual,0,2022
0033,33120,SEBASTIÃO RIBEIRO DA SILVA,PMN,Deputado Estadual,0,2022
0033,33122,LUIZ MARQUES,PMN,Deputado Estadual,0,2022
0033,33123,ERICH DE ANDRES,PMN,Deputado Estadual,0,2022
0033,33133,ALESSANDRA VECCHIO SOBRINHO,PMN,Deputado Estadual,0,2022
0033,33136,AGNALDO ALVES PEREIRA,PMN,Deputado Estadual,0,2022
0033,33144,LUIZ FERNANDO BRASILIENSE,PMN,Deputado Estadual,0,2022
0033,33150,ROSILENE DOS SANTOS,PMN,Deputado Estadual,0,2022
0033,33190,FERNANDO DOS SANTOS CORREA,PMN,Deputado Estadual,0,2022
0033,33193,MARCOS DE OLIVEIRA SAMPAIO,PMN,Deputado Estadual,0,2022
0033,33199,PAULINA ROSA DE SOUZA JACINTO,PMN,Deputado Estadual,0,2022
0033,33222,GERALDO PEREIRA FILHO,PMN,Deputado Estadual,0,2022
0033,33234,IRENILDO ELIAS BARBOSA,PMN,Deputado Estadual,0,2022
0033,33240,IVAN CARLOS CONSTANTINO DE OLIVEIRA,PMN,Deputado Estadual,0,2022
0033,33246,JORGILENE ALVES SILVA,PMN,Deputado Estadual,0,2022
0033,33277,DORALICE SOUZA MATOS FAUSTINO,PMN,Deputado Estadual,0,2022
0033,33290,MÁRCIA LOPES DE ARAUJO,PMN,Deputado Estadual,0,2022
0033,33300,DAVI CICHETTO DE MORAES,PMN,Deputado Estadual,0,2022
0033,33312,MÁRCIA APARECIDA MENDES,PMN,Deputado Estadual,0,2022
0033,33313,SIDNEY MELO DA SILVA,PMN,Deputado Estadual,0,2022
0033,33321,MARCOS KOHLMANN BARBOZA,PMN,Deputado Estadual,0,2022
0033,33322,JÉSSIKA RUSSO MACHADO,PMN,Deputado Estadual,0,2022
0033,33331,MARCELLO MAZÁRIO COSTA,PMN,Deputado Estadual,0,2022
0033,33333,LEANDRA SOARES DOS SANTOS,PMN,Deputado Estadual,0,2022
0033,33334,GISELE CASARIN DA SILVA,PMN,Deputado Estadual,0,2022
0033,33355,ROSÂNGELA HERNANDES AZEVEDO,PMN,Deputado Estadual,0,2022
0033,33366,CÍCERO PEREIRA DO VALE,PMN,Deputado Estadual,0,2022
0033,33377,CELSO DA LUZ GUEDES,PMN,Deputado Estadual,0,2022
0033,33383,JOSÉ DOMINGOS SANTOS RIBEIRO,PMN,Deputado Estadual,0,2022
0033,33400,OSVALDO SANTOS DA SILVA,PMN,Deputado Estadual,0,2022
0033,33422,RAQUEL TOIAN DOS SANTOS,PMN,Deputado Estadual,0,2022
0033,33444,CÍCERO JOSÉ DE GOUVEIA,PMN,Deputado Estadual,0,2022
0033,33456,JOENE HENRIQUES DE FIGUEIREDO,PMN,Deputado Estadual,0,2022
0033,33500,ELIANDRO SILVA DIAS,PMN,Deputado Estadual,0,2022
0033,33536,MANOEL DE SOUSA COELHO JUNIOR,PMN,Deputado Estadual,0,2022
0033,33552,JOSÉ OSÓRIO FILHO,PMN,Deputado Estadual,0,2022
0033,33555,ROBERTO LUIZ DO NASCIMENTO,PMN,Deputado Estadual,0,2022
0033,33581,CLÁUDIO DE OLIVEIRA LEOPOLDO,PMN,Deputado Estadual,0,2022
0033,33606,CLEBER NUNES DOS SANTOS,PMN,Deputado Estadual,0,2022
0033,33666,WILLIAM SILVEIRA MEDEIROS,PMN,Deputado Estadual,0,2022
0033,33699,JOAQUIM ALVES PINHEIRO,PMN,Deputado Estadual,0,2022
0033,33700,DEIDILAN LIANG CORREIA DE SOUZA,PMN,Deputado Estadual,0,2022
0033,33713,MARIA LUCINDA RESENDE,PMN,Deputado Estadual,0,2022
0033,33722,ROSANGELA LOURENÇO BRITO SOUZA,PMN,Deputado Estadual,0,2022
0033,33733,RAIMUNDA GONÇALVES DOS SANTOS,PMN,Deputado Estadual,0,2022
0033,33766,LOURIVAL TORRES,PMN,Deputado Estadual,0,2022
0033,33777,TAIS CRISTINA LOURENÇO DE SOUZA,PMN,Deputado Estadual,0,2022
0033,33789,ANA CLÁUDIA MESQUITA ROCHA,PMN,Deputado Estadual,0,2022
0033,33843,RONALDO SEGALA,PMN,Deputado Estadual,0,2022
0033,33888,CAIO HENRIQUE DA SILVA,PMN,Deputado Estadual,0,2022
0033,33911,WAGNER CARDOSO DE OLIVEIRA,PMN,Deputado Estadual,0,2022
0033,33912,JOSÉ LUIZ ALVES NETO,PMN,Deputado Estadual,0,2022
0033,33933,ANGÉLICA DIAS DA SILVA,PMN,Deputado Estadual,0,2022
0033,33999,MICHAEL RICHARD DE JESUS PEDRO,PMN,Deputado Estadual,0,2022
0033,35000,LAERCIO BENKO LOPES,PMB,Deputado Estadual,5,2022
0033,35001,LUIS ALEXANDRE PINHEIRO,PMB,Deputado Estadual,0,2022
0033,35005,DANILO MARTINS DE OLIVEIRA FRANÇA,PMB,Deputado Estadual,0,2022
0033,35010,IRENIO OLIVEIRA CARDOSO,PMB,Deputado Estadual,1,2022
0033,35016,EDUARDO JOSE CORNELIO DE OLIVEIRA,PMB,Deputado Estadual,5,2022
0033,35019,TIAGO MANOEL CAETANO,PMB,Deputado Estadual,13,2022
0033,35022,ARLINDO PEREIRA FIGUEIREDO JUNIOR,PMB,Deputado Estadual,0,2022
0033,35030,SOFIA BRAGA PALMA,PMB,Deputado Estadual,0,2022
0033,35035,RAFAEL MORENO SOUZA SANTOS,PMB,Deputado Estadual,2,2022
0033,35051,LIGIA MAYUMI FUNAKI,PMB,Deputado Estadual,19,2022
0033,35054,CLEONICE APARECIDA PEREIRA DA SILVA,PMB,Deputado Estadual,0,2022
0033,35059,MARCO ANTONIO SARTI,PMB,Deputado Estadual,0,2022
0033,35077,JULIO CESAR FREITAS ROCHA,PMB,Deputado Estadual,0,2022
0033,35081,MARCOS JOSÉ DO VALLE,PMB,Deputado Estadual,0,2022
0033,35083,EDVAN LIMA BARBOSA,PMB,Deputado Estadual,3,2022
0033,35088,JANAINA BASTOS DE OLIVEIRA,PMB,Deputado Estadual,0,2022
0033,35099,JOÃO DA CONCEIÇÃO SILVA PAP,PMB,Deputado Estadual,6,2022
0033,35100,JOSÉ LUIZ BONITO,PMB,Deputado Estadual,0,2022
0033,35102,JOSÉ RICARDO DA SILVA,PMB,Deputado Estadual,0,2022
0033,35107,ROSEMARA LEANDRO DA SILVA,PMB,Deputado Estadual,0,2022
0033,35111,RICARDO ALEXANDRE ZUPIROLLI,PMB,Deputado Estadual,1,2022
0033,35113,RONALDO ELIAS MARIANO,PMB,Deputado Estadual,0,2022
0033,35119,NIELTON CARVALHO DE MATOS,PMB,Deputado Estadual,0,2022
0033,35121,WILSON DE VASCONCELOS VEIGA,PMB,Deputado Estadual,0,2022
0033,35122,ANDERSON ROGERIO ALVES,PMB,Deputado Estadual,0,2022
0033,35123,DANTE HENRIQUE MANTOVANI,PMB,Deputado Estadual,0,2022
0033,35180,PAULO DE OLIVEIRA ENEAS,PMB,Deputado Estadual,7,2022
0033,35190,REINALDO PEREIRA ZACHARIAS,PMB,Deputado Estadual,2,2022
0033,35191,JOSÉ PEREIRA NETO,PMB,Deputado Estadual,0,2022
0033,35193,ANGELO MARCIO DE JESUS SILVA,PMB,Deputado Estadual,0,2022
0033,35200,NOELMA DE SOUZA RODRIGUES,PMB,Deputado Estadual,0,2022
0033,35221,LUIS JACINTO BARRETO,PMB,Deputado Estadual,0,2022
0033,35222,MARCOS RIBEIRO DA SILVA,PMB,Deputado Estadual,0,2022
0033,35224,FRANCISCO ALVES DE SOUSA,PMB,Deputado Estadual,0,2022
0033,35259,ELAINE CRISTINA PUPE DE MORAIS,PMB,Deputado Estadual,0,2022
0033,35274,MARIA DA CONCEIÇÃO FERNANDES GRANATO,PMB,Deputado Estadual,0,2022
0033,35300,CLEBER VALADÃO ANTUNES,PMB,Deputado Estadual,0,2022
0033,35305,LUIS CARLOS FABIANI,PMB,Deputado Estadual,3,2022
0033,35312,SILAS DA SILVA MOREIRA,PMB,Deputado Estadual,0,2022
0033,35321,VALQUIRIA JUSTINO,PMB,Deputado Estadual,0,2022
0033,35322,KAISON ROBERTO ALVES,PMB,Deputado Estadual,0,2022
0033,35325,ROBERTO FRANCISCO DA SILVA,PMB,Deputado Estadual,0,2022
0033,35330,ADELMACIR DE SOUZA,PMB,Deputado Estadual,0,2022
0033,35333,LUCIANA APARECIDA DE PAULA CARVALHO,PMB,Deputado Estadual,0,2022
0033,35350,VIVIAN FILETO MARTINS DOS SANTOS,PMB,Deputado Estadual,0,2022
0033,35352,FERNANDO LUIS COUTINHO NEVES,PMB,Deputado Estadual,126,2022
0033,35355,MARCIA WALERIA NUNES DE OLIVEIRA DIAS,PMB,Deputado Estadual,0,2022
0033,35360,GILVAN DE ANDRADE GAIA,PMB,Deputado Estadual,1,2022
0033,35361,ADRIANA RANGEL RIBEIRO,PMB,Deputado Estadual,1,2022
0033,35369,ROBERIO DOS SANTOS BENEDITO,PMB,Deputado Estadual,0,2022
0033,35380,REGINALDO DA ROCHA MÁXIMO,PMB,Deputado Estadual,2,2022
0033,35400,WILLIAM DE SOUZA PALMA BOARRETTO,PMB,Deputado Estadual,0,2022
0033,35432,BENEDITO EDELCIO DA SILVA,PMB,Deputado Estadual,0,2022
0033,35444,MARIA ESTELA CAPELETTI DA ROCHA,PMB,Deputado Estadual,0,2022
0033,35447,ANDERSON HENRIQUE PINTO,PMB,Deputado Estadual,0,2022
0033,35450,INGRID DE MENDONÇA RIBEIRO,PMB,Deputado Estadual,0,2022
0033,35469,ERALDO NUNES GALDINO,PMB,Deputado Estadual,0,2022
0033,35474,CASSIO EDUARDO FONSECA,PMB,Deputado Estadual,0,2022
0033,35482,SUELI GUETE AGUIAR,PMB,Deputado Estadual,0,2022
0033,35500,ELIS REGINA NOGUEIRA RODRIGUES,PMB,Deputado Estadual,1,2022
0033,35522,THAISE CARVALHO MIRANDA,PMB,Deputado Estadual,0,2022
0033,35533,JORGE CLAUDIO ANSELMO,PMB,Deputado Estadual,0,2022
0033,35550,DOUGLAS KAJFES GARCIA,PMB,Deputado Estadual,0,2022
0033,35551,ELISANGELA VALINHO QUEIROZ DOS SANTOS,PMB,Deputado Estadual,0,2022
0033,35553,ENEAS SILVA FERREIRA SALES,PMB,Deputado Estadual,0,2022
0033,35554,ALEIXO ANDRE MANOEL NETO,PMB,Deputado Estadual,0,2022
0033,35555,DANILO RIDYER PALMA,PMB,Deputado Estadual,133,2022
0033,35600,CARLOS FERNANDO SERRA DO NASCIMENTO,PMB,Deputado Estadual,0,2022
0033,35622,JULIO AURELIANO DA SILVA,PMB,Deputado Estadual,0,2022
0033,35635,LUIS RENATO PINTO DE OLIVEIRA,PMB,Deputado Estadual,0,2022
0033,35666,DULCINEIA COELHO DA SILVA,PMB,Deputado Estadual,1,2022
0033,35667,FATIMA NASCIMENTO ALEXANDRE,PMB,Deputado Estadual,1,2022
0033,35678,DANIEL RODRIGUES BRANDO,PMB,Deputado Estadual,0,2022
0033,35700,ROGÉRIO MARTINIUC DE OLIVEIRA,PMB,Deputado Estadual,1,2022
0033,35722,ADELINO CASTELLEIRO FILHO,PMB,Deputado Estadual,0,2022
0033,35733,SANTA DA PAIXÃO GOMES DA SILVA,PMB,Deputado Estadual,0,2022
0033,35735,ABEL FELIX CAMPOS NETO,PMB,Deputado Estadual,0,2022
0033,35744,CLAUDIA VALDENIA GOMES MAIA,PMB,Deputado Estadual,0,2022
0033,35777,DALTON TADEU IZZO JUNIOR,PMB,Deputado Estadual,0,2022
0033,35789,VALDIRENE SANTOS DA SILVA,PMB,Deputado Estadual,0,2022
0033,35799,MARTIM VIEIRA FERREIRA,PMB,Deputado Estadual,0,2022
0033,35808,SIMONE SILVA SANTOS DA COSTA,PMB,Deputado Estadual,0,2022
0033,35822,ANA PAULA MELO PETILO,PMB,Deputado Estadual,0,2022
0033,35835,RONALDO GALDINO DOS SANTOS,PMB,Deputado Estadual,0,2022
0033,35885,NORMANDO BARBOSA DE OLIVEIRA,PMB,Deputado Estadual,0,2022
0033,35888,ALESSANDRA ABE,PMB,Deputado Estadual,0,2022
0033,35900,RODRIGO MOLLER,PMB,Deputado Estadual,0,2022
0033,35931,ELIANA SÃO ROQUE MARTINS,PMB,Deputado Estadual,1,2022
0033,35999,ANDERSON GUIMARÃES DE ALMEIDA,PMB,Deputado Estadual,0,2022
0033,36000,SIMONE MARQUES LOPES,AGIR,Deputado Estadual,0,2022
0033,36001,CAMILA CRISTINA BRITO,AGIR,Deputado Estadual,0,2022
0033,36003,JULIANO MERKES,AGIR,Deputado Estadual,0,2022
0033,36004,ALESSANDRO CAMARGO RODRIGUES,AGIR,Deputado Estadual,0,2022
0033,36006,JORGE MOTA DE OLIVEIRA JUNIOR,AGIR,Deputado Estadual,0,2022
0033,36007,DOUGLAS SOLANO DAS NEVES,AGIR,Deputado Estadual,0,2022
0033,36009,SIMONE VANESSA SANTOS DIAZ,AGIR,Deputado Estadual,0,2022
0033,36010,JOEL XAVIER DA SILVA,AGIR,Deputado Estadual,0,2022
0033,36011,ANDREIA TASSIANE ANTONACCI,AGIR,Deputado Estadual,0,2022
0033,36013,JANAINA CRISP GIULIANO CAVALCANTE,AGIR,Deputado Estadual,0,2022
0033,36016,ELIZEU RODRIGUES VARELA,AGIR,Deputado Estadual,0,2022
0033,36017,ALENATO MARTINS VIDAL,AGIR,Deputado Estadual,0,2022
0033,36020,MAURO FRANCISCO DE TOLEDO,AGIR,Deputado Estadual,0,2022
0033,36021,JÉSUA DE LIMA FERREIRA DA SILVA,AGIR,Deputado Estadual,0,2022
0033,36022,ROSIMEIRE SANTOS CESCHINI,AGIR,Deputado Estadual,0,2022
0033,36029,MARIA APARECIDA SANTOS ARAUJO,AGIR,Deputado Estadual,0,2022
0033,36030,JOSE FERNANDES DE OLIVEIRA BARBOSA,AGIR,Deputado Estadual,0,2022
0033,36031,MOÉSIO ALVES CORREIA,AGIR,Deputado Estadual,0,2022
0033,36033,JORGE MOTTA CARNEIRO,AGIR,Deputado Estadual,0,2022
0033,36050,MARIA FERREIRA LIMA,AGIR,Deputado Estadual,0,2022
0033,36051,ELIAS DOS SANTOS BITENCOURT,AGIR,Deputado Estadual,0,2022
0033,36056,PAULO KAZUO DE SOUZA IFUKU,AGIR,Deputado Estadual,0,2022
0033,36061,JOSELITO ALVES DOS SANTOS,AGIR,Deputado Estadual,0,2022
0033,36070,SAULO FAUSTINO,AGIR,Deputado Estadual,0,2022
0033,36075,CARLOS LUIS GUERRA DE LIMA,AGIR,Deputado Estadual,0,2022
0033,36088,MARIA DANIELA NOGUEIRA DONI,AGIR,Deputado Estadual,0,2022
0033,36089,JOSE CARLOS FERREIRA DA SILVA,AGIR,Deputado Estadual,0,2022
0033,36090,MAGNO ALVES DE OLIVEIRA,AGIR,Deputado Estadual,0,2022
0033,36100,SILVIO DO CARMO CAMARGO,AGIR,Deputado Estadual,0,2022
0033,36101,JUCILENE DE JESUS LIMA,AGIR,Deputado Estadual,0,2022
0033,36102,RICARDO BORGES DE OLIVEIRA,AGIR,Deputado Estadual,0,2022
0033,36110,JOAO VIANELLE PINTO,AGIR,Deputado Estadual,0,2022
0033,36111,VALMIR FERREIRA VERAS,AGIR,Deputado Estadual,0,2022
0033,36112,OSEIAS VIEIRA DE SOUSA,AGIR,Deputado Estadual,0,2022
0033,36113,PAULO DONIZETI SAGIO,AGIR,Deputado Estadual,0,2022
0033,36114,EDIVALDA CORDEIRO DE LIMA SILVA,AGIR,Deputado Estadual,0,2022
0033,36117,SILMARA CRISTIANE DA SILVA POMPOLLO,AGIR,Deputado Estadual,0,2022
0033,36125,JOSE CICERO FERREIRA DE LIMA,AGIR,Deputado Estadual,0,2022
0033,36133,LUCIANO MARTINS CRUZ,AGIR,Deputado Estadual,0,2022
0033,36151,EDSON GARCIA,AGIR,Deputado Estadual,0,2022
0033,36175,DERIONERIO OLIVEIRA DE ASSIS,AGIR,Deputado Estadual,0,2022
0033,36177,LUIZ CARLOS DE FREITAS,AGIR,Deputado Estadual,0,2022
0033,36190,ADRIANA SANCHES GALDEANO BORGO,AGIR,Deputado Estadual,0,2022
0033,36193,ALDO ALMEIDA,AGIR,Deputado Estadual,0,2022
0033,36203,ADRIANA SANTOS BARRENHA,AGIR,Deputado Estadual,0,2022
0033,36212,THAMIRES DE OLIVEIRA DAMATTO,AGIR,Deputado Estadual,0,2022
0033,36220,ISMAEL DA SILVA SOUZA,AGIR,Deputado Estadual,0,2022
0033,36222,JOAO BATISTA DE OLIVEIRA,AGIR,Deputado Estadual,0,2022
0033,36228,MARIA CAROLINA DA SILVA TAVARES CRUZ,AGIR,Deputado Estadual,0,2022
0033,36233,EDSON MARCOS DE CARVALHO,AGIR,Deputado Estadual,0,2022
0033,36260,JOSE SILVA LIMA,AGIR,Deputado Estadual,0,2022
0033,36290,MARCOS VINICIUS MOUTA MENDONÇA,AGIR,Deputado Estadual,0,2022
0033,36301,DAILAS RODRIGUES DA SILVA SOARES,AGIR,Deputado Estadual,0,2022
0033,36310,VERA LUCIA APARECIDA ALVES,AGIR,Deputado Estadual,0,2022
0033,36315,WAGNER ALVES DE LIMA,AGIR,Deputado Estadual,0,2022
0033,36322,ANTONIO CARLOS DOS SANTOS,AGIR,Deputado Estadual,0,2022
0033,36333,PAULA NATALEN FARIAS DE MORAES MULLER,AGIR,Deputado Estadual,0,2022
0033,36336,JACQUELINE MARINO FERNANDES DA SILVA,AGIR,Deputado Estadual,0,2022
0033,36358,CARLINHO NASCIMENTO SILVA,AGIR,Deputado Estadual,0,2022
0033,36361,GILMAR VAZ DA ROCHA,AGIR,Deputado Estadual,0,2022
0033,36363,MARCOS LUIZ ABDO DE SIQUEIRA,AGIR,Deputado Estadual,0,2022
0033,36400,JOSEMAR CARLOS DE OLIVEIRA,AGIR,Deputado Estadual,0,2022
0033,36407,LEIA DA SILVA FELISBERTO,AGIR,Deputado Estadual,0,2022
0033,36500,HELENA NOBUCO SUZUKI TAKADACHI,AGIR,Deputado Estadual,0,2022
0033,36541,GENTIL ALVES DOS SANTOS NETO,AGIR,Deputado Estadual,0,2022
0033,36551,NERINALVA SANTOS SANTANA,AGIR,Deputado Estadual,0,2022
0033,36566,PEDRO PAULO DE OLIVEIRA FILHO,AGIR,Deputado Estadual,0,2022
0033,36600,MARCOS DOS SANTOS SENA,AGIR,Deputado Estadual,0,2022
0033,36636,KLEBER ADELIPIO BARROS SANTOS,AGIR,Deputado Estadual,0,2022
0033,36640,UBIRAJARA DE ARAUJO MORAIS,AGIR,Deputado Estadual,0,2022
0033,36661,SÉRGIO MARTINS DA SILVA,AGIR,Deputado Estadual,0,2022
0033,36666,ALEX FABIANO COSTA GARCIA,AGIR,Deputado Estadual,0,2022
0033,36700,FABIANO DA SILVA MONTEIRO,AGIR,Deputado Estadual,0,2022
0033,36712,GISELE CRISTINA DOS SANTOS SILVA,AGIR,Deputado Estadual,0,2022
0033,36779,JOSE DE OLIVEIRA LEME FILHO,AGIR,Deputado Estadual,0,2022
0033,36789,SHIRLEY PALADY CAMBUR,AGIR,Deputado Estadual,0,2022
0033,36820,WILLIANS ROCHA MONTEIRO,AGIR,Deputado Estadual,0,2022
0033,36841,SAMUEL DO CARMO,AGIR,Deputado Estadual,0,2022
0033,36888,CESAR BENEDITO ALVES,AGIR,Deputado Estadual,0,2022
0033,36889,SERGILVAN OLIVEIRA DE BRITO,AGIR,Deputado Estadual,0,2022
0033,36890,JOSE CICERO FERNANDES DA SILVA,AGIR,Deputado Estadual,0,2022
0033,36918,ANA CLAUDIA SEVERINO RIVERA,AGIR,Deputado Estadual,0,2022
0033,36936,HEITOR ROBERTO TOMMASINI,AGIR,Deputado Estadual,0,2022
0033,36960,SALVADOR FERREIRA DA SILVA JUNIOR,AGIR,Deputado Estadual,0,2022
0033,36963,REINALDO MARTINS,AGIR,Deputado Estadual,0,2022
0033,36969,TARCISIO BRUNO GUIDI,AGIR,Deputado Estadual,0,2022
0033,36980,OSNI RAMOS JUNIOR,AGIR,Deputado Estadual,0,2022
0033,36999,DONIZETE APARECIDO FERREIRA,AGIR,Deputado Estadual,0,2022
0033,40000,ANDRÉA WERNER SILVA BONOLI,PSB,Deputado Estadual,343,2022
0033,40001,ISABELA RODAS MESSIAS,PSB,Deputado Estadual,20,2022
0033,40004,ALBERTO ADRIANO DE JESUS,PSB,Deputado Estadual,0,2022
0033,40008,LUIZ JOSÉ TEGAMI,PSB,Deputado Estadual,1,2022
0033,40010,VANDERLEI NERES PEREIRA,PSB,Deputado Estadual,0,2022
0033,40012,TALITA DE LIMA BARBOSA,PSB,Deputado Estadual,14,2022
0033,40013,CELSO DA SILVA,PSB,Deputado Estadual,4,2022
0033,40015,MILTON NERY NETO,PSB,Deputado Estadual,0,2022
0033,40020,GERALDO ANTÔNIO DA NÓBREGA,PSB,Deputado Estadual,0,2022
0033,40021,EDNA PENHA DA SILVA,PSB,Deputado Estadual,0,2022
0033,40022,NATALINO DE JESUS,PSB,Deputado Estadual,1,2022
0033,40026,GERALDO RIBEIRO GUIMARÃES NETO,PSB,Deputado Estadual,1,2022
0033,40040,MAYARA OLIVEIRA TORRES DA SILVA,PSB,Deputado Estadual,13,2022
0033,40044,ELISANDRA PEDROSO FERREIRA,PSB,Deputado Estadual,0,2022
0033,40050,ELVIO FERNANDEZ GONZALEZ,PSB,Deputado Estadual,0,2022
0033,40051,REINALDO RÚBIO RODA,PSB,Deputado Estadual,0,2022
0033,40054,ADRIANO DE OLIVEIRA SILVA DOS SANTOS,PSB,Deputado Estadual,0,2022
0033,40069,COSMO DAMIÃO FREITAS CID,PSB,Deputado Estadual,1,2022
0033,40070,JOSÉ DILSON DAS CHAGAS,PSB,Deputado Estadual,0,2022
0033,40077,EDSON FLORINDO PEREIRA,PSB,Deputado Estadual,10,2022
0033,40095,NILDO SILVESTRE DA SILVA,PSB,Deputado Estadual,0,2022
0033,40096,EDVAN JOSE DOS SANTOS,PSB,Deputado Estadual,2,2022
0033,40111,FÁBIO CESAR FERREIRA,PSB,Deputado Estadual,16,2022
0033,40112,LEIDE MENGATTI,PSB,Deputado Estadual,3,2022
0033,40113,JOSÉ RONALDO GOMES DA SILVA,PSB,Deputado Estadual,0,2022
0033,40120,GABRIEL BELÉM DOS SANTOS,PSB,Deputado Estadual,2,2022
0033,40121,MÁRIO MEDEIROS NETO,PSB,Deputado Estadual,22,2022
0033,40123,CAMILA GODOI DA SILVA RODRIGUES,PSB,Deputado Estadual,19,2022
0033,40128,ANTONIO LAURO CAMPANHA,PSB,Deputado Estadual,0,2022
0033,40133,JOÃO CARLOS CARAMEZ,PSB,Deputado Estadual,7,2022
0033,40134,JOÃO AGUIAR RIBEIRO,PSB,Deputado Estadual,0,2022
0033,40140,EDSON ELIAS KHOURI,PSB,Deputado Estadual,0,2022
0033,40150,EDUARDO NASCIMENTO,PSB,Deputado Estadual,2,2022
0033,40153,LUCAS DE OLIVEIRA CARDOSO,PSB,Deputado Estadual,34,2022
0033,40155,MARIA JOSÉ DA SILVA BEZERRA,PSB,Deputado Estadual,0,2022
0033,40167,GRACE LAINE PINCERATO CARREIRA DINI,PSB,Deputado Estadual,0,2022
0033,40180,JOSÉ APARECIDO ALVES,PSB,Deputado Estadual,1,2022
0033,40185,MARIA SALETE MARINI,PSB,Deputado Estadual,0,2022
0033,40192,LEANDRO ALTRÃO MARTINES,PSB,Deputado Estadual,1,2022
0033,40199,FABIO ADONIS PEREIRA,PSB,Deputado Estadual,0,2022
0033,40200,LUIZ CARLOS SILVA LEMOS,PSB,Deputado Estadual,1,2022
0033,40211,VALDOMIRO LOPES DA SILVA JUNIOR,PSB,Deputado Estadual,5,2022
0033,40222,GABRIELA VARGAS SABINO,PSB,Deputado Estadual,19,2022
0033,40233,POLIANA ALVES FERNANDES PINTO,PSB,Deputado Estadual,0,2022
0033,40234,CLERISTON DOS SANTOS ARAÚJO,PSB,Deputado Estadual,0,2022
0033,40240,JOCELY RAMOS DOS REIS MARCO,PSB,Deputado Estadual,0,2022
0033,40245,CHARLES ROBERTO PAES,PSB,Deputado Estadual,0,2022
0033,40256,EDUARDO LUIZ,PSB,Deputado Estadual,0,2022
0033,40261,MAURICIO MARTINEZ,PSB,Deputado Estadual,0,2022
0033,40300,CARMEN DA SILVA FERREIRA,PSB,Deputado Estadual,76,2022
0033,40303,DAVID SANTANA DA SILVA,PSB,Deputado Estadual,1,2022
0033,40321,ABIDAN HENRIQUE DA SILVA,PSB,Deputado Estadual,14,2022
0033,40333,RAFAEL ZAMPRONIO DA SILVEIRA,PSB,Deputado Estadual,0,2022
0033,40345,ANDERSON FREITAS BARBOSA PASSOS,PSB,Deputado Estadual,0,2022
0033,40377,ALEXANDRE SÓCRATES NAVISKAS,PSB,Deputado Estadual,0,2022
0033,40400,RENATA FALZONI,PSB,Deputado Estadual,136,2022
0033,40404,CAMILA TAPIA ROJAS SEGATO,PSB,Deputado Estadual,6,2022
0033,40412,FERNANDA DE MORAES DA SILVA,PSB,Deputado Estadual,2,2022
0033,40440,CLAUDIO OLIVEIRA DE MESSIAS,PSB,Deputado Estadual,0,2022
0033,40444,JULIANO MALAQUIAS BOTELHO,PSB,Deputado Estadual,0,2022
0033,40445,JOSELI ELVIRA CAVALHEIRO,PSB,Deputado Estadual,0,2022
0033,40456,PERMÍNIO MONTEIRO DA SILVA,PSB,Deputado Estadual,362,2022
0033,40457,LISETE GOMES DAS NEVES,PSB,Deputado Estadual,0,2022
0033,40500,GRAZIELA COSTA LEITE,PSB,Deputado Estadual,4,2022
0033,40505,MARCELO FERREIRA KAWATOKO,PSB,Deputado Estadual,0,2022
0033,40525,WAINES MOREIRA ALVES,PSB,Deputado Estadual,0,2022
0033,40537,FLORDINICE PINHEIRO,PSB,Deputado Estadual,0,2022
0033,40540,LARA EUNICE SANTOS BARBOSA,PSB,Deputado Estadual,0,2022
0033,40555,PEDRO TOMISHIGUE MORI,PSB,Deputado Estadual,0,2022
0033,40570,ANTONIO CARLOS RODRIGUES TEIXEIRA JUNIOR,PSB,Deputado Estadual,1,2022
0033,40577,RODRIGO ALMEIDA PASSOS,PSB,Deputado Estadual,0,2022
0033,40600,ANDRÉA DAS NEVES NERI DE SANTANA,PSB,Deputado Estadual,2,2022
0033,40635,LAÍS HELENA ANTONIO DOS SANTOS ALOISE,PSB,Deputado Estadual,25,2022
0033,40640,CAIO FRANÇA DE GOUVÊA GOMES,PSB,Deputado Estadual,48,2022
0033,40650,CASSIANO ROSADO CORREIA,PSB,Deputado Estadual,0,2022
0033,40656,SÍLVIA ELENA BITTENCOURT,PSB,Deputado Estadual,0,2022
0033,40665,SHIRLEI APARECIDA MOURA DA SILVA,PSB,Deputado Estadual,0,2022
0033,40666,CARLOS ALBERTO ROSSI,PSB,Deputado Estadual,0,2022
0033,40670,ROBERTO MONTEIRO,PSB,Deputado Estadual,0,2022
0033,40690,DOUGLAS AMPARADO CABRAL,PSB,Deputado Estadual,0,2022
0033,40700,ELIAS PEREIRA FREITAS DA SILVA JUNIOR,PSB,Deputado Estadual,2,2022
0033,40717,SUSIMEIRE RIBEIRO DOS SANTOS,PSB,Deputado Estadual,0,2022
0033,40777,PETERSON RUAN AIELLO DO COUTO RAMOS,PSB,Deputado Estadual,4,2022
0033,40789,JOSÉ ANTÔNIO FERREIRA,PSB,Deputado Estadual,8,2022
0033,40813,ALEXANDRE SIMÕES PIMENTEL,PSB,Deputado Estadual,0,2022
0033,40850,RICARDO DE FARIA SILVA,PSB,Deputado Estadual,0,2022
0033,40888,CYNTHIA MICHELS,PSB,Deputado Estadual,7,2022
0033,40900,PAULO CEZAR CONCEIÇÃO QUADROS,PSB,Deputado Estadual,0,2022
0033,40999,ABDULBASET JAROUR,PSB,Deputado Estadual,9,2022
0033,43000,CLAUDIA VISONI,PV,Deputado Estadual,25,2022
0033,43007,MARIA DAS DORES ALVES SILVA,PV,Deputado Estadual,0,2022
0033,43033,THIAGO RODRIGO MARTINS,PV,Deputado Estadual,12,2022
0033,43043,DACIO BERALDO BICUDO,PV,Deputado Estadual,1,2022
0033,43090,JOANA DARQUE DA PAZ,PV,Deputado Estadual,0,2022
0033,43123,WILLDSON MENDES STAHN,PV,Deputado Estadual,34,2022
0033,43190,ANGELO PAULINO DA SILVA,PV,Deputado Estadual,0,2022
0033,43222,CRISTIANE ALEXANDRE MENDES,PV,Deputado Estadual,4,2022
0033,43333,LEONARDO CÉSAR TASSINARI,PV,Deputado Estadual,2,2022
0033,43343,LUISA DA SILVA FERNANDES,PV,Deputado Estadual,0,2022
0033,43430,DONIZETI APARECIDO ALVES FERREIRA,PV,Deputado Estadual,2,2022
0033,43433,RICARDO JOSÉ LEMES,PV,Deputado Estadual,2,2022
0033,43444,ROMILDO DE PINHO CAMPELLO,PV,Deputado Estadual,3,2022
0033,43500,AMILCAR MARCEL DE SOUZA,PV,Deputado Estadual,2,2022
0033,43773,JOEL MOREIRA PASSOS JUNIOR,PV,Deputado Estadual,2,2022
0033,44001,EDSON DE OLIVEIRA GIRIBONI,UNIÃO,Deputado Estadual,27,2022
0033,44002,MARIA INES PINTO DE OLIVEIRA SANTIAGO,UNIÃO,Deputado Estadual,1,2022
0033,44004,ANDERSON REITANO RICARDO,UNIÃO,Deputado Estadual,1,2022
0033,44007,FELIPE SOUZA MURAKAMI DE FRANCO,UNIÃO,Deputado Estadual,113,2022
0033,44008,CESAR ROCHA ANDRADE DA SILVA,UNIÃO,Deputado Estadual,96,2022
0033,44009,FELIPPE LOURENÇO OLIVEIRA COELHO,UNIÃO,Deputado Estadual,0,2022
0033,44011,CARLOS JOSE GASPAR,UNIÃO,Deputado Estadual,0,2022
0033,44014,MYRIAN RAVANELLI SCANDAR KARAM,UNIÃO,Deputado Estadual,2,2022
0033,44016,CLAUDINEI LUIS DA SILVA,UNIÃO,Deputado Estadual,0,2022
0033,44018,DEOMERCE DE SOUZA DAMASCENO,UNIÃO,Deputado Estadual,1,2022
0033,44019,RODRIGO LUIS DE BARROS ALMEIDA,UNIÃO,Deputado Estadual,197,2022
0033,44023,ANA ROSA TEIXEIRA DE ARAUJO,UNIÃO,Deputado Estadual,0,2022
0033,44025,FERNANDO GALVAO MOURA,UNIÃO,Deputado Estadual,31,2022
0033,44033,PAULO NUNES PINHEIRO,UNIÃO,Deputado Estadual,0,2022
0033,44040,OCIMAR DOS REIS OLIVEIRA,UNIÃO,Deputado Estadual,0,2022
0033,44041,SORAIA DOS SANTOS CARNEIRO D EPIRO,UNIÃO,Deputado Estadual,0,2022
0033,44044,SOLANGE CRISTINA DE FREITAS,UNIÃO,Deputado Estadual,23,2022
0033,44045,OSTERLAINE HENRIQUES ALVES,UNIÃO,Deputado Estadual,1,2022
0033,44050,JURACY DA CONCEIÇÃO DOS SANTOS,UNIÃO,Deputado Estadual,0,2022
0033,44054,MARI CRISTINA BIZARI,UNIÃO,Deputado Estadual,1,2022
0033,44055,LAERCIO SANDES DE OLIVEIRA,UNIÃO,Deputado Estadual,0,2022
0033,44070,FABIO DUARTE JOANA,UNIÃO,Deputado Estadual,2,2022
0033,44077,RAFAEL SARAIVA GAIA,UNIÃO,Deputado Estadual,129,2022
0033,44080,ELIANA PAULA CARETI,UNIÃO,Deputado Estadual,0,2022
0033,44081,AUGUSTO CÉSAR CORREA NETO,UNIÃO,Deputado Estadual,1,2022
0033,44100,VITOR ABOU ANNI,UNIÃO,Deputado Estadual,5,2022
0033,44110,HELIO VIEIRA MALHEIROS JUNIOR,UNIÃO,Deputado Estadual,2,2022
0033,44111,DANIEL BEZERRA RIBEIRO SOARES,UNIÃO,Deputado Estadual,52,2022
0033,44118,EDMIR JOSE ABI CHEDID,UNIÃO,Deputado Estadual,107,2022
0033,44122,JOSE ALDO DEMARCHI,UNIÃO,Deputado Estadual,14,2022
0033,44123,OLIVIO AUGUSTO FREITAS CHAVES,UNIÃO,Deputado Estadual,0,2022
0033,44125,JOAO BATISTA DO PRADO,UNIÃO,Deputado Estadual,0,2022
0033,44127,CAMILA GRASIELE SANGREGORIO SOARES,UNIÃO,Deputado Estadual,0,2022
0033,44130,LETICIA CRISTINA DA SILVA,UNIÃO,Deputado Estadual,0,2022
0033,44140,THIAGO VERONICO DE FREITAS,UNIÃO,Deputado Estadual,0,2022
0033,44144,RONALDO FORMIGAO,UNIÃO,Deputado Estadual,0,2022
0033,44150,GISELE APARECIDA DA SILVA RAMOS,UNIÃO,Deputado Estadual,0,2022
0033,44155,FERNANDA ALVES DA SILVA,UNIÃO,Deputado Estadual,1,2022
0033,44156,ALINE CARBALLO TEIXEIRA,UNIÃO,Deputado Estadual,8,2022
0033,44171,JAQUELINE MONTEIRO DE CARVALHO BARRETO,UNIÃO,Deputado Estadual,0,2022
0033,44190,ADMILSON DE SOUZA,UNIÃO,Deputado Estadual,13,2022
0033,44193,BENEDITO ROBERTO MEIRA,UNIÃO,Deputado Estadual,1,2022
0033,44200,RENATO DA SILVA GOIS,UNIÃO,Deputado Estadual,0,2022
0033,44220,ANDRE CRISTHIANO CAYRES RIBEIRO,UNIÃO,Deputado Estadual,31,2022
0033,44222,JORGE TADEU MUDALEN,UNIÃO,Deputado Estadual,4,2022
0033,44234,LUIZ OTAVIO DA SILVA,UNIÃO,Deputado Estadual,0,2022
0033,44250,MILTON LEITE DA SILVA FILHO,UNIÃO,Deputado Estadual,13,2022
0033,44300,GILBERTO DANIEL JUNIOR,UNIÃO,Deputado Estadual,6,2022
0033,44321,RAFAELA KOBAL FERNANDES DE CARVALHO,UNIÃO,Deputado Estadual,1,2022
0033,44333,AMANDA VETTORAZZO CARNEIRO,UNIÃO,Deputado Estadual,153,2022
0033,44345,REINALDO BRIGIDO DE SOUSA,UNIÃO,Deputado Estadual,0,2022
0033,44350,MARCIA LENTZ,UNIÃO,Deputado Estadual,0,2022
0033,44363,TANIA CRISTINA FRUCHI,UNIÃO,Deputado Estadual,9,2022
0033,44400,RAFAEL ELIAS MACHADO PEREIRA ANTUNES,UNIÃO,Deputado Estadual,3,2022
0033,44411,LEANDRO CALDEIRA NAVA,UNIÃO,Deputado Estadual,1,2022
0033,44422,SIDELI DA SILVA LOPES,UNIÃO,Deputado Estadual,1,2022
0033,44433,MARCELO FUSCO,UNIÃO,Deputado Estadual,0,2022
0033,44440,JUAREZ PEREIRA DA SILVA,UNIÃO,Deputado Estadual,1,2022
0033,44441,LUIZ CLAUDIO VENANCIO ALVES,UNIÃO,Deputado Estadual,1,2022
0033,44444,MARIA HELENA PASINI PEDROSO PETERNELLI,UNIÃO,Deputado Estadual,25,2022
0033,44445,JOAO BATISTA ROCHA,UNIÃO,Deputado Estadual,1,2022
0033,44447,JUAN RAMON SOTO,UNIÃO,Deputado Estadual,0,2022
0033,44450,FLAVIA MENDES GOMES,UNIÃO,Deputado Estadual,5,2022
0033,44451,EDEMIR DE MELO,UNIÃO,Deputado Estadual,0,2022
0033,44456,FERNANDO HENRIQUE CURY,UNIÃO,Deputado Estadual,8,2022
0033,44470,WERMESON PEREIRA DA SILVA,UNIÃO,Deputado Estadual,0,2022
0033,44477,MISAEL ARAUJO RODRIGUES DA SILVA,UNIÃO,Deputado Estadual,0,2022
0033,44500,CARLOS LOTHAR KAUTZA,UNIÃO,Deputado Estadual,4,2022
0033,44532,LUCAS MÁXIMO DE JESUS,UNIÃO,Deputado Estadual,0,2022
0033,44544,MAURICIO MENNA BARRETO GASPARINI,UNIÃO,Deputado Estadual,5,2022
0033,44550,HUMBERTO YUDI WATANABE,UNIÃO,Deputado Estadual,2,2022
0033,44556,GILVANIA MEDEIROS DE OLIVEIRA,UNIÃO,Deputado Estadual,1,2022
0033,44557,SERGIO DE PAULA REIS FILHO,UNIÃO,Deputado Estadual,0,2022
0033,44560,NELMA APARECIDA ANDRADE SOUZA,UNIÃO,Deputado Estadual,0,2022
0033,44567,AGLIBERTO DO SOCORRO CHAGAS,UNIÃO,Deputado Estadual,6,2022
0033,44600,MARCOS FERNANDO PORTELLA FONTES,UNIÃO,Deputado Estadual,0,2022
0033,44611,VIVIANE DOS SANTOS SILVA CASAMASSA,UNIÃO,Deputado Estadual,0,2022
0033,44644,RODRIGO CESAR REGORAO VERONEZI,UNIÃO,Deputado Estadual,0,2022
0033,44662,ANGELA DONATIELLO LOPES,UNIÃO,Deputado Estadual,0,2022
0033,44678,DONILZETE JOSÉ SOARES,UNIÃO,Deputado Estadual,0,2022
0033,44700,LUIZ CARLOS GONDIM TEIXEIRA,UNIÃO,Deputado Estadual,3,2022
0033,44705,ROLGACIANO FERNANDES ALMEIDA,UNIÃO,Deputado Estadual,0,2022
0033,44707,BENEDITO DE VITTO JUNIOR,UNIÃO,Deputado Estadual,0,2022
0033,44744,ADRIANA CRISTINA SGRIGNEIRO NUNES,UNIÃO,Deputado Estadual,3,2022
0033,44767,CECILIA CLAUDINO GOMES DO AMARAL PEREIRA,UNIÃO,Deputado Estadual,0,2022
0033,44770,ADENILSON PEREIRA DE AMORIM,UNIÃO,Deputado Estadual,0,2022
0033,44777,AUGUSTO ZACARIAS CORREA LEITE,UNIÃO,Deputado Estadual,236,2022
0033,44789,JOÃO DA SILVA FILHO,UNIÃO,Deputado Estadual,0,2022
0033,44800,JAQUELINE DA SILVA LIRA ARRUDA,UNIÃO,Deputado Estadual,0,2022
0033,44852,CICERO APARECIDO DE MELO,UNIÃO,Deputado Estadual,0,2022
0033,44888,WALTER MARTINS JUNIOR,UNIÃO,Deputado Estadual,2,2022
0033,44900,MARCUS LEVY ANDRADE ACOSTA,UNIÃO,Deputado Estadual,5,2022
0033,44944,RUBENS LOBATO PINHEIRO NETO,UNIÃO,Deputado Estadual,2,2022
0033,44999,RENATO DE SOUZA BATTISTA,UNIÃO,Deputado Estadual,94,2022
0033,45000,BRUNA DIAS FURLAN VICENTE,PSDB,Deputado Estadual,47,2022
0033,45002,IVONE FERNANDES DIAS DO NASCIMENTO,PSDB,Deputado Estadual,0,2022
0033,45007,DOMINGOS COSTA MINÉZIO GALLÉ,PSDB,Deputado Estadual,0,2022
0033,45011,FAOUAZ TAHA,PSDB,Deputado Estadual,15,2022
0033,45012,EDGARD TAKASHI SASAKI,PSDB,Deputado Estadual,3,2022
0033,45019,ISABEL CRISTINA DA SILVA MARCELINO VIEIRA,PSDB,Deputado Estadual,1,2022
0033,45040,FLÁVIO SPINUCCI JUNIOR,PSDB,Deputado Estadual,1,2022
0033,45045,ISRAEL ALEXANDRE DE SOUZA,PSDB,Deputado Estadual,19,2022
0033,45055,CAROLINA RIBEIRO FREITAS,PSDB,Deputado Estadual,0,2022
0033,45059,EDSON ROBERTO PARRON,PSDB,Deputado Estadual,0,2022
0033,45088,RENE VLADEMIR BLOTA JUNIOR,PSDB,Deputado Estadual,0,2022
0033,45100,CARLOS ALESSANDRO FRANCO BORRO DE MATOS,PSDB,Deputado Estadual,2,2022
0033,45111,MACIEL DOS SANTOS ROCHA,PSDB,Deputado Estadual,10,2022
0033,45114,MARIA LUCIA CARDOSO PINTO AMARY,PSDB,Deputado Estadual,13,2022
0033,45116,SILVANO SALES PEIXOTO,PSDB,Deputado Estadual,0,2022
0033,45122,ALESSANDRA VIEIRA DE CAMARGO TELES,PSDB,Deputado Estadual,11,2022
0033,45123,ROGERIO NOGUEIRA LOPES CRUZ,PSDB,Deputado Estadual,102,2022
0033,45125,MAURO BRAGATO,PSDB,Deputado Estadual,4,2022
0033,45145,GIOVANNA GUIMARÃES TRIPOLI VON USLAR,PSDB,Deputado Estadual,19,2022
0033,45150,DANIELLE SANTOS SILVA,PSDB,Deputado Estadual,1,2022
0033,45151,JOSÉ BERNARDO ORTIZ MONTEIRO JÚNIOR,PSDB,Deputado Estadual,12,2022
0033,45180,PATRÍCIA GAMA DE QUADROS BEZERRA,PSDB,Deputado Estadual,21,2022
0033,45192,DULCE RITA CHAVES DE ANDRADE DABKIWICZ,PSDB,Deputado Estadual,3,2022
0033,45200,CÉLIA CAMARGO LEÃO EDELMUTH,PSDB,Deputado Estadual,1142,2022
0033,45219,JULIO CESAR DE OLIVEIRA,PSDB,Deputado Estadual,1,2022
0033,45222,ANDRÉ GASPARINI SPADARO,PSDB,Deputado Estadual,19,2022
0033,45232,CARLOS EDUARDO PIGNATARI,PSDB,Deputado Estadual,16,2022
0033,45240,VANDERLEI BORGES DE CARVALHO,PSDB,Deputado Estadual,14,2022
0033,45245,DAMARIS DIAS MOURA KUO,PSDB,Deputado Estadual,43,2022
0033,45321,RAFAEL POSTIGO MAZZALI,PSDB,Deputado Estadual,1,2022
0033,45345,EDILZA DE SOUSA MATSUSHITA,PSDB,Deputado Estadual,1,2022
0033,45377,SERGIO OLIVETTI JACOMINI,PSDB,Deputado Estadual,0,2022
0033,45400,ANALICE FERNANDES,PSDB,Deputado Estadual,21,2022
0033,45444,DANIEL HENRIQUE SILVA BASSI,PSDB,Deputado Estadual,4,2022
0033,45445,JOSÉ CARLOS CARRASCOSA DOS SANTOS,PSDB,Deputado Estadual,4,2022
0033,45450,ADRIANO BEDORE,PSDB,Deputado Estadual,1,2022
0033,45451,CARLOS CESAR ARCOLINO,PSDB,Deputado Estadual,1,2022
0033,45452,LEILA BEDANI FERREIRA,PSDB,Deputado Estadual,13,2022
0033,45453,ANA KEYLA SILVA SANTIAGO,PSDB,Deputado Estadual,2,2022
0033,45454,RENATO PUPO DE PAULA,PSDB,Deputado Estadual,7,2022
0033,45455,ALEXANDRE RIBEIRO MUSTAFA,PSDB,Deputado Estadual,6,2022
0033,45456,SARITA DE SOUZA GREGORIO,PSDB,Deputado Estadual,0,2022
0033,45500,DÉBORA MARCONDES SILVA FERRARESI,PSDB,Deputado Estadual,2,2022
0033,45545,JOSE ANTONIO BARROS MUNHOZ,PSDB,Deputado Estadual,55,2022
0033,45555,PEDRO MOTOITIRO KAWAI,PSDB,Deputado Estadual,10,2022
0033,45575,DINACI FERREIRA OLEAN,PSDB,Deputado Estadual,0,2022
0033,45600,ESTANISLAU MATIAS BARROS,PSDB,Deputado Estadual,0,2022
0033,45617,ANDRE LUIS ANCHÃO BRAGA,PSDB,Deputado Estadual,4,2022
0033,45622,VONG IEK LEONG,PSDB,Deputado Estadual,0,2022
0033,45647,FRANCISCO PEREIRA LIMA,PSDB,Deputado Estadual,1,2022
0033,45663,NATALINO ANTONIO DA SILVA,PSDB,Deputado Estadual,0,2022
0033,45666,ANA CRISTINA ALVES,PSDB,Deputado Estadual,2,2022
0033,45678,LUIZ HENRIQUE CIRILO,PSDB,Deputado Estadual,965,2022
0033,45680,CARLA SARDANO MORANDO,PSDB,Deputado Estadual,25,2022
0033,45688,ERIKA TEREZA COITINHO AFFONSO,PSDB,Deputado Estadual,0,2022
0033,45745,MARCO AURÉLIO GOMES DOS SANTOS,PSDB,Deputado Estadual,2,2022
0033,45777,ALEXANDRE FROTA DE ANDRADE,PSDB,Deputado Estadual,30,2022
0033,45780,MARCOS ANTONIO ZERBINI,PSDB,Deputado Estadual,3,2022
0033,45789,VINICIUS ALMEIDA CAMARINHA,PSDB,Deputado Estadual,13,2022
0033,45800,MARCOS ANTÔNIO DE SOUZA,PSDB,Deputado Estadual,6,2022
0033,45845,NELSA FLORINDA DE QUEIROZ METZLER,PSDB,Deputado Estadual,0,2022
0033,45888,ADALBERTO GODOY FREITAS,PSDB,Deputado Estadual,7,2022
0033,50000,PAULA NUNES DOS SANTOS,PSOL,Deputado Estadual,672,2022
0033,50001,CLAUDIA APARECIDA DE MELLO MONTANARI,PSOL,Deputado Estadual,2,2022
0033,50002,JOEFERSON FACCIN JOSÉ DE ALMEIDA,PSOL,Deputado Estadual,1,2022
0033,50005,GUILHERME DA COSTA AGUIAR CORTEZ,PSOL,Deputado Estadual,110,2022
0033,50007,JASPE LOPES BASTOS,PSOL,Deputado Estadual,5,2022
0033,50008,CINTIA VANESSA GOMES,PSOL,Deputado Estadual,16,2022
0033,50009,DENISE FERNANDES DE SOUZA PANTALEÃO,PSOL,Deputado Estadual,1,2022
0033,50010,ÉRIKA FERNANDA CÂNDIDO,PSOL,Deputado Estadual,5,2022
0033,50011,MARIANA FELIX SANTOS,PSOL,Deputado Estadual,17,2022
0033,50012,JÉSSICA MARQUES RIBEIRO,PSOL,Deputado Estadual,3,2022
0033,50013,ALDENIR DIAS DOS SANTOS,PSOL,Deputado Estadual,9,2022
0033,50014,CÁTIA DOS SANTOS MACHADO,PSOL,Deputado Estadual,0,2022
0033,50015,CLEBER DA SILVA,PSOL,Deputado Estadual,0,2022
0033,50018,MATHEUS LEMES MARTINS DE ASSIS,PSOL,Deputado Estadual,0,2022
0033,50019,VINÍCIUS ROSA RODRIGUES,PSOL,Deputado Estadual,1,2022
0033,50020,JULIO CEZAR DE ANDRADE,PSOL,Deputado Estadual,9,2022
0033,50033,REGINA CÉLIA GONÇALVES DOS SANTOS,PSOL,Deputado Estadual,5,2022
0033,50043,RODRIGO DA SILVA BANDINI,PSOL,Deputado Estadual,0,2022
0033,50050,INÊS PAZ,PSOL,Deputado Estadual,1,2022
0033,50075,ANA CLAUDIA SILVA MIELKE,PSOL,Deputado Estadual,23,2022
0033,50085,GERALDO DO NASCIMENTO,PSOL,Deputado Estadual,0,2022
0033,50088,JACI SABINA DE LIMA MATTOS,PSOL,Deputado Estadual,1,2022
0033,50099,VALDOMIRO MARQUES,PSOL,Deputado Estadual,1,2022
0033,50100,MARIANA CONTI TAKAHASHI,PSOL,Deputado Estadual,2146,2022
0033,50110,EDIANE MARIA DO NASCIMENTO,PSOL,Deputado Estadual,392,2022
0033,50111,DANILO PRISEAJNIUC BIFONE,PSOL,Deputado Estadual,4,2022
0033,50112,LEANDRO ROMEO PECCEQUILLO FREIRE,PSOL,Deputado Estadual,1,2022
0033,50113,CLAUDIO BENVINDO BARBOSA,PSOL,Deputado Estadual,0,2022
0033,50123,RICARDO ALVAREZ,PSOL,Deputado Estadual,5,2022
0033,50130,ALINE CATARINE GONDIM,PSOL,Deputado Estadual,0,2022
0033,50133,MARCELO REINA SILIANO,PSOL,Deputado Estadual,3,2022
0033,50150,MARIA APARECIDA AIRES DA SILVA,PSOL,Deputado Estadual,1,2022
0033,50157,DARCI RAMOS VITÓRIO,PSOL,Deputado Estadual,0,2022
0033,50160,DIEGO WEIDEMANN RACHE VITELLO,PSOL,Deputado Estadual,0,2022
0033,50175,MARIA DE JESUS BUENO DA SILVA,PSOL,Deputado Estadual,0,2022
0033,50180,THALITA DE ALMEIDA TAVARES,PSOL,Deputado Estadual,5,2022
0033,50200,AILTON AMARAL DOS SANTOS,PSOL,Deputado Estadual,2,2022
0033,50222,SUZETE CHAFFIN,PSOL,Deputado Estadual,2,2022
0033,50300,KEITCHELE LIMA DA SILVA,PSOL,Deputado Estadual,93,2022
0033,50321,BRUNA CHAMAS BIONDI,PSOL,Deputado Estadual,3,2022
0033,50333,ALBA SOLANGE CHALITA DA SILVA,PSOL,Deputado Estadual,0,2022
0033,50400,PRISCILLA BERNARDES AIRES PEDROSA,PSOL,Deputado Estadual,0,2022
0033,50420,FERNANDO TAVARES ARAÚJO DA SILVA,PSOL,Deputado Estadual,22,2022
0033,50444,ROSIVALDO DE JESUS SANTOS,PSOL,Deputado Estadual,0,2022
0033,50456,ADRIANA SCANAVEZ DOS SANTOS,PSOL,Deputado Estadual,109,2022
0033,50500,DÉBORA ALVES CAMILO,PSOL,Deputado Estadual,29,2022
0033,50501,DJALMA NERY FERREIRA NETO,PSOL,Deputado Estadual,28,2022
0033,50513,RONALDO RODRIGUES DOS SANTOS,PSOL,Deputado Estadual,0,2022
0033,50517,ELIEZER ALMEIDA GUIMARÃES,PSOL,Deputado Estadual,0,2022
0033,50522,CHIRLEY MARIA DE SOUZA ALMEIDA SANTOS,PSOL,Deputado Estadual,113,2022
0033,50550,RAUL MARCELO DE SOUZA,PSOL,Deputado Estadual,27,2022
0033,50555,RAMON FERNANDES FAUSTINO,PSOL,Deputado Estadual,2,2022
0033,50563,ENOC MANOEL DE SANTANA,PSOL,Deputado Estadual,0,2022
0033,50567,LUIZ GUEDES DE ALENCAR JUNIOR,PSOL,Deputado Estadual,0,2022
0033,50580,JOSÉ DE RIBAMAR DA SILVA PASSOS,PSOL,Deputado Estadual,2,2022
0033,50600,EDMILSON SOUZA SANTOS,PSOL,Deputado Estadual,0,2022
0033,50650,ANTONIO BIAGIO VESPOLI,PSOL,Deputado Estadual,9,2022
0033,50666,MARIA HELENA DE CARVALHO,PSOL,Deputado Estadual,1,2022
0033,50700,NEON DOS AFONSO CUNHA,PSOL,Deputado Estadual,122,2022
0033,50750,JOSÉ CARLOS SILVA,PSOL,Deputado Estadual,2,2022
0033,50777,PAULO ROBERTO BUFALO,PSOL,Deputado Estadual,405,2022
0033,50789,CARLOS ALBERTO GIANNASI,PSOL,Deputado Estadual,507,2022
0033,50800,JUVENIL BATISTA LOPES,PSOL,Deputado Estadual,1,2022
0033,50850,MARCELO DOS SANTOS ROLDAN,PSOL,Deputado Estadual,0,2022
0033,50888,JUSTINO DIOGO DOS SANTOS,PSOL,Deputado Estadual,2,2022
0033,50900,MÔNICA CRISTINA SEIXAS BONFIM,PSOL,Deputado Estadual,234,2022
0033,50999,DÉBORA CRISTIANE FIRMO DORIA,PSOL,Deputado Estadual,3,2022
0033,51000,LUIS CLAUDIO LAPENA BARRETO,PATRIOTA,Deputado Estadual,9,2022
0033,51001,ANDRÉ LUIZ GALHARDO JOÃO,PATRIOTA,Deputado Estadual,0,2022
0033,51002,VANIL ALVES DOS SANTOS,PATRIOTA,Deputado Estadual,0,2022
0033,51003,RENATO DE SOUZA OLIVEIRA,PATRIOTA,Deputado Estadual,12,2022
0033,51005,SAMUEL DOS SANTOS,PATRIOTA,Deputado Estadual,0,2022
0033,51006,ANDREIA PEREIRA FERRAZ,PATRIOTA,Deputado Estadual,9,2022
0033,51007,CLAUDIO SEBASTIÃO AGUIAR,PATRIOTA,Deputado Estadual,0,2022
0033,51008,EDMILSON ALVES DA SILVA,PATRIOTA,Deputado Estadual,0,2022
0033,51009,RODRIGO SALOMÃO JUNQUEIRA,PATRIOTA,Deputado Estadual,0,2022
0033,51010,OSVALDO DA SILVA LOBEIRO MACHADO,PATRIOTA,Deputado Estadual,1,2022
0033,51011,INES REGINA SCISCI MACIEL,PATRIOTA,Deputado Estadual,54,2022
0033,51013,MÁRCIA DE FÁTIMA MORAIS,PATRIOTA,Deputado Estadual,2,2022
0033,51017,GETULIO ALEGRE DOS SANTOS,PATRIOTA,Deputado Estadual,0,2022
0033,51020,WALDENIR CHAGA FILHO,PATRIOTA,Deputado Estadual,0,2022
0033,51022,MARISTELA TRINDADE,PATRIOTA,Deputado Estadual,0,2022
0033,51023,FABIANA APARECIDA BRITO ERNANE,PATRIOTA,Deputado Estadual,6,2022
0033,51033,DEOCLÉCIO KAWAHATA PLACCO,PATRIOTA,Deputado Estadual,0,2022
0033,51050,CARLOS ROBERTO TOLEDO,PATRIOTA,Deputado Estadual,38,2022
0033,51051,EVERTON LUIZ FERNANDES SODARIO RAIMUNDO,PATRIOTA,Deputado Estadual,40,2022
0033,51070,SÔNIA DAS GRAÇAS RIBEIRO SILVEIRA,PATRIOTA,Deputado Estadual,0,2022
0033,51100,BRIAN VANDERSON FERREIRA LEME,PATRIOTA,Deputado Estadual,0,2022
0033,51101,SÔNIA MARIA FERRAZ DE MOURA,PATRIOTA,Deputado Estadual,1,2022
0033,51107,JOSE ALCY PINHEIRO SUBRINHO,PATRIOTA,Deputado Estadual,0,2022
0033,51111,ADEMIR WELLITON DE OLIVEIRA,PATRIOTA,Deputado Estadual,1,2022
0033,51122,RENAN MARINO,PATRIOTA,Deputado Estadual,0,2022
0033,51123,ANDREA SEIXAS,PATRIOTA,Deputado Estadual,0,2022
0033,51132,FRANCISLEY ILDECIR RODRIGUES,PATRIOTA,Deputado Estadual,2,2022
0033,51133,NELSON PEDRO ROJA JUNIOR,PATRIOTA,Deputado Estadual,7,2022
0033,51144,SOLANGE GUAPYASSU,PATRIOTA,Deputado Estadual,0,2022
0033,51150,ODAIR DE MOURA E SILVA,PATRIOTA,Deputado Estadual,4,2022
0033,51151,ROSANE REZENDE LEANDRO,PATRIOTA,Deputado Estadual,0,2022
0033,51155,MARCOS ANDRE DE OLIVEIRA,PATRIOTA,Deputado Estadual,2,2022
0033,51188,RENATA GOUVEA,PATRIOTA,Deputado Estadual,0,2022
0033,51190,RUBENS CLÁUDIO SIQUEIRA NERI,PATRIOTA,Deputado Estadual,2,2022
0033,51200,ALAINE SILVA SOUZA SANTOS,PATRIOTA,Deputado Estadual,1,2022
0033,51210,EQUIMARCILIAS DE SOUZA FREIRE,PATRIOTA,Deputado Estadual,0,2022
0033,51221,SUSANA DAS NEVES,PATRIOTA,Deputado Estadual,0,2022
0033,51222,SANDRA DELMIRO DE LIMA GABRIEL,PATRIOTA,Deputado Estadual,0,2022
0033,51231,MARCIO DE PAULA PINHEIRO,PATRIOTA,Deputado Estadual,0,2022
0033,51233,RONALDO AUGUSTO BRETAS MARZAGÃO JUNIOR,PATRIOTA,Deputado Estadual,2,2022
0033,51234,RICARDO ROCHA DE OLIVEIRA,PATRIOTA,Deputado Estadual,0,2022
0033,51235,FABIO MARTINS BELARMINO,PATRIOTA,Deputado Estadual,0,2022
0033,51236,BRUNO LOPES ROVAI,PATRIOTA,Deputado Estadual,46,2022
0033,51250,JOSE BENTO DE JESUS,PATRIOTA,Deputado Estadual,0,2022
0033,51280,MONIZ JOSE BIELAWSKI RIBEIRO,PATRIOTA,Deputado Estadual,0,2022
0033,51300,ZELINDA DRAGO,PATRIOTA,Deputado Estadual,3,2022
0033,51321,EDUARDO DIAS DE BRITO,PATRIOTA,Deputado Estadual,0,2022
0033,51332,MÁRCIA CRISTINA DA SILVA,PATRIOTA,Deputado Estadual,1,2022
0033,51333,ANA PAULA CARVALHO BEATHALTER,PATRIOTA,Deputado Estadual,1,2022
0033,51349,JOSE ALAOR FERNANDES ROSSI,PATRIOTA,Deputado Estadual,0,2022
0033,51350,ADRIANA NOGUEIRA DO PRADO,PATRIOTA,Deputado Estadual,0,2022
0033,51351,FRANCISCO ANTONIO DA SILVA,PATRIOTA,Deputado Estadual,1,2022
0033,51360,TAILANDIA FERNANDES SOARES PAIXÃO,PATRIOTA,Deputado Estadual,0,2022
0033,51400,MARCIA VALÉRIA JACINTHO AZEVEDO,PATRIOTA,Deputado Estadual,0,2022
0033,51444,RUI ALVES BRUM JUNIOR,PATRIOTA,Deputado Estadual,0,2022
0033,51447,CARLOS ALBERTO FABRINI,PATRIOTA,Deputado Estadual,2,2022
0033,51451,FERNANDO HENRIQUE GOMES DA SILVA,PATRIOTA,Deputado Estadual,0,2022
0033,51455,MARCOS CORDEIRO DE SOUSA CHAVES,PATRIOTA,Deputado Estadual,0,2022
0033,51500,MARIA ALICE FERNANDES MOSTARDINHA,PATRIOTA,Deputado Estadual,0,2022
0033,51510,ROGÉRIO SILVA DE SOUZA,PATRIOTA,Deputado Estadual,5,2022
0033,51511,ARAFETH ALI HUSSEIN NASREDDINE,PATRIOTA,Deputado Estadual,0,2022
0033,51525,FERNANDO FERREIRA DE QUEIROZ,PATRIOTA,Deputado Estadual,0,2022
0033,51533,ALEX SANDRO BENTO FERNANDES,PATRIOTA,Deputado Estadual,0,2022
0033,51545,JORGE DE JESUS OLIVEIRA,PATRIOTA,Deputado Estadual,0,2022
0033,51551,PATRICIA ANDALAFT FREIRE,PATRIOTA,Deputado Estadual,2,2022
0033,51555,ANTONIO CÍCERO FERREIRA DE ARAUJO,PATRIOTA,Deputado Estadual,0,2022
0033,51556,LUIZ CARLOS DO ESPÍRITO SANTO,PATRIOTA,Deputado Estadual,5,2022
0033,51566,ELIANA CRISTINA DA SILVA PASCON,PATRIOTA,Deputado Estadual,0,2022
0033,51600,PEDRO ELES DA SILVA,PATRIOTA,Deputado Estadual,0,2022
0033,51622,DAVI BENEDITO DOS SANTOS,PATRIOTA,Deputado Estadual,0,2022
0033,51666,ANGELA GISELDA RUSSO PUCCIA DE LIMA,PATRIOTA,Deputado Estadual,1,2022
0033,51700,DILSO PANTALEÃO MANZANO,PATRIOTA,Deputado Estadual,0,2022
0033,51773,EMÍLIO CARPANEZ FILHO,PATRIOTA,Deputado Estadual,0,2022
0033,51777,CLEBER BROCH,PATRIOTA,Deputado Estadual,5,2022
0033,51800,EDUARDO APARECIDO ALEIXO,PATRIOTA,Deputado Estadual,0,2022
0033,51880,ERNESTO ANTONIO MATTOS,PATRIOTA,Deputado Estadual,0,2022
0033,51888,PATRÍCIA MAGDA GIRO LOBO BELLI,PATRIOTA,Deputado Estadual,0,2022
0033,51900,JOÃO TEIXEIRA JUNIOR,PATRIOTA,Deputado Estadual,0,2022
0033,51911,MAURÍCIO SOUZA DOS REIS,PATRIOTA,Deputado Estadual,0,2022
0033,51965,EDILEIDE SILVA,PATRIOTA,Deputado Estadual,0,2022
0033,51999,GIRLENIO GOMES DE OLIVEIRA,PATRIOTA,Deputado Estadual,3,2022
0033,55000,ROBERTA MARIA GONÇALVES FRANCESCHI BOTION,PSD,Deputado Estadual,9,2022
0033,55001,ROGÉRIO SILVA PEDRO,PSD,Deputado Estadual,2,2022
0033,55005,MIRTES GONÇALVES QUEIROZ,PSD,Deputado Estadual,3,2022
0033,55007,FLÁVIA REGINA ROMANI,PSD,Deputado Estadual,0,2022
0033,55008,WAGNER SEQUIN,PSD,Deputado Estadual,0,2022
0033,55009,HUMBERTO YUTAKA NAKAMURA,PSD,Deputado Estadual,0,2022
0033,55011,PAULA FONSECA ESTEVES,PSD,Deputado Estadual,1,2022
0033,55015,DECIO MARMIROLLI,PSD,Deputado Estadual,11,2022
0033,55022,ANDRÉ LUIZ PREVIATO KODJAOGLANIAN,PSD,Deputado Estadual,9,2022
0033,55025,CLAUDIA URIAS,PSD,Deputado Estadual,0,2022
0033,55030,AUGUSTO DOS REIS FERREIRA,PSD,Deputado Estadual,4,2022
0033,55033,MARIA CONSTANTINO EMIDIO,PSD,Deputado Estadual,18,2022
0033,55040,MARCELO ALVES DE CARVALHO ALMEIDA,PSD,Deputado Estadual,5,2022
0033,55044,CARLOS EDUARDO UTUARI,PSD,Deputado Estadual,0,2022
0033,55050,ALINE NOVAIS,PSD,Deputado Estadual,2,2022
0033,55055,CAROLINE STEINMETZ,PSD,Deputado Estadual,14,2022
0033,55077,LAURA HIROMI KAMIA,PSD,Deputado Estadual,4,2022
0033,55089,MAURO DA SILVA OLIVEIRA,PSD,Deputado Estadual,0,2022
0033,55090,ANTONIO EDUARDO DOS SANTOS,PSD,Deputado Estadual,0,2022
0033,55100,JANDER CAVALCANTI DE LIRA,PSD,Deputado Estadual,3,2022
0033,55101,FRANCISCO DA COSTA NETO,PSD,Deputado Estadual,12,2022
0033,55111,CICERO JOÃO DA SILVA,PSD,Deputado Estadual,3,2022
0033,55116,TEREZINHA DE AQUINO,PSD,Deputado Estadual,0,2022
0033,55121,ANTÔNIO EMÍDIO DE MORAIS,PSD,Deputado Estadual,0,2022
0033,55122,ANTONIO DE SOUSA RAMALHO,PSD,Deputado Estadual,0,2022
0033,55123,RAFAEL ANTONIO DA SILVA,PSD,Deputado Estadual,13,2022
0033,55135,JULIANA SOARES DE PAULA,PSD,Deputado Estadual,0,2022
0033,55177,VERA LUCIA MENDES DA SILVA,PSD,Deputado Estadual,0,2022
0033,55190,SÉRGIO DE MOURA CAVALCANTI,PSD,Deputado Estadual,39,2022
0033,55191,EDSON GOMES DA ROCHA,PSD,Deputado Estadual,0,2022
0033,55195,EDIVALDO BENÍCIO,PSD,Deputado Estadual,4,2022
0033,55200,JOSÉ GARRIS DEL VALLE,PSD,Deputado Estadual,0,2022
0033,55212,CAROLINA ANGELELLI,PSD,Deputado Estadual,0,2022
0033,55222,RAUL VICENTINI,PSD,Deputado Estadual,13,2022
0033,55234,CHUKWUEMEKA UJOR,PSD,Deputado Estadual,0,2022
0033,55240,PRISCILA BRUNETTO DE ARAUJO,PSD,Deputado Estadual,0,2022
0033,55250,JOSIAS JOSE DO NASCIMENTO,PSD,Deputado Estadual,0,2022
0033,55255,CARLOS ANTONIO VILELA,PSD,Deputado Estadual,0,2022
0033,55300,VALÉRIA APARECIDA COSTA TORRES,PSD,Deputado Estadual,17,2022
0033,55331,EDINALVA NUNES DE JESUS,PSD,Deputado Estadual,0,2022
0033,55333,ROMILDO VIRGÍNIO DOS SANTOS,PSD,Deputado Estadual,2,2022
0033,55355,IRENILDE APARECIDA JULIANI DA SILVA,PSD,Deputado Estadual,1,2022
0033,55400,MARTA MARIA FREIRE DA COSTA,PSD,Deputado Estadual,161,2022
0033,55450,NEIMAR DE ALMEIDA ORTIZ,PSD,Deputado Estadual,0,2022
0033,55455,JOSÉ CARLOS TREVENZOLLI FILHO,PSD,Deputado Estadual,21,2022
0033,55456,EFANEU NOLASCO GODINHO,PSD,Deputado Estadual,7,2022
0033,55505,PATRICIA APARECIDA ROSSI,PSD,Deputado Estadual,1,2022
0033,55511,ANDRE PEREIRA DE MEDEIROS,PSD,Deputado Estadual,0,2022
0033,55522,CLAUDIO CESAR SILVA APOLINARIO,PSD,Deputado Estadual,3,2022
0033,55523,LUIS ANTONIO PANONE,PSD,Deputado Estadual,2,2022
0033,55534,JOSÉ CARLOS ROSSI,PSD,Deputado Estadual,2,2022
0033,55550,RENATO SABINO COLOMBANO,PSD,Deputado Estadual,0,2022
0033,55555,HELIO BRESSAN,PSD,Deputado Estadual,15,2022
0033,55599,LUIS TADEO GIMENES,PSD,Deputado Estadual,0,2022
0033,55600,LUIZ FERNANDO PIVA CRUZ,PSD,Deputado Estadual,1,2022
0033,55654,JUVENIL DE ALMEIDA SILVERIO,PSD,Deputado Estadual,3,2022
0033,55655,ARTUR CASSEB ORSI,PSD,Deputado Estadual,2532,2022
0033,55678,RAIMUNDO FERNANDES DE PAIVA,PSD,Deputado Estadual,1,2022
0033,55699,PAULO ALVES CORRÊA JUNIOR,PSD,Deputado Estadual,4,2022
0033,55700,ANDRÉA PAROLIN PAVANI PERINOTI,PSD,Deputado Estadual,0,2022
0033,55755,FERNANDO LUCCHESI ANTUNES DE OLIVEIRA,PSD,Deputado Estadual,2,2022
0033,55777,OSEIAS SANTOS DA SILVA,PSD,Deputado Estadual,50,2022
0033,55789,NÚBIA CRISTINA SILVÉRIO,PSD,Deputado Estadual,0,2022
0033,55790,ALEXANDRO DE ARAÚJO,PSD,Deputado Estadual,0,2022
0033,55800,LUCIANO RODRIGUES DE AQUINO,PSD,Deputado Estadual,0,2022
0033,55844,JOSE CARLOS ADAO,PSD,Deputado Estadual,0,2022
0033,55855,VANILDA APARECIDA PEREIRA DA SILVA,PSD,Deputado Estadual,0,2022
0033,55888,SÔNIA REGINA RODRIGUES MÓDENA,PSD,Deputado Estadual,9,2022
0033,55999,SILVIA ELIANA PALMA,PSD,Deputado Estadual,5,2022
0033,65000,EWERTON DA SILVA CARVALHO,PC do B,Deputado Estadual,19,2022
0033,65010,MARCOS JESUS DOS SANTOS,PC do B,Deputado Estadual,6,2022
0033,65012,GERSON BARBOSA DE SOUSA,PC do B,Deputado Estadual,0,2022
0033,65013,ROZANA FONSECA BARROSO DA SILVA,PC do B,Deputado Estadual,11,2022
0033,65035,LECI BRANDÃO DA SILVA,PC do B,Deputado Estadual,184,2022
0033,65123,PEDRO ANTONIO BIGARDI,PC do B,Deputado Estadual,13,2022
0033,65180,CARINA VITRAL COSTA,PC do B,Deputado Estadual,30,2022
0033,65300,MARIANA NUNES DE MOURA SOUZA,PC do B,Deputado Estadual,49,2022
0033,65333,RODRIGO FIRMINO ROMÃO,PC do B,Deputado Estadual,0,2022
0033,65400,KEILA PEREIRA FRANCISCO,PC do B,Deputado Estadual,0,2022
0033,65555,WAGNER CIPRIANO ARAUJO,PC do B,Deputado Estadual,11,2022
0033,65656,MARCIA REGINA QUINTANILHA,PC do B,Deputado Estadual,187,2022
0033,65658,FRANCISCA PEREIRA DA ROCHA SEIXAS,PC do B,Deputado Estadual,4,2022
0033,65777,SAMUEL EUZÉBIO DE OLIVEIRA,PC do B,Deputado Estadual,1,2022
0033,65789,RENÉ VICENTE DOS SANTOS,PC do B,Deputado Estadual,0,2022
0033,70000,DAVI PIRES BATISTA,AVANTE,Deputado Estadual,0,2022
0033,70001,JEAN CARLOS HERZOGENRATH DE BRITO,AVANTE,Deputado Estadual,0,2022
0033,70003,DONATO DOS SANTOS SILVA,AVANTE,Deputado Estadual,0,2022
0033,70005,VANIA MAIA DOS REIS,AVANTE,Deputado Estadual,0,2022
0033,70007,LEANDRO VIEIRA DE LIMA,AVANTE,Deputado Estadual,0,2022
0033,70008,CARLOS EDUARDO PLACUCCI,AVANTE,Deputado Estadual,0,2022
0033,70010,FRANCISCA QUELINDEJARA VASCONCELOS SOBIESKI,AVANTE,Deputado Estadual,0,2022
0033,70012,CARLOS ALBERTO DA FONSECA,AVANTE,Deputado Estadual,0,2022
0033,70013,MICHELE NOVAES CANDIDO,AVANTE,Deputado Estadual,0,2022
0033,70014,WILLAMS FERNANDES DA SILVA,AVANTE,Deputado Estadual,0,2022
0033,70016,RAPHAEL GOZUEN CAMARGO,AVANTE,Deputado Estadual,0,2022
0033,70017,ELIETE DE MIRANDA MACHADO,AVANTE,Deputado Estadual,0,2022
0033,70020,NELSON MERRWELVELSON FERREIRA E SOUZA,AVANTE,Deputado Estadual,0,2022
0033,70021,GERALDO FERREIRA COSTA FILHO,AVANTE,Deputado Estadual,0,2022
0033,70022,ISRAEL BEZERRA DA SILVA,AVANTE,Deputado Estadual,0,2022
0033,70029,LOREDANA NOCITO SALAMONE,AVANTE,Deputado Estadual,0,2022
0033,70033,FRANCISCA ROSANA MONTANHER,AVANTE,Deputado Estadual,0,2022
0033,70040,PASCOAL DOS SANTOS LIMA,AVANTE,Deputado Estadual,0,2022
0033,70050,JURANDIR FERREIRA SILVA,AVANTE,Deputado Estadual,0,2022
0033,70070,WALDECK RODRIGUES DE MORAES,AVANTE,Deputado Estadual,0,2022
0033,70077,LUCIANO COSTA OLIVAN,AVANTE,Deputado Estadual,0,2022
0033,70088,KELLY VESCO MOZZONE,AVANTE,Deputado Estadual,0,2022
0033,70090,MARIA JULIANA PATRÍCIA DA COSTA,AVANTE,Deputado Estadual,0,2022
0033,70100,VALDENOR DE JESUS GONÇALVES FONSECA,AVANTE,Deputado Estadual,0,2022
0033,70110,NADIA AGUIAR SILVA LIMA,AVANTE,Deputado Estadual,0,2022
0033,70111,LUCIANO ZACCHIA DE ARAUJO,AVANTE,Deputado Estadual,0,2022
0033,70113,MARIA DAS MERCES CANDIDA DE ARAUJO,AVANTE,Deputado Estadual,0,2022
0033,70120,FABIO FEREZINI,AVANTE,Deputado Estadual,0,2022
0033,70123,MÁRCIO ROGÉRIO DIAS,AVANTE,Deputado Estadual,0,2022
0033,70127,MARCOS TIAGO DOS SANTOS NUNES,AVANTE,Deputado Estadual,0,2022
0033,70130,TANIA DAS NEVES BELO,AVANTE,Deputado Estadual,0,2022
0033,70140,ANTONIO CARLOS DE CAMPOS MACHADO,AVANTE,Deputado Estadual,0,2022
0033,70141,ZENIA PEREIRA DE ANDRADE SOUSA,AVANTE,Deputado Estadual,0,2022
0033,70142,TIRSO DOS SANTOS JUNIOR,AVANTE,Deputado Estadual,0,2022
0033,70145,PAULA CRISTINA LOURENÇO,AVANTE,Deputado Estadual,0,2022
0033,70150,MARCELO AUGUSTO MARTINS COUBASSIER,AVANTE,Deputado Estadual,0,2022
0033,70156,JOSANGELA SILVEIRA MELO,AVANTE,Deputado Estadual,0,2022
0033,70160,ROQUE BARBIERE,AVANTE,Deputado Estadual,0,2022
0033,70170,LUIZ DE SOUSA CHAGAS,AVANTE,Deputado Estadual,0,2022
0033,70177,RITA DE CASSIA RAMOS ORIGUELLA,AVANTE,Deputado Estadual,0,2022
0033,70180,SANDRA DAMASCENO NUNES DE MIRANDA,AVANTE,Deputado Estadual,0,2022
0033,70190,KARINA CARLA DA SILVA,AVANTE,Deputado Estadual,0,2022
0033,70192,WILSON DOS SANTOS JÚNIOR,AVANTE,Deputado Estadual,0,2022
0033,70200,FRANCISCO MARCOS IRAN AQUINO ROLIM,AVANTE,Deputado Estadual,0,2022
0033,70202,SERGIO RAMOS ROBERTO,AVANTE,Deputado Estadual,0,2022
0033,70222,SERGIO UZUM JUNIOR,AVANTE,Deputado Estadual,0,2022
0033,70233,BOAVENTURA PEREIRA SANTOS,AVANTE,Deputado Estadual,0,2022
0033,70234,JUSSIMARA NUNES DE JESUS,AVANTE,Deputado Estadual,0,2022
0033,70270,DAVID CRISTIAN DE OLIVEIRA,AVANTE,Deputado Estadual,0,2022
0033,70300,MATIAS GERALDO MUNIZ,AVANTE,Deputado Estadual,0,2022
0033,70313,GILMAR BORGES DE ALMEIDA,AVANTE,Deputado Estadual,0,2022
0033,70321,JOSÉ AMARO DA SILVA,AVANTE,Deputado Estadual,0,2022
0033,70333,MÁRIO COROCHEL NETO,AVANTE,Deputado Estadual,0,2022
0033,70345,ADRIANA SOUZA DOS SANTOS PEREIRA,AVANTE,Deputado Estadual,0,2022
0033,70369,PEDRO ADERSON FURTADO SOARES,AVANTE,Deputado Estadual,0,2022
0033,70400,JOÃO VANE CAVALCANTI REIS,AVANTE,Deputado Estadual,0,2022
0033,70440,JONEIDE GOMES LOPES,AVANTE,Deputado Estadual,0,2022
0033,70444,OZÉIAS BATISTA DOS SANTOS,AVANTE,Deputado Estadual,0,2022
0033,70456,LUZIA MARIA VIDICA CÂNDIDO,AVANTE,Deputado Estadual,0,2022
0033,70470,WALNEY ARAUJO DA SILVEIRA,AVANTE,Deputado Estadual,0,2022
0033,70555,RENATA APARECIDA MORAIS DE VASCONCELOS,AVANTE,Deputado Estadual,0,2022
0033,70567,ADONAI DOS SANTOS SOARES JÚNIOR,AVANTE,Deputado Estadual,0,2022
0033,70570,PAULO SÉRGIO SILVESTRE,AVANTE,Deputado Estadual,0,2022
0033,70600,ALEXANDRE CHICHURRA,AVANTE,Deputado Estadual,0,2022
0033,70677,ROGÉRIO MACIEL MONTEIRO JUNIOR,AVANTE,Deputado Estadual,0,2022
0033,70700,MORGANA SIQUEIRA,AVANTE,Deputado Estadual,0,2022
0033,70707,LUCINEIA DOS SANTOS,AVANTE,Deputado Estadual,0,2022
0033,70709,JORGE SAMPAIO DA SILVA,AVANTE,Deputado Estadual,0,2022
0033,70717,LUCIANA VEIGA DE PAULA,AVANTE,Deputado Estadual,0,2022
0033,70730,LAELSON DA PAZ DE OLIVEIRA,AVANTE,Deputado Estadual,0,2022
0033,70740,ALINE FELIPE SOARES CARVALHO,AVANTE,Deputado Estadual,0,2022
0033,70770,ANTONIO GILBERTO DA SILVA,AVANTE,Deputado Estadual,0,2022
0033,70775,ANTONIO CONSTANTINO OLIVEIRA,AVANTE,Deputado Estadual,0,2022
0033,70777,WALTER CAVEANHA,AVANTE,Deputado Estadual,0,2022
0033,70778,JOSENILDO JOSE DE OLIVEIRA,AVANTE,Deputado Estadual,0,2022
0033,70789,PAULO CALADO FARIAS,AVANTE,Deputado Estadual,0,2022
0033,70800,DONIZETE NATAL PONTES,AVANTE,Deputado Estadual,0,2022
0033,70840,LUIZ ANTONIO CIRINO,AVANTE,Deputado Estadual,0,2022
0033,70888,OSWALDO LUIZ RODRIGUES DE OLIVEIRA,AVANTE,Deputado Estadual,0,2022
0033,70900,JORGE DURAN GONÇALEZ,AVANTE,Deputado Estadual,0,2022
0033,70930,NILSON DE OLIVEIRA VALIM,AVANTE,Deputado Estadual,0,2022
0033,70940,RICARDO DIAS,AVANTE,Deputado Estadual,0,2022
0033,70950,SERGIO WAGNER LOCATELLI,AVANTE,Deputado Estadual,0,2022
0033,70960,SILVIA DOS REIS,AVANTE,Deputado Estadual,0,2022
0033,70970,KARINA CRISTINA DE OLIVEIRA SILVA SOARES,AVANTE,Deputado Estadual,0,2022
0033,70977,JOSÉ LUIZ DE LIMA,AVANTE,Deputado Estadual,0,2022
0033,70987,EDNEI APARECIDO VALENCIO,AVANTE,Deputado Estadual,0,2022
0033,70988,ROBSON CRISTIANO DE SOUZA,AVANTE,Deputado Estadual,0,2022
0033,70990,ELAINE CRISTINA RODRIGUES,AVANTE,Deputado Estadual,0,2022
0033,70999,HANGELBRT PIRES SOARES,AVANTE,Deputado Estadual,0,2022
0033,77000,ÁTILA CESAR MONTEIRO JACOMUSSI,SOLIDARIEDADE,Deputado Estadual,1,2022
0033,77001,DAVID DOS REIS RODRIGUES SABACIANSKIS,SOLIDARIEDADE,Deputado Estadual,0,2022
0033,77002,VALDINEIA MEIRA MOTA,SOLIDARIEDADE,Deputado Estadual,0,2022
0033,77003,CRISTIANO ALEXANDRE DA SILVA,SOLIDARIEDADE,Deputado Estadual,0,2022
0033,77007,RICARDO DE SOUZA GENOVEZ,SOLIDARIEDADE,Deputado Estadual,0,2022
0033,77008,PAULO MACHADO DA SILVA,SOLIDARIEDADE,Deputado Estadual,0,2022
0033,77010,JONES DONIZETTE SOBRINHO,SOLIDARIEDADE,Deputado Estadual,10,2022
0033,77040,ADILSON DE SOUZA ROCHA,SOLIDARIEDADE,Deputado Estadual,111,2022
0033,77048,ADENILDES ALVES ROCHA,SOLIDARIEDADE,Deputado Estadual,0,2022
0033,77055,FABIANO RUEDA AMORIM,SOLIDARIEDADE,Deputado Estadual,0,2022
0033,77059,ELLEN CRISTINA DE MORAES,SOLIDARIEDADE,Deputado Estadual,0,2022
0033,77073,ALEXANDRA DOS SANTOS MOTA,SOLIDARIEDADE,Deputado Estadual,0,2022
0033,77077,VALDOMIRO NUNES DE QUEIROZ,SOLIDARIEDADE,Deputado Estadual,1,2022
0033,77088,CAIO ALEXANDRE RAMOS FORCEL,SOLIDARIEDADE,Deputado Estadual,0,2022
0033,77111,ELI CORREIA DE MELO,SOLIDARIEDADE,Deputado Estadual,0,2022
0033,77123,VANDERLEY CAVALCANTE DA SILVA,SOLIDARIEDADE,Deputado Estadual,3,2022
0033,77126,ALAN EDUARDO DE PAULA,SOLIDARIEDADE,Deputado Estadual,0,2022
0033,77134,MARIA GORETE DA SILVA,SOLIDARIEDADE,Deputado Estadual,0,2022
0033,77147,GEORGES HABIB JARROUGE,SOLIDARIEDADE,Deputado Estadual,0,2022
0033,77154,FLORISA BATISTA DE ALMEIDA,SOLIDARIEDADE,Deputado Estadual,0,2022
0033,77156,GERALDO NUNES REIS,SOLIDARIEDADE,Deputado Estadual,0,2022
0033,77177,EDSON MUNIS,SOLIDARIEDADE,Deputado Estadual,2,2022
0033,77192,AGNALDO PISCOPO,SOLIDARIEDADE,Deputado Estadual,23,2022
0033,77200,MARISSOL APARECIDA DA SILVA BARROS,SOLIDARIEDADE,Deputado Estadual,0,2022
0033,77215,DEBORA MEIKO IKEJIRI,SOLIDARIEDADE,Deputado Estadual,0,2022
0033,77222,LUCIANO BATISTA,SOLIDARIEDADE,Deputado Estadual,0,2022
0033,77234,JOSE MARIA FELIX,SOLIDARIEDADE,Deputado Estadual,0,2022
0033,77241,MARIA DE LOURDES DO NASCIMENTO NUNES,SOLIDARIEDADE,Deputado Estadual,0,2022
0033,77250,BRIGIDA CAIRES DINARDI,SOLIDARIEDADE,Deputado Estadual,0,2022
0033,77300,GLACIMERE BRITTO DE OLIVEIRA PIMENTA,SOLIDARIEDADE,Deputado Estadual,4,2022
0033,77332,VALDIR SOARES DE ALBUQUERQUE,SOLIDARIEDADE,Deputado Estadual,0,2022
0033,77345,WILLIAM CLEMENTE CORREA,SOLIDARIEDADE,Deputado Estadual,0,2022
0033,77400,LUIZ CARLOS DE MORAES,SOLIDARIEDADE,Deputado Estadual,1,2022
0033,77444,EDSON NASCIMENTO DE OLIVEIRA,SOLIDARIEDADE,Deputado Estadual,0,2022
0033,77458,ANDERSON MARTINS SALGADO,SOLIDARIEDADE,Deputado Estadual,0,2022
0033,77510,ANTONIO ALBERTO DOS REIS,SOLIDARIEDADE,Deputado Estadual,0,2022
0033,77513,JOSÉ ALVIM FILHO,SOLIDARIEDADE,Deputado Estadual,0,2022
0033,77550,BRUNO LUCIANO MEIRA MARTINS,SOLIDARIEDADE,Deputado Estadual,1,2022
0033,77555,MARCELO GOUVEIA NASCIMENTO,SOLIDARIEDADE,Deputado Estadual,0,2022
0033,77566,JAMIL AKIO ONO,SOLIDARIEDADE,Deputado Estadual,9,2022
0033,77567,LAERTE VANDERLEY CORNELIO,SOLIDARIEDADE,Deputado Estadual,0,2022
0033,77577,LUCIMARA SILVEIRA MANHA,SOLIDARIEDADE,Deputado Estadual,0,2022
0033,77600,VALDIR DE ALVARENGA,SOLIDARIEDADE,Deputado Estadual,0,2022
0033,77654,ROBSON ALEXANDRE DE OLIVEIRA,SOLIDARIEDADE,Deputado Estadual,0,2022
0033,77677,VALQUIRO MARTINS BOMFIM,SOLIDARIEDADE,Deputado Estadual,0,2022
0033,77678,ISRAEL SAMPAIO DE LACERDA FILHO,SOLIDARIEDADE,Deputado Estadual,0,2022
0033,77700,LUCAS DE OLIVEIRA,SOLIDARIEDADE,Deputado Estadual,0,2022
0033,77707,ALESSANDRA JULIO PAES,SOLIDARIEDADE,Deputado Estadual,0,2022
0033,77710,RENATA TEODORO DA FONSECA,SOLIDARIEDADE,Deputado Estadual,0,2022
0033,77715,LUIZ CARLOS MAGESTO,SOLIDARIEDADE,Deputado Estadual,0,2022
0033,77724,ANDREIA MARQUETE PASSOS,SOLIDARIEDADE,Deputado Estadual,0,2022
0033,77737,NEZINHO GONÇALVES NUNES,SOLIDARIEDADE,Deputado Estadual,0,2022
0033,77744,EDUARDO SILVA NICOLAU DE SOUZA,SOLIDARIEDADE,Deputado Estadual,0,2022
0033,77747,MAURA DA SILVA BUENO SANTOS,SOLIDARIEDADE,Deputado Estadual,0,2022
0033,77757,JORGE JERONIMO TEIXEIRA DOS SANTOS,SOLIDARIEDADE,Deputado Estadual,0,2022
0033,77770,REGINA DE MATOS COELHO NOGUEIRA,SOLIDARIEDADE,Deputado Estadual,0,2022
0033,77771,TELMA MARIA CARDIA,SOLIDARIEDADE,Deputado Estadual,13,2022
0033,77772,ANA IMACULADA VALERIO,SOLIDARIEDADE,Deputado Estadual,0,2022
0033,77777,ALEXANDRE PEREIRA DA SILVA,SOLIDARIEDADE,Deputado Estadual,23,2022
0033,77787,SÉTIMA MARIA VIEIRA DE ARAUJO,SOLIDARIEDADE,Deputado Estadual,0,2022
0033,77788,HERY WALDIR KATTWINKEL JUNIOR,SOLIDARIEDADE,Deputado Estadual,3,2022
0033,77789,RUBENS DE SOUZA,SOLIDARIEDADE,Deputado Estadual,0,2022
0033,77800,ADENILTON FERREIRA DA SILVA,SOLIDARIEDADE,Deputado Estadual,0,2022
0033,77808,MICHELLE SCOASSADO,SOLIDARIEDADE,Deputado Estadual,0,2022
0033,77880,MARIA NILVA SEVERINO GONÇALVES,SOLIDARIEDADE,Deputado Estadual,0,2022
0033,77888,CARLOS AUGUSTO DOS SANTOS,SOLIDARIEDADE,Deputado Estadual,23,2022
0033,77890,THIAGO FERREIRA ZANI,SOLIDARIEDADE,Deputado Estadual,0,2022
0033,77970,RAIMUNDO LUSTOZA LUCAS,SOLIDARIEDADE,Deputado Estadual,0,2022
0033,77997,MOISES JULIANO MONTIEL,SOLIDARIEDADE,Deputado Estadual,0,2022
0033,77999,LUCIANO APARECIDO MORENO,SOLIDARIEDADE,Deputado Estadual,0,2022
0033,80000,LIGIA MENDES DA SILVA,UP,Deputado Estadual,34,2022
0033,80080,JOÃO GABRIEL COELHO,UP,Deputado Estadual,0,2022
0033,80123,AMANDA OLIVEIRA BISPO,UP,Deputado Estadual,29,2022
0033,90000,NEZIO ANTONIO MONTEIRO FILHO,PROS,Deputado Estadual,0,2022
0033,90005,WELLISSON WESLEY CANDIDO PEIXOTO,PROS,Deputado Estadual,0,2022
0033,90007,ARJUNA DE HUR FRAGA DE ASSUNÇÃO,PROS,Deputado Estadual,0,2022
0033,90009,JOSE CARLOS RICARDO,PROS,Deputado Estadual,0,2022
0033,90011,LUIZ AUGUSTO ROMANI DE OLIVEIRA,PROS,Deputado Estadual,0,2022
0033,90013,ERISVALDO DE SOUSA AGUIAR,PROS,Deputado Estadual,0,2022
0033,90014,ÁKILA SEVERO DE AZEVEDO,PROS,Deputado Estadual,0,2022
0033,90020,EDUARDO JOAQUIM DE OLIVEIRA,PROS,Deputado Estadual,0,2022
0033,90022,CHRISTINA MASSIS DELLA TORRE LEMES,PROS,Deputado Estadual,0,2022
0033,90025,MICHEL CAETANO DE ALBUQUERQUE,PROS,Deputado Estadual,0,2022
0033,90033,MARIA DA GLORIA IBARRA DOS REIS,PROS,Deputado Estadual,0,2022
0033,90050,EDSON MORO JUNIOR,PROS,Deputado Estadual,0,2022
0033,90090,NESTOR FERREIRA DOS SANTOS,PROS,Deputado Estadual,0,2022
0033,90100,CARLOS ALBERTO DE ZAGOTTIS SAAD,PROS,Deputado Estadual,0,2022
0033,90111,ANILTON HERCULINO DOS SANTOS,PROS,Deputado Estadual,0,2022
0033,90123,ALEXANDRE EUGENIO BATISTA,PROS,Deputado Estadual,0,2022
0033,90160,MARJORIE HOSANA CAMARGO MONTEIRO,PROS,Deputado Estadual,0,2022
0033,90192,MARILUCI FELICIANO DE OLIVEIRA GUEDES,PROS,Deputado Estadual,0,2022
0033,90193,IVANISE MARIA DE SOUSA GIAMPAGLIA,PROS,Deputado Estadual,0,2022
0033,90198,LEANDRO CALDAS DE CASTRO,PROS,Deputado Estadual,0,2022
0033,90199,CARLOS AUGUSTO PEREIRA COSTA,PROS,Deputado Estadual,0,2022
0033,90200,OSVALDY MARTINS,PROS,Deputado Estadual,0,2022
0033,90202,ENZO LEONARDO SUZIN MOMENTI,PROS,Deputado Estadual,0,2022
0033,90222,IRANILDO DANTAS,PROS,Deputado Estadual,0,2022
0033,90258,CELSO RICARDO DE MOURA,PROS,Deputado Estadual,0,2022
0033,90300,ARLINDO DE OLIVEIRA CAMARGO,PROS,Deputado Estadual,0,2022
0033,90318,WAGNER IRINEU DA SILVA,PROS,Deputado Estadual,0,2022
0033,90321,JOSÉ IVANILDO MARINHO PINHEIRO,PROS,Deputado Estadual,0,2022
0033,90334,NEILTON LISBOA DOS SANTOS,PROS,Deputado Estadual,0,2022
0033,90354,LUCAS MARCOLINO CORTEZ DOS SANTOS,PROS,Deputado Estadual,0,2022
0033,90454,GERALDO CARDOSO DE JESUS,PROS,Deputado Estadual,0,2022
0033,90478,AMARINILDA JOSÉ CUSTÓDIO,PROS,Deputado Estadual,0,2022
0033,90480,NEIVA ANTONIA MARTINS MARQUES,PROS,Deputado Estadual,0,2022
0033,90500,JOÃO BOSCO LOURENÇO,PROS,Deputado Estadual,0,2022
0033,90533,LUIS CARLOS MESSIAS,PROS,Deputado Estadual,0,2022
0033,90555,JEFFERSON DE JESUS NOGUEIRA,PROS,Deputado Estadual,0,2022
0033,90557,ANTONIO AGNALDO DOS SANTOS,PROS,Deputado Estadual,0,2022
0033,90567,PÂMELA ZÉLIA PAN TONIOLO,PROS,Deputado Estadual,0,2022
0033,90590,DEBORA CRISTINA DA MOTA,PROS,Deputado Estadual,0,2022
0033,90600,VICTOR GUATELLI CAVALCANTE,PROS,Deputado Estadual,0,2022
0033,90666,EBION PEREIRA DA COSTA,PROS,Deputado Estadual,0,2022
0033,90675,ANTONIO LUCIANO DO ROSARIO BARBOSA,PROS,Deputado Estadual,0,2022
0033,90700,MARCIA CRISTINA DOS SANTOS VENTURINI,PROS,Deputado Estadual,0,2022
0033,90707,RAPHAEL DIAS FERNANDES NETO,PROS,Deputado Estadual,0,2022
0033,90722,PAULO JOSE GONÇALVES,PROS,Deputado Estadual,0,2022
0033,90789,ADÃO DA SILVA,PROS,Deputado Estadual,0,2022
0033,90800,GLORIAMAR JACINTHO,PROS,Deputado Estadual,0,2022
0033,90828,ANNE VITORIA DIAS MOTA,PROS,Deputado Estadual,0,2022
0033,90888,HAMILTON ALVES FERNANDES,PROS,Deputado Estadual,0,2022
0033,90889,WALMIR CHARLEAUX BLANCO ESTEVES,PROS,Deputado Estadual,0,2022
0033,90900,AMANDA LIMA DIAS,PROS,Deputado Estadual,0,2022
0033,90901,VIVIANE DA SILVA FERNANDES DE LIMA,PROS,Deputado Estadual,0,2022
0033,90905,CAROLINA CASSACA NOEL,PROS,Deputado Estadual,0,2022
0033,90912,ELENICE MARIA DE OLIVEIRA,PROS,Deputado Estadual,0,2022
0033,90913,ANETE DÁLIA SEABRA SAMPAIO DE SOUZA,PROS,Deputado Estadual,0,2022
0033,90919,BENJAMIN NOEL,PROS,Deputado Estadual,0,2022
0033,90922,ALEX CANUTO DE SÁ CUNHA,PROS,Deputado Estadual,0,2022
0033,90988,PAULO CAINE DOS SANTOS SILVA,PROS,Deputado Estadual,0,2022
0033,90999,RICARDO PELISSARO LOQUETE,PROS,Deputado Estadual,0,2022
0274,10000,JORGE WILSON GONÇALVES DE MATTOS,REPUBLICANOS,Deputado Estadual,143,2022
0274,10001,RALFI RAFAEL DA SILVA,REPUBLICANOS,Deputado Estadual,11,2022
0274,10003,HELIO GERALDO RAMOS JUNIOR,REPUBLICANOS,Deputado Estadual,1,2022
0274,10007,CLEUSA APARECIDA DOS SANTOS,REPUBLICANOS,Deputado Estadual,0,2022
0274,10010,VANESSA GALLONI CARRERA,REPUBLICANOS,Deputado Estadual,8,2022
0274,10011,SONIA APARECIDA GONÇALVES BELARMINO,REPUBLICANOS,Deputado Estadual,0,2022
0274,10014,VIVIAN MAIRA DA SILVA MARCOS SOARES,REPUBLICANOS,Deputado Estadual,0,2022
0274,10017,DANILO CESAR CAMPETTI,REPUBLICANOS,Deputado Estadual,66,2022
0274,10018,CACILDA SANTOS MAGALHÃES,REPUBLICANOS,Deputado Estadual,1,2022
0274,10020,SILVIO ALESSANDER ENCARNAÇÃO,REPUBLICANOS,Deputado Estadual,0,2022
0274,10022,EDSON ANTONIO DE SOUZA,REPUBLICANOS,Deputado Estadual,1,2022
0274,10030,EDNA MARIA VERTELLO SILVA,REPUBLICANOS,Deputado Estadual,0,2022
0274,10033,ROGERIO PEDROSO DE PADUA JUNIOR,REPUBLICANOS,Deputado Estadual,0,2022
0274,10038,CAIQUE MAFRA BARBOSA,REPUBLICANOS,Deputado Estadual,42,2022
0274,10055,IARA FRANCISCA DOS SANTOS,REPUBLICANOS,Deputado Estadual,8,2022
0274,10060,JORGE LUIS DE SOUZA RODRIGUES,REPUBLICANOS,Deputado Estadual,0,2022
0274,10069,WAGNER BERNARDINO DA SILVA,REPUBLICANOS,Deputado Estadual,0,2022
0274,10070,WALTER PEREIRA FERREIRA,REPUBLICANOS,Deputado Estadual,3,2022
0274,10087,MARCO ROBERTO DA SILVA,REPUBLICANOS,Deputado Estadual,10,2022
0274,10099,LEONICE ALVES DA PAZ,REPUBLICANOS,Deputado Estadual,236,2022
0274,10100,AILDO RODRIGUES FERREIRA,REPUBLICANOS,Deputado Estadual,68,2022
0274,10101,EDISON LOURENÇO RICCOMI,REPUBLICANOS,Deputado Estadual,6,2022
0274,10102,RUBI CRUSE,REPUBLICANOS,Deputado Estadual,1,2022
0274,10107,FABIO DE CAMARGO TELLES,REPUBLICANOS,Deputado Estadual,0,2022
0274,10110,ABELARDO WANDERLINO DA COSTA NETO,REPUBLICANOS,Deputado Estadual,5,2022
0274,10111,RUI ALVES SOUZA JUNIOR,REPUBLICANOS,Deputado Estadual,55,2022
0274,10114,VALDECIR SOUZA DOS SANTOS,REPUBLICANOS,Deputado Estadual,7,2022
0274,10120,MARCO ANTONIO ZANONI BUENO,REPUBLICANOS,Deputado Estadual,31,2022
0274,10122,GILSON DE SOUZA,REPUBLICANOS,Deputado Estadual,9,2022
0274,10123,GILMACI DOS SANTOS BARBOSA,REPUBLICANOS,Deputado Estadual,1007,2022
0274,10125,BRIGIDA PINATTI AMATTE,REPUBLICANOS,Deputado Estadual,0,2022
0274,10147,CLAUDIO ERNANI MARCONDES DE MIRANDA,REPUBLICANOS,Deputado Estadual,25,2022
0274,10170,GENILZA MEDEIROS DE CASTRO,REPUBLICANOS,Deputado Estadual,0,2022
0274,10181,LÔIDE CAMILO SOUZA FIUZA DE CARVALHO,REPUBLICANOS,Deputado Estadual,5,2022
0274,10190,HELENA DOS SANTOS REIS,REPUBLICANOS,Deputado Estadual,10,2022
0274,10192,ELTON CARVALHO PORTO,REPUBLICANOS,Deputado Estadual,1,2022
0274,10193,ADEMAR FRANCISCO MARTINS NETO,REPUBLICANOS,Deputado Estadual,3,2022
0274,10196,MAYRA ROSANNA GAMA DE ARAÚJO SILVA DA COSTA,REPUBLICANOS,Deputado Estadual,32,2022
0274,10200,HIGOR DIEGO RALLA,REPUBLICANOS,Deputado Estadual,824,2022
0274,10202,CLEMILTON ALVES DA SILVA,REPUBLICANOS,Deputado Estadual,17,2022
0274,10220,MARCO AURELIO MOREIRA ROQUE,REPUBLICANOS,Deputado Estadual,1,2022
0274,10222,ÉLITON SOUSA LEITE,REPUBLICANOS,Deputado Estadual,99,2022
0274,10224,MARIA NILZA FERREIRA ALVES,REPUBLICANOS,Deputado Estadual,3,2022
0274,10234,LUIZ CARLOS DONEGÁ NETO,REPUBLICANOS,Deputado Estadual,0,2022
0274,10255,LUIZ ANTONIO DINIZ DE ALMEIDA,REPUBLICANOS,Deputado Estadual,0,2022
0274,10300,RODRIGO FERNANDO NOVELLI,REPUBLICANOS,Deputado Estadual,1,2022
0274,10310,HUGO DANTAS DA SILVA,REPUBLICANOS,Deputado Estadual,0,2022
0274,10317,ROGERIO MOURA TOMAZ,REPUBLICANOS,Deputado Estadual,1,2022
0274,10318,LILIANE HELENA BARBOSA CHIARELLI,REPUBLICANOS,Deputado Estadual,0,2022
0274,10321,SEBASTIÃO DOS SANTOS FILHO,REPUBLICANOS,Deputado Estadual,6,2022
0274,10322,MAURICIO NOGUEIRA DIAS,REPUBLICANOS,Deputado Estadual,1,2022
0274,10333,ALTAIR MORAES DE OLIVEIRA,REPUBLICANOS,Deputado Estadual,14,2022
0274,10345,ABNER DELUQUI ISIDORO,REPUBLICANOS,Deputado Estadual,0,2022
0274,10360,VAGNER FERNANDES DA SILVA,REPUBLICANOS,Deputado Estadual,0,2022
0274,10369,ANDRE GEORGE NERES DE FARIAS,REPUBLICANOS,Deputado Estadual,0,2022
0274,10400,CHAYNI MELO DA SILVA,REPUBLICANOS,Deputado Estadual,1,2022
0274,10422,THIAGO ANTONIO BRIGANO,REPUBLICANOS,Deputado Estadual,12,2022
0274,10444,EDSON JOSÉ BOMBONATTI,REPUBLICANOS,Deputado Estadual,4,2022
0274,10450,PEDRO LUIZ CONTI MARIOZI,REPUBLICANOS,Deputado Estadual,0,2022
0274,10456,EDNA BEZERRA SAMPAIO FERNANDES,REPUBLICANOS,Deputado Estadual,13,2022
0274,10470,ANA CRISTINA DA SILVA COSTA,REPUBLICANOS,Deputado Estadual,0,2022
0274,10500,DOUGLAS ALBERTO SANTOS,REPUBLICANOS,Deputado Estadual,1,2022
0274,10511,CLAUDIO MASANOBU TERASAKA,REPUBLICANOS,Deputado Estadual,2,2022
0274,10550,TOME ABDUCH,REPUBLICANOS,Deputado Estadual,1114,2022
0274,10555,VITOR ALEXANDRE RODRIGUES,REPUBLICANOS,Deputado Estadual,5,2022
0274,10600,FLEITAS FIDELES MONTEIRO,REPUBLICANOS,Deputado Estadual,1,2022
0274,10605,CLAUDIA SILVIA MACHADO DA SILVA,REPUBLICANOS,Deputado Estadual,7,2022
0274,10611,CARLOS WEVERTON ORTEGA SANCHES,REPUBLICANOS,Deputado Estadual,2,2022
0274,10666,ELIANA ATTINI PALMIERI,REPUBLICANOS,Deputado Estadual,1,2022
0274,10699,AUREA ROCHA,REPUBLICANOS,Deputado Estadual,0,2022
0274,10700,EDSON PIRES SALOMÃO,REPUBLICANOS,Deputado Estadual,51,2022
0274,10722,VASCO DA GAMA JUNIOR,REPUBLICANOS,Deputado Estadual,1,2022
0274,10770,MARIA APARECIDA ROQUE DE OLIVEIRA,REPUBLICANOS,Deputado Estadual,0,2022
0274,10777,MANOEL BARBOSA DO NASCIMENTO,REPUBLICANOS,Deputado Estadual,125,2022
0274,10780,GERLANY FELISMINO DE LIMA ROCHA,REPUBLICANOS,Deputado Estadual,4,2022
0274,10788,SIDNEY NERY DA SILVA,REPUBLICANOS,Deputado Estadual,3,2022
0274,10789,GILMAR SOUZA DOS SANTOS,REPUBLICANOS,Deputado Estadual,1,2022
0274,10800,MARCELO SQUASSONI,REPUBLICANOS,Deputado Estadual,2,2022
0274,10850,SILMARA APARECIDA DOS REIS CIPRIANO,REPUBLICANOS,Deputado Estadual,0,2022
0274,10852,PAULO ELIAS VICENTE,REPUBLICANOS,Deputado Estadual,2,2022
0274,10855,JOSE SILVIO VALDISSERA,REPUBLICANOS,Deputado Estadual,3,2022
0274,10870,DANIEL PLANA BOGALHO,REPUBLICANOS,Deputado Estadual,1,2022
0274,10888,VLAMIR BERNARDES DA SILVA,REPUBLICANOS,Deputado Estadual,0,2022
0274,10900,MARCOS VINÍCIO BILANCIERI,REPUBLICANOS,Deputado Estadual,7,2022
0274,10910,ANTÔNIO CARLOS DA SILVA,REPUBLICANOS,Deputado Estadual,9,2022
0274,10911,PEDRO RODRIGUES DE MIRANDA NETO,REPUBLICANOS,Deputado Estadual,4,2022
0274,10980,PAULO AUGUSTO LEITE MOTOOKA,REPUBLICANOS,Deputado Estadual,7,2022
0274,10987,SARA MARGARETE DE SOUZA SILVA,REPUBLICANOS,Deputado Estadual,0,2022
0274,10990,REJAINE TEREZA DOS SANTOS MARCHESINI,REPUBLICANOS,Deputado Estadual,0,2022
0274,10999,RICARDO MOLINA DIAS,REPUBLICANOS,Deputado Estadual,73,2022
0274,11000,JEFERSON MODESTO SILVA,PP,Deputado Estadual,3,2022
0274,11001,FABIA DA SILVA PORTO,PP,Deputado Estadual,1,2022
0274,11007,DAVID GONÇALVES MOREIRA,PP,Deputado Estadual,0,2022
0274,11012,FERNANDO CESAR RAMOS,PP,Deputado Estadual,0,2022
0274,11018,EVANDRO GONÇALVES PESSOA,PP,Deputado Estadual,2,2022
0274,11019,LUCIVÂNIA PINHEIRO BARBOSA,PP,Deputado Estadual,61,2022
0274,11022,LETICIA AGUIAR RESENDE ALVES,PP,Deputado Estadual,42,2022
0274,11023,FLAVIO AUGUSTO OLMOS,PP,Deputado Estadual,0,2022
0274,11035,VERA APARECIDA ORTEGA DOS SANTOS,PP,Deputado Estadual,0,2022
0274,11040,EVELLYN JULIANA DA SILVA,PP,Deputado Estadual,0,2022
0274,11045,RODRIGO OTÁVIO SANTOS VELLASCO,PP,Deputado Estadual,0,2022
0274,11050,JOÃO ROBERTO DE SIQUEIRA,PP,Deputado Estadual,0,2022
0274,11060,APARECIDO JOVANIR PENA JUNIOR,PP,Deputado Estadual,0,2022
0274,11100,GUILHERME LAZO SOLANO NETO,PP,Deputado Estadual,13,2022
0274,11110,CARLOS EDUARDO RICATTO,PP,Deputado Estadual,31,2022
0274,11111,JOÃO JORGE FADEL FILHO,PP,Deputado Estadual,43,2022
0274,11119,ANDERSON DOS SANTOS,PP,Deputado Estadual,0,2022
0274,11120,DANIEL JOSÉ MILLER DE AZEVEDO,PP,Deputado Estadual,3,2022
0274,11122,WILSON JOAQUIM DA SILVA,PP,Deputado Estadual,6,2022
0274,11123,AUDREY KLEYS CABRAL DE OLIVEIRA DINAU,PP,Deputado Estadual,4,2022
0274,11125,CAIO FIORI DIAS,PP,Deputado Estadual,27,2022
0274,11181,LUIZ ANTONIO GATO,PP,Deputado Estadual,3,2022
0274,11190,RAFAEL HENRIQUE CANO TELHADA,PP,Deputado Estadual,242,2022
0274,11193,WALKER ISAAC DE SOUSA,PP,Deputado Estadual,5,2022
0274,11200,LETÍCIA DA SILVA GUEDES,PP,Deputado Estadual,1,2022
0274,11211,CARLOS ALBERTO BOARINI,PP,Deputado Estadual,0,2022
0274,11212,HELIO JOSÉ DOS SANTOS,PP,Deputado Estadual,10,2022
0274,11222,SAULO DE OLIVEIRA SOUZA,PP,Deputado Estadual,10,2022
0274,11224,PATRICIA ROSSI CICOTOSTE,PP,Deputado Estadual,0,2022
0274,11225,VALÉRIA CLAYTON REZENDE DE LIMA,PP,Deputado Estadual,2,2022
0274,11227,MARIA APARECIDA DE JESUS,PP,Deputado Estadual,0,2022
0274,11234,FLAVIO ROBERTO SALATINO,PP,Deputado Estadual,2,2022
0274,11245,FABIO ROGERIO FAGUNDES,PP,Deputado Estadual,0,2022
0274,11258,MÁRCIO APARECIDO MARTINS,PP,Deputado Estadual,0,2022
0274,11300,JOSÉ FRANCISCO GALDINO DE CARVALHO,PP,Deputado Estadual,0,2022
0274,11321,ELISANGELA ALCANTARA DA SILVA GONZALEZ,PP,Deputado Estadual,0,2022
0274,11333,JOSE MENDES DE SOUZA NETO BOTA,PP,Deputado Estadual,39,2022
0274,11334,RODRIGO DE PAULA RUIS,PP,Deputado Estadual,1,2022
0274,11345,MITUO TAKAHASI,PP,Deputado Estadual,0,2022
0274,11350,IZABEL CRISTINA DA SILVA ANDRE,PP,Deputado Estadual,0,2022
0274,11377,MARIA DE FÁTIMA SILVA,PP,Deputado Estadual,0,2022
0274,11400,PAULO ROBERTO CASSIOLATO FILHO,PP,Deputado Estadual,0,2022
0274,11444,TIAGO BAUAB BEDANI,PP,Deputado Estadual,0,2022
0274,11445,ARNALDO JOSE MARÍA CANCELA,PP,Deputado Estadual,4,2022
0274,11456,LUCAS DE ASSIS COSTA,PP,Deputado Estadual,1,2022
0274,11470,LEANDRO DE JESUS,PP,Deputado Estadual,0,2022
0274,11490,ELOIZA PEREIRA CORREIA,PP,Deputado Estadual,0,2022
0274,11511,EDSON RODRIGUES CARDOSO,PP,Deputado Estadual,0,2022
0274,11550,LYGIA APARECIDA FAZIO DE OLIVEIRA,PP,Deputado Estadual,1,2022
0274,11555,EZEQUIEL DE SOUZA DAMASCENO,PP,Deputado Estadual,0,2022
0274,11560,LINDINALVA ZEFERINO DE AZEVEDO,PP,Deputado Estadual,0,2022
0274,11567,HENRIQUE GOMES DE LIMA,PP,Deputado Estadual,40,2022
0274,11571,WELLINGTON WILLIAN DO NASCIMENTO SALES,PP,Deputado Estadual,1,2022
0274,11600,MARCIA APARECIDA TASCHETTI,PP,Deputado Estadual,0,2022
0274,11611,ADRIANA APARECIDA FELIX,PP,Deputado Estadual,0,2022
0274,11650,LUCIAUREA CORREIA DOS SANTOS,PP,Deputado Estadual,0,2022
0274,11660,RENATO DE OLIVEIRA ZUCOLOTO,PP,Deputado Estadual,3,2022
0274,11680,MARCELO LEANDRO BRAGA PALINI,PP,Deputado Estadual,1,2022
0274,11700,MARCELO RIBEIRO COSTA,PP,Deputado Estadual,2,2022
0274,11777,ANTONIO ASSUNÇÃO DE OLIM,PP,Deputado Estadual,384,2022
0274,11800,FERNANDO SIQUEIRA MUNIZ,PP,Deputado Estadual,0,2022
0274,11877,EDUARDO OLIVEIRA DE ARAUJO,PP,Deputado Estadual,0,2022
0274,11888,DANIELA DE OLIVEIRA SOUZA SOUTO,PP,Deputado Estadual,3,2022
0274,11890,ALBERTO SABINO DE OLIVEIRA,PP,Deputado Estadual,0,2022
0274,11900,KLEBER FERREIRA MARUXO,PP,Deputado Estadual,0,2022
0274,11911,EDYMAR BUENO,PP,Deputado Estadual,0,2022
0274,11972,BENEDITO TORRES BARRETO,PP,Deputado Estadual,0,2022
0274,11999,WAGNER RODRIGUES,PP,Deputado Estadual,4,2022
0274,12000,VICTOR HENRIQUE MARQUES,PDT,Deputado Estadual,30,2022
0274,12001,SOLANGE MARIA TEODORO,PDT,Deputado Estadual,3,2022
0274,12002,EDINEIA PRADO DA COSTA,PDT,Deputado Estadual,0,2022
0274,12003,MARCO ANTONIO ALVES JORGE,PDT,Deputado Estadual,7,2022
0274,12007,CLAUDIO JOSÉ DE OLIVEIRA GONÇALVES,PDT,Deputado Estadual,2,2022
0274,12008,PATRYCIA FACIOLO DOS SANTOS,PDT,Deputado Estadual,0,2022
0274,12012,DANIELA APARECIDA RODRIGUEIRO,PDT,Deputado Estadual,3,2022
0274,12013,DANIELLE MARINHO RABELO,PDT,Deputado Estadual,1,2022
0274,12014,JEFFERSON RODRIGO GOMES DA SILVA,PDT,Deputado Estadual,0,2022
0274,12016,MARIA EUGENIA UGUCIONE BIFFI,PDT,Deputado Estadual,0,2022
0274,12021,SANDRA NAVAJAS,PDT,Deputado Estadual,0,2022
0274,12022,GABRIEL COSTA PLACCE,PDT,Deputado Estadual,2,2022
0274,12028,PAULO ROGÉRIO DA SILVA,PDT,Deputado Estadual,0,2022
0274,12033,ADRIANA GOMES,PDT,Deputado Estadual,8,2022
0274,12050,ANTONIO FERNANDO PEREIRA,PDT,Deputado Estadual,0,2022
0274,12051,CÍCERO JUSTINO DA SILVA,PDT,Deputado Estadual,2,2022
0274,12054,SANDRA HELENA CANDIDO DOS SANTOS,PDT,Deputado Estadual,0,2022
0274,12077,MARCIO AURELIO SOARES,PDT,Deputado Estadual,0,2022
0274,12100,ALEXSANDRA OLIVEIRA BEZERRA,PDT,Deputado Estadual,3,2022
0274,12101,FLÁVIA APARECIDA RODRIGUES,PDT,Deputado Estadual,0,2022
0274,12111,LEONORA DA SILVA PÉRICO,PDT,Deputado Estadual,2,2022
0274,12112,FERNANDO DOS SANTOS MOURA,PDT,Deputado Estadual,1,2022
0274,12120,JOÃO VICTOR MATTA DIAS FERREIRA,PDT,Deputado Estadual,5,2022
0274,12121,PAULA MAYARA DARRÔ MARTINS ROCHA FILZEK,PDT,Deputado Estadual,6,2022
0274,12122,GILBERTO APARECIDO BORGES,PDT,Deputado Estadual,52,2022
0274,12123,DOUGLAS AUGUSTO PINHEIRO DE OLIVEIRA,PDT,Deputado Estadual,23,2022
0274,12124,AIRTON DA COSTA LOURENÇO,PDT,Deputado Estadual,1,2022
0274,12125,NUBIA DE JESUS SANTOS,PDT,Deputado Estadual,0,2022
0274,12126,ELISANGELA RODRIGUES DE SOUSA,PDT,Deputado Estadual,2,2022
0274,12131,ARNALDO REISDECOPA NASCIMENTO,PDT,Deputado Estadual,0,2022
0274,12156,EUGÊNIO MIRANDA,PDT,Deputado Estadual,0,2022
0274,12180,NAYLA DE SOUZA,PDT,Deputado Estadual,67,2022
0274,12190,MARCELO AFONSO PIMENTA,PDT,Deputado Estadual,0,2022
0274,12200,WILSON KELLER DE MATOS,PDT,Deputado Estadual,212,2022
0274,12202,SIVALDO DE JESUS,PDT,Deputado Estadual,0,2022
0274,12212,NEUDES RIBEIRO DE CARVALHO,PDT,Deputado Estadual,12,2022
0274,12222,ANTONIO DA ROCHA MARMO CEZAR,PDT,Deputado Estadual,13,2022
0274,12234,JOSUÉ GONÇALVES,PDT,Deputado Estadual,0,2022
0274,12240,ADRIANO NERES DE OLIVEIRA,PDT,Deputado Estadual,0,2022
0274,12244,RENAN FONSECA DA SILVA,PDT,Deputado Estadual,0,2022
0274,12277,MARCIO ALEXANDRE BARRETO,PDT,Deputado Estadual,1,2022
0274,12300,ANTONIO CARLOS TRIGO,PDT,Deputado Estadual,0,2022
0274,12307,MIRELLE CRISTINA DE SOUZA BUENO,PDT,Deputado Estadual,0,2022
0274,12310,ATAIDE ROBERTO DA SILVA JUNIOR,PDT,Deputado Estadual,0,2022
0274,12311,PAULO HENRIQUE RIBEIRO FLORIANO,PDT,Deputado Estadual,2,2022
0274,12312,ADOLFO BASSO,PDT,Deputado Estadual,7,2022
0274,12321,CASEMIRO DOS REIS JÚNIOR,PDT,Deputado Estadual,43,2022
0274,12333,PAULO ALEXANDRE ZEMUNER MASCARO,PDT,Deputado Estadual,3,2022
0274,12340,MAGALI RABELLO ROCHA,PDT,Deputado Estadual,1,2022
0274,12344,RAMILSON DE FREITAS PEREIRA,PDT,Deputado Estadual,1,2022
0274,12345,MÁRCIO MASSAMI NAKASHIMA,PDT,Deputado Estadual,109,2022
0274,12357,ROSA MARIA DA SILVA CLIMACO,PDT,Deputado Estadual,1,2022
0274,12363,EZEQUIEL DE ARAÚJO SILVA,PDT,Deputado Estadual,0,2022
0274,12366,MANOEL JOSÉ DA SILVA,PDT,Deputado Estadual,1,2022
0274,12369,ALEXSANDER MELO BUENO,PDT,Deputado Estadual,0,2022
0274,12377,LUIS CARLOS DE SOUZA,PDT,Deputado Estadual,0,2022
0274,12388,CINTIA APARECIDA DE MATOS,PDT,Deputado Estadual,1,2022
0274,12400,CESAR MICHELON LOUREIRO SANTANA,PDT,Deputado Estadual,1,2022
0274,12412,JOAQUIM MARCELINO JOFFRE NETO,PDT,Deputado Estadual,0,2022
0274,12422,GILMAR FERNANDES DE MELO,PDT,Deputado Estadual,0,2022
0274,12443,VERÔNICA EVANGELISTA DOS SANTOS,PDT,Deputado Estadual,0,2022
0274,12444,BRUNO DE OLIVEIRA ALVES,PDT,Deputado Estadual,1,2022
0274,12456,RAI SAYLON DE PAULA RIBEIRO,PDT,Deputado Estadual,5,2022
0274,12500,FERNANDO PEREIRA SIRCHIA JUNIOR,PDT,Deputado Estadual,2,2022
0274,12512,SIDNEI TAVARES MEDEIROS,PDT,Deputado Estadual,1,2022
0274,12555,ROBINSON FARINAZZO CASAL,PDT,Deputado Estadual,65,2022
0274,12600,JUSSARA APARECIDA FERNANDES,PDT,Deputado Estadual,6,2022
0274,12612,DEJANIRA VICENCIA SANTOS ALVES,PDT,Deputado Estadual,0,2022
0274,12622,SANDRA MARIA DOS SANTOS,PDT,Deputado Estadual,1,2022
0274,12645,LEONARDO LORO MARTINS PINTO,PDT,Deputado Estadual,2,2022
0274,12666,JAIRO ANZILEIRO,PDT,Deputado Estadual,1,2022
0274,12678,JHONY ANTONIO BARBOZA,PDT,Deputado Estadual,0,2022
0274,12700,WINNITU DIEGO DA SILVA TOZADORE,PDT,Deputado Estadual,0,2022
0274,12712,OSVALDO GOMES DE LIMA,PDT,Deputado Estadual,0,2022
0274,12720,RAFAEL TURRINI PURGATO,PDT,Deputado Estadual,2,2022
0274,12723,CARLA DENISE BAPTISTA LEOPOLDO,PDT,Deputado Estadual,0,2022
0274,12735,ANGELO SCAVASSINI NETO,PDT,Deputado Estadual,0,2022
0274,12736,JOSÉ NELSON DA SILVA,PDT,Deputado Estadual,0,2022
0274,12737,JHONATAN WILLIAM OLIVEIRA DO NASCIMENTO,PDT,Deputado Estadual,0,2022
0274,12750,GILBERTO JEFFERSON DE BARROS,PDT,Deputado Estadual,3,2022
0274,12770,LUCINEIDE CRUZ ALVES,PDT,Deputado Estadual,3,2022
0274,12777,PEDRO JOSÉ DE PAULA,PDT,Deputado Estadual,93,2022
0274,12789,RAFAEL COSTA AMADEU,PDT,Deputado Estadual,1,2022
0274,12800,MARCELO DE MELLO CASSUCCI,PDT,Deputado Estadual,1,2022
0274,12812,EDMILSON PINTO CARDOZO,PDT,Deputado Estadual,0,2022
0274,12888,CRISTIANE AQUINO PASTOR,PDT,Deputado Estadual,2,2022
0274,12900,EVELYN CRISTINA FERREIRA PAULA,PDT,Deputado Estadual,1,2022
0274,12912,MARCIO DE ALMEIDA PINO,PDT,Deputado Estadual,2,2022
0274,12990,ALESSANDRO FAUSTINO MARTINS,PDT,Deputado Estadual,2,2022
0274,12999,EDNELSON PACHECO FERREIRA,PDT,Deputado Estadual,0,2022
0274,13000,ALESSANDRO CÉZAR ARAÚJO AZEVEDO,PT,Deputado Estadual,78,2022
0274,13003,DOUGLAS MARTINS DE SOUZA,PT,Deputado Estadual,0,2022
0274,13004,TELMA SANDRA AUGUSTO DE SOUZA,PT,Deputado Estadual,14,2022
0274,13011,MARIO MAURICI DE LIMA MORAIS,PT,Deputado Estadual,8,2022
0274,13013,ALEXYA LUCAS EVANGELISTA SALVADOR,PT,Deputado Estadual,30,2022
0274,13016,THAINARA KAROLINE FARIA,PT,Deputado Estadual,130,2022
0274,13019,JOÃO GUILHERME BENETTI RAMOS,PT,Deputado Estadual,10,2022
0274,13066,ADÉLIA OLIVEIRA DE FARIAS,PT,Deputado Estadual,69,2022
0274,13100,GARRY DERALUS,PT,Deputado Estadual,5,2022
0274,13110,TEONÍLIO MONTEIRO DA COSTA,PT,Deputado Estadual,15,2022
0274,13112,EVELYN SILVA DO NASCIMENTO VICENTE DA SILVA,PT,Deputado Estadual,168,2022
0274,13113,MARCIA APARECIDA OVEJANEDA LIA,PT,Deputado Estadual,63,2022
0274,13114,ENIO FRANCISCO TATTO,PT,Deputado Estadual,38,2022
0274,13120,CARLOS ROBERTO DE OLIVEIRA,PT,Deputado Estadual,611,2022
0274,13121,ANA LUCIA LIPPAUS PERUGINI,PT,Deputado Estadual,458,2022
0274,13123,MARIA IZABEL AZEVEDO NORONHA,PT,Deputado Estadual,295,2022
0274,13127,BRUNO RAMOS DA SILVA,PT,Deputado Estadual,5,2022
0274,13130,FERNANDO SOUZA PUGA,PT,Deputado Estadual,7,2022
0274,13131,EMIDIO PEREIRA DE SOUZA,PT,Deputado Estadual,77,2022
0274,13133,EDUARDO MATARAZZO SUPLICY,PT,Deputado Estadual,2323,2022
0274,13134,LUIZ FERNANDO TEIXEIRA FERREIRA,PT,Deputado Estadual,136,2022
0274,13140,JORGE RODRIGO VALVERDE SANTANA,PT,Deputado Estadual,3,2022
0274,13147,MARIANA ROSSETO SANTOS,PT,Deputado Estadual,15,2022
0274,13180,MARIA EDUARDA ALENCAR HIDALGO,PT,Deputado Estadual,55,2022
0274,13192,MARCOS MONTANI CASEIRO,PT,Deputado Estadual,22,2022
0274,13199,PAOLLA CATHERINE DOS SANTOS MIGUEL AGARD,PT,Deputado Estadual,897,2022
0274,13200,CONSTANTINO CURY NETO,PT,Deputado Estadual,4,2022
0274,13222,JULIANA FRAGA E SILVA DE SOUZA,PT,Deputado Estadual,11,2022
0274,13234,JOSÉ WILSON CARDOSO DE SOUZA,PT,Deputado Estadual,1,2022
0274,13258,ESTELA ALEXANDRE ALMAGRO,PT,Deputado Estadual,0,2022
0274,13270,THIAGO HENRIQUE MAIA SORATTO,PT,Deputado Estadual,17,2022
0274,13290,LEANDRO CÂNDIDO SOARES,PT,Deputado Estadual,34,2022
0274,13300,WAGNER DE MELO ROMÃO,PT,Deputado Estadual,452,2022
0274,13301,ROMILDO ANTONIO DA SILVA,PT,Deputado Estadual,4,2022
0274,13310,LUIZ CLAUDIO MARCOLINO,PT,Deputado Estadual,32,2022
0274,13313,RENATO MORENI AIRES DA SILVA,PT,Deputado Estadual,2,2022
0274,13321,HERIVELTO DOS SANTOS MORAES,PT,Deputado Estadual,3,2022
0274,13330,ALEX SANDRO GOMES,PT,Deputado Estadual,14,2022
0274,13331,VERA LUCIA RODRIGUES DE FARIA,PT,Deputado Estadual,163,2022
0274,13333,THAISE BEZERRA PACHECO SANTOS,PT,Deputado Estadual,26,2022
0274,13360,MIRIAM MANETTA ALGARRA,PT,Deputado Estadual,5,2022
0274,13400,CHEILA MARIA SUBENKO OLALLA,PT,Deputado Estadual,12,2022
0274,13413,JOÃO ALFREDO DE OLIVEIRA,PT,Deputado Estadual,0,2022
0274,13444,EDNA DA SILVA DELLA NINA,PT,Deputado Estadual,3,2022
0274,13456,ELISABETH SAHÃO,PT,Deputado Estadual,18,2022
0274,13500,ANDREIA TEIXEIRA BATISTA,PT,Deputado Estadual,11,2022
0274,13513,CAROLINA MALAVAZZI GALVÃO,PT,Deputado Estadual,6,2022
0274,13545,APARECIDA DA GRAÇA CARLOS,PT,Deputado Estadual,1,2022
0274,13555,SIMÃO PEDRO CHIOVETTI,PT,Deputado Estadual,29,2022
0274,13580,CARLOS ALBERTO MARCOS,PT,Deputado Estadual,29,2022
0274,13600,MARLY GOMES CALDAS,PT,Deputado Estadual,2,2022
0274,13613,PAULO ROBERTO FIORILO,PT,Deputado Estadual,40,2022
0274,13616,JOSEMUNDO DARIO QUEIROZ,PT,Deputado Estadual,3,2022
0274,13650,MARCELO RIBEIRO DA SILVA,PT,Deputado Estadual,2,2022
0274,13651,PAULO BATISTA DOS REIS,PT,Deputado Estadual,46,2022
0274,13654,JANDYRA MASSUE UEHARA ALVES,PT,Deputado Estadual,130,2022
0274,13696,CHRISTIANE GRACE GUIMARÃES DA SILVA,PT,Deputado Estadual,2,2022
0274,13700,ANTONIO DONATO MADORMO,PT,Deputado Estadual,147,2022
0274,13713,ROMULO ORNELAS DE OLIVEIRA,PT,Deputado Estadual,2,2022
0274,13777,ALMIR ROGERIO DA SILVA,PT,Deputado Estadual,3,2022
0274,13789,ROMULO CESAR FERNANDES,PT,Deputado Estadual,5,2022
0274,13800,JORGE DO CARMO SILVA,PT,Deputado Estadual,75,2022
0274,13877,JANETE ROCHA PIETÁ,PT,Deputado Estadual,3,2022
0274,13888,FRANCISCA NILMAR ARRAES MANOEL,PT,Deputado Estadual,5,2022
0274,13900,JULIANA SOARES DO NASCIMENTO,PT,Deputado Estadual,25,2022
0274,14000,JOSE CARLOS BERNARDI,PTB,Deputado Estadual,0,2022
0274,14001,EVANDRO PEREIRA DOS REIS,PTB,Deputado Estadual,0,2022
0274,14002,CRISTINA ALVES DE GODOY,PTB,Deputado Estadual,0,2022
0274,14003,PANAGIOTIS SERAFIM SPANOS,PTB,Deputado Estadual,0,2022
0274,14004,CRISTINA DOS SANTOS,PTB,Deputado Estadual,0,2022
0274,14005,LILIANE DURCE,PTB,Deputado Estadual,0,2022
0274,14006,GILBERTO MARQUES DO COUTO,PTB,Deputado Estadual,0,2022
0274,14007,RICARDO CRUZ DE REZENDE PAOLIELLO,PTB,Deputado Estadual,0,2022
0274,14009,CARLOS RICARDO CEOLONI,PTB,Deputado Estadual,0,2022
0274,14010,EDUARDO FRANCISCO DE MELO,PTB,Deputado Estadual,0,2022
0274,14011,PAULO SERGIO MOREIRA MELLO,PTB,Deputado Estadual,0,2022
0274,14012,LILIAN RENATA GARCIA VIEIRA MEDEIROS,PTB,Deputado Estadual,0,2022
0274,14013,ALAELSON ALVES DA SILVA,PTB,Deputado Estadual,0,2022
0274,14014,EDISON LUCIANO KLIMAN BENEDITO,PTB,Deputado Estadual,0,2022
0274,14015,MARIA DO ROSARIO ALMEIDA,PTB,Deputado Estadual,0,2022
0274,14016,CHARLES DOS SANTOS PEREIRA,PTB,Deputado Estadual,0,2022
0274,14017,PAULO CESAR DA SILVA SANT ANA,PTB,Deputado Estadual,0,2022
0274,14019,AHMED TARIQUE TOMBOUCTOU AGIO,PTB,Deputado Estadual,0,2022
0274,14020,GILBERTO MEGDA,PTB,Deputado Estadual,0,2022
0274,14021,MAGDA DOS SANTOS CABRAL,PTB,Deputado Estadual,0,2022
0274,14022,WASHINGTON JOSE DA CRUZ,PTB,Deputado Estadual,0,2022
0274,14032,AFONSO MARIA SILVA SALES,PTB,Deputado Estadual,0,2022
0274,14033,ANGELA TORRES PRADO,PTB,Deputado Estadual,0,2022
0274,14038,PAULO HUGENNEYER KOGOS,PTB,Deputado Estadual,0,2022
0274,14039,NURIA DANIELA GALLÃO ARTHUZO,PTB,Deputado Estadual,0,2022
0274,14040,LUIS FERNANDO DA SILVA,PTB,Deputado Estadual,0,2022
0274,14041,VERA LUCIA SOVERAL DA SILVEIRA,PTB,Deputado Estadual,0,2022
0274,14044,MARCOS VITOR LESSA,PTB,Deputado Estadual,0,2022
0274,14045,VIOLETA FILOMENA DACCACHE,PTB,Deputado Estadual,0,2022
0274,14046,MARCELO OLIVEIRA ROSADO,PTB,Deputado Estadual,0,2022
0274,14049,ROSYMEIRE DE SOUZA LEITE RODRIGUES,PTB,Deputado Estadual,0,2022
0274,14050,MARIA RISOLETA ESTRELA DOS SANTOS,PTB,Deputado Estadual,0,2022
0274,14060,DENIVIA ROSA DOS SANTOS OLIVEIRA,PTB,Deputado Estadual,0,2022
0274,14088,MARCELO CRISTIANO REIS,PTB,Deputado Estadual,0,2022
0274,14099,IOLANDA REGINA ALVES FRONTEROTTA,PTB,Deputado Estadual,0,2022
0274,14100,JOSE VANDERLEI MACHADO,PTB,Deputado Estadual,0,2022
0274,14108,ANTONIO DA SILVA E SOUZA,PTB,Deputado Estadual,0,2022
0274,14110,WENDELL BRAZ NICOLICHE,PTB,Deputado Estadual,0,2022
0274,14111,ALEXANDRE GONÇALVES DEMETRIO ZAHRA,PTB,Deputado Estadual,0,2022
0274,14112,EDILSON GUARNIERI,PTB,Deputado Estadual,0,2022
0274,14114,MARIA ADALZIRA RIBEIRO ORTIZ,PTB,Deputado Estadual,0,2022
0274,14115,MOISES GOMES DO NASCIMENTO,PTB,Deputado Estadual,0,2022
0274,14121,ROBERTO CARLOS DE ALMEIDA,PTB,Deputado Estadual,0,2022
0274,14122,CLODOALDO ALVES DE AMORIM,PTB,Deputado Estadual,0,2022
0274,14123,GUILHERME CESAR ZAFANI,PTB,Deputado Estadual,0,2022
0274,14124,MARCELO COSTA MORAES,PTB,Deputado Estadual,0,2022
0274,14125,ADA HENRIQUE XAVIER,PTB,Deputado Estadual,0,2022
0274,14128,ADRIANO DE BARROS CARUSO,PTB,Deputado Estadual,0,2022
0274,14130,AUDREY ANA MARCONDES GOGLIANO,PTB,Deputado Estadual,0,2022
0274,14141,ADAUTO VIANA JUNIOR,PTB,Deputado Estadual,0,2022
0274,14143,NOEMIA VIEIRA FONSECA,PTB,Deputado Estadual,0,2022
0274,14162,ANTONIO BERALDO ALVES,PTB,Deputado Estadual,0,2022
0274,14177,CLAUDIO AUGUSTO PEREIRA,PTB,Deputado Estadual,0,2022
0274,14190,MARCOS ROGERIO MANTEIGA,PTB,Deputado Estadual,0,2022
0274,14193,DEYCON FRANCISCO DA SILVA,PTB,Deputado Estadual,0,2022
0274,14200,RENATO SALVADOR MARTINS,PTB,Deputado Estadual,0,2022
0274,14221,LINDEMBERG MELO GONCALVES,PTB,Deputado Estadual,0,2022
0274,14222,FLAVIO RICARDO BEALL,PTB,Deputado Estadual,0,2022
0274,14244,LUCAS ANTUNES,PTB,Deputado Estadual,0,2022
0274,14245,PATRICIA MARIA DE MELO ZANOTTI MONTILHA,PTB,Deputado Estadual,0,2022
0274,14250,EMERSON PEREIRA BATISTA,PTB,Deputado Estadual,0,2022
0274,14300,DENE IRENO DE SOUSA,PTB,Deputado Estadual,0,2022
0274,14321,SIMONE APARECIDA NASCIMENTO DA CONCEIÇÃO,PTB,Deputado Estadual,0,2022
0274,14400,NELSON ROBERTO GRITTI,PTB,Deputado Estadual,0,2022
0274,14422,VALERIA CRISTINA RODRIGUES,PTB,Deputado Estadual,0,2022
0274,14441,GABRIEL SILVA GOMES,PTB,Deputado Estadual,0,2022
0274,14444,MANOEL LOPES FERREIRA JUNIOR,PTB,Deputado Estadual,0,2022
0274,14455,SERGIO ANTONIO,PTB,Deputado Estadual,0,2022
0274,14456,GIOVANA LIMA DE AGUIAR,PTB,Deputado Estadual,0,2022
0274,14457,PAULO ROBERTO TORRES GALINDO,PTB,Deputado Estadual,0,2022
0274,14500,CRISTINA APARECIDA TEIXEIRA CORDEIRO DE JESUS,PTB,Deputado Estadual,0,2022
0274,14522,RODRIGO RODRIGUES PEDROSO,PTB,Deputado Estadual,0,2022
0274,14550,JOSE MARCIO DE CAMPOS,PTB,Deputado Estadual,0,2022
0274,14555,MARCO AURELIO MIETO DOMINGUES,PTB,Deputado Estadual,0,2022
0274,14567,LILIANE MARIA DA SILVA PAES,PTB,Deputado Estadual,0,2022
0274,14580,MARIA DE JESUS LOPES MARTINS SILVA,PTB,Deputado Estadual,0,2022
0274,14617,CECILIA RANIELE ROSAL SALVADOR,PTB,Deputado Estadual,0,2022
0274,14620,GILSON MOREIRA,PTB,Deputado Estadual,0,2022
0274,14624,CARLOS ALBERTO VIDAL TONON JUNIOR,PTB,Deputado Estadual,0,2022
0274,14699,SIDINEI GIRON,PTB,Deputado Estadual,0,2022
0274,14700,GILBERTO SOARES PINHEIRO,PTB,Deputado Estadual,0,2022
0274,14701,MARCELINO SILVA,PTB,Deputado Estadual,0,2022
0274,14714,KARINA PAULA DE SOUZA OLIVEIRA MARTINS,PTB,Deputado Estadual,0,2022
0274,14772,WILLIAM APARECIDO DE SOUZA,PTB,Deputado Estadual,0,2022
0274,14775,CASSIO LUIZ DE OLIVEIRA,PTB,Deputado Estadual,0,2022
0274,14777,AGEU DA CRUZ ALMEIDA,PTB,Deputado Estadual,0,2022
0274,14789,GERALDO APARECIDO MENDES,PTB,Deputado Estadual,0,2022
0274,14800,MÔNICA PRADO,PTB,Deputado Estadual,0,2022
0274,14822,CLAUDIO LUIS CAIVANO,PTB,Deputado Estadual,0,2022
0274,14851,JURACILDE DE LIMA PINTO,PTB,Deputado Estadual,0,2022
0274,14888,AVEDIS GOGENHAN,PTB,Deputado Estadual,0,2022
0274,14900,VALDINEI CAMPELO FELIX,PTB,Deputado Estadual,0,2022
0274,14961,MARIA ALICE TANIGUSHI,PTB,Deputado Estadual,0,2022
0274,14999,APARECIDO MOREIRA DA SILVA,PTB,Deputado Estadual,0,2022
0274,15000,JORGE LUIS CARUSO,MDB,Deputado Estadual,69,2022
0274,15001,HUGO MOREIRA SANTOS,MDB,Deputado Estadual,12,2022
0274,15009,AUDEIDE CARDOSO,MDB,Deputado Estadual,0,2022
0274,15012,BRUNO DE SOUSA ALVES,MDB,Deputado Estadual,0,2022
0274,15013,HILDON DE OLIVEIRA ROCHA,MDB,Deputado Estadual,0,2022
0274,15014,DANIELE SOUZA AKAMINE,MDB,Deputado Estadual,0,2022
0274,15015,MOHAMED AHMED YOUSSEF,MDB,Deputado Estadual,3,2022
0274,15017,FERNANDA DA GLÓRIA GOMES,MDB,Deputado Estadual,0,2022
0274,15019,LUIS FELIPE SILVEIRA AMANCIO TORELLA D AVILA,MDB,Deputado Estadual,0,2022
0274,15022,ANGELA OROSCO DE MELO,MDB,Deputado Estadual,3,2022
0274,15023,SUENIRA TEIXEIRA PINTO,MDB,Deputado Estadual,6,2022
0274,15030,CLAUDETE FERREIRA DA SILVA,MDB,Deputado Estadual,0,2022
0274,15040,LUIZ CARLOS DE PAULA,MDB,Deputado Estadual,5,2022
0274,15050,ANDRÉ LUIZ BARBEZANI,MDB,Deputado Estadual,0,2022
0274,15051,LEONARDO FRANCISCO SAMPAIO DE SOUZA FILHO,MDB,Deputado Estadual,0,2022
0274,15060,ZORAIDA MARIA LOBATO VIOTTI,MDB,Deputado Estadual,1,2022
0274,15070,ALLI AHMAD MAJDOUB,MDB,Deputado Estadual,0,2022
0274,15090,SAMUEL DE JESUS SANTOS PEREIRA,MDB,Deputado Estadual,0,2022
0274,15100,GILMAR RAIMUNDO LUCAS,MDB,Deputado Estadual,1,2022
0274,15111,HENRIQUE DE ALMEIDA BASANO,MDB,Deputado Estadual,1,2022
0274,15112,ROSELEI APARECIDO FRANÇOSO,MDB,Deputado Estadual,2,2022
0274,15115,MARCUS VINICIUS DE ALMEIDA FERREIRA,MDB,Deputado Estadual,0,2022
0274,15117,JOSEFA ANADETE DOS SANTOS SILVA,MDB,Deputado Estadual,1,2022
0274,15121,ANDRE CESAR COSTA,MDB,Deputado Estadual,156,2022
0274,15122,MARIA CRISTIANE PINHEIRO,MDB,Deputado Estadual,1,2022
0274,15123,OCIMAR DONIZETI LEO OLIVEIRA,MDB,Deputado Estadual,3,2022
0274,15130,FERNANDO RAMOS,MDB,Deputado Estadual,0,2022
0274,15133,LILIAN APARECIDA DE PAULA,MDB,Deputado Estadual,0,2022
0274,15144,EVERSON MARCOS DE OLIVEIRA,MDB,Deputado Estadual,4,2022
0274,15150,DIEGO LOPES DEL RIO,MDB,Deputado Estadual,74,2022
0274,15151,GIULIANO GRISO,MDB,Deputado Estadual,0,2022
0274,15153,CÍCERO LUIZ DE BRITO,MDB,Deputado Estadual,7,2022
0274,15155,EDIMAR CANDIDO DE LIMA,MDB,Deputado Estadual,2,2022
0274,15157,CASSIANE DE MELO FERNANDES,MDB,Deputado Estadual,0,2022
0274,15158,ANDRÉA DE PAULA SANTOS,MDB,Deputado Estadual,3,2022
0274,15177,ALEXANDRE DE OLIVEIRA,MDB,Deputado Estadual,1,2022
0274,15180,JAQUELINE LILIAN BARCELOS COUTINHO,MDB,Deputado Estadual,3,2022
0274,15190,SANDRA CANDIDO MORETTI,MDB,Deputado Estadual,92,2022
0274,15200,CAIO VINICIUS DE MOURA LUZ,MDB,Deputado Estadual,5,2022
0274,15215,MARCOS RIBEIRO DA COSTA,MDB,Deputado Estadual,0,2022
0274,15220,PHILIPE DE PAULA DA SILVA,MDB,Deputado Estadual,5,2022
0274,15222,FERNANDO MARTINS DOS SANTOS,MDB,Deputado Estadual,4,2022
0274,15256,MARCOS ANTONIO GONÇALVES DA SILVA,MDB,Deputado Estadual,0,2022
0274,15270,NIQUEIAS FERREIRA BORGES,MDB,Deputado Estadual,0,2022
0274,15277,PLAUTO JOSE RIBEIRO HOLTZ MORAES,MDB,Deputado Estadual,0,2022
0274,15300,ITAMAR FRANCISCO MACHADO BORGES,MDB,Deputado Estadual,120,2022
0274,15315,ADEMIR MARTINS BOAVENTURA,MDB,Deputado Estadual,8,2022
0274,15333,ALLINY FERNANDA SARTORI PADALINO ROGÉRIO,MDB,Deputado Estadual,1,2022
0274,15339,RODNEY DE PAIVA,MDB,Deputado Estadual,0,2022
0274,15345,MARCELO COSTA DEL BOSCO AMARAL,MDB,Deputado Estadual,1,2022
0274,15363,JOSÉ ROGERIO SOARES DOS SANTOS,MDB,Deputado Estadual,199,2022
0274,15400,CELIA APARECIDA DA CRUZ OLIVEIRA MENEZES,MDB,Deputado Estadual,4,2022
0274,15432,IVONE MOREIRA SANTOS,MDB,Deputado Estadual,1,2022
0274,15451,LUCIENE PEREIRA FRANCO,MDB,Deputado Estadual,0,2022
0274,15456,JOSÉ AGRIPINO DA SILVA,MDB,Deputado Estadual,6,2022
0274,15500,MARIA DO CARMO GUILHERME,MDB,Deputado Estadual,18,2022
0274,15515,OSMARIO SILVA,MDB,Deputado Estadual,0,2022
0274,15522,DANIEL GIROTTO,MDB,Deputado Estadual,9,2022
0274,15525,ROSANA APARECIDA BRANQUINHO,MDB,Deputado Estadual,1,2022
0274,15550,RONALDO FRANCISCO DA CRUZ,MDB,Deputado Estadual,1,2022
0274,15555,FERNANDA MORENO DA SILVA,MDB,Deputado Estadual,6,2022
0274,15556,ADRIANA VASCONCELLOS VIEIRA DE OLIVEIRA LUIZ,MDB,Deputado Estadual,9,2022
0274,15557,ANDRÉ LUIZ DA SILVA,MDB,Deputado Estadual,0,2022
0274,15590,RUBIA MARA DA SILVA OLIVEIRA,MDB,Deputado Estadual,1,2022
0274,15600,EIDA SILVA DOS SANTOS AZEVEDO,MDB,Deputado Estadual,0,2022
0274,15605,FERNANDO LUIZ ISOPPO PETITI,MDB,Deputado Estadual,1,2022
0274,15620,ARLINDO MARIANO DE ARAUJO FILHO,MDB,Deputado Estadual,1,2022
0274,15622,GEORGE VATUTIN HATO,MDB,Deputado Estadual,22,2022
0274,15678,MARCELO FORTES BARBIERI,MDB,Deputado Estadual,45,2022
0274,15700,IVAN RIBEIRO DE BRITO,MDB,Deputado Estadual,1,2022
0274,15770,CINTIA ROBERTA SILVA RODRIGUES,MDB,Deputado Estadual,3,2022
0274,15777,DALCIDES BATISTA DA SILVA NETO,MDB,Deputado Estadual,1,2022
0274,15800,SANDRA REGINA VIEIRA,MDB,Deputado Estadual,3,2022
0274,15855,ANA PAULA CALVO,MDB,Deputado Estadual,0,2022
0274,15900,MAURO CESAR RAMOS DE ALMEIDA,MDB,Deputado Estadual,2,2022
0274,15910,ERNESTO TEIXEIRA DA CUNHA,MDB,Deputado Estadual,12,2022
0274,15914,TARSO LUIZ FURTADO GOUVEIA,MDB,Deputado Estadual,4,2022
0274,15964,LUCIANO MARQUES DA SILVA,MDB,Deputado Estadual,0,2022
0274,15980,JOÃO ALVES VIEIRA,MDB,Deputado Estadual,1,2022
0274,15990,ROMAR WILLIAM CULLEN DELLAPIAZZA,MDB,Deputado Estadual,4,2022
0274,15999,CÁSSIO DE CASTRO NAVARRO,MDB,Deputado Estadual,4,2022
0274,16000,LUCAS ANTONIO NIZUMA SIMABUKULO,PSTU,Deputado Estadual,0,2022
0274,16016,MARISA DOS SANTOS MENDES,PSTU,Deputado Estadual,0,2022
0274,16023,OSVALDO MARIANO DIOGO,PSTU,Deputado Estadual,0,2022
0274,16100,CRISTIANE BANHOL,PSTU,Deputado Estadual,9,2022
0274,16107,RAQUEL DE PAULA,PSTU,Deputado Estadual,0,2022
0274,16123,AMANDA COELHO MARZALL,PSTU,Deputado Estadual,7,2022
0274,16161,LEANDRO JOSE DE SOUZA DUQUE,PSTU,Deputado Estadual,0,2022
0274,16321,NELSON BOTELHO DA SILVA,PSTU,Deputado Estadual,0,2022
0274,16461,FERNANDO DE SOUZA,PSTU,Deputado Estadual,1,2022
0274,16555,MAÍRA MACHADO RODRIGUES,PSTU,Deputado Estadual,12,2022
0274,16789,ADILSON DOS SANTOS,PSTU,Deputado Estadual,1,2022
0274,18000,MARINA MEDEIROS HELOU,REDE,Deputado Estadual,153,2022
0274,18001,MARINA MOREIRA,REDE,Deputado Estadual,1,2022
0274,18010,BENEDITO RODRIGUES CORREA,REDE,Deputado Estadual,0,2022
0274,18012,ANTONIO CARLOS DE MORAES,REDE,Deputado Estadual,0,2022
0274,18013,ANTONIO CARLOS MUNHOZ,REDE,Deputado Estadual,13,2022
0274,18016,JULIANA GORGA SALVETTI,REDE,Deputado Estadual,0,2022
0274,18018,MARIANA DUARTE GARCIA DE LACERDA,REDE,Deputado Estadual,0,2022
0274,18019,MARIO EDUARDO DA SILVA,REDE,Deputado Estadual,0,2022
0274,18100,RAFAEL CASTRO KOCIAN,REDE,Deputado Estadual,4,2022
0274,18109,ISTÊNIO VIANA MELLO,REDE,Deputado Estadual,0,2022
0274,18111,OLINDA CAETANO GARCIA,REDE,Deputado Estadual,0,2022
0274,18123,EMERSON MARCIO VITALINO,REDE,Deputado Estadual,5,2022
0274,18180,BUDGA DEROBY NHAMBIQUARA,REDE,Deputado Estadual,6,2022
0274,18181,THÍFANY FELIX GUIMARÃES,REDE,Deputado Estadual,0,2022
0274,18188,ERIVELTON PEREIRA RAMOS,REDE,Deputado Estadual,1,2022
0274,18199,LILIAN CRISTINA DOS SANTOS FARIA,REDE,Deputado Estadual,0,2022
0274,18270,EDILMA MARIA DA SILVA,REDE,Deputado Estadual,0,2022
0274,18420,RUBENS EDUARDO DOCAMPO ANTONINI,REDE,Deputado Estadual,13,2022
0274,18441,EDILSON RODRIGO NOGUEIRA MARCIANO,REDE,Deputado Estadual,0,2022
0274,18456,ANDRE RICARDO DE SOUZA,REDE,Deputado Estadual,0,2022
0274,18555,JOSÉ MENINO DE OLIVEIRA,REDE,Deputado Estadual,0,2022
0274,18717,ANTOINE BALADY,REDE,Deputado Estadual,1,2022
0274,18777,RAFAEL BERNARDO FERREIRA SANTOS,REDE,Deputado Estadual,0,2022
0274,18800,HONÓRIO MARQUES DA SILVA,REDE,Deputado Estadual,0,2022
0274,18888,VICTOR AUGUSTO LINS MENDES,REDE,Deputado Estadual,36,2022
0274,19000,RAUL APARECIDO GONÇALVES PAULA,PODE,Deputado Estadual,12,2022
0274,19001,ATAIDE TERUEL PEREZ,PODE,Deputado Estadual,6,2022
0274,19002,JOSÉ CARLOS DE ALMEIDA,PODE,Deputado Estadual,0,2022
0274,19007,JAIRO DOS SANTOS,PODE,Deputado Estadual,1,2022
0274,19009,ESTER COSCARELLI DOMINGUES,PODE,Deputado Estadual,2,2022
0274,19011,JOBERT ALEXANDRINO,PODE,Deputado Estadual,2,2022
0274,19013,LARISSA FORJANES DOS SANTOS,PODE,Deputado Estadual,1,2022
0274,19015,MARCOS ESCAMES FÉLIX DA SILVA,PODE,Deputado Estadual,5,2022
0274,19019,GERSON DIAS PESSOA,PODE,Deputado Estadual,12,2022
0274,19020,URIÃ FANCELLI BAUMGARTNER,PODE,Deputado Estadual,30,2022
0274,19021,JOSÉ WALTER FIGUEIREDO SILVA,PODE,Deputado Estadual,6,2022
0274,19022,PEDRO MARIN BELMONTE NETO,PODE,Deputado Estadual,0,2022
0274,19023,PATRÍCIA MODESTO,PODE,Deputado Estadual,0,2022
0274,19027,CRISTIANE SILVA DE ALMEIDA SANTOS,PODE,Deputado Estadual,0,2022
0274,19030,JORGE GABRIEL GRASI,PODE,Deputado Estadual,0,2022
0274,19033,SABRINA PRADO DOS SANTOS,PODE,Deputado Estadual,0,2022
0274,19037,MARIA VILMA FIGUEIREDO DA SILVA JACINTO,PODE,Deputado Estadual,0,2022
0274,19054,ARLINDO AMARO DOS SANTOS,PODE,Deputado Estadual,0,2022
0274,19055,SILVAN PEREIRA DE SOUZA,PODE,Deputado Estadual,0,2022
0274,19069,ROBERTO MIGUEL REY JUNIOR,PODE,Deputado Estadual,13,2022
0274,19070,EMERSON FRACAROLI,PODE,Deputado Estadual,0,2022
0274,19077,JULIANA MARA DA SILVA SPADA,PODE,Deputado Estadual,0,2022
0274,19088,ELVIO ANTONIO PINOTTI NETO,PODE,Deputado Estadual,1,2022
0274,19097,ARLETE TAVARES DOS SANTOS BARBOSA,PODE,Deputado Estadual,0,2022
0274,19099,SILVIA MIRANDA NAGATA,PODE,Deputado Estadual,4,2022
0274,19100,RICARDO LONGATTI FRANÇA,PODE,Deputado Estadual,27,2022
0274,19101,CLARICE CARASSOL AREVALO GANEM,PODE,Deputado Estadual,409,2022
0274,19110,WAGNER BAPTISTA RIGUEIRA,PODE,Deputado Estadual,1,2022
0274,19111,GERSON DOS SANTOS PIRES,PODE,Deputado Estadual,112,2022
0274,19115,VERONICA COSMO AMERICO,PODE,Deputado Estadual,0,2022
0274,19119,GABRIEL PINELLI FERRAZ,PODE,Deputado Estadual,0,2022
0274,19123,MARCIO PASCHOAL GIUDICIO,PODE,Deputado Estadual,5,2022
0274,19125,MARIZETE GOMES DE MAGALHÃES BERGAMIN,PODE,Deputado Estadual,1,2022
0274,19133,TATIANA DE FREITAS SIVIERO,PODE,Deputado Estadual,2,2022
0274,19141,LUIS ANTONIO DE SOUZA,PODE,Deputado Estadual,0,2022
0274,19147,AURELIANO CARNEIRO DE LIMA,PODE,Deputado Estadual,0,2022
0274,19153,JOSELITO DE SOUSA LIMA,PODE,Deputado Estadual,5,2022
0274,19157,RODRIGO FEITOSA LOPES,PODE,Deputado Estadual,0,2022
0274,19179,CRISTIANE VIVIAN ALVES GOMES,PODE,Deputado Estadual,4,2022
0274,19190,MAURO MARQUES DAS NEVES,PODE,Deputado Estadual,2,2022
0274,19192,ALDO FERNANDO NUNES,PODE,Deputado Estadual,0,2022
0274,19196,SÉRGIO DONIZETE FERREIRA,PODE,Deputado Estadual,0,2022
0274,19197,ELIANA CONRADO GOTTSFRITZ FERNANDES,PODE,Deputado Estadual,0,2022
0274,19199,VICTOR MORAES FILHO,PODE,Deputado Estadual,1,2022
0274,19200,DANIEL DA ROCHA MARTINI,PODE,Deputado Estadual,3,2022
0274,19209,FÁBIO ANDRÉ CAPUTO FERRACINI,PODE,Deputado Estadual,3,2022
0274,19219,SANDRA DE AMORIM BARBOSA DE OLIVEIRA,PODE,Deputado Estadual,0,2022
0274,19222,ADILSON DOMINGOS CENSI,PODE,Deputado Estadual,31,2022
0274,19233,CHARLES DOS ANJOS,PODE,Deputado Estadual,0,2022
0274,19234,FABIO LEANDRO CARDOSO TEIXEIRA,PODE,Deputado Estadual,0,2022
0274,19252,FÁBIO FARIAS DE SÁ,PODE,Deputado Estadual,5,2022
0274,19299,EDUARDO LIMA DE SOUZA,PODE,Deputado Estadual,16,2022
0274,19300,EDUARDO CARNEIRO MARTINS,PODE,Deputado Estadual,1,2022
0274,19313,ELISÂNGELA VENTURA ROCHA,PODE,Deputado Estadual,0,2022
0274,19321,LEONARDO DA SILVA BRIGAGÃO,PODE,Deputado Estadual,10,2022
0274,19333,GUILHERME ANDREW GONÇALVES DA SILVA,PODE,Deputado Estadual,54,2022
0274,19345,ANDRE MARTINS MACHADO,PODE,Deputado Estadual,0,2022
0274,19360,TÁBATA FREITAS MANZOLI,PODE,Deputado Estadual,2,2022
0274,19400,JOSE BISPO DOS SANTOS FILHO,PODE,Deputado Estadual,1,2022
0274,19444,MALBA TANIA RODRIGUES ABRANTES COELHO GOMES,PODE,Deputado Estadual,0,2022
0274,19454,MARISTELA MORESCHI RIBEIRO NADER,PODE,Deputado Estadual,51,2022
0274,19456,ADRIANO SANTANA DOS SANTOS,PODE,Deputado Estadual,0,2022
0274,19490,CARLOS HENRIQUE SILVESTRE GARZON,PODE,Deputado Estadual,0,2022
0274,19500,KLEBER CABRAL,PODE,Deputado Estadual,19,2022
0274,19519,EDUARDO DOS REIS MAGOGA,PODE,Deputado Estadual,284,2022
0274,19555,GREGÓRIO MATIAS DE FREITAS,PODE,Deputado Estadual,2,2022
0274,19565,HENRIQUE LOPES SILVA,PODE,Deputado Estadual,0,2022
0274,19577,JOSÉ EDUARDO DOS SANTOS,PODE,Deputado Estadual,1,2022
0274,19600,ANDERSON DOS SANTOS MARTINS DE SOUZA,PODE,Deputado Estadual,1,2022
0274,19619,CÉSAR AUGUSTO JOSÉ,PODE,Deputado Estadual,1,2022
0274,19650,MARCOS ANTONIO SERAFIM BERNARDES JUNIOR,PODE,Deputado Estadual,0,2022
0274,19666,RUBENS CESTARI CAMPOS,PODE,Deputado Estadual,0,2022
0274,19667,MARIA APARECIDA DA COSTA BATISTA,PODE,Deputado Estadual,0,2022
0274,19678,PÉRICLES RÉGIS MENDONÇA DE LIMA,PODE,Deputado Estadual,2,2022
0274,19699,DOUGLAS BORGONI,PODE,Deputado Estadual,0,2022
0274,19700,CARLOS ALEXANDRE VIANNA SOARES,PODE,Deputado Estadual,11,2022
0274,19714,CARLOS EDUARDO NOBREGA,PODE,Deputado Estadual,7,2022
0274,19719,ALESSANDRA CRISTIANE SOARES GARCIA ALGARIN,PODE,Deputado Estadual,10,2022
0274,19753,VLADIMIR CODINHOTO,PODE,Deputado Estadual,2,2022
0274,19755,VANICE IZAURA CAMARGO COSTA DA SILVA,PODE,Deputado Estadual,1,2022
0274,19762,FABIO DUARTE,PODE,Deputado Estadual,3,2022
0274,19775,MARIA APARECIDA BORGES DE MACEDO,PODE,Deputado Estadual,0,2022
0274,19777,EDSON RODRIGUES,PODE,Deputado Estadual,20,2022
0274,19778,ANTONIO CARLOS BOLGIONI,PODE,Deputado Estadual,0,2022
0274,19789,CUSTODIA DE SOUZA RANGEL,PODE,Deputado Estadual,0,2022
0274,19798,DEISE DUARTE,PODE,Deputado Estadual,0,2022
0274,19800,MURILO BERBERT AVIGO FELIX,PODE,Deputado Estadual,33,2022
0274,19888,JAE KRUN PARK KIM,PODE,Deputado Estadual,23,2022
0274,19900,MARCOS PAULO TAVARES FURLAN,PODE,Deputado Estadual,24,2022
0274,19911,MARCOS MENDES DA SILVA,PODE,Deputado Estadual,0,2022
0274,19987,QUELEN HELOISA DOS SANTOS VANDERLEI,PODE,Deputado Estadual,1,2022
0274,19991,MARIA DO CARMO PORTELA RUMBO,PODE,Deputado Estadual,0,2022
0274,19992,DANIEL ARAUJO NEVES SANTIAGO LIMA,PODE,Deputado Estadual,5,2022
0274,19999,ALVARO COSTA VIEIRA,PODE,Deputado Estadual,12,2022
0274,20000,MARCELO THEODORO DE AGUIAR,PSC,Deputado Estadual,65,2022
0274,20001,DIEGO VOLGARINE PARDAL,PSC,Deputado Estadual,0,2022
0274,20002,JEAN ALEX DE ANDRADE DOS SANTOS,PSC,Deputado Estadual,0,2022
0274,20003,ELZA DIAS AMARO,PSC,Deputado Estadual,0,2022
0274,20004,RITA VALÉRIA ALVES,PSC,Deputado Estadual,0,2022
0274,20005,EVANDRO ANTONIO RAMOS TERRA VARONIL DE SOUSA,PSC,Deputado Estadual,3,2022
0274,20007,JOEL BATISTA RAMOS,PSC,Deputado Estadual,1,2022
0274,20010,CAIO ALEXANDRE GOMES DA SILVA,PSC,Deputado Estadual,0,2022
0274,20011,CLÁUDIO DO NASCIMENTO TORRES,PSC,Deputado Estadual,2,2022
0274,20012,ELTON ALVES RIBEIRO DE CARVALHO JUNIOR,PSC,Deputado Estadual,16,2022
0274,20015,ELIANE MARIA DE SANTANA OLIVEIRA,PSC,Deputado Estadual,0,2022
0274,20018,GILBERTO SANTOS SILVA DE VASCONCELOS,PSC,Deputado Estadual,0,2022
0274,20020,MARCO ANTONIO BIOTO,PSC,Deputado Estadual,48,2022
0274,20021,LUCIA DE FATIMA SILVA ROSIM,PSC,Deputado Estadual,2,2022
0274,20022,LUIS DONIZETTI VAZ JUNIOR,PSC,Deputado Estadual,4,2022
0274,20023,ANGELO ANTONIO BUCIOLOTI,PSC,Deputado Estadual,1,2022
0274,20025,ALEXSANDRA BEZERRA LEITE DA SILVA,PSC,Deputado Estadual,1,2022
0274,20028,VÂNIA FERREIRA DE FRANÇA,PSC,Deputado Estadual,1,2022
0274,20033,AGILDO FAUSTINO DOS SANTOS JUNIOR,PSC,Deputado Estadual,0,2022
0274,20035,MARIA JOSE DA SILVA,PSC,Deputado Estadual,0,2022
0274,20038,LEANDRO ALVES,PSC,Deputado Estadual,1,2022
0274,20040,SONIA DA SILVA LIMA,PSC,Deputado Estadual,0,2022
0274,20044,JOSÉ ROBERTO DE MELLO,PSC,Deputado Estadual,4,2022
0274,20057,WAGNER DE AVILA RIBEIRO,PSC,Deputado Estadual,3,2022
0274,20077,ALLINSON PAULO NUNES,PSC,Deputado Estadual,1,2022
0274,20080,MILTON BEZERRA FEITOZA,PSC,Deputado Estadual,1,2022
0274,20088,GIRLANE LIMA DE SOUZA,PSC,Deputado Estadual,0,2022
0274,20100,FELIPE TALVANI SONTINI,PSC,Deputado Estadual,9,2022
0274,20120,OZELITO JOSÉ BENEDITO,PSC,Deputado Estadual,16,2022
0274,20122,FABIO SANTOS DE OLIVEIRA,PSC,Deputado Estadual,4,2022
0274,20123,HELIO DONIZETE ZANATTA,PSC,Deputado Estadual,298,2022
0274,20124,VALERIA DE CAMPOS BALBINO,PSC,Deputado Estadual,0,2022
0274,20133,EDIVALDO SILVA MEIRA,PSC,Deputado Estadual,1,2022
0274,20140,ODETE BARBOSA DA SILVA,PSC,Deputado Estadual,0,2022
0274,20141,TRACE CAROLINE DIAS DAS CHAGAS,PSC,Deputado Estadual,0,2022
0274,20147,ANISTALDO LUIZ LOPES DA SILVA,PSC,Deputado Estadual,20,2022
0274,20150,NILSON PEREIRA DUARTE,PSC,Deputado Estadual,1,2022
0274,20153,RICARDO DOS SANTOS SATURNO,PSC,Deputado Estadual,0,2022
0274,20180,CLAUDETE MARTINS SANTOS DE ANDRADE,PSC,Deputado Estadual,16,2022
0274,20190,LUIZ PAULO MADALHANO MAGALHÃES,PSC,Deputado Estadual,162,2022
0274,20200,WELINGTON APARECIDO ALFREDO,PSC,Deputado Estadual,5,2022
0274,20201,SEBASTIÃO RAIMUNDO DE OLIVEIRA,PSC,Deputado Estadual,1,2022
0274,20202,JOHN GOKI KAGE,PSC,Deputado Estadual,15,2022
0274,20212,CARLOS ROBERTO BATISTA DOS SANTOS,PSC,Deputado Estadual,1,2022
0274,20220,LIDIA FREITAS DO NASCIMENTO,PSC,Deputado Estadual,2,2022
0274,20222,ROSIRENE DE JESUS SANTOS,PSC,Deputado Estadual,2,2022
0274,20227,SANDRA PEDROSA GARCIA DOS SANTOS,PSC,Deputado Estadual,0,2022
0274,20234,VERA LUCIA DE SOUZA BUENO URBAN,PSC,Deputado Estadual,0,2022
0274,20250,DÁRIO CASSIANO DE SOUZA,PSC,Deputado Estadual,2,2022
0274,20297,ENID KREBSKY DE CARVALHO,PSC,Deputado Estadual,0,2022
0274,20300,MARILDA DE SANTANA GIRON,PSC,Deputado Estadual,0,2022
0274,20320,JOSÉ CARLOS FURIOSO,PSC,Deputado Estadual,170,2022
0274,20322,LENILSON ALVES DE LIMA,PSC,Deputado Estadual,0,2022
0274,20330,ALLAN DAVID FERREIRA DE LIMA,PSC,Deputado Estadual,1,2022
0274,20333,VALDENIR JOSÉ BITIU,PSC,Deputado Estadual,7,2022
0274,20345,IZILDA DE LOURDES ALIPIO,PSC,Deputado Estadual,0,2022
0274,20350,DOUGLAS VANDERLEI AUGUSTO,PSC,Deputado Estadual,0,2022
0274,20400,MOACIR COVA,PSC,Deputado Estadual,5,2022
0274,20420,ARIELY PEDROSO SILVA PRETER,PSC,Deputado Estadual,0,2022
0274,20422,HELENA IZABEL DA SILVA GOMES,PSC,Deputado Estadual,2,2022
0274,20456,JÚLIO CESAR FUZARI,PSC,Deputado Estadual,2,2022
0274,20500,LEANDRO JERONIMO BASSON,PSC,Deputado Estadual,37,2022
0274,20520,FERNANDO ROCHA GARCIA,PSC,Deputado Estadual,0,2022
0274,20522,RENAN DIAS DA MATA,PSC,Deputado Estadual,4,2022
0274,20555,CRISTIANE FERREIRA PASSOS LASTÓRIA,PSC,Deputado Estadual,1,2022
0274,20600,GUSTAVO MESQUITA GALVÃO BUENO,PSC,Deputado Estadual,35,2022
0274,20611,VALTER FAUSTINO MARTINS JUNIOR,PSC,Deputado Estadual,0,2022
0274,20620,PEDRO MARQUES FERREIRA ASSAD,PSC,Deputado Estadual,1,2022
0274,20627,AIRTON DOS SANTOS,PSC,Deputado Estadual,0,2022
0274,20629,ELISABETE NATALI ALVARENGA,PSC,Deputado Estadual,0,2022
0274,20666,TIAGO DE OLIVEIRA SOUZA,PSC,Deputado Estadual,0,2022
0274,20678,MARCOS APARECIDO BARROS DE LIMA,PSC,Deputado Estadual,1,2022
0274,20700,THIAGO RODRIGO ROCHITI,PSC,Deputado Estadual,3,2022
0274,20720,ANTÔNIO MANOEL,PSC,Deputado Estadual,1,2022
0274,20722,ANDERSON RUGEL VAZ,PSC,Deputado Estadual,0,2022
0274,20745,SILVIO BARBOSA LOPES FILHO,PSC,Deputado Estadual,0,2022
0274,20777,RELDER SANDRO DE SOUZA FIALHO,PSC,Deputado Estadual,4,2022
0274,20789,ANDRE MARCOS DE ABREU,PSC,Deputado Estadual,0,2022
0274,20800,FREDERICH GERALDO MARTINS,PSC,Deputado Estadual,1,2022
0274,20820,ADILSON RIBEIRO,PSC,Deputado Estadual,1,2022
0274,20888,MAURÍCIO FERREIRA LIMA,PSC,Deputado Estadual,0,2022
0274,20900,PAULO SERGIO GALTERIO,PSC,Deputado Estadual,79,2022
0274,20920,EDNA CHRISTINA SANTIAGO,PSC,Deputado Estadual,0,2022
0274,21000,GABRIEL VIGHY DE CARVALHO,PCB,Deputado Estadual,34,2022
0274,21001,MICHEL LEITE VIANA,PCB,Deputado Estadual,5,2022
0274,21100,FABIANA TAYANE MEDRADO DA CRUZ,PCB,Deputado Estadual,16,2022
0274,22000,DIMAS MECCA SAMPAIO,PL,Deputado Estadual,1017,2022
0274,22001,MONICA BATALHA PRADO,PL,Deputado Estadual,10,2022
0274,22002,REGIS LEANDRO YASUMURA,PL,Deputado Estadual,4,2022
0274,22007,DANILO MASCARENHAS DE BALAS,PL,Deputado Estadual,172,2022
0274,22008,FELIPE CARMONA CANTERA,PL,Deputado Estadual,100,2022
0274,22010,ANDRE LUIS BUENO,PL,Deputado Estadual,23,2022
0274,22011,KAREN LIMA VIEIRA,PL,Deputado Estadual,4,2022
0274,22012,JULIO CESAR PEREIRA DE SOUZA,PL,Deputado Estadual,7,2022
0274,22013,TIAGO MARTINS PERETTO,PL,Deputado Estadual,0,2022
0274,22022,ANA PAULA ROSSI DE ALMEIDA MAGDESIAN,PL,Deputado Estadual,36,2022
0274,22030,JOÃO CÉSAR DE MORAES,PL,Deputado Estadual,14,2022
0274,22038,AMERICO MASSAKI HIGUTI,PL,Deputado Estadual,101,2022
0274,22045,VIVIANE ROBERTA MATIOLI,PL,Deputado Estadual,6,2022
0274,22047,VICENTE PAULA RIBEIRO,PL,Deputado Estadual,6,2022
0274,22051,FABIANA DE LIMA BARROSO,PL,Deputado Estadual,149,2022
0274,22057,IVETA DE SOUZA ALVES,PL,Deputado Estadual,1,2022
0274,22058,ANDROMEDES BARBOSA OKABE,PL,Deputado Estadual,12,2022
0274,22070,MARIA DE FÁTIMA ALVES BARBOSA,PL,Deputado Estadual,5,2022
0274,22090,JOSE BRAZ DE OLIVEIRA JUNIOR,PL,Deputado Estadual,13,2022
0274,22099,CRISTIANY DE CASTRO,PL,Deputado Estadual,12,2022
0274,22100,BRUNO ZAMBELLI SALGADO,PL,Deputado Estadual,1291,2022
0274,22111,CLAUDIO NAZARENO SOUZA DE QUEIROZ,PL,Deputado Estadual,8,2022
0274,22112,CARLOS CEZAR DA SILVA,PL,Deputado Estadual,725,2022
0274,22120,GILDEVANIO ILSO DOS SANTOS DINIZ,PL,Deputado Estadual,944,2022
0274,22122,MARCIA TAPIGLIANI BAPTISTA,PL,Deputado Estadual,44,2022
0274,22123,RICARDO ROSSI MADALENA,PL,Deputado Estadual,21,2022
0274,22138,ROBERVAL CONTE LOPES LIMA,PL,Deputado Estadual,585,2022
0274,22144,LUIZ CARLOS DA COSTA VALLE,PL,Deputado Estadual,36,2022
0274,22150,RAFAEL RIBEIRO ZUCCO,PL,Deputado Estadual,66,2022
0274,22180,RAQUEL KOBASHI GALLINATI LOMBARDI,PL,Deputado Estadual,299,2022
0274,22181,HUGO PEREIRA DE CASTRO,PL,Deputado Estadual,8,2022
0274,22190,SERGIO CALDAS SANTANA,PL,Deputado Estadual,29,2022
0274,22200,DONIZETE ALVES BARBOSA,PL,Deputado Estadual,23,2022
0274,22211,CARLOS AGUIAR DE ANDRADE,PL,Deputado Estadual,8,2022
0274,22212,TIAGO FINESSI,PL,Deputado Estadual,10,2022
0274,22221,SERGIO MATHEUS SANTOS GARCEZ,PL,Deputado Estadual,52,2022
0274,22222,MARCOS ROBERTO DAMASIO DA SILVA,PL,Deputado Estadual,452,2022
0274,22223,DANILO BERTIPAGLIA BARNABÉ,PL,Deputado Estadual,79,2022
0274,22225,JOSE CARLOS FERREIRA VILELA,PL,Deputado Estadual,6,2022
0274,22230,ANNE CAROLINE SILVA,PL,Deputado Estadual,9,2022
0274,22232,ANA CRISTINA VARGAS CALDEIRA,PL,Deputado Estadual,10,2022
0274,22233,SIRINEU DE ARAUJO SANTOS,PL,Deputado Estadual,19,2022
0274,22244,THIAGO SANTOS ALVES DE SOUSA,PL,Deputado Estadual,2,2022
0274,22250,ALISSON GUIMARÃES PEREIRA DE SOUZA,PL,Deputado Estadual,44,2022
0274,22252,TATIANA REGINA CRISCUOLO,PL,Deputado Estadual,0,2022
0274,22288,OSCAR CASTELO BRANCO DE LUCA,PL,Deputado Estadual,113,2022
0274,22290,JUCIANE APARECIDA DA CUNHA,PL,Deputado Estadual,6,2022
0274,22299,VICENTE FERNANDES CASCIONE,PL,Deputado Estadual,23,2022
0274,22300,RICARDO RIBEIRO PEDROSO,PL,Deputado Estadual,7,2022
0274,22322,DANIELE MAZUQUELI ALONSO,PL,Deputado Estadual,49,2022
0274,22330,GIOVANNI BARBIERATTO,PL,Deputado Estadual,3,2022
0274,22333,EDNALDO DOS SANTOS PASSOS,PL,Deputado Estadual,9,2022
0274,22338,ROGÉRIO DA SILVA SANTOS,PL,Deputado Estadual,7,2022
0274,22343,THIAGO REIS AURICCHIO,PL,Deputado Estadual,167,2022
0274,22345,ROY NELSON PINTO,PL,Deputado Estadual,2,2022
0274,22373,ALESSANDRA ALMEIDA PEREIRA,PL,Deputado Estadual,3,2022
0274,22380,CLAUDIO FERNANDO DE AGUIAR,PL,Deputado Estadual,5,2022
0274,22390,JULIANO DA SILVA MELO,PL,Deputado Estadual,1,2022
0274,22400,MARILZA JOANA GARCIA DE MELO,PL,Deputado Estadual,14,2022
0274,22422,PAULO JORGE MANSUR NETO,PL,Deputado Estadual,1030,2022
0274,22424,MARCELA REGINA RODRIGUES DA CUNHA,PL,Deputado Estadual,0,2022
0274,22433,JOSE GUSTAVO DUARTE DE ARAÚJO,PL,Deputado Estadual,26,2022
0274,22444,MATHEUS COIMBRA MARTINS DE AGUIAR,PL,Deputado Estadual,472,2022
0274,22456,ANTONIO CARLOS ALBINO,PL,Deputado Estadual,49,2022
0274,22491,VALDETE GUEDES DE OLIVEIRA,PL,Deputado Estadual,1,2022
0274,22500,LUCAS DIEZ BOVE,PL,Deputado Estadual,613,2022
0274,22522,JOSE FERNANDES DE LIRA JUNIOR,PL,Deputado Estadual,7,2022
0274,22541,RODRIGO AUGUSTO MORAES,PL,Deputado Estadual,106,2022
0274,22550,LUCAS PAVAN ZANATTA,PL,Deputado Estadual,18,2022
0274,22553,THELMA ELAINE BRASILEIRO ROBERTI,PL,Deputado Estadual,408,2022
0274,22555,FABIO ROGÉRIO CANDIDO,PL,Deputado Estadual,321,2022
0274,22556,CARLOS EDUARDO THOMAZ PEDROSO,PL,Deputado Estadual,6,2022
0274,22566,WANDERLENE IEDA BACARO DE BRITO,PL,Deputado Estadual,2,2022
0274,22567,IZAQUE JOSÉ DA SILVA,PL,Deputado Estadual,0,2022
0274,22580,ANA CLAUDIA PERES LUCAS LOPES,PL,Deputado Estadual,42,2022
0274,22600,UBIRATAN SILVEIRA GARCIA,PL,Deputado Estadual,2,2022
0274,22622,JOSEPH RAFFOUL JUNIOR,PL,Deputado Estadual,23,2022
0274,22677,ANDERSON FABIANO PUPO FERNANDES,PL,Deputado Estadual,4,2022
0274,22678,ISAC FELIX DOS SANTOS,PL,Deputado Estadual,18,2022
0274,22700,EDNE JOSE PIFFER JUNIOR,PL,Deputado Estadual,3,2022
0274,22711,ANITA DOS SANTOS TAKAIYASU,PL,Deputado Estadual,1,2022
0274,22722,ISABELA CRISTINA CARDOSO DA CRUZ,PL,Deputado Estadual,2,2022
0274,22762,JOSE CARLOS FERNANDES,PL,Deputado Estadual,19,2022
0274,22765,REGIANE ROCHA,PL,Deputado Estadual,0,2022
0274,22777,ALEXANDER MUNIZ DE OLIVEIRA,PL,Deputado Estadual,38,2022
0274,22789,DANIEL ROSSI,PL,Deputado Estadual,5,2022
0274,22800,CLODOALDO APARECIDO DE MORAES,PL,Deputado Estadual,4,2022
0274,22808,FABRIZIO FASANO JUNIOR,PL,Deputado Estadual,108,2022
0274,22822,ANTONIO GINACK JUNIOR,PL,Deputado Estadual,14,2022
0274,22888,GRACIELA DE LOURDES DAVID AMBROSIO,PL,Deputado Estadual,45,2022
0274,22900,FLAVIO GONÇALVES DA COSTA,PL,Deputado Estadual,166,2022
0274,22921,ANTONIO BESERRA LIMA,PL,Deputado Estadual,0,2022
0274,22922,VALERIA MULLER RAMOS BOLSONARO,PL,Deputado Estadual,2861,2022
0274,22999,ANDRE LUIS DO PRADO,PL,Deputado Estadual,30,2022
0274,23000,RAFAEL FERNANDO ZIMBALDI,CIDADANIA,Deputado Estadual,3038,2022
0274,23001,LUZIMAR BARBOSA DA SILVA,CIDADANIA,Deputado Estadual,0,2022
0274,23011,HARLLEM GONÇALVES DE OLIVEIRA,CIDADANIA,Deputado Estadual,0,2022
0274,23023,ANA CAROLINA ROSSI BARRETO SERRA,CIDADANIA,Deputado Estadual,13,2022
0274,23123,CAROLINE GOMES FERREIRA DE MELLO,CIDADANIA,Deputado Estadual,13,2022
0274,23131,FABIOLA TATCHER MARTINS RODA,CIDADANIA,Deputado Estadual,0,2022
0274,23230,RODRIGO CAPEL,CIDADANIA,Deputado Estadual,0,2022
0274,23231,LUCIANA CRISTINA MENDES SANTOS,CIDADANIA,Deputado Estadual,0,2022
0274,23233,MARIO LACERDA SOUZA,CIDADANIA,Deputado Estadual,30,2022
0274,23333,RICARDO MARCILIO MONTEIRO,CIDADANIA,Deputado Estadual,71,2022
0274,23451,LEANDRO FRANCOIS DE ALMEIDA,CIDADANIA,Deputado Estadual,3,2022
0274,23455,VALMIR ROSA,CIDADANIA,Deputado Estadual,3,2022
0274,23456,ANTONIO DIRCEU DALBEN,CIDADANIA,Deputado Estadual,444,2022
0274,23479,ROSEMEIRE RIBEIRO,CIDADANIA,Deputado Estadual,0,2022
0274,23510,CARLOS AUGUSTO ABRANCHES,CIDADANIA,Deputado Estadual,8,2022
0274,23623,ROBERTO TURCHI DE MORAIS,CIDADANIA,Deputado Estadual,20,2022
0274,23777,CARLOS AUGUSTO DA CUNHA SILVA,CIDADANIA,Deputado Estadual,0,2022
0274,23888,LI LI MIN,CIDADANIA,Deputado Estadual,210,2022
0274,27011,ALEXANDRE HARTMANN,DC,Deputado Estadual,0,2022
0274,27113,EVERILDA XAVIER MOREIRA,DC,Deputado Estadual,0,2022
0274,27123,AHMAD ABOU ADILE,DC,Deputado Estadual,0,2022
0274,27133,ANTONIO GENARO PEREIRA DA SILVA,DC,Deputado Estadual,0,2022
0274,27251,JOSE CANDIDO DA SILVA,DC,Deputado Estadual,0,2022
0274,27277,MARCELO PEREIRA,DC,Deputado Estadual,0,2022
0274,27321,ALEXANDRE CABRAL DE OLIVEIRA,DC,Deputado Estadual,0,2022
0274,27500,ODILIA CRISTINA SANTOS DO NASCIMENTO,DC,Deputado Estadual,0,2022
0274,27653,MARIA ROSA DE ALBUQUERQUE,DC,Deputado Estadual,0,2022
0274,27866,ANTÔNIO ROCHA DOS SANTOS,DC,Deputado Estadual,0,2022
0274,27911,JOSÉ FÁBIO DOS SANTOS SILVA,DC,Deputado Estadual,0,2022
0274,28000,JOSE VINICIUS CAMPOS AITH,PRTB,Deputado Estadual,10,2022
0274,28003,FRANCISCO SEVERIANO DA SILVA,PRTB,Deputado Estadual,0,2022
0274,28007,BIANCA CESÁRIO DE OLIVEIRA,PRTB,Deputado Estadual,1,2022
0274,28008,EMERSON ZOCCHI,PRTB,Deputado Estadual,2,2022
0274,28014,ANTONIO JOSE FERREIRA,PRTB,Deputado Estadual,0,2022
0274,28018,MARCIA RAICHER,PRTB,Deputado Estadual,0,2022
0274,28020,CRISTIANE NOVAK,PRTB,Deputado Estadual,3,2022
0274,28022,PAULO ROBERTO DIAS PEREIRA,PRTB,Deputado Estadual,4,2022
0274,28023,WELLITON BEZERRA DA SILVA,PRTB,Deputado Estadual,2,2022
0274,28025,FERNANDA APARECIDA GOMES DA SILVA CAETANO,PRTB,Deputado Estadual,0,2022
0274,28028,SAMUEL PORFIRIO FRANCA,PRTB,Deputado Estadual,0,2022
0274,28033,JOSE DE SOUZA JUNIOR,PRTB,Deputado Estadual,0,2022
0274,28038,FABIANO GABRIEL CARVALHO SILVA,PRTB,Deputado Estadual,0,2022
0274,28050,PAULA MICHELLE DIAS,PRTB,Deputado Estadual,0,2022
0274,28056,THIAGO FELIPE NEVES,PRTB,Deputado Estadual,0,2022
0274,28069,ROGERIO JACOMO MICHELETTI,PRTB,Deputado Estadual,0,2022
0274,28070,DANIELE ANSELMO DE MORAIS,PRTB,Deputado Estadual,0,2022
0274,28088,MARCELO MAMBRINI,PRTB,Deputado Estadual,1,2022
0274,28099,ANTONIO D AGOSTINO,PRTB,Deputado Estadual,0,2022
0274,28100,ANA ANGELA PALERMO,PRTB,Deputado Estadual,0,2022
0274,28111,DJALMA DE LIMA SANTOS,PRTB,Deputado Estadual,1,2022
0274,28122,WALTER NOLA,PRTB,Deputado Estadual,1,2022
0274,28128,LIVIA MARIA RODRIGUES FIDELIX DA CRUZ,PRTB,Deputado Estadual,1,2022
0274,28145,ANDRESSA MAZZEI SIGNORETTI DA SILVA,PRTB,Deputado Estadual,0,2022
0274,28148,JOSE APARECIDO ROSA FILHO,PRTB,Deputado Estadual,0,2022
0274,28173,ALMIRO RODRIGUES RIBEIRO,PRTB,Deputado Estadual,0,2022
0274,28177,MARCELO LOPES,PRTB,Deputado Estadual,8,2022
0274,28190,LUCIANO GALESCO,PRTB,Deputado Estadual,22,2022
0274,28193,ROBERTO CASTRO COSTA,PRTB,Deputado Estadual,0,2022
0274,28199,SANDRO APARECIDO BATISTA,PRTB,Deputado Estadual,2,2022
0274,28200,JULIO CESAR FRANCISCO,PRTB,Deputado Estadual,0,2022
0274,28228,EDSON ROBERTO ALOISIO,PRTB,Deputado Estadual,0,2022
0274,28238,ADILSON ALVES LUZ,PRTB,Deputado Estadual,0,2022
0274,28248,SHIRLEY VITORIA BERLINI CODREANSCHI,PRTB,Deputado Estadual,0,2022
0274,28280,CLAUDIO MARTINS NEVES DE FRANCA,PRTB,Deputado Estadual,0,2022
0274,28281,MAGNA DA SILVA,PRTB,Deputado Estadual,0,2022
0274,28285,LEANDRO FERREIRA FELICIANO,PRTB,Deputado Estadual,14,2022
0274,28286,LUANA SILVA QUEIROZ,PRTB,Deputado Estadual,1,2022
0274,28289,PASCOAL LEAL DE PAULA,PRTB,Deputado Estadual,0,2022
0274,28290,LUIS HENRIQUE USAI,PRTB,Deputado Estadual,4,2022
0274,28300,IEDA MARIA NOGUEIRA SILVA,PRTB,Deputado Estadual,0,2022
0274,28311,DIONE FRANCISCO DA SILVA,PRTB,Deputado Estadual,0,2022
0274,28312,MICHAEL WILLI DA SILVA STREIDL,PRTB,Deputado Estadual,38,2022
0274,28317,ROSANGELA SALVIANO POLIDO VAZ,PRTB,Deputado Estadual,0,2022
0274,28321,VANDERLEI GROSSI DA SILVA,PRTB,Deputado Estadual,0,2022
0274,28322,ALEUSON ROSA DA SILVA,PRTB,Deputado Estadual,0,2022
0274,28328,GIANE DA SILVA FERREIRA,PRTB,Deputado Estadual,2,2022
0274,28333,MIGUEL AFFONSO COIMBRA NETO,PRTB,Deputado Estadual,1,2022
0274,28357,MARDQUEU SILVIO FRANCA FILHO,PRTB,Deputado Estadual,149,2022
0274,28367,RENATA ROSA DE SA BOAVENTURA,PRTB,Deputado Estadual,0,2022
0274,28379,MADALENA BARBOSA DE SIQUEIRA,PRTB,Deputado Estadual,0,2022
0274,28386,BRAZ PEREIRA,PRTB,Deputado Estadual,0,2022
0274,28388,ANTONIO TARCIDO MARQUES FERNANDES,PRTB,Deputado Estadual,0,2022
0274,28400,MARCELO MENDES BINI,PRTB,Deputado Estadual,3,2022
0274,28419,GETULIO DE SOUSA SANTOS,PRTB,Deputado Estadual,0,2022
0274,28422,CICERO SEBASTIAO DE ARAUJO,PRTB,Deputado Estadual,0,2022
0274,28428,CLAUDIA CARVALHO DA ROCHA,PRTB,Deputado Estadual,0,2022
0274,28433,JOEL DE OLIVEIRA,PRTB,Deputado Estadual,0,2022
0274,28444,DANIELLE GOMES DE CARVALHO,PRTB,Deputado Estadual,33,2022
0274,28456,ADEMILSON RAMOS DA SILVA,PRTB,Deputado Estadual,0,2022
0274,28522,ROSANA DE ANDRADE MARQUES,PRTB,Deputado Estadual,0,2022
0274,28528,FABIAN ALVES RAMOS,PRTB,Deputado Estadual,0,2022
0274,28555,DAVID MONTEIRO DE MELLO,PRTB,Deputado Estadual,0,2022
0274,28622,EDMAR DIAS BRITO,PRTB,Deputado Estadual,2,2022
0274,28628,ANTONIO DA CUNHA LIMA,PRTB,Deputado Estadual,0,2022
0274,28633,ROBERTO FIGUEIREDO JUNIOR,PRTB,Deputado Estadual,1,2022
0274,28666,VÂNIA LUIZ AMANCIO,PRTB,Deputado Estadual,0,2022
0274,28700,RICARDO AZEVEDO DA SILVA,PRTB,Deputado Estadual,2,2022
0274,28741,JOSÉ MACENA DA SILVA FILHO,PRTB,Deputado Estadual,18,2022
0274,28765,LUCAS MARIANO DE CAMPOS,PRTB,Deputado Estadual,0,2022
0274,28780,JUAREZ PEREIRA DIAS,PRTB,Deputado Estadual,0,2022
0274,28788,FRANCISCO UELITON DE OLIVEIRA SOUZA,PRTB,Deputado Estadual,0,2022
0274,28800,WALTER RESENDE FILHO,PRTB,Deputado Estadual,1,2022
0274,28879,EVERTON REZENDE BELASCO,PRTB,Deputado Estadual,0,2022
0274,28886,RANGEL RODRIGO DE FIGUEIREDO BONELLI,PRTB,Deputado Estadual,0,2022
0274,28887,CLAUDINEI VIEIRA SOARES,PRTB,Deputado Estadual,12,2022
0274,28888,RENE SILVEIRA,PRTB,Deputado Estadual,0,2022
0274,28963,LEDIVAN LOPES SEABRA,PRTB,Deputado Estadual,0,2022
0274,28994,SEVERINA BENEDITA DA SILVA,PRTB,Deputado Estadual,0,2022
0274,28999,PEDRO IGOR RIBEIRO RAMOS,PRTB,Deputado Estadual,3,2022
0274,29029,NATÁLIA BRAGA COSTA PIMENTA,PCO,Deputado Estadual,4,2022
0274,29295,MARIA ANGELA ABDUCH,PCO,Deputado Estadual,0,2022
0274,29829,STEFANIA DE ALMEIDA ROBUSTELLI,PCO,Deputado Estadual,0,2022
0274,29999,RODRIGO ANTUNES DE LIMA,PCO,Deputado Estadual,0,2022
0274,30000,EDNEY BENEDITO SAMPAIO DUARTE JÚNIOR,NOVO,Deputado Estadual,60,2022
0274,30001,LEONE LUIZ DE FARIA JUNIOR,NOVO,Deputado Estadual,2,2022
0274,30003,KAIQUE CARDOSO VICENTE,NOVO,Deputado Estadual,0,2022
0274,30005,TAIS ALEXANDRE ZUZA CUSTÓDIO,NOVO,Deputado Estadual,3,2022
0274,30007,DIOGO DE FREITAS VALEIRO GARCIA,NOVO,Deputado Estadual,4,2022
0274,30008,MANOEL CORREA DA FONSECA NETO,NOVO,Deputado Estadual,0,2022
0274,30010,ANDRÉ NALEPA ABBUD,NOVO,Deputado Estadual,4,2022
0274,30011,MARCOS ANTONIO HOMSI GARCIA,NOVO,Deputado Estadual,3,2022
0274,30012,JOSÉ ALENCAR GALVÃO,NOVO,Deputado Estadual,0,2022
0274,30013,SÉRGIO ZAGARINO JUNIOR,NOVO,Deputado Estadual,1,2022
0274,30014,RODRIGO REY RODRIGUEZ,NOVO,Deputado Estadual,3,2022
0274,30015,CAROLINA ZANIRATO BUZONI,NOVO,Deputado Estadual,1,2022
0274,30016,IVAN PAULO PEREIRA DA SILVA,NOVO,Deputado Estadual,0,2022
0274,30018,BRUNO TIAGO DA SILVA BRANDINO,NOVO,Deputado Estadual,4,2022
0274,30020,YGOR FROES CARVALHO,NOVO,Deputado Estadual,0,2022
0274,30022,WILSON DE MELLO JUNIOR,NOVO,Deputado Estadual,0,2022
0274,30023,VÂNIA CRISTINA DA SILVA,NOVO,Deputado Estadual,2,2022
0274,30025,MATEUS JOSE DE CAMARGO STEFANI,NOVO,Deputado Estadual,0,2022
0274,30030,MONICA RAMIRES FERRAZ CURY,NOVO,Deputado Estadual,10,2022
0274,30033,WAGNER DE BRITO TEIXEIRA,NOVO,Deputado Estadual,1,2022
0274,30077,CAROLINE STAFOKER DA SILVA,NOVO,Deputado Estadual,4,2022
0274,30080,FERNANDO MARTINS,NOVO,Deputado Estadual,1,2022
0274,30100,EMILIO CURY JUNIOR,NOVO,Deputado Estadual,10,2022
0274,30111,RAFAEL PINTER,NOVO,Deputado Estadual,4,2022
0274,30123,CICERA SEVERINA DA CONCEIÇÃO MUSA,NOVO,Deputado Estadual,2,2022
0274,30130,MARIA CRISTINA DE OLIVEIRA,NOVO,Deputado Estadual,253,2022
0274,30153,MIRIAM MARIA ANTUNES DE SOUZA,NOVO,Deputado Estadual,90,2022
0274,30190,DOUGLAS HENRIQUE DE OLIVEIRA,NOVO,Deputado Estadual,34,2022
0274,30200,RAFAEL GUSTAVO BERNARDO,NOVO,Deputado Estadual,3,2022
0274,30202,PRISCILA GONÇALVES IEIRI PARRA,NOVO,Deputado Estadual,1,2022
0274,30222,MATILDE FÁTIMA ALVES CANUTO,NOVO,Deputado Estadual,1,2022
0274,30246,PAULO SÉRGIO CONTADOR MIRAS,NOVO,Deputado Estadual,109,2022
0274,30300,JOÃO VESTIM GRANDE,NOVO,Deputado Estadual,15,2022
0274,30301,EDUARDO ALMEIDA PERES,NOVO,Deputado Estadual,1,2022
0274,30303,DANIELLI CRISTIAN CARDOSO RÔA,NOVO,Deputado Estadual,11,2022
0274,30310,SILVANA MARQUES MONTEIRO,NOVO,Deputado Estadual,30,2022
0274,30321,VALMARA CRISTINA DE PAULA CAMARGO,NOVO,Deputado Estadual,7,2022
0274,30330,SILVIA BARNABE,NOVO,Deputado Estadual,0,2022
0274,30331,ANA PAULA MAGALHÃES DA SILVA PETILI,NOVO,Deputado Estadual,12,2022
0274,30333,EDSON TEIXEIRA,NOVO,Deputado Estadual,4,2022
0274,30345,ROMEU SÃO MARCOS ESCANHOELA,NOVO,Deputado Estadual,0,2022
0274,30369,TIAGO ROCHA FERREIRA,NOVO,Deputado Estadual,0,2022
0274,30400,LUIS GUILHERME PIRES,NOVO,Deputado Estadual,3,2022
0274,30444,ADALGISA SOLANGE SPINA,NOVO,Deputado Estadual,19,2022
0274,30456,CARLOS EDUARDO PEREZ,NOVO,Deputado Estadual,5,2022
0274,30500,SERGIO LUIZ VICTOR JUNIOR,NOVO,Deputado Estadual,74,2022
0274,30555,LUCAS PAVANATO DE OLIVEIRA,NOVO,Deputado Estadual,121,2022
0274,30600,LEONARDO DE SIQUEIRA LIMA,NOVO,Deputado Estadual,336,2022
0274,30700,LUCAS ROMERO DA SILVA,NOVO,Deputado Estadual,3,2022
0274,30730,HENRIQUE MAGALHÃES TEIXEIRA,NOVO,Deputado Estadual,669,2022
0274,30771,ODETE FIORDA,NOVO,Deputado Estadual,0,2022
0274,30777,CRISTIANE PEREIRA MACEDO,NOVO,Deputado Estadual,0,2022
0274,30800,RODRIGO BRUNO NAHAS,NOVO,Deputado Estadual,10,2022
0274,30878,MARCIO ANTONI SANTANA,NOVO,Deputado Estadual,0,2022
0274,30888,VITOR LUIS ARTIOLI KUNDRAT,NOVO,Deputado Estadual,2,2022
0274,30900,JURANDI SOARES GUIMARÃES,NOVO,Deputado Estadual,0,2022
0274,30972,ALEXANDRA DE ABREU,NOVO,Deputado Estadual,16,2022
0274,30987,MAURICIO AGUIAR GIUNTINI,NOVO,Deputado Estadual,0,2022
0274,30999,ANDRÉ LUIZ NAVARRO GARCIA MANZANO,NOVO,Deputado Estadual,4,2022
0274,33000,LUCCAS SANTOS DA CUNHA,PMN,Deputado Estadual,0,2022
0274,33006,PAMELA BARBOSA,PMN,Deputado Estadual,0,2022
0274,33007,SEBASTIÃO DE MESQUITA SILVA,PMN,Deputado Estadual,0,2022
0274,33010,FRANCISCO HORWATH NETO,PMN,Deputado Estadual,0,2022
0274,33017,GABRIELY DE LISIEUX LIMA BARBOSA,PMN,Deputado Estadual,0,2022
0274,33065,ADRIANA COELHO DE OLIVEIRA,PMN,Deputado Estadual,0,2022
0274,33100,PAULO CEZAR XAVIER ALEXANDRE,PMN,Deputado Estadual,0,2022
0274,33105,GENILDO RODRIGUES CASTRO,PMN,Deputado Estadual,0,2022
0274,33111,PATROCÍNIO RAMOS DA CRUZ NETO,PMN,Deputado Estadual,0,2022
0274,33112,GILMAR DIAS PEREIRA,PMN,Deputado Estadual,0,2022
0274,33120,SEBASTIÃO RIBEIRO DA SILVA,PMN,Deputado Estadual,0,2022
0274,33122,LUIZ MARQUES,PMN,Deputado Estadual,0,2022
0274,33123,ERICH DE ANDRES,PMN,Deputado Estadual,0,2022
0274,33133,ALESSANDRA VECCHIO SOBRINHO,PMN,Deputado Estadual,0,2022
0274,33136,AGNALDO ALVES PEREIRA,PMN,Deputado Estadual,0,2022
0274,33144,LUIZ FERNANDO BRASILIENSE,PMN,Deputado Estadual,0,2022
0274,33150,ROSILENE DOS SANTOS,PMN,Deputado Estadual,0,2022
0274,33190,FERNANDO DOS SANTOS CORREA,PMN,Deputado Estadual,0,2022
0274,33193,MARCOS DE OLIVEIRA SAMPAIO,PMN,Deputado Estadual,0,2022
0274,33199,PAULINA ROSA DE SOUZA JACINTO,PMN,Deputado Estadual,0,2022
0274,33222,GERALDO PEREIRA FILHO,PMN,Deputado Estadual,0,2022
0274,33234,IRENILDO ELIAS BARBOSA,PMN,Deputado Estadual,0,2022
0274,33240,IVAN CARLOS CONSTANTINO DE OLIVEIRA,PMN,Deputado Estadual,0,2022
0274,33246,JORGILENE ALVES SILVA,PMN,Deputado Estadual,0,2022
0274,33277,DORALICE SOUZA MATOS FAUSTINO,PMN,Deputado Estadual,0,2022
0274,33290,MÁRCIA LOPES DE ARAUJO,PMN,Deputado Estadual,0,2022
0274,33300,DAVI CICHETTO DE MORAES,PMN,Deputado Estadual,0,2022
0274,33312,MÁRCIA APARECIDA MENDES,PMN,Deputado Estadual,0,2022
0274,33313,SIDNEY MELO DA SILVA,PMN,Deputado Estadual,0,2022
0274,33321,MARCOS KOHLMANN BARBOZA,PMN,Deputado Estadual,0,2022
0274,33322,JÉSSIKA RUSSO MACHADO,PMN,Deputado Estadual,0,2022
0274,33331,MARCELLO MAZÁRIO COSTA,PMN,Deputado Estadual,0,2022
0274,33333,LEANDRA SOARES DOS SANTOS,PMN,Deputado Estadual,0,2022
0274,33334,GISELE CASARIN DA SILVA,PMN,Deputado Estadual,0,2022
0274,33355,ROSÂNGELA HERNANDES AZEVEDO,PMN,Deputado Estadual,0,2022
0274,33366,CÍCERO PEREIRA DO VALE,PMN,Deputado Estadual,0,2022
0274,33377,CELSO DA LUZ GUEDES,PMN,Deputado Estadual,0,2022
0274,33383,JOSÉ DOMINGOS SANTOS RIBEIRO,PMN,Deputado Estadual,0,2022
0274,33400,OSVALDO SANTOS DA SILVA,PMN,Deputado Estadual,0,2022
0274,33422,RAQUEL TOIAN DOS SANTOS,PMN,Deputado Estadual,0,2022
0274,33444,CÍCERO JOSÉ DE GOUVEIA,PMN,Deputado Estadual,0,2022
0274,33456,JOENE HENRIQUES DE FIGUEIREDO,PMN,Deputado Estadual,0,2022
0274,33500,ELIANDRO SILVA DIAS,PMN,Deputado Estadual,0,2022
0274,33536,MANOEL DE SOUSA COELHO JUNIOR,PMN,Deputado Estadual,0,2022
0274,33552,JOSÉ OSÓRIO FILHO,PMN,Deputado Estadual,0,2022
0274,33555,ROBERTO LUIZ DO NASCIMENTO,PMN,Deputado Estadual,0,2022
0274,33581,CLÁUDIO DE OLIVEIRA LEOPOLDO,PMN,Deputado Estadual,0,2022
0274,33606,CLEBER NUNES DOS SANTOS,PMN,Deputado Estadual,0,2022
0274,33666,WILLIAM SILVEIRA MEDEIROS,PMN,Deputado Estadual,0,2022
0274,33699,JOAQUIM ALVES PINHEIRO,PMN,Deputado Estadual,0,2022
0274,33700,DEIDILAN LIANG CORREIA DE SOUZA,PMN,Deputado Estadual,0,2022
0274,33713,MARIA LUCINDA RESENDE,PMN,Deputado Estadual,0,2022
0274,33722,ROSANGELA LOURENÇO BRITO SOUZA,PMN,Deputado Estadual,0,2022
0274,33733,RAIMUNDA GONÇALVES DOS SANTOS,PMN,Deputado Estadual,0,2022
0274,33766,LOURIVAL TORRES,PMN,Deputado Estadual,0,2022
0274,33777,TAIS CRISTINA LOURENÇO DE SOUZA,PMN,Deputado Estadual,0,2022
0274,33789,ANA CLÁUDIA MESQUITA ROCHA,PMN,Deputado Estadual,0,2022
0274,33843,RONALDO SEGALA,PMN,Deputado Estadual,0,2022
0274,33888,CAIO HENRIQUE DA SILVA,PMN,Deputado Estadual,0,2022
0274,33911,WAGNER CARDOSO DE OLIVEIRA,PMN,Deputado Estadual,0,2022
0274,33912,JOSÉ LUIZ ALVES NETO,PMN,Deputado Estadual,0,2022
0274,33933,ANGÉLICA DIAS DA SILVA,PMN,Deputado Estadual,0,2022
0274,33999,MICHAEL RICHARD DE JESUS PEDRO,PMN,Deputado Estadual,0,2022
0274,35000,LAERCIO BENKO LOPES,PMB,Deputado Estadual,6,2022
0274,35001,LUIS ALEXANDRE PINHEIRO,PMB,Deputado Estadual,0,2022
0274,35005,DANILO MARTINS DE OLIVEIRA FRANÇA,PMB,Deputado Estadual,0,2022
0274,35010,IRENIO OLIVEIRA CARDOSO,PMB,Deputado Estadual,0,2022
0274,35016,EDUARDO JOSE CORNELIO DE OLIVEIRA,PMB,Deputado Estadual,2,2022
0274,35019,TIAGO MANOEL CAETANO,PMB,Deputado Estadual,8,2022
0274,35022,ARLINDO PEREIRA FIGUEIREDO JUNIOR,PMB,Deputado Estadual,0,2022
0274,35030,SOFIA BRAGA PALMA,PMB,Deputado Estadual,0,2022
0274,35035,RAFAEL MORENO SOUZA SANTOS,PMB,Deputado Estadual,0,2022
0274,35051,LIGIA MAYUMI FUNAKI,PMB,Deputado Estadual,13,2022
0274,35054,CLEONICE APARECIDA PEREIRA DA SILVA,PMB,Deputado Estadual,0,2022
0274,35059,MARCO ANTONIO SARTI,PMB,Deputado Estadual,0,2022
0274,35077,JULIO CESAR FREITAS ROCHA,PMB,Deputado Estadual,0,2022
0274,35081,MARCOS JOSÉ DO VALLE,PMB,Deputado Estadual,0,2022
0274,35083,EDVAN LIMA BARBOSA,PMB,Deputado Estadual,1,2022
0274,35088,JANAINA BASTOS DE OLIVEIRA,PMB,Deputado Estadual,0,2022
0274,35099,JOÃO DA CONCEIÇÃO SILVA PAP,PMB,Deputado Estadual,5,2022
0274,35100,JOSÉ LUIZ BONITO,PMB,Deputado Estadual,0,2022
0274,35102,JOSÉ RICARDO DA SILVA,PMB,Deputado Estadual,0,2022
0274,35107,ROSEMARA LEANDRO DA SILVA,PMB,Deputado Estadual,2,2022
0274,35111,RICARDO ALEXANDRE ZUPIROLLI,PMB,Deputado Estadual,1,2022
0274,35113,RONALDO ELIAS MARIANO,PMB,Deputado Estadual,0,2022
0274,35119,NIELTON CARVALHO DE MATOS,PMB,Deputado Estadual,0,2022
0274,35121,WILSON DE VASCONCELOS VEIGA,PMB,Deputado Estadual,0,2022
0274,35122,ANDERSON ROGERIO ALVES,PMB,Deputado Estadual,0,2022
0274,35123,DANTE HENRIQUE MANTOVANI,PMB,Deputado Estadual,4,2022
0274,35180,PAULO DE OLIVEIRA ENEAS,PMB,Deputado Estadual,18,2022
0274,35190,REINALDO PEREIRA ZACHARIAS,PMB,Deputado Estadual,9,2022
0274,35191,JOSÉ PEREIRA NETO,PMB,Deputado Estadual,0,2022
0274,35193,ANGELO MARCIO DE JESUS SILVA,PMB,Deputado Estadual,0,2022
0274,35200,NOELMA DE SOUZA RODRIGUES,PMB,Deputado Estadual,1,2022
0274,35221,LUIS JACINTO BARRETO,PMB,Deputado Estadual,0,2022
0274,35222,MARCOS RIBEIRO DA SILVA,PMB,Deputado Estadual,0,2022
0274,35224,FRANCISCO ALVES DE SOUSA,PMB,Deputado Estadual,0,2022
0274,35259,ELAINE CRISTINA PUPE DE MORAIS,PMB,Deputado Estadual,0,2022
0274,35274,MARIA DA CONCEIÇÃO FERNANDES GRANATO,PMB,Deputado Estadual,0,2022
0274,35300,CLEBER VALADÃO ANTUNES,PMB,Deputado Estadual,0,2022
0274,35305,LUIS CARLOS FABIANI,PMB,Deputado Estadual,5,2022
0274,35312,SILAS DA SILVA MOREIRA,PMB,Deputado Estadual,0,2022
0274,35321,VALQUIRIA JUSTINO,PMB,Deputado Estadual,0,2022
0274,35322,KAISON ROBERTO ALVES,PMB,Deputado Estadual,0,2022
0274,35325,ROBERTO FRANCISCO DA SILVA,PMB,Deputado Estadual,0,2022
0274,35330,ADELMACIR DE SOUZA,PMB,Deputado Estadual,1,2022
0274,35333,LUCIANA APARECIDA DE PAULA CARVALHO,PMB,Deputado Estadual,0,2022
0274,35350,VIVIAN FILETO MARTINS DOS SANTOS,PMB,Deputado Estadual,0,2022
0274,35352,FERNANDO LUIS COUTINHO NEVES,PMB,Deputado Estadual,220,2022
0274,35355,MARCIA WALERIA NUNES DE OLIVEIRA DIAS,PMB,Deputado Estadual,0,2022
0274,35360,GILVAN DE ANDRADE GAIA,PMB,Deputado Estadual,2,2022
0274,35361,ADRIANA RANGEL RIBEIRO,PMB,Deputado Estadual,1,2022
0274,35369,ROBERIO DOS SANTOS BENEDITO,PMB,Deputado Estadual,0,2022
0274,35380,REGINALDO DA ROCHA MÁXIMO,PMB,Deputado Estadual,0,2022
0274,35400,WILLIAM DE SOUZA PALMA BOARRETTO,PMB,Deputado Estadual,0,2022
0274,35432,BENEDITO EDELCIO DA SILVA,PMB,Deputado Estadual,0,2022
0274,35444,MARIA ESTELA CAPELETTI DA ROCHA,PMB,Deputado Estadual,0,2022
0274,35447,ANDERSON HENRIQUE PINTO,PMB,Deputado Estadual,0,2022
0274,35450,INGRID DE MENDONÇA RIBEIRO,PMB,Deputado Estadual,0,2022
0274,35469,ERALDO NUNES GALDINO,PMB,Deputado Estadual,0,2022
0274,35474,CASSIO EDUARDO FONSECA,PMB,Deputado Estadual,0,2022
0274,35482,SUELI GUETE AGUIAR,PMB,Deputado Estadual,1,2022
0274,35500,ELIS REGINA NOGUEIRA RODRIGUES,PMB,Deputado Estadual,6,2022
0274,35522,THAISE CARVALHO MIRANDA,PMB,Deputado Estadual,0,2022
0274,35533,JORGE CLAUDIO ANSELMO,PMB,Deputado Estadual,0,2022
0274,35550,DOUGLAS KAJFES GARCIA,PMB,Deputado Estadual,1,2022
0274,35551,ELISANGELA VALINHO QUEIROZ DOS SANTOS,PMB,Deputado Estadual,0,2022
0274,35553,ENEAS SILVA FERREIRA SALES,PMB,Deputado Estadual,0,2022
0274,35554,ALEIXO ANDRE MANOEL NETO,PMB,Deputado Estadual,0,2022
0274,35555,DANILO RIDYER PALMA,PMB,Deputado Estadual,400,2022
0274,35600,CARLOS FERNANDO SERRA DO NASCIMENTO,PMB,Deputado Estadual,0,2022
0274,35622,JULIO AURELIANO DA SILVA,PMB,Deputado Estadual,0,2022
0274,35635,LUIS RENATO PINTO DE OLIVEIRA,PMB,Deputado Estadual,0,2022
0274,35666,DULCINEIA COELHO DA SILVA,PMB,Deputado Estadual,0,2022
0274,35667,FATIMA NASCIMENTO ALEXANDRE,PMB,Deputado Estadual,0,2022
0274,35678,DANIEL RODRIGUES BRANDO,PMB,Deputado Estadual,0,2022
0274,35700,ROGÉRIO MARTINIUC DE OLIVEIRA,PMB,Deputado Estadual,0,2022
0274,35722,ADELINO CASTELLEIRO FILHO,PMB,Deputado Estadual,0,2022
0274,35733,SANTA DA PAIXÃO GOMES DA SILVA,PMB,Deputado Estadual,0,2022
0274,35735,ABEL FELIX CAMPOS NETO,PMB,Deputado Estadual,2,2022
0274,35744,CLAUDIA VALDENIA GOMES MAIA,PMB,Deputado Estadual,0,2022
0274,35777,DALTON TADEU IZZO JUNIOR,PMB,Deputado Estadual,1,2022
0274,35789,VALDIRENE SANTOS DA SILVA,PMB,Deputado Estadual,2,2022
0274,35799,MARTIM VIEIRA FERREIRA,PMB,Deputado Estadual,0,2022
0274,35808,SIMONE SILVA SANTOS DA COSTA,PMB,Deputado Estadual,0,2022
0274,35822,ANA PAULA MELO PETILO,PMB,Deputado Estadual,0,2022
0274,35835,RONALDO GALDINO DOS SANTOS,PMB,Deputado Estadual,0,2022
0274,35885,NORMANDO BARBOSA DE OLIVEIRA,PMB,Deputado Estadual,0,2022
0274,35888,ALESSANDRA ABE,PMB,Deputado Estadual,0,2022
0274,35900,RODRIGO MOLLER,PMB,Deputado Estadual,0,2022
0274,35931,ELIANA SÃO ROQUE MARTINS,PMB,Deputado Estadual,0,2022
0274,35999,ANDERSON GUIMARÃES DE ALMEIDA,PMB,Deputado Estadual,0,2022
0274,36000,SIMONE MARQUES LOPES,AGIR,Deputado Estadual,0,2022
0274,36001,CAMILA CRISTINA BRITO,AGIR,Deputado Estadual,0,2022
0274,36003,JULIANO MERKES,AGIR,Deputado Estadual,0,2022
0274,36004,ALESSANDRO CAMARGO RODRIGUES,AGIR,Deputado Estadual,0,2022
0274,36006,JORGE MOTA DE OLIVEIRA JUNIOR,AGIR,Deputado Estadual,0,2022
0274,36007,DOUGLAS SOLANO DAS NEVES,AGIR,Deputado Estadual,0,2022
0274,36009,SIMONE VANESSA SANTOS DIAZ,AGIR,Deputado Estadual,0,2022
0274,36010,JOEL XAVIER DA SILVA,AGIR,Deputado Estadual,0,2022
0274,36011,ANDREIA TASSIANE ANTONACCI,AGIR,Deputado Estadual,0,2022
0274,36013,JANAINA CRISP GIULIANO CAVALCANTE,AGIR,Deputado Estadual,0,2022
0274,36016,ELIZEU RODRIGUES VARELA,AGIR,Deputado Estadual,0,2022
0274,36017,ALENATO MARTINS VIDAL,AGIR,Deputado Estadual,0,2022
0274,36020,MAURO FRANCISCO DE TOLEDO,AGIR,Deputado Estadual,0,2022
0274,36021,JÉSUA DE LIMA FERREIRA DA SILVA,AGIR,Deputado Estadual,0,2022
0274,36022,ROSIMEIRE SANTOS CESCHINI,AGIR,Deputado Estadual,0,2022
0274,36029,MARIA APARECIDA SANTOS ARAUJO,AGIR,Deputado Estadual,0,2022
0274,36030,JOSE FERNANDES DE OLIVEIRA BARBOSA,AGIR,Deputado Estadual,0,2022
0274,36031,MOÉSIO ALVES CORREIA,AGIR,Deputado Estadual,0,2022
0274,36033,JORGE MOTTA CARNEIRO,AGIR,Deputado Estadual,0,2022
0274,36050,MARIA FERREIRA LIMA,AGIR,Deputado Estadual,0,2022
0274,36051,ELIAS DOS SANTOS BITENCOURT,AGIR,Deputado Estadual,0,2022
0274,36056,PAULO KAZUO DE SOUZA IFUKU,AGIR,Deputado Estadual,0,2022
0274,36061,JOSELITO ALVES DOS SANTOS,AGIR,Deputado Estadual,0,2022
0274,36070,SAULO FAUSTINO,AGIR,Deputado Estadual,0,2022
0274,36075,CARLOS LUIS GUERRA DE LIMA,AGIR,Deputado Estadual,0,2022
0274,36088,MARIA DANIELA NOGUEIRA DONI,AGIR,Deputado Estadual,0,2022
0274,36089,JOSE CARLOS FERREIRA DA SILVA,AGIR,Deputado Estadual,0,2022
0274,36090,MAGNO ALVES DE OLIVEIRA,AGIR,Deputado Estadual,0,2022
0274,36100,SILVIO DO CARMO CAMARGO,AGIR,Deputado Estadual,0,2022
0274,36101,JUCILENE DE JESUS LIMA,AGIR,Deputado Estadual,0,2022
0274,36102,RICARDO BORGES DE OLIVEIRA,AGIR,Deputado Estadual,0,2022
0274,36110,JOAO VIANELLE PINTO,AGIR,Deputado Estadual,0,2022
0274,36111,VALMIR FERREIRA VERAS,AGIR,Deputado Estadual,0,2022
0274,36112,OSEIAS VIEIRA DE SOUSA,AGIR,Deputado Estadual,0,2022
0274,36113,PAULO DONIZETI SAGIO,AGIR,Deputado Estadual,0,2022
0274,36114,EDIVALDA CORDEIRO DE LIMA SILVA,AGIR,Deputado Estadual,0,2022
0274,36117,SILMARA CRISTIANE DA SILVA POMPOLLO,AGIR,Deputado Estadual,0,2022
0274,36125,JOSE CICERO FERREIRA DE LIMA,AGIR,Deputado Estadual,0,2022
0274,36133,LUCIANO MARTINS CRUZ,AGIR,Deputado Estadual,0,2022
0274,36151,EDSON GARCIA,AGIR,Deputado Estadual,0,2022
0274,36175,DERIONERIO OLIVEIRA DE ASSIS,AGIR,Deputado Estadual,0,2022
0274,36177,LUIZ CARLOS DE FREITAS,AGIR,Deputado Estadual,0,2022
0274,36190,ADRIANA SANCHES GALDEANO BORGO,AGIR,Deputado Estadual,0,2022
0274,36193,ALDO ALMEIDA,AGIR,Deputado Estadual,0,2022
0274,36203,ADRIANA SANTOS BARRENHA,AGIR,Deputado Estadual,0,2022
0274,36212,THAMIRES DE OLIVEIRA DAMATTO,AGIR,Deputado Estadual,0,2022
0274,36220,ISMAEL DA SILVA SOUZA,AGIR,Deputado Estadual,0,2022
0274,36222,JOAO BATISTA DE OLIVEIRA,AGIR,Deputado Estadual,0,2022
0274,36228,MARIA CAROLINA DA SILVA TAVARES CRUZ,AGIR,Deputado Estadual,0,2022
0274,36233,EDSON MARCOS DE CARVALHO,AGIR,Deputado Estadual,0,2022
0274,36260,JOSE SILVA LIMA,AGIR,Deputado Estadual,0,2022
0274,36290,MARCOS VINICIUS MOUTA MENDONÇA,AGIR,Deputado Estadual,0,2022
0274,36301,DAILAS RODRIGUES DA SILVA SOARES,AGIR,Deputado Estadual,0,2022
0274,36310,VERA LUCIA APARECIDA ALVES,AGIR,Deputado Estadual,0,2022
0274,36315,WAGNER ALVES DE LIMA,AGIR,Deputado Estadual,0,2022
0274,36322,ANTONIO CARLOS DOS SANTOS,AGIR,Deputado Estadual,0,2022
0274,36333,PAULA NATALEN FARIAS DE MORAES MULLER,AGIR,Deputado Estadual,0,2022
0274,36336,JACQUELINE MARINO FERNANDES DA SILVA,AGIR,Deputado Estadual,0,2022
0274,36358,CARLINHO NASCIMENTO SILVA,AGIR,Deputado Estadual,0,2022
0274,36361,GILMAR VAZ DA ROCHA,AGIR,Deputado Estadual,0,2022
0274,36363,MARCOS LUIZ ABDO DE SIQUEIRA,AGIR,Deputado Estadual,0,2022
0274,36400,JOSEMAR CARLOS DE OLIVEIRA,AGIR,Deputado Estadual,0,2022
0274,36407,LEIA DA SILVA FELISBERTO,AGIR,Deputado Estadual,0,2022
0274,36500,HELENA NOBUCO SUZUKI TAKADACHI,AGIR,Deputado Estadual,0,2022
0274,36541,GENTIL ALVES DOS SANTOS NETO,AGIR,Deputado Estadual,0,2022
0274,36551,NERINALVA SANTOS SANTANA,AGIR,Deputado Estadual,0,2022
0274,36566,PEDRO PAULO DE OLIVEIRA FILHO,AGIR,Deputado Estadual,0,2022
0274,36600,MARCOS DOS SANTOS SENA,AGIR,Deputado Estadual,0,2022
0274,36636,KLEBER ADELIPIO BARROS SANTOS,AGIR,Deputado Estadual,0,2022
0274,36640,UBIRAJARA DE ARAUJO MORAIS,AGIR,Deputado Estadual,0,2022
0274,36661,SÉRGIO MARTINS DA SILVA,AGIR,Deputado Estadual,0,2022
0274,36666,ALEX FABIANO COSTA GARCIA,AGIR,Deputado Estadual,0,2022
0274,36700,FABIANO DA SILVA MONTEIRO,AGIR,Deputado Estadual,0,2022
0274,36712,GISELE CRISTINA DOS SANTOS SILVA,AGIR,Deputado Estadual,0,2022
0274,36779,JOSE DE OLIVEIRA LEME FILHO,AGIR,Deputado Estadual,0,2022
0274,36789,SHIRLEY PALADY CAMBUR,AGIR,Deputado Estadual,0,2022
0274,36820,WILLIANS ROCHA MONTEIRO,AGIR,Deputado Estadual,0,2022
0274,36841,SAMUEL DO CARMO,AGIR,Deputado Estadual,0,2022
0274,36888,CESAR BENEDITO ALVES,AGIR,Deputado Estadual,0,2022
0274,36889,SERGILVAN OLIVEIRA DE BRITO,AGIR,Deputado Estadual,0,2022
0274,36890,JOSE CICERO FERNANDES DA SILVA,AGIR,Deputado Estadual,0,2022
0274,36918,ANA CLAUDIA SEVERINO RIVERA,AGIR,Deputado Estadual,0,2022
0274,36936,HEITOR ROBERTO TOMMASINI,AGIR,Deputado Estadual,0,2022
0274,36960,SALVADOR FERREIRA DA SILVA JUNIOR,AGIR,Deputado Estadual,0,2022
0274,36963,REINALDO MARTINS,AGIR,Deputado Estadual,0,2022
0274,36969,TARCISIO BRUNO GUIDI,AGIR,Deputado Estadual,0,2022
0274,36980,OSNI RAMOS JUNIOR,AGIR,Deputado Estadual,0,2022
0274,36999,DONIZETE APARECIDO FERREIRA,AGIR,Deputado Estadual,0,2022
0274,40000,ANDRÉA WERNER SILVA BONOLI,PSB,Deputado Estadual,469,2022
0274,40001,ISABELA RODAS MESSIAS,PSB,Deputado Estadual,18,2022
0274,40004,ALBERTO ADRIANO DE JESUS,PSB,Deputado Estadual,3,2022
0274,40008,LUIZ JOSÉ TEGAMI,PSB,Deputado Estadual,3,2022
0274,40010,VANDERLEI NERES PEREIRA,PSB,Deputado Estadual,0,2022
0274,40012,TALITA DE LIMA BARBOSA,PSB,Deputado Estadual,18,2022
0274,40013,CELSO DA SILVA,PSB,Deputado Estadual,2,2022
0274,40015,MILTON NERY NETO,PSB,Deputado Estadual,0,2022
0274,40020,GERALDO ANTÔNIO DA NÓBREGA,PSB,Deputado Estadual,0,2022
0274,40021,EDNA PENHA DA SILVA,PSB,Deputado Estadual,0,2022
0274,40022,NATALINO DE JESUS,PSB,Deputado Estadual,1,2022
0274,40026,GERALDO RIBEIRO GUIMARÃES NETO,PSB,Deputado Estadual,0,2022
0274,40040,MAYARA OLIVEIRA TORRES DA SILVA,PSB,Deputado Estadual,15,2022
0274,40044,ELISANDRA PEDROSO FERREIRA,PSB,Deputado Estadual,1,2022
0274,40050,ELVIO FERNANDEZ GONZALEZ,PSB,Deputado Estadual,1,2022
0274,40051,REINALDO RÚBIO RODA,PSB,Deputado Estadual,0,2022
0274,40054,ADRIANO DE OLIVEIRA SILVA DOS SANTOS,PSB,Deputado Estadual,0,2022
0274,40069,COSMO DAMIÃO FREITAS CID,PSB,Deputado Estadual,7,2022
0274,40070,JOSÉ DILSON DAS CHAGAS,PSB,Deputado Estadual,0,2022
0274,40077,EDSON FLORINDO PEREIRA,PSB,Deputado Estadual,15,2022
0274,40095,NILDO SILVESTRE DA SILVA,PSB,Deputado Estadual,0,2022
0274,40096,EDVAN JOSE DOS SANTOS,PSB,Deputado Estadual,0,2022
0274,40111,FÁBIO CESAR FERREIRA,PSB,Deputado Estadual,38,2022
0274,40112,LEIDE MENGATTI,PSB,Deputado Estadual,9,2022
0274,40113,JOSÉ RONALDO GOMES DA SILVA,PSB,Deputado Estadual,0,2022
0274,40120,GABRIEL BELÉM DOS SANTOS,PSB,Deputado Estadual,0,2022
0274,40121,MÁRIO MEDEIROS NETO,PSB,Deputado Estadual,24,2022
0274,40123,CAMILA GODOI DA SILVA RODRIGUES,PSB,Deputado Estadual,36,2022
0274,40128,ANTONIO LAURO CAMPANHA,PSB,Deputado Estadual,0,2022
0274,40133,JOÃO CARLOS CARAMEZ,PSB,Deputado Estadual,2,2022
0274,40134,JOÃO AGUIAR RIBEIRO,PSB,Deputado Estadual,0,2022
0274,40140,EDSON ELIAS KHOURI,PSB,Deputado Estadual,0,2022
0274,40150,EDUARDO NASCIMENTO,PSB,Deputado Estadual,1,2022
0274,40153,LUCAS DE OLIVEIRA CARDOSO,PSB,Deputado Estadual,151,2022
0274,40155,MARIA JOSÉ DA SILVA BEZERRA,PSB,Deputado Estadual,0,2022
0274,40167,GRACE LAINE PINCERATO CARREIRA DINI,PSB,Deputado Estadual,0,2022
0274,40180,JOSÉ APARECIDO ALVES,PSB,Deputado Estadual,1,2022
0274,40185,MARIA SALETE MARINI,PSB,Deputado Estadual,0,2022
0274,40192,LEANDRO ALTRÃO MARTINES,PSB,Deputado Estadual,0,2022
0274,40199,FABIO ADONIS PEREIRA,PSB,Deputado Estadual,0,2022
0274,40200,LUIZ CARLOS SILVA LEMOS,PSB,Deputado Estadual,4,2022
0274,40211,VALDOMIRO LOPES DA SILVA JUNIOR,PSB,Deputado Estadual,5,2022
0274,40222,GABRIELA VARGAS SABINO,PSB,Deputado Estadual,36,2022
0274,40233,POLIANA ALVES FERNANDES PINTO,PSB,Deputado Estadual,0,2022
0274,40234,CLERISTON DOS SANTOS ARAÚJO,PSB,Deputado Estadual,0,2022
0274,40240,JOCELY RAMOS DOS REIS MARCO,PSB,Deputado Estadual,0,2022
0274,40245,CHARLES ROBERTO PAES,PSB,Deputado Estadual,0,2022
0274,40256,EDUARDO LUIZ,PSB,Deputado Estadual,0,2022
0274,40261,MAURICIO MARTINEZ,PSB,Deputado Estadual,0,2022
0274,40300,CARMEN DA SILVA FERREIRA,PSB,Deputado Estadual,37,2022
0274,40303,DAVID SANTANA DA SILVA,PSB,Deputado Estadual,0,2022
0274,40321,ABIDAN HENRIQUE DA SILVA,PSB,Deputado Estadual,21,2022
0274,40333,RAFAEL ZAMPRONIO DA SILVEIRA,PSB,Deputado Estadual,1,2022
0274,40345,ANDERSON FREITAS BARBOSA PASSOS,PSB,Deputado Estadual,0,2022
0274,40377,ALEXANDRE SÓCRATES NAVISKAS,PSB,Deputado Estadual,0,2022
0274,40400,RENATA FALZONI,PSB,Deputado Estadual,151,2022
0274,40404,CAMILA TAPIA ROJAS SEGATO,PSB,Deputado Estadual,7,2022
0274,40412,FERNANDA DE MORAES DA SILVA,PSB,Deputado Estadual,1,2022
0274,40440,CLAUDIO OLIVEIRA DE MESSIAS,PSB,Deputado Estadual,0,2022
0274,40444,JULIANO MALAQUIAS BOTELHO,PSB,Deputado Estadual,0,2022
0274,40445,JOSELI ELVIRA CAVALHEIRO,PSB,Deputado Estadual,2,2022
0274,40456,PERMÍNIO MONTEIRO DA SILVA,PSB,Deputado Estadual,3414,2022
0274,40457,LISETE GOMES DAS NEVES,PSB,Deputado Estadual,0,2022
0274,40500,GRAZIELA COSTA LEITE,PSB,Deputado Estadual,4,2022
0274,40505,MARCELO FERREIRA KAWATOKO,PSB,Deputado Estadual,1,2022
0274,40525,WAINES MOREIRA ALVES,PSB,Deputado Estadual,1,2022
0274,40537,FLORDINICE PINHEIRO,PSB,Deputado Estadual,0,2022
0274,40540,LARA EUNICE SANTOS BARBOSA,PSB,Deputado Estadual,0,2022
0274,40555,PEDRO TOMISHIGUE MORI,PSB,Deputado Estadual,0,2022
0274,40570,ANTONIO CARLOS RODRIGUES TEIXEIRA JUNIOR,PSB,Deputado Estadual,2,2022
0274,40577,RODRIGO ALMEIDA PASSOS,PSB,Deputado Estadual,0,2022
0274,40600,ANDRÉA DAS NEVES NERI DE SANTANA,PSB,Deputado Estadual,2,2022
0274,40635,LAÍS HELENA ANTONIO DOS SANTOS ALOISE,PSB,Deputado Estadual,79,2022
0274,40640,CAIO FRANÇA DE GOUVÊA GOMES,PSB,Deputado Estadual,40,2022
0274,40650,CASSIANO ROSADO CORREIA,PSB,Deputado Estadual,1,2022
0274,40656,SÍLVIA ELENA BITTENCOURT,PSB,Deputado Estadual,0,2022
0274,40665,SHIRLEI APARECIDA MOURA DA SILVA,PSB,Deputado Estadual,0,2022
0274,40666,CARLOS ALBERTO ROSSI,PSB,Deputado Estadual,1,2022
0274,40670,ROBERTO MONTEIRO,PSB,Deputado Estadual,0,2022
0274,40690,DOUGLAS AMPARADO CABRAL,PSB,Deputado Estadual,0,2022
0274,40700,ELIAS PEREIRA FREITAS DA SILVA JUNIOR,PSB,Deputado Estadual,2,2022
0274,40717,SUSIMEIRE RIBEIRO DOS SANTOS,PSB,Deputado Estadual,1,2022
0274,40777,PETERSON RUAN AIELLO DO COUTO RAMOS,PSB,Deputado Estadual,87,2022
0274,40789,JOSÉ ANTÔNIO FERREIRA,PSB,Deputado Estadual,3,2022
0274,40813,ALEXANDRE SIMÕES PIMENTEL,PSB,Deputado Estadual,0,2022
0274,40850,RICARDO DE FARIA SILVA,PSB,Deputado Estadual,0,2022
0274,40888,CYNTHIA MICHELS,PSB,Deputado Estadual,2,2022
0274,40900,PAULO CEZAR CONCEIÇÃO QUADROS,PSB,Deputado Estadual,0,2022
0274,40999,ABDULBASET JAROUR,PSB,Deputado Estadual,5,2022
0274,43000,CLAUDIA VISONI,PV,Deputado Estadual,14,2022
0274,43007,MARIA DAS DORES ALVES SILVA,PV,Deputado Estadual,0,2022
0274,43033,THIAGO RODRIGO MARTINS,PV,Deputado Estadual,8,2022
0274,43043,DACIO BERALDO BICUDO,PV,Deputado Estadual,1,2022
0274,43090,JOANA DARQUE DA PAZ,PV,Deputado Estadual,2,2022
0274,43123,WILLDSON MENDES STAHN,PV,Deputado Estadual,113,2022
0274,43190,ANGELO PAULINO DA SILVA,PV,Deputado Estadual,0,2022
0274,43222,CRISTIANE ALEXANDRE MENDES,PV,Deputado Estadual,1,2022
0274,43333,LEONARDO CÉSAR TASSINARI,PV,Deputado Estadual,0,2022
0274,43343,LUISA DA SILVA FERNANDES,PV,Deputado Estadual,0,2022
0274,43430,DONIZETI APARECIDO ALVES FERREIRA,PV,Deputado Estadual,0,2022
0274,43433,RICARDO JOSÉ LEMES,PV,Deputado Estadual,1,2022
0274,43444,ROMILDO DE PINHO CAMPELLO,PV,Deputado Estadual,5,2022
0274,43500,AMILCAR MARCEL DE SOUZA,PV,Deputado Estadual,4,2022
0274,43773,JOEL MOREIRA PASSOS JUNIOR,PV,Deputado Estadual,4,2022
0274,44001,EDSON DE OLIVEIRA GIRIBONI,UNIÃO,Deputado Estadual,8,2022
0274,44002,MARIA INES PINTO DE OLIVEIRA SANTIAGO,UNIÃO,Deputado Estadual,1,2022
0274,44004,ANDERSON REITANO RICARDO,UNIÃO,Deputado Estadual,1,2022
0274,44007,FELIPE SOUZA MURAKAMI DE FRANCO,UNIÃO,Deputado Estadual,372,2022
0274,44008,CESAR ROCHA ANDRADE DA SILVA,UNIÃO,Deputado Estadual,202,2022
0274,44009,FELIPPE LOURENÇO OLIVEIRA COELHO,UNIÃO,Deputado Estadual,0,2022
0274,44011,CARLOS JOSE GASPAR,UNIÃO,Deputado Estadual,0,2022
0274,44014,MYRIAN RAVANELLI SCANDAR KARAM,UNIÃO,Deputado Estadual,5,2022
0274,44016,CLAUDINEI LUIS DA SILVA,UNIÃO,Deputado Estadual,0,2022
0274,44018,DEOMERCE DE SOUZA DAMASCENO,UNIÃO,Deputado Estadual,7,2022
0274,44019,RODRIGO LUIS DE BARROS ALMEIDA,UNIÃO,Deputado Estadual,602,2022
0274,44023,ANA ROSA TEIXEIRA DE ARAUJO,UNIÃO,Deputado Estadual,1,2022
0274,44025,FERNANDO GALVAO MOURA,UNIÃO,Deputado Estadual,9,2022
0274,44033,PAULO NUNES PINHEIRO,UNIÃO,Deputado Estadual,0,2022
0274,44040,OCIMAR DOS REIS OLIVEIRA,UNIÃO,Deputado Estadual,1,2022
0274,44041,SORAIA DOS SANTOS CARNEIRO D EPIRO,UNIÃO,Deputado Estadual,0,2022
0274,44044,SOLANGE CRISTINA DE FREITAS,UNIÃO,Deputado Estadual,30,2022
0274,44045,OSTERLAINE HENRIQUES ALVES,UNIÃO,Deputado Estadual,5,2022
0274,44050,JURACY DA CONCEIÇÃO DOS SANTOS,UNIÃO,Deputado Estadual,0,2022
0274,44054,MARI CRISTINA BIZARI,UNIÃO,Deputado Estadual,1,2022
0274,44055,LAERCIO SANDES DE OLIVEIRA,UNIÃO,Deputado Estadual,0,2022
0274,44070,FABIO DUARTE JOANA,UNIÃO,Deputado Estadual,0,2022
0274,44077,RAFAEL SARAIVA GAIA,UNIÃO,Deputado Estadual,286,2022
0274,44080,ELIANA PAULA CARETI,UNIÃO,Deputado Estadual,0,2022
0274,44081,AUGUSTO CÉSAR CORREA NETO,UNIÃO,Deputado Estadual,0,2022
0274,44100,VITOR ABOU ANNI,UNIÃO,Deputado Estadual,17,2022
0274,44110,HELIO VIEIRA MALHEIROS JUNIOR,UNIÃO,Deputado Estadual,7,2022
0274,44111,DANIEL BEZERRA RIBEIRO SOARES,UNIÃO,Deputado Estadual,105,2022
0274,44118,EDMIR JOSE ABI CHEDID,UNIÃO,Deputado Estadual,118,2022
0274,44122,JOSE ALDO DEMARCHI,UNIÃO,Deputado Estadual,15,2022
0274,44123,OLIVIO AUGUSTO FREITAS CHAVES,UNIÃO,Deputado Estadual,0,2022
0274,44125,JOAO BATISTA DO PRADO,UNIÃO,Deputado Estadual,0,2022
0274,44127,CAMILA GRASIELE SANGREGORIO SOARES,UNIÃO,Deputado Estadual,0,2022
0274,44130,LETICIA CRISTINA DA SILVA,UNIÃO,Deputado Estadual,1,2022
0274,44140,THIAGO VERONICO DE FREITAS,UNIÃO,Deputado Estadual,0,2022
0274,44144,RONALDO FORMIGAO,UNIÃO,Deputado Estadual,0,2022
0274,44150,GISELE APARECIDA DA SILVA RAMOS,UNIÃO,Deputado Estadual,0,2022
0274,44155,FERNANDA ALVES DA SILVA,UNIÃO,Deputado Estadual,4,2022
0274,44156,ALINE CARBALLO TEIXEIRA,UNIÃO,Deputado Estadual,9,2022
0274,44171,JAQUELINE MONTEIRO DE CARVALHO BARRETO,UNIÃO,Deputado Estadual,0,2022
0274,44190,ADMILSON DE SOUZA,UNIÃO,Deputado Estadual,13,2022
0274,44193,BENEDITO ROBERTO MEIRA,UNIÃO,Deputado Estadual,3,2022
0274,44200,RENATO DA SILVA GOIS,UNIÃO,Deputado Estadual,0,2022
0274,44220,ANDRE CRISTHIANO CAYRES RIBEIRO,UNIÃO,Deputado Estadual,158,2022
0274,44222,JORGE TADEU MUDALEN,UNIÃO,Deputado Estadual,8,2022
0274,44234,LUIZ OTAVIO DA SILVA,UNIÃO,Deputado Estadual,0,2022
0274,44250,MILTON LEITE DA SILVA FILHO,UNIÃO,Deputado Estadual,45,2022
0274,44300,GILBERTO DANIEL JUNIOR,UNIÃO,Deputado Estadual,8,2022
0274,44321,RAFAELA KOBAL FERNANDES DE CARVALHO,UNIÃO,Deputado Estadual,4,2022
0274,44333,AMANDA VETTORAZZO CARNEIRO,UNIÃO,Deputado Estadual,230,2022
0274,44345,REINALDO BRIGIDO DE SOUSA,UNIÃO,Deputado Estadual,3,2022
0274,44350,MARCIA LENTZ,UNIÃO,Deputado Estadual,0,2022
0274,44363,TANIA CRISTINA FRUCHI,UNIÃO,Deputado Estadual,9,2022
0274,44400,RAFAEL ELIAS MACHADO PEREIRA ANTUNES,UNIÃO,Deputado Estadual,9,2022
0274,44411,LEANDRO CALDEIRA NAVA,UNIÃO,Deputado Estadual,3,2022
0274,44422,SIDELI DA SILVA LOPES,UNIÃO,Deputado Estadual,0,2022
0274,44433,MARCELO FUSCO,UNIÃO,Deputado Estadual,1,2022
0274,44440,JUAREZ PEREIRA DA SILVA,UNIÃO,Deputado Estadual,5,2022
0274,44441,LUIZ CLAUDIO VENANCIO ALVES,UNIÃO,Deputado Estadual,0,2022
0274,44444,MARIA HELENA PASINI PEDROSO PETERNELLI,UNIÃO,Deputado Estadual,30,2022
0274,44445,JOAO BATISTA ROCHA,UNIÃO,Deputado Estadual,0,2022
0274,44447,JUAN RAMON SOTO,UNIÃO,Deputado Estadual,0,2022
0274,44450,FLAVIA MENDES GOMES,UNIÃO,Deputado Estadual,1,2022
0274,44451,EDEMIR DE MELO,UNIÃO,Deputado Estadual,0,2022
0274,44456,FERNANDO HENRIQUE CURY,UNIÃO,Deputado Estadual,6,2022
0274,44470,WERMESON PEREIRA DA SILVA,UNIÃO,Deputado Estadual,0,2022
0274,44477,MISAEL ARAUJO RODRIGUES DA SILVA,UNIÃO,Deputado Estadual,0,2022
0274,44500,CARLOS LOTHAR KAUTZA,UNIÃO,Deputado Estadual,2,2022
0274,44532,LUCAS MÁXIMO DE JESUS,UNIÃO,Deputado Estadual,0,2022
0274,44544,MAURICIO MENNA BARRETO GASPARINI,UNIÃO,Deputado Estadual,2,2022
0274,44550,HUMBERTO YUDI WATANABE,UNIÃO,Deputado Estadual,0,2022
0274,44556,GILVANIA MEDEIROS DE OLIVEIRA,UNIÃO,Deputado Estadual,1,2022
0274,44557,SERGIO DE PAULA REIS FILHO,UNIÃO,Deputado Estadual,4,2022
0274,44560,NELMA APARECIDA ANDRADE SOUZA,UNIÃO,Deputado Estadual,1,2022
0274,44567,AGLIBERTO DO SOCORRO CHAGAS,UNIÃO,Deputado Estadual,0,2022
0274,44600,MARCOS FERNANDO PORTELLA FONTES,UNIÃO,Deputado Estadual,1,2022
0274,44611,VIVIANE DOS SANTOS SILVA CASAMASSA,UNIÃO,Deputado Estadual,0,2022
0274,44644,RODRIGO CESAR REGORAO VERONEZI,UNIÃO,Deputado Estadual,0,2022
0274,44662,ANGELA DONATIELLO LOPES,UNIÃO,Deputado Estadual,0,2022
0274,44678,DONILZETE JOSÉ SOARES,UNIÃO,Deputado Estadual,0,2022
0274,44700,LUIZ CARLOS GONDIM TEIXEIRA,UNIÃO,Deputado Estadual,1,2022
0274,44705,ROLGACIANO FERNANDES ALMEIDA,UNIÃO,Deputado Estadual,0,2022
0274,44707,BENEDITO DE VITTO JUNIOR,UNIÃO,Deputado Estadual,0,2022
0274,44744,ADRIANA CRISTINA SGRIGNEIRO NUNES,UNIÃO,Deputado Estadual,21,2022
0274,44767,CECILIA CLAUDINO GOMES DO AMARAL PEREIRA,UNIÃO,Deputado Estadual,0,2022
0274,44770,ADENILSON PEREIRA DE AMORIM,UNIÃO,Deputado Estadual,4,2022
0274,44777,AUGUSTO ZACARIAS CORREA LEITE,UNIÃO,Deputado Estadual,571,2022
0274,44789,JOÃO DA SILVA FILHO,UNIÃO,Deputado Estadual,0,2022
0274,44800,JAQUELINE DA SILVA LIRA ARRUDA,UNIÃO,Deputado Estadual,1,2022
0274,44852,CICERO APARECIDO DE MELO,UNIÃO,Deputado Estadual,0,2022
0274,44888,WALTER MARTINS JUNIOR,UNIÃO,Deputado Estadual,1,2022
0274,44900,MARCUS LEVY ANDRADE ACOSTA,UNIÃO,Deputado Estadual,1,2022
0274,44944,RUBENS LOBATO PINHEIRO NETO,UNIÃO,Deputado Estadual,4,2022
0274,44999,RENATO DE SOUZA BATTISTA,UNIÃO,Deputado Estadual,189,2022
0274,45000,BRUNA DIAS FURLAN VICENTE,PSDB,Deputado Estadual,114,2022
0274,45002,IVONE FERNANDES DIAS DO NASCIMENTO,PSDB,Deputado Estadual,0,2022
0274,45007,DOMINGOS COSTA MINÉZIO GALLÉ,PSDB,Deputado Estadual,1,2022
0274,45011,FAOUAZ TAHA,PSDB,Deputado Estadual,33,2022
0274,45012,EDGARD TAKASHI SASAKI,PSDB,Deputado Estadual,2,2022
0274,45019,ISABEL CRISTINA DA SILVA MARCELINO VIEIRA,PSDB,Deputado Estadual,2,2022
0274,45040,FLÁVIO SPINUCCI JUNIOR,PSDB,Deputado Estadual,0,2022
0274,45045,ISRAEL ALEXANDRE DE SOUZA,PSDB,Deputado Estadual,50,2022
0274,45055,CAROLINA RIBEIRO FREITAS,PSDB,Deputado Estadual,0,2022
0274,45059,EDSON ROBERTO PARRON,PSDB,Deputado Estadual,0,2022
0274,45088,RENE VLADEMIR BLOTA JUNIOR,PSDB,Deputado Estadual,1,2022
0274,45100,CARLOS ALESSANDRO FRANCO BORRO DE MATOS,PSDB,Deputado Estadual,1,2022
0274,45111,MACIEL DOS SANTOS ROCHA,PSDB,Deputado Estadual,2,2022
0274,45114,MARIA LUCIA CARDOSO PINTO AMARY,PSDB,Deputado Estadual,0,2022
0274,45116,SILVANO SALES PEIXOTO,PSDB,Deputado Estadual,0,2022
0274,45122,ALESSANDRA VIEIRA DE CAMARGO TELES,PSDB,Deputado Estadual,13,2022
0274,45123,ROGERIO NOGUEIRA LOPES CRUZ,PSDB,Deputado Estadual,125,2022
0274,45125,MAURO BRAGATO,PSDB,Deputado Estadual,4,2022
0274,45145,GIOVANNA GUIMARÃES TRIPOLI VON USLAR,PSDB,Deputado Estadual,32,2022
0274,45150,DANIELLE SANTOS SILVA,PSDB,Deputado Estadual,2,2022
0274,45151,JOSÉ BERNARDO ORTIZ MONTEIRO JÚNIOR,PSDB,Deputado Estadual,4,2022
0274,45180,PATRÍCIA GAMA DE QUADROS BEZERRA,PSDB,Deputado Estadual,12,2022
0274,45192,DULCE RITA CHAVES DE ANDRADE DABKIWICZ,PSDB,Deputado Estadual,0,2022
0274,45200,CÉLIA CAMARGO LEÃO EDELMUTH,PSDB,Deputado Estadual,1491,2022
0274,45219,JULIO CESAR DE OLIVEIRA,PSDB,Deputado Estadual,0,2022
0274,45222,ANDRÉ GASPARINI SPADARO,PSDB,Deputado Estadual,8,2022
0274,45232,CARLOS EDUARDO PIGNATARI,PSDB,Deputado Estadual,13,2022
0274,45240,VANDERLEI BORGES DE CARVALHO,PSDB,Deputado Estadual,3,2022
0274,45245,DAMARIS DIAS MOURA KUO,PSDB,Deputado Estadual,75,2022
0274,45321,RAFAEL POSTIGO MAZZALI,PSDB,Deputado Estadual,1,2022
0274,45345,EDILZA DE SOUSA MATSUSHITA,PSDB,Deputado Estadual,0,2022
0274,45377,SERGIO OLIVETTI JACOMINI,PSDB,Deputado Estadual,0,2022
0274,45400,ANALICE FERNANDES,PSDB,Deputado Estadual,12,2022
0274,45444,DANIEL HENRIQUE SILVA BASSI,PSDB,Deputado Estadual,2,2022
0274,45445,JOSÉ CARLOS CARRASCOSA DOS SANTOS,PSDB,Deputado Estadual,0,2022
0274,45450,ADRIANO BEDORE,PSDB,Deputado Estadual,2,2022
0274,45451,CARLOS CESAR ARCOLINO,PSDB,Deputado Estadual,4,2022
0274,45452,LEILA BEDANI FERREIRA,PSDB,Deputado Estadual,8,2022
0274,45453,ANA KEYLA SILVA SANTIAGO,PSDB,Deputado Estadual,0,2022
0274,45454,RENATO PUPO DE PAULA,PSDB,Deputado Estadual,4,2022
0274,45455,ALEXANDRE RIBEIRO MUSTAFA,PSDB,Deputado Estadual,10,2022
0274,45456,SARITA DE SOUZA GREGORIO,PSDB,Deputado Estadual,7,2022
0274,45500,DÉBORA MARCONDES SILVA FERRARESI,PSDB,Deputado Estadual,4,2022
0274,45545,JOSE ANTONIO BARROS MUNHOZ,PSDB,Deputado Estadual,29,2022
0274,45555,PEDRO MOTOITIRO KAWAI,PSDB,Deputado Estadual,10,2022
0274,45575,DINACI FERREIRA OLEAN,PSDB,Deputado Estadual,0,2022
0274,45600,ESTANISLAU MATIAS BARROS,PSDB,Deputado Estadual,1,2022
0274,45617,ANDRE LUIS ANCHÃO BRAGA,PSDB,Deputado Estadual,0,2022
0274,45622,VONG IEK LEONG,PSDB,Deputado Estadual,0,2022
0274,45647,FRANCISCO PEREIRA LIMA,PSDB,Deputado Estadual,0,2022
0274,45663,NATALINO ANTONIO DA SILVA,PSDB,Deputado Estadual,2,2022
0274,45666,ANA CRISTINA ALVES,PSDB,Deputado Estadual,1,2022
0274,45678,LUIZ HENRIQUE CIRILO,PSDB,Deputado Estadual,916,2022
0274,45680,CARLA SARDANO MORANDO,PSDB,Deputado Estadual,23,2022
0274,45688,ERIKA TEREZA COITINHO AFFONSO,PSDB,Deputado Estadual,0,2022
0274,45745,MARCO AURÉLIO GOMES DOS SANTOS,PSDB,Deputado Estadual,4,2022
0274,45777,ALEXANDRE FROTA DE ANDRADE,PSDB,Deputado Estadual,36,2022
0274,45780,MARCOS ANTONIO ZERBINI,PSDB,Deputado Estadual,3,2022
0274,45789,VINICIUS ALMEIDA CAMARINHA,PSDB,Deputado Estadual,12,2022
0274,45800,MARCOS ANTÔNIO DE SOUZA,PSDB,Deputado Estadual,1,2022
0274,45845,NELSA FLORINDA DE QUEIROZ METZLER,PSDB,Deputado Estadual,0,2022
0274,45888,ADALBERTO GODOY FREITAS,PSDB,Deputado Estadual,9,2022
0274,50000,PAULA NUNES DOS SANTOS,PSOL,Deputado Estadual,659,2022
0274,50001,CLAUDIA APARECIDA DE MELLO MONTANARI,PSOL,Deputado Estadual,5,2022
0274,50002,JOEFERSON FACCIN JOSÉ DE ALMEIDA,PSOL,Deputado Estadual,3,2022
0274,50005,GUILHERME DA COSTA AGUIAR CORTEZ,PSOL,Deputado Estadual,94,2022
0274,50007,JASPE LOPES BASTOS,PSOL,Deputado Estadual,0,2022
0274,50008,CINTIA VANESSA GOMES,PSOL,Deputado Estadual,8,2022
0274,50009,DENISE FERNANDES DE SOUZA PANTALEÃO,PSOL,Deputado Estadual,0,2022
0274,50010,ÉRIKA FERNANDA CÂNDIDO,PSOL,Deputado Estadual,4,2022
0274,50011,MARIANA FELIX SANTOS,PSOL,Deputado Estadual,34,2022
0274,50012,JÉSSICA MARQUES RIBEIRO,PSOL,Deputado Estadual,8,2022
0274,50013,ALDENIR DIAS DOS SANTOS,PSOL,Deputado Estadual,13,2022
0274,50014,CÁTIA DOS SANTOS MACHADO,PSOL,Deputado Estadual,5,2022
0274,50015,CLEBER DA SILVA,PSOL,Deputado Estadual,0,2022
0274,50018,MATHEUS LEMES MARTINS DE ASSIS,PSOL,Deputado Estadual,1,2022
0274,50019,VINÍCIUS ROSA RODRIGUES,PSOL,Deputado Estadual,0,2022
0274,50020,JULIO CEZAR DE ANDRADE,PSOL,Deputado Estadual,15,2022
0274,50033,REGINA CÉLIA GONÇALVES DOS SANTOS,PSOL,Deputado Estadual,9,2022
0274,50043,RODRIGO DA SILVA BANDINI,PSOL,Deputado Estadual,0,2022
0274,50050,INÊS PAZ,PSOL,Deputado Estadual,4,2022
0274,50075,ANA CLAUDIA SILVA MIELKE,PSOL,Deputado Estadual,17,2022
0274,50085,GERALDO DO NASCIMENTO,PSOL,Deputado Estadual,0,2022
0274,50088,JACI SABINA DE LIMA MATTOS,PSOL,Deputado Estadual,0,2022
0274,50099,VALDOMIRO MARQUES,PSOL,Deputado Estadual,2,2022
0274,50100,MARIANA CONTI TAKAHASHI,PSOL,Deputado Estadual,2424,2022
0274,50110,EDIANE MARIA DO NASCIMENTO,PSOL,Deputado Estadual,418,2022
0274,50111,DANILO PRISEAJNIUC BIFONE,PSOL,Deputado Estadual,8,2022
0274,50112,LEANDRO ROMEO PECCEQUILLO FREIRE,PSOL,Deputado Estadual,1,2022
0274,50113,CLAUDIO BENVINDO BARBOSA,PSOL,Deputado Estadual,0,2022
0274,50123,RICARDO ALVAREZ,PSOL,Deputado Estadual,4,2022
0274,50130,ALINE CATARINE GONDIM,PSOL,Deputado Estadual,0,2022
0274,50133,MARCELO REINA SILIANO,PSOL,Deputado Estadual,0,2022
0274,50150,MARIA APARECIDA AIRES DA SILVA,PSOL,Deputado Estadual,5,2022
0274,50157,DARCI RAMOS VITÓRIO,PSOL,Deputado Estadual,1,2022
0274,50160,DIEGO WEIDEMANN RACHE VITELLO,PSOL,Deputado Estadual,0,2022
0274,50175,MARIA DE JESUS BUENO DA SILVA,PSOL,Deputado Estadual,0,2022
0274,50180,THALITA DE ALMEIDA TAVARES,PSOL,Deputado Estadual,4,2022
0274,50200,AILTON AMARAL DOS SANTOS,PSOL,Deputado Estadual,3,2022
0274,50222,SUZETE CHAFFIN,PSOL,Deputado Estadual,2,2022
0274,50300,KEITCHELE LIMA DA SILVA,PSOL,Deputado Estadual,74,2022
0274,50321,BRUNA CHAMAS BIONDI,PSOL,Deputado Estadual,2,2022
0274,50333,ALBA SOLANGE CHALITA DA SILVA,PSOL,Deputado Estadual,2,2022
0274,50400,PRISCILLA BERNARDES AIRES PEDROSA,PSOL,Deputado Estadual,5,2022
0274,50420,FERNANDO TAVARES ARAÚJO DA SILVA,PSOL,Deputado Estadual,11,2022
0274,50444,ROSIVALDO DE JESUS SANTOS,PSOL,Deputado Estadual,0,2022
0274,50456,ADRIANA SCANAVEZ DOS SANTOS,PSOL,Deputado Estadual,113,2022
0274,50500,DÉBORA ALVES CAMILO,PSOL,Deputado Estadual,37,2022
0274,50501,DJALMA NERY FERREIRA NETO,PSOL,Deputado Estadual,26,2022
0274,50513,RONALDO RODRIGUES DOS SANTOS,PSOL,Deputado Estadual,0,2022
0274,50517,ELIEZER ALMEIDA GUIMARÃES,PSOL,Deputado Estadual,0,2022
0274,50522,CHIRLEY MARIA DE SOUZA ALMEIDA SANTOS,PSOL,Deputado Estadual,64,2022
0274,50550,RAUL MARCELO DE SOUZA,PSOL,Deputado Estadual,19,2022
0274,50555,RAMON FERNANDES FAUSTINO,PSOL,Deputado Estadual,0,2022
0274,50563,ENOC MANOEL DE SANTANA,PSOL,Deputado Estadual,0,2022
0274,50567,LUIZ GUEDES DE ALENCAR JUNIOR,PSOL,Deputado Estadual,0,2022
0274,50580,JOSÉ DE RIBAMAR DA SILVA PASSOS,PSOL,Deputado Estadual,0,2022
0274,50600,EDMILSON SOUZA SANTOS,PSOL,Deputado Estadual,3,2022
0274,50650,ANTONIO BIAGIO VESPOLI,PSOL,Deputado Estadual,1,2022
0274,50666,MARIA HELENA DE CARVALHO,PSOL,Deputado Estadual,0,2022
0274,50700,NEON DOS AFONSO CUNHA,PSOL,Deputado Estadual,68,2022
0274,50750,JOSÉ CARLOS SILVA,PSOL,Deputado Estadual,0,2022
0274,50777,PAULO ROBERTO BUFALO,PSOL,Deputado Estadual,977,2022
0274,50789,CARLOS ALBERTO GIANNASI,PSOL,Deputado Estadual,522,2022
0274,50800,JUVENIL BATISTA LOPES,PSOL,Deputado Estadual,4,2022
0274,50850,MARCELO DOS SANTOS ROLDAN,PSOL,Deputado Estadual,0,2022
0274,50888,JUSTINO DIOGO DOS SANTOS,PSOL,Deputado Estadual,2,2022
0274,50900,MÔNICA CRISTINA SEIXAS BONFIM,PSOL,Deputado Estadual,219,2022
0274,50999,DÉBORA CRISTIANE FIRMO DORIA,PSOL,Deputado Estadual,0,2022
0274,51000,LUIS CLAUDIO LAPENA BARRETO,PATRIOTA,Deputado Estadual,7,2022
0274,51001,ANDRÉ LUIZ GALHARDO JOÃO,PATRIOTA,Deputado Estadual,0,2022
0274,51002,VANIL ALVES DOS SANTOS,PATRIOTA,Deputado Estadual,0,2022
0274,51003,RENATO DE SOUZA OLIVEIRA,PATRIOTA,Deputado Estadual,3,2022
0274,51005,SAMUEL DOS SANTOS,PATRIOTA,Deputado Estadual,0,2022
0274,51006,ANDREIA PEREIRA FERRAZ,PATRIOTA,Deputado Estadual,11,2022
0274,51007,CLAUDIO SEBASTIÃO AGUIAR,PATRIOTA,Deputado Estadual,0,2022
0274,51008,EDMILSON ALVES DA SILVA,PATRIOTA,Deputado Estadual,0,2022
0274,51009,RODRIGO SALOMÃO JUNQUEIRA,PATRIOTA,Deputado Estadual,0,2022
0274,51010,OSVALDO DA SILVA LOBEIRO MACHADO,PATRIOTA,Deputado Estadual,3,2022
0274,51011,INES REGINA SCISCI MACIEL,PATRIOTA,Deputado Estadual,34,2022
0274,51013,MÁRCIA DE FÁTIMA MORAIS,PATRIOTA,Deputado Estadual,1,2022
0274,51017,GETULIO ALEGRE DOS SANTOS,PATRIOTA,Deputado Estadual,0,2022
0274,51020,WALDENIR CHAGA FILHO,PATRIOTA,Deputado Estadual,0,2022
0274,51022,MARISTELA TRINDADE,PATRIOTA,Deputado Estadual,2,2022
0274,51023,FABIANA APARECIDA BRITO ERNANE,PATRIOTA,Deputado Estadual,20,2022
0274,51033,DEOCLÉCIO KAWAHATA PLACCO,PATRIOTA,Deputado Estadual,0,2022
0274,51050,CARLOS ROBERTO TOLEDO,PATRIOTA,Deputado Estadual,36,2022
0274,51051,EVERTON LUIZ FERNANDES SODARIO RAIMUNDO,PATRIOTA,Deputado Estadual,39,2022
0274,51070,SÔNIA DAS GRAÇAS RIBEIRO SILVEIRA,PATRIOTA,Deputado Estadual,0,2022
0274,51100,BRIAN VANDERSON FERREIRA LEME,PATRIOTA,Deputado Estadual,1,2022
0274,51101,SÔNIA MARIA FERRAZ DE MOURA,PATRIOTA,Deputado Estadual,0,2022
0274,51107,JOSE ALCY PINHEIRO SUBRINHO,PATRIOTA,Deputado Estadual,0,2022
0274,51111,ADEMIR WELLITON DE OLIVEIRA,PATRIOTA,Deputado Estadual,2,2022
0274,51122,RENAN MARINO,PATRIOTA,Deputado Estadual,0,2022
0274,51123,ANDREA SEIXAS,PATRIOTA,Deputado Estadual,1,2022
0274,51132,FRANCISLEY ILDECIR RODRIGUES,PATRIOTA,Deputado Estadual,2,2022
0274,51133,NELSON PEDRO ROJA JUNIOR,PATRIOTA,Deputado Estadual,8,2022
0274,51144,SOLANGE GUAPYASSU,PATRIOTA,Deputado Estadual,0,2022
0274,51150,ODAIR DE MOURA E SILVA,PATRIOTA,Deputado Estadual,1,2022
0274,51151,ROSANE REZENDE LEANDRO,PATRIOTA,Deputado Estadual,0,2022
0274,51155,MARCOS ANDRE DE OLIVEIRA,PATRIOTA,Deputado Estadual,4,2022
0274,51188,RENATA GOUVEA,PATRIOTA,Deputado Estadual,0,2022
0274,51190,RUBENS CLÁUDIO SIQUEIRA NERI,PATRIOTA,Deputado Estadual,6,2022
0274,51200,ALAINE SILVA SOUZA SANTOS,PATRIOTA,Deputado Estadual,1,2022
0274,51210,EQUIMARCILIAS DE SOUZA FREIRE,PATRIOTA,Deputado Estadual,0,2022
0274,51221,SUSANA DAS NEVES,PATRIOTA,Deputado Estadual,0,2022
0274,51222,SANDRA DELMIRO DE LIMA GABRIEL,PATRIOTA,Deputado Estadual,0,2022
0274,51231,MARCIO DE PAULA PINHEIRO,PATRIOTA,Deputado Estadual,0,2022
0274,51233,RONALDO AUGUSTO BRETAS MARZAGÃO JUNIOR,PATRIOTA,Deputado Estadual,0,2022
0274,51234,RICARDO ROCHA DE OLIVEIRA,PATRIOTA,Deputado Estadual,1,2022
0274,51235,FABIO MARTINS BELARMINO,PATRIOTA,Deputado Estadual,0,2022
0274,51236,BRUNO LOPES ROVAI,PATRIOTA,Deputado Estadual,27,2022
0274,51250,JOSE BENTO DE JESUS,PATRIOTA,Deputado Estadual,0,2022
0274,51280,MONIZ JOSE BIELAWSKI RIBEIRO,PATRIOTA,Deputado Estadual,9,2022
0274,51300,ZELINDA DRAGO,PATRIOTA,Deputado Estadual,4,2022
0274,51321,EDUARDO DIAS DE BRITO,PATRIOTA,Deputado Estadual,0,2022
0274,51332,MÁRCIA CRISTINA DA SILVA,PATRIOTA,Deputado Estadual,0,2022
0274,51333,ANA PAULA CARVALHO BEATHALTER,PATRIOTA,Deputado Estadual,5,2022
0274,51349,JOSE ALAOR FERNANDES ROSSI,PATRIOTA,Deputado Estadual,2,2022
0274,51350,ADRIANA NOGUEIRA DO PRADO,PATRIOTA,Deputado Estadual,0,2022
0274,51351,FRANCISCO ANTONIO DA SILVA,PATRIOTA,Deputado Estadual,7,2022
0274,51360,TAILANDIA FERNANDES SOARES PAIXÃO,PATRIOTA,Deputado Estadual,0,2022
0274,51400,MARCIA VALÉRIA JACINTHO AZEVEDO,PATRIOTA,Deputado Estadual,1,2022
0274,51444,RUI ALVES BRUM JUNIOR,PATRIOTA,Deputado Estadual,0,2022
0274,51447,CARLOS ALBERTO FABRINI,PATRIOTA,Deputado Estadual,6,2022
0274,51451,FERNANDO HENRIQUE GOMES DA SILVA,PATRIOTA,Deputado Estadual,0,2022
0274,51455,MARCOS CORDEIRO DE SOUSA CHAVES,PATRIOTA,Deputado Estadual,0,2022
0274,51500,MARIA ALICE FERNANDES MOSTARDINHA,PATRIOTA,Deputado Estadual,0,2022
0274,51510,ROGÉRIO SILVA DE SOUZA,PATRIOTA,Deputado Estadual,0,2022
0274,51511,ARAFETH ALI HUSSEIN NASREDDINE,PATRIOTA,Deputado Estadual,0,2022
0274,51525,FERNANDO FERREIRA DE QUEIROZ,PATRIOTA,Deputado Estadual,1,2022
0274,51533,ALEX SANDRO BENTO FERNANDES,PATRIOTA,Deputado Estadual,0,2022
0274,51545,JORGE DE JESUS OLIVEIRA,PATRIOTA,Deputado Estadual,0,2022
0274,51551,PATRICIA ANDALAFT FREIRE,PATRIOTA,Deputado Estadual,3,2022
0274,51555,ANTONIO CÍCERO FERREIRA DE ARAUJO,PATRIOTA,Deputado Estadual,1,2022
0274,51556,LUIZ CARLOS DO ESPÍRITO SANTO,PATRIOTA,Deputado Estadual,4,2022
0274,51566,ELIANA CRISTINA DA SILVA PASCON,PATRIOTA,Deputado Estadual,0,2022
0274,51600,PEDRO ELES DA SILVA,PATRIOTA,Deputado Estadual,0,2022
0274,51622,DAVI BENEDITO DOS SANTOS,PATRIOTA,Deputado Estadual,0,2022
0274,51666,ANGELA GISELDA RUSSO PUCCIA DE LIMA,PATRIOTA,Deputado Estadual,0,2022
0274,51700,DILSO PANTALEÃO MANZANO,PATRIOTA,Deputado Estadual,0,2022
0274,51773,EMÍLIO CARPANEZ FILHO,PATRIOTA,Deputado Estadual,0,2022
0274,51777,CLEBER BROCH,PATRIOTA,Deputado Estadual,7,2022
0274,51800,EDUARDO APARECIDO ALEIXO,PATRIOTA,Deputado Estadual,0,2022
0274,51880,ERNESTO ANTONIO MATTOS,PATRIOTA,Deputado Estadual,0,2022
0274,51888,PATRÍCIA MAGDA GIRO LOBO BELLI,PATRIOTA,Deputado Estadual,0,2022
0274,51900,JOÃO TEIXEIRA JUNIOR,PATRIOTA,Deputado Estadual,0,2022
0274,51911,MAURÍCIO SOUZA DOS REIS,PATRIOTA,Deputado Estadual,0,2022
0274,51965,EDILEIDE SILVA,PATRIOTA,Deputado Estadual,0,2022
0274,51999,GIRLENIO GOMES DE OLIVEIRA,PATRIOTA,Deputado Estadual,1,2022
0274,55000,ROBERTA MARIA GONÇALVES FRANCESCHI BOTION,PSD,Deputado Estadual,76,2022
0274,55001,ROGÉRIO SILVA PEDRO,PSD,Deputado Estadual,1,2022
0274,55005,MIRTES GONÇALVES QUEIROZ,PSD,Deputado Estadual,0,2022
0274,55007,FLÁVIA REGINA ROMANI,PSD,Deputado Estadual,0,2022
0274,55008,WAGNER SEQUIN,PSD,Deputado Estadual,0,2022
0274,55009,HUMBERTO YUTAKA NAKAMURA,PSD,Deputado Estadual,0,2022
0274,55011,PAULA FONSECA ESTEVES,PSD,Deputado Estadual,0,2022
0274,55015,DECIO MARMIROLLI,PSD,Deputado Estadual,26,2022
0274,55022,ANDRÉ LUIZ PREVIATO KODJAOGLANIAN,PSD,Deputado Estadual,6,2022
0274,55025,CLAUDIA URIAS,PSD,Deputado Estadual,0,2022
0274,55030,AUGUSTO DOS REIS FERREIRA,PSD,Deputado Estadual,2,2022
0274,55033,MARIA CONSTANTINO EMIDIO,PSD,Deputado Estadual,19,2022
0274,55040,MARCELO ALVES DE CARVALHO ALMEIDA,PSD,Deputado Estadual,0,2022
0274,55044,CARLOS EDUARDO UTUARI,PSD,Deputado Estadual,0,2022
0274,55050,ALINE NOVAIS,PSD,Deputado Estadual,1,2022
0274,55055,CAROLINE STEINMETZ,PSD,Deputado Estadual,15,2022
0274,55077,LAURA HIROMI KAMIA,PSD,Deputado Estadual,1,2022
0274,55089,MAURO DA SILVA OLIVEIRA,PSD,Deputado Estadual,2,2022
0274,55090,ANTONIO EDUARDO DOS SANTOS,PSD,Deputado Estadual,0,2022
0274,55100,JANDER CAVALCANTI DE LIRA,PSD,Deputado Estadual,0,2022
0274,55101,FRANCISCO DA COSTA NETO,PSD,Deputado Estadual,16,2022
0274,55111,CICERO JOÃO DA SILVA,PSD,Deputado Estadual,3,2022
0274,55116,TEREZINHA DE AQUINO,PSD,Deputado Estadual,0,2022
0274,55121,ANTÔNIO EMÍDIO DE MORAIS,PSD,Deputado Estadual,0,2022
0274,55122,ANTONIO DE SOUSA RAMALHO,PSD,Deputado Estadual,0,2022
0274,55123,RAFAEL ANTONIO DA SILVA,PSD,Deputado Estadual,20,2022
0274,55135,JULIANA SOARES DE PAULA,PSD,Deputado Estadual,0,2022
0274,55177,VERA LUCIA MENDES DA SILVA,PSD,Deputado Estadual,0,2022
0274,55190,SÉRGIO DE MOURA CAVALCANTI,PSD,Deputado Estadual,103,2022
0274,55191,EDSON GOMES DA ROCHA,PSD,Deputado Estadual,4,2022
0274,55195,EDIVALDO BENÍCIO,PSD,Deputado Estadual,0,2022
0274,55200,JOSÉ GARRIS DEL VALLE,PSD,Deputado Estadual,0,2022
0274,55212,CAROLINA ANGELELLI,PSD,Deputado Estadual,0,2022
0274,55222,RAUL VICENTINI,PSD,Deputado Estadual,11,2022
0274,55234,CHUKWUEMEKA UJOR,PSD,Deputado Estadual,0,2022
0274,55240,PRISCILA BRUNETTO DE ARAUJO,PSD,Deputado Estadual,5,2022
0274,55250,JOSIAS JOSE DO NASCIMENTO,PSD,Deputado Estadual,0,2022
0274,55255,CARLOS ANTONIO VILELA,PSD,Deputado Estadual,0,2022
0274,55300,VALÉRIA APARECIDA COSTA TORRES,PSD,Deputado Estadual,21,2022
0274,55331,EDINALVA NUNES DE JESUS,PSD,Deputado Estadual,0,2022
0274,55333,ROMILDO VIRGÍNIO DOS SANTOS,PSD,Deputado Estadual,1,2022
0274,55355,IRENILDE APARECIDA JULIANI DA SILVA,PSD,Deputado Estadual,1,2022
0274,55400,MARTA MARIA FREIRE DA COSTA,PSD,Deputado Estadual,755,2022
0274,55450,NEIMAR DE ALMEIDA ORTIZ,PSD,Deputado Estadual,0,2022
0274,55455,JOSÉ CARLOS TREVENZOLLI FILHO,PSD,Deputado Estadual,14,2022
0274,55456,EFANEU NOLASCO GODINHO,PSD,Deputado Estadual,3,2022
0274,55505,PATRICIA APARECIDA ROSSI,PSD,Deputado Estadual,0,2022
0274,55511,ANDRE PEREIRA DE MEDEIROS,PSD,Deputado Estadual,1,2022
0274,55522,CLAUDIO CESAR SILVA APOLINARIO,PSD,Deputado Estadual,8,2022
0274,55523,LUIS ANTONIO PANONE,PSD,Deputado Estadual,2,2022
0274,55534,JOSÉ CARLOS ROSSI,PSD,Deputado Estadual,0,2022
0274,55550,RENATO SABINO COLOMBANO,PSD,Deputado Estadual,1,2022
0274,55555,HELIO BRESSAN,PSD,Deputado Estadual,21,2022
0274,55599,LUIS TADEO GIMENES,PSD,Deputado Estadual,0,2022
0274,55600,LUIZ FERNANDO PIVA CRUZ,PSD,Deputado Estadual,0,2022
0274,55654,JUVENIL DE ALMEIDA SILVERIO,PSD,Deputado Estadual,6,2022
0274,55655,ARTUR CASSEB ORSI,PSD,Deputado Estadual,1542,2022
0274,55678,RAIMUNDO FERNANDES DE PAIVA,PSD,Deputado Estadual,0,2022
0274,55699,PAULO ALVES CORRÊA JUNIOR,PSD,Deputado Estadual,2,2022
0274,55700,ANDRÉA PAROLIN PAVANI PERINOTI,PSD,Deputado Estadual,0,2022
0274,55755,FERNANDO LUCCHESI ANTUNES DE OLIVEIRA,PSD,Deputado Estadual,0,2022
0274,55777,OSEIAS SANTOS DA SILVA,PSD,Deputado Estadual,140,2022
0274,55789,NÚBIA CRISTINA SILVÉRIO,PSD,Deputado Estadual,0,2022
0274,55790,ALEXANDRO DE ARAÚJO,PSD,Deputado Estadual,1,2022
0274,55800,LUCIANO RODRIGUES DE AQUINO,PSD,Deputado Estadual,0,2022
0274,55844,JOSE CARLOS ADAO,PSD,Deputado Estadual,0,2022
0274,55855,VANILDA APARECIDA PEREIRA DA SILVA,PSD,Deputado Estadual,0,2022
0274,55888,SÔNIA REGINA RODRIGUES MÓDENA,PSD,Deputado Estadual,11,2022
0274,55999,SILVIA ELIANA PALMA,PSD,Deputado Estadual,1,2022
0274,65000,EWERTON DA SILVA CARVALHO,PC do B,Deputado Estadual,54,2022
0274,65010,MARCOS JESUS DOS SANTOS,PC do B,Deputado Estadual,4,2022
0274,65012,GERSON BARBOSA DE SOUSA,PC do B,Deputado Estadual,0,2022
0274,65013,ROZANA FONSECA BARROSO DA SILVA,PC do B,Deputado Estadual,14,2022
0274,65035,LECI BRANDÃO DA SILVA,PC do B,Deputado Estadual,215,2022
0274,65123,PEDRO ANTONIO BIGARDI,PC do B,Deputado Estadual,6,2022
0274,65180,CARINA VITRAL COSTA,PC do B,Deputado Estadual,38,2022
0274,65300,MARIANA NUNES DE MOURA SOUZA,PC do B,Deputado Estadual,38,2022
0274,65333,RODRIGO FIRMINO ROMÃO,PC do B,Deputado Estadual,0,2022
0274,65400,KEILA PEREIRA FRANCISCO,PC do B,Deputado Estadual,1,2022
0274,65555,WAGNER CIPRIANO ARAUJO,PC do B,Deputado Estadual,25,2022
0274,65656,MARCIA REGINA QUINTANILHA,PC do B,Deputado Estadual,477,2022
0274,65658,FRANCISCA PEREIRA DA ROCHA SEIXAS,PC do B,Deputado Estadual,1,2022
0274,65777,SAMUEL EUZÉBIO DE OLIVEIRA,PC do B,Deputado Estadual,1,2022
0274,65789,RENÉ VICENTE DOS SANTOS,PC do B,Deputado Estadual,3,2022
0274,70000,DAVI PIRES BATISTA,AVANTE,Deputado Estadual,0,2022
0274,70001,JEAN CARLOS HERZOGENRATH DE BRITO,AVANTE,Deputado Estadual,0,2022
0274,70003,DONATO DOS SANTOS SILVA,AVANTE,Deputado Estadual,0,2022
0274,70005,VANIA MAIA DOS REIS,AVANTE,Deputado Estadual,0,2022
0274,70007,LEANDRO VIEIRA DE LIMA,AVANTE,Deputado Estadual,0,2022
0274,70008,CARLOS EDUARDO PLACUCCI,AVANTE,Deputado Estadual,0,2022
0274,70010,FRANCISCA QUELINDEJARA VASCONCELOS SOBIESKI,AVANTE,Deputado Estadual,0,2022
0274,70012,CARLOS ALBERTO DA FONSECA,AVANTE,Deputado Estadual,0,2022
0274,70013,MICHELE NOVAES CANDIDO,AVANTE,Deputado Estadual,0,2022
0274,70014,WILLAMS FERNANDES DA SILVA,AVANTE,Deputado Estadual,0,2022
0274,70016,RAPHAEL GOZUEN CAMARGO,AVANTE,Deputado Estadual,0,2022
0274,70017,ELIETE DE MIRANDA MACHADO,AVANTE,Deputado Estadual,0,2022
0274,70020,NELSON MERRWELVELSON FERREIRA E SOUZA,AVANTE,Deputado Estadual,0,2022
0274,70021,GERALDO FERREIRA COSTA FILHO,AVANTE,Deputado Estadual,0,2022
0274,70022,ISRAEL BEZERRA DA SILVA,AVANTE,Deputado Estadual,0,2022
0274,70029,LOREDANA NOCITO SALAMONE,AVANTE,Deputado Estadual,0,2022
0274,70033,FRANCISCA ROSANA MONTANHER,AVANTE,Deputado Estadual,0,2022
0274,70040,PASCOAL DOS SANTOS LIMA,AVANTE,Deputado Estadual,0,2022
0274,70050,JURANDIR FERREIRA SILVA,AVANTE,Deputado Estadual,0,2022
0274,70070,WALDECK RODRIGUES DE MORAES,AVANTE,Deputado Estadual,0,2022
0274,70077,LUCIANO COSTA OLIVAN,AVANTE,Deputado Estadual,0,2022
0274,70088,KELLY VESCO MOZZONE,AVANTE,Deputado Estadual,0,2022
0274,70090,MARIA JULIANA PATRÍCIA DA COSTA,AVANTE,Deputado Estadual,0,2022
0274,70100,VALDENOR DE JESUS GONÇALVES FONSECA,AVANTE,Deputado Estadual,0,2022
0274,70110,NADIA AGUIAR SILVA LIMA,AVANTE,Deputado Estadual,0,2022
0274,70111,LUCIANO ZACCHIA DE ARAUJO,AVANTE,Deputado Estadual,0,2022
0274,70113,MARIA DAS MERCES CANDIDA DE ARAUJO,AVANTE,Deputado Estadual,0,2022
0274,70120,FABIO FEREZINI,AVANTE,Deputado Estadual,0,2022
0274,70123,MÁRCIO ROGÉRIO DIAS,AVANTE,Deputado Estadual,0,2022
0274,70127,MARCOS TIAGO DOS SANTOS NUNES,AVANTE,Deputado Estadual,0,2022
0274,70130,TANIA DAS NEVES BELO,AVANTE,Deputado Estadual,0,2022
0274,70140,ANTONIO CARLOS DE CAMPOS MACHADO,AVANTE,Deputado Estadual,0,2022
0274,70141,ZENIA PEREIRA DE ANDRADE SOUSA,AVANTE,Deputado Estadual,0,2022
0274,70142,TIRSO DOS SANTOS JUNIOR,AVANTE,Deputado Estadual,0,2022
0274,70145,PAULA CRISTINA LOURENÇO,AVANTE,Deputado Estadual,0,2022
0274,70150,MARCELO AUGUSTO MARTINS COUBASSIER,AVANTE,Deputado Estadual,0,2022
0274,70156,JOSANGELA SILVEIRA MELO,AVANTE,Deputado Estadual,0,2022
0274,70160,ROQUE BARBIERE,AVANTE,Deputado Estadual,0,2022
0274,70170,LUIZ DE SOUSA CHAGAS,AVANTE,Deputado Estadual,0,2022
0274,70177,RITA DE CASSIA RAMOS ORIGUELLA,AVANTE,Deputado Estadual,0,2022
0274,70180,SANDRA DAMASCENO NUNES DE MIRANDA,AVANTE,Deputado Estadual,0,2022
0274,70190,KARINA CARLA DA SILVA,AVANTE,Deputado Estadual,0,2022
0274,70192,WILSON DOS SANTOS JÚNIOR,AVANTE,Deputado Estadual,0,2022
0274,70200,FRANCISCO MARCOS IRAN AQUINO ROLIM,AVANTE,Deputado Estadual,0,2022
0274,70202,SERGIO RAMOS ROBERTO,AVANTE,Deputado Estadual,0,2022
0274,70222,SERGIO UZUM JUNIOR,AVANTE,Deputado Estadual,0,2022
0274,70233,BOAVENTURA PEREIRA SANTOS,AVANTE,Deputado Estadual,0,2022
0274,70234,JUSSIMARA NUNES DE JESUS,AVANTE,Deputado Estadual,0,2022
0274,70270,DAVID CRISTIAN DE OLIVEIRA,AVANTE,Deputado Estadual,0,2022
0274,70300,MATIAS GERALDO MUNIZ,AVANTE,Deputado Estadual,0,2022
0274,70313,GILMAR BORGES DE ALMEIDA,AVANTE,Deputado Estadual,0,2022
0274,70321,JOSÉ AMARO DA SILVA,AVANTE,Deputado Estadual,0,2022
0274,70333,MÁRIO COROCHEL NETO,AVANTE,Deputado Estadual,0,2022
0274,70345,ADRIANA SOUZA DOS SANTOS PEREIRA,AVANTE,Deputado Estadual,0,2022
0274,70369,PEDRO ADERSON FURTADO SOARES,AVANTE,Deputado Estadual,0,2022
0274,70400,JOÃO VANE CAVALCANTI REIS,AVANTE,Deputado Estadual,0,2022
0274,70440,JONEIDE GOMES LOPES,AVANTE,Deputado Estadual,0,2022
0274,70444,OZÉIAS BATISTA DOS SANTOS,AVANTE,Deputado Estadual,0,2022
0274,70456,LUZIA MARIA VIDICA CÂNDIDO,AVANTE,Deputado Estadual,0,2022
0274,70470,WALNEY ARAUJO DA SILVEIRA,AVANTE,Deputado Estadual,0,2022
0274,70555,RENATA APARECIDA MORAIS DE VASCONCELOS,AVANTE,Deputado Estadual,0,2022
0274,70567,ADONAI DOS SANTOS SOARES JÚNIOR,AVANTE,Deputado Estadual,0,2022
0274,70570,PAULO SÉRGIO SILVESTRE,AVANTE,Deputado Estadual,0,2022
0274,70600,ALEXANDRE CHICHURRA,AVANTE,Deputado Estadual,0,2022
0274,70677,ROGÉRIO MACIEL MONTEIRO JUNIOR,AVANTE,Deputado Estadual,0,2022
0274,70700,MORGANA SIQUEIRA,AVANTE,Deputado Estadual,0,2022
0274,70707,LUCINEIA DOS SANTOS,AVANTE,Deputado Estadual,0,2022
0274,70709,JORGE SAMPAIO DA SILVA,AVANTE,Deputado Estadual,0,2022
0274,70717,LUCIANA VEIGA DE PAULA,AVANTE,Deputado Estadual,0,2022
0274,70730,LAELSON DA PAZ DE OLIVEIRA,AVANTE,Deputado Estadual,0,2022
0274,70740,ALINE FELIPE SOARES CARVALHO,AVANTE,Deputado Estadual,0,2022
0274,70770,ANTONIO GILBERTO DA SILVA,AVANTE,Deputado Estadual,0,2022
0274,70775,ANTONIO CONSTANTINO OLIVEIRA,AVANTE,Deputado Estadual,0,2022
0274,70777,WALTER CAVEANHA,AVANTE,Deputado Estadual,0,2022
0274,70778,JOSENILDO JOSE DE OLIVEIRA,AVANTE,Deputado Estadual,0,2022
0274,70789,PAULO CALADO FARIAS,AVANTE,Deputado Estadual,0,2022
0274,70800,DONIZETE NATAL PONTES,AVANTE,Deputado Estadual,0,2022
0274,70840,LUIZ ANTONIO CIRINO,AVANTE,Deputado Estadual,0,2022
0274,70888,OSWALDO LUIZ RODRIGUES DE OLIVEIRA,AVANTE,Deputado Estadual,0,2022
0274,70900,JORGE DURAN GONÇALEZ,AVANTE,Deputado Estadual,0,2022
0274,70930,NILSON DE OLIVEIRA VALIM,AVANTE,Deputado Estadual,0,2022
0274,70940,RICARDO DIAS,AVANTE,Deputado Estadual,0,2022
0274,70950,SERGIO WAGNER LOCATELLI,AVANTE,Deputado Estadual,0,2022
0274,70960,SILVIA DOS REIS,AVANTE,Deputado Estadual,0,2022
0274,70970,KARINA CRISTINA DE OLIVEIRA SILVA SOARES,AVANTE,Deputado Estadual,0,2022
0274,70977,JOSÉ LUIZ DE LIMA,AVANTE,Deputado Estadual,0,2022
0274,70987,EDNEI APARECIDO VALENCIO,AVANTE,Deputado Estadual,0,2022
0274,70988,ROBSON CRISTIANO DE SOUZA,AVANTE,Deputado Estadual,0,2022
0274,70990,ELAINE CRISTINA RODRIGUES,AVANTE,Deputado Estadual,0,2022
0274,70999,HANGELBRT PIRES SOARES,AVANTE,Deputado Estadual,0,2022
0274,77000,ÁTILA CESAR MONTEIRO JACOMUSSI,SOLIDARIEDADE,Deputado Estadual,5,2022
0274,77001,DAVID DOS REIS RODRIGUES SABACIANSKIS,SOLIDARIEDADE,Deputado Estadual,0,2022
0274,77002,VALDINEIA MEIRA MOTA,SOLIDARIEDADE,Deputado Estadual,1,2022
0274,77003,CRISTIANO ALEXANDRE DA SILVA,SOLIDARIEDADE,Deputado Estadual,0,2022
0274,77007,RICARDO DE SOUZA GENOVEZ,SOLIDARIEDADE,Deputado Estadual,0,2022
0274,77008,PAULO MACHADO DA SILVA,SOLIDARIEDADE,Deputado Estadual,0,2022
0274,77010,JONES DONIZETTE SOBRINHO,SOLIDARIEDADE,Deputado Estadual,12,2022
0274,77040,ADILSON DE SOUZA ROCHA,SOLIDARIEDADE,Deputado Estadual,164,2022
0274,77048,ADENILDES ALVES ROCHA,SOLIDARIEDADE,Deputado Estadual,2,2022
0274,77055,FABIANO RUEDA AMORIM,SOLIDARIEDADE,Deputado Estadual,2,2022
0274,77059,ELLEN CRISTINA DE MORAES,SOLIDARIEDADE,Deputado Estadual,0,2022
0274,77073,ALEXANDRA DOS SANTOS MOTA,SOLIDARIEDADE,Deputado Estadual,5,2022
0274,77077,VALDOMIRO NUNES DE QUEIROZ,SOLIDARIEDADE,Deputado Estadual,0,2022
0274,77088,CAIO ALEXANDRE RAMOS FORCEL,SOLIDARIEDADE,Deputado Estadual,0,2022
0274,77111,ELI CORREIA DE MELO,SOLIDARIEDADE,Deputado Estadual,1,2022
0274,77123,VANDERLEY CAVALCANTE DA SILVA,SOLIDARIEDADE,Deputado Estadual,2,2022
0274,77126,ALAN EDUARDO DE PAULA,SOLIDARIEDADE,Deputado Estadual,0,2022
0274,77134,MARIA GORETE DA SILVA,SOLIDARIEDADE,Deputado Estadual,0,2022
0274,77147,GEORGES HABIB JARROUGE,SOLIDARIEDADE,Deputado Estadual,1,2022
0274,77154,FLORISA BATISTA DE ALMEIDA,SOLIDARIEDADE,Deputado Estadual,0,2022
0274,77156,GERALDO NUNES REIS,SOLIDARIEDADE,Deputado Estadual,0,2022
0274,77177,EDSON MUNIS,SOLIDARIEDADE,Deputado Estadual,1,2022
0274,77192,AGNALDO PISCOPO,SOLIDARIEDADE,Deputado Estadual,11,2022
0274,77200,MARISSOL APARECIDA DA SILVA BARROS,SOLIDARIEDADE,Deputado Estadual,0,2022
0274,77215,DEBORA MEIKO IKEJIRI,SOLIDARIEDADE,Deputado Estadual,1,2022
0274,77222,LUCIANO BATISTA,SOLIDARIEDADE,Deputado Estadual,0,2022
0274,77234,JOSE MARIA FELIX,SOLIDARIEDADE,Deputado Estadual,0,2022
0274,77241,MARIA DE LOURDES DO NASCIMENTO NUNES,SOLIDARIEDADE,Deputado Estadual,0,2022
0274,77250,BRIGIDA CAIRES DINARDI,SOLIDARIEDADE,Deputado Estadual,0,2022
0274,77300,GLACIMERE BRITTO DE OLIVEIRA PIMENTA,SOLIDARIEDADE,Deputado Estadual,1,2022
0274,77332,VALDIR SOARES DE ALBUQUERQUE,SOLIDARIEDADE,Deputado Estadual,0,2022
0274,77345,WILLIAM CLEMENTE CORREA,SOLIDARIEDADE,Deputado Estadual,0,2022
0274,77400,LUIZ CARLOS DE MORAES,SOLIDARIEDADE,Deputado Estadual,1,2022
0274,77444,EDSON NASCIMENTO DE OLIVEIRA,SOLIDARIEDADE,Deputado Estadual,0,2022
0274,77458,ANDERSON MARTINS SALGADO,SOLIDARIEDADE,Deputado Estadual,0,2022
0274,77510,ANTONIO ALBERTO DOS REIS,SOLIDARIEDADE,Deputado Estadual,0,2022
0274,77513,JOSÉ ALVIM FILHO,SOLIDARIEDADE,Deputado Estadual,0,2022
0274,77550,BRUNO LUCIANO MEIRA MARTINS,SOLIDARIEDADE,Deputado Estadual,0,2022
0274,77555,MARCELO GOUVEIA NASCIMENTO,SOLIDARIEDADE,Deputado Estadual,5,2022
0274,77566,JAMIL AKIO ONO,SOLIDARIEDADE,Deputado Estadual,5,2022
0274,77567,LAERTE VANDERLEY CORNELIO,SOLIDARIEDADE,Deputado Estadual,0,2022
0274,77577,LUCIMARA SILVEIRA MANHA,SOLIDARIEDADE,Deputado Estadual,0,2022
0274,77600,VALDIR DE ALVARENGA,SOLIDARIEDADE,Deputado Estadual,0,2022
0274,77654,ROBSON ALEXANDRE DE OLIVEIRA,SOLIDARIEDADE,Deputado Estadual,1,2022
0274,77677,VALQUIRO MARTINS BOMFIM,SOLIDARIEDADE,Deputado Estadual,0,2022
0274,77678,ISRAEL SAMPAIO DE LACERDA FILHO,SOLIDARIEDADE,Deputado Estadual,0,2022
0274,77700,LUCAS DE OLIVEIRA,SOLIDARIEDADE,Deputado Estadual,0,2022
0274,77707,ALESSANDRA JULIO PAES,SOLIDARIEDADE,Deputado Estadual,0,2022
0274,77710,RENATA TEODORO DA FONSECA,SOLIDARIEDADE,Deputado Estadual,0,2022
0274,77715,LUIZ CARLOS MAGESTO,SOLIDARIEDADE,Deputado Estadual,0,2022
0274,77724,ANDREIA MARQUETE PASSOS,SOLIDARIEDADE,Deputado Estadual,0,2022
0274,77737,NEZINHO GONÇALVES NUNES,SOLIDARIEDADE,Deputado Estadual,0,2022
0274,77744,EDUARDO SILVA NICOLAU DE SOUZA,SOLIDARIEDADE,Deputado Estadual,0,2022
0274,77747,MAURA DA SILVA BUENO SANTOS,SOLIDARIEDADE,Deputado Estadual,0,2022
0274,77757,JORGE JERONIMO TEIXEIRA DOS SANTOS,SOLIDARIEDADE,Deputado Estadual,2,2022
0274,77770,REGINA DE MATOS COELHO NOGUEIRA,SOLIDARIEDADE,Deputado Estadual,1,2022
0274,77771,TELMA MARIA CARDIA,SOLIDARIEDADE,Deputado Estadual,36,2022
0274,77772,ANA IMACULADA VALERIO,SOLIDARIEDADE,Deputado Estadual,0,2022
0274,77777,ALEXANDRE PEREIRA DA SILVA,SOLIDARIEDADE,Deputado Estadual,34,2022
0274,77787,SÉTIMA MARIA VIEIRA DE ARAUJO,SOLIDARIEDADE,Deputado Estadual,0,2022
0274,77788,HERY WALDIR KATTWINKEL JUNIOR,SOLIDARIEDADE,Deputado Estadual,9,2022
0274,77789,RUBENS DE SOUZA,SOLIDARIEDADE,Deputado Estadual,0,2022
0274,77800,ADENILTON FERREIRA DA SILVA,SOLIDARIEDADE,Deputado Estadual,0,2022
0274,77808,MICHELLE SCOASSADO,SOLIDARIEDADE,Deputado Estadual,0,2022
0274,77880,MARIA NILVA SEVERINO GONÇALVES,SOLIDARIEDADE,Deputado Estadual,0,2022
0274,77888,CARLOS AUGUSTO DOS SANTOS,SOLIDARIEDADE,Deputado Estadual,25,2022
0274,77890,THIAGO FERREIRA ZANI,SOLIDARIEDADE,Deputado Estadual,0,2022
0274,77970,RAIMUNDO LUSTOZA LUCAS,SOLIDARIEDADE,Deputado Estadual,0,2022
0274,77997,MOISES JULIANO MONTIEL,SOLIDARIEDADE,Deputado Estadual,1,2022
0274,77999,LUCIANO APARECIDO MORENO,SOLIDARIEDADE,Deputado Estadual,0,2022
0274,80000,LIGIA MENDES DA SILVA,UP,Deputado Estadual,52,2022
0274,80080,JOÃO GABRIEL COELHO,UP,Deputado Estadual,0,2022
0274,80123,AMANDA OLIVEIRA BISPO,UP,Deputado Estadual,59,2022
0274,90000,NEZIO ANTONIO MONTEIRO FILHO,PROS,Deputado Estadual,0,2022
0274,90005,WELLISSON WESLEY CANDIDO PEIXOTO,PROS,Deputado Estadual,0,2022
0274,90007,ARJUNA DE HUR FRAGA DE ASSUNÇÃO,PROS,Deputado Estadual,0,2022
0274,90009,JOSE CARLOS RICARDO,PROS,Deputado Estadual,0,2022
0274,90011,LUIZ AUGUSTO ROMANI DE OLIVEIRA,PROS,Deputado Estadual,0,2022
0274,90013,ERISVALDO DE SOUSA AGUIAR,PROS,Deputado Estadual,0,2022
0274,90014,ÁKILA SEVERO DE AZEVEDO,PROS,Deputado Estadual,0,2022
0274,90020,EDUARDO JOAQUIM DE OLIVEIRA,PROS,Deputado Estadual,0,2022
0274,90022,CHRISTINA MASSIS DELLA TORRE LEMES,PROS,Deputado Estadual,0,2022
0274,90025,MICHEL CAETANO DE ALBUQUERQUE,PROS,Deputado Estadual,0,2022
0274,90033,MARIA DA GLORIA IBARRA DOS REIS,PROS,Deputado Estadual,0,2022
0274,90050,EDSON MORO JUNIOR,PROS,Deputado Estadual,0,2022
0274,90090,NESTOR FERREIRA DOS SANTOS,PROS,Deputado Estadual,0,2022
0274,90100,CARLOS ALBERTO DE ZAGOTTIS SAAD,PROS,Deputado Estadual,0,2022
0274,90111,ANILTON HERCULINO DOS SANTOS,PROS,Deputado Estadual,0,2022
0274,90123,ALEXANDRE EUGENIO BATISTA,PROS,Deputado Estadual,0,2022
0274,90160,MARJORIE HOSANA CAMARGO MONTEIRO,PROS,Deputado Estadual,0,2022
0274,90192,MARILUCI FELICIANO DE OLIVEIRA GUEDES,PROS,Deputado Estadual,0,2022
0274,90193,IVANISE MARIA DE SOUSA GIAMPAGLIA,PROS,Deputado Estadual,0,2022
0274,90198,LEANDRO CALDAS DE CASTRO,PROS,Deputado Estadual,0,2022
0274,90199,CARLOS AUGUSTO PEREIRA COSTA,PROS,Deputado Estadual,0,2022
0274,90200,OSVALDY MARTINS,PROS,Deputado Estadual,0,2022
0274,90202,ENZO LEONARDO SUZIN MOMENTI,PROS,Deputado Estadual,0,2022
0274,90222,IRANILDO DANTAS,PROS,Deputado Estadual,0,2022
0274,90258,CELSO RICARDO DE MOURA,PROS,Deputado Estadual,0,2022
0274,90300,ARLINDO DE OLIVEIRA CAMARGO,PROS,Deputado Estadual,0,2022
0274,90318,WAGNER IRINEU DA SILVA,PROS,Deputado Estadual,0,2022
0274,90321,JOSÉ IVANILDO MARINHO PINHEIRO,PROS,Deputado Estadual,0,2022
0274,90334,NEILTON LISBOA DOS SANTOS,PROS,Deputado Estadual,0,2022
0274,90354,LUCAS MARCOLINO CORTEZ DOS SANTOS,PROS,Deputado Estadual,0,2022
0274,90454,GERALDO CARDOSO DE JESUS,PROS,Deputado Estadual,0,2022
0274,90478,AMARINILDA JOSÉ CUSTÓDIO,PROS,Deputado Estadual,0,2022
0274,90480,NEIVA ANTONIA MARTINS MARQUES,PROS,Deputado Estadual,0,2022
0274,90500,JOÃO BOSCO LOURENÇO,PROS,Deputado Estadual,0,2022
0274,90533,LUIS CARLOS MESSIAS,PROS,Deputado Estadual,0,2022
0274,90555,JEFFERSON DE JESUS NOGUEIRA,PROS,Deputado Estadual,0,2022
0274,90557,ANTONIO AGNALDO DOS SANTOS,PROS,Deputado Estadual,0,2022
0274,90567,PÂMELA ZÉLIA PAN TONIOLO,PROS,Deputado Estadual,0,2022
0274,90590,DEBORA CRISTINA DA MOTA,PROS,Deputado Estadual,0,2022
0274,90600,VICTOR GUATELLI CAVALCANTE,PROS,Deputado Estadual,0,2022
0274,90666,EBION PEREIRA DA COSTA,PROS,Deputado Estadual,0,2022
0274,90675,ANTONIO LUCIANO DO ROSARIO BARBOSA,PROS,Deputado Estadual,0,2022
0274,90700,MARCIA CRISTINA DOS SANTOS VENTURINI,PROS,Deputado Estadual,0,2022
0274,90707,RAPHAEL DIAS FERNANDES NETO,PROS,Deputado Estadual,0,2022
0274,90722,PAULO JOSE GONÇALVES,PROS,Deputado Estadual,0,2022
0274,90789,ADÃO DA SILVA,PROS,Deputado Estadual,0,2022
0274,90800,GLORIAMAR JACINTHO,PROS,Deputado Estadual,0,2022
0274,90828,ANNE VITORIA DIAS MOTA,PROS,Deputado Estadual,0,2022
0274,90888,HAMILTON ALVES FERNANDES,PROS,Deputado Estadual,0,2022
0274,90889,WALMIR CHARLEAUX BLANCO ESTEVES,PROS,Deputado Estadual,0,2022
0274,90900,AMANDA LIMA DIAS,PROS,Deputado Estadual,0,2022
0274,90901,VIVIANE DA SILVA FERNANDES DE LIMA,PROS,Deputado Estadual,0,2022
0274,90905,CAROLINA CASSACA NOEL,PROS,Deputado Estadual,0,2022
0274,90912,ELENICE MARIA DE OLIVEIRA,PROS,Deputado Estadual,0,2022
0274,90913,ANETE DÁLIA SEABRA SAMPAIO DE SOUZA,PROS,Deputado Estadual,0,2022
0274,90919,BENJAMIN NOEL,PROS,Deputado Estadual,0,2022
0274,90922,ALEX CANUTO DE SÁ CUNHA,PROS,Deputado Estadual,0,2022
0274,90988,PAULO CAINE DOS SANTOS SILVA,PROS,Deputado Estadual,0,2022
0274,90999,RICARDO PELISSARO LOQUETE,PROS,Deputado Estadual,0,2022
0275,10000,JORGE WILSON GONÇALVES DE MATTOS,REPUBLICANOS,Deputado Estadual,188,2022
0275,10001,RALFI RAFAEL DA SILVA,REPUBLICANOS,Deputado Estadual,4,2022
0275,10003,HELIO GERALDO RAMOS JUNIOR,REPUBLICANOS,Deputado Estadual,0,2022
0275,10007,CLEUSA APARECIDA DOS SANTOS,REPUBLICANOS,Deputado Estadual,1,2022
0275,10010,VANESSA GALLONI CARRERA,REPUBLICANOS,Deputado Estadual,9,2022
0275,10011,SONIA APARECIDA GONÇALVES BELARMINO,REPUBLICANOS,Deputado Estadual,2,2022
0275,10014,VIVIAN MAIRA DA SILVA MARCOS SOARES,REPUBLICANOS,Deputado Estadual,1,2022
0275,10017,DANILO CESAR CAMPETTI,REPUBLICANOS,Deputado Estadual,115,2022
0275,10018,CACILDA SANTOS MAGALHÃES,REPUBLICANOS,Deputado Estadual,0,2022
0275,10020,SILVIO ALESSANDER ENCARNAÇÃO,REPUBLICANOS,Deputado Estadual,2,2022
0275,10022,EDSON ANTONIO DE SOUZA,REPUBLICANOS,Deputado Estadual,2,2022
0275,10030,EDNA MARIA VERTELLO SILVA,REPUBLICANOS,Deputado Estadual,0,2022
0275,10033,ROGERIO PEDROSO DE PADUA JUNIOR,REPUBLICANOS,Deputado Estadual,1,2022
0275,10038,CAIQUE MAFRA BARBOSA,REPUBLICANOS,Deputado Estadual,46,2022
0275,10055,IARA FRANCISCA DOS SANTOS,REPUBLICANOS,Deputado Estadual,11,2022
0275,10060,JORGE LUIS DE SOUZA RODRIGUES,REPUBLICANOS,Deputado Estadual,0,2022
0275,10069,WAGNER BERNARDINO DA SILVA,REPUBLICANOS,Deputado Estadual,0,2022
0275,10070,WALTER PEREIRA FERREIRA,REPUBLICANOS,Deputado Estadual,24,2022
0275,10087,MARCO ROBERTO DA SILVA,REPUBLICANOS,Deputado Estadual,19,2022
0275,10099,LEONICE ALVES DA PAZ,REPUBLICANOS,Deputado Estadual,183,2022
0275,10100,AILDO RODRIGUES FERREIRA,REPUBLICANOS,Deputado Estadual,96,2022
0275,10101,EDISON LOURENÇO RICCOMI,REPUBLICANOS,Deputado Estadual,5,2022
0275,10102,RUBI CRUSE,REPUBLICANOS,Deputado Estadual,7,2022
0275,10107,FABIO DE CAMARGO TELLES,REPUBLICANOS,Deputado Estadual,0,2022
0275,10110,ABELARDO WANDERLINO DA COSTA NETO,REPUBLICANOS,Deputado Estadual,12,2022
0275,10111,RUI ALVES SOUZA JUNIOR,REPUBLICANOS,Deputado Estadual,64,2022
0275,10114,VALDECIR SOUZA DOS SANTOS,REPUBLICANOS,Deputado Estadual,6,2022
0275,10120,MARCO ANTONIO ZANONI BUENO,REPUBLICANOS,Deputado Estadual,26,2022
0275,10122,GILSON DE SOUZA,REPUBLICANOS,Deputado Estadual,7,2022
0275,10123,GILMACI DOS SANTOS BARBOSA,REPUBLICANOS,Deputado Estadual,976,2022
0275,10125,BRIGIDA PINATTI AMATTE,REPUBLICANOS,Deputado Estadual,1,2022
0275,10147,CLAUDIO ERNANI MARCONDES DE MIRANDA,REPUBLICANOS,Deputado Estadual,14,2022
0275,10170,GENILZA MEDEIROS DE CASTRO,REPUBLICANOS,Deputado Estadual,0,2022
0275,10181,LÔIDE CAMILO SOUZA FIUZA DE CARVALHO,REPUBLICANOS,Deputado Estadual,5,2022
0275,10190,HELENA DOS SANTOS REIS,REPUBLICANOS,Deputado Estadual,10,2022
0275,10192,ELTON CARVALHO PORTO,REPUBLICANOS,Deputado Estadual,1,2022
0275,10193,ADEMAR FRANCISCO MARTINS NETO,REPUBLICANOS,Deputado Estadual,1,2022
0275,10196,MAYRA ROSANNA GAMA DE ARAÚJO SILVA DA COSTA,REPUBLICANOS,Deputado Estadual,50,2022
0275,10200,HIGOR DIEGO RALLA,REPUBLICANOS,Deputado Estadual,875,2022
0275,10202,CLEMILTON ALVES DA SILVA,REPUBLICANOS,Deputado Estadual,19,2022
0275,10220,MARCO AURELIO MOREIRA ROQUE,REPUBLICANOS,Deputado Estadual,1,2022
0275,10222,ÉLITON SOUSA LEITE,REPUBLICANOS,Deputado Estadual,265,2022
0275,10224,MARIA NILZA FERREIRA ALVES,REPUBLICANOS,Deputado Estadual,0,2022
0275,10234,LUIZ CARLOS DONEGÁ NETO,REPUBLICANOS,Deputado Estadual,4,2022
0275,10255,LUIZ ANTONIO DINIZ DE ALMEIDA,REPUBLICANOS,Deputado Estadual,5,2022
0275,10300,RODRIGO FERNANDO NOVELLI,REPUBLICANOS,Deputado Estadual,9,2022
0275,10310,HUGO DANTAS DA SILVA,REPUBLICANOS,Deputado Estadual,2,2022
0275,10317,ROGERIO MOURA TOMAZ,REPUBLICANOS,Deputado Estadual,1,2022
0275,10318,LILIANE HELENA BARBOSA CHIARELLI,REPUBLICANOS,Deputado Estadual,3,2022
0275,10321,SEBASTIÃO DOS SANTOS FILHO,REPUBLICANOS,Deputado Estadual,19,2022
0275,10322,MAURICIO NOGUEIRA DIAS,REPUBLICANOS,Deputado Estadual,0,2022
0275,10333,ALTAIR MORAES DE OLIVEIRA,REPUBLICANOS,Deputado Estadual,21,2022
0275,10345,ABNER DELUQUI ISIDORO,REPUBLICANOS,Deputado Estadual,4,2022
0275,10360,VAGNER FERNANDES DA SILVA,REPUBLICANOS,Deputado Estadual,0,2022
0275,10369,ANDRE GEORGE NERES DE FARIAS,REPUBLICANOS,Deputado Estadual,0,2022
0275,10400,CHAYNI MELO DA SILVA,REPUBLICANOS,Deputado Estadual,1,2022
0275,10422,THIAGO ANTONIO BRIGANO,REPUBLICANOS,Deputado Estadual,8,2022
0275,10444,EDSON JOSÉ BOMBONATTI,REPUBLICANOS,Deputado Estadual,5,2022
0275,10450,PEDRO LUIZ CONTI MARIOZI,REPUBLICANOS,Deputado Estadual,0,2022
0275,10456,EDNA BEZERRA SAMPAIO FERNANDES,REPUBLICANOS,Deputado Estadual,15,2022
0275,10470,ANA CRISTINA DA SILVA COSTA,REPUBLICANOS,Deputado Estadual,2,2022
0275,10500,DOUGLAS ALBERTO SANTOS,REPUBLICANOS,Deputado Estadual,20,2022
0275,10511,CLAUDIO MASANOBU TERASAKA,REPUBLICANOS,Deputado Estadual,17,2022
0275,10550,TOME ABDUCH,REPUBLICANOS,Deputado Estadual,2168,2022
0275,10555,VITOR ALEXANDRE RODRIGUES,REPUBLICANOS,Deputado Estadual,27,2022
0275,10600,FLEITAS FIDELES MONTEIRO,REPUBLICANOS,Deputado Estadual,8,2022
0275,10605,CLAUDIA SILVIA MACHADO DA SILVA,REPUBLICANOS,Deputado Estadual,9,2022
0275,10611,CARLOS WEVERTON ORTEGA SANCHES,REPUBLICANOS,Deputado Estadual,1,2022
0275,10666,ELIANA ATTINI PALMIERI,REPUBLICANOS,Deputado Estadual,2,2022
0275,10699,AUREA ROCHA,REPUBLICANOS,Deputado Estadual,1,2022
0275,10700,EDSON PIRES SALOMÃO,REPUBLICANOS,Deputado Estadual,51,2022
0275,10722,VASCO DA GAMA JUNIOR,REPUBLICANOS,Deputado Estadual,0,2022
0275,10770,MARIA APARECIDA ROQUE DE OLIVEIRA,REPUBLICANOS,Deputado Estadual,2,2022
0275,10777,MANOEL BARBOSA DO NASCIMENTO,REPUBLICANOS,Deputado Estadual,166,2022
0275,10780,GERLANY FELISMINO DE LIMA ROCHA,REPUBLICANOS,Deputado Estadual,1,2022
0275,10788,SIDNEY NERY DA SILVA,REPUBLICANOS,Deputado Estadual,2,2022
0275,10789,GILMAR SOUZA DOS SANTOS,REPUBLICANOS,Deputado Estadual,1,2022
0275,10800,MARCELO SQUASSONI,REPUBLICANOS,Deputado Estadual,6,2022
0275,10850,SILMARA APARECIDA DOS REIS CIPRIANO,REPUBLICANOS,Deputado Estadual,2,2022
0275,10852,PAULO ELIAS VICENTE,REPUBLICANOS,Deputado Estadual,6,2022
0275,10855,JOSE SILVIO VALDISSERA,REPUBLICANOS,Deputado Estadual,2,2022
0275,10870,DANIEL PLANA BOGALHO,REPUBLICANOS,Deputado Estadual,4,2022
0275,10888,VLAMIR BERNARDES DA SILVA,REPUBLICANOS,Deputado Estadual,0,2022
0275,10900,MARCOS VINÍCIO BILANCIERI,REPUBLICANOS,Deputado Estadual,11,2022
0275,10910,ANTÔNIO CARLOS DA SILVA,REPUBLICANOS,Deputado Estadual,15,2022
0275,10911,PEDRO RODRIGUES DE MIRANDA NETO,REPUBLICANOS,Deputado Estadual,5,2022
0275,10980,PAULO AUGUSTO LEITE MOTOOKA,REPUBLICANOS,Deputado Estadual,8,2022
0275,10987,SARA MARGARETE DE SOUZA SILVA,REPUBLICANOS,Deputado Estadual,0,2022
0275,10990,REJAINE TEREZA DOS SANTOS MARCHESINI,REPUBLICANOS,Deputado Estadual,1,2022
0275,10999,RICARDO MOLINA DIAS,REPUBLICANOS,Deputado Estadual,206,2022
0275,11000,JEFERSON MODESTO SILVA,PP,Deputado Estadual,14,2022
0275,11001,FABIA DA SILVA PORTO,PP,Deputado Estadual,3,2022
0275,11007,DAVID GONÇALVES MOREIRA,PP,Deputado Estadual,0,2022
0275,11012,FERNANDO CESAR RAMOS,PP,Deputado Estadual,0,2022
0275,11018,EVANDRO GONÇALVES PESSOA,PP,Deputado Estadual,2,2022
0275,11019,LUCIVÂNIA PINHEIRO BARBOSA,PP,Deputado Estadual,74,2022
0275,11022,LETICIA AGUIAR RESENDE ALVES,PP,Deputado Estadual,65,2022
0275,11023,FLAVIO AUGUSTO OLMOS,PP,Deputado Estadual,1,2022
0275,11035,VERA APARECIDA ORTEGA DOS SANTOS,PP,Deputado Estadual,0,2022
0275,11040,EVELLYN JULIANA DA SILVA,PP,Deputado Estadual,0,2022
0275,11045,RODRIGO OTÁVIO SANTOS VELLASCO,PP,Deputado Estadual,0,2022
0275,11050,JOÃO ROBERTO DE SIQUEIRA,PP,Deputado Estadual,0,2022
0275,11060,APARECIDO JOVANIR PENA JUNIOR,PP,Deputado Estadual,0,2022
0275,11100,GUILHERME LAZO SOLANO NETO,PP,Deputado Estadual,17,2022
0275,11110,CARLOS EDUARDO RICATTO,PP,Deputado Estadual,36,2022
0275,11111,JOÃO JORGE FADEL FILHO,PP,Deputado Estadual,50,2022
0275,11119,ANDERSON DOS SANTOS,PP,Deputado Estadual,1,2022
0275,11120,DANIEL JOSÉ MILLER DE AZEVEDO,PP,Deputado Estadual,6,2022
0275,11122,WILSON JOAQUIM DA SILVA,PP,Deputado Estadual,5,2022
0275,11123,AUDREY KLEYS CABRAL DE OLIVEIRA DINAU,PP,Deputado Estadual,15,2022
0275,11125,CAIO FIORI DIAS,PP,Deputado Estadual,28,2022
0275,11181,LUIZ ANTONIO GATO,PP,Deputado Estadual,0,2022
0275,11190,RAFAEL HENRIQUE CANO TELHADA,PP,Deputado Estadual,251,2022
0275,11193,WALKER ISAAC DE SOUSA,PP,Deputado Estadual,4,2022
0275,11200,LETÍCIA DA SILVA GUEDES,PP,Deputado Estadual,3,2022
0275,11211,CARLOS ALBERTO BOARINI,PP,Deputado Estadual,1,2022
0275,11212,HELIO JOSÉ DOS SANTOS,PP,Deputado Estadual,11,2022
0275,11222,SAULO DE OLIVEIRA SOUZA,PP,Deputado Estadual,14,2022
0275,11224,PATRICIA ROSSI CICOTOSTE,PP,Deputado Estadual,0,2022
0275,11225,VALÉRIA CLAYTON REZENDE DE LIMA,PP,Deputado Estadual,4,2022
0275,11227,MARIA APARECIDA DE JESUS,PP,Deputado Estadual,0,2022
0275,11234,FLAVIO ROBERTO SALATINO,PP,Deputado Estadual,1,2022
0275,11245,FABIO ROGERIO FAGUNDES,PP,Deputado Estadual,0,2022
0275,11258,MÁRCIO APARECIDO MARTINS,PP,Deputado Estadual,0,2022
0275,11300,JOSÉ FRANCISCO GALDINO DE CARVALHO,PP,Deputado Estadual,2,2022
0275,11321,ELISANGELA ALCANTARA DA SILVA GONZALEZ,PP,Deputado Estadual,2,2022
0275,11333,JOSE MENDES DE SOUZA NETO BOTA,PP,Deputado Estadual,64,2022
0275,11334,RODRIGO DE PAULA RUIS,PP,Deputado Estadual,8,2022
0275,11345,MITUO TAKAHASI,PP,Deputado Estadual,0,2022
0275,11350,IZABEL CRISTINA DA SILVA ANDRE,PP,Deputado Estadual,1,2022
0275,11377,MARIA DE FÁTIMA SILVA,PP,Deputado Estadual,0,2022
0275,11400,PAULO ROBERTO CASSIOLATO FILHO,PP,Deputado Estadual,0,2022
0275,11444,TIAGO BAUAB BEDANI,PP,Deputado Estadual,1,2022
0275,11445,ARNALDO JOSE MARÍA CANCELA,PP,Deputado Estadual,9,2022
0275,11456,LUCAS DE ASSIS COSTA,PP,Deputado Estadual,0,2022
0275,11470,LEANDRO DE JESUS,PP,Deputado Estadual,0,2022
0275,11490,ELOIZA PEREIRA CORREIA,PP,Deputado Estadual,0,2022
0275,11511,EDSON RODRIGUES CARDOSO,PP,Deputado Estadual,1,2022
0275,11550,LYGIA APARECIDA FAZIO DE OLIVEIRA,PP,Deputado Estadual,4,2022
0275,11555,EZEQUIEL DE SOUZA DAMASCENO,PP,Deputado Estadual,2,2022
0275,11560,LINDINALVA ZEFERINO DE AZEVEDO,PP,Deputado Estadual,0,2022
0275,11567,HENRIQUE GOMES DE LIMA,PP,Deputado Estadual,28,2022
0275,11571,WELLINGTON WILLIAN DO NASCIMENTO SALES,PP,Deputado Estadual,1,2022
0275,11600,MARCIA APARECIDA TASCHETTI,PP,Deputado Estadual,0,2022
0275,11611,ADRIANA APARECIDA FELIX,PP,Deputado Estadual,9,2022
0275,11650,LUCIAUREA CORREIA DOS SANTOS,PP,Deputado Estadual,0,2022
0275,11660,RENATO DE OLIVEIRA ZUCOLOTO,PP,Deputado Estadual,7,2022
0275,11680,MARCELO LEANDRO BRAGA PALINI,PP,Deputado Estadual,1,2022
0275,11700,MARCELO RIBEIRO COSTA,PP,Deputado Estadual,2,2022
0275,11777,ANTONIO ASSUNÇÃO DE OLIM,PP,Deputado Estadual,605,2022
0275,11800,FERNANDO SIQUEIRA MUNIZ,PP,Deputado Estadual,0,2022
0275,11877,EDUARDO OLIVEIRA DE ARAUJO,PP,Deputado Estadual,0,2022
0275,11888,DANIELA DE OLIVEIRA SOUZA SOUTO,PP,Deputado Estadual,9,2022
0275,11890,ALBERTO SABINO DE OLIVEIRA,PP,Deputado Estadual,0,2022
0275,11900,KLEBER FERREIRA MARUXO,PP,Deputado Estadual,2,2022
0275,11911,EDYMAR BUENO,PP,Deputado Estadual,0,2022
0275,11972,BENEDITO TORRES BARRETO,PP,Deputado Estadual,0,2022
0275,11999,WAGNER RODRIGUES,PP,Deputado Estadual,6,2022
0275,12000,VICTOR HENRIQUE MARQUES,PDT,Deputado Estadual,45,2022
0275,12001,SOLANGE MARIA TEODORO,PDT,Deputado Estadual,0,2022
0275,12002,EDINEIA PRADO DA COSTA,PDT,Deputado Estadual,1,2022
0275,12003,MARCO ANTONIO ALVES JORGE,PDT,Deputado Estadual,10,2022
0275,12007,CLAUDIO JOSÉ DE OLIVEIRA GONÇALVES,PDT,Deputado Estadual,2,2022
0275,12008,PATRYCIA FACIOLO DOS SANTOS,PDT,Deputado Estadual,4,2022
0275,12012,DANIELA APARECIDA RODRIGUEIRO,PDT,Deputado Estadual,10,2022
0275,12013,DANIELLE MARINHO RABELO,PDT,Deputado Estadual,7,2022
0275,12014,JEFFERSON RODRIGO GOMES DA SILVA,PDT,Deputado Estadual,0,2022
0275,12016,MARIA EUGENIA UGUCIONE BIFFI,PDT,Deputado Estadual,2,2022
0275,12021,SANDRA NAVAJAS,PDT,Deputado Estadual,0,2022
0275,12022,GABRIEL COSTA PLACCE,PDT,Deputado Estadual,2,2022
0275,12028,PAULO ROGÉRIO DA SILVA,PDT,Deputado Estadual,1,2022
0275,12033,ADRIANA GOMES,PDT,Deputado Estadual,8,2022
0275,12050,ANTONIO FERNANDO PEREIRA,PDT,Deputado Estadual,0,2022
0275,12051,CÍCERO JUSTINO DA SILVA,PDT,Deputado Estadual,2,2022
0275,12054,SANDRA HELENA CANDIDO DOS SANTOS,PDT,Deputado Estadual,0,2022
0275,12077,MARCIO AURELIO SOARES,PDT,Deputado Estadual,0,2022
0275,12100,ALEXSANDRA OLIVEIRA BEZERRA,PDT,Deputado Estadual,8,2022
0275,12101,FLÁVIA APARECIDA RODRIGUES,PDT,Deputado Estadual,0,2022
0275,12111,LEONORA DA SILVA PÉRICO,PDT,Deputado Estadual,5,2022
0275,12112,FERNANDO DOS SANTOS MOURA,PDT,Deputado Estadual,1,2022
0275,12120,JOÃO VICTOR MATTA DIAS FERREIRA,PDT,Deputado Estadual,2,2022
0275,12121,PAULA MAYARA DARRÔ MARTINS ROCHA FILZEK,PDT,Deputado Estadual,7,2022
0275,12122,GILBERTO APARECIDO BORGES,PDT,Deputado Estadual,35,2022
0275,12123,DOUGLAS AUGUSTO PINHEIRO DE OLIVEIRA,PDT,Deputado Estadual,27,2022
0275,12124,AIRTON DA COSTA LOURENÇO,PDT,Deputado Estadual,2,2022
0275,12125,NUBIA DE JESUS SANTOS,PDT,Deputado Estadual,1,2022
0275,12126,ELISANGELA RODRIGUES DE SOUSA,PDT,Deputado Estadual,3,2022
0275,12131,ARNALDO REISDECOPA NASCIMENTO,PDT,Deputado Estadual,1,2022
0275,12156,EUGÊNIO MIRANDA,PDT,Deputado Estadual,0,2022
0275,12180,NAYLA DE SOUZA,PDT,Deputado Estadual,63,2022
0275,12190,MARCELO AFONSO PIMENTA,PDT,Deputado Estadual,1,2022
0275,12200,WILSON KELLER DE MATOS,PDT,Deputado Estadual,284,2022
0275,12202,SIVALDO DE JESUS,PDT,Deputado Estadual,0,2022
0275,12212,NEUDES RIBEIRO DE CARVALHO,PDT,Deputado Estadual,28,2022
0275,12222,ANTONIO DA ROCHA MARMO CEZAR,PDT,Deputado Estadual,10,2022
0275,12234,JOSUÉ GONÇALVES,PDT,Deputado Estadual,0,2022
0275,12240,ADRIANO NERES DE OLIVEIRA,PDT,Deputado Estadual,0,2022
0275,12244,RENAN FONSECA DA SILVA,PDT,Deputado Estadual,0,2022
0275,12277,MARCIO ALEXANDRE BARRETO,PDT,Deputado Estadual,0,2022
0275,12300,ANTONIO CARLOS TRIGO,PDT,Deputado Estadual,5,2022
0275,12307,MIRELLE CRISTINA DE SOUZA BUENO,PDT,Deputado Estadual,1,2022
0275,12310,ATAIDE ROBERTO DA SILVA JUNIOR,PDT,Deputado Estadual,3,2022
0275,12311,PAULO HENRIQUE RIBEIRO FLORIANO,PDT,Deputado Estadual,3,2022
0275,12312,ADOLFO BASSO,PDT,Deputado Estadual,34,2022
0275,12321,CASEMIRO DOS REIS JÚNIOR,PDT,Deputado Estadual,75,2022
0275,12333,PAULO ALEXANDRE ZEMUNER MASCARO,PDT,Deputado Estadual,5,2022
0275,12340,MAGALI RABELLO ROCHA,PDT,Deputado Estadual,5,2022
0275,12344,RAMILSON DE FREITAS PEREIRA,PDT,Deputado Estadual,2,2022
0275,12345,MÁRCIO MASSAMI NAKASHIMA,PDT,Deputado Estadual,138,2022
0275,12357,ROSA MARIA DA SILVA CLIMACO,PDT,Deputado Estadual,0,2022
0275,12363,EZEQUIEL DE ARAÚJO SILVA,PDT,Deputado Estadual,0,2022
0275,12366,MANOEL JOSÉ DA SILVA,PDT,Deputado Estadual,0,2022
0275,12369,ALEXSANDER MELO BUENO,PDT,Deputado Estadual,3,2022
0275,12377,LUIS CARLOS DE SOUZA,PDT,Deputado Estadual,0,2022
0275,12388,CINTIA APARECIDA DE MATOS,PDT,Deputado Estadual,0,2022
0275,12400,CESAR MICHELON LOUREIRO SANTANA,PDT,Deputado Estadual,0,2022
0275,12412,JOAQUIM MARCELINO JOFFRE NETO,PDT,Deputado Estadual,0,2022
0275,12422,GILMAR FERNANDES DE MELO,PDT,Deputado Estadual,0,2022
0275,12443,VERÔNICA EVANGELISTA DOS SANTOS,PDT,Deputado Estadual,0,2022
0275,12444,BRUNO DE OLIVEIRA ALVES,PDT,Deputado Estadual,4,2022
0275,12456,RAI SAYLON DE PAULA RIBEIRO,PDT,Deputado Estadual,15,2022
0275,12500,FERNANDO PEREIRA SIRCHIA JUNIOR,PDT,Deputado Estadual,7,2022
0275,12512,SIDNEI TAVARES MEDEIROS,PDT,Deputado Estadual,0,2022
0275,12555,ROBINSON FARINAZZO CASAL,PDT,Deputado Estadual,108,2022
0275,12600,JUSSARA APARECIDA FERNANDES,PDT,Deputado Estadual,10,2022
0275,12612,DEJANIRA VICENCIA SANTOS ALVES,PDT,Deputado Estadual,1,2022
0275,12622,SANDRA MARIA DOS SANTOS,PDT,Deputado Estadual,0,2022
0275,12645,LEONARDO LORO MARTINS PINTO,PDT,Deputado Estadual,16,2022
0275,12666,JAIRO ANZILEIRO,PDT,Deputado Estadual,1,2022
0275,12678,JHONY ANTONIO BARBOZA,PDT,Deputado Estadual,0,2022
0275,12700,WINNITU DIEGO DA SILVA TOZADORE,PDT,Deputado Estadual,0,2022
0275,12712,OSVALDO GOMES DE LIMA,PDT,Deputado Estadual,0,2022
0275,12720,RAFAEL TURRINI PURGATO,PDT,Deputado Estadual,11,2022
0275,12723,CARLA DENISE BAPTISTA LEOPOLDO,PDT,Deputado Estadual,0,2022
0275,12735,ANGELO SCAVASSINI NETO,PDT,Deputado Estadual,0,2022
0275,12736,JOSÉ NELSON DA SILVA,PDT,Deputado Estadual,0,2022
0275,12737,JHONATAN WILLIAM OLIVEIRA DO NASCIMENTO,PDT,Deputado Estadual,0,2022
0275,12750,GILBERTO JEFFERSON DE BARROS,PDT,Deputado Estadual,24,2022
0275,12770,LUCINEIDE CRUZ ALVES,PDT,Deputado Estadual,0,2022
0275,12777,PEDRO JOSÉ DE PAULA,PDT,Deputado Estadual,55,2022
0275,12789,RAFAEL COSTA AMADEU,PDT,Deputado Estadual,0,2022
0275,12800,MARCELO DE MELLO CASSUCCI,PDT,Deputado Estadual,0,2022
0275,12812,EDMILSON PINTO CARDOZO,PDT,Deputado Estadual,0,2022
0275,12888,CRISTIANE AQUINO PASTOR,PDT,Deputado Estadual,0,2022
0275,12900,EVELYN CRISTINA FERREIRA PAULA,PDT,Deputado Estadual,1,2022
0275,12912,MARCIO DE ALMEIDA PINO,PDT,Deputado Estadual,1,2022
0275,12990,ALESSANDRO FAUSTINO MARTINS,PDT,Deputado Estadual,5,2022
0275,12999,EDNELSON PACHECO FERREIRA,PDT,Deputado Estadual,3,2022
0275,13000,ALESSANDRO CÉZAR ARAÚJO AZEVEDO,PT,Deputado Estadual,92,2022
0275,13003,DOUGLAS MARTINS DE SOUZA,PT,Deputado Estadual,13,2022
0275,13004,TELMA SANDRA AUGUSTO DE SOUZA,PT,Deputado Estadual,30,2022
0275,13011,MARIO MAURICI DE LIMA MORAIS,PT,Deputado Estadual,14,2022
0275,13013,ALEXYA LUCAS EVANGELISTA SALVADOR,PT,Deputado Estadual,36,2022
0275,13016,THAINARA KAROLINE FARIA,PT,Deputado Estadual,101,2022
0275,13019,JOÃO GUILHERME BENETTI RAMOS,PT,Deputado Estadual,11,2022
0275,13066,ADÉLIA OLIVEIRA DE FARIAS,PT,Deputado Estadual,136,2022
0275,13100,GARRY DERALUS,PT,Deputado Estadual,14,2022
0275,13110,TEONÍLIO MONTEIRO DA COSTA,PT,Deputado Estadual,41,2022
0275,13112,EVELYN SILVA DO NASCIMENTO VICENTE DA SILVA,PT,Deputado Estadual,106,2022
0275,13113,MARCIA APARECIDA OVEJANEDA LIA,PT,Deputado Estadual,127,2022
0275,13114,ENIO FRANCISCO TATTO,PT,Deputado Estadual,19,2022
0275,13120,CARLOS ROBERTO DE OLIVEIRA,PT,Deputado Estadual,296,2022
0275,13121,ANA LUCIA LIPPAUS PERUGINI,PT,Deputado Estadual,920,2022
0275,13123,MARIA IZABEL AZEVEDO NORONHA,PT,Deputado Estadual,502,2022
0275,13127,BRUNO RAMOS DA SILVA,PT,Deputado Estadual,12,2022
0275,13130,FERNANDO SOUZA PUGA,PT,Deputado Estadual,27,2022
0275,13131,EMIDIO PEREIRA DE SOUZA,PT,Deputado Estadual,99,2022
0275,13133,EDUARDO MATARAZZO SUPLICY,PT,Deputado Estadual,4185,2022
0275,13134,LUIZ FERNANDO TEIXEIRA FERREIRA,PT,Deputado Estadual,120,2022
0275,13140,JORGE RODRIGO VALVERDE SANTANA,PT,Deputado Estadual,1,2022
0275,13147,MARIANA ROSSETO SANTOS,PT,Deputado Estadual,14,2022
0275,13180,MARIA EDUARDA ALENCAR HIDALGO,PT,Deputado Estadual,141,2022
0275,13192,MARCOS MONTANI CASEIRO,PT,Deputado Estadual,50,2022
0275,13199,PAOLLA CATHERINE DOS SANTOS MIGUEL AGARD,PT,Deputado Estadual,2338,2022
0275,13200,CONSTANTINO CURY NETO,PT,Deputado Estadual,6,2022
0275,13222,JULIANA FRAGA E SILVA DE SOUZA,PT,Deputado Estadual,32,2022
0275,13234,JOSÉ WILSON CARDOSO DE SOUZA,PT,Deputado Estadual,1,2022
0275,13258,ESTELA ALEXANDRE ALMAGRO,PT,Deputado Estadual,14,2022
0275,13270,THIAGO HENRIQUE MAIA SORATTO,PT,Deputado Estadual,13,2022
0275,13290,LEANDRO CÂNDIDO SOARES,PT,Deputado Estadual,16,2022
0275,13300,WAGNER DE MELO ROMÃO,PT,Deputado Estadual,1666,2022
0275,13301,ROMILDO ANTONIO DA SILVA,PT,Deputado Estadual,5,2022
0275,13310,LUIZ CLAUDIO MARCOLINO,PT,Deputado Estadual,1000,2022
0275,13313,RENATO MORENI AIRES DA SILVA,PT,Deputado Estadual,3,2022
0275,13321,HERIVELTO DOS SANTOS MORAES,PT,Deputado Estadual,1,2022
0275,13330,ALEX SANDRO GOMES,PT,Deputado Estadual,16,2022
0275,13331,VERA LUCIA RODRIGUES DE FARIA,PT,Deputado Estadual,220,2022
0275,13333,THAISE BEZERRA PACHECO SANTOS,PT,Deputado Estadual,31,2022
0275,13360,MIRIAM MANETTA ALGARRA,PT,Deputado Estadual,18,2022
0275,13400,CHEILA MARIA SUBENKO OLALLA,PT,Deputado Estadual,17,2022
0275,13413,JOÃO ALFREDO DE OLIVEIRA,PT,Deputado Estadual,1,2022
0275,13444,EDNA DA SILVA DELLA NINA,PT,Deputado Estadual,13,2022
0275,13456,ELISABETH SAHÃO,PT,Deputado Estadual,44,2022
0275,13500,ANDREIA TEIXEIRA BATISTA,PT,Deputado Estadual,14,2022
0275,13513,CAROLINA MALAVAZZI GALVÃO,PT,Deputado Estadual,22,2022
0275,13545,APARECIDA DA GRAÇA CARLOS,PT,Deputado Estadual,8,2022
0275,13555,SIMÃO PEDRO CHIOVETTI,PT,Deputado Estadual,40,2022
0275,13580,CARLOS ALBERTO MARCOS,PT,Deputado Estadual,57,2022
0275,13600,MARLY GOMES CALDAS,PT,Deputado Estadual,9,2022
0275,13613,PAULO ROBERTO FIORILO,PT,Deputado Estadual,30,2022
0275,13616,JOSEMUNDO DARIO QUEIROZ,PT,Deputado Estadual,213,2022
0275,13650,MARCELO RIBEIRO DA SILVA,PT,Deputado Estadual,3,2022
0275,13651,PAULO BATISTA DOS REIS,PT,Deputado Estadual,74,2022
0275,13654,JANDYRA MASSUE UEHARA ALVES,PT,Deputado Estadual,236,2022
0275,13696,CHRISTIANE GRACE GUIMARÃES DA SILVA,PT,Deputado Estadual,4,2022
0275,13700,ANTONIO DONATO MADORMO,PT,Deputado Estadual,197,2022
0275,13713,ROMULO ORNELAS DE OLIVEIRA,PT,Deputado Estadual,3,2022
0275,13777,ALMIR ROGERIO DA SILVA,PT,Deputado Estadual,3,2022
0275,13789,ROMULO CESAR FERNANDES,PT,Deputado Estadual,13,2022
0275,13800,JORGE DO CARMO SILVA,PT,Deputado Estadual,62,2022
0275,13877,JANETE ROCHA PIETÁ,PT,Deputado Estadual,10,2022
0275,13888,FRANCISCA NILMAR ARRAES MANOEL,PT,Deputado Estadual,6,2022
0275,13900,JULIANA SOARES DO NASCIMENTO,PT,Deputado Estadual,41,2022
0275,14000,JOSE CARLOS BERNARDI,PTB,Deputado Estadual,0,2022
0275,14001,EVANDRO PEREIRA DOS REIS,PTB,Deputado Estadual,0,2022
0275,14002,CRISTINA ALVES DE GODOY,PTB,Deputado Estadual,0,2022
0275,14003,PANAGIOTIS SERAFIM SPANOS,PTB,Deputado Estadual,0,2022
0275,14004,CRISTINA DOS SANTOS,PTB,Deputado Estadual,0,2022
0275,14005,LILIANE DURCE,PTB,Deputado Estadual,0,2022
0275,14006,GILBERTO MARQUES DO COUTO,PTB,Deputado Estadual,0,2022
0275,14007,RICARDO CRUZ DE REZENDE PAOLIELLO,PTB,Deputado Estadual,0,2022
0275,14009,CARLOS RICARDO CEOLONI,PTB,Deputado Estadual,0,2022
0275,14010,EDUARDO FRANCISCO DE MELO,PTB,Deputado Estadual,0,2022
0275,14011,PAULO SERGIO MOREIRA MELLO,PTB,Deputado Estadual,0,2022
0275,14012,LILIAN RENATA GARCIA VIEIRA MEDEIROS,PTB,Deputado Estadual,0,2022
0275,14013,ALAELSON ALVES DA SILVA,PTB,Deputado Estadual,0,2022
0275,14014,EDISON LUCIANO KLIMAN BENEDITO,PTB,Deputado Estadual,0,2022
0275,14015,MARIA DO ROSARIO ALMEIDA,PTB,Deputado Estadual,0,2022
0275,14016,CHARLES DOS SANTOS PEREIRA,PTB,Deputado Estadual,0,2022
0275,14017,PAULO CESAR DA SILVA SANT ANA,PTB,Deputado Estadual,0,2022
0275,14019,AHMED TARIQUE TOMBOUCTOU AGIO,PTB,Deputado Estadual,0,2022
0275,14020,GILBERTO MEGDA,PTB,Deputado Estadual,0,2022
0275,14021,MAGDA DOS SANTOS CABRAL,PTB,Deputado Estadual,0,2022
0275,14022,WASHINGTON JOSE DA CRUZ,PTB,Deputado Estadual,0,2022
0275,14032,AFONSO MARIA SILVA SALES,PTB,Deputado Estadual,0,2022
0275,14033,ANGELA TORRES PRADO,PTB,Deputado Estadual,0,2022
0275,14038,PAULO HUGENNEYER KOGOS,PTB,Deputado Estadual,0,2022
0275,14039,NURIA DANIELA GALLÃO ARTHUZO,PTB,Deputado Estadual,0,2022
0275,14040,LUIS FERNANDO DA SILVA,PTB,Deputado Estadual,0,2022
0275,14041,VERA LUCIA SOVERAL DA SILVEIRA,PTB,Deputado Estadual,0,2022
0275,14044,MARCOS VITOR LESSA,PTB,Deputado Estadual,0,2022
0275,14045,VIOLETA FILOMENA DACCACHE,PTB,Deputado Estadual,0,2022
0275,14046,MARCELO OLIVEIRA ROSADO,PTB,Deputado Estadual,0,2022
0275,14049,ROSYMEIRE DE SOUZA LEITE RODRIGUES,PTB,Deputado Estadual,0,2022
0275,14050,MARIA RISOLETA ESTRELA DOS SANTOS,PTB,Deputado Estadual,0,2022
0275,14060,DENIVIA ROSA DOS SANTOS OLIVEIRA,PTB,Deputado Estadual,0,2022
0275,14088,MARCELO CRISTIANO REIS,PTB,Deputado Estadual,0,2022
0275,14099,IOLANDA REGINA ALVES FRONTEROTTA,PTB,Deputado Estadual,0,2022
0275,14100,JOSE VANDERLEI MACHADO,PTB,Deputado Estadual,0,2022
0275,14108,ANTONIO DA SILVA E SOUZA,PTB,Deputado Estadual,0,2022
0275,14110,WENDELL BRAZ NICOLICHE,PTB,Deputado Estadual,0,2022
0275,14111,ALEXANDRE GONÇALVES DEMETRIO ZAHRA,PTB,Deputado Estadual,0,2022
0275,14112,EDILSON GUARNIERI,PTB,Deputado Estadual,0,2022
0275,14114,MARIA ADALZIRA RIBEIRO ORTIZ,PTB,Deputado Estadual,0,2022
0275,14115,MOISES GOMES DO NASCIMENTO,PTB,Deputado Estadual,0,2022
0275,14121,ROBERTO CARLOS DE ALMEIDA,PTB,Deputado Estadual,0,2022
0275,14122,CLODOALDO ALVES DE AMORIM,PTB,Deputado Estadual,0,2022
0275,14123,GUILHERME CESAR ZAFANI,PTB,Deputado Estadual,0,2022
0275,14124,MARCELO COSTA MORAES,PTB,Deputado Estadual,0,2022
0275,14125,ADA HENRIQUE XAVIER,PTB,Deputado Estadual,0,2022
0275,14128,ADRIANO DE BARROS CARUSO,PTB,Deputado Estadual,0,2022
0275,14130,AUDREY ANA MARCONDES GOGLIANO,PTB,Deputado Estadual,0,2022
0275,14141,ADAUTO VIANA JUNIOR,PTB,Deputado Estadual,0,2022
0275,14143,NOEMIA VIEIRA FONSECA,PTB,Deputado Estadual,0,2022
0275,14162,ANTONIO BERALDO ALVES,PTB,Deputado Estadual,0,2022
0275,14177,CLAUDIO AUGUSTO PEREIRA,PTB,Deputado Estadual,0,2022
0275,14190,MARCOS ROGERIO MANTEIGA,PTB,Deputado Estadual,0,2022
0275,14193,DEYCON FRANCISCO DA SILVA,PTB,Deputado Estadual,0,2022
0275,14200,RENATO SALVADOR MARTINS,PTB,Deputado Estadual,0,2022
0275,14221,LINDEMBERG MELO GONCALVES,PTB,Deputado Estadual,0,2022
0275,14222,FLAVIO RICARDO BEALL,PTB,Deputado Estadual,0,2022
0275,14244,LUCAS ANTUNES,PTB,Deputado Estadual,0,2022
0275,14245,PATRICIA MARIA DE MELO ZANOTTI MONTILHA,PTB,Deputado Estadual,0,2022
0275,14250,EMERSON PEREIRA BATISTA,PTB,Deputado Estadual,0,2022
0275,14300,DENE IRENO DE SOUSA,PTB,Deputado Estadual,0,2022
0275,14321,SIMONE APARECIDA NASCIMENTO DA CONCEIÇÃO,PTB,Deputado Estadual,0,2022
0275,14400,NELSON ROBERTO GRITTI,PTB,Deputado Estadual,0,2022
0275,14422,VALERIA CRISTINA RODRIGUES,PTB,Deputado Estadual,0,2022
0275,14441,GABRIEL SILVA GOMES,PTB,Deputado Estadual,0,2022
0275,14444,MANOEL LOPES FERREIRA JUNIOR,PTB,Deputado Estadual,0,2022
0275,14455,SERGIO ANTONIO,PTB,Deputado Estadual,0,2022
0275,14456,GIOVANA LIMA DE AGUIAR,PTB,Deputado Estadual,0,2022
0275,14457,PAULO ROBERTO TORRES GALINDO,PTB,Deputado Estadual,0,2022
0275,14500,CRISTINA APARECIDA TEIXEIRA CORDEIRO DE JESUS,PTB,Deputado Estadual,0,2022
0275,14522,RODRIGO RODRIGUES PEDROSO,PTB,Deputado Estadual,0,2022
0275,14550,JOSE MARCIO DE CAMPOS,PTB,Deputado Estadual,0,2022
0275,14555,MARCO AURELIO MIETO DOMINGUES,PTB,Deputado Estadual,0,2022
0275,14567,LILIANE MARIA DA SILVA PAES,PTB,Deputado Estadual,0,2022
0275,14580,MARIA DE JESUS LOPES MARTINS SILVA,PTB,Deputado Estadual,0,2022
0275,14617,CECILIA RANIELE ROSAL SALVADOR,PTB,Deputado Estadual,0,2022
0275,14620,GILSON MOREIRA,PTB,Deputado Estadual,0,2022
0275,14624,CARLOS ALBERTO VIDAL TONON JUNIOR,PTB,Deputado Estadual,0,2022
0275,14699,SIDINEI GIRON,PTB,Deputado Estadual,0,2022
0275,14700,GILBERTO SOARES PINHEIRO,PTB,Deputado Estadual,0,2022
0275,14701,MARCELINO SILVA,PTB,Deputado Estadual,0,2022
0275,14714,KARINA PAULA DE SOUZA OLIVEIRA MARTINS,PTB,Deputado Estadual,0,2022
0275,14772,WILLIAM APARECIDO DE SOUZA,PTB,Deputado Estadual,0,2022
0275,14775,CASSIO LUIZ DE OLIVEIRA,PTB,Deputado Estadual,0,2022
0275,14777,AGEU DA CRUZ ALMEIDA,PTB,Deputado Estadual,0,2022
0275,14789,GERALDO APARECIDO MENDES,PTB,Deputado Estadual,0,2022
0275,14800,MÔNICA PRADO,PTB,Deputado Estadual,0,2022
0275,14822,CLAUDIO LUIS CAIVANO,PTB,Deputado Estadual,0,2022
0275,14851,JURACILDE DE LIMA PINTO,PTB,Deputado Estadual,0,2022
0275,14888,AVEDIS GOGENHAN,PTB,Deputado Estadual,0,2022
0275,14900,VALDINEI CAMPELO FELIX,PTB,Deputado Estadual,0,2022
0275,14961,MARIA ALICE TANIGUSHI,PTB,Deputado Estadual,0,2022
0275,14999,APARECIDO MOREIRA DA SILVA,PTB,Deputado Estadual,0,2022
0275,15000,JORGE LUIS CARUSO,MDB,Deputado Estadual,87,2022
0275,15001,HUGO MOREIRA SANTOS,MDB,Deputado Estadual,12,2022
0275,15009,AUDEIDE CARDOSO,MDB,Deputado Estadual,0,2022
0275,15012,BRUNO DE SOUSA ALVES,MDB,Deputado Estadual,1,2022
0275,15013,HILDON DE OLIVEIRA ROCHA,MDB,Deputado Estadual,0,2022
0275,15014,DANIELE SOUZA AKAMINE,MDB,Deputado Estadual,3,2022
0275,15015,MOHAMED AHMED YOUSSEF,MDB,Deputado Estadual,3,2022
0275,15017,FERNANDA DA GLÓRIA GOMES,MDB,Deputado Estadual,0,2022
0275,15019,LUIS FELIPE SILVEIRA AMANCIO TORELLA D AVILA,MDB,Deputado Estadual,1,2022
0275,15022,ANGELA OROSCO DE MELO,MDB,Deputado Estadual,1,2022
0275,15023,SUENIRA TEIXEIRA PINTO,MDB,Deputado Estadual,5,2022
0275,15030,CLAUDETE FERREIRA DA SILVA,MDB,Deputado Estadual,2,2022
0275,15040,LUIZ CARLOS DE PAULA,MDB,Deputado Estadual,9,2022
0275,15050,ANDRÉ LUIZ BARBEZANI,MDB,Deputado Estadual,0,2022
0275,15051,LEONARDO FRANCISCO SAMPAIO DE SOUZA FILHO,MDB,Deputado Estadual,8,2022
0275,15060,ZORAIDA MARIA LOBATO VIOTTI,MDB,Deputado Estadual,1,2022
0275,15070,ALLI AHMAD MAJDOUB,MDB,Deputado Estadual,2,2022
0275,15090,SAMUEL DE JESUS SANTOS PEREIRA,MDB,Deputado Estadual,0,2022
0275,15100,GILMAR RAIMUNDO LUCAS,MDB,Deputado Estadual,1,2022
0275,15111,HENRIQUE DE ALMEIDA BASANO,MDB,Deputado Estadual,2,2022
0275,15112,ROSELEI APARECIDO FRANÇOSO,MDB,Deputado Estadual,2,2022
0275,15115,MARCUS VINICIUS DE ALMEIDA FERREIRA,MDB,Deputado Estadual,2,2022
0275,15117,JOSEFA ANADETE DOS SANTOS SILVA,MDB,Deputado Estadual,2,2022
0275,15121,ANDRE CESAR COSTA,MDB,Deputado Estadual,103,2022
0275,15122,MARIA CRISTIANE PINHEIRO,MDB,Deputado Estadual,0,2022
0275,15123,OCIMAR DONIZETI LEO OLIVEIRA,MDB,Deputado Estadual,6,2022
0275,15130,FERNANDO RAMOS,MDB,Deputado Estadual,1,2022
0275,15133,LILIAN APARECIDA DE PAULA,MDB,Deputado Estadual,0,2022
0275,15144,EVERSON MARCOS DE OLIVEIRA,MDB,Deputado Estadual,8,2022
0275,15150,DIEGO LOPES DEL RIO,MDB,Deputado Estadual,40,2022
0275,15151,GIULIANO GRISO,MDB,Deputado Estadual,2,2022
0275,15153,CÍCERO LUIZ DE BRITO,MDB,Deputado Estadual,43,2022
0275,15155,EDIMAR CANDIDO DE LIMA,MDB,Deputado Estadual,4,2022
0275,15157,CASSIANE DE MELO FERNANDES,MDB,Deputado Estadual,2,2022
0275,15158,ANDRÉA DE PAULA SANTOS,MDB,Deputado Estadual,9,2022
0275,15177,ALEXANDRE DE OLIVEIRA,MDB,Deputado Estadual,5,2022
0275,15180,JAQUELINE LILIAN BARCELOS COUTINHO,MDB,Deputado Estadual,1,2022
0275,15190,SANDRA CANDIDO MORETTI,MDB,Deputado Estadual,96,2022
0275,15200,CAIO VINICIUS DE MOURA LUZ,MDB,Deputado Estadual,9,2022
0275,15215,MARCOS RIBEIRO DA COSTA,MDB,Deputado Estadual,0,2022
0275,15220,PHILIPE DE PAULA DA SILVA,MDB,Deputado Estadual,8,2022
0275,15222,FERNANDO MARTINS DOS SANTOS,MDB,Deputado Estadual,11,2022
0275,15256,MARCOS ANTONIO GONÇALVES DA SILVA,MDB,Deputado Estadual,1,2022
0275,15270,NIQUEIAS FERREIRA BORGES,MDB,Deputado Estadual,0,2022
0275,15277,PLAUTO JOSE RIBEIRO HOLTZ MORAES,MDB,Deputado Estadual,0,2022
0275,15300,ITAMAR FRANCISCO MACHADO BORGES,MDB,Deputado Estadual,121,2022
0275,15315,ADEMIR MARTINS BOAVENTURA,MDB,Deputado Estadual,8,2022
0275,15333,ALLINY FERNANDA SARTORI PADALINO ROGÉRIO,MDB,Deputado Estadual,5,2022
0275,15339,RODNEY DE PAIVA,MDB,Deputado Estadual,0,2022
0275,15345,MARCELO COSTA DEL BOSCO AMARAL,MDB,Deputado Estadual,14,2022
0275,15363,JOSÉ ROGERIO SOARES DOS SANTOS,MDB,Deputado Estadual,360,2022
0275,15400,CELIA APARECIDA DA CRUZ OLIVEIRA MENEZES,MDB,Deputado Estadual,1,2022
0275,15432,IVONE MOREIRA SANTOS,MDB,Deputado Estadual,0,2022
0275,15451,LUCIENE PEREIRA FRANCO,MDB,Deputado Estadual,0,2022
0275,15456,JOSÉ AGRIPINO DA SILVA,MDB,Deputado Estadual,2,2022
0275,15500,MARIA DO CARMO GUILHERME,MDB,Deputado Estadual,38,2022
0275,15515,OSMARIO SILVA,MDB,Deputado Estadual,0,2022
0275,15522,DANIEL GIROTTO,MDB,Deputado Estadual,4,2022
0275,15525,ROSANA APARECIDA BRANQUINHO,MDB,Deputado Estadual,1,2022
0275,15550,RONALDO FRANCISCO DA CRUZ,MDB,Deputado Estadual,1,2022
0275,15555,FERNANDA MORENO DA SILVA,MDB,Deputado Estadual,11,2022
0275,15556,ADRIANA VASCONCELLOS VIEIRA DE OLIVEIRA LUIZ,MDB,Deputado Estadual,11,2022
0275,15557,ANDRÉ LUIZ DA SILVA,MDB,Deputado Estadual,2,2022
0275,15590,RUBIA MARA DA SILVA OLIVEIRA,MDB,Deputado Estadual,1,2022
0275,15600,EIDA SILVA DOS SANTOS AZEVEDO,MDB,Deputado Estadual,1,2022
0275,15605,FERNANDO LUIZ ISOPPO PETITI,MDB,Deputado Estadual,2,2022
0275,15620,ARLINDO MARIANO DE ARAUJO FILHO,MDB,Deputado Estadual,5,2022
0275,15622,GEORGE VATUTIN HATO,MDB,Deputado Estadual,31,2022
0275,15678,MARCELO FORTES BARBIERI,MDB,Deputado Estadual,22,2022
0275,15700,IVAN RIBEIRO DE BRITO,MDB,Deputado Estadual,0,2022
0275,15770,CINTIA ROBERTA SILVA RODRIGUES,MDB,Deputado Estadual,8,2022
0275,15777,DALCIDES BATISTA DA SILVA NETO,MDB,Deputado Estadual,3,2022
0275,15800,SANDRA REGINA VIEIRA,MDB,Deputado Estadual,4,2022
0275,15855,ANA PAULA CALVO,MDB,Deputado Estadual,0,2022
0275,15900,MAURO CESAR RAMOS DE ALMEIDA,MDB,Deputado Estadual,2,2022
0275,15910,ERNESTO TEIXEIRA DA CUNHA,MDB,Deputado Estadual,9,2022
0275,15914,TARSO LUIZ FURTADO GOUVEIA,MDB,Deputado Estadual,6,2022
0275,15964,LUCIANO MARQUES DA SILVA,MDB,Deputado Estadual,0,2022
0275,15980,JOÃO ALVES VIEIRA,MDB,Deputado Estadual,0,2022
0275,15990,ROMAR WILLIAM CULLEN DELLAPIAZZA,MDB,Deputado Estadual,18,2022
0275,15999,CÁSSIO DE CASTRO NAVARRO,MDB,Deputado Estadual,10,2022
0275,16000,LUCAS ANTONIO NIZUMA SIMABUKULO,PSTU,Deputado Estadual,1,2022
0275,16016,MARISA DOS SANTOS MENDES,PSTU,Deputado Estadual,0,2022
0275,16023,OSVALDO MARIANO DIOGO,PSTU,Deputado Estadual,0,2022
0275,16100,CRISTIANE BANHOL,PSTU,Deputado Estadual,21,2022
0275,16107,RAQUEL DE PAULA,PSTU,Deputado Estadual,0,2022
0275,16123,AMANDA COELHO MARZALL,PSTU,Deputado Estadual,1,2022
0275,16161,LEANDRO JOSE DE SOUZA DUQUE,PSTU,Deputado Estadual,1,2022
0275,16321,NELSON BOTELHO DA SILVA,PSTU,Deputado Estadual,0,2022
0275,16461,FERNANDO DE SOUZA,PSTU,Deputado Estadual,0,2022
0275,16555,MAÍRA MACHADO RODRIGUES,PSTU,Deputado Estadual,38,2022
0275,16789,ADILSON DOS SANTOS,PSTU,Deputado Estadual,2,2022
0275,18000,MARINA MEDEIROS HELOU,REDE,Deputado Estadual,684,2022
0275,18001,MARINA MOREIRA,REDE,Deputado Estadual,2,2022
0275,18010,BENEDITO RODRIGUES CORREA,REDE,Deputado Estadual,1,2022
0275,18012,ANTONIO CARLOS DE MORAES,REDE,Deputado Estadual,0,2022
0275,18013,ANTONIO CARLOS MUNHOZ,REDE,Deputado Estadual,9,2022
0275,18016,JULIANA GORGA SALVETTI,REDE,Deputado Estadual,1,2022
0275,18018,MARIANA DUARTE GARCIA DE LACERDA,REDE,Deputado Estadual,12,2022
0275,18019,MARIO EDUARDO DA SILVA,REDE,Deputado Estadual,0,2022
0275,18100,RAFAEL CASTRO KOCIAN,REDE,Deputado Estadual,4,2022
0275,18109,ISTÊNIO VIANA MELLO,REDE,Deputado Estadual,0,2022
0275,18111,OLINDA CAETANO GARCIA,REDE,Deputado Estadual,0,2022
0275,18123,EMERSON MARCIO VITALINO,REDE,Deputado Estadual,7,2022
0275,18180,BUDGA DEROBY NHAMBIQUARA,REDE,Deputado Estadual,16,2022
0275,18181,THÍFANY FELIX GUIMARÃES,REDE,Deputado Estadual,3,2022
0275,18188,ERIVELTON PEREIRA RAMOS,REDE,Deputado Estadual,0,2022
0275,18199,LILIAN CRISTINA DOS SANTOS FARIA,REDE,Deputado Estadual,3,2022
0275,18270,EDILMA MARIA DA SILVA,REDE,Deputado Estadual,1,2022
0275,18420,RUBENS EDUARDO DOCAMPO ANTONINI,REDE,Deputado Estadual,39,2022
0275,18441,EDILSON RODRIGO NOGUEIRA MARCIANO,REDE,Deputado Estadual,0,2022
0275,18456,ANDRE RICARDO DE SOUZA,REDE,Deputado Estadual,0,2022
0275,18555,JOSÉ MENINO DE OLIVEIRA,REDE,Deputado Estadual,0,2022
0275,18717,ANTOINE BALADY,REDE,Deputado Estadual,0,2022
0275,18777,RAFAEL BERNARDO FERREIRA SANTOS,REDE,Deputado Estadual,0,2022
0275,18800,HONÓRIO MARQUES DA SILVA,REDE,Deputado Estadual,4,2022
0275,18888,VICTOR AUGUSTO LINS MENDES,REDE,Deputado Estadual,97,2022
0275,19000,RAUL APARECIDO GONÇALVES PAULA,PODE,Deputado Estadual,31,2022
0275,19001,ATAIDE TERUEL PEREZ,PODE,Deputado Estadual,9,2022
0275,19002,JOSÉ CARLOS DE ALMEIDA,PODE,Deputado Estadual,1,2022
0275,19007,JAIRO DOS SANTOS,PODE,Deputado Estadual,0,2022
0275,19009,ESTER COSCARELLI DOMINGUES,PODE,Deputado Estadual,0,2022
0275,19011,JOBERT ALEXANDRINO,PODE,Deputado Estadual,10,2022
0275,19013,LARISSA FORJANES DOS SANTOS,PODE,Deputado Estadual,0,2022
0275,19015,MARCOS ESCAMES FÉLIX DA SILVA,PODE,Deputado Estadual,6,2022
0275,19019,GERSON DIAS PESSOA,PODE,Deputado Estadual,6,2022
0275,19020,URIÃ FANCELLI BAUMGARTNER,PODE,Deputado Estadual,53,2022
0275,19021,JOSÉ WALTER FIGUEIREDO SILVA,PODE,Deputado Estadual,19,2022
0275,19022,PEDRO MARIN BELMONTE NETO,PODE,Deputado Estadual,0,2022
0275,19023,PATRÍCIA MODESTO,PODE,Deputado Estadual,0,2022
0275,19027,CRISTIANE SILVA DE ALMEIDA SANTOS,PODE,Deputado Estadual,0,2022
0275,19030,JORGE GABRIEL GRASI,PODE,Deputado Estadual,3,2022
0275,19033,SABRINA PRADO DOS SANTOS,PODE,Deputado Estadual,1,2022
0275,19037,MARIA VILMA FIGUEIREDO DA SILVA JACINTO,PODE,Deputado Estadual,3,2022
0275,19054,ARLINDO AMARO DOS SANTOS,PODE,Deputado Estadual,0,2022
0275,19055,SILVAN PEREIRA DE SOUZA,PODE,Deputado Estadual,0,2022
0275,19069,ROBERTO MIGUEL REY JUNIOR,PODE,Deputado Estadual,24,2022
0275,19070,EMERSON FRACAROLI,PODE,Deputado Estadual,1,2022
0275,19077,JULIANA MARA DA SILVA SPADA,PODE,Deputado Estadual,0,2022
0275,19088,ELVIO ANTONIO PINOTTI NETO,PODE,Deputado Estadual,8,2022
0275,19097,ARLETE TAVARES DOS SANTOS BARBOSA,PODE,Deputado Estadual,0,2022
0275,19099,SILVIA MIRANDA NAGATA,PODE,Deputado Estadual,8,2022
0275,19100,RICARDO LONGATTI FRANÇA,PODE,Deputado Estadual,66,2022
0275,19101,CLARICE CARASSOL AREVALO GANEM,PODE,Deputado Estadual,545,2022
0275,19110,WAGNER BAPTISTA RIGUEIRA,PODE,Deputado Estadual,1,2022
0275,19111,GERSON DOS SANTOS PIRES,PODE,Deputado Estadual,200,2022
0275,19115,VERONICA COSMO AMERICO,PODE,Deputado Estadual,0,2022
0275,19119,GABRIEL PINELLI FERRAZ,PODE,Deputado Estadual,5,2022
0275,19123,MARCIO PASCHOAL GIUDICIO,PODE,Deputado Estadual,4,2022
0275,19125,MARIZETE GOMES DE MAGALHÃES BERGAMIN,PODE,Deputado Estadual,6,2022
0275,19133,TATIANA DE FREITAS SIVIERO,PODE,Deputado Estadual,9,2022
0275,19141,LUIS ANTONIO DE SOUZA,PODE,Deputado Estadual,0,2022
0275,19147,AURELIANO CARNEIRO DE LIMA,PODE,Deputado Estadual,0,2022
0275,19153,JOSELITO DE SOUSA LIMA,PODE,Deputado Estadual,9,2022
0275,19157,RODRIGO FEITOSA LOPES,PODE,Deputado Estadual,0,2022
0275,19179,CRISTIANE VIVIAN ALVES GOMES,PODE,Deputado Estadual,0,2022
0275,19190,MAURO MARQUES DAS NEVES,PODE,Deputado Estadual,1,2022
0275,19192,ALDO FERNANDO NUNES,PODE,Deputado Estadual,0,2022
0275,19196,SÉRGIO DONIZETE FERREIRA,PODE,Deputado Estadual,1,2022
0275,19197,ELIANA CONRADO GOTTSFRITZ FERNANDES,PODE,Deputado Estadual,0,2022
0275,19199,VICTOR MORAES FILHO,PODE,Deputado Estadual,1,2022
0275,19200,DANIEL DA ROCHA MARTINI,PODE,Deputado Estadual,17,2022
0275,19209,FÁBIO ANDRÉ CAPUTO FERRACINI,PODE,Deputado Estadual,9,2022
0275,19219,SANDRA DE AMORIM BARBOSA DE OLIVEIRA,PODE,Deputado Estadual,0,2022
0275,19222,ADILSON DOMINGOS CENSI,PODE,Deputado Estadual,144,2022
0275,19233,CHARLES DOS ANJOS,PODE,Deputado Estadual,0,2022
0275,19234,FABIO LEANDRO CARDOSO TEIXEIRA,PODE,Deputado Estadual,0,2022
0275,19252,FÁBIO FARIAS DE SÁ,PODE,Deputado Estadual,13,2022
0275,19299,EDUARDO LIMA DE SOUZA,PODE,Deputado Estadual,5,2022
0275,19300,EDUARDO CARNEIRO MARTINS,PODE,Deputado Estadual,0,2022
0275,19313,ELISÂNGELA VENTURA ROCHA,PODE,Deputado Estadual,0,2022
0275,19321,LEONARDO DA SILVA BRIGAGÃO,PODE,Deputado Estadual,13,2022
0275,19333,GUILHERME ANDREW GONÇALVES DA SILVA,PODE,Deputado Estadual,49,2022
0275,19345,ANDRE MARTINS MACHADO,PODE,Deputado Estadual,0,2022
0275,19360,TÁBATA FREITAS MANZOLI,PODE,Deputado Estadual,3,2022
0275,19400,JOSE BISPO DOS SANTOS FILHO,PODE,Deputado Estadual,1,2022
0275,19444,MALBA TANIA RODRIGUES ABRANTES COELHO GOMES,PODE,Deputado Estadual,0,2022
0275,19454,MARISTELA MORESCHI RIBEIRO NADER,PODE,Deputado Estadual,69,2022
0275,19456,ADRIANO SANTANA DOS SANTOS,PODE,Deputado Estadual,1,2022
0275,19490,CARLOS HENRIQUE SILVESTRE GARZON,PODE,Deputado Estadual,4,2022
0275,19500,KLEBER CABRAL,PODE,Deputado Estadual,88,2022
0275,19519,EDUARDO DOS REIS MAGOGA,PODE,Deputado Estadual,472,2022
0275,19555,GREGÓRIO MATIAS DE FREITAS,PODE,Deputado Estadual,2,2022
0275,19565,HENRIQUE LOPES SILVA,PODE,Deputado Estadual,1,2022
0275,19577,JOSÉ EDUARDO DOS SANTOS,PODE,Deputado Estadual,4,2022
0275,19600,ANDERSON DOS SANTOS MARTINS DE SOUZA,PODE,Deputado Estadual,2,2022
0275,19619,CÉSAR AUGUSTO JOSÉ,PODE,Deputado Estadual,0,2022
0275,19650,MARCOS ANTONIO SERAFIM BERNARDES JUNIOR,PODE,Deputado Estadual,0,2022
0275,19666,RUBENS CESTARI CAMPOS,PODE,Deputado Estadual,0,2022
0275,19667,MARIA APARECIDA DA COSTA BATISTA,PODE,Deputado Estadual,0,2022
0275,19678,PÉRICLES RÉGIS MENDONÇA DE LIMA,PODE,Deputado Estadual,0,2022
0275,19699,DOUGLAS BORGONI,PODE,Deputado Estadual,0,2022
0275,19700,CARLOS ALEXANDRE VIANNA SOARES,PODE,Deputado Estadual,34,2022
0275,19714,CARLOS EDUARDO NOBREGA,PODE,Deputado Estadual,6,2022
0275,19719,ALESSANDRA CRISTIANE SOARES GARCIA ALGARIN,PODE,Deputado Estadual,0,2022
0275,19753,VLADIMIR CODINHOTO,PODE,Deputado Estadual,2,2022
0275,19755,VANICE IZAURA CAMARGO COSTA DA SILVA,PODE,Deputado Estadual,2,2022
0275,19762,FABIO DUARTE,PODE,Deputado Estadual,6,2022
0275,19775,MARIA APARECIDA BORGES DE MACEDO,PODE,Deputado Estadual,0,2022
0275,19777,EDSON RODRIGUES,PODE,Deputado Estadual,22,2022
0275,19778,ANTONIO CARLOS BOLGIONI,PODE,Deputado Estadual,0,2022
0275,19789,CUSTODIA DE SOUZA RANGEL,PODE,Deputado Estadual,0,2022
0275,19798,DEISE DUARTE,PODE,Deputado Estadual,0,2022
0275,19800,MURILO BERBERT AVIGO FELIX,PODE,Deputado Estadual,42,2022
0275,19888,JAE KRUN PARK KIM,PODE,Deputado Estadual,16,2022
0275,19900,MARCOS PAULO TAVARES FURLAN,PODE,Deputado Estadual,5,2022
0275,19911,MARCOS MENDES DA SILVA,PODE,Deputado Estadual,0,2022
0275,19987,QUELEN HELOISA DOS SANTOS VANDERLEI,PODE,Deputado Estadual,2,2022
0275,19991,MARIA DO CARMO PORTELA RUMBO,PODE,Deputado Estadual,5,2022
0275,19992,DANIEL ARAUJO NEVES SANTIAGO LIMA,PODE,Deputado Estadual,7,2022
0275,19999,ALVARO COSTA VIEIRA,PODE,Deputado Estadual,29,2022
0275,20000,MARCELO THEODORO DE AGUIAR,PSC,Deputado Estadual,84,2022
0275,20001,DIEGO VOLGARINE PARDAL,PSC,Deputado Estadual,0,2022
0275,20002,JEAN ALEX DE ANDRADE DOS SANTOS,PSC,Deputado Estadual,0,2022
0275,20003,ELZA DIAS AMARO,PSC,Deputado Estadual,0,2022
0275,20004,RITA VALÉRIA ALVES,PSC,Deputado Estadual,0,2022
0275,20005,EVANDRO ANTONIO RAMOS TERRA VARONIL DE SOUSA,PSC,Deputado Estadual,4,2022
0275,20007,JOEL BATISTA RAMOS,PSC,Deputado Estadual,0,2022
0275,20010,CAIO ALEXANDRE GOMES DA SILVA,PSC,Deputado Estadual,0,2022
0275,20011,CLÁUDIO DO NASCIMENTO TORRES,PSC,Deputado Estadual,0,2022
0275,20012,ELTON ALVES RIBEIRO DE CARVALHO JUNIOR,PSC,Deputado Estadual,30,2022
0275,20015,ELIANE MARIA DE SANTANA OLIVEIRA,PSC,Deputado Estadual,0,2022
0275,20018,GILBERTO SANTOS SILVA DE VASCONCELOS,PSC,Deputado Estadual,0,2022
0275,20020,MARCO ANTONIO BIOTO,PSC,Deputado Estadual,42,2022
0275,20021,LUCIA DE FATIMA SILVA ROSIM,PSC,Deputado Estadual,2,2022
0275,20022,LUIS DONIZETTI VAZ JUNIOR,PSC,Deputado Estadual,6,2022
0275,20023,ANGELO ANTONIO BUCIOLOTI,PSC,Deputado Estadual,2,2022
0275,20025,ALEXSANDRA BEZERRA LEITE DA SILVA,PSC,Deputado Estadual,2,2022
0275,20028,VÂNIA FERREIRA DE FRANÇA,PSC,Deputado Estadual,0,2022
0275,20033,AGILDO FAUSTINO DOS SANTOS JUNIOR,PSC,Deputado Estadual,2,2022
0275,20035,MARIA JOSE DA SILVA,PSC,Deputado Estadual,0,2022
0275,20038,LEANDRO ALVES,PSC,Deputado Estadual,1,2022
0275,20040,SONIA DA SILVA LIMA,PSC,Deputado Estadual,0,2022
0275,20044,JOSÉ ROBERTO DE MELLO,PSC,Deputado Estadual,0,2022
0275,20057,WAGNER DE AVILA RIBEIRO,PSC,Deputado Estadual,12,2022
0275,20077,ALLINSON PAULO NUNES,PSC,Deputado Estadual,1,2022
0275,20080,MILTON BEZERRA FEITOZA,PSC,Deputado Estadual,0,2022
0275,20088,GIRLANE LIMA DE SOUZA,PSC,Deputado Estadual,3,2022
0275,20100,FELIPE TALVANI SONTINI,PSC,Deputado Estadual,12,2022
0275,20120,OZELITO JOSÉ BENEDITO,PSC,Deputado Estadual,7,2022
0275,20122,FABIO SANTOS DE OLIVEIRA,PSC,Deputado Estadual,1,2022
0275,20123,HELIO DONIZETE ZANATTA,PSC,Deputado Estadual,234,2022
0275,20124,VALERIA DE CAMPOS BALBINO,PSC,Deputado Estadual,0,2022
0275,20133,EDIVALDO SILVA MEIRA,PSC,Deputado Estadual,2,2022
0275,20140,ODETE BARBOSA DA SILVA,PSC,Deputado Estadual,0,2022
0275,20141,TRACE CAROLINE DIAS DAS CHAGAS,PSC,Deputado Estadual,0,2022
0275,20147,ANISTALDO LUIZ LOPES DA SILVA,PSC,Deputado Estadual,3,2022
0275,20150,NILSON PEREIRA DUARTE,PSC,Deputado Estadual,26,2022
0275,20153,RICARDO DOS SANTOS SATURNO,PSC,Deputado Estadual,0,2022
0275,20180,CLAUDETE MARTINS SANTOS DE ANDRADE,PSC,Deputado Estadual,7,2022
0275,20190,LUIZ PAULO MADALHANO MAGALHÃES,PSC,Deputado Estadual,178,2022
0275,20200,WELINGTON APARECIDO ALFREDO,PSC,Deputado Estadual,10,2022
0275,20201,SEBASTIÃO RAIMUNDO DE OLIVEIRA,PSC,Deputado Estadual,0,2022
0275,20202,JOHN GOKI KAGE,PSC,Deputado Estadual,20,2022
0275,20212,CARLOS ROBERTO BATISTA DOS SANTOS,PSC,Deputado Estadual,1,2022
0275,20220,LIDIA FREITAS DO NASCIMENTO,PSC,Deputado Estadual,8,2022
0275,20222,ROSIRENE DE JESUS SANTOS,PSC,Deputado Estadual,4,2022
0275,20227,SANDRA PEDROSA GARCIA DOS SANTOS,PSC,Deputado Estadual,1,2022
0275,20234,VERA LUCIA DE SOUZA BUENO URBAN,PSC,Deputado Estadual,1,2022
0275,20250,DÁRIO CASSIANO DE SOUZA,PSC,Deputado Estadual,19,2022
0275,20297,ENID KREBSKY DE CARVALHO,PSC,Deputado Estadual,0,2022
0275,20300,MARILDA DE SANTANA GIRON,PSC,Deputado Estadual,1,2022
0275,20320,JOSÉ CARLOS FURIOSO,PSC,Deputado Estadual,128,2022
0275,20322,LENILSON ALVES DE LIMA,PSC,Deputado Estadual,3,2022
0275,20330,ALLAN DAVID FERREIRA DE LIMA,PSC,Deputado Estadual,1,2022
0275,20333,VALDENIR JOSÉ BITIU,PSC,Deputado Estadual,11,2022
0275,20345,IZILDA DE LOURDES ALIPIO,PSC,Deputado Estadual,0,2022
0275,20350,DOUGLAS VANDERLEI AUGUSTO,PSC,Deputado Estadual,0,2022
0275,20400,MOACIR COVA,PSC,Deputado Estadual,5,2022
0275,20420,ARIELY PEDROSO SILVA PRETER,PSC,Deputado Estadual,0,2022
0275,20422,HELENA IZABEL DA SILVA GOMES,PSC,Deputado Estadual,0,2022
0275,20456,JÚLIO CESAR FUZARI,PSC,Deputado Estadual,4,2022
0275,20500,LEANDRO JERONIMO BASSON,PSC,Deputado Estadual,40,2022
0275,20520,FERNANDO ROCHA GARCIA,PSC,Deputado Estadual,1,2022
0275,20522,RENAN DIAS DA MATA,PSC,Deputado Estadual,15,2022
0275,20555,CRISTIANE FERREIRA PASSOS LASTÓRIA,PSC,Deputado Estadual,1,2022
0275,20600,GUSTAVO MESQUITA GALVÃO BUENO,PSC,Deputado Estadual,67,2022
0275,20611,VALTER FAUSTINO MARTINS JUNIOR,PSC,Deputado Estadual,0,2022
0275,20620,PEDRO MARQUES FERREIRA ASSAD,PSC,Deputado Estadual,0,2022
0275,20627,AIRTON DOS SANTOS,PSC,Deputado Estadual,0,2022
0275,20629,ELISABETE NATALI ALVARENGA,PSC,Deputado Estadual,0,2022
0275,20666,TIAGO DE OLIVEIRA SOUZA,PSC,Deputado Estadual,0,2022
0275,20678,MARCOS APARECIDO BARROS DE LIMA,PSC,Deputado Estadual,3,2022
0275,20700,THIAGO RODRIGO ROCHITI,PSC,Deputado Estadual,11,2022
0275,20720,ANTÔNIO MANOEL,PSC,Deputado Estadual,1,2022
0275,20722,ANDERSON RUGEL VAZ,PSC,Deputado Estadual,3,2022
0275,20745,SILVIO BARBOSA LOPES FILHO,PSC,Deputado Estadual,0,2022
0275,20777,RELDER SANDRO DE SOUZA FIALHO,PSC,Deputado Estadual,1,2022
0275,20789,ANDRE MARCOS DE ABREU,PSC,Deputado Estadual,0,2022
0275,20800,FREDERICH GERALDO MARTINS,PSC,Deputado Estadual,0,2022
0275,20820,ADILSON RIBEIRO,PSC,Deputado Estadual,0,2022
0275,20888,MAURÍCIO FERREIRA LIMA,PSC,Deputado Estadual,2,2022
0275,20900,PAULO SERGIO GALTERIO,PSC,Deputado Estadual,59,2022
0275,20920,EDNA CHRISTINA SANTIAGO,PSC,Deputado Estadual,0,2022
0275,21000,GABRIEL VIGHY DE CARVALHO,PCB,Deputado Estadual,128,2022
0275,21001,MICHEL LEITE VIANA,PCB,Deputado Estadual,4,2022
0275,21100,FABIANA TAYANE MEDRADO DA CRUZ,PCB,Deputado Estadual,23,2022
0275,22000,DIMAS MECCA SAMPAIO,PL,Deputado Estadual,1269,2022
0275,22001,MONICA BATALHA PRADO,PL,Deputado Estadual,12,2022
0275,22002,REGIS LEANDRO YASUMURA,PL,Deputado Estadual,11,2022
0275,22007,DANILO MASCARENHAS DE BALAS,PL,Deputado Estadual,330,2022
0275,22008,FELIPE CARMONA CANTERA,PL,Deputado Estadual,157,2022
0275,22010,ANDRE LUIS BUENO,PL,Deputado Estadual,18,2022
0275,22011,KAREN LIMA VIEIRA,PL,Deputado Estadual,20,2022
0275,22012,JULIO CESAR PEREIRA DE SOUZA,PL,Deputado Estadual,39,2022
0275,22013,TIAGO MARTINS PERETTO,PL,Deputado Estadual,3,2022
0275,22022,ANA PAULA ROSSI DE ALMEIDA MAGDESIAN,PL,Deputado Estadual,56,2022
0275,22030,JOÃO CÉSAR DE MORAES,PL,Deputado Estadual,16,2022
0275,22038,AMERICO MASSAKI HIGUTI,PL,Deputado Estadual,109,2022
0275,22045,VIVIANE ROBERTA MATIOLI,PL,Deputado Estadual,0,2022
0275,22047,VICENTE PAULA RIBEIRO,PL,Deputado Estadual,11,2022
0275,22051,FABIANA DE LIMA BARROSO,PL,Deputado Estadual,247,2022
0275,22057,IVETA DE SOUZA ALVES,PL,Deputado Estadual,0,2022
0275,22058,ANDROMEDES BARBOSA OKABE,PL,Deputado Estadual,16,2022
0275,22070,MARIA DE FÁTIMA ALVES BARBOSA,PL,Deputado Estadual,3,2022
0275,22090,JOSE BRAZ DE OLIVEIRA JUNIOR,PL,Deputado Estadual,50,2022
0275,22099,CRISTIANY DE CASTRO,PL,Deputado Estadual,40,2022
0275,22100,BRUNO ZAMBELLI SALGADO,PL,Deputado Estadual,1972,2022
0275,22111,CLAUDIO NAZARENO SOUZA DE QUEIROZ,PL,Deputado Estadual,13,2022
0275,22112,CARLOS CEZAR DA SILVA,PL,Deputado Estadual,634,2022
0275,22120,GILDEVANIO ILSO DOS SANTOS DINIZ,PL,Deputado Estadual,1346,2022
0275,22122,MARCIA TAPIGLIANI BAPTISTA,PL,Deputado Estadual,26,2022
0275,22123,RICARDO ROSSI MADALENA,PL,Deputado Estadual,34,2022
0275,22138,ROBERVAL CONTE LOPES LIMA,PL,Deputado Estadual,659,2022
0275,22144,LUIZ CARLOS DA COSTA VALLE,PL,Deputado Estadual,174,2022
0275,22150,RAFAEL RIBEIRO ZUCCO,PL,Deputado Estadual,102,2022
0275,22180,RAQUEL KOBASHI GALLINATI LOMBARDI,PL,Deputado Estadual,390,2022
0275,22181,HUGO PEREIRA DE CASTRO,PL,Deputado Estadual,4,2022
0275,22190,SERGIO CALDAS SANTANA,PL,Deputado Estadual,28,2022
0275,22200,DONIZETE ALVES BARBOSA,PL,Deputado Estadual,37,2022
0275,22211,CARLOS AGUIAR DE ANDRADE,PL,Deputado Estadual,11,2022
0275,22212,TIAGO FINESSI,PL,Deputado Estadual,14,2022
0275,22221,SERGIO MATHEUS SANTOS GARCEZ,PL,Deputado Estadual,111,2022
0275,22222,MARCOS ROBERTO DAMASIO DA SILVA,PL,Deputado Estadual,665,2022
0275,22223,DANILO BERTIPAGLIA BARNABÉ,PL,Deputado Estadual,98,2022
0275,22225,JOSE CARLOS FERREIRA VILELA,PL,Deputado Estadual,1,2022
0275,22230,ANNE CAROLINE SILVA,PL,Deputado Estadual,14,2022
0275,22232,ANA CRISTINA VARGAS CALDEIRA,PL,Deputado Estadual,25,2022
0275,22233,SIRINEU DE ARAUJO SANTOS,PL,Deputado Estadual,84,2022
0275,22244,THIAGO SANTOS ALVES DE SOUSA,PL,Deputado Estadual,4,2022
0275,22250,ALISSON GUIMARÃES PEREIRA DE SOUZA,PL,Deputado Estadual,44,2022
0275,22252,TATIANA REGINA CRISCUOLO,PL,Deputado Estadual,3,2022
0275,22288,OSCAR CASTELO BRANCO DE LUCA,PL,Deputado Estadual,152,2022
0275,22290,JUCIANE APARECIDA DA CUNHA,PL,Deputado Estadual,14,2022
0275,22299,VICENTE FERNANDES CASCIONE,PL,Deputado Estadual,27,2022
0275,22300,RICARDO RIBEIRO PEDROSO,PL,Deputado Estadual,17,2022
0275,22322,DANIELE MAZUQUELI ALONSO,PL,Deputado Estadual,69,2022
0275,22330,GIOVANNI BARBIERATTO,PL,Deputado Estadual,14,2022
0275,22333,EDNALDO DOS SANTOS PASSOS,PL,Deputado Estadual,8,2022
0275,22338,ROGÉRIO DA SILVA SANTOS,PL,Deputado Estadual,6,2022
0275,22343,THIAGO REIS AURICCHIO,PL,Deputado Estadual,448,2022
0275,22345,ROY NELSON PINTO,PL,Deputado Estadual,2,2022
0275,22373,ALESSANDRA ALMEIDA PEREIRA,PL,Deputado Estadual,9,2022
0275,22380,CLAUDIO FERNANDO DE AGUIAR,PL,Deputado Estadual,0,2022
0275,22390,JULIANO DA SILVA MELO,PL,Deputado Estadual,6,2022
0275,22400,MARILZA JOANA GARCIA DE MELO,PL,Deputado Estadual,14,2022
0275,22422,PAULO JORGE MANSUR NETO,PL,Deputado Estadual,1144,2022
0275,22424,MARCELA REGINA RODRIGUES DA CUNHA,PL,Deputado Estadual,3,2022
0275,22433,JOSE GUSTAVO DUARTE DE ARAÚJO,PL,Deputado Estadual,20,2022
0275,22444,MATHEUS COIMBRA MARTINS DE AGUIAR,PL,Deputado Estadual,721,2022
0275,22456,ANTONIO CARLOS ALBINO,PL,Deputado Estadual,77,2022
0275,22491,VALDETE GUEDES DE OLIVEIRA,PL,Deputado Estadual,0,2022
0275,22500,LUCAS DIEZ BOVE,PL,Deputado Estadual,1181,2022
0275,22522,JOSE FERNANDES DE LIRA JUNIOR,PL,Deputado Estadual,17,2022
0275,22541,RODRIGO AUGUSTO MORAES,PL,Deputado Estadual,145,2022
0275,22550,LUCAS PAVAN ZANATTA,PL,Deputado Estadual,36,2022
0275,22553,THELMA ELAINE BRASILEIRO ROBERTI,PL,Deputado Estadual,156,2022
0275,22555,FABIO ROGÉRIO CANDIDO,PL,Deputado Estadual,198,2022
0275,22556,CARLOS EDUARDO THOMAZ PEDROSO,PL,Deputado Estadual,4,2022
0275,22566,WANDERLENE IEDA BACARO DE BRITO,PL,Deputado Estadual,1,2022
0275,22567,IZAQUE JOSÉ DA SILVA,PL,Deputado Estadual,4,2022
0275,22580,ANA CLAUDIA PERES LUCAS LOPES,PL,Deputado Estadual,61,2022
0275,22600,UBIRATAN SILVEIRA GARCIA,PL,Deputado Estadual,13,2022
0275,22622,JOSEPH RAFFOUL JUNIOR,PL,Deputado Estadual,21,2022
0275,22677,ANDERSON FABIANO PUPO FERNANDES,PL,Deputado Estadual,4,2022
0275,22678,ISAC FELIX DOS SANTOS,PL,Deputado Estadual,12,2022
0275,22700,EDNE JOSE PIFFER JUNIOR,PL,Deputado Estadual,10,2022
0275,22711,ANITA DOS SANTOS TAKAIYASU,PL,Deputado Estadual,4,2022
0275,22722,ISABELA CRISTINA CARDOSO DA CRUZ,PL,Deputado Estadual,1,2022
0275,22762,JOSE CARLOS FERNANDES,PL,Deputado Estadual,13,2022
0275,22765,REGIANE ROCHA,PL,Deputado Estadual,1,2022
0275,22777,ALEXANDER MUNIZ DE OLIVEIRA,PL,Deputado Estadual,55,2022
0275,22789,DANIEL ROSSI,PL,Deputado Estadual,8,2022
0275,22800,CLODOALDO APARECIDO DE MORAES,PL,Deputado Estadual,9,2022
0275,22808,FABRIZIO FASANO JUNIOR,PL,Deputado Estadual,148,2022
0275,22822,ANTONIO GINACK JUNIOR,PL,Deputado Estadual,13,2022
0275,22888,GRACIELA DE LOURDES DAVID AMBROSIO,PL,Deputado Estadual,53,2022
0275,22900,FLAVIO GONÇALVES DA COSTA,PL,Deputado Estadual,160,2022
0275,22921,ANTONIO BESERRA LIMA,PL,Deputado Estadual,0,2022
0275,22922,VALERIA MULLER RAMOS BOLSONARO,PL,Deputado Estadual,3726,2022
0275,22999,ANDRE LUIS DO PRADO,PL,Deputado Estadual,56,2022
0275,23000,RAFAEL FERNANDO ZIMBALDI,CIDADANIA,Deputado Estadual,4466,2022
0275,23001,LUZIMAR BARBOSA DA SILVA,CIDADANIA,Deputado Estadual,0,2022
0275,23011,HARLLEM GONÇALVES DE OLIVEIRA,CIDADANIA,Deputado Estadual,0,2022
0275,23023,ANA CAROLINA ROSSI BARRETO SERRA,CIDADANIA,Deputado Estadual,36,2022
0275,23123,CAROLINE GOMES FERREIRA DE MELLO,CIDADANIA,Deputado Estadual,12,2022
0275,23131,FABIOLA TATCHER MARTINS RODA,CIDADANIA,Deputado Estadual,0,2022
0275,23230,RODRIGO CAPEL,CIDADANIA,Deputado Estadual,1,2022
0275,23231,LUCIANA CRISTINA MENDES SANTOS,CIDADANIA,Deputado Estadual,1,2022
0275,23233,MARIO LACERDA SOUZA,CIDADANIA,Deputado Estadual,82,2022
0275,23333,RICARDO MARCILIO MONTEIRO,CIDADANIA,Deputado Estadual,114,2022
0275,23451,LEANDRO FRANCOIS DE ALMEIDA,CIDADANIA,Deputado Estadual,2,2022
0275,23455,VALMIR ROSA,CIDADANIA,Deputado Estadual,12,2022
0275,23456,ANTONIO DIRCEU DALBEN,CIDADANIA,Deputado Estadual,3660,2022
0275,23479,ROSEMEIRE RIBEIRO,CIDADANIA,Deputado Estadual,0,2022
0275,23510,CARLOS AUGUSTO ABRANCHES,CIDADANIA,Deputado Estadual,6,2022
0275,23623,ROBERTO TURCHI DE MORAIS,CIDADANIA,Deputado Estadual,38,2022
0275,23777,CARLOS AUGUSTO DA CUNHA SILVA,CIDADANIA,Deputado Estadual,1,2022
0275,23888,LI LI MIN,CIDADANIA,Deputado Estadual,808,2022
0275,27011,ALEXANDRE HARTMANN,DC,Deputado Estadual,0,2022
0275,27113,EVERILDA XAVIER MOREIRA,DC,Deputado Estadual,0,2022
0275,27123,AHMAD ABOU ADILE,DC,Deputado Estadual,2,2022
0275,27133,ANTONIO GENARO PEREIRA DA SILVA,DC,Deputado Estadual,4,2022
0275,27251,JOSE CANDIDO DA SILVA,DC,Deputado Estadual,0,2022
0275,27277,MARCELO PEREIRA,DC,Deputado Estadual,0,2022
0275,27321,ALEXANDRE CABRAL DE OLIVEIRA,DC,Deputado Estadual,1,2022
0275,27500,ODILIA CRISTINA SANTOS DO NASCIMENTO,DC,Deputado Estadual,1,2022
0275,27653,MARIA ROSA DE ALBUQUERQUE,DC,Deputado Estadual,0,2022
0275,27866,ANTÔNIO ROCHA DOS SANTOS,DC,Deputado Estadual,0,2022
0275,27911,JOSÉ FÁBIO DOS SANTOS SILVA,DC,Deputado Estadual,0,2022
0275,28000,JOSE VINICIUS CAMPOS AITH,PRTB,Deputado Estadual,17,2022
0275,28003,FRANCISCO SEVERIANO DA SILVA,PRTB,Deputado Estadual,0,2022
0275,28007,BIANCA CESÁRIO DE OLIVEIRA,PRTB,Deputado Estadual,2,2022
0275,28008,EMERSON ZOCCHI,PRTB,Deputado Estadual,8,2022
0275,28014,ANTONIO JOSE FERREIRA,PRTB,Deputado Estadual,0,2022
0275,28018,MARCIA RAICHER,PRTB,Deputado Estadual,2,2022
0275,28020,CRISTIANE NOVAK,PRTB,Deputado Estadual,4,2022
0275,28022,PAULO ROBERTO DIAS PEREIRA,PRTB,Deputado Estadual,5,2022
0275,28023,WELLITON BEZERRA DA SILVA,PRTB,Deputado Estadual,4,2022
0275,28025,FERNANDA APARECIDA GOMES DA SILVA CAETANO,PRTB,Deputado Estadual,0,2022
0275,28028,SAMUEL PORFIRIO FRANCA,PRTB,Deputado Estadual,0,2022
0275,28033,JOSE DE SOUZA JUNIOR,PRTB,Deputado Estadual,2,2022
0275,28038,FABIANO GABRIEL CARVALHO SILVA,PRTB,Deputado Estadual,0,2022
0275,28050,PAULA MICHELLE DIAS,PRTB,Deputado Estadual,1,2022
0275,28056,THIAGO FELIPE NEVES,PRTB,Deputado Estadual,0,2022
0275,28069,ROGERIO JACOMO MICHELETTI,PRTB,Deputado Estadual,0,2022
0275,28070,DANIELE ANSELMO DE MORAIS,PRTB,Deputado Estadual,0,2022
0275,28088,MARCELO MAMBRINI,PRTB,Deputado Estadual,0,2022
0275,28099,ANTONIO D AGOSTINO,PRTB,Deputado Estadual,1,2022
0275,28100,ANA ANGELA PALERMO,PRTB,Deputado Estadual,1,2022
0275,28111,DJALMA DE LIMA SANTOS,PRTB,Deputado Estadual,3,2022
0275,28122,WALTER NOLA,PRTB,Deputado Estadual,0,2022
0275,28128,LIVIA MARIA RODRIGUES FIDELIX DA CRUZ,PRTB,Deputado Estadual,6,2022
0275,28145,ANDRESSA MAZZEI SIGNORETTI DA SILVA,PRTB,Deputado Estadual,0,2022
0275,28148,JOSE APARECIDO ROSA FILHO,PRTB,Deputado Estadual,0,2022
0275,28173,ALMIRO RODRIGUES RIBEIRO,PRTB,Deputado Estadual,0,2022
0275,28177,MARCELO LOPES,PRTB,Deputado Estadual,7,2022
0275,28190,LUCIANO GALESCO,PRTB,Deputado Estadual,12,2022
0275,28193,ROBERTO CASTRO COSTA,PRTB,Deputado Estadual,2,2022
0275,28199,SANDRO APARECIDO BATISTA,PRTB,Deputado Estadual,0,2022
0275,28200,JULIO CESAR FRANCISCO,PRTB,Deputado Estadual,0,2022
0275,28228,EDSON ROBERTO ALOISIO,PRTB,Deputado Estadual,0,2022
0275,28238,ADILSON ALVES LUZ,PRTB,Deputado Estadual,0,2022
0275,28248,SHIRLEY VITORIA BERLINI CODREANSCHI,PRTB,Deputado Estadual,0,2022
0275,28280,CLAUDIO MARTINS NEVES DE FRANCA,PRTB,Deputado Estadual,0,2022
0275,28281,MAGNA DA SILVA,PRTB,Deputado Estadual,0,2022
0275,28285,LEANDRO FERREIRA FELICIANO,PRTB,Deputado Estadual,6,2022
0275,28286,LUANA SILVA QUEIROZ,PRTB,Deputado Estadual,0,2022
0275,28289,PASCOAL LEAL DE PAULA,PRTB,Deputado Estadual,0,2022
0275,28290,LUIS HENRIQUE USAI,PRTB,Deputado Estadual,6,2022
0275,28300,IEDA MARIA NOGUEIRA SILVA,PRTB,Deputado Estadual,0,2022
0275,28311,DIONE FRANCISCO DA SILVA,PRTB,Deputado Estadual,0,2022
0275,28312,MICHAEL WILLI DA SILVA STREIDL,PRTB,Deputado Estadual,52,2022
0275,28317,ROSANGELA SALVIANO POLIDO VAZ,PRTB,Deputado Estadual,0,2022
0275,28321,VANDERLEI GROSSI DA SILVA,PRTB,Deputado Estadual,0,2022
0275,28322,ALEUSON ROSA DA SILVA,PRTB,Deputado Estadual,0,2022
0275,28328,GIANE DA SILVA FERREIRA,PRTB,Deputado Estadual,8,2022
0275,28333,MIGUEL AFFONSO COIMBRA NETO,PRTB,Deputado Estadual,4,2022
0275,28357,MARDQUEU SILVIO FRANCA FILHO,PRTB,Deputado Estadual,275,2022
0275,28367,RENATA ROSA DE SA BOAVENTURA,PRTB,Deputado Estadual,1,2022
0275,28379,MADALENA BARBOSA DE SIQUEIRA,PRTB,Deputado Estadual,0,2022
0275,28386,BRAZ PEREIRA,PRTB,Deputado Estadual,0,2022
0275,28388,ANTONIO TARCIDO MARQUES FERNANDES,PRTB,Deputado Estadual,0,2022
0275,28400,MARCELO MENDES BINI,PRTB,Deputado Estadual,1,2022
0275,28419,GETULIO DE SOUSA SANTOS,PRTB,Deputado Estadual,0,2022
0275,28422,CICERO SEBASTIAO DE ARAUJO,PRTB,Deputado Estadual,0,2022
0275,28428,CLAUDIA CARVALHO DA ROCHA,PRTB,Deputado Estadual,0,2022
0275,28433,JOEL DE OLIVEIRA,PRTB,Deputado Estadual,0,2022
0275,28444,DANIELLE GOMES DE CARVALHO,PRTB,Deputado Estadual,17,2022
0275,28456,ADEMILSON RAMOS DA SILVA,PRTB,Deputado Estadual,0,2022
0275,28522,ROSANA DE ANDRADE MARQUES,PRTB,Deputado Estadual,0,2022
0275,28528,FABIAN ALVES RAMOS,PRTB,Deputado Estadual,0,2022
0275,28555,DAVID MONTEIRO DE MELLO,PRTB,Deputado Estadual,1,2022
0275,28622,EDMAR DIAS BRITO,PRTB,Deputado Estadual,0,2022
0275,28628,ANTONIO DA CUNHA LIMA,PRTB,Deputado Estadual,0,2022
0275,28633,ROBERTO FIGUEIREDO JUNIOR,PRTB,Deputado Estadual,0,2022
0275,28666,VÂNIA LUIZ AMANCIO,PRTB,Deputado Estadual,0,2022
0275,28700,RICARDO AZEVEDO DA SILVA,PRTB,Deputado Estadual,3,2022
0275,28741,JOSÉ MACENA DA SILVA FILHO,PRTB,Deputado Estadual,39,2022
0275,28765,LUCAS MARIANO DE CAMPOS,PRTB,Deputado Estadual,0,2022
0275,28780,JUAREZ PEREIRA DIAS,PRTB,Deputado Estadual,0,2022
0275,28788,FRANCISCO UELITON DE OLIVEIRA SOUZA,PRTB,Deputado Estadual,0,2022
0275,28800,WALTER RESENDE FILHO,PRTB,Deputado Estadual,1,2022
0275,28879,EVERTON REZENDE BELASCO,PRTB,Deputado Estadual,0,2022
0275,28886,RANGEL RODRIGO DE FIGUEIREDO BONELLI,PRTB,Deputado Estadual,0,2022
0275,28887,CLAUDINEI VIEIRA SOARES,PRTB,Deputado Estadual,11,2022
0275,28888,RENE SILVEIRA,PRTB,Deputado Estadual,5,2022
0275,28963,LEDIVAN LOPES SEABRA,PRTB,Deputado Estadual,0,2022
0275,28994,SEVERINA BENEDITA DA SILVA,PRTB,Deputado Estadual,0,2022
0275,28999,PEDRO IGOR RIBEIRO RAMOS,PRTB,Deputado Estadual,9,2022
0275,29029,NATÁLIA BRAGA COSTA PIMENTA,PCO,Deputado Estadual,8,2022
0275,29295,MARIA ANGELA ABDUCH,PCO,Deputado Estadual,1,2022
0275,29829,STEFANIA DE ALMEIDA ROBUSTELLI,PCO,Deputado Estadual,0,2022
0275,29999,RODRIGO ANTUNES DE LIMA,PCO,Deputado Estadual,0,2022
0275,30000,EDNEY BENEDITO SAMPAIO DUARTE JÚNIOR,NOVO,Deputado Estadual,114,2022
0275,30001,LEONE LUIZ DE FARIA JUNIOR,NOVO,Deputado Estadual,7,2022
0275,30003,KAIQUE CARDOSO VICENTE,NOVO,Deputado Estadual,1,2022
0275,30005,TAIS ALEXANDRE ZUZA CUSTÓDIO,NOVO,Deputado Estadual,13,2022
0275,30007,DIOGO DE FREITAS VALEIRO GARCIA,NOVO,Deputado Estadual,18,2022
0275,30008,MANOEL CORREA DA FONSECA NETO,NOVO,Deputado Estadual,1,2022
0275,30010,ANDRÉ NALEPA ABBUD,NOVO,Deputado Estadual,4,2022
0275,30011,MARCOS ANTONIO HOMSI GARCIA,NOVO,Deputado Estadual,19,2022
0275,30012,JOSÉ ALENCAR GALVÃO,NOVO,Deputado Estadual,1,2022
0275,30013,SÉRGIO ZAGARINO JUNIOR,NOVO,Deputado Estadual,2,2022
0275,30014,RODRIGO REY RODRIGUEZ,NOVO,Deputado Estadual,1,2022
0275,30015,CAROLINA ZANIRATO BUZONI,NOVO,Deputado Estadual,9,2022
0275,30016,IVAN PAULO PEREIRA DA SILVA,NOVO,Deputado Estadual,1,2022
0275,30018,BRUNO TIAGO DA SILVA BRANDINO,NOVO,Deputado Estadual,3,2022
0275,30020,YGOR FROES CARVALHO,NOVO,Deputado Estadual,1,2022
0275,30022,WILSON DE MELLO JUNIOR,NOVO,Deputado Estadual,5,2022
0275,30023,VÂNIA CRISTINA DA SILVA,NOVO,Deputado Estadual,9,2022
0275,30025,MATEUS JOSE DE CAMARGO STEFANI,NOVO,Deputado Estadual,0,2022
0275,30030,MONICA RAMIRES FERRAZ CURY,NOVO,Deputado Estadual,30,2022
0275,30033,WAGNER DE BRITO TEIXEIRA,NOVO,Deputado Estadual,0,2022
0275,30077,CAROLINE STAFOKER DA SILVA,NOVO,Deputado Estadual,7,2022
0275,30080,FERNANDO MARTINS,NOVO,Deputado Estadual,8,2022
0275,30100,EMILIO CURY JUNIOR,NOVO,Deputado Estadual,14,2022
0275,30111,RAFAEL PINTER,NOVO,Deputado Estadual,4,2022
0275,30123,CICERA SEVERINA DA CONCEIÇÃO MUSA,NOVO,Deputado Estadual,6,2022
0275,30130,MARIA CRISTINA DE OLIVEIRA,NOVO,Deputado Estadual,668,2022
0275,30153,MIRIAM MARIA ANTUNES DE SOUZA,NOVO,Deputado Estadual,337,2022
0275,30190,DOUGLAS HENRIQUE DE OLIVEIRA,NOVO,Deputado Estadual,37,2022
0275,30200,RAFAEL GUSTAVO BERNARDO,NOVO,Deputado Estadual,7,2022
0275,30202,PRISCILA GONÇALVES IEIRI PARRA,NOVO,Deputado Estadual,6,2022
0275,30222,MATILDE FÁTIMA ALVES CANUTO,NOVO,Deputado Estadual,2,2022
0275,30246,PAULO SÉRGIO CONTADOR MIRAS,NOVO,Deputado Estadual,143,2022
0275,30300,JOÃO VESTIM GRANDE,NOVO,Deputado Estadual,36,2022
0275,30301,EDUARDO ALMEIDA PERES,NOVO,Deputado Estadual,1,2022
0275,30303,DANIELLI CRISTIAN CARDOSO RÔA,NOVO,Deputado Estadual,10,2022
0275,30310,SILVANA MARQUES MONTEIRO,NOVO,Deputado Estadual,106,2022
0275,30321,VALMARA CRISTINA DE PAULA CAMARGO,NOVO,Deputado Estadual,6,2022
0275,30330,SILVIA BARNABE,NOVO,Deputado Estadual,16,2022
0275,30331,ANA PAULA MAGALHÃES DA SILVA PETILI,NOVO,Deputado Estadual,24,2022
0275,30333,EDSON TEIXEIRA,NOVO,Deputado Estadual,11,2022
0275,30345,ROMEU SÃO MARCOS ESCANHOELA,NOVO,Deputado Estadual,4,2022
0275,30369,TIAGO ROCHA FERREIRA,NOVO,Deputado Estadual,3,2022
0275,30400,LUIS GUILHERME PIRES,NOVO,Deputado Estadual,6,2022
0275,30444,ADALGISA SOLANGE SPINA,NOVO,Deputado Estadual,24,2022
0275,30456,CARLOS EDUARDO PEREZ,NOVO,Deputado Estadual,5,2022
0275,30500,SERGIO LUIZ VICTOR JUNIOR,NOVO,Deputado Estadual,179,2022
0275,30555,LUCAS PAVANATO DE OLIVEIRA,NOVO,Deputado Estadual,186,2022
0275,30600,LEONARDO DE SIQUEIRA LIMA,NOVO,Deputado Estadual,908,2022
0275,30700,LUCAS ROMERO DA SILVA,NOVO,Deputado Estadual,11,2022
0275,30730,HENRIQUE MAGALHÃES TEIXEIRA,NOVO,Deputado Estadual,1531,2022
0275,30771,ODETE FIORDA,NOVO,Deputado Estadual,1,2022
0275,30777,CRISTIANE PEREIRA MACEDO,NOVO,Deputado Estadual,4,2022
0275,30800,RODRIGO BRUNO NAHAS,NOVO,Deputado Estadual,25,2022
0275,30878,MARCIO ANTONI SANTANA,NOVO,Deputado Estadual,0,2022
0275,30888,VITOR LUIS ARTIOLI KUNDRAT,NOVO,Deputado Estadual,4,2022
0275,30900,JURANDI SOARES GUIMARÃES,NOVO,Deputado Estadual,1,2022
0275,30972,ALEXANDRA DE ABREU,NOVO,Deputado Estadual,34,2022
0275,30987,MAURICIO AGUIAR GIUNTINI,NOVO,Deputado Estadual,2,2022
0275,30999,ANDRÉ LUIZ NAVARRO GARCIA MANZANO,NOVO,Deputado Estadual,8,2022
0275,33000,LUCCAS SANTOS DA CUNHA,PMN,Deputado Estadual,0,2022
0275,33006,PAMELA BARBOSA,PMN,Deputado Estadual,0,2022
0275,33007,SEBASTIÃO DE MESQUITA SILVA,PMN,Deputado Estadual,0,2022
0275,33010,FRANCISCO HORWATH NETO,PMN,Deputado Estadual,0,2022
0275,33017,GABRIELY DE LISIEUX LIMA BARBOSA,PMN,Deputado Estadual,0,2022
0275,33065,ADRIANA COELHO DE OLIVEIRA,PMN,Deputado Estadual,0,2022
0275,33100,PAULO CEZAR XAVIER ALEXANDRE,PMN,Deputado Estadual,0,2022
0275,33105,GENILDO RODRIGUES CASTRO,PMN,Deputado Estadual,0,2022
0275,33111,PATROCÍNIO RAMOS DA CRUZ NETO,PMN,Deputado Estadual,0,2022
0275,33112,GILMAR DIAS PEREIRA,PMN,Deputado Estadual,0,2022
0275,33120,SEBASTIÃO RIBEIRO DA SILVA,PMN,Deputado Estadual,0,2022
0275,33122,LUIZ MARQUES,PMN,Deputado Estadual,0,2022
0275,33123,ERICH DE ANDRES,PMN,Deputado Estadual,0,2022
0275,33133,ALESSANDRA VECCHIO SOBRINHO,PMN,Deputado Estadual,0,2022
0275,33136,AGNALDO ALVES PEREIRA,PMN,Deputado Estadual,0,2022
0275,33144,LUIZ FERNANDO BRASILIENSE,PMN,Deputado Estadual,0,2022
0275,33150,ROSILENE DOS SANTOS,PMN,Deputado Estadual,0,2022
0275,33190,FERNANDO DOS SANTOS CORREA,PMN,Deputado Estadual,0,2022
0275,33193,MARCOS DE OLIVEIRA SAMPAIO,PMN,Deputado Estadual,0,2022
0275,33199,PAULINA ROSA DE SOUZA JACINTO,PMN,Deputado Estadual,0,2022
0275,33222,GERALDO PEREIRA FILHO,PMN,Deputado Estadual,0,2022
0275,33234,IRENILDO ELIAS BARBOSA,PMN,Deputado Estadual,0,2022
0275,33240,IVAN CARLOS CONSTANTINO DE OLIVEIRA,PMN,Deputado Estadual,0,2022
0275,33246,JORGILENE ALVES SILVA,PMN,Deputado Estadual,0,2022
0275,33277,DORALICE SOUZA MATOS FAUSTINO,PMN,Deputado Estadual,0,2022
0275,33290,MÁRCIA LOPES DE ARAUJO,PMN,Deputado Estadual,0,2022
0275,33300,DAVI CICHETTO DE MORAES,PMN,Deputado Estadual,0,2022
0275,33312,MÁRCIA APARECIDA MENDES,PMN,Deputado Estadual,0,2022
0275,33313,SIDNEY MELO DA SILVA,PMN,Deputado Estadual,0,2022
0275,33321,MARCOS KOHLMANN BARBOZA,PMN,Deputado Estadual,0,2022
0275,33322,JÉSSIKA RUSSO MACHADO,PMN,Deputado Estadual,0,2022
0275,33331,MARCELLO MAZÁRIO COSTA,PMN,Deputado Estadual,0,2022
0275,33333,LEANDRA SOARES DOS SANTOS,PMN,Deputado Estadual,0,2022
0275,33334,GISELE CASARIN DA SILVA,PMN,Deputado Estadual,0,2022
0275,33355,ROSÂNGELA HERNANDES AZEVEDO,PMN,Deputado Estadual,0,2022
0275,33366,CÍCERO PEREIRA DO VALE,PMN,Deputado Estadual,0,2022
0275,33377,CELSO DA LUZ GUEDES,PMN,Deputado Estadual,0,2022
0275,33383,JOSÉ DOMINGOS SANTOS RIBEIRO,PMN,Deputado Estadual,0,2022
0275,33400,OSVALDO SANTOS DA SILVA,PMN,Deputado Estadual,0,2022
0275,33422,RAQUEL TOIAN DOS SANTOS,PMN,Deputado Estadual,0,2022
0275,33444,CÍCERO JOSÉ DE GOUVEIA,PMN,Deputado Estadual,0,2022
0275,33456,JOENE HENRIQUES DE FIGUEIREDO,PMN,Deputado Estadual,0,2022
0275,33500,ELIANDRO SILVA DIAS,PMN,Deputado Estadual,0,2022
0275,33536,MANOEL DE SOUSA COELHO JUNIOR,PMN,Deputado Estadual,0,2022
0275,33552,JOSÉ OSÓRIO FILHO,PMN,Deputado Estadual,0,2022
0275,33555,ROBERTO LUIZ DO NASCIMENTO,PMN,Deputado Estadual,0,2022
0275,33581,CLÁUDIO DE OLIVEIRA LEOPOLDO,PMN,Deputado Estadual,0,2022
0275,33606,CLEBER NUNES DOS SANTOS,PMN,Deputado Estadual,0,2022
0275,33666,WILLIAM SILVEIRA MEDEIROS,PMN,Deputado Estadual,0,2022
0275,33699,JOAQUIM ALVES PINHEIRO,PMN,Deputado Estadual,0,2022
0275,33700,DEIDILAN LIANG CORREIA DE SOUZA,PMN,Deputado Estadual,0,2022
0275,33713,MARIA LUCINDA RESENDE,PMN,Deputado Estadual,0,2022
0275,33722,ROSANGELA LOURENÇO BRITO SOUZA,PMN,Deputado Estadual,0,2022
0275,33733,RAIMUNDA GONÇALVES DOS SANTOS,PMN,Deputado Estadual,0,2022
0275,33766,LOURIVAL TORRES,PMN,Deputado Estadual,0,2022
0275,33777,TAIS CRISTINA LOURENÇO DE SOUZA,PMN,Deputado Estadual,0,2022
0275,33789,ANA CLÁUDIA MESQUITA ROCHA,PMN,Deputado Estadual,0,2022
0275,33843,RONALDO SEGALA,PMN,Deputado Estadual,0,2022
0275,33888,CAIO HENRIQUE DA SILVA,PMN,Deputado Estadual,0,2022
0275,33911,WAGNER CARDOSO DE OLIVEIRA,PMN,Deputado Estadual,0,2022
0275,33912,JOSÉ LUIZ ALVES NETO,PMN,Deputado Estadual,0,2022
0275,33933,ANGÉLICA DIAS DA SILVA,PMN,Deputado Estadual,0,2022
0275,33999,MICHAEL RICHARD DE JESUS PEDRO,PMN,Deputado Estadual,0,2022
0275,35000,LAERCIO BENKO LOPES,PMB,Deputado Estadual,9,2022
0275,35001,LUIS ALEXANDRE PINHEIRO,PMB,Deputado Estadual,0,2022
0275,35005,DANILO MARTINS DE OLIVEIRA FRANÇA,PMB,Deputado Estadual,0,2022
0275,35010,IRENIO OLIVEIRA CARDOSO,PMB,Deputado Estadual,0,2022
0275,35016,EDUARDO JOSE CORNELIO DE OLIVEIRA,PMB,Deputado Estadual,4,2022
0275,35019,TIAGO MANOEL CAETANO,PMB,Deputado Estadual,73,2022
0275,35022,ARLINDO PEREIRA FIGUEIREDO JUNIOR,PMB,Deputado Estadual,0,2022
0275,35030,SOFIA BRAGA PALMA,PMB,Deputado Estadual,0,2022
0275,35035,RAFAEL MORENO SOUZA SANTOS,PMB,Deputado Estadual,2,2022
0275,35051,LIGIA MAYUMI FUNAKI,PMB,Deputado Estadual,30,2022
0275,35054,CLEONICE APARECIDA PEREIRA DA SILVA,PMB,Deputado Estadual,1,2022
0275,35059,MARCO ANTONIO SARTI,PMB,Deputado Estadual,0,2022
0275,35077,JULIO CESAR FREITAS ROCHA,PMB,Deputado Estadual,0,2022
0275,35081,MARCOS JOSÉ DO VALLE,PMB,Deputado Estadual,0,2022
0275,35083,EDVAN LIMA BARBOSA,PMB,Deputado Estadual,11,2022
0275,35088,JANAINA BASTOS DE OLIVEIRA,PMB,Deputado Estadual,0,2022
0275,35099,JOÃO DA CONCEIÇÃO SILVA PAP,PMB,Deputado Estadual,12,2022
0275,35100,JOSÉ LUIZ BONITO,PMB,Deputado Estadual,3,2022
0275,35102,JOSÉ RICARDO DA SILVA,PMB,Deputado Estadual,0,2022
0275,35107,ROSEMARA LEANDRO DA SILVA,PMB,Deputado Estadual,0,2022
0275,35111,RICARDO ALEXANDRE ZUPIROLLI,PMB,Deputado Estadual,1,2022
0275,35113,RONALDO ELIAS MARIANO,PMB,Deputado Estadual,0,2022
0275,35119,NIELTON CARVALHO DE MATOS,PMB,Deputado Estadual,0,2022
0275,35121,WILSON DE VASCONCELOS VEIGA,PMB,Deputado Estadual,0,2022
0275,35122,ANDERSON ROGERIO ALVES,PMB,Deputado Estadual,1,2022
0275,35123,DANTE HENRIQUE MANTOVANI,PMB,Deputado Estadual,5,2022
0275,35180,PAULO DE OLIVEIRA ENEAS,PMB,Deputado Estadual,9,2022
0275,35190,REINALDO PEREIRA ZACHARIAS,PMB,Deputado Estadual,8,2022
0275,35191,JOSÉ PEREIRA NETO,PMB,Deputado Estadual,0,2022
0275,35193,ANGELO MARCIO DE JESUS SILVA,PMB,Deputado Estadual,0,2022
0275,35200,NOELMA DE SOUZA RODRIGUES,PMB,Deputado Estadual,0,2022
0275,35221,LUIS JACINTO BARRETO,PMB,Deputado Estadual,0,2022
0275,35222,MARCOS RIBEIRO DA SILVA,PMB,Deputado Estadual,0,2022
0275,35224,FRANCISCO ALVES DE SOUSA,PMB,Deputado Estadual,0,2022
0275,35259,ELAINE CRISTINA PUPE DE MORAIS,PMB,Deputado Estadual,0,2022
0275,35274,MARIA DA CONCEIÇÃO FERNANDES GRANATO,PMB,Deputado Estadual,0,2022
0275,35300,CLEBER VALADÃO ANTUNES,PMB,Deputado Estadual,2,2022
0275,35305,LUIS CARLOS FABIANI,PMB,Deputado Estadual,18,2022
0275,35312,SILAS DA SILVA MOREIRA,PMB,Deputado Estadual,0,2022
0275,35321,VALQUIRIA JUSTINO,PMB,Deputado Estadual,0,2022
0275,35322,KAISON ROBERTO ALVES,PMB,Deputado Estadual,0,2022
0275,35325,ROBERTO FRANCISCO DA SILVA,PMB,Deputado Estadual,0,2022
0275,35330,ADELMACIR DE SOUZA,PMB,Deputado Estadual,0,2022
0275,35333,LUCIANA APARECIDA DE PAULA CARVALHO,PMB,Deputado Estadual,0,2022
0275,35350,VIVIAN FILETO MARTINS DOS SANTOS,PMB,Deputado Estadual,1,2022
0275,35352,FERNANDO LUIS COUTINHO NEVES,PMB,Deputado Estadual,302,2022
0275,35355,MARCIA WALERIA NUNES DE OLIVEIRA DIAS,PMB,Deputado Estadual,2,2022
0275,35360,GILVAN DE ANDRADE GAIA,PMB,Deputado Estadual,0,2022
0275,35361,ADRIANA RANGEL RIBEIRO,PMB,Deputado Estadual,1,2022
0275,35369,ROBERIO DOS SANTOS BENEDITO,PMB,Deputado Estadual,0,2022
0275,35380,REGINALDO DA ROCHA MÁXIMO,PMB,Deputado Estadual,1,2022
0275,35400,WILLIAM DE SOUZA PALMA BOARRETTO,PMB,Deputado Estadual,0,2022
0275,35432,BENEDITO EDELCIO DA SILVA,PMB,Deputado Estadual,0,2022
0275,35444,MARIA ESTELA CAPELETTI DA ROCHA,PMB,Deputado Estadual,0,2022
0275,35447,ANDERSON HENRIQUE PINTO,PMB,Deputado Estadual,0,2022
0275,35450,INGRID DE MENDONÇA RIBEIRO,PMB,Deputado Estadual,0,2022
0275,35469,ERALDO NUNES GALDINO,PMB,Deputado Estadual,0,2022
0275,35474,CASSIO EDUARDO FONSECA,PMB,Deputado Estadual,0,2022
0275,35482,SUELI GUETE AGUIAR,PMB,Deputado Estadual,3,2022
0275,35500,ELIS REGINA NOGUEIRA RODRIGUES,PMB,Deputado Estadual,2,2022
0275,35522,THAISE CARVALHO MIRANDA,PMB,Deputado Estadual,0,2022
0275,35533,JORGE CLAUDIO ANSELMO,PMB,Deputado Estadual,0,2022
0275,35550,DOUGLAS KAJFES GARCIA,PMB,Deputado Estadual,2,2022
0275,35551,ELISANGELA VALINHO QUEIROZ DOS SANTOS,PMB,Deputado Estadual,1,2022
0275,35553,ENEAS SILVA FERREIRA SALES,PMB,Deputado Estadual,0,2022
0275,35554,ALEIXO ANDRE MANOEL NETO,PMB,Deputado Estadual,0,2022
0275,35555,DANILO RIDYER PALMA,PMB,Deputado Estadual,181,2022
0275,35600,CARLOS FERNANDO SERRA DO NASCIMENTO,PMB,Deputado Estadual,0,2022
0275,35622,JULIO AURELIANO DA SILVA,PMB,Deputado Estadual,0,2022
0275,35635,LUIS RENATO PINTO DE OLIVEIRA,PMB,Deputado Estadual,1,2022
0275,35666,DULCINEIA COELHO DA SILVA,PMB,Deputado Estadual,0,2022
0275,35667,FATIMA NASCIMENTO ALEXANDRE,PMB,Deputado Estadual,0,2022
0275,35678,DANIEL RODRIGUES BRANDO,PMB,Deputado Estadual,0,2022
0275,35700,ROGÉRIO MARTINIUC DE OLIVEIRA,PMB,Deputado Estadual,0,2022
0275,35722,ADELINO CASTELLEIRO FILHO,PMB,Deputado Estadual,0,2022
0275,35733,SANTA DA PAIXÃO GOMES DA SILVA,PMB,Deputado Estadual,0,2022
0275,35735,ABEL FELIX CAMPOS NETO,PMB,Deputado Estadual,3,2022
0275,35744,CLAUDIA VALDENIA GOMES MAIA,PMB,Deputado Estadual,0,2022
0275,35777,DALTON TADEU IZZO JUNIOR,PMB,Deputado Estadual,1,2022
0275,35789,VALDIRENE SANTOS DA SILVA,PMB,Deputado Estadual,0,2022
0275,35799,MARTIM VIEIRA FERREIRA,PMB,Deputado Estadual,0,2022
0275,35808,SIMONE SILVA SANTOS DA COSTA,PMB,Deputado Estadual,0,2022
0275,35822,ANA PAULA MELO PETILO,PMB,Deputado Estadual,0,2022
0275,35835,RONALDO GALDINO DOS SANTOS,PMB,Deputado Estadual,0,2022
0275,35885,NORMANDO BARBOSA DE OLIVEIRA,PMB,Deputado Estadual,0,2022
0275,35888,ALESSANDRA ABE,PMB,Deputado Estadual,3,2022
0275,35900,RODRIGO MOLLER,PMB,Deputado Estadual,0,2022
0275,35931,ELIANA SÃO ROQUE MARTINS,PMB,Deputado Estadual,8,2022
0275,35999,ANDERSON GUIMARÃES DE ALMEIDA,PMB,Deputado Estadual,0,2022
0275,36000,SIMONE MARQUES LOPES,AGIR,Deputado Estadual,0,2022
0275,36001,CAMILA CRISTINA BRITO,AGIR,Deputado Estadual,0,2022
0275,36003,JULIANO MERKES,AGIR,Deputado Estadual,0,2022
0275,36004,ALESSANDRO CAMARGO RODRIGUES,AGIR,Deputado Estadual,0,2022
0275,36006,JORGE MOTA DE OLIVEIRA JUNIOR,AGIR,Deputado Estadual,0,2022
0275,36007,DOUGLAS SOLANO DAS NEVES,AGIR,Deputado Estadual,0,2022
0275,36009,SIMONE VANESSA SANTOS DIAZ,AGIR,Deputado Estadual,0,2022
0275,36010,JOEL XAVIER DA SILVA,AGIR,Deputado Estadual,0,2022
0275,36011,ANDREIA TASSIANE ANTONACCI,AGIR,Deputado Estadual,0,2022
0275,36013,JANAINA CRISP GIULIANO CAVALCANTE,AGIR,Deputado Estadual,0,2022
0275,36016,ELIZEU RODRIGUES VARELA,AGIR,Deputado Estadual,0,2022
0275,36017,ALENATO MARTINS VIDAL,AGIR,Deputado Estadual,0,2022
0275,36020,MAURO FRANCISCO DE TOLEDO,AGIR,Deputado Estadual,0,2022
0275,36021,JÉSUA DE LIMA FERREIRA DA SILVA,AGIR,Deputado Estadual,0,2022
0275,36022,ROSIMEIRE SANTOS CESCHINI,AGIR,Deputado Estadual,0,2022
0275,36029,MARIA APARECIDA SANTOS ARAUJO,AGIR,Deputado Estadual,0,2022
0275,36030,JOSE FERNANDES DE OLIVEIRA BARBOSA,AGIR,Deputado Estadual,0,2022
0275,36031,MOÉSIO ALVES CORREIA,AGIR,Deputado Estadual,0,2022
0275,36033,JORGE MOTTA CARNEIRO,AGIR,Deputado Estadual,0,2022
0275,36050,MARIA FERREIRA LIMA,AGIR,Deputado Estadual,0,2022
0275,36051,ELIAS DOS SANTOS BITENCOURT,AGIR,Deputado Estadual,0,2022
0275,36056,PAULO KAZUO DE SOUZA IFUKU,AGIR,Deputado Estadual,0,2022
0275,36061,JOSELITO ALVES DOS SANTOS,AGIR,Deputado Estadual,0,2022
0275,36070,SAULO FAUSTINO,AGIR,Deputado Estadual,0,2022
0275,36075,CARLOS LUIS GUERRA DE LIMA,AGIR,Deputado Estadual,0,2022
0275,36088,MARIA DANIELA NOGUEIRA DONI,AGIR,Deputado Estadual,0,2022
0275,36089,JOSE CARLOS FERREIRA DA SILVA,AGIR,Deputado Estadual,0,2022
0275,36090,MAGNO ALVES DE OLIVEIRA,AGIR,Deputado Estadual,0,2022
0275,36100,SILVIO DO CARMO CAMARGO,AGIR,Deputado Estadual,0,2022
0275,36101,JUCILENE DE JESUS LIMA,AGIR,Deputado Estadual,0,2022
0275,36102,RICARDO BORGES DE OLIVEIRA,AGIR,Deputado Estadual,0,2022
0275,36110,JOAO VIANELLE PINTO,AGIR,Deputado Estadual,0,2022
0275,36111,VALMIR FERREIRA VERAS,AGIR,Deputado Estadual,0,2022
0275,36112,OSEIAS VIEIRA DE SOUSA,AGIR,Deputado Estadual,0,2022
0275,36113,PAULO DONIZETI SAGIO,AGIR,Deputado Estadual,0,2022
0275,36114,EDIVALDA CORDEIRO DE LIMA SILVA,AGIR,Deputado Estadual,0,2022
0275,36117,SILMARA CRISTIANE DA SILVA POMPOLLO,AGIR,Deputado Estadual,0,2022
0275,36125,JOSE CICERO FERREIRA DE LIMA,AGIR,Deputado Estadual,0,2022
0275,36133,LUCIANO MARTINS CRUZ,AGIR,Deputado Estadual,0,2022
0275,36151,EDSON GARCIA,AGIR,Deputado Estadual,0,2022
0275,36175,DERIONERIO OLIVEIRA DE ASSIS,AGIR,Deputado Estadual,0,2022
0275,36177,LUIZ CARLOS DE FREITAS,AGIR,Deputado Estadual,0,2022
0275,36190,ADRIANA SANCHES GALDEANO BORGO,AGIR,Deputado Estadual,0,2022
0275,36193,ALDO ALMEIDA,AGIR,Deputado Estadual,0,2022
0275,36203,ADRIANA SANTOS BARRENHA,AGIR,Deputado Estadual,0,2022
0275,36212,THAMIRES DE OLIVEIRA DAMATTO,AGIR,Deputado Estadual,0,2022
0275,36220,ISMAEL DA SILVA SOUZA,AGIR,Deputado Estadual,0,2022
0275,36222,JOAO BATISTA DE OLIVEIRA,AGIR,Deputado Estadual,0,2022
0275,36228,MARIA CAROLINA DA SILVA TAVARES CRUZ,AGIR,Deputado Estadual,0,2022
0275,36233,EDSON MARCOS DE CARVALHO,AGIR,Deputado Estadual,0,2022
0275,36260,JOSE SILVA LIMA,AGIR,Deputado Estadual,0,2022
0275,36290,MARCOS VINICIUS MOUTA MENDONÇA,AGIR,Deputado Estadual,0,2022
0275,36301,DAILAS RODRIGUES DA SILVA SOARES,AGIR,Deputado Estadual,0,2022
0275,36310,VERA LUCIA APARECIDA ALVES,AGIR,Deputado Estadual,0,2022
0275,36315,WAGNER ALVES DE LIMA,AGIR,Deputado Estadual,0,2022
0275,36322,ANTONIO CARLOS DOS SANTOS,AGIR,Deputado Estadual,0,2022
0275,36333,PAULA NATALEN FARIAS DE MORAES MULLER,AGIR,Deputado Estadual,0,2022
0275,36336,JACQUELINE MARINO FERNANDES DA SILVA,AGIR,Deputado Estadual,0,2022
0275,36358,CARLINHO NASCIMENTO SILVA,AGIR,Deputado Estadual,0,2022
0275,36361,GILMAR VAZ DA ROCHA,AGIR,Deputado Estadual,0,2022
0275,36363,MARCOS LUIZ ABDO DE SIQUEIRA,AGIR,Deputado Estadual,0,2022
0275,36400,JOSEMAR CARLOS DE OLIVEIRA,AGIR,Deputado Estadual,0,2022
0275,36407,LEIA DA SILVA FELISBERTO,AGIR,Deputado Estadual,0,2022
0275,36500,HELENA NOBUCO SUZUKI TAKADACHI,AGIR,Deputado Estadual,0,2022
0275,36541,GENTIL ALVES DOS SANTOS NETO,AGIR,Deputado Estadual,0,2022
0275,36551,NERINALVA SANTOS SANTANA,AGIR,Deputado Estadual,0,2022
0275,36566,PEDRO PAULO DE OLIVEIRA FILHO,AGIR,Deputado Estadual,0,2022
0275,36600,MARCOS DOS SANTOS SENA,AGIR,Deputado Estadual,0,2022
0275,36636,KLEBER ADELIPIO BARROS SANTOS,AGIR,Deputado Estadual,0,2022
0275,36640,UBIRAJARA DE ARAUJO MORAIS,AGIR,Deputado Estadual,0,2022
0275,36661,SÉRGIO MARTINS DA SILVA,AGIR,Deputado Estadual,0,2022
0275,36666,ALEX FABIANO COSTA GARCIA,AGIR,Deputado Estadual,0,2022
0275,36700,FABIANO DA SILVA MONTEIRO,AGIR,Deputado Estadual,0,2022
0275,36712,GISELE CRISTINA DOS SANTOS SILVA,AGIR,Deputado Estadual,0,2022
0275,36779,JOSE DE OLIVEIRA LEME FILHO,AGIR,Deputado Estadual,0,2022
0275,36789,SHIRLEY PALADY CAMBUR,AGIR,Deputado Estadual,0,2022
0275,36820,WILLIANS ROCHA MONTEIRO,AGIR,Deputado Estadual,0,2022
0275,36841,SAMUEL DO CARMO,AGIR,Deputado Estadual,0,2022
0275,36888,CESAR BENEDITO ALVES,AGIR,Deputado Estadual,0,2022
0275,36889,SERGILVAN OLIVEIRA DE BRITO,AGIR,Deputado Estadual,0,2022
0275,36890,JOSE CICERO FERNANDES DA SILVA,AGIR,Deputado Estadual,0,2022
0275,36918,ANA CLAUDIA SEVERINO RIVERA,AGIR,Deputado Estadual,0,2022
0275,36936,HEITOR ROBERTO TOMMASINI,AGIR,Deputado Estadual,0,2022
0275,36960,SALVADOR FERREIRA DA SILVA JUNIOR,AGIR,Deputado Estadual,0,2022
0275,36963,REINALDO MARTINS,AGIR,Deputado Estadual,0,2022
0275,36969,TARCISIO BRUNO GUIDI,AGIR,Deputado Estadual,0,2022
0275,36980,OSNI RAMOS JUNIOR,AGIR,Deputado Estadual,0,2022
0275,36999,DONIZETE APARECIDO FERREIRA,AGIR,Deputado Estadual,0,2022
0275,40000,ANDRÉA WERNER SILVA BONOLI,PSB,Deputado Estadual,824,2022
0275,40001,ISABELA RODAS MESSIAS,PSB,Deputado Estadual,49,2022
0275,40004,ALBERTO ADRIANO DE JESUS,PSB,Deputado Estadual,7,2022
0275,40008,LUIZ JOSÉ TEGAMI,PSB,Deputado Estadual,13,2022
0275,40010,VANDERLEI NERES PEREIRA,PSB,Deputado Estadual,1,2022
0275,40012,TALITA DE LIMA BARBOSA,PSB,Deputado Estadual,36,2022
0275,40013,CELSO DA SILVA,PSB,Deputado Estadual,9,2022
0275,40015,MILTON NERY NETO,PSB,Deputado Estadual,1,2022
0275,40020,GERALDO ANTÔNIO DA NÓBREGA,PSB,Deputado Estadual,1,2022
0275,40021,EDNA PENHA DA SILVA,PSB,Deputado Estadual,0,2022
0275,40022,NATALINO DE JESUS,PSB,Deputado Estadual,0,2022
0275,40026,GERALDO RIBEIRO GUIMARÃES NETO,PSB,Deputado Estadual,0,2022
0275,40040,MAYARA OLIVEIRA TORRES DA SILVA,PSB,Deputado Estadual,38,2022
0275,40044,ELISANDRA PEDROSO FERREIRA,PSB,Deputado Estadual,2,2022
0275,40050,ELVIO FERNANDEZ GONZALEZ,PSB,Deputado Estadual,1,2022
0275,40051,REINALDO RÚBIO RODA,PSB,Deputado Estadual,1,2022
0275,40054,ADRIANO DE OLIVEIRA SILVA DOS SANTOS,PSB,Deputado Estadual,1,2022
0275,40069,COSMO DAMIÃO FREITAS CID,PSB,Deputado Estadual,6,2022
0275,40070,JOSÉ DILSON DAS CHAGAS,PSB,Deputado Estadual,0,2022
0275,40077,EDSON FLORINDO PEREIRA,PSB,Deputado Estadual,30,2022
0275,40095,NILDO SILVESTRE DA SILVA,PSB,Deputado Estadual,0,2022
0275,40096,EDVAN JOSE DOS SANTOS,PSB,Deputado Estadual,1,2022
0275,40111,FÁBIO CESAR FERREIRA,PSB,Deputado Estadual,40,2022
0275,40112,LEIDE MENGATTI,PSB,Deputado Estadual,8,2022
0275,40113,JOSÉ RONALDO GOMES DA SILVA,PSB,Deputado Estadual,2,2022
0275,40120,GABRIEL BELÉM DOS SANTOS,PSB,Deputado Estadual,10,2022
0275,40121,MÁRIO MEDEIROS NETO,PSB,Deputado Estadual,46,2022
0275,40123,CAMILA GODOI DA SILVA RODRIGUES,PSB,Deputado Estadual,22,2022
0275,40128,ANTONIO LAURO CAMPANHA,PSB,Deputado Estadual,0,2022
0275,40133,JOÃO CARLOS CARAMEZ,PSB,Deputado Estadual,7,2022
0275,40134,JOÃO AGUIAR RIBEIRO,PSB,Deputado Estadual,0,2022
0275,40140,EDSON ELIAS KHOURI,PSB,Deputado Estadual,0,2022
0275,40150,EDUARDO NASCIMENTO,PSB,Deputado Estadual,2,2022
0275,40153,LUCAS DE OLIVEIRA CARDOSO,PSB,Deputado Estadual,156,2022
0275,40155,MARIA JOSÉ DA SILVA BEZERRA,PSB,Deputado Estadual,0,2022
0275,40167,GRACE LAINE PINCERATO CARREIRA DINI,PSB,Deputado Estadual,0,2022
0275,40180,JOSÉ APARECIDO ALVES,PSB,Deputado Estadual,0,2022
0275,40185,MARIA SALETE MARINI,PSB,Deputado Estadual,0,2022
0275,40192,LEANDRO ALTRÃO MARTINES,PSB,Deputado Estadual,2,2022
0275,40199,FABIO ADONIS PEREIRA,PSB,Deputado Estadual,1,2022
0275,40200,LUIZ CARLOS SILVA LEMOS,PSB,Deputado Estadual,4,2022
0275,40211,VALDOMIRO LOPES DA SILVA JUNIOR,PSB,Deputado Estadual,4,2022
0275,40222,GABRIELA VARGAS SABINO,PSB,Deputado Estadual,30,2022
0275,40233,POLIANA ALVES FERNANDES PINTO,PSB,Deputado Estadual,0,2022
0275,40234,CLERISTON DOS SANTOS ARAÚJO,PSB,Deputado Estadual,0,2022
0275,40240,JOCELY RAMOS DOS REIS MARCO,PSB,Deputado Estadual,1,2022
0275,40245,CHARLES ROBERTO PAES,PSB,Deputado Estadual,0,2022
0275,40256,EDUARDO LUIZ,PSB,Deputado Estadual,1,2022
0275,40261,MAURICIO MARTINEZ,PSB,Deputado Estadual,0,2022
0275,40300,CARMEN DA SILVA FERREIRA,PSB,Deputado Estadual,130,2022
0275,40303,DAVID SANTANA DA SILVA,PSB,Deputado Estadual,0,2022
0275,40321,ABIDAN HENRIQUE DA SILVA,PSB,Deputado Estadual,31,2022
0275,40333,RAFAEL ZAMPRONIO DA SILVEIRA,PSB,Deputado Estadual,3,2022
0275,40345,ANDERSON FREITAS BARBOSA PASSOS,PSB,Deputado Estadual,0,2022
0275,40377,ALEXANDRE SÓCRATES NAVISKAS,PSB,Deputado Estadual,0,2022
0275,40400,RENATA FALZONI,PSB,Deputado Estadual,349,2022
0275,40404,CAMILA TAPIA ROJAS SEGATO,PSB,Deputado Estadual,3,2022
0275,40412,FERNANDA DE MORAES DA SILVA,PSB,Deputado Estadual,1,2022
0275,40440,CLAUDIO OLIVEIRA DE MESSIAS,PSB,Deputado Estadual,1,2022
0275,40444,JULIANO MALAQUIAS BOTELHO,PSB,Deputado Estadual,1,2022
0275,40445,JOSELI ELVIRA CAVALHEIRO,PSB,Deputado Estadual,2,2022
0275,40456,PERMÍNIO MONTEIRO DA SILVA,PSB,Deputado Estadual,670,2022
0275,40457,LISETE GOMES DAS NEVES,PSB,Deputado Estadual,0,2022
0275,40500,GRAZIELA COSTA LEITE,PSB,Deputado Estadual,12,2022
0275,40505,MARCELO FERREIRA KAWATOKO,PSB,Deputado Estadual,0,2022
0275,40525,WAINES MOREIRA ALVES,PSB,Deputado Estadual,1,2022
0275,40537,FLORDINICE PINHEIRO,PSB,Deputado Estadual,0,2022
0275,40540,LARA EUNICE SANTOS BARBOSA,PSB,Deputado Estadual,0,2022
0275,40555,PEDRO TOMISHIGUE MORI,PSB,Deputado Estadual,0,2022
0275,40570,ANTONIO CARLOS RODRIGUES TEIXEIRA JUNIOR,PSB,Deputado Estadual,3,2022
0275,40577,RODRIGO ALMEIDA PASSOS,PSB,Deputado Estadual,0,2022
0275,40600,ANDRÉA DAS NEVES NERI DE SANTANA,PSB,Deputado Estadual,5,2022
0275,40635,LAÍS HELENA ANTONIO DOS SANTOS ALOISE,PSB,Deputado Estadual,41,2022
0275,40640,CAIO FRANÇA DE GOUVÊA GOMES,PSB,Deputado Estadual,59,2022
0275,40650,CASSIANO ROSADO CORREIA,PSB,Deputado Estadual,0,2022
0275,40656,SÍLVIA ELENA BITTENCOURT,PSB,Deputado Estadual,0,2022
0275,40665,SHIRLEI APARECIDA MOURA DA SILVA,PSB,Deputado Estadual,1,2022
0275,40666,CARLOS ALBERTO ROSSI,PSB,Deputado Estadual,5,2022
0275,40670,ROBERTO MONTEIRO,PSB,Deputado Estadual,0,2022
0275,40690,DOUGLAS AMPARADO CABRAL,PSB,Deputado Estadual,0,2022
0275,40700,ELIAS PEREIRA FREITAS DA SILVA JUNIOR,PSB,Deputado Estadual,3,2022
0275,40717,SUSIMEIRE RIBEIRO DOS SANTOS,PSB,Deputado Estadual,1,2022
0275,40777,PETERSON RUAN AIELLO DO COUTO RAMOS,PSB,Deputado Estadual,13,2022
0275,40789,JOSÉ ANTÔNIO FERREIRA,PSB,Deputado Estadual,16,2022
0275,40813,ALEXANDRE SIMÕES PIMENTEL,PSB,Deputado Estadual,1,2022
0275,40850,RICARDO DE FARIA SILVA,PSB,Deputado Estadual,0,2022
0275,40888,CYNTHIA MICHELS,PSB,Deputado Estadual,14,2022
0275,40900,PAULO CEZAR CONCEIÇÃO QUADROS,PSB,Deputado Estadual,1,2022
0275,40999,ABDULBASET JAROUR,PSB,Deputado Estadual,14,2022
0275,43000,CLAUDIA VISONI,PV,Deputado Estadual,60,2022
0275,43007,MARIA DAS DORES ALVES SILVA,PV,Deputado Estadual,1,2022
0275,43033,THIAGO RODRIGO MARTINS,PV,Deputado Estadual,14,2022
0275,43043,DACIO BERALDO BICUDO,PV,Deputado Estadual,3,2022
0275,43090,JOANA DARQUE DA PAZ,PV,Deputado Estadual,1,2022
0275,43123,WILLDSON MENDES STAHN,PV,Deputado Estadual,76,2022
0275,43190,ANGELO PAULINO DA SILVA,PV,Deputado Estadual,3,2022
0275,43222,CRISTIANE ALEXANDRE MENDES,PV,Deputado Estadual,2,2022
0275,43333,LEONARDO CÉSAR TASSINARI,PV,Deputado Estadual,6,2022
0275,43343,LUISA DA SILVA FERNANDES,PV,Deputado Estadual,0,2022
0275,43430,DONIZETI APARECIDO ALVES FERREIRA,PV,Deputado Estadual,1,2022
0275,43433,RICARDO JOSÉ LEMES,PV,Deputado Estadual,5,2022
0275,43444,ROMILDO DE PINHO CAMPELLO,PV,Deputado Estadual,7,2022
0275,43500,AMILCAR MARCEL DE SOUZA,PV,Deputado Estadual,7,2022
0275,43773,JOEL MOREIRA PASSOS JUNIOR,PV,Deputado Estadual,2,2022
0275,44001,EDSON DE OLIVEIRA GIRIBONI,UNIÃO,Deputado Estadual,39,2022
0275,44002,MARIA INES PINTO DE OLIVEIRA SANTIAGO,UNIÃO,Deputado Estadual,0,2022
0275,44004,ANDERSON REITANO RICARDO,UNIÃO,Deputado Estadual,1,2022
0275,44007,FELIPE SOUZA MURAKAMI DE FRANCO,UNIÃO,Deputado Estadual,430,2022
0275,44008,CESAR ROCHA ANDRADE DA SILVA,UNIÃO,Deputado Estadual,173,2022
0275,44009,FELIPPE LOURENÇO OLIVEIRA COELHO,UNIÃO,Deputado Estadual,0,2022
0275,44011,CARLOS JOSE GASPAR,UNIÃO,Deputado Estadual,0,2022
0275,44014,MYRIAN RAVANELLI SCANDAR KARAM,UNIÃO,Deputado Estadual,6,2022
0275,44016,CLAUDINEI LUIS DA SILVA,UNIÃO,Deputado Estadual,0,2022
0275,44018,DEOMERCE DE SOUZA DAMASCENO,UNIÃO,Deputado Estadual,4,2022
0275,44019,RODRIGO LUIS DE BARROS ALMEIDA,UNIÃO,Deputado Estadual,542,2022
0275,44023,ANA ROSA TEIXEIRA DE ARAUJO,UNIÃO,Deputado Estadual,0,2022
0275,44025,FERNANDO GALVAO MOURA,UNIÃO,Deputado Estadual,26,2022
0275,44033,PAULO NUNES PINHEIRO,UNIÃO,Deputado Estadual,0,2022
0275,44040,OCIMAR DOS REIS OLIVEIRA,UNIÃO,Deputado Estadual,1,2022
0275,44041,SORAIA DOS SANTOS CARNEIRO D EPIRO,UNIÃO,Deputado Estadual,0,2022
0275,44044,SOLANGE CRISTINA DE FREITAS,UNIÃO,Deputado Estadual,43,2022
0275,44045,OSTERLAINE HENRIQUES ALVES,UNIÃO,Deputado Estadual,0,2022
0275,44050,JURACY DA CONCEIÇÃO DOS SANTOS,UNIÃO,Deputado Estadual,0,2022
0275,44054,MARI CRISTINA BIZARI,UNIÃO,Deputado Estadual,0,2022
0275,44055,LAERCIO SANDES DE OLIVEIRA,UNIÃO,Deputado Estadual,0,2022
0275,44070,FABIO DUARTE JOANA,UNIÃO,Deputado Estadual,3,2022
0275,44077,RAFAEL SARAIVA GAIA,UNIÃO,Deputado Estadual,327,2022
0275,44080,ELIANA PAULA CARETI,UNIÃO,Deputado Estadual,0,2022
0275,44081,AUGUSTO CÉSAR CORREA NETO,UNIÃO,Deputado Estadual,2,2022
0275,44100,VITOR ABOU ANNI,UNIÃO,Deputado Estadual,20,2022
0275,44110,HELIO VIEIRA MALHEIROS JUNIOR,UNIÃO,Deputado Estadual,5,2022
0275,44111,DANIEL BEZERRA RIBEIRO SOARES,UNIÃO,Deputado Estadual,214,2022
0275,44118,EDMIR JOSE ABI CHEDID,UNIÃO,Deputado Estadual,166,2022
0275,44122,JOSE ALDO DEMARCHI,UNIÃO,Deputado Estadual,43,2022
0275,44123,OLIVIO AUGUSTO FREITAS CHAVES,UNIÃO,Deputado Estadual,1,2022
0275,44125,JOAO BATISTA DO PRADO,UNIÃO,Deputado Estadual,3,2022
0275,44127,CAMILA GRASIELE SANGREGORIO SOARES,UNIÃO,Deputado Estadual,0,2022
0275,44130,LETICIA CRISTINA DA SILVA,UNIÃO,Deputado Estadual,1,2022
0275,44140,THIAGO VERONICO DE FREITAS,UNIÃO,Deputado Estadual,0,2022
0275,44144,RONALDO FORMIGAO,UNIÃO,Deputado Estadual,0,2022
0275,44150,GISELE APARECIDA DA SILVA RAMOS,UNIÃO,Deputado Estadual,0,2022
0275,44155,FERNANDA ALVES DA SILVA,UNIÃO,Deputado Estadual,0,2022
0275,44156,ALINE CARBALLO TEIXEIRA,UNIÃO,Deputado Estadual,21,2022
0275,44171,JAQUELINE MONTEIRO DE CARVALHO BARRETO,UNIÃO,Deputado Estadual,0,2022
0275,44190,ADMILSON DE SOUZA,UNIÃO,Deputado Estadual,24,2022
0275,44193,BENEDITO ROBERTO MEIRA,UNIÃO,Deputado Estadual,6,2022
0275,44200,RENATO DA SILVA GOIS,UNIÃO,Deputado Estadual,5,2022
0275,44220,ANDRE CRISTHIANO CAYRES RIBEIRO,UNIÃO,Deputado Estadual,662,2022
0275,44222,JORGE TADEU MUDALEN,UNIÃO,Deputado Estadual,11,2022
0275,44234,LUIZ OTAVIO DA SILVA,UNIÃO,Deputado Estadual,0,2022
0275,44250,MILTON LEITE DA SILVA FILHO,UNIÃO,Deputado Estadual,27,2022
0275,44300,GILBERTO DANIEL JUNIOR,UNIÃO,Deputado Estadual,5,2022
0275,44321,RAFAELA KOBAL FERNANDES DE CARVALHO,UNIÃO,Deputado Estadual,14,2022
0275,44333,AMANDA VETTORAZZO CARNEIRO,UNIÃO,Deputado Estadual,349,2022
0275,44345,REINALDO BRIGIDO DE SOUSA,UNIÃO,Deputado Estadual,2,2022
0275,44350,MARCIA LENTZ,UNIÃO,Deputado Estadual,0,2022
0275,44363,TANIA CRISTINA FRUCHI,UNIÃO,Deputado Estadual,12,2022
0275,44400,RAFAEL ELIAS MACHADO PEREIRA ANTUNES,UNIÃO,Deputado Estadual,7,2022
0275,44411,LEANDRO CALDEIRA NAVA,UNIÃO,Deputado Estadual,1,2022
0275,44422,SIDELI DA SILVA LOPES,UNIÃO,Deputado Estadual,0,2022
0275,44433,MARCELO FUSCO,UNIÃO,Deputado Estadual,2,2022
0275,44440,JUAREZ PEREIRA DA SILVA,UNIÃO,Deputado Estadual,1,2022
0275,44441,LUIZ CLAUDIO VENANCIO ALVES,UNIÃO,Deputado Estadual,1,2022
0275,44444,MARIA HELENA PASINI PEDROSO PETERNELLI,UNIÃO,Deputado Estadual,93,2022
0275,44445,JOAO BATISTA ROCHA,UNIÃO,Deputado Estadual,3,2022
0275,44447,JUAN RAMON SOTO,UNIÃO,Deputado Estadual,0,2022
0275,44450,FLAVIA MENDES GOMES,UNIÃO,Deputado Estadual,6,2022
0275,44451,EDEMIR DE MELO,UNIÃO,Deputado Estadual,0,2022
0275,44456,FERNANDO HENRIQUE CURY,UNIÃO,Deputado Estadual,22,2022
0275,44470,WERMESON PEREIRA DA SILVA,UNIÃO,Deputado Estadual,0,2022
0275,44477,MISAEL ARAUJO RODRIGUES DA SILVA,UNIÃO,Deputado Estadual,0,2022
0275,44500,CARLOS LOTHAR KAUTZA,UNIÃO,Deputado Estadual,5,2022
0275,44532,LUCAS MÁXIMO DE JESUS,UNIÃO,Deputado Estadual,0,2022
0275,44544,MAURICIO MENNA BARRETO GASPARINI,UNIÃO,Deputado Estadual,8,2022
0275,44550,HUMBERTO YUDI WATANABE,UNIÃO,Deputado Estadual,2,2022
0275,44556,GILVANIA MEDEIROS DE OLIVEIRA,UNIÃO,Deputado Estadual,3,2022
0275,44557,SERGIO DE PAULA REIS FILHO,UNIÃO,Deputado Estadual,0,2022
0275,44560,NELMA APARECIDA ANDRADE SOUZA,UNIÃO,Deputado Estadual,3,2022
0275,44567,AGLIBERTO DO SOCORRO CHAGAS,UNIÃO,Deputado Estadual,3,2022
0275,44600,MARCOS FERNANDO PORTELLA FONTES,UNIÃO,Deputado Estadual,2,2022
0275,44611,VIVIANE DOS SANTOS SILVA CASAMASSA,UNIÃO,Deputado Estadual,0,2022
0275,44644,RODRIGO CESAR REGORAO VERONEZI,UNIÃO,Deputado Estadual,0,2022
0275,44662,ANGELA DONATIELLO LOPES,UNIÃO,Deputado Estadual,0,2022
0275,44678,DONILZETE JOSÉ SOARES,UNIÃO,Deputado Estadual,0,2022
0275,44700,LUIZ CARLOS GONDIM TEIXEIRA,UNIÃO,Deputado Estadual,3,2022
0275,44705,ROLGACIANO FERNANDES ALMEIDA,UNIÃO,Deputado Estadual,0,2022
0275,44707,BENEDITO DE VITTO JUNIOR,UNIÃO,Deputado Estadual,0,2022
0275,44744,ADRIANA CRISTINA SGRIGNEIRO NUNES,UNIÃO,Deputado Estadual,13,2022
0275,44767,CECILIA CLAUDINO GOMES DO AMARAL PEREIRA,UNIÃO,Deputado Estadual,0,2022
0275,44770,ADENILSON PEREIRA DE AMORIM,UNIÃO,Deputado Estadual,3,2022
0275,44777,AUGUSTO ZACARIAS CORREA LEITE,UNIÃO,Deputado Estadual,811,2022
0275,44789,JOÃO DA SILVA FILHO,UNIÃO,Deputado Estadual,0,2022
0275,44800,JAQUELINE DA SILVA LIRA ARRUDA,UNIÃO,Deputado Estadual,2,2022
0275,44852,CICERO APARECIDO DE MELO,UNIÃO,Deputado Estadual,0,2022
0275,44888,WALTER MARTINS JUNIOR,UNIÃO,Deputado Estadual,9,2022
0275,44900,MARCUS LEVY ANDRADE ACOSTA,UNIÃO,Deputado Estadual,0,2022
0275,44944,RUBENS LOBATO PINHEIRO NETO,UNIÃO,Deputado Estadual,15,2022
0275,44999,RENATO DE SOUZA BATTISTA,UNIÃO,Deputado Estadual,314,2022
0275,45000,BRUNA DIAS FURLAN VICENTE,PSDB,Deputado Estadual,153,2022
0275,45002,IVONE FERNANDES DIAS DO NASCIMENTO,PSDB,Deputado Estadual,1,2022
0275,45007,DOMINGOS COSTA MINÉZIO GALLÉ,PSDB,Deputado Estadual,2,2022
0275,45011,FAOUAZ TAHA,PSDB,Deputado Estadual,33,2022
0275,45012,EDGARD TAKASHI SASAKI,PSDB,Deputado Estadual,7,2022
0275,45019,ISABEL CRISTINA DA SILVA MARCELINO VIEIRA,PSDB,Deputado Estadual,5,2022
0275,45040,FLÁVIO SPINUCCI JUNIOR,PSDB,Deputado Estadual,1,2022
0275,45045,ISRAEL ALEXANDRE DE SOUZA,PSDB,Deputado Estadual,50,2022
0275,45055,CAROLINA RIBEIRO FREITAS,PSDB,Deputado Estadual,3,2022
0275,45059,EDSON ROBERTO PARRON,PSDB,Deputado Estadual,0,2022
0275,45088,RENE VLADEMIR BLOTA JUNIOR,PSDB,Deputado Estadual,0,2022
0275,45100,CARLOS ALESSANDRO FRANCO BORRO DE MATOS,PSDB,Deputado Estadual,4,2022
0275,45111,MACIEL DOS SANTOS ROCHA,PSDB,Deputado Estadual,5,2022
0275,45114,MARIA LUCIA CARDOSO PINTO AMARY,PSDB,Deputado Estadual,15,2022
0275,45116,SILVANO SALES PEIXOTO,PSDB,Deputado Estadual,0,2022
0275,45122,ALESSANDRA VIEIRA DE CAMARGO TELES,PSDB,Deputado Estadual,11,2022
0275,45123,ROGERIO NOGUEIRA LOPES CRUZ,PSDB,Deputado Estadual,263,2022
0275,45125,MAURO BRAGATO,PSDB,Deputado Estadual,7,2022
0275,45145,GIOVANNA GUIMARÃES TRIPOLI VON USLAR,PSDB,Deputado Estadual,33,2022
0275,45150,DANIELLE SANTOS SILVA,PSDB,Deputado Estadual,3,2022
0275,45151,JOSÉ BERNARDO ORTIZ MONTEIRO JÚNIOR,PSDB,Deputado Estadual,5,2022
0275,45180,PATRÍCIA GAMA DE QUADROS BEZERRA,PSDB,Deputado Estadual,51,2022
0275,45192,DULCE RITA CHAVES DE ANDRADE DABKIWICZ,PSDB,Deputado Estadual,3,2022
0275,45200,CÉLIA CAMARGO LEÃO EDELMUTH,PSDB,Deputado Estadual,2025,2022
0275,45219,JULIO CESAR DE OLIVEIRA,PSDB,Deputado Estadual,0,2022
0275,45222,ANDRÉ GASPARINI SPADARO,PSDB,Deputado Estadual,41,2022
0275,45232,CARLOS EDUARDO PIGNATARI,PSDB,Deputado Estadual,31,2022
0275,45240,VANDERLEI BORGES DE CARVALHO,PSDB,Deputado Estadual,7,2022
0275,45245,DAMARIS DIAS MOURA KUO,PSDB,Deputado Estadual,99,2022
0275,45321,RAFAEL POSTIGO MAZZALI,PSDB,Deputado Estadual,2,2022
0275,45345,EDILZA DE SOUSA MATSUSHITA,PSDB,Deputado Estadual,0,2022
0275,45377,SERGIO OLIVETTI JACOMINI,PSDB,Deputado Estadual,0,2022
0275,45400,ANALICE FERNANDES,PSDB,Deputado Estadual,26,2022
0275,45444,DANIEL HENRIQUE SILVA BASSI,PSDB,Deputado Estadual,1,2022
0275,45445,JOSÉ CARLOS CARRASCOSA DOS SANTOS,PSDB,Deputado Estadual,6,2022
0275,45450,ADRIANO BEDORE,PSDB,Deputado Estadual,3,2022
0275,45451,CARLOS CESAR ARCOLINO,PSDB,Deputado Estadual,1,2022
0275,45452,LEILA BEDANI FERREIRA,PSDB,Deputado Estadual,24,2022
0275,45453,ANA KEYLA SILVA SANTIAGO,PSDB,Deputado Estadual,3,2022
0275,45454,RENATO PUPO DE PAULA,PSDB,Deputado Estadual,14,2022
0275,45455,ALEXANDRE RIBEIRO MUSTAFA,PSDB,Deputado Estadual,15,2022
0275,45456,SARITA DE SOUZA GREGORIO,PSDB,Deputado Estadual,5,2022
0275,45500,DÉBORA MARCONDES SILVA FERRARESI,PSDB,Deputado Estadual,3,2022
0275,45545,JOSE ANTONIO BARROS MUNHOZ,PSDB,Deputado Estadual,104,2022
0275,45555,PEDRO MOTOITIRO KAWAI,PSDB,Deputado Estadual,18,2022
0275,45575,DINACI FERREIRA OLEAN,PSDB,Deputado Estadual,0,2022
0275,45600,ESTANISLAU MATIAS BARROS,PSDB,Deputado Estadual,1,2022
0275,45617,ANDRE LUIS ANCHÃO BRAGA,PSDB,Deputado Estadual,6,2022
0275,45622,VONG IEK LEONG,PSDB,Deputado Estadual,1,2022
0275,45647,FRANCISCO PEREIRA LIMA,PSDB,Deputado Estadual,0,2022
0275,45663,NATALINO ANTONIO DA SILVA,PSDB,Deputado Estadual,5,2022
0275,45666,ANA CRISTINA ALVES,PSDB,Deputado Estadual,4,2022
0275,45678,LUIZ HENRIQUE CIRILO,PSDB,Deputado Estadual,1988,2022
0275,45680,CARLA SARDANO MORANDO,PSDB,Deputado Estadual,41,2022
0275,45688,ERIKA TEREZA COITINHO AFFONSO,PSDB,Deputado Estadual,0,2022
0275,45745,MARCO AURÉLIO GOMES DOS SANTOS,PSDB,Deputado Estadual,9,2022
0275,45777,ALEXANDRE FROTA DE ANDRADE,PSDB,Deputado Estadual,73,2022
0275,45780,MARCOS ANTONIO ZERBINI,PSDB,Deputado Estadual,2,2022
0275,45789,VINICIUS ALMEIDA CAMARINHA,PSDB,Deputado Estadual,22,2022
0275,45800,MARCOS ANTÔNIO DE SOUZA,PSDB,Deputado Estadual,1,2022
0275,45845,NELSA FLORINDA DE QUEIROZ METZLER,PSDB,Deputado Estadual,1,2022
0275,45888,ADALBERTO GODOY FREITAS,PSDB,Deputado Estadual,22,2022
0275,50000,PAULA NUNES DOS SANTOS,PSOL,Deputado Estadual,1944,2022
0275,50001,CLAUDIA APARECIDA DE MELLO MONTANARI,PSOL,Deputado Estadual,11,2022
0275,50002,JOEFERSON FACCIN JOSÉ DE ALMEIDA,PSOL,Deputado Estadual,2,2022
0275,50005,GUILHERME DA COSTA AGUIAR CORTEZ,PSOL,Deputado Estadual,177,2022
0275,50007,JASPE LOPES BASTOS,PSOL,Deputado Estadual,3,2022
0275,50008,CINTIA VANESSA GOMES,PSOL,Deputado Estadual,9,2022
0275,50009,DENISE FERNANDES DE SOUZA PANTALEÃO,PSOL,Deputado Estadual,0,2022
0275,50010,ÉRIKA FERNANDA CÂNDIDO,PSOL,Deputado Estadual,12,2022
0275,50011,MARIANA FELIX SANTOS,PSOL,Deputado Estadual,37,2022
0275,50012,JÉSSICA MARQUES RIBEIRO,PSOL,Deputado Estadual,16,2022
0275,50013,ALDENIR DIAS DOS SANTOS,PSOL,Deputado Estadual,26,2022
0275,50014,CÁTIA DOS SANTOS MACHADO,PSOL,Deputado Estadual,1,2022
0275,50015,CLEBER DA SILVA,PSOL,Deputado Estadual,0,2022
0275,50018,MATHEUS LEMES MARTINS DE ASSIS,PSOL,Deputado Estadual,0,2022
0275,50019,VINÍCIUS ROSA RODRIGUES,PSOL,Deputado Estadual,5,2022
0275,50020,JULIO CEZAR DE ANDRADE,PSOL,Deputado Estadual,20,2022
0275,50033,REGINA CÉLIA GONÇALVES DOS SANTOS,PSOL,Deputado Estadual,13,2022
0275,50043,RODRIGO DA SILVA BANDINI,PSOL,Deputado Estadual,2,2022
0275,50050,INÊS PAZ,PSOL,Deputado Estadual,4,2022
0275,50075,ANA CLAUDIA SILVA MIELKE,PSOL,Deputado Estadual,92,2022
0275,50085,GERALDO DO NASCIMENTO,PSOL,Deputado Estadual,0,2022
0275,50088,JACI SABINA DE LIMA MATTOS,PSOL,Deputado Estadual,0,2022
0275,50099,VALDOMIRO MARQUES,PSOL,Deputado Estadual,0,2022
0275,50100,MARIANA CONTI TAKAHASHI,PSOL,Deputado Estadual,5523,2022
0275,50110,EDIANE MARIA DO NASCIMENTO,PSOL,Deputado Estadual,1128,2022
0275,50111,DANILO PRISEAJNIUC BIFONE,PSOL,Deputado Estadual,14,2022
0275,50112,LEANDRO ROMEO PECCEQUILLO FREIRE,PSOL,Deputado Estadual,3,2022
0275,50113,CLAUDIO BENVINDO BARBOSA,PSOL,Deputado Estadual,0,2022
0275,50123,RICARDO ALVAREZ,PSOL,Deputado Estadual,5,2022
0275,50130,ALINE CATARINE GONDIM,PSOL,Deputado Estadual,1,2022
0275,50133,MARCELO REINA SILIANO,PSOL,Deputado Estadual,7,2022
0275,50150,MARIA APARECIDA AIRES DA SILVA,PSOL,Deputado Estadual,8,2022
0275,50157,DARCI RAMOS VITÓRIO,PSOL,Deputado Estadual,0,2022
0275,50160,DIEGO WEIDEMANN RACHE VITELLO,PSOL,Deputado Estadual,2,2022
0275,50175,MARIA DE JESUS BUENO DA SILVA,PSOL,Deputado Estadual,0,2022
0275,50180,THALITA DE ALMEIDA TAVARES,PSOL,Deputado Estadual,9,2022
0275,50200,AILTON AMARAL DOS SANTOS,PSOL,Deputado Estadual,7,2022
0275,50222,SUZETE CHAFFIN,PSOL,Deputado Estadual,8,2022
0275,50300,KEITCHELE LIMA DA SILVA,PSOL,Deputado Estadual,156,2022
0275,50321,BRUNA CHAMAS BIONDI,PSOL,Deputado Estadual,13,2022
0275,50333,ALBA SOLANGE CHALITA DA SILVA,PSOL,Deputado Estadual,1,2022
0275,50400,PRISCILLA BERNARDES AIRES PEDROSA,PSOL,Deputado Estadual,6,2022
0275,50420,FERNANDO TAVARES ARAÚJO DA SILVA,PSOL,Deputado Estadual,19,2022
0275,50444,ROSIVALDO DE JESUS SANTOS,PSOL,Deputado Estadual,1,2022
0275,50456,ADRIANA SCANAVEZ DOS SANTOS,PSOL,Deputado Estadual,485,2022
0275,50500,DÉBORA ALVES CAMILO,PSOL,Deputado Estadual,433,2022
0275,50501,DJALMA NERY FERREIRA NETO,PSOL,Deputado Estadual,54,2022
0275,50513,RONALDO RODRIGUES DOS SANTOS,PSOL,Deputado Estadual,1,2022
0275,50517,ELIEZER ALMEIDA GUIMARÃES,PSOL,Deputado Estadual,0,2022
0275,50522,CHIRLEY MARIA DE SOUZA ALMEIDA SANTOS,PSOL,Deputado Estadual,302,2022
0275,50550,RAUL MARCELO DE SOUZA,PSOL,Deputado Estadual,159,2022
0275,50555,RAMON FERNANDES FAUSTINO,PSOL,Deputado Estadual,7,2022
0275,50563,ENOC MANOEL DE SANTANA,PSOL,Deputado Estadual,0,2022
0275,50567,LUIZ GUEDES DE ALENCAR JUNIOR,PSOL,Deputado Estadual,0,2022
0275,50580,JOSÉ DE RIBAMAR DA SILVA PASSOS,PSOL,Deputado Estadual,0,2022
0275,50600,EDMILSON SOUZA SANTOS,PSOL,Deputado Estadual,1,2022
0275,50650,ANTONIO BIAGIO VESPOLI,PSOL,Deputado Estadual,15,2022
0275,50666,MARIA HELENA DE CARVALHO,PSOL,Deputado Estadual,1,2022
0275,50700,NEON DOS AFONSO CUNHA,PSOL,Deputado Estadual,163,2022
0275,50750,JOSÉ CARLOS SILVA,PSOL,Deputado Estadual,0,2022
0275,50777,PAULO ROBERTO BUFALO,PSOL,Deputado Estadual,710,2022
0275,50789,CARLOS ALBERTO GIANNASI,PSOL,Deputado Estadual,850,2022
0275,50800,JUVENIL BATISTA LOPES,PSOL,Deputado Estadual,3,2022
0275,50850,MARCELO DOS SANTOS ROLDAN,PSOL,Deputado Estadual,1,2022
0275,50888,JUSTINO DIOGO DOS SANTOS,PSOL,Deputado Estadual,3,2022
0275,50900,MÔNICA CRISTINA SEIXAS BONFIM,PSOL,Deputado Estadual,484,2022
0275,50999,DÉBORA CRISTIANE FIRMO DORIA,PSOL,Deputado Estadual,2,2022
0275,51000,LUIS CLAUDIO LAPENA BARRETO,PATRIOTA,Deputado Estadual,10,2022
0275,51001,ANDRÉ LUIZ GALHARDO JOÃO,PATRIOTA,Deputado Estadual,2,2022
0275,51002,VANIL ALVES DOS SANTOS,PATRIOTA,Deputado Estadual,0,2022
0275,51003,RENATO DE SOUZA OLIVEIRA,PATRIOTA,Deputado Estadual,29,2022
0275,51005,SAMUEL DOS SANTOS,PATRIOTA,Deputado Estadual,0,2022
0275,51006,ANDREIA PEREIRA FERRAZ,PATRIOTA,Deputado Estadual,27,2022
0275,51007,CLAUDIO SEBASTIÃO AGUIAR,PATRIOTA,Deputado Estadual,0,2022
0275,51008,EDMILSON ALVES DA SILVA,PATRIOTA,Deputado Estadual,0,2022
0275,51009,RODRIGO SALOMÃO JUNQUEIRA,PATRIOTA,Deputado Estadual,0,2022
0275,51010,OSVALDO DA SILVA LOBEIRO MACHADO,PATRIOTA,Deputado Estadual,6,2022
0275,51011,INES REGINA SCISCI MACIEL,PATRIOTA,Deputado Estadual,64,2022
0275,51013,MÁRCIA DE FÁTIMA MORAIS,PATRIOTA,Deputado Estadual,76,2022
0275,51017,GETULIO ALEGRE DOS SANTOS,PATRIOTA,Deputado Estadual,2,2022
0275,51020,WALDENIR CHAGA FILHO,PATRIOTA,Deputado Estadual,0,2022
0275,51022,MARISTELA TRINDADE,PATRIOTA,Deputado Estadual,3,2022
0275,51023,FABIANA APARECIDA BRITO ERNANE,PATRIOTA,Deputado Estadual,23,2022
0275,51033,DEOCLÉCIO KAWAHATA PLACCO,PATRIOTA,Deputado Estadual,0,2022
0275,51050,CARLOS ROBERTO TOLEDO,PATRIOTA,Deputado Estadual,114,2022
0275,51051,EVERTON LUIZ FERNANDES SODARIO RAIMUNDO,PATRIOTA,Deputado Estadual,58,2022
0275,51070,SÔNIA DAS GRAÇAS RIBEIRO SILVEIRA,PATRIOTA,Deputado Estadual,0,2022
0275,51100,BRIAN VANDERSON FERREIRA LEME,PATRIOTA,Deputado Estadual,0,2022
0275,51101,SÔNIA MARIA FERRAZ DE MOURA,PATRIOTA,Deputado Estadual,2,2022
0275,51107,JOSE ALCY PINHEIRO SUBRINHO,PATRIOTA,Deputado Estadual,0,2022
0275,51111,ADEMIR WELLITON DE OLIVEIRA,PATRIOTA,Deputado Estadual,1,2022
0275,51122,RENAN MARINO,PATRIOTA,Deputado Estadual,3,2022
0275,51123,ANDREA SEIXAS,PATRIOTA,Deputado Estadual,0,2022
0275,51132,FRANCISLEY ILDECIR RODRIGUES,PATRIOTA,Deputado Estadual,2,2022
0275,51133,NELSON PEDRO ROJA JUNIOR,PATRIOTA,Deputado Estadual,12,2022
0275,51144,SOLANGE GUAPYASSU,PATRIOTA,Deputado Estadual,0,2022
0275,51150,ODAIR DE MOURA E SILVA,PATRIOTA,Deputado Estadual,5,2022
0275,51151,ROSANE REZENDE LEANDRO,PATRIOTA,Deputado Estadual,0,2022
0275,51155,MARCOS ANDRE DE OLIVEIRA,PATRIOTA,Deputado Estadual,3,2022
0275,51188,RENATA GOUVEA,PATRIOTA,Deputado Estadual,0,2022
0275,51190,RUBENS CLÁUDIO SIQUEIRA NERI,PATRIOTA,Deputado Estadual,5,2022
0275,51200,ALAINE SILVA SOUZA SANTOS,PATRIOTA,Deputado Estadual,3,2022
0275,51210,EQUIMARCILIAS DE SOUZA FREIRE,PATRIOTA,Deputado Estadual,0,2022
0275,51221,SUSANA DAS NEVES,PATRIOTA,Deputado Estadual,1,2022
0275,51222,SANDRA DELMIRO DE LIMA GABRIEL,PATRIOTA,Deputado Estadual,0,2022
0275,51231,MARCIO DE PAULA PINHEIRO,PATRIOTA,Deputado Estadual,0,2022
0275,51233,RONALDO AUGUSTO BRETAS MARZAGÃO JUNIOR,PATRIOTA,Deputado Estadual,2,2022
0275,51234,RICARDO ROCHA DE OLIVEIRA,PATRIOTA,Deputado Estadual,0,2022
0275,51235,FABIO MARTINS BELARMINO,PATRIOTA,Deputado Estadual,0,2022
0275,51236,BRUNO LOPES ROVAI,PATRIOTA,Deputado Estadual,82,2022
0275,51250,JOSE BENTO DE JESUS,PATRIOTA,Deputado Estadual,0,2022
0275,51280,MONIZ JOSE BIELAWSKI RIBEIRO,PATRIOTA,Deputado Estadual,45,2022
0275,51300,ZELINDA DRAGO,PATRIOTA,Deputado Estadual,1,2022
0275,51321,EDUARDO DIAS DE BRITO,PATRIOTA,Deputado Estadual,0,2022
0275,51332,MÁRCIA CRISTINA DA SILVA,PATRIOTA,Deputado Estadual,0,2022
0275,51333,ANA PAULA CARVALHO BEATHALTER,PATRIOTA,Deputado Estadual,5,2022
0275,51349,JOSE ALAOR FERNANDES ROSSI,PATRIOTA,Deputado Estadual,0,2022
0275,51350,ADRIANA NOGUEIRA DO PRADO,PATRIOTA,Deputado Estadual,0,2022
0275,51351,FRANCISCO ANTONIO DA SILVA,PATRIOTA,Deputado Estadual,3,2022
0275,51360,TAILANDIA FERNANDES SOARES PAIXÃO,PATRIOTA,Deputado Estadual,0,2022
0275,51400,MARCIA VALÉRIA JACINTHO AZEVEDO,PATRIOTA,Deputado Estadual,1,2022
0275,51444,RUI ALVES BRUM JUNIOR,PATRIOTA,Deputado Estadual,0,2022
0275,51447,CARLOS ALBERTO FABRINI,PATRIOTA,Deputado Estadual,9,2022
0275,51451,FERNANDO HENRIQUE GOMES DA SILVA,PATRIOTA,Deputado Estadual,1,2022
0275,51455,MARCOS CORDEIRO DE SOUSA CHAVES,PATRIOTA,Deputado Estadual,0,2022
0275,51500,MARIA ALICE FERNANDES MOSTARDINHA,PATRIOTA,Deputado Estadual,0,2022
0275,51510,ROGÉRIO SILVA DE SOUZA,PATRIOTA,Deputado Estadual,2,2022
0275,51511,ARAFETH ALI HUSSEIN NASREDDINE,PATRIOTA,Deputado Estadual,1,2022
0275,51525,FERNANDO FERREIRA DE QUEIROZ,PATRIOTA,Deputado Estadual,0,2022
0275,51533,ALEX SANDRO BENTO FERNANDES,PATRIOTA,Deputado Estadual,1,2022
0275,51545,JORGE DE JESUS OLIVEIRA,PATRIOTA,Deputado Estadual,0,2022
0275,51551,PATRICIA ANDALAFT FREIRE,PATRIOTA,Deputado Estadual,1,2022
0275,51555,ANTONIO CÍCERO FERREIRA DE ARAUJO,PATRIOTA,Deputado Estadual,2,2022
0275,51556,LUIZ CARLOS DO ESPÍRITO SANTO,PATRIOTA,Deputado Estadual,5,2022
0275,51566,ELIANA CRISTINA DA SILVA PASCON,PATRIOTA,Deputado Estadual,0,2022
0275,51600,PEDRO ELES DA SILVA,PATRIOTA,Deputado Estadual,0,2022
0275,51622,DAVI BENEDITO DOS SANTOS,PATRIOTA,Deputado Estadual,0,2022
0275,51666,ANGELA GISELDA RUSSO PUCCIA DE LIMA,PATRIOTA,Deputado Estadual,0,2022
0275,51700,DILSO PANTALEÃO MANZANO,PATRIOTA,Deputado Estadual,0,2022
0275,51773,EMÍLIO CARPANEZ FILHO,PATRIOTA,Deputado Estadual,0,2022
0275,51777,CLEBER BROCH,PATRIOTA,Deputado Estadual,10,2022
0275,51800,EDUARDO APARECIDO ALEIXO,PATRIOTA,Deputado Estadual,0,2022
0275,51880,ERNESTO ANTONIO MATTOS,PATRIOTA,Deputado Estadual,0,2022
0275,51888,PATRÍCIA MAGDA GIRO LOBO BELLI,PATRIOTA,Deputado Estadual,0,2022
0275,51900,JOÃO TEIXEIRA JUNIOR,PATRIOTA,Deputado Estadual,0,2022
0275,51911,MAURÍCIO SOUZA DOS REIS,PATRIOTA,Deputado Estadual,0,2022
0275,51965,EDILEIDE SILVA,PATRIOTA,Deputado Estadual,0,2022
0275,51999,GIRLENIO GOMES DE OLIVEIRA,PATRIOTA,Deputado Estadual,2,2022
0275,55000,ROBERTA MARIA GONÇALVES FRANCESCHI BOTION,PSD,Deputado Estadual,69,2022
0275,55001,ROGÉRIO SILVA PEDRO,PSD,Deputado Estadual,7,2022
0275,55005,MIRTES GONÇALVES QUEIROZ,PSD,Deputado Estadual,2,2022
0275,55007,FLÁVIA REGINA ROMANI,PSD,Deputado Estadual,0,2022
0275,55008,WAGNER SEQUIN,PSD,Deputado Estadual,1,2022
0275,55009,HUMBERTO YUTAKA NAKAMURA,PSD,Deputado Estadual,0,2022
0275,55011,PAULA FONSECA ESTEVES,PSD,Deputado Estadual,2,2022
0275,55015,DECIO MARMIROLLI,PSD,Deputado Estadual,40,2022
0275,55022,ANDRÉ LUIZ PREVIATO KODJAOGLANIAN,PSD,Deputado Estadual,23,2022
0275,55025,CLAUDIA URIAS,PSD,Deputado Estadual,0,2022
0275,55030,AUGUSTO DOS REIS FERREIRA,PSD,Deputado Estadual,20,2022
0275,55033,MARIA CONSTANTINO EMIDIO,PSD,Deputado Estadual,17,2022
0275,55040,MARCELO ALVES DE CARVALHO ALMEIDA,PSD,Deputado Estadual,1,2022
0275,55044,CARLOS EDUARDO UTUARI,PSD,Deputado Estadual,0,2022
0275,55050,ALINE NOVAIS,PSD,Deputado Estadual,2,2022
0275,55055,CAROLINE STEINMETZ,PSD,Deputado Estadual,38,2022
0275,55077,LAURA HIROMI KAMIA,PSD,Deputado Estadual,16,2022
0275,55089,MAURO DA SILVA OLIVEIRA,PSD,Deputado Estadual,0,2022
0275,55090,ANTONIO EDUARDO DOS SANTOS,PSD,Deputado Estadual,0,2022
0275,55100,JANDER CAVALCANTI DE LIRA,PSD,Deputado Estadual,1,2022
0275,55101,FRANCISCO DA COSTA NETO,PSD,Deputado Estadual,27,2022
0275,55111,CICERO JOÃO DA SILVA,PSD,Deputado Estadual,2,2022
0275,55116,TEREZINHA DE AQUINO,PSD,Deputado Estadual,0,2022
0275,55121,ANTÔNIO EMÍDIO DE MORAIS,PSD,Deputado Estadual,0,2022
0275,55122,ANTONIO DE SOUSA RAMALHO,PSD,Deputado Estadual,2,2022
0275,55123,RAFAEL ANTONIO DA SILVA,PSD,Deputado Estadual,18,2022
0275,55135,JULIANA SOARES DE PAULA,PSD,Deputado Estadual,0,2022
0275,55177,VERA LUCIA MENDES DA SILVA,PSD,Deputado Estadual,2,2022
0275,55190,SÉRGIO DE MOURA CAVALCANTI,PSD,Deputado Estadual,115,2022
0275,55191,EDSON GOMES DA ROCHA,PSD,Deputado Estadual,4,2022
0275,55195,EDIVALDO BENÍCIO,PSD,Deputado Estadual,3,2022
0275,55200,JOSÉ GARRIS DEL VALLE,PSD,Deputado Estadual,0,2022
0275,55212,CAROLINA ANGELELLI,PSD,Deputado Estadual,0,2022
0275,55222,RAUL VICENTINI,PSD,Deputado Estadual,8,2022
0275,55234,CHUKWUEMEKA UJOR,PSD,Deputado Estadual,0,2022
0275,55240,PRISCILA BRUNETTO DE ARAUJO,PSD,Deputado Estadual,1,2022
0275,55250,JOSIAS JOSE DO NASCIMENTO,PSD,Deputado Estadual,0,2022
0275,55255,CARLOS ANTONIO VILELA,PSD,Deputado Estadual,0,2022
0275,55300,VALÉRIA APARECIDA COSTA TORRES,PSD,Deputado Estadual,24,2022
0275,55331,EDINALVA NUNES DE JESUS,PSD,Deputado Estadual,0,2022
0275,55333,ROMILDO VIRGÍNIO DOS SANTOS,PSD,Deputado Estadual,2,2022
0275,55355,IRENILDE APARECIDA JULIANI DA SILVA,PSD,Deputado Estadual,4,2022
0275,55400,MARTA MARIA FREIRE DA COSTA,PSD,Deputado Estadual,1117,2022
0275,55450,NEIMAR DE ALMEIDA ORTIZ,PSD,Deputado Estadual,0,2022
0275,55455,JOSÉ CARLOS TREVENZOLLI FILHO,PSD,Deputado Estadual,59,2022
0275,55456,EFANEU NOLASCO GODINHO,PSD,Deputado Estadual,16,2022
0275,55505,PATRICIA APARECIDA ROSSI,PSD,Deputado Estadual,0,2022
0275,55511,ANDRE PEREIRA DE MEDEIROS,PSD,Deputado Estadual,1,2022
0275,55522,CLAUDIO CESAR SILVA APOLINARIO,PSD,Deputado Estadual,7,2022
0275,55523,LUIS ANTONIO PANONE,PSD,Deputado Estadual,3,2022
0275,55534,JOSÉ CARLOS ROSSI,PSD,Deputado Estadual,0,2022
0275,55550,RENATO SABINO COLOMBANO,PSD,Deputado Estadual,1,2022
0275,55555,HELIO BRESSAN,PSD,Deputado Estadual,41,2022
0275,55599,LUIS TADEO GIMENES,PSD,Deputado Estadual,0,2022
0275,55600,LUIZ FERNANDO PIVA CRUZ,PSD,Deputado Estadual,2,2022
0275,55654,JUVENIL DE ALMEIDA SILVERIO,PSD,Deputado Estadual,4,2022
0275,55655,ARTUR CASSEB ORSI,PSD,Deputado Estadual,3403,2022
0275,55678,RAIMUNDO FERNANDES DE PAIVA,PSD,Deputado Estadual,0,2022
0275,55699,PAULO ALVES CORRÊA JUNIOR,PSD,Deputado Estadual,5,2022
0275,55700,ANDRÉA PAROLIN PAVANI PERINOTI,PSD,Deputado Estadual,0,2022
0275,55755,FERNANDO LUCCHESI ANTUNES DE OLIVEIRA,PSD,Deputado Estadual,0,2022
0275,55777,OSEIAS SANTOS DA SILVA,PSD,Deputado Estadual,217,2022
0275,55789,NÚBIA CRISTINA SILVÉRIO,PSD,Deputado Estadual,0,2022
0275,55790,ALEXANDRO DE ARAÚJO,PSD,Deputado Estadual,2,2022
0275,55800,LUCIANO RODRIGUES DE AQUINO,PSD,Deputado Estadual,0,2022
0275,55844,JOSE CARLOS ADAO,PSD,Deputado Estadual,1,2022
0275,55855,VANILDA APARECIDA PEREIRA DA SILVA,PSD,Deputado Estadual,3,2022
0275,55888,SÔNIA REGINA RODRIGUES MÓDENA,PSD,Deputado Estadual,22,2022
0275,55999,SILVIA ELIANA PALMA,PSD,Deputado Estadual,1,2022
0275,65000,EWERTON DA SILVA CARVALHO,PC do B,Deputado Estadual,70,2022
0275,65010,MARCOS JESUS DOS SANTOS,PC do B,Deputado Estadual,9,2022
0275,65012,GERSON BARBOSA DE SOUSA,PC do B,Deputado Estadual,0,2022
0275,65013,ROZANA FONSECA BARROSO DA SILVA,PC do B,Deputado Estadual,29,2022
0275,65035,LECI BRANDÃO DA SILVA,PC do B,Deputado Estadual,384,2022
0275,65123,PEDRO ANTONIO BIGARDI,PC do B,Deputado Estadual,15,2022
0275,65180,CARINA VITRAL COSTA,PC do B,Deputado Estadual,53,2022
0275,65300,MARIANA NUNES DE MOURA SOUZA,PC do B,Deputado Estadual,152,2022
0275,65333,RODRIGO FIRMINO ROMÃO,PC do B,Deputado Estadual,0,2022
0275,65400,KEILA PEREIRA FRANCISCO,PC do B,Deputado Estadual,2,2022
0275,65555,WAGNER CIPRIANO ARAUJO,PC do B,Deputado Estadual,43,2022
0275,65656,MARCIA REGINA QUINTANILHA,PC do B,Deputado Estadual,446,2022
0275,65658,FRANCISCA PEREIRA DA ROCHA SEIXAS,PC do B,Deputado Estadual,9,2022
0275,65777,SAMUEL EUZÉBIO DE OLIVEIRA,PC do B,Deputado Estadual,0,2022
0275,65789,RENÉ VICENTE DOS SANTOS,PC do B,Deputado Estadual,4,2022
0275,70000,DAVI PIRES BATISTA,AVANTE,Deputado Estadual,0,2022
0275,70001,JEAN CARLOS HERZOGENRATH DE BRITO,AVANTE,Deputado Estadual,0,2022
0275,70003,DONATO DOS SANTOS SILVA,AVANTE,Deputado Estadual,0,2022
0275,70005,VANIA MAIA DOS REIS,AVANTE,Deputado Estadual,0,2022
0275,70007,LEANDRO VIEIRA DE LIMA,AVANTE,Deputado Estadual,0,2022
0275,70008,CARLOS EDUARDO PLACUCCI,AVANTE,Deputado Estadual,0,2022
0275,70010,FRANCISCA QUELINDEJARA VASCONCELOS SOBIESKI,AVANTE,Deputado Estadual,0,2022
0275,70012,CARLOS ALBERTO DA FONSECA,AVANTE,Deputado Estadual,0,2022
0275,70013,MICHELE NOVAES CANDIDO,AVANTE,Deputado Estadual,0,2022
0275,70014,WILLAMS FERNANDES DA SILVA,AVANTE,Deputado Estadual,0,2022
0275,70016,RAPHAEL GOZUEN CAMARGO,AVANTE,Deputado Estadual,0,2022
0275,70017,ELIETE DE MIRANDA MACHADO,AVANTE,Deputado Estadual,0,2022
0275,70020,NELSON MERRWELVELSON FERREIRA E SOUZA,AVANTE,Deputado Estadual,0,2022
0275,70021,GERALDO FERREIRA COSTA FILHO,AVANTE,Deputado Estadual,0,2022
0275,70022,ISRAEL BEZERRA DA SILVA,AVANTE,Deputado Estadual,0,2022
0275,70029,LOREDANA NOCITO SALAMONE,AVANTE,Deputado Estadual,0,2022
0275,70033,FRANCISCA ROSANA MONTANHER,AVANTE,Deputado Estadual,0,2022
0275,70040,PASCOAL DOS SANTOS LIMA,AVANTE,Deputado Estadual,0,2022
0275,70050,JURANDIR FERREIRA SILVA,AVANTE,Deputado Estadual,0,2022
0275,70070,WALDECK RODRIGUES DE MORAES,AVANTE,Deputado Estadual,0,2022
0275,70077,LUCIANO COSTA OLIVAN,AVANTE,Deputado Estadual,0,2022
0275,70088,KELLY VESCO MOZZONE,AVANTE,Deputado Estadual,0,2022
0275,70090,MARIA JULIANA PATRÍCIA DA COSTA,AVANTE,Deputado Estadual,0,2022
0275,70100,VALDENOR DE JESUS GONÇALVES FONSECA,AVANTE,Deputado Estadual,0,2022
0275,70110,NADIA AGUIAR SILVA LIMA,AVANTE,Deputado Estadual,0,2022
0275,70111,LUCIANO ZACCHIA DE ARAUJO,AVANTE,Deputado Estadual,0,2022
0275,70113,MARIA DAS MERCES CANDIDA DE ARAUJO,AVANTE,Deputado Estadual,0,2022
0275,70120,FABIO FEREZINI,AVANTE,Deputado Estadual,0,2022
0275,70123,MÁRCIO ROGÉRIO DIAS,AVANTE,Deputado Estadual,0,2022
0275,70127,MARCOS TIAGO DOS SANTOS NUNES,AVANTE,Deputado Estadual,0,2022
0275,70130,TANIA DAS NEVES BELO,AVANTE,Deputado Estadual,0,2022
0275,70140,ANTONIO CARLOS DE CAMPOS MACHADO,AVANTE,Deputado Estadual,0,2022
0275,70141,ZENIA PEREIRA DE ANDRADE SOUSA,AVANTE,Deputado Estadual,0,2022
0275,70142,TIRSO DOS SANTOS JUNIOR,AVANTE,Deputado Estadual,0,2022
0275,70145,PAULA CRISTINA LOURENÇO,AVANTE,Deputado Estadual,0,2022
0275,70150,MARCELO AUGUSTO MARTINS COUBASSIER,AVANTE,Deputado Estadual,0,2022
0275,70156,JOSANGELA SILVEIRA MELO,AVANTE,Deputado Estadual,0,2022
0275,70160,ROQUE BARBIERE,AVANTE,Deputado Estadual,0,2022
0275,70170,LUIZ DE SOUSA CHAGAS,AVANTE,Deputado Estadual,0,2022
0275,70177,RITA DE CASSIA RAMOS ORIGUELLA,AVANTE,Deputado Estadual,0,2022
0275,70180,SANDRA DAMASCENO NUNES DE MIRANDA,AVANTE,Deputado Estadual,0,2022
0275,70190,KARINA CARLA DA SILVA,AVANTE,Deputado Estadual,0,2022
0275,70192,WILSON DOS SANTOS JÚNIOR,AVANTE,Deputado Estadual,0,2022
0275,70200,FRANCISCO MARCOS IRAN AQUINO ROLIM,AVANTE,Deputado Estadual,0,2022
0275,70202,SERGIO RAMOS ROBERTO,AVANTE,Deputado Estadual,0,2022
0275,70222,SERGIO UZUM JUNIOR,AVANTE,Deputado Estadual,0,2022
0275,70233,BOAVENTURA PEREIRA SANTOS,AVANTE,Deputado Estadual,0,2022
0275,70234,JUSSIMARA NUNES DE JESUS,AVANTE,Deputado Estadual,0,2022
0275,70270,DAVID CRISTIAN DE OLIVEIRA,AVANTE,Deputado Estadual,0,2022
0275,70300,MATIAS GERALDO MUNIZ,AVANTE,Deputado Estadual,0,2022
0275,70313,GILMAR BORGES DE ALMEIDA,AVANTE,Deputado Estadual,0,2022
0275,70321,JOSÉ AMARO DA SILVA,AVANTE,Deputado Estadual,0,2022
0275,70333,MÁRIO COROCHEL NETO,AVANTE,Deputado Estadual,0,2022
0275,70345,ADRIANA SOUZA DOS SANTOS PEREIRA,AVANTE,Deputado Estadual,0,2022
0275,70369,PEDRO ADERSON FURTADO SOARES,AVANTE,Deputado Estadual,0,2022
0275,70400,JOÃO VANE CAVALCANTI REIS,AVANTE,Deputado Estadual,0,2022
0275,70440,JONEIDE GOMES LOPES,AVANTE,Deputado Estadual,0,2022
0275,70444,OZÉIAS BATISTA DOS SANTOS,AVANTE,Deputado Estadual,0,2022
0275,70456,LUZIA MARIA VIDICA CÂNDIDO,AVANTE,Deputado Estadual,0,2022
0275,70470,WALNEY ARAUJO DA SILVEIRA,AVANTE,Deputado Estadual,0,2022
0275,70555,RENATA APARECIDA MORAIS DE VASCONCELOS,AVANTE,Deputado Estadual,0,2022
0275,70567,ADONAI DOS SANTOS SOARES JÚNIOR,AVANTE,Deputado Estadual,0,2022
0275,70570,PAULO SÉRGIO SILVESTRE,AVANTE,Deputado Estadual,0,2022
0275,70600,ALEXANDRE CHICHURRA,AVANTE,Deputado Estadual,0,2022
0275,70677,ROGÉRIO MACIEL MONTEIRO JUNIOR,AVANTE,Deputado Estadual,0,2022
0275,70700,MORGANA SIQUEIRA,AVANTE,Deputado Estadual,0,2022
0275,70707,LUCINEIA DOS SANTOS,AVANTE,Deputado Estadual,0,2022
0275,70709,JORGE SAMPAIO DA SILVA,AVANTE,Deputado Estadual,0,2022
0275,70717,LUCIANA VEIGA DE PAULA,AVANTE,Deputado Estadual,0,2022
0275,70730,LAELSON DA PAZ DE OLIVEIRA,AVANTE,Deputado Estadual,0,2022
0275,70740,ALINE FELIPE SOARES CARVALHO,AVANTE,Deputado Estadual,0,2022
0275,70770,ANTONIO GILBERTO DA SILVA,AVANTE,Deputado Estadual,0,2022
0275,70775,ANTONIO CONSTANTINO OLIVEIRA,AVANTE,Deputado Estadual,0,2022
0275,70777,WALTER CAVEANHA,AVANTE,Deputado Estadual,0,2022
0275,70778,JOSENILDO JOSE DE OLIVEIRA,AVANTE,Deputado Estadual,0,2022
0275,70789,PAULO CALADO FARIAS,AVANTE,Deputado Estadual,0,2022
0275,70800,DONIZETE NATAL PONTES,AVANTE,Deputado Estadual,0,2022
0275,70840,LUIZ ANTONIO CIRINO,AVANTE,Deputado Estadual,0,2022
0275,70888,OSWALDO LUIZ RODRIGUES DE OLIVEIRA,AVANTE,Deputado Estadual,0,2022
0275,70900,JORGE DURAN GONÇALEZ,AVANTE,Deputado Estadual,0,2022
0275,70930,NILSON DE OLIVEIRA VALIM,AVANTE,Deputado Estadual,0,2022
0275,70940,RICARDO DIAS,AVANTE,Deputado Estadual,0,2022
0275,70950,SERGIO WAGNER LOCATELLI,AVANTE,Deputado Estadual,0,2022
0275,70960,SILVIA DOS REIS,AVANTE,Deputado Estadual,0,2022
0275,70970,KARINA CRISTINA DE OLIVEIRA SILVA SOARES,AVANTE,Deputado Estadual,0,2022
0275,70977,JOSÉ LUIZ DE LIMA,AVANTE,Deputado Estadual,0,2022
0275,70987,EDNEI APARECIDO VALENCIO,AVANTE,Deputado Estadual,0,2022
0275,70988,ROBSON CRISTIANO DE SOUZA,AVANTE,Deputado Estadual,0,2022
0275,70990,ELAINE CRISTINA RODRIGUES,AVANTE,Deputado Estadual,0,2022
0275,70999,HANGELBRT PIRES SOARES,AVANTE,Deputado Estadual,0,2022
0275,77000,ÁTILA CESAR MONTEIRO JACOMUSSI,SOLIDARIEDADE,Deputado Estadual,4,2022
0275,77001,DAVID DOS REIS RODRIGUES SABACIANSKIS,SOLIDARIEDADE,Deputado Estadual,0,2022
0275,77002,VALDINEIA MEIRA MOTA,SOLIDARIEDADE,Deputado Estadual,2,2022
0275,77003,CRISTIANO ALEXANDRE DA SILVA,SOLIDARIEDADE,Deputado Estadual,0,2022
0275,77007,RICARDO DE SOUZA GENOVEZ,SOLIDARIEDADE,Deputado Estadual,0,2022
0275,77008,PAULO MACHADO DA SILVA,SOLIDARIEDADE,Deputado Estadual,0,2022
0275,77010,JONES DONIZETTE SOBRINHO,SOLIDARIEDADE,Deputado Estadual,27,2022
0275,77040,ADILSON DE SOUZA ROCHA,SOLIDARIEDADE,Deputado Estadual,291,2022
0275,77048,ADENILDES ALVES ROCHA,SOLIDARIEDADE,Deputado Estadual,6,2022
0275,77055,FABIANO RUEDA AMORIM,SOLIDARIEDADE,Deputado Estadual,2,2022
0275,77059,ELLEN CRISTINA DE MORAES,SOLIDARIEDADE,Deputado Estadual,0,2022
0275,77073,ALEXANDRA DOS SANTOS MOTA,SOLIDARIEDADE,Deputado Estadual,3,2022
0275,77077,VALDOMIRO NUNES DE QUEIROZ,SOLIDARIEDADE,Deputado Estadual,0,2022
0275,77088,CAIO ALEXANDRE RAMOS FORCEL,SOLIDARIEDADE,Deputado Estadual,0,2022
0275,77111,ELI CORREIA DE MELO,SOLIDARIEDADE,Deputado Estadual,0,2022
0275,77123,VANDERLEY CAVALCANTE DA SILVA,SOLIDARIEDADE,Deputado Estadual,7,2022
0275,77126,ALAN EDUARDO DE PAULA,SOLIDARIEDADE,Deputado Estadual,0,2022
0275,77134,MARIA GORETE DA SILVA,SOLIDARIEDADE,Deputado Estadual,0,2022
0275,77147,GEORGES HABIB JARROUGE,SOLIDARIEDADE,Deputado Estadual,0,2022
0275,77154,FLORISA BATISTA DE ALMEIDA,SOLIDARIEDADE,Deputado Estadual,0,2022
0275,77156,GERALDO NUNES REIS,SOLIDARIEDADE,Deputado Estadual,0,2022
0275,77177,EDSON MUNIS,SOLIDARIEDADE,Deputado Estadual,0,2022
0275,77192,AGNALDO PISCOPO,SOLIDARIEDADE,Deputado Estadual,33,2022
0275,77200,MARISSOL APARECIDA DA SILVA BARROS,SOLIDARIEDADE,Deputado Estadual,0,2022
0275,77215,DEBORA MEIKO IKEJIRI,SOLIDARIEDADE,Deputado Estadual,2,2022
0275,77222,LUCIANO BATISTA,SOLIDARIEDADE,Deputado Estadual,0,2022
0275,77234,JOSE MARIA FELIX,SOLIDARIEDADE,Deputado Estadual,0,2022
0275,77241,MARIA DE LOURDES DO NASCIMENTO NUNES,SOLIDARIEDADE,Deputado Estadual,0,2022
0275,77250,BRIGIDA CAIRES DINARDI,SOLIDARIEDADE,Deputado Estadual,0,2022
0275,77300,GLACIMERE BRITTO DE OLIVEIRA PIMENTA,SOLIDARIEDADE,Deputado Estadual,4,2022
0275,77332,VALDIR SOARES DE ALBUQUERQUE,SOLIDARIEDADE,Deputado Estadual,0,2022
0275,77345,WILLIAM CLEMENTE CORREA,SOLIDARIEDADE,Deputado Estadual,0,2022
0275,77400,LUIZ CARLOS DE MORAES,SOLIDARIEDADE,Deputado Estadual,3,2022
0275,77444,EDSON NASCIMENTO DE OLIVEIRA,SOLIDARIEDADE,Deputado Estadual,0,2022
0275,77458,ANDERSON MARTINS SALGADO,SOLIDARIEDADE,Deputado Estadual,0,2022
0275,77510,ANTONIO ALBERTO DOS REIS,SOLIDARIEDADE,Deputado Estadual,0,2022
0275,77513,JOSÉ ALVIM FILHO,SOLIDARIEDADE,Deputado Estadual,0,2022
0275,77550,BRUNO LUCIANO MEIRA MARTINS,SOLIDARIEDADE,Deputado Estadual,1,2022
0275,77555,MARCELO GOUVEIA NASCIMENTO,SOLIDARIEDADE,Deputado Estadual,1,2022
0275,77566,JAMIL AKIO ONO,SOLIDARIEDADE,Deputado Estadual,5,2022
0275,77567,LAERTE VANDERLEY CORNELIO,SOLIDARIEDADE,Deputado Estadual,0,2022
0275,77577,LUCIMARA SILVEIRA MANHA,SOLIDARIEDADE,Deputado Estadual,0,2022
0275,77600,VALDIR DE ALVARENGA,SOLIDARIEDADE,Deputado Estadual,1,2022
0275,77654,ROBSON ALEXANDRE DE OLIVEIRA,SOLIDARIEDADE,Deputado Estadual,1,2022
0275,77677,VALQUIRO MARTINS BOMFIM,SOLIDARIEDADE,Deputado Estadual,0,2022
0275,77678,ISRAEL SAMPAIO DE LACERDA FILHO,SOLIDARIEDADE,Deputado Estadual,0,2022
0275,77700,LUCAS DE OLIVEIRA,SOLIDARIEDADE,Deputado Estadual,1,2022
0275,77707,ALESSANDRA JULIO PAES,SOLIDARIEDADE,Deputado Estadual,5,2022
0275,77710,RENATA TEODORO DA FONSECA,SOLIDARIEDADE,Deputado Estadual,0,2022
0275,77715,LUIZ CARLOS MAGESTO,SOLIDARIEDADE,Deputado Estadual,0,2022
0275,77724,ANDREIA MARQUETE PASSOS,SOLIDARIEDADE,Deputado Estadual,0,2022
0275,77737,NEZINHO GONÇALVES NUNES,SOLIDARIEDADE,Deputado Estadual,0,2022
0275,77744,EDUARDO SILVA NICOLAU DE SOUZA,SOLIDARIEDADE,Deputado Estadual,0,2022
0275,77747,MAURA DA SILVA BUENO SANTOS,SOLIDARIEDADE,Deputado Estadual,1,2022
0275,77757,JORGE JERONIMO TEIXEIRA DOS SANTOS,SOLIDARIEDADE,Deputado Estadual,0,2022
0275,77770,REGINA DE MATOS COELHO NOGUEIRA,SOLIDARIEDADE,Deputado Estadual,0,2022
0275,77771,TELMA MARIA CARDIA,SOLIDARIEDADE,Deputado Estadual,18,2022
0275,77772,ANA IMACULADA VALERIO,SOLIDARIEDADE,Deputado Estadual,0,2022
0275,77777,ALEXANDRE PEREIRA DA SILVA,SOLIDARIEDADE,Deputado Estadual,30,2022
0275,77787,SÉTIMA MARIA VIEIRA DE ARAUJO,SOLIDARIEDADE,Deputado Estadual,0,2022
0275,77788,HERY WALDIR KATTWINKEL JUNIOR,SOLIDARIEDADE,Deputado Estadual,6,2022
0275,77789,RUBENS DE SOUZA,SOLIDARIEDADE,Deputado Estadual,0,2022
0275,77800,ADENILTON FERREIRA DA SILVA,SOLIDARIEDADE,Deputado Estadual,4,2022
0275,77808,MICHELLE SCOASSADO,SOLIDARIEDADE,Deputado Estadual,0,2022
0275,77880,MARIA NILVA SEVERINO GONÇALVES,SOLIDARIEDADE,Deputado Estadual,1,2022
0275,77888,CARLOS AUGUSTO DOS SANTOS,SOLIDARIEDADE,Deputado Estadual,32,2022
0275,77890,THIAGO FERREIRA ZANI,SOLIDARIEDADE,Deputado Estadual,0,2022
0275,77970,RAIMUNDO LUSTOZA LUCAS,SOLIDARIEDADE,Deputado Estadual,0,2022
0275,77997,MOISES JULIANO MONTIEL,SOLIDARIEDADE,Deputado Estadual,1,2022
0275,77999,LUCIANO APARECIDO MORENO,SOLIDARIEDADE,Deputado Estadual,0,2022
0275,80000,LIGIA MENDES DA SILVA,UP,Deputado Estadual,82,2022
0275,80080,JOÃO GABRIEL COELHO,UP,Deputado Estadual,0,2022
0275,80123,AMANDA OLIVEIRA BISPO,UP,Deputado Estadual,105,2022
0275,90000,NEZIO ANTONIO MONTEIRO FILHO,PROS,Deputado Estadual,0,2022
0275,90005,WELLISSON WESLEY CANDIDO PEIXOTO,PROS,Deputado Estadual,0,2022
0275,90007,ARJUNA DE HUR FRAGA DE ASSUNÇÃO,PROS,Deputado Estadual,0,2022
0275,90009,JOSE CARLOS RICARDO,PROS,Deputado Estadual,0,2022
0275,90011,LUIZ AUGUSTO ROMANI DE OLIVEIRA,PROS,Deputado Estadual,0,2022
0275,90013,ERISVALDO DE SOUSA AGUIAR,PROS,Deputado Estadual,0,2022
0275,90014,ÁKILA SEVERO DE AZEVEDO,PROS,Deputado Estadual,0,2022
0275,90020,EDUARDO JOAQUIM DE OLIVEIRA,PROS,Deputado Estadual,0,2022
0275,90022,CHRISTINA MASSIS DELLA TORRE LEMES,PROS,Deputado Estadual,0,2022
0275,90025,MICHEL CAETANO DE ALBUQUERQUE,PROS,Deputado Estadual,0,2022
0275,90033,MARIA DA GLORIA IBARRA DOS REIS,PROS,Deputado Estadual,0,2022
0275,90050,EDSON MORO JUNIOR,PROS,Deputado Estadual,0,2022
0275,90090,NESTOR FERREIRA DOS SANTOS,PROS,Deputado Estadual,0,2022
0275,90100,CARLOS ALBERTO DE ZAGOTTIS SAAD,PROS,Deputado Estadual,0,2022
0275,90111,ANILTON HERCULINO DOS SANTOS,PROS,Deputado Estadual,0,2022
0275,90123,ALEXANDRE EUGENIO BATISTA,PROS,Deputado Estadual,0,2022
0275,90160,MARJORIE HOSANA CAMARGO MONTEIRO,PROS,Deputado Estadual,0,2022
0275,90192,MARILUCI FELICIANO DE OLIVEIRA GUEDES,PROS,Deputado Estadual,0,2022
0275,90193,IVANISE MARIA DE SOUSA GIAMPAGLIA,PROS,Deputado Estadual,0,2022
0275,90198,LEANDRO CALDAS DE CASTRO,PROS,Deputado Estadual,0,2022
0275,90199,CARLOS AUGUSTO PEREIRA COSTA,PROS,Deputado Estadual,0,2022
0275,90200,OSVALDY MARTINS,PROS,Deputado Estadual,0,2022
0275,90202,ENZO LEONARDO SUZIN MOMENTI,PROS,Deputado Estadual,0,2022
0275,90222,IRANILDO DANTAS,PROS,Deputado Estadual,0,2022
0275,90258,CELSO RICARDO DE MOURA,PROS,Deputado Estadual,0,2022
0275,90300,ARLINDO DE OLIVEIRA CAMARGO,PROS,Deputado Estadual,0,2022
0275,90318,WAGNER IRINEU DA SILVA,PROS,Deputado Estadual,0,2022
0275,90321,JOSÉ IVANILDO MARINHO PINHEIRO,PROS,Deputado Estadual,0,2022
0275,90334,NEILTON LISBOA DOS SANTOS,PROS,Deputado Estadual,0,2022
0275,90354,LUCAS MARCOLINO CORTEZ DOS SANTOS,PROS,Deputado Estadual,0,2022
0275,90454,GERALDO CARDOSO DE JESUS,PROS,Deputado Estadual,0,2022
0275,90478,AMARINILDA JOSÉ CUSTÓDIO,PROS,Deputado Estadual,0,2022
0275,90480,NEIVA ANTONIA MARTINS MARQUES,PROS,Deputado Estadual,0,2022
0275,90500,JOÃO BOSCO LOURENÇO,PROS,Deputado Estadual,0,2022
0275,90533,LUIS CARLOS MESSIAS,PROS,Deputado Estadual,0,2022
0275,90555,JEFFERSON DE JESUS NOGUEIRA,PROS,Deputado Estadual,0,2022
0275,90557,ANTONIO AGNALDO DOS SANTOS,PROS,Deputado Estadual,0,2022
0275,90567,PÂMELA ZÉLIA PAN TONIOLO,PROS,Deputado Estadual,0,2022
0275,90590,DEBORA CRISTINA DA MOTA,PROS,Deputado Estadual,0,2022
0275,90600,VICTOR GUATELLI CAVALCANTE,PROS,Deputado Estadual,0,2022
0275,90666,EBION PEREIRA DA COSTA,PROS,Deputado Estadual,0,2022
0275,90675,ANTONIO LUCIANO DO ROSARIO BARBOSA,PROS,Deputado Estadual,0,2022
0275,90700,MARCIA CRISTINA DOS SANTOS VENTURINI,PROS,Deputado Estadual,0,2022
0275,90707,RAPHAEL DIAS FERNANDES NETO,PROS,Deputado Estadual,0,2022
0275,90722,PAULO JOSE GONÇALVES,PROS,Deputado Estadual,0,2022
0275,90789,ADÃO DA SILVA,PROS,Deputado Estadual,0,2022
0275,90800,GLORIAMAR JACINTHO,PROS,Deputado Estadual,0,2022
0275,90828,ANNE VITORIA DIAS MOTA,PROS,Deputado Estadual,0,2022
0275,90888,HAMILTON ALVES FERNANDES,PROS,Deputado Estadual,0,2022
0275,90889,WALMIR CHARLEAUX BLANCO ESTEVES,PROS,Deputado Estadual,0,2022
0275,90900,AMANDA LIMA DIAS,PROS,Deputado Estadual,0,2022
0275,90901,VIVIANE DA SILVA FERNANDES DE LIMA,PROS,Deputado Estadual,0,2022
0275,90905,CAROLINA CASSACA NOEL,PROS,Deputado Estadual,0,2022
0275,90912,ELENICE MARIA DE OLIVEIRA,PROS,Deputado Estadual,0,2022
0275,90913,ANETE DÁLIA SEABRA SAMPAIO DE SOUZA,PROS,Deputado Estadual,0,2022
0275,90919,BENJAMIN NOEL,PROS,Deputado Estadual,0,2022
0275,90922,ALEX CANUTO DE SÁ CUNHA,PROS,Deputado Estadual,0,2022
0275,90988,PAULO CAINE DOS SANTOS SILVA,PROS,Deputado Estadual,0,2022
0275,90999,RICARDO PELISSARO LOQUETE,PROS,Deputado Estadual,0,2022
0378,10000,JORGE WILSON GONÇALVES DE MATTOS,REPUBLICANOS,Deputado Estadual,418,2022
0378,10001,RALFI RAFAEL DA SILVA,REPUBLICANOS,Deputado Estadual,8,2022
0378,10003,HELIO GERALDO RAMOS JUNIOR,REPUBLICANOS,Deputado Estadual,0,2022
0378,10007,CLEUSA APARECIDA DOS SANTOS,REPUBLICANOS,Deputado Estadual,1,2022
0378,10010,VANESSA GALLONI CARRERA,REPUBLICANOS,Deputado Estadual,1,2022
0378,10011,SONIA APARECIDA GONÇALVES BELARMINO,REPUBLICANOS,Deputado Estadual,0,2022
0378,10014,VIVIAN MAIRA DA SILVA MARCOS SOARES,REPUBLICANOS,Deputado Estadual,0,2022
0378,10017,DANILO CESAR CAMPETTI,REPUBLICANOS,Deputado Estadual,122,2022
0378,10018,CACILDA SANTOS MAGALHÃES,REPUBLICANOS,Deputado Estadual,0,2022
0378,10020,SILVIO ALESSANDER ENCARNAÇÃO,REPUBLICANOS,Deputado Estadual,0,2022
0378,10022,EDSON ANTONIO DE SOUZA,REPUBLICANOS,Deputado Estadual,5,2022
0378,10030,EDNA MARIA VERTELLO SILVA,REPUBLICANOS,Deputado Estadual,1,2022
0378,10033,ROGERIO PEDROSO DE PADUA JUNIOR,REPUBLICANOS,Deputado Estadual,0,2022
0378,10038,CAIQUE MAFRA BARBOSA,REPUBLICANOS,Deputado Estadual,54,2022
0378,10055,IARA FRANCISCA DOS SANTOS,REPUBLICANOS,Deputado Estadual,4,2022
0378,10060,JORGE LUIS DE SOUZA RODRIGUES,REPUBLICANOS,Deputado Estadual,0,2022
0378,10069,WAGNER BERNARDINO DA SILVA,REPUBLICANOS,Deputado Estadual,1,2022
0378,10070,WALTER PEREIRA FERREIRA,REPUBLICANOS,Deputado Estadual,2,2022
0378,10087,MARCO ROBERTO DA SILVA,REPUBLICANOS,Deputado Estadual,64,2022
0378,10099,LEONICE ALVES DA PAZ,REPUBLICANOS,Deputado Estadual,939,2022
0378,10100,AILDO RODRIGUES FERREIRA,REPUBLICANOS,Deputado Estadual,259,2022
0378,10101,EDISON LOURENÇO RICCOMI,REPUBLICANOS,Deputado Estadual,8,2022
0378,10102,RUBI CRUSE,REPUBLICANOS,Deputado Estadual,2,2022
0378,10107,FABIO DE CAMARGO TELLES,REPUBLICANOS,Deputado Estadual,5,2022
0378,10110,ABELARDO WANDERLINO DA COSTA NETO,REPUBLICANOS,Deputado Estadual,8,2022
0378,10111,RUI ALVES SOUZA JUNIOR,REPUBLICANOS,Deputado Estadual,38,2022
0378,10114,VALDECIR SOUZA DOS SANTOS,REPUBLICANOS,Deputado Estadual,25,2022
0378,10120,MARCO ANTONIO ZANONI BUENO,REPUBLICANOS,Deputado Estadual,75,2022
0378,10122,GILSON DE SOUZA,REPUBLICANOS,Deputado Estadual,26,2022
0378,10123,GILMACI DOS SANTOS BARBOSA,REPUBLICANOS,Deputado Estadual,3278,2022
0378,10125,BRIGIDA PINATTI AMATTE,REPUBLICANOS,Deputado Estadual,3,2022
0378,10147,CLAUDIO ERNANI MARCONDES DE MIRANDA,REPUBLICANOS,Deputado Estadual,22,2022
0378,10170,GENILZA MEDEIROS DE CASTRO,REPUBLICANOS,Deputado Estadual,1,2022
0378,10181,LÔIDE CAMILO SOUZA FIUZA DE CARVALHO,REPUBLICANOS,Deputado Estadual,0,2022
0378,10190,HELENA DOS SANTOS REIS,REPUBLICANOS,Deputado Estadual,19,2022
0378,10192,ELTON CARVALHO PORTO,REPUBLICANOS,Deputado Estadual,0,2022
0378,10193,ADEMAR FRANCISCO MARTINS NETO,REPUBLICANOS,Deputado Estadual,5,2022
0378,10196,MAYRA ROSANNA GAMA DE ARAÚJO SILVA DA COSTA,REPUBLICANOS,Deputado Estadual,27,2022
0378,10200,HIGOR DIEGO RALLA,REPUBLICANOS,Deputado Estadual,3160,2022
0378,10202,CLEMILTON ALVES DA SILVA,REPUBLICANOS,Deputado Estadual,35,2022
0378,10220,MARCO AURELIO MOREIRA ROQUE,REPUBLICANOS,Deputado Estadual,2,2022
0378,10222,ÉLITON SOUSA LEITE,REPUBLICANOS,Deputado Estadual,289,2022
0378,10224,MARIA NILZA FERREIRA ALVES,REPUBLICANOS,Deputado Estadual,1,2022
0378,10234,LUIZ CARLOS DONEGÁ NETO,REPUBLICANOS,Deputado Estadual,0,2022
0378,10255,LUIZ ANTONIO DINIZ DE ALMEIDA,REPUBLICANOS,Deputado Estadual,1,2022
0378,10300,RODRIGO FERNANDO NOVELLI,REPUBLICANOS,Deputado Estadual,5,2022
0378,10310,HUGO DANTAS DA SILVA,REPUBLICANOS,Deputado Estadual,0,2022
0378,10317,ROGERIO MOURA TOMAZ,REPUBLICANOS,Deputado Estadual,1,2022
0378,10318,LILIANE HELENA BARBOSA CHIARELLI,REPUBLICANOS,Deputado Estadual,0,2022
0378,10321,SEBASTIÃO DOS SANTOS FILHO,REPUBLICANOS,Deputado Estadual,19,2022
0378,10322,MAURICIO NOGUEIRA DIAS,REPUBLICANOS,Deputado Estadual,0,2022
0378,10333,ALTAIR MORAES DE OLIVEIRA,REPUBLICANOS,Deputado Estadual,48,2022
0378,10345,ABNER DELUQUI ISIDORO,REPUBLICANOS,Deputado Estadual,9,2022
0378,10360,VAGNER FERNANDES DA SILVA,REPUBLICANOS,Deputado Estadual,0,2022
0378,10369,ANDRE GEORGE NERES DE FARIAS,REPUBLICANOS,Deputado Estadual,0,2022
0378,10400,CHAYNI MELO DA SILVA,REPUBLICANOS,Deputado Estadual,3,2022
0378,10422,THIAGO ANTONIO BRIGANO,REPUBLICANOS,Deputado Estadual,11,2022
0378,10444,EDSON JOSÉ BOMBONATTI,REPUBLICANOS,Deputado Estadual,4,2022
0378,10450,PEDRO LUIZ CONTI MARIOZI,REPUBLICANOS,Deputado Estadual,0,2022
0378,10456,EDNA BEZERRA SAMPAIO FERNANDES,REPUBLICANOS,Deputado Estadual,27,2022
0378,10470,ANA CRISTINA DA SILVA COSTA,REPUBLICANOS,Deputado Estadual,0,2022
0378,10500,DOUGLAS ALBERTO SANTOS,REPUBLICANOS,Deputado Estadual,4,2022
0378,10511,CLAUDIO MASANOBU TERASAKA,REPUBLICANOS,Deputado Estadual,1,2022
0378,10550,TOME ABDUCH,REPUBLICANOS,Deputado Estadual,749,2022
0378,10555,VITOR ALEXANDRE RODRIGUES,REPUBLICANOS,Deputado Estadual,15,2022
0378,10600,FLEITAS FIDELES MONTEIRO,REPUBLICANOS,Deputado Estadual,38,2022
0378,10605,CLAUDIA SILVIA MACHADO DA SILVA,REPUBLICANOS,Deputado Estadual,9,2022
0378,10611,CARLOS WEVERTON ORTEGA SANCHES,REPUBLICANOS,Deputado Estadual,3,2022
0378,10666,ELIANA ATTINI PALMIERI,REPUBLICANOS,Deputado Estadual,1,2022
0378,10699,AUREA ROCHA,REPUBLICANOS,Deputado Estadual,3,2022
0378,10700,EDSON PIRES SALOMÃO,REPUBLICANOS,Deputado Estadual,65,2022
0378,10722,VASCO DA GAMA JUNIOR,REPUBLICANOS,Deputado Estadual,2,2022
0378,10770,MARIA APARECIDA ROQUE DE OLIVEIRA,REPUBLICANOS,Deputado Estadual,0,2022
0378,10777,MANOEL BARBOSA DO NASCIMENTO,REPUBLICANOS,Deputado Estadual,201,2022
0378,10780,GERLANY FELISMINO DE LIMA ROCHA,REPUBLICANOS,Deputado Estadual,9,2022
0378,10788,SIDNEY NERY DA SILVA,REPUBLICANOS,Deputado Estadual,2,2022
0378,10789,GILMAR SOUZA DOS SANTOS,REPUBLICANOS,Deputado Estadual,2,2022
0378,10800,MARCELO SQUASSONI,REPUBLICANOS,Deputado Estadual,5,2022
0378,10850,SILMARA APARECIDA DOS REIS CIPRIANO,REPUBLICANOS,Deputado Estadual,0,2022
0378,10852,PAULO ELIAS VICENTE,REPUBLICANOS,Deputado Estadual,0,2022
0378,10855,JOSE SILVIO VALDISSERA,REPUBLICANOS,Deputado Estadual,0,2022
0378,10870,DANIEL PLANA BOGALHO,REPUBLICANOS,Deputado Estadual,3,2022
0378,10888,VLAMIR BERNARDES DA SILVA,REPUBLICANOS,Deputado Estadual,0,2022
0378,10900,MARCOS VINÍCIO BILANCIERI,REPUBLICANOS,Deputado Estadual,6,2022
0378,10910,ANTÔNIO CARLOS DA SILVA,REPUBLICANOS,Deputado Estadual,1,2022
0378,10911,PEDRO RODRIGUES DE MIRANDA NETO,REPUBLICANOS,Deputado Estadual,4,2022
0378,10980,PAULO AUGUSTO LEITE MOTOOKA,REPUBLICANOS,Deputado Estadual,9,2022
0378,10987,SARA MARGARETE DE SOUZA SILVA,REPUBLICANOS,Deputado Estadual,0,2022
0378,10990,REJAINE TEREZA DOS SANTOS MARCHESINI,REPUBLICANOS,Deputado Estadual,1,2022
0378,10999,RICARDO MOLINA DIAS,REPUBLICANOS,Deputado Estadual,108,2022
0378,11000,JEFERSON MODESTO SILVA,PP,Deputado Estadual,16,2022
0378,11001,FABIA DA SILVA PORTO,PP,Deputado Estadual,4,2022
0378,11007,DAVID GONÇALVES MOREIRA,PP,Deputado Estadual,0,2022
0378,11012,FERNANDO CESAR RAMOS,PP,Deputado Estadual,0,2022
0378,11018,EVANDRO GONÇALVES PESSOA,PP,Deputado Estadual,0,2022
0378,11019,LUCIVÂNIA PINHEIRO BARBOSA,PP,Deputado Estadual,137,2022
0378,11022,LETICIA AGUIAR RESENDE ALVES,PP,Deputado Estadual,61,2022
0378,11023,FLAVIO AUGUSTO OLMOS,PP,Deputado Estadual,0,2022
0378,11035,VERA APARECIDA ORTEGA DOS SANTOS,PP,Deputado Estadual,0,2022
0378,11040,EVELLYN JULIANA DA SILVA,PP,Deputado Estadual,0,2022
0378,11045,RODRIGO OTÁVIO SANTOS VELLASCO,PP,Deputado Estadual,0,2022
0378,11050,JOÃO ROBERTO DE SIQUEIRA,PP,Deputado Estadual,1,2022
0378,11060,APARECIDO JOVANIR PENA JUNIOR,PP,Deputado Estadual,0,2022
0378,11100,GUILHERME LAZO SOLANO NETO,PP,Deputado Estadual,15,2022
0378,11110,CARLOS EDUARDO RICATTO,PP,Deputado Estadual,35,2022
0378,11111,JOÃO JORGE FADEL FILHO,PP,Deputado Estadual,100,2022
0378,11119,ANDERSON DOS SANTOS,PP,Deputado Estadual,2,2022
0378,11120,DANIEL JOSÉ MILLER DE AZEVEDO,PP,Deputado Estadual,6,2022
0378,11122,WILSON JOAQUIM DA SILVA,PP,Deputado Estadual,6,2022
0378,11123,AUDREY KLEYS CABRAL DE OLIVEIRA DINAU,PP,Deputado Estadual,6,2022
0378,11125,CAIO FIORI DIAS,PP,Deputado Estadual,46,2022
0378,11181,LUIZ ANTONIO GATO,PP,Deputado Estadual,2,2022
0378,11190,RAFAEL HENRIQUE CANO TELHADA,PP,Deputado Estadual,382,2022
0378,11193,WALKER ISAAC DE SOUSA,PP,Deputado Estadual,7,2022
0378,11200,LETÍCIA DA SILVA GUEDES,PP,Deputado Estadual,3,2022
0378,11211,CARLOS ALBERTO BOARINI,PP,Deputado Estadual,0,2022
0378,11212,HELIO JOSÉ DOS SANTOS,PP,Deputado Estadual,49,2022
0378,11222,SAULO DE OLIVEIRA SOUZA,PP,Deputado Estadual,19,2022
0378,11224,PATRICIA ROSSI CICOTOSTE,PP,Deputado Estadual,0,2022
0378,11225,VALÉRIA CLAYTON REZENDE DE LIMA,PP,Deputado Estadual,2,2022
0378,11227,MARIA APARECIDA DE JESUS,PP,Deputado Estadual,0,2022
0378,11234,FLAVIO ROBERTO SALATINO,PP,Deputado Estadual,4,2022
0378,11245,FABIO ROGERIO FAGUNDES,PP,Deputado Estadual,2,2022
0378,11258,MÁRCIO APARECIDO MARTINS,PP,Deputado Estadual,3,2022
0378,11300,JOSÉ FRANCISCO GALDINO DE CARVALHO,PP,Deputado Estadual,0,2022
0378,11321,ELISANGELA ALCANTARA DA SILVA GONZALEZ,PP,Deputado Estadual,4,2022
0378,11333,JOSE MENDES DE SOUZA NETO BOTA,PP,Deputado Estadual,37,2022
0378,11334,RODRIGO DE PAULA RUIS,PP,Deputado Estadual,9,2022
0378,11345,MITUO TAKAHASI,PP,Deputado Estadual,0,2022
0378,11350,IZABEL CRISTINA DA SILVA ANDRE,PP,Deputado Estadual,0,2022
0378,11377,MARIA DE FÁTIMA SILVA,PP,Deputado Estadual,0,2022
0378,11400,PAULO ROBERTO CASSIOLATO FILHO,PP,Deputado Estadual,0,2022
0378,11444,TIAGO BAUAB BEDANI,PP,Deputado Estadual,6,2022
0378,11445,ARNALDO JOSE MARÍA CANCELA,PP,Deputado Estadual,1,2022
0378,11456,LUCAS DE ASSIS COSTA,PP,Deputado Estadual,3,2022
0378,11470,LEANDRO DE JESUS,PP,Deputado Estadual,0,2022
0378,11490,ELOIZA PEREIRA CORREIA,PP,Deputado Estadual,0,2022
0378,11511,EDSON RODRIGUES CARDOSO,PP,Deputado Estadual,0,2022
0378,11550,LYGIA APARECIDA FAZIO DE OLIVEIRA,PP,Deputado Estadual,0,2022
0378,11555,EZEQUIEL DE SOUZA DAMASCENO,PP,Deputado Estadual,5,2022
0378,11560,LINDINALVA ZEFERINO DE AZEVEDO,PP,Deputado Estadual,1,2022
0378,11567,HENRIQUE GOMES DE LIMA,PP,Deputado Estadual,63,2022
0378,11571,WELLINGTON WILLIAN DO NASCIMENTO SALES,PP,Deputado Estadual,0,2022
0378,11600,MARCIA APARECIDA TASCHETTI,PP,Deputado Estadual,1,2022
0378,11611,ADRIANA APARECIDA FELIX,PP,Deputado Estadual,14,2022
0378,11650,LUCIAUREA CORREIA DOS SANTOS,PP,Deputado Estadual,0,2022
0378,11660,RENATO DE OLIVEIRA ZUCOLOTO,PP,Deputado Estadual,1,2022
0378,11680,MARCELO LEANDRO BRAGA PALINI,PP,Deputado Estadual,4,2022
0378,11700,MARCELO RIBEIRO COSTA,PP,Deputado Estadual,3,2022
0378,11777,ANTONIO ASSUNÇÃO DE OLIM,PP,Deputado Estadual,493,2022
0378,11800,FERNANDO SIQUEIRA MUNIZ,PP,Deputado Estadual,0,2022
0378,11877,EDUARDO OLIVEIRA DE ARAUJO,PP,Deputado Estadual,0,2022
0378,11888,DANIELA DE OLIVEIRA SOUZA SOUTO,PP,Deputado Estadual,11,2022
0378,11890,ALBERTO SABINO DE OLIVEIRA,PP,Deputado Estadual,0,2022
0378,11900,KLEBER FERREIRA MARUXO,PP,Deputado Estadual,10,2022
0378,11911,EDYMAR BUENO,PP,Deputado Estadual,0,2022
0378,11972,BENEDITO TORRES BARRETO,PP,Deputado Estadual,3,2022
0378,11999,WAGNER RODRIGUES,PP,Deputado Estadual,1,2022
0378,12000,VICTOR HENRIQUE MARQUES,PDT,Deputado Estadual,48,2022
0378,12001,SOLANGE MARIA TEODORO,PDT,Deputado Estadual,3,2022
0378,12002,EDINEIA PRADO DA COSTA,PDT,Deputado Estadual,0,2022
0378,12003,MARCO ANTONIO ALVES JORGE,PDT,Deputado Estadual,1,2022
0378,12007,CLAUDIO JOSÉ DE OLIVEIRA GONÇALVES,PDT,Deputado Estadual,3,2022
0378,12008,PATRYCIA FACIOLO DOS SANTOS,PDT,Deputado Estadual,0,2022
0378,12012,DANIELA APARECIDA RODRIGUEIRO,PDT,Deputado Estadual,4,2022
0378,12013,DANIELLE MARINHO RABELO,PDT,Deputado Estadual,6,2022
0378,12014,JEFFERSON RODRIGO GOMES DA SILVA,PDT,Deputado Estadual,0,2022
0378,12016,MARIA EUGENIA UGUCIONE BIFFI,PDT,Deputado Estadual,6,2022
0378,12021,SANDRA NAVAJAS,PDT,Deputado Estadual,0,2022
0378,12022,GABRIEL COSTA PLACCE,PDT,Deputado Estadual,1,2022
0378,12028,PAULO ROGÉRIO DA SILVA,PDT,Deputado Estadual,0,2022
0378,12033,ADRIANA GOMES,PDT,Deputado Estadual,12,2022
0378,12050,ANTONIO FERNANDO PEREIRA,PDT,Deputado Estadual,1,2022
0378,12051,CÍCERO JUSTINO DA SILVA,PDT,Deputado Estadual,0,2022
0378,12054,SANDRA HELENA CANDIDO DOS SANTOS,PDT,Deputado Estadual,0,2022
0378,12077,MARCIO AURELIO SOARES,PDT,Deputado Estadual,0,2022
0378,12100,ALEXSANDRA OLIVEIRA BEZERRA,PDT,Deputado Estadual,6,2022
0378,12101,FLÁVIA APARECIDA RODRIGUES,PDT,Deputado Estadual,0,2022
0378,12111,LEONORA DA SILVA PÉRICO,PDT,Deputado Estadual,4,2022
0378,12112,FERNANDO DOS SANTOS MOURA,PDT,Deputado Estadual,11,2022
0378,12120,JOÃO VICTOR MATTA DIAS FERREIRA,PDT,Deputado Estadual,5,2022
0378,12121,PAULA MAYARA DARRÔ MARTINS ROCHA FILZEK,PDT,Deputado Estadual,18,2022
0378,12122,GILBERTO APARECIDO BORGES,PDT,Deputado Estadual,23,2022
0378,12123,DOUGLAS AUGUSTO PINHEIRO DE OLIVEIRA,PDT,Deputado Estadual,19,2022
0378,12124,AIRTON DA COSTA LOURENÇO,PDT,Deputado Estadual,1,2022
0378,12125,NUBIA DE JESUS SANTOS,PDT,Deputado Estadual,1,2022
0378,12126,ELISANGELA RODRIGUES DE SOUSA,PDT,Deputado Estadual,18,2022
0378,12131,ARNALDO REISDECOPA NASCIMENTO,PDT,Deputado Estadual,1,2022
0378,12156,EUGÊNIO MIRANDA,PDT,Deputado Estadual,1,2022
0378,12180,NAYLA DE SOUZA,PDT,Deputado Estadual,45,2022
0378,12190,MARCELO AFONSO PIMENTA,PDT,Deputado Estadual,0,2022
0378,12200,WILSON KELLER DE MATOS,PDT,Deputado Estadual,777,2022
0378,12202,SIVALDO DE JESUS,PDT,Deputado Estadual,0,2022
0378,12212,NEUDES RIBEIRO DE CARVALHO,PDT,Deputado Estadual,7,2022
0378,12222,ANTONIO DA ROCHA MARMO CEZAR,PDT,Deputado Estadual,24,2022
0378,12234,JOSUÉ GONÇALVES,PDT,Deputado Estadual,0,2022
0378,12240,ADRIANO NERES DE OLIVEIRA,PDT,Deputado Estadual,1,2022
0378,12244,RENAN FONSECA DA SILVA,PDT,Deputado Estadual,0,2022
0378,12277,MARCIO ALEXANDRE BARRETO,PDT,Deputado Estadual,0,2022
0378,12300,ANTONIO CARLOS TRIGO,PDT,Deputado Estadual,3,2022
0378,12307,MIRELLE CRISTINA DE SOUZA BUENO,PDT,Deputado Estadual,0,2022
0378,12310,ATAIDE ROBERTO DA SILVA JUNIOR,PDT,Deputado Estadual,3,2022
0378,12311,PAULO HENRIQUE RIBEIRO FLORIANO,PDT,Deputado Estadual,1,2022
0378,12312,ADOLFO BASSO,PDT,Deputado Estadual,24,2022
0378,12321,CASEMIRO DOS REIS JÚNIOR,PDT,Deputado Estadual,185,2022
0378,12333,PAULO ALEXANDRE ZEMUNER MASCARO,PDT,Deputado Estadual,9,2022
0378,12340,MAGALI RABELLO ROCHA,PDT,Deputado Estadual,1,2022
0378,12344,RAMILSON DE FREITAS PEREIRA,PDT,Deputado Estadual,3,2022
0378,12345,MÁRCIO MASSAMI NAKASHIMA,PDT,Deputado Estadual,151,2022
0378,12357,ROSA MARIA DA SILVA CLIMACO,PDT,Deputado Estadual,1,2022
0378,12363,EZEQUIEL DE ARAÚJO SILVA,PDT,Deputado Estadual,2,2022
0378,12366,MANOEL JOSÉ DA SILVA,PDT,Deputado Estadual,0,2022
0378,12369,ALEXSANDER MELO BUENO,PDT,Deputado Estadual,2,2022
0378,12377,LUIS CARLOS DE SOUZA,PDT,Deputado Estadual,0,2022
0378,12388,CINTIA APARECIDA DE MATOS,PDT,Deputado Estadual,0,2022
0378,12400,CESAR MICHELON LOUREIRO SANTANA,PDT,Deputado Estadual,10,2022
0378,12412,JOAQUIM MARCELINO JOFFRE NETO,PDT,Deputado Estadual,0,2022
0378,12422,GILMAR FERNANDES DE MELO,PDT,Deputado Estadual,2,2022
0378,12443,VERÔNICA EVANGELISTA DOS SANTOS,PDT,Deputado Estadual,0,2022
0378,12444,BRUNO DE OLIVEIRA ALVES,PDT,Deputado Estadual,2,2022
0378,12456,RAI SAYLON DE PAULA RIBEIRO,PDT,Deputado Estadual,8,2022
0378,12500,FERNANDO PEREIRA SIRCHIA JUNIOR,PDT,Deputado Estadual,0,2022
0378,12512,SIDNEI TAVARES MEDEIROS,PDT,Deputado Estadual,0,2022
0378,12555,ROBINSON FARINAZZO CASAL,PDT,Deputado Estadual,67,2022
0378,12600,JUSSARA APARECIDA FERNANDES,PDT,Deputado Estadual,7,2022
0378,12612,DEJANIRA VICENCIA SANTOS ALVES,PDT,Deputado Estadual,0,2022
0378,12622,SANDRA MARIA DOS SANTOS,PDT,Deputado Estadual,0,2022
0378,12645,LEONARDO LORO MARTINS PINTO,PDT,Deputado Estadual,8,2022
0378,12666,JAIRO ANZILEIRO,PDT,Deputado Estadual,0,2022
0378,12678,JHONY ANTONIO BARBOZA,PDT,Deputado Estadual,0,2022
0378,12700,WINNITU DIEGO DA SILVA TOZADORE,PDT,Deputado Estadual,0,2022
0378,12712,OSVALDO GOMES DE LIMA,PDT,Deputado Estadual,0,2022
0378,12720,RAFAEL TURRINI PURGATO,PDT,Deputado Estadual,3,2022
0378,12723,CARLA DENISE BAPTISTA LEOPOLDO,PDT,Deputado Estadual,0,2022
0378,12735,ANGELO SCAVASSINI NETO,PDT,Deputado Estadual,0,2022
0378,12736,JOSÉ NELSON DA SILVA,PDT,Deputado Estadual,0,2022
0378,12737,JHONATAN WILLIAM OLIVEIRA DO NASCIMENTO,PDT,Deputado Estadual,3,2022
0378,12750,GILBERTO JEFFERSON DE BARROS,PDT,Deputado Estadual,8,2022
0378,12770,LUCINEIDE CRUZ ALVES,PDT,Deputado Estadual,2,2022
0378,12777,PEDRO JOSÉ DE PAULA,PDT,Deputado Estadual,266,2022
0378,12789,RAFAEL COSTA AMADEU,PDT,Deputado Estadual,0,2022
0378,12800,MARCELO DE MELLO CASSUCCI,PDT,Deputado Estadual,4,2022
0378,12812,EDMILSON PINTO CARDOZO,PDT,Deputado Estadual,0,2022
0378,12888,CRISTIANE AQUINO PASTOR,PDT,Deputado Estadual,1,2022
0378,12900,EVELYN CRISTINA FERREIRA PAULA,PDT,Deputado Estadual,1,2022
0378,12912,MARCIO DE ALMEIDA PINO,PDT,Deputado Estadual,0,2022
0378,12990,ALESSANDRO FAUSTINO MARTINS,PDT,Deputado Estadual,6,2022
0378,12999,EDNELSON PACHECO FERREIRA,PDT,Deputado Estadual,5,2022
0378,13000,ALESSANDRO CÉZAR ARAÚJO AZEVEDO,PT,Deputado Estadual,160,2022
0378,13003,DOUGLAS MARTINS DE SOUZA,PT,Deputado Estadual,6,2022
0378,13004,TELMA SANDRA AUGUSTO DE SOUZA,PT,Deputado Estadual,12,2022
0378,13011,MARIO MAURICI DE LIMA MORAIS,PT,Deputado Estadual,132,2022
0378,13013,ALEXYA LUCAS EVANGELISTA SALVADOR,PT,Deputado Estadual,50,2022
0378,13016,THAINARA KAROLINE FARIA,PT,Deputado Estadual,1910,2022
0378,13019,JOÃO GUILHERME BENETTI RAMOS,PT,Deputado Estadual,23,2022
0378,13066,ADÉLIA OLIVEIRA DE FARIAS,PT,Deputado Estadual,157,2022
0378,13100,GARRY DERALUS,PT,Deputado Estadual,8,2022
0378,13110,TEONÍLIO MONTEIRO DA COSTA,PT,Deputado Estadual,35,2022
0378,13112,EVELYN SILVA DO NASCIMENTO VICENTE DA SILVA,PT,Deputado Estadual,3619,2022
0378,13113,MARCIA APARECIDA OVEJANEDA LIA,PT,Deputado Estadual,171,2022
0378,13114,ENIO FRANCISCO TATTO,PT,Deputado Estadual,28,2022
0378,13120,CARLOS ROBERTO DE OLIVEIRA,PT,Deputado Estadual,1339,2022
0378,13121,ANA LUCIA LIPPAUS PERUGINI,PT,Deputado Estadual,2534,2022
0378,13123,MARIA IZABEL AZEVEDO NORONHA,PT,Deputado Estadual,556,2022
0378,13127,BRUNO RAMOS DA SILVA,PT,Deputado Estadual,9,2022
0378,13130,FERNANDO SOUZA PUGA,PT,Deputado Estadual,35,2022
0378,13131,EMIDIO PEREIRA DE SOUZA,PT,Deputado Estadual,211,2022
0378,13133,EDUARDO MATARAZZO SUPLICY,PT,Deputado Estadual,2862,2022
0378,13134,LUIZ FERNANDO TEIXEIRA FERREIRA,PT,Deputado Estadual,185,2022
0378,13140,JORGE RODRIGO VALVERDE SANTANA,PT,Deputado Estadual,4,2022
0378,13147,MARIANA ROSSETO SANTOS,PT,Deputado Estadual,17,2022
0378,13180,MARIA EDUARDA ALENCAR HIDALGO,PT,Deputado Estadual,83,2022
0378,13192,MARCOS MONTANI CASEIRO,PT,Deputado Estadual,20,2022
0378,13199,PAOLLA CATHERINE DOS SANTOS MIGUEL AGARD,PT,Deputado Estadual,2936,2022
0378,13200,CONSTANTINO CURY NETO,PT,Deputado Estadual,10,2022
0378,13222,JULIANA FRAGA E SILVA DE SOUZA,PT,Deputado Estadual,35,2022
0378,13234,JOSÉ WILSON CARDOSO DE SOUZA,PT,Deputado Estadual,0,2022
0378,13258,ESTELA ALEXANDRE ALMAGRO,PT,Deputado Estadual,8,2022
0378,13270,THIAGO HENRIQUE MAIA SORATTO,PT,Deputado Estadual,19,2022
0378,13290,LEANDRO CÂNDIDO SOARES,PT,Deputado Estadual,750,2022
0378,13300,WAGNER DE MELO ROMÃO,PT,Deputado Estadual,708,2022
0378,13301,ROMILDO ANTONIO DA SILVA,PT,Deputado Estadual,13,2022
0378,13310,LUIZ CLAUDIO MARCOLINO,PT,Deputado Estadual,415,2022
0378,13313,RENATO MORENI AIRES DA SILVA,PT,Deputado Estadual,12,2022
0378,13321,HERIVELTO DOS SANTOS MORAES,PT,Deputado Estadual,3,2022
0378,13330,ALEX SANDRO GOMES,PT,Deputado Estadual,23,2022
0378,13331,VERA LUCIA RODRIGUES DE FARIA,PT,Deputado Estadual,873,2022
0378,13333,THAISE BEZERRA PACHECO SANTOS,PT,Deputado Estadual,59,2022
0378,13360,MIRIAM MANETTA ALGARRA,PT,Deputado Estadual,9,2022
0378,13400,CHEILA MARIA SUBENKO OLALLA,PT,Deputado Estadual,38,2022
0378,13413,JOÃO ALFREDO DE OLIVEIRA,PT,Deputado Estadual,1,2022
0378,13444,EDNA DA SILVA DELLA NINA,PT,Deputado Estadual,11,2022
0378,13456,ELISABETH SAHÃO,PT,Deputado Estadual,41,2022
0378,13500,ANDREIA TEIXEIRA BATISTA,PT,Deputado Estadual,25,2022
0378,13513,CAROLINA MALAVAZZI GALVÃO,PT,Deputado Estadual,11,2022
0378,13545,APARECIDA DA GRAÇA CARLOS,PT,Deputado Estadual,2,2022
0378,13555,SIMÃO PEDRO CHIOVETTI,PT,Deputado Estadual,94,2022
0378,13580,CARLOS ALBERTO MARCOS,PT,Deputado Estadual,29,2022
0378,13600,MARLY GOMES CALDAS,PT,Deputado Estadual,3,2022
0378,13613,PAULO ROBERTO FIORILO,PT,Deputado Estadual,40,2022
0378,13616,JOSEMUNDO DARIO QUEIROZ,PT,Deputado Estadual,12,2022
0378,13650,MARCELO RIBEIRO DA SILVA,PT,Deputado Estadual,5,2022
0378,13651,PAULO BATISTA DOS REIS,PT,Deputado Estadual,398,2022
0378,13654,JANDYRA MASSUE UEHARA ALVES,PT,Deputado Estadual,619,2022
0378,13696,CHRISTIANE GRACE GUIMARÃES DA SILVA,PT,Deputado Estadual,0,2022
0378,13700,ANTONIO DONATO MADORMO,PT,Deputado Estadual,216,2022
0378,13713,ROMULO ORNELAS DE OLIVEIRA,PT,Deputado Estadual,12,2022
0378,13777,ALMIR ROGERIO DA SILVA,PT,Deputado Estadual,7,2022
0378,13789,ROMULO CESAR FERNANDES,PT,Deputado Estadual,14,2022
0378,13800,JORGE DO CARMO SILVA,PT,Deputado Estadual,1451,2022
0378,13877,JANETE ROCHA PIETÁ,PT,Deputado Estadual,1,2022
0378,13888,FRANCISCA NILMAR ARRAES MANOEL,PT,Deputado Estadual,7,2022
0378,13900,JULIANA SOARES DO NASCIMENTO,PT,Deputado Estadual,40,2022
0378,14000,JOSE CARLOS BERNARDI,PTB,Deputado Estadual,0,2022
0378,14001,EVANDRO PEREIRA DOS REIS,PTB,Deputado Estadual,0,2022
0378,14002,CRISTINA ALVES DE GODOY,PTB,Deputado Estadual,0,2022
0378,14003,PANAGIOTIS SERAFIM SPANOS,PTB,Deputado Estadual,0,2022
0378,14004,CRISTINA DOS SANTOS,PTB,Deputado Estadual,0,2022
0378,14005,LILIANE DURCE,PTB,Deputado Estadual,0,2022
0378,14006,GILBERTO MARQUES DO COUTO,PTB,Deputado Estadual,0,2022
0378,14007,RICARDO CRUZ DE REZENDE PAOLIELLO,PTB,Deputado Estadual,0,2022
0378,14009,CARLOS RICARDO CEOLONI,PTB,Deputado Estadual,0,2022
0378,14010,EDUARDO FRANCISCO DE MELO,PTB,Deputado Estadual,0,2022
0378,14011,PAULO SERGIO MOREIRA MELLO,PTB,Deputado Estadual,0,2022
0378,14012,LILIAN RENATA GARCIA VIEIRA MEDEIROS,PTB,Deputado Estadual,0,2022
0378,14013,ALAELSON ALVES DA SILVA,PTB,Deputado Estadual,0,2022
0378,14014,EDISON LUCIANO KLIMAN BENEDITO,PTB,Deputado Estadual,0,2022
0378,14015,MARIA DO ROSARIO ALMEIDA,PTB,Deputado Estadual,0,2022
0378,14016,CHARLES DOS SANTOS PEREIRA,PTB,Deputado Estadual,0,2022
0378,14017,PAULO CESAR DA SILVA SANT ANA,PTB,Deputado Estadual,0,2022
0378,14019,AHMED TARIQUE TOMBOUCTOU AGIO,PTB,Deputado Estadual,0,2022
0378,14020,GILBERTO MEGDA,PTB,Deputado Estadual,0,2022
0378,14021,MAGDA DOS SANTOS CABRAL,PTB,Deputado Estadual,0,2022
0378,14022,WASHINGTON JOSE DA CRUZ,PTB,Deputado Estadual,0,2022
0378,14032,AFONSO MARIA SILVA SALES,PTB,Deputado Estadual,0,2022
0378,14033,ANGELA TORRES PRADO,PTB,Deputado Estadual,0,2022
0378,14038,PAULO HUGENNEYER KOGOS,PTB,Deputado Estadual,0,2022
0378,14039,NURIA DANIELA GALLÃO ARTHUZO,PTB,Deputado Estadual,0,2022
0378,14040,LUIS FERNANDO DA SILVA,PTB,Deputado Estadual,0,2022
0378,14041,VERA LUCIA SOVERAL DA SILVEIRA,PTB,Deputado Estadual,0,2022
0378,14044,MARCOS VITOR LESSA,PTB,Deputado Estadual,0,2022
0378,14045,VIOLETA FILOMENA DACCACHE,PTB,Deputado Estadual,0,2022
0378,14046,MARCELO OLIVEIRA ROSADO,PTB,Deputado Estadual,0,2022
0378,14049,ROSYMEIRE DE SOUZA LEITE RODRIGUES,PTB,Deputado Estadual,0,2022
0378,14050,MARIA RISOLETA ESTRELA DOS SANTOS,PTB,Deputado Estadual,0,2022
0378,14060,DENIVIA ROSA DOS SANTOS OLIVEIRA,PTB,Deputado Estadual,0,2022
0378,14088,MARCELO CRISTIANO REIS,PTB,Deputado Estadual,0,2022
0378,14099,IOLANDA REGINA ALVES FRONTEROTTA,PTB,Deputado Estadual,0,2022
0378,14100,JOSE VANDERLEI MACHADO,PTB,Deputado Estadual,0,2022
0378,14108,ANTONIO DA SILVA E SOUZA,PTB,Deputado Estadual,0,2022
0378,14110,WENDELL BRAZ NICOLICHE,PTB,Deputado Estadual,0,2022
0378,14111,ALEXANDRE GONÇALVES DEMETRIO ZAHRA,PTB,Deputado Estadual,0,2022
0378,14112,EDILSON GUARNIERI,PTB,Deputado Estadual,0,2022
0378,14114,MARIA ADALZIRA RIBEIRO ORTIZ,PTB,Deputado Estadual,0,2022
0378,14115,MOISES GOMES DO NASCIMENTO,PTB,Deputado Estadual,0,2022
0378,14121,ROBERTO CARLOS DE ALMEIDA,PTB,Deputado Estadual,0,2022
0378,14122,CLODOALDO ALVES DE AMORIM,PTB,Deputado Estadual,0,2022
0378,14123,GUILHERME CESAR ZAFANI,PTB,Deputado Estadual,0,2022
0378,14124,MARCELO COSTA MORAES,PTB,Deputado Estadual,0,2022
0378,14125,ADA HENRIQUE XAVIER,PTB,Deputado Estadual,0,2022
0378,14128,ADRIANO DE BARROS CARUSO,PTB,Deputado Estadual,0,2022
0378,14130,AUDREY ANA MARCONDES GOGLIANO,PTB,Deputado Estadual,0,2022
0378,14141,ADAUTO VIANA JUNIOR,PTB,Deputado Estadual,0,2022
0378,14143,NOEMIA VIEIRA FONSECA,PTB,Deputado Estadual,0,2022
0378,14162,ANTONIO BERALDO ALVES,PTB,Deputado Estadual,0,2022
0378,14177,CLAUDIO AUGUSTO PEREIRA,PTB,Deputado Estadual,0,2022
0378,14190,MARCOS ROGERIO MANTEIGA,PTB,Deputado Estadual,0,2022
0378,14193,DEYCON FRANCISCO DA SILVA,PTB,Deputado Estadual,0,2022
0378,14200,RENATO SALVADOR MARTINS,PTB,Deputado Estadual,0,2022
0378,14221,LINDEMBERG MELO GONCALVES,PTB,Deputado Estadual,0,2022
0378,14222,FLAVIO RICARDO BEALL,PTB,Deputado Estadual,0,2022
0378,14244,LUCAS ANTUNES,PTB,Deputado Estadual,0,2022
0378,14245,PATRICIA MARIA DE MELO ZANOTTI MONTILHA,PTB,Deputado Estadual,0,2022
0378,14250,EMERSON PEREIRA BATISTA,PTB,Deputado Estadual,0,2022
0378,14300,DENE IRENO DE SOUSA,PTB,Deputado Estadual,0,2022
0378,14321,SIMONE APARECIDA NASCIMENTO DA CONCEIÇÃO,PTB,Deputado Estadual,0,2022
0378,14400,NELSON ROBERTO GRITTI,PTB,Deputado Estadual,0,2022
0378,14422,VALERIA CRISTINA RODRIGUES,PTB,Deputado Estadual,0,2022
0378,14441,GABRIEL SILVA GOMES,PTB,Deputado Estadual,0,2022
0378,14444,MANOEL LOPES FERREIRA JUNIOR,PTB,Deputado Estadual,0,2022
0378,14455,SERGIO ANTONIO,PTB,Deputado Estadual,0,2022
0378,14456,GIOVANA LIMA DE AGUIAR,PTB,Deputado Estadual,0,2022
0378,14457,PAULO ROBERTO TORRES GALINDO,PTB,Deputado Estadual,0,2022
0378,14500,CRISTINA APARECIDA TEIXEIRA CORDEIRO DE JESUS,PTB,Deputado Estadual,0,2022
0378,14522,RODRIGO RODRIGUES PEDROSO,PTB,Deputado Estadual,0,2022
0378,14550,JOSE MARCIO DE CAMPOS,PTB,Deputado Estadual,0,2022
0378,14555,MARCO AURELIO MIETO DOMINGUES,PTB,Deputado Estadual,0,2022
0378,14567,LILIANE MARIA DA SILVA PAES,PTB,Deputado Estadual,0,2022
0378,14580,MARIA DE JESUS LOPES MARTINS SILVA,PTB,Deputado Estadual,0,2022
0378,14617,CECILIA RANIELE ROSAL SALVADOR,PTB,Deputado Estadual,0,2022
0378,14620,GILSON MOREIRA,PTB,Deputado Estadual,0,2022
0378,14624,CARLOS ALBERTO VIDAL TONON JUNIOR,PTB,Deputado Estadual,0,2022
0378,14699,SIDINEI GIRON,PTB,Deputado Estadual,0,2022
0378,14700,GILBERTO SOARES PINHEIRO,PTB,Deputado Estadual,0,2022
0378,14701,MARCELINO SILVA,PTB,Deputado Estadual,0,2022
0378,14714,KARINA PAULA DE SOUZA OLIVEIRA MARTINS,PTB,Deputado Estadual,0,2022
0378,14772,WILLIAM APARECIDO DE SOUZA,PTB,Deputado Estadual,0,2022
0378,14775,CASSIO LUIZ DE OLIVEIRA,PTB,Deputado Estadual,0,2022
0378,14777,AGEU DA CRUZ ALMEIDA,PTB,Deputado Estadual,0,2022
0378,14789,GERALDO APARECIDO MENDES,PTB,Deputado Estadual,0,2022
0378,14800,MÔNICA PRADO,PTB,Deputado Estadual,0,2022
0378,14822,CLAUDIO LUIS CAIVANO,PTB,Deputado Estadual,0,2022
0378,14851,JURACILDE DE LIMA PINTO,PTB,Deputado Estadual,0,2022
0378,14888,AVEDIS GOGENHAN,PTB,Deputado Estadual,0,2022
0378,14900,VALDINEI CAMPELO FELIX,PTB,Deputado Estadual,0,2022
0378,14961,MARIA ALICE TANIGUSHI,PTB,Deputado Estadual,0,2022
0378,14999,APARECIDO MOREIRA DA SILVA,PTB,Deputado Estadual,0,2022
0378,15000,JORGE LUIS CARUSO,MDB,Deputado Estadual,69,2022
0378,15001,HUGO MOREIRA SANTOS,MDB,Deputado Estadual,27,2022
0378,15009,AUDEIDE CARDOSO,MDB,Deputado Estadual,1,2022
0378,15012,BRUNO DE SOUSA ALVES,MDB,Deputado Estadual,0,2022
0378,15013,HILDON DE OLIVEIRA ROCHA,MDB,Deputado Estadual,0,2022
0378,15014,DANIELE SOUZA AKAMINE,MDB,Deputado Estadual,0,2022
0378,15015,MOHAMED AHMED YOUSSEF,MDB,Deputado Estadual,3,2022
0378,15017,FERNANDA DA GLÓRIA GOMES,MDB,Deputado Estadual,0,2022
0378,15019,LUIS FELIPE SILVEIRA AMANCIO TORELLA D AVILA,MDB,Deputado Estadual,1,2022
0378,15022,ANGELA OROSCO DE MELO,MDB,Deputado Estadual,10,2022
0378,15023,SUENIRA TEIXEIRA PINTO,MDB,Deputado Estadual,2,2022
0378,15030,CLAUDETE FERREIRA DA SILVA,MDB,Deputado Estadual,3,2022
0378,15040,LUIZ CARLOS DE PAULA,MDB,Deputado Estadual,4,2022
0378,15050,ANDRÉ LUIZ BARBEZANI,MDB,Deputado Estadual,2,2022
0378,15051,LEONARDO FRANCISCO SAMPAIO DE SOUZA FILHO,MDB,Deputado Estadual,1,2022
0378,15060,ZORAIDA MARIA LOBATO VIOTTI,MDB,Deputado Estadual,1,2022
0378,15070,ALLI AHMAD MAJDOUB,MDB,Deputado Estadual,0,2022
0378,15090,SAMUEL DE JESUS SANTOS PEREIRA,MDB,Deputado Estadual,0,2022
0378,15100,GILMAR RAIMUNDO LUCAS,MDB,Deputado Estadual,0,2022
0378,15111,HENRIQUE DE ALMEIDA BASANO,MDB,Deputado Estadual,2,2022
0378,15112,ROSELEI APARECIDO FRANÇOSO,MDB,Deputado Estadual,2,2022
0378,15115,MARCUS VINICIUS DE ALMEIDA FERREIRA,MDB,Deputado Estadual,0,2022
0378,15117,JOSEFA ANADETE DOS SANTOS SILVA,MDB,Deputado Estadual,2,2022
0378,15121,ANDRE CESAR COSTA,MDB,Deputado Estadual,314,2022
0378,15122,MARIA CRISTIANE PINHEIRO,MDB,Deputado Estadual,2,2022
0378,15123,OCIMAR DONIZETI LEO OLIVEIRA,MDB,Deputado Estadual,10,2022
0378,15130,FERNANDO RAMOS,MDB,Deputado Estadual,0,2022
0378,15133,LILIAN APARECIDA DE PAULA,MDB,Deputado Estadual,0,2022
0378,15144,EVERSON MARCOS DE OLIVEIRA,MDB,Deputado Estadual,7,2022
0378,15150,DIEGO LOPES DEL RIO,MDB,Deputado Estadual,60,2022
0378,15151,GIULIANO GRISO,MDB,Deputado Estadual,4,2022
0378,15153,CÍCERO LUIZ DE BRITO,MDB,Deputado Estadual,3,2022
0378,15155,EDIMAR CANDIDO DE LIMA,MDB,Deputado Estadual,3,2022
0378,15157,CASSIANE DE MELO FERNANDES,MDB,Deputado Estadual,1,2022
0378,15158,ANDRÉA DE PAULA SANTOS,MDB,Deputado Estadual,5,2022
0378,15177,ALEXANDRE DE OLIVEIRA,MDB,Deputado Estadual,8,2022
0378,15180,JAQUELINE LILIAN BARCELOS COUTINHO,MDB,Deputado Estadual,3,2022
0378,15190,SANDRA CANDIDO MORETTI,MDB,Deputado Estadual,95,2022
0378,15200,CAIO VINICIUS DE MOURA LUZ,MDB,Deputado Estadual,11,2022
0378,15215,MARCOS RIBEIRO DA COSTA,MDB,Deputado Estadual,0,2022
0378,15220,PHILIPE DE PAULA DA SILVA,MDB,Deputado Estadual,4,2022
0378,15222,FERNANDO MARTINS DOS SANTOS,MDB,Deputado Estadual,9,2022
0378,15256,MARCOS ANTONIO GONÇALVES DA SILVA,MDB,Deputado Estadual,0,2022
0378,15270,NIQUEIAS FERREIRA BORGES,MDB,Deputado Estadual,0,2022
0378,15277,PLAUTO JOSE RIBEIRO HOLTZ MORAES,MDB,Deputado Estadual,0,2022
0378,15300,ITAMAR FRANCISCO MACHADO BORGES,MDB,Deputado Estadual,126,2022
0378,15315,ADEMIR MARTINS BOAVENTURA,MDB,Deputado Estadual,8,2022
0378,15333,ALLINY FERNANDA SARTORI PADALINO ROGÉRIO,MDB,Deputado Estadual,18,2022
0378,15339,RODNEY DE PAIVA,MDB,Deputado Estadual,0,2022
0378,15345,MARCELO COSTA DEL BOSCO AMARAL,MDB,Deputado Estadual,3,2022
0378,15363,JOSÉ ROGERIO SOARES DOS SANTOS,MDB,Deputado Estadual,183,2022
0378,15400,CELIA APARECIDA DA CRUZ OLIVEIRA MENEZES,MDB,Deputado Estadual,7,2022
0378,15432,IVONE MOREIRA SANTOS,MDB,Deputado Estadual,0,2022
0378,15451,LUCIENE PEREIRA FRANCO,MDB,Deputado Estadual,0,2022
0378,15456,JOSÉ AGRIPINO DA SILVA,MDB,Deputado Estadual,2,2022
0378,15500,MARIA DO CARMO GUILHERME,MDB,Deputado Estadual,11,2022
0378,15515,OSMARIO SILVA,MDB,Deputado Estadual,1,2022
0378,15522,DANIEL GIROTTO,MDB,Deputado Estadual,3,2022
0378,15525,ROSANA APARECIDA BRANQUINHO,MDB,Deputado Estadual,0,2022
0378,15550,RONALDO FRANCISCO DA CRUZ,MDB,Deputado Estadual,1,2022
0378,15555,FERNANDA MORENO DA SILVA,MDB,Deputado Estadual,10,2022
0378,15556,ADRIANA VASCONCELLOS VIEIRA DE OLIVEIRA LUIZ,MDB,Deputado Estadual,8,2022
0378,15557,ANDRÉ LUIZ DA SILVA,MDB,Deputado Estadual,0,2022
0378,15590,RUBIA MARA DA SILVA OLIVEIRA,MDB,Deputado Estadual,0,2022
0378,15600,EIDA SILVA DOS SANTOS AZEVEDO,MDB,Deputado Estadual,2,2022
0378,15605,FERNANDO LUIZ ISOPPO PETITI,MDB,Deputado Estadual,2,2022
0378,15620,ARLINDO MARIANO DE ARAUJO FILHO,MDB,Deputado Estadual,0,2022
0378,15622,GEORGE VATUTIN HATO,MDB,Deputado Estadual,8,2022
0378,15678,MARCELO FORTES BARBIERI,MDB,Deputado Estadual,29,2022
0378,15700,IVAN RIBEIRO DE BRITO,MDB,Deputado Estadual,0,2022
0378,15770,CINTIA ROBERTA SILVA RODRIGUES,MDB,Deputado Estadual,8,2022
0378,15777,DALCIDES BATISTA DA SILVA NETO,MDB,Deputado Estadual,1,2022
0378,15800,SANDRA REGINA VIEIRA,MDB,Deputado Estadual,6,2022
0378,15855,ANA PAULA CALVO,MDB,Deputado Estadual,0,2022
0378,15900,MAURO CESAR RAMOS DE ALMEIDA,MDB,Deputado Estadual,1,2022
0378,15910,ERNESTO TEIXEIRA DA CUNHA,MDB,Deputado Estadual,10,2022
0378,15914,TARSO LUIZ FURTADO GOUVEIA,MDB,Deputado Estadual,3,2022
0378,15964,LUCIANO MARQUES DA SILVA,MDB,Deputado Estadual,0,2022
0378,15980,JOÃO ALVES VIEIRA,MDB,Deputado Estadual,0,2022
0378,15990,ROMAR WILLIAM CULLEN DELLAPIAZZA,MDB,Deputado Estadual,1,2022
0378,15999,CÁSSIO DE CASTRO NAVARRO,MDB,Deputado Estadual,10,2022
0378,16000,LUCAS ANTONIO NIZUMA SIMABUKULO,PSTU,Deputado Estadual,1,2022
0378,16016,MARISA DOS SANTOS MENDES,PSTU,Deputado Estadual,1,2022
0378,16023,OSVALDO MARIANO DIOGO,PSTU,Deputado Estadual,0,2022
0378,16100,CRISTIANE BANHOL,PSTU,Deputado Estadual,7,2022
0378,16107,RAQUEL DE PAULA,PSTU,Deputado Estadual,1,2022
0378,16123,AMANDA COELHO MARZALL,PSTU,Deputado Estadual,2,2022
0378,16161,LEANDRO JOSE DE SOUZA DUQUE,PSTU,Deputado Estadual,1,2022
0378,16321,NELSON BOTELHO DA SILVA,PSTU,Deputado Estadual,0,2022
0378,16461,FERNANDO DE SOUZA,PSTU,Deputado Estadual,3,2022
0378,16555,MAÍRA MACHADO RODRIGUES,PSTU,Deputado Estadual,26,2022
0378,16789,ADILSON DOS SANTOS,PSTU,Deputado Estadual,0,2022
0378,18000,MARINA MEDEIROS HELOU,REDE,Deputado Estadual,112,2022
0378,18001,MARINA MOREIRA,REDE,Deputado Estadual,4,2022
0378,18010,BENEDITO RODRIGUES CORREA,REDE,Deputado Estadual,0,2022
0378,18012,ANTONIO CARLOS DE MORAES,REDE,Deputado Estadual,0,2022
0378,18013,ANTONIO CARLOS MUNHOZ,REDE,Deputado Estadual,2,2022
0378,18016,JULIANA GORGA SALVETTI,REDE,Deputado Estadual,0,2022
0378,18018,MARIANA DUARTE GARCIA DE LACERDA,REDE,Deputado Estadual,2,2022
0378,18019,MARIO EDUARDO DA SILVA,REDE,Deputado Estadual,0,2022
0378,18100,RAFAEL CASTRO KOCIAN,REDE,Deputado Estadual,4,2022
0378,18109,ISTÊNIO VIANA MELLO,REDE,Deputado Estadual,0,2022
0378,18111,OLINDA CAETANO GARCIA,REDE,Deputado Estadual,0,2022
0378,18123,EMERSON MARCIO VITALINO,REDE,Deputado Estadual,5,2022
0378,18180,BUDGA DEROBY NHAMBIQUARA,REDE,Deputado Estadual,5,2022
0378,18181,THÍFANY FELIX GUIMARÃES,REDE,Deputado Estadual,1,2022
0378,18188,ERIVELTON PEREIRA RAMOS,REDE,Deputado Estadual,1,2022
0378,18199,LILIAN CRISTINA DOS SANTOS FARIA,REDE,Deputado Estadual,0,2022
0378,18270,EDILMA MARIA DA SILVA,REDE,Deputado Estadual,0,2022
0378,18420,RUBENS EDUARDO DOCAMPO ANTONINI,REDE,Deputado Estadual,13,2022
0378,18441,EDILSON RODRIGO NOGUEIRA MARCIANO,REDE,Deputado Estadual,0,2022
0378,18456,ANDRE RICARDO DE SOUZA,REDE,Deputado Estadual,0,2022
0378,18555,JOSÉ MENINO DE OLIVEIRA,REDE,Deputado Estadual,1,2022
0378,18717,ANTOINE BALADY,REDE,Deputado Estadual,0,2022
0378,18777,RAFAEL BERNARDO FERREIRA SANTOS,REDE,Deputado Estadual,0,2022
0378,18800,HONÓRIO MARQUES DA SILVA,REDE,Deputado Estadual,5,2022
0378,18888,VICTOR AUGUSTO LINS MENDES,REDE,Deputado Estadual,32,2022
0378,19000,RAUL APARECIDO GONÇALVES PAULA,PODE,Deputado Estadual,3,2022
0378,19001,ATAIDE TERUEL PEREZ,PODE,Deputado Estadual,10,2022
0378,19002,JOSÉ CARLOS DE ALMEIDA,PODE,Deputado Estadual,0,2022
0378,19007,JAIRO DOS SANTOS,PODE,Deputado Estadual,0,2022
0378,19009,ESTER COSCARELLI DOMINGUES,PODE,Deputado Estadual,0,2022
0378,19011,JOBERT ALEXANDRINO,PODE,Deputado Estadual,7,2022
0378,19013,LARISSA FORJANES DOS SANTOS,PODE,Deputado Estadual,0,2022
0378,19015,MARCOS ESCAMES FÉLIX DA SILVA,PODE,Deputado Estadual,5,2022
0378,19019,GERSON DIAS PESSOA,PODE,Deputado Estadual,9,2022
0378,19020,URIÃ FANCELLI BAUMGARTNER,PODE,Deputado Estadual,15,2022
0378,19021,JOSÉ WALTER FIGUEIREDO SILVA,PODE,Deputado Estadual,3,2022
0378,19022,PEDRO MARIN BELMONTE NETO,PODE,Deputado Estadual,1,2022
0378,19023,PATRÍCIA MODESTO,PODE,Deputado Estadual,0,2022
0378,19027,CRISTIANE SILVA DE ALMEIDA SANTOS,PODE,Deputado Estadual,0,2022
0378,19030,JORGE GABRIEL GRASI,PODE,Deputado Estadual,0,2022
0378,19033,SABRINA PRADO DOS SANTOS,PODE,Deputado Estadual,0,2022
0378,19037,MARIA VILMA FIGUEIREDO DA SILVA JACINTO,PODE,Deputado Estadual,0,2022
0378,19054,ARLINDO AMARO DOS SANTOS,PODE,Deputado Estadual,0,2022
0378,19055,SILVAN PEREIRA DE SOUZA,PODE,Deputado Estadual,0,2022
0378,19069,ROBERTO MIGUEL REY JUNIOR,PODE,Deputado Estadual,24,2022
0378,19070,EMERSON FRACAROLI,PODE,Deputado Estadual,0,2022
0378,19077,JULIANA MARA DA SILVA SPADA,PODE,Deputado Estadual,0,2022
0378,19088,ELVIO ANTONIO PINOTTI NETO,PODE,Deputado Estadual,0,2022
0378,19097,ARLETE TAVARES DOS SANTOS BARBOSA,PODE,Deputado Estadual,0,2022
0378,19099,SILVIA MIRANDA NAGATA,PODE,Deputado Estadual,1,2022
0378,19100,RICARDO LONGATTI FRANÇA,PODE,Deputado Estadual,53,2022
0378,19101,CLARICE CARASSOL AREVALO GANEM,PODE,Deputado Estadual,524,2022
0378,19110,WAGNER BAPTISTA RIGUEIRA,PODE,Deputado Estadual,1,2022
0378,19111,GERSON DOS SANTOS PIRES,PODE,Deputado Estadual,127,2022
0378,19115,VERONICA COSMO AMERICO,PODE,Deputado Estadual,0,2022
0378,19119,GABRIEL PINELLI FERRAZ,PODE,Deputado Estadual,0,2022
0378,19123,MARCIO PASCHOAL GIUDICIO,PODE,Deputado Estadual,13,2022
0378,19125,MARIZETE GOMES DE MAGALHÃES BERGAMIN,PODE,Deputado Estadual,6,2022
0378,19133,TATIANA DE FREITAS SIVIERO,PODE,Deputado Estadual,2,2022
0378,19141,LUIS ANTONIO DE SOUZA,PODE,Deputado Estadual,1,2022
0378,19147,AURELIANO CARNEIRO DE LIMA,PODE,Deputado Estadual,0,2022
0378,19153,JOSELITO DE SOUSA LIMA,PODE,Deputado Estadual,6,2022
0378,19157,RODRIGO FEITOSA LOPES,PODE,Deputado Estadual,0,2022
0378,19179,CRISTIANE VIVIAN ALVES GOMES,PODE,Deputado Estadual,2,2022
0378,19190,MAURO MARQUES DAS NEVES,PODE,Deputado Estadual,21,2022
0378,19192,ALDO FERNANDO NUNES,PODE,Deputado Estadual,0,2022
0378,19196,SÉRGIO DONIZETE FERREIRA,PODE,Deputado Estadual,0,2022
0378,19197,ELIANA CONRADO GOTTSFRITZ FERNANDES,PODE,Deputado Estadual,0,2022
0378,19199,VICTOR MORAES FILHO,PODE,Deputado Estadual,4,2022
0378,19200,DANIEL DA ROCHA MARTINI,PODE,Deputado Estadual,1,2022
0378,19209,FÁBIO ANDRÉ CAPUTO FERRACINI,PODE,Deputado Estadual,0,2022
0378,19219,SANDRA DE AMORIM BARBOSA DE OLIVEIRA,PODE,Deputado Estadual,0,2022
0378,19222,ADILSON DOMINGOS CENSI,PODE,Deputado Estadual,71,2022
0378,19233,CHARLES DOS ANJOS,PODE,Deputado Estadual,0,2022
0378,19234,FABIO LEANDRO CARDOSO TEIXEIRA,PODE,Deputado Estadual,0,2022
0378,19252,FÁBIO FARIAS DE SÁ,PODE,Deputado Estadual,3,2022
0378,19299,EDUARDO LIMA DE SOUZA,PODE,Deputado Estadual,23,2022
0378,19300,EDUARDO CARNEIRO MARTINS,PODE,Deputado Estadual,1,2022
0378,19313,ELISÂNGELA VENTURA ROCHA,PODE,Deputado Estadual,0,2022
0378,19321,LEONARDO DA SILVA BRIGAGÃO,PODE,Deputado Estadual,10,2022
0378,19333,GUILHERME ANDREW GONÇALVES DA SILVA,PODE,Deputado Estadual,118,2022
0378,19345,ANDRE MARTINS MACHADO,PODE,Deputado Estadual,0,2022
0378,19360,TÁBATA FREITAS MANZOLI,PODE,Deputado Estadual,0,2022
0378,19400,JOSE BISPO DOS SANTOS FILHO,PODE,Deputado Estadual,1,2022
0378,19444,MALBA TANIA RODRIGUES ABRANTES COELHO GOMES,PODE,Deputado Estadual,1,2022
0378,19454,MARISTELA MORESCHI RIBEIRO NADER,PODE,Deputado Estadual,27,2022
0378,19456,ADRIANO SANTANA DOS SANTOS,PODE,Deputado Estadual,12,2022
0378,19490,CARLOS HENRIQUE SILVESTRE GARZON,PODE,Deputado Estadual,1,2022
0378,19500,KLEBER CABRAL,PODE,Deputado Estadual,18,2022
0378,19519,EDUARDO DOS REIS MAGOGA,PODE,Deputado Estadual,838,2022
0378,19555,GREGÓRIO MATIAS DE FREITAS,PODE,Deputado Estadual,0,2022
0378,19565,HENRIQUE LOPES SILVA,PODE,Deputado Estadual,0,2022
0378,19577,JOSÉ EDUARDO DOS SANTOS,PODE,Deputado Estadual,1,2022
0378,19600,ANDERSON DOS SANTOS MARTINS DE SOUZA,PODE,Deputado Estadual,0,2022
0378,19619,CÉSAR AUGUSTO JOSÉ,PODE,Deputado Estadual,6,2022
0378,19650,MARCOS ANTONIO SERAFIM BERNARDES JUNIOR,PODE,Deputado Estadual,0,2022
0378,19666,RUBENS CESTARI CAMPOS,PODE,Deputado Estadual,0,2022
0378,19667,MARIA APARECIDA DA COSTA BATISTA,PODE,Deputado Estadual,1,2022
0378,19678,PÉRICLES RÉGIS MENDONÇA DE LIMA,PODE,Deputado Estadual,1,2022
0378,19699,DOUGLAS BORGONI,PODE,Deputado Estadual,0,2022
0378,19700,CARLOS ALEXANDRE VIANNA SOARES,PODE,Deputado Estadual,11,2022
0378,19714,CARLOS EDUARDO NOBREGA,PODE,Deputado Estadual,1,2022
0378,19719,ALESSANDRA CRISTIANE SOARES GARCIA ALGARIN,PODE,Deputado Estadual,2,2022
0378,19753,VLADIMIR CODINHOTO,PODE,Deputado Estadual,3,2022
0378,19755,VANICE IZAURA CAMARGO COSTA DA SILVA,PODE,Deputado Estadual,0,2022
0378,19762,FABIO DUARTE,PODE,Deputado Estadual,4,2022
0378,19775,MARIA APARECIDA BORGES DE MACEDO,PODE,Deputado Estadual,0,2022
0378,19777,EDSON RODRIGUES,PODE,Deputado Estadual,40,2022
0378,19778,ANTONIO CARLOS BOLGIONI,PODE,Deputado Estadual,0,2022
0378,19789,CUSTODIA DE SOUZA RANGEL,PODE,Deputado Estadual,0,2022
0378,19798,DEISE DUARTE,PODE,Deputado Estadual,0,2022
0378,19800,MURILO BERBERT AVIGO FELIX,PODE,Deputado Estadual,37,2022
0378,19888,JAE KRUN PARK KIM,PODE,Deputado Estadual,20,2022
0378,19900,MARCOS PAULO TAVARES FURLAN,PODE,Deputado Estadual,5,2022
0378,19911,MARCOS MENDES DA SILVA,PODE,Deputado Estadual,0,2022
0378,19987,QUELEN HELOISA DOS SANTOS VANDERLEI,PODE,Deputado Estadual,7,2022
0378,19991,MARIA DO CARMO PORTELA RUMBO,PODE,Deputado Estadual,1,2022
0378,19992,DANIEL ARAUJO NEVES SANTIAGO LIMA,PODE,Deputado Estadual,3,2022
0378,19999,ALVARO COSTA VIEIRA,PODE,Deputado Estadual,37,2022
0378,20000,MARCELO THEODORO DE AGUIAR,PSC,Deputado Estadual,196,2022
0378,20001,DIEGO VOLGARINE PARDAL,PSC,Deputado Estadual,0,2022
0378,20002,JEAN ALEX DE ANDRADE DOS SANTOS,PSC,Deputado Estadual,3,2022
0378,20003,ELZA DIAS AMARO,PSC,Deputado Estadual,0,2022
0378,20004,RITA VALÉRIA ALVES,PSC,Deputado Estadual,0,2022
0378,20005,EVANDRO ANTONIO RAMOS TERRA VARONIL DE SOUSA,PSC,Deputado Estadual,1,2022
0378,20007,JOEL BATISTA RAMOS,PSC,Deputado Estadual,1,2022
0378,20010,CAIO ALEXANDRE GOMES DA SILVA,PSC,Deputado Estadual,7,2022
0378,20011,CLÁUDIO DO NASCIMENTO TORRES,PSC,Deputado Estadual,0,2022
0378,20012,ELTON ALVES RIBEIRO DE CARVALHO JUNIOR,PSC,Deputado Estadual,25,2022
0378,20015,ELIANE MARIA DE SANTANA OLIVEIRA,PSC,Deputado Estadual,0,2022
0378,20018,GILBERTO SANTOS SILVA DE VASCONCELOS,PSC,Deputado Estadual,0,2022
0378,20020,MARCO ANTONIO BIOTO,PSC,Deputado Estadual,44,2022
0378,20021,LUCIA DE FATIMA SILVA ROSIM,PSC,Deputado Estadual,4,2022
0378,20022,LUIS DONIZETTI VAZ JUNIOR,PSC,Deputado Estadual,10,2022
0378,20023,ANGELO ANTONIO BUCIOLOTI,PSC,Deputado Estadual,0,2022
0378,20025,ALEXSANDRA BEZERRA LEITE DA SILVA,PSC,Deputado Estadual,0,2022
0378,20028,VÂNIA FERREIRA DE FRANÇA,PSC,Deputado Estadual,1,2022
0378,20033,AGILDO FAUSTINO DOS SANTOS JUNIOR,PSC,Deputado Estadual,0,2022
0378,20035,MARIA JOSE DA SILVA,PSC,Deputado Estadual,1,2022
0378,20038,LEANDRO ALVES,PSC,Deputado Estadual,1,2022
0378,20040,SONIA DA SILVA LIMA,PSC,Deputado Estadual,0,2022
0378,20044,JOSÉ ROBERTO DE MELLO,PSC,Deputado Estadual,1,2022
0378,20057,WAGNER DE AVILA RIBEIRO,PSC,Deputado Estadual,1,2022
0378,20077,ALLINSON PAULO NUNES,PSC,Deputado Estadual,4,2022
0378,20080,MILTON BEZERRA FEITOZA,PSC,Deputado Estadual,1,2022
0378,20088,GIRLANE LIMA DE SOUZA,PSC,Deputado Estadual,0,2022
0378,20100,FELIPE TALVANI SONTINI,PSC,Deputado Estadual,23,2022
0378,20120,OZELITO JOSÉ BENEDITO,PSC,Deputado Estadual,32,2022
0378,20122,FABIO SANTOS DE OLIVEIRA,PSC,Deputado Estadual,4,2022
0378,20123,HELIO DONIZETE ZANATTA,PSC,Deputado Estadual,914,2022
0378,20124,VALERIA DE CAMPOS BALBINO,PSC,Deputado Estadual,1,2022
0378,20133,EDIVALDO SILVA MEIRA,PSC,Deputado Estadual,8,2022
0378,20140,ODETE BARBOSA DA SILVA,PSC,Deputado Estadual,1,2022
0378,20141,TRACE CAROLINE DIAS DAS CHAGAS,PSC,Deputado Estadual,0,2022
0378,20147,ANISTALDO LUIZ LOPES DA SILVA,PSC,Deputado Estadual,24,2022
0378,20150,NILSON PEREIRA DUARTE,PSC,Deputado Estadual,2,2022
0378,20153,RICARDO DOS SANTOS SATURNO,PSC,Deputado Estadual,0,2022
0378,20180,CLAUDETE MARTINS SANTOS DE ANDRADE,PSC,Deputado Estadual,224,2022
0378,20190,LUIZ PAULO MADALHANO MAGALHÃES,PSC,Deputado Estadual,398,2022
0378,20200,WELINGTON APARECIDO ALFREDO,PSC,Deputado Estadual,13,2022
0378,20201,SEBASTIÃO RAIMUNDO DE OLIVEIRA,PSC,Deputado Estadual,3,2022
0378,20202,JOHN GOKI KAGE,PSC,Deputado Estadual,10,2022
0378,20212,CARLOS ROBERTO BATISTA DOS SANTOS,PSC,Deputado Estadual,0,2022
0378,20220,LIDIA FREITAS DO NASCIMENTO,PSC,Deputado Estadual,7,2022
0378,20222,ROSIRENE DE JESUS SANTOS,PSC,Deputado Estadual,9,2022
0378,20227,SANDRA PEDROSA GARCIA DOS SANTOS,PSC,Deputado Estadual,0,2022
0378,20234,VERA LUCIA DE SOUZA BUENO URBAN,PSC,Deputado Estadual,0,2022
0378,20250,DÁRIO CASSIANO DE SOUZA,PSC,Deputado Estadual,4,2022
0378,20297,ENID KREBSKY DE CARVALHO,PSC,Deputado Estadual,0,2022
0378,20300,MARILDA DE SANTANA GIRON,PSC,Deputado Estadual,1,2022
0378,20320,JOSÉ CARLOS FURIOSO,PSC,Deputado Estadual,751,2022
0378,20322,LENILSON ALVES DE LIMA,PSC,Deputado Estadual,3,2022
0378,20330,ALLAN DAVID FERREIRA DE LIMA,PSC,Deputado Estadual,0,2022
0378,20333,VALDENIR JOSÉ BITIU,PSC,Deputado Estadual,10,2022
0378,20345,IZILDA DE LOURDES ALIPIO,PSC,Deputado Estadual,7,2022
0378,20350,DOUGLAS VANDERLEI AUGUSTO,PSC,Deputado Estadual,0,2022
0378,20400,MOACIR COVA,PSC,Deputado Estadual,5,2022
0378,20420,ARIELY PEDROSO SILVA PRETER,PSC,Deputado Estadual,0,2022
0378,20422,HELENA IZABEL DA SILVA GOMES,PSC,Deputado Estadual,0,2022
0378,20456,JÚLIO CESAR FUZARI,PSC,Deputado Estadual,5,2022
0378,20500,LEANDRO JERONIMO BASSON,PSC,Deputado Estadual,82,2022
0378,20520,FERNANDO ROCHA GARCIA,PSC,Deputado Estadual,1,2022
0378,20522,RENAN DIAS DA MATA,PSC,Deputado Estadual,15,2022
0378,20555,CRISTIANE FERREIRA PASSOS LASTÓRIA,PSC,Deputado Estadual,2,2022
0378,20600,GUSTAVO MESQUITA GALVÃO BUENO,PSC,Deputado Estadual,30,2022
0378,20611,VALTER FAUSTINO MARTINS JUNIOR,PSC,Deputado Estadual,0,2022
0378,20620,PEDRO MARQUES FERREIRA ASSAD,PSC,Deputado Estadual,0,2022
0378,20627,AIRTON DOS SANTOS,PSC,Deputado Estadual,1,2022
0378,20629,ELISABETE NATALI ALVARENGA,PSC,Deputado Estadual,0,2022
0378,20666,TIAGO DE OLIVEIRA SOUZA,PSC,Deputado Estadual,0,2022
0378,20678,MARCOS APARECIDO BARROS DE LIMA,PSC,Deputado Estadual,9,2022
0378,20700,THIAGO RODRIGO ROCHITI,PSC,Deputado Estadual,1,2022
0378,20720,ANTÔNIO MANOEL,PSC,Deputado Estadual,4,2022
0378,20722,ANDERSON RUGEL VAZ,PSC,Deputado Estadual,0,2022
0378,20745,SILVIO BARBOSA LOPES FILHO,PSC,Deputado Estadual,0,2022
0378,20777,RELDER SANDRO DE SOUZA FIALHO,PSC,Deputado Estadual,2,2022
0378,20789,ANDRE MARCOS DE ABREU,PSC,Deputado Estadual,1,2022
0378,20800,FREDERICH GERALDO MARTINS,PSC,Deputado Estadual,0,2022
0378,20820,ADILSON RIBEIRO,PSC,Deputado Estadual,0,2022
0378,20888,MAURÍCIO FERREIRA LIMA,PSC,Deputado Estadual,0,2022
0378,20900,PAULO SERGIO GALTERIO,PSC,Deputado Estadual,347,2022
0378,20920,EDNA CHRISTINA SANTIAGO,PSC,Deputado Estadual,0,2022
0378,21000,GABRIEL VIGHY DE CARVALHO,PCB,Deputado Estadual,44,2022
0378,21001,MICHEL LEITE VIANA,PCB,Deputado Estadual,1,2022
0378,21100,FABIANA TAYANE MEDRADO DA CRUZ,PCB,Deputado Estadual,7,2022
0378,22000,DIMAS MECCA SAMPAIO,PL,Deputado Estadual,1202,2022
0378,22001,MONICA BATALHA PRADO,PL,Deputado Estadual,5,2022
0378,22002,REGIS LEANDRO YASUMURA,PL,Deputado Estadual,2,2022
0378,22007,DANILO MASCARENHAS DE BALAS,PL,Deputado Estadual,239,2022
0378,22008,FELIPE CARMONA CANTERA,PL,Deputado Estadual,132,2022
0378,22010,ANDRE LUIS BUENO,PL,Deputado Estadual,97,2022
0378,22011,KAREN LIMA VIEIRA,PL,Deputado Estadual,7,2022
0378,22012,JULIO CESAR PEREIRA DE SOUZA,PL,Deputado Estadual,9,2022
0378,22013,TIAGO MARTINS PERETTO,PL,Deputado Estadual,2,2022
0378,22022,ANA PAULA ROSSI DE ALMEIDA MAGDESIAN,PL,Deputado Estadual,58,2022
0378,22030,JOÃO CÉSAR DE MORAES,PL,Deputado Estadual,11,2022
0378,22038,AMERICO MASSAKI HIGUTI,PL,Deputado Estadual,104,2022
0378,22045,VIVIANE ROBERTA MATIOLI,PL,Deputado Estadual,10,2022
0378,22047,VICENTE PAULA RIBEIRO,PL,Deputado Estadual,3,2022
0378,22051,FABIANA DE LIMA BARROSO,PL,Deputado Estadual,347,2022
0378,22057,IVETA DE SOUZA ALVES,PL,Deputado Estadual,1,2022
0378,22058,ANDROMEDES BARBOSA OKABE,PL,Deputado Estadual,25,2022
0378,22070,MARIA DE FÁTIMA ALVES BARBOSA,PL,Deputado Estadual,2,2022
0378,22090,JOSE BRAZ DE OLIVEIRA JUNIOR,PL,Deputado Estadual,28,2022
0378,22099,CRISTIANY DE CASTRO,PL,Deputado Estadual,17,2022
0378,22100,BRUNO ZAMBELLI SALGADO,PL,Deputado Estadual,1230,2022
0378,22111,CLAUDIO NAZARENO SOUZA DE QUEIROZ,PL,Deputado Estadual,26,2022
0378,22112,CARLOS CEZAR DA SILVA,PL,Deputado Estadual,1416,2022
0378,22120,GILDEVANIO ILSO DOS SANTOS DINIZ,PL,Deputado Estadual,1311,2022
0378,22122,MARCIA TAPIGLIANI BAPTISTA,PL,Deputado Estadual,33,2022
0378,22123,RICARDO ROSSI MADALENA,PL,Deputado Estadual,51,2022
0378,22138,ROBERVAL CONTE LOPES LIMA,PL,Deputado Estadual,633,2022
0378,22144,LUIZ CARLOS DA COSTA VALLE,PL,Deputado Estadual,203,2022
0378,22150,RAFAEL RIBEIRO ZUCCO,PL,Deputado Estadual,78,2022
0378,22180,RAQUEL KOBASHI GALLINATI LOMBARDI,PL,Deputado Estadual,236,2022
0378,22181,HUGO PEREIRA DE CASTRO,PL,Deputado Estadual,4,2022
0378,22190,SERGIO CALDAS SANTANA,PL,Deputado Estadual,60,2022
0378,22200,DONIZETE ALVES BARBOSA,PL,Deputado Estadual,63,2022
0378,22211,CARLOS AGUIAR DE ANDRADE,PL,Deputado Estadual,5,2022
0378,22212,TIAGO FINESSI,PL,Deputado Estadual,20,2022
0378,22221,SERGIO MATHEUS SANTOS GARCEZ,PL,Deputado Estadual,64,2022
0378,22222,MARCOS ROBERTO DAMASIO DA SILVA,PL,Deputado Estadual,950,2022
0378,22223,DANILO BERTIPAGLIA BARNABÉ,PL,Deputado Estadual,128,2022
0378,22225,JOSE CARLOS FERREIRA VILELA,PL,Deputado Estadual,14,2022
0378,22230,ANNE CAROLINE SILVA,PL,Deputado Estadual,22,2022
0378,22232,ANA CRISTINA VARGAS CALDEIRA,PL,Deputado Estadual,17,2022
0378,22233,SIRINEU DE ARAUJO SANTOS,PL,Deputado Estadual,31,2022
0378,22244,THIAGO SANTOS ALVES DE SOUSA,PL,Deputado Estadual,7,2022
0378,22250,ALISSON GUIMARÃES PEREIRA DE SOUZA,PL,Deputado Estadual,56,2022
0378,22252,TATIANA REGINA CRISCUOLO,PL,Deputado Estadual,2,2022
0378,22288,OSCAR CASTELO BRANCO DE LUCA,PL,Deputado Estadual,149,2022
0378,22290,JUCIANE APARECIDA DA CUNHA,PL,Deputado Estadual,19,2022
0378,22299,VICENTE FERNANDES CASCIONE,PL,Deputado Estadual,10,2022
0378,22300,RICARDO RIBEIRO PEDROSO,PL,Deputado Estadual,8,2022
0378,22322,DANIELE MAZUQUELI ALONSO,PL,Deputado Estadual,109,2022
0378,22330,GIOVANNI BARBIERATTO,PL,Deputado Estadual,9,2022
0378,22333,EDNALDO DOS SANTOS PASSOS,PL,Deputado Estadual,31,2022
0378,22338,ROGÉRIO DA SILVA SANTOS,PL,Deputado Estadual,17,2022
0378,22343,THIAGO REIS AURICCHIO,PL,Deputado Estadual,235,2022
0378,22345,ROY NELSON PINTO,PL,Deputado Estadual,5,2022
0378,22373,ALESSANDRA ALMEIDA PEREIRA,PL,Deputado Estadual,6,2022
0378,22380,CLAUDIO FERNANDO DE AGUIAR,PL,Deputado Estadual,5,2022
0378,22390,JULIANO DA SILVA MELO,PL,Deputado Estadual,15,2022
0378,22400,MARILZA JOANA GARCIA DE MELO,PL,Deputado Estadual,74,2022
0378,22422,PAULO JORGE MANSUR NETO,PL,Deputado Estadual,1857,2022
0378,22424,MARCELA REGINA RODRIGUES DA CUNHA,PL,Deputado Estadual,2,2022
0378,22433,JOSE GUSTAVO DUARTE DE ARAÚJO,PL,Deputado Estadual,15,2022
0378,22444,MATHEUS COIMBRA MARTINS DE AGUIAR,PL,Deputado Estadual,616,2022
0378,22456,ANTONIO CARLOS ALBINO,PL,Deputado Estadual,87,2022
0378,22491,VALDETE GUEDES DE OLIVEIRA,PL,Deputado Estadual,0,2022
0378,22500,LUCAS DIEZ BOVE,PL,Deputado Estadual,565,2022
0378,22522,JOSE FERNANDES DE LIRA JUNIOR,PL,Deputado Estadual,15,2022
0378,22541,RODRIGO AUGUSTO MORAES,PL,Deputado Estadual,231,2022
0378,22550,LUCAS PAVAN ZANATTA,PL,Deputado Estadual,23,2022
0378,22553,THELMA ELAINE BRASILEIRO ROBERTI,PL,Deputado Estadual,222,2022
0378,22555,FABIO ROGÉRIO CANDIDO,PL,Deputado Estadual,178,2022
0378,22556,CARLOS EDUARDO THOMAZ PEDROSO,PL,Deputado Estadual,17,2022
0378,22566,WANDERLENE IEDA BACARO DE BRITO,PL,Deputado Estadual,1,2022
0378,22567,IZAQUE JOSÉ DA SILVA,PL,Deputado Estadual,4,2022
0378,22580,ANA CLAUDIA PERES LUCAS LOPES,PL,Deputado Estadual,17,2022
0378,22600,UBIRATAN SILVEIRA GARCIA,PL,Deputado Estadual,2,2022
0378,22622,JOSEPH RAFFOUL JUNIOR,PL,Deputado Estadual,58,2022
0378,22677,ANDERSON FABIANO PUPO FERNANDES,PL,Deputado Estadual,3,2022
0378,22678,ISAC FELIX DOS SANTOS,PL,Deputado Estadual,46,2022
0378,22700,EDNE JOSE PIFFER JUNIOR,PL,Deputado Estadual,14,2022
0378,22711,ANITA DOS SANTOS TAKAIYASU,PL,Deputado Estadual,0,2022
0378,22722,ISABELA CRISTINA CARDOSO DA CRUZ,PL,Deputado Estadual,2,2022
0378,22762,JOSE CARLOS FERNANDES,PL,Deputado Estadual,16,2022
0378,22765,REGIANE ROCHA,PL,Deputado Estadual,1,2022
0378,22777,ALEXANDER MUNIZ DE OLIVEIRA,PL,Deputado Estadual,53,2022
0378,22789,DANIEL ROSSI,PL,Deputado Estadual,4,2022
0378,22800,CLODOALDO APARECIDO DE MORAES,PL,Deputado Estadual,6,2022
0378,22808,FABRIZIO FASANO JUNIOR,PL,Deputado Estadual,60,2022
0378,22822,ANTONIO GINACK JUNIOR,PL,Deputado Estadual,26,2022
0378,22888,GRACIELA DE LOURDES DAVID AMBROSIO,PL,Deputado Estadual,59,2022
0378,22900,FLAVIO GONÇALVES DA COSTA,PL,Deputado Estadual,328,2022
0378,22921,ANTONIO BESERRA LIMA,PL,Deputado Estadual,2,2022
0378,22922,VALERIA MULLER RAMOS BOLSONARO,PL,Deputado Estadual,3911,2022
0378,22999,ANDRE LUIS DO PRADO,PL,Deputado Estadual,34,2022
0378,23000,RAFAEL FERNANDO ZIMBALDI,CIDADANIA,Deputado Estadual,10675,2022
0378,23001,LUZIMAR BARBOSA DA SILVA,CIDADANIA,Deputado Estadual,1,2022
0378,23011,HARLLEM GONÇALVES DE OLIVEIRA,CIDADANIA,Deputado Estadual,0,2022
0378,23023,ANA CAROLINA ROSSI BARRETO SERRA,CIDADANIA,Deputado Estadual,12,2022
0378,23123,CAROLINE GOMES FERREIRA DE MELLO,CIDADANIA,Deputado Estadual,27,2022
0378,23131,FABIOLA TATCHER MARTINS RODA,CIDADANIA,Deputado Estadual,0,2022
0378,23230,RODRIGO CAPEL,CIDADANIA,Deputado Estadual,2,2022
0378,23231,LUCIANA CRISTINA MENDES SANTOS,CIDADANIA,Deputado Estadual,0,2022
0378,23233,MARIO LACERDA SOUZA,CIDADANIA,Deputado Estadual,42,2022
0378,23333,RICARDO MARCILIO MONTEIRO,CIDADANIA,Deputado Estadual,99,2022
0378,23451,LEANDRO FRANCOIS DE ALMEIDA,CIDADANIA,Deputado Estadual,3,2022
0378,23455,VALMIR ROSA,CIDADANIA,Deputado Estadual,5,2022
0378,23456,ANTONIO DIRCEU DALBEN,CIDADANIA,Deputado Estadual,1124,2022
0378,23479,ROSEMEIRE RIBEIRO,CIDADANIA,Deputado Estadual,0,2022
0378,23510,CARLOS AUGUSTO ABRANCHES,CIDADANIA,Deputado Estadual,1,2022
0378,23623,ROBERTO TURCHI DE MORAIS,CIDADANIA,Deputado Estadual,19,2022
0378,23777,CARLOS AUGUSTO DA CUNHA SILVA,CIDADANIA,Deputado Estadual,0,2022
0378,23888,LI LI MIN,CIDADANIA,Deputado Estadual,242,2022
0378,27011,ALEXANDRE HARTMANN,DC,Deputado Estadual,0,2022
0378,27113,EVERILDA XAVIER MOREIRA,DC,Deputado Estadual,2,2022
0378,27123,AHMAD ABOU ADILE,DC,Deputado Estadual,0,2022
0378,27133,ANTONIO GENARO PEREIRA DA SILVA,DC,Deputado Estadual,0,2022
0378,27251,JOSE CANDIDO DA SILVA,DC,Deputado Estadual,0,2022
0378,27277,MARCELO PEREIRA,DC,Deputado Estadual,0,2022
0378,27321,ALEXANDRE CABRAL DE OLIVEIRA,DC,Deputado Estadual,6,2022
0378,27500,ODILIA CRISTINA SANTOS DO NASCIMENTO,DC,Deputado Estadual,0,2022
0378,27653,MARIA ROSA DE ALBUQUERQUE,DC,Deputado Estadual,0,2022
0378,27866,ANTÔNIO ROCHA DOS SANTOS,DC,Deputado Estadual,0,2022
0378,27911,JOSÉ FÁBIO DOS SANTOS SILVA,DC,Deputado Estadual,0,2022
0378,28000,JOSE VINICIUS CAMPOS AITH,PRTB,Deputado Estadual,15,2022
0378,28003,FRANCISCO SEVERIANO DA SILVA,PRTB,Deputado Estadual,0,2022
0378,28007,BIANCA CESÁRIO DE OLIVEIRA,PRTB,Deputado Estadual,3,2022
0378,28008,EMERSON ZOCCHI,PRTB,Deputado Estadual,0,2022
0378,28014,ANTONIO JOSE FERREIRA,PRTB,Deputado Estadual,0,2022
0378,28018,MARCIA RAICHER,PRTB,Deputado Estadual,0,2022
0378,28020,CRISTIANE NOVAK,PRTB,Deputado Estadual,0,2022
0378,28022,PAULO ROBERTO DIAS PEREIRA,PRTB,Deputado Estadual,6,2022
0378,28023,WELLITON BEZERRA DA SILVA,PRTB,Deputado Estadual,7,2022
0378,28025,FERNANDA APARECIDA GOMES DA SILVA CAETANO,PRTB,Deputado Estadual,0,2022
0378,28028,SAMUEL PORFIRIO FRANCA,PRTB,Deputado Estadual,1,2022
0378,28033,JOSE DE SOUZA JUNIOR,PRTB,Deputado Estadual,0,2022
0378,28038,FABIANO GABRIEL CARVALHO SILVA,PRTB,Deputado Estadual,0,2022
0378,28050,PAULA MICHELLE DIAS,PRTB,Deputado Estadual,0,2022
0378,28056,THIAGO FELIPE NEVES,PRTB,Deputado Estadual,18,2022
0378,28069,ROGERIO JACOMO MICHELETTI,PRTB,Deputado Estadual,0,2022
0378,28070,DANIELE ANSELMO DE MORAIS,PRTB,Deputado Estadual,0,2022
0378,28088,MARCELO MAMBRINI,PRTB,Deputado Estadual,0,2022
0378,28099,ANTONIO D AGOSTINO,PRTB,Deputado Estadual,0,2022
0378,28100,ANA ANGELA PALERMO,PRTB,Deputado Estadual,0,2022
0378,28111,DJALMA DE LIMA SANTOS,PRTB,Deputado Estadual,0,2022
0378,28122,WALTER NOLA,PRTB,Deputado Estadual,0,2022
0378,28128,LIVIA MARIA RODRIGUES FIDELIX DA CRUZ,PRTB,Deputado Estadual,0,2022
0378,28145,ANDRESSA MAZZEI SIGNORETTI DA SILVA,PRTB,Deputado Estadual,1,2022
0378,28148,JOSE APARECIDO ROSA FILHO,PRTB,Deputado Estadual,0,2022
0378,28173,ALMIRO RODRIGUES RIBEIRO,PRTB,Deputado Estadual,2,2022
0378,28177,MARCELO LOPES,PRTB,Deputado Estadual,7,2022
0378,28190,LUCIANO GALESCO,PRTB,Deputado Estadual,31,2022
0378,28193,ROBERTO CASTRO COSTA,PRTB,Deputado Estadual,0,2022
0378,28199,SANDRO APARECIDO BATISTA,PRTB,Deputado Estadual,0,2022
0378,28200,JULIO CESAR FRANCISCO,PRTB,Deputado Estadual,1,2022
0378,28228,EDSON ROBERTO ALOISIO,PRTB,Deputado Estadual,0,2022
0378,28238,ADILSON ALVES LUZ,PRTB,Deputado Estadual,0,2022
0378,28248,SHIRLEY VITORIA BERLINI CODREANSCHI,PRTB,Deputado Estadual,0,2022
0378,28280,CLAUDIO MARTINS NEVES DE FRANCA,PRTB,Deputado Estadual,0,2022
0378,28281,MAGNA DA SILVA,PRTB,Deputado Estadual,0,2022
0378,28285,LEANDRO FERREIRA FELICIANO,PRTB,Deputado Estadual,115,2022
0378,28286,LUANA SILVA QUEIROZ,PRTB,Deputado Estadual,2,2022
0378,28289,PASCOAL LEAL DE PAULA,PRTB,Deputado Estadual,0,2022
0378,28290,LUIS HENRIQUE USAI,PRTB,Deputado Estadual,3,2022
0378,28300,IEDA MARIA NOGUEIRA SILVA,PRTB,Deputado Estadual,1,2022
0378,28311,DIONE FRANCISCO DA SILVA,PRTB,Deputado Estadual,0,2022
0378,28312,MICHAEL WILLI DA SILVA STREIDL,PRTB,Deputado Estadual,27,2022
0378,28317,ROSANGELA SALVIANO POLIDO VAZ,PRTB,Deputado Estadual,1,2022
0378,28321,VANDERLEI GROSSI DA SILVA,PRTB,Deputado Estadual,0,2022
0378,28322,ALEUSON ROSA DA SILVA,PRTB,Deputado Estadual,0,2022
0378,28328,GIANE DA SILVA FERREIRA,PRTB,Deputado Estadual,4,2022
0378,28333,MIGUEL AFFONSO COIMBRA NETO,PRTB,Deputado Estadual,5,2022
0378,28357,MARDQUEU SILVIO FRANCA FILHO,PRTB,Deputado Estadual,238,2022
0378,28367,RENATA ROSA DE SA BOAVENTURA,PRTB,Deputado Estadual,0,2022
0378,28379,MADALENA BARBOSA DE SIQUEIRA,PRTB,Deputado Estadual,0,2022
0378,28386,BRAZ PEREIRA,PRTB,Deputado Estadual,0,2022
0378,28388,ANTONIO TARCIDO MARQUES FERNANDES,PRTB,Deputado Estadual,0,2022
0378,28400,MARCELO MENDES BINI,PRTB,Deputado Estadual,1,2022
0378,28419,GETULIO DE SOUSA SANTOS,PRTB,Deputado Estadual,0,2022
0378,28422,CICERO SEBASTIAO DE ARAUJO,PRTB,Deputado Estadual,0,2022
0378,28428,CLAUDIA CARVALHO DA ROCHA,PRTB,Deputado Estadual,0,2022
0378,28433,JOEL DE OLIVEIRA,PRTB,Deputado Estadual,0,2022
0378,28444,DANIELLE GOMES DE CARVALHO,PRTB,Deputado Estadual,12,2022
0378,28456,ADEMILSON RAMOS DA SILVA,PRTB,Deputado Estadual,0,2022
0378,28522,ROSANA DE ANDRADE MARQUES,PRTB,Deputado Estadual,0,2022
0378,28528,FABIAN ALVES RAMOS,PRTB,Deputado Estadual,2,2022
0378,28555,DAVID MONTEIRO DE MELLO,PRTB,Deputado Estadual,1,2022
0378,28622,EDMAR DIAS BRITO,PRTB,Deputado Estadual,2,2022
0378,28628,ANTONIO DA CUNHA LIMA,PRTB,Deputado Estadual,2,2022
0378,28633,ROBERTO FIGUEIREDO JUNIOR,PRTB,Deputado Estadual,0,2022
0378,28666,VÂNIA LUIZ AMANCIO,PRTB,Deputado Estadual,0,2022
0378,28700,RICARDO AZEVEDO DA SILVA,PRTB,Deputado Estadual,10,2022
0378,28741,JOSÉ MACENA DA SILVA FILHO,PRTB,Deputado Estadual,66,2022
0378,28765,LUCAS MARIANO DE CAMPOS,PRTB,Deputado Estadual,0,2022
0378,28780,JUAREZ PEREIRA DIAS,PRTB,Deputado Estadual,0,2022
0378,28788,FRANCISCO UELITON DE OLIVEIRA SOUZA,PRTB,Deputado Estadual,0,2022
0378,28800,WALTER RESENDE FILHO,PRTB,Deputado Estadual,0,2022
0378,28879,EVERTON REZENDE BELASCO,PRTB,Deputado Estadual,0,2022
0378,28886,RANGEL RODRIGO DE FIGUEIREDO BONELLI,PRTB,Deputado Estadual,0,2022
0378,28887,CLAUDINEI VIEIRA SOARES,PRTB,Deputado Estadual,9,2022
0378,28888,RENE SILVEIRA,PRTB,Deputado Estadual,1,2022
0378,28963,LEDIVAN LOPES SEABRA,PRTB,Deputado Estadual,0,2022
0378,28994,SEVERINA BENEDITA DA SILVA,PRTB,Deputado Estadual,0,2022
0378,28999,PEDRO IGOR RIBEIRO RAMOS,PRTB,Deputado Estadual,0,2022
0378,29029,NATÁLIA BRAGA COSTA PIMENTA,PCO,Deputado Estadual,32,2022
0378,29295,MARIA ANGELA ABDUCH,PCO,Deputado Estadual,0,2022
0378,29829,STEFANIA DE ALMEIDA ROBUSTELLI,PCO,Deputado Estadual,2,2022
0378,29999,RODRIGO ANTUNES DE LIMA,PCO,Deputado Estadual,0,2022
0378,30000,EDNEY BENEDITO SAMPAIO DUARTE JÚNIOR,NOVO,Deputado Estadual,62,2022
0378,30001,LEONE LUIZ DE FARIA JUNIOR,NOVO,Deputado Estadual,3,2022
0378,30003,KAIQUE CARDOSO VICENTE,NOVO,Deputado Estadual,1,2022
0378,30005,TAIS ALEXANDRE ZUZA CUSTÓDIO,NOVO,Deputado Estadual,6,2022
0378,30007,DIOGO DE FREITAS VALEIRO GARCIA,NOVO,Deputado Estadual,3,2022
0378,30008,MANOEL CORREA DA FONSECA NETO,NOVO,Deputado Estadual,0,2022
0378,30010,ANDRÉ NALEPA ABBUD,NOVO,Deputado Estadual,2,2022
0378,30011,MARCOS ANTONIO HOMSI GARCIA,NOVO,Deputado Estadual,5,2022
0378,30012,JOSÉ ALENCAR GALVÃO,NOVO,Deputado Estadual,1,2022
0378,30013,SÉRGIO ZAGARINO JUNIOR,NOVO,Deputado Estadual,2,2022
0378,30014,RODRIGO REY RODRIGUEZ,NOVO,Deputado Estadual,0,2022
0378,30015,CAROLINA ZANIRATO BUZONI,NOVO,Deputado Estadual,3,2022
0378,30016,IVAN PAULO PEREIRA DA SILVA,NOVO,Deputado Estadual,0,2022
0378,30018,BRUNO TIAGO DA SILVA BRANDINO,NOVO,Deputado Estadual,2,2022
0378,30020,YGOR FROES CARVALHO,NOVO,Deputado Estadual,0,2022
0378,30022,WILSON DE MELLO JUNIOR,NOVO,Deputado Estadual,0,2022
0378,30023,VÂNIA CRISTINA DA SILVA,NOVO,Deputado Estadual,0,2022
0378,30025,MATEUS JOSE DE CAMARGO STEFANI,NOVO,Deputado Estadual,0,2022
0378,30030,MONICA RAMIRES FERRAZ CURY,NOVO,Deputado Estadual,8,2022
0378,30033,WAGNER DE BRITO TEIXEIRA,NOVO,Deputado Estadual,2,2022
0378,30077,CAROLINE STAFOKER DA SILVA,NOVO,Deputado Estadual,5,2022
0378,30080,FERNANDO MARTINS,NOVO,Deputado Estadual,0,2022
0378,30100,EMILIO CURY JUNIOR,NOVO,Deputado Estadual,12,2022
0378,30111,RAFAEL PINTER,NOVO,Deputado Estadual,0,2022
0378,30123,CICERA SEVERINA DA CONCEIÇÃO MUSA,NOVO,Deputado Estadual,3,2022
0378,30130,MARIA CRISTINA DE OLIVEIRA,NOVO,Deputado Estadual,164,2022
0378,30153,MIRIAM MARIA ANTUNES DE SOUZA,NOVO,Deputado Estadual,48,2022
0378,30190,DOUGLAS HENRIQUE DE OLIVEIRA,NOVO,Deputado Estadual,36,2022
0378,30200,RAFAEL GUSTAVO BERNARDO,NOVO,Deputado Estadual,4,2022
0378,30202,PRISCILA GONÇALVES IEIRI PARRA,NOVO,Deputado Estadual,1,2022
0378,30222,MATILDE FÁTIMA ALVES CANUTO,NOVO,Deputado Estadual,1,2022
0378,30246,PAULO SÉRGIO CONTADOR MIRAS,NOVO,Deputado Estadual,107,2022
0378,30300,JOÃO VESTIM GRANDE,NOVO,Deputado Estadual,17,2022
0378,30301,EDUARDO ALMEIDA PERES,NOVO,Deputado Estadual,1,2022
0378,30303,DANIELLI CRISTIAN CARDOSO RÔA,NOVO,Deputado Estadual,2,2022
0378,30310,SILVANA MARQUES MONTEIRO,NOVO,Deputado Estadual,17,2022
0378,30321,VALMARA CRISTINA DE PAULA CAMARGO,NOVO,Deputado Estadual,4,2022
0378,30330,SILVIA BARNABE,NOVO,Deputado Estadual,1,2022
0378,30331,ANA PAULA MAGALHÃES DA SILVA PETILI,NOVO,Deputado Estadual,9,2022
0378,30333,EDSON TEIXEIRA,NOVO,Deputado Estadual,17,2022
0378,30345,ROMEU SÃO MARCOS ESCANHOELA,NOVO,Deputado Estadual,1,2022
0378,30369,TIAGO ROCHA FERREIRA,NOVO,Deputado Estadual,0,2022
0378,30400,LUIS GUILHERME PIRES,NOVO,Deputado Estadual,1,2022
0378,30444,ADALGISA SOLANGE SPINA,NOVO,Deputado Estadual,20,2022
0378,30456,CARLOS EDUARDO PEREZ,NOVO,Deputado Estadual,1,2022
0378,30500,SERGIO LUIZ VICTOR JUNIOR,NOVO,Deputado Estadual,58,2022
0378,30555,LUCAS PAVANATO DE OLIVEIRA,NOVO,Deputado Estadual,145,2022
0378,30600,LEONARDO DE SIQUEIRA LIMA,NOVO,Deputado Estadual,211,2022
0378,30700,LUCAS ROMERO DA SILVA,NOVO,Deputado Estadual,4,2022
0378,30730,HENRIQUE MAGALHÃES TEIXEIRA,NOVO,Deputado Estadual,403,2022
0378,30771,ODETE FIORDA,NOVO,Deputado Estadual,0,2022
0378,30777,CRISTIANE PEREIRA MACEDO,NOVO,Deputado Estadual,0,2022
0378,30800,RODRIGO BRUNO NAHAS,NOVO,Deputado Estadual,1,2022
0378,30878,MARCIO ANTONI SANTANA,NOVO,Deputado Estadual,0,2022
0378,30888,VITOR LUIS ARTIOLI KUNDRAT,NOVO,Deputado Estadual,1,2022
0378,30900,JURANDI SOARES GUIMARÃES,NOVO,Deputado Estadual,2,2022
0378,30972,ALEXANDRA DE ABREU,NOVO,Deputado Estadual,19,2022
0378,30987,MAURICIO AGUIAR GIUNTINI,NOVO,Deputado Estadual,0,2022
0378,30999,ANDRÉ LUIZ NAVARRO GARCIA MANZANO,NOVO,Deputado Estadual,5,2022
0378,33000,LUCCAS SANTOS DA CUNHA,PMN,Deputado Estadual,0,2022
0378,33006,PAMELA BARBOSA,PMN,Deputado Estadual,0,2022
0378,33007,SEBASTIÃO DE MESQUITA SILVA,PMN,Deputado Estadual,0,2022
0378,33010,FRANCISCO HORWATH NETO,PMN,Deputado Estadual,0,2022
0378,33017,GABRIELY DE LISIEUX LIMA BARBOSA,PMN,Deputado Estadual,0,2022
0378,33065,ADRIANA COELHO DE OLIVEIRA,PMN,Deputado Estadual,0,2022
0378,33100,PAULO CEZAR XAVIER ALEXANDRE,PMN,Deputado Estadual,0,2022
0378,33105,GENILDO RODRIGUES CASTRO,PMN,Deputado Estadual,0,2022
0378,33111,PATROCÍNIO RAMOS DA CRUZ NETO,PMN,Deputado Estadual,0,2022
0378,33112,GILMAR DIAS PEREIRA,PMN,Deputado Estadual,0,2022
0378,33120,SEBASTIÃO RIBEIRO DA SILVA,PMN,Deputado Estadual,0,2022
0378,33122,LUIZ MARQUES,PMN,Deputado Estadual,0,2022
0378,33123,ERICH DE ANDRES,PMN,Deputado Estadual,0,2022
0378,33133,ALESSANDRA VECCHIO SOBRINHO,PMN,Deputado Estadual,0,2022
0378,33136,AGNALDO ALVES PEREIRA,PMN,Deputado Estadual,0,2022
0378,33144,LUIZ FERNANDO BRASILIENSE,PMN,Deputado Estadual,0,2022
0378,33150,ROSILENE DOS SANTOS,PMN,Deputado Estadual,0,2022
0378,33190,FERNANDO DOS SANTOS CORREA,PMN,Deputado Estadual,0,2022
0378,33193,MARCOS DE OLIVEIRA SAMPAIO,PMN,Deputado Estadual,0,2022
0378,33199,PAULINA ROSA DE SOUZA JACINTO,PMN,Deputado Estadual,0,2022
0378,33222,GERALDO PEREIRA FILHO,PMN,Deputado Estadual,0,2022
0378,33234,IRENILDO ELIAS BARBOSA,PMN,Deputado Estadual,0,2022
0378,33240,IVAN CARLOS CONSTANTINO DE OLIVEIRA,PMN,Deputado Estadual,0,2022
0378,33246,JORGILENE ALVES SILVA,PMN,Deputado Estadual,0,2022
0378,33277,DORALICE SOUZA MATOS FAUSTINO,PMN,Deputado Estadual,0,2022
0378,33290,MÁRCIA LOPES DE ARAUJO,PMN,Deputado Estadual,0,2022
0378,33300,DAVI CICHETTO DE MORAES,PMN,Deputado Estadual,0,2022
0378,33312,MÁRCIA APARECIDA MENDES,PMN,Deputado Estadual,0,2022
0378,33313,SIDNEY MELO DA SILVA,PMN,Deputado Estadual,0,2022
0378,33321,MARCOS KOHLMANN BARBOZA,PMN,Deputado Estadual,0,2022
0378,33322,JÉSSIKA RUSSO MACHADO,PMN,Deputado Estadual,0,2022
0378,33331,MARCELLO MAZÁRIO COSTA,PMN,Deputado Estadual,0,2022
0378,33333,LEANDRA SOARES DOS SANTOS,PMN,Deputado Estadual,0,2022
0378,33334,GISELE CASARIN DA SILVA,PMN,Deputado Estadual,0,2022
0378,33355,ROSÂNGELA HERNANDES AZEVEDO,PMN,Deputado Estadual,0,2022
0378,33366,CÍCERO PEREIRA DO VALE,PMN,Deputado Estadual,0,2022
0378,33377,CELSO DA LUZ GUEDES,PMN,Deputado Estadual,0,2022
0378,33383,JOSÉ DOMINGOS SANTOS RIBEIRO,PMN,Deputado Estadual,0,2022
0378,33400,OSVALDO SANTOS DA SILVA,PMN,Deputado Estadual,0,2022
0378,33422,RAQUEL TOIAN DOS SANTOS,PMN,Deputado Estadual,0,2022
0378,33444,CÍCERO JOSÉ DE GOUVEIA,PMN,Deputado Estadual,0,2022
0378,33456,JOENE HENRIQUES DE FIGUEIREDO,PMN,Deputado Estadual,0,2022
0378,33500,ELIANDRO SILVA DIAS,PMN,Deputado Estadual,0,2022
0378,33536,MANOEL DE SOUSA COELHO JUNIOR,PMN,Deputado Estadual,0,2022
0378,33552,JOSÉ OSÓRIO FILHO,PMN,Deputado Estadual,0,2022
0378,33555,ROBERTO LUIZ DO NASCIMENTO,PMN,Deputado Estadual,0,2022
0378,33581,CLÁUDIO DE OLIVEIRA LEOPOLDO,PMN,Deputado Estadual,0,2022
0378,33606,CLEBER NUNES DOS SANTOS,PMN,Deputado Estadual,0,2022
0378,33666,WILLIAM SILVEIRA MEDEIROS,PMN,Deputado Estadual,0,2022
0378,33699,JOAQUIM ALVES PINHEIRO,PMN,Deputado Estadual,0,2022
0378,33700,DEIDILAN LIANG CORREIA DE SOUZA,PMN,Deputado Estadual,0,2022
0378,33713,MARIA LUCINDA RESENDE,PMN,Deputado Estadual,0,2022
0378,33722,ROSANGELA LOURENÇO BRITO SOUZA,PMN,Deputado Estadual,0,2022
0378,33733,RAIMUNDA GONÇALVES DOS SANTOS,PMN,Deputado Estadual,0,2022
0378,33766,LOURIVAL TORRES,PMN,Deputado Estadual,0,2022
0378,33777,TAIS CRISTINA LOURENÇO DE SOUZA,PMN,Deputado Estadual,0,2022
0378,33789,ANA CLÁUDIA MESQUITA ROCHA,PMN,Deputado Estadual,0,2022
0378,33843,RONALDO SEGALA,PMN,Deputado Estadual,0,2022
0378,33888,CAIO HENRIQUE DA SILVA,PMN,Deputado Estadual,0,2022
0378,33911,WAGNER CARDOSO DE OLIVEIRA,PMN,Deputado Estadual,0,2022
0378,33912,JOSÉ LUIZ ALVES NETO,PMN,Deputado Estadual,0,2022
0378,33933,ANGÉLICA DIAS DA SILVA,PMN,Deputado Estadual,0,2022
0378,33999,MICHAEL RICHARD DE JESUS PEDRO,PMN,Deputado Estadual,0,2022
0378,35000,LAERCIO BENKO LOPES,PMB,Deputado Estadual,19,2022
0378,35001,LUIS ALEXANDRE PINHEIRO,PMB,Deputado Estadual,0,2022
0378,35005,DANILO MARTINS DE OLIVEIRA FRANÇA,PMB,Deputado Estadual,0,2022
0378,35010,IRENIO OLIVEIRA CARDOSO,PMB,Deputado Estadual,0,2022
0378,35016,EDUARDO JOSE CORNELIO DE OLIVEIRA,PMB,Deputado Estadual,0,2022
0378,35019,TIAGO MANOEL CAETANO,PMB,Deputado Estadual,12,2022
0378,35022,ARLINDO PEREIRA FIGUEIREDO JUNIOR,PMB,Deputado Estadual,0,2022
0378,35030,SOFIA BRAGA PALMA,PMB,Deputado Estadual,0,2022
0378,35035,RAFAEL MORENO SOUZA SANTOS,PMB,Deputado Estadual,0,2022
0378,35051,LIGIA MAYUMI FUNAKI,PMB,Deputado Estadual,15,2022
0378,35054,CLEONICE APARECIDA PEREIRA DA SILVA,PMB,Deputado Estadual,0,2022
0378,35059,MARCO ANTONIO SARTI,PMB,Deputado Estadual,0,2022
0378,35077,JULIO CESAR FREITAS ROCHA,PMB,Deputado Estadual,1,2022
0378,35081,MARCOS JOSÉ DO VALLE,PMB,Deputado Estadual,0,2022
0378,35083,EDVAN LIMA BARBOSA,PMB,Deputado Estadual,10,2022
0378,35088,JANAINA BASTOS DE OLIVEIRA,PMB,Deputado Estadual,0,2022
0378,35099,JOÃO DA CONCEIÇÃO SILVA PAP,PMB,Deputado Estadual,7,2022
0378,35100,JOSÉ LUIZ BONITO,PMB,Deputado Estadual,2,2022
0378,35102,JOSÉ RICARDO DA SILVA,PMB,Deputado Estadual,1,2022
0378,35107,ROSEMARA LEANDRO DA SILVA,PMB,Deputado Estadual,1,2022
0378,35111,RICARDO ALEXANDRE ZUPIROLLI,PMB,Deputado Estadual,3,2022
0378,35113,RONALDO ELIAS MARIANO,PMB,Deputado Estadual,0,2022
0378,35119,NIELTON CARVALHO DE MATOS,PMB,Deputado Estadual,1,2022
0378,35121,WILSON DE VASCONCELOS VEIGA,PMB,Deputado Estadual,2,2022
0378,35122,ANDERSON ROGERIO ALVES,PMB,Deputado Estadual,0,2022
0378,35123,DANTE HENRIQUE MANTOVANI,PMB,Deputado Estadual,0,2022
0378,35180,PAULO DE OLIVEIRA ENEAS,PMB,Deputado Estadual,7,2022
0378,35190,REINALDO PEREIRA ZACHARIAS,PMB,Deputado Estadual,25,2022
0378,35191,JOSÉ PEREIRA NETO,PMB,Deputado Estadual,0,2022
0378,35193,ANGELO MARCIO DE JESUS SILVA,PMB,Deputado Estadual,0,2022
0378,35200,NOELMA DE SOUZA RODRIGUES,PMB,Deputado Estadual,1,2022
0378,35221,LUIS JACINTO BARRETO,PMB,Deputado Estadual,0,2022
0378,35222,MARCOS RIBEIRO DA SILVA,PMB,Deputado Estadual,2,2022
0378,35224,FRANCISCO ALVES DE SOUSA,PMB,Deputado Estadual,0,2022
0378,35259,ELAINE CRISTINA PUPE DE MORAIS,PMB,Deputado Estadual,0,2022
0378,35274,MARIA DA CONCEIÇÃO FERNANDES GRANATO,PMB,Deputado Estadual,0,2022
0378,35300,CLEBER VALADÃO ANTUNES,PMB,Deputado Estadual,1,2022
0378,35305,LUIS CARLOS FABIANI,PMB,Deputado Estadual,3,2022
0378,35312,SILAS DA SILVA MOREIRA,PMB,Deputado Estadual,0,2022
0378,35321,VALQUIRIA JUSTINO,PMB,Deputado Estadual,1,2022
0378,35322,KAISON ROBERTO ALVES,PMB,Deputado Estadual,3,2022
0378,35325,ROBERTO FRANCISCO DA SILVA,PMB,Deputado Estadual,0,2022
0378,35330,ADELMACIR DE SOUZA,PMB,Deputado Estadual,1,2022
0378,35333,LUCIANA APARECIDA DE PAULA CARVALHO,PMB,Deputado Estadual,0,2022
0378,35350,VIVIAN FILETO MARTINS DOS SANTOS,PMB,Deputado Estadual,0,2022
0378,35352,FERNANDO LUIS COUTINHO NEVES,PMB,Deputado Estadual,256,2022
0378,35355,MARCIA WALERIA NUNES DE OLIVEIRA DIAS,PMB,Deputado Estadual,1,2022
0378,35360,GILVAN DE ANDRADE GAIA,PMB,Deputado Estadual,1,2022
0378,35361,ADRIANA RANGEL RIBEIRO,PMB,Deputado Estadual,3,2022
0378,35369,ROBERIO DOS SANTOS BENEDITO,PMB,Deputado Estadual,0,2022
0378,35380,REGINALDO DA ROCHA MÁXIMO,PMB,Deputado Estadual,0,2022
0378,35400,WILLIAM DE SOUZA PALMA BOARRETTO,PMB,Deputado Estadual,0,2022
0378,35432,BENEDITO EDELCIO DA SILVA,PMB,Deputado Estadual,0,2022
0378,35444,MARIA ESTELA CAPELETTI DA ROCHA,PMB,Deputado Estadual,1,2022
0378,35447,ANDERSON HENRIQUE PINTO,PMB,Deputado Estadual,0,2022
0378,35450,INGRID DE MENDONÇA RIBEIRO,PMB,Deputado Estadual,0,2022
0378,35469,ERALDO NUNES GALDINO,PMB,Deputado Estadual,0,2022
0378,35474,CASSIO EDUARDO FONSECA,PMB,Deputado Estadual,0,2022
0378,35482,SUELI GUETE AGUIAR,PMB,Deputado Estadual,21,2022
0378,35500,ELIS REGINA NOGUEIRA RODRIGUES,PMB,Deputado Estadual,3,2022
0378,35522,THAISE CARVALHO MIRANDA,PMB,Deputado Estadual,1,2022
0378,35533,JORGE CLAUDIO ANSELMO,PMB,Deputado Estadual,0,2022
0378,35550,DOUGLAS KAJFES GARCIA,PMB,Deputado Estadual,0,2022
0378,35551,ELISANGELA VALINHO QUEIROZ DOS SANTOS,PMB,Deputado Estadual,0,2022
0378,35553,ENEAS SILVA FERREIRA SALES,PMB,Deputado Estadual,0,2022
0378,35554,ALEIXO ANDRE MANOEL NETO,PMB,Deputado Estadual,0,2022
0378,35555,DANILO RIDYER PALMA,PMB,Deputado Estadual,413,2022
0378,35600,CARLOS FERNANDO SERRA DO NASCIMENTO,PMB,Deputado Estadual,0,2022
0378,35622,JULIO AURELIANO DA SILVA,PMB,Deputado Estadual,0,2022
0378,35635,LUIS RENATO PINTO DE OLIVEIRA,PMB,Deputado Estadual,0,2022
0378,35666,DULCINEIA COELHO DA SILVA,PMB,Deputado Estadual,0,2022
0378,35667,FATIMA NASCIMENTO ALEXANDRE,PMB,Deputado Estadual,0,2022
0378,35678,DANIEL RODRIGUES BRANDO,PMB,Deputado Estadual,0,2022
0378,35700,ROGÉRIO MARTINIUC DE OLIVEIRA,PMB,Deputado Estadual,0,2022
0378,35722,ADELINO CASTELLEIRO FILHO,PMB,Deputado Estadual,0,2022
0378,35733,SANTA DA PAIXÃO GOMES DA SILVA,PMB,Deputado Estadual,0,2022
0378,35735,ABEL FELIX CAMPOS NETO,PMB,Deputado Estadual,8,2022
0378,35744,CLAUDIA VALDENIA GOMES MAIA,PMB,Deputado Estadual,0,2022
0378,35777,DALTON TADEU IZZO JUNIOR,PMB,Deputado Estadual,0,2022
0378,35789,VALDIRENE SANTOS DA SILVA,PMB,Deputado Estadual,0,2022
0378,35799,MARTIM VIEIRA FERREIRA,PMB,Deputado Estadual,0,2022
0378,35808,SIMONE SILVA SANTOS DA COSTA,PMB,Deputado Estadual,0,2022
0378,35822,ANA PAULA MELO PETILO,PMB,Deputado Estadual,0,2022
0378,35835,RONALDO GALDINO DOS SANTOS,PMB,Deputado Estadual,0,2022
0378,35885,NORMANDO BARBOSA DE OLIVEIRA,PMB,Deputado Estadual,0,2022
0378,35888,ALESSANDRA ABE,PMB,Deputado Estadual,0,2022
0378,35900,RODRIGO MOLLER,PMB,Deputado Estadual,0,2022
0378,35931,ELIANA SÃO ROQUE MARTINS,PMB,Deputado Estadual,13,2022
0378,35999,ANDERSON GUIMARÃES DE ALMEIDA,PMB,Deputado Estadual,0,2022
0378,36000,SIMONE MARQUES LOPES,AGIR,Deputado Estadual,0,2022
0378,36001,CAMILA CRISTINA BRITO,AGIR,Deputado Estadual,0,2022
0378,36003,JULIANO MERKES,AGIR,Deputado Estadual,0,2022
0378,36004,ALESSANDRO CAMARGO RODRIGUES,AGIR,Deputado Estadual,0,2022
0378,36006,JORGE MOTA DE OLIVEIRA JUNIOR,AGIR,Deputado Estadual,0,2022
0378,36007,DOUGLAS SOLANO DAS NEVES,AGIR,Deputado Estadual,0,2022
0378,36009,SIMONE VANESSA SANTOS DIAZ,AGIR,Deputado Estadual,0,2022
0378,36010,JOEL XAVIER DA SILVA,AGIR,Deputado Estadual,0,2022
0378,36011,ANDREIA TASSIANE ANTONACCI,AGIR,Deputado Estadual,0,2022
0378,36013,JANAINA CRISP GIULIANO CAVALCANTE,AGIR,Deputado Estadual,0,2022
0378,36016,ELIZEU RODRIGUES VARELA,AGIR,Deputado Estadual,0,2022
0378,36017,ALENATO MARTINS VIDAL,AGIR,Deputado Estadual,0,2022
0378,36020,MAURO FRANCISCO DE TOLEDO,AGIR,Deputado Estadual,0,2022
0378,36021,JÉSUA DE LIMA FERREIRA DA SILVA,AGIR,Deputado Estadual,0,2022
0378,36022,ROSIMEIRE SANTOS CESCHINI,AGIR,Deputado Estadual,0,2022
0378,36029,MARIA APARECIDA SANTOS ARAUJO,AGIR,Deputado Estadual,0,2022
0378,36030,JOSE FERNANDES DE OLIVEIRA BARBOSA,AGIR,Deputado Estadual,0,2022
0378,36031,MOÉSIO ALVES CORREIA,AGIR,Deputado Estadual,0,2022
0378,36033,JORGE MOTTA CARNEIRO,AGIR,Deputado Estadual,0,2022
0378,36050,MARIA FERREIRA LIMA,AGIR,Deputado Estadual,0,2022
0378,36051,ELIAS DOS SANTOS BITENCOURT,AGIR,Deputado Estadual,0,2022
0378,36056,PAULO KAZUO DE SOUZA IFUKU,AGIR,Deputado Estadual,0,2022
0378,36061,JOSELITO ALVES DOS SANTOS,AGIR,Deputado Estadual,0,2022
0378,36070,SAULO FAUSTINO,AGIR,Deputado Estadual,0,2022
0378,36075,CARLOS LUIS GUERRA DE LIMA,AGIR,Deputado Estadual,0,2022
0378,36088,MARIA DANIELA NOGUEIRA DONI,AGIR,Deputado Estadual,0,2022
0378,36089,JOSE CARLOS FERREIRA DA SILVA,AGIR,Deputado Estadual,0,2022
0378,36090,MAGNO ALVES DE OLIVEIRA,AGIR,Deputado Estadual,0,2022
0378,36100,SILVIO DO CARMO CAMARGO,AGIR,Deputado Estadual,0,2022
0378,36101,JUCILENE DE JESUS LIMA,AGIR,Deputado Estadual,0,2022
0378,36102,RICARDO BORGES DE OLIVEIRA,AGIR,Deputado Estadual,0,2022
0378,36110,JOAO VIANELLE PINTO,AGIR,Deputado Estadual,0,2022
0378,36111,VALMIR FERREIRA VERAS,AGIR,Deputado Estadual,0,2022
0378,36112,OSEIAS VIEIRA DE SOUSA,AGIR,Deputado Estadual,0,2022
0378,36113,PAULO DONIZETI SAGIO,AGIR,Deputado Estadual,0,2022
0378,36114,EDIVALDA CORDEIRO DE LIMA SILVA,AGIR,Deputado Estadual,0,2022
0378,36117,SILMARA CRISTIANE DA SILVA POMPOLLO,AGIR,Deputado Estadual,0,2022
0378,36125,JOSE CICERO FERREIRA DE LIMA,AGIR,Deputado Estadual,0,2022
0378,36133,LUCIANO MARTINS CRUZ,AGIR,Deputado Estadual,0,2022
0378,36151,EDSON GARCIA,AGIR,Deputado Estadual,0,2022
0378,36175,DERIONERIO OLIVEIRA DE ASSIS,AGIR,Deputado Estadual,0,2022
0378,36177,LUIZ CARLOS DE FREITAS,AGIR,Deputado Estadual,0,2022
0378,36190,ADRIANA SANCHES GALDEANO BORGO,AGIR,Deputado Estadual,0,2022
0378,36193,ALDO ALMEIDA,AGIR,Deputado Estadual,0,2022
0378,36203,ADRIANA SANTOS BARRENHA,AGIR,Deputado Estadual,0,2022
0378,36212,THAMIRES DE OLIVEIRA DAMATTO,AGIR,Deputado Estadual,0,2022
0378,36220,ISMAEL DA SILVA SOUZA,AGIR,Deputado Estadual,0,2022
0378,36222,JOAO BATISTA DE OLIVEIRA,AGIR,Deputado Estadual,0,2022
0378,36228,MARIA CAROLINA DA SILVA TAVARES CRUZ,AGIR,Deputado Estadual,0,2022
0378,36233,EDSON MARCOS DE CARVALHO,AGIR,Deputado Estadual,0,2022
0378,36260,JOSE SILVA LIMA,AGIR,Deputado Estadual,0,2022
0378,36290,MARCOS VINICIUS MOUTA MENDONÇA,AGIR,Deputado Estadual,0,2022
0378,36301,DAILAS RODRIGUES DA SILVA SOARES,AGIR,Deputado Estadual,0,2022
0378,36310,VERA LUCIA APARECIDA ALVES,AGIR,Deputado Estadual,0,2022
0378,36315,WAGNER ALVES DE LIMA,AGIR,Deputado Estadual,0,2022
0378,36322,ANTONIO CARLOS DOS SANTOS,AGIR,Deputado Estadual,0,2022
0378,36333,PAULA NATALEN FARIAS DE MORAES MULLER,AGIR,Deputado Estadual,0,2022
0378,36336,JACQUELINE MARINO FERNANDES DA SILVA,AGIR,Deputado Estadual,0,2022
0378,36358,CARLINHO NASCIMENTO SILVA,AGIR,Deputado Estadual,0,2022
0378,36361,GILMAR VAZ DA ROCHA,AGIR,Deputado Estadual,0,2022
0378,36363,MARCOS LUIZ ABDO DE SIQUEIRA,AGIR,Deputado Estadual,0,2022
0378,36400,JOSEMAR CARLOS DE OLIVEIRA,AGIR,Deputado Estadual,0,2022
0378,36407,LEIA DA SILVA FELISBERTO,AGIR,Deputado Estadual,0,2022
0378,36500,HELENA NOBUCO SUZUKI TAKADACHI,AGIR,Deputado Estadual,0,2022
0378,36541,GENTIL ALVES DOS SANTOS NETO,AGIR,Deputado Estadual,0,2022
0378,36551,NERINALVA SANTOS SANTANA,AGIR,Deputado Estadual,0,2022
0378,36566,PEDRO PAULO DE OLIVEIRA FILHO,AGIR,Deputado Estadual,0,2022
0378,36600,MARCOS DOS SANTOS SENA,AGIR,Deputado Estadual,0,2022
0378,36636,KLEBER ADELIPIO BARROS SANTOS,AGIR,Deputado Estadual,0,2022
0378,36640,UBIRAJARA DE ARAUJO MORAIS,AGIR,Deputado Estadual,0,2022
0378,36661,SÉRGIO MARTINS DA SILVA,AGIR,Deputado Estadual,0,2022
0378,36666,ALEX FABIANO COSTA GARCIA,AGIR,Deputado Estadual,0,2022
0378,36700,FABIANO DA SILVA MONTEIRO,AGIR,Deputado Estadual,0,2022
0378,36712,GISELE CRISTINA DOS SANTOS SILVA,AGIR,Deputado Estadual,0,2022
0378,36779,JOSE DE OLIVEIRA LEME FILHO,AGIR,Deputado Estadual,0,2022
0378,36789,SHIRLEY PALADY CAMBUR,AGIR,Deputado Estadual,0,2022
0378,36820,WILLIANS ROCHA MONTEIRO,AGIR,Deputado Estadual,0,2022
0378,36841,SAMUEL DO CARMO,AGIR,Deputado Estadual,0,2022
0378,36888,CESAR BENEDITO ALVES,AGIR,Deputado Estadual,0,2022
0378,36889,SERGILVAN OLIVEIRA DE BRITO,AGIR,Deputado Estadual,0,2022
0378,36890,JOSE CICERO FERNANDES DA SILVA,AGIR,Deputado Estadual,0,2022
0378,36918,ANA CLAUDIA SEVERINO RIVERA,AGIR,Deputado Estadual,0,2022
0378,36936,HEITOR ROBERTO TOMMASINI,AGIR,Deputado Estadual,0,2022
0378,36960,SALVADOR FERREIRA DA SILVA JUNIOR,AGIR,Deputado Estadual,0,2022
0378,36963,REINALDO MARTINS,AGIR,Deputado Estadual,0,2022
0378,36969,TARCISIO BRUNO GUIDI,AGIR,Deputado Estadual,0,2022
0378,36980,OSNI RAMOS JUNIOR,AGIR,Deputado Estadual,0,2022
0378,36999,DONIZETE APARECIDO FERREIRA,AGIR,Deputado Estadual,0,2022
0378,40000,ANDRÉA WERNER SILVA BONOLI,PSB,Deputado Estadual,642,2022
0378,40001,ISABELA RODAS MESSIAS,PSB,Deputado Estadual,22,2022
0378,40004,ALBERTO ADRIANO DE JESUS,PSB,Deputado Estadual,5,2022
0378,40008,LUIZ JOSÉ TEGAMI,PSB,Deputado Estadual,3,2022
0378,40010,VANDERLEI NERES PEREIRA,PSB,Deputado Estadual,1,2022
0378,40012,TALITA DE LIMA BARBOSA,PSB,Deputado Estadual,27,2022
0378,40013,CELSO DA SILVA,PSB,Deputado Estadual,31,2022
0378,40015,MILTON NERY NETO,PSB,Deputado Estadual,1,2022
0378,40020,GERALDO ANTÔNIO DA NÓBREGA,PSB,Deputado Estadual,5,2022
0378,40021,EDNA PENHA DA SILVA,PSB,Deputado Estadual,0,2022
0378,40022,NATALINO DE JESUS,PSB,Deputado Estadual,4,2022
0378,40026,GERALDO RIBEIRO GUIMARÃES NETO,PSB,Deputado Estadual,0,2022
0378,40040,MAYARA OLIVEIRA TORRES DA SILVA,PSB,Deputado Estadual,25,2022
0378,40044,ELISANDRA PEDROSO FERREIRA,PSB,Deputado Estadual,3,2022
0378,40050,ELVIO FERNANDEZ GONZALEZ,PSB,Deputado Estadual,1,2022
0378,40051,REINALDO RÚBIO RODA,PSB,Deputado Estadual,0,2022
0378,40054,ADRIANO DE OLIVEIRA SILVA DOS SANTOS,PSB,Deputado Estadual,0,2022
0378,40069,COSMO DAMIÃO FREITAS CID,PSB,Deputado Estadual,5,2022
0378,40070,JOSÉ DILSON DAS CHAGAS,PSB,Deputado Estadual,1,2022
0378,40077,EDSON FLORINDO PEREIRA,PSB,Deputado Estadual,34,2022
0378,40095,NILDO SILVESTRE DA SILVA,PSB,Deputado Estadual,0,2022
0378,40096,EDVAN JOSE DOS SANTOS,PSB,Deputado Estadual,1,2022
0378,40111,FÁBIO CESAR FERREIRA,PSB,Deputado Estadual,109,2022
0378,40112,LEIDE MENGATTI,PSB,Deputado Estadual,10,2022
0378,40113,JOSÉ RONALDO GOMES DA SILVA,PSB,Deputado Estadual,0,2022
0378,40120,GABRIEL BELÉM DOS SANTOS,PSB,Deputado Estadual,2,2022
0378,40121,MÁRIO MEDEIROS NETO,PSB,Deputado Estadual,11,2022
0378,40123,CAMILA GODOI DA SILVA RODRIGUES,PSB,Deputado Estadual,55,2022
0378,40128,ANTONIO LAURO CAMPANHA,PSB,Deputado Estadual,0,2022
0378,40133,JOÃO CARLOS CARAMEZ,PSB,Deputado Estadual,8,2022
0378,40134,JOÃO AGUIAR RIBEIRO,PSB,Deputado Estadual,1,2022
0378,40140,EDSON ELIAS KHOURI,PSB,Deputado Estadual,0,2022
0378,40150,EDUARDO NASCIMENTO,PSB,Deputado Estadual,1,2022
0378,40153,LUCAS DE OLIVEIRA CARDOSO,PSB,Deputado Estadual,215,2022
0378,40155,MARIA JOSÉ DA SILVA BEZERRA,PSB,Deputado Estadual,1,2022
0378,40167,GRACE LAINE PINCERATO CARREIRA DINI,PSB,Deputado Estadual,0,2022
0378,40180,JOSÉ APARECIDO ALVES,PSB,Deputado Estadual,9,2022
0378,40185,MARIA SALETE MARINI,PSB,Deputado Estadual,0,2022
0378,40192,LEANDRO ALTRÃO MARTINES,PSB,Deputado Estadual,4,2022
0378,40199,FABIO ADONIS PEREIRA,PSB,Deputado Estadual,1,2022
0378,40200,LUIZ CARLOS SILVA LEMOS,PSB,Deputado Estadual,4,2022
0378,40211,VALDOMIRO LOPES DA SILVA JUNIOR,PSB,Deputado Estadual,6,2022
0378,40222,GABRIELA VARGAS SABINO,PSB,Deputado Estadual,17,2022
0378,40233,POLIANA ALVES FERNANDES PINTO,PSB,Deputado Estadual,0,2022
0378,40234,CLERISTON DOS SANTOS ARAÚJO,PSB,Deputado Estadual,0,2022
0378,40240,JOCELY RAMOS DOS REIS MARCO,PSB,Deputado Estadual,1,2022
0378,40245,CHARLES ROBERTO PAES,PSB,Deputado Estadual,0,2022
0378,40256,EDUARDO LUIZ,PSB,Deputado Estadual,1,2022
0378,40261,MAURICIO MARTINEZ,PSB,Deputado Estadual,0,2022
0378,40300,CARMEN DA SILVA FERREIRA,PSB,Deputado Estadual,25,2022
0378,40303,DAVID SANTANA DA SILVA,PSB,Deputado Estadual,0,2022
0378,40321,ABIDAN HENRIQUE DA SILVA,PSB,Deputado Estadual,14,2022
0378,40333,RAFAEL ZAMPRONIO DA SILVEIRA,PSB,Deputado Estadual,2,2022
0378,40345,ANDERSON FREITAS BARBOSA PASSOS,PSB,Deputado Estadual,0,2022
0378,40377,ALEXANDRE SÓCRATES NAVISKAS,PSB,Deputado Estadual,0,2022
0378,40400,RENATA FALZONI,PSB,Deputado Estadual,99,2022
0378,40404,CAMILA TAPIA ROJAS SEGATO,PSB,Deputado Estadual,5,2022
0378,40412,FERNANDA DE MORAES DA SILVA,PSB,Deputado Estadual,1,2022
0378,40440,CLAUDIO OLIVEIRA DE MESSIAS,PSB,Deputado Estadual,1,2022
0378,40444,JULIANO MALAQUIAS BOTELHO,PSB,Deputado Estadual,0,2022
0378,40445,JOSELI ELVIRA CAVALHEIRO,PSB,Deputado Estadual,3,2022
0378,40456,PERMÍNIO MONTEIRO DA SILVA,PSB,Deputado Estadual,2258,2022
0378,40457,LISETE GOMES DAS NEVES,PSB,Deputado Estadual,2,2022
0378,40500,GRAZIELA COSTA LEITE,PSB,Deputado Estadual,14,2022
0378,40505,MARCELO FERREIRA KAWATOKO,PSB,Deputado Estadual,0,2022
0378,40525,WAINES MOREIRA ALVES,PSB,Deputado Estadual,1,2022
0378,40537,FLORDINICE PINHEIRO,PSB,Deputado Estadual,0,2022
0378,40540,LARA EUNICE SANTOS BARBOSA,PSB,Deputado Estadual,0,2022
0378,40555,PEDRO TOMISHIGUE MORI,PSB,Deputado Estadual,0,2022
0378,40570,ANTONIO CARLOS RODRIGUES TEIXEIRA JUNIOR,PSB,Deputado Estadual,3,2022
0378,40577,RODRIGO ALMEIDA PASSOS,PSB,Deputado Estadual,0,2022
0378,40600,ANDRÉA DAS NEVES NERI DE SANTANA,PSB,Deputado Estadual,7,2022
0378,40635,LAÍS HELENA ANTONIO DOS SANTOS ALOISE,PSB,Deputado Estadual,25,2022
0378,40640,CAIO FRANÇA DE GOUVÊA GOMES,PSB,Deputado Estadual,45,2022
0378,40650,CASSIANO ROSADO CORREIA,PSB,Deputado Estadual,2,2022
0378,40656,SÍLVIA ELENA BITTENCOURT,PSB,Deputado Estadual,0,2022
0378,40665,SHIRLEI APARECIDA MOURA DA SILVA,PSB,Deputado Estadual,0,2022
0378,40666,CARLOS ALBERTO ROSSI,PSB,Deputado Estadual,1,2022
0378,40670,ROBERTO MONTEIRO,PSB,Deputado Estadual,0,2022
0378,40690,DOUGLAS AMPARADO CABRAL,PSB,Deputado Estadual,0,2022
0378,40700,ELIAS PEREIRA FREITAS DA SILVA JUNIOR,PSB,Deputado Estadual,2,2022
0378,40717,SUSIMEIRE RIBEIRO DOS SANTOS,PSB,Deputado Estadual,0,2022
0378,40777,PETERSON RUAN AIELLO DO COUTO RAMOS,PSB,Deputado Estadual,30,2022
0378,40789,JOSÉ ANTÔNIO FERREIRA,PSB,Deputado Estadual,18,2022
0378,40813,ALEXANDRE SIMÕES PIMENTEL,PSB,Deputado Estadual,1,2022
0378,40850,RICARDO DE FARIA SILVA,PSB,Deputado Estadual,6,2022
0378,40888,CYNTHIA MICHELS,PSB,Deputado Estadual,4,2022
0378,40900,PAULO CEZAR CONCEIÇÃO QUADROS,PSB,Deputado Estadual,1,2022
0378,40999,ABDULBASET JAROUR,PSB,Deputado Estadual,18,2022
0378,43000,CLAUDIA VISONI,PV,Deputado Estadual,24,2022
0378,43007,MARIA DAS DORES ALVES SILVA,PV,Deputado Estadual,0,2022
0378,43033,THIAGO RODRIGO MARTINS,PV,Deputado Estadual,16,2022
0378,43043,DACIO BERALDO BICUDO,PV,Deputado Estadual,0,2022
0378,43090,JOANA DARQUE DA PAZ,PV,Deputado Estadual,0,2022
0378,43123,WILLDSON MENDES STAHN,PV,Deputado Estadual,36,2022
0378,43190,ANGELO PAULINO DA SILVA,PV,Deputado Estadual,0,2022
0378,43222,CRISTIANE ALEXANDRE MENDES,PV,Deputado Estadual,2,2022
0378,43333,LEONARDO CÉSAR TASSINARI,PV,Deputado Estadual,2,2022
0378,43343,LUISA DA SILVA FERNANDES,PV,Deputado Estadual,0,2022
0378,43430,DONIZETI APARECIDO ALVES FERREIRA,PV,Deputado Estadual,0,2022
0378,43433,RICARDO JOSÉ LEMES,PV,Deputado Estadual,6,2022
0378,43444,ROMILDO DE PINHO CAMPELLO,PV,Deputado Estadual,2,2022
0378,43500,AMILCAR MARCEL DE SOUZA,PV,Deputado Estadual,0,2022
0378,43773,JOEL MOREIRA PASSOS JUNIOR,PV,Deputado Estadual,0,2022
0378,44001,EDSON DE OLIVEIRA GIRIBONI,UNIÃO,Deputado Estadual,15,2022
0378,44002,MARIA INES PINTO DE OLIVEIRA SANTIAGO,UNIÃO,Deputado Estadual,1,2022
0378,44004,ANDERSON REITANO RICARDO,UNIÃO,Deputado Estadual,1,2022
0378,44007,FELIPE SOUZA MURAKAMI DE FRANCO,UNIÃO,Deputado Estadual,519,2022
0378,44008,CESAR ROCHA ANDRADE DA SILVA,UNIÃO,Deputado Estadual,124,2022
0378,44009,FELIPPE LOURENÇO OLIVEIRA COELHO,UNIÃO,Deputado Estadual,3,2022
0378,44011,CARLOS JOSE GASPAR,UNIÃO,Deputado Estadual,0,2022
0378,44014,MYRIAN RAVANELLI SCANDAR KARAM,UNIÃO,Deputado Estadual,4,2022
0378,44016,CLAUDINEI LUIS DA SILVA,UNIÃO,Deputado Estadual,4,2022
0378,44018,DEOMERCE DE SOUZA DAMASCENO,UNIÃO,Deputado Estadual,5,2022
0378,44019,RODRIGO LUIS DE BARROS ALMEIDA,UNIÃO,Deputado Estadual,11745,2022
0378,44023,ANA ROSA TEIXEIRA DE ARAUJO,UNIÃO,Deputado Estadual,3,2022
0378,44025,FERNANDO GALVAO MOURA,UNIÃO,Deputado Estadual,9,2022
0378,44033,PAULO NUNES PINHEIRO,UNIÃO,Deputado Estadual,0,2022
0378,44040,OCIMAR DOS REIS OLIVEIRA,UNIÃO,Deputado Estadual,3,2022
0378,44041,SORAIA DOS SANTOS CARNEIRO D EPIRO,UNIÃO,Deputado Estadual,0,2022
0378,44044,SOLANGE CRISTINA DE FREITAS,UNIÃO,Deputado Estadual,44,2022
0378,44045,OSTERLAINE HENRIQUES ALVES,UNIÃO,Deputado Estadual,6,2022
0378,44050,JURACY DA CONCEIÇÃO DOS SANTOS,UNIÃO,Deputado Estadual,0,2022
0378,44054,MARI CRISTINA BIZARI,UNIÃO,Deputado Estadual,0,2022
0378,44055,LAERCIO SANDES DE OLIVEIRA,UNIÃO,Deputado Estadual,0,2022
0378,44070,FABIO DUARTE JOANA,UNIÃO,Deputado Estadual,3,2022
0378,44077,RAFAEL SARAIVA GAIA,UNIÃO,Deputado Estadual,261,2022
0378,44080,ELIANA PAULA CARETI,UNIÃO,Deputado Estadual,1,2022
0378,44081,AUGUSTO CÉSAR CORREA NETO,UNIÃO,Deputado Estadual,0,2022
0378,44100,VITOR ABOU ANNI,UNIÃO,Deputado Estadual,28,2022
0378,44110,HELIO VIEIRA MALHEIROS JUNIOR,UNIÃO,Deputado Estadual,1,2022
0378,44111,DANIEL BEZERRA RIBEIRO SOARES,UNIÃO,Deputado Estadual,329,2022
0378,44118,EDMIR JOSE ABI CHEDID,UNIÃO,Deputado Estadual,72,2022
0378,44122,JOSE ALDO DEMARCHI,UNIÃO,Deputado Estadual,14,2022
0378,44123,OLIVIO AUGUSTO FREITAS CHAVES,UNIÃO,Deputado Estadual,5,2022
0378,44125,JOAO BATISTA DO PRADO,UNIÃO,Deputado Estadual,0,2022
0378,44127,CAMILA GRASIELE SANGREGORIO SOARES,UNIÃO,Deputado Estadual,2,2022
0378,44130,LETICIA CRISTINA DA SILVA,UNIÃO,Deputado Estadual,0,2022
0378,44140,THIAGO VERONICO DE FREITAS,UNIÃO,Deputado Estadual,0,2022
0378,44144,RONALDO FORMIGAO,UNIÃO,Deputado Estadual,1,2022
0378,44150,GISELE APARECIDA DA SILVA RAMOS,UNIÃO,Deputado Estadual,2,2022
0378,44155,FERNANDA ALVES DA SILVA,UNIÃO,Deputado Estadual,0,2022
0378,44156,ALINE CARBALLO TEIXEIRA,UNIÃO,Deputado Estadual,10,2022
0378,44171,JAQUELINE MONTEIRO DE CARVALHO BARRETO,UNIÃO,Deputado Estadual,1,2022
0378,44190,ADMILSON DE SOUZA,UNIÃO,Deputado Estadual,8,2022
0378,44193,BENEDITO ROBERTO MEIRA,UNIÃO,Deputado Estadual,1,2022
0378,44200,RENATO DA SILVA GOIS,UNIÃO,Deputado Estadual,2,2022
0378,44220,ANDRE CRISTHIANO CAYRES RIBEIRO,UNIÃO,Deputado Estadual,1156,2022
0378,44222,JORGE TADEU MUDALEN,UNIÃO,Deputado Estadual,49,2022
0378,44234,LUIZ OTAVIO DA SILVA,UNIÃO,Deputado Estadual,0,2022
0378,44250,MILTON LEITE DA SILVA FILHO,UNIÃO,Deputado Estadual,36,2022
0378,44300,GILBERTO DANIEL JUNIOR,UNIÃO,Deputado Estadual,5,2022
0378,44321,RAFAELA KOBAL FERNANDES DE CARVALHO,UNIÃO,Deputado Estadual,3,2022
0378,44333,AMANDA VETTORAZZO CARNEIRO,UNIÃO,Deputado Estadual,269,2022
0378,44345,REINALDO BRIGIDO DE SOUSA,UNIÃO,Deputado Estadual,1,2022
0378,44350,MARCIA LENTZ,UNIÃO,Deputado Estadual,0,2022
0378,44363,TANIA CRISTINA FRUCHI,UNIÃO,Deputado Estadual,5,2022
0378,44400,RAFAEL ELIAS MACHADO PEREIRA ANTUNES,UNIÃO,Deputado Estadual,18,2022
0378,44411,LEANDRO CALDEIRA NAVA,UNIÃO,Deputado Estadual,6,2022
0378,44422,SIDELI DA SILVA LOPES,UNIÃO,Deputado Estadual,0,2022
0378,44433,MARCELO FUSCO,UNIÃO,Deputado Estadual,1,2022
0378,44440,JUAREZ PEREIRA DA SILVA,UNIÃO,Deputado Estadual,5,2022
0378,44441,LUIZ CLAUDIO VENANCIO ALVES,UNIÃO,Deputado Estadual,0,2022
0378,44444,MARIA HELENA PASINI PEDROSO PETERNELLI,UNIÃO,Deputado Estadual,50,2022
0378,44445,JOAO BATISTA ROCHA,UNIÃO,Deputado Estadual,2,2022
0378,44447,JUAN RAMON SOTO,UNIÃO,Deputado Estadual,0,2022
0378,44450,FLAVIA MENDES GOMES,UNIÃO,Deputado Estadual,0,2022
0378,44451,EDEMIR DE MELO,UNIÃO,Deputado Estadual,0,2022
0378,44456,FERNANDO HENRIQUE CURY,UNIÃO,Deputado Estadual,6,2022
0378,44470,WERMESON PEREIRA DA SILVA,UNIÃO,Deputado Estadual,2,2022
0378,44477,MISAEL ARAUJO RODRIGUES DA SILVA,UNIÃO,Deputado Estadual,1,2022
0378,44500,CARLOS LOTHAR KAUTZA,UNIÃO,Deputado Estadual,10,2022
0378,44532,LUCAS MÁXIMO DE JESUS,UNIÃO,Deputado Estadual,0,2022
0378,44544,MAURICIO MENNA BARRETO GASPARINI,UNIÃO,Deputado Estadual,4,2022
0378,44550,HUMBERTO YUDI WATANABE,UNIÃO,Deputado Estadual,0,2022
0378,44556,GILVANIA MEDEIROS DE OLIVEIRA,UNIÃO,Deputado Estadual,4,2022
0378,44557,SERGIO DE PAULA REIS FILHO,UNIÃO,Deputado Estadual,0,2022
0378,44560,NELMA APARECIDA ANDRADE SOUZA,UNIÃO,Deputado Estadual,0,2022
0378,44567,AGLIBERTO DO SOCORRO CHAGAS,UNIÃO,Deputado Estadual,0,2022
0378,44600,MARCOS FERNANDO PORTELLA FONTES,UNIÃO,Deputado Estadual,9,2022
0378,44611,VIVIANE DOS SANTOS SILVA CASAMASSA,UNIÃO,Deputado Estadual,0,2022
0378,44644,RODRIGO CESAR REGORAO VERONEZI,UNIÃO,Deputado Estadual,0,2022
0378,44662,ANGELA DONATIELLO LOPES,UNIÃO,Deputado Estadual,0,2022
0378,44678,DONILZETE JOSÉ SOARES,UNIÃO,Deputado Estadual,0,2022
0378,44700,LUIZ CARLOS GONDIM TEIXEIRA,UNIÃO,Deputado Estadual,2,2022
0378,44705,ROLGACIANO FERNANDES ALMEIDA,UNIÃO,Deputado Estadual,1,2022
0378,44707,BENEDITO DE VITTO JUNIOR,UNIÃO,Deputado Estadual,0,2022
0378,44744,ADRIANA CRISTINA SGRIGNEIRO NUNES,UNIÃO,Deputado Estadual,19,2022
0378,44767,CECILIA CLAUDINO GOMES DO AMARAL PEREIRA,UNIÃO,Deputado Estadual,0,2022
0378,44770,ADENILSON PEREIRA DE AMORIM,UNIÃO,Deputado Estadual,3,2022
0378,44777,AUGUSTO ZACARIAS CORREA LEITE,UNIÃO,Deputado Estadual,923,2022
0378,44789,JOÃO DA SILVA FILHO,UNIÃO,Deputado Estadual,1,2022
0378,44800,JAQUELINE DA SILVA LIRA ARRUDA,UNIÃO,Deputado Estadual,1,2022
0378,44852,CICERO APARECIDO DE MELO,UNIÃO,Deputado Estadual,0,2022
0378,44888,WALTER MARTINS JUNIOR,UNIÃO,Deputado Estadual,2,2022
0378,44900,MARCUS LEVY ANDRADE ACOSTA,UNIÃO,Deputado Estadual,1,2022
0378,44944,RUBENS LOBATO PINHEIRO NETO,UNIÃO,Deputado Estadual,1,2022
0378,44999,RENATO DE SOUZA BATTISTA,UNIÃO,Deputado Estadual,321,2022
0378,45000,BRUNA DIAS FURLAN VICENTE,PSDB,Deputado Estadual,163,2022
0378,45002,IVONE FERNANDES DIAS DO NASCIMENTO,PSDB,Deputado Estadual,0,2022
0378,45007,DOMINGOS COSTA MINÉZIO GALLÉ,PSDB,Deputado Estadual,3,2022
0378,45011,FAOUAZ TAHA,PSDB,Deputado Estadual,16,2022
0378,45012,EDGARD TAKASHI SASAKI,PSDB,Deputado Estadual,1,2022
0378,45019,ISABEL CRISTINA DA SILVA MARCELINO VIEIRA,PSDB,Deputado Estadual,22,2022
0378,45040,FLÁVIO SPINUCCI JUNIOR,PSDB,Deputado Estadual,6,2022
0378,45045,ISRAEL ALEXANDRE DE SOUZA,PSDB,Deputado Estadual,85,2022
0378,45055,CAROLINA RIBEIRO FREITAS,PSDB,Deputado Estadual,1,2022
0378,45059,EDSON ROBERTO PARRON,PSDB,Deputado Estadual,0,2022
0378,45088,RENE VLADEMIR BLOTA JUNIOR,PSDB,Deputado Estadual,0,2022
0378,45100,CARLOS ALESSANDRO FRANCO BORRO DE MATOS,PSDB,Deputado Estadual,4,2022
0378,45111,MACIEL DOS SANTOS ROCHA,PSDB,Deputado Estadual,7,2022
0378,45114,MARIA LUCIA CARDOSO PINTO AMARY,PSDB,Deputado Estadual,2,2022
0378,45116,SILVANO SALES PEIXOTO,PSDB,Deputado Estadual,0,2022
0378,45122,ALESSANDRA VIEIRA DE CAMARGO TELES,PSDB,Deputado Estadual,17,2022
0378,45123,ROGERIO NOGUEIRA LOPES CRUZ,PSDB,Deputado Estadual,350,2022
0378,45125,MAURO BRAGATO,PSDB,Deputado Estadual,13,2022
0378,45145,GIOVANNA GUIMARÃES TRIPOLI VON USLAR,PSDB,Deputado Estadual,13,2022
0378,45150,DANIELLE SANTOS SILVA,PSDB,Deputado Estadual,0,2022
0378,45151,JOSÉ BERNARDO ORTIZ MONTEIRO JÚNIOR,PSDB,Deputado Estadual,5,2022
0378,45180,PATRÍCIA GAMA DE QUADROS BEZERRA,PSDB,Deputado Estadual,25,2022
0378,45192,DULCE RITA CHAVES DE ANDRADE DABKIWICZ,PSDB,Deputado Estadual,1,2022
0378,45200,CÉLIA CAMARGO LEÃO EDELMUTH,PSDB,Deputado Estadual,1615,2022
0378,45219,JULIO CESAR DE OLIVEIRA,PSDB,Deputado Estadual,2,2022
0378,45222,ANDRÉ GASPARINI SPADARO,PSDB,Deputado Estadual,14,2022
0378,45232,CARLOS EDUARDO PIGNATARI,PSDB,Deputado Estadual,21,2022
0378,45240,VANDERLEI BORGES DE CARVALHO,PSDB,Deputado Estadual,0,2022
0378,45245,DAMARIS DIAS MOURA KUO,PSDB,Deputado Estadual,121,2022
0378,45321,RAFAEL POSTIGO MAZZALI,PSDB,Deputado Estadual,4,2022
0378,45345,EDILZA DE SOUSA MATSUSHITA,PSDB,Deputado Estadual,0,2022
0378,45377,SERGIO OLIVETTI JACOMINI,PSDB,Deputado Estadual,0,2022
0378,45400,ANALICE FERNANDES,PSDB,Deputado Estadual,16,2022
0378,45444,DANIEL HENRIQUE SILVA BASSI,PSDB,Deputado Estadual,1,2022
0378,45445,JOSÉ CARLOS CARRASCOSA DOS SANTOS,PSDB,Deputado Estadual,1,2022
0378,45450,ADRIANO BEDORE,PSDB,Deputado Estadual,4,2022
0378,45451,CARLOS CESAR ARCOLINO,PSDB,Deputado Estadual,2,2022
0378,45452,LEILA BEDANI FERREIRA,PSDB,Deputado Estadual,15,2022
0378,45453,ANA KEYLA SILVA SANTIAGO,PSDB,Deputado Estadual,1,2022
0378,45454,RENATO PUPO DE PAULA,PSDB,Deputado Estadual,4,2022
0378,45455,ALEXANDRE RIBEIRO MUSTAFA,PSDB,Deputado Estadual,17,2022
0378,45456,SARITA DE SOUZA GREGORIO,PSDB,Deputado Estadual,2,2022
0378,45500,DÉBORA MARCONDES SILVA FERRARESI,PSDB,Deputado Estadual,5,2022
0378,45545,JOSE ANTONIO BARROS MUNHOZ,PSDB,Deputado Estadual,17,2022
0378,45555,PEDRO MOTOITIRO KAWAI,PSDB,Deputado Estadual,15,2022
0378,45575,DINACI FERREIRA OLEAN,PSDB,Deputado Estadual,0,2022
0378,45600,ESTANISLAU MATIAS BARROS,PSDB,Deputado Estadual,4,2022
0378,45617,ANDRE LUIS ANCHÃO BRAGA,PSDB,Deputado Estadual,9,2022
0378,45622,VONG IEK LEONG,PSDB,Deputado Estadual,0,2022
0378,45647,FRANCISCO PEREIRA LIMA,PSDB,Deputado Estadual,0,2022
0378,45663,NATALINO ANTONIO DA SILVA,PSDB,Deputado Estadual,5,2022
0378,45666,ANA CRISTINA ALVES,PSDB,Deputado Estadual,2,2022
0378,45678,LUIZ HENRIQUE CIRILO,PSDB,Deputado Estadual,812,2022
0378,45680,CARLA SARDANO MORANDO,PSDB,Deputado Estadual,14,2022
0378,45688,ERIKA TEREZA COITINHO AFFONSO,PSDB,Deputado Estadual,2,2022
0378,45745,MARCO AURÉLIO GOMES DOS SANTOS,PSDB,Deputado Estadual,2,2022
0378,45777,ALEXANDRE FROTA DE ANDRADE,PSDB,Deputado Estadual,42,2022
0378,45780,MARCOS ANTONIO ZERBINI,PSDB,Deputado Estadual,12,2022
0378,45789,VINICIUS ALMEIDA CAMARINHA,PSDB,Deputado Estadual,11,2022
0378,45800,MARCOS ANTÔNIO DE SOUZA,PSDB,Deputado Estadual,2,2022
0378,45845,NELSA FLORINDA DE QUEIROZ METZLER,PSDB,Deputado Estadual,0,2022
0378,45888,ADALBERTO GODOY FREITAS,PSDB,Deputado Estadual,16,2022
0378,50000,PAULA NUNES DOS SANTOS,PSOL,Deputado Estadual,801,2022
0378,50001,CLAUDIA APARECIDA DE MELLO MONTANARI,PSOL,Deputado Estadual,4,2022
0378,50002,JOEFERSON FACCIN JOSÉ DE ALMEIDA,PSOL,Deputado Estadual,1,2022
0378,50005,GUILHERME DA COSTA AGUIAR CORTEZ,PSOL,Deputado Estadual,159,2022
0378,50007,JASPE LOPES BASTOS,PSOL,Deputado Estadual,5,2022
0378,50008,CINTIA VANESSA GOMES,PSOL,Deputado Estadual,9,2022
0378,50009,DENISE FERNANDES DE SOUZA PANTALEÃO,PSOL,Deputado Estadual,0,2022
0378,50010,ÉRIKA FERNANDA CÂNDIDO,PSOL,Deputado Estadual,4,2022
0378,50011,MARIANA FELIX SANTOS,PSOL,Deputado Estadual,37,2022
0378,50012,JÉSSICA MARQUES RIBEIRO,PSOL,Deputado Estadual,1,2022
0378,50013,ALDENIR DIAS DOS SANTOS,PSOL,Deputado Estadual,7,2022
0378,50014,CÁTIA DOS SANTOS MACHADO,PSOL,Deputado Estadual,0,2022
0378,50015,CLEBER DA SILVA,PSOL,Deputado Estadual,0,2022
0378,50018,MATHEUS LEMES MARTINS DE ASSIS,PSOL,Deputado Estadual,1,2022
0378,50019,VINÍCIUS ROSA RODRIGUES,PSOL,Deputado Estadual,3,2022
0378,50020,JULIO CEZAR DE ANDRADE,PSOL,Deputado Estadual,20,2022
0378,50033,REGINA CÉLIA GONÇALVES DOS SANTOS,PSOL,Deputado Estadual,3,2022
0378,50043,RODRIGO DA SILVA BANDINI,PSOL,Deputado Estadual,0,2022
0378,50050,INÊS PAZ,PSOL,Deputado Estadual,4,2022
0378,50075,ANA CLAUDIA SILVA MIELKE,PSOL,Deputado Estadual,30,2022
0378,50085,GERALDO DO NASCIMENTO,PSOL,Deputado Estadual,0,2022
0378,50088,JACI SABINA DE LIMA MATTOS,PSOL,Deputado Estadual,2,2022
0378,50099,VALDOMIRO MARQUES,PSOL,Deputado Estadual,1,2022
0378,50100,MARIANA CONTI TAKAHASHI,PSOL,Deputado Estadual,2676,2022
0378,50110,EDIANE MARIA DO NASCIMENTO,PSOL,Deputado Estadual,511,2022
0378,50111,DANILO PRISEAJNIUC BIFONE,PSOL,Deputado Estadual,4,2022
0378,50112,LEANDRO ROMEO PECCEQUILLO FREIRE,PSOL,Deputado Estadual,3,2022
0378,50113,CLAUDIO BENVINDO BARBOSA,PSOL,Deputado Estadual,0,2022
0378,50123,RICARDO ALVAREZ,PSOL,Deputado Estadual,4,2022
0378,50130,ALINE CATARINE GONDIM,PSOL,Deputado Estadual,6,2022
0378,50133,MARCELO REINA SILIANO,PSOL,Deputado Estadual,0,2022
0378,50150,MARIA APARECIDA AIRES DA SILVA,PSOL,Deputado Estadual,1,2022
0378,50157,DARCI RAMOS VITÓRIO,PSOL,Deputado Estadual,0,2022
0378,50160,DIEGO WEIDEMANN RACHE VITELLO,PSOL,Deputado Estadual,1,2022
0378,50175,MARIA DE JESUS BUENO DA SILVA,PSOL,Deputado Estadual,0,2022
0378,50180,THALITA DE ALMEIDA TAVARES,PSOL,Deputado Estadual,2,2022
0378,50200,AILTON AMARAL DOS SANTOS,PSOL,Deputado Estadual,3,2022
0378,50222,SUZETE CHAFFIN,PSOL,Deputado Estadual,5,2022
0378,50300,KEITCHELE LIMA DA SILVA,PSOL,Deputado Estadual,79,2022
0378,50321,BRUNA CHAMAS BIONDI,PSOL,Deputado Estadual,12,2022
0378,50333,ALBA SOLANGE CHALITA DA SILVA,PSOL,Deputado Estadual,1,2022
0378,50400,PRISCILLA BERNARDES AIRES PEDROSA,PSOL,Deputado Estadual,4,2022
0378,50420,FERNANDO TAVARES ARAÚJO DA SILVA,PSOL,Deputado Estadual,11,2022
0378,50444,ROSIVALDO DE JESUS SANTOS,PSOL,Deputado Estadual,0,2022
0378,50456,ADRIANA SCANAVEZ DOS SANTOS,PSOL,Deputado Estadual,69,2022
0378,50500,DÉBORA ALVES CAMILO,PSOL,Deputado Estadual,60,2022
0378,50501,DJALMA NERY FERREIRA NETO,PSOL,Deputado Estadual,9,2022
0378,50513,RONALDO RODRIGUES DOS SANTOS,PSOL,Deputado Estadual,0,2022
0378,50517,ELIEZER ALMEIDA GUIMARÃES,PSOL,Deputado Estadual,0,2022
0378,50522,CHIRLEY MARIA DE SOUZA ALMEIDA SANTOS,PSOL,Deputado Estadual,49,2022
0378,50550,RAUL MARCELO DE SOUZA,PSOL,Deputado Estadual,240,2022
0378,50555,RAMON FERNANDES FAUSTINO,PSOL,Deputado Estadual,7,2022
0378,50563,ENOC MANOEL DE SANTANA,PSOL,Deputado Estadual,0,2022
0378,50567,LUIZ GUEDES DE ALENCAR JUNIOR,PSOL,Deputado Estadual,0,2022
0378,50580,JOSÉ DE RIBAMAR DA SILVA PASSOS,PSOL,Deputado Estadual,3,2022
0378,50600,EDMILSON SOUZA SANTOS,PSOL,Deputado Estadual,2,2022
0378,50650,ANTONIO BIAGIO VESPOLI,PSOL,Deputado Estadual,9,2022
0378,50666,MARIA HELENA DE CARVALHO,PSOL,Deputado Estadual,0,2022
0378,50700,NEON DOS AFONSO CUNHA,PSOL,Deputado Estadual,102,2022
0378,50750,JOSÉ CARLOS SILVA,PSOL,Deputado Estadual,0,2022
0378,50777,PAULO ROBERTO BUFALO,PSOL,Deputado Estadual,520,2022
0378,50789,CARLOS ALBERTO GIANNASI,PSOL,Deputado Estadual,546,2022
0378,50800,JUVENIL BATISTA LOPES,PSOL,Deputado Estadual,8,2022
0378,50850,MARCELO DOS SANTOS ROLDAN,PSOL,Deputado Estadual,1,2022
0378,50888,JUSTINO DIOGO DOS SANTOS,PSOL,Deputado Estadual,2,2022
0378,50900,MÔNICA CRISTINA SEIXAS BONFIM,PSOL,Deputado Estadual,236,2022
0378,50999,DÉBORA CRISTIANE FIRMO DORIA,PSOL,Deputado Estadual,2,2022
0378,51000,LUIS CLAUDIO LAPENA BARRETO,PATRIOTA,Deputado Estadual,9,2022
0378,51001,ANDRÉ LUIZ GALHARDO JOÃO,PATRIOTA,Deputado Estadual,0,2022
0378,51002,VANIL ALVES DOS SANTOS,PATRIOTA,Deputado Estadual,8,2022
0378,51003,RENATO DE SOUZA OLIVEIRA,PATRIOTA,Deputado Estadual,1,2022
0378,51005,SAMUEL DOS SANTOS,PATRIOTA,Deputado Estadual,3,2022
0378,51006,ANDREIA PEREIRA FERRAZ,PATRIOTA,Deputado Estadual,19,2022
0378,51007,CLAUDIO SEBASTIÃO AGUIAR,PATRIOTA,Deputado Estadual,1,2022
0378,51008,EDMILSON ALVES DA SILVA,PATRIOTA,Deputado Estadual,0,2022
0378,51009,RODRIGO SALOMÃO JUNQUEIRA,PATRIOTA,Deputado Estadual,1,2022
0378,51010,OSVALDO DA SILVA LOBEIRO MACHADO,PATRIOTA,Deputado Estadual,6,2022
0378,51011,INES REGINA SCISCI MACIEL,PATRIOTA,Deputado Estadual,26,2022
0378,51013,MÁRCIA DE FÁTIMA MORAIS,PATRIOTA,Deputado Estadual,13,2022
0378,51017,GETULIO ALEGRE DOS SANTOS,PATRIOTA,Deputado Estadual,0,2022
0378,51020,WALDENIR CHAGA FILHO,PATRIOTA,Deputado Estadual,0,2022
0378,51022,MARISTELA TRINDADE,PATRIOTA,Deputado Estadual,0,2022
0378,51023,FABIANA APARECIDA BRITO ERNANE,PATRIOTA,Deputado Estadual,24,2022
0378,51033,DEOCLÉCIO KAWAHATA PLACCO,PATRIOTA,Deputado Estadual,0,2022
0378,51050,CARLOS ROBERTO TOLEDO,PATRIOTA,Deputado Estadual,28,2022
0378,51051,EVERTON LUIZ FERNANDES SODARIO RAIMUNDO,PATRIOTA,Deputado Estadual,105,2022
0378,51070,SÔNIA DAS GRAÇAS RIBEIRO SILVEIRA,PATRIOTA,Deputado Estadual,0,2022
0378,51100,BRIAN VANDERSON FERREIRA LEME,PATRIOTA,Deputado Estadual,1,2022
0378,51101,SÔNIA MARIA FERRAZ DE MOURA,PATRIOTA,Deputado Estadual,0,2022
0378,51107,JOSE ALCY PINHEIRO SUBRINHO,PATRIOTA,Deputado Estadual,0,2022
0378,51111,ADEMIR WELLITON DE OLIVEIRA,PATRIOTA,Deputado Estadual,2,2022
0378,51122,RENAN MARINO,PATRIOTA,Deputado Estadual,0,2022
0378,51123,ANDREA SEIXAS,PATRIOTA,Deputado Estadual,0,2022
0378,51132,FRANCISLEY ILDECIR RODRIGUES,PATRIOTA,Deputado Estadual,12,2022
0378,51133,NELSON PEDRO ROJA JUNIOR,PATRIOTA,Deputado Estadual,10,2022
0378,51144,SOLANGE GUAPYASSU,PATRIOTA,Deputado Estadual,0,2022
0378,51150,ODAIR DE MOURA E SILVA,PATRIOTA,Deputado Estadual,1,2022
0378,51151,ROSANE REZENDE LEANDRO,PATRIOTA,Deputado Estadual,0,2022
0378,51155,MARCOS ANDRE DE OLIVEIRA,PATRIOTA,Deputado Estadual,3,2022
0378,51188,RENATA GOUVEA,PATRIOTA,Deputado Estadual,0,2022
0378,51190,RUBENS CLÁUDIO SIQUEIRA NERI,PATRIOTA,Deputado Estadual,3,2022
0378,51200,ALAINE SILVA SOUZA SANTOS,PATRIOTA,Deputado Estadual,1,2022
0378,51210,EQUIMARCILIAS DE SOUZA FREIRE,PATRIOTA,Deputado Estadual,0,2022
0378,51221,SUSANA DAS NEVES,PATRIOTA,Deputado Estadual,3,2022
0378,51222,SANDRA DELMIRO DE LIMA GABRIEL,PATRIOTA,Deputado Estadual,1,2022
0378,51231,MARCIO DE PAULA PINHEIRO,PATRIOTA,Deputado Estadual,0,2022
0378,51233,RONALDO AUGUSTO BRETAS MARZAGÃO JUNIOR,PATRIOTA,Deputado Estadual,0,2022
0378,51234,RICARDO ROCHA DE OLIVEIRA,PATRIOTA,Deputado Estadual,0,2022
0378,51235,FABIO MARTINS BELARMINO,PATRIOTA,Deputado Estadual,0,2022
0378,51236,BRUNO LOPES ROVAI,PATRIOTA,Deputado Estadual,9,2022
0378,51250,JOSE BENTO DE JESUS,PATRIOTA,Deputado Estadual,0,2022
0378,51280,MONIZ JOSE BIELAWSKI RIBEIRO,PATRIOTA,Deputado Estadual,31,2022
0378,51300,ZELINDA DRAGO,PATRIOTA,Deputado Estadual,3,2022
0378,51321,EDUARDO DIAS DE BRITO,PATRIOTA,Deputado Estadual,0,2022
0378,51332,MÁRCIA CRISTINA DA SILVA,PATRIOTA,Deputado Estadual,0,2022
0378,51333,ANA PAULA CARVALHO BEATHALTER,PATRIOTA,Deputado Estadual,4,2022
0378,51349,JOSE ALAOR FERNANDES ROSSI,PATRIOTA,Deputado Estadual,0,2022
0378,51350,ADRIANA NOGUEIRA DO PRADO,PATRIOTA,Deputado Estadual,1,2022
0378,51351,FRANCISCO ANTONIO DA SILVA,PATRIOTA,Deputado Estadual,90,2022
0378,51360,TAILANDIA FERNANDES SOARES PAIXÃO,PATRIOTA,Deputado Estadual,0,2022
0378,51400,MARCIA VALÉRIA JACINTHO AZEVEDO,PATRIOTA,Deputado Estadual,5,2022
0378,51444,RUI ALVES BRUM JUNIOR,PATRIOTA,Deputado Estadual,0,2022
0378,51447,CARLOS ALBERTO FABRINI,PATRIOTA,Deputado Estadual,8,2022
0378,51451,FERNANDO HENRIQUE GOMES DA SILVA,PATRIOTA,Deputado Estadual,0,2022
0378,51455,MARCOS CORDEIRO DE SOUSA CHAVES,PATRIOTA,Deputado Estadual,1,2022
0378,51500,MARIA ALICE FERNANDES MOSTARDINHA,PATRIOTA,Deputado Estadual,0,2022
0378,51510,ROGÉRIO SILVA DE SOUZA,PATRIOTA,Deputado Estadual,0,2022
0378,51511,ARAFETH ALI HUSSEIN NASREDDINE,PATRIOTA,Deputado Estadual,0,2022
0378,51525,FERNANDO FERREIRA DE QUEIROZ,PATRIOTA,Deputado Estadual,0,2022
0378,51533,ALEX SANDRO BENTO FERNANDES,PATRIOTA,Deputado Estadual,2,2022
0378,51545,JORGE DE JESUS OLIVEIRA,PATRIOTA,Deputado Estadual,0,2022
0378,51551,PATRICIA ANDALAFT FREIRE,PATRIOTA,Deputado Estadual,1,2022
0378,51555,ANTONIO CÍCERO FERREIRA DE ARAUJO,PATRIOTA,Deputado Estadual,8,2022
0378,51556,LUIZ CARLOS DO ESPÍRITO SANTO,PATRIOTA,Deputado Estadual,70,2022
0378,51566,ELIANA CRISTINA DA SILVA PASCON,PATRIOTA,Deputado Estadual,0,2022
0378,51600,PEDRO ELES DA SILVA,PATRIOTA,Deputado Estadual,0,2022
0378,51622,DAVI BENEDITO DOS SANTOS,PATRIOTA,Deputado Estadual,0,2022
0378,51666,ANGELA GISELDA RUSSO PUCCIA DE LIMA,PATRIOTA,Deputado Estadual,0,2022
0378,51700,DILSO PANTALEÃO MANZANO,PATRIOTA,Deputado Estadual,0,2022
0378,51773,EMÍLIO CARPANEZ FILHO,PATRIOTA,Deputado Estadual,0,2022
0378,51777,CLEBER BROCH,PATRIOTA,Deputado Estadual,16,2022
0378,51800,EDUARDO APARECIDO ALEIXO,PATRIOTA,Deputado Estadual,0,2022
0378,51880,ERNESTO ANTONIO MATTOS,PATRIOTA,Deputado Estadual,0,2022
0378,51888,PATRÍCIA MAGDA GIRO LOBO BELLI,PATRIOTA,Deputado Estadual,1,2022
0378,51900,JOÃO TEIXEIRA JUNIOR,PATRIOTA,Deputado Estadual,0,2022
0378,51911,MAURÍCIO SOUZA DOS REIS,PATRIOTA,Deputado Estadual,0,2022
0378,51965,EDILEIDE SILVA,PATRIOTA,Deputado Estadual,0,2022
0378,51999,GIRLENIO GOMES DE OLIVEIRA,PATRIOTA,Deputado Estadual,2,2022
0378,55000,ROBERTA MARIA GONÇALVES FRANCESCHI BOTION,PSD,Deputado Estadual,44,2022
0378,55001,ROGÉRIO SILVA PEDRO,PSD,Deputado Estadual,2,2022
0378,55005,MIRTES GONÇALVES QUEIROZ,PSD,Deputado Estadual,0,2022
0378,55007,FLÁVIA REGINA ROMANI,PSD,Deputado Estadual,1,2022
0378,55008,WAGNER SEQUIN,PSD,Deputado Estadual,0,2022
0378,55009,HUMBERTO YUTAKA NAKAMURA,PSD,Deputado Estadual,3,2022
0378,55011,PAULA FONSECA ESTEVES,PSD,Deputado Estadual,3,2022
0378,55015,DECIO MARMIROLLI,PSD,Deputado Estadual,18,2022
0378,55022,ANDRÉ LUIZ PREVIATO KODJAOGLANIAN,PSD,Deputado Estadual,8,2022
0378,55025,CLAUDIA URIAS,PSD,Deputado Estadual,0,2022
0378,55030,AUGUSTO DOS REIS FERREIRA,PSD,Deputado Estadual,27,2022
0378,55033,MARIA CONSTANTINO EMIDIO,PSD,Deputado Estadual,11,2022
0378,55040,MARCELO ALVES DE CARVALHO ALMEIDA,PSD,Deputado Estadual,1,2022
0378,55044,CARLOS EDUARDO UTUARI,PSD,Deputado Estadual,0,2022
0378,55050,ALINE NOVAIS,PSD,Deputado Estadual,2,2022
0378,55055,CAROLINE STEINMETZ,PSD,Deputado Estadual,19,2022
0378,55077,LAURA HIROMI KAMIA,PSD,Deputado Estadual,3,2022
0378,55089,MAURO DA SILVA OLIVEIRA,PSD,Deputado Estadual,9,2022
0378,55090,ANTONIO EDUARDO DOS SANTOS,PSD,Deputado Estadual,1,2022
0378,55100,JANDER CAVALCANTI DE LIRA,PSD,Deputado Estadual,2,2022
0378,55101,FRANCISCO DA COSTA NETO,PSD,Deputado Estadual,22,2022
0378,55111,CICERO JOÃO DA SILVA,PSD,Deputado Estadual,2,2022
0378,55116,TEREZINHA DE AQUINO,PSD,Deputado Estadual,0,2022
0378,55121,ANTÔNIO EMÍDIO DE MORAIS,PSD,Deputado Estadual,0,2022
0378,55122,ANTONIO DE SOUSA RAMALHO,PSD,Deputado Estadual,8,2022
0378,55123,RAFAEL ANTONIO DA SILVA,PSD,Deputado Estadual,37,2022
0378,55135,JULIANA SOARES DE PAULA,PSD,Deputado Estadual,0,2022
0378,55177,VERA LUCIA MENDES DA SILVA,PSD,Deputado Estadual,0,2022
0378,55190,SÉRGIO DE MOURA CAVALCANTI,PSD,Deputado Estadual,216,2022
0378,55191,EDSON GOMES DA ROCHA,PSD,Deputado Estadual,0,2022
0378,55195,EDIVALDO BENÍCIO,PSD,Deputado Estadual,1,2022
0378,55200,JOSÉ GARRIS DEL VALLE,PSD,Deputado Estadual,0,2022
0378,55212,CAROLINA ANGELELLI,PSD,Deputado Estadual,0,2022
0378,55222,RAUL VICENTINI,PSD,Deputado Estadual,2,2022
0378,55234,CHUKWUEMEKA UJOR,PSD,Deputado Estadual,0,2022
0378,55240,PRISCILA BRUNETTO DE ARAUJO,PSD,Deputado Estadual,3,2022
0378,55250,JOSIAS JOSE DO NASCIMENTO,PSD,Deputado Estadual,0,2022
0378,55255,CARLOS ANTONIO VILELA,PSD,Deputado Estadual,0,2022
0378,55300,VALÉRIA APARECIDA COSTA TORRES,PSD,Deputado Estadual,60,2022
0378,55331,EDINALVA NUNES DE JESUS,PSD,Deputado Estadual,0,2022
0378,55333,ROMILDO VIRGÍNIO DOS SANTOS,PSD,Deputado Estadual,1,2022
0378,55355,IRENILDE APARECIDA JULIANI DA SILVA,PSD,Deputado Estadual,1,2022
0378,55400,MARTA MARIA FREIRE DA COSTA,PSD,Deputado Estadual,3591,2022
0378,55450,NEIMAR DE ALMEIDA ORTIZ,PSD,Deputado Estadual,0,2022
0378,55455,JOSÉ CARLOS TREVENZOLLI FILHO,PSD,Deputado Estadual,10,2022
0378,55456,EFANEU NOLASCO GODINHO,PSD,Deputado Estadual,3,2022
0378,55505,PATRICIA APARECIDA ROSSI,PSD,Deputado Estadual,0,2022
0378,55511,ANDRE PEREIRA DE MEDEIROS,PSD,Deputado Estadual,0,2022
0378,55522,CLAUDIO CESAR SILVA APOLINARIO,PSD,Deputado Estadual,9,2022
0378,55523,LUIS ANTONIO PANONE,PSD,Deputado Estadual,1,2022
0378,55534,JOSÉ CARLOS ROSSI,PSD,Deputado Estadual,0,2022
0378,55550,RENATO SABINO COLOMBANO,PSD,Deputado Estadual,1,2022
0378,55555,HELIO BRESSAN,PSD,Deputado Estadual,45,2022
0378,55599,LUIS TADEO GIMENES,PSD,Deputado Estadual,0,2022
0378,55600,LUIZ FERNANDO PIVA CRUZ,PSD,Deputado Estadual,5,2022
0378,55654,JUVENIL DE ALMEIDA SILVERIO,PSD,Deputado Estadual,4,2022
0378,55655,ARTUR CASSEB ORSI,PSD,Deputado Estadual,2349,2022
0378,55678,RAIMUNDO FERNANDES DE PAIVA,PSD,Deputado Estadual,0,2022
0378,55699,PAULO ALVES CORRÊA JUNIOR,PSD,Deputado Estadual,7,2022
0378,55700,ANDRÉA PAROLIN PAVANI PERINOTI,PSD,Deputado Estadual,1,2022
0378,55755,FERNANDO LUCCHESI ANTUNES DE OLIVEIRA,PSD,Deputado Estadual,0,2022
0378,55777,OSEIAS SANTOS DA SILVA,PSD,Deputado Estadual,640,2022
0378,55789,NÚBIA CRISTINA SILVÉRIO,PSD,Deputado Estadual,0,2022
0378,55790,ALEXANDRO DE ARAÚJO,PSD,Deputado Estadual,0,2022
0378,55800,LUCIANO RODRIGUES DE AQUINO,PSD,Deputado Estadual,0,2022
0378,55844,JOSE CARLOS ADAO,PSD,Deputado Estadual,0,2022
0378,55855,VANILDA APARECIDA PEREIRA DA SILVA,PSD,Deputado Estadual,0,2022
0378,55888,SÔNIA REGINA RODRIGUES MÓDENA,PSD,Deputado Estadual,6,2022
0378,55999,SILVIA ELIANA PALMA,PSD,Deputado Estadual,3,2022
0378,65000,EWERTON DA SILVA CARVALHO,PC do B,Deputado Estadual,91,2022
0378,65010,MARCOS JESUS DOS SANTOS,PC do B,Deputado Estadual,7,2022
0378,65012,GERSON BARBOSA DE SOUSA,PC do B,Deputado Estadual,0,2022
0378,65013,ROZANA FONSECA BARROSO DA SILVA,PC do B,Deputado Estadual,26,2022
0378,65035,LECI BRANDÃO DA SILVA,PC do B,Deputado Estadual,507,2022
0378,65123,PEDRO ANTONIO BIGARDI,PC do B,Deputado Estadual,5,2022
0378,65180,CARINA VITRAL COSTA,PC do B,Deputado Estadual,29,2022
0378,65300,MARIANA NUNES DE MOURA SOUZA,PC do B,Deputado Estadual,24,2022
0378,65333,RODRIGO FIRMINO ROMÃO,PC do B,Deputado Estadual,0,2022
0378,65400,KEILA PEREIRA FRANCISCO,PC do B,Deputado Estadual,2,2022
0378,65555,WAGNER CIPRIANO ARAUJO,PC do B,Deputado Estadual,59,2022
0378,65656,MARCIA REGINA QUINTANILHA,PC do B,Deputado Estadual,1222,2022
0378,65658,FRANCISCA PEREIRA DA ROCHA SEIXAS,PC do B,Deputado Estadual,2,2022
0378,65777,SAMUEL EUZÉBIO DE OLIVEIRA,PC do B,Deputado Estadual,1,2022
0378,65789,RENÉ VICENTE DOS SANTOS,PC do B,Deputado Estadual,13,2022
0378,70000,DAVI PIRES BATISTA,AVANTE,Deputado Estadual,0,2022
0378,70001,JEAN CARLOS HERZOGENRATH DE BRITO,AVANTE,Deputado Estadual,0,2022
0378,70003,DONATO DOS SANTOS SILVA,AVANTE,Deputado Estadual,0,2022
0378,70005,VANIA MAIA DOS REIS,AVANTE,Deputado Estadual,0,2022
0378,70007,LEANDRO VIEIRA DE LIMA,AVANTE,Deputado Estadual,0,2022
0378,70008,CARLOS EDUARDO PLACUCCI,AVANTE,Deputado Estadual,0,2022
0378,70010,FRANCISCA QUELINDEJARA VASCONCELOS SOBIESKI,AVANTE,Deputado Estadual,0,2022
0378,70012,CARLOS ALBERTO DA FONSECA,AVANTE,Deputado Estadual,0,2022
0378,70013,MICHELE NOVAES CANDIDO,AVANTE,Deputado Estadual,0,2022
0378,70014,WILLAMS FERNANDES DA SILVA,AVANTE,Deputado Estadual,0,2022
0378,70016,RAPHAEL GOZUEN CAMARGO,AVANTE,Deputado Estadual,0,2022
0378,70017,ELIETE DE MIRANDA MACHADO,AVANTE,Deputado Estadual,0,2022
0378,70020,NELSON MERRWELVELSON FERREIRA E SOUZA,AVANTE,Deputado Estadual,0,2022
0378,70021,GERALDO FERREIRA COSTA FILHO,AVANTE,Deputado Estadual,0,2022
0378,70022,ISRAEL BEZERRA DA SILVA,AVANTE,Deputado Estadual,0,2022
0378,70029,LOREDANA NOCITO SALAMONE,AVANTE,Deputado Estadual,0,2022
0378,70033,FRANCISCA ROSANA MONTANHER,AVANTE,Deputado Estadual,0,2022
0378,70040,PASCOAL DOS SANTOS LIMA,AVANTE,Deputado Estadual,0,2022
0378,70050,JURANDIR FERREIRA SILVA,AVANTE,Deputado Estadual,0,2022
0378,70070,WALDECK RODRIGUES DE MORAES,AVANTE,Deputado Estadual,0,2022
0378,70077,LUCIANO COSTA OLIVAN,AVANTE,Deputado Estadual,0,2022
0378,70088,KELLY VESCO MOZZONE,AVANTE,Deputado Estadual,0,2022
0378,70090,MARIA JULIANA PATRÍCIA DA COSTA,AVANTE,Deputado Estadual,0,2022
0378,70100,VALDENOR DE JESUS GONÇALVES FONSECA,AVANTE,Deputado Estadual,0,2022
0378,70110,NADIA AGUIAR SILVA LIMA,AVANTE,Deputado Estadual,0,2022
0378,70111,LUCIANO ZACCHIA DE ARAUJO,AVANTE,Deputado Estadual,0,2022
0378,70113,MARIA DAS MERCES CANDIDA DE ARAUJO,AVANTE,Deputado Estadual,0,2022
0378,70120,FABIO FEREZINI,AVANTE,Deputado Estadual,0,2022
0378,70123,MÁRCIO ROGÉRIO DIAS,AVANTE,Deputado Estadual,0,2022
0378,70127,MARCOS TIAGO DOS SANTOS NUNES,AVANTE,Deputado Estadual,0,2022
0378,70130,TANIA DAS NEVES BELO,AVANTE,Deputado Estadual,0,2022
0378,70140,ANTONIO CARLOS DE CAMPOS MACHADO,AVANTE,Deputado Estadual,0,2022
0378,70141,ZENIA PEREIRA DE ANDRADE SOUSA,AVANTE,Deputado Estadual,0,2022
0378,70142,TIRSO DOS SANTOS JUNIOR,AVANTE,Deputado Estadual,0,2022
0378,70145,PAULA CRISTINA LOURENÇO,AVANTE,Deputado Estadual,0,2022
0378,70150,MARCELO AUGUSTO MARTINS COUBASSIER,AVANTE,Deputado Estadual,0,2022
0378,70156,JOSANGELA SILVEIRA MELO,AVANTE,Deputado Estadual,0,2022
0378,70160,ROQUE BARBIERE,AVANTE,Deputado Estadual,0,2022
0378,70170,LUIZ DE SOUSA CHAGAS,AVANTE,Deputado Estadual,0,2022
0378,70177,RITA DE CASSIA RAMOS ORIGUELLA,AVANTE,Deputado Estadual,0,2022
0378,70180,SANDRA DAMASCENO NUNES DE MIRANDA,AVANTE,Deputado Estadual,0,2022
0378,70190,KARINA CARLA DA SILVA,AVANTE,Deputado Estadual,0,2022
0378,70192,WILSON DOS SANTOS JÚNIOR,AVANTE,Deputado Estadual,0,2022
0378,70200,FRANCISCO MARCOS IRAN AQUINO ROLIM,AVANTE,Deputado Estadual,0,2022
0378,70202,SERGIO RAMOS ROBERTO,AVANTE,Deputado Estadual,0,2022
0378,70222,SERGIO UZUM JUNIOR,AVANTE,Deputado Estadual,0,2022
0378,70233,BOAVENTURA PEREIRA SANTOS,AVANTE,Deputado Estadual,0,2022
0378,70234,JUSSIMARA NUNES DE JESUS,AVANTE,Deputado Estadual,0,2022
0378,70270,DAVID CRISTIAN DE OLIVEIRA,AVANTE,Deputado Estadual,0,2022
0378,70300,MATIAS GERALDO MUNIZ,AVANTE,Deputado Estadual,0,2022
0378,70313,GILMAR BORGES DE ALMEIDA,AVANTE,Deputado Estadual,0,2022
0378,70321,JOSÉ AMARO DA SILVA,AVANTE,Deputado Estadual,0,2022
0378,70333,MÁRIO COROCHEL NETO,AVANTE,Deputado Estadual,0,2022
0378,70345,ADRIANA SOUZA DOS SANTOS PEREIRA,AVANTE,Deputado Estadual,0,2022
0378,70369,PEDRO ADERSON FURTADO SOARES,AVANTE,Deputado Estadual,0,2022
0378,70400,JOÃO VANE CAVALCANTI REIS,AVANTE,Deputado Estadual,0,2022
0378,70440,JONEIDE GOMES LOPES,AVANTE,Deputado Estadual,0,2022
0378,70444,OZÉIAS BATISTA DOS SANTOS,AVANTE,Deputado Estadual,0,2022
0378,70456,LUZIA MARIA VIDICA CÂNDIDO,AVANTE,Deputado Estadual,0,2022
0378,70470,WALNEY ARAUJO DA SILVEIRA,AVANTE,Deputado Estadual,0,2022
0378,70555,RENATA APARECIDA MORAIS DE VASCONCELOS,AVANTE,Deputado Estadual,0,2022
0378,70567,ADONAI DOS SANTOS SOARES JÚNIOR,AVANTE,Deputado Estadual,0,2022
0378,70570,PAULO SÉRGIO SILVESTRE,AVANTE,Deputado Estadual,0,2022
0378,70600,ALEXANDRE CHICHURRA,AVANTE,Deputado Estadual,0,2022
0378,70677,ROGÉRIO MACIEL MONTEIRO JUNIOR,AVANTE,Deputado Estadual,0,2022
0378,70700,MORGANA SIQUEIRA,AVANTE,Deputado Estadual,0,2022
0378,70707,LUCINEIA DOS SANTOS,AVANTE,Deputado Estadual,0,2022
0378,70709,JORGE SAMPAIO DA SILVA,AVANTE,Deputado Estadual,0,2022
0378,70717,LUCIANA VEIGA DE PAULA,AVANTE,Deputado Estadual,0,2022
0378,70730,LAELSON DA PAZ DE OLIVEIRA,AVANTE,Deputado Estadual,0,2022
0378,70740,ALINE FELIPE SOARES CARVALHO,AVANTE,Deputado Estadual,0,2022
0378,70770,ANTONIO GILBERTO DA SILVA,AVANTE,Deputado Estadual,0,2022
0378,70775,ANTONIO CONSTANTINO OLIVEIRA,AVANTE,Deputado Estadual,0,2022
0378,70777,WALTER CAVEANHA,AVANTE,Deputado Estadual,0,2022
0378,70778,JOSENILDO JOSE DE OLIVEIRA,AVANTE,Deputado Estadual,0,2022
0378,70789,PAULO CALADO FARIAS,AVANTE,Deputado Estadual,0,2022
0378,70800,DONIZETE NATAL PONTES,AVANTE,Deputado Estadual,0,2022
0378,70840,LUIZ ANTONIO CIRINO,AVANTE,Deputado Estadual,0,2022
0378,70888,OSWALDO LUIZ RODRIGUES DE OLIVEIRA,AVANTE,Deputado Estadual,0,2022
0378,70900,JORGE DURAN GONÇALEZ,AVANTE,Deputado Estadual,0,2022
0378,70930,NILSON DE OLIVEIRA VALIM,AVANTE,Deputado Estadual,0,2022
0378,70940,RICARDO DIAS,AVANTE,Deputado Estadual,0,2022
0378,70950,SERGIO WAGNER LOCATELLI,AVANTE,Deputado Estadual,0,2022
0378,70960,SILVIA DOS REIS,AVANTE,Deputado Estadual,0,2022
0378,70970,KARINA CRISTINA DE OLIVEIRA SILVA SOARES,AVANTE,Deputado Estadual,0,2022
0378,70977,JOSÉ LUIZ DE LIMA,AVANTE,Deputado Estadual,0,2022
0378,70987,EDNEI APARECIDO VALENCIO,AVANTE,Deputado Estadual,0,2022
0378,70988,ROBSON CRISTIANO DE SOUZA,AVANTE,Deputado Estadual,0,2022
0378,70990,ELAINE CRISTINA RODRIGUES,AVANTE,Deputado Estadual,0,2022
0378,70999,HANGELBRT PIRES SOARES,AVANTE,Deputado Estadual,0,2022
0378,77000,ÁTILA CESAR MONTEIRO JACOMUSSI,SOLIDARIEDADE,Deputado Estadual,5,2022
0378,77001,DAVID DOS REIS RODRIGUES SABACIANSKIS,SOLIDARIEDADE,Deputado Estadual,0,2022
0378,77002,VALDINEIA MEIRA MOTA,SOLIDARIEDADE,Deputado Estadual,13,2022
0378,77003,CRISTIANO ALEXANDRE DA SILVA,SOLIDARIEDADE,Deputado Estadual,0,2022
0378,77007,RICARDO DE SOUZA GENOVEZ,SOLIDARIEDADE,Deputado Estadual,1,2022
0378,77008,PAULO MACHADO DA SILVA,SOLIDARIEDADE,Deputado Estadual,0,2022
0378,77010,JONES DONIZETTE SOBRINHO,SOLIDARIEDADE,Deputado Estadual,12,2022
0378,77040,ADILSON DE SOUZA ROCHA,SOLIDARIEDADE,Deputado Estadual,509,2022
0378,77048,ADENILDES ALVES ROCHA,SOLIDARIEDADE,Deputado Estadual,3,2022
0378,77055,FABIANO RUEDA AMORIM,SOLIDARIEDADE,Deputado Estadual,5,2022
0378,77059,ELLEN CRISTINA DE MORAES,SOLIDARIEDADE,Deputado Estadual,0,2022
0378,77073,ALEXANDRA DOS SANTOS MOTA,SOLIDARIEDADE,Deputado Estadual,1,2022
0378,77077,VALDOMIRO NUNES DE QUEIROZ,SOLIDARIEDADE,Deputado Estadual,0,2022
0378,77088,CAIO ALEXANDRE RAMOS FORCEL,SOLIDARIEDADE,Deputado Estadual,0,2022
0378,77111,ELI CORREIA DE MELO,SOLIDARIEDADE,Deputado Estadual,0,2022
0378,77123,VANDERLEY CAVALCANTE DA SILVA,SOLIDARIEDADE,Deputado Estadual,5,2022
0378,77126,ALAN EDUARDO DE PAULA,SOLIDARIEDADE,Deputado Estadual,0,2022
0378,77134,MARIA GORETE DA SILVA,SOLIDARIEDADE,Deputado Estadual,1,2022
0378,77147,GEORGES HABIB JARROUGE,SOLIDARIEDADE,Deputado Estadual,0,2022
0378,77154,FLORISA BATISTA DE ALMEIDA,SOLIDARIEDADE,Deputado Estadual,0,2022
0378,77156,GERALDO NUNES REIS,SOLIDARIEDADE,Deputado Estadual,1,2022
0378,77177,EDSON MUNIS,SOLIDARIEDADE,Deputado Estadual,4,2022
0378,77192,AGNALDO PISCOPO,SOLIDARIEDADE,Deputado Estadual,24,2022
0378,77200,MARISSOL APARECIDA DA SILVA BARROS,SOLIDARIEDADE,Deputado Estadual,0,2022
0378,77215,DEBORA MEIKO IKEJIRI,SOLIDARIEDADE,Deputado Estadual,0,2022
0378,77222,LUCIANO BATISTA,SOLIDARIEDADE,Deputado Estadual,0,2022
0378,77234,JOSE MARIA FELIX,SOLIDARIEDADE,Deputado Estadual,0,2022
0378,77241,MARIA DE LOURDES DO NASCIMENTO NUNES,SOLIDARIEDADE,Deputado Estadual,0,2022
0378,77250,BRIGIDA CAIRES DINARDI,SOLIDARIEDADE,Deputado Estadual,0,2022
0378,77300,GLACIMERE BRITTO DE OLIVEIRA PIMENTA,SOLIDARIEDADE,Deputado Estadual,0,2022
0378,77332,VALDIR SOARES DE ALBUQUERQUE,SOLIDARIEDADE,Deputado Estadual,0,2022
0378,77345,WILLIAM CLEMENTE CORREA,SOLIDARIEDADE,Deputado Estadual,0,2022
0378,77400,LUIZ CARLOS DE MORAES,SOLIDARIEDADE,Deputado Estadual,1,2022
0378,77444,EDSON NASCIMENTO DE OLIVEIRA,SOLIDARIEDADE,Deputado Estadual,0,2022
0378,77458,ANDERSON MARTINS SALGADO,SOLIDARIEDADE,Deputado Estadual,0,2022
0378,77510,ANTONIO ALBERTO DOS REIS,SOLIDARIEDADE,Deputado Estadual,0,2022
0378,77513,JOSÉ ALVIM FILHO,SOLIDARIEDADE,Deputado Estadual,0,2022
0378,77550,BRUNO LUCIANO MEIRA MARTINS,SOLIDARIEDADE,Deputado Estadual,2,2022
0378,77555,MARCELO GOUVEIA NASCIMENTO,SOLIDARIEDADE,Deputado Estadual,4,2022
0378,77566,JAMIL AKIO ONO,SOLIDARIEDADE,Deputado Estadual,6,2022
0378,77567,LAERTE VANDERLEY CORNELIO,SOLIDARIEDADE,Deputado Estadual,0,2022
0378,77577,LUCIMARA SILVEIRA MANHA,SOLIDARIEDADE,Deputado Estadual,2,2022
0378,77600,VALDIR DE ALVARENGA,SOLIDARIEDADE,Deputado Estadual,0,2022
0378,77654,ROBSON ALEXANDRE DE OLIVEIRA,SOLIDARIEDADE,Deputado Estadual,3,2022
0378,77677,VALQUIRO MARTINS BOMFIM,SOLIDARIEDADE,Deputado Estadual,0,2022
0378,77678,ISRAEL SAMPAIO DE LACERDA FILHO,SOLIDARIEDADE,Deputado Estadual,0,2022
0378,77700,LUCAS DE OLIVEIRA,SOLIDARIEDADE,Deputado Estadual,0,2022
0378,77707,ALESSANDRA JULIO PAES,SOLIDARIEDADE,Deputado Estadual,2,2022
0378,77710,RENATA TEODORO DA FONSECA,SOLIDARIEDADE,Deputado Estadual,0,2022
0378,77715,LUIZ CARLOS MAGESTO,SOLIDARIEDADE,Deputado Estadual,1,2022
0378,77724,ANDREIA MARQUETE PASSOS,SOLIDARIEDADE,Deputado Estadual,0,2022
0378,77737,NEZINHO GONÇALVES NUNES,SOLIDARIEDADE,Deputado Estadual,0,2022
0378,77744,EDUARDO SILVA NICOLAU DE SOUZA,SOLIDARIEDADE,Deputado Estadual,0,2022
0378,77747,MAURA DA SILVA BUENO SANTOS,SOLIDARIEDADE,Deputado Estadual,0,2022
0378,77757,JORGE JERONIMO TEIXEIRA DOS SANTOS,SOLIDARIEDADE,Deputado Estadual,0,2022
0378,77770,REGINA DE MATOS COELHO NOGUEIRA,SOLIDARIEDADE,Deputado Estadual,1,2022
0378,77771,TELMA MARIA CARDIA,SOLIDARIEDADE,Deputado Estadual,45,2022
0378,77772,ANA IMACULADA VALERIO,SOLIDARIEDADE,Deputado Estadual,0,2022
0378,77777,ALEXANDRE PEREIRA DA SILVA,SOLIDARIEDADE,Deputado Estadual,59,2022
0378,77787,SÉTIMA MARIA VIEIRA DE ARAUJO,SOLIDARIEDADE,Deputado Estadual,1,2022
0378,77788,HERY WALDIR KATTWINKEL JUNIOR,SOLIDARIEDADE,Deputado Estadual,35,2022
0378,77789,RUBENS DE SOUZA,SOLIDARIEDADE,Deputado Estadual,1,2022
0378,77800,ADENILTON FERREIRA DA SILVA,SOLIDARIEDADE,Deputado Estadual,0,2022
0378,77808,MICHELLE SCOASSADO,SOLIDARIEDADE,Deputado Estadual,1,2022
0378,77880,MARIA NILVA SEVERINO GONÇALVES,SOLIDARIEDADE,Deputado Estadual,0,2022
0378,77888,CARLOS AUGUSTO DOS SANTOS,SOLIDARIEDADE,Deputado Estadual,146,2022
0378,77890,THIAGO FERREIRA ZANI,SOLIDARIEDADE,Deputado Estadual,0,2022
0378,77970,RAIMUNDO LUSTOZA LUCAS,SOLIDARIEDADE,Deputado Estadual,0,2022
0378,77997,MOISES JULIANO MONTIEL,SOLIDARIEDADE,Deputado Estadual,0,2022
0378,77999,LUCIANO APARECIDO MORENO,SOLIDARIEDADE,Deputado Estadual,2,2022
0378,80000,LIGIA MENDES DA SILVA,UP,Deputado Estadual,73,2022
0378,80080,JOÃO GABRIEL COELHO,UP,Deputado Estadual,0,2022
0378,80123,AMANDA OLIVEIRA BISPO,UP,Deputado Estadual,89,2022
0378,90000,NEZIO ANTONIO MONTEIRO FILHO,PROS,Deputado Estadual,0,2022
0378,90005,WELLISSON WESLEY CANDIDO PEIXOTO,PROS,Deputado Estadual,0,2022
0378,90007,ARJUNA DE HUR FRAGA DE ASSUNÇÃO,PROS,Deputado Estadual,0,2022
0378,90009,JOSE CARLOS RICARDO,PROS,Deputado Estadual,0,2022
0378,90011,LUIZ AUGUSTO ROMANI DE OLIVEIRA,PROS,Deputado Estadual,0,2022
0378,90013,ERISVALDO DE SOUSA AGUIAR,PROS,Deputado Estadual,0,2022
0378,90014,ÁKILA SEVERO DE AZEVEDO,PROS,Deputado Estadual,0,2022
0378,90020,EDUARDO JOAQUIM DE OLIVEIRA,PROS,Deputado Estadual,0,2022
0378,90022,CHRISTINA MASSIS DELLA TORRE LEMES,PROS,Deputado Estadual,0,2022
0378,90025,MICHEL CAETANO DE ALBUQUERQUE,PROS,Deputado Estadual,0,2022
0378,90033,MARIA DA GLORIA IBARRA DOS REIS,PROS,Deputado Estadual,0,2022
0378,90050,EDSON MORO JUNIOR,PROS,Deputado Estadual,0,2022
0378,90090,NESTOR FERREIRA DOS SANTOS,PROS,Deputado Estadual,0,2022
0378,90100,CARLOS ALBERTO DE ZAGOTTIS SAAD,PROS,Deputado Estadual,0,2022
0378,90111,ANILTON HERCULINO DOS SANTOS,PROS,Deputado Estadual,0,2022
0378,90123,ALEXANDRE EUGENIO BATISTA,PROS,Deputado Estadual,0,2022
0378,90160,MARJORIE HOSANA CAMARGO MONTEIRO,PROS,Deputado Estadual,0,2022
0378,90192,MARILUCI FELICIANO DE OLIVEIRA GUEDES,PROS,Deputado Estadual,0,2022
0378,90193,IVANISE MARIA DE SOUSA GIAMPAGLIA,PROS,Deputado Estadual,0,2022
0378,90198,LEANDRO CALDAS DE CASTRO,PROS,Deputado Estadual,0,2022
0378,90199,CARLOS AUGUSTO PEREIRA COSTA,PROS,Deputado Estadual,0,2022
0378,90200,OSVALDY MARTINS,PROS,Deputado Estadual,0,2022
0378,90202,ENZO LEONARDO SUZIN MOMENTI,PROS,Deputado Estadual,0,2022
0378,90222,IRANILDO DANTAS,PROS,Deputado Estadual,0,2022
0378,90258,CELSO RICARDO DE MOURA,PROS,Deputado Estadual,0,2022
0378,90300,ARLINDO DE OLIVEIRA CAMARGO,PROS,Deputado Estadual,0,2022
0378,90318,WAGNER IRINEU DA SILVA,PROS,Deputado Estadual,0,2022
0378,90321,JOSÉ IVANILDO MARINHO PINHEIRO,PROS,Deputado Estadual,0,2022
0378,90334,NEILTON LISBOA DOS SANTOS,PROS,Deputado Estadual,0,2022
0378,90354,LUCAS MARCOLINO CORTEZ DOS SANTOS,PROS,Deputado Estadual,0,2022
0378,90454,GERALDO CARDOSO DE JESUS,PROS,Deputado Estadual,0,2022
0378,90478,AMARINILDA JOSÉ CUSTÓDIO,PROS,Deputado Estadual,0,2022
0378,90480,NEIVA ANTONIA MARTINS MARQUES,PROS,Deputado Estadual,0,2022
0378,90500,JOÃO BOSCO LOURENÇO,PROS,Deputado Estadual,0,2022
0378,90533,LUIS CARLOS MESSIAS,PROS,Deputado Estadual,0,2022
0378,90555,JEFFERSON DE JESUS NOGUEIRA,PROS,Deputado Estadual,0,2022
0378,90557,ANTONIO AGNALDO DOS SANTOS,PROS,Deputado Estadual,0,2022
0378,90567,PÂMELA ZÉLIA PAN TONIOLO,PROS,Deputado Estadual,0,2022
0378,90590,DEBORA CRISTINA DA MOTA,PROS,Deputado Estadual,0,2022
0378,90600,VICTOR GUATELLI CAVALCANTE,PROS,Deputado Estadual,0,2022
0378,90666,EBION PEREIRA DA COSTA,PROS,Deputado Estadual,0,2022
0378,90675,ANTONIO LUCIANO DO ROSARIO BARBOSA,PROS,Deputado Estadual,0,2022
0378,90700,MARCIA CRISTINA DOS SANTOS VENTURINI,PROS,Deputado Estadual,0,2022
0378,90707,RAPHAEL DIAS FERNANDES NETO,PROS,Deputado Estadual,0,2022
0378,90722,PAULO JOSE GONÇALVES,PROS,Deputado Estadual,0,2022
0378,90789,ADÃO DA SILVA,PROS,Deputado Estadual,0,2022
0378,90800,GLORIAMAR JACINTHO,PROS,Deputado Estadual,0,2022
0378,90828,ANNE VITORIA DIAS MOTA,PROS,Deputado Estadual,0,2022
0378,90888,HAMILTON ALVES FERNANDES,PROS,Deputado Estadual,0,2022
0378,90889,WALMIR CHARLEAUX BLANCO ESTEVES,PROS,Deputado Estadual,0,2022
0378,90900,AMANDA LIMA DIAS,PROS,Deputado Estadual,0,2022
0378,90901,VIVIANE DA SILVA FERNANDES DE LIMA,PROS,Deputado Estadual,0,2022
0378,90905,CAROLINA CASSACA NOEL,PROS,Deputado Estadual,0,2022
0378,90912,ELENICE MARIA DE OLIVEIRA,PROS,Deputado Estadual,0,2022
0378,90913,ANETE DÁLIA SEABRA SAMPAIO DE SOUZA,PROS,Deputado Estadual,0,2022
0378,90919,BENJAMIN NOEL,PROS,Deputado Estadual,0,2022
0378,90922,ALEX CANUTO DE SÁ CUNHA,PROS,Deputado Estadual,0,2022
0378,90988,PAULO CAINE DOS SANTOS SILVA,PROS,Deputado Estadual,0,2022
0378,90999,RICARDO PELISSARO LOQUETE,PROS,Deputado Estadual,0,2022
0379,10000,JORGE WILSON GONÇALVES DE MATTOS,REPUBLICANOS,Deputado Estadual,276,2022
0379,10001,RALFI RAFAEL DA SILVA,REPUBLICANOS,Deputado Estadual,0,2022
0379,10003,HELIO GERALDO RAMOS JUNIOR,REPUBLICANOS,Deputado Estadual,0,2022
0379,10007,CLEUSA APARECIDA DOS SANTOS,REPUBLICANOS,Deputado Estadual,0,2022
0379,10010,VANESSA GALLONI CARRERA,REPUBLICANOS,Deputado Estadual,5,2022
0379,10011,SONIA APARECIDA GONÇALVES BELARMINO,REPUBLICANOS,Deputado Estadual,4,2022
0379,10014,VIVIAN MAIRA DA SILVA MARCOS SOARES,REPUBLICANOS,Deputado Estadual,0,2022
0379,10017,DANILO CESAR CAMPETTI,REPUBLICANOS,Deputado Estadual,62,2022
0379,10018,CACILDA SANTOS MAGALHÃES,REPUBLICANOS,Deputado Estadual,5,2022
0379,10020,SILVIO ALESSANDER ENCARNAÇÃO,REPUBLICANOS,Deputado Estadual,1,2022
0379,10022,EDSON ANTONIO DE SOUZA,REPUBLICANOS,Deputado Estadual,11,2022
0379,10030,EDNA MARIA VERTELLO SILVA,REPUBLICANOS,Deputado Estadual,0,2022
0379,10033,ROGERIO PEDROSO DE PADUA JUNIOR,REPUBLICANOS,Deputado Estadual,0,2022
0379,10038,CAIQUE MAFRA BARBOSA,REPUBLICANOS,Deputado Estadual,49,2022
0379,10055,IARA FRANCISCA DOS SANTOS,REPUBLICANOS,Deputado Estadual,14,2022
0379,10060,JORGE LUIS DE SOUZA RODRIGUES,REPUBLICANOS,Deputado Estadual,0,2022
0379,10069,WAGNER BERNARDINO DA SILVA,REPUBLICANOS,Deputado Estadual,1,2022
0379,10070,WALTER PEREIRA FERREIRA,REPUBLICANOS,Deputado Estadual,4,2022
0379,10087,MARCO ROBERTO DA SILVA,REPUBLICANOS,Deputado Estadual,16,2022
0379,10099,LEONICE ALVES DA PAZ,REPUBLICANOS,Deputado Estadual,804,2022
0379,10100,AILDO RODRIGUES FERREIRA,REPUBLICANOS,Deputado Estadual,207,2022
0379,10101,EDISON LOURENÇO RICCOMI,REPUBLICANOS,Deputado Estadual,2,2022
0379,10102,RUBI CRUSE,REPUBLICANOS,Deputado Estadual,1,2022
0379,10107,FABIO DE CAMARGO TELLES,REPUBLICANOS,Deputado Estadual,4,2022
0379,10110,ABELARDO WANDERLINO DA COSTA NETO,REPUBLICANOS,Deputado Estadual,9,2022
0379,10111,RUI ALVES SOUZA JUNIOR,REPUBLICANOS,Deputado Estadual,114,2022
0379,10114,VALDECIR SOUZA DOS SANTOS,REPUBLICANOS,Deputado Estadual,8,2022
0379,10120,MARCO ANTONIO ZANONI BUENO,REPUBLICANOS,Deputado Estadual,29,2022
0379,10122,GILSON DE SOUZA,REPUBLICANOS,Deputado Estadual,14,2022
0379,10123,GILMACI DOS SANTOS BARBOSA,REPUBLICANOS,Deputado Estadual,2026,2022
0379,10125,BRIGIDA PINATTI AMATTE,REPUBLICANOS,Deputado Estadual,2,2022
0379,10147,CLAUDIO ERNANI MARCONDES DE MIRANDA,REPUBLICANOS,Deputado Estadual,20,2022
0379,10170,GENILZA MEDEIROS DE CASTRO,REPUBLICANOS,Deputado Estadual,0,2022
0379,10181,LÔIDE CAMILO SOUZA FIUZA DE CARVALHO,REPUBLICANOS,Deputado Estadual,1,2022
0379,10190,HELENA DOS SANTOS REIS,REPUBLICANOS,Deputado Estadual,18,2022
0379,10192,ELTON CARVALHO PORTO,REPUBLICANOS,Deputado Estadual,0,2022
0379,10193,ADEMAR FRANCISCO MARTINS NETO,REPUBLICANOS,Deputado Estadual,3,2022
0379,10196,MAYRA ROSANNA GAMA DE ARAÚJO SILVA DA COSTA,REPUBLICANOS,Deputado Estadual,29,2022
0379,10200,HIGOR DIEGO RALLA,REPUBLICANOS,Deputado Estadual,20418,2022
0379,10202,CLEMILTON ALVES DA SILVA,REPUBLICANOS,Deputado Estadual,37,2022
0379,10220,MARCO AURELIO MOREIRA ROQUE,REPUBLICANOS,Deputado Estadual,17,2022
0379,10222,ÉLITON SOUSA LEITE,REPUBLICANOS,Deputado Estadual,124,2022
0379,10224,MARIA NILZA FERREIRA ALVES,REPUBLICANOS,Deputado Estadual,1,2022
0379,10234,LUIZ CARLOS DONEGÁ NETO,REPUBLICANOS,Deputado Estadual,1,2022
0379,10255,LUIZ ANTONIO DINIZ DE ALMEIDA,REPUBLICANOS,Deputado Estadual,1,2022
0379,10300,RODRIGO FERNANDO NOVELLI,REPUBLICANOS,Deputado Estadual,7,2022
0379,10310,HUGO DANTAS DA SILVA,REPUBLICANOS,Deputado Estadual,1,2022
0379,10317,ROGERIO MOURA TOMAZ,REPUBLICANOS,Deputado Estadual,0,2022
0379,10318,LILIANE HELENA BARBOSA CHIARELLI,REPUBLICANOS,Deputado Estadual,0,2022
0379,10321,SEBASTIÃO DOS SANTOS FILHO,REPUBLICANOS,Deputado Estadual,11,2022
0379,10322,MAURICIO NOGUEIRA DIAS,REPUBLICANOS,Deputado Estadual,0,2022
0379,10333,ALTAIR MORAES DE OLIVEIRA,REPUBLICANOS,Deputado Estadual,41,2022
0379,10345,ABNER DELUQUI ISIDORO,REPUBLICANOS,Deputado Estadual,2,2022
0379,10360,VAGNER FERNANDES DA SILVA,REPUBLICANOS,Deputado Estadual,3,2022
0379,10369,ANDRE GEORGE NERES DE FARIAS,REPUBLICANOS,Deputado Estadual,1,2022
0379,10400,CHAYNI MELO DA SILVA,REPUBLICANOS,Deputado Estadual,4,2022
0379,10422,THIAGO ANTONIO BRIGANO,REPUBLICANOS,Deputado Estadual,5,2022
0379,10444,EDSON JOSÉ BOMBONATTI,REPUBLICANOS,Deputado Estadual,1,2022
0379,10450,PEDRO LUIZ CONTI MARIOZI,REPUBLICANOS,Deputado Estadual,1,2022
0379,10456,EDNA BEZERRA SAMPAIO FERNANDES,REPUBLICANOS,Deputado Estadual,29,2022
0379,10470,ANA CRISTINA DA SILVA COSTA,REPUBLICANOS,Deputado Estadual,0,2022
0379,10500,DOUGLAS ALBERTO SANTOS,REPUBLICANOS,Deputado Estadual,13,2022
0379,10511,CLAUDIO MASANOBU TERASAKA,REPUBLICANOS,Deputado Estadual,7,2022
0379,10550,TOME ABDUCH,REPUBLICANOS,Deputado Estadual,741,2022
0379,10555,VITOR ALEXANDRE RODRIGUES,REPUBLICANOS,Deputado Estadual,8,2022
0379,10600,FLEITAS FIDELES MONTEIRO,REPUBLICANOS,Deputado Estadual,18,2022
0379,10605,CLAUDIA SILVIA MACHADO DA SILVA,REPUBLICANOS,Deputado Estadual,1,2022
0379,10611,CARLOS WEVERTON ORTEGA SANCHES,REPUBLICANOS,Deputado Estadual,3,2022
0379,10666,ELIANA ATTINI PALMIERI,REPUBLICANOS,Deputado Estadual,0,2022
0379,10699,AUREA ROCHA,REPUBLICANOS,Deputado Estadual,0,2022
0379,10700,EDSON PIRES SALOMÃO,REPUBLICANOS,Deputado Estadual,63,2022
0379,10722,VASCO DA GAMA JUNIOR,REPUBLICANOS,Deputado Estadual,0,2022
0379,10770,MARIA APARECIDA ROQUE DE OLIVEIRA,REPUBLICANOS,Deputado Estadual,2,2022
0379,10777,MANOEL BARBOSA DO NASCIMENTO,REPUBLICANOS,Deputado Estadual,140,2022
0379,10780,GERLANY FELISMINO DE LIMA ROCHA,REPUBLICANOS,Deputado Estadual,1,2022
0379,10788,SIDNEY NERY DA SILVA,REPUBLICANOS,Deputado Estadual,3,2022
0379,10789,GILMAR SOUZA DOS SANTOS,REPUBLICANOS,Deputado Estadual,1,2022
0379,10800,MARCELO SQUASSONI,REPUBLICANOS,Deputado Estadual,0,2022
0379,10850,SILMARA APARECIDA DOS REIS CIPRIANO,REPUBLICANOS,Deputado Estadual,0,2022
0379,10852,PAULO ELIAS VICENTE,REPUBLICANOS,Deputado Estadual,2,2022
0379,10855,JOSE SILVIO VALDISSERA,REPUBLICANOS,Deputado Estadual,0,2022
0379,10870,DANIEL PLANA BOGALHO,REPUBLICANOS,Deputado Estadual,0,2022
0379,10888,VLAMIR BERNARDES DA SILVA,REPUBLICANOS,Deputado Estadual,0,2022
0379,10900,MARCOS VINÍCIO BILANCIERI,REPUBLICANOS,Deputado Estadual,5,2022
0379,10910,ANTÔNIO CARLOS DA SILVA,REPUBLICANOS,Deputado Estadual,12,2022
0379,10911,PEDRO RODRIGUES DE MIRANDA NETO,REPUBLICANOS,Deputado Estadual,0,2022
0379,10980,PAULO AUGUSTO LEITE MOTOOKA,REPUBLICANOS,Deputado Estadual,2,2022
0379,10987,SARA MARGARETE DE SOUZA SILVA,REPUBLICANOS,Deputado Estadual,0,2022
0379,10990,REJAINE TEREZA DOS SANTOS MARCHESINI,REPUBLICANOS,Deputado Estadual,0,2022
0379,10999,RICARDO MOLINA DIAS,REPUBLICANOS,Deputado Estadual,112,2022
0379,11000,JEFERSON MODESTO SILVA,PP,Deputado Estadual,9,2022
0379,11001,FABIA DA SILVA PORTO,PP,Deputado Estadual,0,2022
0379,11007,DAVID GONÇALVES MOREIRA,PP,Deputado Estadual,1,2022
0379,11012,FERNANDO CESAR RAMOS,PP,Deputado Estadual,0,2022
0379,11018,EVANDRO GONÇALVES PESSOA,PP,Deputado Estadual,2,2022
0379,11019,LUCIVÂNIA PINHEIRO BARBOSA,PP,Deputado Estadual,76,2022
0379,11022,LETICIA AGUIAR RESENDE ALVES,PP,Deputado Estadual,43,2022
0379,11023,FLAVIO AUGUSTO OLMOS,PP,Deputado Estadual,0,2022
0379,11035,VERA APARECIDA ORTEGA DOS SANTOS,PP,Deputado Estadual,0,2022
0379,11040,EVELLYN JULIANA DA SILVA,PP,Deputado Estadual,0,2022
0379,11045,RODRIGO OTÁVIO SANTOS VELLASCO,PP,Deputado Estadual,0,2022
0379,11050,JOÃO ROBERTO DE SIQUEIRA,PP,Deputado Estadual,0,2022
0379,11060,APARECIDO JOVANIR PENA JUNIOR,PP,Deputado Estadual,0,2022
0379,11100,GUILHERME LAZO SOLANO NETO,PP,Deputado Estadual,15,2022
0379,11110,CARLOS EDUARDO RICATTO,PP,Deputado Estadual,50,2022
0379,11111,JOÃO JORGE FADEL FILHO,PP,Deputado Estadual,66,2022
0379,11119,ANDERSON DOS SANTOS,PP,Deputado Estadual,1,2022
0379,11120,DANIEL JOSÉ MILLER DE AZEVEDO,PP,Deputado Estadual,4,2022
0379,11122,WILSON JOAQUIM DA SILVA,PP,Deputado Estadual,1,2022
0379,11123,AUDREY KLEYS CABRAL DE OLIVEIRA DINAU,PP,Deputado Estadual,9,2022
0379,11125,CAIO FIORI DIAS,PP,Deputado Estadual,30,2022
0379,11181,LUIZ ANTONIO GATO,PP,Deputado Estadual,1,2022
0379,11190,RAFAEL HENRIQUE CANO TELHADA,PP,Deputado Estadual,273,2022
0379,11193,WALKER ISAAC DE SOUSA,PP,Deputado Estadual,7,2022
0379,11200,LETÍCIA DA SILVA GUEDES,PP,Deputado Estadual,6,2022
0379,11211,CARLOS ALBERTO BOARINI,PP,Deputado Estadual,0,2022
0379,11212,HELIO JOSÉ DOS SANTOS,PP,Deputado Estadual,5,2022
0379,11222,SAULO DE OLIVEIRA SOUZA,PP,Deputado Estadual,12,2022
0379,11224,PATRICIA ROSSI CICOTOSTE,PP,Deputado Estadual,0,2022
0379,11225,VALÉRIA CLAYTON REZENDE DE LIMA,PP,Deputado Estadual,1,2022
0379,11227,MARIA APARECIDA DE JESUS,PP,Deputado Estadual,0,2022
0379,11234,FLAVIO ROBERTO SALATINO,PP,Deputado Estadual,1,2022
0379,11245,FABIO ROGERIO FAGUNDES,PP,Deputado Estadual,9,2022
0379,11258,MÁRCIO APARECIDO MARTINS,PP,Deputado Estadual,1,2022
0379,11300,JOSÉ FRANCISCO GALDINO DE CARVALHO,PP,Deputado Estadual,0,2022
0379,11321,ELISANGELA ALCANTARA DA SILVA GONZALEZ,PP,Deputado Estadual,0,2022
0379,11333,JOSE MENDES DE SOUZA NETO BOTA,PP,Deputado Estadual,68,2022
0379,11334,RODRIGO DE PAULA RUIS,PP,Deputado Estadual,8,2022
0379,11345,MITUO TAKAHASI,PP,Deputado Estadual,0,2022
0379,11350,IZABEL CRISTINA DA SILVA ANDRE,PP,Deputado Estadual,0,2022
0379,11377,MARIA DE FÁTIMA SILVA,PP,Deputado Estadual,1,2022
0379,11400,PAULO ROBERTO CASSIOLATO FILHO,PP,Deputado Estadual,2,2022
0379,11444,TIAGO BAUAB BEDANI,PP,Deputado Estadual,1,2022
0379,11445,ARNALDO JOSE MARÍA CANCELA,PP,Deputado Estadual,3,2022
0379,11456,LUCAS DE ASSIS COSTA,PP,Deputado Estadual,1,2022
0379,11470,LEANDRO DE JESUS,PP,Deputado Estadual,0,2022
0379,11490,ELOIZA PEREIRA CORREIA,PP,Deputado Estadual,0,2022
0379,11511,EDSON RODRIGUES CARDOSO,PP,Deputado Estadual,1,2022
0379,11550,LYGIA APARECIDA FAZIO DE OLIVEIRA,PP,Deputado Estadual,0,2022
0379,11555,EZEQUIEL DE SOUZA DAMASCENO,PP,Deputado Estadual,4,2022
0379,11560,LINDINALVA ZEFERINO DE AZEVEDO,PP,Deputado Estadual,1,2022
0379,11567,HENRIQUE GOMES DE LIMA,PP,Deputado Estadual,43,2022
0379,11571,WELLINGTON WILLIAN DO NASCIMENTO SALES,PP,Deputado Estadual,0,2022
0379,11600,MARCIA APARECIDA TASCHETTI,PP,Deputado Estadual,0,2022
0379,11611,ADRIANA APARECIDA FELIX,PP,Deputado Estadual,5,2022
0379,11650,LUCIAUREA CORREIA DOS SANTOS,PP,Deputado Estadual,0,2022
0379,11660,RENATO DE OLIVEIRA ZUCOLOTO,PP,Deputado Estadual,4,2022
0379,11680,MARCELO LEANDRO BRAGA PALINI,PP,Deputado Estadual,2,2022
0379,11700,MARCELO RIBEIRO COSTA,PP,Deputado Estadual,1,2022
0379,11777,ANTONIO ASSUNÇÃO DE OLIM,PP,Deputado Estadual,440,2022
0379,11800,FERNANDO SIQUEIRA MUNIZ,PP,Deputado Estadual,2,2022
0379,11877,EDUARDO OLIVEIRA DE ARAUJO,PP,Deputado Estadual,0,2022
0379,11888,DANIELA DE OLIVEIRA SOUZA SOUTO,PP,Deputado Estadual,7,2022
0379,11890,ALBERTO SABINO DE OLIVEIRA,PP,Deputado Estadual,0,2022
0379,11900,KLEBER FERREIRA MARUXO,PP,Deputado Estadual,8,2022
0379,11911,EDYMAR BUENO,PP,Deputado Estadual,0,2022
0379,11972,BENEDITO TORRES BARRETO,PP,Deputado Estadual,0,2022
0379,11999,WAGNER RODRIGUES,PP,Deputado Estadual,2,2022
0379,12000,VICTOR HENRIQUE MARQUES,PDT,Deputado Estadual,36,2022
0379,12001,SOLANGE MARIA TEODORO,PDT,Deputado Estadual,1,2022
0379,12002,EDINEIA PRADO DA COSTA,PDT,Deputado Estadual,0,2022
0379,12003,MARCO ANTONIO ALVES JORGE,PDT,Deputado Estadual,9,2022
0379,12007,CLAUDIO JOSÉ DE OLIVEIRA GONÇALVES,PDT,Deputado Estadual,3,2022
0379,12008,PATRYCIA FACIOLO DOS SANTOS,PDT,Deputado Estadual,0,2022
0379,12012,DANIELA APARECIDA RODRIGUEIRO,PDT,Deputado Estadual,4,2022
0379,12013,DANIELLE MARINHO RABELO,PDT,Deputado Estadual,4,2022
0379,12014,JEFFERSON RODRIGO GOMES DA SILVA,PDT,Deputado Estadual,0,2022
0379,12016,MARIA EUGENIA UGUCIONE BIFFI,PDT,Deputado Estadual,0,2022
0379,12021,SANDRA NAVAJAS,PDT,Deputado Estadual,0,2022
0379,12022,GABRIEL COSTA PLACCE,PDT,Deputado Estadual,1,2022
0379,12028,PAULO ROGÉRIO DA SILVA,PDT,Deputado Estadual,0,2022
0379,12033,ADRIANA GOMES,PDT,Deputado Estadual,14,2022
0379,12050,ANTONIO FERNANDO PEREIRA,PDT,Deputado Estadual,0,2022
0379,12051,CÍCERO JUSTINO DA SILVA,PDT,Deputado Estadual,0,2022
0379,12054,SANDRA HELENA CANDIDO DOS SANTOS,PDT,Deputado Estadual,0,2022
0379,12077,MARCIO AURELIO SOARES,PDT,Deputado Estadual,0,2022
0379,12100,ALEXSANDRA OLIVEIRA BEZERRA,PDT,Deputado Estadual,5,2022
0379,12101,FLÁVIA APARECIDA RODRIGUES,PDT,Deputado Estadual,0,2022
0379,12111,LEONORA DA SILVA PÉRICO,PDT,Deputado Estadual,3,2022
0379,12112,FERNANDO DOS SANTOS MOURA,PDT,Deputado Estadual,5,2022
0379,12120,JOÃO VICTOR MATTA DIAS FERREIRA,PDT,Deputado Estadual,3,2022
0379,12121,PAULA MAYARA DARRÔ MARTINS ROCHA FILZEK,PDT,Deputado Estadual,9,2022
0379,12122,GILBERTO APARECIDO BORGES,PDT,Deputado Estadual,13,2022
0379,12123,DOUGLAS AUGUSTO PINHEIRO DE OLIVEIRA,PDT,Deputado Estadual,13,2022
0379,12124,AIRTON DA COSTA LOURENÇO,PDT,Deputado Estadual,1,2022
0379,12125,NUBIA DE JESUS SANTOS,PDT,Deputado Estadual,2,2022
0379,12126,ELISANGELA RODRIGUES DE SOUSA,PDT,Deputado Estadual,4,2022
0379,12131,ARNALDO REISDECOPA NASCIMENTO,PDT,Deputado Estadual,4,2022
0379,12156,EUGÊNIO MIRANDA,PDT,Deputado Estadual,3,2022
0379,12180,NAYLA DE SOUZA,PDT,Deputado Estadual,41,2022
0379,12190,MARCELO AFONSO PIMENTA,PDT,Deputado Estadual,0,2022
0379,12200,WILSON KELLER DE MATOS,PDT,Deputado Estadual,388,2022
0379,12202,SIVALDO DE JESUS,PDT,Deputado Estadual,2,2022
0379,12212,NEUDES RIBEIRO DE CARVALHO,PDT,Deputado Estadual,6,2022
0379,12222,ANTONIO DA ROCHA MARMO CEZAR,PDT,Deputado Estadual,12,2022
0379,12234,JOSUÉ GONÇALVES,PDT,Deputado Estadual,2,2022
0379,12240,ADRIANO NERES DE OLIVEIRA,PDT,Deputado Estadual,0,2022
0379,12244,RENAN FONSECA DA SILVA,PDT,Deputado Estadual,1,2022
0379,12277,MARCIO ALEXANDRE BARRETO,PDT,Deputado Estadual,0,2022
0379,12300,ANTONIO CARLOS TRIGO,PDT,Deputado Estadual,7,2022
0379,12307,MIRELLE CRISTINA DE SOUZA BUENO,PDT,Deputado Estadual,0,2022
0379,12310,ATAIDE ROBERTO DA SILVA JUNIOR,PDT,Deputado Estadual,3,2022
0379,12311,PAULO HENRIQUE RIBEIRO FLORIANO,PDT,Deputado Estadual,3,2022
0379,12312,ADOLFO BASSO,PDT,Deputado Estadual,5,2022
0379,12321,CASEMIRO DOS REIS JÚNIOR,PDT,Deputado Estadual,123,2022
0379,12333,PAULO ALEXANDRE ZEMUNER MASCARO,PDT,Deputado Estadual,4,2022
0379,12340,MAGALI RABELLO ROCHA,PDT,Deputado Estadual,4,2022
0379,12344,RAMILSON DE FREITAS PEREIRA,PDT,Deputado Estadual,2,2022
0379,12345,MÁRCIO MASSAMI NAKASHIMA,PDT,Deputado Estadual,146,2022
0379,12357,ROSA MARIA DA SILVA CLIMACO,PDT,Deputado Estadual,1,2022
0379,12363,EZEQUIEL DE ARAÚJO SILVA,PDT,Deputado Estadual,0,2022
0379,12366,MANOEL JOSÉ DA SILVA,PDT,Deputado Estadual,0,2022
0379,12369,ALEXSANDER MELO BUENO,PDT,Deputado Estadual,1,2022
0379,12377,LUIS CARLOS DE SOUZA,PDT,Deputado Estadual,2,2022
0379,12388,CINTIA APARECIDA DE MATOS,PDT,Deputado Estadual,1,2022
0379,12400,CESAR MICHELON LOUREIRO SANTANA,PDT,Deputado Estadual,6,2022
0379,12412,JOAQUIM MARCELINO JOFFRE NETO,PDT,Deputado Estadual,0,2022
0379,12422,GILMAR FERNANDES DE MELO,PDT,Deputado Estadual,0,2022
0379,12443,VERÔNICA EVANGELISTA DOS SANTOS,PDT,Deputado Estadual,0,2022
0379,12444,BRUNO DE OLIVEIRA ALVES,PDT,Deputado Estadual,2,2022
0379,12456,RAI SAYLON DE PAULA RIBEIRO,PDT,Deputado Estadual,4,2022
0379,12500,FERNANDO PEREIRA SIRCHIA JUNIOR,PDT,Deputado Estadual,6,2022
0379,12512,SIDNEI TAVARES MEDEIROS,PDT,Deputado Estadual,0,2022
0379,12555,ROBINSON FARINAZZO CASAL,PDT,Deputado Estadual,61,2022
0379,12600,JUSSARA APARECIDA FERNANDES,PDT,Deputado Estadual,11,2022
0379,12612,DEJANIRA VICENCIA SANTOS ALVES,PDT,Deputado Estadual,0,2022
0379,12622,SANDRA MARIA DOS SANTOS,PDT,Deputado Estadual,0,2022
0379,12645,LEONARDO LORO MARTINS PINTO,PDT,Deputado Estadual,14,2022
0379,12666,JAIRO ANZILEIRO,PDT,Deputado Estadual,1,2022
0379,12678,JHONY ANTONIO BARBOZA,PDT,Deputado Estadual,0,2022
0379,12700,WINNITU DIEGO DA SILVA TOZADORE,PDT,Deputado Estadual,0,2022
0379,12712,OSVALDO GOMES DE LIMA,PDT,Deputado Estadual,2,2022
0379,12720,RAFAEL TURRINI PURGATO,PDT,Deputado Estadual,1,2022
0379,12723,CARLA DENISE BAPTISTA LEOPOLDO,PDT,Deputado Estadual,0,2022
0379,12735,ANGELO SCAVASSINI NETO,PDT,Deputado Estadual,2,2022
0379,12736,JOSÉ NELSON DA SILVA,PDT,Deputado Estadual,0,2022
0379,12737,JHONATAN WILLIAM OLIVEIRA DO NASCIMENTO,PDT,Deputado Estadual,1,2022
0379,12750,GILBERTO JEFFERSON DE BARROS,PDT,Deputado Estadual,1,2022
0379,12770,LUCINEIDE CRUZ ALVES,PDT,Deputado Estadual,0,2022
0379,12777,PEDRO JOSÉ DE PAULA,PDT,Deputado Estadual,144,2022
0379,12789,RAFAEL COSTA AMADEU,PDT,Deputado Estadual,0,2022
0379,12800,MARCELO DE MELLO CASSUCCI,PDT,Deputado Estadual,0,2022
0379,12812,EDMILSON PINTO CARDOZO,PDT,Deputado Estadual,0,2022
0379,12888,CRISTIANE AQUINO PASTOR,PDT,Deputado Estadual,1,2022
0379,12900,EVELYN CRISTINA FERREIRA PAULA,PDT,Deputado Estadual,1,2022
0379,12912,MARCIO DE ALMEIDA PINO,PDT,Deputado Estadual,0,2022
0379,12990,ALESSANDRO FAUSTINO MARTINS,PDT,Deputado Estadual,5,2022
0379,12999,EDNELSON PACHECO FERREIRA,PDT,Deputado Estadual,1,2022
0379,13000,ALESSANDRO CÉZAR ARAÚJO AZEVEDO,PT,Deputado Estadual,109,2022
0379,13003,DOUGLAS MARTINS DE SOUZA,PT,Deputado Estadual,4,2022
0379,13004,TELMA SANDRA AUGUSTO DE SOUZA,PT,Deputado Estadual,11,2022
0379,13011,MARIO MAURICI DE LIMA MORAIS,PT,Deputado Estadual,71,2022
0379,13013,ALEXYA LUCAS EVANGELISTA SALVADOR,PT,Deputado Estadual,32,2022
0379,13016,THAINARA KAROLINE FARIA,PT,Deputado Estadual,316,2022
0379,13019,JOÃO GUILHERME BENETTI RAMOS,PT,Deputado Estadual,44,2022
0379,13066,ADÉLIA OLIVEIRA DE FARIAS,PT,Deputado Estadual,122,2022
0379,13100,GARRY DERALUS,PT,Deputado Estadual,16,2022
0379,13110,TEONÍLIO MONTEIRO DA COSTA,PT,Deputado Estadual,13,2022
0379,13112,EVELYN SILVA DO NASCIMENTO VICENTE DA SILVA,PT,Deputado Estadual,357,2022
0379,13113,MARCIA APARECIDA OVEJANEDA LIA,PT,Deputado Estadual,287,2022
0379,13114,ENIO FRANCISCO TATTO,PT,Deputado Estadual,23,2022
0379,13120,CARLOS ROBERTO DE OLIVEIRA,PT,Deputado Estadual,672,2022
0379,13121,ANA LUCIA LIPPAUS PERUGINI,PT,Deputado Estadual,1159,2022
0379,13123,MARIA IZABEL AZEVEDO NORONHA,PT,Deputado Estadual,512,2022
0379,13127,BRUNO RAMOS DA SILVA,PT,Deputado Estadual,7,2022
0379,13130,FERNANDO SOUZA PUGA,PT,Deputado Estadual,23,2022
0379,13131,EMIDIO PEREIRA DE SOUZA,PT,Deputado Estadual,118,2022
0379,13133,EDUARDO MATARAZZO SUPLICY,PT,Deputado Estadual,2563,2022
0379,13134,LUIZ FERNANDO TEIXEIRA FERREIRA,PT,Deputado Estadual,889,2022
0379,13140,JORGE RODRIGO VALVERDE SANTANA,PT,Deputado Estadual,5,2022
0379,13147,MARIANA ROSSETO SANTOS,PT,Deputado Estadual,13,2022
0379,13180,MARIA EDUARDA ALENCAR HIDALGO,PT,Deputado Estadual,63,2022
0379,13192,MARCOS MONTANI CASEIRO,PT,Deputado Estadual,21,2022
0379,13199,PAOLLA CATHERINE DOS SANTOS MIGUEL AGARD,PT,Deputado Estadual,2381,2022
0379,13200,CONSTANTINO CURY NETO,PT,Deputado Estadual,25,2022
0379,13222,JULIANA FRAGA E SILVA DE SOUZA,PT,Deputado Estadual,34,2022
0379,13234,JOSÉ WILSON CARDOSO DE SOUZA,PT,Deputado Estadual,1,2022
0379,13258,ESTELA ALEXANDRE ALMAGRO,PT,Deputado Estadual,3,2022
0379,13270,THIAGO HENRIQUE MAIA SORATTO,PT,Deputado Estadual,20,2022
0379,13290,LEANDRO CÂNDIDO SOARES,PT,Deputado Estadual,217,2022
0379,13300,WAGNER DE MELO ROMÃO,PT,Deputado Estadual,658,2022
0379,13301,ROMILDO ANTONIO DA SILVA,PT,Deputado Estadual,9,2022
0379,13310,LUIZ CLAUDIO MARCOLINO,PT,Deputado Estadual,70,2022
0379,13313,RENATO MORENI AIRES DA SILVA,PT,Deputado Estadual,7,2022
0379,13321,HERIVELTO DOS SANTOS MORAES,PT,Deputado Estadual,2,2022
0379,13330,ALEX SANDRO GOMES,PT,Deputado Estadual,16,2022
0379,13331,VERA LUCIA RODRIGUES DE FARIA,PT,Deputado Estadual,604,2022
0379,13333,THAISE BEZERRA PACHECO SANTOS,PT,Deputado Estadual,43,2022
0379,13360,MIRIAM MANETTA ALGARRA,PT,Deputado Estadual,8,2022
0379,13400,CHEILA MARIA SUBENKO OLALLA,PT,Deputado Estadual,31,2022
0379,13413,JOÃO ALFREDO DE OLIVEIRA,PT,Deputado Estadual,0,2022
0379,13444,EDNA DA SILVA DELLA NINA,PT,Deputado Estadual,8,2022
0379,13456,ELISABETH SAHÃO,PT,Deputado Estadual,19,2022
0379,13500,ANDREIA TEIXEIRA BATISTA,PT,Deputado Estadual,25,2022
0379,13513,CAROLINA MALAVAZZI GALVÃO,PT,Deputado Estadual,3,2022
0379,13545,APARECIDA DA GRAÇA CARLOS,PT,Deputado Estadual,11,2022
0379,13555,SIMÃO PEDRO CHIOVETTI,PT,Deputado Estadual,83,2022
0379,13580,CARLOS ALBERTO MARCOS,PT,Deputado Estadual,25,2022
0379,13600,MARLY GOMES CALDAS,PT,Deputado Estadual,15,2022
0379,13613,PAULO ROBERTO FIORILO,PT,Deputado Estadual,40,2022
0379,13616,JOSEMUNDO DARIO QUEIROZ,PT,Deputado Estadual,13,2022
0379,13650,MARCELO RIBEIRO DA SILVA,PT,Deputado Estadual,14,2022
0379,13651,PAULO BATISTA DOS REIS,PT,Deputado Estadual,2464,2022
0379,13654,JANDYRA MASSUE UEHARA ALVES,PT,Deputado Estadual,653,2022
0379,13696,CHRISTIANE GRACE GUIMARÃES DA SILVA,PT,Deputado Estadual,5,2022
0379,13700,ANTONIO DONATO MADORMO,PT,Deputado Estadual,887,2022
0379,13713,ROMULO ORNELAS DE OLIVEIRA,PT,Deputado Estadual,21,2022
0379,13777,ALMIR ROGERIO DA SILVA,PT,Deputado Estadual,4,2022
0379,13789,ROMULO CESAR FERNANDES,PT,Deputado Estadual,10,2022
0379,13800,JORGE DO CARMO SILVA,PT,Deputado Estadual,366,2022
0379,13877,JANETE ROCHA PIETÁ,PT,Deputado Estadual,2,2022
0379,13888,FRANCISCA NILMAR ARRAES MANOEL,PT,Deputado Estadual,6,2022
0379,13900,JULIANA SOARES DO NASCIMENTO,PT,Deputado Estadual,32,2022
0379,14000,JOSE CARLOS BERNARDI,PTB,Deputado Estadual,0,2022
0379,14001,EVANDRO PEREIRA DOS REIS,PTB,Deputado Estadual,0,2022
0379,14002,CRISTINA ALVES DE GODOY,PTB,Deputado Estadual,0,2022
0379,14003,PANAGIOTIS SERAFIM SPANOS,PTB,Deputado Estadual,0,2022
0379,14004,CRISTINA DOS SANTOS,PTB,Deputado Estadual,0,2022
0379,14005,LILIANE DURCE,PTB,Deputado Estadual,0,2022
0379,14006,GILBERTO MARQUES DO COUTO,PTB,Deputado Estadual,0,2022
0379,14007,RICARDO CRUZ DE REZENDE PAOLIELLO,PTB,Deputado Estadual,0,2022
0379,14009,CARLOS RICARDO CEOLONI,PTB,Deputado Estadual,0,2022
0379,14010,EDUARDO FRANCISCO DE MELO,PTB,Deputado Estadual,0,2022
0379,14011,PAULO SERGIO MOREIRA MELLO,PTB,Deputado Estadual,0,2022
0379,14012,LILIAN RENATA GARCIA VIEIRA MEDEIROS,PTB,Deputado Estadual,0,2022
0379,14013,ALAELSON ALVES DA SILVA,PTB,Deputado Estadual,0,2022
0379,14014,EDISON LUCIANO KLIMAN BENEDITO,PTB,Deputado Estadual,0,2022
0379,14015,MARIA DO ROSARIO ALMEIDA,PTB,Deputado Estadual,0,2022
0379,14016,CHARLES DOS SANTOS PEREIRA,PTB,Deputado Estadual,0,2022
0379,14017,PAULO CESAR DA SILVA SANT ANA,PTB,Deputado Estadual,0,2022
0379,14019,AHMED TARIQUE TOMBOUCTOU AGIO,PTB,Deputado Estadual,0,2022
0379,14020,GILBERTO MEGDA,PTB,Deputado Estadual,0,2022
0379,14021,MAGDA DOS SANTOS CABRAL,PTB,Deputado Estadual,0,2022
0379,14022,WASHINGTON JOSE DA CRUZ,PTB,Deputado Estadual,0,2022
0379,14032,AFONSO MARIA SILVA SALES,PTB,Deputado Estadual,0,2022
0379,14033,ANGELA TORRES PRADO,PTB,Deputado Estadual,0,2022
0379,14038,PAULO HUGENNEYER KOGOS,PTB,Deputado Estadual,0,2022
0379,14039,NURIA DANIELA GALLÃO ARTHUZO,PTB,Deputado Estadual,0,2022
0379,14040,LUIS FERNANDO DA SILVA,PTB,Deputado Estadual,0,2022
0379,14041,VERA LUCIA SOVERAL DA SILVEIRA,PTB,Deputado Estadual,0,2022
0379,14044,MARCOS VITOR LESSA,PTB,Deputado Estadual,0,2022
0379,14045,VIOLETA FILOMENA DACCACHE,PTB,Deputado Estadual,0,2022
0379,14046,MARCELO OLIVEIRA ROSADO,PTB,Deputado Estadual,0,2022
0379,14049,ROSYMEIRE DE SOUZA LEITE RODRIGUES,PTB,Deputado Estadual,0,2022
0379,14050,MARIA RISOLETA ESTRELA DOS SANTOS,PTB,Deputado Estadual,0,2022
0379,14060,DENIVIA ROSA DOS SANTOS OLIVEIRA,PTB,Deputado Estadual,0,2022
0379,14088,MARCELO CRISTIANO REIS,PTB,Deputado Estadual,0,2022
0379,14099,IOLANDA REGINA ALVES FRONTEROTTA,PTB,Deputado Estadual,0,2022
0379,14100,JOSE VANDERLEI MACHADO,PTB,Deputado Estadual,0,2022
0379,14108,ANTONIO DA SILVA E SOUZA,PTB,Deputado Estadual,0,2022
0379,14110,WENDELL BRAZ NICOLICHE,PTB,Deputado Estadual,0,2022
0379,14111,ALEXANDRE GONÇALVES DEMETRIO ZAHRA,PTB,Deputado Estadual,0,2022
0379,14112,EDILSON GUARNIERI,PTB,Deputado Estadual,0,2022
0379,14114,MARIA ADALZIRA RIBEIRO ORTIZ,PTB,Deputado Estadual,0,2022
0379,14115,MOISES GOMES DO NASCIMENTO,PTB,Deputado Estadual,0,2022
0379,14121,ROBERTO CARLOS DE ALMEIDA,PTB,Deputado Estadual,0,2022
0379,14122,CLODOALDO ALVES DE AMORIM,PTB,Deputado Estadual,0,2022
0379,14123,GUILHERME CESAR ZAFANI,PTB,Deputado Estadual,0,2022
0379,14124,MARCELO COSTA MORAES,PTB,Deputado Estadual,0,2022
0379,14125,ADA HENRIQUE XAVIER,PTB,Deputado Estadual,0,2022
0379,14128,ADRIANO DE BARROS CARUSO,PTB,Deputado Estadual,0,2022
0379,14130,AUDREY ANA MARCONDES GOGLIANO,PTB,Deputado Estadual,0,2022
0379,14141,ADAUTO VIANA JUNIOR,PTB,Deputado Estadual,0,2022
0379,14143,NOEMIA VIEIRA FONSECA,PTB,Deputado Estadual,0,2022
0379,14162,ANTONIO BERALDO ALVES,PTB,Deputado Estadual,0,2022
0379,14177,CLAUDIO AUGUSTO PEREIRA,PTB,Deputado Estadual,0,2022
0379,14190,MARCOS ROGERIO MANTEIGA,PTB,Deputado Estadual,0,2022
0379,14193,DEYCON FRANCISCO DA SILVA,PTB,Deputado Estadual,0,2022
0379,14200,RENATO SALVADOR MARTINS,PTB,Deputado Estadual,0,2022
0379,14221,LINDEMBERG MELO GONCALVES,PTB,Deputado Estadual,0,2022
0379,14222,FLAVIO RICARDO BEALL,PTB,Deputado Estadual,0,2022
0379,14244,LUCAS ANTUNES,PTB,Deputado Estadual,0,2022
0379,14245,PATRICIA MARIA DE MELO ZANOTTI MONTILHA,PTB,Deputado Estadual,0,2022
0379,14250,EMERSON PEREIRA BATISTA,PTB,Deputado Estadual,0,2022
0379,14300,DENE IRENO DE SOUSA,PTB,Deputado Estadual,0,2022
0379,14321,SIMONE APARECIDA NASCIMENTO DA CONCEIÇÃO,PTB,Deputado Estadual,0,2022
0379,14400,NELSON ROBERTO GRITTI,PTB,Deputado Estadual,0,2022
0379,14422,VALERIA CRISTINA RODRIGUES,PTB,Deputado Estadual,0,2022
0379,14441,GABRIEL SILVA GOMES,PTB,Deputado Estadual,0,2022
0379,14444,MANOEL LOPES FERREIRA JUNIOR,PTB,Deputado Estadual,0,2022
0379,14455,SERGIO ANTONIO,PTB,Deputado Estadual,0,2022
0379,14456,GIOVANA LIMA DE AGUIAR,PTB,Deputado Estadual,0,2022
0379,14457,PAULO ROBERTO TORRES GALINDO,PTB,Deputado Estadual,0,2022
0379,14500,CRISTINA APARECIDA TEIXEIRA CORDEIRO DE JESUS,PTB,Deputado Estadual,0,2022
0379,14522,RODRIGO RODRIGUES PEDROSO,PTB,Deputado Estadual,0,2022
0379,14550,JOSE MARCIO DE CAMPOS,PTB,Deputado Estadual,0,2022
0379,14555,MARCO AURELIO MIETO DOMINGUES,PTB,Deputado Estadual,0,2022
0379,14567,LILIANE MARIA DA SILVA PAES,PTB,Deputado Estadual,0,2022
0379,14580,MARIA DE JESUS LOPES MARTINS SILVA,PTB,Deputado Estadual,0,2022
0379,14617,CECILIA RANIELE ROSAL SALVADOR,PTB,Deputado Estadual,0,2022
0379,14620,GILSON MOREIRA,PTB,Deputado Estadual,0,2022
0379,14624,CARLOS ALBERTO VIDAL TONON JUNIOR,PTB,Deputado Estadual,0,2022
0379,14699,SIDINEI GIRON,PTB,Deputado Estadual,0,2022
0379,14700,GILBERTO SOARES PINHEIRO,PTB,Deputado Estadual,0,2022
0379,14701,MARCELINO SILVA,PTB,Deputado Estadual,0,2022
0379,14714,KARINA PAULA DE SOUZA OLIVEIRA MARTINS,PTB,Deputado Estadual,0,2022
0379,14772,WILLIAM APARECIDO DE SOUZA,PTB,Deputado Estadual,0,2022
0379,14775,CASSIO LUIZ DE OLIVEIRA,PTB,Deputado Estadual,0,2022
0379,14777,AGEU DA CRUZ ALMEIDA,PTB,Deputado Estadual,0,2022
0379,14789,GERALDO APARECIDO MENDES,PTB,Deputado Estadual,0,2022
0379,14800,MÔNICA PRADO,PTB,Deputado Estadual,0,2022
0379,14822,CLAUDIO LUIS CAIVANO,PTB,Deputado Estadual,0,2022
0379,14851,JURACILDE DE LIMA PINTO,PTB,Deputado Estadual,0,2022
0379,14888,AVEDIS GOGENHAN,PTB,Deputado Estadual,0,2022
0379,14900,VALDINEI CAMPELO FELIX,PTB,Deputado Estadual,0,2022
0379,14961,MARIA ALICE TANIGUSHI,PTB,Deputado Estadual,0,2022
0379,14999,APARECIDO MOREIRA DA SILVA,PTB,Deputado Estadual,0,2022
0379,15000,JORGE LUIS CARUSO,MDB,Deputado Estadual,57,2022
0379,15001,HUGO MOREIRA SANTOS,MDB,Deputado Estadual,16,2022
0379,15009,AUDEIDE CARDOSO,MDB,Deputado Estadual,1,2022
0379,15012,BRUNO DE SOUSA ALVES,MDB,Deputado Estadual,0,2022
0379,15013,HILDON DE OLIVEIRA ROCHA,MDB,Deputado Estadual,0,2022
0379,15014,DANIELE SOUZA AKAMINE,MDB,Deputado Estadual,2,2022
0379,15015,MOHAMED AHMED YOUSSEF,MDB,Deputado Estadual,5,2022
0379,15017,FERNANDA DA GLÓRIA GOMES,MDB,Deputado Estadual,0,2022
0379,15019,LUIS FELIPE SILVEIRA AMANCIO TORELLA D AVILA,MDB,Deputado Estadual,0,2022
0379,15022,ANGELA OROSCO DE MELO,MDB,Deputado Estadual,3,2022
0379,15023,SUENIRA TEIXEIRA PINTO,MDB,Deputado Estadual,3,2022
0379,15030,CLAUDETE FERREIRA DA SILVA,MDB,Deputado Estadual,6,2022
0379,15040,LUIZ CARLOS DE PAULA,MDB,Deputado Estadual,1,2022
0379,15050,ANDRÉ LUIZ BARBEZANI,MDB,Deputado Estadual,0,2022
0379,15051,LEONARDO FRANCISCO SAMPAIO DE SOUZA FILHO,MDB,Deputado Estadual,0,2022
0379,15060,ZORAIDA MARIA LOBATO VIOTTI,MDB,Deputado Estadual,1,2022
0379,15070,ALLI AHMAD MAJDOUB,MDB,Deputado Estadual,3,2022
0379,15090,SAMUEL DE JESUS SANTOS PEREIRA,MDB,Deputado Estadual,0,2022
0379,15100,GILMAR RAIMUNDO LUCAS,MDB,Deputado Estadual,6,2022
0379,15111,HENRIQUE DE ALMEIDA BASANO,MDB,Deputado Estadual,3,2022
0379,15112,ROSELEI APARECIDO FRANÇOSO,MDB,Deputado Estadual,2,2022
0379,15115,MARCUS VINICIUS DE ALMEIDA FERREIRA,MDB,Deputado Estadual,1,2022
0379,15117,JOSEFA ANADETE DOS SANTOS SILVA,MDB,Deputado Estadual,0,2022
0379,15121,ANDRE CESAR COSTA,MDB,Deputado Estadual,260,2022
0379,15122,MARIA CRISTIANE PINHEIRO,MDB,Deputado Estadual,1,2022
0379,15123,OCIMAR DONIZETI LEO OLIVEIRA,MDB,Deputado Estadual,7,2022
0379,15130,FERNANDO RAMOS,MDB,Deputado Estadual,0,2022
0379,15133,LILIAN APARECIDA DE PAULA,MDB,Deputado Estadual,0,2022
0379,15144,EVERSON MARCOS DE OLIVEIRA,MDB,Deputado Estadual,11,2022
0379,15150,DIEGO LOPES DEL RIO,MDB,Deputado Estadual,62,2022
0379,15151,GIULIANO GRISO,MDB,Deputado Estadual,1,2022
0379,15153,CÍCERO LUIZ DE BRITO,MDB,Deputado Estadual,26,2022
0379,15155,EDIMAR CANDIDO DE LIMA,MDB,Deputado Estadual,3,2022
0379,15157,CASSIANE DE MELO FERNANDES,MDB,Deputado Estadual,2,2022
0379,15158,ANDRÉA DE PAULA SANTOS,MDB,Deputado Estadual,7,2022
0379,15177,ALEXANDRE DE OLIVEIRA,MDB,Deputado Estadual,4,2022
0379,15180,JAQUELINE LILIAN BARCELOS COUTINHO,MDB,Deputado Estadual,0,2022
0379,15190,SANDRA CANDIDO MORETTI,MDB,Deputado Estadual,88,2022
0379,15200,CAIO VINICIUS DE MOURA LUZ,MDB,Deputado Estadual,6,2022
0379,15215,MARCOS RIBEIRO DA COSTA,MDB,Deputado Estadual,0,2022
0379,15220,PHILIPE DE PAULA DA SILVA,MDB,Deputado Estadual,6,2022
0379,15222,FERNANDO MARTINS DOS SANTOS,MDB,Deputado Estadual,13,2022
0379,15256,MARCOS ANTONIO GONÇALVES DA SILVA,MDB,Deputado Estadual,0,2022
0379,15270,NIQUEIAS FERREIRA BORGES,MDB,Deputado Estadual,0,2022
0379,15277,PLAUTO JOSE RIBEIRO HOLTZ MORAES,MDB,Deputado Estadual,0,2022
0379,15300,ITAMAR FRANCISCO MACHADO BORGES,MDB,Deputado Estadual,87,2022
0379,15315,ADEMIR MARTINS BOAVENTURA,MDB,Deputado Estadual,5,2022
0379,15333,ALLINY FERNANDA SARTORI PADALINO ROGÉRIO,MDB,Deputado Estadual,2,2022
0379,15339,RODNEY DE PAIVA,MDB,Deputado Estadual,0,2022
0379,15345,MARCELO COSTA DEL BOSCO AMARAL,MDB,Deputado Estadual,2,2022
0379,15363,JOSÉ ROGERIO SOARES DOS SANTOS,MDB,Deputado Estadual,120,2022
0379,15400,CELIA APARECIDA DA CRUZ OLIVEIRA MENEZES,MDB,Deputado Estadual,1,2022
0379,15432,IVONE MOREIRA SANTOS,MDB,Deputado Estadual,0,2022
0379,15451,LUCIENE PEREIRA FRANCO,MDB,Deputado Estadual,0,2022
0379,15456,JOSÉ AGRIPINO DA SILVA,MDB,Deputado Estadual,4,2022
0379,15500,MARIA DO CARMO GUILHERME,MDB,Deputado Estadual,33,2022
0379,15515,OSMARIO SILVA,MDB,Deputado Estadual,1,2022
0379,15522,DANIEL GIROTTO,MDB,Deputado Estadual,1,2022
0379,15525,ROSANA APARECIDA BRANQUINHO,MDB,Deputado Estadual,0,2022
0379,15550,RONALDO FRANCISCO DA CRUZ,MDB,Deputado Estadual,0,2022
0379,15555,FERNANDA MORENO DA SILVA,MDB,Deputado Estadual,11,2022
0379,15556,ADRIANA VASCONCELLOS VIEIRA DE OLIVEIRA LUIZ,MDB,Deputado Estadual,7,2022
0379,15557,ANDRÉ LUIZ DA SILVA,MDB,Deputado Estadual,0,2022
0379,15590,RUBIA MARA DA SILVA OLIVEIRA,MDB,Deputado Estadual,0,2022
0379,15600,EIDA SILVA DOS SANTOS AZEVEDO,MDB,Deputado Estadual,1,2022
0379,15605,FERNANDO LUIZ ISOPPO PETITI,MDB,Deputado Estadual,0,2022
0379,15620,ARLINDO MARIANO DE ARAUJO FILHO,MDB,Deputado Estadual,4,2022
0379,15622,GEORGE VATUTIN HATO,MDB,Deputado Estadual,10,2022
0379,15678,MARCELO FORTES BARBIERI,MDB,Deputado Estadual,30,2022
0379,15700,IVAN RIBEIRO DE BRITO,MDB,Deputado Estadual,0,2022
0379,15770,CINTIA ROBERTA SILVA RODRIGUES,MDB,Deputado Estadual,10,2022
0379,15777,DALCIDES BATISTA DA SILVA NETO,MDB,Deputado Estadual,0,2022
0379,15800,SANDRA REGINA VIEIRA,MDB,Deputado Estadual,4,2022
0379,15855,ANA PAULA CALVO,MDB,Deputado Estadual,2,2022
0379,15900,MAURO CESAR RAMOS DE ALMEIDA,MDB,Deputado Estadual,2,2022
0379,15910,ERNESTO TEIXEIRA DA CUNHA,MDB,Deputado Estadual,9,2022
0379,15914,TARSO LUIZ FURTADO GOUVEIA,MDB,Deputado Estadual,1,2022
0379,15964,LUCIANO MARQUES DA SILVA,MDB,Deputado Estadual,0,2022
0379,15980,JOÃO ALVES VIEIRA,MDB,Deputado Estadual,0,2022
0379,15990,ROMAR WILLIAM CULLEN DELLAPIAZZA,MDB,Deputado Estadual,6,2022
0379,15999,CÁSSIO DE CASTRO NAVARRO,MDB,Deputado Estadual,2,2022
0379,16000,LUCAS ANTONIO NIZUMA SIMABUKULO,PSTU,Deputado Estadual,0,2022
0379,16016,MARISA DOS SANTOS MENDES,PSTU,Deputado Estadual,0,2022
0379,16023,OSVALDO MARIANO DIOGO,PSTU,Deputado Estadual,0,2022
0379,16100,CRISTIANE BANHOL,PSTU,Deputado Estadual,11,2022
0379,16107,RAQUEL DE PAULA,PSTU,Deputado Estadual,0,2022
0379,16123,AMANDA COELHO MARZALL,PSTU,Deputado Estadual,1,2022
0379,16161,LEANDRO JOSE DE SOUZA DUQUE,PSTU,Deputado Estadual,0,2022
0379,16321,NELSON BOTELHO DA SILVA,PSTU,Deputado Estadual,1,2022
0379,16461,FERNANDO DE SOUZA,PSTU,Deputado Estadual,0,2022
0379,16555,MAÍRA MACHADO RODRIGUES,PSTU,Deputado Estadual,15,2022
0379,16789,ADILSON DOS SANTOS,PSTU,Deputado Estadual,1,2022
0379,18000,MARINA MEDEIROS HELOU,REDE,Deputado Estadual,124,2022
0379,18001,MARINA MOREIRA,REDE,Deputado Estadual,0,2022
0379,18010,BENEDITO RODRIGUES CORREA,REDE,Deputado Estadual,0,2022
0379,18012,ANTONIO CARLOS DE MORAES,REDE,Deputado Estadual,0,2022
0379,18013,ANTONIO CARLOS MUNHOZ,REDE,Deputado Estadual,3,2022
0379,18016,JULIANA GORGA SALVETTI,REDE,Deputado Estadual,4,2022
0379,18018,MARIANA DUARTE GARCIA DE LACERDA,REDE,Deputado Estadual,2,2022
0379,18019,MARIO EDUARDO DA SILVA,REDE,Deputado Estadual,0,2022
0379,18100,RAFAEL CASTRO KOCIAN,REDE,Deputado Estadual,2,2022
0379,18109,ISTÊNIO VIANA MELLO,REDE,Deputado Estadual,0,2022
0379,18111,OLINDA CAETANO GARCIA,REDE,Deputado Estadual,0,2022
0379,18123,EMERSON MARCIO VITALINO,REDE,Deputado Estadual,4,2022
0379,18180,BUDGA DEROBY NHAMBIQUARA,REDE,Deputado Estadual,2,2022
0379,18181,THÍFANY FELIX GUIMARÃES,REDE,Deputado Estadual,1,2022
0379,18188,ERIVELTON PEREIRA RAMOS,REDE,Deputado Estadual,2,2022
0379,18199,LILIAN CRISTINA DOS SANTOS FARIA,REDE,Deputado Estadual,2,2022
0379,18270,EDILMA MARIA DA SILVA,REDE,Deputado Estadual,0,2022
0379,18420,RUBENS EDUARDO DOCAMPO ANTONINI,REDE,Deputado Estadual,9,2022
0379,18441,EDILSON RODRIGO NOGUEIRA MARCIANO,REDE,Deputado Estadual,1,2022
0379,18456,ANDRE RICARDO DE SOUZA,REDE,Deputado Estadual,0,2022
0379,18555,JOSÉ MENINO DE OLIVEIRA,REDE,Deputado Estadual,1,2022
0379,18717,ANTOINE BALADY,REDE,Deputado Estadual,0,2022
0379,18777,RAFAEL BERNARDO FERREIRA SANTOS,REDE,Deputado Estadual,2,2022
0379,18800,HONÓRIO MARQUES DA SILVA,REDE,Deputado Estadual,2,2022
0379,18888,VICTOR AUGUSTO LINS MENDES,REDE,Deputado Estadual,21,2022
0379,19000,RAUL APARECIDO GONÇALVES PAULA,PODE,Deputado Estadual,10,2022
0379,19001,ATAIDE TERUEL PEREZ,PODE,Deputado Estadual,14,2022
0379,19002,JOSÉ CARLOS DE ALMEIDA,PODE,Deputado Estadual,0,2022
0379,19007,JAIRO DOS SANTOS,PODE,Deputado Estadual,1,2022
0379,19009,ESTER COSCARELLI DOMINGUES,PODE,Deputado Estadual,0,2022
0379,19011,JOBERT ALEXANDRINO,PODE,Deputado Estadual,3,2022
0379,19013,LARISSA FORJANES DOS SANTOS,PODE,Deputado Estadual,0,2022
0379,19015,MARCOS ESCAMES FÉLIX DA SILVA,PODE,Deputado Estadual,2,2022
0379,19019,GERSON DIAS PESSOA,PODE,Deputado Estadual,9,2022
0379,19020,URIÃ FANCELLI BAUMGARTNER,PODE,Deputado Estadual,22,2022
0379,19021,JOSÉ WALTER FIGUEIREDO SILVA,PODE,Deputado Estadual,4,2022
0379,19022,PEDRO MARIN BELMONTE NETO,PODE,Deputado Estadual,0,2022
0379,19023,PATRÍCIA MODESTO,PODE,Deputado Estadual,0,2022
0379,19027,CRISTIANE SILVA DE ALMEIDA SANTOS,PODE,Deputado Estadual,0,2022
0379,19030,JORGE GABRIEL GRASI,PODE,Deputado Estadual,0,2022
0379,19033,SABRINA PRADO DOS SANTOS,PODE,Deputado Estadual,1,2022
0379,19037,MARIA VILMA FIGUEIREDO DA SILVA JACINTO,PODE,Deputado Estadual,0,2022
0379,19054,ARLINDO AMARO DOS SANTOS,PODE,Deputado Estadual,0,2022
0379,19055,SILVAN PEREIRA DE SOUZA,PODE,Deputado Estadual,0,2022
0379,19069,ROBERTO MIGUEL REY JUNIOR,PODE,Deputado Estadual,21,2022
0379,19070,EMERSON FRACAROLI,PODE,Deputado Estadual,3,2022
0379,19077,JULIANA MARA DA SILVA SPADA,PODE,Deputado Estadual,0,2022
0379,19088,ELVIO ANTONIO PINOTTI NETO,PODE,Deputado Estadual,1,2022
0379,19097,ARLETE TAVARES DOS SANTOS BARBOSA,PODE,Deputado Estadual,0,2022
0379,19099,SILVIA MIRANDA NAGATA,PODE,Deputado Estadual,4,2022
0379,19100,RICARDO LONGATTI FRANÇA,PODE,Deputado Estadual,48,2022
0379,19101,CLARICE CARASSOL AREVALO GANEM,PODE,Deputado Estadual,437,2022
0379,19110,WAGNER BAPTISTA RIGUEIRA,PODE,Deputado Estadual,3,2022
0379,19111,GERSON DOS SANTOS PIRES,PODE,Deputado Estadual,82,2022
0379,19115,VERONICA COSMO AMERICO,PODE,Deputado Estadual,0,2022
0379,19119,GABRIEL PINELLI FERRAZ,PODE,Deputado Estadual,0,2022
0379,19123,MARCIO PASCHOAL GIUDICIO,PODE,Deputado Estadual,3,2022
0379,19125,MARIZETE GOMES DE MAGALHÃES BERGAMIN,PODE,Deputado Estadual,2,2022
0379,19133,TATIANA DE FREITAS SIVIERO,PODE,Deputado Estadual,8,2022
0379,19141,LUIS ANTONIO DE SOUZA,PODE,Deputado Estadual,0,2022
0379,19147,AURELIANO CARNEIRO DE LIMA,PODE,Deputado Estadual,0,2022
0379,19153,JOSELITO DE SOUSA LIMA,PODE,Deputado Estadual,3,2022
0379,19157,RODRIGO FEITOSA LOPES,PODE,Deputado Estadual,0,2022
0379,19179,CRISTIANE VIVIAN ALVES GOMES,PODE,Deputado Estadual,1,2022
0379,19190,MAURO MARQUES DAS NEVES,PODE,Deputado Estadual,6,2022
0379,19192,ALDO FERNANDO NUNES,PODE,Deputado Estadual,0,2022
0379,19196,SÉRGIO DONIZETE FERREIRA,PODE,Deputado Estadual,1,2022
0379,19197,ELIANA CONRADO GOTTSFRITZ FERNANDES,PODE,Deputado Estadual,0,2022
0379,19199,VICTOR MORAES FILHO,PODE,Deputado Estadual,2,2022
0379,19200,DANIEL DA ROCHA MARTINI,PODE,Deputado Estadual,3,2022
0379,19209,FÁBIO ANDRÉ CAPUTO FERRACINI,PODE,Deputado Estadual,2,2022
0379,19219,SANDRA DE AMORIM BARBOSA DE OLIVEIRA,PODE,Deputado Estadual,0,2022
0379,19222,ADILSON DOMINGOS CENSI,PODE,Deputado Estadual,35,2022
0379,19233,CHARLES DOS ANJOS,PODE,Deputado Estadual,0,2022
0379,19234,FABIO LEANDRO CARDOSO TEIXEIRA,PODE,Deputado Estadual,0,2022
0379,19252,FÁBIO FARIAS DE SÁ,PODE,Deputado Estadual,1,2022
0379,19299,EDUARDO LIMA DE SOUZA,PODE,Deputado Estadual,19,2022
0379,19300,EDUARDO CARNEIRO MARTINS,PODE,Deputado Estadual,0,2022
0379,19313,ELISÂNGELA VENTURA ROCHA,PODE,Deputado Estadual,0,2022
0379,19321,LEONARDO DA SILVA BRIGAGÃO,PODE,Deputado Estadual,3,2022
0379,19333,GUILHERME ANDREW GONÇALVES DA SILVA,PODE,Deputado Estadual,74,2022
0379,19345,ANDRE MARTINS MACHADO,PODE,Deputado Estadual,0,2022
0379,19360,TÁBATA FREITAS MANZOLI,PODE,Deputado Estadual,0,2022
0379,19400,JOSE BISPO DOS SANTOS FILHO,PODE,Deputado Estadual,2,2022
0379,19444,MALBA TANIA RODRIGUES ABRANTES COELHO GOMES,PODE,Deputado Estadual,0,2022
0379,19454,MARISTELA MORESCHI RIBEIRO NADER,PODE,Deputado Estadual,17,2022
0379,19456,ADRIANO SANTANA DOS SANTOS,PODE,Deputado Estadual,6,2022
0379,19490,CARLOS HENRIQUE SILVESTRE GARZON,PODE,Deputado Estadual,0,2022
0379,19500,KLEBER CABRAL,PODE,Deputado Estadual,6,2022
0379,19519,EDUARDO DOS REIS MAGOGA,PODE,Deputado Estadual,588,2022
0379,19555,GREGÓRIO MATIAS DE FREITAS,PODE,Deputado Estadual,0,2022
0379,19565,HENRIQUE LOPES SILVA,PODE,Deputado Estadual,0,2022
0379,19577,JOSÉ EDUARDO DOS SANTOS,PODE,Deputado Estadual,2,2022
0379,19600,ANDERSON DOS SANTOS MARTINS DE SOUZA,PODE,Deputado Estadual,1,2022
0379,19619,CÉSAR AUGUSTO JOSÉ,PODE,Deputado Estadual,1,2022
0379,19650,MARCOS ANTONIO SERAFIM BERNARDES JUNIOR,PODE,Deputado Estadual,0,2022
0379,19666,RUBENS CESTARI CAMPOS,PODE,Deputado Estadual,0,2022
0379,19667,MARIA APARECIDA DA COSTA BATISTA,PODE,Deputado Estadual,0,2022
0379,19678,PÉRICLES RÉGIS MENDONÇA DE LIMA,PODE,Deputado Estadual,2,2022
0379,19699,DOUGLAS BORGONI,PODE,Deputado Estadual,1,2022
0379,19700,CARLOS ALEXANDRE VIANNA SOARES,PODE,Deputado Estadual,22,2022
0379,19714,CARLOS EDUARDO NOBREGA,PODE,Deputado Estadual,3,2022
0379,19719,ALESSANDRA CRISTIANE SOARES GARCIA ALGARIN,PODE,Deputado Estadual,3,2022
0379,19753,VLADIMIR CODINHOTO,PODE,Deputado Estadual,2,2022
0379,19755,VANICE IZAURA CAMARGO COSTA DA SILVA,PODE,Deputado Estadual,1,2022
0379,19762,FABIO DUARTE,PODE,Deputado Estadual,3,2022
0379,19775,MARIA APARECIDA BORGES DE MACEDO,PODE,Deputado Estadual,0,2022
0379,19777,EDSON RODRIGUES,PODE,Deputado Estadual,33,2022
0379,19778,ANTONIO CARLOS BOLGIONI,PODE,Deputado Estadual,0,2022
0379,19789,CUSTODIA DE SOUZA RANGEL,PODE,Deputado Estadual,0,2022
0379,19798,DEISE DUARTE,PODE,Deputado Estadual,0,2022
0379,19800,MURILO BERBERT AVIGO FELIX,PODE,Deputado Estadual,29,2022
0379,19888,JAE KRUN PARK KIM,PODE,Deputado Estadual,32,2022
0379,19900,MARCOS PAULO TAVARES FURLAN,PODE,Deputado Estadual,3,2022
0379,19911,MARCOS MENDES DA SILVA,PODE,Deputado Estadual,0,2022
0379,19987,QUELEN HELOISA DOS SANTOS VANDERLEI,PODE,Deputado Estadual,7,2022
0379,19991,MARIA DO CARMO PORTELA RUMBO,PODE,Deputado Estadual,6,2022
0379,19992,DANIEL ARAUJO NEVES SANTIAGO LIMA,PODE,Deputado Estadual,3,2022
0379,19999,ALVARO COSTA VIEIRA,PODE,Deputado Estadual,15,2022
0379,20000,MARCELO THEODORO DE AGUIAR,PSC,Deputado Estadual,119,2022
0379,20001,DIEGO VOLGARINE PARDAL,PSC,Deputado Estadual,1,2022
0379,20002,JEAN ALEX DE ANDRADE DOS SANTOS,PSC,Deputado Estadual,0,2022
0379,20003,ELZA DIAS AMARO,PSC,Deputado Estadual,0,2022
0379,20004,RITA VALÉRIA ALVES,PSC,Deputado Estadual,0,2022
0379,20005,EVANDRO ANTONIO RAMOS TERRA VARONIL DE SOUSA,PSC,Deputado Estadual,1,2022
0379,20007,JOEL BATISTA RAMOS,PSC,Deputado Estadual,0,2022
0379,20010,CAIO ALEXANDRE GOMES DA SILVA,PSC,Deputado Estadual,2,2022
0379,20011,CLÁUDIO DO NASCIMENTO TORRES,PSC,Deputado Estadual,0,2022
0379,20012,ELTON ALVES RIBEIRO DE CARVALHO JUNIOR,PSC,Deputado Estadual,20,2022
0379,20015,ELIANE MARIA DE SANTANA OLIVEIRA,PSC,Deputado Estadual,0,2022
0379,20018,GILBERTO SANTOS SILVA DE VASCONCELOS,PSC,Deputado Estadual,0,2022
0379,20020,MARCO ANTONIO BIOTO,PSC,Deputado Estadual,31,2022
0379,20021,LUCIA DE FATIMA SILVA ROSIM,PSC,Deputado Estadual,4,2022
0379,20022,LUIS DONIZETTI VAZ JUNIOR,PSC,Deputado Estadual,6,2022
0379,20023,ANGELO ANTONIO BUCIOLOTI,PSC,Deputado Estadual,1,2022
0379,20025,ALEXSANDRA BEZERRA LEITE DA SILVA,PSC,Deputado Estadual,0,2022
0379,20028,VÂNIA FERREIRA DE FRANÇA,PSC,Deputado Estadual,0,2022
0379,20033,AGILDO FAUSTINO DOS SANTOS JUNIOR,PSC,Deputado Estadual,0,2022
0379,20035,MARIA JOSE DA SILVA,PSC,Deputado Estadual,0,2022
0379,20038,LEANDRO ALVES,PSC,Deputado Estadual,1,2022
0379,20040,SONIA DA SILVA LIMA,PSC,Deputado Estadual,0,2022
0379,20044,JOSÉ ROBERTO DE MELLO,PSC,Deputado Estadual,0,2022
0379,20057,WAGNER DE AVILA RIBEIRO,PSC,Deputado Estadual,3,2022
0379,20077,ALLINSON PAULO NUNES,PSC,Deputado Estadual,6,2022
0379,20080,MILTON BEZERRA FEITOZA,PSC,Deputado Estadual,0,2022
0379,20088,GIRLANE LIMA DE SOUZA,PSC,Deputado Estadual,1,2022
0379,20100,FELIPE TALVANI SONTINI,PSC,Deputado Estadual,10,2022
0379,20120,OZELITO JOSÉ BENEDITO,PSC,Deputado Estadual,14,2022
0379,20122,FABIO SANTOS DE OLIVEIRA,PSC,Deputado Estadual,2,2022
0379,20123,HELIO DONIZETE ZANATTA,PSC,Deputado Estadual,286,2022
0379,20124,VALERIA DE CAMPOS BALBINO,PSC,Deputado Estadual,0,2022
0379,20133,EDIVALDO SILVA MEIRA,PSC,Deputado Estadual,2,2022
0379,20140,ODETE BARBOSA DA SILVA,PSC,Deputado Estadual,1,2022
0379,20141,TRACE CAROLINE DIAS DAS CHAGAS,PSC,Deputado Estadual,0,2022
0379,20147,ANISTALDO LUIZ LOPES DA SILVA,PSC,Deputado Estadual,23,2022
0379,20150,NILSON PEREIRA DUARTE,PSC,Deputado Estadual,3,2022
0379,20153,RICARDO DOS SANTOS SATURNO,PSC,Deputado Estadual,0,2022
0379,20180,CLAUDETE MARTINS SANTOS DE ANDRADE,PSC,Deputado Estadual,102,2022
0379,20190,LUIZ PAULO MADALHANO MAGALHÃES,PSC,Deputado Estadual,381,2022
0379,20200,WELINGTON APARECIDO ALFREDO,PSC,Deputado Estadual,10,2022
0379,20201,SEBASTIÃO RAIMUNDO DE OLIVEIRA,PSC,Deputado Estadual,0,2022
0379,20202,JOHN GOKI KAGE,PSC,Deputado Estadual,10,2022
0379,20212,CARLOS ROBERTO BATISTA DOS SANTOS,PSC,Deputado Estadual,0,2022
0379,20220,LIDIA FREITAS DO NASCIMENTO,PSC,Deputado Estadual,2,2022
0379,20222,ROSIRENE DE JESUS SANTOS,PSC,Deputado Estadual,6,2022
0379,20227,SANDRA PEDROSA GARCIA DOS SANTOS,PSC,Deputado Estadual,0,2022
0379,20234,VERA LUCIA DE SOUZA BUENO URBAN,PSC,Deputado Estadual,0,2022
0379,20250,DÁRIO CASSIANO DE SOUZA,PSC,Deputado Estadual,16,2022
0379,20297,ENID KREBSKY DE CARVALHO,PSC,Deputado Estadual,0,2022
0379,20300,MARILDA DE SANTANA GIRON,PSC,Deputado Estadual,2,2022
0379,20320,JOSÉ CARLOS FURIOSO,PSC,Deputado Estadual,426,2022
0379,20322,LENILSON ALVES DE LIMA,PSC,Deputado Estadual,1,2022
0379,20330,ALLAN DAVID FERREIRA DE LIMA,PSC,Deputado Estadual,1,2022
0379,20333,VALDENIR JOSÉ BITIU,PSC,Deputado Estadual,7,2022
0379,20345,IZILDA DE LOURDES ALIPIO,PSC,Deputado Estadual,0,2022
0379,20350,DOUGLAS VANDERLEI AUGUSTO,PSC,Deputado Estadual,0,2022
0379,20400,MOACIR COVA,PSC,Deputado Estadual,5,2022
0379,20420,ARIELY PEDROSO SILVA PRETER,PSC,Deputado Estadual,0,2022
0379,20422,HELENA IZABEL DA SILVA GOMES,PSC,Deputado Estadual,0,2022
0379,20456,JÚLIO CESAR FUZARI,PSC,Deputado Estadual,5,2022
0379,20500,LEANDRO JERONIMO BASSON,PSC,Deputado Estadual,51,2022
0379,20520,FERNANDO ROCHA GARCIA,PSC,Deputado Estadual,0,2022
0379,20522,RENAN DIAS DA MATA,PSC,Deputado Estadual,10,2022
0379,20555,CRISTIANE FERREIRA PASSOS LASTÓRIA,PSC,Deputado Estadual,1,2022
0379,20600,GUSTAVO MESQUITA GALVÃO BUENO,PSC,Deputado Estadual,32,2022
0379,20611,VALTER FAUSTINO MARTINS JUNIOR,PSC,Deputado Estadual,0,2022
0379,20620,PEDRO MARQUES FERREIRA ASSAD,PSC,Deputado Estadual,0,2022
0379,20627,AIRTON DOS SANTOS,PSC,Deputado Estadual,0,2022
0379,20629,ELISABETE NATALI ALVARENGA,PSC,Deputado Estadual,0,2022
0379,20666,TIAGO DE OLIVEIRA SOUZA,PSC,Deputado Estadual,0,2022
0379,20678,MARCOS APARECIDO BARROS DE LIMA,PSC,Deputado Estadual,10,2022
0379,20700,THIAGO RODRIGO ROCHITI,PSC,Deputado Estadual,3,2022
0379,20720,ANTÔNIO MANOEL,PSC,Deputado Estadual,2,2022
0379,20722,ANDERSON RUGEL VAZ,PSC,Deputado Estadual,0,2022
0379,20745,SILVIO BARBOSA LOPES FILHO,PSC,Deputado Estadual,0,2022
0379,20777,RELDER SANDRO DE SOUZA FIALHO,PSC,Deputado Estadual,1,2022
0379,20789,ANDRE MARCOS DE ABREU,PSC,Deputado Estadual,0,2022
0379,20800,FREDERICH GERALDO MARTINS,PSC,Deputado Estadual,0,2022
0379,20820,ADILSON RIBEIRO,PSC,Deputado Estadual,0,2022
0379,20888,MAURÍCIO FERREIRA LIMA,PSC,Deputado Estadual,2,2022
0379,20900,PAULO SERGIO GALTERIO,PSC,Deputado Estadual,235,2022
0379,20920,EDNA CHRISTINA SANTIAGO,PSC,Deputado Estadual,0,2022
0379,21000,GABRIEL VIGHY DE CARVALHO,PCB,Deputado Estadual,45,2022
0379,21001,MICHEL LEITE VIANA,PCB,Deputado Estadual,2,2022
0379,21100,FABIANA TAYANE MEDRADO DA CRUZ,PCB,Deputado Estadual,18,2022
0379,22000,DIMAS MECCA SAMPAIO,PL,Deputado Estadual,1057,2022
0379,22001,MONICA BATALHA PRADO,PL,Deputado Estadual,5,2022
0379,22002,REGIS LEANDRO YASUMURA,PL,Deputado Estadual,7,2022
0379,22007,DANILO MASCARENHAS DE BALAS,PL,Deputado Estadual,161,2022
0379,22008,FELIPE CARMONA CANTERA,PL,Deputado Estadual,121,2022
0379,22010,ANDRE LUIS BUENO,PL,Deputado Estadual,61,2022
0379,22011,KAREN LIMA VIEIRA,PL,Deputado Estadual,2,2022
0379,22012,JULIO CESAR PEREIRA DE SOUZA,PL,Deputado Estadual,14,2022
0379,22013,TIAGO MARTINS PERETTO,PL,Deputado Estadual,2,2022
0379,22022,ANA PAULA ROSSI DE ALMEIDA MAGDESIAN,PL,Deputado Estadual,49,2022
0379,22030,JOÃO CÉSAR DE MORAES,PL,Deputado Estadual,5,2022
0379,22038,AMERICO MASSAKI HIGUTI,PL,Deputado Estadual,68,2022
0379,22045,VIVIANE ROBERTA MATIOLI,PL,Deputado Estadual,1,2022
0379,22047,VICENTE PAULA RIBEIRO,PL,Deputado Estadual,0,2022
0379,22051,FABIANA DE LIMA BARROSO,PL,Deputado Estadual,202,2022
0379,22057,IVETA DE SOUZA ALVES,PL,Deputado Estadual,3,2022
0379,22058,ANDROMEDES BARBOSA OKABE,PL,Deputado Estadual,18,2022
0379,22070,MARIA DE FÁTIMA ALVES BARBOSA,PL,Deputado Estadual,2,2022
0379,22090,JOSE BRAZ DE OLIVEIRA JUNIOR,PL,Deputado Estadual,21,2022
0379,22099,CRISTIANY DE CASTRO,PL,Deputado Estadual,19,2022
0379,22100,BRUNO ZAMBELLI SALGADO,PL,Deputado Estadual,1220,2022
0379,22111,CLAUDIO NAZARENO SOUZA DE QUEIROZ,PL,Deputado Estadual,25,2022
0379,22112,CARLOS CEZAR DA SILVA,PL,Deputado Estadual,993,2022
0379,22120,GILDEVANIO ILSO DOS SANTOS DINIZ,PL,Deputado Estadual,1061,2022
0379,22122,MARCIA TAPIGLIANI BAPTISTA,PL,Deputado Estadual,47,2022
0379,22123,RICARDO ROSSI MADALENA,PL,Deputado Estadual,24,2022
0379,22138,ROBERVAL CONTE LOPES LIMA,PL,Deputado Estadual,601,2022
0379,22144,LUIZ CARLOS DA COSTA VALLE,PL,Deputado Estadual,103,2022
0379,22150,RAFAEL RIBEIRO ZUCCO,PL,Deputado Estadual,71,2022
0379,22180,RAQUEL KOBASHI GALLINATI LOMBARDI,PL,Deputado Estadual,215,2022
0379,22181,HUGO PEREIRA DE CASTRO,PL,Deputado Estadual,2,2022
0379,22190,SERGIO CALDAS SANTANA,PL,Deputado Estadual,52,2022
0379,22200,DONIZETE ALVES BARBOSA,PL,Deputado Estadual,58,2022
0379,22211,CARLOS AGUIAR DE ANDRADE,PL,Deputado Estadual,8,2022
0379,22212,TIAGO FINESSI,PL,Deputado Estadual,15,2022
0379,22221,SERGIO MATHEUS SANTOS GARCEZ,PL,Deputado Estadual,63,2022
0379,22222,MARCOS ROBERTO DAMASIO DA SILVA,PL,Deputado Estadual,590,2022
0379,22223,DANILO BERTIPAGLIA BARNABÉ,PL,Deputado Estadual,75,2022
0379,22225,JOSE CARLOS FERREIRA VILELA,PL,Deputado Estadual,5,2022
0379,22230,ANNE CAROLINE SILVA,PL,Deputado Estadual,5,2022
0379,22232,ANA CRISTINA VARGAS CALDEIRA,PL,Deputado Estadual,16,2022
0379,22233,SIRINEU DE ARAUJO SANTOS,PL,Deputado Estadual,22,2022
0379,22244,THIAGO SANTOS ALVES DE SOUSA,PL,Deputado Estadual,4,2022
0379,22250,ALISSON GUIMARÃES PEREIRA DE SOUZA,PL,Deputado Estadual,76,2022
0379,22252,TATIANA REGINA CRISCUOLO,PL,Deputado Estadual,5,2022
0379,22288,OSCAR CASTELO BRANCO DE LUCA,PL,Deputado Estadual,129,2022
0379,22290,JUCIANE APARECIDA DA CUNHA,PL,Deputado Estadual,7,2022
0379,22299,VICENTE FERNANDES CASCIONE,PL,Deputado Estadual,18,2022
0379,22300,RICARDO RIBEIRO PEDROSO,PL,Deputado Estadual,6,2022
0379,22322,DANIELE MAZUQUELI ALONSO,PL,Deputado Estadual,44,2022
0379,22330,GIOVANNI BARBIERATTO,PL,Deputado Estadual,4,2022
0379,22333,EDNALDO DOS SANTOS PASSOS,PL,Deputado Estadual,13,2022
0379,22338,ROGÉRIO DA SILVA SANTOS,PL,Deputado Estadual,15,2022
0379,22343,THIAGO REIS AURICCHIO,PL,Deputado Estadual,221,2022
0379,22345,ROY NELSON PINTO,PL,Deputado Estadual,4,2022
0379,22373,ALESSANDRA ALMEIDA PEREIRA,PL,Deputado Estadual,4,2022
0379,22380,CLAUDIO FERNANDO DE AGUIAR,PL,Deputado Estadual,4,2022
0379,22390,JULIANO DA SILVA MELO,PL,Deputado Estadual,8,2022
0379,22400,MARILZA JOANA GARCIA DE MELO,PL,Deputado Estadual,25,2022
0379,22422,PAULO JORGE MANSUR NETO,PL,Deputado Estadual,1076,2022
0379,22424,MARCELA REGINA RODRIGUES DA CUNHA,PL,Deputado Estadual,0,2022
0379,22433,JOSE GUSTAVO DUARTE DE ARAÚJO,PL,Deputado Estadual,30,2022
0379,22444,MATHEUS COIMBRA MARTINS DE AGUIAR,PL,Deputado Estadual,518,2022
0379,22456,ANTONIO CARLOS ALBINO,PL,Deputado Estadual,32,2022
0379,22491,VALDETE GUEDES DE OLIVEIRA,PL,Deputado Estadual,0,2022
0379,22500,LUCAS DIEZ BOVE,PL,Deputado Estadual,559,2022
0379,22522,JOSE FERNANDES DE LIRA JUNIOR,PL,Deputado Estadual,15,2022
0379,22541,RODRIGO AUGUSTO MORAES,PL,Deputado Estadual,137,2022
0379,22550,LUCAS PAVAN ZANATTA,PL,Deputado Estadual,22,2022
0379,22553,THELMA ELAINE BRASILEIRO ROBERTI,PL,Deputado Estadual,181,2022
0379,22555,FABIO ROGÉRIO CANDIDO,PL,Deputado Estadual,228,2022
0379,22556,CARLOS EDUARDO THOMAZ PEDROSO,PL,Deputado Estadual,5,2022
0379,22566,WANDERLENE IEDA BACARO DE BRITO,PL,Deputado Estadual,5,2022
0379,22567,IZAQUE JOSÉ DA SILVA,PL,Deputado Estadual,1,2022
0379,22580,ANA CLAUDIA PERES LUCAS LOPES,PL,Deputado Estadual,25,2022
0379,22600,UBIRATAN SILVEIRA GARCIA,PL,Deputado Estadual,1,2022
0379,22622,JOSEPH RAFFOUL JUNIOR,PL,Deputado Estadual,19,2022
0379,22677,ANDERSON FABIANO PUPO FERNANDES,PL,Deputado Estadual,2,2022
0379,22678,ISAC FELIX DOS SANTOS,PL,Deputado Estadual,24,2022
0379,22700,EDNE JOSE PIFFER JUNIOR,PL,Deputado Estadual,7,2022
0379,22711,ANITA DOS SANTOS TAKAIYASU,PL,Deputado Estadual,0,2022
0379,22722,ISABELA CRISTINA CARDOSO DA CRUZ,PL,Deputado Estadual,1,2022
0379,22762,JOSE CARLOS FERNANDES,PL,Deputado Estadual,18,2022
0379,22765,REGIANE ROCHA,PL,Deputado Estadual,4,2022
0379,22777,ALEXANDER MUNIZ DE OLIVEIRA,PL,Deputado Estadual,45,2022
0379,22789,DANIEL ROSSI,PL,Deputado Estadual,3,2022
0379,22800,CLODOALDO APARECIDO DE MORAES,PL,Deputado Estadual,15,2022
0379,22808,FABRIZIO FASANO JUNIOR,PL,Deputado Estadual,52,2022
0379,22822,ANTONIO GINACK JUNIOR,PL,Deputado Estadual,23,2022
0379,22888,GRACIELA DE LOURDES DAVID AMBROSIO,PL,Deputado Estadual,31,2022
0379,22900,FLAVIO GONÇALVES DA COSTA,PL,Deputado Estadual,233,2022
0379,22921,ANTONIO BESERRA LIMA,PL,Deputado Estadual,2,2022
0379,22922,VALERIA MULLER RAMOS BOLSONARO,PL,Deputado Estadual,2933,2022
0379,22999,ANDRE LUIS DO PRADO,PL,Deputado Estadual,23,2022
0379,23000,RAFAEL FERNANDO ZIMBALDI,CIDADANIA,Deputado Estadual,5614,2022
0379,23001,LUZIMAR BARBOSA DA SILVA,CIDADANIA,Deputado Estadual,1,2022
0379,23011,HARLLEM GONÇALVES DE OLIVEIRA,CIDADANIA,Deputado Estadual,0,2022
0379,23023,ANA CAROLINA ROSSI BARRETO SERRA,CIDADANIA,Deputado Estadual,10,2022
0379,23123,CAROLINE GOMES FERREIRA DE MELLO,CIDADANIA,Deputado Estadual,25,2022
0379,23131,FABIOLA TATCHER MARTINS RODA,CIDADANIA,Deputado Estadual,0,2022
0379,23230,RODRIGO CAPEL,CIDADANIA,Deputado Estadual,1,2022
0379,23231,LUCIANA CRISTINA MENDES SANTOS,CIDADANIA,Deputado Estadual,0,2022
0379,23233,MARIO LACERDA SOUZA,CIDADANIA,Deputado Estadual,53,2022
0379,23333,RICARDO MARCILIO MONTEIRO,CIDADANIA,Deputado Estadual,84,2022
0379,23451,LEANDRO FRANCOIS DE ALMEIDA,CIDADANIA,Deputado Estadual,2,2022
0379,23455,VALMIR ROSA,CIDADANIA,Deputado Estadual,1,2022
0379,23456,ANTONIO DIRCEU DALBEN,CIDADANIA,Deputado Estadual,915,2022
0379,23479,ROSEMEIRE RIBEIRO,CIDADANIA,Deputado Estadual,0,2022
0379,23510,CARLOS AUGUSTO ABRANCHES,CIDADANIA,Deputado Estadual,0,2022
0379,23623,ROBERTO TURCHI DE MORAIS,CIDADANIA,Deputado Estadual,10,2022
0379,23777,CARLOS AUGUSTO DA CUNHA SILVA,CIDADANIA,Deputado Estadual,0,2022
0379,23888,LI LI MIN,CIDADANIA,Deputado Estadual,268,2022
0379,27011,ALEXANDRE HARTMANN,DC,Deputado Estadual,0,2022
0379,27113,EVERILDA XAVIER MOREIRA,DC,Deputado Estadual,0,2022
0379,27123,AHMAD ABOU ADILE,DC,Deputado Estadual,1,2022
0379,27133,ANTONIO GENARO PEREIRA DA SILVA,DC,Deputado Estadual,0,2022
0379,27251,JOSE CANDIDO DA SILVA,DC,Deputado Estadual,0,2022
0379,27277,MARCELO PEREIRA,DC,Deputado Estadual,0,2022
0379,27321,ALEXANDRE CABRAL DE OLIVEIRA,DC,Deputado Estadual,0,2022
0379,27500,ODILIA CRISTINA SANTOS DO NASCIMENTO,DC,Deputado Estadual,0,2022
0379,27653,MARIA ROSA DE ALBUQUERQUE,DC,Deputado Estadual,0,2022
0379,27866,ANTÔNIO ROCHA DOS SANTOS,DC,Deputado Estadual,0,2022
0379,27911,JOSÉ FÁBIO DOS SANTOS SILVA,DC,Deputado Estadual,0,2022
0379,28000,JOSE VINICIUS CAMPOS AITH,PRTB,Deputado Estadual,18,2022
0379,28003,FRANCISCO SEVERIANO DA SILVA,PRTB,Deputado Estadual,0,2022
0379,28007,BIANCA CESÁRIO DE OLIVEIRA,PRTB,Deputado Estadual,0,2022
0379,28008,EMERSON ZOCCHI,PRTB,Deputado Estadual,3,2022
0379,28014,ANTONIO JOSE FERREIRA,PRTB,Deputado Estadual,0,2022
0379,28018,MARCIA RAICHER,PRTB,Deputado Estadual,0,2022
0379,28020,CRISTIANE NOVAK,PRTB,Deputado Estadual,0,2022
0379,28022,PAULO ROBERTO DIAS PEREIRA,PRTB,Deputado Estadual,0,2022
0379,28023,WELLITON BEZERRA DA SILVA,PRTB,Deputado Estadual,3,2022
0379,28025,FERNANDA APARECIDA GOMES DA SILVA CAETANO,PRTB,Deputado Estadual,0,2022
0379,28028,SAMUEL PORFIRIO FRANCA,PRTB,Deputado Estadual,0,2022
0379,28033,JOSE DE SOUZA JUNIOR,PRTB,Deputado Estadual,0,2022
0379,28038,FABIANO GABRIEL CARVALHO SILVA,PRTB,Deputado Estadual,0,2022
0379,28050,PAULA MICHELLE DIAS,PRTB,Deputado Estadual,0,2022
0379,28056,THIAGO FELIPE NEVES,PRTB,Deputado Estadual,3,2022
0379,28069,ROGERIO JACOMO MICHELETTI,PRTB,Deputado Estadual,0,2022
0379,28070,DANIELE ANSELMO DE MORAIS,PRTB,Deputado Estadual,0,2022
0379,28088,MARCELO MAMBRINI,PRTB,Deputado Estadual,0,2022
0379,28099,ANTONIO D AGOSTINO,PRTB,Deputado Estadual,0,2022
0379,28100,ANA ANGELA PALERMO,PRTB,Deputado Estadual,0,2022
0379,28111,DJALMA DE LIMA SANTOS,PRTB,Deputado Estadual,0,2022
0379,28122,WALTER NOLA,PRTB,Deputado Estadual,0,2022
0379,28128,LIVIA MARIA RODRIGUES FIDELIX DA CRUZ,PRTB,Deputado Estadual,2,2022
0379,28145,ANDRESSA MAZZEI SIGNORETTI DA SILVA,PRTB,Deputado Estadual,0,2022
0379,28148,JOSE APARECIDO ROSA FILHO,PRTB,Deputado Estadual,0,2022
0379,28173,ALMIRO RODRIGUES RIBEIRO,PRTB,Deputado Estadual,0,2022
0379,28177,MARCELO LOPES,PRTB,Deputado Estadual,10,2022
0379,28190,LUCIANO GALESCO,PRTB,Deputado Estadual,14,2022
0379,28193,ROBERTO CASTRO COSTA,PRTB,Deputado Estadual,0,2022
0379,28199,SANDRO APARECIDO BATISTA,PRTB,Deputado Estadual,0,2022
0379,28200,JULIO CESAR FRANCISCO,PRTB,Deputado Estadual,1,2022
0379,28228,EDSON ROBERTO ALOISIO,PRTB,Deputado Estadual,0,2022
0379,28238,ADILSON ALVES LUZ,PRTB,Deputado Estadual,0,2022
0379,28248,SHIRLEY VITORIA BERLINI CODREANSCHI,PRTB,Deputado Estadual,0,2022
0379,28280,CLAUDIO MARTINS NEVES DE FRANCA,PRTB,Deputado Estadual,1,2022
0379,28281,MAGNA DA SILVA,PRTB,Deputado Estadual,0,2022
0379,28285,LEANDRO FERREIRA FELICIANO,PRTB,Deputado Estadual,21,2022
0379,28286,LUANA SILVA QUEIROZ,PRTB,Deputado Estadual,0,2022
0379,28289,PASCOAL LEAL DE PAULA,PRTB,Deputado Estadual,0,2022
0379,28290,LUIS HENRIQUE USAI,PRTB,Deputado Estadual,7,2022
0379,28300,IEDA MARIA NOGUEIRA SILVA,PRTB,Deputado Estadual,0,2022
0379,28311,DIONE FRANCISCO DA SILVA,PRTB,Deputado Estadual,0,2022
0379,28312,MICHAEL WILLI DA SILVA STREIDL,PRTB,Deputado Estadual,42,2022
0379,28317,ROSANGELA SALVIANO POLIDO VAZ,PRTB,Deputado Estadual,5,2022
0379,28321,VANDERLEI GROSSI DA SILVA,PRTB,Deputado Estadual,0,2022
0379,28322,ALEUSON ROSA DA SILVA,PRTB,Deputado Estadual,0,2022
0379,28328,GIANE DA SILVA FERREIRA,PRTB,Deputado Estadual,2,2022
0379,28333,MIGUEL AFFONSO COIMBRA NETO,PRTB,Deputado Estadual,1,2022
0379,28357,MARDQUEU SILVIO FRANCA FILHO,PRTB,Deputado Estadual,228,2022
0379,28367,RENATA ROSA DE SA BOAVENTURA,PRTB,Deputado Estadual,0,2022
0379,28379,MADALENA BARBOSA DE SIQUEIRA,PRTB,Deputado Estadual,0,2022
0379,28386,BRAZ PEREIRA,PRTB,Deputado Estadual,0,2022
0379,28388,ANTONIO TARCIDO MARQUES FERNANDES,PRTB,Deputado Estadual,0,2022
0379,28400,MARCELO MENDES BINI,PRTB,Deputado Estadual,2,2022
0379,28419,GETULIO DE SOUSA SANTOS,PRTB,Deputado Estadual,0,2022
0379,28422,CICERO SEBASTIAO DE ARAUJO,PRTB,Deputado Estadual,0,2022
0379,28428,CLAUDIA CARVALHO DA ROCHA,PRTB,Deputado Estadual,0,2022
0379,28433,JOEL DE OLIVEIRA,PRTB,Deputado Estadual,0,2022
0379,28444,DANIELLE GOMES DE CARVALHO,PRTB,Deputado Estadual,9,2022
0379,28456,ADEMILSON RAMOS DA SILVA,PRTB,Deputado Estadual,0,2022
0379,28522,ROSANA DE ANDRADE MARQUES,PRTB,Deputado Estadual,0,2022
0379,28528,FABIAN ALVES RAMOS,PRTB,Deputado Estadual,0,2022
0379,28555,DAVID MONTEIRO DE MELLO,PRTB,Deputado Estadual,2,2022
0379,28622,EDMAR DIAS BRITO,PRTB,Deputado Estadual,0,2022
0379,28628,ANTONIO DA CUNHA LIMA,PRTB,Deputado Estadual,0,2022
0379,28633,ROBERTO FIGUEIREDO JUNIOR,PRTB,Deputado Estadual,0,2022
0379,28666,VÂNIA LUIZ AMANCIO,PRTB,Deputado Estadual,0,2022
0379,28700,RICARDO AZEVEDO DA SILVA,PRTB,Deputado Estadual,6,2022
0379,28741,JOSÉ MACENA DA SILVA FILHO,PRTB,Deputado Estadual,48,2022
0379,28765,LUCAS MARIANO DE CAMPOS,PRTB,Deputado Estadual,0,2022
0379,28780,JUAREZ PEREIRA DIAS,PRTB,Deputado Estadual,0,2022
0379,28788,FRANCISCO UELITON DE OLIVEIRA SOUZA,PRTB,Deputado Estadual,0,2022
0379,28800,WALTER RESENDE FILHO,PRTB,Deputado Estadual,1,2022
0379,28879,EVERTON REZENDE BELASCO,PRTB,Deputado Estadual,0,2022
0379,28886,RANGEL RODRIGO DE FIGUEIREDO BONELLI,PRTB,Deputado Estadual,0,2022
0379,28887,CLAUDINEI VIEIRA SOARES,PRTB,Deputado Estadual,8,2022
0379,28888,RENE SILVEIRA,PRTB,Deputado Estadual,0,2022
0379,28963,LEDIVAN LOPES SEABRA,PRTB,Deputado Estadual,0,2022
0379,28994,SEVERINA BENEDITA DA SILVA,PRTB,Deputado Estadual,0,2022
0379,28999,PEDRO IGOR RIBEIRO RAMOS,PRTB,Deputado Estadual,2,2022
0379,29029,NATÁLIA BRAGA COSTA PIMENTA,PCO,Deputado Estadual,17,2022
0379,29295,MARIA ANGELA ABDUCH,PCO,Deputado Estadual,0,2022
0379,29829,STEFANIA DE ALMEIDA ROBUSTELLI,PCO,Deputado Estadual,2,2022
0379,29999,RODRIGO ANTUNES DE LIMA,PCO,Deputado Estadual,0,2022
0379,30000,EDNEY BENEDITO SAMPAIO DUARTE JÚNIOR,NOVO,Deputado Estadual,52,2022
0379,30001,LEONE LUIZ DE FARIA JUNIOR,NOVO,Deputado Estadual,1,2022
0379,30003,KAIQUE CARDOSO VICENTE,NOVO,Deputado Estadual,2,2022
0379,30005,TAIS ALEXANDRE ZUZA CUSTÓDIO,NOVO,Deputado Estadual,5,2022
0379,30007,DIOGO DE FREITAS VALEIRO GARCIA,NOVO,Deputado Estadual,0,2022
0379,30008,MANOEL CORREA DA FONSECA NETO,NOVO,Deputado Estadual,1,2022
0379,30010,ANDRÉ NALEPA ABBUD,NOVO,Deputado Estadual,1,2022
0379,30011,MARCOS ANTONIO HOMSI GARCIA,NOVO,Deputado Estadual,9,2022
0379,30012,JOSÉ ALENCAR GALVÃO,NOVO,Deputado Estadual,2,2022
0379,30013,SÉRGIO ZAGARINO JUNIOR,NOVO,Deputado Estadual,3,2022
0379,30014,RODRIGO REY RODRIGUEZ,NOVO,Deputado Estadual,2,2022
0379,30015,CAROLINA ZANIRATO BUZONI,NOVO,Deputado Estadual,9,2022
0379,30016,IVAN PAULO PEREIRA DA SILVA,NOVO,Deputado Estadual,0,2022
0379,30018,BRUNO TIAGO DA SILVA BRANDINO,NOVO,Deputado Estadual,3,2022
0379,30020,YGOR FROES CARVALHO,NOVO,Deputado Estadual,0,2022
0379,30022,WILSON DE MELLO JUNIOR,NOVO,Deputado Estadual,0,2022
0379,30023,VÂNIA CRISTINA DA SILVA,NOVO,Deputado Estadual,0,2022
0379,30025,MATEUS JOSE DE CAMARGO STEFANI,NOVO,Deputado Estadual,0,2022
0379,30030,MONICA RAMIRES FERRAZ CURY,NOVO,Deputado Estadual,7,2022
0379,30033,WAGNER DE BRITO TEIXEIRA,NOVO,Deputado Estadual,0,2022
0379,30077,CAROLINE STAFOKER DA SILVA,NOVO,Deputado Estadual,2,2022
0379,30080,FERNANDO MARTINS,NOVO,Deputado Estadual,0,2022
0379,30100,EMILIO CURY JUNIOR,NOVO,Deputado Estadual,6,2022
0379,30111,RAFAEL PINTER,NOVO,Deputado Estadual,0,2022
0379,30123,CICERA SEVERINA DA CONCEIÇÃO MUSA,NOVO,Deputado Estadual,0,2022
0379,30130,MARIA CRISTINA DE OLIVEIRA,NOVO,Deputado Estadual,211,2022
0379,30153,MIRIAM MARIA ANTUNES DE SOUZA,NOVO,Deputado Estadual,50,2022
0379,30190,DOUGLAS HENRIQUE DE OLIVEIRA,NOVO,Deputado Estadual,59,2022
0379,30200,RAFAEL GUSTAVO BERNARDO,NOVO,Deputado Estadual,0,2022
0379,30202,PRISCILA GONÇALVES IEIRI PARRA,NOVO,Deputado Estadual,0,2022
0379,30222,MATILDE FÁTIMA ALVES CANUTO,NOVO,Deputado Estadual,0,2022
0379,30246,PAULO SÉRGIO CONTADOR MIRAS,NOVO,Deputado Estadual,65,2022
0379,30300,JOÃO VESTIM GRANDE,NOVO,Deputado Estadual,10,2022
0379,30301,EDUARDO ALMEIDA PERES,NOVO,Deputado Estadual,2,2022
0379,30303,DANIELLI CRISTIAN CARDOSO RÔA,NOVO,Deputado Estadual,3,2022
0379,30310,SILVANA MARQUES MONTEIRO,NOVO,Deputado Estadual,22,2022
0379,30321,VALMARA CRISTINA DE PAULA CAMARGO,NOVO,Deputado Estadual,3,2022
0379,30330,SILVIA BARNABE,NOVO,Deputado Estadual,2,2022
0379,30331,ANA PAULA MAGALHÃES DA SILVA PETILI,NOVO,Deputado Estadual,5,2022
0379,30333,EDSON TEIXEIRA,NOVO,Deputado Estadual,14,2022
0379,30345,ROMEU SÃO MARCOS ESCANHOELA,NOVO,Deputado Estadual,0,2022
0379,30369,TIAGO ROCHA FERREIRA,NOVO,Deputado Estadual,0,2022
0379,30400,LUIS GUILHERME PIRES,NOVO,Deputado Estadual,3,2022
0379,30444,ADALGISA SOLANGE SPINA,NOVO,Deputado Estadual,15,2022
0379,30456,CARLOS EDUARDO PEREZ,NOVO,Deputado Estadual,0,2022
0379,30500,SERGIO LUIZ VICTOR JUNIOR,NOVO,Deputado Estadual,34,2022
0379,30555,LUCAS PAVANATO DE OLIVEIRA,NOVO,Deputado Estadual,143,2022
0379,30600,LEONARDO DE SIQUEIRA LIMA,NOVO,Deputado Estadual,220,2022
0379,30700,LUCAS ROMERO DA SILVA,NOVO,Deputado Estadual,3,2022
0379,30730,HENRIQUE MAGALHÃES TEIXEIRA,NOVO,Deputado Estadual,403,2022
0379,30771,ODETE FIORDA,NOVO,Deputado Estadual,0,2022
0379,30777,CRISTIANE PEREIRA MACEDO,NOVO,Deputado Estadual,2,2022
0379,30800,RODRIGO BRUNO NAHAS,NOVO,Deputado Estadual,10,2022
0379,30878,MARCIO ANTONI SANTANA,NOVO,Deputado Estadual,4,2022
0379,30888,VITOR LUIS ARTIOLI KUNDRAT,NOVO,Deputado Estadual,0,2022
0379,30900,JURANDI SOARES GUIMARÃES,NOVO,Deputado Estadual,1,2022
0379,30972,ALEXANDRA DE ABREU,NOVO,Deputado Estadual,12,2022
0379,30987,MAURICIO AGUIAR GIUNTINI,NOVO,Deputado Estadual,0,2022
0379,30999,ANDRÉ LUIZ NAVARRO GARCIA MANZANO,NOVO,Deputado Estadual,2,2022
0379,33000,LUCCAS SANTOS DA CUNHA,PMN,Deputado Estadual,0,2022
0379,33006,PAMELA BARBOSA,PMN,Deputado Estadual,0,2022
0379,33007,SEBASTIÃO DE MESQUITA SILVA,PMN,Deputado Estadual,0,2022
0379,33010,FRANCISCO HORWATH NETO,PMN,Deputado Estadual,0,2022
0379,33017,GABRIELY DE LISIEUX LIMA BARBOSA,PMN,Deputado Estadual,0,2022
0379,33065,ADRIANA COELHO DE OLIVEIRA,PMN,Deputado Estadual,0,2022
0379,33100,PAULO CEZAR XAVIER ALEXANDRE,PMN,Deputado Estadual,0,2022
0379,33105,GENILDO RODRIGUES CASTRO,PMN,Deputado Estadual,0,2022
0379,33111,PATROCÍNIO RAMOS DA CRUZ NETO,PMN,Deputado Estadual,0,2022
0379,33112,GILMAR DIAS PEREIRA,PMN,Deputado Estadual,0,2022
0379,33120,SEBASTIÃO RIBEIRO DA SILVA,PMN,Deputado Estadual,0,2022
0379,33122,LUIZ MARQUES,PMN,Deputado Estadual,0,2022
0379,33123,ERICH DE ANDRES,PMN,Deputado Estadual,0,2022
0379,33133,ALESSANDRA VECCHIO SOBRINHO,PMN,Deputado Estadual,0,2022
0379,33136,AGNALDO ALVES PEREIRA,PMN,Deputado Estadual,0,2022
0379,33144,LUIZ FERNANDO BRASILIENSE,PMN,Deputado Estadual,0,2022
0379,33150,ROSILENE DOS SANTOS,PMN,Deputado Estadual,0,2022
0379,33190,FERNANDO DOS SANTOS CORREA,PMN,Deputado Estadual,0,2022
0379,33193,MARCOS DE OLIVEIRA SAMPAIO,PMN,Deputado Estadual,0,2022
0379,33199,PAULINA ROSA DE SOUZA JACINTO,PMN,Deputado Estadual,0,2022
0379,33222,GERALDO PEREIRA FILHO,PMN,Deputado Estadual,0,2022
0379,33234,IRENILDO ELIAS BARBOSA,PMN,Deputado Estadual,0,2022
0379,33240,IVAN CARLOS CONSTANTINO DE OLIVEIRA,PMN,Deputado Estadual,0,2022
0379,33246,JORGILENE ALVES SILVA,PMN,Deputado Estadual,0,2022
0379,33277,DORALICE SOUZA MATOS FAUSTINO,PMN,Deputado Estadual,0,2022
0379,33290,MÁRCIA LOPES DE ARAUJO,PMN,Deputado Estadual,0,2022
0379,33300,DAVI CICHETTO DE MORAES,PMN,Deputado Estadual,0,2022
0379,33312,MÁRCIA APARECIDA MENDES,PMN,Deputado Estadual,0,2022
0379,33313,SIDNEY MELO DA SILVA,PMN,Deputado Estadual,0,2022
0379,33321,MARCOS KOHLMANN BARBOZA,PMN,Deputado Estadual,0,2022
0379,33322,JÉSSIKA RUSSO MACHADO,PMN,Deputado Estadual,0,2022
0379,33331,MARCELLO MAZÁRIO COSTA,PMN,Deputado Estadual,0,2022
0379,33333,LEANDRA SOARES DOS SANTOS,PMN,Deputado Estadual,0,2022
0379,33334,GISELE CASARIN DA SILVA,PMN,Deputado Estadual,0,2022
0379,33355,ROSÂNGELA HERNANDES AZEVEDO,PMN,Deputado Estadual,0,2022
0379,33366,CÍCERO PEREIRA DO VALE,PMN,Deputado Estadual,0,2022
0379,33377,CELSO DA LUZ GUEDES,PMN,Deputado Estadual,0,2022
0379,33383,JOSÉ DOMINGOS SANTOS RIBEIRO,PMN,Deputado Estadual,0,2022
0379,33400,OSVALDO SANTOS DA SILVA,PMN,Deputado Estadual,0,2022
0379,33422,RAQUEL TOIAN DOS SANTOS,PMN,Deputado Estadual,0,2022
0379,33444,CÍCERO JOSÉ DE GOUVEIA,PMN,Deputado Estadual,0,2022
0379,33456,JOENE HENRIQUES DE FIGUEIREDO,PMN,Deputado Estadual,0,2022
0379,33500,ELIANDRO SILVA DIAS,PMN,Deputado Estadual,0,2022
0379,33536,MANOEL DE SOUSA COELHO JUNIOR,PMN,Deputado Estadual,0,2022
0379,33552,JOSÉ OSÓRIO FILHO,PMN,Deputado Estadual,0,2022
0379,33555,ROBERTO LUIZ DO NASCIMENTO,PMN,Deputado Estadual,0,2022
0379,33581,CLÁUDIO DE OLIVEIRA LEOPOLDO,PMN,Deputado Estadual,0,2022
0379,33606,CLEBER NUNES DOS SANTOS,PMN,Deputado Estadual,0,2022
0379,33666,WILLIAM SILVEIRA MEDEIROS,PMN,Deputado Estadual,0,2022
0379,33699,JOAQUIM ALVES PINHEIRO,PMN,Deputado Estadual,0,2022
0379,33700,DEIDILAN LIANG CORREIA DE SOUZA,PMN,Deputado Estadual,0,2022
0379,33713,MARIA LUCINDA RESENDE,PMN,Deputado Estadual,0,2022
0379,33722,ROSANGELA LOURENÇO BRITO SOUZA,PMN,Deputado Estadual,0,2022
0379,33733,RAIMUNDA GONÇALVES DOS SANTOS,PMN,Deputado Estadual,0,2022
0379,33766,LOURIVAL TORRES,PMN,Deputado Estadual,0,2022
0379,33777,TAIS CRISTINA LOURENÇO DE SOUZA,PMN,Deputado Estadual,0,2022
0379,33789,ANA CLÁUDIA MESQUITA ROCHA,PMN,Deputado Estadual,0,2022
0379,33843,RONALDO SEGALA,PMN,Deputado Estadual,0,2022
0379,33888,CAIO HENRIQUE DA SILVA,PMN,Deputado Estadual,0,2022
0379,33911,WAGNER CARDOSO DE OLIVEIRA,PMN,Deputado Estadual,0,2022
0379,33912,JOSÉ LUIZ ALVES NETO,PMN,Deputado Estadual,0,2022
0379,33933,ANGÉLICA DIAS DA SILVA,PMN,Deputado Estadual,0,2022
0379,33999,MICHAEL RICHARD DE JESUS PEDRO,PMN,Deputado Estadual,0,2022
0379,35000,LAERCIO BENKO LOPES,PMB,Deputado Estadual,17,2022
0379,35001,LUIS ALEXANDRE PINHEIRO,PMB,Deputado Estadual,0,2022
0379,35005,DANILO MARTINS DE OLIVEIRA FRANÇA,PMB,Deputado Estadual,0,2022
0379,35010,IRENIO OLIVEIRA CARDOSO,PMB,Deputado Estadual,2,2022
0379,35016,EDUARDO JOSE CORNELIO DE OLIVEIRA,PMB,Deputado Estadual,3,2022
0379,35019,TIAGO MANOEL CAETANO,PMB,Deputado Estadual,44,2022
0379,35022,ARLINDO PEREIRA FIGUEIREDO JUNIOR,PMB,Deputado Estadual,1,2022
0379,35030,SOFIA BRAGA PALMA,PMB,Deputado Estadual,0,2022
0379,35035,RAFAEL MORENO SOUZA SANTOS,PMB,Deputado Estadual,2,2022
0379,35051,LIGIA MAYUMI FUNAKI,PMB,Deputado Estadual,18,2022
0379,35054,CLEONICE APARECIDA PEREIRA DA SILVA,PMB,Deputado Estadual,0,2022
0379,35059,MARCO ANTONIO SARTI,PMB,Deputado Estadual,0,2022
0379,35077,JULIO CESAR FREITAS ROCHA,PMB,Deputado Estadual,0,2022
0379,35081,MARCOS JOSÉ DO VALLE,PMB,Deputado Estadual,0,2022
0379,35083,EDVAN LIMA BARBOSA,PMB,Deputado Estadual,1,2022
0379,35088,JANAINA BASTOS DE OLIVEIRA,PMB,Deputado Estadual,0,2022
0379,35099,JOÃO DA CONCEIÇÃO SILVA PAP,PMB,Deputado Estadual,25,2022
0379,35100,JOSÉ LUIZ BONITO,PMB,Deputado Estadual,1,2022
0379,35102,JOSÉ RICARDO DA SILVA,PMB,Deputado Estadual,0,2022
0379,35107,ROSEMARA LEANDRO DA SILVA,PMB,Deputado Estadual,0,2022
0379,35111,RICARDO ALEXANDRE ZUPIROLLI,PMB,Deputado Estadual,0,2022
0379,35113,RONALDO ELIAS MARIANO,PMB,Deputado Estadual,0,2022
0379,35119,NIELTON CARVALHO DE MATOS,PMB,Deputado Estadual,0,2022
0379,35121,WILSON DE VASCONCELOS VEIGA,PMB,Deputado Estadual,0,2022
0379,35122,ANDERSON ROGERIO ALVES,PMB,Deputado Estadual,3,2022
0379,35123,DANTE HENRIQUE MANTOVANI,PMB,Deputado Estadual,1,2022
0379,35180,PAULO DE OLIVEIRA ENEAS,PMB,Deputado Estadual,10,2022
0379,35190,REINALDO PEREIRA ZACHARIAS,PMB,Deputado Estadual,17,2022
0379,35191,JOSÉ PEREIRA NETO,PMB,Deputado Estadual,0,2022
0379,35193,ANGELO MARCIO DE JESUS SILVA,PMB,Deputado Estadual,0,2022
0379,35200,NOELMA DE SOUZA RODRIGUES,PMB,Deputado Estadual,0,2022
0379,35221,LUIS JACINTO BARRETO,PMB,Deputado Estadual,0,2022
0379,35222,MARCOS RIBEIRO DA SILVA,PMB,Deputado Estadual,0,2022
0379,35224,FRANCISCO ALVES DE SOUSA,PMB,Deputado Estadual,0,2022
0379,35259,ELAINE CRISTINA PUPE DE MORAIS,PMB,Deputado Estadual,0,2022
0379,35274,MARIA DA CONCEIÇÃO FERNANDES GRANATO,PMB,Deputado Estadual,0,2022
0379,35300,CLEBER VALADÃO ANTUNES,PMB,Deputado Estadual,0,2022
0379,35305,LUIS CARLOS FABIANI,PMB,Deputado Estadual,7,2022
0379,35312,SILAS DA SILVA MOREIRA,PMB,Deputado Estadual,0,2022
0379,35321,VALQUIRIA JUSTINO,PMB,Deputado Estadual,0,2022
0379,35322,KAISON ROBERTO ALVES,PMB,Deputado Estadual,0,2022
0379,35325,ROBERTO FRANCISCO DA SILVA,PMB,Deputado Estadual,0,2022
0379,35330,ADELMACIR DE SOUZA,PMB,Deputado Estadual,0,2022
0379,35333,LUCIANA APARECIDA DE PAULA CARVALHO,PMB,Deputado Estadual,0,2022
0379,35350,VIVIAN FILETO MARTINS DOS SANTOS,PMB,Deputado Estadual,4,2022
0379,35352,FERNANDO LUIS COUTINHO NEVES,PMB,Deputado Estadual,224,2022
0379,35355,MARCIA WALERIA NUNES DE OLIVEIRA DIAS,PMB,Deputado Estadual,0,2022
0379,35360,GILVAN DE ANDRADE GAIA,PMB,Deputado Estadual,4,2022
0379,35361,ADRIANA RANGEL RIBEIRO,PMB,Deputado Estadual,2,2022
0379,35369,ROBERIO DOS SANTOS BENEDITO,PMB,Deputado Estadual,0,2022
0379,35380,REGINALDO DA ROCHA MÁXIMO,PMB,Deputado Estadual,0,2022
0379,35400,WILLIAM DE SOUZA PALMA BOARRETTO,PMB,Deputado Estadual,0,2022
0379,35432,BENEDITO EDELCIO DA SILVA,PMB,Deputado Estadual,0,2022
0379,35444,MARIA ESTELA CAPELETTI DA ROCHA,PMB,Deputado Estadual,0,2022
0379,35447,ANDERSON HENRIQUE PINTO,PMB,Deputado Estadual,1,2022
0379,35450,INGRID DE MENDONÇA RIBEIRO,PMB,Deputado Estadual,0,2022
0379,35469,ERALDO NUNES GALDINO,PMB,Deputado Estadual,0,2022
0379,35474,CASSIO EDUARDO FONSECA,PMB,Deputado Estadual,0,2022
0379,35482,SUELI GUETE AGUIAR,PMB,Deputado Estadual,6,2022
0379,35500,ELIS REGINA NOGUEIRA RODRIGUES,PMB,Deputado Estadual,0,2022
0379,35522,THAISE CARVALHO MIRANDA,PMB,Deputado Estadual,0,2022
0379,35533,JORGE CLAUDIO ANSELMO,PMB,Deputado Estadual,0,2022
0379,35550,DOUGLAS KAJFES GARCIA,PMB,Deputado Estadual,0,2022
0379,35551,ELISANGELA VALINHO QUEIROZ DOS SANTOS,PMB,Deputado Estadual,0,2022
0379,35553,ENEAS SILVA FERREIRA SALES,PMB,Deputado Estadual,0,2022
0379,35554,ALEIXO ANDRE MANOEL NETO,PMB,Deputado Estadual,0,2022
0379,35555,DANILO RIDYER PALMA,PMB,Deputado Estadual,245,2022
0379,35600,CARLOS FERNANDO SERRA DO NASCIMENTO,PMB,Deputado Estadual,0,2022
0379,35622,JULIO AURELIANO DA SILVA,PMB,Deputado Estadual,0,2022
0379,35635,LUIS RENATO PINTO DE OLIVEIRA,PMB,Deputado Estadual,1,2022
0379,35666,DULCINEIA COELHO DA SILVA,PMB,Deputado Estadual,0,2022
0379,35667,FATIMA NASCIMENTO ALEXANDRE,PMB,Deputado Estadual,0,2022
0379,35678,DANIEL RODRIGUES BRANDO,PMB,Deputado Estadual,0,2022
0379,35700,ROGÉRIO MARTINIUC DE OLIVEIRA,PMB,Deputado Estadual,0,2022
0379,35722,ADELINO CASTELLEIRO FILHO,PMB,Deputado Estadual,1,2022
0379,35733,SANTA DA PAIXÃO GOMES DA SILVA,PMB,Deputado Estadual,0,2022
0379,35735,ABEL FELIX CAMPOS NETO,PMB,Deputado Estadual,2,2022
0379,35744,CLAUDIA VALDENIA GOMES MAIA,PMB,Deputado Estadual,0,2022
0379,35777,DALTON TADEU IZZO JUNIOR,PMB,Deputado Estadual,0,2022
0379,35789,VALDIRENE SANTOS DA SILVA,PMB,Deputado Estadual,0,2022
0379,35799,MARTIM VIEIRA FERREIRA,PMB,Deputado Estadual,0,2022
0379,35808,SIMONE SILVA SANTOS DA COSTA,PMB,Deputado Estadual,0,2022
0379,35822,ANA PAULA MELO PETILO,PMB,Deputado Estadual,0,2022
0379,35835,RONALDO GALDINO DOS SANTOS,PMB,Deputado Estadual,0,2022
0379,35885,NORMANDO BARBOSA DE OLIVEIRA,PMB,Deputado Estadual,0,2022
0379,35888,ALESSANDRA ABE,PMB,Deputado Estadual,0,2022
0379,35900,RODRIGO MOLLER,PMB,Deputado Estadual,0,2022
0379,35931,ELIANA SÃO ROQUE MARTINS,PMB,Deputado Estadual,15,2022
0379,35999,ANDERSON GUIMARÃES DE ALMEIDA,PMB,Deputado Estadual,0,2022
0379,36000,SIMONE MARQUES LOPES,AGIR,Deputado Estadual,0,2022
0379,36001,CAMILA CRISTINA BRITO,AGIR,Deputado Estadual,0,2022
0379,36003,JULIANO MERKES,AGIR,Deputado Estadual,0,2022
0379,36004,ALESSANDRO CAMARGO RODRIGUES,AGIR,Deputado Estadual,0,2022
0379,36006,JORGE MOTA DE OLIVEIRA JUNIOR,AGIR,Deputado Estadual,0,2022
0379,36007,DOUGLAS SOLANO DAS NEVES,AGIR,Deputado Estadual,0,2022
0379,36009,SIMONE VANESSA SANTOS DIAZ,AGIR,Deputado Estadual,0,2022
0379,36010,JOEL XAVIER DA SILVA,AGIR,Deputado Estadual,0,2022
0379,36011,ANDREIA TASSIANE ANTONACCI,AGIR,Deputado Estadual,0,2022
0379,36013,JANAINA CRISP GIULIANO CAVALCANTE,AGIR,Deputado Estadual,0,2022
0379,36016,ELIZEU RODRIGUES VARELA,AGIR,Deputado Estadual,0,2022
0379,36017,ALENATO MARTINS VIDAL,AGIR,Deputado Estadual,0,2022
0379,36020,MAURO FRANCISCO DE TOLEDO,AGIR,Deputado Estadual,0,2022
0379,36021,JÉSUA DE LIMA FERREIRA DA SILVA,AGIR,Deputado Estadual,0,2022
0379,36022,ROSIMEIRE SANTOS CESCHINI,AGIR,Deputado Estadual,0,2022
0379,36029,MARIA APARECIDA SANTOS ARAUJO,AGIR,Deputado Estadual,0,2022
0379,36030,JOSE FERNANDES DE OLIVEIRA BARBOSA,AGIR,Deputado Estadual,0,2022
0379,36031,MOÉSIO ALVES CORREIA,AGIR,Deputado Estadual,0,2022
0379,36033,JORGE MOTTA CARNEIRO,AGIR,Deputado Estadual,0,2022
0379,36050,MARIA FERREIRA LIMA,AGIR,Deputado Estadual,0,2022
0379,36051,ELIAS DOS SANTOS BITENCOURT,AGIR,Deputado Estadual,0,2022
0379,36056,PAULO KAZUO DE SOUZA IFUKU,AGIR,Deputado Estadual,0,2022
0379,36061,JOSELITO ALVES DOS SANTOS,AGIR,Deputado Estadual,0,2022
0379,36070,SAULO FAUSTINO,AGIR,Deputado Estadual,0,2022
0379,36075,CARLOS LUIS GUERRA DE LIMA,AGIR,Deputado Estadual,0,2022
0379,36088,MARIA DANIELA NOGUEIRA DONI,AGIR,Deputado Estadual,0,2022
0379,36089,JOSE CARLOS FERREIRA DA SILVA,AGIR,Deputado Estadual,0,2022
0379,36090,MAGNO ALVES DE OLIVEIRA,AGIR,Deputado Estadual,0,2022
0379,36100,SILVIO DO CARMO CAMARGO,AGIR,Deputado Estadual,0,2022
0379,36101,JUCILENE DE JESUS LIMA,AGIR,Deputado Estadual,0,2022
0379,36102,RICARDO BORGES DE OLIVEIRA,AGIR,Deputado Estadual,0,2022
0379,36110,JOAO VIANELLE PINTO,AGIR,Deputado Estadual,0,2022
0379,36111,VALMIR FERREIRA VERAS,AGIR,Deputado Estadual,0,2022
0379,36112,OSEIAS VIEIRA DE SOUSA,AGIR,Deputado Estadual,0,2022
0379,36113,PAULO DONIZETI SAGIO,AGIR,Deputado Estadual,0,2022
0379,36114,EDIVALDA CORDEIRO DE LIMA SILVA,AGIR,Deputado Estadual,0,2022
0379,36117,SILMARA CRISTIANE DA SILVA POMPOLLO,AGIR,Deputado Estadual,0,2022
0379,36125,JOSE CICERO FERREIRA DE LIMA,AGIR,Deputado Estadual,0,2022
0379,36133,LUCIANO MARTINS CRUZ,AGIR,Deputado Estadual,0,2022
0379,36151,EDSON GARCIA,AGIR,Deputado Estadual,0,2022
0379,36175,DERIONERIO OLIVEIRA DE ASSIS,AGIR,Deputado Estadual,0,2022
0379,36177,LUIZ CARLOS DE FREITAS,AGIR,Deputado Estadual,0,2022
0379,36190,ADRIANA SANCHES GALDEANO BORGO,AGIR,Deputado Estadual,0,2022
0379,36193,ALDO ALMEIDA,AGIR,Deputado Estadual,0,2022
0379,36203,ADRIANA SANTOS BARRENHA,AGIR,Deputado Estadual,0,2022
0379,36212,THAMIRES DE OLIVEIRA DAMATTO,AGIR,Deputado Estadual,0,2022
0379,36220,ISMAEL DA SILVA SOUZA,AGIR,Deputado Estadual,0,2022
0379,36222,JOAO BATISTA DE OLIVEIRA,AGIR,Deputado Estadual,0,2022
0379,36228,MARIA CAROLINA DA SILVA TAVARES CRUZ,AGIR,Deputado Estadual,0,2022
0379,36233,EDSON MARCOS DE CARVALHO,AGIR,Deputado Estadual,0,2022
0379,36260,JOSE SILVA LIMA,AGIR,Deputado Estadual,0,2022
0379,36290,MARCOS VINICIUS MOUTA MENDONÇA,AGIR,Deputado Estadual,0,2022
0379,36301,DAILAS RODRIGUES DA SILVA SOARES,AGIR,Deputado Estadual,0,2022
0379,36310,VERA LUCIA APARECIDA ALVES,AGIR,Deputado Estadual,0,2022
0379,36315,WAGNER ALVES DE LIMA,AGIR,Deputado Estadual,0,2022
0379,36322,ANTONIO CARLOS DOS SANTOS,AGIR,Deputado Estadual,0,2022
0379,36333,PAULA NATALEN FARIAS DE MORAES MULLER,AGIR,Deputado Estadual,0,2022
0379,36336,JACQUELINE MARINO FERNANDES DA SILVA,AGIR,Deputado Estadual,0,2022
0379,36358,CARLINHO NASCIMENTO SILVA,AGIR,Deputado Estadual,0,2022
0379,36361,GILMAR VAZ DA ROCHA,AGIR,Deputado Estadual,0,2022
0379,36363,MARCOS LUIZ ABDO DE SIQUEIRA,AGIR,Deputado Estadual,0,2022
0379,36400,JOSEMAR CARLOS DE OLIVEIRA,AGIR,Deputado Estadual,0,2022
0379,36407,LEIA DA SILVA FELISBERTO,AGIR,Deputado Estadual,0,2022
0379,36500,HELENA NOBUCO SUZUKI TAKADACHI,AGIR,Deputado Estadual,0,2022
0379,36541,GENTIL ALVES DOS SANTOS NETO,AGIR,Deputado Estadual,0,2022
0379,36551,NERINALVA SANTOS SANTANA,AGIR,Deputado Estadual,0,2022
0379,36566,PEDRO PAULO DE OLIVEIRA FILHO,AGIR,Deputado Estadual,0,2022
0379,36600,MARCOS DOS SANTOS SENA,AGIR,Deputado Estadual,0,2022
0379,36636,KLEBER ADELIPIO BARROS SANTOS,AGIR,Deputado Estadual,0,2022
0379,36640,UBIRAJARA DE ARAUJO MORAIS,AGIR,Deputado Estadual,0,2022
0379,36661,SÉRGIO MARTINS DA SILVA,AGIR,Deputado Estadual,0,2022
0379,36666,ALEX FABIANO COSTA GARCIA,AGIR,Deputado Estadual,0,2022
0379,36700,FABIANO DA SILVA MONTEIRO,AGIR,Deputado Estadual,0,2022
0379,36712,GISELE CRISTINA DOS SANTOS SILVA,AGIR,Deputado Estadual,0,2022
0379,36779,JOSE DE OLIVEIRA LEME FILHO,AGIR,Deputado Estadual,0,2022
0379,36789,SHIRLEY PALADY CAMBUR,AGIR,Deputado Estadual,0,2022
0379,36820,WILLIANS ROCHA MONTEIRO,AGIR,Deputado Estadual,0,2022
0379,36841,SAMUEL DO CARMO,AGIR,Deputado Estadual,0,2022
0379,36888,CESAR BENEDITO ALVES,AGIR,Deputado Estadual,0,2022
0379,36889,SERGILVAN OLIVEIRA DE BRITO,AGIR,Deputado Estadual,0,2022
0379,36890,JOSE CICERO FERNANDES DA SILVA,AGIR,Deputado Estadual,0,2022
0379,36918,ANA CLAUDIA SEVERINO RIVERA,AGIR,Deputado Estadual,0,2022
0379,36936,HEITOR ROBERTO TOMMASINI,AGIR,Deputado Estadual,0,2022
0379,36960,SALVADOR FERREIRA DA SILVA JUNIOR,AGIR,Deputado Estadual,0,2022
0379,36963,REINALDO MARTINS,AGIR,Deputado Estadual,0,2022
0379,36969,TARCISIO BRUNO GUIDI,AGIR,Deputado Estadual,0,2022
0379,36980,OSNI RAMOS JUNIOR,AGIR,Deputado Estadual,0,2022
0379,36999,DONIZETE APARECIDO FERREIRA,AGIR,Deputado Estadual,0,2022
0379,40000,ANDRÉA WERNER SILVA BONOLI,PSB,Deputado Estadual,449,2022
0379,40001,ISABELA RODAS MESSIAS,PSB,Deputado Estadual,12,2022
0379,40004,ALBERTO ADRIANO DE JESUS,PSB,Deputado Estadual,6,2022
0379,40008,LUIZ JOSÉ TEGAMI,PSB,Deputado Estadual,1,2022
0379,40010,VANDERLEI NERES PEREIRA,PSB,Deputado Estadual,2,2022
0379,40012,TALITA DE LIMA BARBOSA,PSB,Deputado Estadual,23,2022
0379,40013,CELSO DA SILVA,PSB,Deputado Estadual,25,2022
0379,40015,MILTON NERY NETO,PSB,Deputado Estadual,0,2022
0379,40020,GERALDO ANTÔNIO DA NÓBREGA,PSB,Deputado Estadual,1,2022
0379,40021,EDNA PENHA DA SILVA,PSB,Deputado Estadual,1,2022
0379,40022,NATALINO DE JESUS,PSB,Deputado Estadual,0,2022
0379,40026,GERALDO RIBEIRO GUIMARÃES NETO,PSB,Deputado Estadual,3,2022
0379,40040,MAYARA OLIVEIRA TORRES DA SILVA,PSB,Deputado Estadual,12,2022
0379,40044,ELISANDRA PEDROSO FERREIRA,PSB,Deputado Estadual,0,2022
0379,40050,ELVIO FERNANDEZ GONZALEZ,PSB,Deputado Estadual,2,2022
0379,40051,REINALDO RÚBIO RODA,PSB,Deputado Estadual,0,2022
0379,40054,ADRIANO DE OLIVEIRA SILVA DOS SANTOS,PSB,Deputado Estadual,1,2022
0379,40069,COSMO DAMIÃO FREITAS CID,PSB,Deputado Estadual,5,2022
0379,40070,JOSÉ DILSON DAS CHAGAS,PSB,Deputado Estadual,0,2022
0379,40077,EDSON FLORINDO PEREIRA,PSB,Deputado Estadual,15,2022
0379,40095,NILDO SILVESTRE DA SILVA,PSB,Deputado Estadual,0,2022
0379,40096,EDVAN JOSE DOS SANTOS,PSB,Deputado Estadual,3,2022
0379,40111,FÁBIO CESAR FERREIRA,PSB,Deputado Estadual,105,2022
0379,40112,LEIDE MENGATTI,PSB,Deputado Estadual,10,2022
0379,40113,JOSÉ RONALDO GOMES DA SILVA,PSB,Deputado Estadual,0,2022
0379,40120,GABRIEL BELÉM DOS SANTOS,PSB,Deputado Estadual,0,2022
0379,40121,MÁRIO MEDEIROS NETO,PSB,Deputado Estadual,8,2022
0379,40123,CAMILA GODOI DA SILVA RODRIGUES,PSB,Deputado Estadual,64,2022
0379,40128,ANTONIO LAURO CAMPANHA,PSB,Deputado Estadual,1,2022
0379,40133,JOÃO CARLOS CARAMEZ,PSB,Deputado Estadual,6,2022
0379,40134,JOÃO AGUIAR RIBEIRO,PSB,Deputado Estadual,0,2022
0379,40140,EDSON ELIAS KHOURI,PSB,Deputado Estadual,0,2022
0379,40150,EDUARDO NASCIMENTO,PSB,Deputado Estadual,15,2022
0379,40153,LUCAS DE OLIVEIRA CARDOSO,PSB,Deputado Estadual,199,2022
0379,40155,MARIA JOSÉ DA SILVA BEZERRA,PSB,Deputado Estadual,0,2022
0379,40167,GRACE LAINE PINCERATO CARREIRA DINI,PSB,Deputado Estadual,0,2022
0379,40180,JOSÉ APARECIDO ALVES,PSB,Deputado Estadual,3,2022
0379,40185,MARIA SALETE MARINI,PSB,Deputado Estadual,0,2022
0379,40192,LEANDRO ALTRÃO MARTINES,PSB,Deputado Estadual,0,2022
0379,40199,FABIO ADONIS PEREIRA,PSB,Deputado Estadual,0,2022
0379,40200,LUIZ CARLOS SILVA LEMOS,PSB,Deputado Estadual,4,2022
0379,40211,VALDOMIRO LOPES DA SILVA JUNIOR,PSB,Deputado Estadual,8,2022
0379,40222,GABRIELA VARGAS SABINO,PSB,Deputado Estadual,13,2022
0379,40233,POLIANA ALVES FERNANDES PINTO,PSB,Deputado Estadual,0,2022
0379,40234,CLERISTON DOS SANTOS ARAÚJO,PSB,Deputado Estadual,0,2022
0379,40240,JOCELY RAMOS DOS REIS MARCO,PSB,Deputado Estadual,0,2022
0379,40245,CHARLES ROBERTO PAES,PSB,Deputado Estadual,0,2022
0379,40256,EDUARDO LUIZ,PSB,Deputado Estadual,1,2022
0379,40261,MAURICIO MARTINEZ,PSB,Deputado Estadual,0,2022
0379,40300,CARMEN DA SILVA FERREIRA,PSB,Deputado Estadual,21,2022
0379,40303,DAVID SANTANA DA SILVA,PSB,Deputado Estadual,0,2022
0379,40321,ABIDAN HENRIQUE DA SILVA,PSB,Deputado Estadual,15,2022
0379,40333,RAFAEL ZAMPRONIO DA SILVEIRA,PSB,Deputado Estadual,3,2022
0379,40345,ANDERSON FREITAS BARBOSA PASSOS,PSB,Deputado Estadual,0,2022
0379,40377,ALEXANDRE SÓCRATES NAVISKAS,PSB,Deputado Estadual,0,2022
0379,40400,RENATA FALZONI,PSB,Deputado Estadual,125,2022
0379,40404,CAMILA TAPIA ROJAS SEGATO,PSB,Deputado Estadual,2,2022
0379,40412,FERNANDA DE MORAES DA SILVA,PSB,Deputado Estadual,0,2022
0379,40440,CLAUDIO OLIVEIRA DE MESSIAS,PSB,Deputado Estadual,0,2022
0379,40444,JULIANO MALAQUIAS BOTELHO,PSB,Deputado Estadual,0,2022
0379,40445,JOSELI ELVIRA CAVALHEIRO,PSB,Deputado Estadual,0,2022
0379,40456,PERMÍNIO MONTEIRO DA SILVA,PSB,Deputado Estadual,955,2022
0379,40457,LISETE GOMES DAS NEVES,PSB,Deputado Estadual,0,2022
0379,40500,GRAZIELA COSTA LEITE,PSB,Deputado Estadual,11,2022
0379,40505,MARCELO FERREIRA KAWATOKO,PSB,Deputado Estadual,0,2022
0379,40525,WAINES MOREIRA ALVES,PSB,Deputado Estadual,0,2022
0379,40537,FLORDINICE PINHEIRO,PSB,Deputado Estadual,0,2022
0379,40540,LARA EUNICE SANTOS BARBOSA,PSB,Deputado Estadual,0,2022
0379,40555,PEDRO TOMISHIGUE MORI,PSB,Deputado Estadual,0,2022
0379,40570,ANTONIO CARLOS RODRIGUES TEIXEIRA JUNIOR,PSB,Deputado Estadual,2,2022
0379,40577,RODRIGO ALMEIDA PASSOS,PSB,Deputado Estadual,0,2022
0379,40600,ANDRÉA DAS NEVES NERI DE SANTANA,PSB,Deputado Estadual,2,2022
0379,40635,LAÍS HELENA ANTONIO DOS SANTOS ALOISE,PSB,Deputado Estadual,29,2022
0379,40640,CAIO FRANÇA DE GOUVÊA GOMES,PSB,Deputado Estadual,40,2022
0379,40650,CASSIANO ROSADO CORREIA,PSB,Deputado Estadual,0,2022
0379,40656,SÍLVIA ELENA BITTENCOURT,PSB,Deputado Estadual,0,2022
0379,40665,SHIRLEI APARECIDA MOURA DA SILVA,PSB,Deputado Estadual,0,2022
0379,40666,CARLOS ALBERTO ROSSI,PSB,Deputado Estadual,1,2022
0379,40670,ROBERTO MONTEIRO,PSB,Deputado Estadual,2,2022
0379,40690,DOUGLAS AMPARADO CABRAL,PSB,Deputado Estadual,0,2022
0379,40700,ELIAS PEREIRA FREITAS DA SILVA JUNIOR,PSB,Deputado Estadual,0,2022
0379,40717,SUSIMEIRE RIBEIRO DOS SANTOS,PSB,Deputado Estadual,0,2022
0379,40777,PETERSON RUAN AIELLO DO COUTO RAMOS,PSB,Deputado Estadual,14,2022
0379,40789,JOSÉ ANTÔNIO FERREIRA,PSB,Deputado Estadual,8,2022
0379,40813,ALEXANDRE SIMÕES PIMENTEL,PSB,Deputado Estadual,0,2022
0379,40850,RICARDO DE FARIA SILVA,PSB,Deputado Estadual,0,2022
0379,40888,CYNTHIA MICHELS,PSB,Deputado Estadual,0,2022
0379,40900,PAULO CEZAR CONCEIÇÃO QUADROS,PSB,Deputado Estadual,0,2022
0379,40999,ABDULBASET JAROUR,PSB,Deputado Estadual,13,2022
0379,43000,CLAUDIA VISONI,PV,Deputado Estadual,11,2022
0379,43007,MARIA DAS DORES ALVES SILVA,PV,Deputado Estadual,1,2022
0379,43033,THIAGO RODRIGO MARTINS,PV,Deputado Estadual,27,2022
0379,43043,DACIO BERALDO BICUDO,PV,Deputado Estadual,0,2022
0379,43090,JOANA DARQUE DA PAZ,PV,Deputado Estadual,0,2022
0379,43123,WILLDSON MENDES STAHN,PV,Deputado Estadual,38,2022
0379,43190,ANGELO PAULINO DA SILVA,PV,Deputado Estadual,1,2022
0379,43222,CRISTIANE ALEXANDRE MENDES,PV,Deputado Estadual,4,2022
0379,43333,LEONARDO CÉSAR TASSINARI,PV,Deputado Estadual,2,2022
0379,43343,LUISA DA SILVA FERNANDES,PV,Deputado Estadual,0,2022
0379,43430,DONIZETI APARECIDO ALVES FERREIRA,PV,Deputado Estadual,1,2022
0379,43433,RICARDO JOSÉ LEMES,PV,Deputado Estadual,4,2022
0379,43444,ROMILDO DE PINHO CAMPELLO,PV,Deputado Estadual,1,2022
0379,43500,AMILCAR MARCEL DE SOUZA,PV,Deputado Estadual,0,2022
0379,43773,JOEL MOREIRA PASSOS JUNIOR,PV,Deputado Estadual,0,2022
0379,44001,EDSON DE OLIVEIRA GIRIBONI,UNIÃO,Deputado Estadual,10,2022
0379,44002,MARIA INES PINTO DE OLIVEIRA SANTIAGO,UNIÃO,Deputado Estadual,1,2022
0379,44004,ANDERSON REITANO RICARDO,UNIÃO,Deputado Estadual,3,2022
0379,44007,FELIPE SOUZA MURAKAMI DE FRANCO,UNIÃO,Deputado Estadual,370,2022
0379,44008,CESAR ROCHA ANDRADE DA SILVA,UNIÃO,Deputado Estadual,146,2022
0379,44009,FELIPPE LOURENÇO OLIVEIRA COELHO,UNIÃO,Deputado Estadual,0,2022
0379,44011,CARLOS JOSE GASPAR,UNIÃO,Deputado Estadual,0,2022
0379,44014,MYRIAN RAVANELLI SCANDAR KARAM,UNIÃO,Deputado Estadual,1,2022
0379,44016,CLAUDINEI LUIS DA SILVA,UNIÃO,Deputado Estadual,0,2022
0379,44018,DEOMERCE DE SOUZA DAMASCENO,UNIÃO,Deputado Estadual,6,2022
0379,44019,RODRIGO LUIS DE BARROS ALMEIDA,UNIÃO,Deputado Estadual,1361,2022
0379,44023,ANA ROSA TEIXEIRA DE ARAUJO,UNIÃO,Deputado Estadual,0,2022
0379,44025,FERNANDO GALVAO MOURA,UNIÃO,Deputado Estadual,8,2022
0379,44033,PAULO NUNES PINHEIRO,UNIÃO,Deputado Estadual,0,2022
0379,44040,OCIMAR DOS REIS OLIVEIRA,UNIÃO,Deputado Estadual,0,2022
0379,44041,SORAIA DOS SANTOS CARNEIRO D EPIRO,UNIÃO,Deputado Estadual,2,2022
0379,44044,SOLANGE CRISTINA DE FREITAS,UNIÃO,Deputado Estadual,32,2022
0379,44045,OSTERLAINE HENRIQUES ALVES,UNIÃO,Deputado Estadual,5,2022
0379,44050,JURACY DA CONCEIÇÃO DOS SANTOS,UNIÃO,Deputado Estadual,0,2022
0379,44054,MARI CRISTINA BIZARI,UNIÃO,Deputado Estadual,0,2022
0379,44055,LAERCIO SANDES DE OLIVEIRA,UNIÃO,Deputado Estadual,0,2022
0379,44070,FABIO DUARTE JOANA,UNIÃO,Deputado Estadual,3,2022
0379,44077,RAFAEL SARAIVA GAIA,UNIÃO,Deputado Estadual,225,2022
0379,44080,ELIANA PAULA CARETI,UNIÃO,Deputado Estadual,0,2022
0379,44081,AUGUSTO CÉSAR CORREA NETO,UNIÃO,Deputado Estadual,0,2022
0379,44100,VITOR ABOU ANNI,UNIÃO,Deputado Estadual,35,2022
0379,44110,HELIO VIEIRA MALHEIROS JUNIOR,UNIÃO,Deputado Estadual,1,2022
0379,44111,DANIEL BEZERRA RIBEIRO SOARES,UNIÃO,Deputado Estadual,215,2022
0379,44118,EDMIR JOSE ABI CHEDID,UNIÃO,Deputado Estadual,59,2022
0379,44122,JOSE ALDO DEMARCHI,UNIÃO,Deputado Estadual,11,2022
0379,44123,OLIVIO AUGUSTO FREITAS CHAVES,UNIÃO,Deputado Estadual,3,2022
0379,44125,JOAO BATISTA DO PRADO,UNIÃO,Deputado Estadual,1,2022
0379,44127,CAMILA GRASIELE SANGREGORIO SOARES,UNIÃO,Deputado Estadual,1,2022
0379,44130,LETICIA CRISTINA DA SILVA,UNIÃO,Deputado Estadual,0,2022
0379,44140,THIAGO VERONICO DE FREITAS,UNIÃO,Deputado Estadual,0,2022
0379,44144,RONALDO FORMIGAO,UNIÃO,Deputado Estadual,1,2022
0379,44150,GISELE APARECIDA DA SILVA RAMOS,UNIÃO,Deputado Estadual,1,2022
0379,44155,FERNANDA ALVES DA SILVA,UNIÃO,Deputado Estadual,4,2022
0379,44156,ALINE CARBALLO TEIXEIRA,UNIÃO,Deputado Estadual,8,2022
0379,44171,JAQUELINE MONTEIRO DE CARVALHO BARRETO,UNIÃO,Deputado Estadual,0,2022
0379,44190,ADMILSON DE SOUZA,UNIÃO,Deputado Estadual,14,2022
0379,44193,BENEDITO ROBERTO MEIRA,UNIÃO,Deputado Estadual,3,2022
0379,44200,RENATO DA SILVA GOIS,UNIÃO,Deputado Estadual,12,2022
0379,44220,ANDRE CRISTHIANO CAYRES RIBEIRO,UNIÃO,Deputado Estadual,2137,2022
0379,44222,JORGE TADEU MUDALEN,UNIÃO,Deputado Estadual,30,2022
0379,44234,LUIZ OTAVIO DA SILVA,UNIÃO,Deputado Estadual,0,2022
0379,44250,MILTON LEITE DA SILVA FILHO,UNIÃO,Deputado Estadual,16,2022
0379,44300,GILBERTO DANIEL JUNIOR,UNIÃO,Deputado Estadual,6,2022
0379,44321,RAFAELA KOBAL FERNANDES DE CARVALHO,UNIÃO,Deputado Estadual,3,2022
0379,44333,AMANDA VETTORAZZO CARNEIRO,UNIÃO,Deputado Estadual,260,2022
0379,44345,REINALDO BRIGIDO DE SOUSA,UNIÃO,Deputado Estadual,3,2022
0379,44350,MARCIA LENTZ,UNIÃO,Deputado Estadual,1,2022
0379,44363,TANIA CRISTINA FRUCHI,UNIÃO,Deputado Estadual,4,2022
0379,44400,RAFAEL ELIAS MACHADO PEREIRA ANTUNES,UNIÃO,Deputado Estadual,12,2022
0379,44411,LEANDRO CALDEIRA NAVA,UNIÃO,Deputado Estadual,3,2022
0379,44422,SIDELI DA SILVA LOPES,UNIÃO,Deputado Estadual,3,2022
0379,44433,MARCELO FUSCO,UNIÃO,Deputado Estadual,2,2022
0379,44440,JUAREZ PEREIRA DA SILVA,UNIÃO,Deputado Estadual,9,2022
0379,44441,LUIZ CLAUDIO VENANCIO ALVES,UNIÃO,Deputado Estadual,2,2022
0379,44444,MARIA HELENA PASINI PEDROSO PETERNELLI,UNIÃO,Deputado Estadual,47,2022
0379,44445,JOAO BATISTA ROCHA,UNIÃO,Deputado Estadual,1,2022
0379,44447,JUAN RAMON SOTO,UNIÃO,Deputado Estadual,0,2022
0379,44450,FLAVIA MENDES GOMES,UNIÃO,Deputado Estadual,1,2022
0379,44451,EDEMIR DE MELO,UNIÃO,Deputado Estadual,0,2022
0379,44456,FERNANDO HENRIQUE CURY,UNIÃO,Deputado Estadual,6,2022
0379,44470,WERMESON PEREIRA DA SILVA,UNIÃO,Deputado Estadual,0,2022
0379,44477,MISAEL ARAUJO RODRIGUES DA SILVA,UNIÃO,Deputado Estadual,1,2022
0379,44500,CARLOS LOTHAR KAUTZA,UNIÃO,Deputado Estadual,10,2022
0379,44532,LUCAS MÁXIMO DE JESUS,UNIÃO,Deputado Estadual,0,2022
0379,44544,MAURICIO MENNA BARRETO GASPARINI,UNIÃO,Deputado Estadual,1,2022
0379,44550,HUMBERTO YUDI WATANABE,UNIÃO,Deputado Estadual,0,2022
0379,44556,GILVANIA MEDEIROS DE OLIVEIRA,UNIÃO,Deputado Estadual,1,2022
0379,44557,SERGIO DE PAULA REIS FILHO,UNIÃO,Deputado Estadual,2,2022
0379,44560,NELMA APARECIDA ANDRADE SOUZA,UNIÃO,Deputado Estadual,1,2022
0379,44567,AGLIBERTO DO SOCORRO CHAGAS,UNIÃO,Deputado Estadual,0,2022
0379,44600,MARCOS FERNANDO PORTELLA FONTES,UNIÃO,Deputado Estadual,5,2022
0379,44611,VIVIANE DOS SANTOS SILVA CASAMASSA,UNIÃO,Deputado Estadual,0,2022
0379,44644,RODRIGO CESAR REGORAO VERONEZI,UNIÃO,Deputado Estadual,1,2022
0379,44662,ANGELA DONATIELLO LOPES,UNIÃO,Deputado Estadual,0,2022
0379,44678,DONILZETE JOSÉ SOARES,UNIÃO,Deputado Estadual,0,2022
0379,44700,LUIZ CARLOS GONDIM TEIXEIRA,UNIÃO,Deputado Estadual,2,2022
0379,44705,ROLGACIANO FERNANDES ALMEIDA,UNIÃO,Deputado Estadual,0,2022
0379,44707,BENEDITO DE VITTO JUNIOR,UNIÃO,Deputado Estadual,0,2022
0379,44744,ADRIANA CRISTINA SGRIGNEIRO NUNES,UNIÃO,Deputado Estadual,11,2022
0379,44767,CECILIA CLAUDINO GOMES DO AMARAL PEREIRA,UNIÃO,Deputado Estadual,0,2022
0379,44770,ADENILSON PEREIRA DE AMORIM,UNIÃO,Deputado Estadual,2,2022
0379,44777,AUGUSTO ZACARIAS CORREA LEITE,UNIÃO,Deputado Estadual,650,2022
0379,44789,JOÃO DA SILVA FILHO,UNIÃO,Deputado Estadual,0,2022
0379,44800,JAQUELINE DA SILVA LIRA ARRUDA,UNIÃO,Deputado Estadual,1,2022
0379,44852,CICERO APARECIDO DE MELO,UNIÃO,Deputado Estadual,0,2022
0379,44888,WALTER MARTINS JUNIOR,UNIÃO,Deputado Estadual,2,2022
0379,44900,MARCUS LEVY ANDRADE ACOSTA,UNIÃO,Deputado Estadual,0,2022
0379,44944,RUBENS LOBATO PINHEIRO NETO,UNIÃO,Deputado Estadual,1,2022
0379,44999,RENATO DE SOUZA BATTISTA,UNIÃO,Deputado Estadual,220,2022
0379,45000,BRUNA DIAS FURLAN VICENTE,PSDB,Deputado Estadual,103,2022
0379,45002,IVONE FERNANDES DIAS DO NASCIMENTO,PSDB,Deputado Estadual,1,2022
0379,45007,DOMINGOS COSTA MINÉZIO GALLÉ,PSDB,Deputado Estadual,1,2022
0379,45011,FAOUAZ TAHA,PSDB,Deputado Estadual,25,2022
0379,45012,EDGARD TAKASHI SASAKI,PSDB,Deputado Estadual,2,2022
0379,45019,ISABEL CRISTINA DA SILVA MARCELINO VIEIRA,PSDB,Deputado Estadual,3,2022
0379,45040,FLÁVIO SPINUCCI JUNIOR,PSDB,Deputado Estadual,1,2022
0379,45045,ISRAEL ALEXANDRE DE SOUZA,PSDB,Deputado Estadual,54,2022
0379,45055,CAROLINA RIBEIRO FREITAS,PSDB,Deputado Estadual,1,2022
0379,45059,EDSON ROBERTO PARRON,PSDB,Deputado Estadual,0,2022
0379,45088,RENE VLADEMIR BLOTA JUNIOR,PSDB,Deputado Estadual,0,2022
0379,45100,CARLOS ALESSANDRO FRANCO BORRO DE MATOS,PSDB,Deputado Estadual,3,2022
0379,45111,MACIEL DOS SANTOS ROCHA,PSDB,Deputado Estadual,9,2022
0379,45114,MARIA LUCIA CARDOSO PINTO AMARY,PSDB,Deputado Estadual,4,2022
0379,45116,SILVANO SALES PEIXOTO,PSDB,Deputado Estadual,0,2022
0379,45122,ALESSANDRA VIEIRA DE CAMARGO TELES,PSDB,Deputado Estadual,7,2022
0379,45123,ROGERIO NOGUEIRA LOPES CRUZ,PSDB,Deputado Estadual,170,2022
0379,45125,MAURO BRAGATO,PSDB,Deputado Estadual,7,2022
0379,45145,GIOVANNA GUIMARÃES TRIPOLI VON USLAR,PSDB,Deputado Estadual,26,2022
0379,45150,DANIELLE SANTOS SILVA,PSDB,Deputado Estadual,2,2022
0379,45151,JOSÉ BERNARDO ORTIZ MONTEIRO JÚNIOR,PSDB,Deputado Estadual,4,2022
0379,45180,PATRÍCIA GAMA DE QUADROS BEZERRA,PSDB,Deputado Estadual,12,2022
0379,45192,DULCE RITA CHAVES DE ANDRADE DABKIWICZ,PSDB,Deputado Estadual,0,2022
0379,45200,CÉLIA CAMARGO LEÃO EDELMUTH,PSDB,Deputado Estadual,1235,2022
0379,45219,JULIO CESAR DE OLIVEIRA,PSDB,Deputado Estadual,0,2022
0379,45222,ANDRÉ GASPARINI SPADARO,PSDB,Deputado Estadual,8,2022
0379,45232,CARLOS EDUARDO PIGNATARI,PSDB,Deputado Estadual,21,2022
0379,45240,VANDERLEI BORGES DE CARVALHO,PSDB,Deputado Estadual,2,2022
0379,45245,DAMARIS DIAS MOURA KUO,PSDB,Deputado Estadual,122,2022
0379,45321,RAFAEL POSTIGO MAZZALI,PSDB,Deputado Estadual,1,2022
0379,45345,EDILZA DE SOUSA MATSUSHITA,PSDB,Deputado Estadual,2,2022
0379,45377,SERGIO OLIVETTI JACOMINI,PSDB,Deputado Estadual,0,2022
0379,45400,ANALICE FERNANDES,PSDB,Deputado Estadual,13,2022
0379,45444,DANIEL HENRIQUE SILVA BASSI,PSDB,Deputado Estadual,3,2022
0379,45445,JOSÉ CARLOS CARRASCOSA DOS SANTOS,PSDB,Deputado Estadual,3,2022
0379,45450,ADRIANO BEDORE,PSDB,Deputado Estadual,3,2022
0379,45451,CARLOS CESAR ARCOLINO,PSDB,Deputado Estadual,2,2022
0379,45452,LEILA BEDANI FERREIRA,PSDB,Deputado Estadual,16,2022
0379,45453,ANA KEYLA SILVA SANTIAGO,PSDB,Deputado Estadual,2,2022
0379,45454,RENATO PUPO DE PAULA,PSDB,Deputado Estadual,2,2022
0379,45455,ALEXANDRE RIBEIRO MUSTAFA,PSDB,Deputado Estadual,5,2022
0379,45456,SARITA DE SOUZA GREGORIO,PSDB,Deputado Estadual,0,2022
0379,45500,DÉBORA MARCONDES SILVA FERRARESI,PSDB,Deputado Estadual,3,2022
0379,45545,JOSE ANTONIO BARROS MUNHOZ,PSDB,Deputado Estadual,26,2022
0379,45555,PEDRO MOTOITIRO KAWAI,PSDB,Deputado Estadual,9,2022
0379,45575,DINACI FERREIRA OLEAN,PSDB,Deputado Estadual,0,2022
0379,45600,ESTANISLAU MATIAS BARROS,PSDB,Deputado Estadual,3,2022
0379,45617,ANDRE LUIS ANCHÃO BRAGA,PSDB,Deputado Estadual,4,2022
0379,45622,VONG IEK LEONG,PSDB,Deputado Estadual,0,2022
0379,45647,FRANCISCO PEREIRA LIMA,PSDB,Deputado Estadual,0,2022
0379,45663,NATALINO ANTONIO DA SILVA,PSDB,Deputado Estadual,3,2022
0379,45666,ANA CRISTINA ALVES,PSDB,Deputado Estadual,1,2022
0379,45678,LUIZ HENRIQUE CIRILO,PSDB,Deputado Estadual,619,2022
0379,45680,CARLA SARDANO MORANDO,PSDB,Deputado Estadual,18,2022
0379,45688,ERIKA TEREZA COITINHO AFFONSO,PSDB,Deputado Estadual,0,2022
0379,45745,MARCO AURÉLIO GOMES DOS SANTOS,PSDB,Deputado Estadual,2,2022
0379,45777,ALEXANDRE FROTA DE ANDRADE,PSDB,Deputado Estadual,45,2022
0379,45780,MARCOS ANTONIO ZERBINI,PSDB,Deputado Estadual,6,2022
0379,45789,VINICIUS ALMEIDA CAMARINHA,PSDB,Deputado Estadual,5,2022
0379,45800,MARCOS ANTÔNIO DE SOUZA,PSDB,Deputado Estadual,2,2022
0379,45845,NELSA FLORINDA DE QUEIROZ METZLER,PSDB,Deputado Estadual,0,2022
0379,45888,ADALBERTO GODOY FREITAS,PSDB,Deputado Estadual,6,2022
0379,50000,PAULA NUNES DOS SANTOS,PSOL,Deputado Estadual,677,2022
0379,50001,CLAUDIA APARECIDA DE MELLO MONTANARI,PSOL,Deputado Estadual,6,2022
0379,50002,JOEFERSON FACCIN JOSÉ DE ALMEIDA,PSOL,Deputado Estadual,2,2022
0379,50005,GUILHERME DA COSTA AGUIAR CORTEZ,PSOL,Deputado Estadual,131,2022
0379,50007,JASPE LOPES BASTOS,PSOL,Deputado Estadual,3,2022
0379,50008,CINTIA VANESSA GOMES,PSOL,Deputado Estadual,6,2022
0379,50009,DENISE FERNANDES DE SOUZA PANTALEÃO,PSOL,Deputado Estadual,0,2022
0379,50010,ÉRIKA FERNANDA CÂNDIDO,PSOL,Deputado Estadual,9,2022
0379,50011,MARIANA FELIX SANTOS,PSOL,Deputado Estadual,40,2022
0379,50012,JÉSSICA MARQUES RIBEIRO,PSOL,Deputado Estadual,3,2022
0379,50013,ALDENIR DIAS DOS SANTOS,PSOL,Deputado Estadual,9,2022
0379,50014,CÁTIA DOS SANTOS MACHADO,PSOL,Deputado Estadual,0,2022
0379,50015,CLEBER DA SILVA,PSOL,Deputado Estadual,0,2022
0379,50018,MATHEUS LEMES MARTINS DE ASSIS,PSOL,Deputado Estadual,0,2022
0379,50019,VINÍCIUS ROSA RODRIGUES,PSOL,Deputado Estadual,2,2022
0379,50020,JULIO CEZAR DE ANDRADE,PSOL,Deputado Estadual,16,2022
0379,50033,REGINA CÉLIA GONÇALVES DOS SANTOS,PSOL,Deputado Estadual,1,2022
0379,50043,RODRIGO DA SILVA BANDINI,PSOL,Deputado Estadual,0,2022
0379,50050,INÊS PAZ,PSOL,Deputado Estadual,5,2022
0379,50075,ANA CLAUDIA SILVA MIELKE,PSOL,Deputado Estadual,21,2022
0379,50085,GERALDO DO NASCIMENTO,PSOL,Deputado Estadual,0,2022
0379,50088,JACI SABINA DE LIMA MATTOS,PSOL,Deputado Estadual,1,2022
0379,50099,VALDOMIRO MARQUES,PSOL,Deputado Estadual,0,2022
0379,50100,MARIANA CONTI TAKAHASHI,PSOL,Deputado Estadual,2878,2022
0379,50110,EDIANE MARIA DO NASCIMENTO,PSOL,Deputado Estadual,367,2022
0379,50111,DANILO PRISEAJNIUC BIFONE,PSOL,Deputado Estadual,2,2022
0379,50112,LEANDRO ROMEO PECCEQUILLO FREIRE,PSOL,Deputado Estadual,0,2022
0379,50113,CLAUDIO BENVINDO BARBOSA,PSOL,Deputado Estadual,0,2022
0379,50123,RICARDO ALVAREZ,PSOL,Deputado Estadual,2,2022
0379,50130,ALINE CATARINE GONDIM,PSOL,Deputado Estadual,0,2022
0379,50133,MARCELO REINA SILIANO,PSOL,Deputado Estadual,3,2022
0379,50150,MARIA APARECIDA AIRES DA SILVA,PSOL,Deputado Estadual,2,2022
0379,50157,DARCI RAMOS VITÓRIO,PSOL,Deputado Estadual,0,2022
0379,50160,DIEGO WEIDEMANN RACHE VITELLO,PSOL,Deputado Estadual,1,2022
0379,50175,MARIA DE JESUS BUENO DA SILVA,PSOL,Deputado Estadual,0,2022
0379,50180,THALITA DE ALMEIDA TAVARES,PSOL,Deputado Estadual,3,2022
0379,50200,AILTON AMARAL DOS SANTOS,PSOL,Deputado Estadual,2,2022
0379,50222,SUZETE CHAFFIN,PSOL,Deputado Estadual,4,2022
0379,50300,KEITCHELE LIMA DA SILVA,PSOL,Deputado Estadual,83,2022
0379,50321,BRUNA CHAMAS BIONDI,PSOL,Deputado Estadual,9,2022
0379,50333,ALBA SOLANGE CHALITA DA SILVA,PSOL,Deputado Estadual,1,2022
0379,50400,PRISCILLA BERNARDES AIRES PEDROSA,PSOL,Deputado Estadual,4,2022
0379,50420,FERNANDO TAVARES ARAÚJO DA SILVA,PSOL,Deputado Estadual,9,2022
0379,50444,ROSIVALDO DE JESUS SANTOS,PSOL,Deputado Estadual,0,2022
0379,50456,ADRIANA SCANAVEZ DOS SANTOS,PSOL,Deputado Estadual,80,2022
0379,50500,DÉBORA ALVES CAMILO,PSOL,Deputado Estadual,73,2022
0379,50501,DJALMA NERY FERREIRA NETO,PSOL,Deputado Estadual,11,2022
0379,50513,RONALDO RODRIGUES DOS SANTOS,PSOL,Deputado Estadual,0,2022
0379,50517,ELIEZER ALMEIDA GUIMARÃES,PSOL,Deputado Estadual,0,2022
0379,50522,CHIRLEY MARIA DE SOUZA ALMEIDA SANTOS,PSOL,Deputado Estadual,61,2022
0379,50550,RAUL MARCELO DE SOUZA,PSOL,Deputado Estadual,39,2022
0379,50555,RAMON FERNANDES FAUSTINO,PSOL,Deputado Estadual,3,2022
0379,50563,ENOC MANOEL DE SANTANA,PSOL,Deputado Estadual,0,2022
0379,50567,LUIZ GUEDES DE ALENCAR JUNIOR,PSOL,Deputado Estadual,0,2022
0379,50580,JOSÉ DE RIBAMAR DA SILVA PASSOS,PSOL,Deputado Estadual,0,2022
0379,50600,EDMILSON SOUZA SANTOS,PSOL,Deputado Estadual,1,2022
0379,50650,ANTONIO BIAGIO VESPOLI,PSOL,Deputado Estadual,5,2022
0379,50666,MARIA HELENA DE CARVALHO,PSOL,Deputado Estadual,0,2022
0379,50700,NEON DOS AFONSO CUNHA,PSOL,Deputado Estadual,118,2022
0379,50750,JOSÉ CARLOS SILVA,PSOL,Deputado Estadual,0,2022
0379,50777,PAULO ROBERTO BUFALO,PSOL,Deputado Estadual,617,2022
0379,50789,CARLOS ALBERTO GIANNASI,PSOL,Deputado Estadual,473,2022
0379,50800,JUVENIL BATISTA LOPES,PSOL,Deputado Estadual,4,2022
0379,50850,MARCELO DOS SANTOS ROLDAN,PSOL,Deputado Estadual,1,2022
0379,50888,JUSTINO DIOGO DOS SANTOS,PSOL,Deputado Estadual,3,2022
0379,50900,MÔNICA CRISTINA SEIXAS BONFIM,PSOL,Deputado Estadual,226,2022
0379,50999,DÉBORA CRISTIANE FIRMO DORIA,PSOL,Deputado Estadual,1,2022
0379,51000,LUIS CLAUDIO LAPENA BARRETO,PATRIOTA,Deputado Estadual,8,2022
0379,51001,ANDRÉ LUIZ GALHARDO JOÃO,PATRIOTA,Deputado Estadual,0,2022
0379,51002,VANIL ALVES DOS SANTOS,PATRIOTA,Deputado Estadual,0,2022
0379,51003,RENATO DE SOUZA OLIVEIRA,PATRIOTA,Deputado Estadual,1,2022
0379,51005,SAMUEL DOS SANTOS,PATRIOTA,Deputado Estadual,1,2022
0379,51006,ANDREIA PEREIRA FERRAZ,PATRIOTA,Deputado Estadual,8,2022
0379,51007,CLAUDIO SEBASTIÃO AGUIAR,PATRIOTA,Deputado Estadual,0,2022
0379,51008,EDMILSON ALVES DA SILVA,PATRIOTA,Deputado Estadual,0,2022
0379,51009,RODRIGO SALOMÃO JUNQUEIRA,PATRIOTA,Deputado Estadual,0,2022
0379,51010,OSVALDO DA SILVA LOBEIRO MACHADO,PATRIOTA,Deputado Estadual,7,2022
0379,51011,INES REGINA SCISCI MACIEL,PATRIOTA,Deputado Estadual,17,2022
0379,51013,MÁRCIA DE FÁTIMA MORAIS,PATRIOTA,Deputado Estadual,10,2022
0379,51017,GETULIO ALEGRE DOS SANTOS,PATRIOTA,Deputado Estadual,0,2022
0379,51020,WALDENIR CHAGA FILHO,PATRIOTA,Deputado Estadual,0,2022
0379,51022,MARISTELA TRINDADE,PATRIOTA,Deputado Estadual,1,2022
0379,51023,FABIANA APARECIDA BRITO ERNANE,PATRIOTA,Deputado Estadual,60,2022
0379,51033,DEOCLÉCIO KAWAHATA PLACCO,PATRIOTA,Deputado Estadual,2,2022
0379,51050,CARLOS ROBERTO TOLEDO,PATRIOTA,Deputado Estadual,32,2022
0379,51051,EVERTON LUIZ FERNANDES SODARIO RAIMUNDO,PATRIOTA,Deputado Estadual,49,2022
0379,51070,SÔNIA DAS GRAÇAS RIBEIRO SILVEIRA,PATRIOTA,Deputado Estadual,0,2022
0379,51100,BRIAN VANDERSON FERREIRA LEME,PATRIOTA,Deputado Estadual,1,2022
0379,51101,SÔNIA MARIA FERRAZ DE MOURA,PATRIOTA,Deputado Estadual,1,2022
0379,51107,JOSE ALCY PINHEIRO SUBRINHO,PATRIOTA,Deputado Estadual,0,2022
0379,51111,ADEMIR WELLITON DE OLIVEIRA,PATRIOTA,Deputado Estadual,0,2022
0379,51122,RENAN MARINO,PATRIOTA,Deputado Estadual,3,2022
0379,51123,ANDREA SEIXAS,PATRIOTA,Deputado Estadual,1,2022
0379,51132,FRANCISLEY ILDECIR RODRIGUES,PATRIOTA,Deputado Estadual,7,2022
0379,51133,NELSON PEDRO ROJA JUNIOR,PATRIOTA,Deputado Estadual,2,2022
0379,51144,SOLANGE GUAPYASSU,PATRIOTA,Deputado Estadual,0,2022
0379,51150,ODAIR DE MOURA E SILVA,PATRIOTA,Deputado Estadual,2,2022
0379,51151,ROSANE REZENDE LEANDRO,PATRIOTA,Deputado Estadual,0,2022
0379,51155,MARCOS ANDRE DE OLIVEIRA,PATRIOTA,Deputado Estadual,0,2022
0379,51188,RENATA GOUVEA,PATRIOTA,Deputado Estadual,0,2022
0379,51190,RUBENS CLÁUDIO SIQUEIRA NERI,PATRIOTA,Deputado Estadual,5,2022
0379,51200,ALAINE SILVA SOUZA SANTOS,PATRIOTA,Deputado Estadual,1,2022
0379,51210,EQUIMARCILIAS DE SOUZA FREIRE,PATRIOTA,Deputado Estadual,0,2022
0379,51221,SUSANA DAS NEVES,PATRIOTA,Deputado Estadual,3,2022
0379,51222,SANDRA DELMIRO DE LIMA GABRIEL,PATRIOTA,Deputado Estadual,0,2022
0379,51231,MARCIO DE PAULA PINHEIRO,PATRIOTA,Deputado Estadual,1,2022
0379,51233,RONALDO AUGUSTO BRETAS MARZAGÃO JUNIOR,PATRIOTA,Deputado Estadual,1,2022
0379,51234,RICARDO ROCHA DE OLIVEIRA,PATRIOTA,Deputado Estadual,3,2022
0379,51235,FABIO MARTINS BELARMINO,PATRIOTA,Deputado Estadual,0,2022
0379,51236,BRUNO LOPES ROVAI,PATRIOTA,Deputado Estadual,11,2022
0379,51250,JOSE BENTO DE JESUS,PATRIOTA,Deputado Estadual,0,2022
0379,51280,MONIZ JOSE BIELAWSKI RIBEIRO,PATRIOTA,Deputado Estadual,3,2022
0379,51300,ZELINDA DRAGO,PATRIOTA,Deputado Estadual,8,2022
0379,51321,EDUARDO DIAS DE BRITO,PATRIOTA,Deputado Estadual,0,2022
0379,51332,MÁRCIA CRISTINA DA SILVA,PATRIOTA,Deputado Estadual,0,2022
0379,51333,ANA PAULA CARVALHO BEATHALTER,PATRIOTA,Deputado Estadual,2,2022
0379,51349,JOSE ALAOR FERNANDES ROSSI,PATRIOTA,Deputado Estadual,0,2022
0379,51350,ADRIANA NOGUEIRA DO PRADO,PATRIOTA,Deputado Estadual,1,2022
0379,51351,FRANCISCO ANTONIO DA SILVA,PATRIOTA,Deputado Estadual,30,2022
0379,51360,TAILANDIA FERNANDES SOARES PAIXÃO,PATRIOTA,Deputado Estadual,0,2022
0379,51400,MARCIA VALÉRIA JACINTHO AZEVEDO,PATRIOTA,Deputado Estadual,0,2022
0379,51444,RUI ALVES BRUM JUNIOR,PATRIOTA,Deputado Estadual,0,2022
0379,51447,CARLOS ALBERTO FABRINI,PATRIOTA,Deputado Estadual,3,2022
0379,51451,FERNANDO HENRIQUE GOMES DA SILVA,PATRIOTA,Deputado Estadual,0,2022
0379,51455,MARCOS CORDEIRO DE SOUSA CHAVES,PATRIOTA,Deputado Estadual,2,2022
0379,51500,MARIA ALICE FERNANDES MOSTARDINHA,PATRIOTA,Deputado Estadual,0,2022
0379,51510,ROGÉRIO SILVA DE SOUZA,PATRIOTA,Deputado Estadual,0,2022
0379,51511,ARAFETH ALI HUSSEIN NASREDDINE,PATRIOTA,Deputado Estadual,0,2022
0379,51525,FERNANDO FERREIRA DE QUEIROZ,PATRIOTA,Deputado Estadual,0,2022
0379,51533,ALEX SANDRO BENTO FERNANDES,PATRIOTA,Deputado Estadual,0,2022
0379,51545,JORGE DE JESUS OLIVEIRA,PATRIOTA,Deputado Estadual,0,2022
0379,51551,PATRICIA ANDALAFT FREIRE,PATRIOTA,Deputado Estadual,2,2022
0379,51555,ANTONIO CÍCERO FERREIRA DE ARAUJO,PATRIOTA,Deputado Estadual,1,2022
0379,51556,LUIZ CARLOS DO ESPÍRITO SANTO,PATRIOTA,Deputado Estadual,26,2022
0379,51566,ELIANA CRISTINA DA SILVA PASCON,PATRIOTA,Deputado Estadual,0,2022
0379,51600,PEDRO ELES DA SILVA,PATRIOTA,Deputado Estadual,0,2022
0379,51622,DAVI BENEDITO DOS SANTOS,PATRIOTA,Deputado Estadual,0,2022
0379,51666,ANGELA GISELDA RUSSO PUCCIA DE LIMA,PATRIOTA,Deputado Estadual,0,2022
0379,51700,DILSO PANTALEÃO MANZANO,PATRIOTA,Deputado Estadual,0,2022
0379,51773,EMÍLIO CARPANEZ FILHO,PATRIOTA,Deputado Estadual,0,2022
0379,51777,CLEBER BROCH,PATRIOTA,Deputado Estadual,4,2022
0379,51800,EDUARDO APARECIDO ALEIXO,PATRIOTA,Deputado Estadual,0,2022
0379,51880,ERNESTO ANTONIO MATTOS,PATRIOTA,Deputado Estadual,0,2022
0379,51888,PATRÍCIA MAGDA GIRO LOBO BELLI,PATRIOTA,Deputado Estadual,0,2022
0379,51900,JOÃO TEIXEIRA JUNIOR,PATRIOTA,Deputado Estadual,0,2022
0379,51911,MAURÍCIO SOUZA DOS REIS,PATRIOTA,Deputado Estadual,0,2022
0379,51965,EDILEIDE SILVA,PATRIOTA,Deputado Estadual,0,2022
0379,51999,GIRLENIO GOMES DE OLIVEIRA,PATRIOTA,Deputado Estadual,0,2022
0379,55000,ROBERTA MARIA GONÇALVES FRANCESCHI BOTION,PSD,Deputado Estadual,39,2022
0379,55001,ROGÉRIO SILVA PEDRO,PSD,Deputado Estadual,1,2022
0379,55005,MIRTES GONÇALVES QUEIROZ,PSD,Deputado Estadual,0,2022
0379,55007,FLÁVIA REGINA ROMANI,PSD,Deputado Estadual,0,2022
0379,55008,WAGNER SEQUIN,PSD,Deputado Estadual,0,2022
0379,55009,HUMBERTO YUTAKA NAKAMURA,PSD,Deputado Estadual,0,2022
0379,55011,PAULA FONSECA ESTEVES,PSD,Deputado Estadual,0,2022
0379,55015,DECIO MARMIROLLI,PSD,Deputado Estadual,34,2022
0379,55022,ANDRÉ LUIZ PREVIATO KODJAOGLANIAN,PSD,Deputado Estadual,0,2022
0379,55025,CLAUDIA URIAS,PSD,Deputado Estadual,0,2022
0379,55030,AUGUSTO DOS REIS FERREIRA,PSD,Deputado Estadual,11,2022
0379,55033,MARIA CONSTANTINO EMIDIO,PSD,Deputado Estadual,9,2022
0379,55040,MARCELO ALVES DE CARVALHO ALMEIDA,PSD,Deputado Estadual,1,2022
0379,55044,CARLOS EDUARDO UTUARI,PSD,Deputado Estadual,0,2022
0379,55050,ALINE NOVAIS,PSD,Deputado Estadual,0,2022
0379,55055,CAROLINE STEINMETZ,PSD,Deputado Estadual,19,2022
0379,55077,LAURA HIROMI KAMIA,PSD,Deputado Estadual,4,2022
0379,55089,MAURO DA SILVA OLIVEIRA,PSD,Deputado Estadual,2,2022
0379,55090,ANTONIO EDUARDO DOS SANTOS,PSD,Deputado Estadual,0,2022
0379,55100,JANDER CAVALCANTI DE LIRA,PSD,Deputado Estadual,1,2022
0379,55101,FRANCISCO DA COSTA NETO,PSD,Deputado Estadual,10,2022
0379,55111,CICERO JOÃO DA SILVA,PSD,Deputado Estadual,6,2022
0379,55116,TEREZINHA DE AQUINO,PSD,Deputado Estadual,0,2022
0379,55121,ANTÔNIO EMÍDIO DE MORAIS,PSD,Deputado Estadual,1,2022
0379,55122,ANTONIO DE SOUSA RAMALHO,PSD,Deputado Estadual,3,2022
0379,55123,RAFAEL ANTONIO DA SILVA,PSD,Deputado Estadual,22,2022
0379,55135,JULIANA SOARES DE PAULA,PSD,Deputado Estadual,0,2022
0379,55177,VERA LUCIA MENDES DA SILVA,PSD,Deputado Estadual,0,2022
0379,55190,SÉRGIO DE MOURA CAVALCANTI,PSD,Deputado Estadual,132,2022
0379,55191,EDSON GOMES DA ROCHA,PSD,Deputado Estadual,1,2022
0379,55195,EDIVALDO BENÍCIO,PSD,Deputado Estadual,2,2022
0379,55200,JOSÉ GARRIS DEL VALLE,PSD,Deputado Estadual,2,2022
0379,55212,CAROLINA ANGELELLI,PSD,Deputado Estadual,0,2022
0379,55222,RAUL VICENTINI,PSD,Deputado Estadual,10,2022
0379,55234,CHUKWUEMEKA UJOR,PSD,Deputado Estadual,0,2022
0379,55240,PRISCILA BRUNETTO DE ARAUJO,PSD,Deputado Estadual,3,2022
0379,55250,JOSIAS JOSE DO NASCIMENTO,PSD,Deputado Estadual,0,2022
0379,55255,CARLOS ANTONIO VILELA,PSD,Deputado Estadual,0,2022
0379,55300,VALÉRIA APARECIDA COSTA TORRES,PSD,Deputado Estadual,250,2022
0379,55331,EDINALVA NUNES DE JESUS,PSD,Deputado Estadual,0,2022
0379,55333,ROMILDO VIRGÍNIO DOS SANTOS,PSD,Deputado Estadual,0,2022
0379,55355,IRENILDE APARECIDA JULIANI DA SILVA,PSD,Deputado Estadual,0,2022
0379,55400,MARTA MARIA FREIRE DA COSTA,PSD,Deputado Estadual,2026,2022
0379,55450,NEIMAR DE ALMEIDA ORTIZ,PSD,Deputado Estadual,0,2022
0379,55455,JOSÉ CARLOS TREVENZOLLI FILHO,PSD,Deputado Estadual,2,2022
0379,55456,EFANEU NOLASCO GODINHO,PSD,Deputado Estadual,3,2022
0379,55505,PATRICIA APARECIDA ROSSI,PSD,Deputado Estadual,0,2022
0379,55511,ANDRE PEREIRA DE MEDEIROS,PSD,Deputado Estadual,0,2022
0379,55522,CLAUDIO CESAR SILVA APOLINARIO,PSD,Deputado Estadual,7,2022
0379,55523,LUIS ANTONIO PANONE,PSD,Deputado Estadual,0,2022
0379,55534,JOSÉ CARLOS ROSSI,PSD,Deputado Estadual,0,2022
0379,55550,RENATO SABINO COLOMBANO,PSD,Deputado Estadual,1,2022
0379,55555,HELIO BRESSAN,PSD,Deputado Estadual,39,2022
0379,55599,LUIS TADEO GIMENES,PSD,Deputado Estadual,0,2022
0379,55600,LUIZ FERNANDO PIVA CRUZ,PSD,Deputado Estadual,5,2022
0379,55654,JUVENIL DE ALMEIDA SILVERIO,PSD,Deputado Estadual,6,2022
0379,55655,ARTUR CASSEB ORSI,PSD,Deputado Estadual,1762,2022
0379,55678,RAIMUNDO FERNANDES DE PAIVA,PSD,Deputado Estadual,0,2022
0379,55699,PAULO ALVES CORRÊA JUNIOR,PSD,Deputado Estadual,6,2022
0379,55700,ANDRÉA PAROLIN PAVANI PERINOTI,PSD,Deputado Estadual,2,2022
0379,55755,FERNANDO LUCCHESI ANTUNES DE OLIVEIRA,PSD,Deputado Estadual,0,2022
0379,55777,OSEIAS SANTOS DA SILVA,PSD,Deputado Estadual,323,2022
0379,55789,NÚBIA CRISTINA SILVÉRIO,PSD,Deputado Estadual,0,2022
0379,55790,ALEXANDRO DE ARAÚJO,PSD,Deputado Estadual,2,2022
0379,55800,LUCIANO RODRIGUES DE AQUINO,PSD,Deputado Estadual,0,2022
0379,55844,JOSE CARLOS ADAO,PSD,Deputado Estadual,2,2022
0379,55855,VANILDA APARECIDA PEREIRA DA SILVA,PSD,Deputado Estadual,0,2022
0379,55888,SÔNIA REGINA RODRIGUES MÓDENA,PSD,Deputado Estadual,12,2022
0379,55999,SILVIA ELIANA PALMA,PSD,Deputado Estadual,3,2022
0379,65000,EWERTON DA SILVA CARVALHO,PC do B,Deputado Estadual,77,2022
0379,65010,MARCOS JESUS DOS SANTOS,PC do B,Deputado Estadual,6,2022
0379,65012,GERSON BARBOSA DE SOUSA,PC do B,Deputado Estadual,0,2022
0379,65013,ROZANA FONSECA BARROSO DA SILVA,PC do B,Deputado Estadual,19,2022
0379,65035,LECI BRANDÃO DA SILVA,PC do B,Deputado Estadual,416,2022
0379,65123,PEDRO ANTONIO BIGARDI,PC do B,Deputado Estadual,1,2022
0379,65180,CARINA VITRAL COSTA,PC do B,Deputado Estadual,21,2022
0379,65300,MARIANA NUNES DE MOURA SOUZA,PC do B,Deputado Estadual,27,2022
0379,65333,RODRIGO FIRMINO ROMÃO,PC do B,Deputado Estadual,0,2022
0379,65400,KEILA PEREIRA FRANCISCO,PC do B,Deputado Estadual,0,2022
0379,65555,WAGNER CIPRIANO ARAUJO,PC do B,Deputado Estadual,26,2022
0379,65656,MARCIA REGINA QUINTANILHA,PC do B,Deputado Estadual,494,2022
0379,65658,FRANCISCA PEREIRA DA ROCHA SEIXAS,PC do B,Deputado Estadual,1,2022
0379,65777,SAMUEL EUZÉBIO DE OLIVEIRA,PC do B,Deputado Estadual,0,2022
0379,65789,RENÉ VICENTE DOS SANTOS,PC do B,Deputado Estadual,0,2022
0379,70000,DAVI PIRES BATISTA,AVANTE,Deputado Estadual,0,2022
0379,70001,JEAN CARLOS HERZOGENRATH DE BRITO,AVANTE,Deputado Estadual,0,2022
0379,70003,DONATO DOS SANTOS SILVA,AVANTE,Deputado Estadual,0,2022
0379,70005,VANIA MAIA DOS REIS,AVANTE,Deputado Estadual,0,2022
0379,70007,LEANDRO VIEIRA DE LIMA,AVANTE,Deputado Estadual,0,2022
0379,70008,CARLOS EDUARDO PLACUCCI,AVANTE,Deputado Estadual,0,2022
0379,70010,FRANCISCA QUELINDEJARA VASCONCELOS SOBIESKI,AVANTE,Deputado Estadual,0,2022
0379,70012,CARLOS ALBERTO DA FONSECA,AVANTE,Deputado Estadual,0,2022
0379,70013,MICHELE NOVAES CANDIDO,AVANTE,Deputado Estadual,0,2022
0379,70014,WILLAMS FERNANDES DA SILVA,AVANTE,Deputado Estadual,0,2022
0379,70016,RAPHAEL GOZUEN CAMARGO,AVANTE,Deputado Estadual,0,2022
0379,70017,ELIETE DE MIRANDA MACHADO,AVANTE,Deputado Estadual,0,2022
0379,70020,NELSON MERRWELVELSON FERREIRA E SOUZA,AVANTE,Deputado Estadual,0,2022
0379,70021,GERALDO FERREIRA COSTA FILHO,AVANTE,Deputado Estadual,0,2022
0379,70022,ISRAEL BEZERRA DA SILVA,AVANTE,Deputado Estadual,0,2022
0379,70029,LOREDANA NOCITO SALAMONE,AVANTE,Deputado Estadual,0,2022
0379,70033,FRANCISCA ROSANA MONTANHER,AVANTE,Deputado Estadual,0,2022
0379,70040,PASCOAL DOS SANTOS LIMA,AVANTE,Deputado Estadual,0,2022
0379,70050,JURANDIR FERREIRA SILVA,AVANTE,Deputado Estadual,0,2022
0379,70070,WALDECK RODRIGUES DE MORAES,AVANTE,Deputado Estadual,0,2022
0379,70077,LUCIANO COSTA OLIVAN,AVANTE,Deputado Estadual,0,2022
0379,70088,KELLY VESCO MOZZONE,AVANTE,Deputado Estadual,0,2022
0379,70090,MARIA JULIANA PATRÍCIA DA COSTA,AVANTE,Deputado Estadual,0,2022
0379,70100,VALDENOR DE JESUS GONÇALVES FONSECA,AVANTE,Deputado Estadual,0,2022
0379,70110,NADIA AGUIAR SILVA LIMA,AVANTE,Deputado Estadual,0,2022
0379,70111,LUCIANO ZACCHIA DE ARAUJO,AVANTE,Deputado Estadual,0,2022
0379,70113,MARIA DAS MERCES CANDIDA DE ARAUJO,AVANTE,Deputado Estadual,0,2022
0379,70120,FABIO FEREZINI,AVANTE,Deputado Estadual,0,2022
0379,70123,MÁRCIO ROGÉRIO DIAS,AVANTE,Deputado Estadual,0,2022
0379,70127,MARCOS TIAGO DOS SANTOS NUNES,AVANTE,Deputado Estadual,0,2022
0379,70130,TANIA DAS NEVES BELO,AVANTE,Deputado Estadual,0,2022
0379,70140,ANTONIO CARLOS DE CAMPOS MACHADO,AVANTE,Deputado Estadual,0,2022
0379,70141,ZENIA PEREIRA DE ANDRADE SOUSA,AVANTE,Deputado Estadual,0,2022
0379,70142,TIRSO DOS SANTOS JUNIOR,AVANTE,Deputado Estadual,0,2022
0379,70145,PAULA CRISTINA LOURENÇO,AVANTE,Deputado Estadual,0,2022
0379,70150,MARCELO AUGUSTO MARTINS COUBASSIER,AVANTE,Deputado Estadual,0,2022
0379,70156,JOSANGELA SILVEIRA MELO,AVANTE,Deputado Estadual,0,2022
0379,70160,ROQUE BARBIERE,AVANTE,Deputado Estadual,0,2022
0379,70170,LUIZ DE SOUSA CHAGAS,AVANTE,Deputado Estadual,0,2022
0379,70177,RITA DE CASSIA RAMOS ORIGUELLA,AVANTE,Deputado Estadual,0,2022
0379,70180,SANDRA DAMASCENO NUNES DE MIRANDA,AVANTE,Deputado Estadual,0,2022
0379,70190,KARINA CARLA DA SILVA,AVANTE,Deputado Estadual,0,2022
0379,70192,WILSON DOS SANTOS JÚNIOR,AVANTE,Deputado Estadual,0,2022
0379,70200,FRANCISCO MARCOS IRAN AQUINO ROLIM,AVANTE,Deputado Estadual,0,2022
0379,70202,SERGIO RAMOS ROBERTO,AVANTE,Deputado Estadual,0,2022
0379,70222,SERGIO UZUM JUNIOR,AVANTE,Deputado Estadual,0,2022
0379,70233,BOAVENTURA PEREIRA SANTOS,AVANTE,Deputado Estadual,0,2022
0379,70234,JUSSIMARA NUNES DE JESUS,AVANTE,Deputado Estadual,0,2022
0379,70270,DAVID CRISTIAN DE OLIVEIRA,AVANTE,Deputado Estadual,0,2022
0379,70300,MATIAS GERALDO MUNIZ,AVANTE,Deputado Estadual,0,2022
0379,70313,GILMAR BORGES DE ALMEIDA,AVANTE,Deputado Estadual,0,2022
0379,70321,JOSÉ AMARO DA SILVA,AVANTE,Deputado Estadual,0,2022
0379,70333,MÁRIO COROCHEL NETO,AVANTE,Deputado Estadual,0,2022
0379,70345,ADRIANA SOUZA DOS SANTOS PEREIRA,AVANTE,Deputado Estadual,0,2022
0379,70369,PEDRO ADERSON FURTADO SOARES,AVANTE,Deputado Estadual,0,2022
0379,70400,JOÃO VANE CAVALCANTI REIS,AVANTE,Deputado Estadual,0,2022
0379,70440,JONEIDE GOMES LOPES,AVANTE,Deputado Estadual,0,2022
0379,70444,OZÉIAS BATISTA DOS SANTOS,AVANTE,Deputado Estadual,0,2022
0379,70456,LUZIA MARIA VIDICA CÂNDIDO,AVANTE,Deputado Estadual,0,2022
0379,70470,WALNEY ARAUJO DA SILVEIRA,AVANTE,Deputado Estadual,0,2022
0379,70555,RENATA APARECIDA MORAIS DE VASCONCELOS,AVANTE,Deputado Estadual,0,2022
0379,70567,ADONAI DOS SANTOS SOARES JÚNIOR,AVANTE,Deputado Estadual,0,2022
0379,70570,PAULO SÉRGIO SILVESTRE,AVANTE,Deputado Estadual,0,2022
0379,70600,ALEXANDRE CHICHURRA,AVANTE,Deputado Estadual,0,2022
0379,70677,ROGÉRIO MACIEL MONTEIRO JUNIOR,AVANTE,Deputado Estadual,0,2022
0379,70700,MORGANA SIQUEIRA,AVANTE,Deputado Estadual,0,2022
0379,70707,LUCINEIA DOS SANTOS,AVANTE,Deputado Estadual,0,2022
0379,70709,JORGE SAMPAIO DA SILVA,AVANTE,Deputado Estadual,0,2022
0379,70717,LUCIANA VEIGA DE PAULA,AVANTE,Deputado Estadual,0,2022
0379,70730,LAELSON DA PAZ DE OLIVEIRA,AVANTE,Deputado Estadual,0,2022
0379,70740,ALINE FELIPE SOARES CARVALHO,AVANTE,Deputado Estadual,0,2022
0379,70770,ANTONIO GILBERTO DA SILVA,AVANTE,Deputado Estadual,0,2022
0379,70775,ANTONIO CONSTANTINO OLIVEIRA,AVANTE,Deputado Estadual,0,2022
0379,70777,WALTER CAVEANHA,AVANTE,Deputado Estadual,0,2022
0379,70778,JOSENILDO JOSE DE OLIVEIRA,AVANTE,Deputado Estadual,0,2022
0379,70789,PAULO CALADO FARIAS,AVANTE,Deputado Estadual,0,2022
0379,70800,DONIZETE NATAL PONTES,AVANTE,Deputado Estadual,0,2022
0379,70840,LUIZ ANTONIO CIRINO,AVANTE,Deputado Estadual,0,2022
0379,70888,OSWALDO LUIZ RODRIGUES DE OLIVEIRA,AVANTE,Deputado Estadual,0,2022
0379,70900,JORGE DURAN GONÇALEZ,AVANTE,Deputado Estadual,0,2022
0379,70930,NILSON DE OLIVEIRA VALIM,AVANTE,Deputado Estadual,0,2022
0379,70940,RICARDO DIAS,AVANTE,Deputado Estadual,0,2022
0379,70950,SERGIO WAGNER LOCATELLI,AVANTE,Deputado Estadual,0,2022
0379,70960,SILVIA DOS REIS,AVANTE,Deputado Estadual,0,2022
0379,70970,KARINA CRISTINA DE OLIVEIRA SILVA SOARES,AVANTE,Deputado Estadual,0,2022
0379,70977,JOSÉ LUIZ DE LIMA,AVANTE,Deputado Estadual,0,2022
0379,70987,EDNEI APARECIDO VALENCIO,AVANTE,Deputado Estadual,0,2022
0379,70988,ROBSON CRISTIANO DE SOUZA,AVANTE,Deputado Estadual,0,2022
0379,70990,ELAINE CRISTINA RODRIGUES,AVANTE,Deputado Estadual,0,2022
0379,70999,HANGELBRT PIRES SOARES,AVANTE,Deputado Estadual,0,2022
0379,77000,ÁTILA CESAR MONTEIRO JACOMUSSI,SOLIDARIEDADE,Deputado Estadual,5,2022
0379,77001,DAVID DOS REIS RODRIGUES SABACIANSKIS,SOLIDARIEDADE,Deputado Estadual,0,2022
0379,77002,VALDINEIA MEIRA MOTA,SOLIDARIEDADE,Deputado Estadual,5,2022
0379,77003,CRISTIANO ALEXANDRE DA SILVA,SOLIDARIEDADE,Deputado Estadual,0,2022
0379,77007,RICARDO DE SOUZA GENOVEZ,SOLIDARIEDADE,Deputado Estadual,2,2022
0379,77008,PAULO MACHADO DA SILVA,SOLIDARIEDADE,Deputado Estadual,0,2022
0379,77010,JONES DONIZETTE SOBRINHO,SOLIDARIEDADE,Deputado Estadual,6,2022
0379,77040,ADILSON DE SOUZA ROCHA,SOLIDARIEDADE,Deputado Estadual,335,2022
0379,77048,ADENILDES ALVES ROCHA,SOLIDARIEDADE,Deputado Estadual,0,2022
0379,77055,FABIANO RUEDA AMORIM,SOLIDARIEDADE,Deputado Estadual,0,2022
0379,77059,ELLEN CRISTINA DE MORAES,SOLIDARIEDADE,Deputado Estadual,0,2022
0379,77073,ALEXANDRA DOS SANTOS MOTA,SOLIDARIEDADE,Deputado Estadual,4,2022
0379,77077,VALDOMIRO NUNES DE QUEIROZ,SOLIDARIEDADE,Deputado Estadual,1,2022
0379,77088,CAIO ALEXANDRE RAMOS FORCEL,SOLIDARIEDADE,Deputado Estadual,1,2022
0379,77111,ELI CORREIA DE MELO,SOLIDARIEDADE,Deputado Estadual,0,2022
0379,77123,VANDERLEY CAVALCANTE DA SILVA,SOLIDARIEDADE,Deputado Estadual,2,2022
0379,77126,ALAN EDUARDO DE PAULA,SOLIDARIEDADE,Deputado Estadual,0,2022
0379,77134,MARIA GORETE DA SILVA,SOLIDARIEDADE,Deputado Estadual,0,2022
0379,77147,GEORGES HABIB JARROUGE,SOLIDARIEDADE,Deputado Estadual,1,2022
0379,77154,FLORISA BATISTA DE ALMEIDA,SOLIDARIEDADE,Deputado Estadual,0,2022
0379,77156,GERALDO NUNES REIS,SOLIDARIEDADE,Deputado Estadual,0,2022
0379,77177,EDSON MUNIS,SOLIDARIEDADE,Deputado Estadual,1,2022
0379,77192,AGNALDO PISCOPO,SOLIDARIEDADE,Deputado Estadual,11,2022
0379,77200,MARISSOL APARECIDA DA SILVA BARROS,SOLIDARIEDADE,Deputado Estadual,0,2022
0379,77215,DEBORA MEIKO IKEJIRI,SOLIDARIEDADE,Deputado Estadual,0,2022
0379,77222,LUCIANO BATISTA,SOLIDARIEDADE,Deputado Estadual,0,2022
0379,77234,JOSE MARIA FELIX,SOLIDARIEDADE,Deputado Estadual,0,2022
0379,77241,MARIA DE LOURDES DO NASCIMENTO NUNES,SOLIDARIEDADE,Deputado Estadual,0,2022
0379,77250,BRIGIDA CAIRES DINARDI,SOLIDARIEDADE,Deputado Estadual,0,2022
0379,77300,GLACIMERE BRITTO DE OLIVEIRA PIMENTA,SOLIDARIEDADE,Deputado Estadual,0,2022
0379,77332,VALDIR SOARES DE ALBUQUERQUE,SOLIDARIEDADE,Deputado Estadual,0,2022
0379,77345,WILLIAM CLEMENTE CORREA,SOLIDARIEDADE,Deputado Estadual,0,2022
0379,77400,LUIZ CARLOS DE MORAES,SOLIDARIEDADE,Deputado Estadual,1,2022
0379,77444,EDSON NASCIMENTO DE OLIVEIRA,SOLIDARIEDADE,Deputado Estadual,0,2022
0379,77458,ANDERSON MARTINS SALGADO,SOLIDARIEDADE,Deputado Estadual,0,2022
0379,77510,ANTONIO ALBERTO DOS REIS,SOLIDARIEDADE,Deputado Estadual,0,2022
0379,77513,JOSÉ ALVIM FILHO,SOLIDARIEDADE,Deputado Estadual,0,2022
0379,77550,BRUNO LUCIANO MEIRA MARTINS,SOLIDARIEDADE,Deputado Estadual,0,2022
0379,77555,MARCELO GOUVEIA NASCIMENTO,SOLIDARIEDADE,Deputado Estadual,3,2022
0379,77566,JAMIL AKIO ONO,SOLIDARIEDADE,Deputado Estadual,10,2022
0379,77567,LAERTE VANDERLEY CORNELIO,SOLIDARIEDADE,Deputado Estadual,0,2022
0379,77577,LUCIMARA SILVEIRA MANHA,SOLIDARIEDADE,Deputado Estadual,0,2022
0379,77600,VALDIR DE ALVARENGA,SOLIDARIEDADE,Deputado Estadual,0,2022
0379,77654,ROBSON ALEXANDRE DE OLIVEIRA,SOLIDARIEDADE,Deputado Estadual,0,2022
0379,77677,VALQUIRO MARTINS BOMFIM,SOLIDARIEDADE,Deputado Estadual,0,2022
0379,77678,ISRAEL SAMPAIO DE LACERDA FILHO,SOLIDARIEDADE,Deputado Estadual,0,2022
0379,77700,LUCAS DE OLIVEIRA,SOLIDARIEDADE,Deputado Estadual,1,2022
0379,77707,ALESSANDRA JULIO PAES,SOLIDARIEDADE,Deputado Estadual,1,2022
0379,77710,RENATA TEODORO DA FONSECA,SOLIDARIEDADE,Deputado Estadual,0,2022
0379,77715,LUIZ CARLOS MAGESTO,SOLIDARIEDADE,Deputado Estadual,0,2022
0379,77724,ANDREIA MARQUETE PASSOS,SOLIDARIEDADE,Deputado Estadual,0,2022
0379,77737,NEZINHO GONÇALVES NUNES,SOLIDARIEDADE,Deputado Estadual,1,2022
0379,77744,EDUARDO SILVA NICOLAU DE SOUZA,SOLIDARIEDADE,Deputado Estadual,0,2022
0379,77747,MAURA DA SILVA BUENO SANTOS,SOLIDARIEDADE,Deputado Estadual,0,2022
0379,77757,JORGE JERONIMO TEIXEIRA DOS SANTOS,SOLIDARIEDADE,Deputado Estadual,1,2022
0379,77770,REGINA DE MATOS COELHO NOGUEIRA,SOLIDARIEDADE,Deputado Estadual,0,2022
0379,77771,TELMA MARIA CARDIA,SOLIDARIEDADE,Deputado Estadual,52,2022
0379,77772,ANA IMACULADA VALERIO,SOLIDARIEDADE,Deputado Estadual,0,2022
0379,77777,ALEXANDRE PEREIRA DA SILVA,SOLIDARIEDADE,Deputado Estadual,54,2022
0379,77787,SÉTIMA MARIA VIEIRA DE ARAUJO,SOLIDARIEDADE,Deputado Estadual,0,2022
0379,77788,HERY WALDIR KATTWINKEL JUNIOR,SOLIDARIEDADE,Deputado Estadual,6,2022
0379,77789,RUBENS DE SOUZA,SOLIDARIEDADE,Deputado Estadual,1,2022
0379,77800,ADENILTON FERREIRA DA SILVA,SOLIDARIEDADE,Deputado Estadual,0,2022
0379,77808,MICHELLE SCOASSADO,SOLIDARIEDADE,Deputado Estadual,0,2022
0379,77880,MARIA NILVA SEVERINO GONÇALVES,SOLIDARIEDADE,Deputado Estadual,0,2022
0379,77888,CARLOS AUGUSTO DOS SANTOS,SOLIDARIEDADE,Deputado Estadual,61,2022
0379,77890,THIAGO FERREIRA ZANI,SOLIDARIEDADE,Deputado Estadual,0,2022
0379,77970,RAIMUNDO LUSTOZA LUCAS,SOLIDARIEDADE,Deputado Estadual,1,2022
0379,77997,MOISES JULIANO MONTIEL,SOLIDARIEDADE,Deputado Estadual,0,2022
0379,77999,LUCIANO APARECIDO MORENO,SOLIDARIEDADE,Deputado Estadual,0,2022
0379,80000,LIGIA MENDES DA SILVA,UP,Deputado Estadual,59,2022
0379,80080,JOÃO GABRIEL COELHO,UP,Deputado Estadual,1,2022
0379,80123,AMANDA OLIVEIRA BISPO,UP,Deputado Estadual,50,2022
0379,90000,NEZIO ANTONIO MONTEIRO FILHO,PROS,Deputado Estadual,0,2022
0379,90005,WELLISSON WESLEY CANDIDO PEIXOTO,PROS,Deputado Estadual,0,2022
0379,90007,ARJUNA DE HUR FRAGA DE ASSUNÇÃO,PROS,Deputado Estadual,0,2022
0379,90009,JOSE CARLOS RICARDO,PROS,Deputado Estadual,0,2022
0379,90011,LUIZ AUGUSTO ROMANI DE OLIVEIRA,PROS,Deputado Estadual,0,2022
0379,90013,ERISVALDO DE SOUSA AGUIAR,PROS,Deputado Estadual,0,2022
0379,90014,ÁKILA SEVERO DE AZEVEDO,PROS,Deputado Estadual,0,2022
0379,90020,EDUARDO JOAQUIM DE OLIVEIRA,PROS,Deputado Estadual,0,2022
0379,90022,CHRISTINA MASSIS DELLA TORRE LEMES,PROS,Deputado Estadual,0,2022
0379,90025,MICHEL CAETANO DE ALBUQUERQUE,PROS,Deputado Estadual,0,2022
0379,90033,MARIA DA GLORIA IBARRA DOS REIS,PROS,Deputado Estadual,0,2022
0379,90050,EDSON MORO JUNIOR,PROS,Deputado Estadual,0,2022
0379,90090,NESTOR FERREIRA DOS SANTOS,PROS,Deputado Estadual,0,2022
0379,90100,CARLOS ALBERTO DE ZAGOTTIS SAAD,PROS,Deputado Estadual,0,2022
0379,90111,ANILTON HERCULINO DOS SANTOS,PROS,Deputado Estadual,0,2022
0379,90123,ALEXANDRE EUGENIO BATISTA,PROS,Deputado Estadual,0,2022
0379,90160,MARJORIE HOSANA CAMARGO MONTEIRO,PROS,Deputado Estadual,0,2022
0379,90192,MARILUCI FELICIANO DE OLIVEIRA GUEDES,PROS,Deputado Estadual,0,2022
0379,90193,IVANISE MARIA DE SOUSA GIAMPAGLIA,PROS,Deputado Estadual,0,2022
0379,90198,LEANDRO CALDAS DE CASTRO,PROS,Deputado Estadual,0,2022
0379,90199,CARLOS AUGUSTO PEREIRA COSTA,PROS,Deputado Estadual,0,2022
0379,90200,OSVALDY MARTINS,PROS,Deputado Estadual,0,2022
0379,90202,ENZO LEONARDO SUZIN MOMENTI,PROS,Deputado Estadual,0,2022
0379,90222,IRANILDO DANTAS,PROS,Deputado Estadual,0,2022
0379,90258,CELSO RICARDO DE MOURA,PROS,Deputado Estadual,0,2022
0379,90300,ARLINDO DE OLIVEIRA CAMARGO,PROS,Deputado Estadual,0,2022
0379,90318,WAGNER IRINEU DA SILVA,PROS,Deputado Estadual,0,2022
0379,90321,JOSÉ IVANILDO MARINHO PINHEIRO,PROS,Deputado Estadual,0,2022
0379,90334,NEILTON LISBOA DOS SANTOS,PROS,Deputado Estadual,0,2022
0379,90354,LUCAS MARCOLINO CORTEZ DOS SANTOS,PROS,Deputado Estadual,0,2022
0379,90454,GERALDO CARDOSO DE JESUS,PROS,Deputado Estadual,0,2022
0379,90478,AMARINILDA JOSÉ CUSTÓDIO,PROS,Deputado Estadual,0,2022
0379,90480,NEIVA ANTONIA MARTINS MARQUES,PROS,Deputado Estadual,0,2022
0379,90500,JOÃO BOSCO LOURENÇO,PROS,Deputado Estadual,0,2022
0379,90533,LUIS CARLOS MESSIAS,PROS,Deputado Estadual,0,2022
0379,90555,JEFFERSON DE JESUS NOGUEIRA,PROS,Deputado Estadual,0,2022
0379,90557,ANTONIO AGNALDO DOS SANTOS,PROS,Deputado Estadual,0,2022
0379,90567,PÂMELA ZÉLIA PAN TONIOLO,PROS,Deputado Estadual,0,2022
0379,90590,DEBORA CRISTINA DA MOTA,PROS,Deputado Estadual,0,2022
0379,90600,VICTOR GUATELLI CAVALCANTE,PROS,Deputado Estadual,0,2022
0379,90666,EBION PEREIRA DA COSTA,PROS,Deputado Estadual,0,2022
0379,90675,ANTONIO LUCIANO DO ROSARIO BARBOSA,PROS,Deputado Estadual,0,2022
0379,90700,MARCIA CRISTINA DOS SANTOS VENTURINI,PROS,Deputado Estadual,0,2022
0379,90707,RAPHAEL DIAS FERNANDES NETO,PROS,Deputado Estadual,0,2022
0379,90722,PAULO JOSE GONÇALVES,PROS,Deputado Estadual,0,2022
0379,90789,ADÃO DA SILVA,PROS,Deputado Estadual,0,2022
0379,90800,GLORIAMAR JACINTHO,PROS,Deputado Estadual,0,2022
0379,90828,ANNE VITORIA DIAS MOTA,PROS,Deputado Estadual,0,2022
0379,90888,HAMILTON ALVES FERNANDES,PROS,Deputado Estadual,0,2022
0379,90889,WALMIR CHARLEAUX BLANCO ESTEVES,PROS,Deputado Estadual,0,2022
0379,90900,AMANDA LIMA DIAS,PROS,Deputado Estadual,0,2022
0379,90901,VIVIANE DA SILVA FERNANDES DE LIMA,PROS,Deputado Estadual,0,2022
0379,90905,CAROLINA CASSACA NOEL,PROS,Deputado Estadual,0,2022
0379,90912,ELENICE MARIA DE OLIVEIRA,PROS,Deputado Estadual,0,2022
0379,90913,ANETE DÁLIA SEABRA SAMPAIO DE SOUZA,PROS,Deputado Estadual,0,2022
0379,90919,BENJAMIN NOEL,PROS,Deputado Estadual,0,2022
0379,90922,ALEX CANUTO DE SÁ CUNHA,PROS,Deputado Estadual,0,2022
0379,90988,PAULO CAINE DOS SANTOS SILVA,PROS,Deputado Estadual,0,2022
0379,90999,RICARDO PELISSARO LOQUETE,PROS,Deputado Estadual,0,2022
0380,10000,JORGE WILSON GONÇALVES DE MATTOS,REPUBLICANOS,Deputado Estadual,235,2022
0380,10001,RALFI RAFAEL DA SILVA,REPUBLICANOS,Deputado Estadual,4,2022
0380,10003,HELIO GERALDO RAMOS JUNIOR,REPUBLICANOS,Deputado Estadual,1,2022
0380,10007,CLEUSA APARECIDA DOS SANTOS,REPUBLICANOS,Deputado Estadual,1,2022
0380,10010,VANESSA GALLONI CARRERA,REPUBLICANOS,Deputado Estadual,4,2022
0380,10011,SONIA APARECIDA GONÇALVES BELARMINO,REPUBLICANOS,Deputado Estadual,0,2022
0380,10014,VIVIAN MAIRA DA SILVA MARCOS SOARES,REPUBLICANOS,Deputado Estadual,1,2022
0380,10017,DANILO CESAR CAMPETTI,REPUBLICANOS,Deputado Estadual,73,2022
0380,10018,CACILDA SANTOS MAGALHÃES,REPUBLICANOS,Deputado Estadual,1,2022
0380,10020,SILVIO ALESSANDER ENCARNAÇÃO,REPUBLICANOS,Deputado Estadual,2,2022
0380,10022,EDSON ANTONIO DE SOUZA,REPUBLICANOS,Deputado Estadual,5,2022
0380,10030,EDNA MARIA VERTELLO SILVA,REPUBLICANOS,Deputado Estadual,0,2022
0380,10033,ROGERIO PEDROSO DE PADUA JUNIOR,REPUBLICANOS,Deputado Estadual,3,2022
0380,10038,CAIQUE MAFRA BARBOSA,REPUBLICANOS,Deputado Estadual,56,2022
0380,10055,IARA FRANCISCA DOS SANTOS,REPUBLICANOS,Deputado Estadual,14,2022
0380,10060,JORGE LUIS DE SOUZA RODRIGUES,REPUBLICANOS,Deputado Estadual,0,2022
0380,10069,WAGNER BERNARDINO DA SILVA,REPUBLICANOS,Deputado Estadual,2,2022
0380,10070,WALTER PEREIRA FERREIRA,REPUBLICANOS,Deputado Estadual,3,2022
0380,10087,MARCO ROBERTO DA SILVA,REPUBLICANOS,Deputado Estadual,13,2022
0380,10099,LEONICE ALVES DA PAZ,REPUBLICANOS,Deputado Estadual,272,2022
0380,10100,AILDO RODRIGUES FERREIRA,REPUBLICANOS,Deputado Estadual,60,2022
0380,10101,EDISON LOURENÇO RICCOMI,REPUBLICANOS,Deputado Estadual,1,2022
0380,10102,RUBI CRUSE,REPUBLICANOS,Deputado Estadual,15,2022
0380,10107,FABIO DE CAMARGO TELLES,REPUBLICANOS,Deputado Estadual,1,2022
0380,10110,ABELARDO WANDERLINO DA COSTA NETO,REPUBLICANOS,Deputado Estadual,6,2022
0380,10111,RUI ALVES SOUZA JUNIOR,REPUBLICANOS,Deputado Estadual,52,2022
0380,10114,VALDECIR SOUZA DOS SANTOS,REPUBLICANOS,Deputado Estadual,11,2022
0380,10120,MARCO ANTONIO ZANONI BUENO,REPUBLICANOS,Deputado Estadual,34,2022
0380,10122,GILSON DE SOUZA,REPUBLICANOS,Deputado Estadual,10,2022
0380,10123,GILMACI DOS SANTOS BARBOSA,REPUBLICANOS,Deputado Estadual,1101,2022
0380,10125,BRIGIDA PINATTI AMATTE,REPUBLICANOS,Deputado Estadual,0,2022
0380,10147,CLAUDIO ERNANI MARCONDES DE MIRANDA,REPUBLICANOS,Deputado Estadual,12,2022
0380,10170,GENILZA MEDEIROS DE CASTRO,REPUBLICANOS,Deputado Estadual,0,2022
0380,10181,LÔIDE CAMILO SOUZA FIUZA DE CARVALHO,REPUBLICANOS,Deputado Estadual,0,2022
0380,10190,HELENA DOS SANTOS REIS,REPUBLICANOS,Deputado Estadual,15,2022
0380,10192,ELTON CARVALHO PORTO,REPUBLICANOS,Deputado Estadual,0,2022
0380,10193,ADEMAR FRANCISCO MARTINS NETO,REPUBLICANOS,Deputado Estadual,4,2022
0380,10196,MAYRA ROSANNA GAMA DE ARAÚJO SILVA DA COSTA,REPUBLICANOS,Deputado Estadual,28,2022
0380,10200,HIGOR DIEGO RALLA,REPUBLICANOS,Deputado Estadual,1567,2022
0380,10202,CLEMILTON ALVES DA SILVA,REPUBLICANOS,Deputado Estadual,45,2022
0380,10220,MARCO AURELIO MOREIRA ROQUE,REPUBLICANOS,Deputado Estadual,4,2022
0380,10222,ÉLITON SOUSA LEITE,REPUBLICANOS,Deputado Estadual,130,2022
0380,10224,MARIA NILZA FERREIRA ALVES,REPUBLICANOS,Deputado Estadual,0,2022
0380,10234,LUIZ CARLOS DONEGÁ NETO,REPUBLICANOS,Deputado Estadual,2,2022
0380,10255,LUIZ ANTONIO DINIZ DE ALMEIDA,REPUBLICANOS,Deputado Estadual,2,2022
0380,10300,RODRIGO FERNANDO NOVELLI,REPUBLICANOS,Deputado Estadual,0,2022
0380,10310,HUGO DANTAS DA SILVA,REPUBLICANOS,Deputado Estadual,0,2022
0380,10317,ROGERIO MOURA TOMAZ,REPUBLICANOS,Deputado Estadual,0,2022
0380,10318,LILIANE HELENA BARBOSA CHIARELLI,REPUBLICANOS,Deputado Estadual,1,2022
0380,10321,SEBASTIÃO DOS SANTOS FILHO,REPUBLICANOS,Deputado Estadual,8,2022
0380,10322,MAURICIO NOGUEIRA DIAS,REPUBLICANOS,Deputado Estadual,0,2022
0380,10333,ALTAIR MORAES DE OLIVEIRA,REPUBLICANOS,Deputado Estadual,25,2022
0380,10345,ABNER DELUQUI ISIDORO,REPUBLICANOS,Deputado Estadual,1,2022
0380,10360,VAGNER FERNANDES DA SILVA,REPUBLICANOS,Deputado Estadual,0,2022
0380,10369,ANDRE GEORGE NERES DE FARIAS,REPUBLICANOS,Deputado Estadual,2,2022
0380,10400,CHAYNI MELO DA SILVA,REPUBLICANOS,Deputado Estadual,0,2022
0380,10422,THIAGO ANTONIO BRIGANO,REPUBLICANOS,Deputado Estadual,3,2022
0380,10444,EDSON JOSÉ BOMBONATTI,REPUBLICANOS,Deputado Estadual,1,2022
0380,10450,PEDRO LUIZ CONTI MARIOZI,REPUBLICANOS,Deputado Estadual,0,2022
0380,10456,EDNA BEZERRA SAMPAIO FERNANDES,REPUBLICANOS,Deputado Estadual,26,2022
0380,10470,ANA CRISTINA DA SILVA COSTA,REPUBLICANOS,Deputado Estadual,4,2022
0380,10500,DOUGLAS ALBERTO SANTOS,REPUBLICANOS,Deputado Estadual,8,2022
0380,10511,CLAUDIO MASANOBU TERASAKA,REPUBLICANOS,Deputado Estadual,14,2022
0380,10550,TOME ABDUCH,REPUBLICANOS,Deputado Estadual,1283,2022
0380,10555,VITOR ALEXANDRE RODRIGUES,REPUBLICANOS,Deputado Estadual,12,2022
0380,10600,FLEITAS FIDELES MONTEIRO,REPUBLICANOS,Deputado Estadual,8,2022
0380,10605,CLAUDIA SILVIA MACHADO DA SILVA,REPUBLICANOS,Deputado Estadual,3,2022
0380,10611,CARLOS WEVERTON ORTEGA SANCHES,REPUBLICANOS,Deputado Estadual,0,2022
0380,10666,ELIANA ATTINI PALMIERI,REPUBLICANOS,Deputado Estadual,1,2022
0380,10699,AUREA ROCHA,REPUBLICANOS,Deputado Estadual,0,2022
0380,10700,EDSON PIRES SALOMÃO,REPUBLICANOS,Deputado Estadual,60,2022
0380,10722,VASCO DA GAMA JUNIOR,REPUBLICANOS,Deputado Estadual,0,2022
0380,10770,MARIA APARECIDA ROQUE DE OLIVEIRA,REPUBLICANOS,Deputado Estadual,0,2022
0380,10777,MANOEL BARBOSA DO NASCIMENTO,REPUBLICANOS,Deputado Estadual,110,2022
0380,10780,GERLANY FELISMINO DE LIMA ROCHA,REPUBLICANOS,Deputado Estadual,2,2022
0380,10788,SIDNEY NERY DA SILVA,REPUBLICANOS,Deputado Estadual,3,2022
0380,10789,GILMAR SOUZA DOS SANTOS,REPUBLICANOS,Deputado Estadual,1,2022
0380,10800,MARCELO SQUASSONI,REPUBLICANOS,Deputado Estadual,0,2022
0380,10850,SILMARA APARECIDA DOS REIS CIPRIANO,REPUBLICANOS,Deputado Estadual,1,2022
0380,10852,PAULO ELIAS VICENTE,REPUBLICANOS,Deputado Estadual,1,2022
0380,10855,JOSE SILVIO VALDISSERA,REPUBLICANOS,Deputado Estadual,1,2022
0380,10870,DANIEL PLANA BOGALHO,REPUBLICANOS,Deputado Estadual,0,2022
0380,10888,VLAMIR BERNARDES DA SILVA,REPUBLICANOS,Deputado Estadual,0,2022
0380,10900,MARCOS VINÍCIO BILANCIERI,REPUBLICANOS,Deputado Estadual,4,2022
0380,10910,ANTÔNIO CARLOS DA SILVA,REPUBLICANOS,Deputado Estadual,9,2022
0380,10911,PEDRO RODRIGUES DE MIRANDA NETO,REPUBLICANOS,Deputado Estadual,3,2022
0380,10980,PAULO AUGUSTO LEITE MOTOOKA,REPUBLICANOS,Deputado Estadual,3,2022
0380,10987,SARA MARGARETE DE SOUZA SILVA,REPUBLICANOS,Deputado Estadual,0,2022
0380,10990,REJAINE TEREZA DOS SANTOS MARCHESINI,REPUBLICANOS,Deputado Estadual,1,2022
0380,10999,RICARDO MOLINA DIAS,REPUBLICANOS,Deputado Estadual,137,2022
0380,11000,JEFERSON MODESTO SILVA,PP,Deputado Estadual,22,2022
0380,11001,FABIA DA SILVA PORTO,PP,Deputado Estadual,0,2022
0380,11007,DAVID GONÇALVES MOREIRA,PP,Deputado Estadual,0,2022
0380,11012,FERNANDO CESAR RAMOS,PP,Deputado Estadual,0,2022
0380,11018,EVANDRO GONÇALVES PESSOA,PP,Deputado Estadual,1,2022
0380,11019,LUCIVÂNIA PINHEIRO BARBOSA,PP,Deputado Estadual,78,2022
0380,11022,LETICIA AGUIAR RESENDE ALVES,PP,Deputado Estadual,36,2022
0380,11023,FLAVIO AUGUSTO OLMOS,PP,Deputado Estadual,0,2022
0380,11035,VERA APARECIDA ORTEGA DOS SANTOS,PP,Deputado Estadual,0,2022
0380,11040,EVELLYN JULIANA DA SILVA,PP,Deputado Estadual,0,2022
0380,11045,RODRIGO OTÁVIO SANTOS VELLASCO,PP,Deputado Estadual,0,2022
0380,11050,JOÃO ROBERTO DE SIQUEIRA,PP,Deputado Estadual,0,2022
0380,11060,APARECIDO JOVANIR PENA JUNIOR,PP,Deputado Estadual,0,2022
0380,11100,GUILHERME LAZO SOLANO NETO,PP,Deputado Estadual,9,2022
0380,11110,CARLOS EDUARDO RICATTO,PP,Deputado Estadual,65,2022
0380,11111,JOÃO JORGE FADEL FILHO,PP,Deputado Estadual,29,2022
0380,11119,ANDERSON DOS SANTOS,PP,Deputado Estadual,2,2022
0380,11120,DANIEL JOSÉ MILLER DE AZEVEDO,PP,Deputado Estadual,4,2022
0380,11122,WILSON JOAQUIM DA SILVA,PP,Deputado Estadual,1,2022
0380,11123,AUDREY KLEYS CABRAL DE OLIVEIRA DINAU,PP,Deputado Estadual,3,2022
0380,11125,CAIO FIORI DIAS,PP,Deputado Estadual,41,2022
0380,11181,LUIZ ANTONIO GATO,PP,Deputado Estadual,1,2022
0380,11190,RAFAEL HENRIQUE CANO TELHADA,PP,Deputado Estadual,294,2022
0380,11193,WALKER ISAAC DE SOUSA,PP,Deputado Estadual,3,2022
0380,11200,LETÍCIA DA SILVA GUEDES,PP,Deputado Estadual,2,2022
0380,11211,CARLOS ALBERTO BOARINI,PP,Deputado Estadual,1,2022
0380,11212,HELIO JOSÉ DOS SANTOS,PP,Deputado Estadual,10,2022
0380,11222,SAULO DE OLIVEIRA SOUZA,PP,Deputado Estadual,6,2022
0380,11224,PATRICIA ROSSI CICOTOSTE,PP,Deputado Estadual,0,2022
0380,11225,VALÉRIA CLAYTON REZENDE DE LIMA,PP,Deputado Estadual,3,2022
0380,11227,MARIA APARECIDA DE JESUS,PP,Deputado Estadual,1,2022
0380,11234,FLAVIO ROBERTO SALATINO,PP,Deputado Estadual,4,2022
0380,11245,FABIO ROGERIO FAGUNDES,PP,Deputado Estadual,1,2022
0380,11258,MÁRCIO APARECIDO MARTINS,PP,Deputado Estadual,0,2022
0380,11300,JOSÉ FRANCISCO GALDINO DE CARVALHO,PP,Deputado Estadual,2,2022
0380,11321,ELISANGELA ALCANTARA DA SILVA GONZALEZ,PP,Deputado Estadual,1,2022
0380,11333,JOSE MENDES DE SOUZA NETO BOTA,PP,Deputado Estadual,29,2022
0380,11334,RODRIGO DE PAULA RUIS,PP,Deputado Estadual,15,2022
0380,11345,MITUO TAKAHASI,PP,Deputado Estadual,0,2022
0380,11350,IZABEL CRISTINA DA SILVA ANDRE,PP,Deputado Estadual,1,2022
0380,11377,MARIA DE FÁTIMA SILVA,PP,Deputado Estadual,1,2022
0380,11400,PAULO ROBERTO CASSIOLATO FILHO,PP,Deputado Estadual,0,2022
0380,11444,TIAGO BAUAB BEDANI,PP,Deputado Estadual,12,2022
0380,11445,ARNALDO JOSE MARÍA CANCELA,PP,Deputado Estadual,2,2022
0380,11456,LUCAS DE ASSIS COSTA,PP,Deputado Estadual,0,2022
0380,11470,LEANDRO DE JESUS,PP,Deputado Estadual,0,2022
0380,11490,ELOIZA PEREIRA CORREIA,PP,Deputado Estadual,0,2022
0380,11511,EDSON RODRIGUES CARDOSO,PP,Deputado Estadual,10,2022
0380,11550,LYGIA APARECIDA FAZIO DE OLIVEIRA,PP,Deputado Estadual,0,2022
0380,11555,EZEQUIEL DE SOUZA DAMASCENO,PP,Deputado Estadual,1,2022
0380,11560,LINDINALVA ZEFERINO DE AZEVEDO,PP,Deputado Estadual,0,2022
0380,11567,HENRIQUE GOMES DE LIMA,PP,Deputado Estadual,24,2022
0380,11571,WELLINGTON WILLIAN DO NASCIMENTO SALES,PP,Deputado Estadual,0,2022
0380,11600,MARCIA APARECIDA TASCHETTI,PP,Deputado Estadual,0,2022
0380,11611,ADRIANA APARECIDA FELIX,PP,Deputado Estadual,5,2022
0380,11650,LUCIAUREA CORREIA DOS SANTOS,PP,Deputado Estadual,0,2022
0380,11660,RENATO DE OLIVEIRA ZUCOLOTO,PP,Deputado Estadual,1,2022
0380,11680,MARCELO LEANDRO BRAGA PALINI,PP,Deputado Estadual,0,2022
0380,11700,MARCELO RIBEIRO COSTA,PP,Deputado Estadual,1,2022
0380,11777,ANTONIO ASSUNÇÃO DE OLIM,PP,Deputado Estadual,549,2022
0380,11800,FERNANDO SIQUEIRA MUNIZ,PP,Deputado Estadual,2,2022
0380,11877,EDUARDO OLIVEIRA DE ARAUJO,PP,Deputado Estadual,1,2022
0380,11888,DANIELA DE OLIVEIRA SOUZA SOUTO,PP,Deputado Estadual,4,2022
0380,11890,ALBERTO SABINO DE OLIVEIRA,PP,Deputado Estadual,0,2022
0380,11900,KLEBER FERREIRA MARUXO,PP,Deputado Estadual,2,2022
0380,11911,EDYMAR BUENO,PP,Deputado Estadual,0,2022
0380,11972,BENEDITO TORRES BARRETO,PP,Deputado Estadual,0,2022
0380,11999,WAGNER RODRIGUES,PP,Deputado Estadual,1,2022
0380,12000,VICTOR HENRIQUE MARQUES,PDT,Deputado Estadual,24,2022
0380,12001,SOLANGE MARIA TEODORO,PDT,Deputado Estadual,0,2022
0380,12002,EDINEIA PRADO DA COSTA,PDT,Deputado Estadual,0,2022
0380,12003,MARCO ANTONIO ALVES JORGE,PDT,Deputado Estadual,5,2022
0380,12007,CLAUDIO JOSÉ DE OLIVEIRA GONÇALVES,PDT,Deputado Estadual,4,2022
0380,12008,PATRYCIA FACIOLO DOS SANTOS,PDT,Deputado Estadual,0,2022
0380,12012,DANIELA APARECIDA RODRIGUEIRO,PDT,Deputado Estadual,6,2022
0380,12013,DANIELLE MARINHO RABELO,PDT,Deputado Estadual,5,2022
0380,12014,JEFFERSON RODRIGO GOMES DA SILVA,PDT,Deputado Estadual,0,2022
0380,12016,MARIA EUGENIA UGUCIONE BIFFI,PDT,Deputado Estadual,0,2022
0380,12021,SANDRA NAVAJAS,PDT,Deputado Estadual,0,2022
0380,12022,GABRIEL COSTA PLACCE,PDT,Deputado Estadual,1,2022
0380,12028,PAULO ROGÉRIO DA SILVA,PDT,Deputado Estadual,0,2022
0380,12033,ADRIANA GOMES,PDT,Deputado Estadual,6,2022
0380,12050,ANTONIO FERNANDO PEREIRA,PDT,Deputado Estadual,2,2022
0380,12051,CÍCERO JUSTINO DA SILVA,PDT,Deputado Estadual,1,2022
0380,12054,SANDRA HELENA CANDIDO DOS SANTOS,PDT,Deputado Estadual,1,2022
0380,12077,MARCIO AURELIO SOARES,PDT,Deputado Estadual,1,2022
0380,12100,ALEXSANDRA OLIVEIRA BEZERRA,PDT,Deputado Estadual,3,2022
0380,12101,FLÁVIA APARECIDA RODRIGUES,PDT,Deputado Estadual,0,2022
0380,12111,LEONORA DA SILVA PÉRICO,PDT,Deputado Estadual,5,2022
0380,12112,FERNANDO DOS SANTOS MOURA,PDT,Deputado Estadual,0,2022
0380,12120,JOÃO VICTOR MATTA DIAS FERREIRA,PDT,Deputado Estadual,5,2022
0380,12121,PAULA MAYARA DARRÔ MARTINS ROCHA FILZEK,PDT,Deputado Estadual,8,2022
0380,12122,GILBERTO APARECIDO BORGES,PDT,Deputado Estadual,36,2022
0380,12123,DOUGLAS AUGUSTO PINHEIRO DE OLIVEIRA,PDT,Deputado Estadual,14,2022
0380,12124,AIRTON DA COSTA LOURENÇO,PDT,Deputado Estadual,1,2022
0380,12125,NUBIA DE JESUS SANTOS,PDT,Deputado Estadual,3,2022
0380,12126,ELISANGELA RODRIGUES DE SOUSA,PDT,Deputado Estadual,3,2022
0380,12131,ARNALDO REISDECOPA NASCIMENTO,PDT,Deputado Estadual,0,2022
0380,12156,EUGÊNIO MIRANDA,PDT,Deputado Estadual,0,2022
0380,12180,NAYLA DE SOUZA,PDT,Deputado Estadual,30,2022
0380,12190,MARCELO AFONSO PIMENTA,PDT,Deputado Estadual,0,2022
0380,12200,WILSON KELLER DE MATOS,PDT,Deputado Estadual,328,2022
0380,12202,SIVALDO DE JESUS,PDT,Deputado Estadual,2,2022
0380,12212,NEUDES RIBEIRO DE CARVALHO,PDT,Deputado Estadual,7,2022
0380,12222,ANTONIO DA ROCHA MARMO CEZAR,PDT,Deputado Estadual,15,2022
0380,12234,JOSUÉ GONÇALVES,PDT,Deputado Estadual,0,2022
0380,12240,ADRIANO NERES DE OLIVEIRA,PDT,Deputado Estadual,0,2022
0380,12244,RENAN FONSECA DA SILVA,PDT,Deputado Estadual,0,2022
0380,12277,MARCIO ALEXANDRE BARRETO,PDT,Deputado Estadual,0,2022
0380,12300,ANTONIO CARLOS TRIGO,PDT,Deputado Estadual,3,2022
0380,12307,MIRELLE CRISTINA DE SOUZA BUENO,PDT,Deputado Estadual,1,2022
0380,12310,ATAIDE ROBERTO DA SILVA JUNIOR,PDT,Deputado Estadual,0,2022
0380,12311,PAULO HENRIQUE RIBEIRO FLORIANO,PDT,Deputado Estadual,4,2022
0380,12312,ADOLFO BASSO,PDT,Deputado Estadual,18,2022
0380,12321,CASEMIRO DOS REIS JÚNIOR,PDT,Deputado Estadual,47,2022
0380,12333,PAULO ALEXANDRE ZEMUNER MASCARO,PDT,Deputado Estadual,3,2022
0380,12340,MAGALI RABELLO ROCHA,PDT,Deputado Estadual,1,2022
0380,12344,RAMILSON DE FREITAS PEREIRA,PDT,Deputado Estadual,1,2022
0380,12345,MÁRCIO MASSAMI NAKASHIMA,PDT,Deputado Estadual,106,2022
0380,12357,ROSA MARIA DA SILVA CLIMACO,PDT,Deputado Estadual,2,2022
0380,12363,EZEQUIEL DE ARAÚJO SILVA,PDT,Deputado Estadual,0,2022
0380,12366,MANOEL JOSÉ DA SILVA,PDT,Deputado Estadual,5,2022
0380,12369,ALEXSANDER MELO BUENO,PDT,Deputado Estadual,6,2022
0380,12377,LUIS CARLOS DE SOUZA,PDT,Deputado Estadual,0,2022
0380,12388,CINTIA APARECIDA DE MATOS,PDT,Deputado Estadual,0,2022
0380,12400,CESAR MICHELON LOUREIRO SANTANA,PDT,Deputado Estadual,0,2022
0380,12412,JOAQUIM MARCELINO JOFFRE NETO,PDT,Deputado Estadual,1,2022
0380,12422,GILMAR FERNANDES DE MELO,PDT,Deputado Estadual,0,2022
0380,12443,VERÔNICA EVANGELISTA DOS SANTOS,PDT,Deputado Estadual,0,2022
0380,12444,BRUNO DE OLIVEIRA ALVES,PDT,Deputado Estadual,0,2022
0380,12456,RAI SAYLON DE PAULA RIBEIRO,PDT,Deputado Estadual,3,2022
0380,12500,FERNANDO PEREIRA SIRCHIA JUNIOR,PDT,Deputado Estadual,4,2022
0380,12512,SIDNEI TAVARES MEDEIROS,PDT,Deputado Estadual,0,2022
0380,12555,ROBINSON FARINAZZO CASAL,PDT,Deputado Estadual,67,2022
0380,12600,JUSSARA APARECIDA FERNANDES,PDT,Deputado Estadual,20,2022
0380,12612,DEJANIRA VICENCIA SANTOS ALVES,PDT,Deputado Estadual,0,2022
0380,12622,SANDRA MARIA DOS SANTOS,PDT,Deputado Estadual,0,2022
0380,12645,LEONARDO LORO MARTINS PINTO,PDT,Deputado Estadual,4,2022
0380,12666,JAIRO ANZILEIRO,PDT,Deputado Estadual,0,2022
0380,12678,JHONY ANTONIO BARBOZA,PDT,Deputado Estadual,0,2022
0380,12700,WINNITU DIEGO DA SILVA TOZADORE,PDT,Deputado Estadual,0,2022
0380,12712,OSVALDO GOMES DE LIMA,PDT,Deputado Estadual,0,2022
0380,12720,RAFAEL TURRINI PURGATO,PDT,Deputado Estadual,3,2022
0380,12723,CARLA DENISE BAPTISTA LEOPOLDO,PDT,Deputado Estadual,0,2022
0380,12735,ANGELO SCAVASSINI NETO,PDT,Deputado Estadual,0,2022
0380,12736,JOSÉ NELSON DA SILVA,PDT,Deputado Estadual,0,2022
0380,12737,JHONATAN WILLIAM OLIVEIRA DO NASCIMENTO,PDT,Deputado Estadual,0,2022
0380,12750,GILBERTO JEFFERSON DE BARROS,PDT,Deputado Estadual,5,2022
0380,12770,LUCINEIDE CRUZ ALVES,PDT,Deputado Estadual,0,2022
0380,12777,PEDRO JOSÉ DE PAULA,PDT,Deputado Estadual,112,2022
0380,12789,RAFAEL COSTA AMADEU,PDT,Deputado Estadual,1,2022
0380,12800,MARCELO DE MELLO CASSUCCI,PDT,Deputado Estadual,1,2022
0380,12812,EDMILSON PINTO CARDOZO,PDT,Deputado Estadual,0,2022
0380,12888,CRISTIANE AQUINO PASTOR,PDT,Deputado Estadual,2,2022
0380,12900,EVELYN CRISTINA FERREIRA PAULA,PDT,Deputado Estadual,1,2022
0380,12912,MARCIO DE ALMEIDA PINO,PDT,Deputado Estadual,0,2022
0380,12990,ALESSANDRO FAUSTINO MARTINS,PDT,Deputado Estadual,4,2022
0380,12999,EDNELSON PACHECO FERREIRA,PDT,Deputado Estadual,1,2022
0380,13000,ALESSANDRO CÉZAR ARAÚJO AZEVEDO,PT,Deputado Estadual,109,2022
0380,13003,DOUGLAS MARTINS DE SOUZA,PT,Deputado Estadual,2,2022
0380,13004,TELMA SANDRA AUGUSTO DE SOUZA,PT,Deputado Estadual,10,2022
0380,13011,MARIO MAURICI DE LIMA MORAIS,PT,Deputado Estadual,30,2022
0380,13013,ALEXYA LUCAS EVANGELISTA SALVADOR,PT,Deputado Estadual,33,2022
0380,13016,THAINARA KAROLINE FARIA,PT,Deputado Estadual,147,2022
0380,13019,JOÃO GUILHERME BENETTI RAMOS,PT,Deputado Estadual,14,2022
0380,13066,ADÉLIA OLIVEIRA DE FARIAS,PT,Deputado Estadual,78,2022
0380,13100,GARRY DERALUS,PT,Deputado Estadual,10,2022
0380,13110,TEONÍLIO MONTEIRO DA COSTA,PT,Deputado Estadual,13,2022
0380,13112,EVELYN SILVA DO NASCIMENTO VICENTE DA SILVA,PT,Deputado Estadual,233,2022
0380,13113,MARCIA APARECIDA OVEJANEDA LIA,PT,Deputado Estadual,161,2022
0380,13114,ENIO FRANCISCO TATTO,PT,Deputado Estadual,15,2022
0380,13120,CARLOS ROBERTO DE OLIVEIRA,PT,Deputado Estadual,380,2022
0380,13121,ANA LUCIA LIPPAUS PERUGINI,PT,Deputado Estadual,1484,2022
0380,13123,MARIA IZABEL AZEVEDO NORONHA,PT,Deputado Estadual,391,2022
0380,13127,BRUNO RAMOS DA SILVA,PT,Deputado Estadual,4,2022
0380,13130,FERNANDO SOUZA PUGA,PT,Deputado Estadual,22,2022
0380,13131,EMIDIO PEREIRA DE SOUZA,PT,Deputado Estadual,294,2022
0380,13133,EDUARDO MATARAZZO SUPLICY,PT,Deputado Estadual,2658,2022
0380,13134,LUIZ FERNANDO TEIXEIRA FERREIRA,PT,Deputado Estadual,76,2022
0380,13140,JORGE RODRIGO VALVERDE SANTANA,PT,Deputado Estadual,3,2022
0380,13147,MARIANA ROSSETO SANTOS,PT,Deputado Estadual,13,2022
0380,13180,MARIA EDUARDA ALENCAR HIDALGO,PT,Deputado Estadual,66,2022
0380,13192,MARCOS MONTANI CASEIRO,PT,Deputado Estadual,25,2022
0380,13199,PAOLLA CATHERINE DOS SANTOS MIGUEL AGARD,PT,Deputado Estadual,1459,2022
0380,13200,CONSTANTINO CURY NETO,PT,Deputado Estadual,4,2022
0380,13222,JULIANA FRAGA E SILVA DE SOUZA,PT,Deputado Estadual,18,2022
0380,13234,JOSÉ WILSON CARDOSO DE SOUZA,PT,Deputado Estadual,3,2022
0380,13258,ESTELA ALEXANDRE ALMAGRO,PT,Deputado Estadual,6,2022
0380,13270,THIAGO HENRIQUE MAIA SORATTO,PT,Deputado Estadual,18,2022
0380,13290,LEANDRO CÂNDIDO SOARES,PT,Deputado Estadual,26,2022
0380,13300,WAGNER DE MELO ROMÃO,PT,Deputado Estadual,920,2022
0380,13301,ROMILDO ANTONIO DA SILVA,PT,Deputado Estadual,2,2022
0380,13310,LUIZ CLAUDIO MARCOLINO,PT,Deputado Estadual,55,2022
0380,13313,RENATO MORENI AIRES DA SILVA,PT,Deputado Estadual,78,2022
0380,13321,HERIVELTO DOS SANTOS MORAES,PT,Deputado Estadual,6,2022
0380,13330,ALEX SANDRO GOMES,PT,Deputado Estadual,8,2022
0380,13331,VERA LUCIA RODRIGUES DE FARIA,PT,Deputado Estadual,339,2022
0380,13333,THAISE BEZERRA PACHECO SANTOS,PT,Deputado Estadual,25,2022
0380,13360,MIRIAM MANETTA ALGARRA,PT,Deputado Estadual,10,2022
0380,13400,CHEILA MARIA SUBENKO OLALLA,PT,Deputado Estadual,30,2022
0380,13413,JOÃO ALFREDO DE OLIVEIRA,PT,Deputado Estadual,4,2022
0380,13444,EDNA DA SILVA DELLA NINA,PT,Deputado Estadual,7,2022
0380,13456,ELISABETH SAHÃO,PT,Deputado Estadual,21,2022
0380,13500,ANDREIA TEIXEIRA BATISTA,PT,Deputado Estadual,22,2022
0380,13513,CAROLINA MALAVAZZI GALVÃO,PT,Deputado Estadual,11,2022
0380,13545,APARECIDA DA GRAÇA CARLOS,PT,Deputado Estadual,1,2022
0380,13555,SIMÃO PEDRO CHIOVETTI,PT,Deputado Estadual,30,2022
0380,13580,CARLOS ALBERTO MARCOS,PT,Deputado Estadual,43,2022
0380,13600,MARLY GOMES CALDAS,PT,Deputado Estadual,2,2022
0380,13613,PAULO ROBERTO FIORILO,PT,Deputado Estadual,114,2022
0380,13616,JOSEMUNDO DARIO QUEIROZ,PT,Deputado Estadual,7,2022
0380,13650,MARCELO RIBEIRO DA SILVA,PT,Deputado Estadual,9,2022
0380,13651,PAULO BATISTA DOS REIS,PT,Deputado Estadual,155,2022
0380,13654,JANDYRA MASSUE UEHARA ALVES,PT,Deputado Estadual,190,2022
0380,13696,CHRISTIANE GRACE GUIMARÃES DA SILVA,PT,Deputado Estadual,5,2022
0380,13700,ANTONIO DONATO MADORMO,PT,Deputado Estadual,216,2022
0380,13713,ROMULO ORNELAS DE OLIVEIRA,PT,Deputado Estadual,7,2022
0380,13777,ALMIR ROGERIO DA SILVA,PT,Deputado Estadual,3,2022
0380,13789,ROMULO CESAR FERNANDES,PT,Deputado Estadual,3,2022
0380,13800,JORGE DO CARMO SILVA,PT,Deputado Estadual,93,2022
0380,13877,JANETE ROCHA PIETÁ,PT,Deputado Estadual,3,2022
0380,13888,FRANCISCA NILMAR ARRAES MANOEL,PT,Deputado Estadual,3,2022
0380,13900,JULIANA SOARES DO NASCIMENTO,PT,Deputado Estadual,26,2022
0380,14000,JOSE CARLOS BERNARDI,PTB,Deputado Estadual,0,2022
0380,14001,EVANDRO PEREIRA DOS REIS,PTB,Deputado Estadual,0,2022
0380,14002,CRISTINA ALVES DE GODOY,PTB,Deputado Estadual,0,2022
0380,14003,PANAGIOTIS SERAFIM SPANOS,PTB,Deputado Estadual,0,2022
0380,14004,CRISTINA DOS SANTOS,PTB,Deputado Estadual,0,2022
0380,14005,LILIANE DURCE,PTB,Deputado Estadual,0,2022
0380,14006,GILBERTO MARQUES DO COUTO,PTB,Deputado Estadual,0,2022
0380,14007,RICARDO CRUZ DE REZENDE PAOLIELLO,PTB,Deputado Estadual,0,2022
0380,14009,CARLOS RICARDO CEOLONI,PTB,Deputado Estadual,0,2022
0380,14010,EDUARDO FRANCISCO DE MELO,PTB,Deputado Estadual,0,2022
0380,14011,PAULO SERGIO MOREIRA MELLO,PTB,Deputado Estadual,0,2022
0380,14012,LILIAN RENATA GARCIA VIEIRA MEDEIROS,PTB,Deputado Estadual,0,2022
0380,14013,ALAELSON ALVES DA SILVA,PTB,Deputado Estadual,0,2022
0380,14014,EDISON LUCIANO KLIMAN BENEDITO,PTB,Deputado Estadual,0,2022
0380,14015,MARIA DO ROSARIO ALMEIDA,PTB,Deputado Estadual,0,2022
0380,14016,CHARLES DOS SANTOS PEREIRA,PTB,Deputado Estadual,0,2022
0380,14017,PAULO CESAR DA SILVA SANT ANA,PTB,Deputado Estadual,0,2022
0380,14019,AHMED TARIQUE TOMBOUCTOU AGIO,PTB,Deputado Estadual,0,2022
0380,14020,GILBERTO MEGDA,PTB,Deputado Estadual,0,2022
0380,14021,MAGDA DOS SANTOS CABRAL,PTB,Deputado Estadual,0,2022
0380,14022,WASHINGTON JOSE DA CRUZ,PTB,Deputado Estadual,0,2022
0380,14032,AFONSO MARIA SILVA SALES,PTB,Deputado Estadual,0,2022
0380,14033,ANGELA TORRES PRADO,PTB,Deputado Estadual,0,2022
0380,14038,PAULO HUGENNEYER KOGOS,PTB,Deputado Estadual,0,2022
0380,14039,NURIA DANIELA GALLÃO ARTHUZO,PTB,Deputado Estadual,0,2022
0380,14040,LUIS FERNANDO DA SILVA,PTB,Deputado Estadual,0,2022
0380,14041,VERA LUCIA SOVERAL DA SILVEIRA,PTB,Deputado Estadual,0,2022
0380,14044,MARCOS VITOR LESSA,PTB,Deputado Estadual,0,2022
0380,14045,VIOLETA FILOMENA DACCACHE,PTB,Deputado Estadual,0,2022
0380,14046,MARCELO OLIVEIRA ROSADO,PTB,Deputado Estadual,0,2022
0380,14049,ROSYMEIRE DE SOUZA LEITE RODRIGUES,PTB,Deputado Estadual,0,2022
0380,14050,MARIA RISOLETA ESTRELA DOS SANTOS,PTB,Deputado Estadual,0,2022
0380,14060,DENIVIA ROSA DOS SANTOS OLIVEIRA,PTB,Deputado Estadual,0,2022
0380,14088,MARCELO CRISTIANO REIS,PTB,Deputado Estadual,0,2022
0380,14099,IOLANDA REGINA ALVES FRONTEROTTA,PTB,Deputado Estadual,0,2022
0380,14100,JOSE VANDERLEI MACHADO,PTB,Deputado Estadual,0,2022
0380,14108,ANTONIO DA SILVA E SOUZA,PTB,Deputado Estadual,0,2022
0380,14110,WENDELL BRAZ NICOLICHE,PTB,Deputado Estadual,0,2022
0380,14111,ALEXANDRE GONÇALVES DEMETRIO ZAHRA,PTB,Deputado Estadual,0,2022
0380,14112,EDILSON GUARNIERI,PTB,Deputado Estadual,0,2022
0380,14114,MARIA ADALZIRA RIBEIRO ORTIZ,PTB,Deputado Estadual,0,2022
0380,14115,MOISES GOMES DO NASCIMENTO,PTB,Deputado Estadual,0,2022
0380,14121,ROBERTO CARLOS DE ALMEIDA,PTB,Deputado Estadual,0,2022
0380,14122,CLODOALDO ALVES DE AMORIM,PTB,Deputado Estadual,0,2022
0380,14123,GUILHERME CESAR ZAFANI,PTB,Deputado Estadual,0,2022
0380,14124,MARCELO COSTA MORAES,PTB,Deputado Estadual,0,2022
0380,14125,ADA HENRIQUE XAVIER,PTB,Deputado Estadual,0,2022
0380,14128,ADRIANO DE BARROS CARUSO,PTB,Deputado Estadual,0,2022
0380,14130,AUDREY ANA MARCONDES GOGLIANO,PTB,Deputado Estadual,0,2022
0380,14141,ADAUTO VIANA JUNIOR,PTB,Deputado Estadual,0,2022
0380,14143,NOEMIA VIEIRA FONSECA,PTB,Deputado Estadual,0,2022
0380,14162,ANTONIO BERALDO ALVES,PTB,Deputado Estadual,0,2022
0380,14177,CLAUDIO AUGUSTO PEREIRA,PTB,Deputado Estadual,0,2022
0380,14190,MARCOS ROGERIO MANTEIGA,PTB,Deputado Estadual,0,2022
0380,14193,DEYCON FRANCISCO DA SILVA,PTB,Deputado Estadual,0,2022
0380,14200,RENATO SALVADOR MARTINS,PTB,Deputado Estadual,0,2022
0380,14221,LINDEMBERG MELO GONCALVES,PTB,Deputado Estadual,0,2022
0380,14222,FLAVIO RICARDO BEALL,PTB,Deputado Estadual,0,2022
0380,14244,LUCAS ANTUNES,PTB,Deputado Estadual,0,2022
0380,14245,PATRICIA MARIA DE MELO ZANOTTI MONTILHA,PTB,Deputado Estadual,0,2022
0380,14250,EMERSON PEREIRA BATISTA,PTB,Deputado Estadual,0,2022
0380,14300,DENE IRENO DE SOUSA,PTB,Deputado Estadual,0,2022
0380,14321,SIMONE APARECIDA NASCIMENTO DA CONCEIÇÃO,PTB,Deputado Estadual,0,2022
0380,14400,NELSON ROBERTO GRITTI,PTB,Deputado Estadual,0,2022
0380,14422,VALERIA CRISTINA RODRIGUES,PTB,Deputado Estadual,0,2022
0380,14441,GABRIEL SILVA GOMES,PTB,Deputado Estadual,0,2022
0380,14444,MANOEL LOPES FERREIRA JUNIOR,PTB,Deputado Estadual,0,2022
0380,14455,SERGIO ANTONIO,PTB,Deputado Estadual,0,2022
0380,14456,GIOVANA LIMA DE AGUIAR,PTB,Deputado Estadual,0,2022
0380,14457,PAULO ROBERTO TORRES GALINDO,PTB,Deputado Estadual,0,2022
0380,14500,CRISTINA APARECIDA TEIXEIRA CORDEIRO DE JESUS,PTB,Deputado Estadual,0,2022
0380,14522,RODRIGO RODRIGUES PEDROSO,PTB,Deputado Estadual,0,2022
0380,14550,JOSE MARCIO DE CAMPOS,PTB,Deputado Estadual,0,2022
0380,14555,MARCO AURELIO MIETO DOMINGUES,PTB,Deputado Estadual,0,2022
0380,14567,LILIANE MARIA DA SILVA PAES,PTB,Deputado Estadual,0,2022
0380,14580,MARIA DE JESUS LOPES MARTINS SILVA,PTB,Deputado Estadual,0,2022
0380,14617,CECILIA RANIELE ROSAL SALVADOR,PTB,Deputado Estadual,0,2022
0380,14620,GILSON MOREIRA,PTB,Deputado Estadual,0,2022
0380,14624,CARLOS ALBERTO VIDAL TONON JUNIOR,PTB,Deputado Estadual,0,2022
0380,14699,SIDINEI GIRON,PTB,Deputado Estadual,0,2022
0380,14700,GILBERTO SOARES PINHEIRO,PTB,Deputado Estadual,0,2022
0380,14701,MARCELINO SILVA,PTB,Deputado Estadual,0,2022
0380,14714,KARINA PAULA DE SOUZA OLIVEIRA MARTINS,PTB,Deputado Estadual,0,2022
0380,14772,WILLIAM APARECIDO DE SOUZA,PTB,Deputado Estadual,0,2022
0380,14775,CASSIO LUIZ DE OLIVEIRA,PTB,Deputado Estadual,0,2022
0380,14777,AGEU DA CRUZ ALMEIDA,PTB,Deputado Estadual,0,2022
0380,14789,GERALDO APARECIDO MENDES,PTB,Deputado Estadual,0,2022
0380,14800,MÔNICA PRADO,PTB,Deputado Estadual,0,2022
0380,14822,CLAUDIO LUIS CAIVANO,PTB,Deputado Estadual,0,2022
0380,14851,JURACILDE DE LIMA PINTO,PTB,Deputado Estadual,0,2022
0380,14888,AVEDIS GOGENHAN,PTB,Deputado Estadual,0,2022
0380,14900,VALDINEI CAMPELO FELIX,PTB,Deputado Estadual,0,2022
0380,14961,MARIA ALICE TANIGUSHI,PTB,Deputado Estadual,0,2022
0380,14999,APARECIDO MOREIRA DA SILVA,PTB,Deputado Estadual,0,2022
0380,15000,JORGE LUIS CARUSO,MDB,Deputado Estadual,57,2022
0380,15001,HUGO MOREIRA SANTOS,MDB,Deputado Estadual,11,2022
0380,15009,AUDEIDE CARDOSO,MDB,Deputado Estadual,0,2022
0380,15012,BRUNO DE SOUSA ALVES,MDB,Deputado Estadual,1,2022
0380,15013,HILDON DE OLIVEIRA ROCHA,MDB,Deputado Estadual,0,2022
0380,15014,DANIELE SOUZA AKAMINE,MDB,Deputado Estadual,1,2022
0380,15015,MOHAMED AHMED YOUSSEF,MDB,Deputado Estadual,3,2022
0380,15017,FERNANDA DA GLÓRIA GOMES,MDB,Deputado Estadual,0,2022
0380,15019,LUIS FELIPE SILVEIRA AMANCIO TORELLA D AVILA,MDB,Deputado Estadual,3,2022
0380,15022,ANGELA OROSCO DE MELO,MDB,Deputado Estadual,4,2022
0380,15023,SUENIRA TEIXEIRA PINTO,MDB,Deputado Estadual,9,2022
0380,15030,CLAUDETE FERREIRA DA SILVA,MDB,Deputado Estadual,1,2022
0380,15040,LUIZ CARLOS DE PAULA,MDB,Deputado Estadual,1,2022
0380,15050,ANDRÉ LUIZ BARBEZANI,MDB,Deputado Estadual,1,2022
0380,15051,LEONARDO FRANCISCO SAMPAIO DE SOUZA FILHO,MDB,Deputado Estadual,8,2022
0380,15060,ZORAIDA MARIA LOBATO VIOTTI,MDB,Deputado Estadual,0,2022
0380,15070,ALLI AHMAD MAJDOUB,MDB,Deputado Estadual,0,2022
0380,15090,SAMUEL DE JESUS SANTOS PEREIRA,MDB,Deputado Estadual,1,2022
0380,15100,GILMAR RAIMUNDO LUCAS,MDB,Deputado Estadual,2,2022
0380,15111,HENRIQUE DE ALMEIDA BASANO,MDB,Deputado Estadual,2,2022
0380,15112,ROSELEI APARECIDO FRANÇOSO,MDB,Deputado Estadual,4,2022
0380,15115,MARCUS VINICIUS DE ALMEIDA FERREIRA,MDB,Deputado Estadual,1,2022
0380,15117,JOSEFA ANADETE DOS SANTOS SILVA,MDB,Deputado Estadual,0,2022
0380,15121,ANDRE CESAR COSTA,MDB,Deputado Estadual,143,2022
0380,15122,MARIA CRISTIANE PINHEIRO,MDB,Deputado Estadual,0,2022
0380,15123,OCIMAR DONIZETI LEO OLIVEIRA,MDB,Deputado Estadual,4,2022
0380,15130,FERNANDO RAMOS,MDB,Deputado Estadual,0,2022
0380,15133,LILIAN APARECIDA DE PAULA,MDB,Deputado Estadual,2,2022
0380,15144,EVERSON MARCOS DE OLIVEIRA,MDB,Deputado Estadual,0,2022
0380,15150,DIEGO LOPES DEL RIO,MDB,Deputado Estadual,52,2022
0380,15151,GIULIANO GRISO,MDB,Deputado Estadual,2,2022
0380,15153,CÍCERO LUIZ DE BRITO,MDB,Deputado Estadual,28,2022
0380,15155,EDIMAR CANDIDO DE LIMA,MDB,Deputado Estadual,2,2022
0380,15157,CASSIANE DE MELO FERNANDES,MDB,Deputado Estadual,0,2022
0380,15158,ANDRÉA DE PAULA SANTOS,MDB,Deputado Estadual,4,2022
0380,15177,ALEXANDRE DE OLIVEIRA,MDB,Deputado Estadual,0,2022
0380,15180,JAQUELINE LILIAN BARCELOS COUTINHO,MDB,Deputado Estadual,0,2022
0380,15190,SANDRA CANDIDO MORETTI,MDB,Deputado Estadual,126,2022
0380,15200,CAIO VINICIUS DE MOURA LUZ,MDB,Deputado Estadual,7,2022
0380,15215,MARCOS RIBEIRO DA COSTA,MDB,Deputado Estadual,0,2022
0380,15220,PHILIPE DE PAULA DA SILVA,MDB,Deputado Estadual,7,2022
0380,15222,FERNANDO MARTINS DOS SANTOS,MDB,Deputado Estadual,5,2022
0380,15256,MARCOS ANTONIO GONÇALVES DA SILVA,MDB,Deputado Estadual,0,2022
0380,15270,NIQUEIAS FERREIRA BORGES,MDB,Deputado Estadual,0,2022
0380,15277,PLAUTO JOSE RIBEIRO HOLTZ MORAES,MDB,Deputado Estadual,0,2022
0380,15300,ITAMAR FRANCISCO MACHADO BORGES,MDB,Deputado Estadual,79,2022
0380,15315,ADEMIR MARTINS BOAVENTURA,MDB,Deputado Estadual,2,2022
0380,15333,ALLINY FERNANDA SARTORI PADALINO ROGÉRIO,MDB,Deputado Estadual,4,2022
0380,15339,RODNEY DE PAIVA,MDB,Deputado Estadual,0,2022
0380,15345,MARCELO COSTA DEL BOSCO AMARAL,MDB,Deputado Estadual,3,2022
0380,15363,JOSÉ ROGERIO SOARES DOS SANTOS,MDB,Deputado Estadual,240,2022
0380,15400,CELIA APARECIDA DA CRUZ OLIVEIRA MENEZES,MDB,Deputado Estadual,1,2022
0380,15432,IVONE MOREIRA SANTOS,MDB,Deputado Estadual,0,2022
0380,15451,LUCIENE PEREIRA FRANCO,MDB,Deputado Estadual,0,2022
0380,15456,JOSÉ AGRIPINO DA SILVA,MDB,Deputado Estadual,4,2022
0380,15500,MARIA DO CARMO GUILHERME,MDB,Deputado Estadual,28,2022
0380,15515,OSMARIO SILVA,MDB,Deputado Estadual,0,2022
0380,15522,DANIEL GIROTTO,MDB,Deputado Estadual,7,2022
0380,15525,ROSANA APARECIDA BRANQUINHO,MDB,Deputado Estadual,0,2022
0380,15550,RONALDO FRANCISCO DA CRUZ,MDB,Deputado Estadual,1,2022
0380,15555,FERNANDA MORENO DA SILVA,MDB,Deputado Estadual,14,2022
0380,15556,ADRIANA VASCONCELLOS VIEIRA DE OLIVEIRA LUIZ,MDB,Deputado Estadual,10,2022
0380,15557,ANDRÉ LUIZ DA SILVA,MDB,Deputado Estadual,0,2022
0380,15590,RUBIA MARA DA SILVA OLIVEIRA,MDB,Deputado Estadual,0,2022
0380,15600,EIDA SILVA DOS SANTOS AZEVEDO,MDB,Deputado Estadual,1,2022
0380,15605,FERNANDO LUIZ ISOPPO PETITI,MDB,Deputado Estadual,5,2022
0380,15620,ARLINDO MARIANO DE ARAUJO FILHO,MDB,Deputado Estadual,1,2022
0380,15622,GEORGE VATUTIN HATO,MDB,Deputado Estadual,13,2022
0380,15678,MARCELO FORTES BARBIERI,MDB,Deputado Estadual,24,2022
0380,15700,IVAN RIBEIRO DE BRITO,MDB,Deputado Estadual,0,2022
0380,15770,CINTIA ROBERTA SILVA RODRIGUES,MDB,Deputado Estadual,8,2022
0380,15777,DALCIDES BATISTA DA SILVA NETO,MDB,Deputado Estadual,1,2022
0380,15800,SANDRA REGINA VIEIRA,MDB,Deputado Estadual,2,2022
0380,15855,ANA PAULA CALVO,MDB,Deputado Estadual,1,2022
0380,15900,MAURO CESAR RAMOS DE ALMEIDA,MDB,Deputado Estadual,0,2022
0380,15910,ERNESTO TEIXEIRA DA CUNHA,MDB,Deputado Estadual,9,2022
0380,15914,TARSO LUIZ FURTADO GOUVEIA,MDB,Deputado Estadual,7,2022
0380,15964,LUCIANO MARQUES DA SILVA,MDB,Deputado Estadual,0,2022
0380,15980,JOÃO ALVES VIEIRA,MDB,Deputado Estadual,1,2022
0380,15990,ROMAR WILLIAM CULLEN DELLAPIAZZA,MDB,Deputado Estadual,2,2022
0380,15999,CÁSSIO DE CASTRO NAVARRO,MDB,Deputado Estadual,3,2022
0380,16000,LUCAS ANTONIO NIZUMA SIMABUKULO,PSTU,Deputado Estadual,1,2022
0380,16016,MARISA DOS SANTOS MENDES,PSTU,Deputado Estadual,0,2022
0380,16023,OSVALDO MARIANO DIOGO,PSTU,Deputado Estadual,0,2022
0380,16100,CRISTIANE BANHOL,PSTU,Deputado Estadual,11,2022
0380,16107,RAQUEL DE PAULA,PSTU,Deputado Estadual,0,2022
0380,16123,AMANDA COELHO MARZALL,PSTU,Deputado Estadual,0,2022
0380,16161,LEANDRO JOSE DE SOUZA DUQUE,PSTU,Deputado Estadual,0,2022
0380,16321,NELSON BOTELHO DA SILVA,PSTU,Deputado Estadual,0,2022
0380,16461,FERNANDO DE SOUZA,PSTU,Deputado Estadual,0,2022
0380,16555,MAÍRA MACHADO RODRIGUES,PSTU,Deputado Estadual,17,2022
0380,16789,ADILSON DOS SANTOS,PSTU,Deputado Estadual,0,2022
0380,18000,MARINA MEDEIROS HELOU,REDE,Deputado Estadual,190,2022
0380,18001,MARINA MOREIRA,REDE,Deputado Estadual,0,2022
0380,18010,BENEDITO RODRIGUES CORREA,REDE,Deputado Estadual,0,2022
0380,18012,ANTONIO CARLOS DE MORAES,REDE,Deputado Estadual,0,2022
0380,18013,ANTONIO CARLOS MUNHOZ,REDE,Deputado Estadual,1,2022
0380,18016,JULIANA GORGA SALVETTI,REDE,Deputado Estadual,0,2022
0380,18018,MARIANA DUARTE GARCIA DE LACERDA,REDE,Deputado Estadual,4,2022
0380,18019,MARIO EDUARDO DA SILVA,REDE,Deputado Estadual,1,2022
0380,18100,RAFAEL CASTRO KOCIAN,REDE,Deputado Estadual,1,2022
0380,18109,ISTÊNIO VIANA MELLO,REDE,Deputado Estadual,0,2022
0380,18111,OLINDA CAETANO GARCIA,REDE,Deputado Estadual,0,2022
0380,18123,EMERSON MARCIO VITALINO,REDE,Deputado Estadual,6,2022
0380,18180,BUDGA DEROBY NHAMBIQUARA,REDE,Deputado Estadual,7,2022
0380,18181,THÍFANY FELIX GUIMARÃES,REDE,Deputado Estadual,1,2022
0380,18188,ERIVELTON PEREIRA RAMOS,REDE,Deputado Estadual,0,2022
0380,18199,LILIAN CRISTINA DOS SANTOS FARIA,REDE,Deputado Estadual,0,2022
0380,18270,EDILMA MARIA DA SILVA,REDE,Deputado Estadual,0,2022
0380,18420,RUBENS EDUARDO DOCAMPO ANTONINI,REDE,Deputado Estadual,16,2022
0380,18441,EDILSON RODRIGO NOGUEIRA MARCIANO,REDE,Deputado Estadual,2,2022
0380,18456,ANDRE RICARDO DE SOUZA,REDE,Deputado Estadual,0,2022
0380,18555,JOSÉ MENINO DE OLIVEIRA,REDE,Deputado Estadual,0,2022
0380,18717,ANTOINE BALADY,REDE,Deputado Estadual,0,2022
0380,18777,RAFAEL BERNARDO FERREIRA SANTOS,REDE,Deputado Estadual,4,2022
0380,18800,HONÓRIO MARQUES DA SILVA,REDE,Deputado Estadual,0,2022
0380,18888,VICTOR AUGUSTO LINS MENDES,REDE,Deputado Estadual,76,2022
0380,19000,RAUL APARECIDO GONÇALVES PAULA,PODE,Deputado Estadual,1,2022
0380,19001,ATAIDE TERUEL PEREZ,PODE,Deputado Estadual,6,2022
0380,19002,JOSÉ CARLOS DE ALMEIDA,PODE,Deputado Estadual,0,2022
0380,19007,JAIRO DOS SANTOS,PODE,Deputado Estadual,0,2022
0380,19009,ESTER COSCARELLI DOMINGUES,PODE,Deputado Estadual,0,2022
0380,19011,JOBERT ALEXANDRINO,PODE,Deputado Estadual,1,2022
0380,19013,LARISSA FORJANES DOS SANTOS,PODE,Deputado Estadual,0,2022
0380,19015,MARCOS ESCAMES FÉLIX DA SILVA,PODE,Deputado Estadual,1,2022
0380,19019,GERSON DIAS PESSOA,PODE,Deputado Estadual,5,2022
0380,19020,URIÃ FANCELLI BAUMGARTNER,PODE,Deputado Estadual,24,2022
0380,19021,JOSÉ WALTER FIGUEIREDO SILVA,PODE,Deputado Estadual,5,2022
0380,19022,PEDRO MARIN BELMONTE NETO,PODE,Deputado Estadual,1,2022
0380,19023,PATRÍCIA MODESTO,PODE,Deputado Estadual,0,2022
0380,19027,CRISTIANE SILVA DE ALMEIDA SANTOS,PODE,Deputado Estadual,0,2022
0380,19030,JORGE GABRIEL GRASI,PODE,Deputado Estadual,1,2022
0380,19033,SABRINA PRADO DOS SANTOS,PODE,Deputado Estadual,2,2022
0380,19037,MARIA VILMA FIGUEIREDO DA SILVA JACINTO,PODE,Deputado Estadual,2,2022
0380,19054,ARLINDO AMARO DOS SANTOS,PODE,Deputado Estadual,0,2022
0380,19055,SILVAN PEREIRA DE SOUZA,PODE,Deputado Estadual,0,2022
0380,19069,ROBERTO MIGUEL REY JUNIOR,PODE,Deputado Estadual,21,2022
0380,19070,EMERSON FRACAROLI,PODE,Deputado Estadual,0,2022
0380,19077,JULIANA MARA DA SILVA SPADA,PODE,Deputado Estadual,2,2022
0380,19088,ELVIO ANTONIO PINOTTI NETO,PODE,Deputado Estadual,4,2022
0380,19097,ARLETE TAVARES DOS SANTOS BARBOSA,PODE,Deputado Estadual,0,2022
0380,19099,SILVIA MIRANDA NAGATA,PODE,Deputado Estadual,3,2022
0380,19100,RICARDO LONGATTI FRANÇA,PODE,Deputado Estadual,42,2022
0380,19101,CLARICE CARASSOL AREVALO GANEM,PODE,Deputado Estadual,477,2022
0380,19110,WAGNER BAPTISTA RIGUEIRA,PODE,Deputado Estadual,0,2022
0380,19111,GERSON DOS SANTOS PIRES,PODE,Deputado Estadual,98,2022
0380,19115,VERONICA COSMO AMERICO,PODE,Deputado Estadual,1,2022
0380,19119,GABRIEL PINELLI FERRAZ,PODE,Deputado Estadual,6,2022
0380,19123,MARCIO PASCHOAL GIUDICIO,PODE,Deputado Estadual,3,2022
0380,19125,MARIZETE GOMES DE MAGALHÃES BERGAMIN,PODE,Deputado Estadual,2,2022
0380,19133,TATIANA DE FREITAS SIVIERO,PODE,Deputado Estadual,7,2022
0380,19141,LUIS ANTONIO DE SOUZA,PODE,Deputado Estadual,0,2022
0380,19147,AURELIANO CARNEIRO DE LIMA,PODE,Deputado Estadual,0,2022
0380,19153,JOSELITO DE SOUSA LIMA,PODE,Deputado Estadual,1,2022
0380,19157,RODRIGO FEITOSA LOPES,PODE,Deputado Estadual,0,2022
0380,19179,CRISTIANE VIVIAN ALVES GOMES,PODE,Deputado Estadual,0,2022
0380,19190,MAURO MARQUES DAS NEVES,PODE,Deputado Estadual,1,2022
0380,19192,ALDO FERNANDO NUNES,PODE,Deputado Estadual,0,2022
0380,19196,SÉRGIO DONIZETE FERREIRA,PODE,Deputado Estadual,0,2022
0380,19197,ELIANA CONRADO GOTTSFRITZ FERNANDES,PODE,Deputado Estadual,0,2022
0380,19199,VICTOR MORAES FILHO,PODE,Deputado Estadual,1,2022
0380,19200,DANIEL DA ROCHA MARTINI,PODE,Deputado Estadual,8,2022
0380,19209,FÁBIO ANDRÉ CAPUTO FERRACINI,PODE,Deputado Estadual,4,2022
0380,19219,SANDRA DE AMORIM BARBOSA DE OLIVEIRA,PODE,Deputado Estadual,1,2022
0380,19222,ADILSON DOMINGOS CENSI,PODE,Deputado Estadual,34,2022
0380,19233,CHARLES DOS ANJOS,PODE,Deputado Estadual,0,2022
0380,19234,FABIO LEANDRO CARDOSO TEIXEIRA,PODE,Deputado Estadual,0,2022
0380,19252,FÁBIO FARIAS DE SÁ,PODE,Deputado Estadual,5,2022
0380,19299,EDUARDO LIMA DE SOUZA,PODE,Deputado Estadual,5,2022
0380,19300,EDUARDO CARNEIRO MARTINS,PODE,Deputado Estadual,0,2022
0380,19313,ELISÂNGELA VENTURA ROCHA,PODE,Deputado Estadual,0,2022
0380,19321,LEONARDO DA SILVA BRIGAGÃO,PODE,Deputado Estadual,9,2022
0380,19333,GUILHERME ANDREW GONÇALVES DA SILVA,PODE,Deputado Estadual,68,2022
0380,19345,ANDRE MARTINS MACHADO,PODE,Deputado Estadual,0,2022
0380,19360,TÁBATA FREITAS MANZOLI,PODE,Deputado Estadual,5,2022
0380,19400,JOSE BISPO DOS SANTOS FILHO,PODE,Deputado Estadual,0,2022
0380,19444,MALBA TANIA RODRIGUES ABRANTES COELHO GOMES,PODE,Deputado Estadual,0,2022
0380,19454,MARISTELA MORESCHI RIBEIRO NADER,PODE,Deputado Estadual,27,2022
0380,19456,ADRIANO SANTANA DOS SANTOS,PODE,Deputado Estadual,8,2022
0380,19490,CARLOS HENRIQUE SILVESTRE GARZON,PODE,Deputado Estadual,1,2022
0380,19500,KLEBER CABRAL,PODE,Deputado Estadual,21,2022
0380,19519,EDUARDO DOS REIS MAGOGA,PODE,Deputado Estadual,2846,2022
0380,19555,GREGÓRIO MATIAS DE FREITAS,PODE,Deputado Estadual,3,2022
0380,19565,HENRIQUE LOPES SILVA,PODE,Deputado Estadual,0,2022
0380,19577,JOSÉ EDUARDO DOS SANTOS,PODE,Deputado Estadual,1,2022
0380,19600,ANDERSON DOS SANTOS MARTINS DE SOUZA,PODE,Deputado Estadual,1,2022
0380,19619,CÉSAR AUGUSTO JOSÉ,PODE,Deputado Estadual,0,2022
0380,19650,MARCOS ANTONIO SERAFIM BERNARDES JUNIOR,PODE,Deputado Estadual,0,2022
0380,19666,RUBENS CESTARI CAMPOS,PODE,Deputado Estadual,0,2022
0380,19667,MARIA APARECIDA DA COSTA BATISTA,PODE,Deputado Estadual,0,2022
0380,19678,PÉRICLES RÉGIS MENDONÇA DE LIMA,PODE,Deputado Estadual,0,2022
0380,19699,DOUGLAS BORGONI,PODE,Deputado Estadual,0,2022
0380,19700,CARLOS ALEXANDRE VIANNA SOARES,PODE,Deputado Estadual,56,2022
0380,19714,CARLOS EDUARDO NOBREGA,PODE,Deputado Estadual,5,2022
0380,19719,ALESSANDRA CRISTIANE SOARES GARCIA ALGARIN,PODE,Deputado Estadual,1,2022
0380,19753,VLADIMIR CODINHOTO,PODE,Deputado Estadual,1,2022
0380,19755,VANICE IZAURA CAMARGO COSTA DA SILVA,PODE,Deputado Estadual,1,2022
0380,19762,FABIO DUARTE,PODE,Deputado Estadual,4,2022
0380,19775,MARIA APARECIDA BORGES DE MACEDO,PODE,Deputado Estadual,0,2022
0380,19777,EDSON RODRIGUES,PODE,Deputado Estadual,29,2022
0380,19778,ANTONIO CARLOS BOLGIONI,PODE,Deputado Estadual,0,2022
0380,19789,CUSTODIA DE SOUZA RANGEL,PODE,Deputado Estadual,0,2022
0380,19798,DEISE DUARTE,PODE,Deputado Estadual,0,2022
0380,19800,MURILO BERBERT AVIGO FELIX,PODE,Deputado Estadual,43,2022
0380,19888,JAE KRUN PARK KIM,PODE,Deputado Estadual,9,2022
0380,19900,MARCOS PAULO TAVARES FURLAN,PODE,Deputado Estadual,3,2022
0380,19911,MARCOS MENDES DA SILVA,PODE,Deputado Estadual,0,2022
0380,19987,QUELEN HELOISA DOS SANTOS VANDERLEI,PODE,Deputado Estadual,6,2022
0380,19991,MARIA DO CARMO PORTELA RUMBO,PODE,Deputado Estadual,2,2022
0380,19992,DANIEL ARAUJO NEVES SANTIAGO LIMA,PODE,Deputado Estadual,3,2022
0380,19999,ALVARO COSTA VIEIRA,PODE,Deputado Estadual,13,2022
0380,20000,MARCELO THEODORO DE AGUIAR,PSC,Deputado Estadual,110,2022
0380,20001,DIEGO VOLGARINE PARDAL,PSC,Deputado Estadual,1,2022
0380,20002,JEAN ALEX DE ANDRADE DOS SANTOS,PSC,Deputado Estadual,0,2022
0380,20003,ELZA DIAS AMARO,PSC,Deputado Estadual,0,2022
0380,20004,RITA VALÉRIA ALVES,PSC,Deputado Estadual,0,2022
0380,20005,EVANDRO ANTONIO RAMOS TERRA VARONIL DE SOUSA,PSC,Deputado Estadual,1,2022
0380,20007,JOEL BATISTA RAMOS,PSC,Deputado Estadual,1,2022
0380,20010,CAIO ALEXANDRE GOMES DA SILVA,PSC,Deputado Estadual,13,2022
0380,20011,CLÁUDIO DO NASCIMENTO TORRES,PSC,Deputado Estadual,0,2022
0380,20012,ELTON ALVES RIBEIRO DE CARVALHO JUNIOR,PSC,Deputado Estadual,17,2022
0380,20015,ELIANE MARIA DE SANTANA OLIVEIRA,PSC,Deputado Estadual,0,2022
0380,20018,GILBERTO SANTOS SILVA DE VASCONCELOS,PSC,Deputado Estadual,0,2022
0380,20020,MARCO ANTONIO BIOTO,PSC,Deputado Estadual,48,2022
0380,20021,LUCIA DE FATIMA SILVA ROSIM,PSC,Deputado Estadual,3,2022
0380,20022,LUIS DONIZETTI VAZ JUNIOR,PSC,Deputado Estadual,4,2022
0380,20023,ANGELO ANTONIO BUCIOLOTI,PSC,Deputado Estadual,0,2022
0380,20025,ALEXSANDRA BEZERRA LEITE DA SILVA,PSC,Deputado Estadual,0,2022
0380,20028,VÂNIA FERREIRA DE FRANÇA,PSC,Deputado Estadual,0,2022
0380,20033,AGILDO FAUSTINO DOS SANTOS JUNIOR,PSC,Deputado Estadual,0,2022
0380,20035,MARIA JOSE DA SILVA,PSC,Deputado Estadual,0,2022
0380,20038,LEANDRO ALVES,PSC,Deputado Estadual,1,2022
0380,20040,SONIA DA SILVA LIMA,PSC,Deputado Estadual,0,2022
0380,20044,JOSÉ ROBERTO DE MELLO,PSC,Deputado Estadual,1,2022
0380,20057,WAGNER DE AVILA RIBEIRO,PSC,Deputado Estadual,7,2022
0380,20077,ALLINSON PAULO NUNES,PSC,Deputado Estadual,1,2022
0380,20080,MILTON BEZERRA FEITOZA,PSC,Deputado Estadual,0,2022
0380,20088,GIRLANE LIMA DE SOUZA,PSC,Deputado Estadual,1,2022
0380,20100,FELIPE TALVANI SONTINI,PSC,Deputado Estadual,7,2022
0380,20120,OZELITO JOSÉ BENEDITO,PSC,Deputado Estadual,6,2022
0380,20122,FABIO SANTOS DE OLIVEIRA,PSC,Deputado Estadual,0,2022
0380,20123,HELIO DONIZETE ZANATTA,PSC,Deputado Estadual,323,2022
0380,20124,VALERIA DE CAMPOS BALBINO,PSC,Deputado Estadual,0,2022
0380,20133,EDIVALDO SILVA MEIRA,PSC,Deputado Estadual,5,2022
0380,20140,ODETE BARBOSA DA SILVA,PSC,Deputado Estadual,1,2022
0380,20141,TRACE CAROLINE DIAS DAS CHAGAS,PSC,Deputado Estadual,0,2022
0380,20147,ANISTALDO LUIZ LOPES DA SILVA,PSC,Deputado Estadual,12,2022
0380,20150,NILSON PEREIRA DUARTE,PSC,Deputado Estadual,2,2022
0380,20153,RICARDO DOS SANTOS SATURNO,PSC,Deputado Estadual,0,2022
0380,20180,CLAUDETE MARTINS SANTOS DE ANDRADE,PSC,Deputado Estadual,27,2022
0380,20190,LUIZ PAULO MADALHANO MAGALHÃES,PSC,Deputado Estadual,204,2022
0380,20200,WELINGTON APARECIDO ALFREDO,PSC,Deputado Estadual,7,2022
0380,20201,SEBASTIÃO RAIMUNDO DE OLIVEIRA,PSC,Deputado Estadual,1,2022
0380,20202,JOHN GOKI KAGE,PSC,Deputado Estadual,10,2022
0380,20212,CARLOS ROBERTO BATISTA DOS SANTOS,PSC,Deputado Estadual,1,2022
0380,20220,LIDIA FREITAS DO NASCIMENTO,PSC,Deputado Estadual,3,2022
0380,20222,ROSIRENE DE JESUS SANTOS,PSC,Deputado Estadual,3,2022
0380,20227,SANDRA PEDROSA GARCIA DOS SANTOS,PSC,Deputado Estadual,0,2022
0380,20234,VERA LUCIA DE SOUZA BUENO URBAN,PSC,Deputado Estadual,1,2022
0380,20250,DÁRIO CASSIANO DE SOUZA,PSC,Deputado Estadual,18,2022
0380,20297,ENID KREBSKY DE CARVALHO,PSC,Deputado Estadual,0,2022
0380,20300,MARILDA DE SANTANA GIRON,PSC,Deputado Estadual,1,2022
0380,20320,JOSÉ CARLOS FURIOSO,PSC,Deputado Estadual,249,2022
0380,20322,LENILSON ALVES DE LIMA,PSC,Deputado Estadual,0,2022
0380,20330,ALLAN DAVID FERREIRA DE LIMA,PSC,Deputado Estadual,1,2022
0380,20333,VALDENIR JOSÉ BITIU,PSC,Deputado Estadual,10,2022
0380,20345,IZILDA DE LOURDES ALIPIO,PSC,Deputado Estadual,2,2022
0380,20350,DOUGLAS VANDERLEI AUGUSTO,PSC,Deputado Estadual,0,2022
0380,20400,MOACIR COVA,PSC,Deputado Estadual,1,2022
0380,20420,ARIELY PEDROSO SILVA PRETER,PSC,Deputado Estadual,0,2022
0380,20422,HELENA IZABEL DA SILVA GOMES,PSC,Deputado Estadual,1,2022
0380,20456,JÚLIO CESAR FUZARI,PSC,Deputado Estadual,5,2022
0380,20500,LEANDRO JERONIMO BASSON,PSC,Deputado Estadual,42,2022
0380,20520,FERNANDO ROCHA GARCIA,PSC,Deputado Estadual,1,2022
0380,20522,RENAN DIAS DA MATA,PSC,Deputado Estadual,3,2022
0380,20555,CRISTIANE FERREIRA PASSOS LASTÓRIA,PSC,Deputado Estadual,0,2022
0380,20600,GUSTAVO MESQUITA GALVÃO BUENO,PSC,Deputado Estadual,41,2022
0380,20611,VALTER FAUSTINO MARTINS JUNIOR,PSC,Deputado Estadual,0,2022
0380,20620,PEDRO MARQUES FERREIRA ASSAD,PSC,Deputado Estadual,0,2022
0380,20627,AIRTON DOS SANTOS,PSC,Deputado Estadual,1,2022
0380,20629,ELISABETE NATALI ALVARENGA,PSC,Deputado Estadual,0,2022
0380,20666,TIAGO DE OLIVEIRA SOUZA,PSC,Deputado Estadual,0,2022
0380,20678,MARCOS APARECIDO BARROS DE LIMA,PSC,Deputado Estadual,5,2022
0380,20700,THIAGO RODRIGO ROCHITI,PSC,Deputado Estadual,9,2022
0380,20720,ANTÔNIO MANOEL,PSC,Deputado Estadual,0,2022
0380,20722,ANDERSON RUGEL VAZ,PSC,Deputado Estadual,0,2022
0380,20745,SILVIO BARBOSA LOPES FILHO,PSC,Deputado Estadual,0,2022
0380,20777,RELDER SANDRO DE SOUZA FIALHO,PSC,Deputado Estadual,4,2022
0380,20789,ANDRE MARCOS DE ABREU,PSC,Deputado Estadual,0,2022
0380,20800,FREDERICH GERALDO MARTINS,PSC,Deputado Estadual,1,2022
0380,20820,ADILSON RIBEIRO,PSC,Deputado Estadual,0,2022
0380,20888,MAURÍCIO FERREIRA LIMA,PSC,Deputado Estadual,1,2022
0380,20900,PAULO SERGIO GALTERIO,PSC,Deputado Estadual,75,2022
0380,20920,EDNA CHRISTINA SANTIAGO,PSC,Deputado Estadual,0,2022
0380,21000,GABRIEL VIGHY DE CARVALHO,PCB,Deputado Estadual,58,2022
0380,21001,MICHEL LEITE VIANA,PCB,Deputado Estadual,4,2022
0380,21100,FABIANA TAYANE MEDRADO DA CRUZ,PCB,Deputado Estadual,13,2022
0380,22000,DIMAS MECCA SAMPAIO,PL,Deputado Estadual,1158,2022
0380,22001,MONICA BATALHA PRADO,PL,Deputado Estadual,9,2022
0380,22002,REGIS LEANDRO YASUMURA,PL,Deputado Estadual,7,2022
0380,22007,DANILO MASCARENHAS DE BALAS,PL,Deputado Estadual,181,2022
0380,22008,FELIPE CARMONA CANTERA,PL,Deputado Estadual,99,2022
0380,22010,ANDRE LUIS BUENO,PL,Deputado Estadual,49,2022
0380,22011,KAREN LIMA VIEIRA,PL,Deputado Estadual,9,2022
0380,22012,JULIO CESAR PEREIRA DE SOUZA,PL,Deputado Estadual,12,2022
0380,22013,TIAGO MARTINS PERETTO,PL,Deputado Estadual,1,2022
0380,22022,ANA PAULA ROSSI DE ALMEIDA MAGDESIAN,PL,Deputado Estadual,39,2022
0380,22030,JOÃO CÉSAR DE MORAES,PL,Deputado Estadual,7,2022
0380,22038,AMERICO MASSAKI HIGUTI,PL,Deputado Estadual,95,2022
0380,22045,VIVIANE ROBERTA MATIOLI,PL,Deputado Estadual,2,2022
0380,22047,VICENTE PAULA RIBEIRO,PL,Deputado Estadual,5,2022
0380,22051,FABIANA DE LIMA BARROSO,PL,Deputado Estadual,250,2022
0380,22057,IVETA DE SOUZA ALVES,PL,Deputado Estadual,0,2022
0380,22058,ANDROMEDES BARBOSA OKABE,PL,Deputado Estadual,13,2022
0380,22070,MARIA DE FÁTIMA ALVES BARBOSA,PL,Deputado Estadual,8,2022
0380,22090,JOSE BRAZ DE OLIVEIRA JUNIOR,PL,Deputado Estadual,47,2022
0380,22099,CRISTIANY DE CASTRO,PL,Deputado Estadual,12,2022
0380,22100,BRUNO ZAMBELLI SALGADO,PL,Deputado Estadual,1514,2022
0380,22111,CLAUDIO NAZARENO SOUZA DE QUEIROZ,PL,Deputado Estadual,12,2022
0380,22112,CARLOS CEZAR DA SILVA,PL,Deputado Estadual,789,2022
0380,22120,GILDEVANIO ILSO DOS SANTOS DINIZ,PL,Deputado Estadual,1080,2022
0380,22122,MARCIA TAPIGLIANI BAPTISTA,PL,Deputado Estadual,27,2022
0380,22123,RICARDO ROSSI MADALENA,PL,Deputado Estadual,30,2022
0380,22138,ROBERVAL CONTE LOPES LIMA,PL,Deputado Estadual,645,2022
0380,22144,LUIZ CARLOS DA COSTA VALLE,PL,Deputado Estadual,108,2022
0380,22150,RAFAEL RIBEIRO ZUCCO,PL,Deputado Estadual,75,2022
0380,22180,RAQUEL KOBASHI GALLINATI LOMBARDI,PL,Deputado Estadual,312,2022
0380,22181,HUGO PEREIRA DE CASTRO,PL,Deputado Estadual,4,2022
0380,22190,SERGIO CALDAS SANTANA,PL,Deputado Estadual,30,2022
0380,22200,DONIZETE ALVES BARBOSA,PL,Deputado Estadual,33,2022
0380,22211,CARLOS AGUIAR DE ANDRADE,PL,Deputado Estadual,7,2022
0380,22212,TIAGO FINESSI,PL,Deputado Estadual,25,2022
0380,22221,SERGIO MATHEUS SANTOS GARCEZ,PL,Deputado Estadual,35,2022
0380,22222,MARCOS ROBERTO DAMASIO DA SILVA,PL,Deputado Estadual,525,2022
0380,22223,DANILO BERTIPAGLIA BARNABÉ,PL,Deputado Estadual,76,2022
0380,22225,JOSE CARLOS FERREIRA VILELA,PL,Deputado Estadual,2,2022
0380,22230,ANNE CAROLINE SILVA,PL,Deputado Estadual,12,2022
0380,22232,ANA CRISTINA VARGAS CALDEIRA,PL,Deputado Estadual,21,2022
0380,22233,SIRINEU DE ARAUJO SANTOS,PL,Deputado Estadual,43,2022
0380,22244,THIAGO SANTOS ALVES DE SOUSA,PL,Deputado Estadual,8,2022
0380,22250,ALISSON GUIMARÃES PEREIRA DE SOUZA,PL,Deputado Estadual,44,2022
0380,22252,TATIANA REGINA CRISCUOLO,PL,Deputado Estadual,1,2022
0380,22288,OSCAR CASTELO BRANCO DE LUCA,PL,Deputado Estadual,124,2022
0380,22290,JUCIANE APARECIDA DA CUNHA,PL,Deputado Estadual,13,2022
0380,22299,VICENTE FERNANDES CASCIONE,PL,Deputado Estadual,22,2022
0380,22300,RICARDO RIBEIRO PEDROSO,PL,Deputado Estadual,8,2022
0380,22322,DANIELE MAZUQUELI ALONSO,PL,Deputado Estadual,52,2022
0380,22330,GIOVANNI BARBIERATTO,PL,Deputado Estadual,4,2022
0380,22333,EDNALDO DOS SANTOS PASSOS,PL,Deputado Estadual,10,2022
0380,22338,ROGÉRIO DA SILVA SANTOS,PL,Deputado Estadual,1,2022
0380,22343,THIAGO REIS AURICCHIO,PL,Deputado Estadual,274,2022
0380,22345,ROY NELSON PINTO,PL,Deputado Estadual,1,2022
0380,22373,ALESSANDRA ALMEIDA PEREIRA,PL,Deputado Estadual,6,2022
0380,22380,CLAUDIO FERNANDO DE AGUIAR,PL,Deputado Estadual,3,2022
0380,22390,JULIANO DA SILVA MELO,PL,Deputado Estadual,10,2022
0380,22400,MARILZA JOANA GARCIA DE MELO,PL,Deputado Estadual,8,2022
0380,22422,PAULO JORGE MANSUR NETO,PL,Deputado Estadual,1045,2022
0380,22424,MARCELA REGINA RODRIGUES DA CUNHA,PL,Deputado Estadual,2,2022
0380,22433,JOSE GUSTAVO DUARTE DE ARAÚJO,PL,Deputado Estadual,22,2022
0380,22444,MATHEUS COIMBRA MARTINS DE AGUIAR,PL,Deputado Estadual,584,2022
0380,22456,ANTONIO CARLOS ALBINO,PL,Deputado Estadual,55,2022
0380,22491,VALDETE GUEDES DE OLIVEIRA,PL,Deputado Estadual,0,2022
0380,22500,LUCAS DIEZ BOVE,PL,Deputado Estadual,732,2022
0380,22522,JOSE FERNANDES DE LIRA JUNIOR,PL,Deputado Estadual,19,2022
0380,22541,RODRIGO AUGUSTO MORAES,PL,Deputado Estadual,85,2022
0380,22550,LUCAS PAVAN ZANATTA,PL,Deputado Estadual,25,2022
0380,22553,THELMA ELAINE BRASILEIRO ROBERTI,PL,Deputado Estadual,169,2022
0380,22555,FABIO ROGÉRIO CANDIDO,PL,Deputado Estadual,288,2022
0380,22556,CARLOS EDUARDO THOMAZ PEDROSO,PL,Deputado Estadual,3,2022
0380,22566,WANDERLENE IEDA BACARO DE BRITO,PL,Deputado Estadual,1,2022
0380,22567,IZAQUE JOSÉ DA SILVA,PL,Deputado Estadual,2,2022
0380,22580,ANA CLAUDIA PERES LUCAS LOPES,PL,Deputado Estadual,39,2022
0380,22600,UBIRATAN SILVEIRA GARCIA,PL,Deputado Estadual,6,2022
0380,22622,JOSEPH RAFFOUL JUNIOR,PL,Deputado Estadual,22,2022
0380,22677,ANDERSON FABIANO PUPO FERNANDES,PL,Deputado Estadual,5,2022
0380,22678,ISAC FELIX DOS SANTOS,PL,Deputado Estadual,27,2022
0380,22700,EDNE JOSE PIFFER JUNIOR,PL,Deputado Estadual,9,2022
0380,22711,ANITA DOS SANTOS TAKAIYASU,PL,Deputado Estadual,2,2022
0380,22722,ISABELA CRISTINA CARDOSO DA CRUZ,PL,Deputado Estadual,2,2022
0380,22762,JOSE CARLOS FERNANDES,PL,Deputado Estadual,15,2022
0380,22765,REGIANE ROCHA,PL,Deputado Estadual,1,2022
0380,22777,ALEXANDER MUNIZ DE OLIVEIRA,PL,Deputado Estadual,35,2022
0380,22789,DANIEL ROSSI,PL,Deputado Estadual,4,2022
0380,22800,CLODOALDO APARECIDO DE MORAES,PL,Deputado Estadual,12,2022
0380,22808,FABRIZIO FASANO JUNIOR,PL,Deputado Estadual,70,2022
0380,22822,ANTONIO GINACK JUNIOR,PL,Deputado Estadual,21,2022
0380,22888,GRACIELA DE LOURDES DAVID AMBROSIO,PL,Deputado Estadual,34,2022
0380,22900,FLAVIO GONÇALVES DA COSTA,PL,Deputado Estadual,186,2022
0380,22921,ANTONIO BESERRA LIMA,PL,Deputado Estadual,1,2022
0380,22922,VALERIA MULLER RAMOS BOLSONARO,PL,Deputado Estadual,3276,2022
0380,22999,ANDRE LUIS DO PRADO,PL,Deputado Estadual,42,2022
0380,23000,RAFAEL FERNANDO ZIMBALDI,CIDADANIA,Deputado Estadual,4794,2022
0380,23001,LUZIMAR BARBOSA DA SILVA,CIDADANIA,Deputado Estadual,0,2022
0380,23011,HARLLEM GONÇALVES DE OLIVEIRA,CIDADANIA,Deputado Estadual,0,2022
0380,23023,ANA CAROLINA ROSSI BARRETO SERRA,CIDADANIA,Deputado Estadual,13,2022
0380,23123,CAROLINE GOMES FERREIRA DE MELLO,CIDADANIA,Deputado Estadual,12,2022
0380,23131,FABIOLA TATCHER MARTINS RODA,CIDADANIA,Deputado Estadual,0,2022
0380,23230,RODRIGO CAPEL,CIDADANIA,Deputado Estadual,1,2022
0380,23231,LUCIANA CRISTINA MENDES SANTOS,CIDADANIA,Deputado Estadual,0,2022
0380,23233,MARIO LACERDA SOUZA,CIDADANIA,Deputado Estadual,46,2022
0380,23333,RICARDO MARCILIO MONTEIRO,CIDADANIA,Deputado Estadual,80,2022
0380,23451,LEANDRO FRANCOIS DE ALMEIDA,CIDADANIA,Deputado Estadual,1,2022
0380,23455,VALMIR ROSA,CIDADANIA,Deputado Estadual,3,2022
0380,23456,ANTONIO DIRCEU DALBEN,CIDADANIA,Deputado Estadual,1182,2022
0380,23479,ROSEMEIRE RIBEIRO,CIDADANIA,Deputado Estadual,0,2022
0380,23510,CARLOS AUGUSTO ABRANCHES,CIDADANIA,Deputado Estadual,3,2022
0380,23623,ROBERTO TURCHI DE MORAIS,CIDADANIA,Deputado Estadual,16,2022
0380,23777,CARLOS AUGUSTO DA CUNHA SILVA,CIDADANIA,Deputado Estadual,0,2022
0380,23888,LI LI MIN,CIDADANIA,Deputado Estadual,337,2022
0380,27011,ALEXANDRE HARTMANN,DC,Deputado Estadual,1,2022
0380,27113,EVERILDA XAVIER MOREIRA,DC,Deputado Estadual,0,2022
0380,27123,AHMAD ABOU ADILE,DC,Deputado Estadual,0,2022
0380,27133,ANTONIO GENARO PEREIRA DA SILVA,DC,Deputado Estadual,0,2022
0380,27251,JOSE CANDIDO DA SILVA,DC,Deputado Estadual,0,2022
0380,27277,MARCELO PEREIRA,DC,Deputado Estadual,0,2022
0380,27321,ALEXANDRE CABRAL DE OLIVEIRA,DC,Deputado Estadual,0,2022
0380,27500,ODILIA CRISTINA SANTOS DO NASCIMENTO,DC,Deputado Estadual,0,2022
0380,27653,MARIA ROSA DE ALBUQUERQUE,DC,Deputado Estadual,0,2022
0380,27866,ANTÔNIO ROCHA DOS SANTOS,DC,Deputado Estadual,0,2022
0380,27911,JOSÉ FÁBIO DOS SANTOS SILVA,DC,Deputado Estadual,0,2022
0380,28000,JOSE VINICIUS CAMPOS AITH,PRTB,Deputado Estadual,11,2022
0380,28003,FRANCISCO SEVERIANO DA SILVA,PRTB,Deputado Estadual,0,2022
0380,28007,BIANCA CESÁRIO DE OLIVEIRA,PRTB,Deputado Estadual,0,2022
0380,28008,EMERSON ZOCCHI,PRTB,Deputado Estadual,1,2022
0380,28014,ANTONIO JOSE FERREIRA,PRTB,Deputado Estadual,0,2022
0380,28018,MARCIA RAICHER,PRTB,Deputado Estadual,0,2022
0380,28020,CRISTIANE NOVAK,PRTB,Deputado Estadual,1,2022
0380,28022,PAULO ROBERTO DIAS PEREIRA,PRTB,Deputado Estadual,6,2022
0380,28023,WELLITON BEZERRA DA SILVA,PRTB,Deputado Estadual,1,2022
0380,28025,FERNANDA APARECIDA GOMES DA SILVA CAETANO,PRTB,Deputado Estadual,0,2022
0380,28028,SAMUEL PORFIRIO FRANCA,PRTB,Deputado Estadual,0,2022
0380,28033,JOSE DE SOUZA JUNIOR,PRTB,Deputado Estadual,0,2022
0380,28038,FABIANO GABRIEL CARVALHO SILVA,PRTB,Deputado Estadual,0,2022
0380,28050,PAULA MICHELLE DIAS,PRTB,Deputado Estadual,1,2022
0380,28056,THIAGO FELIPE NEVES,PRTB,Deputado Estadual,5,2022
0380,28069,ROGERIO JACOMO MICHELETTI,PRTB,Deputado Estadual,0,2022
0380,28070,DANIELE ANSELMO DE MORAIS,PRTB,Deputado Estadual,0,2022
0380,28088,MARCELO MAMBRINI,PRTB,Deputado Estadual,0,2022
0380,28099,ANTONIO D AGOSTINO,PRTB,Deputado Estadual,0,2022
0380,28100,ANA ANGELA PALERMO,PRTB,Deputado Estadual,4,2022
0380,28111,DJALMA DE LIMA SANTOS,PRTB,Deputado Estadual,1,2022
0380,28122,WALTER NOLA,PRTB,Deputado Estadual,0,2022
0380,28128,LIVIA MARIA RODRIGUES FIDELIX DA CRUZ,PRTB,Deputado Estadual,1,2022
0380,28145,ANDRESSA MAZZEI SIGNORETTI DA SILVA,PRTB,Deputado Estadual,0,2022
0380,28148,JOSE APARECIDO ROSA FILHO,PRTB,Deputado Estadual,0,2022
0380,28173,ALMIRO RODRIGUES RIBEIRO,PRTB,Deputado Estadual,1,2022
0380,28177,MARCELO LOPES,PRTB,Deputado Estadual,27,2022
0380,28190,LUCIANO GALESCO,PRTB,Deputado Estadual,20,2022
0380,28193,ROBERTO CASTRO COSTA,PRTB,Deputado Estadual,0,2022
0380,28199,SANDRO APARECIDO BATISTA,PRTB,Deputado Estadual,0,2022
0380,28200,JULIO CESAR FRANCISCO,PRTB,Deputado Estadual,0,2022
0380,28228,EDSON ROBERTO ALOISIO,PRTB,Deputado Estadual,0,2022
0380,28238,ADILSON ALVES LUZ,PRTB,Deputado Estadual,0,2022
0380,28248,SHIRLEY VITORIA BERLINI CODREANSCHI,PRTB,Deputado Estadual,0,2022
0380,28280,CLAUDIO MARTINS NEVES DE FRANCA,PRTB,Deputado Estadual,0,2022
0380,28281,MAGNA DA SILVA,PRTB,Deputado Estadual,0,2022
0380,28285,LEANDRO FERREIRA FELICIANO,PRTB,Deputado Estadual,9,2022
0380,28286,LUANA SILVA QUEIROZ,PRTB,Deputado Estadual,0,2022
0380,28289,PASCOAL LEAL DE PAULA,PRTB,Deputado Estadual,0,2022
0380,28290,LUIS HENRIQUE USAI,PRTB,Deputado Estadual,1,2022
0380,28300,IEDA MARIA NOGUEIRA SILVA,PRTB,Deputado Estadual,2,2022
0380,28311,DIONE FRANCISCO DA SILVA,PRTB,Deputado Estadual,0,2022
0380,28312,MICHAEL WILLI DA SILVA STREIDL,PRTB,Deputado Estadual,49,2022
0380,28317,ROSANGELA SALVIANO POLIDO VAZ,PRTB,Deputado Estadual,1,2022
0380,28321,VANDERLEI GROSSI DA SILVA,PRTB,Deputado Estadual,0,2022
0380,28322,ALEUSON ROSA DA SILVA,PRTB,Deputado Estadual,0,2022
0380,28328,GIANE DA SILVA FERREIRA,PRTB,Deputado Estadual,11,2022
0380,28333,MIGUEL AFFONSO COIMBRA NETO,PRTB,Deputado Estadual,2,2022
0380,28357,MARDQUEU SILVIO FRANCA FILHO,PRTB,Deputado Estadual,173,2022
0380,28367,RENATA ROSA DE SA BOAVENTURA,PRTB,Deputado Estadual,0,2022
0380,28379,MADALENA BARBOSA DE SIQUEIRA,PRTB,Deputado Estadual,0,2022
0380,28386,BRAZ PEREIRA,PRTB,Deputado Estadual,0,2022
0380,28388,ANTONIO TARCIDO MARQUES FERNANDES,PRTB,Deputado Estadual,0,2022
0380,28400,MARCELO MENDES BINI,PRTB,Deputado Estadual,0,2022
0380,28419,GETULIO DE SOUSA SANTOS,PRTB,Deputado Estadual,0,2022
0380,28422,CICERO SEBASTIAO DE ARAUJO,PRTB,Deputado Estadual,0,2022
0380,28428,CLAUDIA CARVALHO DA ROCHA,PRTB,Deputado Estadual,0,2022
0380,28433,JOEL DE OLIVEIRA,PRTB,Deputado Estadual,0,2022
0380,28444,DANIELLE GOMES DE CARVALHO,PRTB,Deputado Estadual,14,2022
0380,28456,ADEMILSON RAMOS DA SILVA,PRTB,Deputado Estadual,0,2022
0380,28522,ROSANA DE ANDRADE MARQUES,PRTB,Deputado Estadual,0,2022
0380,28528,FABIAN ALVES RAMOS,PRTB,Deputado Estadual,0,2022
0380,28555,DAVID MONTEIRO DE MELLO,PRTB,Deputado Estadual,3,2022
0380,28622,EDMAR DIAS BRITO,PRTB,Deputado Estadual,1,2022
0380,28628,ANTONIO DA CUNHA LIMA,PRTB,Deputado Estadual,0,2022
0380,28633,ROBERTO FIGUEIREDO JUNIOR,PRTB,Deputado Estadual,2,2022
0380,28666,VÂNIA LUIZ AMANCIO,PRTB,Deputado Estadual,0,2022
0380,28700,RICARDO AZEVEDO DA SILVA,PRTB,Deputado Estadual,5,2022
0380,28741,JOSÉ MACENA DA SILVA FILHO,PRTB,Deputado Estadual,31,2022
0380,28765,LUCAS MARIANO DE CAMPOS,PRTB,Deputado Estadual,0,2022
0380,28780,JUAREZ PEREIRA DIAS,PRTB,Deputado Estadual,0,2022
0380,28788,FRANCISCO UELITON DE OLIVEIRA SOUZA,PRTB,Deputado Estadual,0,2022
0380,28800,WALTER RESENDE FILHO,PRTB,Deputado Estadual,1,2022
0380,28879,EVERTON REZENDE BELASCO,PRTB,Deputado Estadual,0,2022
0380,28886,RANGEL RODRIGO DE FIGUEIREDO BONELLI,PRTB,Deputado Estadual,0,2022
0380,28887,CLAUDINEI VIEIRA SOARES,PRTB,Deputado Estadual,5,2022
0380,28888,RENE SILVEIRA,PRTB,Deputado Estadual,3,2022
0380,28963,LEDIVAN LOPES SEABRA,PRTB,Deputado Estadual,0,2022
0380,28994,SEVERINA BENEDITA DA SILVA,PRTB,Deputado Estadual,0,2022
0380,28999,PEDRO IGOR RIBEIRO RAMOS,PRTB,Deputado Estadual,4,2022
0380,29029,NATÁLIA BRAGA COSTA PIMENTA,PCO,Deputado Estadual,3,2022
0380,29295,MARIA ANGELA ABDUCH,PCO,Deputado Estadual,0,2022
0380,29829,STEFANIA DE ALMEIDA ROBUSTELLI,PCO,Deputado Estadual,0,2022
0380,29999,RODRIGO ANTUNES DE LIMA,PCO,Deputado Estadual,1,2022
0380,30000,EDNEY BENEDITO SAMPAIO DUARTE JÚNIOR,NOVO,Deputado Estadual,35,2022
0380,30001,LEONE LUIZ DE FARIA JUNIOR,NOVO,Deputado Estadual,3,2022
0380,30003,KAIQUE CARDOSO VICENTE,NOVO,Deputado Estadual,2,2022
0380,30005,TAIS ALEXANDRE ZUZA CUSTÓDIO,NOVO,Deputado Estadual,5,2022
0380,30007,DIOGO DE FREITAS VALEIRO GARCIA,NOVO,Deputado Estadual,6,2022
0380,30008,MANOEL CORREA DA FONSECA NETO,NOVO,Deputado Estadual,0,2022
0380,30010,ANDRÉ NALEPA ABBUD,NOVO,Deputado Estadual,6,2022
0380,30011,MARCOS ANTONIO HOMSI GARCIA,NOVO,Deputado Estadual,7,2022
0380,30012,JOSÉ ALENCAR GALVÃO,NOVO,Deputado Estadual,0,2022
0380,30013,SÉRGIO ZAGARINO JUNIOR,NOVO,Deputado Estadual,3,2022
0380,30014,RODRIGO REY RODRIGUEZ,NOVO,Deputado Estadual,0,2022
0380,30015,CAROLINA ZANIRATO BUZONI,NOVO,Deputado Estadual,2,2022
0380,30016,IVAN PAULO PEREIRA DA SILVA,NOVO,Deputado Estadual,0,2022
0380,30018,BRUNO TIAGO DA SILVA BRANDINO,NOVO,Deputado Estadual,5,2022
0380,30020,YGOR FROES CARVALHO,NOVO,Deputado Estadual,0,2022
0380,30022,WILSON DE MELLO JUNIOR,NOVO,Deputado Estadual,4,2022
0380,30023,VÂNIA CRISTINA DA SILVA,NOVO,Deputado Estadual,3,2022
0380,30025,MATEUS JOSE DE CAMARGO STEFANI,NOVO,Deputado Estadual,0,2022
0380,30030,MONICA RAMIRES FERRAZ CURY,NOVO,Deputado Estadual,10,2022
0380,30033,WAGNER DE BRITO TEIXEIRA,NOVO,Deputado Estadual,0,2022
0380,30077,CAROLINE STAFOKER DA SILVA,NOVO,Deputado Estadual,4,2022
0380,30080,FERNANDO MARTINS,NOVO,Deputado Estadual,4,2022
0380,30100,EMILIO CURY JUNIOR,NOVO,Deputado Estadual,4,2022
0380,30111,RAFAEL PINTER,NOVO,Deputado Estadual,2,2022
0380,30123,CICERA SEVERINA DA CONCEIÇÃO MUSA,NOVO,Deputado Estadual,2,2022
0380,30130,MARIA CRISTINA DE OLIVEIRA,NOVO,Deputado Estadual,296,2022
0380,30153,MIRIAM MARIA ANTUNES DE SOUZA,NOVO,Deputado Estadual,124,2022
0380,30190,DOUGLAS HENRIQUE DE OLIVEIRA,NOVO,Deputado Estadual,51,2022
0380,30200,RAFAEL GUSTAVO BERNARDO,NOVO,Deputado Estadual,1,2022
0380,30202,PRISCILA GONÇALVES IEIRI PARRA,NOVO,Deputado Estadual,1,2022
0380,30222,MATILDE FÁTIMA ALVES CANUTO,NOVO,Deputado Estadual,1,2022
0380,30246,PAULO SÉRGIO CONTADOR MIRAS,NOVO,Deputado Estadual,86,2022
0380,30300,JOÃO VESTIM GRANDE,NOVO,Deputado Estadual,17,2022
0380,30301,EDUARDO ALMEIDA PERES,NOVO,Deputado Estadual,3,2022
0380,30303,DANIELLI CRISTIAN CARDOSO RÔA,NOVO,Deputado Estadual,4,2022
0380,30310,SILVANA MARQUES MONTEIRO,NOVO,Deputado Estadual,42,2022
0380,30321,VALMARA CRISTINA DE PAULA CAMARGO,NOVO,Deputado Estadual,8,2022
0380,30330,SILVIA BARNABE,NOVO,Deputado Estadual,4,2022
0380,30331,ANA PAULA MAGALHÃES DA SILVA PETILI,NOVO,Deputado Estadual,9,2022
0380,30333,EDSON TEIXEIRA,NOVO,Deputado Estadual,5,2022
0380,30345,ROMEU SÃO MARCOS ESCANHOELA,NOVO,Deputado Estadual,1,2022
0380,30369,TIAGO ROCHA FERREIRA,NOVO,Deputado Estadual,0,2022
0380,30400,LUIS GUILHERME PIRES,NOVO,Deputado Estadual,0,2022
0380,30444,ADALGISA SOLANGE SPINA,NOVO,Deputado Estadual,17,2022
0380,30456,CARLOS EDUARDO PEREZ,NOVO,Deputado Estadual,2,2022
0380,30500,SERGIO LUIZ VICTOR JUNIOR,NOVO,Deputado Estadual,67,2022
0380,30555,LUCAS PAVANATO DE OLIVEIRA,NOVO,Deputado Estadual,104,2022
0380,30600,LEONARDO DE SIQUEIRA LIMA,NOVO,Deputado Estadual,271,2022
0380,30700,LUCAS ROMERO DA SILVA,NOVO,Deputado Estadual,6,2022
0380,30730,HENRIQUE MAGALHÃES TEIXEIRA,NOVO,Deputado Estadual,569,2022
0380,30771,ODETE FIORDA,NOVO,Deputado Estadual,1,2022
0380,30777,CRISTIANE PEREIRA MACEDO,NOVO,Deputado Estadual,3,2022
0380,30800,RODRIGO BRUNO NAHAS,NOVO,Deputado Estadual,6,2022
0380,30878,MARCIO ANTONI SANTANA,NOVO,Deputado Estadual,1,2022
0380,30888,VITOR LUIS ARTIOLI KUNDRAT,NOVO,Deputado Estadual,2,2022
0380,30900,JURANDI SOARES GUIMARÃES,NOVO,Deputado Estadual,2,2022
0380,30972,ALEXANDRA DE ABREU,NOVO,Deputado Estadual,18,2022
0380,30987,MAURICIO AGUIAR GIUNTINI,NOVO,Deputado Estadual,1,2022
0380,30999,ANDRÉ LUIZ NAVARRO GARCIA MANZANO,NOVO,Deputado Estadual,6,2022
0380,33000,LUCCAS SANTOS DA CUNHA,PMN,Deputado Estadual,0,2022
0380,33006,PAMELA BARBOSA,PMN,Deputado Estadual,0,2022
0380,33007,SEBASTIÃO DE MESQUITA SILVA,PMN,Deputado Estadual,0,2022
0380,33010,FRANCISCO HORWATH NETO,PMN,Deputado Estadual,0,2022
0380,33017,GABRIELY DE LISIEUX LIMA BARBOSA,PMN,Deputado Estadual,0,2022
0380,33065,ADRIANA COELHO DE OLIVEIRA,PMN,Deputado Estadual,0,2022
0380,33100,PAULO CEZAR XAVIER ALEXANDRE,PMN,Deputado Estadual,0,2022
0380,33105,GENILDO RODRIGUES CASTRO,PMN,Deputado Estadual,0,2022
0380,33111,PATROCÍNIO RAMOS DA CRUZ NETO,PMN,Deputado Estadual,0,2022
0380,33112,GILMAR DIAS PEREIRA,PMN,Deputado Estadual,0,2022
0380,33120,SEBASTIÃO RIBEIRO DA SILVA,PMN,Deputado Estadual,0,2022
0380,33122,LUIZ MARQUES,PMN,Deputado Estadual,0,2022
0380,33123,ERICH DE ANDRES,PMN,Deputado Estadual,0,2022
0380,33133,ALESSANDRA VECCHIO SOBRINHO,PMN,Deputado Estadual,0,2022
0380,33136,AGNALDO ALVES PEREIRA,PMN,Deputado Estadual,0,2022
0380,33144,LUIZ FERNANDO BRASILIENSE,PMN,Deputado Estadual,0,2022
0380,33150,ROSILENE DOS SANTOS,PMN,Deputado Estadual,0,2022
0380,33190,FERNANDO DOS SANTOS CORREA,PMN,Deputado Estadual,0,2022
0380,33193,MARCOS DE OLIVEIRA SAMPAIO,PMN,Deputado Estadual,0,2022
0380,33199,PAULINA ROSA DE SOUZA JACINTO,PMN,Deputado Estadual,0,2022
0380,33222,GERALDO PEREIRA FILHO,PMN,Deputado Estadual,0,2022
0380,33234,IRENILDO ELIAS BARBOSA,PMN,Deputado Estadual,0,2022
0380,33240,IVAN CARLOS CONSTANTINO DE OLIVEIRA,PMN,Deputado Estadual,0,2022
0380,33246,JORGILENE ALVES SILVA,PMN,Deputado Estadual,0,2022
0380,33277,DORALICE SOUZA MATOS FAUSTINO,PMN,Deputado Estadual,0,2022
0380,33290,MÁRCIA LOPES DE ARAUJO,PMN,Deputado Estadual,0,2022
0380,33300,DAVI CICHETTO DE MORAES,PMN,Deputado Estadual,0,2022
0380,33312,MÁRCIA APARECIDA MENDES,PMN,Deputado Estadual,0,2022
0380,33313,SIDNEY MELO DA SILVA,PMN,Deputado Estadual,0,2022
0380,33321,MARCOS KOHLMANN BARBOZA,PMN,Deputado Estadual,0,2022
0380,33322,JÉSSIKA RUSSO MACHADO,PMN,Deputado Estadual,0,2022
0380,33331,MARCELLO MAZÁRIO COSTA,PMN,Deputado Estadual,0,2022
0380,33333,LEANDRA SOARES DOS SANTOS,PMN,Deputado Estadual,0,2022
0380,33334,GISELE CASARIN DA SILVA,PMN,Deputado Estadual,0,2022
0380,33355,ROSÂNGELA HERNANDES AZEVEDO,PMN,Deputado Estadual,0,2022
0380,33366,CÍCERO PEREIRA DO VALE,PMN,Deputado Estadual,0,2022
0380,33377,CELSO DA LUZ GUEDES,PMN,Deputado Estadual,0,2022
0380,33383,JOSÉ DOMINGOS SANTOS RIBEIRO,PMN,Deputado Estadual,0,2022
0380,33400,OSVALDO SANTOS DA SILVA,PMN,Deputado Estadual,0,2022
0380,33422,RAQUEL TOIAN DOS SANTOS,PMN,Deputado Estadual,0,2022
0380,33444,CÍCERO JOSÉ DE GOUVEIA,PMN,Deputado Estadual,0,2022
0380,33456,JOENE HENRIQUES DE FIGUEIREDO,PMN,Deputado Estadual,0,2022
0380,33500,ELIANDRO SILVA DIAS,PMN,Deputado Estadual,0,2022
0380,33536,MANOEL DE SOUSA COELHO JUNIOR,PMN,Deputado Estadual,0,2022
0380,33552,JOSÉ OSÓRIO FILHO,PMN,Deputado Estadual,0,2022
0380,33555,ROBERTO LUIZ DO NASCIMENTO,PMN,Deputado Estadual,0,2022
0380,33581,CLÁUDIO DE OLIVEIRA LEOPOLDO,PMN,Deputado Estadual,0,2022
0380,33606,CLEBER NUNES DOS SANTOS,PMN,Deputado Estadual,0,2022
0380,33666,WILLIAM SILVEIRA MEDEIROS,PMN,Deputado Estadual,0,2022
0380,33699,JOAQUIM ALVES PINHEIRO,PMN,Deputado Estadual,0,2022
0380,33700,DEIDILAN LIANG CORREIA DE SOUZA,PMN,Deputado Estadual,0,2022
0380,33713,MARIA LUCINDA RESENDE,PMN,Deputado Estadual,0,2022
0380,33722,ROSANGELA LOURENÇO BRITO SOUZA,PMN,Deputado Estadual,0,2022
0380,33733,RAIMUNDA GONÇALVES DOS SANTOS,PMN,Deputado Estadual,0,2022
0380,33766,LOURIVAL TORRES,PMN,Deputado Estadual,0,2022
0380,33777,TAIS CRISTINA LOURENÇO DE SOUZA,PMN,Deputado Estadual,0,2022
0380,33789,ANA CLÁUDIA MESQUITA ROCHA,PMN,Deputado Estadual,0,2022
0380,33843,RONALDO SEGALA,PMN,Deputado Estadual,0,2022
0380,33888,CAIO HENRIQUE DA SILVA,PMN,Deputado Estadual,0,2022
0380,33911,WAGNER CARDOSO DE OLIVEIRA,PMN,Deputado Estadual,0,2022
0380,33912,JOSÉ LUIZ ALVES NETO,PMN,Deputado Estadual,0,2022
0380,33933,ANGÉLICA DIAS DA SILVA,PMN,Deputado Estadual,0,2022
0380,33999,MICHAEL RICHARD DE JESUS PEDRO,PMN,Deputado Estadual,0,2022
0380,35000,LAERCIO BENKO LOPES,PMB,Deputado Estadual,4,2022
0380,35001,LUIS ALEXANDRE PINHEIRO,PMB,Deputado Estadual,0,2022
0380,35005,DANILO MARTINS DE OLIVEIRA FRANÇA,PMB,Deputado Estadual,0,2022
0380,35010,IRENIO OLIVEIRA CARDOSO,PMB,Deputado Estadual,0,2022
0380,35016,EDUARDO JOSE CORNELIO DE OLIVEIRA,PMB,Deputado Estadual,4,2022
0380,35019,TIAGO MANOEL CAETANO,PMB,Deputado Estadual,12,2022
0380,35022,ARLINDO PEREIRA FIGUEIREDO JUNIOR,PMB,Deputado Estadual,0,2022
0380,35030,SOFIA BRAGA PALMA,PMB,Deputado Estadual,0,2022
0380,35035,RAFAEL MORENO SOUZA SANTOS,PMB,Deputado Estadual,1,2022
0380,35051,LIGIA MAYUMI FUNAKI,PMB,Deputado Estadual,30,2022
0380,35054,CLEONICE APARECIDA PEREIRA DA SILVA,PMB,Deputado Estadual,0,2022
0380,35059,MARCO ANTONIO SARTI,PMB,Deputado Estadual,0,2022
0380,35077,JULIO CESAR FREITAS ROCHA,PMB,Deputado Estadual,0,2022
0380,35081,MARCOS JOSÉ DO VALLE,PMB,Deputado Estadual,0,2022
0380,35083,EDVAN LIMA BARBOSA,PMB,Deputado Estadual,4,2022
0380,35088,JANAINA BASTOS DE OLIVEIRA,PMB,Deputado Estadual,0,2022
0380,35099,JOÃO DA CONCEIÇÃO SILVA PAP,PMB,Deputado Estadual,17,2022
0380,35100,JOSÉ LUIZ BONITO,PMB,Deputado Estadual,2,2022
0380,35102,JOSÉ RICARDO DA SILVA,PMB,Deputado Estadual,1,2022
0380,35107,ROSEMARA LEANDRO DA SILVA,PMB,Deputado Estadual,0,2022
0380,35111,RICARDO ALEXANDRE ZUPIROLLI,PMB,Deputado Estadual,5,2022
0380,35113,RONALDO ELIAS MARIANO,PMB,Deputado Estadual,0,2022
0380,35119,NIELTON CARVALHO DE MATOS,PMB,Deputado Estadual,0,2022
0380,35121,WILSON DE VASCONCELOS VEIGA,PMB,Deputado Estadual,0,2022
0380,35122,ANDERSON ROGERIO ALVES,PMB,Deputado Estadual,3,2022
0380,35123,DANTE HENRIQUE MANTOVANI,PMB,Deputado Estadual,3,2022
0380,35180,PAULO DE OLIVEIRA ENEAS,PMB,Deputado Estadual,4,2022
0380,35190,REINALDO PEREIRA ZACHARIAS,PMB,Deputado Estadual,20,2022
0380,35191,JOSÉ PEREIRA NETO,PMB,Deputado Estadual,0,2022
0380,35193,ANGELO MARCIO DE JESUS SILVA,PMB,Deputado Estadual,0,2022
0380,35200,NOELMA DE SOUZA RODRIGUES,PMB,Deputado Estadual,0,2022
0380,35221,LUIS JACINTO BARRETO,PMB,Deputado Estadual,0,2022
0380,35222,MARCOS RIBEIRO DA SILVA,PMB,Deputado Estadual,1,2022
0380,35224,FRANCISCO ALVES DE SOUSA,PMB,Deputado Estadual,0,2022
0380,35259,ELAINE CRISTINA PUPE DE MORAIS,PMB,Deputado Estadual,0,2022
0380,35274,MARIA DA CONCEIÇÃO FERNANDES GRANATO,PMB,Deputado Estadual,0,2022
0380,35300,CLEBER VALADÃO ANTUNES,PMB,Deputado Estadual,0,2022
0380,35305,LUIS CARLOS FABIANI,PMB,Deputado Estadual,5,2022
0380,35312,SILAS DA SILVA MOREIRA,PMB,Deputado Estadual,0,2022
0380,35321,VALQUIRIA JUSTINO,PMB,Deputado Estadual,0,2022
0380,35322,KAISON ROBERTO ALVES,PMB,Deputado Estadual,2,2022
0380,35325,ROBERTO FRANCISCO DA SILVA,PMB,Deputado Estadual,1,2022
0380,35330,ADELMACIR DE SOUZA,PMB,Deputado Estadual,0,2022
0380,35333,LUCIANA APARECIDA DE PAULA CARVALHO,PMB,Deputado Estadual,0,2022
0380,35350,VIVIAN FILETO MARTINS DOS SANTOS,PMB,Deputado Estadual,0,2022
0380,35352,FERNANDO LUIS COUTINHO NEVES,PMB,Deputado Estadual,446,2022
0380,35355,MARCIA WALERIA NUNES DE OLIVEIRA DIAS,PMB,Deputado Estadual,5,2022
0380,35360,GILVAN DE ANDRADE GAIA,PMB,Deputado Estadual,0,2022
0380,35361,ADRIANA RANGEL RIBEIRO,PMB,Deputado Estadual,2,2022
0380,35369,ROBERIO DOS SANTOS BENEDITO,PMB,Deputado Estadual,0,2022
0380,35380,REGINALDO DA ROCHA MÁXIMO,PMB,Deputado Estadual,0,2022
0380,35400,WILLIAM DE SOUZA PALMA BOARRETTO,PMB,Deputado Estadual,0,2022
0380,35432,BENEDITO EDELCIO DA SILVA,PMB,Deputado Estadual,0,2022
0380,35444,MARIA ESTELA CAPELETTI DA ROCHA,PMB,Deputado Estadual,0,2022
0380,35447,ANDERSON HENRIQUE PINTO,PMB,Deputado Estadual,0,2022
0380,35450,INGRID DE MENDONÇA RIBEIRO,PMB,Deputado Estadual,0,2022
0380,35469,ERALDO NUNES GALDINO,PMB,Deputado Estadual,0,2022
0380,35474,CASSIO EDUARDO FONSECA,PMB,Deputado Estadual,0,2022
0380,35482,SUELI GUETE AGUIAR,PMB,Deputado Estadual,0,2022
0380,35500,ELIS REGINA NOGUEIRA RODRIGUES,PMB,Deputado Estadual,0,2022
0380,35522,THAISE CARVALHO MIRANDA,PMB,Deputado Estadual,0,2022
0380,35533,JORGE CLAUDIO ANSELMO,PMB,Deputado Estadual,0,2022
0380,35550,DOUGLAS KAJFES GARCIA,PMB,Deputado Estadual,0,2022
0380,35551,ELISANGELA VALINHO QUEIROZ DOS SANTOS,PMB,Deputado Estadual,0,2022
0380,35553,ENEAS SILVA FERREIRA SALES,PMB,Deputado Estadual,0,2022
0380,35554,ALEIXO ANDRE MANOEL NETO,PMB,Deputado Estadual,0,2022
0380,35555,DANILO RIDYER PALMA,PMB,Deputado Estadual,259,2022
0380,35600,CARLOS FERNANDO SERRA DO NASCIMENTO,PMB,Deputado Estadual,0,2022
0380,35622,JULIO AURELIANO DA SILVA,PMB,Deputado Estadual,0,2022
0380,35635,LUIS RENATO PINTO DE OLIVEIRA,PMB,Deputado Estadual,2,2022
0380,35666,DULCINEIA COELHO DA SILVA,PMB,Deputado Estadual,0,2022
0380,35667,FATIMA NASCIMENTO ALEXANDRE,PMB,Deputado Estadual,0,2022
0380,35678,DANIEL RODRIGUES BRANDO,PMB,Deputado Estadual,0,2022
0380,35700,ROGÉRIO MARTINIUC DE OLIVEIRA,PMB,Deputado Estadual,1,2022
0380,35722,ADELINO CASTELLEIRO FILHO,PMB,Deputado Estadual,0,2022
0380,35733,SANTA DA PAIXÃO GOMES DA SILVA,PMB,Deputado Estadual,0,2022
0380,35735,ABEL FELIX CAMPOS NETO,PMB,Deputado Estadual,5,2022
0380,35744,CLAUDIA VALDENIA GOMES MAIA,PMB,Deputado Estadual,0,2022
0380,35777,DALTON TADEU IZZO JUNIOR,PMB,Deputado Estadual,0,2022
0380,35789,VALDIRENE SANTOS DA SILVA,PMB,Deputado Estadual,2,2022
0380,35799,MARTIM VIEIRA FERREIRA,PMB,Deputado Estadual,0,2022
0380,35808,SIMONE SILVA SANTOS DA COSTA,PMB,Deputado Estadual,0,2022
0380,35822,ANA PAULA MELO PETILO,PMB,Deputado Estadual,0,2022
0380,35835,RONALDO GALDINO DOS SANTOS,PMB,Deputado Estadual,0,2022
0380,35885,NORMANDO BARBOSA DE OLIVEIRA,PMB,Deputado Estadual,0,2022
0380,35888,ALESSANDRA ABE,PMB,Deputado Estadual,0,2022
0380,35900,RODRIGO MOLLER,PMB,Deputado Estadual,0,2022
0380,35931,ELIANA SÃO ROQUE MARTINS,PMB,Deputado Estadual,40,2022
0380,35999,ANDERSON GUIMARÃES DE ALMEIDA,PMB,Deputado Estadual,0,2022
0380,36000,SIMONE MARQUES LOPES,AGIR,Deputado Estadual,0,2022
0380,36001,CAMILA CRISTINA BRITO,AGIR,Deputado Estadual,0,2022
0380,36003,JULIANO MERKES,AGIR,Deputado Estadual,0,2022
0380,36004,ALESSANDRO CAMARGO RODRIGUES,AGIR,Deputado Estadual,0,2022
0380,36006,JORGE MOTA DE OLIVEIRA JUNIOR,AGIR,Deputado Estadual,0,2022
0380,36007,DOUGLAS SOLANO DAS NEVES,AGIR,Deputado Estadual,0,2022
0380,36009,SIMONE VANESSA SANTOS DIAZ,AGIR,Deputado Estadual,0,2022
0380,36010,JOEL XAVIER DA SILVA,AGIR,Deputado Estadual,0,2022
0380,36011,ANDREIA TASSIANE ANTONACCI,AGIR,Deputado Estadual,0,2022
0380,36013,JANAINA CRISP GIULIANO CAVALCANTE,AGIR,Deputado Estadual,0,2022
0380,36016,ELIZEU RODRIGUES VARELA,AGIR,Deputado Estadual,0,2022
0380,36017,ALENATO MARTINS VIDAL,AGIR,Deputado Estadual,0,2022
0380,36020,MAURO FRANCISCO DE TOLEDO,AGIR,Deputado Estadual,0,2022
0380,36021,JÉSUA DE LIMA FERREIRA DA SILVA,AGIR,Deputado Estadual,0,2022
0380,36022,ROSIMEIRE SANTOS CESCHINI,AGIR,Deputado Estadual,0,2022
0380,36029,MARIA APARECIDA SANTOS ARAUJO,AGIR,Deputado Estadual,0,2022
0380,36030,JOSE FERNANDES DE OLIVEIRA BARBOSA,AGIR,Deputado Estadual,0,2022
0380,36031,MOÉSIO ALVES CORREIA,AGIR,Deputado Estadual,0,2022
0380,36033,JORGE MOTTA CARNEIRO,AGIR,Deputado Estadual,0,2022
0380,36050,MARIA FERREIRA LIMA,AGIR,Deputado Estadual,0,2022
0380,36051,ELIAS DOS SANTOS BITENCOURT,AGIR,Deputado Estadual,0,2022
0380,36056,PAULO KAZUO DE SOUZA IFUKU,AGIR,Deputado Estadual,0,2022
0380,36061,JOSELITO ALVES DOS SANTOS,AGIR,Deputado Estadual,0,2022
0380,36070,SAULO FAUSTINO,AGIR,Deputado Estadual,0,2022
0380,36075,CARLOS LUIS GUERRA DE LIMA,AGIR,Deputado Estadual,0,2022
0380,36088,MARIA DANIELA NOGUEIRA DONI,AGIR,Deputado Estadual,0,2022
0380,36089,JOSE CARLOS FERREIRA DA SILVA,AGIR,Deputado Estadual,0,2022
0380,36090,MAGNO ALVES DE OLIVEIRA,AGIR,Deputado Estadual,0,2022
0380,36100,SILVIO DO CARMO CAMARGO,AGIR,Deputado Estadual,0,2022
0380,36101,JUCILENE DE JESUS LIMA,AGIR,Deputado Estadual,0,2022
0380,36102,RICARDO BORGES DE OLIVEIRA,AGIR,Deputado Estadual,0,2022
0380,36110,JOAO VIANELLE PINTO,AGIR,Deputado Estadual,0,2022
0380,36111,VALMIR FERREIRA VERAS,AGIR,Deputado Estadual,0,2022
0380,36112,OSEIAS VIEIRA DE SOUSA,AGIR,Deputado Estadual,0,2022
0380,36113,PAULO DONIZETI SAGIO,AGIR,Deputado Estadual,0,2022
0380,36114,EDIVALDA CORDEIRO DE LIMA SILVA,AGIR,Deputado Estadual,0,2022
0380,36117,SILMARA CRISTIANE DA SILVA POMPOLLO,AGIR,Deputado Estadual,0,2022
0380,36125,JOSE CICERO FERREIRA DE LIMA,AGIR,Deputado Estadual,0,2022
0380,36133,LUCIANO MARTINS CRUZ,AGIR,Deputado Estadual,0,2022
0380,36151,EDSON GARCIA,AGIR,Deputado Estadual,0,2022
0380,36175,DERIONERIO OLIVEIRA DE ASSIS,AGIR,Deputado Estadual,0,2022
0380,36177,LUIZ CARLOS DE FREITAS,AGIR,Deputado Estadual,0,2022
0380,36190,ADRIANA SANCHES GALDEANO BORGO,AGIR,Deputado Estadual,0,2022
0380,36193,ALDO ALMEIDA,AGIR,Deputado Estadual,0,2022
0380,36203,ADRIANA SANTOS BARRENHA,AGIR,Deputado Estadual,0,2022
0380,36212,THAMIRES DE OLIVEIRA DAMATTO,AGIR,Deputado Estadual,0,2022
0380,36220,ISMAEL DA SILVA SOUZA,AGIR,Deputado Estadual,0,2022
0380,36222,JOAO BATISTA DE OLIVEIRA,AGIR,Deputado Estadual,0,2022
0380,36228,MARIA CAROLINA DA SILVA TAVARES CRUZ,AGIR,Deputado Estadual,0,2022
0380,36233,EDSON MARCOS DE CARVALHO,AGIR,Deputado Estadual,0,2022
0380,36260,JOSE SILVA LIMA,AGIR,Deputado Estadual,0,2022
0380,36290,MARCOS VINICIUS MOUTA MENDONÇA,AGIR,Deputado Estadual,0,2022
0380,36301,DAILAS RODRIGUES DA SILVA SOARES,AGIR,Deputado Estadual,0,2022
0380,36310,VERA LUCIA APARECIDA ALVES,AGIR,Deputado Estadual,0,2022
0380,36315,WAGNER ALVES DE LIMA,AGIR,Deputado Estadual,0,2022
0380,36322,ANTONIO CARLOS DOS SANTOS,AGIR,Deputado Estadual,0,2022
0380,36333,PAULA NATALEN FARIAS DE MORAES MULLER,AGIR,Deputado Estadual,0,2022
0380,36336,JACQUELINE MARINO FERNANDES DA SILVA,AGIR,Deputado Estadual,0,2022
0380,36358,CARLINHO NASCIMENTO SILVA,AGIR,Deputado Estadual,0,2022
0380,36361,GILMAR VAZ DA ROCHA,AGIR,Deputado Estadual,0,2022
0380,36363,MARCOS LUIZ ABDO DE SIQUEIRA,AGIR,Deputado Estadual,0,2022
0380,36400,JOSEMAR CARLOS DE OLIVEIRA,AGIR,Deputado Estadual,0,2022
0380,36407,LEIA DA SILVA FELISBERTO,AGIR,Deputado Estadual,0,2022
0380,36500,HELENA NOBUCO SUZUKI TAKADACHI,AGIR,Deputado Estadual,0,2022
0380,36541,GENTIL ALVES DOS SANTOS NETO,AGIR,Deputado Estadual,0,2022
0380,36551,NERINALVA SANTOS SANTANA,AGIR,Deputado Estadual,0,2022
0380,36566,PEDRO PAULO DE OLIVEIRA FILHO,AGIR,Deputado Estadual,0,2022
0380,36600,MARCOS DOS SANTOS SENA,AGIR,Deputado Estadual,0,2022
0380,36636,KLEBER ADELIPIO BARROS SANTOS,AGIR,Deputado Estadual,0,2022
0380,36640,UBIRAJARA DE ARAUJO MORAIS,AGIR,Deputado Estadual,0,2022
0380,36661,SÉRGIO MARTINS DA SILVA,AGIR,Deputado Estadual,0,2022
0380,36666,ALEX FABIANO COSTA GARCIA,AGIR,Deputado Estadual,0,2022
0380,36700,FABIANO DA SILVA MONTEIRO,AGIR,Deputado Estadual,0,2022
0380,36712,GISELE CRISTINA DOS SANTOS SILVA,AGIR,Deputado Estadual,0,2022
0380,36779,JOSE DE OLIVEIRA LEME FILHO,AGIR,Deputado Estadual,0,2022
0380,36789,SHIRLEY PALADY CAMBUR,AGIR,Deputado Estadual,0,2022
0380,36820,WILLIANS ROCHA MONTEIRO,AGIR,Deputado Estadual,0,2022
0380,36841,SAMUEL DO CARMO,AGIR,Deputado Estadual,0,2022
0380,36888,CESAR BENEDITO ALVES,AGIR,Deputado Estadual,0,2022
0380,36889,SERGILVAN OLIVEIRA DE BRITO,AGIR,Deputado Estadual,0,2022
0380,36890,JOSE CICERO FERNANDES DA SILVA,AGIR,Deputado Estadual,0,2022
0380,36918,ANA CLAUDIA SEVERINO RIVERA,AGIR,Deputado Estadual,0,2022
0380,36936,HEITOR ROBERTO TOMMASINI,AGIR,Deputado Estadual,0,2022
0380,36960,SALVADOR FERREIRA DA SILVA JUNIOR,AGIR,Deputado Estadual,0,2022
0380,36963,REINALDO MARTINS,AGIR,Deputado Estadual,0,2022
0380,36969,TARCISIO BRUNO GUIDI,AGIR,Deputado Estadual,0,2022
0380,36980,OSNI RAMOS JUNIOR,AGIR,Deputado Estadual,0,2022
0380,36999,DONIZETE APARECIDO FERREIRA,AGIR,Deputado Estadual,0,2022
0380,40000,ANDRÉA WERNER SILVA BONOLI,PSB,Deputado Estadual,529,2022
0380,40001,ISABELA RODAS MESSIAS,PSB,Deputado Estadual,18,2022
0380,40004,ALBERTO ADRIANO DE JESUS,PSB,Deputado Estadual,5,2022
0380,40008,LUIZ JOSÉ TEGAMI,PSB,Deputado Estadual,4,2022
0380,40010,VANDERLEI NERES PEREIRA,PSB,Deputado Estadual,1,2022
0380,40012,TALITA DE LIMA BARBOSA,PSB,Deputado Estadual,20,2022
0380,40013,CELSO DA SILVA,PSB,Deputado Estadual,6,2022
0380,40015,MILTON NERY NETO,PSB,Deputado Estadual,1,2022
0380,40020,GERALDO ANTÔNIO DA NÓBREGA,PSB,Deputado Estadual,1,2022
0380,40021,EDNA PENHA DA SILVA,PSB,Deputado Estadual,0,2022
0380,40022,NATALINO DE JESUS,PSB,Deputado Estadual,0,2022
0380,40026,GERALDO RIBEIRO GUIMARÃES NETO,PSB,Deputado Estadual,1,2022
0380,40040,MAYARA OLIVEIRA TORRES DA SILVA,PSB,Deputado Estadual,10,2022
0380,40044,ELISANDRA PEDROSO FERREIRA,PSB,Deputado Estadual,3,2022
0380,40050,ELVIO FERNANDEZ GONZALEZ,PSB,Deputado Estadual,0,2022
0380,40051,REINALDO RÚBIO RODA,PSB,Deputado Estadual,0,2022
0380,40054,ADRIANO DE OLIVEIRA SILVA DOS SANTOS,PSB,Deputado Estadual,0,2022
0380,40069,COSMO DAMIÃO FREITAS CID,PSB,Deputado Estadual,4,2022
0380,40070,JOSÉ DILSON DAS CHAGAS,PSB,Deputado Estadual,0,2022
0380,40077,EDSON FLORINDO PEREIRA,PSB,Deputado Estadual,15,2022
0380,40095,NILDO SILVESTRE DA SILVA,PSB,Deputado Estadual,0,2022
0380,40096,EDVAN JOSE DOS SANTOS,PSB,Deputado Estadual,0,2022
0380,40111,FÁBIO CESAR FERREIRA,PSB,Deputado Estadual,171,2022
0380,40112,LEIDE MENGATTI,PSB,Deputado Estadual,21,2022
0380,40113,JOSÉ RONALDO GOMES DA SILVA,PSB,Deputado Estadual,1,2022
0380,40120,GABRIEL BELÉM DOS SANTOS,PSB,Deputado Estadual,1,2022
0380,40121,MÁRIO MEDEIROS NETO,PSB,Deputado Estadual,31,2022
0380,40123,CAMILA GODOI DA SILVA RODRIGUES,PSB,Deputado Estadual,92,2022
0380,40128,ANTONIO LAURO CAMPANHA,PSB,Deputado Estadual,0,2022
0380,40133,JOÃO CARLOS CARAMEZ,PSB,Deputado Estadual,5,2022
0380,40134,JOÃO AGUIAR RIBEIRO,PSB,Deputado Estadual,1,2022
0380,40140,EDSON ELIAS KHOURI,PSB,Deputado Estadual,0,2022
0380,40150,EDUARDO NASCIMENTO,PSB,Deputado Estadual,1,2022
0380,40153,LUCAS DE OLIVEIRA CARDOSO,PSB,Deputado Estadual,169,2022
0380,40155,MARIA JOSÉ DA SILVA BEZERRA,PSB,Deputado Estadual,0,2022
0380,40167,GRACE LAINE PINCERATO CARREIRA DINI,PSB,Deputado Estadual,0,2022
0380,40180,JOSÉ APARECIDO ALVES,PSB,Deputado Estadual,1,2022
0380,40185,MARIA SALETE MARINI,PSB,Deputado Estadual,0,2022
0380,40192,LEANDRO ALTRÃO MARTINES,PSB,Deputado Estadual,2,2022
0380,40199,FABIO ADONIS PEREIRA,PSB,Deputado Estadual,2,2022
0380,40200,LUIZ CARLOS SILVA LEMOS,PSB,Deputado Estadual,0,2022
0380,40211,VALDOMIRO LOPES DA SILVA JUNIOR,PSB,Deputado Estadual,7,2022
0380,40222,GABRIELA VARGAS SABINO,PSB,Deputado Estadual,21,2022
0380,40233,POLIANA ALVES FERNANDES PINTO,PSB,Deputado Estadual,0,2022
0380,40234,CLERISTON DOS SANTOS ARAÚJO,PSB,Deputado Estadual,0,2022
0380,40240,JOCELY RAMOS DOS REIS MARCO,PSB,Deputado Estadual,0,2022
0380,40245,CHARLES ROBERTO PAES,PSB,Deputado Estadual,0,2022
0380,40256,EDUARDO LUIZ,PSB,Deputado Estadual,0,2022
0380,40261,MAURICIO MARTINEZ,PSB,Deputado Estadual,0,2022
0380,40300,CARMEN DA SILVA FERREIRA,PSB,Deputado Estadual,35,2022
0380,40303,DAVID SANTANA DA SILVA,PSB,Deputado Estadual,0,2022
0380,40321,ABIDAN HENRIQUE DA SILVA,PSB,Deputado Estadual,24,2022
0380,40333,RAFAEL ZAMPRONIO DA SILVEIRA,PSB,Deputado Estadual,13,2022
0380,40345,ANDERSON FREITAS BARBOSA PASSOS,PSB,Deputado Estadual,0,2022
0380,40377,ALEXANDRE SÓCRATES NAVISKAS,PSB,Deputado Estadual,1,2022
0380,40400,RENATA FALZONI,PSB,Deputado Estadual,128,2022
0380,40404,CAMILA TAPIA ROJAS SEGATO,PSB,Deputado Estadual,2,2022
0380,40412,FERNANDA DE MORAES DA SILVA,PSB,Deputado Estadual,0,2022
0380,40440,CLAUDIO OLIVEIRA DE MESSIAS,PSB,Deputado Estadual,1,2022
0380,40444,JULIANO MALAQUIAS BOTELHO,PSB,Deputado Estadual,1,2022
0380,40445,JOSELI ELVIRA CAVALHEIRO,PSB,Deputado Estadual,2,2022
0380,40456,PERMÍNIO MONTEIRO DA SILVA,PSB,Deputado Estadual,650,2022
0380,40457,LISETE GOMES DAS NEVES,PSB,Deputado Estadual,0,2022
0380,40500,GRAZIELA COSTA LEITE,PSB,Deputado Estadual,6,2022
0380,40505,MARCELO FERREIRA KAWATOKO,PSB,Deputado Estadual,0,2022
0380,40525,WAINES MOREIRA ALVES,PSB,Deputado Estadual,0,2022
0380,40537,FLORDINICE PINHEIRO,PSB,Deputado Estadual,0,2022
0380,40540,LARA EUNICE SANTOS BARBOSA,PSB,Deputado Estadual,0,2022
0380,40555,PEDRO TOMISHIGUE MORI,PSB,Deputado Estadual,0,2022
0380,40570,ANTONIO CARLOS RODRIGUES TEIXEIRA JUNIOR,PSB,Deputado Estadual,5,2022
0380,40577,RODRIGO ALMEIDA PASSOS,PSB,Deputado Estadual,0,2022
0380,40600,ANDRÉA DAS NEVES NERI DE SANTANA,PSB,Deputado Estadual,0,2022
0380,40635,LAÍS HELENA ANTONIO DOS SANTOS ALOISE,PSB,Deputado Estadual,52,2022
0380,40640,CAIO FRANÇA DE GOUVÊA GOMES,PSB,Deputado Estadual,63,2022
0380,40650,CASSIANO ROSADO CORREIA,PSB,Deputado Estadual,0,2022
0380,40656,SÍLVIA ELENA BITTENCOURT,PSB,Deputado Estadual,0,2022
0380,40665,SHIRLEI APARECIDA MOURA DA SILVA,PSB,Deputado Estadual,0,2022
0380,40666,CARLOS ALBERTO ROSSI,PSB,Deputado Estadual,0,2022
0380,40670,ROBERTO MONTEIRO,PSB,Deputado Estadual,0,2022
0380,40690,DOUGLAS AMPARADO CABRAL,PSB,Deputado Estadual,0,2022
0380,40700,ELIAS PEREIRA FREITAS DA SILVA JUNIOR,PSB,Deputado Estadual,1,2022
0380,40717,SUSIMEIRE RIBEIRO DOS SANTOS,PSB,Deputado Estadual,0,2022
0380,40777,PETERSON RUAN AIELLO DO COUTO RAMOS,PSB,Deputado Estadual,16,2022
0380,40789,JOSÉ ANTÔNIO FERREIRA,PSB,Deputado Estadual,22,2022
0380,40813,ALEXANDRE SIMÕES PIMENTEL,PSB,Deputado Estadual,1,2022
0380,40850,RICARDO DE FARIA SILVA,PSB,Deputado Estadual,0,2022
0380,40888,CYNTHIA MICHELS,PSB,Deputado Estadual,4,2022
0380,40900,PAULO CEZAR CONCEIÇÃO QUADROS,PSB,Deputado Estadual,0,2022
0380,40999,ABDULBASET JAROUR,PSB,Deputado Estadual,7,2022
0380,43000,CLAUDIA VISONI,PV,Deputado Estadual,24,2022
0380,43007,MARIA DAS DORES ALVES SILVA,PV,Deputado Estadual,0,2022
0380,43033,THIAGO RODRIGO MARTINS,PV,Deputado Estadual,60,2022
0380,43043,DACIO BERALDO BICUDO,PV,Deputado Estadual,4,2022
0380,43090,JOANA DARQUE DA PAZ,PV,Deputado Estadual,0,2022
0380,43123,WILLDSON MENDES STAHN,PV,Deputado Estadual,46,2022
0380,43190,ANGELO PAULINO DA SILVA,PV,Deputado Estadual,1,2022
0380,43222,CRISTIANE ALEXANDRE MENDES,PV,Deputado Estadual,0,2022
0380,43333,LEONARDO CÉSAR TASSINARI,PV,Deputado Estadual,2,2022
0380,43343,LUISA DA SILVA FERNANDES,PV,Deputado Estadual,0,2022
0380,43430,DONIZETI APARECIDO ALVES FERREIRA,PV,Deputado Estadual,0,2022
0380,43433,RICARDO JOSÉ LEMES,PV,Deputado Estadual,2,2022
0380,43444,ROMILDO DE PINHO CAMPELLO,PV,Deputado Estadual,3,2022
0380,43500,AMILCAR MARCEL DE SOUZA,PV,Deputado Estadual,2,2022
0380,43773,JOEL MOREIRA PASSOS JUNIOR,PV,Deputado Estadual,0,2022
0380,44001,EDSON DE OLIVEIRA GIRIBONI,UNIÃO,Deputado Estadual,22,2022
0380,44002,MARIA INES PINTO DE OLIVEIRA SANTIAGO,UNIÃO,Deputado Estadual,0,2022
0380,44004,ANDERSON REITANO RICARDO,UNIÃO,Deputado Estadual,0,2022
0380,44007,FELIPE SOUZA MURAKAMI DE FRANCO,UNIÃO,Deputado Estadual,373,2022
0380,44008,CESAR ROCHA ANDRADE DA SILVA,UNIÃO,Deputado Estadual,154,2022
0380,44009,FELIPPE LOURENÇO OLIVEIRA COELHO,UNIÃO,Deputado Estadual,1,2022
0380,44011,CARLOS JOSE GASPAR,UNIÃO,Deputado Estadual,0,2022
0380,44014,MYRIAN RAVANELLI SCANDAR KARAM,UNIÃO,Deputado Estadual,5,2022
0380,44016,CLAUDINEI LUIS DA SILVA,UNIÃO,Deputado Estadual,0,2022
0380,44018,DEOMERCE DE SOUZA DAMASCENO,UNIÃO,Deputado Estadual,2,2022
0380,44019,RODRIGO LUIS DE BARROS ALMEIDA,UNIÃO,Deputado Estadual,663,2022
0380,44023,ANA ROSA TEIXEIRA DE ARAUJO,UNIÃO,Deputado Estadual,2,2022
0380,44025,FERNANDO GALVAO MOURA,UNIÃO,Deputado Estadual,10,2022
0380,44033,PAULO NUNES PINHEIRO,UNIÃO,Deputado Estadual,0,2022
0380,44040,OCIMAR DOS REIS OLIVEIRA,UNIÃO,Deputado Estadual,0,2022
0380,44041,SORAIA DOS SANTOS CARNEIRO D EPIRO,UNIÃO,Deputado Estadual,0,2022
0380,44044,SOLANGE CRISTINA DE FREITAS,UNIÃO,Deputado Estadual,37,2022
0380,44045,OSTERLAINE HENRIQUES ALVES,UNIÃO,Deputado Estadual,2,2022
0380,44050,JURACY DA CONCEIÇÃO DOS SANTOS,UNIÃO,Deputado Estadual,0,2022
0380,44054,MARI CRISTINA BIZARI,UNIÃO,Deputado Estadual,0,2022
0380,44055,LAERCIO SANDES DE OLIVEIRA,UNIÃO,Deputado Estadual,2,2022
0380,44070,FABIO DUARTE JOANA,UNIÃO,Deputado Estadual,0,2022
0380,44077,RAFAEL SARAIVA GAIA,UNIÃO,Deputado Estadual,240,2022
0380,44080,ELIANA PAULA CARETI,UNIÃO,Deputado Estadual,1,2022
0380,44081,AUGUSTO CÉSAR CORREA NETO,UNIÃO,Deputado Estadual,0,2022
0380,44100,VITOR ABOU ANNI,UNIÃO,Deputado Estadual,16,2022
0380,44110,HELIO VIEIRA MALHEIROS JUNIOR,UNIÃO,Deputado Estadual,2,2022
0380,44111,DANIEL BEZERRA RIBEIRO SOARES,UNIÃO,Deputado Estadual,191,2022
0380,44118,EDMIR JOSE ABI CHEDID,UNIÃO,Deputado Estadual,67,2022
0380,44122,JOSE ALDO DEMARCHI,UNIÃO,Deputado Estadual,9,2022
0380,44123,OLIVIO AUGUSTO FREITAS CHAVES,UNIÃO,Deputado Estadual,1,2022
0380,44125,JOAO BATISTA DO PRADO,UNIÃO,Deputado Estadual,0,2022
0380,44127,CAMILA GRASIELE SANGREGORIO SOARES,UNIÃO,Deputado Estadual,1,2022
0380,44130,LETICIA CRISTINA DA SILVA,UNIÃO,Deputado Estadual,1,2022
0380,44140,THIAGO VERONICO DE FREITAS,UNIÃO,Deputado Estadual,0,2022
0380,44144,RONALDO FORMIGAO,UNIÃO,Deputado Estadual,0,2022
0380,44150,GISELE APARECIDA DA SILVA RAMOS,UNIÃO,Deputado Estadual,0,2022
0380,44155,FERNANDA ALVES DA SILVA,UNIÃO,Deputado Estadual,1,2022
0380,44156,ALINE CARBALLO TEIXEIRA,UNIÃO,Deputado Estadual,25,2022
0380,44171,JAQUELINE MONTEIRO DE CARVALHO BARRETO,UNIÃO,Deputado Estadual,0,2022
0380,44190,ADMILSON DE SOUZA,UNIÃO,Deputado Estadual,20,2022
0380,44193,BENEDITO ROBERTO MEIRA,UNIÃO,Deputado Estadual,1,2022
0380,44200,RENATO DA SILVA GOIS,UNIÃO,Deputado Estadual,2,2022
0380,44220,ANDRE CRISTHIANO CAYRES RIBEIRO,UNIÃO,Deputado Estadual,493,2022
0380,44222,JORGE TADEU MUDALEN,UNIÃO,Deputado Estadual,27,2022
0380,44234,LUIZ OTAVIO DA SILVA,UNIÃO,Deputado Estadual,0,2022
0380,44250,MILTON LEITE DA SILVA FILHO,UNIÃO,Deputado Estadual,21,2022
0380,44300,GILBERTO DANIEL JUNIOR,UNIÃO,Deputado Estadual,7,2022
0380,44321,RAFAELA KOBAL FERNANDES DE CARVALHO,UNIÃO,Deputado Estadual,4,2022
0380,44333,AMANDA VETTORAZZO CARNEIRO,UNIÃO,Deputado Estadual,272,2022
0380,44345,REINALDO BRIGIDO DE SOUSA,UNIÃO,Deputado Estadual,1,2022
0380,44350,MARCIA LENTZ,UNIÃO,Deputado Estadual,0,2022
0380,44363,TANIA CRISTINA FRUCHI,UNIÃO,Deputado Estadual,4,2022
0380,44400,RAFAEL ELIAS MACHADO PEREIRA ANTUNES,UNIÃO,Deputado Estadual,8,2022
0380,44411,LEANDRO CALDEIRA NAVA,UNIÃO,Deputado Estadual,4,2022
0380,44422,SIDELI DA SILVA LOPES,UNIÃO,Deputado Estadual,0,2022
0380,44433,MARCELO FUSCO,UNIÃO,Deputado Estadual,0,2022
0380,44440,JUAREZ PEREIRA DA SILVA,UNIÃO,Deputado Estadual,7,2022
0380,44441,LUIZ CLAUDIO VENANCIO ALVES,UNIÃO,Deputado Estadual,3,2022
0380,44444,MARIA HELENA PASINI PEDROSO PETERNELLI,UNIÃO,Deputado Estadual,70,2022
0380,44445,JOAO BATISTA ROCHA,UNIÃO,Deputado Estadual,1,2022
0380,44447,JUAN RAMON SOTO,UNIÃO,Deputado Estadual,0,2022
0380,44450,FLAVIA MENDES GOMES,UNIÃO,Deputado Estadual,0,2022
0380,44451,EDEMIR DE MELO,UNIÃO,Deputado Estadual,0,2022
0380,44456,FERNANDO HENRIQUE CURY,UNIÃO,Deputado Estadual,11,2022
0380,44470,WERMESON PEREIRA DA SILVA,UNIÃO,Deputado Estadual,0,2022
0380,44477,MISAEL ARAUJO RODRIGUES DA SILVA,UNIÃO,Deputado Estadual,0,2022
0380,44500,CARLOS LOTHAR KAUTZA,UNIÃO,Deputado Estadual,5,2022
0380,44532,LUCAS MÁXIMO DE JESUS,UNIÃO,Deputado Estadual,0,2022
0380,44544,MAURICIO MENNA BARRETO GASPARINI,UNIÃO,Deputado Estadual,1,2022
0380,44550,HUMBERTO YUDI WATANABE,UNIÃO,Deputado Estadual,0,2022
0380,44556,GILVANIA MEDEIROS DE OLIVEIRA,UNIÃO,Deputado Estadual,1,2022
0380,44557,SERGIO DE PAULA REIS FILHO,UNIÃO,Deputado Estadual,0,2022
0380,44560,NELMA APARECIDA ANDRADE SOUZA,UNIÃO,Deputado Estadual,11,2022
0380,44567,AGLIBERTO DO SOCORRO CHAGAS,UNIÃO,Deputado Estadual,0,2022
0380,44600,MARCOS FERNANDO PORTELLA FONTES,UNIÃO,Deputado Estadual,4,2022
0380,44611,VIVIANE DOS SANTOS SILVA CASAMASSA,UNIÃO,Deputado Estadual,0,2022
0380,44644,RODRIGO CESAR REGORAO VERONEZI,UNIÃO,Deputado Estadual,0,2022
0380,44662,ANGELA DONATIELLO LOPES,UNIÃO,Deputado Estadual,0,2022
0380,44678,DONILZETE JOSÉ SOARES,UNIÃO,Deputado Estadual,0,2022
0380,44700,LUIZ CARLOS GONDIM TEIXEIRA,UNIÃO,Deputado Estadual,2,2022
0380,44705,ROLGACIANO FERNANDES ALMEIDA,UNIÃO,Deputado Estadual,0,2022
0380,44707,BENEDITO DE VITTO JUNIOR,UNIÃO,Deputado Estadual,1,2022
0380,44744,ADRIANA CRISTINA SGRIGNEIRO NUNES,UNIÃO,Deputado Estadual,23,2022
0380,44767,CECILIA CLAUDINO GOMES DO AMARAL PEREIRA,UNIÃO,Deputado Estadual,0,2022
0380,44770,ADENILSON PEREIRA DE AMORIM,UNIÃO,Deputado Estadual,1,2022
0380,44777,AUGUSTO ZACARIAS CORREA LEITE,UNIÃO,Deputado Estadual,611,2022
0380,44789,JOÃO DA SILVA FILHO,UNIÃO,Deputado Estadual,0,2022
0380,44800,JAQUELINE DA SILVA LIRA ARRUDA,UNIÃO,Deputado Estadual,0,2022
0380,44852,CICERO APARECIDO DE MELO,UNIÃO,Deputado Estadual,0,2022
0380,44888,WALTER MARTINS JUNIOR,UNIÃO,Deputado Estadual,2,2022
0380,44900,MARCUS LEVY ANDRADE ACOSTA,UNIÃO,Deputado Estadual,1,2022
0380,44944,RUBENS LOBATO PINHEIRO NETO,UNIÃO,Deputado Estadual,2,2022
0380,44999,RENATO DE SOUZA BATTISTA,UNIÃO,Deputado Estadual,243,2022
0380,45000,BRUNA DIAS FURLAN VICENTE,PSDB,Deputado Estadual,129,2022
0380,45002,IVONE FERNANDES DIAS DO NASCIMENTO,PSDB,Deputado Estadual,0,2022
0380,45007,DOMINGOS COSTA MINÉZIO GALLÉ,PSDB,Deputado Estadual,0,2022
0380,45011,FAOUAZ TAHA,PSDB,Deputado Estadual,32,2022
0380,45012,EDGARD TAKASHI SASAKI,PSDB,Deputado Estadual,6,2022
0380,45019,ISABEL CRISTINA DA SILVA MARCELINO VIEIRA,PSDB,Deputado Estadual,1,2022
0380,45040,FLÁVIO SPINUCCI JUNIOR,PSDB,Deputado Estadual,1,2022
0380,45045,ISRAEL ALEXANDRE DE SOUZA,PSDB,Deputado Estadual,176,2022
0380,45055,CAROLINA RIBEIRO FREITAS,PSDB,Deputado Estadual,0,2022
0380,45059,EDSON ROBERTO PARRON,PSDB,Deputado Estadual,1,2022
0380,45088,RENE VLADEMIR BLOTA JUNIOR,PSDB,Deputado Estadual,0,2022
0380,45100,CARLOS ALESSANDRO FRANCO BORRO DE MATOS,PSDB,Deputado Estadual,1,2022
0380,45111,MACIEL DOS SANTOS ROCHA,PSDB,Deputado Estadual,3,2022
0380,45114,MARIA LUCIA CARDOSO PINTO AMARY,PSDB,Deputado Estadual,3,2022
0380,45116,SILVANO SALES PEIXOTO,PSDB,Deputado Estadual,1,2022
0380,45122,ALESSANDRA VIEIRA DE CAMARGO TELES,PSDB,Deputado Estadual,14,2022
0380,45123,ROGERIO NOGUEIRA LOPES CRUZ,PSDB,Deputado Estadual,174,2022
0380,45125,MAURO BRAGATO,PSDB,Deputado Estadual,12,2022
0380,45145,GIOVANNA GUIMARÃES TRIPOLI VON USLAR,PSDB,Deputado Estadual,30,2022
0380,45150,DANIELLE SANTOS SILVA,PSDB,Deputado Estadual,2,2022
0380,45151,JOSÉ BERNARDO ORTIZ MONTEIRO JÚNIOR,PSDB,Deputado Estadual,11,2022
0380,45180,PATRÍCIA GAMA DE QUADROS BEZERRA,PSDB,Deputado Estadual,14,2022
0380,45192,DULCE RITA CHAVES DE ANDRADE DABKIWICZ,PSDB,Deputado Estadual,1,2022
0380,45200,CÉLIA CAMARGO LEÃO EDELMUTH,PSDB,Deputado Estadual,1667,2022
0380,45219,JULIO CESAR DE OLIVEIRA,PSDB,Deputado Estadual,0,2022
0380,45222,ANDRÉ GASPARINI SPADARO,PSDB,Deputado Estadual,28,2022
0380,45232,CARLOS EDUARDO PIGNATARI,PSDB,Deputado Estadual,39,2022
0380,45240,VANDERLEI BORGES DE CARVALHO,PSDB,Deputado Estadual,1,2022
0380,45245,DAMARIS DIAS MOURA KUO,PSDB,Deputado Estadual,104,2022
0380,45321,RAFAEL POSTIGO MAZZALI,PSDB,Deputado Estadual,1,2022
0380,45345,EDILZA DE SOUSA MATSUSHITA,PSDB,Deputado Estadual,0,2022
0380,45377,SERGIO OLIVETTI JACOMINI,PSDB,Deputado Estadual,0,2022
0380,45400,ANALICE FERNANDES,PSDB,Deputado Estadual,18,2022
0380,45444,DANIEL HENRIQUE SILVA BASSI,PSDB,Deputado Estadual,2,2022
0380,45445,JOSÉ CARLOS CARRASCOSA DOS SANTOS,PSDB,Deputado Estadual,2,2022
0380,45450,ADRIANO BEDORE,PSDB,Deputado Estadual,5,2022
0380,45451,CARLOS CESAR ARCOLINO,PSDB,Deputado Estadual,3,2022
0380,45452,LEILA BEDANI FERREIRA,PSDB,Deputado Estadual,6,2022
0380,45453,ANA KEYLA SILVA SANTIAGO,PSDB,Deputado Estadual,4,2022
0380,45454,RENATO PUPO DE PAULA,PSDB,Deputado Estadual,1,2022
0380,45455,ALEXANDRE RIBEIRO MUSTAFA,PSDB,Deputado Estadual,13,2022
0380,45456,SARITA DE SOUZA GREGORIO,PSDB,Deputado Estadual,2,2022
0380,45500,DÉBORA MARCONDES SILVA FERRARESI,PSDB,Deputado Estadual,1,2022
0380,45545,JOSE ANTONIO BARROS MUNHOZ,PSDB,Deputado Estadual,33,2022
0380,45555,PEDRO MOTOITIRO KAWAI,PSDB,Deputado Estadual,11,2022
0380,45575,DINACI FERREIRA OLEAN,PSDB,Deputado Estadual,0,2022
0380,45600,ESTANISLAU MATIAS BARROS,PSDB,Deputado Estadual,0,2022
0380,45617,ANDRE LUIS ANCHÃO BRAGA,PSDB,Deputado Estadual,0,2022
0380,45622,VONG IEK LEONG,PSDB,Deputado Estadual,0,2022
0380,45647,FRANCISCO PEREIRA LIMA,PSDB,Deputado Estadual,4,2022
0380,45663,NATALINO ANTONIO DA SILVA,PSDB,Deputado Estadual,4,2022
0380,45666,ANA CRISTINA ALVES,PSDB,Deputado Estadual,3,2022
0380,45678,LUIZ HENRIQUE CIRILO,PSDB,Deputado Estadual,813,2022
0380,45680,CARLA SARDANO MORANDO,PSDB,Deputado Estadual,17,2022
0380,45688,ERIKA TEREZA COITINHO AFFONSO,PSDB,Deputado Estadual,0,2022
0380,45745,MARCO AURÉLIO GOMES DOS SANTOS,PSDB,Deputado Estadual,4,2022
0380,45777,ALEXANDRE FROTA DE ANDRADE,PSDB,Deputado Estadual,41,2022
0380,45780,MARCOS ANTONIO ZERBINI,PSDB,Deputado Estadual,2,2022
0380,45789,VINICIUS ALMEIDA CAMARINHA,PSDB,Deputado Estadual,12,2022
0380,45800,MARCOS ANTÔNIO DE SOUZA,PSDB,Deputado Estadual,2,2022
0380,45845,NELSA FLORINDA DE QUEIROZ METZLER,PSDB,Deputado Estadual,0,2022
0380,45888,ADALBERTO GODOY FREITAS,PSDB,Deputado Estadual,9,2022
0380,50000,PAULA NUNES DOS SANTOS,PSOL,Deputado Estadual,665,2022
0380,50001,CLAUDIA APARECIDA DE MELLO MONTANARI,PSOL,Deputado Estadual,5,2022
0380,50002,JOEFERSON FACCIN JOSÉ DE ALMEIDA,PSOL,Deputado Estadual,0,2022
0380,50005,GUILHERME DA COSTA AGUIAR CORTEZ,PSOL,Deputado Estadual,97,2022
0380,50007,JASPE LOPES BASTOS,PSOL,Deputado Estadual,2,2022
0380,50008,CINTIA VANESSA GOMES,PSOL,Deputado Estadual,4,2022
0380,50009,DENISE FERNANDES DE SOUZA PANTALEÃO,PSOL,Deputado Estadual,3,2022
0380,50010,ÉRIKA FERNANDA CÂNDIDO,PSOL,Deputado Estadual,1,2022
0380,50011,MARIANA FELIX SANTOS,PSOL,Deputado Estadual,39,2022
0380,50012,JÉSSICA MARQUES RIBEIRO,PSOL,Deputado Estadual,4,2022
0380,50013,ALDENIR DIAS DOS SANTOS,PSOL,Deputado Estadual,11,2022
0380,50014,CÁTIA DOS SANTOS MACHADO,PSOL,Deputado Estadual,0,2022
0380,50015,CLEBER DA SILVA,PSOL,Deputado Estadual,0,2022
0380,50018,MATHEUS LEMES MARTINS DE ASSIS,PSOL,Deputado Estadual,0,2022
0380,50019,VINÍCIUS ROSA RODRIGUES,PSOL,Deputado Estadual,0,2022
0380,50020,JULIO CEZAR DE ANDRADE,PSOL,Deputado Estadual,13,2022
0380,50033,REGINA CÉLIA GONÇALVES DOS SANTOS,PSOL,Deputado Estadual,1,2022
0380,50043,RODRIGO DA SILVA BANDINI,PSOL,Deputado Estadual,0,2022
0380,50050,INÊS PAZ,PSOL,Deputado Estadual,4,2022
0380,50075,ANA CLAUDIA SILVA MIELKE,PSOL,Deputado Estadual,38,2022
0380,50085,GERALDO DO NASCIMENTO,PSOL,Deputado Estadual,0,2022
0380,50088,JACI SABINA DE LIMA MATTOS,PSOL,Deputado Estadual,1,2022
0380,50099,VALDOMIRO MARQUES,PSOL,Deputado Estadual,0,2022
0380,50100,MARIANA CONTI TAKAHASHI,PSOL,Deputado Estadual,2961,2022
0380,50110,EDIANE MARIA DO NASCIMENTO,PSOL,Deputado Estadual,413,2022
0380,50111,DANILO PRISEAJNIUC BIFONE,PSOL,Deputado Estadual,6,2022
0380,50112,LEANDRO ROMEO PECCEQUILLO FREIRE,PSOL,Deputado Estadual,0,2022
0380,50113,CLAUDIO BENVINDO BARBOSA,PSOL,Deputado Estadual,0,2022
0380,50123,RICARDO ALVAREZ,PSOL,Deputado Estadual,6,2022
0380,50130,ALINE CATARINE GONDIM,PSOL,Deputado Estadual,1,2022
0380,50133,MARCELO REINA SILIANO,PSOL,Deputado Estadual,3,2022
0380,50150,MARIA APARECIDA AIRES DA SILVA,PSOL,Deputado Estadual,5,2022
0380,50157,DARCI RAMOS VITÓRIO,PSOL,Deputado Estadual,0,2022
0380,50160,DIEGO WEIDEMANN RACHE VITELLO,PSOL,Deputado Estadual,2,2022
0380,50175,MARIA DE JESUS BUENO DA SILVA,PSOL,Deputado Estadual,0,2022
0380,50180,THALITA DE ALMEIDA TAVARES,PSOL,Deputado Estadual,6,2022
0380,50200,AILTON AMARAL DOS SANTOS,PSOL,Deputado Estadual,2,2022
0380,50222,SUZETE CHAFFIN,PSOL,Deputado Estadual,0,2022
0380,50300,KEITCHELE LIMA DA SILVA,PSOL,Deputado Estadual,69,2022
0380,50321,BRUNA CHAMAS BIONDI,PSOL,Deputado Estadual,6,2022
0380,50333,ALBA SOLANGE CHALITA DA SILVA,PSOL,Deputado Estadual,1,2022
0380,50400,PRISCILLA BERNARDES AIRES PEDROSA,PSOL,Deputado Estadual,18,2022
0380,50420,FERNANDO TAVARES ARAÚJO DA SILVA,PSOL,Deputado Estadual,14,2022
0380,50444,ROSIVALDO DE JESUS SANTOS,PSOL,Deputado Estadual,1,2022
0380,50456,ADRIANA SCANAVEZ DOS SANTOS,PSOL,Deputado Estadual,99,2022
0380,50500,DÉBORA ALVES CAMILO,PSOL,Deputado Estadual,92,2022
0380,50501,DJALMA NERY FERREIRA NETO,PSOL,Deputado Estadual,12,2022
0380,50513,RONALDO RODRIGUES DOS SANTOS,PSOL,Deputado Estadual,0,2022
0380,50517,ELIEZER ALMEIDA GUIMARÃES,PSOL,Deputado Estadual,0,2022
0380,50522,CHIRLEY MARIA DE SOUZA ALMEIDA SANTOS,PSOL,Deputado Estadual,80,2022
0380,50550,RAUL MARCELO DE SOUZA,PSOL,Deputado Estadual,154,2022
0380,50555,RAMON FERNANDES FAUSTINO,PSOL,Deputado Estadual,4,2022
0380,50563,ENOC MANOEL DE SANTANA,PSOL,Deputado Estadual,0,2022
0380,50567,LUIZ GUEDES DE ALENCAR JUNIOR,PSOL,Deputado Estadual,0,2022
0380,50580,JOSÉ DE RIBAMAR DA SILVA PASSOS,PSOL,Deputado Estadual,0,2022
0380,50600,EDMILSON SOUZA SANTOS,PSOL,Deputado Estadual,0,2022
0380,50650,ANTONIO BIAGIO VESPOLI,PSOL,Deputado Estadual,2,2022
0380,50666,MARIA HELENA DE CARVALHO,PSOL,Deputado Estadual,0,2022
0380,50700,NEON DOS AFONSO CUNHA,PSOL,Deputado Estadual,76,2022
0380,50750,JOSÉ CARLOS SILVA,PSOL,Deputado Estadual,4,2022
0380,50777,PAULO ROBERTO BUFALO,PSOL,Deputado Estadual,611,2022
0380,50789,CARLOS ALBERTO GIANNASI,PSOL,Deputado Estadual,638,2022
0380,50800,JUVENIL BATISTA LOPES,PSOL,Deputado Estadual,2,2022
0380,50850,MARCELO DOS SANTOS ROLDAN,PSOL,Deputado Estadual,0,2022
0380,50888,JUSTINO DIOGO DOS SANTOS,PSOL,Deputado Estadual,4,2022
0380,50900,MÔNICA CRISTINA SEIXAS BONFIM,PSOL,Deputado Estadual,248,2022
0380,50999,DÉBORA CRISTIANE FIRMO DORIA,PSOL,Deputado Estadual,0,2022
0380,51000,LUIS CLAUDIO LAPENA BARRETO,PATRIOTA,Deputado Estadual,7,2022
0380,51001,ANDRÉ LUIZ GALHARDO JOÃO,PATRIOTA,Deputado Estadual,0,2022
0380,51002,VANIL ALVES DOS SANTOS,PATRIOTA,Deputado Estadual,0,2022
0380,51003,RENATO DE SOUZA OLIVEIRA,PATRIOTA,Deputado Estadual,6,2022
0380,51005,SAMUEL DOS SANTOS,PATRIOTA,Deputado Estadual,1,2022
0380,51006,ANDREIA PEREIRA FERRAZ,PATRIOTA,Deputado Estadual,14,2022
0380,51007,CLAUDIO SEBASTIÃO AGUIAR,PATRIOTA,Deputado Estadual,0,2022
0380,51008,EDMILSON ALVES DA SILVA,PATRIOTA,Deputado Estadual,0,2022
0380,51009,RODRIGO SALOMÃO JUNQUEIRA,PATRIOTA,Deputado Estadual,0,2022
0380,51010,OSVALDO DA SILVA LOBEIRO MACHADO,PATRIOTA,Deputado Estadual,7,2022
0380,51011,INES REGINA SCISCI MACIEL,PATRIOTA,Deputado Estadual,26,2022
0380,51013,MÁRCIA DE FÁTIMA MORAIS,PATRIOTA,Deputado Estadual,17,2022
0380,51017,GETULIO ALEGRE DOS SANTOS,PATRIOTA,Deputado Estadual,0,2022
0380,51020,WALDENIR CHAGA FILHO,PATRIOTA,Deputado Estadual,0,2022
0380,51022,MARISTELA TRINDADE,PATRIOTA,Deputado Estadual,4,2022
0380,51023,FABIANA APARECIDA BRITO ERNANE,PATRIOTA,Deputado Estadual,53,2022
0380,51033,DEOCLÉCIO KAWAHATA PLACCO,PATRIOTA,Deputado Estadual,2,2022
0380,51050,CARLOS ROBERTO TOLEDO,PATRIOTA,Deputado Estadual,77,2022
0380,51051,EVERTON LUIZ FERNANDES SODARIO RAIMUNDO,PATRIOTA,Deputado Estadual,63,2022
0380,51070,SÔNIA DAS GRAÇAS RIBEIRO SILVEIRA,PATRIOTA,Deputado Estadual,0,2022
0380,51100,BRIAN VANDERSON FERREIRA LEME,PATRIOTA,Deputado Estadual,0,2022
0380,51101,SÔNIA MARIA FERRAZ DE MOURA,PATRIOTA,Deputado Estadual,2,2022
0380,51107,JOSE ALCY PINHEIRO SUBRINHO,PATRIOTA,Deputado Estadual,0,2022
0380,51111,ADEMIR WELLITON DE OLIVEIRA,PATRIOTA,Deputado Estadual,2,2022
0380,51122,RENAN MARINO,PATRIOTA,Deputado Estadual,2,2022
0380,51123,ANDREA SEIXAS,PATRIOTA,Deputado Estadual,0,2022
0380,51132,FRANCISLEY ILDECIR RODRIGUES,PATRIOTA,Deputado Estadual,4,2022
0380,51133,NELSON PEDRO ROJA JUNIOR,PATRIOTA,Deputado Estadual,4,2022
0380,51144,SOLANGE GUAPYASSU,PATRIOTA,Deputado Estadual,0,2022
0380,51150,ODAIR DE MOURA E SILVA,PATRIOTA,Deputado Estadual,2,2022
0380,51151,ROSANE REZENDE LEANDRO,PATRIOTA,Deputado Estadual,0,2022
0380,51155,MARCOS ANDRE DE OLIVEIRA,PATRIOTA,Deputado Estadual,0,2022
0380,51188,RENATA GOUVEA,PATRIOTA,Deputado Estadual,0,2022
0380,51190,RUBENS CLÁUDIO SIQUEIRA NERI,PATRIOTA,Deputado Estadual,3,2022
0380,51200,ALAINE SILVA SOUZA SANTOS,PATRIOTA,Deputado Estadual,1,2022
0380,51210,EQUIMARCILIAS DE SOUZA FREIRE,PATRIOTA,Deputado Estadual,0,2022
0380,51221,SUSANA DAS NEVES,PATRIOTA,Deputado Estadual,1,2022
0380,51222,SANDRA DELMIRO DE LIMA GABRIEL,PATRIOTA,Deputado Estadual,0,2022
0380,51231,MARCIO DE PAULA PINHEIRO,PATRIOTA,Deputado Estadual,0,2022
0380,51233,RONALDO AUGUSTO BRETAS MARZAGÃO JUNIOR,PATRIOTA,Deputado Estadual,6,2022
0380,51234,RICARDO ROCHA DE OLIVEIRA,PATRIOTA,Deputado Estadual,0,2022
0380,51235,FABIO MARTINS BELARMINO,PATRIOTA,Deputado Estadual,0,2022
0380,51236,BRUNO LOPES ROVAI,PATRIOTA,Deputado Estadual,16,2022
0380,51250,JOSE BENTO DE JESUS,PATRIOTA,Deputado Estadual,0,2022
0380,51280,MONIZ JOSE BIELAWSKI RIBEIRO,PATRIOTA,Deputado Estadual,11,2022
0380,51300,ZELINDA DRAGO,PATRIOTA,Deputado Estadual,3,2022
0380,51321,EDUARDO DIAS DE BRITO,PATRIOTA,Deputado Estadual,0,2022
0380,51332,MÁRCIA CRISTINA DA SILVA,PATRIOTA,Deputado Estadual,0,2022
0380,51333,ANA PAULA CARVALHO BEATHALTER,PATRIOTA,Deputado Estadual,0,2022
0380,51349,JOSE ALAOR FERNANDES ROSSI,PATRIOTA,Deputado Estadual,0,2022
0380,51350,ADRIANA NOGUEIRA DO PRADO,PATRIOTA,Deputado Estadual,0,2022
0380,51351,FRANCISCO ANTONIO DA SILVA,PATRIOTA,Deputado Estadual,4,2022
0380,51360,TAILANDIA FERNANDES SOARES PAIXÃO,PATRIOTA,Deputado Estadual,0,2022
0380,51400,MARCIA VALÉRIA JACINTHO AZEVEDO,PATRIOTA,Deputado Estadual,2,2022
0380,51444,RUI ALVES BRUM JUNIOR,PATRIOTA,Deputado Estadual,0,2022
0380,51447,CARLOS ALBERTO FABRINI,PATRIOTA,Deputado Estadual,2,2022
0380,51451,FERNANDO HENRIQUE GOMES DA SILVA,PATRIOTA,Deputado Estadual,0,2022
0380,51455,MARCOS CORDEIRO DE SOUSA CHAVES,PATRIOTA,Deputado Estadual,0,2022
0380,51500,MARIA ALICE FERNANDES MOSTARDINHA,PATRIOTA,Deputado Estadual,0,2022
0380,51510,ROGÉRIO SILVA DE SOUZA,PATRIOTA,Deputado Estadual,0,2022
0380,51511,ARAFETH ALI HUSSEIN NASREDDINE,PATRIOTA,Deputado Estadual,0,2022
0380,51525,FERNANDO FERREIRA DE QUEIROZ,PATRIOTA,Deputado Estadual,0,2022
0380,51533,ALEX SANDRO BENTO FERNANDES,PATRIOTA,Deputado Estadual,0,2022
0380,51545,JORGE DE JESUS OLIVEIRA,PATRIOTA,Deputado Estadual,0,2022
0380,51551,PATRICIA ANDALAFT FREIRE,PATRIOTA,Deputado Estadual,3,2022
0380,51555,ANTONIO CÍCERO FERREIRA DE ARAUJO,PATRIOTA,Deputado Estadual,0,2022
0380,51556,LUIZ CARLOS DO ESPÍRITO SANTO,PATRIOTA,Deputado Estadual,5,2022
0380,51566,ELIANA CRISTINA DA SILVA PASCON,PATRIOTA,Deputado Estadual,0,2022
0380,51600,PEDRO ELES DA SILVA,PATRIOTA,Deputado Estadual,0,2022
0380,51622,DAVI BENEDITO DOS SANTOS,PATRIOTA,Deputado Estadual,0,2022
0380,51666,ANGELA GISELDA RUSSO PUCCIA DE LIMA,PATRIOTA,Deputado Estadual,0,2022
0380,51700,DILSO PANTALEÃO MANZANO,PATRIOTA,Deputado Estadual,0,2022
0380,51773,EMÍLIO CARPANEZ FILHO,PATRIOTA,Deputado Estadual,0,2022
0380,51777,CLEBER BROCH,PATRIOTA,Deputado Estadual,13,2022
0380,51800,EDUARDO APARECIDO ALEIXO,PATRIOTA,Deputado Estadual,0,2022
0380,51880,ERNESTO ANTONIO MATTOS,PATRIOTA,Deputado Estadual,0,2022
0380,51888,PATRÍCIA MAGDA GIRO LOBO BELLI,PATRIOTA,Deputado Estadual,0,2022
0380,51900,JOÃO TEIXEIRA JUNIOR,PATRIOTA,Deputado Estadual,0,2022
0380,51911,MAURÍCIO SOUZA DOS REIS,PATRIOTA,Deputado Estadual,0,2022
0380,51965,EDILEIDE SILVA,PATRIOTA,Deputado Estadual,0,2022
0380,51999,GIRLENIO GOMES DE OLIVEIRA,PATRIOTA,Deputado Estadual,0,2022
0380,55000,ROBERTA MARIA GONÇALVES FRANCESCHI BOTION,PSD,Deputado Estadual,21,2022
0380,55001,ROGÉRIO SILVA PEDRO,PSD,Deputado Estadual,1,2022
0380,55005,MIRTES GONÇALVES QUEIROZ,PSD,Deputado Estadual,0,2022
0380,55007,FLÁVIA REGINA ROMANI,PSD,Deputado Estadual,1,2022
0380,55008,WAGNER SEQUIN,PSD,Deputado Estadual,1,2022
0380,55009,HUMBERTO YUTAKA NAKAMURA,PSD,Deputado Estadual,1,2022
0380,55011,PAULA FONSECA ESTEVES,PSD,Deputado Estadual,2,2022
0380,55015,DECIO MARMIROLLI,PSD,Deputado Estadual,83,2022
0380,55022,ANDRÉ LUIZ PREVIATO KODJAOGLANIAN,PSD,Deputado Estadual,0,2022
0380,55025,CLAUDIA URIAS,PSD,Deputado Estadual,1,2022
0380,55030,AUGUSTO DOS REIS FERREIRA,PSD,Deputado Estadual,15,2022
0380,55033,MARIA CONSTANTINO EMIDIO,PSD,Deputado Estadual,17,2022
0380,55040,MARCELO ALVES DE CARVALHO ALMEIDA,PSD,Deputado Estadual,1,2022
0380,55044,CARLOS EDUARDO UTUARI,PSD,Deputado Estadual,1,2022
0380,55050,ALINE NOVAIS,PSD,Deputado Estadual,0,2022
0380,55055,CAROLINE STEINMETZ,PSD,Deputado Estadual,17,2022
0380,55077,LAURA HIROMI KAMIA,PSD,Deputado Estadual,7,2022
0380,55089,MAURO DA SILVA OLIVEIRA,PSD,Deputado Estadual,5,2022
0380,55090,ANTONIO EDUARDO DOS SANTOS,PSD,Deputado Estadual,0,2022
0380,55100,JANDER CAVALCANTI DE LIRA,PSD,Deputado Estadual,1,2022
0380,55101,FRANCISCO DA COSTA NETO,PSD,Deputado Estadual,14,2022
0380,55111,CICERO JOÃO DA SILVA,PSD,Deputado Estadual,1,2022
0380,55116,TEREZINHA DE AQUINO,PSD,Deputado Estadual,0,2022
0380,55121,ANTÔNIO EMÍDIO DE MORAIS,PSD,Deputado Estadual,0,2022
0380,55122,ANTONIO DE SOUSA RAMALHO,PSD,Deputado Estadual,0,2022
0380,55123,RAFAEL ANTONIO DA SILVA,PSD,Deputado Estadual,15,2022
0380,55135,JULIANA SOARES DE PAULA,PSD,Deputado Estadual,0,2022
0380,55177,VERA LUCIA MENDES DA SILVA,PSD,Deputado Estadual,0,2022
0380,55190,SÉRGIO DE MOURA CAVALCANTI,PSD,Deputado Estadual,115,2022
0380,55191,EDSON GOMES DA ROCHA,PSD,Deputado Estadual,0,2022
0380,55195,EDIVALDO BENÍCIO,PSD,Deputado Estadual,1,2022
0380,55200,JOSÉ GARRIS DEL VALLE,PSD,Deputado Estadual,0,2022
0380,55212,CAROLINA ANGELELLI,PSD,Deputado Estadual,0,2022
0380,55222,RAUL VICENTINI,PSD,Deputado Estadual,20,2022
0380,55234,CHUKWUEMEKA UJOR,PSD,Deputado Estadual,0,2022
0380,55240,PRISCILA BRUNETTO DE ARAUJO,PSD,Deputado Estadual,3,2022
0380,55250,JOSIAS JOSE DO NASCIMENTO,PSD,Deputado Estadual,0,2022
0380,55255,CARLOS ANTONIO VILELA,PSD,Deputado Estadual,0,2022
0380,55300,VALÉRIA APARECIDA COSTA TORRES,PSD,Deputado Estadual,101,2022
0380,55331,EDINALVA NUNES DE JESUS,PSD,Deputado Estadual,0,2022
0380,55333,ROMILDO VIRGÍNIO DOS SANTOS,PSD,Deputado Estadual,2,2022
0380,55355,IRENILDE APARECIDA JULIANI DA SILVA,PSD,Deputado Estadual,1,2022
0380,55400,MARTA MARIA FREIRE DA COSTA,PSD,Deputado Estadual,1070,2022
0380,55450,NEIMAR DE ALMEIDA ORTIZ,PSD,Deputado Estadual,0,2022
0380,55455,JOSÉ CARLOS TREVENZOLLI FILHO,PSD,Deputado Estadual,6,2022
0380,55456,EFANEU NOLASCO GODINHO,PSD,Deputado Estadual,1,2022
0380,55505,PATRICIA APARECIDA ROSSI,PSD,Deputado Estadual,0,2022
0380,55511,ANDRE PEREIRA DE MEDEIROS,PSD,Deputado Estadual,0,2022
0380,55522,CLAUDIO CESAR SILVA APOLINARIO,PSD,Deputado Estadual,5,2022
0380,55523,LUIS ANTONIO PANONE,PSD,Deputado Estadual,0,2022
0380,55534,JOSÉ CARLOS ROSSI,PSD,Deputado Estadual,6,2022
0380,55550,RENATO SABINO COLOMBANO,PSD,Deputado Estadual,1,2022
0380,55555,HELIO BRESSAN,PSD,Deputado Estadual,30,2022
0380,55599,LUIS TADEO GIMENES,PSD,Deputado Estadual,0,2022
0380,55600,LUIZ FERNANDO PIVA CRUZ,PSD,Deputado Estadual,0,2022
0380,55654,JUVENIL DE ALMEIDA SILVERIO,PSD,Deputado Estadual,1,2022
0380,55655,ARTUR CASSEB ORSI,PSD,Deputado Estadual,1868,2022
0380,55678,RAIMUNDO FERNANDES DE PAIVA,PSD,Deputado Estadual,0,2022
0380,55699,PAULO ALVES CORRÊA JUNIOR,PSD,Deputado Estadual,4,2022
0380,55700,ANDRÉA PAROLIN PAVANI PERINOTI,PSD,Deputado Estadual,1,2022
0380,55755,FERNANDO LUCCHESI ANTUNES DE OLIVEIRA,PSD,Deputado Estadual,0,2022
0380,55777,OSEIAS SANTOS DA SILVA,PSD,Deputado Estadual,138,2022
0380,55789,NÚBIA CRISTINA SILVÉRIO,PSD,Deputado Estadual,0,2022
0380,55790,ALEXANDRO DE ARAÚJO,PSD,Deputado Estadual,2,2022
0380,55800,LUCIANO RODRIGUES DE AQUINO,PSD,Deputado Estadual,0,2022
0380,55844,JOSE CARLOS ADAO,PSD,Deputado Estadual,0,2022
0380,55855,VANILDA APARECIDA PEREIRA DA SILVA,PSD,Deputado Estadual,0,2022
0380,55888,SÔNIA REGINA RODRIGUES MÓDENA,PSD,Deputado Estadual,16,2022
0380,55999,SILVIA ELIANA PALMA,PSD,Deputado Estadual,6,2022
0380,65000,EWERTON DA SILVA CARVALHO,PC do B,Deputado Estadual,77,2022
0380,65010,MARCOS JESUS DOS SANTOS,PC do B,Deputado Estadual,0,2022
0380,65012,GERSON BARBOSA DE SOUSA,PC do B,Deputado Estadual,0,2022
0380,65013,ROZANA FONSECA BARROSO DA SILVA,PC do B,Deputado Estadual,12,2022
0380,65035,LECI BRANDÃO DA SILVA,PC do B,Deputado Estadual,418,2022
0380,65123,PEDRO ANTONIO BIGARDI,PC do B,Deputado Estadual,5,2022
0380,65180,CARINA VITRAL COSTA,PC do B,Deputado Estadual,13,2022
0380,65300,MARIANA NUNES DE MOURA SOUZA,PC do B,Deputado Estadual,33,2022
0380,65333,RODRIGO FIRMINO ROMÃO,PC do B,Deputado Estadual,0,2022
0380,65400,KEILA PEREIRA FRANCISCO,PC do B,Deputado Estadual,3,2022
0380,65555,WAGNER CIPRIANO ARAUJO,PC do B,Deputado Estadual,24,2022
0380,65656,MARCIA REGINA QUINTANILHA,PC do B,Deputado Estadual,404,2022
0380,65658,FRANCISCA PEREIRA DA ROCHA SEIXAS,PC do B,Deputado Estadual,0,2022
0380,65777,SAMUEL EUZÉBIO DE OLIVEIRA,PC do B,Deputado Estadual,1,2022
0380,65789,RENÉ VICENTE DOS SANTOS,PC do B,Deputado Estadual,8,2022
0380,70000,DAVI PIRES BATISTA,AVANTE,Deputado Estadual,0,2022
0380,70001,JEAN CARLOS HERZOGENRATH DE BRITO,AVANTE,Deputado Estadual,0,2022
0380,70003,DONATO DOS SANTOS SILVA,AVANTE,Deputado Estadual,0,2022
0380,70005,VANIA MAIA DOS REIS,AVANTE,Deputado Estadual,0,2022
0380,70007,LEANDRO VIEIRA DE LIMA,AVANTE,Deputado Estadual,0,2022
0380,70008,CARLOS EDUARDO PLACUCCI,AVANTE,Deputado Estadual,0,2022
0380,70010,FRANCISCA QUELINDEJARA VASCONCELOS SOBIESKI,AVANTE,Deputado Estadual,0,2022
0380,70012,CARLOS ALBERTO DA FONSECA,AVANTE,Deputado Estadual,0,2022
0380,70013,MICHELE NOVAES CANDIDO,AVANTE,Deputado Estadual,0,2022
0380,70014,WILLAMS FERNANDES DA SILVA,AVANTE,Deputado Estadual,0,2022
0380,70016,RAPHAEL GOZUEN CAMARGO,AVANTE,Deputado Estadual,0,2022
0380,70017,ELIETE DE MIRANDA MACHADO,AVANTE,Deputado Estadual,0,2022
0380,70020,NELSON MERRWELVELSON FERREIRA E SOUZA,AVANTE,Deputado Estadual,0,2022
0380,70021,GERALDO FERREIRA COSTA FILHO,AVANTE,Deputado Estadual,0,2022
0380,70022,ISRAEL BEZERRA DA SILVA,AVANTE,Deputado Estadual,0,2022
0380,70029,LOREDANA NOCITO SALAMONE,AVANTE,Deputado Estadual,0,2022
0380,70033,FRANCISCA ROSANA MONTANHER,AVANTE,Deputado Estadual,0,2022
0380,70040,PASCOAL DOS SANTOS LIMA,AVANTE,Deputado Estadual,0,2022
0380,70050,JURANDIR FERREIRA SILVA,AVANTE,Deputado Estadual,0,2022
0380,70070,WALDECK RODRIGUES DE MORAES,AVANTE,Deputado Estadual,0,2022
0380,70077,LUCIANO COSTA OLIVAN,AVANTE,Deputado Estadual,0,2022
0380,70088,KELLY VESCO MOZZONE,AVANTE,Deputado Estadual,0,2022
0380,70090,MARIA JULIANA PATRÍCIA DA COSTA,AVANTE,Deputado Estadual,0,2022
0380,70100,VALDENOR DE JESUS GONÇALVES FONSECA,AVANTE,Deputado Estadual,0,2022
0380,70110,NADIA AGUIAR SILVA LIMA,AVANTE,Deputado Estadual,0,2022
0380,70111,LUCIANO ZACCHIA DE ARAUJO,AVANTE,Deputado Estadual,0,2022
0380,70113,MARIA DAS MERCES CANDIDA DE ARAUJO,AVANTE,Deputado Estadual,0,2022
0380,70120,FABIO FEREZINI,AVANTE,Deputado Estadual,0,2022
0380,70123,MÁRCIO ROGÉRIO DIAS,AVANTE,Deputado Estadual,0,2022
0380,70127,MARCOS TIAGO DOS SANTOS NUNES,AVANTE,Deputado Estadual,0,2022
0380,70130,TANIA DAS NEVES BELO,AVANTE,Deputado Estadual,0,2022
0380,70140,ANTONIO CARLOS DE CAMPOS MACHADO,AVANTE,Deputado Estadual,0,2022
0380,70141,ZENIA PEREIRA DE ANDRADE SOUSA,AVANTE,Deputado Estadual,0,2022
0380,70142,TIRSO DOS SANTOS JUNIOR,AVANTE,Deputado Estadual,0,2022
0380,70145,PAULA CRISTINA LOURENÇO,AVANTE,Deputado Estadual,0,2022
0380,70150,MARCELO AUGUSTO MARTINS COUBASSIER,AVANTE,Deputado Estadual,0,2022
0380,70156,JOSANGELA SILVEIRA MELO,AVANTE,Deputado Estadual,0,2022
0380,70160,ROQUE BARBIERE,AVANTE,Deputado Estadual,0,2022
0380,70170,LUIZ DE SOUSA CHAGAS,AVANTE,Deputado Estadual,0,2022
0380,70177,RITA DE CASSIA RAMOS ORIGUELLA,AVANTE,Deputado Estadual,0,2022
0380,70180,SANDRA DAMASCENO NUNES DE MIRANDA,AVANTE,Deputado Estadual,0,2022
0380,70190,KARINA CARLA DA SILVA,AVANTE,Deputado Estadual,0,2022
0380,70192,WILSON DOS SANTOS JÚNIOR,AVANTE,Deputado Estadual,0,2022
0380,70200,FRANCISCO MARCOS IRAN AQUINO ROLIM,AVANTE,Deputado Estadual,0,2022
0380,70202,SERGIO RAMOS ROBERTO,AVANTE,Deputado Estadual,0,2022
0380,70222,SERGIO UZUM JUNIOR,AVANTE,Deputado Estadual,0,2022
0380,70233,BOAVENTURA PEREIRA SANTOS,AVANTE,Deputado Estadual,0,2022
0380,70234,JUSSIMARA NUNES DE JESUS,AVANTE,Deputado Estadual,0,2022
0380,70270,DAVID CRISTIAN DE OLIVEIRA,AVANTE,Deputado Estadual,0,2022
0380,70300,MATIAS GERALDO MUNIZ,AVANTE,Deputado Estadual,0,2022
0380,70313,GILMAR BORGES DE ALMEIDA,AVANTE,Deputado Estadual,0,2022
0380,70321,JOSÉ AMARO DA SILVA,AVANTE,Deputado Estadual,0,2022
0380,70333,MÁRIO COROCHEL NETO,AVANTE,Deputado Estadual,0,2022
0380,70345,ADRIANA SOUZA DOS SANTOS PEREIRA,AVANTE,Deputado Estadual,0,2022
0380,70369,PEDRO ADERSON FURTADO SOARES,AVANTE,Deputado Estadual,0,2022
0380,70400,JOÃO VANE CAVALCANTI REIS,AVANTE,Deputado Estadual,0,2022
0380,70440,JONEIDE GOMES LOPES,AVANTE,Deputado Estadual,0,2022
0380,70444,OZÉIAS BATISTA DOS SANTOS,AVANTE,Deputado Estadual,0,2022
0380,70456,LUZIA MARIA VIDICA CÂNDIDO,AVANTE,Deputado Estadual,0,2022
0380,70470,WALNEY ARAUJO DA SILVEIRA,AVANTE,Deputado Estadual,0,2022
0380,70555,RENATA APARECIDA MORAIS DE VASCONCELOS,AVANTE,Deputado Estadual,0,2022
0380,70567,ADONAI DOS SANTOS SOARES JÚNIOR,AVANTE,Deputado Estadual,0,2022
0380,70570,PAULO SÉRGIO SILVESTRE,AVANTE,Deputado Estadual,0,2022
0380,70600,ALEXANDRE CHICHURRA,AVANTE,Deputado Estadual,0,2022
0380,70677,ROGÉRIO MACIEL MONTEIRO JUNIOR,AVANTE,Deputado Estadual,0,2022
0380,70700,MORGANA SIQUEIRA,AVANTE,Deputado Estadual,0,2022
0380,70707,LUCINEIA DOS SANTOS,AVANTE,Deputado Estadual,0,2022
0380,70709,JORGE SAMPAIO DA SILVA,AVANTE,Deputado Estadual,0,2022
0380,70717,LUCIANA VEIGA DE PAULA,AVANTE,Deputado Estadual,0,2022
0380,70730,LAELSON DA PAZ DE OLIVEIRA,AVANTE,Deputado Estadual,0,2022
0380,70740,ALINE FELIPE SOARES CARVALHO,AVANTE,Deputado Estadual,0,2022
0380,70770,ANTONIO GILBERTO DA SILVA,AVANTE,Deputado Estadual,0,2022
0380,70775,ANTONIO CONSTANTINO OLIVEIRA,AVANTE,Deputado Estadual,0,2022
0380,70777,WALTER CAVEANHA,AVANTE,Deputado Estadual,0,2022
0380,70778,JOSENILDO JOSE DE OLIVEIRA,AVANTE,Deputado Estadual,0,2022
0380,70789,PAULO CALADO FARIAS,AVANTE,Deputado Estadual,0,2022
0380,70800,DONIZETE NATAL PONTES,AVANTE,Deputado Estadual,0,2022
0380,70840,LUIZ ANTONIO CIRINO,AVANTE,Deputado Estadual,0,2022
0380,70888,OSWALDO LUIZ RODRIGUES DE OLIVEIRA,AVANTE,Deputado Estadual,0,2022
0380,70900,JORGE DURAN GONÇALEZ,AVANTE,Deputado Estadual,0,2022
0380,70930,NILSON DE OLIVEIRA VALIM,AVANTE,Deputado Estadual,0,2022
0380,70940,RICARDO DIAS,AVANTE,Deputado Estadual,0,2022
0380,70950,SERGIO WAGNER LOCATELLI,AVANTE,Deputado Estadual,0,2022
0380,70960,SILVIA DOS REIS,AVANTE,Deputado Estadual,0,2022
0380,70970,KARINA CRISTINA DE OLIVEIRA SILVA SOARES,AVANTE,Deputado Estadual,0,2022
0380,70977,JOSÉ LUIZ DE LIMA,AVANTE,Deputado Estadual,0,2022
0380,70987,EDNEI APARECIDO VALENCIO,AVANTE,Deputado Estadual,0,2022
0380,70988,ROBSON CRISTIANO DE SOUZA,AVANTE,Deputado Estadual,0,2022
0380,70990,ELAINE CRISTINA RODRIGUES,AVANTE,Deputado Estadual,0,2022
0380,70999,HANGELBRT PIRES SOARES,AVANTE,Deputado Estadual,0,2022
0380,77000,ÁTILA CESAR MONTEIRO JACOMUSSI,SOLIDARIEDADE,Deputado Estadual,4,2022
0380,77001,DAVID DOS REIS RODRIGUES SABACIANSKIS,SOLIDARIEDADE,Deputado Estadual,0,2022
0380,77002,VALDINEIA MEIRA MOTA,SOLIDARIEDADE,Deputado Estadual,1,2022
0380,77003,CRISTIANO ALEXANDRE DA SILVA,SOLIDARIEDADE,Deputado Estadual,0,2022
0380,77007,RICARDO DE SOUZA GENOVEZ,SOLIDARIEDADE,Deputado Estadual,2,2022
0380,77008,PAULO MACHADO DA SILVA,SOLIDARIEDADE,Deputado Estadual,2,2022
0380,77010,JONES DONIZETTE SOBRINHO,SOLIDARIEDADE,Deputado Estadual,20,2022
0380,77040,ADILSON DE SOUZA ROCHA,SOLIDARIEDADE,Deputado Estadual,371,2022
0380,77048,ADENILDES ALVES ROCHA,SOLIDARIEDADE,Deputado Estadual,1,2022
0380,77055,FABIANO RUEDA AMORIM,SOLIDARIEDADE,Deputado Estadual,5,2022
0380,77059,ELLEN CRISTINA DE MORAES,SOLIDARIEDADE,Deputado Estadual,1,2022
0380,77073,ALEXANDRA DOS SANTOS MOTA,SOLIDARIEDADE,Deputado Estadual,5,2022
0380,77077,VALDOMIRO NUNES DE QUEIROZ,SOLIDARIEDADE,Deputado Estadual,2,2022
0380,77088,CAIO ALEXANDRE RAMOS FORCEL,SOLIDARIEDADE,Deputado Estadual,1,2022
0380,77111,ELI CORREIA DE MELO,SOLIDARIEDADE,Deputado Estadual,3,2022
0380,77123,VANDERLEY CAVALCANTE DA SILVA,SOLIDARIEDADE,Deputado Estadual,5,2022
0380,77126,ALAN EDUARDO DE PAULA,SOLIDARIEDADE,Deputado Estadual,0,2022
0380,77134,MARIA GORETE DA SILVA,SOLIDARIEDADE,Deputado Estadual,2,2022
0380,77147,GEORGES HABIB JARROUGE,SOLIDARIEDADE,Deputado Estadual,2,2022
0380,77154,FLORISA BATISTA DE ALMEIDA,SOLIDARIEDADE,Deputado Estadual,0,2022
0380,77156,GERALDO NUNES REIS,SOLIDARIEDADE,Deputado Estadual,0,2022
0380,77177,EDSON MUNIS,SOLIDARIEDADE,Deputado Estadual,6,2022
0380,77192,AGNALDO PISCOPO,SOLIDARIEDADE,Deputado Estadual,22,2022
0380,77200,MARISSOL APARECIDA DA SILVA BARROS,SOLIDARIEDADE,Deputado Estadual,2,2022
0380,77215,DEBORA MEIKO IKEJIRI,SOLIDARIEDADE,Deputado Estadual,2,2022
0380,77222,LUCIANO BATISTA,SOLIDARIEDADE,Deputado Estadual,0,2022
0380,77234,JOSE MARIA FELIX,SOLIDARIEDADE,Deputado Estadual,0,2022
0380,77241,MARIA DE LOURDES DO NASCIMENTO NUNES,SOLIDARIEDADE,Deputado Estadual,0,2022
0380,77250,BRIGIDA CAIRES DINARDI,SOLIDARIEDADE,Deputado Estadual,1,2022
0380,77300,GLACIMERE BRITTO DE OLIVEIRA PIMENTA,SOLIDARIEDADE,Deputado Estadual,0,2022
0380,77332,VALDIR SOARES DE ALBUQUERQUE,SOLIDARIEDADE,Deputado Estadual,0,2022
0380,77345,WILLIAM CLEMENTE CORREA,SOLIDARIEDADE,Deputado Estadual,0,2022
0380,77400,LUIZ CARLOS DE MORAES,SOLIDARIEDADE,Deputado Estadual,1,2022
0380,77444,EDSON NASCIMENTO DE OLIVEIRA,SOLIDARIEDADE,Deputado Estadual,0,2022
0380,77458,ANDERSON MARTINS SALGADO,SOLIDARIEDADE,Deputado Estadual,0,2022
0380,77510,ANTONIO ALBERTO DOS REIS,SOLIDARIEDADE,Deputado Estadual,0,2022
0380,77513,JOSÉ ALVIM FILHO,SOLIDARIEDADE,Deputado Estadual,0,2022
0380,77550,BRUNO LUCIANO MEIRA MARTINS,SOLIDARIEDADE,Deputado Estadual,0,2022
0380,77555,MARCELO GOUVEIA NASCIMENTO,SOLIDARIEDADE,Deputado Estadual,1,2022
0380,77566,JAMIL AKIO ONO,SOLIDARIEDADE,Deputado Estadual,11,2022
0380,77567,LAERTE VANDERLEY CORNELIO,SOLIDARIEDADE,Deputado Estadual,0,2022
0380,77577,LUCIMARA SILVEIRA MANHA,SOLIDARIEDADE,Deputado Estadual,0,2022
0380,77600,VALDIR DE ALVARENGA,SOLIDARIEDADE,Deputado Estadual,0,2022
0380,77654,ROBSON ALEXANDRE DE OLIVEIRA,SOLIDARIEDADE,Deputado Estadual,0,2022
0380,77677,VALQUIRO MARTINS BOMFIM,SOLIDARIEDADE,Deputado Estadual,0,2022
0380,77678,ISRAEL SAMPAIO DE LACERDA FILHO,SOLIDARIEDADE,Deputado Estadual,0,2022
0380,77700,LUCAS DE OLIVEIRA,SOLIDARIEDADE,Deputado Estadual,2,2022
0380,77707,ALESSANDRA JULIO PAES,SOLIDARIEDADE,Deputado Estadual,0,2022
0380,77710,RENATA TEODORO DA FONSECA,SOLIDARIEDADE,Deputado Estadual,0,2022
0380,77715,LUIZ CARLOS MAGESTO,SOLIDARIEDADE,Deputado Estadual,1,2022
0380,77724,ANDREIA MARQUETE PASSOS,SOLIDARIEDADE,Deputado Estadual,0,2022
0380,77737,NEZINHO GONÇALVES NUNES,SOLIDARIEDADE,Deputado Estadual,0,2022
0380,77744,EDUARDO SILVA NICOLAU DE SOUZA,SOLIDARIEDADE,Deputado Estadual,0,2022
0380,77747,MAURA DA SILVA BUENO SANTOS,SOLIDARIEDADE,Deputado Estadual,0,2022
0380,77757,JORGE JERONIMO TEIXEIRA DOS SANTOS,SOLIDARIEDADE,Deputado Estadual,1,2022
0380,77770,REGINA DE MATOS COELHO NOGUEIRA,SOLIDARIEDADE,Deputado Estadual,0,2022
0380,77771,TELMA MARIA CARDIA,SOLIDARIEDADE,Deputado Estadual,28,2022
0380,77772,ANA IMACULADA VALERIO,SOLIDARIEDADE,Deputado Estadual,0,2022
0380,77777,ALEXANDRE PEREIRA DA SILVA,SOLIDARIEDADE,Deputado Estadual,29,2022
0380,77787,SÉTIMA MARIA VIEIRA DE ARAUJO,SOLIDARIEDADE,Deputado Estadual,0,2022
0380,77788,HERY WALDIR KATTWINKEL JUNIOR,SOLIDARIEDADE,Deputado Estadual,4,2022
0380,77789,RUBENS DE SOUZA,SOLIDARIEDADE,Deputado Estadual,0,2022
0380,77800,ADENILTON FERREIRA DA SILVA,SOLIDARIEDADE,Deputado Estadual,1,2022
0380,77808,MICHELLE SCOASSADO,SOLIDARIEDADE,Deputado Estadual,0,2022
0380,77880,MARIA NILVA SEVERINO GONÇALVES,SOLIDARIEDADE,Deputado Estadual,0,2022
0380,77888,CARLOS AUGUSTO DOS SANTOS,SOLIDARIEDADE,Deputado Estadual,24,2022
0380,77890,THIAGO FERREIRA ZANI,SOLIDARIEDADE,Deputado Estadual,0,2022
0380,77970,RAIMUNDO LUSTOZA LUCAS,SOLIDARIEDADE,Deputado Estadual,0,2022
0380,77997,MOISES JULIANO MONTIEL,SOLIDARIEDADE,Deputado Estadual,0,2022
0380,77999,LUCIANO APARECIDO MORENO,SOLIDARIEDADE,Deputado Estadual,0,2022
0380,80000,LIGIA MENDES DA SILVA,UP,Deputado Estadual,52,2022
0380,80080,JOÃO GABRIEL COELHO,UP,Deputado Estadual,1,2022
0380,80123,AMANDA OLIVEIRA BISPO,UP,Deputado Estadual,62,2022
0380,90000,NEZIO ANTONIO MONTEIRO FILHO,PROS,Deputado Estadual,0,2022
0380,90005,WELLISSON WESLEY CANDIDO PEIXOTO,PROS,Deputado Estadual,0,2022
0380,90007,ARJUNA DE HUR FRAGA DE ASSUNÇÃO,PROS,Deputado Estadual,0,2022
0380,90009,JOSE CARLOS RICARDO,PROS,Deputado Estadual,0,2022
0380,90011,LUIZ AUGUSTO ROMANI DE OLIVEIRA,PROS,Deputado Estadual,0,2022
0380,90013,ERISVALDO DE SOUSA AGUIAR,PROS,Deputado Estadual,0,2022
0380,90014,ÁKILA SEVERO DE AZEVEDO,PROS,Deputado Estadual,0,2022
0380,90020,EDUARDO JOAQUIM DE OLIVEIRA,PROS,Deputado Estadual,0,2022
0380,90022,CHRISTINA MASSIS DELLA TORRE LEMES,PROS,Deputado Estadual,0,2022
0380,90025,MICHEL CAETANO DE ALBUQUERQUE,PROS,Deputado Estadual,0,2022
0380,90033,MARIA DA GLORIA IBARRA DOS REIS,PROS,Deputado Estadual,0,2022
0380,90050,EDSON MORO JUNIOR,PROS,Deputado Estadual,0,2022
0380,90090,NESTOR FERREIRA DOS SANTOS,PROS,Deputado Estadual,0,2022
0380,90100,CARLOS ALBERTO DE ZAGOTTIS SAAD,PROS,Deputado Estadual,0,2022
0380,90111,ANILTON HERCULINO DOS SANTOS,PROS,Deputado Estadual,0,2022
0380,90123,ALEXANDRE EUGENIO BATISTA,PROS,Deputado Estadual,0,2022
0380,90160,MARJORIE HOSANA CAMARGO MONTEIRO,PROS,Deputado Estadual,0,2022
0380,90192,MARILUCI FELICIANO DE OLIVEIRA GUEDES,PROS,Deputado Estadual,0,2022
0380,90193,IVANISE MARIA DE SOUSA GIAMPAGLIA,PROS,Deputado Estadual,0,2022
0380,90198,LEANDRO CALDAS DE CASTRO,PROS,Deputado Estadual,0,2022
0380,90199,CARLOS AUGUSTO PEREIRA COSTA,PROS,Deputado Estadual,0,2022
0380,90200,OSVALDY MARTINS,PROS,Deputado Estadual,0,2022
0380,90202,ENZO LEONARDO SUZIN MOMENTI,PROS,Deputado Estadual,0,2022
0380,90222,IRANILDO DANTAS,PROS,Deputado Estadual,0,2022
0380,90258,CELSO RICARDO DE MOURA,PROS,Deputado Estadual,0,2022
0380,90300,ARLINDO DE OLIVEIRA CAMARGO,PROS,Deputado Estadual,0,2022
0380,90318,WAGNER IRINEU DA SILVA,PROS,Deputado Estadual,0,2022
0380,90321,JOSÉ IVANILDO MARINHO PINHEIRO,PROS,Deputado Estadual,0,2022
0380,90334,NEILTON LISBOA DOS SANTOS,PROS,Deputado Estadual,0,2022
0380,90354,LUCAS MARCOLINO CORTEZ DOS SANTOS,PROS,Deputado Estadual,0,2022
0380,90454,GERALDO CARDOSO DE JESUS,PROS,Deputado Estadual,0,2022
0380,90478,AMARINILDA JOSÉ CUSTÓDIO,PROS,Deputado Estadual,0,2022
0380,90480,NEIVA ANTONIA MARTINS MARQUES,PROS,Deputado Estadual,0,2022
0380,90500,JOÃO BOSCO LOURENÇO,PROS,Deputado Estadual,0,2022
0380,90533,LUIS CARLOS MESSIAS,PROS,Deputado Estadual,0,2022
0380,90555,JEFFERSON DE JESUS NOGUEIRA,PROS,Deputado Estadual,0,2022
0380,90557,ANTONIO AGNALDO DOS SANTOS,PROS,Deputado Estadual,0,2022
0380,90567,PÂMELA ZÉLIA PAN TONIOLO,PROS,Deputado Estadual,0,2022
0380,90590,DEBORA CRISTINA DA MOTA,PROS,Deputado Estadual,0,2022
0380,90600,VICTOR GUATELLI CAVALCANTE,PROS,Deputado Estadual,0,2022
0380,90666,EBION PEREIRA DA COSTA,PROS,Deputado Estadual,0,2022
0380,90675,ANTONIO LUCIANO DO ROSARIO BARBOSA,PROS,Deputado Estadual,0,2022
0380,90700,MARCIA CRISTINA DOS SANTOS VENTURINI,PROS,Deputado Estadual,0,2022
0380,90707,RAPHAEL DIAS FERNANDES NETO,PROS,Deputado Estadual,0,2022
0380,90722,PAULO JOSE GONÇALVES,PROS,Deputado Estadual,0,2022
0380,90789,ADÃO DA SILVA,PROS,Deputado Estadual,0,2022
0380,90800,GLORIAMAR JACINTHO,PROS,Deputado Estadual,0,2022
0380,90828,ANNE VITORIA DIAS MOTA,PROS,Deputado Estadual,0,2022
0380,90888,HAMILTON ALVES FERNANDES,PROS,Deputado Estadual,0,2022
0380,90889,WALMIR CHARLEAUX BLANCO ESTEVES,PROS,Deputado Estadual,0,2022
0380,90900,AMANDA LIMA DIAS,PROS,Deputado Estadual,0,2022
0380,90901,VIVIANE DA SILVA FERNANDES DE LIMA,PROS,Deputado Estadual,0,2022
0380,90905,CAROLINA CASSACA NOEL,PROS,Deputado Estadual,0,2022
0380,90912,ELENICE MARIA DE OLIVEIRA,PROS,Deputado Estadual,0,2022
0380,90913,ANETE DÁLIA SEABRA SAMPAIO DE SOUZA,PROS,Deputado Estadual,0,2022
0380,90919,BENJAMIN NOEL,PROS,Deputado Estadual,0,2022
0380,90922,ALEX CANUTO DE SÁ CUNHA,PROS,Deputado Estadual,0,2022
0380,90988,PAULO CAINE DOS SANTOS SILVA,PROS,Deputado Estadual,0,2022
0380,90999,RICARDO PELISSARO LOQUETE,PROS,Deputado Estadual,0,2022
0423,10000,JORGE WILSON GONÇALVES DE MATTOS,REPUBLICANOS,Deputado Estadual,126,2022
0423,10001,RALFI RAFAEL DA SILVA,REPUBLICANOS,Deputado Estadual,4,2022
0423,10003,HELIO GERALDO RAMOS JUNIOR,REPUBLICANOS,Deputado Estadual,0,2022
0423,10007,CLEUSA APARECIDA DOS SANTOS,REPUBLICANOS,Deputado Estadual,1,2022
0423,10010,VANESSA GALLONI CARRERA,REPUBLICANOS,Deputado Estadual,3,2022
0423,10011,SONIA APARECIDA GONÇALVES BELARMINO,REPUBLICANOS,Deputado Estadual,0,2022
0423,10014,VIVIAN MAIRA DA SILVA MARCOS SOARES,REPUBLICANOS,Deputado Estadual,0,2022
0423,10017,DANILO CESAR CAMPETTI,REPUBLICANOS,Deputado Estadual,58,2022
0423,10018,CACILDA SANTOS MAGALHÃES,REPUBLICANOS,Deputado Estadual,0,2022
0423,10020,SILVIO ALESSANDER ENCARNAÇÃO,REPUBLICANOS,Deputado Estadual,1,2022
0423,10022,EDSON ANTONIO DE SOUZA,REPUBLICANOS,Deputado Estadual,1,2022
0423,10030,EDNA MARIA VERTELLO SILVA,REPUBLICANOS,Deputado Estadual,0,2022
0423,10033,ROGERIO PEDROSO DE PADUA JUNIOR,REPUBLICANOS,Deputado Estadual,0,2022
0423,10038,CAIQUE MAFRA BARBOSA,REPUBLICANOS,Deputado Estadual,21,2022
0423,10055,IARA FRANCISCA DOS SANTOS,REPUBLICANOS,Deputado Estadual,3,2022
0423,10060,JORGE LUIS DE SOUZA RODRIGUES,REPUBLICANOS,Deputado Estadual,0,2022
0423,10069,WAGNER BERNARDINO DA SILVA,REPUBLICANOS,Deputado Estadual,0,2022
0423,10070,WALTER PEREIRA FERREIRA,REPUBLICANOS,Deputado Estadual,4,2022
0423,10087,MARCO ROBERTO DA SILVA,REPUBLICANOS,Deputado Estadual,16,2022
0423,10099,LEONICE ALVES DA PAZ,REPUBLICANOS,Deputado Estadual,138,2022
0423,10100,AILDO RODRIGUES FERREIRA,REPUBLICANOS,Deputado Estadual,65,2022
0423,10101,EDISON LOURENÇO RICCOMI,REPUBLICANOS,Deputado Estadual,1,2022
0423,10102,RUBI CRUSE,REPUBLICANOS,Deputado Estadual,0,2022
0423,10107,FABIO DE CAMARGO TELLES,REPUBLICANOS,Deputado Estadual,0,2022
0423,10110,ABELARDO WANDERLINO DA COSTA NETO,REPUBLICANOS,Deputado Estadual,9,2022
0423,10111,RUI ALVES SOUZA JUNIOR,REPUBLICANOS,Deputado Estadual,29,2022
0423,10114,VALDECIR SOUZA DOS SANTOS,REPUBLICANOS,Deputado Estadual,13,2022
0423,10120,MARCO ANTONIO ZANONI BUENO,REPUBLICANOS,Deputado Estadual,21,2022
0423,10122,GILSON DE SOUZA,REPUBLICANOS,Deputado Estadual,12,2022
0423,10123,GILMACI DOS SANTOS BARBOSA,REPUBLICANOS,Deputado Estadual,921,2022
0423,10125,BRIGIDA PINATTI AMATTE,REPUBLICANOS,Deputado Estadual,3,2022
0423,10147,CLAUDIO ERNANI MARCONDES DE MIRANDA,REPUBLICANOS,Deputado Estadual,7,2022
0423,10170,GENILZA MEDEIROS DE CASTRO,REPUBLICANOS,Deputado Estadual,2,2022
0423,10181,LÔIDE CAMILO SOUZA FIUZA DE CARVALHO,REPUBLICANOS,Deputado Estadual,0,2022
0423,10190,HELENA DOS SANTOS REIS,REPUBLICANOS,Deputado Estadual,15,2022
0423,10192,ELTON CARVALHO PORTO,REPUBLICANOS,Deputado Estadual,1,2022
0423,10193,ADEMAR FRANCISCO MARTINS NETO,REPUBLICANOS,Deputado Estadual,2,2022
0423,10196,MAYRA ROSANNA GAMA DE ARAÚJO SILVA DA COSTA,REPUBLICANOS,Deputado Estadual,31,2022
0423,10200,HIGOR DIEGO RALLA,REPUBLICANOS,Deputado Estadual,980,2022
0423,10202,CLEMILTON ALVES DA SILVA,REPUBLICANOS,Deputado Estadual,7,2022
0423,10220,MARCO AURELIO MOREIRA ROQUE,REPUBLICANOS,Deputado Estadual,1,2022
0423,10222,ÉLITON SOUSA LEITE,REPUBLICANOS,Deputado Estadual,80,2022
0423,10224,MARIA NILZA FERREIRA ALVES,REPUBLICANOS,Deputado Estadual,2,2022
0423,10234,LUIZ CARLOS DONEGÁ NETO,REPUBLICANOS,Deputado Estadual,1,2022
0423,10255,LUIZ ANTONIO DINIZ DE ALMEIDA,REPUBLICANOS,Deputado Estadual,1,2022
0423,10300,RODRIGO FERNANDO NOVELLI,REPUBLICANOS,Deputado Estadual,1,2022
0423,10310,HUGO DANTAS DA SILVA,REPUBLICANOS,Deputado Estadual,0,2022
0423,10317,ROGERIO MOURA TOMAZ,REPUBLICANOS,Deputado Estadual,0,2022
0423,10318,LILIANE HELENA BARBOSA CHIARELLI,REPUBLICANOS,Deputado Estadual,0,2022
0423,10321,SEBASTIÃO DOS SANTOS FILHO,REPUBLICANOS,Deputado Estadual,11,2022
0423,10322,MAURICIO NOGUEIRA DIAS,REPUBLICANOS,Deputado Estadual,0,2022
0423,10333,ALTAIR MORAES DE OLIVEIRA,REPUBLICANOS,Deputado Estadual,12,2022
0423,10345,ABNER DELUQUI ISIDORO,REPUBLICANOS,Deputado Estadual,0,2022
0423,10360,VAGNER FERNANDES DA SILVA,REPUBLICANOS,Deputado Estadual,1,2022
0423,10369,ANDRE GEORGE NERES DE FARIAS,REPUBLICANOS,Deputado Estadual,1,2022
0423,10400,CHAYNI MELO DA SILVA,REPUBLICANOS,Deputado Estadual,0,2022
0423,10422,THIAGO ANTONIO BRIGANO,REPUBLICANOS,Deputado Estadual,7,2022
0423,10444,EDSON JOSÉ BOMBONATTI,REPUBLICANOS,Deputado Estadual,1,2022
0423,10450,PEDRO LUIZ CONTI MARIOZI,REPUBLICANOS,Deputado Estadual,0,2022
0423,10456,EDNA BEZERRA SAMPAIO FERNANDES,REPUBLICANOS,Deputado Estadual,7,2022
0423,10470,ANA CRISTINA DA SILVA COSTA,REPUBLICANOS,Deputado Estadual,1,2022
0423,10500,DOUGLAS ALBERTO SANTOS,REPUBLICANOS,Deputado Estadual,3,2022
0423,10511,CLAUDIO MASANOBU TERASAKA,REPUBLICANOS,Deputado Estadual,4,2022
0423,10550,TOME ABDUCH,REPUBLICANOS,Deputado Estadual,1601,2022
0423,10555,VITOR ALEXANDRE RODRIGUES,REPUBLICANOS,Deputado Estadual,11,2022
0423,10600,FLEITAS FIDELES MONTEIRO,REPUBLICANOS,Deputado Estadual,1,2022
0423,10605,CLAUDIA SILVIA MACHADO DA SILVA,REPUBLICANOS,Deputado Estadual,3,2022
0423,10611,CARLOS WEVERTON ORTEGA SANCHES,REPUBLICANOS,Deputado Estadual,2,2022
0423,10666,ELIANA ATTINI PALMIERI,REPUBLICANOS,Deputado Estadual,0,2022
0423,10699,AUREA ROCHA,REPUBLICANOS,Deputado Estadual,4,2022
0423,10700,EDSON PIRES SALOMÃO,REPUBLICANOS,Deputado Estadual,28,2022
0423,10722,VASCO DA GAMA JUNIOR,REPUBLICANOS,Deputado Estadual,4,2022
0423,10770,MARIA APARECIDA ROQUE DE OLIVEIRA,REPUBLICANOS,Deputado Estadual,0,2022
0423,10777,MANOEL BARBOSA DO NASCIMENTO,REPUBLICANOS,Deputado Estadual,96,2022
0423,10780,GERLANY FELISMINO DE LIMA ROCHA,REPUBLICANOS,Deputado Estadual,0,2022
0423,10788,SIDNEY NERY DA SILVA,REPUBLICANOS,Deputado Estadual,1,2022
0423,10789,GILMAR SOUZA DOS SANTOS,REPUBLICANOS,Deputado Estadual,0,2022
0423,10800,MARCELO SQUASSONI,REPUBLICANOS,Deputado Estadual,3,2022
0423,10850,SILMARA APARECIDA DOS REIS CIPRIANO,REPUBLICANOS,Deputado Estadual,0,2022
0423,10852,PAULO ELIAS VICENTE,REPUBLICANOS,Deputado Estadual,0,2022
0423,10855,JOSE SILVIO VALDISSERA,REPUBLICANOS,Deputado Estadual,6,2022
0423,10870,DANIEL PLANA BOGALHO,REPUBLICANOS,Deputado Estadual,1,2022
0423,10888,VLAMIR BERNARDES DA SILVA,REPUBLICANOS,Deputado Estadual,0,2022
0423,10900,MARCOS VINÍCIO BILANCIERI,REPUBLICANOS,Deputado Estadual,5,2022
0423,10910,ANTÔNIO CARLOS DA SILVA,REPUBLICANOS,Deputado Estadual,3,2022
0423,10911,PEDRO RODRIGUES DE MIRANDA NETO,REPUBLICANOS,Deputado Estadual,2,2022
0423,10980,PAULO AUGUSTO LEITE MOTOOKA,REPUBLICANOS,Deputado Estadual,4,2022
0423,10987,SARA MARGARETE DE SOUZA SILVA,REPUBLICANOS,Deputado Estadual,0,2022
0423,10990,REJAINE TEREZA DOS SANTOS MARCHESINI,REPUBLICANOS,Deputado Estadual,0,2022
0423,10999,RICARDO MOLINA DIAS,REPUBLICANOS,Deputado Estadual,116,2022
0423,11000,JEFERSON MODESTO SILVA,PP,Deputado Estadual,5,2022
0423,11001,FABIA DA SILVA PORTO,PP,Deputado Estadual,3,2022
0423,11007,DAVID GONÇALVES MOREIRA,PP,Deputado Estadual,2,2022
0423,11012,FERNANDO CESAR RAMOS,PP,Deputado Estadual,0,2022
0423,11018,EVANDRO GONÇALVES PESSOA,PP,Deputado Estadual,0,2022
0423,11019,LUCIVÂNIA PINHEIRO BARBOSA,PP,Deputado Estadual,69,2022
0423,11022,LETICIA AGUIAR RESENDE ALVES,PP,Deputado Estadual,40,2022
0423,11023,FLAVIO AUGUSTO OLMOS,PP,Deputado Estadual,1,2022
0423,11035,VERA APARECIDA ORTEGA DOS SANTOS,PP,Deputado Estadual,0,2022
0423,11040,EVELLYN JULIANA DA SILVA,PP,Deputado Estadual,0,2022
0423,11045,RODRIGO OTÁVIO SANTOS VELLASCO,PP,Deputado Estadual,0,2022
0423,11050,JOÃO ROBERTO DE SIQUEIRA,PP,Deputado Estadual,0,2022
0423,11060,APARECIDO JOVANIR PENA JUNIOR,PP,Deputado Estadual,0,2022
0423,11100,GUILHERME LAZO SOLANO NETO,PP,Deputado Estadual,17,2022
0423,11110,CARLOS EDUARDO RICATTO,PP,Deputado Estadual,17,2022
0423,11111,JOÃO JORGE FADEL FILHO,PP,Deputado Estadual,42,2022
0423,11119,ANDERSON DOS SANTOS,PP,Deputado Estadual,0,2022
0423,11120,DANIEL JOSÉ MILLER DE AZEVEDO,PP,Deputado Estadual,7,2022
0423,11122,WILSON JOAQUIM DA SILVA,PP,Deputado Estadual,4,2022
0423,11123,AUDREY KLEYS CABRAL DE OLIVEIRA DINAU,PP,Deputado Estadual,3,2022
0423,11125,CAIO FIORI DIAS,PP,Deputado Estadual,20,2022
0423,11181,LUIZ ANTONIO GATO,PP,Deputado Estadual,0,2022
0423,11190,RAFAEL HENRIQUE CANO TELHADA,PP,Deputado Estadual,154,2022
0423,11193,WALKER ISAAC DE SOUSA,PP,Deputado Estadual,0,2022
0423,11200,LETÍCIA DA SILVA GUEDES,PP,Deputado Estadual,0,2022
0423,11211,CARLOS ALBERTO BOARINI,PP,Deputado Estadual,0,2022
0423,11212,HELIO JOSÉ DOS SANTOS,PP,Deputado Estadual,2,2022
0423,11222,SAULO DE OLIVEIRA SOUZA,PP,Deputado Estadual,5,2022
0423,11224,PATRICIA ROSSI CICOTOSTE,PP,Deputado Estadual,1,2022
0423,11225,VALÉRIA CLAYTON REZENDE DE LIMA,PP,Deputado Estadual,0,2022
0423,11227,MARIA APARECIDA DE JESUS,PP,Deputado Estadual,0,2022
0423,11234,FLAVIO ROBERTO SALATINO,PP,Deputado Estadual,2,2022
0423,11245,FABIO ROGERIO FAGUNDES,PP,Deputado Estadual,0,2022
0423,11258,MÁRCIO APARECIDO MARTINS,PP,Deputado Estadual,0,2022
0423,11300,JOSÉ FRANCISCO GALDINO DE CARVALHO,PP,Deputado Estadual,0,2022
0423,11321,ELISANGELA ALCANTARA DA SILVA GONZALEZ,PP,Deputado Estadual,0,2022
0423,11333,JOSE MENDES DE SOUZA NETO BOTA,PP,Deputado Estadual,48,2022
0423,11334,RODRIGO DE PAULA RUIS,PP,Deputado Estadual,4,2022
0423,11345,MITUO TAKAHASI,PP,Deputado Estadual,0,2022
0423,11350,IZABEL CRISTINA DA SILVA ANDRE,PP,Deputado Estadual,0,2022
0423,11377,MARIA DE FÁTIMA SILVA,PP,Deputado Estadual,0,2022
0423,11400,PAULO ROBERTO CASSIOLATO FILHO,PP,Deputado Estadual,0,2022
0423,11444,TIAGO BAUAB BEDANI,PP,Deputado Estadual,0,2022
0423,11445,ARNALDO JOSE MARÍA CANCELA,PP,Deputado Estadual,8,2022
0423,11456,LUCAS DE ASSIS COSTA,PP,Deputado Estadual,2,2022
0423,11470,LEANDRO DE JESUS,PP,Deputado Estadual,0,2022
0423,11490,ELOIZA PEREIRA CORREIA,PP,Deputado Estadual,0,2022
0423,11511,EDSON RODRIGUES CARDOSO,PP,Deputado Estadual,0,2022
0423,11550,LYGIA APARECIDA FAZIO DE OLIVEIRA,PP,Deputado Estadual,1,2022
0423,11555,EZEQUIEL DE SOUZA DAMASCENO,PP,Deputado Estadual,6,2022
0423,11560,LINDINALVA ZEFERINO DE AZEVEDO,PP,Deputado Estadual,0,2022
0423,11567,HENRIQUE GOMES DE LIMA,PP,Deputado Estadual,25,2022
0423,11571,WELLINGTON WILLIAN DO NASCIMENTO SALES,PP,Deputado Estadual,0,2022
0423,11600,MARCIA APARECIDA TASCHETTI,PP,Deputado Estadual,0,2022
0423,11611,ADRIANA APARECIDA FELIX,PP,Deputado Estadual,5,2022
0423,11650,LUCIAUREA CORREIA DOS SANTOS,PP,Deputado Estadual,0,2022
0423,11660,RENATO DE OLIVEIRA ZUCOLOTO,PP,Deputado Estadual,6,2022
0423,11680,MARCELO LEANDRO BRAGA PALINI,PP,Deputado Estadual,0,2022
0423,11700,MARCELO RIBEIRO COSTA,PP,Deputado Estadual,0,2022
0423,11777,ANTONIO ASSUNÇÃO DE OLIM,PP,Deputado Estadual,338,2022
0423,11800,FERNANDO SIQUEIRA MUNIZ,PP,Deputado Estadual,2,2022
0423,11877,EDUARDO OLIVEIRA DE ARAUJO,PP,Deputado Estadual,0,2022
0423,11888,DANIELA DE OLIVEIRA SOUZA SOUTO,PP,Deputado Estadual,3,2022
0423,11890,ALBERTO SABINO DE OLIVEIRA,PP,Deputado Estadual,0,2022
0423,11900,KLEBER FERREIRA MARUXO,PP,Deputado Estadual,0,2022
0423,11911,EDYMAR BUENO,PP,Deputado Estadual,0,2022
0423,11972,BENEDITO TORRES BARRETO,PP,Deputado Estadual,0,2022
0423,11999,WAGNER RODRIGUES,PP,Deputado Estadual,2,2022
0423,12000,VICTOR HENRIQUE MARQUES,PDT,Deputado Estadual,24,2022
0423,12001,SOLANGE MARIA TEODORO,PDT,Deputado Estadual,1,2022
0423,12002,EDINEIA PRADO DA COSTA,PDT,Deputado Estadual,1,2022
0423,12003,MARCO ANTONIO ALVES JORGE,PDT,Deputado Estadual,18,2022
0423,12007,CLAUDIO JOSÉ DE OLIVEIRA GONÇALVES,PDT,Deputado Estadual,1,2022
0423,12008,PATRYCIA FACIOLO DOS SANTOS,PDT,Deputado Estadual,0,2022
0423,12012,DANIELA APARECIDA RODRIGUEIRO,PDT,Deputado Estadual,0,2022
0423,12013,DANIELLE MARINHO RABELO,PDT,Deputado Estadual,5,2022
0423,12014,JEFFERSON RODRIGO GOMES DA SILVA,PDT,Deputado Estadual,0,2022
0423,12016,MARIA EUGENIA UGUCIONE BIFFI,PDT,Deputado Estadual,3,2022
0423,12021,SANDRA NAVAJAS,PDT,Deputado Estadual,0,2022
0423,12022,GABRIEL COSTA PLACCE,PDT,Deputado Estadual,2,2022
0423,12028,PAULO ROGÉRIO DA SILVA,PDT,Deputado Estadual,3,2022
0423,12033,ADRIANA GOMES,PDT,Deputado Estadual,6,2022
0423,12050,ANTONIO FERNANDO PEREIRA,PDT,Deputado Estadual,1,2022
0423,12051,CÍCERO JUSTINO DA SILVA,PDT,Deputado Estadual,1,2022
0423,12054,SANDRA HELENA CANDIDO DOS SANTOS,PDT,Deputado Estadual,1,2022
0423,12077,MARCIO AURELIO SOARES,PDT,Deputado Estadual,0,2022
0423,12100,ALEXSANDRA OLIVEIRA BEZERRA,PDT,Deputado Estadual,3,2022
0423,12101,FLÁVIA APARECIDA RODRIGUES,PDT,Deputado Estadual,0,2022
0423,12111,LEONORA DA SILVA PÉRICO,PDT,Deputado Estadual,0,2022
0423,12112,FERNANDO DOS SANTOS MOURA,PDT,Deputado Estadual,2,2022
0423,12120,JOÃO VICTOR MATTA DIAS FERREIRA,PDT,Deputado Estadual,2,2022
0423,12121,PAULA MAYARA DARRÔ MARTINS ROCHA FILZEK,PDT,Deputado Estadual,2,2022
0423,12122,GILBERTO APARECIDO BORGES,PDT,Deputado Estadual,32,2022
0423,12123,DOUGLAS AUGUSTO PINHEIRO DE OLIVEIRA,PDT,Deputado Estadual,20,2022
0423,12124,AIRTON DA COSTA LOURENÇO,PDT,Deputado Estadual,1,2022
0423,12125,NUBIA DE JESUS SANTOS,PDT,Deputado Estadual,1,2022
0423,12126,ELISANGELA RODRIGUES DE SOUSA,PDT,Deputado Estadual,0,2022
0423,12131,ARNALDO REISDECOPA NASCIMENTO,PDT,Deputado Estadual,1,2022
0423,12156,EUGÊNIO MIRANDA,PDT,Deputado Estadual,0,2022
0423,12180,NAYLA DE SOUZA,PDT,Deputado Estadual,39,2022
0423,12190,MARCELO AFONSO PIMENTA,PDT,Deputado Estadual,0,2022
0423,12200,WILSON KELLER DE MATOS,PDT,Deputado Estadual,280,2022
0423,12202,SIVALDO DE JESUS,PDT,Deputado Estadual,0,2022
0423,12212,NEUDES RIBEIRO DE CARVALHO,PDT,Deputado Estadual,7,2022
0423,12222,ANTONIO DA ROCHA MARMO CEZAR,PDT,Deputado Estadual,11,2022
0423,12234,JOSUÉ GONÇALVES,PDT,Deputado Estadual,0,2022
0423,12240,ADRIANO NERES DE OLIVEIRA,PDT,Deputado Estadual,0,2022
0423,12244,RENAN FONSECA DA SILVA,PDT,Deputado Estadual,0,2022
0423,12277,MARCIO ALEXANDRE BARRETO,PDT,Deputado Estadual,0,2022
0423,12300,ANTONIO CARLOS TRIGO,PDT,Deputado Estadual,3,2022
0423,12307,MIRELLE CRISTINA DE SOUZA BUENO,PDT,Deputado Estadual,2,2022
0423,12310,ATAIDE ROBERTO DA SILVA JUNIOR,PDT,Deputado Estadual,2,2022
0423,12311,PAULO HENRIQUE RIBEIRO FLORIANO,PDT,Deputado Estadual,4,2022
0423,12312,ADOLFO BASSO,PDT,Deputado Estadual,26,2022
0423,12321,CASEMIRO DOS REIS JÚNIOR,PDT,Deputado Estadual,49,2022
0423,12333,PAULO ALEXANDRE ZEMUNER MASCARO,PDT,Deputado Estadual,2,2022
0423,12340,MAGALI RABELLO ROCHA,PDT,Deputado Estadual,0,2022
0423,12344,RAMILSON DE FREITAS PEREIRA,PDT,Deputado Estadual,0,2022
0423,12345,MÁRCIO MASSAMI NAKASHIMA,PDT,Deputado Estadual,73,2022
0423,12357,ROSA MARIA DA SILVA CLIMACO,PDT,Deputado Estadual,0,2022
0423,12363,EZEQUIEL DE ARAÚJO SILVA,PDT,Deputado Estadual,0,2022
0423,12366,MANOEL JOSÉ DA SILVA,PDT,Deputado Estadual,0,2022
0423,12369,ALEXSANDER MELO BUENO,PDT,Deputado Estadual,2,2022
0423,12377,LUIS CARLOS DE SOUZA,PDT,Deputado Estadual,0,2022
0423,12388,CINTIA APARECIDA DE MATOS,PDT,Deputado Estadual,0,2022
0423,12400,CESAR MICHELON LOUREIRO SANTANA,PDT,Deputado Estadual,0,2022
0423,12412,JOAQUIM MARCELINO JOFFRE NETO,PDT,Deputado Estadual,0,2022
0423,12422,GILMAR FERNANDES DE MELO,PDT,Deputado Estadual,0,2022
0423,12443,VERÔNICA EVANGELISTA DOS SANTOS,PDT,Deputado Estadual,0,2022
0423,12444,BRUNO DE OLIVEIRA ALVES,PDT,Deputado Estadual,1,2022
0423,12456,RAI SAYLON DE PAULA RIBEIRO,PDT,Deputado Estadual,4,2022
0423,12500,FERNANDO PEREIRA SIRCHIA JUNIOR,PDT,Deputado Estadual,2,2022
0423,12512,SIDNEI TAVARES MEDEIROS,PDT,Deputado Estadual,0,2022
0423,12555,ROBINSON FARINAZZO CASAL,PDT,Deputado Estadual,52,2022
0423,12600,JUSSARA APARECIDA FERNANDES,PDT,Deputado Estadual,8,2022
0423,12612,DEJANIRA VICENCIA SANTOS ALVES,PDT,Deputado Estadual,0,2022
0423,12622,SANDRA MARIA DOS SANTOS,PDT,Deputado Estadual,1,2022
0423,12645,LEONARDO LORO MARTINS PINTO,PDT,Deputado Estadual,3,2022
0423,12666,JAIRO ANZILEIRO,PDT,Deputado Estadual,0,2022
0423,12678,JHONY ANTONIO BARBOZA,PDT,Deputado Estadual,1,2022
0423,12700,WINNITU DIEGO DA SILVA TOZADORE,PDT,Deputado Estadual,1,2022
0423,12712,OSVALDO GOMES DE LIMA,PDT,Deputado Estadual,0,2022
0423,12720,RAFAEL TURRINI PURGATO,PDT,Deputado Estadual,4,2022
0423,12723,CARLA DENISE BAPTISTA LEOPOLDO,PDT,Deputado Estadual,0,2022
0423,12735,ANGELO SCAVASSINI NETO,PDT,Deputado Estadual,0,2022
0423,12736,JOSÉ NELSON DA SILVA,PDT,Deputado Estadual,0,2022
0423,12737,JHONATAN WILLIAM OLIVEIRA DO NASCIMENTO,PDT,Deputado Estadual,0,2022
0423,12750,GILBERTO JEFFERSON DE BARROS,PDT,Deputado Estadual,5,2022
0423,12770,LUCINEIDE CRUZ ALVES,PDT,Deputado Estadual,0,2022
0423,12777,PEDRO JOSÉ DE PAULA,PDT,Deputado Estadual,49,2022
0423,12789,RAFAEL COSTA AMADEU,PDT,Deputado Estadual,0,2022
0423,12800,MARCELO DE MELLO CASSUCCI,PDT,Deputado Estadual,0,2022
0423,12812,EDMILSON PINTO CARDOZO,PDT,Deputado Estadual,0,2022
0423,12888,CRISTIANE AQUINO PASTOR,PDT,Deputado Estadual,1,2022
0423,12900,EVELYN CRISTINA FERREIRA PAULA,PDT,Deputado Estadual,4,2022
0423,12912,MARCIO DE ALMEIDA PINO,PDT,Deputado Estadual,0,2022
0423,12990,ALESSANDRO FAUSTINO MARTINS,PDT,Deputado Estadual,8,2022
0423,12999,EDNELSON PACHECO FERREIRA,PDT,Deputado Estadual,0,2022
0423,13000,ALESSANDRO CÉZAR ARAÚJO AZEVEDO,PT,Deputado Estadual,57,2022
0423,13003,DOUGLAS MARTINS DE SOUZA,PT,Deputado Estadual,5,2022
0423,13004,TELMA SANDRA AUGUSTO DE SOUZA,PT,Deputado Estadual,13,2022
0423,13011,MARIO MAURICI DE LIMA MORAIS,PT,Deputado Estadual,6,2022
0423,13013,ALEXYA LUCAS EVANGELISTA SALVADOR,PT,Deputado Estadual,21,2022
0423,13016,THAINARA KAROLINE FARIA,PT,Deputado Estadual,234,2022
0423,13019,JOÃO GUILHERME BENETTI RAMOS,PT,Deputado Estadual,5,2022
0423,13066,ADÉLIA OLIVEIRA DE FARIAS,PT,Deputado Estadual,85,2022
0423,13100,GARRY DERALUS,PT,Deputado Estadual,5,2022
0423,13110,TEONÍLIO MONTEIRO DA COSTA,PT,Deputado Estadual,101,2022
0423,13112,EVELYN SILVA DO NASCIMENTO VICENTE DA SILVA,PT,Deputado Estadual,166,2022
0423,13113,MARCIA APARECIDA OVEJANEDA LIA,PT,Deputado Estadual,43,2022
0423,13114,ENIO FRANCISCO TATTO,PT,Deputado Estadual,10,2022
0423,13120,CARLOS ROBERTO DE OLIVEIRA,PT,Deputado Estadual,244,2022
0423,13121,ANA LUCIA LIPPAUS PERUGINI,PT,Deputado Estadual,366,2022
0423,13123,MARIA IZABEL AZEVEDO NORONHA,PT,Deputado Estadual,306,2022
0423,13127,BRUNO RAMOS DA SILVA,PT,Deputado Estadual,5,2022
0423,13130,FERNANDO SOUZA PUGA,PT,Deputado Estadual,9,2022
0423,13131,EMIDIO PEREIRA DE SOUZA,PT,Deputado Estadual,63,2022
0423,13133,EDUARDO MATARAZZO SUPLICY,PT,Deputado Estadual,2061,2022
0423,13134,LUIZ FERNANDO TEIXEIRA FERREIRA,PT,Deputado Estadual,327,2022
0423,13140,JORGE RODRIGO VALVERDE SANTANA,PT,Deputado Estadual,1,2022
0423,13147,MARIANA ROSSETO SANTOS,PT,Deputado Estadual,6,2022
0423,13180,MARIA EDUARDA ALENCAR HIDALGO,PT,Deputado Estadual,62,2022
0423,13192,MARCOS MONTANI CASEIRO,PT,Deputado Estadual,28,2022
0423,13199,PAOLLA CATHERINE DOS SANTOS MIGUEL AGARD,PT,Deputado Estadual,1093,2022
0423,13200,CONSTANTINO CURY NETO,PT,Deputado Estadual,3,2022
0423,13222,JULIANA FRAGA E SILVA DE SOUZA,PT,Deputado Estadual,13,2022
0423,13234,JOSÉ WILSON CARDOSO DE SOUZA,PT,Deputado Estadual,6,2022
0423,13258,ESTELA ALEXANDRE ALMAGRO,PT,Deputado Estadual,0,2022
0423,13270,THIAGO HENRIQUE MAIA SORATTO,PT,Deputado Estadual,22,2022
0423,13290,LEANDRO CÂNDIDO SOARES,PT,Deputado Estadual,25,2022
0423,13300,WAGNER DE MELO ROMÃO,PT,Deputado Estadual,712,2022
0423,13301,ROMILDO ANTONIO DA SILVA,PT,Deputado Estadual,6,2022
0423,13310,LUIZ CLAUDIO MARCOLINO,PT,Deputado Estadual,25,2022
0423,13313,RENATO MORENI AIRES DA SILVA,PT,Deputado Estadual,2,2022
0423,13321,HERIVELTO DOS SANTOS MORAES,PT,Deputado Estadual,3,2022
0423,13330,ALEX SANDRO GOMES,PT,Deputado Estadual,16,2022
0423,13331,VERA LUCIA RODRIGUES DE FARIA,PT,Deputado Estadual,246,2022
0423,13333,THAISE BEZERRA PACHECO SANTOS,PT,Deputado Estadual,27,2022
0423,13360,MIRIAM MANETTA ALGARRA,PT,Deputado Estadual,4,2022
0423,13400,CHEILA MARIA SUBENKO OLALLA,PT,Deputado Estadual,18,2022
0423,13413,JOÃO ALFREDO DE OLIVEIRA,PT,Deputado Estadual,0,2022
0423,13444,EDNA DA SILVA DELLA NINA,PT,Deputado Estadual,4,2022
0423,13456,ELISABETH SAHÃO,PT,Deputado Estadual,24,2022
0423,13500,ANDREIA TEIXEIRA BATISTA,PT,Deputado Estadual,9,2022
0423,13513,CAROLINA MALAVAZZI GALVÃO,PT,Deputado Estadual,7,2022
0423,13545,APARECIDA DA GRAÇA CARLOS,PT,Deputado Estadual,5,2022
0423,13555,SIMÃO PEDRO CHIOVETTI,PT,Deputado Estadual,28,2022
0423,13580,CARLOS ALBERTO MARCOS,PT,Deputado Estadual,41,2022
0423,13600,MARLY GOMES CALDAS,PT,Deputado Estadual,0,2022
0423,13613,PAULO ROBERTO FIORILO,PT,Deputado Estadual,22,2022
0423,13616,JOSEMUNDO DARIO QUEIROZ,PT,Deputado Estadual,23,2022
0423,13650,MARCELO RIBEIRO DA SILVA,PT,Deputado Estadual,0,2022
0423,13651,PAULO BATISTA DOS REIS,PT,Deputado Estadual,65,2022
0423,13654,JANDYRA MASSUE UEHARA ALVES,PT,Deputado Estadual,176,2022
0423,13696,CHRISTIANE GRACE GUIMARÃES DA SILVA,PT,Deputado Estadual,2,2022
0423,13700,ANTONIO DONATO MADORMO,PT,Deputado Estadual,28,2022
0423,13713,ROMULO ORNELAS DE OLIVEIRA,PT,Deputado Estadual,3,2022
0423,13777,ALMIR ROGERIO DA SILVA,PT,Deputado Estadual,3,2022
0423,13789,ROMULO CESAR FERNANDES,PT,Deputado Estadual,4,2022
0423,13800,JORGE DO CARMO SILVA,PT,Deputado Estadual,530,2022
0423,13877,JANETE ROCHA PIETÁ,PT,Deputado Estadual,0,2022
0423,13888,FRANCISCA NILMAR ARRAES MANOEL,PT,Deputado Estadual,2,2022
0423,13900,JULIANA SOARES DO NASCIMENTO,PT,Deputado Estadual,27,2022
0423,14000,JOSE CARLOS BERNARDI,PTB,Deputado Estadual,0,2022
0423,14001,EVANDRO PEREIRA DOS REIS,PTB,Deputado Estadual,0,2022
0423,14002,CRISTINA ALVES DE GODOY,PTB,Deputado Estadual,0,2022
0423,14003,PANAGIOTIS SERAFIM SPANOS,PTB,Deputado Estadual,0,2022
0423,14004,CRISTINA DOS SANTOS,PTB,Deputado Estadual,0,2022
0423,14005,LILIANE DURCE,PTB,Deputado Estadual,0,2022
0423,14006,GILBERTO MARQUES DO COUTO,PTB,Deputado Estadual,0,2022
0423,14007,RICARDO CRUZ DE REZENDE PAOLIELLO,PTB,Deputado Estadual,0,2022
0423,14009,CARLOS RICARDO CEOLONI,PTB,Deputado Estadual,0,2022
0423,14010,EDUARDO FRANCISCO DE MELO,PTB,Deputado Estadual,0,2022
0423,14011,PAULO SERGIO MOREIRA MELLO,PTB,Deputado Estadual,0,2022
0423,14012,LILIAN RENATA GARCIA VIEIRA MEDEIROS,PTB,Deputado Estadual,0,2022
0423,14013,ALAELSON ALVES DA SILVA,PTB,Deputado Estadual,0,2022
0423,14014,EDISON LUCIANO KLIMAN BENEDITO,PTB,Deputado Estadual,0,2022
0423,14015,MARIA DO ROSARIO ALMEIDA,PTB,Deputado Estadual,0,2022
0423,14016,CHARLES DOS SANTOS PEREIRA,PTB,Deputado Estadual,0,2022
0423,14017,PAULO CESAR DA SILVA SANT ANA,PTB,Deputado Estadual,0,2022
0423,14019,AHMED TARIQUE TOMBOUCTOU AGIO,PTB,Deputado Estadual,0,2022
0423,14020,GILBERTO MEGDA,PTB,Deputado Estadual,0,2022
0423,14021,MAGDA DOS SANTOS CABRAL,PTB,Deputado Estadual,0,2022
0423,14022,WASHINGTON JOSE DA CRUZ,PTB,Deputado Estadual,0,2022
0423,14032,AFONSO MARIA SILVA SALES,PTB,Deputado Estadual,0,2022
0423,14033,ANGELA TORRES PRADO,PTB,Deputado Estadual,0,2022
0423,14038,PAULO HUGENNEYER KOGOS,PTB,Deputado Estadual,0,2022
0423,14039,NURIA DANIELA GALLÃO ARTHUZO,PTB,Deputado Estadual,0,2022
0423,14040,LUIS FERNANDO DA SILVA,PTB,Deputado Estadual,0,2022
0423,14041,VERA LUCIA SOVERAL DA SILVEIRA,PTB,Deputado Estadual,0,2022
0423,14044,MARCOS VITOR LESSA,PTB,Deputado Estadual,0,2022
0423,14045,VIOLETA FILOMENA DACCACHE,PTB,Deputado Estadual,0,2022
0423,14046,MARCELO OLIVEIRA ROSADO,PTB,Deputado Estadual,0,2022
0423,14049,ROSYMEIRE DE SOUZA LEITE RODRIGUES,PTB,Deputado Estadual,0,2022
0423,14050,MARIA RISOLETA ESTRELA DOS SANTOS,PTB,Deputado Estadual,0,2022
0423,14060,DENIVIA ROSA DOS SANTOS OLIVEIRA,PTB,Deputado Estadual,0,2022
0423,14088,MARCELO CRISTIANO REIS,PTB,Deputado Estadual,0,2022
0423,14099,IOLANDA REGINA ALVES FRONTEROTTA,PTB,Deputado Estadual,0,2022
0423,14100,JOSE VANDERLEI MACHADO,PTB,Deputado Estadual,0,2022
0423,14108,ANTONIO DA SILVA E SOUZA,PTB,Deputado Estadual,0,2022
0423,14110,WENDELL BRAZ NICOLICHE,PTB,Deputado Estadual,0,2022
0423,14111,ALEXANDRE GONÇALVES DEMETRIO ZAHRA,PTB,Deputado Estadual,0,2022
0423,14112,EDILSON GUARNIERI,PTB,Deputado Estadual,0,2022
0423,14114,MARIA ADALZIRA RIBEIRO ORTIZ,PTB,Deputado Estadual,0,2022
0423,14115,MOISES GOMES DO NASCIMENTO,PTB,Deputado Estadual,0,2022
0423,14121,ROBERTO CARLOS DE ALMEIDA,PTB,Deputado Estadual,0,2022
0423,14122,CLODOALDO ALVES DE AMORIM,PTB,Deputado Estadual,0,2022
0423,14123,GUILHERME CESAR ZAFANI,PTB,Deputado Estadual,0,2022
0423,14124,MARCELO COSTA MORAES,PTB,Deputado Estadual,0,2022
0423,14125,ADA HENRIQUE XAVIER,PTB,Deputado Estadual,0,2022
0423,14128,ADRIANO DE BARROS CARUSO,PTB,Deputado Estadual,0,2022
0423,14130,AUDREY ANA MARCONDES GOGLIANO,PTB,Deputado Estadual,0,2022
0423,14141,ADAUTO VIANA JUNIOR,PTB,Deputado Estadual,0,2022
0423,14143,NOEMIA VIEIRA FONSECA,PTB,Deputado Estadual,0,2022
0423,14162,ANTONIO BERALDO ALVES,PTB,Deputado Estadual,0,2022
0423,14177,CLAUDIO AUGUSTO PEREIRA,PTB,Deputado Estadual,0,2022
0423,14190,MARCOS ROGERIO MANTEIGA,PTB,Deputado Estadual,0,2022
0423,14193,DEYCON FRANCISCO DA SILVA,PTB,Deputado Estadual,0,2022
0423,14200,RENATO SALVADOR MARTINS,PTB,Deputado Estadual,0,2022
0423,14221,LINDEMBERG MELO GONCALVES,PTB,Deputado Estadual,0,2022
0423,14222,FLAVIO RICARDO BEALL,PTB,Deputado Estadual,0,2022
0423,14244,LUCAS ANTUNES,PTB,Deputado Estadual,0,2022
0423,14245,PATRICIA MARIA DE MELO ZANOTTI MONTILHA,PTB,Deputado Estadual,0,2022
0423,14250,EMERSON PEREIRA BATISTA,PTB,Deputado Estadual,0,2022
0423,14300,DENE IRENO DE SOUSA,PTB,Deputado Estadual,0,2022
0423,14321,SIMONE APARECIDA NASCIMENTO DA CONCEIÇÃO,PTB,Deputado Estadual,0,2022
0423,14400,NELSON ROBERTO GRITTI,PTB,Deputado Estadual,0,2022
0423,14422,VALERIA CRISTINA RODRIGUES,PTB,Deputado Estadual,0,2022
0423,14441,GABRIEL SILVA GOMES,PTB,Deputado Estadual,0,2022
0423,14444,MANOEL LOPES FERREIRA JUNIOR,PTB,Deputado Estadual,0,2022
0423,14455,SERGIO ANTONIO,PTB,Deputado Estadual,0,2022
0423,14456,GIOVANA LIMA DE AGUIAR,PTB,Deputado Estadual,0,2022
0423,14457,PAULO ROBERTO TORRES GALINDO,PTB,Deputado Estadual,0,2022
0423,14500,CRISTINA APARECIDA TEIXEIRA CORDEIRO DE JESUS,PTB,Deputado Estadual,0,2022
0423,14522,RODRIGO RODRIGUES PEDROSO,PTB,Deputado Estadual,0,2022
0423,14550,JOSE MARCIO DE CAMPOS,PTB,Deputado Estadual,0,2022
0423,14555,MARCO AURELIO MIETO DOMINGUES,PTB,Deputado Estadual,0,2022
0423,14567,LILIANE MARIA DA SILVA PAES,PTB,Deputado Estadual,0,2022
0423,14580,MARIA DE JESUS LOPES MARTINS SILVA,PTB,Deputado Estadual,0,2022
0423,14617,CECILIA RANIELE ROSAL SALVADOR,PTB,Deputado Estadual,0,2022
0423,14620,GILSON MOREIRA,PTB,Deputado Estadual,0,2022
0423,14624,CARLOS ALBERTO VIDAL TONON JUNIOR,PTB,Deputado Estadual,0,2022
0423,14699,SIDINEI GIRON,PTB,Deputado Estadual,0,2022
0423,14700,GILBERTO SOARES PINHEIRO,PTB,Deputado Estadual,0,2022
0423,14701,MARCELINO SILVA,PTB,Deputado Estadual,0,2022
0423,14714,KARINA PAULA DE SOUZA OLIVEIRA MARTINS,PTB,Deputado Estadual,0,2022
0423,14772,WILLIAM APARECIDO DE SOUZA,PTB,Deputado Estadual,0,2022
0423,14775,CASSIO LUIZ DE OLIVEIRA,PTB,Deputado Estadual,0,2022
0423,14777,AGEU DA CRUZ ALMEIDA,PTB,Deputado Estadual,0,2022
0423,14789,GERALDO APARECIDO MENDES,PTB,Deputado Estadual,0,2022
0423,14800,MÔNICA PRADO,PTB,Deputado Estadual,0,2022
0423,14822,CLAUDIO LUIS CAIVANO,PTB,Deputado Estadual,0,2022
0423,14851,JURACILDE DE LIMA PINTO,PTB,Deputado Estadual,0,2022
0423,14888,AVEDIS GOGENHAN,PTB,Deputado Estadual,0,2022
0423,14900,VALDINEI CAMPELO FELIX,PTB,Deputado Estadual,0,2022
0423,14961,MARIA ALICE TANIGUSHI,PTB,Deputado Estadual,0,2022
0423,14999,APARECIDO MOREIRA DA SILVA,PTB,Deputado Estadual,0,2022
0423,15000,JORGE LUIS CARUSO,MDB,Deputado Estadual,54,2022
0423,15001,HUGO MOREIRA SANTOS,MDB,Deputado Estadual,8,2022
0423,15009,AUDEIDE CARDOSO,MDB,Deputado Estadual,0,2022
0423,15012,BRUNO DE SOUSA ALVES,MDB,Deputado Estadual,0,2022
0423,15013,HILDON DE OLIVEIRA ROCHA,MDB,Deputado Estadual,0,2022
0423,15014,DANIELE SOUZA AKAMINE,MDB,Deputado Estadual,0,2022
0423,15015,MOHAMED AHMED YOUSSEF,MDB,Deputado Estadual,1,2022
0423,15017,FERNANDA DA GLÓRIA GOMES,MDB,Deputado Estadual,0,2022
0423,15019,LUIS FELIPE SILVEIRA AMANCIO TORELLA D AVILA,MDB,Deputado Estadual,1,2022
0423,15022,ANGELA OROSCO DE MELO,MDB,Deputado Estadual,2,2022
0423,15023,SUENIRA TEIXEIRA PINTO,MDB,Deputado Estadual,2,2022
0423,15030,CLAUDETE FERREIRA DA SILVA,MDB,Deputado Estadual,1,2022
0423,15040,LUIZ CARLOS DE PAULA,MDB,Deputado Estadual,3,2022
0423,15050,ANDRÉ LUIZ BARBEZANI,MDB,Deputado Estadual,1,2022
0423,15051,LEONARDO FRANCISCO SAMPAIO DE SOUZA FILHO,MDB,Deputado Estadual,3,2022
0423,15060,ZORAIDA MARIA LOBATO VIOTTI,MDB,Deputado Estadual,0,2022
0423,15070,ALLI AHMAD MAJDOUB,MDB,Deputado Estadual,6,2022
0423,15090,SAMUEL DE JESUS SANTOS PEREIRA,MDB,Deputado Estadual,0,2022
0423,15100,GILMAR RAIMUNDO LUCAS,MDB,Deputado Estadual,0,2022
0423,15111,HENRIQUE DE ALMEIDA BASANO,MDB,Deputado Estadual,2,2022
0423,15112,ROSELEI APARECIDO FRANÇOSO,MDB,Deputado Estadual,3,2022
0423,15115,MARCUS VINICIUS DE ALMEIDA FERREIRA,MDB,Deputado Estadual,0,2022
0423,15117,JOSEFA ANADETE DOS SANTOS SILVA,MDB,Deputado Estadual,0,2022
0423,15121,ANDRE CESAR COSTA,MDB,Deputado Estadual,47,2022
0423,15122,MARIA CRISTIANE PINHEIRO,MDB,Deputado Estadual,1,2022
0423,15123,OCIMAR DONIZETI LEO OLIVEIRA,MDB,Deputado Estadual,5,2022
0423,15130,FERNANDO RAMOS,MDB,Deputado Estadual,0,2022
0423,15133,LILIAN APARECIDA DE PAULA,MDB,Deputado Estadual,1,2022
0423,15144,EVERSON MARCOS DE OLIVEIRA,MDB,Deputado Estadual,10,2022
0423,15150,DIEGO LOPES DEL RIO,MDB,Deputado Estadual,46,2022
0423,15151,GIULIANO GRISO,MDB,Deputado Estadual,4,2022
0423,15153,CÍCERO LUIZ DE BRITO,MDB,Deputado Estadual,11,2022
0423,15155,EDIMAR CANDIDO DE LIMA,MDB,Deputado Estadual,3,2022
0423,15157,CASSIANE DE MELO FERNANDES,MDB,Deputado Estadual,0,2022
0423,15158,ANDRÉA DE PAULA SANTOS,MDB,Deputado Estadual,3,2022
0423,15177,ALEXANDRE DE OLIVEIRA,MDB,Deputado Estadual,1,2022
0423,15180,JAQUELINE LILIAN BARCELOS COUTINHO,MDB,Deputado Estadual,0,2022
0423,15190,SANDRA CANDIDO MORETTI,MDB,Deputado Estadual,34,2022
0423,15200,CAIO VINICIUS DE MOURA LUZ,MDB,Deputado Estadual,5,2022
0423,15215,MARCOS RIBEIRO DA COSTA,MDB,Deputado Estadual,0,2022
0423,15220,PHILIPE DE PAULA DA SILVA,MDB,Deputado Estadual,1,2022
0423,15222,FERNANDO MARTINS DOS SANTOS,MDB,Deputado Estadual,3,2022
0423,15256,MARCOS ANTONIO GONÇALVES DA SILVA,MDB,Deputado Estadual,0,2022
0423,15270,NIQUEIAS FERREIRA BORGES,MDB,Deputado Estadual,0,2022
0423,15277,PLAUTO JOSE RIBEIRO HOLTZ MORAES,MDB,Deputado Estadual,0,2022
0423,15300,ITAMAR FRANCISCO MACHADO BORGES,MDB,Deputado Estadual,115,2022
0423,15315,ADEMIR MARTINS BOAVENTURA,MDB,Deputado Estadual,6,2022
0423,15333,ALLINY FERNANDA SARTORI PADALINO ROGÉRIO,MDB,Deputado Estadual,5,2022
0423,15339,RODNEY DE PAIVA,MDB,Deputado Estadual,1,2022
0423,15345,MARCELO COSTA DEL BOSCO AMARAL,MDB,Deputado Estadual,11,2022
0423,15363,JOSÉ ROGERIO SOARES DOS SANTOS,MDB,Deputado Estadual,337,2022
0423,15400,CELIA APARECIDA DA CRUZ OLIVEIRA MENEZES,MDB,Deputado Estadual,2,2022
0423,15432,IVONE MOREIRA SANTOS,MDB,Deputado Estadual,0,2022
0423,15451,LUCIENE PEREIRA FRANCO,MDB,Deputado Estadual,0,2022
0423,15456,JOSÉ AGRIPINO DA SILVA,MDB,Deputado Estadual,3,2022
0423,15500,MARIA DO CARMO GUILHERME,MDB,Deputado Estadual,16,2022
0423,15515,OSMARIO SILVA,MDB,Deputado Estadual,0,2022
0423,15522,DANIEL GIROTTO,MDB,Deputado Estadual,0,2022
0423,15525,ROSANA APARECIDA BRANQUINHO,MDB,Deputado Estadual,0,2022
0423,15550,RONALDO FRANCISCO DA CRUZ,MDB,Deputado Estadual,0,2022
0423,15555,FERNANDA MORENO DA SILVA,MDB,Deputado Estadual,9,2022
0423,15556,ADRIANA VASCONCELLOS VIEIRA DE OLIVEIRA LUIZ,MDB,Deputado Estadual,12,2022
0423,15557,ANDRÉ LUIZ DA SILVA,MDB,Deputado Estadual,0,2022
0423,15590,RUBIA MARA DA SILVA OLIVEIRA,MDB,Deputado Estadual,0,2022
0423,15600,EIDA SILVA DOS SANTOS AZEVEDO,MDB,Deputado Estadual,1,2022
0423,15605,FERNANDO LUIZ ISOPPO PETITI,MDB,Deputado Estadual,2,2022
0423,15620,ARLINDO MARIANO DE ARAUJO FILHO,MDB,Deputado Estadual,2,2022
0423,15622,GEORGE VATUTIN HATO,MDB,Deputado Estadual,15,2022
0423,15678,MARCELO FORTES BARBIERI,MDB,Deputado Estadual,20,2022
0423,15700,IVAN RIBEIRO DE BRITO,MDB,Deputado Estadual,0,2022
0423,15770,CINTIA ROBERTA SILVA RODRIGUES,MDB,Deputado Estadual,3,2022
0423,15777,DALCIDES BATISTA DA SILVA NETO,MDB,Deputado Estadual,3,2022
0423,15800,SANDRA REGINA VIEIRA,MDB,Deputado Estadual,5,2022
0423,15855,ANA PAULA CALVO,MDB,Deputado Estadual,3,2022
0423,15900,MAURO CESAR RAMOS DE ALMEIDA,MDB,Deputado Estadual,1,2022
0423,15910,ERNESTO TEIXEIRA DA CUNHA,MDB,Deputado Estadual,3,2022
0423,15914,TARSO LUIZ FURTADO GOUVEIA,MDB,Deputado Estadual,4,2022
0423,15964,LUCIANO MARQUES DA SILVA,MDB,Deputado Estadual,0,2022
0423,15980,JOÃO ALVES VIEIRA,MDB,Deputado Estadual,0,2022
0423,15990,ROMAR WILLIAM CULLEN DELLAPIAZZA,MDB,Deputado Estadual,9,2022
0423,15999,CÁSSIO DE CASTRO NAVARRO,MDB,Deputado Estadual,3,2022
0423,16000,LUCAS ANTONIO NIZUMA SIMABUKULO,PSTU,Deputado Estadual,0,2022
0423,16016,MARISA DOS SANTOS MENDES,PSTU,Deputado Estadual,0,2022
0423,16023,OSVALDO MARIANO DIOGO,PSTU,Deputado Estadual,0,2022
0423,16100,CRISTIANE BANHOL,PSTU,Deputado Estadual,0,2022
0423,16107,RAQUEL DE PAULA,PSTU,Deputado Estadual,0,2022
0423,16123,AMANDA COELHO MARZALL,PSTU,Deputado Estadual,0,2022
0423,16161,LEANDRO JOSE DE SOUZA DUQUE,PSTU,Deputado Estadual,0,2022
0423,16321,NELSON BOTELHO DA SILVA,PSTU,Deputado Estadual,0,2022
0423,16461,FERNANDO DE SOUZA,PSTU,Deputado Estadual,2,2022
0423,16555,MAÍRA MACHADO RODRIGUES,PSTU,Deputado Estadual,11,2022
0423,16789,ADILSON DOS SANTOS,PSTU,Deputado Estadual,3,2022
0423,18000,MARINA MEDEIROS HELOU,REDE,Deputado Estadual,296,2022
0423,18001,MARINA MOREIRA,REDE,Deputado Estadual,2,2022
0423,18010,BENEDITO RODRIGUES CORREA,REDE,Deputado Estadual,0,2022
0423,18012,ANTONIO CARLOS DE MORAES,REDE,Deputado Estadual,0,2022
0423,18013,ANTONIO CARLOS MUNHOZ,REDE,Deputado Estadual,4,2022
0423,18016,JULIANA GORGA SALVETTI,REDE,Deputado Estadual,0,2022
0423,18018,MARIANA DUARTE GARCIA DE LACERDA,REDE,Deputado Estadual,4,2022
0423,18019,MARIO EDUARDO DA SILVA,REDE,Deputado Estadual,0,2022
0423,18100,RAFAEL CASTRO KOCIAN,REDE,Deputado Estadual,2,2022
0423,18109,ISTÊNIO VIANA MELLO,REDE,Deputado Estadual,0,2022
0423,18111,OLINDA CAETANO GARCIA,REDE,Deputado Estadual,0,2022
0423,18123,EMERSON MARCIO VITALINO,REDE,Deputado Estadual,2,2022
0423,18180,BUDGA DEROBY NHAMBIQUARA,REDE,Deputado Estadual,5,2022
0423,18181,THÍFANY FELIX GUIMARÃES,REDE,Deputado Estadual,2,2022
0423,18188,ERIVELTON PEREIRA RAMOS,REDE,Deputado Estadual,2,2022
0423,18199,LILIAN CRISTINA DOS SANTOS FARIA,REDE,Deputado Estadual,0,2022
0423,18270,EDILMA MARIA DA SILVA,REDE,Deputado Estadual,0,2022
0423,18420,RUBENS EDUARDO DOCAMPO ANTONINI,REDE,Deputado Estadual,11,2022
0423,18441,EDILSON RODRIGO NOGUEIRA MARCIANO,REDE,Deputado Estadual,0,2022
0423,18456,ANDRE RICARDO DE SOUZA,REDE,Deputado Estadual,0,2022
0423,18555,JOSÉ MENINO DE OLIVEIRA,REDE,Deputado Estadual,0,2022
0423,18717,ANTOINE BALADY,REDE,Deputado Estadual,0,2022
0423,18777,RAFAEL BERNARDO FERREIRA SANTOS,REDE,Deputado Estadual,1,2022
0423,18800,HONÓRIO MARQUES DA SILVA,REDE,Deputado Estadual,2,2022
0423,18888,VICTOR AUGUSTO LINS MENDES,REDE,Deputado Estadual,63,2022
0423,19000,RAUL APARECIDO GONÇALVES PAULA,PODE,Deputado Estadual,27,2022
0423,19001,ATAIDE TERUEL PEREZ,PODE,Deputado Estadual,6,2022
0423,19002,JOSÉ CARLOS DE ALMEIDA,PODE,Deputado Estadual,0,2022
0423,19007,JAIRO DOS SANTOS,PODE,Deputado Estadual,0,2022
0423,19009,ESTER COSCARELLI DOMINGUES,PODE,Deputado Estadual,0,2022
0423,19011,JOBERT ALEXANDRINO,PODE,Deputado Estadual,8,2022
0423,19013,LARISSA FORJANES DOS SANTOS,PODE,Deputado Estadual,0,2022
0423,19015,MARCOS ESCAMES FÉLIX DA SILVA,PODE,Deputado Estadual,7,2022
0423,19019,GERSON DIAS PESSOA,PODE,Deputado Estadual,9,2022
0423,19020,URIÃ FANCELLI BAUMGARTNER,PODE,Deputado Estadual,41,2022
0423,19021,JOSÉ WALTER FIGUEIREDO SILVA,PODE,Deputado Estadual,4,2022
0423,19022,PEDRO MARIN BELMONTE NETO,PODE,Deputado Estadual,0,2022
0423,19023,PATRÍCIA MODESTO,PODE,Deputado Estadual,0,2022
0423,19027,CRISTIANE SILVA DE ALMEIDA SANTOS,PODE,Deputado Estadual,0,2022
0423,19030,JORGE GABRIEL GRASI,PODE,Deputado Estadual,2,2022
0423,19033,SABRINA PRADO DOS SANTOS,PODE,Deputado Estadual,7,2022
0423,19037,MARIA VILMA FIGUEIREDO DA SILVA JACINTO,PODE,Deputado Estadual,0,2022
0423,19054,ARLINDO AMARO DOS SANTOS,PODE,Deputado Estadual,0,2022
0423,19055,SILVAN PEREIRA DE SOUZA,PODE,Deputado Estadual,0,2022
0423,19069,ROBERTO MIGUEL REY JUNIOR,PODE,Deputado Estadual,19,2022
0423,19070,EMERSON FRACAROLI,PODE,Deputado Estadual,0,2022
0423,19077,JULIANA MARA DA SILVA SPADA,PODE,Deputado Estadual,0,2022
0423,19088,ELVIO ANTONIO PINOTTI NETO,PODE,Deputado Estadual,4,2022
0423,19097,ARLETE TAVARES DOS SANTOS BARBOSA,PODE,Deputado Estadual,0,2022
0423,19099,SILVIA MIRANDA NAGATA,PODE,Deputado Estadual,5,2022
0423,19100,RICARDO LONGATTI FRANÇA,PODE,Deputado Estadual,30,2022
0423,19101,CLARICE CARASSOL AREVALO GANEM,PODE,Deputado Estadual,297,2022
0423,19110,WAGNER BAPTISTA RIGUEIRA,PODE,Deputado Estadual,0,2022
0423,19111,GERSON DOS SANTOS PIRES,PODE,Deputado Estadual,132,2022
0423,19115,VERONICA COSMO AMERICO,PODE,Deputado Estadual,0,2022
0423,19119,GABRIEL PINELLI FERRAZ,PODE,Deputado Estadual,2,2022
0423,19123,MARCIO PASCHOAL GIUDICIO,PODE,Deputado Estadual,1,2022
0423,19125,MARIZETE GOMES DE MAGALHÃES BERGAMIN,PODE,Deputado Estadual,0,2022
0423,19133,TATIANA DE FREITAS SIVIERO,PODE,Deputado Estadual,4,2022
0423,19141,LUIS ANTONIO DE SOUZA,PODE,Deputado Estadual,0,2022
0423,19147,AURELIANO CARNEIRO DE LIMA,PODE,Deputado Estadual,0,2022
0423,19153,JOSELITO DE SOUSA LIMA,PODE,Deputado Estadual,3,2022
0423,19157,RODRIGO FEITOSA LOPES,PODE,Deputado Estadual,0,2022
0423,19179,CRISTIANE VIVIAN ALVES GOMES,PODE,Deputado Estadual,1,2022
0423,19190,MAURO MARQUES DAS NEVES,PODE,Deputado Estadual,2,2022
0423,19192,ALDO FERNANDO NUNES,PODE,Deputado Estadual,1,2022
0423,19196,SÉRGIO DONIZETE FERREIRA,PODE,Deputado Estadual,0,2022
0423,19197,ELIANA CONRADO GOTTSFRITZ FERNANDES,PODE,Deputado Estadual,0,2022
0423,19199,VICTOR MORAES FILHO,PODE,Deputado Estadual,0,2022
0423,19200,DANIEL DA ROCHA MARTINI,PODE,Deputado Estadual,18,2022
0423,19209,FÁBIO ANDRÉ CAPUTO FERRACINI,PODE,Deputado Estadual,3,2022
0423,19219,SANDRA DE AMORIM BARBOSA DE OLIVEIRA,PODE,Deputado Estadual,0,2022
0423,19222,ADILSON DOMINGOS CENSI,PODE,Deputado Estadual,17,2022
0423,19233,CHARLES DOS ANJOS,PODE,Deputado Estadual,0,2022
0423,19234,FABIO LEANDRO CARDOSO TEIXEIRA,PODE,Deputado Estadual,0,2022
0423,19252,FÁBIO FARIAS DE SÁ,PODE,Deputado Estadual,8,2022
0423,19299,EDUARDO LIMA DE SOUZA,PODE,Deputado Estadual,5,2022
0423,19300,EDUARDO CARNEIRO MARTINS,PODE,Deputado Estadual,0,2022
0423,19313,ELISÂNGELA VENTURA ROCHA,PODE,Deputado Estadual,0,2022
0423,19321,LEONARDO DA SILVA BRIGAGÃO,PODE,Deputado Estadual,8,2022
0423,19333,GUILHERME ANDREW GONÇALVES DA SILVA,PODE,Deputado Estadual,31,2022
0423,19345,ANDRE MARTINS MACHADO,PODE,Deputado Estadual,0,2022
0423,19360,TÁBATA FREITAS MANZOLI,PODE,Deputado Estadual,6,2022
0423,19400,JOSE BISPO DOS SANTOS FILHO,PODE,Deputado Estadual,0,2022
0423,19444,MALBA TANIA RODRIGUES ABRANTES COELHO GOMES,PODE,Deputado Estadual,0,2022
0423,19454,MARISTELA MORESCHI RIBEIRO NADER,PODE,Deputado Estadual,50,2022
0423,19456,ADRIANO SANTANA DOS SANTOS,PODE,Deputado Estadual,21,2022
0423,19490,CARLOS HENRIQUE SILVESTRE GARZON,PODE,Deputado Estadual,3,2022
0423,19500,KLEBER CABRAL,PODE,Deputado Estadual,51,2022
0423,19519,EDUARDO DOS REIS MAGOGA,PODE,Deputado Estadual,272,2022
0423,19555,GREGÓRIO MATIAS DE FREITAS,PODE,Deputado Estadual,0,2022
0423,19565,HENRIQUE LOPES SILVA,PODE,Deputado Estadual,0,2022
0423,19577,JOSÉ EDUARDO DOS SANTOS,PODE,Deputado Estadual,0,2022
0423,19600,ANDERSON DOS SANTOS MARTINS DE SOUZA,PODE,Deputado Estadual,0,2022
0423,19619,CÉSAR AUGUSTO JOSÉ,PODE,Deputado Estadual,0,2022
0423,19650,MARCOS ANTONIO SERAFIM BERNARDES JUNIOR,PODE,Deputado Estadual,0,2022
0423,19666,RUBENS CESTARI CAMPOS,PODE,Deputado Estadual,0,2022
0423,19667,MARIA APARECIDA DA COSTA BATISTA,PODE,Deputado Estadual,1,2022
0423,19678,PÉRICLES RÉGIS MENDONÇA DE LIMA,PODE,Deputado Estadual,0,2022
0423,19699,DOUGLAS BORGONI,PODE,Deputado Estadual,0,2022
0423,19700,CARLOS ALEXANDRE VIANNA SOARES,PODE,Deputado Estadual,14,2022
0423,19714,CARLOS EDUARDO NOBREGA,PODE,Deputado Estadual,0,2022
0423,19719,ALESSANDRA CRISTIANE SOARES GARCIA ALGARIN,PODE,Deputado Estadual,3,2022
0423,19753,VLADIMIR CODINHOTO,PODE,Deputado Estadual,0,2022
0423,19755,VANICE IZAURA CAMARGO COSTA DA SILVA,PODE,Deputado Estadual,2,2022
0423,19762,FABIO DUARTE,PODE,Deputado Estadual,1,2022
0423,19775,MARIA APARECIDA BORGES DE MACEDO,PODE,Deputado Estadual,0,2022
0423,19777,EDSON RODRIGUES,PODE,Deputado Estadual,23,2022
0423,19778,ANTONIO CARLOS BOLGIONI,PODE,Deputado Estadual,0,2022
0423,19789,CUSTODIA DE SOUZA RANGEL,PODE,Deputado Estadual,1,2022
0423,19798,DEISE DUARTE,PODE,Deputado Estadual,0,2022
0423,19800,MURILO BERBERT AVIGO FELIX,PODE,Deputado Estadual,18,2022
0423,19888,JAE KRUN PARK KIM,PODE,Deputado Estadual,7,2022
0423,19900,MARCOS PAULO TAVARES FURLAN,PODE,Deputado Estadual,7,2022
0423,19911,MARCOS MENDES DA SILVA,PODE,Deputado Estadual,2,2022
0423,19987,QUELEN HELOISA DOS SANTOS VANDERLEI,PODE,Deputado Estadual,0,2022
0423,19991,MARIA DO CARMO PORTELA RUMBO,PODE,Deputado Estadual,2,2022
0423,19992,DANIEL ARAUJO NEVES SANTIAGO LIMA,PODE,Deputado Estadual,5,2022
0423,19999,ALVARO COSTA VIEIRA,PODE,Deputado Estadual,8,2022
0423,20000,MARCELO THEODORO DE AGUIAR,PSC,Deputado Estadual,63,2022
0423,20001,DIEGO VOLGARINE PARDAL,PSC,Deputado Estadual,0,2022
0423,20002,JEAN ALEX DE ANDRADE DOS SANTOS,PSC,Deputado Estadual,1,2022
0423,20003,ELZA DIAS AMARO,PSC,Deputado Estadual,0,2022
0423,20004,RITA VALÉRIA ALVES,PSC,Deputado Estadual,0,2022
0423,20005,EVANDRO ANTONIO RAMOS TERRA VARONIL DE SOUSA,PSC,Deputado Estadual,2,2022
0423,20007,JOEL BATISTA RAMOS,PSC,Deputado Estadual,1,2022
0423,20010,CAIO ALEXANDRE GOMES DA SILVA,PSC,Deputado Estadual,2,2022
0423,20011,CLÁUDIO DO NASCIMENTO TORRES,PSC,Deputado Estadual,0,2022
0423,20012,ELTON ALVES RIBEIRO DE CARVALHO JUNIOR,PSC,Deputado Estadual,14,2022
0423,20015,ELIANE MARIA DE SANTANA OLIVEIRA,PSC,Deputado Estadual,0,2022
0423,20018,GILBERTO SANTOS SILVA DE VASCONCELOS,PSC,Deputado Estadual,0,2022
0423,20020,MARCO ANTONIO BIOTO,PSC,Deputado Estadual,37,2022
0423,20021,LUCIA DE FATIMA SILVA ROSIM,PSC,Deputado Estadual,3,2022
0423,20022,LUIS DONIZETTI VAZ JUNIOR,PSC,Deputado Estadual,6,2022
0423,20023,ANGELO ANTONIO BUCIOLOTI,PSC,Deputado Estadual,3,2022
0423,20025,ALEXSANDRA BEZERRA LEITE DA SILVA,PSC,Deputado Estadual,0,2022
0423,20028,VÂNIA FERREIRA DE FRANÇA,PSC,Deputado Estadual,0,2022
0423,20033,AGILDO FAUSTINO DOS SANTOS JUNIOR,PSC,Deputado Estadual,0,2022
0423,20035,MARIA JOSE DA SILVA,PSC,Deputado Estadual,0,2022
0423,20038,LEANDRO ALVES,PSC,Deputado Estadual,0,2022
0423,20040,SONIA DA SILVA LIMA,PSC,Deputado Estadual,0,2022
0423,20044,JOSÉ ROBERTO DE MELLO,PSC,Deputado Estadual,0,2022
0423,20057,WAGNER DE AVILA RIBEIRO,PSC,Deputado Estadual,7,2022
0423,20077,ALLINSON PAULO NUNES,PSC,Deputado Estadual,0,2022
0423,20080,MILTON BEZERRA FEITOZA,PSC,Deputado Estadual,0,2022
0423,20088,GIRLANE LIMA DE SOUZA,PSC,Deputado Estadual,3,2022
0423,20100,FELIPE TALVANI SONTINI,PSC,Deputado Estadual,6,2022
0423,20120,OZELITO JOSÉ BENEDITO,PSC,Deputado Estadual,8,2022
0423,20122,FABIO SANTOS DE OLIVEIRA,PSC,Deputado Estadual,0,2022
0423,20123,HELIO DONIZETE ZANATTA,PSC,Deputado Estadual,220,2022
0423,20124,VALERIA DE CAMPOS BALBINO,PSC,Deputado Estadual,0,2022
0423,20133,EDIVALDO SILVA MEIRA,PSC,Deputado Estadual,0,2022
0423,20140,ODETE BARBOSA DA SILVA,PSC,Deputado Estadual,0,2022
0423,20141,TRACE CAROLINE DIAS DAS CHAGAS,PSC,Deputado Estadual,0,2022
0423,20147,ANISTALDO LUIZ LOPES DA SILVA,PSC,Deputado Estadual,1,2022
0423,20150,NILSON PEREIRA DUARTE,PSC,Deputado Estadual,0,2022
0423,20153,RICARDO DOS SANTOS SATURNO,PSC,Deputado Estadual,0,2022
0423,20180,CLAUDETE MARTINS SANTOS DE ANDRADE,PSC,Deputado Estadual,9,2022
0423,20190,LUIZ PAULO MADALHANO MAGALHÃES,PSC,Deputado Estadual,131,2022
0423,20200,WELINGTON APARECIDO ALFREDO,PSC,Deputado Estadual,1,2022
0423,20201,SEBASTIÃO RAIMUNDO DE OLIVEIRA,PSC,Deputado Estadual,3,2022
0423,20202,JOHN GOKI KAGE,PSC,Deputado Estadual,1,2022
0423,20212,CARLOS ROBERTO BATISTA DOS SANTOS,PSC,Deputado Estadual,0,2022
0423,20220,LIDIA FREITAS DO NASCIMENTO,PSC,Deputado Estadual,0,2022
0423,20222,ROSIRENE DE JESUS SANTOS,PSC,Deputado Estadual,1,2022
0423,20227,SANDRA PEDROSA GARCIA DOS SANTOS,PSC,Deputado Estadual,0,2022
0423,20234,VERA LUCIA DE SOUZA BUENO URBAN,PSC,Deputado Estadual,1,2022
0423,20250,DÁRIO CASSIANO DE SOUZA,PSC,Deputado Estadual,0,2022
0423,20297,ENID KREBSKY DE CARVALHO,PSC,Deputado Estadual,0,2022
0423,20300,MARILDA DE SANTANA GIRON,PSC,Deputado Estadual,1,2022
0423,20320,JOSÉ CARLOS FURIOSO,PSC,Deputado Estadual,113,2022
0423,20322,LENILSON ALVES DE LIMA,PSC,Deputado Estadual,0,2022
0423,20330,ALLAN DAVID FERREIRA DE LIMA,PSC,Deputado Estadual,0,2022
0423,20333,VALDENIR JOSÉ BITIU,PSC,Deputado Estadual,4,2022
0423,20345,IZILDA DE LOURDES ALIPIO,PSC,Deputado Estadual,0,2022
0423,20350,DOUGLAS VANDERLEI AUGUSTO,PSC,Deputado Estadual,0,2022
0423,20400,MOACIR COVA,PSC,Deputado Estadual,2,2022
0423,20420,ARIELY PEDROSO SILVA PRETER,PSC,Deputado Estadual,0,2022
0423,20422,HELENA IZABEL DA SILVA GOMES,PSC,Deputado Estadual,2,2022
0423,20456,JÚLIO CESAR FUZARI,PSC,Deputado Estadual,3,2022
0423,20500,LEANDRO JERONIMO BASSON,PSC,Deputado Estadual,27,2022
0423,20520,FERNANDO ROCHA GARCIA,PSC,Deputado Estadual,2,2022
0423,20522,RENAN DIAS DA MATA,PSC,Deputado Estadual,4,2022
0423,20555,CRISTIANE FERREIRA PASSOS LASTÓRIA,PSC,Deputado Estadual,0,2022
0423,20600,GUSTAVO MESQUITA GALVÃO BUENO,PSC,Deputado Estadual,53,2022
0423,20611,VALTER FAUSTINO MARTINS JUNIOR,PSC,Deputado Estadual,0,2022
0423,20620,PEDRO MARQUES FERREIRA ASSAD,PSC,Deputado Estadual,2,2022
0423,20627,AIRTON DOS SANTOS,PSC,Deputado Estadual,0,2022
0423,20629,ELISABETE NATALI ALVARENGA,PSC,Deputado Estadual,0,2022
0423,20666,TIAGO DE OLIVEIRA SOUZA,PSC,Deputado Estadual,0,2022
0423,20678,MARCOS APARECIDO BARROS DE LIMA,PSC,Deputado Estadual,1,2022
0423,20700,THIAGO RODRIGO ROCHITI,PSC,Deputado Estadual,11,2022
0423,20720,ANTÔNIO MANOEL,PSC,Deputado Estadual,2,2022
0423,20722,ANDERSON RUGEL VAZ,PSC,Deputado Estadual,0,2022
0423,20745,SILVIO BARBOSA LOPES FILHO,PSC,Deputado Estadual,0,2022
0423,20777,RELDER SANDRO DE SOUZA FIALHO,PSC,Deputado Estadual,0,2022
0423,20789,ANDRE MARCOS DE ABREU,PSC,Deputado Estadual,0,2022
0423,20800,FREDERICH GERALDO MARTINS,PSC,Deputado Estadual,0,2022
0423,20820,ADILSON RIBEIRO,PSC,Deputado Estadual,0,2022
0423,20888,MAURÍCIO FERREIRA LIMA,PSC,Deputado Estadual,0,2022
0423,20900,PAULO SERGIO GALTERIO,PSC,Deputado Estadual,118,2022
0423,20920,EDNA CHRISTINA SANTIAGO,PSC,Deputado Estadual,0,2022
0423,21000,GABRIEL VIGHY DE CARVALHO,PCB,Deputado Estadual,43,2022
0423,21001,MICHEL LEITE VIANA,PCB,Deputado Estadual,2,2022
0423,21100,FABIANA TAYANE MEDRADO DA CRUZ,PCB,Deputado Estadual,14,2022
0423,22000,DIMAS MECCA SAMPAIO,PL,Deputado Estadual,680,2022
0423,22001,MONICA BATALHA PRADO,PL,Deputado Estadual,6,2022
0423,22002,REGIS LEANDRO YASUMURA,PL,Deputado Estadual,5,2022
0423,22007,DANILO MASCARENHAS DE BALAS,PL,Deputado Estadual,157,2022
0423,22008,FELIPE CARMONA CANTERA,PL,Deputado Estadual,80,2022
0423,22010,ANDRE LUIS BUENO,PL,Deputado Estadual,24,2022
0423,22011,KAREN LIMA VIEIRA,PL,Deputado Estadual,16,2022
0423,22012,JULIO CESAR PEREIRA DE SOUZA,PL,Deputado Estadual,96,2022
0423,22013,TIAGO MARTINS PERETTO,PL,Deputado Estadual,1,2022
0423,22022,ANA PAULA ROSSI DE ALMEIDA MAGDESIAN,PL,Deputado Estadual,34,2022
0423,22030,JOÃO CÉSAR DE MORAES,PL,Deputado Estadual,4,2022
0423,22038,AMERICO MASSAKI HIGUTI,PL,Deputado Estadual,47,2022
0423,22045,VIVIANE ROBERTA MATIOLI,PL,Deputado Estadual,4,2022
0423,22047,VICENTE PAULA RIBEIRO,PL,Deputado Estadual,5,2022
0423,22051,FABIANA DE LIMA BARROSO,PL,Deputado Estadual,94,2022
0423,22057,IVETA DE SOUZA ALVES,PL,Deputado Estadual,0,2022
0423,22058,ANDROMEDES BARBOSA OKABE,PL,Deputado Estadual,16,2022
0423,22070,MARIA DE FÁTIMA ALVES BARBOSA,PL,Deputado Estadual,5,2022
0423,22090,JOSE BRAZ DE OLIVEIRA JUNIOR,PL,Deputado Estadual,30,2022
0423,22099,CRISTIANY DE CASTRO,PL,Deputado Estadual,20,2022
0423,22100,BRUNO ZAMBELLI SALGADO,PL,Deputado Estadual,1199,2022
0423,22111,CLAUDIO NAZARENO SOUZA DE QUEIROZ,PL,Deputado Estadual,7,2022
0423,22112,CARLOS CEZAR DA SILVA,PL,Deputado Estadual,342,2022
0423,22120,GILDEVANIO ILSO DOS SANTOS DINIZ,PL,Deputado Estadual,803,2022
0423,22122,MARCIA TAPIGLIANI BAPTISTA,PL,Deputado Estadual,24,2022
0423,22123,RICARDO ROSSI MADALENA,PL,Deputado Estadual,24,2022
0423,22138,ROBERVAL CONTE LOPES LIMA,PL,Deputado Estadual,487,2022
0423,22144,LUIZ CARLOS DA COSTA VALLE,PL,Deputado Estadual,24,2022
0423,22150,RAFAEL RIBEIRO ZUCCO,PL,Deputado Estadual,56,2022
0423,22180,RAQUEL KOBASHI GALLINATI LOMBARDI,PL,Deputado Estadual,215,2022
0423,22181,HUGO PEREIRA DE CASTRO,PL,Deputado Estadual,6,2022
0423,22190,SERGIO CALDAS SANTANA,PL,Deputado Estadual,18,2022
0423,22200,DONIZETE ALVES BARBOSA,PL,Deputado Estadual,25,2022
0423,22211,CARLOS AGUIAR DE ANDRADE,PL,Deputado Estadual,7,2022
0423,22212,TIAGO FINESSI,PL,Deputado Estadual,13,2022
0423,22221,SERGIO MATHEUS SANTOS GARCEZ,PL,Deputado Estadual,140,2022
0423,22222,MARCOS ROBERTO DAMASIO DA SILVA,PL,Deputado Estadual,400,2022
0423,22223,DANILO BERTIPAGLIA BARNABÉ,PL,Deputado Estadual,71,2022
0423,22225,JOSE CARLOS FERREIRA VILELA,PL,Deputado Estadual,2,2022
0423,22230,ANNE CAROLINE SILVA,PL,Deputado Estadual,3,2022
0423,22232,ANA CRISTINA VARGAS CALDEIRA,PL,Deputado Estadual,15,2022
0423,22233,SIRINEU DE ARAUJO SANTOS,PL,Deputado Estadual,11,2022
0423,22244,THIAGO SANTOS ALVES DE SOUSA,PL,Deputado Estadual,4,2022
0423,22250,ALISSON GUIMARÃES PEREIRA DE SOUZA,PL,Deputado Estadual,29,2022
0423,22252,TATIANA REGINA CRISCUOLO,PL,Deputado Estadual,2,2022
0423,22288,OSCAR CASTELO BRANCO DE LUCA,PL,Deputado Estadual,91,2022
0423,22290,JUCIANE APARECIDA DA CUNHA,PL,Deputado Estadual,8,2022
0423,22299,VICENTE FERNANDES CASCIONE,PL,Deputado Estadual,13,2022
0423,22300,RICARDO RIBEIRO PEDROSO,PL,Deputado Estadual,6,2022
0423,22322,DANIELE MAZUQUELI ALONSO,PL,Deputado Estadual,44,2022
0423,22330,GIOVANNI BARBIERATTO,PL,Deputado Estadual,10,2022
0423,22333,EDNALDO DOS SANTOS PASSOS,PL,Deputado Estadual,5,2022
0423,22338,ROGÉRIO DA SILVA SANTOS,PL,Deputado Estadual,4,2022
0423,22343,THIAGO REIS AURICCHIO,PL,Deputado Estadual,301,2022
0423,22345,ROY NELSON PINTO,PL,Deputado Estadual,2,2022
0423,22373,ALESSANDRA ALMEIDA PEREIRA,PL,Deputado Estadual,5,2022
0423,22380,CLAUDIO FERNANDO DE AGUIAR,PL,Deputado Estadual,2,2022
0423,22390,JULIANO DA SILVA MELO,PL,Deputado Estadual,3,2022
0423,22400,MARILZA JOANA GARCIA DE MELO,PL,Deputado Estadual,4,2022
0423,22422,PAULO JORGE MANSUR NETO,PL,Deputado Estadual,599,2022
0423,22424,MARCELA REGINA RODRIGUES DA CUNHA,PL,Deputado Estadual,1,2022
0423,22433,JOSE GUSTAVO DUARTE DE ARAÚJO,PL,Deputado Estadual,9,2022
0423,22444,MATHEUS COIMBRA MARTINS DE AGUIAR,PL,Deputado Estadual,346,2022
0423,22456,ANTONIO CARLOS ALBINO,PL,Deputado Estadual,40,2022
0423,22491,VALDETE GUEDES DE OLIVEIRA,PL,Deputado Estadual,0,2022
0423,22500,LUCAS DIEZ BOVE,PL,Deputado Estadual,736,2022
0423,22522,JOSE FERNANDES DE LIRA JUNIOR,PL,Deputado Estadual,15,2022
0423,22541,RODRIGO AUGUSTO MORAES,PL,Deputado Estadual,92,2022
0423,22550,LUCAS PAVAN ZANATTA,PL,Deputado Estadual,31,2022
0423,22553,THELMA ELAINE BRASILEIRO ROBERTI,PL,Deputado Estadual,122,2022
0423,22555,FABIO ROGÉRIO CANDIDO,PL,Deputado Estadual,148,2022
0423,22556,CARLOS EDUARDO THOMAZ PEDROSO,PL,Deputado Estadual,3,2022
0423,22566,WANDERLENE IEDA BACARO DE BRITO,PL,Deputado Estadual,0,2022
0423,22567,IZAQUE JOSÉ DA SILVA,PL,Deputado Estadual,4,2022
0423,22580,ANA CLAUDIA PERES LUCAS LOPES,PL,Deputado Estadual,39,2022
0423,22600,UBIRATAN SILVEIRA GARCIA,PL,Deputado Estadual,5,2022
0423,22622,JOSEPH RAFFOUL JUNIOR,PL,Deputado Estadual,10,2022
0423,22677,ANDERSON FABIANO PUPO FERNANDES,PL,Deputado Estadual,2,2022
0423,22678,ISAC FELIX DOS SANTOS,PL,Deputado Estadual,18,2022
0423,22700,EDNE JOSE PIFFER JUNIOR,PL,Deputado Estadual,10,2022
0423,22711,ANITA DOS SANTOS TAKAIYASU,PL,Deputado Estadual,0,2022
0423,22722,ISABELA CRISTINA CARDOSO DA CRUZ,PL,Deputado Estadual,0,2022
0423,22762,JOSE CARLOS FERNANDES,PL,Deputado Estadual,9,2022
0423,22765,REGIANE ROCHA,PL,Deputado Estadual,0,2022
0423,22777,ALEXANDER MUNIZ DE OLIVEIRA,PL,Deputado Estadual,29,2022
0423,22789,DANIEL ROSSI,PL,Deputado Estadual,4,2022
0423,22800,CLODOALDO APARECIDO DE MORAES,PL,Deputado Estadual,3,2022
0423,22808,FABRIZIO FASANO JUNIOR,PL,Deputado Estadual,147,2022
0423,22822,ANTONIO GINACK JUNIOR,PL,Deputado Estadual,8,2022
0423,22888,GRACIELA DE LOURDES DAVID AMBROSIO,PL,Deputado Estadual,23,2022
0423,22900,FLAVIO GONÇALVES DA COSTA,PL,Deputado Estadual,123,2022
0423,22921,ANTONIO BESERRA LIMA,PL,Deputado Estadual,1,2022
0423,22922,VALERIA MULLER RAMOS BOLSONARO,PL,Deputado Estadual,2355,2022
0423,22999,ANDRE LUIS DO PRADO,PL,Deputado Estadual,23,2022
0423,23000,RAFAEL FERNANDO ZIMBALDI,CIDADANIA,Deputado Estadual,2573,2022
0423,23001,LUZIMAR BARBOSA DA SILVA,CIDADANIA,Deputado Estadual,1,2022
0423,23011,HARLLEM GONÇALVES DE OLIVEIRA,CIDADANIA,Deputado Estadual,0,2022
0423,23023,ANA CAROLINA ROSSI BARRETO SERRA,CIDADANIA,Deputado Estadual,42,2022
0423,23123,CAROLINE GOMES FERREIRA DE MELLO,CIDADANIA,Deputado Estadual,11,2022
0423,23131,FABIOLA TATCHER MARTINS RODA,CIDADANIA,Deputado Estadual,0,2022
0423,23230,RODRIGO CAPEL,CIDADANIA,Deputado Estadual,0,2022
0423,23231,LUCIANA CRISTINA MENDES SANTOS,CIDADANIA,Deputado Estadual,0,2022
0423,23233,MARIO LACERDA SOUZA,CIDADANIA,Deputado Estadual,80,2022
0423,23333,RICARDO MARCILIO MONTEIRO,CIDADANIA,Deputado Estadual,59,2022
0423,23451,LEANDRO FRANCOIS DE ALMEIDA,CIDADANIA,Deputado Estadual,0,2022
0423,23455,VALMIR ROSA,CIDADANIA,Deputado Estadual,2,2022
0423,23456,ANTONIO DIRCEU DALBEN,CIDADANIA,Deputado Estadual,463,2022
0423,23479,ROSEMEIRE RIBEIRO,CIDADANIA,Deputado Estadual,0,2022
0423,23510,CARLOS AUGUSTO ABRANCHES,CIDADANIA,Deputado Estadual,2,2022
0423,23623,ROBERTO TURCHI DE MORAIS,CIDADANIA,Deputado Estadual,10,2022
0423,23777,CARLOS AUGUSTO DA CUNHA SILVA,CIDADANIA,Deputado Estadual,0,2022
0423,23888,LI LI MIN,CIDADANIA,Deputado Estadual,286,2022
0423,27011,ALEXANDRE HARTMANN,DC,Deputado Estadual,0,2022
0423,27113,EVERILDA XAVIER MOREIRA,DC,Deputado Estadual,0,2022
0423,27123,AHMAD ABOU ADILE,DC,Deputado Estadual,0,2022
0423,27133,ANTONIO GENARO PEREIRA DA SILVA,DC,Deputado Estadual,1,2022
0423,27251,JOSE CANDIDO DA SILVA,DC,Deputado Estadual,0,2022
0423,27277,MARCELO PEREIRA,DC,Deputado Estadual,0,2022
0423,27321,ALEXANDRE CABRAL DE OLIVEIRA,DC,Deputado Estadual,0,2022
0423,27500,ODILIA CRISTINA SANTOS DO NASCIMENTO,DC,Deputado Estadual,1,2022
0423,27653,MARIA ROSA DE ALBUQUERQUE,DC,Deputado Estadual,0,2022
0423,27866,ANTÔNIO ROCHA DOS SANTOS,DC,Deputado Estadual,0,2022
0423,27911,JOSÉ FÁBIO DOS SANTOS SILVA,DC,Deputado Estadual,0,2022
0423,28000,JOSE VINICIUS CAMPOS AITH,PRTB,Deputado Estadual,10,2022
0423,28003,FRANCISCO SEVERIANO DA SILVA,PRTB,Deputado Estadual,0,2022
0423,28007,BIANCA CESÁRIO DE OLIVEIRA,PRTB,Deputado Estadual,0,2022
0423,28008,EMERSON ZOCCHI,PRTB,Deputado Estadual,5,2022
0423,28014,ANTONIO JOSE FERREIRA,PRTB,Deputado Estadual,0,2022
0423,28018,MARCIA RAICHER,PRTB,Deputado Estadual,0,2022
0423,28020,CRISTIANE NOVAK,PRTB,Deputado Estadual,0,2022
0423,28022,PAULO ROBERTO DIAS PEREIRA,PRTB,Deputado Estadual,1,2022
0423,28023,WELLITON BEZERRA DA SILVA,PRTB,Deputado Estadual,3,2022
0423,28025,FERNANDA APARECIDA GOMES DA SILVA CAETANO,PRTB,Deputado Estadual,0,2022
0423,28028,SAMUEL PORFIRIO FRANCA,PRTB,Deputado Estadual,0,2022
0423,28033,JOSE DE SOUZA JUNIOR,PRTB,Deputado Estadual,0,2022
0423,28038,FABIANO GABRIEL CARVALHO SILVA,PRTB,Deputado Estadual,0,2022
0423,28050,PAULA MICHELLE DIAS,PRTB,Deputado Estadual,0,2022
0423,28056,THIAGO FELIPE NEVES,PRTB,Deputado Estadual,0,2022
0423,28069,ROGERIO JACOMO MICHELETTI,PRTB,Deputado Estadual,0,2022
0423,28070,DANIELE ANSELMO DE MORAIS,PRTB,Deputado Estadual,0,2022
0423,28088,MARCELO MAMBRINI,PRTB,Deputado Estadual,0,2022
0423,28099,ANTONIO D AGOSTINO,PRTB,Deputado Estadual,0,2022
0423,28100,ANA ANGELA PALERMO,PRTB,Deputado Estadual,0,2022
0423,28111,DJALMA DE LIMA SANTOS,PRTB,Deputado Estadual,0,2022
0423,28122,WALTER NOLA,PRTB,Deputado Estadual,0,2022
0423,28128,LIVIA MARIA RODRIGUES FIDELIX DA CRUZ,PRTB,Deputado Estadual,3,2022
0423,28145,ANDRESSA MAZZEI SIGNORETTI DA SILVA,PRTB,Deputado Estadual,0,2022
0423,28148,JOSE APARECIDO ROSA FILHO,PRTB,Deputado Estadual,0,2022
0423,28173,ALMIRO RODRIGUES RIBEIRO,PRTB,Deputado Estadual,0,2022
0423,28177,MARCELO LOPES,PRTB,Deputado Estadual,4,2022
0423,28190,LUCIANO GALESCO,PRTB,Deputado Estadual,7,2022
0423,28193,ROBERTO CASTRO COSTA,PRTB,Deputado Estadual,0,2022
0423,28199,SANDRO APARECIDO BATISTA,PRTB,Deputado Estadual,0,2022
0423,28200,JULIO CESAR FRANCISCO,PRTB,Deputado Estadual,0,2022
0423,28228,EDSON ROBERTO ALOISIO,PRTB,Deputado Estadual,0,2022
0423,28238,ADILSON ALVES LUZ,PRTB,Deputado Estadual,0,2022
0423,28248,SHIRLEY VITORIA BERLINI CODREANSCHI,PRTB,Deputado Estadual,0,2022
0423,28280,CLAUDIO MARTINS NEVES DE FRANCA,PRTB,Deputado Estadual,0,2022
0423,28281,MAGNA DA SILVA,PRTB,Deputado Estadual,0,2022
0423,28285,LEANDRO FERREIRA FELICIANO,PRTB,Deputado Estadual,15,2022
0423,28286,LUANA SILVA QUEIROZ,PRTB,Deputado Estadual,0,2022
0423,28289,PASCOAL LEAL DE PAULA,PRTB,Deputado Estadual,0,2022
0423,28290,LUIS HENRIQUE USAI,PRTB,Deputado Estadual,5,2022
0423,28300,IEDA MARIA NOGUEIRA SILVA,PRTB,Deputado Estadual,0,2022
0423,28311,DIONE FRANCISCO DA SILVA,PRTB,Deputado Estadual,0,2022
0423,28312,MICHAEL WILLI DA SILVA STREIDL,PRTB,Deputado Estadual,35,2022
0423,28317,ROSANGELA SALVIANO POLIDO VAZ,PRTB,Deputado Estadual,1,2022
0423,28321,VANDERLEI GROSSI DA SILVA,PRTB,Deputado Estadual,0,2022
0423,28322,ALEUSON ROSA DA SILVA,PRTB,Deputado Estadual,0,2022
0423,28328,GIANE DA SILVA FERREIRA,PRTB,Deputado Estadual,3,2022
0423,28333,MIGUEL AFFONSO COIMBRA NETO,PRTB,Deputado Estadual,1,2022
0423,28357,MARDQUEU SILVIO FRANCA FILHO,PRTB,Deputado Estadual,169,2022
0423,28367,RENATA ROSA DE SA BOAVENTURA,PRTB,Deputado Estadual,0,2022
0423,28379,MADALENA BARBOSA DE SIQUEIRA,PRTB,Deputado Estadual,0,2022
0423,28386,BRAZ PEREIRA,PRTB,Deputado Estadual,2,2022
0423,28388,ANTONIO TARCIDO MARQUES FERNANDES,PRTB,Deputado Estadual,0,2022
0423,28400,MARCELO MENDES BINI,PRTB,Deputado Estadual,3,2022
0423,28419,GETULIO DE SOUSA SANTOS,PRTB,Deputado Estadual,0,2022
0423,28422,CICERO SEBASTIAO DE ARAUJO,PRTB,Deputado Estadual,0,2022
0423,28428,CLAUDIA CARVALHO DA ROCHA,PRTB,Deputado Estadual,0,2022
0423,28433,JOEL DE OLIVEIRA,PRTB,Deputado Estadual,0,2022
0423,28444,DANIELLE GOMES DE CARVALHO,PRTB,Deputado Estadual,11,2022
0423,28456,ADEMILSON RAMOS DA SILVA,PRTB,Deputado Estadual,0,2022
0423,28522,ROSANA DE ANDRADE MARQUES,PRTB,Deputado Estadual,0,2022
0423,28528,FABIAN ALVES RAMOS,PRTB,Deputado Estadual,0,2022
0423,28555,DAVID MONTEIRO DE MELLO,PRTB,Deputado Estadual,0,2022
0423,28622,EDMAR DIAS BRITO,PRTB,Deputado Estadual,0,2022
0423,28628,ANTONIO DA CUNHA LIMA,PRTB,Deputado Estadual,0,2022
0423,28633,ROBERTO FIGUEIREDO JUNIOR,PRTB,Deputado Estadual,1,2022
0423,28666,VÂNIA LUIZ AMANCIO,PRTB,Deputado Estadual,0,2022
0423,28700,RICARDO AZEVEDO DA SILVA,PRTB,Deputado Estadual,3,2022
0423,28741,JOSÉ MACENA DA SILVA FILHO,PRTB,Deputado Estadual,20,2022
0423,28765,LUCAS MARIANO DE CAMPOS,PRTB,Deputado Estadual,0,2022
0423,28780,JUAREZ PEREIRA DIAS,PRTB,Deputado Estadual,0,2022
0423,28788,FRANCISCO UELITON DE OLIVEIRA SOUZA,PRTB,Deputado Estadual,0,2022
0423,28800,WALTER RESENDE FILHO,PRTB,Deputado Estadual,5,2022
0423,28879,EVERTON REZENDE BELASCO,PRTB,Deputado Estadual,0,2022
0423,28886,RANGEL RODRIGO DE FIGUEIREDO BONELLI,PRTB,Deputado Estadual,1,2022
0423,28887,CLAUDINEI VIEIRA SOARES,PRTB,Deputado Estadual,8,2022
0423,28888,RENE SILVEIRA,PRTB,Deputado Estadual,0,2022
0423,28963,LEDIVAN LOPES SEABRA,PRTB,Deputado Estadual,1,2022
0423,28994,SEVERINA BENEDITA DA SILVA,PRTB,Deputado Estadual,0,2022
0423,28999,PEDRO IGOR RIBEIRO RAMOS,PRTB,Deputado Estadual,4,2022
0423,29029,NATÁLIA BRAGA COSTA PIMENTA,PCO,Deputado Estadual,6,2022
0423,29295,MARIA ANGELA ABDUCH,PCO,Deputado Estadual,0,2022
0423,29829,STEFANIA DE ALMEIDA ROBUSTELLI,PCO,Deputado Estadual,0,2022
0423,29999,RODRIGO ANTUNES DE LIMA,PCO,Deputado Estadual,0,2022
0423,30000,EDNEY BENEDITO SAMPAIO DUARTE JÚNIOR,NOVO,Deputado Estadual,72,2022
0423,30001,LEONE LUIZ DE FARIA JUNIOR,NOVO,Deputado Estadual,1,2022
0423,30003,KAIQUE CARDOSO VICENTE,NOVO,Deputado Estadual,4,2022
0423,30005,TAIS ALEXANDRE ZUZA CUSTÓDIO,NOVO,Deputado Estadual,5,2022
0423,30007,DIOGO DE FREITAS VALEIRO GARCIA,NOVO,Deputado Estadual,9,2022
0423,30008,MANOEL CORREA DA FONSECA NETO,NOVO,Deputado Estadual,2,2022
0423,30010,ANDRÉ NALEPA ABBUD,NOVO,Deputado Estadual,3,2022
0423,30011,MARCOS ANTONIO HOMSI GARCIA,NOVO,Deputado Estadual,11,2022
0423,30012,JOSÉ ALENCAR GALVÃO,NOVO,Deputado Estadual,1,2022
0423,30013,SÉRGIO ZAGARINO JUNIOR,NOVO,Deputado Estadual,2,2022
0423,30014,RODRIGO REY RODRIGUEZ,NOVO,Deputado Estadual,2,2022
0423,30015,CAROLINA ZANIRATO BUZONI,NOVO,Deputado Estadual,4,2022
0423,30016,IVAN PAULO PEREIRA DA SILVA,NOVO,Deputado Estadual,0,2022
0423,30018,BRUNO TIAGO DA SILVA BRANDINO,NOVO,Deputado Estadual,4,2022
0423,30020,YGOR FROES CARVALHO,NOVO,Deputado Estadual,3,2022
0423,30022,WILSON DE MELLO JUNIOR,NOVO,Deputado Estadual,2,2022
0423,30023,VÂNIA CRISTINA DA SILVA,NOVO,Deputado Estadual,3,2022
0423,30025,MATEUS JOSE DE CAMARGO STEFANI,NOVO,Deputado Estadual,2,2022
0423,30030,MONICA RAMIRES FERRAZ CURY,NOVO,Deputado Estadual,20,2022
0423,30033,WAGNER DE BRITO TEIXEIRA,NOVO,Deputado Estadual,0,2022
0423,30077,CAROLINE STAFOKER DA SILVA,NOVO,Deputado Estadual,3,2022
0423,30080,FERNANDO MARTINS,NOVO,Deputado Estadual,0,2022
0423,30100,EMILIO CURY JUNIOR,NOVO,Deputado Estadual,9,2022
0423,30111,RAFAEL PINTER,NOVO,Deputado Estadual,2,2022
0423,30123,CICERA SEVERINA DA CONCEIÇÃO MUSA,NOVO,Deputado Estadual,1,2022
0423,30130,MARIA CRISTINA DE OLIVEIRA,NOVO,Deputado Estadual,327,2022
0423,30153,MIRIAM MARIA ANTUNES DE SOUZA,NOVO,Deputado Estadual,118,2022
0423,30190,DOUGLAS HENRIQUE DE OLIVEIRA,NOVO,Deputado Estadual,17,2022
0423,30200,RAFAEL GUSTAVO BERNARDO,NOVO,Deputado Estadual,1,2022
0423,30202,PRISCILA GONÇALVES IEIRI PARRA,NOVO,Deputado Estadual,5,2022
0423,30222,MATILDE FÁTIMA ALVES CANUTO,NOVO,Deputado Estadual,0,2022
0423,30246,PAULO SÉRGIO CONTADOR MIRAS,NOVO,Deputado Estadual,134,2022
0423,30300,JOÃO VESTIM GRANDE,NOVO,Deputado Estadual,8,2022
0423,30301,EDUARDO ALMEIDA PERES,NOVO,Deputado Estadual,1,2022
0423,30303,DANIELLI CRISTIAN CARDOSO RÔA,NOVO,Deputado Estadual,5,2022
0423,30310,SILVANA MARQUES MONTEIRO,NOVO,Deputado Estadual,23,2022
0423,30321,VALMARA CRISTINA DE PAULA CAMARGO,NOVO,Deputado Estadual,7,2022
0423,30330,SILVIA BARNABE,NOVO,Deputado Estadual,7,2022
0423,30331,ANA PAULA MAGALHÃES DA SILVA PETILI,NOVO,Deputado Estadual,19,2022
0423,30333,EDSON TEIXEIRA,NOVO,Deputado Estadual,14,2022
0423,30345,ROMEU SÃO MARCOS ESCANHOELA,NOVO,Deputado Estadual,2,2022
0423,30369,TIAGO ROCHA FERREIRA,NOVO,Deputado Estadual,0,2022
0423,30400,LUIS GUILHERME PIRES,NOVO,Deputado Estadual,1,2022
0423,30444,ADALGISA SOLANGE SPINA,NOVO,Deputado Estadual,15,2022
0423,30456,CARLOS EDUARDO PEREZ,NOVO,Deputado Estadual,4,2022
0423,30500,SERGIO LUIZ VICTOR JUNIOR,NOVO,Deputado Estadual,95,2022
0423,30555,LUCAS PAVANATO DE OLIVEIRA,NOVO,Deputado Estadual,94,2022
0423,30600,LEONARDO DE SIQUEIRA LIMA,NOVO,Deputado Estadual,611,2022
0423,30700,LUCAS ROMERO DA SILVA,NOVO,Deputado Estadual,8,2022
0423,30730,HENRIQUE MAGALHÃES TEIXEIRA,NOVO,Deputado Estadual,1212,2022
0423,30771,ODETE FIORDA,NOVO,Deputado Estadual,0,2022
0423,30777,CRISTIANE PEREIRA MACEDO,NOVO,Deputado Estadual,7,2022
0423,30800,RODRIGO BRUNO NAHAS,NOVO,Deputado Estadual,24,2022
0423,30878,MARCIO ANTONI SANTANA,NOVO,Deputado Estadual,1,2022
0423,30888,VITOR LUIS ARTIOLI KUNDRAT,NOVO,Deputado Estadual,1,2022
0423,30900,JURANDI SOARES GUIMARÃES,NOVO,Deputado Estadual,2,2022
0423,30972,ALEXANDRA DE ABREU,NOVO,Deputado Estadual,17,2022
0423,30987,MAURICIO AGUIAR GIUNTINI,NOVO,Deputado Estadual,0,2022
0423,30999,ANDRÉ LUIZ NAVARRO GARCIA MANZANO,NOVO,Deputado Estadual,10,2022
0423,33000,LUCCAS SANTOS DA CUNHA,PMN,Deputado Estadual,0,2022
0423,33006,PAMELA BARBOSA,PMN,Deputado Estadual,0,2022
0423,33007,SEBASTIÃO DE MESQUITA SILVA,PMN,Deputado Estadual,0,2022
0423,33010,FRANCISCO HORWATH NETO,PMN,Deputado Estadual,0,2022
0423,33017,GABRIELY DE LISIEUX LIMA BARBOSA,PMN,Deputado Estadual,0,2022
0423,33065,ADRIANA COELHO DE OLIVEIRA,PMN,Deputado Estadual,0,2022
0423,33100,PAULO CEZAR XAVIER ALEXANDRE,PMN,Deputado Estadual,0,2022
0423,33105,GENILDO RODRIGUES CASTRO,PMN,Deputado Estadual,0,2022
0423,33111,PATROCÍNIO RAMOS DA CRUZ NETO,PMN,Deputado Estadual,0,2022
0423,33112,GILMAR DIAS PEREIRA,PMN,Deputado Estadual,0,2022
0423,33120,SEBASTIÃO RIBEIRO DA SILVA,PMN,Deputado Estadual,0,2022
0423,33122,LUIZ MARQUES,PMN,Deputado Estadual,0,2022
0423,33123,ERICH DE ANDRES,PMN,Deputado Estadual,0,2022
0423,33133,ALESSANDRA VECCHIO SOBRINHO,PMN,Deputado Estadual,0,2022
0423,33136,AGNALDO ALVES PEREIRA,PMN,Deputado Estadual,0,2022
0423,33144,LUIZ FERNANDO BRASILIENSE,PMN,Deputado Estadual,0,2022
0423,33150,ROSILENE DOS SANTOS,PMN,Deputado Estadual,0,2022
0423,33190,FERNANDO DOS SANTOS CORREA,PMN,Deputado Estadual,0,2022
0423,33193,MARCOS DE OLIVEIRA SAMPAIO,PMN,Deputado Estadual,0,2022
0423,33199,PAULINA ROSA DE SOUZA JACINTO,PMN,Deputado Estadual,0,2022
0423,33222,GERALDO PEREIRA FILHO,PMN,Deputado Estadual,0,2022
0423,33234,IRENILDO ELIAS BARBOSA,PMN,Deputado Estadual,0,2022
0423,33240,IVAN CARLOS CONSTANTINO DE OLIVEIRA,PMN,Deputado Estadual,0,2022
0423,33246,JORGILENE ALVES SILVA,PMN,Deputado Estadual,0,2022
0423,33277,DORALICE SOUZA MATOS FAUSTINO,PMN,Deputado Estadual,0,2022
0423,33290,MÁRCIA LOPES DE ARAUJO,PMN,Deputado Estadual,0,2022
0423,33300,DAVI CICHETTO DE MORAES,PMN,Deputado Estadual,0,2022
0423,33312,MÁRCIA APARECIDA MENDES,PMN,Deputado Estadual,0,2022
0423,33313,SIDNEY MELO DA SILVA,PMN,Deputado Estadual,0,2022
0423,33321,MARCOS KOHLMANN BARBOZA,PMN,Deputado Estadual,0,2022
0423,33322,JÉSSIKA RUSSO MACHADO,PMN,Deputado Estadual,0,2022
0423,33331,MARCELLO MAZÁRIO COSTA,PMN,Deputado Estadual,0,2022
0423,33333,LEANDRA SOARES DOS SANTOS,PMN,Deputado Estadual,0,2022
0423,33334,GISELE CASARIN DA SILVA,PMN,Deputado Estadual,0,2022
0423,33355,ROSÂNGELA HERNANDES AZEVEDO,PMN,Deputado Estadual,0,2022
0423,33366,CÍCERO PEREIRA DO VALE,PMN,Deputado Estadual,0,2022
0423,33377,CELSO DA LUZ GUEDES,PMN,Deputado Estadual,0,2022
0423,33383,JOSÉ DOMINGOS SANTOS RIBEIRO,PMN,Deputado Estadual,0,2022
0423,33400,OSVALDO SANTOS DA SILVA,PMN,Deputado Estadual,0,2022
0423,33422,RAQUEL TOIAN DOS SANTOS,PMN,Deputado Estadual,0,2022
0423,33444,CÍCERO JOSÉ DE GOUVEIA,PMN,Deputado Estadual,0,2022
0423,33456,JOENE HENRIQUES DE FIGUEIREDO,PMN,Deputado Estadual,0,2022
0423,33500,ELIANDRO SILVA DIAS,PMN,Deputado Estadual,0,2022
0423,33536,MANOEL DE SOUSA COELHO JUNIOR,PMN,Deputado Estadual,0,2022
0423,33552,JOSÉ OSÓRIO FILHO,PMN,Deputado Estadual,0,2022
0423,33555,ROBERTO LUIZ DO NASCIMENTO,PMN,Deputado Estadual,0,2022
0423,33581,CLÁUDIO DE OLIVEIRA LEOPOLDO,PMN,Deputado Estadual,0,2022
0423,33606,CLEBER NUNES DOS SANTOS,PMN,Deputado Estadual,0,2022
0423,33666,WILLIAM SILVEIRA MEDEIROS,PMN,Deputado Estadual,0,2022
0423,33699,JOAQUIM ALVES PINHEIRO,PMN,Deputado Estadual,0,2022
0423,33700,DEIDILAN LIANG CORREIA DE SOUZA,PMN,Deputado Estadual,0,2022
0423,33713,MARIA LUCINDA RESENDE,PMN,Deputado Estadual,0,2022
0423,33722,ROSANGELA LOURENÇO BRITO SOUZA,PMN,Deputado Estadual,0,2022
0423,33733,RAIMUNDA GONÇALVES DOS SANTOS,PMN,Deputado Estadual,0,2022
0423,33766,LOURIVAL TORRES,PMN,Deputado Estadual,0,2022
0423,33777,TAIS CRISTINA LOURENÇO DE SOUZA,PMN,Deputado Estadual,0,2022
0423,33789,ANA CLÁUDIA MESQUITA ROCHA,PMN,Deputado Estadual,0,2022
0423,33843,RONALDO SEGALA,PMN,Deputado Estadual,0,2022
0423,33888,CAIO HENRIQUE DA SILVA,PMN,Deputado Estadual,0,2022
0423,33911,WAGNER CARDOSO DE OLIVEIRA,PMN,Deputado Estadual,0,2022
0423,33912,JOSÉ LUIZ ALVES NETO,PMN,Deputado Estadual,0,2022
0423,33933,ANGÉLICA DIAS DA SILVA,PMN,Deputado Estadual,0,2022
0423,33999,MICHAEL RICHARD DE JESUS PEDRO,PMN,Deputado Estadual,0,2022
0423,35000,LAERCIO BENKO LOPES,PMB,Deputado Estadual,9,2022
0423,35001,LUIS ALEXANDRE PINHEIRO,PMB,Deputado Estadual,0,2022
0423,35005,DANILO MARTINS DE OLIVEIRA FRANÇA,PMB,Deputado Estadual,0,2022
0423,35010,IRENIO OLIVEIRA CARDOSO,PMB,Deputado Estadual,0,2022
0423,35016,EDUARDO JOSE CORNELIO DE OLIVEIRA,PMB,Deputado Estadual,2,2022
0423,35019,TIAGO MANOEL CAETANO,PMB,Deputado Estadual,9,2022
0423,35022,ARLINDO PEREIRA FIGUEIREDO JUNIOR,PMB,Deputado Estadual,0,2022
0423,35030,SOFIA BRAGA PALMA,PMB,Deputado Estadual,0,2022
0423,35035,RAFAEL MORENO SOUZA SANTOS,PMB,Deputado Estadual,1,2022
0423,35051,LIGIA MAYUMI FUNAKI,PMB,Deputado Estadual,22,2022
0423,35054,CLEONICE APARECIDA PEREIRA DA SILVA,PMB,Deputado Estadual,0,2022
0423,35059,MARCO ANTONIO SARTI,PMB,Deputado Estadual,0,2022
0423,35077,JULIO CESAR FREITAS ROCHA,PMB,Deputado Estadual,0,2022
0423,35081,MARCOS JOSÉ DO VALLE,PMB,Deputado Estadual,0,2022
0423,35083,EDVAN LIMA BARBOSA,PMB,Deputado Estadual,8,2022
0423,35088,JANAINA BASTOS DE OLIVEIRA,PMB,Deputado Estadual,1,2022
0423,35099,JOÃO DA CONCEIÇÃO SILVA PAP,PMB,Deputado Estadual,3,2022
0423,35100,JOSÉ LUIZ BONITO,PMB,Deputado Estadual,2,2022
0423,35102,JOSÉ RICARDO DA SILVA,PMB,Deputado Estadual,0,2022
0423,35107,ROSEMARA LEANDRO DA SILVA,PMB,Deputado Estadual,0,2022
0423,35111,RICARDO ALEXANDRE ZUPIROLLI,PMB,Deputado Estadual,0,2022
0423,35113,RONALDO ELIAS MARIANO,PMB,Deputado Estadual,0,2022
0423,35119,NIELTON CARVALHO DE MATOS,PMB,Deputado Estadual,0,2022
0423,35121,WILSON DE VASCONCELOS VEIGA,PMB,Deputado Estadual,0,2022
0423,35122,ANDERSON ROGERIO ALVES,PMB,Deputado Estadual,0,2022
0423,35123,DANTE HENRIQUE MANTOVANI,PMB,Deputado Estadual,1,2022
0423,35180,PAULO DE OLIVEIRA ENEAS,PMB,Deputado Estadual,15,2022
0423,35190,REINALDO PEREIRA ZACHARIAS,PMB,Deputado Estadual,4,2022
0423,35191,JOSÉ PEREIRA NETO,PMB,Deputado Estadual,0,2022
0423,35193,ANGELO MARCIO DE JESUS SILVA,PMB,Deputado Estadual,0,2022
0423,35200,NOELMA DE SOUZA RODRIGUES,PMB,Deputado Estadual,0,2022
0423,35221,LUIS JACINTO BARRETO,PMB,Deputado Estadual,0,2022
0423,35222,MARCOS RIBEIRO DA SILVA,PMB,Deputado Estadual,0,2022
0423,35224,FRANCISCO ALVES DE SOUSA,PMB,Deputado Estadual,0,2022
0423,35259,ELAINE CRISTINA PUPE DE MORAIS,PMB,Deputado Estadual,0,2022
0423,35274,MARIA DA CONCEIÇÃO FERNANDES GRANATO,PMB,Deputado Estadual,0,2022
0423,35300,CLEBER VALADÃO ANTUNES,PMB,Deputado Estadual,0,2022
0423,35305,LUIS CARLOS FABIANI,PMB,Deputado Estadual,5,2022
0423,35312,SILAS DA SILVA MOREIRA,PMB,Deputado Estadual,0,2022
0423,35321,VALQUIRIA JUSTINO,PMB,Deputado Estadual,0,2022
0423,35322,KAISON ROBERTO ALVES,PMB,Deputado Estadual,0,2022
0423,35325,ROBERTO FRANCISCO DA SILVA,PMB,Deputado Estadual,0,2022
0423,35330,ADELMACIR DE SOUZA,PMB,Deputado Estadual,0,2022
0423,35333,LUCIANA APARECIDA DE PAULA CARVALHO,PMB,Deputado Estadual,0,2022
0423,35350,VIVIAN FILETO MARTINS DOS SANTOS,PMB,Deputado Estadual,0,2022
0423,35352,FERNANDO LUIS COUTINHO NEVES,PMB,Deputado Estadual,174,2022
0423,35355,MARCIA WALERIA NUNES DE OLIVEIRA DIAS,PMB,Deputado Estadual,2,2022
0423,35360,GILVAN DE ANDRADE GAIA,PMB,Deputado Estadual,0,2022
0423,35361,ADRIANA RANGEL RIBEIRO,PMB,Deputado Estadual,0,2022
0423,35369,ROBERIO DOS SANTOS BENEDITO,PMB,Deputado Estadual,0,2022
0423,35380,REGINALDO DA ROCHA MÁXIMO,PMB,Deputado Estadual,0,2022
0423,35400,WILLIAM DE SOUZA PALMA BOARRETTO,PMB,Deputado Estadual,0,2022
0423,35432,BENEDITO EDELCIO DA SILVA,PMB,Deputado Estadual,0,2022
0423,35444,MARIA ESTELA CAPELETTI DA ROCHA,PMB,Deputado Estadual,0,2022
0423,35447,ANDERSON HENRIQUE PINTO,PMB,Deputado Estadual,0,2022
0423,35450,INGRID DE MENDONÇA RIBEIRO,PMB,Deputado Estadual,0,2022
0423,35469,ERALDO NUNES GALDINO,PMB,Deputado Estadual,0,2022
0423,35474,CASSIO EDUARDO FONSECA,PMB,Deputado Estadual,0,2022
0423,35482,SUELI GUETE AGUIAR,PMB,Deputado Estadual,1,2022
0423,35500,ELIS REGINA NOGUEIRA RODRIGUES,PMB,Deputado Estadual,2,2022
0423,35522,THAISE CARVALHO MIRANDA,PMB,Deputado Estadual,0,2022
0423,35533,JORGE CLAUDIO ANSELMO,PMB,Deputado Estadual,0,2022
0423,35550,DOUGLAS KAJFES GARCIA,PMB,Deputado Estadual,0,2022
0423,35551,ELISANGELA VALINHO QUEIROZ DOS SANTOS,PMB,Deputado Estadual,0,2022
0423,35553,ENEAS SILVA FERREIRA SALES,PMB,Deputado Estadual,0,2022
0423,35554,ALEIXO ANDRE MANOEL NETO,PMB,Deputado Estadual,0,2022
0423,35555,DANILO RIDYER PALMA,PMB,Deputado Estadual,249,2022
0423,35600,CARLOS FERNANDO SERRA DO NASCIMENTO,PMB,Deputado Estadual,0,2022
0423,35622,JULIO AURELIANO DA SILVA,PMB,Deputado Estadual,0,2022
0423,35635,LUIS RENATO PINTO DE OLIVEIRA,PMB,Deputado Estadual,0,2022
0423,35666,DULCINEIA COELHO DA SILVA,PMB,Deputado Estadual,0,2022
0423,35667,FATIMA NASCIMENTO ALEXANDRE,PMB,Deputado Estadual,0,2022
0423,35678,DANIEL RODRIGUES BRANDO,PMB,Deputado Estadual,0,2022
0423,35700,ROGÉRIO MARTINIUC DE OLIVEIRA,PMB,Deputado Estadual,0,2022
0423,35722,ADELINO CASTELLEIRO FILHO,PMB,Deputado Estadual,0,2022
0423,35733,SANTA DA PAIXÃO GOMES DA SILVA,PMB,Deputado Estadual,0,2022
0423,35735,ABEL FELIX CAMPOS NETO,PMB,Deputado Estadual,0,2022
0423,35744,CLAUDIA VALDENIA GOMES MAIA,PMB,Deputado Estadual,0,2022
0423,35777,DALTON TADEU IZZO JUNIOR,PMB,Deputado Estadual,1,2022
0423,35789,VALDIRENE SANTOS DA SILVA,PMB,Deputado Estadual,0,2022
0423,35799,MARTIM VIEIRA FERREIRA,PMB,Deputado Estadual,0,2022
0423,35808,SIMONE SILVA SANTOS DA COSTA,PMB,Deputado Estadual,0,2022
0423,35822,ANA PAULA MELO PETILO,PMB,Deputado Estadual,0,2022
0423,35835,RONALDO GALDINO DOS SANTOS,PMB,Deputado Estadual,0,2022
0423,35885,NORMANDO BARBOSA DE OLIVEIRA,PMB,Deputado Estadual,0,2022
0423,35888,ALESSANDRA ABE,PMB,Deputado Estadual,0,2022
0423,35900,RODRIGO MOLLER,PMB,Deputado Estadual,0,2022
0423,35931,ELIANA SÃO ROQUE MARTINS,PMB,Deputado Estadual,7,2022
0423,35999,ANDERSON GUIMARÃES DE ALMEIDA,PMB,Deputado Estadual,0,2022
0423,36000,SIMONE MARQUES LOPES,AGIR,Deputado Estadual,0,2022
0423,36001,CAMILA CRISTINA BRITO,AGIR,Deputado Estadual,0,2022
0423,36003,JULIANO MERKES,AGIR,Deputado Estadual,0,2022
0423,36004,ALESSANDRO CAMARGO RODRIGUES,AGIR,Deputado Estadual,0,2022
0423,36006,JORGE MOTA DE OLIVEIRA JUNIOR,AGIR,Deputado Estadual,0,2022
0423,36007,DOUGLAS SOLANO DAS NEVES,AGIR,Deputado Estadual,0,2022
0423,36009,SIMONE VANESSA SANTOS DIAZ,AGIR,Deputado Estadual,0,2022
0423,36010,JOEL XAVIER DA SILVA,AGIR,Deputado Estadual,0,2022
0423,36011,ANDREIA TASSIANE ANTONACCI,AGIR,Deputado Estadual,0,2022
0423,36013,JANAINA CRISP GIULIANO CAVALCANTE,AGIR,Deputado Estadual,0,2022
0423,36016,ELIZEU RODRIGUES VARELA,AGIR,Deputado Estadual,0,2022
0423,36017,ALENATO MARTINS VIDAL,AGIR,Deputado Estadual,0,2022
0423,36020,MAURO FRANCISCO DE TOLEDO,AGIR,Deputado Estadual,0,2022
0423,36021,JÉSUA DE LIMA FERREIRA DA SILVA,AGIR,Deputado Estadual,0,2022
0423,36022,ROSIMEIRE SANTOS CESCHINI,AGIR,Deputado Estadual,0,2022
0423,36029,MARIA APARECIDA SANTOS ARAUJO,AGIR,Deputado Estadual,0,2022
0423,36030,JOSE FERNANDES DE OLIVEIRA BARBOSA,AGIR,Deputado Estadual,0,2022
0423,36031,MOÉSIO ALVES CORREIA,AGIR,Deputado Estadual,0,2022
0423,36033,JORGE MOTTA CARNEIRO,AGIR,Deputado Estadual,0,2022
0423,36050,MARIA FERREIRA LIMA,AGIR,Deputado Estadual,0,2022
0423,36051,ELIAS DOS SANTOS BITENCOURT,AGIR,Deputado Estadual,0,2022
0423,36056,PAULO KAZUO DE SOUZA IFUKU,AGIR,Deputado Estadual,0,2022
0423,36061,JOSELITO ALVES DOS SANTOS,AGIR,Deputado Estadual,0,2022
0423,36070,SAULO FAUSTINO,AGIR,Deputado Estadual,0,2022
0423,36075,CARLOS LUIS GUERRA DE LIMA,AGIR,Deputado Estadual,0,2022
0423,36088,MARIA DANIELA NOGUEIRA DONI,AGIR,Deputado Estadual,0,2022
0423,36089,JOSE CARLOS FERREIRA DA SILVA,AGIR,Deputado Estadual,0,2022
0423,36090,MAGNO ALVES DE OLIVEIRA,AGIR,Deputado Estadual,0,2022
0423,36100,SILVIO DO CARMO CAMARGO,AGIR,Deputado Estadual,0,2022
0423,36101,JUCILENE DE JESUS LIMA,AGIR,Deputado Estadual,0,2022
0423,36102,RICARDO BORGES DE OLIVEIRA,AGIR,Deputado Estadual,0,2022
0423,36110,JOAO VIANELLE PINTO,AGIR,Deputado Estadual,0,2022
0423,36111,VALMIR FERREIRA VERAS,AGIR,Deputado Estadual,0,2022
0423,36112,OSEIAS VIEIRA DE SOUSA,AGIR,Deputado Estadual,0,2022
0423,36113,PAULO DONIZETI SAGIO,AGIR,Deputado Estadual,0,2022
0423,36114,EDIVALDA CORDEIRO DE LIMA SILVA,AGIR,Deputado Estadual,0,2022
0423,36117,SILMARA CRISTIANE DA SILVA POMPOLLO,AGIR,Deputado Estadual,0,2022
0423,36125,JOSE CICERO FERREIRA DE LIMA,AGIR,Deputado Estadual,0,2022
0423,36133,LUCIANO MARTINS CRUZ,AGIR,Deputado Estadual,0,2022
0423,36151,EDSON GARCIA,AGIR,Deputado Estadual,0,2022
0423,36175,DERIONERIO OLIVEIRA DE ASSIS,AGIR,Deputado Estadual,0,2022
0423,36177,LUIZ CARLOS DE FREITAS,AGIR,Deputado Estadual,0,2022
0423,36190,ADRIANA SANCHES GALDEANO BORGO,AGIR,Deputado Estadual,0,2022
0423,36193,ALDO ALMEIDA,AGIR,Deputado Estadual,0,2022
0423,36203,ADRIANA SANTOS BARRENHA,AGIR,Deputado Estadual,0,2022
0423,36212,THAMIRES DE OLIVEIRA DAMATTO,AGIR,Deputado Estadual,0,2022
0423,36220,ISMAEL DA SILVA SOUZA,AGIR,Deputado Estadual,0,2022
0423,36222,JOAO BATISTA DE OLIVEIRA,AGIR,Deputado Estadual,0,2022
0423,36228,MARIA CAROLINA DA SILVA TAVARES CRUZ,AGIR,Deputado Estadual,0,2022
0423,36233,EDSON MARCOS DE CARVALHO,AGIR,Deputado Estadual,0,2022
0423,36260,JOSE SILVA LIMA,AGIR,Deputado Estadual,0,2022
0423,36290,MARCOS VINICIUS MOUTA MENDONÇA,AGIR,Deputado Estadual,0,2022
0423,36301,DAILAS RODRIGUES DA SILVA SOARES,AGIR,Deputado Estadual,0,2022
0423,36310,VERA LUCIA APARECIDA ALVES,AGIR,Deputado Estadual,0,2022
0423,36315,WAGNER ALVES DE LIMA,AGIR,Deputado Estadual,0,2022
0423,36322,ANTONIO CARLOS DOS SANTOS,AGIR,Deputado Estadual,0,2022
0423,36333,PAULA NATALEN FARIAS DE MORAES MULLER,AGIR,Deputado Estadual,0,2022
0423,36336,JACQUELINE MARINO FERNANDES DA SILVA,AGIR,Deputado Estadual,0,2022
0423,36358,CARLINHO NASCIMENTO SILVA,AGIR,Deputado Estadual,0,2022
0423,36361,GILMAR VAZ DA ROCHA,AGIR,Deputado Estadual,0,2022
0423,36363,MARCOS LUIZ ABDO DE SIQUEIRA,AGIR,Deputado Estadual,0,2022
0423,36400,JOSEMAR CARLOS DE OLIVEIRA,AGIR,Deputado Estadual,0,2022
0423,36407,LEIA DA SILVA FELISBERTO,AGIR,Deputado Estadual,0,2022
0423,36500,HELENA NOBUCO SUZUKI TAKADACHI,AGIR,Deputado Estadual,0,2022
0423,36541,GENTIL ALVES DOS SANTOS NETO,AGIR,Deputado Estadual,0,2022
0423,36551,NERINALVA SANTOS SANTANA,AGIR,Deputado Estadual,0,2022
0423,36566,PEDRO PAULO DE OLIVEIRA FILHO,AGIR,Deputado Estadual,0,2022
0423,36600,MARCOS DOS SANTOS SENA,AGIR,Deputado Estadual,0,2022
0423,36636,KLEBER ADELIPIO BARROS SANTOS,AGIR,Deputado Estadual,0,2022
0423,36640,UBIRAJARA DE ARAUJO MORAIS,AGIR,Deputado Estadual,0,2022
0423,36661,SÉRGIO MARTINS DA SILVA,AGIR,Deputado Estadual,0,2022
0423,36666,ALEX FABIANO COSTA GARCIA,AGIR,Deputado Estadual,0,2022
0423,36700,FABIANO DA SILVA MONTEIRO,AGIR,Deputado Estadual,0,2022
0423,36712,GISELE CRISTINA DOS SANTOS SILVA,AGIR,Deputado Estadual,0,2022
0423,36779,JOSE DE OLIVEIRA LEME FILHO,AGIR,Deputado Estadual,0,2022
0423,36789,SHIRLEY PALADY CAMBUR,AGIR,Deputado Estadual,0,2022
0423,36820,WILLIANS ROCHA MONTEIRO,AGIR,Deputado Estadual,0,2022
0423,36841,SAMUEL DO CARMO,AGIR,Deputado Estadual,0,2022
0423,36888,CESAR BENEDITO ALVES,AGIR,Deputado Estadual,0,2022
0423,36889,SERGILVAN OLIVEIRA DE BRITO,AGIR,Deputado Estadual,0,2022
0423,36890,JOSE CICERO FERNANDES DA SILVA,AGIR,Deputado Estadual,0,2022
0423,36918,ANA CLAUDIA SEVERINO RIVERA,AGIR,Deputado Estadual,0,2022
0423,36936,HEITOR ROBERTO TOMMASINI,AGIR,Deputado Estadual,0,2022
0423,36960,SALVADOR FERREIRA DA SILVA JUNIOR,AGIR,Deputado Estadual,0,2022
0423,36963,REINALDO MARTINS,AGIR,Deputado Estadual,0,2022
0423,36969,TARCISIO BRUNO GUIDI,AGIR,Deputado Estadual,0,2022
0423,36980,OSNI RAMOS JUNIOR,AGIR,Deputado Estadual,0,2022
0423,36999,DONIZETE APARECIDO FERREIRA,AGIR,Deputado Estadual,0,2022
0423,40000,ANDRÉA WERNER SILVA BONOLI,PSB,Deputado Estadual,454,2022
0423,40001,ISABELA RODAS MESSIAS,PSB,Deputado Estadual,25,2022
0423,40004,ALBERTO ADRIANO DE JESUS,PSB,Deputado Estadual,2,2022
0423,40008,LUIZ JOSÉ TEGAMI,PSB,Deputado Estadual,1,2022
0423,40010,VANDERLEI NERES PEREIRA,PSB,Deputado Estadual,1,2022
0423,40012,TALITA DE LIMA BARBOSA,PSB,Deputado Estadual,20,2022
0423,40013,CELSO DA SILVA,PSB,Deputado Estadual,11,2022
0423,40015,MILTON NERY NETO,PSB,Deputado Estadual,0,2022
0423,40020,GERALDO ANTÔNIO DA NÓBREGA,PSB,Deputado Estadual,0,2022
0423,40021,EDNA PENHA DA SILVA,PSB,Deputado Estadual,1,2022
0423,40022,NATALINO DE JESUS,PSB,Deputado Estadual,0,2022
0423,40026,GERALDO RIBEIRO GUIMARÃES NETO,PSB,Deputado Estadual,0,2022
0423,40040,MAYARA OLIVEIRA TORRES DA SILVA,PSB,Deputado Estadual,12,2022
0423,40044,ELISANDRA PEDROSO FERREIRA,PSB,Deputado Estadual,6,2022
0423,40050,ELVIO FERNANDEZ GONZALEZ,PSB,Deputado Estadual,0,2022
0423,40051,REINALDO RÚBIO RODA,PSB,Deputado Estadual,0,2022
0423,40054,ADRIANO DE OLIVEIRA SILVA DOS SANTOS,PSB,Deputado Estadual,1,2022
0423,40069,COSMO DAMIÃO FREITAS CID,PSB,Deputado Estadual,1,2022
0423,40070,JOSÉ DILSON DAS CHAGAS,PSB,Deputado Estadual,0,2022
0423,40077,EDSON FLORINDO PEREIRA,PSB,Deputado Estadual,11,2022
0423,40095,NILDO SILVESTRE DA SILVA,PSB,Deputado Estadual,0,2022
0423,40096,EDVAN JOSE DOS SANTOS,PSB,Deputado Estadual,0,2022
0423,40111,FÁBIO CESAR FERREIRA,PSB,Deputado Estadual,26,2022
0423,40112,LEIDE MENGATTI,PSB,Deputado Estadual,19,2022
0423,40113,JOSÉ RONALDO GOMES DA SILVA,PSB,Deputado Estadual,0,2022
0423,40120,GABRIEL BELÉM DOS SANTOS,PSB,Deputado Estadual,6,2022
0423,40121,MÁRIO MEDEIROS NETO,PSB,Deputado Estadual,14,2022
0423,40123,CAMILA GODOI DA SILVA RODRIGUES,PSB,Deputado Estadual,56,2022
0423,40128,ANTONIO LAURO CAMPANHA,PSB,Deputado Estadual,0,2022
0423,40133,JOÃO CARLOS CARAMEZ,PSB,Deputado Estadual,7,2022
0423,40134,JOÃO AGUIAR RIBEIRO,PSB,Deputado Estadual,0,2022
0423,40140,EDSON ELIAS KHOURI,PSB,Deputado Estadual,0,2022
0423,40150,EDUARDO NASCIMENTO,PSB,Deputado Estadual,2,2022
0423,40153,LUCAS DE OLIVEIRA CARDOSO,PSB,Deputado Estadual,66,2022
0423,40155,MARIA JOSÉ DA SILVA BEZERRA,PSB,Deputado Estadual,0,2022
0423,40167,GRACE LAINE PINCERATO CARREIRA DINI,PSB,Deputado Estadual,0,2022
0423,40180,JOSÉ APARECIDO ALVES,PSB,Deputado Estadual,1,2022
0423,40185,MARIA SALETE MARINI,PSB,Deputado Estadual,0,2022
0423,40192,LEANDRO ALTRÃO MARTINES,PSB,Deputado Estadual,2,2022
0423,40199,FABIO ADONIS PEREIRA,PSB,Deputado Estadual,0,2022
0423,40200,LUIZ CARLOS SILVA LEMOS,PSB,Deputado Estadual,1,2022
0423,40211,VALDOMIRO LOPES DA SILVA JUNIOR,PSB,Deputado Estadual,0,2022
0423,40222,GABRIELA VARGAS SABINO,PSB,Deputado Estadual,17,2022
0423,40233,POLIANA ALVES FERNANDES PINTO,PSB,Deputado Estadual,0,2022
0423,40234,CLERISTON DOS SANTOS ARAÚJO,PSB,Deputado Estadual,0,2022
0423,40240,JOCELY RAMOS DOS REIS MARCO,PSB,Deputado Estadual,0,2022
0423,40245,CHARLES ROBERTO PAES,PSB,Deputado Estadual,0,2022
0423,40256,EDUARDO LUIZ,PSB,Deputado Estadual,0,2022
0423,40261,MAURICIO MARTINEZ,PSB,Deputado Estadual,0,2022
0423,40300,CARMEN DA SILVA FERREIRA,PSB,Deputado Estadual,62,2022
0423,40303,DAVID SANTANA DA SILVA,PSB,Deputado Estadual,0,2022
0423,40321,ABIDAN HENRIQUE DA SILVA,PSB,Deputado Estadual,20,2022
0423,40333,RAFAEL ZAMPRONIO DA SILVEIRA,PSB,Deputado Estadual,2,2022
0423,40345,ANDERSON FREITAS BARBOSA PASSOS,PSB,Deputado Estadual,0,2022
0423,40377,ALEXANDRE SÓCRATES NAVISKAS,PSB,Deputado Estadual,1,2022
0423,40400,RENATA FALZONI,PSB,Deputado Estadual,179,2022
0423,40404,CAMILA TAPIA ROJAS SEGATO,PSB,Deputado Estadual,0,2022
0423,40412,FERNANDA DE MORAES DA SILVA,PSB,Deputado Estadual,0,2022
0423,40440,CLAUDIO OLIVEIRA DE MESSIAS,PSB,Deputado Estadual,0,2022
0423,40444,JULIANO MALAQUIAS BOTELHO,PSB,Deputado Estadual,1,2022
0423,40445,JOSELI ELVIRA CAVALHEIRO,PSB,Deputado Estadual,2,2022
0423,40456,PERMÍNIO MONTEIRO DA SILVA,PSB,Deputado Estadual,783,2022
0423,40457,LISETE GOMES DAS NEVES,PSB,Deputado Estadual,0,2022
0423,40500,GRAZIELA COSTA LEITE,PSB,Deputado Estadual,2,2022
0423,40505,MARCELO FERREIRA KAWATOKO,PSB,Deputado Estadual,0,2022
0423,40525,WAINES MOREIRA ALVES,PSB,Deputado Estadual,1,2022
0423,40537,FLORDINICE PINHEIRO,PSB,Deputado Estadual,0,2022
0423,40540,LARA EUNICE SANTOS BARBOSA,PSB,Deputado Estadual,0,2022
0423,40555,PEDRO TOMISHIGUE MORI,PSB,Deputado Estadual,0,2022
0423,40570,ANTONIO CARLOS RODRIGUES TEIXEIRA JUNIOR,PSB,Deputado Estadual,1,2022
0423,40577,RODRIGO ALMEIDA PASSOS,PSB,Deputado Estadual,0,2022
0423,40600,ANDRÉA DAS NEVES NERI DE SANTANA,PSB,Deputado Estadual,1,2022
0423,40635,LAÍS HELENA ANTONIO DOS SANTOS ALOISE,PSB,Deputado Estadual,36,2022
0423,40640,CAIO FRANÇA DE GOUVÊA GOMES,PSB,Deputado Estadual,43,2022
0423,40650,CASSIANO ROSADO CORREIA,PSB,Deputado Estadual,1,2022
0423,40656,SÍLVIA ELENA BITTENCOURT,PSB,Deputado Estadual,0,2022
0423,40665,SHIRLEI APARECIDA MOURA DA SILVA,PSB,Deputado Estadual,0,2022
0423,40666,CARLOS ALBERTO ROSSI,PSB,Deputado Estadual,6,2022
0423,40670,ROBERTO MONTEIRO,PSB,Deputado Estadual,0,2022
0423,40690,DOUGLAS AMPARADO CABRAL,PSB,Deputado Estadual,0,2022
0423,40700,ELIAS PEREIRA FREITAS DA SILVA JUNIOR,PSB,Deputado Estadual,0,2022
0423,40717,SUSIMEIRE RIBEIRO DOS SANTOS,PSB,Deputado Estadual,0,2022
0423,40777,PETERSON RUAN AIELLO DO COUTO RAMOS,PSB,Deputado Estadual,11,2022
0423,40789,JOSÉ ANTÔNIO FERREIRA,PSB,Deputado Estadual,14,2022
0423,40813,ALEXANDRE SIMÕES PIMENTEL,PSB,Deputado Estadual,0,2022
0423,40850,RICARDO DE FARIA SILVA,PSB,Deputado Estadual,0,2022
0423,40888,CYNTHIA MICHELS,PSB,Deputado Estadual,1,2022
0423,40900,PAULO CEZAR CONCEIÇÃO QUADROS,PSB,Deputado Estadual,0,2022
0423,40999,ABDULBASET JAROUR,PSB,Deputado Estadual,10,2022
0423,43000,CLAUDIA VISONI,PV,Deputado Estadual,26,2022
0423,43007,MARIA DAS DORES ALVES SILVA,PV,Deputado Estadual,0,2022
0423,43033,THIAGO RODRIGO MARTINS,PV,Deputado Estadual,2,2022
0423,43043,DACIO BERALDO BICUDO,PV,Deputado Estadual,1,2022
0423,43090,JOANA DARQUE DA PAZ,PV,Deputado Estadual,1,2022
0423,43123,WILLDSON MENDES STAHN,PV,Deputado Estadual,59,2022
0423,43190,ANGELO PAULINO DA SILVA,PV,Deputado Estadual,0,2022
0423,43222,CRISTIANE ALEXANDRE MENDES,PV,Deputado Estadual,2,2022
0423,43333,LEONARDO CÉSAR TASSINARI,PV,Deputado Estadual,3,2022
0423,43343,LUISA DA SILVA FERNANDES,PV,Deputado Estadual,0,2022
0423,43430,DONIZETI APARECIDO ALVES FERREIRA,PV,Deputado Estadual,0,2022
0423,43433,RICARDO JOSÉ LEMES,PV,Deputado Estadual,3,2022
0423,43444,ROMILDO DE PINHO CAMPELLO,PV,Deputado Estadual,1,2022
0423,43500,AMILCAR MARCEL DE SOUZA,PV,Deputado Estadual,5,2022
0423,43773,JOEL MOREIRA PASSOS JUNIOR,PV,Deputado Estadual,0,2022
0423,44001,EDSON DE OLIVEIRA GIRIBONI,UNIÃO,Deputado Estadual,22,2022
0423,44002,MARIA INES PINTO DE OLIVEIRA SANTIAGO,UNIÃO,Deputado Estadual,2,2022
0423,44004,ANDERSON REITANO RICARDO,UNIÃO,Deputado Estadual,1,2022
0423,44007,FELIPE SOUZA MURAKAMI DE FRANCO,UNIÃO,Deputado Estadual,259,2022
0423,44008,CESAR ROCHA ANDRADE DA SILVA,UNIÃO,Deputado Estadual,108,2022
0423,44009,FELIPPE LOURENÇO OLIVEIRA COELHO,UNIÃO,Deputado Estadual,0,2022
0423,44011,CARLOS JOSE GASPAR,UNIÃO,Deputado Estadual,0,2022
0423,44014,MYRIAN RAVANELLI SCANDAR KARAM,UNIÃO,Deputado Estadual,4,2022
0423,44016,CLAUDINEI LUIS DA SILVA,UNIÃO,Deputado Estadual,0,2022
0423,44018,DEOMERCE DE SOUZA DAMASCENO,UNIÃO,Deputado Estadual,4,2022
0423,44019,RODRIGO LUIS DE BARROS ALMEIDA,UNIÃO,Deputado Estadual,415,2022
0423,44023,ANA ROSA TEIXEIRA DE ARAUJO,UNIÃO,Deputado Estadual,0,2022
0423,44025,FERNANDO GALVAO MOURA,UNIÃO,Deputado Estadual,35,2022
0423,44033,PAULO NUNES PINHEIRO,UNIÃO,Deputado Estadual,0,2022
0423,44040,OCIMAR DOS REIS OLIVEIRA,UNIÃO,Deputado Estadual,0,2022
0423,44041,SORAIA DOS SANTOS CARNEIRO D EPIRO,UNIÃO,Deputado Estadual,0,2022
0423,44044,SOLANGE CRISTINA DE FREITAS,UNIÃO,Deputado Estadual,28,2022
0423,44045,OSTERLAINE HENRIQUES ALVES,UNIÃO,Deputado Estadual,0,2022
0423,44050,JURACY DA CONCEIÇÃO DOS SANTOS,UNIÃO,Deputado Estadual,0,2022
0423,44054,MARI CRISTINA BIZARI,UNIÃO,Deputado Estadual,1,2022
0423,44055,LAERCIO SANDES DE OLIVEIRA,UNIÃO,Deputado Estadual,0,2022
0423,44070,FABIO DUARTE JOANA,UNIÃO,Deputado Estadual,0,2022
0423,44077,RAFAEL SARAIVA GAIA,UNIÃO,Deputado Estadual,176,2022
0423,44080,ELIANA PAULA CARETI,UNIÃO,Deputado Estadual,0,2022
0423,44081,AUGUSTO CÉSAR CORREA NETO,UNIÃO,Deputado Estadual,4,2022
0423,44100,VITOR ABOU ANNI,UNIÃO,Deputado Estadual,18,2022
0423,44110,HELIO VIEIRA MALHEIROS JUNIOR,UNIÃO,Deputado Estadual,5,2022
0423,44111,DANIEL BEZERRA RIBEIRO SOARES,UNIÃO,Deputado Estadual,116,2022
0423,44118,EDMIR JOSE ABI CHEDID,UNIÃO,Deputado Estadual,120,2022
0423,44122,JOSE ALDO DEMARCHI,UNIÃO,Deputado Estadual,21,2022
0423,44123,OLIVIO AUGUSTO FREITAS CHAVES,UNIÃO,Deputado Estadual,1,2022
0423,44125,JOAO BATISTA DO PRADO,UNIÃO,Deputado Estadual,0,2022
0423,44127,CAMILA GRASIELE SANGREGORIO SOARES,UNIÃO,Deputado Estadual,0,2022
0423,44130,LETICIA CRISTINA DA SILVA,UNIÃO,Deputado Estadual,0,2022
0423,44140,THIAGO VERONICO DE FREITAS,UNIÃO,Deputado Estadual,0,2022
0423,44144,RONALDO FORMIGAO,UNIÃO,Deputado Estadual,0,2022
0423,44150,GISELE APARECIDA DA SILVA RAMOS,UNIÃO,Deputado Estadual,0,2022
0423,44155,FERNANDA ALVES DA SILVA,UNIÃO,Deputado Estadual,0,2022
0423,44156,ALINE CARBALLO TEIXEIRA,UNIÃO,Deputado Estadual,13,2022
0423,44171,JAQUELINE MONTEIRO DE CARVALHO BARRETO,UNIÃO,Deputado Estadual,0,2022
0423,44190,ADMILSON DE SOUZA,UNIÃO,Deputado Estadual,16,2022
0423,44193,BENEDITO ROBERTO MEIRA,UNIÃO,Deputado Estadual,3,2022
0423,44200,RENATO DA SILVA GOIS,UNIÃO,Deputado Estadual,0,2022
0423,44220,ANDRE CRISTHIANO CAYRES RIBEIRO,UNIÃO,Deputado Estadual,169,2022
0423,44222,JORGE TADEU MUDALEN,UNIÃO,Deputado Estadual,4,2022
0423,44234,LUIZ OTAVIO DA SILVA,UNIÃO,Deputado Estadual,0,2022
0423,44250,MILTON LEITE DA SILVA FILHO,UNIÃO,Deputado Estadual,58,2022
0423,44300,GILBERTO DANIEL JUNIOR,UNIÃO,Deputado Estadual,2,2022
0423,44321,RAFAELA KOBAL FERNANDES DE CARVALHO,UNIÃO,Deputado Estadual,1,2022
0423,44333,AMANDA VETTORAZZO CARNEIRO,UNIÃO,Deputado Estadual,203,2022
0423,44345,REINALDO BRIGIDO DE SOUSA,UNIÃO,Deputado Estadual,3,2022
0423,44350,MARCIA LENTZ,UNIÃO,Deputado Estadual,0,2022
0423,44363,TANIA CRISTINA FRUCHI,UNIÃO,Deputado Estadual,6,2022
0423,44400,RAFAEL ELIAS MACHADO PEREIRA ANTUNES,UNIÃO,Deputado Estadual,11,2022
0423,44411,LEANDRO CALDEIRA NAVA,UNIÃO,Deputado Estadual,0,2022
0423,44422,SIDELI DA SILVA LOPES,UNIÃO,Deputado Estadual,0,2022
0423,44433,MARCELO FUSCO,UNIÃO,Deputado Estadual,1,2022
0423,44440,JUAREZ PEREIRA DA SILVA,UNIÃO,Deputado Estadual,5,2022
0423,44441,LUIZ CLAUDIO VENANCIO ALVES,UNIÃO,Deputado Estadual,1,2022
0423,44444,MARIA HELENA PASINI PEDROSO PETERNELLI,UNIÃO,Deputado Estadual,27,2022
0423,44445,JOAO BATISTA ROCHA,UNIÃO,Deputado Estadual,0,2022
0423,44447,JUAN RAMON SOTO,UNIÃO,Deputado Estadual,0,2022
0423,44450,FLAVIA MENDES GOMES,UNIÃO,Deputado Estadual,4,2022
0423,44451,EDEMIR DE MELO,UNIÃO,Deputado Estadual,0,2022
0423,44456,FERNANDO HENRIQUE CURY,UNIÃO,Deputado Estadual,9,2022
0423,44470,WERMESON PEREIRA DA SILVA,UNIÃO,Deputado Estadual,0,2022
0423,44477,MISAEL ARAUJO RODRIGUES DA SILVA,UNIÃO,Deputado Estadual,0,2022
0423,44500,CARLOS LOTHAR KAUTZA,UNIÃO,Deputado Estadual,4,2022
0423,44532,LUCAS MÁXIMO DE JESUS,UNIÃO,Deputado Estadual,0,2022
0423,44544,MAURICIO MENNA BARRETO GASPARINI,UNIÃO,Deputado Estadual,2,2022
0423,44550,HUMBERTO YUDI WATANABE,UNIÃO,Deputado Estadual,1,2022
0423,44556,GILVANIA MEDEIROS DE OLIVEIRA,UNIÃO,Deputado Estadual,1,2022
0423,44557,SERGIO DE PAULA REIS FILHO,UNIÃO,Deputado Estadual,0,2022
0423,44560,NELMA APARECIDA ANDRADE SOUZA,UNIÃO,Deputado Estadual,2,2022
0423,44567,AGLIBERTO DO SOCORRO CHAGAS,UNIÃO,Deputado Estadual,4,2022
0423,44600,MARCOS FERNANDO PORTELLA FONTES,UNIÃO,Deputado Estadual,2,2022
0423,44611,VIVIANE DOS SANTOS SILVA CASAMASSA,UNIÃO,Deputado Estadual,1,2022
0423,44644,RODRIGO CESAR REGORAO VERONEZI,UNIÃO,Deputado Estadual,0,2022
0423,44662,ANGELA DONATIELLO LOPES,UNIÃO,Deputado Estadual,0,2022
0423,44678,DONILZETE JOSÉ SOARES,UNIÃO,Deputado Estadual,1,2022
0423,44700,LUIZ CARLOS GONDIM TEIXEIRA,UNIÃO,Deputado Estadual,5,2022
0423,44705,ROLGACIANO FERNANDES ALMEIDA,UNIÃO,Deputado Estadual,0,2022
0423,44707,BENEDITO DE VITTO JUNIOR,UNIÃO,Deputado Estadual,0,2022
0423,44744,ADRIANA CRISTINA SGRIGNEIRO NUNES,UNIÃO,Deputado Estadual,5,2022
0423,44767,CECILIA CLAUDINO GOMES DO AMARAL PEREIRA,UNIÃO,Deputado Estadual,0,2022
0423,44770,ADENILSON PEREIRA DE AMORIM,UNIÃO,Deputado Estadual,1,2022
0423,44777,AUGUSTO ZACARIAS CORREA LEITE,UNIÃO,Deputado Estadual,536,2022
0423,44789,JOÃO DA SILVA FILHO,UNIÃO,Deputado Estadual,0,2022
0423,44800,JAQUELINE DA SILVA LIRA ARRUDA,UNIÃO,Deputado Estadual,0,2022
0423,44852,CICERO APARECIDO DE MELO,UNIÃO,Deputado Estadual,0,2022
0423,44888,WALTER MARTINS JUNIOR,UNIÃO,Deputado Estadual,1,2022
0423,44900,MARCUS LEVY ANDRADE ACOSTA,UNIÃO,Deputado Estadual,0,2022
0423,44944,RUBENS LOBATO PINHEIRO NETO,UNIÃO,Deputado Estadual,2,2022
0423,44999,RENATO DE SOUZA BATTISTA,UNIÃO,Deputado Estadual,209,2022
0423,45000,BRUNA DIAS FURLAN VICENTE,PSDB,Deputado Estadual,74,2022
0423,45002,IVONE FERNANDES DIAS DO NASCIMENTO,PSDB,Deputado Estadual,0,2022
0423,45007,DOMINGOS COSTA MINÉZIO GALLÉ,PSDB,Deputado Estadual,0,2022
0423,45011,FAOUAZ TAHA,PSDB,Deputado Estadual,23,2022
0423,45012,EDGARD TAKASHI SASAKI,PSDB,Deputado Estadual,2,2022
0423,45019,ISABEL CRISTINA DA SILVA MARCELINO VIEIRA,PSDB,Deputado Estadual,3,2022
0423,45040,FLÁVIO SPINUCCI JUNIOR,PSDB,Deputado Estadual,0,2022
0423,45045,ISRAEL ALEXANDRE DE SOUZA,PSDB,Deputado Estadual,31,2022
0423,45055,CAROLINA RIBEIRO FREITAS,PSDB,Deputado Estadual,1,2022
0423,45059,EDSON ROBERTO PARRON,PSDB,Deputado Estadual,0,2022
0423,45088,RENE VLADEMIR BLOTA JUNIOR,PSDB,Deputado Estadual,1,2022
0423,45100,CARLOS ALESSANDRO FRANCO BORRO DE MATOS,PSDB,Deputado Estadual,6,2022
0423,45111,MACIEL DOS SANTOS ROCHA,PSDB,Deputado Estadual,8,2022
0423,45114,MARIA LUCIA CARDOSO PINTO AMARY,PSDB,Deputado Estadual,10,2022
0423,45116,SILVANO SALES PEIXOTO,PSDB,Deputado Estadual,0,2022
0423,45122,ALESSANDRA VIEIRA DE CAMARGO TELES,PSDB,Deputado Estadual,12,2022
0423,45123,ROGERIO NOGUEIRA LOPES CRUZ,PSDB,Deputado Estadual,136,2022
0423,45125,MAURO BRAGATO,PSDB,Deputado Estadual,7,2022
0423,45145,GIOVANNA GUIMARÃES TRIPOLI VON USLAR,PSDB,Deputado Estadual,46,2022
0423,45150,DANIELLE SANTOS SILVA,PSDB,Deputado Estadual,1,2022
0423,45151,JOSÉ BERNARDO ORTIZ MONTEIRO JÚNIOR,PSDB,Deputado Estadual,5,2022
0423,45180,PATRÍCIA GAMA DE QUADROS BEZERRA,PSDB,Deputado Estadual,19,2022
0423,45192,DULCE RITA CHAVES DE ANDRADE DABKIWICZ,PSDB,Deputado Estadual,0,2022
0423,45200,CÉLIA CAMARGO LEÃO EDELMUTH,PSDB,Deputado Estadual,1574,2022
0423,45219,JULIO CESAR DE OLIVEIRA,PSDB,Deputado Estadual,0,2022
0423,45222,ANDRÉ GASPARINI SPADARO,PSDB,Deputado Estadual,8,2022
0423,45232,CARLOS EDUARDO PIGNATARI,PSDB,Deputado Estadual,9,2022
0423,45240,VANDERLEI BORGES DE CARVALHO,PSDB,Deputado Estadual,9,2022
0423,45245,DAMARIS DIAS MOURA KUO,PSDB,Deputado Estadual,44,2022
0423,45321,RAFAEL POSTIGO MAZZALI,PSDB,Deputado Estadual,0,2022
0423,45345,EDILZA DE SOUSA MATSUSHITA,PSDB,Deputado Estadual,0,2022
0423,45377,SERGIO OLIVETTI JACOMINI,PSDB,Deputado Estadual,1,2022
0423,45400,ANALICE FERNANDES,PSDB,Deputado Estadual,7,2022
0423,45444,DANIEL HENRIQUE SILVA BASSI,PSDB,Deputado Estadual,3,2022
0423,45445,JOSÉ CARLOS CARRASCOSA DOS SANTOS,PSDB,Deputado Estadual,10,2022
0423,45450,ADRIANO BEDORE,PSDB,Deputado Estadual,5,2022
0423,45451,CARLOS CESAR ARCOLINO,PSDB,Deputado Estadual,0,2022
0423,45452,LEILA BEDANI FERREIRA,PSDB,Deputado Estadual,14,2022
0423,45453,ANA KEYLA SILVA SANTIAGO,PSDB,Deputado Estadual,1,2022
0423,45454,RENATO PUPO DE PAULA,PSDB,Deputado Estadual,7,2022
0423,45455,ALEXANDRE RIBEIRO MUSTAFA,PSDB,Deputado Estadual,15,2022
0423,45456,SARITA DE SOUZA GREGORIO,PSDB,Deputado Estadual,0,2022
0423,45500,DÉBORA MARCONDES SILVA FERRARESI,PSDB,Deputado Estadual,3,2022
0423,45545,JOSE ANTONIO BARROS MUNHOZ,PSDB,Deputado Estadual,38,2022
0423,45555,PEDRO MOTOITIRO KAWAI,PSDB,Deputado Estadual,6,2022
0423,45575,DINACI FERREIRA OLEAN,PSDB,Deputado Estadual,0,2022
0423,45600,ESTANISLAU MATIAS BARROS,PSDB,Deputado Estadual,1,2022
0423,45617,ANDRE LUIS ANCHÃO BRAGA,PSDB,Deputado Estadual,5,2022
0423,45622,VONG IEK LEONG,PSDB,Deputado Estadual,0,2022
0423,45647,FRANCISCO PEREIRA LIMA,PSDB,Deputado Estadual,0,2022
0423,45663,NATALINO ANTONIO DA SILVA,PSDB,Deputado Estadual,0,2022
0423,45666,ANA CRISTINA ALVES,PSDB,Deputado Estadual,1,2022
0423,45678,LUIZ HENRIQUE CIRILO,PSDB,Deputado Estadual,3091,2022
0423,45680,CARLA SARDANO MORANDO,PSDB,Deputado Estadual,29,2022
0423,45688,ERIKA TEREZA COITINHO AFFONSO,PSDB,Deputado Estadual,0,2022
0423,45745,MARCO AURÉLIO GOMES DOS SANTOS,PSDB,Deputado Estadual,7,2022
0423,45777,ALEXANDRE FROTA DE ANDRADE,PSDB,Deputado Estadual,36,2022
0423,45780,MARCOS ANTONIO ZERBINI,PSDB,Deputado Estadual,5,2022
0423,45789,VINICIUS ALMEIDA CAMARINHA,PSDB,Deputado Estadual,8,2022
0423,45800,MARCOS ANTÔNIO DE SOUZA,PSDB,Deputado Estadual,0,2022
0423,45845,NELSA FLORINDA DE QUEIROZ METZLER,PSDB,Deputado Estadual,0,2022
0423,45888,ADALBERTO GODOY FREITAS,PSDB,Deputado Estadual,6,2022
0423,50000,PAULA NUNES DOS SANTOS,PSOL,Deputado Estadual,741,2022
0423,50001,CLAUDIA APARECIDA DE MELLO MONTANARI,PSOL,Deputado Estadual,4,2022
0423,50002,JOEFERSON FACCIN JOSÉ DE ALMEIDA,PSOL,Deputado Estadual,0,2022
0423,50005,GUILHERME DA COSTA AGUIAR CORTEZ,PSOL,Deputado Estadual,72,2022
0423,50007,JASPE LOPES BASTOS,PSOL,Deputado Estadual,4,2022
0423,50008,CINTIA VANESSA GOMES,PSOL,Deputado Estadual,13,2022
0423,50009,DENISE FERNANDES DE SOUZA PANTALEÃO,PSOL,Deputado Estadual,0,2022
0423,50010,ÉRIKA FERNANDA CÂNDIDO,PSOL,Deputado Estadual,8,2022
0423,50011,MARIANA FELIX SANTOS,PSOL,Deputado Estadual,23,2022
0423,50012,JÉSSICA MARQUES RIBEIRO,PSOL,Deputado Estadual,2,2022
0423,50013,ALDENIR DIAS DOS SANTOS,PSOL,Deputado Estadual,9,2022
0423,50014,CÁTIA DOS SANTOS MACHADO,PSOL,Deputado Estadual,0,2022
0423,50015,CLEBER DA SILVA,PSOL,Deputado Estadual,0,2022
0423,50018,MATHEUS LEMES MARTINS DE ASSIS,PSOL,Deputado Estadual,1,2022
0423,50019,VINÍCIUS ROSA RODRIGUES,PSOL,Deputado Estadual,2,2022
0423,50020,JULIO CEZAR DE ANDRADE,PSOL,Deputado Estadual,10,2022
0423,50033,REGINA CÉLIA GONÇALVES DOS SANTOS,PSOL,Deputado Estadual,2,2022
0423,50043,RODRIGO DA SILVA BANDINI,PSOL,Deputado Estadual,0,2022
0423,50050,INÊS PAZ,PSOL,Deputado Estadual,2,2022
0423,50075,ANA CLAUDIA SILVA MIELKE,PSOL,Deputado Estadual,28,2022
0423,50085,GERALDO DO NASCIMENTO,PSOL,Deputado Estadual,0,2022
0423,50088,JACI SABINA DE LIMA MATTOS,PSOL,Deputado Estadual,1,2022
0423,50099,VALDOMIRO MARQUES,PSOL,Deputado Estadual,0,2022
0423,50100,MARIANA CONTI TAKAHASHI,PSOL,Deputado Estadual,2309,2022
0423,50110,EDIANE MARIA DO NASCIMENTO,PSOL,Deputado Estadual,439,2022
0423,50111,DANILO PRISEAJNIUC BIFONE,PSOL,Deputado Estadual,6,2022
0423,50112,LEANDRO ROMEO PECCEQUILLO FREIRE,PSOL,Deputado Estadual,2,2022
0423,50113,CLAUDIO BENVINDO BARBOSA,PSOL,Deputado Estadual,0,2022
0423,50123,RICARDO ALVAREZ,PSOL,Deputado Estadual,1,2022
0423,50130,ALINE CATARINE GONDIM,PSOL,Deputado Estadual,1,2022
0423,50133,MARCELO REINA SILIANO,PSOL,Deputado Estadual,3,2022
0423,50150,MARIA APARECIDA AIRES DA SILVA,PSOL,Deputado Estadual,3,2022
0423,50157,DARCI RAMOS VITÓRIO,PSOL,Deputado Estadual,0,2022
0423,50160,DIEGO WEIDEMANN RACHE VITELLO,PSOL,Deputado Estadual,2,2022
0423,50175,MARIA DE JESUS BUENO DA SILVA,PSOL,Deputado Estadual,0,2022
0423,50180,THALITA DE ALMEIDA TAVARES,PSOL,Deputado Estadual,0,2022
0423,50200,AILTON AMARAL DOS SANTOS,PSOL,Deputado Estadual,3,2022
0423,50222,SUZETE CHAFFIN,PSOL,Deputado Estadual,0,2022
0423,50300,KEITCHELE LIMA DA SILVA,PSOL,Deputado Estadual,73,2022
0423,50321,BRUNA CHAMAS BIONDI,PSOL,Deputado Estadual,7,2022
0423,50333,ALBA SOLANGE CHALITA DA SILVA,PSOL,Deputado Estadual,2,2022
0423,50400,PRISCILLA BERNARDES AIRES PEDROSA,PSOL,Deputado Estadual,0,2022
0423,50420,FERNANDO TAVARES ARAÚJO DA SILVA,PSOL,Deputado Estadual,8,2022
0423,50444,ROSIVALDO DE JESUS SANTOS,PSOL,Deputado Estadual,0,2022
0423,50456,ADRIANA SCANAVEZ DOS SANTOS,PSOL,Deputado Estadual,144,2022
0423,50500,DÉBORA ALVES CAMILO,PSOL,Deputado Estadual,45,2022
0423,50501,DJALMA NERY FERREIRA NETO,PSOL,Deputado Estadual,30,2022
0423,50513,RONALDO RODRIGUES DOS SANTOS,PSOL,Deputado Estadual,1,2022
0423,50517,ELIEZER ALMEIDA GUIMARÃES,PSOL,Deputado Estadual,0,2022
0423,50522,CHIRLEY MARIA DE SOUZA ALMEIDA SANTOS,PSOL,Deputado Estadual,122,2022
0423,50550,RAUL MARCELO DE SOUZA,PSOL,Deputado Estadual,20,2022
0423,50555,RAMON FERNANDES FAUSTINO,PSOL,Deputado Estadual,2,2022
0423,50563,ENOC MANOEL DE SANTANA,PSOL,Deputado Estadual,0,2022
0423,50567,LUIZ GUEDES DE ALENCAR JUNIOR,PSOL,Deputado Estadual,0,2022
0423,50580,JOSÉ DE RIBAMAR DA SILVA PASSOS,PSOL,Deputado Estadual,0,2022
0423,50600,EDMILSON SOUZA SANTOS,PSOL,Deputado Estadual,1,2022
0423,50650,ANTONIO BIAGIO VESPOLI,PSOL,Deputado Estadual,2,2022
0423,50666,MARIA HELENA DE CARVALHO,PSOL,Deputado Estadual,1,2022
0423,50700,NEON DOS AFONSO CUNHA,PSOL,Deputado Estadual,84,2022
0423,50750,JOSÉ CARLOS SILVA,PSOL,Deputado Estadual,0,2022
0423,50777,PAULO ROBERTO BUFALO,PSOL,Deputado Estadual,560,2022
0423,50789,CARLOS ALBERTO GIANNASI,PSOL,Deputado Estadual,383,2022
0423,50800,JUVENIL BATISTA LOPES,PSOL,Deputado Estadual,1,2022
0423,50850,MARCELO DOS SANTOS ROLDAN,PSOL,Deputado Estadual,0,2022
0423,50888,JUSTINO DIOGO DOS SANTOS,PSOL,Deputado Estadual,4,2022
0423,50900,MÔNICA CRISTINA SEIXAS BONFIM,PSOL,Deputado Estadual,215,2022
0423,50999,DÉBORA CRISTIANE FIRMO DORIA,PSOL,Deputado Estadual,0,2022
0423,51000,LUIS CLAUDIO LAPENA BARRETO,PATRIOTA,Deputado Estadual,9,2022
0423,51001,ANDRÉ LUIZ GALHARDO JOÃO,PATRIOTA,Deputado Estadual,2,2022
0423,51002,VANIL ALVES DOS SANTOS,PATRIOTA,Deputado Estadual,0,2022
0423,51003,RENATO DE SOUZA OLIVEIRA,PATRIOTA,Deputado Estadual,3,2022
0423,51005,SAMUEL DOS SANTOS,PATRIOTA,Deputado Estadual,0,2022
0423,51006,ANDREIA PEREIRA FERRAZ,PATRIOTA,Deputado Estadual,44,2022
0423,51007,CLAUDIO SEBASTIÃO AGUIAR,PATRIOTA,Deputado Estadual,2,2022
0423,51008,EDMILSON ALVES DA SILVA,PATRIOTA,Deputado Estadual,0,2022
0423,51009,RODRIGO SALOMÃO JUNQUEIRA,PATRIOTA,Deputado Estadual,0,2022
0423,51010,OSVALDO DA SILVA LOBEIRO MACHADO,PATRIOTA,Deputado Estadual,5,2022
0423,51011,INES REGINA SCISCI MACIEL,PATRIOTA,Deputado Estadual,90,2022
0423,51013,MÁRCIA DE FÁTIMA MORAIS,PATRIOTA,Deputado Estadual,6,2022
0423,51017,GETULIO ALEGRE DOS SANTOS,PATRIOTA,Deputado Estadual,0,2022
0423,51020,WALDENIR CHAGA FILHO,PATRIOTA,Deputado Estadual,0,2022
0423,51022,MARISTELA TRINDADE,PATRIOTA,Deputado Estadual,0,2022
0423,51023,FABIANA APARECIDA BRITO ERNANE,PATRIOTA,Deputado Estadual,29,2022
0423,51033,DEOCLÉCIO KAWAHATA PLACCO,PATRIOTA,Deputado Estadual,0,2022
0423,51050,CARLOS ROBERTO TOLEDO,PATRIOTA,Deputado Estadual,32,2022
0423,51051,EVERTON LUIZ FERNANDES SODARIO RAIMUNDO,PATRIOTA,Deputado Estadual,56,2022
0423,51070,SÔNIA DAS GRAÇAS RIBEIRO SILVEIRA,PATRIOTA,Deputado Estadual,0,2022
0423,51100,BRIAN VANDERSON FERREIRA LEME,PATRIOTA,Deputado Estadual,0,2022
0423,51101,SÔNIA MARIA FERRAZ DE MOURA,PATRIOTA,Deputado Estadual,0,2022
0423,51107,JOSE ALCY PINHEIRO SUBRINHO,PATRIOTA,Deputado Estadual,4,2022
0423,51111,ADEMIR WELLITON DE OLIVEIRA,PATRIOTA,Deputado Estadual,1,2022
0423,51122,RENAN MARINO,PATRIOTA,Deputado Estadual,0,2022
0423,51123,ANDREA SEIXAS,PATRIOTA,Deputado Estadual,1,2022
0423,51132,FRANCISLEY ILDECIR RODRIGUES,PATRIOTA,Deputado Estadual,0,2022
0423,51133,NELSON PEDRO ROJA JUNIOR,PATRIOTA,Deputado Estadual,12,2022
0423,51144,SOLANGE GUAPYASSU,PATRIOTA,Deputado Estadual,0,2022
0423,51150,ODAIR DE MOURA E SILVA,PATRIOTA,Deputado Estadual,8,2022
0423,51151,ROSANE REZENDE LEANDRO,PATRIOTA,Deputado Estadual,0,2022
0423,51155,MARCOS ANDRE DE OLIVEIRA,PATRIOTA,Deputado Estadual,0,2022
0423,51188,RENATA GOUVEA,PATRIOTA,Deputado Estadual,0,2022
0423,51190,RUBENS CLÁUDIO SIQUEIRA NERI,PATRIOTA,Deputado Estadual,1,2022
0423,51200,ALAINE SILVA SOUZA SANTOS,PATRIOTA,Deputado Estadual,0,2022
0423,51210,EQUIMARCILIAS DE SOUZA FREIRE,PATRIOTA,Deputado Estadual,0,2022
0423,51221,SUSANA DAS NEVES,PATRIOTA,Deputado Estadual,0,2022
0423,51222,SANDRA DELMIRO DE LIMA GABRIEL,PATRIOTA,Deputado Estadual,0,2022
0423,51231,MARCIO DE PAULA PINHEIRO,PATRIOTA,Deputado Estadual,0,2022
0423,51233,RONALDO AUGUSTO BRETAS MARZAGÃO JUNIOR,PATRIOTA,Deputado Estadual,3,2022
0423,51234,RICARDO ROCHA DE OLIVEIRA,PATRIOTA,Deputado Estadual,0,2022
0423,51235,FABIO MARTINS BELARMINO,PATRIOTA,Deputado Estadual,0,2022
0423,51236,BRUNO LOPES ROVAI,PATRIOTA,Deputado Estadual,55,2022
0423,51250,JOSE BENTO DE JESUS,PATRIOTA,Deputado Estadual,0,2022
0423,51280,MONIZ JOSE BIELAWSKI RIBEIRO,PATRIOTA,Deputado Estadual,4,2022
0423,51300,ZELINDA DRAGO,PATRIOTA,Deputado Estadual,1,2022
0423,51321,EDUARDO DIAS DE BRITO,PATRIOTA,Deputado Estadual,1,2022
0423,51332,MÁRCIA CRISTINA DA SILVA,PATRIOTA,Deputado Estadual,1,2022
0423,51333,ANA PAULA CARVALHO BEATHALTER,PATRIOTA,Deputado Estadual,4,2022
0423,51349,JOSE ALAOR FERNANDES ROSSI,PATRIOTA,Deputado Estadual,1,2022
0423,51350,ADRIANA NOGUEIRA DO PRADO,PATRIOTA,Deputado Estadual,0,2022
0423,51351,FRANCISCO ANTONIO DA SILVA,PATRIOTA,Deputado Estadual,3,2022
0423,51360,TAILANDIA FERNANDES SOARES PAIXÃO,PATRIOTA,Deputado Estadual,0,2022
0423,51400,MARCIA VALÉRIA JACINTHO AZEVEDO,PATRIOTA,Deputado Estadual,1,2022
0423,51444,RUI ALVES BRUM JUNIOR,PATRIOTA,Deputado Estadual,0,2022
0423,51447,CARLOS ALBERTO FABRINI,PATRIOTA,Deputado Estadual,7,2022
0423,51451,FERNANDO HENRIQUE GOMES DA SILVA,PATRIOTA,Deputado Estadual,0,2022
0423,51455,MARCOS CORDEIRO DE SOUSA CHAVES,PATRIOTA,Deputado Estadual,0,2022
0423,51500,MARIA ALICE FERNANDES MOSTARDINHA,PATRIOTA,Deputado Estadual,0,2022
0423,51510,ROGÉRIO SILVA DE SOUZA,PATRIOTA,Deputado Estadual,0,2022
0423,51511,ARAFETH ALI HUSSEIN NASREDDINE,PATRIOTA,Deputado Estadual,0,2022
0423,51525,FERNANDO FERREIRA DE QUEIROZ,PATRIOTA,Deputado Estadual,2,2022
0423,51533,ALEX SANDRO BENTO FERNANDES,PATRIOTA,Deputado Estadual,1,2022
0423,51545,JORGE DE JESUS OLIVEIRA,PATRIOTA,Deputado Estadual,0,2022
0423,51551,PATRICIA ANDALAFT FREIRE,PATRIOTA,Deputado Estadual,0,2022
0423,51555,ANTONIO CÍCERO FERREIRA DE ARAUJO,PATRIOTA,Deputado Estadual,0,2022
0423,51556,LUIZ CARLOS DO ESPÍRITO SANTO,PATRIOTA,Deputado Estadual,1,2022
0423,51566,ELIANA CRISTINA DA SILVA PASCON,PATRIOTA,Deputado Estadual,0,2022
0423,51600,PEDRO ELES DA SILVA,PATRIOTA,Deputado Estadual,0,2022
0423,51622,DAVI BENEDITO DOS SANTOS,PATRIOTA,Deputado Estadual,0,2022
0423,51666,ANGELA GISELDA RUSSO PUCCIA DE LIMA,PATRIOTA,Deputado Estadual,1,2022
0423,51700,DILSO PANTALEÃO MANZANO,PATRIOTA,Deputado Estadual,0,2022
0423,51773,EMÍLIO CARPANEZ FILHO,PATRIOTA,Deputado Estadual,0,2022
0423,51777,CLEBER BROCH,PATRIOTA,Deputado Estadual,4,2022
0423,51800,EDUARDO APARECIDO ALEIXO,PATRIOTA,Deputado Estadual,0,2022
0423,51880,ERNESTO ANTONIO MATTOS,PATRIOTA,Deputado Estadual,0,2022
0423,51888,PATRÍCIA MAGDA GIRO LOBO BELLI,PATRIOTA,Deputado Estadual,0,2022
0423,51900,JOÃO TEIXEIRA JUNIOR,PATRIOTA,Deputado Estadual,0,2022
0423,51911,MAURÍCIO SOUZA DOS REIS,PATRIOTA,Deputado Estadual,0,2022
0423,51965,EDILEIDE SILVA,PATRIOTA,Deputado Estadual,0,2022
0423,51999,GIRLENIO GOMES DE OLIVEIRA,PATRIOTA,Deputado Estadual,0,2022
0423,55000,ROBERTA MARIA GONÇALVES FRANCESCHI BOTION,PSD,Deputado Estadual,38,2022
0423,55001,ROGÉRIO SILVA PEDRO,PSD,Deputado Estadual,0,2022
0423,55005,MIRTES GONÇALVES QUEIROZ,PSD,Deputado Estadual,0,2022
0423,55007,FLÁVIA REGINA ROMANI,PSD,Deputado Estadual,3,2022
0423,55008,WAGNER SEQUIN,PSD,Deputado Estadual,0,2022
0423,55009,HUMBERTO YUTAKA NAKAMURA,PSD,Deputado Estadual,0,2022
0423,55011,PAULA FONSECA ESTEVES,PSD,Deputado Estadual,0,2022
0423,55015,DECIO MARMIROLLI,PSD,Deputado Estadual,23,2022
0423,55022,ANDRÉ LUIZ PREVIATO KODJAOGLANIAN,PSD,Deputado Estadual,12,2022
0423,55025,CLAUDIA URIAS,PSD,Deputado Estadual,0,2022
0423,55030,AUGUSTO DOS REIS FERREIRA,PSD,Deputado Estadual,4,2022
0423,55033,MARIA CONSTANTINO EMIDIO,PSD,Deputado Estadual,7,2022
0423,55040,MARCELO ALVES DE CARVALHO ALMEIDA,PSD,Deputado Estadual,0,2022
0423,55044,CARLOS EDUARDO UTUARI,PSD,Deputado Estadual,0,2022
0423,55050,ALINE NOVAIS,PSD,Deputado Estadual,2,2022
0423,55055,CAROLINE STEINMETZ,PSD,Deputado Estadual,11,2022
0423,55077,LAURA HIROMI KAMIA,PSD,Deputado Estadual,1,2022
0423,55089,MAURO DA SILVA OLIVEIRA,PSD,Deputado Estadual,0,2022
0423,55090,ANTONIO EDUARDO DOS SANTOS,PSD,Deputado Estadual,0,2022
0423,55100,JANDER CAVALCANTI DE LIRA,PSD,Deputado Estadual,2,2022
0423,55101,FRANCISCO DA COSTA NETO,PSD,Deputado Estadual,14,2022
0423,55111,CICERO JOÃO DA SILVA,PSD,Deputado Estadual,0,2022
0423,55116,TEREZINHA DE AQUINO,PSD,Deputado Estadual,0,2022
0423,55121,ANTÔNIO EMÍDIO DE MORAIS,PSD,Deputado Estadual,0,2022
0423,55122,ANTONIO DE SOUSA RAMALHO,PSD,Deputado Estadual,4,2022
0423,55123,RAFAEL ANTONIO DA SILVA,PSD,Deputado Estadual,11,2022
0423,55135,JULIANA SOARES DE PAULA,PSD,Deputado Estadual,0,2022
0423,55177,VERA LUCIA MENDES DA SILVA,PSD,Deputado Estadual,0,2022
0423,55190,SÉRGIO DE MOURA CAVALCANTI,PSD,Deputado Estadual,93,2022
0423,55191,EDSON GOMES DA ROCHA,PSD,Deputado Estadual,0,2022
0423,55195,EDIVALDO BENÍCIO,PSD,Deputado Estadual,0,2022
0423,55200,JOSÉ GARRIS DEL VALLE,PSD,Deputado Estadual,0,2022
0423,55212,CAROLINA ANGELELLI,PSD,Deputado Estadual,0,2022
0423,55222,RAUL VICENTINI,PSD,Deputado Estadual,13,2022
0423,55234,CHUKWUEMEKA UJOR,PSD,Deputado Estadual,0,2022
0423,55240,PRISCILA BRUNETTO DE ARAUJO,PSD,Deputado Estadual,0,2022
0423,55250,JOSIAS JOSE DO NASCIMENTO,PSD,Deputado Estadual,0,2022
0423,55255,CARLOS ANTONIO VILELA,PSD,Deputado Estadual,0,2022
0423,55300,VALÉRIA APARECIDA COSTA TORRES,PSD,Deputado Estadual,19,2022
0423,55331,EDINALVA NUNES DE JESUS,PSD,Deputado Estadual,0,2022
0423,55333,ROMILDO VIRGÍNIO DOS SANTOS,PSD,Deputado Estadual,2,2022
0423,55355,IRENILDE APARECIDA JULIANI DA SILVA,PSD,Deputado Estadual,2,2022
0423,55400,MARTA MARIA FREIRE DA COSTA,PSD,Deputado Estadual,678,2022
0423,55450,NEIMAR DE ALMEIDA ORTIZ,PSD,Deputado Estadual,0,2022
0423,55455,JOSÉ CARLOS TREVENZOLLI FILHO,PSD,Deputado Estadual,17,2022
0423,55456,EFANEU NOLASCO GODINHO,PSD,Deputado Estadual,14,2022
0423,55505,PATRICIA APARECIDA ROSSI,PSD,Deputado Estadual,0,2022
0423,55511,ANDRE PEREIRA DE MEDEIROS,PSD,Deputado Estadual,1,2022
0423,55522,CLAUDIO CESAR SILVA APOLINARIO,PSD,Deputado Estadual,5,2022
0423,55523,LUIS ANTONIO PANONE,PSD,Deputado Estadual,3,2022
0423,55534,JOSÉ CARLOS ROSSI,PSD,Deputado Estadual,2,2022
0423,55550,RENATO SABINO COLOMBANO,PSD,Deputado Estadual,2,2022
0423,55555,HELIO BRESSAN,PSD,Deputado Estadual,22,2022
0423,55599,LUIS TADEO GIMENES,PSD,Deputado Estadual,0,2022
0423,55600,LUIZ FERNANDO PIVA CRUZ,PSD,Deputado Estadual,0,2022
0423,55654,JUVENIL DE ALMEIDA SILVERIO,PSD,Deputado Estadual,0,2022
0423,55655,ARTUR CASSEB ORSI,PSD,Deputado Estadual,3865,2022
0423,55678,RAIMUNDO FERNANDES DE PAIVA,PSD,Deputado Estadual,0,2022
0423,55699,PAULO ALVES CORRÊA JUNIOR,PSD,Deputado Estadual,6,2022
0423,55700,ANDRÉA PAROLIN PAVANI PERINOTI,PSD,Deputado Estadual,0,2022
0423,55755,FERNANDO LUCCHESI ANTUNES DE OLIVEIRA,PSD,Deputado Estadual,1,2022
0423,55777,OSEIAS SANTOS DA SILVA,PSD,Deputado Estadual,127,2022
0423,55789,NÚBIA CRISTINA SILVÉRIO,PSD,Deputado Estadual,0,2022
0423,55790,ALEXANDRO DE ARAÚJO,PSD,Deputado Estadual,1,2022
0423,55800,LUCIANO RODRIGUES DE AQUINO,PSD,Deputado Estadual,0,2022
0423,55844,JOSE CARLOS ADAO,PSD,Deputado Estadual,1,2022
0423,55855,VANILDA APARECIDA PEREIRA DA SILVA,PSD,Deputado Estadual,1,2022
0423,55888,SÔNIA REGINA RODRIGUES MÓDENA,PSD,Deputado Estadual,11,2022
0423,55999,SILVIA ELIANA PALMA,PSD,Deputado Estadual,1,2022
0423,65000,EWERTON DA SILVA CARVALHO,PC do B,Deputado Estadual,28,2022
0423,65010,MARCOS JESUS DOS SANTOS,PC do B,Deputado Estadual,4,2022
0423,65012,GERSON BARBOSA DE SOUSA,PC do B,Deputado Estadual,0,2022
0423,65013,ROZANA FONSECA BARROSO DA SILVA,PC do B,Deputado Estadual,12,2022
0423,65035,LECI BRANDÃO DA SILVA,PC do B,Deputado Estadual,187,2022
0423,65123,PEDRO ANTONIO BIGARDI,PC do B,Deputado Estadual,7,2022
0423,65180,CARINA VITRAL COSTA,PC do B,Deputado Estadual,22,2022
0423,65300,MARIANA NUNES DE MOURA SOUZA,PC do B,Deputado Estadual,57,2022
0423,65333,RODRIGO FIRMINO ROMÃO,PC do B,Deputado Estadual,0,2022
0423,65400,KEILA PEREIRA FRANCISCO,PC do B,Deputado Estadual,2,2022
0423,65555,WAGNER CIPRIANO ARAUJO,PC do B,Deputado Estadual,25,2022
0423,65656,MARCIA REGINA QUINTANILHA,PC do B,Deputado Estadual,453,2022
0423,65658,FRANCISCA PEREIRA DA ROCHA SEIXAS,PC do B,Deputado Estadual,1,2022
0423,65777,SAMUEL EUZÉBIO DE OLIVEIRA,PC do B,Deputado Estadual,1,2022
0423,65789,RENÉ VICENTE DOS SANTOS,PC do B,Deputado Estadual,3,2022
0423,70000,DAVI PIRES BATISTA,AVANTE,Deputado Estadual,0,2022
0423,70001,JEAN CARLOS HERZOGENRATH DE BRITO,AVANTE,Deputado Estadual,0,2022
0423,70003,DONATO DOS SANTOS SILVA,AVANTE,Deputado Estadual,0,2022
0423,70005,VANIA MAIA DOS REIS,AVANTE,Deputado Estadual,0,2022
0423,70007,LEANDRO VIEIRA DE LIMA,AVANTE,Deputado Estadual,0,2022
0423,70008,CARLOS EDUARDO PLACUCCI,AVANTE,Deputado Estadual,0,2022
0423,70010,FRANCISCA QUELINDEJARA VASCONCELOS SOBIESKI,AVANTE,Deputado Estadual,0,2022
0423,70012,CARLOS ALBERTO DA FONSECA,AVANTE,Deputado Estadual,0,2022
0423,70013,MICHELE NOVAES CANDIDO,AVANTE,Deputado Estadual,0,2022
0423,70014,WILLAMS FERNANDES DA SILVA,AVANTE,Deputado Estadual,0,2022
0423,70016,RAPHAEL GOZUEN CAMARGO,AVANTE,Deputado Estadual,0,2022
0423,70017,ELIETE DE MIRANDA MACHADO,AVANTE,Deputado Estadual,0,2022
0423,70020,NELSON MERRWELVELSON FERREIRA E SOUZA,AVANTE,Deputado Estadual,0,2022
0423,70021,GERALDO FERREIRA COSTA FILHO,AVANTE,Deputado Estadual,0,2022
0423,70022,ISRAEL BEZERRA DA SILVA,AVANTE,Deputado Estadual,0,2022
0423,70029,LOREDANA NOCITO SALAMONE,AVANTE,Deputado Estadual,0,2022
0423,70033,FRANCISCA ROSANA MONTANHER,AVANTE,Deputado Estadual,0,2022
0423,70040,PASCOAL DOS SANTOS LIMA,AVANTE,Deputado Estadual,0,2022
0423,70050,JURANDIR FERREIRA SILVA,AVANTE,Deputado Estadual,0,2022
0423,70070,WALDECK RODRIGUES DE MORAES,AVANTE,Deputado Estadual,0,2022
0423,70077,LUCIANO COSTA OLIVAN,AVANTE,Deputado Estadual,0,2022
0423,70088,KELLY VESCO MOZZONE,AVANTE,Deputado Estadual,0,2022
0423,70090,MARIA JULIANA PATRÍCIA DA COSTA,AVANTE,Deputado Estadual,0,2022
0423,70100,VALDENOR DE JESUS GONÇALVES FONSECA,AVANTE,Deputado Estadual,0,2022
0423,70110,NADIA AGUIAR SILVA LIMA,AVANTE,Deputado Estadual,0,2022
0423,70111,LUCIANO ZACCHIA DE ARAUJO,AVANTE,Deputado Estadual,0,2022
0423,70113,MARIA DAS MERCES CANDIDA DE ARAUJO,AVANTE,Deputado Estadual,0,2022
0423,70120,FABIO FEREZINI,AVANTE,Deputado Estadual,0,2022
0423,70123,MÁRCIO ROGÉRIO DIAS,AVANTE,Deputado Estadual,0,2022
0423,70127,MARCOS TIAGO DOS SANTOS NUNES,AVANTE,Deputado Estadual,0,2022
0423,70130,TANIA DAS NEVES BELO,AVANTE,Deputado Estadual,0,2022
0423,70140,ANTONIO CARLOS DE CAMPOS MACHADO,AVANTE,Deputado Estadual,0,2022
0423,70141,ZENIA PEREIRA DE ANDRADE SOUSA,AVANTE,Deputado Estadual,0,2022
0423,70142,TIRSO DOS SANTOS JUNIOR,AVANTE,Deputado Estadual,0,2022
0423,70145,PAULA CRISTINA LOURENÇO,AVANTE,Deputado Estadual,0,2022
0423,70150,MARCELO AUGUSTO MARTINS COUBASSIER,AVANTE,Deputado Estadual,0,2022
0423,70156,JOSANGELA SILVEIRA MELO,AVANTE,Deputado Estadual,0,2022
0423,70160,ROQUE BARBIERE,AVANTE,Deputado Estadual,0,2022
0423,70170,LUIZ DE SOUSA CHAGAS,AVANTE,Deputado Estadual,0,2022
0423,70177,RITA DE CASSIA RAMOS ORIGUELLA,AVANTE,Deputado Estadual,0,2022
0423,70180,SANDRA DAMASCENO NUNES DE MIRANDA,AVANTE,Deputado Estadual,0,2022
0423,70190,KARINA CARLA DA SILVA,AVANTE,Deputado Estadual,0,2022
0423,70192,WILSON DOS SANTOS JÚNIOR,AVANTE,Deputado Estadual,0,2022
0423,70200,FRANCISCO MARCOS IRAN AQUINO ROLIM,AVANTE,Deputado Estadual,0,2022
0423,70202,SERGIO RAMOS ROBERTO,AVANTE,Deputado Estadual,0,2022
0423,70222,SERGIO UZUM JUNIOR,AVANTE,Deputado Estadual,0,2022
0423,70233,BOAVENTURA PEREIRA SANTOS,AVANTE,Deputado Estadual,0,2022
0423,70234,JUSSIMARA NUNES DE JESUS,AVANTE,Deputado Estadual,0,2022
0423,70270,DAVID CRISTIAN DE OLIVEIRA,AVANTE,Deputado Estadual,0,2022
0423,70300,MATIAS GERALDO MUNIZ,AVANTE,Deputado Estadual,0,2022
0423,70313,GILMAR BORGES DE ALMEIDA,AVANTE,Deputado Estadual,0,2022
0423,70321,JOSÉ AMARO DA SILVA,AVANTE,Deputado Estadual,0,2022
0423,70333,MÁRIO COROCHEL NETO,AVANTE,Deputado Estadual,0,2022
0423,70345,ADRIANA SOUZA DOS SANTOS PEREIRA,AVANTE,Deputado Estadual,0,2022
0423,70369,PEDRO ADERSON FURTADO SOARES,AVANTE,Deputado Estadual,0,2022
0423,70400,JOÃO VANE CAVALCANTI REIS,AVANTE,Deputado Estadual,0,2022
0423,70440,JONEIDE GOMES LOPES,AVANTE,Deputado Estadual,0,2022
0423,70444,OZÉIAS BATISTA DOS SANTOS,AVANTE,Deputado Estadual,0,2022
0423,70456,LUZIA MARIA VIDICA CÂNDIDO,AVANTE,Deputado Estadual,0,2022
0423,70470,WALNEY ARAUJO DA SILVEIRA,AVANTE,Deputado Estadual,0,2022
0423,70555,RENATA APARECIDA MORAIS DE VASCONCELOS,AVANTE,Deputado Estadual,0,2022
0423,70567,ADONAI DOS SANTOS SOARES JÚNIOR,AVANTE,Deputado Estadual,0,2022
0423,70570,PAULO SÉRGIO SILVESTRE,AVANTE,Deputado Estadual,0,2022
0423,70600,ALEXANDRE CHICHURRA,AVANTE,Deputado Estadual,0,2022
0423,70677,ROGÉRIO MACIEL MONTEIRO JUNIOR,AVANTE,Deputado Estadual,0,2022
0423,70700,MORGANA SIQUEIRA,AVANTE,Deputado Estadual,0,2022
0423,70707,LUCINEIA DOS SANTOS,AVANTE,Deputado Estadual,0,2022
0423,70709,JORGE SAMPAIO DA SILVA,AVANTE,Deputado Estadual,0,2022
0423,70717,LUCIANA VEIGA DE PAULA,AVANTE,Deputado Estadual,0,2022
0423,70730,LAELSON DA PAZ DE OLIVEIRA,AVANTE,Deputado Estadual,0,2022
0423,70740,ALINE FELIPE SOARES CARVALHO,AVANTE,Deputado Estadual,0,2022
0423,70770,ANTONIO GILBERTO DA SILVA,AVANTE,Deputado Estadual,0,2022
0423,70775,ANTONIO CONSTANTINO OLIVEIRA,AVANTE,Deputado Estadual,0,2022
0423,70777,WALTER CAVEANHA,AVANTE,Deputado Estadual,0,2022
0423,70778,JOSENILDO JOSE DE OLIVEIRA,AVANTE,Deputado Estadual,0,2022
0423,70789,PAULO CALADO FARIAS,AVANTE,Deputado Estadual,0,2022
0423,70800,DONIZETE NATAL PONTES,AVANTE,Deputado Estadual,0,2022
0423,70840,LUIZ ANTONIO CIRINO,AVANTE,Deputado Estadual,0,2022
0423,70888,OSWALDO LUIZ RODRIGUES DE OLIVEIRA,AVANTE,Deputado Estadual,0,2022
0423,70900,JORGE DURAN GONÇALEZ,AVANTE,Deputado Estadual,0,2022
0423,70930,NILSON DE OLIVEIRA VALIM,AVANTE,Deputado Estadual,0,2022
0423,70940,RICARDO DIAS,AVANTE,Deputado Estadual,0,2022
0423,70950,SERGIO WAGNER LOCATELLI,AVANTE,Deputado Estadual,0,2022
0423,70960,SILVIA DOS REIS,AVANTE,Deputado Estadual,0,2022
0423,70970,KARINA CRISTINA DE OLIVEIRA SILVA SOARES,AVANTE,Deputado Estadual,0,2022
0423,70977,JOSÉ LUIZ DE LIMA,AVANTE,Deputado Estadual,0,2022
0423,70987,EDNEI APARECIDO VALENCIO,AVANTE,Deputado Estadual,0,2022
0423,70988,ROBSON CRISTIANO DE SOUZA,AVANTE,Deputado Estadual,0,2022
0423,70990,ELAINE CRISTINA RODRIGUES,AVANTE,Deputado Estadual,0,2022
0423,70999,HANGELBRT PIRES SOARES,AVANTE,Deputado Estadual,0,2022
0423,77000,ÁTILA CESAR MONTEIRO JACOMUSSI,SOLIDARIEDADE,Deputado Estadual,0,2022
0423,77001,DAVID DOS REIS RODRIGUES SABACIANSKIS,SOLIDARIEDADE,Deputado Estadual,1,2022
0423,77002,VALDINEIA MEIRA MOTA,SOLIDARIEDADE,Deputado Estadual,3,2022
0423,77003,CRISTIANO ALEXANDRE DA SILVA,SOLIDARIEDADE,Deputado Estadual,1,2022
0423,77007,RICARDO DE SOUZA GENOVEZ,SOLIDARIEDADE,Deputado Estadual,0,2022
0423,77008,PAULO MACHADO DA SILVA,SOLIDARIEDADE,Deputado Estadual,0,2022
0423,77010,JONES DONIZETTE SOBRINHO,SOLIDARIEDADE,Deputado Estadual,13,2022
0423,77040,ADILSON DE SOUZA ROCHA,SOLIDARIEDADE,Deputado Estadual,117,2022
0423,77048,ADENILDES ALVES ROCHA,SOLIDARIEDADE,Deputado Estadual,0,2022
0423,77055,FABIANO RUEDA AMORIM,SOLIDARIEDADE,Deputado Estadual,0,2022
0423,77059,ELLEN CRISTINA DE MORAES,SOLIDARIEDADE,Deputado Estadual,0,2022
0423,77073,ALEXANDRA DOS SANTOS MOTA,SOLIDARIEDADE,Deputado Estadual,0,2022
0423,77077,VALDOMIRO NUNES DE QUEIROZ,SOLIDARIEDADE,Deputado Estadual,1,2022
0423,77088,CAIO ALEXANDRE RAMOS FORCEL,SOLIDARIEDADE,Deputado Estadual,0,2022
0423,77111,ELI CORREIA DE MELO,SOLIDARIEDADE,Deputado Estadual,0,2022
0423,77123,VANDERLEY CAVALCANTE DA SILVA,SOLIDARIEDADE,Deputado Estadual,3,2022
0423,77126,ALAN EDUARDO DE PAULA,SOLIDARIEDADE,Deputado Estadual,0,2022
0423,77134,MARIA GORETE DA SILVA,SOLIDARIEDADE,Deputado Estadual,0,2022
0423,77147,GEORGES HABIB JARROUGE,SOLIDARIEDADE,Deputado Estadual,0,2022
0423,77154,FLORISA BATISTA DE ALMEIDA,SOLIDARIEDADE,Deputado Estadual,0,2022
0423,77156,GERALDO NUNES REIS,SOLIDARIEDADE,Deputado Estadual,0,2022
0423,77177,EDSON MUNIS,SOLIDARIEDADE,Deputado Estadual,3,2022
0423,77192,AGNALDO PISCOPO,SOLIDARIEDADE,Deputado Estadual,23,2022
0423,77200,MARISSOL APARECIDA DA SILVA BARROS,SOLIDARIEDADE,Deputado Estadual,0,2022
0423,77215,DEBORA MEIKO IKEJIRI,SOLIDARIEDADE,Deputado Estadual,0,2022
0423,77222,LUCIANO BATISTA,SOLIDARIEDADE,Deputado Estadual,0,2022
0423,77234,JOSE MARIA FELIX,SOLIDARIEDADE,Deputado Estadual,0,2022
0423,77241,MARIA DE LOURDES DO NASCIMENTO NUNES,SOLIDARIEDADE,Deputado Estadual,0,2022
0423,77250,BRIGIDA CAIRES DINARDI,SOLIDARIEDADE,Deputado Estadual,0,2022
0423,77300,GLACIMERE BRITTO DE OLIVEIRA PIMENTA,SOLIDARIEDADE,Deputado Estadual,2,2022
0423,77332,VALDIR SOARES DE ALBUQUERQUE,SOLIDARIEDADE,Deputado Estadual,0,2022
0423,77345,WILLIAM CLEMENTE CORREA,SOLIDARIEDADE,Deputado Estadual,0,2022
0423,77400,LUIZ CARLOS DE MORAES,SOLIDARIEDADE,Deputado Estadual,0,2022
0423,77444,EDSON NASCIMENTO DE OLIVEIRA,SOLIDARIEDADE,Deputado Estadual,0,2022
0423,77458,ANDERSON MARTINS SALGADO,SOLIDARIEDADE,Deputado Estadual,0,2022
0423,77510,ANTONIO ALBERTO DOS REIS,SOLIDARIEDADE,Deputado Estadual,0,2022
0423,77513,JOSÉ ALVIM FILHO,SOLIDARIEDADE,Deputado Estadual,0,2022
0423,77550,BRUNO LUCIANO MEIRA MARTINS,SOLIDARIEDADE,Deputado Estadual,0,2022
0423,77555,MARCELO GOUVEIA NASCIMENTO,SOLIDARIEDADE,Deputado Estadual,1,2022
0423,77566,JAMIL AKIO ONO,SOLIDARIEDADE,Deputado Estadual,5,2022
0423,77567,LAERTE VANDERLEY CORNELIO,SOLIDARIEDADE,Deputado Estadual,0,2022
0423,77577,LUCIMARA SILVEIRA MANHA,SOLIDARIEDADE,Deputado Estadual,1,2022
0423,77600,VALDIR DE ALVARENGA,SOLIDARIEDADE,Deputado Estadual,1,2022
0423,77654,ROBSON ALEXANDRE DE OLIVEIRA,SOLIDARIEDADE,Deputado Estadual,0,2022
0423,77677,VALQUIRO MARTINS BOMFIM,SOLIDARIEDADE,Deputado Estadual,0,2022
0423,77678,ISRAEL SAMPAIO DE LACERDA FILHO,SOLIDARIEDADE,Deputado Estadual,0,2022
0423,77700,LUCAS DE OLIVEIRA,SOLIDARIEDADE,Deputado Estadual,0,2022
0423,77707,ALESSANDRA JULIO PAES,SOLIDARIEDADE,Deputado Estadual,3,2022
0423,77710,RENATA TEODORO DA FONSECA,SOLIDARIEDADE,Deputado Estadual,0,2022
0423,77715,LUIZ CARLOS MAGESTO,SOLIDARIEDADE,Deputado Estadual,0,2022
0423,77724,ANDREIA MARQUETE PASSOS,SOLIDARIEDADE,Deputado Estadual,0,2022
0423,77737,NEZINHO GONÇALVES NUNES,SOLIDARIEDADE,Deputado Estadual,0,2022
0423,77744,EDUARDO SILVA NICOLAU DE SOUZA,SOLIDARIEDADE,Deputado Estadual,0,2022
0423,77747,MAURA DA SILVA BUENO SANTOS,SOLIDARIEDADE,Deputado Estadual,2,2022
0423,77757,JORGE JERONIMO TEIXEIRA DOS SANTOS,SOLIDARIEDADE,Deputado Estadual,0,2022
0423,77770,REGINA DE MATOS COELHO NOGUEIRA,SOLIDARIEDADE,Deputado Estadual,0,2022
0423,77771,TELMA MARIA CARDIA,SOLIDARIEDADE,Deputado Estadual,17,2022
0423,77772,ANA IMACULADA VALERIO,SOLIDARIEDADE,Deputado Estadual,0,2022
0423,77777,ALEXANDRE PEREIRA DA SILVA,SOLIDARIEDADE,Deputado Estadual,20,2022
0423,77787,SÉTIMA MARIA VIEIRA DE ARAUJO,SOLIDARIEDADE,Deputado Estadual,0,2022
0423,77788,HERY WALDIR KATTWINKEL JUNIOR,SOLIDARIEDADE,Deputado Estadual,3,2022
0423,77789,RUBENS DE SOUZA,SOLIDARIEDADE,Deputado Estadual,2,2022
0423,77800,ADENILTON FERREIRA DA SILVA,SOLIDARIEDADE,Deputado Estadual,0,2022
0423,77808,MICHELLE SCOASSADO,SOLIDARIEDADE,Deputado Estadual,0,2022
0423,77880,MARIA NILVA SEVERINO GONÇALVES,SOLIDARIEDADE,Deputado Estadual,0,2022
0423,77888,CARLOS AUGUSTO DOS SANTOS,SOLIDARIEDADE,Deputado Estadual,21,2022
0423,77890,THIAGO FERREIRA ZANI,SOLIDARIEDADE,Deputado Estadual,0,2022
0423,77970,RAIMUNDO LUSTOZA LUCAS,SOLIDARIEDADE,Deputado Estadual,0,2022
0423,77997,MOISES JULIANO MONTIEL,SOLIDARIEDADE,Deputado Estadual,0,2022
0423,77999,LUCIANO APARECIDO MORENO,SOLIDARIEDADE,Deputado Estadual,0,2022
0423,80000,LIGIA MENDES DA SILVA,UP,Deputado Estadual,44,2022
0423,80080,JOÃO GABRIEL COELHO,UP,Deputado Estadual,1,2022
0423,80123,AMANDA OLIVEIRA BISPO,UP,Deputado Estadual,50,2022
0423,90000,NEZIO ANTONIO MONTEIRO FILHO,PROS,Deputado Estadual,0,2022
0423,90005,WELLISSON WESLEY CANDIDO PEIXOTO,PROS,Deputado Estadual,0,2022
0423,90007,ARJUNA DE HUR FRAGA DE ASSUNÇÃO,PROS,Deputado Estadual,0,2022
0423,90009,JOSE CARLOS RICARDO,PROS,Deputado Estadual,0,2022
0423,90011,LUIZ AUGUSTO ROMANI DE OLIVEIRA,PROS,Deputado Estadual,0,2022
0423,90013,ERISVALDO DE SOUSA AGUIAR,PROS,Deputado Estadual,0,2022
0423,90014,ÁKILA SEVERO DE AZEVEDO,PROS,Deputado Estadual,0,2022
0423,90020,EDUARDO JOAQUIM DE OLIVEIRA,PROS,Deputado Estadual,0,2022
0423,90022,CHRISTINA MASSIS DELLA TORRE LEMES,PROS,Deputado Estadual,0,2022
0423,90025,MICHEL CAETANO DE ALBUQUERQUE,PROS,Deputado Estadual,0,2022
0423,90033,MARIA DA GLORIA IBARRA DOS REIS,PROS,Deputado Estadual,0,2022
0423,90050,EDSON MORO JUNIOR,PROS,Deputado Estadual,0,2022
0423,90090,NESTOR FERREIRA DOS SANTOS,PROS,Deputado Estadual,0,2022
0423,90100,CARLOS ALBERTO DE ZAGOTTIS SAAD,PROS,Deputado Estadual,0,2022
0423,90111,ANILTON HERCULINO DOS SANTOS,PROS,Deputado Estadual,0,2022
0423,90123,ALEXANDRE EUGENIO BATISTA,PROS,Deputado Estadual,0,2022
0423,90160,MARJORIE HOSANA CAMARGO MONTEIRO,PROS,Deputado Estadual,0,2022
0423,90192,MARILUCI FELICIANO DE OLIVEIRA GUEDES,PROS,Deputado Estadual,0,2022
0423,90193,IVANISE MARIA DE SOUSA GIAMPAGLIA,PROS,Deputado Estadual,0,2022
0423,90198,LEANDRO CALDAS DE CASTRO,PROS,Deputado Estadual,0,2022
0423,90199,CARLOS AUGUSTO PEREIRA COSTA,PROS,Deputado Estadual,0,2022
0423,90200,OSVALDY MARTINS,PROS,Deputado Estadual,0,2022
0423,90202,ENZO LEONARDO SUZIN MOMENTI,PROS,Deputado Estadual,0,2022
0423,90222,IRANILDO DANTAS,PROS,Deputado Estadual,0,2022
0423,90258,CELSO RICARDO DE MOURA,PROS,Deputado Estadual,0,2022
0423,90300,ARLINDO DE OLIVEIRA CAMARGO,PROS,Deputado Estadual,0,2022
0423,90318,WAGNER IRINEU DA SILVA,PROS,Deputado Estadual,0,2022
0423,90321,JOSÉ IVANILDO MARINHO PINHEIRO,PROS,Deputado Estadual,0,2022
0423,90334,NEILTON LISBOA DOS SANTOS,PROS,Deputado Estadual,0,2022
0423,90354,LUCAS MARCOLINO CORTEZ DOS SANTOS,PROS,Deputado Estadual,0,2022
0423,90454,GERALDO CARDOSO DE JESUS,PROS,Deputado Estadual,0,2022
0423,90478,AMARINILDA JOSÉ CUSTÓDIO,PROS,Deputado Estadual,0,2022
0423,90480,NEIVA ANTONIA MARTINS MARQUES,PROS,Deputado Estadual,0,2022
0423,90500,JOÃO BOSCO LOURENÇO,PROS,Deputado Estadual,0,2022
0423,90533,LUIS CARLOS MESSIAS,PROS,Deputado Estadual,0,2022
0423,90555,JEFFERSON DE JESUS NOGUEIRA,PROS,Deputado Estadual,0,2022
0423,90557,ANTONIO AGNALDO DOS SANTOS,PROS,Deputado Estadual,0,2022
0423,90567,PÂMELA ZÉLIA PAN TONIOLO,PROS,Deputado Estadual,0,2022
0423,90590,DEBORA CRISTINA DA MOTA,PROS,Deputado Estadual,0,2022
0423,90600,VICTOR GUATELLI CAVALCANTE,PROS,Deputado Estadual,0,2022
0423,90666,EBION PEREIRA DA COSTA,PROS,Deputado Estadual,0,2022
0423,90675,ANTONIO LUCIANO DO ROSARIO BARBOSA,PROS,Deputado Estadual,0,2022
0423,90700,MARCIA CRISTINA DOS SANTOS VENTURINI,PROS,Deputado Estadual,0,2022
0423,90707,RAPHAEL DIAS FERNANDES NETO,PROS,Deputado Estadual,0,2022
0423,90722,PAULO JOSE GONÇALVES,PROS,Deputado Estadual,0,2022
0423,90789,ADÃO DA SILVA,PROS,Deputado Estadual,0,2022
0423,90800,GLORIAMAR JACINTHO,PROS,Deputado Estadual,0,2022
0423,90828,ANNE VITORIA DIAS MOTA,PROS,Deputado Estadual,0,2022
0423,90888,HAMILTON ALVES FERNANDES,PROS,Deputado Estadual,0,2022
0423,90889,WALMIR CHARLEAUX BLANCO ESTEVES,PROS,Deputado Estadual,0,2022
0423,90900,AMANDA LIMA DIAS,PROS,Deputado Estadual,0,2022
0423,90901,VIVIANE DA SILVA FERNANDES DE LIMA,PROS,Deputado Estadual,0,2022
0423,90905,CAROLINA CASSACA NOEL,PROS,Deputado Estadual,0,2022
0423,90912,ELENICE MARIA DE OLIVEIRA,PROS,Deputado Estadual,0,2022
0423,90913,ANETE DÁLIA SEABRA SAMPAIO DE SOUZA,PROS,Deputado Estadual,0,2022
0423,90919,BENJAMIN NOEL,PROS,Deputado Estadual,0,2022
0423,90922,ALEX CANUTO DE SÁ CUNHA,PROS,Deputado Estadual,0,2022
0423,90988,PAULO CAINE DOS SANTOS SILVA,PROS,Deputado Estadual,0,2022
0423,90999,RICARDO PELISSARO LOQUETE,PROS,Deputado Estadual,0,2022
